wall_time_unix,elapsed_s,launcher_pid,ov2slam_pid,last_cpu,process_cpu_percent
1781045445.557,0.051,122714,122786,1,0.000
1781045445.609,0.103,122714,122786,1,0.000
1781045445.661,0.155,122714,122786,1,0.000
1781045445.713,0.207,122714,122786,1,0.000
1781045445.766,0.260,122714,122786,1,18.917
1781045445.822,0.315,122714,122786,1,0.000
1781045445.873,0.367,122714,122786,1,0.000
1781045445.925,0.419,122714,122786,1,0.000
1781045445.977,0.471,122714,122786,1,19.367
1781045446.028,0.522,122714,122786,1,0.000
1781045446.080,0.574,122714,122786,1,0.000
1781045446.132,0.625,122714,122786,1,0.000
1781045446.183,0.677,122714,122786,1,0.000
1781045446.235,0.729,122714,122786,1,19.361
1781045446.286,0.780,122714,122786,1,0.000
1781045446.338,0.832,122714,122786,1,0.000
1781045446.389,0.883,122714,122786,1,0.000
1781045446.441,0.935,122714,122786,1,0.000
1781045446.493,0.986,122714,122786,1,0.000
1781045446.544,1.038,122714,122786,1,0.000
1781045446.596,1.090,122714,122786,1,38.705
1781045446.648,1.141,122714,122786,1,0.000
1781045446.700,1.194,122714,122786,1,0.000
1781045446.752,1.246,122714,122786,1,0.000
1781045446.804,1.298,122714,122786,1,0.000
1781045446.857,1.350,122714,122786,1,19.113
1781045446.908,1.402,122714,122786,1,0.000
1781045446.960,1.454,122714,122786,1,19.312
1781045447.014,1.508,122714,122786,1,0.000
1781045447.066,1.560,122714,122786,1,0.000
1781045447.118,1.612,122714,122786,1,0.000
1781045447.170,1.664,122714,122786,1,0.000
1781045447.222,1.716,122714,122786,1,19.090
1781045447.274,1.768,122714,122786,1,0.000
1781045447.326,1.820,122714,122786,1,0.000
1781045447.378,1.872,122714,122786,1,0.000
1781045447.431,1.924,122714,122786,1,19.078
1781045447.482,1.976,122714,122786,1,0.000
1781045447.535,2.029,122714,122786,1,0.000
1781045447.587,2.081,122714,122786,1,0.000
1781045447.643,2.137,122714,122786,1,17.834
1781045447.699,2.193,122714,122786,1,0.000
1781045447.752,2.245,122714,122786,1,0.000
1781045447.804,2.297,122714,122786,1,19.209
1781045447.859,2.353,122714,122786,1,0.000
1781045447.911,2.405,122714,122786,1,0.000
1781045447.963,2.457,122714,122786,1,19.259
1781045448.030,2.524,122714,122786,1,0.000
1781045448.082,2.576,122714,122786,1,0.000
1781045448.135,2.629,122714,122786,1,0.000
1781045448.188,2.682,122714,122786,1,0.000
1781045448.242,2.736,122714,122786,1,0.000
1781045448.294,2.787,122714,122786,1,0.000
1781045448.345,2.839,122714,122786,1,38.701
1781045448.397,2.891,122714,122786,1,0.000
1781045448.449,2.943,122714,122786,1,0.000
1781045448.500,2.994,122714,122786,1,0.000
1781045448.552,3.046,122714,122786,1,0.000
1781045448.604,3.098,122714,122786,1,0.000
1781045448.655,3.149,122714,122786,1,0.000
1781045448.707,3.201,122714,122786,1,19.411
1781045448.759,3.252,122714,122786,1,0.000
1781045448.810,3.304,122714,122786,1,0.000
1781045448.862,3.356,122714,122786,1,0.000
1781045448.914,3.407,122714,122786,1,0.000
1781045448.965,3.459,122714,122786,1,0.000
1781045449.017,3.511,122714,122786,1,19.416
1781045449.069,3.563,122714,122786,1,0.000
1781045449.120,3.614,122714,122786,1,0.000
1781045449.172,3.666,122714,122786,1,0.000
1781045449.224,3.718,122714,122786,1,0.000
1781045449.275,3.769,122714,122786,1,19.353
1781045449.327,3.821,122714,122786,1,0.000
1781045449.381,3.875,122714,122786,1,18.354
1781045449.433,3.927,122714,122786,1,0.000
1781045449.485,3.979,122714,122786,1,0.000
1781045449.537,4.031,122714,122786,1,0.000
1781045449.589,4.083,122714,122786,1,0.000
1781045449.641,4.134,122714,122786,1,19.337
1781045449.693,4.187,122714,122786,1,0.000
1781045449.744,4.238,122714,122786,1,0.000
1781045449.796,4.290,122714,122786,1,0.000
1781045449.848,4.342,122714,122786,1,0.000
1781045449.899,4.393,122714,122786,1,0.000
1781045449.951,4.445,122714,122786,1,19.341
1781045450.007,4.501,122714,122786,1,0.000
1781045450.059,4.553,122714,122786,1,0.000
1781045450.111,4.605,122714,122786,1,19.172
1781045450.163,4.657,122714,122786,1,0.000
1781045450.215,4.709,122714,122786,1,0.000
1781045450.266,4.760,122714,122786,1,38.758
1781045450.318,4.812,122714,122786,1,0.000
1781045450.370,4.863,122714,122786,1,0.000
1781045450.421,4.915,122714,122786,1,0.000
1781045450.473,4.967,122714,122786,1,0.000
1781045450.525,5.018,122714,122786,1,0.000
1781045450.576,5.070,122714,122786,1,19.296
1781045450.628,5.122,122714,122786,1,0.000
1781045450.680,5.174,122714,122786,1,0.000
1781045450.732,5.226,122714,122786,1,0.000
1781045450.785,5.278,122714,122786,1,0.000
1781045450.836,5.330,122714,122786,1,19.371
1781045450.888,5.382,122714,122786,1,0.000
1781045450.939,5.433,122714,122786,1,0.000
1781045450.991,5.485,122714,122786,1,19.350
1781045451.043,5.537,122714,122786,1,0.000
1781045451.094,5.588,122714,122786,1,0.000
1781045451.146,5.640,122714,122786,1,0.000
1781045451.198,5.692,122714,122786,1,19.241
1781045451.250,5.744,122714,122786,1,0.000
1781045451.301,5.795,122714,122786,1,0.000
1781045451.353,5.847,122714,122786,1,0.000
1781045451.405,5.899,122714,122786,1,19.336
1781045451.456,5.950,122714,122786,1,0.000
1781045451.508,6.002,122714,122786,1,0.000
1781045451.560,6.054,122714,122786,1,0.000
1781045451.611,6.105,122714,122786,1,0.000
1781045451.663,6.157,122714,122786,1,0.000
1781045451.715,6.208,122714,122786,1,19.359
1781045451.767,6.261,122714,122786,1,0.000
1781045451.819,6.313,122714,122786,1,0.000
1781045451.871,6.365,122714,122786,1,0.000
1781045451.923,6.417,122714,122786,1,19.118
1781045451.976,6.469,122714,122786,1,19.165
1781045452.028,6.522,122714,122786,1,0.000
1781045452.080,6.574,122714,122786,1,0.000
1781045452.133,6.627,122714,122786,1,0.000
1781045452.185,6.679,122714,122786,1,19.174
1781045452.237,6.731,122714,122786,1,0.000
1781045452.289,6.783,122714,122786,1,0.000
1781045452.341,6.835,122714,122786,1,19.150
1781045452.394,6.887,122714,122786,1,0.000
1781045452.446,6.940,122714,122786,1,0.000
1781045452.498,6.992,122714,122786,1,19.146
1781045452.550,7.044,122714,122786,1,0.000
1781045452.603,7.097,122714,122786,1,0.000
1781045452.656,7.150,122714,122786,1,0.000
1781045452.708,7.202,122714,122786,1,19.161
1781045452.760,7.254,122714,122786,1,0.000
1781045452.813,7.307,122714,122786,1,19.119
1781045452.865,7.359,122714,122786,1,19.099
1781045452.917,7.411,122714,122786,1,0.000
1781045452.970,7.463,122714,122786,1,0.000
1781045453.022,7.516,122714,122786,1,0.000
1781045453.074,7.568,122714,122786,1,19.145
1781045453.126,7.620,122714,122786,1,0.000
1781045453.179,7.672,122714,122786,1,0.000
1781045453.231,7.725,122714,122786,1,19.164
1781045453.283,7.777,122714,122786,1,0.000
1781045453.335,7.829,122714,122786,1,19.152
1781045453.388,7.882,122714,122786,1,0.000
1781045453.441,7.934,122714,122786,1,19.139
1781045453.493,7.987,122714,122786,1,0.000
1781045453.545,8.039,122714,122786,1,0.000
1781045453.598,8.091,122714,122786,1,0.000
1781045453.650,8.144,122714,122786,1,19.121
1781045453.702,8.196,122714,122786,1,0.000
1781045453.755,8.248,122714,122786,1,19.044
1781045453.807,8.301,122714,122786,1,0.000
1781045453.859,8.353,122714,122786,1,0.000
1781045453.911,8.405,122714,122786,1,0.000
1781045453.964,8.458,122714,122786,1,38.311
1781045454.016,8.510,122714,122786,1,0.000
1781045454.068,8.562,122714,122786,1,0.000
1781045454.121,8.614,122714,122786,1,0.000
1781045454.173,8.667,122714,122786,1,0.000
1781045454.227,8.721,122714,122786,1,18.475
1781045454.279,8.773,122714,122786,1,19.052
1781045454.332,8.825,122714,122786,1,0.000
1781045454.384,8.878,122714,122786,1,0.000
1781045454.436,8.930,122714,122786,1,0.000
1781045454.488,8.982,122714,122786,1,19.150
1781045454.540,9.034,122714,122786,1,0.000
1781045454.593,9.087,122714,122786,1,0.000
1781045454.645,9.139,122714,122786,1,0.000
1781045454.698,9.191,122714,122786,1,19.145
1781045454.750,9.244,122714,122786,1,0.000
1781045454.802,9.296,122714,122786,1,0.000
1781045454.855,9.348,122714,122786,1,0.000
1781045454.907,9.401,122714,122786,1,19.139
1781045454.959,9.453,122714,122786,1,0.000
1781045455.011,9.505,122714,122786,1,0.000
1781045455.064,9.558,122714,122786,1,0.000
1781045455.116,9.610,122714,122786,1,19.114
1781045455.169,9.663,122714,122786,1,0.000
1781045455.221,9.715,122714,122786,1,0.000
1781045455.273,9.767,122714,122786,1,19.096
1781045455.326,9.819,122714,122786,1,0.000
1781045455.378,9.872,122714,122786,1,19.093
1781045455.430,9.924,122714,122786,1,0.000
1781045455.483,9.977,122714,122786,1,0.000
1781045455.535,10.029,122714,122786,1,0.000
1781045455.587,10.081,122714,122786,1,19.088
1781045455.640,10.133,122714,122786,1,0.000
1781045455.693,10.187,122714,122786,1,0.000
1781045455.745,10.239,122714,122786,1,0.000
1781045455.797,10.291,122714,122786,1,19.098
1781045455.850,10.344,122714,122786,1,0.000
1781045455.902,10.396,122714,122786,1,0.000
1781045455.954,10.448,122714,122786,1,19.147
1781045456.007,10.500,122714,122786,1,0.000
1781045456.059,10.553,122714,122786,1,0.000
1781045456.111,10.605,122714,122786,1,0.000
1781045456.163,10.657,122714,122786,1,19.167
1781045456.216,10.709,122714,122786,1,19.122
1781045456.268,10.762,122714,122786,1,0.000
1781045456.327,10.821,122714,122786,1,0.000
1781045456.379,10.873,122714,122786,1,19.115
1781045456.432,10.926,122714,122786,1,0.000
1781045456.484,10.978,122714,122786,1,0.000
1781045456.536,11.030,122714,122786,1,0.000
1781045456.589,11.083,122714,122786,1,18.821
1781045456.642,11.136,122714,122786,1,0.000
1781045456.695,11.188,122714,122786,1,19.146
1781045456.747,11.241,122714,122786,1,0.000
1781045456.799,11.293,122714,122786,1,19.152
1781045456.852,11.345,122714,122786,1,0.000
1781045456.904,11.398,122714,122786,1,19.113
1781045456.956,11.450,122714,122786,1,0.000
1781045457.014,11.508,122714,122786,1,17.295
1781045457.068,11.562,122714,122786,1,0.000
1781045457.120,11.614,122714,122786,1,0.000
1781045457.171,11.665,122714,122786,1,0.000
1781045457.223,11.717,122714,122786,1,19.400
1781045457.275,11.769,122714,122786,1,0.000
1781045457.327,11.821,122714,122786,1,0.000
1781045457.379,11.873,122714,122786,1,0.000
1781045457.431,11.925,122714,122786,1,0.000
1781045457.483,11.976,122714,122786,1,19.350
1781045457.534,12.028,122714,122786,1,0.000
1781045457.586,12.080,122714,122786,1,0.000
1781045457.638,12.131,122714,122786,1,0.000
1781045457.689,12.183,122714,122786,1,19.335
1781045457.741,12.235,122714,122786,1,0.000
1781045457.793,12.286,122714,122786,1,0.000
1781045457.844,12.338,122714,122786,1,0.000
1781045457.896,12.390,122714,122786,1,0.000
1781045457.947,12.441,122714,122786,1,19.397
1781045457.999,12.493,122714,122786,1,0.000
1781045458.051,12.545,122714,122786,1,0.000
1781045458.104,12.598,122714,122786,1,0.000
1781045458.155,12.649,122714,122786,1,0.000
1781045458.207,12.701,122714,122786,1,19.388
1781045458.259,12.752,122714,122786,1,0.000
1781045458.310,12.804,122714,122786,1,0.000
1781045458.362,12.856,122714,122786,1,0.000
1781045458.413,12.907,122714,122786,1,19.331
1781045458.466,12.960,122714,122786,1,0.000
1781045458.518,13.011,122714,122786,1,0.000
1781045458.569,13.063,122714,122786,1,0.000
1781045458.621,13.115,122714,122786,1,19.307
1781045458.673,13.166,122714,122786,1,0.000
1781045458.724,13.218,122714,122786,1,0.000
1781045458.776,13.270,122714,122786,1,0.000
1781045458.828,13.322,122714,122786,1,0.000
1781045458.879,13.373,122714,122786,1,19.364
1781045458.931,13.425,122714,122786,1,0.000
1781045458.983,13.476,122714,122786,1,0.000
1781045459.034,13.528,122714,122786,1,0.000
1781045459.086,13.580,122714,122786,1,0.000
1781045459.138,13.632,122714,122786,1,0.000
1781045459.190,13.684,122714,122786,1,19.205
1781045459.242,13.736,122714,122786,1,0.000
1781045459.294,13.788,122714,122786,1,19.229
1781045459.346,13.840,122714,122786,1,0.000
1781045459.398,13.892,122714,122786,1,0.000
1781045459.450,13.944,122714,122786,1,19.086
1781045459.502,13.996,122714,122786,1,0.000
1781045459.554,14.048,122714,122786,1,0.000
1781045459.607,14.100,122714,122786,1,0.000
1781045459.659,14.153,122714,122786,1,0.000
1781045459.711,14.205,122714,122786,1,19.196
1781045459.763,14.257,122714,122786,1,0.000
1781045459.815,14.309,122714,122786,1,0.000
1781045459.867,14.361,122714,122786,1,0.000
1781045459.919,14.412,122714,122786,1,19.381
1781045459.970,14.464,122714,122786,1,0.000
1781045460.022,14.516,122714,122786,1,0.000
1781045460.074,14.568,122714,122786,1,0.000
1781045460.126,14.620,122714,122786,1,19.196
1781045460.178,14.672,122714,122786,1,0.000
1781045460.230,14.724,122714,122786,1,0.000
1781045460.282,14.776,122714,122786,1,0.000
1781045460.334,14.828,122714,122786,1,19.279
1781045460.386,14.880,122714,122786,1,0.000
1781045460.438,14.932,122714,122786,1,0.000
1781045460.490,14.984,122714,122786,1,19.171
1781045460.542,15.036,122714,122786,1,19.323
1781045460.599,15.093,122714,122786,1,0.000
1781045460.651,15.145,122714,122786,1,0.000
1781045460.703,15.197,122714,122786,1,0.000
1781045460.755,15.249,122714,122786,1,0.000
1781045460.807,15.301,122714,122786,1,19.161
1781045460.859,15.353,122714,122786,1,0.000
1781045460.911,15.405,122714,122786,1,0.000
1781045460.963,15.457,122714,122786,1,0.000
1781045461.015,15.509,122714,122786,1,0.000
1781045461.067,15.561,122714,122786,1,19.184
1781045461.119,15.613,122714,122786,1,0.000
1781045461.171,15.665,122714,122786,1,0.000
1781045461.223,15.717,122714,122786,1,0.000
1781045461.275,15.769,122714,122786,1,0.000
1781045461.327,15.820,122714,122786,1,0.000
1781045461.379,15.872,122714,122786,1,19.221
1781045461.431,15.925,122714,122786,1,19.143
1781045461.482,15.976,122714,122786,1,0.000
1781045461.534,16.028,122714,122786,1,0.000
1781045461.586,16.080,122714,122786,1,0.000
1781045461.639,16.133,122714,122786,1,0.000
1781045461.691,16.185,122714,122786,1,19.219
1781045461.742,16.236,122714,122786,1,0.000
1781045461.794,16.288,122714,122786,1,0.000
1781045461.846,16.340,122714,122786,1,0.000
1781045461.898,16.392,122714,122786,1,0.000
1781045461.950,16.444,122714,122786,1,19.315
1781045462.002,16.496,122714,122786,1,19.214
1781045462.054,16.548,122714,122786,1,0.000
1781045462.106,16.600,122714,122786,1,0.000
1781045462.159,16.653,122714,122786,1,19.044
1781045462.211,16.705,122714,122786,1,0.000
1781045462.264,16.758,122714,122786,1,19.027
1781045462.316,16.810,122714,122786,1,0.000
1781045462.372,16.866,122714,122786,1,0.000
1781045462.425,16.919,122714,122786,1,18.876
1781045462.478,16.972,122714,122786,1,0.000
1781045462.531,17.025,122714,122786,1,18.827
1781045462.587,17.081,122714,122786,1,0.000
1781045462.640,17.133,122714,122786,1,0.000
1781045462.691,17.185,122714,122786,1,0.000
1781045462.743,17.237,122714,122786,1,19.380
1781045462.795,17.289,122714,122786,1,0.000
1781045462.846,17.340,122714,122786,1,0.000
1781045462.898,17.392,122714,122786,1,0.000
1781045462.950,17.443,122714,122786,1,0.000
1781045463.001,17.495,122714,122786,1,19.335
1781045463.053,17.547,122714,122786,1,0.000
1781045463.105,17.599,122714,122786,1,0.000
1781045463.157,17.651,122714,122786,1,0.000
1781045463.209,17.703,122714,122786,1,0.000
1781045463.261,17.755,122714,122786,1,19.327
1781045463.313,17.807,122714,122786,1,0.000
1781045463.365,17.859,122714,122786,1,0.000
1781045463.417,17.911,122714,122786,1,0.000
1781045463.469,17.963,122714,122786,1,0.000
1781045463.521,18.015,122714,122786,1,19.262
1781045463.574,18.068,122714,122786,1,18.802
1781045463.627,18.121,122714,122786,1,19.011
1781045463.678,18.172,122714,122786,1,0.000
1781045463.730,18.224,122714,122786,1,0.000
1781045463.782,18.276,122714,122786,1,0.000
1781045463.834,18.328,122714,122786,1,0.000
1781045463.887,18.380,122714,122786,1,18.900
1781045463.938,18.432,122714,122786,1,0.000
1781045463.990,18.484,122714,122786,1,0.000
1781045464.042,18.536,122714,122786,1,0.000
1781045464.095,18.589,122714,122786,1,0.000
1781045464.146,18.640,122714,122786,1,19.355
1781045464.199,18.693,122714,122786,1,0.000
1781045464.251,18.745,122714,122786,1,0.000
1781045464.304,18.798,122714,122786,1,0.000
1781045464.358,18.851,122714,122786,1,18.803
1781045464.412,18.906,122714,122786,1,0.000
1781045464.465,18.958,122714,122786,1,0.000
1781045464.520,19.014,122714,122786,1,17.985
1781045464.574,19.068,122714,122786,1,0.000
1781045464.628,19.122,122714,122786,1,0.000
1781045464.681,19.175,122714,122786,1,18.859
1781045464.735,19.229,122714,122786,1,0.000
1781045464.789,19.283,122714,122786,1,18.702
1781045464.842,19.335,122714,122786,1,0.000
1781045464.894,19.388,122714,122786,1,0.000
1781045464.950,19.444,122714,122786,1,0.000
1781045465.002,19.496,122714,122786,1,19.233
1781045465.054,19.548,122714,122786,1,0.000
1781045465.107,19.601,122714,122786,1,0.000
1781045465.159,19.653,122714,122786,1,19.205
1781045465.211,19.705,122714,122786,1,0.000
1781045465.263,19.756,122714,122786,1,0.000
1781045465.315,19.809,122714,122786,1,0.000
1781045465.367,19.860,122714,122786,1,19.296
1781045465.419,19.913,122714,122786,1,0.000
1781045465.471,19.964,122714,122786,1,0.000
1781045465.523,20.016,122714,122786,1,0.000
1781045465.574,20.068,122714,122786,1,19.283
1781045465.626,20.120,122714,122786,1,0.000
1781045465.678,20.172,122714,122786,1,0.000
1781045465.730,20.224,122714,122786,1,0.000
1781045465.782,20.276,122714,122786,1,0.000
1781045465.834,20.328,122714,122786,1,19.084
1781045465.886,20.380,122714,122786,1,0.000
1781045465.938,20.432,122714,122786,1,0.000
1781045465.990,20.483,122714,122786,1,0.000
1781045466.042,20.536,122714,122786,1,0.000
1781045466.094,20.588,122714,122786,1,19.326
1781045466.146,20.640,122714,122786,1,0.000
1781045466.197,20.691,122714,122786,1,0.000
1781045466.249,20.743,122714,122786,1,0.000
1781045466.301,20.795,122714,122786,1,19.331
1781045466.353,20.847,122714,122786,1,0.000
1781045466.405,20.899,122714,122786,1,0.000
1781045466.457,20.951,122714,122786,1,0.000
1781045466.509,21.003,122714,122786,1,38.650
1781045466.566,21.060,122714,122786,1,17.682
1781045466.618,21.112,122714,122786,1,19.011
1781045466.674,21.168,122714,122786,1,53.774
1781045466.727,21.221,122714,122786,1,18.958
1781045466.780,21.274,122714,122786,1,56.546
1781045466.837,21.331,122714,122786,1,34.952
1781045466.889,21.383,122714,122786,1,38.438
1781045466.941,21.435,122714,122786,1,38.421
1781045466.993,21.487,122714,122786,1,19.277
1781045467.045,21.539,122714,122786,1,77.061
1781045467.097,21.591,122714,122786,1,19.231
1781045467.149,21.643,122714,122786,1,19.262
1781045467.201,21.695,122714,122786,1,76.990
1781045467.253,21.747,122714,122786,1,19.229
1781045467.305,21.799,122714,122786,1,76.941
1781045467.357,21.851,122714,122786,1,19.219
1781045467.409,21.903,122714,122786,1,96.204
1781045467.461,21.955,122714,122786,1,19.218
1781045467.513,22.007,122714,122786,3,19.251
1781045467.565,22.059,122714,122786,3,94.908
1781045467.618,22.111,122714,122786,3,19.206
1781045467.670,22.163,122714,122786,3,19.235
1781045467.722,22.216,122714,122786,3,114.213
1781045467.776,22.269,122714,122786,3,37.393
1781045467.828,22.322,122714,122786,3,0.000
1781045467.882,22.375,122714,122786,3,0.000
1781045467.935,22.429,122714,122786,3,18.610
1781045467.989,22.483,122714,122786,3,111.868
1781045468.048,22.542,122714,122786,3,67.370
1781045468.100,22.594,122714,122786,3,38.430
1781045468.152,22.646,122714,122786,3,77.027
1781045468.204,22.698,122714,122786,3,38.363
1781045468.256,22.750,122714,122786,3,19.255
1781045468.308,22.802,122714,122786,3,96.271
1781045468.360,22.854,122714,122786,3,0.000
1781045468.413,22.907,122714,122786,3,19.074
1781045468.465,22.959,122714,122786,3,38.458
1781045468.517,23.011,122714,122786,3,76.599
1781045468.569,23.063,122714,122786,3,38.411
1781045468.621,23.115,122714,122786,3,19.195
1781045468.673,23.167,122714,122786,3,19.210
1781045468.726,23.220,122714,122786,3,18.889
1781045468.781,23.275,122714,122786,3,18.349
1781045468.833,23.327,122714,122786,3,0.000
1781045468.886,23.379,122714,122786,3,75.670
1781045468.939,23.433,122714,122786,2,93.690
1781045468.995,23.489,122714,122786,2,88.661
1781045469.053,23.547,122714,122786,2,104.640
1781045469.106,23.600,122714,122786,2,94.100
1781045469.158,23.652,122714,122786,2,57.294
1781045469.210,23.704,122714,122786,2,0.000
1781045469.262,23.756,122714,122786,2,114.713
1781045469.315,23.809,122714,122786,2,19.150
1781045469.367,23.861,122714,122786,2,57.671
1781045469.419,23.913,122714,122786,2,96.203
1781045469.476,23.970,122714,122786,2,34.963
1781045469.528,24.022,122714,122786,2,38.272
1781045469.584,24.078,122714,122786,2,35.534
1781045469.636,24.130,122714,122786,2,38.417
1781045469.688,24.182,122714,122786,2,96.180
1781045469.740,24.234,122714,122786,2,19.253
1781045469.792,24.286,122714,122786,2,77.041
1781045469.845,24.338,122714,122786,0,95.528
1781045469.897,24.390,122714,122786,0,38.477
1781045469.949,24.443,122714,122786,0,56.944
1781045470.002,24.496,122714,122786,0,95.255
1781045470.054,24.548,122714,122786,0,19.066
1781045470.106,24.600,122714,122786,0,0.000
1781045470.158,24.652,122714,122786,0,0.000
1781045470.210,24.704,122714,122786,0,96.345
1781045470.264,24.757,122714,122786,0,74.932
1781045470.316,24.809,122714,122786,0,0.000
1781045470.368,24.862,122714,122786,0,115.351
1781045470.420,24.914,122714,122786,0,76.694
1781045470.473,24.967,122714,122786,0,0.000
1781045470.526,25.019,122714,122786,3,132.262
1781045470.578,25.072,122714,122786,3,56.809
1781045470.634,25.128,122714,122786,3,125.068
1781045470.687,25.181,122714,122786,3,38.228
1781045470.739,25.233,122714,122786,3,57.657
1781045470.791,25.285,122714,122786,3,76.838
1781045470.843,25.337,122714,122786,3,38.523
1781045470.895,25.388,122714,122786,0,57.832
1781045470.947,25.441,122714,122786,0,76.443
1781045470.999,25.493,122714,122786,0,19.284
1781045471.051,25.545,122714,122786,0,19.171
1781045471.103,25.597,122714,122786,0,38.484
1781045471.157,25.651,122714,122786,0,36.788
1781045471.209,25.703,122714,122786,0,96.033
1781045471.263,25.757,122714,122786,0,74.973
1781045471.315,25.809,122714,122786,0,19.244
1781045471.367,25.860,122714,122786,0,96.239
1781045471.419,25.913,122714,122786,0,57.540
1781045471.471,25.965,122714,122786,0,19.247
1781045471.523,26.017,122714,122786,0,115.498
1781045471.575,26.069,122714,122786,0,19.082
1781045471.627,26.121,122714,122786,0,38.436
1781045471.680,26.173,122714,122786,0,114.267
1781045471.732,26.226,122714,122786,0,19.171
1781045471.784,26.278,122714,122786,0,57.701
1781045471.839,26.333,122714,122786,0,90.044
1781045471.891,26.385,122714,122786,0,19.270
1781045471.943,26.437,122714,122786,0,77.089
1781045471.995,26.489,122714,122786,0,95.475
1781045472.048,26.542,122714,122786,0,76.231
1781045472.101,26.594,122714,122786,0,113.792
1781045472.153,26.647,122714,122786,0,19.197
1781045472.205,26.699,122714,122786,0,76.944
1781045472.257,26.751,122714,122786,0,115.173
1781045472.309,26.803,122714,122786,0,38.450
1781045472.361,26.855,122714,122786,0,96.235
1781045472.414,26.908,122714,122786,3,94.409
1781045472.466,26.960,122714,122786,3,19.195
1781045472.518,27.012,122714,122786,3,115.394
1781045472.570,27.064,122714,122786,3,76.181
1781045472.624,27.117,122714,122786,2,18.775
1781045472.678,27.171,122714,122786,2,55.624
1781045472.730,27.224,122714,122786,2,19.120
1781045472.783,27.277,122714,122786,2,56.634
1781045472.835,27.329,122714,122786,2,114.442
1781045472.887,27.381,122714,122786,2,57.670
1781045472.939,27.433,122714,122786,2,77.111
1781045472.991,27.485,122714,122786,2,115.315
1781045473.043,27.537,122714,122786,2,57.730
1781045473.098,27.592,122714,122786,2,91.063
1781045473.151,27.645,122714,122786,2,113.601
1781045473.203,27.697,122714,122786,2,19.089
1781045473.257,27.751,122714,122786,2,92.475
1781045473.310,27.803,122714,122786,2,133.979
1781045473.362,27.856,122714,122786,2,18.968
1781045473.414,27.908,122714,122786,2,19.254
1781045473.467,27.960,122714,122786,1,19.113
1781045473.518,28.012,122714,122786,1,38.549
1781045473.570,28.064,122714,122786,0,115.624
1781045473.624,28.117,122714,122786,0,93.797
1781045473.676,28.170,122714,122786,0,114.671
1781045473.728,28.222,122714,122786,0,76.276
1781045473.780,28.274,122714,122786,0,38.457
1781045473.832,28.326,122714,122786,0,19.273
1781045473.887,28.380,122714,122786,0,184.152
1781045473.939,28.433,122714,122786,1,113.890
1781045473.992,28.485,122714,122786,1,57.401
1781045474.043,28.537,122714,122786,1,57.828
1781045474.096,28.589,122714,122786,1,134.372
1781045474.148,28.642,122714,122786,1,95.464
1781045474.200,28.694,122714,122786,1,77.039
1781045474.252,28.746,122714,122786,1,132.904
1781045474.305,28.799,122714,122786,1,38.128
1781045474.357,28.851,122714,122786,1,96.310
1781045474.409,28.903,122714,122786,1,115.138
1781045474.461,28.955,122714,122786,1,38.396
1781045474.513,29.007,122714,122786,1,0.000
1781045474.565,29.059,122714,122786,1,114.691
1781045474.618,29.111,122714,122786,1,19.192
1781045474.670,29.164,122714,122786,3,57.454
1781045474.722,29.216,122714,122786,3,19.157
1781045474.779,29.273,122714,122786,3,140.799
1781045474.836,29.330,122714,122786,3,105.223
1781045474.890,29.384,122714,122786,3,110.342
1781045474.942,29.436,122714,122786,3,57.666
1781045474.994,29.488,122714,122786,3,19.268
1781045475.046,29.540,122714,122786,3,77.102
1781045475.098,29.592,122714,122786,3,95.948
1781045475.150,29.644,122714,122786,3,19.091
1781045475.203,29.697,122714,122786,3,38.228
1781045475.255,29.749,122714,122786,3,19.063
1781045475.308,29.801,122714,122786,3,19.101
1781045475.360,29.854,122714,122786,3,95.461
1781045475.412,29.906,122714,122786,3,76.467
1781045475.464,29.958,122714,122786,3,0.000
1781045475.516,30.010,122714,122786,3,76.870
1781045475.569,30.063,122714,122786,3,113.209
1781045475.622,30.116,122714,122786,3,19.075
1781045475.674,30.168,122714,122786,3,19.188
1781045475.726,30.220,122714,122786,3,19.041
1781045475.778,30.272,122714,122786,3,19.249
1781045475.831,30.325,122714,122786,3,95.368
1781045475.883,30.377,122714,122786,3,57.752
1781045475.935,30.428,122714,122786,3,77.058
1781045475.988,30.482,122714,122786,3,75.372
1781045476.040,30.533,122714,122786,3,19.284
1781045476.091,30.585,122714,122786,3,19.283
1781045476.143,30.637,122714,122786,3,19.292
1781045476.239,30.733,122714,122786,3,31.364
1781045476.291,30.785,122714,122786,3,0.000
1781045476.343,30.837,122714,122786,3,76.962
1781045476.395,30.889,122714,122786,3,19.252
1781045476.448,30.942,122714,122786,3,18.853
1781045476.500,30.993,122714,122786,3,38.569
1781045476.551,31.045,122714,122786,3,19.287
1781045476.603,31.097,122714,122786,3,0.000
1781045476.655,31.149,122714,122786,3,0.000
1781045476.707,31.201,122714,122786,3,19.262
1781045476.760,31.254,122714,122786,3,0.000
1781045476.812,31.306,122714,122786,3,115.382
1781045476.865,31.359,122714,122786,3,56.871
1781045476.917,31.411,122714,122786,3,0.000
1781045476.969,31.463,122714,122786,3,57.377
1781045477.021,31.515,122714,122786,3,0.000
1781045477.075,31.568,122714,122786,3,37.593
1781045477.128,31.622,122714,122786,3,18.819
1781045477.181,31.675,122714,122786,3,18.716
1781045477.236,31.730,122714,122786,3,54.684
1781045477.291,31.785,122714,122786,3,54.121
1781045477.343,31.837,122714,122786,3,57.700
1781045477.395,31.889,122714,122786,3,19.270
1781045477.449,31.943,122714,122786,3,55.656
1781045477.509,32.003,122714,122786,3,33.586
1781045477.563,32.057,122714,122786,3,74.172
1781045477.616,32.110,122714,122786,3,74.581
1781045477.668,32.162,122714,122786,3,96.121
1781045477.720,32.214,122714,122786,3,19.238
1781045477.773,32.266,122714,122786,3,0.000
1781045477.825,32.319,122714,122786,3,151.852
1781045477.877,32.371,122714,122786,3,115.168
1781045477.931,32.425,122714,122786,3,55.659
1781045477.988,32.482,122714,122786,3,87.640
1781045478.044,32.538,122714,122786,3,53.867
1781045478.096,32.590,122714,122786,3,114.867
1781045478.148,32.642,122714,122786,3,95.908
1781045478.200,32.694,122714,122786,3,57.778
1781045478.253,32.746,122714,122786,3,133.826
1781045478.306,32.800,122714,122786,3,56.284
1781045478.358,32.852,122714,122786,3,95.430
1781045478.411,32.905,122714,122786,3,38.090
1781045478.464,32.957,122714,122786,2,113.625
1781045478.517,33.011,122714,122786,1,74.951
1781045478.570,33.063,122714,122786,1,94.880
1781045478.622,33.116,122714,122786,1,19.219
1781045478.674,33.168,122714,122786,1,38.048
1781045478.728,33.222,122714,122786,1,93.284
1781045478.780,33.274,122714,122786,1,38.422
1781045478.832,33.326,122714,122786,1,38.087
1781045478.885,33.379,122714,122786,1,19.124
1781045478.937,33.431,122714,122786,1,38.071
1781045478.990,33.483,122714,122786,1,19.132
1781045479.042,33.536,122714,122786,1,19.106
1781045479.094,33.588,122714,122786,1,38.499
1781045479.146,33.640,122714,122786,1,19.200
1781045479.198,33.692,122714,122786,1,19.158
1781045479.250,33.744,122714,122786,1,77.093
1781045479.302,33.796,122714,122786,1,38.415
1781045479.354,33.848,122714,122786,1,96.395
1781045479.406,33.900,122714,122786,3,57.288
1781045479.458,33.952,122714,122786,3,77.035
1781045479.510,34.004,122714,122786,3,57.545
1781045479.562,34.056,122714,122786,3,115.234
1781045479.615,34.108,122714,122786,3,0.000
1781045479.667,34.161,122714,122786,3,38.149
1781045479.719,34.213,122714,122786,3,153.022
1781045479.771,34.265,122714,122786,3,76.674
1781045479.823,34.317,122714,122786,3,115.499
1781045479.876,34.370,122714,122786,3,18.915
1781045479.929,34.423,122714,122786,3,132.172
1781045479.981,34.475,122714,122786,3,114.943
1781045480.034,34.528,122714,122786,3,56.714
1781045480.092,34.585,122714,122786,3,104.726
1781045480.144,34.637,122714,122786,3,57.594
1781045480.197,34.691,122714,122786,3,75.026
1781045480.249,34.743,122714,122786,3,76.764
1781045480.301,34.795,122714,122786,3,77.071
1781045480.353,34.847,122714,122786,3,38.337
1781045480.405,34.899,122714,122786,3,38.509
1781045480.457,34.951,122714,122786,3,19.111
1781045480.509,35.003,122714,122786,3,96.464
1781045480.563,35.057,122714,122786,0,36.949
1781045480.616,35.110,122714,122786,0,38.170
1781045480.668,35.162,122714,122786,0,38.530
1781045480.720,35.213,122714,122786,0,96.209
1781045480.772,35.266,122714,122786,0,19.122
1781045480.825,35.319,122714,122786,3,150.022
1781045480.878,35.371,122714,122786,3,38.283
1781045480.930,35.424,122714,122786,3,114.455
1781045480.984,35.478,122714,122786,3,37.025
1781045481.036,35.530,122714,122786,3,114.703
1781045481.088,35.582,122714,122786,2,38.563
1781045481.140,35.634,122714,122786,2,153.387
1781045481.192,35.686,122714,122786,2,114.956
1781045481.244,35.738,122714,122786,2,38.488
1781045481.297,35.791,122714,122786,2,170.537
1781045481.350,35.844,122714,122786,2,75.787
1781045481.402,35.896,122714,122786,2,0.000
1781045481.455,35.949,122714,122786,2,152.083
1781045481.507,36.001,122714,122786,2,57.094
1781045481.561,36.055,122714,122786,2,93.759
1781045481.613,36.107,122714,122786,2,38.204
1781045481.665,36.159,122714,122786,2,114.826
1781045481.720,36.214,122714,122786,2,18.365
1781045481.777,36.271,122714,122786,2,34.712
1781045481.836,36.330,122714,122786,2,119.800
1781045481.889,36.383,122714,122786,2,37.692
1781045481.941,36.435,122714,122786,2,19.248
1781045481.993,36.487,122714,122786,2,19.260
1781045482.045,36.539,122714,122786,2,38.517
1781045482.097,36.591,122714,122786,2,76.175
1781045482.149,36.643,122714,122786,2,57.638
1781045482.201,36.695,122714,122786,2,19.200
1781045482.253,36.747,122714,122786,2,0.000
1781045482.306,36.800,122714,122786,3,153.219
1781045482.359,36.853,122714,122786,3,75.239
1781045482.411,36.905,122714,122786,3,115.245
1781045482.464,36.958,122714,122786,2,112.939
1781045482.516,37.010,122714,122786,2,38.256
1781045482.568,37.062,122714,122786,2,0.000
1781045482.620,37.114,122714,122786,2,19.250
1781045482.672,37.166,122714,122786,2,19.127
1781045482.725,37.218,122714,122786,2,153.418
1781045482.778,37.271,122714,122786,2,170.071
1781045482.830,37.324,122714,122786,2,56.858
1781045482.882,37.376,122714,122786,2,0.000
1781045482.935,37.429,122714,122786,2,38.196
1781045482.990,37.484,122714,122786,2,180.046
1781045483.043,37.536,122714,122786,2,76.525
1781045483.095,37.588,122714,122786,2,0.000
1781045483.147,37.640,122714,122786,2,0.000
1781045483.198,37.692,122714,122786,2,0.000
1781045483.250,37.744,122714,122786,2,96.366
1781045483.306,37.800,122714,122786,2,53.716
1781045483.358,37.852,122714,122786,2,0.000
1781045483.410,37.904,122714,122786,2,134.717
1781045483.467,37.961,122714,122786,2,123.376
1781045483.519,38.013,122714,122786,2,19.256
1781045483.571,38.065,122714,122786,2,134.770
1781045483.624,38.118,122714,122786,2,18.838
1781045483.677,38.171,122714,122786,2,113.346
1781045483.729,38.223,122714,122786,2,18.998
1781045483.790,38.284,122714,122786,2,147.438
1781045483.844,38.338,122714,122786,0,56.266
1781045483.900,38.394,122714,122786,0,123.908
1781045483.954,38.448,122714,122786,0,111.967
1781045484.006,38.500,122714,122786,0,95.495
1781045484.058,38.552,122714,122786,0,115.047
1781045484.110,38.604,122714,122786,0,115.492
1781045484.163,38.657,122714,122786,0,18.991
1781045484.215,38.709,122714,122786,0,0.000
1781045484.268,38.761,122714,122786,0,151.751
1781045484.320,38.814,122714,122786,0,114.756
1781045484.373,38.866,122714,122786,0,94.941
1781045484.425,38.919,122714,122786,0,95.887
1781045484.477,38.971,122714,122786,0,94.823
1781045484.530,39.024,122714,122786,0,76.396
1781045484.582,39.076,122714,122786,0,133.813
1781045484.639,39.133,122714,122786,0,53.007
1781045484.691,39.184,122714,122786,0,77.036
1781045484.747,39.241,122714,122786,0,124.262
1781045484.800,39.294,122714,122786,0,75.619
1781045484.853,39.347,122714,122786,0,132.437
1781045484.905,39.399,122714,122786,0,114.210
1781045484.957,39.451,122714,122786,0,115.047
1781045485.009,39.503,122714,122786,0,96.099
1781045485.061,39.555,122714,122786,0,115.273
1781045485.116,39.610,122714,122786,0,110.564
1781045485.168,39.662,122714,122786,0,96.124
1781045485.220,39.714,122714,122786,0,134.647
1781045485.272,39.766,122714,122786,0,114.046
1781045485.325,39.819,122714,122786,0,113.344
1781045485.377,39.871,122714,122786,0,0.000
1781045485.429,39.923,122714,122786,0,57.666
1781045485.484,39.977,122714,122786,0,128.823
1781045485.536,40.030,122714,122786,0,38.438
1781045485.593,40.087,122714,122786,0,156.002
1781045485.645,40.139,122714,122786,0,95.999
1781045485.698,40.192,122714,122786,0,38.153
1781045485.750,40.244,122714,122786,0,96.187
1781045485.802,40.296,122714,122786,0,115.197
1781045485.854,40.348,122714,122786,0,19.198
1781045485.906,40.400,122714,122786,0,96.285
1781045485.958,40.452,122714,122786,0,96.002
1781045486.012,40.506,122714,122786,0,110.161
1781045486.066,40.560,122714,122786,0,148.286
1781045486.119,40.612,122714,122786,0,96.048
1781045486.171,40.664,122714,122786,0,134.511
1781045486.223,40.717,122714,122786,0,0.000
1781045486.275,40.768,122714,122786,0,0.000
1781045486.327,40.821,122714,122786,0,19.112
1781045486.379,40.873,122714,122786,0,0.000
1781045486.431,40.925,122714,122786,0,0.000
1781045486.483,40.977,122714,122786,0,38.482
1781045486.541,41.035,122714,122786,0,137.722
1781045486.593,41.087,122714,122786,0,57.410
1781045486.645,41.139,122714,122786,0,57.513
1781045486.698,41.192,122714,122786,0,57.217
1781045486.750,41.244,122714,122786,0,57.429
1781045486.802,41.296,122714,122786,0,57.550
1781045486.854,41.348,122714,122786,0,76.858
1781045486.906,41.400,122714,122786,0,0.000
1781045486.958,41.452,122714,122786,0,38.533
1781045487.010,41.504,122714,122786,0,0.000
1781045487.062,41.556,122714,122786,0,19.254
1781045487.114,41.608,122714,122786,0,115.459
1781045487.166,41.660,122714,122786,0,134.262
1781045487.218,41.712,122714,122786,0,38.467
1781045487.270,41.764,122714,122786,0,57.768
1781045487.322,41.816,122714,122786,0,76.957
1781045487.375,41.869,122714,122786,0,93.881
1781045487.428,41.921,122714,122786,0,38.153
1781045487.480,41.974,122714,122786,0,76.137
1781045487.533,42.026,122714,122786,0,38.088
1781045487.585,42.079,122714,122786,0,76.720
1781045487.637,42.131,122714,122786,0,57.800
1781045487.692,42.186,122714,122786,0,36.117
1781045487.744,42.238,122714,122786,0,0.000
1781045487.796,42.290,122714,122786,0,77.005
1781045487.848,42.342,122714,122786,0,96.057
1781045487.900,42.394,122714,122786,0,57.652
1781045487.952,42.446,122714,122786,0,57.424
1781045488.004,42.498,122714,122786,0,38.347
1781045488.056,42.550,122714,122786,0,77.016
1781045488.109,42.603,122714,122786,0,37.942
1781045488.161,42.655,122714,122786,0,76.419
1781045488.215,42.709,122714,122786,0,56.057
1781045488.268,42.761,122714,122786,0,113.818
1781045488.320,42.813,122714,122786,0,19.227
1781045488.372,42.866,122714,122786,0,38.156
1781045488.424,42.918,122714,122786,0,95.720
1781045488.477,42.971,122714,122786,0,37.892
1781045488.531,43.024,122714,122786,0,37.352
1781045488.586,43.080,122714,122786,0,89.770
1781045488.639,43.133,122714,122786,0,56.401
1781045488.692,43.186,122714,122786,0,76.555
1781045488.744,43.237,122714,122786,2,57.870
1781045488.796,43.289,122714,122786,2,76.941
1781045488.847,43.341,122714,122786,2,77.143
1781045488.900,43.394,122714,122786,2,76.033
1781045488.952,43.446,122714,122786,2,19.054
1781045489.005,43.499,122714,122786,2,0.000
1781045489.059,43.552,122714,122786,2,130.214
1781045489.116,43.610,122714,122786,2,139.425
1781045489.169,43.663,122714,122786,2,132.087
1781045489.221,43.715,122714,122786,2,38.352
1781045489.273,43.767,122714,122786,2,134.242
1781045489.326,43.820,122714,122786,2,18.986
1781045489.378,43.872,122714,122786,2,154.032
1781045489.436,43.930,122714,122786,2,34.140
1781045489.488,43.982,122714,122786,2,57.810
1781045489.540,44.034,122714,122786,2,96.077
1781045489.593,44.087,122714,122786,2,57.348
1781045489.645,44.139,122714,122786,2,76.622
1781045489.697,44.191,122714,122786,2,77.064
1781045489.749,44.243,122714,122786,2,76.800
1781045489.801,44.295,122714,122786,2,77.092
1781045489.853,44.347,122714,122786,2,57.594
1781045489.905,44.399,122714,122786,2,0.000
1781045489.957,44.451,122714,122786,2,115.569
1781045490.009,44.503,122714,122786,2,133.977
1781045490.062,44.556,122714,122786,2,18.990
1781045490.114,44.607,122714,122786,2,134.769
1781045490.166,44.660,122714,122786,2,38.246
1781045490.218,44.712,122714,122786,2,115.490
1781045490.270,44.764,122714,122786,2,38.436
1781045490.323,44.816,122714,122786,1,0.000
1781045490.375,44.869,122714,122786,1,151.588
1781045490.428,44.922,122714,122786,1,76.309
1781045490.484,44.978,122714,122786,1,35.560
1781045490.536,45.030,122714,122786,1,115.494
1781045490.588,45.082,122714,122786,1,0.000
1781045490.640,45.134,122714,122786,1,0.000
1781045490.692,45.186,122714,122786,1,19.260
1781045490.744,45.238,122714,122786,1,0.000
1781045490.796,45.289,122714,122786,1,77.005
1781045490.853,45.347,122714,122786,1,138.622
1781045490.906,45.400,122714,122786,1,94.867
1781045490.959,45.453,122714,122786,1,56.926
1781045491.011,45.505,122714,122786,1,19.010
1781045491.063,45.557,122714,122786,1,19.217
1781045491.117,45.611,122714,122786,1,112.320
1781045491.169,45.663,122714,122786,1,115.282
1781045491.223,45.717,122714,122786,1,18.521
1781045491.275,45.769,122714,122786,1,0.000
1781045491.327,45.821,122714,122786,1,38.270
1781045491.381,45.875,122714,122786,0,147.592
1781045491.436,45.929,122714,122786,0,36.846
1781045491.488,45.982,122714,122786,0,19.068
1781045491.540,46.034,122714,122786,0,57.821
1781045491.595,46.088,122714,122786,0,73.240
1781045491.646,46.140,122714,122786,0,19.246
1781045491.698,46.192,122714,122786,0,19.268
1781045491.750,46.244,122714,122786,0,57.787
1781045491.803,46.297,122714,122786,0,57.142
1781045491.855,46.349,122714,122786,0,19.124
1781045491.907,46.401,122714,122786,0,19.238
1781045491.959,46.453,122714,122786,1,38.456
1781045492.011,46.505,122714,122786,1,95.980
1781045492.063,46.557,122714,122786,1,19.215
1781045492.115,46.609,122714,122786,1,0.000
1781045492.167,46.661,122714,122786,1,38.466
1781045492.219,46.713,122714,122786,1,0.000
1781045492.272,46.766,122714,122786,1,57.299
1781045492.324,46.818,122714,122786,1,38.376
1781045492.379,46.873,122714,122786,1,18.094
1781045492.432,46.926,122714,122786,1,18.854
1781045492.484,46.978,122714,122786,1,19.236
1781045492.536,47.030,122714,122786,1,19.266
1781045492.588,47.082,122714,122786,1,19.275
1781045492.640,47.134,122714,122786,1,38.240
1781045492.692,47.186,122714,122786,1,19.261
1781045492.744,47.238,122714,122786,1,0.000
1781045492.796,47.290,122714,122786,1,38.538
1781045492.848,47.342,122714,122786,1,19.269
1781045492.900,47.394,122714,122786,1,19.152
1781045492.952,47.446,122714,122786,1,19.266
1781045493.004,47.498,122714,122786,1,38.532
1781045493.056,47.550,122714,122786,1,0.000
1781045493.108,47.602,122714,122786,1,76.855
1781045493.160,47.654,122714,122786,1,57.638
1781045493.212,47.706,122714,122786,1,19.229
1781045493.264,47.758,122714,122786,1,19.250
1781045493.316,47.810,122714,122786,1,19.120
1781045493.368,47.862,122714,122786,1,19.225
1781045493.420,47.914,122714,122786,1,38.464
1781045493.472,47.966,122714,122786,1,19.200
1781045493.524,48.018,122714,122786,1,19.289
1781045493.577,48.071,122714,122786,1,19.000
1781045493.629,48.123,122714,122786,1,0.000
1781045493.681,48.175,122714,122786,1,76.745
1781045493.740,48.234,122714,122786,1,16.939
1781045493.792,48.286,122714,122786,1,19.257
1781045493.844,48.338,122714,122786,1,19.268
1781045493.896,48.390,122714,122786,1,38.543
1781045493.948,48.442,122714,122786,1,38.129
1781045494.000,48.494,122714,122786,1,19.259
1781045494.052,48.546,122714,122786,1,0.000
1781045494.104,48.598,122714,122786,1,19.262
1781045494.156,48.650,122714,122786,3,76.757
1781045494.209,48.703,122714,122786,3,75.760
1781045494.262,48.755,122714,122786,3,37.950
1781045494.314,48.807,122714,122786,3,19.244
1781045494.366,48.860,122714,122786,3,19.017
1781045494.419,48.913,122714,122786,3,18.966
1781045494.471,48.965,122714,122786,3,38.472
1781045494.524,49.018,122714,122786,3,37.776
1781045494.579,49.073,122714,122786,3,36.004
1781045494.632,49.126,122714,122786,3,37.774
1781045494.684,49.178,122714,122786,3,19.257
1781045494.736,49.230,122714,122786,3,38.526
1781045494.788,49.282,122714,122786,3,19.269
1781045494.840,49.334,122714,122786,3,19.275
1781045494.892,49.386,122714,122786,3,0.000
1781045494.944,49.438,122714,122786,3,57.186
1781045494.997,49.491,122714,122786,3,19.036
1781045495.049,49.543,122714,122786,3,19.122
1781045495.101,49.595,122714,122786,3,19.241
1781045495.153,49.647,122714,122786,3,96.338
1781045495.206,49.700,122714,122786,3,37.727
1781045495.258,49.752,122714,122786,3,19.257
1781045495.310,49.804,122714,122786,3,19.251
1781045495.362,49.856,122714,122786,3,19.249
1781045495.414,49.908,122714,122786,3,38.413
1781045495.466,49.960,122714,122786,3,0.000
1781045495.518,50.012,122714,122786,3,19.236
1781045495.570,50.064,122714,122786,3,38.462
1781045495.623,50.117,122714,122786,3,18.774
1781045495.680,50.173,122714,122786,3,35.660
1781045495.735,50.229,122714,122786,3,18.118
1781045495.787,50.280,122714,122786,3,19.260
1781045495.839,50.332,122714,122786,3,19.259
1781045495.890,50.384,122714,122786,3,19.272
1781045495.942,50.436,122714,122786,3,0.000
1781045495.994,50.488,122714,122786,3,38.469
1781045496.046,50.540,122714,122786,3,38.530
1781045496.098,50.592,122714,122786,3,19.238
1781045496.150,50.644,122714,122786,3,0.000
1781045496.202,50.696,122714,122786,3,77.104
1781045496.254,50.748,122714,122786,3,57.354
1781045496.306,50.800,122714,122786,3,38.538
1781045496.358,50.852,122714,122786,3,0.000
1781045496.410,50.904,122714,122786,3,19.239
1781045496.462,50.956,122714,122786,3,38.276
1781045496.515,51.009,122714,122786,3,19.059
1781045496.567,51.061,122714,122786,3,19.231
1781045496.619,51.113,122714,122786,3,19.219
1781045496.671,51.165,122714,122786,3,38.356
1781045496.727,51.221,122714,122786,3,17.793
1781045496.781,51.275,122714,122786,3,37.204
1781045496.834,51.328,122714,122786,3,18.815
1781045496.886,51.380,122714,122786,3,0.000
1781045496.938,51.432,122714,122786,3,19.275
1781045496.990,51.484,122714,122786,3,38.538
1781045497.042,51.536,122714,122786,3,19.280
1781045497.094,51.588,122714,122786,3,19.258
1781045497.146,51.639,122714,122786,3,19.261
1781045497.197,51.691,122714,122786,3,38.542
1781045497.249,51.743,122714,122786,3,57.765
1781045497.301,51.795,122714,122786,3,57.689
1781045497.353,51.847,122714,122786,3,19.244
1781045497.406,51.899,122714,122786,3,38.316
1781045497.458,51.951,122714,122786,3,19.259
1781045497.509,52.003,122714,122786,3,77.064
1781045497.562,52.056,122714,122786,3,19.097
1781045497.614,52.108,122714,122786,3,38.192
1781045497.667,52.161,122714,122786,3,38.081
1781045497.719,52.213,122714,122786,3,19.123
1781045497.776,52.269,122714,122786,3,35.283
1781045497.830,52.324,122714,122786,3,18.244
1781045497.882,52.376,122714,122786,3,19.282
1781045497.934,52.428,122714,122786,3,38.544
1781045497.986,52.480,122714,122786,3,0.000
1781045498.038,52.532,122714,122786,3,19.272
1781045498.090,52.584,122714,122786,3,38.536
1781045498.142,52.636,122714,122786,3,19.272
1781045498.194,52.687,122714,122786,3,19.282
1781045498.247,52.741,122714,122786,3,18.727
1781045498.299,52.793,122714,122786,3,38.213
1781045498.351,52.845,122714,122786,3,0.000
1781045498.404,52.898,122714,122786,3,18.946
1781045498.456,52.950,122714,122786,3,19.240
1781045498.508,53.002,122714,122786,3,38.569
1781045498.560,53.054,122714,122786,3,76.744
1781045498.616,53.110,122714,122786,3,35.825
1781045498.668,53.162,122714,122786,3,19.153
1781045498.721,53.215,122714,122786,3,0.000
1781045498.775,53.268,122714,122786,3,18.538
1781045498.827,53.321,122714,122786,3,0.000
1781045498.882,53.376,122714,122786,3,18.115
1781045498.935,53.429,122714,122786,3,37.941
1781045498.988,53.481,122714,122786,3,0.000
1781045499.040,53.534,122714,122786,3,0.000
1781045499.092,53.586,122714,122786,3,57.683
1781045499.146,53.640,122714,122786,3,18.570
1781045499.198,53.692,122714,122786,3,38.536
1781045499.250,53.744,122714,122786,3,19.267
1781045499.303,53.797,122714,122786,3,37.474
1781045499.356,53.850,122714,122786,3,18.828
1781045499.409,53.903,122714,122786,3,19.026
1781045499.462,53.956,122714,122786,3,37.734
1781045499.515,54.009,122714,122786,3,18.778
1781045499.568,54.061,122714,122786,3,19.028
1781045499.620,54.114,122714,122786,3,133.046
1781045499.673,54.167,122714,122786,3,56.935
1781045499.725,54.219,122714,122786,3,38.155
1781045499.778,54.272,122714,122786,3,37.951
1781045499.830,54.324,122714,122786,3,19.209
1781045499.882,54.376,122714,122786,3,19.282
1781045499.934,54.428,122714,122786,3,19.279
1781045499.986,54.480,122714,122786,3,19.272
1781045500.038,54.531,122714,122786,3,19.276
1781045500.089,54.583,122714,122786,3,19.278
1781045500.141,54.635,122714,122786,3,19.278
1781045500.193,54.687,122714,122786,3,38.554
1781045500.245,54.739,122714,122786,3,19.250
1781045500.297,54.791,122714,122786,3,19.275
1781045500.349,54.843,122714,122786,3,19.213
1781045500.401,54.895,122714,122786,3,19.196
1781045500.453,54.947,122714,122786,3,19.247
1781045500.505,54.999,122714,122786,3,19.223
1781045500.557,55.051,122714,122786,3,38.528
1781045500.609,55.103,122714,122786,3,0.000
1781045500.661,55.155,122714,122786,3,115.494
1781045500.715,55.209,122714,122786,3,18.377
1781045500.768,55.261,122714,122786,3,19.163
1781045500.819,55.313,122714,122786,3,38.512
1781045500.877,55.371,122714,122786,3,17.292
1781045500.929,55.423,122714,122786,3,19.208
1781045500.981,55.475,122714,122786,3,19.227
1781045501.033,55.527,122714,122786,1,19.279
1781045501.085,55.579,122714,122786,1,38.528
1781045501.137,55.631,122714,122786,1,0.000
1781045501.189,55.683,122714,122786,1,57.753
1781045501.243,55.736,122714,122786,1,0.000
1781045501.295,55.788,122714,122786,1,0.000
1781045501.346,55.840,122714,122786,1,38.508
1781045501.398,55.892,122714,122786,1,0.000
1781045501.450,55.944,122714,122786,1,38.482
1781045501.502,55.996,122714,122786,1,19.276
1781045501.554,56.048,122714,122786,1,0.000
1781045501.606,56.100,122714,122786,1,19.246
1781045501.658,56.152,122714,122786,1,57.793
1781045501.710,56.204,122714,122786,1,96.286
1781045501.762,56.256,122714,122786,1,19.154
1781045501.814,56.308,122714,122786,1,0.000
1781045501.866,56.360,122714,122786,1,19.246
1781045501.919,56.413,122714,122786,1,0.000
1781045501.971,56.465,122714,122786,1,19.250
1781045502.024,56.518,122714,122786,1,0.000
1781045502.078,56.572,122714,122786,1,36.852
1781045502.130,56.624,122714,122786,1,76.821
1781045502.186,56.680,122714,122786,1,17.879
1781045502.238,56.732,122714,122786,1,0.000
1781045502.290,56.784,122714,122786,1,38.562
1781045502.342,56.836,122714,122786,1,38.414
1781045502.394,56.888,122714,122786,1,19.284
1781045502.446,56.940,122714,122786,1,19.279
1781045502.498,56.991,122714,122786,1,19.277
1781045502.549,57.043,122714,122786,1,19.278
1781045502.601,57.095,122714,122786,1,19.250
1781045502.653,57.147,122714,122786,1,19.270
1781045502.705,57.199,122714,122786,1,0.000
1781045502.757,57.251,122714,122786,1,0.000
1781045502.809,57.303,122714,122786,1,19.247
1781045502.861,57.355,122714,122786,1,19.256
1781045502.913,57.407,122714,122786,1,0.000
1781045502.968,57.462,122714,122786,1,90.130
1781045503.023,57.517,122714,122786,1,110.423
1781045503.083,57.577,122714,122786,1,32.963
1781045503.139,57.633,122714,122786,1,17.989
1781045503.191,57.685,122714,122786,1,19.258
1781045503.243,57.737,122714,122786,1,38.531
1781045503.295,57.789,122714,122786,1,0.000
1781045503.347,57.840,122714,122786,1,19.279
1781045503.398,57.892,122714,122786,1,19.286
1781045503.450,57.944,122714,122786,1,19.285
1781045503.502,57.996,122714,122786,1,38.562
1781045503.554,58.048,122714,122786,0,19.252
1781045503.606,58.100,122714,122786,0,19.245
1781045503.658,58.152,122714,122786,0,38.530
1781045503.710,58.204,122714,122786,0,0.000
1781045503.762,58.256,122714,122786,0,19.277
1781045503.815,58.308,122714,122786,0,114.602
1781045503.867,58.360,122714,122786,0,19.237
1781045503.919,58.412,122714,122786,0,38.511
1781045503.970,58.464,122714,122786,0,19.253
1781045504.023,58.517,122714,122786,0,19.043
1781045504.077,58.571,122714,122786,0,18.535
1781045504.132,58.626,122714,122786,0,36.527
1781045504.184,58.677,122714,122786,0,19.279
1781045504.235,58.729,122714,122786,0,38.552
1781045504.287,58.781,122714,122786,0,0.000
1781045504.339,58.833,122714,122786,0,38.570
1781045504.391,58.885,122714,122786,0,19.283
1781045504.443,58.937,122714,122786,0,19.276
1781045504.495,58.989,122714,122786,0,19.281
1781045504.548,59.042,122714,122786,0,18.615
1781045504.601,59.094,122714,122786,0,19.208
1781045504.652,59.146,122714,122786,0,19.270
1781045504.705,59.199,122714,122786,0,38.048
1781045504.758,59.251,122714,122786,0,19.035
1781045504.810,59.304,122714,122786,0,38.088
1781045504.864,59.357,122714,122786,0,74.808
1781045504.917,59.410,122714,122786,0,56.525
1781045504.969,59.463,122714,122786,0,0.000
1781045505.021,59.515,122714,122786,0,38.482
1781045505.074,59.568,122714,122786,0,18.983
1781045505.130,59.624,122714,122786,0,53.108
1781045505.194,59.688,122714,122786,0,31.235
1781045505.246,59.740,122714,122786,0,19.247
1781045505.298,59.792,122714,122786,0,19.273
1781045505.350,59.844,122714,122786,0,38.554
1781045505.402,59.896,122714,122786,0,0.000
1781045505.454,59.948,122714,122786,0,19.202
1781045505.506,60.000,122714,122786,0,0.000
1781045505.558,60.052,122714,122786,0,0.000
1781045505.610,60.104,122714,122786,0,0.000
1781045505.663,60.156,122714,122786,3,113.956
1781045505.715,60.208,122714,122786,3,76.838
1781045505.767,60.261,122714,122786,3,115.076
1781045505.819,60.313,122714,122786,3,19.211
1781045505.871,60.365,122714,122786,3,115.512
1781045505.924,60.417,122714,122786,0,18.952
1781045505.976,60.470,122714,122786,0,38.102
1781045506.028,60.522,122714,122786,0,114.929
1781045506.082,60.576,122714,122786,0,37.281
1781045506.134,60.628,122714,122786,0,19.273
1781045506.186,60.679,122714,122786,0,19.277
1781045506.238,60.731,122714,122786,0,57.820
1781045506.293,60.787,122714,122786,0,89.985
1781045506.345,60.839,122714,122786,0,19.277
1781045506.397,60.891,122714,122786,0,77.074
1781045506.449,60.943,122714,122786,0,76.363
1781045506.501,60.995,122714,122786,0,38.497
1781045506.553,61.047,122714,122786,0,19.255
1781045506.605,61.099,122714,122786,0,95.805
1781045506.657,61.151,122714,122786,0,57.520
1781045506.709,61.203,122714,122786,0,19.259
1781045506.762,61.256,122714,122786,2,95.427
1781045506.814,61.308,122714,122786,2,38.055
1781045506.866,61.360,122714,122786,2,38.500
1781045506.918,61.412,122714,122786,2,19.257
1781045506.970,61.464,122714,122786,2,19.251
1781045507.024,61.518,122714,122786,2,37.376
1781045507.076,61.570,122714,122786,2,114.935
1781045507.129,61.622,122714,122786,2,37.982
1781045507.182,61.675,122714,122786,2,18.847
1781045507.234,61.727,122714,122786,2,38.533
1781045507.287,61.781,122714,122786,2,112.070
1781045507.341,61.835,122714,122786,2,37.266
1781045507.395,61.889,122714,122786,2,73.126
1781045507.448,61.941,122714,122786,2,57.573
1781045507.499,61.993,122714,122786,2,19.250
1781045507.551,62.045,122714,122786,2,0.000
1781045507.603,62.097,122714,122786,2,0.000
1781045507.656,62.150,122714,122786,2,133.930
1781045507.714,62.208,122714,122786,2,85.260
1781045507.766,62.260,122714,122786,2,0.000
1781045507.818,62.312,122714,122786,2,0.000
1781045507.872,62.365,122714,122786,2,37.536
1781045507.930,62.423,122714,122786,2,86.049
1781045507.982,62.476,122714,122786,1,114.971
1781045508.034,62.528,122714,122786,1,0.000
1781045508.086,62.580,122714,122786,1,19.238
1781045508.138,62.632,122714,122786,1,57.514
1781045508.192,62.686,122714,122786,1,74.069
1781045508.244,62.738,122714,122786,1,38.472
1781045508.296,62.790,122714,122786,1,77.107
1781045508.350,62.844,122714,122786,1,92.748
1781045508.402,62.896,122714,122786,1,77.030
1781045508.454,62.948,122714,122786,3,57.550
1781045508.506,63.000,122714,122786,3,38.459
1781045508.558,63.052,122714,122786,3,19.278
1781045508.610,63.104,122714,122786,1,38.465
1781045508.662,63.156,122714,122786,1,19.188
1781045508.714,63.208,122714,122786,1,19.125
1781045508.766,63.260,122714,122786,1,19.259
1781045508.818,63.312,122714,122786,1,115.505
1781045508.870,63.364,122714,122786,1,0.000
1781045508.922,63.416,122714,122786,1,38.279
1781045508.975,63.469,122714,122786,1,37.816
1781045509.028,63.522,122714,122786,1,19.013
1781045509.080,63.574,122714,122786,1,19.089
1781045509.136,63.630,122714,122786,1,53.504
1781045509.192,63.686,122714,122786,1,107.056
1781045509.244,63.738,122714,122786,1,19.267
1781045509.296,63.790,122714,122786,1,19.265
1781045509.348,63.842,122714,122786,0,77.105
1781045509.402,63.896,122714,122786,0,111.560
1781045509.456,63.949,122714,122786,0,0.000
1781045509.513,64.007,122714,122786,0,17.533
1781045509.565,64.059,122714,122786,0,38.283
1781045509.617,64.111,122714,122786,0,38.475
1781045509.669,64.163,122714,122786,0,19.235
1781045509.727,64.221,122714,122786,0,120.473
1781045509.779,64.273,122714,122786,0,57.419
1781045509.832,64.326,122714,122786,0,18.880
1781045509.884,64.378,122714,122786,0,38.529
1781045509.936,64.430,122714,122786,3,19.275
1781045509.989,64.483,122714,122786,3,56.949
1781045510.041,64.535,122714,122786,3,0.000
1781045510.094,64.588,122714,122786,3,76.230
1781045510.146,64.640,122714,122786,3,133.321
1781045510.199,64.693,122714,122786,3,38.123
1781045510.251,64.745,122714,122786,3,76.551
1781045510.304,64.798,122714,122786,3,132.585
1781045510.356,64.850,122714,122786,3,19.069
1781045510.408,64.902,122714,122786,3,38.544
1781045510.460,64.954,122714,122786,3,19.264
1781045510.512,65.006,122714,122786,3,19.258
1781045510.564,65.058,122714,122786,0,19.178
1781045510.617,65.110,122714,122786,0,38.102
1781045510.669,65.162,122714,122786,0,115.414
1781045510.721,65.215,122714,122786,0,37.831
1781045510.773,65.267,122714,122786,0,38.467
1781045510.826,65.320,122714,122786,0,38.234
1781045510.883,65.377,122714,122786,0,34.836
1781045510.935,65.429,122714,122786,0,19.229
1781045510.987,65.481,122714,122786,0,19.179
1781045511.040,65.534,122714,122786,0,19.032
1781045511.092,65.586,122714,122786,0,19.041
1781045511.145,65.639,122714,122786,0,38.082
1781045511.197,65.691,122714,122786,0,57.204
1781045511.250,65.744,122714,122786,0,94.198
1781045511.302,65.796,122714,122786,0,38.402
1781045511.354,65.848,122714,122786,0,0.000
1781045511.406,65.900,122714,122786,0,38.545
1781045511.458,65.952,122714,122786,0,38.541
1781045511.511,66.005,122714,122786,0,18.873
1781045511.565,66.058,122714,122786,0,18.695
1781045511.617,66.111,122714,122786,0,38.146
1781045511.670,66.163,122714,122786,0,19.070
1781045511.723,66.216,122714,122786,0,37.720
1781045511.775,66.269,122714,122786,0,18.954
1781045511.828,66.322,122714,122786,0,132.496
1781045511.880,66.374,122714,122786,0,19.259
1781045511.932,66.426,122714,122786,0,38.565
1781045511.984,66.478,122714,122786,1,19.278
1781045512.036,66.529,122714,122786,1,19.285
1781045512.087,66.581,122714,122786,1,19.282
1781045512.139,66.633,122714,122786,1,38.543
1781045512.191,66.685,122714,122786,1,19.280
1781045512.247,66.740,122714,122786,1,72.305
1781045512.299,66.792,122714,122786,1,57.629
1781045512.351,66.844,122714,122786,1,19.278
1781045512.402,66.896,122714,122786,1,38.570
1781045512.454,66.948,122714,122786,1,38.526
1781045512.506,67.000,122714,122786,1,19.273
1781045512.558,67.052,122714,122786,1,38.593
1781045512.610,67.104,122714,122786,1,76.967
1781045512.662,67.156,122714,122786,1,76.676
1781045512.714,67.208,122714,122786,1,0.000
1781045512.766,67.260,122714,122786,1,38.444
1781045512.818,67.312,122714,122786,1,38.282
1781045512.870,67.364,122714,122786,1,19.243
1781045512.923,67.416,122714,122786,3,38.349
1781045512.975,67.469,122714,122786,3,38.277
1781045513.027,67.521,122714,122786,3,19.191
1781045513.080,67.574,122714,122786,2,113.282
1781045513.132,67.626,122714,122786,2,38.077
1781045513.187,67.681,122714,122786,2,18.357
1781045513.240,67.733,122714,122786,2,0.000
1781045513.292,67.786,122714,122786,2,0.000
1781045513.344,67.838,122714,122786,2,57.655
1781045513.396,67.890,122714,122786,2,38.512
1781045513.448,67.942,122714,122786,2,19.275
1781045513.500,67.994,122714,122786,2,19.267
1781045513.552,68.046,122714,122786,2,77.151
1781045513.609,68.103,122714,122786,2,87.424
1781045513.664,68.158,122714,122786,1,18.149
1781045513.717,68.211,122714,122786,1,18.987
1781045513.770,68.264,122714,122786,1,18.702
1781045513.822,68.316,122714,122786,1,38.485
1781045513.875,68.368,122714,122786,1,19.096
1781045513.927,68.421,122714,122786,1,38.143
1781045513.979,68.473,122714,122786,1,0.000
1781045514.031,68.525,122714,122786,1,76.967
1781045514.088,68.582,122714,122786,1,35.110
1781045514.141,68.635,122714,122786,1,0.000
1781045514.193,68.687,122714,122786,1,0.000
1781045514.245,68.739,122714,122786,1,19.256
1781045514.297,68.791,122714,122786,1,76.979
1781045514.349,68.843,122714,122786,1,76.709
1781045514.402,68.896,122714,122786,1,37.860
1781045514.454,68.948,122714,122786,1,19.266
1781045514.506,69.000,122714,122786,1,19.242
1781045514.558,69.051,122714,122786,1,38.561
1781045514.610,69.104,122714,122786,1,0.000
1781045514.662,69.156,122714,122786,1,38.517
1781045514.714,69.208,122714,122786,1,38.508
1781045514.766,69.260,122714,122786,1,0.000
1781045514.818,69.312,122714,122786,1,115.500
1781045514.871,69.365,122714,122786,1,56.238
1781045514.927,69.420,122714,122786,1,36.255
1781045514.980,69.474,122714,122786,1,18.737
1781045515.032,69.526,122714,122786,1,38.203
1781045515.084,69.578,122714,122786,1,19.268
1781045515.136,69.630,122714,122786,1,0.000
1781045515.188,69.682,122714,122786,1,38.501
1781045515.240,69.734,122714,122786,1,19.279
1781045515.292,69.786,122714,122786,1,19.281
1781045515.344,69.838,122714,122786,1,76.171
1781045515.397,69.891,122714,122786,1,94.870
1781045515.450,69.944,122714,122786,1,37.926
1781045515.502,69.996,122714,122786,1,19.231
1781045515.554,70.047,122714,122786,1,0.000
1781045515.609,70.103,122714,122786,1,0.000
1781045515.661,70.155,122714,122786,1,76.936
1781045515.718,70.212,122714,122786,3,87.811
1781045515.771,70.265,122714,122786,3,75.954
1781045515.826,70.320,122714,122786,3,35.953
1781045515.879,70.373,122714,122786,3,19.096
1781045515.931,70.425,122714,122786,3,0.000
1781045515.983,70.477,122714,122786,1,96.260
1781045516.045,70.538,122714,122786,3,80.780
1781045516.097,70.590,122714,122786,3,38.483
1781045516.148,70.642,122714,122786,3,57.816
1781045516.201,70.694,122714,122786,3,57.573
1781045516.252,70.746,122714,122786,3,19.272
1781045516.304,70.798,122714,122786,3,19.220
1781045516.356,70.850,122714,122786,3,38.518
1781045516.408,70.902,122714,122786,3,19.264
1781045516.460,70.954,122714,122786,3,38.545
1781045516.512,71.006,122714,122786,3,19.270
1781045516.564,71.058,122714,122786,3,38.576
1781045516.616,71.110,122714,122786,3,0.000
1781045516.668,71.162,122714,122786,3,115.538
1781045516.720,71.214,122714,122786,3,19.116
1781045516.772,71.266,122714,122786,1,38.468
1781045516.824,71.318,122714,122786,1,19.164
1781045516.876,71.370,122714,122786,1,38.501
1781045516.928,71.422,122714,122786,1,95.982
1781045516.983,71.477,122714,122786,1,0.000
1781045517.037,71.530,122714,122786,1,37.159
1781045517.089,71.583,122714,122786,1,38.092
1781045517.142,71.636,122714,122786,1,0.000
1781045517.194,71.688,122714,122786,1,38.549
1781045517.250,71.744,122714,122786,1,71.195
1781045517.302,71.796,122714,122786,1,57.325
1781045517.355,71.849,122714,122786,1,0.000
1781045517.407,71.900,122714,122786,1,96.378
1781045517.459,71.953,122714,122786,1,38.030
1781045517.512,72.005,122714,122786,1,38.226
1781045517.564,72.058,122714,122786,1,18.965
1781045517.617,72.111,122714,122786,1,75.445
1781045517.670,72.164,122714,122786,1,37.750
1781045517.724,72.218,122714,122786,1,36.881
1781045517.781,72.275,122714,122786,2,52.608
1781045517.837,72.331,122714,122786,2,107.462
1781045517.889,72.383,122714,122786,2,19.206
1781045517.943,72.436,122714,122786,2,0.000
1781045517.995,72.489,122714,122786,2,38.404
1781045518.047,72.541,122714,122786,2,76.922
1781045518.099,72.593,122714,122786,2,76.740
1781045518.151,72.645,122714,122786,2,0.000
1781045518.203,72.697,122714,122786,2,38.501
1781045518.255,72.749,122714,122786,2,18.939
1781045518.307,72.801,122714,122786,2,19.245
1781045518.360,72.853,122714,122786,2,0.000
1781045518.413,72.906,122714,122786,2,132.383
1781045518.465,72.959,122714,122786,2,38.293
1781045518.545,73.039,122714,122786,2,24.835
1781045518.598,73.091,122714,122786,2,76.519
1781045518.650,73.144,122714,122786,1,76.495
1781045518.702,73.196,122714,122786,1,19.254
1781045518.754,73.248,122714,122786,1,19.250
1781045518.806,73.300,122714,122786,1,38.461
1781045518.858,73.351,122714,122786,1,19.269
1781045518.910,73.404,122714,122786,1,38.171
1781045518.962,73.456,122714,122786,1,96.209
1781045519.015,73.509,122714,122786,1,37.929
1781045519.067,73.561,122714,122786,1,0.000
1781045519.119,73.613,122714,122786,1,57.094
1781045519.171,73.665,122714,122786,1,19.236
1781045519.224,73.717,122714,122786,1,0.000
1781045519.276,73.769,122714,122786,1,0.000
1781045519.328,73.821,122714,122786,1,0.000
1781045519.380,73.873,122714,122786,1,38.419
1781045519.432,73.926,122714,122786,1,151.961
1781045519.485,73.979,122714,122786,1,0.000
1781045519.539,74.033,122714,122786,1,18.315
1781045519.591,74.085,122714,122786,1,0.000
1781045519.643,74.137,122714,122786,1,0.000
1781045519.695,74.189,122714,122786,1,57.724
1781045519.747,74.241,122714,122786,1,19.246
1781045519.799,74.293,122714,122786,1,96.270
1781045519.851,74.345,122714,122786,1,57.478
1781045519.903,74.397,122714,122786,1,19.262
1781045519.955,74.449,122714,122786,1,19.242
1781045520.007,74.501,122714,122786,1,38.277
1781045520.060,74.554,122714,122786,1,0.000
1781045520.112,74.606,122714,122786,1,0.000
1781045520.165,74.658,122714,122786,1,75.787
1781045520.217,74.711,122714,122786,1,0.000
1781045520.269,74.763,122714,122786,1,134.503
1781045520.324,74.818,122714,122786,1,36.283
1781045520.384,74.878,122714,122786,1,16.524
1781045520.437,74.930,122714,122786,1,0.000
1781045520.490,74.983,122714,122786,1,18.860
1781045520.542,75.036,122714,122786,1,0.000
1781045520.595,75.089,122714,122786,1,113.605
1781045520.648,75.142,122714,122786,3,94.124
1781045520.700,75.194,122714,122786,3,76.714
1781045520.753,75.246,122714,122786,3,57.473
1781045520.805,75.298,122714,122786,3,19.228
1781045520.857,75.350,122714,122786,3,38.468
1781045520.909,75.402,122714,122786,3,19.242
1781045520.961,75.455,122714,122786,3,95.867
1781045521.013,75.507,122714,122786,3,57.333
1781045521.065,75.559,122714,122786,3,19.249
1781045521.117,75.611,122714,122786,3,19.210
1781045521.169,75.663,122714,122786,3,19.230
1781045521.222,75.715,122714,122786,3,38.072
1781045521.274,75.768,122714,122786,3,18.967
1781045521.328,75.822,122714,122786,3,55.812
1781045521.381,75.875,122714,122786,3,0.000
1781045521.433,75.927,122714,122786,3,95.359
1781045521.485,75.979,122714,122786,3,38.381
1781045521.540,76.034,122714,122786,3,36.367
1781045521.592,76.086,122714,122786,3,19.251
1781045521.644,76.138,122714,122786,3,38.519
1781045521.696,76.190,122714,122786,3,19.250
1781045521.748,76.242,122714,122786,3,19.261
1781045521.800,76.294,122714,122786,3,77.036
1781045521.852,76.346,122714,122786,3,57.395
1781045521.904,76.398,122714,122786,3,19.244
1781045521.956,76.450,122714,122786,3,38.474
1781045522.008,76.502,122714,122786,3,19.251
1781045522.062,76.556,122714,122786,3,37.374
1781045522.115,76.609,122714,122786,3,18.888
1781045522.167,76.661,122714,122786,3,38.435
1781045522.219,76.713,122714,122786,3,19.232
1781045522.271,76.765,122714,122786,3,19.236
1781045522.326,76.820,122714,122786,3,36.300
1781045522.378,76.872,122714,122786,3,133.240
1781045522.436,76.930,122714,122786,3,0.000
1781045522.488,76.982,122714,122786,3,38.314
1781045522.540,77.034,122714,122786,3,38.509
1781045522.592,77.086,122714,122786,3,19.242
1781045522.644,77.138,122714,122786,3,77.020
1781045522.696,77.190,122714,122786,3,57.420
1781045522.748,77.242,122714,122786,3,19.258
1781045522.800,77.294,122714,122786,3,38.496
1781045522.852,77.346,122714,122786,3,19.261
1781045522.904,77.398,122714,122786,3,19.236
1781045522.956,77.450,122714,122786,3,38.509
1781045523.008,77.502,122714,122786,3,19.246
1781045523.060,77.554,122714,122786,3,19.288
1781045523.112,77.606,122714,122786,3,38.450
1781045523.165,77.658,122714,122786,3,19.020
1781045523.217,77.710,122714,122786,3,38.439
1781045523.269,77.763,122714,122786,3,96.010
1781045523.321,77.815,122714,122786,3,57.498
1781045523.374,77.868,122714,122786,3,18.855
1781045523.427,77.921,122714,122786,3,37.671
1781045523.484,77.978,122714,122786,3,34.836
1781045523.536,78.030,122714,122786,3,57.610
1781045523.589,78.082,122714,122786,3,76.745
1781045523.645,78.139,122714,122786,3,17.796
1781045523.697,78.191,122714,122786,3,19.245
1781045523.749,78.243,122714,122786,3,19.194
1781045523.801,78.295,122714,122786,3,19.227
1781045523.853,78.347,122714,122786,3,57.784
1781045523.905,78.399,122714,122786,3,57.277
1781045523.957,78.451,122714,122786,3,0.000
1781045524.009,78.503,122714,122786,3,19.171
1781045524.061,78.555,122714,122786,3,96.338
1781045524.114,78.608,122714,122786,3,38.207
1781045524.166,78.660,122714,122786,3,38.216
1781045524.219,78.713,122714,122786,3,0.000
1781045524.273,78.767,122714,122786,3,18.471
1781045524.327,78.821,122714,122786,3,74.455
1781045524.379,78.873,122714,122786,3,38.376
1781045524.432,78.926,122714,122786,3,94.018
1781045524.484,78.978,122714,122786,3,38.497
1781045524.536,79.030,122714,122786,3,19.251
1781045524.588,79.082,122714,122786,3,19.264
1781045524.640,79.134,122714,122786,3,38.519
1781045524.692,79.185,122714,122786,3,0.000
1781045524.744,79.238,122714,122786,3,38.458
1781045524.796,79.289,122714,122786,3,19.266
1781045524.851,79.345,122714,122786,3,36.041
1781045524.903,79.397,122714,122786,3,19.247
1781045524.955,79.449,122714,122786,3,96.103
1781045525.007,79.501,122714,122786,3,19.147
1781045525.059,79.553,122714,122786,3,19.288
1781045525.111,79.605,122714,122786,3,38.500
1781045525.163,79.657,122714,122786,3,114.576
1781045525.216,79.710,122714,122786,3,37.762
1781045525.268,79.762,122714,122786,3,19.209
1781045525.321,79.815,122714,122786,3,37.725
1781045525.374,79.868,122714,122786,3,133.118
1781045525.431,79.925,122714,122786,3,34.976
1781045525.483,79.977,122714,122786,3,38.521
1781045525.535,80.029,122714,122786,3,19.265
1781045525.587,80.081,122714,122786,3,57.799
1781045525.639,80.133,122714,122786,3,95.920
1781045525.692,80.186,122714,122786,3,18.902
1781045525.745,80.238,122714,122786,3,76.002
1781045525.800,80.294,122714,122786,3,35.953
1781045525.853,80.347,122714,122786,3,95.188
1781045525.906,80.400,122714,122786,3,131.925
1781045525.959,80.453,122714,122786,3,37.782
1781045526.011,80.505,122714,122786,3,19.262
1781045526.063,80.557,122714,122786,3,19.236
1781045526.115,80.609,122714,122786,3,19.231
1781045526.167,80.661,122714,122786,3,38.471
1781045526.219,80.712,122714,122786,3,19.235
1781045526.271,80.765,122714,122786,3,19.153
1781045526.323,80.817,122714,122786,3,38.186
1781045526.377,80.871,122714,122786,3,37.154
1781045526.430,80.924,122714,122786,3,37.736
1781045526.485,80.978,122714,122786,2,110.076
1781045526.537,81.030,122714,122786,2,38.496
1781045526.588,81.082,122714,122786,1,19.250
1781045526.640,81.134,122714,122786,1,38.505
1781045526.692,81.186,122714,122786,1,19.253
1781045526.744,81.238,122714,122786,1,57.730
1781045526.797,81.291,122714,122786,2,95.529
1781045526.849,81.342,122714,122786,2,19.245
1781045526.905,81.399,122714,122786,2,35.463
1781045526.957,81.451,122714,122786,2,19.250
1781045527.009,81.503,122714,122786,2,76.992
1781045527.061,81.555,122714,122786,2,114.960
1781045527.114,81.607,122714,122786,2,38.155
1781045527.166,81.659,122714,122786,2,0.000
1781045527.218,81.712,122714,122786,2,38.120
1781045527.270,81.764,122714,122786,2,19.149
1781045527.323,81.817,122714,122786,2,37.872
1781045527.377,81.870,122714,122786,2,130.694
1781045527.431,81.925,122714,122786,2,36.817
1781045527.483,81.977,122714,122786,2,19.259
1781045527.535,82.029,122714,122786,2,38.518
1781045527.587,82.081,122714,122786,2,38.542
1781045527.639,82.133,122714,122786,0,19.186
1781045527.691,82.185,122714,122786,0,19.190
1781045527.743,82.237,122714,122786,0,19.198
1781045527.795,82.289,122714,122786,0,19.217
1781045527.847,82.341,122714,122786,0,76.877
1781045527.899,82.393,122714,122786,1,95.567
1781045527.952,82.446,122714,122786,1,19.078
1781045528.004,82.498,122714,122786,1,38.524
1781045528.056,82.549,122714,122786,1,19.282
1781045528.108,82.601,122714,122786,1,0.000
1781045528.159,82.653,122714,122786,1,38.541
1781045528.211,82.705,122714,122786,1,19.277
1781045528.263,82.757,122714,122786,1,38.502
1781045528.315,82.809,122714,122786,1,19.262
1781045528.367,82.861,122714,122786,1,38.514
1781045528.419,82.913,122714,122786,1,19.253
1781045528.471,82.965,122714,122786,1,38.471
1781045528.523,83.017,122714,122786,1,19.232
1781045528.576,83.070,122714,122786,1,18.973
1781045528.632,83.126,122714,122786,1,124.949
1781045528.690,83.184,122714,122786,1,51.576
1781045528.742,83.236,122714,122786,1,19.269
1781045528.794,83.288,122714,122786,1,19.238
1781045528.846,83.340,122714,122786,1,19.270
1781045528.898,83.391,122714,122786,1,38.522
1781045528.950,83.443,122714,122786,1,19.255
1781045529.001,83.495,122714,122786,1,38.537
1781045529.053,83.547,122714,122786,1,19.300
1781045529.105,83.599,122714,122786,1,19.244
1781045529.157,83.651,122714,122786,1,38.494
1781045529.209,83.703,122714,122786,1,19.266
1781045529.261,83.755,122714,122786,1,38.530
1781045529.313,83.807,122714,122786,1,19.067
1781045529.366,83.859,122714,122786,3,19.190
1781045529.417,83.911,122714,122786,3,19.246
1781045529.469,83.963,122714,122786,2,115.430
1781045529.522,84.016,122714,122786,2,76.049
1781045529.575,84.069,122714,122786,2,0.000
1781045529.627,84.121,122714,122786,2,57.124
1781045529.680,84.174,122714,122786,2,0.000
1781045529.732,84.226,122714,122786,2,38.372
1781045529.784,84.278,122714,122786,2,19.277
1781045529.836,84.330,122714,122786,2,57.781
1781045529.888,84.382,122714,122786,2,96.037
1781045529.940,84.434,122714,122786,2,38.491
1781045529.992,84.486,122714,122786,2,38.541
1781045530.044,84.537,122714,122786,2,19.280
1781045530.096,84.589,122714,122786,2,19.268
1781045530.147,84.641,122714,122786,2,19.285
1781045530.199,84.693,122714,122786,2,19.267
1781045530.251,84.745,122714,122786,2,19.256
1781045530.303,84.797,122714,122786,2,96.296
1781045530.355,84.849,122714,122786,3,76.716
1781045530.407,84.901,122714,122786,3,19.260
1781045530.459,84.953,122714,122786,3,38.543
1781045530.511,85.005,122714,122786,3,38.542
1781045530.564,85.058,122714,122786,3,18.850
1781045530.616,85.110,122714,122786,3,19.227
1781045530.668,85.162,122714,122786,3,19.256
1781045530.720,85.214,122714,122786,3,19.225
1781045530.772,85.266,122714,122786,3,38.348
1781045530.824,85.318,122714,122786,3,38.203
1781045530.879,85.373,122714,122786,3,127.908
1781045530.932,85.425,122714,122786,3,57.340
1781045530.985,85.479,122714,122786,3,18.577
1781045531.038,85.532,122714,122786,3,19.018
1781045531.090,85.584,122714,122786,3,38.076
1781045531.143,85.637,122714,122786,3,38.108
1781045531.195,85.689,122714,122786,3,19.048
1781045531.248,85.742,122714,122786,3,95.219
1781045531.301,85.795,122714,122786,3,113.541
1781045531.354,85.848,122714,122786,3,56.671
1781045531.406,85.900,122714,122786,3,19.221
1781045531.458,85.952,122714,122786,3,19.247
1781045531.510,86.003,122714,122786,3,19.264
1781045531.562,86.055,122714,122786,3,38.497
1781045531.615,86.108,122714,122786,3,18.894
1781045531.666,86.160,122714,122786,3,19.254
1781045531.718,86.212,122714,122786,3,19.265
1781045531.772,86.266,122714,122786,3,18.611
1781045531.825,86.318,122714,122786,3,19.068
1781045531.877,86.371,122714,122786,3,56.907
1781045531.933,86.426,122714,122786,3,18.073
1781045531.985,86.479,122714,122786,3,37.882
1781045532.037,86.531,122714,122786,3,19.274
1781045532.089,86.583,122714,122786,3,19.261
1781045532.141,86.635,122714,122786,3,38.544
1781045532.193,86.687,122714,122786,3,0.000
1781045532.245,86.739,122714,122786,3,38.527
1781045532.297,86.791,122714,122786,3,57.782
1781045532.349,86.843,122714,122786,3,134.489
1781045532.401,86.895,122714,122786,3,19.201
1781045532.453,86.947,122714,122786,3,19.266
1781045532.506,87.000,122714,122786,3,37.766
1781045532.558,87.052,122714,122786,3,19.084
1781045532.611,87.105,122714,122786,3,37.984
1781045532.663,87.157,122714,122786,3,19.180
1781045532.715,87.209,122714,122786,3,38.503
1781045532.767,87.261,122714,122786,3,19.262
1781045532.819,87.313,122714,122786,3,38.517
1781045532.871,87.365,122714,122786,3,19.059
1781045532.924,87.418,122714,122786,3,57.099
1781045532.981,87.475,122714,122786,3,121.367
1781045533.035,87.529,122714,122786,3,37.338
1781045533.087,87.581,122714,122786,3,38.516
1781045533.139,87.633,122714,122786,3,19.193
1781045533.191,87.685,122714,122786,3,38.545
1781045533.243,87.737,122714,122786,3,19.276
1781045533.295,87.789,122714,122786,3,19.276
1781045533.347,87.840,122714,122786,3,38.560
1781045533.398,87.892,122714,122786,3,19.280
1781045533.450,87.944,122714,122786,3,96.338
1781045533.502,87.996,122714,122786,3,96.103
1781045533.554,88.048,122714,122786,3,19.232
1781045533.607,88.100,122714,122786,3,0.000
1781045533.658,88.152,122714,122786,3,19.255
1781045533.710,88.204,122714,122786,3,38.548
1781045533.762,88.256,122714,122786,3,38.501
1781045533.814,88.308,122714,122786,3,115.469
1781045533.869,88.363,122714,122786,2,73.192
1781045533.925,88.419,122714,122786,2,35.830
1781045533.977,88.471,122714,122786,2,38.349
1781045534.029,88.523,122714,122786,2,19.175
1781045534.081,88.575,122714,122786,2,19.118
1781045534.133,88.627,122714,122786,2,38.485
1781045534.185,88.679,122714,122786,2,57.795
1781045534.238,88.731,122714,122786,2,114.609
1781045534.290,88.784,122714,122786,2,57.481
1781045534.342,88.835,122714,122786,2,19.262
1781045534.394,88.887,122714,122786,2,38.526
1781045534.445,88.939,122714,122786,2,19.266
1781045534.497,88.991,122714,122786,2,19.261
1781045534.549,89.043,122714,122786,2,19.263
1781045534.601,89.095,122714,122786,2,38.462
1781045534.653,89.147,122714,122786,2,19.267
1781045534.705,89.199,122714,122786,2,0.000
1781045534.760,89.253,122714,122786,2,36.981
1781045534.812,89.306,122714,122786,0,133.125
1781045534.865,89.359,122714,122786,0,75.373
1781045534.919,89.413,122714,122786,0,37.328
1781045534.972,89.466,122714,122786,0,37.477
1781045535.030,89.524,122714,122786,0,34.753
1781045535.089,89.583,122714,122786,0,118.388
1781045535.141,89.635,122714,122786,0,57.355
1781045535.193,89.687,122714,122786,0,19.184
1781045535.245,89.739,122714,122786,0,0.000
1781045535.297,89.791,122714,122786,0,96.228
1781045535.349,89.843,122714,122786,0,115.000
1781045535.401,89.895,122714,122786,0,19.212
1781045535.453,89.947,122714,122786,0,19.237
1781045535.506,89.999,122714,122786,0,19.158
1781045535.558,90.052,122714,122786,0,19.191
1781045535.610,90.104,122714,122786,0,38.395
1781045535.662,90.156,122714,122786,0,115.340
1781045535.721,90.215,122714,122786,0,67.537
1781045535.776,90.270,122714,122786,0,18.127
1781045535.829,90.323,122714,122786,0,37.839
1781045535.883,90.377,122714,122786,0,18.379
1781045535.935,90.429,122714,122786,0,38.547
1781045535.987,90.481,122714,122786,0,19.288
1781045536.039,90.533,122714,122786,0,19.283
1781045536.091,90.585,122714,122786,0,38.584
1781045536.143,90.637,122714,122786,0,19.268
1781045536.195,90.689,122714,122786,0,57.845
1781045536.247,90.741,122714,122786,2,95.493
1781045536.299,90.793,122714,122786,2,0.000
1781045536.351,90.845,122714,122786,2,57.790
1781045536.403,90.897,122714,122786,2,38.074
1781045536.459,90.953,122714,122786,2,0.000
1781045536.512,91.006,122714,122786,1,56.994
1781045536.565,91.059,122714,122786,1,56.592
1781045536.618,91.111,122714,122786,1,0.000
1781045536.671,91.164,122714,122786,1,56.659
1781045536.726,91.220,122714,122786,0,126.789
1781045536.779,91.273,122714,122786,0,56.660
1781045536.834,91.328,122714,122786,0,18.072
1781045536.887,91.380,122714,122786,0,19.037
1781045536.940,91.434,122714,122786,0,55.759
1781045536.993,91.487,122714,122786,0,114.592
1781045537.045,91.539,122714,122786,0,38.469
1781045537.097,91.590,122714,122786,0,19.261
1781045537.149,91.642,122714,122786,0,38.538
1781045537.200,91.694,122714,122786,0,19.272
1781045537.252,91.746,122714,122786,0,77.049
1781045537.305,91.798,122714,122786,0,95.808
1781045537.356,91.850,122714,122786,0,19.254
1781045537.408,91.902,122714,122786,0,19.275
1781045537.460,91.954,122714,122786,0,38.500
1781045537.512,92.006,122714,122786,0,0.000
1781045537.565,92.058,122714,122786,0,38.376
1781045537.617,92.110,122714,122786,0,38.385
1781045537.669,92.162,122714,122786,0,19.246
1781045537.721,92.215,122714,122786,0,19.180
1781045537.774,92.268,122714,122786,0,37.709
1781045537.826,92.320,122714,122786,0,115.397
1781045537.878,92.372,122714,122786,0,76.547
1781045537.935,92.429,122714,122786,0,17.449
1781045537.987,92.481,122714,122786,0,38.397
1781045538.039,92.533,122714,122786,0,19.207
1781045538.091,92.585,122714,122786,0,19.268
1781045538.144,92.638,122714,122786,0,19.044
1781045538.196,92.690,122714,122786,0,38.419
1781045538.249,92.743,122714,122786,0,18.849
1781045538.301,92.795,122714,122786,0,76.804
1781045538.354,92.848,122714,122786,1,113.716
1781045538.406,92.900,122714,122786,1,19.172
1781045538.458,92.952,122714,122786,1,0.000
1781045538.510,93.004,122714,122786,1,38.517
1781045538.562,93.056,122714,122786,1,19.287
1781045538.614,93.108,122714,122786,1,38.295
1781045538.667,93.161,122714,122786,1,0.000
1781045538.719,93.213,122714,122786,1,38.446
1781045538.771,93.265,122714,122786,1,19.015
1781045538.824,93.317,122714,122786,1,134.063
1781045538.876,93.370,122714,122786,1,94.839
1781045538.932,93.426,122714,122786,1,17.844
1781045538.984,93.478,122714,122786,1,38.495
1781045539.037,93.530,122714,122786,1,19.123
1781045539.089,93.582,122714,122786,1,19.234
1781045539.141,93.635,122714,122786,1,19.169
1781045539.193,93.687,122714,122786,1,19.198
1781045539.245,93.739,122714,122786,1,76.971
1781045539.297,93.791,122714,122786,1,114.418
1781045539.349,93.843,122714,122786,1,19.228
1781045539.401,93.895,122714,122786,1,19.240
1781045539.453,93.947,122714,122786,1,38.506
1781045539.505,93.999,122714,122786,1,19.238
1781045539.558,94.052,122714,122786,1,37.852
1781045539.610,94.104,122714,122786,1,19.197
1781045539.663,94.156,122714,122786,1,19.084
1781045539.715,94.209,122714,122786,1,18.917
1781045539.768,94.262,122714,122786,1,132.602
1781045539.823,94.317,122714,122786,1,54.869
1781045539.876,94.370,122714,122786,1,37.607
1781045539.929,94.422,122714,122786,1,38.080
1781045539.981,94.475,122714,122786,1,19.105
1781045540.033,94.527,122714,122786,1,19.254
1781045540.085,94.579,122714,122786,1,19.249
1781045540.137,94.631,122714,122786,1,77.014
1781045540.189,94.683,122714,122786,1,95.878
1781045540.241,94.735,122714,122786,1,38.385
1781045540.293,94.787,122714,122786,1,19.241
1781045540.345,94.839,122714,122786,1,19.253
1781045540.397,94.891,122714,122786,1,38.512
1781045540.449,94.943,122714,122786,1,19.251
1781045540.501,94.995,122714,122786,1,19.244
1781045540.553,95.046,122714,122786,1,19.259
1781045540.606,95.099,122714,122786,1,37.772
1781045540.658,95.151,122714,122786,1,38.464
1781045540.713,95.207,122714,122786,1,0.000
1781045540.765,95.259,122714,122786,3,96.002
1781045540.817,95.311,122714,122786,3,95.835
1781045540.869,95.363,122714,122786,3,19.235
1781045540.921,95.415,122714,122786,3,19.158
1781045540.974,95.468,122714,122786,3,19.075
1781045541.026,95.520,122714,122786,3,19.214
1781045541.079,95.573,122714,122786,3,56.338
1781045541.140,95.634,122714,122786,3,131.883
1781045541.192,95.686,122714,122786,3,38.283
1781045541.244,95.738,122714,122786,3,19.263
1781045541.296,95.790,122714,122786,3,77.010
1781045541.348,95.842,122714,122786,3,94.876
1781045541.400,95.894,122714,122786,3,38.430
1781045541.452,95.946,122714,122786,3,19.239
1781045541.505,95.998,122714,122786,3,19.181
1781045541.558,96.052,122714,122786,3,18.705
1781045541.612,96.105,122714,122786,3,37.405
1781045541.666,96.160,122714,122786,3,36.392
1781045541.719,96.212,122714,122786,3,38.428
1781045541.772,96.265,122714,122786,3,18.868
1781045541.825,96.319,122714,122786,3,18.744
1781045541.878,96.371,122714,122786,3,37.987
1781045541.931,96.425,122714,122786,3,56.134
1781045541.985,96.479,122714,122786,3,18.574
1781045542.038,96.531,122714,122786,3,37.924
1781045542.090,96.584,122714,122786,3,75.947
1781045542.144,96.638,122714,122786,3,92.944
1781045542.196,96.690,122714,122786,3,38.221
1781045542.248,96.742,122714,122786,3,0.000
1781045542.300,96.794,122714,122786,3,115.362
1781045542.353,96.847,122714,122786,3,133.393
1781045542.406,96.900,122714,122786,3,56.774
1781045542.458,96.952,122714,122786,3,19.234
1781045542.510,97.004,122714,122786,3,96.228
1781045542.562,97.056,122714,122786,3,75.739
1781045542.615,97.108,122714,122786,3,19.219
1781045542.667,97.160,122714,122786,3,115.423
1781045542.719,97.213,122714,122786,3,76.473
1781045542.771,97.265,122714,122786,3,38.076
1781045542.824,97.318,122714,122786,3,19.016
1781045542.879,97.373,122714,122786,3,18.011
1781045542.932,97.426,122714,122786,3,0.000
1781045542.984,97.478,122714,122786,3,76.866
1781045543.038,97.532,122714,122786,3,0.000
1781045543.094,97.588,122714,122786,3,53.737
1781045543.146,97.640,122714,122786,3,96.153
1781045543.198,97.692,122714,122786,3,95.872
1781045543.250,97.744,122714,122786,3,0.000
1781045543.303,97.797,122714,122786,3,0.000
1781045543.355,97.849,122714,122786,3,0.000
1781045543.407,97.901,122714,122786,3,57.649
1781045543.459,97.953,122714,122786,3,19.173
1781045543.513,98.007,122714,122786,3,37.221
1781045543.565,98.058,122714,122786,3,0.000
1781045543.617,98.111,122714,122786,3,18.912
1781045543.670,98.164,122714,122786,3,114.620
1781045543.724,98.218,122714,122786,3,55.700
1781045543.776,98.270,122714,122786,3,38.403
1781045543.829,98.323,122714,122786,3,37.744
1781045543.887,98.381,122714,122786,3,34.310
1781045543.939,98.433,122714,122786,3,0.000
1781045543.991,98.485,122714,122786,3,0.000
1781045544.043,98.537,122714,122786,3,0.000
1781045544.095,98.589,122714,122786,3,115.333
1781045544.147,98.641,122714,122786,3,95.612
1781045544.199,98.693,122714,122786,3,19.260
1781045544.251,98.745,122714,122786,3,19.279
1781045544.303,98.797,122714,122786,3,38.559
1781045544.355,98.849,122714,122786,3,0.000
1781045544.407,98.900,122714,122786,3,96.283
1781045544.459,98.953,122714,122786,3,76.852
1781045544.512,99.005,122714,122786,3,18.906
1781045544.564,99.057,122714,122786,3,0.000
1781045544.616,99.110,122714,122786,3,57.615
1781045544.668,99.161,122714,122786,3,0.000
1781045544.720,99.213,122714,122786,3,38.520
1781045544.772,99.266,122714,122786,3,37.811
1781045544.826,99.320,122714,122786,3,18.510
1781045544.879,99.373,122714,122786,3,0.000
1781045544.931,99.425,122714,122786,3,38.498
1781045544.990,99.484,122714,122786,3,0.000
1781045545.043,99.536,122714,122786,3,113.903
1781045545.104,99.598,122714,122786,3,97.114
1781045545.156,99.650,122714,122786,3,0.000
1781045545.208,99.702,122714,122786,3,0.000
1781045545.260,99.754,122714,122786,3,0.000
1781045545.313,99.807,122714,122786,3,38.008
1781045545.365,99.859,122714,122786,3,0.000
1781045545.418,99.912,122714,122786,3,75.629
1781045545.472,99.966,122714,122786,3,55.765
1781045545.525,100.019,122714,122786,3,38.057
1781045545.579,100.073,122714,122786,3,18.396
1781045545.631,100.125,122714,122786,3,57.602
1781045545.687,100.181,122714,122786,3,124.614
1781045545.740,100.234,122714,122786,3,19.052
1781045545.792,100.286,122714,122786,3,19.092
1781045545.844,100.338,122714,122786,3,19.216
1781045545.896,100.390,122714,122786,3,19.263
1781045545.948,100.442,122714,122786,3,19.272
1781045546.000,100.494,122714,122786,3,19.272
1781045546.052,100.546,122714,122786,3,96.250
1781045546.104,100.598,122714,122786,3,76.330
1781045546.156,100.650,122714,122786,3,38.447
1781045546.208,100.702,122714,122786,3,38.494
1781045546.261,100.755,122714,122786,3,18.984
1781045546.313,100.807,122714,122786,3,19.072
1781045546.365,100.859,122714,122786,3,38.468
1781045546.417,100.911,122714,122786,3,0.000
1781045546.469,100.963,122714,122786,3,96.095
1781045546.522,101.016,122714,122786,3,95.598
1781045546.576,101.069,122714,122786,3,37.145
1781045546.632,101.125,122714,122786,3,35.742
1781045546.684,101.178,122714,122786,3,19.096
1781045546.737,101.230,122714,122786,3,37.907
1781045546.789,101.282,122714,122786,3,19.250
1781045546.840,101.334,122714,122786,3,19.270
1781045546.892,101.386,122714,122786,3,57.805
1781045546.944,101.438,122714,122786,3,115.292
1781045546.996,101.490,122714,122786,3,19.248
1781045547.048,101.542,122714,122786,3,19.276
1781045547.100,101.594,122714,122786,3,19.266
1781045547.152,101.646,122714,122786,3,38.507
1781045547.205,101.698,122714,122786,3,95.141
1781045547.258,101.751,122714,122786,3,132.214
1781045547.310,101.804,122714,122786,3,0.000
1781045547.362,101.856,122714,122786,3,19.145
1781045547.414,101.908,122714,122786,3,0.000
1781045547.467,101.961,122714,122786,2,0.000
1781045547.520,102.014,122714,122786,2,169.381
1781045547.575,102.068,122714,122786,1,109.935
1781045547.632,102.125,122714,122786,1,35.094
1781045547.683,102.177,122714,122786,1,38.517
1781045547.736,102.230,122714,122786,1,133.691
1781045547.788,102.282,122714,122786,1,38.069
1781045547.840,102.334,122714,122786,1,19.231
1781045547.893,102.386,122714,122786,1,19.165
1781045547.945,102.439,122714,122786,1,37.879
1781045547.998,102.492,122714,122786,1,57.032
1781045548.050,102.544,122714,122786,3,114.604
1781045548.102,102.596,122714,122786,3,38.448
1781045548.155,102.649,122714,122786,3,18.913
1781045548.207,102.701,122714,122786,3,96.293
1781045548.259,102.753,122714,122786,3,57.668
1781045548.311,102.805,122714,122786,3,57.647
1781045548.363,102.857,122714,122786,3,115.092
1781045548.416,102.910,122714,122786,3,57.307
1781045548.468,102.961,122714,122786,3,19.239
1781045548.520,103.014,122714,122786,3,113.949
1781045548.572,103.066,122714,122786,3,38.423
1781045548.624,103.118,122714,122786,3,38.449
1781045548.677,103.171,122714,122786,3,18.861
1781045548.729,103.223,122714,122786,3,38.480
1781045548.782,103.276,122714,122786,3,94.697
1781045548.835,103.329,122714,122786,3,57.070
1781045548.887,103.381,122714,122786,3,76.220
1781045548.945,103.438,122714,122786,3,122.077
1781045548.997,103.491,122714,122786,3,38.329
1781045549.049,103.543,122714,122786,3,77.031
1781045549.101,103.595,122714,122786,3,95.655
1781045549.153,103.647,122714,122786,3,38.455
1781045549.205,103.699,122714,122786,3,57.749
1781045549.257,103.751,122714,122786,1,114.981
1781045549.309,103.803,122714,122786,1,57.693
1781045549.361,103.855,122714,122786,1,77.027
1781045549.414,103.908,122714,122786,1,75.093
1781045549.466,103.960,122714,122786,1,38.313
1781045549.525,104.019,122714,122786,1,34.154
1781045549.578,104.072,122714,122786,1,37.942
1781045549.632,104.126,122714,122786,1,128.682
1781045549.684,104.178,122714,122786,1,57.439
1781045549.736,104.230,122714,122786,1,38.530
1781045549.788,104.282,122714,122786,1,19.273
1781045549.840,104.334,122714,122786,1,57.815
1781045549.892,104.386,122714,122786,1,115.194
1781045549.944,104.438,122714,122786,1,38.365
1781045549.996,104.490,122714,122786,1,77.036
1781045550.049,104.543,122714,122786,1,114.263
1781045550.101,104.595,122714,122786,1,19.240
1781045550.153,104.646,122714,122786,1,19.261
1781045550.205,104.698,122714,122786,1,96.226
1781045550.257,104.751,122714,122786,1,95.871
1781045550.309,104.803,122714,122786,1,38.110
1781045550.362,104.856,122714,122786,1,18.955
1781045550.416,104.910,122714,122786,1,128.388
1781045550.469,104.963,122714,122786,1,95.447
1781045550.526,105.019,122714,122786,1,17.648
1781045550.578,105.072,122714,122786,1,151.878
1781045550.635,105.129,122714,122786,1,88.481
1781045550.687,105.180,122714,122786,1,0.000
1781045550.739,105.232,122714,122786,1,0.000
1781045550.790,105.284,122714,122786,1,0.000
1781045550.842,105.336,122714,122786,1,115.477
1781045550.895,105.389,122714,122786,0,95.100
1781045550.947,105.441,122714,122786,0,38.125
1781045550.999,105.493,122714,122786,0,38.500
1781045551.051,105.545,122714,122786,0,76.801
1781045551.104,105.598,122714,122786,0,113.591
1781045551.157,105.651,122714,122786,0,19.022
1781045551.209,105.703,122714,122786,0,38.338
1781045551.261,105.755,122714,122786,2,96.081
1781045551.313,105.807,122714,122786,2,134.161
1781045551.365,105.859,122714,122786,2,19.195
1781045551.417,105.911,122714,122786,2,96.140
1781045551.470,105.964,122714,122786,2,75.683
1781045551.523,106.017,122714,122786,2,18.938
1781045551.575,106.069,122714,122786,2,38.280
1781045551.628,106.122,122714,122786,1,38.178
1781045551.681,106.175,122714,122786,1,37.643
1781045551.741,106.235,122714,122786,1,133.058
1781045551.793,106.287,122714,122786,1,95.865
1781045551.874,106.368,122714,122786,1,61.787
1781045551.926,106.420,122714,122786,1,38.255
1781045551.979,106.472,122714,122786,1,152.832
1781045552.031,106.525,122714,122786,1,57.292
1781045552.083,106.577,122714,122786,1,19.254
1781045552.141,106.634,122714,122786,1,121.353
1781045552.193,106.687,122714,122786,1,57.341
1781045552.245,106.739,122714,122786,1,19.250
1781045552.297,106.791,122714,122786,1,19.077
1781045552.350,106.844,122714,122786,1,38.172
1781045552.402,106.896,122714,122786,1,38.048
1781045552.455,106.949,122714,122786,1,95.131
1781045552.508,107.002,122714,122786,1,94.140
1781045552.561,107.055,122714,122786,1,18.963
1781045552.615,107.109,122714,122786,1,18.497
1781045552.667,107.161,122714,122786,1,0.000
1781045552.719,107.213,122714,122786,1,94.680
1781045552.777,107.271,122714,122786,1,122.241
1781045552.829,107.323,122714,122786,1,38.344
1781045552.881,107.375,122714,122786,1,38.508
1781045552.933,107.427,122714,122786,1,19.256
1781045552.985,107.479,122714,122786,1,19.270
1781045553.037,107.530,122714,122786,1,19.239
1781045553.089,107.582,122714,122786,1,19.248
1781045553.141,107.634,122714,122786,1,57.770
1781045553.192,107.686,122714,122786,1,0.000
1781045553.244,107.738,122714,122786,1,38.543
1781045553.296,107.790,122714,122786,1,19.270
1781045553.348,107.842,122714,122786,1,19.268
1781045553.400,107.894,122714,122786,1,96.429
1781045553.452,107.946,122714,122786,1,76.690
1781045553.504,107.998,122714,122786,1,19.265
1781045553.556,108.050,122714,122786,1,19.262
1781045553.609,108.102,122714,122786,1,19.009
1781045553.661,108.154,122714,122786,1,115.492
1781045553.714,108.208,122714,122786,0,75.065
1781045553.766,108.260,122714,122786,0,19.235
1781045553.818,108.312,122714,122786,0,19.121
1781045553.874,108.368,122714,122786,0,142.801
1781045553.927,108.421,122714,122786,0,76.039
1781045553.979,108.473,122714,122786,0,19.217
1781045554.031,108.525,122714,122786,0,19.205
1781045554.084,108.578,122714,122786,0,131.565
1781045554.136,108.630,122714,122786,3,76.579
1781045554.188,108.682,122714,122786,3,0.000
1781045554.240,108.734,122714,122786,3,77.113
1781045554.292,108.786,122714,122786,3,115.030
1781045554.344,108.838,122714,122786,3,38.421
1781045554.396,108.890,122714,122786,3,19.270
1781045554.448,108.942,122714,122786,3,38.553
1781045554.500,108.994,122714,122786,3,77.091
1781045554.552,109.046,122714,122786,3,95.318
1781045554.604,109.098,122714,122786,2,0.000
1781045554.656,109.150,122714,122786,2,0.000
1781045554.708,109.202,122714,122786,2,115.440
1781045554.760,109.254,122714,122786,2,95.968
1781045554.812,109.306,122714,122786,2,19.241
1781045554.865,109.359,122714,122786,0,19.059
1781045554.917,109.411,122714,122786,0,19.236
1781045554.969,109.463,122714,122786,0,38.517
1781045555.022,109.515,122714,122786,0,18.942
1781045555.074,109.568,122714,122786,0,133.459
1781045555.127,109.621,122714,122786,0,56.601
1781045555.179,109.673,122714,122786,0,38.448
1781045555.232,109.726,122714,122786,0,132.986
1781045555.284,109.778,122714,122786,0,38.431
1781045555.336,109.829,122714,122786,0,19.270
1781045555.388,109.881,122714,122786,0,77.092
1781045555.440,109.933,122714,122786,0,115.391
1781045555.491,109.985,122714,122786,0,19.251
1781045555.543,110.037,122714,122786,2,0.000
1781045555.595,110.089,122714,122786,2,38.607
1781045555.647,110.141,122714,122786,2,19.273
1781045555.699,110.193,122714,122786,2,38.556
1781045555.751,110.245,122714,122786,2,19.286
1781045555.803,110.297,122714,122786,2,19.259
1781045555.855,110.349,122714,122786,2,38.446
1781045555.914,110.408,122714,122786,2,16.855
1781045555.968,110.462,122714,122786,2,36.836
1781045556.021,110.515,122714,122786,2,18.864
1781045556.073,110.567,122714,122786,2,0.000
1781045556.125,110.619,122714,122786,2,19.237
1781045556.179,110.673,122714,122786,2,55.399
1781045556.237,110.730,122714,122786,2,122.455
1781045556.289,110.783,122714,122786,2,76.381
1781045556.341,110.835,122714,122786,2,19.268
1781045556.393,110.887,122714,122786,2,19.266
1781045556.445,110.939,122714,122786,2,19.272
1781045556.497,110.990,122714,122786,2,96.267
1781045556.549,111.043,122714,122786,0,95.508
1781045556.601,111.095,122714,122786,0,38.414
1781045556.653,111.147,122714,122786,0,19.255
1781045556.705,111.199,122714,122786,0,57.594
1781045556.757,111.251,122714,122786,0,76.996
1781045556.809,111.303,122714,122786,0,95.926
1781045556.862,111.355,122714,122786,0,0.000
1781045556.914,111.408,122714,122786,0,76.344
1781045556.966,111.460,122714,122786,0,19.248
1781045557.018,111.512,122714,122786,0,115.419
1781045557.071,111.565,122714,122786,0,75.007
1781045557.124,111.618,122714,122786,0,19.053
1781045557.177,111.670,122714,122786,0,37.766
1781045557.231,111.725,122714,122786,0,18.453
1781045557.284,111.778,122714,122786,0,56.695
1781045557.340,111.834,122714,122786,0,106.769
1781045557.392,111.886,122714,122786,0,57.583
1781045557.444,111.938,122714,122786,0,38.520
1781045557.496,111.990,122714,122786,0,19.263
1781045557.548,112.042,122714,122786,0,19.238
1781045557.600,112.094,122714,122786,0,114.349
1781045557.653,112.147,122714,122786,0,113.793
1781045557.705,112.199,122714,122786,0,57.220
1781045557.757,112.251,122714,122786,0,38.533
1781045557.809,112.303,122714,122786,0,38.514
1781045557.862,112.356,122714,122786,0,76.363
1781045557.914,112.408,122714,122786,0,114.776
1781045557.966,112.460,122714,122786,0,38.487
1781045558.018,112.512,122714,122786,0,0.000
1781045558.071,112.565,122714,122786,0,37.516
1781045558.123,112.617,122714,122786,0,38.279
1781045558.175,112.669,122714,122786,0,38.492
1781045558.231,112.725,122714,122786,0,0.000
1781045558.283,112.777,122714,122786,0,38.511
1781045558.335,112.829,122714,122786,0,115.089
1781045558.388,112.882,122714,122786,0,37.984
1781045558.440,112.934,122714,122786,0,19.239
1781045558.492,112.986,122714,122786,0,0.000
1781045558.544,113.038,122714,122786,0,0.000
1781045558.596,113.089,122714,122786,0,77.135
1781045558.648,113.141,122714,122786,0,77.025
1781045558.700,113.194,122714,122786,0,115.203
1781045558.752,113.246,122714,122786,0,38.429
1781045558.804,113.298,122714,122786,0,76.998
1781045558.856,113.350,122714,122786,0,94.647
1781045558.908,113.402,122714,122786,0,57.723
1781045558.960,113.454,122714,122786,0,77.026
1781045559.013,113.507,122714,122786,2,114.361
1781045559.065,113.559,122714,122786,2,38.468
1781045559.117,113.611,122714,122786,2,0.000
1781045559.169,113.663,122714,122786,2,115.460
1781045559.222,113.716,122714,122786,0,131.921
1781045559.274,113.768,122714,122786,0,0.000
1781045559.326,113.820,122714,122786,0,76.353
1781045559.378,113.872,122714,122786,0,134.285
1781045559.432,113.926,122714,122786,0,74.089
1781045559.484,113.978,122714,122786,0,38.476
1781045559.536,114.030,122714,122786,0,115.118
1781045559.588,114.082,122714,122786,0,19.269
1781045559.642,114.136,122714,122786,0,55.801
1781045559.694,114.188,122714,122786,2,134.396
1781045559.746,114.240,122714,122786,2,19.223
1781045559.798,114.292,122714,122786,2,38.540
1781045559.850,114.344,122714,122786,2,77.094
1781045559.903,114.396,122714,122786,2,133.116
1781045559.955,114.448,122714,122786,2,0.000
1781045560.006,114.500,122714,122786,2,0.000
1781045560.059,114.552,122714,122786,2,0.000
1781045560.111,114.605,122714,122786,2,95.929
1781045560.163,114.657,122714,122786,2,94.792
1781045560.217,114.710,122714,122786,2,56.473
1781045560.269,114.763,122714,122786,0,114.807
1781045560.326,114.820,122714,122786,1,70.266
1781045560.379,114.873,122714,122786,1,113.319
1781045560.431,114.925,122714,122786,1,38.459
1781045560.483,114.976,122714,122786,1,38.509
1781045560.537,115.031,122714,122786,1,91.786
1781045560.589,115.083,122714,122786,1,19.286
1781045560.641,115.135,122714,122786,1,76.991
1781045560.693,115.187,122714,122786,1,96.059
1781045560.745,115.239,122714,122786,1,0.000
1781045560.797,115.291,122714,122786,1,96.178
1781045560.849,115.343,122714,122786,1,76.314
1781045560.901,115.395,122714,122786,1,0.000
1781045560.953,115.447,122714,122786,1,0.000
1781045561.005,115.499,122714,122786,1,134.513
1781045561.058,115.552,122714,122786,1,75.452
1781045561.110,115.604,122714,122786,1,115.477
1781045561.162,115.656,122714,122786,1,38.395
1781045561.214,115.708,122714,122786,1,38.505
1781045561.266,115.760,122714,122786,3,115.442
1781045561.318,115.812,122714,122786,3,57.616
1781045561.371,115.865,122714,122786,3,18.891
1781045561.424,115.918,122714,122786,3,133.150
1781045561.482,115.976,122714,122786,3,34.363
1781045561.534,116.028,122714,122786,3,57.833
1781045561.587,116.081,122714,122786,3,94.228
1781045561.643,116.137,122714,122786,3,35.669
1781045561.695,116.189,122714,122786,3,38.530
1781045561.747,116.241,122714,122786,3,114.716
1781045561.800,116.294,122714,122786,3,19.092
1781045561.852,116.346,122714,122786,3,19.081
1781045561.905,116.398,122714,122786,3,114.478
1781045561.957,116.451,122714,122786,3,57.476
1781045562.009,116.503,122714,122786,3,19.067
1781045562.062,116.555,122714,122786,3,19.098
1781045562.115,116.608,122714,122786,3,18.894
1781045562.166,116.660,122714,122786,3,115.482
1781045562.220,116.713,122714,122786,3,75.249
1781045562.281,116.775,122714,122786,3,16.204
1781045562.334,116.828,122714,122786,3,56.990
1781045562.393,116.887,122714,122786,3,16.927
1781045562.445,116.939,122714,122786,3,57.742
1781045562.497,116.991,122714,122786,3,114.646
1781045562.549,117.043,122714,122786,3,0.000
1781045562.601,117.095,122714,122786,3,38.561
1781045562.653,117.147,122714,122786,3,19.235
1781045562.706,117.200,122714,122786,3,114.314
1781045562.758,117.252,122714,122786,3,114.090
1781045562.811,117.305,122714,122786,3,18.991
1781045562.863,117.357,122714,122786,3,0.000
1781045562.915,117.409,122714,122786,3,134.792
1781045562.970,117.464,122714,122786,3,54.761
1781045563.022,117.516,122714,122786,3,38.137
1781045563.074,117.568,122714,122786,3,38.420
1781045563.126,117.620,122714,122786,3,114.737
1781045563.179,117.672,122714,122786,3,38.436
1781045563.231,117.725,122714,122786,3,38.333
1781045563.283,117.777,122714,122786,3,95.126
1781045563.335,117.829,122714,122786,3,0.000
1781045563.387,117.881,122714,122786,3,19.263
1781045563.439,117.933,122714,122786,3,0.000
1781045563.492,117.985,122714,122786,3,0.000
1781045563.544,118.037,122714,122786,3,96.249
1781045563.596,118.090,122714,122786,3,57.511
1781045563.648,118.141,122714,122786,3,19.251
1781045563.700,118.193,122714,122786,3,38.517
1781045563.753,118.247,122714,122786,3,0.000
1781045563.805,118.299,122714,122786,3,115.378
1781045563.857,118.351,122714,122786,3,38.362
1781045563.909,118.403,122714,122786,3,38.480
1781045563.962,118.456,122714,122786,3,131.963
1781045564.016,118.510,122714,122786,3,55.416
1781045564.069,118.563,122714,122786,3,18.906
1781045564.122,118.616,122714,122786,3,18.829
1781045564.175,118.669,122714,122786,3,56.689
1781045564.231,118.725,122714,122786,2,124.385
1781045564.283,118.777,122714,122786,2,19.266
1781045564.335,118.829,122714,122786,2,38.531
1781045564.387,118.881,122714,122786,2,19.274
1781045564.439,118.933,122714,122786,2,38.403
1781045564.491,118.985,122714,122786,2,57.619
1781045564.544,119.038,122714,122786,2,113.820
1781045564.596,119.090,122714,122786,2,19.266
1781045564.648,119.142,122714,122786,2,19.270
1781045564.700,119.194,122714,122786,2,77.064
1781045564.752,119.246,122714,122786,2,114.683
1781045564.804,119.298,122714,122786,2,19.257
1781045564.856,119.350,122714,122786,2,19.235
1781045564.908,119.402,122714,122786,2,115.722
1781045564.960,119.454,122714,122786,2,56.898
1781045565.013,119.507,122714,122786,2,19.122
1781045565.065,119.559,122714,122786,2,38.479
1781045565.117,119.611,122714,122786,2,134.700
1781045565.169,119.663,122714,122786,2,38.343
1781045565.221,119.715,122714,122786,3,19.125
1781045565.274,119.768,122714,122786,1,132.892
1781045565.326,119.820,122714,122786,1,38.351
1781045565.380,119.874,122714,122786,1,37.231
1781045565.432,119.926,122714,122786,1,0.000
1781045565.484,119.978,122714,122786,1,57.788
1781045565.536,120.030,122714,122786,1,133.700
1781045565.591,120.084,122714,122786,1,55.262
1781045565.642,120.136,122714,122786,1,19.259
1781045565.694,120.188,122714,122786,1,77.106
1781045565.746,120.240,122714,122786,1,115.375
1781045565.798,120.292,122714,122786,1,76.948
1781045565.850,120.344,122714,122786,1,95.959
1781045565.902,120.396,122714,122786,1,38.500
1781045565.954,120.448,122714,122786,1,19.266
1781045566.006,120.500,122714,122786,1,57.653
1781045566.058,120.552,122714,122786,1,95.818
1781045566.110,120.604,122714,122786,1,19.259
1781045566.163,120.657,122714,122786,3,19.107
1781045566.215,120.709,122714,122786,3,38.514
1781045566.267,120.760,122714,122786,3,96.270
1781045566.319,120.813,122714,122786,3,57.644
1781045566.371,120.865,122714,122786,3,38.399
1781045566.423,120.917,122714,122786,3,0.000
1781045566.476,120.969,122714,122786,3,38.059
1781045566.528,121.022,122714,122786,3,38.103
1781045566.580,121.074,122714,122786,3,19.109
1781045566.634,121.128,122714,122786,3,37.470
1781045566.686,121.180,122714,122786,2,38.523
1781045566.738,121.231,122714,122786,2,19.265
1781045566.790,121.283,122714,122786,2,19.269
1781045566.841,121.335,122714,122786,2,57.784
1781045566.893,121.387,122714,122786,3,115.247
1781045566.945,121.439,122714,122786,3,38.487
1781045566.997,121.491,122714,122786,3,19.272
1781045567.049,121.543,122714,122786,3,19.259
1781045567.101,121.595,122714,122786,2,38.586
1781045567.153,121.647,122714,122786,2,19.260
1781045567.205,121.699,122714,122786,2,19.251
1781045567.257,121.751,122714,122786,2,19.158
1781045567.310,121.803,122714,122786,2,0.000
1781045567.362,121.855,122714,122786,2,0.000
1781045567.414,121.908,122714,122786,2,76.293
1781045567.466,121.960,122714,122786,2,19.095
1781045567.518,122.012,122714,122786,2,19.253
1781045567.570,122.064,122714,122786,2,134.812
1781045567.623,122.117,122714,122786,0,75.429
1781045567.678,122.172,122714,122786,0,18.157
1781045567.731,122.225,122714,122786,0,38.138
1781045567.783,122.277,122714,122786,0,19.266
1781045567.835,122.329,122714,122786,0,19.063
1781045567.888,122.382,122714,122786,0,38.118
1781045567.941,122.435,122714,122786,0,37.521
1781045567.994,122.488,122714,122786,0,37.437
1781045568.047,122.541,122714,122786,0,37.775
1781045568.100,122.594,122714,122786,3,18.945
1781045568.153,122.646,122714,122786,3,38.110
1781045568.205,122.699,122714,122786,3,18.972
1781045568.259,122.753,122714,122786,3,37.388
1781045568.324,122.818,122714,122786,3,30.683
1781045568.377,122.871,122714,122786,3,132.236
1781045568.430,122.924,122714,122786,3,131.350
1781045568.486,122.980,122714,122786,3,17.799
1781045568.538,123.032,122714,122786,3,19.263
1781045568.590,123.084,122714,122786,3,38.535
1781045568.647,123.141,122714,122786,3,35.402
1781045568.699,123.193,122714,122786,3,37.948
1781045568.751,123.245,122714,122786,2,38.451
1781045568.803,123.297,122714,122786,2,19.247
1781045568.855,123.349,122714,122786,2,38.511
1781045568.907,123.401,122714,122786,2,96.342
1781045568.960,123.454,122714,122786,2,76.193
1781045569.012,123.506,122714,122786,2,19.077
1781045569.064,123.558,122714,122786,2,19.243
1781045569.116,123.610,122714,122786,2,38.201
1781045569.169,123.663,122714,122786,2,19.045
1781045569.222,123.716,122714,122786,2,94.134
1781045569.275,123.769,122714,122786,2,75.669
1781045569.327,123.821,122714,122786,2,19.245
1781045569.379,123.873,122714,122786,2,19.233
1781045569.431,123.925,122714,122786,2,38.368
1781045569.483,123.977,122714,122786,2,38.541
1781045569.535,124.029,122714,122786,2,19.272
1781045569.587,124.081,122714,122786,2,57.823
1781045569.639,124.133,122714,122786,2,95.962
1781045569.691,124.185,122714,122786,2,19.264
1781045569.743,124.236,122714,122786,2,19.275
1781045569.794,124.288,122714,122786,2,77.106
1781045569.847,124.340,122714,122786,2,96.028
1781045569.898,124.392,122714,122786,2,19.263
1781045569.951,124.444,122714,122786,2,19.187
1781045570.002,124.496,122714,122786,2,19.265
1781045570.054,124.548,122714,122786,2,115.561
1781045570.106,124.600,122714,122786,2,57.653
1781045570.159,124.653,122714,122786,2,19.122
1781045570.211,124.705,122714,122786,2,38.370
1781045570.263,124.757,122714,122786,1,19.116
1781045570.315,124.809,122714,122786,1,19.234
1781045570.368,124.862,122714,122786,1,131.379
1781045570.422,124.916,122714,122786,1,37.294
1781045570.477,124.971,122714,122786,1,18.260
1781045570.531,125.025,122714,122786,1,129.561
1781045570.583,125.077,122714,122786,1,19.134
1781045570.635,125.129,122714,122786,1,57.516
1781045570.687,125.181,122714,122786,1,19.260
1781045570.739,125.233,122714,122786,1,19.155
1781045570.792,125.285,122714,122786,1,57.548
1781045570.848,125.342,122714,122786,1,105.921
1781045570.900,125.394,122714,122786,1,38.382
1781045570.952,125.446,122714,122786,1,19.229
1781045571.004,125.498,122714,122786,1,96.019
1781045571.057,125.551,122714,122786,1,75.407
1781045571.110,125.604,122714,122786,1,19.054
1781045571.162,125.656,122714,122786,1,38.420
1781045571.214,125.708,122714,122786,1,19.234
1781045571.266,125.760,122714,122786,1,0.000
1781045571.318,125.812,122714,122786,1,38.475
1781045571.376,125.870,122714,122786,1,136.848
1781045571.434,125.928,122714,122786,1,17.282
1781045571.486,125.980,122714,122786,1,19.226
1781045571.538,126.032,122714,122786,1,19.255
1781045571.590,126.084,122714,122786,1,0.000
1781045571.642,126.136,122714,122786,1,0.000
1781045571.694,126.188,122714,122786,1,57.687
1781045571.746,126.240,122714,122786,1,19.263
1781045571.798,126.292,122714,122786,1,76.956
1781045571.850,126.344,122714,122786,1,96.030
1781045571.902,126.396,122714,122786,1,0.000
1781045571.954,126.448,122714,122786,1,57.627
1781045572.006,126.500,122714,122786,1,96.258
1781045572.060,126.553,122714,122786,1,56.344
1781045572.111,126.605,122714,122786,1,38.540
1781045572.163,126.657,122714,122786,1,19.207
1781045572.215,126.709,122714,122786,1,19.241
1781045572.267,126.761,122714,122786,1,38.468
1781045572.319,126.813,122714,122786,1,115.390
1781045572.373,126.867,122714,122786,1,37.033
1781045572.430,126.924,122714,122786,1,35.064
1781045572.482,126.976,122714,122786,1,38.527
1781045572.534,127.028,122714,122786,1,38.506
1781045572.587,127.080,122714,122786,1,114.750
1781045572.642,127.136,122714,122786,1,36.096
1781045572.694,127.188,122714,122786,1,19.258
1781045572.746,127.240,122714,122786,1,77.009
1781045572.798,127.292,122714,122786,1,57.502
1781045572.850,127.344,122714,122786,1,38.526
1781045572.902,127.396,122714,122786,1,76.675
1781045572.954,127.448,122714,122786,2,95.813
1781045573.006,127.500,122714,122786,2,19.219
1781045573.058,127.552,122714,122786,2,96.143
1781045573.112,127.606,122714,122786,2,74.559
1781045573.164,127.658,122714,122786,2,19.230
1781045573.216,127.710,122714,122786,2,115.364
1781045573.268,127.762,122714,122786,2,19.208
1781045573.320,127.814,122714,122786,2,19.185
1781045573.372,127.866,122714,122786,2,115.125
1781045573.424,127.918,122714,122786,2,19.211
1781045573.478,127.972,122714,122786,3,55.492
1781045573.531,128.025,122714,122786,3,132.426
1781045573.585,128.079,122714,122786,3,18.696
1781045573.637,128.131,122714,122786,3,0.000
1781045573.690,128.184,122714,122786,0,19.019
1781045573.743,128.237,122714,122786,0,18.930
1781045573.796,128.289,122714,122786,0,113.569
1781045573.848,128.342,122714,122786,0,96.047
1781045573.900,128.394,122714,122786,0,0.000
1781045573.952,128.446,122714,122786,0,19.234
1781045574.004,128.498,122714,122786,0,96.158
1781045574.057,128.551,122714,122786,0,75.479
1781045574.109,128.602,122714,122786,0,19.277
1781045574.161,128.655,122714,122786,0,114.751
1781045574.214,128.708,122714,122786,0,56.408
1781045574.266,128.760,122714,122786,0,0.000
1781045574.318,128.812,122714,122786,0,0.000
1781045574.371,128.865,122714,122786,2,150.761
1781045574.424,128.918,122714,122786,2,38.294
1781045574.476,128.970,122714,122786,2,38.055
1781045574.531,129.025,122714,122786,2,18.168
1781045574.584,129.078,122714,122786,2,38.057
1781045574.636,129.130,122714,122786,2,38.419
1781045574.688,129.182,122714,122786,2,95.912
1781045574.740,129.234,122714,122786,2,19.247
1781045574.792,129.286,122714,122786,2,38.533
1781045574.844,129.338,122714,122786,2,19.283
1781045574.896,129.389,122714,122786,2,19.276
1781045574.947,129.441,122714,122786,2,38.561
1781045574.999,129.493,122714,122786,2,76.997
1781045575.052,129.546,122714,122786,1,95.442
1781045575.105,129.598,122714,122786,0,0.000
1781045575.157,129.650,122714,122786,0,0.000
1781045575.208,129.702,122714,122786,0,57.779
1781045575.261,129.755,122714,122786,0,38.072
1781045575.313,129.807,122714,122786,0,19.245
1781045575.365,129.859,122714,122786,0,38.488
1781045575.417,129.911,122714,122786,0,115.452
1781045575.471,129.965,122714,122786,3,55.592
1781045575.523,130.017,122714,122786,3,0.000
1781045575.575,130.069,122714,122786,3,57.293
1781045575.631,130.125,122714,122786,3,17.840
1781045575.684,130.178,122714,122786,3,37.979
1781045575.740,130.234,122714,122786,3,124.433
1781045575.796,130.290,122714,122786,3,17.751
1781045575.848,130.342,122714,122786,2,0.000
1781045575.900,130.394,122714,122786,3,115.410
1781045575.956,130.450,122714,122786,3,71.946
1781045576.008,130.502,122714,122786,3,19.116
1781045576.061,130.555,122714,122786,3,38.017
1781045576.113,130.607,122714,122786,3,19.192
1781045576.165,130.659,122714,122786,3,115.435
1781045576.218,130.711,122714,122786,3,95.045
1781045576.270,130.764,122714,122786,3,19.198
1781045576.324,130.818,122714,122786,3,36.911
1781045576.376,130.870,122714,122786,3,38.531
1781045576.431,130.925,122714,122786,3,126.180
1781045576.484,130.977,122714,122786,3,38.273
1781045576.535,131.029,122714,122786,3,38.512
1781045576.587,131.081,122714,122786,3,19.275
1781045576.639,131.133,122714,122786,3,38.499
1781045576.691,131.185,122714,122786,3,57.727
1781045576.743,131.237,122714,122786,3,115.049
1781045576.796,131.289,122714,122786,3,38.380
1781045576.847,131.341,122714,122786,3,38.554
1781045576.899,131.393,122714,122786,3,57.832
1781045576.952,131.445,122714,122786,3,133.767
1781045577.004,131.498,122714,122786,3,57.432
1781045577.056,131.550,122714,122786,3,0.000
1781045577.108,131.602,122714,122786,3,135.034
1781045577.160,131.654,122714,122786,3,38.089
1781045577.220,131.714,122714,122786,3,82.963
1781045577.273,131.767,122714,122786,3,38.019
1781045577.326,131.819,122714,122786,3,38.146
1781045577.378,131.871,122714,122786,3,153.482
1781045577.433,131.927,122714,122786,3,54.421
1781045577.485,131.979,122714,122786,3,38.522
1781045577.537,132.030,122714,122786,3,38.529
1781045577.589,132.083,122714,122786,3,134.451
1781045577.641,132.135,122714,122786,3,38.135
1781045577.693,132.187,122714,122786,3,0.000
1781045577.745,132.239,122714,122786,3,57.745
1781045577.798,132.292,122714,122786,3,37.746
1781045577.850,132.344,122714,122786,3,96.360
1781045577.903,132.396,122714,122786,3,94.916
1781045577.955,132.449,122714,122786,3,19.142
1781045578.007,132.501,122714,122786,3,134.854
1781045578.060,132.554,122714,122786,2,93.575
1781045578.114,132.608,122714,122786,2,74.661
1781045578.166,132.660,122714,122786,2,38.448
1781045578.219,132.713,122714,122786,2,37.679
1781045578.273,132.767,122714,122786,2,128.359
1781045578.334,132.828,122714,122786,2,147.301
1781045578.386,132.880,122714,122786,2,57.811
1781045578.438,132.932,122714,122786,2,96.118
1781045578.491,132.985,122714,122786,2,95.185
1781045578.543,133.037,122714,122786,2,38.548
1781045578.595,133.089,122714,122786,2,19.190
1781045578.647,133.141,122714,122786,2,95.412
1781045578.700,133.194,122714,122786,3,114.592
1781045578.752,133.246,122714,122786,3,133.710
1781045578.804,133.298,122714,122786,3,38.490
1781045578.856,133.350,122714,122786,3,96.346
1781045578.908,133.402,122714,122786,3,114.278
1781045578.961,133.455,122714,122786,3,57.357
1781045579.013,133.507,122714,122786,2,114.439
1781045579.065,133.559,122714,122786,2,95.950
1781045579.117,133.611,122714,122786,2,0.000
1781045579.169,133.663,122714,122786,2,38.337
1781045579.221,133.715,122714,122786,2,0.000
1781045579.273,133.767,122714,122786,2,0.000
1781045579.325,133.819,122714,122786,2,19.239
1781045579.378,133.872,122714,122786,2,0.000
1781045579.430,133.924,122714,122786,2,0.000
1781045579.482,133.976,122714,122786,2,19.234
1781045579.534,134.028,122714,122786,2,76.348
1781045579.596,134.089,122714,122786,2,130.127
1781045579.648,134.141,122714,122786,2,115.234
1781045579.700,134.194,122714,122786,2,95.970
1781045579.752,134.245,122714,122786,2,19.268
1781045579.804,134.297,122714,122786,2,96.307
1781045579.856,134.350,122714,122786,2,76.389
1781045579.908,134.402,122714,122786,2,38.513
1781045579.960,134.454,122714,122786,2,19.271
1781045580.012,134.506,122714,122786,2,38.247
1781045580.064,134.558,122714,122786,2,19.248
1781045580.116,134.610,122714,122786,2,115.559
1781045580.169,134.663,122714,122786,2,75.533
1781045580.222,134.715,122714,122786,2,18.973
1781045580.274,134.768,122714,122786,2,38.033
1781045580.330,134.824,122714,122786,2,17.781
1781045580.382,134.876,122714,122786,2,38.547
1781045580.434,134.928,122714,122786,2,19.276
1781045580.486,134.980,122714,122786,2,38.545
1781045580.538,135.032,122714,122786,2,19.266
1781045580.590,135.084,122714,122786,2,38.542
1781045580.642,135.136,122714,122786,2,38.515
1781045580.695,135.189,122714,122786,2,112.783
1781045580.747,135.241,122714,122786,2,76.794
1781045580.799,135.293,122714,122786,2,38.498
1781045580.851,135.345,122714,122786,2,19.247
1781045580.903,135.397,122714,122786,2,19.278
1781045580.955,135.449,122714,122786,2,38.492
1781045581.007,135.501,122714,122786,2,19.267
1781045581.059,135.552,122714,122786,2,19.255
1781045581.111,135.605,122714,122786,2,95.660
1781045581.163,135.657,122714,122786,2,95.331
1781045581.215,135.709,122714,122786,2,19.249
1781045581.268,135.762,122714,122786,2,19.095
1781045581.320,135.814,122714,122786,2,38.031
1781045581.372,135.866,122714,122786,2,38.300
1781045581.428,135.921,122714,122786,0,36.344
1781045581.488,135.981,122714,122786,0,133.045
1781045581.540,136.034,122714,122786,0,38.428
1781045581.592,136.085,122714,122786,0,19.261
1781045581.644,136.137,122714,122786,0,38.510
1781045581.696,136.190,122714,122786,0,19.152
1781045581.748,136.241,122714,122786,0,38.558
1781045581.800,136.293,122714,122786,0,19.272
1781045581.851,136.345,122714,122786,0,96.305
1781045581.904,136.398,122714,122786,3,95.567
1781045581.956,136.450,122714,122786,3,19.219
1781045582.008,136.502,122714,122786,3,38.538
1781045582.060,136.553,122714,122786,3,19.266
1781045582.111,136.605,122714,122786,3,19.265
1781045582.163,136.657,122714,122786,3,19.244
1781045582.215,136.709,122714,122786,3,19.259
1781045582.268,136.761,122714,122786,3,19.157
1781045582.321,136.815,122714,122786,3,112.277
1781045582.374,136.868,122714,122786,3,113.894
1781045582.428,136.922,122714,122786,3,18.479
1781045582.484,136.978,122714,122786,3,142.644
1781045582.536,137.030,122714,122786,3,76.224
1781045582.588,137.082,122714,122786,3,19.259
1781045582.640,137.134,122714,122786,3,76.986
1781045582.692,137.186,122714,122786,3,115.174
1781045582.744,137.238,122714,122786,3,38.408
1781045582.796,137.290,122714,122786,3,19.259
1781045582.848,137.342,122714,122786,3,19.257
1781045582.900,137.394,122714,122786,3,38.545
1781045582.952,137.446,122714,122786,3,0.000
1781045583.004,137.498,122714,122786,3,96.239
1781045583.056,137.550,122714,122786,3,133.675
1781045583.109,137.603,122714,122786,3,38.080
1781045583.162,137.655,122714,122786,2,0.000
1781045583.214,137.708,122714,122786,2,38.270
1781045583.266,137.760,122714,122786,2,19.247
1781045583.318,137.812,122714,122786,2,38.482
1781045583.370,137.864,122714,122786,2,19.090
1781045583.423,137.916,122714,122786,2,19.092
1781045583.478,137.972,122714,122786,2,18.031
1781045583.530,138.024,122714,122786,2,19.264
1781045583.589,138.083,122714,122786,2,50.884
1781045583.646,138.140,122714,122786,2,87.169
1781045583.699,138.192,122714,122786,2,114.709
1781045583.751,138.244,122714,122786,2,19.215
1781045583.803,138.297,122714,122786,1,38.175
1781045583.855,138.349,122714,122786,1,19.074
1781045583.908,138.402,122714,122786,1,37.679
1781045583.961,138.455,122714,122786,1,18.905
1781045584.014,138.508,122714,122786,1,38.047
1781045584.066,138.560,122714,122786,1,19.025
1781045584.119,138.613,122714,122786,1,38.104
1781045584.173,138.666,122714,122786,1,37.255
1781045584.226,138.719,122714,122786,1,132.241
1781045584.279,138.772,122714,122786,1,113.347
1781045584.334,138.828,122714,122786,1,53.934
1781045584.386,138.880,122714,122786,1,115.378
1781045584.438,138.932,122714,122786,1,38.441
1781045584.490,138.984,122714,122786,1,19.284
1781045584.542,139.036,122714,122786,1,19.268
1781045584.594,139.088,122714,122786,1,19.262
1781045584.646,139.140,122714,122786,1,38.494
1781045584.698,139.192,122714,122786,1,77.074
1781045584.750,139.244,122714,122786,1,114.257
1781045584.802,139.296,122714,122786,1,19.250
1781045584.854,139.348,122714,122786,1,19.254
1781045584.906,139.400,122714,122786,1,19.276
1781045584.958,139.452,122714,122786,1,19.265
1781045585.010,139.504,122714,122786,1,38.422
1781045585.062,139.556,122714,122786,1,19.253
1781045585.114,139.608,122714,122786,1,115.536
1781045585.168,139.662,122714,122786,1,73.829
1781045585.221,139.715,122714,122786,1,37.604
1781045585.278,139.772,122714,122786,1,17.639
1781045585.334,139.827,122714,122786,1,35.909
1781045585.385,139.879,122714,122786,1,19.275
1781045585.438,139.932,122714,122786,1,38.246
1781045585.490,139.983,122714,122786,1,19.270
1781045585.542,140.035,122714,122786,1,19.243
1781045585.594,140.087,122714,122786,1,38.513
1781045585.645,140.139,122714,122786,1,0.000
1781045585.697,140.191,122714,122786,1,38.522
1781045585.750,140.243,122714,122786,1,76.645
1781045585.802,140.296,122714,122786,1,133.796
1781045585.854,140.348,122714,122786,1,19.210
1781045585.906,140.400,122714,122786,1,19.258
1781045585.958,140.452,122714,122786,1,38.488
1781045586.010,140.504,122714,122786,1,0.000
1781045586.062,140.556,122714,122786,1,38.498
1781045586.114,140.607,122714,122786,1,38.613
1781045586.166,140.660,122714,122786,1,38.189
1781045586.221,140.715,122714,122786,1,18.162
1781045586.275,140.769,122714,122786,1,0.000
1781045586.327,140.821,122714,122786,1,19.256
1781045586.379,140.873,122714,122786,1,19.272
1781045586.431,140.925,122714,122786,1,0.000
1781045586.483,140.977,122714,122786,1,0.000
1781045586.535,141.029,122714,122786,1,19.249
1781045586.587,141.081,122714,122786,1,76.995
1781045586.643,141.137,122714,122786,1,124.635
1781045586.695,141.189,122714,122786,1,96.043
1781045586.747,141.241,122714,122786,1,114.872
1781045586.799,141.293,122714,122786,1,19.253
1781045586.851,141.345,122714,122786,1,19.270
1781045586.903,141.397,122714,122786,1,38.547
1781045586.955,141.449,122714,122786,1,19.249
1781045587.007,141.501,122714,122786,1,38.501
1781045587.059,141.553,122714,122786,1,19.257
1781045587.111,141.605,122714,122786,1,96.440
1781045587.163,141.657,122714,122786,1,95.718
1781045587.215,141.709,122714,122786,1,38.170
1781045587.270,141.764,122714,122786,1,18.263
1781045587.322,141.816,122714,122786,1,19.275
1781045587.374,141.868,122714,122786,1,19.281
1781045587.428,141.921,122714,122786,1,18.616
1781045587.480,141.973,122714,122786,1,57.797
1781045587.532,142.026,122714,122786,1,114.638
1781045587.584,142.078,122714,122786,1,57.584
1781045587.636,142.130,122714,122786,1,38.258
1781045587.688,142.182,122714,122786,1,19.281
1781045587.740,142.234,122714,122786,1,38.555
1781045587.792,142.286,122714,122786,1,19.261
1781045587.844,142.338,122714,122786,1,95.865
1781045587.896,142.390,122714,122786,1,96.096
1781045587.948,142.442,122714,122786,1,57.646
1781045588.000,142.494,122714,122786,1,38.537
1781045588.068,142.562,122714,122786,1,29.296
1781045588.124,142.618,122714,122786,1,53.774
1781045588.176,142.670,122714,122786,3,114.899
1781045588.228,142.722,122714,122786,3,76.802
1781045588.280,142.774,122714,122786,3,19.239
1781045588.332,142.826,122714,122786,3,38.536
1781045588.384,142.878,122714,122786,3,57.744
1781045588.436,142.930,122714,122786,3,115.310
1781045588.488,142.982,122714,122786,3,57.506
1781045588.540,143.034,122714,122786,3,19.267
1781045588.592,143.086,122714,122786,3,19.241
1781045588.644,143.138,122714,122786,3,38.482
1781045588.696,143.190,122714,122786,3,19.246
1781045588.748,143.242,122714,122786,3,19.260
1781045588.800,143.294,122714,122786,3,38.474
1781045588.852,143.346,122714,122786,3,19.268
1781045588.905,143.399,122714,122786,3,94.328
1781045588.958,143.452,122714,122786,3,113.367
1781045589.010,143.504,122714,122786,3,19.198
1781045589.062,143.556,122714,122786,3,38.418
1781045589.114,143.608,122714,122786,3,115.767
1781045589.169,143.662,122714,122786,3,128.160
1781045589.221,143.715,122714,122786,3,19.018
1781045589.273,143.767,122714,122786,3,19.199
1781045589.326,143.820,122714,122786,3,37.635
1781045589.380,143.874,122714,122786,3,37.472
1781045589.432,143.926,122714,122786,3,57.069
1781045589.485,143.979,122714,122786,3,132.969
1781045589.538,144.032,122714,122786,3,113.399
1781045589.590,144.084,122714,122786,3,19.054
1781045589.642,144.136,122714,122786,3,19.257
1781045589.694,144.188,122714,122786,3,96.366
1781045589.746,144.240,122714,122786,3,115.330
1781045589.798,144.292,122714,122786,3,38.463
1781045589.850,144.344,122714,122786,3,19.282
1781045589.902,144.396,122714,122786,3,19.141
1781045589.957,144.450,122714,122786,3,36.824
1781045590.010,144.504,122714,122786,3,111.543
1781045590.063,144.557,122714,122786,3,114.642
1781045590.116,144.610,122714,122786,3,55.927
1781045590.176,144.670,122714,122786,3,16.840
1781045590.228,144.722,122714,122786,3,19.246
1781045590.280,144.773,122714,122786,3,57.757
1781045590.335,144.829,122714,122786,3,125.328
1781045590.388,144.881,122714,122786,3,134.286
1781045590.440,144.934,122714,122786,3,114.393
1781045590.492,144.986,122714,122786,3,76.482
1781045590.544,145.038,122714,122786,3,19.254
1781045590.596,145.090,122714,122786,3,77.044
1781045590.649,145.143,122714,122786,3,113.024
1781045590.701,145.195,122714,122786,3,76.762
1781045590.753,145.247,122714,122786,3,0.000
1781045590.806,145.300,122714,122786,3,114.626
1781045590.859,145.353,122714,122786,3,112.796
1781045590.912,145.405,122714,122786,3,57.009
1781045590.964,145.458,122714,122786,3,18.913
1781045591.019,145.513,122714,122786,3,36.630
1781045591.071,145.565,122714,122786,3,38.191
1781045591.125,145.619,122714,122786,3,92.485
1781045591.178,145.672,122714,122786,3,114.229
1781045591.230,145.724,122714,122786,3,38.177
1781045591.282,145.776,122714,122786,3,19.213
1781045591.334,145.828,122714,122786,3,0.000
1781045591.386,145.880,122714,122786,3,19.223
1781045591.438,145.932,122714,122786,3,38.449
1781045591.490,145.984,122714,122786,3,96.176
1781045591.543,146.037,122714,122786,3,114.492
1781045591.595,146.089,122714,122786,3,76.755
1781045591.647,146.141,122714,122786,3,76.822
1781045591.699,146.193,122714,122786,3,133.576
1781045591.751,146.245,122714,122786,3,19.188
1781045591.803,146.297,122714,122786,3,38.509
1781045591.855,146.349,122714,122786,3,19.213
1781045591.908,146.402,122714,122786,3,38.182
1781045591.960,146.454,122714,122786,3,19.211
1781045592.012,146.506,122714,122786,3,38.079
1781045592.065,146.559,122714,122786,3,113.317
1781045592.128,146.622,122714,122786,3,127.602
1781045592.182,146.676,122714,122786,3,18.515
1781045592.234,146.728,122714,122786,3,19.272
1781045592.286,146.780,122714,122786,3,19.277
1781045592.338,146.832,122714,122786,3,77.051
1781045592.390,146.884,122714,122786,3,115.363
1781045592.443,146.937,122714,122786,3,37.289
1781045592.495,146.989,122714,122786,3,19.179
1781045592.548,147.042,122714,122786,3,37.807
1781045592.600,147.094,122714,122786,3,38.496
1781045592.652,147.146,122714,122786,3,19.224
1781045592.704,147.198,122714,122786,3,96.243
1781045592.757,147.251,122714,122786,3,132.140
1781045592.809,147.303,122714,122786,3,38.376
1781045592.862,147.356,122714,122786,3,37.684
1781045592.915,147.408,122714,122786,3,38.427
1781045592.967,147.461,122714,122786,3,114.127
1781045593.020,147.514,122714,122786,3,131.460
1781045593.075,147.569,122714,122786,3,36.733
1781045593.127,147.621,122714,122786,3,38.546
1781045593.179,147.672,122714,122786,3,19.275
1781045593.231,147.724,122714,122786,3,38.443
1781045593.282,147.776,122714,122786,3,19.270
1781045593.334,147.828,122714,122786,3,57.778
1781045593.388,147.881,122714,122786,3,112.679
1781045593.440,147.934,122714,122786,3,76.187
1781045593.492,147.986,122714,122786,3,19.239
1781045593.544,148.038,122714,122786,3,19.273
1781045593.596,148.090,122714,122786,3,76.672
1781045593.648,148.142,122714,122786,3,115.082
1781045593.700,148.194,122714,122786,3,57.658
1781045593.752,148.246,122714,122786,3,38.502
1781045593.804,148.298,122714,122786,3,96.242
1781045593.856,148.350,122714,122786,3,115.046
1781045593.909,148.403,122714,122786,1,56.876
1781045593.961,148.455,122714,122786,1,19.239
1781045594.014,148.508,122714,122786,1,57.095
1781045594.066,148.560,122714,122786,1,0.000
1781045594.118,148.612,122714,122786,1,132.975
1781045594.176,148.669,122714,122786,1,105.016
1781045594.233,148.727,122714,122786,1,70.020
1781045594.285,148.779,122714,122786,1,19.238
1781045594.337,148.831,122714,122786,1,38.032
1781045594.389,148.883,122714,122786,1,57.728
1781045594.441,148.935,122714,122786,1,114.908
1781045594.494,148.987,122714,122786,1,76.617
1781045594.546,149.040,122714,122786,1,0.000
1781045594.598,149.092,122714,122786,1,76.684
1781045594.650,149.144,122714,122786,1,37.990
1781045594.703,149.197,122714,122786,1,114.444
1781045594.756,149.250,122714,122786,1,131.461
1781045594.810,149.304,122714,122786,1,111.906
1781045594.863,149.357,122714,122786,1,37.330
1781045594.916,149.410,122714,122786,1,37.851
1781045594.969,149.463,122714,122786,1,114.311
1781045595.021,149.515,122714,122786,1,114.878
1781045595.074,149.568,122714,122786,1,56.412
1781045595.126,149.620,122714,122786,1,38.242
1781045595.178,149.672,122714,122786,1,19.193
1781045595.232,149.726,122714,122786,1,0.000
1781045595.284,149.778,122714,122786,1,19.204
1781045595.336,149.830,122714,122786,1,76.891
1781045595.389,149.883,122714,122786,1,133.694
1781045595.441,149.935,122714,122786,1,96.049
1781045595.493,149.987,122714,122786,1,38.389
1781045595.545,150.039,122714,122786,1,0.000
1781045595.599,150.093,122714,122786,1,55.331
1781045595.651,150.145,122714,122786,1,0.000
1781045595.703,150.197,122714,122786,1,0.000
1781045595.755,150.249,122714,122786,1,153.490
1781045595.807,150.301,122714,122786,1,96.017
1781045595.859,150.353,122714,122786,1,96.070
1781045595.911,150.405,122714,122786,1,19.266
1781045595.963,150.457,122714,122786,1,38.388
1781045596.015,150.509,122714,122786,1,19.250
1781045596.067,150.561,122714,122786,1,0.000
1781045596.119,150.613,122714,122786,1,38.159
1781045596.172,150.665,122714,122786,1,134.150
1781045596.226,150.720,122714,122786,1,110.891
1781045596.279,150.773,122714,122786,1,18.616
1781045596.340,150.833,122714,122786,1,33.239
1781045596.395,150.889,122714,122786,1,35.913
1781045596.448,150.941,122714,122786,1,38.232
1781045596.500,150.994,122714,122786,1,19.159
1781045596.552,151.046,122714,122786,1,95.422
1781045596.605,151.099,122714,122786,1,112.808
1781045596.658,151.152,122714,122786,1,95.103
1781045596.711,151.205,122714,122786,1,37.888
1781045596.763,151.257,122714,122786,1,19.262
1781045596.815,151.308,122714,122786,1,19.265
1781045596.867,151.361,122714,122786,1,19.193
1781045596.919,151.412,122714,122786,1,38.482
1781045596.972,151.466,122714,122786,1,37.565
1781045597.024,151.518,122714,122786,1,19.240
1781045597.076,151.570,122714,122786,1,0.000
1781045597.128,151.622,122714,122786,1,57.591
1781045597.184,151.678,122714,122786,1,35.891
1781045597.236,151.730,122714,122786,1,57.823
1781045597.289,151.783,122714,122786,1,94.952
1781045597.341,151.835,122714,122786,1,114.874
1781045597.393,151.887,122714,122786,1,19.253
1781045597.445,151.939,122714,122786,1,38.539
1781045597.497,151.991,122714,122786,1,38.521
1781045597.549,152.042,122714,122786,1,0.000
1781045597.601,152.094,122714,122786,1,38.535
1781045597.653,152.146,122714,122786,1,19.218
1781045597.705,152.198,122714,122786,1,38.495
1781045597.757,152.250,122714,122786,1,115.274
1781045597.809,152.303,122714,122786,1,114.375
1781045597.861,152.355,122714,122786,1,114.492
1781045597.914,152.407,122714,122786,1,38.411
1781045597.966,152.459,122714,122786,1,38.433
1781045598.018,152.512,122714,122786,1,0.000
1781045598.070,152.563,122714,122786,1,19.269
1781045598.122,152.616,122714,122786,1,57.609
1781045598.192,152.686,122714,122786,1,14.269
1781045598.244,152.738,122714,122786,1,19.271
1781045598.296,152.789,122714,122786,1,76.982
1781045598.348,152.841,122714,122786,0,115.404
1781045598.401,152.895,122714,122786,0,148.875
1781045598.453,152.947,122714,122786,0,76.771
1781045598.508,153.002,122714,122786,0,36.744
1781045598.560,153.054,122714,122786,0,0.000
1781045598.612,153.106,122714,122786,0,0.000
1781045598.664,153.158,122714,122786,0,19.252
1781045598.716,153.210,122714,122786,0,153.692
1781045598.770,153.264,122714,122786,0,147.529
1781045598.823,153.317,122714,122786,0,113.596
1781045598.876,153.369,122714,122786,0,57.101
1781045598.928,153.422,122714,122786,0,19.096
1781045598.981,153.474,122714,122786,0,38.046
1781045599.032,153.526,122714,122786,0,19.258
1781045599.085,153.579,122714,122786,0,38.154
1781045599.137,153.631,122714,122786,0,115.091
1781045599.189,153.683,122714,122786,0,133.567
1781045599.242,153.735,122714,122786,0,115.175
1781045599.293,153.787,122714,122786,0,0.000
1781045599.345,153.839,122714,122786,0,96.339
1781045599.397,153.891,122714,122786,0,96.160
1781045599.450,153.943,122714,122786,0,114.983
1781045599.502,153.995,122714,122786,0,76.804
1781045599.554,154.048,122714,122786,0,134.476
1781045599.606,154.100,122714,122786,0,115.179
1781045599.659,154.153,122714,122786,0,112.458
1781045599.713,154.207,122714,122786,0,74.416
1781045599.765,154.259,122714,122786,0,38.430
1781045599.823,154.317,122714,122786,0,85.337
1781045599.880,154.374,122714,122786,0,35.366
1781045599.934,154.428,122714,122786,0,55.840
1781045599.991,154.485,122714,122786,0,105.300
1781045600.043,154.537,122714,122786,0,151.679
1781045600.099,154.593,122714,122786,0,107.918
1781045600.151,154.645,122714,122786,0,134.122
1781045600.203,154.697,122714,122786,0,134.281
1781045600.256,154.750,122714,122786,0,114.514
1781045600.308,154.802,122714,122786,0,76.806
1781045600.360,154.854,122714,122786,2,95.305
1781045600.413,154.907,122714,122786,2,113.698
1781045600.465,154.959,122714,122786,2,114.822
1781045600.519,155.013,122714,122786,2,93.351
1781045600.571,155.065,122714,122786,2,19.070
1781045600.636,155.130,122714,122786,2,30.714
1781045600.697,155.191,122714,122786,2,16.563
1781045600.749,155.243,122714,122786,2,57.749
1781045600.801,155.295,122714,122786,2,19.101
1781045600.853,155.347,122714,122786,2,76.480
1781045600.906,155.400,122714,122786,2,132.598
1781045600.959,155.453,122714,122786,2,113.997
1781045601.012,155.506,122714,122786,2,56.562
1781045601.064,155.558,122714,122786,2,38.144
1781045601.118,155.611,122714,122786,2,112.784
1781045601.173,155.667,122714,122786,2,143.580
1781045601.228,155.722,122714,122786,2,110.099
1781045601.280,155.774,122714,122786,2,57.290
1781045601.332,155.826,122714,122786,2,0.000
1781045601.384,155.878,122714,122786,2,95.707
1781045601.436,155.930,122714,122786,2,95.969
1781045601.489,155.982,122714,122786,2,134.230
1781045601.541,156.035,122714,122786,2,114.277
1781045601.593,156.087,122714,122786,2,134.209
1781045601.645,156.139,122714,122786,2,134.404
1781045601.698,156.192,122714,122786,2,114.614
1781045601.750,156.244,122714,122786,2,134.419
1781045601.802,156.296,122714,122786,2,19.169
1781045601.854,156.348,122714,122786,2,38.534
1781045601.906,156.400,122714,122786,2,0.000
1781045601.958,156.452,122714,122786,2,0.000
1781045602.010,156.504,122714,122786,2,0.000
1781045602.062,156.556,122714,122786,2,153.880
1781045602.118,156.612,122714,122786,2,106.952
1781045602.170,156.664,122714,122786,2,95.931
1781045602.223,156.717,122714,122786,2,114.058
1781045602.275,156.769,122714,122786,2,57.604
1781045602.328,156.822,122714,122786,2,56.609
1781045602.380,156.874,122714,122786,2,38.363
1781045602.438,156.932,122714,122786,2,137.678
1781045602.490,156.984,122714,122786,2,114.872
1781045602.543,157.037,122714,122786,2,114.405
1781045602.595,157.089,122714,122786,2,115.289
1781045602.647,157.141,122714,122786,0,114.787
1781045602.700,157.194,122714,122786,0,131.254
1781045602.756,157.249,122714,122786,0,126.893
1781045602.808,157.301,122714,122786,0,57.640
1781045602.860,157.354,122714,122786,0,115.127
1781045602.912,157.406,122714,122786,0,114.319
1781045602.965,157.458,122714,122786,0,114.633
1781045603.018,157.512,122714,122786,0,130.179
1781045603.071,157.564,122714,122786,0,133.829
1781045603.125,157.619,122714,122786,0,147.209
1781045603.182,157.676,122714,122786,0,121.652
1781045603.237,157.730,122714,122786,0,74.017
1781045603.288,157.782,122714,122786,0,77.008
1781045603.340,157.834,122714,122786,0,115.415
1781045603.393,157.887,122714,122786,0,113.625
1781045603.446,157.940,122714,122786,0,133.285
1781045603.498,157.992,122714,122786,0,76.843
1781045603.550,158.044,122714,122786,0,38.263
1781045603.602,158.096,122714,122786,0,76.790
1781045603.655,158.149,122714,122786,0,132.878
1781045603.708,158.201,122714,122786,0,113.818
1781045603.761,158.254,122714,122786,0,132.185
1781045603.813,158.307,122714,122786,0,57.561
1781045603.865,158.358,122714,122786,0,38.469
1781045603.917,158.410,122714,122786,0,38.501
1781045603.970,158.463,122714,122786,0,18.875
1781045604.026,158.520,122714,122786,0,123.953
1781045604.079,158.573,122714,122786,0,132.840
1781045604.134,158.628,122714,122786,0,145.011
1781045604.186,158.680,122714,122786,0,95.197
1781045604.238,158.732,122714,122786,0,38.420
1781045604.290,158.784,122714,122786,0,57.810
1781045604.343,158.836,122714,122786,0,115.024
1781045604.395,158.889,122714,122786,0,114.478
1781045604.447,158.941,122714,122786,0,134.547
1781045604.499,158.993,122714,122786,0,114.993
1781045604.551,159.045,122714,122786,0,38.452
1781045604.603,159.097,122714,122786,0,38.538
1781045604.655,159.149,122714,122786,0,96.130
1781045604.707,159.201,122714,122786,0,115.152
1781045604.759,159.253,122714,122786,0,114.977
1781045604.815,159.309,122714,122786,0,107.483
1781045604.871,159.365,122714,122786,0,53.726
1781045604.925,159.419,122714,122786,0,129.003
1781045604.977,159.471,122714,122786,0,95.947
1781045605.030,159.523,122714,122786,0,95.854
1781045605.082,159.576,122714,122786,0,115.087
1781045605.134,159.627,122714,122786,0,38.509
1781045605.187,159.681,122714,122786,0,150.184
1781045605.240,159.734,122714,122786,0,112.962
1781045605.292,159.786,122714,122786,0,96.202
1781045605.344,159.838,122714,122786,0,57.651
1781045605.396,159.890,122714,122786,0,19.289
1781045605.448,159.942,122714,122786,0,77.131
1781045605.500,159.994,122714,122786,0,115.036
1781045605.552,160.046,122714,122786,0,134.381
1781045605.604,160.098,122714,122786,0,76.340
1781045605.656,160.150,122714,122786,0,19.240
1781045605.708,160.202,122714,122786,0,19.268
1781045605.761,160.255,122714,122786,0,18.899
1781045605.813,160.307,122714,122786,0,38.496
1781045605.865,160.359,122714,122786,0,38.484
1781045605.917,160.411,122714,122786,0,19.249
1781045605.973,160.466,122714,122786,0,125.933
1781045606.030,160.524,122714,122786,0,105.077
1781045606.091,160.585,122714,122786,0,97.722
1781045606.143,160.637,122714,122786,0,19.234
1781045606.195,160.689,122714,122786,0,0.000
1781045606.247,160.741,122714,122786,0,0.000
1781045606.299,160.793,122714,122786,0,96.135
1781045606.353,160.847,122714,122786,0,74.655
1781045606.405,160.899,122714,122786,0,114.910
1781045606.457,160.951,122714,122786,0,95.771
1781045606.509,161.003,122714,122786,0,134.077
1781045606.563,161.057,122714,122786,0,18.750
1781045606.615,161.109,122714,122786,0,38.438
1781045606.667,161.161,122714,122786,0,0.000
1781045606.719,161.213,122714,122786,0,38.473
1781045606.771,161.265,122714,122786,0,19.136
1781045606.823,161.317,122714,122786,0,0.000
1781045606.875,161.369,122714,122786,0,19.172
1781045606.932,161.426,122714,122786,0,139.747
1781045606.995,161.489,122714,122786,0,143.874
1781045607.047,161.541,122714,122786,0,95.727
1781045607.100,161.593,122714,122786,0,76.310
1781045607.152,161.645,122714,122786,0,19.249
1781045607.204,161.697,122714,122786,0,76.905
1781045607.256,161.749,122714,122786,0,19.237
1781045607.308,161.801,122714,122786,0,38.457
1781045607.360,161.854,122714,122786,2,38.179
1781045607.412,161.906,122714,122786,2,19.239
1781045607.464,161.958,122714,122786,2,19.231
1781045607.516,162.010,122714,122786,2,0.000
1781045607.569,162.062,122714,122786,2,57.026
1781045607.621,162.115,122714,122786,2,19.143
1781045607.674,162.167,122714,122786,2,132.603
1781045607.733,162.227,122714,122786,2,133.853
1781045607.786,162.280,122714,122786,2,133.121
1781045607.838,162.332,122714,122786,2,38.400
1781045607.890,162.384,122714,122786,2,0.000
1781045607.942,162.436,122714,122786,2,57.679
1781045607.994,162.488,122714,122786,2,38.520
1781045608.046,162.540,122714,122786,2,38.249
1781045608.098,162.592,122714,122786,2,57.710
1781045608.150,162.644,122714,122786,2,115.247
1781045608.202,162.696,122714,122786,2,134.259
1781045608.255,162.749,122714,122786,2,112.880
1781045608.307,162.801,122714,122786,2,19.225
1781045608.360,162.853,122714,122786,2,19.218
1781045608.412,162.906,122714,122786,2,19.088
1781045608.464,162.958,122714,122786,2,38.426
1781045608.516,163.010,122714,122786,2,38.427
1781045608.569,163.062,122714,122786,2,19.032
1781045608.621,163.114,122714,122786,2,134.373
1781045608.675,163.169,122714,122786,2,128.268
1781045608.731,163.225,122714,122786,2,106.744
1781045608.784,163.278,122714,122786,2,38.285
1781045608.836,163.330,122714,122786,2,0.000
1781045608.888,163.382,122714,122786,2,38.515
1781045608.940,163.433,122714,122786,2,19.257
1781045608.992,163.485,122714,122786,2,38.497
1781045609.043,163.537,122714,122786,3,19.255
1781045609.097,163.591,122714,122786,3,74.122
1781045609.153,163.647,122714,122786,3,72.187
1781045609.212,163.706,122714,122786,3,134.465
1781045609.265,163.759,122714,122786,3,94.833
1781045609.321,163.815,122714,122786,3,71.791
1781045609.374,163.868,122714,122786,3,18.877
1781045609.428,163.922,122714,122786,3,18.436
1781045609.480,163.974,122714,122786,3,153.116
1781045609.533,164.027,122714,122786,3,114.253
1781045609.585,164.079,122714,122786,3,114.886
1781045609.637,164.131,122714,122786,3,38.570
1781045609.689,164.183,122714,122786,3,19.238
1781045609.741,164.235,122714,122786,3,38.530
1781045609.793,164.287,122714,122786,3,19.253
1781045609.845,164.338,122714,122786,3,19.253
1781045609.897,164.390,122714,122786,3,96.260
1781045609.949,164.443,122714,122786,3,115.156
1781045610.001,164.495,122714,122786,3,95.648
1781045610.053,164.547,122714,122786,2,134.261
1781045610.106,164.600,122714,122786,2,37.702
1781045610.158,164.652,122714,122786,2,38.205
1781045610.211,164.705,122714,122786,2,18.885
1781045610.264,164.758,122714,122786,2,38.023
1781045610.317,164.811,122714,122786,2,37.998
1781045610.370,164.864,122714,122786,2,37.672
1781045610.423,164.917,122714,122786,2,56.533
1781045610.477,164.971,122714,122786,2,18.353
1781045610.530,165.024,122714,122786,2,37.757
1781045610.583,165.077,122714,122786,0,132.465
1781045610.637,165.130,122714,122786,0,112.297
1781045610.689,165.183,122714,122786,0,132.522
1781045610.742,165.236,122714,122786,0,133.488
1781045610.794,165.288,122714,122786,0,19.160
1781045610.846,165.340,122714,122786,0,38.445
1781045610.898,165.392,122714,122786,0,19.265
1781045610.950,165.444,122714,122786,0,96.277
1781045611.002,165.496,122714,122786,0,115.103
1781045611.055,165.549,122714,122786,0,112.219
1781045611.108,165.602,122714,122786,0,56.703
1781045611.166,165.660,122714,122786,0,17.364
1781045611.218,165.712,122714,122786,0,0.000
1781045611.274,165.768,122714,122786,0,71.246
1781045611.337,165.830,122714,122786,0,128.926
1781045611.389,165.883,122714,122786,0,113.730
1781045611.441,165.935,122714,122786,0,38.412
1781045611.493,165.987,122714,122786,0,96.176
1781045611.545,166.039,122714,122786,0,96.095
1781045611.598,166.092,122714,122786,0,133.141
1781045611.650,166.144,122714,122786,0,19.063
1781045611.702,166.196,122714,122786,0,38.548
1781045611.754,166.248,122714,122786,0,96.295
1781045611.806,166.300,122714,122786,0,115.240
1781045611.858,166.352,122714,122786,0,95.774
1781045611.911,166.404,122714,122786,0,115.272
1781045611.963,166.457,122714,122786,0,114.148
1781045612.015,166.509,122714,122786,0,115.156
1781045612.067,166.561,122714,122786,0,134.683
1781045612.120,166.614,122714,122786,0,114.278
1781045612.172,166.666,122714,122786,0,96.007
1781045612.226,166.720,122714,122786,0,18.378
1781045612.280,166.773,122714,122786,0,56.160
1781045612.334,166.828,122714,122786,0,128.918
1781045612.386,166.880,122714,122786,0,133.994
1781045612.438,166.932,122714,122786,0,57.318
1781045612.490,166.984,122714,122786,0,38.559
1781045612.542,167.036,122714,122786,0,38.567
1781045612.594,167.088,122714,122786,0,57.872
1781045612.646,167.140,122714,122786,3,115.418
1781045612.698,167.192,122714,122786,1,115.143
1781045612.750,167.244,122714,122786,1,57.666
1781045612.802,167.296,122714,122786,1,19.279
1781045612.854,167.348,122714,122786,1,19.130
1781045612.906,167.400,122714,122786,1,115.592
1781045612.960,167.454,122714,122786,1,130.893
1781045613.014,167.508,122714,122786,1,109.510
1781045613.066,167.560,122714,122786,1,115.357
1781045613.120,167.614,122714,122786,1,130.172
1781045613.172,167.666,122714,122786,1,76.881
1781045613.228,167.722,122714,122786,1,142.614
1781045613.280,167.774,122714,122786,1,95.978
1781045613.333,167.827,122714,122786,1,94.699
1781045613.386,167.880,122714,122786,1,113.408
1781045613.441,167.935,122714,122786,1,108.764
1781045613.493,167.987,122714,122786,1,57.645
1781045613.545,168.039,122714,122786,1,77.063
1781045613.597,168.091,122714,122786,1,134.455
1781045613.649,168.143,122714,122786,1,57.684
1781045613.701,168.195,122714,122786,1,38.534
1781045613.754,168.248,122714,122786,1,19.080
1781045613.806,168.300,122714,122786,1,19.025
1781045613.859,168.353,122714,122786,3,18.996
1781045613.911,168.405,122714,122786,3,19.072
1781045613.965,168.459,122714,122786,3,130.659
1781045614.024,168.518,122714,122786,3,84.488
1781045614.076,168.570,122714,122786,3,19.266
1781045614.128,168.622,122714,122786,3,19.114
1781045614.181,168.674,122714,122786,3,19.112
1781045614.233,168.726,122714,122786,3,38.505
1781045614.285,168.779,122714,122786,3,113.449
1781045614.338,168.832,122714,122786,3,95.378
1781045614.390,168.884,122714,122786,3,38.016
1781045614.442,168.936,122714,122786,3,19.272
1781045614.494,168.988,122714,122786,3,96.355
1781045614.546,169.040,122714,122786,3,115.272
1781045614.598,169.092,122714,122786,3,38.447
1781045614.650,169.144,122714,122786,3,38.463
1781045614.702,169.196,122714,122786,3,19.274
1781045614.754,169.248,122714,122786,3,19.268
1781045614.806,169.300,122714,122786,3,19.261
1781045614.858,169.352,122714,122786,3,115.570
1781045614.911,169.405,122714,122786,1,75.548
1781045614.963,169.457,122714,122786,1,19.257
1781045615.015,169.509,122714,122786,1,38.516
1781045615.067,169.560,122714,122786,1,38.530
1781045615.119,169.613,122714,122786,1,19.085
1781045615.171,169.665,122714,122786,1,134.503
1781045615.228,169.721,122714,122786,1,35.374
1781045615.280,169.773,122714,122786,1,19.264
1781045615.332,169.825,122714,122786,1,38.472
1781045615.383,169.877,122714,122786,1,57.799
1781045615.435,169.929,122714,122786,1,115.512
1781045615.487,169.981,122714,122786,1,19.238
1781045615.539,170.033,122714,122786,1,76.808
1781045615.591,170.085,122714,122786,1,96.027
1781045615.645,170.139,122714,122786,1,37.141
1781045615.698,170.192,122714,122786,1,37.807
1781045615.751,170.244,122714,122786,1,19.114
1781045615.803,170.297,122714,122786,1,114.721
1781045615.856,170.349,122714,122786,1,113.909
1781045615.908,170.402,122714,122786,1,19.058
1781045615.960,170.454,122714,122786,1,38.297
1781045616.012,170.506,122714,122786,1,19.236
1781045616.064,170.558,122714,122786,0,96.262
1781045616.116,170.610,122714,122786,0,57.364
1781045616.169,170.663,122714,122786,0,19.056
1781045616.221,170.715,122714,122786,0,133.971
1781045616.273,170.767,122714,122786,0,76.796
1781045616.328,170.822,122714,122786,0,18.130
1781045616.380,170.874,122714,122786,0,57.783
1781045616.436,170.930,122714,122786,1,125.839
1781045616.488,170.982,122714,122786,1,38.300
1781045616.540,171.034,122714,122786,1,38.543
1781045616.592,171.086,122714,122786,1,19.281
1781045616.644,171.138,122714,122786,1,19.140
1781045616.696,171.190,122714,122786,1,19.266
1781045616.748,171.242,122714,122786,1,96.381
1781045616.800,171.294,122714,122786,1,114.877
1781045616.852,171.346,122714,122786,1,19.245
1781045616.904,171.398,122714,122786,1,96.351
1781045616.956,171.450,122714,122786,2,76.436
1781045617.008,171.502,122714,122786,2,38.492
1781045617.060,171.554,122714,122786,2,96.293
1781045617.112,171.606,122714,122786,2,96.045
1781045617.165,171.659,122714,122786,2,19.056
1781045617.217,171.711,122714,122786,2,115.389
1781045617.269,171.763,122714,122786,2,76.755
1781045617.322,171.815,122714,122786,0,19.006
1781045617.374,171.868,122714,122786,3,114.975
1781045617.426,171.920,122714,122786,3,38.026
1781045617.479,171.972,122714,122786,0,76.491
1781045617.531,172.024,122714,122786,0,57.744
1781045617.583,172.076,122714,122786,0,38.476
1781045617.635,172.128,122714,122786,0,57.577
1781045617.687,172.181,122714,122786,0,56.978
1781045617.739,172.233,122714,122786,0,19.264
1781045617.791,172.285,122714,122786,0,19.267
1781045617.843,172.337,122714,122786,0,0.000
1781045617.895,172.389,122714,122786,0,19.263
1781045617.947,172.441,122714,122786,0,38.479
1781045617.999,172.493,122714,122786,0,0.000
1781045618.051,172.545,122714,122786,0,19.262
1781045618.103,172.597,122714,122786,0,0.000
1781045618.155,172.649,122714,122786,0,0.000
1781045618.207,172.701,122714,122786,0,19.257
1781045618.262,172.756,122714,122786,0,54.893
1781045618.314,172.808,122714,122786,0,38.503
1781045618.366,172.860,122714,122786,0,19.218
1781045618.418,172.912,122714,122786,0,38.537
1781045618.470,172.963,122714,122786,0,0.000
1781045618.522,173.016,122714,122786,0,0.000
1781045618.574,173.068,122714,122786,0,0.000
1781045618.628,173.122,122714,122786,0,0.000
1781045618.680,173.174,122714,122786,0,19.048
1781045618.733,173.226,122714,122786,0,19.090
1781045618.785,173.279,122714,122786,0,0.000
1781045618.837,173.331,122714,122786,0,0.000
1781045618.889,173.383,122714,122786,0,0.000
1781045618.941,173.435,122714,122786,0,0.000
1781045618.993,173.487,122714,122786,0,0.000
1781045619.046,173.540,122714,122786,0,18.794
1781045619.098,173.592,122714,122786,0,0.000
1781045619.151,173.644,122714,122786,0,0.000
1781045619.202,173.696,122714,122786,0,0.000
1781045619.254,173.748,122714,122786,0,19.266
1781045619.306,173.800,122714,122786,0,0.000
1781045619.413,173.906,122714,122786,0,18.813
1781045619.465,173.958,122714,122786,0,0.000
1781045619.516,174.010,122714,122786,0,0.000
1781045619.568,174.062,122714,122786,0,0.000
1781045619.621,174.114,122714,122786,0,0.000
1781045619.673,174.167,122714,122786,0,0.000
1781045619.726,174.219,122714,122786,0,19.087
1781045619.778,174.271,122714,122786,0,19.215
1781045619.830,174.324,122714,122786,0,0.000
1781045619.882,174.376,122714,122786,0,0.000
1781045619.934,174.428,122714,122786,0,0.000
1781045619.986,174.479,122714,122786,0,0.000
1781045620.039,174.533,122714,122786,0,18.638
1781045620.091,174.585,122714,122786,0,19.179
1781045620.144,174.637,122714,122786,0,0.000
1781045620.196,174.690,122714,122786,0,0.000
1781045620.248,174.742,122714,122786,0,0.000
1781045620.300,174.794,122714,122786,0,0.000
1781045620.352,174.846,122714,122786,0,0.000
1781045620.406,174.900,122714,122786,0,0.000
1781045620.462,174.956,122714,122786,0,0.000
1781045620.514,175.008,122714,122786,0,19.211
1781045620.566,175.060,122714,122786,0,19.214
1781045620.618,175.112,122714,122786,0,0.000
1781045620.671,175.165,122714,122786,0,0.000
1781045620.728,175.222,122714,122786,0,17.676
1781045620.780,175.273,122714,122786,0,0.000
1781045620.833,175.327,122714,122786,0,0.000
1781045620.895,175.389,122714,122786,0,0.000
1781045620.947,175.441,122714,122786,0,19.059
1781045621.000,175.494,122714,122786,0,0.000
1781045621.053,175.546,122714,122786,0,0.000
1781045621.105,175.599,122714,122786,0,57.016
1781045621.158,175.652,122714,122786,0,56.509
1781045621.210,175.704,122714,122786,0,0.000
1781045621.261,175.755,122714,122786,0,0.000
1781045621.312,175.806,122714,122786,0,0.000
1781045621.364,175.858,122714,122786,0,0.000
1781045621.415,175.909,122714,122786,0,0.000
1781045621.467,175.961,122714,122786,0,0.000
1781045621.518,176.012,122714,122786,0,0.000
1781045621.570,176.064,122714,122786,0,0.000
1781045621.621,176.115,122714,122786,0,0.000
1781045621.673,176.167,122714,122786,0,0.000
1781045621.724,176.218,122714,122786,0,0.000
1781045621.776,176.269,122714,122786,0,0.000
1781045621.830,176.324,122714,122786,0,0.000
1781045621.882,176.376,122714,122786,0,0.000
1781045621.934,176.428,122714,122786,0,0.000
1781045621.985,176.479,122714,122786,0,0.000
1781045622.037,176.530,122714,122786,0,0.000
1781045622.088,176.582,122714,122786,0,0.000
1781045622.140,176.634,122714,122786,0,0.000
