0. 0.000000000 0.000000000 0.000000000 0.000000000 0.000000000 0.000000000 1.000000000
1. -0.000742288 0.000304415 -0.003453630 0.000012637 -0.000342679 0.000107771 0.999999935
2. -0.001484576 0.000608831 -0.006907261 0.000025274 -0.000685357 0.000215542 0.999999742
3. -0.002226864 0.000913246 -0.010360891 0.000037912 -0.001028034 0.000323312 0.999999419
4. -0.002969152 0.001217661 -0.013814522 0.000050549 -0.001370711 0.000431083 0.999998966
5. -0.003711440 0.001522077 -0.017268152 0.000063186 -0.001713387 0.000538854 0.999998385
6. -0.004453727 0.001826492 -0.020721783 0.000075823 -0.002056063 0.000646625 0.999997674
7. -0.005196015 0.002130907 -0.024175413 0.000088460 -0.002398738 0.000754396 0.999996835
8. -0.005938302 0.002435323 -0.027629044 0.000101098 -0.002741412 0.000862166 0.999995866
9. -0.006680588 0.002739738 -0.031082675 0.000113735 -0.003084086 0.000969937 0.999994767
10. -0.007422875 0.003044153 -0.034536306 0.000126372 -0.003426759 0.001077707 0.999993540
11. -0.008165160 0.003348568 -0.037989937 0.000139010 -0.003769431 0.001185478 0.999992183
12. -0.008907445 0.003652984 -0.041443568 0.000151647 -0.004112102 0.001293248 0.999990698
13. -0.009649730 0.003957399 -0.044897199 0.000164284 -0.004454772 0.001401018 0.999989083
14. -0.010392013 0.004261814 -0.048350831 0.000176921 -0.004797442 0.001508788 0.999987338
15. -0.011134296 0.004566229 -0.051804462 0.000189558 -0.005140110 0.001616558 0.999985465
16. -0.011876579 0.004870644 -0.055258094 0.000202195 -0.005482778 0.001724327 0.999983462
17. -0.012618860 0.005175059 -0.058711727 0.000214832 -0.005825445 0.001832097 0.999981331
18. -0.013361141 0.005479474 -0.062165359 0.000227469 -0.006168111 0.001939866 0.999979070
19. -0.014103421 0.005783889 -0.065618992 0.000240106 -0.006510776 0.002047635 0.999976679
20. -0.014845700 0.006088303 -0.069072624 0.000252743 -0.006853440 0.002155404 0.999974160
21. -0.015587979 0.006392718 -0.072526257 0.000265380 -0.007196103 0.002263172 0.999971511
22. -0.016330256 0.006697133 -0.075979891 0.000278017 -0.007538766 0.002370940 0.999968734
23. -0.017072533 0.007001548 -0.079433524 0.000290654 -0.007881427 0.002478708 0.999965827
24. -0.017814808 0.007305962 -0.082887158 0.000303291 -0.008224087 0.002586476 0.999962791
25. -0.018557083 0.007610377 -0.086340792 0.000315927 -0.008566746 0.002694243 0.999959625
26. -0.019299358 0.007914792 -0.089794426 0.000328564 -0.008909404 0.002802010 0.999956331
27. -0.020041631 0.008219206 -0.093248061 0.000341200 -0.009252061 0.002909776 0.999952907
28. -0.020783904 0.008523621 -0.096701695 0.000353837 -0.009594717 0.003017543 0.999949354
29. -0.021526175 0.008828035 -0.100155330 0.000366473 -0.009937372 0.003125308 0.999945672
30. -0.022268447 0.009132450 -0.103608965 0.000379109 -0.010280025 0.003233074 0.999941861
31. -0.023010717 0.009436864 -0.107062601 0.000391745 -0.010622678 0.003340839 0.999937920
32. -0.023752987 0.009741278 -0.110516236 0.000404381 -0.010965329 0.003448603 0.999933850
33. -0.024495256 0.010045693 -0.113969872 0.000417017 -0.011307979 0.003556367 0.999929652
34. -0.025237524 0.010350107 -0.117423508 0.000429653 -0.011650628 0.003664131 0.999925323
35. -0.025979792 0.010654521 -0.120877144 0.000442289 -0.011993275 0.003771894 0.999920866
36. -0.026722060 0.010958936 -0.124330780 0.000454925 -0.012335922 0.003879657 0.999916280
37. -0.027464327 0.011263350 -0.127784417 0.000467561 -0.012678566 0.003987419 0.999911564
38. -0.028206594 0.011567764 -0.131238053 0.000480196 -0.013021210 0.004095180 0.999906719
39. -0.028948860 0.011872179 -0.134691690 0.000492832 -0.013363852 0.004202941 0.999901745
40. -0.029691126 0.012176593 -0.138145327 0.000505467 -0.013706493 0.004310702 0.999896642
41. -0.030433392 0.012481007 -0.141598964 0.000518102 -0.014049133 0.004418462 0.999891409
42. -0.031175657 0.012785421 -0.145052601 0.000530737 -0.014391771 0.004526221 0.999886048
43. -0.031917923 0.013089836 -0.148506238 0.000543372 -0.014734407 0.004633980 0.999880557
44. -0.032660188 0.013394250 -0.151959875 0.000556007 -0.015077042 0.004741738 0.999874937
45. -0.033402454 0.013698664 -0.155413512 0.000568642 -0.015419675 0.004849495 0.999869188
46. -0.034144719 0.014003079 -0.158867150 0.000581277 -0.015762307 0.004957252 0.999863309
47. -0.034886985 0.014307493 -0.162320787 0.000593912 -0.016104937 0.005065008 0.999857302
48. -0.035629251 0.014611907 -0.165774425 0.000606546 -0.016447566 0.005172763 0.999851165
49. -0.036371517 0.014916322 -0.169228062 0.000619181 -0.016790192 0.005280518 0.999844899
50. -0.037113784 0.015220736 -0.172681699 0.000631815 -0.017132817 0.005388272 0.999838504
51. -0.037856050 0.015525151 -0.176135337 0.000644450 -0.017475440 0.005496025 0.999831980
52. -0.038598318 0.015829565 -0.179588974 0.000657084 -0.017818061 0.005603778 0.999825326
53. -0.039340586 0.016133980 -0.183042611 0.000669718 -0.018160680 0.005711530 0.999818543
54. -0.040082854 0.016438394 -0.186496248 0.000682352 -0.018503297 0.005819281 0.999811631
55. -0.040825123 0.016742809 -0.189949885 0.000694986 -0.018845912 0.005927031 0.999804590
56. -0.041567393 0.017047224 -0.193403522 0.000707620 -0.019188525 0.006034780 0.999797420
57. -0.042309663 0.017351638 -0.196857159 0.000720254 -0.019531136 0.006142529 0.999790121
58. -0.043051934 0.017656053 -0.200310796 0.000732888 -0.019873745 0.006250277 0.999782692
59. -0.043794207 0.017960468 -0.203764432 0.000745521 -0.020216351 0.006358024 0.999775134
60. -0.044536480 0.018264883 -0.207218069 0.000758155 -0.020558955 0.006465770 0.999767447
61. -0.045278753 0.018569298 -0.210671705 0.000770788 -0.020901556 0.006573515 0.999759631
62. -0.046021028 0.018873713 -0.214125341 0.000783422 -0.021244155 0.006681259 0.999751686
63. -0.046763304 0.019178128 -0.217578977 0.000796055 -0.021586752 0.006789003 0.999743611
64. -0.047505581 0.019482543 -0.221032612 0.000808688 -0.021929345 0.006896746 0.999735407
65. -0.048247859 0.019786958 -0.224486248 0.000821321 -0.022271936 0.007004487 0.999727074
66. -0.048990138 0.020091374 -0.227939883 0.000833954 -0.022614524 0.007112228 0.999718612
67. -0.049732418 0.020395789 -0.231393518 0.000846587 -0.022957109 0.007219968 0.999710021
68. -0.050474699 0.020700204 -0.234847153 0.000859220 -0.023299691 0.007327707 0.999701301
69. -0.051216981 0.021004620 -0.238300788 0.000871853 -0.023642271 0.007435445 0.999692451
70. -0.051959264 0.021309035 -0.241754422 0.000884486 -0.023984846 0.007543182 0.999683473
71. -0.052701549 0.021613450 -0.245208056 0.000897119 -0.024327419 0.007650918 0.999674365
72. -0.053443834 0.021917866 -0.248661690 0.000909751 -0.024669988 0.007758653 0.999665128
73. -0.054186120 0.022222282 -0.252115324 0.000922384 -0.025012554 0.007866387 0.999655761
74. -0.054928407 0.022526697 -0.255568957 0.000935016 -0.025355116 0.007974120 0.999646266
75. -0.054928799 0.022536422 -0.255568521 0.001071723 -0.025360947 0.007889499 0.999646652
76. -0.054929190 0.022546146 -0.255568084 0.001208429 -0.025366778 0.007804879 0.999647013
77. -0.054929581 0.022555870 -0.255567648 0.001345136 -0.025372608 0.007720258 0.999647347
78. -0.054929973 0.022565594 -0.255567211 0.001481842 -0.025378437 0.007635637 0.999647656
79. -0.054930364 0.022575319 -0.255566774 0.001618549 -0.025384266 0.007551015 0.999647939
80. -0.054930756 0.022585043 -0.255566338 0.001755255 -0.025390094 0.007466394 0.999648196
81. -0.054931147 0.022594767 -0.255565901 0.001891961 -0.025395922 0.007381772 0.999648427
82. -0.054931538 0.022604492 -0.255565465 0.002028667 -0.025401748 0.007297150 0.999648632
83. -0.054931930 0.022614216 -0.255565028 0.002165374 -0.025407574 0.007212528 0.999648811
84. -0.054932321 0.022623940 -0.255564591 0.002302080 -0.025413400 0.007127905 0.999648965
85. -0.054932713 0.022633665 -0.255564155 0.002438786 -0.025419225 0.007043283 0.999649092
86. -0.054933104 0.022643389 -0.255563718 0.002575492 -0.025425049 0.006958660 0.999649194
87. -0.054933495 0.022653113 -0.255563281 0.002712198 -0.025430872 0.006874037 0.999649270
88. -0.054933887 0.022662838 -0.255562845 0.002848904 -0.025436695 0.006789414 0.999649320
89. -0.054934278 0.022672562 -0.255562408 0.002985609 -0.025442517 0.006704791 0.999649344
90. -0.054934670 0.022682286 -0.255561972 0.003122315 -0.025448339 0.006620168 0.999649342
91. -0.056424310 0.022108455 -0.260611260 0.003150712 -0.024964961 0.006396313 0.999662899
92. -0.057913950 0.021534624 -0.265660549 0.003179108 -0.024481576 0.006172456 0.999676171
93. -0.059403591 0.020960793 -0.270709838 0.003207503 -0.023998185 0.005948597 0.999689158
94. -0.060893231 0.020386962 -0.275759127 0.003235897 -0.023514786 0.005724737 0.999701861
95. -0.062382872 0.019813131 -0.280808416 0.003264290 -0.023031381 0.005500875 0.999714279
96. -0.063872512 0.019239300 -0.285857704 0.003292682 -0.022547970 0.005277012 0.999726413
97. -0.065362153 0.018665469 -0.290906993 0.003321073 -0.022064552 0.005053147 0.999738262
98. -0.066851794 0.018091638 -0.295956282 0.003349463 -0.021581127 0.004829281 0.999749826
99. -0.068341434 0.017517807 -0.301005571 0.003377853 -0.021097697 0.004605413 0.999761105
100. -0.069831075 0.016943976 -0.306054860 0.003406241 -0.020614261 0.004381544 0.999772100
101. -0.071320716 0.016370145 -0.311104148 0.003434628 -0.020130819 0.004157674 0.999782810
102. -0.072810356 0.015796315 -0.316153437 0.003463015 -0.019647371 0.003933802 0.999793235
103. -0.074299997 0.015222484 -0.321202726 0.003491400 -0.019163917 0.003709930 0.999803376
104. -0.075789638 0.014648653 -0.326252014 0.003519784 -0.018680458 0.003486056 0.999813232
105. -0.077279279 0.014074822 -0.331301303 0.003548168 -0.018196994 0.003262181 0.999822803
106. -0.078768920 0.013500991 -0.336350592 0.003576550 -0.017713524 0.003038306 0.999832090
107. -0.080258561 0.012927160 -0.341399881 0.003604932 -0.017230050 0.002814429 0.999841092
108. -0.081748202 0.012353329 -0.346449169 0.003633312 -0.016746570 0.002590552 0.999849809
109. -0.083237842 0.011779499 -0.351498458 0.003661691 -0.016263086 0.002366674 0.999858241
110. -0.084727483 0.011205668 -0.356547747 0.003690070 -0.015779597 0.002142796 0.999866389
111. -0.086217124 0.010631837 -0.361597035 0.003718447 -0.015296103 0.001918916 0.999874252
112. -0.087706764 0.010058006 -0.366646324 0.003746823 -0.014812605 0.001695036 0.999881830
113. -0.089196405 0.009484175 -0.371695613 0.003775198 -0.014329103 0.001471156 0.999889124
114. -0.090686045 0.008910344 -0.376744902 0.003803573 -0.013845597 0.001247275 0.999896133
115. -0.092175686 0.008336513 -0.381794191 0.003831946 -0.013362086 0.001023394 0.999902857
116. -0.081231113 0.005329530 -0.385065703 0.068102068 -0.030950072 -0.012864608 0.997115191
117. -0.070286633 0.002322356 -0.388337348 0.132055974 -0.048394438 -0.026693732 0.989700279
118. -0.059342250 -0.000684993 -0.391609158 0.195396840 -0.065614210 -0.040399992 0.977692534
119. -0.048397964 -0.003692501 -0.394881147 0.257830703 -0.082529488 -0.053919876 0.961147678
120. -0.037453773 -0.006700162 -0.398153314 0.319067819 -0.099061807 -0.067190646 0.940142490
121. -0.026509672 -0.009707972 -0.401425647 0.378824017 -0.115134479 -0.080150648 0.914774447
122. -0.015565655 -0.012715932 -0.404698124 0.436822010 -0.130672940 -0.092739609 0.885161273
123. -0.004621715 -0.015724049 -0.407970715 0.492792691 -0.145605087 -0.104898929 0.851440390
124. 0.006322158 -0.018732330 -0.411243382 0.546476369 -0.159861603 -0.116571974 0.813768285
125. 0.017265972 -0.021740786 -0.414516087 0.597623981 -0.173376280 -0.127704348 0.772319780
126. 0.028209735 -0.024749430 -0.417788788 0.645998240 -0.186086323 -0.138244164 0.727287224
127. 0.039153458 -0.027758274 -0.421061443 0.691374734 -0.197932644 -0.148142298 0.678879595
128. 0.050097147 -0.030767333 -0.424334014 0.733542963 -0.208860144 -0.157352624 0.627321539
129. 0.061040809 -0.033776620 -0.427606465 0.772307311 -0.218817977 -0.165832245 0.572852317
130. 0.071984451 -0.036786145 -0.430878766 0.807487948 -0.227759795 -0.173541696 0.515724703
131. 0.082928076 -0.039795921 -0.434150894 0.838921664 -0.235643980 -0.180445130 0.456203806
132. 0.093871686 -0.042805954 -0.437422835 0.866462615 -0.242433847 -0.186510492 0.394565842
133. 0.104815281 -0.045816249 -0.440694587 0.889983003 -0.248097836 -0.191709659 0.331096850
134. 0.115758857 -0.048826810 -0.443966158 0.909373662 -0.252609674 -0.196018569 0.266091368
135. 0.126702407 -0.051837634 -0.447237572 0.924544561 -0.255948512 -0.199417320 0.199851061
136. 0.137645920 -0.054848718 -0.450508871 0.935425222 -0.258099045 -0.201890251 0.132683324
137. 0.148589382 -0.057860054 -0.453780111 0.941965044 -0.259051596 -0.203425993 0.064899854
138. -0.075746693 0.006083900 -0.405471034 0.003865940 -0.013012017 0.000119927 0.999907860
139. -0.290406621 0.048217635 -0.374562346 -0.662623003 0.175514894 0.150861892 0.712296264
140. -0.268848807 0.027399505 -0.396004497 0.003279962 -0.002842608 -0.000770792 0.999990284
141. -0.279168538 0.032500374 -0.370289534 0.003651434 -0.000703256 -0.001177910 0.999992392
142. -0.289488252 0.037601243 -0.344574564 0.004022880 0.001436053 -0.001585016 0.999989621
143. -0.299807956 0.042702114 -0.318859590 0.004394297 0.003575284 -0.001992105 0.999981969
144. -0.310127659 0.047802988 -0.293144616 0.004765680 0.005714417 -0.002399172 0.999969438
145. -0.320447367 0.052903866 -0.267429646 0.005137027 0.007853438 -0.002806216 0.999952029
146. -0.330767089 0.058004750 -0.241714682 0.005508336 0.009992341 -0.003213236 0.999929741
147. -0.341086830 0.063105640 -0.215999727 0.005879609 0.012131126 -0.003620231 0.999902575
148. -0.351406594 0.068206535 -0.190284782 0.006250844 0.014269798 -0.004027200 0.999870532
149. -0.361726382 0.073307435 -0.164569847 0.006622044 0.016408366 -0.004434146 0.999833612
150. -0.372046195 0.078408339 -0.138854924 0.006993210 0.018546841 -0.004841068 0.999791815
151. -0.382366029 0.083509246 -0.113140009 0.007364343 0.020685235 -0.005247968 0.999745141
152. -0.392685880 0.088610155 -0.087425102 0.007735444 0.022823558 -0.005654846 0.999693588
153. -0.403005741 0.093711062 -0.061710198 0.008106515 0.024961819 -0.006061704 0.999637158
154. -0.413325604 0.098811968 -0.035995295 0.008477556 0.027100025 -0.006468542 0.999575849
155. -0.423645461 0.103912869 -0.010280389 0.008848566 0.029238176 -0.006875358 0.999509660
156. -0.433965304 0.109013765 0.015434524 0.009219546 0.031376266 -0.007282153 0.999438592
157. -0.444285127 0.114114654 0.041149447 0.009590493 0.033514285 -0.007688923 0.999362645
158. -0.454604923 0.119215537 0.066864382 0.009961403 0.035652210 -0.008095666 0.999281817
159. -0.464924692 0.124316413 0.092579329 0.010332271 0.037790012 -0.008502376 0.999196111
160. -0.564184763 0.111775242 -0.114682848 0.010635875 0.016888345 -0.000073452 0.999800808
161. 2.785662016 0.129955915 9.320709854 0.016166591 0.009505500 -0.001949790 0.999822227
162. -0.472877346 0.196973458 -0.179640462 0.013600630 0.025147007 -0.003106953 0.999586413
163. -0.142202073 0.193277899 0.697748706 0.015025111 0.029694388 -0.004625565 0.999435387
164. 0.362781835 0.182677469 2.003048115 0.016292862 0.033767780 -0.006241652 0.999277400
165. 1.048258454 0.162049446 3.734034279 0.017371338 0.037330991 -0.007944414 0.999120373
166. 1.918744535 0.128732158 5.888316845 0.018245182 0.040377423 -0.009728744 0.998970534
167. 2.977650556 0.080537561 8.464679026 0.018913275 0.042921304 -0.011594702 0.998832124
168. 4.226855628 0.015738031 11.461726150 0.019385722 0.044990201 -0.013546025 0.998707455
169. 5.673151103 -0.067382650 14.892854260 0.019682709 0.046612163 -0.015595163 0.998597360
170. 7.310675044 -0.169642708 18.744063949 0.019828684 0.047821933 -0.017746141 0.998501357
171. 9.133479797 -0.291680425 23.003864049 0.019855051 0.048645553 -0.020006309 0.998418317
172. 11.145348255 -0.434872528 27.685876139 0.019802492 0.049085985 -0.022395540 0.998347067
173. 13.342592079 -0.600428312 32.788832795 0.019717579 0.049127949 -0.024930771 0.998286591
174. 15.722658068 -0.790211971 38.317337071 0.019658968 0.048726839 -0.027635997 0.998236180
175. 18.301275850 -1.008691537 44.323149677 0.019709837 0.047788632 -0.030562019 0.998195237
176. 21.026998594 -1.256006025 50.707488218 0.019956620 0.046228093 -0.033707158 0.998162574
177. 23.910709443 -1.539619674 57.524566112 0.020545288 0.043867926 -0.037147433 0.998135043
178. 26.938616204 -1.868257943 64.782792814 0.021673008 0.040469577 -0.040960336 0.998105578
179. 30.089110751 -2.254804930 72.488538524 0.023624906 0.035674504 -0.045251270 0.998058874
180. -0.540699342 0.209292040 -0.158181747 0.014818280 0.034646595 -0.006768007 0.999266844
181. -0.542178128 0.203792389 -0.141631896 0.014407214 0.035663898 -0.004232521 0.999251022
182. -0.545604806 0.198448751 -0.129645391 0.013776920 0.036737641 -0.002171932 0.999227614
183. -0.561849524 0.198295574 -0.158956421 0.013336781 0.038279242 -0.007406072 0.999150629
184. -0.541653543 0.199895360 -0.031209263 0.010384945 0.044507502 -0.009022913 0.998914322
185. -0.602335496 0.168398631 -0.157695921 0.008856100 0.044412531 -0.008569891 0.998937262
186. -0.583507094 0.158460811 -0.102796410 0.006884885 0.045115178 -0.009167513 0.998916000
187. -0.607215660 0.142476512 -0.159567758 0.004873648 0.045035894 -0.009700930 0.998926378
188. -0.628760805 0.114331853 -0.187977860 0.003841208 0.046002956 -0.010273324 0.998881090
189. -0.661858823 0.113990749 -0.224658857 0.004299400 0.046023670 -0.008933370 0.998891151
190. -0.627437137 0.128921282 -0.210065476 0.003044470 0.045082149 -0.009828791 0.998930291
191. -0.599488046 0.141833664 -0.165481952 0.003733788 0.044060722 -0.008103079 0.998989015
192. -0.671613019 0.195970958 -0.479881409 0.002672806 0.043446872 -0.009483842 0.999007148
193. -0.674148415 0.217488824 -0.662098947 0.001910591 0.044408352 -0.009168192 0.998969565
194. -0.566530620 0.135377618 -0.181088217 0.002488367 0.038910890 -0.006898903 0.999215770
195. -0.912498496 0.123936347 0.134157867 -0.008078941 0.012768038 -0.018646849 0.999711960
196. -0.546246601 0.134759852 -0.184180221 0.002334845 0.035843032 -0.006346510 0.999334552
197. -0.505409310 0.069248650 -0.054426411 0.003972324 0.034123932 -0.006938388 0.999385630
198. -0.518451093 0.142251902 -0.184323525 0.003587006 0.031065597 -0.005440869 0.999496103
199. -0.595389438 0.151862347 -0.141813530 0.004365392 0.029987058 -0.005284471 0.999526785
200. -0.494205966 0.149255457 -0.185614647 0.004391021 0.026730618 -0.004663908 0.999622149
201. -0.542197785 0.097210776 -0.260829988 0.003051278 0.027235525 -0.004629344 0.999613668
202. -0.555562250 0.118520068 -0.353257992 0.002099388 0.026317848 -0.004060122 0.999643176
203. -0.492788284 0.152932158 -0.176312072 0.004027520 0.025375784 -0.003616567 0.999663328
204. -0.465174489 0.154815502 -0.104721011 0.003682618 0.025115424 -0.003712976 0.999670880
205. -0.474079460 0.160917959 -0.149234184 0.003950332 0.024874122 -0.004051447 0.999674576
206. -0.474056420 0.158628755 -0.133185897 0.004140289 0.024664623 -0.004121510 0.999678712
207. -0.468234816 0.148794871 -0.133003262 0.003938645 0.024216444 -0.004148521 0.999690372
208. -0.463999903 0.145777768 -0.152710198 0.003323420 0.023648425 -0.004367441 0.999705273
209. -0.458687330 0.141438562 -0.141702339 0.002962759 0.023108531 -0.004699711 0.999717525
210. -0.473986194 0.139637144 -0.169799314 0.003080795 0.022876274 -0.005081751 0.999720641
211. -0.470833558 0.165303212 -0.212968830 0.003813312 0.022907185 -0.004150245 0.999721709
212. -0.466469987 0.161461229 -0.217385933 0.003788620 0.023025976 -0.004635955 0.999716939
213. -0.453487416 0.162464237 -0.198196100 0.003884802 0.023106006 -0.004949855 0.999713219
214. -0.447063573 0.161209273 -0.190987588 0.004175730 0.023231697 -0.004757540 0.999710067
215. -0.429826370 0.175426417 -0.158426783 0.004944326 0.023162161 -0.005025254 0.999706864
216. -0.426732855 0.175730572 -0.108901411 0.004714827 0.023249594 -0.005839649 0.999701518
217. -0.450393817 0.152505583 -0.163567280 0.004150875 0.023554037 -0.005753099 0.999697394
218. -0.449054398 0.146500809 -0.160896415 0.003887890 0.023650773 -0.006162826 0.999693726
219. -0.444463330 0.144148074 -0.144943778 0.003483276 0.023627566 -0.006319710 0.999694787
220. -0.475340665 0.139914649 -0.171973507 0.003189835 0.023143414 -0.004965218 0.999714736
221. -0.465434414 0.145448043 -0.194493205 0.003188919 0.023022881 -0.005334848 0.999715618
222. -0.475373002 0.140005554 -0.172062254 0.003421595 0.023419593 -0.005348128 0.999705563
223. -0.443799187 0.140021288 -0.234921366 0.003018795 0.021714811 -0.005592849 0.999744004
224. -0.437598555 0.137949425 -0.249367234 0.002798748 0.021679715 -0.006163572 0.999742050
225. -0.475064532 0.138433445 -0.172780388 0.003001950 0.023340401 -0.005068124 0.999710222
226. -0.462586263 0.134757975 -0.202273814 0.002411702 0.023372322 -0.005996947 0.999705934
227. -0.464928821 0.135142854 -0.179409304 0.002369269 0.023500056 -0.005735088 0.999704578
228. -0.468575590 0.133211428 -0.163659887 0.002551948 0.023661835 -0.004195794 0.999707958
229. -0.474788142 0.136046254 -0.172331397 0.002346840 0.023294293 -0.004577419 0.999715417
230. -0.456431654 0.138394986 -0.203958658 0.002266922 0.022504070 -0.005403254 0.999729580
231. -0.459296061 0.137426497 -0.196858695 0.002170827 0.022509434 -0.005057065 0.999731483
232. -0.460611617 0.136833872 -0.188020709 0.002236661 0.022341340 -0.005098491 0.999734898
233. -0.464767593 0.137802737 -0.179382240 0.002306948 0.022607200 -0.004787957 0.999730298
234. -0.474500028 0.136127846 -0.174616297 0.002251112 0.023460449 -0.004489184 0.999712152
235. -0.454968386 0.135521251 -0.203719778 0.002028214 0.022925938 -0.006661158 0.999712917
236. -0.456272908 0.134875126 -0.200321783 0.002061390 0.022912683 -0.006495174 0.999714245
237. -0.462379526 0.136792392 -0.192288373 0.002154164 0.023043033 -0.005494257 0.999717056
238. -0.466571795 0.137940539 -0.181224830 0.002140623 0.023203469 -0.005153106 0.999715191
239. -0.467677787 0.136034056 -0.177288470 0.002113171 0.023288284 -0.004782104 0.999715120
240. -0.474865942 0.136376118 -0.177758047 0.002149862 0.023531534 -0.004616785 0.999710123
241. -0.470634061 0.135230625 -0.177773210 0.002065575 0.023390972 -0.004478302 0.999714229
242. -0.470878294 0.135512952 -0.179569265 0.002109715 0.023426455 -0.004330905 0.999713956
243. -0.470897122 0.137406344 -0.183430246 0.002174440 0.023445773 -0.004181880 0.999713999
244. -0.470214932 0.136061442 -0.183876439 0.002103029 0.023497713 -0.004126730 0.999713161
245. -0.470460628 0.135737356 -0.186648274 0.002056302 0.023557791 -0.003927533 0.999712647
246. -0.471073399 0.136401461 -0.190997605 0.001943645 0.023637061 -0.003566879 0.999712353
247. -0.471543486 0.136339806 -0.191938224 0.001882219 0.023702925 -0.003426394 0.999711403
248. -0.471901129 0.137929427 -0.193322493 0.001904422 0.023797955 -0.003182245 0.999709910
249. -0.474974716 0.141064737 -0.202008667 0.001948014 0.023905247 -0.002824118 0.999708342
250. -0.472914935 0.140368596 -0.202852565 0.001954685 0.023924237 -0.002616399 0.999708440
251. -0.474122298 0.141607172 -0.205002035 0.001997632 0.023992672 -0.002506602 0.999706996
252. -0.474386489 0.142035403 -0.206091970 0.002034119 0.024053874 -0.002340112 0.999705855
253. -0.473274511 0.143557321 -0.207647494 0.002143168 0.024065765 -0.002217890 0.999705620
254. -0.473827664 0.144642756 -0.210087820 0.002244690 0.024114251 -0.002106457 0.999704470
255. -0.473784767 0.146750311 -0.205590127 0.002449645 0.024138607 -0.002011055 0.999703597
256. -0.460295185 0.143814202 -0.194348359 0.002650128 0.023868604 -0.001739662 0.999710078
257. -0.461665041 0.144897484 -0.196725728 0.002931516 0.023901307 -0.001752239 0.999708489
258. -0.461484546 0.146077512 -0.198796390 0.003087269 0.023927449 -0.001628300 0.999707605
259. -0.461787590 0.146918777 -0.200802192 0.003236259 0.023965468 -0.001591167 0.999706282
260. -0.462942241 0.146305169 -0.202146181 0.003343629 0.024021391 -0.001422529 0.999704841
261. -0.463555509 0.149734805 -0.206631394 0.003458539 0.023955993 -0.001509211 0.999705892
262. -0.476896679 0.143030095 -0.221077839 0.002864529 0.023307327 -0.002772806 0.999720398
263. -0.474464386 0.136517320 -0.177726725 0.002175055 0.023451069 -0.004575942 0.999712147
264. -0.462908391 0.129589158 -0.186019367 0.001385642 0.022404428 -0.004214975 0.999739144
265. -0.474217921 0.136554478 -0.177195642 0.002177323 0.023651226 -0.004940312 0.999705693
266. -0.475219099 0.137911840 -0.179328185 0.002313647 0.024453193 -0.004258406 0.999689229
267. -0.473116678 0.135279624 -0.177760772 0.002139978 0.023801098 -0.004708788 0.999703334
268. -0.474200579 0.136542276 -0.177185560 0.002208313 0.023569726 -0.005048591 0.999707009
269. -0.474010998 0.136659867 -0.179961731 0.002402412 0.023756191 -0.005455599 0.999700009
270. -0.474151676 0.136106788 -0.178955210 0.002164813 0.023676457 -0.005099732 0.999704322
271. -0.475078041 0.136875334 -0.177744752 0.002312825 0.023760790 -0.005203397 0.999701456
272. -0.474633150 0.136456319 -0.177421196 0.002106758 0.023590171 -0.004898207 0.999707494
273. -0.473923114 0.136290224 -0.176878326 0.002076829 0.023415114 -0.004954245 0.999711396
274. -0.472994143 0.137102515 -0.178324903 0.002391127 0.023312059 -0.005210154 0.999711801
275. -0.472953646 0.137195512 -0.177878474 0.002413586 0.023229560 -0.005213769 0.999713648
276. -0.473194697 0.137196645 -0.176997985 0.002382315 0.023194390 -0.004932787 0.999715966
277. -0.473305057 0.136943336 -0.177993925 0.002287331 0.023228215 -0.004820930 0.999715948
278. -0.473469240 0.136733554 -0.177857390 0.002252199 0.023278408 -0.004811820 0.999714904
279. -0.473702284 0.137363053 -0.177942785 0.002375330 0.023331937 -0.004908110 0.999712903
280. -0.473106923 0.135896340 -0.176745105 0.001983920 0.023203478 -0.004720337 0.999717651
281. -0.473458130 0.136521173 -0.177465148 0.002120886 0.023277933 -0.004741681 0.999715538
282. -0.473303847 0.136829092 -0.177380468 0.002166769 0.023238049 -0.004852614 0.999715835
283. -0.473879176 0.137319859 -0.177871779 0.002296120 0.023405387 -0.004988177 0.999710975
284. -0.473507888 0.136073639 -0.177274356 0.002068935 0.023306442 -0.005131214 0.999713059
285. -0.474280991 0.136504296 -0.176647243 0.002110794 0.023438796 -0.005160154 0.999709728
286. -0.474329780 0.135846028 -0.176921912 0.001989969 0.023456546 -0.005103822 0.999709849
287. -0.473960376 0.136272247 -0.177155338 0.002023578 0.023407059 -0.004787039 0.999712508
288. -0.472968609 0.135006099 -0.178525343 0.001873365 0.023375915 -0.004775466 0.999713585
289. -0.473539161 0.135170967 -0.179523598 0.001920723 0.023504133 -0.004785664 0.999710440
290. -0.474039218 0.135454760 -0.178975466 0.001977439 0.023577440 -0.004780298 0.999708629
291. -0.473452824 0.135756507 -0.178434932 0.002050055 0.023417820 -0.004854104 0.999711879
292. -0.474608791 0.136330505 -0.177540410 0.002167514 0.023587437 -0.004898883 0.999707425
293. -0.474643128 0.136273035 -0.177653198 0.002135105 0.023591865 -0.004808390 0.999707830
294. -0.474805296 0.136378399 -0.177379279 0.002137996 0.023617903 -0.004805217 0.999707224
295. -0.474982147 0.136596869 -0.177225957 0.002181714 0.023645112 -0.004793264 0.999706544
296. -0.475200396 0.136700808 -0.177111737 0.002224207 0.023678984 -0.004854827 0.999705351
297. -0.476004770 0.136422495 -0.176217503 0.002155925 0.023746777 -0.004975662 0.999703299
298. -0.476658091 0.137023886 -0.175465770 0.002262539 0.023810670 -0.005081540 0.999701011
299. -0.477247903 0.137612427 -0.174621734 0.002288074 0.023923622 -0.004845861 0.999699426
300. -0.476620407 0.137710358 -0.175138535 0.002310062 0.023835244 -0.004800079 0.999701708
301. -0.477188434 0.137455091 -0.174898128 0.002252086 0.023914937 -0.004817825 0.999699851
302. -0.476873626 0.137677977 -0.175247445 0.002273406 0.023897413 -0.004704417 0.999700762
303. -0.476773001 0.137737878 -0.175403966 0.002290451 0.023893362 -0.004626935 0.999701182
304. -0.475613335 0.137081922 -0.177486872 0.002224090 0.023834444 -0.004625708 0.999702744
305. -0.474121268 0.136320631 -0.177316241 0.002053419 0.023566066 -0.004620901 0.999709493
306. -0.473979258 0.136368153 -0.177241866 0.002102971 0.023548366 -0.004578979 0.999710000
307. -0.474215850 0.136628481 -0.177524361 0.002082780 0.023491486 -0.004560399 0.999711466
308. -0.474202870 0.136605197 -0.177520700 0.002094559 0.023504307 -0.004577629 0.999711061
309. -0.474098575 0.136453027 -0.177807829 0.002032065 0.023480329 -0.004506925 0.999712075
310. -0.474112853 0.136328528 -0.177502131 0.002037122 0.023483163 -0.004495569 0.999712049
311. -0.473845555 0.136252496 -0.177343863 0.002045037 0.023438723 -0.004544470 0.999712855
312. -0.473994816 0.135967309 -0.177468063 0.001994243 0.023465293 -0.004612990 0.999712020
313. -0.474324523 0.135943930 -0.177346230 0.001992145 0.023551981 -0.004517022 0.999710424
314. -0.473941127 0.135693980 -0.177445667 0.001964487 0.023495449 -0.004621335 0.999711332
315. -0.474208129 0.135883438 -0.177145206 0.002041729 0.023515261 -0.004714204 0.999710278
316. -0.473925145 0.135881992 -0.176956341 0.002040302 0.023483465 -0.004758990 0.999710816
317. -0.473795602 0.135567391 -0.176880422 0.001956245 0.023482117 -0.004789695 0.999710869
318. -0.473733813 0.135438061 -0.177053755 0.001961469 0.023477125 -0.004794588 0.999710953
319. -0.473316129 0.135366074 -0.177036741 0.001960381 0.023409704 -0.004821842 0.999712405
320. -0.473622374 0.135119214 -0.176761098 0.001898723 0.023474625 -0.004796844 0.999711122
321. -0.473471950 0.135156151 -0.176710251 0.001961662 0.023412843 -0.004697021 0.999712923
322. -0.473702168 0.135170525 -0.176718523 0.001988964 0.023440534 -0.004803187 0.999711716
323. -0.473529294 0.134809997 -0.176819360 0.001894468 0.023413616 -0.004655104 0.999713231
324. -0.473348814 0.135191599 -0.176932203 0.001944635 0.023419404 -0.004707309 0.999712754
325. -0.473630972 0.135103263 -0.176886964 0.001934352 0.023495899 -0.004814262 0.999710470
326. -0.473953072 0.135408278 -0.176274121 0.001971374 0.023575080 -0.004744063 0.999708869
327. -0.474066771 0.135966126 -0.176009128 0.002123243 0.023617250 -0.004886932 0.999706875
328. -0.474110784 0.136202279 -0.175780347 0.002200171 0.023624081 -0.004943462 0.999706269
329. -0.474065517 0.136079198 -0.175313719 0.002199440 0.023626840 -0.004945094 0.999706197
330. -0.474213586 0.136132722 -0.175731741 0.002200494 0.023651480 -0.004923699 0.999705718
331. -0.473868506 0.136219589 -0.175452746 0.002222453 0.023571397 -0.004957805 0.999707392
332. -0.473951676 0.136037912 -0.175734031 0.002235398 0.023607851 -0.005005401 0.999706266
333. -0.474157209 0.135543808 -0.175951852 0.002145165 0.023658022 -0.004996790 0.999705321
334. -0.473638043 0.135550478 -0.175530093 0.002134702 0.023567949 -0.005022997 0.999707339
335. -0.474181616 0.136420014 -0.177137662 0.002232790 0.023656969 -0.004927694 0.999705497
336. -0.473791310 0.136308493 -0.177646197 0.002194553 0.023581556 -0.004997782 0.999707015
337. -0.473448297 0.135927665 -0.178826850 0.002068897 0.023588848 -0.005078222 0.999706706
338. -0.473440326 0.135847740 -0.178914681 0.002040938 0.023589421 -0.005054776 0.999706869
339. -0.473473733 0.135928367 -0.178953709 0.002075900 0.023592632 -0.005046061 0.999706765
340. -0.473371111 0.135817208 -0.178505125 0.002045543 0.023588664 -0.005110255 0.999706595
341. -0.473452365 0.136179927 -0.178658679 0.002147709 0.023597379 -0.005108356 0.999706185
342. -0.473240316 0.136217742 -0.178611362 0.002162711 0.023523187 -0.005089254 0.999707998
343. -0.473198228 0.136176722 -0.178610636 0.002125149 0.023512871 -0.005042958 0.999708556
344. -0.473252044 0.136190750 -0.178649595 0.002116901 0.023522869 -0.005047711 0.999708314
345. -0.473362419 0.136196287 -0.178638007 0.002138054 0.023557984 -0.005033266 0.999707515
346. -0.473320784 0.136226295 -0.178575242 0.002133093 0.023543884 -0.005050157 0.999707773
347. -0.473355039 0.136207985 -0.178548458 0.002136261 0.023553032 -0.005024381 0.999707681
348. -0.473459107 0.136243098 -0.178565710 0.002155436 0.023578082 -0.005049187 0.999706924
349. -0.473419428 0.136237791 -0.178638417 0.002159758 0.023553951 -0.005037859 0.999707541
350. -0.473286427 0.136175922 -0.178507515 0.002146613 0.023527392 -0.005059251 0.999708086
351. -0.473255249 0.136102374 -0.178494673 0.002132574 0.023509841 -0.005003091 0.999708812
352. -0.473258666 0.136134550 -0.178485665 0.002138816 0.023510748 -0.005014536 0.999708720
353. -0.473253716 0.136122244 -0.178459789 0.002127731 0.023509642 -0.005029322 0.999708695
354. -0.473311734 0.135942120 -0.178457834 0.002084742 0.023521257 -0.004998766 0.999708666
355. -0.473324984 0.135954538 -0.178482679 0.002082785 0.023518960 -0.004995439 0.999708741
356. -0.473292194 0.135989689 -0.178366250 0.002101780 0.023526772 -0.005051029 0.999708238
357. -0.473293559 0.135974515 -0.178443659 0.002093279 0.023519565 -0.005010568 0.999708629
358. -0.473329522 0.136057378 -0.178469148 0.002113237 0.023516548 -0.005014434 0.999708638
359. -0.473359846 0.135902006 -0.178511655 0.002058190 0.023528460 -0.005011530 0.999708488
360. -0.473282654 0.135881771 -0.178455654 0.002043767 0.023494907 -0.005025017 0.999709238
361. -0.473359308 0.135855840 -0.178615120 0.002036667 0.023504479 -0.005001643 0.999709145
362. -0.473622026 0.136113508 -0.178618782 0.002105248 0.023574548 -0.005019936 0.999707262
363. -0.473561808 0.136106502 -0.178553125 0.002106266 0.023577780 -0.004957063 0.999707497
364. -0.473571898 0.136243864 -0.178586567 0.002140043 0.023567361 -0.004957742 0.999707668
365. -0.473573316 0.136212133 -0.178643693 0.002130152 0.023574222 -0.004941983 0.999707605
366. -0.473659609 0.136260472 -0.178717665 0.002151418 0.023598650 -0.004971333 0.999706838
367. -0.473576824 0.136275963 -0.178731407 0.002149814 0.023575240 -0.004975718 0.999707371
368. -0.473503753 0.136255177 -0.178621400 0.002154052 0.023550135 -0.004948780 0.999708088
369. -0.473624220 0.136212153 -0.178644661 0.002136999 0.023583651 -0.004907784 0.999707536
370. -0.473721451 0.136168011 -0.178691299 0.002124883 0.023598156 -0.004914823 0.999707185
371. -0.473677801 0.136182816 -0.178633210 0.002123978 0.023594049 -0.004920430 0.999707257
372. -0.473645675 0.136247992 -0.178761192 0.002141353 0.023574884 -0.004915058 0.999707698
373. -0.473715394 0.136158447 -0.178795640 0.002118459 0.023604151 -0.004892708 0.999707166
374. -0.473424688 0.136488500 -0.178687578 0.002219432 0.023550162 -0.005017596 0.999707601
375. -0.473572571 0.136221980 -0.178505871 0.002133688 0.023581293 -0.004922433 0.999707527
376. -0.473634290 0.136344648 -0.178492280 0.002172077 0.023597066 -0.004940017 0.999706985
377. -0.473752475 0.136367860 -0.178516237 0.002174796 0.023629666 -0.004940345 0.999706208
378. -0.473623010 0.136556318 -0.178464056 0.002242867 0.023598147 -0.004974390 0.999706633
379. -0.473642166 0.136367032 -0.178484053 0.002191418 0.023608073 -0.004914488 0.999706809
380. -0.473502208 0.136407116 -0.178347833 0.002199374 0.023584607 -0.004975858 0.999707042
381. -0.473552272 0.136431123 -0.178425801 0.002205665 0.023608374 -0.004956131 0.999706565
382. -0.473611807 0.136446789 -0.178478231 0.002205339 0.023617862 -0.004944229 0.999706401
383. -0.473433431 0.136437447 -0.178428461 0.002216297 0.023564205 -0.004923138 0.999707747
384. -0.472827433 0.136171263 -0.178225851 0.002148336 0.023385225 -0.004924786 0.999712090
385. -0.472826507 0.136206871 -0.178235112 0.002151755 0.023382975 -0.004936985 0.999712075
386. -0.472854425 0.136262710 -0.178239217 0.002172117 0.023387685 -0.004939827 0.999711907
387. -0.472737330 0.136135291 -0.178075468 0.002127276 0.023352953 -0.004922440 0.999712901
388. -0.472776821 0.136037275 -0.178139838 0.002091213 0.023360815 -0.004917487 0.999712817
389. -0.472642884 0.136196949 -0.178089021 0.002131729 0.023323418 -0.004952562 0.999713432
390. -0.472689050 0.136095532 -0.178109401 0.002106498 0.023333911 -0.004932053 0.999713342
391. -0.472758148 0.136055342 -0.178167213 0.002105566 0.023351542 -0.004911240 0.999713035
392. -0.472795234 0.136064111 -0.178191573 0.002113978 0.023361040 -0.004866694 0.999713013
393. -0.472792470 0.136139550 -0.178237641 0.002136266 0.023353804 -0.004878133 0.999713079
394. -0.472741507 0.136077021 -0.178135637 0.002129883 0.023336173 -0.004853077 0.999713626
395. -0.472785063 0.136042714 -0.178110564 0.002112480 0.023344349 -0.004841759 0.999713527
396. -0.472926037 0.136169498 -0.178158836 0.002144188 0.023387944 -0.004844726 0.999712426
397. -0.472818875 0.136254204 -0.178115214 0.002167982 0.023358704 -0.004843809 0.999713063
398. -0.472926547 0.136180883 -0.178164423 0.002154879 0.023383509 -0.004814179 0.999712655
399. -0.473023913 0.136132147 -0.178235601 0.002138201 0.023406122 -0.004837682 0.999712048
400. -0.472906540 0.136010385 -0.178129157 0.002113343 0.023374124 -0.004827146 0.999712900
401. -0.472802562 0.136038503 -0.178058563 0.002115408 0.023353100 -0.004817557 0.999713433
402. -0.472861689 0.136119347 -0.178160940 0.002142505 0.023367350 -0.004804692 0.999713105
403. -0.472824080 0.136129231 -0.178193596 0.002149466 0.023360022 -0.004807820 0.999713246
404. -0.472853196 0.136039204 -0.178129237 0.002117086 0.023353025 -0.004790251 0.999713563
405. -0.472856413 0.136077245 -0.178085317 0.002121215 0.023367162 -0.004796790 0.999713192
406. -0.472776667 0.136249720 -0.178122759 0.002151987 0.023343259 -0.004831444 0.999713518
407. -0.472831723 0.136217526 -0.178172271 0.002152074 0.023352920 -0.004817499 0.999713360
408. -0.472817430 0.136224812 -0.178056236 0.002156278 0.023358721 -0.004805913 0.999713271
409. -0.472908199 0.136076953 -0.178122514 0.002110489 0.023381356 -0.004775233 0.999712986
410. -0.472894756 0.136156765 -0.178143488 0.002122773 0.023366727 -0.004811804 0.999713127
411. -0.472810016 0.136145287 -0.178129494 0.002112761 0.023343032 -0.004802569 0.999713746
412. -0.472706034 0.136276621 -0.178109807 0.002152127 0.023314382 -0.004821520 0.999714240
413. -0.472772911 0.136310352 -0.178145558 0.002162531 0.023322551 -0.004804343 0.999714109
414. -0.472811675 0.136429550 -0.178160091 0.002197109 0.023342386 -0.004810154 0.999713543
415. -0.472745736 0.136443343 -0.178100651 0.002196410 0.023321524 -0.004792780 0.999714115
416. -0.472881027 0.136477391 -0.178164464 0.002208792 0.023359619 -0.004803543 0.999713147
417. -0.472873587 0.136481023 -0.178238658 0.002199175 0.023354775 -0.004808418 0.999713257
418. -0.472918170 0.136485294 -0.178221768 0.002213091 0.023359761 -0.004774442 0.999713273
419. -0.472883860 0.136417311 -0.178148570 0.002201322 0.023345642 -0.004779753 0.999713604
420. -0.472872753 0.136384931 -0.178144061 0.002183863 0.023341540 -0.004758889 0.999713837
421. -0.472949513 0.136373846 -0.178188238 0.002181395 0.023354834 -0.004763411 0.999713511
422. -0.473004281 0.136347261 -0.178136622 0.002184060 0.023362225 -0.004738270 0.999713452
423. -0.473054999 0.136324559 -0.178117829 0.002167352 0.023371583 -0.004761537 0.999713159
424. -0.472925140 0.136360189 -0.178193359 0.002158029 0.023323915 -0.004780421 0.999714202
425. -0.472991434 0.136287316 -0.178026474 0.002151277 0.023346153 -0.004736189 0.999713908
426. -0.472913847 0.136377599 -0.177971822 0.002174443 0.023332817 -0.004749474 0.999714106
427. -0.473024483 0.136349145 -0.177984139 0.002160971 0.023363554 -0.004761813 0.999713359
428. -0.472974090 0.136314093 -0.177969079 0.002164566 0.023345881 -0.004744550 0.999713846
429. -0.473089433 0.136288635 -0.177959025 0.002150489 0.023380504 -0.004743542 0.999713072
430. -0.473045176 0.136336440 -0.177870769 0.002167654 0.023363384 -0.004745424 0.999713426
431. -0.473151449 0.136403922 -0.178005650 0.002177694 0.023388367 -0.004735224 0.999712869
432. -0.473060081 0.136350710 -0.177935990 0.002164234 0.023361376 -0.004734193 0.999713534
433. -0.473247993 0.136356041 -0.178011663 0.002162498 0.023405623 -0.004765990 0.999712352
434. -0.473121384 0.136089274 -0.177818147 0.002100342 0.023375544 -0.004734169 0.999713339
435. -0.473153511 0.136196963 -0.177849654 0.002132161 0.023383263 -0.004746695 0.999713032
436. -0.473105164 0.136043786 -0.177744089 0.002083897 0.023388994 -0.004699451 0.999713223
437. -0.473160693 0.136107219 -0.177863238 0.002109027 0.023392954 -0.004698437 0.999713082
438. -0.473093074 0.136113446 -0.177833106 0.002108788 0.023380315 -0.004686693 0.999713433
439. -0.473085595 0.136252258 -0.177856048 0.002151880 0.023373860 -0.004707649 0.999713394
440. -0.473161461 0.136221833 -0.177896924 0.002148090 0.023389080 -0.004686054 0.999713148
441. -0.473172489 0.136315590 -0.177922858 0.002171902 0.023398409 -0.004718864 0.999712724
442. -0.473071394 0.136105507 -0.177790390 0.002104706 0.023380108 -0.004655087 0.999713594
443. -0.473222617 0.136294946 -0.178053494 0.002171239 0.023393654 -0.004676827 0.999713034
444. -0.473183567 0.136423840 -0.178034593 0.002210287 0.023389297 -0.004685187 0.999713011
445. -0.473244640 0.136413222 -0.178053226 0.002204842 0.023394062 -0.004698809 0.999712848
446. -0.473214147 0.136437340 -0.178080413 0.002204603 0.023387451 -0.004708924 0.999712955
447. -0.473191139 0.136403298 -0.178010532 0.002200747 0.023387187 -0.004709364 0.999712968
448. -0.473218184 0.136416676 -0.178108885 0.002208201 0.023373053 -0.004688707 0.999713379
449. -0.473259266 0.136438286 -0.178126035 0.002211688 0.023388473 -0.004685964 0.999713024
450. -0.473168275 0.136362343 -0.178024014 0.002184829 0.023360695 -0.004682461 0.999713749
451. -0.473343232 0.136478399 -0.178177844 0.002203145 0.023410658 -0.004668758 0.999712604
452. -0.473284124 0.136471378 -0.178087361 0.002210448 0.023395601 -0.004682171 0.999712877
453. -0.473339121 0.136433469 -0.178066914 0.002201399 0.023410635 -0.004673935 0.999712584
454. -0.473312901 0.136457848 -0.178095553 0.002207344 0.023398832 -0.004682568 0.999712807
455. -0.473283193 0.136371011 -0.178016961 0.002178818 0.023390173 -0.004662482 0.999713166
456. -0.473254099 0.136291008 -0.177966835 0.002142217 0.023389276 -0.004652374 0.999713313
457. -0.473330026 0.136461382 -0.178049384 0.002198232 0.023398028 -0.004674783 0.999712882
458. -0.473325985 0.136370421 -0.177965472 0.002181119 0.023398108 -0.004643517 0.999713063
459. -0.473311070 0.136350430 -0.177945913 0.002187028 0.023394532 -0.004638846 0.999713156
460. -0.473317710 0.136297827 -0.177968921 0.002154296 0.023398168 -0.004635274 0.999713158
461. -0.473477518 0.136374338 -0.178080733 0.002168679 0.023434809 -0.004628551 0.999712300
462. -0.473486811 0.136431063 -0.178073648 0.002180713 0.023433968 -0.004634145 0.999712268
463. -0.473510499 0.136421362 -0.178045115 0.002180665 0.023439566 -0.004610321 0.999712247
464. -0.473418206 0.136515037 -0.178051394 0.002199613 0.023414428 -0.004631338 0.999712697
465. -0.473498816 0.136520649 -0.178125371 0.002203579 0.023434239 -0.004618401 0.999712284
466. -0.473424960 0.136482077 -0.178027684 0.002194902 0.023417660 -0.004572291 0.999712904
467. -0.473551204 0.136463772 -0.178029909 0.002188656 0.023448107 -0.004593947 0.999712104
468. -0.473511809 0.136508899 -0.178050409 0.002213423 0.023430370 -0.004576943 0.999712544
469. -0.473656647 0.136532753 -0.178145174 0.002221267 0.023464614 -0.004572680 0.999711743
470. -0.473741857 0.136692340 -0.178193461 0.002256212 0.023489112 -0.004601954 0.999710955
471. -0.473665141 0.136539603 -0.178077144 0.002206965 0.023472041 -0.004587553 0.999711532
472. -0.473691685 0.136418118 -0.178272873 0.002189822 0.023465760 -0.004570241 0.999711796
473. -0.473759072 0.136526029 -0.178288780 0.002214168 0.023487337 -0.004585080 0.999711168
474. -0.473745551 0.136416114 -0.178263703 0.002180122 0.023484450 -0.004553346 0.999711456
475. -0.473745749 0.136450008 -0.178250757 0.002195830 0.023482579 -0.004554593 0.999711460
476. -0.473767597 0.136496301 -0.178272314 0.002196264 0.023486305 -0.004559374 0.999711349
477. -0.473700603 0.136416187 -0.178081364 0.002154273 0.023480355 -0.004524793 0.999711738
478. -0.473713019 0.135965793 -0.178166975 0.002022350 0.023478244 -0.004454518 0.999712378
479. -0.473834426 0.135899871 -0.178245736 0.001990112 0.023506625 -0.004450362 0.999711795
480. -0.473760786 0.135875615 -0.178202523 0.001990768 0.023483466 -0.004434995 0.999712406
481. -0.473760069 0.135997997 -0.178273165 0.002015893 0.023473107 -0.004466349 0.999712459
482. -0.473777193 0.135964330 -0.178253632 0.002016446 0.023479576 -0.004420672 0.999712509
483. -0.473807868 0.135819170 -0.178277529 0.001956885 0.023483924 -0.004391231 0.999712655
484. -0.473735308 0.136056328 -0.178139293 0.002031886 0.023473879 -0.004472160 0.999712383
485. -0.473367071 0.136650266 -0.177965886 0.002221469 0.023366423 -0.004550268 0.999714144
486. -0.473353793 0.136585859 -0.177972667 0.002203333 0.023355858 -0.004534933 0.999714501
487. -0.473435562 0.136536790 -0.178032301 0.002191327 0.023373467 -0.004525823 0.999714157
488. -0.473463438 0.136574895 -0.178021458 0.002201405 0.023382905 -0.004497832 0.999714041
489. -0.473603700 0.136614988 -0.178060982 0.002217634 0.023421085 -0.004499262 0.999713105
490. -0.473596637 0.136746823 -0.178141115 0.002249088 0.023409040 -0.004544779 0.999713111
491. -0.473604297 0.136771905 -0.178219280 0.002249610 0.023407835 -0.004530461 0.999713203
492. -0.473506079 0.136695638 -0.178094246 0.002228572 0.023389092 -0.004528854 0.999713696
493. -0.473731165 0.136497696 -0.178120749 0.002176774 0.023442788 -0.004510718 0.999712634
494. -0.473754861 0.136466263 -0.178070087 0.002168692 0.023452010 -0.004490521 0.999712526
495. -0.473961336 0.136702437 -0.178289073 0.002229333 0.023491119 -0.004526101 0.999711314
496. -0.473768317 0.136621612 -0.178178722 0.002201582 0.023450843 -0.004480310 0.999712528
497. -0.473765326 0.136596046 -0.178086292 0.002197976 0.023450773 -0.004484068 0.999712520
498. -0.473887145 0.136539623 -0.178128945 0.002180799 0.023481379 -0.004465492 0.999711923
499. -0.473959005 0.136560591 -0.178127217 0.002180493 0.023503630 -0.004490759 0.999711287
500. -0.473757946 0.136613211 -0.178160666 0.002193739 0.023440237 -0.004481371 0.999712789
501. -0.474009541 0.136789916 -0.178332798 0.002239420 0.023498267 -0.004499585 0.999711243
502. -0.473941718 0.136687113 -0.178202597 0.002211894 0.023485262 -0.004494006 0.999711635
503. -0.473890110 0.136616773 -0.178120281 0.002186088 0.023473099 -0.004479391 0.999712043
504. -0.473725010 0.136522468 -0.178033347 0.002158360 0.023424177 -0.004499142 0.999713162
505. -0.473780010 0.136593973 -0.178086286 0.002183384 0.023432608 -0.004503191 0.999712892
506. -0.473901459 0.136415172 -0.177967619 0.002125715 0.023468668 -0.004496065 0.999712203
507. -0.473968830 0.136663059 -0.178114415 0.002203546 0.023469089 -0.004516507 0.999711932
508. -0.473929715 0.136463026 -0.178039455 0.002150115 0.023470673 -0.004476757 0.999712190
509. -0.473917658 0.136434330 -0.178006341 0.002144592 0.023469292 -0.004461386 0.999712303
510. -0.473957331 0.136021992 -0.177838469 0.002038839 0.023476166 -0.004421367 0.999712541
511. -0.474048869 0.136084895 -0.177959752 0.002065854 0.023491338 -0.004386074 0.999712284
512. -0.473857163 0.136133446 -0.177927870 0.002077401 0.023438667 -0.004412761 0.999713379
513. -0.473939685 0.136212384 -0.177925860 0.002097843 0.023459988 -0.004418181 0.999712813
514. -0.473783146 0.136152751 -0.177831197 0.002082784 0.023415667 -0.004409904 0.999713920
515. -0.473864287 0.136307273 -0.177900535 0.002132994 0.023435848 -0.004394075 0.999713411
516. -0.473828887 0.136358873 -0.177848043 0.002145652 0.023425202 -0.004400857 0.999713603
517. -0.473877817 0.136358326 -0.177929518 0.002151194 0.023426417 -0.004405353 0.999713543
518. -0.473945103 0.136379183 -0.178003846 0.002153160 0.023434481 -0.004398316 0.999713381
519. -0.473866304 0.136364716 -0.177959970 0.002141468 0.023412615 -0.004418427 0.999713830
520. -0.473935643 0.136452851 -0.177983042 0.002181337 0.023437454 -0.004401165 0.999713238
521. -0.473889387 0.136414618 -0.177918217 0.002161356 0.023433226 -0.004409893 0.999713342
522. -0.473957680 0.136285982 -0.177951890 0.002127842 0.023453739 -0.004368373 0.999713115
523. -0.473934649 0.136330981 -0.177949190 0.002137729 0.023448629 -0.004368225 0.999713214
524. -0.473958203 0.136364425 -0.177989463 0.002157155 0.023457984 -0.004359319 0.999712992
525. -0.473889053 0.136404322 -0.177877596 0.002161796 0.023439578 -0.004367824 0.999713376
526. -0.473882498 0.136528244 -0.177942590 0.002191623 0.023436111 -0.004392123 0.999713286
527. -0.473667706 0.136473632 -0.177831273 0.002172599 0.023387348 -0.004372142 0.999714557
528. -0.473596827 0.136519864 -0.177783455 0.002179883 0.023359485 -0.004414753 0.999715006
529. -0.473690096 0.136512118 -0.177778555 0.002178522 0.023382977 -0.004405456 0.999714500
530. -0.473793925 0.136373748 -0.177796554 0.002152152 0.023407987 -0.004337986 0.999714267
531. -0.473653730 0.136469126 -0.177726980 0.002154631 0.023383595 -0.004365117 0.999714715
532. -0.473787075 0.136591650 -0.177906819 0.002203118 0.023402587 -0.004370809 0.999714140
533. -0.473716070 0.136657271 -0.177908291 0.002217351 0.023391169 -0.004380111 0.999714335
534. -0.473655089 0.136744959 -0.177903033 0.002246392 0.023375848 -0.004382874 0.999714616
535. -0.473675743 0.136649122 -0.177896735 0.002216795 0.023383509 -0.004384083 0.999714498
536. -0.473714094 0.136563394 -0.177871461 0.002204692 0.023393034 -0.004337319 0.999714506
537. -0.473749624 0.136695332 -0.177891378 0.002232387 0.023393102 -0.004360689 0.999714341
538. -0.473801504 0.136598447 -0.177849815 0.002200972 0.023410103 -0.004342253 0.999714093
539. -0.473735079 0.136576384 -0.177834826 0.002200401 0.023385133 -0.004339107 0.999714692
540. -0.473736581 0.136596536 -0.177787544 0.002203546 0.023395270 -0.004317701 0.999714541
541. -0.473766577 0.136511144 -0.177699634 0.002180955 0.023402521 -0.004311619 0.999714447
542. -0.473872324 0.136392273 -0.177744346 0.002145284 0.023412698 -0.004299641 0.999714337
543. -0.473770487 0.136450929 -0.177693879 0.002157563 0.023389293 -0.004299002 0.999714862
544. -0.473817460 0.136436196 -0.177612507 0.002159547 0.023408679 -0.004297824 0.999714409
545. -0.473845421 0.136546510 -0.177636203 0.002185499 0.023414924 -0.004323538 0.999714095
546. -0.473712966 0.136472019 -0.177565270 0.002154385 0.023377224 -0.004312496 0.999715093
547. -0.473842389 0.136493008 -0.177717036 0.002169026 0.023402220 -0.004316992 0.999714457
548. -0.473844204 0.136283729 -0.177726072 0.002105634 0.023393865 -0.004306066 0.999714835
549. -0.473973890 0.136410967 -0.177768414 0.002139325 0.023424783 -0.004294790 0.999714088
550. -0.473947752 0.136413162 -0.177742929 0.002141371 0.023416499 -0.004293742 0.999714282
551. -0.473963965 0.136380581 -0.177778739 0.002137104 0.023416825 -0.004269283 0.999714388
552. -0.473842134 0.136314391 -0.177697456 0.002119743 0.023382760 -0.004265822 0.999715237
553. -0.473896839 0.136380189 -0.177722347 0.002139895 0.023392252 -0.004253174 0.999715026
554. -0.473991022 0.136339238 -0.177699780 0.002116965 0.023409540 -0.004252632 0.999714673
555. -0.473998647 0.136241311 -0.177656425 0.002089729 0.023416819 -0.004224444 0.999714679
556. -0.474135558 0.136224739 -0.177608183 0.002082156 0.023451118 -0.004213735 0.999713936
557. -0.474214977 0.136124033 -0.177585560 0.002063524 0.023467287 -0.004179461 0.999713739
558. -0.474148878 0.136203636 -0.177613152 0.002085796 0.023434654 -0.004168407 0.999714505
559. -0.474318448 0.136288303 -0.177540899 0.002095071 0.023466938 -0.004228011 0.999713478
560. -0.474462380 0.135666339 -0.178735449 0.001962490 0.023505246 -0.004286393 0.999712598
561. -0.474458441 0.135651989 -0.178743471 0.001940472 0.023513771 -0.004256476 0.999712568
562. -0.474785519 0.135757733 -0.179244340 0.001966657 0.023579875 -0.004257235 0.999710957
563. -0.474770178 0.135776120 -0.179264038 0.001985750 0.023569311 -0.004235490 0.999711261
564. -0.474767026 0.135763423 -0.179205798 0.001981706 0.023571953 -0.004199446 0.999711359
565. -0.474662778 0.135755086 -0.179031087 0.001999230 0.023547466 -0.004268050 0.999711610
566. -0.474678014 0.135738094 -0.179026192 0.001973914 0.023572910 -0.004269761 0.999711054
567. -0.474681900 0.135755356 -0.179058294 0.001976428 0.023570268 -0.004244748 0.999711217
568. -0.474693801 0.135766864 -0.179032261 0.001977862 0.023573357 -0.004279221 0.999710995
569. -0.474703458 0.135747688 -0.179010818 0.001965592 0.023581340 -0.004278269 0.999710835
570. -0.474707881 0.135764328 -0.179065230 0.001981600 0.023579362 -0.004272674 0.999710874
571. -0.474698819 0.135777547 -0.179108042 0.001991843 0.023572818 -0.004233097 0.999711176
572. -0.474764183 0.135764593 -0.179135539 0.001992616 0.023592798 -0.004234561 0.999710697
573. -0.474792709 0.135769495 -0.179154058 0.001991028 0.023605468 -0.004254832 0.999710315
574. -0.474811852 0.135742863 -0.179181081 0.001978891 0.023607564 -0.004233283 0.999710381
575. -0.474810385 0.135768079 -0.179236600 0.001993604 0.023597684 -0.004243203 0.999710543
576. -0.474828390 0.135747950 -0.179255685 0.001980492 0.023596954 -0.004269508 0.999710474
577. -0.474817113 0.135741661 -0.179225827 0.001990460 0.023588109 -0.004262943 0.999710691
578. -0.474804704 0.135713129 -0.179182751 0.001965853 0.023601857 -0.004258557 0.999710434
579. -0.474850069 0.135731837 -0.179207238 0.001974373 0.023614436 -0.004246487 0.999710172
580. -0.474769897 0.135735984 -0.179100704 0.001974796 0.023603503 -0.004251656 0.999710407
581. -0.474851402 0.135758757 -0.179211234 0.001990316 0.023616528 -0.004241825 0.999710111
582. -0.474729615 0.135893057 -0.178954558 0.002036336 0.023597039 -0.004266358 0.999710374
583. -0.474530864 0.135859549 -0.178915118 0.002016566 0.023532454 -0.004301748 0.999711784
584. -0.474544085 0.135896610 -0.178791388 0.002034484 0.023552558 -0.004305842 0.999711257
585. -0.474588751 0.135914353 -0.178889588 0.002036134 0.023554315 -0.004314424 0.999711175
586. -0.474580857 0.135889425 -0.178934165 0.002017162 0.023548812 -0.004329732 0.999711277
587. -0.474582296 0.135945575 -0.178835072 0.002054638 0.023552680 -0.004292040 0.999711272
588. -0.474628764 0.135933400 -0.178966603 0.002050903 0.023554405 -0.004315690 0.999711138
589. -0.474650766 0.135983772 -0.178863201 0.002070955 0.023569221 -0.004299812 0.999710815
590. -0.474616759 0.135991124 -0.178788023 0.002072508 0.023559612 -0.004311327 0.999710989
591. -0.474653833 0.135994822 -0.178831926 0.002071327 0.023577987 -0.004296960 0.999710620
592. -0.474617451 0.136001695 -0.178820007 0.002074339 0.023560103 -0.004328069 0.999710901
593. -0.474522180 0.135964768 -0.178662077 0.002056597 0.023544970 -0.004308413 0.999711380
594. -0.474596605 0.135997024 -0.178755544 0.002067881 0.023554058 -0.004298559 0.999711185
595. -0.474564350 0.136057475 -0.178807188 0.002081937 0.023522227 -0.004395143 0.999711485
596. -0.474520031 0.135975045 -0.178663597 0.002041894 0.023529384 -0.004380133 0.999711465
597. -0.474512885 0.136019018 -0.178617196 0.002072237 0.023540112 -0.004326092 0.999711385
598. -0.474609576 0.136051753 -0.178806330 0.002086988 0.023551897 -0.004346410 0.999710989
599. -0.474570997 0.136015495 -0.178664436 0.002073993 0.023556554 -0.004322401 0.999711010
600. -0.474555768 0.136047934 -0.178695477 0.002075483 0.023550035 -0.004353353 0.999711027
601. -0.474647150 0.136074374 -0.178743770 0.002097032 0.023564119 -0.004315269 0.999710815
602. -0.474587504 0.135858414 -0.178787880 0.002033574 0.023558934 -0.004265353 0.999711282
603. -0.474601885 0.135895806 -0.178904448 0.002045188 0.023545572 -0.004277159 0.999711523
604. -0.474608872 0.135945536 -0.178940020 0.002062982 0.023541790 -0.004283157 0.999711550
605. -0.474567216 0.135929478 -0.178910552 0.002055137 0.023525301 -0.004276084 0.999711984
606. -0.474541998 0.135918128 -0.178868436 0.002050319 0.023516988 -0.004287646 0.999712140
607. -0.474479875 0.135886949 -0.178786673 0.002038370 0.023500134 -0.004304089 0.999712490
608. -0.474293933 0.135752663 -0.178812767 0.002002608 0.023448553 -0.004256183 0.999713979
609. -0.474235174 0.135824545 -0.178710156 0.002012633 0.023434402 -0.004313758 0.999714044
610. -0.474285117 0.135841140 -0.178809223 0.002011768 0.023432997 -0.004303225 0.999714124
611. -0.474366208 0.135867655 -0.178914788 0.002026227 0.023453587 -0.004294783 0.999713648
612. -0.474253303 0.135831908 -0.178744943 0.002019373 0.023433019 -0.004279599 0.999714210
613. -0.474221308 0.135831356 -0.178683778 0.002013089 0.023430371 -0.004280331 0.999714281
614. -0.474348003 0.135849638 -0.178855991 0.002029627 0.023449894 -0.004259663 0.999713878
615. -0.474346456 0.135938723 -0.178883320 0.002064522 0.023453482 -0.004255373 0.999713741
616. -0.474349362 0.135914972 -0.178894855 0.002053188 0.023456801 -0.004251645 0.999713702
617. -0.474271232 0.135851391 -0.178785312 0.002033096 0.023433291 -0.004247732 0.999714311
618. -0.474329811 0.135908874 -0.178814487 0.002052097 0.023450959 -0.004250563 0.999713846
619. -0.474417980 0.135936764 -0.178937425 0.002060327 0.023461226 -0.004253598 0.999713575
620. -0.474301334 0.135919084 -0.178821356 0.002063040 0.023439095 -0.004253020 0.999714091
621. -0.474300289 0.135834342 -0.178756014 0.001991269 0.023458480 -0.004342253 0.999713399
622. -0.474301513 0.135906509 -0.178749176 0.002026093 0.023463167 -0.004346093 0.999713202
623. -0.474370005 0.135851736 -0.178797951 0.002007984 0.023487062 -0.004322379 0.999712780
624. -0.474275141 0.135908543 -0.178726587 0.002023011 0.023467623 -0.004362627 0.999713032
625. -0.474345309 0.135933518 -0.178800135 0.002034890 0.023479217 -0.004369630 0.999712705
626. -0.474328127 0.135899501 -0.178814383 0.002026405 0.023471422 -0.004364955 0.999712925
627. -0.474311199 0.135888924 -0.178806553 0.002021216 0.023459266 -0.004358915 0.999713248
628. -0.474380896 0.135934176 -0.178899637 0.002037893 0.023474930 -0.004380034 0.999712754
629. -0.474340775 0.135997493 -0.178870685 0.002071499 0.023470856 -0.004372380 0.999712814
630. -0.474363120 0.135848489 -0.178812450 0.002044110 0.023482338 -0.004273251 0.999713029
631. -0.474325354 0.135863918 -0.178730752 0.002049187 0.023483024 -0.004273860 0.999713000
632. -0.474344943 0.135748462 -0.178688525 0.001998849 0.023496003 -0.004260487 0.999712854
633. -0.474429249 0.135856217 -0.178846845 0.002036359 0.023506093 -0.004284968 0.999712437
634. -0.474409158 0.135875959 -0.178802732 0.002043627 0.023500216 -0.004299986 0.999712495
635. -0.474290121 0.135763629 -0.178695645 0.001996944 0.023457358 -0.004247348 0.999713821
636. -0.474277761 0.135792290 -0.178699010 0.002004176 0.023450615 -0.004230679 0.999714036
637. -0.474283795 0.135765152 -0.178668933 0.001999167 0.023457337 -0.004224910 0.999713912
638. -0.474345986 0.135770614 -0.178706476 0.002002882 0.023476421 -0.004212932 0.999713508
639. -0.474246282 0.135795834 -0.178629683 0.002007598 0.023449704 -0.004243676 0.999713995
640. -0.474269013 0.135806278 -0.178598533 0.002014507 0.023459445 -0.004210941 0.999713891
641. -0.474280868 0.135779513 -0.178608527 0.002002836 0.023464045 -0.004233761 0.999713710
642. -0.474285783 0.135786435 -0.178583222 0.002006799 0.023471250 -0.004215411 0.999713611
643. -0.474315347 0.135794062 -0.178642723 0.002008993 0.023477726 -0.004213441 0.999713463
644. -0.474334587 0.135800184 -0.178679892 0.002007288 0.023469453 -0.004226497 0.999713605
645. -0.474409373 0.135871402 -0.178826275 0.002026094 0.023475567 -0.004241313 0.999713361
646. -0.474470527 0.135882629 -0.178951178 0.002024948 0.023481438 -0.004255401 0.999713165
647. -0.474380187 0.135840679 -0.178779447 0.002005800 0.023475484 -0.004268375 0.999713289
648. -0.474414687 0.135857067 -0.178801860 0.002013967 0.023483870 -0.004251245 0.999713148
649. -0.474533968 0.135844879 -0.178915892 0.002009002 0.023512550 -0.004229192 0.999712578
650. -0.474413943 0.135894029 -0.178798145 0.002029025 0.023480288 -0.004264681 0.999713145
651. -0.474435391 0.135798555 -0.178722654 0.001994022 0.023499650 -0.004237605 0.999712875
652. -0.474433194 0.135821977 -0.178721768 0.002003006 0.023496086 -0.004259128 0.999712850
653. -0.474424692 0.135848322 -0.178806481 0.002010791 0.023483163 -0.004245362 0.999713196
654. -0.474560006 0.135864807 -0.178911070 0.002025555 0.023524092 -0.004213758 0.999712338
655. -0.474590126 0.135898461 -0.178994178 0.002030749 0.023520421 -0.004244409 0.999712284
656. -0.474583508 0.135829776 -0.178954967 0.002005871 0.023532846 -0.004214712 0.999712168
657. -0.474556430 0.135840974 -0.178909949 0.002004505 0.023531335 -0.004222759 0.999712172
658. -0.474551993 0.135749047 -0.178849479 0.001974311 0.023531774 -0.004176393 0.999712416
659. -0.474583947 0.135761054 -0.178882963 0.001972164 0.023538767 -0.004188270 0.999712206
660. -0.474634489 0.135855157 -0.179012776 0.002011501 0.023536243 -0.004191248 0.999712175
661. -0.474580745 0.135864607 -0.178926123 0.002015571 0.023526998 -0.004185026 0.999712410
662. -0.474467169 0.135804159 -0.178811222 0.001993385 0.023493456 -0.004193556 0.999713208
663. -0.474555357 0.135846405 -0.178923513 0.001998939 0.023520709 -0.004219346 0.999712447
664. -0.474489869 0.135867980 -0.178802298 0.002016000 0.023509913 -0.004207950 0.999712715
665. -0.474562840 0.135842939 -0.178928574 0.002007879 0.023518318 -0.004184813 0.999712631
666. -0.474533955 0.135873027 -0.178886568 0.002012573 0.023512862 -0.004231922 0.999712552
667. -0.474570098 0.135849248 -0.178950649 0.001997411 0.023520898 -0.004202828 0.999712516
668. -0.474555642 0.135862649 -0.178922917 0.002004169 0.023522965 -0.004199953 0.999712466
669. -0.474536010 0.135842398 -0.178877477 0.001999349 0.023519542 -0.004190165 0.999712597
670. -0.474509401 0.135874738 -0.178846964 0.002011734 0.023517122 -0.004231041 0.999712457
671. -0.474478803 0.135887600 -0.178756345 0.002010524 0.023513336 -0.004227311 0.999712564
672. -0.474507074 0.135867655 -0.178827448 0.002009979 0.023512779 -0.004210102 0.999712651
673. -0.474509273 0.135882256 -0.178854122 0.002016242 0.023511517 -0.004202579 0.999712700
674. -0.474557665 0.135918633 -0.178934613 0.002020906 0.023520704 -0.004227438 0.999712369
675. -0.474540408 0.135899648 -0.178924187 0.002010341 0.023508406 -0.004211503 0.999712747
676. -0.474646054 0.135918284 -0.179054915 0.002023971 0.023529555 -0.004200246 0.999712269
677. -0.474685813 0.135984482 -0.179085058 0.002043387 0.023539087 -0.004221662 0.999711915
678. -0.474724697 0.135968719 -0.179156401 0.002031287 0.023537325 -0.004234502 0.999711927
679. -0.474688492 0.135949437 -0.179064688 0.002025069 0.023544593 -0.004229648 0.999711789
680. -0.474675153 0.135956891 -0.179025937 0.002023780 0.023542542 -0.004222329 0.999711871
681. -0.474702938 0.135976884 -0.179162009 0.002034668 0.023532021 -0.004211557 0.999712142
682. -0.474671797 0.135961216 -0.179039825 0.002024171 0.023543438 -0.004216152 0.999711875
683. -0.474745511 0.135975486 -0.179165744 0.002023196 0.023548324 -0.004234664 0.999711684
684. -0.474737632 0.135967508 -0.179151512 0.002019672 0.023550895 -0.004228202 0.999711658
685. -0.474576623 0.135968089 -0.179047852 0.002015639 0.023492090 -0.004232713 0.999713030
686. -0.474594518 0.135952731 -0.178994856 0.002019548 0.023499899 -0.004211395 0.999712929
687. -0.474571349 0.135948284 -0.178966212 0.002011168 0.023491609 -0.004234729 0.999713042
688. -0.474638502 0.136002304 -0.179036995 0.002037296 0.023515596 -0.004225716 0.999712463
689. -0.474601849 0.135972138 -0.178966411 0.002023406 0.023510362 -0.004220318 0.999712638
690. -0.474667231 0.136031555 -0.179061612 0.002039424 0.023520331 -0.004235768 0.999712305
691. -0.474681759 0.136015556 -0.179093621 0.002031530 0.023520125 -0.004220518 0.999712391
692. -0.474617967 0.136024593 -0.178984603 0.002034062 0.023507303 -0.004241395 0.999712599
693. -0.474585225 0.136009032 -0.178917390 0.002026505 0.023507906 -0.004248251 0.999712571
694. -0.474465619 0.135974128 -0.178722081 0.002012171 0.023487006 -0.004245266 0.999713104
695. -0.474548465 0.136001933 -0.178918675 0.002024393 0.023487839 -0.004254981 0.999713018
696. -0.474517510 0.136040375 -0.178838419 0.002035919 0.023486228 -0.004272612 0.999712957
697. -0.474560902 0.136039954 -0.178918788 0.002033315 0.023495069 -0.004296441 0.999712653
698. -0.474452390 0.135957858 -0.178755739 0.002011661 0.023471543 -0.004268121 0.999713370
699. -0.474555491 0.136008522 -0.178903481 0.002020467 0.023498773 -0.004258372 0.999712755
700. -0.474547736 0.136033664 -0.178918361 0.002033404 0.023493116 -0.004277159 0.999712781
701. -0.474613824 0.136081240 -0.178966636 0.002049929 0.023508368 -0.004277330 0.999712388
702. -0.474507930 0.136045806 -0.178784746 0.002036376 0.023486470 -0.004273814 0.999712945
703. -0.474485602 0.136053829 -0.178744625 0.002035885 0.023484744 -0.004298663 0.999712881
704. -0.474423920 0.136013988 -0.178654445 0.002019613 0.023471196 -0.004283653 0.999713296
705. -0.474463101 0.136033394 -0.178726319 0.002022558 0.023477827 -0.004295776 0.999713082
706. -0.474496686 0.136065118 -0.178812928 0.002037225 0.023476581 -0.004286028 0.999713124
707. -0.474409203 0.136055177 -0.178699971 0.002024587 0.023455465 -0.004302242 0.999713575
708. -0.474385617 0.136067056 -0.178662635 0.002026649 0.023455119 -0.004301971 0.999713581
709. -0.474380902 0.136025556 -0.178639032 0.002008971 0.023457319 -0.004297364 0.999713584
710. -0.474392979 0.136069925 -0.178646741 0.002027835 0.023455699 -0.004309921 0.999713530
711. -0.474378184 0.136077716 -0.178609189 0.002033094 0.023452345 -0.004319203 0.999713558
712. -0.474428110 0.136053846 -0.178708060 0.002031326 0.023457392 -0.004287634 0.999713579
713. -0.474370382 0.136069794 -0.178596449 0.002033257 0.023441174 -0.004281018 0.999713984
714. -0.474486509 0.136113518 -0.178734859 0.002046479 0.023469320 -0.004305557 0.999713191
715. -0.474526202 0.136119073 -0.178851694 0.002056314 0.023467905 -0.004270939 0.999713353
716. -0.474480326 0.136107607 -0.178799249 0.002052421 0.023463152 -0.004272381 0.999713466
717. -0.474505714 0.136150366 -0.178793691 0.002064423 0.023480341 -0.004276035 0.999713022
718. -0.474593602 0.136166509 -0.178991600 0.002065358 0.023484605 -0.004286738 0.999712875
719. -0.474538044 0.136113478 -0.178844580 0.002048128 0.023484035 -0.004251880 0.999713072
720. -0.474520487 0.136161492 -0.178845615 0.002061244 0.023474551 -0.004294529 0.999713086
721. -0.474394432 0.136178146 -0.178519267 0.002055255 0.023467792 -0.004328629 0.999713110
722. -0.474318393 0.136140558 -0.178367034 0.002038647 0.023457818 -0.004335037 0.999713350
723. -0.474389816 0.136194030 -0.178514826 0.002059131 0.023465749 -0.004343361 0.999713086
724. -0.474383476 0.136103358 -0.178282736 0.002019185 0.023503500 -0.004328217 0.999712346
725. -0.474447564 0.136086335 -0.178288265 0.002015659 0.023520444 -0.004321746 0.999711983
726. -0.474327771 0.136101687 -0.178103424 0.002014034 0.023502250 -0.004338198 0.999712343
727. -0.474318708 0.136123227 -0.178047795 0.002024509 0.023498451 -0.004320471 0.999712488
728. -0.474322867 0.136139355 -0.178099685 0.002025383 0.023506332 -0.004335599 0.999712235
729. -0.474295010 0.136160424 -0.178073018 0.002036552 0.023495872 -0.004346703 0.999712410
730. -0.474291516 0.136022828 -0.177964204 0.001979720 0.023504455 -0.004325003 0.999712416
731. -0.474298341 0.135992341 -0.177986622 0.001974014 0.023506292 -0.004290693 0.999712532
732. -0.474254663 0.135984166 -0.177913627 0.001969036 0.023500723 -0.004304639 0.999712613
733. -0.474301932 0.136125878 -0.178085340 0.002022527 0.023501289 -0.004322859 0.999712414
734. -0.474271000 0.136023348 -0.177987346 0.001982544 0.023499074 -0.004292293 0.999712678
735. -0.474318288 0.136100094 -0.178077241 0.002000157 0.023510866 -0.004317186 0.999712259
736. -0.474268774 0.136131208 -0.178030891 0.002014093 0.023495388 -0.004307616 0.999712636
737. -0.474278283 0.136123228 -0.178029487 0.002004991 0.023494817 -0.004350705 0.999712481
738. -0.474308088 0.136076237 -0.177999680 0.001991864 0.023509057 -0.004320581 0.999712303
739. -0.474310767 0.136041004 -0.177986278 0.001990493 0.023509857 -0.004282244 0.999712452
740. -0.474301669 0.136108142 -0.177980947 0.002009957 0.023505188 -0.004312906 0.999712391
741. -0.474234321 0.136041207 -0.177841169 0.001982765 0.023501204 -0.004304910 0.999712574
742. -0.474332488 0.136083566 -0.177991365 0.001992945 0.023515929 -0.004294215 0.999712253
743. -0.474267262 0.136103626 -0.177861537 0.001990333 0.023514815 -0.004318843 0.999712178
744. -0.474359359 0.136135581 -0.178037687 0.002002222 0.023522085 -0.004308486 0.999712028
745. -0.474382916 0.136196055 -0.178133563 0.002011477 0.023525670 -0.004381236 0.999711609
746. -0.474387980 0.136191134 -0.178048935 0.002006828 0.023528804 -0.004397711 0.999711472
747. -0.474411418 0.136184103 -0.178077379 0.002001189 0.023530699 -0.004383745 0.999711500
748. -0.474343089 0.136167537 -0.177991196 0.001999340 0.023519310 -0.004374751 0.999711812
749. -0.474395563 0.136194522 -0.178106049 0.002016359 0.023516064 -0.004361277 0.999711913
750. -0.474454308 0.136178481 -0.178257176 0.002011306 0.023516947 -0.004360574 0.999711905
751. -0.474454175 0.136192037 -0.178244244 0.002015612 0.023516148 -0.004362858 0.999711905
752. -0.474422637 0.136240021 -0.178223680 0.002042605 0.023507550 -0.004369397 0.999712024
753. -0.474366852 0.136216381 -0.178183829 0.002023447 0.023486375 -0.004409488 0.999712385
754. -0.474272094 0.136185488 -0.177944589 0.002008234 0.023492921 -0.004384452 0.999712372
755. -0.474308318 0.136207213 -0.178059962 0.002007164 0.023491034 -0.004420166 0.999712261
756. -0.474215320 0.136182119 -0.177862196 0.002000699 0.023482304 -0.004398596 0.999712574
757. -0.474252534 0.136210372 -0.177984348 0.001997900 0.023474626 -0.004442250 0.999712567
758. -0.474277488 0.136210959 -0.177965439 0.001995245 0.023487081 -0.004421003 0.999712374
759. -0.474290065 0.136234204 -0.178001601 0.001998202 0.023483764 -0.004447551 0.999712328
760. -0.474274070 0.136245140 -0.178032412 0.002007736 0.023467671 -0.004453136 0.999712662
761. -0.474175439 0.136262895 -0.177904279 0.002000884 0.023440078 -0.004507350 0.999713080
762. -0.474262717 0.136248527 -0.178037120 0.002003245 0.023462910 -0.004443522 0.999712826
763. -0.474303913 0.136270742 -0.178081702 0.002005826 0.023476307 -0.004470030 0.999712388
764. -0.474363864 0.136432652 -0.178166222 0.002059056 0.023486236 -0.004555874 0.999711659
765. -0.474367174 0.136495281 -0.178141335 0.002085250 0.023488185 -0.004581809 0.999711440
766. -0.474536784 0.136355603 -0.178308120 0.002023296 0.023547202 -0.004525840 0.999710434
767. -0.474558215 0.136353915 -0.178337466 0.002018144 0.023547943 -0.004517743 0.999710464
768. -0.474560073 0.136385560 -0.178304122 0.002035486 0.023548449 -0.004511460 0.999710445
769. -0.474514478 0.136356801 -0.178229341 0.002023471 0.023543296 -0.004488551 0.999710694
770. -0.474571413 0.136364713 -0.178340023 0.002030636 0.023547023 -0.004497834 0.999710550
771. -0.474581130 0.136405781 -0.178370779 0.002036328 0.023541064 -0.004515289 0.999710600
772. -0.474678471 0.136438328 -0.178503959 0.002053018 0.023562497 -0.004504223 0.999710111
773. -0.474608611 0.136360436 -0.178368688 0.002022666 0.023557698 -0.004500986 0.999710300
774. -0.474616778 0.136376977 -0.178379834 0.002020650 0.023562892 -0.004493491 0.999710216
775. -0.474581687 0.136316672 -0.178252181 0.002001985 0.023562095 -0.004474520 0.999710357
776. -0.474588766 0.136326657 -0.178271659 0.002006771 0.023564046 -0.004476376 0.999710293
777. -0.474699563 0.136372902 -0.178479354 0.002037159 0.023579295 -0.004461665 0.999709938
778. -0.474740967 0.136382203 -0.178524445 0.002036316 0.023592296 -0.004477075 0.999709564
779. -0.474665815 0.136365000 -0.178407568 0.002027972 0.023580573 -0.004468661 0.999709895
780. -0.474645626 0.136336313 -0.178307528 0.002024192 0.023586771 -0.004476720 0.999709721
781. -0.474656163 0.136364062 -0.178390665 0.002031867 0.023582139 -0.004462817 0.999709877
782. -0.474625005 0.136358208 -0.178354592 0.002039421 0.023573293 -0.004453967 0.999710109
783. -0.474641907 0.136379758 -0.178370951 0.002043185 0.023575570 -0.004461792 0.999710013
784. -0.474594425 0.136337839 -0.178191809 0.002037211 0.023587045 -0.004434022 0.999709878
785. -0.474671054 0.136379174 -0.178332984 0.002047126 0.023596275 -0.004442822 0.999709601
786. -0.474645570 0.136340312 -0.178301864 0.002024703 0.023586561 -0.004448782 0.999709849
787. -0.474599389 0.136356396 -0.178235155 0.002034104 0.023573597 -0.004460875 0.999710082
788. -0.474543123 0.136281696 -0.178141825 0.002014013 0.023570139 -0.004444384 0.999710278
789. -0.474542004 0.136288274 -0.178144735 0.002013123 0.023567469 -0.004446469 0.999710333
790. -0.474451152 0.136249983 -0.177967974 0.002007529 0.023560512 -0.004415335 0.999710647
791. -0.474469785 0.136245739 -0.178011060 0.002002594 0.023560722 -0.004408470 0.999710682
792. -0.474542523 0.136279930 -0.178069087 0.002012739 0.023579141 -0.004414579 0.999710200
793. -0.474700005 0.136341290 -0.178348711 0.002028833 0.023601211 -0.004412858 0.999709655
794. -0.474685380 0.136374796 -0.178292422 0.002038121 0.023599993 -0.004435999 0.999709562
795. -0.474795717 0.136452337 -0.178475396 0.002053031 0.023609634 -0.004463801 0.999709180
796. -0.474767486 0.136419386 -0.178432863 0.002046341 0.023609962 -0.004456583 0.999709218
797. -0.474759492 0.136453276 -0.178444697 0.002062032 0.023611785 -0.004446335 0.999709189
798. -0.474683503 0.136401125 -0.178289445 0.002042725 0.023599084 -0.004461997 0.999709458
799. -0.474681584 0.136406276 -0.178299479 0.002043865 0.023597542 -0.004459507 0.999709504
800. -0.474689012 0.136355322 -0.178251060 0.002018773 0.023600454 -0.004424058 0.999709643
801. -0.474802337 0.136454809 -0.178429681 0.002063160 0.023621873 -0.004401635 0.999709146
802. -0.474725892 0.136411760 -0.178264523 0.002051946 0.023618487 -0.004408766 0.999709217
803. -0.474688352 0.136394528 -0.178154667 0.002041668 0.023609853 -0.004409156 0.999709441
804. -0.474681853 0.136364106 -0.178199392 0.002034455 0.023599013 -0.004390718 0.999709792
805. -0.474735403 0.136407407 -0.178248457 0.002048448 0.023614915 -0.004379168 0.999709439
806. -0.474828018 0.136452732 -0.178400731 0.002053928 0.023627929 -0.004385562 0.999709092
807. -0.474758384 0.136448950 -0.178356148 0.002059184 0.023609327 -0.004416161 0.999709386
808. -0.474761863 0.136463335 -0.178388798 0.002063712 0.023612332 -0.004416917 0.999709303
809. -0.474681231 0.136468883 -0.178309232 0.002069330 0.023590123 -0.004410499 0.999709844
810. -0.474761424 0.136512968 -0.178401287 0.002089321 0.023603760 -0.004385983 0.999709588
811. -0.474754096 0.136489491 -0.178399846 0.002079160 0.023601078 -0.004408129 0.999709575
812. -0.474823585 0.136546736 -0.178512752 0.002091895 0.023614075 -0.004429876 0.999709146
813. -0.474851532 0.136532057 -0.178483503 0.002083220 0.023630418 -0.004409248 0.999708869
814. -0.474831910 0.136523372 -0.178440916 0.002081407 0.023633110 -0.004406495 0.999708821
815. -0.474867499 0.136584692 -0.178545392 0.002098184 0.023635179 -0.004429999 0.999708633
816. -0.474913574 0.136589351 -0.178619614 0.002098451 0.023641383 -0.004406371 0.999708590
817. -0.474908497 0.136547904 -0.178575401 0.002079524 0.023644222 -0.004409924 0.999708547
818. -0.474952992 0.136669622 -0.178702685 0.002119492 0.023648472 -0.004468223 0.999708104
819. -0.474854319 0.136555078 -0.178592891 0.002079870 0.023630430 -0.004439121 0.999708743
820. -0.474863868 0.136605615 -0.178578462 0.002091439 0.023630962 -0.004464395 0.999708594
821. -0.474852199 0.136620102 -0.178572926 0.002108944 0.023627917 -0.004449452 0.999708696
822. -0.474793421 0.136538797 -0.178407206 0.002080681 0.023619566 -0.004402895 0.999709158
823. -0.474864613 0.136589750 -0.178532046 0.002108308 0.023628667 -0.004404161 0.999708880
824. -0.474755071 0.136468664 -0.178264427 0.002054710 0.023620066 -0.004414106 0.999709151
825. -0.474827442 0.136576117 -0.178458018 0.002091274 0.023625297 -0.004433739 0.999708865
826. -0.474814086 0.136572041 -0.178477348 0.002081504 0.023621071 -0.004466777 0.999708838
827. -0.474867503 0.136589958 -0.178506181 0.002087606 0.023636048 -0.004460978 0.999708497
828. -0.474842307 0.136630539 -0.178479388 0.002105146 0.023631761 -0.004462946 0.999708553
829. -0.474860553 0.136608521 -0.178462757 0.002101525 0.023641791 -0.004435648 0.999708445
830. -0.474922482 0.136648211 -0.178567435 0.002122154 0.023652396 -0.004413340 0.999708249
831. -0.474901859 0.136590309 -0.178465572 0.002097751 0.023652960 -0.004422911 0.999708245
832. -0.474880868 0.136592863 -0.178427184 0.002102286 0.023645439 -0.004406141 0.999708487
833. -0.474844626 0.136601694 -0.178405548 0.002112175 0.023637394 -0.004406690 0.999708654
834. -0.474841626 0.136593600 -0.178367861 0.002105433 0.023639514 -0.004420278 0.999708558
835. -0.474800259 0.136631105 -0.178391137 0.002106405 0.023626589 -0.004452197 0.999708720
836. -0.474831570 0.136610684 -0.178456435 0.002103242 0.023631645 -0.004443268 0.999708647
837. -0.474833559 0.136550305 -0.178408423 0.002076036 0.023633126 -0.004423957 0.999708755
838. -0.474867641 0.136622134 -0.178444817 0.002106505 0.023638142 -0.004444977 0.999708479
839. -0.474814620 0.136586356 -0.178376863 0.002093407 0.023628815 -0.004460504 0.999708658
840. -0.474847089 0.136597818 -0.178421401 0.002093416 0.023637882 -0.004453267 0.999708476
841. -0.474874632 0.136636545 -0.178394412 0.002108515 0.023648188 -0.004458469 0.999708177
842. -0.474851373 0.136595512 -0.178333054 0.002092996 0.023645834 -0.004448482 0.999708310
843. -0.474872885 0.136600578 -0.178355853 0.002089763 0.023648958 -0.004457671 0.999708202
844. -0.474877396 0.136643386 -0.178487288 0.002105180 0.023631348 -0.004462462 0.999708565
845. -0.474882225 0.136618461 -0.178444764 0.002105300 0.023641796 -0.004438973 0.999708422
846. -0.474927358 0.136628034 -0.178566884 0.002107830 0.023650127 -0.004430045 0.999708259
847. -0.474961132 0.136611201 -0.178551063 0.002105101 0.023662318 -0.004404888 0.999708088
848. -0.474903490 0.136571770 -0.178433552 0.002104598 0.023660547 -0.004372144 0.999708274
849. -0.474859727 0.136601350 -0.178427696 0.002105675 0.023641645 -0.004406667 0.999708568
850. -0.474922112 0.136654870 -0.178569259 0.002113156 0.023657482 -0.004436193 0.999708047
851. -0.474858057 0.136537946 -0.178486408 0.002065014 0.023647815 -0.004437732 0.999708369
852. -0.474337141 0.136271115 -0.177617484 0.002017149 0.023563051 -0.004445909 0.999710432
853. -0.473277019 0.134922733 -0.177605393 0.001451178 0.023143975 -0.004214940 0.999722204
854. -0.473625726 0.135180554 -0.177512313 0.001524905 0.023277093 -0.004355072 0.999718403
855. -0.473555717 0.135729459 -0.177436675 0.001719405 0.023276650 -0.004501682 0.999717448
856. -0.473903398 0.136000976 -0.177441435 0.001799749 0.023402304 -0.004608065 0.999713888
857. -0.474319311 0.136285061 -0.177536401 0.001887931 0.023572826 -0.004698687 0.999709298
858. -0.474685557 0.136531372 -0.177689927 0.001925052 0.023635904 -0.004766025 0.999707419
859. -0.473911942 0.137086900 -0.178409202 0.002050292 0.023611456 -0.004960951 0.999706799
860. -0.473733165 0.136796688 -0.177957196 0.001954479 0.023490918 -0.004870093 0.999710278
861. -0.474264858 0.136737837 -0.177921971 0.001970761 0.023577636 -0.004778702 0.999708645
862. -0.474315419 0.136283764 -0.177531445 0.001833343 0.023485981 -0.004654057 0.999711652
863. -0.474377303 0.136504821 -0.177405535 0.001937787 0.023520329 -0.004646170 0.999710684
864. -0.474676988 0.136791132 -0.178452696 0.002105959 0.023734429 -0.004720536 0.999704936
865. -0.474965033 0.137030016 -0.179485005 0.002079098 0.023807071 -0.004798210 0.999702895
866. -0.474722544 0.136937665 -0.178864383 0.002115083 0.023723177 -0.004847664 0.999704575
867. -0.474475060 0.136601372 -0.178201461 0.002035358 0.023611208 -0.004774467 0.999707744
868. -0.474281424 0.136329631 -0.177573562 0.002007313 0.023518219 -0.004720858 0.999710247
869. -0.474389304 0.136722511 -0.178148286 0.002016084 0.023533484 -0.004782017 0.999709579
870. -0.474366004 0.136716483 -0.178093516 0.002025789 0.023522822 -0.004771485 0.999709861
871. -0.474364198 0.136697823 -0.178089471 0.002019798 0.023530592 -0.004802734 0.999709541
872. -0.474381881 0.136673321 -0.178030034 0.002008737 0.023533540 -0.004766383 0.999709667
873. -0.474333937 0.136652981 -0.177992283 0.002038120 0.023527398 -0.004799678 0.999709593
874. -0.474321080 0.136644335 -0.178039062 0.002030295 0.023530433 -0.004794667 0.999709562
875. -0.474340280 0.136609926 -0.177966309 0.002022698 0.023534855 -0.004818497 0.999709358
876. -0.474362826 0.136557149 -0.178125549 0.001977124 0.023555579 -0.004826319 0.999708924
877. -0.474355813 0.136548252 -0.178091488 0.001954389 0.023542337 -0.004755571 0.999709619
878. -0.474360180 0.136548944 -0.177993686 0.002000904 0.023549769 -0.004797727 0.999709151
879. -0.474360671 0.136692758 -0.178282369 0.002053716 0.023585916 -0.004768397 0.999708332
880. -0.474374510 0.136630732 -0.178110823 0.002025529 0.023571086 -0.004707631 0.999709027
881. -0.474375260 0.136619717 -0.177873919 0.002035915 0.023560333 -0.004650509 0.999709527
882. -0.474408040 0.136603582 -0.177839591 0.002032066 0.023569561 -0.004657078 0.999709287
883. -0.474376807 0.136586005 -0.177767024 0.002029540 0.023558126 -0.004654577 0.999709573
884. -0.474402348 0.136613478 -0.177924853 0.002069284 0.023575230 -0.004708194 0.999708837
885. -0.474382751 0.136500847 -0.177689682 0.002060385 0.023572035 -0.004718136 0.999708884
886. -0.474376165 0.136472905 -0.177717745 0.002034563 0.023558118 -0.004665173 0.999709514
887. -0.474366982 0.136470662 -0.177644825 0.002058429 0.023563858 -0.004756989 0.999708897
888. -0.474355832 0.136440659 -0.177646514 0.002040019 0.023550335 -0.004665699 0.999709684
889. -0.474359652 0.136409084 -0.177656085 0.002018051 0.023567516 -0.004654115 0.999709377
890. -0.474358008 0.136379570 -0.177639577 0.002016487 0.023577405 -0.004650759 0.999709163
891. -0.474333954 0.136406157 -0.177673948 0.002043116 0.023569171 -0.004684373 0.999709146
892. -0.474314487 0.136346866 -0.177545682 0.002030534 0.023542175 -0.004696690 0.999709750
893. -0.474324162 0.136358465 -0.177561475 0.002039826 0.023569382 -0.004738521 0.999708893
894. -0.474648681 0.136392285 -0.177680912 0.001989502 0.023759280 -0.004933710 0.999703555
895. -0.474693390 0.136396175 -0.177623326 0.002000731 0.023754983 -0.004946868 0.999703569
896. -0.474728255 0.136376068 -0.177591762 0.001976130 0.023779149 -0.004895525 0.999703296
897. -0.474761315 0.136365371 -0.177565574 0.001982461 0.023784670 -0.004907542 0.999703094
898. -0.474621242 0.136410357 -0.177629267 0.002007378 0.023680045 -0.004956367 0.999705287
899. -0.474689300 0.136433963 -0.177633898 0.002026924 0.023716024 -0.004878158 0.999704779
900. -0.474666636 0.136430853 -0.177637869 0.002014936 0.023693374 -0.004900456 0.999705231
901. -0.474717408 0.136396618 -0.177580922 0.002028760 0.023710801 -0.004941235 0.999704589
902. -0.474719275 0.136410340 -0.177546413 0.002029667 0.023664499 -0.004865359 0.999706057
903. -0.474751315 0.136474343 -0.177530214 0.002087068 0.023706365 -0.004896158 0.999704796
904. -0.474768949 0.136309914 -0.177498051 0.001992666 0.023703774 -0.004914953 0.999704958
905. -0.474785588 0.136256226 -0.177419582 0.001993396 0.023708867 -0.004912538 0.999704848
906. -0.474881146 0.136223812 -0.177393793 0.001958498 0.023732731 -0.004816166 0.999704820
907. -0.474858768 0.136178206 -0.177390556 0.001938507 0.023719707 -0.004824123 0.999705129
908. -0.474864204 0.136183230 -0.177351639 0.001937260 0.023704897 -0.004836081 0.999705425
909. -0.474934477 0.136118800 -0.177328547 0.001909302 0.023725193 -0.004865065 0.999704857
910. -0.474972003 0.136119377 -0.177337979 0.001906131 0.023730254 -0.004872149 0.999704708
911. -0.474993866 0.136089738 -0.177293462 0.001895998 0.023725240 -0.004841257 0.999704997
912. -0.475014881 0.136101774 -0.177304964 0.001911562 0.023731025 -0.004844323 0.999704815
913. -0.475102569 0.136075997 -0.177326693 0.001882223 0.023765784 -0.004797214 0.999704272
914. -0.475114141 0.136070658 -0.177296527 0.001876730 0.023753164 -0.004784155 0.999704645
915. -0.475154864 0.136022867 -0.177245152 0.001860666 0.023763381 -0.004748179 0.999704604
916. -0.475203014 0.136034473 -0.177240214 0.001867494 0.023783463 -0.004788282 0.999703922
917. -0.475250142 0.136021533 -0.177225427 0.001866988 0.023786210 -0.004755050 0.999704016
918. -0.475224349 0.135935798 -0.177238743 0.001822578 0.023765707 -0.004752757 0.999704597
919. -0.475264559 0.135888233 -0.177162063 0.001825214 0.023765342 -0.004768705 0.999704525
920. -0.475262846 0.135865045 -0.177086704 0.001828929 0.023771166 -0.004792176 0.999704267
921. -0.475232564 0.135832374 -0.177002755 0.001821361 0.023746941 -0.004786633 0.999704883
922. -0.475279770 0.135881173 -0.177079834 0.001847468 0.023752602 -0.004784558 0.999704711
923. -0.475291300 0.135828623 -0.177042454 0.001831964 0.023738234 -0.004786122 0.999705073
924. -0.475342019 0.135842291 -0.177056384 0.001828965 0.023767903 -0.004822227 0.999704200
925. -0.475326242 0.135857953 -0.177071294 0.001828543 0.023733371 -0.004773502 0.999705255
926. -0.475381615 0.135808472 -0.176992722 0.001802863 0.023735843 -0.004775684 0.999705233
927. -0.475342984 0.135771626 -0.176970927 0.001786611 0.023719807 -0.004766738 0.999705685
928. -0.475324079 0.135756756 -0.176929476 0.001799539 0.023702305 -0.004798934 0.999705923
929. -0.475341200 0.135736334 -0.176906833 0.001786757 0.023692902 -0.004786862 0.999706227
930. -0.475361800 0.135691561 -0.176860553 0.001769537 0.023675998 -0.004755004 0.999706810
931. -0.475391504 0.135647660 -0.176840211 0.001737828 0.023682292 -0.004750922 0.999706736
932. -0.475423646 0.135601934 -0.176773847 0.001723529 0.023689986 -0.004771765 0.999706479
933. -0.475360160 0.135638722 -0.176726417 0.001773534 0.023625936 -0.004799519 0.999707774
934. -0.475438824 0.135666263 -0.176709714 0.001782893 0.023640836 -0.004762190 0.999707584
935. -0.475573666 0.135641967 -0.176824175 0.001745882 0.023663663 -0.004677402 0.999707510
936. -0.475605219 0.135660496 -0.176774735 0.001772654 0.023664861 -0.004702241 0.999707318
937. -0.475605091 0.135685353 -0.176715689 0.001808396 0.023656244 -0.004697741 0.999707479
938. -0.475609702 0.135645728 -0.176721285 0.001781484 0.023645085 -0.004701931 0.999707771
939. -0.475666674 0.135629853 -0.176686561 0.001779171 0.023666118 -0.004674477 0.999707407
940. -0.475704760 0.135603781 -0.176673922 0.001757827 0.023679281 -0.004623105 0.999707371
941. -0.475683241 0.135663124 -0.176730951 0.001802054 0.023663371 -0.004798968 0.999706841
942. -0.475699913 0.135615318 -0.176682385 0.001753442 0.023659788 -0.004737260 0.999707306
943. -0.475671591 0.135551492 -0.176608099 0.001707602 0.023628859 -0.004755531 0.999708030
944. -0.475735881 0.135539485 -0.176603909 0.001687028 0.023670109 -0.004749525 0.999707118
945. -0.475745070 0.135492270 -0.176532939 0.001670102 0.023682095 -0.004771533 0.999706758
946. -0.475750653 0.135525694 -0.176582785 0.001692698 0.023671010 -0.004770056 0.999706989
947. -0.475754087 0.135485078 -0.176539751 0.001644351 0.023665727 -0.004678379 0.999707628
948. -0.475722337 0.135508072 -0.176530958 0.001654631 0.023660773 -0.004686458 0.999707691
949. -0.475710349 0.135505765 -0.176536767 0.001663047 0.023638775 -0.004709459 0.999708089
950. -0.475705759 0.135514917 -0.176510937 0.001681292 0.023645021 -0.004716302 0.999707879
951. -0.475660587 0.135569388 -0.176536450 0.001715230 0.023618682 -0.004708386 0.999708481
952. -0.475621180 0.135600615 -0.176544207 0.001729909 0.023592142 -0.004745301 0.999708908
953. -0.475646347 0.135569847 -0.176556707 0.001707344 0.023602787 -0.004736040 0.999708739
954. -0.475621597 0.135560875 -0.176507372 0.001705929 0.023586827 -0.004719592 0.999709196
955. -0.475624916 0.135607842 -0.176531682 0.001729148 0.023591880 -0.004710455 0.999709080
956. -0.475593741 0.135632328 -0.176568600 0.001736069 0.023580473 -0.004748805 0.999709156
957. -0.475581656 0.135622166 -0.176544293 0.001749559 0.023573887 -0.004765966 0.999709206
958. -0.475630856 0.135583537 -0.176492356 0.001712480 0.023605449 -0.004741788 0.999708640
959. -0.475609758 0.135588484 -0.176488210 0.001719553 0.023587367 -0.004699357 0.999709255
960. -0.475665306 0.135548624 -0.176461819 0.001695799 0.023624024 -0.004695824 0.999708447
961. -0.475654012 0.135564201 -0.176457490 0.001705335 0.023606953 -0.004716716 0.999708736
962. -0.475665665 0.135523739 -0.176441782 0.001674810 0.023608635 -0.004736657 0.999708653
963. -0.475728556 0.135492587 -0.176405556 0.001676343 0.023630538 -0.004686016 0.999708372
964. -0.475708747 0.135516924 -0.176452600 0.001686895 0.023626013 -0.004726873 0.999708269
965. -0.475664969 0.135561129 -0.176420496 0.001714218 0.023604476 -0.004733762 0.999708698
966. -0.475659716 0.135541530 -0.176408808 0.001699800 0.023607974 -0.004726099 0.999708677
967. -0.475614612 0.135558114 -0.176448087 0.001711847 0.023572542 -0.004765960 0.999709303
968. -0.475640547 0.135591428 -0.176470797 0.001721674 0.023584916 -0.004738050 0.999709127
969. -0.475641385 0.135576762 -0.176424626 0.001708050 0.023571575 -0.004722873 0.999709537
970. -0.475662286 0.135514735 -0.176402669 0.001691546 0.023590092 -0.004770304 0.999708903
971. -0.475662285 0.135550311 -0.176451951 0.001698079 0.023597115 -0.004728572 0.999708924
972. -0.475640439 0.135524639 -0.176389918 0.001699421 0.023581992 -0.004752588 0.999709165
973. -0.475619702 0.135516116 -0.176383667 0.001703581 0.023556550 -0.004717848 0.999709922
974. -0.475640373 0.135530062 -0.176399078 0.001702173 0.023575536 -0.004781532 0.999709175
975. -0.475648610 0.135523946 -0.176370330 0.001692639 0.023567916 -0.004747778 0.999709531
976. -0.475651713 0.135505052 -0.176373096 0.001695239 0.023578288 -0.004773468 0.999709160
977. -0.475637288 0.135506647 -0.176373983 0.001683250 0.023561519 -0.004753401 0.999709671
978. -0.475631447 0.135503391 -0.176381089 0.001687135 0.023552155 -0.004733622 0.999709979
979. -0.475631912 0.135509553 -0.176345946 0.001729077 0.023570933 -0.004853862 0.999708888
980. -0.475648799 0.135522105 -0.176365015 0.001731813 0.023587602 -0.004857144 0.999708475
981. -0.475659384 0.135541144 -0.176336591 0.001750333 0.023577065 -0.004762362 0.999709147
982. -0.475639690 0.135537753 -0.176330502 0.001747071 0.023576606 -0.004799977 0.999708983
983. -0.475639203 0.135552816 -0.176351365 0.001755378 0.023569834 -0.004792865 0.999709163
984. -0.475626550 0.135559810 -0.176338639 0.001782388 0.023583942 -0.004838845 0.999708561
985. -0.475670020 0.135550287 -0.176390535 0.001747151 0.023607812 -0.004806270 0.999708217
986. -0.475659656 0.135531028 -0.176364702 0.001740607 0.023607574 -0.004804186 0.999708244
987. -0.475668878 0.135501356 -0.176347165 0.001710301 0.023601487 -0.004794792 0.999708485
988. -0.475681939 0.135519487 -0.176328201 0.001722338 0.023608172 -0.004795213 0.999708304
989. -0.475692862 0.135519331 -0.176324056 0.001719208 0.023609417 -0.004786027 0.999708324
990. -0.475676191 0.135529345 -0.176355638 0.001719364 0.023603312 -0.004781869 0.999708488
991. -0.475739776 0.135516094 -0.176403873 0.001691949 0.023629180 -0.004751610 0.999708068
992. -0.475688177 0.135543471 -0.176402866 0.001726701 0.023605061 -0.004748352 0.999708594
993. -0.475662481 0.135526108 -0.176360013 0.001711569 0.023598689 -0.004800132 0.999708523
994. -0.475664330 0.135509316 -0.176351258 0.001701164 0.023591707 -0.004782765 0.999708789
995. -0.475680815 0.135545907 -0.176377322 0.001711080 0.023600676 -0.004775642 0.999708594
996. -0.475678761 0.135507867 -0.176388161 0.001679174 0.023600471 -0.004776968 0.999708647
997. -0.475674270 0.135516253 -0.176391210 0.001695535 0.023588018 -0.004750947 0.999709037
998. -0.475645018 0.135564654 -0.176390626 0.001753480 0.023562614 -0.004745145 0.999709564
999. -0.475652653 0.135565735 -0.176367835 0.001773492 0.023561416 -0.004768487 0.999709446
1000. -0.475677233 0.135553054 -0.176436867 0.001749785 0.023588119 -0.004769757 0.999708852
1001. -0.475689784 0.135549777 -0.176403790 0.001758769 0.023583212 -0.004750984 0.999709041
1002. -0.475678187 0.135548712 -0.176367463 0.001764898 0.023580595 -0.004770081 0.999709001
1003. -0.475681184 0.135517407 -0.176367682 0.001736271 0.023558625 -0.004744453 0.999709691
1004. -0.475702652 0.135500687 -0.176352984 0.001726013 0.023566557 -0.004727932 0.999709600
1005. -0.475705889 0.135476666 -0.176330867 0.001694484 0.023568610 -0.004751596 0.999709494
1006. -0.475695817 0.135511504 -0.176303495 0.001746283 0.023566722 -0.004795531 0.999709239
1007. -0.475713638 0.135509103 -0.176319454 0.001738486 0.023586852 -0.004774555 0.999708878
1008. -0.475697622 0.135469081 -0.176288934 0.001723979 0.023580015 -0.004755134 0.999709157
1009. -0.475717978 0.135456866 -0.176285520 0.001705430 0.023587252 -0.004751286 0.999709037
1010. -0.475734620 0.135487541 -0.176312367 0.001706735 0.023601331 -0.004755983 0.999708680
1011. -0.475706049 0.135521944 -0.176305832 0.001731033 0.023585183 -0.004736975 0.999709110
1012. -0.475707029 0.135512045 -0.176223964 0.001758769 0.023592294 -0.004745634 0.999708852
1013. -0.475687450 0.135525279 -0.176280973 0.001744856 0.023575836 -0.004762704 0.999709184
1014. -0.475686419 0.135514208 -0.176233569 0.001759087 0.023593106 -0.004786930 0.999708636
1015. -0.475705813 0.135504056 -0.176262854 0.001737660 0.023596632 -0.004787033 0.999708589
1016. -0.475710839 0.135507763 -0.176247962 0.001731368 0.023595997 -0.004754055 0.999708773
1017. -0.475699475 0.135513556 -0.176208709 0.001750547 0.023586992 -0.004789892 0.999708781
1018. -0.475700908 0.135532610 -0.176228964 0.001760256 0.023581250 -0.004779643 0.999708948
1019. -0.475690332 0.135537629 -0.176208601 0.001773032 0.023583961 -0.004780571 0.999708857
1020. -0.475697149 0.135533540 -0.176240555 0.001752223 0.023584765 -0.004786455 0.999708847
1021. -0.475684108 0.135489562 -0.176183940 0.001743535 0.023572691 -0.004761269 0.999709267
1022. -0.475701595 0.135501228 -0.176180670 0.001759303 0.023575467 -0.004756818 0.999709195
1023. -0.475741569 0.135493840 -0.176166777 0.001747594 0.023606667 -0.004726000 0.999708626
1024. -0.475760788 0.135499584 -0.176166275 0.001752153 0.023605588 -0.004697450 0.999708778
1025. -0.475766018 0.135479717 -0.176149483 0.001740400 0.023620464 -0.004717279 0.999708353
1026. -0.475745919 0.135480829 -0.176156228 0.001738317 0.023611504 -0.004733449 0.999708492
1027. -0.475774403 0.135478047 -0.176161935 0.001745202 0.023625638 -0.004727606 0.999708174
1028. -0.475751856 0.135505310 -0.176214775 0.001756415 0.023607640 -0.004711835 0.999708654
1029. -0.475785263 0.135500946 -0.176215216 0.001762723 0.023621117 -0.004690399 0.999708425
1030. -0.475766993 0.135505384 -0.176174765 0.001768059 0.023610220 -0.004713763 0.999708563
1031. -0.475770885 0.135507347 -0.176200144 0.001758554 0.023614600 -0.004680076 0.999708635
1032. -0.475744810 0.135480742 -0.176202687 0.001740990 0.023597354 -0.004709497 0.999708935
1033. -0.475763022 0.135476983 -0.176202544 0.001731169 0.023613390 -0.004677094 0.999708725
1034. -0.475786877 0.135466124 -0.176180019 0.001740725 0.023611981 -0.004652878 0.999708855
1035. -0.475809251 0.135459207 -0.176184083 0.001730763 0.023630405 -0.004635452 0.999708518
1036. -0.475796339 0.135443842 -0.176150695 0.001713733 0.023628336 -0.004646238 0.999708546
1037. -0.475814325 0.135461954 -0.176133418 0.001750101 0.023630029 -0.004661400 0.999708373
1038. -0.475801142 0.135437914 -0.176146992 0.001721645 0.023627743 -0.004655020 0.999708506
1039. -0.475782513 0.135453770 -0.176135206 0.001734666 0.023620149 -0.004648699 0.999708692
1040. -0.475838762 0.135488834 -0.176125300 0.001786905 0.023651301 -0.004596261 0.999708106
1041. -0.475832733 0.135516884 -0.176161953 0.001794815 0.023674041 -0.004609543 0.999707492
1042. -0.475847691 0.135525034 -0.176146794 0.001795875 0.023682478 -0.004610753 0.999707285
1043. -0.475845378 0.135498541 -0.176167427 0.001786369 0.023681248 -0.004681887 0.999707001
1044. -0.475862935 0.135528676 -0.176194762 0.001807119 0.023692739 -0.004657705 0.999706804
1045. -0.475870372 0.135521758 -0.176203031 0.001794773 0.023701863 -0.004655705 0.999706619
1046. -0.475857360 0.135539958 -0.176199200 0.001802985 0.023696369 -0.004649671 0.999706763
1047. -0.475847423 0.135518842 -0.176221135 0.001780304 0.023685401 -0.004690858 0.999706871
1048. -0.475873714 0.135528063 -0.176211286 0.001792539 0.023697873 -0.004656074 0.999706716
1049. -0.475890501 0.135503538 -0.176140969 0.001785271 0.023710335 -0.004654850 0.999706439
1050. -0.475896807 0.135525439 -0.176109540 0.001814325 0.023713260 -0.004695074 0.999706130
1051. -0.475879546 0.135502671 -0.176107188 0.001804768 0.023702396 -0.004700901 0.999706377
1052. -0.475884347 0.135514882 -0.176109326 0.001810903 0.023699363 -0.004703256 0.999706427
1053. -0.475890276 0.135525236 -0.176094502 0.001825167 0.023698954 -0.004710759 0.999706375
1054. -0.475899186 0.135504845 -0.176074122 0.001810748 0.023699254 -0.004690739 0.999706489
1055. -0.475890218 0.135516162 -0.176105572 0.001817429 0.023699723 -0.004722465 0.999706316
1056. -0.475884955 0.135496432 -0.176062057 0.001817256 0.023694668 -0.004706965 0.999706509
1057. -0.475881999 0.135509944 -0.176037634 0.001836535 0.023691027 -0.004699879 0.999706594
1058. -0.475921101 0.135475799 -0.176042922 0.001810843 0.023709761 -0.004688164 0.999706251
1059. -0.475895272 0.135505192 -0.176050711 0.001828671 0.023685681 -0.004683448 0.999706812
1060. -0.475884342 0.135527186 -0.176039464 0.001850898 0.023687528 -0.004690283 0.999706695
1061. -0.475915597 0.135520340 -0.176018901 0.001840591 0.023693941 -0.004707131 0.999706483
1062. -0.475923833 0.135490689 -0.176016898 0.001825909 0.023705116 -0.004672385 0.999706408
1063. -0.475927256 0.135490671 -0.176103193 0.001796097 0.023707625 -0.004631089 0.999706595
1064. -0.475884657 0.135428992 -0.176088869 0.001705413 0.023688120 -0.004473356 0.999707934
1065. -0.475901433 0.135461062 -0.176064958 0.001741527 0.023721415 -0.004527706 0.999706838
1066. -0.475893999 0.135509858 -0.176087159 0.001805523 0.023708586 -0.004561817 0.999706873
1067. -0.475921501 0.135406691 -0.176043352 0.001732840 0.023749138 -0.004577070 0.999705970
1068. -0.475894483 0.135410677 -0.176025136 0.001740670 0.023722991 -0.004614443 0.999706405
1069. -0.475917558 0.135424957 -0.176049723 0.001751172 0.023729796 -0.004577588 0.999706395
1070. -0.475894183 0.135411553 -0.176014583 0.001756460 0.023707492 -0.004582408 0.999706893
1071. -0.475869583 0.135392005 -0.175959981 0.001751360 0.023699378 -0.004614547 0.999706946
1072. -0.475906097 0.135410273 -0.175998781 0.001764989 0.023717006 -0.004624328 0.999706459
1073. -0.475943756 0.135428001 -0.176028662 0.001772205 0.023736107 -0.004578986 0.999706202
1074. -0.475982697 0.135431900 -0.176028840 0.001777249 0.023753838 -0.004608291 0.999705637
1075. -0.475925217 0.135433725 -0.175994426 0.001792165 0.023706000 -0.004616862 0.999706706
1076. -0.475953532 0.135433735 -0.175997929 0.001791580 0.023727368 -0.004608429 0.999706239
1077. -0.475936339 0.135443548 -0.175998487 0.001803308 0.023718573 -0.004618327 0.999706381
1078. -0.475909344 0.135462777 -0.175987459 0.001820627 0.023703944 -0.004649037 0.999706554
1079. -0.475902758 0.135473727 -0.175986737 0.001839757 0.023697322 -0.004667143 0.999706592
1080. -0.475888279 0.135483107 -0.176015823 0.001830381 0.023684595 -0.004670395 0.999706896
1081. -0.475902935 0.135503172 -0.176020693 0.001847471 0.023715908 -0.004673757 0.999706106
1082. -0.475821340 0.135520801 -0.175930166 0.001875696 0.023670197 -0.004718219 0.999706928
1083. -0.475935546 0.135513048 -0.176039907 0.001851530 0.023733083 -0.004645257 0.999705824
1084. -0.475935657 0.135515305 -0.176029410 0.001851132 0.023732698 -0.004645302 0.999705833
1085. -0.475933103 0.135531748 -0.176071463 0.001871363 0.023713455 -0.004639888 0.999706278
1086. -0.475940305 0.135508867 -0.176083603 0.001834101 0.023726564 -0.004667956 0.999705905
1087. -0.475926016 0.135534227 -0.176108094 0.001852516 0.023709921 -0.004656355 0.999706320
1088. -0.475922269 0.135512404 -0.176079410 0.001852056 0.023721533 -0.004686062 0.999705907
1089. -0.475939417 0.135505139 -0.176110902 0.001832546 0.023724730 -0.004671678 0.999705934
1090. -0.475955282 0.135545411 -0.176165741 0.001862516 0.023727177 -0.004689315 0.999705738
1091. -0.475914527 0.135550762 -0.176136598 0.001862130 0.023694340 -0.004707741 0.999706431
1092. -0.475900194 0.135549603 -0.176110987 0.001886871 0.023693468 -0.004673745 0.999706565
1093. -0.475911317 0.135557881 -0.176125606 0.001867571 0.023697584 -0.004679787 0.999706475
1094. -0.475912659 0.135567765 -0.176108973 0.001887031 0.023699151 -0.004668919 0.999706452
1095. -0.475957624 0.135564744 -0.176122185 0.001874252 0.023734366 -0.004625754 0.999705841
1096. -0.475929642 0.135536795 -0.176104838 0.001848726 0.023710289 -0.004652049 0.999706338
1097. -0.475938637 0.135543150 -0.176090777 0.001857314 0.023702547 -0.004650996 0.999706511
1098. -0.475910560 0.135550752 -0.176058050 0.001890704 0.023680052 -0.004617835 0.999707135
1099. -0.475916305 0.135564722 -0.176075382 0.001899339 0.023695293 -0.004631354 0.999706695
1100. -0.475963360 0.135553184 -0.176118695 0.001858258 0.023728934 -0.004614365 0.999706053
1101. -0.475974197 0.135555539 -0.176147975 0.001859643 0.023728084 -0.004628066 0.999706007
1102. -0.475918883 0.135598134 -0.176129113 0.001917136 0.023663689 -0.004657090 0.999707290
1103. -0.475949758 0.135614120 -0.176119325 0.001893849 0.023708285 -0.004630694 0.999706401
1104. -0.475847267 0.135385140 -0.175992505 0.001717262 0.023657553 -0.004528412 0.999708390
1105. -0.475828665 0.135393581 -0.176008304 0.001741101 0.023642974 -0.004535414 0.999708662
1106. -0.475810032 0.135406036 -0.175960185 0.001754931 0.023626783 -0.004560387 0.999708907
1107. -0.475837732 0.135393878 -0.176018393 0.001723671 0.023645531 -0.004539786 0.999708612
1108. -0.475841695 0.135419488 -0.176030113 0.001743030 0.023650247 -0.004534972 0.999708488
1109. -0.475857489 0.135406479 -0.176031158 0.001717474 0.023649854 -0.004518610 0.999708616
1110. -0.475848011 0.135396379 -0.176035571 0.001726310 0.023636726 -0.004531387 0.999708853
1111. -0.475834661 0.135393811 -0.176038128 0.001742041 0.023632062 -0.004525951 0.999708961
1112. -0.475859372 0.135410449 -0.176054243 0.001736762 0.023650831 -0.004550323 0.999708416
1113. -0.475849051 0.135439960 -0.176024144 0.001762088 0.023644740 -0.004553893 0.999708499
1114. -0.475842995 0.135420026 -0.176021567 0.001743184 0.023642423 -0.004546066 0.999708623
1115. -0.475862068 0.135471303 -0.176084201 0.001773720 0.023638589 -0.004540122 0.999708687
1116. -0.475852369 0.135487101 -0.176043324 0.001807997 0.023631977 -0.004570773 0.999708642
1117. -0.475866610 0.135487109 -0.176059674 0.001802398 0.023638497 -0.004563718 0.999708530
1118. -0.475911075 0.135451627 -0.176087460 0.001761255 0.023670237 -0.004543005 0.999707947
1119. -0.475909672 0.135447312 -0.176068623 0.001763770 0.023661700 -0.004537426 0.999708170
1120. -0.475943367 0.135469119 -0.176110865 0.001755594 0.023684761 -0.004528761 0.999707677
1121. -0.475912533 0.135453002 -0.176083273 0.001758060 0.023675828 -0.004549603 0.999707790
1122. -0.475880866 0.135484947 -0.176099911 0.001766188 0.023645370 -0.004587624 0.999708323
1123. -0.475884464 0.135482817 -0.176088480 0.001781362 0.023662947 -0.004584540 0.999707894
1124. -0.475833065 0.135501735 -0.176046030 0.001809323 0.023622667 -0.004627040 0.999708601
1125. -0.475855684 0.135500434 -0.176065086 0.001793217 0.023643181 -0.004616603 0.999708193
1126. -0.475866461 0.135510632 -0.176090908 0.001812079 0.023639356 -0.004616767 0.999708249
1127. -0.475908106 0.135522353 -0.176141396 0.001806043 0.023653308 -0.004633436 0.999707853
1128. -0.475932511 0.135537989 -0.176117764 0.001825065 0.023669520 -0.004631852 0.999707442
1129. -0.475906801 0.135562204 -0.176105361 0.001841738 0.023652361 -0.004638510 0.999707786
1130. -0.475932405 0.135576352 -0.176110338 0.001856891 0.023670743 -0.004629358 0.999707366
1131. -0.475949431 0.135515892 -0.176122232 0.001804321 0.023675064 -0.004583000 0.999707573
1132. -0.475935921 0.135536059 -0.176103858 0.001827915 0.023664839 -0.004613716 0.999707631
1133. -0.475914886 0.135546540 -0.176051025 0.001845022 0.023650038 -0.004619397 0.999707924
1134. -0.475936664 0.135533381 -0.176040400 0.001842805 0.023657074 -0.004618757 0.999707764
1135. -0.475887598 0.135549411 -0.176064416 0.001841443 0.023638631 -0.004644342 0.999708085
1136. -0.475896401 0.135519626 -0.176020184 0.001819397 0.023640210 -0.004606736 0.999708262
1137. -0.475867538 0.135550047 -0.176020939 0.001853447 0.023620413 -0.004635912 0.999708532
1138. -0.475889743 0.135528960 -0.176022616 0.001841691 0.023633354 -0.004605676 0.999708388
1139. -0.475889704 0.135526626 -0.176023616 0.001826988 0.023634723 -0.004616749 0.999708331
1140. -0.475917155 0.135544765 -0.176045120 0.001851963 0.023637518 -0.004637790 0.999708122
1141. -0.475809993 0.135546619 -0.175959990 0.001874720 0.023584156 -0.004661859 0.999709228
1142. -0.475822331 0.135563877 -0.175964417 0.001890233 0.023582737 -0.004654424 0.999709267
1143. -0.475894986 0.135553800 -0.176014476 0.001871125 0.023629240 -0.004638105 0.999708280
1144. -0.475875800 0.135561818 -0.176001299 0.001884896 0.023605241 -0.004637168 0.999708826
1145. -0.475831529 0.135586519 -0.175996692 0.001903625 0.023572356 -0.004672755 0.999709401
1146. -0.475849832 0.135559942 -0.175977946 0.001880276 0.023584853 -0.004626934 0.999709363
1147. -0.475858150 0.135546873 -0.175993214 0.001865429 0.023596822 -0.004637622 0.999709059
1148. -0.475847682 0.135517879 -0.175998111 0.001839242 0.023591243 -0.004574504 0.999709530
1149. -0.475846485 0.135501491 -0.175979322 0.001832348 0.023585669 -0.004561749 0.999709732
1150. -0.475871766 0.135490202 -0.175967591 0.001824019 0.023599735 -0.004582827 0.999709319
1151. -0.475859335 0.135525752 -0.176000873 0.001827706 0.023598965 -0.004637711 0.999709078
1152. -0.475845135 0.135493428 -0.175965542 0.001824561 0.023591063 -0.004645322 0.999709235
1153. -0.475850160 0.135495179 -0.175949165 0.001826881 0.023586392 -0.004657923 0.999709282
1154. -0.475873231 0.135493165 -0.175949228 0.001815742 0.023599017 -0.004606582 0.999709242
1155. -0.475869166 0.135631667 -0.175985493 0.001907411 0.023609278 -0.004699876 0.999708395
1156. -0.475852680 0.135523355 -0.175965265 0.001865888 0.023576036 -0.004640272 0.999709536
1157. -0.475828087 0.135628442 -0.176115756 0.001890531 0.023584842 -0.004673175 0.999709129
1158. -0.475831637 0.135626042 -0.176101644 0.001915590 0.023582242 -0.004632395 0.999709332
1159. -0.475847155 0.135610137 -0.176113957 0.001890626 0.023606186 -0.004634906 0.999708803
1160. -0.475870592 0.135639430 -0.176096643 0.001922377 0.023605400 -0.004654932 0.999708668
1161. -0.475861346 0.135648682 -0.176114616 0.001924584 0.023613965 -0.004668848 0.999708397
1162. -0.475709060 0.135126016 -0.176054771 0.001649969 0.023510618 -0.004510733 0.999712049
1163. -0.475822563 0.134734160 -0.176131577 0.001405312 0.023602321 -0.004447597 0.999710545
1164. -0.475844276 0.134972567 -0.176060226 0.001526260 0.023617831 -0.004458279 0.999709954
1165. -0.475696829 0.134637395 -0.176048654 0.001268378 0.023493817 -0.004285063 0.999713994
1166. -0.475764564 0.134685234 -0.176042434 0.001299919 0.023543392 -0.004300580 0.999712721
1167. -0.475778211 0.134709302 -0.176157087 0.001313641 0.023570013 -0.004317124 0.999712004
1168. -0.475764753 0.134684836 -0.176120635 0.001292235 0.023564329 -0.004307517 0.999712208
1169. -0.475751036 0.134713078 -0.176136033 0.001306021 0.023560612 -0.004305314 0.999712287
1170. -0.475616278 0.134703432 -0.176012874 0.001329706 0.023502062 -0.004374680 0.999713332
1171. -0.475633640 0.134653196 -0.176021728 0.001301390 0.023501064 -0.004327467 0.999713599
1172. -0.475560943 0.134655187 -0.176006603 0.001299654 0.023458735 -0.004298299 0.999714721
1173. -0.475544674 0.134672349 -0.175963970 0.001270068 0.023437104 -0.004272165 0.999715378
1174. -0.475605459 0.134553624 -0.176027485 0.001157360 0.023463961 -0.004222987 0.999715094
1175. -0.475530817 0.134780470 -0.175954832 0.001355528 0.023447802 -0.004326577 0.999714781
1176. -0.475520599 0.134711300 -0.175964569 0.001304741 0.023431030 -0.004322841 0.999715258
1177. -0.475523022 0.134679095 -0.175938389 0.001278325 0.023433744 -0.004321665 0.999715234
1178. -0.475425582 0.134697120 -0.175866675 0.001301570 0.023380359 -0.004349565 0.999716333
1179. -0.475522722 0.134645409 -0.175907324 0.001246114 0.023434059 -0.004286870 0.999715417
1180. -0.475476285 0.134710633 -0.175896955 0.001279836 0.023407194 -0.004301585 0.999715940
1181. -0.475516889 0.134746131 -0.175896754 0.001314141 0.023420234 -0.004303885 0.999715581
1182. -0.475541776 0.134743701 -0.175927937 0.001304835 0.023432061 -0.004296753 0.999715346
1183. -0.475509963 0.134710119 -0.175897889 0.001272580 0.023405889 -0.004325523 0.999715877
1184. -0.475527198 0.134768314 -0.175954165 0.001308924 0.023406142 -0.004312163 0.999715882
1185. -0.475496900 0.134727217 -0.175937979 0.001284275 0.023395991 -0.004280385 0.999716288
1186. -0.475569031 0.134735195 -0.175990655 0.001282282 0.023442318 -0.004256881 0.999715306
1187. -0.475467308 0.134786705 -0.175915360 0.001333219 0.023401054 -0.004339655 0.999715850
1188. -0.475649330 0.135002310 -0.175999453 0.001457260 0.023524883 -0.004381303 0.999712589
1189. -0.475599550 0.135078850 -0.175932886 0.001524285 0.023504570 -0.004467434 0.999712586
1190. -0.475677166 0.135106989 -0.175935043 0.001547357 0.023554550 -0.004461059 0.999711402
1191. -0.475642967 0.135057045 -0.175878218 0.001524325 0.023531953 -0.004450782 0.999712016
1192. -0.475573986 0.135023913 -0.175866321 0.001497607 0.023493279 -0.004423936 0.999713085
1193. -0.475656377 0.135008501 -0.175906699 0.001488007 0.023530832 -0.004390228 0.999712364
1194. -0.475646336 0.134953713 -0.175906919 0.001437841 0.023523729 -0.004352574 0.999712770
1195. -0.475641507 0.135051137 -0.175914949 0.001499798 0.023515578 -0.004400762 0.999712659
1196. -0.475659561 0.135132186 -0.175938634 0.001571031 0.023544229 -0.004481193 0.999711518
1197. -0.475615188 0.135109523 -0.175906931 0.001564106 0.023524056 -0.004454403 0.999712124
1198. -0.475608794 0.135117851 -0.175899089 0.001572303 0.023525730 -0.004471314 0.999711996
1199. -0.475698084 0.135170283 -0.175913999 0.001602207 0.023583668 -0.004509266 0.999710413
1200. -0.475694214 0.135147400 -0.175935143 0.001568202 0.023590365 -0.004501554 0.999710344
1201. -0.475712594 0.135096524 -0.175910447 0.001540120 0.023611033 -0.004464676 0.999710065
1202. -0.475573444 0.135121142 -0.175882033 0.001555544 0.023502764 -0.004479474 0.999712526
1203. -0.475999717 0.135234862 -0.176097062 0.001609115 0.023702730 -0.004511395 0.999707577
1204. -0.476012583 0.135353532 -0.176108854 0.001707176 0.023734543 -0.004589707 0.999706303
1205. -0.475995145 0.135352460 -0.176114459 0.001703622 0.023717661 -0.004598743 0.999706668
1206. -0.475966950 0.135303959 -0.176112752 0.001680529 0.023700151 -0.004590141 0.999707162
1207. -0.475985976 0.135354252 -0.176113736 0.001701695 0.023713125 -0.004596126 0.999706791
1208. -0.476017588 0.135336770 -0.176137756 0.001687918 0.023733541 -0.004584722 0.999706382
1209. -0.475909036 0.135355597 -0.176041739 0.001712809 0.023689263 -0.004635479 0.999707156
1210. -0.475974021 0.135302847 -0.176076967 0.001658118 0.023724791 -0.004569278 0.999706710
1211. -0.475947852 0.135357305 -0.176056007 0.001700838 0.023717041 -0.004633087 0.999706529
1212. -0.475918497 0.135287807 -0.175988771 0.001648419 0.023707195 -0.004633203 0.999706850
1213. -0.475912995 0.135226222 -0.176021591 0.001593724 0.023695663 -0.004577177 0.999707470
1214. -0.475888359 0.135262351 -0.176004023 0.001630930 0.023681753 -0.004602766 0.999707622
1215. -0.475954500 0.135323356 -0.176040215 0.001664253 0.023718152 -0.004583916 0.999706791
1216. -0.475869909 0.135302790 -0.175945373 0.001667692 0.023664981 -0.004632115 0.999707823
1217. -0.475953048 0.135352826 -0.176048372 0.001687680 0.023706475 -0.004625766 0.999706836
1218. -0.475910034 0.135286533 -0.176000792 0.001637386 0.023687125 -0.004597674 0.999707507
1219. -0.475843067 0.135303711 -0.175949682 0.001666022 0.023651800 -0.004616167 0.999708211
1220. -0.475870714 0.135340248 -0.175964417 0.001690794 0.023669716 -0.004633913 0.999707664
1221. -0.475889682 0.135321871 -0.175985903 0.001673951 0.023678614 -0.004656884 0.999707374
1222. -0.475883459 0.135366346 -0.176003389 0.001696737 0.023669512 -0.004656018 0.999707556
1223. -0.475851739 0.135333375 -0.175963599 0.001678387 0.023649929 -0.004616036 0.999708235
1224. -0.475817750 0.135310563 -0.175928858 0.001679515 0.023631455 -0.004638927 0.999708564
1225. -0.475817901 0.135312561 -0.175947961 0.001671344 0.023627869 -0.004624098 0.999708732
1226. -0.475797881 0.135248654 -0.175932975 0.001614622 0.023632694 -0.004555035 0.999709028
1227. -0.475809398 0.135281282 -0.175936103 0.001646740 0.023644712 -0.004580597 0.999708575
1228. -0.475829412 0.135317544 -0.175971267 0.001680666 0.023654360 -0.004579095 0.999708297
1229. -0.475830741 0.135268736 -0.175969121 0.001651680 0.023657740 -0.004603437 0.999708153
1230. -0.475878232 0.135272833 -0.175994172 0.001647000 0.023685147 -0.004559566 0.999707713
1231. -0.475859919 0.135336323 -0.175974212 0.001683563 0.023668553 -0.004601960 0.999707851
1232. -0.475956968 0.135329133 -0.176067609 0.001650388 0.023713846 -0.004546576 0.999707086
1233. -0.475953752 0.135305295 -0.176060013 0.001631454 0.023715935 -0.004560631 0.999707004
1234. -0.475947167 0.135270252 -0.176063826 0.001597573 0.023722780 -0.004539725 0.999706991
1235. -0.475997266 0.135377290 -0.176069794 0.001693222 0.023747008 -0.004568176 0.999706129
1236. -0.475916561 0.135305718 -0.176047587 0.001645116 0.023693409 -0.004526380 0.999707671
1237. -0.475942747 0.135384701 -0.176103632 0.001692925 0.023723602 -0.004569260 0.999706680
1238. -0.476085790 0.135403825 -0.176176931 0.001696154 0.023807178 -0.004556967 0.999704744
1239. -0.476050649 0.135374327 -0.176144446 0.001686816 0.023795103 -0.004591645 0.999704889
1240. -0.476001509 0.135434017 -0.176094551 0.001747627 0.023783669 -0.004649925 0.999704787
1241. -0.476034359 0.135399122 -0.176080133 0.001711777 0.023795893 -0.004610868 0.999704739
1242. -0.476001493 0.135444632 -0.176079848 0.001745713 0.023770384 -0.004603289 0.999705322
1243. -0.476015534 0.135606747 -0.176071352 0.001867447 0.023796577 -0.004719139 0.999703939
1244. -0.476069258 0.135523639 -0.176076251 0.001801066 0.023818367 -0.004660555 0.999703817
1245. -0.476120424 0.135658937 -0.176103617 0.001887339 0.023855110 -0.004801718 0.999702113
1246. -0.476156333 0.135553516 -0.176136977 0.001809319 0.023869681 -0.004729342 0.999702255
1247. -0.476003452 0.135616865 -0.176061942 0.001856877 0.023798711 -0.004793830 0.999703552
1248. -0.475957501 0.135652520 -0.175998413 0.001888198 0.023787426 -0.004829527 0.999703590
1249. -0.476030361 0.135589061 -0.176079937 0.001821572 0.023818316 -0.004748198 0.999703368
1250. -0.475956654 0.135586369 -0.176010238 0.001818199 0.023765821 -0.004730359 0.999704708
1251. -0.475931381 0.135681852 -0.176017638 0.001897238 0.023758947 -0.004830795 0.999704244
1252. -0.475874116 0.135698266 -0.175962915 0.001917582 0.023732693 -0.004826702 0.999704849
1253. -0.475883227 0.135714567 -0.175983737 0.001918880 0.023746429 -0.004867639 0.999704322
1254. -0.475831934 0.135628777 -0.175916591 0.001851031 0.023707065 -0.004748133 0.999705959
1255. -0.475803510 0.135680310 -0.175878452 0.001908928 0.023693439 -0.004764882 0.999706093
1256. -0.475790814 0.135732800 -0.175900663 0.001954168 0.023706047 -0.004864391 0.999705228
1257. -0.475791917 0.135757410 -0.175900265 0.001975112 0.023700180 -0.004861669 0.999705339
1258. -0.475830949 0.135718852 -0.175929166 0.001938523 0.023719400 -0.004828522 0.999705115
1259. -0.475798439 0.135682493 -0.175895465 0.001909744 0.023706701 -0.004846006 0.999705387
1260. -0.475844668 0.135718191 -0.175941327 0.001932524 0.023714053 -0.004833953 0.999705228
1261. -0.475775595 0.135730372 -0.175918945 0.001944887 0.023674488 -0.004845727 0.999706084
1262. -0.475866336 0.135708765 -0.175953082 0.001920771 0.023722392 -0.004795571 0.999705237
1263. -0.475858473 0.135689241 -0.175959781 0.001912254 0.023693643 -0.004765536 0.999706079
1264. -0.475781717 0.135696078 -0.175932551 0.001918764 0.023678157 -0.004817951 0.999706182
1265. -0.475757353 0.135813533 -0.175914513 0.002003114 0.023675967 -0.004910781 0.999705617
1266. -0.475663830 0.135843824 -0.175914781 0.002047016 0.023617744 -0.004896911 0.999706973
1267. -0.475614081 0.135791076 -0.175859524 0.002002602 0.023601324 -0.004881924 0.999707524
1268. -0.475638664 0.135757009 -0.175873454 0.001964060 0.023605658 -0.004804430 0.999707874
1269. -0.475650484 0.135682339 -0.175870188 0.001919993 0.023602388 -0.004753680 0.999708279
1270. -0.475600050 0.135805047 -0.175830283 0.002031862 0.023598427 -0.004903379 0.999707429
1271. -0.475585746 0.135825064 -0.175816535 0.002014040 0.023583293 -0.004890303 0.999707886
1272. -0.475580079 0.135892337 -0.175821760 0.002078437 0.023595557 -0.004957085 0.999707136
1273. -0.475670639 0.135843659 -0.175866063 0.002015684 0.023638464 -0.004856132 0.999706746
1274. -0.475592167 0.135847101 -0.175827364 0.002029676 0.023591750 -0.004864039 0.999707783
1275. -0.475626936 0.135848218 -0.175868659 0.002033961 0.023608571 -0.004883885 0.999707280
1276. -0.475650453 0.135842399 -0.175871213 0.002026867 0.023625004 -0.004866301 0.999706992
1277. -0.475559783 0.135870499 -0.175781305 0.002042098 0.023582867 -0.004876950 0.999707904
1278. -0.475700274 0.135883571 -0.175867498 0.002046433 0.023668888 -0.004857286 0.999705958
1279. -0.475783783 0.135889132 -0.175891234 0.002036911 0.023721561 -0.004859433 0.999704719
1280. -0.475826492 0.135885179 -0.175937599 0.002027642 0.023749912 -0.004865467 0.999704035
1281. -0.475850568 0.135812302 -0.175965170 0.001963969 0.023740855 -0.004761155 0.999704879
1282. -0.475818072 0.135873705 -0.175918730 0.002026325 0.023725663 -0.004804678 0.999704907
1283. -0.475758844 0.135841365 -0.175890135 0.002008312 0.023688315 -0.004811725 0.999705796
1284. -0.475506182 0.135949434 -0.175730044 0.002112207 0.023573655 -0.004881348 0.999707954
1285. -0.475618514 0.135909935 -0.175784487 0.002079039 0.023619780 -0.004848766 0.999707094
1286. -0.475659760 0.136015395 -0.175826338 0.002164227 0.023659821 -0.004910563 0.999705664
1287. -0.475767455 0.135826949 -0.175965758 0.001999439 0.023682284 -0.004827599 0.999705880
1288. -0.475877865 0.135747415 -0.176123916 0.001899908 0.023706655 -0.004749693 0.999705869
1289. -0.475710585 0.135937528 -0.175909864 0.002102932 0.023650182 -0.004973535 0.999705712
1290. -0.475935964 0.136445102 -0.176048038 0.002577069 0.023779202 -0.005128875 0.999700757
1291. -0.475886982 0.136487085 -0.176005071 0.002649762 0.023784733 -0.005273008 0.999699685
1292. -0.475884255 0.136482499 -0.176036919 0.002616618 0.023745697 -0.005159343 0.999701294
1293. -0.475884591 0.136471024 -0.176075198 0.002606018 0.023754417 -0.005159428 0.999701114
1294. -0.475782178 0.136424911 -0.175931414 0.002562693 0.023735978 -0.005180462 0.999701555
1295. -0.475822077 0.136444994 -0.176031071 0.002576169 0.023745591 -0.005128601 0.999701559
1296. -0.475815117 0.136428208 -0.176072074 0.002550884 0.023722206 -0.005106583 0.999702292
1297. -0.475801358 0.136400809 -0.176063785 0.002541724 0.023728334 -0.005102188 0.999702192
1298. -0.475776470 0.136396812 -0.176078779 0.002530672 0.023716828 -0.005086239 0.999702575
1299. -0.475724591 0.136372057 -0.176067857 0.002514107 0.023699728 -0.005092973 0.999702988
1300. -0.475721370 0.136377647 -0.176146762 0.002456116 0.023680273 -0.005118544 0.999703462
1301. -0.475701063 0.136365102 -0.176163612 0.002460080 0.023654433 -0.005080916 0.999704256
1302. -0.475659962 0.136338279 -0.176135699 0.002428769 0.023651348 -0.005080255 0.999704409
1303. -0.475662004 0.136333183 -0.176190999 0.002411325 0.023654055 -0.005090008 0.999704338
1304. -0.475636547 0.136310221 -0.176208473 0.002376429 0.023637217 -0.005063626 0.999704954
1305. -0.475643494 0.136308837 -0.176261170 0.002391528 0.023637388 -0.005036982 0.999705048
1306. -0.475620851 0.136294009 -0.176241851 0.002408890 0.023628118 -0.004977920 0.999705521
1307. -0.475739528 0.136320400 -0.176472627 0.002315330 0.023696223 -0.004864573 0.999704688
1308. -0.475743279 0.136328280 -0.176527192 0.002305787 0.023682070 -0.004870515 0.999705017
1309. -0.475716175 0.136290858 -0.176483983 0.002276931 0.023700151 -0.004826569 0.999704868
1310. -0.475632333 0.136244962 -0.176372363 0.002246596 0.023679690 -0.004868669 0.999705217
1311. -0.475774666 0.136258019 -0.176665291 0.002202809 0.023690133 -0.004736363 0.999705703
1312. -0.475736863 0.136226859 -0.176632268 0.002187772 0.023686715 -0.004702166 0.999705978
1313. -0.475725630 0.136202129 -0.176620601 0.002169379 0.023692253 -0.004691204 0.999705939
1314. -0.475676331 0.136193739 -0.176598258 0.002161121 0.023683199 -0.004724163 0.999706016
1315. -0.475703754 0.136209468 -0.176653402 0.002172234 0.023688640 -0.004699154 0.999705981
1316. -0.475680224 0.136204964 -0.176657999 0.002170338 0.023685341 -0.004711600 0.999706004
1317. -0.475682999 0.136190288 -0.176710071 0.002152712 0.023682669 -0.004690737 0.999706204
1318. -0.475664125 0.136158287 -0.176712568 0.002132693 0.023680406 -0.004652221 0.999706480
1319. -0.475674614 0.136169098 -0.176769466 0.002135098 0.023708784 -0.004720025 0.999705485
1320. -0.475660315 0.136135361 -0.176727646 0.002114945 0.023697362 -0.004683073 0.999705972
1321. -0.475651695 0.136111758 -0.176717112 0.002096968 0.023715943 -0.004670274 0.999705629
1322. -0.475623693 0.136101895 -0.176729823 0.002085323 0.023699006 -0.004700415 0.999705914
1323. -0.475599456 0.136043304 -0.176708928 0.002043601 0.023688038 -0.004647045 0.999706510
1324. -0.475485668 0.135964147 -0.176565587 0.002029325 0.023647137 -0.004636633 0.999707555
1325. -0.475485603 0.135949146 -0.176580641 0.002021918 0.023651513 -0.004661940 0.999707349
1326. -0.475428286 0.135929999 -0.176538099 0.002014153 0.023631562 -0.004639059 0.999707943
1327. -0.475407265 0.135884768 -0.176507974 0.001978072 0.023635770 -0.004621786 0.999707996
1328. -0.475390579 0.135873051 -0.176530388 0.001963484 0.023618269 -0.004610198 0.999708492
1329. -0.475309461 0.135855461 -0.176474146 0.001971343 0.023591364 -0.004609756 0.999709113
1330. -0.475304370 0.135867206 -0.176509819 0.001964208 0.023590934 -0.004632614 0.999709032
1331. -0.475257421 0.135836237 -0.176464716 0.001946371 0.023578696 -0.004602164 0.999709496
1332. -0.475231182 0.135825195 -0.176467689 0.001947923 0.023570121 -0.004605434 0.999709680
1333. -0.475217251 0.135800962 -0.176488248 0.001945058 0.023559735 -0.004627145 0.999709830
1334. -0.475165769 0.135792405 -0.176454758 0.001949605 0.023527900 -0.004634442 0.999710538
1335. -0.475118803 0.135765031 -0.176411150 0.001936729 0.023520456 -0.004635677 0.999710732
1336. -0.475125340 0.135768133 -0.176457646 0.001934720 0.023524991 -0.004645345 0.999710584
1337. -0.475021506 0.135744787 -0.176358853 0.001921707 0.023445696 -0.004564033 0.999712847
1338. -0.475194595 0.135799848 -0.176652166 0.001855578 0.023534238 -0.004485089 0.999711249
1339. -0.475189177 0.135767864 -0.176662491 0.001827397 0.023546720 -0.004495009 0.999710962
1340. -0.475182325 0.135757698 -0.176696825 0.001809129 0.023543485 -0.004527487 0.999710925
1341. -0.475123472 0.135716647 -0.176644524 0.001784696 0.023511664 -0.004500029 0.999711842
1342. -0.475145227 0.135784302 -0.176715975 0.001816152 0.023532783 -0.004508380 0.999711250
1343. -0.475414363 0.135875391 -0.177067340 0.001811281 0.023615148 -0.004483271 0.999709430
1344. -0.475019698 0.135758417 -0.176656266 0.001823948 0.023431113 -0.004327315 0.999714424
1345. -0.475100712 0.135803592 -0.176768883 0.001805769 0.023452341 -0.004227781 0.999714386
1346. -0.475132873 0.135821643 -0.176737910 0.001817429 0.023483323 -0.004230838 0.999713624
1347. -0.475143041 0.135822794 -0.176636840 0.001849848 0.023504908 -0.004289581 0.999712807
1348. -0.475167577 0.135849393 -0.176618820 0.001862440 0.023505358 -0.004295454 0.999712748
1349. -0.475197167 0.135846779 -0.176570796 0.001846888 0.023514224 -0.004269379 0.999712680
1350. -0.475234252 0.135863769 -0.176552533 0.001851195 0.023522995 -0.004261850 0.999712498
1351. -0.475274327 0.135878957 -0.176543320 0.001840027 0.023538016 -0.004218364 0.999712349
1352. -0.475311719 0.135894726 -0.176524188 0.001833337 0.023554362 -0.004214109 0.999711995
1353. -0.475340210 0.135918136 -0.176505863 0.001845216 0.023554433 -0.004228606 0.999711910
1354. -0.475373852 0.135942339 -0.176487128 0.001868520 0.023558570 -0.004221313 0.999711800
1355. -0.475391232 0.135943713 -0.176413088 0.001860837 0.023565746 -0.004234071 0.999711591
1356. -0.475432053 0.135966678 -0.176413731 0.001869448 0.023570570 -0.004261787 0.999711344
1357. -0.475467612 0.135986611 -0.176403845 0.001874199 0.023560911 -0.004236377 0.999711670
1358. -0.475495360 0.135996220 -0.176365266 0.001866975 0.023586067 -0.004252335 0.999711023
1359. -0.475525714 0.136005871 -0.176324229 0.001858935 0.023585448 -0.004248618 0.999711068
1360. -0.475548972 0.136024820 -0.176288354 0.001867205 0.023599082 -0.004265079 0.999710661
1361. -0.475580153 0.136033133 -0.176251183 0.001859688 0.023614775 -0.004241675 0.999710404
1362. -0.475605827 0.136046919 -0.176214982 0.001861213 0.023616928 -0.004264201 0.999710255
1363. -0.475631715 0.136058088 -0.176179623 0.001863269 0.023629915 -0.004269034 0.999709923
1364. -0.475669710 0.136085646 -0.176164675 0.001868679 0.023632131 -0.004259633 0.999709901
1365. -0.475695687 0.136111276 -0.176135824 0.001885275 0.023652138 -0.004312359 0.999709171
1366. -0.475727824 0.136132793 -0.176115486 0.001907100 0.023652728 -0.004324925 0.999709061
1367. -0.475758802 0.136143023 -0.176083757 0.001895485 0.023659998 -0.004313456 0.999708961
1368. -0.475790576 0.136186099 -0.176079775 0.001915775 0.023655196 -0.004347498 0.999708888
1369. -0.475809061 0.136202334 -0.176035884 0.001935035 0.023650895 -0.004361601 0.999708891
1370. -0.475839794 0.136214452 -0.175992493 0.001944107 0.023671859 -0.004356401 0.999708400
1371. -0.475866224 0.136226006 -0.175960885 0.001928482 0.023688408 -0.004369780 0.999707980
1372. -0.475899250 0.136226670 -0.175918130 0.001931144 0.023695775 -0.004342510 0.999707919
1373. -0.475937005 0.136257716 -0.175935724 0.001945339 0.023693003 -0.004353080 0.999707911
1374. -0.475961689 0.136277405 -0.175889720 0.001955287 0.023703137 -0.004402000 0.999707437
1375. -0.476003760 0.136303809 -0.175885272 0.001974579 0.023707507 -0.004378160 0.999707401
1376. -0.476025782 0.136310206 -0.175823619 0.001966193 0.023707370 -0.004376135 0.999707429
1377. -0.476062766 0.136337629 -0.175831528 0.001969773 0.023721587 -0.004387415 0.999707036
1378. -0.476174151 0.136377624 -0.175925588 0.001980960 0.023744768 -0.004406620 0.999706379
1379. -0.476200038 0.136459303 -0.175840548 0.002073713 0.023768478 -0.004467708 0.999705356
1380. -0.476218097 0.136509254 -0.175853265 0.002103447 0.023733134 -0.004549567 0.999705764
1381. -0.476417130 0.136528938 -0.176017471 0.002025657 0.023823066 -0.004519904 0.999703921
1382. -0.476367226 0.136579592 -0.175901538 0.002087475 0.023814059 -0.004620082 0.999703550
1383. -0.476400395 0.136566285 -0.175871019 0.002069956 0.023818577 -0.004565060 0.999703732
1384. -0.476396914 0.136580509 -0.175806286 0.002077712 0.023815552 -0.004593019 0.999703659
1385. -0.476448818 0.136602768 -0.175787297 0.002081355 0.023827332 -0.004583136 0.999703417
1386. -0.476515460 0.136583341 -0.175812716 0.002034588 0.023852920 -0.004519359 0.999703193
1387. -0.476552946 0.136608465 -0.175813494 0.002045251 0.023854966 -0.004519383 0.999703122
1388. -0.476652958 0.136682549 -0.175888256 0.002071543 0.023888132 -0.004561597 0.999702084
1389. -0.476661316 0.136668861 -0.175828911 0.002051737 0.023881800 -0.004532689 0.999702408
1390. -0.476694884 0.136688228 -0.175801096 0.002059619 0.023893527 -0.004556899 0.999702002
1391. -0.477090777 0.136595094 -0.176346314 0.001890801 0.023950205 -0.004270301 0.999702244
1392. -0.476895854 0.136696977 -0.176126911 0.002032701 0.023915475 -0.004500637 0.999701787
1393. -0.476782549 0.136638964 -0.176038410 0.002009144 0.023855986 -0.004462365 0.999703427
1394. -0.476777835 0.136632233 -0.175955992 0.002026325 0.023875548 -0.004546934 0.999702545
1395. -0.476744214 0.136687220 -0.175971470 0.002017502 0.023854764 -0.004515652 0.999703200
1396. -0.476562881 0.136839203 -0.175855622 0.002079314 0.023791699 -0.004604647 0.999704171
1397. -0.476488556 0.136529834 -0.175719096 0.002009588 0.023798295 -0.004562624 0.999704349
1398. -0.476367435 0.136533105 -0.175974948 0.001926029 0.023769093 -0.004363942 0.999706095
1399. -0.476437236 0.136603274 -0.176047973 0.001962550 0.023784986 -0.004441463 0.999705305
1400. -0.476100143 0.136650553 -0.176209999 0.001959186 0.023746972 -0.004435108 0.999706243
1401. -0.476158620 0.136583422 -0.176301009 0.001958726 0.023753642 -0.004448078 0.999706028
1402. -0.476205932 0.136516034 -0.176136406 0.001930718 0.023757308 -0.004455778 0.999705961
1403. -0.476160033 0.136592981 -0.176319376 0.001953414 0.023752572 -0.004488349 0.999705884
1404. -0.476075023 0.136628328 -0.176199452 0.001952795 0.023724761 -0.004456760 0.999706687
1405. -0.476210298 0.136499244 -0.176315604 0.001900728 0.023771478 -0.004409854 0.999705885
1406. -0.476138116 0.136363565 -0.176089778 0.001860734 0.023734583 -0.004390688 0.999706922
1407. -0.476046033 0.136497974 -0.176290023 0.001884392 0.023731526 -0.004365182 0.999707062
1408. -0.476089145 0.136637291 -0.176392106 0.001914840 0.023747909 -0.004377564 0.999706561
1409. -0.475906062 0.136812633 -0.176418007 0.002010105 0.023699837 -0.004467245 0.999707118
1410. -0.475939951 0.136848072 -0.176512220 0.002023569 0.023704184 -0.004485735 0.999706905
1411. -0.476014609 0.136872980 -0.176587963 0.002028330 0.023723592 -0.004521135 0.999706275
1412. -0.476188299 0.136794786 -0.176522333 0.001984031 0.023752196 -0.004431102 0.999706088
1413. -0.476172554 0.136778017 -0.176571120 0.001943166 0.023754804 -0.004392905 0.999706275
1414. -0.476223043 0.136831705 -0.176846309 0.001956107 0.023795256 -0.004398303 0.999705264
1415. -0.476235447 0.136795951 -0.176786214 0.001934376 0.023770154 -0.004340601 0.999706155
1416. -0.476187860 0.136846228 -0.176660231 0.001936468 0.023740362 -0.004332544 0.999706894
1417. -0.476190156 0.136981412 -0.176854445 0.001960398 0.023749106 -0.004338830 0.999706613
1418. -0.476438183 0.136886583 -0.176603610 0.001934987 0.023768999 -0.004299107 0.999706361
1419. -0.476249496 0.136816191 -0.176855749 0.001974081 0.023770436 -0.004441738 0.999705627
1420. -0.476442723 0.137005248 -0.176738463 0.002013511 0.023786526 -0.004443851 0.999705156
1421. -0.476496184 0.137063500 -0.176946806 0.001987871 0.023811108 -0.004369434 0.999704950
1422. -0.476568214 0.137066369 -0.176987541 0.001985218 0.023820341 -0.004371809 0.999704725
1423. -0.476479228 0.137129173 -0.177175955 0.001975253 0.023819521 -0.004342664 0.999704891
1424. -0.476356371 0.137037329 -0.176996521 0.001977265 0.023775762 -0.004399906 0.999705679
1425. -0.476498323 0.136914396 -0.177294196 0.001921222 0.023827468 -0.004322119 0.999704896
1426. -0.476465731 0.136965991 -0.177006858 0.001951039 0.023796542 -0.004351420 0.999705448
1427. -0.476554315 0.136908853 -0.177054161 0.001933531 0.023815789 -0.004335218 0.999705094
1428. -0.476343821 0.136811300 -0.176897325 0.002023103 0.023747734 -0.004540526 0.999705625
1429. -0.475964475 0.136768253 -0.176511667 0.001994920 0.023667973 -0.004539442 0.999707578
1430. -0.476003192 0.136778750 -0.176600635 0.002020127 0.023689982 -0.004615229 0.999706659
1431. -0.476122294 0.136725931 -0.176901923 0.002001400 0.023715302 -0.004610454 0.999706118
1432. -0.476054346 0.136708340 -0.176649864 0.001997642 0.023694396 -0.004608769 0.999706629
1433. -0.476097424 0.136697153 -0.176689150 0.001994848 0.023714608 -0.004622972 0.999706090
1434. -0.476083038 0.136707983 -0.176584445 0.001997236 0.023705256 -0.004630108 0.999706274
1435. -0.476022389 0.136695389 -0.176498519 0.001973882 0.023682698 -0.004655842 0.999706735
1436. -0.476086003 0.136689059 -0.176616606 0.001973001 0.023704099 -0.004644171 0.999706284
1437. -0.476115450 0.136689498 -0.176678126 0.001983672 0.023716451 -0.004656524 0.999705913
1438. -0.476082506 0.136692227 -0.176603951 0.001988423 0.023703842 -0.004646317 0.999706250
1439. -0.476072228 0.136718421 -0.176577464 0.001999456 0.023710806 -0.004706626 0.999705780
1440. -0.476072369 0.136707520 -0.176556546 0.002008620 0.023708242 -0.004696797 0.999705869
1441. -0.476061474 0.136694754 -0.176578199 0.001989049 0.023706935 -0.004692680 0.999705959
1442. -0.476074890 0.136683556 -0.176547743 0.001987483 0.023703781 -0.004665818 0.999706162
1443. -0.476081924 0.136694129 -0.176532072 0.001995090 0.023712843 -0.004639099 0.999706057
1444. -0.476066549 0.136693504 -0.176514552 0.001989976 0.023721620 -0.004663254 0.999705746
1445. -0.476110766 0.136699955 -0.176528963 0.001989569 0.023718803 -0.004652035 0.999705866
1446. -0.476119708 0.136716294 -0.176548981 0.001997961 0.023725749 -0.004666473 0.999705617
1447. -0.476129295 0.136746557 -0.176488609 0.002016365 0.023731517 -0.004700859 0.999705282
1448. -0.476169389 0.136757942 -0.176503268 0.002023034 0.023740356 -0.004685009 0.999705133
1449. -0.476158344 0.136767449 -0.176457202 0.002038108 0.023729935 -0.004690373 0.999705325
1450. -0.476124205 0.136751800 -0.176420004 0.002015941 0.023720782 -0.004709276 0.999705498
1451. -0.476203115 0.136781279 -0.176498200 0.002042909 0.023750795 -0.004727652 0.999704644
1452. -0.476167097 0.136768351 -0.176454816 0.002029490 0.023737006 -0.004726749 0.999705003
1453. -0.476214188 0.136777888 -0.176525489 0.002027204 0.023749937 -0.004719782 0.999704734
1454. -0.476204083 0.136762425 -0.176552310 0.002030014 0.023747852 -0.004700625 0.999704868
1455. -0.476207036 0.136756260 -0.176579197 0.002016871 0.023750123 -0.004676696 0.999704953
1456. -0.476243433 0.136785333 -0.176612564 0.002041310 0.023766647 -0.004711317 0.999704348
1457. -0.476240941 0.136811267 -0.176553059 0.002088522 0.023769083 -0.004747435 0.999704022
1458. -0.476232123 0.136787668 -0.176550044 0.002057369 0.023767383 -0.004732538 0.999704197
1459. -0.476240898 0.136792665 -0.176581403 0.002067419 0.023768936 -0.004757940 0.999704019
1460. -0.476288798 0.136823274 -0.176600897 0.002089053 0.023788106 -0.004779129 0.999703417
1461. -0.476311029 0.136827038 -0.176596319 0.002091777 0.023782268 -0.004771464 0.999703587
1462. -0.476299972 0.136816074 -0.176567749 0.002062896 0.023784159 -0.004703594 0.999703923
1463. -0.476320239 0.136829666 -0.176592986 0.002062812 0.023801630 -0.004746506 0.999703305
1464. -0.476295847 0.136850066 -0.176580486 0.002081981 0.023790549 -0.004824601 0.999703155
1465. -0.476314601 0.136855657 -0.176609727 0.002092369 0.023796139 -0.004804495 0.999703097
1466. -0.476303152 0.136851271 -0.176556373 0.002092795 0.023807961 -0.004790561 0.999702882
1467. -0.476331744 0.136841362 -0.176610282 0.002079090 0.023814107 -0.004769560 0.999702864
1468. -0.476317738 0.136838952 -0.176611756 0.002071894 0.023816259 -0.004792224 0.999702720
1469. -0.476356977 0.136841234 -0.176700245 0.002073454 0.023823568 -0.004744619 0.999702769
1470. -0.476346014 0.136828045 -0.176636768 0.002068192 0.023811172 -0.004762883 0.999702989
1471. -0.476306578 0.136805457 -0.176560929 0.002052786 0.023774758 -0.004750417 0.999703946
1472. -0.476319621 0.136817538 -0.176599912 0.002044337 0.023791070 -0.004769243 0.999703486
1473. -0.476313999 0.136815965 -0.176619808 0.002043638 0.023785856 -0.004793199 0.999703497
1474. -0.476315672 0.136814828 -0.176630182 0.002033310 0.023789401 -0.004780933 0.999703492
1475. -0.476328894 0.136804942 -0.176628873 0.002022012 0.023798201 -0.004782464 0.999703299
1476. -0.476330781 0.136798758 -0.176614012 0.002011304 0.023793843 -0.004752740 0.999703566
1477. -0.476344135 0.136800638 -0.176648384 0.002015709 0.023799805 -0.004736682 0.999703491
1478. -0.476349177 0.136824268 -0.176642372 0.002032364 0.023800911 -0.004793777 0.999703159
1479. -0.476369282 0.136826595 -0.176711966 0.002019172 0.023809894 -0.004778149 0.999703047
1480. -0.476356587 0.136785112 -0.176654347 0.001965999 0.023783834 -0.004703275 0.999704128
1481. -0.476348869 0.136765650 -0.176640544 0.001943280 0.023775497 -0.004635049 0.999704689
1482. -0.476393435 0.136810544 -0.176797292 0.001996280 0.023817741 -0.004728304 0.999703143
1483. -0.476402910 0.136789734 -0.176799866 0.001964880 0.023834262 -0.004671145 0.999703080
1484. -0.476401171 0.136786060 -0.176888936 0.001958544 0.023841568 -0.004669960 0.999702923
1485. -0.476439129 0.136815308 -0.176901213 0.001983672 0.023861872 -0.004736908 0.999702075
1486. -0.476451659 0.136816988 -0.176950086 0.001967209 0.023872831 -0.004720324 0.999701924
1487. -0.476458385 0.136798234 -0.176979612 0.001976825 0.023869093 -0.004724492 0.999701974
1488. -0.476406840 0.136794927 -0.176910816 0.001961560 0.023854371 -0.004723565 0.999702360
1489. -0.476395178 0.136790584 -0.176939488 0.001967812 0.023837941 -0.004726363 0.999702727
1490. -0.476401599 0.136793216 -0.176896103 0.001974117 0.023820235 -0.004734360 0.999703098
1491. -0.476384501 0.136780702 -0.176900835 0.001960266 0.023820418 -0.004719955 0.999703189
1492. -0.476390069 0.136774086 -0.176910408 0.001968721 0.023832966 -0.004708270 0.999702929
1493. -0.476427386 0.136783745 -0.176991995 0.001951407 0.023846602 -0.004717411 0.999702595
1494. -0.476437011 0.136803275 -0.176966479 0.001969675 0.023854662 -0.004748183 0.999702221
1495. -0.476473651 0.136810238 -0.177064511 0.001984295 0.023884167 -0.004721426 0.999701614
1496. -0.476485170 0.136830168 -0.177089341 0.001987568 0.023880561 -0.004754926 0.999701535
1497. -0.476469853 0.136793642 -0.176950298 0.001934885 0.023864045 -0.004689559 0.999702342
1498. -0.476490851 0.136792456 -0.177019860 0.001921945 0.023865677 -0.004704291 0.999702258
1499. -0.476514843 0.136818619 -0.177062576 0.001950556 0.023882435 -0.004751854 0.999701578
1500. -0.476586619 0.136818582 -0.177149544 0.001930021 0.023916304 -0.004702181 0.999701043
1501. -0.476505246 0.136772037 -0.176950715 0.001892687 0.023836405 -0.004641420 0.999703306
1502. -0.476514180 0.136793961 -0.176948099 0.001909951 0.023850602 -0.004663542 0.999702832
1503. -0.476526700 0.136790942 -0.176996008 0.001922263 0.023853443 -0.004684343 0.999702643
1504. -0.476562131 0.136791119 -0.177023936 0.001912465 0.023879459 -0.004675677 0.999702082
1505. -0.476578729 0.137078328 -0.176742000 0.002025199 0.023826232 -0.004719075 0.999702926
1506. -0.476567223 0.136916296 -0.177072679 0.002012223 0.023849608 -0.004728707 0.999702349
1507. -0.476581298 0.136880003 -0.177073918 0.002009283 0.023822125 -0.004746403 0.999702926
1508. -0.476454062 0.136993412 -0.176973289 0.002099182 0.023758999 -0.004704674 0.999704441
1509. -0.476449087 0.136822568 -0.176992893 0.001974649 0.023763769 -0.004617283 0.999704989
1510. -0.476440517 0.136827252 -0.177040178 0.001965115 0.023767938 -0.004630873 0.999704846
1511. -0.476219531 0.136853772 -0.176770986 0.002003923 0.023702345 -0.004681696 0.999706089
1512. -0.476281195 0.136830337 -0.176757670 0.001988542 0.023702919 -0.004690752 0.999706064
1513. -0.476280680 0.136812192 -0.176753537 0.001998027 0.023699277 -0.004682446 0.999706170
1514. -0.476261424 0.136799789 -0.176676279 0.001989922 0.023697406 -0.004657515 0.999706347
1515. -0.476176268 0.136711620 -0.176710204 0.001963024 0.023677872 -0.004636381 0.999706961
1516. -0.476254942 0.136666180 -0.176730683 0.001933008 0.023683206 -0.004600081 0.999707061
1517. -0.476153584 0.136650273 -0.176715560 0.001943424 0.023651999 -0.004615943 0.999707707
1518. -0.476161477 0.136738964 -0.176686891 0.002001507 0.023636679 -0.004644330 0.999707823
1519. -0.476191760 0.136826690 -0.176758024 0.002031409 0.023650336 -0.004644912 0.999707437
1520. -0.476099551 0.136717215 -0.176719057 0.001983831 0.023632355 -0.004626338 0.999708044
1521. -0.476019214 0.136664198 -0.176671865 0.001952092 0.023606959 -0.004608477 0.999708789
1522. -0.475927279 0.136664966 -0.176644420 0.001962672 0.023577921 -0.004624572 0.999709379
1523. -0.475844432 0.136657218 -0.176596917 0.001958776 0.023537995 -0.004606287 0.999710412
1524. -0.475909826 0.136680874 -0.176619612 0.001966555 0.023559941 -0.004638513 0.999709731
1525. -0.475924866 0.136678628 -0.176678070 0.001954802 0.023558943 -0.004623712 0.999709846
1526. -0.475986146 0.136648822 -0.176701476 0.001948212 0.023556750 -0.004588593 0.999710072
1527. -0.476000918 0.136596836 -0.176714802 0.001929104 0.023565750 -0.004560072 0.999710028
1528. -0.475898946 0.136605990 -0.176702378 0.001922386 0.023539040 -0.004585782 0.999710552
1529. -0.475894525 0.136730452 -0.176825760 0.001947135 0.023528651 -0.004550089 0.999710912
1530. -0.475906129 0.136618407 -0.176805109 0.001898512 0.023538566 -0.004520538 0.999710906
1531. -0.475841665 0.136605450 -0.176886954 0.001914887 0.023500354 -0.004546030 0.999711659
1532. -0.475959582 0.136665423 -0.176794266 0.001970378 0.023564354 -0.004476508 0.999710358
1533. -0.476127968 0.136859970 -0.177008009 0.002006660 0.023626340 -0.004486776 0.999708777
1534. -0.476190397 0.136867547 -0.176995670 0.001998778 0.023648897 -0.004477934 0.999708299
1535. -0.476572630 0.136950072 -0.177168851 0.002025041 0.023731787 -0.004478732 0.999706278
1536. -0.476594496 0.136928740 -0.177075018 0.002003258 0.023729802 -0.004431200 0.999706581
1537. -0.476593469 0.136987901 -0.176974711 0.002031264 0.023708941 -0.004411723 0.999707105
1538. -0.476483569 0.136840137 -0.177056167 0.001957170 0.023674271 -0.004390980 0.999708166
1539. -0.476613383 0.136928564 -0.177089591 0.002008686 0.023746074 -0.004353268 0.999706526
1540. -0.476626056 0.136955645 -0.177075684 0.002020381 0.023751837 -0.004374724 0.999706272
1541. -0.476605078 0.136817532 -0.177067328 0.001964915 0.023725536 -0.004328923 0.999707206
1542. -0.476565874 0.136916152 -0.177071134 0.001994167 0.023713705 -0.004364988 0.999707272
1543. -0.476467590 0.136877810 -0.177147275 0.002010398 0.023694140 -0.004419412 0.999707465
1544. -0.476460937 0.135680390 -0.176086731 0.001516713 0.023467388 -0.004084013 0.999715110
1545. -0.476652034 0.135829195 -0.176303347 0.001507752 0.023548294 -0.004119170 0.999713077
1546. -0.476603645 0.136061490 -0.176458258 0.001585878 0.023543810 -0.004087352 0.999713193
1547. -0.476445893 0.136061691 -0.176200705 0.001592162 0.023491797 -0.004183350 0.999714009
1548. -0.476492092 0.136151317 -0.176228006 0.001631223 0.023506268 -0.004174052 0.999713645
1549. -0.476487346 0.136017589 -0.176195723 0.001591292 0.023503775 -0.004157884 0.999713835
1550. -0.476371099 0.136067690 -0.176173343 0.001614079 0.023519209 -0.004215607 0.999713194
1551. -0.476301033 0.136134938 -0.176041520 0.001660538 0.023521221 -0.004199633 0.999713138
1552. -0.476396374 0.136141096 -0.176059669 0.001640437 0.023555610 -0.004183463 0.999712429
1553. -0.476347817 0.136222865 -0.176007697 0.001688102 0.023541868 -0.004231244 0.999712472
1554. -0.476326966 0.136264138 -0.176092116 0.001702263 0.023554386 -0.004261201 0.999712026
1555. -0.476343122 0.136282020 -0.176230402 0.001715782 0.023554385 -0.004320817 0.999711747
1556. -0.476302500 0.136300965 -0.176158057 0.001738049 0.023573057 -0.004311235 0.999711310
1557. -0.476252893 0.136258595 -0.176108334 0.001716828 0.023551969 -0.004282797 0.999711966
1558. -0.476282133 0.136500290 -0.176251547 0.001821206 0.023601086 -0.004329856 0.999710420
1559. -0.476299286 0.136443998 -0.176286474 0.001804803 0.023610723 -0.004313295 0.999710294
1560. -0.476292266 0.136406307 -0.176264390 0.001801595 0.023603053 -0.004268560 0.999710673
1561. -0.476321637 0.136378515 -0.176315574 0.001779777 0.023620180 -0.004260622 0.999710341
1562. -0.476360794 0.136347057 -0.176372933 0.001772083 0.023628316 -0.004253022 0.999710195
1563. -0.476266693 0.136406497 -0.176350209 0.001808581 0.023604695 -0.004263009 0.999710645
1564. -0.476277248 0.136437561 -0.176451999 0.001800353 0.023622034 -0.004276536 0.999710193
1565. -0.476176721 0.136463745 -0.176162092 0.001844176 0.023614008 -0.004328788 0.999710078
1566. -0.476153740 0.136491647 -0.176191761 0.001861979 0.023619392 -0.004308048 0.999710007
1567. -0.476115232 0.136476965 -0.176107528 0.001871272 0.023620856 -0.004327458 0.999709871
1568. -0.476166174 0.136621119 -0.176623010 0.001896952 0.023651034 -0.004328186 0.999709106
1569. -0.476126310 0.136675864 -0.176505363 0.001938206 0.023654932 -0.004309696 0.999709015
1570. -0.476149910 0.136660744 -0.176396802 0.001927742 0.023667511 -0.004332473 0.999708639
1571. -0.476133352 0.136637899 -0.176422936 0.001933338 0.023676070 -0.004326431 0.999708451
1572. -0.476114537 0.136783153 -0.176513661 0.001980724 0.023682450 -0.004344530 0.999708129
1573. -0.475981071 0.136811224 -0.176578248 0.001975989 0.023671010 -0.004370304 0.999708297
1574. -0.476074232 0.136807557 -0.176715986 0.001956695 0.023700216 -0.004299971 0.999707948
1575. -0.476109664 0.136904786 -0.176746321 0.001944413 0.023726077 -0.004329421 0.999707231
1576. -0.476227955 0.136836595 -0.176633814 0.001933214 0.023751700 -0.004324575 0.999706666
1577. -0.476325064 0.136791633 -0.176622062 0.001919984 0.023782502 -0.004258115 0.999706244
1578. -0.476352507 0.136784838 -0.176649868 0.001918306 0.023813354 -0.004282323 0.999705410
1579. -0.476258877 0.136820460 -0.176616356 0.001929481 0.023786685 -0.004290377 0.999705988
1580. -0.476385893 0.136753010 -0.176693140 0.001912059 0.023835009 -0.004282281 0.999704906
1581. -0.476331506 0.136779723 -0.176780343 0.001909974 0.023831985 -0.004296650 0.999704920
1582. -0.476374856 0.136850550 -0.176885880 0.001930987 0.023848952 -0.004277782 0.999704556
1583. -0.476569746 0.136918099 -0.177075367 0.001946801 0.023925015 -0.004281590 0.999702692
1584. -0.476344427 0.136588839 -0.177015968 0.001802800 0.023809186 -0.004246688 0.999705876
1585. -0.476356443 0.136264982 -0.176446300 0.001821259 0.023862139 -0.004252012 0.999704557
1586. -0.476349371 0.135960950 -0.176239821 0.001719458 0.023874447 -0.004240340 0.999704493
1587. -0.476388538 0.136645448 -0.176441654 0.001910191 0.023862796 -0.004318894 0.999704089
1588. -0.476285755 0.136679136 -0.176342391 0.001926427 0.023847048 -0.004330814 0.999704382
1589. -0.476274757 0.136750112 -0.176173329 0.001940145 0.023835013 -0.004358375 0.999704523
1590. -0.476305094 0.136778943 -0.176038088 0.001969926 0.023852926 -0.004413950 0.999703793
1591. -0.476291379 0.136754006 -0.176017112 0.001949652 0.023864323 -0.004460968 0.999703352
1592. -0.476266879 0.136788806 -0.175971442 0.001964879 0.023856163 -0.004475413 0.999703453
1593. -0.476287807 0.136808028 -0.175867050 0.001996422 0.023871132 -0.004513644 0.999702861
1594. -0.476247655 0.136800132 -0.175762324 0.001987016 0.023854235 -0.004527460 0.999703221
1595. -0.476288620 0.136814815 -0.175678240 0.001958205 0.023846411 -0.004461132 0.999703762
1596. -0.476312065 0.136879305 -0.175639910 0.001979524 0.023854303 -0.004484695 0.999703427
1597. -0.476330645 0.136863359 -0.175575809 0.001975846 0.023853013 -0.004490979 0.999703436
1598. -0.476289747 0.136900054 -0.175566250 0.001984318 0.023853177 -0.004517912 0.999703294
1599. -0.476278453 0.136879161 -0.175525241 0.001977932 0.023838765 -0.004544027 0.999703532
1600. -0.476531082 0.137058719 -0.175707036 0.002045079 0.023941494 -0.004588246 0.999700740
1601. -0.476500649 0.137092327 -0.175633848 0.002063833 0.023927550 -0.004623634 0.999700873
1602. -0.476452720 0.137105894 -0.175630990 0.002064546 0.023919878 -0.004624193 0.999701052
1603. -0.476355430 0.137217535 -0.175566530 0.002126887 0.023895241 -0.004732169 0.999701006
1604. -0.476442620 0.137216838 -0.175591918 0.002105895 0.023918328 -0.004730112 0.999700508
1605. -0.476418694 0.137111307 -0.174983872 0.002216100 0.023872063 -0.004802899 0.999701028
1606. -0.476307622 0.137237062 -0.174790276 0.002262325 0.023839210 -0.004885382 0.999701309
1607. -0.476370950 0.137081638 -0.174583234 0.002246390 0.023838540 -0.004747653 0.999702024
1608. -0.476257308 0.137172951 -0.175050084 0.002261082 0.023836437 -0.004770431 0.999701933
1609. -0.476111513 0.136971709 -0.175195241 0.002227988 0.023818635 -0.004781758 0.999702377
1610. -0.476218007 0.137072126 -0.174851508 0.002203248 0.023803794 -0.004634577 0.999703479
1611. -0.476224467 0.137307038 -0.175303984 0.002229806 0.023845017 -0.004620137 0.999702504
1612. -0.476180040 0.137340162 -0.175414323 0.002239285 0.023863296 -0.004595801 0.999702159
1613. -0.476194937 0.137360252 -0.175426253 0.002219538 0.023869484 -0.004518533 0.999702408
1614. -0.476249958 0.137191978 -0.175394337 0.002159503 0.023892671 -0.004569064 0.999701756
1615. -0.476382253 0.137208941 -0.175482890 0.002144043 0.023908597 -0.004542865 0.999701528
1616. -0.476304017 0.137250893 -0.175826049 0.002096442 0.023886282 -0.004450795 0.999702576
1617. -0.476322487 0.137265478 -0.175760038 0.002111100 0.023889996 -0.004436379 0.999702521
1618. -0.476317250 0.137263846 -0.175678675 0.002110231 0.023882844 -0.004408512 0.999702817
1619. -0.476246267 0.137366423 -0.175875913 0.002116947 0.023877057 -0.004355319 0.999703174
1620. -0.476206139 0.137434163 -0.176143066 0.002105420 0.023853857 -0.004306012 0.999703966
1621. -0.476248857 0.137571248 -0.176212107 0.002109768 0.023905821 -0.004345989 0.999702542
1622. -0.476241705 0.137384833 -0.176176604 0.002055421 0.023867934 -0.004226383 0.999704074
1623. -0.476153880 0.137512123 -0.176412547 0.002103859 0.023869035 -0.004325645 0.999703522
1624. -0.476163364 0.137479481 -0.176365355 0.002096306 0.023864069 -0.004326163 0.999703654
1625. -0.476177678 0.137504431 -0.176369123 0.002110928 0.023870331 -0.004336725 0.999703428
1626. -0.476560575 0.137300153 -0.175909749 0.002070325 0.023928056 -0.004306578 0.999702263
1627. -0.476435133 0.137338046 -0.175966418 0.002075162 0.023889367 -0.004314778 0.999703143
1628. -0.476430263 0.137272335 -0.175874585 0.002052893 0.023879781 -0.004305264 0.999703459
1629. -0.476354811 0.137265453 -0.175844902 0.002048561 0.023852577 -0.004328654 0.999704017
1630. -0.476405441 0.137276807 -0.175823272 0.002056696 0.023875195 -0.004331047 0.999703450
1631. -0.476322404 0.137282894 -0.175891156 0.002061617 0.023853801 -0.004394609 0.999703673
1632. -0.476359204 0.137196529 -0.175766792 0.002038707 0.023832057 -0.004387044 0.999704272
1633. -0.476384307 0.137168368 -0.175744119 0.002037437 0.023826695 -0.004401062 0.999704340
1634. -0.476372768 0.137119247 -0.175754667 0.002012204 0.023812372 -0.004383803 0.999704809
1635. -0.476444015 0.137128076 -0.175642282 0.002009073 0.023815971 -0.004391964 0.999704693
1636. -0.476385697 0.137113799 -0.175507673 0.002020723 0.023793396 -0.004375781 0.999705278
1637. -0.476367507 0.137160048 -0.175550292 0.002041154 0.023797218 -0.004368127 0.999705179
1638. -0.476397575 0.137221561 -0.175522371 0.002058358 0.023786869 -0.004391347 0.999705289
1639. -0.476433192 0.137226973 -0.175530739 0.002063144 0.023796471 -0.004376165 0.999705117
1640. -0.476456310 0.137164974 -0.175413340 0.002042088 0.023786374 -0.004378656 0.999705389
1641. -0.476526291 0.137242371 -0.175404409 0.002070197 0.023810455 -0.004382544 0.999704741
1642. -0.476487736 0.137191265 -0.175436604 0.002055483 0.023802518 -0.004413039 0.999704827
1643. -0.476462502 0.137253913 -0.175458011 0.002082320 0.023780069 -0.004381763 0.999705443
1644. -0.476555751 0.137200626 -0.175283858 0.002067701 0.023796652 -0.004360215 0.999705173
1645. -0.476519063 0.137204570 -0.175241535 0.002063503 0.023775293 -0.004378614 0.999705609
1646. -0.476543951 0.137207578 -0.175249976 0.002074409 0.023777963 -0.004390859 0.999705469
1647. -0.476497919 0.137302431 -0.175251218 0.002083781 0.023751412 -0.004399331 0.999706044
1648. -0.476517927 0.137177440 -0.175308656 0.002043330 0.023767198 -0.004410745 0.999705702
1649. -0.476495471 0.137139333 -0.175329326 0.002028820 0.023756310 -0.004413103 0.999705980
1650. -0.476531128 0.137170221 -0.175405184 0.002038162 0.023787922 -0.004405411 0.999705243
1651. -0.476422802 0.137334076 -0.175459742 0.002081733 0.023762297 -0.004471765 0.999705468
1652. -0.476526509 0.137204916 -0.175507822 0.002050265 0.023779003 -0.004427942 0.999705331
1653. -0.476457278 0.137202739 -0.175535002 0.002045335 0.023754115 -0.004399917 0.999706056
1654. -0.476332678 0.138093412 -0.176180067 0.002359871 0.023752729 -0.004846811 0.999703330
1655. -0.476441362 0.138106719 -0.176238082 0.002363839 0.023813186 -0.004783228 0.999702188
1656. -0.476324099 0.137877070 -0.175835179 0.002329622 0.023774577 -0.004750984 0.999703341
1657. -0.476260990 0.137823728 -0.175686729 0.002325319 0.023764636 -0.004739549 0.999703642
1658. -0.476346779 0.137817309 -0.175753232 0.002312372 0.023786731 -0.004725640 0.999703212
1659. -0.476372809 0.137860071 -0.175775940 0.002334003 0.023797865 -0.004737564 0.999702841
1660. -0.476424382 0.137843042 -0.175820924 0.002327352 0.023804268 -0.004736780 0.999702707
1661. -0.476420209 0.137801793 -0.175741871 0.002317510 0.023809103 -0.004713532 0.999702725
1662. -0.476390193 0.137773748 -0.175665347 0.002303303 0.023790035 -0.004705548 0.999703249
1663. -0.476425987 0.137754699 -0.175720140 0.002286441 0.023808573 -0.004686876 0.999702934
1664. -0.476463992 0.137701291 -0.175774568 0.002250424 0.023800604 -0.004627257 0.999703484
1665. -0.476461732 0.137675162 -0.175715269 0.002232909 0.023806753 -0.004633558 0.999703347
1666. -0.476436598 0.137722376 -0.175709159 0.002279982 0.023784694 -0.004693608 0.999703486
1667. -0.476333362 0.137538779 -0.175500249 0.002207940 0.023735758 -0.004587450 0.999705304
1668. -0.476242469 0.137651790 -0.175522513 0.002284442 0.023689244 -0.004656387 0.999705916
1669. -0.476264743 0.137612891 -0.175482705 0.002269468 0.023705632 -0.004664137 0.999705526
1670. -0.476257910 0.137693553 -0.175570176 0.002283760 0.023710496 -0.004704953 0.999705187
1671. -0.476315039 0.137746742 -0.175578214 0.002288144 0.023726773 -0.004675286 0.999704930
1672. -0.476371815 0.137823390 -0.175706308 0.002309933 0.023744932 -0.004679025 0.999704431
1673. -0.476365080 0.137799734 -0.175683274 0.002295248 0.023744945 -0.004674450 0.999704486
1674. -0.476451813 0.137779208 -0.175791331 0.002286401 0.023765868 -0.004631764 0.999704208
1675. -0.476300192 0.137709639 -0.175525527 0.002291191 0.023707465 -0.004712969 0.999705204
1676. -0.476503203 0.137527464 -0.175625566 0.002185895 0.023769612 -0.004539457 0.999704767
1677. -0.476475344 0.137544532 -0.175515381 0.002200866 0.023779502 -0.004531067 0.999704537
1678. -0.476463503 0.137487151 -0.175373761 0.002196819 0.023776977 -0.004539861 0.999704566
1679. -0.476602354 0.137435198 -0.175594993 0.002136312 0.023822129 -0.004468092 0.999703945
1680. -0.476521909 0.137401180 -0.175445448 0.002137814 0.023776639 -0.004528451 0.999704754
1681. -0.476561785 0.137481231 -0.175485799 0.002159954 0.023795627 -0.004497959 0.999704392
1682. -0.476580711 0.137428118 -0.175413182 0.002142641 0.023813319 -0.004501272 0.999703993
1683. -0.476673422 0.137406779 -0.175584817 0.002131479 0.023830888 -0.004446767 0.999703842
1684. -0.476574521 0.137371313 -0.175350313 0.002110241 0.023801634 -0.004439608 0.999704616
1685. -0.476686835 0.137346674 -0.175455061 0.002115043 0.023841448 -0.004414645 0.999703768
1686. -0.476549567 0.137391172 -0.175358828 0.002140725 0.023801477 -0.004448053 0.999704517
1687. -0.476656343 0.137407531 -0.175409459 0.002150256 0.023830374 -0.004405440 0.999703997
1688. -0.476740332 0.137317229 -0.175436851 0.002121532 0.023852195 -0.004408770 0.999703523
1689. -0.476701922 0.137268374 -0.175348883 0.002083088 0.023835748 -0.004374839 0.999704146
1690. -0.476722571 0.137256538 -0.175477275 0.002079748 0.023867080 -0.004362625 0.999703458
1691. -0.476768679 0.137297745 -0.175543018 0.002082246 0.023880355 -0.004340251 0.999703234
1692. -0.476699772 0.137450993 -0.175520882 0.002114463 0.023860680 -0.004393343 0.999703404
1693. -0.476782723 0.137422999 -0.175681427 0.002123101 0.023873499 -0.004375009 0.999703160
1694. -0.476684940 0.137486569 -0.175692029 0.002142515 0.023859454 -0.004357252 0.999703531
1695. -0.476693694 0.137528840 -0.175516377 0.002156724 0.023867419 -0.004391812 0.999703159
1696. -0.476837474 0.137409315 -0.175594437 0.002110704 0.023894069 -0.004347892 0.999702813
1697. -0.476789856 0.137429764 -0.175389623 0.002132290 0.023877898 -0.004359551 0.999703103
1698. -0.476860318 0.137367282 -0.175533335 0.002103136 0.023896821 -0.004327067 0.999702853
1699. -0.476936948 0.137346265 -0.175630457 0.002062232 0.023923828 -0.004295591 0.999702429
1700. -0.476890063 0.137431307 -0.175512738 0.002108202 0.023927836 -0.004343416 0.999702030
1701. -0.476755302 0.137305700 -0.175265070 0.002063496 0.023872994 -0.004312894 0.999703567
1702. -0.476872220 0.137274131 -0.175437737 0.002060432 0.023909990 -0.004330475 0.999702613
1703. -0.476889408 0.137201057 -0.175361955 0.002034780 0.023917043 -0.004326469 0.999702514
1704. -0.476963054 0.137258158 -0.175351507 0.002054772 0.023948511 -0.004319110 0.999701752
1705. -0.476994914 0.137194886 -0.175317606 0.002037155 0.023943354 -0.004306127 0.999701967
1706. -0.476956320 0.137213594 -0.175352210 0.002056142 0.023948711 -0.004315154 0.999701761
1707. -0.476985194 0.137193012 -0.175317693 0.002034993 0.023947191 -0.004308705 0.999701869
1708. -0.476843063 0.137133605 -0.175102141 0.002023281 0.023912386 -0.004347412 0.999702558
1709. -0.477032203 0.137029591 -0.175220893 0.001965982 0.023961163 -0.004250529 0.999701921
1710. -0.476943679 0.137040615 -0.175135605 0.001979624 0.023929797 -0.004241144 0.999702685
1711. -0.476961604 0.136999381 -0.175122781 0.001977543 0.023944683 -0.004242621 0.999702327
1712. -0.476989077 0.137001764 -0.175076291 0.001975804 0.023943406 -0.004253599 0.999702314
1713. -0.476999127 0.136948112 -0.175121303 0.001967849 0.023946984 -0.004243958 0.999702285
1714. -0.477093938 0.137029178 -0.175121217 0.001984454 0.023977055 -0.004225199 0.999701611
1715. -0.477040396 0.136966636 -0.175027857 0.001972926 0.023971856 -0.004257144 0.999701623
1716. -0.477021434 0.136966773 -0.175018623 0.001988038 0.023947907 -0.004285853 0.999702044
1717. -0.476974184 0.137023701 -0.175040969 0.002007501 0.023923266 -0.004312582 0.999702480
1718. -0.477018292 0.136870307 -0.174901214 0.001941120 0.023956102 -0.004257862 0.999702060
1719. -0.476936843 0.136973987 -0.174736871 0.001988053 0.023923070 -0.004289978 0.999702621
1720. -0.476878893 0.136858805 -0.174603700 0.001950639 0.023899210 -0.004278663 0.999703314
1721. -0.476921776 0.136774473 -0.174721015 0.001921076 0.023909394 -0.004274721 0.999703144
1722. -0.476989514 0.136800593 -0.174799948 0.001932218 0.023929482 -0.004252647 0.999702737
1723. -0.476901646 0.136902640 -0.174687362 0.001962138 0.023906209 -0.004330706 0.999702900
1724. -0.476996455 0.136794522 -0.174775234 0.001932807 0.023926204 -0.004299651 0.999702613
1725. -0.476961375 0.136714604 -0.174683343 0.001918814 0.023911574 -0.004285296 0.999703051
1726. -0.477029912 0.136678561 -0.174561718 0.001912635 0.023905275 -0.004275970 0.999703254
1727. -0.476996114 0.136708363 -0.174633051 0.001921395 0.023908506 -0.004267933 0.999703194
1728. -0.477059601 0.136716093 -0.174703045 0.001915995 0.023932300 -0.004244199 0.999702736
1729. -0.477041440 0.136682457 -0.174523887 0.001900593 0.023918324 -0.004260014 0.999703033
1730. -0.477028941 0.136696390 -0.174697210 0.001904461 0.023918699 -0.004246328 0.999703075
1731. -0.477038066 0.136694771 -0.174723236 0.001896732 0.023910766 -0.004263709 0.999703205
1732. -0.477055629 0.136666321 -0.174573808 0.001876170 0.023924858 -0.004236276 0.999703023
1733. -0.477059348 0.136679198 -0.174542952 0.001883074 0.023923368 -0.004235496 0.999703049
1734. -0.477140707 0.136698405 -0.174621985 0.001882908 0.023942334 -0.004211077 0.999702699
1735. -0.477203091 0.136656676 -0.174809854 0.001880887 0.023976151 -0.004208407 0.999701903
1736. -0.477159850 0.136612849 -0.174597416 0.001874762 0.023957357 -0.004208696 0.999702364
1737. -0.477111713 0.136466102 -0.174528404 0.001820991 0.023954557 -0.004200182 0.999702567
1738. -0.477162076 0.136513892 -0.174500145 0.001843838 0.023957758 -0.004190867 0.999702487
1739. -0.477093717 0.136500118 -0.174449433 0.001827186 0.023945152 -0.004189935 0.999702824
1740. -0.477177043 0.136525171 -0.174410807 0.001850405 0.023969093 -0.004202304 0.999702155
1741. -0.477181709 0.136463193 -0.174308982 0.001825290 0.023969255 -0.004206966 0.999702178
1742. -0.477163918 0.136394726 -0.174332843 0.001781291 0.023950724 -0.004169038 0.999702860
1743. -0.477146676 0.136664192 -0.174415802 0.001910782 0.023944853 -0.004250737 0.999702418
1744. -0.477116976 0.136717379 -0.174438134 0.001927726 0.023939263 -0.004262154 0.999702471
1745. -0.477089951 0.136655938 -0.174310939 0.001917786 0.023926678 -0.004260947 0.999702796
1746. -0.477210498 0.136898183 -0.174515505 0.002019228 0.023968389 -0.004315091 0.999701365
1747. -0.477286343 0.136889883 -0.174652549 0.001996985 0.023988065 -0.004294723 0.999701025
1748. -0.477129474 0.137078612 -0.174518251 0.002026859 0.023952311 -0.004258204 0.999701979
1749. -0.477192435 0.137091371 -0.174645134 0.002034278 0.023979958 -0.004297270 0.999701134
1750. -0.477172444 0.137055969 -0.174525205 0.002028876 0.023972163 -0.004309439 0.999701279
1751. -0.477148587 0.136915836 -0.174297536 0.001991004 0.023942921 -0.004281867 0.999702175
1752. -0.477220667 0.136966276 -0.174355197 0.001998134 0.023976877 -0.004245315 0.999701503
1753. -0.477198557 0.136974149 -0.174456369 0.002018984 0.023985045 -0.004254709 0.999701225
1754. -0.477159746 0.136939597 -0.174338025 0.001993405 0.023972891 -0.004262725 0.999701533
1755. -0.477215023 0.136951610 -0.174381874 0.001995173 0.023985508 -0.004234828 0.999701346
1756. -0.477142384 0.137030747 -0.174251867 0.002026411 0.023968461 -0.004228024 0.999701721
1757. -0.477178639 0.136989655 -0.174387770 0.002014113 0.023962026 -0.004200507 0.999702016
1758. -0.477096527 0.137009758 -0.174203092 0.002036806 0.023948524 -0.004261678 0.999702034
1759. -0.477020514 0.136863956 -0.174246611 0.001968977 0.023938037 -0.004231841 0.999702548
1760. -0.477083797 0.136914325 -0.174203531 0.001971219 0.023945925 -0.004187049 0.999702544
1761. -0.477095826 0.137006262 -0.174381785 0.001974637 0.023954498 -0.004169121 0.999702406
1762. -0.477175360 0.136894995 -0.174330073 0.001952564 0.023982879 -0.004158041 0.999701815
1763. -0.477037651 0.136960482 -0.174003648 0.001983813 0.023937007 -0.004198080 0.999702686
1764. -0.477027826 0.137033055 -0.174101781 0.002012006 0.023925535 -0.004196923 0.999702909
1765. -0.477083897 0.137031556 -0.174054068 0.002013245 0.023943463 -0.004186553 0.999702521
1766. -0.477048929 0.136926458 -0.173941211 0.001973878 0.023936486 -0.004212110 0.999702659
1767. -0.477089291 0.136936593 -0.173931997 0.001985677 0.023962603 -0.004284237 0.999701704
1768. -0.477150337 0.136971615 -0.174118496 0.002007397 0.023960548 -0.004201078 0.999702062
1769. -0.477248192 0.136971454 -0.173934724 0.001993963 0.024001984 -0.004216352 0.999701031
1770. -0.477244500 0.136986945 -0.173872544 0.002002819 0.023996122 -0.004227373 0.999701107
1771. -0.477262696 0.137034037 -0.173927470 0.002005045 0.024002417 -0.004226643 0.999700955
1772. -0.477348611 0.136930393 -0.174191944 0.001983553 0.024015762 -0.004195960 0.999700807
1773. -0.477230942 0.136899276 -0.173962857 0.001961167 0.023985056 -0.004229918 0.999701445
1774. -0.477312170 0.137073650 -0.173990759 0.002036005 0.024018450 -0.004235171 0.999700471
1775. -0.477348430 0.136857307 -0.173993003 0.001984936 0.024024394 -0.004230298 0.999700452
1776. -0.477323947 0.136879717 -0.174024019 0.002001797 0.024021270 -0.004264088 0.999700350
1777. -0.477413242 0.136807668 -0.173998686 0.001974792 0.024038657 -0.004212066 0.999700206
1778. -0.477391103 0.136980927 -0.173928381 0.002022926 0.024039216 -0.004255969 0.999699910
1779. -0.477389820 0.136932713 -0.173842597 0.002002149 0.024027779 -0.004232462 0.999700327
1780. -0.477353022 0.136929676 -0.173828884 0.001991160 0.024027051 -0.004206437 0.999700476
1781. -0.477388577 0.136788014 -0.173870221 0.001957347 0.024024763 -0.004188146 0.999700675
1782. -0.477409829 0.136775125 -0.173696881 0.001950734 0.024029327 -0.004159196 0.999700699
1783. -0.477424141 0.136778638 -0.173787499 0.001953281 0.024034304 -0.004160486 0.999700569
1784. -0.477259525 0.136523887 -0.173653697 0.001882310 0.023991617 -0.004146449 0.999701789
1785. -0.477204439 0.136513847 -0.173751978 0.001850938 0.023967577 -0.004164165 0.999702350
1786. -0.476951259 0.136612864 -0.173603527 0.001770109 0.023932741 -0.004053021 0.999703788
1787. -0.477111743 0.136795190 -0.173664675 0.001805213 0.023962198 -0.004039157 0.999703076
1788. -0.477121146 0.136826796 -0.173712077 0.001827506 0.023956997 -0.004054984 0.999703096
1789. -0.477212749 0.136825293 -0.173500976 0.001796308 0.023985676 -0.004048668 0.999702490
1790. -0.477243287 0.136826657 -0.173449415 0.001800190 0.023988279 -0.004018565 0.999702542
1791. -0.477268810 0.136863344 -0.173450605 0.001798836 0.023998531 -0.004017727 0.999702302
1792. -0.477295440 0.136886687 -0.173550282 0.001811586 0.024002259 -0.004055078 0.999702039
1793. -0.477204565 0.136757786 -0.173301033 0.001800975 0.023979890 -0.004046975 0.999702627
1794. -0.477171546 0.136739956 -0.173320202 0.001807040 0.023972529 -0.004055508 0.999702758
1795. -0.477235310 0.136700889 -0.173274307 0.001784517 0.023983914 -0.004046606 0.999702562
1796. -0.477259886 0.136659564 -0.173338812 0.001778336 0.023983830 -0.004059445 0.999702523
1797. -0.477246388 0.136458522 -0.173239069 0.001741932 0.023987269 -0.004049793 0.999702544
1798. -0.477117551 0.136446233 -0.173316239 0.001742923 0.023959948 -0.004060158 0.999703155
1799. -0.477108316 0.136406242 -0.173231068 0.001738378 0.023960659 -0.004058135 0.999703154
1800. -0.477120020 0.136432752 -0.173258869 0.001753533 0.023952265 -0.004072017 0.999703272
1801. -0.477139765 0.136372570 -0.173032748 0.001744126 0.023947430 -0.004083446 0.999703358
1802. -0.477031192 0.136350901 -0.173100916 0.001724926 0.023928467 -0.004096938 0.999703790
1803. -0.476982639 0.136669245 -0.173035145 0.001802860 0.023918082 -0.004113944 0.999703831
1804. -0.476948797 0.136449271 -0.173030800 0.001761810 0.023909857 -0.004110452 0.999704116
1805. -0.476877895 0.136454396 -0.173062827 0.001773705 0.023889082 -0.004130742 0.999704508
1806. -0.476893529 0.136403751 -0.173019655 0.001771506 0.023883538 -0.004124401 0.999704670
1807. -0.477047743 0.136361546 -0.173153615 0.001761889 0.023913094 -0.004114325 0.999704022
1808. -0.476908806 0.136445772 -0.172983476 0.001771252 0.023886545 -0.004133825 0.999704560
1809. -0.476933356 0.136442075 -0.173115590 0.001765930 0.023892527 -0.004114968 0.999704504
1810. -0.476876551 0.136385887 -0.173106781 0.001760760 0.023878754 -0.004101115 0.999704899
1811. -0.476893471 0.136368221 -0.173103716 0.001763535 0.023882524 -0.004124418 0.999704708
1812. -0.476904035 0.136408432 -0.172967152 0.001771295 0.023886458 -0.004096405 0.999704716
1813. -0.476973611 0.136379575 -0.173106062 0.001764128 0.023899476 -0.004126825 0.999704292
1814. -0.476634159 0.136402307 -0.173195045 0.001762522 0.023852020 -0.004100268 0.999705538
1815. -0.476630221 0.136473313 -0.173314898 0.001783631 0.023860338 -0.004133969 0.999705163
1816. -0.476649100 0.136387216 -0.173250685 0.001764371 0.023861633 -0.004137547 0.999705152
1817. -0.476653285 0.136249373 -0.173289272 0.001736753 0.023867558 -0.004170513 0.999704922
1818. -0.476731500 0.136343955 -0.173176682 0.001746195 0.023896655 -0.004147514 0.999704306
1819. -0.476766536 0.136279820 -0.173217842 0.001740400 0.023888502 -0.004137572 0.999704552
1820. -0.476655622 0.136496575 -0.173175621 0.001769323 0.023868739 -0.004127740 0.999705014
1821. -0.476724757 0.136571896 -0.173273764 0.001794867 0.023883793 -0.004132501 0.999704589
1822. -0.476818528 0.136620333 -0.173416215 0.001802479 0.023910535 -0.004105634 0.999704047
1823. -0.476882789 0.136467851 -0.173590739 0.001766144 0.023916183 -0.004121228 0.999703912
1824. -0.476792983 0.136501816 -0.173595245 0.001777254 0.023902439 -0.004166516 0.999704034
1825. -0.476876253 0.136545092 -0.173535862 0.001790816 0.023913019 -0.004129457 0.999703910
1826. -0.476743828 0.136750287 -0.173451181 0.001822696 0.023875936 -0.004144150 0.999704678
1827. -0.476582191 0.136587047 -0.173460796 0.001803805 0.023837604 -0.004143503 0.999705630
1828. -0.476319498 0.136540495 -0.173279515 0.001793074 0.023794991 -0.004100263 0.999706843
1829. -0.476709646 0.136502108 -0.173367014 0.001798168 0.023892928 -0.004155714 0.999704269
1830. -0.476626065 0.136556153 -0.173461720 0.001805289 0.023883062 -0.004160430 0.999704472
1831. -0.476584063 0.136590637 -0.173277489 0.001811247 0.023879371 -0.004165209 0.999704529
1832. -0.476628038 0.136505648 -0.173311758 0.001797406 0.023877973 -0.004131896 0.999704726
1833. -0.476637454 0.136573575 -0.173431447 0.001814940 0.023885829 -0.004147741 0.999704441
1834. -0.476636028 0.136564169 -0.173425568 0.001810091 0.023873712 -0.004118322 0.999704861
1835. -0.476661678 0.136517277 -0.173316209 0.001787826 0.023882602 -0.004128606 0.999704646
1836. -0.476655696 0.136503348 -0.173262338 0.001781176 0.023887546 -0.004125060 0.999704555
1837. -0.476687621 0.136523596 -0.173274613 0.001788321 0.023893447 -0.004126688 0.999704394
1838. -0.476611102 0.136545956 -0.173367325 0.001790067 0.023887751 -0.004113638 0.999704581
1839. -0.476845391 0.136516332 -0.173379437 0.001789964 0.023924604 -0.004119134 0.999703677
1840. -0.477007579 0.136429472 -0.173460713 0.001775435 0.023952390 -0.004153052 0.999702897
1841. -0.476980857 0.136426347 -0.173456973 0.001762926 0.023948855 -0.004122861 0.999703129
1842. -0.476915492 0.136443869 -0.173251929 0.001764793 0.023940737 -0.004117402 0.999703343
1843. -0.476926092 0.136449003 -0.173258981 0.001757299 0.023937878 -0.004123554 0.999703399
1844. -0.476823410 0.136499209 -0.173204734 0.001773453 0.023918700 -0.004136203 0.999703777
1845. -0.476826765 0.136425045 -0.173234879 0.001770885 0.023915376 -0.004126596 0.999703901
1846. -0.476855966 0.136412802 -0.173307807 0.001762009 0.023920594 -0.004122221 0.999703810
1847. -0.476814641 0.136289937 -0.173136763 0.001741343 0.023908327 -0.004135718 0.999704084
1848. -0.476832592 0.136457699 -0.173176548 0.001768042 0.023928456 -0.004137302 0.999703549
1849. -0.476747475 0.136372982 -0.173245841 0.001745844 0.023906997 -0.004164775 0.999703987
1850. -0.476777877 0.136504611 -0.173407349 0.001777971 0.023908531 -0.004183800 0.999703815
1851. -0.476872943 0.136451003 -0.173437516 0.001769044 0.023921192 -0.004183133 0.999703530
1852. -0.476933839 0.136435992 -0.173408931 0.001768326 0.023930365 -0.004171946 0.999703359
1853. -0.476899566 0.136491826 -0.173370603 0.001786994 0.023928807 -0.004162838 0.999703401
1854. -0.476851400 0.136429695 -0.173293675 0.001771686 0.023912836 -0.004149457 0.999703866
1855. -0.476870118 0.136498918 -0.173258344 0.001791375 0.023908491 -0.004182966 0.999703795
1856. -0.476867857 0.136531995 -0.173294235 0.001799628 0.023913209 -0.004181252 0.999703675
1857. -0.476803684 0.136539915 -0.173477136 0.001810830 0.023905274 -0.004148481 0.999703981
1858. -0.476836684 0.136554073 -0.173492121 0.001818832 0.023907338 -0.004171536 0.999703821
1859. -0.477285490 0.136620230 -0.173772407 0.001835796 0.024018755 -0.004166101 0.999701142
1860. -0.477084762 0.136810326 -0.173806560 0.001868910 0.023985138 -0.004174415 0.999701853
1861. -0.477055556 0.136823831 -0.173808259 0.001874393 0.023985030 -0.004150469 0.999701945
1862. -0.477037948 0.136854876 -0.173793036 0.001884186 0.023984650 -0.004135831 0.999701996
1863. -0.477061546 0.136806026 -0.173733803 0.001879932 0.023986252 -0.004128673 0.999701995
1864. -0.477057067 0.136832776 -0.173730930 0.001877283 0.023982611 -0.004128441 0.999702089
1865. -0.476994972 0.136810647 -0.173659106 0.001875884 0.023978769 -0.004119576 0.999702220
1866. -0.477010080 0.136805719 -0.173715238 0.001871463 0.023977555 -0.004098302 0.999702345
1867. -0.477204562 0.136867605 -0.173886512 0.001876320 0.024019463 -0.004092311 0.999701354
1868. -0.477119217 0.136915278 -0.173886700 0.001892124 0.024003212 -0.004121995 0.999701593
1869. -0.477246333 0.136903139 -0.173877528 0.001889561 0.024029292 -0.004104877 0.999701042
1870. -0.477289590 0.136751185 -0.173877433 0.001861396 0.024031701 -0.004145588 0.999700869
1871. -0.477265877 0.136805986 -0.173798387 0.001869181 0.024029153 -0.004119631 0.999701023
1872. -0.477326464 0.136739035 -0.173847148 0.001852402 0.024036917 -0.004137883 0.999700792
1873. -0.477302957 0.136653656 -0.173855323 0.001838139 0.024040208 -0.004152898 0.999700677
1874. -0.477346129 0.136722149 -0.173836921 0.001850142 0.024046629 -0.004145612 0.999700530
1875. -0.477246273 0.136688732 -0.173856555 0.001832403 0.024021946 -0.004160347 0.999701095
1876. -0.477457775 0.136576997 -0.173908931 0.001809462 0.024060227 -0.004148904 0.999700264
1877. -0.477344295 0.136706914 -0.173903198 0.001842136 0.024035384 -0.004122534 0.999700911
1878. -0.477477448 0.136509914 -0.173851735 0.001799262 0.024061396 -0.004139569 0.999700293
1879. -0.477279207 0.136681464 -0.173715947 0.001836038 0.024028361 -0.004129996 0.999701060
1880. -0.477310390 0.136634437 -0.173715341 0.001821870 0.024029556 -0.004154743 0.999700955
1881. -0.477386542 0.136641720 -0.173814056 0.001825866 0.024043028 -0.004128712 0.999700732
1882. -0.477459403 0.136646869 -0.173822857 0.001824853 0.024051810 -0.004126414 0.999700532
1883. -0.477337310 0.136572844 -0.173539029 0.001816157 0.024023974 -0.004145762 0.999701137
1884. -0.477336395 0.136686489 -0.173617506 0.001837178 0.024032848 -0.004184338 0.999700724
1885. -0.477376314 0.136741704 -0.173681086 0.001835731 0.024039652 -0.004154648 0.999700687
1886. -0.477333393 0.136552073 -0.173645797 0.001806427 0.024026156 -0.004185067 0.999700938
1887. -0.477242432 0.136592367 -0.173679419 0.001813837 0.024001066 -0.004165547 0.999701609
1888. -0.477308996 0.136877979 -0.174022414 0.001891740 0.024031909 -0.004152896 0.999700776
1889. -0.477400189 0.136858468 -0.173920279 0.001891795 0.024052443 -0.004152350 0.999700285
1890. -0.477367953 0.136979028 -0.173833682 0.001919354 0.024045491 -0.004132787 0.999700480
1891. -0.477271765 0.137023626 -0.173811157 0.001931811 0.024027190 -0.004163653 0.999700768
1892. -0.477297654 0.137036358 -0.173987831 0.001934581 0.024036366 -0.004170189 0.999700515
1893. -0.477372175 0.136968892 -0.173973212 0.001928882 0.024050060 -0.004189721 0.999700115
1894. -0.477431810 0.137028677 -0.174106808 0.001948607 0.024058228 -0.004197985 0.999699846
1895. -0.477455604 0.137025204 -0.174116125 0.001941422 0.024066924 -0.004208429 0.999699606
1896. -0.477496995 0.137104013 -0.174281049 0.001962720 0.024064898 -0.004196017 0.999699666
1897. -0.477582998 0.137049821 -0.174222247 0.001948810 0.024081635 -0.004204802 0.999699253
1898. -0.477585365 0.136957407 -0.174154598 0.001929126 0.024088498 -0.004215024 0.999699083
1899. -0.477490217 0.136996653 -0.174011228 0.001938119 0.024068867 -0.004209178 0.999699563
1900. -0.477520031 0.137018787 -0.174050629 0.001946442 0.024073599 -0.004186969 0.999699526
1901. -0.477561137 0.136898185 -0.173917931 0.001913326 0.024077716 -0.004213505 0.999699379
1902. -0.477476478 0.136920580 -0.173954603 0.001923949 0.024062792 -0.004195717 0.999699793
1903. -0.477459881 0.137004988 -0.173927293 0.001943440 0.024058089 -0.004190349 0.999699891
1904. -0.477442476 0.137072842 -0.173878911 0.001947201 0.024053742 -0.004194442 0.999699971
1905. -0.477426580 0.137007241 -0.173949129 0.001941064 0.024047418 -0.004193173 0.999700141
1906. -0.477390627 0.137049063 -0.173986396 0.001951137 0.024033958 -0.004197201 0.999700428
1907. -0.477440640 0.137038574 -0.174205542 0.001955890 0.024037935 -0.004213831 0.999700253
1908. -0.477487384 0.136969212 -0.174061207 0.001937046 0.024050795 -0.004207281 0.999700008
1909. -0.477431958 0.137056232 -0.174005823 0.001958472 0.024037896 -0.004211357 0.999700259
1910. -0.477428848 0.137173770 -0.174143931 0.001974942 0.024035151 -0.004237662 0.999700182
1911. -0.477445319 0.137094536 -0.174214226 0.001962358 0.024037433 -0.004216728 0.999700240
1912. -0.477513436 0.137097502 -0.174303398 0.001972231 0.024049955 -0.004239712 0.999699822
1913. -0.477406999 0.137035926 -0.174260178 0.001955115 0.024034080 -0.004202392 0.999700395
1914. -0.477417195 0.137022544 -0.174304861 0.001960357 0.024036690 -0.004220497 0.999700246
1915. -0.477402142 0.137091090 -0.174269447 0.001967122 0.024035338 -0.004210181 0.999700309
1916. -0.477444441 0.137132649 -0.174372939 0.001974839 0.024046502 -0.004196065 0.999700084
1917. -0.477420341 0.137125891 -0.174307618 0.001978112 0.024034473 -0.004195862 0.999700368
1918. -0.477584302 0.137099308 -0.174340611 0.001968221 0.024061796 -0.004204350 0.999699695
1919. -0.477634728 0.137095149 -0.174423710 0.001975133 0.024071561 -0.004190796 0.999699503
1920. -0.477566103 0.137131019 -0.174404841 0.001980297 0.024059826 -0.004219792 0.999699653
1921. -0.477628341 0.137106774 -0.174472198 0.001980654 0.024065967 -0.004215715 0.999699522
1922. -0.477785338 0.137205091 -0.174591870 0.002004259 0.024087567 -0.004235915 0.999698869
1923. -0.477838894 0.137187588 -0.174629050 0.002002159 0.024092225 -0.004235701 0.999698762
1924. -0.477784747 0.137171157 -0.174560790 0.001996995 0.024089102 -0.004244275 0.999698811
1925. -0.477733332 0.137167620 -0.174638901 0.001995652 0.024086935 -0.004235972 0.999698901
1926. -0.477771864 0.136803867 -0.174860832 0.001934360 0.024098122 -0.004241785 0.999698728
1927. -0.477835717 0.136809116 -0.174872745 0.001940503 0.024101202 -0.004260711 0.999698561
1928. -0.477800286 0.136728891 -0.174860333 0.001922052 0.024093697 -0.004264699 0.999698761
1929. -0.477901995 0.136763015 -0.174690042 0.001923078 0.024111685 -0.004259053 0.999698349
1930. -0.477836968 0.136735839 -0.174588707 0.001923065 0.024098851 -0.004289559 0.999698528
1931. -0.477845685 0.136728930 -0.174632993 0.001921820 0.024094836 -0.004272852 0.999698699
1932. -0.477842740 0.136720693 -0.174692116 0.001921969 0.024094864 -0.004271011 0.999698706
1933. -0.477947772 0.136761428 -0.174737799 0.001936032 0.024114339 -0.004284685 0.999698150
1934. -0.477898243 0.136773620 -0.174671158 0.001936404 0.024104225 -0.004285587 0.999698390
1935. -0.477892790 0.136743287 -0.174583365 0.001935436 0.024102611 -0.004274957 0.999698476
1936. -0.477883268 0.136710101 -0.174717123 0.001922308 0.024099492 -0.004267747 0.999698607
1937. -0.477876674 0.136760921 -0.174657876 0.001929313 0.024102683 -0.004281681 0.999698457
1938. -0.477833636 0.136675298 -0.174639609 0.001924240 0.024088761 -0.004279169 0.999698813
1939. -0.477750572 0.136739651 -0.174643049 0.001932652 0.024067395 -0.004284048 0.999699291
1940. -0.477823941 0.136749079 -0.174623233 0.001937320 0.024089566 -0.004302908 0.999698667
1941. -0.477824136 0.136757580 -0.174711456 0.001938909 0.024086570 -0.004307159 0.999698718
1942. -0.477880572 0.136683284 -0.174611661 0.001925450 0.024093757 -0.004329268 0.999698475
1943. -0.477791956 0.136692716 -0.174708042 0.001921445 0.024071533 -0.004307439 0.999699112
1944. -0.477683981 0.136863742 -0.174765729 0.001971976 0.024064528 -0.004317911 0.999699137
1945. -0.477716623 0.136692237 -0.174791803 0.001941123 0.024059113 -0.004346472 0.999699204
1946. -0.477817575 0.136708272 -0.174777985 0.001936222 0.024079310 -0.004348810 0.999698717
1947. -0.477755900 0.136735864 -0.174615625 0.001937848 0.024067130 -0.004358472 0.999698966
1948. -0.477757317 0.136730179 -0.174610787 0.001938612 0.024061568 -0.004368695 0.999699053
1949. -0.477714437 0.136784141 -0.174682156 0.001956917 0.024054021 -0.004370830 0.999699190
1950. -0.477590723 0.136771208 -0.174537807 0.001946913 0.024041248 -0.004371150 0.999699515
1951. -0.477675772 0.136768790 -0.174654402 0.001948196 0.024046970 -0.004375436 0.999699356
1952. -0.477723559 0.136787325 -0.174621914 0.001962026 0.024062609 -0.004368295 0.999698984
1953. -0.477558902 0.136835176 -0.174615900 0.001978711 0.024029519 -0.004359255 0.999699787
1954. -0.477565743 0.136788995 -0.174555836 0.001971290 0.024035215 -0.004385642 0.999699549
1955. -0.477623016 0.136772674 -0.174729105 0.001972251 0.024042797 -0.004410320 0.999699256
1956. -0.477566338 0.136774978 -0.174566502 0.001974893 0.024034544 -0.004375830 0.999699601
1957. -0.477620351 0.136711040 -0.174560482 0.001955721 0.024045639 -0.004383897 0.999699337
1958. -0.477536859 0.136725045 -0.174519008 0.001957757 0.024029582 -0.004385449 0.999699712
1959. -0.477628521 0.136677741 -0.174533563 0.001949347 0.024049677 -0.004378550 0.999699275
1960. -0.477551464 0.136745032 -0.174483444 0.001963247 0.024037768 -0.004367060 0.999699585
1961. -0.477733635 0.136703042 -0.174643233 0.001959559 0.024076654 -0.004344924 0.999698753
1962. -0.477758358 0.136691416 -0.174587045 0.001965497 0.024079800 -0.004360713 0.999698597
1963. -0.477743210 0.136831609 -0.174582706 0.001980506 0.024076175 -0.004334831 0.999698767
1964. -0.477820824 0.136604873 -0.174465233 0.001937102 0.024091604 -0.004368681 0.999698333
1965. -0.477812884 0.136663296 -0.174576836 0.001948709 0.024081755 -0.004390977 0.999698450
1966. -0.477851023 0.136631691 -0.174532700 0.001940709 0.024083166 -0.004372942 0.999698511
1967. -0.477744694 0.136631080 -0.174551997 0.001943322 0.024072670 -0.004369423 0.999698774
1968. -0.477780379 0.136602756 -0.174613937 0.001939275 0.024085187 -0.004371805 0.999698470
1969. -0.477775373 0.136626851 -0.174569982 0.001940802 0.024073566 -0.004368352 0.999698762
1970. -0.477828837 0.136610985 -0.174610479 0.001946297 0.024077053 -0.004383153 0.999698602
1971. -0.477792648 0.136567844 -0.174590770 0.001941833 0.024061311 -0.004374061 0.999699030
1972. -0.477760215 0.136527113 -0.174537417 0.001923871 0.024061694 -0.004372673 0.999699061
1973. -0.477771619 0.136493927 -0.174494295 0.001910614 0.024068514 -0.004391028 0.999698842
1974. -0.477897391 0.136521879 -0.174617656 0.001915732 0.024087869 -0.004369898 0.999698459
1975. -0.477792076 0.136585997 -0.174522762 0.001935338 0.024075473 -0.004352784 0.999698794
1976. -0.477946003 0.136482971 -0.174622618 0.001905902 0.024100059 -0.004345805 0.999698289
1977. -0.477903022 0.136501319 -0.174494390 0.001912470 0.024093238 -0.004360658 0.999698376
1978. -0.477800309 0.136601756 -0.174470042 0.001923573 0.024073496 -0.004350278 0.999698876
1979. -0.477963711 0.136460862 -0.174574645 0.001900254 0.024109570 -0.004358676 0.999698014
1980. -0.477969732 0.136375765 -0.174462634 0.001883161 0.024109864 -0.004378407 0.999697953
1981. -0.477936421 0.136408341 -0.174516206 0.001885281 0.024104330 -0.004386080 0.999698049
1982. -0.477936783 0.136445524 -0.174491816 0.001887964 0.024105636 -0.004370737 0.999698080
1983. -0.477938318 0.136420201 -0.174544769 0.001890785 0.024102340 -0.004351473 0.999698238
1984. -0.478084482 0.136439273 -0.174546120 0.001893733 0.024126782 -0.004406107 0.999697403
1985. -0.478096328 0.136402718 -0.174507007 0.001885617 0.024131275 -0.004400023 0.999697337
1986. -0.478037396 0.136483216 -0.174531964 0.001902402 0.024116942 -0.004377196 0.999697751
1987. -0.478021505 0.136311319 -0.174366701 0.001867825 0.024118679 -0.004403039 0.999697661
1988. -0.478124920 0.136309439 -0.174437066 0.001870981 0.024136472 -0.004411486 0.999697189
1989. -0.477939110 0.136359395 -0.174415416 0.001871429 0.024108837 -0.004397338 0.999697917
1990. -0.477967712 0.136404502 -0.174416964 0.001890201 0.024108622 -0.004401611 0.999697868
1991. -0.477984688 0.136363824 -0.174445707 0.001882208 0.024106041 -0.004402042 0.999697943
1992. -0.478044066 0.136204703 -0.174258454 0.001857311 0.024119934 -0.004395260 0.999697685
1993. -0.478043764 0.136129888 -0.174194142 0.001833041 0.024127768 -0.004407291 0.999697488
1994. -0.477952155 0.136186493 -0.174250699 0.001852950 0.024108868 -0.004389836 0.999697984
1995. -0.478022395 0.136159263 -0.174265045 0.001849742 0.024114488 -0.004380655 0.999697894
1996. -0.478051058 0.136182899 -0.174345318 0.001854691 0.024117427 -0.004415459 0.999697661
1997. -0.478232637 0.136112075 -0.174403109 0.001830893 0.024151895 -0.004403518 0.999696925
1998. -0.478253107 0.136114079 -0.174343213 0.001834641 0.024158871 -0.004369277 0.999696900
1999. -0.478049410 0.136188134 -0.174298905 0.001847545 0.024121236 -0.004366826 0.999697796
2000. -0.478209979 0.136172939 -0.174316978 0.001850716 0.024142698 -0.004354190 0.999697327
2001. -0.478230986 0.136250465 -0.174455067 0.001861933 0.024154364 -0.004364776 0.999696978
2002. -0.478240330 0.136213145 -0.174557074 0.001860349 0.024144589 -0.004403429 0.999697048
2003. -0.478202418 0.136197539 -0.174544618 0.001852335 0.024148947 -0.004385955 0.999697034
2004. -0.478227243 0.136223528 -0.174609090 0.001853223 0.024151858 -0.004388176 0.999696953
2005. -0.478153781 0.136182000 -0.174511050 0.001853064 0.024138060 -0.004390750 0.999697275
2006. -0.478192411 0.136173225 -0.174455357 0.001849788 0.024147673 -0.004377761 0.999697106
2007. -0.478176219 0.136314161 -0.174627784 0.001883463 0.024142698 -0.004387905 0.999697119
2008. -0.478190698 0.136259222 -0.174540545 0.001873156 0.024144698 -0.004384406 0.999697105
2009. -0.478145485 0.136218271 -0.174519687 0.001861267 0.024128143 -0.004392644 0.999697491
2010. -0.478135198 0.136271053 -0.174499687 0.001879499 0.024132859 -0.004378718 0.999697404
2011. -0.478258649 0.136205944 -0.174553641 0.001857801 0.024160900 -0.004373338 0.999696791
2012. -0.478259146 0.136279175 -0.174656090 0.001871007 0.024160696 -0.004370018 0.999696786
2013. -0.478366910 0.136170154 -0.174609480 0.001850391 0.024182719 -0.004392606 0.999696192
2014. -0.478355626 0.136168286 -0.174570312 0.001856084 0.024170041 -0.004395198 0.999696477
2015. -0.478605924 0.136118574 -0.174666894 0.001842507 0.024213266 -0.004379697 0.999695524
2016. -0.478488548 0.136140052 -0.174714715 0.001850289 0.024190664 -0.004383160 0.999696042
2017. -0.478561054 0.136109309 -0.174633136 0.001833583 0.024215021 -0.004361301 0.999695579
2018. -0.478440443 0.136189796 -0.174728806 0.001859993 0.024183803 -0.004382174 0.999696194
2019. -0.478481445 0.136146633 -0.174952185 0.001852977 0.024195857 -0.004378376 0.999695932
2020. -0.478034612 0.136435137 -0.174741591 0.001901642 0.024128559 -0.004387821 0.999697426
2021. -0.478060182 0.136541297 -0.174765651 0.001923486 0.024134442 -0.004400459 0.999697187
2022. -0.478061207 0.136422498 -0.174740528 0.001894265 0.024138820 -0.004379050 0.999697231
2023. -0.478123150 0.136481991 -0.174607765 0.001906204 0.024150231 -0.004373540 0.999696957
2024. -0.478107984 0.136472668 -0.175259211 0.001893070 0.024166388 -0.004321329 0.999696818
2025. -0.478132822 0.136459768 -0.175244520 0.001904816 0.024174313 -0.004338732 0.999696529
2026. -0.478226758 0.136477864 -0.175287334 0.001892736 0.024195134 -0.004332370 0.999696076
2027. -0.478099143 0.136442411 -0.175339035 0.001890895 0.024178281 -0.004326192 0.999696514
2028. -0.478210535 0.136485390 -0.175308919 0.001901451 0.024194612 -0.004336189 0.999696055
2029. -0.478252508 0.136438669 -0.175138673 0.001888985 0.024204220 -0.004325290 0.999695893
2030. -0.478051273 0.136367577 -0.175282451 0.001886146 0.024175687 -0.004364179 0.999696420
2031. -0.478264695 0.136499677 -0.175127555 0.001910223 0.024205653 -0.004331320 0.999695792
2032. -0.478184172 0.136364463 -0.175180152 0.001880488 0.024195670 -0.004374406 0.999695903
2033. -0.478235093 0.136434815 -0.175199692 0.001895086 0.024197095 -0.004344735 0.999695970
2034. -0.478168470 0.136452612 -0.175166049 0.001894430 0.024190219 -0.004375180 0.999696005
2035. -0.478222944 0.136456798 -0.175114124 0.001893811 0.024198001 -0.004383674 0.999695781
2036. -0.478216074 0.136455426 -0.175126415 0.001896860 0.024188936 -0.004374570 0.999696034
2037. -0.478160694 0.136429038 -0.174969926 0.001880561 0.024178111 -0.004369339 0.999696350
2038. -0.478179139 0.136440284 -0.175054306 0.001884653 0.024178979 -0.004333178 0.999696478
2039. -0.478247948 0.136366019 -0.175059896 0.001869975 0.024192415 -0.004316680 0.999696252
2040. -0.478228680 0.136425100 -0.175125889 0.001891103 0.024182403 -0.004346401 0.999696326
2041. -0.478206910 0.136415634 -0.175143583 0.001896412 0.024177414 -0.004360538 0.999696375
2042. -0.478202634 0.136479745 -0.175243716 0.001908546 0.024181803 -0.004356189 0.999696265
2043. -0.478162781 0.136332679 -0.175248303 0.001881546 0.024174746 -0.004334408 0.999696581
2044. -0.478235986 0.136376742 -0.175206549 0.001889136 0.024181612 -0.004332361 0.999696410
2045. -0.478119690 0.136305599 -0.175240887 0.001885661 0.024164840 -0.004367006 0.999696671
2046. -0.478211767 0.136340385 -0.175119855 0.001885627 0.024178576 -0.004370944 0.999696322
2047. -0.478205653 0.136398634 -0.175047701 0.001904628 0.024175447 -0.004374075 0.999696348
2048. -0.478268802 0.136373849 -0.175049612 0.001898330 0.024187479 -0.004357076 0.999696143
2049. -0.478203086 0.136408699 -0.175081496 0.001905059 0.024184567 -0.004366708 0.999696159
2050. -0.478305273 0.136382630 -0.175224345 0.001903525 0.024198948 -0.004366887 0.999695813
2051. -0.478257893 0.136291511 -0.175126699 0.001886237 0.024193625 -0.004422074 0.999695732
2052. -0.478366382 0.136232935 -0.175132904 0.001883275 0.024204973 -0.004401518 0.999695553
2053. -0.478321606 0.136305347 -0.175225558 0.001888918 0.024206798 -0.004399454 0.999695508
2054. -0.478383234 0.136357231 -0.175200499 0.001900022 0.024214661 -0.004377756 0.999695391
2055. -0.478371235 0.136235701 -0.175209115 0.001875427 0.024208360 -0.004397871 0.999695502
2056. -0.478265293 0.136269221 -0.175180862 0.001878490 0.024193661 -0.004399106 0.999695847
2057. -0.478203983 0.136293402 -0.175367479 0.001893189 0.024176899 -0.004411439 0.999696170
2058. -0.478176622 0.136305260 -0.175283924 0.001887811 0.024174025 -0.004389962 0.999696344
2059. -0.478249253 0.136307971 -0.175378728 0.001887182 0.024187583 -0.004381209 0.999696056
2060. -0.478261660 0.136263934 -0.175252048 0.001881876 0.024193051 -0.004384658 0.999695919
2061. -0.478364363 0.136395738 -0.175322982 0.001897349 0.024208395 -0.004367454 0.999695593
2062. -0.478311426 0.136387361 -0.175352142 0.001891041 0.024204694 -0.004372052 0.999695675
2063. -0.478281684 0.136341556 -0.175151937 0.001887559 0.024200610 -0.004396692 0.999695672
2064. -0.478212569 0.136247812 -0.175082866 0.001869194 0.024186331 -0.004375281 0.999696146
2065. -0.478147629 0.136315673 -0.174988660 0.001881393 0.024178435 -0.004407046 0.999696175
2066. -0.478075835 0.136158221 -0.174982806 0.001853663 0.024161302 -0.004353301 0.999696876
2067. -0.478122531 0.136115283 -0.175075187 0.001837247 0.024177579 -0.004366019 0.999696457
2068. -0.478161763 0.136163934 -0.175104032 0.001852031 0.024186636 -0.004366901 0.999696207
2069. -0.478097224 0.136218781 -0.175112996 0.001855921 0.024169489 -0.004364560 0.999696625
2070. -0.478110345 0.136287906 -0.175062547 0.001876157 0.024171749 -0.004342150 0.999696630
2071. -0.478118831 0.136263683 -0.175050602 0.001867943 0.024178345 -0.004370462 0.999696363
2072. -0.478246590 0.136244898 -0.175150346 0.001873129 0.024191489 -0.004367355 0.999696049
2073. -0.478063956 0.136285928 -0.175026043 0.001875413 0.024155374 -0.004388838 0.999696823
2074. -0.478138803 0.136305598 -0.174934905 0.001875351 0.024166968 -0.004388641 0.999696544
2075. -0.478244118 0.136141022 -0.175145751 0.001847896 0.024185227 -0.004401344 0.999696098
2076. -0.478179402 0.136073015 -0.175175989 0.001841730 0.024178106 -0.004398429 0.999696294
2077. -0.478208156 0.136086847 -0.175246894 0.001841813 0.024183244 -0.004383234 0.999696237
2078. -0.478147476 0.136153309 -0.175186854 0.001864814 0.024170662 -0.004391295 0.999696463
2079. -0.478149143 0.136266004 -0.175262409 0.001877644 0.024161399 -0.004394054 0.999696651
2080. -0.478064908 0.136164982 -0.175192475 0.001855035 0.024157397 -0.004389543 0.999696809
2081. -0.478259787 0.136218626 -0.175230631 0.001870475 0.024178822 -0.004359304 0.999696395
2082. -0.477786505 0.136153492 -0.174297899 0.001789777 0.024079369 -0.004342278 0.999699017
2083. -0.477772430 0.136154068 -0.174271877 0.001795483 0.024078234 -0.004288857 0.999699265
2084. -0.477304718 0.136316451 -0.174363118 0.001849305 0.023975544 -0.004373254 0.999701269
2085. -0.477333932 0.135910843 -0.174522297 0.001766349 0.023970809 -0.004306200 0.999701824
2086. -0.477355799 0.135907438 -0.174487396 0.001762277 0.023950435 -0.004321373 0.999702254
2087. -0.477212723 0.135816905 -0.174162085 0.001746371 0.023925323 -0.004321533 0.999702883
2088. -0.477317787 0.135808404 -0.174247828 0.001733680 0.023953217 -0.004277661 0.999702425
2089. -0.477393790 0.135864260 -0.174348620 0.001744577 0.023976999 -0.004281412 0.999701820
2090. -0.477419183 0.135894320 -0.174391316 0.001749234 0.023979841 -0.004280281 0.999701749
2091. -0.477399034 0.135879072 -0.174433488 0.001744890 0.023974478 -0.004306982 0.999701770
2092. -0.477299499 0.136111235 -0.174238925 0.001847609 0.023927505 -0.004400893 0.999702302
2093. -0.477494866 0.136094005 -0.174393715 0.001845917 0.023973806 -0.004402276 0.999701190
2094. -0.477452218 0.136040702 -0.174234364 0.001821907 0.023976049 -0.004367221 0.999701334
2095. -0.477397144 0.136091849 -0.174243944 0.001833604 0.023962799 -0.004388823 0.999701536
2096. -0.477667548 0.136148627 -0.174542826 0.001839036 0.024022693 -0.004383877 0.999700110
2097. -0.477803808 0.136110209 -0.174758004 0.001827490 0.024063122 -0.004365294 0.999699240
2098. -0.477803380 0.136162615 -0.174807385 0.001845559 0.024049017 -0.004375496 0.999699502
2099. -0.477774543 0.136051844 -0.174693408 0.001811983 0.024045434 -0.004330777 0.999699844
2100. -0.477772984 0.135982362 -0.174656773 0.001793976 0.024051653 -0.004316074 0.999699790
2101. -0.477664765 0.136141065 -0.174641673 0.001866639 0.024017304 -0.004385008 0.999700183
2102. -0.477575378 0.136129028 -0.174392381 0.001858829 0.023994503 -0.004367723 0.999700821
2103. -0.477757021 0.136159114 -0.174726621 0.001863961 0.024042697 -0.004390820 0.999699552
2104. -0.477762219 0.136116443 -0.174772087 0.001855843 0.024040444 -0.004384336 0.999699650
2105. -0.477703169 0.136119664 -0.174672814 0.001850855 0.024035285 -0.004394983 0.999699737
2106. -0.477804978 0.135987362 -0.174720831 0.001817164 0.024058122 -0.004367658 0.999699369
2107. -0.477786439 0.135988986 -0.174763889 0.001812724 0.024050276 -0.004345711 0.999699661
2108. -0.477640336 0.136010703 -0.174602315 0.001824408 0.024017022 -0.004353322 0.999700407
2109. -0.477571923 0.136077475 -0.174609818 0.001838252 0.024007782 -0.004381095 0.999700482
2110. -0.477488143 0.136100515 -0.174455848 0.001857770 0.023985587 -0.004356579 0.999701086
2111. -0.477384366 0.136024589 -0.174338134 0.001830349 0.023965805 -0.004368407 0.999701559
2112. -0.477447433 0.136070425 -0.174364701 0.001852197 0.023982485 -0.004370829 0.999701108
2113. -0.477469888 0.136022584 -0.174363966 0.001826715 0.023990311 -0.004389563 0.999700885
2114. -0.477400793 0.136055078 -0.174433197 0.001844082 0.023982706 -0.004394828 0.999701013
2115. -0.477439921 0.136042065 -0.174428978 0.001833822 0.023990464 -0.004405902 0.999700797
2116. -0.477402858 0.136009419 -0.174292163 0.001820367 0.023975438 -0.004394112 0.999701234
2117. -0.477356417 0.135968931 -0.174268086 0.001816952 0.023958194 -0.004395996 0.999701645
2118. -0.477309423 0.135903015 -0.174190706 0.001812730 0.023945981 -0.004354038 0.999702129
2119. -0.477374320 0.135890740 -0.174209132 0.001795733 0.023964679 -0.004366828 0.999701656
2120. -0.477407932 0.135983671 -0.174336295 0.001822206 0.023961641 -0.004382011 0.999701614
2121. -0.477604511 0.135989311 -0.174738771 0.001824965 0.024002942 -0.004373703 0.999700655
2122. -0.477045946 0.136083268 -0.173739587 0.001843215 0.023895713 -0.004442357 0.999702887
2123. -0.477139944 0.136009385 -0.173665247 0.001838328 0.023898107 -0.004410776 0.999702979
2124. -0.477294817 0.136061045 -0.173850753 0.001847683 0.023934663 -0.004436453 0.999701974
2125. -0.477248999 0.136160733 -0.173828388 0.001872288 0.023917191 -0.004453276 0.999702271
2126. -0.477156094 0.136179390 -0.173793127 0.001879076 0.023903691 -0.004418808 0.999702734
2127. -0.477097726 0.136123502 -0.173699124 0.001870747 0.023897270 -0.004418563 0.999702904
2128. -0.477053514 0.136109127 -0.173665680 0.001864159 0.023891222 -0.004441520 0.999702960
2129. -0.477085973 0.136050984 -0.173741110 0.001856195 0.023890718 -0.004434654 0.999703017
2130. -0.477137204 0.136107756 -0.173668546 0.001874341 0.023897087 -0.004461567 0.999702711
2131. -0.477045976 0.136172218 -0.173704535 0.001894428 0.023880521 -0.004463340 0.999703061
2132. -0.476957545 0.136091045 -0.173593601 0.001874412 0.023860300 -0.004458669 0.999703603
2133. -0.477105298 0.136071977 -0.173641140 0.001866852 0.023896463 -0.004452065 0.999702782
2134. -0.477164068 0.136072126 -0.173517731 0.001863873 0.023915167 -0.004471941 0.999702252
2135. -0.477077124 0.136098429 -0.173510047 0.001870945 0.023904122 -0.004492130 0.999702412
2136. -0.477212598 0.136040137 -0.173701109 0.001856517 0.023934599 -0.004512680 0.999701618
2137. -0.477152480 0.136070268 -0.173636282 0.001868636 0.023915816 -0.004484557 0.999702171
2138. -0.477144462 0.136099189 -0.173627232 0.001866905 0.023926886 -0.004486590 0.999701900
2139. -0.477203317 0.136075273 -0.173524571 0.001853437 0.023930176 -0.004491213 0.999701826
2140. -0.477205692 0.136221221 -0.173698213 0.001897934 0.023928482 -0.004514084 0.999701680
2141. -0.477043577 0.136056114 -0.173386413 0.001851416 0.023903210 -0.004462051 0.999702605
2142. -0.477060839 0.136066872 -0.173332493 0.001845332 0.023904636 -0.004459502 0.999702594
2143. -0.477108373 0.136101683 -0.173468126 0.001860237 0.023908767 -0.004441368 0.999702548
2144. -0.477353863 0.136186175 -0.173964912 0.001873462 0.023956542 -0.004487373 0.999701174
2145. -0.477373001 0.136147531 -0.174080766 0.001871278 0.023953182 -0.004463215 0.999701367
2146. -0.477334986 0.136137732 -0.174127869 0.001876932 0.023942934 -0.004493960 0.999701464
2147. -0.477400672 0.136137013 -0.173953187 0.001874442 0.023956523 -0.004477657 0.999701216
2148. -0.477346623 0.136037513 -0.174003285 0.001851725 0.023953972 -0.004471189 0.999701349
2149. -0.477209576 0.136095073 -0.173926430 0.001866644 0.023925170 -0.004498198 0.999701890
2150. -0.477174868 0.136194003 -0.173995725 0.001882457 0.023917542 -0.004510097 0.999701989
2151. -0.477295753 0.136186752 -0.173857573 0.001887647 0.023940016 -0.004521351 0.999701390
2152. -0.477365679 0.136236251 -0.173946038 0.001896108 0.023950134 -0.004520133 0.999701137
2153. -0.477208948 0.136165635 -0.173960377 0.001880167 0.023929162 -0.004530907 0.999701621
2154. -0.477235612 0.136205597 -0.174086726 0.001891342 0.023923094 -0.004525672 0.999701769
2155. -0.477397576 0.136195555 -0.174088174 0.001891382 0.023956312 -0.004543049 0.999700895
2156. -0.477491867 0.136194035 -0.174174607 0.001884806 0.023974644 -0.004514678 0.999700596
2157. -0.477366813 0.136189391 -0.174001192 0.001882845 0.023950530 -0.004533718 0.999701092
2158. -0.477347436 0.136174753 -0.174001234 0.001881828 0.023947397 -0.004516248 0.999701248
2159. -0.477335641 0.136169941 -0.174002320 0.001872879 0.023948037 -0.004501076 0.999701317
2160. -0.477314993 0.136234139 -0.173976614 0.001895376 0.023946093 -0.004503721 0.999701310
2161. -0.477288676 0.136178893 -0.173982762 0.001873441 0.023937374 -0.004476823 0.999701681
2162. -0.477312988 0.136196659 -0.174071009 0.001884277 0.023931718 -0.004512124 0.999701637
2163. -0.477132321 0.136273937 -0.173938858 0.001914603 0.023890375 -0.004504051 0.999702605
2164. -0.477203990 0.136278833 -0.174087854 0.001905614 0.023908846 -0.004526510 0.999702079
2165. -0.477241076 0.136241116 -0.174091458 0.001905413 0.023911437 -0.004542534 0.999701945
2166. -0.477235606 0.136277768 -0.173978268 0.001907358 0.023914227 -0.004547267 0.999701853
2167. -0.477267133 0.136289979 -0.173985416 0.001907004 0.023923601 -0.004549071 0.999701621
2168. -0.477168480 0.136346319 -0.173884994 0.001921625 0.023905073 -0.004526317 0.999702139
2169. -0.477092973 0.136305561 -0.173850824 0.001921000 0.023896026 -0.004573632 0.999702141
2170. -0.477241467 0.136246097 -0.174021264 0.001903017 0.023918694 -0.004540509 0.999701785
2171. -0.477182689 0.136206878 -0.173941447 0.001893766 0.023916412 -0.004552603 0.999701802
2172. -0.477196865 0.136243455 -0.173852719 0.001903272 0.023914765 -0.004519411 0.999701974
2173. -0.477272621 0.136331684 -0.173953957 0.001926426 0.023930396 -0.004504177 0.999701624
2174. -0.477295415 0.136247486 -0.173996591 0.001913552 0.023930205 -0.004554110 0.999701427
2175. -0.477494601 0.136115812 -0.174056485 0.001881587 0.023971362 -0.004505629 0.999700722
2176. -0.477565224 0.136200521 -0.174225079 0.001891287 0.023983136 -0.004510468 0.999700399
2177. -0.477497702 0.136034426 -0.173974335 0.001871171 0.023978856 -0.004530327 0.999700450
2178. -0.477305078 0.136078643 -0.173947613 0.001863707 0.023942961 -0.004521703 0.999701363
2179. -0.477376864 0.136090821 -0.173903912 0.001874462 0.023948340 -0.004503325 0.999701297
2180. -0.477356636 0.136122678 -0.173869362 0.001883672 0.023953995 -0.004516593 0.999701084
2181. -0.477405413 0.136011860 -0.173984486 0.001854900 0.023962344 -0.004497679 0.999701023
2182. -0.477410675 0.136042705 -0.173948552 0.001864295 0.023965291 -0.004514340 0.999700860
2183. -0.477648589 0.136017330 -0.174097236 0.001848787 0.024010490 -0.004516730 0.999699794
2184. -0.477749630 0.136034864 -0.174233382 0.001857632 0.024033451 -0.004477152 0.999699404
2185. -0.477930682 0.136020619 -0.174167940 0.001836949 0.024071989 -0.004459367 0.999698594
2186. -0.477948256 0.135956176 -0.174195211 0.001839035 0.024072757 -0.004467324 0.999698536
2187. -0.477869044 0.136010752 -0.174156998 0.001844750 0.024051588 -0.004460016 0.999699068
2188. -0.477962314 0.135946671 -0.174190962 0.001822477 0.024069596 -0.004474847 0.999698609
2189. -0.477892537 0.135909111 -0.174083132 0.001819646 0.024055503 -0.004485758 0.999698904
2190. -0.477699486 0.135970693 -0.174039550 0.001835644 0.024017353 -0.004456733 0.999699922
2191. -0.477537907 0.136028858 -0.173818314 0.001843301 0.024000154 -0.004474110 0.999700244
2192. -0.477678763 0.136027792 -0.173947427 0.001841837 0.024022223 -0.004469006 0.999699739
2193. -0.477598143 0.136024252 -0.174019878 0.001845869 0.024005072 -0.004472970 0.999700126
2194. -0.477707480 0.136043981 -0.174016774 0.001838434 0.024026648 -0.004485324 0.999699566
2195. -0.477576407 0.136017406 -0.173801375 0.001827885 0.024014201 -0.004455094 0.999700020
2196. -0.477675758 0.135974610 -0.173850799 0.001817073 0.024030911 -0.004471602 0.999699564
2197. -0.477596560 0.136040191 -0.173839527 0.001831425 0.024009482 -0.004468103 0.999700068
2198. -0.477459285 0.136222976 -0.173840636 0.001883136 0.023986033 -0.004485905 0.999700455
2199. -0.477439320 0.136155993 -0.173863063 0.001869790 0.023990004 -0.004483486 0.999700396
2200. -0.477385622 0.136090006 -0.173853722 0.001857324 0.023976123 -0.004480684 0.999700765
2201. -0.477530901 0.136187508 -0.173905413 0.001870220 0.024009506 -0.004488094 0.999699906
2202. -0.477038661 0.136202174 -0.173610077 0.001879539 0.023905193 -0.004558904 0.999702068
2203. -0.477914835 0.135941138 -0.174048032 0.001827884 0.024052027 -0.004541346 0.999698722
2204. -0.477953850 0.135949279 -0.174053278 0.001826675 0.024067885 -0.004512047 0.999698475
2205. -0.478027554 0.135873060 -0.174103726 0.001809980 0.024082748 -0.004524586 0.999698091
2206. -0.477893066 0.135981448 -0.174137142 0.001835833 0.024053441 -0.004515823 0.999698789
2207. -0.478014508 0.135867409 -0.174213542 0.001808379 0.024088270 -0.004509395 0.999698030
2208. -0.478082817 0.135913468 -0.174163186 0.001809457 0.024099075 -0.004508664 0.999697771
2209. -0.478184049 0.135861326 -0.174268912 0.001788667 0.024121614 -0.004497372 0.999697315
2210. -0.477968421 0.135960735 -0.174092276 0.001825601 0.024079663 -0.004516096 0.999698175
2211. -0.477943432 0.135874659 -0.174003917 0.001800636 0.024074574 -0.004491898 0.999698452
2212. -0.477860026 0.135961818 -0.173957473 0.001831107 0.024048212 -0.004489989 0.999699040
2213. -0.477858759 0.135995993 -0.174098674 0.001838058 0.024048277 -0.004514429 0.999698916
2214. -0.477965170 0.135919216 -0.174206446 0.001818328 0.024068426 -0.004501883 0.999698523
2215. -0.477854005 0.135925122 -0.174062045 0.001823547 0.024050347 -0.004525772 0.999698841
2216. -0.477897873 0.136018807 -0.174119377 0.001841778 0.024056938 -0.004539254 0.999698588
2217. -0.478077434 0.135866918 -0.174150353 0.001806077 0.024085533 -0.004523513 0.999698036
2218. -0.478082114 0.135836419 -0.174234674 0.001804896 0.024087898 -0.004516822 0.999698011
2219. -0.478063818 0.135825817 -0.174290853 0.001795743 0.024082558 -0.004505113 0.999698209
2220. -0.478145277 0.135738211 -0.174305692 0.001775543 0.024104319 -0.004474824 0.999697857
2221. -0.478189828 0.135741056 -0.174336902 0.001780562 0.024112205 -0.004489354 0.999697593
2222. -0.478226662 0.135761969 -0.174229066 0.001771458 0.024121155 -0.004498822 0.999697350
2223. -0.478240372 0.135786525 -0.174223265 0.001781773 0.024116394 -0.004520068 0.999697351
2224. -0.478236002 0.135834726 -0.174223947 0.001798787 0.024113227 -0.004537336 0.999697319
2225. -0.478226128 0.135713979 -0.174186785 0.001781820 0.024117468 -0.004474937 0.999697528
2226. -0.478184588 0.135773406 -0.174310795 0.001788860 0.024112522 -0.004510991 0.999697473
2227. -0.477919069 0.135803574 -0.174263238 0.001794078 0.024063893 -0.004495432 0.999698705
2228. -0.478047794 0.135851847 -0.174238060 0.001796915 0.024093526 -0.004491532 0.999698004
2229. -0.478086768 0.135833820 -0.174225671 0.001788046 0.024108726 -0.004450642 0.999697836
2230. -0.478164281 0.135761227 -0.174245552 0.001761843 0.024126957 -0.004474745 0.999697335
2231. -0.478196073 0.135742661 -0.174211511 0.001761313 0.024131951 -0.004467020 0.999697250
2232. -0.478082935 0.135680533 -0.174240883 0.001746807 0.024107705 -0.004466878 0.999697861
2233. -0.478102500 0.135826569 -0.174393439 0.001773440 0.024114370 -0.004475082 0.999697617
2234. -0.478186116 0.135799087 -0.174413237 0.001782940 0.024130492 -0.004481592 0.999697182
2235. -0.478080633 0.135765064 -0.174336425 0.001770934 0.024099955 -0.004469244 0.999697995
2236. -0.478015615 0.135864687 -0.174387549 0.001797388 0.024083698 -0.004470949 0.999698332
2237. -0.478074759 0.135775694 -0.174251594 0.001775667 0.024102475 -0.004464382 0.999697948
2238. -0.478158446 0.135759848 -0.174239659 0.001761483 0.024121310 -0.004468353 0.999697501
2239. -0.478258608 0.135685616 -0.174283919 0.001741135 0.024141083 -0.004435190 0.999697207
2240. -0.478077076 0.135828640 -0.174151419 0.001782930 0.024099402 -0.004447103 0.999698086
2241. -0.478071334 0.135786865 -0.174084827 0.001767662 0.024103075 -0.004456734 0.999697982
2242. -0.477798606 0.135815343 -0.174148017 0.001781684 0.024043854 -0.004447616 0.999699424
2243. -0.477911510 0.135726262 -0.174068220 0.001751501 0.024068879 -0.004441532 0.999698902
2244. -0.477939521 0.135702861 -0.174060491 0.001757543 0.024074114 -0.004430279 0.999698815
2245. -0.478007847 0.135657366 -0.174055806 0.001735161 0.024079326 -0.004468832 0.999698557
2246. -0.477937565 0.135652028 -0.173945001 0.001743363 0.024062829 -0.004447589 0.999699035
2247. -0.478056498 0.135555921 -0.174181579 0.001722694 0.024074299 -0.004440604 0.999698825
2248. -0.478106118 0.135515230 -0.174142401 0.001704458 0.024096887 -0.004422124 0.999698394
2249. -0.478027225 0.135625895 -0.174109099 0.001730456 0.024089207 -0.004457541 0.999698378
2250. -0.477865176 0.135690063 -0.174198799 0.001750316 0.024052780 -0.004438812 0.999699303
2251. -0.478001155 0.135776388 -0.174368015 0.001770624 0.024075554 -0.004488738 0.999698496
2252. -0.478124401 0.135758575 -0.174427082 0.001763814 0.024099081 -0.004468665 0.999698032
2253. -0.478162912 0.135756059 -0.174643462 0.001780353 0.024102999 -0.004471892 0.999697893
2254. -0.478071023 0.135638346 -0.174426719 0.001754425 0.024090512 -0.004466407 0.999698265
2255. -0.478175156 0.135664462 -0.174435050 0.001743891 0.024111269 -0.004439356 0.999697903
2256. -0.478081922 0.135554368 -0.174169650 0.001721067 0.024086110 -0.004400772 0.999698720
2257. -0.478182201 0.135552954 -0.174198862 0.001728413 0.024128030 -0.004441158 0.999697518
2258. -0.478231045 0.135594557 -0.174168620 0.001728476 0.024134265 -0.004427527 0.999697428
2259. -0.478088798 0.135693378 -0.174086969 0.001753334 0.024104607 -0.004426242 0.999698105
2260. -0.478208000 0.135594095 -0.174180456 0.001733519 0.024142194 -0.004435836 0.999697191
2261. -0.478295881 0.135629068 -0.174259111 0.001735414 0.024154463 -0.004441097 0.999696868
2262. -0.478253810 0.135542666 -0.174081141 0.001708649 0.024151449 -0.004450043 0.999696947
2263. -0.478035426 0.135593746 -0.174003766 0.001732965 0.024103944 -0.004455122 0.999698029
2264. -0.478057039 0.135720782 -0.174149061 0.001768393 0.024101146 -0.004463862 0.999697995
2265. -0.478141624 0.135772485 -0.174155332 0.001771233 0.024116998 -0.004481282 0.999697530
2266. -0.478231375 0.135698873 -0.174127631 0.001748367 0.024135163 -0.004448243 0.999697279
2267. -0.478251705 0.135695902 -0.174117065 0.001749288 0.024148077 -0.004474926 0.999696847
2268. -0.478100683 0.135784809 -0.174052932 0.001768793 0.024110593 -0.004480366 0.999697693
2269. -0.478279943 0.135744115 -0.174126207 0.001747805 0.024148019 -0.004414636 0.999697119
2270. -0.478170266 0.135757385 -0.174066600 0.001754135 0.024120969 -0.004435692 0.999697668
2271. -0.478085451 0.135775511 -0.174133503 0.001769377 0.024108718 -0.004412065 0.999698041
2272. -0.477971571 0.135772488 -0.173921375 0.001760806 0.024079926 -0.004444176 0.999698608
2273. -0.478057999 0.135786396 -0.174212821 0.001775333 0.024101025 -0.004435603 0.999698112
2274. -0.478030343 0.135826415 -0.174129719 0.001781272 0.024089707 -0.004435459 0.999698374
2275. -0.477940171 0.135787993 -0.174243224 0.001777000 0.024086816 -0.004427149 0.999698489
2276. -0.478060335 0.135831350 -0.174148932 0.001788757 0.024098060 -0.004470591 0.999698003
2277. -0.477970495 0.135745937 -0.174067449 0.001768091 0.024096813 -0.004440518 0.999698204
2278. -0.477892147 0.135755206 -0.174083397 0.001765418 0.024073528 -0.004460870 0.999698679
2279. -0.478006345 0.135774807 -0.174148138 0.001784988 0.024085934 -0.004467485 0.999698316
2280. -0.477987113 0.135757968 -0.174090370 0.001780560 0.024086990 -0.004478791 0.999698248
2281. -0.477941960 0.135634656 -0.174062853 0.001743011 0.024071652 -0.004508751 0.999698549
2282. -0.478154842 0.135541411 -0.174217740 0.001728043 0.024117316 -0.004474883 0.999697626
2283. -0.478049256 0.135644407 -0.174213967 0.001738814 0.024090486 -0.004491853 0.999698179
2284. -0.478140866 0.135573106 -0.174149724 0.001728920 0.024117464 -0.004505521 0.999697484
2285. -0.478033920 0.135609137 -0.174226340 0.001748463 0.024098807 -0.004488242 0.999697977
2286. -0.477996184 0.135692741 -0.174177462 0.001763639 0.024088548 -0.004485239 0.999698211
2287. -0.478072612 0.135644698 -0.174203283 0.001746177 0.024098441 -0.004491734 0.999697975
2288. -0.477931003 0.135711027 -0.174338048 0.001765968 0.024076057 -0.004462338 0.999698611
2289. -0.477953620 0.135759708 -0.174358965 0.001774842 0.024077217 -0.004470216 0.999698532
2290. -0.477969102 0.135817715 -0.174290838 0.001785254 0.024070586 -0.004465403 0.999698695
2291. -0.478120868 0.135662997 -0.174443385 0.001752188 0.024105513 -0.004460254 0.999697934
2292. -0.478073898 0.135750691 -0.174454121 0.001774584 0.024094075 -0.004464424 0.999698152
2293. -0.478058058 0.135759493 -0.174373464 0.001773763 0.024090533 -0.004471675 0.999698207
2294. -0.478002987 0.135723839 -0.174299726 0.001771637 0.024076825 -0.004467529 0.999698559
2295. -0.477940632 0.135777628 -0.174281560 0.001802074 0.024055935 -0.004519701 0.999698773
2296. -0.477962150 0.135752979 -0.174320979 0.001788668 0.024061238 -0.004529698 0.999698624
2297. -0.477932409 0.135784397 -0.174403709 0.001801928 0.024051090 -0.004520629 0.999698886
2298. -0.477890078 0.135778511 -0.174372690 0.001801396 0.024050561 -0.004542379 0.999698801
2299. -0.477927897 0.135725921 -0.174280382 0.001785305 0.024060875 -0.004525805 0.999698657
2300. -0.478008647 0.135795890 -0.174257397 0.001795996 0.024068521 -0.004487933 0.999698624
2301. -0.478087053 0.135780768 -0.174402284 0.001794329 0.024086407 -0.004517244 0.999698064
2302. -0.477984556 0.135719423 -0.174386506 0.001789600 0.024067962 -0.004520753 0.999698501
2303. -0.478048098 0.135730951 -0.174499198 0.001784325 0.024081473 -0.004526528 0.999698159
2304. -0.478093734 0.135793651 -0.174535811 0.001808211 0.024087940 -0.004516314 0.999698007
2305. -0.478092038 0.135788779 -0.174538059 0.001802175 0.024094773 -0.004500501 0.999697924
2306. -0.478163161 0.135726869 -0.174446439 0.001781549 0.024101931 -0.004501436 0.999697784
2307. -0.478120796 0.135724569 -0.174503705 0.001786059 0.024096233 -0.004486478 0.999697981
2308. -0.478197009 0.135659137 -0.174484692 0.001761972 0.024110430 -0.004507452 0.999697587
2309. -0.478090207 0.135742222 -0.174478416 0.001783526 0.024089943 -0.004493964 0.999698103
2310. -0.478180785 0.135748906 -0.174532379 0.001789932 0.024107265 -0.004507249 0.999697615
2311. -0.478099014 0.135753855 -0.174605552 0.001802200 0.024096805 -0.004488995 0.999697927
2312. -0.478181211 0.135707249 -0.174552632 0.001785964 0.024106729 -0.004510231 0.999697621
2313. -0.478082607 0.135615680 -0.174392674 0.001763483 0.024098531 -0.004511041 0.999697855
2314. -0.477961198 0.135676661 -0.174388940 0.001761935 0.024058930 -0.004484584 0.999698931
2315. -0.477949056 0.135729676 -0.174242474 0.001774087 0.024068488 -0.004508094 0.999698573
2316. -0.478042718 0.135689864 -0.174390377 0.001768383 0.024090093 -0.004488617 0.999698151
2317. -0.478157292 0.135689896 -0.174363024 0.001772005 0.024117366 -0.004492021 0.999697471
2318. -0.478058102 0.135777666 -0.174428780 0.001800769 0.024093000 -0.004499624 0.999697973
2319. -0.478036035 0.135784092 -0.174370523 0.001798306 0.024087634 -0.004511063 0.999698056
2320. -0.478019493 0.135918516 -0.174532174 0.001829071 0.024077807 -0.004487756 0.999698341
2321. -0.478128073 0.135819147 -0.174493891 0.001797432 0.024100084 -0.004496388 0.999697823
2322. -0.477952197 0.135766184 -0.174324956 0.001795662 0.024066229 -0.004499593 0.999698628
2323. -0.478022953 0.135867309 -0.174495543 0.001815340 0.024083837 -0.004494321 0.999698192
2324. -0.477880311 0.135936042 -0.174400924 0.001836211 0.024051684 -0.004502489 0.999698891
2325. -0.478030144 0.135905780 -0.174477528 0.001827542 0.024083123 -0.004520171 0.999698070
2326. -0.478051178 0.135854022 -0.174447481 0.001820555 0.024083999 -0.004482001 0.999698234
2327. -0.477958705 0.135718504 -0.174479385 0.001787806 0.024056048 -0.004445361 0.999699129
2328. -0.477795809 0.135813319 -0.174420664 0.001805504 0.024030944 -0.004464002 0.999699618
2329. -0.477917180 0.135732385 -0.174338971 0.001789837 0.024063145 -0.004445116 0.999698956
2330. -0.477814009 0.135753578 -0.174347698 0.001787258 0.024048408 -0.004434348 0.999699363
2331. -0.477888643 0.135800351 -0.174321531 0.001799597 0.024062263 -0.004442382 0.999698972
2332. -0.477846899 0.135871838 -0.174263967 0.001808734 0.024051715 -0.004458549 0.999699137
2333. -0.477854171 0.135784340 -0.174265429 0.001799357 0.024051495 -0.004447822 0.999699207
2334. -0.477716918 0.135910431 -0.174153014 0.001814164 0.024026741 -0.004432502 0.999699844
2335. -0.477923730 0.135862468 -0.174187457 0.001802900 0.024074189 -0.004467167 0.999698568
2336. -0.477808573 0.135988846 -0.174081184 0.001824885 0.024051195 -0.004459380 0.999699117
2337. -0.477759922 0.135998681 -0.174127268 0.001832519 0.024049410 -0.004467492 0.999699109
2338. -0.477829669 0.135980568 -0.174240525 0.001825917 0.024061646 -0.004482230 0.999698761
2339. -0.477838982 0.135840790 -0.174114859 0.001799533 0.024055278 -0.004460463 0.999699060
2340. -0.477910276 0.135883812 -0.174074325 0.001800457 0.024067213 -0.004453561 0.999698801
2341. -0.477817173 0.135875915 -0.174121041 0.001798587 0.024052900 -0.004460027 0.999699120
2342. -0.477887142 0.135943886 -0.174166128 0.001819536 0.024071616 -0.004446635 0.999698692
2343. -0.477930576 0.135907273 -0.174163477 0.001817159 0.024075343 -0.004436271 0.999698652
2344. -0.477918801 0.135882487 -0.174218182 0.001806591 0.024072900 -0.004463451 0.999698609
2345. -0.477935222 0.135862428 -0.174289430 0.001805315 0.024071774 -0.004448162 0.999698707
2346. -0.477832494 0.135953635 -0.174308517 0.001830157 0.024054539 -0.004448046 0.999699077
2347. -0.477951736 0.135917453 -0.174257961 0.001817295 0.024071178 -0.004435944 0.999698754
2348. -0.477931016 0.135953150 -0.174242622 0.001825812 0.024075332 -0.004455034 0.999698553
2349. -0.477796721 0.135870125 -0.174094890 0.001806328 0.024041337 -0.004415765 0.999699581
2350. -0.477829559 0.135865550 -0.174125381 0.001798865 0.024049687 -0.004434308 0.999699312
2351. -0.477938982 0.135907293 -0.174152121 0.001808497 0.024077473 -0.004432632 0.999698633
2352. -0.477852986 0.135882643 -0.174179704 0.001796314 0.024067807 -0.004437252 0.999698867
2353. -0.477848248 0.135821139 -0.174158716 0.001778377 0.024071551 -0.004439147 0.999698801
2354. -0.477826206 0.135785713 -0.174063635 0.001765687 0.024073645 -0.004449815 0.999698725
2355. -0.477695100 0.135909555 -0.174061825 0.001800097 0.024040069 -0.004432229 0.999699550
2356. -0.477764695 0.135798314 -0.173972684 0.001767297 0.024059710 -0.004441005 0.999699097
2357. -0.477755073 0.135856400 -0.173992346 0.001779788 0.024065104 -0.004413424 0.999699067
2358. -0.477755327 0.135778697 -0.174120710 0.001762294 0.024058333 -0.004421693 0.999699225
2359. -0.477868518 0.135778960 -0.174112804 0.001770847 0.024079895 -0.004440539 0.999698607
2360. -0.477846973 0.135786129 -0.174053760 0.001769114 0.024081057 -0.004442620 0.999698573
2361. -0.477855634 0.135846776 -0.174068432 0.001783232 0.024083757 -0.004464304 0.999698386
2362. -0.477895734 0.135734522 -0.174044715 0.001769647 0.024092786 -0.004482322 0.999698112
2363. -0.477895138 0.135844458 -0.174115308 0.001787349 0.024096014 -0.004477206 0.999698025
2364. -0.477925528 0.135777614 -0.174076900 0.001760231 0.024106720 -0.004473266 0.999697833
2365. -0.477873548 0.135820835 -0.174133940 0.001771850 0.024094282 -0.004450060 0.999698216
2366. -0.477950089 0.135816542 -0.174064938 0.001778227 0.024107523 -0.004464778 0.999697820
2367. -0.477832698 0.135861488 -0.174152625 0.001796540 0.024083489 -0.004494841 0.999698232
2368. -0.477984777 0.135836249 -0.174080845 0.001782373 0.024120671 -0.004492838 0.999697370
2369. -0.477744168 0.135776343 -0.173995041 0.001768753 0.024057600 -0.004487916 0.999698936
2370. -0.477863174 0.135878317 -0.174050922 0.001801618 0.024083251 -0.004463495 0.999698369
2371. -0.477927827 0.135886538 -0.174027402 0.001801055 0.024097238 -0.004460630 0.999698045
2372. -0.477774997 0.135907868 -0.174021104 0.001804628 0.024072333 -0.004486540 0.999698523
2373. -0.477819532 0.135866075 -0.173995132 0.001804393 0.024074651 -0.004487653 0.999698463
2374. -0.477671611 0.135924345 -0.173852699 0.001811917 0.024046671 -0.004470075 0.999699201
2375. -0.477761834 0.135762867 -0.173832551 0.001784990 0.024063305 -0.004460934 0.999698890
2376. -0.477740570 0.135754437 -0.173844302 0.001776462 0.024063408 -0.004461024 0.999698903
2377. -0.477749298 0.135701618 -0.173795499 0.001768673 0.024067859 -0.004446910 0.999698872
2378. -0.478025050 0.135853072 -0.173978661 0.001803210 0.024118150 -0.004448724 0.999697590
2379. -0.477846791 0.135706758 -0.173811543 0.001768668 0.024086438 -0.004438166 0.999698464
2380. -0.477798892 0.135736719 -0.173901381 0.001775292 0.024078475 -0.004448165 0.999698599
2381. -0.477797073 0.135732973 -0.173917529 0.001775423 0.024094405 -0.004460595 0.999698160
2382. -0.477794019 0.135756639 -0.173928529 0.001781085 0.024079749 -0.004474683 0.999698440
2383. -0.477872174 0.135736321 -0.173901966 0.001776689 0.024094414 -0.004454692 0.999698184
2384. -0.477859250 0.135775805 -0.173936289 0.001774465 0.024086677 -0.004460682 0.999698347
2385. -0.477889696 0.135719804 -0.173958285 0.001759095 0.024100815 -0.004410702 0.999698255
2386. -0.477872993 0.135763822 -0.173892823 0.001767133 0.024089212 -0.004416456 0.999698496
2387. -0.477892537 0.135782349 -0.173986043 0.001764303 0.024098212 -0.004416211 0.999698285
2388. -0.477721704 0.135725018 -0.173946825 0.001760003 0.024061808 -0.004447626 0.999699030
2389. -0.477819119 0.135738658 -0.173905310 0.001761682 0.024073498 -0.004424802 0.999698847
2390. -0.478015103 0.135655224 -0.174022700 0.001747649 0.024116402 -0.004411401 0.999697897
2391. -0.477899770 0.135677219 -0.174015515 0.001750399 0.024092775 -0.004436704 0.999698349
2392. -0.477856396 0.135773622 -0.174020772 0.001775745 0.024078297 -0.004475408 0.999698481
2393. -0.477807876 0.135742049 -0.173988127 0.001766701 0.024067168 -0.004426000 0.999698985
2394. -0.477880180 0.135785374 -0.174044530 0.001784516 0.024084872 -0.004420563 0.999698551
2395. -0.477926939 0.135699670 -0.174041730 0.001760896 0.024097228 -0.004435049 0.999698231
2396. -0.477846353 0.135678763 -0.174025740 0.001763879 0.024083359 -0.004443813 0.999698521
2397. -0.477885758 0.135746030 -0.174063558 0.001775821 0.024089722 -0.004447160 0.999698332
2398. -0.477874343 0.135769818 -0.173942317 0.001785690 0.024096664 -0.004471905 0.999698036
2399. -0.477868270 0.135768322 -0.174104011 0.001774468 0.024092854 -0.004442678 0.999698279
2400. -0.477920424 0.135726562 -0.174060221 0.001759657 0.024112237 -0.004421851 0.999697930
2401. -0.477815086 0.135752060 -0.173977310 0.001773162 0.024077629 -0.004451304 0.999698609
2402. -0.477797082 0.135759321 -0.174038909 0.001776301 0.024078242 -0.004426087 0.999698701
2403. -0.477799741 0.135742640 -0.174022599 0.001769148 0.024072508 -0.004418956 0.999698883
2404. -0.477837520 0.135817046 -0.174027417 0.001784571 0.024073781 -0.004420761 0.999698817
2405. -0.477769572 0.135774678 -0.174043606 0.001773347 0.024060015 -0.004419300 0.999699175
2406. -0.477909821 0.135705105 -0.174179720 0.001756521 0.024086322 -0.004423946 0.999698551
2407. -0.477784588 0.135736607 -0.174000509 0.001763452 0.024062980 -0.004436262 0.999699046
2408. -0.477841496 0.135610023 -0.173920225 0.001720897 0.024081977 -0.004392586 0.999698856
2409. -0.477747738 0.135686053 -0.173935159 0.001747186 0.024058743 -0.004428373 0.999699212
2410. -0.477720922 0.135658679 -0.173905617 0.001743198 0.024056140 -0.004386750 0.999699465
2411. -0.477733183 0.135766063 -0.173924833 0.001770506 0.024059447 -0.004420660 0.999699188
2412. -0.477677376 0.135708558 -0.173852497 0.001749733 0.024046322 -0.004389299 0.999699678
2413. -0.477635816 0.135708822 -0.173896270 0.001754596 0.024042737 -0.004383692 0.999699781
2414. -0.477694558 0.135731722 -0.173931529 0.001754109 0.024054072 -0.004389968 0.999699481
2415. -0.477696624 0.135682223 -0.173879664 0.001744631 0.024051421 -0.004410597 0.999699471
2416. -0.477732924 0.135597761 -0.173882757 0.001730740 0.024050711 -0.004375830 0.999699665
2417. -0.477628915 0.135685567 -0.173829672 0.001761265 0.024027567 -0.004423980 0.999699956
2418. -0.477628168 0.135721770 -0.173949862 0.001764012 0.024037107 -0.004440942 0.999699647
2419. -0.477707040 0.135752147 -0.173799888 0.001772302 0.024046436 -0.004462105 0.999699314
2420. -0.477857792 0.135735098 -0.173844381 0.001762621 0.024068900 -0.004434738 0.999698912
2421. -0.477985052 0.135548733 -0.173865216 0.001716452 0.024090615 -0.004411830 0.999698570
2422. -0.478006613 0.135491471 -0.173856884 0.001708998 0.024098905 -0.004416942 0.999698361
2423. -0.477936882 0.135596652 -0.173877977 0.001726499 0.024083489 -0.004410759 0.999698730
2424. -0.477890340 0.135487116 -0.173876731 0.001713915 0.024080602 -0.004404497 0.999698848
2425. -0.477796488 0.135550209 -0.173858364 0.001730123 0.024067531 -0.004416910 0.999699080
2426. -0.477735379 0.135609391 -0.173957508 0.001739900 0.024051137 -0.004402897 0.999699520
2427. -0.477861276 0.135643135 -0.174014274 0.001733121 0.024074277 -0.004398268 0.999698995
2428. -0.477918055 0.135614883 -0.174045799 0.001735292 0.024087336 -0.004385780 0.999698732
2429. -0.477867989 0.135587710 -0.174047284 0.001733554 0.024085608 -0.004362107 0.999698880
2430. -0.477854447 0.135532514 -0.174046918 0.001717157 0.024078862 -0.004378777 0.999698998
2431. -0.477757378 0.135544908 -0.174018114 0.001717802 0.024064380 -0.004362020 0.999699419
2432. -0.477849147 0.135590599 -0.174067384 0.001723871 0.024084900 -0.004389784 0.999698792
2433. -0.477901841 0.135525929 -0.174025306 0.001703416 0.024097061 -0.004370146 0.999698621
2434. -0.477909312 0.135498618 -0.174163435 0.001694766 0.024103617 -0.004338969 0.999698613
2435. -0.477956520 0.135476395 -0.174168453 0.001696461 0.024107000 -0.004353845 0.999698464
2436. -0.477918834 0.135572545 -0.174166937 0.001716283 0.024107325 -0.004368552 0.999698358
2437. -0.478058520 0.135446446 -0.174160195 0.001682299 0.024138348 -0.004335652 0.999697810
2438. -0.478054564 0.135483050 -0.174227879 0.001678946 0.024131639 -0.004347031 0.999697929
2439. -0.478252690 0.135407232 -0.174300632 0.001663745 0.024169986 -0.004364702 0.999696951
2440. -0.478268197 0.135363146 -0.174299779 0.001659375 0.024168200 -0.004328362 0.999697159
2441. -0.478186231 0.135433447 -0.174341172 0.001678469 0.024151506 -0.004355600 0.999697412
2442. -0.478123414 0.135397622 -0.174341895 0.001656260 0.024144284 -0.004375792 0.999697536
2443. -0.478396838 0.135291502 -0.174515282 0.001631949 0.024200545 -0.004358922 0.999696289
2444. -0.478236960 0.135343526 -0.174391171 0.001648560 0.024163639 -0.004342144 0.999697227
2445. -0.478358499 0.135343637 -0.174461305 0.001642296 0.024193975 -0.004325379 0.999696577
2446. -0.478591421 0.135279126 -0.174539657 0.001625083 0.024241694 -0.004328610 0.999695435
2447. -0.478502731 0.135311216 -0.174526890 0.001637751 0.024224355 -0.004309497 0.999695917
2448. -0.478454939 0.135355016 -0.174500683 0.001646538 0.024216702 -0.004312464 0.999696075
2449. -0.478344464 0.135418649 -0.174482521 0.001669774 0.024185429 -0.004319241 0.999696765
2450. -0.478430802 0.135412242 -0.174614440 0.001664182 0.024216589 -0.004341771 0.999695922
2451. -0.478425587 0.135442068 -0.174658549 0.001676691 0.024199718 -0.004374562 0.999696167
2452. -0.478401227 0.135401086 -0.174609323 0.001668190 0.024196714 -0.004350143 0.999696360
2453. -0.478330806 0.135477711 -0.174661760 0.001686459 0.024180195 -0.004348175 0.999696738
2454. -0.478265233 0.135380879 -0.174622735 0.001672146 0.024170371 -0.004386101 0.999696834
2455. -0.478339135 0.135391138 -0.174408110 0.001673912 0.024190128 -0.004390536 0.999696333
2456. -0.478242497 0.135307006 -0.174391307 0.001643697 0.024174272 -0.004360093 0.999696900
2457. -0.478355374 0.135193059 -0.174418460 0.001612664 0.024203052 -0.004341354 0.999696336
2458. -0.478403054 0.135169824 -0.174361147 0.001608043 0.024216048 -0.004341820 0.999696027
2459. -0.478383403 0.135245631 -0.174360019 0.001626522 0.024213336 -0.004366574 0.999695955
2460. -0.478476859 0.135660399 -0.174513447 0.001728525 0.024238114 -0.004336609 0.999695314
2461. -0.478489223 0.135549094 -0.174454532 0.001699856 0.024247373 -0.004322175 0.999695201
2462. -0.478416882 0.135565492 -0.174417853 0.001703911 0.024234852 -0.004305468 0.999695569
2463. -0.477766742 0.135832265 -0.173676659 0.001750626 0.024086768 -0.004363026 0.999698818
2464. -0.478010018 0.136203313 -0.173664156 0.001849835 0.024168971 -0.004259701 0.999697101
2465. -0.477926725 0.136422921 -0.173394132 0.001900607 0.024135605 -0.004286663 0.999697697
2466. -0.478902119 0.136533831 -0.172921710 0.001921272 0.024282501 -0.004192859 0.999694498
2467. -0.479003351 0.136100371 -0.173058849 0.001819593 0.024304285 -0.004177071 0.999694225
2468. -0.477583269 0.136791076 -0.173213100 0.001934214 0.024007830 -0.004106151 0.999701467
2469. -0.477513444 0.136764701 -0.173210581 0.001929933 0.024002920 -0.004094281 0.999701642
2470. -0.477950069 0.136513112 -0.173127351 0.001839181 0.024139441 -0.004133569 0.999698364
2471. -0.478012102 0.136394784 -0.173258848 0.001810188 0.024149288 -0.004113818 0.999698260
2472. -0.477903245 0.136430977 -0.173260635 0.001820923 0.024135225 -0.004112191 0.999698587
2473. -0.477920344 0.136465954 -0.173208642 0.001832526 0.024124448 -0.004097333 0.999698887
2474. -0.477986368 0.136468092 -0.173245634 0.001827352 0.024147490 -0.004118556 0.999698253
2475. -0.477905829 0.136431642 -0.173282264 0.001818604 0.024132782 -0.004098024 0.999698708
2476. -0.477936930 0.136497356 -0.173192666 0.001840026 0.024121328 -0.004112042 0.999698888
2477. -0.477915723 0.136486233 -0.173133021 0.001834004 0.024113857 -0.004114589 0.999699069
2478. -0.478021777 0.136495819 -0.173271919 0.001853193 0.024137767 -0.004136606 0.999698366
2479. -0.478054416 0.136402132 -0.173298236 0.001821920 0.024149107 -0.004096660 0.999698314
2480. -0.478015279 0.136481707 -0.173158051 0.001844013 0.024122936 -0.004118002 0.999698817
2481. -0.477893868 0.136463602 -0.173199181 0.001839594 0.024115158 -0.004137156 0.999698934
2482. -0.478061792 0.136453637 -0.173115903 0.001841346 0.024141987 -0.004136277 0.999698287
2483. -0.478083942 0.136528369 -0.173202118 0.001853460 0.024152450 -0.004124557 0.999698060
2484. -0.477881411 0.136458605 -0.173167119 0.001839348 0.024107189 -0.004098342 0.999699287
2485. -0.477938826 0.136460032 -0.173227258 0.001839190 0.024114369 -0.004105884 0.999699083
2486. -0.477987123 0.136491307 -0.173339742 0.001838594 0.024128355 -0.004092695 0.999698801
2487. -0.478097963 0.136542993 -0.173375581 0.001849026 0.024146693 -0.004073907 0.999698415
2488. -0.478078395 0.136413705 -0.173461206 0.001827103 0.024137676 -0.004080386 0.999698647
2489. -0.478095810 0.136514464 -0.173370328 0.001834057 0.024145525 -0.004079599 0.999698448
2490. -0.477940383 0.136544135 -0.173265298 0.001844128 0.024107977 -0.004067643 0.999699384
2491. -0.477890114 0.136429537 -0.173456394 0.001819200 0.024109702 -0.004060187 0.999699419
2492. -0.477873065 0.136293646 -0.173515123 0.001792250 0.024114117 -0.004068386 0.999699328
2493. -0.477857078 0.136476135 -0.173335734 0.001828932 0.024091513 -0.004080021 0.999699759
2494. -0.478062579 0.136470793 -0.173500471 0.001829481 0.024129104 -0.004086789 0.999698823
2495. -0.477907994 0.136410959 -0.173436110 0.001824752 0.024087155 -0.004063715 0.999699938
2496. -0.477971050 0.136302047 -0.173530901 0.001790245 0.024105446 -0.004062687 0.999699563
2497. -0.478064091 0.136286218 -0.173285872 0.001775653 0.024136859 -0.004092513 0.999698710
2498. -0.477969065 0.136250936 -0.173255305 0.001762789 0.024112808 -0.004088803 0.999699328
2499. -0.477881313 0.136240206 -0.173299486 0.001771970 0.024090612 -0.004093966 0.999699826
2500. -0.477847598 0.136145163 -0.173305582 0.001746539 0.024085444 -0.004104376 0.999699953
2501. -0.478076695 0.136344647 -0.173627831 0.001817452 0.024134749 -0.004154691 0.999698429
2502. -0.478188374 0.136339560 -0.173516730 0.001814774 0.024147780 -0.004178921 0.999698018
2503. -0.478143989 0.136453163 -0.173529161 0.001842470 0.024138160 -0.004163711 0.999698263
2504. -0.478197395 0.136255786 -0.173461264 0.001787317 0.024151180 -0.004148416 0.999698113
2505. -0.478082809 0.136322276 -0.173387202 0.001803541 0.024119026 -0.004179560 0.999698730
2506. -0.477939848 0.136384484 -0.173308985 0.001812509 0.024089976 -0.004178641 0.999699418
2507. -0.478042972 0.136346935 -0.173373638 0.001810142 0.024103629 -0.004195099 0.999699024
2508. -0.478242404 0.136240920 -0.173571047 0.001783108 0.024153766 -0.004164333 0.999697992
2509. -0.478106815 0.136397192 -0.173487344 0.001813603 0.024121937 -0.004191567 0.999698591
2510. -0.478249661 0.136343670 -0.173451179 0.001792343 0.024148594 -0.004188371 0.999698000
2511. -0.478101017 0.136385147 -0.173795979 0.001815768 0.024140232 -0.004203420 0.999698096
2512. -0.478158395 0.136362742 -0.173801854 0.001803913 0.024153792 -0.004189709 0.999697848
2513. -0.478296293 0.136411605 -0.173776967 0.001816604 0.024185450 -0.004183726 0.999697084
2514. -0.478090834 0.136284001 -0.173716154 0.001779071 0.024125112 -0.004171050 0.999698663
2515. -0.478236034 0.136414643 -0.173697569 0.001815693 0.024165342 -0.004191041 0.999697542
2516. -0.478192184 0.136402032 -0.173667901 0.001811474 0.024153192 -0.004208363 0.999697770
2517. -0.478102655 0.136426758 -0.173734015 0.001820547 0.024132212 -0.004203640 0.999698280
2518. -0.478150558 0.136505686 -0.173729484 0.001828861 0.024143015 -0.004203209 0.999698006
2519. -0.478139595 0.136652525 -0.173694141 0.001876189 0.024138254 -0.004239605 0.999697880
2520. -0.478173207 0.136508865 -0.173721899 0.001842368 0.024146411 -0.004217084 0.999697841
2521. -0.478080487 0.136688556 -0.173654772 0.001892669 0.024124234 -0.004215036 0.999698291
2522. -0.478208431 0.136666953 -0.173699346 0.001894116 0.024141272 -0.004250984 0.999697725
2523. -0.478218379 0.136729480 -0.173726668 0.001892547 0.024144825 -0.004206813 0.999697829
2524. -0.478288287 0.136621437 -0.173626831 0.001864242 0.024159740 -0.004197357 0.999697561
2525. -0.478029724 0.136744837 -0.173566500 0.001893166 0.024108169 -0.004194023 0.999698766
2526. -0.477960958 0.136830062 -0.173618630 0.001907340 0.024092511 -0.004210582 0.999699047
2527. -0.478173735 0.136743112 -0.173638591 0.001883151 0.024135457 -0.004181031 0.999698181
2528. -0.478341614 0.136624868 -0.173576107 0.001854848 0.024167549 -0.004212456 0.999697326
2529. -0.478185238 0.136548172 -0.173710600 0.001855791 0.024139627 -0.004211084 0.999698005
2530. -0.478375429 0.136356848 -0.173752165 0.001800954 0.024187482 -0.004219654 0.999696912
2531. -0.478256809 0.136437307 -0.173771849 0.001825008 0.024160929 -0.004222401 0.999697499
2532. -0.478178417 0.136289200 -0.173637719 0.001787910 0.024137608 -0.004223883 0.999698123
2533. -0.478035540 0.136275892 -0.173622398 0.001787188 0.024096058 -0.004234610 0.999699082
2534. -0.478263238 0.136271576 -0.173659162 0.001789353 0.024145373 -0.004202620 0.999698023
2535. -0.478005962 0.136274032 -0.173686015 0.001787756 0.024116228 -0.004220922 0.999698652
2536. -0.478130687 0.136356514 -0.173518008 0.001807480 0.024120109 -0.004239544 0.999698444
2537. -0.478119058 0.136329979 -0.173591375 0.001805540 0.024117049 -0.004236688 0.999698534
2538. -0.478014839 0.136214102 -0.173492987 0.001787313 0.024089837 -0.004235929 0.999699226
2539. -0.478120403 0.136236570 -0.173681727 0.001787925 0.024124937 -0.004215908 0.999698463
2540. -0.478246003 0.136274470 -0.173585120 0.001797186 0.024146209 -0.004218932 0.999697920
2541. -0.478055683 0.136303586 -0.173500924 0.001804604 0.024100303 -0.004210563 0.999699050
2542. -0.477917981 0.136275398 -0.173684451 0.001802760 0.024083175 -0.004224260 0.999699408
2543. -0.478034957 0.136205873 -0.173435615 0.001776031 0.024099458 -0.004198652 0.999699171
2544. -0.478032876 0.136217504 -0.173434488 0.001772488 0.024099412 -0.004189266 0.999699218
2545. -0.478044764 0.136185854 -0.173379485 0.001753328 0.024111166 -0.004179275 0.999699010
2546. -0.477945648 0.136201995 -0.173451931 0.001762890 0.024090944 -0.004196918 0.999699407
2547. -0.478088551 0.136189249 -0.173533649 0.001762908 0.024117813 -0.004207149 0.999698716
2548. -0.478185660 0.136139862 -0.173587460 0.001743047 0.024137384 -0.004200670 0.999698306
2549. -0.478068177 0.136176803 -0.173679871 0.001763498 0.024115117 -0.004197855 0.999698819
2550. -0.478144435 0.136197014 -0.173681482 0.001769169 0.024129269 -0.004201382 0.999698453
2551. -0.478157576 0.136209121 -0.173727128 0.001771531 0.024140077 -0.004179596 0.999698279
2552. -0.478197870 0.136277451 -0.173863053 0.001779742 0.024156117 -0.004181722 0.999697868
2553. -0.478291224 0.136333127 -0.173745149 0.001786495 0.024170556 -0.004195704 0.999697449
2554. -0.478184542 0.136260737 -0.173660666 0.001767684 0.024147032 -0.004170058 0.999698158
2555. -0.478155346 0.136382281 -0.173666078 0.001803701 0.024142645 -0.004189319 0.999698119
2556. -0.478102664 0.136374491 -0.173496735 0.001790533 0.024131395 -0.004214421 0.999698309
2557. -0.478074609 0.136290652 -0.173649959 0.001765105 0.024138922 -0.004180267 0.999698316
2558. -0.478213233 0.136265758 -0.173665943 0.001766742 0.024157665 -0.004191675 0.999697812
2559. -0.478131064 0.136425446 -0.173738767 0.001804349 0.024146426 -0.004182086 0.999698057
2560. -0.478069441 0.136338327 -0.173619019 0.001787265 0.024132196 -0.004197929 0.999698365
2561. -0.478078551 0.136305550 -0.173924418 0.001780812 0.024147400 -0.004167745 0.999698135
2562. -0.478136259 0.136395406 -0.173807039 0.001804583 0.024146272 -0.004217947 0.999697909
2563. -0.478112740 0.136398652 -0.173718175 0.001802268 0.024137439 -0.004212165 0.999698151
2564. -0.478288732 0.136307837 -0.173979807 0.001783674 0.024175442 -0.004194178 0.999697342
2565. -0.478130728 0.136385457 -0.173898019 0.001802578 0.024130364 -0.004192951 0.999698402
2566. -0.478144530 0.136381303 -0.173830078 0.001793671 0.024138517 -0.004145057 0.999698421
2567. -0.478155138 0.136293305 -0.173783540 0.001766822 0.024140732 -0.004169357 0.999698314
2568. -0.478092410 0.136294944 -0.173639671 0.001773749 0.024116436 -0.004177476 0.999698855
2569. -0.478034667 0.136303915 -0.173799035 0.001770228 0.024123965 -0.004179513 0.999698671
2570. -0.478151466 0.136417789 -0.173741823 0.001797538 0.024136489 -0.004173198 0.999698346
2571. -0.478197738 0.136410785 -0.173773699 0.001798121 0.024141253 -0.004168825 0.999698248
2572. -0.478167573 0.136455225 -0.173757663 0.001807381 0.024131486 -0.004166363 0.999698478
2573. -0.478229401 0.136485993 -0.173801466 0.001813938 0.024146574 -0.004170009 0.999698086
2574. -0.478083724 0.136481675 -0.173805611 0.001810009 0.024117541 -0.004136776 0.999698932
2575. -0.478072197 0.136466152 -0.173708484 0.001809057 0.024107415 -0.004138163 0.999699172
2576. -0.478173896 0.136463390 -0.173769339 0.001814084 0.024123218 -0.004154863 0.999698713
2577. -0.478259374 0.136487573 -0.173813195 0.001815306 0.024141817 -0.004157640 0.999698250
2578. -0.478089247 0.136554700 -0.173896050 0.001820617 0.024127688 -0.004150958 0.999698609
2579. -0.478113592 0.136416460 -0.173851791 0.001790379 0.024137433 -0.004131274 0.999698510
2580. -0.478198412 0.136458430 -0.173785514 0.001802773 0.024140698 -0.004170281 0.999698247
2581. -0.478222365 0.136471581 -0.173731592 0.001808509 0.024144632 -0.004158883 0.999698189
2582. -0.478278002 0.136469958 -0.173746078 0.001810307 0.024153231 -0.004145088 0.999698036
2583. -0.478260706 0.136382457 -0.173900621 0.001790488 0.024155687 -0.004128711 0.999698080
2584. -0.478247575 0.136333980 -0.173993016 0.001781868 0.024155087 -0.004128134 0.999698112
2585. -0.478123399 0.136380821 -0.174180144 0.001799659 0.024142748 -0.004132366 0.999698361
2586. -0.478213801 0.136399102 -0.173975472 0.001805031 0.024147082 -0.004186995 0.999698019
2587. -0.478743711 0.135863198 -0.174066719 0.001675968 0.024261427 -0.004154402 0.999695611
2588. -0.478528221 0.135963463 -0.174105698 0.001688730 0.024215671 -0.004127774 0.999696810
2589. -0.478542017 0.136035014 -0.174185857 0.001713711 0.024232152 -0.004119885 0.999696400
2590. -0.478534747 0.135912748 -0.174248783 0.001684793 0.024236057 -0.004130286 0.999696312
2591. -0.478792103 0.136057207 -0.174056039 0.001709815 0.024269719 -0.004156222 0.999695345
2592. -0.478710074 0.136178335 -0.174241383 0.001739977 0.024267913 -0.004150438 0.999695361
2593. -0.478845262 0.136093130 -0.174261036 0.001732857 0.024293434 -0.004161027 0.999694709
2594. -0.478516272 0.136145108 -0.174304162 0.001746483 0.024222146 -0.004143886 0.999696487
2595. -0.478426416 0.136143826 -0.174200607 0.001749526 0.024205673 -0.004182162 0.999696721
2596. -0.478713956 0.136076131 -0.174270279 0.001732032 0.024266311 -0.004159739 0.999695375
2597. -0.478497183 0.136054033 -0.174275654 0.001730694 0.024226708 -0.004165593 0.999696313
2598. -0.478485337 0.136001812 -0.174199386 0.001702539 0.024221167 -0.004183993 0.999696419
2599. -0.478527345 0.135956167 -0.174077227 0.001695856 0.024220599 -0.004182119 0.999696452
2600. -0.478553429 0.136164464 -0.174203558 0.001736506 0.024234464 -0.004157604 0.999696149
2601. -0.478628539 0.136262459 -0.174242707 0.001755601 0.024257172 -0.004181191 0.999695466
2602. -0.478665019 0.136247409 -0.174339973 0.001753804 0.024273925 -0.004159012 0.999695155
2603. -0.478480301 0.136170854 -0.174233256 0.001740618 0.024223295 -0.004173216 0.999696347
2604. -0.478628027 0.136202913 -0.174273097 0.001744579 0.024243850 -0.004157743 0.999695906
2605. -0.478558992 0.136409074 -0.174150065 0.001792588 0.024227581 -0.004175905 0.999696140
2606. -0.478564901 0.136487124 -0.174249956 0.001809766 0.024242775 -0.004157224 0.999695819
2607. -0.478525789 0.136354253 -0.174311319 0.001778550 0.024224420 -0.004157557 0.999696318
2608. -0.478493037 0.136373299 -0.174187911 0.001775978 0.024219064 -0.004180349 0.999696358
2609. -0.478233522 0.136426292 -0.174251910 0.001794032 0.024165740 -0.004176412 0.999697632
2610. -0.478114414 0.136350089 -0.174213930 0.001770206 0.024120593 -0.004154149 0.999698858
2611. -0.478191789 0.136178958 -0.174147768 0.001731774 0.024151522 -0.004149805 0.999698196
2612. -0.478313599 0.136331828 -0.174223449 0.001756396 0.024174232 -0.004138554 0.999697651
2613. -0.478253710 0.136181502 -0.174129535 0.001735755 0.024166653 -0.004171935 0.999697732
2614. -0.478201764 0.136290835 -0.174244023 0.001757864 0.024162682 -0.004165886 0.999697814
2615. -0.478387117 0.136193124 -0.174344846 0.001733721 0.024208332 -0.004148649 0.999696824
2616. -0.478186593 0.136284493 -0.174218242 0.001750896 0.024163665 -0.004168179 0.999697793
2617. -0.477920176 0.136240705 -0.174184252 0.001737399 0.024111740 -0.004166683 0.999699077
2618. -0.478022186 0.136187771 -0.174185847 0.001734865 0.024143053 -0.004152516 0.999698384
2619. -0.478191631 0.136026190 -0.174152311 0.001694398 0.024166407 -0.004152470 0.999697890
2620. -0.478431825 0.136042935 -0.174268861 0.001683549 0.024222864 -0.004152759 0.999696541
2621. -0.478343100 0.136080627 -0.174349214 0.001692195 0.024199679 -0.004119498 0.999697225
2622. -0.477999980 0.136065046 -0.174268933 0.001701799 0.024136180 -0.004135127 0.999698679
2623. -0.478172500 0.136168742 -0.174230369 0.001733859 0.024167223 -0.004121169 0.999697932
2624. -0.478172046 0.136164469 -0.174223616 0.001728680 0.024150852 -0.004118932 0.999698346
2625. -0.478278388 0.136026521 -0.174343627 0.001700460 0.024179759 -0.004111962 0.999697724
2626. -0.478433163 0.136180958 -0.174184970 0.001726250 0.024197830 -0.004114806 0.999697231
2627. -0.478585514 0.136014303 -0.174330689 0.001678431 0.024240592 -0.004117504 0.999696265
2628. -0.478339374 0.136081977 -0.174216390 0.001692796 0.024164759 -0.004088372 0.999698196
2629. -0.478670287 0.135928265 -0.174255792 0.001641278 0.024249455 -0.004036845 0.999696441
2630. -0.478256981 0.136282414 -0.174200466 0.001745964 0.024135990 -0.004090908 0.999698790
2631. -0.478521182 0.136641519 -0.174328453 0.001831731 0.024197634 -0.004152665 0.999696891
2632. -0.478309087 0.136517853 -0.174129508 0.001812232 0.024160593 -0.004151816 0.999697826
2633. -0.478270137 0.136483992 -0.174145442 0.001807739 0.024151855 -0.004144600 0.999698076
2634. -0.478201388 0.136426698 -0.174248638 0.001786123 0.024147990 -0.004138404 0.999698233
2635. -0.478380720 0.136428308 -0.174152230 0.001786844 0.024188717 -0.004130472 0.999697280
2636. -0.478512236 0.136327268 -0.174283305 0.001760574 0.024210310 -0.004132087 0.999696798
2637. -0.478437882 0.136342375 -0.174220259 0.001759083 0.024194460 -0.004130965 0.999697189
2638. -0.478505365 0.136379863 -0.174232847 0.001772303 0.024205619 -0.004156157 0.999696791
2639. -0.478650331 0.136264721 -0.174395061 0.001747225 0.024230852 -0.004166373 0.999696181
2640. -0.478836372 0.136325733 -0.174251866 0.001752055 0.024261382 -0.004185965 0.999695350
2641. -0.478690555 0.136389888 -0.174437220 0.001768395 0.024233302 -0.004145035 0.999696173
2642. -0.478707837 0.136398169 -0.174326396 0.001766498 0.024245110 -0.004122943 0.999695982
2643. -0.478652775 0.136176133 -0.174328440 0.001713204 0.024231969 -0.004134507 0.999696345
2644. -0.478800772 0.136267161 -0.174415579 0.001734415 0.024263649 -0.004158874 0.999695439
2645. -0.478540239 0.136315853 -0.174352342 0.001753475 0.024208034 -0.004169304 0.999696711
2646. -0.478570912 0.136345107 -0.174513694 0.001757746 0.024211133 -0.004162259 0.999696657
2647. -0.478671520 0.136126053 -0.174406550 0.001710916 0.024228294 -0.004164963 0.999696312
2648. -0.478751060 0.136205699 -0.174503095 0.001733758 0.024249943 -0.004168412 0.999695733
2649. -0.478534269 0.136165608 -0.174384513 0.001720361 0.024201323 -0.004155929 0.999696986
2650. -0.478606214 0.136187736 -0.174457057 0.001724477 0.024221586 -0.004157106 0.999696484
2651. -0.478676767 0.136183229 -0.174512246 0.001720205 0.024238756 -0.004156068 0.999696079
2652. -0.478657416 0.136361636 -0.174342206 0.001765430 0.024228046 -0.004157121 0.999696256
2653. -0.478500077 0.136241567 -0.174345975 0.001737275 0.024193857 -0.004167646 0.999697089
2654. -0.478637074 0.136256639 -0.174402986 0.001741749 0.024230594 -0.004180702 0.999696137
2655. -0.478368209 0.136151871 -0.174390208 0.001719924 0.024181840 -0.004167956 0.999697409
2656. -0.478560046 0.136158936 -0.174473977 0.001726436 0.024215299 -0.004154045 0.999696645
2657. -0.478366702 0.136233846 -0.174337595 0.001747873 0.024174800 -0.004186538 0.999697453
2658. -0.478465283 0.136175159 -0.174177049 0.001717703 0.024190149 -0.004179482 0.999697163
2659. -0.478583992 0.136311829 -0.174286175 0.001751354 0.024211951 -0.004203903 0.999696475
2660. -0.478615536 0.136328767 -0.174360083 0.001757692 0.024226285 -0.004184086 0.999696199
2661. -0.478623098 0.136273046 -0.174509981 0.001749944 0.024226284 -0.004154192 0.999696338
2662. -0.478720941 0.136233347 -0.174445939 0.001742994 0.024238474 -0.004179767 0.999695948
2663. -0.478725888 0.136300144 -0.174493198 0.001751437 0.024248116 -0.004177235 0.999695710
2664. -0.478523536 0.136271894 -0.174303115 0.001743924 0.024207078 -0.004149294 0.999696834
2665. -0.478571247 0.136159933 -0.174506152 0.001708708 0.024222210 -0.004138200 0.999696574
2666. -0.478382436 0.136283711 -0.174213740 0.001739300 0.024169688 -0.004148968 0.999697748
2667. -0.478627390 0.136248333 -0.174338654 0.001734865 0.024215321 -0.004137854 0.999696697
2668. -0.478371569 0.136285288 -0.174227900 0.001738043 0.024168005 -0.004132797 0.999697858
2669. -0.478611295 0.136235065 -0.174200278 0.001729842 0.024200442 -0.004148565 0.999697022
2670. -0.478743623 0.136407417 -0.174283223 0.001772749 0.024231344 -0.004158550 0.999696157
2671. -0.478725141 0.136435941 -0.174525174 0.001780121 0.024243411 -0.004134103 0.999695952
2672. -0.478770435 0.136493429 -0.174292853 0.001779090 0.024235056 -0.004117592 0.999696225
2673. -0.478629912 0.136419445 -0.174174165 0.001765429 0.024208049 -0.004151381 0.999696764
2674. -0.478740245 0.136449626 -0.174344462 0.001769074 0.024235771 -0.004186161 0.999695941
2675. -0.478419996 0.136549888 -0.174441820 0.001790266 0.024174578 -0.004182194 0.999697401
2676. -0.478316121 0.136740575 -0.174294677 0.001839190 0.024159908 -0.004179868 0.999697677
2677. -0.478378564 0.136719025 -0.174429462 0.001838014 0.024184801 -0.004182444 0.999697066
2678. -0.478432404 0.136752644 -0.174248180 0.001843762 0.024190516 -0.004207367 0.999696813
2679. -0.478438998 0.136698678 -0.174424235 0.001824641 0.024198935 -0.004202069 0.999696666
2680. -0.478527059 0.136557283 -0.174498644 0.001796849 0.024221549 -0.004190843 0.999696216
2681. -0.478686881 0.136565422 -0.174607465 0.001794328 0.024257630 -0.004203351 0.999695293
2682. -0.478736296 0.136311134 -0.174737466 0.001742595 0.024274838 -0.004183037 0.999695052
2683. -0.478752704 0.136444808 -0.174759687 0.001765186 0.024282000 -0.004154460 0.999694958
2684. -0.478770197 0.136415782 -0.174720527 0.001767548 0.024284825 -0.004183902 0.999694762
2685. -0.478811619 0.136364965 -0.174689241 0.001749934 0.024298615 -0.004177638 0.999694485
2686. -0.478718123 0.136332580 -0.174657696 0.001748009 0.024271908 -0.004183541 0.999695112
2687. -0.478631806 0.136368311 -0.174486288 0.001755061 0.024237782 -0.004185201 0.999695921
2688. -0.478587351 0.136324596 -0.174342756 0.001750942 0.024225453 -0.004195196 0.999696185
2689. -0.478650847 0.136289028 -0.174400797 0.001744081 0.024249446 -0.004188429 0.999695643
2690. -0.478528145 0.136375120 -0.174459531 0.001752577 0.024230645 -0.004177549 0.999696130
2691. -0.478465330 0.136347835 -0.174564137 0.001746425 0.024226050 -0.004208202 0.999696124
2692. -0.478462788 0.136429529 -0.174314926 0.001768894 0.024213966 -0.004240429 0.999696241
2693. -0.478761581 0.136376400 -0.174388447 0.001758505 0.024269199 -0.004235542 0.999694940
2694. -0.478794584 0.136444558 -0.174355135 0.001770470 0.024276405 -0.004256454 0.999694655
2695. -0.478750703 0.136436208 -0.174204348 0.001766574 0.024271618 -0.004261721 0.999694756
2696. -0.478356952 0.136503214 -0.174297722 0.001779095 0.024202465 -0.004218243 0.999696595
2697. -0.478335874 0.136497793 -0.174229688 0.001771577 0.024188781 -0.004212725 0.999696963
2698. -0.478375491 0.136552542 -0.174110254 0.001776545 0.024191546 -0.004221309 0.999696851
2699. -0.478159233 0.136545119 -0.174109173 0.001778871 0.024145957 -0.004225042 0.999697933
2700. -0.478242193 0.136477337 -0.174208624 0.001761698 0.024169546 -0.004191537 0.999697534
2701. -0.478395327 0.136397895 -0.174264067 0.001739817 0.024199144 -0.004193968 0.999696847
2702. -0.478531241 0.136493193 -0.174273565 0.001766313 0.024216629 -0.004213666 0.999696294
2703. -0.478500094 0.136702826 -0.174304467 0.001819983 0.024200685 -0.004218574 0.999696563
2704. -0.478467388 0.136651483 -0.174281327 0.001809909 0.024197056 -0.004219275 0.999696666
2705. -0.478328930 0.136705351 -0.174335366 0.001820925 0.024171010 -0.004229188 0.999697234
2706. -0.478562054 0.136435638 -0.174321979 0.001748853 0.024218503 -0.004196577 0.999696351
2707. -0.478477504 0.136811301 -0.174381268 0.001835711 0.024196868 -0.004206465 0.999696678
2708. -0.478439856 0.136839362 -0.174441604 0.001849614 0.024180921 -0.004237829 0.999696905
2709. -0.478432239 0.136815896 -0.174393270 0.001845672 0.024188262 -0.004212571 0.999696842
2710. -0.478738397 0.136844624 -0.174520186 0.001837566 0.024257611 -0.004212086 0.999695179
2711. -0.478526622 0.136761479 -0.174540471 0.001817728 0.024218586 -0.004187096 0.999696266
2712. -0.478480933 0.136749875 -0.174546235 0.001808252 0.024215326 -0.004163985 0.999696459
2713. -0.478377714 0.136800423 -0.174474134 0.001824053 0.024199843 -0.004190828 0.999696693
2714. -0.478451850 0.136810444 -0.174380920 0.001828732 0.024195138 -0.004197040 0.999696772
2715. -0.478472478 0.136751905 -0.174459113 0.001814206 0.024202176 -0.004179485 0.999696702
2716. -0.478563062 0.136665010 -0.174528086 0.001791990 0.024220607 -0.004170633 0.999696332
2717. -0.478429633 0.136798693 -0.174431724 0.001819126 0.024195359 -0.004159119 0.999696943
2718. -0.478529111 0.136859777 -0.174320791 0.001830551 0.024212717 -0.004179368 0.999696417
2719. -0.478429090 0.136874444 -0.174281726 0.001835860 0.024194716 -0.004183946 0.999696824
2720. -0.478504133 0.136915248 -0.174317713 0.001845149 0.024204479 -0.004169968 0.999696629
2721. -0.478438601 0.136754139 -0.174222523 0.001800553 0.024178883 -0.004184902 0.999697267
2722. -0.478506656 0.136707830 -0.174310952 0.001800016 0.024198447 -0.004193731 0.999696758
2723. -0.478308923 0.136815512 -0.174290874 0.001825186 0.024160518 -0.004182696 0.999697676
2724. -0.478188172 0.136812317 -0.174250442 0.001819331 0.024130683 -0.004193516 0.999698362
2725. -0.478112621 0.136655894 -0.174256453 0.001789549 0.024118707 -0.004179551 0.999698763
2726. -0.478299298 0.136795929 -0.174334368 0.001817378 0.024164894 -0.004184687 0.999697576
2727. -0.478273995 0.136667253 -0.174199438 0.001789030 0.024147197 -0.004181093 0.999698070
2728. -0.478232561 0.136611701 -0.174237448 0.001772683 0.024135801 -0.004154915 0.999698483
2729. -0.478247650 0.136557089 -0.174212947 0.001762266 0.024129846 -0.004140376 0.999698706
2730. -0.478349626 0.136576444 -0.174224225 0.001764661 0.024151379 -0.004191632 0.999697968
2731. -0.478151836 0.136699328 -0.174156183 0.001800217 0.024108807 -0.004164372 0.999699046
2732. -0.478065755 0.136603042 -0.174127730 0.001786187 0.024091697 -0.004164580 0.999699483
2733. -0.478276563 0.136749092 -0.174130714 0.001809782 0.024133505 -0.004188813 0.999698331
2734. -0.478270055 0.136534512 -0.174282937 0.001761764 0.024134744 -0.004165526 0.999698484
2735. -0.478155855 0.136702720 -0.174166082 0.001804328 0.024103843 -0.004155147 0.999699197
2736. -0.478111778 0.136707117 -0.174033435 0.001800360 0.024092326 -0.004170173 0.999699419
2737. -0.478204580 0.136535907 -0.174120425 0.001760804 0.024111180 -0.004171604 0.999699029
2738. -0.478189462 0.136598628 -0.174090240 0.001773159 0.024110421 -0.004189147 0.999698952
2739. -0.478086426 0.136606606 -0.174172576 0.001777671 0.024099099 -0.004176478 0.999699270
2740. -0.478175557 0.136636687 -0.174211518 0.001785637 0.024116215 -0.004168180 0.999698878
2741. -0.478031124 0.136589270 -0.174109842 0.001773476 0.024080803 -0.004186522 0.999699676
2742. -0.478137681 0.136471089 -0.174072041 0.001748859 0.024103255 -0.004176632 0.999699220
2743. -0.478283904 0.136656068 -0.174029565 0.001785082 0.024119123 -0.004190567 0.999698715
2744. -0.478056893 0.136632654 -0.174113466 0.001789401 0.024087717 -0.004187662 0.999699477
2745. -0.478065994 0.136657981 -0.174095009 0.001801311 0.024077188 -0.004178210 0.999699748
2746. -0.478210285 0.136620165 -0.174263919 0.001791293 0.024107265 -0.004182244 0.999699025
2747. -0.478318014 0.136661807 -0.174304965 0.001794378 0.024128944 -0.004168694 0.999698553
2748. -0.478234903 0.136485739 -0.174254418 0.001762932 0.024111450 -0.004175225 0.999699003
2749. -0.478247922 0.136409198 -0.174336797 0.001739803 0.024113399 -0.004156851 0.999699074
2750. -0.478036978 0.136542252 -0.174245258 0.001765690 0.024083978 -0.004187061 0.999699611
2751. -0.478181685 0.136553020 -0.174131150 0.001765811 0.024109950 -0.004202611 0.999698920
2752. -0.478264212 0.136383863 -0.174223874 0.001735361 0.024110939 -0.004162283 0.999699118
2753. -0.478249970 0.136426894 -0.174233748 0.001748296 0.024117553 -0.004170306 0.999698902
2754. -0.478208795 0.136297997 -0.174248541 0.001717255 0.024109387 -0.004177526 0.999699123
2755. -0.478204614 0.136267295 -0.174256165 0.001711087 0.024099649 -0.004182694 0.999699347
2756. -0.478260519 0.136412537 -0.174413363 0.001732047 0.024123566 -0.004178151 0.999698753
2757. -0.478284856 0.136572532 -0.174360444 0.001781794 0.024121964 -0.004196477 0.999698627
2758. -0.478380266 0.136550752 -0.174267401 0.001772865 0.024129348 -0.004219400 0.999698369
2759. -0.478197750 0.136599884 -0.174369344 0.001786749 0.024103759 -0.004172959 0.999699156
2760. -0.477991544 0.136562881 -0.174407259 0.001776545 0.024062344 -0.004161261 0.999700221
2761. -0.478123102 0.136496259 -0.174455381 0.001755157 0.024090535 -0.004146518 0.999699641
2762. -0.477996824 0.136537847 -0.174413289 0.001769640 0.024068064 -0.004158874 0.999700105
2763. -0.478205658 0.136737669 -0.174494576 0.001816975 0.024115990 -0.004158154 0.999698868
2764. -0.478263119 0.136682242 -0.174388735 0.001803894 0.024118054 -0.004160986 0.999698830
2765. -0.478217253 0.136516241 -0.174516267 0.001755282 0.024120953 -0.004129711 0.999698977
2766. -0.478483426 0.136550987 -0.174493611 0.001768770 0.024174352 -0.004159025 0.999697542
2767. -0.478222058 0.136485258 -0.174534628 0.001746133 0.024135068 -0.004137646 0.999698619
2768. -0.478257587 0.136588676 -0.174686976 0.001775627 0.024147445 -0.004139576 0.999698260
2769. -0.478429903 0.136619749 -0.174498424 0.001788451 0.024161228 -0.004151501 0.999697855
2770. -0.478219347 0.136421121 -0.174532253 0.001736107 0.024133012 -0.004144276 0.999698659
2771. -0.478218326 0.136607031 -0.174469736 0.001783313 0.024128890 -0.004120228 0.999698775
2772. -0.478178882 0.136584700 -0.174448764 0.001773047 0.024117772 -0.004130125 0.999699020
2773. -0.477969569 0.136524755 -0.174364047 0.001749131 0.024072155 -0.004127197 0.999700174
2774. -0.477996546 0.136544801 -0.174388396 0.001758695 0.024067849 -0.004117023 0.999700303
2775. -0.478277098 0.136596272 -0.174359762 0.001776036 0.024113790 -0.004170027 0.999698946
2776. -0.478444571 0.136589928 -0.174306849 0.001767690 0.024159985 -0.004142730 0.999697958
2777. -0.478132703 0.136609445 -0.174291473 0.001768799 0.024098663 -0.004134185 0.999699472
2778. -0.478157450 0.136564964 -0.174375395 0.001765022 0.024110957 -0.004150064 0.999699116
2779. -0.478253217 0.136610095 -0.174225251 0.001781516 0.024117093 -0.004145690 0.999698957
2780. -0.478231365 0.136311115 -0.174318676 0.001701782 0.024121586 -0.004134647 0.999699034
2781. -0.478287602 0.136542621 -0.174374237 0.001761811 0.024125771 -0.004171320 0.999698676
2782. -0.477968823 0.136701746 -0.174244164 0.001797790 0.024057446 -0.004138595 0.999700395
2783. -0.478127391 0.136773298 -0.174313419 0.001827149 0.024094389 -0.004157543 0.999699373
2784. -0.478196157 0.136728527 -0.174371513 0.001815575 0.024107083 -0.004174201 0.999699019
2785. -0.478365042 0.136668516 -0.174433444 0.001780780 0.024144714 -0.004132303 0.999698347
2786. -0.478243307 0.136641844 -0.174446888 0.001782560 0.024117618 -0.004147741 0.999698934
2787. -0.478224646 0.136778272 -0.174488732 0.001811173 0.024127895 -0.004141875 0.999698659
2788. -0.478115725 0.136715212 -0.174422546 0.001797377 0.024097551 -0.004154636 0.999699363
2789. -0.478307072 0.136860173 -0.174476593 0.001829290 0.024128450 -0.004166242 0.999698512
2790. -0.478294038 0.136669609 -0.174567527 0.001793854 0.024125986 -0.004150351 0.999698701
2791. -0.478082585 0.136643704 -0.174508281 0.001778719 0.024100433 -0.004147020 0.999699359
2792. -0.477923153 0.136827318 -0.174578658 0.001823173 0.024053843 -0.004157820 0.999700356
2793. -0.478081720 0.136710033 -0.174493914 0.001781233 0.024090110 -0.004156429 0.999699564
2794. -0.478031072 0.136875231 -0.174461955 0.001830403 0.024080879 -0.004197089 0.999699528
2795. -0.478073857 0.136654603 -0.174486621 0.001777209 0.024086563 -0.004184084 0.999699541
2796. -0.478182265 0.136702987 -0.174518528 0.001789801 0.024107020 -0.004199742 0.999698960
2797. -0.478282523 0.136677405 -0.174517686 0.001782647 0.024135429 -0.004173032 0.999698399
2798. -0.478246198 0.136734048 -0.174438672 0.001794111 0.024119614 -0.004189580 0.999698691
2799. -0.478208968 0.136687516 -0.174418032 0.001780542 0.024116123 -0.004200754 0.999698753
2800. -0.478321510 0.136954018 -0.174386887 0.001834184 0.024120535 -0.004179219 0.999698639
2801. -0.478281428 0.136623294 -0.174372864 0.001756496 0.024112561 -0.004170095 0.999699009
2802. -0.478494745 0.136900625 -0.174310861 0.001827238 0.024146869 -0.004219305 0.999697848
2803. -0.478344948 0.136826937 -0.174434385 0.001812058 0.024127634 -0.004189078 0.999698467
2804. -0.478393184 0.136837595 -0.174412765 0.001810275 0.024129964 -0.004181663 0.999698445
2805. -0.478485006 0.137152117 -0.174415046 0.001887606 0.024148934 -0.004203393 0.999697753
2806. -0.478423015 0.137147790 -0.174436527 0.001889753 0.024138585 -0.004212546 0.999697960
2807. -0.478519125 0.137162743 -0.174607145 0.001894244 0.024155618 -0.004223454 0.999697494
2808. -0.478171264 0.137128896 -0.174508162 0.001893919 0.024085506 -0.004276098 0.999698963
2809. -0.478353176 0.137185353 -0.174665807 0.001913758 0.024112429 -0.004234876 0.999698452
2810. -0.478383223 0.137279627 -0.174679559 0.001927738 0.024122045 -0.004237426 0.999698182
2811. -0.478277060 0.137178098 -0.174683237 0.001921136 0.024097431 -0.004233554 0.999698805
2812. -0.478326028 0.137149340 -0.174726461 0.001918004 0.024108008 -0.004242713 0.999698517
2813. -0.478208844 0.137261812 -0.174752091 0.001941519 0.024091701 -0.004257410 0.999698802
2814. -0.478243602 0.137352370 -0.174821514 0.001957662 0.024098938 -0.004246615 0.999698642
2815. -0.478396340 0.137333635 -0.174865659 0.001952129 0.024133835 -0.004243635 0.999697824
2816. -0.478535317 0.137315879 -0.174982202 0.001950576 0.024153353 -0.004221624 0.999697449
2817. -0.478487472 0.137210979 -0.174867728 0.001926785 0.024140450 -0.004219375 0.999697816
2818. -0.478407200 0.137237897 -0.174978277 0.001934347 0.024129929 -0.004246452 0.999697941
2819. -0.478179248 0.137054712 -0.174791166 0.001881816 0.024093616 -0.004234396 0.999698968
2820. -0.478441132 0.137016474 -0.174885237 0.001872894 0.024146283 -0.004260955 0.999697601
2821. -0.478522798 0.137239440 -0.175033887 0.001923687 0.024160785 -0.004268787 0.999697121
2822. -0.478421463 0.137116754 -0.174882511 0.001894897 0.024137615 -0.004264913 0.999697752
2823. -0.478426116 0.137157773 -0.174995183 0.001910442 0.024135570 -0.004268998 0.999697754
2824. -0.478198287 0.137261346 -0.174837935 0.001935363 0.024078789 -0.004291513 0.999698979
2825. -0.478167996 0.137370963 -0.174869808 0.001959043 0.024073099 -0.004288415 0.999699084
2826. -0.478160921 0.137353892 -0.174862757 0.001940336 0.024088018 -0.004262389 0.999698872
2827. -0.478281364 0.137125591 -0.174864937 0.001885249 0.024104258 -0.004228018 0.999698732
2828. -0.478402923 0.137192716 -0.174881674 0.001900570 0.024138114 -0.004275691 0.999697683
2829. -0.478420051 0.137211892 -0.174861754 0.001895509 0.024144447 -0.004265900 0.999697582
2830. -0.478293753 0.137253225 -0.174833494 0.001903785 0.024110909 -0.004212074 0.999698604
2831. -0.478574688 0.137223898 -0.174823401 0.001883978 0.024181465 -0.004205373 0.999696965
2832. -0.478419140 0.137237634 -0.174709310 0.001886943 0.024148413 -0.004208720 0.999697744
2833. -0.478568606 0.137117586 -0.174663048 0.001874930 0.024168197 -0.004213847 0.999697267
2834. -0.478447755 0.137079064 -0.174714739 0.001853773 0.024156449 -0.004190393 0.999697689
2835. -0.478332755 0.137077524 -0.174696493 0.001851188 0.024131401 -0.004207989 0.999698225
2836. -0.478526784 0.137003527 -0.174832548 0.001826388 0.024176495 -0.004182223 0.999697289
2837. -0.478470339 0.137048652 -0.174793652 0.001848094 0.024167760 -0.004207475 0.999697355
2838. -0.478418434 0.137097085 -0.174858673 0.001851111 0.024159314 -0.004213689 0.999697527
2839. -0.478260018 0.137081121 -0.174784536 0.001862138 0.024118352 -0.004212641 0.999698500
2840. -0.478255835 0.137037044 -0.174810015 0.001845179 0.024116199 -0.004201700 0.999698630
2841. -0.478222996 0.137120894 -0.174664025 0.001860194 0.024111216 -0.004190706 0.999698768
2842. -0.478262110 0.137151623 -0.174725880 0.001858694 0.024120963 -0.004185648 0.999698557
2843. -0.478235681 0.137010294 -0.174609698 0.001838760 0.024104989 -0.004198020 0.999698927
2844. -0.478054582 0.137197156 -0.174497787 0.001871477 0.024077560 -0.004155822 0.999699704
2845. -0.477886846 0.137080214 -0.174490237 0.001846491 0.024044133 -0.004138852 0.999700625
2846. -0.478004615 0.136991599 -0.174556966 0.001819456 0.024071582 -0.004159084 0.999699930
2847. -0.478156739 0.136866682 -0.174539471 0.001783435 0.024108218 -0.004154582 0.999699131
2848. -0.478190100 0.136824136 -0.174625694 0.001780646 0.024116442 -0.004160174 0.999698914
2849. -0.478248542 0.136891681 -0.174554501 0.001788611 0.024128663 -0.004150903 0.999698644
2850. -0.478036978 0.136944408 -0.174567560 0.001817687 0.024092705 -0.004175634 0.999699356
2851. -0.478140387 0.136935512 -0.174558218 0.001808060 0.024110304 -0.004147342 0.999699067
2852. -0.478075997 0.136935316 -0.174548664 0.001802075 0.024096428 -0.004177081 0.999699288
2853. -0.478148326 0.137041476 -0.174579257 0.001831481 0.024111037 -0.004165636 0.999698930
2854. -0.478162898 0.136907838 -0.174627783 0.001801563 0.024123767 -0.004187721 0.999698585
2855. -0.478039777 0.137081551 -0.174539358 0.001838361 0.024091976 -0.004164324 0.999699383
2856. -0.478048864 0.137058388 -0.174612516 0.001828977 0.024096991 -0.004137797 0.999699389
2857. -0.478075947 0.137025218 -0.174538027 0.001826138 0.024097653 -0.004150922 0.999699324
2858. -0.478243401 0.137128173 -0.174644341 0.001846577 0.024124389 -0.004138214 0.999698694
2859. -0.478059153 0.137024509 -0.174545302 0.001821432 0.024094789 -0.004178095 0.999699288
2860. -0.478300479 0.136871900 -0.174506086 0.001791030 0.024138702 -0.004191910 0.999698226
2861. -0.478325972 0.136865785 -0.174597343 0.001792597 0.024150182 -0.004209877 0.999697870
2862. -0.478421420 0.136901287 -0.174602898 0.001808700 0.024177156 -0.004215255 0.999697167
2863. -0.478226683 0.136940020 -0.174631072 0.001813253 0.024129611 -0.004193041 0.999698401
2864. -0.478258998 0.136898223 -0.174645058 0.001798938 0.024134015 -0.004199364 0.999698294
2865. -0.478208431 0.136968861 -0.174470921 0.001819950 0.024126744 -0.004200117 0.999698428
2866. -0.478173731 0.137112072 -0.174426416 0.001854969 0.024116278 -0.004213338 0.999698561
2867. -0.478024965 0.136955953 -0.174500792 0.001811017 0.024101232 -0.004168387 0.999699192
2868. -0.478308948 0.136970182 -0.174536466 0.001814625 0.024153497 -0.004193636 0.999697819
2869. -0.478238542 0.136951571 -0.174660365 0.001819333 0.024148958 -0.004203599 0.999697878
2870. -0.478168337 0.136890489 -0.174570020 0.001798142 0.024136893 -0.004188772 0.999698270
2871. -0.478102215 0.136880962 -0.174615098 0.001786757 0.024115435 -0.004167947 0.999698895
2872. -0.478096424 0.136948798 -0.174690584 0.001800049 0.024111744 -0.004140354 0.999699075
2873. -0.478081443 0.136973352 -0.174592130 0.001816913 0.024102382 -0.004168592 0.999699153
2874. -0.477992484 0.137120020 -0.174532719 0.001858218 0.024079439 -0.004186476 0.999699555
2875. -0.477714532 0.136937574 -0.174567033 0.001806644 0.024016581 -0.004153807 0.999701298
2876. -0.477985704 0.136782580 -0.174531845 0.001772248 0.024077721 -0.004177855 0.999699789
2877. -0.478107854 0.136974738 -0.174685040 0.001818030 0.024099511 -0.004199150 0.999699092
2878. -0.477968265 0.136845033 -0.174526445 0.001787362 0.024071630 -0.004184243 0.999699882
2879. -0.478116897 0.137006320 -0.174693333 0.001822220 0.024086356 -0.004199075 0.999699402
2880. -0.478066030 0.137145240 -0.174491859 0.001854307 0.024075973 -0.004205721 0.999699565
2881. -0.478038533 0.136977141 -0.174469337 0.001805433 0.024069684 -0.004190007 0.999699872
2882. -0.478197208 0.136969311 -0.174486473 0.001805522 0.024100372 -0.004200605 0.999699088
2883. -0.478258594 0.136835337 -0.174552860 0.001774292 0.024119333 -0.004190934 0.999698727
2884. -0.478537828 0.136867666 -0.174516424 0.001772591 0.024167914 -0.004197311 0.999697530
2885. -0.478678005 0.136923368 -0.174554794 0.001794089 0.024204185 -0.004189177 0.999696649
2886. -0.478500540 0.137013868 -0.174688576 0.001816627 0.024175749 -0.004181756 0.999697327
2887. -0.478500549 0.136976458 -0.174742456 0.001805718 0.024180374 -0.004168726 0.999697289
2888. -0.478587653 0.136932086 -0.174710367 0.001785296 0.024194534 -0.004157360 0.999697031
2889. -0.478849368 0.136970803 -0.174957244 0.001795159 0.024254840 -0.004147086 0.999695595
2890. -0.478756109 0.136755503 -0.174801201 0.001738948 0.024224150 -0.004125743 0.999696526
2891. -0.478783207 0.136735360 -0.174847683 0.001726574 0.024242523 -0.004135023 0.999696064
2892. -0.478693079 0.136897888 -0.174701882 0.001766729 0.024212752 -0.004133746 0.999696721
2893. -0.478675678 0.136919477 -0.174724123 0.001777714 0.024203103 -0.004142196 0.999696900
2894. -0.478592226 0.136833286 -0.174646438 0.001758317 0.024189754 -0.004128745 0.999697313
2895. -0.478705991 0.136785787 -0.174738990 0.001749045 0.024209432 -0.004144754 0.999696787
2896. -0.478656893 0.136820909 -0.174805375 0.001748942 0.024201265 -0.004130095 0.999697045
2897. -0.478587816 0.136865351 -0.174884911 0.001770025 0.024184151 -0.004147638 0.999697350
2898. -0.478527090 0.136813887 -0.174817991 0.001753345 0.024175071 -0.004132761 0.999697660
2899. -0.478507463 0.136810893 -0.174770061 0.001748415 0.024165433 -0.004116314 0.999697970
2900. -0.478554025 0.136850671 -0.174723801 0.001760996 0.024173381 -0.004161942 0.999697567
2901. -0.478498544 0.136924280 -0.174743423 0.001767370 0.024171359 -0.004123832 0.999697762
2902. -0.478327121 0.136879864 -0.174727164 0.001762034 0.024123009 -0.004109657 0.999698998
2903. -0.478628718 0.136409780 -0.175513511 0.001714668 0.024250255 -0.004235111 0.999695478
2904. -0.478587839 0.136366208 -0.175580172 0.001713786 0.024242679 -0.004214932 0.999695749
2905. -0.478474550 0.136396627 -0.175446082 0.001715890 0.024221390 -0.004183781 0.999696392
2906. -0.478547119 0.136319860 -0.175483027 0.001687816 0.024235205 -0.004167818 0.999696172
2907. -0.478143218 0.136369082 -0.175383180 0.001693941 0.024127275 -0.004135321 0.999698907
2908. -0.478120378 0.136383739 -0.175295285 0.001701359 0.024130058 -0.004166159 0.999698699
2909. -0.478223034 0.136439133 -0.175312958 0.001708641 0.024147512 -0.004141326 0.999698368
2910. -0.478304621 0.136352040 -0.175261426 0.001693715 0.024164635 -0.004167027 0.999697873
2911. -0.478196710 0.136441107 -0.175212412 0.001721014 0.024147786 -0.004206580 0.999698068
2912. -0.478284781 0.136454248 -0.175379885 0.001723965 0.024149673 -0.004169449 0.999698173
2913. -0.478262137 0.136331507 -0.175409531 0.001695574 0.024153166 -0.004177747 0.999698102
2914. -0.478308250 0.136275923 -0.175364759 0.001677241 0.024162029 -0.004179090 0.999697914
2915. -0.478345698 0.136349458 -0.175433763 0.001697494 0.024163220 -0.004189418 0.999697807
2916. -0.478326011 0.136291388 -0.175373902 0.001681047 0.024169610 -0.004208792 0.999697599
2917. -0.478244096 0.136379807 -0.175293148 0.001687840 0.024142463 -0.004174546 0.999698387
2918. -0.478413556 0.136301931 -0.175286012 0.001670822 0.024186115 -0.004175678 0.999697356
2919. -0.478185722 0.136322842 -0.175193394 0.001687789 0.024139379 -0.004165807 0.999698498
2920. -0.478272333 0.136345523 -0.175253232 0.001686795 0.024150895 -0.004207343 0.999698048
2921. -0.478326457 0.136271929 -0.175236592 0.001672836 0.024165923 -0.004181148 0.999697818
2922. -0.478159200 0.136394609 -0.175149018 0.001696539 0.024123286 -0.004203552 0.999698714
2923. -0.478261013 0.136283902 -0.175290933 0.001673025 0.024138337 -0.004169857 0.999698532
2924. -0.478181285 0.136470881 -0.175122098 0.001715777 0.024131142 -0.004203309 0.999698493
2925. -0.478398757 0.136339015 -0.175281005 0.001681059 0.024169826 -0.004186610 0.999697687
2926. -0.478152167 0.136468476 -0.175257772 0.001707529 0.024133031 -0.004180221 0.999698558
2927. -0.478215021 0.136397341 -0.175242897 0.001686215 0.024144630 -0.004174091 0.999698340
2928. -0.478111127 0.136530864 -0.175158373 0.001721399 0.024114876 -0.004165917 0.999699032
2929. -0.478171685 0.136489284 -0.175290299 0.001710251 0.024133263 -0.004148508 0.999698680
2930. -0.478306503 0.136383102 -0.175352491 0.001686700 0.024150919 -0.004140645 0.999698326
2931. -0.477871697 0.136457459 -0.175307068 0.001701671 0.024086053 -0.004168198 0.999699751
2932. -0.478090601 0.136485184 -0.175514167 0.001707806 0.024139328 -0.004150842 0.999698528
2933. -0.478058379 0.136607963 -0.175414517 0.001725211 0.024129424 -0.004134868 0.999698803
2934. -0.478141921 0.136636291 -0.175701301 0.001737804 0.024161664 -0.004159217 0.999697902
2935. -0.478110219 0.136428448 -0.175525447 0.001676710 0.024152902 -0.004135677 0.999698316
2936. -0.478027287 0.136388935 -0.175528245 0.001673314 0.024142901 -0.004146633 0.999698517
2937. -0.477901148 0.136755232 -0.175563196 0.001766607 0.024107512 -0.004169613 0.999699115
2938. -0.477862800 0.136771858 -0.175546480 0.001782766 0.024097045 -0.004207217 0.999699182
2939. -0.477863311 0.136803474 -0.175521384 0.001776676 0.024093180 -0.004189968 0.999699358
2940. -0.477657528 0.136817956 -0.175567759 0.001784328 0.024052863 -0.004198540 0.999700279
2941. -0.477982811 0.136816923 -0.175528800 0.001782436 0.024125299 -0.004218066 0.999698455
2942. -0.477973785 0.136857962 -0.175498723 0.001786449 0.024105621 -0.004204971 0.999698978
2943. -0.477890934 0.136858516 -0.175361323 0.001780461 0.024096028 -0.004199524 0.999699242
2944. -0.477885617 0.136819335 -0.175386277 0.001775703 0.024096296 -0.004172425 0.999699358
2945. -0.478057017 0.136764520 -0.175468952 0.001763270 0.024135961 -0.004203704 0.999698292
2946. -0.478156158 0.136790158 -0.175382049 0.001770381 0.024152711 -0.004197429 0.999697901
2947. -0.477956971 0.136840357 -0.175289454 0.001783448 0.024105420 -0.004212955 0.999698954
2948. -0.478039255 0.136837134 -0.175242102 0.001786464 0.024123854 -0.004206140 0.999698533
2949. -0.478072024 0.136906979 -0.175206184 0.001802288 0.024141979 -0.004235790 0.999697942
2950. -0.477854326 0.136730426 -0.175118718 0.001756698 0.024091163 -0.004179282 0.999699487
2951. -0.477902686 0.136937214 -0.175244500 0.001813145 0.024100387 -0.004248261 0.999698873
2952. -0.478007039 0.136805661 -0.175292515 0.001778792 0.024110391 -0.004200076 0.999698897
2953. -0.477983592 0.136967848 -0.175319795 0.001819565 0.024114911 -0.004223997 0.999698614
2954. -0.477861226 0.136826276 -0.175208256 0.001778474 0.024074003 -0.004204771 0.999699755
2955. -0.477943502 0.136952406 -0.175078576 0.001811103 0.024095425 -0.004261140 0.999698941
2956. -0.477903568 0.136679323 -0.174985043 0.001730461 0.024083396 -0.004204533 0.999699614
2957. -0.477980438 0.136721428 -0.175040767 0.001742983 0.024104934 -0.004235770 0.999698941
2958. -0.477975500 0.136717953 -0.175067798 0.001735927 0.024102498 -0.004244190 0.999698976
2959. -0.477926736 0.136800003 -0.175019240 0.001760704 0.024095795 -0.004253256 0.999699056
2960. -0.477918517 0.136771221 -0.174890634 0.001746313 0.024090527 -0.004236952 0.999699277
2961. -0.477774924 0.136631665 -0.174903498 0.001721554 0.024056512 -0.004217502 0.999700222
2962. -0.477847115 0.136564031 -0.174877839 0.001701632 0.024078895 -0.004195291 0.999699810
2963. -0.477780464 0.136531669 -0.174930430 0.001691832 0.024058894 -0.004192071 0.999700322
2964. -0.477841260 0.136564910 -0.174869664 0.001699170 0.024077178 -0.004187027 0.999699891
2965. -0.477904581 0.136655401 -0.174917794 0.001729111 0.024078866 -0.004180547 0.999699826
2966. -0.478037498 0.136681065 -0.174947410 0.001731832 0.024108870 -0.004212035 0.999698966
2967. -0.478017087 0.136767616 -0.174882792 0.001747209 0.024104703 -0.004192186 0.999699123
2968. -0.478046430 0.136722197 -0.174962663 0.001736491 0.024108075 -0.004178251 0.999699119
2969. -0.477892505 0.136712825 -0.174872458 0.001734201 0.024075251 -0.004163614 0.999699975
2970. -0.477818554 0.136740837 -0.174869654 0.001737616 0.024066725 -0.004123835 0.999700339
2971. -0.478004051 0.136510739 -0.175004557 0.001678209 0.024116017 -0.004127824 0.999699236
2972. -0.477923836 0.136715267 -0.174887236 0.001737421 0.024103153 -0.004152385 0.999699343
2973. -0.478036407 0.136543808 -0.174793966 0.001690099 0.024122497 -0.004131168 0.999699046
2974. -0.477965424 0.136550675 -0.174762654 0.001690363 0.024100314 -0.004151043 0.999699498
2975. -0.477924380 0.136514998 -0.174807690 0.001677482 0.024089779 -0.004164843 0.999699716
2976. -0.477867182 0.136578549 -0.174818153 0.001699449 0.024077695 -0.004156113 0.999700007
2977. -0.478009788 0.136636605 -0.175005010 0.001709008 0.024104528 -0.004152072 0.999699360
2978. -0.478014244 0.136556429 -0.174901279 0.001698608 0.024097149 -0.004164188 0.999699506
2979. -0.477937442 0.136562809 -0.174902196 0.001694876 0.024081278 -0.004168857 0.999699875
2980. -0.477974217 0.136670896 -0.174867331 0.001721179 0.024079129 -0.004148597 0.999699966
2981. -0.477898829 0.136619506 -0.174870699 0.001706907 0.024073512 -0.004174441 0.999700018
2982. -0.477923251 0.136579214 -0.174827586 0.001692362 0.024081066 -0.004157243 0.999699933
2983. -0.477786694 0.136741208 -0.174862668 0.001736536 0.024055977 -0.004163140 0.999700436
2984. -0.477859234 0.136732343 -0.175004426 0.001738040 0.024067902 -0.004135276 0.999700262
2985. -0.477792740 0.136755051 -0.174960857 0.001734059 0.024057126 -0.004138267 0.999700516
2986. -0.477707520 0.136567449 -0.174779884 0.001683956 0.024035331 -0.004118695 0.999701207
2987. -0.477733021 0.136604714 -0.174857672 0.001701476 0.024039873 -0.004141604 0.999700974
2988. -0.477957753 0.136495828 -0.174923382 0.001667565 0.024091801 -0.004101449 0.999699946
2989. -0.477849682 0.136758199 -0.174840394 0.001730533 0.024067064 -0.004125497 0.999700336
2990. -0.477990303 0.136855688 -0.175081358 0.001752185 0.024100368 -0.004118274 0.999699526
2991. -0.477936799 0.136676044 -0.175009560 0.001709879 0.024092142 -0.004107615 0.999699841
2992. -0.477852304 0.136572964 -0.175015942 0.001681636 0.024075236 -0.004108105 0.999700294
2993. -0.478007871 0.136407644 -0.174969616 0.001645987 0.024107411 -0.004077806 0.999699702
2994. -0.477885816 0.136775285 -0.174889811 0.001737940 0.024082988 -0.004125333 0.999699940
2995. -0.477921007 0.136709200 -0.174898554 0.001717692 0.024082616 -0.004114779 0.999700028
2996. -0.477859775 0.136818943 -0.174903494 0.001741204 0.024073836 -0.004139703 0.999700096
2997. -0.478034118 0.136707435 -0.174859173 0.001713804 0.024108431 -0.004159894 0.999699226
2998. -0.477913492 0.136826521 -0.174724325 0.001734902 0.024084100 -0.004154752 0.999699797
2999. -0.477679435 0.136739865 -0.174668660 0.001711119 0.024044295 -0.004149573 0.999700818
3000. -0.477661187 0.136833333 -0.174670753 0.001738379 0.024043050 -0.004154758 0.999700779
3001. -0.477596429 0.136865367 -0.174553266 0.001736308 0.024027904 -0.004170784 0.999701080
3002. -0.477701694 0.136998209 -0.174586816 0.001770798 0.024048548 -0.004162654 0.999700557
3003. -0.477808682 0.137028131 -0.174730182 0.001785070 0.024066039 -0.004184742 0.999700019
3004. -0.477897612 0.137153078 -0.174719854 0.001800684 0.024086817 -0.004188927 0.999699473
3005. -0.477725331 0.137065121 -0.174680759 0.001782484 0.024047613 -0.004176769 0.999700500
3006. -0.477685601 0.137276368 -0.174754770 0.001836234 0.024049603 -0.004178518 0.999700348
3007. -0.477496101 0.137276869 -0.174650670 0.001838918 0.024001995 -0.004189954 0.999701439
3008. -0.477655683 0.136949332 -0.174723933 0.001760053 0.024025118 -0.004170143 0.999701108
3009. -0.477562093 0.137158736 -0.174679191 0.001807153 0.024008952 -0.004196656 0.999701302
3010. -0.477591042 0.137104668 -0.174808305 0.001796639 0.024020419 -0.004206911 0.999701002
3011. -0.477565574 0.137207754 -0.174844512 0.001817856 0.024017527 -0.004204686 0.999701043
3012. -0.477706922 0.137101551 -0.174796380 0.001786859 0.024049183 -0.004186607 0.999700413
3013. -0.477772128 0.137052285 -0.174862808 0.001779705 0.024062007 -0.004184274 0.999700127
3014. -0.477824821 0.137107931 -0.175019816 0.001793505 0.024071785 -0.004189017 0.999699847
3015. -0.477916284 0.137204779 -0.175061034 0.001814087 0.024090330 -0.004182412 0.999699391
3016. -0.477785674 0.137156397 -0.175076309 0.001796298 0.024054865 -0.004167777 0.999700338
3017. -0.477945279 0.137033634 -0.175051437 0.001772577 0.024100835 -0.004159093 0.999699310
3018. -0.477738631 0.137333904 -0.175080465 0.001856280 0.024055332 -0.004197505 0.999700093
3019. -0.477713241 0.137190185 -0.175021853 0.001819533 0.024052314 -0.004169730 0.999700350
3020. -0.477787069 0.137120054 -0.175062012 0.001800267 0.024064466 -0.004169259 0.999700094
3021. -0.477552715 0.137103071 -0.174946056 0.001806351 0.024019410 -0.004187815 0.999701089
3022. -0.477649522 0.137235033 -0.174904037 0.001835606 0.024030924 -0.004173556 0.999700819
3023. -0.477630830 0.137400733 -0.175050978 0.001877359 0.024030042 -0.004195608 0.999700670
3024. -0.477652652 0.137331221 -0.175002190 0.001865626 0.024028715 -0.004191727 0.999700740
3025. -0.477655579 0.137375196 -0.174992710 0.001868036 0.024030105 -0.004216893 0.999700596
3026. -0.477675413 0.137341075 -0.174972640 0.001860879 0.024042383 -0.004234072 0.999700242
3027. -0.477530096 0.137290775 -0.174914455 0.001844327 0.024009291 -0.004248641 0.999701006
3028. -0.477756663 0.137284500 -0.175015956 0.001827447 0.024063280 -0.004216420 0.999699875
3029. -0.477842890 0.137192463 -0.174990123 0.001804462 0.024075347 -0.004205685 0.999699672
3030. -0.477880608 0.137273409 -0.175123783 0.001829066 0.024085908 -0.004235037 0.999699249
3031. -0.478016701 0.137284607 -0.175155808 0.001835236 0.024103512 -0.004264589 0.999698688
3032. -0.478032088 0.137294351 -0.175289094 0.001845160 0.024099466 -0.004242085 0.999698863
3033. -0.478068799 0.137295588 -0.175311012 0.001848889 0.024101949 -0.004237120 0.999698817
3034. -0.478019614 0.137231129 -0.175303423 0.001841331 0.024097070 -0.004226510 0.999698993
3035. -0.478054429 0.137232001 -0.175395846 0.001834772 0.024101147 -0.004244009 0.999698833
3036. -0.477852865 0.137313590 -0.175518763 0.001856990 0.024066240 -0.004237920 0.999699659
3037. -0.477937480 0.137137028 -0.175540087 0.001816066 0.024094783 -0.004219742 0.999699123
3038. -0.477761784 0.137265441 -0.175488573 0.001846907 0.024053778 -0.004267133 0.999699853
3039. -0.477648717 0.137211595 -0.175583688 0.001829253 0.024030410 -0.004265867 0.999700453
3040. -0.477608595 0.137299561 -0.175690272 0.001853743 0.024031721 -0.004279168 0.999700319
3041. -0.477771906 0.137211483 -0.175782671 0.001827195 0.024067617 -0.004285718 0.999699477
3042. -0.477499552 0.137165682 -0.175764624 0.001808675 0.024002033 -0.004240494 0.999701280
3043. -0.477784015 0.137198134 -0.175772182 0.001823562 0.024076005 -0.004297606 0.999699230
3044. -0.477630688 0.137349348 -0.175697460 0.001859833 0.024030041 -0.004280326 0.999700344
3045. -0.477760290 0.137240290 -0.175942742 0.001831425 0.024067922 -0.004272918 0.999699516
3046. -0.477560695 0.137476037 -0.175747887 0.001875354 0.024027708 -0.004259491 0.999700460
3047. -0.477619575 0.137059700 -0.175927838 0.001773332 0.024039445 -0.004236302 0.999700462
3048. -0.477602548 0.137046079 -0.175995257 0.001769216 0.024044114 -0.004208936 0.999700473
3049. -0.477374546 0.137160386 -0.175902050 0.001802673 0.024002011 -0.004223506 0.999701363
3050. -0.477434614 0.137200897 -0.176030426 0.001819999 0.024023112 -0.004249852 0.999700713
3051. -0.477404627 0.137080081 -0.174666071 0.001807569 0.023926241 -0.004276980 0.999702943
3052. -0.477480179 0.137153917 -0.174712177 0.001809199 0.023946331 -0.004247033 0.999702587
3053. -0.477420727 0.137205487 -0.174634742 0.001832993 0.023925468 -0.004263740 0.999702972
3054. -0.477324607 0.137305465 -0.174700320 0.001861099 0.023908172 -0.004251907 0.999703384
3055. -0.477520238 0.137249477 -0.174809551 0.001848385 0.023948005 -0.004272749 0.999702366
3056. -0.477385316 0.137253097 -0.174779361 0.001846019 0.023927691 -0.004260156 0.999702910
3057. -0.477510270 0.137239597 -0.174875536 0.001839978 0.023961199 -0.004250973 0.999702158
3058. -0.477566861 0.137157335 -0.174795425 0.001819901 0.023970820 -0.004254355 0.999701950
3059. -0.477369185 0.137087518 -0.174806320 0.001815413 0.023927929 -0.004252900 0.999702992
3060. -0.477505425 0.137175862 -0.174757000 0.001824836 0.023968313 -0.004264644 0.999701957
3061. -0.477421161 0.137235760 -0.174805463 0.001840261 0.023954494 -0.004270375 0.999702235
3062. -0.477512515 0.137163703 -0.174965885 0.001832601 0.023975649 -0.004256610 0.999701801
3063. -0.477247116 0.137167406 -0.174950919 0.001830221 0.023914406 -0.004220950 0.999703424
3064. -0.477426112 0.137076382 -0.175018490 0.001803400 0.023956649 -0.004262920 0.999702283
3065. -0.477307569 0.137031022 -0.174715119 0.001796493 0.023924858 -0.004268363 0.999703033
3066. -0.477416440 0.137002120 -0.174929567 0.001797399 0.023943640 -0.004285237 0.999702510
3067. -0.477306721 0.137054700 -0.174958366 0.001808574 0.023919837 -0.004283102 0.999703069
3068. -0.477537037 0.136970601 -0.174909266 0.001786270 0.023966793 -0.004263910 0.999702066
3069. -0.477405156 0.137014833 -0.174931301 0.001789105 0.023934931 -0.004268965 0.999702803
3070. -0.477342675 0.136956423 -0.174846059 0.001774579 0.023922063 -0.004245999 0.999703235
3071. -0.477317469 0.136891921 -0.174764212 0.001756343 0.023907167 -0.004248491 0.999703613
3072. -0.477287871 0.137209075 -0.174939477 0.001834410 0.023914873 -0.004286153 0.999703127
3073. -0.477320861 0.137149507 -0.175006126 0.001819650 0.023914098 -0.004244309 0.999703351
3074. -0.477365477 0.137096361 -0.175070779 0.001814570 0.023919006 -0.004267971 0.999703142
3075. -0.477291031 0.137245641 -0.175132732 0.001843626 0.023914900 -0.004284763 0.999703116
3076. -0.477410238 0.136710050 -0.174371886 0.001693892 0.023962106 -0.004243033 0.999702428
3077. -0.477441758 0.136832727 -0.174416857 0.001704943 0.023969437 -0.004219464 0.999702333
3078. -0.477518461 0.136687020 -0.174397758 0.001672419 0.023993631 -0.004212245 0.999701838
3079. -0.477530708 0.136911830 -0.174370074 0.001728284 0.023988643 -0.004206319 0.999701888
3080. -0.477552655 0.136762448 -0.174569201 0.001697657 0.023994585 -0.004183501 0.999701894
3081. -0.477798072 0.136768095 -0.174615279 0.001701157 0.024041393 -0.004198606 0.999700700
3082. -0.477826307 0.136729085 -0.174637758 0.001690871 0.024039531 -0.004197316 0.999700767
3083. -0.478099769 0.136892680 -0.174804220 0.001732907 0.024080566 -0.004219876 0.999699613
3084. -0.478002991 0.137019337 -0.174719153 0.001757366 0.024071774 -0.004218388 0.999699788
3085. -0.478162988 0.136894531 -0.174682418 0.001737870 0.024098262 -0.004232901 0.999699123
3086. -0.478072341 0.136891543 -0.174608689 0.001740506 0.024077519 -0.004242186 0.999699579
3087. -0.477776284 0.136830004 -0.174488460 0.001717067 0.024005771 -0.004214023 0.999701464
3088. -0.477963148 0.136955194 -0.174589526 0.001754124 0.024056532 -0.004238678 0.999700075
3089. -0.477788073 0.136965048 -0.174442848 0.001755121 0.024022228 -0.004241456 0.999700886
3090. -0.477743211 0.136986024 -0.174430817 0.001759907 0.024026380 -0.004239247 0.999700788
3091. -0.477917631 0.137045335 -0.174549427 0.001769499 0.024059308 -0.004233739 0.999700002
3092. -0.477815845 0.136930894 -0.174516113 0.001748320 0.024029593 -0.004260532 0.999700640
3093. -0.477868583 0.136887467 -0.174478330 0.001737965 0.024032631 -0.004241773 0.999700665
3094. -0.478027589 0.136720196 -0.174482687 0.001689577 0.024079282 -0.004223753 0.999699702
3095. -0.477959198 0.136978733 -0.174543651 0.001763953 0.024060388 -0.004248065 0.999699925
3096. -0.477897159 0.136980429 -0.174554235 0.001761611 0.024050870 -0.004249582 0.999700152
3097. -0.477918008 0.137001375 -0.174552711 0.001766072 0.024055637 -0.004278726 0.999699905
3098. -0.477914057 0.136923872 -0.174589896 0.001739295 0.024053747 -0.004241005 0.999700158
3099. -0.478096745 0.136968221 -0.174678400 0.001746920 0.024102145 -0.004252505 0.999698930
3100. -0.477982541 0.136985302 -0.174522779 0.001751780 0.024070340 -0.004239492 0.999699743
3101. -0.477918071 0.137004079 -0.174495748 0.001758959 0.024065925 -0.004247763 0.999699802
3102. -0.477903756 0.137006003 -0.174511910 0.001755657 0.024056330 -0.004257454 0.999699997
3103. -0.477918862 0.136989454 -0.174552456 0.001744703 0.024060416 -0.004256790 0.999699921
3104. -0.478025738 0.135528714 -0.174196163 0.001362852 0.024069545 -0.004100094 0.999700950
3105. -0.477937827 0.135572266 -0.174233850 0.001369728 0.024052474 -0.004101793 0.999701344
3106. -0.477950087 0.135628574 -0.174319487 0.001374497 0.024058025 -0.004076704 0.999701307
3107. -0.477947778 0.135656118 -0.174310836 0.001380574 0.024048676 -0.004059102 0.999701595
3108. -0.477923931 0.135765783 -0.174477864 0.001427767 0.024042923 -0.004089668 0.999701542
3109. -0.478014260 0.135783248 -0.174528843 0.001433394 0.024067049 -0.004121840 0.999700822
3110. -0.478014207 0.135860081 -0.174418334 0.001452460 0.024062084 -0.004129976 0.999700880
3111. -0.477949875 0.135869087 -0.174337489 0.001434279 0.024046300 -0.004112487 0.999701358
3112. -0.477984832 0.135644769 -0.174323444 0.001380428 0.024063904 -0.004103160 0.999701049
3113. -0.478273400 0.135681457 -0.174452217 0.001393641 0.024125688 -0.004109772 0.999699514
3114. -0.478246479 0.135719004 -0.174556899 0.001404183 0.024120306 -0.004120748 0.999699584
3115. -0.478168802 0.135772251 -0.174545456 0.001413285 0.024105521 -0.004125330 0.999699909
3116. -0.478120771 0.135677031 -0.174504765 0.001393054 0.024087331 -0.004090245 0.999700520
3117. -0.478044665 0.135600474 -0.174525133 0.001384697 0.024076485 -0.004111882 0.999700704
3118. -0.478068168 0.135608034 -0.174555279 0.001370677 0.024082343 -0.004055345 0.999700813
3119. -0.478119803 0.135783749 -0.174590922 0.001416030 0.024091192 -0.004071013 0.999700473
3120. -0.478239362 0.135741407 -0.174684607 0.001407476 0.024114710 -0.004085335 0.999699860
3121. -0.478068221 0.135656243 -0.174569299 0.001396523 0.024087680 -0.004086101 0.999700524
3122. -0.478007218 0.135674937 -0.174593407 0.001395413 0.024073438 -0.004071999 0.999700926
3123. -0.478083590 0.135728235 -0.174611406 0.001406171 0.024086748 -0.004070750 0.999700595
3124. -0.478218121 0.135810592 -0.174743571 0.001431491 0.024113433 -0.004097884 0.999699805
3125. -0.478214402 0.135716711 -0.174717278 0.001406341 0.024107492 -0.004081159 0.999700053
3126. -0.478066359 0.135654842 -0.174591892 0.001389968 0.024071752 -0.004078864 0.999700946
3127. -0.478088804 0.135675471 -0.174596665 0.001397888 0.024067947 -0.004069136 0.999701066
3128. -0.478118904 0.135777978 -0.174799580 0.001420850 0.024077637 -0.004062935 0.999700826
3129. -0.478219039 0.135813118 -0.174810896 0.001430566 0.024106666 -0.004109853 0.999699921
3130. -0.478231343 0.135883247 -0.174729138 0.001450927 0.024112231 -0.004129929 0.999699674
3131. -0.478276751 0.135783272 -0.174688149 0.001419952 0.024124148 -0.004095777 0.999699572
3132. -0.478084525 0.135976077 -0.174531540 0.001474737 0.024080922 -0.004147775 0.999700320
3133. -0.477951974 0.135912446 -0.174537470 0.001458796 0.024057712 -0.004139205 0.999700938
3134. -0.478171683 0.136050762 -0.174629349 0.001490008 0.024102839 -0.004148673 0.999699766
3135. -0.478294600 0.135949615 -0.174726030 0.001473550 0.024139084 -0.004176417 0.999698800
3136. -0.478210057 0.135770142 -0.174681117 0.001419547 0.024118903 -0.004124192 0.999699582
3137. -0.478237016 0.135722784 -0.174696878 0.001401807 0.024124495 -0.004119165 0.999699493
3138. -0.478173060 0.135826149 -0.174669905 0.001425672 0.024110010 -0.004119715 0.999699806
3139. -0.478356283 0.136043562 -0.174842877 0.001471582 0.024157127 -0.004150976 0.999698473
3140. -0.478131894 0.135848870 -0.174752361 0.001437360 0.024101277 -0.004121568 0.999699993
3141. -0.478259778 0.136047035 -0.174967266 0.001481787 0.024123039 -0.004157443 0.999699254
3142. -0.477803063 0.135904819 -0.174692854 0.001461258 0.024030780 -0.004154663 0.999701518
3143. -0.477693257 0.135872840 -0.174555461 0.001454474 0.024007235 -0.004165182 0.999702050
3144. -0.477952246 0.135947354 -0.174712553 0.001475621 0.024057303 -0.004189328 0.999700714
3145. -0.477979144 0.135928453 -0.174710073 0.001463014 0.024057424 -0.004176551 0.999700783
3146. -0.477954213 0.135776590 -0.174861677 0.001436054 0.024065650 -0.004171309 0.999700646
3147. -0.477703510 0.136020383 -0.174658022 0.001488400 0.024010165 -0.004205096 0.999701762
3148. -0.477890698 0.135928964 -0.174802217 0.001458102 0.024047901 -0.004145168 0.999701150
3149. -0.477898101 0.135888481 -0.174887884 0.001454068 0.024047669 -0.004143043 0.999701171
3150. -0.477833267 0.135783214 -0.174898816 0.001422561 0.024033344 -0.004148265 0.999701539
3151. -0.477735542 0.135760242 -0.174932057 0.001421247 0.024010321 -0.004165814 0.999702021
3152. -0.477761321 0.135859506 -0.174878341 0.001445919 0.024022172 -0.004203713 0.999701542
3153. -0.477877956 0.135733692 -0.174931716 0.001417382 0.024026709 -0.004162209 0.999701648
3154. -0.477818773 0.135706239 -0.174941830 0.001408951 0.024018452 -0.004175375 0.999701803
3155. -0.477919964 0.135898737 -0.174880258 0.001450926 0.024038786 -0.004165620 0.999701295
3156. -0.477851255 0.136071647 -0.174781467 0.001489486 0.024027273 -0.004189187 0.999701417
3157. -0.477899583 0.135975012 -0.174830553 0.001471904 0.024032989 -0.004175790 0.999701361
3158. -0.477818747 0.136113603 -0.174702677 0.001499468 0.024013704 -0.004167256 0.999701819
3159. -0.477897203 0.136001300 -0.174715198 0.001473606 0.024036630 -0.004146315 0.999701394
3160. -0.478136305 0.135831143 -0.174757373 0.001427195 0.024097596 -0.004146369 0.999699993
3161. -0.477776860 0.136050358 -0.174826454 0.001491944 0.024005588 -0.004156114 0.999702072
3162. -0.477983359 0.135841467 -0.174847032 0.001429052 0.024048685 -0.004130448 0.999701234
3163. -0.477880258 0.135603384 -0.174751661 0.001371681 0.024033677 -0.004106944 0.999701772
3164. -0.478017895 0.135927743 -0.174856094 0.001459012 0.024071689 -0.004145002 0.999700577
3165. -0.478101945 0.135794376 -0.174864386 0.001435685 0.024079308 -0.004162615 0.999700354
3166. -0.478145692 0.135860466 -0.174967062 0.001451567 0.024088428 -0.004159724 0.999700124
3167. -0.478035640 0.135928117 -0.174945020 0.001467415 0.024066518 -0.004154231 0.999700651
3168. -0.477924962 0.136109130 -0.174898037 0.001510504 0.024041401 -0.004160910 0.999701163
3169. -0.478012802 0.136094400 -0.174947796 0.001502339 0.024060293 -0.004162895 0.999700713
3170. -0.478034910 0.136371696 -0.174998801 0.001561334 0.024068694 -0.004172846 0.999700379
3171. -0.477822221 0.136256970 -0.174826535 0.001528598 0.024017837 -0.004165136 0.999701685
3172. -0.477795006 0.136340880 -0.174797252 0.001561693 0.023998922 -0.004196611 0.999701956
3173. -0.477729594 0.136070377 -0.174733195 0.001489543 0.023995302 -0.004155719 0.999702324
3174. -0.477431800 0.136075764 -0.174686747 0.001494564 0.023928367 -0.004166253 0.999703877
3175. -0.478570827 0.135789243 -0.175102980 0.001410794 0.024214021 -0.004170267 0.999697104
3176. -0.478494687 0.136089292 -0.175300202 0.001550809 0.024227918 -0.004297414 0.999696021
3177. -0.478936911 0.136117594 -0.175151757 0.001536913 0.024248374 -0.004191656 0.999695996
3178. -0.478949239 0.136161592 -0.175281676 0.001545516 0.024245163 -0.004228720 0.999695904
3179. -0.478953052 0.136164048 -0.175283589 0.001555489 0.024241559 -0.004231636 0.999695964
3180. -0.478951634 0.136163616 -0.175276551 0.001554295 0.024247190 -0.004225608 0.999695855
3181. -0.478955239 0.136156943 -0.175249182 0.001540373 0.024255146 -0.004206036 0.999695766
3182. -0.478942782 0.136148453 -0.175225021 0.001537780 0.024230011 -0.004249874 0.999696194
3183. -0.478948158 0.136133313 -0.175170939 0.001543912 0.024232936 -0.004219190 0.999696244
3184. -0.478879830 0.136080102 -0.174878215 0.001551866 0.024227808 -0.004174448 0.999696543
3185. -0.478870594 0.136107152 -0.174908182 0.001572342 0.024231743 -0.004195141 0.999696329
3186. -0.478893664 0.136078654 -0.174922483 0.001489796 0.024246328 -0.004145137 0.999696311
3187. -0.478829157 0.136004221 -0.174686916 0.001497702 0.024240946 -0.004242008 0.999696023
3188. -0.478311246 0.136001942 -0.174364899 0.001480777 0.024122647 -0.004201406 0.999699081
3189. -0.478285516 0.135927159 -0.174386677 0.001453575 0.024101879 -0.004174796 0.999699734
3190. -0.478249126 0.135986659 -0.174350461 0.001481926 0.024102260 -0.004218658 0.999699499
3191. -0.478625177 0.135336439 -0.174446234 0.001333463 0.024185333 -0.004193019 0.999697809
3192. -0.478449772 0.135213204 -0.174216180 0.001293051 0.024143836 -0.004145074 0.999699065
3193. -0.478627780 0.135262829 -0.174423351 0.001308058 0.024183776 -0.004157167 0.999698030
3194. -0.478783096 0.135310920 -0.174470652 0.001321277 0.024231375 -0.004164503 0.999696830
3195. -0.478632664 0.135393558 -0.174338227 0.001347343 0.024191332 -0.004187547 0.999697669
3196. -0.478708969 0.135372378 -0.174378250 0.001342970 0.024204362 -0.004209669 0.999697266
3197. -0.478585579 0.135477648 -0.174254760 0.001380937 0.024175212 -0.004195239 0.999697980
3198. -0.478710418 0.135514010 -0.174315351 0.001403842 0.024203971 -0.004227202 0.999697118
3199. -0.478595674 0.135408309 -0.174217533 0.001367846 0.024174084 -0.004196383 0.999698021
3200. -0.478749672 0.134834477 -0.174188030 0.001213348 0.024206333 -0.004219735 0.999697342
3201. -0.478542291 0.134604925 -0.174016746 0.001167347 0.024149083 -0.004213127 0.999698809
3202. -0.478720055 0.134725606 -0.174095254 0.001199113 0.024187844 -0.004252064 0.999697669
3203. -0.478710509 0.134497479 -0.173937455 0.001145833 0.024188503 -0.004212882 0.999697882
3204. -0.478482269 0.134037492 -0.173793046 0.001007305 0.024137281 -0.004138403 0.999699580
3205. -0.478604842 0.134366308 -0.173724598 0.001103415 0.024173649 -0.004177872 0.999698436
3206. -0.478574579 0.134437325 -0.173687956 0.001133838 0.024147253 -0.004178719 0.999699036
3207. -0.478404322 0.134151788 -0.173425506 0.001059681 0.024109507 -0.004177042 0.999700036
3208. -0.478280532 0.133896405 -0.173204819 0.001003653 0.024077259 -0.004141915 0.999701017
3209. -0.478164786 0.133814041 -0.173062399 0.000988199 0.024037772 -0.004150683 0.999701946
3210. -0.478211617 0.134071520 -0.172898783 0.001058743 0.024051706 -0.004165211 0.999701478
3211. -0.478176153 0.134045977 -0.172934423 0.001058792 0.024039287 -0.004176014 0.999701732
3212. -0.478335629 0.133678466 -0.173115844 0.000952358 0.024085199 -0.004148836 0.999700847
3213. -0.478187153 0.133795113 -0.172979264 0.000987876 0.024047147 -0.004134328 0.999701789
3214. -0.477926586 0.133777217 -0.172783232 0.000996360 0.023974242 -0.004156411 0.999703440
3215. -0.477721731 0.133735258 -0.172639980 0.000980593 0.023932530 -0.004178045 0.999704364
3216. -0.477942336 0.133576540 -0.172844341 0.000918818 0.023982896 -0.004117467 0.999703468
3217. -0.477907130 0.133800087 -0.172843457 0.000961013 0.023983939 -0.004116035 0.999703409
3218. -0.477943360 0.133740758 -0.172824690 0.000954913 0.023992516 -0.004131277 0.999703146
3219. -0.478063182 0.133915566 -0.172955978 0.001002410 0.024018738 -0.004111772 0.999702550
3220. -0.478039549 0.134035009 -0.173063681 0.001038703 0.024008362 -0.004135307 0.999702665
3221. -0.478066918 0.134154755 -0.172993229 0.001074397 0.024010113 -0.004161924 0.999702475
3222. -0.477941445 0.134247902 -0.173084244 0.001117127 0.023977119 -0.004176311 0.999703160
3223. -0.477613123 0.134705877 -0.172832018 0.001238016 0.023893436 -0.004243900 0.999704737
3224. -0.477873106 0.134609609 -0.173007584 0.001205799 0.023962636 -0.004200099 0.999703305
3225. -0.477785889 0.134581237 -0.173074929 0.001209806 0.023944609 -0.004197533 0.999703743
3226. -0.477918567 0.134553971 -0.173127577 0.001187420 0.023968791 -0.004190801 0.999703218
3227. -0.477767655 0.134616465 -0.173122857 0.001226193 0.023903397 -0.004214308 0.999704638
3228. -0.477852318 0.135219459 -0.173783849 0.001344797 0.023947886 -0.004213998 0.999703422
3229. -0.479071596 0.135387334 -0.174538231 0.001356567 0.024252315 -0.004156736 0.999696307
3230. -0.479170917 0.135062538 -0.174553423 0.001292369 0.024266465 -0.004179974 0.999695952
3231. -0.479109265 0.135054657 -0.174639374 0.001293852 0.024263092 -0.004176847 0.999696045
3232. -0.479257324 0.134873889 -0.174668150 0.001250385 0.024286194 -0.004199553 0.999695444
3233. -0.479431566 0.134791884 -0.174674913 0.001224667 0.024322725 -0.004172308 0.999694702
3234. -0.479351305 0.134973964 -0.174728686 0.001279043 0.024313158 -0.004137888 0.999695010
3235. -0.479458681 0.134968438 -0.174741234 0.001270204 0.024336707 -0.004143537 0.999694424
3236. -0.479285318 0.134865851 -0.174817387 0.001252041 0.024297036 -0.004149289 0.999695389
3237. -0.479339141 0.135107337 -0.174779180 0.001310163 0.024312593 -0.004170069 0.999694849
3238. -0.479236891 0.134639190 -0.174771611 0.001193155 0.024281237 -0.004152555 0.999695831
3239. -0.479247024 0.134944404 -0.174823292 0.001283002 0.024285393 -0.004149633 0.999695631
3240. -0.479422506 0.134894414 -0.174904939 0.001266524 0.024322644 -0.004177660 0.999694629
3241. -0.479072425 0.135032817 -0.174729723 0.001301417 0.024252640 -0.004170162 0.999696317
3242. -0.479204613 0.135047625 -0.174795490 0.001302827 0.024285559 -0.004146546 0.999695614
3243. -0.479257843 0.135399883 -0.174904472 0.001386586 0.024302243 -0.004195576 0.999694891
3244. -0.479165570 0.135400512 -0.174832286 0.001389746 0.024274853 -0.004186937 0.999695588
3245. -0.478765322 0.135502246 -0.174634768 0.001411127 0.024183290 -0.004201123 0.999697718
3246. -0.478896354 0.135523242 -0.174738808 0.001430270 0.024209061 -0.004191107 0.999697109
3247. -0.478754098 0.135577222 -0.174685598 0.001448896 0.024177877 -0.004222248 0.999697706
3248. -0.479126777 0.135558708 -0.174848457 0.001449387 0.024270981 -0.004246675 0.999695346
3249. -0.479237499 0.135653229 -0.175000632 0.001475437 0.024287916 -0.004205842 0.999695069
3250. -0.479138974 0.135964029 -0.174973521 0.001550140 0.024257932 -0.004209787 0.999695667
3251. -0.479029760 0.135732322 -0.175044650 0.001501519 0.024238707 -0.004187179 0.999696303
3252. -0.479172583 0.135602276 -0.175095666 0.001458149 0.024276763 -0.004206927 0.999695361
3253. -0.479015474 0.135714616 -0.175027508 0.001485046 0.024232525 -0.004233971 0.999696280
3254. -0.479312115 0.135534875 -0.174942773 0.001442082 0.024301431 -0.004245916 0.999694620
3255. -0.479103388 0.135573861 -0.175049923 0.001459806 0.024261897 -0.004260144 0.999695494
3256. -0.478877054 0.135533042 -0.174917162 0.001451830 0.024219231 -0.004219574 0.999696712
3257. -0.478969670 0.135537557 -0.174927120 0.001452725 0.024235955 -0.004266369 0.999696107
3258. -0.479137294 0.135539904 -0.174965633 0.001453422 0.024272957 -0.004216065 0.999695422
3259. -0.478995437 0.135619781 -0.174992364 0.001466723 0.024238311 -0.004216326 0.999696242
3260. -0.479088424 0.135530072 -0.174862698 0.001450241 0.024255785 -0.004241981 0.999695733
3261. -0.479215909 0.135370185 -0.174859182 0.001406936 0.024282677 -0.004213390 0.999695263
3262. -0.479001718 0.135349053 -0.174639537 0.001412414 0.024227825 -0.004206539 0.999696615
3263. -0.478967930 0.135645185 -0.174615366 0.001493836 0.024218058 -0.004231155 0.999696630
3264. -0.479005393 0.135620204 -0.174523045 0.001483930 0.024218705 -0.004216618 0.999696690
3265. -0.478856946 0.135465745 -0.174440068 0.001442031 0.024188605 -0.004218752 0.999697471
3266. -0.478714840 0.135624073 -0.174369672 0.001488266 0.024163700 -0.004240114 0.999697915
3267. -0.478955550 0.135528860 -0.174459145 0.001455293 0.024216553 -0.004210910 0.999696808
3268. -0.479112990 0.135420191 -0.174639091 0.001436424 0.024262890 -0.004240251 0.999695588
3269. -0.479133437 0.135532397 -0.174771447 0.001463382 0.024263392 -0.004220715 0.999695620
3270. -0.479202462 0.135603538 -0.174891962 0.001490809 0.024281477 -0.004231306 0.999695095
3271. -0.478982748 0.135577362 -0.174713325 0.001486480 0.024230723 -0.004249130 0.999696258
3272. -0.479397913 0.135524109 -0.174799581 0.001461981 0.024314401 -0.004227894 0.999694352
3273. -0.479285509 0.135649505 -0.174813141 0.001498786 0.024299309 -0.004265261 0.999694506
3274. -0.479074898 0.135526335 -0.174738199 0.001465818 0.024249020 -0.004248262 0.999695848
3275. -0.479337909 0.135567076 -0.174796248 0.001469273 0.024300171 -0.004257018 0.999694564
3276. -0.479434918 0.135513354 -0.174974004 0.001466243 0.024329457 -0.004276335 0.999693773
3277. -0.479566847 0.135673066 -0.174969484 0.001495821 0.024360678 -0.004261172 0.999693034
3278. -0.479271899 0.135777391 -0.175010887 0.001525630 0.024293005 -0.004238238 0.999694733
3279. -0.479221337 0.135721808 -0.175043552 0.001504468 0.024285648 -0.004197923 0.999695114
3280. -0.479364559 0.135925876 -0.174946348 0.001562725 0.024311188 -0.004211426 0.999694347
3281. -0.479233563 0.136141589 -0.174820280 0.001626590 0.024281949 -0.004262965 0.999694738
3282. -0.479764474 0.135652640 -0.175202387 0.001517755 0.024392928 -0.004258106 0.999692228
3283. -0.479406382 0.135836312 -0.175032947 0.001559778 0.024315726 -0.004273856 0.999693977
3284. -0.479278571 0.135820386 -0.175021520 0.001561252 0.024284448 -0.004262163 0.999694784
3285. -0.479476155 0.135838388 -0.175023297 0.001558657 0.024338261 -0.004267175 0.999693458
3286. -0.479647853 0.135869920 -0.175177095 0.001566869 0.024380231 -0.004275902 0.999692386
3287. -0.479230122 0.136150428 -0.175021745 0.001643692 0.024284125 -0.004283350 0.999694570
3288. -0.479280308 0.136001136 -0.175135030 0.001605581 0.024295312 -0.004243036 0.999694532
3289. -0.479150795 0.135992058 -0.175260405 0.001599384 0.024247762 -0.004201779 0.999695870
3290. -0.479298776 0.136149363 -0.175234718 0.001646341 0.024305559 -0.004264758 0.999694124
3291. -0.479370153 0.136131973 -0.175340639 0.001653733 0.024317326 -0.004272766 0.999693791
3292. -0.479224666 0.136021550 -0.175235145 0.001610131 0.024282106 -0.004242449 0.999694848
3293. -0.478978220 0.136051146 -0.175069656 0.001624594 0.024234752 -0.004241826 0.999695976
3294. -0.479120520 0.135916639 -0.175131138 0.001588661 0.024264183 -0.004247970 0.999695294
3295. -0.479414789 0.135861026 -0.175271818 0.001578263 0.024325208 -0.004242294 0.999693851
3296. -0.479202251 0.135845544 -0.175247193 0.001570679 0.024282151 -0.004270995 0.999694788
3297. -0.478996461 0.135900728 -0.175163958 0.001580237 0.024246056 -0.004240699 0.999695778
3298. -0.479183220 0.135712039 -0.175241757 0.001551780 0.024287678 -0.004261048 0.999694725
3299. -0.479102074 0.135896585 -0.175146736 0.001593857 0.024269134 -0.004264845 0.999695093
3300. -0.479113782 0.135823979 -0.175086155 0.001574756 0.024259932 -0.004219415 0.999695540
3301. -0.478957202 0.136196351 -0.175287764 0.001681998 0.024225009 -0.004256610 0.999696054
3302. -0.479072566 0.136056520 -0.175206002 0.001637038 0.024249647 -0.004255951 0.999695534
3303. -0.479217440 0.135892005 -0.175288234 0.001603796 0.024285587 -0.004221996 0.999694860
3304. -0.478819911 0.135934678 -0.175155554 0.001600727 0.024198534 -0.004229605 0.999696944
3305. -0.478905897 0.136002844 -0.175118638 0.001613991 0.024227638 -0.004228185 0.999696223
3306. -0.478878727 0.136204019 -0.175238902 0.001674481 0.024213330 -0.004256306 0.999696351
3307. -0.479005736 0.135882699 -0.175214490 0.001598984 0.024242363 -0.004244350 0.999695822
3308. -0.478716972 0.136078154 -0.175169858 0.001659300 0.024178553 -0.004292472 0.999697064
3309. -0.478307455 0.136054992 -0.174884625 0.001650091 0.024090225 -0.004291461 0.999699216
3310. -0.478621515 0.136069576 -0.174878702 0.001649961 0.024146316 -0.004277758 0.999697921
3311. -0.478390764 0.135974467 -0.174791116 0.001627714 0.024092219 -0.004268894 0.999699301
3312. -0.478438787 0.136022950 -0.174789896 0.001651102 0.024096797 -0.004317014 0.999698946
3313. -0.478266597 0.135983650 -0.174836658 0.001633209 0.024076126 -0.004309933 0.999699503
3314. -0.478590922 0.136050259 -0.174783308 0.001661267 0.024131837 -0.004320440 0.999698069
3315. -0.478887403 0.135828545 -0.174939960 0.001608183 0.024192118 -0.004308513 0.999696750
3316. -0.478618157 0.135910825 -0.174800518 0.001622999 0.024133309 -0.004323397 0.999698083
3317. -0.478634852 0.136029439 -0.174783719 0.001651664 0.024132845 -0.004303829 0.999698132
3318. -0.478563611 0.135938225 -0.174916101 0.001630289 0.024119930 -0.004285172 0.999698559
3319. -0.478069920 0.135949967 -0.174263490 0.001614322 0.024026096 -0.004299078 0.999700785
3320. -0.478056569 0.135837438 -0.174322863 0.001592695 0.024019346 -0.004341416 0.999700798
3321. -0.478348509 0.135881247 -0.174360082 0.001598588 0.024084763 -0.004283223 0.999699466
3322. -0.478075531 0.135799245 -0.174329255 0.001588686 0.024027803 -0.004287754 0.999700833
3323. -0.478303505 0.135887861 -0.174402761 0.001609353 0.024066890 -0.004296027 0.999699824
3324. -0.478210290 0.135989862 -0.174355148 0.001633514 0.024044179 -0.004296128 0.999700331
3325. -0.478480027 0.135959476 -0.174436693 0.001626984 0.024105502 -0.004345774 0.999698651
3326. -0.478310643 0.135988010 -0.174408054 0.001649577 0.024063388 -0.004339752 0.999699654
3327. -0.478372521 0.136109694 -0.174438380 0.001670492 0.024082687 -0.004304931 0.999699305
3328. -0.478491237 0.135899105 -0.174341748 0.001618324 0.024116412 -0.004315738 0.999698532
3329. -0.478509368 0.136098539 -0.174342343 0.001672901 0.024116008 -0.004310057 0.999698476
3330. -0.478388769 0.135826352 -0.174312398 0.001596057 0.024093582 -0.004324094 0.999699082
3331. -0.478389629 0.136022796 -0.174332808 0.001638414 0.024099267 -0.004335472 0.999698827
3332. -0.478502480 0.136030109 -0.174392378 0.001638695 0.024123735 -0.004321920 0.999698295
3333. -0.478490019 0.136073438 -0.174426247 0.001641377 0.024131352 -0.004324004 0.999698098
3334. -0.478523297 0.136281155 -0.174528564 0.001702081 0.024128826 -0.004339965 0.999697988
3335. -0.478416451 0.136053919 -0.174446264 0.001636257 0.024106481 -0.004303157 0.999698796
3336. -0.478267973 0.136029277 -0.174371481 0.001638352 0.024089454 -0.004318777 0.999699136
3337. -0.478370609 0.135943886 -0.174401748 0.001610579 0.024111218 -0.004320178 0.999698650
3338. -0.478312593 0.135930078 -0.174355423 0.001614614 0.024092721 -0.004311977 0.999699125
3339. -0.478437197 0.136092418 -0.174395814 0.001656177 0.024119501 -0.004301067 0.999698458
3340. -0.478233030 0.136065968 -0.174327620 0.001648929 0.024076916 -0.004316916 0.999699429
3341. -0.478416006 0.135721374 -0.174379325 0.001564315 0.024111257 -0.004365005 0.999698528
3342. -0.478590217 0.135850381 -0.174506488 0.001595968 0.024148844 -0.004336276 0.999697696
3343. -0.478731950 0.136032759 -0.174608214 0.001647430 0.024171169 -0.004334415 0.999697081
3344. -0.478614689 0.135993658 -0.174498208 0.001625001 0.024153232 -0.004319351 0.999697616
3345. -0.478950238 0.135823851 -0.174576027 0.001578256 0.024224220 -0.004304853 0.999696036
3346. -0.478954308 0.135844776 -0.174557347 0.001586739 0.024216945 -0.004334372 0.999696071
3347. -0.478715508 0.136008652 -0.174343827 0.001641638 0.024156615 -0.004343874 0.999697401
3348. -0.478710834 0.135961954 -0.174364188 0.001626184 0.024158484 -0.004318095 0.999697493
3349. -0.478784773 0.135842923 -0.174406801 0.001589076 0.024178695 -0.004318722 0.999697061
3350. -0.478393457 0.135988452 -0.174313765 0.001635183 0.024099871 -0.004343355 0.999698783
3351. -0.478513941 0.135839795 -0.174401226 0.001586169 0.024123631 -0.004326468 0.999698363
3352. -0.478522345 0.135877089 -0.174355881 0.001603227 0.024124595 -0.004357598 0.999698177
3353. -0.478801051 0.135822493 -0.174501459 0.001589324 0.024184329 -0.004321688 0.999696912
3354. -0.478624232 0.136118651 -0.174453242 0.001670194 0.024143621 -0.004341969 0.999697676
3355. -0.478637221 0.135984912 -0.174384877 0.001628509 0.024155640 -0.004366677 0.999697347
3356. -0.478400932 0.136048366 -0.174345288 0.001650129 0.024099909 -0.004306421 0.999698918
3357. -0.478955150 0.136155464 -0.174504070 0.001671262 0.024219333 -0.004331495 0.999695888
3358. -0.478951938 0.136233877 -0.174516194 0.001692094 0.024214218 -0.004322321 0.999696017
3359. -0.478917503 0.136271142 -0.174508117 0.001716585 0.024206710 -0.004331996 0.999696115
3360. -0.479096268 0.136266285 -0.174572999 0.001707251 0.024250088 -0.004330559 0.999695086
3361. -0.479110239 0.136189785 -0.174562955 0.001693782 0.024246715 -0.004307359 0.999695291
3362. -0.479185414 0.136231693 -0.174628813 0.001711115 0.024268149 -0.004321337 0.999694681
3363. -0.479043686 0.136254669 -0.174503611 0.001710817 0.024233321 -0.004299342 0.999695621
3364. -0.479014339 0.136348381 -0.174529726 0.001737231 0.024224434 -0.004301737 0.999695781
3365. -0.478982629 0.136213442 -0.174525478 0.001700245 0.024219210 -0.004300326 0.999695977
3366. -0.478903708 0.136084736 -0.174362139 0.001671415 0.024201621 -0.004335838 0.999696298
3367. -0.478954150 0.136278928 -0.174356222 0.001717874 0.024218579 -0.004335986 0.999695808
3368. -0.478825907 0.136090400 -0.174322260 0.001682079 0.024192072 -0.004350284 0.999696449
3369. -0.478759702 0.136348970 -0.174308030 0.001750076 0.024177951 -0.004361132 0.999696626
3370. -0.478821597 0.136139906 -0.174340973 0.001691564 0.024188889 -0.004369661 0.999696425
3371. -0.478800737 0.135899272 -0.174297394 0.001637898 0.024190603 -0.004362260 0.999696505
3372. -0.478694828 0.135971476 -0.174258949 0.001654885 0.024171071 -0.004341475 0.999697040
3373. -0.478564293 0.135843978 -0.174155646 0.001620848 0.024142640 -0.004361464 0.999697696
3374. -0.478583297 0.136177464 -0.174223487 0.001707725 0.024151045 -0.004362404 0.999697344
3375. -0.478309532 0.135958953 -0.174102524 0.001660922 0.024063478 -0.004287279 0.999699860
3376. -0.478331549 0.136145850 -0.174047735 0.001706524 0.024086524 -0.004345683 0.999698976
3377. -0.478438240 0.136052526 -0.174168640 0.001685066 0.024112177 -0.004321688 0.999698498
3378. -0.478437469 0.136020381 -0.174157017 0.001669413 0.024117156 -0.004334703 0.999698348
3379. -0.478347506 0.136205311 -0.174128856 0.001724603 0.024097097 -0.004339706 0.999698716
3380. -0.478568770 0.135893959 -0.174212361 0.001642205 0.024142694 -0.004330408 0.999697795
3381. -0.478585076 0.135963906 -0.174131895 0.001660022 0.024138209 -0.004347024 0.999697802
3382. -0.478462694 0.135974222 -0.174114347 0.001661964 0.024113016 -0.004352243 0.999698384
3383. -0.478747883 0.136010466 -0.174242864 0.001668165 0.024177061 -0.004353575 0.999696821
3384. -0.478651803 0.136201866 -0.174294908 0.001716195 0.024154652 -0.004327533 0.999697394
3385. -0.478637417 0.136196290 -0.174299234 0.001710424 0.024149154 -0.004341321 0.999697477
3386. -0.478413170 0.136034343 -0.174178256 0.001675302 0.024110677 -0.004319036 0.999698562
3387. -0.478591675 0.135921906 -0.174210931 0.001639202 0.024135799 -0.004258639 0.999698275
3388. -0.478289047 0.135952750 -0.174023295 0.001649744 0.024076181 -0.004285079 0.999699582
3389. -0.478410016 0.135886512 -0.174034813 0.001641205 0.024101934 -0.004290603 0.999698952
3390. -0.478663302 0.135650484 -0.174216965 0.001579846 0.024162384 -0.004295505 0.999697570
3391. -0.478761431 0.135714038 -0.174220762 0.001601407 0.024178596 -0.004265178 0.999697274
3392. -0.478777180 0.135881206 -0.174286511 0.001645742 0.024191623 -0.004275466 0.999696843
3393. -0.478751468 0.136018706 -0.174214573 0.001676424 0.024195693 -0.004350740 0.999696368
3394. -0.478580075 0.135615372 -0.174140594 0.001585691 0.024154990 -0.004311166 0.999697672
3395. -0.478463344 0.135669796 -0.174159830 0.001597718 0.024131778 -0.004321063 0.999698171
3396. -0.478497204 0.135552465 -0.174148254 0.001558069 0.024142886 -0.004322051 0.999697961
3397. -0.478662593 0.135648653 -0.174267168 0.001587032 0.024172010 -0.004328549 0.999697184
3398. -0.478664675 0.135584943 -0.174218993 0.001564160 0.024174517 -0.004336851 0.999697123
3399. -0.478596480 0.135615670 -0.174183435 0.001588924 0.024168665 -0.004378880 0.999697042
3400. -0.478600857 0.135762855 -0.174224434 0.001628275 0.024172200 -0.004397457 0.999696812
3401. -0.478621466 0.135793584 -0.174302114 0.001637216 0.024183399 -0.004381792 0.999696595
3402. -0.478703541 0.135597949 -0.174374835 0.001591584 0.024193023 -0.004387767 0.999696410
3403. -0.478729147 0.135666727 -0.174417807 0.001607600 0.024192751 -0.004385980 0.999696399
3404. -0.478712997 0.135668968 -0.174533523 0.001612481 0.024173289 -0.004357425 0.999696987
3405. -0.478619992 0.135748317 -0.174441396 0.001631384 0.024156312 -0.004407321 0.999697147
3406. -0.478607109 0.135671530 -0.174471859 0.001608883 0.024151319 -0.004354967 0.999697534
3407. -0.478564554 0.135699820 -0.174502923 0.001620016 0.024145760 -0.004391594 0.999697490
3408. -0.478645609 0.135787918 -0.174495768 0.001644255 0.024168937 -0.004375886 0.999696959
3409. -0.478662222 0.135617096 -0.174502745 0.001601278 0.024174022 -0.004373373 0.999696917
3410. -0.478253740 0.135492680 -0.174293354 0.001559685 0.024083807 -0.004361535 0.999699212
3411. -0.478532592 0.135709176 -0.174380303 0.001617401 0.024145002 -0.004325275 0.999697802
3412. -0.478577228 0.135569656 -0.174300654 0.001578222 0.024148317 -0.004343373 0.999697706
3413. -0.478657241 0.135780592 -0.174458873 0.001631895 0.024175097 -0.004357269 0.999696912
3414. -0.478534568 0.135612915 -0.174406877 0.001593465 0.024142204 -0.004342403 0.999697834
3415. -0.478633662 0.135598457 -0.174381419 0.001593909 0.024158323 -0.004310966 0.999697580
3416. -0.478673409 0.135642015 -0.174475641 0.001605304 0.024171914 -0.004352267 0.999697054
3417. -0.478548112 0.135638888 -0.174350881 0.001610683 0.024130781 -0.004379711 0.999697919
3418. -0.478520743 0.135567164 -0.174334916 0.001598947 0.024136561 -0.004372757 0.999697829
3419. -0.478535237 0.135478295 -0.174260697 0.001573258 0.024138476 -0.004335922 0.999697984
3420. -0.478430699 0.135499524 -0.174118071 0.001579667 0.024120164 -0.004360826 0.999698307
3421. -0.478188644 0.135474838 -0.174021181 0.001578354 0.024066602 -0.004363701 0.999699588
3422. -0.478483119 0.135579663 -0.174115680 0.001609574 0.024117917 -0.004379213 0.999698233
3423. -0.478305790 0.135711621 -0.174109984 0.001642284 0.024073573 -0.004364895 0.999699312
3424. -0.478490851 0.135834029 -0.174181233 0.001673494 0.024121208 -0.004367454 0.999698100
3425. -0.478190685 0.135835057 -0.174042372 0.001679747 0.024063509 -0.004409642 0.999699295
3426. -0.478221522 0.135815020 -0.174121181 0.001681123 0.024062303 -0.004398982 0.999699369
3427. -0.478084151 0.135964888 -0.174099571 0.001718445 0.024039541 -0.004387024 0.999699906
3428. -0.478133540 0.135737576 -0.174062791 0.001658613 0.024054391 -0.004362165 0.999699758
3429. -0.477975699 0.135818731 -0.174014274 0.001683711 0.024027410 -0.004348178 0.999700426
3430. -0.478123193 0.135753220 -0.174060800 0.001657755 0.024052727 -0.004392600 0.999699667
3431. -0.477813415 0.135795481 -0.173974683 0.001674290 0.023977376 -0.004383787 0.999701488
3432. -0.477988040 0.135874186 -0.173988556 0.001693651 0.024016574 -0.004379096 0.999700535
3433. -0.478076901 0.135783589 -0.174039643 0.001670225 0.024040353 -0.004346134 0.999700146
3434. -0.478211094 0.135871764 -0.174134207 0.001689536 0.024069713 -0.004362739 0.999699335
3435. -0.478376769 0.135791317 -0.174203150 0.001672499 0.024101814 -0.004369916 0.999698559
3436. -0.478395985 0.135830205 -0.174216581 0.001675433 0.024115326 -0.004382425 0.999698174
3437. -0.478329675 0.135682227 -0.174149338 0.001639105 0.024104349 -0.004356545 0.999698612
3438. -0.478423448 0.135733965 -0.174153426 0.001649249 0.024122111 -0.004381096 0.999698059
3439. -0.478469592 0.135768930 -0.174271530 0.001666813 0.024122680 -0.004370073 0.999698065
3440. -0.478220233 0.135652518 -0.174164305 0.001635045 0.024067201 -0.004342792 0.999699573
3441. -0.478657550 0.135678198 -0.174381757 0.001642827 0.024153887 -0.004332070 0.999697516
3442. -0.478007698 0.135651344 -0.174119114 0.001643005 0.024016549 -0.004350140 0.999700746
3443. -0.478505031 0.135821482 -0.174317650 0.001679730 0.024123891 -0.004367160 0.999698027
3444. -0.478520107 0.135821380 -0.174308019 0.001682481 0.024126756 -0.004395285 0.999697830
3445. -0.478590635 0.135783911 -0.174381066 0.001677718 0.024143886 -0.004378206 0.999697499
3446. -0.478342678 0.135983535 -0.174225561 0.001726105 0.024091001 -0.004357079 0.999698785
3447. -0.478554753 0.135842565 -0.174351502 0.001689006 0.024134674 -0.004357979 0.999697791
3448. -0.478582419 0.135730987 -0.174425742 0.001656506 0.024147464 -0.004347971 0.999697580
3449. -0.478482063 0.135793803 -0.174255433 0.001677017 0.024117234 -0.004387727 0.999698102
3450. -0.478543493 0.135643863 -0.174224810 0.001639996 0.024129784 -0.004380818 0.999697891
3451. -0.478465246 0.135783499 -0.174208797 0.001685252 0.024107396 -0.004365129 0.999698424
3452. -0.478542589 0.135737740 -0.174219631 0.001668520 0.024123623 -0.004364463 0.999698064
3453. -0.478564043 0.135740931 -0.174151760 0.001666678 0.024137168 -0.004360407 0.999697757
3454. -0.478622626 0.135710702 -0.174139751 0.001657223 0.024149298 -0.004387005 0.999697364
3455. -0.478613833 0.135728933 -0.174187662 0.001662894 0.024140312 -0.004383865 0.999697585
3456. -0.478652565 0.135769089 -0.174116347 0.001673369 0.024150314 -0.004393084 0.999697286
3457. -0.478262764 0.135966930 -0.173950613 0.001729518 0.024061391 -0.004407327 0.999699272
3458. -0.478348485 0.135953380 -0.174003437 0.001731694 0.024072593 -0.004336601 0.999699307
3459. -0.478015297 0.135891290 -0.173887617 0.001707042 0.024005305 -0.004352023 0.999700901
3460. -0.478260301 0.135997091 -0.174022279 0.001742424 0.024057521 -0.004353295 0.999699579
3461. -0.478247744 0.135992630 -0.173894171 0.001756222 0.024045910 -0.004391469 0.999699667
3462. -0.478288530 0.135789187 -0.174008590 0.001707467 0.024069455 -0.004371121 0.999699274
3463. -0.478496057 0.135748718 -0.173998705 0.001692489 0.024110935 -0.004352699 0.999698381
3464. -0.478548642 0.135813966 -0.174128598 0.001709436 0.024121147 -0.004343557 0.999698145
3465. -0.478741290 0.135762012 -0.174170267 0.001696340 0.024163238 -0.004354416 0.999697104
3466. -0.478649431 0.135764486 -0.174148640 0.001707107 0.024139923 -0.004386492 0.999697509
3467. -0.478806474 0.136046286 -0.174201557 0.001780167 0.024182194 -0.004398807 0.999696305
3468. -0.478309483 0.136177913 -0.173937021 0.001815082 0.024065620 -0.004401123 0.999699045
3469. -0.478442813 0.136170863 -0.174041934 0.001808215 0.024102448 -0.004399622 0.999698177
3470. -0.478511384 0.135990577 -0.174004543 0.001760786 0.024115094 -0.004379545 0.999698045
3471. -0.478628737 0.135811155 -0.174127497 0.001707185 0.024143165 -0.004366838 0.999697516
3472. -0.478976691 0.135621114 -0.174125138 0.001656947 0.024215826 -0.004350871 0.999695913
3473. -0.478499137 0.136043558 -0.173979882 0.001768029 0.024108788 -0.004375311 0.999698203
3474. -0.478338892 0.135882134 -0.173952833 0.001736821 0.024075248 -0.004381171 0.999699040
3475. -0.478370579 0.135870899 -0.174022327 0.001732107 0.024083571 -0.004371581 0.999698890
3476. -0.478443063 0.136035696 -0.173904146 0.001775563 0.024099252 -0.004389068 0.999698359
3477. -0.478343692 0.135765475 -0.173943794 0.001708000 0.024077530 -0.004415684 0.999698883
3478. -0.478171985 0.135791069 -0.173858891 0.001719231 0.024033242 -0.004395238 0.999700020
3479. -0.478435742 0.135854767 -0.173947849 0.001739223 0.024093750 -0.004412025 0.999698455
3480. -0.478485025 0.135683203 -0.173943633 0.001700012 0.024108527 -0.004385566 0.999698282
3481. -0.478499282 0.135788292 -0.174003559 0.001736459 0.024110345 -0.004414629 0.999698048
3482. -0.478255622 0.135604461 -0.173915979 0.001685959 0.024061546 -0.004402915 0.999699362
3483. -0.478475485 0.135486711 -0.173974121 0.001655721 0.024099062 -0.004383300 0.999698595
3484. -0.478490296 0.135672517 -0.173968481 0.001708702 0.024100369 -0.004378413 0.999698496
3485. -0.478490713 0.135871388 -0.174007565 0.001751468 0.024101885 -0.004407646 0.999698257
3486. -0.478449225 0.135742745 -0.173863622 0.001726384 0.024090385 -0.004415634 0.999698542
3487. -0.478456673 0.135900560 -0.173912793 0.001762124 0.024083882 -0.004406009 0.999698679
3488. -0.478520455 0.135977544 -0.173908564 0.001782603 0.024105771 -0.004432727 0.999697997
3489. -0.478530781 0.135559646 -0.173902391 0.001673925 0.024105111 -0.004425545 0.999698233
3490. -0.478293013 0.135844144 -0.173775237 0.001749285 0.024043154 -0.004401213 0.999699703
3491. -0.478365357 0.135919651 -0.173730623 0.001767124 0.024058639 -0.004388275 0.999699356
3492. -0.478440195 0.135882098 -0.173811080 0.001761567 0.024082675 -0.004395993 0.999698753
3493. -0.478468508 0.135901767 -0.173804962 0.001768295 0.024075956 -0.004414427 0.999698822
3494. -0.478270591 0.135861619 -0.173813776 0.001757697 0.024041942 -0.004396332 0.999699739
3495. -0.478083722 0.135916774 -0.173706697 0.001778512 0.024006816 -0.004394018 0.999700556
3496. -0.478132962 0.135631960 -0.173636222 0.001705843 0.024015569 -0.004408494 0.999700409
3497. -0.478127421 0.135746603 -0.173714891 0.001740564 0.024011309 -0.004383997 0.999700559
3498. -0.477289580 0.136063130 -0.173435474 0.001817079 0.023831442 -0.004402340 0.999704646
3499. -0.477589692 0.136073983 -0.173577721 0.001825877 0.023897071 -0.004399669 0.999703075
3500. -0.477541621 0.135940194 -0.173510339 0.001790036 0.023887522 -0.004372986 0.999703486
3501. -0.477586526 0.136024427 -0.173552760 0.001814919 0.023905526 -0.004396919 0.999702905
3502. -0.477603751 0.135997630 -0.173526291 0.001803284 0.023900418 -0.004373143 0.999703153
3503. -0.477292424 0.136019520 -0.173359254 0.001822694 0.023841187 -0.004402468 0.999704403
3504. -0.477443494 0.135982904 -0.173402384 0.001803328 0.023875671 -0.004388998 0.999703675
3505. -0.477545213 0.135967533 -0.173442249 0.001807802 0.023892956 -0.004387937 0.999703258
3506. -0.477540257 0.135811740 -0.173396466 0.001758085 0.023889812 -0.004365571 0.999703520
3507. -0.477639954 0.135705827 -0.173488733 0.001736281 0.023925106 -0.004382560 0.999702640
3508. -0.477362974 0.135599137 -0.173430580 0.001717464 0.023863205 -0.004382431 0.999704152
3509. -0.477493347 0.135869293 -0.173568929 0.001785851 0.023888745 -0.004412016 0.999703292
3510. -0.477528895 0.136116042 -0.173518381 0.001847130 0.023896666 -0.004421630 0.999702949
3511. -0.477619688 0.136110534 -0.173479298 0.001851584 0.023906348 -0.004441116 0.999702623
3512. -0.477530567 0.136144431 -0.173507042 0.001862332 0.023883564 -0.004439792 0.999703154
3513. -0.478008955 0.135994752 -0.173603500 0.001821498 0.023998744 -0.004410980 0.999700598
3514. -0.477839950 0.136040022 -0.173549961 0.001846440 0.023950722 -0.004429880 0.999701620
3515. -0.477961279 0.136098635 -0.173582052 0.001851985 0.023980817 -0.004420481 0.999700930
3516. -0.477908697 0.135934437 -0.173633854 0.001813841 0.023966846 -0.004401453 0.999701419
3517. -0.477832152 0.135984835 -0.173642007 0.001826812 0.023957333 -0.004437903 0.999701462
3518. -0.478097199 0.135949899 -0.173864480 0.001817822 0.024017000 -0.004427997 0.999700091
3519. -0.478025640 0.135923817 -0.173740063 0.001810953 0.023994945 -0.004420603 0.999700666
3520. -0.478052889 0.135870402 -0.173739813 0.001792830 0.023994844 -0.004389219 0.999700839
3521. -0.477819621 0.135734235 -0.173646578 0.001759065 0.023952404 -0.004399107 0.999701874
3522. -0.477808095 0.135727058 -0.173481258 0.001766670 0.023943633 -0.004422549 0.999701967
3523. -0.477997655 0.136063499 -0.173634204 0.001852198 0.023981208 -0.004420632 0.999700920
3524. -0.478144308 0.135954508 -0.173716922 0.001813650 0.024020244 -0.004413865 0.999700083
3525. -0.477866299 0.136025022 -0.173602394 0.001841737 0.023956777 -0.004390430 0.999701658
3526. -0.478022201 0.136049161 -0.173804427 0.001841638 0.023985932 -0.004377474 0.999701016
3527. -0.478044872 0.135967570 -0.173696700 0.001825280 0.023994437 -0.004379217 0.999700834
3528. -0.478148612 0.135981373 -0.173730725 0.001823359 0.024022279 -0.004351629 0.999700289
3529. -0.478015392 0.135824504 -0.173756909 0.001786266 0.023995998 -0.004364186 0.999700933
3530. -0.478210535 0.135829993 -0.173856986 0.001782817 0.024037004 -0.004376033 0.999699902
3531. -0.478116942 0.135908059 -0.173875120 0.001815896 0.024014461 -0.004406736 0.999700249
3532. -0.477821263 0.135516406 -0.173785628 0.001709092 0.023944505 -0.004348899 0.999702369
3533. -0.478302231 0.135893330 -0.173970649 0.001797459 0.024059213 -0.004344193 0.999699481
3534. -0.478292536 0.135909478 -0.174138088 0.001809067 0.024063144 -0.004360477 0.999699294
3535. -0.478188460 0.135708300 -0.174046597 0.001757884 0.024042488 -0.004370335 0.999699839
3536. -0.478201600 0.135781258 -0.173994786 0.001775009 0.024040947 -0.004377026 0.999699817
3537. -0.478126703 0.135844919 -0.173976340 0.001804154 0.024021536 -0.004406549 0.999700102
3538. -0.478145277 0.135639134 -0.173953905 0.001742285 0.024024615 -0.004374643 0.999700277
3539. -0.477952484 0.135794376 -0.173883767 0.001790728 0.023986567 -0.004411233 0.999700945
3540. -0.477966355 0.135533452 -0.173910428 0.001723901 0.023988610 -0.004369425 0.999701197
3541. -0.478005706 0.135636564 -0.173893002 0.001756035 0.024000324 -0.004406546 0.999700697
3542. -0.478080756 0.135622798 -0.173947971 0.001763228 0.024003751 -0.004393210 0.999700661
3543. -0.478607752 0.135330079 -0.174126200 0.001688750 0.024119522 -0.004405818 0.999697947
3544. -0.478325186 0.135590301 -0.174029988 0.001752195 0.024058542 -0.004392207 0.999699367
3545. -0.478458854 0.135474131 -0.174054344 0.001721428 0.024095385 -0.004401837 0.999698491
3546. -0.478423922 0.135361110 -0.174001810 0.001713094 0.024074514 -0.004369556 0.999699150
3547. -0.478220355 0.135401207 -0.173926598 0.001704227 0.024031596 -0.004370509 0.999700193
3548. -0.478235368 0.135589627 -0.173812289 0.001752583 0.024029663 -0.004386343 0.999700087
3549. -0.478393413 0.135606918 -0.173922863 0.001755809 0.024053901 -0.004366817 0.999699584
3550. -0.478333918 0.135429921 -0.173994619 0.001711499 0.024047030 -0.004372792 0.999699800
3551. -0.478516307 0.135680144 -0.174039400 0.001777636 0.024089752 -0.004361531 0.999698705
3552. -0.478274525 0.135856625 -0.173970295 0.001825671 0.024035823 -0.004340117 0.999700010
3553. -0.478449492 0.136064036 -0.173995161 0.001878501 0.024075933 -0.004378395 0.999698780
3554. -0.478454888 0.135887117 -0.174091789 0.001833575 0.024074228 -0.004351074 0.999699024
3555. -0.478496185 0.135924088 -0.174105858 0.001852612 0.024083299 -0.004368072 0.999698696
3556. -0.478465428 0.136025866 -0.174044140 0.001871101 0.024072763 -0.004393567 0.999698803
3557. -0.478337859 0.135911055 -0.173999319 0.001840768 0.024047999 -0.004394299 0.999699453
3558. -0.478278275 0.136041998 -0.174053782 0.001878062 0.024041379 -0.004395203 0.999699538
3559. -0.478269343 0.136045650 -0.173984078 0.001874117 0.024038299 -0.004431303 0.999699461
3560. -0.478348710 0.136065914 -0.174026430 0.001879981 0.024063452 -0.004390330 0.999699025
3561. -0.478156136 0.135982443 -0.173952383 0.001868597 0.024015740 -0.004383449 0.999700224
3562. -0.478149756 0.135962363 -0.173912959 0.001857300 0.024012016 -0.004373924 0.999700376
3563. -0.477882659 0.136091501 -0.173806297 0.001887817 0.023961801 -0.004399019 0.999701414
3564. -0.477918354 0.136132391 -0.173835366 0.001899491 0.023964527 -0.004355738 0.999701516
3565. -0.477947827 0.136171344 -0.173736834 0.001893906 0.023978416 -0.004325047 0.999701327
3566. -0.477810870 0.136233002 -0.173756235 0.001911950 0.023944384 -0.004324372 0.999702111
3567. -0.477853191 0.136231815 -0.173799111 0.001913740 0.023957555 -0.004368319 0.999701601
3568. -0.477918953 0.135990068 -0.173873898 0.001845383 0.023965287 -0.004366450 0.999701552
3569. -0.478249475 0.135904283 -0.173927754 0.001828009 0.024036403 -0.004393522 0.999699758
3570. -0.478270843 0.135809995 -0.173895703 0.001810459 0.024043323 -0.004353450 0.999699799
3571. -0.478373974 0.135852824 -0.173948798 0.001809793 0.024058688 -0.004373783 0.999699342
3572. -0.478151575 0.135975578 -0.173922167 0.001849436 0.024015995 -0.004378027 0.999700277
3573. -0.478159523 0.136049377 -0.173915389 0.001867583 0.024009836 -0.004393793 0.999700322
3574. -0.478094674 0.136123795 -0.173935833 0.001896335 0.023999594 -0.004402475 0.999700476
3575. -0.478263738 0.136270714 -0.173965271 0.001931169 0.024037908 -0.004375924 0.999699605
3576. -0.478139194 0.136064305 -0.173898385 0.001876619 0.024011843 -0.004343158 0.999700478
3577. -0.478050244 0.136147523 -0.173814473 0.001909184 0.023986587 -0.004369672 0.999700908
3578. -0.478220921 0.135950710 -0.173850268 0.001860489 0.024027491 -0.004369739 0.999700017
3579. -0.477651407 0.136129238 -0.173640298 0.001898456 0.023910587 -0.004372010 0.999702738
3580. -0.477729010 0.135949964 -0.173667085 0.001849177 0.023918534 -0.004335138 0.999702801
3581. -0.477797135 0.135886953 -0.173691507 0.001828683 0.023944622 -0.004398006 0.999701940
3582. -0.478179529 0.135832319 -0.173842042 0.001823251 0.024022754 -0.004411930 0.999700014
3583. -0.478415251 0.135791700 -0.173978196 0.001822621 0.024067335 -0.004399801 0.999698996
3584. -0.478078549 0.135954913 -0.173780515 0.001850977 0.023988883 -0.004390302 0.999700872
3585. -0.478279949 0.136146840 -0.173888838 0.001909353 0.024035439 -0.004399488 0.999699603
3586. -0.477941203 0.136038123 -0.173662737 0.001887464 0.023962328 -0.004399356 0.999701400
3587. -0.477900474 0.136508167 -0.173761488 0.001993627 0.023954844 -0.004400002 0.999701371
3588. -0.477743191 0.136309571 -0.173649949 0.001941142 0.023924454 -0.004415396 0.999702134
3589. -0.477720700 0.136205194 -0.173654592 0.001916301 0.023923210 -0.004408684 0.999702241
3590. -0.477756952 0.136226648 -0.173707133 0.001924861 0.023931297 -0.004392255 0.999702104
3591. -0.477664631 0.136362456 -0.173702295 0.001962641 0.023900724 -0.004391801 0.999702764
3592. -0.477600925 0.136362153 -0.173641452 0.001958927 0.023894057 -0.004403690 0.999702878
3593. -0.478152524 0.136272581 -0.173883524 0.001944611 0.024009694 -0.004400327 0.999700150
3594. -0.478102937 0.136134787 -0.173925039 0.001906398 0.024001710 -0.004405317 0.999700393
3595. -0.477993767 0.136354214 -0.173957845 0.001966188 0.023977912 -0.004426475 0.999700755
3596. -0.478086981 0.136409139 -0.174027156 0.001975892 0.024005251 -0.004432244 0.999700055
3597. -0.478108388 0.136426187 -0.173988390 0.001974408 0.024008441 -0.004422572 0.999700024
3598. -0.478263153 0.136307544 -0.174061380 0.001954804 0.024041432 -0.004420018 0.999699281
3599. -0.477883142 0.136456306 -0.173886280 0.001997921 0.023963515 -0.004420336 0.999701065
3600. -0.477965815 0.136526423 -0.173954102 0.002014155 0.023979368 -0.004402632 0.999700730
3601. -0.477530205 0.136550847 -0.173805017 0.002019782 0.023886055 -0.004395037 0.999702986
3602. -0.477601030 0.136540470 -0.173908497 0.002030474 0.023897293 -0.004407452 0.999702641
3603. -0.477511250 0.136407618 -0.173885761 0.002001670 0.023870002 -0.004376810 0.999703486
3604. -0.477633343 0.136060792 -0.173857608 0.001912886 0.023892499 -0.004377579 0.999703119
3605. -0.477732718 0.136167993 -0.173840188 0.001941331 0.023912870 -0.004366481 0.999702626
3606. -0.477849110 0.136168068 -0.173719076 0.001940650 0.023934944 -0.004398846 0.999701957
3607. -0.477762945 0.136056582 -0.173697682 0.001898123 0.023921248 -0.004360086 0.999702536
3608. -0.477920092 0.135903917 -0.173798712 0.001873552 0.023948217 -0.004332332 0.999702057
3609. -0.478054070 0.135982715 -0.173889723 0.001898908 0.023980157 -0.004354707 0.999701147
3610. -0.477975065 0.135983935 -0.173873616 0.001894120 0.023959132 -0.004341475 0.999701717
3611. -0.478149005 0.135941665 -0.173962367 0.001886905 0.023999488 -0.004376413 0.999700611
3612. -0.477844084 0.136245440 -0.173786071 0.001955234 0.023931372 -0.004369163 0.999702144
3613. -0.477975814 0.136139786 -0.173931534 0.001922691 0.023967866 -0.004368307 0.999701337
3614. -0.477802811 0.136110635 -0.173763212 0.001925713 0.023932354 -0.004401162 0.999702038
3615. -0.477747865 0.136341503 -0.173753682 0.001984542 0.023913112 -0.004414425 0.999702324
3616. -0.477699845 0.136162376 -0.173768453 0.001937070 0.023902484 -0.004409093 0.999702695
3617. -0.477661460 0.136309311 -0.173742207 0.001976520 0.023894861 -0.004400596 0.999702838
3618. -0.477790364 0.136182225 -0.173897430 0.001952285 0.023919645 -0.004417038 0.999702220
3619. -0.477515340 0.136068781 -0.173821745 0.001930050 0.023865318 -0.004418080 0.999703557
3620. -0.477431500 0.136041927 -0.173736527 0.001938763 0.023850493 -0.004419009 0.999703890
3621. -0.477754045 0.136092336 -0.173848041 0.001939216 0.023912910 -0.004379174 0.999702573
3622. -0.477687106 0.136078198 -0.173780161 0.001938706 0.023899461 -0.004406679 0.999702775
3623. -0.477737710 0.136188053 -0.173815599 0.001971171 0.023914968 -0.004395233 0.999702391
3624. -0.477621882 0.136220710 -0.173846904 0.001982440 0.023886087 -0.004403338 0.999703024
3625. -0.477428571 0.136442829 -0.173768655 0.002039850 0.023845442 -0.004451280 0.999703666
3626. -0.477498590 0.136250095 -0.173763654 0.002000142 0.023859010 -0.004422432 0.999703551
3627. -0.477560369 0.136235049 -0.173826810 0.002002744 0.023880604 -0.004438701 0.999702958
3628. -0.477634848 0.136422381 -0.173786849 0.002051667 0.023895727 -0.004454672 0.999702426
3629. -0.477752917 0.136210360 -0.173831310 0.002001733 0.023912624 -0.004481227 0.999702005
3630. -0.477410351 0.136175976 -0.173787810 0.001998528 0.023843117 -0.004481866 0.999703668
3631. -0.477556933 0.136151338 -0.173819620 0.002000243 0.023876078 -0.004454537 0.999703000
3632. -0.477635816 0.136320866 -0.173695304 0.002035857 0.023895857 -0.004496329 0.999702269
3633. -0.477735257 0.136412778 -0.173777932 0.002049275 0.023912307 -0.004505451 0.999701807
3634. -0.477625060 0.136357438 -0.173752698 0.002040067 0.023884011 -0.004497498 0.999702538
3635. -0.477650860 0.136353167 -0.173783956 0.002050496 0.023874382 -0.004505469 0.999702711
3636. -0.477722271 0.136397785 -0.173636711 0.002071021 0.023896922 -0.004501192 0.999702149
3637. -0.477699586 0.136387058 -0.173614602 0.002064581 0.023892025 -0.004502450 0.999702274
3638. -0.477788096 0.136310057 -0.173582520 0.002044530 0.023918708 -0.004512968 0.999701630
3639. -0.477766755 0.136405486 -0.173609645 0.002067837 0.023900082 -0.004464843 0.999702243
3640. -0.477557978 0.136437515 -0.173564548 0.002083491 0.023859072 -0.004513278 0.999702973
3641. -0.477805105 0.136476748 -0.173567302 0.002091463 0.023911387 -0.004516511 0.999701692
3642. -0.478315287 0.136048873 -0.173662256 0.001980766 0.024016568 -0.004499319 0.999699473
3643. -0.478308315 0.136095268 -0.173626322 0.001986691 0.024014711 -0.004507481 0.999699469
3644. -0.478372998 0.136053140 -0.173671511 0.001982677 0.024024738 -0.004528894 0.999699140
3645. -0.478394463 0.136146018 -0.173742022 0.002006821 0.024030026 -0.004519978 0.999699005
3646. -0.478364401 0.136223867 -0.173830302 0.002028127 0.024012778 -0.004537016 0.999699299
3647. -0.478226102 0.136023181 -0.173703629 0.001971768 0.023991075 -0.004542132 0.999699910
3648. -0.478359928 0.136177700 -0.173786637 0.002008268 0.024020580 -0.004478262 0.999699417
3649. -0.478156081 0.136407830 -0.173666157 0.002069274 0.023976589 -0.004508316 0.999700213
3650. -0.478334428 0.136330268 -0.173723240 0.002045917 0.024007609 -0.004493698 0.999699583
3651. -0.478345230 0.136264731 -0.173650480 0.002036497 0.024018462 -0.004514819 0.999699246
3652. -0.478013962 0.136157147 -0.173634735 0.002013339 0.023950887 -0.004524004 0.999700873
3653. -0.477853767 0.136094079 -0.173547385 0.001995758 0.023895225 -0.004459153 0.999702531
3654. -0.478054045 0.136206958 -0.173515938 0.002021018 0.023947078 -0.004482201 0.999701137
3655. -0.478106804 0.136359316 -0.173562127 0.002049761 0.023961455 -0.004493439 0.999700683
3656. -0.478105810 0.136316861 -0.173533499 0.002056545 0.023953595 -0.004504098 0.999700810
3657. -0.478151547 0.136300826 -0.173645237 0.002041589 0.023970336 -0.004496085 0.999700475
3658. -0.478657165 0.136020391 -0.173733422 0.001965019 0.024068935 -0.004464742 0.999698400
3659. -0.478677061 0.136105178 -0.173743488 0.001984465 0.024069705 -0.004448386 0.999698416
3660. -0.478480659 0.135692003 -0.173775142 0.001897428 0.024035783 -0.004421018 0.999699523
3661. -0.478603353 0.135729772 -0.173809162 0.001907064 0.024061104 -0.004480709 0.999698629
3662. -0.478688290 0.135840657 -0.173892395 0.001938990 0.024077951 -0.004445890 0.999698318
3663. -0.478421178 0.135975952 -0.173725571 0.001977709 0.024021780 -0.004493772 0.999699379
3664. -0.478508202 0.135944689 -0.173766225 0.001972201 0.024039679 -0.004492720 0.999698965
3665. -0.478368180 0.136096988 -0.173759452 0.002002308 0.024016172 -0.004505848 0.999699411
3666. -0.478520043 0.135758919 -0.173738945 0.001932487 0.024048036 -0.004494511 0.999698833
3667. -0.478758344 0.135914635 -0.173823463 0.001958298 0.024101383 -0.004499839 0.999697474
3668. -0.478675746 0.135930520 -0.173827813 0.001972331 0.024089374 -0.004514395 0.999697670
3669. -0.478736961 0.135971576 -0.173868809 0.001977361 0.024104855 -0.004520767 0.999697259
3670. -0.478842523 0.135582435 -0.173857306 0.001882973 0.024131087 -0.004534741 0.999696745
3671. -0.478671066 0.135675934 -0.173869992 0.001917225 0.024098972 -0.004533866 0.999697458
3672. -0.478867038 0.135467800 -0.173925451 0.001803713 0.024173381 -0.004305412 0.999696883
3673. -0.478549982 0.135559271 -0.173091575 0.001893391 0.024093589 -0.004449157 0.999698014
3674. -0.478510646 0.135520275 -0.173041962 0.001907144 0.024072248 -0.004389710 0.999698765
3675. -0.479072719 0.136015950 -0.174029896 0.002006387 0.024156361 -0.004427013 0.999696377
3676. -0.479002858 0.136161002 -0.174047222 0.002073626 0.024139697 -0.004565972 0.999696017
3677. -0.479033000 0.136128434 -0.174110597 0.002053490 0.024141287 -0.004560206 0.999696047
3678. -0.478821752 0.136104139 -0.173890245 0.002055275 0.024110831 -0.004514505 0.999696986
3679. -0.478689356 0.136051268 -0.173716944 0.002048113 0.024085354 -0.004516477 0.999697605
3680. -0.479398650 0.135914416 -0.173902485 0.002009472 0.024252670 -0.004530302 0.999693576
3681. -0.480214423 0.135856446 -0.174014830 0.001985727 0.024409664 -0.004514241 0.999689875
3682. -0.480248159 0.135894004 -0.173972476 0.002003364 0.024418566 -0.004524708 0.999689575
3683. -0.480309238 0.136169738 -0.174096007 0.002065691 0.024429133 -0.004529710 0.999689168
3684. -0.480261750 0.135990813 -0.174011431 0.002034439 0.024421789 -0.004505368 0.999689521
3685. -0.480177624 0.135847825 -0.174040253 0.002008174 0.024401422 -0.004475957 0.999690204
3686. -0.480151473 0.135916821 -0.173799748 0.002020851 0.024387081 -0.004472249 0.999690545
3687. -0.480504380 0.137084040 -0.174082622 0.002283930 0.024450415 -0.004551490 0.999688074
3688. -0.480546417 0.137256843 -0.174084028 0.002327817 0.024460224 -0.004509482 0.999687923
3689. -0.480511881 0.137130897 -0.174101934 0.002305466 0.024459564 -0.004482840 0.999688111
3690. -0.480400517 0.137081839 -0.174098367 0.002289660 0.024436509 -0.004478005 0.999688733
3691. -0.480546496 0.137248285 -0.174085812 0.002333151 0.024456588 -0.004498628 0.999688048
3692. -0.480551910 0.137061591 -0.173991108 0.002284372 0.024458756 -0.004482331 0.999688181
3693. -0.480612835 0.137047001 -0.173979142 0.002285281 0.024473710 -0.004536186 0.999687570
3694. -0.480474839 0.137031904 -0.174017354 0.002288043 0.024451199 -0.004510948 0.999688229
3695. -0.480619828 0.137246896 -0.174321261 0.002358510 0.024473338 -0.004574936 0.999687233
3696. -0.480601412 0.137261690 -0.174217858 0.002359598 0.024454151 -0.004597807 0.999687595
3697. -0.480629831 0.137192793 -0.174320627 0.002348337 0.024470812 -0.004584333 0.999687275
3698. -0.480509438 0.137209961 -0.174256556 0.002344338 0.024448022 -0.004588321 0.999687824
3699. -0.480588290 0.137334742 -0.174329642 0.002383719 0.024465853 -0.004603628 0.999687224
3700. -0.480588459 0.137346955 -0.174176360 0.002381260 0.024448993 -0.004631852 0.999687512
3701. -0.480506558 0.137304476 -0.174205025 0.002379157 0.024443340 -0.004561196 0.999687980
3702. -0.480479162 0.137250336 -0.174237203 0.002362593 0.024438238 -0.004610572 0.999687918
3703. -0.480551289 0.137249677 -0.174273562 0.002367981 0.024453463 -0.004572006 0.999687710
3704. -0.480380197 0.136337532 -0.174052412 0.002133590 0.024411155 -0.004449320 0.999689825
3705. -0.479907111 0.136019224 -0.174429656 0.002074092 0.024345876 -0.004455908 0.999691513
3706. -0.479926695 0.136318901 -0.174502935 0.002146534 0.024350994 -0.004442153 0.999691297
3707. -0.480157307 0.136229372 -0.174510799 0.002121692 0.024389427 -0.004452019 0.999690369
3708. -0.480097161 0.136248671 -0.174730720 0.002128452 0.024386679 -0.004420766 0.999690560
3709. -0.479531676 0.135989915 -0.174324271 0.002069469 0.024222761 -0.004512242 0.999694261
3710. -0.479226601 0.136441845 -0.174022442 0.002203896 0.024149352 -0.004625888 0.999695230
3711. -0.479475985 0.136223894 -0.174055433 0.002159298 0.024206060 -0.004609688 0.999694031
3712. -0.479456892 0.136241569 -0.174138121 0.002169018 0.024209540 -0.004595446 0.999693991
3713. -0.479316036 0.136316585 -0.173931861 0.002178348 0.024181628 -0.004617906 0.999694543
3714. -0.479326135 0.136200626 -0.174035043 0.002155242 0.024184045 -0.004629113 0.999694482
3715. -0.479282778 0.136091201 -0.174073112 0.002139405 0.024163703 -0.004624516 0.999695030
3716. -0.479424451 0.136423726 -0.173994361 0.002216130 0.024195272 -0.004664724 0.999693912
3717. -0.479221358 0.136225478 -0.173940175 0.002174093 0.024151304 -0.004643763 0.999695165
3718. -0.479249575 0.136179530 -0.173900050 0.002154541 0.024157330 -0.004643817 0.999695062
3719. -0.479186803 0.136194894 -0.173877662 0.002159747 0.024147339 -0.004630299 0.999695355
3720. -0.479285159 0.136323454 -0.174047533 0.002182221 0.024177038 -0.004608642 0.999694688
3721. -0.479340027 0.136350560 -0.174039540 0.002186750 0.024188532 -0.004615557 0.999694368
3722. -0.479263751 0.136213856 -0.174011330 0.002166260 0.024162726 -0.004612943 0.999695049
3723. -0.479302352 0.136295191 -0.174107362 0.002189308 0.024177191 -0.004632132 0.999694560
3724. -0.479301520 0.136160736 -0.173998577 0.002144106 0.024182378 -0.004651757 0.999694442
3725. -0.479232403 0.136126288 -0.173978679 0.002143282 0.024170307 -0.004654569 0.999694722
3726. -0.479291789 0.136067291 -0.173978070 0.002125181 0.024182289 -0.004639480 0.999694541
3727. -0.479358271 0.136070149 -0.173941783 0.002118594 0.024186791 -0.004637949 0.999694453
3728. -0.479458084 0.136143224 -0.173895901 0.002132181 0.024211756 -0.004677128 0.999693638
3729. -0.479427537 0.136216280 -0.173936519 0.002142290 0.024206756 -0.004670705 0.999693767
3730. -0.479381787 0.136177391 -0.173996735 0.002142750 0.024203376 -0.004658858 0.999693903
3731. -0.479408089 0.136176178 -0.173932040 0.002161524 0.024200589 -0.004647809 0.999693982
3732. -0.479240958 0.136158144 -0.173856989 0.002136574 0.024163678 -0.004625750 0.999695031
3733. -0.479274156 0.136093270 -0.173886736 0.002134090 0.024165077 -0.004592904 0.999695154
3734. -0.479238311 0.135943323 -0.173872538 0.002087026 0.024169139 -0.004641949 0.999694928
3735. -0.478999335 0.136073128 -0.173815543 0.002123054 0.024120251 -0.004623580 0.999696118
3736. -0.479126008 0.136070742 -0.173777771 0.002123041 0.024142070 -0.004634602 0.999695540
3737. -0.479022795 0.136131430 -0.173750166 0.002138359 0.024122716 -0.004612130 0.999696079
3738. -0.479188201 0.136142783 -0.173778519 0.002146949 0.024154424 -0.004595282 0.999695373
3739. -0.479258873 0.136054518 -0.173850616 0.002122372 0.024170084 -0.004578479 0.999695124
3740. -0.479341160 0.136075617 -0.174014798 0.002130797 0.024191896 -0.004575793 0.999694590
3741. -0.479389182 0.136104025 -0.173997338 0.002134126 0.024199799 -0.004580254 0.999694372
3742. -0.479323472 0.136092625 -0.173952275 0.002137772 0.024183850 -0.004564329 0.999694823
3743. -0.479381598 0.136058923 -0.173908777 0.002127420 0.024198264 -0.004599090 0.999694337
3744. -0.479604785 0.135985025 -0.174198730 0.002127854 0.024242903 -0.004625640 0.999693132
3745. -0.479338504 0.135975801 -0.174166300 0.002124189 0.024201755 -0.004578266 0.999694354
3746. -0.479371749 0.136065317 -0.173953028 0.002132915 0.024199940 -0.004600001 0.999694280
3747. -0.479441321 0.135952972 -0.174149609 0.002117740 0.024226384 -0.004608837 0.999693631
3748. -0.479451168 0.135936638 -0.174117864 0.002115152 0.024223586 -0.004639814 0.999693561
3749. -0.479431064 0.136022795 -0.174168439 0.002141626 0.024217058 -0.004614426 0.999693780
3750. -0.479314832 0.135991188 -0.174060361 0.002140987 0.024188368 -0.004606479 0.999694513
3751. -0.479390686 0.135995296 -0.174074576 0.002137183 0.024206796 -0.004602287 0.999694094
3752. -0.479327682 0.135922979 -0.173996134 0.002115665 0.024200022 -0.004606883 0.999694283
3753. -0.479294069 0.135906283 -0.173971882 0.002107869 0.024189687 -0.004568987 0.999694724
3754. -0.479241419 0.135764423 -0.173908007 0.002074523 0.024172625 -0.004563674 0.999695230
3755. -0.479332421 0.135847946 -0.174001228 0.002094252 0.024195794 -0.004548092 0.999694700
3756. -0.479347034 0.135927164 -0.173967863 0.002108502 0.024199107 -0.004534949 0.999694649
3757. -0.479239135 0.135958672 -0.173837904 0.002111715 0.024168658 -0.004528412 0.999695409
3758. -0.479156298 0.136047196 -0.173817578 0.002134506 0.024156084 -0.004557509 0.999695532
3759. -0.479397760 0.135959545 -0.173910365 0.002111641 0.024202998 -0.004581899 0.999694334
3760. -0.479286491 0.136023078 -0.173918602 0.002132092 0.024179102 -0.004561067 0.999694964
3761. -0.479100094 0.135961580 -0.173872395 0.002122365 0.024143862 -0.004546550 0.999695903
3762. -0.479232350 0.136007034 -0.173941160 0.002127377 0.024184185 -0.004549492 0.999694904
3763. -0.479139933 0.136031298 -0.173879201 0.002124090 0.024153023 -0.004584057 0.999695507
3764. -0.478897454 0.136136352 -0.173862045 0.002147907 0.024103526 -0.004555652 0.999696780
3765. -0.479058232 0.136041326 -0.173901461 0.002122147 0.024139561 -0.004567956 0.999695910
3766. -0.479004928 0.136087622 -0.173990467 0.002137493 0.024115870 -0.004540667 0.999696573
3767. -0.478992575 0.136070537 -0.173822563 0.002123531 0.024111524 -0.004590213 0.999696481
3768. -0.479214990 0.136128814 -0.173953569 0.002142742 0.024165719 -0.004601583 0.999695080
3769. -0.479180159 0.136154027 -0.173937966 0.002151877 0.024155571 -0.004614804 0.999695244
3770. -0.479230088 0.136130282 -0.173998158 0.002142440 0.024161954 -0.004596841 0.999695193
3771. -0.479170315 0.135974457 -0.174017889 0.002097720 0.024150339 -0.004591346 0.999695594
3772. -0.479182472 0.135960164 -0.173924180 0.002098373 0.024154534 -0.004600106 0.999695451
3773. -0.479485533 0.136075130 -0.174087195 0.002123343 0.024219327 -0.004620270 0.999693737
3774. -0.479474909 0.136244921 -0.173967527 0.002152461 0.024203858 -0.004638141 0.999693967
3775. -0.479603490 0.136082430 -0.173996736 0.002109291 0.024237402 -0.004689809 0.999693005
3776. -0.479146157 0.136025001 -0.173652303 0.002047437 0.024160046 -0.004505140 0.999695856
3777. -0.479027434 0.136103262 -0.173754476 0.002071698 0.024143794 -0.004528196 0.999696094
3778. -0.477630201 0.135697564 -0.174168187 0.002019987 0.023925814 -0.004541551 0.999701380
3779. -0.478753975 0.135992114 -0.173950891 0.002049269 0.024098663 -0.004516706 0.999697281
3780. -0.478841047 0.136160981 -0.173966432 0.002086001 0.024115327 -0.004569448 0.999696564
3781. -0.478916278 0.136159979 -0.174061025 0.002075881 0.024139473 -0.004578515 0.999695961
3782. -0.478919613 0.136128624 -0.174074142 0.002071880 0.024142100 -0.004580514 0.999695896
3783. -0.479045199 0.136306139 -0.174138895 0.002110872 0.024168918 -0.004582140 0.999695159
3784. -0.478913831 0.136462648 -0.174230295 0.002152127 0.024149506 -0.004531734 0.999695770
3785. -0.479074144 0.136384576 -0.174313096 0.002135337 0.024187231 -0.004555349 0.999694787
3786. -0.478931169 0.136291761 -0.174142674 0.002113536 0.024156745 -0.004551093 0.999695590
3787. -0.478984641 0.136422203 -0.174337638 0.002137170 0.024176255 -0.004523577 0.999695193
3788. -0.479092342 0.136488394 -0.174343907 0.002144920 0.024202773 -0.004533085 0.999694491
3789. -0.479045565 0.136493436 -0.174338679 0.002159328 0.024190272 -0.004520025 0.999694822
3790. -0.479137578 0.136507038 -0.174419129 0.002156551 0.024206650 -0.004546385 0.999694312
3791. -0.479030621 0.136135814 -0.174323702 0.002074029 0.024186256 -0.004575204 0.999694849
3792. -0.479042764 0.136224596 -0.174364461 0.002103096 0.024186664 -0.004552770 0.999694881
3793. -0.479097117 0.136205965 -0.174403771 0.002100123 0.024198019 -0.004541067 0.999694665
3794. -0.478897561 0.136207078 -0.174264928 0.002099243 0.024155279 -0.004545005 0.999695683
3795. -0.478920779 0.136277500 -0.174318095 0.002118308 0.024160461 -0.004557659 0.999695460
3796. -0.478998112 0.136010251 -0.174210147 0.002050303 0.024178761 -0.004587234 0.999695024
3797. -0.478842129 0.135932817 -0.174193185 0.002031822 0.024137076 -0.004542020 0.999696276
3798. -0.478813539 0.136093239 -0.174224915 0.002070106 0.024138997 -0.004517470 0.999696262
3799. -0.478796028 0.136180261 -0.174226315 0.002098492 0.024130463 -0.004525180 0.999696374
3800. -0.478813691 0.136047534 -0.174106666 0.002064754 0.024134386 -0.004549302 0.999696240
3801. -0.478786917 0.135947386 -0.174024776 0.002047280 0.024120164 -0.004544999 0.999696639
3802. -0.478740905 0.135810074 -0.174052527 0.002021864 0.024112604 -0.004521177 0.999696981
3803. -0.478720239 0.135883869 -0.173971157 0.002034156 0.024104652 -0.004529849 0.999697108
3804. -0.478656160 0.135743489 -0.173883553 0.002012863 0.024078672 -0.004532234 0.999697767
3805. -0.478705105 0.135718426 -0.173902181 0.002012650 0.024094124 -0.004522240 0.999697440
3806. -0.478938850 0.135725776 -0.173952404 0.002011920 0.024139692 -0.004511397 0.999696391
3807. -0.478749292 0.135654157 -0.173690304 0.001996046 0.024091362 -0.004558643 0.999697375
3808. -0.478709343 0.135864355 -0.173755006 0.002042573 0.024083505 -0.004544162 0.999697536
3809. -0.478692074 0.135667015 -0.173830530 0.001995918 0.024070747 -0.004542832 0.999697943
3810. -0.478733864 0.135725377 -0.173847873 0.002009556 0.024085934 -0.004546872 0.999697532
3811. -0.478745130 0.135788626 -0.173868732 0.002017636 0.024085605 -0.004556545 0.999697480
3812. -0.478688407 0.135941247 -0.173926234 0.002051150 0.024076408 -0.004556397 0.999697634
3813. -0.478919694 0.135806190 -0.173870450 0.002015701 0.024128119 -0.004608211 0.999696221
3814. -0.479050147 0.135810102 -0.173872196 0.002005758 0.024149776 -0.004619654 0.999695666
3815. -0.479150072 0.135861411 -0.173986084 0.002014627 0.024173218 -0.004612665 0.999695114
3816. -0.479093231 0.135920393 -0.173967400 0.002030096 0.024160395 -0.004646553 0.999695235
3817. -0.479107665 0.135976151 -0.173933335 0.002049202 0.024168590 -0.004669815 0.999694890
3818. -0.479033630 0.135813503 -0.173866990 0.002019392 0.024146222 -0.004659081 0.999695541
3819. -0.479049700 0.135864936 -0.173894083 0.002027537 0.024153213 -0.004674080 0.999695286
3820. -0.479077981 0.135874020 -0.173885682 0.002025597 0.024165077 -0.004664430 0.999695048
3821. -0.479137968 0.135813290 -0.173828157 0.002019338 0.024173071 -0.004673950 0.999694823
3822. -0.478890465 0.135866674 -0.173816724 0.002026628 0.024121336 -0.004643569 0.999696199
3823. -0.478895742 0.135911219 -0.173683350 0.002031223 0.024117618 -0.004650171 0.999696249
3824. -0.478893600 0.135829060 -0.173696397 0.002018144 0.024115424 -0.004663626 0.999696266
3825. -0.479059034 0.135889274 -0.173675280 0.002026686 0.024151803 -0.004676054 0.999695312
3826. -0.478870681 0.135877305 -0.173618315 0.002033770 0.024112705 -0.004677247 0.999696236
3827. -0.479011044 0.135710961 -0.173731075 0.001995995 0.024142045 -0.004673673 0.999695621
3828. -0.478844509 0.135825616 -0.173655172 0.002021354 0.024113447 -0.004681769 0.999696222
3829. -0.478948419 0.135849648 -0.173694441 0.002024175 0.024137491 -0.004670423 0.999695689
3830. -0.478860083 0.135949005 -0.173815552 0.002043945 0.024120270 -0.004657250 0.999696126
3831. -0.478927909 0.135982476 -0.173822099 0.002049817 0.024136763 -0.004671621 0.999695649
3832. -0.478806486 0.135931459 -0.173829900 0.002034766 0.024120642 -0.004672960 0.999696063
3833. -0.478725312 0.135827789 -0.173698837 0.002015809 0.024096002 -0.004661781 0.999696748
3834. -0.478705000 0.135873377 -0.173719951 0.002014648 0.024085678 -0.004669754 0.999696961
3835. -0.478876344 0.135944670 -0.173742090 0.002039893 0.024131345 -0.004699710 0.999695669
3836. -0.478753674 0.135754711 -0.173819319 0.001993523 0.024104828 -0.004655579 0.999696608
3837. -0.478859910 0.135791568 -0.173813181 0.002004782 0.024122272 -0.004656570 0.999696160
3838. -0.478823180 0.135742999 -0.173806383 0.001984970 0.024110349 -0.004677094 0.999696392
3839. -0.478750116 0.135805557 -0.173788995 0.002004817 0.024095342 -0.004658973 0.999696799
3840. -0.478691910 0.135724739 -0.173868147 0.001980915 0.024083591 -0.004650680 0.999697168
3841. -0.478771438 0.135722518 -0.173881287 0.001978907 0.024098053 -0.004646404 0.999696843
3842. -0.478843939 0.135776307 -0.173852882 0.001988904 0.024104462 -0.004644349 0.999696679
3843. -0.478733982 0.135767344 -0.173773316 0.001988092 0.024092504 -0.004652275 0.999696932
3844. -0.478792178 0.135796978 -0.173866978 0.001997862 0.024090303 -0.004644698 0.999697000
3845. -0.478800989 0.135722316 -0.173843541 0.001978002 0.024091804 -0.004647159 0.999696992
3846. -0.478707283 0.135647250 -0.173835520 0.001966868 0.024068925 -0.004654894 0.999697529
3847. -0.478774675 0.135713068 -0.173831169 0.001973328 0.024091778 -0.004622314 0.999697117
3848. -0.478828180 0.135756566 -0.173772724 0.001981272 0.024098826 -0.004664459 0.999696736
3849. -0.478763846 0.135770841 -0.173613391 0.001987084 0.024087850 -0.004681918 0.999696907
3850. -0.478746700 0.135748308 -0.173778319 0.001987227 0.024087082 -0.004692197 0.999696877
3851. -0.478630729 0.135694765 -0.173686463 0.001977448 0.024065451 -0.004696801 0.999697396
3852. -0.478781452 0.135688050 -0.173724839 0.001973636 0.024090813 -0.004681721 0.999696864
3853. -0.478943213 0.135867808 -0.173818331 0.002014617 0.024122961 -0.004688878 0.999695973
3854. -0.478811552 0.135874205 -0.173890610 0.002016208 0.024101848 -0.004707444 0.999696392
3855. -0.478770727 0.135729334 -0.173777885 0.001998002 0.024090523 -0.004689451 0.999696786
3856. -0.478800831 0.135714323 -0.173738332 0.001988756 0.024103436 -0.004692346 0.999696479
3857. -0.478687334 0.135613914 -0.173785955 0.001965202 0.024077034 -0.004658998 0.999697318
3858. -0.478725573 0.135704930 -0.173792304 0.001985112 0.024088890 -0.004673794 0.999696924
3859. -0.478714764 0.135611375 -0.173831821 0.001964540 0.024083541 -0.004664419 0.999697138
3860. -0.478566068 0.135695253 -0.173773084 0.001990537 0.024049873 -0.004665560 0.999697891
3861. -0.478754179 0.135877013 -0.173914157 0.002022703 0.024092359 -0.004694582 0.999696668
3862. -0.478582120 0.135603059 -0.173802512 0.001970841 0.024055632 -0.004704154 0.999697611
3863. -0.478576108 0.135660678 -0.173833045 0.001981979 0.024050730 -0.004697838 0.999697737
3864. -0.478623439 0.135697768 -0.173819894 0.001988519 0.024063330 -0.004703982 0.999697391
3865. -0.478739581 0.135665399 -0.173823193 0.001971973 0.024085594 -0.004714155 0.999696840
3866. -0.478540300 0.135677935 -0.173862949 0.001976832 0.024047963 -0.004671798 0.999697935
3867. -0.478671040 0.135675939 -0.173869918 0.001976990 0.024075850 -0.004653590 0.999697349
3868. -0.478441798 0.135236277 -0.173265907 0.001842633 0.024049058 -0.004466819 0.999699102
3869. -0.478372927 0.136390260 -0.172877048 0.002084219 0.024036899 -0.004508057 0.999698735
3870. -0.478284817 0.136201917 -0.172737588 0.002047654 0.024016235 -0.004495567 0.999699364
3871. -0.478248215 0.136189175 -0.172780677 0.002056203 0.024008874 -0.004482612 0.999699581
3872. -0.478217183 0.136227911 -0.172779543 0.002064467 0.024013009 -0.004476579 0.999699492
3873. -0.478234938 0.136046682 -0.172763826 0.002028734 0.024007147 -0.004455284 0.999699801
3874. -0.478154137 0.136154786 -0.172691069 0.002045892 0.023998263 -0.004469044 0.999699918
3875. -0.478106665 0.136185817 -0.172725473 0.002059027 0.023981377 -0.004499687 0.999700158
3876. -0.478201605 0.136202318 -0.172653018 0.002032663 0.024010979 -0.004511138 0.999699450
3877. -0.478260144 0.136256169 -0.172740925 0.002052903 0.024012856 -0.004526098 0.999699296
3878. -0.478184186 0.136246038 -0.172694401 0.002052394 0.023992712 -0.004524781 0.999699787
3879. -0.478092673 0.136171633 -0.172630886 0.002052789 0.023977431 -0.004502736 0.999700252
3880. -0.478174256 0.136235731 -0.172727925 0.002074917 0.023993702 -0.004525364 0.999699714
3881. -0.478454834 0.136326630 -0.172803846 0.002088892 0.024046447 -0.004536297 0.999698368
3882. -0.478363023 0.136219072 -0.172922742 0.002054738 0.024026868 -0.004500630 0.999699071
3883. -0.478263576 0.136045638 -0.172595692 0.002011334 0.024003083 -0.004500118 0.999699733
3884. -0.478205097 0.136078805 -0.172661271 0.002034570 0.023990004 -0.004508448 0.999699962
3885. -0.478191256 0.136008599 -0.172735089 0.001997692 0.023992001 -0.004491743 0.999700064
3886. -0.478089779 0.135884927 -0.172648808 0.001966058 0.023972772 -0.004472995 0.999700672
3887. -0.478064836 0.135998966 -0.172608774 0.002005656 0.023970959 -0.004489896 0.999700561
3888. -0.478216118 0.135894713 -0.172672370 0.001981215 0.023995659 -0.004463868 0.999700134
3889. -0.478154512 0.135867996 -0.172668482 0.001977485 0.023978469 -0.004454118 0.999700597
3890. -0.478147929 0.135931071 -0.172611266 0.001996593 0.023980901 -0.004449841 0.999700520
3891. -0.478110881 0.136020987 -0.172538868 0.002023310 0.023968275 -0.004444379 0.999700793
3892. -0.478037482 0.135889603 -0.172621678 0.001983679 0.023949512 -0.004440716 0.999701338
3893. -0.478285379 0.135892293 -0.172620228 0.001987851 0.023996689 -0.004487638 0.999699989
3894. -0.478428988 0.135738638 -0.172676957 0.001937763 0.024029432 -0.004445162 0.999699491
3895. -0.478439642 0.135762739 -0.172696480 0.001945216 0.024027020 -0.004465962 0.999699442
3896. -0.478426656 0.135763284 -0.172667221 0.001949455 0.024030154 -0.004454910 0.999699407
3897. -0.478369411 0.135527457 -0.172455587 0.001886285 0.024033143 -0.004410243 0.999699655
3898. -0.478355957 0.135469195 -0.172469132 0.001864225 0.024035236 -0.004420771 0.999699599
3899. -0.478189299 0.135489137 -0.172328627 0.001876536 0.023998481 -0.004391142 0.999700590
3900. -0.478193040 0.135585896 -0.172339745 0.001896537 0.023998944 -0.004385835 0.999700564
3901. -0.478134117 0.135612707 -0.172178380 0.001914065 0.023996579 -0.004406124 0.999700498
3902. -0.478232586 0.135634736 -0.172263219 0.001915128 0.024017111 -0.004375812 0.999700137
3903. -0.478243139 0.135700898 -0.172289352 0.001937929 0.024017603 -0.004392799 0.999700006
3904. -0.478168800 0.135685910 -0.172403686 0.001934892 0.023999733 -0.004394062 0.999700436
3905. -0.478129930 0.135715519 -0.172308769 0.001939379 0.023985164 -0.004387501 0.999700806
3906. -0.478291383 0.135738705 -0.172318454 0.001957299 0.024024872 -0.004358241 0.999699945
3907. -0.478355650 0.135700346 -0.172371558 0.001946560 0.024027740 -0.004350112 0.999699933
3908. -0.478504823 0.135651043 -0.172559124 0.001924979 0.024053829 -0.004349886 0.999699348
3909. -0.478671309 0.135823770 -0.172544986 0.001984104 0.024083037 -0.004399067 0.999698314
3910. -0.478476687 0.135683922 -0.172553296 0.001934592 0.024016637 -0.004464254 0.999699719
3911. -0.478040158 0.135694879 -0.172358663 0.001931073 0.023943188 -0.004462569 0.999701496
3912. -0.477994808 0.135819108 -0.172229134 0.001973235 0.023937922 -0.004473902 0.999701489
3913. -0.477965451 0.135753154 -0.172248523 0.001952604 0.023936594 -0.004465538 0.999701598
3914. -0.477808509 0.135634944 -0.172133944 0.001925707 0.023909108 -0.004425694 0.999702485
3915. -0.477762819 0.135720679 -0.172126635 0.001948086 0.023900995 -0.004461486 0.999702477
3916. -0.477900883 0.135810687 -0.172213159 0.001960374 0.023917795 -0.004508822 0.999701839
3917. -0.477948005 0.135941117 -0.172149641 0.001986332 0.023925631 -0.004533528 0.999701488
3918. -0.477874544 0.135912685 -0.172208764 0.001977463 0.023913840 -0.004513092 0.999701881
3919. -0.477743461 0.136087305 -0.172166829 0.002038686 0.023887350 -0.004534692 0.999702293
3920. -0.477779938 0.136037558 -0.172254179 0.002008251 0.023882903 -0.004577649 0.999702265
3921. -0.477718213 0.136047279 -0.172257533 0.002020580 0.023862042 -0.004575469 0.999702748
3922. -0.477733313 0.135967753 -0.172288913 0.001999222 0.023869024 -0.004558174 0.999702704
3923. -0.477756561 0.135912509 -0.172384419 0.001985319 0.023870061 -0.004557812 0.999702708
3924. -0.477710723 0.135921112 -0.172257732 0.001996835 0.023862136 -0.004551204 0.999702905
3925. -0.477700889 0.135818057 -0.172143219 0.001965364 0.023862817 -0.004564327 0.999702891
3926. -0.477700823 0.135779861 -0.172232937 0.001957336 0.023860645 -0.004546447 0.999703040
3927. -0.477702573 0.135726500 -0.172103503 0.001946855 0.023857074 -0.004548883 0.999703135
3928. -0.477808184 0.135776600 -0.172075922 0.001949782 0.023878024 -0.004554235 0.999702604
3929. -0.477652433 0.135693769 -0.172061639 0.001937304 0.023845193 -0.004546122 0.999703449
3930. -0.477745726 0.135900795 -0.172207945 0.001989932 0.023860210 -0.004590476 0.999702785
3931. -0.477754536 0.135737936 -0.172227795 0.001954832 0.023861774 -0.004572723 0.999702898
3932. -0.477760011 0.135679197 -0.172116617 0.001941634 0.023868096 -0.004557906 0.999702841
3933. -0.477829531 0.135624689 -0.172287839 0.001930662 0.023878865 -0.004558698 0.999702601
3934. -0.477837584 0.135552644 -0.172365959 0.001913166 0.023878481 -0.004519781 0.999702821
3935. -0.477989258 0.135757284 -0.172385116 0.001960151 0.023916690 -0.004578954 0.999701547
3936. -0.478033001 0.135713953 -0.172524863 0.001954282 0.023924143 -0.004571565 0.999701414
3937. -0.478088735 0.135969938 -0.172524064 0.002018123 0.023945844 -0.004590646 0.999700680
3938. -0.478132676 0.136223996 -0.172589526 0.002078411 0.023958998 -0.004619930 0.999700106
3939. -0.477981676 0.135839039 -0.172460036 0.001979519 0.023915458 -0.004556552 0.999701641
3940. -0.478277747 0.135795106 -0.172489813 0.001985794 0.024000291 -0.004547509 0.999699636
3941. -0.478189377 0.135720511 -0.172468948 0.001965292 0.023983802 -0.004522160 0.999700188
3942. -0.478269673 0.135734289 -0.172541896 0.001974035 0.024002219 -0.004550416 0.999699600
3943. -0.478250469 0.135728609 -0.172466816 0.001960858 0.024001093 -0.004550948 0.999699651
3944. -0.478298066 0.135946926 -0.172495827 0.002012980 0.024015581 -0.004578650 0.999699073
3945. -0.478425906 0.135872948 -0.172603041 0.002006467 0.024041794 -0.004637727 0.999698183
3946. -0.478276623 0.135919268 -0.172454738 0.002022173 0.024012893 -0.004640079 0.999698835
3947. -0.478287407 0.135824600 -0.172635196 0.002008464 0.024018870 -0.004638697 0.999698726
3948. -0.478240293 0.135657434 -0.172596128 0.001968668 0.024014457 -0.004637407 0.999698917
3949. -0.478173495 0.135595955 -0.172609703 0.001948241 0.024003219 -0.004613895 0.999699336
3950. -0.478147429 0.135478775 -0.172543503 0.001928909 0.024003525 -0.004605516 0.999699404
3951. -0.477923732 0.135485181 -0.172393061 0.001942928 0.023929444 -0.004549519 0.999701410
3952. -0.478056694 0.135600626 -0.172399444 0.001975028 0.023960358 -0.004575068 0.999700490
3953. -0.477946593 0.135526374 -0.172307502 0.001955920 0.023949724 -0.004564936 0.999700828
3954. -0.477832382 0.135546777 -0.172302816 0.001959779 0.023929914 -0.004566830 0.999701287
3955. -0.477876160 0.135519195 -0.172259546 0.001954232 0.023933550 -0.004541445 0.999701326
3956. -0.478006533 0.135604667 -0.172508753 0.001976911 0.023960656 -0.004553614 0.999700577
3957. -0.477929224 0.135581748 -0.172461024 0.001969121 0.023946398 -0.004538643 0.999701002
3958. -0.477834776 0.135487882 -0.172382867 0.001956445 0.023929089 -0.004513973 0.999701553
3959. -0.477766395 0.135572889 -0.172361013 0.001975335 0.023917365 -0.004522874 0.999701756
3960. -0.477733991 0.135468109 -0.172335687 0.001952579 0.023906894 -0.004525661 0.999702039
3961. -0.477715788 0.135465309 -0.172315461 0.001952637 0.023906576 -0.004553727 0.999701919
3962. -0.477732031 0.135471223 -0.172338480 0.001957305 0.023902917 -0.004536311 0.999702076
3963. -0.477670247 0.135342930 -0.172299291 0.001930546 0.023890040 -0.004522618 0.999702498
3964. -0.477764432 0.135428385 -0.172412238 0.001952287 0.023903894 -0.004555612 0.999701975
3965. -0.477947831 0.135427561 -0.172344239 0.001945135 0.023952250 -0.004570329 0.999700764
3966. -0.478100198 0.135368130 -0.172509780 0.001939080 0.023981332 -0.004607192 0.999699910
3967. -0.478191601 0.135403331 -0.172575739 0.001945373 0.023997423 -0.004593828 0.999699573
3968. -0.478161908 0.135368474 -0.172504411 0.001935690 0.023998930 -0.004593924 0.999699555
3969. -0.477979250 0.135479676 -0.172428747 0.001961719 0.023958656 -0.004598450 0.999700450
3970. -0.477920952 0.135295816 -0.172332685 0.001928338 0.023944113 -0.004557724 0.999701049
3971. -0.477854856 0.135195975 -0.172276832 0.001914815 0.023927715 -0.004584944 0.999701344
3972. -0.477733112 0.135263885 -0.172213642 0.001924121 0.023909032 -0.004570412 0.999701839
3973. -0.477819973 0.135182353 -0.172233729 0.001911836 0.023919286 -0.004608194 0.999701444
3974. -0.477656321 0.135036458 -0.172283846 0.001883251 0.023890443 -0.004547197 0.999702467
3975. -0.477704467 0.134979351 -0.172372497 0.001866428 0.023907831 -0.004583616 0.999701917
3976. -0.477674581 0.135002314 -0.172318734 0.001877649 0.023902415 -0.004590494 0.999701994
3977. -0.477476158 0.134965195 -0.172205871 0.001866912 0.023861998 -0.004576256 0.999703045
3978. -0.477778596 0.135356174 -0.172694850 0.001943366 0.023919512 -0.004567823 0.999701563
3979. -0.477695744 0.135485085 -0.172491271 0.001961723 0.023894597 -0.004558606 0.999702165
3980. -0.477557365 0.135628437 -0.172478164 0.002007570 0.023871545 -0.004563938 0.999702601
3981. -0.477713356 0.135525199 -0.172403502 0.001971535 0.023903783 -0.004565038 0.999701897
3982. -0.477811534 0.135416407 -0.172464570 0.001957527 0.023937909 -0.004546475 0.999701192
3983. -0.477521123 0.135488008 -0.172394270 0.001975862 0.023868388 -0.004540839 0.999702844
3984. -0.477633857 0.135559837 -0.172524177 0.001989209 0.023866916 -0.004590513 0.999702626
3985. -0.477213424 0.135589055 -0.172432721 0.001978025 0.023763034 -0.004634071 0.999704922
3986. -0.477236246 0.135571756 -0.172426880 0.001979623 0.023764299 -0.004635274 0.999704883
3987. -0.476994830 0.135574209 -0.172256346 0.001981526 0.023716163 -0.004633675 0.999706030
3988. -0.476959151 0.135423503 -0.172193815 0.001939333 0.023701100 -0.004593291 0.999706656
3989. -0.477533479 0.135561764 -0.172346512 0.001991736 0.023809885 -0.004593791 0.999703966
3990. -0.477949060 0.135196506 -0.172197604 0.001906855 0.023883735 -0.004571252 0.999702473
3991. -0.477943963 0.135321226 -0.172285073 0.001941258 0.023878677 -0.004579471 0.999702490
3992. -0.477910354 0.135645904 -0.172278456 0.002008437 0.023881409 -0.004538444 0.999702479
3993. -0.477997312 0.135727707 -0.172410409 0.002027607 0.023902056 -0.004537236 0.999701953
3994. -0.478032950 0.135732458 -0.172516174 0.002037289 0.023903384 -0.004557664 0.999701808
3995. -0.478244491 0.135479540 -0.172694240 0.001965240 0.023944637 -0.004530331 0.999701089
3996. -0.478336509 0.135667136 -0.172853167 0.002017253 0.023964357 -0.004526135 0.999700532
3997. -0.478293849 0.135489536 -0.172842973 0.001983634 0.023961400 -0.004516075 0.999700716
3998. -0.478241900 0.135673192 -0.172745196 0.002019379 0.023957256 -0.004518204 0.999700734
3999. -0.477956933 0.135717144 -0.172616664 0.002024888 0.023896284 -0.004491433 0.999702303
4000. -0.477744870 0.135701259 -0.172587393 0.002022049 0.023862721 -0.004475597 0.999703181
4001. -0.477807497 0.135559204 -0.172633406 0.001995756 0.023874702 -0.004470448 0.999702971
4002. -0.477922013 0.135606435 -0.172723261 0.002001232 0.023889504 -0.004509713 0.999702430
4003. -0.477934559 0.135718583 -0.172716790 0.002032460 0.023897660 -0.004504537 0.999702196
4004. -0.477903637 0.135590334 -0.172692696 0.001999117 0.023896393 -0.004498226 0.999702322
4005. -0.477776334 0.135496326 -0.172687130 0.001967055 0.023858377 -0.004476964 0.999703389
4006. -0.477964185 0.135596837 -0.172801879 0.001981699 0.023878181 -0.004544339 0.999702583
4007. -0.477902947 0.135716634 -0.172645569 0.002019452 0.023874679 -0.004560779 0.999702516
4008. -0.477832252 0.135725136 -0.172773532 0.002033839 0.023863661 -0.004548604 0.999702806
4009. -0.477842189 0.135702042 -0.172684075 0.002016100 0.023860555 -0.004528557 0.999703007
4010. -0.477788364 0.135579203 -0.172699725 0.001999004 0.023853245 -0.004514701 0.999703278
4011. -0.477836638 0.135501047 -0.172626629 0.001982901 0.023865036 -0.004519707 0.999703006
4012. -0.477833813 0.135576533 -0.172654526 0.002008672 0.023864980 -0.004528233 0.999702917
4013. -0.477791219 0.135491107 -0.172651167 0.001986804 0.023849097 -0.004528225 0.999703340
4014. -0.477933793 0.135686004 -0.172687679 0.002022103 0.023876862 -0.004559343 0.999702465
4015. -0.478017081 0.135748097 -0.172734989 0.002039373 0.023900811 -0.004548310 0.999701908
4016. -0.477953741 0.135731809 -0.172779350 0.002036329 0.023881075 -0.004574749 0.999702265
4017. -0.477983647 0.135757156 -0.172638152 0.002041377 0.023887372 -0.004552754 0.999702205
4018. -0.477968518 0.135495138 -0.172866875 0.001998143 0.023882442 -0.004539505 0.999702470
4019. -0.477855015 0.135620291 -0.172880300 0.002003057 0.023854242 -0.004514897 0.999703245
4020. -0.477835538 0.135633341 -0.172950268 0.002017449 0.023861349 -0.004519392 0.999703026
4021. -0.477965758 0.135821109 -0.173163130 0.002075933 0.023879660 -0.004570663 0.999702236
4022. -0.477874116 0.135823532 -0.173050369 0.002074340 0.023864856 -0.004543312 0.999702718
4023. -0.477987750 0.135715744 -0.173158753 0.002055184 0.023891778 -0.004543929 0.999702112
4024. -0.477988143 0.135629709 -0.173021693 0.002041743 0.023895650 -0.004535903 0.999702083
4025. -0.477952581 0.135650554 -0.173007413 0.002044410 0.023890903 -0.004534672 0.999702197
4026. -0.477795868 0.135749527 -0.172858401 0.002060013 0.023865604 -0.004522411 0.999702824
4027. -0.477762211 0.135626023 -0.172863096 0.002025977 0.023853895 -0.004527958 0.999703148
4028. -0.477940369 0.135731595 -0.172984628 0.002058717 0.023884629 -0.004517620 0.999702394
4029. -0.478008535 0.135512011 -0.173199356 0.001996870 0.023908093 -0.004525527 0.999701923
4030. -0.477654588 0.135636227 -0.173124067 0.002036509 0.023836278 -0.004533033 0.999703524
4031. -0.477837868 0.135649621 -0.173162821 0.002030211 0.023871994 -0.004547706 0.999702618
4032. -0.477879120 0.135701320 -0.173345286 0.002054443 0.023881510 -0.004548836 0.999702336
4033. -0.477861668 0.135653955 -0.173121660 0.002035568 0.023870056 -0.004558839 0.999702603
4034. -0.477904354 0.135804947 -0.173213496 0.002068971 0.023882145 -0.004542714 0.999702319
4035. -0.477558117 0.135528551 -0.172996448 0.001997114 0.023819531 -0.004513391 0.999704092
4036. -0.477755368 0.135540515 -0.173174772 0.002022768 0.023855706 -0.004556712 0.999702981
4037. -0.477938844 0.135693758 -0.173288912 0.002053322 0.023889606 -0.004556956 0.999702108
4038. -0.478025799 0.135689193 -0.173369198 0.002050788 0.023920822 -0.004572755 0.999701295
4039. -0.478045389 0.135526353 -0.173339759 0.002028879 0.023914362 -0.004587160 0.999701428
4040. -0.478004897 0.135630216 -0.173238130 0.002043771 0.023906269 -0.004595899 0.999701551
4041. -0.478185719 0.135601992 -0.173260467 0.002034118 0.023935125 -0.004590742 0.999700904
4042. -0.478131827 0.135582937 -0.173349117 0.002042779 0.023922617 -0.004600385 0.999701141
4043. -0.478284356 0.135579953 -0.173408746 0.002033383 0.023953087 -0.004567545 0.999700581
4044. -0.478200848 0.135568122 -0.173345688 0.002024636 0.023949575 -0.004564484 0.999700697
4045. -0.478270728 0.135579089 -0.173489675 0.002033684 0.023964090 -0.004573909 0.999700288
4046. -0.478332649 0.135553228 -0.173608727 0.002029558 0.023975901 -0.004552981 0.999700109
4047. -0.478347691 0.135471158 -0.173523264 0.002013370 0.023976406 -0.004573610 0.999700035
4048. -0.478318074 0.135513603 -0.173592748 0.002028391 0.023965656 -0.004582676 0.999700221
4049. -0.478356976 0.135599092 -0.173588397 0.002051976 0.023967012 -0.004570887 0.999700194
4050. -0.478167004 0.135225060 -0.173360589 0.001946029 0.023931445 -0.004538543 0.999701406
4051. -0.477986032 0.135733389 -0.173128699 0.002076210 0.023899090 -0.004553189 0.999701851
4052. -0.478212056 0.135669624 -0.173414874 0.002072433 0.023955751 -0.004567925 0.999700436
4053. -0.478038770 0.135704412 -0.173319352 0.002074746 0.023917554 -0.004553792 0.999701410
4054. -0.477985290 0.135816630 -0.173214875 0.002105308 0.023906134 -0.004559894 0.999701591
4055. -0.477991582 0.135868282 -0.173197460 0.002110992 0.023905338 -0.004561367 0.999701592
4056. -0.478010565 0.135968298 -0.173139231 0.002129280 0.023917912 -0.004582939 0.999701154
4057. -0.478006220 0.135954728 -0.173215208 0.002120741 0.023912700 -0.004573746 0.999701338
4058. -0.477991237 0.135915485 -0.173063273 0.002108048 0.023900850 -0.004558981 0.999701716
4059. -0.478195453 0.136010414 -0.173066873 0.002139882 0.023951411 -0.004561853 0.999700425
4060. -0.478157072 0.135962562 -0.173043219 0.002125270 0.023939635 -0.004559570 0.999700749
4061. -0.478094466 0.135778510 -0.172932914 0.002072978 0.023923803 -0.004545233 0.999701303
4062. -0.478175378 0.136096123 -0.173006300 0.002153911 0.023940790 -0.004601201 0.999700469
4063. -0.478179710 0.136012461 -0.173068253 0.002137121 0.023938412 -0.004578273 0.999700667
4064. -0.477983769 0.135882776 -0.173077191 0.002113167 0.023903538 -0.004575188 0.999701567
4065. -0.477930314 0.135705117 -0.172959293 0.002065534 0.023890533 -0.004547238 0.999702105
4066. -0.478074919 0.135800185 -0.173088865 0.002081240 0.023922737 -0.004570632 0.999701196
4067. -0.478011835 0.135754060 -0.173020273 0.002082846 0.023903306 -0.004561056 0.999701701
4068. -0.478030385 0.135703378 -0.173061102 0.002067751 0.023905594 -0.004560476 0.999701680
4069. -0.478092068 0.135856810 -0.173103246 0.002132482 0.023925336 -0.004578287 0.999700990
4070. -0.478332145 0.135904934 -0.173178243 0.002134102 0.023976389 -0.004588722 0.999699716
4071. -0.478241830 0.135712118 -0.173057132 0.002087022 0.023965388 -0.004594971 0.999700050
4072. -0.478281007 0.135804699 -0.173084296 0.002121539 0.023978233 -0.004567088 0.999699797
4073. -0.478173450 0.135605686 -0.173074837 0.002069659 0.023952667 -0.004570280 0.999700505
4074. -0.478307233 0.135688963 -0.173171538 0.002095503 0.023972150 -0.004594149 0.999699874
4075. -0.478307577 0.135781171 -0.173163900 0.002114944 0.023971026 -0.004620809 0.999699737
4076. -0.478390626 0.135850954 -0.173265609 0.002136178 0.023984979 -0.004624205 0.999699342
4077. -0.478424804 0.135851014 -0.173326024 0.002137879 0.023991436 -0.004620664 0.999699200
4078. -0.478029505 0.135814546 -0.173121794 0.002130392 0.023911345 -0.004601758 0.999701222
4079. -0.478274131 0.135835761 -0.173463785 0.002132737 0.023965864 -0.004635777 0.999699754
4080. -0.478279594 0.135956721 -0.173464904 0.002172377 0.023970623 -0.004630389 0.999699580
4081. -0.478292983 0.135889503 -0.173361582 0.002153342 0.023972723 -0.004642058 0.999699516
4082. -0.478301845 0.135743490 -0.173297555 0.002126712 0.023976245 -0.004626625 0.999699560
4083. -0.478267797 0.135819746 -0.173274768 0.002147431 0.023960285 -0.004581465 0.999700107
4084. -0.478418021 0.135799099 -0.173581688 0.002140474 0.023999771 -0.004597701 0.999699100
4085. -0.478476621 0.135974106 -0.173506816 0.002183361 0.024010673 -0.004618800 0.999698648
4086. -0.478433253 0.135814229 -0.173321350 0.002134720 0.023997461 -0.004610145 0.999699110
4087. -0.478594551 0.135761487 -0.173492383 0.002135770 0.024031664 -0.004601110 0.999698328
4088. -0.478575342 0.135865351 -0.173505085 0.002147836 0.024030639 -0.004596528 0.999698348
4089. -0.478570798 0.135909797 -0.173485085 0.002161619 0.024037694 -0.004616465 0.999698057
4090. -0.478577802 0.135879545 -0.173270688 0.002145537 0.024034211 -0.004600558 0.999698249
4091. -0.478402901 0.135825998 -0.173304470 0.002143045 0.024001830 -0.004601006 0.999699030
4092. -0.478423051 0.136056462 -0.173300274 0.002189042 0.024002706 -0.004615519 0.999698842
4093. -0.478563247 0.136040145 -0.173315250 0.002194761 0.024036910 -0.004631928 0.999697932
4094. -0.478491824 0.135761078 -0.173228428 0.002124750 0.024012572 -0.004623876 0.999698705
4095. -0.478545629 0.135507684 -0.173200909 0.002063822 0.024030529 -0.004614241 0.999698446
4096. -0.478606158 0.135641516 -0.173853687 0.002124502 0.024053598 -0.004614669 0.999697762
4097. -0.478532578 0.135767453 -0.173816254 0.002139059 0.024038405 -0.004580664 0.999698253
4098. -0.478439151 0.135929521 -0.173736410 0.002182971 0.024022901 -0.004577390 0.999698546
4099. -0.478201151 0.135604455 -0.173591944 0.002111775 0.023971537 -0.004577958 0.999699929
4100. -0.478551293 0.135867641 -0.173777767 0.002183273 0.024041580 -0.004641738 0.999697799
4101. -0.478372629 0.135757032 -0.173709608 0.002154929 0.024003806 -0.004633069 0.999698809
4102. -0.478462225 0.135804667 -0.173639500 0.002154455 0.024019736 -0.004623070 0.999698473
4103. -0.478537559 0.135809038 -0.173688781 0.002154310 0.024036397 -0.004621490 0.999698081
4104. -0.478721050 0.136257269 -0.173882401 0.002247667 0.024077767 -0.004629757 0.999696841
4105. -0.478398258 0.135823634 -0.173804399 0.002154736 0.024012935 -0.004583414 0.999698819
4106. -0.478504009 0.135731468 -0.173772033 0.002137385 0.024026480 -0.004590188 0.999698500
4107. -0.478671071 0.135675994 -0.173869986 0.002128538 0.024064939 -0.004602806 0.999697535
4108. -0.478829577 0.135699271 -0.174281422 0.002150864 0.024127914 -0.004629318 0.999695847
4109. -0.478545291 0.135558181 -0.173602823 0.002146382 0.024061256 -0.004586891 0.999697659
4110. -0.479662017 0.134314950 -0.172976143 0.001754987 0.024227834 -0.004215965 0.999696033
4111. -0.479652122 0.134329939 -0.172944263 0.001745367 0.024220272 -0.004223504 0.999696201
4112. -0.479655435 0.134360987 -0.173014326 0.001748519 0.024222412 -0.004224474 0.999696139
4113. -0.479627344 0.134370282 -0.173007281 0.001751996 0.024233235 -0.004204354 0.999695956
4114. -0.479600566 0.134369276 -0.172994525 0.001747808 0.024230394 -0.004205906 0.999696026
4115. -0.479598803 0.134353311 -0.172959530 0.001740021 0.024246973 -0.004209950 0.999695620
4116. -0.479531242 0.134367762 -0.172844939 0.001746233 0.024229510 -0.004224298 0.999695972
4117. -0.479566635 0.134366232 -0.173015427 0.001746118 0.024246775 -0.004201205 0.999695651
4118. -0.479606891 0.134366515 -0.173043641 0.001746678 0.024263577 -0.004175487 0.999695350
4119. -0.479529652 0.134383874 -0.173039247 0.001734670 0.024228809 -0.004160987 0.999696275
4120. -0.479559992 0.134320218 -0.173085485 0.001745328 0.024225396 -0.004288950 0.999695798
4121. -0.479681487 0.134221965 -0.173640833 0.001723084 0.024244231 -0.004282689 0.999695407
4122. -0.479607572 0.134240812 -0.173551473 0.001733166 0.024232315 -0.004296546 0.999695619
4123. -0.479891049 0.134474626 -0.173429758 0.001793175 0.024276786 -0.004307148 0.999694389
4124. -0.479812348 0.134624291 -0.173445933 0.001820505 0.024262408 -0.004309125 0.999694680
4125. -0.479722121 0.134540524 -0.173363965 0.001796684 0.024240137 -0.004333232 0.999695159
4126. -0.479671131 0.134827447 -0.173988389 0.001829729 0.024273087 -0.004233086 0.999694729
4127. -0.479574442 0.134845988 -0.173792564 0.001838211 0.024247039 -0.004240614 0.999695313
4128. -0.479619366 0.134978989 -0.174022032 0.001854506 0.024263221 -0.004241286 0.999694888
4129. -0.479541525 0.134979378 -0.173946766 0.001840058 0.024249362 -0.004224047 0.999695324
4130. -0.479600650 0.134891228 -0.173956301 0.001813474 0.024265421 -0.004225500 0.999694976
4131. -0.479490481 0.134840028 -0.173728574 0.001810714 0.024239148 -0.004276007 0.999695404
4132. -0.479390447 0.134930175 -0.173773972 0.001813960 0.024228449 -0.004264772 0.999695705
4133. -0.479464625 0.135032937 -0.173829613 0.001841933 0.024237999 -0.004270404 0.999695399
4134. -0.479372089 0.134858954 -0.173794921 0.001817547 0.024218478 -0.004277134 0.999695888
4135. -0.479409301 0.134983449 -0.174172751 0.001830181 0.024235789 -0.004275244 0.999695453
4136. -0.479375242 0.134919752 -0.173975359 0.001812109 0.024224873 -0.004306690 0.999695616
4137. -0.479524985 0.135077091 -0.174028114 0.001847168 0.024243145 -0.004268704 0.999695272
4138. -0.479440688 0.134889067 -0.173989054 0.001825090 0.024242783 -0.004292215 0.999695220
4139. -0.479365492 0.134956851 -0.174000820 0.001831715 0.024233920 -0.004329271 0.999695263
4140. -0.479338786 0.134935690 -0.173953699 0.001827983 0.024226243 -0.004325177 0.999695474
4141. -0.478813673 0.135168321 -0.173674144 0.001895272 0.024137757 -0.004386215 0.999697223
4142. -0.478764948 0.135309450 -0.173664261 0.001863513 0.024127563 -0.004372299 0.999697590
4143. -0.478686185 0.135377641 -0.173764323 0.001868934 0.024116963 -0.004357430 0.999697900
4144. -0.478696544 0.135240195 -0.173801378 0.001836127 0.024118957 -0.004389030 0.999697775
4145. -0.478567924 0.135174155 -0.173396130 0.001839956 0.024099210 -0.004420676 0.999698105
4146. -0.478598097 0.135080877 -0.173434601 0.001822795 0.024112404 -0.004437161 0.999697745
4147. -0.478646850 0.135113549 -0.173601751 0.001820166 0.024120091 -0.004453046 0.999697494
4148. -0.478584159 0.134962716 -0.173584961 0.001796811 0.024108871 -0.004487401 0.999697653
4149. -0.478647446 0.134995227 -0.173449587 0.001813276 0.024116636 -0.004489261 0.999697427
4150. -0.478531340 0.135077410 -0.173586761 0.001824299 0.024092543 -0.004527602 0.999697815
4151. -0.478619322 0.135079944 -0.173573367 0.001842383 0.024113060 -0.004490119 0.999697457
4152. -0.478648558 0.135212202 -0.173670107 0.001846706 0.024127899 -0.004519375 0.999696959
4153. -0.478639897 0.135276536 -0.173655715 0.001858983 0.024122896 -0.004549656 0.999696919
4154. -0.478523026 0.135370152 -0.173558447 0.001899232 0.024109702 -0.004598210 0.999696940
4155. -0.478560085 0.135333216 -0.173611083 0.001879183 0.024118819 -0.004580491 0.999696839
4156. -0.478511023 0.135396122 -0.173494306 0.001887038 0.024117166 -0.004551975 0.999696995
4157. -0.478424886 0.135408827 -0.173562472 0.001895066 0.024098709 -0.004596838 0.999697219
4158. -0.478403789 0.135392806 -0.173535211 0.001902043 0.024095412 -0.004592205 0.999697307
4159. -0.478441251 0.135503760 -0.173509697 0.001909681 0.024095293 -0.004586462 0.999697321
4160. -0.478461930 0.135963002 -0.173698238 0.002027775 0.024095053 -0.004625621 0.999696914
4161. -0.478402453 0.135789309 -0.173474606 0.001986897 0.024093718 -0.004616386 0.999697071
4162. -0.478310509 0.135883221 -0.173433567 0.002008538 0.024076546 -0.004653491 0.999697270
4163. -0.478425977 0.135785491 -0.173478366 0.001975814 0.024102092 -0.004658708 0.999696695
4164. -0.478377505 0.135872756 -0.173492707 0.002002314 0.024093700 -0.004638999 0.999696936
4165. -0.478434762 0.135881319 -0.173544640 0.001995653 0.024105984 -0.004630814 0.999696691
4166. -0.478351654 0.136243747 -0.173737562 0.002043865 0.024098243 -0.004623264 0.999696815
4167. -0.478671278 0.135675852 -0.173869994 0.001970456 0.024136741 -0.004671321 0.999695811
4168. -0.479358501 0.135400870 -0.173390436 0.001917759 0.024303307 -0.004630024 0.999692070
4169. -0.478749090 0.134960608 -0.173880400 0.001817758 0.024157001 -0.004814707 0.999694930
4170. -0.478723601 0.134958909 -0.173832277 0.001825536 0.024151837 -0.004811775 0.999695055
4171. -0.478715375 0.134963194 -0.173832626 0.001832068 0.024138081 -0.004823447 0.999695319
4172. -0.478693669 0.134976312 -0.173873948 0.001844977 0.024143199 -0.004838578 0.999695099
4173. -0.478711204 0.134977393 -0.173943674 0.001844036 0.024146420 -0.004845054 0.999694991
4174. -0.478697657 0.134987228 -0.173937289 0.001819447 0.024147677 -0.004835163 0.999695054
4175. -0.478653226 0.135000575 -0.173582752 0.001822416 0.024104469 -0.004848194 0.999696028
4176. -0.478710718 0.135032391 -0.173768692 0.001831922 0.024116611 -0.004849577 0.999695711
4177. -0.478729025 0.135026281 -0.173690474 0.001826060 0.024128925 -0.004823985 0.999695548
4178. -0.478743908 0.134984681 -0.173786534 0.001823812 0.024129653 -0.004839551 0.999695460
4179. -0.478669780 0.134955384 -0.173723424 0.001822517 0.024113000 -0.004835409 0.999695884
4180. -0.478705188 0.134761385 -0.173738231 0.001769312 0.024115304 -0.004780718 0.999696187
4181. -0.478661731 0.134745081 -0.173637256 0.001771005 0.024100490 -0.004818400 0.999696360
4182. -0.478700857 0.134817667 -0.173686802 0.001777042 0.024103828 -0.004811328 0.999696303
4183. -0.478579789 0.134795797 -0.173579742 0.001784188 0.024080018 -0.004820855 0.999696818
4184. -0.478528043 0.134854514 -0.173610642 0.001794091 0.024070262 -0.004834202 0.999696971
4185. -0.478495287 0.134806321 -0.173583512 0.001791735 0.024065377 -0.004831326 0.999697107
4186. -0.478607843 0.134822883 -0.173667474 0.001784555 0.024080224 -0.004809346 0.999696868
4187. -0.478569838 0.134875332 -0.173689029 0.001807547 0.024079863 -0.004841307 0.999696681
4188. -0.478634973 0.134838356 -0.173676736 0.001796300 0.024096077 -0.004837654 0.999696329
4189. -0.478581565 0.134832307 -0.173627700 0.001786078 0.024092399 -0.004833657 0.999696455
4190. -0.478708455 0.134912694 -0.173706773 0.001809205 0.024106617 -0.004860486 0.999695941
4191. -0.478740900 0.134974768 -0.173746292 0.001815910 0.024119658 -0.004860145 0.999695615
4192. -0.478616760 0.135065516 -0.173747478 0.001834494 0.024100383 -0.004840724 0.999696141
4193. -0.478780199 0.134976148 -0.173804032 0.001819016 0.024126327 -0.004865523 0.999695423
4194. -0.478811850 0.135045476 -0.173859589 0.001842070 0.024126229 -0.004887243 0.999695277
4195. -0.478693501 0.135060878 -0.173815628 0.001847669 0.024106621 -0.004862407 0.999695861
4196. -0.478444210 0.135180705 -0.173556478 0.001898925 0.024058155 -0.004870007 0.999696895
4197. -0.478547527 0.135218948 -0.173641573 0.001906963 0.024074115 -0.004891290 0.999696392
4198. -0.478536853 0.135262226 -0.173649514 0.001921861 0.024067080 -0.004893047 0.999696524
4199. -0.478496589 0.135253861 -0.173576290 0.001920466 0.024062640 -0.004898651 0.999696606
4200. -0.478531207 0.135324980 -0.173641117 0.001936203 0.024066772 -0.004925233 0.999696346
4201. -0.478452156 0.135378983 -0.173572119 0.001944171 0.024051123 -0.004936764 0.999696650
4202. -0.478466518 0.135353708 -0.173531895 0.001939879 0.024049565 -0.004927002 0.999696744
4203. -0.478475608 0.135412301 -0.173458452 0.001955777 0.024050698 -0.004924882 0.999696696
4204. -0.478465962 0.135425471 -0.173477912 0.001950878 0.024047761 -0.004919222 0.999696804
4205. -0.478461387 0.135424671 -0.173540929 0.001958992 0.024041629 -0.004934709 0.999696860
4206. -0.478592478 0.135446678 -0.173614994 0.001967604 0.024069533 -0.004930427 0.999696192
4207. -0.478533533 0.135424826 -0.173589602 0.001957274 0.024060240 -0.004921017 0.999696483
4208. -0.478452556 0.135409115 -0.173606013 0.001963193 0.024044107 -0.004918209 0.999696873
4209. -0.478592144 0.135481602 -0.173543465 0.001977207 0.024072023 -0.004917623 0.999696177
4210. -0.478520424 0.135485593 -0.173469775 0.001979692 0.024055658 -0.004934615 0.999696482
4211. -0.478415368 0.135540932 -0.173383708 0.001990434 0.024032200 -0.004953444 0.999696932
4212. -0.478403774 0.135538678 -0.173418821 0.001990654 0.024036576 -0.004921289 0.999696985
4213. -0.478400909 0.135612321 -0.173327594 0.002011705 0.024031060 -0.004939953 0.999696983
4214. -0.478388120 0.135573972 -0.173265138 0.002010224 0.024026286 -0.004918590 0.999697206
4215. -0.478404681 0.135649520 -0.173455851 0.002014564 0.024027657 -0.004946867 0.999697025
4216. -0.478372510 0.135651604 -0.173375245 0.002012595 0.024021629 -0.004945187 0.999697182
4217. -0.478386991 0.135628079 -0.173346124 0.002010672 0.024024296 -0.004952097 0.999697088
4218. -0.478394954 0.135519257 -0.173482785 0.002000610 0.024030690 -0.004958372 0.999696923
4219. -0.478469947 0.135636492 -0.173562717 0.002022739 0.024047340 -0.004955494 0.999696492
4220. -0.478560233 0.135560077 -0.173606267 0.001999936 0.024057411 -0.004966382 0.999696242
4221. -0.478409573 0.135548427 -0.173490793 0.001993823 0.024033015 -0.004921434 0.999697063
4222. -0.478421268 0.135539217 -0.173335418 0.002005931 0.024035352 -0.004925099 0.999696965
4223. -0.478569394 0.135615298 -0.173388347 0.002018197 0.024062408 -0.004941888 0.999696206
4224. -0.478399027 0.135658872 -0.173255988 0.002035537 0.024028606 -0.004944104 0.999696973
4225. -0.478475502 0.135605640 -0.173339246 0.002037711 0.024041341 -0.004953140 0.999696618
4226. -0.478463226 0.135680994 -0.173289239 0.002040655 0.024041041 -0.004946027 0.999696654
4227. -0.478364489 0.135574004 -0.173410443 0.002023534 0.024029997 -0.004929135 0.999697038
4228. -0.478346274 0.135637785 -0.173441625 0.002047241 0.024019753 -0.004951209 0.999697127
4229. -0.478481823 0.135687472 -0.173466902 0.002055792 0.024041473 -0.004978734 0.999696451
4230. -0.478494532 0.135626320 -0.173403480 0.002044536 0.024040575 -0.004966928 0.999696554
4231. -0.478472322 0.135654821 -0.173466573 0.002046095 0.024033755 -0.004999216 0.999696554
4232. -0.478428270 0.135738916 -0.173308223 0.002066007 0.024024320 -0.004995435 0.999696759
4233. -0.478489261 0.135768649 -0.173377561 0.002070234 0.024043102 -0.004965550 0.999696447
4234. -0.478432048 0.135732201 -0.173362168 0.002068238 0.024032296 -0.004955066 0.999696763
4235. -0.478380128 0.135793239 -0.173343969 0.002072756 0.024018774 -0.004972318 0.999696993
4236. -0.478388360 0.135751267 -0.173287481 0.002074301 0.024025412 -0.004979023 0.999696797
4237. -0.478386595 0.135808991 -0.173234917 0.002086143 0.024021371 -0.004975567 0.999696887
4238. -0.478289028 0.135825795 -0.173225268 0.002090103 0.024006599 -0.004977253 0.999697225
4239. -0.478530673 0.135965791 -0.173655831 0.002085185 0.024049996 -0.004964228 0.999696257
4240. -0.478516088 0.136039873 -0.173634424 0.002103322 0.024044133 -0.004952612 0.999696418
4241. -0.478529427 0.135994692 -0.173666829 0.002102865 0.024048777 -0.004950968 0.999696315
4242. -0.478500411 0.136189510 -0.173724798 0.002118197 0.024042982 -0.004938227 0.999696485
4243. -0.478724624 0.136201600 -0.173756091 0.002123006 0.024075461 -0.004882419 0.999695967
4244. -0.479128932 0.136207898 -0.173748027 0.002127806 0.024137492 -0.004914718 0.999694303
4245. -0.478785149 0.135584720 -0.173858530 0.002045098 0.024082872 -0.004891401 0.999695907
4246. -0.478756537 0.135657247 -0.173974506 0.002059513 0.024076934 -0.004887696 0.999696039
4247. -0.478704064 0.135667345 -0.173835036 0.002065131 0.024075440 -0.004850921 0.999696242
4248. -0.478810131 0.135640709 -0.174077428 0.002064270 0.024080000 -0.004889923 0.999695944
4249. -0.478815069 0.135726399 -0.173947788 0.002074553 0.024084844 -0.004890604 0.999695803
4250. -0.478731799 0.135751536 -0.173908331 0.002073394 0.024073147 -0.004870324 0.999696186
4251. -0.478711103 0.135721863 -0.173838985 0.002072004 0.024070094 -0.004902747 0.999696104
4252. -0.478722687 0.135735455 -0.173886088 0.002082443 0.024064469 -0.004904986 0.999696207
4253. -0.478671187 0.135675932 -0.173869973 0.002077623 0.024059656 -0.004904793 0.999696334
4254. -0.478491650 0.135627988 -0.174007353 0.002052898 0.024063205 -0.004906883 0.999696289
4255. -0.479035215 0.135292087 -0.174308247 0.002024234 0.024202080 -0.004923602 0.999692913
4256. -0.479008735 0.135287459 -0.174387259 0.002002735 0.024222665 -0.004908421 0.999692532
4257. -0.478965680 0.135299032 -0.174284932 0.002021879 0.024188655 -0.004912541 0.999693297
4258. -0.478993633 0.135302559 -0.174249673 0.002023559 0.024209553 -0.004957972 0.999692563
4259. -0.479026449 0.135307643 -0.174017493 0.002006379 0.024213973 -0.004913114 0.999692712
4260. -0.478864880 0.135148932 -0.173882776 0.001983506 0.024165201 -0.004923218 0.999693888
4261. -0.478869871 0.135082890 -0.173752954 0.001974088 0.024161548 -0.004944634 0.999693890
4262. -0.478868512 0.135154346 -0.173875978 0.001983772 0.024162254 -0.004901589 0.999694065
4263. -0.478824499 0.135149255 -0.173832355 0.001980333 0.024152471 -0.004936146 0.999694139
4264. -0.478794539 0.135113570 -0.173731913 0.001985463 0.024146978 -0.004939607 0.999694244
4265. -0.478768616 0.135068252 -0.173626335 0.001976266 0.024147137 -0.004953197 0.999694191
4266. -0.478715387 0.135111475 -0.173797119 0.001975048 0.024136046 -0.004959735 0.999694429
4267. -0.478714817 0.135188693 -0.173778003 0.002002931 0.024132644 -0.004969502 0.999694407
4268. -0.478703784 0.135123856 -0.173675093 0.002000973 0.024130868 -0.004969283 0.999694455
4269. -0.478781636 0.135273485 -0.173958119 0.001998889 0.024129624 -0.004905049 0.999694807
4270. -0.478813691 0.135315498 -0.174112892 0.002003723 0.024136556 -0.004878719 0.999694758
4271. -0.478898063 0.135153218 -0.174088002 0.001973223 0.024161364 -0.004896150 0.999694135
4272. -0.478866364 0.135137823 -0.174055853 0.001977262 0.024152371 -0.004860070 0.999694520
4273. -0.478947305 0.135162797 -0.174137648 0.001980767 0.024161089 -0.004866076 0.999694273
4274. -0.479074115 0.135067293 -0.174169958 0.001963288 0.024192959 -0.004883622 0.999693451
4275. -0.478994778 0.135079420 -0.174240378 0.001955332 0.024174427 -0.004866720 0.999693998
4276. -0.479040198 0.135145352 -0.174074139 0.002014628 0.024177061 -0.004871072 0.999693795
4277. -0.479101529 0.135174126 -0.174052093 0.002002707 0.024207304 -0.004876994 0.999693058
4278. -0.478666079 0.135245847 -0.174070485 0.001998353 0.024119802 -0.004854419 0.999695292
4279. -0.478883711 0.135724074 -0.174199176 0.002091269 0.024156326 -0.004824402 0.999694365
4280. -0.478736645 0.135715878 -0.174277140 0.002102689 0.024125810 -0.004803387 0.999695179
4281. -0.478706409 0.135715414 -0.174315220 0.002072625 0.024117519 -0.004714226 0.999695867
4282. -0.478711977 0.135738727 -0.174233572 0.002077904 0.024096403 -0.004717200 0.999696351
4283. -0.478978992 0.135685976 -0.174312233 0.002037661 0.024156691 -0.004706303 0.999695030
4284. -0.478949426 0.135780284 -0.174441761 0.002060383 0.024150273 -0.004689234 0.999695219
4285. -0.479013304 0.135522822 -0.174452717 0.002048282 0.024159118 -0.004740454 0.999694788
4286. -0.478991984 0.135625490 -0.174808900 0.002024017 0.024170506 -0.004722785 0.999694646
4287. -0.478819641 0.135582181 -0.174229824 0.002049374 0.024133040 -0.004796662 0.999695148
4288. -0.478893691 0.135366838 -0.174251241 0.002007660 0.024148064 -0.004837985 0.999694670
4289. -0.478723377 0.135340781 -0.174295793 0.002002548 0.024122607 -0.004808299 0.999695439
4290. -0.478752078 0.135371351 -0.174299196 0.002006026 0.024115711 -0.004804734 0.999695615
4291. -0.478751040 0.135331275 -0.174475316 0.002010189 0.024109017 -0.004787029 0.999695853
4292. -0.478857596 0.135363056 -0.174489449 0.001998123 0.024141158 -0.004775474 0.999695157
4293. -0.478809724 0.135198851 -0.174524169 0.001975525 0.024108621 -0.004789604 0.999695919
4294. -0.478792352 0.135166892 -0.174465536 0.001962413 0.024121904 -0.004813184 0.999695512
4295. -0.478754549 0.135185754 -0.174531777 0.001963331 0.024116736 -0.004795987 0.999695717
4296. -0.478741018 0.135266597 -0.174599208 0.001992067 0.024096946 -0.004774399 0.999696241
4297. -0.478728522 0.135161649 -0.174418412 0.001972536 0.024112505 -0.004767738 0.999695936
4298. -0.478884960 0.135161914 -0.174217551 0.001970302 0.024149465 -0.004765730 0.999695058
4299. -0.478704013 0.135178375 -0.174293704 0.001989530 0.024107331 -0.004735207 0.999696182
4300. -0.478818638 0.135027982 -0.174193309 0.001949753 0.024131958 -0.004764398 0.999695527
4301. -0.478953337 0.135109903 -0.174351745 0.001958811 0.024153150 -0.004760942 0.999695014
4302. -0.478880585 0.135210125 -0.174508934 0.001978051 0.024137953 -0.004757830 0.999695358
4303. -0.478985634 0.135001114 -0.174432727 0.001934158 0.024154010 -0.004746163 0.999695112
4304. -0.478940323 0.135084877 -0.174388629 0.001956767 0.024141508 -0.004748308 0.999695360
4305. -0.479012286 0.134993337 -0.174264981 0.001941795 0.024162422 -0.004760319 0.999694827
4306. -0.478976131 0.134963603 -0.174467455 0.001934700 0.024146191 -0.004733073 0.999695362
4307. -0.478885778 0.135191802 -0.174531519 0.001971234 0.024126374 -0.004694091 0.999695953
4308. -0.478959305 0.135150463 -0.174614874 0.001959042 0.024139905 -0.004712856 0.999695562
4309. -0.478831464 0.135364906 -0.174421115 0.001995983 0.024113107 -0.004698710 0.999696202
4310. -0.479006573 0.135299912 -0.174508815 0.001983218 0.024143452 -0.004688486 0.999695543
4311. -0.479028649 0.135257404 -0.174409003 0.001978325 0.024143022 -0.004677368 0.999695615
4312. -0.479014196 0.135260885 -0.174331287 0.001970386 0.024131745 -0.004681322 0.999695885
4313. -0.479029458 0.135065632 -0.174222438 0.001934289 0.024151303 -0.004710541 0.999695346
4314. -0.478787742 0.134956751 -0.174142770 0.001913671 0.024097610 -0.004718064 0.999696645
4315. -0.478819156 0.135102227 -0.173901339 0.001937719 0.024108164 -0.004728391 0.999696296
4316. -0.478627112 0.135191408 -0.174099025 0.001952670 0.024072560 -0.004700582 0.999697256
4317. -0.478630432 0.135136576 -0.174060618 0.001937340 0.024087767 -0.004726034 0.999696799
4318. -0.478685199 0.135112520 -0.174041913 0.001942302 0.024085898 -0.004694849 0.999696982
4319. -0.478641794 0.135132873 -0.173910310 0.001942212 0.024100652 -0.004744070 0.999696394
4320. -0.478684468 0.135166791 -0.174063910 0.001940618 0.024109479 -0.004730986 0.999696246
4321. -0.478491140 0.134939777 -0.173894699 0.001915178 0.024075908 -0.004746877 0.999697029
4322. -0.478665721 0.135101697 -0.174008027 0.001929554 0.024087265 -0.004736588 0.999696777
4323. -0.478551105 0.135142306 -0.174044985 0.001939855 0.024058358 -0.004729468 0.999697486
4324. -0.478649123 0.134917521 -0.173904426 0.001902953 0.024089004 -0.004754891 0.999696699
4325. -0.478417600 0.135018986 -0.174295494 0.001925826 0.024030331 -0.004714176 0.999698260
4326. -0.478772328 0.135069534 -0.174054859 0.001920390 0.024091109 -0.004713943 0.999696809
4327. -0.478922670 0.135053023 -0.174119259 0.001929184 0.024095950 -0.004699854 0.999696741
4328. -0.478722698 0.135182149 -0.174173792 0.001951945 0.024060465 -0.004711093 0.999697499
4329. -0.478804145 0.135108173 -0.174088756 0.001946553 0.024066584 -0.004693993 0.999697443
4330. -0.478789132 0.135078536 -0.173905826 0.001940748 0.024090051 -0.004686952 0.999696922
4331. -0.478904244 0.135043117 -0.174041378 0.001934744 0.024089033 -0.004686480 0.999696960
4332. -0.478925709 0.135085087 -0.174081449 0.001956835 0.024093346 -0.004649025 0.999696988
4333. -0.479029515 0.135123922 -0.174217259 0.001961802 0.024102619 -0.004632787 0.999696830
4334. -0.478765692 0.135072197 -0.174280352 0.001952816 0.024043680 -0.004643999 0.999698215
4335. -0.479068191 0.135074016 -0.174280527 0.001947702 0.024106532 -0.004630515 0.999696774
4336. -0.478929992 0.134951256 -0.174169547 0.001930933 0.024101832 -0.004646258 0.999696847
4337. -0.478952896 0.134958983 -0.174298269 0.001937226 0.024103732 -0.004652207 0.999696761
4338. -0.479077920 0.135126427 -0.174320971 0.001959828 0.024120686 -0.004643411 0.999696349
4339. -0.478942018 0.135042208 -0.174372922 0.001940804 0.024090523 -0.004641130 0.999697124
4340. -0.478943265 0.134996066 -0.174244424 0.001924310 0.024089354 -0.004628054 0.999697245
4341. -0.478990909 0.134968324 -0.174227403 0.001922130 0.024092346 -0.004626071 0.999697186
4342. -0.479080799 0.135021948 -0.174137753 0.001928390 0.024126588 -0.004630168 0.999696329
4343. -0.479142543 0.135137559 -0.174122702 0.001950725 0.024138724 -0.004599151 0.999696136
4344. -0.479125316 0.135206291 -0.174204710 0.001955461 0.024132748 -0.004574482 0.999696384
4345. -0.478842841 0.135209655 -0.174091065 0.001951734 0.024097105 -0.004591681 0.999697173
4346. -0.478726879 0.135401667 -0.174212283 0.001972119 0.024088013 -0.004581277 0.999697399
4347. -0.478971460 0.135331356 -0.174323406 0.001958041 0.024126078 -0.004540372 0.999696696
4348. -0.478910734 0.135313045 -0.174210732 0.001947816 0.024113292 -0.004536978 0.999697040
4349. -0.478798299 0.135430613 -0.174107489 0.001983918 0.024096226 -0.004527011 0.999697425
4350. -0.478822668 0.135422464 -0.174252395 0.001980951 0.024095042 -0.004528542 0.999697453
4351. -0.478842329 0.135417540 -0.174344079 0.001976872 0.024099912 -0.004519043 0.999697386
4352. -0.478834966 0.135466110 -0.174534159 0.001981322 0.024097507 -0.004490982 0.999697562
4353. -0.479040240 0.135510622 -0.174690116 0.001981556 0.024110169 -0.004517712 0.999697136
4354. -0.478948613 0.135679733 -0.174437627 0.002023432 0.024102319 -0.004555596 0.999697069
4355. -0.478954162 0.135689996 -0.174528971 0.002020556 0.024102305 -0.004553150 0.999697087
4356. -0.479113158 0.135744503 -0.174786552 0.002025949 0.024113826 -0.004542513 0.999696846
4357. -0.479107144 0.135739222 -0.174559950 0.002026181 0.024132262 -0.004537338 0.999696424
4358. -0.479012959 0.135554509 -0.174429143 0.002002214 0.024124662 -0.004546751 0.999696613
4359. -0.479196251 0.135562395 -0.174456655 0.001999068 0.024144868 -0.004573663 0.999696009
4360. -0.478546052 0.136410355 -0.174386245 0.002135088 0.024033407 -0.004536004 0.999698585
4361. -0.478517578 0.135912346 -0.174289170 0.002046909 0.024027000 -0.004462774 0.999699253
4362. -0.478635642 0.135994546 -0.174197077 0.002065695 0.024049891 -0.004451672 0.999698714
4363. -0.478514528 0.136027413 -0.174346084 0.002080497 0.024021570 -0.004441053 0.999699411
4364. -0.478516019 0.136254123 -0.174268437 0.002116230 0.024023328 -0.004421065 0.999699383
4365. -0.478395359 0.136205878 -0.174504858 0.002107618 0.023983740 -0.004411911 0.999700392
4366. -0.478569791 0.136052612 -0.174144601 0.002068384 0.024037463 -0.004457513 0.999698981
4367. -0.478567609 0.136027322 -0.174240939 0.002065497 0.024030715 -0.004456091 0.999699156
4368. -0.478653297 0.135922909 -0.174145335 0.002046923 0.024047001 -0.004467397 0.999698752
4369. -0.478451327 0.135836356 -0.174217097 0.002019034 0.024016516 -0.004512919 0.999699337
4370. -0.478608965 0.135818583 -0.174180827 0.002014367 0.024042871 -0.004508626 0.999698732
4371. -0.478610166 0.135868498 -0.174050777 0.002025994 0.024046949 -0.004510079 0.999698604
4372. -0.478661149 0.135924352 -0.174103190 0.002021686 0.024050901 -0.004529112 0.999698432
4373. -0.478425736 0.135889984 -0.174282770 0.002014899 0.023997752 -0.004524891 0.999699742
4374. -0.478533703 0.135813048 -0.174137239 0.001999275 0.024025932 -0.004524459 0.999699098
4375. -0.478416678 0.135896234 -0.174247363 0.002015373 0.023997372 -0.004513865 0.999699800
4376. -0.478245001 0.135868157 -0.174514741 0.002017686 0.023948840 -0.004491911 0.999701058
4377. -0.478345117 0.135885232 -0.174480870 0.002022780 0.023972463 -0.004474547 0.999700559
4378. -0.478361851 0.135802354 -0.174459927 0.002009182 0.023976142 -0.004484456 0.999700454
4379. -0.478469837 0.135623982 -0.174422789 0.001978851 0.023992231 -0.004511309 0.999700008
4380. -0.478399380 0.135774986 -0.174341873 0.001993706 0.023980514 -0.004483519 0.999700384
4381. -0.478480638 0.135707909 -0.174203990 0.001988611 0.023991649 -0.004521919 0.999699954
4382. -0.478440000 0.135641336 -0.174258933 0.001971340 0.023986054 -0.004509576 0.999700178
4383. -0.478090036 0.135525428 -0.174335055 0.001955730 0.023888852 -0.004462196 0.999702749
4384. -0.477935423 0.135218221 -0.174044590 0.001913146 0.023862286 -0.004471558 0.999703424
4385. -0.479232613 0.134328244 -0.174287997 0.001674716 0.024052074 -0.004406709 0.999699592
4386. -0.478452628 0.134435571 -0.174105483 0.001736031 0.023912087 -0.004452210 0.999702644
4387. -0.478515913 0.134169060 -0.173946887 0.001683964 0.023924435 -0.004429348 0.999702539
4388. -0.478473040 0.134301131 -0.174215386 0.001699594 0.023914581 -0.004420935 0.999702786
4389. -0.478458980 0.134316422 -0.174066081 0.001719987 0.023903729 -0.004411033 0.999703054
4390. -0.478371410 0.134141848 -0.173849286 0.001685499 0.023891915 -0.004452117 0.999703213
4391. -0.478528031 0.134088998 -0.174045091 0.001668342 0.023919723 -0.004503142 0.999702348
4392. -0.478600808 0.134290243 -0.174165785 0.001722064 0.023926586 -0.004413549 0.999702493
4393. -0.478585101 0.134203318 -0.174199910 0.001692916 0.023922166 -0.004464009 0.999702424
4394. -0.478451683 0.134161549 -0.173898257 0.001692821 0.023902175 -0.004497563 0.999702752
4395. -0.478436114 0.134140041 -0.173796286 0.001681029 0.023900184 -0.004481878 0.999702890
4396. -0.478533382 0.134137960 -0.173979047 0.001675877 0.023902624 -0.004472957 0.999702880
4397. -0.478451365 0.134104141 -0.173799380 0.001664501 0.023897427 -0.004483632 0.999702976
4398. -0.478562993 0.134052122 -0.173812781 0.001657907 0.023925168 -0.004463808 0.999702412
4399. -0.478593789 0.133996233 -0.173886179 0.001649595 0.023924087 -0.004479234 0.999702382
4400. -0.478532365 0.134038701 -0.173927813 0.001661473 0.023915565 -0.004470890 0.999702604
4401. -0.478524102 0.134076639 -0.173875777 0.001683735 0.023904232 -0.004463883 0.999702869
4402. -0.478527255 0.134109152 -0.173877762 0.001692808 0.023908716 -0.004448311 0.999702816
4403. -0.478565198 0.134025759 -0.173854254 0.001685377 0.023913576 -0.004446909 0.999702719
4404. -0.478583186 0.134058038 -0.173727735 0.001678843 0.023919893 -0.004472977 0.999702462
4405. -0.478568750 0.134054564 -0.173734336 0.001672002 0.023929256 -0.004422872 0.999702472
4406. -0.478640357 0.134031282 -0.173887329 0.001664370 0.023950165 -0.004423470 0.999701982
4407. -0.478624323 0.134059121 -0.173841103 0.001667991 0.023948043 -0.004411247 0.999702081
4408. -0.478630080 0.134040454 -0.173981445 0.001680284 0.023941674 -0.004429010 0.999702134
4409. -0.478564104 0.134170132 -0.173928136 0.001696164 0.023929894 -0.004412726 0.999702461
4410. -0.478460755 0.133973685 -0.173800000 0.001663418 0.023913097 -0.004431752 0.999702834
4411. -0.478509081 0.134086855 -0.173860935 0.001688068 0.023918026 -0.004423265 0.999702712
4412. -0.478514523 0.134000051 -0.173859041 0.001693642 0.023909568 -0.004436297 0.999702848
4413. -0.478470999 0.133984581 -0.173773615 0.001689520 0.023901650 -0.004412672 0.999703148
4414. -0.478437590 0.133973679 -0.173869425 0.001707750 0.023886409 -0.004433492 0.999703390
4415. -0.478500518 0.133856012 -0.173831588 0.001672548 0.023903002 -0.004450591 0.999702977
4416. -0.478311859 0.133910789 -0.173719187 0.001669740 0.023844494 -0.004463679 0.999704320
4417. -0.478224831 0.133848201 -0.173567731 0.001656719 0.023843489 -0.004451615 0.999704420
4418. -0.478131285 0.133108932 -0.173478770 0.001524945 0.023824781 -0.004464677 0.999705017
4419. -0.478295236 0.133022124 -0.173527563 0.001522145 0.023852146 -0.004482896 0.999704287
4420. -0.478277055 0.133177115 -0.173728804 0.001550537 0.023845152 -0.004454895 0.999704536
4421. -0.478389797 0.133352204 -0.173866539 0.001560251 0.023862354 -0.004488250 0.999703961
4422. -0.478389473 0.133093416 -0.173867724 0.001541275 0.023859830 -0.004512862 0.999703940
4423. -0.478455185 0.133059797 -0.173869182 0.001523745 0.023875715 -0.004521677 0.999703547
4424. -0.478444590 0.132996138 -0.173753331 0.001515347 0.023876088 -0.004548038 0.999703432
4425. -0.478411452 0.132795465 -0.173673524 0.001490660 0.023865344 -0.004545968 0.999703735
4426. -0.478425987 0.132753911 -0.173752551 0.001489567 0.023868710 -0.004535066 0.999703706
4427. -0.478534993 0.133797707 -0.174392257 0.001639707 0.023887829 -0.004507703 0.999703138
4428. -0.478851959 0.134161441 -0.174639378 0.001735770 0.023959301 -0.004602484 0.999700833
4429. -0.478907744 0.134368875 -0.174757614 0.001783107 0.023965730 -0.004598271 0.999700615
4430. -0.478896561 0.134239448 -0.174692539 0.001751390 0.023968488 -0.004595898 0.999700616
4431. -0.479023526 0.134214658 -0.174785801 0.001745775 0.023980082 -0.004617640 0.999700248
4432. -0.479059415 0.134195037 -0.174776405 0.001707703 0.024006605 -0.004468651 0.999700354
4433. -0.479562694 0.133810481 -0.174572237 0.001753127 0.024094681 -0.004583853 0.999697635
4434. -0.479557353 0.133815810 -0.174533196 0.001752957 0.024091879 -0.004600649 0.999697626
4435. -0.479574092 0.133812317 -0.174599662 0.001750204 0.024096633 -0.004606102 0.999697491
4436. -0.479566043 0.133810479 -0.174573771 0.001747482 0.024097063 -0.004609021 0.999697472
4437. -0.479563553 0.133805739 -0.174567000 0.001730869 0.024099301 -0.004584587 0.999697559
4438. -0.479546197 0.133815093 -0.174548712 0.001745254 0.024091772 -0.004593828 0.999697673
4439. -0.479565405 0.133808740 -0.174565633 0.001733582 0.024105699 -0.004616231 0.999697254
4440. -0.479558366 0.133810870 -0.174574724 0.001746173 0.024092701 -0.004594020 0.999697648
4441. -0.479551737 0.133816774 -0.174549507 0.001744101 0.024087657 -0.004616134 0.999697671
4442. -0.479549681 0.133810134 -0.174534055 0.001740219 0.024087626 -0.004598246 0.999697761
4443. -0.479491448 0.133833017 -0.174371488 0.001741867 0.024078299 -0.004588127 0.999698030
4444. -0.479477429 0.133841091 -0.174320892 0.001737591 0.024070782 -0.004632115 0.999698015
4445. -0.479536067 0.133801083 -0.174446540 0.001706554 0.024103161 -0.004570493 0.999697572
4446. -0.479516287 0.133810569 -0.174369502 0.001709143 0.024107693 -0.004569515 0.999697463
4447. -0.479509043 0.133820262 -0.174333095 0.001715181 0.024105996 -0.004590231 0.999697399
4448. -0.479508470 0.133822801 -0.174354778 0.001716187 0.024102350 -0.004598427 0.999697447
4449. -0.479496988 0.133831116 -0.174296916 0.001725161 0.024106327 -0.004618501 0.999697243
4450. -0.479386357 0.133851504 -0.174019459 0.001705128 0.024085952 -0.004555866 0.999698056
4451. -0.479341602 0.133873723 -0.173912662 0.001719812 0.024079804 -0.004561502 0.999698153
4452. -0.479344189 0.133878430 -0.173905908 0.001724847 0.024070299 -0.004582939 0.999698276
4453. -0.479351186 0.133875553 -0.173920346 0.001725695 0.024085124 -0.004574118 0.999697957
4454. -0.479396561 0.133850904 -0.174033323 0.001707022 0.024099389 -0.004551238 0.999697750
4455. -0.479364479 0.133869407 -0.173953694 0.001719319 0.024100903 -0.004573563 0.999697591
4456. -0.479365102 0.133862578 -0.173965624 0.001713153 0.024091293 -0.004561729 0.999697887
4457. -0.479400274 0.133858516 -0.174065328 0.001718871 0.024097442 -0.004596311 0.999697571
4458. -0.479391632 0.133860847 -0.174049603 0.001723568 0.024098748 -0.004595868 0.999697533
4459. -0.479381437 0.133866567 -0.174022641 0.001729139 0.024099083 -0.004584218 0.999697569
4460. -0.479366416 0.133872125 -0.173981838 0.001731395 0.024089784 -0.004598026 0.999697726
4461. -0.479427135 0.133849666 -0.174165741 0.001725280 0.024078685 -0.004625702 0.999697876
4462. -0.479426447 0.133848995 -0.174182447 0.001731446 0.024071822 -0.004618845 0.999698062
4463. -0.479427917 0.133858460 -0.174153645 0.001742841 0.024079984 -0.004599925 0.999697933
4464. -0.479412916 0.133857182 -0.174139322 0.001730010 0.024064286 -0.004608729 0.999698293
4465. -0.479393099 0.133867588 -0.174094491 0.001746348 0.024051370 -0.004610813 0.999698566
4466. -0.479396043 0.133865762 -0.174107001 0.001741137 0.024055698 -0.004615136 0.999698451
4467. -0.479395888 0.133865758 -0.174095209 0.001743344 0.024054679 -0.004622616 0.999698437
4468. -0.479397622 0.133866947 -0.174100654 0.001742433 0.024058390 -0.004633323 0.999698300
4469. -0.479428553 0.133855430 -0.174164023 0.001731916 0.024066620 -0.004606337 0.999698244
4470. -0.479419145 0.133862054 -0.174155638 0.001741244 0.024069342 -0.004603545 0.999698176
4471. -0.479402614 0.133862912 -0.174097073 0.001739550 0.024062306 -0.004583707 0.999698439
4472. -0.479432380 0.133845058 -0.174175892 0.001727933 0.024078081 -0.004560505 0.999698185
4473. -0.479433856 0.133845700 -0.174183626 0.001727950 0.024074042 -0.004579444 0.999698196
4474. -0.479427019 0.133847165 -0.174178783 0.001727345 0.024072662 -0.004587310 0.999698194
4475. -0.479430385 0.133846095 -0.174176556 0.001727597 0.024071298 -0.004590694 0.999698211
4476. -0.479423757 0.133844026 -0.174157592 0.001726887 0.024073788 -0.004576004 0.999698220
4477. -0.479458895 0.133826324 -0.174274839 0.001722953 0.024074708 -0.004546024 0.999698341
4478. -0.479432804 0.133836483 -0.174202646 0.001724956 0.024072781 -0.004567338 0.999698287
4479. -0.479420042 0.133834784 -0.174175926 0.001720480 0.024070653 -0.004572497 0.999698322
4480. -0.479411136 0.133844358 -0.174164519 0.001727980 0.024056999 -0.004584759 0.999698582
4481. -0.479407283 0.133843953 -0.174158501 0.001729506 0.024057043 -0.004592451 0.999698543
4482. -0.479411120 0.133841011 -0.174168228 0.001729299 0.024052975 -0.004591403 0.999698646
4483. -0.479434153 0.133830125 -0.174223894 0.001719731 0.024063005 -0.004574691 0.999698498
4484. -0.479439740 0.133825525 -0.174235902 0.001699970 0.024059380 -0.004593091 0.999698534
4485. -0.479429991 0.133829584 -0.174213497 0.001707064 0.024058831 -0.004600483 0.999698502
4486. -0.479459715 0.133820764 -0.174289585 0.001712378 0.024074078 -0.004583491 0.999698204
4487. -0.479471103 0.133817981 -0.174323755 0.001711971 0.024075056 -0.004579891 0.999698197
4488. -0.479490956 0.133809415 -0.174389124 0.001716166 0.024069067 -0.004569490 0.999698382
4489. -0.479469045 0.133816122 -0.174315950 0.001714477 0.024071522 -0.004566723 0.999698338
4490. -0.479475359 0.133811766 -0.174358266 0.001710887 0.024066594 -0.004567797 0.999698458
4491. -0.479451173 0.133824273 -0.174299956 0.001726540 0.024062445 -0.004551318 0.999698606
4492. -0.479456509 0.133830065 -0.174331978 0.001737283 0.024048466 -0.004585817 0.999698766
4493. -0.479461283 0.133826964 -0.174328249 0.001731926 0.024061014 -0.004572952 0.999698533
4494. -0.479469480 0.133823548 -0.174355503 0.001733079 0.024056568 -0.004585818 0.999698579
4495. -0.479471930 0.133822274 -0.174338139 0.001719992 0.024072500 -0.004572087 0.999698281
4496. -0.479455043 0.133828640 -0.174300040 0.001729798 0.024064395 -0.004565296 0.999698490
4497. -0.479444789 0.133837527 -0.174245843 0.001729485 0.024060268 -0.004590025 0.999698477
4498. -0.479449174 0.133841176 -0.174252596 0.001730348 0.024058633 -0.004618805 0.999698382
4499. -0.479453596 0.133839671 -0.174252781 0.001735147 0.024067797 -0.004588375 0.999698293
4500. -0.479460744 0.133848158 -0.174246438 0.001741688 0.024070360 -0.004596823 0.999698181
4501. -0.479473213 0.133834943 -0.174276917 0.001742814 0.024076280 -0.004560063 0.999698205
4502. -0.479475980 0.133838964 -0.174256889 0.001740378 0.024077943 -0.004618772 0.999697900
4503. -0.479454643 0.133842778 -0.174215439 0.001733272 0.024071126 -0.004603268 0.999698148
4504. -0.479438251 0.133849423 -0.174185625 0.001732465 0.024062941 -0.004608687 0.999698321
4505. -0.479443458 0.133844173 -0.174200730 0.001726272 0.024061762 -0.004597735 0.999698411
4506. -0.479466329 0.133838287 -0.174236829 0.001734146 0.024070256 -0.004607011 0.999698150
4507. -0.479430514 0.133849441 -0.174185122 0.001744316 0.024044867 -0.004593857 0.999698804
4508. -0.479473984 0.133822758 -0.174290289 0.001723136 0.024064781 -0.004599444 0.999698336
4509. -0.479460222 0.133829966 -0.174235882 0.001730975 0.024068166 -0.004613423 0.999698176
4510. -0.479448390 0.133840498 -0.174196560 0.001739881 0.024069505 -0.004603020 0.999698176
4511. -0.479422915 0.133848223 -0.174148456 0.001745458 0.024058652 -0.004616246 0.999698367
4512. -0.479461625 0.133834347 -0.174241992 0.001744342 0.024065177 -0.004601165 0.999698281
4513. -0.479459905 0.133838313 -0.174250693 0.001746594 0.024071744 -0.004608241 0.999698087
4514. -0.479451919 0.133844295 -0.174233376 0.001751004 0.024068031 -0.004610825 0.999698157
4515. -0.479469016 0.133835263 -0.174288612 0.001743654 0.024069922 -0.004607554 0.999698139
4516. -0.479450886 0.133841282 -0.174231560 0.001749043 0.024063556 -0.004605382 0.999698293
4517. -0.479459598 0.133842710 -0.174247572 0.001743801 0.024063045 -0.004614816 0.999698271
4518. -0.479451195 0.133844389 -0.174242077 0.001747973 0.024055674 -0.004627655 0.999698381
4519. -0.479463164 0.133843692 -0.174254527 0.001759112 0.024065754 -0.004607653 0.999698212
4520. -0.479450808 0.133849755 -0.174217075 0.001762585 0.024065489 -0.004618371 0.999698163
4521. -0.479451739 0.133842813 -0.174216664 0.001754334 0.024068771 -0.004604562 0.999698162
4522. -0.479460342 0.133839103 -0.174252074 0.001750436 0.024066715 -0.004614482 0.999698172
4523. -0.479433904 0.133843159 -0.174177253 0.001739740 0.024060782 -0.004617986 0.999698318
4524. -0.479447446 0.133842802 -0.174206550 0.001744168 0.024063746 -0.004613473 0.999698259
4525. -0.479448188 0.133837508 -0.174219200 0.001744180 0.024062624 -0.004621051 0.999698251
4526. -0.479456923 0.133828329 -0.174235637 0.001729764 0.024065195 -0.004613192 0.999698251
4527. -0.479477790 0.133824752 -0.174308000 0.001731415 0.024059086 -0.004619639 0.999698365
4528. -0.479466405 0.133832339 -0.174273416 0.001737853 0.024054123 -0.004636526 0.999698395
4529. -0.479470032 0.133827493 -0.174296390 0.001736840 0.024054464 -0.004619631 0.999698467
4530. -0.479473045 0.133831822 -0.174289963 0.001744440 0.024056221 -0.004630364 0.999698362
4531. -0.479454423 0.133833092 -0.174260372 0.001740582 0.024048394 -0.004636481 0.999698529
4532. -0.479453720 0.133839395 -0.174255419 0.001741791 0.024045961 -0.004654394 0.999698502
4533. -0.479442641 0.133836441 -0.174215731 0.001739671 0.024056538 -0.004629622 0.999698366
4534. -0.479423227 0.133843154 -0.174170200 0.001733313 0.024047225 -0.004625624 0.999698620
4535. -0.479464487 0.133827659 -0.174281937 0.001730335 0.024055515 -0.004630369 0.999698403
4536. -0.479459888 0.133827526 -0.174271861 0.001729863 0.024052699 -0.004629878 0.999698474
4537. -0.479452002 0.133833738 -0.174233209 0.001724958 0.024057210 -0.004635266 0.999698349
4538. -0.479495270 0.133811497 -0.174350412 0.001720055 0.024060263 -0.004631473 0.999698302
4539. -0.479483735 0.133821512 -0.174322416 0.001729119 0.024056370 -0.004653149 0.999698279
4540. -0.479567273 0.133789007 -0.174559079 0.001739395 0.024068709 -0.004635968 0.999698044
4541. -0.479557710 0.133797903 -0.174528513 0.001745453 0.024067566 -0.004627774 0.999698099
4542. -0.479569570 0.133792763 -0.174589024 0.001745421 0.024066439 -0.004600907 0.999698250
4543. -0.479561107 0.133801751 -0.174564507 0.001745020 0.024064262 -0.004647356 0.999698089
4544. -0.479564860 0.133797136 -0.174565652 0.001745182 0.024072358 -0.004616928 0.999698034
4545. -0.479550420 0.133805907 -0.174542781 0.001752213 0.024067547 -0.004634058 0.999698059
4546. -0.479555364 0.133797468 -0.174575793 0.001744694 0.024059253 -0.004629450 0.999698293
4547. -0.479568501 0.133792508 -0.174605567 0.001744271 0.024068133 -0.004611593 0.999698162
4548. -0.479569123 0.133788829 -0.174594818 0.001734191 0.024068249 -0.004602408 0.999698219
4549. -0.479561185 0.133789587 -0.174582995 0.001740290 0.024070017 -0.004576568 0.999698285
4550. -0.479576319 0.133784402 -0.174625981 0.001738291 0.024069200 -0.004567413 0.999698350
4551. -0.479590367 0.133768804 -0.174688085 0.001748767 0.024069101 -0.004567796 0.999698332
4552. -0.479610784 0.133756729 -0.174792775 0.001735601 0.024067807 -0.004561230 0.999698416
4553. -0.479597298 0.133751538 -0.174743703 0.001726554 0.024068426 -0.004552088 0.999698459
4554. -0.479583487 0.133755068 -0.174690693 0.001733266 0.024066852 -0.004555761 0.999698468
4555. -0.479570415 0.133761581 -0.174641221 0.001727569 0.024071284 -0.004551542 0.999698391
4556. -0.479539536 0.133783469 -0.174544394 0.001734400 0.024064632 -0.004558090 0.999698509
4557. -0.479558150 0.133780944 -0.174615959 0.001737346 0.024062359 -0.004574323 0.999698485
4558. -0.479523774 0.133790531 -0.174462061 0.001737198 0.024082147 -0.004546758 0.999698134
4559. -0.479514610 0.133793030 -0.174455076 0.001722028 0.024079539 -0.004482807 0.999698512
4560. -0.479534204 0.133767251 -0.174503341 0.001716509 0.024082890 -0.004461685 0.999698535
4561. -0.479534796 0.133764520 -0.174509354 0.001717852 0.024083876 -0.004473921 0.999698455
4562. -0.479527559 0.133766375 -0.174484980 0.001716077 0.024084388 -0.004463277 0.999698493
4563. -0.479528264 0.133759348 -0.174486061 0.001716981 0.024083688 -0.004440322 0.999698610
4564. -0.479524353 0.133760341 -0.174471418 0.001715429 0.024089297 -0.004467613 0.999698356
4565. -0.479489130 0.133772242 -0.174375171 0.001708132 0.024082303 -0.004475257 0.999698503
4566. -0.479510017 0.133758845 -0.174452966 0.001708483 0.024084769 -0.004473825 0.999698449
4567. -0.479542514 0.133756257 -0.174526519 0.001709183 0.024089294 -0.004473629 0.999698340
4568. -0.479543542 0.133757261 -0.174526652 0.001705929 0.024091888 -0.004460342 0.999698343
4569. -0.479537502 0.133760831 -0.174504794 0.001694901 0.024089390 -0.004477870 0.999698343
4570. -0.479536805 0.133757714 -0.174521313 0.001701595 0.024086172 -0.004484036 0.999698382
4571. -0.479545654 0.133751737 -0.174546051 0.001697063 0.024087121 -0.004488922 0.999698345
4572. -0.479534823 0.133758372 -0.174521062 0.001706030 0.024085737 -0.004481894 0.999698394
4573. -0.479521555 0.133765190 -0.174467173 0.001696752 0.024080690 -0.004477942 0.999698549
4574. -0.479516982 0.133781698 -0.174447143 0.001703146 0.024087253 -0.004501314 0.999698275
4575. -0.479508575 0.133788970 -0.174416651 0.001710839 0.024085827 -0.004498403 0.999698310
4576. -0.479527033 0.133771026 -0.174472858 0.001701601 0.024083671 -0.004488182 0.999698423
4577. -0.479489030 0.133780465 -0.174371330 0.001698795 0.024080494 -0.004492297 0.999698486
4578. -0.479516218 0.133785716 -0.174443739 0.001707313 0.024084764 -0.004485889 0.999698398
4579. -0.479499089 0.133790547 -0.174415132 0.001712641 0.024080882 -0.004475662 0.999698528
4580. -0.479494115 0.133800253 -0.174374448 0.001710721 0.024091748 -0.004516498 0.999698086
4581. -0.479506736 0.133791756 -0.174403306 0.001703601 0.024089188 -0.004520261 0.999698142
4582. -0.479507641 0.133794134 -0.174414089 0.001706126 0.024084238 -0.004490372 0.999698392
4583. -0.479546264 0.133782905 -0.174515861 0.001712279 0.024090341 -0.004511722 0.999698138
4584. -0.479535538 0.133785034 -0.174472825 0.001702296 0.024091841 -0.004526347 0.999698053
4585. -0.479561504 0.133770695 -0.174552823 0.001703788 0.024097148 -0.004521973 0.999697943
4586. -0.479536250 0.133773601 -0.174486824 0.001692706 0.024094739 -0.004519499 0.999698031
4587. -0.479526481 0.133779441 -0.174466082 0.001690006 0.024090420 -0.004529789 0.999698093
4588. -0.479521826 0.133786826 -0.174423044 0.001699327 0.024098647 -0.004538055 0.999697841
4589. -0.479524529 0.133777764 -0.174442187 0.001694449 0.024097657 -0.004510067 0.999698000
4590. -0.479541005 0.133768675 -0.174483008 0.001691492 0.024103664 -0.004499630 0.999697907
4591. -0.479518106 0.133778511 -0.174436478 0.001692633 0.024099856 -0.004512368 0.999697940
4592. -0.479503194 0.133780989 -0.174387390 0.001690990 0.024099420 -0.004486903 0.999698068
4593. -0.479500856 0.133785201 -0.174388327 0.001700472 0.024086476 -0.004501099 0.999698300
4594. -0.479479057 0.133801588 -0.174345269 0.001714622 0.024081059 -0.004511577 0.999698359
4595. -0.479540748 0.133770284 -0.174497887 0.001706982 0.024099659 -0.004493300 0.999698006
4596. -0.479524395 0.133779042 -0.174431369 0.001705596 0.024099478 -0.004539096 0.999697806
4597. -0.479546374 0.133771574 -0.174487608 0.001702587 0.024092708 -0.004524188 0.999698042
4598. -0.479538278 0.133766621 -0.174474321 0.001694382 0.024097595 -0.004481835 0.999698129
4599. -0.479534336 0.133772128 -0.174464596 0.001701390 0.024096346 -0.004509652 0.999698022
4600. -0.479509593 0.133786749 -0.174364638 0.001703933 0.024091554 -0.004497619 0.999698187
4601. -0.479533613 0.133771171 -0.174438919 0.001697872 0.024101491 -0.004488845 0.999697997
4602. -0.479495294 0.133789672 -0.174321844 0.001696199 0.024087937 -0.004525020 0.999698164
4603. -0.479477030 0.133791164 -0.174275351 0.001683597 0.024095494 -0.004515669 0.999698045
4604. -0.479490115 0.133788024 -0.174304837 0.001695553 0.024092741 -0.004511846 0.999698109
4605. -0.479495668 0.133791527 -0.174320131 0.001708612 0.024087058 -0.004503591 0.999698260
4606. -0.479494675 0.133783087 -0.174313697 0.001692943 0.024089058 -0.004496388 0.999698271
4607. -0.479478178 0.133804124 -0.174256063 0.001704109 0.024097947 -0.004522447 0.999697921
4608. -0.479484246 0.133795710 -0.174274771 0.001706629 0.024090898 -0.004519620 0.999698099
4609. -0.479498249 0.133795816 -0.174310626 0.001711148 0.024096550 -0.004506896 0.999698012
4610. -0.479491220 0.133801699 -0.174295430 0.001712276 0.024096726 -0.004485917 0.999698101
4611. -0.479502112 0.133791288 -0.174322956 0.001713300 0.024102891 -0.004481182 0.999697972
4612. -0.479472383 0.133811887 -0.174252412 0.001723230 0.024088141 -0.004507907 0.999698190
4613. -0.479470749 0.133810648 -0.174260632 0.001718323 0.024089134 -0.004486813 0.999698269
4614. -0.479472887 0.133798371 -0.174267918 0.001709654 0.024087377 -0.004495237 0.999698289
4615. -0.479483368 0.133792402 -0.174328419 0.001709090 0.024080825 -0.004475546 0.999698536
4616. -0.479473663 0.133802029 -0.174292906 0.001716577 0.024075280 -0.004487377 0.999698603
4617. -0.479461105 0.133807122 -0.174289394 0.001720274 0.024068970 -0.004525599 0.999698577
4618. -0.479464602 0.133807079 -0.174291929 0.001719193 0.024071561 -0.004521979 0.999698533
4619. -0.479448515 0.133809311 -0.174265304 0.001714300 0.024066734 -0.004531473 0.999698614
4620. -0.479455523 0.133802116 -0.174293702 0.001712593 0.024069153 -0.004512615 0.999698644
4621. -0.479443120 0.133807359 -0.174253871 0.001716533 0.024072540 -0.004524233 0.999698503
4622. -0.479449613 0.133804183 -0.174280862 0.001717664 0.024075798 -0.004525747 0.999698416
4623. -0.479453346 0.133810651 -0.174288272 0.001732829 0.024066218 -0.004522052 0.999698637
4624. -0.479433728 0.133812474 -0.174215433 0.001711225 0.024077055 -0.004519068 0.999698427
4625. -0.479477319 0.133808481 -0.174349336 0.001726621 0.024068499 -0.004556467 0.999698437
4626. -0.479465756 0.133800768 -0.174306243 0.001713669 0.024075550 -0.004528826 0.999698415
4627. -0.479442373 0.133823146 -0.174226261 0.001723929 0.024070441 -0.004545309 0.999698446
4628. -0.479444318 0.133813704 -0.174254984 0.001714922 0.024065753 -0.004540749 0.999698595
4629. -0.479469970 0.133799942 -0.174324961 0.001715818 0.024078550 -0.004548725 0.999698249
4630. -0.479457259 0.133810963 -0.174276203 0.001715649 0.024077162 -0.004573246 0.999698171
4631. -0.479447566 0.133816911 -0.174227015 0.001707207 0.024081506 -0.004562021 0.999698132
4632. -0.479441257 0.133818881 -0.174223689 0.001708246 0.024079524 -0.004565455 0.999698162
4633. -0.479468810 0.133799478 -0.174304987 0.001710424 0.024084569 -0.004526516 0.999698214
4634. -0.479445914 0.133813841 -0.174226705 0.001715577 0.024080455 -0.004548413 0.999698205
4635. -0.479426874 0.133817902 -0.174191381 0.001717340 0.024069952 -0.004523862 0.999698566
4636. -0.479467980 0.133795700 -0.174302935 0.001705629 0.024077850 -0.004533388 0.999698353
4637. -0.479471725 0.133795377 -0.174307578 0.001701567 0.024074993 -0.004535036 0.999698421
4638. -0.479477121 0.133801900 -0.174309547 0.001712030 0.024078706 -0.004538912 0.999698296
4639. -0.479484024 0.133797235 -0.174334798 0.001707948 0.024073117 -0.004550744 0.999698384
4640. -0.479489282 0.133788581 -0.174368864 0.001706493 0.024078896 -0.004511086 0.999698427
4641. -0.479456468 0.133805559 -0.174269133 0.001715035 0.024070060 -0.004528650 0.999698546
4642. -0.479467446 0.133799442 -0.174290745 0.001709008 0.024073572 -0.004544433 0.999698400
4643. -0.479463245 0.133804391 -0.174280796 0.001710515 0.024065775 -0.004547523 0.999698571
4644. -0.479472893 0.133784783 -0.174312577 0.001694029 0.024072168 -0.004526528 0.999698540
4645. -0.479457206 0.133788634 -0.174260275 0.001689402 0.024064060 -0.004528549 0.999698734
4646. -0.479442754 0.133799132 -0.174216859 0.001685999 0.024066858 -0.004544097 0.999698602
4647. -0.479470912 0.133786042 -0.174297494 0.001687467 0.024068269 -0.004532613 0.999698618
4648. -0.479464491 0.133788138 -0.174278469 0.001690835 0.024072046 -0.004538728 0.999698493
4649. -0.479481970 0.133775480 -0.174331113 0.001682588 0.024076024 -0.004506570 0.999698557
4650. -0.479513453 0.133782749 -0.174405556 0.001696879 0.024087694 -0.004528081 0.999698154
4651. -0.479479901 0.133785799 -0.174306228 0.001690425 0.024081772 -0.004509318 0.999698393
4652. -0.479505874 0.133777802 -0.174361677 0.001684304 0.024091769 -0.004534308 0.999698049
4653. -0.479474065 0.133807235 -0.174307647 0.001715848 0.024064025 -0.004550513 0.999698590
4654. -0.479469248 0.133802699 -0.174303965 0.001704890 0.024064261 -0.004547386 0.999698618
4655. -0.479461906 0.133808121 -0.174282148 0.001717588 0.024057905 -0.004556528 0.999698707
4656. -0.479487715 0.133787756 -0.174339985 0.001703776 0.024069399 -0.004521612 0.999698613
4657. -0.479499494 0.133784100 -0.174363160 0.001702455 0.024084000 -0.004519948 0.999698271
4658. -0.479467098 0.133791347 -0.174298180 0.001693924 0.024063399 -0.004543151 0.999698676
4659. -0.479453773 0.133802658 -0.174249759 0.001692981 0.024071278 -0.004526666 0.999698563
4660. -0.479467771 0.133794657 -0.174290766 0.001697630 0.024071852 -0.004510762 0.999698613
4661. -0.479466232 0.133797850 -0.174293428 0.001704467 0.024076184 -0.004501492 0.999698539
4662. -0.479485161 0.133791939 -0.174317978 0.001698766 0.024083627 -0.004512218 0.999698321
4663. -0.479494921 0.133777531 -0.174354586 0.001692886 0.024084356 -0.004506033 0.999698341
4664. -0.479502681 0.133786851 -0.174397249 0.001703803 0.024081005 -0.004522597 0.999698329
4665. -0.479487656 0.133795086 -0.174346729 0.001709967 0.024078866 -0.004512985 0.999698413
4666. -0.479504562 0.133791416 -0.174397247 0.001714451 0.024081018 -0.004517911 0.999698331
4667. -0.479492132 0.133790832 -0.174345390 0.001706748 0.024080546 -0.004496106 0.999698454
4668. -0.479486858 0.133793217 -0.174343272 0.001706805 0.024083997 -0.004492789 0.999698386
4669. -0.479483328 0.133785573 -0.174339301 0.001707451 0.024074839 -0.004476784 0.999698677
4670. -0.479485884 0.133785391 -0.174339135 0.001703679 0.024077622 -0.004503737 0.999698496
4671. -0.479496982 0.133785899 -0.174366641 0.001706835 0.024080149 -0.004514299 0.999698382
4672. -0.479467305 0.133797032 -0.174290662 0.001713823 0.024070618 -0.004505233 0.999698640
4673. -0.479464449 0.133802309 -0.174275488 0.001713642 0.024075201 -0.004516606 0.999698479
4674. -0.479494871 0.133783711 -0.174358707 0.001702334 0.024084972 -0.004510004 0.999698293
4675. -0.479467199 0.133798825 -0.174282823 0.001709894 0.024083385 -0.004536982 0.999698196
4676. -0.479489450 0.133786551 -0.174324380 0.001710990 0.024090586 -0.004488803 0.999698238
4677. -0.479473078 0.133792126 -0.174282900 0.001707231 0.024083939 -0.004509556 0.999698311
4678. -0.479494603 0.133789376 -0.174362942 0.001719603 0.024080228 -0.004521512 0.999698325
4679. -0.479477347 0.133791404 -0.174305873 0.001706300 0.024076090 -0.004534237 0.999698390
4680. -0.479481234 0.133799166 -0.174293323 0.001711478 0.024084003 -0.004525926 0.999698228
4681. -0.479477578 0.133791591 -0.174307712 0.001704594 0.024080651 -0.004534388 0.999698282
4682. -0.479489808 0.133786014 -0.174335923 0.001696405 0.024081319 -0.004539501 0.999698257
4683. -0.479501365 0.133776243 -0.174357045 0.001692027 0.024088622 -0.004496801 0.999698282
4684. -0.479516978 0.133765118 -0.174399039 0.001683024 0.024097738 -0.004500314 0.999698061
4685. -0.479506408 0.133759724 -0.174381251 0.001680029 0.024098616 -0.004466000 0.999698199
4686. -0.479486027 0.133782304 -0.174306090 0.001695158 0.024092707 -0.004486265 0.999698225
4687. -0.479515375 0.133773141 -0.174380147 0.001693052 0.024099503 -0.004475943 0.999698111
4688. -0.479523869 0.133765065 -0.174410501 0.001698641 0.024100260 -0.004490130 0.999698020
4689. -0.479504250 0.133772277 -0.174366207 0.001685327 0.024094624 -0.004481815 0.999698216
4690. -0.479481516 0.133789150 -0.174290618 0.001698396 0.024092881 -0.004490041 0.999698198
4691. -0.479474140 0.133787940 -0.174273656 0.001698264 0.024087830 -0.004482279 0.999698355
4692. -0.479493190 0.133777499 -0.174350879 0.001691359 0.024088188 -0.004459300 0.999698461
4693. -0.479487142 0.133790586 -0.174305588 0.001696663 0.024092630 -0.004472151 0.999698288
4694. -0.479492288 0.133783760 -0.174329185 0.001686473 0.024085610 -0.004488889 0.999698399
4695. -0.479499798 0.133784760 -0.174334375 0.001698107 0.024094017 -0.004468033 0.999698270
4696. -0.479493891 0.133793410 -0.174318640 0.001706448 0.024095711 -0.004484012 0.999698144
4697. -0.479476813 0.133792956 -0.174279860 0.001711278 0.024090062 -0.004414400 0.999698581
4698. -0.479491135 0.133792242 -0.174289785 0.001698736 0.024098732 -0.004455592 0.999698211
4699. -0.479478483 0.133800364 -0.174276841 0.001707962 0.024084777 -0.004441331 0.999698595
4700. -0.479498338 0.133779191 -0.174338938 0.001694151 0.024091413 -0.004443742 0.999698448
4701. -0.479496407 0.133787605 -0.174321858 0.001703094 0.024095174 -0.004455650 0.999698289
4702. -0.479481893 0.133784091 -0.174299108 0.001696885 0.024090173 -0.004465416 0.999698377
4703. -0.479487675 0.133786006 -0.174300749 0.001704611 0.024099614 -0.004442187 0.999698239
4704. -0.479487117 0.133795666 -0.174310169 0.001715404 0.024091675 -0.004488868 0.999698204
4705. -0.479488982 0.133790014 -0.174309666 0.001705753 0.024093076 -0.004484192 0.999698208
4706. -0.479474199 0.133800580 -0.174261121 0.001717900 0.024091121 -0.004464678 0.999698321
4707. -0.479467058 0.133804560 -0.174260379 0.001723466 0.024082979 -0.004469863 0.999698485
4708. -0.479468599 0.133795845 -0.174262926 0.001716518 0.024085580 -0.004456034 0.999698496
4709. -0.479469153 0.133803611 -0.174251086 0.001711904 0.024089816 -0.004486758 0.999698264
4710. -0.479439580 0.133806631 -0.174179588 0.001698204 0.024087728 -0.004492813 0.999698311
4711. -0.479461652 0.133802789 -0.174247392 0.001709227 0.024084475 -0.004515044 0.999698270
4712. -0.479466864 0.133796224 -0.174243841 0.001704651 0.024089774 -0.004512542 0.999698161
4713. -0.479501691 0.133793792 -0.174323583 0.001705829 0.024091456 -0.004531682 0.999698032
4714. -0.479471547 0.133797509 -0.174259960 0.001704813 0.024090158 -0.004522832 0.999698105
4715. -0.479481309 0.133793408 -0.174284045 0.001708702 0.024082110 -0.004522836 0.999698293
4716. -0.479462771 0.133808537 -0.174226003 0.001712353 0.024080473 -0.004532107 0.999698284
4717. -0.479481543 0.133811596 -0.174255099 0.001716859 0.024088993 -0.004541500 0.999698028
4718. -0.479484544 0.133806339 -0.174293433 0.001720788 0.024081568 -0.004556507 0.999698132
4719. -0.479505853 0.133804730 -0.174300586 0.001714910 0.024102714 -0.004538711 0.999697713
4720. -0.479493903 0.133802016 -0.174267439 0.001705769 0.024101445 -0.004522981 0.999697831
4721. -0.479480450 0.133809158 -0.174247742 0.001716210 0.024094696 -0.004520158 0.999697989
4722. -0.479468676 0.133804358 -0.174187783 0.001714255 0.024097022 -0.004515804 0.999697956
4723. -0.479456731 0.133802777 -0.174172481 0.001695226 0.024099963 -0.004518571 0.999697905
4724. -0.479473583 0.133805765 -0.174206399 0.001705561 0.024097869 -0.004520408 0.999697929
4725. -0.479484762 0.133792387 -0.174235679 0.001699284 0.024103495 -0.004503955 0.999697879
4726. -0.479493839 0.133793259 -0.174267886 0.001699750 0.024096916 -0.004505590 0.999698029
4727. -0.479496700 0.133790800 -0.174262769 0.001699251 0.024106317 -0.004493922 0.999697856
4728. -0.479482591 0.133791738 -0.174239734 0.001689930 0.024101719 -0.004485269 0.999698021
4729. -0.479452325 0.133803658 -0.174139761 0.001696696 0.024104196 -0.004483911 0.999697956
4730. -0.479477810 0.133798887 -0.174192118 0.001692566 0.024109817 -0.004498707 0.999697761
4731. -0.479471969 0.133799542 -0.174195889 0.001691109 0.024101211 -0.004517671 0.999697886
4732. -0.479482302 0.133792542 -0.174217319 0.001690260 0.024099954 -0.004488392 0.999698049
4733. -0.479471420 0.133798708 -0.174178981 0.001682467 0.024103650 -0.004506616 0.999697891
4734. -0.479467091 0.133807413 -0.174185816 0.001695737 0.024098948 -0.004515339 0.999697943
4735. -0.479473186 0.133800329 -0.174182689 0.001693793 0.024100352 -0.004517780 0.999697901
4736. -0.479469291 0.133802590 -0.174186952 0.001696885 0.024100847 -0.004511808 0.999697911
4737. -0.479456125 0.133802611 -0.174165291 0.001692186 0.024095090 -0.004513808 0.999698049
4738. -0.479458859 0.133803529 -0.174170474 0.001693243 0.024085398 -0.004531555 0.999698200
4739. -0.479456314 0.133802875 -0.174149159 0.001689792 0.024094927 -0.004520660 0.999698026
4740. -0.479466760 0.133792766 -0.174178037 0.001682908 0.024091807 -0.004491686 0.999698243
4741. -0.479465980 0.133790808 -0.174178604 0.001682571 0.024096001 -0.004495418 0.999698126
4742. -0.479474112 0.133782477 -0.174209703 0.001678714 0.024095071 -0.004476935 0.999698238
4743. -0.479456751 0.133784116 -0.174162076 0.001665457 0.024090263 -0.004476529 0.999698378
4744. -0.479458607 0.133783933 -0.174159718 0.001670973 0.024098882 -0.004454443 0.999698259
4745. -0.479467174 0.133783132 -0.174202495 0.001673765 0.024094714 -0.004459116 0.999698334
4746. -0.479462837 0.133786011 -0.174158788 0.001676857 0.024099558 -0.004471941 0.999698155
4747. -0.479491766 0.133780357 -0.174230221 0.001683560 0.024105634 -0.004466428 0.999698022
4748. -0.479476002 0.133792834 -0.174192911 0.001679160 0.024106164 -0.004487710 0.999697921
4749. -0.479459107 0.133788668 -0.174147897 0.001676258 0.024101533 -0.004470944 0.999698113
4750. -0.479471950 0.133786417 -0.174206384 0.001684318 0.024094829 -0.004487632 0.999698186
4751. -0.479458370 0.133789392 -0.174151079 0.001684181 0.024098929 -0.004497454 0.999698043
4752. -0.479459217 0.133794861 -0.174160472 0.001681169 0.024098258 -0.004499679 0.999698055
4753. -0.479456489 0.133781386 -0.174178880 0.001672019 0.024089737 -0.004478570 0.999698370
4754. -0.479464049 0.133772669 -0.174215297 0.001666967 0.024093224 -0.004462575 0.999698366
4755. -0.479453398 0.133782217 -0.174183170 0.001675019 0.024093013 -0.004497588 0.999698201
4756. -0.479444146 0.133781654 -0.174157191 0.001660467 0.024091062 -0.004484682 0.999698330
4757. -0.479457936 0.133780914 -0.174167555 0.001659338 0.024102005 -0.004491255 0.999698039
4758. -0.479468986 0.133774885 -0.174210519 0.001673743 0.024099948 -0.004447299 0.999698261
4759. -0.479459035 0.133768461 -0.174198156 0.001660733 0.024098168 -0.004435672 0.999698377
4760. -0.479442043 0.133778559 -0.174144311 0.001657018 0.024093703 -0.004449178 0.999698431
4761. -0.479448877 0.133777651 -0.174168787 0.001661638 0.024098019 -0.004464276 0.999698252
4762. -0.479450524 0.133778878 -0.174156260 0.001663907 0.024093942 -0.004454971 0.999698388
4763. -0.479439597 0.133786920 -0.174134782 0.001668798 0.024096588 -0.004459398 0.999698296
4764. -0.479441797 0.133785045 -0.174136017 0.001670095 0.024100780 -0.004428732 0.999698329
4765. -0.479443312 0.133778867 -0.174159280 0.001661136 0.024096846 -0.004443841 0.999698372
4766. -0.479442439 0.133783458 -0.174143173 0.001668299 0.024096091 -0.004448489 0.999698358
4767. -0.479434439 0.133787327 -0.174129137 0.001673737 0.024091174 -0.004468878 0.999698376
4768. -0.479461865 0.133782248 -0.174183684 0.001674900 0.024099692 -0.004479376 0.999698122
4769. -0.479446686 0.133794401 -0.174151294 0.001682622 0.024094341 -0.004483987 0.999698217
4770. -0.479451657 0.133784491 -0.174138910 0.001678167 0.024095779 -0.004470588 0.999698250
4771. -0.479437011 0.133792730 -0.174093719 0.001678532 0.024095746 -0.004477723 0.999698218
4772. -0.479445148 0.133789779 -0.174119391 0.001681484 0.024096966 -0.004459841 0.999698264
4773. -0.479464955 0.133776696 -0.174164741 0.001665081 0.024104964 -0.004470192 0.999698052
4774. -0.479442088 0.133788896 -0.174114466 0.001670890 0.024097788 -0.004489172 0.999698130
4775. -0.479455915 0.133782094 -0.174151447 0.001665970 0.024102317 -0.004501132 0.999697976
4776. -0.479474754 0.133804915 -0.174198201 0.001707510 0.024107187 -0.004528145 0.999697666
4777. -0.479472767 0.133777993 -0.174157592 0.001677371 0.024128413 -0.004437733 0.999697611
4778. -0.479461843 0.133780972 -0.174142815 0.001671350 0.024123566 -0.004430304 0.999697771
4779. -0.479470008 0.133783203 -0.174151161 0.001671722 0.024125239 -0.004453006 0.999697629
4780. -0.479466234 0.133783872 -0.174130459 0.001668479 0.024133406 -0.004478655 0.999697322
4781. -0.479472193 0.133785414 -0.174137602 0.001677433 0.024141940 -0.004457633 0.999697195
4782. -0.479455007 0.133800813 -0.174086612 0.001687726 0.024133933 -0.004458124 0.999697369
4783. -0.479452490 0.133793121 -0.174072895 0.001679441 0.024133674 -0.004454316 0.999697406
4784. -0.479464997 0.133787031 -0.174126668 0.001685867 0.024124978 -0.004445379 0.999697645
4785. -0.479462658 0.133795386 -0.174117515 0.001688857 0.024128470 -0.004438595 0.999697586
4786. -0.479462506 0.133792681 -0.174118745 0.001682777 0.024126145 -0.004448336 0.999697609
4787. -0.479483938 0.133786692 -0.174169567 0.001672674 0.024143914 -0.004437639 0.999697245
4788. -0.479472447 0.133785954 -0.174151141 0.001683359 0.024137880 -0.004429620 0.999697408
4789. -0.479459051 0.133777947 -0.174112178 0.001663923 0.024136048 -0.004411192 0.999697566
4790. -0.479450268 0.133733374 -0.174037191 0.001650307 0.024138761 -0.004412134 0.999697519
4791. -0.479475870 0.133726108 -0.174108215 0.001648060 0.024142414 -0.004412876 0.999697431
4792. -0.479472199 0.133743275 -0.174102797 0.001662826 0.024136499 -0.004422344 0.999697508
4793. -0.479499583 0.133733734 -0.174180633 0.001671522 0.024141640 -0.004419087 0.999697384
4794. -0.479505162 0.133729321 -0.174165513 0.001664688 0.024143972 -0.004431534 0.999697284
4795. -0.479508209 0.133735435 -0.174168395 0.001667265 0.024149387 -0.004443346 0.999697096
4796. -0.479515729 0.133737385 -0.174170867 0.001672462 0.024148440 -0.004440925 0.999697121
4797. -0.479538298 0.133713197 -0.174260995 0.001665515 0.024149558 -0.004440953 0.999697106
4798. -0.479500606 0.133734710 -0.174153892 0.001666707 0.024137924 -0.004462054 0.999697291
4799. -0.479493311 0.133739252 -0.174130357 0.001681472 0.024139356 -0.004442662 0.999697318
4800. -0.479468430 0.133745391 -0.174071732 0.001674305 0.024131087 -0.004442071 0.999697532
4801. -0.479475830 0.133752385 -0.174086228 0.001677710 0.024135598 -0.004457474 0.999697349
4802. -0.479484207 0.133754652 -0.174106474 0.001689715 0.024134747 -0.004436366 0.999697443
4803. -0.479475588 0.133760558 -0.174068288 0.001672961 0.024133893 -0.004433103 0.999697506
4804. -0.479505442 0.133754566 -0.174193652 0.001692916 0.024134788 -0.004413953 0.999697536
4805. -0.479481682 0.133763982 -0.174094564 0.001696700 0.024129836 -0.004416915 0.999697636
4806. -0.479476941 0.133762316 -0.174111443 0.001683989 0.024129982 -0.004424053 0.999697622
4807. -0.479502643 0.133760768 -0.174167926 0.001685394 0.024135713 -0.004427733 0.999697465
4808. -0.479547582 0.133739636 -0.174243440 0.001675121 0.024147150 -0.004431450 0.999697190
4809. -0.479501216 0.133763354 -0.174159303 0.001685471 0.024129623 -0.004453504 0.999697498
4810. -0.479471748 0.133771707 -0.174095530 0.001691289 0.024117771 -0.004441610 0.999697827
4811. -0.479503975 0.133775115 -0.174111852 0.001705696 0.024130412 -0.004439788 0.999697505
4812. -0.479517746 0.133762428 -0.174202722 0.001711957 0.024132401 -0.004406380 0.999697594
4813. -0.479520551 0.133763951 -0.174227903 0.001707308 0.024129936 -0.004442689 0.999697501
4814. -0.479497088 0.133767002 -0.174150705 0.001706130 0.024133004 -0.004433130 0.999697472
4815. -0.479475321 0.133748515 -0.174140421 0.001698923 0.024123534 -0.004397638 0.999697869
4816. -0.479520278 0.133744024 -0.174261681 0.001704201 0.024134269 -0.004409230 0.999697550
4817. -0.479525014 0.133753584 -0.174255766 0.001709558 0.024131399 -0.004425991 0.999697536
4818. -0.479523030 0.133759373 -0.174258519 0.001731220 0.024140522 -0.004418203 0.999697313
4819. -0.479529403 0.133762589 -0.174295854 0.001719831 0.024130082 -0.004444452 0.999697468
4820. -0.479528720 0.133744702 -0.174282533 0.001719318 0.024126968 -0.004418119 0.999697661
4821. -0.479537703 0.133753562 -0.174325138 0.001720163 0.024131530 -0.004434818 0.999697476
4822. -0.479514648 0.133757670 -0.174244194 0.001716732 0.024131606 -0.004442306 0.999697446
4823. -0.479515281 0.133761037 -0.174297711 0.001719283 0.024132143 -0.004438308 0.999697447
4824. -0.479525792 0.133750731 -0.174288853 0.001712949 0.024134515 -0.004441337 0.999697387
4825. -0.479500754 0.133764365 -0.174226764 0.001714471 0.024131767 -0.004447254 0.999697424
4826. -0.479478538 0.133759073 -0.174162534 0.001706982 0.024141647 -0.004420674 0.999697317
4827. -0.479480234 0.133760605 -0.174145779 0.001708626 0.024142535 -0.004410757 0.999697336
4828. -0.479498245 0.133763159 -0.174215873 0.001706264 0.024140672 -0.004437466 0.999697267
4829. -0.479484502 0.133769272 -0.174205744 0.001709452 0.024139337 -0.004450933 0.999697234
4830. -0.479530944 0.133751867 -0.174324257 0.001690465 0.024156110 -0.004428868 0.999696959
4831. -0.479526799 0.133738667 -0.174339522 0.001688549 0.024151034 -0.004402019 0.999697203
4832. -0.479522377 0.133734759 -0.174298121 0.001686432 0.024145378 -0.004408441 0.999697315
4833. -0.479488340 0.133750644 -0.174203335 0.001694253 0.024139611 -0.004390000 0.999697523
4834. -0.479488958 0.133753288 -0.174210546 0.001695046 0.024138000 -0.004413155 0.999697458
4835. -0.479508076 0.133742703 -0.174229419 0.001687277 0.024144094 -0.004434855 0.999697228
4836. -0.479539485 0.133725504 -0.174316786 0.001680959 0.024154795 -0.004414179 0.999697072
4837. -0.479535340 0.133737060 -0.174312986 0.001690259 0.024152676 -0.004425021 0.999697059
4838. -0.479515270 0.133748130 -0.174261425 0.001690983 0.024147212 -0.004456504 0.999697050
4839. -0.479490389 0.133755154 -0.174186777 0.001693369 0.024142848 -0.004455649 0.999697155
4840. -0.479531689 0.133747420 -0.174276996 0.001695172 0.024150837 -0.004450766 0.999696981
4841. -0.479539521 0.133735919 -0.174318754 0.001681997 0.024156855 -0.004443066 0.999696892
4842. -0.479545491 0.133727132 -0.174350593 0.001678059 0.024153323 -0.004439794 0.999696999
4843. -0.479552200 0.133720228 -0.174349672 0.001673426 0.024157835 -0.004406918 0.999697043
4844. -0.479552549 0.133732039 -0.174338433 0.001680937 0.024157414 -0.004410859 0.999697023
4845. -0.479556978 0.133734611 -0.174376954 0.001683787 0.024151616 -0.004449834 0.999696986
4846. -0.479563765 0.133727856 -0.174410424 0.001675669 0.024148389 -0.004427684 0.999697176
4847. -0.479578464 0.133727236 -0.174435531 0.001673645 0.024156015 -0.004440769 0.999696937
4848. -0.479525781 0.133735740 -0.174254367 0.001671996 0.024151815 -0.004448912 0.999697005
4849. -0.479552559 0.133715283 -0.174358861 0.001658539 0.024160170 -0.004436148 0.999696882
4850. -0.479538246 0.133732509 -0.174316568 0.001672207 0.024155513 -0.004444056 0.999696937
4851. -0.479546575 0.133722611 -0.174344740 0.001662969 0.024159756 -0.004430820 0.999696908
4852. -0.479533322 0.133737783 -0.174304321 0.001674258 0.024151672 -0.004438988 0.999697049
4853. -0.479550230 0.133723763 -0.174333065 0.001671322 0.024155003 -0.004413577 0.999697086
4854. -0.479541212 0.133729550 -0.174326661 0.001665653 0.024158154 -0.004426512 0.999696962
4855. -0.479556888 0.133722053 -0.174359560 0.001668227 0.024151960 -0.004420576 0.999697133
4856. -0.479535420 0.133721858 -0.174307579 0.001662528 0.024141753 -0.004440267 0.999697302
4857. -0.479556916 0.133716875 -0.174338658 0.001670869 0.024147803 -0.004413229 0.999697262
4858. -0.479529983 0.133726825 -0.174284469 0.001655145 0.024143592 -0.004432158 0.999697306
4859. -0.479568059 0.133715104 -0.174387134 0.001656659 0.024157732 -0.004406903 0.999697073
4860. -0.479543046 0.133715011 -0.174309881 0.001644857 0.024152553 -0.004410672 0.999697201
4861. -0.479555983 0.133716093 -0.174363142 0.001647802 0.024154809 -0.004425819 0.999697075
4862. -0.479584175 0.133699596 -0.174443570 0.001643463 0.024150376 -0.004418341 0.999697222
4863. -0.479556679 0.133703660 -0.174371616 0.001644917 0.024150570 -0.004406971 0.999697266
4864. -0.479564073 0.133699535 -0.174366049 0.001655173 0.024153779 -0.004388325 0.999697253
4865. -0.479579497 0.133704492 -0.174399140 0.001660880 0.024162725 -0.004403362 0.999696961
4866. -0.479586024 0.133696465 -0.174413047 0.001650808 0.024159145 -0.004402130 0.999697070
4867. -0.479570676 0.133708629 -0.174380479 0.001651562 0.024157281 -0.004413200 0.999697065
4868. -0.479557576 0.133722026 -0.174334031 0.001666449 0.024156113 -0.004410812 0.999697079
4869. -0.479561816 0.133709789 -0.174346108 0.001656571 0.024162567 -0.004391998 0.999697022
4870. -0.479587835 0.133693921 -0.174406268 0.001659695 0.024161344 -0.004376867 0.999697113
4871. -0.479496823 0.133741435 -0.174257302 0.001691256 0.024110675 -0.004414096 0.999698120
4872. -0.479496870 0.133745686 -0.174250533 0.001690649 0.024111225 -0.004407355 0.999698137
4873. -0.479489634 0.133745255 -0.174225071 0.001689456 0.024114563 -0.004422851 0.999697990
4874. -0.479478039 0.133758762 -0.174215532 0.001692481 0.024106980 -0.004442086 0.999698083
4875. -0.479466198 0.133758273 -0.174128327 0.001688557 0.024109189 -0.004452172 0.999697991
4876. -0.479473718 0.133751546 -0.174157275 0.001690577 0.024103648 -0.004436739 0.999698190
4877. -0.479517907 0.133745922 -0.174254672 0.001685094 0.024123284 -0.004458119 0.999697631
4878. -0.479491717 0.133738442 -0.174181189 0.001684967 0.024111005 -0.004463863 0.999697901
4879. -0.479471137 0.133756015 -0.174159803 0.001693567 0.024102152 -0.004459352 0.999698121
4880. -0.479459002 0.133757082 -0.174111373 0.001700754 0.024104404 -0.004436031 0.999698158
4881. -0.479455536 0.133767417 -0.174096811 0.001700378 0.024102234 -0.004465660 0.999698079
4882. -0.479486966 0.133758465 -0.174194852 0.001692055 0.024110206 -0.004458529 0.999697933
4883. -0.479466333 0.133766490 -0.174134246 0.001708308 0.024108304 -0.004438508 0.999698040
4884. -0.479488075 0.133753659 -0.174176125 0.001692248 0.024112684 -0.004443180 0.999697941
4885. -0.479494955 0.133745142 -0.174212216 0.001686120 0.024111379 -0.004434627 0.999698021
4886. -0.479501397 0.133743467 -0.174197174 0.001690641 0.024125082 -0.004421243 0.999697742
4887. -0.479472950 0.133744231 -0.174119526 0.001679698 0.024118886 -0.004435965 0.999697844
4888. -0.479492543 0.133762704 -0.174174421 0.001701248 0.024118147 -0.004466114 0.999697692
4889. -0.479515417 0.133742276 -0.174210480 0.001694652 0.024126289 -0.004433006 0.999697654
4890. -0.479513093 0.133746541 -0.174202975 0.001698113 0.024126860 -0.004431722 0.999697640
4891. -0.479510535 0.133753838 -0.174197405 0.001697798 0.024126633 -0.004446144 0.999697582
4892. -0.479507435 0.133752677 -0.174218744 0.001705278 0.024123498 -0.004443110 0.999697658
4893. -0.479498422 0.133755598 -0.174154065 0.001699502 0.024125964 -0.004461300 0.999697527
4894. -0.479527679 0.133750598 -0.174233834 0.001698998 0.024127056 -0.004443341 0.999697582
4895. -0.479539170 0.133745787 -0.174285795 0.001689054 0.024130114 -0.004435538 0.999697560
4896. -0.479555912 0.133743489 -0.174348854 0.001692412 0.024125494 -0.004441082 0.999697641
4897. -0.479544117 0.133756969 -0.174276248 0.001692615 0.024133785 -0.004452692 0.999697389
4898. -0.479541401 0.133748550 -0.174274728 0.001683826 0.024130922 -0.004438381 0.999697536
4899. -0.479561085 0.133741904 -0.174339391 0.001687595 0.024131084 -0.004452552 0.999697463
4900. -0.479547990 0.133736204 -0.174286141 0.001686176 0.024134178 -0.004447355 0.999697414
4901. -0.479534683 0.133758372 -0.174240889 0.001694509 0.024132872 -0.004448235 0.999697427
4902. -0.479543731 0.133745622 -0.174275756 0.001692815 0.024135555 -0.004458259 0.999697321
4903. -0.479524166 0.133748464 -0.174221849 0.001696166 0.024130568 -0.004447979 0.999697481
4904. -0.479545157 0.133745655 -0.174279556 0.001702032 0.024127460 -0.004468677 0.999697454
4905. -0.479580625 0.133733240 -0.174370588 0.001697891 0.024136358 -0.004462873 0.999697272
4906. -0.479556197 0.133733311 -0.174318540 0.001694977 0.024132220 -0.004449355 0.999697437
4907. -0.479539151 0.133738085 -0.174247545 0.001697040 0.024130476 -0.004456254 0.999697445
4908. -0.479523978 0.133725251 -0.174241790 0.001688934 0.024118723 -0.004439238 0.999697818
4909. -0.479533279 0.133743434 -0.174245758 0.001711246 0.024117289 -0.004470390 0.999697676
4910. -0.479516978 0.133746645 -0.174241912 0.001715855 0.024117201 -0.004473332 0.999697657
4911. -0.479561370 0.133746325 -0.174331196 0.001713823 0.024124997 -0.004456096 0.999697550
4912. -0.479513422 0.133740913 -0.174182790 0.001713332 0.024117069 -0.004472694 0.999697668
4913. -0.479494102 0.133736380 -0.174122430 0.001700477 0.024125793 -0.004460794 0.999697532
4914. -0.479502634 0.133733202 -0.174176433 0.001704306 0.024122720 -0.004451227 0.999697642
4915. -0.479500457 0.133755573 -0.174135858 0.001713350 0.024124810 -0.004471624 0.999697486
4916. -0.479509225 0.133753485 -0.174175040 0.001709210 0.024120562 -0.004471962 0.999697594
4917. -0.479503724 0.133753379 -0.174183386 0.001707541 0.024119677 -0.004458308 0.999697679
4918. -0.479519675 0.133747893 -0.174237994 0.001708794 0.024123955 -0.004458083 0.999697574
4919. -0.479504570 0.133759547 -0.174180016 0.001714617 0.024125099 -0.004480782 0.999697435
4920. -0.479522688 0.133754000 -0.174233738 0.001710184 0.024124615 -0.004458741 0.999697553
4921. -0.479521034 0.133766688 -0.174219863 0.001714114 0.024122318 -0.004475417 0.999697527
4922. -0.479549286 0.133745466 -0.174324110 0.001706952 0.024124721 -0.004458365 0.999697558
4923. -0.479557137 0.133747229 -0.174349619 0.001709091 0.024122778 -0.004462085 0.999697584
4924. -0.479550603 0.133748989 -0.174321944 0.001705125 0.024118687 -0.004475866 0.999697628
4925. -0.479547512 0.133743696 -0.174333910 0.001703970 0.024123750 -0.004452229 0.999697614
4926. -0.479542541 0.133769376 -0.174343398 0.001719029 0.024123238 -0.004463933 0.999697548
4927. -0.479526548 0.133757203 -0.174269948 0.001708564 0.024114389 -0.004469583 0.999697754
4928. -0.479517557 0.133767508 -0.174245136 0.001705433 0.024119625 -0.004458479 0.999697683
4929. -0.479537717 0.133762091 -0.174263693 0.001710961 0.024131157 -0.004465008 0.999697366
4930. -0.479541008 0.133764036 -0.174284534 0.001714109 0.024121828 -0.004478096 0.999697527
4931. -0.479519768 0.133785160 -0.174220731 0.001725094 0.024121182 -0.004486268 0.999697487
4932. -0.479521308 0.133784498 -0.174244812 0.001721463 0.024117545 -0.004484634 0.999697589
4933. -0.479517959 0.133787283 -0.174211080 0.001719844 0.024117104 -0.004503562 0.999697517
4934. -0.479507638 0.133792084 -0.174218033 0.001730160 0.024115747 -0.004514123 0.999697484
4935. -0.479497108 0.133795745 -0.174147623 0.001727083 0.024119495 -0.004498613 0.999697469
4936. -0.479512248 0.133793578 -0.174199161 0.001714820 0.024125690 -0.004496312 0.999697351
4937. -0.479482762 0.133782115 -0.174126506 0.001715066 0.024110619 -0.004488342 0.999697750
4938. -0.479485978 0.133780802 -0.174123799 0.001707304 0.024116461 -0.004499685 0.999697571
4939. -0.479521611 0.133784224 -0.174217339 0.001713842 0.024123198 -0.004506554 0.999697367
4940. -0.479489338 0.133781313 -0.174116230 0.001704114 0.024120626 -0.004502574 0.999697463
4941. -0.479496746 0.133785213 -0.174150215 0.001712389 0.024120754 -0.004483711 0.999697531
4942. -0.479516771 0.133762375 -0.174191524 0.001696655 0.024124654 -0.004491152 0.999697430
4943. -0.479513893 0.133781772 -0.174190805 0.001706404 0.024125305 -0.004490302 0.999697402
4944. -0.479494140 0.133759677 -0.174176892 0.001702492 0.024115571 -0.004468709 0.999697740
4945. -0.479475075 0.133769950 -0.174118534 0.001701135 0.024110775 -0.004478566 0.999697814
4946. -0.479496326 0.133772654 -0.174135677 0.001710289 0.024114167 -0.004483288 0.999697695
4947. -0.479497073 0.133772779 -0.174170586 0.001708794 0.024112995 -0.004481791 0.999697733
4948. -0.479519844 0.133771156 -0.174194473 0.001710402 0.024117978 -0.004516112 0.999697455
4949. -0.479498351 0.133762536 -0.174153316 0.001705588 0.024119435 -0.004483833 0.999697574
4950. -0.479499643 0.133771207 -0.174181917 0.001703238 0.024118066 -0.004473891 0.999697655
4951. -0.479501558 0.133769318 -0.174146636 0.001702328 0.024127152 -0.004493198 0.999697351
4952. -0.479483627 0.133773878 -0.174111223 0.001701074 0.024128660 -0.004493728 0.999697314
4953. -0.479505055 0.133777908 -0.174161311 0.001703269 0.024128069 -0.004503996 0.999697279
4954. -0.479481150 0.133788334 -0.174066932 0.001705624 0.024125672 -0.004517321 0.999697272
4955. -0.479477703 0.133778109 -0.174067599 0.001702199 0.024129456 -0.004499766 0.999697266
4956. -0.479491908 0.133778715 -0.174107391 0.001709800 0.024122603 -0.004505097 0.999697395
4957. -0.479488460 0.133774718 -0.174095074 0.001703827 0.024126237 -0.004489106 0.999697389
4958. -0.479490730 0.133771087 -0.174101024 0.001702653 0.024127185 -0.004511505 0.999697267
4959. -0.479493178 0.133769395 -0.174120819 0.001699826 0.024120373 -0.004499245 0.999697492
4960. -0.479518744 0.133771341 -0.174185910 0.001710147 0.024125599 -0.004507306 0.999697312
4961. -0.479534691 0.133766642 -0.174235742 0.001711722 0.024120218 -0.004508161 0.999697435
4962. -0.479496960 0.133779021 -0.174165157 0.001707027 0.024120376 -0.004496756 0.999697491
4963. -0.479513093 0.133765236 -0.174187113 0.001709474 0.024130802 -0.004452948 0.999697431
4964. -0.479497548 0.133760180 -0.174128628 0.001695283 0.024127383 -0.004467240 0.999697474
4965. -0.479502657 0.133768407 -0.174197374 0.001707011 0.024123111 -0.004455859 0.999697608
4966. -0.479527098 0.133765730 -0.174231072 0.001705048 0.024135283 -0.004464735 0.999697278
4967. -0.479521576 0.133765753 -0.174213766 0.001697493 0.024128951 -0.004474535 0.999697400
4968. -0.479521425 0.133768392 -0.174224313 0.001699672 0.024134728 -0.004487548 0.999697198
4969. -0.479514561 0.133761963 -0.174192295 0.001697852 0.024129837 -0.004455967 0.999697461
4970. -0.479514137 0.133774364 -0.174199534 0.001705335 0.024129936 -0.004504427 0.999697228
4971. -0.479520195 0.133786580 -0.174211941 0.001710002 0.024131258 -0.004481528 0.999697291
4972. -0.479495048 0.133770336 -0.174136383 0.001703034 0.024131991 -0.004462121 0.999697372
4973. -0.479508578 0.133781489 -0.174171358 0.001705619 0.024132923 -0.004485888 0.999697239
4974. -0.479512209 0.133774093 -0.174206454 0.001706580 0.024120646 -0.004491653 0.999697508
4975. -0.479527522 0.133771510 -0.174241893 0.001710711 0.024120491 -0.004487013 0.999697525
4976. -0.479539918 0.133759349 -0.174270418 0.001703912 0.024128697 -0.004495072 0.999697303
4977. -0.479518182 0.133764930 -0.174240722 0.001711665 0.024129161 -0.004503008 0.999697243
4978. -0.479492913 0.133771863 -0.174180776 0.001709219 0.024117405 -0.004525066 0.999697431
4979. -0.479509947 0.133766398 -0.174231164 0.001713089 0.024122213 -0.004509248 0.999697380
4980. -0.479516358 0.133765465 -0.174247923 0.001714620 0.024116962 -0.004502267 0.999697535
4981. -0.479542911 0.133763686 -0.174300881 0.001721075 0.024126930 -0.004485775 0.999697358
4982. -0.479548934 0.133770902 -0.174297984 0.001719493 0.024131888 -0.004502793 0.999697164
4983. -0.479501758 0.133770247 -0.174182357 0.001711289 0.024123055 -0.004487920 0.999697458
4984. -0.479516437 0.133767720 -0.174226315 0.001715804 0.024123257 -0.004484570 0.999697461
4985. -0.479509294 0.133770523 -0.174214849 0.001715397 0.024131774 -0.004500277 0.999697185
4986. -0.479480531 0.133764555 -0.174127114 0.001698984 0.024129601 -0.004491337 0.999697306
4987. -0.479511158 0.133770520 -0.174215559 0.001717192 0.024133761 -0.004483115 0.999697211
4988. -0.479498028 0.133769910 -0.174156984 0.001706935 0.024130802 -0.004494471 0.999697249
4989. -0.479521185 0.133755546 -0.174207656 0.001705928 0.024136735 -0.004501474 0.999697076
4990. -0.479526227 0.133751082 -0.174225186 0.001697807 0.024137631 -0.004492333 0.999697110
4991. -0.479519506 0.133746459 -0.174221506 0.001703868 0.024134237 -0.004482747 0.999697224
4992. -0.479520948 0.133748857 -0.174236398 0.001706350 0.024134300 -0.004471987 0.999697267
4993. -0.479536788 0.133741737 -0.174269531 0.001698465 0.024139891 -0.004479178 0.999697113
4994. -0.479510080 0.133761380 -0.174202872 0.001703872 0.024137226 -0.004482984 0.999697151
4995. -0.479499401 0.133766041 -0.174153357 0.001701299 0.024137942 -0.004490308 0.999697105
4996. -0.479520158 0.133752816 -0.174215329 0.001704690 0.024137306 -0.004453165 0.999697281
4997. -0.479523468 0.133758027 -0.174231815 0.001714777 0.024135691 -0.004461220 0.999697267
4998. -0.479566455 0.133738685 -0.174340139 0.001712031 0.024138134 -0.004450357 0.999697261
4999. -0.479506112 0.133765631 -0.174144417 0.001724108 0.024140147 -0.004449287 0.999697196
5000. -0.479505204 0.133776279 -0.174143658 0.001725220 0.024131149 -0.004470009 0.999697319
5001. -0.479501563 0.133771566 -0.174133172 0.001721675 0.024132486 -0.004455970 0.999697356
5002. -0.479513246 0.133772456 -0.174157588 0.001721798 0.024135001 -0.004485505 0.999697163
5003. -0.479527264 0.133756690 -0.174235714 0.001721703 0.024127320 -0.004445843 0.999697526
5004. -0.479531208 0.133756548 -0.174200586 0.001718526 0.024131069 -0.004439392 0.999697469
5005. -0.479545153 0.133751790 -0.174267703 0.001720561 0.024130363 -0.004426449 0.999697540
5006. -0.479552558 0.133751582 -0.174269424 0.001716021 0.024133810 -0.004433183 0.999697435
5007. -0.479541678 0.133779327 -0.174269725 0.001750528 0.024111624 -0.004490932 0.999697653
5008. -0.479569383 0.133754469 -0.174378365 0.001743654 0.024114780 -0.004463950 0.999697709
5009. -0.479592769 0.133758704 -0.174431938 0.001749581 0.024116670 -0.004468712 0.999697632
5010. -0.479571891 0.133769148 -0.174382147 0.001757302 0.024118376 -0.004487549 0.999697493
5011. -0.479556917 0.133782494 -0.174384601 0.001769412 0.024103513 -0.004502057 0.999697765
5012. -0.479568683 0.133768789 -0.174369272 0.001754574 0.024113111 -0.004491696 0.999697606
5013. -0.479566286 0.133755283 -0.174375248 0.001748051 0.024113431 -0.004497619 0.999697583
5014. -0.479556342 0.133771881 -0.174317934 0.001751604 0.024115572 -0.004506615 0.999697485
5015. -0.479553156 0.133767238 -0.174345983 0.001747734 0.024110290 -0.004527652 0.999697524
5016. -0.479574941 0.133753588 -0.174397351 0.001739903 0.024124038 -0.004501169 0.999697326
5017. -0.479555190 0.133754648 -0.174348247 0.001740832 0.024116990 -0.004507913 0.999697464
5018. -0.479559992 0.133768712 -0.174349029 0.001750607 0.024115807 -0.004509508 0.999697468
5019. -0.479567731 0.133751527 -0.174353873 0.001736570 0.024119119 -0.004489651 0.999697502
5020. -0.479551621 0.133772928 -0.174309750 0.001737492 0.024120322 -0.004504891 0.999697403
5021. -0.479562849 0.133771817 -0.174328766 0.001735702 0.024118958 -0.004514782 0.999697394
5022. -0.479587589 0.133757804 -0.174375845 0.001734095 0.024130566 -0.004509339 0.999697141
5023. -0.479562319 0.133779309 -0.174320493 0.001745046 0.024123572 -0.004523014 0.999697229
5024. -0.479552047 0.133783891 -0.174321920 0.001758363 0.024117367 -0.004502965 0.999697446
5025. -0.479578426 0.133777830 -0.174405708 0.001757495 0.024121742 -0.004512835 0.999697298
5026. -0.479586118 0.133765745 -0.174400550 0.001749422 0.024123740 -0.004511130 0.999697271
5027. -0.479582094 0.133756943 -0.174397554 0.001748023 0.024119979 -0.004502626 0.999697403
5028. -0.479577873 0.133767799 -0.174442710 0.001754174 0.024114864 -0.004491641 0.999697565
5029. -0.479600044 0.133750784 -0.174472637 0.001745038 0.024128282 -0.004489262 0.999697268
5030. -0.479612122 0.133758857 -0.174470223 0.001748859 0.024127002 -0.004487800 0.999697299
5031. -0.479600752 0.133780877 -0.174458016 0.001757935 0.024121420 -0.004500127 0.999697362
5032. -0.479575678 0.133779570 -0.174404713 0.001755790 0.024118780 -0.004493436 0.999697460
5033. -0.479566195 0.133780281 -0.174344094 0.001750397 0.024125276 -0.004502066 0.999697273
5034. -0.479545610 0.133783799 -0.174321251 0.001753842 0.024115425 -0.004480827 0.999697601
5035. -0.479557176 0.133771263 -0.174341343 0.001747901 0.024117500 -0.004450713 0.999697695
5036. -0.479553925 0.133774898 -0.174347184 0.001748943 0.024117945 -0.004455943 0.999697660
5037. -0.479559245 0.133778056 -0.174352981 0.001746559 0.024122677 -0.004476092 0.999697460
5038. -0.479569005 0.133769335 -0.174394995 0.001741650 0.024116509 -0.004472908 0.999697631
5039. -0.479573687 0.133762346 -0.174407489 0.001737448 0.024119759 -0.004477873 0.999697538
5040. -0.479586697 0.133749008 -0.174412318 0.001741582 0.024120837 -0.004454589 0.999697609
5041. -0.479598621 0.133739295 -0.174459290 0.001735110 0.024122162 -0.004466165 0.999697536
5042. -0.479598431 0.133746540 -0.174478122 0.001736270 0.024120060 -0.004464786 0.999697591
5043. -0.479605621 0.133741564 -0.174429375 0.001730487 0.024130871 -0.004455798 0.999697380
5044. -0.479618881 0.133735645 -0.174470180 0.001729501 0.024133729 -0.004471084 0.999697245
5045. -0.479561082 0.133754490 -0.174350281 0.001727541 0.024120039 -0.004458347 0.999697636
5046. -0.479559474 0.133760839 -0.174301643 0.001727495 0.024127617 -0.004456399 0.999697461
5047. -0.479570400 0.133756921 -0.174360427 0.001728457 0.024127911 -0.004464260 0.999697418
5048. -0.479561971 0.133775382 -0.174333833 0.001740834 0.024124906 -0.004456894 0.999697501
5049. -0.479580897 0.133751540 -0.174374738 0.001728314 0.024130448 -0.004469490 0.999697333
5050. -0.479571277 0.133762655 -0.174345967 0.001731982 0.024122745 -0.004464842 0.999697534
5051. -0.479552695 0.133769685 -0.174260706 0.001729917 0.024121339 -0.004464736 0.999697572
5052. -0.479536798 0.133768401 -0.174202942 0.001729515 0.024124296 -0.004476272 0.999697449
5053. -0.479540627 0.133769300 -0.174235596 0.001733043 0.024124559 -0.004488049 0.999697384
5054. -0.479563020 0.133757874 -0.174307123 0.001735517 0.024120849 -0.004458262 0.999697603
5055. -0.479566427 0.133761633 -0.174322655 0.001739548 0.024120737 -0.004482531 0.999697490
5056. -0.479540136 0.133772477 -0.174244244 0.001742318 0.024120890 -0.004468747 0.999697543
5057. -0.479524049 0.133784695 -0.174186601 0.001747778 0.024114219 -0.004485461 0.999697619
5058. -0.479528586 0.133787528 -0.174198395 0.001751911 0.024119469 -0.004488578 0.999697472
5059. -0.479546464 0.133769955 -0.174251580 0.001743312 0.024121328 -0.004479686 0.999697482
5060. -0.479544473 0.133783661 -0.174261298 0.001754068 0.024117462 -0.004499605 0.999697467
5061. -0.479504020 0.133803291 -0.174153211 0.001745568 0.024107340 -0.004522146 0.999697624
5062. -0.479506653 0.133788388 -0.174157223 0.001739668 0.024114111 -0.004491425 0.999697609
5063. -0.479521612 0.133773424 -0.174181962 0.001739219 0.024114673 -0.004471202 0.999697687
5064. -0.479510117 0.133778996 -0.174178743 0.001737339 0.024111414 -0.004494811 0.999697663
5065. -0.479531220 0.133783077 -0.174176121 0.001740445 0.024130775 -0.004491662 0.999697205
5066. -0.479531688 0.133775230 -0.174215107 0.001739744 0.024126160 -0.004454092 0.999697486
5067. -0.479546971 0.133762231 -0.174242873 0.001733631 0.024119825 -0.004477106 0.999697546
5068. -0.479535537 0.133759150 -0.174239779 0.001730393 0.024125185 -0.004438565 0.999697594
5069. -0.479515749 0.133778654 -0.174200296 0.001741910 0.024115965 -0.004459518 0.999697704
5070. -0.479513823 0.133781243 -0.174189629 0.001736949 0.024113901 -0.004450468 0.999697802
5071. -0.479491637 0.133783917 -0.174134613 0.001734751 0.024110911 -0.004471145 0.999697786
5072. -0.479525234 0.133775195 -0.174187571 0.001730479 0.024122017 -0.004489609 0.999697443
5073. -0.479542160 0.133765618 -0.174220920 0.001727112 0.024123510 -0.004476075 0.999697473
5074. -0.479506466 0.133770766 -0.174155826 0.001725673 0.024119134 -0.004489616 0.999697521
5075. -0.479545115 0.133754968 -0.174236986 0.001721600 0.024128997 -0.004488220 0.999697296
5076. -0.479558087 0.133769729 -0.174284877 0.001742966 0.024132857 -0.004462020 0.999697283
5077. -0.479524045 0.133775358 -0.174182709 0.001729179 0.024126840 -0.004499148 0.999697286
5078. -0.479529999 0.133783049 -0.174210465 0.001729718 0.024128465 -0.004509468 0.999697199
5079. -0.479513004 0.133768602 -0.174191283 0.001724404 0.024114902 -0.004467936 0.999697722
5080. -0.479557639 0.133756117 -0.174324856 0.001728991 0.024118025 -0.004499558 0.999697497
5081. -0.479522323 0.133768886 -0.174217366 0.001730391 0.024116484 -0.004513543 0.999697469
5082. -0.479519609 0.133761879 -0.174203577 0.001728034 0.024112514 -0.004511234 0.999697579
5083. -0.479531727 0.133762123 -0.174279547 0.001726799 0.024119872 -0.004500038 0.999697454
5084. -0.479541198 0.133754490 -0.174299124 0.001736994 0.024122849 -0.004484397 0.999697435
5085. -0.479527934 0.133776353 -0.174262128 0.001736105 0.024120214 -0.004503476 0.999697414
5086. -0.479510024 0.133785984 -0.174191642 0.001741984 0.024115467 -0.004511776 0.999697481
5087. -0.479518083 0.133778991 -0.174195091 0.001751373 0.024121027 -0.004523009 0.999697280
5088. -0.479525424 0.133782918 -0.174224060 0.001745336 0.024119883 -0.004513826 0.999697359
5089. -0.479503024 0.133781170 -0.174191009 0.001737838 0.024109886 -0.004514797 0.999697609
5090. -0.479536859 0.133764234 -0.174278187 0.001734791 0.024118995 -0.004497912 0.999697471
5091. -0.479530628 0.133775006 -0.174265376 0.001742403 0.024119411 -0.004519184 0.999697352
5092. -0.479520441 0.133787977 -0.174235573 0.001746580 0.024123052 -0.004535791 0.999697181
5093. -0.479538526 0.133794165 -0.174240750 0.001746222 0.024128379 -0.004538727 0.999697040
5094. -0.479548135 0.133783517 -0.174308809 0.001746004 0.024125849 -0.004538914 0.999697101
5095. -0.479527480 0.133795119 -0.174243355 0.001753185 0.024116736 -0.004538155 0.999697311
5096. -0.479544170 0.133786238 -0.174297428 0.001753691 0.024116585 -0.004539924 0.999697306
5097. -0.479539530 0.133780813 -0.174298619 0.001754651 0.024113802 -0.004521729 0.999697454
5098. -0.479531680 0.133787607 -0.174251833 0.001737524 0.024116469 -0.004513208 0.999697458
5099. -0.479510610 0.133796579 -0.174195536 0.001745441 0.024112107 -0.004516865 0.999697533
5100. -0.479509307 0.133796458 -0.174202531 0.001748381 0.024112479 -0.004500506 0.999697593
5101. -0.479539828 0.133793042 -0.174323676 0.001756372 0.024117368 -0.004514624 0.999697397
5102. -0.479538936 0.133789962 -0.174321523 0.001753171 0.024105171 -0.004524419 0.999697653
5103. -0.479521632 0.133793899 -0.174330549 0.001753902 0.024099541 -0.004512288 0.999697842
5104. -0.479542234 0.133806180 -0.174429033 0.001779682 0.024087043 -0.004531129 0.999698012
5105. -0.479535366 0.133799444 -0.174454025 0.001771072 0.024098234 -0.004493485 0.999697928
5106. -0.479494262 0.133899849 -0.174515862 0.001857215 0.024117724 -0.004563163 0.999696986
5107. -0.479558371 0.134008575 -0.174819751 0.001885960 0.024105192 -0.004735422 0.999696433
5108. -0.479419647 0.134014515 -0.174588985 0.001902543 0.024062102 -0.004754409 0.999697350
5109. -0.479865977 0.134017538 -0.175034855 0.001864788 0.024182996 -0.004559520 0.999695412
5110. -0.479810888 0.134142517 -0.174764940 0.001943915 0.024158039 -0.004663413 0.999695385
5111. -0.479494762 0.133909834 -0.174262250 0.001882055 0.024141188 -0.004693673 0.999695769
5112. -0.479447950 0.133890599 -0.174179665 0.001883960 0.024134501 -0.004686327 0.999695961
5113. -0.479518890 0.134014514 -0.173852143 0.001907368 0.024131172 -0.004700568 0.999695930
5114. -0.479571651 0.134008765 -0.173866711 0.001909037 0.024150034 -0.004687517 0.999695533
5115. -0.479460920 0.134083530 -0.173715369 0.001954972 0.024130829 -0.004736176 0.999695679
5116. -0.479454268 0.134052100 -0.173653626 0.001955622 0.024129489 -0.004682222 0.999695964
5117. -0.479469386 0.134093719 -0.173614714 0.001983238 0.024119729 -0.004728322 0.999695928
5118. -0.479550787 0.134141033 -0.173646416 0.001978546 0.024115901 -0.004741253 0.999695968
5119. -0.479454520 0.133998404 -0.173517110 0.001938149 0.024104378 -0.004724579 0.999696404
5120. -0.479492817 0.134077718 -0.173600232 0.001953448 0.024092290 -0.004771835 0.999696442
5121. -0.479472207 0.134076286 -0.173576327 0.001961776 0.024100541 -0.004794587 0.999696117
5122. -0.479687939 0.134136457 -0.173889140 0.001979648 0.024155484 -0.004754199 0.999694949
5123. -0.479723733 0.134025985 -0.173811160 0.001917237 0.024181420 -0.004708126 0.999694662
5124. -0.479723539 0.134025414 -0.173763952 0.001918900 0.024173926 -0.004712713 0.999694818
5125. -0.479698333 0.133993525 -0.173758303 0.001878578 0.024187003 -0.004672345 0.999694768
5126. -0.479650841 0.134226275 -0.173814822 0.001951618 0.024168468 -0.004691839 0.999694985
5127. -0.479681475 0.134293114 -0.173876563 0.001992355 0.024166092 -0.004677466 0.999695029
5128. -0.479673348 0.134328824 -0.173726751 0.002013115 0.024163463 -0.004706361 0.999694916
5129. -0.479814788 0.134407971 -0.173841292 0.002012172 0.024199275 -0.004715764 0.999694007
5130. -0.479849320 0.134343312 -0.173749027 0.002010096 0.024211950 -0.004733382 0.999693621
5131. -0.479825770 0.134351917 -0.173764953 0.001997965 0.024205479 -0.004708195 0.999693921
5132. -0.479843741 0.134350965 -0.173787272 0.001995992 0.024205271 -0.004719909 0.999693875
5133. -0.479846228 0.134324387 -0.173739033 0.002000292 0.024197862 -0.004707476 0.999694104
5134. -0.479837080 0.134324752 -0.173713580 0.001997993 0.024201508 -0.004721211 0.999693956
5135. -0.479745319 0.134207673 -0.173790961 0.001947843 0.024159909 -0.004693573 0.999695191
5136. -0.479740429 0.134210236 -0.173808776 0.001944115 0.024164060 -0.004712270 0.999695010
5137. -0.479526602 0.134069980 -0.173859503 0.001947204 0.024064624 -0.004755038 0.999697200
5138. -0.479527235 0.134072482 -0.173848847 0.001951251 0.024061213 -0.004794922 0.999697084
5139. -0.479520890 0.134077318 -0.173840718 0.001968740 0.024057692 -0.004828223 0.999696974
5140. -0.479525871 0.134084522 -0.173850337 0.001983162 0.024058038 -0.004810782 0.999697021
5141. -0.479522838 0.134077305 -0.173849666 0.001975632 0.024068289 -0.004815151 0.999696768
5142. -0.479515902 0.134080453 -0.173840219 0.002000025 0.024066961 -0.004840802 0.999696628
5143. -0.479516851 0.134076309 -0.173836749 0.002004491 0.024063334 -0.004854140 0.999696642
5144. -0.479515985 0.134074769 -0.173834290 0.002004480 0.024052152 -0.004871602 0.999696826
5145. -0.479522843 0.134078541 -0.173827361 0.002012957 0.024069367 -0.004886406 0.999696322
5146. -0.479522040 0.134069723 -0.173845394 0.001989087 0.024075270 -0.004875667 0.999696280
5147. -0.479531577 0.134064300 -0.173857485 0.001977609 0.024079040 -0.004899666 0.999696095
5148. -0.479528952 0.134063463 -0.173840028 0.001983681 0.024072641 -0.004901616 0.999696227
5149. -0.479539372 0.134060291 -0.173848362 0.001993900 0.024071982 -0.004892488 0.999696268
5150. -0.479522200 0.134053374 -0.173758467 0.001996669 0.024078462 -0.004955789 0.999695794
5151. -0.479586201 0.134066988 -0.173854109 0.002003974 0.024108503 -0.004883267 0.999695413
5152. -0.479553990 0.134071673 -0.173862862 0.002028908 0.024034578 -0.004871502 0.999697200
5153. -0.480445360 0.133380722 -0.172669357 0.001923866 0.024121120 -0.004907213 0.999695148
5154. -0.480515597 0.133424215 -0.172445288 0.001939518 0.024128806 -0.004854003 0.999695192
5155. -0.480653273 0.133507461 -0.172498896 0.001922661 0.024148561 -0.004816134 0.999694931
5156. -0.480267299 0.133715931 -0.172980168 0.001965618 0.024112457 -0.004844103 0.999695584
5157. -0.480774903 0.134250293 -0.172395254 0.002032445 0.024174311 -0.004800231 0.999694168
5158. -0.480684890 0.134331768 -0.172487837 0.002046251 0.024163650 -0.004794959 0.999694423
5159. -0.480661664 0.134156665 -0.172518255 0.002006152 0.024157227 -0.004786123 0.999694702
5160. -0.480756309 0.134137995 -0.172455187 0.002014211 0.024174282 -0.004815201 0.999694134
5161. -0.480531409 0.134512268 -0.172350784 0.002093113 0.024143444 -0.004905626 0.999694277
5162. -0.480959644 0.134110274 -0.172140843 0.001996039 0.024238355 -0.004841583 0.999692491
5163. -0.480283393 0.133841357 -0.172673084 0.001992049 0.024167773 -0.004875807 0.999694042
5164. -0.480339949 0.133782523 -0.172417777 0.002030684 0.024163743 -0.004912584 0.999693881
5165. -0.480398036 0.133840453 -0.172800048 0.001990434 0.024175242 -0.004851332 0.999693983
5166. -0.480332322 0.133748660 -0.172896174 0.001983180 0.024171348 -0.004837175 0.999694161
5167. -0.480254334 0.133801193 -0.172808725 0.001991898 0.024148620 -0.004874337 0.999694512
5168. -0.480423977 0.133460722 -0.173009815 0.001814567 0.024211684 -0.004506408 0.999695050
5169. -0.480425721 0.133482591 -0.172968500 0.001817583 0.024200656 -0.004526443 0.999695222
5170. -0.480421004 0.133453453 -0.172986307 0.001776092 0.024206229 -0.004493231 0.999695311
5171. -0.480580968 0.133688083 -0.173444141 0.001808799 0.024255374 -0.004531495 0.999693888
5172. -0.480591842 0.133762404 -0.173570358 0.001832748 0.024253682 -0.004569065 0.999693715
5173. -0.480491585 0.133461816 -0.173190187 0.001758830 0.024254503 -0.004517846 0.999694061
5174. -0.480787731 0.134023326 -0.173124917 0.001860136 0.024327274 -0.004494916 0.999692212
5175. -0.480761625 0.133979827 -0.173138735 0.001857149 0.024318061 -0.004477334 0.999692521
5176. -0.480733365 0.134027242 -0.173154908 0.001830153 0.024323029 -0.004431456 0.999692654
5177. -0.480627273 0.134093471 -0.173212146 0.001829633 0.024321399 -0.004528921 0.999692258
5178. -0.480712068 0.134122840 -0.173261308 0.001878358 0.024343451 -0.004530768 0.999691623
5179. -0.480753682 0.134040763 -0.173053507 0.001863808 0.024344539 -0.004543945 0.999691564
5180. -0.480560195 0.134217762 -0.173151526 0.001919289 0.024311828 -0.004592926 0.999692031
5181. -0.480895752 0.134010477 -0.173265768 0.001879794 0.024362468 -0.004543990 0.999691097
5182. -0.480871021 0.133846958 -0.173274738 0.001845672 0.024350136 -0.004530525 0.999691522
5183. -0.480769774 0.133962009 -0.173452458 0.001872197 0.024333919 -0.004552381 0.999691768
5184. -0.480929330 0.133988692 -0.173228778 0.001881831 0.024366532 -0.004531291 0.999691051
5185. -0.480983933 0.133967726 -0.173245415 0.001894416 0.024379590 -0.004553748 0.999690607
5186. -0.480994774 0.134029151 -0.173483997 0.001892021 0.024386056 -0.004548218 0.999690479
5187. -0.480902584 0.134094273 -0.173280320 0.001910919 0.024368582 -0.004562109 0.999690806
5188. -0.480950665 0.134365461 -0.173191759 0.001944007 0.024370995 -0.004509260 0.999690923
5189. -0.480796043 0.134487018 -0.173269450 0.001945233 0.024341873 -0.004527610 0.999691547
5190. -0.481099693 0.134341087 -0.173237514 0.001890658 0.024404259 -0.004514154 0.999690192
5191. -0.480314822 0.134474393 -0.172958072 0.001924687 0.024306369 -0.004573213 0.999692243
5192. -0.480438496 0.134283370 -0.172711397 0.001880947 0.024318312 -0.004515170 0.999692300
5193. -0.480377364 0.134468032 -0.172774363 0.001932449 0.024327119 -0.004593153 0.999691632
5194. -0.480308950 0.134434012 -0.172701884 0.001933431 0.024311507 -0.004606074 0.999691951
5195. -0.480275716 0.134410248 -0.172753772 0.001940757 0.024290859 -0.004607638 0.999692431
5196. -0.480365204 0.134212073 -0.172825297 0.001924522 0.024270632 -0.004510926 0.999693395
5197. -0.479888674 0.134570951 -0.173602664 0.001882380 0.024147418 -0.004370028 0.999697085
5198. -0.479716403 0.134699771 -0.173402098 0.001900870 0.024142183 -0.004373274 0.999697162
5199. -0.479852735 0.134903011 -0.173515749 0.001942205 0.024186609 -0.004317245 0.999696252
5200. -0.479861757 0.134940464 -0.173381724 0.001904593 0.024200813 -0.004386357 0.999695680
5201. -0.479900959 0.134948777 -0.173283254 0.001910563 0.024210475 -0.004391699 0.999695411
5202. -0.479912537 0.134900264 -0.173215019 0.001899549 0.024222272 -0.004393102 0.999695140
5203. -0.479968375 0.135186596 -0.173041751 0.002005732 0.024246995 -0.004468846 0.999693998
5204. -0.479916713 0.135350496 -0.173107339 0.002045294 0.024238072 -0.004458884 0.999694179
5205. -0.479909383 0.135355198 -0.173010250 0.002049285 0.024233140 -0.004466123 0.999694258
5206. -0.479765184 0.135489100 -0.173098161 0.002077939 0.024211598 -0.004492638 0.999694602
5207. -0.479809939 0.135129662 -0.173022479 0.001978297 0.024230284 -0.004516374 0.999694244
5208. -0.479913615 0.135201684 -0.173153854 0.001994148 0.024238797 -0.004515911 0.999694008
5209. -0.480008017 0.135165490 -0.173263065 0.001997321 0.024255644 -0.004509859 0.999693621
5210. -0.480040481 0.135191148 -0.173225011 0.001996129 0.024270273 -0.004510054 0.999693267
5211. -0.480004554 0.135245522 -0.173231175 0.002011311 0.024255532 -0.004512629 0.999693583
5212. -0.479935594 0.135094160 -0.173158214 0.001984854 0.024237529 -0.004499857 0.999694130
5213. -0.480116098 0.135036891 -0.172995752 0.001977540 0.024274777 -0.004512719 0.999693183
5214. -0.479688166 0.134880192 -0.173297214 0.001943623 0.024214208 -0.004525546 0.999694660
5215. -0.479588404 0.134741433 -0.173138077 0.001921300 0.024179656 -0.004532229 0.999695510
5216. -0.479744628 0.134820583 -0.172861026 0.001955744 0.024200951 -0.004476266 0.999695180
5217. -0.479703413 0.134512970 -0.172395892 0.001872734 0.024191604 -0.004582175 0.999695085
5218. -0.479643826 0.133725950 -0.172046542 0.001784866 0.024147653 -0.004619224 0.999696138
5219. -0.480430765 0.134094345 -0.171866508 0.001825590 0.024312960 -0.004523859 0.999692494
5220. -0.479782346 0.133714243 -0.171743854 0.001779297 0.024153282 -0.004534291 0.999696401
5221. -0.479756943 0.133692329 -0.171734462 0.001782408 0.024110040 -0.004518411 0.999697511
5222. -0.479854024 0.133621175 -0.171916693 0.001820721 0.024165173 -0.004617323 0.999695659
5223. -0.479928297 0.133561942 -0.171816191 0.001820155 0.024168436 -0.004606399 0.999695631
5224. -0.479661141 0.134018891 -0.172567391 0.001866525 0.024131735 -0.004599504 0.999696464
5225. -0.479572229 0.133876253 -0.172565921 0.001827978 0.024128137 -0.004574702 0.999696736
5226. -0.479732983 0.133800869 -0.172490871 0.001813641 0.024155069 -0.004560690 0.999696176
5227. -0.479661161 0.133803170 -0.172428141 0.001818710 0.024141466 -0.004555953 0.999696517
5228. -0.479686045 0.133821662 -0.172424312 0.001823366 0.024184321 -0.004586461 0.999695333
5229. -0.479699586 0.133956641 -0.172486047 0.001864487 0.024177405 -0.004606976 0.999695330
5230. -0.479763457 0.133874326 -0.172339333 0.001831819 0.024192481 -0.004595364 0.999695079
5231. -0.479723224 0.133770581 -0.172471659 0.001832204 0.024186202 -0.004595677 0.999695229
5232. -0.479842674 0.133797507 -0.172350255 0.001820062 0.024227827 -0.004588483 0.999694276
5233. -0.479822627 0.133800244 -0.172434211 0.001811441 0.024205791 -0.004603079 0.999694758
5234. -0.479770658 0.133809976 -0.172348245 0.001830399 0.024197446 -0.004597654 0.999694951
5235. -0.479743980 0.133894784 -0.172477231 0.001828388 0.024180920 -0.004561086 0.999695522
5236. -0.479602310 0.133835414 -0.172431776 0.001848511 0.024171734 -0.004630506 0.999695388
5237. -0.479662453 0.133850912 -0.172220599 0.001857403 0.024181697 -0.004635402 0.999695108
5238. -0.479780450 0.133727200 -0.172331939 0.001816049 0.024194126 -0.004632900 0.999694895
5239. -0.479693689 0.133830455 -0.172454421 0.001843881 0.024174542 -0.004616956 0.999695391
5240. -0.479673397 0.133825040 -0.172197733 0.001843541 0.024173441 -0.004644596 0.999695290
5241. -0.479555179 0.133867302 -0.172364230 0.001858995 0.024157343 -0.004701568 0.999695385
5242. -0.479779553 0.133824514 -0.172285512 0.001847669 0.024195455 -0.004644726 0.999694750
5243. -0.479802717 0.133851420 -0.172198315 0.001846373 0.024187614 -0.004616225 0.999695074
5244. -0.479775166 0.133896210 -0.172440840 0.001823907 0.024173086 -0.004607970 0.999695505
5245. -0.479777417 0.133829291 -0.172338238 0.001822064 0.024167558 -0.004636931 0.999695508
5246. -0.479517208 0.133962374 -0.171968196 0.001977565 0.024127640 -0.004785963 0.999695474
5247. -0.479937752 0.133508149 -0.172663499 0.001822783 0.024222727 -0.004619906 0.999694250
5248. -0.479991037 0.133510265 -0.172643029 0.001826553 0.024257248 -0.004628650 0.999693366
5249. -0.479928893 0.133572981 -0.172727153 0.001851893 0.024220555 -0.004647674 0.999694120
5250. -0.479970787 0.133615819 -0.172730037 0.001905439 0.024236788 -0.004676182 0.999693493
5251. -0.479994795 0.133688509 -0.172785324 0.001957390 0.024264554 -0.004725291 0.999692489
5252. -0.480014327 0.133581083 -0.172861338 0.001905718 0.024266170 -0.004665622 0.999692829
5253. -0.479921900 0.134208939 -0.172794011 0.001985560 0.024228912 -0.004467993 0.999694481
5254. -0.479829436 0.134260650 -0.172864215 0.001990148 0.024219598 -0.004515589 0.999694483
5255. -0.479812455 0.134315701 -0.172957520 0.001998040 0.024211719 -0.004471553 0.999694856
5256. -0.479862496 0.134395788 -0.172859548 0.002017610 0.024240278 -0.004515756 0.999693926
5257. -0.479858500 0.134418875 -0.172890646 0.002034325 0.024246803 -0.004514315 0.999693741
5258. -0.480023486 0.134310532 -0.172900643 0.002005827 0.024270500 -0.004522552 0.999693186
5259. -0.479881717 0.134259483 -0.172970645 0.001985852 0.024242983 -0.004565309 0.999693699
5260. -0.480185534 0.133970259 -0.173199576 0.001898830 0.024278456 -0.004567148 0.999692999
5261. -0.479985898 0.133809467 -0.172757984 0.001870631 0.024249035 -0.004581673 0.999693700
5262. -0.480379710 0.133445070 -0.173309067 0.001821912 0.024319870 -0.004605755 0.999691958
5263. -0.480403580 0.133455549 -0.173414328 0.001822472 0.024333425 -0.004607319 0.999691620
5264. -0.480301281 0.133519950 -0.173370748 0.001816764 0.024306462 -0.004598975 0.999692325
5265. -0.480302919 0.133619804 -0.173368052 0.001859839 0.024297206 -0.004608785 0.999692426
5266. -0.480272226 0.133674379 -0.173224057 0.001869129 0.024303999 -0.004626247 0.999692163
5267. -0.479827478 0.134369922 -0.173680343 0.001974927 0.024241398 -0.004612947 0.999693541
5268. -0.480108029 0.134023394 -0.173588921 0.001911326 0.024277035 -0.004622457 0.999692755
5269. -0.479101113 0.134599293 -0.173687569 0.002019137 0.024157804 -0.004690318 0.999695116
5270. -0.479026107 0.134991580 -0.173854554 0.002040873 0.024166310 -0.004651159 0.999695049
5271. -0.478928151 0.135180929 -0.175176791 0.001977534 0.024176772 -0.004577396 0.999695264
5272. -0.479399204 0.134741905 -0.175684291 0.001944046 0.024212976 -0.004508834 0.999694765
5273. -0.478824096 0.134663846 -0.175883331 0.001972235 0.024169297 -0.004686074 0.999694952
5274. -0.479151075 0.134896756 -0.176316576 0.001949575 0.024215804 -0.004695905 0.999693824
5275. -0.479107307 0.134725419 -0.175225577 0.002010868 0.024190444 -0.004725766 0.999694176
5276. -0.479044358 0.134916026 -0.175035367 0.002022912 0.024172889 -0.004711011 0.999694646
5277. -0.479131522 0.134849086 -0.175142709 0.002023162 0.024177948 -0.004686302 0.999694639
5278. -0.478926450 0.134394508 -0.175433802 0.001973464 0.024165509 -0.004724426 0.999694860
5279. -0.478924893 0.134266477 -0.175547203 0.001958725 0.024154854 -0.004712117 0.999695205
5280. -0.478927304 0.134579005 -0.175656601 0.001983148 0.024161541 -0.004674377 0.999695172
5281. -0.478894510 0.134564408 -0.175673800 0.001991143 0.024167719 -0.004678424 0.999694988
5282. -0.479017995 0.134582453 -0.175552609 0.001974586 0.024180295 -0.004682323 0.999694698
5283. -0.479274666 0.134248820 -0.175331379 0.001935322 0.024194066 -0.004661901 0.999694538
5284. -0.479191968 0.134432569 -0.175315538 0.001959231 0.024172403 -0.004628621 0.999695170
5285. -0.479975896 0.133748582 -0.174102111 0.001887495 0.024224020 -0.004516617 0.999694571
5286. -0.479716947 0.133199768 -0.173249109 0.001835987 0.024132783 -0.004627628 0.999696365
5287. -0.480183448 0.133364256 -0.173302754 0.001902902 0.024220866 -0.004663432 0.999693944
5288. -0.480176923 0.133552283 -0.173200471 0.001937079 0.024212004 -0.004682163 0.999694005
5289. -0.479911920 0.133268635 -0.174133731 0.001830056 0.024241879 -0.004594981 0.999693887
5290. -0.479348017 0.132852420 -0.173720913 0.001786546 0.024135661 -0.004624044 0.999696402
5291. -0.479700343 0.132687827 -0.173906748 0.001740726 0.024180435 -0.004596948 0.999695526
5292. -0.479525124 0.132924115 -0.174105813 0.001749971 0.024167385 -0.004586332 0.999695874
5293. -0.479558543 0.133053056 -0.173887499 0.001791188 0.024174248 -0.004602463 0.999695561
5294. -0.479406441 0.133371484 -0.173804055 0.001856807 0.024160473 -0.004661473 0.999695501
5295. -0.479377721 0.133277559 -0.173744879 0.001848831 0.024157197 -0.004644802 0.999695672
5296. -0.479331397 0.133175005 -0.173917383 0.001822368 0.024160414 -0.004658302 0.999695580
5297. -0.479223905 0.133086883 -0.173690090 0.001821135 0.024134200 -0.004681183 0.999696109
5298. -0.479242573 0.133515209 -0.173698970 0.001909526 0.024133326 -0.004667812 0.999696028
5299. -0.479770526 0.132842991 -0.173916590 0.001741894 0.024219741 -0.004587398 0.999694616
5300. -0.479650315 0.132951816 -0.173569591 0.001810392 0.024200668 -0.004621089 0.999694801
5301. -0.479468437 0.133339749 -0.173687210 0.001876951 0.024181506 -0.004664925 0.999694939
5302. -0.479468599 0.133407139 -0.173911757 0.001877176 0.024173300 -0.004651950 0.999695197
5303. -0.479751494 0.133551596 -0.174138560 0.001888218 0.024214467 -0.004645833 0.999694208
5304. -0.480522799 0.134078995 -0.174866914 0.001922385 0.024334108 -0.004707370 0.999690950
5305. -0.479497005 0.133743587 -0.173919166 0.001892959 0.024148565 -0.004759332 0.999695260
5306. -0.479443352 0.133810981 -0.174050356 0.001892675 0.024128382 -0.004733002 0.999695873
5307. -0.479488697 0.133782734 -0.174129380 0.001904067 0.024130788 -0.004703162 0.999695934
5308. -0.479553757 0.133882855 -0.174166938 0.001900034 0.024151865 -0.004711286 0.999695394
5309. -0.479365772 0.133640402 -0.174289954 0.001836992 0.024146473 -0.004673028 0.999695822
5310. -0.479363108 0.133581954 -0.174128797 0.001847310 0.024154570 -0.004680439 0.999695573
5311. -0.479283218 0.133467971 -0.174446727 0.001831683 0.024136730 -0.004685548 0.999696008
5312. -0.478926644 0.133758108 -0.174281391 0.001868816 0.024089628 -0.004669378 0.999697151
5313. -0.479036727 0.133585118 -0.174188554 0.001837362 0.024097507 -0.004645179 0.999697132
5314. -0.478796168 0.133675730 -0.174252078 0.001845784 0.024057608 -0.004684199 0.999697896
5315. -0.478628154 0.133585668 -0.174141063 0.001853715 0.024014512 -0.004684641 0.999698915
5316. -0.478887064 0.133694244 -0.174430688 0.001851285 0.024090649 -0.004635052 0.999697319
5317. -0.479053357 0.133510286 -0.174355774 0.001822414 0.024110824 -0.004644466 0.999696842
5318. -0.479071770 0.133413947 -0.174361645 0.001797385 0.024118555 -0.004630215 0.999696767
5319. -0.479084118 0.133271794 -0.174244581 0.001815743 0.024130121 -0.004671258 0.999696264
5320. -0.479087755 0.133244519 -0.174127296 0.001813327 0.024123562 -0.004682150 0.999696375
5321. -0.479142230 0.133302102 -0.174117089 0.001814522 0.024139330 -0.004702943 0.999695895
5322. -0.479039330 0.133350805 -0.173855703 0.001833391 0.024123291 -0.004665494 0.999696423
5323. -0.479153300 0.133342854 -0.174071115 0.001823856 0.024149240 -0.004667881 0.999695803
5324. -0.478933246 0.133226268 -0.174129762 0.001812531 0.024114605 -0.004647457 0.999696755
5325. -0.478976035 0.133219996 -0.174289507 0.001787134 0.024118272 -0.004672944 0.999696593
5326. -0.478699772 0.133181630 -0.174472011 0.001795562 0.024086762 -0.004640403 0.999697489
5327. -0.478813338 0.133283178 -0.174147234 0.001805730 0.024090082 -0.004629023 0.999697444
5328. -0.479164725 0.133025358 -0.174096650 0.001774744 0.024137074 -0.004642654 0.999696303
5329. -0.479066664 0.133056227 -0.174197450 0.001780462 0.024143493 -0.004626884 0.999696211
5330. -0.479059989 0.133110124 -0.174225057 0.001802282 0.024122284 -0.004629233 0.999696673
5331. -0.479132616 0.132917959 -0.173980412 0.001770848 0.024116645 -0.004628473 0.999696868
5332. -0.479363449 0.132888529 -0.173994666 0.001765215 0.024135367 -0.004573977 0.999696677
5333. -0.479289937 0.132898394 -0.173929205 0.001759827 0.024130913 -0.004589107 0.999696725
5334. -0.479544626 0.132616643 -0.173871869 0.001728911 0.024168648 -0.004600538 0.999695815
5335. -0.479461361 0.132515658 -0.173581680 0.001704859 0.024141330 -0.004619994 0.999696427
5336. -0.479520353 0.132620576 -0.173697124 0.001741599 0.024152201 -0.004617161 0.999696114
5337. -0.479357941 0.132570929 -0.173523148 0.001745681 0.024134508 -0.004642027 0.999696419
5338. -0.479243459 0.132893389 -0.173625835 0.001803662 0.024110193 -0.004627039 0.999696972
5339. -0.479393666 0.132992658 -0.173258682 0.001811867 0.024128418 -0.004683056 0.999696257
5340. -0.479256399 0.133011858 -0.173183681 0.001818310 0.024126029 -0.004713657 0.999696159
5341. -0.479458657 0.132938304 -0.173042097 0.001810009 0.024161430 -0.004706590 0.999695352
5342. -0.479385889 0.133066384 -0.172845129 0.001812386 0.024126574 -0.004734254 0.999696059
5343. -0.479748778 0.133102639 -0.173162982 0.001824625 0.024187599 -0.004734587 0.999694561
5344. -0.479611919 0.132921809 -0.173044449 0.001806077 0.024165671 -0.004753184 0.999695036
5345. -0.479823180 0.133063547 -0.172886037 0.001826350 0.024196180 -0.004733136 0.999694357
5346. -0.480075830 0.132918967 -0.172808287 0.001826655 0.024227701 -0.004721429 0.999693648
5347. -0.479935863 0.133034576 -0.172944660 0.001852480 0.024209066 -0.004721506 0.999694052
5348. -0.480058640 0.132859667 -0.172874490 0.001811537 0.024223420 -0.004739947 0.999693692
5349. -0.479874498 0.132803681 -0.172934695 0.001819932 0.024198864 -0.004749740 0.999694225
5350. -0.479749319 0.132739585 -0.172903409 0.001803048 0.024176284 -0.004720200 0.999694941
5351. -0.479854996 0.132906054 -0.172946119 0.001817183 0.024197288 -0.004726687 0.999694377
5352. -0.479609916 0.132907881 -0.172870891 0.001821550 0.024166715 -0.004726424 0.999695110
5353. -0.479861586 0.133011680 -0.173227533 0.001827451 0.024193823 -0.004691375 0.999694609
5354. -0.480186767 0.132686761 -0.173290399 0.001746557 0.024257242 -0.004620454 0.999693547
5355. -0.480158132 0.132780699 -0.173040815 0.001766699 0.024266863 -0.004678190 0.999693009
5356. -0.480316503 0.132059759 -0.171401188 0.001650633 0.024200738 -0.004556052 0.999695375
5357. -0.480327131 0.132078989 -0.171477296 0.001677739 0.024195893 -0.004571018 0.999695378
5358. -0.480361771 0.132093215 -0.171527979 0.001678955 0.024201798 -0.004557492 0.999695295
5359. -0.480263016 0.132070578 -0.171504092 0.001660883 0.024185922 -0.004517485 0.999695891
5360. -0.480113068 0.132082092 -0.171342128 0.001666206 0.024142761 -0.004561504 0.999696726
5361. -0.480140769 0.132054166 -0.171320615 0.001683360 0.024171271 -0.004562617 0.999696003
5362. -0.480109795 0.131990934 -0.171281346 0.001686166 0.024151024 -0.004590488 0.999696360
5363. -0.480177014 0.132038660 -0.171500478 0.001673618 0.024191226 -0.004572076 0.999695493
5364. -0.480112966 0.132141347 -0.171771462 0.001687518 0.024169828 -0.004616190 0.999695785
5365. -0.480812471 0.132028033 -0.172399904 0.001614378 0.024263503 -0.004500112 0.999694166
5366. -0.480631363 0.131927321 -0.172243878 0.001582790 0.024248609 -0.004499634 0.999694580
5367. -0.480860637 0.131911620 -0.172452147 0.001570283 0.024289186 -0.004461165 0.999693787
5368. -0.480911211 0.131992808 -0.172467418 0.001586855 0.024303727 -0.004442589 0.999693490
5369. -0.480935253 0.131939212 -0.172432216 0.001573964 0.024298109 -0.004437035 0.999693672
5370. -0.480548692 0.131863884 -0.172139916 0.001581797 0.024221622 -0.004475804 0.999695343
5371. -0.480743753 0.131785790 -0.172234550 0.001540496 0.024254496 -0.004427084 0.999694827
5372. -0.480711551 0.131993430 -0.172279045 0.001582258 0.024238542 -0.004499565 0.999694825
5373. -0.480645625 0.132074624 -0.172263661 0.001600060 0.024232500 -0.004518836 0.999694856
5374. -0.480670886 0.132067280 -0.172359036 0.001596499 0.024237587 -0.004514787 0.999694757
5375. -0.480669779 0.132199454 -0.172266668 0.001634017 0.024241284 -0.004507421 0.999694640
5376. -0.480690919 0.132255414 -0.172231020 0.001634353 0.024249338 -0.004503147 0.999694463
5377. -0.480889254 0.132164510 -0.172176866 0.001613384 0.024290792 -0.004528601 0.999693376
5378. -0.480921927 0.132300723 -0.172339605 0.001626797 0.024287181 -0.004541673 0.999693383
5379. -0.480791209 0.132337064 -0.172265241 0.001633134 0.024274873 -0.004547501 0.999693645
5380. -0.480799148 0.132265626 -0.172326772 0.001606984 0.024286922 -0.004519581 0.999693521
5381. -0.480925442 0.132266991 -0.172431397 0.001604481 0.024322147 -0.004494563 0.999692782
5382. -0.480963440 0.132314839 -0.172682086 0.001599216 0.024325187 -0.004482846 0.999692769
5383. -0.480933778 0.132289199 -0.172627860 0.001606312 0.024307556 -0.004467971 0.999693253
5384. -0.481016081 0.132358412 -0.172695297 0.001613242 0.024318808 -0.004448594 0.999693054
5385. -0.481081214 0.132357772 -0.172368665 0.001613328 0.024310167 -0.004413726 0.999693419
5386. -0.481076746 0.132309744 -0.172599863 0.001607172 0.024325933 -0.004454514 0.999692864
5387. -0.480995272 0.132195123 -0.172452764 0.001587882 0.024322251 -0.004431359 0.999693088
5388. -0.481088372 0.132082118 -0.172294504 0.001545273 0.024338493 -0.004365200 0.999693050
5389. -0.481611000 0.131964398 -0.172669257 0.001527210 0.024415714 -0.004297923 0.999691487
5390. -0.481388417 0.132262998 -0.172623418 0.001597412 0.024381810 -0.004366845 0.999691906
5391. -0.481334893 0.132137999 -0.172737912 0.001566556 0.024377716 -0.004406242 0.999691881
5392. -0.481418902 0.132121582 -0.172800405 0.001507190 0.024392867 -0.004358755 0.999691811
5393. -0.481263631 0.132375788 -0.172454339 0.001649229 0.024363303 -0.004447617 0.999691917
5394. -0.481580138 0.132421098 -0.171973614 0.001675088 0.024429937 -0.004383074 0.999690533
5395. -0.481311254 0.132552147 -0.172109094 0.001721769 0.024386289 -0.004399535 0.999691447
5396. -0.481326154 0.132642060 -0.172386342 0.001716545 0.024379521 -0.004401912 0.999691610
5397. -0.481161346 0.132570947 -0.172292738 0.001704752 0.024368293 -0.004434508 0.999691760
5398. -0.480972731 0.132674395 -0.172026351 0.001759123 0.024322627 -0.004494825 0.999692509
5399. -0.480904484 0.131925258 -0.171665245 0.001604141 0.024285706 -0.004423754 0.999693984
5400. -0.480778519 0.131688058 -0.171450698 0.001578689 0.024261112 -0.004413069 0.999694669
5401. -0.480848951 0.131348925 -0.171183382 0.001508293 0.024270793 -0.004382050 0.999694679
5402. -0.480377760 0.130922251 -0.171409670 0.001418334 0.024155091 -0.004389414 0.999697581
5403. -0.480332511 0.130591753 -0.171020779 0.001380541 0.024172276 -0.004373123 0.999697290
5404. -0.480449912 0.132506965 -0.169772963 0.001837565 0.024167480 -0.004572575 0.999695778
5405. -0.480895609 0.132685903 -0.170281475 0.001812629 0.024217854 -0.004533562 0.999694782
5406. -0.480857123 0.132447351 -0.170390707 0.001811360 0.024212339 -0.004614793 0.999694546
5407. -0.480743910 0.132471837 -0.170669543 0.001785264 0.024191871 -0.004592974 0.999695189
5408. -0.480615352 0.132355162 -0.170547819 0.001767036 0.024175859 -0.004635810 0.999695411
5409. -0.480661752 0.132669432 -0.170873861 0.001791001 0.024178512 -0.004658242 0.999695200
5410. -0.480721316 0.132653612 -0.170646899 0.001794405 0.024237129 -0.004819052 0.999693012
5411. -0.481252856 0.132813511 -0.171010228 0.001749405 0.024303525 -0.004678449 0.999692148
5412. -0.480871878 0.132409859 -0.170982472 0.001706360 0.024243845 -0.004709064 0.999693528
5413. -0.481228308 0.132278154 -0.171091617 0.001681703 0.024299504 -0.004702332 0.999692250
5414. -0.481135846 0.132221888 -0.171177323 0.001671089 0.024281818 -0.004683796 0.999692784
5415. -0.481375751 0.132132606 -0.171134811 0.001665908 0.024308422 -0.004689664 0.999692119
5416. -0.481317501 0.132303199 -0.171314522 0.001691733 0.024293504 -0.004707461 0.999692354
5417. -0.481324961 0.132514981 -0.171351955 0.001727363 0.024303464 -0.004736821 0.999691913
5418. -0.481437938 0.132374850 -0.170887309 0.001712504 0.024300820 -0.004753405 0.999691924
5419. -0.481448930 0.132570107 -0.171043188 0.001739897 0.024311264 -0.004768795 0.999691549
5420. -0.481507802 0.132709779 -0.171552794 0.001729836 0.024297817 -0.004696884 0.999692234
5421. -0.480721327 0.133172951 -0.172298497 0.001782525 0.024196687 -0.004654756 0.999694792
5422. -0.480661238 0.133081709 -0.172294612 0.001779907 0.024201216 -0.004689898 0.999694522
5423. -0.480623085 0.133317126 -0.172540767 0.001799697 0.024205725 -0.004669071 0.999694475
5424. -0.480668143 0.133221340 -0.172192329 0.001800353 0.024187590 -0.004675490 0.999694883
5425. -0.480712569 0.133373531 -0.172208796 0.001839158 0.024192528 -0.004664412 0.999694745
5426. -0.480895884 0.133230956 -0.172174564 0.001818227 0.024215416 -0.004630220 0.999694388
5427. -0.480889494 0.133354984 -0.172082125 0.001834974 0.024223129 -0.004660378 0.999694030
5428. -0.480880078 0.133378565 -0.172077080 0.001846136 0.024217370 -0.004668829 0.999694110
5429. -0.480812277 0.133351996 -0.172185413 0.001822190 0.024217462 -0.004661817 0.999694184
5430. -0.480945227 0.133298951 -0.172352493 0.001800766 0.024232802 -0.004634923 0.999693976
5431. -0.480912512 0.133273705 -0.172528457 0.001801462 0.024232413 -0.004641468 0.999693954
5432. -0.480986398 0.133282432 -0.172400700 0.001799865 0.024232594 -0.004664124 0.999693847
5433. -0.480661262 0.133237037 -0.172142341 0.001774535 0.024202554 -0.004572438 0.999695044
5434. -0.480473713 0.133351814 -0.172103695 0.001796485 0.024175603 -0.004599625 0.999695532
5435. -0.480462110 0.133616133 -0.172586813 0.001806992 0.024168015 -0.004588109 0.999695749
5436. -0.480586759 0.133568025 -0.172478287 0.001808167 0.024160888 -0.004601938 0.999695856
5437. -0.480558153 0.133845217 -0.172176931 0.001851795 0.024178727 -0.004579506 0.999695448
5438. -0.480852113 0.133304470 -0.171903131 0.001807039 0.024225658 -0.004674836 0.999693952
5439. -0.480937550 0.133255911 -0.172053075 0.001801213 0.024256551 -0.004676456 0.999693206
5440. -0.480915111 0.133320731 -0.171911059 0.001805275 0.024234292 -0.004667767 0.999693779
5441. -0.480839632 0.133354390 -0.171733401 0.001840510 0.024219099 -0.004705024 0.999693908
5442. -0.480403827 0.132939303 -0.171989605 0.001763353 0.024148321 -0.004761768 0.999695491
5443. -0.480332791 0.132824318 -0.171726646 0.001750944 0.024113620 -0.004750569 0.999696404
5444. -0.480369634 0.132413510 -0.172391488 0.001686612 0.024127667 -0.004725292 0.999696295
5445. -0.480558624 0.132741432 -0.172404526 0.001722717 0.024157489 -0.004692633 0.999695667
5446. -0.480777165 0.132549690 -0.172163361 0.001687649 0.024190573 -0.004744301 0.999694683
5447. -0.480897713 0.132514568 -0.172674544 0.001685922 0.024238735 -0.004660751 0.999693913
5448. -0.480765847 0.132413243 -0.172847195 0.001670697 0.024193026 -0.004634528 0.999695167
5449. -0.480421242 0.132552060 -0.172535980 0.001702405 0.024117694 -0.004645817 0.999696882
5450. -0.480936800 0.132622342 -0.172733699 0.001712211 0.024225368 -0.004632936 0.999694321
5451. -0.480818835 0.132407591 -0.172677746 0.001650379 0.024189942 -0.004646749 0.999695219
5452. -0.480922470 0.132251766 -0.172662544 0.001623826 0.024193448 -0.004574965 0.999695509
5453. -0.480856468 0.132313893 -0.172363730 0.001656132 0.024191825 -0.004602386 0.999695369
5454. -0.481114671 0.132318356 -0.172481613 0.001654504 0.024222535 -0.004594358 0.999694665
5455. -0.481115461 0.132317018 -0.172518556 0.001656939 0.024226419 -0.004579173 0.999694637
5456. -0.481084621 0.132479769 -0.172671730 0.001699117 0.024211809 -0.004609214 0.999694782
5457. -0.481194347 0.132757310 -0.172767965 0.001745736 0.024238516 -0.004626010 0.999693977
5458. -0.480990613 0.132782056 -0.172372641 0.001748602 0.024223593 -0.004631293 0.999694309
5459. -0.480591504 0.132695993 -0.172481019 0.001734630 0.024161420 -0.004611721 0.999695928
5460. -0.480685521 0.132549554 -0.172422076 0.001698647 0.024172891 -0.004624210 0.999695655
5461. -0.480714022 0.132594113 -0.172244400 0.001716052 0.024170993 -0.004625584 0.999695665
5462. -0.480806900 0.132579970 -0.172196777 0.001692039 0.024189331 -0.004591646 0.999695419
5463. -0.480883570 0.132583127 -0.172234828 0.001686591 0.024199540 -0.004598497 0.999695149
5464. -0.481086641 0.132401768 -0.172152446 0.001674658 0.024224759 -0.004561794 0.999694727
5465. -0.480896506 0.132353407 -0.172091867 0.001646290 0.024209852 -0.004569555 0.999695099
5466. -0.480773230 0.132475865 -0.171975560 0.001651852 0.024176548 -0.004556149 0.999695957
5467. -0.480685004 0.131746812 -0.172210688 0.001536531 0.024185511 -0.004692892 0.999695292
5468. -0.480743509 0.132056338 -0.172129648 0.001652967 0.024167608 -0.004746660 0.999695285
5469. -0.480824662 0.132150804 -0.171713851 0.001699590 0.024163987 -0.004800093 0.999695040
5470. -0.480650173 0.132242813 -0.172050687 0.001709643 0.024173774 -0.004789428 0.999694837
5471. -0.480595167 0.132156320 -0.172041115 0.001665120 0.024148843 -0.004724988 0.999695821
5472. -0.480807899 0.131976040 -0.171694830 0.001629105 0.024171405 -0.004692579 0.999695488
5473. -0.480971628 0.132008474 -0.171856988 0.001629432 0.024200854 -0.004672679 0.999694868
5474. -0.480934471 0.131932230 -0.171854253 0.001613179 0.024185902 -0.004662266 0.999695305
5475. -0.480978751 0.132010483 -0.172046054 0.001614170 0.024197753 -0.004658211 0.999695036
5476. -0.481097782 0.131882408 -0.172081135 0.001606229 0.024218321 -0.004667421 0.999694507
5477. -0.480957095 0.131810574 -0.172014749 0.001604095 0.024194452 -0.004718252 0.999694850
5478. -0.481122256 0.132015972 -0.172387936 0.001636204 0.024252263 -0.004795630 0.999693029
5479. -0.481168080 0.132002040 -0.172357138 0.001687293 0.024237774 -0.004855807 0.999693005
5480. -0.481005426 0.132196220 -0.171593677 0.001722192 0.024177660 -0.004790702 0.999694715
5481. -0.481026771 0.132099556 -0.170872937 0.001728047 0.024192873 -0.004811445 0.999694238
5482. -0.481047525 0.132110253 -0.170866386 0.001739862 0.024188801 -0.004813468 0.999694306
5483. -0.481152227 0.132101542 -0.171181187 0.001755459 0.024211582 -0.004915559 0.999693230
5484. -0.480691470 0.132000478 -0.171935974 0.001730573 0.024124868 -0.004859325 0.999695645
5485. -0.480584548 0.131942827 -0.171613591 0.001737522 0.024110461 -0.004858809 0.999695983
5486. -0.480503974 0.131932913 -0.171580540 0.001741538 0.024104333 -0.004920322 0.999695823
5487. -0.480654648 0.131870589 -0.171801009 0.001726398 0.024130760 -0.004865469 0.999695480
5488. -0.480709541 0.132051824 -0.171702962 0.001737652 0.024168823 -0.004935869 0.999694196
5489. -0.480537445 0.131890744 -0.171677289 0.001701815 0.024158665 -0.004935398 0.999694506
5490. -0.480493630 0.131879749 -0.171726663 0.001707207 0.024152106 -0.004935882 0.999694653
5491. -0.480272232 0.131831227 -0.171769672 0.001705571 0.024123446 -0.004952091 0.999695267
5492. -0.480313675 0.131866689 -0.171781088 0.001708032 0.024130164 -0.004964472 0.999695039
5493. -0.480271325 0.132254970 -0.171591581 0.001761677 0.024113302 -0.004879535 0.999695771
5494. -0.480235998 0.132342411 -0.171764000 0.001773883 0.024113790 -0.004902766 0.999695624
5495. -0.480247135 0.132211132 -0.171646558 0.001758782 0.024111483 -0.004932327 0.999695561
5496. -0.480318268 0.132849139 -0.171552004 0.001856840 0.024122535 -0.004959873 0.999694981
5497. -0.480394249 0.132594766 -0.171638260 0.001815761 0.024142655 -0.004931145 0.999694713
5498. -0.480508854 0.132715930 -0.171740281 0.001822143 0.024156229 -0.004949573 0.999694282
5499. -0.480231312 0.132669285 -0.171738727 0.001802420 0.024119190 -0.004884138 0.999695534
5500. -0.480667191 0.132717530 -0.171673492 0.001805323 0.024198527 -0.004896283 0.999693552
5501. -0.480465176 0.132510375 -0.171697608 0.001755031 0.024186894 -0.004895200 0.999693929
5502. -0.480614375 0.132658408 -0.171695879 0.001767165 0.024161272 -0.004843432 0.999694779
5503. -0.480510817 0.132333731 -0.171608869 0.001732886 0.024142948 -0.004793843 0.999695521
5504. -0.480422423 0.132473401 -0.171480353 0.001763266 0.024126749 -0.004818871 0.999695738
5505. -0.480741071 0.132817995 -0.171949640 0.001803960 0.024150839 -0.004786103 0.999695242
5506. -0.480429628 0.132965030 -0.171651623 0.001841010 0.024107325 -0.004822015 0.999696052
5507. -0.480386205 0.132965794 -0.171608861 0.001846625 0.024104391 -0.004781840 0.999696305
5508. -0.480107923 0.131881847 -0.171308063 0.001650894 0.024044660 -0.004764162 0.999698170
5509. -0.480250106 0.132296774 -0.171526355 0.001712835 0.024085025 -0.004775313 0.999697041
5510. -0.480434301 0.132365158 -0.171519985 0.001721327 0.024112116 -0.004772759 0.999696386
5511. -0.480367500 0.132186144 -0.171554738 0.001692681 0.024107465 -0.004752943 0.999696641
5512. -0.480382262 0.132284683 -0.171768645 0.001693406 0.024104070 -0.004738547 0.999696790
5513. -0.480343210 0.132240739 -0.171556976 0.001704832 0.024095306 -0.004720740 0.999697066
5514. -0.480532625 0.132120743 -0.171523546 0.001675049 0.024128945 -0.004722198 0.999696298
5515. -0.480471291 0.131789210 -0.170911881 0.001637168 0.024158038 -0.004747952 0.999695537
5516. -0.480737670 0.131426944 -0.170147190 0.001619297 0.024193549 -0.004791257 0.999694500
5517. -0.480787881 0.131810325 -0.171114401 0.001696759 0.024183151 -0.004898187 0.999694105
5518. -0.480594304 0.131607552 -0.170748204 0.001681512 0.024139197 -0.004876674 0.999695298
5519. -0.480211542 0.132328275 -0.170687767 0.001801949 0.024106305 -0.004962202 0.999695461
5520. -0.480409319 0.132879768 -0.170185666 0.001924781 0.024114590 -0.004829638 0.999695682
5521. -0.480272435 0.132951653 -0.170391431 0.001941000 0.024090768 -0.004812481 0.999696308
5522. -0.480246022 0.132924514 -0.170334768 0.001949727 0.024091858 -0.004838120 0.999696141
5523. -0.480265477 0.133008475 -0.170156145 0.001938176 0.024094263 -0.004846147 0.999696066
5524. -0.480245279 0.133117030 -0.170165753 0.001966312 0.024089419 -0.004836784 0.999696173
5525. -0.480368958 0.133723353 -0.170313670 0.002046424 0.024097202 -0.004836477 0.999695826
5526. -0.480279406 0.133525249 -0.170051524 0.002006195 0.024074905 -0.004795288 0.999696644
5527. -0.480351088 0.133585880 -0.170092849 0.002020730 0.024088179 -0.004810796 0.999696220
5528. -0.480096598 0.133384158 -0.170071195 0.001982721 0.024050862 -0.004854859 0.999696982
5529. -0.479906565 0.133573646 -0.170034530 0.002036674 0.024016474 -0.004890747 0.999697525
5530. -0.480086918 0.133670652 -0.170196716 0.002056580 0.024043457 -0.004856138 0.999697004
5531. -0.480233094 0.133848247 -0.170227425 0.002085178 0.024072931 -0.004854702 0.999696243
5532. -0.480356881 0.133671675 -0.170363664 0.002047800 0.024095156 -0.004841514 0.999695849
5533. -0.480378288 0.133168049 -0.170249025 0.001976226 0.024094904 -0.004789995 0.999696247
5534. -0.480296873 0.133367438 -0.170170384 0.001989629 0.024088744 -0.004814772 0.999696250
5535. -0.480065115 0.133417702 -0.170495106 0.002000481 0.024055430 -0.004840359 0.999696907
5536. -0.480310305 0.133484097 -0.170372027 0.002002989 0.024097997 -0.004846908 0.999695845
5537. -0.480205461 0.133567996 -0.170099186 0.002027453 0.024066417 -0.004813119 0.999696719
5538. -0.480215550 0.133647354 -0.170183241 0.002020214 0.024070125 -0.004810249 0.999696659
5539. -0.480093677 0.133458026 -0.170269273 0.001990623 0.024063887 -0.004836677 0.999696741
5540. -0.480195351 0.133435447 -0.170186544 0.001994607 0.024064365 -0.004838596 0.999696712
5541. -0.480079838 0.133478710 -0.170105362 0.002006320 0.024046586 -0.004805084 0.999697278
5542. -0.480020409 0.133496356 -0.170044644 0.002004326 0.024031286 -0.004796189 0.999697693
5543. -0.480192631 0.133575766 -0.170230468 0.002014050 0.024066587 -0.004777927 0.999696911
5544. -0.480037355 0.132871468 -0.170381711 0.001907481 0.024024329 -0.004817276 0.999697948
5545. -0.480281294 0.132974292 -0.170428222 0.001938869 0.024073427 -0.004820574 0.999696690
5546. -0.480616540 0.132693934 -0.170744167 0.001872327 0.024109878 -0.004787904 0.999696096
5547. -0.480532447 0.132846487 -0.170820270 0.001903005 0.024093588 -0.004808140 0.999696334
5548. -0.480568003 0.132974307 -0.170896309 0.001896421 0.024102496 -0.004803268 0.999696155
5549. -0.480525866 0.133042430 -0.171015498 0.001898575 0.024083787 -0.004821265 0.999696515
5550. -0.480494143 0.132947339 -0.170887968 0.001883577 0.024075518 -0.004808734 0.999696803
5551. -0.480255479 0.131726421 -0.171197788 0.001663482 0.024076919 -0.004797625 0.999697213
5552. -0.480335530 0.131991782 -0.171397701 0.001701676 0.024079273 -0.004783662 0.999697159
5553. -0.480647917 0.132394451 -0.171272109 0.001753385 0.024139994 -0.004772688 0.999695658
5554. -0.480401492 0.132299830 -0.171369527 0.001729464 0.024079790 -0.004770175 0.999697163
5555. -0.480390310 0.132250586 -0.171243420 0.001728807 0.024080967 -0.004798640 0.999697000
5556. -0.480230443 0.132326263 -0.171196855 0.001742194 0.024048811 -0.004791787 0.999697783
5557. -0.480491519 0.132539618 -0.171468749 0.001778027 0.024121824 -0.004827665 0.999695789
5558. -0.480490528 0.132187379 -0.171442311 0.001700660 0.024119674 -0.004846312 0.999695885
5559. -0.481355871 0.131539774 -0.171492175 0.001628394 0.024225417 -0.004806155 0.999693642
5560. -0.481216092 0.131858403 -0.171466439 0.001654788 0.024194757 -0.004806430 0.999694340
5561. -0.481248530 0.131884950 -0.171465424 0.001654752 0.024214098 -0.004811401 0.999693848
5562. -0.481318961 0.131949105 -0.171409627 0.001702354 0.024224079 -0.004857055 0.999693305
5563. -0.481376763 0.131921637 -0.171486961 0.001665305 0.024240235 -0.004858490 0.999692969
5564. -0.481238203 0.131969910 -0.171447547 0.001672410 0.024223255 -0.004847899 0.999693420
5565. -0.481378807 0.131758753 -0.171272998 0.001636355 0.024230876 -0.004805548 0.999693500
5566. -0.481705381 0.131643550 -0.171295634 0.001623967 0.024276159 -0.004813105 0.999692385
5567. -0.481842266 0.131421818 -0.171100357 0.001589798 0.024290330 -0.004776666 0.999692271
5568. -0.481506682 0.131614459 -0.171595190 0.001583273 0.024279399 -0.004730771 0.999692765
5569. -0.481138623 0.132333951 -0.172239354 0.001682998 0.024269188 -0.004773288 0.999692648
5570. -0.480895964 0.132617973 -0.172062768 0.001762696 0.024199249 -0.004738586 0.999694371
5571. -0.480681556 0.131062161 -0.171330906 0.001492916 0.024107998 -0.004698849 0.999697202
5572. -0.480650262 0.131099525 -0.171278113 0.001494247 0.024098127 -0.004697172 0.999697446
5573. -0.480777582 0.131537679 -0.171235358 0.001596402 0.024108673 -0.004697401 0.999697033
5574. -0.481238944 0.132301758 -0.171770967 0.001685583 0.024182517 -0.004591510 0.999695595
5575. -0.480935156 0.132255581 -0.171790168 0.001695586 0.024136073 -0.004620577 0.999696567
5576. -0.481229910 0.132387707 -0.171567768 0.001725264 0.024176732 -0.004629150 0.999695494
5577. -0.481130427 0.132118164 -0.171862997 0.001664820 0.024179695 -0.004663712 0.999695364
5578. -0.480829022 0.132148187 -0.171622230 0.001672538 0.024111641 -0.004666700 0.999696981
5579. -0.480690762 0.132452717 -0.171368822 0.001779566 0.024082206 -0.004756751 0.999697081
5580. -0.480829746 0.132679964 -0.171514686 0.001827009 0.024115688 -0.004803678 0.999695964
5581. -0.480386807 0.132532721 -0.171606408 0.001771756 0.024058022 -0.004703663 0.999697928
5582. -0.481325146 0.132181123 -0.171445862 0.001778006 0.024238691 -0.004832580 0.999692938
5583. -0.480504773 0.131336304 -0.170914969 0.001621340 0.024068812 -0.004844212 0.999697253
5584. -0.480432869 0.132085966 -0.171150750 0.001732376 0.024060958 -0.004810209 0.999697420
5585. -0.480642831 0.132203757 -0.171310953 0.001745602 0.024110349 -0.004805984 0.999696227
5586. -0.480629888 0.132355622 -0.171264880 0.001800363 0.024130597 -0.004814405 0.999695601
5587. -0.480530643 0.131926541 -0.171371700 0.001675560 0.024110431 -0.004699656 0.999696850
5588. -0.480693695 0.132049415 -0.171432343 0.001698639 0.024155525 -0.004684434 0.999695794
5589. -0.480697864 0.132100913 -0.171457738 0.001703662 0.024146380 -0.004674313 0.999696054
5590. -0.480850343 0.132522663 -0.171974297 0.001781741 0.024168395 -0.004753179 0.999695014
5591. -0.480720087 0.132369825 -0.171514508 0.001768457 0.024129622 -0.004775762 0.999695867
5592. -0.480804657 0.132191511 -0.171621085 0.001744784 0.024133347 -0.004751166 0.999695936
5593. -0.480793137 0.132229562 -0.171583491 0.001731065 0.024142397 -0.004754893 0.999695723
5594. -0.480854890 0.132194246 -0.171449291 0.001717857 0.024171533 -0.004792329 0.999694863
5595. -0.480970820 0.132025852 -0.171605328 0.001692227 0.024178827 -0.004721960 0.999695065
5596. -0.480903962 0.131838518 -0.171532032 0.001632221 0.024161531 -0.004655749 0.999695894
5597. -0.480973967 0.131697010 -0.171712464 0.001595851 0.024170941 -0.004655728 0.999695725
5598. -0.481100320 0.131745059 -0.171782318 0.001606636 0.024180985 -0.004647904 0.999695501
5599. -0.481215262 0.131786886 -0.171717617 0.001613087 0.024218573 -0.004662213 0.999694515
5600. -0.481163203 0.131687144 -0.171646495 0.001592857 0.024200270 -0.004620939 0.999695182
5601. -0.481181998 0.131847993 -0.171583573 0.001633617 0.024210731 -0.004664897 0.999694659
5602. -0.481159063 0.131710711 -0.171767852 0.001605191 0.024198219 -0.004628741 0.999695176
5603. -0.481188748 0.131865825 -0.171757408 0.001628092 0.024214652 -0.004613101 0.999694813
5604. -0.481181987 0.131781917 -0.171682008 0.001620491 0.024207787 -0.004627363 0.999694926
5605. -0.481123164 0.131728008 -0.171610885 0.001616020 0.024196051 -0.004641431 0.999695152
5606. -0.481006167 0.131792786 -0.171691806 0.001592883 0.024193115 -0.004622310 0.999695349
5607. -0.481036428 0.131909562 -0.171740746 0.001614748 0.024198653 -0.004666398 0.999694975
5608. -0.481022492 0.131837616 -0.171579217 0.001608637 0.024188450 -0.004679203 0.999695172
5609. -0.481005270 0.131964358 -0.171313858 0.001665382 0.024209281 -0.004698218 0.999694485
5610. -0.480988805 0.132051694 -0.171229423 0.001686974 0.024218028 -0.004714779 0.999694159
5611. -0.481031013 0.131975375 -0.171324905 0.001671373 0.024218057 -0.004683668 0.999694331
5612. -0.481007690 0.131958042 -0.171434578 0.001660909 0.024224635 -0.004730302 0.999693970
5613. -0.481146555 0.131879006 -0.171558029 0.001647062 0.024240534 -0.004663621 0.999693920
5614. -0.481309195 0.131941941 -0.171727440 0.001664881 0.024266515 -0.004659677 0.999693279
5615. -0.481206435 0.131959420 -0.171687434 0.001676914 0.024248642 -0.004691872 0.999693542
5616. -0.481267505 0.132017403 -0.171694556 0.001688680 0.024260112 -0.004731959 0.999693055
5617. -0.481216090 0.132046766 -0.171629477 0.001687430 0.024238117 -0.004727320 0.999693612
5618. -0.481089511 0.132075589 -0.171436305 0.001718076 0.024210632 -0.004751555 0.999694111
5619. -0.481060810 0.131981743 -0.171369762 0.001690060 0.024209729 -0.004735132 0.999694259
5620. -0.481195056 0.132039735 -0.171428324 0.001703640 0.024237761 -0.004748489 0.999693493
5621. -0.481038490 0.132125173 -0.171341595 0.001729520 0.024198864 -0.004746843 0.999694399
5622. -0.481211042 0.132076181 -0.171633997 0.001698774 0.024236287 -0.004737439 0.999693590
5623. -0.481370642 0.132107706 -0.171843153 0.001695965 0.024259795 -0.004708335 0.999693162
5624. -0.481216684 0.131959498 -0.171637561 0.001655267 0.024223087 -0.004690809 0.999694202
5625. -0.481159135 0.132076868 -0.171556403 0.001701171 0.024217375 -0.004736924 0.999694046
5626. -0.481297299 0.132075065 -0.171663613 0.001705832 0.024248638 -0.004730389 0.999693312
5627. -0.481371360 0.132061955 -0.171742462 0.001687720 0.024260762 -0.004667665 0.999693343
5628. -0.481323717 0.132076775 -0.171761817 0.001690628 0.024249218 -0.004661832 0.999693645
5629. -0.481371969 0.131893124 -0.171793365 0.001653968 0.024254751 -0.004659067 0.999693585
5630. -0.481286609 0.131868194 -0.171660065 0.001652104 0.024243275 -0.004621526 0.999694041
5631. -0.481166141 0.131803827 -0.171463440 0.001646291 0.024202843 -0.004623182 0.999695023
5632. -0.481157253 0.131867586 -0.171491953 0.001655345 0.024202773 -0.004597535 0.999695128
5633. -0.481084783 0.131904828 -0.171413934 0.001665900 0.024196756 -0.004618313 0.999695160
5634. -0.481067533 0.131724743 -0.171392721 0.001618626 0.024194440 -0.004621144 0.999695281
5635. -0.481125278 0.131809721 -0.171523236 0.001651575 0.024197851 -0.004625734 0.999695123
5636. -0.481130122 0.131735774 -0.171353749 0.001623481 0.024213253 -0.004602547 0.999694903
5637. -0.480946516 0.131726032 -0.171114895 0.001624244 0.024179923 -0.004611126 0.999695669
5638. -0.480931416 0.131637633 -0.171052969 0.001613241 0.024176520 -0.004567191 0.999695971
5639. -0.480900008 0.131645470 -0.171126856 0.001610590 0.024181669 -0.004599271 0.999695703
5640. -0.480969931 0.131708111 -0.171080438 0.001623262 0.024187277 -0.004618106 0.999695461
5641. -0.480744366 0.131787207 -0.170845913 0.001654872 0.024140757 -0.004649897 0.999696386
5642. -0.480852703 0.131830344 -0.170961743 0.001664344 0.024159280 -0.004639062 0.999695973
5643. -0.480950114 0.131720764 -0.171034630 0.001638365 0.024187330 -0.004631306 0.999695374
5644. -0.480977366 0.131751010 -0.171143215 0.001657412 0.024197022 -0.004662195 0.999694964
5645. -0.480962161 0.131762757 -0.171202500 0.001638849 0.024205984 -0.004644709 0.999694859
5646. -0.481022030 0.131751929 -0.171187735 0.001647401 0.024206233 -0.004634423 0.999694887
5647. -0.481162759 0.131672735 -0.171186513 0.001616567 0.024236535 -0.004646778 0.999694146
5648. -0.481209129 0.131687102 -0.171207522 0.001612225 0.024246873 -0.004632221 0.999693969
5649. -0.481392632 0.131663197 -0.171456779 0.001614954 0.024282563 -0.004631202 0.999693103
5650. -0.481251604 0.131700719 -0.171231482 0.001629909 0.024236996 -0.004621282 0.999694231
5651. -0.481346714 0.131721770 -0.171315126 0.001623803 0.024262940 -0.004605573 0.999693684
5652. -0.481461370 0.131561373 -0.171331588 0.001612051 0.024282307 -0.004678042 0.999692896
5653. -0.481364018 0.131462902 -0.171169431 0.001582820 0.024275198 -0.004651951 0.999693237
5654. -0.481474617 0.131590798 -0.171421922 0.001601891 0.024313859 -0.004759244 0.999691762
5655. -0.481543799 0.131034318 -0.171869277 0.001490421 0.024344832 -0.004731013 0.999691315
5656. -0.481776727 0.130594249 -0.171321203 0.001420583 0.024353404 -0.004707506 0.999691319
5657. -0.481865379 0.130812122 -0.171639589 0.001466941 0.024396579 -0.004739836 0.999690046
5658. -0.481721883 0.130743946 -0.171720997 0.001391027 0.024335389 -0.004640491 0.999692112
5659. -0.481423247 0.130959406 -0.171796157 0.001450584 0.024289142 -0.004680250 0.999692967
5660. -0.481915949 0.132261801 -0.172117816 0.001683386 0.024389117 -0.004592392 0.999690576
5661. -0.481623956 0.131754984 -0.171767949 0.001560669 0.024328176 -0.004460735 0.999692856
5662. -0.481593394 0.131730978 -0.171646031 0.001545817 0.024328857 -0.004465893 0.999692839
5663. -0.481597640 0.131729754 -0.171696108 0.001549473 0.024327293 -0.004459866 0.999692899
5664. -0.481586680 0.131751335 -0.171725849 0.001558876 0.024324116 -0.004468322 0.999692924
5665. -0.481504897 0.131830597 -0.171683917 0.001585615 0.024302495 -0.004495592 0.999693285
5666. -0.481674325 0.131765302 -0.171819161 0.001565256 0.024338919 -0.004485409 0.999692477
5667. -0.481713951 0.131709454 -0.171851470 0.001552339 0.024346726 -0.004446250 0.999692482
5668. -0.481681186 0.131702869 -0.171867913 0.001557056 0.024334532 -0.004455652 0.999692729
5669. -0.481729376 0.131737695 -0.171855939 0.001563402 0.024347776 -0.004457461 0.999692389
5670. -0.481630674 0.131800764 -0.171835504 0.001581247 0.024329879 -0.004485757 0.999692670
5671. -0.481703471 0.131772208 -0.171917824 0.001554706 0.024347727 -0.004510898 0.999692164
5672. -0.481665894 0.131739863 -0.171903141 0.001548515 0.024332323 -0.004474642 0.999692712
5673. -0.481663590 0.131731672 -0.171799972 0.001548757 0.024342819 -0.004469287 0.999692480
5674. -0.481710855 0.131784722 -0.171930786 0.001569542 0.024352902 -0.004472657 0.999692187
5675. -0.481795785 0.131739281 -0.172024250 0.001557587 0.024370252 -0.004463072 0.999691825
5676. -0.481757531 0.131720104 -0.172053376 0.001555571 0.024354189 -0.004438445 0.999692330
5677. -0.481750335 0.131744308 -0.172016847 0.001564470 0.024362133 -0.004448782 0.999692076
5678. -0.481676652 0.131744446 -0.172008819 0.001569565 0.024349964 -0.004480225 0.999692224
5679. -0.481683072 0.131706405 -0.171935294 0.001557124 0.024350845 -0.004440108 0.999692401
5680. -0.481663341 0.131625836 -0.171961606 0.001533018 0.024344856 -0.004421693 0.999692666
5681. -0.481632331 0.131673794 -0.171945161 0.001548663 0.024340927 -0.004432078 0.999692692
5682. -0.481730044 0.131670210 -0.172007261 0.001534913 0.024356157 -0.004446412 0.999692278
5683. -0.481742804 0.131644612 -0.172028208 0.001545491 0.024356413 -0.004452663 0.999692228
5684. -0.481816973 0.131660191 -0.172146833 0.001547735 0.024365923 -0.004453263 0.999691990
5685. -0.481758945 0.131687773 -0.172083977 0.001561975 0.024357200 -0.004442403 0.999692229
5686. -0.481943795 0.131684363 -0.172237490 0.001551570 0.024398853 -0.004477248 0.999691074
5687. -0.481931431 0.131596928 -0.172205705 0.001520695 0.024394510 -0.004443626 0.999691377
5688. -0.481905968 0.131631185 -0.172138010 0.001537906 0.024393083 -0.004441187 0.999691396
5689. -0.481813757 0.131638723 -0.172113571 0.001541227 0.024372448 -0.004441825 0.999691892
5690. -0.481807553 0.131602898 -0.172093506 0.001528151 0.024379837 -0.004454936 0.999691673
5691. -0.481782504 0.131637263 -0.172197332 0.001537228 0.024367852 -0.004457102 0.999691942
5692. -0.481738766 0.131594964 -0.172167083 0.001514108 0.024366051 -0.004462456 0.999691997
5693. -0.481689932 0.131616399 -0.172073189 0.001529079 0.024361048 -0.004492516 0.999691962
5694. -0.481557007 0.131626510 -0.171963972 0.001534607 0.024334260 -0.004511473 0.999692520
5695. -0.481575604 0.131636475 -0.171971787 0.001546652 0.024332729 -0.004499181 0.999692595
5696. -0.481519500 0.131565730 -0.171841471 0.001527221 0.024322447 -0.004510562 0.999692823
5697. -0.481701178 0.131615602 -0.172038872 0.001545172 0.024351835 -0.004451975 0.999692343
5698. -0.481768577 0.131624256 -0.172132252 0.001548719 0.024363737 -0.004442314 0.999692090
5699. -0.481871695 0.131606847 -0.172175663 0.001541072 0.024392783 -0.004456572 0.999691330
5700. -0.481954876 0.131603799 -0.172224424 0.001536954 0.024415000 -0.004469978 0.999690735
5701. -0.481914723 0.131539027 -0.172267360 0.001507636 0.024402190 -0.004466638 0.999691107
5702. -0.481955629 0.131600389 -0.172397219 0.001529391 0.024413496 -0.004474241 0.999690764
5703. -0.481983059 0.131558603 -0.172360977 0.001523600 0.024419997 -0.004471042 0.999690628
5704. -0.481880977 0.131700074 -0.172366085 0.001567568 0.024397702 -0.004468620 0.999691115
5705. -0.481847796 0.131656296 -0.172240266 0.001555001 0.024392287 -0.004493567 0.999691155
5706. -0.481665124 0.131658371 -0.172152125 0.001555478 0.024355487 -0.004472908 0.999692145
5707. -0.481626735 0.131649843 -0.171999304 0.001550546 0.024355746 -0.004435432 0.999692313
5708. -0.481611365 0.131676698 -0.171965367 0.001561146 0.024340353 -0.004437016 0.999692664
5709. -0.481577116 0.131715559 -0.171851642 0.001571046 0.024341032 -0.004459705 0.999692531
5710. -0.481687969 0.131800819 -0.172033986 0.001576304 0.024372086 -0.004476238 0.999691692
5711. -0.481912569 0.131918023 -0.172265306 0.001578063 0.024419705 -0.004622172 0.999689864
5712. -0.481739335 0.131877210 -0.172043540 0.001568204 0.024384642 -0.004615280 0.999690767
5713. -0.481660439 0.131939569 -0.172095507 0.001580725 0.024360023 -0.004601550 0.999691411
5714. -0.481613156 0.131909230 -0.171994784 0.001578534 0.024358798 -0.004578104 0.999691552
5715. -0.481624124 0.131904384 -0.171986091 0.001567945 0.024356975 -0.004567211 0.999691662
5716. -0.481591210 0.131876284 -0.171913072 0.001540386 0.024355882 -0.004589045 0.999691632
5717. -0.481561994 0.131705127 -0.172180774 0.001515376 0.024351840 -0.004555847 0.999691920
5718. -0.481579018 0.131714099 -0.172112522 0.001513811 0.024356980 -0.004545528 0.999691845
5719. -0.481633263 0.131676719 -0.172183819 0.001509991 0.024368078 -0.004512484 0.999691730
5720. -0.481615750 0.131746407 -0.172133196 0.001523428 0.024358535 -0.004539225 0.999691821
5721. -0.481607944 0.131708541 -0.172090076 0.001507389 0.024365112 -0.004543736 0.999691664
5722. -0.481581593 0.131717077 -0.172022301 0.001518237 0.024366078 -0.004546837 0.999691610
5723. -0.481697294 0.131753635 -0.172132901 0.001530338 0.024379621 -0.004557602 0.999691213
5724. -0.481699838 0.131804907 -0.172141028 0.001545396 0.024384245 -0.004589816 0.999690929
5725. -0.481770469 0.131779732 -0.172254176 0.001536347 0.024395055 -0.004566341 0.999690787
5726. -0.481683844 0.131716095 -0.172246536 0.001523757 0.024377635 -0.004519075 0.999691446
5727. -0.481636033 0.131750385 -0.172210080 0.001535591 0.024355392 -0.004532609 0.999691909
5728. -0.481657893 0.131749982 -0.172210484 0.001540776 0.024365388 -0.004532549 0.999691657
5729. -0.481677922 0.131771297 -0.172243915 0.001542038 0.024365905 -0.004548817 0.999691569
5730. -0.481701255 0.131730635 -0.172260597 0.001520381 0.024383651 -0.004525920 0.999691273
5731. -0.481696180 0.131732460 -0.172311963 0.001528778 0.024383891 -0.004537441 0.999691202
5732. -0.481618770 0.131762709 -0.172200474 0.001537530 0.024364781 -0.004527949 0.999691698
5733. -0.481555835 0.131757497 -0.172122122 0.001540084 0.024351803 -0.004522540 0.999692035
5734. -0.481581175 0.131696453 -0.172109389 0.001518038 0.024349914 -0.004502134 0.999692207
5735. -0.481699550 0.131616800 -0.172270814 0.001508677 0.024384906 -0.004446936 0.999691615
5736. -0.481733029 0.131631526 -0.172348825 0.001500041 0.024386174 -0.004464188 0.999691520
5737. -0.481700970 0.131654437 -0.172246221 0.001501619 0.024381017 -0.004460841 0.999691658
5738. -0.481760180 0.131627527 -0.172254373 0.001496800 0.024390011 -0.004458592 0.999691456
5739. -0.481797599 0.131637145 -0.172422988 0.001506478 0.024402056 -0.004479538 0.999691054
5740. -0.481933864 0.131618770 -0.172517330 0.001512309 0.024420542 -0.004485339 0.999690568
5741. -0.481783238 0.131617876 -0.172337177 0.001504557 0.024399814 -0.004462252 0.999691189
5742. -0.481907168 0.131613349 -0.172546340 0.001511157 0.024412783 -0.004479272 0.999690786
5743. -0.481896194 0.131613183 -0.172533144 0.001500793 0.024419281 -0.004454453 0.999690754
5744. -0.481823275 0.131649756 -0.172503066 0.001523650 0.024397080 -0.004478535 0.999691154
5745. -0.481819460 0.131663132 -0.172533505 0.001532050 0.024392593 -0.004450396 0.999691376
5746. -0.481692375 0.131735363 -0.172398421 0.001543896 0.024382793 -0.004455144 0.999691576
5747. -0.481650322 0.131685198 -0.172279730 0.001530345 0.024360684 -0.004435396 0.999692224
5748. -0.481734802 0.131644191 -0.172361456 0.001525379 0.024375456 -0.004422012 0.999691931
5749. -0.481681819 0.131702939 -0.172277087 0.001534676 0.024372047 -0.004446467 0.999691891
5750. -0.481723071 0.131682647 -0.172384316 0.001531145 0.024371035 -0.004437614 0.999691960
5751. -0.481692267 0.131664245 -0.172345888 0.001523734 0.024367306 -0.004426067 0.999692114
5752. -0.481723850 0.131649764 -0.172408107 0.001525101 0.024371598 -0.004396249 0.999692139
5753. -0.481728395 0.131659041 -0.172442620 0.001519527 0.024367653 -0.004415327 0.999692159
5754. -0.481667618 0.131674911 -0.172354853 0.001527015 0.024347652 -0.004404112 0.999692685
5755. -0.481749491 0.131684954 -0.172477373 0.001519922 0.024374446 -0.004398106 0.999692069
5756. -0.481778714 0.131658983 -0.172473251 0.001511492 0.024380662 -0.004409987 0.999691878
5757. -0.481711055 0.131682928 -0.172395424 0.001511510 0.024370800 -0.004448540 0.999691948
5758. -0.481661349 0.131732661 -0.172436432 0.001535047 0.024349148 -0.004472947 0.999692330
5759. -0.481782924 0.131678968 -0.172531479 0.001520829 0.024375538 -0.004438402 0.999691863
5760. -0.481767814 0.131650051 -0.172532957 0.001515709 0.024371218 -0.004409879 0.999692102
5761. -0.481810622 0.131603030 -0.172546777 0.001503841 0.024378976 -0.004382460 0.999692052
5762. -0.481758909 0.131609653 -0.172490914 0.001506301 0.024374080 -0.004393499 0.999692119
5763. -0.481734235 0.131605039 -0.172482481 0.001509195 0.024369117 -0.004366617 0.999692353
5764. -0.481613951 0.131550241 -0.172320750 0.001491629 0.024351934 -0.004327821 0.999692967
5765. -0.481591543 0.131760563 -0.172241406 0.001564096 0.024347560 -0.004475836 0.999692311
5766. -0.481607484 0.131813127 -0.172284840 0.001581390 0.024345117 -0.004517171 0.999692157
5767. -0.481552007 0.131818375 -0.172175653 0.001583079 0.024336176 -0.004507652 0.999692415
5768. -0.481535780 0.131796237 -0.172134438 0.001573761 0.024328600 -0.004501156 0.999692644
5769. -0.481627048 0.131767228 -0.172226778 0.001565752 0.024352579 -0.004488500 0.999692129
5770. -0.481574603 0.131807932 -0.172219448 0.001576619 0.024335271 -0.004494912 0.999692505
5771. -0.481595295 0.131776216 -0.172255370 0.001563392 0.024343255 -0.004487593 0.999692364
5772. -0.481645591 0.131830864 -0.172332320 0.001582716 0.024352080 -0.004489834 0.999692109
5773. -0.481689143 0.131813267 -0.172419346 0.001573616 0.024360812 -0.004468772 0.999692005
5774. -0.481592058 0.131788998 -0.172306971 0.001564196 0.024344872 -0.004482415 0.999692347
5775. -0.481745605 0.131754388 -0.172459457 0.001560605 0.024374613 -0.004449023 0.999691777
5776. -0.481762557 0.131725995 -0.172400984 0.001555420 0.024384931 -0.004444110 0.999691555
5777. -0.481700743 0.131704347 -0.172333614 0.001545377 0.024364935 -0.004445168 0.999692054
5778. -0.481600994 0.131694673 -0.172214344 0.001530952 0.024350677 -0.004476144 0.999692285
5779. -0.481654790 0.131682592 -0.172297389 0.001536531 0.024360109 -0.004428187 0.999692260
5780. -0.481608663 0.131767147 -0.172292358 0.001553240 0.024346596 -0.004482331 0.999692322
5781. -0.481604434 0.131761100 -0.172221317 0.001550345 0.024347747 -0.004487343 0.999692276
5782. -0.481590664 0.131728186 -0.172274403 0.001553582 0.024342035 -0.004472530 0.999692477
5783. -0.481584206 0.131741547 -0.172207772 0.001563902 0.024344539 -0.004465976 0.999692429
5784. -0.481482918 0.131724804 -0.172142061 0.001554344 0.024312795 -0.004463712 0.999693227
5785. -0.481529520 0.131680186 -0.172177528 0.001536556 0.024325074 -0.004439523 0.999693063
5786. -0.481543007 0.131694010 -0.172183394 0.001549043 0.024332207 -0.004442378 0.999692858
5787. -0.481537869 0.131695495 -0.172143253 0.001535258 0.024330806 -0.004464630 0.999692814
5788. -0.481596151 0.131668816 -0.172163895 0.001525602 0.024342431 -0.004449787 0.999692612
5789. -0.481556453 0.131693828 -0.172140167 0.001526101 0.024330071 -0.004487658 0.999692743
5790. -0.481583409 0.131681044 -0.172113240 0.001522564 0.024348043 -0.004447032 0.999692492
5791. -0.481582514 0.131713826 -0.172137561 0.001531329 0.024339971 -0.004462525 0.999692606
5792. -0.481824157 0.131599672 -0.172389512 0.001518833 0.024401735 -0.004398702 0.999691402
5793. -0.481790302 0.131604835 -0.172375310 0.001515260 0.024389789 -0.004410788 0.999691646
5794. -0.481704373 0.131615602 -0.172307263 0.001505824 0.024366170 -0.004424423 0.999692176
5795. -0.481681091 0.131628793 -0.172204715 0.001522155 0.024371997 -0.004424288 0.999692010
5796. -0.481696232 0.131623760 -0.172250635 0.001520059 0.024373285 -0.004418902 0.999692005
5797. -0.481638967 0.131676505 -0.172099154 0.001534493 0.024359869 -0.004454073 0.999692154
5798. -0.481603839 0.131698669 -0.172095903 0.001532510 0.024355357 -0.004466591 0.999692211
5799. -0.481735419 0.131649301 -0.172354040 0.001529913 0.024377432 -0.004430163 0.999691839
5800. -0.481717089 0.131688602 -0.172304389 0.001541526 0.024375660 -0.004438239 0.999691829
5801. -0.481658265 0.131678068 -0.172248706 0.001539699 0.024363365 -0.004458061 0.999692043
5802. -0.481762000 0.131640616 -0.172416526 0.001525181 0.024386942 -0.004456340 0.999691498
5803. -0.481767544 0.131614759 -0.172488455 0.001511483 0.024389296 -0.004407949 0.999691676
5804. -0.481831494 0.131638995 -0.172586696 0.001519836 0.024391169 -0.004420394 0.999691563
5805. -0.481863139 0.131615615 -0.172594546 0.001517614 0.024396482 -0.004401276 0.999691521
5806. -0.481753951 0.131685255 -0.172434058 0.001543399 0.024378571 -0.004460792 0.999691655
5807. -0.481828155 0.131637677 -0.172475355 0.001523009 0.024395519 -0.004421523 0.999691447
5808. -0.481748232 0.131678377 -0.172426131 0.001532214 0.024376307 -0.004440850 0.999691816
5809. -0.481825330 0.131710871 -0.172472644 0.001551726 0.024393105 -0.004424092 0.999691450
5810. -0.481676581 0.131760319 -0.172332977 0.001559700 0.024356753 -0.004482217 0.999692065
5811. -0.481702167 0.131758420 -0.172315803 0.001562111 0.024361439 -0.004459199 0.999692050
5812. -0.481693759 0.131824463 -0.172382246 0.001581960 0.024352196 -0.004485689 0.999692126
5813. -0.481637081 0.131787431 -0.172349927 0.001569053 0.024340997 -0.004490115 0.999692399
5814. -0.481662188 0.131832899 -0.172355762 0.001580657 0.024343167 -0.004487879 0.999692338
5815. -0.481709526 0.131824311 -0.172422425 0.001576340 0.024351515 -0.004492575 0.999692120
5816. -0.481692368 0.131817852 -0.172336685 0.001567577 0.024350392 -0.004488885 0.999692178
5817. -0.481702331 0.131755593 -0.172353775 0.001552875 0.024356316 -0.004458583 0.999692192
5818. -0.481723822 0.131764092 -0.172428292 0.001551343 0.024357428 -0.004441007 0.999692246
5819. -0.481599147 0.131770365 -0.172311358 0.001550040 0.024326062 -0.004474955 0.999692860
5820. -0.481626835 0.131782366 -0.172342399 0.001553822 0.024332281 -0.004480436 0.999692679
5821. -0.481612983 0.131795644 -0.172291002 0.001557326 0.024326805 -0.004481300 0.999692802
5822. -0.481690189 0.131786913 -0.172371854 0.001543515 0.024349722 -0.004468002 0.999692325
5823. -0.481668891 0.131794677 -0.172369543 0.001551646 0.024342613 -0.004480245 0.999692431
5824. -0.481630991 0.131782489 -0.172277507 0.001552028 0.024341368 -0.004477004 0.999692475
5825. -0.481640990 0.131859428 -0.172296974 0.001567938 0.024344103 -0.004507976 0.999692245
5826. -0.481663706 0.131794459 -0.172337109 0.001552354 0.024355807 -0.004470506 0.999692152
5827. -0.481590363 0.131832919 -0.172245107 0.001563142 0.024338114 -0.004487212 0.999692492
5828. -0.481601119 0.131795319 -0.172294285 0.001553036 0.024338404 -0.004484770 0.999692511
5829. -0.481613096 0.131786881 -0.172356780 0.001552506 0.024343105 -0.004475397 0.999692440
5830. -0.481623489 0.131763778 -0.172357758 0.001544977 0.024346791 -0.004453196 0.999692461
5831. -0.481626669 0.131768334 -0.172357689 0.001540986 0.024346609 -0.004451680 0.999692478
5832. -0.481585772 0.131749439 -0.172367394 0.001541950 0.024332821 -0.004448093 0.999692828
5833. -0.481668858 0.131759304 -0.172460852 0.001543260 0.024352353 -0.004456434 0.999692313
5834. -0.481660659 0.131776951 -0.172414432 0.001553686 0.024349131 -0.004472665 0.999692303
5835. -0.481452051 0.131851822 -0.172268944 0.001568395 0.024288254 -0.004522740 0.999693536
5836. -0.481587094 0.131814594 -0.172392002 0.001556025 0.024319336 -0.004514540 0.999692837
5837. -0.481564607 0.131802327 -0.172286420 0.001560683 0.024320526 -0.004511672 0.999692813
5838. -0.481512307 0.131786217 -0.172248227 0.001562145 0.024310054 -0.004489689 0.999693165
5839. -0.481534239 0.131743282 -0.172310098 0.001537379 0.024307067 -0.004480573 0.999693317
5840. -0.481532128 0.131729580 -0.172345926 0.001541729 0.024302905 -0.004459148 0.999693507
5841. -0.481639001 0.131657418 -0.172442798 0.001524167 0.024331345 -0.004435589 0.999692947
5842. -0.481660668 0.131664692 -0.172432648 0.001523923 0.024339850 -0.004462470 0.999692621
5843. -0.481607833 0.131731695 -0.172399863 0.001540457 0.024327000 -0.004469033 0.999692879
5844. -0.481584583 0.131735033 -0.172287610 0.001538274 0.024326525 -0.004491910 0.999692791
5845. -0.481619482 0.131721387 -0.172431702 0.001537774 0.024325296 -0.004492382 0.999692820
5846. -0.481541244 0.131716704 -0.172356286 0.001540997 0.024308965 -0.004484348 0.999693248
5847. -0.481561294 0.131687698 -0.172396683 0.001535393 0.024302854 -0.004470383 0.999693468
5848. -0.481529560 0.131688270 -0.172343835 0.001532640 0.024305496 -0.004482695 0.999693353
5849. -0.481664840 0.131640010 -0.172438917 0.001521457 0.024341391 -0.004465649 0.999692573
5850. -0.481661566 0.131691433 -0.172440978 0.001526891 0.024350420 -0.004499513 0.999692193
5851. -0.481764559 0.131666986 -0.172545871 0.001518493 0.024373729 -0.004476374 0.999691741
5852. -0.481707941 0.131676050 -0.172436176 0.001520497 0.024365719 -0.004484682 0.999691896
5853. -0.481785588 0.131645721 -0.172510443 0.001519952 0.024382647 -0.004453951 0.999691622
5854. -0.481777034 0.131699059 -0.172487915 0.001531129 0.024382476 -0.004489205 0.999691451
5855. -0.481758426 0.131721368 -0.172487157 0.001537125 0.024370278 -0.004503901 0.999691673
5856. -0.481622795 0.131729147 -0.172372451 0.001544734 0.024335983 -0.004513345 0.999692454
5857. -0.481625215 0.131707926 -0.172327769 0.001537037 0.024338554 -0.004513295 0.999692404
5858. -0.481682801 0.131680676 -0.172434663 0.001528299 0.024347499 -0.004485366 0.999692325
5859. -0.481684246 0.131708564 -0.172483936 0.001544521 0.024351902 -0.004504324 0.999692108
5860. -0.481574617 0.131676470 -0.172320310 0.001530646 0.024330319 -0.004506239 0.999692646
5861. -0.481543844 0.131666003 -0.172258900 0.001528172 0.024326261 -0.004500567 0.999692774
5862. -0.481606975 0.131698559 -0.172331472 0.001532234 0.024335803 -0.004519564 0.999692450
5863. -0.481544628 0.131693427 -0.172285336 0.001523447 0.024318880 -0.004530282 0.999692827
5864. -0.481565921 0.131656969 -0.172277067 0.001515737 0.024332938 -0.004535534 0.999692473
5865. -0.481641287 0.131592569 -0.172374992 0.001491586 0.024343105 -0.004507730 0.999692387
5866. -0.481525703 0.131674119 -0.172114475 0.001507871 0.024334022 -0.004591768 0.999692201
5867. -0.481524646 0.131632408 -0.172146767 0.001489271 0.024333261 -0.004581832 0.999692293
5868. -0.481450194 0.131661037 -0.172065833 0.001497712 0.024322287 -0.004593265 0.999692495
5869. -0.481493982 0.131573011 -0.172110300 0.001469508 0.024329468 -0.004564010 0.999692496
5870. -0.481407798 0.131608894 -0.172063613 0.001469286 0.024302224 -0.004595943 0.999693013
5871. -0.481448393 0.131556510 -0.172058780 0.001464182 0.024306435 -0.004587770 0.999692956
5872. -0.481457637 0.131605206 -0.172101781 0.001473601 0.024303362 -0.004583623 0.999693036
5873. -0.481403722 0.131608598 -0.172062006 0.001472228 0.024290310 -0.004589232 0.999693329
5874. -0.481492442 0.131602298 -0.172183929 0.001467098 0.024319957 -0.004569313 0.999692707
5875. -0.481467896 0.131581329 -0.172054050 0.001463731 0.024313382 -0.004570215 0.999692868
5876. -0.481517157 0.131567730 -0.172127089 0.001459622 0.024326868 -0.004560461 0.999692590
5877. -0.481468407 0.131611879 -0.172160706 0.001472036 0.024302237 -0.004568853 0.999693133
5878. -0.481482641 0.131585913 -0.172157522 0.001461989 0.024304485 -0.004555341 0.999693155
5879. -0.481509543 0.131546509 -0.172109635 0.001444706 0.024319997 -0.004553872 0.999692809
5880. -0.481500543 0.131550460 -0.172066432 0.001448590 0.024319781 -0.004546950 0.999692840
5881. -0.481541288 0.131493803 -0.172118149 0.001431750 0.024327053 -0.004548165 0.999692682
5882. -0.481573520 0.131483713 -0.172161539 0.001436826 0.024332679 -0.004557569 0.999692495
5883. -0.481612267 0.131499800 -0.172279678 0.001443444 0.024333825 -0.004562067 0.999692437
5884. -0.481511094 0.131524230 -0.172138539 0.001447190 0.024314924 -0.004570840 0.999692852
5885. -0.481540367 0.131555197 -0.172237969 0.001462250 0.024316952 -0.004564523 0.999692809
5886. -0.481550472 0.131571628 -0.172195844 0.001459585 0.024314220 -0.004575628 0.999692829
5887. -0.481466751 0.131592776 -0.172144753 0.001469698 0.024294822 -0.004585617 0.999693240
5888. -0.481418431 0.131592227 -0.172067914 0.001467357 0.024292182 -0.004571436 0.999693372
5889. -0.481379464 0.131604472 -0.172038147 0.001480557 0.024279206 -0.004570774 0.999693671
5890. -0.481390587 0.131581963 -0.172039384 0.001462290 0.024284514 -0.004566649 0.999693588
5891. -0.481448256 0.131497475 -0.172109387 0.001442185 0.024304947 -0.004542364 0.999693231
5892. -0.481574073 0.131448216 -0.172183929 0.001423534 0.024333930 -0.004525258 0.999692630
5893. -0.481403885 0.131461379 -0.171963876 0.001406936 0.024302480 -0.004547388 0.999693319
5894. -0.481344530 0.131485734 -0.171842882 0.001415389 0.024286332 -0.004537700 0.999693743
5895. -0.481343594 0.131539305 -0.171853616 0.001420203 0.024279336 -0.004542433 0.999693885
5896. -0.481375339 0.131444647 -0.171814404 0.001381612 0.024296871 -0.004520106 0.999693614
5897. -0.481398216 0.131476118 -0.171891418 0.001398318 0.024294708 -0.004509829 0.999693690
5898. -0.481379696 0.131521874 -0.171900241 0.001412818 0.024288397 -0.004543842 0.999693669
5899. -0.481512571 0.131471933 -0.172041924 0.001396698 0.024313064 -0.004536355 0.999693126
5900. -0.481448017 0.131464639 -0.171896478 0.001393836 0.024301655 -0.004549933 0.999693345
5901. -0.481506502 0.131457769 -0.172031960 0.001385004 0.024316918 -0.004532783 0.999693064
5902. -0.481474623 0.131636461 -0.172036174 0.001453152 0.024295470 -0.004535645 0.999693476
5903. -0.481368191 0.131652123 -0.171880580 0.001456389 0.024281778 -0.004534219 0.999693811
5904. -0.481341559 0.131689636 -0.171900679 0.001467072 0.024265529 -0.004548929 0.999694123
5905. -0.481312615 0.131733838 -0.171876752 0.001470972 0.024260520 -0.004559968 0.999694188
5906. -0.481301648 0.131734116 -0.171843452 0.001484131 0.024252243 -0.004556180 0.999694387
5907. -0.481297167 0.131742777 -0.171902296 0.001481478 0.024254623 -0.004567504 0.999694281
5908. -0.481273306 0.131657155 -0.171886173 0.001460521 0.024245178 -0.004529711 0.999694713
5909. -0.481271442 0.131687649 -0.171937665 0.001461149 0.024243191 -0.004546348 0.999694685
5910. -0.481222460 0.131649690 -0.171816299 0.001458118 0.024235956 -0.004547342 0.999694860
5911. -0.481282498 0.131692982 -0.171914665 0.001471476 0.024243437 -0.004572288 0.999694546
5912. -0.481127515 0.131653280 -0.171522302 0.001452022 0.024230951 -0.004579661 0.999694843
5913. -0.481141313 0.131662574 -0.171507846 0.001452785 0.024242517 -0.004580490 0.999694558
5914. -0.481106276 0.131695171 -0.171453090 0.001465427 0.024234128 -0.004578494 0.999694752
5915. -0.481150400 0.131609991 -0.171487869 0.001442237 0.024243172 -0.004571953 0.999694596
5916. -0.481114233 0.131698022 -0.171489582 0.001463338 0.024235938 -0.004598077 0.999694621
5917. -0.481155593 0.131708490 -0.171579089 0.001466921 0.024240279 -0.004603339 0.999694486
5918. -0.481195931 0.131696190 -0.171645121 0.001462231 0.024251540 -0.004582018 0.999694318
5919. -0.481228477 0.131687565 -0.171645192 0.001460122 0.024263181 -0.004582191 0.999694038
5920. -0.481310931 0.131653359 -0.171709855 0.001448586 0.024278351 -0.004561031 0.999693783
5921. -0.481197606 0.131653500 -0.171623617 0.001455056 0.024250994 -0.004575221 0.999694373
5922. -0.481233561 0.131648549 -0.171665983 0.001448402 0.024263525 -0.004577572 0.999694068
5923. -0.481245096 0.131684182 -0.171694115 0.001448628 0.024266233 -0.004577804 0.999694001
5924. -0.481284870 0.131643951 -0.171770018 0.001436839 0.024269491 -0.004575893 0.999693947
5925. -0.481228805 0.131743156 -0.171715213 0.001476098 0.024259060 -0.004587339 0.999694091
5926. -0.481185793 0.131718637 -0.171724759 0.001464548 0.024246901 -0.004601205 0.999694339
5927. -0.481237006 0.131728030 -0.171731304 0.001466048 0.024261060 -0.004606372 0.999693970
5928. -0.481204985 0.131740641 -0.171723878 0.001468941 0.024257681 -0.004607489 0.999694042
5929. -0.481181351 0.131735123 -0.171730670 0.001466185 0.024247146 -0.004612931 0.999694277
5930. -0.481122932 0.131774901 -0.171628785 0.001481836 0.024239315 -0.004627098 0.999694378
5931. -0.481017947 0.131678722 -0.171494834 0.001455176 0.024220573 -0.004599896 0.999694997
5932. -0.481075689 0.131745925 -0.171581703 0.001470305 0.024228990 -0.004625620 0.999694652
5933. -0.481118908 0.131696897 -0.171636373 0.001458367 0.024238473 -0.004602839 0.999694545
5934. -0.481077887 0.131702366 -0.171608013 0.001460388 0.024222331 -0.004594211 0.999694973
5935. -0.481058219 0.131729198 -0.171614043 0.001465537 0.024216779 -0.004605655 0.999695047
5936. -0.481081405 0.131729117 -0.171552359 0.001472168 0.024234991 -0.004604591 0.999694601
5937. -0.481064301 0.131697679 -0.171541004 0.001461332 0.024229657 -0.004607664 0.999694732
5938. -0.481058823 0.131692357 -0.171502128 0.001459847 0.024229371 -0.004607766 0.999694741
5939. -0.481149343 0.131682212 -0.171634679 0.001462124 0.024245356 -0.004598408 0.999694393
5940. -0.481159704 0.131678738 -0.171640135 0.001462214 0.024251346 -0.004601619 0.999694233
5941. -0.481049889 0.131729271 -0.171505854 0.001478250 0.024228751 -0.004618620 0.999694679
5942. -0.481093859 0.131695241 -0.171531641 0.001469026 0.024235206 -0.004594714 0.999694646
5943. -0.481120545 0.131713543 -0.171597152 0.001468654 0.024240415 -0.004602437 0.999694485
5944. -0.481106650 0.131697288 -0.171568679 0.001464298 0.024232468 -0.004595548 0.999694716
5945. -0.481183865 0.131729287 -0.171658904 0.001467584 0.024238298 -0.004618079 0.999694466
5946. -0.481089477 0.131708417 -0.171510323 0.001466105 0.024223857 -0.004585095 0.999694970
5947. -0.481085916 0.131742962 -0.171516875 0.001473012 0.024222365 -0.004588134 0.999694982
5948. -0.481076847 0.131702798 -0.171490284 0.001466165 0.024222245 -0.004586902 0.999695000
5949. -0.481112708 0.131752911 -0.171510481 0.001481642 0.024231312 -0.004611583 0.999694644
5950. -0.481153130 0.131786504 -0.171595872 0.001492344 0.024246615 -0.004610180 0.999694264
5951. -0.481150582 0.131770546 -0.171633090 0.001484770 0.024236668 -0.004623925 0.999694453
5952. -0.481121111 0.131760492 -0.171537162 0.001483467 0.024233100 -0.004620837 0.999694555
5953. -0.481139511 0.131751908 -0.171572267 0.001479825 0.024239694 -0.004611273 0.999694445
5954. -0.481107068 0.131738060 -0.171511969 0.001476997 0.024233315 -0.004626952 0.999694531
5955. -0.481137607 0.131735321 -0.171559079 0.001471867 0.024234686 -0.004632105 0.999694482
5956. -0.481182885 0.131710589 -0.171658878 0.001469968 0.024245022 -0.004608290 0.999694344
5957. -0.481229801 0.131782472 -0.171770592 0.001487288 0.024249975 -0.004626937 0.999694112
5958. -0.481164581 0.131774265 -0.171702985 0.001480913 0.024235603 -0.004620805 0.999694499
5959. -0.481160011 0.131801222 -0.171748240 0.001490834 0.024233327 -0.004630158 0.999694496
5960. -0.481173577 0.131756786 -0.171732919 0.001476348 0.024240577 -0.004618544 0.999694395
5961. -0.481138809 0.131772146 -0.171725257 0.001475722 0.024229577 -0.004619732 0.999694657
5962. -0.481094950 0.131764283 -0.171696440 0.001468903 0.024226208 -0.004615394 0.999694769
5963. -0.481019291 0.131731077 -0.171556554 0.001461537 0.024212157 -0.004630742 0.999695049
5964. -0.481010853 0.131735413 -0.171558272 0.001461774 0.024209041 -0.004612844 0.999695207
5965. -0.481005125 0.131774785 -0.171550320 0.001470193 0.024204458 -0.004623678 0.999695256
5966. -0.481003940 0.131810550 -0.171560372 0.001483087 0.024203595 -0.004637600 0.999695193
5967. -0.481021467 0.131779712 -0.171587525 0.001472567 0.024209963 -0.004644517 0.999695022
5968. -0.481031332 0.131737408 -0.171585221 0.001455736 0.024212790 -0.004625896 0.999695065
5969. -0.481132114 0.131788172 -0.171682918 0.001478163 0.024242267 -0.004646096 0.999694224
5970. -0.481172921 0.131724752 -0.171721763 0.001461544 0.024250612 -0.004625011 0.999694144
5971. -0.481149395 0.131733263 -0.171681304 0.001459883 0.024241208 -0.004629240 0.999694355
5972. -0.481199273 0.131733792 -0.171785005 0.001461269 0.024245683 -0.004645731 0.999694168
5973. -0.481114384 0.131783305 -0.171699616 0.001478772 0.024230348 -0.004657959 0.999694457
5974. -0.481016872 0.131793467 -0.171599544 0.001486301 0.024202573 -0.004678098 0.999695024
5975. -0.481140293 0.131750826 -0.171732177 0.001463028 0.024228442 -0.004657830 0.999694527
5976. -0.481186222 0.131769766 -0.171720909 0.001477507 0.024247207 -0.004670122 0.999693993
5977. -0.481119817 0.131735054 -0.171632936 0.001468006 0.024232787 -0.004650646 0.999694448
5978. -0.481245355 0.131729951 -0.171768844 0.001456746 0.024255304 -0.004632483 0.999694002
5979. -0.481197769 0.131679028 -0.171743967 0.001445067 0.024250073 -0.004617637 0.999694215
5980. -0.481215211 0.131701160 -0.171731516 0.001453756 0.024251618 -0.004618309 0.999694162
5981. -0.481194162 0.131697685 -0.171718118 0.001455052 0.024246022 -0.004614340 0.999694314
5982. -0.481133152 0.131706809 -0.171643072 0.001458715 0.024232526 -0.004634972 0.999694540
5983. -0.481148271 0.131731392 -0.171677992 0.001464650 0.024235470 -0.004639085 0.999694441
5984. -0.481148249 0.131692956 -0.171677733 0.001452855 0.024231219 -0.004655665 0.999694484
5985. -0.481139601 0.131655028 -0.171669268 0.001438814 0.024224647 -0.004633195 0.999694768
5986. -0.481139404 0.131684212 -0.171686302 0.001443041 0.024225617 -0.004654694 0.999694639
5987. -0.481207969 0.131743417 -0.171776614 0.001461574 0.024237747 -0.004651827 0.999694331
5988. -0.481013307 0.131685599 -0.171527398 0.001440824 0.024193934 -0.004649064 0.999695436
5989. -0.481045885 0.131694053 -0.171564963 0.001445173 0.024207856 -0.004640875 0.999695130
5990. -0.481106585 0.131692599 -0.171617081 0.001451102 0.024224433 -0.004633591 0.999694754
5991. -0.481085851 0.131805326 -0.171556013 0.001485252 0.024221791 -0.004663131 0.999694630
5992. -0.480992191 0.131758804 -0.171465674 0.001467455 0.024193123 -0.004665293 0.999695341
5993. -0.481088407 0.131644924 -0.171513462 0.001428912 0.024221141 -0.004616479 0.999694945
5994. -0.481060443 0.131668160 -0.171554785 0.001433197 0.024205902 -0.004620112 0.999695291
5995. -0.481149683 0.131639696 -0.171639537 0.001419847 0.024231146 -0.004629650 0.999694654
5996. -0.481154608 0.131592458 -0.171605189 0.001415177 0.024230872 -0.004639164 0.999694624
5997. -0.481164618 0.131601973 -0.171572974 0.001415658 0.024237519 -0.004622188 0.999694540
5998. -0.481143464 0.131630744 -0.171605549 0.001427470 0.024229898 -0.004620238 0.999694717
5999. -0.481129570 0.131604737 -0.171619273 0.001416831 0.024227159 -0.004621254 0.999694794
6000. -0.481113057 0.131611289 -0.171552983 0.001415701 0.024225088 -0.004620183 0.999694851
6001. -0.481148230 0.131585622 -0.171541519 0.001401773 0.024230035 -0.004601399 0.999694837
6002. -0.481105892 0.131610725 -0.171549837 0.001414035 0.024226645 -0.004608230 0.999694871
6003. -0.481060723 0.131629753 -0.171504127 0.001426484 0.024212511 -0.004611305 0.999695181
6004. -0.480996621 0.131632122 -0.171431704 0.001430751 0.024205966 -0.004610748 0.999695336
6005. -0.481014140 0.131671915 -0.171515675 0.001436916 0.024202355 -0.004621544 0.999695365
6006. -0.480966109 0.131677209 -0.171446979 0.001434440 0.024189942 -0.004625650 0.999695650
6007. -0.481065868 0.131682163 -0.171612390 0.001432574 0.024215627 -0.004606709 0.999695118
6008. -0.481093848 0.131643597 -0.171624311 0.001424679 0.024216840 -0.004600157 0.999695130
6009. -0.481138446 0.131594862 -0.171637349 0.001401919 0.024233477 -0.004594907 0.999694783
6010. -0.481164124 0.131627358 -0.171678017 0.001409675 0.024238235 -0.004613845 0.999694570
6011. -0.481157858 0.131669959 -0.171650102 0.001422923 0.024237741 -0.004630783 0.999694485
6012. -0.481111619 0.131683192 -0.171562538 0.001427483 0.024219438 -0.004640212 0.999694878
6013. -0.481096457 0.131665074 -0.171600177 0.001426836 0.024218260 -0.004638423 0.999694916
6014. -0.481198497 0.131613499 -0.171634073 0.001402978 0.024242371 -0.004622466 0.999694439
6015. -0.481163282 0.131638522 -0.171603501 0.001409694 0.024240699 -0.004625468 0.999694456
6016. -0.481150248 0.131631666 -0.171598931 0.001414292 0.024237136 -0.004606852 0.999694622
6017. -0.481090771 0.131677564 -0.171562445 0.001426643 0.024223214 -0.004630285 0.999694834
6018. -0.481127906 0.131655900 -0.171638544 0.001415402 0.024235533 -0.004615082 0.999694622
6019. -0.481061600 0.131723120 -0.171607112 0.001437421 0.024213700 -0.004650059 0.999694957
6020. -0.481006991 0.131677703 -0.171497062 0.001422418 0.024204861 -0.004613742 0.999695361
6021. -0.481067527 0.131608869 -0.171556684 0.001400821 0.024216737 -0.004607459 0.999695133
6022. -0.481019179 0.131668514 -0.171436291 0.001426110 0.024209014 -0.004621398 0.999695220
6023. -0.481017538 0.131677816 -0.171457526 0.001427275 0.024203484 -0.004626264 0.999695330
6024. -0.481025666 0.131675931 -0.171385985 0.001428181 0.024199400 -0.004627356 0.999695422
6025. -0.480996005 0.131680704 -0.171339097 0.001427233 0.024201305 -0.004636925 0.999695333
6026. -0.481076486 0.131589914 -0.171409356 0.001404306 0.024219094 -0.004596185 0.999695123
6027. -0.481074385 0.131693565 -0.171436705 0.001436648 0.024217462 -0.004617344 0.999695019
6028. -0.481057121 0.131681565 -0.171425293 0.001436108 0.024214646 -0.004605033 0.999695145
6029. -0.480959253 0.131711599 -0.171326276 0.001445369 0.024189347 -0.004633565 0.999695612
6030. -0.480992185 0.131695990 -0.171384903 0.001448179 0.024194681 -0.004626257 0.999695513
6031. -0.481060038 0.131670625 -0.171482065 0.001439103 0.024203683 -0.004626825 0.999695305
6032. -0.481080687 0.131695236 -0.171528375 0.001447227 0.024207475 -0.004650321 0.999695093
6033. -0.481130310 0.131694106 -0.171560612 0.001439511 0.024216642 -0.004653875 0.999694865
6034. -0.481080572 0.131667572 -0.171519807 0.001437642 0.024210646 -0.004648034 0.999695040
6035. -0.481115732 0.131689252 -0.171531622 0.001438509 0.024213889 -0.004667843 0.999694868
6036. -0.481071047 0.131743165 -0.171472418 0.001453628 0.024210232 -0.004673877 0.999694907
6037. -0.481065857 0.131696197 -0.171460777 0.001444037 0.024211678 -0.004662398 0.999694939
6038. -0.481000139 0.131726909 -0.171426022 0.001452108 0.024197126 -0.004663173 0.999695276
6039. -0.481012082 0.131711195 -0.171459964 0.001449616 0.024195747 -0.004642167 0.999695411
6040. -0.481007514 0.131712250 -0.171431214 0.001450539 0.024189666 -0.004647087 0.999695534
6041. -0.480957908 0.131748428 -0.171448223 0.001470036 0.024176169 -0.004658183 0.999695780
6042. -0.481346901 0.131787045 -0.171817101 0.001479346 0.024278914 -0.004642518 0.999693349
6043. -0.481296678 0.131778201 -0.171807437 0.001476185 0.024265028 -0.004653552 0.999693640
6044. -0.481317549 0.131962534 -0.171784766 0.001541416 0.024281400 -0.004728726 0.999692791
6045. -0.481231349 0.131908278 -0.171712792 0.001520558 0.024256913 -0.004719060 0.999693463
6046. -0.481315276 0.131945155 -0.171756467 0.001528561 0.024287002 -0.004710932 0.999692759
6047. -0.481339015 0.131861897 -0.171764208 0.001513960 0.024286942 -0.004692349 0.999692870
6048. -0.481281108 0.131907090 -0.171663003 0.001531192 0.024278446 -0.004702017 0.999693005
6049. -0.481257479 0.131842629 -0.171641716 0.001516709 0.024269401 -0.004691827 0.999693294
6050. -0.481257409 0.131876367 -0.171683951 0.001520602 0.024268687 -0.004682832 0.999693348
6051. -0.481297396 0.131855535 -0.171716780 0.001516230 0.024275822 -0.004682628 0.999693182
6052. -0.481272548 0.131849795 -0.171686532 0.001514441 0.024271206 -0.004683443 0.999693293
6053. -0.481307853 0.131883368 -0.171730664 0.001521306 0.024281183 -0.004675921 0.999693076
6054. -0.481333541 0.131850178 -0.171801488 0.001516314 0.024278819 -0.004664012 0.999693196
6055. -0.481417161 0.131856391 -0.171895915 0.001518009 0.024302336 -0.004657496 0.999692653
6056. -0.481294589 0.131901138 -0.171675916 0.001530000 0.024278639 -0.004679094 0.999693109
6057. -0.481276296 0.131937544 -0.171674048 0.001539139 0.024272843 -0.004698621 0.999693144
6058. -0.481188543 0.131951622 -0.171623576 0.001539441 0.024245311 -0.004708259 0.999693767
6059. -0.481243694 0.131938018 -0.171643974 0.001531662 0.024262699 -0.004675321 0.999693511
6060. -0.481160993 0.131979518 -0.171516057 0.001546696 0.024242697 -0.004719035 0.999693768
6061. -0.481184925 0.131950985 -0.171562556 0.001542676 0.024246056 -0.004713038 0.999693721
6062. -0.481150856 0.132036937 -0.171560112 0.001555970 0.024229777 -0.004728928 0.999694020
6063. -0.481205045 0.131974797 -0.171598772 0.001538990 0.024243394 -0.004714122 0.999693786
6064. -0.481212968 0.131975837 -0.171623542 0.001539180 0.024249553 -0.004690297 0.999693749
6065. -0.481179127 0.132009637 -0.171637723 0.001544622 0.024239820 -0.004716363 0.999693854
6066. -0.481197200 0.131973211 -0.171684350 0.001536392 0.024244038 -0.004708612 0.999693801
6067. -0.481183556 0.131979202 -0.171611400 0.001542543 0.024244780 -0.004707567 0.999693778
6068. -0.481146557 0.132024605 -0.171586166 0.001552531 0.024235582 -0.004712923 0.999693960
6069. -0.481206463 0.131981216 -0.171662479 0.001531607 0.024246832 -0.004729793 0.999693640
6070. -0.481357636 0.131990427 -0.171872385 0.001551539 0.024292661 -0.004615026 0.999693033
6071. -0.481089619 0.131915239 -0.171658837 0.001543351 0.024225876 -0.004587568 0.999694793
6072. -0.481092331 0.131937984 -0.171691269 0.001544190 0.024227836 -0.004582060 0.999694769
6073. -0.481135465 0.131966696 -0.171776427 0.001536823 0.024243406 -0.004603888 0.999694303
6074. -0.481100190 0.131975635 -0.171737188 0.001539148 0.024227788 -0.004639031 0.999694516
6075. -0.481119462 0.132043991 -0.171854581 0.001550955 0.024228863 -0.004684179 0.999694261
6076. -0.481131178 0.132033905 -0.171878790 0.001549280 0.024231093 -0.004669760 0.999694277
6077. -0.481163258 0.132072165 -0.171811927 0.001553180 0.024254016 -0.004676411 0.999693684
6078. -0.481179487 0.132185825 -0.171733018 0.001589778 0.024248166 -0.004753310 0.999693406
6079. -0.481251939 0.132280989 -0.171457715 0.001621863 0.024264120 -0.004737759 0.999693041
6080. -0.481263940 0.132257861 -0.171299271 0.001615112 0.024284056 -0.004762313 0.999692451
6081. -0.481238699 0.132253660 -0.171209980 0.001604014 0.024281454 -0.004789475 0.999692402
6082. -0.481210400 0.132314901 -0.171274371 0.001619990 0.024272140 -0.004784875 0.999692625
6083. -0.481065302 0.132198769 -0.171084630 0.001603822 0.024243709 -0.004736666 0.999693570
6084. -0.481008079 0.132144304 -0.170931882 0.001594078 0.024229204 -0.004716271 0.999694034
6085. -0.481067801 0.132244974 -0.171098903 0.001619338 0.024230983 -0.004750362 0.999693789
6086. -0.481163725 0.132271097 -0.171183341 0.001614407 0.024254784 -0.004776432 0.999693095
6087. -0.481145378 0.132269986 -0.171159735 0.001621077 0.024261025 -0.004745838 0.999693079
6088. -0.481163441 0.132235849 -0.171146117 0.001611731 0.024263653 -0.004740566 0.999693055
6089. -0.481160904 0.132271364 -0.171101729 0.001620034 0.024263063 -0.004753673 0.999692994
6090. -0.481226103 0.132289081 -0.171235296 0.001619416 0.024274482 -0.004739782 0.999692784
6091. -0.481128417 0.132259979 -0.171038677 0.001616268 0.024257716 -0.004737925 0.999693204
6092. -0.481142092 0.132292397 -0.171191062 0.001620754 0.024254065 -0.004745537 0.999693250
6093. -0.481173998 0.132073547 -0.171174747 0.001571028 0.024266119 -0.004709303 0.999693208
6094. -0.481075105 0.132082012 -0.171113743 0.001570796 0.024248498 -0.004700885 0.999693675
6095. -0.481216422 0.132102871 -0.171324132 0.001575031 0.024270583 -0.004693605 0.999693167
6096. -0.481060304 0.132030609 -0.171208203 0.001569412 0.024229054 -0.004704830 0.999694130
6097. -0.481068557 0.132068483 -0.171222261 0.001574010 0.024224660 -0.004740191 0.999694063
6098. -0.481060294 0.132048412 -0.171204891 0.001569596 0.024221966 -0.004747393 0.999694101
6099. -0.480978604 0.132003165 -0.171041602 0.001574275 0.024207065 -0.004745658 0.999694463
6100. -0.480944273 0.131995134 -0.171077576 0.001568902 0.024194574 -0.004727961 0.999694857
6101. -0.481052681 0.132032907 -0.171174821 0.001576157 0.024214574 -0.004757252 0.999694223
6102. -0.481034020 0.132001847 -0.171129125 0.001567794 0.024207980 -0.004754332 0.999694409
6103. -0.481052701 0.132011330 -0.171197649 0.001565841 0.024212012 -0.004767534 0.999694252
6104. -0.481011110 0.131984950 -0.171176077 0.001561243 0.024207995 -0.004747888 0.999694450
6105. -0.481106485 0.132026644 -0.171226815 0.001569642 0.024214323 -0.004774694 0.999694156
6106. -0.481003691 0.131922435 -0.171106182 0.001545261 0.024206322 -0.004726385 0.999694617
6107. -0.481076528 0.131999370 -0.171209000 0.001557539 0.024216381 -0.004757204 0.999694208
6108. -0.481047958 0.132000270 -0.171101850 0.001561364 0.024220478 -0.004755243 0.999694112
6109. -0.481195140 0.132026031 -0.171336379 0.001578362 0.024247813 -0.004745822 0.999693468
6110. -0.481153547 0.132027780 -0.171269665 0.001569136 0.024231837 -0.004739796 0.999693898
6111. -0.481186494 0.132088098 -0.171369557 0.001586985 0.024238091 -0.004753887 0.999693652
6112. -0.481088338 0.132010681 -0.171165696 0.001564137 0.024224346 -0.004752225 0.999694029
6113. -0.481140292 0.131993031 -0.171333344 0.001560183 0.024232389 -0.004737680 0.999693909
6114. -0.481123980 0.132000330 -0.171327495 0.001564974 0.024222578 -0.004743965 0.999694109
6115. -0.481179590 0.131992803 -0.171318691 0.001565993 0.024246434 -0.004730251 0.999693594
6116. -0.481167560 0.132034138 -0.171284235 0.001581422 0.024238641 -0.004753308 0.999693650
6117. -0.481183161 0.132102753 -0.171370273 0.001584723 0.024235179 -0.004768641 0.999693655
6118. -0.481115712 0.131996836 -0.171153729 0.001556120 0.024233922 -0.004737964 0.999693877
6119. -0.481142612 0.131988196 -0.171259222 0.001563265 0.024235752 -0.004738458 0.999693819
6120. -0.481098208 0.132019593 -0.171207658 0.001565607 0.024230547 -0.004754539 0.999693865
6121. -0.481178796 0.132048576 -0.171364000 0.001580997 0.024240248 -0.004749219 0.999693631
6122. -0.481114694 0.132041658 -0.171302682 0.001579777 0.024225001 -0.004746988 0.999694013
6123. -0.481260056 0.132102266 -0.171397907 0.001584556 0.024269149 -0.004769854 0.999692826
6124. -0.481219918 0.132115087 -0.171367740 0.001590021 0.024260108 -0.004755808 0.999693104
6125. -0.481099302 0.132081054 -0.171235883 0.001585225 0.024228404 -0.004785724 0.999693737
6126. -0.481218230 0.132074215 -0.171361384 0.001586986 0.024258868 -0.004776591 0.999693039
6127. -0.481143983 0.132058793 -0.171233654 0.001580638 0.024241525 -0.004766651 0.999693518
6128. -0.481214807 0.132085773 -0.171379597 0.001575151 0.024249271 -0.004775332 0.999693297
6129. -0.481093705 0.132093848 -0.171312581 0.001587432 0.024220278 -0.004774224 0.999693986
6130. -0.481060389 0.132074083 -0.171260985 0.001577575 0.024214355 -0.004780652 0.999694114
6131. -0.481053308 0.132091742 -0.171247974 0.001589914 0.024214250 -0.004783386 0.999694084
6132. -0.480977080 0.132068798 -0.171211053 0.001585610 0.024198068 -0.004766300 0.999694564
6133. -0.481066646 0.132042188 -0.171345982 0.001584972 0.024208919 -0.004758007 0.999694342
6134. -0.481017256 0.132052550 -0.171217683 0.001592857 0.024199580 -0.004771322 0.999694492
6135. -0.481011975 0.132012325 -0.171193497 0.001584335 0.024198964 -0.004735673 0.999694690
6136. -0.481059940 0.132027339 -0.171245896 0.001585391 0.024208126 -0.004741367 0.999694440
6137. -0.481089663 0.132026195 -0.171287487 0.001575857 0.024220127 -0.004731053 0.999694213
6138. -0.481001707 0.131965405 -0.171184157 0.001559573 0.024209334 -0.004715521 0.999694573
6139. -0.480914013 0.131985387 -0.171117236 0.001569903 0.024187074 -0.004722040 0.999695065
6140. -0.480989926 0.132032411 -0.171190478 0.001574569 0.024197793 -0.004748906 0.999694671
6141. -0.481048506 0.131987713 -0.171242785 0.001556230 0.024210631 -0.004736209 0.999694449
6142. -0.481107346 0.132026499 -0.171336601 0.001573507 0.024225299 -0.004749534 0.999694004
6143. -0.481077834 0.131986981 -0.171285161 0.001571197 0.024228456 -0.004706643 0.999694134
6144. -0.481117093 0.131966021 -0.171343321 0.001554222 0.024229027 -0.004721408 0.999694077
6145. -0.481079632 0.131937485 -0.171276688 0.001545301 0.024224007 -0.004710367 0.999694264
6146. -0.481148132 0.131985480 -0.171442931 0.001557201 0.024230890 -0.004725054 0.999694010
6147. -0.481037048 0.131996875 -0.171216615 0.001563497 0.024215752 -0.004752133 0.999694238
6148. -0.481038385 0.131999853 -0.171049222 0.001557546 0.024222874 -0.004763504 0.999694021
6149. -0.481067362 0.132019541 -0.171184057 0.001556763 0.024231417 -0.004747320 0.999693892
6150. -0.481008595 0.132071117 -0.171039133 0.001571164 0.024218971 -0.004784006 0.999693996
6151. -0.481021914 0.132118809 -0.171073415 0.001574328 0.024224979 -0.004776523 0.999693882
6152. -0.481020229 0.132084524 -0.171075328 0.001570510 0.024219542 -0.004769011 0.999694055
6153. -0.481022875 0.132147143 -0.171071438 0.001586553 0.024227094 -0.004762153 0.999693879
6154. -0.481022819 0.132055627 -0.171027813 0.001560063 0.024226983 -0.004757584 0.999693946
6155. -0.481022438 0.132090467 -0.171043574 0.001570296 0.024226234 -0.004762839 0.999693923
6156. -0.481051632 0.132046637 -0.171073806 0.001556422 0.024239436 -0.004735514 0.999693754
6157. -0.481011755 0.132015847 -0.171016015 0.001550972 0.024231631 -0.004733607 0.999693961
6158. -0.481092489 0.132088579 -0.171140615 0.001571250 0.024250427 -0.004727943 0.999693500
6159. -0.481125925 0.132058025 -0.171241051 0.001568291 0.024254043 -0.004700553 0.999693546
6160. -0.481068732 0.132013816 -0.171160553 0.001576654 0.024243885 -0.004685221 0.999693852
6161. -0.481105150 0.132040968 -0.171330968 0.001574681 0.024245178 -0.004701163 0.999693749
6162. -0.481106046 0.132030375 -0.171300642 0.001573347 0.024243248 -0.004692257 0.999693839
6163. -0.481093637 0.132064317 -0.171244109 0.001579551 0.024240932 -0.004720205 0.999693754
6164. -0.481146538 0.132092879 -0.171370929 0.001594263 0.024251070 -0.004699178 0.999693584
6165. -0.481139945 0.132038236 -0.171296357 0.001579031 0.024259450 -0.004681413 0.999693488
6166. -0.481110221 0.132004707 -0.171190481 0.001571471 0.024255513 -0.004671917 0.999693640
6167. -0.481143823 0.132033902 -0.171273688 0.001579377 0.024259932 -0.004673502 0.999693513
6168. -0.481202269 0.132074626 -0.171380014 0.001584878 0.024263429 -0.004721705 0.999693193
6169. -0.481324818 0.132076508 -0.171543831 0.001573658 0.024285606 -0.004709978 0.999692727
6170. -0.481337985 0.131994477 -0.171569381 0.001550505 0.024290445 -0.004690668 0.999692737
6171. -0.481283564 0.132042425 -0.171472134 0.001556121 0.024272751 -0.004714079 0.999693048
6172. -0.481350497 0.132000898 -0.171590662 0.001545485 0.024292854 -0.004661971 0.999692820
6173. -0.481378849 0.132101715 -0.171681722 0.001580473 0.024293778 -0.004702933 0.999692551
6174. -0.481383352 0.132118618 -0.171720839 0.001578684 0.024298252 -0.004699500 0.999692461
6175. -0.481420596 0.132159056 -0.171686031 0.001594213 0.024304455 -0.004713816 0.999692219
6176. -0.481365655 0.132073095 -0.171674890 0.001561249 0.024294287 -0.004708715 0.999692542
6177. -0.481448830 0.132152576 -0.171812081 0.001573254 0.024321508 -0.004676323 0.999692013
6178. -0.481560829 0.132187161 -0.171909504 0.001577785 0.024340668 -0.004697628 0.999691440
6179. -0.481518786 0.132204667 -0.171852349 0.001573961 0.024330303 -0.004700443 0.999691685
6180. -0.481445792 0.132128031 -0.171705122 0.001569728 0.024322750 -0.004691725 0.999691916
6181. -0.481566893 0.132142186 -0.171908439 0.001562074 0.024342236 -0.004682769 0.999691496
6182. -0.481562964 0.132205831 -0.171878996 0.001578341 0.024339856 -0.004683001 0.999691527
6183. -0.481560958 0.132214917 -0.171831031 0.001580656 0.024341032 -0.004689368 0.999691465
6184. -0.481592744 0.132140686 -0.171822528 0.001569035 0.024352078 -0.004681401 0.999691252
6185. -0.481695321 0.132211431 -0.172071254 0.001573552 0.024361315 -0.004696760 0.999690948
6186. -0.481510756 0.132160009 -0.171876592 0.001574818 0.024324169 -0.004678475 0.999691936
6187. -0.481292447 0.132000846 -0.171480315 0.001555563 0.024291755 -0.004664611 0.999692819
6188. -0.481282289 0.132051118 -0.171588313 0.001567137 0.024281649 -0.004679771 0.999692976
6189. -0.481329976 0.131989154 -0.171697138 0.001557146 0.024296836 -0.004635098 0.999692830
6190. -0.481360715 0.132000272 -0.171695396 0.001554643 0.024301402 -0.004656664 0.999692623
6191. -0.481327144 0.132045680 -0.171734667 0.001568319 0.024292101 -0.004679704 0.999692720
6192. -0.481429609 0.132000366 -0.171810468 0.001549564 0.024327813 -0.004672969 0.999691912
6193. -0.481449616 0.132054729 -0.171788908 0.001555372 0.024329591 -0.004678335 0.999691835
6194. -0.481392629 0.132065173 -0.171722483 0.001563377 0.024315767 -0.004680530 0.999692149
6195. -0.481362428 0.132028789 -0.171606277 0.001553351 0.024323487 -0.004636840 0.999692180
6196. -0.481346641 0.132032405 -0.171686966 0.001550111 0.024308770 -0.004653651 0.999692465
6197. -0.481352380 0.132106250 -0.171626556 0.001565748 0.024307720 -0.004687671 0.999692307
6198. -0.481475558 0.132137641 -0.171811800 0.001568507 0.024340598 -0.004685602 0.999691513
6199. -0.481387503 0.132085555 -0.171779055 0.001564444 0.024313100 -0.004687327 0.999692180
6200. -0.481437436 0.132133593 -0.171791591 0.001580531 0.024328549 -0.004692890 0.999691753
6201. -0.481339086 0.132156239 -0.171668442 0.001576911 0.024303993 -0.004723269 0.999692213
6202. -0.481337880 0.132164072 -0.171713355 0.001582944 0.024301760 -0.004712992 0.999692306
6203. -0.481341490 0.132162884 -0.171728954 0.001583038 0.024300406 -0.004707281 0.999692366
6204. -0.481414979 0.132141325 -0.171726888 0.001580909 0.024324891 -0.004706315 0.999691778
6205. -0.481392358 0.132138728 -0.171693012 0.001579129 0.024311815 -0.004720874 0.999692030
6206. -0.481334987 0.132107310 -0.171655182 0.001576765 0.024307062 -0.004701654 0.999692240
6207. -0.481389998 0.132098900 -0.171686525 0.001567348 0.024318382 -0.004717619 0.999691904
6208. -0.481408679 0.132111772 -0.171675995 0.001566957 0.024324791 -0.004719594 0.999691740
6209. -0.481390834 0.132114521 -0.171684971 0.001568748 0.024316685 -0.004730324 0.999691883
6210. -0.481336561 0.132140565 -0.171647421 0.001575987 0.024294214 -0.004725594 0.999692441
6211. -0.481375839 0.132144210 -0.171705803 0.001587583 0.024311335 -0.004705396 0.999692102
6212. -0.481350000 0.132161913 -0.171636599 0.001584266 0.024312348 -0.004734474 0.999691945
6213. -0.481306348 0.132111539 -0.171599143 0.001575129 0.024300903 -0.004703093 0.999692386
6214. -0.481353998 0.132159186 -0.171655809 0.001580536 0.024307751 -0.004717338 0.999692144
6215. -0.481288573 0.132108395 -0.171625526 0.001566728 0.024301171 -0.004694802 0.999692431
6216. -0.481272942 0.132127979 -0.171609988 0.001569575 0.024280300 -0.004710446 0.999692860
6217. -0.481296765 0.132203877 -0.171580879 0.001589194 0.024295836 -0.004721868 0.999692398
6218. -0.481327102 0.132144593 -0.171569686 0.001575023 0.024310153 -0.004715488 0.999692103
6219. -0.481277250 0.132238629 -0.171508662 0.001600592 0.024285021 -0.004732141 0.999692594
6220. -0.481319166 0.132245186 -0.171569241 0.001603281 0.024298932 -0.004726449 0.999692279
6221. -0.481269112 0.132220732 -0.171546285 0.001599964 0.024282665 -0.004734605 0.999692641
6222. -0.481234747 0.132219254 -0.171468450 0.001593198 0.024275987 -0.004721040 0.999692878
6223. -0.481243717 0.132186818 -0.171441458 0.001587224 0.024287622 -0.004717334 0.999692622
6224. -0.481223959 0.132201093 -0.171381822 0.001593981 0.024290669 -0.004707427 0.999692584
6225. -0.481188683 0.132149075 -0.171421433 0.001578771 0.024269988 -0.004721898 0.999693042
6226. -0.481204485 0.132170451 -0.171417328 0.001585676 0.024274567 -0.004729769 0.999692883
6227. -0.481171036 0.132151843 -0.171358191 0.001577281 0.024273313 -0.004716957 0.999692987
6228. -0.481118641 0.132130546 -0.171325644 0.001575896 0.024260902 -0.004721239 0.999693270
6229. -0.481169365 0.132128708 -0.171346432 0.001569812 0.024280412 -0.004717820 0.999692823
6230. -0.481206860 0.132111244 -0.171363629 0.001560814 0.024287339 -0.004713305 0.999692690
6231. -0.481173577 0.132120176 -0.171289032 0.001568214 0.024283982 -0.004699774 0.999692823
6232. -0.481208871 0.132150221 -0.171287174 0.001574345 0.024289425 -0.004715317 0.999692608
6233. -0.481153105 0.132128649 -0.171188855 0.001564845 0.024277775 -0.004719164 0.999692888
6234. -0.481236360 0.132157023 -0.171454206 0.001577288 0.024277758 -0.004722530 0.999692853
6235. -0.481278283 0.132038184 -0.171439751 0.001554607 0.024297067 -0.004674642 0.999692644
6236. -0.481261106 0.132087309 -0.171348943 0.001565886 0.024302951 -0.004679677 0.999692460
6237. -0.481252731 0.132105541 -0.171414654 0.001567526 0.024294458 -0.004736845 0.999692395
6238. -0.481231240 0.132051992 -0.171463161 0.001553320 0.024282127 -0.004726140 0.999692767
6239. -0.481220331 0.132074731 -0.171450936 0.001564131 0.024283958 -0.004715093 0.999692758
6240. -0.481259971 0.132013963 -0.171560905 0.001557594 0.024292477 -0.004691342 0.999692673
6241. -0.481287708 0.131994613 -0.171558991 0.001546579 0.024296059 -0.004717710 0.999692479
6242. -0.481273359 0.131900136 -0.171407074 0.001531562 0.024296715 -0.004704090 0.999692550
6243. -0.481298505 0.131920536 -0.171377619 0.001533670 0.024305004 -0.004744319 0.999692156
6244. -0.481301918 0.131866925 -0.171378426 0.001522729 0.024301825 -0.004723200 0.999692350
6245. -0.481293696 0.131908856 -0.171434674 0.001538949 0.024294230 -0.004743228 0.999692415
6246. -0.481311409 0.131892210 -0.171440456 0.001537695 0.024303899 -0.004728631 0.999692251
6247. -0.481549440 0.131901702 -0.171918776 0.001556677 0.024330945 -0.004757930 0.999691424
6248. -0.481593939 0.132338939 -0.172106188 0.001686165 0.024352440 -0.004783017 0.999690571
6249. -0.481604640 0.132290143 -0.172043055 0.001672763 0.024363750 -0.004776182 0.999690351
6250. -0.481604366 0.132354607 -0.172114382 0.001688669 0.024360175 -0.004799187 0.999690301
6251. -0.481547783 0.132313730 -0.171952051 0.001675557 0.024350204 -0.004796024 0.999690581
6252. -0.481538266 0.132340269 -0.172016025 0.001686365 0.024341024 -0.004811231 0.999690714
6253. -0.481577613 0.132347219 -0.172059236 0.001687103 0.024345708 -0.004809840 0.999690605
6254. -0.481563617 0.132109713 -0.171861936 0.001613169 0.024398546 -0.004712145 0.999689904
6255. -0.481474516 0.131955493 -0.171737726 0.001596776 0.024407027 -0.004786873 0.999689368
6256. -0.481483933 0.131963259 -0.171748818 0.001590153 0.024415306 -0.004793960 0.999689143
6257. -0.481548772 0.131984790 -0.171852534 0.001598067 0.024424588 -0.004828494 0.999688737
6258. -0.481551052 0.131997999 -0.171877230 0.001621477 0.024419802 -0.004848355 0.999688720
6259. -0.481669975 0.131897267 -0.172080707 0.001575296 0.024453509 -0.004819458 0.999688110
6260. -0.481686850 0.131883584 -0.172159849 0.001578848 0.024453692 -0.004797328 0.999688206
6261. -0.481688237 0.131885592 -0.172152135 0.001569624 0.024452574 -0.004813010 0.999688173
6262. -0.481679506 0.131902510 -0.172114023 0.001574292 0.024449942 -0.004852369 0.999688040
6263. -0.481665675 0.131860866 -0.172149694 0.001562730 0.024438570 -0.004821059 0.999688487
6264. -0.481651367 0.131869050 -0.172137339 0.001558927 0.024438663 -0.004818244 0.999688504
6265. -0.481656678 0.131858630 -0.172156806 0.001555406 0.024438363 -0.004843897 0.999688393
6266. -0.481669400 0.131860944 -0.172182223 0.001560120 0.024434521 -0.004830273 0.999688546
6267. -0.481687135 0.131861797 -0.172243836 0.001566895 0.024443081 -0.004855150 0.999688205
6268. -0.481668594 0.131867002 -0.172187257 0.001565875 0.024436915 -0.004850843 0.999688379
6269. -0.481673140 0.131858262 -0.172200335 0.001558293 0.024438511 -0.004835531 0.999688426
6270. -0.481694059 0.131852187 -0.172253597 0.001557772 0.024444019 -0.004817792 0.999688378
6271. -0.481706871 0.131831976 -0.172297131 0.001549764 0.024444130 -0.004830011 0.999688328
6272. -0.481670371 0.131847277 -0.172198284 0.001560862 0.024439146 -0.004844023 0.999688365
6273. -0.481700472 0.131837669 -0.172242012 0.001558833 0.024443996 -0.004814151 0.999688394
6274. -0.481636303 0.131850323 -0.172100416 0.001563986 0.024434980 -0.004814526 0.999688605
6275. -0.481643154 0.131851155 -0.172110175 0.001568261 0.024438529 -0.004824107 0.999688465
6276. -0.481621687 0.131860138 -0.172080149 0.001572475 0.024435842 -0.004814199 0.999688572
6277. -0.481602813 0.131878622 -0.172034743 0.001581817 0.024429135 -0.004809277 0.999688745
6278. -0.481608028 0.131866437 -0.172047884 0.001573356 0.024426973 -0.004817884 0.999688769
6279. -0.481602575 0.131841540 -0.172046951 0.001566920 0.024423755 -0.004821099 0.999688843
6280. -0.481512399 0.131902952 -0.171896923 0.001587765 0.024405253 -0.004826671 0.999689235
6281. -0.481526943 0.131960025 -0.171959432 0.001599069 0.024402888 -0.004844349 0.999689189
6282. -0.481546178 0.131959990 -0.171937336 0.001604825 0.024422840 -0.004813783 0.999688840
6283. -0.481531357 0.131947633 -0.171856264 0.001592558 0.024422772 -0.004808408 0.999688887
6284. -0.481571535 0.131945493 -0.171905313 0.001584051 0.024431548 -0.004815745 0.999688651
6285. -0.481566006 0.131950945 -0.171891089 0.001588664 0.024429756 -0.004814475 0.999688694
6286. -0.481580465 0.131957156 -0.171906703 0.001575865 0.024434560 -0.004821552 0.999688562
6287. -0.481540647 0.132052679 -0.171803992 0.001628666 0.024427468 -0.004872570 0.999688404
6288. -0.481558698 0.132047122 -0.171792753 0.001623617 0.024443675 -0.004863058 0.999688062
6289. -0.481589903 0.132043587 -0.171879147 0.001630965 0.024450426 -0.004863917 0.999687881
6290. -0.481563003 0.132047615 -0.171864525 0.001633274 0.024441013 -0.004860882 0.999688122
6291. -0.481690920 0.132142382 -0.172124497 0.001648785 0.024471587 -0.004872413 0.999687292
6292. -0.481649144 0.132143609 -0.172051799 0.001658247 0.024465846 -0.004861509 0.999687470
6293. -0.481657548 0.132179911 -0.172038639 0.001671833 0.024471997 -0.004879664 0.999687209
6294. -0.481707649 0.132157298 -0.172164846 0.001662468 0.024488507 -0.004866948 0.999686882
6295. -0.481728311 0.132185259 -0.172181349 0.001666885 0.024497957 -0.004900551 0.999686479
6296. -0.481620436 0.132111837 -0.172050312 0.001648654 0.024449372 -0.004824085 0.999688071
6297. -0.481595893 0.132130362 -0.172043979 0.001654109 0.024441520 -0.004833616 0.999688207
6298. -0.481611044 0.132101768 -0.172027752 0.001641022 0.024453544 -0.004835477 0.999687926
6299. -0.481634519 0.132069637 -0.172107869 0.001627849 0.024450793 -0.004840128 0.999687992
6300. -0.481622860 0.132111099 -0.172172412 0.001635916 0.024445126 -0.004839138 0.999688123
6301. -0.481610017 0.132120427 -0.172133985 0.001642827 0.024441793 -0.004834470 0.999688215
6302. -0.481602659 0.132117601 -0.172116537 0.001642891 0.024441979 -0.004832586 0.999688220
6303. -0.481662174 0.132048711 -0.172151479 0.001600723 0.024468758 -0.004832214 0.999687635
6304. -0.481630234 0.132094998 -0.172176481 0.001622565 0.024451092 -0.004842938 0.999687980
6305. -0.481628597 0.132141519 -0.172184973 0.001629698 0.024449095 -0.004850809 0.999687979
6306. -0.481641709 0.132153158 -0.172208724 0.001637329 0.024444430 -0.004846103 0.999688104
6307. -0.481590569 0.132178035 -0.172182756 0.001646573 0.024428489 -0.004860432 0.999688408
6308. -0.481608107 0.132169669 -0.172179209 0.001640928 0.024428704 -0.004849574 0.999688465
6309. -0.481588965 0.132171194 -0.172173573 0.001643001 0.024424618 -0.004860415 0.999688509
6310. -0.481617015 0.132147027 -0.172234344 0.001638190 0.024433051 -0.004856131 0.999688332
6311. -0.481633890 0.132146094 -0.172262158 0.001633089 0.024437987 -0.004858278 0.999688209
6312. -0.481613641 0.132134155 -0.172223285 0.001627676 0.024432386 -0.004880048 0.999688249
6313. -0.481605972 0.132191213 -0.172267576 0.001652083 0.024421297 -0.004887444 0.999688443
6314. -0.481600211 0.132243513 -0.172237364 0.001671596 0.024426329 -0.004914377 0.999688156
6315. -0.481624152 0.132228587 -0.172297225 0.001672815 0.024434818 -0.004901837 0.999688008
6316. -0.481633183 0.132201617 -0.172290199 0.001666535 0.024429616 -0.004889615 0.999688205
6317. -0.481651572 0.132205792 -0.172291892 0.001659892 0.024435732 -0.004894716 0.999688042
6318. -0.481639722 0.132164140 -0.172277581 0.001653519 0.024438724 -0.004868516 0.999688107
6319. -0.481639260 0.132133495 -0.172215393 0.001636492 0.024440622 -0.004873737 0.999688064
6320. -0.481568571 0.132149219 -0.172175591 0.001645088 0.024423683 -0.004866542 0.999688499
6321. -0.481637513 0.132170881 -0.172192381 0.001653774 0.024444236 -0.004861742 0.999688005
6322. -0.481650071 0.132144915 -0.172192978 0.001644677 0.024445700 -0.004865903 0.999687964
6323. -0.481666489 0.132153446 -0.172185294 0.001642339 0.024457237 -0.004860858 0.999687710
6324. -0.481645914 0.132175518 -0.172144657 0.001649318 0.024452487 -0.004863124 0.999687804
6325. -0.481628442 0.132163247 -0.172219875 0.001646492 0.024444368 -0.004886012 0.999687896
6326. -0.481563251 0.132210591 -0.171944028 0.001654336 0.024445789 -0.004875642 0.999687899
6327. -0.481601419 0.132161492 -0.172120279 0.001646255 0.024445506 -0.004874056 0.999687927
6328. -0.481573114 0.132116561 -0.172060997 0.001637658 0.024442240 -0.004856206 0.999688107
6329. -0.481574489 0.132149716 -0.172043321 0.001643357 0.024444745 -0.004868332 0.999687978
6330. -0.481597848 0.132143977 -0.172075927 0.001629905 0.024448624 -0.004875969 0.999687868
6331. -0.481574157 0.132134663 -0.172054776 0.001631488 0.024440721 -0.004883544 0.999688022
6332. -0.481573616 0.132124698 -0.172036609 0.001626261 0.024444767 -0.004881445 0.999687941
6333. -0.481541812 0.132162004 -0.172004952 0.001636640 0.024438439 -0.004886828 0.999688053
6334. -0.481589330 0.132115248 -0.172069776 0.001618620 0.024452567 -0.004889001 0.999687726
6335. -0.481566563 0.132145601 -0.172083661 0.001629131 0.024437707 -0.004886946 0.999688082
6336. -0.481556121 0.132123567 -0.172045107 0.001623796 0.024436376 -0.004887353 0.999688122
6337. -0.481551973 0.132121199 -0.172062493 0.001624459 0.024435092 -0.004865422 0.999688259
6338. -0.481584919 0.132141135 -0.172095989 0.001632458 0.024442186 -0.004864043 0.999688079
6339. -0.481590879 0.132151990 -0.172098458 0.001634153 0.024445918 -0.004880340 0.999687906
6340. -0.481624030 0.132142742 -0.172134726 0.001626708 0.024447387 -0.004885419 0.999687857
6341. -0.481623561 0.132132386 -0.172135390 0.001630078 0.024451012 -0.004860910 0.999687883
6342. -0.481620708 0.132135059 -0.172139385 0.001623400 0.024452608 -0.004889918 0.999687713
6343. -0.481648787 0.132145208 -0.172171246 0.001631786 0.024457543 -0.004867712 0.999687687
6344. -0.481597234 0.132165822 -0.172138775 0.001633929 0.024435640 -0.004899136 0.999688065
6345. -0.481599660 0.132166092 -0.172157529 0.001637405 0.024432058 -0.004881096 0.999688236
6346. -0.481626048 0.132121145 -0.172244366 0.001621626 0.024434984 -0.004884755 0.999688172
6347. -0.481579003 0.132144430 -0.172159468 0.001623492 0.024429373 -0.004911055 0.999688177
6348. -0.481582908 0.132131559 -0.172156899 0.001629835 0.024424663 -0.004888197 0.999688394
6349. -0.481625365 0.132129264 -0.172241857 0.001629918 0.024433761 -0.004876150 0.999688230
6350. -0.481607412 0.132144791 -0.172147803 0.001632232 0.024433583 -0.004884716 0.999688189
6351. -0.481621381 0.132125069 -0.172136296 0.001632166 0.024427984 -0.004882414 0.999688337
6352. -0.481641375 0.132121872 -0.172182240 0.001630642 0.024435490 -0.004871765 0.999688208
6353. -0.481590576 0.132123587 -0.172086848 0.001629960 0.024427827 -0.004879206 0.999688360
6354. -0.481611028 0.132126307 -0.172100590 0.001631893 0.024438283 -0.004878467 0.999688105
6355. -0.481661452 0.132107496 -0.172141070 0.001626693 0.024451554 -0.004857396 0.999687892
6356. -0.481667771 0.132094736 -0.172117820 0.001623525 0.024461612 -0.004862743 0.999687625
6357. -0.481673034 0.132107856 -0.172203245 0.001635861 0.024453509 -0.004850690 0.999687862
6358. -0.481670207 0.132108376 -0.172141708 0.001636553 0.024456306 -0.004838255 0.999687852
6359. -0.481715234 0.132112997 -0.172173612 0.001633671 0.024473331 -0.004838598 0.999687439
6360. -0.481761024 0.132140557 -0.172220408 0.001648936 0.024489442 -0.004837994 0.999687022
6361. -0.481740720 0.132096151 -0.172196341 0.001638759 0.024485041 -0.004799760 0.999687331
6362. -0.481722142 0.132121472 -0.172199803 0.001645263 0.024483722 -0.004841541 0.999687151
6363. -0.481727795 0.132113221 -0.172190907 0.001635134 0.024474834 -0.004841536 0.999687385
6364. -0.481758472 0.132094061 -0.172262765 0.001633307 0.024486455 -0.004841358 0.999687105
6365. -0.481663579 0.132138740 -0.172157558 0.001648795 0.024464386 -0.004847081 0.999687592
6366. -0.481700804 0.132106077 -0.172215769 0.001641112 0.024467940 -0.004815296 0.999687671
6367. -0.481659570 0.132108680 -0.172099853 0.001635727 0.024463373 -0.004839181 0.999687676
6368. -0.481667286 0.132155675 -0.172125795 0.001654370 0.024463121 -0.004829857 0.999687697
6369. -0.481690721 0.132155042 -0.172122026 0.001651291 0.024473441 -0.004838434 0.999687408
6370. -0.481631860 0.132149263 -0.172075774 0.001659952 0.024452779 -0.004823067 0.999687973
6371. -0.481600571 0.132135130 -0.172062301 0.001650070 0.024433627 -0.004829527 0.999688427
6372. -0.481609736 0.132140798 -0.172092482 0.001655076 0.024438144 -0.004801901 0.999688441
6373. -0.481583920 0.132116908 -0.172077380 0.001646254 0.024431848 -0.004818484 0.999688530
6374. -0.481614001 0.132099019 -0.172032306 0.001645606 0.024440152 -0.004814056 0.999688349
6375. -0.481568662 0.132125828 -0.171986772 0.001650391 0.024428384 -0.004830139 0.999688552
6376. -0.481554315 0.132147216 -0.171976987 0.001656430 0.024424769 -0.004845794 0.999688554
6377. -0.481604297 0.132105469 -0.172026027 0.001644813 0.024441037 -0.004838277 0.999688212
6378. -0.481556374 0.132104090 -0.171968713 0.001642788 0.024422549 -0.004834418 0.999688686
6379. -0.481575772 0.132137703 -0.172042155 0.001652172 0.024422643 -0.004832928 0.999688675
6380. -0.481553517 0.132135475 -0.172016818 0.001652291 0.024420981 -0.004842092 0.999688671
6381. -0.481542499 0.132168778 -0.171948052 0.001662907 0.024420799 -0.004828853 0.999688722
6382. -0.481529776 0.132148975 -0.171906725 0.001655218 0.024422827 -0.004824293 0.999688708
6383. -0.481526006 0.132161137 -0.171918665 0.001659284 0.024423809 -0.004836546 0.999688618
6384. -0.481574242 0.132098010 -0.172012820 0.001637601 0.024433542 -0.004817627 0.999688507
6385. -0.481549741 0.132133491 -0.171915650 0.001650936 0.024438688 -0.004809873 0.999688396
6386. -0.481569861 0.132132227 -0.171959526 0.001650029 0.024439759 -0.004823480 0.999688306
6387. -0.481507502 0.132149754 -0.171891728 0.001660053 0.024427156 -0.004831055 0.999688561
6388. -0.481502481 0.132138435 -0.171897419 0.001651152 0.024421686 -0.004826936 0.999688729
6389. -0.481524529 0.132146096 -0.171880351 0.001651144 0.024430465 -0.004844554 0.999688430
6390. -0.481500314 0.132160516 -0.171901596 0.001663644 0.024419414 -0.004830944 0.999688745
6391. -0.481558198 0.132156957 -0.172034140 0.001660575 0.024426222 -0.004825975 0.999688608
6392. -0.481563710 0.132175556 -0.172044575 0.001660242 0.024426864 -0.004836937 0.999688539
6393. -0.481553955 0.132158225 -0.172071340 0.001655296 0.024418295 -0.004843557 0.999688725
6394. -0.481538171 0.132207663 -0.172058591 0.001674713 0.024415404 -0.004847199 0.999688746
6395. -0.481544244 0.132179400 -0.172069017 0.001663851 0.024412400 -0.004832043 0.999688910
6396. -0.481581901 0.132163050 -0.172132124 0.001658059 0.024431110 -0.004845289 0.999688399
6397. -0.481524199 0.132181915 -0.172036886 0.001663496 0.024411358 -0.004866258 0.999688771
6398. -0.481583521 0.132194716 -0.172081570 0.001660392 0.024438942 -0.004851302 0.999688174
6399. -0.481639754 0.132145044 -0.172169537 0.001648674 0.024447028 -0.004836799 0.999688066
6400. -0.481620672 0.132187015 -0.172155639 0.001656924 0.024444308 -0.004843238 0.999688088
6401. -0.481593563 0.132169860 -0.172060898 0.001651887 0.024443116 -0.004851993 0.999688083
6402. -0.481607998 0.132149901 -0.172034344 0.001645433 0.024452382 -0.004843766 0.999687907
6403. -0.481595863 0.132176687 -0.172076975 0.001654040 0.024442655 -0.004856405 0.999688069
6404. -0.481592304 0.132161328 -0.172061670 0.001648312 0.024443552 -0.004864335 0.999688018
6405. -0.481653096 0.132146140 -0.172143959 0.001650534 0.024459697 -0.004850012 0.999687689
6406. -0.481645141 0.132177527 -0.172076916 0.001654897 0.024460584 -0.004856335 0.999687630
6407. -0.481666514 0.132174385 -0.172098580 0.001654421 0.024463899 -0.004859321 0.999687535
6408. -0.481693566 0.132143573 -0.172173092 0.001647257 0.024468196 -0.004855231 0.999687461
6409. -0.481656882 0.132183339 -0.172112162 0.001656953 0.024459099 -0.004864543 0.999687623
6410. -0.481717610 0.132147786 -0.172170467 0.001650472 0.024477237 -0.004836362 0.999687326
6411. -0.481671783 0.132215128 -0.172124454 0.001663968 0.024457742 -0.004892437 0.999687508
6412. -0.481736259 0.132162356 -0.172231651 0.001655823 0.024470589 -0.004861459 0.999687358
6413. -0.481715077 0.132151628 -0.172150613 0.001648684 0.024473843 -0.004845367 0.999687369
6414. -0.481685921 0.132139489 -0.172064687 0.001653726 0.024469458 -0.004839460 0.999687496
6415. -0.481708739 0.132138805 -0.172123200 0.001637028 0.024474548 -0.004874394 0.999687230
6416. -0.481727763 0.132112469 -0.172164284 0.001632331 0.024474948 -0.004862371 0.999687286
6417. -0.481618765 0.132126653 -0.172042237 0.001627325 0.024443772 -0.004873330 0.999688004
6418. -0.481671004 0.132156598 -0.172135292 0.001642661 0.024457619 -0.004879841 0.999687608
6419. -0.481696179 0.132118079 -0.172071187 0.001631521 0.024478350 -0.004849749 0.999687265
6420. -0.481738375 0.132081171 -0.172143367 0.001622869 0.024481343 -0.004846861 0.999687220
6421. -0.481729418 0.132103946 -0.172075534 0.001628820 0.024492395 -0.004834007 0.999687002
6422. -0.481706176 0.132095733 -0.172098086 0.001621586 0.024483452 -0.004846916 0.999687170
6423. -0.481714987 0.132109093 -0.172035655 0.001630998 0.024494184 -0.004843086 0.999686911
6424. -0.481732047 0.132106720 -0.172049483 0.001623185 0.024497259 -0.004849052 0.999686819
6425. -0.481691537 0.132085736 -0.172038976 0.001615070 0.024482906 -0.004863569 0.999687113
6426. -0.481694108 0.132093728 -0.172092214 0.001618087 0.024482925 -0.004847523 0.999687186
6427. -0.481663008 0.132090027 -0.172126413 0.001614513 0.024464555 -0.004861334 0.999687574
6428. -0.481664503 0.132120545 -0.172159617 0.001623251 0.024456899 -0.004875705 0.999687678
6429. -0.481674678 0.132115364 -0.172116964 0.001617633 0.024475143 -0.004884353 0.999687198
6430. -0.481635611 0.132139254 -0.172077467 0.001621715 0.024461740 -0.004898055 0.999687452
6431. -0.481679419 0.132106282 -0.172074502 0.001613088 0.024475032 -0.004862156 0.999687316
6432. -0.481642058 0.132098891 -0.172064271 0.001616422 0.024464116 -0.004851453 0.999687630
6433. -0.481680396 0.132093427 -0.172086122 0.001611218 0.024478479 -0.004858018 0.999687255
6434. -0.481683235 0.132102475 -0.172114698 0.001612246 0.024473459 -0.004861311 0.999687360
6435. -0.481690179 0.132097186 -0.172180729 0.001615262 0.024465987 -0.004851693 0.999687585
6436. -0.481633611 0.132123883 -0.172165358 0.001627746 0.024441152 -0.004871710 0.999688075
6437. -0.481607428 0.132132902 -0.172142638 0.001630727 0.024431169 -0.004862384 0.999688359
6438. -0.481582151 0.132126076 -0.172140733 0.001625051 0.024417383 -0.004874955 0.999688644
6439. -0.481606194 0.132134766 -0.172224546 0.001629122 0.024417982 -0.004857206 0.999688709
6440. -0.481573709 0.132150682 -0.172174385 0.001630893 0.024414641 -0.004871822 0.999688717
6441. -0.481578911 0.132164946 -0.172152044 0.001642652 0.024415907 -0.004870884 0.999688671
6442. -0.481573110 0.132114464 -0.172067952 0.001632258 0.024429771 -0.004849621 0.999688453
6443. -0.481569620 0.132117957 -0.172069665 0.001629446 0.024422939 -0.004851192 0.999688617
6444. -0.481615803 0.132102857 -0.172103692 0.001631104 0.024439951 -0.004829295 0.999688305
6445. -0.481619175 0.132098790 -0.172058096 0.001626916 0.024446591 -0.004818596 0.999688201
6446. -0.481555431 0.132111305 -0.172040932 0.001634151 0.024420226 -0.004828386 0.999688786
6447. -0.481519001 0.132081309 -0.171978441 0.001629018 0.024419533 -0.004839998 0.999688755
6448. -0.481589855 0.132091510 -0.172018123 0.001621375 0.024444198 -0.004820806 0.999688257
6449. -0.481539424 0.132155822 -0.171951057 0.001626150 0.024443494 -0.004829100 0.999688227
6450. -0.481634649 0.132127411 -0.172046477 0.001635916 0.024451330 -0.004812290 0.999688100
6451. -0.481589178 0.132120361 -0.172009752 0.001633404 0.024437708 -0.004808451 0.999688456
6452. -0.481633122 0.132088692 -0.172056329 0.001624178 0.024447874 -0.004794643 0.999688289
6453. -0.481584075 0.132124335 -0.171939910 0.001634716 0.024431574 -0.004801821 0.999688636
6454. -0.481620030 0.132105495 -0.172026801 0.001633512 0.024449262 -0.004777439 0.999688322
6455. -0.481569614 0.132145476 -0.171933354 0.001647381 0.024439451 -0.004812920 0.999688369
6456. -0.481596316 0.132106318 -0.171932082 0.001652787 0.024443990 -0.004806252 0.999688281
6457. -0.481531715 0.132135537 -0.171911164 0.001658693 0.024422197 -0.004802289 0.999688823
6458. -0.481546341 0.132149773 -0.171960749 0.001665128 0.024426796 -0.004810223 0.999688662
6459. -0.481533898 0.132194467 -0.171941279 0.001687808 0.024416104 -0.004846815 0.999688708
6460. -0.481500823 0.132215481 -0.171847423 0.001698017 0.024415317 -0.004892038 0.999688490
6461. -0.481558157 0.132220997 -0.171946142 0.001703932 0.024435245 -0.004929126 0.999687811
6462. -0.481563089 0.132174571 -0.172019853 0.001662736 0.024428304 -0.004856124 0.999688407
6463. -0.481559565 0.132150230 -0.172001969 0.001647743 0.024435650 -0.004883956 0.999688117
6464. -0.481510481 0.132088332 -0.171922858 0.001603905 0.024425144 -0.004970965 0.999688016
6465. -0.481386238 0.132001562 -0.171844528 0.001591785 0.024407374 -0.004921941 0.999688712
6466. -0.481380168 0.132017423 -0.171846904 0.001592265 0.024397845 -0.004911307 0.999688996
6467. -0.481378623 0.132035978 -0.171858757 0.001601832 0.024399619 -0.004935476 0.999688818
6468. -0.481383003 0.132017878 -0.171864232 0.001597378 0.024407180 -0.004917764 0.999688728
6469. -0.481383378 0.132023009 -0.171880576 0.001599367 0.024401174 -0.004936509 0.999688779
6470. -0.481380880 0.132006044 -0.171855372 0.001591811 0.024404296 -0.004933038 0.999688732
6471. -0.481387845 0.132016755 -0.171890716 0.001592071 0.024395849 -0.004926952 0.999688968
6472. -0.481390553 0.132011593 -0.171862461 0.001585637 0.024406514 -0.004931503 0.999688696
6473. -0.481381042 0.131994028 -0.171868340 0.001583956 0.024394976 -0.004906283 0.999689104
6474. -0.481379570 0.131992564 -0.171788871 0.001570919 0.024409251 -0.004911107 0.999688752
6475. -0.481374325 0.131997283 -0.171768865 0.001565653 0.024415255 -0.004904134 0.999688648
6476. -0.481374618 0.131996557 -0.171768947 0.001577186 0.024429624 -0.004897909 0.999688310
6477. -0.481703139 0.131931600 -0.172073438 0.001559803 0.024483414 -0.004801885 0.999687487
6478. -0.481775352 0.131795068 -0.171976260 0.001499662 0.024506602 -0.004806632 0.999686988
6479. -0.481802839 0.131818464 -0.172100988 0.001512880 0.024506583 -0.004810116 0.999686952
6480. -0.481817568 0.131785942 -0.172082505 0.001496743 0.024512790 -0.004804659 0.999686850
6481. -0.481838234 0.131792241 -0.172168368 0.001504979 0.024517598 -0.004803726 0.999686724
6482. -0.481791379 0.131807408 -0.172016578 0.001508727 0.024517634 -0.004788798 0.999686789
6483. -0.481806543 0.131778986 -0.171980628 0.001502153 0.024530278 -0.004784417 0.999686510
6484. -0.481841464 0.131785473 -0.172040615 0.001503265 0.024533369 -0.004782542 0.999686441
6485. -0.481834111 0.131808753 -0.172075056 0.001509511 0.024523238 -0.004804899 0.999686573
6486. -0.481849087 0.131794330 -0.172090305 0.001504620 0.024530498 -0.004814559 0.999686356
6487. -0.481845835 0.131807685 -0.172065486 0.001507178 0.024534287 -0.004825437 0.999686207
6488. -0.481857918 0.131803714 -0.172049908 0.001512890 0.024535852 -0.004819932 0.999686186
6489. -0.481860337 0.131808407 -0.172129737 0.001513366 0.024528120 -0.004827838 0.999686337
6490. -0.481929576 0.131790554 -0.172202408 0.001509798 0.024552124 -0.004816476 0.999685808
6491. -0.481912648 0.131775165 -0.172140521 0.001499145 0.024555318 -0.004802615 0.999685813
6492. -0.481911770 0.131802474 -0.172261528 0.001515270 0.024535642 -0.004825274 0.999686162
6493. -0.481848798 0.131820363 -0.172123053 0.001518068 0.024525863 -0.004819902 0.999686424
6494. -0.481874952 0.131770624 -0.172108892 0.001494681 0.024541709 -0.004800877 0.999686162
6495. -0.481849494 0.131766750 -0.172060817 0.001491924 0.024535722 -0.004810521 0.999686266
6496. -0.481859708 0.131782967 -0.172123914 0.001498689 0.024530907 -0.004821074 0.999686324
6497. -0.481866288 0.131772591 -0.172164843 0.001503428 0.024527843 -0.004800584 0.999686490
6498. -0.481886604 0.131774237 -0.172229631 0.001502351 0.024531979 -0.004825439 0.999686271
6499. -0.481869610 0.131788652 -0.172141340 0.001504343 0.024527324 -0.004807983 0.999686466
6500. -0.481879090 0.131787552 -0.172152907 0.001503918 0.024526218 -0.004822642 0.999686423
6501. -0.481845120 0.131800159 -0.172098498 0.001507374 0.024520355 -0.004824564 0.999686553
6502. -0.481841467 0.131797340 -0.172123384 0.001508869 0.024517189 -0.004822317 0.999686639
6503. -0.481853301 0.131813499 -0.172074491 0.001506838 0.024519997 -0.004832036 0.999686526
6504. -0.481838761 0.131815015 -0.172081432 0.001510785 0.024520159 -0.004829172 0.999686530
6505. -0.481830884 0.131815944 -0.172147397 0.001515685 0.024509439 -0.004821577 0.999686822
6506. -0.481696531 0.131785283 -0.171876399 0.001498155 0.024500335 -0.004830648 0.999687028
6507. -0.481676666 0.131778081 -0.171861201 0.001499157 0.024487884 -0.004809065 0.999687436
6508. -0.481656615 0.131802125 -0.171849946 0.001509878 0.024479680 -0.004802342 0.999687653
6509. -0.481636826 0.131815495 -0.171831918 0.001513003 0.024475464 -0.004818323 0.999687674
6510. -0.481644644 0.131806853 -0.171822517 0.001505834 0.024475066 -0.004824497 0.999687665
6511. -0.481655021 0.131815321 -0.171883616 0.001514591 0.024477382 -0.004825678 0.999687590
6512. -0.481673256 0.131800229 -0.171898561 0.001505613 0.024482548 -0.004823176 0.999687489
6513. -0.481675503 0.131790240 -0.171909834 0.001506210 0.024484342 -0.004813710 0.999687489
6514. -0.481681324 0.131813704 -0.171893541 0.001514923 0.024493573 -0.004819226 0.999687224
6515. -0.481656574 0.131826749 -0.171878979 0.001517612 0.024484020 -0.004836464 0.999687370
6516. -0.481676354 0.131802562 -0.171912587 0.001515319 0.024485454 -0.004819203 0.999687422
6517. -0.481631306 0.131805839 -0.171812301 0.001502154 0.024481869 -0.004826033 0.999687497
6518. -0.481656770 0.131818164 -0.171841756 0.001511464 0.024479003 -0.004812465 0.999687618
6519. -0.481632390 0.131799889 -0.171787139 0.001511267 0.024480295 -0.004830847 0.999687498
6520. -0.481624099 0.131810065 -0.171804107 0.001513670 0.024476853 -0.004845265 0.999687509
6521. -0.481639839 0.131771124 -0.171846895 0.001505743 0.024480133 -0.004826595 0.999687531
6522. -0.481668040 0.131806251 -0.171876316 0.001517613 0.024485303 -0.004843163 0.999687306
6523. -0.481549049 0.131786954 -0.171676834 0.001509085 0.024457918 -0.004825563 0.999688075
6524. -0.481614852 0.131820000 -0.171829115 0.001517112 0.024475551 -0.004826350 0.999687627
6525. -0.481605494 0.131808117 -0.171758347 0.001512587 0.024476141 -0.004832425 0.999687590
6526. -0.481619603 0.131822646 -0.171826842 0.001516655 0.024473239 -0.004852416 0.999687558
6527. -0.481593464 0.131825026 -0.171792595 0.001521034 0.024464233 -0.004846746 0.999687800
6528. -0.481573439 0.131818312 -0.171760611 0.001522912 0.024457496 -0.004815164 0.999688114
6529. -0.481609295 0.131840102 -0.171756764 0.001528732 0.024475148 -0.004832079 0.999687592
6530. -0.481576606 0.131836037 -0.171703936 0.001522775 0.024467878 -0.004827619 0.999687800
6531. -0.481566188 0.131826822 -0.171716587 0.001521015 0.024461852 -0.004827776 0.999687950
6532. -0.481578929 0.131837616 -0.171723522 0.001525252 0.024467249 -0.004826134 0.999687819
6533. -0.481611433 0.131841740 -0.171796280 0.001533559 0.024469888 -0.004822473 0.999687760
6534. -0.481600212 0.131822454 -0.171767903 0.001527013 0.024468722 -0.004826275 0.999687780
6535. -0.481619683 0.131877098 -0.171801613 0.001545402 0.024467464 -0.004849421 0.999687670
6536. -0.481595399 0.131861867 -0.171741722 0.001536718 0.024462132 -0.004827189 0.999687922
6537. -0.481650781 0.131863870 -0.171851367 0.001539823 0.024474330 -0.004842026 0.999687547
6538. -0.481670319 0.131845181 -0.171825114 0.001533327 0.024486882 -0.004843532 0.999687242
6539. -0.481620189 0.131876879 -0.171749393 0.001545873 0.024472393 -0.004845057 0.999687570
6540. -0.481615931 0.131856935 -0.171801547 0.001548383 0.024468024 -0.004844214 0.999687677
6541. -0.481585787 0.131837163 -0.171787903 0.001537765 0.024458990 -0.004849383 0.999687890
6542. -0.481569219 0.131857095 -0.171718882 0.001545222 0.024456525 -0.004846871 0.999687951
6543. -0.481555013 0.131858788 -0.171688635 0.001544656 0.024451728 -0.004841905 0.999688093
6544. -0.481550074 0.131853129 -0.171741224 0.001540815 0.024448876 -0.004856839 0.999688096
6545. -0.481559299 0.131877373 -0.171747213 0.001551071 0.024451375 -0.004856283 0.999688022
6546. -0.481511950 0.131906660 -0.171617699 0.001554425 0.024444520 -0.004841394 0.999688256
6547. -0.481557988 0.131868421 -0.171699607 0.001538105 0.024462898 -0.004854211 0.999687770
6548. -0.481520127 0.131867588 -0.171639280 0.001524559 0.024447690 -0.004847810 0.999688194
6549. -0.481547059 0.131877287 -0.171646231 0.001533726 0.024462488 -0.004835828 0.999687876
6550. -0.481575370 0.131849981 -0.171717346 0.001520864 0.024460208 -0.004852822 0.999687869
6551. -0.481544995 0.131854475 -0.171665515 0.001526535 0.024459392 -0.004852390 0.999687882
6552. -0.481601632 0.131818988 -0.171759807 0.001513618 0.024471945 -0.004834275 0.999687683
6553. -0.481600058 0.131827457 -0.171759288 0.001520612 0.024465270 -0.004830300 0.999687855
6554. -0.481559762 0.131822037 -0.171695052 0.001511406 0.024458526 -0.004849941 0.999687938
6555. -0.481606755 0.131821081 -0.171766267 0.001514693 0.024461255 -0.004843356 0.999687899
6556. -0.481565683 0.131813246 -0.171746438 0.001514164 0.024453422 -0.004848824 0.999688065
6557. -0.481541954 0.131858986 -0.171696785 0.001530026 0.024444783 -0.004853574 0.999688229
6558. -0.481610589 0.131824638 -0.171822022 0.001518963 0.024460892 -0.004854602 0.999687846
6559. -0.481576922 0.131844042 -0.171757773 0.001523353 0.024455691 -0.004856745 0.999687957
6560. -0.481603576 0.131802075 -0.171715758 0.001506072 0.024468681 -0.004857864 0.999687659
6561. -0.481624203 0.131796013 -0.171752889 0.001504051 0.024475778 -0.004855744 0.999687499
6562. -0.481608357 0.131818086 -0.171743258 0.001508826 0.024469868 -0.004870722 0.999687564
6563. -0.481597899 0.131811647 -0.171747430 0.001508842 0.024466853 -0.004867309 0.999687654
6564. -0.481659241 0.131785612 -0.171802599 0.001497211 0.024489311 -0.004844772 0.999687231
6565. -0.481649931 0.131785184 -0.171776781 0.001494124 0.024487556 -0.004862705 0.999687192
6566. -0.481650378 0.131752422 -0.171820244 0.001488807 0.024481659 -0.004849342 0.999687409
6567. -0.481673115 0.131754277 -0.171854708 0.001486140 0.024486128 -0.004862446 0.999687240
6568. -0.481654423 0.131764445 -0.171839126 0.001484745 0.024482560 -0.004883150 0.999687228
6569. -0.481655382 0.131747278 -0.171822880 0.001479283 0.024482450 -0.004881262 0.999687248
6570. -0.481691589 0.131805675 -0.171914141 0.001512277 0.024483921 -0.004878287 0.999687178
6571. -0.481626485 0.131838289 -0.171837348 0.001525358 0.024469932 -0.004880002 0.999687492
6572. -0.481650181 0.131840605 -0.171816194 0.001518156 0.024483608 -0.004877773 0.999687179
6573. -0.481638782 0.131826096 -0.171843104 0.001505928 0.024470310 -0.004876250 0.999687530
6574. -0.481616397 0.131835824 -0.171759758 0.001503396 0.024475913 -0.004884634 0.999687356
6575. -0.481644490 0.131816864 -0.171847356 0.001505362 0.024474050 -0.004879737 0.999687423
6576. -0.481634421 0.131837791 -0.171849342 0.001508841 0.024470737 -0.004884681 0.999687474
6577. -0.481608076 0.131848132 -0.171786850 0.001517810 0.024465208 -0.004888625 0.999687577
6578. -0.481617902 0.131838470 -0.171822689 0.001513002 0.024465286 -0.004880708 0.999687621
6579. -0.481630877 0.131850713 -0.171812630 0.001512404 0.024469277 -0.004887009 0.999687493
6580. -0.481631415 0.131831203 -0.171823697 0.001507354 0.024470106 -0.004865652 0.999687585
6581. -0.481637751 0.131838310 -0.171840040 0.001510336 0.024472583 -0.004867318 0.999687512
6582. -0.481613485 0.131810413 -0.171813058 0.001498340 0.024465691 -0.004866661 0.999687701
6583. -0.481567135 0.131803845 -0.171741692 0.001495094 0.024454734 -0.004874717 0.999687935
6584. -0.481600053 0.131788550 -0.171821043 0.001484956 0.024457880 -0.004876161 0.999687866
6585. -0.481615094 0.131844627 -0.171819400 0.001515110 0.024462443 -0.004873648 0.999687722
6586. -0.481626800 0.131858156 -0.171869421 0.001523513 0.024465657 -0.004875112 0.999687623
6587. -0.481630431 0.131851921 -0.171881275 0.001521063 0.024464612 -0.004870949 0.999687673
6588. -0.481568572 0.131878314 -0.171803764 0.001524141 0.024452055 -0.004863919 0.999688009
6589. -0.481578123 0.131866268 -0.171763916 0.001520018 0.024463216 -0.004861652 0.999687754
6590. -0.481620150 0.131835288 -0.171828903 0.001507067 0.024467749 -0.004848208 0.999687728
6591. -0.481680597 0.131806595 -0.171857023 0.001494960 0.024489040 -0.004859065 0.999687172
6592. -0.481581188 0.131826760 -0.171747305 0.001499026 0.024470359 -0.004858902 0.999687624
6593. -0.481598386 0.131817254 -0.171782295 0.001505643 0.024468275 -0.004837707 0.999687768
6594. -0.481598832 0.131839750 -0.171777440 0.001503123 0.024475370 -0.004845014 0.999687563
6595. -0.481578609 0.131836693 -0.171763941 0.001502763 0.024468423 -0.004836696 0.999687773
6596. -0.481581571 0.131760485 -0.171697578 0.001484598 0.024465159 -0.004829429 0.999687916
6597. -0.481613430 0.131836392 -0.171803278 0.001509304 0.024471681 -0.004841556 0.999687660
6598. -0.481567617 0.131842798 -0.171763236 0.001516036 0.024459610 -0.004849798 0.999687906
6599. -0.481558789 0.131856999 -0.171758441 0.001517519 0.024448331 -0.004841716 0.999688218
6600. -0.481501400 0.131882371 -0.171671606 0.001511872 0.024446126 -0.004849791 0.999688242
6601. -0.481549452 0.131861233 -0.171700521 0.001496902 0.024456275 -0.004876689 0.999687885
6602. -0.481558742 0.131871521 -0.171707898 0.001509346 0.024454347 -0.004882321 0.999687886
6603. -0.481556897 0.131869142 -0.171708889 0.001505277 0.024451309 -0.004876770 0.999687994
6604. -0.481543627 0.131874687 -0.171650276 0.001507656 0.024457628 -0.004845588 0.999687987
6605. -0.481589445 0.131871253 -0.171754193 0.001500709 0.024467492 -0.004862249 0.999687675
6606. -0.481534698 0.131841671 -0.171670002 0.001496070 0.024452406 -0.004852045 0.999688101
6607. -0.481572102 0.131863982 -0.171743867 0.001506750 0.024452703 -0.004871635 0.999687982
6608. -0.481586369 0.131837950 -0.171730607 0.001495970 0.024459475 -0.004863243 0.999687874
6609. -0.481596348 0.131854691 -0.171771587 0.001501354 0.024467750 -0.004840955 0.999687771
6610. -0.481633075 0.131847561 -0.171833682 0.001502148 0.024473737 -0.004848710 0.999687586
6611. -0.481656471 0.131814994 -0.171852249 0.001487115 0.024476659 -0.004840791 0.999687575
6612. -0.481575167 0.131859912 -0.171684292 0.001497679 0.024465293 -0.004849364 0.999687796
6613. -0.481583761 0.131846907 -0.171694616 0.001495943 0.024464128 -0.004843720 0.999687855
6614. -0.481611825 0.131838354 -0.171777273 0.001497945 0.024471318 -0.004840113 0.999687693
6615. -0.481573685 0.131858048 -0.171735801 0.001509458 0.024456651 -0.004861552 0.999687931
6616. -0.481569688 0.131840102 -0.171733759 0.001502301 0.024462207 -0.004850713 0.999687858
6617. -0.481616699 0.131838713 -0.171849307 0.001493566 0.024475375 -0.004844142 0.999687581
6618. -0.481620761 0.131830357 -0.171844650 0.001493715 0.024474129 -0.004869854 0.999687486
6619. -0.481594456 0.131827865 -0.171786117 0.001501031 0.024465648 -0.004854035 0.999687760
6620. -0.481577702 0.131867726 -0.171781280 0.001505428 0.024469050 -0.004864489 0.999687619
6621. -0.481591448 0.131876226 -0.171816671 0.001508482 0.024467868 -0.004874921 0.999687593
6622. -0.481560507 0.131814480 -0.171683482 0.001481751 0.024471395 -0.004835089 0.999687740
6623. -0.481585208 0.131850460 -0.171716929 0.001500272 0.024475900 -0.004848702 0.999687536
6624. -0.481591863 0.131888664 -0.171726526 0.001516144 0.024472615 -0.004866931 0.999687504
6625. -0.481602714 0.131861056 -0.171725385 0.001499717 0.024478715 -0.004867124 0.999687378
6626. -0.481565245 0.131890980 -0.171630857 0.001507472 0.024472607 -0.004870969 0.999687498
6627. -0.481555600 0.131862222 -0.171649033 0.001508459 0.024468075 -0.004849143 0.999687713
6628. -0.481524783 0.131877314 -0.171633403 0.001512329 0.024455285 -0.004843772 0.999688046
6629. -0.481599171 0.131804489 -0.171755829 0.001487128 0.024477123 -0.004816972 0.999687679
6630. -0.481566654 0.131835070 -0.171745716 0.001489532 0.024470045 -0.004820409 0.999687832
6631. -0.481598830 0.131820887 -0.171768959 0.001487318 0.024480082 -0.004831274 0.999687537
6632. -0.481638543 0.131840049 -0.171866007 0.001503575 0.024480864 -0.004838652 0.999687458
6633. -0.481572535 0.131858288 -0.171700823 0.001505387 0.024476737 -0.004832838 0.999687585
6634. -0.481595131 0.131824199 -0.171778324 0.001494895 0.024477203 -0.004839263 0.999687558
6635. -0.481549774 0.131844250 -0.171669550 0.001509882 0.024473090 -0.004834371 0.999687660
6636. -0.481571496 0.131838814 -0.171779517 0.001511061 0.024468085 -0.004833323 0.999687786
6637. -0.481569965 0.131899586 -0.171691878 0.001531033 0.024474568 -0.004829030 0.999687617
6638. -0.481686602 0.131863350 -0.171880228 0.001523569 0.024489283 -0.004837452 0.999687228
6639. -0.481584655 0.131853557 -0.171744269 0.001516823 0.024477152 -0.004823104 0.999687604
6640. -0.481534161 0.131862445 -0.171709068 0.001521124 0.024458305 -0.004821603 0.999688066
6641. -0.481602272 0.131815485 -0.171782594 0.001505782 0.024473176 -0.004809789 0.999687782
6642. -0.481583295 0.131842310 -0.171827109 0.001518240 0.024466260 -0.004835709 0.999687808
6643. -0.481551023 0.131872874 -0.171750113 0.001523577 0.024461457 -0.004838653 0.999687903
6644. -0.481540848 0.131856173 -0.171673893 0.001506261 0.024471644 -0.004836508 0.999687690
6645. -0.481621943 0.131809767 -0.171782065 0.001501167 0.024491694 -0.004821147 0.999687281
6646. -0.481575931 0.131878563 -0.171846414 0.001529755 0.024447679 -0.004859039 0.999688132
6647. -0.481594276 0.131882410 -0.171818250 0.001533991 0.024460782 -0.004856348 0.999687818
6648. -0.481576518 0.131883723 -0.171798000 0.001535395 0.024462934 -0.004830910 0.999687886
6649. -0.481619418 0.131872418 -0.171892142 0.001535299 0.024464778 -0.004850108 0.999687748
6650. -0.481518299 0.131870084 -0.171783744 0.001532498 0.024439860 -0.004847309 0.999688376
6651. -0.481563669 0.131833274 -0.171795118 0.001525674 0.024452426 -0.004837461 0.999688126
6652. -0.481584994 0.131974059 -0.171920702 0.001541775 0.024457216 -0.004880541 0.999687775
6653. -0.481607867 0.131979727 -0.171942153 0.001545791 0.024467200 -0.004892604 0.999687466
6654. -0.481578733 0.131967523 -0.171857069 0.001545455 0.024461772 -0.004861641 0.999687750
6655. -0.481628258 0.131951273 -0.171960804 0.001541934 0.024471386 -0.004864455 0.999687507
6656. -0.481578882 0.131990015 -0.171882814 0.001553852 0.024462078 -0.004869178 0.999687693
6657. -0.481571834 0.131921513 -0.171876017 0.001531025 0.024457077 -0.004872249 0.999687836
6658. -0.481617506 0.131936708 -0.171982423 0.001534129 0.024463098 -0.004880565 0.999687643
6659. -0.481592431 0.131954193 -0.171965308 0.001546394 0.024455189 -0.004884223 0.999687800
6660. -0.481568965 0.131956533 -0.171960984 0.001554048 0.024449692 -0.004881199 0.999687937
6661. -0.481523064 0.131996004 -0.171906358 0.001555586 0.024438824 -0.004911396 0.999688052
6662. -0.481544852 0.131934324 -0.171938054 0.001533841 0.024442595 -0.004896850 0.999688065
6663. -0.481544423 0.131964446 -0.171935663 0.001548938 0.024441981 -0.004885889 0.999688111
6664. -0.481563280 0.131987645 -0.171980057 0.001553119 0.024447529 -0.004895881 0.999687920
6665. -0.481521448 0.131979205 -0.171961450 0.001552205 0.024434969 -0.004892481 0.999688245
6666. -0.481528902 0.131998870 -0.171959508 0.001554906 0.024435543 -0.004899949 0.999688190
6667. -0.481528905 0.131993830 -0.171931916 0.001550414 0.024435928 -0.004894324 0.999688215
6668. -0.481482079 0.131967583 -0.171896475 0.001544558 0.024428362 -0.004906885 0.999688347
6669. -0.481609931 0.132038194 -0.172166932 0.001585218 0.024433693 -0.004927317 0.999688053
6670. -0.481592067 0.132044799 -0.172148710 0.001584191 0.024430808 -0.004937105 0.999688077
6671. -0.481604451 0.132044748 -0.172183368 0.001600426 0.024435952 -0.004941321 0.999687904
6672. -0.481585050 0.132103949 -0.172180550 0.001608455 0.024420455 -0.004941379 0.999688270
6673. -0.481573210 0.132070762 -0.172139037 0.001603226 0.024423157 -0.004946030 0.999688189
6674. -0.481594555 0.132054141 -0.172186114 0.001600548 0.024421522 -0.004916712 0.999688378
6675. -0.481555305 0.132049939 -0.172146349 0.001602426 0.024419240 -0.004903550 0.999688496
6676. -0.481541649 0.132044906 -0.172127371 0.001604161 0.024414091 -0.004916929 0.999688553
6677. -0.481563809 0.132012625 -0.172112733 0.001590236 0.024419937 -0.004937468 0.999688331
6678. -0.481531222 0.132079838 -0.172115607 0.001617314 0.024408327 -0.004916912 0.999688672
6679. -0.481512434 0.132094993 -0.172136441 0.001617741 0.024401718 -0.004922509 0.999688806
6680. -0.481408640 0.132109631 -0.172032353 0.001635026 0.024374678 -0.004933531 0.999689383
6681. -0.481494411 0.132118702 -0.172129443 0.001632028 0.024398810 -0.004938693 0.999688774
6682. -0.481525239 0.132098969 -0.172122721 0.001630114 0.024407502 -0.004918170 0.999688666
6683. -0.481489471 0.132094331 -0.172076951 0.001628326 0.024395409 -0.004931951 0.999688896
6684. -0.481489564 0.132085548 -0.172092981 0.001625901 0.024396306 -0.004923475 0.999688920
6685. -0.481483180 0.132102292 -0.172074333 0.001629634 0.024393311 -0.004923434 0.999688987
6686. -0.481498489 0.132107882 -0.172118853 0.001635586 0.024394424 -0.004919217 0.999688971
6687. -0.481513009 0.132087522 -0.172124233 0.001618298 0.024400606 -0.004943139 0.999688730
6688. -0.481506445 0.132135230 -0.172153303 0.001629865 0.024398277 -0.004939733 0.999688785
6689. -0.481506631 0.132125368 -0.172131762 0.001634044 0.024397993 -0.004931554 0.999688825
6690. -0.481509021 0.132112704 -0.172144723 0.001627437 0.024399890 -0.004935057 0.999688773
6691. -0.481423479 0.132157274 -0.172049551 0.001641226 0.024378750 -0.004949983 0.999689192
6692. -0.481519931 0.132119933 -0.172153968 0.001627018 0.024398490 -0.004931140 0.999688827
6693. -0.481453941 0.132116458 -0.172068412 0.001625281 0.024380806 -0.004970762 0.999689065
6694. -0.481475051 0.132093892 -0.172075800 0.001628119 0.024384257 -0.004945725 0.999689100
6695. -0.481436447 0.132110392 -0.172100343 0.001628579 0.024371126 -0.004960497 0.999689346
6696. -0.481448003 0.132113134 -0.172059263 0.001630583 0.024378241 -0.004952367 0.999689210
6697. -0.481464648 0.132139300 -0.172074001 0.001636543 0.024378787 -0.004965183 0.999689123
6698. -0.481495279 0.132097511 -0.172071055 0.001625745 0.024391336 -0.004948107 0.999688920
6699. -0.481494932 0.132143274 -0.172150719 0.001636990 0.024381201 -0.004938207 0.999689197
6700. -0.481474886 0.132169797 -0.172071431 0.001644050 0.024387619 -0.004942943 0.999689006
6701. -0.481471942 0.132140336 -0.172085111 0.001631599 0.024384317 -0.004959063 0.999689027
6702. -0.481502387 0.132132381 -0.172141186 0.001634478 0.024390195 -0.004941617 0.999688965
6703. -0.481507049 0.132148088 -0.172146339 0.001641199 0.024390102 -0.004951848 0.999688906
6704. -0.481491044 0.132188338 -0.172133276 0.001644758 0.024391235 -0.004984327 0.999688711
6705. -0.481453803 0.132154085 -0.172034974 0.001634589 0.024381182 -0.004984966 0.999688970
6706. -0.481419595 0.132181706 -0.172016622 0.001644107 0.024368100 -0.004990302 0.999689246
6707. -0.481453763 0.132123193 -0.172087488 0.001634633 0.024376322 -0.004965135 0.999689187
6708. -0.481423865 0.132205977 -0.172022423 0.001655635 0.024369868 -0.004983989 0.999689216
6709. -0.481380311 0.132213010 -0.171978288 0.001659781 0.024359259 -0.004970683 0.999689534
6710. -0.481386467 0.132173028 -0.171967925 0.001652007 0.024362390 -0.004961980 0.999689514
6711. -0.481428652 0.132176716 -0.172019029 0.001654441 0.024374803 -0.004968276 0.999689176
6712. -0.481398584 0.132177339 -0.171965433 0.001653345 0.024370388 -0.004960267 0.999689325
6713. -0.481422631 0.132142187 -0.171968515 0.001638430 0.024378741 -0.004960954 0.999689142
6714. -0.481438265 0.132171557 -0.171998680 0.001655923 0.024381120 -0.004958774 0.999689066
6715. -0.481428933 0.132143139 -0.172001449 0.001639961 0.024378370 -0.004969633 0.999689106
6716. -0.481513944 0.132087991 -0.172064900 0.001622059 0.024405929 -0.004917065 0.999688723
6717. -0.481493398 0.132057951 -0.172080116 0.001610316 0.024398623 -0.004918143 0.999688915
6718. -0.481509346 0.132076437 -0.172071472 0.001628655 0.024402320 -0.004917774 0.999688796
6719. -0.481489013 0.132077930 -0.172039667 0.001622601 0.024396487 -0.004925444 0.999688911
6720. -0.481536269 0.132094693 -0.172056666 0.001633056 0.024406068 -0.004908776 0.999688742
6721. -0.481553814 0.132111686 -0.172088920 0.001636410 0.024404388 -0.004918169 0.999688731
6722. -0.481513673 0.132084553 -0.172073258 0.001627383 0.024397893 -0.004920046 0.999688895
6723. -0.481510095 0.132121230 -0.172131697 0.001638932 0.024394965 -0.004922303 0.999688937
6724. -0.481566548 0.132076236 -0.172166552 0.001623797 0.024411354 -0.004922830 0.999688559
6725. -0.481532140 0.132097364 -0.172087954 0.001624994 0.024402665 -0.004934382 0.999688712
6726. -0.481559322 0.132048501 -0.172187479 0.001630641 0.024407198 -0.004928508 0.999688621
6727. -0.481590705 0.132082814 -0.172234083 0.001636324 0.024415873 -0.004956515 0.999688262
6728. -0.481559863 0.132064920 -0.172191673 0.001630174 0.024406806 -0.004948962 0.999688531
6729. -0.481545187 0.132042311 -0.172238180 0.001619326 0.024399800 -0.004938424 0.999688771
6730. -0.481532792 0.132113646 -0.172184011 0.001656965 0.024404232 -0.004924899 0.999688668
6731. -0.481499848 0.132082308 -0.172118548 0.001647051 0.024393010 -0.004923264 0.999688967
6732. -0.481466898 0.132096117 -0.172056607 0.001642774 0.024383637 -0.004933601 0.999689151
6733. -0.481477072 0.132055071 -0.172116736 0.001624377 0.024386558 -0.004934706 0.999689105
6734. -0.481457911 0.132053619 -0.172091242 0.001631115 0.024384228 -0.004919641 0.999689225
6735. -0.481479030 0.132056173 -0.172130982 0.001631859 0.024385816 -0.004935245 0.999689108
6736. -0.481561623 0.132060503 -0.172278944 0.001635288 0.024401909 -0.004958772 0.999688593
6737. -0.481545012 0.132096061 -0.172239244 0.001646968 0.024402063 -0.004956086 0.999688584
6738. -0.481531170 0.132122247 -0.172230734 0.001651654 0.024401263 -0.004959474 0.999688579
6739. -0.481551885 0.132100573 -0.172259623 0.001644291 0.024397821 -0.004957762 0.999688683
6740. -0.481578502 0.132093640 -0.172235425 0.001646347 0.024411493 -0.004946888 0.999688400
6741. -0.481577499 0.132125603 -0.172270517 0.001650169 0.024410871 -0.004971704 0.999688286
6742. -0.481585924 0.132107549 -0.172244376 0.001641400 0.024414103 -0.004973286 0.999688213
6743. -0.481630410 0.132121217 -0.172306497 0.001651823 0.024423254 -0.004958920 0.999688044
6744. -0.481589565 0.132093955 -0.172222869 0.001640908 0.024418978 -0.004981199 0.999688056
6745. -0.481643035 0.132055666 -0.172269273 0.001625281 0.024426736 -0.004972133 0.999687937
6746. -0.481596290 0.132096055 -0.172270566 0.001634099 0.024412794 -0.004982694 0.999688210
6747. -0.481655643 0.132071784 -0.172291586 0.001629276 0.024429584 -0.004968279 0.999687880
6748. -0.481590767 0.132084311 -0.172227958 0.001633327 0.024410900 -0.004954903 0.999688396
6749. -0.481584728 0.132065955 -0.172198107 0.001626732 0.024412213 -0.004971958 0.999688290
6750. -0.481636508 0.132098558 -0.172224528 0.001632831 0.024429891 -0.004964731 0.999687884
6751. -0.481649662 0.132048631 -0.172281506 0.001617420 0.024429733 -0.004980624 0.999687834
6752. -0.481680570 0.132023833 -0.172296405 0.001618858 0.024438715 -0.004952393 0.999687752
6753. -0.481629262 0.132049055 -0.172192772 0.001620209 0.024429822 -0.004974040 0.999687860
6754. -0.481721635 0.132071733 -0.172330286 0.001624290 0.024448315 -0.004962510 0.999687459
6755. -0.481689572 0.132062068 -0.172297859 0.001629428 0.024444121 -0.004965290 0.999687539
6756. -0.481827997 0.131957120 -0.172356986 0.001574324 0.024501836 -0.004935948 0.999686360
6757. -0.481850383 0.131943562 -0.172363753 0.001579804 0.024501611 -0.004928435 0.999686394
6758. -0.481860369 0.131925516 -0.172389381 0.001566591 0.024506874 -0.004933520 0.999686260
6759. -0.481887928 0.131918557 -0.172370075 0.001567999 0.024515415 -0.004936676 0.999686033
6760. -0.481877908 0.131968782 -0.172406569 0.001581864 0.024510846 -0.004934061 0.999686136
6761. -0.481824170 0.131954738 -0.172291104 0.001556014 0.024502808 -0.004988368 0.999686104
6762. -0.481881309 0.131943372 -0.172355544 0.001557853 0.024517225 -0.004975713 0.999685811
6763. -0.481903909 0.131962770 -0.172386881 0.001565088 0.024527455 -0.004973697 0.999685559
6764. -0.481840439 0.131933561 -0.172355023 0.001558948 0.024506092 -0.004963094 0.999686145
6765. -0.481828737 0.131951262 -0.172285565 0.001565292 0.024504265 -0.004981889 0.999686087
6766. -0.481872638 0.131927787 -0.172320055 0.001552051 0.024514087 -0.004968518 0.999685933
6767. -0.481848230 0.131920430 -0.172333295 0.001553563 0.024504413 -0.004953327 0.999686243
6768. -0.481880242 0.131925336 -0.172317451 0.001553560 0.024515596 -0.004956272 0.999685954
6769. -0.481891556 0.131917257 -0.172309668 0.001550642 0.024515763 -0.004961804 0.999685927
6770. -0.481893267 0.131914854 -0.172325238 0.001550177 0.024512146 -0.004959140 0.999686030
6771. -0.481894012 0.131916421 -0.172270197 0.001551422 0.024513627 -0.004958809 0.999685993
6772. -0.481874378 0.131913826 -0.172263430 0.001550764 0.024508419 -0.004954478 0.999686144
6773. -0.481878433 0.131907170 -0.172306382 0.001544746 0.024513992 -0.004980763 0.999685886
6774. -0.481923300 0.131932163 -0.172335616 0.001550855 0.024522523 -0.004967515 0.999685733
6775. -0.481893042 0.131885265 -0.172289328 0.001531491 0.024520339 -0.004978491 0.999685762
6776. -0.481959002 0.131916203 -0.172399092 0.001543362 0.024537558 -0.004974081 0.999685343
6777. -0.481930079 0.131951008 -0.172341530 0.001548837 0.024532913 -0.004993802 0.999685350
6778. -0.481898229 0.131941646 -0.172310907 0.001549307 0.024523993 -0.004976498 0.999685655
6779. -0.481903095 0.131930869 -0.172361307 0.001538501 0.024521786 -0.004985161 0.999685682
6780. -0.481873640 0.131935442 -0.172363771 0.001542624 0.024515611 -0.004982038 0.999685843
6781. -0.481874269 0.131913358 -0.172356108 0.001534423 0.024511828 -0.004978544 0.999685966
6782. -0.481845342 0.131934024 -0.172360499 0.001544205 0.024507658 -0.004999097 0.999685950
6783. -0.481863413 0.131926177 -0.172366937 0.001537277 0.024512063 -0.004989657 0.999685900
6784. -0.481803185 0.131899630 -0.172336117 0.001534329 0.024495549 -0.005005200 0.999686232
6785. -0.481779489 0.131919304 -0.172278543 0.001541314 0.024495493 -0.004980720 0.999686345
6786. -0.481800008 0.131920646 -0.172312426 0.001542633 0.024497582 -0.005005305 0.999686169
6787. -0.481756124 0.131955259 -0.172305163 0.001547953 0.024487233 -0.005009942 0.999686391
6788. -0.481794111 0.131962999 -0.172327762 0.001550115 0.024499293 -0.005008259 0.999686100
6789. -0.481799213 0.131970098 -0.172367794 0.001555725 0.024501896 -0.004989615 0.999686121
6790. -0.481766669 0.131959752 -0.172314293 0.001550788 0.024492955 -0.004989216 0.999686350
6791. -0.481749657 0.131937997 -0.172225358 0.001537331 0.024493707 -0.004996479 0.999686316
6792. -0.481782562 0.131943592 -0.172326502 0.001542900 0.024499292 -0.005010457 0.999686100
6793. -0.481776168 0.131954560 -0.172307862 0.001545844 0.024502475 -0.004982109 0.999686160
6794. -0.481758435 0.131930924 -0.172290007 0.001541258 0.024492537 -0.004979378 0.999686424
6795. -0.481772911 0.131951702 -0.172307071 0.001545984 0.024499810 -0.004982157 0.999686224
6796. -0.481803088 0.131925344 -0.172289929 0.001537001 0.024510540 -0.004987883 0.999685947
6797. -0.481795917 0.131918720 -0.172266598 0.001535201 0.024508280 -0.004990255 0.999685993
6798. -0.481774615 0.131923946 -0.172283297 0.001536899 0.024501439 -0.004978306 0.999686218
6799. -0.481721441 0.131880280 -0.172235709 0.001535305 0.024488804 -0.004964581 0.999686598
6800. -0.481768973 0.131911768 -0.172214759 0.001542684 0.024501307 -0.004954232 0.999686332
6801. -0.481749167 0.131885234 -0.172236112 0.001537951 0.024495156 -0.004964219 0.999686440
6802. -0.481782409 0.131895266 -0.172286507 0.001533197 0.024496276 -0.004978795 0.999686347
6803. -0.481783012 0.131889321 -0.172275611 0.001537515 0.024501437 -0.004947741 0.999686369
6804. -0.481787725 0.131913767 -0.172296848 0.001538571 0.024502340 -0.004982117 0.999686174
6805. -0.481854868 0.131918277 -0.172372364 0.001541125 0.024512908 -0.004970479 0.999685969
6806. -0.481843196 0.131921453 -0.172323161 0.001550556 0.024520124 -0.004968664 0.999685786
6807. -0.481856668 0.131901564 -0.172329137 0.001542164 0.024522006 -0.004974704 0.999685723
6808. -0.481856352 0.131933288 -0.172351088 0.001541345 0.024523607 -0.004973596 0.999685691
6809. -0.481892791 0.131884316 -0.172400182 0.001539003 0.024537217 -0.004954716 0.999685454
6810. -0.481928832 0.131948255 -0.172483718 0.001561012 0.024541635 -0.004944365 0.999685363
6811. -0.481861796 0.131990796 -0.172369585 0.001568065 0.024528041 -0.004967106 0.999685573
6812. -0.481951539 0.131932481 -0.172422008 0.001556589 0.024552067 -0.004960301 0.999685035
6813. -0.481925472 0.131952594 -0.172476773 0.001558719 0.024543093 -0.004956098 0.999685273
6814. -0.481895861 0.131955973 -0.172427906 0.001556363 0.024538363 -0.004950638 0.999685419
6815. -0.481912544 0.131956363 -0.172419825 0.001558360 0.024541278 -0.004949269 0.999685351
6816. -0.481921445 0.131948297 -0.172453169 0.001562685 0.024540170 -0.004921557 0.999685509
6817. -0.481915609 0.131937675 -0.172415068 0.001555767 0.024539945 -0.004941747 0.999685425
6818. -0.481926214 0.131949439 -0.172413860 0.001560356 0.024546571 -0.004930370 0.999685312
6819. -0.481907596 0.131969768 -0.172418192 0.001559826 0.024537514 -0.004964027 0.999685368
6820. -0.481939159 0.131968588 -0.172457026 0.001557000 0.024546026 -0.004951449 0.999685226
6821. -0.481915330 0.131986578 -0.172443850 0.001557779 0.024537152 -0.004954325 0.999685429
6822. -0.481888104 0.131956308 -0.172395371 0.001554531 0.024533170 -0.004943080 0.999685587
6823. -0.481881182 0.131926217 -0.172396551 0.001539961 0.024533642 -0.004951433 0.999685557
6824. -0.481900549 0.131919008 -0.172344407 0.001536711 0.024534847 -0.004954023 0.999685519
6825. -0.481909703 0.131927811 -0.172381341 0.001537725 0.024540849 -0.004967552 0.999685303
6826. -0.481911892 0.131942058 -0.172381821 0.001541974 0.024544163 -0.004965995 0.999685223
6827. -0.481873752 0.131973107 -0.172364728 0.001552868 0.024534355 -0.004965021 0.999685452
6828. -0.481880205 0.131979339 -0.172368731 0.001552098 0.024535122 -0.004953985 0.999685489
6829. -0.481924657 0.131968276 -0.172426217 0.001552010 0.024545508 -0.004940668 0.999685300
6830. -0.481867121 0.131977718 -0.172397204 0.001549558 0.024531795 -0.004972758 0.999685481
6831. -0.481870672 0.131981972 -0.172361997 0.001556411 0.024534316 -0.004948798 0.999685528
6832. -0.481846678 0.131971187 -0.172344237 0.001561691 0.024526795 -0.004938098 0.999685757
6833. -0.481850981 0.131996570 -0.172369474 0.001561233 0.024525756 -0.004946250 0.999685743
6834. -0.481826735 0.131983465 -0.172300817 0.001562911 0.024518449 -0.004934711 0.999685976
6835. -0.481850639 0.131968366 -0.172298763 0.001572131 0.024528396 -0.004922753 0.999685777
6836. -0.481846119 0.131968069 -0.172257721 0.001564179 0.024528484 -0.004928902 0.999685757
6837. -0.481836569 0.131966492 -0.172256762 0.001564267 0.024526536 -0.004925881 0.999685820
6838. -0.481844722 0.132011627 -0.172297404 0.001576233 0.024523105 -0.004937503 0.999685828
6839. -0.481845539 0.131995191 -0.172271327 0.001573330 0.024528310 -0.004940055 0.999685692
6840. -0.481827473 0.131986838 -0.172294637 0.001563561 0.024517375 -0.004954956 0.999685902
6841. -0.481835600 0.131976597 -0.172313505 0.001563490 0.024517593 -0.004943656 0.999685952
6842. -0.481824861 0.131997072 -0.172277526 0.001563201 0.024517931 -0.004953254 0.999685897
6843. -0.481832876 0.131987920 -0.172265785 0.001560902 0.024520467 -0.004955193 0.999685829
6844. -0.481797935 0.131972020 -0.172219135 0.001555732 0.024511579 -0.004963616 0.999686013
6845. -0.481840199 0.131967848 -0.172291571 0.001557630 0.024523387 -0.004944683 0.999685814
6846. -0.481810837 0.131995023 -0.172247763 0.001567732 0.024514851 -0.004959572 0.999685934
6847. -0.481814901 0.131984491 -0.172280854 0.001564851 0.024514766 -0.004938320 0.999686046
6848. -0.481820441 0.131963968 -0.172227388 0.001560883 0.024517761 -0.004932466 0.999686008
6849. -0.481828705 0.131959612 -0.172223891 0.001553079 0.024521213 -0.004949000 0.999685853
6850. -0.481778613 0.131958003 -0.172187916 0.001551666 0.024508034 -0.004965376 0.999686098
6851. -0.481816871 0.132002267 -0.172223680 0.001553805 0.024513795 -0.004996361 0.999685799
6852. -0.481810909 0.132014541 -0.172268660 0.001564034 0.024507986 -0.004981202 0.999686001
6853. -0.481814810 0.131992970 -0.172263109 0.001562749 0.024510082 -0.004960458 0.999686055
6854. -0.481813837 0.132004723 -0.172243178 0.001558593 0.024508759 -0.004986672 0.999685963
6855. -0.481850109 0.132025310 -0.172260642 0.001566261 0.024517740 -0.004989002 0.999685719
6856. -0.481840101 0.132014831 -0.172254755 0.001564503 0.024516880 -0.004985833 0.999685759
6857. -0.481848518 0.132011901 -0.172275049 0.001565651 0.024515659 -0.004984133 0.999685795
6858. -0.481823513 0.132004102 -0.172271620 0.001560273 0.024513899 -0.004977658 0.999685879
6859. -0.481858615 0.131984182 -0.172284335 0.001544269 0.024523334 -0.004969861 0.999685712
6860. -0.481819192 0.132003624 -0.172243775 0.001556610 0.024515272 -0.004976344 0.999685858
6861. -0.481874049 0.131994565 -0.172287210 0.001553645 0.024527840 -0.004977763 0.999685547
6862. -0.481826810 0.131961773 -0.172233278 0.001547403 0.024519233 -0.004962533 0.999685844
6863. -0.481835148 0.132011689 -0.172282769 0.001564168 0.024520651 -0.004996652 0.999685613
6864. -0.481871299 0.132046278 -0.172302837 0.001569701 0.024532950 -0.005003152 0.999685270
6865. -0.481892549 0.132034639 -0.172333460 0.001564350 0.024534131 -0.004996221 0.999685284
6866. -0.481889620 0.132026133 -0.172302491 0.001561922 0.024537931 -0.005016111 0.999685095
6867. -0.481863500 0.132027654 -0.172290311 0.001565330 0.024527205 -0.005006703 0.999685400
6868. -0.481906319 0.132069100 -0.172326461 0.001570564 0.024540127 -0.005028846 0.999684963
6869. -0.481851486 0.132046130 -0.172288248 0.001571238 0.024521781 -0.005026966 0.999685422
6870. -0.481858592 0.132051306 -0.172316628 0.001570526 0.024525096 -0.005033529 0.999685309
6871. -0.481845830 0.132067201 -0.172308312 0.001575506 0.024525267 -0.005021364 0.999685358
6872. -0.481852751 0.132071953 -0.172321275 0.001572931 0.024526037 -0.005028807 0.999685306
6873. -0.481815140 0.132053058 -0.172294860 0.001574608 0.024520893 -0.005026869 0.999685439
6874. -0.481819953 0.132074125 -0.172314638 0.001574511 0.024523421 -0.005035571 0.999685333
6875. -0.481825280 0.132041030 -0.172324446 0.001566122 0.024519644 -0.005016688 0.999685534
6876. -0.481811309 0.132031722 -0.172287393 0.001572056 0.024510792 -0.005016659 0.999685742
6877. -0.481839412 0.132042636 -0.172321606 0.001566010 0.024519506 -0.005022381 0.999685509
6878. -0.481892732 0.132036772 -0.172391033 0.001568080 0.024533779 -0.005010365 0.999685216
6879. -0.481873747 0.132051142 -0.172395792 0.001569315 0.024524182 -0.004996841 0.999685517
6880. -0.481895062 0.131986162 -0.172366107 0.001553262 0.024530162 -0.004980155 0.999685479
6881. -0.481865907 0.131976341 -0.172344903 0.001548188 0.024523817 -0.004997651 0.999685555
6882. -0.481879303 0.131952373 -0.172354798 0.001531674 0.024529512 -0.005007273 0.999685393
6883. -0.481865649 0.131997381 -0.172338879 0.001552053 0.024521209 -0.005023552 0.999685483
6884. -0.481863617 0.131994280 -0.172326404 0.001553011 0.024525306 -0.005018143 0.999685408
6885. -0.481870934 0.131964993 -0.172329105 0.001548347 0.024525403 -0.004995487 0.999685527
6886. -0.481874018 0.131983702 -0.172345232 0.001551497 0.024529598 -0.004992646 0.999685433
6887. -0.481906817 0.131934159 -0.172378393 0.001529586 0.024534947 -0.004992345 0.999685337
6888. -0.481878289 0.131969790 -0.172374493 0.001534284 0.024528166 -0.005012222 0.999685397
6889. -0.481913102 0.131976112 -0.172410031 0.001540396 0.024536100 -0.005013867 0.999685185
6890. -0.481874339 0.131953598 -0.172382263 0.001535058 0.024526432 -0.004999874 0.999685500
6891. -0.481923470 0.131943911 -0.172409374 0.001535776 0.024538233 -0.004985032 0.999685283
6892. -0.481910197 0.131924089 -0.172382240 0.001535737 0.024530429 -0.004988783 0.999685456
6893. -0.481942364 0.131958471 -0.172414375 0.001539967 0.024541038 -0.005006976 0.999685098
6894. -0.481900507 0.131950210 -0.172399781 0.001540925 0.024527396 -0.004995701 0.999685488
6895. -0.481937887 0.131901284 -0.172408720 0.001532734 0.024538746 -0.004979958 0.999685301
6896. -0.481944715 0.131925039 -0.172429279 0.001530092 0.024541672 -0.004988595 0.999685190
6897. -0.481880365 0.131916787 -0.172335735 0.001533142 0.024526968 -0.005006519 0.999685457
6898. -0.481906819 0.131930059 -0.172380829 0.001530098 0.024531140 -0.005020210 0.999685290
6899. -0.481877548 0.131915821 -0.172361842 0.001527076 0.024524956 -0.005009875 0.999685498
6900. -0.481907869 0.131901888 -0.172359261 0.001522657 0.024534541 -0.004996448 0.999685337
6901. -0.481929694 0.131919081 -0.172411751 0.001531310 0.024537826 -0.005001676 0.999685217
6902. -0.481977966 0.131854626 -0.172395144 0.001516235 0.024550738 -0.005016173 0.999684850
6903. -0.481670366 0.131922495 -0.172232542 0.001542157 0.024460629 -0.005025632 0.999686972
6904. -0.481691787 0.131967392 -0.172232099 0.001555320 0.024467149 -0.005028120 0.999686780
6905. -0.481684080 0.131946441 -0.172183232 0.001556095 0.024463612 -0.005023882 0.999686886
6906. -0.481709254 0.131948740 -0.172258773 0.001556972 0.024468281 -0.005028758 0.999686746
6907. -0.481711314 0.131984289 -0.172267526 0.001568496 0.024470047 -0.005037433 0.999686641
6908. -0.481675515 0.132001820 -0.172212630 0.001575297 0.024465157 -0.005031816 0.999686779
6909. -0.481679242 0.131974305 -0.172201813 0.001564402 0.024464221 -0.005034421 0.999686806
6910. -0.481671265 0.131986276 -0.172229140 0.001570454 0.024462548 -0.005045241 0.999686782
6911. -0.481695716 0.131975460 -0.172260632 0.001566955 0.024464507 -0.005057432 0.999686678
6912. -0.481654169 0.131976282 -0.172222386 0.001560377 0.024457657 -0.005051852 0.999686884
6913. -0.481630385 0.132005660 -0.172253582 0.001564388 0.024454093 -0.005085632 0.999686794
6914. -0.481630606 0.131959315 -0.172255018 0.001556636 0.024453354 -0.005075248 0.999686877
6915. -0.481616388 0.132027660 -0.172211468 0.001580741 0.024453149 -0.005078596 0.999686827
6916. -0.481606719 0.131964706 -0.172226415 0.001558925 0.024445389 -0.005063616 0.999687127
6917. -0.481596501 0.131968369 -0.172226236 0.001551260 0.024444772 -0.005076788 0.999687087
6918. -0.481614112 0.131979138 -0.172169136 0.001560132 0.024452425 -0.005063635 0.999686953
6919. -0.481625472 0.131978474 -0.172193623 0.001557328 0.024453565 -0.005073867 0.999686878
6920. -0.481633192 0.131998397 -0.172218343 0.001567824 0.024456479 -0.005051597 0.999686903
6921. -0.481602326 0.132016613 -0.172219475 0.001565709 0.024447971 -0.005071973 0.999687011
6922. -0.481621462 0.132008740 -0.172216275 0.001568405 0.024452753 -0.005069230 0.999686904
6923. -0.481666329 0.132017254 -0.172210561 0.001575527 0.024472250 -0.005057066 0.999686477
6924. -0.481650329 0.132018496 -0.172223307 0.001578414 0.024462476 -0.005039685 0.999686800
6925. -0.481661778 0.132023640 -0.172214380 0.001574364 0.024464928 -0.005049453 0.999686697
6926. -0.481649645 0.132028177 -0.172197778 0.001573086 0.024461906 -0.005067224 0.999686683
6927. -0.481661526 0.132020334 -0.172204212 0.001569837 0.024464373 -0.005053999 0.999686694
6928. -0.481641368 0.132008867 -0.172166672 0.001569741 0.024461345 -0.005064136 0.999686717
6929. -0.481670180 0.132006742 -0.172187091 0.001568190 0.024463282 -0.005069678 0.999686644
6930. -0.481665714 0.132023291 -0.172256499 0.001574960 0.024458529 -0.005051867 0.999686840
6931. -0.481642609 0.132056588 -0.172173862 0.001577986 0.024450537 -0.005056283 0.999687009
6932. -0.481685124 0.132011060 -0.172198846 0.001576119 0.024465689 -0.005046388 0.999686691
6933. -0.481716413 0.131999527 -0.172237088 0.001570066 0.024475791 -0.005040614 0.999686482
6934. -0.481692502 0.131993794 -0.172185799 0.001569266 0.024473228 -0.005040344 0.999686548
6935. -0.481689016 0.131974863 -0.172221687 0.001562756 0.024467603 -0.005027626 0.999686760
6936. -0.481678845 0.131999282 -0.172174264 0.001578063 0.024465031 -0.005023531 0.999686819
6937. -0.481687892 0.131991077 -0.172169372 0.001567978 0.024470667 -0.005041048 0.999686609
6938. -0.481652059 0.132016162 -0.172158446 0.001573018 0.024462715 -0.005033527 0.999686833
6939. -0.481703976 0.132013133 -0.172212757 0.001570993 0.024471491 -0.005037591 0.999686601
6940. -0.481681031 0.132033262 -0.172175285 0.001579182 0.024469944 -0.005046016 0.999686584
6941. -0.481711455 0.132001263 -0.172179665 0.001576385 0.024476209 -0.005020330 0.999686564
6942. -0.481676068 0.132032753 -0.172140537 0.001580541 0.024468898 -0.005031994 0.999686678
6943. -0.481677901 0.131987289 -0.172187541 0.001567600 0.024471305 -0.005038510 0.999686607
6944. -0.481667613 0.131958071 -0.172140723 0.001557990 0.024467216 -0.005037034 0.999686729
6945. -0.481661327 0.131942957 -0.172190771 0.001551202 0.024467220 -0.005056657 0.999686640
6946. -0.481662043 0.131939786 -0.172166747 0.001548362 0.024470978 -0.005052900 0.999686572
6947. -0.481669496 0.131934824 -0.172197047 0.001547624 0.024471930 -0.005048310 0.999686573
6948. -0.481656070 0.131949591 -0.172208058 0.001551342 0.024470494 -0.005055425 0.999686566
6949. -0.481649066 0.131962587 -0.172174927 0.001552461 0.024473419 -0.005064523 0.999686447
6950. -0.481645604 0.131972867 -0.172164571 0.001554566 0.024471082 -0.005069642 0.999686475
6951. -0.481638047 0.131928918 -0.172178676 0.001535538 0.024468960 -0.005088852 0.999686459
6952. -0.481635404 0.131921565 -0.172186042 0.001538512 0.024468330 -0.005056039 0.999686636
6953. -0.481682328 0.131909810 -0.172258493 0.001532725 0.024480271 -0.005059158 0.999686337
6954. -0.481678572 0.131904378 -0.172243127 0.001537911 0.024481521 -0.005055696 0.999686316
6955. -0.481681116 0.131910450 -0.172229160 0.001533932 0.024479004 -0.005074223 0.999686290
6956. -0.481708960 0.131901754 -0.172286224 0.001533727 0.024482333 -0.005033596 0.999686414
6957. -0.481719192 0.131923627 -0.172267524 0.001538848 0.024485509 -0.005045874 0.999686266
6958. -0.481685339 0.131928920 -0.172218496 0.001536526 0.024481255 -0.005050072 0.999686353
6959. -0.481733120 0.131988486 -0.172252261 0.001556583 0.024491947 -0.005056819 0.999686026
6960. -0.481688303 0.131977600 -0.172235435 0.001544687 0.024480480 -0.005074903 0.999686233
6961. -0.481686323 0.131990892 -0.172267431 0.001548387 0.024477013 -0.005083697 0.999686268
6962. -0.481687870 0.131962268 -0.172255748 0.001539294 0.024474008 -0.005056805 0.999686492
6963. -0.481669963 0.131983235 -0.172244700 0.001544744 0.024473961 -0.005068129 0.999686427
6964. -0.481672012 0.131994400 -0.172234097 0.001547613 0.024471210 -0.005076399 0.999686448
6965. -0.481634030 0.131972623 -0.172175249 0.001548259 0.024465075 -0.005053915 0.999686711
6966. -0.481677079 0.132013959 -0.172240665 0.001550418 0.024472679 -0.005081384 0.999686383
6967. -0.481698362 0.132051130 -0.172282084 0.001564443 0.024476341 -0.005087040 0.999686242
6968. -0.481690791 0.132015969 -0.172276030 0.001551079 0.024475688 -0.005066431 0.999686384
6969. -0.481674438 0.131993759 -0.172246250 0.001546991 0.024472438 -0.005071641 0.999686443
6970. -0.481653085 0.132017884 -0.172230558 0.001545078 0.024463601 -0.005085270 0.999686593
6971. -0.481656801 0.131996837 -0.172204659 0.001545779 0.024462883 -0.005061871 0.999686729
6972. -0.481674958 0.131993217 -0.172226022 0.001543562 0.024468325 -0.005058235 0.999686617
6973. -0.481668445 0.131980545 -0.172246029 0.001542041 0.024462790 -0.005060387 0.999686744
6974. -0.481646056 0.131993373 -0.172199138 0.001542458 0.024463628 -0.005076306 0.999686642
6975. -0.481630928 0.131943194 -0.172195999 0.001526798 0.024455167 -0.005061787 0.999686947
6976. -0.481603804 0.131967257 -0.172146627 0.001539033 0.024445973 -0.005052948 0.999687198
6977. -0.481596534 0.131937970 -0.172139450 0.001522687 0.024446681 -0.005061842 0.999687161
6978. -0.481556310 0.131920219 -0.172097702 0.001515772 0.024437121 -0.005049407 0.999687468
6979. -0.481564683 0.131941081 -0.172095588 0.001536564 0.024441244 -0.005022522 0.999687471
6980. -0.481571917 0.131959587 -0.172155010 0.001544782 0.024443914 -0.005018371 0.999687413
6981. -0.481569841 0.131951823 -0.172139605 0.001543514 0.024440807 -0.005024042 0.999687463
6982. -0.481580804 0.131966292 -0.172137435 0.001544726 0.024443885 -0.005029456 0.999687359
6983. -0.481623706 0.132060065 -0.172207789 0.001611941 0.024450350 -0.004913289 0.999687672
6984. -0.481652371 0.132041573 -0.172255910 0.001604335 0.024455710 -0.004919377 0.999687523
6985. -0.481645991 0.132037015 -0.172228383 0.001604949 0.024455237 -0.004925504 0.999687504
6986. -0.481620629 0.132028840 -0.172233161 0.001606273 0.024451742 -0.004916784 0.999687630
6987. -0.481625526 0.132024016 -0.172216866 0.001604162 0.024457486 -0.004914182 0.999687506
6988. -0.481596651 0.132029729 -0.172210933 0.001609926 0.024444910 -0.004919764 0.999687776
6989. -0.481632938 0.132027501 -0.172224875 0.001601621 0.024455135 -0.004917923 0.999687549
6990. -0.481631812 0.132021039 -0.172170573 0.001604752 0.024462288 -0.004918367 0.999687367
6991. -0.481611448 0.132047705 -0.172196677 0.001605015 0.024446976 -0.004927277 0.999687697
6992. -0.481652033 0.132047384 -0.172271835 0.001607534 0.024457707 -0.004931744 0.999687408
6993. -0.481608608 0.132100205 -0.172229144 0.001621794 0.024448692 -0.004950572 0.999687513
6994. -0.481623686 0.132079526 -0.172224777 0.001617347 0.024454482 -0.004942648 0.999687417
6995. -0.481673657 0.132047901 -0.172347638 0.001608038 0.024460039 -0.004925522 0.999687381
6996. -0.481692913 0.132032320 -0.172291549 0.001602225 0.024475284 -0.004930055 0.999686995
6997. -0.481658642 0.132032785 -0.172280531 0.001601806 0.024458200 -0.004937453 0.999687377
6998. -0.481678492 0.132055059 -0.172302689 0.001609618 0.024459674 -0.004934811 0.999687342
6999. -0.481732270 0.132074070 -0.172389240 0.001612057 0.024477303 -0.004932870 0.999686916
7000. -0.481702653 0.132029445 -0.172299871 0.001602045 0.024471569 -0.004928920 0.999687092
7001. -0.481706225 0.132017433 -0.172304762 0.001597822 0.024472781 -0.004919480 0.999687115
7002. -0.481661992 0.132041687 -0.172231750 0.001611334 0.024457245 -0.004921262 0.999687465
7003. -0.481701484 0.132047733 -0.172244904 0.001615595 0.024465133 -0.004910154 0.999687320
7004. -0.481675431 0.132011102 -0.172206257 0.001599577 0.024459553 -0.004904229 0.999687511
7005. -0.481668229 0.132044911 -0.172191724 0.001607920 0.024459903 -0.004915940 0.999687432
7006. -0.481627517 0.132035569 -0.172100170 0.001610153 0.024454714 -0.004910696 0.999687581
7007. -0.481657383 0.132048542 -0.172176921 0.001604692 0.024455934 -0.004921913 0.999687505
7008. -0.481651512 0.132001308 -0.172197646 0.001595799 0.024456950 -0.004926511 0.999687471
7009. -0.481668714 0.132035048 -0.172225084 0.001604276 0.024467052 -0.004922458 0.999687231
7010. -0.481637980 0.132005491 -0.172163553 0.001598710 0.024457999 -0.004944295 0.999687353
7011. -0.481644653 0.131990295 -0.172181318 0.001597582 0.024456135 -0.004922914 0.999687506
7012. -0.481608058 0.131998627 -0.172115577 0.001595634 0.024448102 -0.004933071 0.999687656
7013. -0.481646648 0.131997662 -0.172199943 0.001597971 0.024456130 -0.004928812 0.999687477
7014. -0.481621008 0.131997057 -0.172154367 0.001601009 0.024452253 -0.004925664 0.999687582
7015. -0.481664910 0.131976279 -0.172158319 0.001598348 0.024460062 -0.004920466 0.999687421
7016. -0.481652651 0.131987297 -0.172108915 0.001599138 0.024458186 -0.004922295 0.999687457
7017. -0.481678161 0.132007174 -0.172134354 0.001600544 0.024465507 -0.004930961 0.999687233
7018. -0.481368880 0.131939111 -0.171623378 0.001603185 0.024410299 -0.004841163 0.999689017
7019. -0.480929108 0.131839518 -0.171230376 0.001515458 0.024245823 -0.004902762 0.999692856
7020. -0.481073476 0.131694074 -0.171469654 0.001478997 0.024311596 -0.004831082 0.999691662
7021. -0.481095357 0.131663884 -0.171515761 0.001474355 0.024312754 -0.004816561 0.999691711
7022. -0.481143943 0.131632555 -0.171595195 0.001447288 0.024325828 -0.004843637 0.999691302
7023. -0.481088166 0.131602144 -0.171616118 0.001437417 0.024309290 -0.004841688 0.999691728
7024. -0.481063142 0.131566607 -0.171522409 0.001416352 0.024291860 -0.004825139 0.999692261
7025. -0.481056798 0.131592806 -0.171544519 0.001429452 0.024291112 -0.004821561 0.999692278
7026. -0.481067188 0.131605053 -0.171513818 0.001428929 0.024297469 -0.004815525 0.999692154
7027. -0.481042198 0.131548476 -0.171476128 0.001414215 0.024300258 -0.004806256 0.999692151
7028. -0.480779813 0.131537519 -0.171373793 0.001409381 0.024228958 -0.004827825 0.999693785
7029. -0.480395453 0.131530591 -0.171296457 0.001405795 0.024128784 -0.004843464 0.999696137
7030. -0.481011102 0.131436577 -0.171395507 0.001379793 0.024279045 -0.004798582 0.999692752
7031. -0.481001254 0.131347522 -0.171401827 0.001359693 0.024280371 -0.004745526 0.999693000
7032. -0.481068281 0.131346010 -0.171405669 0.001353392 0.024297947 -0.004760498 0.999692511
7033. -0.481034421 0.131361796 -0.171308619 0.001358412 0.024300216 -0.004767218 0.999692417
7034. -0.481037858 0.131413413 -0.171360142 0.001364782 0.024296976 -0.004794468 0.999692356
7035. -0.481059278 0.131325983 -0.171373608 0.001340287 0.024306772 -0.004740533 0.999692409
7036. -0.481028135 0.131366886 -0.171346216 0.001347689 0.024298618 -0.004791611 0.999692353
7037. -0.480994202 0.131575732 -0.171389635 0.001398937 0.024278512 -0.004927342 0.999692112
7038. -0.481039831 0.131516203 -0.171435636 0.001397838 0.024292755 -0.004860408 0.999692095
7039. -0.481026358 0.131468776 -0.171384387 0.001394559 0.024291741 -0.004847674 0.999692186
7040. -0.481216446 0.131453636 -0.171666914 0.001386849 0.024334712 -0.004831584 0.999691229
7041. -0.481124817 0.131455840 -0.171646558 0.001385331 0.024308224 -0.004851750 0.999691778
7042. -0.481144015 0.131442468 -0.171623228 0.001387862 0.024316055 -0.004842930 0.999691627
7043. -0.481142402 0.131485303 -0.171648549 0.001403728 0.024313512 -0.004845094 0.999691656
7044. -0.481052384 0.131448714 -0.171553716 0.001385792 0.024297170 -0.004867020 0.999691972
7045. -0.481151863 0.131407828 -0.171582788 0.001372591 0.024323367 -0.004864158 0.999691367
7046. -0.481138932 0.131410537 -0.171531389 0.001380137 0.024319372 -0.004871644 0.999691418
7047. -0.481201663 0.131439119 -0.171567384 0.001384153 0.024328917 -0.004881939 0.999691130
7048. -0.481154034 0.131545673 -0.171551899 0.001423711 0.024314798 -0.004914742 0.999691257
7049. -0.481234521 0.131428847 -0.171614566 0.001387976 0.024335547 -0.004875645 0.999690994
7050. -0.481098700 0.131476714 -0.171598668 0.001405424 0.024295871 -0.004905204 0.999691790
7051. -0.481095804 0.131489208 -0.171595687 0.001409429 0.024296322 -0.004878679 0.999691903
7052. -0.481061024 0.131470719 -0.171545510 0.001396727 0.024289941 -0.004888686 0.999692027
7053. -0.481051890 0.131479985 -0.171490355 0.001399553 0.024293684 -0.004884909 0.999691950
7054. -0.480945581 0.131490093 -0.171410714 0.001403282 0.024274396 -0.004880443 0.999692436
7055. -0.481007043 0.131502319 -0.171384730 0.001412284 0.024289340 -0.004892122 0.999692003
7056. -0.480939277 0.131531261 -0.171371601 0.001428075 0.024262716 -0.004882379 0.999692675
7057. -0.480922287 0.131451700 -0.171400133 0.001392792 0.024262704 -0.004868728 0.999692791
7058. -0.480919485 0.131468795 -0.171439610 0.001399320 0.024259475 -0.004871198 0.999692848
7059. -0.481037241 0.131427593 -0.171451668 0.001390249 0.024289258 -0.004858555 0.999692199
7060. -0.481081958 0.131438140 -0.171494975 0.001393344 0.024303122 -0.004859470 0.999691854
7061. -0.481003905 0.131328302 -0.171365577 0.001346056 0.024272803 -0.004848448 0.999692709
7062. -0.481038058 0.131589074 -0.171226192 0.001427071 0.024327563 -0.004874705 0.999691138
7063. -0.481106045 0.131567292 -0.171230653 0.001400523 0.024356168 -0.004844177 0.999690627
7064. -0.481095373 0.131586739 -0.171274973 0.001400799 0.024359674 -0.004841810 0.999690553
7065. -0.481090895 0.131557068 -0.171257767 0.001405500 0.024365748 -0.004796141 0.999690618
7066. -0.481120812 0.131559794 -0.171390355 0.001392096 0.024379943 -0.004774908 0.999690392
7067. -0.481043210 0.132073762 -0.172632809 0.001515395 0.024349612 -0.004889994 0.999690396
7068. -0.481157010 0.131837601 -0.172529731 0.001474909 0.024368867 -0.004901432 0.999689931
7069. -0.481180218 0.131629084 -0.171896518 0.001451195 0.024330611 -0.004888564 0.999690961
7070. -0.481104801 0.131362969 -0.171979898 0.001381821 0.024282238 -0.004828178 0.999692529
7071. -0.481112743 0.131347852 -0.171955631 0.001381991 0.024288510 -0.004821423 0.999692409
7072. -0.481036004 0.131398748 -0.171924562 0.001397754 0.024263131 -0.004835285 0.999692936
7073. -0.481130648 0.131395297 -0.172009194 0.001390427 0.024288215 -0.004826279 0.999692381
7074. -0.481134711 0.131343142 -0.171939496 0.001374185 0.024295929 -0.004812998 0.999692280
7075. -0.481167782 0.131454108 -0.171930722 0.001404712 0.024297244 -0.004853457 0.999692010
7076. -0.481168772 0.131425182 -0.172015250 0.001401678 0.024297513 -0.004825184 0.999692144
7077. -0.481193253 0.131456753 -0.172029424 0.001400068 0.024305414 -0.004838121 0.999691892
7078. -0.481179277 0.131478743 -0.172030830 0.001405008 0.024298132 -0.004824750 0.999692127
7079. -0.481217590 0.131459496 -0.171995613 0.001392107 0.024320666 -0.004801938 0.999691707
7080. -0.481067429 0.131436837 -0.172010765 0.001394148 0.024287940 -0.004814345 0.999692440
7081. -0.481034182 0.131387403 -0.171906235 0.001381171 0.024276073 -0.004838342 0.999692630
7082. -0.480945614 0.131317103 -0.171975002 0.001365351 0.024266621 -0.004846864 0.999692840
7083. -0.481123739 0.131344794 -0.171974690 0.001362013 0.024292374 -0.004808733 0.999692403
7084. -0.481100216 0.131349166 -0.171953817 0.001358555 0.024294464 -0.004812798 0.999692338
7085. -0.481095571 0.131325482 -0.171988691 0.001349246 0.024287559 -0.004802619 0.999692567
7086. -0.481097071 0.131341805 -0.171974771 0.001349777 0.024289629 -0.004814276 0.999692460
7087. -0.481032681 0.131344150 -0.171882808 0.001350580 0.024280568 -0.004809491 0.999692702
7088. -0.481067764 0.131334739 -0.171915867 0.001349214 0.024291397 -0.004796568 0.999692503
7089. -0.481068380 0.131354729 -0.171913604 0.001352396 0.024296245 -0.004792705 0.999692399
7090. -0.481067598 0.131326984 -0.171834066 0.001345999 0.024299249 -0.004792941 0.999692334
7091. -0.481086543 0.131349562 -0.171905517 0.001353416 0.024293567 -0.004805496 0.999692402
7092. -0.481110342 0.131379582 -0.171928996 0.001362867 0.024300490 -0.004796448 0.999692264
7093. -0.481018561 0.131352810 -0.171831420 0.001351253 0.024281780 -0.004780860 0.999692809
7094. -0.481014575 0.131370302 -0.171840416 0.001350130 0.024287641 -0.004771013 0.999692715
7095. -0.481036804 0.131308075 -0.171886075 0.001330543 0.024293398 -0.004785763 0.999692531
7096. -0.481001770 0.131367373 -0.171889043 0.001350496 0.024278589 -0.004820287 0.999692698
7097. -0.481008956 0.131226417 -0.171786885 0.001292817 0.024287838 -0.004781770 0.999692735
7098. -0.481019202 0.131204257 -0.171774606 0.001289688 0.024291429 -0.004765510 0.999692729
7099. -0.481008982 0.131223094 -0.171797738 0.001294706 0.024285518 -0.004788153 0.999692758
7100. -0.481016609 0.131209769 -0.171748192 0.001286447 0.024291534 -0.004789703 0.999692615
7101. -0.481087346 0.131219086 -0.171854125 0.001290377 0.024303731 -0.004776602 0.999692377
7102. -0.481058846 0.131235241 -0.171789560 0.001296878 0.024304686 -0.004778396 0.999692336
7103. -0.481056408 0.131215493 -0.171818508 0.001292099 0.024299538 -0.004777755 0.999692471
7104. -0.481059189 0.131210054 -0.171792947 0.001291924 0.024298454 -0.004802518 0.999692379
7105. -0.480991841 0.131244132 -0.171712465 0.001304075 0.024287404 -0.004782854 0.999692726
7106. -0.481058577 0.131179988 -0.171780615 0.001281774 0.024299374 -0.004760641 0.999692570
7107. -0.481090941 0.131217019 -0.171804282 0.001294936 0.024303671 -0.004765548 0.999692425
7108. -0.481026287 0.131186975 -0.171698974 0.001287907 0.024287593 -0.004762254 0.999692840
7109. -0.481071454 0.131217497 -0.171772475 0.001299627 0.024300998 -0.004769263 0.999692466
7110. -0.481057034 0.131215629 -0.171827469 0.001294732 0.024290673 -0.004779259 0.999692676
7111. -0.481042892 0.131250248 -0.171786567 0.001302134 0.024286528 -0.004784703 0.999692741
7112. -0.481067865 0.131243532 -0.171781824 0.001301774 0.024292178 -0.004819522 0.999692437
7113. -0.481114830 0.131235846 -0.171863036 0.001295000 0.024305557 -0.004795781 0.999692234
7114. -0.481074220 0.131214270 -0.171786105 0.001290874 0.024295786 -0.004801308 0.999692451
7115. -0.481066826 0.131202722 -0.171797703 0.001287487 0.024294372 -0.004786270 0.999692561
7116. -0.481003904 0.131213087 -0.171768689 0.001296574 0.024282380 -0.004785818 0.999692843
7117. -0.481065169 0.131199353 -0.171804783 0.001288130 0.024301366 -0.004780721 0.999692417
7118. -0.481057987 0.131232657 -0.171802183 0.001300150 0.024292124 -0.004791680 0.999692574
7119. -0.481029984 0.131253281 -0.171727000 0.001304918 0.024294649 -0.004775935 0.999692582
7120. -0.480996048 0.131218520 -0.171710888 0.001294923 0.024282764 -0.004793094 0.999692801
7121. -0.481020228 0.131201835 -0.171766431 0.001288505 0.024287141 -0.004779476 0.999692768
7122. -0.481098407 0.131177208 -0.171800357 0.001279775 0.024301614 -0.004790797 0.999692374
7123. -0.481133067 0.131189298 -0.171854564 0.001283493 0.024310452 -0.004785249 0.999692181
7124. -0.481091973 0.131219509 -0.171816061 0.001294848 0.024297869 -0.004809486 0.999692356
7125. -0.481106913 0.131222978 -0.171854959 0.001294333 0.024299372 -0.004806020 0.999692336
7126. -0.481075921 0.131224420 -0.171827296 0.001299151 0.024295233 -0.004791657 0.999692500
7127. -0.481041814 0.131226436 -0.171765505 0.001293746 0.024288897 -0.004814614 0.999692550
7128. -0.481023991 0.131195621 -0.171756815 0.001283952 0.024282284 -0.004819918 0.999692698
7129. -0.481021574 0.131178993 -0.171791116 0.001281030 0.024283034 -0.004815788 0.999692703
7130. -0.481057737 0.131143057 -0.171789881 0.001276795 0.024286048 -0.004780238 0.999692806
7131. -0.481039124 0.131180479 -0.171796994 0.001282848 0.024279389 -0.004818386 0.999692777
7132. -0.481008761 0.131186836 -0.171763970 0.001286277 0.024270239 -0.004809637 0.999693037
7133. -0.481013086 0.131192811 -0.171765076 0.001286733 0.024272080 -0.004801441 0.999693031
7134. -0.481021931 0.131173346 -0.171723979 0.001276318 0.024282268 -0.004796982 0.999692819
7135. -0.480937831 0.131244811 -0.171729046 0.001302443 0.024257157 -0.004807660 0.999693343
7136. -0.481019437 0.131224152 -0.171823775 0.001309811 0.024273183 -0.004794053 0.999693010
7137. -0.480961903 0.131205091 -0.171736583 0.001299963 0.024263045 -0.004791285 0.999693282
7138. -0.481004333 0.131189381 -0.171815369 0.001298940 0.024270845 -0.004792088 0.999693090
7139. -0.480936740 0.131202930 -0.171783095 0.001300582 0.024252505 -0.004791309 0.999693537
7140. -0.480999372 0.131190408 -0.171831415 0.001302345 0.024258540 -0.004814712 0.999693276
7141. -0.480962926 0.131180863 -0.171795742 0.001297782 0.024253019 -0.004805620 0.999693459
7142. -0.481018629 0.131218796 -0.171843740 0.001310564 0.024258387 -0.004813340 0.999693275
7143. -0.480919078 0.131230704 -0.171794377 0.001312493 0.024241237 -0.004790666 0.999693798
7144. -0.480983735 0.131251913 -0.171846106 0.001322538 0.024255675 -0.004801731 0.999693381
7145. -0.481006791 0.131240088 -0.171873285 0.001318940 0.024259895 -0.004797808 0.999693302
7146. -0.480995240 0.131188451 -0.171866331 0.001303652 0.024256680 -0.004785813 0.999693458
7147. -0.481006986 0.131160329 -0.171891988 0.001304171 0.024264221 -0.004785632 0.999693275
7148. -0.480961123 0.131158422 -0.171882132 0.001293264 0.024251049 -0.004777052 0.999693650
7149. -0.480969093 0.131160211 -0.171889390 0.001289366 0.024250049 -0.004786808 0.999693633
7150. -0.480975750 0.131150914 -0.171775797 0.001293703 0.024263130 -0.004773687 0.999693372
7151. -0.480983157 0.131278350 -0.171988934 0.001344566 0.024237200 -0.004824949 0.999693688
7152. -0.481033708 0.131292382 -0.172007690 0.001349439 0.024249164 -0.004820792 0.999693412
7153. -0.480992800 0.131292690 -0.172020229 0.001350957 0.024245489 -0.004815720 0.999693523
7154. -0.481014039 0.131277551 -0.172004835 0.001339904 0.024247861 -0.004818159 0.999693469
7155. -0.480976848 0.131494752 -0.171652965 0.001420951 0.024232149 -0.004731126 0.999694153
7156. -0.481171255 0.131413807 -0.171725169 0.001322240 0.024308962 -0.004719278 0.999692480
7157. -0.481126096 0.131323614 -0.171680530 0.001304207 0.024292905 -0.004700817 0.999692981
7158. -0.481101107 0.131365985 -0.171630251 0.001317540 0.024288264 -0.004706956 0.999693047
7159. -0.481120481 0.131312149 -0.171682181 0.001299042 0.024287178 -0.004718269 0.999693045
7160. -0.481125181 0.131333528 -0.171664154 0.001303602 0.024290460 -0.004722497 0.999692939
7161. -0.481094794 0.131279905 -0.171622855 0.001294339 0.024290906 -0.004706656 0.999693015
7162. -0.481107629 0.131289994 -0.171703177 0.001295238 0.024290309 -0.004725170 0.999692941
7163. -0.481102480 0.131309938 -0.171769793 0.001297719 0.024285966 -0.004707939 0.999693124
7164. -0.481118556 0.131323466 -0.171767436 0.001304642 0.024294752 -0.004711357 0.999692886
7165. -0.481108287 0.131350921 -0.171745069 0.001307767 0.024288794 -0.004729775 0.999692940
7166. -0.481097387 0.131331076 -0.171727871 0.001300597 0.024268846 -0.004744324 0.999693364
7167. -0.481256299 0.131230451 -0.172215154 0.001279964 0.024293147 -0.004783292 0.999692615
7168. -0.481291383 0.131227614 -0.172250366 0.001277647 0.024309485 -0.004768878 0.999692290
7169. -0.481262563 0.131209440 -0.172218946 0.001272131 0.024296477 -0.004780456 0.999692558
7170. -0.481266280 0.131204277 -0.172249735 0.001272085 0.024297077 -0.004785385 0.999692520
7171. -0.481250571 0.131220170 -0.172180529 0.001272512 0.024293331 -0.004790729 0.999692585
7172. -0.481221515 0.131205298 -0.172140368 0.001271952 0.024289142 -0.004779479 0.999692741
7173. -0.481246294 0.131202024 -0.172149359 0.001265988 0.024292976 -0.004772609 0.999692688
7174. -0.481240798 0.131197181 -0.172119216 0.001258829 0.024298679 -0.004778574 0.999692530
7175. -0.481256409 0.131192704 -0.172152565 0.001251230 0.024304043 -0.004787899 0.999692365
7176. -0.481263309 0.131191997 -0.172142815 0.001252837 0.024308101 -0.004775126 0.999692325
7177. -0.481244461 0.131192621 -0.172110990 0.001258345 0.024303113 -0.004772885 0.999692450
7178. -0.481221478 0.131219786 -0.172107525 0.001269855 0.024296840 -0.004768038 0.999692611
7179. -0.481260973 0.131232815 -0.172123821 0.001264813 0.024312864 -0.004777414 0.999692183
7180. -0.481237130 0.131246576 -0.172062072 0.001264820 0.024312098 -0.004787044 0.999692156
7181. -0.481236908 0.131219899 -0.172102339 0.001261192 0.024306437 -0.004768444 0.999692387
7182. -0.481210476 0.131289615 -0.172042264 0.001280070 0.024303163 -0.004779021 0.999692392
7183. -0.481227813 0.131309162 -0.172077466 0.001293166 0.024304988 -0.004795069 0.999692254
7184. -0.481220588 0.131296236 -0.172078574 0.001283693 0.024307812 -0.004788432 0.999692229
7185. -0.481211400 0.131333196 -0.172054183 0.001299799 0.024304184 -0.004806366 0.999692211
7186. -0.481189564 0.131327473 -0.171982363 0.001295876 0.024302718 -0.004803266 0.999692266
7187. -0.481177020 0.131340889 -0.171969859 0.001298453 0.024305731 -0.004802428 0.999692194
7188. -0.481160181 0.131332562 -0.171948737 0.001290368 0.024300796 -0.004806060 0.999692307
7189. -0.481198637 0.131330356 -0.172036947 0.001292662 0.024307899 -0.004797157 0.999692174
7190. -0.481174070 0.131335713 -0.171981875 0.001298955 0.024299287 -0.004803629 0.999692344
7191. -0.481232763 0.131312063 -0.172043722 0.001291383 0.024312719 -0.004809092 0.999692001
7192. -0.481209120 0.131344868 -0.172066871 0.001297421 0.024306009 -0.004779513 0.999692298
7193. -0.481230758 0.131345485 -0.172149443 0.001300699 0.024301003 -0.004778726 0.999692419
7194. -0.481223247 0.131357537 -0.172097797 0.001296662 0.024304161 -0.004806831 0.999692213
7195. -0.481231556 0.131364979 -0.172095307 0.001303629 0.024315222 -0.004789877 0.999692016
7196. -0.481216722 0.131364759 -0.172081250 0.001302857 0.024307219 -0.004779737 0.999692261
7197. -0.481188571 0.131378875 -0.172061524 0.001310495 0.024296107 -0.004786845 0.999692487
7198. -0.481205255 0.131396322 -0.172081540 0.001307675 0.024305895 -0.004791843 0.999692228
7199. -0.481226586 0.131340402 -0.172121576 0.001292364 0.024314596 -0.004777689 0.999692105
7200. -0.481220080 0.131393579 -0.172111691 0.001309860 0.024312938 -0.004781125 0.999692106
7201. -0.481192280 0.131385985 -0.172033936 0.001315486 0.024310512 -0.004773177 0.999692195
7202. -0.481179387 0.131397873 -0.172060166 0.001311072 0.024301995 -0.004779097 0.999692380
7203. -0.481163157 0.131377398 -0.172039774 0.001305739 0.024302635 -0.004782820 0.999692353
7204. -0.481168569 0.131417271 -0.172025530 0.001317465 0.024301450 -0.004787601 0.999692344
7205. -0.481198959 0.131392491 -0.172043441 0.001305707 0.024305222 -0.004820476 0.999692110
7206. -0.481207003 0.131387575 -0.172099487 0.001309546 0.024308590 -0.004809192 0.999692077
7207. -0.481194646 0.131395925 -0.172026642 0.001314552 0.024309373 -0.004797083 0.999692110
7208. -0.481195531 0.131374861 -0.172091629 0.001310439 0.024302574 -0.004789401 0.999692317
7209. -0.481192518 0.131387819 -0.172090452 0.001312168 0.024301051 -0.004784396 0.999692376
7210. -0.481213736 0.131387456 -0.172116284 0.001307728 0.024303743 -0.004788287 0.999692298
7211. -0.481229028 0.131362687 -0.172177407 0.001296307 0.024306902 -0.004806843 0.999692147
7212. -0.481158893 0.131181742 -0.172050394 0.001260505 0.024291798 -0.004784623 0.999692666
7213. -0.481222854 0.131207482 -0.172206770 0.001250130 0.024304251 -0.004812424 0.999692243
7214. -0.481188934 0.131231908 -0.172183215 0.001255769 0.024294089 -0.004812069 0.999692485
7215. -0.481153683 0.131201501 -0.172160689 0.001244042 0.024286758 -0.004806093 0.999692706
7216. -0.481131412 0.131192377 -0.172143009 0.001241285 0.024280541 -0.004804374 0.999692869
7217. -0.481159191 0.131215579 -0.172151042 0.001249116 0.024286713 -0.004825661 0.999692607
7218. -0.481202212 0.131215569 -0.172249259 0.001253800 0.024295376 -0.004793854 0.999692544
7219. -0.481198819 0.131220363 -0.172242503 0.001252761 0.024293708 -0.004800343 0.999692554
7220. -0.481177084 0.131220316 -0.172248709 0.001253075 0.024292908 -0.004806641 0.999692543
7221. -0.481165088 0.131225789 -0.172235525 0.001252526 0.024293379 -0.004792402 0.999692601
7222. -0.481152497 0.131234746 -0.172218588 0.001264266 0.024283811 -0.004782045 0.999692868
7223. -0.481182789 0.131220182 -0.172227486 0.001257188 0.024292476 -0.004797897 0.999692590
7224. -0.481185659 0.131203983 -0.172243703 0.001253346 0.024292199 -0.004795243 0.999692615
7225. -0.481184671 0.131191227 -0.172280777 0.001247571 0.024289417 -0.004790513 0.999692712
7226. -0.481179446 0.131175018 -0.172278210 0.001246100 0.024283332 -0.004794872 0.999692841
7227. -0.481150057 0.131179432 -0.172272809 0.001243276 0.024275270 -0.004785887 0.999693083
7228. -0.481151349 0.131114883 -0.172260676 0.001230137 0.024279651 -0.004769384 0.999693072
7229. -0.481141641 0.131123215 -0.172223711 0.001234953 0.024278178 -0.004781134 0.999693046
7230. -0.481163485 0.131093862 -0.172263456 0.001221793 0.024284892 -0.004772479 0.999692940
7231. -0.481131993 0.131137655 -0.172203948 0.001236241 0.024275241 -0.004784447 0.999693100
7232. -0.481107365 0.131079672 -0.172127155 0.001222013 0.024277020 -0.004765327 0.999693165
7233. -0.481105222 0.131118267 -0.172160325 0.001234241 0.024275384 -0.004767996 0.999693177
7234. -0.481142191 0.131067366 -0.172172519 0.001217770 0.024288151 -0.004768589 0.999692885
7235. -0.481087162 0.131115999 -0.172101993 0.001232312 0.024278270 -0.004769951 0.999693100
7236. -0.481138267 0.131095190 -0.172138112 0.001225874 0.024285269 -0.004795184 0.999692817
7237. -0.481128139 0.131052957 -0.172134105 0.001211596 0.024284563 -0.004777772 0.999692935
7238. -0.481108215 0.131077344 -0.172074557 0.001215938 0.024279085 -0.004785462 0.999693026
7239. -0.481152212 0.131036704 -0.172138806 0.001203149 0.024289601 -0.004787561 0.999692776
7240. -0.481159986 0.131049394 -0.172132945 0.001201859 0.024291016 -0.004790775 0.999692728
7241. -0.481175140 0.131016437 -0.172130571 0.001203381 0.024298718 -0.004778312 0.999692599
7242. -0.481148350 0.131027837 -0.172169548 0.001212585 0.024291305 -0.004767419 0.999692820
7243. -0.481109009 0.131022822 -0.172126059 0.001206313 0.024283550 -0.004774686 0.999692981
7244. -0.481137614 0.131022532 -0.172177881 0.001203293 0.024291894 -0.004765634 0.999692825
7245. -0.481137816 0.131014050 -0.172157259 0.001200078 0.024292717 -0.004764781 0.999692813
7246. -0.481164830 0.131004782 -0.172164682 0.001201136 0.024298057 -0.004774156 0.999692637
7247. -0.481125975 0.131078129 -0.172163993 0.001220557 0.024292107 -0.004762067 0.999692816
7248. -0.481060505 0.131083752 -0.172147713 0.001223860 0.024277778 -0.004773822 0.999693104
7249. -0.481075667 0.131021826 -0.172085412 0.001207644 0.024284299 -0.004775115 0.999692959
7250. -0.481120613 0.131060748 -0.172148119 0.001215055 0.024287894 -0.004782497 0.999692828
7251. -0.481101256 0.131085449 -0.172137842 0.001225118 0.024280544 -0.004779448 0.999693008
7252. -0.481080686 0.131064347 -0.172113883 0.001216962 0.024286069 -0.004776818 0.999692897
7253. -0.481019962 0.131095749 -0.172108405 0.001230265 0.024261072 -0.004791451 0.999693417
7254. -0.481077986 0.131074643 -0.172163195 0.001229573 0.024273255 -0.004780220 0.999693176
7255. -0.481093373 0.131100058 -0.172182599 0.001231452 0.024274081 -0.004791004 0.999693102
7256. -0.481132374 0.131045199 -0.172152638 0.001209666 0.024286011 -0.004806064 0.999692767
7257. -0.481133683 0.131041505 -0.172251330 0.001211370 0.024281260 -0.004779717 0.999693007
7258. -0.481157630 0.131007036 -0.172245858 0.001201383 0.024287319 -0.004767854 0.999692928
7259. -0.481180015 0.130988073 -0.172186627 0.001195988 0.024298513 -0.004773479 0.999692636
7260. -0.481170956 0.131029751 -0.172165978 0.001215040 0.024298100 -0.004778205 0.999692600
7261. -0.481185256 0.131028429 -0.172219291 0.001210362 0.024297326 -0.004770956 0.999692659
7262. -0.481093992 0.131032340 -0.172107594 0.001204380 0.024283668 -0.004790058 0.999692907
7263. -0.481134731 0.130989754 -0.172275727 0.001193339 0.024282806 -0.004767545 0.999693049
7264. -0.481146545 0.130970435 -0.172208347 0.001192598 0.024281952 -0.004781519 0.999693004
7265. -0.481147701 0.130975403 -0.172213736 0.001188769 0.024287475 -0.004772215 0.999692919
7266. -0.481124576 0.131030159 -0.172234967 0.001199586 0.024280558 -0.004777259 0.999693050
7267. -0.481119730 0.130997070 -0.172230781 0.001186581 0.024280627 -0.004775579 0.999693071
7268. -0.481117569 0.131004760 -0.172241641 0.001188373 0.024277353 -0.004773367 0.999693159
7269. -0.481176325 0.130950856 -0.172255087 0.001178477 0.024289270 -0.004759419 0.999692948
7270. -0.481195497 0.130963170 -0.172214488 0.001180861 0.024296809 -0.004757259 0.999692772
7271. -0.481193939 0.130965329 -0.172230519 0.001180936 0.024297892 -0.004767161 0.999692699
7272. -0.481166275 0.130987746 -0.172292901 0.001197003 0.024285150 -0.004757201 0.999693037
7273. -0.481124166 0.130976592 -0.172208115 0.001191140 0.024272178 -0.004761606 0.999693338
7274. -0.481101766 0.131025083 -0.172186324 0.001205422 0.024275110 -0.004754929 0.999693281
7275. -0.481153508 0.130972204 -0.172241010 0.001184108 0.024281424 -0.004770213 0.999693081
7276. -0.481182857 0.130973046 -0.172360016 0.001183978 0.024281841 -0.004757605 0.999693131
7277. -0.481186312 0.130996070 -0.172344671 0.001193702 0.024282681 -0.004772316 0.999693029
7278. -0.481157828 0.130987628 -0.172314166 0.001194630 0.024280006 -0.004738845 0.999693252
7279. -0.481209204 0.130988394 -0.172373826 0.001192775 0.024292815 -0.004767987 0.999692804
7280. -0.481259962 0.131004118 -0.172349656 0.001192393 0.024292888 -0.004774202 0.999692773
7281. -0.481222439 0.131036106 -0.172386362 0.001196125 0.024292740 -0.004767195 0.999692806
7282. -0.481205073 0.131009997 -0.172426354 0.001194690 0.024282708 -0.004778692 0.999692996
7283. -0.481187768 0.131012535 -0.172374267 0.001198926 0.024278742 -0.004759246 0.999693180
7284. -0.481159429 0.131016348 -0.172397314 0.001198737 0.024268169 -0.004757341 0.999693446
7285. -0.481224421 0.131066956 -0.172452666 0.001216836 0.024277200 -0.004764611 0.999693171
7286. -0.481159112 0.131009656 -0.172396397 0.001200317 0.024259200 -0.004754876 0.999693674
7287. -0.481171178 0.130987978 -0.172385372 0.001197608 0.024263653 -0.004769011 0.999693502
7288. -0.481202593 0.130988807 -0.172349947 0.001191750 0.024279224 -0.004780155 0.999693077
7289. -0.481208365 0.130987576 -0.172396331 0.001193652 0.024274593 -0.004777911 0.999693198
7290. -0.481209501 0.131017595 -0.172433039 0.001201928 0.024281142 -0.004753186 0.999693147
7291. -0.481177508 0.130999217 -0.172364023 0.001194053 0.024265987 -0.004760371 0.999693491
7292. -0.481204284 0.131045298 -0.172363728 0.001209496 0.024276135 -0.004770433 0.999693178
7293. -0.481166915 0.131021878 -0.172369602 0.001209225 0.024263180 -0.004757032 0.999693556
7294. -0.481173180 0.131024183 -0.172230461 0.001202062 0.024263968 -0.004788160 0.999693397
7295. -0.481129677 0.131019130 -0.172305818 0.001210759 0.024253462 -0.004747670 0.999693835
7296. -0.481123185 0.131008318 -0.172313426 0.001200682 0.024251777 -0.004755379 0.999693851
7297. -0.481124928 0.130997309 -0.172268651 0.001202052 0.024252065 -0.004737999 0.999693925
7298. -0.481062592 0.131026715 -0.172211245 0.001207059 0.024237929 -0.004760566 0.999694155
7299. -0.481104412 0.131000716 -0.172265727 0.001208155 0.024246274 -0.004762207 0.999693943
7300. -0.481085572 0.131063455 -0.172219621 0.001218001 0.024244734 -0.004770550 0.999693929
7301. -0.481054876 0.131031947 -0.172157771 0.001214901 0.024240090 -0.004771573 0.999694040
7302. -0.481072196 0.131009891 -0.172150680 0.001204803 0.024251195 -0.004794868 0.999693672
7303. -0.481103191 0.131045193 -0.172254417 0.001212317 0.024249588 -0.004785325 0.999693747
7304. -0.481032159 0.131052570 -0.172168383 0.001214242 0.024240782 -0.004778178 0.999693993
7305. -0.481030631 0.131061515 -0.172153968 0.001218138 0.024243472 -0.004777999 0.999693924
7306. -0.481018076 0.131089063 -0.172089663 0.001221996 0.024237648 -0.004797692 0.999693966
7307. -0.481028550 0.131039321 -0.172095998 0.001214227 0.024246417 -0.004785847 0.999693819
7308. -0.481061594 0.131036482 -0.172115380 0.001210204 0.024252307 -0.004781863 0.999693700
7309. -0.481034717 0.131088614 -0.172105111 0.001225577 0.024247248 -0.004785955 0.999693785
7310. -0.481001612 0.131089946 -0.172126539 0.001219435 0.024234839 -0.004794108 0.999694054
7311. -0.481049565 0.131068710 -0.172149227 0.001223026 0.024242997 -0.004793882 0.999693853
7312. -0.481038510 0.131025983 -0.172113642 0.001207248 0.024243977 -0.004796684 0.999693835
7313. -0.481027472 0.130983333 -0.172048230 0.001196295 0.024240681 -0.004786604 0.999693977
7314. -0.481007078 0.130988872 -0.172116331 0.001190110 0.024235503 -0.004783832 0.999694123
7315. -0.480998444 0.130988572 -0.172035738 0.001196402 0.024233038 -0.004773085 0.999694226
7316. -0.481010601 0.130991869 -0.172064542 0.001195256 0.024230214 -0.004761207 0.999694353
7317. -0.480995178 0.130982166 -0.172056805 0.001190743 0.024228915 -0.004750180 0.999694442
7318. -0.481031376 0.130936341 -0.172039260 0.001171374 0.024237451 -0.004739643 0.999694308
7319. -0.481007584 0.130977524 -0.172025365 0.001194432 0.024233554 -0.004732715 0.999694408
7320. -0.481023041 0.131010882 -0.172060826 0.001208536 0.024234384 -0.004757755 0.999694252
7321. -0.481025202 0.130993752 -0.172062602 0.001198000 0.024238964 -0.004755583 0.999694164
7322. -0.481015805 0.130950660 -0.172061335 0.001185204 0.024233324 -0.004768758 0.999694253
7323. -0.480973070 0.130913957 -0.172058497 0.001176916 0.024221950 -0.004737881 0.999694686
7324. -0.480993567 0.130927521 -0.172032972 0.001175001 0.024231523 -0.004753316 0.999694383
7325. -0.480996890 0.130910004 -0.172033158 0.001168999 0.024227651 -0.004747924 0.999694509
7326. -0.480982109 0.130902107 -0.171977283 0.001166388 0.024230979 -0.004747662 0.999694433
7327. -0.480944206 0.130930237 -0.171908930 0.001172413 0.024227073 -0.004763109 0.999694447
7328. -0.480961490 0.130904704 -0.171928312 0.001165765 0.024231342 -0.004750518 0.999694411
7329. -0.480945340 0.130946921 -0.171947417 0.001180409 0.024221147 -0.004768452 0.999694556
7330. -0.481030078 0.130948450 -0.172083050 0.001185807 0.024232252 -0.004768789 0.999694279
7331. -0.481016591 0.130917149 -0.172048729 0.001176675 0.024231556 -0.004762740 0.999694335
7332. -0.481034586 0.130953597 -0.172181671 0.001188433 0.024231604 -0.004778126 0.999694247
7333. -0.481014236 0.130958174 -0.172055723 0.001184156 0.024237169 -0.004789044 0.999694064
7334. -0.481055219 0.130929511 -0.172075685 0.001172649 0.024250129 -0.004786837 0.999693774
7335. -0.481071083 0.130856648 -0.172090831 0.001158040 0.024256682 -0.004753539 0.999693791
7336. -0.481080528 0.130893460 -0.172106595 0.001164176 0.024260822 -0.004767554 0.999693617
7337. -0.481078200 0.130879560 -0.172066493 0.001166811 0.024260110 -0.004762982 0.999693653
7338. -0.481081024 0.130947155 -0.172135596 0.001186075 0.024255700 -0.004786196 0.999693626
7339. -0.481078416 0.130897487 -0.172067249 0.001170404 0.024260268 -0.004770453 0.999693609
7340. -0.481106110 0.130938440 -0.172187993 0.001185872 0.024255981 -0.004771290 0.999693691
7341. -0.481147678 0.130915881 -0.172155632 0.001176968 0.024273891 -0.004752748 0.999693355
7342. -0.481148178 0.130917264 -0.172159654 0.001172937 0.024272747 -0.004771941 0.999693296
7343. -0.481115539 0.130909731 -0.172096222 0.001169539 0.024265818 -0.004777237 0.999693443
7344. -0.481155891 0.130863147 -0.172163069 0.001163534 0.024272185 -0.004776463 0.999693299
7345. -0.481164828 0.130909475 -0.172114727 0.001173458 0.024285299 -0.004771036 0.999692995
7346. -0.481130586 0.130894042 -0.172089827 0.001165954 0.024272486 -0.004782287 0.999693261
7347. -0.481144730 0.130936224 -0.172127951 0.001177238 0.024273019 -0.004764199 0.999693322
7348. -0.481143589 0.130928204 -0.172157984 0.001179171 0.024268991 -0.004767324 0.999693402
7349. -0.481127755 0.130961571 -0.172137682 0.001188076 0.024267839 -0.004764070 0.999693435
7350. -0.481152414 0.130927918 -0.172135237 0.001183966 0.024273680 -0.004779477 0.999693225
7351. -0.481113412 0.130979675 -0.172120236 0.001195644 0.024260787 -0.004762142 0.999693606
7352. -0.481145184 0.130948224 -0.172112775 0.001183028 0.024274633 -0.004745908 0.999693362
7353. -0.481137152 0.130915079 -0.172134777 0.001178610 0.024267571 -0.004744235 0.999693547
7354. -0.481119763 0.130971267 -0.172152785 0.001193911 0.024260996 -0.004752766 0.999693648
7355. -0.481138960 0.130960503 -0.172186188 0.001189974 0.024266680 -0.004755202 0.999693503
7356. -0.481176160 0.130961436 -0.172209024 0.001191538 0.024275449 -0.004776748 0.999693186
7357. -0.481155273 0.130990406 -0.172181916 0.001200198 0.024269029 -0.004768799 0.999693369
7358. -0.481165819 0.130941750 -0.172200848 0.001187861 0.024275886 -0.004772357 0.999693200
7359. -0.481150092 0.130956247 -0.172199867 0.001192850 0.024271736 -0.004766910 0.999693321
7360. -0.481107208 0.130930715 -0.172183103 0.001184066 0.024260336 -0.004780586 0.999693543
7361. -0.481142443 0.130948528 -0.172261275 0.001197098 0.024266894 -0.004782403 0.999693360
7362. -0.481243720 0.130977592 -0.172405212 0.001197082 0.024282904 -0.004790210 0.999692934
7363. -0.481137541 0.130830687 -0.172409761 0.001151899 0.024244492 -0.004739562 0.999694160
7364. -0.481105666 0.130915133 -0.172430075 0.001178420 0.024229369 -0.004749227 0.999694450
7365. -0.481148514 0.130890576 -0.172423944 0.001170370 0.024243067 -0.004754843 0.999694101
7366. -0.481087363 0.130947634 -0.172373250 0.001185933 0.024232934 -0.004757222 0.999694317
7367. -0.481110185 0.130987620 -0.172459336 0.001195736 0.024226847 -0.004742458 0.999694523
7368. -0.481065766 0.130956615 -0.172429023 0.001188237 0.024222228 -0.004733550 0.999694686
7369. -0.481099006 0.130893610 -0.172428193 0.001168134 0.024231751 -0.004732658 0.999694483
7370. -0.481158158 0.130909007 -0.172443112 0.001173575 0.024251214 -0.004743877 0.999693952
7371. -0.481157940 0.130894318 -0.172433006 0.001170972 0.024248158 -0.004738157 0.999694056
7372. -0.481151209 0.130899925 -0.172374804 0.001168107 0.024253322 -0.004748520 0.999693885
7373. -0.481130916 0.130904717 -0.172392939 0.001176709 0.024244332 -0.004755524 0.999694060
7374. -0.481111495 0.130904810 -0.172416370 0.001180412 0.024239245 -0.004731330 0.999694293
7375. -0.481083613 0.130888263 -0.172379139 0.001175255 0.024233396 -0.004715469 0.999694516
7376. -0.481099167 0.130897850 -0.172369129 0.001169781 0.024242889 -0.004734847 0.999694201
7377. -0.481054802 0.130935085 -0.172331019 0.001185612 0.024230430 -0.004740925 0.999694455
7378. -0.481036634 0.130926905 -0.172273535 0.001187116 0.024231946 -0.004736503 0.999694438
7379. -0.481041309 0.130972011 -0.172367083 0.001192772 0.024222970 -0.004744445 0.999694611
7380. -0.481050454 0.130965117 -0.172344211 0.001186719 0.024224699 -0.004771436 0.999694448
7381. -0.481023391 0.130903567 -0.172347531 0.001171608 0.024218323 -0.004756358 0.999694692
7382. -0.481029243 0.130902332 -0.172336254 0.001173594 0.024222442 -0.004740796 0.999694664
7383. -0.481039544 0.130926120 -0.172378896 0.001178707 0.024217277 -0.004754253 0.999694719
7384. -0.481086298 0.130870073 -0.172285316 0.001161922 0.024229562 -0.004739031 0.999694513
7385. -0.481099334 0.130933653 -0.172352226 0.001171922 0.024229626 -0.004763790 0.999694382
7386. -0.481071018 0.130956389 -0.172328712 0.001186147 0.024221865 -0.004742203 0.999694656
7387. -0.481075112 0.130925639 -0.172311862 0.001172168 0.024231521 -0.004751129 0.999694396
7388. -0.481115199 0.130946949 -0.172314145 0.001180346 0.024240020 -0.004760357 0.999694137
7389. -0.481097704 0.131033751 -0.172338050 0.001208154 0.024235332 -0.004768470 0.999694179
7390. -0.481129900 0.130954523 -0.172310657 0.001189645 0.024236879 -0.004760815 0.999694200
7391. -0.481139066 0.130988032 -0.172342561 0.001197794 0.024244754 -0.004765439 0.999693977
7392. -0.481125377 0.130972097 -0.172293910 0.001191831 0.024243276 -0.004764409 0.999694025
7393. -0.481138046 0.131017286 -0.172351332 0.001198385 0.024242067 -0.004745736 0.999694135
7394. -0.481082096 0.130968490 -0.172261690 0.001195906 0.024226639 -0.004779916 0.999694349
7395. -0.481110729 0.131023666 -0.172247795 0.001212353 0.024238893 -0.004787974 0.999693994
7396. -0.481111160 0.131033824 -0.172285746 0.001214744 0.024237433 -0.004786710 0.999694033
7397. -0.481136913 0.131002805 -0.172217146 0.001198998 0.024250200 -0.004792258 0.999693715
7398. -0.481163528 0.131020678 -0.172273440 0.001202504 0.024255305 -0.004791771 0.999693590
7399. -0.481009981 0.130812553 -0.172245071 0.001133806 0.024207342 -0.004746315 0.999695049
7400. -0.481025765 0.130770816 -0.172245514 0.001121034 0.024211753 -0.004725960 0.999695053
7401. -0.481044668 0.130762806 -0.172235452 0.001117179 0.024215649 -0.004721067 0.999694986
7402. -0.481043314 0.130775588 -0.172262112 0.001119767 0.024213559 -0.004750893 0.999694893
7403. -0.481225133 0.130839630 -0.172434134 0.001150341 0.024269445 -0.004732549 0.999693590
7404. -0.481253238 0.130869505 -0.172512905 0.001164558 0.024270435 -0.004720032 0.999693609
7405. -0.481226441 0.130864184 -0.172472569 0.001156222 0.024268015 -0.004716227 0.999693695
7406. -0.481275624 0.130865344 -0.172475691 0.001156758 0.024282368 -0.004712440 0.999693364
7407. -0.481326496 0.130848524 -0.172562278 0.001143604 0.024295902 -0.004710133 0.999693061
7408. -0.481327708 0.130863692 -0.172551791 0.001157029 0.024300392 -0.004690883 0.999693027
7409. -0.481276293 0.130852338 -0.172565645 0.001149538 0.024282736 -0.004694861 0.999693446
7410. -0.481303596 0.130806382 -0.172558828 0.001139918 0.024295240 -0.004682935 0.999693209
7411. -0.481277391 0.130822763 -0.172501865 0.001143400 0.024289487 -0.004705451 0.999693239
7412. -0.481315436 0.130825703 -0.172507785 0.001140278 0.024296075 -0.004703909 0.999693090
7413. -0.481300108 0.130795321 -0.172494815 0.001140046 0.024297592 -0.004694812 0.999693096
7414. -0.481270780 0.130835923 -0.172559545 0.001149286 0.024278699 -0.004695630 0.999693541
7415. -0.481324879 0.130830674 -0.172585593 0.001149525 0.024295728 -0.004692258 0.999693142
7416. -0.481285406 0.130847616 -0.172569828 0.001157344 0.024292980 -0.004695880 0.999693183
7417. -0.481238112 0.130778509 -0.172540572 0.001134480 0.024280700 -0.004695931 0.999693507
7418. -0.481326085 0.130782094 -0.172572678 0.001132063 0.024304332 -0.004703440 0.999692901
7419. -0.481256745 0.130805687 -0.172526312 0.001136377 0.024283530 -0.004710418 0.999693368
7420. -0.481273185 0.130787603 -0.172554832 0.001126613 0.024283783 -0.004708820 0.999693381
7421. -0.481243384 0.130792191 -0.172525922 0.001131344 0.024275487 -0.004696503 0.999693635
7422. -0.481279996 0.130805585 -0.172564683 0.001139424 0.024282745 -0.004703419 0.999693417
7423. -0.481241477 0.130794808 -0.172514581 0.001136616 0.024270279 -0.004708270 0.999693700
7424. -0.481225890 0.130783246 -0.172501189 0.001136604 0.024274390 -0.004702549 0.999693627
7425. -0.481248104 0.130775867 -0.172569976 0.001138435 0.024272142 -0.004695730 0.999693712
7426. -0.481293412 0.130787527 -0.172604214 0.001147066 0.024279911 -0.004693651 0.999693523
7427. -0.481299292 0.130765063 -0.172572499 0.001146088 0.024291674 -0.004663298 0.999693380
7428. -0.481262770 0.130735546 -0.172498230 0.001128652 0.024277247 -0.004696016 0.999693597
7429. -0.481226209 0.130804840 -0.172407365 0.001143989 0.024277910 -0.004702661 0.999693533
7430. -0.481255038 0.130734071 -0.172410536 0.001127903 0.024282118 -0.004681732 0.999693547
7431. -0.481231654 0.130729403 -0.172408072 0.001126733 0.024280729 -0.004689195 0.999693547
7432. -0.481243064 0.130710206 -0.172368993 0.001118766 0.024282655 -0.004691300 0.999693499
7433. -0.481217616 0.130771229 -0.172359027 0.001134107 0.024279255 -0.004694743 0.999693549
7434. -0.481262934 0.130772475 -0.172405428 0.001134799 0.024289221 -0.004681069 0.999693370
7435. -0.481186076 0.130774000 -0.172333174 0.001133995 0.024269339 -0.004675876 0.999693878
7436. -0.481186634 0.130774591 -0.172312543 0.001135640 0.024268800 -0.004676783 0.999693885
7437. -0.481197513 0.130730511 -0.172322135 0.001120912 0.024275110 -0.004669809 0.999693781
7438. -0.481156062 0.130798540 -0.172317864 0.001146783 0.024266157 -0.004654127 0.999694042
7439. -0.481197432 0.130806829 -0.172343163 0.001145632 0.024275629 -0.004679037 0.999693697
7440. -0.481216353 0.130781976 -0.172284784 0.001133232 0.024285069 -0.004671573 0.999693517
7441. -0.481224289 0.130773453 -0.172312696 0.001131002 0.024287630 -0.004652993 0.999693544
7442. -0.481205452 0.130810033 -0.172271200 0.001136617 0.024284389 -0.004677377 0.999693502
7443. -0.481273906 0.130753060 -0.172344200 0.001122989 0.024297426 -0.004671176 0.999693230
7444. -0.481285902 0.130759072 -0.172350134 0.001122541 0.024299404 -0.004662576 0.999693223
7445. -0.481304137 0.130739071 -0.172399664 0.001124679 0.024299952 -0.004658634 0.999693225
7446. -0.481346114 0.130777448 -0.172407446 0.001129816 0.024308619 -0.004658941 0.999693007
7447. -0.481267875 0.130772502 -0.172335510 0.001133062 0.024294973 -0.004661258 0.999693325
7448. -0.481252721 0.130801793 -0.172315166 0.001144138 0.024295089 -0.004675008 0.999693245
7449. -0.481290864 0.130779080 -0.172380022 0.001141152 0.024299855 -0.004652673 0.999693237
7450. -0.481258860 0.130749892 -0.172375760 0.001122467 0.024292046 -0.004656413 0.999693430
7451. -0.481246591 0.130718520 -0.172368120 0.001115883 0.024285833 -0.004688408 0.999693439
7452. -0.481299549 0.130779747 -0.172463784 0.001132240 0.024292232 -0.004672870 0.999693338
7453. -0.481220892 0.130761955 -0.172369563 0.001129720 0.024279389 -0.004671626 0.999693659
7454. -0.481292461 0.130732553 -0.172403694 0.001121827 0.024298303 -0.004679467 0.999693171
7455. -0.481258816 0.130790215 -0.172378120 0.001137228 0.024288149 -0.004681829 0.999693390
7456. -0.481253960 0.130789435 -0.172337684 0.001142146 0.024290561 -0.004687278 0.999693300
7457. -0.481226248 0.130756013 -0.172358853 0.001138611 0.024283798 -0.004673749 0.999693531
7458. -0.481212652 0.130793551 -0.172290350 0.001144768 0.024285622 -0.004678139 0.999693460
7459. -0.481240722 0.130787059 -0.172340921 0.001143606 0.024288219 -0.004671328 0.999693430
7460. -0.481232059 0.130809620 -0.172444732 0.001143508 0.024279065 -0.004681024 0.999693607
7461. -0.481194349 0.130788117 -0.172334622 0.001143570 0.024276017 -0.004668291 0.999693740
7462. -0.481230241 0.130835374 -0.172360548 0.001146577 0.024289762 -0.004669503 0.999693397
7463. -0.481215873 0.130775014 -0.172389835 0.001145155 0.024282721 -0.004675558 0.999693542
7464. -0.481199257 0.130793379 -0.172411546 0.001139304 0.024274605 -0.004681326 0.999693718
7465. -0.481200391 0.130814833 -0.172396195 0.001146199 0.024276482 -0.004691646 0.999693617
7466. -0.481191392 0.130793176 -0.172406772 0.001149452 0.024275460 -0.004672917 0.999693725
7467. -0.481225942 0.130815463 -0.172427982 0.001156562 0.024278871 -0.004680873 0.999693597
7468. -0.481262660 0.130815445 -0.172446905 0.001152829 0.024284994 -0.004681184 0.999693451
7469. -0.481207062 0.130831827 -0.172395891 0.001147140 0.024273873 -0.004698216 0.999693648
7470. -0.481195422 0.130817283 -0.172437112 0.001152923 0.024268079 -0.004707172 0.999693740
7471. -0.481240377 0.130835693 -0.172509347 0.001157027 0.024279262 -0.004705663 0.999693471
7472. -0.481209765 0.130892256 -0.172422568 0.001166771 0.024281424 -0.004724735 0.999693317
7473. -0.481203847 0.130895504 -0.172444469 0.001175352 0.024276716 -0.004705843 0.999693510
7474. -0.481235389 0.130839595 -0.172399284 0.001153672 0.024286218 -0.004705243 0.999693308
7475. -0.481259307 0.130822821 -0.172334834 0.001146836 0.024301678 -0.004698474 0.999692972
7476. -0.481209160 0.130840004 -0.172359323 0.001149314 0.024286040 -0.004705121 0.999693318
7477. -0.481235535 0.130845351 -0.172330635 0.001141083 0.024291286 -0.004712505 0.999693165
7478. -0.481142136 0.130821075 -0.172267539 0.001135086 0.024276936 -0.004712665 0.999693519
7479. -0.481133140 0.130839755 -0.172300129 0.001141373 0.024271159 -0.004705397 0.999693687
7480. -0.481105042 0.130790960 -0.172196403 0.001134481 0.024273029 -0.004702145 0.999693665
7481. -0.481160726 0.130754843 -0.172283065 0.001125609 0.024277303 -0.004689514 0.999693630
7482. -0.481158387 0.130752848 -0.172293164 0.001121631 0.024276116 -0.004684967 0.999693685
7483. -0.481196328 0.130766089 -0.172348458 0.001126054 0.024285956 -0.004666312 0.999693528
7484. -0.481188691 0.130724568 -0.172339154 0.001109585 0.024283359 -0.004668972 0.999693597
7485. -0.481220978 0.130721114 -0.172394287 0.001105408 0.024293357 -0.004667713 0.999693365
7486. -0.481246595 0.130721063 -0.172405691 0.001099189 0.024296327 -0.004666402 0.999693305
7487. -0.481232782 0.130727222 -0.172381719 0.001104558 0.024295705 -0.004658615 0.999693351
7488. -0.481193371 0.130807461 -0.172444956 0.001122415 0.024274058 -0.004682868 0.999693744
7489. -0.481192697 0.130748432 -0.172431821 0.001106045 0.024275596 -0.004653071 0.999693864
7490. -0.481170071 0.130821474 -0.172381851 0.001124369 0.024266930 -0.004675343 0.999693950
7491. -0.481176199 0.130854335 -0.172377324 0.001133367 0.024277186 -0.004682993 0.999693655
7492. -0.481217547 0.130735958 -0.172346254 0.001114459 0.024278131 -0.004739146 0.999693388
7493. -0.481247275 0.130768926 -0.172416227 0.001128514 0.024280649 -0.004752103 0.999693250
7494. -0.481235532 0.130718216 -0.172295716 0.001115547 0.024276714 -0.004751149 0.999693365
7495. -0.481245960 0.130733450 -0.172317441 0.001127899 0.024277295 -0.004723681 0.999693467
7496. -0.481241386 0.130666288 -0.172296824 0.001107088 0.024275714 -0.004749421 0.999693407
7497. -0.481195553 0.130704148 -0.172290094 0.001118331 0.024261467 -0.004711864 0.999693918
7498. -0.481202350 0.130758460 -0.172310343 0.001124970 0.024268754 -0.004729385 0.999693651
7499. -0.481229413 0.130709062 -0.172352129 0.001110775 0.024270488 -0.004727476 0.999693633
7500. -0.481227595 0.130695663 -0.172311278 0.001107223 0.024268956 -0.004752148 0.999693557
7501. -0.481176436 0.130658766 -0.172256411 0.001103050 0.024264485 -0.004738496 0.999693735
7502. -0.481205653 0.130649682 -0.172295844 0.001099589 0.024264305 -0.004735237 0.999693759
7503. -0.481200614 0.130635638 -0.172325561 0.001092368 0.024266383 -0.004741103 0.999693689
7504. -0.481212737 0.130655508 -0.172299548 0.001103373 0.024270089 -0.004741611 0.999693584
7505. -0.481158650 0.130663359 -0.172213316 0.001103474 0.024261049 -0.004749532 0.999693766
7506. -0.481178312 0.130643137 -0.172236085 0.001100793 0.024259999 -0.004733630 0.999693870
7507. -0.481149504 0.130604164 -0.172198557 0.001088295 0.024255916 -0.004734207 0.999693980
7508. -0.481141964 0.130627613 -0.172209599 0.001096465 0.024253115 -0.004740608 0.999694009
7509. -0.481141931 0.130698910 -0.172291787 0.001113627 0.024251259 -0.004758662 0.999693949
7510. -0.481164572 0.130688166 -0.172304931 0.001113152 0.024261825 -0.004750280 0.999693733
7511. -0.481147129 0.130616106 -0.172232456 0.001093885 0.024260700 -0.004731891 0.999693869
7512. -0.481184193 0.130655572 -0.172219873 0.001101683 0.024268182 -0.004735501 0.999693661
7513. -0.481208771 0.130648541 -0.172216128 0.001099656 0.024275467 -0.004740772 0.999693462
7514. -0.481206278 0.130669008 -0.172254401 0.001107644 0.024272346 -0.004722442 0.999693616
7515. -0.481185943 0.130672528 -0.172271857 0.001107882 0.024264045 -0.004728865 0.999693786
7516. -0.481049364 0.130735353 -0.171926358 0.001099720 0.024209327 -0.004651943 0.999695483
7517. -0.481052096 0.130665835 -0.171889920 0.001089975 0.024215644 -0.004753311 0.999694864
7518. -0.481146534 0.131272890 -0.171577074 0.001230692 0.024227009 -0.004772466 0.999694334
7519. -0.481128147 0.131250439 -0.171506939 0.001228225 0.024222864 -0.004757475 0.999694509
7520. -0.481131052 0.131333791 -0.171656317 0.001240291 0.024228055 -0.004745937 0.999694423
7521. -0.481237431 0.131252610 -0.171549869 0.001221482 0.024265674 -0.004737819 0.999693572
7522. -0.480748588 0.131017675 -0.171944180 0.001168506 0.024150701 -0.004712266 0.999696540
7523. -0.480700943 0.130765279 -0.171941279 0.001130021 0.024140024 -0.004781849 0.999696512
7524. -0.480613224 0.130803483 -0.171946504 0.001141819 0.024111713 -0.004807973 0.999697057
7525. -0.480635427 0.130797846 -0.172012891 0.001137792 0.024125859 -0.004800432 0.999696756
7526. -0.480630483 0.130770197 -0.172036173 0.001125584 0.024119798 -0.004790746 0.999696963
7527. -0.480668599 0.130735838 -0.172059420 0.001106835 0.024127354 -0.004798914 0.999696762
7528. -0.480647665 0.130814090 -0.172008715 0.001132139 0.024125311 -0.004802244 0.999696767
7529. -0.480672395 0.130806820 -0.171980048 0.001130829 0.024121829 -0.004810540 0.999696813
7530. -0.480662916 0.130828614 -0.171968388 0.001142734 0.024131495 -0.004795032 0.999696640
7531. -0.480585552 0.130861646 -0.171928359 0.001142723 0.024114114 -0.004802999 0.999697022
7532. -0.480616770 0.130755708 -0.171947811 0.001118758 0.024119844 -0.004809643 0.999696878
7533. -0.480611145 0.130775486 -0.171907346 0.001128163 0.024123375 -0.004791941 0.999696868
7534. -0.480591156 0.130803986 -0.171864470 0.001124569 0.024114962 -0.004771713 0.999697171
7535. -0.480643714 0.130850271 -0.171969682 0.001151462 0.024124911 -0.004781552 0.999696854
7536. -0.480620966 0.130832326 -0.171954909 0.001144529 0.024121654 -0.004790948 0.999696895
7537. -0.480660464 0.130771635 -0.171946954 0.001129548 0.024136399 -0.004764865 0.999696681
7538. -0.480672420 0.130727428 -0.171946561 0.001125849 0.024138587 -0.004778922 0.999696565
7539. -0.480668208 0.130806640 -0.172058446 0.001141116 0.024133516 -0.004799912 0.999696570
7540. -0.480674062 0.130771450 -0.171975432 0.001128395 0.024139738 -0.004795700 0.999696454
7541. -0.480416769 0.130694944 -0.172469042 0.001142417 0.024128010 -0.004813424 0.999696636
7542. -0.480472653 0.130742862 -0.172500976 0.001140386 0.024141710 -0.004805603 0.999696346
7543. -0.480446108 0.130728886 -0.172458757 0.001132652 0.024133870 -0.004803857 0.999696552
7544. -0.480409303 0.130751534 -0.172494837 0.001140768 0.024128881 -0.004797383 0.999696694
7545. -0.480424768 0.130722473 -0.172477440 0.001128842 0.024133176 -0.004806832 0.999696559
7546. -0.480394679 0.130780259 -0.172540571 0.001147242 0.024123752 -0.004800401 0.999696796
7547. -0.480470598 0.130751309 -0.172609759 0.001136927 0.024135179 -0.004806687 0.999696502
7548. -0.480393980 0.130772771 -0.172526684 0.001144188 0.024122170 -0.004816692 0.999696760
7549. -0.480369317 0.130807201 -0.172604283 0.001156032 0.024119524 -0.004803884 0.999696871
7550. -0.480409719 0.130731859 -0.172590867 0.001139061 0.024127595 -0.004806320 0.999696684
7551. -0.480322860 0.130785294 -0.172554891 0.001144728 0.024117431 -0.004804663 0.999696931
7552. -0.480348461 0.130769932 -0.172456955 0.001137403 0.024122656 -0.004817006 0.999696754
7553. -0.480367313 0.130705131 -0.172520172 0.001123582 0.024117287 -0.004794855 0.999697006
7554. -0.480418675 0.130698765 -0.172543306 0.001123676 0.024131553 -0.004795593 0.999696658
7555. -0.480418508 0.130656529 -0.172507902 0.001113222 0.024134942 -0.004789334 0.999696618
7556. -0.480422014 0.130638439 -0.172519092 0.001119067 0.024127530 -0.004786970 0.999696801
7557. -0.480397782 0.130713616 -0.172484578 0.001128597 0.024122593 -0.004823225 0.999696736
7558. -0.480480160 0.130654457 -0.172526944 0.001106944 0.024150567 -0.004781188 0.999696286
7559. -0.480494029 0.130680090 -0.172587598 0.001120927 0.024150310 -0.004777370 0.999696295
7560. -0.480434519 0.130730639 -0.172523877 0.001132774 0.024144303 -0.004756675 0.999696526
7561. -0.480519602 0.130739320 -0.172500681 0.001132537 0.024153890 -0.004757897 0.999696289
7562. -0.480499155 0.130692817 -0.172536212 0.001115483 0.024149242 -0.004763769 0.999696392
7563. -0.480514582 0.130705048 -0.172478314 0.001126886 0.024151217 -0.004763693 0.999696332
7564. -0.480570081 0.130678078 -0.172618374 0.001138232 0.024176810 -0.004796174 0.999695545
7565. -0.480521208 0.130620029 -0.172536442 0.001139667 0.024159095 -0.004790491 0.999695999
7566. -0.480593777 0.130688751 -0.172687086 0.001142799 0.024175030 -0.004796138 0.999695583
7567. -0.480676326 0.130647464 -0.172723375 0.001139750 0.024181872 -0.004802688 0.999695390
7568. -0.480732354 0.130632354 -0.172536725 0.001138946 0.024188813 -0.004805903 0.999695207
7569. -0.480717912 0.130693783 -0.172679013 0.001158408 0.024183099 -0.004808567 0.999695310
7570. -0.480754838 0.130637022 -0.172667962 0.001138432 0.024187514 -0.004801577 0.999695260
7571. -0.480711593 0.130600121 -0.172599365 0.001138474 0.024184919 -0.004796332 0.999695348
7572. -0.480781146 0.130516100 -0.172536691 0.001109711 0.024205004 -0.004810901 0.999694824
7573. -0.480704057 0.130679116 -0.172527910 0.001142751 0.024188923 -0.004806236 0.999695199
7574. -0.480664213 0.130633871 -0.172586101 0.001133760 0.024182135 -0.004786531 0.999695468
7575. -0.480663321 0.130614838 -0.172658833 0.001137960 0.024175847 -0.004788458 0.999695606
7576. -0.480621425 0.130684782 -0.172524575 0.001147486 0.024181740 -0.004780632 0.999695490
7577. -0.480647018 0.130682846 -0.172495637 0.001150143 0.024186497 -0.004760498 0.999695468
7578. -0.480621970 0.130732697 -0.172483623 0.001159713 0.024182116 -0.004763613 0.999695548
7579. -0.480411463 0.130574754 -0.171950627 0.001145571 0.024156880 -0.004785230 0.999696071
7580. -0.480434107 0.130544842 -0.171920797 0.001128360 0.024161518 -0.004790997 0.999695951
7581. -0.480522883 0.130589002 -0.171993856 0.001145208 0.024170846 -0.004795973 0.999695682
7582. -0.480570946 0.130548507 -0.171996984 0.001137638 0.024174868 -0.004804285 0.999695554
7583. -0.480596243 0.130436216 -0.171975319 0.001117572 0.024181125 -0.004821293 0.999695343
7584. -0.480534199 0.130512259 -0.171948155 0.001124529 0.024177186 -0.004786648 0.999695597
7585. -0.480322523 0.130708650 -0.171928954 0.001187077 0.024116157 -0.004793475 0.999696966
7586. -0.480268618 0.130762858 -0.171878905 0.001205513 0.024107738 -0.004800155 0.999697115
7587. -0.480321032 0.130778995 -0.171912612 0.001205691 0.024117993 -0.004776155 0.999696983
7588. -0.480573373 0.130967756 -0.171987842 0.001259486 0.024173314 -0.004825887 0.999695341
7589. -0.480647954 0.130955212 -0.172012736 0.001259085 0.024190156 -0.004816853 0.999694978
7590. -0.480671251 0.131005652 -0.171990047 0.001277022 0.024196670 -0.004812143 0.999694820
7591. -0.480695968 0.130927108 -0.171966351 0.001260624 0.024202304 -0.004807166 0.999694729
7592. -0.480535696 0.130982187 -0.171969152 0.001269715 0.024177498 -0.004793802 0.999695382
7593. -0.480593629 0.130957147 -0.171991096 0.001271190 0.024186465 -0.004785359 0.999695203
7594. -0.480619703 0.130961282 -0.171857059 0.001269029 0.024196579 -0.004793862 0.999694920
7595. -0.480639504 0.130963678 -0.171872257 0.001273434 0.024193492 -0.004779726 0.999695057
7596. -0.480530568 0.131007258 -0.171887271 0.001280017 0.024175598 -0.004774086 0.999695509
7597. -0.480522793 0.131019531 -0.171970516 0.001287272 0.024169138 -0.004777619 0.999695639
7598. -0.480514419 0.131015069 -0.171954970 0.001291176 0.024168061 -0.004782400 0.999695637
7599. -0.480417637 0.131110224 -0.171911432 0.001308126 0.024154610 -0.004772083 0.999695989
7600. -0.480471293 0.131045542 -0.171979789 0.001295787 0.024163292 -0.004777828 0.999695768
7601. -0.480500993 0.131027564 -0.171969052 0.001291878 0.024162505 -0.004786640 0.999695750
7602. -0.480511586 0.131026598 -0.172037251 0.001289020 0.024163212 -0.004761963 0.999695854
7603. -0.480461498 0.131060271 -0.171998514 0.001286740 0.024155306 -0.004769363 0.999696013
7604. -0.480380887 0.131052949 -0.172027821 0.001279381 0.024145026 -0.004768942 0.999696273
7605. -0.480388667 0.131079023 -0.172038386 0.001285225 0.024138905 -0.004767882 0.999696418
7606. -0.480409537 0.131077878 -0.172086607 0.001300792 0.024143367 -0.004769334 0.999696283
7607. -0.480454575 0.131056104 -0.172079498 0.001296664 0.024152471 -0.004773621 0.999696048
7608. -0.480468478 0.131009923 -0.172174050 0.001282940 0.024159577 -0.004788601 0.999695823
7609. -0.480493234 0.131030378 -0.172139658 0.001285248 0.024166678 -0.004790603 0.999695639
7610. -0.480521836 0.130952257 -0.172152547 0.001270722 0.024170382 -0.004801469 0.999695516
7611. -0.480471412 0.131020212 -0.172139798 0.001292373 0.024160581 -0.004785174 0.999695803
7612. -0.480514589 0.131023539 -0.172156874 0.001283312 0.024169219 -0.004805876 0.999695506
7613. -0.480523070 0.130999946 -0.172049696 0.001273203 0.024169678 -0.004817713 0.999695451
7614. -0.480559682 0.130982526 -0.172144609 0.001272817 0.024179317 -0.004801743 0.999695295
7615. -0.480490180 0.130995072 -0.172105344 0.001272660 0.024170078 -0.004807823 0.999695490
7616. -0.480652591 0.130957243 -0.172149108 0.001271816 0.024197568 -0.004808051 0.999694825
7617. -0.480623943 0.130955465 -0.172167631 0.001270252 0.024186089 -0.004801243 0.999695137
7618. -0.480528774 0.130965221 -0.172131900 0.001266925 0.024172482 -0.004791038 0.999695520
7619. -0.480623924 0.130911882 -0.172064089 0.001260371 0.024185456 -0.004782232 0.999695256
7620. -0.480624596 0.130853007 -0.172106052 0.001243266 0.024182568 -0.004768743 0.999695412
7621. -0.480563513 0.130830358 -0.172047211 0.001240918 0.024173108 -0.004797408 0.999695507
7622. -0.480513764 0.130960347 -0.172090748 0.001265746 0.024168296 -0.004788201 0.999695636
7623. -0.480517170 0.131021662 -0.172045362 0.001280921 0.024166393 -0.004790552 0.999695651
7624. -0.480487770 0.130996035 -0.172010475 0.001269788 0.024166224 -0.004774752 0.999695745
7625. -0.480559287 0.130944201 -0.172207519 0.001264963 0.024175097 -0.004775147 0.999695535
7626. -0.480492350 0.130951363 -0.172182163 0.001272660 0.024171404 -0.004797033 0.999695510
7627. -0.480439151 0.130971360 -0.172052602 0.001268430 0.024158121 -0.004774376 0.999695945
7628. -0.480512561 0.130910664 -0.172106025 0.001254053 0.024177463 -0.004789529 0.999695423
7629. -0.480485441 0.131003457 -0.171963759 0.001275908 0.024170719 -0.004800590 0.999695505
7630. -0.480494452 0.130951148 -0.171933873 0.001270438 0.024173766 -0.004794821 0.999695466
7631. -0.480567458 0.130897599 -0.171997164 0.001252447 0.024187275 -0.004795540 0.999695158
7632. -0.480518311 0.131016808 -0.172071360 0.001278982 0.024176185 -0.004803197 0.999695356
7633. -0.480530053 0.130929731 -0.172164909 0.001266731 0.024163818 -0.004810355 0.999695637
7634. -0.480578884 0.130954264 -0.172115870 0.001269172 0.024175375 -0.004800024 0.999695404
7635. -0.480575042 0.131019943 -0.172150598 0.001282832 0.024165781 -0.004784827 0.999695691
7636. -0.480556499 0.130970635 -0.172030702 0.001267735 0.024170241 -0.004803848 0.999695511
7637. -0.480585507 0.130990114 -0.172077248 0.001275932 0.024175470 -0.004811194 0.999695339
7638. -0.480558853 0.131032242 -0.172086449 0.001288343 0.024168700 -0.004800083 0.999695540
7639. -0.480615922 0.130990967 -0.172021082 0.001279734 0.024181950 -0.004809660 0.999695185
7640. -0.480557693 0.130994830 -0.171976247 0.001284543 0.024179112 -0.004812319 0.999695235
7641. -0.480545971 0.130983781 -0.171961067 0.001277359 0.024176824 -0.004805848 0.999695330
7642. -0.480564153 0.130955056 -0.171931239 0.001271816 0.024173217 -0.004803424 0.999695436
7643. -0.480606430 0.130997411 -0.172045390 0.001278530 0.024182319 -0.004783480 0.999695303
7644. -0.480606175 0.131052259 -0.171997406 0.001284577 0.024177027 -0.004796545 0.999695361
7645. -0.480650411 0.130983103 -0.172062217 0.001269199 0.024188584 -0.004799293 0.999695088
7646. -0.480665538 0.130962626 -0.172196506 0.001259426 0.024188856 -0.004793412 0.999695122
7647. -0.480637521 0.131035148 -0.172144128 0.001280967 0.024184411 -0.004821994 0.999695064
7648. -0.480589774 0.131016890 -0.172116707 0.001272726 0.024174685 -0.004780595 0.999695509
7649. -0.480683436 0.130858943 -0.172139629 0.001241780 0.024191520 -0.004778955 0.999695149
7650. -0.480695974 0.130789485 -0.172048081 0.001224827 0.024197712 -0.004785259 0.999694989
7651. -0.480721582 0.130728176 -0.172039560 0.001212920 0.024200955 -0.004798849 0.999694860
7652. -0.480756143 0.130707458 -0.172082021 0.001207132 0.024194135 -0.004807128 0.999694993
7653. -0.480627327 0.130836126 -0.172067790 0.001242080 0.024177452 -0.004800189 0.999695387
7654. -0.480899710 0.130699359 -0.172046426 0.001211336 0.024221401 -0.004795460 0.999694383
7655. -0.480930280 0.130666502 -0.172063560 0.001206489 0.024231691 -0.004783321 0.999694198
7656. -0.480966079 0.130694735 -0.172057845 0.001214122 0.024237428 -0.004785748 0.999694038
7657. -0.480925756 0.130598232 -0.172066258 0.001188609 0.024231853 -0.004780831 0.999694227
7658. -0.480831577 0.130726470 -0.172031996 0.001210542 0.024225736 -0.004778369 0.999694361
7659. -0.480905020 0.130709323 -0.172087891 0.001214568 0.024228946 -0.004772184 0.999694308
7660. -0.480922856 0.130610917 -0.172039525 0.001191486 0.024238957 -0.004769491 0.999694106
7661. -0.480943256 0.130627118 -0.172007812 0.001193339 0.024239565 -0.004767886 0.999694097
7662. -0.480895033 0.130572034 -0.171963186 0.001180560 0.024231686 -0.004774148 0.999694273
7663. -0.480856727 0.130622813 -0.171981141 0.001191956 0.024224881 -0.004778483 0.999694404
7664. -0.480802248 0.130680818 -0.172010085 0.001206005 0.024213881 -0.004763798 0.999694723
7665. -0.480810939 0.130701460 -0.171956292 0.001207442 0.024219119 -0.004788354 0.999694477
7666. -0.480715262 0.130679532 -0.171977366 0.001193505 0.024204184 -0.004776700 0.999694912
7667. -0.480814698 0.130667516 -0.172009039 0.001196730 0.024221705 -0.004789689 0.999694421
7668. -0.480804005 0.130651675 -0.171969845 0.001195866 0.024218227 -0.004791736 0.999694497
7669. -0.480911238 0.130676317 -0.172016542 0.001195048 0.024230886 -0.004789507 0.999694202
7670. -0.480889331 0.130671868 -0.172043421 0.001198256 0.024224850 -0.004784542 0.999694368
7671. -0.480925908 0.130579837 -0.172117819 0.001185701 0.024230539 -0.004790665 0.999694216
7672. -0.480882044 0.130666815 -0.172070425 0.001202356 0.024225746 -0.004771092 0.999694405
7673. -0.480918491 0.130678298 -0.172085046 0.001202652 0.024226125 -0.004772783 0.999694388
7674. -0.480949107 0.130658225 -0.172103681 0.001199827 0.024230506 -0.004784072 0.999694231
7675. -0.481041001 0.130674641 -0.172102387 0.001206187 0.024247570 -0.004802514 0.999693721
7676. -0.480931925 0.130742500 -0.172062881 0.001224971 0.024235326 -0.004795977 0.999694027
7677. -0.481053559 0.130780716 -0.172190375 0.001225894 0.024252954 -0.004783033 0.999693660
7678. -0.481040107 0.130662919 -0.172171202 0.001195147 0.024250248 -0.004761764 0.999693864
7679. -0.481059327 0.130611291 -0.172114047 0.001185520 0.024248706 -0.004771684 0.999693866
7680. -0.481050614 0.130642939 -0.172131763 0.001195720 0.024243358 -0.004766480 0.999694008
7681. -0.481020007 0.130664037 -0.172128565 0.001194230 0.024238584 -0.004753559 0.999694188
7682. -0.481064720 0.130604363 -0.172055729 0.001185174 0.024244049 -0.004758489 0.999694042
7683. -0.481005551 0.130673843 -0.172088709 0.001197235 0.024233407 -0.004761346 0.999694272
7684. -0.480945694 0.130658302 -0.172094679 0.001196059 0.024228537 -0.004764836 0.999694375
7685. -0.480807140 0.130648953 -0.172098772 0.001196926 0.024207361 -0.004752173 0.999694947
7686. -0.480907315 0.130702541 -0.172111483 0.001197780 0.024217793 -0.004774090 0.999694589
7687. -0.481064825 0.130756173 -0.172188753 0.001212548 0.024248504 -0.004753175 0.999693927
7688. -0.480776644 0.131609773 -0.171275635 0.001421250 0.024199340 -0.004844531 0.999694405
7689. -0.481023487 0.131744413 -0.171709438 0.001455554 0.024230272 -0.004910860 0.999693282
7690. -0.481090152 0.131422482 -0.171757248 0.001364601 0.024285873 -0.004814044 0.999692532
7691. -0.481106308 0.131430959 -0.171727622 0.001364371 0.024293882 -0.004834663 0.999692239
7692. -0.481100863 0.131402761 -0.171733687 0.001351778 0.024289332 -0.004831992 0.999692379
7693. -0.481112623 0.131409734 -0.171740054 0.001359454 0.024289711 -0.004819411 0.999692420
7694. -0.481194772 0.131440646 -0.171871855 0.001368446 0.024290859 -0.004840141 0.999692280
7695. -0.481199282 0.131489550 -0.171853718 0.001389234 0.024292651 -0.004812463 0.999692341
7696. -0.481228789 0.131450905 -0.171872133 0.001384056 0.024297007 -0.004826441 0.999692175
7697. -0.481180471 0.131471676 -0.171802972 0.001389889 0.024295158 -0.004817266 0.999692256
7698. -0.481180610 0.131470765 -0.171804237 0.001388157 0.024293685 -0.004822654 0.999692269
7699. -0.481157834 0.131498694 -0.171763367 0.001395302 0.024290723 -0.004837186 0.999692260
7700. -0.481139425 0.131491740 -0.171735168 0.001398176 0.024293656 -0.004841080 0.999692166
7701. -0.481166993 0.131471537 -0.171754340 0.001388819 0.024303029 -0.004823977 0.999692034
7702. -0.481148055 0.131478574 -0.171743951 0.001390707 0.024301161 -0.004818928 0.999692101
7703. -0.481201071 0.131450002 -0.171760275 0.001381364 0.024317284 -0.004814608 0.999691743
7704. -0.481192693 0.131420882 -0.171757759 0.001375203 0.024312589 -0.004800294 0.999691935
7705. -0.481241354 0.131454362 -0.171802375 0.001391443 0.024327197 -0.004795043 0.999691582
7706. -0.481182095 0.131423352 -0.171754677 0.001379486 0.024309726 -0.004791216 0.999692042
7707. -0.481194221 0.131388957 -0.171858600 0.001360928 0.024306116 -0.004787882 0.999692171
7708. -0.481151382 0.131385368 -0.171728064 0.001362002 0.024308429 -0.004793369 0.999692087
7709. -0.481174580 0.131361270 -0.171788701 0.001345313 0.024307863 -0.004793327 0.999692124
7710. -0.481185912 0.131411993 -0.171766832 0.001362021 0.024310766 -0.004784064 0.999692075
7711. -0.481160259 0.131421679 -0.171706928 0.001367310 0.024305635 -0.004811335 0.999692061
7712. -0.481225004 0.131388217 -0.171816284 0.001362318 0.024317996 -0.004789553 0.999691872
7713. -0.481171031 0.131427215 -0.171752205 0.001369956 0.024312288 -0.004789809 0.999691999
7714. -0.481123843 0.131421595 -0.171742316 0.001365942 0.024297212 -0.004796493 0.999692339
7715. -0.481198849 0.131418277 -0.171878413 0.001373105 0.024297630 -0.004805117 0.999692278
7716. -0.481155697 0.131433997 -0.171817112 0.001367601 0.024291379 -0.004791794 0.999692501
7717. -0.481247269 0.131448503 -0.171902252 0.001382518 0.024298052 -0.004804309 0.999692259
7718. -0.481229598 0.131435316 -0.171955543 0.001376678 0.024291700 -0.004788903 0.999692495
7719. -0.481222785 0.131391475 -0.171948182 0.001357643 0.024284451 -0.004770516 0.999692785
7720. -0.481261447 0.131413416 -0.171965014 0.001367238 0.024297012 -0.004793518 0.999692357
7721. -0.481262341 0.131455790 -0.171890761 0.001380789 0.024308110 -0.004816337 0.999691959
7722. -0.481307255 0.131486079 -0.171973326 0.001391202 0.024313392 -0.004811655 0.999691838
7723. -0.481262455 0.131476539 -0.171917772 0.001386762 0.024301845 -0.004823080 0.999692070
7724. -0.481269449 0.131525379 -0.171953405 0.001406505 0.024298649 -0.004822234 0.999692124
7725. -0.481302950 0.131510039 -0.172021772 0.001398609 0.024306036 -0.004830257 0.999691917
7726. -0.481280009 0.131535482 -0.172030803 0.001409038 0.024289415 -0.004828887 0.999692313
7727. -0.481335921 0.131535118 -0.172084526 0.001412697 0.024300415 -0.004808811 0.999692137
7728. -0.481327159 0.131488055 -0.172104252 0.001396669 0.024294712 -0.004785423 0.999692411
7729. -0.481360180 0.131547794 -0.172121616 0.001412952 0.024300855 -0.004810089 0.999692120
7730. -0.481390258 0.131535515 -0.172116576 0.001415794 0.024308713 -0.004796948 0.999691988
7731. -0.481430262 0.131521555 -0.172125870 0.001409537 0.024319277 -0.004793722 0.999691756
7732. -0.481371885 0.131536503 -0.172078986 0.001403126 0.024310591 -0.004807510 0.999691910
7733. -0.481323042 0.131550812 -0.171974603 0.001406242 0.024308455 -0.004808211 0.999691954
7734. -0.481329114 0.131547262 -0.172030314 0.001409092 0.024299101 -0.004816107 0.999692139
7735. -0.481307170 0.131568822 -0.172077735 0.001418635 0.024296830 -0.004827833 0.999692124
7736. -0.481304791 0.131543808 -0.172019334 0.001411036 0.024298998 -0.004830985 0.999692067
7737. -0.481345263 0.131526883 -0.172124975 0.001400932 0.024300992 -0.004839233 0.999691993
7738. -0.481320613 0.131533160 -0.172053201 0.001408222 0.024306047 -0.004835969 0.999691876
7739. -0.481368829 0.131566734 -0.172064994 0.001423724 0.024319844 -0.004841320 0.999691492
7740. -0.481277575 0.131541892 -0.171935598 0.001413910 0.024310374 -0.004843684 0.999691725
7741. -0.481195539 0.131577451 -0.171904551 0.001433162 0.024291411 -0.004835077 0.999692200
7742. -0.481302284 0.131594856 -0.171999153 0.001433140 0.024316289 -0.004836420 0.999691589
7743. -0.481281844 0.131519995 -0.171899277 0.001406373 0.024315359 -0.004833369 0.999691664
7744. -0.481254190 0.131504622 -0.171870093 0.001408122 0.024316518 -0.004838720 0.999691608
7745. -0.481197981 0.131515743 -0.171840377 0.001406686 0.024302638 -0.004830549 0.999691987
7746. -0.481188527 0.131569118 -0.171854375 0.001414452 0.024301829 -0.004858688 0.999691859
7747. -0.481177501 0.131541999 -0.171808647 0.001409891 0.024296936 -0.004858993 0.999691983
7748. -0.481178875 0.131443623 -0.171758670 0.001376209 0.024294748 -0.004809382 0.999692323
7749. -0.481173004 0.131458230 -0.171765631 0.001372766 0.024286694 -0.004818091 0.999692482
7750. -0.481222965 0.131418837 -0.171826817 0.001357622 0.024298626 -0.004784109 0.999692376
7751. -0.481198208 0.131451375 -0.171751793 0.001366446 0.024296697 -0.004800093 0.999692334
7752. -0.481320351 0.131542600 -0.172011722 0.001403611 0.024299056 -0.004811536 0.999692170
7753. -0.481388601 0.131539658 -0.172033326 0.001394622 0.024314512 -0.004813939 0.999691795
7754. -0.481431398 0.131365426 -0.172060828 0.001362417 0.024319404 -0.004799777 0.999691789
7755. -0.481461228 0.131348734 -0.172146490 0.001368063 0.024322124 -0.004774646 0.999691835
7756. -0.481437509 0.131345253 -0.172080842 0.001373947 0.024324726 -0.004784012 0.999691719
7757. -0.481610351 0.131408354 -0.172278142 0.001395698 0.024355530 -0.004716208 0.999691261
7758. -0.481607117 0.131093977 -0.172532912 0.001342615 0.024358348 -0.004712341 0.999691283
7759. -0.481136237 0.131175063 -0.172168636 0.001357133 0.024277493 -0.004740140 0.999693099
7760. -0.481076020 0.131321421 -0.172191729 0.001401769 0.024258203 -0.004761385 0.999693405
7761. -0.481023075 0.131273367 -0.172147374 0.001382730 0.024247456 -0.004725419 0.999693863
7762. -0.481024403 0.131287024 -0.172197901 0.001392140 0.024243450 -0.004756814 0.999693798
7763. -0.480996858 0.131281534 -0.172124142 0.001388265 0.024241014 -0.004724774 0.999694014
7764. -0.481054159 0.131256297 -0.172172949 0.001382359 0.024257776 -0.004733375 0.999693575
7765. -0.480995207 0.131165506 -0.172086138 0.001355074 0.024243455 -0.004732694 0.999693963
7766. -0.481070287 0.131199809 -0.172149560 0.001368034 0.024264431 -0.004726204 0.999693467
7767. -0.481057090 0.131272454 -0.172124902 0.001384234 0.024258622 -0.004733825 0.999693550
7768. -0.481086313 0.131232682 -0.172146594 0.001383060 0.024268426 -0.004733598 0.999693315
7769. -0.481084328 0.131323269 -0.172110229 0.001399653 0.024261548 -0.004748774 0.999693387
7770. -0.481047074 0.131275645 -0.172097610 0.001386461 0.024259904 -0.004747452 0.999693451
7771. -0.481063316 0.131260583 -0.172280819 0.001387054 0.024245663 -0.004738795 0.999693837
7772. -0.481095115 0.131260987 -0.172139422 0.001377103 0.024266879 -0.004746035 0.999693302
7773. -0.481062613 0.131277641 -0.172135103 0.001387128 0.024259826 -0.004753850 0.999693422
7774. -0.481050541 0.131324285 -0.172097186 0.001401231 0.024257653 -0.004735092 0.999693544
7775. -0.481111357 0.131236890 -0.172123384 0.001374542 0.024274254 -0.004714261 0.999693276
7776. -0.481056452 0.131233573 -0.172125464 0.001375649 0.024256423 -0.004727247 0.999693646
7777. -0.481051053 0.131243430 -0.172065937 0.001376559 0.024255649 -0.004743729 0.999693586
7778. -0.481071115 0.131255618 -0.172123383 0.001379593 0.024257269 -0.004739216 0.999693564
7779. -0.481065922 0.131245014 -0.172111748 0.001374059 0.024264197 -0.004735510 0.999693421
7780. -0.481070388 0.131222140 -0.172115488 0.001371615 0.024260147 -0.004722377 0.999693585
7781. -0.481044052 0.131170114 -0.172046589 0.001356856 0.024257743 -0.004722410 0.999693663
7782. -0.481023931 0.131197947 -0.172098373 0.001371329 0.024250313 -0.004692495 0.999693964
7783. -0.480932008 0.131204063 -0.172043879 0.001381540 0.024229896 -0.004695689 0.999694430
7784. -0.480951959 0.131231438 -0.171983020 0.001377539 0.024240449 -0.004710316 0.999694111
7785. -0.480940430 0.131224644 -0.171991179 0.001361289 0.024232755 -0.004758000 0.999694094
7786. -0.480881103 0.131269200 -0.171906036 0.001371742 0.024222110 -0.004752645 0.999694363
7787. -0.480931366 0.131262875 -0.171985860 0.001377329 0.024235693 -0.004749736 0.999694040
7788. -0.480970865 0.131272333 -0.172040840 0.001378235 0.024243884 -0.004736670 0.999693902
7789. -0.480970148 0.131258786 -0.172062603 0.001381882 0.024240325 -0.004731871 0.999694006
7790. -0.480962416 0.131244502 -0.172037089 0.001376080 0.024231921 -0.004735973 0.999694199
7791. -0.480988131 0.131228307 -0.172044640 0.001371205 0.024244709 -0.004757144 0.999693795
7792. -0.480989059 0.131289750 -0.172121525 0.001391563 0.024242959 -0.004756438 0.999693813
7793. -0.480996574 0.131259671 -0.172152409 0.001382532 0.024241298 -0.004753105 0.999693881
7794. -0.481045277 0.131287649 -0.172177848 0.001394104 0.024257078 -0.004745829 0.999693517
7795. -0.481044792 0.131246321 -0.172174575 0.001393712 0.024255080 -0.004745581 0.999693567
7796. -0.481041632 0.131296363 -0.172189438 0.001395678 0.024253368 -0.004767724 0.999693501
7797. -0.480999551 0.131263260 -0.172147789 0.001398734 0.024240838 -0.004769258 0.999693793
7798. -0.480933032 0.131315336 -0.172080740 0.001404563 0.024229575 -0.004784993 0.999693983
7799. -0.480958902 0.131275055 -0.172072757 0.001395360 0.024233347 -0.004784935 0.999693904
7800. -0.480993388 0.131337678 -0.172101148 0.001412200 0.024238972 -0.004799301 0.999693675
7801. -0.480913871 0.131389925 -0.172121968 0.001421905 0.024218660 -0.004799986 0.999694151
7802. -0.480951317 0.131319298 -0.172130802 0.001405935 0.024226923 -0.004782099 0.999694059
7803. -0.480913596 0.131324618 -0.172020231 0.001398916 0.024222935 -0.004787894 0.999694137
7804. -0.480873529 0.131309952 -0.171967789 0.001391998 0.024215938 -0.004800257 0.999694257
7805. -0.480862403 0.131315982 -0.171985323 0.001392982 0.024210786 -0.004801228 0.999694376
7806. -0.480922378 0.131357834 -0.171940580 0.001405455 0.024232997 -0.004812332 0.999693767
7807. -0.480867722 0.131321706 -0.171923226 0.001391071 0.024217968 -0.004795331 0.999694233
7808. -0.480823277 0.131305991 -0.171976937 0.001393561 0.024199375 -0.004790542 0.999694703
7809. -0.480793307 0.131286626 -0.172025327 0.001396020 0.024192823 -0.004795494 0.999694834
7810. -0.480879078 0.131241270 -0.172066200 0.001392874 0.024204436 -0.004779101 0.999694636
7811. -0.480910620 0.131300746 -0.172130990 0.001404315 0.024219894 -0.004765471 0.999694311
7812. -0.480923713 0.131298497 -0.172111101 0.001389549 0.024224305 -0.004774935 0.999694179
7813. -0.480892917 0.131281801 -0.172081201 0.001391254 0.024212000 -0.004776030 0.999694470
7814. -0.480953337 0.131290602 -0.172150055 0.001392275 0.024231827 -0.004753183 0.999694097
7815. -0.480903551 0.131358221 -0.172089958 0.001418102 0.024219195 -0.004768874 0.999694292
7816. -0.480815842 0.131199246 -0.171872117 0.001360617 0.024213265 -0.004717917 0.999694757
7817. -0.480840509 0.131143114 -0.171881766 0.001347035 0.024220004 -0.004709165 0.999694654
7818. -0.480746809 0.131175034 -0.171884445 0.001358331 0.024191331 -0.004723942 0.999695263
7819. -0.480827262 0.131191785 -0.171964047 0.001355964 0.024213135 -0.004732471 0.999694698
7820. -0.480812664 0.131173491 -0.171885324 0.001356530 0.024207540 -0.004710486 0.999694937
7821. -0.480858443 0.131234788 -0.171950410 0.001374246 0.024218153 -0.004720869 0.999694606
7822. -0.480820615 0.131277388 -0.171919304 0.001381001 0.024208520 -0.004742906 0.999694726
7823. -0.480850811 0.131187130 -0.171995293 0.001350905 0.024211078 -0.004727918 0.999694776
7824. -0.480832770 0.131293514 -0.172013931 0.001368397 0.024195711 -0.004838906 0.999694593
7825. -0.480854856 0.131178830 -0.172031166 0.001343205 0.024196124 -0.004816148 0.999694727
7826. -0.480810890 0.131209976 -0.172020893 0.001357451 0.024181279 -0.004824619 0.999695027
7827. -0.480841056 0.131229136 -0.172012522 0.001356069 0.024193848 -0.004807848 0.999694805
7828. -0.480817162 0.131274713 -0.172084098 0.001369735 0.024180700 -0.004831320 0.999694991
7829. -0.480759657 0.131254224 -0.172025747 0.001360795 0.024168777 -0.004812121 0.999695385
7830. -0.480850517 0.131252039 -0.172110183 0.001366388 0.024196589 -0.004787525 0.999694822
7831. -0.480820120 0.131230140 -0.172025137 0.001354929 0.024184536 -0.004797086 0.999695084
7832. -0.480872140 0.131212456 -0.172008277 0.001356616 0.024199142 -0.004802571 0.999694702
7833. -0.480890332 0.131217193 -0.172046065 0.001359234 0.024207218 -0.004789276 0.999694566
7834. -0.480948659 0.131181726 -0.172085814 0.001348146 0.024218537 -0.004782117 0.999694341
7835. -0.480826511 0.131221247 -0.172035604 0.001359503 0.024185441 -0.004796121 0.999695060
7836. -0.480810723 0.131205920 -0.172054474 0.001357937 0.024184168 -0.004802219 0.999695064
7837. -0.480791856 0.131217876 -0.171970207 0.001355394 0.024184054 -0.004801334 0.999695074
7838. -0.480801554 0.131240539 -0.172040612 0.001370161 0.024179414 -0.004810428 0.999695123
7839. -0.480826631 0.131189197 -0.171976260 0.001362612 0.024189768 -0.004822573 0.999694824
7840. -0.480846534 0.131207952 -0.171993095 0.001358286 0.024186928 -0.004812813 0.999694946
7841. -0.480847725 0.131204255 -0.171989568 0.001359988 0.024190777 -0.004822215 0.999694805
7842. -0.480776287 0.131169249 -0.171977397 0.001348013 0.024178093 -0.004819248 0.999695142
7843. -0.480835767 0.131159899 -0.172012518 0.001350985 0.024192833 -0.004812620 0.999694814
7844. -0.480796707 0.131111324 -0.171992975 0.001342086 0.024184980 -0.004798397 0.999695084
7845. -0.480835904 0.131156011 -0.172072502 0.001350343 0.024194802 -0.004794170 0.999694855
7846. -0.480690586 0.131137697 -0.172027886 0.001357145 0.024157029 -0.004786834 0.999695795
7847. -0.480704353 0.131156035 -0.172054925 0.001363580 0.024165194 -0.004775322 0.999695644
7848. -0.480650031 0.131313037 -0.172012608 0.001386645 0.024156731 -0.004795677 0.999695719
7849. -0.480519371 0.131414991 -0.172140259 0.001409382 0.024131730 -0.004786936 0.999696333
7850. -0.480338897 0.131431906 -0.172291854 0.001404949 0.024104738 -0.004805893 0.999696900
7851. -0.480949782 0.130970015 -0.171916148 0.001312761 0.024210811 -0.004755902 0.999694701
7852. -0.481101291 0.131231553 -0.171815905 0.001358034 0.024243286 -0.004756231 0.999693852
7853. -0.481028959 0.131205562 -0.171775121 0.001343209 0.024219854 -0.004742723 0.999694504
7854. -0.481083593 0.131156469 -0.171774200 0.001336314 0.024233688 -0.004753249 0.999694128
7855. -0.481121604 0.131148350 -0.171815825 0.001335183 0.024236088 -0.004757934 0.999694049
7856. -0.481059764 0.131143358 -0.171746144 0.001329213 0.024220212 -0.004760850 0.999694428
7857. -0.481189361 0.131071447 -0.171740725 0.001303087 0.024251828 -0.004765227 0.999693675
7858. -0.481204714 0.131070360 -0.171727331 0.001310397 0.024254475 -0.004781349 0.999693524
7859. -0.481170275 0.131109713 -0.171763571 0.001333020 0.024248508 -0.004759546 0.999693743
7860. -0.481201393 0.131040936 -0.171717617 0.001303933 0.024256112 -0.004769096 0.999693551
7861. -0.481183960 0.131134120 -0.171805618 0.001332743 0.024246680 -0.004781431 0.999693683
7862. -0.481101505 0.131164136 -0.171798044 0.001344697 0.024228849 -0.004754405 0.999694228
7863. -0.481028977 0.131142928 -0.171778459 0.001335910 0.024214054 -0.004731252 0.999694708
7864. -0.480993263 0.131131946 -0.171772337 0.001339079 0.024202385 -0.004738045 0.999694955
7865. -0.480945010 0.131214638 -0.171710645 0.001353563 0.024188648 -0.004766509 0.999695132
7866. -0.481050911 0.131240938 -0.171820623 0.001361782 0.024210328 -0.004761738 0.999694619
7867. -0.481066652 0.131258240 -0.171761489 0.001364212 0.024214957 -0.004759309 0.999694515
7868. -0.481092704 0.131278953 -0.171753930 0.001369764 0.024212486 -0.004775257 0.999694491
7869. -0.481075194 0.131258906 -0.171673125 0.001363571 0.024207535 -0.004761529 0.999694685
7870. -0.481045082 0.131133984 -0.171642037 0.001335413 0.024208821 -0.004750843 0.999694743
7871. -0.480986951 0.131276956 -0.171678557 0.001365810 0.024191993 -0.004760956 0.999695061
7872. -0.480996920 0.131174608 -0.171727310 0.001342080 0.024193139 -0.004752402 0.999695106
7873. -0.480972313 0.131191531 -0.171684968 0.001343908 0.024195141 -0.004764185 0.999694999
7874. -0.480964510 0.131163844 -0.171744862 0.001344334 0.024194905 -0.004757662 0.999695035
7875. -0.481018983 0.131105004 -0.171685960 0.001325486 0.024202651 -0.004761771 0.999694854
7876. -0.480927560 0.131219853 -0.171712843 0.001358392 0.024177787 -0.004741786 0.999695506
7877. -0.480826837 0.131127117 -0.171625832 0.001335728 0.024156397 -0.004773225 0.999695904
7878. -0.480803848 0.131175097 -0.171604777 0.001349024 0.024149332 -0.004773325 0.999696056
7879. -0.480824312 0.131174084 -0.171550433 0.001343627 0.024159508 -0.004785530 0.999695759
7880. -0.480832691 0.131190931 -0.171506452 0.001351233 0.024160909 -0.004792796 0.999695681
7881. -0.480887379 0.131230207 -0.171605255 0.001352954 0.024170483 -0.004824418 0.999695295
7882. -0.480849217 0.131224684 -0.171623551 0.001361003 0.024159357 -0.004809513 0.999695625
7883. -0.480909236 0.131171181 -0.171551632 0.001346378 0.024181761 -0.004791697 0.999695188
7884. -0.480826937 0.131130694 -0.171662271 0.001336744 0.024162833 -0.004754905 0.999695834
7885. -0.480896914 0.131220401 -0.171600258 0.001353245 0.024174990 -0.004828020 0.999695168
7886. -0.480821580 0.131127203 -0.171619439 0.001339321 0.024156126 -0.004812483 0.999695718
7887. -0.480926501 0.131198838 -0.171717649 0.001361725 0.024179722 -0.004827372 0.999695045
7888. -0.480837653 0.131203275 -0.171714309 0.001373381 0.024158580 -0.004811001 0.999695619
7889. -0.480804550 0.131277327 -0.171756532 0.001388541 0.024150260 -0.004806299 0.999695822
7890. -0.480774429 0.131269856 -0.171764824 0.001387246 0.024145236 -0.004812472 0.999695915
7891. -0.480748562 0.131295020 -0.171739699 0.001382285 0.024144999 -0.004837071 0.999695809
7892. -0.480691849 0.131339470 -0.171864634 0.001396270 0.024126206 -0.004824152 0.999696306
7893. -0.480734392 0.131322237 -0.171893162 0.001395536 0.024142882 -0.004810484 0.999695970
7894. -0.480527159 0.131359788 -0.171814261 0.001398010 0.024099390 -0.004812855 0.999697005
7895. -0.480652033 0.131389514 -0.171781112 0.001396349 0.024118735 -0.004829958 0.999696458
7896. -0.480595492 0.131333074 -0.171824598 0.001393476 0.024112889 -0.004843409 0.999696538
7897. -0.480660613 0.131303037 -0.171841609 0.001388861 0.024128552 -0.004814441 0.999696306
7898. -0.480657957 0.131328871 -0.171809297 0.001389733 0.024127809 -0.004815426 0.999696318
7899. -0.480609389 0.131379745 -0.171767584 0.001406042 0.024117086 -0.004830762 0.999696480
7900. -0.480518714 0.131414785 -0.171767412 0.001414175 0.024097135 -0.004834984 0.999696930
7901. -0.480573223 0.131413330 -0.171831188 0.001412901 0.024106095 -0.004854524 0.999696621
7902. -0.480461307 0.131479971 -0.171871813 0.001421599 0.024085620 -0.004836296 0.999697190
7903. -0.480751880 0.131310408 -0.171933185 0.001378076 0.024154188 -0.004822785 0.999695662
7904. -0.480613182 0.131396818 -0.171909785 0.001402333 0.024126182 -0.004835613 0.999696243
7905. -0.480621779 0.131366102 -0.171890895 0.001398823 0.024127559 -0.004805677 0.999696359
7906. -0.480691394 0.131381474 -0.171884126 0.001396845 0.024143631 -0.004861535 0.999695703
7907. -0.480720578 0.131416449 -0.171936432 0.001406410 0.024146493 -0.004855018 0.999695653
7908. -0.480707127 0.131399053 -0.171898792 0.001400509 0.024147654 -0.004866381 0.999695578
7909. -0.480732813 0.131410777 -0.171920445 0.001410994 0.024155487 -0.004832957 0.999695536
7910. -0.480692669 0.131428167 -0.171970665 0.001418988 0.024130703 -0.004865010 0.999695967
7911. -0.480696541 0.131489505 -0.171857629 0.001423841 0.024137444 -0.004854785 0.999695848
7912. -0.480604805 0.131407243 -0.171789467 0.001403927 0.024130388 -0.004831300 0.999696160
7913. -0.480649425 0.131425758 -0.171811770 0.001408903 0.024142283 -0.004828944 0.999695877
7914. -0.480699067 0.131392964 -0.171838331 0.001409472 0.024148029 -0.004838358 0.999695692
7915. -0.480692353 0.131458628 -0.171905470 0.001415058 0.024145544 -0.004839114 0.999695740
7916. -0.480869824 0.131536492 -0.171575628 0.001461126 0.024203450 -0.004791777 0.999694502
7917. -0.480794676 0.131312822 -0.171400964 0.001395029 0.024190683 -0.004845860 0.999694645
7918. -0.480693279 0.131747764 -0.170997053 0.001563633 0.024192485 -0.005031386 0.999693435
7919. -0.480762201 0.131762877 -0.171067419 0.001567838 0.024200056 -0.005025237 0.999693276
7920. -0.480857177 0.131762577 -0.171292988 0.001561390 0.024194015 -0.005012793 0.999693495
7921. -0.480860011 0.131699622 -0.171340084 0.001544352 0.024194828 -0.005013394 0.999693499
7922. -0.480660562 0.131639272 -0.171143458 0.001524625 0.024134238 -0.004982415 0.999695148
7923. -0.480682251 0.131639727 -0.171151649 0.001523191 0.024143025 -0.004996141 0.999694870
7924. -0.480777320 0.131649360 -0.171289904 0.001527578 0.024164255 -0.004986289 0.999694399
7925. -0.480765147 0.131646809 -0.171291502 0.001521976 0.024156630 -0.004991727 0.999694565
7926. -0.480806799 0.131607099 -0.171302378 0.001513314 0.024161351 -0.004982544 0.999694510
7927. -0.480718265 0.131605031 -0.171193950 0.001519712 0.024142032 -0.004999886 0.999694880
7928. -0.480775836 0.131604263 -0.171247592 0.001515570 0.024160205 -0.004987806 0.999694508
7929. -0.480765403 0.131561262 -0.171184043 0.001495578 0.024161840 -0.004972460 0.999694575
7930. -0.480716071 0.131576435 -0.171145689 0.001506144 0.024146816 -0.004970010 0.999694934
7931. -0.480785018 0.131573030 -0.171207096 0.001508200 0.024163877 -0.004975181 0.999694493
7932. -0.480761399 0.131563014 -0.171154122 0.001500007 0.024167002 -0.004978463 0.999694414
7933. -0.480768762 0.131558277 -0.171154832 0.001503519 0.024168122 -0.004973939 0.999694404
7934. -0.480772486 0.131539467 -0.171155673 0.001505721 0.024167393 -0.004955471 0.999694510
7935. -0.480758094 0.131538024 -0.171131603 0.001497321 0.024167462 -0.004959330 0.999694502
7936. -0.480714512 0.131525447 -0.171092485 0.001497550 0.024155815 -0.004927949 0.999694938
7937. -0.480793331 0.131557128 -0.171274117 0.001500810 0.024160341 -0.004953874 0.999694696
7938. -0.480772563 0.131598496 -0.171250854 0.001511525 0.024153904 -0.004973581 0.999694737
7939. -0.480762537 0.131556936 -0.171211639 0.001498183 0.024156466 -0.004960351 0.999694761
7940. -0.480767632 0.131571063 -0.171195997 0.001504466 0.024161909 -0.004975491 0.999694545
7941. -0.480813516 0.131581308 -0.171227367 0.001498485 0.024169456 -0.004979692 0.999694351
7942. -0.480823291 0.131595167 -0.171151849 0.001509751 0.024177358 -0.004965745 0.999694212
7943. -0.480710219 0.131589862 -0.171071243 0.001512696 0.024147005 -0.004967391 0.999694933
7944. -0.480743183 0.131625449 -0.171109649 0.001513829 0.024156882 -0.004973530 0.999694662
7945. -0.480702798 0.131626659 -0.171004477 0.001505606 0.024146515 -0.004984086 0.999694872
7946. -0.480696228 0.131634821 -0.171053881 0.001511465 0.024146999 -0.004973032 0.999694907
7947. -0.480759951 0.131603085 -0.171132055 0.001503974 0.024160321 -0.004969949 0.999694612
7948. -0.480825814 0.131620438 -0.171203731 0.001511224 0.024174953 -0.004970583 0.999694244
7949. -0.480760699 0.131634736 -0.171132368 0.001515402 0.024164184 -0.004965522 0.999694523
7950. -0.480787383 0.131634373 -0.171194982 0.001512380 0.024156641 -0.004969471 0.999694690
7951. -0.480823009 0.131629391 -0.171200235 0.001508887 0.024163386 -0.004988176 0.999694439
7952. -0.480872256 0.131647205 -0.171247309 0.001514217 0.024177715 -0.004974058 0.999694155
7953. -0.480855130 0.131652993 -0.171243004 0.001522789 0.024177466 -0.004967809 0.999694179
7954. -0.480895607 0.131634669 -0.171192377 0.001516470 0.024185956 -0.004958521 0.999694030
7955. -0.480882856 0.131629039 -0.171216127 0.001528207 0.024177310 -0.004945641 0.999694285
7956. -0.480936965 0.131661776 -0.171324185 0.001521826 0.024191451 -0.004953146 0.999693915
7957. -0.480909388 0.131697232 -0.171331885 0.001527040 0.024177252 -0.004973268 0.999694151
7958. -0.480917422 0.131694336 -0.171365896 0.001518539 0.024179597 -0.004952161 0.999694212
7959. -0.480919751 0.131695476 -0.171353704 0.001516369 0.024175649 -0.004946646 0.999694338
7960. -0.480959463 0.131676437 -0.171458383 0.001514443 0.024185771 -0.004975561 0.999693953
7961. -0.481073853 0.131760321 -0.171781100 0.001535538 0.024181385 -0.005015347 0.999693828
7962. -0.481060815 0.131724576 -0.171661981 0.001527832 0.024198108 -0.005005945 0.999693482
7963. -0.481072000 0.131706273 -0.171657278 0.001522366 0.024200509 -0.004978293 0.999693570
7964. -0.480946302 0.131720111 -0.171500165 0.001531511 0.024174713 -0.005007867 0.999694033
7965. -0.481003372 0.131681518 -0.171606094 0.001523746 0.024180990 -0.005005191 0.999693906
7966. -0.480864150 0.131557823 -0.171383424 0.001472761 0.024172542 -0.004988187 0.999694272
7967. -0.480977533 0.131496553 -0.171374505 0.001463515 0.024197809 -0.004961068 0.999693809
7968. -0.480727679 0.131476385 -0.171452648 0.001459968 0.024138033 -0.004988183 0.999695124
7969. -0.480777534 0.131577047 -0.171784156 0.001540273 0.024170588 -0.004879445 0.999694754
7970. -0.480833495 0.131945115 -0.172270321 0.001563736 0.024227881 -0.005043010 0.999692519
7971. -0.480724543 0.131631265 -0.172499898 0.001470733 0.024193026 -0.004902456 0.999694203
7972. -0.480700928 0.132066510 -0.172258056 0.001500448 0.024190366 -0.004819379 0.999694628
7973. -0.480764833 0.131923905 -0.172464093 0.001502550 0.024212399 -0.004884704 0.999693774
7974. -0.480802021 0.131918735 -0.172378267 0.001495762 0.024178760 -0.004818265 0.999694921
7975. -0.480485467 0.131987921 -0.172928830 0.001538323 0.024190845 -0.005097223 0.999693180
7976. -0.480599968 0.131542144 -0.172105522 0.001382522 0.024133943 -0.004818482 0.999696166
7977. -0.481029812 0.131884922 -0.171845986 0.001469836 0.024226251 -0.004839692 0.999693706
7978. -0.480884662 0.131689569 -0.171923870 0.001417829 0.024199739 -0.004837158 0.999694435
7979. -0.480915064 0.131776980 -0.171830606 0.001428484 0.024221688 -0.004784636 0.999694141
7980. -0.480914308 0.131775497 -0.171806831 0.001451087 0.024252384 -0.004826667 0.999693163
7981. -0.480933403 0.131780935 -0.171763940 0.001466786 0.024246557 -0.004855698 0.999693141
7982. -0.480995678 0.131669650 -0.171337182 0.001467134 0.024231645 -0.004833440 0.999693609
7983. -0.481058155 0.131669518 -0.171236164 0.001451101 0.024261208 -0.004834088 0.999692913
7984. -0.480911139 0.131664227 -0.171366487 0.001453045 0.024196272 -0.004746264 0.999694904
7985. -0.480989049 0.131720301 -0.171443774 0.001461428 0.024230449 -0.004710932 0.999694232
7986. -0.480918699 0.131821900 -0.171658926 0.001466512 0.024245433 -0.004648538 0.999694153
7987. -0.480910755 0.131729495 -0.171315906 0.001474712 0.024243061 -0.004660509 0.999694143
7988. -0.481013335 0.131682242 -0.171342116 0.001467054 0.024246081 -0.004702406 0.999693884
7989. -0.481310454 0.131024298 -0.169967649 0.001373433 0.024268353 -0.004867181 0.999692688
7990. -0.481337656 0.130986901 -0.169958900 0.001363065 0.024288321 -0.004855020 0.999692277
7991. -0.480997707 0.131477974 -0.171152198 0.001444021 0.024273849 -0.004804743 0.999692758
7992. -0.480939531 0.131580200 -0.171382335 0.001474192 0.024284403 -0.004813337 0.999692416
7993. -0.480891701 0.132037736 -0.172300299 0.001515823 0.024320436 -0.004770536 0.999691683
7994. -0.480949529 0.131954092 -0.172056895 0.001460988 0.024312839 -0.004644640 0.999692542
7995. -0.480879543 0.132216795 -0.172876685 0.001507777 0.024352014 -0.004664805 0.999691425
7996. -0.480899748 0.132079952 -0.172599443 0.001502655 0.024356399 -0.004733340 0.999691004
7997. -0.480914517 0.131994357 -0.172404899 0.001492539 0.024356416 -0.004744337 0.999690967
7998. -0.480725645 0.132399795 -0.173086845 0.001610455 0.024341130 -0.004770095 0.999691033
7999. -0.480675383 0.132287419 -0.172884159 0.001561663 0.024306418 -0.004695116 0.999692310
8000. -0.480641325 0.132145267 -0.172833153 0.001559701 0.024302495 -0.004722246 0.999692281
8001. -0.480395737 0.132109846 -0.173216309 0.001560850 0.024307152 -0.004842802 0.999691589
8002. -0.480254727 0.132238778 -0.172820570 0.001625214 0.024258129 -0.004853052 0.999692628
8003. -0.480417845 0.132159417 -0.172730472 0.001623048 0.024277529 -0.004870148 0.999692077
8004. -0.480067227 0.132035465 -0.172654706 0.001445790 0.024188963 -0.004499796 0.999696232
8005. -0.480319081 0.133214280 -0.172135897 0.001649199 0.024201476 -0.004446059 0.999695854
8006. -0.480432438 0.133063942 -0.172506097 0.001567252 0.024264079 -0.004398593 0.999694679
8007. -0.480118484 0.132182974 -0.173771035 0.001452657 0.024265349 -0.004572027 0.999694043
8008. -0.480194596 0.132303229 -0.173794298 0.001492884 0.024280323 -0.004611728 0.999693438
8009. -0.480415989 0.132116546 -0.173867647 0.001486410 0.024296948 -0.004676149 0.999692744
8010. -0.480035047 0.132015494 -0.173419404 0.001501214 0.024215592 -0.004691221 0.999694625
8011. -0.480061198 0.132028029 -0.173476490 0.001479163 0.024239393 -0.004672123 0.999694171
8012. -0.480062971 0.132064168 -0.173498802 0.001501309 0.024216391 -0.004638966 0.999694850
8013. -0.480037221 0.132078588 -0.173461657 0.001498382 0.024205902 -0.004647349 0.999695069
8014. -0.480040901 0.132091298 -0.173502028 0.001479382 0.024218872 -0.004614964 0.999694933
8015. -0.480076730 0.132100695 -0.173577946 0.001484556 0.024221198 -0.004610890 0.999694888
8016. -0.480098416 0.132098310 -0.173599568 0.001467464 0.024225302 -0.004606396 0.999694835
8017. -0.480026485 0.132060397 -0.173432845 0.001462801 0.024214640 -0.004621983 0.999695028
8018. -0.480030212 0.132073403 -0.173385362 0.001489706 0.024216761 -0.004625560 0.999694920
8019. -0.480014381 0.133015715 -0.173406634 0.001553054 0.024248136 -0.004426575 0.999694964
8020. -0.480620038 0.132183443 -0.172985155 0.001428790 0.024330802 -0.004470372 0.999692946
8021. -0.481643735 0.131621116 -0.172535782 0.001345850 0.024444630 -0.004472651 0.999690274
8022. -0.481502000 0.131501769 -0.172654789 0.001351921 0.024431104 -0.004495343 0.999690495
8023. -0.481199553 0.131753190 -0.172085899 0.001439914 0.024403400 -0.004512211 0.999690973
8024. -0.481570457 0.131667297 -0.172867692 0.001440294 0.024433876 -0.004492171 0.999690318
8025. -0.481410029 0.131585098 -0.172466159 0.001417186 0.024434875 -0.004487750 0.999690346
8026. -0.481481547 0.131723843 -0.172671761 0.001441081 0.024434795 -0.004510135 0.999690213
8027. -0.481518086 0.130985931 -0.173289106 0.001372391 0.024452740 -0.004645208 0.999689253
8028. -0.481415569 0.131094906 -0.173332826 0.001381801 0.024428014 -0.004660856 0.999689771
8029. -0.481410513 0.131070402 -0.173362314 0.001380002 0.024433538 -0.004645605 0.999689710
8030. -0.481498582 0.131064792 -0.173431767 0.001396753 0.024435242 -0.004627763 0.999689728
8031. -0.481487411 0.131046744 -0.173189119 0.001385570 0.024440386 -0.004630262 0.999689606
8032. -0.481288464 0.131342542 -0.173170604 0.001430518 0.024430494 -0.004639599 0.999689741
8033. -0.481023600 0.131063489 -0.172961711 0.001397697 0.024408008 -0.004620764 0.999690424
8034. -0.480902562 0.131130985 -0.172860699 0.001392189 0.024394967 -0.004602827 0.999690833
8035. -0.480930137 0.131270303 -0.172949314 0.001420272 0.024390382 -0.004637799 0.999690744
8036. -0.480880154 0.131059281 -0.172911791 0.001374186 0.024387875 -0.004647651 0.999690823
8037. -0.480937112 0.131193983 -0.172905927 0.001400588 0.024399944 -0.004642656 0.999690516
8038. -0.480950099 0.131158509 -0.173028292 0.001397025 0.024402389 -0.004657086 0.999690394
8039. -0.481168152 0.131140503 -0.173001604 0.001389354 0.024432679 -0.004689647 0.999689512
8040. -0.481249669 0.131153414 -0.173339515 0.001385046 0.024425733 -0.004660847 0.999689823
8041. -0.481258992 0.131244177 -0.172965874 0.001435133 0.024439808 -0.004604962 0.999689667
8042. -0.481266267 0.131247747 -0.172912231 0.001425748 0.024439929 -0.004617978 0.999689618
8043. -0.481235322 0.131268781 -0.172877025 0.001435573 0.024436693 -0.004611986 0.999689710
8044. -0.481055014 0.131212927 -0.172843534 0.001425912 0.024423869 -0.004595538 0.999690113
8045. -0.481216312 0.131155818 -0.173213048 0.001438772 0.024420253 -0.004545990 0.999690410
8046. -0.481166661 0.131045272 -0.173288457 0.001429249 0.024405357 -0.004525727 0.999690879
8047. -0.481377179 0.130937524 -0.173361814 0.001418529 0.024429325 -0.004522397 0.999690324
8048. -0.481270691 0.130998644 -0.173353839 0.001424480 0.024405755 -0.004523775 0.999690885
8049. -0.481319168 0.130981210 -0.173296557 0.001414920 0.024420575 -0.004532812 0.999690496
8050. -0.481165870 0.130944315 -0.173130900 0.001399369 0.024401436 -0.004526219 0.999691015
8051. -0.481227510 0.130894560 -0.173249004 0.001394840 0.024399346 -0.004532852 0.999691042
8052. -0.481159276 0.130983292 -0.173223704 0.001405656 0.024391377 -0.004538672 0.999691195
8053. -0.481085542 0.131009879 -0.173368088 0.001411791 0.024379824 -0.004532199 0.999691498
8054. -0.481150545 0.131077165 -0.173612910 0.001426925 0.024377502 -0.004548891 0.999691457
8055. -0.481360510 0.131143785 -0.173520192 0.001434115 0.024417096 -0.004581250 0.999690333
8056. -0.481163854 0.131121287 -0.173035968 0.001423760 0.024431084 -0.004573618 0.999690041
8057. -0.481291175 0.131256730 -0.172932268 0.001439097 0.024453701 -0.004559683 0.999689529
8058. -0.481192400 0.131315654 -0.172930576 0.001453585 0.024441492 -0.004549749 0.999689852
8059. -0.481056721 0.131291115 -0.172741250 0.001425637 0.024421997 -0.004562660 0.999690310
8060. -0.481210628 0.131305778 -0.172919108 0.001451974 0.024438040 -0.004531515 0.999690022
8061. -0.481220805 0.131488024 -0.173019406 0.001483647 0.024427751 -0.004528770 0.999690239
8062. -0.481228902 0.131411434 -0.172735590 0.001451471 0.024445937 -0.004535419 0.999689812
8063. -0.481015278 0.131500603 -0.172596109 0.001458541 0.024422620 -0.004554682 0.999690284
8064. -0.481095606 0.131478334 -0.172799167 0.001465000 0.024415623 -0.004538888 0.999690517
8065. -0.480968203 0.131638711 -0.172742950 0.001482851 0.024398638 -0.004552066 0.999690845
8066. -0.481121742 0.131456783 -0.172937557 0.001453166 0.024410680 -0.004575283 0.999690489
8067. -0.481033713 0.131518995 -0.172992456 0.001466537 0.024399272 -0.004564068 0.999690799
8068. -0.481200645 0.131463682 -0.172987677 0.001451044 0.024414045 -0.004576107 0.999690406
8069. -0.481148880 0.131605038 -0.173062169 0.001480274 0.024403767 -0.004560414 0.999690686
8070. -0.481098739 0.131515696 -0.172946587 0.001482988 0.024405008 -0.004529967 0.999690790
8071. -0.481077695 0.131371437 -0.173053447 0.001458974 0.024395776 -0.004546112 0.999690977
8072. -0.481112701 0.131228349 -0.172872916 0.001415612 0.024417661 -0.004566018 0.999690415
8073. -0.481103293 0.131369126 -0.172970668 0.001451770 0.024414397 -0.004546385 0.999690532
8074. -0.481120767 0.131288517 -0.173052603 0.001436583 0.024410117 -0.004564680 0.999690575
8075. -0.481032910 0.131329842 -0.173127854 0.001436363 0.024388405 -0.004586616 0.999691005
8076. -0.480984590 0.131359048 -0.173100739 0.001441294 0.024382922 -0.004589663 0.999691118
8077. -0.481087920 0.131307870 -0.173040197 0.001432959 0.024397416 -0.004583336 0.999690805
8078. -0.481075680 0.131400498 -0.173090673 0.001451087 0.024393348 -0.004581383 0.999690887
8079. -0.481136703 0.131359378 -0.173046504 0.001443175 0.024400938 -0.004590146 0.999690673
8080. -0.481100622 0.131339702 -0.173005131 0.001433299 0.024397302 -0.004599813 0.999690732
8081. -0.481155172 0.131393780 -0.173026475 0.001445909 0.024404358 -0.004595664 0.999690560
8082. -0.481160416 0.131375599 -0.173058524 0.001452677 0.024407623 -0.004562165 0.999690624
8083. -0.481260829 0.131299376 -0.173056119 0.001435766 0.024418718 -0.004573120 0.999690328
8084. -0.481381902 0.131193138 -0.173065086 0.001425051 0.024437096 -0.004582727 0.999689850
8085. -0.481387237 0.131232787 -0.173083826 0.001428423 0.024437013 -0.004584195 0.999689840
8086. -0.481068881 0.131392531 -0.173070732 0.001447322 0.024391144 -0.004608986 0.999690820
8087. -0.481124960 0.131361598 -0.172982038 0.001438876 0.024400115 -0.004610852 0.999690604
8088. -0.481155626 0.131353687 -0.172970718 0.001440057 0.024407815 -0.004605792 0.999690438
8089. -0.481122524 0.131293470 -0.172964898 0.001436367 0.024407658 -0.004591588 0.999690512
8090. -0.481086707 0.131302091 -0.172908502 0.001435573 0.024406075 -0.004593104 0.999690545
8091. -0.480992933 0.131483787 -0.172901084 0.001468316 0.024393678 -0.004566950 0.999690920
8092. -0.481008964 0.131360487 -0.172904540 0.001447193 0.024398056 -0.004574737 0.999690808
8093. -0.481009659 0.131417872 -0.172816070 0.001461277 0.024401696 -0.004557900 0.999690776
8094. -0.481021234 0.131368778 -0.172870359 0.001453320 0.024408864 -0.004557579 0.999690614
8095. -0.481093830 0.131451517 -0.172886160 0.001466765 0.024409856 -0.004547589 0.999690616
8096. -0.481064620 0.131382857 -0.172803322 0.001449934 0.024411876 -0.004553580 0.999690564
8097. -0.480979674 0.131451024 -0.172835604 0.001463868 0.024401636 -0.004549527 0.999690812
8098. -0.480981730 0.131474070 -0.172654383 0.001464635 0.024407271 -0.004544279 0.999690697
8099. -0.481107893 0.131378246 -0.172837093 0.001467492 0.024414404 -0.004527255 0.999690596
8100. -0.481077236 0.131289684 -0.172750354 0.001454762 0.024418424 -0.004525236 0.999690525
8101. -0.481107516 0.131314954 -0.172757582 0.001458402 0.024420603 -0.004529244 0.999690449
8102. -0.481122335 0.131275623 -0.172644562 0.001431368 0.024429597 -0.004568718 0.999690088
8103. -0.481022841 0.131335475 -0.172628100 0.001454349 0.024423510 -0.004538063 0.999690344
8104. -0.481120881 0.131344455 -0.172584355 0.001458919 0.024435289 -0.004535519 0.999690061
8105. -0.481140870 0.131231531 -0.172682746 0.001437204 0.024428642 -0.004548772 0.999690194
8106. -0.480957318 0.131211774 -0.172728118 0.001442053 0.024407963 -0.004553545 0.999690671
8107. -0.480878356 0.131245317 -0.172824553 0.001436971 0.024395148 -0.004555218 0.999690983
8108. -0.480979965 0.131124376 -0.172875781 0.001407884 0.024400671 -0.004575861 0.999690796
8109. -0.480843768 0.130871919 -0.172971811 0.001363642 0.024376632 -0.004591730 0.999691371
8110. -0.480753495 0.130339158 -0.173169920 0.001280829 0.024354472 -0.004618238 0.999691898
8111. -0.480883854 0.130597831 -0.173271868 0.001242995 0.024388318 -0.004765605 0.999690429
8112. -0.480727598 0.131034708 -0.172999259 0.001290092 0.024351094 -0.004651696 0.999691813
8113. -0.481251834 0.130694730 -0.172634618 0.001290257 0.024463050 -0.004471383 0.999689903
8114. -0.481262065 0.130617679 -0.172597171 0.001272503 0.024482556 -0.004505405 0.999689295
8115. -0.481297542 0.130605810 -0.172596924 0.001254830 0.024494376 -0.004472849 0.999689174
8116. -0.481117225 0.130911974 -0.172970741 0.001272353 0.024428607 -0.004588425 0.999690237
8117. -0.481373591 0.130460452 -0.172783866 0.001185124 0.024479096 -0.004487489 0.999689568
8118. -0.481296057 0.130486512 -0.172814798 0.001203250 0.024462057 -0.004472034 0.999690032
8119. -0.481132717 0.130700317 -0.172769613 0.001239872 0.024423328 -0.004505760 0.999690783
8120. -0.481122614 0.130222351 -0.172654225 0.001169041 0.024427076 -0.004438848 0.999691076
8121. -0.481105596 0.130237999 -0.172571064 0.001158076 0.024408110 -0.004517144 0.999691202
8122. -0.481056783 0.130159411 -0.172557716 0.001136807 0.024391039 -0.004508986 0.999691679
8123. -0.481200803 0.129573607 -0.172510537 0.001083200 0.024404602 -0.004477808 0.999691548
8124. -0.481272939 0.129711259 -0.172598694 0.001094118 0.024436888 -0.004506196 0.999690620
8125. -0.481335850 0.129566638 -0.172691884 0.001048651 0.024444732 -0.004539641 0.999690326
8126. -0.481435153 0.129640712 -0.172684325 0.001061731 0.024485797 -0.004535002 0.999689328
8127. -0.481397831 0.129819329 -0.172936985 0.001091424 0.024459880 -0.004490825 0.999690130
8128. -0.481579254 0.129154131 -0.173156465 0.000916508 0.024477524 -0.004410596 0.999690231
8129. -0.481508786 0.129483634 -0.173171711 0.001014423 0.024449392 -0.004427769 0.999690749
8130. -0.481284314 0.129649796 -0.173007957 0.001043313 0.024404421 -0.004418139 0.999691860
8131. -0.481666627 0.129554722 -0.173291747 0.001016479 0.024483456 -0.004449997 0.999689814
8132. -0.481584918 0.129616166 -0.173182805 0.001028939 0.024464785 -0.004465735 0.999690188
8133. -0.481572553 0.129564773 -0.173309402 0.001026200 0.024465575 -0.004448154 0.999690250
8134. -0.481501120 0.129512783 -0.173381527 0.001024702 0.024455230 -0.004465640 0.999690427
8135. -0.481367326 0.129372262 -0.173685439 0.000979699 0.024422906 -0.004473927 0.999691225
8136. -0.481408889 0.129414387 -0.173329457 0.000988764 0.024434963 -0.004509351 0.999690763
8137. -0.482111901 0.129995970 -0.173456501 0.001079345 0.024542880 -0.004531875 0.999687923
8138. -0.482076518 0.130136971 -0.173412238 0.001092673 0.024537343 -0.004527508 0.999688065
8139. -0.482070772 0.130140532 -0.173398578 0.001100885 0.024530236 -0.004538312 0.999688181
8140. -0.482098121 0.130157085 -0.173400215 0.001105353 0.024541232 -0.004509861 0.999688035
8141. -0.482150603 0.130023279 -0.173460839 0.001081980 0.024546648 -0.004510072 0.999687927
8142. -0.482146047 0.130057959 -0.173475451 0.001087026 0.024549870 -0.004507315 0.999687854
8143. -0.482144071 0.129967990 -0.173483425 0.001076057 0.024547289 -0.004494472 0.999687988
8144. -0.481834874 0.129906258 -0.173477817 0.001063816 0.024502024 -0.004485443 0.999689152
8145. -0.481836916 0.129902853 -0.173443075 0.001060809 0.024488957 -0.004512528 0.999689353
8146. -0.481852851 0.129898179 -0.173518418 0.001054426 0.024488860 -0.004521662 0.999689321
8147. -0.481753252 0.130030412 -0.173446783 0.001079398 0.024477338 -0.004521167 0.999689579
8148. -0.481888055 0.129990704 -0.173684759 0.001073406 0.024490948 -0.004526100 0.999689230
8149. -0.481723160 0.130079078 -0.173629029 0.001095786 0.024468327 -0.004498488 0.999689884
8150. -0.481791406 0.129980180 -0.173666857 0.001088335 0.024473914 -0.004504551 0.999689728
8151. -0.481796919 0.130013319 -0.173618371 0.001094885 0.024478985 -0.004512700 0.999689560
8152. -0.481828398 0.129928724 -0.173650051 0.001076524 0.024482064 -0.004522617 0.999689460
8153. -0.481926118 0.129927861 -0.173680628 0.001078513 0.024490810 -0.004508589 0.999689307
8154. -0.481944563 0.129888878 -0.173607311 0.001074684 0.024492303 -0.004500534 0.999689310
8155. -0.482016557 0.130008262 -0.173712570 0.001090798 0.024500054 -0.004512467 0.999689049
8156. -0.482010108 0.130012794 -0.173712739 0.001095720 0.024503498 -0.004489714 0.999689062
8157. -0.482139009 0.129798533 -0.173835090 0.001054257 0.024518738 -0.004536100 0.999688523
8158. -0.482248732 0.129799266 -0.173769139 0.001058711 0.024542241 -0.004512167 0.999688050
8159. -0.482180454 0.129790544 -0.173701513 0.001051854 0.024527543 -0.004534520 0.999688317
8160. -0.482157041 0.129943055 -0.173719142 0.001093700 0.024514252 -0.004540919 0.999688569
8161. -0.482088656 0.129935311 -0.173700725 0.001090466 0.024509320 -0.004533187 0.999688729
8162. -0.482169798 0.129893125 -0.173783878 0.001076745 0.024519751 -0.004539567 0.999688459
8163. -0.482130388 0.129912192 -0.173849209 0.001081462 0.024513635 -0.004554462 0.999688536
8164. -0.482155413 0.129870812 -0.173828560 0.001069856 0.024515697 -0.004576632 0.999688397
8165. -0.482020021 0.129883450 -0.173758911 0.001079282 0.024500845 -0.004547555 0.999688883
8166. -0.482188270 0.129802212 -0.173923780 0.001072932 0.024520396 -0.004529252 0.999688494
8167. -0.482210318 0.129914056 -0.173840760 0.001081779 0.024528737 -0.004564636 0.999688119
8168. -0.482217550 0.129923860 -0.173829659 0.001082688 0.024527926 -0.004579642 0.999688069
8169. -0.482240853 0.129773077 -0.173884669 0.001050389 0.024535244 -0.004570276 0.999687967
8170. -0.482250450 0.129785379 -0.173923675 0.001050829 0.024535431 -0.004572640 0.999687951
8171. -0.482254118 0.129774214 -0.173830363 0.001055016 0.024553778 -0.004583012 0.999687449
8172. -0.482177916 0.129865428 -0.173777727 0.001083537 0.024537191 -0.004546572 0.999687992
8173. -0.482192297 0.129749483 -0.173801578 0.001065929 0.024534931 -0.004561143 0.999688000
8174. -0.482262186 0.129820300 -0.173813334 0.001074152 0.024549099 -0.004560212 0.999687647
8175. -0.482357318 0.129890634 -0.173828932 0.001077693 0.024556665 -0.004556568 0.999687474
8176. -0.482321568 0.129983621 -0.173787303 0.001080971 0.024550711 -0.004541977 0.999687684
8177. -0.482364511 0.129992515 -0.173725147 0.001095312 0.024561395 -0.004541714 0.999687407
8178. -0.482390254 0.130049510 -0.173722378 0.001107351 0.024557623 -0.004516835 0.999687599
8179. -0.482323978 0.130157086 -0.173682873 0.001116386 0.024553130 -0.004540056 0.999687594
8180. -0.482226371 0.130054427 -0.173774241 0.001086866 0.024528806 -0.004573908 0.999688069
8181. -0.482220374 0.130266840 -0.173662910 0.001129110 0.024536733 -0.004568429 0.999687853
8182. -0.482198756 0.130104717 -0.173676520 0.001091807 0.024531477 -0.004569877 0.999688017
8183. -0.482240844 0.130112904 -0.173643900 0.001111372 0.024531671 -0.004563369 0.999688020
8184. -0.482277590 0.130103219 -0.173590566 0.001102101 0.024542476 -0.004553148 0.999687812
8185. -0.482401454 0.130112120 -0.173532698 0.001102264 0.024568907 -0.004551638 0.999687169
8186. -0.482327300 0.129999854 -0.173572871 0.001083698 0.024559602 -0.004525923 0.999687535
8187. -0.482146426 0.129780435 -0.173176108 0.001060856 0.024553103 -0.004518086 0.999687755
8188. -0.482045588 0.129617000 -0.173104611 0.001045401 0.024546179 -0.004499801 0.999688023
8189. -0.482043767 0.129740429 -0.173032040 0.001056866 0.024548762 -0.004503225 0.999687932
8190. -0.482056584 0.129673287 -0.173087467 0.001051600 0.024546437 -0.004488170 0.999688063
8191. -0.482076309 0.129604650 -0.173139043 0.001039168 0.024547311 -0.004487274 0.999688058
8192. -0.482118967 0.129604527 -0.173156080 0.001038312 0.024553660 -0.004482528 0.999687925
8193. -0.482077162 0.129706488 -0.173174113 0.001064381 0.024540829 -0.004493388 0.999688164
8194. -0.482035452 0.129735328 -0.173120843 0.001072045 0.024539830 -0.004470019 0.999688285
8195. -0.482113389 0.129919891 -0.173063348 0.001091246 0.024554152 -0.004489739 0.999687824
8196. -0.482063069 0.129885705 -0.173179710 0.001087118 0.024536081 -0.004494688 0.999688250
8197. -0.481877842 0.129948018 -0.173176066 0.001096422 0.024516911 -0.004482738 0.999688764
8198. -0.481974579 0.129892274 -0.173139780 0.001078765 0.024525534 -0.004500776 0.999688490
8199. -0.481922135 0.129989049 -0.173095364 0.001098662 0.024522366 -0.004496726 0.999688564
8200. -0.481819863 0.130047248 -0.173130999 0.001104562 0.024508087 -0.004516973 0.999688817
8201. -0.481789494 0.130016723 -0.173099525 0.001098784 0.024508176 -0.004474286 0.999689013
8202. -0.481821735 0.130133017 -0.173167378 0.001113733 0.024511385 -0.004478882 0.999688897
8203. -0.481739198 0.130226184 -0.173142567 0.001138706 0.024494845 -0.004490086 0.999689224
8204. -0.481761253 0.130178598 -0.172998137 0.001142048 0.024502037 -0.004487680 0.999689055
8205. -0.481826163 0.130324908 -0.173117926 0.001159716 0.024514461 -0.004485540 0.999688740
8206. -0.481782063 0.129965184 -0.173141180 0.001073048 0.024505426 -0.004493607 0.999689022
8207. -0.481768988 0.129951516 -0.173159376 0.001081972 0.024499729 -0.004496543 0.999689139
8208. -0.481826587 0.129988080 -0.173063873 0.001083322 0.024513381 -0.004484089 0.999688858
8209. -0.481723451 0.130136671 -0.173124484 0.001101544 0.024497697 -0.004508683 0.999689112
8210. -0.481853566 0.130113779 -0.173069400 0.001103230 0.024512773 -0.004522180 0.999688680
8211. -0.481783894 0.130211382 -0.173070272 0.001120799 0.024503767 -0.004522990 0.999688877
8212. -0.481837810 0.130165551 -0.172993214 0.001117737 0.024513010 -0.004490170 0.999688802
8213. -0.481914493 0.130311700 -0.173044983 0.001145243 0.024528515 -0.004506301 0.999688318
8214. -0.481867836 0.130225876 -0.172941606 0.001128660 0.024512015 -0.004475653 0.999688880
8215. -0.481859879 0.130319353 -0.172941825 0.001149277 0.024509611 -0.004466698 0.999688955
8216. -0.481930578 0.130246185 -0.172956463 0.001134682 0.024517483 -0.004484104 0.999688701
8217. -0.482002541 0.130261520 -0.173037181 0.001148540 0.024526788 -0.004491566 0.999688423
8218. -0.481762915 0.130264910 -0.173063227 0.001146511 0.024484944 -0.004460593 0.999689590
8219. -0.481946302 0.130314926 -0.173139546 0.001146238 0.024511028 -0.004499374 0.999688777
8220. -0.482028769 0.130247503 -0.173149259 0.001129504 0.024521346 -0.004475239 0.999688652
8221. -0.482035548 0.130222216 -0.173149104 0.001124051 0.024520016 -0.004485608 0.999688644
8222. -0.481938707 0.130125365 -0.173137374 0.001101486 0.024511476 -0.004451336 0.999689032
8223. -0.481975776 0.130233664 -0.173205606 0.001123698 0.024511216 -0.004454733 0.999688998
8224. -0.481898409 0.130284228 -0.173189277 0.001132003 0.024496928 -0.004454879 0.999689338
8225. -0.482051377 0.130246610 -0.173127867 0.001113059 0.024530447 -0.004475275 0.999688447
8226. -0.481968088 0.130168747 -0.173162502 0.001097777 0.024510003 -0.004470027 0.999688988
8227. -0.481987417 0.130355136 -0.173037519 0.001143229 0.024521456 -0.004464054 0.999688683
8228. -0.482028253 0.130310704 -0.172979960 0.001120395 0.024523381 -0.004491261 0.999688540
8229. -0.482059016 0.130370816 -0.172898194 0.001136337 0.024532953 -0.004483302 0.999688323
8230. -0.482144497 0.130472719 -0.172808164 0.001160591 0.024538361 -0.004476376 0.999688193
8231. -0.482185642 0.130475968 -0.172770272 0.001163589 0.024545520 -0.004472140 0.999688033
8232. -0.482186432 0.130625934 -0.172583946 0.001188039 0.024535393 -0.004465802 0.999688281
8233. -0.482195042 0.130615341 -0.172332768 0.001203649 0.024523717 -0.004438097 0.999688672
8234. -0.482229994 0.130218782 -0.172632989 0.001122788 0.024546925 -0.004482113 0.999688001
8235. -0.482229369 0.130402164 -0.172616943 0.001139088 0.024537737 -0.004433934 0.999688423
8236. -0.482643043 0.129220524 -0.173005114 0.000895688 0.024563384 -0.004452319 0.999687959
8237. -0.482421099 0.128860519 -0.172967702 0.000839795 0.024537017 -0.004445672 0.999688684
8238. -0.482342848 0.128854706 -0.172890363 0.000832121 0.024515191 -0.004350282 0.999689646
8239. -0.482535849 0.129075710 -0.173048744 0.000884459 0.024560313 -0.004428290 0.999688151
8240. -0.480224485 0.128519777 -0.173720879 0.000801927 0.024222460 -0.004509692 0.999696100
8241. -0.480212148 0.129712261 -0.172511648 0.001014842 0.024216266 -0.004487091 0.999696158
8242. -0.480026347 0.129805562 -0.172545369 0.001042046 0.024197767 -0.004502991 0.999696507
8243. -0.481012619 0.129167722 -0.172515977 0.000917018 0.024363426 -0.004480893 0.999692705
8244. -0.481059310 0.128868727 -0.172716155 0.000853795 0.024362542 -0.004443933 0.999692947
8245. -0.481321772 0.128924613 -0.172563590 0.000859399 0.024410347 -0.004417806 0.999691892
8246. -0.480980272 0.129003777 -0.172304844 0.000865115 0.024340399 -0.004438702 0.999693500
8247. -0.481221816 0.128534556 -0.172329773 0.000808169 0.024387113 -0.004389568 0.999692626
8248. -0.480728731 0.128653935 -0.172455697 0.000805031 0.024311661 -0.004482717 0.999694053
8249. -0.480879633 0.128520244 -0.172336650 0.000775091 0.024337303 -0.004479175 0.999693469
8250. -0.481013919 0.128701171 -0.172408475 0.000810737 0.024360304 -0.004488349 0.999692839
8251. -0.480967105 0.128814247 -0.172397596 0.000822502 0.024350602 -0.004501560 0.999693007
8252. -0.481076984 0.128708740 -0.172561093 0.000788084 0.024361779 -0.004487155 0.999692827
8253. -0.481519506 0.128957414 -0.172819451 0.000868845 0.024421691 -0.004456922 0.999691433
8254. -0.481406938 0.129115276 -0.172864386 0.000902215 0.024404969 -0.004460671 0.999691795
8255. -0.481446886 0.129011223 -0.172842020 0.000885797 0.024412542 -0.004458438 0.999691635
8256. -0.481498480 0.129071302 -0.172899808 0.000899442 0.024414906 -0.004455075 0.999691580
8257. -0.481285366 0.129822813 -0.172832727 0.001052235 0.024403236 -0.004478371 0.999691612
8258. -0.481466436 0.129461470 -0.172857400 0.001006604 0.024430127 -0.004475861 0.999691013
8259. -0.481226328 0.129924011 -0.172979214 0.001075459 0.024379422 -0.004550896 0.999691841
8260. -0.481268276 0.129989364 -0.173019548 0.001095785 0.024384087 -0.004544327 0.999691735
8261. -0.481336258 0.129743618 -0.172982431 0.001037358 0.024399322 -0.004545037 0.999691422
8262. -0.481176791 0.129581155 -0.173017002 0.001008856 0.024371114 -0.004530204 0.999692207
8263. -0.481181623 0.129611069 -0.173060627 0.001021477 0.024367437 -0.004524740 0.999692308
8264. -0.481196009 0.129655586 -0.173071617 0.001025031 0.024370746 -0.004527193 0.999692213
8265. -0.481225888 0.129600673 -0.173062318 0.001020966 0.024373697 -0.004513657 0.999692206
8266. -0.481279451 0.129616440 -0.172976560 0.001015685 0.024394460 -0.004527448 0.999691643
8267. -0.481295430 0.129608524 -0.172997802 0.001009985 0.024392300 -0.004535028 0.999691667
8268. -0.481137347 0.129797357 -0.172928937 0.001041471 0.024367327 -0.004537694 0.999692232
8269. -0.481125991 0.129805609 -0.172852583 0.001037914 0.024368664 -0.004543974 0.999692174
8270. -0.481179857 0.129784854 -0.172937822 0.001030283 0.024379259 -0.004562473 0.999691840
8271. -0.481285219 0.129737731 -0.172983609 0.001032058 0.024391637 -0.004547031 0.999691606
8272. -0.481196920 0.129779207 -0.172900178 0.001035483 0.024375931 -0.004556992 0.999691940
8273. -0.481182248 0.129803596 -0.172968280 0.001038973 0.024372359 -0.004554854 0.999692034
8274. -0.481165197 0.129822624 -0.172933050 0.001043229 0.024369578 -0.004558931 0.999692078
8275. -0.481161464 0.129833728 -0.172914319 0.001037689 0.024373189 -0.004568964 0.999691950
8276. -0.481172903 0.129773483 -0.172814798 0.001025582 0.024382108 -0.004573629 0.999691724
8277. -0.481176426 0.129714060 -0.172825526 0.001019098 0.024387367 -0.004572452 0.999691608
8278. -0.481142919 0.129729631 -0.172673252 0.001018039 0.024390230 -0.004574813 0.999691528
8279. -0.481119362 0.129716589 -0.172785447 0.001018363 0.024377745 -0.004569800 0.999691855
8280. -0.481077217 0.129779814 -0.172748038 0.001030487 0.024371289 -0.004587420 0.999691920
8281. -0.481015413 0.129780834 -0.172744127 0.001034322 0.024369459 -0.004565776 0.999692059
8282. -0.481137185 0.129726575 -0.172742443 0.001033452 0.024387338 -0.004553279 0.999691681
8283. -0.481129994 0.129642339 -0.172631195 0.001011488 0.024394327 -0.004554331 0.999691528
8284. -0.481200010 0.129614050 -0.172610652 0.000993858 0.024411567 -0.004581764 0.999691000
8285. -0.481311865 0.129644758 -0.172804300 0.000992436 0.024409102 -0.004583210 0.999691055
8286. -0.481243360 0.129570491 -0.172974846 0.000978209 0.024376198 -0.004553294 0.999692008
8287. -0.481706554 0.128928566 -0.173158451 0.000886569 0.024427678 -0.004496061 0.999691096
8288. -0.481664030 0.128977812 -0.173111457 0.000895668 0.024421736 -0.004479986 0.999691306
8289. -0.481563637 0.128995171 -0.173116418 0.000901722 0.024410330 -0.004482328 0.999691568
8290. -0.481558247 0.128978987 -0.173166119 0.000896143 0.024404616 -0.004471213 0.999691762
8291. -0.481580201 0.128932082 -0.173189507 0.000895641 0.024409012 -0.004455181 0.999691727
8292. -0.481637458 0.129009640 -0.173140384 0.000900122 0.024424284 -0.004484250 0.999691220
8293. -0.481621875 0.129023440 -0.173092378 0.000914068 0.024423405 -0.004468749 0.999691298
8294. -0.481644232 0.128909283 -0.173202653 0.000892039 0.024424493 -0.004456360 0.999691347
8295. -0.481567515 0.128962300 -0.173108806 0.000903006 0.024417645 -0.004461347 0.999691482
8296. -0.481635038 0.128940891 -0.173163718 0.000897742 0.024426207 -0.004462916 0.999691271
8297. -0.481677625 0.129054218 -0.173172514 0.000914616 0.024433776 -0.004483935 0.999690976
8298. -0.481669256 0.129061701 -0.173079279 0.000917263 0.024438741 -0.004494418 0.999690806
8299. -0.481690837 0.129127621 -0.173064041 0.000925511 0.024444565 -0.004496565 0.999690646
8300. -0.481685132 0.129012772 -0.173101986 0.000902594 0.024444719 -0.004499368 0.999690651
8301. -0.481683213 0.129047315 -0.173032590 0.000908777 0.024446508 -0.004501263 0.999690593
8302. -0.481651703 0.129031911 -0.172950919 0.000911141 0.024449677 -0.004484548 0.999690588
8303. -0.481627260 0.128981817 -0.172828843 0.000893402 0.024453759 -0.004487643 0.999690490
8304. -0.481634954 0.129075382 -0.172749928 0.000917650 0.024458924 -0.004484963 0.999690354
8305. -0.481630748 0.129111062 -0.172687814 0.000922855 0.024470103 -0.004493782 0.999690036
8306. -0.481582263 0.129158370 -0.172701542 0.000946142 0.024458483 -0.004500235 0.999690270
8307. -0.481669329 0.129101115 -0.172760961 0.000938640 0.024475549 -0.004478432 0.999689957
8308. -0.481648611 0.129125216 -0.172678100 0.000940160 0.024476888 -0.004486824 0.999689885
8309. -0.481616881 0.129154880 -0.172739413 0.000942271 0.024465151 -0.004492835 0.999690143
8310. -0.481708210 0.129141007 -0.172731403 0.000936165 0.024479626 -0.004498764 0.999689768
8311. -0.481635960 0.129140092 -0.172730056 0.000940595 0.024465640 -0.004496601 0.999690116
8312. -0.481639845 0.129097050 -0.172685944 0.000925371 0.024468826 -0.004493217 0.999690068
8313. -0.481607424 0.129103689 -0.172682579 0.000927907 0.024464990 -0.004492152 0.999690164
8314. -0.481578944 0.129094200 -0.172672148 0.000922958 0.024466404 -0.004483528 0.999690173
8315. -0.481566098 0.129010494 -0.172623008 0.000907639 0.024460695 -0.004492384 0.999690287
8316. -0.481629683 0.128945475 -0.172734034 0.000894029 0.024464514 -0.004493148 0.999690202
8317. -0.481697523 0.128993953 -0.172703556 0.000903983 0.024479427 -0.004501075 0.999689792
8318. -0.481689491 0.128961700 -0.172722656 0.000901182 0.024482961 -0.004492797 0.999689746
8319. -0.481708760 0.128995842 -0.172710871 0.000895311 0.024482487 -0.004512119 0.999689675
8320. -0.481727078 0.129120183 -0.172729716 0.000920567 0.024481009 -0.004516353 0.999689669
8321. -0.481810466 0.129022860 -0.172768364 0.000912897 0.024487997 -0.004511040 0.999689529
8322. -0.481645751 0.129032012 -0.172807340 0.000906271 0.024458568 -0.004526245 0.999690187
8323. -0.481574182 0.129033281 -0.172699970 0.000896602 0.024459552 -0.004525769 0.999690174
8324. -0.481533714 0.129029350 -0.172604811 0.000905945 0.024457711 -0.004504027 0.999690309
8325. -0.481427300 0.129009115 -0.172686011 0.000899191 0.024441858 -0.004504397 0.999690701
8326. -0.481521706 0.129004340 -0.172607728 0.000901586 0.024452832 -0.004512435 0.999690394
8327. -0.481573766 0.129116832 -0.172652578 0.000920134 0.024464105 -0.004516493 0.999690083
8328. -0.481564994 0.129076802 -0.172668852 0.000911174 0.024464089 -0.004524693 0.999690055
8329. -0.481525020 0.129034059 -0.172635219 0.000904980 0.024461192 -0.004517004 0.999690166
8330. -0.481549992 0.129049429 -0.172573639 0.000923068 0.024457374 -0.004503388 0.999690304
8331. -0.481267680 0.129207522 -0.172477070 0.000949932 0.024421450 -0.004505331 0.999691149
8332. -0.481337963 0.129061457 -0.172532999 0.000905986 0.024437596 -0.004527180 0.999690696
8333. -0.481359677 0.129094121 -0.172539466 0.000924785 0.024441802 -0.004506842 0.999690668
8334. -0.481472619 0.128880267 -0.172809369 0.000891484 0.024429165 -0.004483183 0.999691113
8335. -0.481531389 0.128813719 -0.172854581 0.000876822 0.024432682 -0.004487785 0.999691020
8336. -0.481647848 0.128822504 -0.172841412 0.000873205 0.024444831 -0.004508003 0.999690635
8337. -0.481548213 0.128867849 -0.172563200 0.000894392 0.024465437 -0.004488855 0.999690198
8338. -0.481366560 0.128984890 -0.172511652 0.000903807 0.024436632 -0.004462377 0.999691013
8339. -0.481725743 0.129040384 -0.172685850 0.000920003 0.024473097 -0.004393076 0.999690413
8340. -0.481451370 0.128913368 -0.172678577 0.000903346 0.024435213 -0.004378894 0.999691417
8341. -0.481230187 0.128900555 -0.172181980 0.000903400 0.024410131 -0.004421094 0.999691844
8342. -0.481037957 0.129031683 -0.172489052 0.000920123 0.024386630 -0.004458806 0.999692235
8343. -0.481301782 0.129063949 -0.172453850 0.000917555 0.024416914 -0.004450654 0.999691534
8344. -0.481389603 0.128912149 -0.172393301 0.000904946 0.024416184 -0.004414992 0.999691722
8345. -0.481441086 0.128958753 -0.172485607 0.000902138 0.024435183 -0.004375499 0.999691434
8346. -0.481585557 0.128601669 -0.172756071 0.000853458 0.024441111 -0.004371900 0.999691347
8347. -0.480940612 0.128600521 -0.172816220 0.000838434 0.024341557 -0.004424015 0.999693560
8348. -0.481349782 0.129628111 -0.172855074 0.001045170 0.024409140 -0.004486614 0.999691438
8349. -0.481315996 0.129735658 -0.172824235 0.001069061 0.024407007 -0.004479040 0.999691499
8350. -0.481379247 0.129320606 -0.172709494 0.000992536 0.024409144 -0.004465823 0.999691585
8351. -0.481300918 0.129353972 -0.172814352 0.000993031 0.024370100 -0.004457722 0.999692573
8352. -0.481534915 0.129256381 -0.172789091 0.000970957 0.024402899 -0.004473742 0.999691723
8353. -0.481258687 0.129576987 -0.173162325 0.001034131 0.024369970 -0.004415112 0.999692724
8354. -0.481526359 0.129318358 -0.173265466 0.000983387 0.024419387 -0.004470368 0.999691324
8355. -0.481764390 0.129338602 -0.173106294 0.000997639 0.024474088 -0.004424124 0.999690177
8356. -0.481783728 0.129207173 -0.173174967 0.000962627 0.024473168 -0.004458954 0.999690080
8357. -0.481759647 0.129376649 -0.173265160 0.000992257 0.024464823 -0.004466978 0.999690219
8358. -0.481737932 0.129384744 -0.173251449 0.000986310 0.024461526 -0.004462265 0.999690327
8359. -0.481737586 0.129356434 -0.173184511 0.000980171 0.024466094 -0.004471328 0.999690180
8360. -0.481683863 0.129449221 -0.173143928 0.000989958 0.024453533 -0.004463427 0.999690513
8361. -0.481679455 0.129404691 -0.173091914 0.000979686 0.024456549 -0.004478148 0.999690384
8362. -0.481747876 0.129355475 -0.173202869 0.000976205 0.024470781 -0.004465183 0.999690097
8363. -0.481759678 0.129408111 -0.173126071 0.000986900 0.024475550 -0.004469841 0.999689949
8364. -0.481755986 0.129407749 -0.173119882 0.000983198 0.024472148 -0.004475471 0.999690011
8365. -0.481771893 0.129378866 -0.173108918 0.000971474 0.024472403 -0.004481433 0.999689989
8366. -0.481737886 0.129421444 -0.173135342 0.000970993 0.024462331 -0.004474610 0.999690267
8367. -0.481759619 0.129295129 -0.173228286 0.000945993 0.024457792 -0.004468620 0.999690429
8368. -0.481758467 0.129381013 -0.173090527 0.000956719 0.024461864 -0.004477779 0.999690278
8369. -0.481744245 0.129367222 -0.173193212 0.000961986 0.024463817 -0.004460076 0.999690304
8370. -0.481769882 0.129340873 -0.173249090 0.000958908 0.024457976 -0.004453820 0.999690478
8371. -0.481786317 0.129317397 -0.173343008 0.000961118 0.024459021 -0.004456164 0.999690440
8372. -0.481788817 0.129273179 -0.173397188 0.000953572 0.024452734 -0.004449413 0.999690631
8373. -0.481838015 0.129275978 -0.173387772 0.000951172 0.024467738 -0.004455259 0.999690240
8374. -0.481829512 0.129346016 -0.173391580 0.000970220 0.024466996 -0.004442722 0.999690296
8375. -0.481742326 0.129284010 -0.173282181 0.000957887 0.024446930 -0.004431761 0.999690847
8376. -0.481816803 0.129317710 -0.173259016 0.000963574 0.024467567 -0.004448052 0.999690264
8377. -0.481785922 0.129286207 -0.173301834 0.000957621 0.024455998 -0.004439397 0.999690592
8378. -0.481828323 0.129249069 -0.173272622 0.000947074 0.024469553 -0.004431362 0.999690306
8379. -0.481803284 0.129321389 -0.173248390 0.000964597 0.024463693 -0.004424910 0.999690461
8380. -0.481794423 0.129314574 -0.173253759 0.000970950 0.024453764 -0.004416340 0.999690735
8381. -0.481781108 0.129343881 -0.173270831 0.000977882 0.024457887 -0.004411191 0.999690651
8382. -0.481828116 0.129284197 -0.173325289 0.000972479 0.024459555 -0.004419955 0.999690576
8383. -0.481784994 0.129361980 -0.173239209 0.000980054 0.024459375 -0.004404845 0.999690640
8384. -0.481751793 0.129254204 -0.173319170 0.000968819 0.024444611 -0.004375219 0.999691142
8385. -0.481806107 0.129374831 -0.173308372 0.000981374 0.024456473 -0.004410861 0.999690683
8386. -0.481781490 0.129437520 -0.173258430 0.000994637 0.024464603 -0.004426375 0.999690403
8387. -0.481740413 0.129416795 -0.173299298 0.000994902 0.024449292 -0.004411537 0.999690843
8388. -0.481732235 0.129424644 -0.173265753 0.000980543 0.024442063 -0.004440502 0.999690905
8389. -0.481730852 0.129376420 -0.173276519 0.000977551 0.024441388 -0.004413673 0.999691043
8390. -0.481751195 0.129405306 -0.173325953 0.000983920 0.024441920 -0.004442905 0.999690895
8391. -0.481689764 0.129381765 -0.173152731 0.000974914 0.024440715 -0.004448423 0.999690908
8392. -0.481740427 0.129308631 -0.173218888 0.000968254 0.024449471 -0.004425986 0.999690800
8393. -0.481763852 0.129430218 -0.173186630 0.000986226 0.024458023 -0.004457518 0.999690434
8394. -0.481700009 0.129428989 -0.173115542 0.000988724 0.024445098 -0.004461075 0.999690731
8395. -0.481731212 0.129427122 -0.173140714 0.000977740 0.024450301 -0.004454444 0.999690645
8396. -0.481692118 0.129464824 -0.173080269 0.000994688 0.024447794 -0.004450959 0.999690705
8397. -0.481738111 0.129386365 -0.173167660 0.000982815 0.024458114 -0.004454255 0.999690449
8398. -0.481746995 0.129393105 -0.173186758 0.000993297 0.024453925 -0.004446994 0.999690574
8399. -0.481798702 0.129382895 -0.173240138 0.000984189 0.024458917 -0.004465717 0.999690377
8400. -0.481709124 0.129465378 -0.173051137 0.001007445 0.024445913 -0.004484922 0.999690586
8401. -0.481749694 0.129342320 -0.173148795 0.000982501 0.024448707 -0.004457641 0.999690665
8402. -0.481747012 0.129475770 -0.173170245 0.001009530 0.024449803 -0.004452717 0.999690633
8403. -0.481734496 0.129454873 -0.173080289 0.001004303 0.024447580 -0.004444965 0.999690727
8404. -0.481716795 0.129530215 -0.173100105 0.001020477 0.024445668 -0.004453727 0.999690718
8405. -0.481766007 0.129563949 -0.173161582 0.001014101 0.024457787 -0.004482991 0.999690298
8406. -0.481791006 0.129531716 -0.173203862 0.001009927 0.024457751 -0.004467330 0.999690373
8407. -0.481771187 0.129538867 -0.173183842 0.001016063 0.024450853 -0.004484069 0.999690460
8408. -0.481866746 0.129366100 -0.173391635 0.000956921 0.024465805 -0.004471133 0.999690211
8409. -0.481870561 0.129332344 -0.173382577 0.000959611 0.024462643 -0.004475432 0.999690266
8410. -0.481772974 0.129379425 -0.173245190 0.000969327 0.024461925 -0.004472136 0.999690289
8411. -0.481698217 0.129361019 -0.173246003 0.000967422 0.024444700 -0.004480058 0.999690677
8412. -0.481700417 0.129379920 -0.173235027 0.000969412 0.024451479 -0.004467645 0.999690565
8413. -0.481675022 0.129338605 -0.173231326 0.000968668 0.024441845 -0.004446306 0.999690896
8414. -0.481718125 0.129387026 -0.173179248 0.000985914 0.024460758 -0.004424063 0.999690516
8415. -0.481731957 0.129394034 -0.173226620 0.000987985 0.024462819 -0.004423201 0.999690467
8416. -0.481752786 0.129375591 -0.173175577 0.000979440 0.024468027 -0.004443517 0.999690258
8417. -0.481751180 0.129318569 -0.173141353 0.000959834 0.024472343 -0.004426919 0.999690245
8418. -0.481793011 0.129341435 -0.173130453 0.000964957 0.024478782 -0.004464692 0.999689914
8419. -0.481813935 0.129555315 -0.173372563 0.000997372 0.024473530 -0.004474230 0.999689968
8420. -0.481710757 0.129558550 -0.173256508 0.001001956 0.024461440 -0.004447356 0.999690380
8421. -0.481677329 0.129572303 -0.173204516 0.000997093 0.024456695 -0.004453880 0.999690472
8422. -0.481655016 0.129657333 -0.173111836 0.001016744 0.024448126 -0.004487153 0.999690513
8423. -0.481674373 0.129751291 -0.173051087 0.001030380 0.024462404 -0.004480449 0.999690179
8424. -0.481664248 0.129621742 -0.173136300 0.001015993 0.024457901 -0.004464959 0.999690374
8425. -0.481674502 0.129654335 -0.173157495 0.001026077 0.024454463 -0.004472878 0.999690412
8426. -0.481648699 0.129575560 -0.173067865 0.001020538 0.024452242 -0.004473622 0.999690469
8427. -0.481648932 0.129577436 -0.173077095 0.001019830 0.024450453 -0.004473698 0.999690513
8428. -0.481659534 0.129656049 -0.173118195 0.001028571 0.024450844 -0.004498436 0.999690383
8429. -0.481643439 0.129676480 -0.173079628 0.001025595 0.024448606 -0.004486772 0.999690493
8430. -0.481637326 0.129665981 -0.172996939 0.001023942 0.024447158 -0.004499925 0.999690471
8431. -0.481547745 0.129684334 -0.173032096 0.001026567 0.024428166 -0.004469107 0.999691071
8432. -0.481642028 0.129611040 -0.173096910 0.001010633 0.024451356 -0.004493341 0.999690412
8433. -0.481594706 0.129651259 -0.173077182 0.001024956 0.024436299 -0.004490809 0.999690777
8434. -0.481654721 0.129697056 -0.173115662 0.001034906 0.024449221 -0.004493813 0.999690437
8435. -0.481660872 0.129663534 -0.173078728 0.001025958 0.024451201 -0.004483155 0.999690446
8436. -0.481627148 0.129665701 -0.173121505 0.001029285 0.024438981 -0.004478020 0.999690764
8437. -0.481568737 0.129678864 -0.172966018 0.001026927 0.024446052 -0.004454132 0.999690700
8438. -0.481600656 0.129643608 -0.173046199 0.001028377 0.024447593 -0.004463350 0.999690620
8439. -0.481701195 0.129603561 -0.173064712 0.001012726 0.024465619 -0.004470866 0.999690162
8440. -0.481675884 0.129701632 -0.172983921 0.001032925 0.024463735 -0.004472864 0.999690178
8441. -0.481611990 0.129719876 -0.172942034 0.001040480 0.024453477 -0.004460192 0.999690478
8442. -0.481671328 0.129729207 -0.172933625 0.001036476 0.024459475 -0.004508570 0.999690118
8443. -0.481634659 0.129704677 -0.172966295 0.001034117 0.024451193 -0.004474433 0.999690477
8444. -0.481678004 0.129704266 -0.173004629 0.001017974 0.024458796 -0.004492965 0.999690224
8445. -0.481651366 0.129694157 -0.173017687 0.001019355 0.024453476 -0.004469471 0.999690458
8446. -0.481704776 0.129720513 -0.173065492 0.001022415 0.024461873 -0.004498192 0.999690121
8447. -0.481761465 0.129675917 -0.173025471 0.001007983 0.024480991 -0.004498211 0.999689667
8448. -0.481759801 0.129673105 -0.172954064 0.000999242 0.024484311 -0.004500769 0.999689583
8449. -0.481718041 0.129775461 -0.173019042 0.001013176 0.024468972 -0.004531310 0.999689807
8450. -0.481729782 0.129716331 -0.173015067 0.001009133 0.024472868 -0.004507920 0.999689821
8451. -0.481753993 0.129619441 -0.173020146 0.000995028 0.024477359 -0.004492888 0.999689793
8452. -0.481764015 0.129636798 -0.173082918 0.000995766 0.024477629 -0.004500013 0.999689754
8453. -0.481710299 0.129705105 -0.173014637 0.001011528 0.024472249 -0.004514479 0.999689805
8454. -0.481732080 0.129629259 -0.172948936 0.001003423 0.024479660 -0.004502571 0.999689685
8455. -0.481786287 0.129626418 -0.173005920 0.001005503 0.024490371 -0.004523117 0.999689328
8456. -0.481952440 0.129615823 -0.173198956 0.000997363 0.024508866 -0.004572592 0.999688658
8457. -0.482103760 0.129325680 -0.173581183 0.000982313 0.024519772 -0.004491806 0.999688771
8458. -0.482105849 0.129356203 -0.173573129 0.000985843 0.024524710 -0.004500487 0.999688608
8459. -0.482090792 0.129387048 -0.173491631 0.000989451 0.024525380 -0.004489417 0.999688637
8460. -0.482163193 0.129364997 -0.173447977 0.000976010 0.024519841 -0.004483949 0.999688811
8461. -0.482155838 0.129301202 -0.173507542 0.000968534 0.024515520 -0.004448123 0.999689084
8462. -0.481977824 0.129331850 -0.173358732 0.000965592 0.024509682 -0.004487272 0.999689055
8463. -0.481897756 0.129347320 -0.173391199 0.000973428 0.024497932 -0.004419360 0.999689638
8464. -0.482076094 0.129310067 -0.173477424 0.000966578 0.024529077 -0.004461598 0.999688694
8465. -0.481887144 0.129388438 -0.173284061 0.000968808 0.024499002 -0.004414826 0.999689637
8466. -0.481761701 0.129141702 -0.173127442 0.000952723 0.024474768 -0.004458813 0.999690050
8467. -0.482254877 0.129013322 -0.173742462 0.000927430 0.024535662 -0.004546169 0.999688188
8468. -0.482257211 0.128975842 -0.173854904 0.000923919 0.024534980 -0.004540253 0.999688235
8469. -0.482285024 0.129150124 -0.174238770 0.000934852 0.024543231 -0.004542251 0.999688013
8470. -0.481672110 0.129490662 -0.173316916 0.001002431 0.024440187 -0.004565243 0.999690368
8471. -0.481706192 0.129476986 -0.173423196 0.000979645 0.024458547 -0.004593906 0.999689810
8472. -0.481851673 0.129490159 -0.173477420 0.000996802 0.024525606 -0.004612747 0.999688063
8473. -0.481527986 0.129659627 -0.173330800 0.001007041 0.024430768 -0.004550780 0.999690659
8474. -0.481495833 0.129633143 -0.173342896 0.000992595 0.024416979 -0.004484281 0.999691311
8475. -0.481327406 0.129563193 -0.173283233 0.000975635 0.024395962 -0.004526659 0.999691650
8476. -0.481104704 0.129474444 -0.173244062 0.000947898 0.024355965 -0.004500905 0.999692768
8477. -0.481354194 0.129390778 -0.173227161 0.000937490 0.024410090 -0.004530338 0.999691325
8478. -0.481216438 0.129309609 -0.173348721 0.000916999 0.024394215 -0.004496198 0.999691885
8479. -0.481005689 0.129107735 -0.173927117 0.000882591 0.024368597 -0.004485193 0.999692591
8480. -0.481031977 0.129305553 -0.173656296 0.000937377 0.024384064 -0.004518202 0.999692015
8481. -0.481445521 0.129585038 -0.172930306 0.000981136 0.024434930 -0.004502825 0.999690800
8482. -0.481185511 0.129705901 -0.172601825 0.001005281 0.024408739 -0.004504377 0.999691409
8483. -0.481417316 0.128322429 -0.173174393 0.000875071 0.024404758 -0.004447818 0.999691882
8484. -0.480820915 0.128457942 -0.173100187 0.000916604 0.024361751 -0.004405133 0.999693083
8485. -0.480790085 0.128454894 -0.173177716 0.000920412 0.024356031 -0.004415595 0.999693172
8486. -0.480688793 0.129202574 -0.172911647 0.001036154 0.024350829 -0.004380886 0.999693339
8487. -0.480779055 0.129155605 -0.172943844 0.001022865 0.024357800 -0.004371368 0.999693224
8488. -0.481682080 0.130134564 -0.172836054 0.001143234 0.024460438 -0.004479531 0.999690109
8489. -0.481412236 0.129450741 -0.173259027 0.001007927 0.024411772 -0.004517054 0.999691275
8490. -0.481493722 0.129492549 -0.173238145 0.000999079 0.024419525 -0.004549095 0.999690949
8491. -0.481550391 0.129465438 -0.173227006 0.000997746 0.024436795 -0.004522765 0.999690648
8492. -0.481381742 0.129802654 -0.173033827 0.001057888 0.024425337 -0.004495447 0.999690990
8493. -0.481404992 0.129823010 -0.173105194 0.001086928 0.024419027 -0.004494942 0.999691115
8494. -0.481120392 0.129672002 -0.173045554 0.001060207 0.024375629 -0.004489978 0.999692225
8495. -0.481268171 0.129483293 -0.172956515 0.001032998 0.024394982 -0.004477584 0.999691837
8496. -0.481199130 0.129507131 -0.172864059 0.001041421 0.024398737 -0.004459607 0.999691817
8497. -0.481122177 0.129461825 -0.172909658 0.001025429 0.024384446 -0.004459091 0.999692185
8498. -0.481302034 0.129477874 -0.173169877 0.001025897 0.024392071 -0.004450588 0.999692036
8499. -0.481296008 0.129310952 -0.173102197 0.000995114 0.024388983 -0.004433156 0.999692220
8500. -0.481150139 0.129349075 -0.173056643 0.001000841 0.024379033 -0.004434986 0.999692449
8501. -0.481285104 0.129194200 -0.173220886 0.000989228 0.024383200 -0.004414675 0.999692449
8502. -0.481308972 0.129235333 -0.173277310 0.000992230 0.024378533 -0.004421007 0.999692531
8503. -0.481277625 0.129307066 -0.173270428 0.001001241 0.024370821 -0.004433484 0.999692655
8504. -0.481186526 0.129192518 -0.173291366 0.000980226 0.024360406 -0.004430319 0.999692944
8505. -0.481282348 0.129268060 -0.173280916 0.000991032 0.024376101 -0.004445961 0.999692481
8506. -0.481192267 0.129263033 -0.173200415 0.000987651 0.024364955 -0.004449719 0.999692740
8507. -0.480957254 0.129039179 -0.173208300 0.000974914 0.024332857 -0.004392657 0.999693786
8508. -0.480930437 0.129140949 -0.173172729 0.000985212 0.024331126 -0.004408968 0.999693746
8509. -0.481017622 0.129166605 -0.173202588 0.000988127 0.024343985 -0.004412867 0.999693413
8510. -0.481040411 0.129152089 -0.173162130 0.000994150 0.024338972 -0.004421640 0.999693491
8511. -0.481112900 0.129068325 -0.173253190 0.000981068 0.024344173 -0.004433226 0.999693326
8512. -0.481095719 0.129256861 -0.173282156 0.001009665 0.024343709 -0.004444593 0.999693258
8513. -0.480937889 0.129425704 -0.173242731 0.001038348 0.024326217 -0.004449040 0.999693635
8514. -0.481003449 0.129287483 -0.173312401 0.001018088 0.024320673 -0.004451419 0.999693780
8515. -0.481002162 0.129418130 -0.173204441 0.000974557 0.024310608 -0.004447289 0.999694086
8516. -0.480996231 0.129520022 -0.173251753 0.001033594 0.024322547 -0.004405023 0.999693924
8517. -0.481206950 0.129554918 -0.173182510 0.001045264 0.024369770 -0.004421328 0.999692690
8518. -0.481302525 0.129441958 -0.173241442 0.001037845 0.024371223 -0.004419046 0.999692672
8519. -0.481077536 0.129913031 -0.172588129 0.001110728 0.024337565 -0.004505258 0.999693029
8520. -0.481122568 0.129899592 -0.172649272 0.001099999 0.024336909 -0.004520479 0.999692988
8521. -0.481124031 0.129890313 -0.172615425 0.001092449 0.024346690 -0.004503772 0.999692833
8522. -0.481153299 0.129905666 -0.172769940 0.001087915 0.024333954 -0.004514902 0.999693098
8523. -0.481139457 0.129903287 -0.172752599 0.001094315 0.024325564 -0.004489154 0.999693411
8524. -0.481262179 0.129801765 -0.172626854 0.001096771 0.024371048 -0.004500643 0.999692249
8525. -0.481365236 0.129756148 -0.172728169 0.001084428 0.024382185 -0.004490407 0.999692037
8526. -0.481322458 0.129745314 -0.172717439 0.001080825 0.024381162 -0.004464909 0.999692180
8527. -0.481271415 0.129878984 -0.172729134 0.001097721 0.024366889 -0.004519556 0.999692264
8528. -0.481218827 0.129870470 -0.172645134 0.001090684 0.024365069 -0.004517778 0.999692324
8529. -0.481039014 0.129878493 -0.172403976 0.001102201 0.024353537 -0.004497798 0.999692683
8530. -0.481141507 0.129906714 -0.172546500 0.001099450 0.024369237 -0.004506217 0.999692265
8531. -0.481469609 0.129892955 -0.172839842 0.001091204 0.024405922 -0.004503699 0.999691391
8532. -0.481482086 0.129930038 -0.172882060 0.001112029 0.024407185 -0.004498800 0.999691359
8533. -0.481426951 0.129993871 -0.172793752 0.001128007 0.024395352 -0.004529014 0.999691494
8534. -0.481348887 0.130016903 -0.172721746 0.001129668 0.024385257 -0.004546637 0.999691658
8535. -0.481277101 0.130032513 -0.172666584 0.001128360 0.024365229 -0.004536642 0.999692193
8536. -0.481320593 0.129985971 -0.172715447 0.001124400 0.024374832 -0.004507232 0.999692097
8537. -0.481571003 0.129902859 -0.172993072 0.001112754 0.024411863 -0.004519730 0.999691150
8538. -0.481635507 0.129998709 -0.173054404 0.001115837 0.024418161 -0.004553791 0.999690838
8539. -0.481637852 0.130004487 -0.173073797 0.001122538 0.024395153 -0.004551812 0.999691401
8540. -0.481690417 0.130000330 -0.173102174 0.001130264 0.024400406 -0.004519537 0.999691411
8541. -0.481514260 0.129927725 -0.172852019 0.001104778 0.024387381 -0.004492229 0.999691880
8542. -0.481570074 0.129989186 -0.172957761 0.001140727 0.024396675 -0.004528978 0.999691447
8543. -0.481612303 0.130034682 -0.172976140 0.001151215 0.024413796 -0.004515010 0.999691080
8544. -0.481499721 0.130045943 -0.172988800 0.001144127 0.024388307 -0.004535123 0.999691620
8545. -0.481643579 0.129964083 -0.173035687 0.001128537 0.024403462 -0.004522182 0.999691326
8546. -0.481461647 0.129968050 -0.173024753 0.001102914 0.024376391 -0.004495452 0.999692136
8547. -0.481041196 0.130009911 -0.172962490 0.001115385 0.024324177 -0.004521305 0.999693277
8548. -0.481164864 0.129911559 -0.173123870 0.001084734 0.024337106 -0.004517400 0.999693014
8549. -0.481067828 0.129901215 -0.172990519 0.001088157 0.024326784 -0.004503928 0.999693322
8550. -0.481270236 0.129932680 -0.173078714 0.001101354 0.024361918 -0.004543869 0.999692271
8551. -0.481287227 0.130040423 -0.173154215 0.001119855 0.024356341 -0.004572930 0.999692254
8552. -0.481600045 0.129967681 -0.173143040 0.001112078 0.024388611 -0.004598737 0.999691358
8553. -0.481606537 0.129951956 -0.173077261 0.001101007 0.024401003 -0.004542010 0.999691327
8554. -0.481364779 0.130450400 -0.172688773 0.001185424 0.024356593 -0.004594341 0.999692074
8555. -0.481382833 0.130422532 -0.172710453 0.001184277 0.024360762 -0.004577567 0.999692051
8556. -0.481312985 0.130477022 -0.172619157 0.001217563 0.024355451 -0.004549542 0.999692268
8557. -0.481250190 0.130479155 -0.172538034 0.001215608 0.024337973 -0.004567516 0.999692614
8558. -0.481187014 0.130605403 -0.172580237 0.001262170 0.024324084 -0.004571653 0.999692876
8559. -0.480888848 0.130765389 -0.172564708 0.001306091 0.024265698 -0.004586655 0.999694170
8560. -0.481257736 0.130478501 -0.172843403 0.001262211 0.024322815 -0.004535146 0.999693073
8561. -0.481102039 0.130766961 -0.172751448 0.001312821 0.024308049 -0.004582454 0.999693151
8562. -0.481346826 0.130807059 -0.172820725 0.001319898 0.024360954 -0.004567824 0.999691921
8563. -0.481347390 0.130738685 -0.172984135 0.001313304 0.024341121 -0.004577240 0.999692370
8564. -0.481322245 0.130752129 -0.172782244 0.001307847 0.024355266 -0.004609655 0.999691883
8565. -0.481282685 0.130858584 -0.172582509 0.001354867 0.024353416 -0.004652776 0.999691666
8566. -0.481321798 0.130905266 -0.172589227 0.001362277 0.024370349 -0.004656502 0.999691226
8567. -0.481366977 0.130218848 -0.172660928 0.001218882 0.024373742 -0.004595026 0.999691613
8568. -0.481088075 0.130294700 -0.172551813 0.001229889 0.024335055 -0.004597439 0.999692531
8569. -0.481416346 0.130269193 -0.172594497 0.001247225 0.024405525 -0.004606838 0.999690748
8570. -0.481325279 0.130399536 -0.172520102 0.001275155 0.024391408 -0.004630136 0.999690950
8571. -0.481579601 0.130497861 -0.172569452 0.001291501 0.024426294 -0.004613649 0.999690153
8572. -0.481522118 0.130466880 -0.172577448 0.001274269 0.024416585 -0.004617852 0.999690393
8573. -0.481380273 0.130307804 -0.172454567 0.001214565 0.024429451 -0.004526364 0.999690572
8574. -0.481337993 0.130349673 -0.172421885 0.001230922 0.024423659 -0.004534714 0.999690655
8575. -0.481402046 0.130323725 -0.172465551 0.001221995 0.024437191 -0.004532945 0.999690343
8576. -0.481148723 0.130441470 -0.172412794 0.001260118 0.024395210 -0.004504983 0.999691448
8577. -0.481040952 0.130475983 -0.172410469 0.001261615 0.024372592 -0.004507121 0.999691988
8578. -0.481070779 0.130335386 -0.172360706 0.001228198 0.024384171 -0.004519970 0.999691689
8579. -0.481169866 0.130186006 -0.172459345 0.001202798 0.024403523 -0.004443339 0.999691591
8580. -0.481157357 0.130185818 -0.172414444 0.001210765 0.024409670 -0.004442605 0.999691435
8581. -0.481125894 0.130177337 -0.172347824 0.001203422 0.024409230 -0.004424206 0.999691536
8582. -0.481145111 0.130193045 -0.172355674 0.001211549 0.024414399 -0.004419455 0.999691421
8583. -0.481354388 0.129943560 -0.172404433 0.001173711 0.024460633 -0.004418355 0.999690341
8584. -0.481366796 0.129910434 -0.172478518 0.001181466 0.024459181 -0.004400634 0.999690446
8585. -0.481494082 0.129873392 -0.172451221 0.001154210 0.024489148 -0.004435478 0.999689590
8586. -0.481462163 0.129789091 -0.172485068 0.001125677 0.024470911 -0.004433232 0.999690079
8587. -0.481504640 0.129794373 -0.172463910 0.001128496 0.024490162 -0.004429598 0.999689620
8588. -0.481504411 0.129924163 -0.172648587 0.001143434 0.024469078 -0.004457551 0.999689995
8589. -0.481567721 0.130177639 -0.172464190 0.001207230 0.024495156 -0.004482219 0.999689172
8590. -0.481558553 0.130137400 -0.172416740 0.001172058 0.024499977 -0.004512059 0.999688961
8591. -0.481492484 0.130002982 -0.172262438 0.001139653 0.024497098 -0.004484972 0.999689191
8592. -0.481567522 0.129927621 -0.172317390 0.001129246 0.024511977 -0.004482264 0.999688850
8593. -0.481487196 0.129895507 -0.172302368 0.001108118 0.024484015 -0.004460867 0.999689655
8594. -0.481486817 0.129899223 -0.172314707 0.001112633 0.024496051 -0.004467490 0.999689325
8595. -0.481421240 0.129914729 -0.172296134 0.001111162 0.024477424 -0.004469244 0.999689775
8596. -0.481469540 0.129950748 -0.172337949 0.001125291 0.024486428 -0.004471198 0.999689530
8597. -0.481449224 0.129943781 -0.172342914 0.001122578 0.024477795 -0.004469222 0.999689754
8598. -0.481464970 0.129912392 -0.172341823 0.001117418 0.024479414 -0.004461297 0.999689755
8599. -0.481440026 0.129906595 -0.172308023 0.001112882 0.024479628 -0.004456586 0.999689776
8600. -0.481452004 0.129884569 -0.172276257 0.001103675 0.024488761 -0.004453680 0.999689575
8601. -0.481481735 0.129893509 -0.172263177 0.001119183 0.024498931 -0.004440829 0.999689366
8602. -0.481423441 0.129874069 -0.172305025 0.001111585 0.024475261 -0.004434514 0.999689982
8603. -0.481397312 0.129911640 -0.172290514 0.001116818 0.024470853 -0.004451208 0.999690010
8604. -0.481474354 0.130410467 -0.172503101 0.001250640 0.024470620 -0.004506004 0.999689612
8605. -0.481391426 0.129903345 -0.172164452 0.001113154 0.024481700 -0.004429753 0.999689844
8606. -0.481395165 0.129937127 -0.172184980 0.001121665 0.024479349 -0.004445945 0.999689820
8607. -0.481398397 0.129937210 -0.172161173 0.001116781 0.024483322 -0.004460755 0.999689663
8608. -0.481416967 0.129912795 -0.172146065 0.001105543 0.024492784 -0.004470044 0.999689402
8609. -0.481419034 0.129959546 -0.172089813 0.001102880 0.024500864 -0.004502690 0.999689060
8610. -0.481445906 0.129945564 -0.172103785 0.001101030 0.024511163 -0.004500827 0.999688818
8611. -0.481456856 0.129886897 -0.172284675 0.001105374 0.024484579 -0.004461240 0.999689642
8612. -0.481423952 0.129862143 -0.172417059 0.001129379 0.024455204 -0.004379847 0.999690694
8613. -0.481456144 0.129854189 -0.172450468 0.001128626 0.024463309 -0.004380981 0.999690492
8614. -0.481439786 0.129833352 -0.172431906 0.001127301 0.024460692 -0.004369517 0.999690608
8615. -0.481456848 0.129849907 -0.172433258 0.001130328 0.024468794 -0.004371164 0.999690399
8616. -0.481423970 0.129915096 -0.172243628 0.001186468 0.024489157 -0.004323858 0.999690041
8617. -0.481523839 0.130116814 -0.172168561 0.001220125 0.024536616 -0.004447003 0.999688296
8618. -0.481534776 0.130097114 -0.172219549 0.001209671 0.024534551 -0.004447409 0.999688358
8619. -0.481567298 0.130087795 -0.172271607 0.001203967 0.024535753 -0.004453700 0.999688307
8620. -0.481574055 0.130087116 -0.172272167 0.001206928 0.024540739 -0.004451151 0.999688193
8621. -0.481527552 0.130101649 -0.172260798 0.001212757 0.024531035 -0.004442957 0.999688460
8622. -0.481544713 0.130110720 -0.172299822 0.001216715 0.024529096 -0.004441983 0.999688507
8623. -0.481539052 0.130096307 -0.172287240 0.001217903 0.024530070 -0.004425899 0.999688553
8624. -0.481549291 0.130102529 -0.172311057 0.001225214 0.024532647 -0.004416809 0.999688521
8625. -0.481585193 0.130111112 -0.172353239 0.001219115 0.024535883 -0.004442608 0.999688335
8626. -0.481555215 0.130084302 -0.172364153 0.001217400 0.024528126 -0.004426613 0.999688599
8627. -0.481564801 0.130102900 -0.172346169 0.001214197 0.024533363 -0.004432862 0.999688446
8628. -0.481579337 0.130153461 -0.172294348 0.001226372 0.024542029 -0.004444876 0.999688165
8629. -0.481577440 0.130123965 -0.172302963 0.001217704 0.024537652 -0.004447415 0.999688272
8630. -0.481575329 0.130116232 -0.172292385 0.001214863 0.024538163 -0.004450047 0.999688251
8631. -0.481578760 0.130105485 -0.172293187 0.001208958 0.024543497 -0.004452792 0.999688115
8632. -0.481551866 0.130130325 -0.172279957 0.001209211 0.024534747 -0.004460817 0.999688294
8633. -0.481567280 0.130110867 -0.172276548 0.001204186 0.024541093 -0.004463329 0.999688133
8634. -0.481585100 0.130096925 -0.172311207 0.001215001 0.024544741 -0.004434770 0.999688158
8635. -0.481592093 0.130063980 -0.172282969 0.001201572 0.024551810 -0.004441763 0.999687969
8636. -0.481572977 0.130063245 -0.172291585 0.001197583 0.024543090 -0.004457483 0.999688118
8637. -0.481542694 0.130075682 -0.172243444 0.001198248 0.024541061 -0.004456726 0.999688170
8638. -0.481571913 0.130085956 -0.172264044 0.001196091 0.024546159 -0.004459047 0.999688038
8639. -0.481561277 0.130060892 -0.172287140 0.001194266 0.024536013 -0.004459066 0.999688289
8640. -0.481569618 0.130069402 -0.172285777 0.001198074 0.024542718 -0.004458350 0.999688123
8641. -0.481575495 0.130062113 -0.172283355 0.001191379 0.024540795 -0.004475663 0.999688101
8642. -0.481585409 0.130058699 -0.172246697 0.001199994 0.024552286 -0.004450370 0.999687921
8643. -0.481597097 0.130063827 -0.172230871 0.001194653 0.024560232 -0.004449403 0.999687737
8644. -0.481578343 0.130079047 -0.172213490 0.001189472 0.024550194 -0.004476605 0.999687868
8645. -0.481571295 0.130072112 -0.172208027 0.001187438 0.024550961 -0.004469095 0.999687885
8646. -0.481574411 0.130080529 -0.172241986 0.001189351 0.024546139 -0.004477532 0.999687963
8647. -0.481578589 0.130088664 -0.172214866 0.001191389 0.024551345 -0.004470108 0.999687866
8648. -0.481609787 0.130086931 -0.172264315 0.001188527 0.024553303 -0.004480281 0.999687776
8649. -0.481611159 0.130058121 -0.172272358 0.001178610 0.024555387 -0.004481549 0.999687731
8650. -0.481613906 0.130081637 -0.172257784 0.001188166 0.024551131 -0.004489827 0.999687787
8651. -0.481613513 0.130084932 -0.172262168 0.001185855 0.024555061 -0.004488367 0.999687700
8652. -0.481571057 0.130076803 -0.172230552 0.001181232 0.024544594 -0.004495934 0.999687928
8653. -0.481619028 0.130113385 -0.172286843 0.001188825 0.024553921 -0.004508515 0.999687634
8654. -0.481614049 0.130102921 -0.172316446 0.001189521 0.024546311 -0.004506121 0.999687831
8655. -0.481639566 0.130103427 -0.172342872 0.001190335 0.024549406 -0.004504940 0.999687759
8656. -0.481628418 0.130088061 -0.172329050 0.001189885 0.024549227 -0.004508223 0.999687749
8657. -0.481645309 0.130055881 -0.172317235 0.001177161 0.024551647 -0.004507493 0.999687708
8658. -0.481657414 0.130040229 -0.172311742 0.001170421 0.024557897 -0.004506771 0.999687566
8659. -0.481669635 0.130042251 -0.172302591 0.001176308 0.024561671 -0.004494655 0.999687521
8660. -0.481661886 0.130055201 -0.172299856 0.001167136 0.024554861 -0.004524438 0.999687564
8661. -0.481663827 0.130059056 -0.172318543 0.001189685 0.024556422 -0.004473618 0.999687728
8662. -0.481717140 0.130062514 -0.172391910 0.001191384 0.024559808 -0.004481804 0.999687606
8663. -0.481631741 0.130067581 -0.172364708 0.001200071 0.024538343 -0.004472092 0.999688166
8664. -0.481654805 0.130059826 -0.172353773 0.001201945 0.024550151 -0.004447818 0.999687982
8665. -0.481651495 0.130065130 -0.172349743 0.001196007 0.024545451 -0.004473971 0.999687988
8666. -0.481645766 0.130032942 -0.172352724 0.001194000 0.024547149 -0.004443273 0.999688086
8667. -0.481659981 0.130051547 -0.172299977 0.001194769 0.024562804 -0.004457027 0.999687639
8668. -0.481661269 0.130002934 -0.172301707 0.001171405 0.024559684 -0.004464827 0.999687709
8669. -0.481637265 0.130038244 -0.172236856 0.001183489 0.024561869 -0.004455358 0.999687683
8670. -0.481636308 0.130068822 -0.172282099 0.001197044 0.024554487 -0.004468006 0.999687792
8671. -0.481603684 0.130040988 -0.172274679 0.001185215 0.024544285 -0.004467897 0.999688057
8672. -0.481592669 0.130076759 -0.172227744 0.001195780 0.024552762 -0.004464519 0.999687851
8673. -0.481612431 0.130046169 -0.172199227 0.001187933 0.024560558 -0.004474606 0.999687624
8674. -0.481593292 0.130118020 -0.172257080 0.001205177 0.024540965 -0.004497491 0.999687982
8675. -0.481536086 0.130141605 -0.172236405 0.001209381 0.024526242 -0.004509431 0.999688284
8676. -0.481555336 0.130144493 -0.172209127 0.001211527 0.024538148 -0.004502052 0.999688023
8677. -0.481573488 0.130114494 -0.172201204 0.001204526 0.024546899 -0.004489282 0.999687874
8678. -0.481555456 0.130103791 -0.172215758 0.001209376 0.024542407 -0.004464983 0.999688087
8679. -0.481561722 0.130119956 -0.172240157 0.001199133 0.024537859 -0.004502481 0.999688043
8680. -0.481560122 0.130138145 -0.172215561 0.001217983 0.024539518 -0.004483028 0.999688067
8681. -0.481593878 0.130119194 -0.172252779 0.001205213 0.024544541 -0.004501250 0.999687877
8682. -0.481559534 0.130117544 -0.172272486 0.001213577 0.024535919 -0.004468314 0.999688226
8683. -0.481561872 0.130108690 -0.172259232 0.001220197 0.024536984 -0.004448234 0.999688282
8684. -0.481583861 0.130095751 -0.172296725 0.001218689 0.024540218 -0.004451870 0.999688188
8685. -0.481577480 0.130134720 -0.172296997 0.001217514 0.024529441 -0.004488299 0.999688291
8686. -0.481597686 0.130131110 -0.172279039 0.001209533 0.024542801 -0.004486859 0.999687979
8687. -0.481581975 0.130122202 -0.172272590 0.001214711 0.024533665 -0.004476199 0.999688245
8688. -0.481609686 0.130080241 -0.172309353 0.001215802 0.024538878 -0.004445694 0.999688252
8689. -0.481585064 0.130057731 -0.172337622 0.001215397 0.024525391 -0.004432219 0.999688643
8690. -0.481584051 0.130098980 -0.172306476 0.001218873 0.024529123 -0.004453841 0.999688451
8691. -0.481588066 0.130075694 -0.172350512 0.001222383 0.024524439 -0.004437589 0.999688634
8692. -0.481610568 0.130038163 -0.172320159 0.001194046 0.024540583 -0.004442973 0.999688248
8693. -0.481617594 0.130056446 -0.172342804 0.001203533 0.024539690 -0.004448529 0.999688234
8694. -0.481642266 0.130060046 -0.172372011 0.001201309 0.024536149 -0.004470331 0.999688227
8695. -0.481647506 0.130069344 -0.172366974 0.001210422 0.024545349 -0.004447856 0.999688090
8696. -0.481617274 0.130107088 -0.172353573 0.001212506 0.024529653 -0.004470141 0.999688373
8697. -0.481609482 0.130074920 -0.172379700 0.001211549 0.024526750 -0.004454573 0.999688515
8698. -0.481595708 0.130070876 -0.172347000 0.001198179 0.024526111 -0.004467538 0.999688489
8699. -0.481603287 0.130096332 -0.172361692 0.001213659 0.024528569 -0.004458504 0.999688451
8700. -0.481592853 0.130092229 -0.172321756 0.001202779 0.024526358 -0.004479208 0.999688425
8701. -0.481576804 0.130117677 -0.172332984 0.001208681 0.024516614 -0.004488593 0.999688615
8702. -0.481616950 0.130115861 -0.172367208 0.001207321 0.024528064 -0.004494916 0.999688308
8703. -0.481601787 0.130101149 -0.172353621 0.001200536 0.024521143 -0.004498378 0.999688470
8704. -0.481568225 0.130118646 -0.172319901 0.001207375 0.024517467 -0.004491114 0.999688584
8705. -0.481557318 0.130109208 -0.172315431 0.001204748 0.024516962 -0.004490343 0.999688603
8706. -0.481579443 0.130132927 -0.172353741 0.001199910 0.024513996 -0.004515850 0.999688567
8707. -0.481556923 0.130114203 -0.172266619 0.001193471 0.024523375 -0.004501214 0.999688411
8708. -0.481556260 0.130125633 -0.172249657 0.001196202 0.024525978 -0.004505236 0.999688326
8709. -0.481566009 0.130130228 -0.172266355 0.001208345 0.024525275 -0.004493899 0.999688379
8710. -0.481583117 0.130130849 -0.172287785 0.001203503 0.024527310 -0.004511610 0.999688255
8711. -0.481583824 0.130148340 -0.172275365 0.001212411 0.024531709 -0.004510065 0.999688144
8712. -0.481546976 0.130157352 -0.172249465 0.001204355 0.024522942 -0.004516056 0.999688341
8713. -0.481568539 0.130107755 -0.172220103 0.001195364 0.024535504 -0.004495446 0.999688137
8714. -0.481606745 0.130115687 -0.172276819 0.001193356 0.024539281 -0.004503216 0.999688012
8715. -0.481563979 0.130118762 -0.172235096 0.001188752 0.024533550 -0.004505778 0.999688146
8716. -0.481602006 0.130144380 -0.172254450 0.001201506 0.024540806 -0.004499570 0.999687981
8717. -0.481559303 0.130149324 -0.172197046 0.001199878 0.024533183 -0.004510211 0.999688122
8718. -0.481597013 0.130130473 -0.172269636 0.001195563 0.024529131 -0.004514176 0.999688209
8719. -0.481578208 0.130120574 -0.172231242 0.001193713 0.024536495 -0.004505449 0.999688070
8720. -0.481569348 0.130117893 -0.172185736 0.001180189 0.024536296 -0.004517395 0.999688037
8721. -0.481564405 0.130096491 -0.172200146 0.001184391 0.024530972 -0.004507682 0.999688206
8722. -0.481588603 0.130109380 -0.172205983 0.001190805 0.024537395 -0.004507221 0.999688043
8723. -0.481527563 0.130110561 -0.172173150 0.001193357 0.024521167 -0.004506360 0.999688442
8724. -0.481541995 0.130126019 -0.172179517 0.001191540 0.024526865 -0.004506127 0.999688305
8725. -0.481577066 0.130111837 -0.172229949 0.001198260 0.024525298 -0.004510672 0.999688315
8726. -0.481552652 0.130126531 -0.172223353 0.001195074 0.024526112 -0.004498098 0.999688356
8727. -0.481542543 0.130149276 -0.172246686 0.001186954 0.024514892 -0.004528669 0.999688503
8728. -0.481561275 0.130161689 -0.172273914 0.001192553 0.024518122 -0.004543145 0.999688351
8729. -0.481588838 0.130127986 -0.172252976 0.001184935 0.024529899 -0.004540509 0.999688083
8730. -0.481611913 0.130130593 -0.172286336 0.001179751 0.024530093 -0.004558075 0.999688005
8731. -0.481579432 0.130125273 -0.172272117 0.001180327 0.024520108 -0.004569363 0.999688197
8732. -0.481615901 0.130115514 -0.172333738 0.001178144 0.024522306 -0.004561237 0.999688183
8733. -0.481608941 0.130104567 -0.172293170 0.001182592 0.024528822 -0.004551313 0.999688063
8734. -0.481641297 0.130083894 -0.172328950 0.001166515 0.024534941 -0.004578849 0.999687806
8735. -0.481588036 0.130114039 -0.172283427 0.001175899 0.024516818 -0.004584057 0.999688216
8736. -0.481583242 0.130156820 -0.172299458 0.001191064 0.024518856 -0.004582826 0.999688154
8737. -0.481593953 0.130136961 -0.172327981 0.001186033 0.024518768 -0.004583569 0.999688159
8738. -0.481538614 0.130145398 -0.172275942 0.001186803 0.024506837 -0.004587073 0.999688434
8739. -0.481548648 0.130133745 -0.172276786 0.001187037 0.024510515 -0.004581268 0.999688370
8740. -0.481533692 0.130122587 -0.172273428 0.001178434 0.024509473 -0.004586432 0.999688382
8741. -0.481491383 0.130144328 -0.172156757 0.001189302 0.024509690 -0.004565514 0.999688460
8742. -0.481517081 0.130111593 -0.172225601 0.001175293 0.024503523 -0.004568359 0.999688615
8743. -0.481522615 0.130104442 -0.172221102 0.001178571 0.024510320 -0.004569772 0.999688438
8744. -0.481514687 0.130126245 -0.172173605 0.001188233 0.024514628 -0.004557693 0.999688376
8745. -0.481509528 0.130094259 -0.172169526 0.001176967 0.024510317 -0.004550581 0.999688527
8746. -0.481531367 0.130067214 -0.172150498 0.001163346 0.024522702 -0.004555051 0.999688219
8747. -0.481505210 0.130068356 -0.172141881 0.001159164 0.024516403 -0.004546947 0.999688415
8748. -0.481501198 0.130033488 -0.172143541 0.001152079 0.024512070 -0.004545598 0.999688536
8749. -0.481531831 0.130051005 -0.172155968 0.001153850 0.024518379 -0.004565535 0.999688288
8750. -0.481554633 0.130087536 -0.172167188 0.001160904 0.024519564 -0.004587983 0.999688148
8751. -0.481546953 0.130081854 -0.172126655 0.001149179 0.024525914 -0.004588290 0.999688005
8752. -0.481522684 0.130077636 -0.172134273 0.001143848 0.024516335 -0.004600348 0.999688190
8753. -0.481513612 0.130079109 -0.172117671 0.001147709 0.024516011 -0.004589127 0.999688245
8754. -0.481532452 0.130082823 -0.172156103 0.001156747 0.024516554 -0.004597798 0.999688182
8755. -0.481521728 0.130077195 -0.172154457 0.001160165 0.024515815 -0.004577987 0.999688287
8756. -0.481511075 0.130100207 -0.172115777 0.001156681 0.024520362 -0.004579012 0.999688175
8757. -0.481512297 0.130107147 -0.172069763 0.001157924 0.024525356 -0.004585627 0.999688020
8758. -0.481542040 0.130089536 -0.172114038 0.001152415 0.024531722 -0.004586265 0.999687868
8759. -0.481554965 0.130091042 -0.172120176 0.001152491 0.024530924 -0.004593233 0.999687855
8760. -0.481585269 0.130082880 -0.172144401 0.001151892 0.024542592 -0.004586181 0.999687602
8761. -0.481548605 0.130035917 -0.172124219 0.001141186 0.024537262 -0.004574631 0.999687798
8762. -0.481554333 0.130056918 -0.172100718 0.001141399 0.024538792 -0.004591826 0.999687681
8763. -0.481510262 0.130054202 -0.172084724 0.001133964 0.024528141 -0.004586952 0.999687973
8764. -0.481573430 0.130070152 -0.172120899 0.001138890 0.024546622 -0.004595288 0.999687476
8765. -0.481565856 0.130043964 -0.172185908 0.001143272 0.024536857 -0.004569948 0.999687827
8766. -0.481593256 0.130053575 -0.172219284 0.001144269 0.024536621 -0.004581052 0.999687781
8767. -0.481557591 0.130073767 -0.172141314 0.001146071 0.024538683 -0.004583621 0.999687716
8768. -0.481548798 0.130066167 -0.172117009 0.001146268 0.024540384 -0.004572352 0.999687726
8769. -0.481563728 0.130070531 -0.172154197 0.001150096 0.024541923 -0.004573222 0.999687680
8770. -0.481585061 0.130035400 -0.172154487 0.001140270 0.024544693 -0.004574547 0.999687617
8771. -0.481576081 0.130053012 -0.172134767 0.001137872 0.024547616 -0.004589522 0.999687479
8772. -0.481569011 0.130031001 -0.172156282 0.001137248 0.024544685 -0.004579183 0.999687599
8773. -0.481536886 0.130069267 -0.172132110 0.001144734 0.024534461 -0.004584592 0.999687817
8774. -0.481500329 0.130035909 -0.172114567 0.001140612 0.024527988 -0.004565642 0.999688067
8775. -0.481507910 0.130050357 -0.172096473 0.001145980 0.024531111 -0.004565718 0.999687984
8776. -0.481512930 0.130047738 -0.172106574 0.001139259 0.024531374 -0.004577634 0.999687931
8777. -0.481519155 0.130062383 -0.172131390 0.001150008 0.024530703 -0.004572560 0.999687958
8778. -0.481529469 0.130064749 -0.172089278 0.001152033 0.024536171 -0.004567798 0.999687843
8779. -0.481538225 0.130077091 -0.172114211 0.001148319 0.024536358 -0.004581446 0.999687781
8780. -0.481561317 0.130049973 -0.172164268 0.001137091 0.024540755 -0.004577525 0.999687704
8781. -0.481528622 0.130049897 -0.172149031 0.001140399 0.024528995 -0.004579182 0.999687981
8782. -0.481528569 0.130044126 -0.172114333 0.001126545 0.024532245 -0.004603939 0.999687803
8783. -0.481567569 0.130067461 -0.172153169 0.001141204 0.024537297 -0.004604951 0.999687658
8784. -0.481529550 0.130037925 -0.172111552 0.001137783 0.024538779 -0.004570926 0.999687781
8785. -0.481596568 0.130045728 -0.172177298 0.001142040 0.024538822 -0.004595115 0.999687665
8786. -0.481624308 0.130056796 -0.172205021 0.001145013 0.024544020 -0.004603463 0.999687495
8787. -0.481618596 0.130066485 -0.172195159 0.001150147 0.024546403 -0.004589399 0.999687496
8788. -0.481608380 0.130076780 -0.172170729 0.001152002 0.024543414 -0.004591140 0.999687559
8789. -0.481605812 0.130070080 -0.172173483 0.001148586 0.024538808 -0.004591381 0.999687675
8790. -0.481675052 0.130021922 -0.172159526 0.001145040 0.024566029 -0.004559349 0.999687157
8791. -0.481616150 0.129999938 -0.172194126 0.001144367 0.024542175 -0.004546646 0.999687801
8792. -0.481617584 0.130023035 -0.172190458 0.001155753 0.024545381 -0.004536680 0.999687755
8793. -0.481628270 0.130026724 -0.172186074 0.001153074 0.024549713 -0.004536536 0.999687652
8794. -0.481648904 0.130011602 -0.172163301 0.001146560 0.024560602 -0.004543532 0.999687360
8795. -0.481634000 0.130040694 -0.172170253 0.001154656 0.024555117 -0.004528715 0.999687553
8796. -0.481663321 0.130025731 -0.172224124 0.001158588 0.024555523 -0.004548847 0.999687447
8797. -0.481654638 0.130008261 -0.172244806 0.001151156 0.024550745 -0.004548028 0.999687577
8798. -0.481680593 0.130030883 -0.172243799 0.001156060 0.024556945 -0.004548639 0.999687416
8799. -0.481688364 0.130015993 -0.172211892 0.001153143 0.024560306 -0.004563297 0.999687270
8800. -0.481664908 0.130046076 -0.172172349 0.001144402 0.024554054 -0.004577505 0.999687369
8801. -0.481658822 0.130007425 -0.172219368 0.001140147 0.024544829 -0.004583461 0.999687573
8802. -0.481648550 0.130011569 -0.172180053 0.001134073 0.024548517 -0.004596367 0.999687430
8803. -0.481620627 0.130027318 -0.172154328 0.001145620 0.024543946 -0.004577599 0.999687615
8804. -0.481632936 0.130060408 -0.172153454 0.001146414 0.024545239 -0.004599716 0.999687481
8805. -0.481611561 0.130028110 -0.172164975 0.001143193 0.024534637 -0.004575524 0.999687856
8806. -0.481607981 0.130019781 -0.172179292 0.001145916 0.024536611 -0.004567117 0.999687843
8807. -0.481601181 0.130001568 -0.172141171 0.001140924 0.024541002 -0.004552066 0.999687809
8808. -0.481596903 0.130018809 -0.172160230 0.001142495 0.024531731 -0.004576396 0.999687924
8809. -0.481633514 0.130012408 -0.172197581 0.001142998 0.024544979 -0.004571845 0.999687619
8810. -0.481632124 0.130024570 -0.172152111 0.001145740 0.024549253 -0.004564492 0.999687545
8811. -0.481620438 0.129998807 -0.172178991 0.001144271 0.024540659 -0.004551766 0.999687815
8812. -0.481651047 0.130039893 -0.172215320 0.001161812 0.024545781 -0.004545114 0.999687700
8813. -0.481639068 0.130013021 -0.172192793 0.001150095 0.024543480 -0.004560032 0.999687702
8814. -0.481620478 0.129992913 -0.172191246 0.001137517 0.024535002 -0.004570764 0.999687875
8815. -0.481626641 0.129981716 -0.172198446 0.001137676 0.024535823 -0.004564906 0.999687882
8816. -0.481578220 0.129979620 -0.172166491 0.001135901 0.024527099 -0.004555548 0.999688140
8817. -0.481627455 0.129957074 -0.172244632 0.001138443 0.024531562 -0.004538446 0.999688106
8818. -0.481627393 0.129997599 -0.172208369 0.001139882 0.024532695 -0.004569211 0.999687936
8819. -0.481612863 0.129968056 -0.172244760 0.001124812 0.024519331 -0.004591843 0.999688177
8820. -0.481601806 0.129976459 -0.172230249 0.001131525 0.024518963 -0.004579807 0.999688234
8821. -0.481599495 0.129945415 -0.172210007 0.001129310 0.024523695 -0.004571280 0.999688160
8822. -0.481606009 0.129968065 -0.172187891 0.001134803 0.024523502 -0.004573399 0.999688148
8823. -0.481577867 0.130010615 -0.172158886 0.001138118 0.024518019 -0.004601384 0.999688151
8824. -0.481567593 0.129992432 -0.172157578 0.001136255 0.024516866 -0.004590830 0.999688230
8825. -0.481588022 0.129969499 -0.172180325 0.001137171 0.024524595 -0.004577110 0.999688102
8826. -0.481569947 0.129986534 -0.172160336 0.001143050 0.024521750 -0.004582750 0.999688139
8827. -0.481576905 0.130001080 -0.172199443 0.001150670 0.024520153 -0.004582130 0.999688172
8828. -0.481549965 0.129991671 -0.172138524 0.001144353 0.024520461 -0.004582504 0.999688170
8829. -0.481602050 0.129974175 -0.172152916 0.001133290 0.024536065 -0.004583819 0.999687794
8830. -0.481554110 0.129997067 -0.172173938 0.001151603 0.024516512 -0.004569490 0.999688319
8831. -0.481542047 0.129967349 -0.172147172 0.001141503 0.024519534 -0.004551630 0.999688337
8832. -0.481580352 0.129996668 -0.172178122 0.001140093 0.024524273 -0.004583522 0.999688077
8833. -0.481565265 0.130024148 -0.172219904 0.001145324 0.024513753 -0.004598360 0.999688261
8834. -0.481585675 0.130030991 -0.172200372 0.001144918 0.024521390 -0.004599059 0.999688071
8835. -0.481557886 0.130054687 -0.172154363 0.001144505 0.024513470 -0.004609933 0.999688216
8836. -0.481563403 0.130042168 -0.172192156 0.001145864 0.024514813 -0.004602773 0.999688214
8837. -0.481561799 0.130032184 -0.172184641 0.001137887 0.024517193 -0.004617291 0.999688098
8838. -0.481522704 0.130049269 -0.172136395 0.001141841 0.024514234 -0.004608118 0.999688208
8839. -0.481540102 0.130074113 -0.172108694 0.001146641 0.024520540 -0.004621229 0.999687988
8840. -0.481545470 0.130074855 -0.172191637 0.001149938 0.024511353 -0.004603306 0.999688292
8841. -0.481525103 0.130072559 -0.172132086 0.001147399 0.024510782 -0.004615162 0.999688254
8842. -0.481542573 0.130072759 -0.172139347 0.001147394 0.024515930 -0.004606123 0.999688170
8843. -0.481494878 0.130066355 -0.172101123 0.001146212 0.024509901 -0.004596478 0.999688363
8844. -0.481523290 0.130060242 -0.172122815 0.001138681 0.024518995 -0.004604955 0.999688110
8845. -0.481498306 0.130042091 -0.172090918 0.001131927 0.024516448 -0.004604647 0.999688181
8846. -0.481514326 0.130062809 -0.172116907 0.001142914 0.024519568 -0.004600222 0.999688113
8847. -0.481528060 0.130044033 -0.172110788 0.001134584 0.024524635 -0.004597584 0.999688010
8848. -0.481489736 0.130062952 -0.172082056 0.001137087 0.024514897 -0.004591928 0.999688272
8849. -0.481540301 0.130056440 -0.172130534 0.001136362 0.024523320 -0.004602833 0.999688016
8850. -0.481549818 0.130045408 -0.172154762 0.001126012 0.024524637 -0.004602503 0.999687997
8851. -0.481537045 0.130024258 -0.172135758 0.001130866 0.024524134 -0.004578235 0.999688115
8852. -0.481503185 0.130048979 -0.172096779 0.001140595 0.024518019 -0.004578626 0.999688252
8853. -0.481501630 0.130044293 -0.172072310 0.001142992 0.024520967 -0.004579700 0.999688172
8854. -0.481493742 0.130040601 -0.172074681 0.001139026 0.024517999 -0.004585287 0.999688224
8855. -0.481477130 0.130066374 -0.172048823 0.001148731 0.024516244 -0.004569392 0.999688329
8856. -0.481497858 0.130062273 -0.172016695 0.001139525 0.024525892 -0.004595529 0.999687983
8857. -0.481476093 0.130067169 -0.172003595 0.001141952 0.024523351 -0.004588122 0.999688077
8858. -0.481487974 0.130067069 -0.171997989 0.001147818 0.024527660 -0.004582266 0.999687991
8859. -0.481504498 0.130065191 -0.171999955 0.001143087 0.024530797 -0.004591035 0.999687879
8860. -0.481481749 0.130040183 -0.172007865 0.001140604 0.024521353 -0.004578516 0.999688171
8861. -0.481461853 0.130083142 -0.171955104 0.001149218 0.024524249 -0.004583635 0.999688067
8862. -0.481490493 0.130067407 -0.171987712 0.001133633 0.024525187 -0.004600655 0.999687983
8863. -0.481444631 0.130041464 -0.171966021 0.001125404 0.024513668 -0.004603230 0.999688263
8864. -0.481509606 0.130017187 -0.172000588 0.001132952 0.024536882 -0.004571775 0.999687830
8865. -0.481480201 0.130014477 -0.172016920 0.001139144 0.024520156 -0.004552559 0.999688321
8866. -0.481527651 0.130025441 -0.172068527 0.001140396 0.024530100 -0.004563535 0.999688025
8867. -0.481480185 0.130018165 -0.172011580 0.001131611 0.024521921 -0.004581610 0.999688153
8868. -0.481531848 0.130042063 -0.172059867 0.001140623 0.024530520 -0.004586417 0.999687910
8869. -0.481528074 0.130043047 -0.172064096 0.001148503 0.024533735 -0.004557919 0.999687952
8870. -0.481511613 0.130017467 -0.172029781 0.001136480 0.024531734 -0.004571654 0.999687953
8871. -0.481518147 0.129999369 -0.172072665 0.001135332 0.024525946 -0.004570966 0.999688099
8872. -0.481500986 0.130002640 -0.172030656 0.001129329 0.024523392 -0.004598803 0.999688041
8873. -0.481533420 0.130014486 -0.172102755 0.001136574 0.024527337 -0.004594245 0.999687957
8874. -0.481527206 0.129994628 -0.172112682 0.001141443 0.024523453 -0.004576542 0.999688128
8875. -0.481552274 0.129997147 -0.172137664 0.001144273 0.024526803 -0.004584648 0.999688005
8876. -0.481482202 0.130013169 -0.172045016 0.001147274 0.024517262 -0.004578022 0.999688266
8877. -0.481485162 0.130040850 -0.172074651 0.001155500 0.024511257 -0.004592886 0.999688336
8878. -0.481496284 0.130036254 -0.172119652 0.001158853 0.024513499 -0.004575343 0.999688357
8879. -0.481539822 0.130007533 -0.172187657 0.001158190 0.024519067 -0.004556418 0.999688308
8880. -0.481527268 0.130022610 -0.172166636 0.001155754 0.024514114 -0.004567738 0.999688381
8881. -0.481540760 0.130034934 -0.172178072 0.001163067 0.024519011 -0.004562594 0.999688275
8882. -0.481521680 0.129984730 -0.172153250 0.001145803 0.024510058 -0.004563477 0.999688511
8883. -0.481496095 0.130052919 -0.172136567 0.001165904 0.024510256 -0.004562584 0.999688487
8884. -0.481529344 0.130024935 -0.172138313 0.001175246 0.024522771 -0.004513463 0.999688392
8885. -0.481518883 0.130008049 -0.172154345 0.001158238 0.024514241 -0.004551339 0.999688449
8886. -0.481542711 0.130047237 -0.172158282 0.001159433 0.024521501 -0.004571591 0.999688178
8887. -0.481498024 0.130022166 -0.172101996 0.001155926 0.024516714 -0.004551882 0.999688389
8888. -0.481523671 0.130035028 -0.172143327 0.001172269 0.024523827 -0.004527275 0.999688307
8889. -0.481542322 0.130010578 -0.172154634 0.001155689 0.024525060 -0.004550595 0.999688190
8890. -0.481540563 0.129991989 -0.172178700 0.001161332 0.024518452 -0.004529795 0.999688440
8891. -0.481569203 0.130020360 -0.172197152 0.001162406 0.024521354 -0.004558802 0.999688236
8892. -0.481542355 0.130007357 -0.172158106 0.001155627 0.024521287 -0.004561726 0.999688232
8893. -0.481523242 0.130006927 -0.172166224 0.001151167 0.024516068 -0.004560258 0.999688372
8894. -0.481511161 0.129993618 -0.172153937 0.001142553 0.024510540 -0.004582024 0.999688418
8895. -0.481534937 0.129976295 -0.172158256 0.001142965 0.024516423 -0.004564410 0.999688354
8896. -0.481571793 0.129997908 -0.172216170 0.001154459 0.024519524 -0.004568417 0.999688246
8897. -0.481617359 0.129972587 -0.172357285 0.001139871 0.024512153 -0.004566958 0.999688450
8898. -0.481533258 0.129984073 -0.172247709 0.001141211 0.024492806 -0.004559306 0.999688958
8899. -0.481596496 0.129952672 -0.172276169 0.001124714 0.024513766 -0.004573024 0.999688400
8900. -0.481499422 0.129959041 -0.171890638 0.001088059 0.024543470 -0.004627717 0.999687460
8901. -0.481682633 0.130139770 -0.172572281 0.001149677 0.024515620 -0.004623588 0.999688094
8902. -0.481698727 0.130128092 -0.172614795 0.001156246 0.024523766 -0.004599941 0.999687996
8903. -0.481675339 0.130117728 -0.172585204 0.001169678 0.024535492 -0.004514848 0.999688080
8904. -0.481606634 0.130115050 -0.172470051 0.001168339 0.024530030 -0.004501088 0.999688278
8905. -0.481635411 0.130094633 -0.172525726 0.001160252 0.024548529 -0.004492407 0.999687872
8906. -0.481630927 0.130106916 -0.172520325 0.001168374 0.024542291 -0.004495602 0.999688002
8907. -0.481625697 0.130120849 -0.172447862 0.001151089 0.024535243 -0.004534204 0.999688020
8908. -0.481840423 0.130003823 -0.172880138 0.001140068 0.024541856 -0.004510788 0.999687976
8909. -0.482299655 0.129937944 -0.173061836 0.001134708 0.024632633 -0.004478829 0.999685894
8910. -0.482469869 0.130120903 -0.172919170 0.001196788 0.024718495 -0.004496697 0.999683622
8911. -0.482217832 0.130043804 -0.172663422 0.001128920 0.024669241 -0.004552853 0.999684663
8912. -0.482231597 0.130001290 -0.172666397 0.001123000 0.024673789 -0.004526138 0.999684679
8913. -0.482210047 0.130044822 -0.172665339 0.001124473 0.024667402 -0.004543394 0.999684757
8914. -0.482206522 0.130002075 -0.172631492 0.001127061 0.024677818 -0.004515635 0.999684622
8915. -0.482229158 0.130035310 -0.172643514 0.001130355 0.024684605 -0.004515649 0.999684451
8916. -0.482284337 0.130029935 -0.172728605 0.001120872 0.024682274 -0.004553643 0.999684347
8917. -0.482281716 0.130027283 -0.172754024 0.001122681 0.024680473 -0.004559794 0.999684361
8918. -0.482273165 0.130012751 -0.172732210 0.001126029 0.024683638 -0.004537417 0.999684381
8919. -0.482255644 0.130009529 -0.172711594 0.001133694 0.024684738 -0.004506969 0.999684483
8920. -0.482223825 0.130031376 -0.172701453 0.001131614 0.024672465 -0.004541364 0.999684633
8921. -0.482264806 0.130034300 -0.172756580 0.001126251 0.024675892 -0.004546785 0.999684530
8922. -0.482259734 0.130038951 -0.172656521 0.001126239 0.024689257 -0.004536774 0.999684245
8923. -0.482238951 0.130038763 -0.172626419 0.001121502 0.024683225 -0.004552845 0.999684326
8924. -0.482285851 0.130044928 -0.172737779 0.001125929 0.024680005 -0.004547610 0.999684425
8925. -0.482246921 0.130050758 -0.172744762 0.001133463 0.024670908 -0.004532358 0.999684710
8926. -0.482223050 0.130016054 -0.172694422 0.001122024 0.024666656 -0.004531471 0.999684832
8927. -0.482251496 0.130058722 -0.172725466 0.001133538 0.024679310 -0.004517008 0.999684572
8928. -0.482187894 0.130058598 -0.172779800 0.001136120 0.024649851 -0.004533212 0.999685222
8929. -0.482083452 0.130036587 -0.172592247 0.001140689 0.024657903 -0.004509247 0.999685127
8930. -0.481847990 0.129960812 -0.172419071 0.001132781 0.024607847 -0.004466746 0.999686560
8931. -0.481926834 0.129870044 -0.172582920 0.001125654 0.024621958 -0.004443953 0.999686322
8932. -0.481691862 0.130393188 -0.172350038 0.001261820 0.024576799 -0.004441822 0.999687281
8933. -0.481584431 0.130307791 -0.172215636 0.001243420 0.024570248 -0.004431878 0.999687509
8934. -0.481601298 0.130328468 -0.172211915 0.001246495 0.024574170 -0.004455297 0.999687304
8935. -0.481593096 0.130320645 -0.172199167 0.001243551 0.024567548 -0.004463252 0.999687435
8936. -0.481605368 0.130312355 -0.172210205 0.001238652 0.024566632 -0.004479410 0.999687392
8937. -0.481614204 0.130319394 -0.172244834 0.001239500 0.024567075 -0.004477643 0.999687388
8938. -0.481607609 0.130322208 -0.172215428 0.001248348 0.024568009 -0.004466371 0.999687404
8939. -0.481590796 0.130345986 -0.172222760 0.001253680 0.024561917 -0.004474981 0.999687509
8940. -0.481562004 0.130356075 -0.172178865 0.001246815 0.024558690 -0.004490338 0.999687528
8941. -0.481553604 0.130349128 -0.172177883 0.001244955 0.024558857 -0.004476360 0.999687589
8942. -0.481532611 0.130347655 -0.172162962 0.001248032 0.024552280 -0.004473373 0.999687760
8943. -0.481533277 0.130363254 -0.172120734 0.001238862 0.024557831 -0.004511785 0.999687462
8944. -0.481551355 0.130360745 -0.172147949 0.001241879 0.024561912 -0.004492919 0.999687443
8945. -0.481557389 0.130357062 -0.172188696 0.001244580 0.024555977 -0.004487863 0.999687608
8946. -0.481545518 0.130371010 -0.172171098 0.001241806 0.024552709 -0.004505511 0.999687613
8947. -0.481553053 0.130334543 -0.172194418 0.001238708 0.024550592 -0.004467942 0.999687837
8948. -0.481560054 0.130355352 -0.172174627 0.001242946 0.024559704 -0.004489383 0.999687512
8949. -0.481560625 0.130337414 -0.172170447 0.001226818 0.024559990 -0.004492912 0.999687509
8950. -0.481563915 0.130344354 -0.172165347 0.001236346 0.024564945 -0.004477962 0.999687443
8951. -0.481563215 0.130328692 -0.172194585 0.001219795 0.024549054 -0.004492969 0.999687786
8952. -0.481497776 0.130352788 -0.172084963 0.001222833 0.024552149 -0.004489265 0.999687723
8953. -0.481504855 0.130349975 -0.172130039 0.001223787 0.024547292 -0.004486750 0.999687852
8954. -0.481502406 0.130360738 -0.172106873 0.001234073 0.024550180 -0.004479526 0.999687801
8955. -0.481564481 0.130285188 -0.172038435 0.001190622 0.024586992 -0.004496852 0.999686871
8956. -0.481672514 0.130299113 -0.172234926 0.001180374 0.024584978 -0.004554663 0.999686671
8957. -0.481694660 0.130293319 -0.172252156 0.001173071 0.024585316 -0.004562448 0.999686636
8958. -0.481721005 0.130273864 -0.172301389 0.001166049 0.024586807 -0.004567093 0.999686586
8959. -0.481686245 0.130281108 -0.172325538 0.001166454 0.024573168 -0.004571598 0.999686901
8960. -0.481683407 0.130309311 -0.172312783 0.001181352 0.024575833 -0.004552722 0.999686904
8961. -0.481635897 0.130290506 -0.172259803 0.001176124 0.024566596 -0.004544891 0.999687173
8962. -0.481606273 0.130273067 -0.172200512 0.001166707 0.024566672 -0.004536108 0.999687222
8963. -0.481616616 0.130288241 -0.172190468 0.001177222 0.024574983 -0.004531678 0.999687025
8964. -0.481639638 0.130286867 -0.172227338 0.001173143 0.024578954 -0.004540659 0.999686892
8965. -0.481675151 0.130254286 -0.172281758 0.001167076 0.024581053 -0.004533954 0.999686877
8966. -0.481640624 0.130279115 -0.172200640 0.001171779 0.024580733 -0.004540801 0.999686849
8967. -0.481620929 0.130261390 -0.172169744 0.001160983 0.024579481 -0.004541667 0.999686888
8968. -0.481600206 0.130277713 -0.172209778 0.001179174 0.024569954 -0.004522442 0.999687188
8969. -0.481607491 0.130292120 -0.172160011 0.001182557 0.024580040 -0.004528522 0.999686909
8970. -0.481631590 0.130287232 -0.172185543 0.001176693 0.024583844 -0.004540442 0.999686768
8971. -0.481663019 0.130283638 -0.172183670 0.001179812 0.024593974 -0.004528513 0.999686569
8972. -0.481632136 0.130287421 -0.172164619 0.001179684 0.024589937 -0.004532225 0.999686652
8973. -0.481635169 0.130301070 -0.172162808 0.001184066 0.024590568 -0.004529759 0.999686643
8974. -0.481741240 0.130313282 -0.172314701 0.001175273 0.024597803 -0.004565336 0.999686313
8975. -0.481883040 0.130338742 -0.172341140 0.001160370 0.024623711 -0.004641171 0.999685343
8976. -0.481850740 0.130395845 -0.172202617 0.001138487 0.024617287 -0.004696637 0.999685268
8977. -0.481886259 0.130390844 -0.172270189 0.001144587 0.024626135 -0.004687637 0.999685085
8978. -0.481854391 0.130405836 -0.172256317 0.001142059 0.024614242 -0.004699325 0.999685326
8979. -0.481853004 0.130393889 -0.172305264 0.001124084 0.024595123 -0.004734995 0.999685649
8980. -0.481859475 0.130393371 -0.172315992 0.001132168 0.024597592 -0.004707614 0.999685708
8981. -0.481852912 0.130361379 -0.172290192 0.001115914 0.024597936 -0.004724376 0.999685639
8982. -0.481902822 0.130410559 -0.172450431 0.001141612 0.024586276 -0.004728903 0.999685875
8983. -0.481865388 0.130402778 -0.172373347 0.001130989 0.024585794 -0.004728777 0.999685900
8984. -0.481867653 0.130400521 -0.172372222 0.001131944 0.024592275 -0.004722405 0.999685769
8985. -0.481875555 0.130415047 -0.172391773 0.001118662 0.024590003 -0.004774894 0.999685591
8986. -0.481883863 0.130413130 -0.172391841 0.001138587 0.024592944 -0.004737815 0.999685673
8987. -0.481906236 0.130417453 -0.172416626 0.001152192 0.024595068 -0.004712664 0.999685724
8988. -0.481875418 0.130430370 -0.172399740 0.001149928 0.024591411 -0.004716750 0.999685797
8989. -0.481818663 0.130426092 -0.172363291 0.001148346 0.024580950 -0.004719484 0.999686043
8990. -0.481823947 0.130460374 -0.172327360 0.001148322 0.024587288 -0.004749514 0.999685745
8991. -0.481824045 0.130436745 -0.172295388 0.001133007 0.024591179 -0.004761365 0.999685610
8992. -0.481870961 0.130432781 -0.172326788 0.001128738 0.024593620 -0.004768427 0.999685522
8993. -0.481892558 0.130447816 -0.172372406 0.001138754 0.024590503 -0.004766657 0.999685595
8994. -0.481830536 0.130462823 -0.172417028 0.001155821 0.024564638 -0.004736353 0.999686356
8995. -0.481906321 0.130365093 -0.172598046 0.001163964 0.024564775 -0.004657717 0.999686712
8996. -0.481790838 0.130350677 -0.172231633 0.001182923 0.024597121 -0.004580462 0.999686252
8997. -0.481826111 0.130414257 -0.172269634 0.001204453 0.024594762 -0.004591387 0.999686234
8998. -0.481855474 0.130376503 -0.172295636 0.001194037 0.024595881 -0.004603466 0.999686163
8999. -0.481856739 0.130404636 -0.172245482 0.001198938 0.024606569 -0.004600355 0.999685909
9000. -0.481892116 0.130445813 -0.172191640 0.001219694 0.024632824 -0.004573404 0.999685361
9001. -0.481933948 0.130475107 -0.172179480 0.001227920 0.024642700 -0.004592919 0.999685018
9002. -0.481895295 0.130560319 -0.172212077 0.001260767 0.024631976 -0.004575124 0.999685323
9003. -0.481847202 0.130518380 -0.172101597 0.001244497 0.024625953 -0.004588792 0.999685429
9004. -0.481825416 0.130548896 -0.172113691 0.001259529 0.024627231 -0.004566165 0.999685482
9005. -0.481858560 0.130543209 -0.172184686 0.001250814 0.024624150 -0.004566494 0.999685567
9006. -0.481833269 0.130576786 -0.172147665 0.001268242 0.024627848 -0.004544959 0.999685553
9007. -0.481848918 0.130535085 -0.172202110 0.001258002 0.024623565 -0.004545508 0.999685669
9008. -0.481814586 0.130508904 -0.172121654 0.001238958 0.024621729 -0.004555467 0.999685692
9009. -0.481866076 0.130563929 -0.172213580 0.001269956 0.024627627 -0.004544304 0.999685559
9010. -0.481880692 0.130473658 -0.172160281 0.001226249 0.024638643 -0.004548861 0.999685321
9011. -0.481892560 0.130483330 -0.172193662 0.001231265 0.024631553 -0.004561294 0.999685433
9012. -0.481975297 0.130554149 -0.172317199 0.001272613 0.024649010 -0.004534490 0.999685073
9013. -0.481907866 0.130545472 -0.172239981 0.001241395 0.024629370 -0.004580174 0.999685388
9014. -0.481931314 0.130507503 -0.172279211 0.001242006 0.024629793 -0.004572586 0.999685412
9015. -0.481970514 0.130541083 -0.172279901 0.001247248 0.024642886 -0.004585553 0.999685023
9016. -0.481925512 0.130577984 -0.172254329 0.001274882 0.024637052 -0.004547827 0.999685304
9017. -0.481946201 0.130547972 -0.172306099 0.001263414 0.024634586 -0.004565550 0.999685299
9018. -0.482032455 0.130531846 -0.172350896 0.001271220 0.024658768 -0.004538191 0.999684817
9019. -0.481968419 0.130543738 -0.172279542 0.001272070 0.024649686 -0.004535845 0.999685051
9020. -0.481969903 0.130528426 -0.172299825 0.001271264 0.024648919 -0.004533090 0.999685083
9021. -0.482026513 0.130545329 -0.172346322 0.001271674 0.024654474 -0.004540623 0.999684912
9022. -0.482002792 0.130579587 -0.172362337 0.001287061 0.024646865 -0.004532090 0.999685118
9023. -0.481958789 0.130593916 -0.172300868 0.001285933 0.024642403 -0.004540929 0.999685190
9024. -0.481971402 0.130599170 -0.172336526 0.001291678 0.024645628 -0.004521485 0.999685191
9025. -0.481969917 0.130567052 -0.172358037 0.001269230 0.024636545 -0.004550605 0.999685311
9026. -0.481973161 0.130510986 -0.172343203 0.001253081 0.024634878 -0.004550909 0.999685371
9027. -0.481942917 0.130507576 -0.172290779 0.001247336 0.024630610 -0.004545167 0.999685510
9028. -0.481919517 0.130511973 -0.172277354 0.001256114 0.024628393 -0.004516162 0.999685685
9029. -0.481867970 0.130538914 -0.172224967 0.001254091 0.024620703 -0.004542018 0.999685760
9030. -0.481913111 0.130609342 -0.172291366 0.001274433 0.024622419 -0.004559261 0.999685613
9031. -0.481920139 0.130631663 -0.172293989 0.001293337 0.024624878 -0.004554589 0.999685550
9032. -0.481917996 0.130615209 -0.172278578 0.001289026 0.024626186 -0.004551352 0.999685538
9033. -0.481906564 0.130603031 -0.172287039 0.001271872 0.024621065 -0.004572020 0.999685592
9034. -0.481874411 0.130583788 -0.172254014 0.001269048 0.024621682 -0.004561928 0.999685626
9035. -0.481829286 0.130518752 -0.172198106 0.001244332 0.024610146 -0.004565926 0.999685923
9036. -0.481847955 0.130510868 -0.172246475 0.001244345 0.024612436 -0.004550617 0.999685936
9037. -0.481865355 0.130584417 -0.172256085 0.001280250 0.024622075 -0.004522637 0.999685781
9038. -0.481908242 0.130597726 -0.172306998 0.001282135 0.024628844 -0.004535156 0.999685555
9039. -0.481919604 0.130599498 -0.172323791 0.001277706 0.024624088 -0.004549027 0.999685615
9040. -0.481904651 0.130591374 -0.172278235 0.001261551 0.024625517 -0.004575087 0.999685481
9041. -0.481850169 0.130598513 -0.172246977 0.001270804 0.024614589 -0.004546117 0.999685871
9042. -0.481891944 0.130622353 -0.172252034 0.001269266 0.024627347 -0.004573996 0.999685431
9043. -0.481876948 0.130669383 -0.172150779 0.001282662 0.024642002 -0.004574448 0.999685051
9044. -0.481830911 0.130498039 -0.172069595 0.001209743 0.024639013 -0.004590639 0.999685141
9045. -0.481943725 0.130610857 -0.172342817 0.001214940 0.024634518 -0.004612169 0.999685147
9046. -0.481945478 0.130603272 -0.172383913 0.001219211 0.024630270 -0.004612626 0.999685244
9047. -0.481932589 0.130604044 -0.172291235 0.001208736 0.024633361 -0.004628105 0.999685109
9048. -0.482024907 0.130563289 -0.172360539 0.001198551 0.024645690 -0.004641825 0.999684754
9049. -0.481980406 0.130581356 -0.172356186 0.001185230 0.024635473 -0.004663993 0.999684918
9050. -0.481936054 0.130596739 -0.172167158 0.001199012 0.024649468 -0.004657498 0.999684587
9051. -0.482001081 0.130563569 -0.172382238 0.001214685 0.024637352 -0.004601464 0.999685126
9052. -0.481966092 0.130564702 -0.172347460 0.001215633 0.024637939 -0.004590136 0.999685163
9053. -0.481961448 0.130603954 -0.172301105 0.001213225 0.024643845 -0.004606781 0.999684944
9054. -0.481857146 0.130641354 -0.172167416 0.001220159 0.024639862 -0.004637969 0.999684889
9055. -0.481910708 0.130612138 -0.172194785 0.001216249 0.024647956 -0.004639559 0.999684687
9056. -0.481898718 0.130632202 -0.172201842 0.001229360 0.024644299 -0.004625447 0.999684827
9057. -0.481927311 0.130619812 -0.172213641 0.001218796 0.024645235 -0.004634763 0.999684773
9058. -0.481913937 0.130651251 -0.172208059 0.001227511 0.024641281 -0.004652265 0.999684779
9059. -0.481949308 0.130680485 -0.172238911 0.001238231 0.024649588 -0.004636050 0.999684636
9060. -0.481930433 0.130618005 -0.172124741 0.001213158 0.024657246 -0.004648536 0.999684420
9061. -0.481912480 0.130640364 -0.172136696 0.001222208 0.024651508 -0.004646088 0.999684562
9062. -0.481925647 0.130629685 -0.172162980 0.001222360 0.024650564 -0.004645223 0.999684589
9063. -0.481954858 0.130643982 -0.172202850 0.001224943 0.024653115 -0.004653942 0.999684482
9064. -0.481887237 0.130613059 -0.172204639 0.001224352 0.024642028 -0.004630835 0.999684864
9065. -0.481959924 0.130624522 -0.172312448 0.001231030 0.024648437 -0.004637891 0.999684665
9066. -0.481925381 0.130635255 -0.172284724 0.001228414 0.024641852 -0.004648030 0.999684783
9067. -0.481933312 0.130596602 -0.172291510 0.001209307 0.024643654 -0.004655774 0.999684726
9068. -0.481925322 0.130566723 -0.172320018 0.001202427 0.024634851 -0.004658291 0.999684940
9069. -0.481940196 0.130616573 -0.172290992 0.001211588 0.024644437 -0.004669487 0.999684640
9070. -0.481932678 0.130667374 -0.172293793 0.001220634 0.024640825 -0.004687470 0.999684634
9071. -0.481863604 0.130596747 -0.172174631 0.001206574 0.024639336 -0.004656880 0.999684831
9072. -0.481869503 0.130586286 -0.172207870 0.001202417 0.024632328 -0.004657469 0.999685006
9073. -0.481898692 0.130593752 -0.172220965 0.001198924 0.024638541 -0.004676651 0.999684767
9074. -0.481883331 0.130597345 -0.172228782 0.001207442 0.024637665 -0.004668593 0.999684816
9075. -0.481874716 0.130603435 -0.172235028 0.001203231 0.024634713 -0.004670905 0.999684883
9076. -0.481920015 0.130557707 -0.172251780 0.001183912 0.024639540 -0.004690951 0.999684693
9077. -0.481864588 0.130569503 -0.172164400 0.001178777 0.024641939 -0.004701313 0.999684592
9078. -0.481854512 0.130553699 -0.172149757 0.001173823 0.024644238 -0.004696329 0.999684564
9079. -0.481891605 0.130552664 -0.172196470 0.001171214 0.024648429 -0.004710814 0.999684396
9080. -0.481854123 0.130536408 -0.172152752 0.001161251 0.024642715 -0.004711304 0.999684546
9081. -0.481834574 0.130537204 -0.172051804 0.001148674 0.024643161 -0.004731416 0.999684455
9082. -0.481839626 0.130556298 -0.172015847 0.001135098 0.024650921 -0.004766102 0.999684114
9083. -0.481879891 0.130538183 -0.172069612 0.001123254 0.024648661 -0.004787807 0.999684079
9084. -0.481848769 0.130558513 -0.171997440 0.001114565 0.024647683 -0.004813900 0.999683988
9085. -0.481852429 0.130549370 -0.171854818 0.001102998 0.024666776 -0.004821285 0.999683494
9086. -0.481765236 0.130510681 -0.171743416 0.001108537 0.024663789 -0.004772443 0.999683796
9087. -0.481789501 0.130526465 -0.171898224 0.001098826 0.024648079 -0.004812111 0.999684004
9088. -0.481374116 0.130765786 -0.172085662 0.001340258 0.024499704 -0.004533308 0.999688660
9089. -0.481289993 0.130732157 -0.172425411 0.001316294 0.024417238 -0.004551213 0.999690628
9090. -0.481399604 0.130672443 -0.172614112 0.001301718 0.024426497 -0.004552820 0.999690414
9091. -0.481527342 0.130714212 -0.172777821 0.001292597 0.024436568 -0.004603035 0.999689950
9092. -0.481624577 0.130921765 -0.172963725 0.001337281 0.024433308 -0.004627919 0.999689856
9093. -0.481291094 0.130955392 -0.172782051 0.001365033 0.024374659 -0.004590491 0.999691422
9094. -0.481370967 0.130921050 -0.172836259 0.001340040 0.024390022 -0.004603406 0.999691022
9095. -0.481294926 0.131078140 -0.172666463 0.001396774 0.024388812 -0.004590920 0.999691031
9096. -0.481161998 0.131192302 -0.172574464 0.001400121 0.024369734 -0.004671204 0.999691120
9097. -0.480800790 0.131195503 -0.172337435 0.001406958 0.024327107 -0.004762158 0.999691720
9098. -0.480673406 0.131328190 -0.172148815 0.001426294 0.024311152 -0.004760806 0.999692087
9099. -0.480856793 0.131291426 -0.172251202 0.001407094 0.024344435 -0.004779299 0.999691216
9100. -0.481073108 0.131088514 -0.172636493 0.001392237 0.024368009 -0.004709980 0.999690991
9101. -0.481180448 0.131183780 -0.172677073 0.001410640 0.024390657 -0.004691738 0.999690499
9102. -0.481284700 0.131029828 -0.172476896 0.001343089 0.024446276 -0.004705051 0.999689171
9103. -0.481195476 0.131089546 -0.172498844 0.001343609 0.024418666 -0.004718832 0.999689780
9104. -0.481156959 0.131128465 -0.172457007 0.001343579 0.024418226 -0.004742059 0.999689681
9105. -0.481377318 0.131123218 -0.172678880 0.001351982 0.024436280 -0.004744486 0.999689217
9106. -0.481371642 0.131092930 -0.172762122 0.001345264 0.024426503 -0.004723210 0.999689566
9107. -0.481369376 0.131073549 -0.172781962 0.001339851 0.024423889 -0.004729740 0.999689606
9108. -0.481337234 0.131053447 -0.172823255 0.001326124 0.024405504 -0.004721519 0.999690112
9109. -0.481350071 0.131087960 -0.172867729 0.001338787 0.024410358 -0.004725861 0.999689956
9110. -0.481323216 0.131134296 -0.172847006 0.001342474 0.024412157 -0.004751272 0.999689787
9111. -0.481476555 0.131129940 -0.172851639 0.001321621 0.024430136 -0.004786208 0.999689209
9112. -0.481419185 0.130968354 -0.172729520 0.001265712 0.024398824 -0.004800016 0.999689980
9113. -0.481471284 0.130927090 -0.172513509 0.001254889 0.024420877 -0.004810702 0.999689403
9114. -0.481726022 0.130756719 -0.172565662 0.001224351 0.024463797 -0.004782819 0.999688526
9115. -0.481800769 0.130762862 -0.172541411 0.001228481 0.024483989 -0.004790569 0.999687989
9116. -0.481647645 0.130803526 -0.172552471 0.001242282 0.024447350 -0.004786767 0.999688887
9117. -0.481582385 0.130835507 -0.172454313 0.001244226 0.024446169 -0.004798007 0.999688860
9118. -0.481612594 0.130872343 -0.172487424 0.001238429 0.024453509 -0.004820166 0.999688581
9119. -0.481659851 0.130907500 -0.172564348 0.001254397 0.024459254 -0.004808994 0.999688474
9120. -0.481724197 0.130887893 -0.172611580 0.001257120 0.024470723 -0.004802270 0.999688222
9121. -0.481511445 0.131020468 -0.172574208 0.001295717 0.024425163 -0.004826475 0.999689171
9122. -0.481954381 0.130632313 -0.172830743 0.001204947 0.024494869 -0.004751039 0.999687940
9123. -0.481969507 0.130773075 -0.172963529 0.001223045 0.024480126 -0.004781022 0.999688136
9124. -0.481781840 0.130806643 -0.172770839 0.001243474 0.024459340 -0.004765071 0.999688696
9125. -0.481802078 0.130705904 -0.172791219 0.001223561 0.024460339 -0.004748014 0.999688777
9126. -0.481673940 0.130753064 -0.172846469 0.001231242 0.024444792 -0.004750769 0.999689135
9127. -0.481570242 0.130832809 -0.172781352 0.001252094 0.024425673 -0.004755539 0.999689554
9128. -0.481572560 0.130755467 -0.172713556 0.001233462 0.024436328 -0.004750117 0.999689342
9129. -0.481619329 0.130905961 -0.172713029 0.001253039 0.024446790 -0.004797090 0.999688838
9130. -0.481528025 0.130798547 -0.172574947 0.001235940 0.024444457 -0.004774368 0.999689025
9131. -0.481534705 0.130769861 -0.172622332 0.001236922 0.024439087 -0.004758718 0.999689230
9132. -0.481584528 0.130775322 -0.172690237 0.001229527 0.024441493 -0.004769158 0.999689130
9133. -0.481507115 0.130740635 -0.172426208 0.001226428 0.024458769 -0.004745232 0.999688825
9134. -0.481530683 0.130736396 -0.172390557 0.001223185 0.024471089 -0.004748542 0.999688512
9135. -0.481487757 0.130770791 -0.172383723 0.001226338 0.024463799 -0.004766405 0.999688602
9136. -0.481490476 0.130786072 -0.172443185 0.001219455 0.024451725 -0.004797548 0.999688756
9137. -0.481388632 0.130736178 -0.172278284 0.001231721 0.024458010 -0.004751776 0.999688806
9138. -0.481370003 0.130758135 -0.172221559 0.001243612 0.024460266 -0.004747614 0.999688756
9139. -0.481255310 0.130744617 -0.172171353 0.001246488 0.024434697 -0.004731488 0.999689454
9140. -0.481271778 0.130758431 -0.172242955 0.001240723 0.024430853 -0.004738472 0.999689522
9141. -0.481306966 0.130936371 -0.172234035 0.001301779 0.024443738 -0.004743487 0.999689106
9142. -0.481356623 0.130966476 -0.172277048 0.001311949 0.024448975 -0.004746572 0.999688950
9143. -0.481380718 0.130861287 -0.172280499 0.001289720 0.024451180 -0.004720468 0.999689048
9144. -0.481416984 0.130848299 -0.172424001 0.001275773 0.024433677 -0.004727463 0.999689461
9145. -0.481414591 0.130773074 -0.172446416 0.001265094 0.024433589 -0.004720309 0.999689511
9146. -0.481374426 0.130823403 -0.172427215 0.001266814 0.024433878 -0.004737805 0.999689419
9147. -0.481262870 0.130803131 -0.172424181 0.001232637 0.024423289 -0.004792109 0.999689461
9148. -0.481292008 0.130984225 -0.172474931 0.001279348 0.024426719 -0.004769050 0.999689429
9149. -0.481234262 0.131105507 -0.172552508 0.001326225 0.024412433 -0.004755546 0.999689781
9150. -0.481407398 0.130930448 -0.172669465 0.001277014 0.024451735 -0.004763811 0.999688846
9151. -0.481296862 0.130999334 -0.172597441 0.001289917 0.024432771 -0.004781190 0.999689210
9152. -0.481359028 0.130977805 -0.172683428 0.001281106 0.024433824 -0.004787621 0.999689165
9153. -0.481404232 0.131005165 -0.172706882 0.001296419 0.024446944 -0.004763421 0.999688940
9154. -0.481526669 0.130982379 -0.172778385 0.001281714 0.024457523 -0.004759453 0.999688719
9155. -0.481902433 0.131408996 -0.172643176 0.001353037 0.024514863 -0.004739671 0.999687314
9156. -0.481695024 0.131438965 -0.172828364 0.001357216 0.024472749 -0.004751082 0.999688286
9157. -0.481697809 0.131391606 -0.172685683 0.001348801 0.024482067 -0.004726698 0.999688185
9158. -0.481851035 0.131228596 -0.172514499 0.001351050 0.024524729 -0.004650568 0.999687493
9159. -0.481951912 0.131311305 -0.172432634 0.001347892 0.024539280 -0.004673543 0.999687033
9160. -0.482257267 0.130625073 -0.172440944 0.001262492 0.024624830 -0.004531100 0.999685697
9161. -0.482468492 0.130781553 -0.172364914 0.001307983 0.024678844 -0.004574228 0.999684110
9162. -0.482181390 0.130470213 -0.172494499 0.001251461 0.024618185 -0.004559819 0.999685744
9163. -0.482231406 0.130359977 -0.172497026 0.001228272 0.024630611 -0.004561642 0.999685458
9164. -0.482134395 0.130672311 -0.172518301 0.001299789 0.024599797 -0.004609314 0.999685908
9165. -0.482217482 0.130373477 -0.172583704 0.001243114 0.024622747 -0.004587585 0.999685515
9166. -0.482117558 0.130506243 -0.172516133 0.001265681 0.024613818 -0.004575928 0.999685760
9167. -0.482328876 0.130424263 -0.172591167 0.001243107 0.024639482 -0.004611748 0.999684992
9168. -0.482515070 0.130433952 -0.172536457 0.001257863 0.024679690 -0.004598033 0.999684044
9169. -0.482494064 0.130237169 -0.172438364 0.001191171 0.024681960 -0.004586812 0.999684122
9170. -0.482519483 0.130003117 -0.172469920 0.001128120 0.024672987 -0.004582216 0.999684437
9171. -0.482488290 0.130031797 -0.172573297 0.001149103 0.024691803 -0.004541870 0.999684133
9172. -0.482513152 0.129909596 -0.172492674 0.001104643 0.024699138 -0.004557043 0.999683933
9173. -0.482627194 0.129733966 -0.172551528 0.001042527 0.024714774 -0.004560581 0.999683597
9174. -0.482350598 0.129937280 -0.172705209 0.001158402 0.024647351 -0.004526865 0.999685287
9175. -0.482309131 0.129915802 -0.172719728 0.001146622 0.024624513 -0.004514095 0.999685921
9176. -0.482312996 0.129960287 -0.172609769 0.001161557 0.024634655 -0.004511277 0.999685667
9177. -0.482574244 0.129965052 -0.172702012 0.001155885 0.024693347 -0.004520847 0.999684182
9178. -0.482247531 0.129900536 -0.172607982 0.001131502 0.024621108 -0.004531550 0.999685944
9179. -0.482236719 0.129488696 -0.172705133 0.001070715 0.024614055 -0.004443526 0.999686579
9180. -0.482287949 0.129438440 -0.172639013 0.000989962 0.024628285 -0.004542059 0.999685869
9181. -0.482247637 0.129223900 -0.172657404 0.000963286 0.024624671 -0.004467030 0.999686322
9182. -0.482423301 0.129543603 -0.172613512 0.001004362 0.024653847 -0.004506702 0.999685385
9183. -0.482361215 0.129668930 -0.172604174 0.001065833 0.024651983 -0.004544581 0.999685196
9184. -0.482277029 0.129600169 -0.172524201 0.001049821 0.024643002 -0.004538155 0.999685463
9185. -0.481846453 0.129595922 -0.172463915 0.001038619 0.024526500 -0.004552655 0.999688274
9186. -0.481980814 0.129440076 -0.172445199 0.000984658 0.024559624 -0.004533117 0.999687604
9187. -0.482140384 0.129457271 -0.172503698 0.000996362 0.024592351 -0.004533472 0.999686787
9188. -0.482300816 0.129341137 -0.172584129 0.000985349 0.024633211 -0.004500017 0.999685943
9189. -0.482376151 0.129460272 -0.172633883 0.001010549 0.024638767 -0.004521835 0.999685682
9190. -0.482491187 0.129805399 -0.172541406 0.001080293 0.024670974 -0.004569653 0.999684597
9191. -0.482399745 0.129860653 -0.172324167 0.001089090 0.024684724 -0.004616994 0.999684031
9192. -0.482264268 0.130005216 -0.172371512 0.001114982 0.024653498 -0.004633859 0.999684695
9193. -0.482306058 0.129970457 -0.172397195 0.001093871 0.024648947 -0.004680282 0.999684614
9194. -0.482203427 0.129678185 -0.172488940 0.001051522 0.024622006 -0.004613759 0.999685633
9195. -0.482098465 0.129687497 -0.172464840 0.001044992 0.024605271 -0.004623401 0.999686007
9196. -0.482138082 0.129687825 -0.172391629 0.001042306 0.024618347 -0.004642639 0.999685599
9197. -0.482110450 0.129648238 -0.172418565 0.001031489 0.024612650 -0.004639043 0.999685767
9198. -0.482277331 0.129574635 -0.172438086 0.001010477 0.024650364 -0.004638513 0.999684862
9199. -0.482132902 0.129534764 -0.172209254 0.000999294 0.024637964 -0.004657632 0.999685090
9200. -0.482405908 0.129500537 -0.172979853 0.000966605 0.024605399 -0.004672964 0.999685852
9201. -0.482269873 0.129357808 -0.172956467 0.000936776 0.024579462 -0.004657895 0.999686589
9202. -0.482312242 0.129419409 -0.172872805 0.000950452 0.024593859 -0.004673859 0.999686148
9203. -0.482396272 0.129589615 -0.172834470 0.001007572 0.024630633 -0.004665791 0.999685224
9204. -0.482475460 0.129580876 -0.172795402 0.001012531 0.024646815 -0.004653428 0.999684878
9205. -0.482422698 0.129698141 -0.172733280 0.001031005 0.024639381 -0.004679946 0.999684918
9206. -0.482427772 0.129714329 -0.172774019 0.001040826 0.024636269 -0.004672712 0.999685019
9207. -0.482509338 0.129629933 -0.172790746 0.001027977 0.024647114 -0.004661557 0.999684817
9208. -0.482442901 0.129740267 -0.172771030 0.001047284 0.024640458 -0.004657222 0.999684981
9209. -0.483286128 0.130089778 -0.172670391 0.001152854 0.024808498 -0.004695053 0.999680532
9210. -0.483301426 0.130040163 -0.172704934 0.001144970 0.024804123 -0.004688564 0.999680680
9211. -0.482585467 0.130083949 -0.172558738 0.001161592 0.024698551 -0.004655755 0.999683428
9212. -0.482552549 0.130144371 -0.172567344 0.001177089 0.024688643 -0.004658013 0.999683644
9213. -0.482490649 0.130118941 -0.172586016 0.001162775 0.024678911 -0.004676129 0.999683817
9214. -0.481479511 0.130669782 -0.172482999 0.001267733 0.024483489 -0.004706935 0.999688350
9215. -0.481538692 0.130357575 -0.172254445 0.001213432 0.024518997 -0.004678955 0.999687678
9216. -0.481622173 0.130319990 -0.172442121 0.001162430 0.024507859 -0.004723320 0.999687803
9217. -0.481979107 0.130168406 -0.172885591 0.001147100 0.024553931 -0.004671122 0.999686936
9218. -0.481856719 0.130137806 -0.172847364 0.001136470 0.024531163 -0.004674618 0.999687490
9219. -0.481847714 0.130282919 -0.172716477 0.001157181 0.024532187 -0.004683604 0.999687399
9220. -0.481630847 0.130145373 -0.172773479 0.001118481 0.024488868 -0.004683641 0.999688505
9221. -0.481401990 0.129838981 -0.172894735 0.001061839 0.024431604 -0.004653116 0.999690111
9222. -0.481413478 0.129967707 -0.172912020 0.001090896 0.024430056 -0.004656826 0.999690100
9223. -0.481412143 0.129965239 -0.172778994 0.001111238 0.024448659 -0.004701485 0.999689414
9224. -0.481398905 0.129824458 -0.172809267 0.001074461 0.024451753 -0.004685682 0.999689453
9225. -0.481359728 0.129862454 -0.172704271 0.001092527 0.024451925 -0.004661353 0.999689543
9226. -0.481247452 0.130140739 -0.172550801 0.001151198 0.024428255 -0.004714217 0.999689808
9227. -0.481777233 0.129853995 -0.172523499 0.001097544 0.024535350 -0.004698176 0.999687321
9228. -0.481899525 0.129939452 -0.172671225 0.001115558 0.024526373 -0.004649591 0.999687748
9229. -0.482102107 0.130138169 -0.172611709 0.001154851 0.024609469 -0.004658255 0.999685621
9230. -0.482026531 0.129898677 -0.172687591 0.001111002 0.024589587 -0.004629583 0.999686293
9231. -0.482059516 0.130018560 -0.172628751 0.001129426 0.024588829 -0.004673629 0.999686086
9232. -0.481928321 0.130132199 -0.172537946 0.001145134 0.024535112 -0.004686899 0.999687326
9233. -0.482139747 0.130244389 -0.172590664 0.001149421 0.024593556 -0.004675171 0.999685940
9234. -0.482128141 0.130109930 -0.172640109 0.001128117 0.024597108 -0.004701005 0.999685756
9235. -0.482243949 0.130046265 -0.172527588 0.001103900 0.024593695 -0.004608839 0.999686296
9236. -0.482256255 0.130083931 -0.172571430 0.001096699 0.024596924 -0.004558288 0.999686456
9237. -0.482391070 0.130129614 -0.172593037 0.001129880 0.024631093 -0.004606571 0.999685357
9238. -0.481678409 0.129724826 -0.173570879 0.001071377 0.024584881 -0.004689266 0.999686174
9239. -0.481029180 0.129145093 -0.174480534 0.000866393 0.024516855 -0.004564223 0.999688622
9240. -0.480955257 0.129154865 -0.174562522 0.000874893 0.024494170 -0.004543404 0.999689266
9241. -0.479229808 0.128943759 -0.174008400 0.000440275 0.024101887 -0.003842745 0.999702025
9242. -0.479278408 0.128838162 -0.173913451 0.000537800 0.024078549 -0.004137044 0.999701365
9243. -0.481031685 0.128746076 -0.171241473 0.000585868 0.024247584 -0.004102845 0.999697393
9244. -0.479131913 0.129173903 -0.174485554 0.000729754 0.024155182 -0.004202716 0.999699121
9245. -0.480120475 0.130242453 -0.172449155 0.000792610 0.024162359 -0.003811594 0.999700467
9246. -0.480637270 0.129997133 -0.173236193 0.000540613 0.024358820 -0.003499781 0.999697008
9247. -0.480613601 0.130104450 -0.172870386 0.000649001 0.024324723 -0.003577237 0.999697499
9248. -0.480567649 0.130028587 -0.172910952 0.000626205 0.024368629 -0.003767115 0.999695747
9249. -0.480476337 0.130140159 -0.172758144 0.000654318 0.024316768 -0.003792478 0.999696896
9250. -0.480185770 0.130613850 -0.172365527 0.000608267 0.024086512 -0.003447481 0.999703749
9251. -0.480588565 0.130403903 -0.171484069 0.000560910 0.024100898 -0.003399253 0.999703595
9252. -0.480583774 0.130406110 -0.171535456 0.000551398 0.024112038 -0.003416778 0.999703272
9253. -0.480619477 0.130783806 -0.171763838 0.000985951 0.024174520 -0.004227645 0.999698328
9254. -0.480802759 0.131169956 -0.172059500 0.001134432 0.024243700 -0.004286346 0.999696246
9255. -0.480363233 0.129979029 -0.173755302 0.000987138 0.024287645 -0.004330141 0.999695146
9256. -0.480325955 0.130072877 -0.173653838 0.000993798 0.024281987 -0.004341434 0.999695228
9257. -0.480426687 0.129487091 -0.174536834 0.000953293 0.024380953 -0.004557683 0.999691896
9258. -0.480859320 0.129880058 -0.176147597 0.001055739 0.024546757 -0.004489468 0.999688045
9259. -0.480799604 0.129663779 -0.174826124 0.001030490 0.024376380 -0.004469028 0.999692332
9260. -0.479430327 0.130421392 -0.174006345 0.001128869 0.024131072 -0.004428814 0.999698356
9261. -0.479394846 0.129781123 -0.174110725 0.001045402 0.024133635 -0.004497596 0.999698078
9262. -0.479601793 0.129886317 -0.173910028 0.001064673 0.024162935 -0.004482080 0.999697419
9263. -0.479582832 0.130200510 -0.174052472 0.001128049 0.024173264 -0.004537057 0.999696852
9264. -0.479604202 0.129872393 -0.174020803 0.001045451 0.024160207 -0.004449881 0.999697649
9265. -0.479524559 0.129880475 -0.173728007 0.001095057 0.024125550 -0.004540671 0.999698025
9266. -0.479643086 0.129887983 -0.173665866 0.001041948 0.024154113 -0.004446373 0.999697816
9267. -0.479938064 0.129972085 -0.173374533 0.001090048 0.024188229 -0.004509111 0.999696659
9268. -0.479964981 0.129780892 -0.173610088 0.001101590 0.024194865 -0.004618338 0.999695987
9269. -0.479997871 0.130100167 -0.173507596 0.001137156 0.024202877 -0.004548879 0.999696071
9270. -0.479645379 0.130199923 -0.173753152 0.001158052 0.024166137 -0.004643722 0.999696500
9271. -0.479735890 0.130958920 -0.173512350 0.001248417 0.024145131 -0.004596431 0.999697118
9272. -0.480011952 0.131119489 -0.173587414 0.001279474 0.024196158 -0.004600544 0.999695826
9273. -0.480100954 0.131110869 -0.173584997 0.001281550 0.024206839 -0.004612692 0.999695508
9274. -0.480006268 0.131418336 -0.174181908 0.001270050 0.024236322 -0.004536424 0.999695158
9275. -0.480534941 0.131272835 -0.173284927 0.001284496 0.024257593 -0.004527351 0.999694665
9276. -0.480300508 0.131421048 -0.174329466 0.001251878 0.024296895 -0.004538255 0.999693702
9277. -0.480539073 0.131110341 -0.173829484 0.001236296 0.024316799 -0.004595427 0.999692976
9278. -0.479946684 0.130785314 -0.173726795 0.001104611 0.024180251 -0.004365540 0.999697473
9279. -0.480127435 0.130453494 -0.174012609 0.001009599 0.024208188 -0.004455146 0.999696502
9280. -0.480215374 0.130382375 -0.173578946 0.001075746 0.024239889 -0.004623800 0.999694899
9281. -0.479710925 0.130365196 -0.172818585 0.001081463 0.024123501 -0.004697172 0.999697366
9282. -0.480191930 0.129948462 -0.173018056 0.001024241 0.024208832 -0.004638824 0.999695636
9283. -0.479823729 0.129513808 -0.173533472 0.000964493 0.024181969 -0.004686520 0.999696123
9284. -0.480059995 0.129532203 -0.173264393 0.000970231 0.024201620 -0.004628357 0.999695913
9285. -0.480101317 0.129474409 -0.173388138 0.000957573 0.024220244 -0.004591905 0.999695642
9286. -0.480031610 0.129684672 -0.173444800 0.000990395 0.024208485 -0.004601567 0.999695851
9287. -0.479954950 0.129745360 -0.173352556 0.000995243 0.024190515 -0.004591949 0.999696325
9288. -0.479911202 0.129745925 -0.173208160 0.001015554 0.024168334 -0.004629739 0.999696667
9289. -0.479746867 0.129440028 -0.173178487 0.000965437 0.024140829 -0.004597739 0.999697529
9290. -0.479722106 0.129181056 -0.173400942 0.000929384 0.024148836 -0.004646580 0.999697144
9291. -0.479769773 0.129156786 -0.173366898 0.000932930 0.024171489 -0.004664869 0.999696508
9292. -0.479867813 0.128970045 -0.173590579 0.000870779 0.024188762 -0.004626663 0.999696324
9293. -0.479798751 0.129383348 -0.173097895 0.000956118 0.024157207 -0.004606234 0.999697103
9294. -0.479684024 0.129436026 -0.173844660 0.000915339 0.024178898 -0.004611523 0.999696592
9295. -0.479550530 0.129436253 -0.173490523 0.000950587 0.024139272 -0.004703028 0.999697091
9296. -0.479666825 0.129562958 -0.173667128 0.000971703 0.024151889 -0.004647236 0.999697027
9297. -0.479807742 0.129236164 -0.173476510 0.000920755 0.024163554 -0.004678996 0.999696645
9298. -0.480295293 0.129458583 -0.173893627 0.000972264 0.024251632 -0.004696050 0.999694383
9299. -0.480411393 0.129838849 -0.173215536 0.001125035 0.024250097 -0.004895103 0.999693305
9300. -0.480398804 0.130215082 -0.173225160 0.001200260 0.024265337 -0.004898931 0.999692829
9301. -0.480264957 0.129890225 -0.173843719 0.001120047 0.024278543 -0.004836763 0.999692905
9302. -0.480252108 0.129854345 -0.173707052 0.001103973 0.024272617 -0.004830011 0.999693099
9303. -0.480284498 0.129837135 -0.173619899 0.001111500 0.024289943 -0.004816936 0.999692733
9304. -0.481186719 0.129742127 -0.172899183 0.001155431 0.024399615 -0.004921676 0.999689502
9305. -0.480931401 0.129690185 -0.172878068 0.001154880 0.024350234 -0.004970523 0.999690465
9306. -0.481084379 0.129565899 -0.172797448 0.001164865 0.024377578 -0.005002824 0.999689626
9307. -0.481118448 0.129702769 -0.172798448 0.001183468 0.024382677 -0.004967021 0.999689658
9308. -0.481057594 0.129745243 -0.172631063 0.001188002 0.024377211 -0.004967870 0.999689782
9309. -0.480943298 0.129570542 -0.172920596 0.001160901 0.024377674 -0.004987296 0.999689706
9310. -0.481153715 0.129446895 -0.172911756 0.001169284 0.024399262 -0.005008732 0.999689062
9311. -0.481373303 0.129688882 -0.172842178 0.001166820 0.024421856 -0.004955853 0.999688777
9312. -0.481460228 0.129735017 -0.172863825 0.001095538 0.024416381 -0.004721541 0.999690126
9313. -0.481338213 0.130045218 -0.173704531 0.000932286 0.024451583 -0.004345174 0.999691137
9314. -0.481189131 0.130000567 -0.173473194 0.000960394 0.024411047 -0.004411246 0.999691812
9315. -0.481675012 0.129903728 -0.174553273 0.001037893 0.024582263 -0.004695690 0.999686244
9316. -0.481701139 0.129880512 -0.174649639 0.001004571 0.024599218 -0.004657933 0.999686037
9317. -0.481772358 0.129858503 -0.174866591 0.001008666 0.024620837 -0.004733234 0.999685147
9318. -0.480806602 0.129860111 -0.174280684 0.001014510 0.024405215 -0.004712525 0.999690526
9319. -0.480823670 0.129834579 -0.174308627 0.001003847 0.024418871 -0.004686404 0.999690326
9320. -0.480689962 0.130128773 -0.174871999 0.001049216 0.024438354 -0.004748272 0.999689512
9321. -0.480950213 0.129613992 -0.174284178 0.000928375 0.024436918 -0.004622230 0.999690257
9322. -0.480915565 0.129581661 -0.174403023 0.000941175 0.024437250 -0.004640654 0.999690152
9323. -0.481123564 0.129132195 -0.174392829 0.000901438 0.024477880 -0.004762194 0.999688623
9324. -0.480535200 0.129948509 -0.175028480 0.000912399 0.024433380 -0.004538300 0.999690743
9325. -0.480594247 0.129962608 -0.174943023 0.001049952 0.024450854 -0.004810091 0.999688910
