0.000000000 0.000000000 0.000000000 0.000000000 0.000000000 0.000000000 0.000000000 1.000000000
1.000000000 0.000000000 0.000000000 0.000000000 0.000000000 0.000000000 0.000000000 1.000000000
2.000000000 0.000000000 0.000000000 0.000000000 0.000000000 0.000000000 0.000000000 1.000000000
3.000000000 0.000000000 0.000000000 0.000000000 0.000000000 0.000000000 0.000000000 1.000000000
4.000000000 0.000000000 0.000000000 0.000000000 0.000000000 0.000000000 0.000000000 1.000000000
5.000000000 0.000000000 0.000000000 0.000000000 0.000000000 0.000000000 0.000000000 1.000000000
6.000000000 0.000000000 0.000000000 0.000000000 0.000000000 0.000000000 0.000000000 1.000000000
7.000000000 0.000000000 0.000000000 0.000000000 0.000000000 0.000000000 0.000000000 1.000000000
8.000000000 0.000000000 0.000000000 0.000000000 0.000000000 0.000000000 0.000000000 1.000000000
9.000000000 0.000000000 0.000000000 0.000000000 0.000000000 0.000000000 0.000000000 1.000000000
10.000000000 0.000000000 0.000000000 0.000000000 0.000000000 0.000000000 0.000000000 1.000000000
11.000000000 0.000000000 0.000000000 0.000000000 0.000000000 0.000000000 0.000000000 1.000000000
12.000000000 0.000000000 0.000000000 0.000000000 0.000000000 0.000000000 0.000000000 1.000000000
13.000000000 0.000000000 0.000000000 0.000000000 0.000000000 0.000000000 0.000000000 1.000000000
14.000000000 0.000000000 0.000000000 0.000000000 0.000000000 0.000000000 0.000000000 1.000000000
15.000000000 0.000000000 0.000000000 0.000000000 0.000000000 0.000000000 0.000000000 1.000000000
16.000000000 0.000000000 0.000000000 0.000000000 0.000000000 0.000000000 0.000000000 1.000000000
17.000000000 0.000000000 0.000000000 0.000000000 0.000000000 0.000000000 0.000000000 1.000000000
18.000000000 0.000000000 0.000000000 0.000000000 0.000000000 0.000000000 0.000000000 1.000000000
19.000000000 0.000000000 0.000000000 0.000000000 0.000000000 0.000000000 0.000000000 1.000000000
20.000000000 0.000000000 0.000000000 0.000000000 0.000000000 0.000000000 0.000000000 1.000000000
21.000000000 0.000000000 0.000000000 0.000000000 0.000000000 0.000000000 0.000000000 1.000000000
22.000000000 0.000000000 0.000000000 0.000000000 0.000000000 0.000000000 0.000000000 1.000000000
23.000000000 0.000000000 0.000000000 0.000000000 0.000000000 0.000000000 0.000000000 1.000000000
24.000000000 0.000000000 0.000000000 0.000000000 0.000000000 0.000000000 0.000000000 1.000000000
25.000000000 0.000000000 0.000000000 0.000000000 0.000000000 0.000000000 0.000000000 1.000000000
26.000000000 0.000000000 0.000000000 0.000000000 0.000000000 0.000000000 0.000000000 1.000000000
27.000000000 0.000000000 0.000000000 0.000000000 0.000000000 0.000000000 0.000000000 1.000000000
28.000000000 0.000000000 0.000000000 0.000000000 0.000000000 0.000000000 0.000000000 1.000000000
29.000000000 0.000000000 0.000000000 0.000000000 0.000000000 0.000000000 0.000000000 1.000000000
30.000000000 0.000000000 0.000000000 0.000000000 0.000000000 0.000000000 0.000000000 1.000000000
31.000000000 0.000000000 0.000000000 0.000000000 0.000000000 0.000000000 0.000000000 1.000000000
32.000000000 0.000000000 0.000000000 0.000000000 0.000000000 0.000000000 0.000000000 1.000000000
33.000000000 0.000000000 0.000000000 0.000000000 0.000000000 0.000000000 0.000000000 1.000000000
34.000000000 0.000000000 0.000000000 0.000000000 0.000000000 0.000000000 0.000000000 1.000000000
35.000000000 0.000000000 0.000000000 0.000000000 0.000000000 0.000000000 0.000000000 1.000000000
36.000000000 0.000000000 0.000000000 0.000000000 0.000000000 0.000000000 0.000000000 1.000000000
37.000000000 0.000000000 0.000000000 0.000000000 0.000000000 0.000000000 0.000000000 1.000000000
38.000000000 0.000000000 0.000000000 0.000000000 0.000000000 0.000000000 0.000000000 1.000000000
39.000000000 0.000000000 0.000000000 0.000000000 0.000000000 0.000000000 0.000000000 1.000000000
40.000000000 0.000000000 0.000000000 0.000000000 0.000000000 0.000000000 0.000000000 1.000000000
41.000000000 0.000000000 0.000000000 0.000000000 0.000000000 0.000000000 0.000000000 1.000000000
42.000000000 0.000000000 0.000000000 0.000000000 0.000000000 0.000000000 0.000000000 1.000000000
43.000000000 0.000000000 0.000000000 0.000000000 0.000000000 0.000000000 0.000000000 1.000000000
44.000000000 0.000000000 0.000000000 0.000000000 0.000000000 0.000000000 0.000000000 1.000000000
45.000000000 0.000000000 0.000000000 0.000000000 0.000000000 0.000000000 0.000000000 1.000000000
46.000000000 0.000000000 0.000000000 0.000000000 0.000000000 0.000000000 0.000000000 1.000000000
47.000000000 0.000000000 0.000000000 0.000000000 0.000000000 0.000000000 0.000000000 1.000000000
48.000000000 0.000000000 0.000000000 0.000000000 0.000000000 0.000000000 0.000000000 1.000000000
49.000000000 0.000000000 0.000000000 0.000000000 0.000000000 0.000000000 0.000000000 1.000000000
50.000000000 0.000000000 0.000000000 0.000000000 0.000000000 0.000000000 0.000000000 1.000000000
51.000000000 0.000000000 0.000000000 0.000000000 0.000000000 0.000000000 0.000000000 1.000000000
52.000000000 0.000000000 0.000000000 0.000000000 0.000000000 0.000000000 0.000000000 1.000000000
53.000000000 0.000000000 0.000000000 0.000000000 0.000000000 0.000000000 0.000000000 1.000000000
54.000000000 0.000000000 0.000000000 0.000000000 0.000000000 0.000000000 0.000000000 1.000000000
55.000000000 0.000000000 0.000000000 0.000000000 0.000000000 0.000000000 0.000000000 1.000000000
56.000000000 0.000000000 0.000000000 0.000000000 0.000000000 0.000000000 0.000000000 1.000000000
57.000000000 0.000000000 0.000000000 0.000000000 0.000000000 0.000000000 0.000000000 1.000000000
58.000000000 0.000000000 0.000000000 0.000000000 0.000000000 0.000000000 0.000000000 1.000000000
59.000000000 0.000000000 0.000000000 0.000000000 0.000000000 0.000000000 0.000000000 1.000000000
60.000000000 0.000000000 0.000000000 0.000000000 0.000000000 0.000000000 0.000000000 1.000000000
61.000000000 0.000000000 0.000000000 0.000000000 0.000000000 0.000000000 0.000000000 1.000000000
62.000000000 0.000000000 0.000000000 0.000000000 0.000000000 0.000000000 0.000000000 1.000000000
63.000000000 0.000000000 0.000000000 0.000000000 0.000000000 0.000000000 0.000000000 1.000000000
64.000000000 0.000000000 0.000000000 0.000000000 0.000000000 0.000000000 0.000000000 1.000000000
65.000000000 0.000000000 0.000000000 0.000000000 0.000000000 0.000000000 0.000000000 1.000000000
66.000000000 0.000000000 0.000000000 0.000000000 0.000000000 0.000000000 0.000000000 1.000000000
67.000000000 0.000000000 0.000000000 0.000000000 0.000000000 0.000000000 0.000000000 1.000000000
68.000000000 0.000000000 0.000000000 0.000000000 0.000000000 0.000000000 0.000000000 1.000000000
69.000000000 0.000000000 0.000000000 0.000000000 0.000000000 0.000000000 0.000000000 1.000000000
70.000000000 0.000000000 0.000000000 0.000000000 0.000000000 0.000000000 0.000000000 1.000000000
71.000000000 0.000000000 0.000000000 0.000000000 0.000000000 0.000000000 0.000000000 1.000000000
72.000000000 0.000000000 0.000000000 0.000000000 0.000000000 0.000000000 0.000000000 1.000000000
73.000000000 0.000000000 0.000000000 0.000000000 0.000000000 0.000000000 0.000000000 1.000000000
74.000000000 -0.054928407 0.022526697 -0.255568957 0.000935016 -0.025355116 0.007974120 0.999646266
75.000000000 -0.054928407 0.022526697 -0.255568957 0.000935016 -0.025355116 0.007974120 0.999646266
76.000000000 -0.054928407 0.022526697 -0.255568957 0.000935016 -0.025355116 0.007974120 0.999646266
77.000000000 -0.054928407 0.022526697 -0.255568957 0.000935016 -0.025355116 0.007974120 0.999646266
78.000000000 -0.054928407 0.022526697 -0.255568957 0.000935016 -0.025355116 0.007974120 0.999646266
79.000000000 -0.054928407 0.022526697 -0.255568957 0.000935016 -0.025355116 0.007974120 0.999646266
80.000000000 -0.054928407 0.022526697 -0.255568957 0.000935016 -0.025355116 0.007974120 0.999646266
81.000000000 -0.054928407 0.022526697 -0.255568957 0.000935016 -0.025355116 0.007974120 0.999646266
82.000000000 -0.054928407 0.022526697 -0.255568957 0.000935016 -0.025355116 0.007974120 0.999646266
83.000000000 -0.054928407 0.022526697 -0.255568957 0.000935016 -0.025355116 0.007974120 0.999646266
84.000000000 -0.054928407 0.022526697 -0.255568957 0.000935016 -0.025355116 0.007974120 0.999646266
85.000000000 -0.054928407 0.022526697 -0.255568957 0.000935016 -0.025355116 0.007974120 0.999646266
86.000000000 -0.054928407 0.022526697 -0.255568957 0.000935016 -0.025355116 0.007974120 0.999646266
87.000000000 -0.054928407 0.022526697 -0.255568957 0.000935016 -0.025355116 0.007974120 0.999646266
88.000000000 -0.054928407 0.022526697 -0.255568957 0.000935016 -0.025355116 0.007974120 0.999646266
89.000000000 -0.054928407 0.022526697 -0.255568957 0.000935016 -0.025355116 0.007974120 0.999646266
90.000000000 -0.054934670 0.022682286 -0.255561972 0.003122315 -0.025448339 0.006620168 0.999649342
91.000000000 -0.054934670 0.022682286 -0.255561972 0.003122315 -0.025448339 0.006620168 0.999649342
92.000000000 -0.054934670 0.022682286 -0.255561972 0.003122315 -0.025448339 0.006620168 0.999649342
93.000000000 -0.054934670 0.022682286 -0.255561972 0.003122315 -0.025448339 0.006620168 0.999649342
94.000000000 -0.054934670 0.022682286 -0.255561972 0.003122315 -0.025448339 0.006620168 0.999649342
95.000000000 -0.054934670 0.022682286 -0.255561972 0.003122315 -0.025448339 0.006620168 0.999649342
96.000000000 -0.054934670 0.022682286 -0.255561972 0.003122315 -0.025448339 0.006620168 0.999649342
97.000000000 -0.054934670 0.022682286 -0.255561972 0.003122315 -0.025448339 0.006620168 0.999649342
98.000000000 -0.054934670 0.022682286 -0.255561972 0.003122315 -0.025448339 0.006620168 0.999649342
99.000000000 -0.054934670 0.022682286 -0.255561972 0.003122315 -0.025448339 0.006620168 0.999649342
100.000000000 -0.054934670 0.022682286 -0.255561972 0.003122315 -0.025448339 0.006620168 0.999649342
101.000000000 -0.054934670 0.022682286 -0.255561972 0.003122315 -0.025448339 0.006620168 0.999649342
102.000000000 -0.054934670 0.022682286 -0.255561972 0.003122315 -0.025448339 0.006620168 0.999649342
103.000000000 -0.054934670 0.022682286 -0.255561972 0.003122315 -0.025448339 0.006620168 0.999649342
104.000000000 -0.054934670 0.022682286 -0.255561972 0.003122315 -0.025448339 0.006620168 0.999649342
105.000000000 -0.054934670 0.022682286 -0.255561972 0.003122315 -0.025448339 0.006620168 0.999649342
106.000000000 -0.054934670 0.022682286 -0.255561972 0.003122315 -0.025448339 0.006620168 0.999649342
107.000000000 -0.054934670 0.022682286 -0.255561972 0.003122315 -0.025448339 0.006620168 0.999649342
108.000000000 -0.054934670 0.022682286 -0.255561972 0.003122315 -0.025448339 0.006620168 0.999649342
109.000000000 -0.054934670 0.022682286 -0.255561972 0.003122315 -0.025448339 0.006620168 0.999649342
110.000000000 -0.054934670 0.022682286 -0.255561972 0.003122315 -0.025448339 0.006620168 0.999649342
111.000000000 -0.054934670 0.022682286 -0.255561972 0.003122315 -0.025448339 0.006620168 0.999649342
112.000000000 -0.054934670 0.022682286 -0.255561972 0.003122315 -0.025448339 0.006620168 0.999649342
113.000000000 -0.054934670 0.022682286 -0.255561972 0.003122315 -0.025448339 0.006620168 0.999649342
114.000000000 -0.054934670 0.022682286 -0.255561972 0.003122315 -0.025448339 0.006620168 0.999649342
115.000000000 -0.092175686 0.008336513 -0.381794191 0.003831946 -0.013362086 0.001023394 0.999902857
116.000000000 -0.092175686 0.008336513 -0.381794191 0.003831946 -0.013362086 0.001023394 0.999902857
117.000000000 -0.092175686 0.008336513 -0.381794191 0.003831946 -0.013362086 0.001023394 0.999902857
118.000000000 -0.092175686 0.008336513 -0.381794191 0.003831946 -0.013362086 0.001023394 0.999902857
119.000000000 -0.092175686 0.008336513 -0.381794191 0.003831946 -0.013362086 0.001023394 0.999902857
120.000000000 -0.092175686 0.008336513 -0.381794191 0.003831946 -0.013362086 0.001023394 0.999902857
121.000000000 -0.092175686 0.008336513 -0.381794191 0.003831946 -0.013362086 0.001023394 0.999902857
122.000000000 -0.092175686 0.008336513 -0.381794191 0.003831946 -0.013362086 0.001023394 0.999902857
123.000000000 -0.092175686 0.008336513 -0.381794191 0.003831946 -0.013362086 0.001023394 0.999902857
124.000000000 -0.092175686 0.008336513 -0.381794191 0.003831946 -0.013362086 0.001023394 0.999902857
125.000000000 -0.092175686 0.008336513 -0.381794191 0.003831946 -0.013362086 0.001023394 0.999902857
126.000000000 -0.092175686 0.008336513 -0.381794191 0.003831946 -0.013362086 0.001023394 0.999902857
127.000000000 -0.092175686 0.008336513 -0.381794191 0.003831946 -0.013362086 0.001023394 0.999902857
128.000000000 -0.092175686 0.008336513 -0.381794191 0.003831946 -0.013362086 0.001023394 0.999902857
129.000000000 -0.092175686 0.008336513 -0.381794191 0.003831946 -0.013362086 0.001023394 0.999902857
130.000000000 -0.092175686 0.008336513 -0.381794191 0.003831946 -0.013362086 0.001023394 0.999902857
131.000000000 -0.092175686 0.008336513 -0.381794191 0.003831946 -0.013362086 0.001023394 0.999902857
132.000000000 -0.092175686 0.008336513 -0.381794191 0.003831946 -0.013362086 0.001023394 0.999902857
133.000000000 -0.092175686 0.008336513 -0.381794191 0.003831946 -0.013362086 0.001023394 0.999902857
134.000000000 -0.092175686 0.008336513 -0.381794191 0.003831946 -0.013362086 0.001023394 0.999902857
135.000000000 -0.092175686 0.008336513 -0.381794191 0.003831946 -0.013362086 0.001023394 0.999902857
136.000000000 -0.092175686 0.008336513 -0.381794191 0.003831946 -0.013362086 0.001023394 0.999902857
137.000000000 -0.092175686 0.008336513 -0.381794191 0.003831946 -0.013362086 0.001023394 0.999902857
138.000000000 -0.075746693 0.006083900 -0.405471034 0.003865940 -0.013012017 0.000119927 0.999907860
139.000000000 -0.075746693 0.006083900 -0.405471034 0.003865940 -0.013012017 0.000119927 0.999907860
140.000000000 -0.268848807 0.027399505 -0.396004497 0.003279962 -0.002842608 -0.000770792 0.999990284
141.000000000 -0.268848807 0.027399505 -0.396004497 0.003279962 -0.002842608 -0.000770792 0.999990284
142.000000000 -0.268848807 0.027399505 -0.396004497 0.003279962 -0.002842608 -0.000770792 0.999990284
143.000000000 -0.268848807 0.027399505 -0.396004497 0.003279962 -0.002842608 -0.000770792 0.999990284
144.000000000 -0.268848807 0.027399505 -0.396004497 0.003279962 -0.002842608 -0.000770792 0.999990284
145.000000000 -0.268848807 0.027399505 -0.396004497 0.003279962 -0.002842608 -0.000770792 0.999990284
146.000000000 -0.268848807 0.027399505 -0.396004497 0.003279962 -0.002842608 -0.000770792 0.999990284
147.000000000 -0.268848807 0.027399505 -0.396004497 0.003279962 -0.002842608 -0.000770792 0.999990284
148.000000000 -0.268848807 0.027399505 -0.396004497 0.003279962 -0.002842608 -0.000770792 0.999990284
149.000000000 -0.268848807 0.027399505 -0.396004497 0.003279962 -0.002842608 -0.000770792 0.999990284
150.000000000 -0.268848807 0.027399505 -0.396004497 0.003279962 -0.002842608 -0.000770792 0.999990284
151.000000000 -0.268848807 0.027399505 -0.396004497 0.003279962 -0.002842608 -0.000770792 0.999990284
152.000000000 -0.268848807 0.027399505 -0.396004497 0.003279962 -0.002842608 -0.000770792 0.999990284
153.000000000 -0.268848807 0.027399505 -0.396004497 0.003279962 -0.002842608 -0.000770792 0.999990284
154.000000000 -0.268848807 0.027399505 -0.396004497 0.003279962 -0.002842608 -0.000770792 0.999990284
155.000000000 -0.268848807 0.027399505 -0.396004497 0.003279962 -0.002842608 -0.000770792 0.999990284
156.000000000 -0.268848807 0.027399505 -0.396004497 0.003279962 -0.002842608 -0.000770792 0.999990284
157.000000000 -0.268848807 0.027399505 -0.396004497 0.003279962 -0.002842608 -0.000770792 0.999990284
158.000000000 -0.268848807 0.027399505 -0.396004497 0.003279962 -0.002842608 -0.000770792 0.999990284
159.000000000 -0.268848807 0.027399505 -0.396004497 0.003279962 -0.002842608 -0.000770792 0.999990284
160.000000000 -0.564184763 0.111775242 -0.114682848 0.010635875 0.016888345 -0.000073452 0.999800808
161.000000000 2.831666521 0.128025579 9.453344634 0.012142363 0.014524757 -0.003863208 0.999813318
162.000000000 -0.472877346 0.196973458 -0.179640462 0.013600630 0.025147007 -0.003106953 0.999586413
163.000000000 -0.147470913 0.193708025 0.685559050 0.013734295 0.024932448 -0.003453754 0.999588822
164.000000000 0.339875566 0.187977531 1.983409632 0.013934756 0.024610650 -0.003973872 0.999592090
165.000000000 0.988439849 0.178782191 3.714491765 0.014202049 0.024181536 -0.004667417 0.999595803
166.000000000 1.796974806 0.164794827 5.878827571 0.014536109 0.023645187 -0.005534232 0.999599409
167.000000000 2.764199589 0.144355525 8.477197277 0.014936968 0.023001517 -0.006574426 0.999602218
168.000000000 3.888290493 0.115482965 11.509781974 0.015404550 0.022250611 -0.007787827 0.999603401
169.000000000 5.172501880 0.075693325 14.991434485 0.015941020 0.021388944 -0.009180087 0.999601982
170.000000000 6.609320370 0.022469580 18.908791446 0.016544179 0.020419995 -0.010745534 0.999596842
171.000000000 8.191808311 -0.046936524 23.250658631 0.017212151 0.019346722 -0.012479337 0.999586771
172.000000000 9.921966052 -0.135958911 28.031196071 0.017946945 0.018165831 -0.014386758 0.999570373
173.000000000 11.795758796 -0.248122073 33.249016866 0.018748163 0.016877892 -0.016466808 0.999546141
174.000000000 13.810811556 -0.387368942 38.908302811 0.019616243 0.015482121 -0.018720683 0.999512403
175.000000000 15.981135610 -0.559398342 45.061025085 0.020558928 0.013965981 -0.021168544 0.999466945
176.000000000 18.265649433 -0.765763679 51.603726564 0.021560133 0.012355247 -0.023768689 0.999408604
177.000000000 20.678014035 -1.012547790 58.588843980 0.022627654 0.010637288 -0.026541423 0.999334974
178.000000000 23.214257855 -1.304872471 66.020211875 0.023761816 0.008811476 -0.029487667 0.999243820
179.000000000 25.868601368 -1.647980406 73.897512094 0.024962301 0.006878213 -0.032606664 0.999132814
180.000000000 -0.540699342 0.209292040 -0.158181747 0.014818280 0.034646595 -0.006768007 0.999266844
181.000000000 -0.537227159 0.214419165 -0.150394425 0.015283048 0.034497463 -0.006733317 0.999265238
182.000000000 -0.535683313 0.219689444 -0.147158729 0.015569282 0.034389910 -0.007166444 0.999261514
183.000000000 -0.561849524 0.198295574 -0.158956421 0.013336781 0.038279242 -0.007406072 0.999150629
184.000000000 -0.555718159 0.201008130 -0.133107214 0.014309678 0.046030644 -0.009481581 0.998792527
185.000000000 -0.602335496 0.168398631 -0.157695921 0.008856100 0.044412531 -0.008569891 0.998937262
186.000000000 -0.560017559 0.181003749 -0.059304187 0.009331931 0.045033014 -0.008940806 0.998901899
187.000000000 -0.607215660 0.142476512 -0.159567758 0.004873648 0.045035894 -0.009700930 0.998926378
188.000000000 -0.637469677 0.120117668 -0.196937751 0.003702762 0.048022347 -0.011639226 0.998771582
189.000000000 -0.679446579 0.125659207 -0.242410630 0.003916245 0.050049648 -0.011574569 0.998671981
190.000000000 -0.653581489 0.146246336 -0.237005153 0.002521199 0.051028850 -0.013895733 0.998597321
191.000000000 -0.599488046 0.141833664 -0.165481952 0.003733788 0.044060722 -0.008103079 0.998989015
192.000000000 -0.701102373 0.182479541 -0.333140957 0.003945980 0.047878354 -0.010733919 0.998787703
193.000000000 -0.733419215 0.190678705 -0.368310970 0.004148844 0.050399213 -0.012005438 0.998648375
194.000000000 -0.566530620 0.135377618 -0.181088217 0.002488367 0.038910890 -0.006898903 0.999215770
195.000000000 -1.108868709 0.326703724 -0.055960250 0.011633241 0.054599129 0.000371118 0.998440517
196.000000000 -0.546246601 0.134759852 -0.184180221 0.002334845 0.035843032 -0.006346510 0.999334552
197.000000000 -0.496589318 -0.049238843 0.026690575 -0.000207884 0.040531145 -0.008934246 0.999138310
198.000000000 -0.518451093 0.142251902 -0.184323525 0.003587006 0.031065597 -0.005440869 0.999496103
199.000000000 -0.657101547 0.161310059 -0.140574958 0.003692651 0.035662713 -0.005571630 0.999341529
200.000000000 -0.494205966 0.149255457 -0.185614647 0.004391021 0.026730618 -0.004663908 0.999622149
201.000000000 -0.528704533 0.069111461 -0.228011981 0.001767212 0.029011540 -0.005393538 0.999562963
202.000000000 -0.528798520 0.062166902 -0.287604240 0.000480249 0.030279847 -0.005604826 0.999525631
203.000000000 -0.492788284 0.152932158 -0.176312072 0.004027520 0.025375784 -0.003616567 0.999663328
204.000000000 -0.465787010 0.153932464 -0.084623563 0.003175093 0.025642761 -0.003640365 0.999659500
205.000000000 -0.475331243 0.159125634 -0.109034446 0.002893872 0.025825212 -0.003912618 0.999654628
206.000000000 -0.475850619 0.156029027 -0.072881077 0.002550877 0.026044758 -0.003915306 0.999649856
207.000000000 -0.470579927 0.145378769 -0.052581800 0.001914718 0.026084551 -0.003866153 0.999650430
208.000000000 -0.466953427 0.141482655 -0.052189225 0.000903390 0.026040520 -0.004003602 0.999652463
209.000000000 -0.462099529 0.136413822 -0.021082167 0.000184517 0.026081101 -0.004249955 0.999650779
210.000000000 -0.473986194 0.139637144 -0.169799314 0.003080795 0.022876274 -0.005081751 0.999720641
211.000000000 -0.477601297 0.167872273 -0.219230880 0.003751016 0.022793157 -0.003787864 0.999725989
212.000000000 -0.480002079 0.166596442 -0.229910446 0.003646327 0.022769185 -0.003904120 0.999726476
213.000000000 -0.473799198 0.170180900 -0.216980352 0.003690650 0.022730888 -0.003868050 0.999727325
214.000000000 -0.474146660 0.171494571 -0.216034600 0.003934819 0.022742968 -0.003329559 0.999728057
215.000000000 -0.463751280 0.188321688 -0.189732602 0.004744763 0.022617165 -0.003319182 0.999727430
216.000000000 -0.467483145 0.191196346 -0.146474309 0.004620182 0.022805056 -0.003860276 0.999721802
217.000000000 -0.497774547 0.170414001 -0.207427648 0.004015479 0.023097684 -0.003394476 0.999719386
218.000000000 -0.503183246 0.166952127 -0.211023310 0.003696460 0.023187729 -0.003406614 0.999718491
219.000000000 -0.505370251 0.167158919 -0.201334841 0.003248710 0.023196897 -0.003163724 0.999720631
220.000000000 -0.475340665 0.139914649 -0.171973507 0.003189835 0.023143414 -0.004965218 0.999714736
221.000000000 -0.444466310 0.149742865 -0.200154357 0.002598301 0.020392480 -0.004927063 0.999776535
222.000000000 -0.475373002 0.140005554 -0.172062254 0.003421595 0.023419593 -0.005348128 0.999705563
223.000000000 -0.438196318 0.141384803 -0.231881488 0.003049504 0.020768601 -0.005261765 0.999765812
224.000000000 -0.426370761 0.140684939 -0.243265131 0.002854473 0.019836983 -0.005512137 0.999783958
225.000000000 -0.475064532 0.138433445 -0.172780388 0.003001950 0.023340401 -0.005068124 0.999710222
226.000000000 -0.454549547 0.136332205 -0.208733018 0.002879585 0.022265506 -0.005829433 0.999730950
227.000000000 -0.448892437 0.138277800 -0.192313292 0.003324058 0.021201964 -0.005396003 0.999755125
228.000000000 -0.444545135 0.137905669 -0.183003631 0.003995004 0.020118947 -0.003688925 0.999782806
229.000000000 -0.474788142 0.136046254 -0.172331397 0.002346840 0.023294293 -0.004577419 0.999715417
230.000000000 -0.448908950 0.139082576 -0.211903649 0.002416822 0.021557952 -0.005384862 0.999750177
231.000000000 -0.444249054 0.138802042 -0.212739933 0.002468704 0.020601737 -0.005023116 0.999772095
232.000000000 -0.438045367 0.138896773 -0.211823182 0.002683836 0.019444097 -0.005050478 0.999794587
233.000000000 -0.434682829 0.140552832 -0.211108753 0.002908877 0.018704286 -0.004720252 0.999809686
234.000000000 -0.474500028 0.136127846 -0.174616297 0.002251112 0.023460449 -0.004489184 0.999712152
235.000000000 -0.451961272 0.136506193 -0.207279073 0.001921531 0.022613867 -0.006680158 0.999720109
236.000000000 -0.450258567 0.136844916 -0.207439386 0.001848469 0.022285788 -0.006533460 0.999728584
237.000000000 -0.453363464 0.139749286 -0.202970417 0.001841356 0.022100457 -0.005545731 0.999738678
238.000000000 -0.454562541 0.141887273 -0.195469775 0.001735575 0.021936020 -0.005213888 0.999744274
239.000000000 -0.452662479 0.140965841 -0.195087138 0.001614233 0.021692075 -0.004854562 0.999751610
240.000000000 -0.474865942 0.136376118 -0.177758047 0.002149862 0.023531534 -0.004616785 0.999710123
241.000000000 -0.470450971 0.134676423 -0.176305813 0.002009925 0.023314066 -0.004628196 0.999715457
242.000000000 -0.470512145 0.134404527 -0.176634447 0.001998694 0.023272635 -0.004630725 0.999716433
243.000000000 -0.470346356 0.135743051 -0.179028299 0.002007704 0.023215370 -0.004631456 0.999717743
244.000000000 -0.469483239 0.133843541 -0.178006023 0.001881716 0.023191331 -0.004726011 0.999718103
245.000000000 -0.469546095 0.132964711 -0.179310083 0.001781378 0.023175558 -0.004676605 0.999718885
246.000000000 -0.469973426 0.133073556 -0.182192407 0.001615762 0.023179077 -0.004465883 0.999720049
247.000000000 -0.470262001 0.132458583 -0.181665459 0.001501760 0.023168864 -0.004475449 0.999720420
248.000000000 -0.470434486 0.133494430 -0.181583358 0.001470572 0.023187661 -0.004381304 0.999720448
249.000000000 -0.473310080 0.136075693 -0.188808030 0.001460827 0.023217313 -0.004173738 0.999720662
250.000000000 -0.471071421 0.134820003 -0.188180159 0.001414850 0.023160246 -0.004116042 0.999722291
251.000000000 -0.472092616 0.135506630 -0.188864577 0.001404979 0.023151835 -0.004156495 0.999722333
252.000000000 -0.472174760 0.135381406 -0.188487093 0.001388576 0.023136146 -0.004140292 0.999722786
253.000000000 -0.470876084 0.136344369 -0.188574186 0.001443979 0.023071938 -0.004167823 0.999724077
254.000000000 -0.471242168 0.136875569 -0.189548638 0.001491810 0.023044131 -0.004206219 0.999724487
255.000000000 -0.471022382 0.138437603 -0.183585583 0.001640237 0.022991553 -0.004260364 0.999725236
256.000000000 -0.457394398 0.134908401 -0.170839214 0.001782221 0.022653609 -0.004134826 0.999733235
257.000000000 -0.458576439 0.135441422 -0.171753031 0.002005997 0.022617082 -0.004293655 0.999732968
258.000000000 -0.458208165 0.136064209 -0.172356597 0.002103653 0.022574709 -0.004315948 0.999733629
259.000000000 -0.458325142 0.136350773 -0.172895922 0.002194632 0.022544068 -0.004425059 0.999733648
260.000000000 -0.459303604 0.135188722 -0.172772675 0.002244686 0.022530843 -0.004403084 0.999733932
261.000000000 -0.459707844 0.138059539 -0.175798462 0.002301013 0.022395906 -0.004636153 0.999735783
262.000000000 -0.472870616 0.130850244 -0.188800387 0.001657431 0.021669933 -0.006050589 0.999745496
263.000000000 -0.474464386 0.136517320 -0.177726725 0.002175055 0.023451069 -0.004575942 0.999712147
264.000000000 -0.452237201 0.125507445 -0.197040260 0.001169725 0.021370848 -0.003839488 0.999763561
265.000000000 -0.474217921 0.136554478 -0.177195642 0.002177323 0.023651226 -0.004940312 0.999705693
266.000000000 -0.476731765 0.140680111 -0.181252129 0.002633584 0.025007685 -0.003630214 0.999677199
267.000000000 -0.476142574 0.140817139 -0.181609219 0.002779837 0.024909327 -0.003453557 0.999679884
268.000000000 -0.474200579 0.136542276 -0.177185560 0.002208313 0.023569726 -0.005048591 0.999707009
269.000000000 -0.474266895 0.136490892 -0.180125176 0.002434176 0.023865994 -0.005511650 0.999697010
270.000000000 -0.474663368 0.135768829 -0.179282056 0.002228279 0.023896210 -0.005211731 0.999698376
271.000000000 -0.475845034 0.136368537 -0.178234448 0.002407902 0.024090702 -0.005371585 0.999692446
272.000000000 -0.475656134 0.135780453 -0.178074570 0.002233492 0.024030269 -0.005122401 0.999695613
273.000000000 -0.473923114 0.136290224 -0.176878326 0.002076829 0.023415114 -0.004954245 0.999711396
274.000000000 -0.472978714 0.136868680 -0.178231864 0.002335574 0.023291985 -0.005209665 0.999712403
275.000000000 -0.472922809 0.136727901 -0.177692378 0.002302423 0.023189408 -0.005212778 0.999714848
276.000000000 -0.473148507 0.136495415 -0.176718816 0.002215423 0.023134189 -0.004931324 0.999717752
277.000000000 -0.473243326 0.136007968 -0.177621565 0.002064840 0.023147963 -0.004819025 0.999718303
278.000000000 -0.473392111 0.135564451 -0.177391817 0.001974111 0.023178078 -0.004809500 0.999717834
279.000000000 -0.473609734 0.135960115 -0.177384436 0.002041637 0.023211487 -0.004905388 0.999716458
280.000000000 -0.472999217 0.134260442 -0.176092437 0.001594513 0.023063020 -0.004717157 0.999721613
281.000000000 -0.473334830 0.134650943 -0.176719838 0.001675847 0.023117391 -0.004738087 0.999720125
282.000000000 -0.473165176 0.134725190 -0.176542131 0.001666091 0.023057380 -0.004848546 0.999720998
283.000000000 -0.473724942 0.134981705 -0.176940860 0.001739848 0.023204544 -0.004983792 0.999716802
284.000000000 -0.473338450 0.133502433 -0.176248596 0.001457063 0.023085411 -0.005126405 0.999719291
285.000000000 -0.474096445 0.133700109 -0.175529016 0.001443209 0.023197602 -0.005155099 0.999716567
286.000000000 -0.474129684 0.132807763 -0.175709469 0.001266714 0.023195243 -0.005098504 0.999717151
287.000000000 -0.473960376 0.136272247 -0.177155338 0.002023578 0.023407059 -0.004787039 0.999712508
288.000000000 -0.472817512 0.134863401 -0.178625642 0.001852845 0.023356741 -0.004779176 0.999714054
289.000000000 -0.473236926 0.134885529 -0.179724214 0.001879764 0.023465889 -0.004793116 0.999711381
290.000000000 -0.473585919 0.135026666 -0.179276420 0.001916017 0.023520110 -0.004791504 0.999710045
291.000000000 -0.472848476 0.135185756 -0.178836121 0.001968148 0.023341326 -0.004868982 0.999713760
292.000000000 -0.473853456 0.135617213 -0.178042122 0.002065092 0.023491768 -0.004917492 0.999709803
293.000000000 -0.473736663 0.135416999 -0.178255145 0.002012158 0.023477049 -0.004830737 0.999710680
294.000000000 -0.473747775 0.135379708 -0.178081520 0.001994519 0.023483918 -0.004831304 0.999710551
295.000000000 -0.473773541 0.135455497 -0.178028526 0.002017704 0.023491956 -0.004823083 0.999710355
296.000000000 -0.473840700 0.135416746 -0.178014613 0.002039675 0.023506645 -0.004888388 0.999709648
297.000000000 -0.474494275 0.134996070 -0.177220746 0.001950811 0.023555216 -0.005013072 0.999708065
298.000000000 -0.474996718 0.135455066 -0.176569693 0.002036821 0.023599856 -0.005122767 0.999706285
299.000000000 -0.475435712 0.135901281 -0.175826344 0.002041650 0.023693604 -0.004890934 0.999705218
300.000000000 -0.474656842 0.135856145 -0.176443066 0.002043001 0.023585986 -0.004848896 0.999707965
301.000000000 -0.475073876 0.135458292 -0.176302951 0.001964383 0.023646438 -0.004870512 0.999706590
302.000000000 -0.474607724 0.135538177 -0.176752365 0.001965054 0.023609720 -0.004760885 0.999707984
303.000000000 -0.474355864 0.135455196 -0.177008989 0.001961472 0.023586475 -0.004687178 0.999708888
304.000000000 -0.473043854 0.134654955 -0.179190863 0.001874617 0.023508442 -0.004689696 0.999710881
305.000000000 -0.474121268 0.136320631 -0.177316241 0.002053419 0.023566066 -0.004620901 0.999709493
306.000000000 -0.474059199 0.136432533 -0.177209010 0.002109038 0.023559622 -0.004560764 0.999709806
307.000000000 -0.474375751 0.136757233 -0.177458638 0.002094903 0.023513981 -0.004523972 0.999711077
308.000000000 -0.474442714 0.136798323 -0.177422118 0.002112736 0.023538043 -0.004522989 0.999710478
309.000000000 -0.474418368 0.136710545 -0.177676397 0.002056295 0.023525290 -0.004434067 0.999711294
310.000000000 -0.474512550 0.136650395 -0.177337839 0.002067413 0.023539365 -0.004404490 0.999711071
311.000000000 -0.474325169 0.136638765 -0.177146737 0.002081396 0.023506180 -0.004435177 0.999711687
312.000000000 -0.474554337 0.136417915 -0.177238068 0.002036662 0.023543991 -0.004485460 0.999710665
313.000000000 -0.474963972 0.136458798 -0.177083312 0.002040631 0.023641918 -0.004371243 0.999708851
314.000000000 -0.474660475 0.136273323 -0.177149967 0.002019043 0.023596633 -0.004457313 0.999709585
315.000000000 -0.475007435 0.136527009 -0.176816551 0.002102349 0.023627718 -0.004531947 0.999708344
316.000000000 -0.474804366 0.136589987 -0.176594868 0.002107005 0.023607193 -0.004558501 0.999708698
317.000000000 -0.474754638 0.136339770 -0.176486142 0.002029034 0.023617102 -0.004570953 0.999708568
318.000000000 -0.474772801 0.136274834 -0.176626625 0.002040344 0.023623378 -0.004557600 0.999708458
319.000000000 -0.474435040 0.136267378 -0.176576856 0.002045358 0.023567233 -0.004566623 0.999709732
320.000000000 -0.474821038 0.136084646 -0.176268269 0.001989788 0.023643414 -0.004523354 0.999708242
321.000000000 -0.474750583 0.136185985 -0.176184571 0.002058864 0.023592923 -0.004405297 0.999709822
322.000000000 -0.475060780 0.136264553 -0.176159860 0.002092240 0.023631914 -0.004493210 0.999708441
323.000000000 -0.474967690 0.135968478 -0.176227943 0.002003887 0.023616227 -0.004326846 0.999709726
324.000000000 -0.474867476 0.136414545 -0.176307866 0.002060138 0.023633313 -0.004360817 0.999709060
325.000000000 -0.475229526 0.136390320 -0.176229623 0.002055902 0.023721092 -0.004449502 0.999706599
326.000000000 -0.475631546 0.136759254 -0.175583648 0.002099021 0.023811570 -0.004361045 0.999704749
327.000000000 -0.475825519 0.137381253 -0.175285537 0.002256948 0.023865123 -0.004485710 0.999702576
328.000000000 -0.475949585 0.137681611 -0.175023753 0.002339969 0.023883309 -0.004524031 0.999701778
329.000000000 -0.475983954 0.137622731 -0.174524269 0.002345363 0.023897403 -0.004507432 0.999701504
330.000000000 -0.476212274 0.137740558 -0.174909276 0.002352526 0.023933356 -0.004467801 0.999700805
331.000000000 -0.475947098 0.137891942 -0.174597525 0.002380633 0.023864622 -0.004483708 0.999702310
332.000000000 -0.476110244 0.137774577 -0.174845899 0.002399661 0.023912412 -0.004513074 0.999700990
333.000000000 -0.476395411 0.137344639 -0.175030845 0.002315520 0.023973844 -0.004486172 0.999699839
334.000000000 -0.475955973 0.137415968 -0.174576480 0.002311223 0.023895105 -0.004494152 0.999701698
335.000000000 -0.474181616 0.136420014 -0.177137662 0.002232790 0.023656969 -0.004927694 0.999705497
336.000000000 -0.473787215 0.136306502 -0.177648598 0.002194461 0.023581801 -0.005000779 0.999706995
337.000000000 -0.473440111 0.135923680 -0.178831650 0.002068714 0.023589340 -0.005084216 0.999706664
338.000000000 -0.473428046 0.135841763 -0.178921882 0.002040664 0.023590160 -0.005063767 0.999706806
339.000000000 -0.473457358 0.135920400 -0.178963310 0.002075536 0.023593618 -0.005058049 0.999706682
340.000000000 -0.473350643 0.135807247 -0.178517127 0.002045086 0.023589897 -0.005125241 0.999706490
341.000000000 -0.473427792 0.136167977 -0.178673081 0.002147162 0.023598857 -0.005126339 0.999706059
342.000000000 -0.473211647 0.136203793 -0.178628166 0.002162072 0.023524911 -0.005110233 0.999707852
343.000000000 -0.473165467 0.136160779 -0.178629840 0.002124418 0.023514842 -0.005066934 0.999708390
344.000000000 -0.473215188 0.136172818 -0.178671200 0.002116080 0.023525086 -0.005074684 0.999708127
345.000000000 -0.473321468 0.136176370 -0.178662011 0.002137142 0.023560447 -0.005063235 0.999707308
346.000000000 -0.473275737 0.136204384 -0.178601647 0.002132089 0.023546593 -0.005083123 0.999707544
347.000000000 -0.473305899 0.136184084 -0.178577263 0.002135167 0.023555988 -0.005060343 0.999707432
348.000000000 -0.473405870 0.136217213 -0.178596915 0.002154252 0.023581283 -0.005088147 0.999706654
349.000000000 -0.473362097 0.136209911 -0.178672023 0.002158482 0.023557398 -0.005079815 0.999707250
350.000000000 -0.473225006 0.136146039 -0.178543522 0.002145244 0.023531086 -0.005104203 0.999707774
351.000000000 -0.473189741 0.136070497 -0.178533081 0.002131114 0.023513782 -0.005051041 0.999708481
352.000000000 -0.473189060 0.136100681 -0.178526473 0.002137264 0.023514935 -0.005065483 0.999708368
353.000000000 -0.473180017 0.136086382 -0.178502997 0.002126088 0.023514075 -0.005083266 0.999708322
354.000000000 -0.473233961 0.135904272 -0.178503441 0.002083008 0.023525938 -0.005055707 0.999708273
355.000000000 -0.473243115 0.135914698 -0.178530687 0.002080960 0.023523888 -0.005055378 0.999708327
356.000000000 -0.473206225 0.135947854 -0.178416659 0.002099864 0.023531944 -0.005113965 0.999707800
357.000000000 -0.473203499 0.135930687 -0.178496469 0.002091271 0.023524984 -0.005076502 0.999708173
358.000000000 -0.473235357 0.136011562 -0.178524359 0.002111138 0.023522212 -0.005083365 0.999708161
359.000000000 -0.473261608 0.135854201 -0.178569265 0.002056000 0.023534375 -0.005083459 0.999707990
360.000000000 -0.473180325 0.135831963 -0.178515665 0.002041483 0.023501070 -0.005099944 0.999708719
361.000000000 -0.473252890 0.135804049 -0.178677532 0.002034293 0.023510889 -0.005079567 0.999708606
362.000000000 -0.473511474 0.136059765 -0.178683593 0.002102788 0.023581199 -0.005100859 0.999706700
363.000000000 -0.473447162 0.136050756 -0.178620337 0.002103716 0.023584678 -0.005040984 0.999706920
364.000000000 -0.473453135 0.136186126 -0.178656182 0.002137402 0.023574504 -0.005044661 0.999707070
365.000000000 -0.473450465 0.136152401 -0.178715708 0.002127421 0.023581612 -0.005031900 0.999706988
366.000000000 -0.473532657 0.136198761 -0.178792080 0.002148598 0.023606285 -0.005064248 0.999706197
367.000000000 -0.473445775 0.136212243 -0.178808225 0.002146902 0.023583123 -0.005071631 0.999706710
368.000000000 -0.473368611 0.136189451 -0.178700619 0.002151047 0.023558264 -0.005047691 0.999707408
369.000000000 -0.473484993 0.136144456 -0.178726279 0.002133907 0.023592029 -0.005009693 0.999706840
370.000000000 -0.473578140 0.136098339 -0.178775316 0.002121703 0.023606783 -0.005019731 0.999706467
371.000000000 -0.473530391 0.136111142 -0.178719629 0.002120707 0.023602924 -0.005028336 0.999706517
372.000000000 -0.473494159 0.136174315 -0.178850014 0.002137989 0.023584005 -0.005025963 0.999706939
373.000000000 -0.473559805 0.136082791 -0.178886861 0.002115008 0.023613522 -0.005006612 0.999706388
374.000000000 -0.473264927 0.136410784 -0.178781210 0.002215884 0.023559767 -0.005134498 0.999706789
375.000000000 -0.473408775 0.136142306 -0.178601898 0.002130054 0.023591156 -0.005042333 0.999706705
376.000000000 -0.473466370 0.136262994 -0.178590709 0.002168354 0.023607171 -0.005062916 0.999706140
377.000000000 -0.473580456 0.136284240 -0.178617065 0.002170988 0.023640019 -0.005066244 0.999705341
378.000000000 -0.473446848 0.136470670 -0.178567290 0.002238964 0.023608738 -0.005103288 0.999705742
379.000000000 -0.473461959 0.136279394 -0.178589687 0.002187427 0.023618917 -0.005046384 0.999705905
380.000000000 -0.473317893 0.136317447 -0.178455872 0.002195289 0.023595697 -0.005110753 0.999706109
381.000000000 -0.473363858 0.136339471 -0.178536240 0.002201494 0.023619710 -0.005094025 0.999705613
382.000000000 -0.473419297 0.136353157 -0.178591071 0.002201079 0.023629445 -0.005085122 0.999705430
383.000000000 -0.473236827 0.136341769 -0.178543707 0.002211940 0.023576034 -0.005067030 0.999706759
384.000000000 -0.472626807 0.136073418 -0.178343509 0.002143861 0.023397310 -0.005071675 0.999711082
385.000000000 -0.472621777 0.136107028 -0.178355174 0.002147189 0.023395305 -0.005086873 0.999711045
386.000000000 -0.472645584 0.136160879 -0.178361681 0.002167461 0.023400258 -0.005092716 0.999710855
387.000000000 -0.472524429 0.136031430 -0.178200335 0.002122523 0.023365778 -0.005078327 0.999711831
388.000000000 -0.472559858 0.135931428 -0.178267104 0.002086370 0.023373893 -0.005076374 0.999711728
389.000000000 -0.472421775 0.136089064 -0.178218695 0.002126789 0.023336734 -0.005114448 0.999712317
390.000000000 -0.472463880 0.135985664 -0.178241475 0.002101469 0.023347477 -0.005096939 0.999712209
391.000000000 -0.472528899 0.135943498 -0.178301686 0.002100449 0.023365355 -0.005079127 0.999711884
392.000000000 -0.472561889 0.135950281 -0.178328448 0.002108772 0.023375098 -0.005037581 0.999711849
393.000000000 -0.472555006 0.136023720 -0.178376920 0.002130967 0.023368105 -0.005052021 0.999711892
394.000000000 -0.472499967 0.135959178 -0.178277318 0.002124491 0.023350721 -0.005029965 0.999712424
395.000000000 -0.472539440 0.135922888 -0.178254646 0.002106999 0.023359147 -0.005021648 0.999712306
396.000000000 -0.472676276 0.136047723 -0.178305319 0.002138624 0.023402982 -0.005027615 0.999711183
397.000000000 -0.472564988 0.136130392 -0.178264105 0.002162322 0.023373985 -0.005029699 0.999711800
398.000000000 -0.472668594 0.136055111 -0.178315712 0.002149133 0.023399039 -0.005003070 0.999711376
399.000000000 -0.472761887 0.136004411 -0.178389289 0.002132369 0.023421902 -0.005029575 0.999710744
400.000000000 -0.472640462 0.135880607 -0.178285249 0.002107414 0.023390155 -0.005022041 0.999711578
401.000000000 -0.472532377 0.135906686 -0.178217062 0.002109384 0.023369378 -0.005015453 0.999712093
402.000000000 -0.472587381 0.135985551 -0.178321841 0.002136394 0.023383870 -0.005005590 0.999711746
403.000000000 -0.472545675 0.135993419 -0.178356902 0.002143263 0.023376787 -0.005011720 0.999711866
404.000000000 -0.472570731 0.135901405 -0.178294944 0.002110791 0.023370043 -0.004997153 0.999712166
405.000000000 -0.472569836 0.135937448 -0.178253428 0.002114832 0.023384427 -0.005006694 0.999711773
406.000000000 -0.472485925 0.136107888 -0.178293280 0.002145508 0.023360764 -0.005044350 0.999712072
407.000000000 -0.472536902 0.136073715 -0.178345193 0.002145507 0.023370672 -0.005033408 0.999711895
408.000000000 -0.472518508 0.136078996 -0.178231562 0.002149622 0.023376719 -0.005024824 0.999711788
409.000000000 -0.472605249 0.135929174 -0.178300238 0.002103749 0.023399611 -0.004997146 0.999711489
410.000000000 -0.472587678 0.136006978 -0.178323617 0.002115939 0.023385227 -0.005036720 0.999711601
411.000000000 -0.472498847 0.135993460 -0.178312030 0.002105832 0.023361782 -0.005030488 0.999712202
412.000000000 -0.472390711 0.136122745 -0.178294754 0.002145100 0.023333370 -0.005052443 0.999712671
413.000000000 -0.472453480 0.136154503 -0.178332908 0.002155416 0.023341783 -0.005038269 0.999712524
414.000000000 -0.472488094 0.136271717 -0.178349846 0.002189909 0.023361857 -0.005047084 0.999711936
415.000000000 -0.472418052 0.136283478 -0.178292813 0.002189116 0.023341243 -0.005032713 0.999712492
416.000000000 -0.472549235 0.136315585 -0.178359026 0.002201417 0.023379583 -0.005046480 0.999711499
417.000000000 -0.472537702 0.136317209 -0.178435625 0.002191710 0.023374989 -0.005054358 0.999711588
418.000000000 -0.472578187 0.136319498 -0.178421138 0.002205539 0.023380220 -0.005023386 0.999711592
419.000000000 -0.472539814 0.136249496 -0.178350344 0.002193677 0.023366351 -0.005031701 0.999711900
420.000000000 -0.472524629 0.136215107 -0.178348239 0.002176128 0.023362502 -0.005013840 0.999712118
421.000000000 -0.472597302 0.136202054 -0.178394817 0.002173573 0.023376044 -0.005021367 0.999711769
422.000000000 -0.472647987 0.136173495 -0.178345603 0.002176152 0.023383683 -0.004999232 0.999711696
423.000000000 -0.472694622 0.136148814 -0.178329211 0.002159357 0.023393293 -0.005025503 0.999711376
424.000000000 -0.472560652 0.136182369 -0.178407154 0.002149931 0.023345876 -0.005047392 0.999712395
425.000000000 -0.472622884 0.136107530 -0.178242669 0.002143097 0.023368365 -0.005006165 0.999712091
426.000000000 -0.472541151 0.136195768 -0.178190428 0.002166170 0.023355270 -0.005022456 0.999712266
427.000000000 -0.472647708 0.136165367 -0.178205145 0.002152616 0.023386259 -0.005037800 0.999711493
428.000000000 -0.472593239 0.136128282 -0.178192492 0.002156118 0.023368834 -0.005023544 0.999711965
429.000000000 -0.472704502 0.136100882 -0.178184837 0.002141961 0.023403708 -0.005025541 0.999711169
430.000000000 -0.472656120 0.136146658 -0.178098990 0.002159032 0.023386832 -0.005030430 0.999711503
431.000000000 -0.472758266 0.136212189 -0.178236274 0.002168991 0.023412061 -0.005023237 0.999710927
432.000000000 -0.472662831 0.136156920 -0.178169022 0.002155434 0.023385323 -0.005025212 0.999711572
433.000000000 -0.472846649 0.136160350 -0.178247092 0.002153621 0.023429818 -0.005060017 0.999710359
434.000000000 -0.472716093 0.135891507 -0.178055980 0.002091368 0.023400007 -0.005031202 0.999711335
435.000000000 -0.472744063 0.135997206 -0.178089894 0.002123100 0.023407965 -0.005046737 0.999711003
436.000000000 -0.472691708 0.135841995 -0.177986733 0.002074750 0.023413960 -0.005002499 0.999711187
437.000000000 -0.472743109 0.135903449 -0.178108288 0.002099792 0.023418162 -0.005004494 0.999711026
438.000000000 -0.472671391 0.135907627 -0.178080566 0.002099460 0.023405772 -0.004995759 0.999711361
439.000000000 -0.472659733 0.136044425 -0.178105919 0.002142461 0.023399552 -0.005019724 0.999711295
440.000000000 -0.472731526 0.136012035 -0.178149197 0.002138588 0.023415022 -0.005001138 0.999711034
441.000000000 -0.472738401 0.136103789 -0.178177540 0.002162314 0.023424593 -0.005036958 0.999710579
442.000000000 -0.472633338 0.135891636 -0.178047477 0.002095024 0.023406564 -0.004976187 0.999711449
443.000000000 -0.472780359 0.136079153 -0.178312986 0.002161473 0.023420337 -0.005000939 0.999710861
444.000000000 -0.472737130 0.136206012 -0.178296499 0.002200431 0.023416217 -0.005012308 0.999710816
445.000000000 -0.472794117 0.136193423 -0.178317536 0.002194899 0.023421234 -0.005028939 0.999710627
446.000000000 -0.472759515 0.136215508 -0.178347132 0.002194570 0.023414873 -0.005042064 0.999710711
447.000000000 -0.472732431 0.136179442 -0.178279659 0.002190626 0.023414860 -0.005045513 0.999710702
448.000000000 -0.472755377 0.136190822 -0.178380418 0.002197988 0.023400974 -0.005027866 0.999711100
449.000000000 -0.472792351 0.136210448 -0.178399973 0.002201392 0.023416643 -0.005028134 0.999710724
450.000000000 -0.472697311 0.136132434 -0.178300363 0.002174437 0.023389124 -0.005027641 0.999711430
451.000000000 -0.472868104 0.136246592 -0.178456594 0.002192683 0.023439332 -0.005016949 0.999710268
452.000000000 -0.472804900 0.136237521 -0.178368522 0.002199893 0.023424522 -0.005033372 0.999710517
453.000000000 -0.472855827 0.136197638 -0.178350478 0.002190762 0.023439811 -0.005028148 0.999710205
454.000000000 -0.472825497 0.136219984 -0.178381528 0.002196615 0.023428256 -0.005039792 0.999710404
455.000000000 -0.472791752 0.136131116 -0.178305342 0.002167999 0.023419858 -0.005022716 0.999710749
456.000000000 -0.472758618 0.136049080 -0.178257624 0.002131310 0.023419225 -0.005015618 0.999710879
457.000000000 -0.472830332 0.136217491 -0.178342582 0.002187240 0.023428207 -0.005041041 0.999710420
458.000000000 -0.472822257 0.136124516 -0.178261076 0.002170042 0.023428545 -0.005012786 0.999710591
459.000000000 -0.472803262 0.136102501 -0.178243925 0.002175862 0.023425217 -0.005011128 0.999710665
460.000000000 -0.472805847 0.136047886 -0.178269339 0.002143044 0.023429117 -0.005010568 0.999710647
461.000000000 -0.472961510 0.136122498 -0.178383553 0.002157353 0.023466004 -0.005006859 0.999709770
462.000000000 -0.472966665 0.136177214 -0.178378878 0.002169301 0.023465410 -0.005015466 0.999709715
463.000000000 -0.472986263 0.136165516 -0.178352752 0.002169168 0.023471260 -0.004994655 0.999709682
464.000000000 -0.472889805 0.136257104 -0.178361450 0.002188020 0.023446366 -0.005018685 0.999710105
465.000000000 -0.472966320 0.136260759 -0.178437831 0.002191907 0.023466427 -0.005008762 0.999709675
466.000000000 -0.472888393 0.136220117 -0.178342556 0.002183139 0.023450104 -0.004965665 0.999710292
467.000000000 -0.473010556 0.136199894 -0.178347181 0.002176818 0.023480805 -0.004990335 0.999709463
468.000000000 -0.472967033 0.136242972 -0.178370095 0.002201492 0.023463311 -0.004976346 0.999709889
469.000000000 -0.473107763 0.136264920 -0.178467262 0.002209264 0.023497804 -0.004975097 0.999709068
470.000000000 -0.473188753 0.136422556 -0.178517959 0.002244131 0.023522539 -0.005007387 0.999708247
471.000000000 -0.473108059 0.136267744 -0.178404050 0.002194792 0.023505741 -0.004995999 0.999708809
472.000000000 -0.473130620 0.136144254 -0.178602182 0.002177561 0.023499720 -0.004981701 0.999709060
473.000000000 -0.473193824 0.136250201 -0.178620498 0.002201829 0.023521539 -0.004999556 0.999708404
474.000000000 -0.473176299 0.136138257 -0.178597828 0.002167697 0.023518920 -0.004970837 0.999708684
475.000000000 -0.473172372 0.136170133 -0.178587293 0.002183319 0.023517296 -0.004975100 0.999708667
476.000000000 -0.473190088 0.136214424 -0.178611261 0.002183669 0.023521275 -0.004982896 0.999708534
477.000000000 -0.473119053 0.136132242 -0.178422722 0.002141591 0.023515596 -0.004951330 0.999708915
478.000000000 -0.473127765 0.135679835 -0.178510723 0.002009583 0.023513798 -0.004884067 0.999709562
479.000000000 -0.473245139 0.135611994 -0.178591882 0.001977271 0.023542446 -0.004882929 0.999708958
480.000000000 -0.473167422 0.135585656 -0.178551083 0.001977832 0.023519541 -0.004870579 0.999709556
481.000000000 -0.473162509 0.135706013 -0.178624142 0.002002865 0.023509425 -0.004904951 0.999709576
482.000000000 -0.473175565 0.135670341 -0.178607017 0.002003337 0.023516149 -0.004862292 0.999709626
483.000000000 -0.473202275 0.135523186 -0.178633315 0.001943693 0.023520779 -0.004835867 0.999709763
484.000000000 -0.473125400 0.135758265 -0.178497507 0.002018600 0.023510952 -0.004919818 0.999709436
485.000000000 -0.472752523 0.136349860 -0.178326568 0.002208046 0.023403662 -0.005000947 0.999711150
486.000000000 -0.472735209 0.136283418 -0.178335757 0.002189821 0.023393359 -0.004988628 0.999711493
487.000000000 -0.472812932 0.136232399 -0.178397794 0.002177738 0.023411226 -0.004982535 0.999711131
488.000000000 -0.472836678 0.136268508 -0.178389362 0.002187735 0.023420914 -0.004957563 0.999711007
489.000000000 -0.472972811 0.136306704 -0.178431288 0.002203897 0.023459340 -0.004962011 0.999710048
490.000000000 -0.472961537 0.136436506 -0.178513839 0.002235258 0.023447532 -0.005010547 0.999710014
491.000000000 -0.472965085 0.136459568 -0.178594416 0.002235696 0.023446581 -0.004999246 0.999710091
492.000000000 -0.472862835 0.136381193 -0.178471798 0.002214564 0.023428101 -0.005000656 0.999710565
493.000000000 -0.473084013 0.136181438 -0.178500685 0.002162707 0.023482076 -0.004985537 0.999709487
494.000000000 -0.473103640 0.136148006 -0.178452431 0.002154545 0.023491557 -0.004968359 0.999709368
495.000000000 -0.473305813 0.136382342 -0.178673824 0.002215119 0.023530891 -0.005006961 0.999708118
496.000000000 -0.473108767 0.136299313 -0.178565897 0.002187265 0.023490884 -0.004964187 0.999709333
497.000000000 -0.473101698 0.136271724 -0.178475877 0.002183575 0.023491070 -0.004970965 0.999709303
498.000000000 -0.473219481 0.136213393 -0.178520929 0.002166328 0.023521939 -0.004955408 0.999708692
499.000000000 -0.473287226 0.136232406 -0.178521609 0.002165949 0.023544445 -0.004983695 0.999708023
500.000000000 -0.473082022 0.136282801 -0.178557490 0.002179079 0.023481299 -0.004977326 0.999709511
501.000000000 -0.473329362 0.136457721 -0.178732022 0.002224704 0.023539562 -0.004998562 0.999707934
502.000000000 -0.473257535 0.136352832 -0.178604234 0.002197087 0.023526825 -0.004996002 0.999708308
503.000000000 -0.473201897 0.136280418 -0.178524331 0.002171191 0.023514930 -0.004984406 0.999708702
504.000000000 -0.473032789 0.136183926 -0.178439818 0.002143354 0.023466276 -0.005007175 0.999709792
505.000000000 -0.473083626 0.136253458 -0.178495169 0.002168297 0.023474950 -0.005014245 0.999709499
506.000000000 -0.473201153 0.136072760 -0.178378895 0.002110562 0.023511294 -0.005010139 0.999708789
507.000000000 -0.473264187 0.136318682 -0.178528111 0.002188308 0.023511930 -0.005033604 0.999708489
508.000000000 -0.473221177 0.136116586 -0.178455557 0.002134795 0.023513797 -0.004996874 0.999708745
509.000000000 -0.473205051 0.136085852 -0.178424855 0.002129188 0.023512675 -0.004984524 0.999708845
510.000000000 -0.473241045 0.135671538 -0.178259370 0.002023356 0.023519860 -0.004947522 0.999709080
511.000000000 -0.473328433 0.135732503 -0.178383061 0.002050295 0.023535275 -0.004915254 0.999708821
512.000000000 -0.473132578 0.135778826 -0.178353612 0.002061728 0.023482852 -0.004944963 0.999709884
513.000000000 -0.473210921 0.135855824 -0.178354012 0.002082097 0.023504417 -0.004953407 0.999709293
514.000000000 -0.473050342 0.135794000 -0.178261773 0.002066929 0.023460360 -0.004948150 0.999710386
515.000000000 -0.473127228 0.135946578 -0.178333526 0.002117066 0.023480769 -0.004935346 0.999709865
516.000000000 -0.473087673 0.135996114 -0.178283453 0.002129634 0.023470371 -0.004945151 0.999710034
517.000000000 -0.473132516 0.135993587 -0.178367337 0.002135092 0.023471838 -0.004952670 0.999709951
518.000000000 -0.473195692 0.136012484 -0.178444074 0.002136979 0.023480157 -0.004948655 0.999709771
519.000000000 -0.473112810 0.135995905 -0.178402618 0.002125189 0.023458552 -0.004971788 0.999710189
520.000000000 -0.473177958 0.136082086 -0.178428102 0.002164989 0.023483625 -0.004957551 0.999709585
521.000000000 -0.473127644 0.136041776 -0.178365692 0.002144920 0.023479663 -0.004969301 0.999709663
522.000000000 -0.473191988 0.135911186 -0.178401765 0.002111336 0.023500452 -0.004930803 0.999709437
523.000000000 -0.473164811 0.135954129 -0.178401483 0.002121135 0.023495592 -0.004933679 0.999709516
524.000000000 -0.473184236 0.135985568 -0.178444170 0.002140484 0.023505192 -0.004927797 0.999709278
525.000000000 -0.473110935 0.136023362 -0.178334726 0.002145029 0.023487038 -0.004939326 0.999709638
526.000000000 -0.473100151 0.136145243 -0.178402142 0.002174769 0.023483809 -0.004966649 0.999709515
527.000000000 -0.472881316 0.136088361 -0.178293257 0.002155634 0.023435312 -0.004949689 0.999710778
528.000000000 -0.472806283 0.136132484 -0.178247862 0.002162815 0.023407700 -0.004995324 0.999711183
529.000000000 -0.472895466 0.136122816 -0.178245367 0.002161385 0.023431448 -0.004989050 0.999710661
530.000000000 -0.472995364 0.135982536 -0.178265761 0.002134948 0.023456731 -0.004924602 0.999710444
531.000000000 -0.472850955 0.136075723 -0.178198621 0.002137327 0.023432592 -0.004954757 0.999710856
532.000000000 -0.472980079 0.136196362 -0.178380869 0.002185742 0.023451810 -0.004963475 0.999710258
533.000000000 -0.472904901 0.136259868 -0.178384766 0.002199884 0.023440638 -0.004975801 0.999710427
534.000000000 -0.472839720 0.136345453 -0.178381934 0.002228831 0.023425555 -0.004981587 0.999710688
535.000000000 -0.472856394 0.136247609 -0.178378042 0.002199156 0.023433490 -0.004985819 0.999710547
536.000000000 -0.472890750 0.136159898 -0.178355173 0.002186977 0.023443279 -0.004942078 0.999710561
537.000000000 -0.472922028 0.136289847 -0.178377509 0.002214587 0.023443585 -0.004968473 0.999710362
538.000000000 -0.472969927 0.136190996 -0.178338349 0.002183099 0.023460861 -0.004953059 0.999710103
539.000000000 -0.472899432 0.136166821 -0.178325780 0.002182430 0.023436147 -0.004952937 0.999710684
540.000000000 -0.472896809 0.136184946 -0.178280914 0.002185498 0.023446538 -0.004934555 0.999710525
541.000000000 -0.472922807 0.136097565 -0.178195409 0.002162828 0.023454058 -0.004931496 0.999710413
542.000000000 -0.473024610 0.135976790 -0.178242517 0.002127080 0.023464514 -0.004922541 0.999710288
543.000000000 -0.472918601 0.136033290 -0.178194479 0.002139260 0.023441357 -0.004924926 0.999710794
544.000000000 -0.472961488 0.136016589 -0.178115516 0.002141172 0.023460997 -0.004926773 0.999710320
545.000000000 -0.472985219 0.136124905 -0.178141631 0.002167042 0.023467479 -0.004955513 0.999709970
546.000000000 -0.472848756 0.136048219 -0.178073122 0.002135821 0.023430055 -0.004947493 0.999710955
547.000000000 -0.472974073 0.136067330 -0.178227289 0.002150394 0.023455297 -0.004955016 0.999710294
548.000000000 -0.472972061 0.135856021 -0.178238726 0.002086914 0.023447239 -0.004947111 0.999710657
549.000000000 -0.473097494 0.135981390 -0.178283477 0.002120541 0.023478392 -0.004938862 0.999709896
550.000000000 -0.473067255 0.135981520 -0.178260409 0.002122498 0.023470362 -0.004940839 0.999710071
551.000000000 -0.473079420 0.135946925 -0.178298630 0.002118148 0.023470948 -0.004919405 0.999710172
552.000000000 -0.472953571 0.135878549 -0.178219771 0.002100682 0.023437150 -0.004918967 0.999711004
553.000000000 -0.473004098 0.135942385 -0.178247075 0.002120756 0.023446885 -0.004909345 0.999710780
554.000000000 -0.473094238 0.135899526 -0.178226909 0.002097754 0.023464444 -0.004911827 0.999710405
555.000000000 -0.473097892 0.135799579 -0.178185962 0.002070441 0.023471998 -0.004886664 0.999710408
556.000000000 -0.473230725 0.135781159 -0.178140118 0.002062806 0.023506559 -0.004878981 0.999709649
557.000000000 -0.473306181 0.135678528 -0.178119894 0.002044103 0.023522997 -0.004847732 0.999709453
558.000000000 -0.473235883 0.135756007 -0.178149914 0.002066270 0.023490606 -0.004839704 0.999710208
559.000000000 -0.474318448 0.136288303 -0.177540899 0.002095071 0.023466938 -0.004228011 0.999713478
560.000000000 -0.474460056 0.135662499 -0.178737247 0.001961748 0.023504572 -0.004286221 0.999712616
561.000000000 -0.474453793 0.135644308 -0.178747068 0.001938989 0.023512423 -0.004256132 0.999712605
562.000000000 -0.474778545 0.135746210 -0.179249736 0.001964432 0.023577854 -0.004256720 0.999711011
563.000000000 -0.474760880 0.135760756 -0.179271233 0.001982785 0.023566618 -0.004234803 0.999711333
564.000000000 -0.474755404 0.135744220 -0.179214790 0.001977999 0.023568587 -0.004198588 0.999711449
565.000000000 -0.474648833 0.135732043 -0.179041877 0.001994782 0.023543427 -0.004267021 0.999711719
566.000000000 -0.474661744 0.135711211 -0.179038780 0.001968725 0.023568197 -0.004268560 0.999711180
567.000000000 -0.474663306 0.135724632 -0.179072681 0.001970498 0.023564883 -0.004243376 0.999711362
568.000000000 -0.474672883 0.135732300 -0.179048446 0.001971191 0.023567299 -0.004277677 0.999711157
569.000000000 -0.474680216 0.135709284 -0.179028801 0.001958179 0.023574608 -0.004276554 0.999711015
570.000000000 -0.474682314 0.135722083 -0.179085012 0.001973446 0.023571957 -0.004270787 0.999711073
571.000000000 -0.474670927 0.135731460 -0.179129623 0.001982948 0.023564741 -0.004231038 0.999711393
572.000000000 -0.474733966 0.135714665 -0.179158919 0.001982979 0.023584047 -0.004232331 0.999710932
573.000000000 -0.474760168 0.135715726 -0.179179236 0.001980650 0.023596045 -0.004252431 0.999710568
574.000000000 -0.474776986 0.135685253 -0.179208057 0.001967772 0.023597467 -0.004230711 0.999710652
575.000000000 -0.474773193 0.135706627 -0.179265376 0.001981745 0.023586915 -0.004240459 0.999710833
576.000000000 -0.474788873 0.135682656 -0.179286258 0.001967892 0.023585511 -0.004266594 0.999710782
577.000000000 -0.474775273 0.135672527 -0.179258198 0.001977119 0.023575994 -0.004259857 0.999711017
578.000000000 -0.474760539 0.135640156 -0.179216919 0.001951771 0.023589069 -0.004255301 0.999710778
579.000000000 -0.474803580 0.135655022 -0.179243206 0.001959549 0.023600976 -0.004243060 0.999710533
580.000000000 -0.474721086 0.135655332 -0.179138468 0.001959231 0.023589369 -0.004248058 0.999710787
581.000000000 -0.474800264 0.135674259 -0.179250800 0.001974010 0.023601722 -0.004238056 0.999710509
582.000000000 -0.474676161 0.135804728 -0.178995923 0.002019289 0.023581560 -0.004262416 0.999710790
583.000000000 -0.474475087 0.135767382 -0.178958273 0.001998779 0.023516300 -0.004297634 0.999712218
584.000000000 -0.474485987 0.135800606 -0.178836343 0.002015955 0.023535730 -0.004301556 0.999711709
585.000000000 -0.474528325 0.135814504 -0.178936344 0.002016864 0.023536814 -0.004309966 0.999711646
586.000000000 -0.474518105 0.135785733 -0.178982717 0.001997151 0.023530637 -0.004325103 0.999711765
587.000000000 -0.474517223 0.135838046 -0.178885425 0.002033885 0.023533832 -0.004287239 0.999711779
588.000000000 -0.474561361 0.135822023 -0.179018756 0.002029409 0.023534884 -0.004310718 0.999711663
589.000000000 -0.474581044 0.135868557 -0.178917155 0.002048719 0.023549026 -0.004294668 0.999711359
590.000000000 -0.474544714 0.135872071 -0.178843774 0.002049531 0.023538744 -0.004306011 0.999711551
591.000000000 -0.474579462 0.135871926 -0.178889476 0.002047608 0.023556446 -0.004291474 0.999711201
592.000000000 -0.474540756 0.135874959 -0.178879355 0.002049880 0.023537888 -0.004322410 0.999711500
593.000000000 -0.474443167 0.135834199 -0.178723217 0.002031396 0.023522081 -0.004302583 0.999711995
594.000000000 -0.474515263 0.135862607 -0.178818487 0.002041938 0.023530496 -0.004292557 0.999711819
595.000000000 -0.474480681 0.135919214 -0.178871930 0.002055255 0.023497989 -0.004388968 0.999712137
596.000000000 -0.474434043 0.135832950 -0.178730131 0.002014470 0.023504472 -0.004373788 0.999712134
597.000000000 -0.474424575 0.135873083 -0.178685530 0.002044070 0.023514528 -0.004319576 0.999712074
598.000000000 -0.474518932 0.135901964 -0.178876469 0.002058080 0.023525638 -0.004339722 0.999711696
599.000000000 -0.474478034 0.135861873 -0.178736369 0.002044343 0.023529622 -0.004315543 0.999711735
600.000000000 -0.474460479 0.135890467 -0.178769210 0.002045092 0.023522429 -0.004346323 0.999711770
601.000000000 -0.474549533 0.135913060 -0.178819307 0.002065899 0.023535840 -0.004308067 0.999711577
602.000000000 -0.474487556 0.135693257 -0.178865198 0.002001698 0.023529982 -0.004257982 0.999712060
603.000000000 -0.474499606 0.135726798 -0.178983568 0.002012570 0.023515947 -0.004269616 0.999712319
604.000000000 -0.474504267 0.135772683 -0.179020941 0.002029623 0.023511491 -0.004275443 0.999712364
605.000000000 -0.474460287 0.135752785 -0.178993267 0.002021038 0.023494328 -0.004268198 0.999712816
606.000000000 -0.474432745 0.135737595 -0.178952947 0.002015479 0.023485342 -0.004279589 0.999712990
607.000000000 -0.474368302 0.135702579 -0.178872977 0.002002788 0.023467814 -0.004295862 0.999713357
608.000000000 -0.474180031 0.135564452 -0.178900846 0.001966284 0.023415560 -0.004247784 0.999714860
609.000000000 -0.474118953 0.135632499 -0.178800035 0.001975569 0.023400733 -0.004305186 0.999714943
610.000000000 -0.474166564 0.135645243 -0.178900904 0.001973962 0.023398654 -0.004294482 0.999715041
611.000000000 -0.474245323 0.135667905 -0.179008276 0.001987680 0.023418571 -0.004285870 0.999714585
612.000000000 -0.474130103 0.135628329 -0.178840218 0.001980083 0.023397330 -0.004270514 0.999715163
613.000000000 -0.474095787 0.135623939 -0.178780849 0.001973058 0.023394007 -0.004271075 0.999715252
614.000000000 -0.474220145 0.135638361 -0.178954870 0.001988854 0.023412858 -0.004250236 0.999714868
615.000000000 -0.474216272 0.135723600 -0.178984004 0.002023008 0.023415772 -0.004245775 0.999714751
616.000000000 -0.474216850 0.135696003 -0.178997336 0.002010932 0.023418418 -0.004241876 0.999714729
617.000000000 -0.474136401 0.135628589 -0.178889579 0.001990099 0.023394233 -0.004237792 0.999715355
618.000000000 -0.474192653 0.135682224 -0.178920562 0.002008358 0.023411227 -0.004240453 0.999714909
619.000000000 -0.474278487 0.135706256 -0.179045307 0.002015847 0.023420821 -0.004243318 0.999714657
620.000000000 -0.474159524 0.135684745 -0.178931025 0.002017819 0.023398016 -0.004242567 0.999715190
621.000000000 -0.474156156 0.135596164 -0.178867473 0.001945310 0.023416722 -0.004331633 0.999714514
622.000000000 -0.474155055 0.135664487 -0.178862440 0.001979392 0.023420736 -0.004335302 0.999714337
623.000000000 -0.474221216 0.135605862 -0.178913014 0.001960541 0.023443957 -0.004311420 0.999713933
624.000000000 -0.474124033 0.135658833 -0.178843445 0.001974829 0.023423842 -0.004351496 0.999714203
625.000000000 -0.474191869 0.135679954 -0.178918800 0.001985966 0.023434763 -0.004358329 0.999713895
626.000000000 -0.474172358 0.135642091 -0.178934841 0.001976740 0.023426293 -0.004353483 0.999714133
627.000000000 -0.474153104 0.135627669 -0.178928806 0.001970810 0.023413463 -0.004347274 0.999714473
628.000000000 -0.474220467 0.135669064 -0.179023699 0.001986746 0.023428453 -0.004368222 0.999713999
629.000000000 -0.474178024 0.135728539 -0.178996547 0.002019611 0.023423705 -0.004360397 0.999714078
630.000000000 -0.474198044 0.135575695 -0.178940097 0.001991476 0.023434518 -0.004261100 0.999714309
631.000000000 -0.474157959 0.135587287 -0.178860195 0.001995811 0.023434530 -0.004261539 0.999714299
632.000000000 -0.474175222 0.135467989 -0.178819756 0.001944731 0.023446835 -0.004247999 0.999714168
633.000000000 -0.474257189 0.135571878 -0.178979893 0.001981501 0.023456250 -0.004272310 0.999713772
634.000000000 -0.474234775 0.135587778 -0.178937579 0.001988029 0.023449699 -0.004287158 0.999713849
635.000000000 -0.474113419 0.135471617 -0.178832266 0.001940602 0.023406169 -0.004234350 0.999715187
636.000000000 -0.474098732 0.135496430 -0.178837430 0.001947092 0.023398753 -0.004217512 0.999715419
637.000000000 -0.474102441 0.135465449 -0.178809148 0.001941341 0.023404801 -0.004211575 0.999715314
638.000000000 -0.474162301 0.135467056 -0.178848496 0.001944313 0.023423212 -0.004199428 0.999714928
639.000000000 -0.474060278 0.135488442 -0.178773493 0.001948289 0.023395818 -0.004230001 0.999715433
640.000000000 -0.474080686 0.135495040 -0.178744146 0.001954455 0.023404887 -0.004197097 0.999715347
641.000000000 -0.474090211 0.135464426 -0.178755936 0.001942043 0.023408811 -0.004219749 0.999715184
642.000000000 -0.474092801 0.135467502 -0.178732430 0.001945263 0.023415344 -0.004201231 0.999715103
643.000000000 -0.474120031 0.135471274 -0.178793733 0.001946716 0.023421145 -0.004199092 0.999714973
644.000000000 -0.474136939 0.135473541 -0.178832703 0.001944270 0.023412197 -0.004211980 0.999715133
645.000000000 -0.474209383 0.135540890 -0.178980901 0.001962336 0.023417636 -0.004226626 0.999714909
646.000000000 -0.474268195 0.135548250 -0.179107611 0.001960449 0.023422832 -0.004240547 0.999714732
647.000000000 -0.474175546 0.135502477 -0.178937661 0.001940560 0.023416204 -0.004253353 0.999714872
648.000000000 -0.474207715 0.135515011 -0.178961879 0.001947986 0.023423917 -0.004236055 0.999714750
649.000000000 -0.474324654 0.135498955 -0.179077722 0.001942278 0.023451925 -0.004213836 0.999714198
650.000000000 -0.474202317 0.135544275 -0.178961764 0.001961562 0.023418986 -0.004249154 0.999714783
651.000000000 -0.474221443 0.135444961 -0.178888061 0.001925816 0.023437675 -0.004221914 0.999714530
652.000000000 -0.474216918 0.135464533 -0.178888976 0.001934061 0.023433436 -0.004243269 0.999714523
653.000000000 -0.474206078 0.135487017 -0.178975490 0.001941104 0.023419840 -0.004229333 0.999714887
654.000000000 -0.474339050 0.135499632 -0.179081895 0.001955124 0.023460097 -0.004197564 0.999714050
655.000000000 -0.474366832 0.135529423 -0.179166810 0.001959579 0.023455750 -0.004228047 0.999714015
656.000000000 -0.474357889 0.135456893 -0.179129387 0.001933958 0.023467504 -0.004198186 0.999713915
657.000000000 -0.474328488 0.135464248 -0.179086165 0.001931852 0.023465319 -0.004206065 0.999713937
658.000000000 -0.474321727 0.135368479 -0.179027478 0.001900914 0.023465087 -0.004159535 0.999714196
659.000000000 -0.474351348 0.135376628 -0.179062767 0.001898026 0.023471405 -0.004171246 0.999714005
660.000000000 -0.474399547 0.135466859 -0.179194398 0.001936622 0.023468208 -0.004174054 0.999713994
661.000000000 -0.474343485 0.135472472 -0.179109537 0.001939952 0.023458289 -0.004167665 0.999714247
662.000000000 -0.474227594 0.135408194 -0.178996409 0.001917026 0.023424072 -0.004176028 0.999715059
663.000000000 -0.474313438 0.135446567 -0.179110516 0.001921840 0.023450650 -0.004201653 0.999714319
664.000000000 -0.474245639 0.135464311 -0.178991094 0.001938160 0.023439181 -0.004190088 0.999714605
665.000000000 -0.474316261 0.135435395 -0.179119174 0.001929296 0.023446913 -0.004166786 0.999714538
666.000000000 -0.474285055 0.135461638 -0.179078966 0.001933253 0.023440780 -0.004213728 0.999714478
667.000000000 -0.474318858 0.135433995 -0.179144847 0.001917347 0.023448144 -0.004184470 0.999714459
668.000000000 -0.474302077 0.135443547 -0.179118913 0.001923365 0.023449537 -0.004181428 0.999714427
669.000000000 -0.474280120 0.135419451 -0.179075264 0.001917803 0.023445442 -0.004171476 0.999714575
670.000000000 -0.474251188 0.135447944 -0.179046551 0.001929450 0.023442344 -0.004212184 0.999714455
671.000000000 -0.474218274 0.135456969 -0.178957727 0.001927499 0.023437884 -0.004208288 0.999714580
672.000000000 -0.474244203 0.135433157 -0.179030629 0.001926212 0.023436654 -0.004190913 0.999714684
673.000000000 -0.474244068 0.135443899 -0.179059104 0.001931734 0.023434719 -0.004183225 0.999714751
674.000000000 -0.474290119 0.135476406 -0.179141406 0.001935659 0.023443230 -0.004207918 0.999714440
675.000000000 -0.474270532 0.135453568 -0.179132773 0.001924353 0.023430260 -0.004191818 0.999714834
676.000000000 -0.474373828 0.135468322 -0.179265318 0.001937240 0.023450736 -0.004180396 0.999714376
677.000000000 -0.474411255 0.135530658 -0.179297277 0.001955918 0.023459593 -0.004201647 0.999714043
678.000000000 -0.474447796 0.135511027 -0.179370420 0.001943079 0.023457156 -0.004214324 0.999714072
679.000000000 -0.474409275 0.135487907 -0.179280496 0.001936120 0.023463750 -0.004209306 0.999713952
680.000000000 -0.474393612 0.135491512 -0.179243542 0.001934090 0.023461027 -0.004201822 0.999714051
681.000000000 -0.474419044 0.135507624 -0.179381420 0.001944237 0.023449833 -0.004190884 0.999714340
682.000000000 -0.474385591 0.135488123 -0.179261026 0.001933001 0.023460576 -0.004195316 0.999714091
683.000000000 -0.474456954 0.135498510 -0.179388758 0.001931286 0.023464787 -0.004213665 0.999713919
684.000000000 -0.474446746 0.135486679 -0.179376321 0.001927022 0.023466685 -0.004207039 0.999713910
685.000000000 -0.474283423 0.135483430 -0.179274432 0.001922251 0.023407205 -0.004211381 0.999715295
686.000000000 -0.474298995 0.135464224 -0.179223234 0.001925418 0.023414342 -0.004189899 0.999715212
687.000000000 -0.474273499 0.135455926 -0.179196383 0.001916299 0.023405376 -0.004213070 0.999715343
688.000000000 -0.474338311 0.135506072 -0.179268986 0.001941686 0.023428690 -0.004203892 0.999714786
689.000000000 -0.474299337 0.135472064 -0.179200187 0.001927055 0.023422783 -0.004198331 0.999714976
690.000000000 -0.474362373 0.135527601 -0.179297209 0.001942334 0.023432077 -0.004213618 0.999714665
691.000000000 -0.474374563 0.135507737 -0.179331016 0.001933699 0.023431198 -0.004198204 0.999714767
692.000000000 -0.474308459 0.135512940 -0.179223786 0.001935493 0.023417700 -0.004218917 0.999714992
693.000000000 -0.474273396 0.135493535 -0.179158362 0.001927196 0.023417628 -0.004225610 0.999714982
694.000000000 -0.474151491 0.135454817 -0.178964822 0.001912121 0.023396053 -0.004222461 0.999715529
695.000000000 -0.474231971 0.135478719 -0.179163235 0.001923605 0.023396211 -0.004232012 0.999715463
696.000000000 -0.474198700 0.135513320 -0.179084778 0.001934391 0.023393925 -0.004249479 0.999715422
697.000000000 -0.474239745 0.135509021 -0.179166953 0.001931049 0.023402089 -0.004273145 0.999715136
698.000000000 -0.474128927 0.135423104 -0.179005665 0.001908653 0.023377891 -0.004244662 0.999715867
699.000000000 -0.474229670 0.135469872 -0.179155235 0.001916717 0.023404448 -0.004234752 0.999715272
700.000000000 -0.474219581 0.135491151 -0.179171917 0.001928916 0.023398115 -0.004253374 0.999715318
701.000000000 -0.474283329 0.135534853 -0.179222012 0.001944701 0.023412694 -0.004253384 0.999714946
702.000000000 -0.474175135 0.135495602 -0.179041892 0.001930407 0.023390121 -0.004249704 0.999715517
703.000000000 -0.474150483 0.135499774 -0.179003566 0.001929179 0.023387718 -0.004274389 0.999715471
704.000000000 -0.474086483 0.135456094 -0.178915164 0.001912165 0.023373497 -0.004259217 0.999715901
705.000000000 -0.474123318 0.135471621 -0.178988848 0.001914370 0.023379452 -0.004271179 0.999715706
706.000000000 -0.474154554 0.135499463 -0.179077268 0.001928296 0.023377533 -0.004261267 0.999715767
707.000000000 -0.474064759 0.135485689 -0.178966090 0.001914920 0.023355740 -0.004277318 0.999716233
708.000000000 -0.474038847 0.135493716 -0.178930549 0.001916241 0.023354719 -0.004276884 0.999716256
709.000000000 -0.474031802 0.135448359 -0.178908734 0.001897822 0.023356244 -0.004272117 0.999716276
710.000000000 -0.474041546 0.135488863 -0.178918253 0.001915947 0.023353948 -0.004284510 0.999716242
711.000000000 -0.474024425 0.135492801 -0.178882498 0.001920467 0.023349919 -0.004293629 0.999716289
712.000000000 -0.474071996 0.135465043 -0.178983172 0.001917955 0.023354294 -0.004261900 0.999716327
713.000000000 -0.474011958 0.135477155 -0.178873350 0.001919145 0.023337403 -0.004255119 0.999716748
714.000000000 -0.474125724 0.135516978 -0.179013592 0.001931628 0.023364871 -0.004279499 0.999715978
715.000000000 -0.474163059 0.135518640 -0.179132235 0.001940720 0.023362786 -0.004244719 0.999716158
716.000000000 -0.474114859 0.135503325 -0.179081575 0.001936087 0.023357358 -0.004246000 0.999716288
717.000000000 -0.474137917 0.135542220 -0.179077830 0.001947349 0.023373873 -0.004249493 0.999715865
718.000000000 -0.474223429 0.135554447 -0.179277559 0.001947546 0.023377462 -0.004260036 0.999715736
719.000000000 -0.474165565 0.135497589 -0.179132314 0.001929572 0.023376221 -0.004225019 0.999715949
720.000000000 -0.474145676 0.135541738 -0.179135154 0.001941953 0.023366057 -0.004267505 0.999715982
721.000000000 -0.474017358 0.135554612 -0.178810581 0.001935227 0.023358619 -0.004301443 0.999716023
722.000000000 -0.473939015 0.135513200 -0.178660119 0.001917879 0.023347968 -0.004307692 0.999716279
723.000000000 -0.474008073 0.135562767 -0.178809738 0.001937624 0.023355224 -0.004315854 0.999716036
724.000000000 -0.473999444 0.135468285 -0.178579422 0.001896934 0.023392300 -0.004300558 0.999715313
725.000000000 -0.474061195 0.135447392 -0.178586760 0.001892665 0.023408570 -0.004293930 0.999714969
726.000000000 -0.473939109 0.135458929 -0.178403694 0.001890302 0.023389698 -0.004310220 0.999715345
727.000000000 -0.473927725 0.135476618 -0.178349866 0.001900033 0.023385225 -0.004292331 0.999715508
728.000000000 -0.473929537 0.135488865 -0.178403559 0.001900168 0.023392429 -0.004307300 0.999715275
729.000000000 -0.473899352 0.135506076 -0.178378688 0.001910597 0.023381293 -0.004318241 0.999715468
730.000000000 -0.473893539 0.135364641 -0.178271637 0.001853021 0.023389200 -0.004296389 0.999715486
731.000000000 -0.473898021 0.135330279 -0.178295847 0.001846570 0.023390365 -0.004261920 0.999715618
732.000000000 -0.473852023 0.135318258 -0.178224637 0.001840851 0.023384118 -0.004275707 0.999715716
733.000000000 -0.473896925 0.135456055 -0.178398195 0.001893604 0.023384008 -0.004293761 0.999715543
734.000000000 -0.473863674 0.135349685 -0.178301966 0.001852875 0.023381120 -0.004263041 0.999715818
735.000000000 -0.473908609 0.135422536 -0.178393689 0.001869749 0.023392233 -0.004287773 0.999715421
736.000000000 -0.473856772 0.135449796 -0.178349134 0.001882944 0.023376081 -0.004278041 0.999715815
737.000000000 -0.473863945 0.135437947 -0.178349527 0.001873105 0.023374829 -0.004320971 0.999715679
738.000000000 -0.473891418 0.135387093 -0.178321513 0.001859233 0.023388395 -0.004290692 0.999715518
739.000000000 -0.473891762 0.135347994 -0.178309900 0.001857116 0.023388525 -0.004252196 0.999715683
740.000000000 -0.473880332 0.135411264 -0.178306383 0.001875843 0.023383176 -0.004282697 0.999715643
741.000000000 -0.473810677 0.135340501 -0.178168369 0.001847909 0.023378516 -0.004274546 0.999715839
742.000000000 -0.473906474 0.135378944 -0.178320398 0.001857345 0.023392568 -0.004263692 0.999715539
743.000000000 -0.473838945 0.135395173 -0.178192357 0.001853994 0.023390774 -0.004288162 0.999715483
744.000000000 -0.473928664 0.135423203 -0.178370337 0.001865142 0.023397370 -0.004277647 0.999715353
745.000000000 -0.473949863 0.135479779 -0.178468033 0.001873664 0.023400269 -0.004350237 0.999714955
746.000000000 -0.473952611 0.135471010 -0.178385202 0.001868277 0.023402725 -0.004366555 0.999714837
747.000000000 -0.473973705 0.135460098 -0.178415448 0.001861895 0.023403946 -0.004352433 0.999714882
748.000000000 -0.473903059 0.135439689 -0.178331041 0.001859303 0.023391882 -0.004343280 0.999715209
749.000000000 -0.473953168 0.135462767 -0.178447713 0.001875580 0.023387963 -0.004329645 0.999715329
750.000000000 -0.474009536 0.135442808 -0.178600648 0.001869787 0.023388171 -0.004328786 0.999715339
751.000000000 -0.474007070 0.135452496 -0.178589518 0.001873352 0.023386696 -0.004330912 0.999715358
752.000000000 -0.473973203 0.135496616 -0.178570758 0.001899606 0.023377422 -0.004337289 0.999715497
753.000000000 -0.473915089 0.135469119 -0.178532683 0.001879713 0.023355564 -0.004377222 0.999715872
754.000000000 -0.473818053 0.135434428 -0.178295207 0.001863756 0.023361437 -0.004352031 0.999715874
755.000000000 -0.473851911 0.135452245 -0.178412394 0.001861950 0.023358869 -0.004387588 0.999715782
756.000000000 -0.473756625 0.135423342 -0.178216394 0.001854740 0.023349466 -0.004365861 0.999716111
757.000000000 -0.473791471 0.135447683 -0.178340362 0.001851206 0.023341105 -0.004409357 0.999716121
758.000000000 -0.473814092 0.135444400 -0.178323257 0.001847808 0.023352886 -0.004387955 0.999715947
759.000000000 -0.473824322 0.135463760 -0.178361227 0.001850027 0.023348890 -0.004414345 0.999715920
760.000000000 -0.473805982 0.135470815 -0.178393836 0.001858822 0.023332120 -0.004419770 0.999716271
761.000000000 -0.473705048 0.135484741 -0.178267479 0.001851237 0.023303842 -0.004473823 0.999716704
762.000000000 -0.473789951 0.135466453 -0.178402137 0.001852848 0.023326007 -0.004409842 0.999716469
763.000000000 -0.473828798 0.135484777 -0.178448535 0.001854692 0.023338725 -0.004436195 0.999716052
764.000000000 -0.473886399 0.135642782 -0.178534918 0.001907193 0.023347967 -0.004521877 0.999715353
765.000000000 -0.473887382 0.135701543 -0.178511849 0.001932650 0.023349236 -0.004547652 0.999715158
766.000000000 -0.474054597 0.135557926 -0.178680436 0.001869947 0.023407585 -0.004491545 0.999714166
767.000000000 -0.474073680 0.135552353 -0.178711585 0.001864053 0.023407651 -0.004483293 0.999714213
768.000000000 -0.474073211 0.135580133 -0.178680050 0.001880655 0.023407482 -0.004476852 0.999714215
769.000000000 -0.474025296 0.135547524 -0.178607044 0.001867897 0.023401657 -0.004453788 0.999714478
770.000000000 -0.474079862 0.135551522 -0.178719543 0.001874322 0.023404707 -0.004462915 0.999714354
771.000000000 -0.474087234 0.135588704 -0.178752112 0.001879277 0.023398069 -0.004480214 0.999714422
772.000000000 -0.474182201 0.135617325 -0.178887128 0.001895225 0.023418830 -0.004468993 0.999713956
773.000000000 -0.474110034 0.135535605 -0.178753610 0.001864134 0.023413355 -0.004465605 0.999714158
774.000000000 -0.474115859 0.135548265 -0.178766562 0.001861376 0.023417874 -0.004457956 0.999714092
775.000000000 -0.474078460 0.135484127 -0.178640677 0.001841969 0.023416403 -0.004438833 0.999714247
776.000000000 -0.474083196 0.135490228 -0.178661958 0.001846015 0.023417679 -0.004440534 0.999714202
777.000000000 -0.474191596 0.135532520 -0.178871498 0.001875660 0.023432256 -0.004425666 0.999713871
778.000000000 -0.474230648 0.135537926 -0.178918402 0.001874080 0.023444579 -0.004440924 0.999713518
779.000000000 -0.474153189 0.135516890 -0.178803295 0.001864995 0.023432181 -0.004432355 0.999713864
780.000000000 -0.474130688 0.135484359 -0.178705038 0.001860476 0.023437702 -0.004440261 0.999713707
781.000000000 -0.474138862 0.135508202 -0.178789985 0.001867409 0.023432398 -0.004426202 0.999713881
782.000000000 -0.474105375 0.135498485 -0.178755698 0.001874223 0.023422878 -0.004417196 0.999714131
783.000000000 -0.474119934 0.135516150 -0.178773867 0.001877249 0.023424478 -0.004424866 0.999714054
784.000000000 -0.474070163 0.135470415 -0.178596495 0.001870530 0.023435281 -0.004396944 0.999713937
785.000000000 -0.474144411 0.135507819 -0.178739505 0.001879706 0.023443835 -0.004405591 0.999713681
786.000000000 -0.474116594 0.135465091 -0.178710161 0.001856544 0.023433443 -0.004411399 0.999713942
787.000000000 -0.474068094 0.135477322 -0.178645242 0.001865208 0.023419801 -0.004423334 0.999714193
788.000000000 -0.474009510 0.135398779 -0.178553667 0.001844374 0.023415670 -0.004406692 0.999714402
789.000000000 -0.474006051 0.135401477 -0.178558377 0.001842745 0.023412323 -0.004408623 0.999714475
790.000000000 -0.473912909 0.135359375 -0.178383372 0.001836405 0.023404695 -0.004377335 0.999714803
791.000000000 -0.473929189 0.135351235 -0.178428260 0.001830729 0.023404229 -0.004370317 0.999714855
792.000000000 -0.473999571 0.135381520 -0.178488119 0.001840133 0.023421972 -0.004376274 0.999714396
793.000000000 -0.474154630 0.135438891 -0.178769612 0.001855487 0.023443367 -0.004374401 0.999713874
794.000000000 -0.474137684 0.135468538 -0.178715127 0.001864039 0.023441469 -0.004397388 0.999713802
795.000000000 -0.474245629 0.135542126 -0.178899961 0.001878214 0.023450431 -0.004425036 0.999713443
796.000000000 -0.474215068 0.135505312 -0.178859205 0.001870783 0.023450085 -0.004417666 0.999713498
797.000000000 -0.474204732 0.135535318 -0.178872846 0.001885733 0.023451235 -0.004407263 0.999713489
798.000000000 -0.474126448 0.135479348 -0.178719350 0.001865689 0.023437854 -0.004422773 0.999713772
799.000000000 -0.474122185 0.135480615 -0.178731182 0.001866089 0.023435637 -0.004420130 0.999713835
800.000000000 -0.474127283 0.135425796 -0.178684546 0.001840252 0.023437879 -0.004384532 0.999713987
801.000000000 -0.474238217 0.135521329 -0.178865036 0.001883894 0.023458628 -0.004361953 0.999713517
802.000000000 -0.474159482 0.135474465 -0.178701636 0.001871942 0.023454564 -0.004368934 0.999713605
803.000000000 -0.474119635 0.135453394 -0.178593559 0.001860924 0.023445254 -0.004369171 0.999713843
804.000000000 -0.474110777 0.135419076 -0.178640069 0.001852969 0.023433741 -0.004350579 0.999714209
805.000000000 -0.474161973 0.135458473 -0.178690964 0.001866220 0.023448970 -0.004338878 0.999713878
806.000000000 -0.474252201 0.135499853 -0.178845083 0.001870961 0.023461307 -0.004345121 0.999713552
807.000000000 -0.474180239 0.135492211 -0.178802274 0.001875483 0.023442024 -0.004375563 0.999713863
808.000000000 -0.474181368 0.135502702 -0.178836728 0.001879272 0.023444354 -0.004376167 0.999713799
809.000000000 -0.474098421 0.135504405 -0.178758935 0.001884150 0.023421470 -0.004369591 0.999714355
810.000000000 -0.474176245 0.135544567 -0.178852830 0.001903397 0.023434438 -0.004344923 0.999714122
811.000000000 -0.474166575 0.135517209 -0.178853176 0.001892500 0.023431075 -0.004366918 0.999714126
812.000000000 -0.474233689 0.135570524 -0.178967925 0.001904500 0.023443394 -0.004388513 0.999713720
813.000000000 -0.474259302 0.135551971 -0.178940477 0.001895081 0.023459065 -0.004367737 0.999713461
814.000000000 -0.474237352 0.135539420 -0.178899678 0.001892528 0.023461082 -0.004364833 0.999713431
815.000000000 -0.474270570 0.135596815 -0.179005986 0.001908571 0.023462471 -0.004388183 0.999713266
816.000000000 -0.474314278 0.135597560 -0.179082024 0.001908094 0.023468006 -0.004364405 0.999713241
817.000000000 -0.474306871 0.135552248 -0.179039591 0.001888429 0.023470168 -0.004367810 0.999713213
818.000000000 -0.474348990 0.135670030 -0.179168735 0.001927668 0.023473732 -0.004425951 0.999712798
819.000000000 -0.474248003 0.135551654 -0.179060661 0.001887303 0.023455019 -0.004396701 0.999713444
820.000000000 -0.474255220 0.135598313 -0.179048052 0.001898138 0.023454871 -0.004421822 0.999713316
821.000000000 -0.474241212 0.135608920 -0.179044315 0.001914902 0.023451155 -0.004406723 0.999713438
822.000000000 -0.474180143 0.135523801 -0.178880340 0.001885892 0.023442136 -0.004360019 0.999713909
823.000000000 -0.474248954 0.135570816 -0.179007023 0.001912779 0.023450563 -0.004361129 0.999713655
824.000000000 -0.474137154 0.135445962 -0.178741116 0.001858444 0.023441281 -0.004370931 0.999713933
825.000000000 -0.474207124 0.135549449 -0.178936572 0.001894272 0.023445835 -0.004390407 0.999713673
826.000000000 -0.474191418 0.135541483 -0.178957693 0.001883770 0.023440926 -0.004423295 0.999713663
827.000000000 -0.474242484 0.135555500 -0.178988349 0.001889131 0.023455229 -0.004417346 0.999713344
828.000000000 -0.474214959 0.135592210 -0.178963362 0.001905932 0.023450267 -0.004419159 0.999713421
829.000000000 -0.474230867 0.135566313 -0.178948525 0.001901567 0.023459627 -0.004391712 0.999713330
830.000000000 -0.474290419 0.135602071 -0.179055040 0.001921453 0.023469562 -0.004369252 0.999713158
831.000000000 -0.474267486 0.135540329 -0.178954943 0.001896312 0.023469447 -0.004378676 0.999713167
832.000000000 -0.474244166 0.135539016 -0.178918346 0.001900105 0.023461255 -0.004361752 0.999713426
833.000000000 -0.474205591 0.135543976 -0.178898498 0.001909255 0.023452535 -0.004362147 0.999713612
834.000000000 -0.474200262 0.135532013 -0.178862604 0.001901777 0.023453976 -0.004375585 0.999713533
835.000000000 -0.474156548 0.135565629 -0.178887678 0.001902016 0.023440368 -0.004407350 0.999713712
836.000000000 -0.474185490 0.135541295 -0.178954776 0.001898112 0.023444751 -0.004398271 0.999713657
837.000000000 -0.474185148 0.135477051 -0.178908538 0.001870163 0.023445559 -0.004378814 0.999713776
838.000000000 -0.474216882 0.135544977 -0.178946772 0.001899897 0.023449897 -0.004399679 0.999713527
839.000000000 -0.474161540 0.135505348 -0.178880581 0.001886063 0.023439890 -0.004415055 0.999713720
840.000000000 -0.474191651 0.135512904 -0.178926933 0.001885332 0.023448283 -0.004407670 0.999713557
841.000000000 -0.474216865 0.135547755 -0.178901768 0.001899692 0.023457913 -0.004412719 0.999713282
842.000000000 -0.474191283 0.135502867 -0.178842182 0.001883432 0.023454885 -0.004402584 0.999713428
843.000000000 -0.474210445 0.135504036 -0.178866788 0.001879462 0.023457331 -0.004411623 0.999713338
844.000000000 -0.474212568 0.135542904 -0.179000040 0.001894141 0.023439045 -0.004416257 0.999713719
845.000000000 -0.474215068 0.135514113 -0.178959305 0.001893517 0.023448823 -0.004392619 0.999713595
846.000000000 -0.474257812 0.135519745 -0.179083244 0.001895306 0.023456481 -0.004383542 0.999713452
847.000000000 -0.474289247 0.135499030 -0.179069227 0.001891833 0.023468001 -0.004358237 0.999713299
848.000000000 -0.474229305 0.135455771 -0.178953474 0.001890584 0.023465562 -0.004325341 0.999713501
849.000000000 -0.474183205 0.135481474 -0.178949410 0.001890930 0.023445977 -0.004359709 0.999713811
850.000000000 -0.474243197 0.135531042 -0.179092819 0.001897678 0.023461133 -0.004389087 0.999713314
851.000000000 -0.474176820 0.135410275 -0.179011689 0.001848798 0.023450787 -0.004390482 0.999713642
852.000000000 -0.474337141 0.136271115 -0.177617484 0.002017149 0.023563051 -0.004445909 0.999710432
853.000000000 -0.472918550 0.134695789 -0.177528930 0.001389503 0.023009339 -0.004143822 0.999725697
854.000000000 -0.472908839 0.134726687 -0.177359388 0.001401552 0.023007786 -0.004212825 0.999725427
855.000000000 -0.472480535 0.135048808 -0.177207134 0.001534393 0.022872679 -0.004288125 0.999728012
856.000000000 -0.472469824 0.135093411 -0.177135439 0.001553050 0.022863645 -0.004323229 0.999728039
857.000000000 -0.474319311 0.136285061 -0.177536401 0.001887931 0.023572826 -0.004698687 0.999709298
858.000000000 -0.474629448 0.136598130 -0.177917149 0.001935685 0.023674816 -0.004779125 0.999706415
859.000000000 -0.473799781 0.137220414 -0.178863698 0.002071582 0.023689212 -0.004987170 0.999704785
860.000000000 -0.473564872 0.136996938 -0.178638961 0.001986421 0.023607487 -0.004909434 0.999707276
861.000000000 -0.474040500 0.137004894 -0.178830846 0.002013365 0.023733071 -0.004831152 0.999704630
862.000000000 -0.474315419 0.136283764 -0.177531445 0.001833343 0.023485981 -0.004654057 0.999711652
863.000000000 -0.474503054 0.136651196 -0.177838394 0.001955001 0.023584655 -0.004660329 0.999709069
864.000000000 -0.474928667 0.137083945 -0.179318346 0.002140368 0.023863078 -0.004748864 0.999701666
865.000000000 -0.475342818 0.137469328 -0.180783381 0.002130669 0.024000046 -0.004840687 0.999697967
866.000000000 -0.475226003 0.137523323 -0.180595658 0.002183832 0.023980463 -0.004904320 0.999698012
867.000000000 -0.475104173 0.137333359 -0.180365684 0.002121290 0.023932792 -0.004845275 0.999699577
868.000000000 -0.474281424 0.136329631 -0.177573562 0.002007313 0.023518219 -0.004720858 0.999710247
869.000000000 -0.474397731 0.136735811 -0.178169348 0.002015228 0.023535590 -0.004782415 0.999709529
870.000000000 -0.474382858 0.136743084 -0.178135642 0.002024078 0.023527035 -0.004772282 0.999709761
871.000000000 -0.474389479 0.136737725 -0.178152659 0.002017230 0.023536912 -0.004803930 0.999709391
872.000000000 -0.474415588 0.136726523 -0.178114285 0.002005314 0.023541967 -0.004767976 0.999709468
873.000000000 -0.474376070 0.136719483 -0.178097597 0.002033841 0.023537931 -0.004801670 0.999709344
874.000000000 -0.474371642 0.136724138 -0.178165440 0.002025160 0.023543072 -0.004797057 0.999709263
875.000000000 -0.474399268 0.136703030 -0.178113748 0.002016707 0.023549601 -0.004821286 0.999709010
876.000000000 -0.474430246 0.136663551 -0.178294050 0.001970275 0.023572431 -0.004829504 0.999708525
877.000000000 -0.474431659 0.136667954 -0.178281051 0.001946684 0.023561296 -0.004759153 0.999709171
878.000000000 -0.474444450 0.136681948 -0.178204313 0.001992341 0.023570835 -0.004801708 0.999708653
879.000000000 -0.474453380 0.136839057 -0.178514061 0.002044297 0.023609087 -0.004772778 0.999707784
880.000000000 -0.474475639 0.136790335 -0.178363575 0.002015255 0.023596365 -0.004712410 0.999708429
881.000000000 -0.474484805 0.136792625 -0.178147734 0.002024787 0.023587719 -0.004655686 0.999708880
882.000000000 -0.474526011 0.136789791 -0.178134466 0.002020083 0.023599056 -0.004662652 0.999708589
883.000000000 -0.474503202 0.136785515 -0.178082963 0.002016703 0.023589729 -0.004660549 0.999708826
884.000000000 -0.474537181 0.136826285 -0.178261854 0.002055590 0.023608939 -0.004714565 0.999708040
885.000000000 -0.474525998 0.136726960 -0.178047744 0.002045835 0.023607853 -0.004724905 0.999708037
886.000000000 -0.474527842 0.136712317 -0.178096869 0.002019160 0.023596045 -0.004672337 0.999708617
887.000000000 -0.474527082 0.136723376 -0.178045012 0.002042167 0.023603892 -0.004764552 0.999707950
888.000000000 -0.474524361 0.136706672 -0.178067763 0.002022905 0.023592478 -0.004673659 0.999708687
889.000000000 -0.474536610 0.136688397 -0.178098396 0.002000082 0.023611768 -0.004662471 0.999708330
890.000000000 -0.474543394 0.136672183 -0.178102950 0.001997662 0.023623766 -0.004659513 0.999708065
891.000000000 -0.474527771 0.136712069 -0.178158386 0.002023434 0.023617639 -0.004693525 0.999707999
892.000000000 -0.474314487 0.136346866 -0.177545682 0.002030534 0.023542175 -0.004696690 0.999709750
893.000000000 -0.474301973 0.136376844 -0.177585836 0.002045433 0.023571091 -0.004742703 0.999708821
894.000000000 -0.474604301 0.136429049 -0.177729634 0.002000715 0.023762705 -0.004942069 0.999703409
895.000000000 -0.474626820 0.136451317 -0.177696408 0.002017551 0.023760123 -0.004959405 0.999703351
896.000000000 -0.474639496 0.136449590 -0.177689206 0.001998557 0.023786002 -0.004912239 0.999703007
897.000000000 -0.474650366 0.136457272 -0.177687379 0.002010495 0.023793239 -0.004928432 0.999702731
898.000000000 -0.474488102 0.136520636 -0.177775433 0.002041015 0.023690328 -0.004981439 0.999704850
899.000000000 -0.474533969 0.136562626 -0.177804421 0.002066170 0.023728019 -0.004907407 0.999704271
900.000000000 -0.474489115 0.136577894 -0.177832754 0.002059788 0.023707085 -0.004933883 0.999704650
901.000000000 -0.474517698 0.136562039 -0.177800169 0.002079218 0.023726228 -0.004978839 0.999703933
902.000000000 -0.474497372 0.136594138 -0.177790019 0.002085732 0.023681636 -0.004907143 0.999705331
903.000000000 -0.474507216 0.136676522 -0.177798172 0.002148743 0.023725215 -0.004942117 0.999703992
904.000000000 -0.474502674 0.136530471 -0.177790389 0.002059946 0.023724344 -0.004965089 0.999704086
905.000000000 -0.474497125 0.136495154 -0.177736286 0.002066284 0.023731150 -0.004966851 0.999703903
906.000000000 -0.474570495 0.136481128 -0.177734858 0.002036996 0.023756723 -0.004874655 0.999703809
907.000000000 -0.474525931 0.136453900 -0.177755988 0.002022610 0.023745415 -0.004886790 0.999704048
908.000000000 -0.474509174 0.136477298 -0.177741429 0.002026968 0.023732320 -0.004902929 0.999704271
909.000000000 -0.474557263 0.136431255 -0.177742705 0.002004616 0.023754334 -0.004936088 0.999703630
910.000000000 -0.474572599 0.136450220 -0.177776493 0.002007051 0.023761112 -0.004947350 0.999703409
911.000000000 -0.474572273 0.136438957 -0.177756341 0.002002525 0.023757810 -0.004920637 0.999703628
912.000000000 -0.474571096 0.136469379 -0.177792198 0.002023695 0.023765309 -0.004927880 0.999703371
913.000000000 -0.474636599 0.136462003 -0.177838285 0.001999967 0.023801782 -0.004884943 0.999702762
914.000000000 -0.474625978 0.136475040 -0.177832479 0.002000078 0.023790876 -0.004876063 0.999703065
915.000000000 -0.474644515 0.136445626 -0.177805471 0.001989623 0.023802807 -0.004844262 0.999702956
916.000000000 -0.474670470 0.136475622 -0.177824885 0.002002057 0.023824609 -0.004888539 0.999702197
917.000000000 -0.474695408 0.136481068 -0.177834456 0.002007159 0.023829069 -0.004859482 0.999702222
918.000000000 -0.474647444 0.136413713 -0.177872157 0.001968351 0.023810288 -0.004861369 0.999702737
919.000000000 -0.474665466 0.136384516 -0.177819845 0.001976591 0.023811640 -0.004881494 0.999702591
920.000000000 -0.474641560 0.136379687 -0.177768851 0.001985911 0.023819183 -0.004909142 0.999702257
921.000000000 -0.474589086 0.136365364 -0.177709272 0.001983946 0.023796673 -0.004907781 0.999702804
922.000000000 -0.474614096 0.136432582 -0.177810689 0.002015660 0.023804046 -0.004909884 0.999702555
923.000000000 -0.474603443 0.136398405 -0.177797683 0.002005759 0.023791396 -0.004915628 0.999702847
924.000000000 -0.474631968 0.136430472 -0.177835961 0.002008367 0.023822788 -0.004955905 0.999701896
925.000000000 -0.474593997 0.136464518 -0.177875224 0.002013549 0.023789964 -0.004911364 0.999702887
926.000000000 -0.474627183 0.136433406 -0.177821021 0.001993474 0.023794156 -0.004917722 0.999702796
927.000000000 -0.474566368 0.136414922 -0.177823602 0.001982826 0.023779837 -0.004912956 0.999703181
928.000000000 -0.474525270 0.136418413 -0.177806516 0.002001354 0.023764054 -0.004949335 0.999703340
929.000000000 -0.474520202 0.136416369 -0.177808236 0.001994177 0.023756365 -0.004941442 0.999703576
930.000000000 -0.474518618 0.136389966 -0.177786329 0.001982561 0.023741172 -0.004913767 0.999704097
931.000000000 -0.474526141 0.136364449 -0.177790358 0.001956458 0.023749185 -0.004913860 0.999703957
932.000000000 -0.474536098 0.136337088 -0.177748366 0.001947763 0.023758600 -0.004938880 0.999703627
933.000000000 -0.474450400 0.136392215 -0.177725285 0.002003362 0.023696261 -0.004970833 0.999704839
934.000000000 -0.474506859 0.136438159 -0.177732914 0.002018332 0.023712864 -0.004937680 0.999704579
935.000000000 -0.474619533 0.136432348 -0.177871724 0.001986936 0.023737395 -0.004857061 0.999704455
936.000000000 -0.474628879 0.136469248 -0.177846626 0.002019311 0.023740310 -0.004886079 0.999704179
937.000000000 -0.474606540 0.136512459 -0.177811924 0.002060658 0.023733400 -0.004885761 0.999704261
938.000000000 -0.474588974 0.136491222 -0.177841895 0.002039349 0.023723963 -0.004894131 0.999704487
939.000000000 -0.474623754 0.136493735 -0.177831525 0.002042648 0.023746706 -0.004870848 0.999704054
940.000000000 -0.475704760 0.135603781 -0.176673922 0.001757827 0.023679281 -0.004623105 0.999707371
941.000000000 -0.475682370 0.135664079 -0.176736486 0.001801352 0.023663731 -0.004799125 0.999706833
942.000000000 -0.475698171 0.135617228 -0.176693456 0.001752039 0.023660508 -0.004737573 0.999707290
943.000000000 -0.475668979 0.135554357 -0.176624705 0.001705498 0.023629939 -0.004756001 0.999708006
944.000000000 -0.475732399 0.135543305 -0.176626050 0.001684221 0.023671548 -0.004750152 0.999707086
945.000000000 -0.475740716 0.135497045 -0.176560614 0.001666594 0.023683894 -0.004772316 0.999706717
946.000000000 -0.475745430 0.135531425 -0.176615995 0.001688488 0.023673168 -0.004770996 0.999706941
947.000000000 -0.475747992 0.135491763 -0.176578496 0.001639440 0.023668246 -0.004679475 0.999707572
948.000000000 -0.475715372 0.135515712 -0.176575239 0.001649018 0.023663652 -0.004687712 0.999707626
949.000000000 -0.475702513 0.135514360 -0.176586583 0.001656732 0.023642013 -0.004710869 0.999708016
950.000000000 -0.475697053 0.135524468 -0.176566289 0.001674275 0.023648619 -0.004717869 0.999707798
951.000000000 -0.475651011 0.135579892 -0.176597337 0.001707512 0.023622640 -0.004710110 0.999708393
952.000000000 -0.475610732 0.135612075 -0.176610631 0.001721489 0.023596459 -0.004747181 0.999708812
953.000000000 -0.475635029 0.135582261 -0.176628665 0.001698223 0.023607463 -0.004738077 0.999708635
954.000000000 -0.475609408 0.135574245 -0.176584866 0.001696106 0.023591863 -0.004721785 0.999709084
955.000000000 -0.475611857 0.135622167 -0.176614712 0.001718623 0.023597276 -0.004712805 0.999708960
956.000000000 -0.475579812 0.135647606 -0.176657166 0.001724843 0.023586228 -0.004751312 0.999709028
957.000000000 -0.475566855 0.135638399 -0.176638394 0.001737632 0.023580002 -0.004768629 0.999709070
958.000000000 -0.475615185 0.135600728 -0.176591991 0.001699851 0.023611923 -0.004744608 0.999708496
959.000000000 -0.475593216 0.135606629 -0.176593380 0.001706223 0.023594201 -0.004702334 0.999709103
960.000000000 -0.475647893 0.135567725 -0.176572523 0.001681767 0.023631218 -0.004698957 0.999708286
961.000000000 -0.475635728 0.135584257 -0.176573729 0.001690602 0.023614506 -0.004720006 0.999708567
962.000000000 -0.475646511 0.135544750 -0.176563556 0.001659375 0.023616548 -0.004740103 0.999708476
963.000000000 -0.475708531 0.135514555 -0.176532863 0.001660207 0.023638811 -0.004689620 0.999708186
964.000000000 -0.475687852 0.135539845 -0.176585443 0.001670057 0.023634646 -0.004730633 0.999708075
965.000000000 -0.475643203 0.135585005 -0.176558876 0.001696678 0.023613468 -0.004737679 0.999708497
966.000000000 -0.475637080 0.135566362 -0.176552723 0.001681559 0.023617326 -0.004730173 0.999708467
967.000000000 -0.475591106 0.135583898 -0.176597540 0.001692904 0.023582252 -0.004770189 0.999709086
968.000000000 -0.475616170 0.135618167 -0.176625785 0.001702030 0.023594986 -0.004742436 0.999708902
969.000000000 -0.475616137 0.135604457 -0.176585149 0.001687704 0.023582006 -0.004727416 0.999709304
970.000000000 -0.475636167 0.135543386 -0.176568724 0.001670497 0.023600881 -0.004775004 0.999708661
971.000000000 -0.475635297 0.135579914 -0.176623543 0.001676330 0.023608264 -0.004733428 0.999708675
972.000000000 -0.475612579 0.135555200 -0.176567045 0.001676970 0.023593500 -0.004757600 0.999708908
973.000000000 -0.475590971 0.135547632 -0.176566329 0.001680428 0.023568419 -0.004723018 0.999709657
974.000000000 -0.475610772 0.135562532 -0.176587276 0.001678318 0.023587763 -0.004786858 0.999708901
975.000000000 -0.475618138 0.135557372 -0.176564062 0.001668083 0.023580503 -0.004753261 0.999709250
976.000000000 -0.475620371 0.135539432 -0.176572363 0.001669981 0.023591234 -0.004779107 0.999708870
977.000000000 -0.475605075 0.135541982 -0.176578786 0.001657290 0.023574825 -0.004759197 0.999709373
978.000000000 -0.475598364 0.135539681 -0.176591427 0.001660473 0.023565822 -0.004739574 0.999709674
979.000000000 -0.475597957 0.135546799 -0.176561819 0.001701713 0.023584956 -0.004859972 0.999708575
980.000000000 -0.475613974 0.135560305 -0.176586425 0.001703748 0.023601984 -0.004863411 0.999708153
981.000000000 -0.475623687 0.135580300 -0.176563537 0.001721567 0.023591809 -0.004768786 0.999708818
982.000000000 -0.475603123 0.135577864 -0.176562983 0.001717603 0.023591708 -0.004806557 0.999708647
983.000000000 -0.475601766 0.135593881 -0.176589383 0.001725208 0.023585296 -0.004799602 0.999708818
984.000000000 -0.475588242 0.135601829 -0.176582192 0.001751516 0.023599762 -0.004845740 0.999708209
985.000000000 -0.475630844 0.135593259 -0.176639622 0.001715578 0.023623993 -0.004813321 0.999707855
986.000000000 -0.475619608 0.135574956 -0.176619324 0.001708333 0.023624115 -0.004811394 0.999707874
987.000000000 -0.475627960 0.135546240 -0.176607320 0.001677325 0.023618388 -0.004802156 0.999708106
988.000000000 -0.475640150 0.135565327 -0.176593892 0.001688661 0.023625432 -0.004802734 0.999707918
989.000000000 -0.475650202 0.135566126 -0.176595282 0.001684829 0.023627037 -0.004793705 0.999707930
990.000000000 -0.475632661 0.135577092 -0.176632402 0.001684283 0.023621293 -0.004789703 0.999708086
991.000000000 -0.475695377 0.135564793 -0.176686168 0.001656167 0.023647522 -0.004759601 0.999707656
992.000000000 -0.475642907 0.135593124 -0.176690701 0.001690218 0.023623763 -0.004756499 0.999708176
993.000000000 -0.475616340 0.135576719 -0.176653383 0.001674383 0.023617748 -0.004808436 0.999708096
994.000000000 -0.475617318 0.135560882 -0.176650162 0.001663277 0.023611127 -0.004791225 0.999708354
995.000000000 -0.475632933 0.135598426 -0.176681764 0.001672491 0.023620456 -0.004784259 0.999708151
996.000000000 -0.475630010 0.135561339 -0.176698136 0.001639884 0.023620610 -0.004785741 0.999708195
997.000000000 -0.475624648 0.135570680 -0.176706720 0.001655544 0.023608519 -0.004759877 0.999708578
998.000000000 -0.475594525 0.135620035 -0.176711678 0.001712787 0.023583474 -0.004754231 0.999709099
999.000000000 -0.475601289 0.135622072 -0.176694422 0.001732097 0.023582634 -0.004777730 0.999708974
1000.000000000 -0.475625002 0.135610340 -0.176768987 0.001707689 0.023609697 -0.004779158 0.999708370
1001.000000000 -0.475636681 0.135608021 -0.176741445 0.001715972 0.023605151 -0.004760541 0.999708552
1002.000000000 -0.475624212 0.135607914 -0.176710654 0.001721398 0.023602893 -0.004779795 0.999708504
1003.000000000 -0.475626339 0.135577564 -0.176716405 0.001692070 0.023581284 -0.004754322 0.999709186
1004.000000000 -0.475646936 0.135561799 -0.176707240 0.001681111 0.023589577 -0.004737957 0.999709086
1005.000000000 -0.475649301 0.135538735 -0.176690657 0.001648880 0.023591988 -0.004761777 0.999708970
1006.000000000 -0.475638358 0.135574530 -0.176668824 0.001699976 0.023590458 -0.004805870 0.999708710
1007.000000000 -0.475655309 0.135573083 -0.176690318 0.001691478 0.023610949 -0.004785051 0.999708340
1008.000000000 -0.475638422 0.135534017 -0.176665330 0.001676270 0.023604473 -0.004765786 0.999708611
1009.000000000 -0.475657907 0.135522757 -0.176667450 0.001657020 0.023612070 -0.004762096 0.999708481
1010.000000000 -0.475673679 0.135554385 -0.176699835 0.001657622 0.023626509 -0.004766949 0.999708116
1011.000000000 -0.475644237 0.135589742 -0.176698840 0.001681219 0.023610722 -0.004748098 0.999708539
1012.000000000 -0.475644342 0.135580806 -0.176622507 0.001708254 0.023618191 -0.004756915 0.999708275
1013.000000000 -0.475623896 0.135594988 -0.176685054 0.001693639 0.023602092 -0.004774140 0.999708598
1014.000000000 -0.475621992 0.135584876 -0.176643185 0.001707168 0.023619721 -0.004798524 0.999708042
1015.000000000 -0.475640518 0.135575677 -0.176678003 0.001685039 0.023623607 -0.004798783 0.999707986
1016.000000000 -0.475644672 0.135580339 -0.176668647 0.001678046 0.023623334 -0.004765961 0.999708161
1017.000000000 -0.475632435 0.135587091 -0.176634931 0.001696522 0.023614686 -0.004801956 0.999708162
1018.000000000 -0.475632999 0.135607097 -0.176660724 0.001705530 0.023609305 -0.004791862 0.999708322
1019.000000000 -0.475621551 0.135613073 -0.176645897 0.001717604 0.023612376 -0.004792948 0.999708224
1020.000000000 -0.475627500 0.135609935 -0.176683387 0.001696094 0.023613540 -0.004798988 0.999708204
1021.000000000 -0.475613586 0.135566917 -0.176632303 0.001686705 0.023601827 -0.004773957 0.999708617
1022.000000000 -0.475630202 0.135579538 -0.176634569 0.001701772 0.023604963 -0.004769664 0.999708538
1023.000000000 -0.475669305 0.135573107 -0.176626209 0.001689363 0.023636525 -0.004739004 0.999707959
1024.000000000 -0.475687654 0.135579806 -0.176631241 0.001693221 0.023635807 -0.004710610 0.999708103
1025.000000000 -0.475692012 0.135560896 -0.176619982 0.001680765 0.023651042 -0.004730597 0.999707670
1026.000000000 -0.475671043 0.135562960 -0.176632265 0.001677980 0.023642442 -0.004746923 0.999707800
1027.000000000 -0.475698658 0.135561133 -0.176643506 0.001684164 0.023656936 -0.004741238 0.999707474
1028.000000000 -0.475675243 0.135589344 -0.176701887 0.001694676 0.023639299 -0.004725622 0.999707947
1029.000000000 -0.475707780 0.135585934 -0.176707860 0.001700283 0.023653138 -0.004704344 0.999707711
1030.000000000 -0.475688636 0.135591331 -0.176672946 0.001704917 0.023642599 -0.004727864 0.999707841
1031.000000000 -0.475691660 0.135594246 -0.176703862 0.001694711 0.023647341 -0.004694334 0.999707905
1032.000000000 -0.475664715 0.135568594 -0.176711938 0.001676444 0.023630454 -0.004723910 0.999708195
1033.000000000 -0.475682057 0.135565790 -0.176717330 0.001665923 0.023646852 -0.004691665 0.999707977
1034.000000000 -0.475705039 0.135555889 -0.176700337 0.001674778 0.023645805 -0.004667605 0.999708100
1035.000000000 -0.475726544 0.135549926 -0.176709935 0.001664115 0.023664590 -0.004650337 0.999707753
1036.000000000 -0.475712759 0.135535520 -0.176682082 0.001646383 0.023662881 -0.004661278 0.999707772
1037.000000000 -0.475729873 0.135554588 -0.176670342 0.001682049 0.023664933 -0.004676598 0.999707593
1038.000000000 -0.475715822 0.135531500 -0.176689449 0.001652892 0.023663009 -0.004670374 0.999707716
1039.000000000 -0.475696321 0.135548312 -0.176683203 0.001665211 0.023655775 -0.004664209 0.999707896
1040.000000000 -0.475751698 0.135584333 -0.176678834 0.001716751 0.023687290 -0.004611932 0.999707305
1041.000000000 -0.475744801 0.135613332 -0.176721027 0.001723959 0.023710389 -0.004625372 0.999706683
1042.000000000 -0.475758886 0.135622439 -0.176711404 0.001724318 0.023719186 -0.004626739 0.999706467
1043.000000000 -0.475755705 0.135596897 -0.176737569 0.001714108 0.023718312 -0.004698030 0.999706173
1044.000000000 -0.475772393 0.135627983 -0.176770443 0.001734158 0.023730165 -0.004674006 0.999705970
1045.000000000 -0.475778961 0.135622018 -0.176784247 0.001721111 0.023739650 -0.004672163 0.999705776
1046.000000000 -0.475765078 0.135641172 -0.176785955 0.001728621 0.023734517 -0.004666286 0.999705912
1047.000000000 -0.475754273 0.135621007 -0.176813424 0.001705237 0.023723906 -0.004707627 0.999706010
1048.000000000 -0.475779693 0.135631185 -0.176809110 0.001716772 0.023736741 -0.004673002 0.999705848
1049.000000000 -0.475795604 0.135607625 -0.176744324 0.001708803 0.023749565 -0.004671935 0.999705562
1050.000000000 -0.475801036 0.135630485 -0.176718433 0.001737154 0.023752846 -0.004712316 0.999705246
1051.000000000 -0.475782905 0.135608671 -0.176721616 0.001726894 0.023742343 -0.004718299 0.999705485
1052.000000000 -0.475786836 0.135621836 -0.176729291 0.001732328 0.023739670 -0.004720811 0.999705527
1053.000000000 -0.475791893 0.135633147 -0.176720004 0.001745891 0.023739620 -0.004728471 0.999705469
1054.000000000 -0.475799932 0.135613713 -0.176705156 0.001730771 0.023740283 -0.004708607 0.999705573
1055.000000000 -0.475790096 0.135625980 -0.176742145 0.001736749 0.023741110 -0.004740490 0.999705392
1056.000000000 -0.475783960 0.135607211 -0.176704162 0.001735875 0.023736416 -0.004725146 0.999705578
1057.000000000 -0.475780131 0.135621681 -0.176685278 0.001754453 0.023733136 -0.004718217 0.999705656
1058.000000000 -0.475818364 0.135588490 -0.176696093 0.001728060 0.023752232 -0.004706659 0.999705303
1059.000000000 -0.475791664 0.135618835 -0.176709425 0.001745187 0.023728512 -0.004702099 0.999705858
1060.000000000 -0.475779863 0.135641785 -0.176703719 0.001766712 0.023730719 -0.004709091 0.999705735
1061.000000000 -0.475810246 0.135635898 -0.176688688 0.001755703 0.023737491 -0.004726096 0.999705513
1062.000000000 -0.475817612 0.135607201 -0.176692215 0.001740321 0.023749030 -0.004691507 0.999705429
1063.000000000 -0.475927256 0.135490671 -0.176103193 0.001796097 0.023707625 -0.004631089 0.999706595
1064.000000000 -0.475883537 0.135424297 -0.176086030 0.001701545 0.023688827 -0.004472121 0.999707930
1065.000000000 -0.475899193 0.135451671 -0.176059278 0.001733790 0.023722830 -0.004525236 0.999706829
1066.000000000 -0.475890640 0.135495772 -0.176078641 0.001793917 0.023710708 -0.004558112 0.999706861
1067.000000000 -0.475917021 0.135387910 -0.176031991 0.001717365 0.023751967 -0.004572130 0.999705952
1068.000000000 -0.475888883 0.135387201 -0.176010936 0.001721326 0.023726526 -0.004608268 0.999706383
1069.000000000 -0.475910838 0.135396784 -0.176032684 0.001727960 0.023734039 -0.004570178 0.999706368
1070.000000000 -0.475886343 0.135378687 -0.175994703 0.001729379 0.023712442 -0.004573763 0.999706862
1071.000000000 -0.475860622 0.135354447 -0.175937260 0.001720410 0.023705034 -0.004604667 0.999706911
1072.000000000 -0.475896017 0.135368017 -0.175973221 0.001730170 0.023723369 -0.004613214 0.999706420
1073.000000000 -0.475932556 0.135381045 -0.176000263 0.001733518 0.023743179 -0.004566637 0.999706158
1074.000000000 -0.475970378 0.135380249 -0.175997600 0.001734692 0.023761615 -0.004594708 0.999705589
1075.000000000 -0.475911777 0.135377383 -0.175960348 0.001745740 0.023714484 -0.004602042 0.999706655
1076.000000000 -0.475938972 0.135372696 -0.175961010 0.001741285 0.023736560 -0.004592376 0.999706184
1077.000000000 -0.475920660 0.135377815 -0.175958729 0.001749145 0.023728471 -0.004601038 0.999706322
1078.000000000 -0.475892545 0.135392351 -0.175944864 0.001762594 0.023714548 -0.004630513 0.999706493
1079.000000000 -0.475884839 0.135398605 -0.175941302 0.001777856 0.023708632 -0.004647383 0.999706528
1080.000000000 -0.475869241 0.135403288 -0.175967549 0.001764611 0.023696612 -0.004649400 0.999706827
1081.000000000 -0.475882778 0.135418656 -0.175969581 0.001777831 0.023728631 -0.004651529 0.999706034
1082.000000000 -0.475800061 0.135431606 -0.175876219 0.001802187 0.023683625 -0.004694752 0.999706856
1083.000000000 -0.475913149 0.135419137 -0.175983115 0.001774152 0.023747222 -0.004620561 0.999705743
1084.000000000 -0.475912141 0.135416700 -0.175969778 0.001769885 0.023747545 -0.004619370 0.999705748
1085.000000000 -0.475908469 0.135428442 -0.176008993 0.001786248 0.023729009 -0.004612720 0.999706190
1086.000000000 -0.475914549 0.135400863 -0.176018289 0.001745117 0.023742822 -0.004639554 0.999705810
1087.000000000 -0.475899142 0.135421525 -0.176039945 0.001759664 0.023726887 -0.004626717 0.999706223
1088.000000000 -0.475894273 0.135395012 -0.176008416 0.001755333 0.023739203 -0.004655190 0.999705806
1089.000000000 -0.475910301 0.135383045 -0.176037066 0.001731955 0.023743108 -0.004639571 0.999705827
1090.000000000 -0.475925050 0.135418610 -0.176089071 0.001758056 0.023746261 -0.004655974 0.999705630
1091.000000000 -0.475883174 0.135419275 -0.176057090 0.001753802 0.023714129 -0.004673161 0.999706320
1092.000000000 -0.475867719 0.135413427 -0.176028639 0.001774674 0.023713969 -0.004637931 0.999706451
1093.000000000 -0.475877723 0.135417006 -0.176040419 0.001751505 0.023718790 -0.004642738 0.999706355
1094.000000000 -0.475877945 0.135422200 -0.176020947 0.001767096 0.023721066 -0.004630636 0.999706330
1095.000000000 -0.475921790 0.135414477 -0.176031315 0.001750449 0.023756993 -0.004586239 0.999705711
1096.000000000 -0.475892685 0.135381840 -0.176011123 0.001721054 0.023733619 -0.004611296 0.999706201
1097.000000000 -0.475900559 0.135383503 -0.175994222 0.001725774 0.023726583 -0.004609008 0.999706371
1098.000000000 -0.475871361 0.135386422 -0.175958657 0.001755297 0.023704801 -0.004574610 0.999706994
1099.000000000 -0.475875988 0.135395692 -0.175973152 0.001760062 0.023720749 -0.004586895 0.999706551
1100.000000000 -0.475921923 0.135379443 -0.176013617 0.001715111 0.023755097 -0.004568675 0.999705897
1101.000000000 -0.475931642 0.135377094 -0.176040057 0.001712626 0.023754952 -0.004581141 0.999705848
1102.000000000 -0.475875211 0.135415005 -0.176018370 0.001766254 0.023691262 -0.004608922 0.999707138
1103.000000000 -0.475904966 0.135426295 -0.176005743 0.001739096 0.023736568 -0.004581297 0.999706238
1104.000000000 -0.475801323 0.135192671 -0.175876018 0.001558646 0.023686550 -0.004477767 0.999708191
1105.000000000 -0.475781602 0.135196415 -0.175888980 0.001578616 0.023672678 -0.004483532 0.999708463
1106.000000000 -0.475761847 0.135204192 -0.175838025 0.001588578 0.023657192 -0.004507268 0.999708707
1107.000000000 -0.475788429 0.135187318 -0.175893386 0.001553449 0.023676649 -0.004485433 0.999708399
1108.000000000 -0.475791275 0.135208229 -0.175902273 0.001568939 0.023682073 -0.004479385 0.999708274
1109.000000000 -0.475805947 0.135190524 -0.175900471 0.001539515 0.023682389 -0.004461787 0.999708391
1110.000000000 -0.475795347 0.135175729 -0.175902040 0.001544483 0.023669967 -0.004473326 0.999708626
1111.000000000 -0.475780876 0.135168467 -0.175901755 0.001556346 0.023666012 -0.004466654 0.999708731
1112.000000000 -0.475804469 0.135180402 -0.175915034 0.001547196 0.023685484 -0.004489794 0.999708180
1113.000000000 -0.475793030 0.135205231 -0.175882105 0.001568653 0.023680101 -0.004492129 0.999708264
1114.000000000 -0.475785850 0.135180604 -0.175876679 0.001545881 0.023678491 -0.004483065 0.999708378
1115.000000000 -0.475803814 0.135227159 -0.175936490 0.001572549 0.023675368 -0.004475886 0.999708443
1116.000000000 -0.475792994 0.135238282 -0.175892779 0.001602957 0.023669460 -0.004505302 0.999708402
1117.000000000 -0.475806115 0.135233587 -0.175906286 0.001593489 0.023676688 -0.004497013 0.999708284
1118.000000000 -0.475849456 0.135193392 -0.175931213 0.001548475 0.023709136 -0.004475069 0.999707684
1119.000000000 -0.475846931 0.135184391 -0.175909532 0.001547123 0.023701308 -0.004468254 0.999707902
1120.000000000 -0.475879511 0.135201481 -0.175948939 0.001535077 0.023725078 -0.004458358 0.999707401
1121.000000000 -0.475847551 0.135180686 -0.175918501 0.001533675 0.023716848 -0.004477963 0.999707511
1122.000000000 -0.475814771 0.135207935 -0.175932314 0.001537935 0.023687089 -0.004514742 0.999708044
1123.000000000 -0.475817246 0.135201115 -0.175918040 0.001549239 0.023705375 -0.004510428 0.999707613
1124.000000000 -0.475764726 0.135215367 -0.175872762 0.001573332 0.023665794 -0.004551684 0.999708326
1125.000000000 -0.475786225 0.135209359 -0.175888973 0.001553356 0.023687017 -0.004540015 0.999707908
1126.000000000 -0.475795885 0.135214849 -0.175911957 0.001568349 0.023683900 -0.004538944 0.999707963
1127.000000000 -0.475836416 0.135221845 -0.175959604 0.001558443 0.023698554 -0.004554381 0.999707561
1128.000000000 -0.475859700 0.135232795 -0.175933137 0.001573595 0.023715476 -0.004551566 0.999707149
1129.000000000 -0.475832872 0.135252327 -0.175917906 0.001586401 0.023699024 -0.004556986 0.999707494
1130.000000000 -0.475857358 0.135261773 -0.175920046 0.001597683 0.023718116 -0.004546604 0.999707070
1131.000000000 -0.475873254 0.135196610 -0.175929065 0.001541246 0.023723152 -0.004499009 0.999707255
1132.000000000 -0.475858625 0.135212096 -0.175907860 0.001560972 0.023713628 -0.004528489 0.999707317
1133.000000000 -0.475836465 0.135217914 -0.175852193 0.001574211 0.023699534 -0.004532932 0.999707610
1134.000000000 -0.475857119 0.135200063 -0.175838717 0.001568125 0.023707277 -0.004531059 0.999707445
1135.000000000 -0.475806937 0.135211396 -0.175859904 0.001562894 0.023689534 -0.004555403 0.999707763
1136.000000000 -0.475814608 0.135176940 -0.175812812 0.001536980 0.023691828 -0.004516561 0.999707925
1137.000000000 -0.475784630 0.135202672 -0.175810746 0.001567162 0.023672733 -0.004544497 0.999708204
1138.000000000 -0.475805710 0.135176886 -0.175809566 0.001551537 0.023686388 -0.004513029 0.999708048
1139.000000000 -0.475804550 0.135169858 -0.175807722 0.001532965 0.023688460 -0.004522866 0.999707983
1140.000000000 -0.475830886 0.135183285 -0.175826392 0.001554070 0.023691959 -0.004542675 0.999707777
1141.000000000 -0.475722593 0.135180518 -0.175738432 0.001572961 0.023639299 -0.004565493 0.999708890
1142.000000000 -0.475733815 0.135193077 -0.175740025 0.001584606 0.023638590 -0.004556822 0.999708928
1143.000000000 -0.475805352 0.135178261 -0.175787227 0.001561625 0.023685803 -0.004539281 0.999707927
1144.000000000 -0.475785045 0.135181597 -0.175771215 0.001571530 0.023662513 -0.004537102 0.999708473
1145.000000000 -0.475739657 0.135201617 -0.175763786 0.001586391 0.023630326 -0.004571445 0.999709054
1146.000000000 -0.475756831 0.135170355 -0.175742179 0.001559175 0.023643542 -0.004524390 0.999708999
1147.000000000 -0.475764026 0.135152580 -0.175754595 0.001540457 0.023656213 -0.004533846 0.999708685
1148.000000000 -0.475752431 0.135118892 -0.175756632 0.001510405 0.023651359 -0.004469489 0.999709135
1149.000000000 -0.475750108 0.135097823 -0.175734990 0.001499644 0.023646495 -0.004455496 0.999709329
1150.000000000 -0.475774263 0.135081843 -0.175720405 0.001487442 0.023661261 -0.004475343 0.999708909
1151.000000000 -0.475760723 0.135112681 -0.175750870 0.001487258 0.023661179 -0.004528991 0.999708670
1152.000000000 -0.475745389 0.135075691 -0.175712676 0.001480244 0.023653981 -0.004535363 0.999708822
1153.000000000 -0.475749292 0.135072758 -0.175693457 0.001478695 0.023650014 -0.004546727 0.999708866
1154.000000000 -0.475771241 0.135066045 -0.175690673 0.001463689 0.023663362 -0.004494154 0.999708810
1155.000000000 -0.475766093 0.135199830 -0.175724192 0.001551482 0.023674309 -0.004586222 0.999708001
1156.000000000 -0.475748456 0.135086842 -0.175701047 0.001506097 0.023641789 -0.004525369 0.999709117
1157.000000000 -0.475722787 0.135187135 -0.175848773 0.001526868 0.023651293 -0.004557040 0.999708717
1158.000000000 -0.475725214 0.135180052 -0.175831815 0.001548061 0.023649419 -0.004515025 0.999708919
1159.000000000 -0.475739608 0.135159440 -0.175841272 0.001519226 0.023674065 -0.004516308 0.999708374
1160.000000000 -0.475761929 0.135184046 -0.175821134 0.001547106 0.023673983 -0.004535100 0.999708248
1161.000000000 -0.475861346 0.135648682 -0.176114616 0.001924584 0.023613965 -0.004668848 0.999708397
1162.000000000 -0.475710690 0.135119449 -0.176058971 0.001645643 0.023509590 -0.004507349 0.999712096
1163.000000000 -0.475825819 0.134721023 -0.176139974 0.001396657 0.023600263 -0.004440830 0.999710636
1164.000000000 -0.475849166 0.134952864 -0.176072827 0.001513278 0.023614746 -0.004448129 0.999710092
1165.000000000 -0.475703341 0.134611128 -0.176065446 0.001251069 0.023489702 -0.004271529 0.999714171
1166.000000000 -0.475772707 0.134652397 -0.176063427 0.001278281 0.023538248 -0.004283662 0.999712942
1167.000000000 -0.475787983 0.134669892 -0.176182281 0.001287676 0.023563841 -0.004296823 0.999712271
1168.000000000 -0.475776153 0.134638861 -0.176150028 0.001261942 0.023557127 -0.004283833 0.999712518
1169.000000000 -0.475764067 0.134660536 -0.176169627 0.001271401 0.023552382 -0.004278246 0.999712641
1170.000000000 -0.475630939 0.134644337 -0.176050665 0.001290760 0.023492801 -0.004344226 0.999713734
1171.000000000 -0.475649928 0.134587532 -0.176063714 0.001258116 0.023490775 -0.004293629 0.999714042
1172.000000000 -0.475578860 0.134582962 -0.176052787 0.001252053 0.023447418 -0.004261075 0.999715207
1173.000000000 -0.475564222 0.134593561 -0.176014354 0.001218139 0.023424758 -0.004231554 0.999715905
1174.000000000 -0.475626625 0.134468257 -0.176082059 0.001101102 0.023450583 -0.004178995 0.999715656
1175.000000000 -0.475553634 0.134688549 -0.176013628 0.001294944 0.023433399 -0.004279197 0.999715403
1176.000000000 -0.475545037 0.134612811 -0.176027556 0.001239831 0.023415595 -0.004272076 0.999715921
1177.000000000 -0.475549087 0.134574041 -0.176005571 0.001209086 0.023417278 -0.004267515 0.999715938
1178.000000000 -0.475453280 0.134585518 -0.175938055 0.001228007 0.023362863 -0.004292026 0.999717084
1179.000000000 -0.475552041 0.134527222 -0.175982899 0.001168219 0.023415536 -0.004225951 0.999716204
1180.000000000 -0.475507241 0.134585885 -0.175976737 0.001197615 0.023387642 -0.004237278 0.999716775
1181.000000000 -0.475549478 0.134614809 -0.175980743 0.001227592 0.023399655 -0.004236194 0.999716462
1182.000000000 -0.475575992 0.134605802 -0.176016125 0.001213957 0.023410453 -0.004225678 0.999716270
1183.000000000 -0.475545804 0.134565662 -0.175990269 0.001177376 0.023383247 -0.004251061 0.999716843
1184.000000000 -0.475564674 0.134617276 -0.176050755 0.001209393 0.023382474 -0.004234316 0.999716894
1185.000000000 -0.475535999 0.134569618 -0.176038759 0.001180416 0.023371295 -0.004199151 0.999717338
1186.000000000 -0.475609757 0.134571004 -0.176095638 0.001174090 0.023416596 -0.004172268 0.999716398
1187.000000000 -0.475509675 0.134615980 -0.176024548 0.001220706 0.023374298 -0.004251651 0.999716998
1188.000000000 -0.475693359 0.134824964 -0.176112897 0.001340409 0.023497106 -0.004289925 0.999713802
1189.000000000 -0.475645226 0.134894961 -0.176050544 0.001403111 0.023475760 -0.004372668 0.999713859
1190.000000000 -0.475724475 0.134916515 -0.176056909 0.001421852 0.023524714 -0.004362914 0.999712724
1191.000000000 -0.475691897 0.134860023 -0.176004269 0.001394494 0.023501088 -0.004349252 0.999713378
1192.000000000 -0.475624538 0.134820341 -0.175996558 0.001363451 0.023461385 -0.004319016 0.999714484
1193.000000000 -0.475708551 0.134798331 -0.176041135 0.001349519 0.023497913 -0.004281930 0.999713805
1194.000000000 -0.475700125 0.134736976 -0.176045538 0.001295025 0.023489781 -0.004240893 0.999714243
1195.000000000 -0.475696946 0.134827830 -0.176057793 0.001352657 0.023480602 -0.004285693 0.999714191
1196.000000000 -0.475716646 0.134902300 -0.176085701 0.001419563 0.023508220 -0.004362742 0.999713116
1197.000000000 -0.475673897 0.134873089 -0.176058186 0.001408311 0.023487022 -0.004332565 0.999713762
1198.000000000 -0.475669133 0.134874851 -0.176054545 0.001412182 0.023487666 -0.004346092 0.999713682
1199.000000000 -0.475760063 0.134920686 -0.176073676 0.001437753 0.023544574 -0.004380668 0.999712156
1200.000000000 -0.475757813 0.134891228 -0.176099010 0.001399420 0.023550238 -0.004369575 0.999712126
1201.000000000 -0.475777809 0.134833787 -0.176078496 0.001367005 0.023569880 -0.004329318 0.999711883
1202.000000000 -0.475640296 0.134851884 -0.176054277 0.001378118 0.023460582 -0.004340713 0.999714389
1203.000000000 -0.476068210 0.134958838 -0.176273579 0.001427335 0.023659522 -0.004369285 0.999709507
1204.000000000 -0.476082737 0.135070931 -0.176289613 0.001521068 0.023690307 -0.004444216 0.999708310
1205.000000000 -0.476066925 0.135063293 -0.176299414 0.001513191 0.023672394 -0.004449866 0.999708721
1206.000000000 -0.476040343 0.135008231 -0.176301883 0.001485773 0.023653854 -0.004437881 0.999709254
1207.000000000 -0.476061012 0.135051949 -0.176307086 0.001502611 0.023665803 -0.004440484 0.999708935
1208.000000000 -0.476094243 0.135027878 -0.176335299 0.001484504 0.023685190 -0.004425703 0.999708568
1209.000000000 -0.475987333 0.135040210 -0.176243477 0.001505078 0.023639877 -0.004473067 0.999709399
1210.000000000 -0.476053924 0.134980854 -0.176282887 0.001446050 0.023674382 -0.004403494 0.999708979
1211.000000000 -0.476029403 0.135028761 -0.176266144 0.001484448 0.023665598 -0.004463917 0.999708862
1212.000000000 -0.476001657 0.134952731 -0.176203074 0.001427704 0.023654714 -0.004460651 0.999709217
1213.000000000 -0.475997757 0.134884565 -0.176240064 0.001368681 0.023642156 -0.004401243 0.999709860
1214.000000000 -0.475974762 0.134914141 -0.176226706 0.001401564 0.023627218 -0.004423444 0.999710070
1215.000000000 -0.476042549 0.134968536 -0.176267129 0.001430552 0.023662600 -0.004401218 0.999709290
1216.000000000 -0.475959587 0.134941476 -0.176176466 0.001429677 0.023608389 -0.004446021 0.999710375
1217.000000000 -0.476044360 0.134984862 -0.176283695 0.001445330 0.023648860 -0.004436299 0.999709439
1218.000000000 -0.476002953 0.134912038 -0.176240276 0.001390711 0.023628478 -0.004404822 0.999710137
1219.000000000 -0.475937624 0.134922698 -0.176193363 0.001415028 0.023592126 -0.004419922 0.999710895
1220.000000000 -0.475966911 0.134952647 -0.176212316 0.001435470 0.023609014 -0.004434289 0.999710404
1221.000000000 -0.475987495 0.134927682 -0.176237991 0.001414299 0.023616874 -0.004453880 0.999710161
1222.000000000 -0.475982915 0.134965580 -0.176259696 0.001432761 0.023606749 -0.004449628 0.999710393
1223.000000000 -0.475952813 0.134926073 -0.176224082 0.001410085 0.023586143 -0.004406258 0.999711103
1224.000000000 -0.475920445 0.134896725 -0.176193521 0.001406892 0.023566635 -0.004425761 0.999711482
1225.000000000 -0.475922219 0.134892142 -0.176216822 0.001394394 0.023562022 -0.004407548 0.999711689
1226.000000000 -0.475903799 0.134821682 -0.176205995 0.001333339 0.023565825 -0.004335106 0.999711999
1227.000000000 -0.475916956 0.134847733 -0.176213339 0.001361128 0.023576815 -0.004357287 0.999711606
1228.000000000 -0.475938608 0.134877396 -0.176252723 0.001390725 0.023585442 -0.004352403 0.999711383
1229.000000000 -0.475941541 0.134822018 -0.176254746 0.001357413 0.023587779 -0.004373364 0.999711282
1230.000000000 -0.475990656 0.134819508 -0.176284002 0.001348396 0.023614170 -0.004326118 0.999710877
1231.000000000 -0.475974002 0.134876448 -0.176268273 0.001380640 0.023596544 -0.004365122 0.999711080
1232.000000000 -0.476072660 0.134862585 -0.176365876 0.001343123 0.023640817 -0.004306372 0.999710340
1233.000000000 -0.476071060 0.134832183 -0.176362461 0.001319862 0.023641869 -0.004317046 0.999710300
1234.000000000 -0.476066082 0.134790571 -0.176370447 0.001281651 0.023647683 -0.004292762 0.999710316
1235.000000000 -0.476117860 0.134891009 -0.176380685 0.001372969 0.023670899 -0.004317832 0.999709538
1236.000000000 -0.476038747 0.134812923 -0.176362618 0.001320546 0.023616272 -0.004272639 0.999711094
1237.000000000 -0.476066591 0.134885285 -0.176422912 0.001364024 0.023645435 -0.004312144 0.999710177
1238.000000000 -0.476211259 0.134897716 -0.176500441 0.001362904 0.023727989 -0.004296496 0.999708290
1239.000000000 -0.476177732 0.134861687 -0.176472128 0.001349246 0.023714871 -0.004327789 0.999708485
1240.000000000 -0.476130258 0.134914867 -0.176426461 0.001405737 0.023702406 -0.004382679 0.999708463
1241.000000000 -0.476164716 0.134873393 -0.176416220 0.001365554 0.023713605 -0.004340246 0.999708439
1242.000000000 -0.476133501 0.134912350 -0.176420156 0.001395169 0.023687081 -0.004329274 0.999709074
1243.000000000 -0.476149260 0.135067893 -0.176415969 0.001512579 0.023712240 -0.004441741 0.999707814
1244.000000000 -0.476204560 0.134978179 -0.176425015 0.001441861 0.023733003 -0.004379788 0.999707699
1245.000000000 -0.476257425 0.135106858 -0.176456681 0.001523809 0.023768693 -0.004517576 0.999706116
1246.000000000 -0.476294892 0.134994821 -0.176494167 0.001441452 0.023782239 -0.004441831 0.999706256
1247.000000000 -0.476143686 0.135051745 -0.176423347 0.001484710 0.023710232 -0.004502906 0.999707629
1248.000000000 -0.476099393 0.135080902 -0.176364031 0.001511711 0.023697915 -0.004535214 0.999707735
1249.000000000 -0.476173825 0.135010768 -0.176449717 0.001440741 0.023727786 -0.004450521 0.999707512
1250.000000000 -0.476101753 0.135001602 -0.176384198 0.001433056 0.023674267 -0.004429280 0.999708886
1251.000000000 -0.476078163 0.135090524 -0.176395861 0.001507780 0.023666352 -0.004526324 0.999708529
1252.000000000 -0.476022543 0.135100445 -0.176345334 0.001523806 0.023639077 -0.004518836 0.999709184
1253.000000000 -0.476033285 0.135110153 -0.176370366 0.001520777 0.023651769 -0.004556396 0.999708718
1254.000000000 -0.475983574 0.135017877 -0.176307338 0.001448601 0.023611401 -0.004433497 0.999710332
1255.000000000 -0.475956816 0.135062887 -0.176273430 0.001502178 0.023596759 -0.004446852 0.999710539
1256.000000000 -0.475945774 0.135108797 -0.176299875 0.001543097 0.023608313 -0.004542979 0.999709772
1257.000000000 -0.475948518 0.135126835 -0.176303692 0.001559717 0.023601425 -0.004536870 0.999709936
1258.000000000 -0.475989142 0.135081656 -0.176336764 0.001518792 0.023619618 -0.004500351 0.999709735
1259.000000000 -0.475958239 0.135038776 -0.176307222 0.001485693 0.023605873 -0.004514449 0.999710046
1260.000000000 -0.476006107 0.135067832 -0.176357317 0.001504142 0.023612210 -0.004499014 0.999709938
1261.000000000 -0.475938671 0.135073508 -0.176339127 0.001512193 0.023571615 -0.004507387 0.999710846
1262.000000000 -0.476031014 0.135045238 -0.176377458 0.001483730 0.023618503 -0.004453871 0.999710022
1263.000000000 -0.476024760 0.135019143 -0.176388333 0.001470893 0.023588735 -0.004420441 0.999710892
1264.000000000 -0.475949638 0.135019486 -0.176365287 0.001473087 0.023572201 -0.004469465 0.999711061
1265.000000000 -0.475926986 0.135130402 -0.176351541 0.001553122 0.023568971 -0.004558903 0.999710612
1266.000000000 -0.475835110 0.135154189 -0.176356011 0.001592718 0.023509741 -0.004541618 0.999712023
1267.000000000 -0.475786957 0.135094955 -0.176304891 0.001543981 0.023492282 -0.004523244 0.999712593
1268.000000000 -0.475813136 0.135054287 -0.176322990 0.001501104 0.023495608 -0.004442371 0.999712943
1269.000000000 -0.475826525 0.134973038 -0.176323852 0.001452706 0.023491316 -0.004388240 0.999713354
1270.000000000 -0.475777816 0.135089249 -0.176288243 0.001560266 0.023486300 -0.004534541 0.999712657
1271.000000000 -0.475765153 0.135102718 -0.176278705 0.001538123 0.023470135 -0.004518075 0.999713146
1272.000000000 -0.475761161 0.135163418 -0.176288185 0.001598197 0.023481364 -0.004581472 0.999712499
1273.000000000 -0.475853296 0.135108057 -0.176336656 0.001531090 0.023523266 -0.004477162 0.999712092
1274.000000000 -0.475776460 0.135105025 -0.176302137 0.001540775 0.023475524 -0.004481661 0.999713179
1275.000000000 -0.475812843 0.135099503 -0.176347635 0.001540729 0.023491309 -0.004498130 0.999712734
1276.000000000 -0.475837978 0.135087091 -0.176354382 0.001529302 0.023506718 -0.004477171 0.999712484
1277.000000000 -0.475748975 0.135108779 -0.176268674 0.001540223 0.023463553 -0.004484413 0.999713449
1278.000000000 -0.475891079 0.135115080 -0.176359108 0.001540196 0.023548557 -0.004461408 0.999711553
1279.000000000 -0.475976210 0.135113977 -0.176387062 0.001526327 0.023600196 -0.004460199 0.999710362
1280.000000000 -0.476020528 0.135103371 -0.176437627 0.001512722 0.023627513 -0.004462867 0.999709725
1281.000000000 -0.476046160 0.135023873 -0.176469324 0.001444713 0.023617453 -0.004355174 0.999710539
1282.000000000 -0.476015350 0.135078779 -0.176427132 0.001502755 0.023601237 -0.004395299 0.999710660
1283.000000000 -0.475957725 0.135039945 -0.176402683 0.001480432 0.023562850 -0.004398945 0.999711583
1284.000000000 -0.475706817 0.135141823 -0.176246835 0.001580057 0.023447168 -0.004465110 0.999713857
1285.000000000 -0.475820724 0.135095599 -0.176305457 0.001542539 0.023492268 -0.004429172 0.999713017
1286.000000000 -0.475863673 0.135194406 -0.176351624 0.001623393 0.023531285 -0.004487597 0.999711711
1287.000000000 -0.475972792 0.134999146 -0.176495063 0.001454259 0.023552691 -0.004401282 0.999711851
1288.000000000 -0.475877865 0.135747415 -0.176123916 0.001899908 0.023706655 -0.004749693 0.999705869
1289.000000000 -0.475727163 0.135953057 -0.175899713 0.002118141 0.023654490 -0.004983219 0.999705530
1290.000000000 -0.475969109 0.136476169 -0.176027718 0.002607483 0.023787810 -0.005148245 0.999700373
1291.000000000 -0.475936702 0.136533676 -0.175974598 0.002695380 0.023797649 -0.005302066 0.999699102
1292.000000000 -0.475950553 0.136544622 -0.175996293 0.002677441 0.023762912 -0.005198090 0.999700523
1293.000000000 -0.475967467 0.136548681 -0.176024420 0.002682046 0.023775935 -0.005207862 0.999700150
1294.000000000 -0.475881628 0.136518065 -0.175870493 0.002653924 0.023761806 -0.005238585 0.999700400
1295.000000000 -0.475938105 0.136553700 -0.175959990 0.002682608 0.023775717 -0.005196410 0.999700213
1296.000000000 -0.475947725 0.136552451 -0.175990842 0.002672526 0.023756636 -0.005184082 0.999700758
1297.000000000 -0.475950544 0.136540577 -0.175972404 0.002678572 0.023767066 -0.005189374 0.999700466
1298.000000000 -0.475942232 0.136552109 -0.175977245 0.002682724 0.023759863 -0.005183114 0.999700659
1299.000000000 -0.475906930 0.136542869 -0.175956177 0.002681362 0.023747069 -0.005199538 0.999700881
1300.000000000 -0.475920289 0.136564014 -0.176024923 0.002638572 0.023731929 -0.005234798 0.999701171
1301.000000000 -0.475916560 0.136566999 -0.176031621 0.002657739 0.023710386 -0.005206864 0.999701777
1302.000000000 -0.475892035 0.136555684 -0.175993564 0.002641631 0.023711609 -0.005215891 0.999701743
1303.000000000 -0.475910657 0.136566141 -0.176038707 0.002639390 0.023718624 -0.005235331 0.999701481
1304.000000000 -0.475901781 0.136558709 -0.176046034 0.002619697 0.023706090 -0.005218640 0.999701918
1305.000000000 -0.475925307 0.136572882 -0.176088571 0.002650001 0.023710555 -0.005201685 0.999701820
1306.000000000 -0.475919237 0.136573565 -0.176059100 0.002682571 0.023705570 -0.005152316 0.999702107
1307.000000000 -0.476054510 0.136615653 -0.176279683 0.002604234 0.023777959 -0.005048631 0.999701124
1308.000000000 -0.476074837 0.136639095 -0.176324080 0.002609891 0.023768109 -0.005064263 0.999701265
1309.000000000 -0.476064311 0.136617167 -0.176270734 0.002596245 0.023790481 -0.005029996 0.999700941
1310.000000000 -0.475997037 0.136586694 -0.176148995 0.002581106 0.023774340 -0.005081787 0.999701102
1311.000000000 -0.476155988 0.136615537 -0.176431723 0.002552536 0.023789046 -0.004959160 0.999701442
1312.000000000 -0.476134761 0.136599866 -0.176388564 0.002552704 0.023789917 -0.004934648 0.999701542
1313.000000000 -0.476140105 0.136590652 -0.176366751 0.002549516 0.023799752 -0.004933368 0.999701322
1314.000000000 -0.476107374 0.136597751 -0.176334259 0.002556456 0.023795010 -0.004976016 0.999701206
1315.000000000 -0.476151368 0.136629067 -0.176379218 0.002582776 0.023804734 -0.004960692 0.999700983
1316.000000000 -0.476144408 0.136640083 -0.176373657 0.002596080 0.023805738 -0.004982825 0.999700815
1317.000000000 -0.476163770 0.136640982 -0.176415572 0.002593658 0.023807358 -0.004971647 0.999700838
1318.000000000 -0.476161482 0.136624502 -0.176407933 0.002588845 0.023809380 -0.004942815 0.999700945
1319.000000000 -0.476188545 0.136650900 -0.176454649 0.002606453 0.023842084 -0.005020292 0.999699734
1320.000000000 -0.476190821 0.136632645 -0.176402695 0.002601504 0.023834948 -0.004993028 0.999700054
1321.000000000 -0.476198778 0.136624557 -0.176382015 0.002598738 0.023857825 -0.004989902 0.999699531
1322.000000000 -0.476187351 0.136630218 -0.176384572 0.002602285 0.023845204 -0.005029735 0.999699623
1323.000000000 -0.476179712 0.136587119 -0.176353573 0.002575771 0.023838520 -0.004986050 0.999700070
1324.000000000 -0.476082501 0.136523261 -0.176200177 0.002576687 0.023801918 -0.004985344 0.999700943
1325.000000000 -0.476099015 0.136523807 -0.176205074 0.002584482 0.023810609 -0.005020332 0.999700541
1326.000000000 -0.476058261 0.136520100 -0.176152398 0.002591919 0.023794948 -0.005007147 0.999700961
1327.000000000 -0.476053827 0.136490349 -0.176112157 0.002571047 0.023803459 -0.004999552 0.999700850
1328.000000000 -0.476053719 0.136494175 -0.176124415 0.002571659 0.023790258 -0.004997657 0.999701172
1329.000000000 -0.475989159 0.136491983 -0.176058047 0.002594714 0.023767649 -0.005006919 0.999701604
1330.000000000 -0.476000632 0.136519297 -0.176083531 0.002602779 0.023771537 -0.005039464 0.999701327
1331.000000000 -0.475970254 0.136503762 -0.176028308 0.002600148 0.023763589 -0.005018705 0.999701627
1332.000000000 -0.475960586 0.136508232 -0.176021127 0.002616902 0.023759316 -0.005031667 0.999701620
1333.000000000 -0.475963244 0.136499544 -0.176031546 0.002629233 0.023753247 -0.005063072 0.999701573
1334.000000000 -0.475928316 0.136506425 -0.175987909 0.002648970 0.023725718 -0.005080080 0.999702089
1335.000000000 -0.475897918 0.136494477 -0.175934178 0.002651296 0.023722583 -0.005091006 0.999702101
1336.000000000 -0.475921030 0.136513182 -0.175970488 0.002664492 0.023731429 -0.005110358 0.999701758
1337.000000000 -0.475833737 0.136505124 -0.175861591 0.002666665 0.023656384 -0.005038792 0.999703894
1338.000000000 -0.476023452 0.136576316 -0.176144570 0.002615799 0.023749199 -0.004969455 0.999702174
1339.000000000 -0.476034628 0.136559873 -0.176144763 0.002602826 0.023766002 -0.004989047 0.999701711
1340.000000000 -0.476044358 0.136565283 -0.176168934 0.002599753 0.023767101 -0.005031211 0.999701482
1341.000000000 -0.476002082 0.136539619 -0.176106541 0.002590514 0.023739573 -0.005013459 0.999702249
1342.000000000 -0.476040353 0.136622941 -0.176167692 0.002637183 0.023764980 -0.005031489 0.999701433
1343.000000000 -0.475414363 0.135875391 -0.177067340 0.001811281 0.023615148 -0.004483271 0.999709430
1344.000000000 -0.474988286 0.135742122 -0.176682941 0.001819407 0.023423729 -0.004325744 0.999714613
1345.000000000 -0.475037884 0.135770999 -0.176822233 0.001796687 0.023437578 -0.004224639 0.999714761
1346.000000000 -0.475038632 0.135772754 -0.176817934 0.001803806 0.023461179 -0.004226126 0.999714189
1347.000000000 -0.475017390 0.135757612 -0.176743537 0.001831685 0.023475381 -0.004283298 0.999713561
1348.000000000 -0.475010513 0.135767914 -0.176752191 0.001839737 0.023468450 -0.004287599 0.999713691
1349.000000000 -0.475008692 0.135749006 -0.176730840 0.001819643 0.023469934 -0.004259954 0.999713811
1350.000000000 -0.475014363 0.135749700 -0.176739252 0.001819408 0.023471323 -0.004250855 0.999713818
1351.000000000 -0.475023023 0.135748590 -0.176756714 0.001803697 0.023478964 -0.004205800 0.999713857
1352.000000000 -0.475029001 0.135748063 -0.176764257 0.001792465 0.023487929 -0.004199975 0.999713691
1353.000000000 -0.475026078 0.135755176 -0.176772606 0.001799803 0.023480618 -0.004212901 0.999713795
1354.000000000 -0.475028306 0.135763082 -0.176780547 0.001818565 0.023477375 -0.004204036 0.999713875
1355.000000000 -0.475014280 0.135748167 -0.176733177 0.001806342 0.023477168 -0.004215224 0.999713855
1356.000000000 -0.475023683 0.135754832 -0.176760496 0.001810414 0.023474609 -0.004241370 0.999713797
1357.000000000 -0.475027827 0.135758467 -0.176777286 0.001810622 0.023457571 -0.004214388 0.999714311
1358.000000000 -0.475024164 0.135751781 -0.176765380 0.001798858 0.023475344 -0.004228778 0.999713854
1359.000000000 -0.475023107 0.135745139 -0.176751016 0.001786276 0.023467344 -0.004223491 0.999714087
1360.000000000 -0.475014955 0.135747795 -0.176741813 0.001790006 0.023473595 -0.004238382 0.999713870
1361.000000000 -0.475014725 0.135739813 -0.176731316 0.001777944 0.023481907 -0.004213410 0.999713802
1362.000000000 -0.475008989 0.135737305 -0.176721787 0.001774931 0.023476676 -0.004234366 0.999713842
1363.000000000 -0.475003466 0.135732180 -0.176713099 0.001772445 0.023482280 -0.004237629 0.999713701
1364.000000000 -0.475010045 0.135743439 -0.176724830 0.001773312 0.023477115 -0.004226658 0.999713867
1365.000000000 -0.475004610 0.135752774 -0.176722653 0.001785374 0.023489735 -0.004277813 0.999713331
1366.000000000 -0.475005332 0.135757994 -0.176728990 0.001802660 0.023482942 -0.004288805 0.999713413
1367.000000000 -0.475004899 0.135751930 -0.176723935 0.001786502 0.023482830 -0.004275768 0.999713500
1368.000000000 -0.475005254 0.135778705 -0.176746633 0.001802258 0.023470643 -0.004308235 0.999713619
1369.000000000 -0.474992333 0.135778650 -0.176729411 0.001816980 0.023458958 -0.004320763 0.999713812
1370.000000000 -0.474991658 0.135774475 -0.176712693 0.001821510 0.023472541 -0.004313992 0.999713515
1371.000000000 -0.474986677 0.135769735 -0.176707757 0.001801346 0.023481705 -0.004325805 0.999713285
1372.000000000 -0.474988295 0.135754107 -0.176691673 0.001799461 0.023481691 -0.004296965 0.999713413
1373.000000000 -0.474994620 0.135768845 -0.176735948 0.001809118 0.023471536 -0.004305961 0.999713595
1374.000000000 -0.474987899 0.135772244 -0.176716615 0.001814535 0.023474281 -0.004353309 0.999713316
1375.000000000 -0.474998549 0.135782346 -0.176738850 0.001829281 0.023471272 -0.004327894 0.999713470
1376.000000000 -0.474989173 0.135772457 -0.176703864 0.001816355 0.023463752 -0.004324300 0.999713686
1377.000000000 -0.474994728 0.135783574 -0.176738453 0.001815397 0.023470585 -0.004334010 0.999713485
1378.000000000 -0.475074643 0.135807227 -0.176859234 0.001822048 0.023486384 -0.004351644 0.999713025
1379.000000000 -0.475069154 0.135872629 -0.176800886 0.001910278 0.023502709 -0.004411139 0.999712216
1380.000000000 -0.475055783 0.135906273 -0.176840282 0.001935499 0.023459973 -0.004491411 0.999712814
1381.000000000 -0.475223299 0.135909576 -0.177031254 0.001853161 0.023542531 -0.004460213 0.999711169
1382.000000000 -0.475142037 0.135943976 -0.176941962 0.001910472 0.023526131 -0.004558799 0.999711003
1383.000000000 -0.475143791 0.135914374 -0.176938108 0.001888401 0.023523280 -0.004502210 0.999711368
1384.000000000 -0.475108919 0.135912321 -0.176900028 0.001891630 0.023512871 -0.004528594 0.999711488
1385.000000000 -0.475129407 0.135918278 -0.176907727 0.001890734 0.023517274 -0.004517139 0.999711438
1386.000000000 -0.475164599 0.135882531 -0.176959828 0.001839409 0.023535494 -0.004451810 0.999711398
1387.000000000 -0.475170655 0.135891347 -0.176987288 0.001845536 0.023530164 -0.004450260 0.999711519
1388.000000000 -0.475239197 0.135949085 -0.177088792 0.001867305 0.023555949 -0.004490900 0.999710689
1389.000000000 -0.475216159 0.135919118 -0.177056093 0.001842955 0.023542247 -0.004460426 0.999711194
1390.000000000 -0.476694884 0.136688228 -0.175801096 0.002059619 0.023893527 -0.004556899 0.999702002
1391.000000000 -0.477102317 0.136601324 -0.176318902 0.001895586 0.023953099 -0.004273771 0.999702151
1392.000000000 -0.476918932 0.136709433 -0.176072086 0.002042270 0.023921267 -0.004507580 0.999701597
1393.000000000 -0.476817167 0.136657647 -0.175956175 0.002023497 0.023864678 -0.004472781 0.999703144
1394.000000000 -0.476823990 0.136657142 -0.175846345 0.002045463 0.023887142 -0.004560821 0.999702165
1395.000000000 -0.476801908 0.136718359 -0.175834408 0.002041424 0.023869259 -0.004533013 0.999702727
1396.000000000 -0.476632105 0.136876558 -0.175691145 0.002108016 0.023809100 -0.004625485 0.999703600
1397.000000000 -0.476569328 0.136573407 -0.175527226 0.002043077 0.023818602 -0.004586933 0.999703686
1398.000000000 -0.476459756 0.136582918 -0.175755669 0.001964308 0.023792302 -0.004391724 0.999705347
1399.000000000 -0.476541095 0.136659325 -0.175801273 0.002005612 0.023811101 -0.004472718 0.999704458
1400.000000000 -0.476215545 0.136712824 -0.175935899 0.002007032 0.023775996 -0.004469839 0.999705304
1401.000000000 -0.476285571 0.136651935 -0.175999498 0.002011356 0.023785573 -0.004486284 0.999704994
1402.000000000 -0.476344415 0.136590761 -0.175807485 0.001988133 0.023792148 -0.004497456 0.999704833
1403.000000000 -0.476310060 0.136673952 -0.175963035 0.002015612 0.023790320 -0.004533502 0.999704659
1404.000000000 -0.476236575 0.136715505 -0.175815699 0.002019778 0.023765417 -0.004505390 0.999705370
1405.000000000 -0.476383409 0.136592678 -0.175904443 0.001972501 0.023815040 -0.004461952 0.999704478
1406.000000000 -0.476322759 0.136463186 -0.175651228 0.001937293 0.023781054 -0.004446260 0.999705426
1407.000000000 -0.476242216 0.136603841 -0.175824047 0.001965738 0.023780903 -0.004424229 0.999705472
1408.000000000 -0.476296858 0.136749408 -0.175898689 0.002000970 0.023800192 -0.004440086 0.999704873
1409.000000000 -0.476125292 0.136930956 -0.175897164 0.002101009 0.023755032 -0.004533252 0.999705323
1410.000000000 -0.476170723 0.136972644 -0.175963953 0.002119252 0.023762288 -0.004555220 0.999705013
1411.000000000 -0.476256922 0.137003803 -0.176012267 0.002128792 0.023784607 -0.004594095 0.999704284
1412.000000000 -0.476442151 0.136931849 -0.175919216 0.002089281 0.023816110 -0.004507532 0.999704011
1413.000000000 -0.476437951 0.136921313 -0.175940594 0.002053200 0.023821623 -0.004472807 0.999704111
1414.000000000 -0.476500003 0.136981295 -0.176188349 0.002070923 0.023864978 -0.004481678 0.999703000
1415.000000000 -0.476523941 0.136951756 -0.176100845 0.002053975 0.023842774 -0.004427452 0.999703807
1416.000000000 -0.476487861 0.137008219 -0.175947441 0.002060845 0.023815885 -0.004422874 0.999704454
1417.000000000 -0.476501696 0.137149677 -0.176114207 0.002089552 0.023827531 -0.004432638 0.999704073
1418.000000000 -0.476761237 0.137061058 -0.175835941 0.002068926 0.023850322 -0.004396385 0.999703733
1419.000000000 -0.476584139 0.136996919 -0.176060713 0.002112789 0.023854676 -0.004542495 0.999702884
1420.000000000 -0.476788841 0.137192209 -0.175915927 0.002156997 0.023873664 -0.004548085 0.999702311
1421.000000000 -0.476853860 0.137256757 -0.176096828 0.002136144 0.023901136 -0.004477138 0.999702020
1422.000000000 -0.476937431 0.137265878 -0.176110133 0.002138267 0.023913267 -0.004482987 0.999701699
1423.000000000 -0.476859999 0.137334942 -0.176271128 0.002133079 0.023915340 -0.004457317 0.999701775
1424.000000000 -0.476748662 0.137249238 -0.176064330 0.002139858 0.023874490 -0.004518043 0.999702464
1425.000000000 -0.476902236 0.137132659 -0.176334599 0.002088606 0.023929087 -0.004443717 0.999701600
1426.000000000 -0.476881106 0.137190375 -0.176019834 0.002123194 0.023901061 -0.004476501 0.999702052
1427.000000000 -0.476554315 0.136908853 -0.177054161 0.001933531 0.023815789 -0.004335218 0.999705094
1428.000000000 -0.476333932 0.136807481 -0.176891138 0.002022510 0.023745186 -0.004540157 0.999705688
1429.000000000 -0.475944699 0.136760615 -0.176499290 0.001993735 0.023662875 -0.004538703 0.999707704
1430.000000000 -0.475973526 0.136767291 -0.176582071 0.002018350 0.023682335 -0.004614121 0.999706849
1431.000000000 -0.476082735 0.136710652 -0.176877173 0.001999030 0.023705108 -0.004608976 0.999706371
1432.000000000 -0.476004903 0.136689243 -0.176618924 0.001994680 0.023681652 -0.004606922 0.999706945
1433.000000000 -0.476038090 0.136674235 -0.176652024 0.001991294 0.023699315 -0.004620756 0.999706470
1434.000000000 -0.476013820 0.136681247 -0.176541130 0.001993089 0.023687414 -0.004627523 0.999706717
1435.000000000 -0.475943284 0.136664835 -0.176449014 0.001969143 0.023662306 -0.004652888 0.999707241
1436.000000000 -0.475997005 0.136654683 -0.176560916 0.001967669 0.023681158 -0.004640848 0.999706854
1437.000000000 -0.476016560 0.136651302 -0.176616250 0.001977748 0.023690961 -0.004652832 0.999706546
1438.000000000 -0.475973731 0.136650212 -0.176535885 0.001981907 0.023675803 -0.004642256 0.999706946
1439.000000000 -0.475953566 0.136672588 -0.176503210 0.001992350 0.023680217 -0.004702195 0.999706541
1440.000000000 -0.475943819 0.136657867 -0.176476103 0.002000921 0.023675104 -0.004691997 0.999706692
1441.000000000 -0.475923034 0.136641281 -0.176491567 0.001980757 0.023671247 -0.004687512 0.999706845
1442.000000000 -0.475926564 0.136626265 -0.176454924 0.001978598 0.023665544 -0.004660280 0.999707112
1443.000000000 -0.475923710 0.136633018 -0.176433065 0.001985611 0.023672056 -0.004633192 0.999707069
1444.000000000 -0.475898449 0.136628575 -0.176409356 0.001979906 0.023678284 -0.004656978 0.999706823
1445.000000000 -0.475932776 0.136631205 -0.176417582 0.001978906 0.023672916 -0.004645390 0.999707006
1446.000000000 -0.475931828 0.136643724 -0.176431413 0.001986706 0.023677313 -0.004659459 0.999706821
1447.000000000 -0.475931533 0.136670170 -0.176364854 0.002004519 0.023680531 -0.004693475 0.999706550
1448.000000000 -0.475961737 0.136677734 -0.176373329 0.002010594 0.023686820 -0.004677255 0.999706465
1449.000000000 -0.475940809 0.136683423 -0.176321073 0.002025076 0.023673849 -0.004682248 0.999706719
1450.000000000 -0.475896785 0.136663956 -0.176277681 0.002002317 0.023662145 -0.004700783 0.999706955
1451.000000000 -0.475965798 0.136689613 -0.176349699 0.002028694 0.023689608 -0.004718789 0.999706167
1452.000000000 -0.475919896 0.136672867 -0.176300122 0.002014682 0.023673269 -0.004717517 0.999706588
1453.000000000 -0.475957090 0.136678582 -0.176364612 0.002011803 0.023683649 -0.004710181 0.999706383
1454.000000000 -0.475937093 0.136659299 -0.176385242 0.002014019 0.023679015 -0.004690655 0.999706580
1455.000000000 -0.475930155 0.136649314 -0.176405940 0.002000282 0.023678736 -0.004666358 0.999706728
1456.000000000 -0.475956659 0.136674565 -0.176433124 0.002024131 0.023692710 -0.004700607 0.999706188
1457.000000000 -0.475944288 0.136696682 -0.176367431 0.002070753 0.023692596 -0.004736353 0.999705927
1458.000000000 -0.475925582 0.136669264 -0.176358225 0.002039006 0.023688345 -0.004721089 0.999706165
1459.000000000 -0.475924464 0.136670442 -0.176383396 0.002048465 0.023687349 -0.004746121 0.999706051
1460.000000000 -0.475962473 0.136697229 -0.176396710 0.002069509 0.023703968 -0.004766939 0.999705514
1461.000000000 -0.475974817 0.136697174 -0.176385946 0.002071639 0.023695580 -0.004758904 0.999705747
1462.000000000 -0.475953876 0.136682392 -0.176351185 0.002042160 0.023694923 -0.004690667 0.999706146
1463.000000000 -0.475964252 0.136692163 -0.176370236 0.002041486 0.023709843 -0.004733210 0.999705593
1464.000000000 -0.475929975 0.136708746 -0.176351544 0.002060071 0.023696210 -0.004810934 0.999705507
1465.000000000 -0.475938835 0.136710516 -0.176374599 0.002069864 0.023699251 -0.004790457 0.999705513
1466.000000000 -0.475917508 0.136702313 -0.176315053 0.002069696 0.023708523 -0.004776154 0.999705362
1467.000000000 -0.475936201 0.136688582 -0.176362777 0.002055396 0.023712118 -0.004754785 0.999705408
1468.000000000 -0.475912307 0.136682353 -0.176358059 0.002047611 0.023711720 -0.004777080 0.999705327
1469.000000000 -0.475941640 0.136680811 -0.176440366 0.002048572 0.023716481 -0.004729105 0.999705440
1470.000000000 -0.475920802 0.136663806 -0.176370696 0.002042721 0.023701534 -0.004747001 0.999705722
1471.000000000 -0.475871494 0.136637405 -0.176288657 0.002026721 0.023662570 -0.004734166 0.999706738
1472.000000000 -0.475874642 0.136645664 -0.176321454 0.002017682 0.023676331 -0.004752624 0.999706343
1473.000000000 -0.475859127 0.136640271 -0.176335159 0.002016393 0.023668566 -0.004776210 0.999706417
1474.000000000 -0.475850910 0.136635314 -0.176339343 0.002005471 0.023669562 -0.004763576 0.999706476
1475.000000000 -0.475854244 0.136621609 -0.176331847 0.001993581 0.023675811 -0.004764740 0.999706346
1476.000000000 -0.475846247 0.136611607 -0.176310795 0.001982277 0.023668903 -0.004734648 0.999706675
1477.000000000 -0.475849705 0.136609666 -0.176338980 0.001986087 0.023672317 -0.004718221 0.999706665
1478.000000000 -0.475844861 0.136629476 -0.176326781 0.002002157 0.023670871 -0.004774945 0.999706397
1479.000000000 -0.475855061 0.136627980 -0.176390190 0.001988371 0.023677304 -0.004758949 0.999706349
1480.000000000 -0.475832492 0.136582682 -0.176326374 0.001934596 0.023648696 -0.004683713 0.999707487
1481.000000000 -0.475814890 0.136559402 -0.176306378 0.001911275 0.023637810 -0.004615120 0.999708108
1482.000000000 -0.475849527 0.136600466 -0.176456951 0.001963695 0.023677504 -0.004708000 0.999706634
1483.000000000 -0.475849113 0.136575837 -0.176453335 0.001931694 0.023691476 -0.004650478 0.999706635
1484.000000000 -0.475837460 0.136568338 -0.176536214 0.001924766 0.023696233 -0.004648925 0.999706543
1485.000000000 -0.475865529 0.136593765 -0.176542313 0.001949312 0.023713986 -0.004715502 0.999705762
1486.000000000 -0.475868157 0.136591622 -0.176585000 0.001932254 0.023722397 -0.004698552 0.999705676
1487.000000000 -0.475864986 0.136569047 -0.176608335 0.001941279 0.023716111 -0.004702349 0.999705789
1488.000000000 -0.475803575 0.136561928 -0.176533333 0.001925422 0.023698840 -0.004701055 0.999706236
1489.000000000 -0.475782016 0.136553765 -0.176555810 0.001931083 0.023679861 -0.004703482 0.999706663
1490.000000000 -0.475778564 0.136552582 -0.176506236 0.001936798 0.023659605 -0.004711109 0.999707096
1491.000000000 -0.475751577 0.136536249 -0.176504771 0.001922352 0.023657239 -0.004696338 0.999707249
1492.000000000 -0.475747254 0.136525814 -0.176508154 0.001930213 0.023667240 -0.004684283 0.999707054
1493.000000000 -0.475774657 0.136531645 -0.176583563 0.001912308 0.023678327 -0.004693058 0.999706785
1494.000000000 -0.475774404 0.136547358 -0.176551860 0.001929990 0.023683837 -0.004723459 0.999706477
1495.000000000 -0.475801125 0.136550493 -0.176643715 0.001944013 0.023710795 -0.004696332 0.999705938
1496.000000000 -0.475802749 0.136566602 -0.176662359 0.001946700 0.023704640 -0.004729463 0.999705923
1497.000000000 -0.475777591 0.136526269 -0.176517116 0.001893413 0.023685576 -0.004663735 0.999706786
1498.000000000 -0.475788678 0.136521258 -0.176580494 0.001879884 0.023684659 -0.004678101 0.999706766
1499.000000000 -0.475802769 0.136543598 -0.176617029 0.001907912 0.023698867 -0.004725291 0.999706154
1500.000000000 -0.475864626 0.136539731 -0.176697832 0.001886776 0.023730189 -0.004675254 0.999705687
1501.000000000 -0.475773437 0.136489389 -0.176492778 0.001848840 0.023647743 -0.004614129 0.999707995
1502.000000000 -0.475772486 0.136507494 -0.176483976 0.001865516 0.023659391 -0.004635880 0.999707588
1503.000000000 -0.475775101 0.136500652 -0.176525697 0.001877240 0.023659682 -0.004656310 0.999707464
1504.000000000 -0.475800635 0.136497006 -0.176547447 0.001866847 0.023683150 -0.004647279 0.999706970
1505.000000000 -0.475807473 0.136780421 -0.176259352 0.001978999 0.023627373 -0.004690283 0.999707873
1506.000000000 -0.476567223 0.136916296 -0.177072679 0.002012223 0.023849608 -0.004728707 0.999702349
1507.000000000 -0.476604475 0.136901152 -0.177081004 0.002018735 0.023834015 -0.004754567 0.999702585
1508.000000000 -0.476500410 0.137035706 -0.176987462 0.002118087 0.023782777 -0.004721008 0.999703759
1509.000000000 -0.476518618 0.136886012 -0.177014157 0.002003009 0.023799438 -0.004641779 0.999703970
1510.000000000 -0.476533227 0.136911849 -0.177068527 0.002002928 0.023815497 -0.004663533 0.999703487
1511.000000000 -0.476335389 0.136959484 -0.176806436 0.002051186 0.023761796 -0.004722529 0.999704390
1512.000000000 -0.476420229 0.136957204 -0.176800197 0.002045259 0.023774263 -0.004739752 0.999704024
1513.000000000 -0.476442890 0.136960211 -0.176803147 0.002064200 0.023782513 -0.004739614 0.999703790
1514.000000000 -0.476446797 0.136968948 -0.176732974 0.002065552 0.023792533 -0.004722850 0.999703628
1515.000000000 -0.476384835 0.136901926 -0.176774008 0.002048109 0.023784893 -0.004709882 0.999703907
1516.000000000 -0.476486695 0.136877654 -0.176801555 0.002027553 0.023802118 -0.004681743 0.999703671
1517.000000000 -0.476408510 0.136882881 -0.176793536 0.002047420 0.023782804 -0.004705776 0.999703977
1518.000000000 -0.476439554 0.136992722 -0.176771923 0.002114952 0.023779373 -0.004742341 0.999703745
1519.000000000 -0.476493013 0.137101626 -0.176850103 0.002154311 0.023804919 -0.004751095 0.999703012
1520.000000000 -0.476423990 0.137013277 -0.176818266 0.002116189 0.023798832 -0.004740684 0.999703288
1521.000000000 -0.476366823 0.136981384 -0.176778188 0.002093905 0.023785329 -0.004730990 0.999703702
1522.000000000 -0.476298052 0.137003278 -0.176757847 0.002113933 0.023768184 -0.004755262 0.999703952
1523.000000000 -0.476238362 0.137016650 -0.176717450 0.002119490 0.023740149 -0.004745153 0.999704655
1524.000000000 -0.476326932 0.137061490 -0.176747181 0.002136721 0.023773991 -0.004785547 0.999703621
1525.000000000 -0.476365170 0.137080426 -0.176812703 0.002134426 0.023784884 -0.004778914 0.999703399
1526.000000000 -0.476449644 0.137071806 -0.176843160 0.002137298 0.023794577 -0.004751964 0.999703290
1527.000000000 -0.476487612 0.137040990 -0.176863567 0.002127653 0.023815466 -0.004731605 0.999702910
1528.000000000 -0.476408803 0.137071263 -0.176858257 0.002130379 0.023800654 -0.004765489 0.999703096
1529.000000000 -0.476427573 0.137216933 -0.176988656 0.002164588 0.023802142 -0.004737975 0.999703118
1530.000000000 -0.476462380 0.137126045 -0.176975112 0.002125430 0.023823950 -0.004716578 0.999702784
1531.000000000 -0.476421140 0.137134260 -0.177064063 0.002151243 0.023797629 -0.004750254 0.999703196
1532.000000000 -0.476562149 0.137215401 -0.176978340 0.002216223 0.023873490 -0.004688904 0.999701535
1533.000000000 -0.476753753 0.137431286 -0.177198947 0.002261969 0.023947357 -0.004707338 0.999699579
1534.000000000 -0.476839342 0.137460048 -0.177193625 0.002263548 0.023981800 -0.004706657 0.999698753
1535.000000000 -0.477244822 0.137564006 -0.177373569 0.002299284 0.024076569 -0.004715607 0.999696351
1536.000000000 -0.477289805 0.137563797 -0.177286791 0.002286971 0.024086464 -0.004676234 0.999696326
1537.000000000 -0.477311848 0.137644066 -0.177193511 0.002324435 0.024077479 -0.004664939 0.999696509
1538.000000000 -0.477225255 0.137517457 -0.177282190 0.002259795 0.024054709 -0.004652344 0.999697264
1539.000000000 -0.477378217 0.137627139 -0.177322519 0.002320800 0.024138372 -0.004622796 0.999695245
1540.000000000 -0.477414035 0.137675384 -0.177315641 0.002341944 0.024156025 -0.004652419 0.999694632
1541.000000000 -0.477416298 0.137558420 -0.177314444 0.002295945 0.024141613 -0.004614768 0.999695261
1542.000000000 -0.476565874 0.136916152 -0.177071134 0.001994167 0.023713705 -0.004364988 0.999707272
1543.000000000 -0.476479819 0.136856331 -0.177151468 0.001999606 0.023686497 -0.004415117 0.999707686
1544.000000000 -0.476485400 0.135637454 -0.176095091 0.001495112 0.023452111 -0.004075420 0.999715537
1545.000000000 -0.476688721 0.135764765 -0.176315911 0.001475345 0.023525380 -0.004106282 0.999713718
1546.000000000 -0.476652559 0.135975572 -0.176475026 0.001542668 0.023513260 -0.004070166 0.999714049
1547.000000000 -0.476507051 0.135954320 -0.176221655 0.001538151 0.023453606 -0.004161863 0.999715080
1548.000000000 -0.476565480 0.136022460 -0.176253161 0.001566407 0.023460443 -0.004148267 0.999714932
1549.000000000 -0.476572956 0.135867256 -0.176225051 0.001515670 0.023450313 -0.004127802 0.999715333
1550.000000000 -0.476468942 0.135895887 -0.176206857 0.001527655 0.023458106 -0.004181226 0.999714910
1551.000000000 -0.476411123 0.135941681 -0.176079228 0.001563306 0.023452485 -0.004160950 0.999715071
1552.000000000 -0.476518690 0.135926346 -0.176101582 0.001532396 0.023479239 -0.004140487 0.999714576
1553.000000000 -0.476482374 0.135986649 -0.176053809 0.001569259 0.023457859 -0.004183963 0.999714840
1554.000000000 -0.476473739 0.136006423 -0.176142424 0.001572617 0.023462737 -0.004209622 0.999714612
1555.000000000 -0.476502098 0.136002785 -0.176284908 0.001575337 0.023455091 -0.004264938 0.999714553
1556.000000000 -0.476473718 0.136000273 -0.176216748 0.001586799 0.023466128 -0.004251058 0.999714335
1557.000000000 -0.476436341 0.135936442 -0.176171191 0.001554771 0.023437405 -0.004218320 0.999715198
1558.000000000 -0.476477806 0.136156604 -0.176318677 0.001648349 0.023478884 -0.004261076 0.999713893
1559.000000000 -0.476507167 0.136078814 -0.176357777 0.001621140 0.023480885 -0.004240221 0.999713979
1560.000000000 -0.476512372 0.136019650 -0.176339866 0.001607124 0.023465586 -0.004191187 0.999714568
1561.000000000 -0.476553948 0.135970350 -0.176395235 0.001574500 0.023475074 -0.004178957 0.999714448
1562.000000000 -0.476605307 0.135917378 -0.176456779 0.001556002 0.023475574 -0.004167062 0.999714515
1563.000000000 -0.476523448 0.135955362 -0.176438240 0.001581701 0.023444316 -0.004172740 0.999715185
1564.000000000 -0.476546199 0.135964894 -0.176544235 0.001562673 0.023454012 -0.004181974 0.999714949
1565.000000000 -0.476457997 0.135969751 -0.176258492 0.001595701 0.023438340 -0.004229918 0.999715062
1566.000000000 -0.476447235 0.135976159 -0.176292353 0.001602697 0.023436094 -0.004204876 0.999715209
1567.000000000 -0.476420978 0.135940044 -0.176212285 0.001601189 0.023429917 -0.004219984 0.999715293
1568.000000000 -0.476483978 0.136062425 -0.176732050 0.001616067 0.023452457 -0.004216416 0.999714756
1569.000000000 -0.476456396 0.136095761 -0.176618603 0.001646517 0.023448725 -0.004193621 0.999714889
1570.000000000 -0.476492259 0.136059213 -0.176514228 0.001625255 0.023453658 -0.004212104 0.999714731
1571.000000000 -0.476487905 0.136014870 -0.176544527 0.001620047 0.023454581 -0.004201765 0.999714761
1572.000000000 -0.476481310 0.136138588 -0.176639518 0.001656637 0.023453323 -0.004215557 0.999714672
1573.000000000 -0.476360044 0.136145168 -0.176708247 0.001641111 0.023434233 -0.004237029 0.999715055
1574.000000000 -0.476465359 0.136119897 -0.176850210 0.001610999 0.023455820 -0.004162411 0.999714911
1575.000000000 -0.476513025 0.136195609 -0.176884813 0.001587924 0.023474028 -0.004187576 0.999714416
1576.000000000 -0.476643573 0.136105976 -0.176776501 0.001565921 0.023492011 -0.004178446 0.999714066
1577.000000000 -0.476752894 0.136039506 -0.176768950 0.001541870 0.023515197 -0.004107706 0.999713852
1578.000000000 -0.476792540 0.136011194 -0.176800949 0.001529395 0.023538400 -0.004127632 0.999713243
1579.000000000 -0.476711159 0.136025386 -0.176771595 0.001529777 0.023504090 -0.004131377 0.999714034
1580.000000000 -0.476850329 0.135936346 -0.176852580 0.001501546 0.023544775 -0.004119011 0.999713170
1581.000000000 -0.476808120 0.135941520 -0.176943956 0.001488668 0.023534105 -0.004129085 0.999713399
1582.000000000 -0.476863651 0.135990755 -0.177053759 0.001498876 0.023543443 -0.004105925 0.999713259
1583.000000000 -0.476569746 0.136918099 -0.177075367 0.001946801 0.023925015 -0.004281590 0.999702692
1584.000000000 -0.476352440 0.136558400 -0.177052106 0.001792359 0.023809557 -0.004223739 0.999705983
1585.000000000 -0.476372452 0.136204114 -0.176518568 0.001800362 0.023862884 -0.004206113 0.999704771
1586.000000000 -0.476373362 0.135869651 -0.176348214 0.001688095 0.023875560 -0.004171491 0.999704810
1587.000000000 -0.476420633 0.136523689 -0.176586224 0.001868380 0.023864297 -0.004227096 0.999704524
1588.000000000 -0.476325865 0.136526962 -0.176523099 0.001874167 0.023848924 -0.004216067 0.999704927
1589.000000000 -0.476322889 0.136567513 -0.176390179 0.001877436 0.023837265 -0.004220677 0.999705180
1590.000000000 -0.476361238 0.136565906 -0.176291075 0.001896762 0.023855555 -0.004253305 0.999704568
1591.000000000 -0.476355518 0.136510530 -0.176306229 0.001866032 0.023867321 -0.004277375 0.999704243
1592.000000000 -0.476339033 0.136514899 -0.176296697 0.001870807 0.023859538 -0.004268871 0.999704456
1593.000000000 -0.476367969 0.136503684 -0.176228441 0.001891892 0.023874886 -0.004284154 0.999703984
1594.000000000 -0.476335811 0.136465377 -0.176159846 0.001872032 0.023858362 -0.004275019 0.999704455
1595.000000000 -0.476384781 0.136449607 -0.176111895 0.001832766 0.023850915 -0.004185742 0.999705084
1596.000000000 -0.476416258 0.136483642 -0.176109711 0.001843626 0.023859187 -0.004186358 0.999704864
1597.000000000 -0.476442823 0.136437248 -0.176081735 0.001829490 0.023858273 -0.004169694 0.999704981
1598.000000000 -0.476409942 0.136443518 -0.176108316 0.001827504 0.023858814 -0.004173679 0.999704955
1599.000000000 -0.476406625 0.136392191 -0.176103431 0.001810664 0.023844772 -0.004176843 0.999705308
1600.000000000 -0.476667381 0.136541048 -0.176321407 0.001867318 0.023947901 -0.004198137 0.999702649
1601.000000000 -0.476644963 0.136544248 -0.176284359 0.001875623 0.023934340 -0.004210579 0.999702906
1602.000000000 -0.476605033 0.136527397 -0.176317633 0.001865885 0.023927049 -0.004188192 0.999703193
1603.000000000 -0.476515828 0.136608688 -0.176289342 0.001917783 0.023902798 -0.004273218 0.999703315
1604.000000000 -0.476442620 0.137216838 -0.175591918 0.002105895 0.023918328 -0.004730112 0.999700508
1605.000000000 -0.476436575 0.137086782 -0.174906281 0.002221991 0.023872436 -0.004838690 0.999700834
1606.000000000 -0.476343376 0.137188002 -0.174635094 0.002274098 0.023839958 -0.004956964 0.999700912
1607.000000000 -0.476424610 0.137008058 -0.174350465 0.002264049 0.023839664 -0.004855026 0.999701442
1608.000000000 -0.476328836 0.137074837 -0.174739723 0.002284629 0.023837937 -0.004913594 0.999701150
1609.000000000 -0.476200987 0.136849035 -0.174807299 0.002257429 0.023820522 -0.004960708 0.999701394
1610.000000000 -0.476325332 0.136924951 -0.174385970 0.002238575 0.023806063 -0.004849316 0.999702328
1611.000000000 -0.476349584 0.137135370 -0.174760844 0.002271028 0.023847655 -0.004870665 0.999701160
1612.000000000 -0.476323034 0.137143957 -0.174793592 0.002286399 0.023866306 -0.004882118 0.999700624
1613.000000000 -0.476355814 0.137139536 -0.174727931 0.002272541 0.023872872 -0.004840641 0.999700700
1614.000000000 -0.476428840 0.136946774 -0.174618442 0.002218407 0.023896456 -0.004926961 0.999699837
1615.000000000 -0.476579021 0.136939321 -0.174629404 0.002208847 0.023912757 -0.004936551 0.999699421
1616.000000000 -0.476518655 0.136956728 -0.174894970 0.002167134 0.023890828 -0.004880273 0.999700312
1617.000000000 -0.476555012 0.136946803 -0.174751370 0.002187690 0.023894905 -0.004901648 0.999700066
1618.000000000 -0.476567679 0.136920636 -0.174592420 0.002192711 0.023888123 -0.004909573 0.999700178
1619.000000000 -0.476514499 0.136998651 -0.174712056 0.002205318 0.023882701 -0.004892172 0.999700365
1620.000000000 -0.476206139 0.137434163 -0.176143066 0.002105420 0.023853857 -0.004306012 0.999703966
1621.000000000 -0.476246468 0.137579665 -0.176234952 0.002111257 0.023910970 -0.004343021 0.999702429
1622.000000000 -0.476236925 0.137401669 -0.176222295 0.002058399 0.023878231 -0.004220447 0.999703847
1623.000000000 -0.476146717 0.137537379 -0.176481084 0.002108323 0.023884481 -0.004316742 0.999703182
1624.000000000 -0.476153811 0.137513155 -0.176456738 0.002102258 0.023884663 -0.004314293 0.999703201
1625.000000000 -0.476165738 0.137546522 -0.176483350 0.002118367 0.023896072 -0.004321888 0.999702862
1626.000000000 -0.476546217 0.137350644 -0.176046805 0.002079252 0.023958949 -0.004288770 0.999701581
1627.000000000 -0.476418392 0.137396961 -0.176126326 0.002085577 0.023925410 -0.004294003 0.999702349
1628.000000000 -0.476411126 0.137339667 -0.176057341 0.002064795 0.023920974 -0.004281519 0.999702552
1629.000000000 -0.476333284 0.137341206 -0.176050510 0.002061951 0.023898920 -0.004301941 0.999702998
1630.000000000 -0.476381526 0.137360976 -0.176051719 0.002071572 0.023926689 -0.004301366 0.999702316
1631.000000000 -0.476296110 0.137375489 -0.176142457 0.002077977 0.023910444 -0.004361960 0.999702429
1632.000000000 -0.476330503 0.137297535 -0.176040937 0.002056556 0.023893849 -0.004351427 0.999702916
1633.000000000 -0.476353216 0.137277791 -0.176041108 0.002056771 0.023893637 -0.004362476 0.999702872
1634.000000000 -0.476339289 0.137237090 -0.176074505 0.002033025 0.023884462 -0.004342249 0.999703228
1635.000000000 -0.476408135 0.137254327 -0.175984954 0.002031380 0.023893211 -0.004347440 0.999703000
1636.000000000 -0.476347410 0.137248469 -0.175873200 0.002044519 0.023875786 -0.004328291 0.999703472
1637.000000000 -0.476326847 0.137303140 -0.175938665 0.002066439 0.023884758 -0.004317670 0.999703259
1638.000000000 -0.476354531 0.137373068 -0.175933580 0.002085129 0.023879560 -0.004337924 0.999703257
1639.000000000 -0.476387766 0.137386897 -0.175964787 0.002091404 0.023894312 -0.004319774 0.999702970
1640.000000000 -0.476408471 0.137333307 -0.175870232 0.002071836 0.023889364 -0.004319295 0.999703131
1641.000000000 -0.476476075 0.137419115 -0.175884128 0.002101432 0.023918598 -0.004320216 0.999702366
1642.000000000 -0.476435138 0.137376436 -0.175939179 0.002088204 0.023915812 -0.004347741 0.999702341
1643.000000000 -0.476407534 0.137447508 -0.175983433 0.002116534 0.023898514 -0.004313501 0.999702843
1644.000000000 -0.476498351 0.137402616 -0.175832107 0.002103406 0.023920246 -0.004288982 0.999702457
1645.000000000 -0.476459271 0.137414982 -0.175812638 0.002100696 0.023904039 -0.004304413 0.999702784
1646.000000000 -0.476481779 0.137426406 -0.175843917 0.002113090 0.023911861 -0.004313690 0.999702531
1647.000000000 -0.476433381 0.137529688 -0.175868010 0.002123952 0.023890461 -0.004319196 0.999702996
1648.000000000 -0.476451003 0.137413118 -0.175948298 0.002084987 0.023911395 -0.004327635 0.999702541
1649.000000000 -0.476426165 0.137383437 -0.175991823 0.002071965 0.023905657 -0.004327023 0.999702708
1650.000000000 -0.476459469 0.137422746 -0.176090513 0.002082793 0.023942420 -0.004316363 0.999701851
1651.000000000 -0.476348808 0.137595045 -0.176167933 0.002127846 0.023921952 -0.004379756 0.999701971
1652.000000000 -0.476450126 0.137474292 -0.176238839 0.002097871 0.023943804 -0.004332959 0.999701715
1653.000000000 -0.476457278 0.137202739 -0.175535002 0.002045335 0.023754115 -0.004399917 0.999706056
1654.000000000 -0.476326047 0.138106280 -0.176197047 0.002363097 0.023750760 -0.004849132 0.999703358
1655.000000000 -0.476428101 0.138132456 -0.176272043 0.002370293 0.023809249 -0.004787869 0.999702245
1656.000000000 -0.476304212 0.137915670 -0.175886122 0.002339302 0.023768669 -0.004757948 0.999703426
1657.000000000 -0.476234475 0.137875192 -0.175754652 0.002338226 0.023756757 -0.004748837 0.999703755
1658.000000000 -0.476313632 0.137881645 -0.175838137 0.002328506 0.023776881 -0.004737249 0.999703354
1659.000000000 -0.476333030 0.137937276 -0.175877824 0.002353364 0.023786045 -0.004751495 0.999703010
1660.000000000 -0.476377971 0.137933120 -0.175939789 0.002349941 0.023790478 -0.004753032 0.999702906
1661.000000000 -0.476367170 0.137904736 -0.175877717 0.002343325 0.023793343 -0.004732106 0.999702952
1662.000000000 -0.476330527 0.137889554 -0.175818174 0.002332345 0.023772305 -0.004726445 0.999703505
1663.000000000 -0.476359688 0.137883379 -0.175889949 0.002318710 0.023788873 -0.004710094 0.999703220
1664.000000000 -0.476391062 0.137842846 -0.175961361 0.002285917 0.023778933 -0.004652799 0.999703800
1665.000000000 -0.476382174 0.137829581 -0.175919043 0.002271628 0.023783112 -0.004661421 0.999703693
1666.000000000 -0.476350405 0.137889662 -0.175929907 0.002321928 0.023759084 -0.004723793 0.999703856
1667.000000000 -0.476240559 0.137718910 -0.175737986 0.002253108 0.023708175 -0.004619963 0.999705708
1668.000000000 -0.476143025 0.137844787 -0.175777214 0.002332837 0.023659689 -0.004691224 0.999706342
1669.000000000 -0.476158672 0.137818755 -0.175754390 0.002321090 0.023674106 -0.004701297 0.999705980
1670.000000000 -0.476145195 0.137912295 -0.175858831 0.002338611 0.023676999 -0.004744436 0.999705667
1671.000000000 -0.476195687 0.137978358 -0.175883845 0.002346222 0.023691304 -0.004717090 0.999705440
1672.000000000 -0.476245814 0.138067896 -0.176028914 0.002371239 0.023707491 -0.004723150 0.999704968
1673.000000000 -0.476232450 0.138057106 -0.176022860 0.002359781 0.023705533 -0.004720899 0.999705053
1674.000000000 -0.476312544 0.138049471 -0.176147905 0.002354159 0.023724485 -0.004680533 0.999704806
1675.000000000 -0.476154318 0.137992722 -0.175899076 0.002362177 0.023664116 -0.004764064 0.999705823
1676.000000000 -0.476350707 0.137823452 -0.176016136 0.002260102 0.023724285 -0.004592876 0.999705434
1677.000000000 -0.476316222 0.137853371 -0.175922924 0.002278298 0.023732204 -0.004586807 0.999705233
1678.000000000 -0.476297768 0.137808837 -0.175798290 0.002277478 0.023727708 -0.004597924 0.999705291
1679.000000000 -0.476429969 0.137769806 -0.176036522 0.002220195 0.023770889 -0.004528476 0.999704711
1680.000000000 -0.476342911 0.137748624 -0.175903952 0.002224922 0.023723434 -0.004591162 0.999705541
1681.000000000 -0.476376138 0.137841557 -0.175961271 0.002250287 0.023740448 -0.004562990 0.999705210
1682.000000000 -0.476388444 0.137801304 -0.175905643 0.002236201 0.023756173 -0.004568624 0.999704842
1683.000000000 -0.476474505 0.137792879 -0.176094270 0.002228261 0.023771768 -0.004516439 0.999704726
1684.000000000 -0.476369002 0.137770225 -0.175876738 0.002210246 0.023740544 -0.004511607 0.999705530
1685.000000000 -0.476474673 0.137758494 -0.175998483 0.002218274 0.023778387 -0.004488962 0.999704715
1686.000000000 -0.476330775 0.137815822 -0.175919200 0.002247180 0.023736448 -0.004524695 0.999705486
1687.000000000 -0.476430907 0.137845079 -0.175986819 0.002259936 0.023763370 -0.004484400 0.999704999
1688.000000000 -0.476508272 0.137767668 -0.176031219 0.002234438 0.023783225 -0.004490051 0.999704559
1689.000000000 -0.476463247 0.137731658 -0.175960233 0.002199215 0.023764808 -0.004458447 0.999705216
1690.000000000 -0.476477246 0.137732725 -0.176105608 0.002199100 0.023794170 -0.004448551 0.999704562
1691.000000000 -0.476516701 0.137786827 -0.176188325 0.002204821 0.023805474 -0.004428497 0.999704370
1692.000000000 -0.476441133 0.137952928 -0.176183118 0.002240266 0.023783834 -0.004483910 0.999704559
1693.000000000 -0.476517430 0.137937861 -0.176360659 0.002252126 0.023794682 -0.004467894 0.999704346
1694.000000000 -0.476412997 0.138014286 -0.176388207 0.002274762 0.023778665 -0.004452459 0.999704744
1695.000000000 -0.476415136 0.138069384 -0.176229521 0.002292200 0.023784665 -0.004489338 0.999704397
1696.000000000 -0.476552291 0.137962781 -0.176324613 0.002249403 0.023809346 -0.004447738 0.999704093
1697.000000000 -0.476498067 0.137996036 -0.176136761 0.002274214 0.023791205 -0.004461719 0.999704406
1698.000000000 -0.476561881 0.137946480 -0.176297480 0.002248284 0.023808160 -0.004431555 0.999704195
1699.000000000 -0.476631861 0.137938379 -0.176411597 0.002210602 0.023833200 -0.004402399 0.999703811
1700.000000000 -0.476578343 0.138036248 -0.176310821 0.002259802 0.023835244 -0.004452539 0.999703431
1701.000000000 -0.476437020 0.137923409 -0.176080141 0.002218312 0.023778433 -0.004424351 0.999705002
1702.000000000 -0.476547275 0.137904792 -0.176269816 0.002218478 0.023813465 -0.004444247 0.999704079
1703.000000000 -0.476557859 0.137844570 -0.176211035 0.002196051 0.023818552 -0.004442563 0.999704015
1704.000000000 -0.476624856 0.137914557 -0.176217559 0.002219270 0.023848050 -0.004437517 0.999703283
1705.000000000 -0.476650101 0.137864154 -0.176200661 0.002204875 0.023840927 -0.004426857 0.999703532
1706.000000000 -0.476604857 0.137895737 -0.176252227 0.002227088 0.023844315 -0.004438201 0.999703352
1707.000000000 -0.476627106 0.137888022 -0.176234698 0.002209162 0.023840830 -0.004434075 0.999703493
1708.000000000 -0.476478400 0.137841378 -0.176036111 0.002200674 0.023804065 -0.004475110 0.999704205
1709.000000000 -0.476660903 0.137750328 -0.176171915 0.002146595 0.023850866 -0.004380546 0.999703626
1710.000000000 -0.476565757 0.137774170 -0.176103579 0.002163455 0.023817529 -0.004373486 0.999704415
1711.000000000 -0.476577058 0.137745808 -0.176107749 0.002164601 0.023830448 -0.004377282 0.999704088
1712.000000000 -0.476597903 0.137761055 -0.176078240 0.002166086 0.023827206 -0.004390581 0.999704104
1713.000000000 -0.476601320 0.137720296 -0.176140248 0.002161354 0.023828816 -0.004383261 0.999704108
1714.000000000 -0.476689468 0.137814261 -0.176157129 0.002181185 0.023856914 -0.004366814 0.999703467
1715.000000000 -0.476629329 0.137764541 -0.176080756 0.002172884 0.023849756 -0.004401082 0.999703505
1716.000000000 -0.476603731 0.137777542 -0.176088491 0.002191220 0.023823844 -0.004432115 0.999703946
1717.000000000 -0.476549818 0.137847338 -0.176127777 0.002213907 0.023797237 -0.004461167 0.999704400
1718.000000000 -0.476587370 0.137706774 -0.176005070 0.002150748 0.023828105 -0.004408770 0.999704035
1719.000000000 -0.476499292 0.137823235 -0.175857638 0.002200907 0.023793103 -0.004443208 0.999704607
1720.000000000 -0.476434774 0.137720852 -0.175741474 0.002166713 0.023767277 -0.004434225 0.999705336
1721.000000000 -0.476471013 0.137649456 -0.175875810 0.002140375 0.023775496 -0.004432607 0.999705205
1722.000000000 -0.476532082 0.137688506 -0.175971724 0.002154741 0.023793609 -0.004412849 0.999704830
1723.000000000 -0.476437571 0.137803349 -0.175876044 0.002187894 0.023768379 -0.004493231 0.999705001
1724.000000000 -0.476525753 0.137708176 -0.175980964 0.002161786 0.023786404 -0.004464497 0.999704757
1725.000000000 -0.476484086 0.137641078 -0.175906073 0.002151013 0.023769804 -0.004452469 0.999705229
1726.000000000 -0.476546030 0.137617878 -0.175801458 0.002148056 0.023761536 -0.004445468 0.999705463
1727.000000000 -0.476505560 0.137660574 -0.175889741 0.002160040 0.023762795 -0.004439751 0.999705433
1728.000000000 -0.476562384 0.137681233 -0.175976723 0.002157864 0.023784617 -0.004418333 0.999705013
1729.000000000 -0.476537648 0.137660380 -0.175814550 0.002145687 0.023768679 -0.004436475 0.999705338
1730.000000000 -0.476518451 0.137687267 -0.176004835 0.002152777 0.023767083 -0.004425111 0.999705411
1731.000000000 -0.476520928 0.137698538 -0.176047839 0.002148273 0.023757187 -0.004444816 0.999705569
1732.000000000 -0.476531907 0.137682895 -0.175915403 0.002130934 0.023769309 -0.004419704 0.999705429
1733.000000000 -0.476528990 0.137708632 -0.175901516 0.002141062 0.023765848 -0.004421246 0.999705483
1734.000000000 -0.476603675 0.137740785 -0.175997538 0.002144120 0.023782842 -0.004399143 0.999705170
1735.000000000 -0.476659373 0.137712052 -0.176202421 0.002145328 0.023814692 -0.004398785 0.999704411
1736.000000000 -0.476609577 0.137680972 -0.176006965 0.002142423 0.023793932 -0.004401401 0.999704900
1737.000000000 -0.476554879 0.137547044 -0.175954987 0.002091873 0.023789172 -0.004395218 0.999705147
1738.000000000 -0.476598591 0.137607714 -0.175943691 0.002117943 0.023790400 -0.004388221 0.999705094
1739.000000000 -0.476523613 0.137606760 -0.175909937 0.002104512 0.023775829 -0.004389617 0.999705463
1740.000000000 -0.476600299 0.137644702 -0.175888298 0.002130962 0.023797801 -0.004404296 0.999704819
1741.000000000 -0.476598384 0.137595545 -0.175803481 0.002109072 0.023796002 -0.004411284 0.999704878
1742.000000000 -0.476573972 0.137539959 -0.175844346 0.002068286 0.023775501 -0.004375691 0.999705607
1743.000000000 -0.476549943 0.137822339 -0.175944121 0.002201016 0.023767658 -0.004459690 0.999705139
1744.000000000 -0.476513569 0.137888401 -0.175983384 0.002221186 0.023760100 -0.004473426 0.999705213
1745.000000000 -0.476479974 0.137839751 -0.175873187 0.002214470 0.023745548 -0.004474546 0.999705568
1746.000000000 -0.476593696 0.138095043 -0.176094628 0.002319158 0.023785286 -0.004530978 0.999704132
1747.000000000 -0.476662852 0.138099733 -0.176248676 0.002300141 0.023802995 -0.004512928 0.999703836
1748.000000000 -0.476499305 0.138301188 -0.176131180 0.002333229 0.023765256 -0.004478733 0.999704811
1749.000000000 -0.476555568 0.138326927 -0.176275050 0.002343889 0.023790946 -0.004520108 0.999703989
1750.000000000 -0.476528997 0.138304319 -0.176172107 0.002341716 0.023781189 -0.004534599 0.999704161
1751.000000000 -0.476498649 0.138176911 -0.175961487 0.002307061 0.023749979 -0.004509364 0.999705097
1752.000000000 -0.476564039 0.138240297 -0.176036117 0.002317420 0.023781955 -0.004475119 0.999704467
1753.000000000 -0.476535242 0.138261099 -0.176154246 0.002341502 0.023788154 -0.004486825 0.999704211
1754.000000000 -0.476489850 0.138239330 -0.176052880 0.002319149 0.023774040 -0.004497169 0.999704552
1755.000000000 -0.476538460 0.138264274 -0.176113715 0.002324144 0.023784681 -0.004471588 0.999704402
1756.000000000 -0.476459191 0.138356167 -0.176000599 0.002358606 0.023765656 -0.004467102 0.999704794
1757.000000000 -0.476488766 0.138328059 -0.176153515 0.002349529 0.023757246 -0.004441909 0.999705128
1758.000000000 -0.476400075 0.138360876 -0.175985760 0.002375461 0.023741790 -0.004505399 0.999705150
1759.000000000 -0.476317473 0.138227941 -0.176046315 0.002310851 0.023729341 -0.004477901 0.999705720
1760.000000000 -0.476374104 0.138291190 -0.176020199 0.002316315 0.023735244 -0.004435426 0.999705757
1761.000000000 -0.476379366 0.138396130 -0.176215366 0.002322960 0.023741842 -0.004419814 0.999705654
1762.000000000 -0.476452334 0.138297746 -0.176180735 0.002304119 0.023768257 -0.004411048 0.999705108
1763.000000000 -0.476308086 0.138375813 -0.175871176 0.002338596 0.023720420 -0.004453417 0.999705977
1764.000000000 -0.476291535 0.138461326 -0.175986226 0.002370017 0.023706971 -0.004454578 0.999706216
1765.000000000 -0.476340983 0.138472700 -0.175955508 0.002374489 0.023722926 -0.004446521 0.999705863
1766.000000000 -0.476299475 0.138380380 -0.175859680 0.002338356 0.023713997 -0.004474410 0.999706036
1767.000000000 -0.476333191 0.138403408 -0.175867447 0.002353409 0.023738168 -0.004548845 0.999705091
1768.000000000 -0.476387487 0.138451475 -0.176070919 0.002378340 0.023734108 -0.004468001 0.999705493
1769.000000000 -0.476478781 0.138464112 -0.175904161 0.002368152 0.023773585 -0.004485581 0.999704500
1770.000000000 -0.476468462 0.138492433 -0.175858938 0.002380240 0.023765756 -0.004498921 0.999704598
1771.000000000 -0.476479961 0.138552453 -0.175930807 0.002385700 0.023770082 -0.004500506 0.999704475
1772.000000000 -0.476559164 0.138461933 -0.176212368 0.002367434 0.023781455 -0.004472141 0.999704375
1773.000000000 -0.476434975 0.138443454 -0.176000219 0.002348278 0.023748799 -0.004508436 0.999705034
1774.000000000 -0.476509442 0.138630774 -0.176044997 0.002426358 0.023780207 -0.004515976 0.999704066
1775.000000000 -0.476539180 0.138427332 -0.176064394 0.002378519 0.023784196 -0.004513431 0.999704098
1776.000000000 -0.476508022 0.138462629 -0.176112350 0.002398618 0.023779113 -0.004549536 0.999704007
1777.000000000 -0.476590725 0.138403491 -0.176104085 0.002374835 0.023794521 -0.004499832 0.999703922
1778.000000000 -0.476561870 0.138589560 -0.176050603 0.002426211 0.023793116 -0.004546041 0.999703623
1779.000000000 -0.476554011 0.138554155 -0.175981824 0.002408657 0.023779708 -0.004524861 0.999704081
1780.000000000 -0.476510575 0.138563963 -0.175985064 0.002400893 0.023777005 -0.004501157 0.999704271
1781.000000000 -0.476539548 0.138435234 -0.176043503 0.002370304 0.023772753 -0.004485195 0.999704517
1782.000000000 -0.476554248 0.138435097 -0.175887153 0.002366917 0.023775339 -0.004458562 0.999704582
1783.000000000 -0.476561864 0.138451571 -0.175994743 0.002372696 0.023778349 -0.004462168 0.999704481
1784.000000000 -0.476390828 0.138209486 -0.175878035 0.002304938 0.023733709 -0.004450488 0.999705752
1785.000000000 -0.477204439 0.136513847 -0.173751978 0.001850938 0.023967577 -0.004164165 0.999702350
1786.000000000 -0.476948162 0.136613516 -0.173600521 0.001769729 0.023932465 -0.004051875 0.999703800
1787.000000000 -0.477105550 0.136796493 -0.173658665 0.001804453 0.023961645 -0.004036864 0.999703100
1788.000000000 -0.477111855 0.136828750 -0.173703061 0.001826365 0.023956168 -0.004051545 0.999703132
1789.000000000 -0.477200361 0.136827900 -0.173488954 0.001794786 0.023984571 -0.004044083 0.999702538
1790.000000000 -0.477227803 0.136829915 -0.173434388 0.001798288 0.023986897 -0.004012834 0.999702602
1791.000000000 -0.477250229 0.136867254 -0.173432573 0.001796553 0.023996871 -0.004010849 0.999702374
1792.000000000 -0.477273762 0.136891248 -0.173529245 0.001808924 0.024000323 -0.004047053 0.999702122
1793.000000000 -0.477179789 0.136763001 -0.173276990 0.001797933 0.023977676 -0.004037804 0.999702723
1794.000000000 -0.477143672 0.136745824 -0.173293153 0.001803617 0.023970039 -0.004045190 0.999702866
1795.000000000 -0.477204339 0.136707407 -0.173244253 0.001780714 0.023981146 -0.004035142 0.999702681
1796.000000000 -0.477225817 0.136666734 -0.173305752 0.001774153 0.023980784 -0.004046835 0.999702655
1797.000000000 -0.477209217 0.136466345 -0.173203001 0.001737369 0.023983946 -0.004036037 0.999702687
1798.000000000 -0.477077282 0.136454711 -0.173277165 0.001737981 0.023956348 -0.004045255 0.999703310
1799.000000000 -0.477064949 0.136415373 -0.173188988 0.001733056 0.023956782 -0.004042087 0.999703321
1800.000000000 -0.477073556 0.136442535 -0.173213784 0.001747831 0.023948110 -0.004054822 0.999703452
1801.000000000 -0.477090204 0.136383007 -0.172984656 0.001738045 0.023942997 -0.004065105 0.999703550
1802.000000000 -0.476978532 0.136361993 -0.173049817 0.001718466 0.023923757 -0.004077452 0.999703994
1803.000000000 -0.476926895 0.136680993 -0.172981043 0.001796019 0.023913096 -0.004093311 0.999704048
1804.000000000 -0.476889947 0.136461672 -0.172973689 0.001754590 0.023904592 -0.004088672 0.999704344
1805.000000000 -0.476815947 0.136467452 -0.173002710 0.001766106 0.023883540 -0.004107816 0.999704748
1806.000000000 -0.476828482 0.136417460 -0.172956531 0.001763527 0.023877719 -0.004100329 0.999704922
1807.000000000 -0.476979595 0.136375898 -0.173087486 0.001753530 0.023906996 -0.004089106 0.999704286
1808.000000000 -0.476837567 0.136460787 -0.172914341 0.001762514 0.023880170 -0.004107459 0.999704836
1809.000000000 -0.476859017 0.136457739 -0.173043449 0.001756812 0.023885874 -0.004087455 0.999704792
1810.000000000 -0.476799111 0.136402208 -0.173031631 0.001751262 0.023871824 -0.004072456 0.999705199
1811.000000000 -0.476812932 0.136385193 -0.173025561 0.001753658 0.023875317 -0.004094612 0.999705021
1812.000000000 -0.476820403 0.136426060 -0.172885991 0.001761038 0.023878973 -0.004065452 0.999705039
1813.000000000 -0.476886878 0.136397849 -0.173021895 0.001753490 0.023891714 -0.004094726 0.999704629
1814.000000000 -0.476544328 0.136421254 -0.173107866 0.001751506 0.023843980 -0.004067021 0.999705885
1815.000000000 -0.476537295 0.136492912 -0.173224714 0.001772234 0.023852022 -0.004099575 0.999705524
1816.000000000 -0.476553071 0.136407469 -0.173157492 0.001752594 0.023853038 -0.004102006 0.999705524
1817.000000000 -0.476554147 0.136270278 -0.173193069 0.001724597 0.023858685 -0.004133825 0.999705307
1818.000000000 -0.476629273 0.136365511 -0.173077475 0.001733657 0.023887506 -0.004109680 0.999704702
1819.000000000 -0.476661205 0.136302026 -0.173115628 0.001727482 0.023879075 -0.004098590 0.999704960
1820.000000000 -0.476547211 0.136519445 -0.173070403 0.001756025 0.023859036 -0.004087610 0.999705434
1821.000000000 -0.476613252 0.136595412 -0.173165541 0.001781189 0.023873813 -0.004091223 0.999705022
1822.000000000 -0.476703925 0.136644492 -0.173304988 0.001788418 0.023900278 -0.004063209 0.999704491
1823.000000000 -0.476765072 0.136492655 -0.173476501 0.001751703 0.023905647 -0.004077655 0.999704368
1824.000000000 -0.476672169 0.136527283 -0.173477999 0.001762433 0.023891626 -0.004121794 0.999704504
1825.000000000 -0.476752346 0.136571208 -0.173415611 0.001775614 0.023901930 -0.004083586 0.999704391
1826.000000000 -0.476616843 0.136777072 -0.173327924 0.001807115 0.023864571 -0.004097130 0.999705172
1827.000000000 -0.476452092 0.136614503 -0.173334523 0.001787845 0.023825960 -0.004095335 0.999706135
1828.000000000 -0.476186300 0.136568637 -0.173150226 0.001776734 0.023783070 -0.004050945 0.999707357
1829.000000000 -0.476573342 0.136530863 -0.173234725 0.001781443 0.023880729 -0.004105249 0.999704799
1830.000000000 -0.476486665 0.136585570 -0.173326422 0.001788183 0.023870585 -0.004108816 0.999705014
1831.000000000 -0.476441573 0.136620720 -0.173139183 0.001793760 0.023866617 -0.004112445 0.999705084
1832.000000000 -0.476482438 0.136536381 -0.173170441 0.001779538 0.023864941 -0.004077983 0.999705291
1833.000000000 -0.476488759 0.136604959 -0.173287124 0.001796691 0.023872520 -0.004092678 0.999705019
1834.000000000 -0.476484232 0.136596210 -0.173278235 0.001791461 0.023860125 -0.004062110 0.999705449
1835.000000000 -0.476506781 0.136549975 -0.173165867 0.001768814 0.023868735 -0.004071245 0.999705246
1836.000000000 -0.476497699 0.136536705 -0.173108985 0.001761782 0.023873401 -0.004066549 0.999705167
1837.000000000 -0.476526526 0.136557606 -0.173118252 0.001768546 0.023879023 -0.004067028 0.999705018
1838.000000000 -0.476446907 0.136580628 -0.173207953 0.001769911 0.023873050 -0.004052828 0.999705216
1839.000000000 -0.476678092 0.136551633 -0.173217061 0.001769424 0.023909624 -0.004057173 0.999704325
1840.000000000 -0.476837166 0.136465407 -0.173295328 0.001754511 0.023937130 -0.004089942 0.999703560
1841.000000000 -0.476807343 0.136462944 -0.173288578 0.001741621 0.023933315 -0.004058600 0.999703802
1842.000000000 -0.476738886 0.136481140 -0.173080522 0.001743107 0.023924918 -0.004051991 0.999704027
1843.000000000 -0.476746387 0.136486930 -0.173084563 0.001735231 0.023921780 -0.004056992 0.999704095
1844.000000000 -0.476640613 0.136537811 -0.173027304 0.001751006 0.023902323 -0.004068489 0.999704486
1845.000000000 -0.476640856 0.136464303 -0.173054436 0.001748056 0.023898720 -0.004057731 0.999704622
1846.000000000 -0.476666951 0.136452712 -0.173124353 0.001738797 0.023903657 -0.004052205 0.999704542
1847.000000000 -0.476622514 0.136330519 -0.172950291 0.001717750 0.023891109 -0.004064551 0.999704828
1848.000000000 -0.476637387 0.136498936 -0.172987072 0.001744066 0.023910960 -0.004064983 0.999704306
1849.000000000 -0.476549154 0.136414887 -0.173053347 0.001721488 0.023889219 -0.004091303 0.999704758
1850.000000000 -0.476576467 0.136547164 -0.173211850 0.001753233 0.023890476 -0.004109176 0.999704599
1851.000000000 -0.476668423 0.136494200 -0.173239006 0.001743923 0.023902856 -0.004107357 0.999704327
1852.000000000 -0.476726215 0.136479841 -0.173207410 0.001742821 0.023911750 -0.004095017 0.999704167
1853.000000000 -0.476688851 0.136536343 -0.173166071 0.001761106 0.023909913 -0.004084756 0.999704221
1854.000000000 -0.476637576 0.136474884 -0.173086125 0.001745417 0.023893662 -0.004070222 0.999704696
1855.000000000 -0.476653204 0.136544766 -0.173047786 0.001764725 0.023889037 -0.004102577 0.999704641
1856.000000000 -0.476647844 0.136578502 -0.173080666 0.001772594 0.023893475 -0.004099710 0.999704532
1857.000000000 -0.476580563 0.136587085 -0.173260551 0.001783414 0.023885262 -0.004065785 0.999704848
1858.000000000 -0.476610462 0.136601899 -0.173272525 0.001791033 0.023887046 -0.004087685 0.999704702
1859.000000000 -0.477056166 0.136668627 -0.173549819 0.001807603 0.023998183 -0.004081099 0.999702038
1860.000000000 -0.476852366 0.136859417 -0.173580959 0.001840337 0.023964289 -0.004088256 0.999702762
1861.000000000 -0.476820059 0.136873590 -0.173579644 0.001845435 0.023963901 -0.004063156 0.999702864
1862.000000000 -0.476799354 0.136905301 -0.173561407 0.001854844 0.023963243 -0.004047362 0.999702927
1863.000000000 -0.476819843 0.136857113 -0.173499157 0.001850205 0.023964563 -0.004039048 0.999702937
1864.000000000 -0.476812265 0.136884527 -0.173493271 0.001847172 0.023960642 -0.004037660 0.999703042
1865.000000000 -0.476747065 0.136863077 -0.173418428 0.001845389 0.023956518 -0.004027640 0.999703185
1866.000000000 -0.476759066 0.136858806 -0.173471545 0.001840584 0.023955024 -0.004005210 0.999703320
1867.000000000 -0.476950448 0.136921310 -0.173639816 0.001845052 0.023996652 -0.003998063 0.999702342
1868.000000000 -0.476862008 0.136969664 -0.173636988 0.001860474 0.023980120 -0.004026590 0.999702595
1869.000000000 -0.476986017 0.136958164 -0.173624805 0.001857522 0.024005919 -0.004008316 0.999702055
1870.000000000 -0.477026141 0.136806867 -0.173621686 0.001828974 0.024008042 -0.004047870 0.999701897
1871.000000000 -0.476999337 0.136862343 -0.173539626 0.001836373 0.024005214 -0.004020756 0.999702061
1872.000000000 -0.477056803 0.136796042 -0.173585369 0.001819209 0.024012694 -0.004037850 0.999701844
1873.000000000 -0.477030174 0.136711333 -0.173590521 0.001804561 0.024015701 -0.004051708 0.999701742
1874.000000000 -0.477070256 0.136780484 -0.173569108 0.001816178 0.024021841 -0.004043264 0.999701608
1875.000000000 -0.476967286 0.136747752 -0.173585718 0.001798056 0.023996874 -0.004056840 0.999702185
1876.000000000 -0.477175657 0.136636637 -0.173635079 0.001774726 0.024034871 -0.004044241 0.999701365
1877.000000000 -0.477059099 0.136767245 -0.173626331 0.001807017 0.024009750 -0.004016711 0.999702022
1878.000000000 -0.477189107 0.136570887 -0.173571844 0.001763756 0.024035473 -0.004032589 0.999701417
1879.000000000 -0.476987803 0.136743156 -0.173433038 0.001800149 0.024002159 -0.004021854 0.999702196
1880.000000000 -0.477015870 0.136696789 -0.173429412 0.001785596 0.024003068 -0.004045442 0.999702105
1881.000000000 -0.477088912 0.136704718 -0.173525112 0.001789204 0.024016259 -0.004018252 0.999701891
1882.000000000 -0.477158667 0.136710518 -0.173530899 0.001787804 0.024024757 -0.004014794 0.999701704
1883.000000000 -0.477033465 0.136637209 -0.173244039 0.001778726 0.023996635 -0.004032982 0.999702322
1884.000000000 -0.477029465 0.136751518 -0.173319504 0.001799361 0.024005227 -0.004070397 0.999701927
1885.000000000 -0.477066286 0.136807388 -0.173380070 0.001797526 0.024011748 -0.004039546 0.999701899
1886.000000000 -0.477020216 0.136618439 -0.173341744 0.001767839 0.023997963 -0.004068804 0.999702164
1887.000000000 -0.476926155 0.136659422 -0.173372344 0.001774864 0.023972591 -0.004048122 0.999702845
1888.000000000 -0.476989658 0.136945663 -0.173712342 0.001852376 0.024003159 -0.004034307 0.999702026
1889.000000000 -0.477077745 0.136926808 -0.173607190 0.001852042 0.024023410 -0.004032600 0.999701547
1890.000000000 -0.477042434 0.137048053 -0.173517578 0.001879214 0.024016178 -0.004011873 0.999701754
1891.000000000 -0.476943150 0.137093348 -0.173492030 0.001891287 0.023997593 -0.004041575 0.999702058
1892.000000000 -0.476965923 0.137106732 -0.173665684 0.001893669 0.024006484 -0.004046949 0.999701818
1893.000000000 -0.477037320 0.137039920 -0.173648042 0.001887580 0.024019892 -0.004065317 0.999701433
1894.000000000 -0.477093853 0.137100352 -0.173778624 0.001906917 0.024027778 -0.004072417 0.999701178
1895.000000000 -0.477114536 0.137097545 -0.173784919 0.001899343 0.024036188 -0.004081698 0.999700952
1896.000000000 -0.477152827 0.137177003 -0.173946829 0.001920253 0.024033880 -0.004068120 0.999701023
1897.000000000 -0.477235711 0.137123467 -0.173885004 0.001905953 0.024050330 -0.004075742 0.999700624
1898.000000000 -0.477234948 0.137031732 -0.173814324 0.001885880 0.024056905 -0.004084800 0.999700467
1899.000000000 -0.477136709 0.137071688 -0.173667927 0.001894487 0.024036990 -0.004077787 0.999700958
1900.000000000 -0.477163417 0.137094486 -0.173704308 0.001902419 0.024041438 -0.004054412 0.999700931
1901.000000000 -0.477201389 0.136974557 -0.173568577 0.001868915 0.024045264 -0.004079784 0.999700799
1902.000000000 -0.477113622 0.136997647 -0.173602221 0.001879151 0.024030056 -0.004060829 0.999701223
1903.000000000 -0.477093939 0.137082738 -0.173571892 0.001898254 0.024025070 -0.004054293 0.999701333
1904.000000000 -0.477073446 0.137151276 -0.173520488 0.001901626 0.024020437 -0.004057219 0.999701426
1905.000000000 -0.477054416 0.137086350 -0.173587674 0.001895102 0.024013826 -0.004054783 0.999701607
1906.000000000 -0.477015360 0.137128855 -0.173621916 0.001904786 0.024000081 -0.004057642 0.999701907
1907.000000000 -0.477062243 0.137119009 -0.173838038 0.001909150 0.024003772 -0.004073105 0.999701747
1908.000000000 -0.477105866 0.137050324 -0.173690673 0.001889915 0.024016342 -0.004065388 0.999701514
1909.000000000 -0.477047357 0.137138042 -0.173632266 0.001910953 0.024003159 -0.004068294 0.999701778
1910.000000000 -0.477041159 0.137256246 -0.173767357 0.001927034 0.024000129 -0.004093430 0.999701718
1911.000000000 -0.477054489 0.137177680 -0.173834618 0.001914059 0.024002123 -0.004071327 0.999701785
1912.000000000 -0.477119487 0.137181296 -0.173920767 0.001923542 0.024014359 -0.004093142 0.999701384
1913.000000000 -0.477009922 0.137120434 -0.173874506 0.001906036 0.023998195 -0.004054652 0.999701962
1914.000000000 -0.477016998 0.137107725 -0.173916160 0.001910888 0.024000518 -0.004071587 0.999701828
1915.000000000 -0.476998855 0.137176958 -0.173877722 0.001917262 0.023998881 -0.004060100 0.999701902
1916.000000000 -0.477038046 0.137219175 -0.173978192 0.001924586 0.024009759 -0.004044814 0.999701689
1917.000000000 -0.477010834 0.137213110 -0.173909839 0.001927470 0.023997443 -0.004043439 0.999701985
1918.000000000 -0.477171671 0.137187155 -0.173939812 0.001917184 0.024024476 -0.004050757 0.999701326
1919.000000000 -0.477218975 0.137183654 -0.174019884 0.001923703 0.024033955 -0.004036032 0.999701145
1920.000000000 -0.477147248 0.137220229 -0.173997983 0.001928478 0.024021931 -0.004063855 0.999701312
1921.000000000 -0.477206359 0.137196639 -0.174062312 0.001928442 0.024027784 -0.004058606 0.999701193
1922.000000000 -0.477360263 0.137295577 -0.174178974 0.001951653 0.024049099 -0.004077634 0.999700558
1923.000000000 -0.477410695 0.137278736 -0.174213125 0.001949160 0.024053468 -0.004076247 0.999700463
1924.000000000 -0.477353433 0.137263012 -0.174141828 0.001943605 0.024050055 -0.004083648 0.999700526
1925.000000000 -0.477298895 0.137260167 -0.174216902 0.001941871 0.024047599 -0.004074171 0.999700627
1926.000000000 -0.477334175 0.136897064 -0.174435767 0.001880184 0.024058487 -0.004078813 0.999700464
1927.000000000 -0.477394912 0.136902975 -0.174444652 0.001885936 0.024061278 -0.004096565 0.999700313
1928.000000000 -0.477356339 0.136823446 -0.174429197 0.001867095 0.024053481 -0.004099380 0.999700525
1929.000000000 -0.477454957 0.136858239 -0.174255884 0.001867725 0.024071180 -0.004092560 0.999700125
1930.000000000 -0.477386813 0.136831781 -0.174151507 0.001867324 0.024058054 -0.004121891 0.999700322
1931.000000000 -0.477392407 0.136825550 -0.174192760 0.001865686 0.024053750 -0.004104009 0.999700502
1932.000000000 -0.477386337 0.136817994 -0.174248847 0.001865443 0.024053488 -0.004100992 0.999700521
1933.000000000 -0.477488262 0.136859374 -0.174291509 0.001879110 0.024072675 -0.004113492 0.999699982
1934.000000000 -0.477435626 0.136872277 -0.174221830 0.001879091 0.024062270 -0.004113217 0.999700234
1935.000000000 -0.477427051 0.136842642 -0.174130998 0.001877730 0.024060365 -0.004101410 0.999700331
1936.000000000 -0.477414388 0.136810133 -0.174261715 0.001864210 0.024056954 -0.004093024 0.999700473
1937.000000000 -0.477404699 0.136861650 -0.174199437 0.001870821 0.024059855 -0.004105781 0.999700338
1938.000000000 -0.477358514 0.136776732 -0.174178121 0.001865358 0.024045641 -0.004102091 0.999700705
1939.000000000 -0.477272353 0.136841803 -0.174178524 0.001873380 0.024023985 -0.004105791 0.999701196
1940.000000000 -0.477342609 0.136851896 -0.174155679 0.001877651 0.024045864 -0.004123474 0.999700589
1941.000000000 -0.477339680 0.136861077 -0.174240865 0.001878848 0.024042577 -0.004126546 0.999700653
1942.000000000 -0.477392978 0.136787461 -0.174138030 0.001864995 0.024049469 -0.004147478 0.999700427
1943.000000000 -0.477301238 0.136797605 -0.174231366 0.001860599 0.024026953 -0.004124469 0.999701072
1944.000000000 -0.477190201 0.136969355 -0.174286025 0.001910738 0.024019666 -0.004133759 0.999701114
1945.000000000 -0.477219657 0.136798526 -0.174309043 0.001879493 0.024013952 -0.004161142 0.999701197
1946.000000000 -0.477317496 0.136815216 -0.174292198 0.001874194 0.024033855 -0.004162302 0.999700723
1947.000000000 -0.477252725 0.136843542 -0.174126796 0.001875428 0.024021382 -0.004170783 0.999700986
1948.000000000 -0.477251020 0.136838549 -0.174118918 0.001875799 0.024015527 -0.004179825 0.999701088
1949.000000000 -0.477205033 0.136893211 -0.174187249 0.001893711 0.024007691 -0.004180778 0.999701238
1950.000000000 -0.477078207 0.136881035 -0.174039848 0.001883315 0.023994623 -0.004179917 0.999701575
1951.000000000 -0.477160122 0.136879264 -0.174153410 0.001884203 0.024000053 -0.004183021 0.999701430
1952.000000000 -0.477204797 0.136898478 -0.174117888 0.001897634 0.024015402 -0.004174698 0.999701071
1953.000000000 -0.477037038 0.136947088 -0.174108822 0.001913929 0.023982022 -0.004164474 0.999701884
1954.000000000 -0.477040745 0.136901606 -0.174045712 0.001906114 0.023987421 -0.004189679 0.999701664
1955.000000000 -0.477094872 0.136885937 -0.174215943 0.001906679 0.023994709 -0.004213174 0.999701389
1956.000000000 -0.477035089 0.136888978 -0.174050293 0.001908925 0.023986165 -0.004177501 0.999701740
1957.000000000 -0.477085954 0.136825715 -0.174041228 0.001889356 0.023996962 -0.004184386 0.999701489
1958.000000000 -0.476999349 0.136840455 -0.173996704 0.001890999 0.023980611 -0.004184753 0.999701877
1959.000000000 -0.477087867 0.136793808 -0.174008220 0.001882189 0.024000411 -0.004176672 0.999701452
1960.000000000 -0.477007719 0.136861833 -0.173955058 0.001895695 0.023988211 -0.004163996 0.999701772
1961.000000000 -0.477186733 0.136820446 -0.174111817 0.001891602 0.024026803 -0.004140678 0.999700950
1962.000000000 -0.477208333 0.136809514 -0.174052586 0.001897144 0.024029654 -0.004155283 0.999700810
1963.000000000 -0.477190119 0.136950411 -0.174045218 0.001911755 0.024025739 -0.004128214 0.999700989
1964.000000000 -0.477264527 0.136724356 -0.173924680 0.001867954 0.024040861 -0.004160882 0.999700573
1965.000000000 -0.477253475 0.136783466 -0.174033244 0.001879167 0.024030718 -0.004181991 0.999700707
1966.000000000 -0.477288480 0.136752551 -0.173986063 0.001870769 0.024031833 -0.004162771 0.999700777
1967.000000000 -0.477179024 0.136752681 -0.174002303 0.001872988 0.024021042 -0.004158064 0.999701051
1968.000000000 -0.477211566 0.136725034 -0.174061198 0.001868541 0.024033262 -0.004159260 0.999700761
1969.000000000 -0.477203450 0.136749836 -0.174014199 0.001869673 0.024021346 -0.004154619 0.999701065
1970.000000000 -0.477253777 0.136734642 -0.174051653 0.001874771 0.024024537 -0.004168233 0.999700922
1971.000000000 -0.477214446 0.136692221 -0.174028888 0.001869913 0.024008498 -0.004157953 0.999701359
1972.000000000 -0.477178875 0.136652213 -0.173972479 0.001851554 0.024008581 -0.004155378 0.999701402
1973.000000000 -0.477187143 0.136619728 -0.173926307 0.001837899 0.024015100 -0.004172547 0.999701199
1974.000000000 -0.477309787 0.136648310 -0.174046636 0.001842614 0.024034160 -0.004150229 0.999700825
1975.000000000 -0.477201384 0.136713190 -0.173948692 0.001861824 0.024021473 -0.004131924 0.999701170
1976.000000000 -0.477352128 0.136610784 -0.174045503 0.001831985 0.024045755 -0.004123760 0.999700675
1977.000000000 -0.477306042 0.136629873 -0.173914223 0.001838157 0.024038637 -0.004137422 0.999700779
1978.000000000 -0.477200250 0.136731062 -0.173886829 0.001848866 0.024018601 -0.004125851 0.999701288
1979.000000000 -0.477360449 0.136590783 -0.173988382 0.001825142 0.024054371 -0.004133063 0.999700442
1980.000000000 -0.477363317 0.136506403 -0.173873310 0.001807651 0.024054362 -0.004151604 0.999700397
1981.000000000 -0.477326887 0.136539691 -0.173923833 0.001809375 0.024048530 -0.004158087 0.999700508
1982.000000000 -0.477324140 0.136577582 -0.173896398 0.001811659 0.024049539 -0.004141553 0.999700548
1983.000000000 -0.477322530 0.136552956 -0.173946297 0.001814081 0.024045947 -0.004121098 0.999700714
1984.000000000 -0.477465574 0.136572665 -0.173944617 0.001816627 0.024070086 -0.004174542 0.999699907
1985.000000000 -0.477474279 0.136536816 -0.173902449 0.001808112 0.024074280 -0.004167268 0.999699852
1986.000000000 -0.477412253 0.136618044 -0.173924360 0.001824500 0.024059653 -0.004143247 0.999700274
1987.000000000 -0.477393170 0.136446885 -0.173756019 0.001789526 0.024061080 -0.004167900 0.999700200
1988.000000000 -0.477493447 0.136445653 -0.173823344 0.001792279 0.024078574 -0.004175156 0.999699744
1989.000000000 -0.477304534 0.136496408 -0.173798628 0.001792333 0.024050640 -0.004159813 0.999700480
1990.000000000 -0.477330028 0.136542209 -0.173797133 0.001810706 0.024050130 -0.004162892 0.999700447
1991.000000000 -0.477343852 0.136502226 -0.173822819 0.001802314 0.024047248 -0.004162130 0.999700534
1992.000000000 -0.477400045 0.136343812 -0.173632497 0.001777015 0.024060835 -0.004154158 0.999700286
1993.000000000 -0.477396584 0.136269715 -0.173565121 0.001752345 0.024068361 -0.004164997 0.999700103
1994.000000000 -0.477301866 0.136327064 -0.173618622 0.001771858 0.024049167 -0.004146345 0.999700608
1995.000000000 -0.477368960 0.136300507 -0.173629918 0.001768249 0.024054486 -0.004135971 0.999700530
1996.000000000 -0.477394494 0.136324826 -0.173707144 0.001772800 0.024057123 -0.004169581 0.999700318
1997.000000000 -0.477572901 0.136254613 -0.173761892 0.001748593 0.024091285 -0.004156450 0.999699593
1998.000000000 -0.477590248 0.136257326 -0.173698944 0.001751937 0.024097963 -0.004121015 0.999699573
1999.000000000 -0.477383462 0.136332201 -0.173651568 0.001764451 0.024060030 -0.004117365 0.999700480
2000.000000000 -0.477540890 0.136317633 -0.173666603 0.001767216 0.024081192 -0.004103534 0.999700022
2001.000000000 -0.477558787 0.136395838 -0.173801652 0.001778030 0.024092559 -0.004112925 0.999699690
2002.000000000 -0.477564968 0.136359208 -0.173900598 0.001776051 0.024082479 -0.004150382 0.999699782
2003.000000000 -0.477523918 0.136344335 -0.173885079 0.001767634 0.024086534 -0.004131713 0.999699777
2004.000000000 -0.477545616 0.136371013 -0.173946503 0.001768122 0.024089144 -0.004132738 0.999699709
2005.000000000 -0.477469013 0.136330250 -0.173845391 0.001767566 0.024075044 -0.004134113 0.999700044
2006.000000000 -0.477504513 0.136322177 -0.173786644 0.001763886 0.024084355 -0.004119929 0.999699884
2007.000000000 -0.477485239 0.136463807 -0.173956035 0.001797161 0.024079087 -0.004128873 0.999699915
2008.000000000 -0.477496568 0.136409587 -0.173865732 0.001786452 0.024080781 -0.004124177 0.999699913
2009.000000000 -0.477448203 0.136369377 -0.173841804 0.001774168 0.024063920 -0.004131217 0.999700312
2010.000000000 -0.477434814 0.136422882 -0.173818754 0.001791997 0.024068340 -0.004116092 0.999700236
2011.000000000 -0.477555090 0.136358412 -0.173869655 0.001769889 0.024096073 -0.004109518 0.999699634
2012.000000000 -0.477552479 0.136432340 -0.173969059 0.001782694 0.024095571 -0.004104998 0.999699642
2013.000000000 -0.477657058 0.136323984 -0.173919387 0.001761672 0.024117283 -0.004126391 0.999699068
2014.000000000 -0.477642645 0.136322843 -0.173877159 0.001766967 0.024104304 -0.004127783 0.999699366
2015.000000000 -0.477889769 0.136273695 -0.173970706 0.001752976 0.024147223 -0.004111087 0.999698423
2016.000000000 -0.477769265 0.136295944 -0.174015456 0.001760362 0.024124319 -0.004113349 0.999698954
2017.000000000 -0.477838630 0.136265891 -0.173930823 0.001743247 0.024148369 -0.004090293 0.999698498
2018.000000000 -0.477714916 0.136347143 -0.174023432 0.001769265 0.024116854 -0.004109962 0.999699132
2019.000000000 -0.477752730 0.136304636 -0.174243749 0.001761844 0.024128603 -0.004104966 0.999698883
2020.000000000 -0.477302950 0.136594139 -0.174030084 0.001810125 0.024061014 -0.004113201 0.999700391
2021.000000000 -0.477325441 0.136700997 -0.174051105 0.001831566 0.024066599 -0.004124638 0.999700171
2022.000000000 -0.477323269 0.136582919 -0.174022902 0.001801939 0.024070668 -0.004102030 0.999700220
2023.000000000 -0.477382128 0.136643117 -0.173887097 0.001813472 0.024081779 -0.004095319 0.999699959
2024.000000000 -0.477363732 0.136634407 -0.174535479 0.001799927 0.024097634 -0.004041909 0.999699819
2025.000000000 -0.477385430 0.136622213 -0.174517728 0.001811269 0.024105258 -0.004058111 0.999699549
2026.000000000 -0.477476235 0.136640967 -0.174557498 0.001798779 0.024125773 -0.004050550 0.999699107
2027.000000000 -0.477345457 0.136606296 -0.174606114 0.001796539 0.024108618 -0.004043168 0.999699555
2028.000000000 -0.477453742 0.136649935 -0.174572959 0.001806688 0.024124648 -0.004051965 0.999699114
2029.000000000 -0.477492577 0.136603938 -0.174399650 0.001793815 0.024133950 -0.004039864 0.999698962
2030.000000000 -0.477288145 0.136533655 -0.174540325 0.001790583 0.024105110 -0.004077549 0.999699510
2031.000000000 -0.477498529 0.136666379 -0.174382421 0.001814246 0.024134782 -0.004043488 0.999698890
2032.000000000 -0.477414784 0.136531921 -0.174431919 0.001784114 0.024124483 -0.004085373 0.999699023
2033.000000000 -0.477462607 0.136602959 -0.174448418 0.001798306 0.024125611 -0.004054498 0.999699096
2034.000000000 -0.477392862 0.136621521 -0.174411706 0.001797250 0.024118428 -0.004083739 0.999699152
2035.000000000 -0.477444210 0.136626404 -0.174356727 0.001796225 0.024125905 -0.004091031 0.999698944
2036.000000000 -0.477434201 0.136625754 -0.174365954 0.001798873 0.024116538 -0.004080722 0.999699207
2037.000000000 -0.477375691 0.136600147 -0.174206389 0.001782172 0.024105404 -0.004074288 0.999699532
2038.000000000 -0.477390994 0.136612088 -0.174287710 0.001785857 0.024105973 -0.004036922 0.999699663
2039.000000000 -0.477456621 0.136538502 -0.174290234 0.001770771 0.024119101 -0.004019223 0.999699444
2040.000000000 -0.477434242 0.136598302 -0.174353172 0.001791499 0.024108788 -0.004047738 0.999699541
2041.000000000 -0.477409326 0.136589567 -0.174367797 0.001796407 0.024103495 -0.004060670 0.999699608
2042.000000000 -0.477401937 0.136654383 -0.174464878 0.001808135 0.024107583 -0.004055115 0.999699510
2043.000000000 -0.477358857 0.136508062 -0.174466367 0.001780732 0.024100216 -0.004032132 0.999699830
2044.000000000 -0.477428958 0.136552810 -0.174421569 0.001787915 0.024106780 -0.004028880 0.999699672
2045.000000000 -0.477309476 0.136482453 -0.174452811 0.001784043 0.024089699 -0.004062320 0.999699956
2046.000000000 -0.477398456 0.136517927 -0.174328736 0.001783600 0.024103130 -0.004065053 0.999699621
2047.000000000 -0.477389250 0.136576915 -0.174253527 0.001802198 0.024099702 -0.004066978 0.999699663
2048.000000000 -0.477449246 0.136552814 -0.174252379 0.001795491 0.024111428 -0.004048776 0.999699466
2049.000000000 -0.477380409 0.136588420 -0.174281195 0.001801818 0.024108212 -0.004057202 0.999699498
2050.000000000 -0.477479420 0.136562983 -0.174420990 0.001799874 0.024122288 -0.004056177 0.999699166
2051.000000000 -0.477428861 0.136472634 -0.174320255 0.001782188 0.024116649 -0.004110160 0.999699114
2052.000000000 -0.477534174 0.136414712 -0.174323400 0.001778816 0.024127692 -0.004088400 0.999698942
2053.000000000 -0.477486291 0.136487858 -0.174412996 0.001784054 0.024129215 -0.004085129 0.999698910
2054.000000000 -0.477544817 0.136540431 -0.174384892 0.001794749 0.024136778 -0.004062226 0.999698801
2055.000000000 -0.477529602 0.136419630 -0.174390417 0.001769753 0.024130161 -0.004081136 0.999698928
2056.000000000 -0.477420548 0.136453946 -0.174359089 0.001772416 0.024115158 -0.004081163 0.999699286
2057.000000000 -0.477356086 0.136478853 -0.174542635 0.001786716 0.024098094 -0.004092288 0.999699626
2058.000000000 -0.477325607 0.136491468 -0.174456013 0.001780933 0.024094915 -0.004069605 0.999699806
2059.000000000 -0.477395086 0.136494837 -0.174547763 0.001779895 0.024108169 -0.004059648 0.999699529
2060.000000000 -0.477404346 0.136451541 -0.174418011 0.001774181 0.024113330 -0.004061891 0.999699405
2061.000000000 -0.477503985 0.136583988 -0.174485922 0.001789243 0.024128375 -0.004043482 0.999699090
2062.000000000 -0.477447900 0.136576364 -0.174512005 0.001782532 0.024124366 -0.004046873 0.999699185
2063.000000000 -0.477415022 0.136531342 -0.174308721 0.001778648 0.024119972 -0.004070306 0.999699203
2064.000000000 -0.477342717 0.136438382 -0.174236554 0.001759881 0.024105384 -0.004047688 0.999699680
2065.000000000 -0.477274699 0.136507030 -0.174139285 0.001771680 0.024097183 -0.004078246 0.999699732
2066.000000000 -0.477199663 0.136350350 -0.174130321 0.001743546 0.024079740 -0.004023294 0.999700425
2067.000000000 -0.477243176 0.136308087 -0.174219634 0.001726722 0.024095704 -0.004034809 0.999700023
2068.000000000 -0.477279298 0.136357430 -0.174245429 0.001741098 0.024104461 -0.004034484 0.999699788
2069.000000000 -0.477211655 0.136413043 -0.174251328 0.001744588 0.024087010 -0.004030934 0.999700217
2070.000000000 -0.477221692 0.136482894 -0.174197830 0.001764417 0.024088973 -0.004007317 0.999700230
2071.000000000 -0.477227025 0.136459393 -0.174182814 0.001755798 0.024095257 -0.004034423 0.999699985
2072.000000000 -0.477351616 0.136441225 -0.174279510 0.001760574 0.024108097 -0.004030111 0.999699684
2073.000000000 -0.477165892 0.136483130 -0.174152118 0.001762468 0.024071675 -0.004050383 0.999700476
2074.000000000 -0.477237628 0.136503493 -0.174057930 0.001761996 0.024082963 -0.004048979 0.999700211
2075.000000000 -0.477339656 0.136339525 -0.174265692 0.001734131 0.024100906 -0.004060480 0.999699781
2076.000000000 -0.477271750 0.136272281 -0.174292839 0.001727563 0.024093477 -0.004056359 0.999699988
2077.000000000 -0.477297362 0.136286803 -0.174360685 0.001727238 0.024098310 -0.004039957 0.999699938
2078.000000000 -0.477233599 0.136354044 -0.174297582 0.001749839 0.024085430 -0.004046808 0.999700182
2079.000000000 -0.477232192 0.136467448 -0.174370096 0.001762267 0.024075865 -0.004048358 0.999700384
2080.000000000 -0.477144760 0.136367224 -0.174297058 0.001739254 0.024071551 -0.004042642 0.999700551
2081.000000000 -0.478259787 0.136218626 -0.175230631 0.001870475 0.024178822 -0.004359304 0.999696395
2082.000000000 -0.477785993 0.136155498 -0.174298705 0.001790393 0.024079046 -0.004342833 0.999699022
2083.000000000 -0.477771405 0.136158081 -0.174273488 0.001796716 0.024077588 -0.004289966 0.999699274
2084.000000000 -0.477303179 0.136322470 -0.174365533 0.001851155 0.023974576 -0.004374918 0.999701282
2085.000000000 -0.477331882 0.135918870 -0.174525520 0.001768815 0.023969518 -0.004308418 0.999701841
2086.000000000 -0.477353236 0.135917471 -0.174491424 0.001765360 0.023948821 -0.004324147 0.999702275
2087.000000000 -0.477209649 0.135828941 -0.174166919 0.001750070 0.023923386 -0.004324862 0.999702908
2088.000000000 -0.477314199 0.135822449 -0.174253468 0.001737996 0.023950957 -0.004281545 0.999702455
2089.000000000 -0.477389689 0.135880313 -0.174355065 0.001749509 0.023974415 -0.004285851 0.999701855
2090.000000000 -0.477414569 0.135912381 -0.174398567 0.001754783 0.023976935 -0.004285275 0.999701787
2091.000000000 -0.477393907 0.135899139 -0.174441544 0.001751055 0.023971249 -0.004312530 0.999701813
2092.000000000 -0.477293858 0.136133305 -0.174247784 0.001854390 0.023923953 -0.004406996 0.999702348
2093.000000000 -0.477488711 0.136118087 -0.174403381 0.001853316 0.023969932 -0.004408934 0.999701240
2094.000000000 -0.477445553 0.136066787 -0.174244836 0.001829922 0.023971851 -0.004374434 0.999701388
2095.000000000 -0.477389965 0.136119940 -0.174255220 0.001842236 0.023958278 -0.004396590 0.999701594
2096.000000000 -0.477659852 0.136178735 -0.174554909 0.001848284 0.024017849 -0.004392198 0.999700173
2097.000000000 -0.477795598 0.136142329 -0.174770895 0.001837355 0.024057955 -0.004374170 0.999699308
2098.000000000 -0.477794656 0.136196743 -0.174821081 0.001856041 0.024043528 -0.004384926 0.999699573
2099.000000000 -0.477765310 0.136087976 -0.174707911 0.001823080 0.024039622 -0.004340762 0.999699920
2100.000000000 -0.477763240 0.136020500 -0.174672083 0.001805690 0.024045519 -0.004326614 0.999699871
2101.000000000 -0.477654505 0.136181207 -0.174657784 0.001878969 0.024010847 -0.004396102 0.999700267
2102.000000000 -0.477564609 0.136171169 -0.174409296 0.001871776 0.023987723 -0.004379372 0.999700909
2103.000000000 -0.477745734 0.136203274 -0.174744344 0.001877525 0.024035595 -0.004403022 0.999699644
2104.000000000 -0.477750419 0.136162611 -0.174790617 0.001870023 0.024033019 -0.004397094 0.999699746
2105.000000000 -0.477690858 0.136167835 -0.174692149 0.001865651 0.024027537 -0.004408295 0.999699837
2106.000000000 -0.477792157 0.136037543 -0.174740977 0.001832577 0.024050051 -0.004381525 0.999699474
2107.000000000 -0.477773104 0.136041176 -0.174784840 0.001828753 0.024041883 -0.004360132 0.999699771
2108.000000000 -0.477626491 0.136064890 -0.174624069 0.001841053 0.024008306 -0.004368299 0.999700520
2109.000000000 -0.477557563 0.136133667 -0.174632374 0.001855514 0.023998743 -0.004396626 0.999700599
2110.000000000 -0.477473272 0.136158706 -0.174479208 0.001875649 0.023976225 -0.004372665 0.999701207
2111.000000000 -0.477368988 0.136084779 -0.174362300 0.001848844 0.023956120 -0.004385049 0.999701684
2112.000000000 -0.477431539 0.136132625 -0.174389672 0.001871309 0.023972477 -0.004388025 0.999701237
2113.000000000 -0.477453483 0.136086792 -0.174389746 0.001846445 0.023979980 -0.004407314 0.999701019
2114.000000000 -0.477383873 0.136121293 -0.174459780 0.001864428 0.023972052 -0.004413134 0.999701150
2115.000000000 -0.477422489 0.136110289 -0.174456368 0.001854785 0.023979488 -0.004424763 0.999700938
2116.000000000 -0.477384917 0.136079642 -0.174320359 0.001841947 0.023964139 -0.004413529 0.999701379
2117.000000000 -0.477337965 0.136041158 -0.174297089 0.001839148 0.023946572 -0.004415968 0.999701795
2118.000000000 -0.477290463 0.135977244 -0.174220517 0.001835543 0.023934035 -0.004374566 0.999702284
2119.000000000 -0.477354848 0.135966980 -0.174239751 0.001819163 0.023952410 -0.004387911 0.999701815
2120.000000000 -0.477387940 0.136061925 -0.174367717 0.001846254 0.023949050 -0.004403649 0.999701777
2121.000000000 -0.477583995 0.136069600 -0.174771003 0.001849630 0.023990028 -0.004395894 0.999700822
2122.000000000 -0.477024939 0.136165490 -0.173772606 0.001868497 0.023882477 -0.004465107 0.999703055
2123.000000000 -0.477118430 0.136093615 -0.173699078 0.001864228 0.023884547 -0.004434081 0.999703152
2124.000000000 -0.477272783 0.136147299 -0.173885392 0.001874201 0.023920780 -0.004460313 0.999702150
2125.000000000 -0.477226447 0.136248991 -0.173863827 0.001899424 0.023902984 -0.004477691 0.999702451
2126.000000000 -0.477133030 0.136269649 -0.173829368 0.001906829 0.023889160 -0.004443778 0.999702918
2127.000000000 -0.477074155 0.136215760 -0.173736173 0.001899118 0.023882416 -0.004444089 0.999703093
2128.000000000 -0.477029432 0.136203388 -0.173703535 0.001893147 0.023876046 -0.004467602 0.999703151
2129.000000000 -0.477061378 0.136147259 -0.173779776 0.001885802 0.023875218 -0.004461291 0.999703213
2130.000000000 -0.477112096 0.136206036 -0.173708016 0.001904566 0.023881264 -0.004488760 0.999702910
2131.000000000 -0.477020350 0.136272503 -0.173744805 0.001925271 0.023864374 -0.004491088 0.999703264
2132.000000000 -0.476931415 0.136193326 -0.173634679 0.001905873 0.023843829 -0.004486974 0.999703809
2133.000000000 -0.477078654 0.136176277 -0.173683031 0.001898932 0.023879670 -0.004480925 0.999702994
2134.000000000 -0.477136915 0.136178429 -0.173560430 0.001896572 0.023898051 -0.004501356 0.999702468
2135.000000000 -0.477049458 0.136206734 -0.173553548 0.001904263 0.023886683 -0.004522101 0.999702631
2136.000000000 -0.477184415 0.136150470 -0.173745425 0.001890455 0.023916837 -0.004543205 0.999701841
2137.000000000 -0.477123785 0.136182600 -0.173681401 0.001903191 0.023897730 -0.004515638 0.999702398
2138.000000000 -0.477115253 0.136213528 -0.173673154 0.001902078 0.023908477 -0.004518227 0.999702132
2139.000000000 -0.477173600 0.136191617 -0.173571304 0.001889230 0.023911444 -0.004523406 0.999702062
2140.000000000 -0.477175447 0.136339584 -0.173745743 0.001934345 0.023909425 -0.004546831 0.999701918
2141.000000000 -0.477012841 0.136176452 -0.173434755 0.001888444 0.023883830 -0.004495356 0.999702850
2142.000000000 -0.477029592 0.136189215 -0.173381642 0.001882980 0.023884933 -0.004493363 0.999702843
2143.000000000 -0.477076606 0.136226048 -0.173518081 0.001898503 0.023888739 -0.004475784 0.999702801
2144.000000000 -0.477321557 0.136312601 -0.174015677 0.001912349 0.023936192 -0.004522343 0.999701430
2145.000000000 -0.477340180 0.136275975 -0.174132342 0.001910783 0.023932508 -0.004498741 0.999701628
2146.000000000 -0.477301650 0.136268185 -0.174180251 0.001917056 0.023921938 -0.004530041 0.999701728
2147.000000000 -0.477366831 0.136269465 -0.174006378 0.001915185 0.023935203 -0.004514293 0.999701485
2148.000000000 -0.477312275 0.136171974 -0.174057289 0.001893086 0.023932329 -0.004508381 0.999701623
2149.000000000 -0.477174714 0.136231525 -0.173981230 0.001908623 0.023903205 -0.004535947 0.999702165
2150.000000000 -0.477139482 0.136332466 -0.174051323 0.001925055 0.023895253 -0.004548402 0.999702267
2151.000000000 -0.477259861 0.136327221 -0.173913984 0.001930865 0.023917404 -0.004560211 0.999701673
2152.000000000 -0.477329266 0.136378741 -0.174003256 0.001939945 0.023927198 -0.004559548 0.999701424
2153.000000000 -0.477172027 0.136310122 -0.174018400 0.001924623 0.023905904 -0.004570879 0.999701911
2154.000000000 -0.477198170 0.136352105 -0.174145554 0.001936416 0.023899512 -0.004566200 0.999702062
2155.000000000 -0.477359621 0.136344085 -0.174147819 0.001937077 0.023932407 -0.004584131 0.999701192
2156.000000000 -0.477453395 0.136344590 -0.174235064 0.001931119 0.023950415 -0.004556315 0.999700899
2157.000000000 -0.477327837 0.136341927 -0.174062451 0.001929777 0.023925979 -0.004575912 0.999701398
2158.000000000 -0.477307949 0.136329296 -0.174063301 0.001929379 0.023922522 -0.004558998 0.999701558
2159.000000000 -0.477295642 0.136326491 -0.174065194 0.001921048 0.023922838 -0.004544382 0.999701633
2160.000000000 -0.477274476 0.136392694 -0.174040288 0.001944165 0.023920570 -0.004547582 0.999701629
2161.000000000 -0.477247651 0.136339455 -0.174047248 0.001922849 0.023911526 -0.004521242 0.999702006
2162.000000000 -0.477271444 0.136359240 -0.174136302 0.001934304 0.023905548 -0.004557099 0.999701964
2163.000000000 -0.477090264 0.136438497 -0.174004942 0.001965247 0.023863880 -0.004549583 0.999702933
2164.000000000 -0.477161412 0.136445424 -0.174154748 0.001956880 0.023882029 -0.004572597 0.999702411
2165.000000000 -0.477197988 0.136409719 -0.174159167 0.001957299 0.023884298 -0.004589178 0.999702280
2166.000000000 -0.477192008 0.136448368 -0.174046780 0.001959863 0.023886764 -0.004594467 0.999702192
2167.000000000 -0.477223020 0.136462591 -0.174054737 0.001960130 0.023895814 -0.004596826 0.999701964
2168.000000000 -0.477123855 0.136520920 -0.173955111 0.001975369 0.023876962 -0.004574629 0.999702486
2169.000000000 -0.477047841 0.136482160 -0.173921749 0.001975365 0.023867593 -0.004622501 0.999702490
2170.000000000 -0.477195818 0.136424738 -0.174093013 0.001958002 0.023889937 -0.004589933 0.999702140
2171.000000000 -0.477136536 0.136387513 -0.174014005 0.001949371 0.023887332 -0.004602585 0.999702161
2172.000000000 -0.477150200 0.136426092 -0.173926082 0.001959497 0.023885359 -0.004569949 0.999702338
2173.000000000 -0.477225429 0.136516349 -0.174028123 0.001983271 0.023900664 -0.004555270 0.999701993
2174.000000000 -0.477247716 0.136434167 -0.174071576 0.001971019 0.023900153 -0.004605760 0.999701798
2175.000000000 -0.477446399 0.136304530 -0.174132305 0.001939675 0.023940985 -0.004557834 0.999701102
2176.000000000 -0.477516490 0.136391275 -0.174301703 0.001949996 0.023952436 -0.004563228 0.999700783
2177.000000000 -0.477448489 0.136227153 -0.174051782 0.001930500 0.023947835 -0.004583643 0.999700838
2178.000000000 -0.477255349 0.136273355 -0.174025851 0.001923655 0.023911616 -0.004575578 0.999701755
2179.000000000 -0.477326623 0.136287545 -0.173982962 0.001935029 0.023916670 -0.004557756 0.999701693
2180.000000000 -0.477305881 0.136321406 -0.173949216 0.001944861 0.023922001 -0.004571580 0.999701483
2181.000000000 -0.477354150 0.136212617 -0.174065165 0.001916709 0.023930027 -0.004553224 0.999701430
2182.000000000 -0.477358898 0.136245468 -0.174030036 0.001926726 0.023932651 -0.004570440 0.999701269
2183.000000000 -0.477596292 0.136222148 -0.174179548 0.001911841 0.023977527 -0.004573385 0.999700209
2184.000000000 -0.477696810 0.136241720 -0.174316508 0.001921306 0.024000162 -0.004534361 0.999699825
2185.000000000 -0.477877355 0.136229498 -0.174251889 0.001901246 0.024038377 -0.004517130 0.999699023
2186.000000000 -0.477894422 0.136167070 -0.174279978 0.001903953 0.024038822 -0.004525644 0.999698969
2187.000000000 -0.477814693 0.136223642 -0.174242562 0.001910288 0.024017329 -0.004518893 0.999699504
2188.000000000 -0.477907455 0.136161586 -0.174277351 0.001888637 0.024035015 -0.004534279 0.999699050
2189.000000000 -0.477837177 0.136126015 -0.174170330 0.001886427 0.024020600 -0.004545748 0.999699349
2190.000000000 -0.477643609 0.136189577 -0.174127535 0.001903042 0.023982124 -0.004517281 0.999700370
2191.000000000 -0.477481526 0.136249702 -0.173907090 0.001911321 0.023964601 -0.004535216 0.999700693
2192.000000000 -0.477621860 0.136250682 -0.174037023 0.001910479 0.023986346 -0.004530667 0.999700194
2193.000000000 -0.477540722 0.136249152 -0.174110278 0.001915132 0.023968871 -0.004535189 0.999700584
2194.000000000 -0.477649544 0.136270905 -0.174107989 0.001908320 0.023990125 -0.004548098 0.999700029
2195.000000000 -0.477517977 0.136246294 -0.173893394 0.001898390 0.023977353 -0.004518427 0.999700488
2196.000000000 -0.477616817 0.136205528 -0.173943641 0.001888202 0.023993741 -0.004535491 0.999700037
2197.000000000 -0.477537098 0.136273107 -0.173933164 0.001903175 0.023971987 -0.004532550 0.999700544
2198.000000000 -0.477399287 0.136457885 -0.173935047 0.001955507 0.023948212 -0.004550908 0.999700929
2199.000000000 -0.477378815 0.136392914 -0.173958292 0.001942784 0.023951860 -0.004549046 0.999700875
2200.000000000 -0.477324615 0.136328928 -0.173949766 0.001930938 0.023937655 -0.004546803 0.999701249
2201.000000000 -0.477469363 0.136428468 -0.174002265 0.001944459 0.023970714 -0.004554767 0.999700394
2202.000000000 -0.476976631 0.136445035 -0.173707699 0.001954396 0.023866081 -0.004626143 0.999702550
2203.000000000 -0.477852294 0.136186195 -0.174146571 0.001903373 0.024012595 -0.004609132 0.999699219
2204.000000000 -0.477890794 0.136196353 -0.174152629 0.001902786 0.024028126 -0.004580389 0.999698979
2205.000000000 -0.477963993 0.136122163 -0.174203905 0.001886715 0.024042668 -0.004593484 0.999698600
2206.000000000 -0.477828974 0.136232548 -0.174238105 0.001913188 0.024013034 -0.004585279 0.999699299
2207.000000000 -0.477949913 0.136120549 -0.174315343 0.001886358 0.024047541 -0.004579406 0.999698548
2208.000000000 -0.478017706 0.136168621 -0.174265796 0.001888059 0.024058022 -0.004579231 0.999698293
2209.000000000 -0.478118424 0.136118522 -0.174372349 0.001867893 0.024080238 -0.004568495 0.999697845
2210.000000000 -0.477902284 0.136219883 -0.174196491 0.001905448 0.024037962 -0.004587778 0.999698704
2211.000000000 -0.477876802 0.136135802 -0.174108954 0.001881104 0.024032550 -0.004564139 0.999698988
2212.000000000 -0.477792874 0.136224952 -0.174063300 0.001912196 0.024005861 -0.004562787 0.999699576
2213.000000000 -0.477791077 0.136261161 -0.174205307 0.001919772 0.024005604 -0.004587785 0.999699454
2214.000000000 -0.477896978 0.136186429 -0.174313911 0.001900666 0.024025429 -0.004575795 0.999699069
2215.000000000 -0.477785311 0.136194306 -0.174170312 0.001906507 0.024007028 -0.004600242 0.999699388
2216.000000000 -0.477828646 0.136290019 -0.174228443 0.001925362 0.024013295 -0.004614281 0.999699136
2217.000000000 -0.478007716 0.136140174 -0.174260272 0.001890286 0.024041568 -0.004599096 0.999698594
2218.000000000 -0.478011880 0.136111702 -0.174345410 0.001889728 0.024043609 -0.004592962 0.999698574
2219.000000000 -0.477993068 0.136103118 -0.174402400 0.001881198 0.024037944 -0.004581811 0.999698777
2220.000000000 -0.478074026 0.136017540 -0.174418073 0.001861621 0.024059381 -0.004552078 0.999698434
2221.000000000 -0.478118061 0.136022410 -0.174450099 0.001867265 0.024066943 -0.004567165 0.999698173
2222.000000000 -0.478154389 0.136045322 -0.174343075 0.001858785 0.024075571 -0.004577190 0.999697935
2223.000000000 -0.478167582 0.136071892 -0.174338083 0.001869725 0.024070488 -0.004598993 0.999697937
2224.000000000 -0.478162692 0.136122104 -0.174339567 0.001887363 0.024066997 -0.004616818 0.999697906
2225.000000000 -0.478152328 0.136003362 -0.174303238 0.001871018 0.024070910 -0.004554977 0.999698126
2226.000000000 -0.478110254 0.136064816 -0.174428046 0.001878683 0.024065643 -0.004591589 0.999698071
2227.000000000 -0.477844222 0.136096944 -0.174381271 0.001884520 0.024016688 -0.004576591 0.999699306
2228.000000000 -0.477972428 0.136147246 -0.174356909 0.001887984 0.024045997 -0.004573247 0.999698610
2229.000000000 -0.478010893 0.136131237 -0.174345339 0.001879738 0.024060869 -0.004532914 0.999698451
2230.000000000 -0.478087903 0.136060673 -0.174366054 0.001854162 0.024078780 -0.004557573 0.999697956
2231.000000000 -0.478119189 0.136044120 -0.174332832 0.001854257 0.024083450 -0.004550406 0.999697876
2232.000000000 -0.478005546 0.135983990 -0.174363016 0.001840373 0.024058881 -0.004550824 0.999698491
2233.000000000 -0.478024558 0.136132070 -0.174516360 0.001867631 0.024065221 -0.004559585 0.999698248
2234.000000000 -0.478107663 0.136106620 -0.174536986 0.001877758 0.024081019 -0.004566650 0.999697816
2235.000000000 -0.478001681 0.136074577 -0.174460982 0.001866374 0.024050157 -0.004554864 0.999698634
2236.000000000 -0.477936128 0.136176211 -0.174512894 0.001893450 0.024033574 -0.004557127 0.999698972
2237.000000000 -0.477994788 0.136089217 -0.174377775 0.001872356 0.024052028 -0.004551118 0.999698595
2238.000000000 -0.478077966 0.136075396 -0.174366665 0.001858798 0.024070541 -0.004555646 0.999698154
2239.000000000 -0.478177624 0.136003204 -0.174411762 0.001839075 0.024089989 -0.004523040 0.999697871
2240.000000000 -0.477995567 0.136148184 -0.174280030 0.001881493 0.024047980 -0.004535513 0.999698747
2241.000000000 -0.477989327 0.136108408 -0.174214258 0.001866852 0.024051331 -0.004545703 0.999698647
2242.000000000 -0.477716075 0.136138862 -0.174278229 0.001881494 0.023991784 -0.004537148 0.999700089
2243.000000000 -0.477828491 0.136051800 -0.174199274 0.001851938 0.024016487 -0.004531622 0.999699576
2244.000000000 -0.477855993 0.136030417 -0.174192367 0.001858606 0.024021396 -0.004520927 0.999699495
2245.000000000 -0.477923816 0.135986947 -0.174188512 0.001836852 0.024026289 -0.004560039 0.999699239
2246.000000000 -0.477853034 0.135983588 -0.174078515 0.001845677 0.024009465 -0.004539356 0.999699722
2247.000000000 -0.477971446 0.135889565 -0.174315939 0.001825635 0.024020612 -0.004532930 0.999699520
2248.000000000 -0.478020565 0.135850890 -0.174277589 0.001808026 0.024042876 -0.004515007 0.999699098
2249.000000000 -0.477941142 0.135963547 -0.174245069 0.001834651 0.024034872 -0.004550982 0.999699078
2250.000000000 -0.477778558 0.136029717 -0.174335553 0.001855133 0.023998117 -0.004532814 0.999700006
2251.000000000 -0.477913989 0.136118117 -0.174505581 0.001876072 0.024020570 -0.004583296 0.999699198
2252.000000000 -0.478036719 0.136102354 -0.174565480 0.001869889 0.024043771 -0.004563780 0.999698741
2253.000000000 -0.478074693 0.136101905 -0.174782679 0.001887055 0.024047364 -0.004567564 0.999698605
2254.000000000 -0.477982339 0.135986143 -0.174566765 0.001861752 0.024034554 -0.004562641 0.999698983
2255.000000000 -0.478085953 0.136014296 -0.174575917 0.001851845 0.024054985 -0.004536147 0.999698630
2256.000000000 -0.477992258 0.135906142 -0.174311345 0.001829643 0.024029499 -0.004498126 0.999699456
2257.000000000 -0.478092021 0.135906770 -0.174341384 0.001837622 0.024071099 -0.004539066 0.999698256
2258.000000000 -0.478140347 0.135950391 -0.174311954 0.001838312 0.024077008 -0.004525994 0.999698171
2259.000000000 -0.477997577 0.136051180 -0.174231080 0.001863794 0.024047022 -0.004525269 0.999698849
2260.000000000 -0.478116275 0.135953957 -0.174325418 0.001844611 0.024084288 -0.004535419 0.999697942
2261.000000000 -0.478203627 0.135990980 -0.174404891 0.001847134 0.024096233 -0.004541239 0.999697623
2262.000000000 -0.478161081 0.135906545 -0.174227750 0.001820997 0.024092898 -0.004550745 0.999697708
2263.000000000 -0.477942183 0.135959579 -0.174151154 0.001845937 0.024045067 -0.004556388 0.999698788
2264.000000000 -0.477963240 0.136088666 -0.174297239 0.001881992 0.024041942 -0.004565685 0.999698753
2265.000000000 -0.478047300 0.136142404 -0.174304324 0.001885463 0.024057471 -0.004583663 0.999698291
2266.000000000 -0.478136558 0.136070820 -0.174277467 0.001863224 0.024075309 -0.004551182 0.999698052
2267.000000000 -0.478156376 0.136069867 -0.174267720 0.001864777 0.024087902 -0.004578423 0.999697621
2268.000000000 -0.478004831 0.136160742 -0.174204364 0.001884906 0.024050092 -0.004584426 0.999698466
2269.000000000 -0.478183577 0.136122119 -0.174278486 0.001864546 0.024087188 -0.004519252 0.999697908
2270.000000000 -0.478073392 0.136137367 -0.174219679 0.001871503 0.024059815 -0.004540870 0.999698456
2271.000000000 -0.477988052 0.136157507 -0.174287384 0.001887371 0.024047235 -0.004517803 0.999698834
2272.000000000 -0.477873686 0.136156426 -0.174076059 0.001879427 0.024018122 -0.004550478 0.999699400
2273.000000000 -0.477959562 0.136172436 -0.174368329 0.001894585 0.024038894 -0.004542462 0.999698909
2274.000000000 -0.477931395 0.136214446 -0.174286031 0.001901151 0.024027250 -0.004542879 0.999699174
2275.000000000 -0.477840704 0.136178047 -0.174400351 0.001897507 0.024024034 -0.004535129 0.999699294
2276.000000000 -0.477960357 0.136223424 -0.174306880 0.001909897 0.024034957 -0.004579129 0.999698807
2277.000000000 -0.477870034 0.136139988 -0.174226223 0.001889858 0.024033383 -0.004549618 0.999699018
2278.000000000 -0.477791169 0.136151260 -0.174242975 0.001887813 0.024009776 -0.004570533 0.999699493
2279.000000000 -0.477904841 0.136172919 -0.174308544 0.001908014 0.024021856 -0.004577705 0.999699132
2280.000000000 -0.477885108 0.136158078 -0.174251594 0.001904216 0.024022588 -0.004589572 0.999699067
2281.000000000 -0.477839473 0.136036765 -0.174224919 0.001867296 0.024006934 -0.004620096 0.999699372
2282.000000000 -0.478051844 0.135945624 -0.174380673 0.001852961 0.024052270 -0.004586784 0.999698463
2283.000000000 -0.477945721 0.136050611 -0.174377679 0.001864359 0.024025116 -0.004604317 0.999699014
2284.000000000 -0.478036844 0.135981332 -0.174314283 0.001855098 0.024051772 -0.004618542 0.999698324
2285.000000000 -0.477929367 0.136019374 -0.174391694 0.001875268 0.024032786 -0.004601825 0.999698821
2286.000000000 -0.477891105 0.136104974 -0.174343608 0.001891073 0.024022199 -0.004599383 0.999699056
2287.000000000 -0.477967027 0.136058972 -0.174370269 0.001874242 0.024031770 -0.004606439 0.999698826
2288.000000000 -0.477824872 0.136127319 -0.174505816 0.001894659 0.024009055 -0.004577604 0.999699465
2289.000000000 -0.477846962 0.136178028 -0.174527542 0.001904163 0.024009890 -0.004586042 0.999699389
2290.000000000 -0.477861926 0.136238039 -0.174460220 0.001915205 0.024002933 -0.004581791 0.999699554
2291.000000000 -0.478013195 0.136085413 -0.174613645 0.001882772 0.024037538 -0.004577200 0.999698805
2292.000000000 -0.477965690 0.136175116 -0.174625171 0.001905797 0.024025772 -0.004581930 0.999699023
2293.000000000 -0.477949346 0.136185911 -0.174545328 0.001905607 0.024021906 -0.004589743 0.999699080
2294.000000000 -0.477893782 0.136152243 -0.174472410 0.001904110 0.024007872 -0.004586159 0.999699437
2295.000000000 -0.477830903 0.136208029 -0.174455040 0.001935178 0.023986660 -0.004638894 0.999699643
2296.000000000 -0.477851909 0.136185414 -0.174495287 0.001922404 0.023991642 -0.004649451 0.999699499
2297.000000000 -0.477821635 0.136218863 -0.174578824 0.001936294 0.023981165 -0.004640944 0.999699763
2298.000000000 -0.477778797 0.136214976 -0.174548619 0.001936393 0.023980314 -0.004663256 0.999699679
2299.000000000 -0.477816129 0.136164389 -0.174457149 0.001920933 0.023990302 -0.004647243 0.999699544
2300.000000000 -0.477896353 0.136236391 -0.174434977 0.001932255 0.023997617 -0.004609930 0.999699520
2301.000000000 -0.477974229 0.136223344 -0.174580698 0.001931223 0.024015182 -0.004639800 0.999698962
2302.000000000 -0.477871237 0.136163988 -0.174565741 0.001927123 0.023996412 -0.004643872 0.999699401
2303.000000000 -0.477934247 0.136177581 -0.174679258 0.001922481 0.024009600 -0.004650208 0.999699064
2304.000000000 -0.477979349 0.136242320 -0.174716680 0.001946998 0.024015737 -0.004640552 0.999698914
2305.000000000 -0.477977141 0.136239467 -0.174719749 0.001941594 0.024022244 -0.004625300 0.999698839
2306.000000000 -0.478047780 0.136179569 -0.174628976 0.001921600 0.024029079 -0.004626797 0.999698706
2307.000000000 -0.478004895 0.136179293 -0.174687056 0.001926740 0.024023053 -0.004612401 0.999698908
2308.000000000 -0.478080614 0.136115893 -0.174668892 0.001903288 0.024036931 -0.004633936 0.999698520
2309.000000000 -0.477973279 0.136200968 -0.174663397 0.001925471 0.024016114 -0.004621011 0.999699037
2310.000000000 -0.478063334 0.136209709 -0.174718191 0.001932511 0.024033111 -0.004634855 0.999698551
2311.000000000 -0.477981038 0.136216675 -0.174792171 0.001945409 0.024022322 -0.004617163 0.999698867
2312.000000000 -0.478062743 0.136172095 -0.174740097 0.001929807 0.024031926 -0.004638960 0.999698566
2313.000000000 -0.477963674 0.136082474 -0.174580970 0.001907958 0.024023405 -0.004640335 0.999698806
2314.000000000 -0.477841737 0.136145442 -0.174578021 0.001907036 0.023983475 -0.004614445 0.999699886
2315.000000000 -0.477829090 0.136200430 -0.174432358 0.001919823 0.023992709 -0.004638515 0.999699529
2316.000000000 -0.477922227 0.136162705 -0.174581108 0.001914753 0.024013987 -0.004619597 0.999699115
2317.000000000 -0.478036292 0.136164780 -0.174554593 0.001919011 0.024040935 -0.004623558 0.999698441
2318.000000000 -0.477936556 0.136254561 -0.174621129 0.001948406 0.024016240 -0.004631725 0.999698940
2319.000000000 -0.477913983 0.136262984 -0.174563687 0.001946576 0.024010551 -0.004643727 0.999699025
2320.000000000 -0.477896867 0.136399469 -0.174726118 0.001977971 0.024000391 -0.004620981 0.999699313
2321.000000000 -0.478004966 0.136302139 -0.174688702 0.001946969 0.024022348 -0.004630174 0.999698803
2322.000000000 -0.477828620 0.136251097 -0.174520576 0.001945827 0.023988168 -0.004633947 0.999699609
2323.000000000 -0.477898808 0.136354312 -0.174691965 0.001966141 0.024005447 -0.004629234 0.999699176
2324.000000000 -0.477755649 0.136424997 -0.174598125 0.001987641 0.023972966 -0.004637967 0.999699873
2325.000000000 -0.477904965 0.136396819 -0.174675583 0.001979611 0.024004083 -0.004656207 0.999699057
2326.000000000 -0.477925505 0.136347078 -0.174646376 0.001973255 0.024004629 -0.004618599 0.999699231
2327.000000000 -0.477832553 0.136213564 -0.174679127 0.001941134 0.023976351 -0.004582529 0.999700139
2328.000000000 -0.477669126 0.136310335 -0.174621173 0.001959463 0.023950921 -0.004601735 0.999700624
2329.000000000 -0.477790020 0.136231431 -0.174540345 0.001944432 0.023982796 -0.004583408 0.999699974
2330.000000000 -0.477686330 0.136254618 -0.174549872 0.001942485 0.023967732 -0.004573206 0.999700385
2331.000000000 -0.477760441 0.136303424 -0.174524524 0.001955460 0.023981261 -0.004581799 0.999699996
2332.000000000 -0.477718173 0.136376902 -0.174467754 0.001965232 0.023970388 -0.004598529 0.999700161
2333.000000000 -0.477724958 0.136291427 -0.174470065 0.001956488 0.023969842 -0.004588367 0.999700238
2334.000000000 -0.477587174 0.136419464 -0.174358411 0.001971925 0.023944757 -0.004573613 0.999700876
2335.000000000 -0.477793481 0.136373592 -0.174393726 0.001961305 0.023991887 -0.004608834 0.999699606
2336.000000000 -0.477677792 0.136501924 -0.174288217 0.001983921 0.023968561 -0.004601611 0.999700154
2337.000000000 -0.477628618 0.136513780 -0.174335112 0.001992191 0.023966451 -0.004610286 0.999700148
2338.000000000 -0.477697839 0.136497744 -0.174449209 0.001986227 0.023978364 -0.004625586 0.999699803
2339.000000000 -0.477706701 0.136359950 -0.174324410 0.001960475 0.023971670 -0.004604385 0.999700113
2340.000000000 -0.477777476 0.136405001 -0.174284698 0.001962036 0.023983278 -0.004598044 0.999699860
2341.000000000 -0.477683855 0.136399112 -0.174332223 0.001960799 0.023968640 -0.004605076 0.999700181
2342.000000000 -0.477753284 0.136469139 -0.174378123 0.001982385 0.023987025 -0.004592242 0.999699757
2343.000000000 -0.477796216 0.136434559 -0.174376315 0.001980644 0.023990425 -0.004582441 0.999699724
2344.000000000 -0.477783926 0.136411809 -0.174431848 0.001970713 0.023987661 -0.004610185 0.999699682
2345.000000000 -0.477799828 0.136393799 -0.174503928 0.001970071 0.023986207 -0.004595460 0.999699786
2346.000000000 -0.477696557 0.136487002 -0.174523792 0.001995546 0.023968642 -0.004595909 0.999700155
2347.000000000 -0.477815305 0.136452861 -0.174474091 0.001983321 0.023984955 -0.004584368 0.999699841
2348.000000000 -0.477794064 0.136490569 -0.174459560 0.001992476 0.023988784 -0.004604020 0.999699641
2349.000000000 -0.477659307 0.136409475 -0.174312655 0.001973620 0.023954460 -0.004565322 0.999700678
2350.000000000 -0.477691629 0.136406942 -0.174343977 0.001966795 0.023962487 -0.004584428 0.999700412
2351.000000000 -0.477800521 0.136450749 -0.174371546 0.001977067 0.023989946 -0.004583310 0.999699738
2352.000000000 -0.477714015 0.136428103 -0.174399945 0.001965519 0.023979956 -0.004588496 0.999699977
2353.000000000 -0.477708788 0.136368612 -0.174379801 0.001948220 0.023983377 -0.004590956 0.999699918
2354.000000000 -0.477686260 0.136335170 -0.174285551 0.001936167 0.023985148 -0.004602189 0.999699847
2355.000000000 -0.477554603 0.136460992 -0.174284500 0.001971207 0.023951238 -0.004585169 0.999700670
2356.000000000 -0.477623736 0.136351765 -0.174196233 0.001939048 0.023970559 -0.004594508 0.999700227
2357.000000000 -0.477613579 0.136411876 -0.174216698 0.001952174 0.023975620 -0.004567489 0.999700203
2358.000000000 -0.477613322 0.136336239 -0.174345912 0.001935316 0.023968527 -0.004576326 0.999700366
2359.000000000 -0.477726002 0.136338557 -0.174338850 0.001944511 0.023989764 -0.004595731 0.999699750
2360.000000000 -0.477703952 0.136347721 -0.174280624 0.001943416 0.023990601 -0.004598375 0.999699719
2361.000000000 -0.477712078 0.136410398 -0.174296101 0.001958173 0.023992976 -0.004620622 0.999699531
2362.000000000 -0.477751707 0.136300171 -0.174273254 0.001945228 0.024001684 -0.004639203 0.999699261
2363.000000000 -0.477750549 0.136412153 -0.174344634 0.001963568 0.024004582 -0.004634649 0.999699177
2364.000000000 -0.477780455 0.136347328 -0.174307079 0.001937088 0.024014964 -0.004631274 0.999698995
2365.000000000 -0.477727938 0.136392575 -0.174364919 0.001949340 0.024002195 -0.004608634 0.999699382
2366.000000000 -0.477803980 0.136390305 -0.174296757 0.001956358 0.024015111 -0.004623912 0.999698988
2367.000000000 -0.477686045 0.136437265 -0.174385231 0.001975307 0.023990753 -0.004654542 0.999699393
2368.000000000 -0.477837633 0.136414073 -0.174314314 0.001961784 0.024027610 -0.004653098 0.999698542
2369.000000000 -0.477596547 0.136356081 -0.174229311 0.001948791 0.023964214 -0.004648753 0.999700109
2370.000000000 -0.477714996 0.136460137 -0.174286003 0.001982296 0.023989529 -0.004624888 0.999699547
2371.000000000 -0.477779138 0.136470394 -0.174263317 0.001982373 0.024003189 -0.004622586 0.999699229
2372.000000000 -0.477625789 0.136493694 -0.174257808 0.001986582 0.023977961 -0.004649064 0.999699703
2373.000000000 -0.477669830 0.136453928 -0.174232684 0.001986985 0.023979953 -0.004650742 0.999699647
2374.000000000 -0.477521404 0.136514121 -0.174091027 0.001995141 0.023951642 -0.004633732 0.999700389
2375.000000000 -0.477611172 0.136354689 -0.174071780 0.001968855 0.023967952 -0.004625155 0.999700089
2376.000000000 -0.477589396 0.136348279 -0.174084355 0.001960964 0.023967729 -0.004625811 0.999700107
2377.000000000 -0.477597639 0.136297468 -0.174036398 0.001953814 0.023971853 -0.004612262 0.999700085
2378.000000000 -0.477872791 0.136451106 -0.174220384 0.001988998 0.024021811 -0.004614628 0.999698805
2379.000000000 -0.477694102 0.136306693 -0.174054110 0.001955088 0.023989777 -0.004604643 0.999699688
2380.000000000 -0.477645662 0.136338693 -0.174144754 0.001962350 0.023981488 -0.004615208 0.999699824
2381.000000000 -0.477643328 0.136336976 -0.174161728 0.001963124 0.023997094 -0.004628200 0.999699388
2382.000000000 -0.477639751 0.136362668 -0.174173544 0.001969423 0.023982113 -0.004642854 0.999699667
2383.000000000 -0.477717406 0.136344391 -0.174147830 0.001965667 0.023996448 -0.004623426 0.999699420
2384.000000000 -0.477703949 0.136385906 -0.174182962 0.001964080 0.023988386 -0.004629983 0.999699586
2385.000000000 -0.477733897 0.136331947 -0.174205810 0.001949347 0.024002191 -0.004580567 0.999699512
2386.000000000 -0.477716679 0.136377959 -0.174141155 0.001958022 0.023990260 -0.004586887 0.999699752
2387.000000000 -0.477735685 0.136398551 -0.174235198 0.001955833 0.023998935 -0.004587205 0.999699547
2388.000000000 -0.477564367 0.136343169 -0.174196793 0.001952169 0.023962210 -0.004619193 0.999700287
2389.000000000 -0.477661272 0.136358851 -0.174156119 0.001954487 0.023973568 -0.004596932 0.999700113
2390.000000000 -0.477856750 0.136277554 -0.174274406 0.001941099 0.024016146 -0.004584088 0.999699176
2391.000000000 -0.477740897 0.136301529 -0.174268016 0.001944486 0.023992197 -0.004609961 0.999699626
2392.000000000 -0.477696976 0.136399943 -0.174274053 0.001970474 0.023977394 -0.004649230 0.999699748
2393.000000000 -0.477647960 0.136370364 -0.174242236 0.001962062 0.023965931 -0.004600391 0.999700266
2394.000000000 -0.477719725 0.136415759 -0.174299464 0.001980518 0.023983304 -0.004595514 0.999699835
2395.000000000 -0.477766002 0.136332095 -0.174297533 0.001957541 0.023995341 -0.004610564 0.999699522
2396.000000000 -0.477684914 0.136313177 -0.174282361 0.001961162 0.023981145 -0.004619896 0.999699812
2397.000000000 -0.477723774 0.136382497 -0.174320988 0.001973745 0.023987180 -0.004623806 0.999699625
2398.000000000 -0.477711863 0.136408258 -0.174200562 0.001984258 0.023993799 -0.004649114 0.999699328
2399.000000000 -0.477705244 0.136408846 -0.174363082 0.001973672 0.023989658 -0.004620453 0.999699581
2400.000000000 -0.477756909 0.136369112 -0.174320146 0.001959502 0.024008713 -0.004600190 0.999699245
2401.000000000 -0.477651067 0.136396563 -0.174238029 0.001973644 0.023973782 -0.004630213 0.999699917
2402.000000000 -0.477632535 0.136405866 -0.174300449 0.001977419 0.023974061 -0.004605561 0.999700017
2403.000000000 -0.477634690 0.136391203 -0.174284973 0.001970905 0.023968001 -0.004598998 0.999700205
2404.000000000 -0.477671927 0.136467650 -0.174290595 0.001986968 0.023968945 -0.004601367 0.999700140
2405.000000000 -0.477603479 0.136427287 -0.174307614 0.001976381 0.023954853 -0.004600475 0.999700502
2406.000000000 -0.477743212 0.136359844 -0.174444612 0.001960200 0.023980837 -0.004605683 0.999699887
2407.000000000 -0.477617493 0.136393252 -0.174266189 0.001967769 0.023957170 -0.004618569 0.999700380
2408.000000000 -0.477673953 0.136268682 -0.174186795 0.001925853 0.023975839 -0.004575459 0.999700213
2409.000000000 -0.477579650 0.136346707 -0.174202506 0.001952781 0.023952281 -0.004611814 0.999700558
2410.000000000 -0.477552338 0.136321336 -0.174173796 0.001949428 0.023949343 -0.004570757 0.999700824
2411.000000000 -0.477564041 0.136430756 -0.174193798 0.001977381 0.023952324 -0.004605229 0.999700539
2412.000000000 -0.477507759 0.136375226 -0.174122301 0.001957242 0.023938870 -0.004574439 0.999701042
2413.000000000 -0.477465676 0.136377516 -0.174166892 0.001962744 0.023934956 -0.004569398 0.999701148
2414.000000000 -0.477523890 0.136402477 -0.174202982 0.001962900 0.023945965 -0.004576238 0.999700853
2415.000000000 -0.477525473 0.136354982 -0.174151965 0.001954065 0.023942993 -0.004597434 0.999700844
2416.000000000 -0.477561292 0.136272559 -0.174155928 0.001940811 0.023941951 -0.004563235 0.999701052
2417.000000000 -0.477456748 0.136362329 -0.174103612 0.001971977 0.023918484 -0.004611952 0.999701329
2418.000000000 -0.477455448 0.136400605 -0.174224613 0.001975368 0.023927700 -0.004629478 0.999701021
2419.000000000 -0.477533828 0.136432975 -0.174075473 0.001984303 0.023936705 -0.004651204 0.999700687
2420.000000000 -0.477684064 0.136418029 -0.174120833 0.001975265 0.023958838 -0.004624399 0.999700299
2421.000000000 -0.477810879 0.136233746 -0.174142601 0.001929738 0.023980231 -0.004602057 0.999699978
2422.000000000 -0.477831951 0.136178514 -0.174135125 0.001922927 0.023988196 -0.004607734 0.999699774
2423.000000000 -0.477761661 0.136285702 -0.174156986 0.001941065 0.023972449 -0.004602118 0.999700142
2424.000000000 -0.477714651 0.136178171 -0.174156603 0.001929121 0.023969236 -0.004596424 0.999700269
2425.000000000 -0.477620264 0.136243244 -0.174139017 0.001945968 0.023955837 -0.004609404 0.999700497
2426.000000000 -0.477558597 0.136304469 -0.174238950 0.001956381 0.023939111 -0.004595959 0.999700940
2427.000000000 -0.477683955 0.136340311 -0.174296557 0.001950246 0.023961924 -0.004591892 0.999700424
2428.000000000 -0.477740225 0.136314120 -0.174328935 0.001953060 0.023974653 -0.004579967 0.999700168
2429.000000000 -0.477689657 0.136288953 -0.174331248 0.001951959 0.023972594 -0.004556861 0.999700325
2430.000000000 -0.477675625 0.136235776 -0.174331730 0.001936204 0.023965528 -0.004574100 0.999700446
2431.000000000 -0.477578044 0.136250144 -0.174303726 0.001937485 0.023950714 -0.004557912 0.999700873
2432.000000000 -0.477669271 0.136297918 -0.174353826 0.001944202 0.023970911 -0.004586237 0.999700246
2433.000000000 -0.477721487 0.136235276 -0.174312616 0.001924389 0.023982746 -0.004567164 0.999700088
2434.000000000 -0.477728425 0.136210053 -0.174451586 0.001916377 0.023988970 -0.004536553 0.999700093
2435.000000000 -0.477775127 0.136189876 -0.174457453 0.001918715 0.023992029 -0.004551994 0.999699945
2436.000000000 -0.477736891 0.136288035 -0.174456714 0.001939179 0.023992026 -0.004567265 0.999699836
2437.000000000 -0.477876116 0.136164015 -0.174450887 0.001905839 0.024022722 -0.004534928 0.999699310
2438.000000000 -0.477871617 0.136202672 -0.174519382 0.001903126 0.024015689 -0.004546874 0.999699430
2439.000000000 -0.478069244 0.136128992 -0.174593042 0.001888576 0.024053716 -0.004565105 0.999698460
2440.000000000 -0.478084256 0.136086937 -0.174593041 0.001884843 0.024051596 -0.004529331 0.999698681
2441.000000000 -0.478001739 0.136159248 -0.174635211 0.001904577 0.024034577 -0.004557136 0.999698927
2442.000000000 -0.477938424 0.136125423 -0.174636764 0.001883010 0.024027038 -0.004577899 0.999699054
2443.000000000 -0.478211338 0.136021518 -0.174811090 0.001859348 0.024082973 -0.004561585 0.999697827
2444.000000000 -0.478050954 0.136075445 -0.174687746 0.001876591 0.024045733 -0.004545379 0.999698765
2445.000000000 -0.478171965 0.136077664 -0.174758737 0.001870971 0.024075740 -0.004529173 0.999698127
2446.000000000 -0.478404382 0.136015310 -0.174838001 0.001854409 0.024123136 -0.004532961 0.999696998
2447.000000000 -0.478315169 0.136049383 -0.174826027 0.001867713 0.024105464 -0.004514416 0.999697483
2448.000000000 -0.478266851 0.136095175 -0.174800617 0.001877139 0.024097483 -0.004517949 0.999697642
2449.000000000 -0.478155841 0.136160779 -0.174783227 0.001901010 0.024065880 -0.004525296 0.999698325
2450.000000000 -0.478241637 0.136156493 -0.174915999 0.001896067 0.024096720 -0.004548386 0.999697487
2451.000000000 -0.478235886 0.136188362 -0.174960921 0.001909217 0.024079527 -0.004581744 0.999697724
2452.000000000 -0.478211042 0.136149372 -0.174912536 0.001901354 0.024076192 -0.004557893 0.999697928
2453.000000000 -0.478140063 0.136228017 -0.174965749 0.001920260 0.024059342 -0.004556492 0.999698304
2454.000000000 -0.478074028 0.136133164 -0.174927580 0.001906590 0.024049203 -0.004594988 0.999698398
2455.000000000 -0.478147465 0.136145381 -0.174713796 0.001909001 0.024068634 -0.004599984 0.999697903
2456.000000000 -0.478050354 0.136063225 -0.174697837 0.001879421 0.024052451 -0.004570114 0.999698485
2457.000000000 -0.478162761 0.135951365 -0.174725898 0.001849032 0.024080906 -0.004551938 0.999697940
2458.000000000 -0.478209953 0.135930150 -0.174669436 0.001845054 0.024093577 -0.004552967 0.999697637
2459.000000000 -0.478189756 0.136007973 -0.174669096 0.001864177 0.024090539 -0.004578286 0.999697559
2460.000000000 -0.478282481 0.136424878 -0.174823183 0.001966822 0.024114961 -0.004548867 0.999696908
2461.000000000 -0.478294395 0.136315576 -0.174765150 0.001938795 0.024123897 -0.004535000 0.999696810
2462.000000000 -0.478416882 0.135565492 -0.174417853 0.001703911 0.024234852 -0.004305468 0.999695569
2463.000000000 -0.477767200 0.135832394 -0.173675177 0.001751003 0.024087001 -0.004363050 0.999698812
2464.000000000 -0.478010934 0.136203572 -0.173661191 0.001850588 0.024169436 -0.004259748 0.999697088
2465.000000000 -0.477928099 0.136423309 -0.173389684 0.001901736 0.024136303 -0.004286735 0.999697677
2466.000000000 -0.478903950 0.136534347 -0.172915780 0.001922778 0.024283431 -0.004192954 0.999694472
2467.000000000 -0.479005640 0.136101017 -0.173051437 0.001821475 0.024305447 -0.004177189 0.999694193
2468.000000000 -0.477586016 0.136791851 -0.173204207 0.001936472 0.024009224 -0.004106294 0.999701428
2469.000000000 -0.477516649 0.136765605 -0.173200205 0.001932568 0.024004547 -0.004094449 0.999701597
2470.000000000 -0.477953732 0.136514145 -0.173115493 0.001842192 0.024141301 -0.004133760 0.999698312
2471.000000000 -0.478016224 0.136395947 -0.173245509 0.001813576 0.024151381 -0.004114033 0.999698203
2472.000000000 -0.477907825 0.136432269 -0.173245813 0.001824687 0.024137550 -0.004112429 0.999698523
2473.000000000 -0.477925382 0.136467375 -0.173192337 0.001836666 0.024127006 -0.004097595 0.999698817
2474.000000000 -0.477991864 0.136469642 -0.173227847 0.001831868 0.024150281 -0.004118842 0.999698176
2475.000000000 -0.477911784 0.136433322 -0.173262995 0.001823497 0.024135805 -0.004098334 0.999698625
2476.000000000 -0.477943343 0.136499164 -0.173171913 0.001845296 0.024124584 -0.004112376 0.999698798
2477.000000000 -0.477922593 0.136488170 -0.173110786 0.001839650 0.024117345 -0.004114947 0.999698973
2478.000000000 -0.478029107 0.136497886 -0.173248201 0.001859216 0.024141488 -0.004136988 0.999698263
2479.000000000 -0.478062204 0.136404329 -0.173273035 0.001828319 0.024153060 -0.004097066 0.999698205
2480.000000000 -0.478023524 0.136484030 -0.173131366 0.001850788 0.024127122 -0.004118432 0.999698702
2481.000000000 -0.477902571 0.136466055 -0.173171015 0.001846746 0.024119576 -0.004137610 0.999698813
2482.000000000 -0.478070953 0.136456219 -0.173086253 0.001848875 0.024146637 -0.004136754 0.999698159
2483.000000000 -0.478093562 0.136531081 -0.173170984 0.001861365 0.024157332 -0.004125058 0.999697926
2484.000000000 -0.477891489 0.136461445 -0.173134504 0.001847630 0.024112304 -0.004098868 0.999699146
2485.000000000 -0.477949364 0.136463002 -0.173193159 0.001847849 0.024119716 -0.004106433 0.999698936
2486.000000000 -0.477998119 0.136494408 -0.173304158 0.001847630 0.024133935 -0.004093268 0.999698647
2487.000000000 -0.478109419 0.136546224 -0.173338512 0.001858439 0.024152505 -0.004074504 0.999698255
2488.000000000 -0.478090310 0.136417067 -0.173422656 0.001836892 0.024143720 -0.004081008 0.999698481
2489.000000000 -0.478108183 0.136517953 -0.173330292 0.001844222 0.024151802 -0.004080245 0.999698275
2490.000000000 -0.477953213 0.136547750 -0.173223779 0.001854670 0.024114486 -0.004068313 0.999699205
2491.000000000 -0.477903405 0.136433286 -0.173413395 0.001830119 0.024116443 -0.004060881 0.999699233
2492.000000000 -0.477886816 0.136297524 -0.173470642 0.001803546 0.024121091 -0.004069104 0.999699136
2493.000000000 -0.477871285 0.136480138 -0.173289765 0.001840605 0.024098718 -0.004080764 0.999699561
2494.000000000 -0.478077247 0.136474930 -0.173453014 0.001841532 0.024136542 -0.004087555 0.999698619
2495.000000000 -0.477923121 0.136415223 -0.173387173 0.001837179 0.024094824 -0.004064505 0.999699727
2496.000000000 -0.477986636 0.136306442 -0.173480481 0.001803049 0.024113348 -0.004063502 0.999699347
2497.000000000 -0.478080133 0.136290736 -0.173233966 0.001788835 0.024144993 -0.004093351 0.999698486
2498.000000000 -0.477985566 0.136255582 -0.173201916 0.001776348 0.024121174 -0.004089665 0.999699099
2499.000000000 -0.477898274 0.136244981 -0.173244614 0.001785906 0.024099210 -0.004094852 0.999699590
2500.000000000 -0.477865018 0.136150067 -0.173249228 0.001760852 0.024094274 -0.004105287 0.999699711
2501.000000000 -0.478094579 0.136349690 -0.173569981 0.001832143 0.024143812 -0.004155625 0.999698180
2502.000000000 -0.478206716 0.136344729 -0.173457393 0.001829842 0.024157075 -0.004179879 0.999697762
2503.000000000 -0.478162790 0.136458460 -0.173468335 0.001857915 0.024147687 -0.004164694 0.999698001
2504.000000000 -0.478216655 0.136261210 -0.173398957 0.001803140 0.024160939 -0.004149422 0.999697844
2505.000000000 -0.478102527 0.136327826 -0.173323409 0.001819741 0.024129017 -0.004180591 0.999698455
2506.000000000 -0.477960023 0.136390160 -0.173243706 0.001829087 0.024100198 -0.004179698 0.999699137
2507.000000000 -0.478063608 0.136352742 -0.173306871 0.001827097 0.024114084 -0.004196180 0.999698737
2508.000000000 -0.478263504 0.136246863 -0.173502793 0.001800442 0.024164452 -0.004165436 0.999697698
2509.000000000 -0.478128373 0.136403260 -0.173417599 0.001831315 0.024132855 -0.004192696 0.999698291
2510.000000000 -0.478271679 0.136349866 -0.173379946 0.001810432 0.024159743 -0.004189524 0.999697693
2511.000000000 -0.478123502 0.136391484 -0.173723260 0.001834235 0.024151613 -0.004204597 0.999697783
2512.000000000 -0.478181341 0.136369208 -0.173727647 0.001822758 0.024165404 -0.004190910 0.999697528
2513.000000000 -0.478319698 0.136418198 -0.173701267 0.001835827 0.024197293 -0.004184951 0.999696757
2514.000000000 -0.478114698 0.136290719 -0.173638975 0.001798673 0.024137186 -0.004172300 0.999698331
2515.000000000 -0.478260357 0.136421490 -0.173618893 0.001835672 0.024177647 -0.004192315 0.999697202
2516.000000000 -0.478216967 0.136409006 -0.173587737 0.001831832 0.024165730 -0.004209663 0.999697425
2517.000000000 -0.478127900 0.136433862 -0.173652364 0.001841283 0.024144980 -0.004204965 0.999697928
2518.000000000 -0.478176263 0.136512919 -0.173646339 0.001849976 0.024156015 -0.004204557 0.999697647
2519.000000000 -0.478165759 0.136659884 -0.173609500 0.001897681 0.024151486 -0.004240980 0.999697514
2520.000000000 -0.478199833 0.136516354 -0.173635773 0.001864238 0.024159873 -0.004218482 0.999697469
2521.000000000 -0.478107572 0.136696169 -0.173567151 0.001914918 0.024137927 -0.004216460 0.999697912
2522.000000000 -0.478235978 0.136674697 -0.173610232 0.001916743 0.024155197 -0.004252433 0.999697339
2523.000000000 -0.478246388 0.136737353 -0.173636061 0.001915553 0.024158980 -0.004208286 0.999697437
2524.000000000 -0.478316754 0.136629435 -0.173534736 0.001887627 0.024174125 -0.004198854 0.999697163
2525.000000000 -0.478058650 0.136752958 -0.173472915 0.001916930 0.024122785 -0.004195547 0.999698362
2526.000000000 -0.477990347 0.136838314 -0.173523551 0.001931482 0.024107358 -0.004212132 0.999698636
2527.000000000 -0.478203586 0.136751494 -0.173542019 0.001907673 0.024150534 -0.004182604 0.999697763
2528.000000000 -0.478371925 0.136633375 -0.173478043 0.001879748 0.024182858 -0.004214052 0.999696903
2529.000000000 -0.478216015 0.136556813 -0.173611052 0.001881071 0.024155166 -0.004212706 0.999697576
2530.000000000 -0.478406670 0.136365620 -0.173651128 0.001826612 0.024203252 -0.004221299 0.999696477
2531.000000000 -0.478288512 0.136446207 -0.173669318 0.001851046 0.024176929 -0.004224072 0.999697058
2532.000000000 -0.478210579 0.136298220 -0.173533705 0.001814328 0.024153839 -0.004225579 0.999697677
2533.000000000 -0.478068163 0.136285038 -0.173516896 0.001813985 0.024112520 -0.004236332 0.999698629
2534.000000000 -0.478296325 0.136280853 -0.173552158 0.001816530 0.024162064 -0.004204365 0.999697563
2535.000000000 -0.478039512 0.136283437 -0.173577525 0.001815313 0.024133150 -0.004222693 0.999698187
2536.000000000 -0.478164694 0.136366038 -0.173408015 0.001835417 0.024137262 -0.004241341 0.999697972
2537.000000000 -0.478153530 0.136339634 -0.173479889 0.001833856 0.024134432 -0.004238510 0.999698055
2538.000000000 -0.478049770 0.136223878 -0.173380015 0.001816010 0.024107450 -0.004237777 0.999698742
2539.000000000 -0.478155804 0.136246485 -0.173567255 0.001817003 0.024142779 -0.004217780 0.999697972
2540.000000000 -0.478281863 0.136284508 -0.173469145 0.001826644 0.024164281 -0.004220829 0.999697422
2541.000000000 -0.478092004 0.136313745 -0.173383457 0.001834443 0.024118606 -0.004212487 0.999698546
2542.000000000 -0.477954771 0.136285695 -0.173565494 0.001832979 0.024101707 -0.004226209 0.999698898
2543.000000000 -0.478072201 0.136216282 -0.173315161 0.001806631 0.024118220 -0.004200626 0.999698656
2544.000000000 -0.478070585 0.136228041 -0.173312535 0.001803469 0.024118403 -0.004191265 0.999698696
2545.000000000 -0.478082934 0.136196515 -0.173256036 0.001784691 0.024130387 -0.004181298 0.999698483
2546.000000000 -0.477984285 0.136212786 -0.173326986 0.001794633 0.024110396 -0.004198968 0.999698873
2547.000000000 -0.478127654 0.136200173 -0.173407201 0.001795032 0.024137495 -0.004209224 0.999698175
2548.000000000 -0.478225230 0.136150918 -0.173459512 0.001775553 0.024157295 -0.004202769 0.999697759
2549.000000000 -0.478108215 0.136187991 -0.173550426 0.001796385 0.024135257 -0.004199981 0.999698266
2550.000000000 -0.478184937 0.136208329 -0.173550532 0.001802438 0.024149638 -0.004203533 0.999697893
2551.000000000 -0.478198544 0.136220566 -0.173594677 0.001805182 0.024160675 -0.004181772 0.999697712
2552.000000000 -0.478239308 0.136289032 -0.173729094 0.001813775 0.024176943 -0.004183924 0.999697294
2553.000000000 -0.478333121 0.136344827 -0.173609681 0.001820909 0.024191612 -0.004197931 0.999696868
2554.000000000 -0.478226901 0.136272557 -0.173523707 0.001802481 0.024168317 -0.004172311 0.999697572
2555.000000000 -0.478198170 0.136394229 -0.173527609 0.001838879 0.024164158 -0.004191599 0.999697525
2556.000000000 -0.478145946 0.136386552 -0.173356766 0.001826093 0.024153138 -0.004216727 0.999697710
2557.000000000 -0.478118363 0.136302851 -0.173508494 0.001801048 0.024160893 -0.004182598 0.999697711
2558.000000000 -0.478257454 0.136278085 -0.173522971 0.001803067 0.024179866 -0.004194031 0.999697201
2559.000000000 -0.478175752 0.136437904 -0.173594284 0.001841057 0.024168855 -0.004184470 0.999697438
2560.000000000 -0.478114591 0.136350902 -0.173473040 0.001824355 0.024154854 -0.004200339 0.999697740
2561.000000000 -0.478124181 0.136318274 -0.173776936 0.001818286 0.024170285 -0.004170180 0.999697505
2562.000000000 -0.478182349 0.136408248 -0.173658042 0.001842439 0.024169387 -0.004220410 0.999697271
2563.000000000 -0.478159293 0.136411614 -0.173567674 0.001840506 0.024160782 -0.004214654 0.999697507
2564.000000000 -0.478335763 0.136320945 -0.173827799 0.001822297 0.024199012 -0.004196691 0.999696691
2565.000000000 -0.478178222 0.136398684 -0.173744505 0.001841584 0.024154163 -0.004195493 0.999697746
2566.000000000 -0.478192488 0.136394651 -0.173675057 0.001833061 0.024162542 -0.004147624 0.999697759
2567.000000000 -0.478203561 0.136306775 -0.173627018 0.001806596 0.024164986 -0.004171950 0.999697647
2568.000000000 -0.478141293 0.136308528 -0.173481644 0.001813906 0.024140918 -0.004180097 0.999698181
2569.000000000 -0.478084025 0.136317637 -0.173639502 0.001810768 0.024148675 -0.004182160 0.999697990
2570.000000000 -0.478201289 0.136431633 -0.173580765 0.001838463 0.024161426 -0.004175872 0.999697658
2571.000000000 -0.478248030 0.136424757 -0.173611130 0.001839430 0.024166417 -0.004171525 0.999697554
2572.000000000 -0.478218332 0.136469321 -0.173593582 0.001849074 0.024156878 -0.004169091 0.999697777
2573.000000000 -0.478280630 0.136500219 -0.173635869 0.001856016 0.024172194 -0.004172762 0.999697378
2574.000000000 -0.478135421 0.136496026 -0.173638511 0.001852472 0.024143387 -0.004139557 0.999698219
2575.000000000 -0.478124358 0.136480619 -0.173539874 0.001851905 0.024133488 -0.004140973 0.999698453
2576.000000000 -0.478226529 0.136477989 -0.173599212 0.001857316 0.024149518 -0.004157698 0.999697987
2577.000000000 -0.478312477 0.136502302 -0.173641549 0.001858923 0.024168344 -0.004160502 0.999697517
2578.000000000 -0.478142823 0.136569559 -0.173722894 0.001864619 0.024154442 -0.004153848 0.999697870
2579.000000000 -0.478167636 0.136431441 -0.173677132 0.001834767 0.024164413 -0.004134189 0.999697766
2580.000000000 -0.478252921 0.136473531 -0.173609333 0.001847545 0.024167906 -0.004173224 0.999697496
2581.000000000 -0.478277342 0.136486802 -0.173553893 0.001853668 0.024172067 -0.004161853 0.999697431
2582.000000000 -0.478333449 0.136485306 -0.173566861 0.001855851 0.024180892 -0.004148085 0.999697271
2583.000000000 -0.478316632 0.136397943 -0.173719897 0.001836419 0.024183572 -0.004131735 0.999697310
2584.000000000 -0.478303976 0.136349599 -0.173810781 0.001828185 0.024183199 -0.004131185 0.999697336
2585.000000000 -0.478180281 0.136396582 -0.173996394 0.001846362 0.024171086 -0.004135445 0.999697578
2586.000000000 -0.478271142 0.136414968 -0.173790199 0.001852119 0.024175649 -0.004190101 0.999697230
2587.000000000 -0.478801533 0.135879202 -0.173879947 0.001723444 0.024290218 -0.004157527 0.999694818
2588.000000000 -0.478586515 0.135979592 -0.173917410 0.001736593 0.024244686 -0.004130929 0.999696011
2589.000000000 -0.478600786 0.136051276 -0.173996043 0.001761962 0.024261393 -0.004123067 0.999695594
2590.000000000 -0.478593992 0.135929141 -0.174057461 0.001733431 0.024265523 -0.004133495 0.999695501
2591.000000000 -0.478851807 0.136073707 -0.173863167 0.001758840 0.024299412 -0.004159457 0.999694525
2592.000000000 -0.478770260 0.136194976 -0.174046984 0.001789389 0.024297829 -0.004153702 0.999694534
2593.000000000 -0.478905922 0.136109899 -0.174065115 0.001782657 0.024323576 -0.004164317 0.999693875
2594.000000000 -0.478577406 0.136162002 -0.174106734 0.001796671 0.024252512 -0.004147208 0.999695648
2595.000000000 -0.478488016 0.136160832 -0.174001661 0.001800102 0.024236265 -0.004185513 0.999695876
2596.000000000 -0.478776034 0.136093270 -0.174069800 0.001782996 0.024297127 -0.004163114 0.999694523
2597.000000000 -0.478559735 0.136071295 -0.174073666 0.001782046 0.024257749 -0.004168999 0.999695456
2598.000000000 -0.478548357 0.136019190 -0.173995880 0.001754279 0.024252434 -0.004187426 0.999695557
2599.000000000 -0.478590832 0.135973656 -0.173872198 0.001747986 0.024252090 -0.004185580 0.999695584
2600.000000000 -0.478617396 0.136182090 -0.173996979 0.001789026 0.024266177 -0.004161094 0.999695272
2601.000000000 -0.478692980 0.136280213 -0.174034586 0.001808509 0.024289110 -0.004184708 0.999694582
2602.000000000 -0.478729942 0.136265297 -0.174130324 0.001807102 0.024306086 -0.004162557 0.999694264
2603.000000000 -0.478545691 0.136188851 -0.174022100 0.001794304 0.024255681 -0.004176792 0.999695452
2604.000000000 -0.478693894 0.136221039 -0.174060399 0.001798656 0.024276459 -0.004161346 0.999695004
2605.000000000 -0.478625324 0.136427309 -0.173935821 0.001847054 0.024260414 -0.004179539 0.999695230
2606.000000000 -0.478631713 0.136505493 -0.174034173 0.001864622 0.024275830 -0.004160887 0.999694901
2607.000000000 -0.478593082 0.136372752 -0.174094023 0.001833797 0.024257699 -0.004161249 0.999695396
2608.000000000 -0.478560797 0.136391906 -0.173969084 0.001831614 0.024252567 -0.004184070 0.999695429
2609.000000000 -0.478301762 0.136445026 -0.174031563 0.001850058 0.024199467 -0.004180165 0.999696699
2610.000000000 -0.478183128 0.136368940 -0.173992067 0.001826623 0.024154542 -0.004157933 0.999697921
2611.000000000 -0.478260976 0.136197925 -0.173924386 0.001788583 0.024185694 -0.004153615 0.999697254
2612.000000000 -0.478383266 0.136350927 -0.173998508 0.001813596 0.024208626 -0.004142393 0.999696701
2613.000000000 -0.478323849 0.136200711 -0.173903080 0.001793345 0.024201272 -0.004175802 0.999696777
2614.000000000 -0.478272386 0.136310179 -0.174016024 0.001815845 0.024197523 -0.004169784 0.999696852
2615.000000000 -0.478458225 0.136212604 -0.174115311 0.001792095 0.024243395 -0.004152572 0.999695855
2616.000000000 -0.478258168 0.136304078 -0.173987173 0.001809661 0.024198951 -0.004172135 0.999696819
2617.000000000 -0.477992227 0.136260405 -0.173951670 0.001796556 0.024147248 -0.004170671 0.999698099
2618.000000000 -0.478094716 0.136207594 -0.173951726 0.001794415 0.024178783 -0.004156532 0.999697399
2619.000000000 -0.478264638 0.136046133 -0.173916658 0.001754341 0.024202360 -0.004156513 0.999696900
2620.000000000 -0.478505318 0.136063016 -0.174031650 0.001743885 0.024259038 -0.004156827 0.999695543
2621.000000000 -0.478417078 0.136100838 -0.174110465 0.001752925 0.024236073 -0.004123598 0.999696222
2622.000000000 -0.478074431 0.136085365 -0.174028670 0.001762921 0.024172796 -0.004139262 0.999697672
2623.000000000 -0.478247426 0.136189180 -0.173988539 0.001795375 0.024204060 -0.004125332 0.999696915
2624.000000000 -0.478247451 0.136185026 -0.173980245 0.001790589 0.024187910 -0.004123126 0.999697324
2625.000000000 -0.478354283 0.136047216 -0.174098722 0.001762764 0.024217039 -0.004116183 0.999696696
2626.000000000 -0.478509525 0.136201756 -0.173938491 0.001788948 0.024235330 -0.004119058 0.999696195
2627.000000000 -0.478662368 0.136035241 -0.174082675 0.001741523 0.024278313 -0.004121782 0.999695224
2628.000000000 -0.478416700 0.136103019 -0.173966840 0.001756284 0.024202699 -0.004092685 0.999697152
2629.000000000 -0.478748099 0.135949437 -0.174004691 0.001705163 0.024287612 -0.004041180 0.999695390
2630.000000000 -0.478335265 0.136303694 -0.173947804 0.001810241 0.024174370 -0.004095285 0.999697730
2631.000000000 -0.478599953 0.136662939 -0.174074178 0.001896400 0.024236238 -0.004157073 0.999695817
2632.000000000 -0.478388326 0.136539365 -0.173873717 0.001877296 0.024199418 -0.004156256 0.999696749
2633.000000000 -0.478349859 0.136505627 -0.173888110 0.001873199 0.024190899 -0.004149071 0.999696992
2634.000000000 -0.478281601 0.136448465 -0.173989769 0.001851978 0.024187253 -0.004142906 0.999697146
2635.000000000 -0.478461408 0.136450184 -0.173891797 0.001853096 0.024228200 -0.004135002 0.999696185
2636.000000000 -0.478593418 0.136349284 -0.174021323 0.001827222 0.024250012 -0.004136646 0.999695697
2637.000000000 -0.478519542 0.136364501 -0.173956729 0.001826127 0.024234382 -0.004135556 0.999696082
2638.000000000 -0.478587508 0.136402111 -0.173967754 0.001839743 0.024245762 -0.004160779 0.999695677
2639.000000000 -0.478732973 0.136287113 -0.174128418 0.001815061 0.024271214 -0.004171023 0.999695062
2640.000000000 -0.478919485 0.136348227 -0.173983646 0.001820288 0.024301965 -0.004190645 0.999694223
2641.000000000 -0.478774167 0.136412525 -0.174167447 0.001837025 0.024274100 -0.004149749 0.999695040
2642.000000000 -0.478791923 0.136420910 -0.174055064 0.001835527 0.024286124 -0.004127687 0.999694842
2643.000000000 -0.478737350 0.136198992 -0.174055587 0.001782630 0.024273203 -0.004139282 0.999695204
2644.000000000 -0.478885837 0.136290153 -0.174141143 0.001804238 0.024305102 -0.004163679 0.999694289
2645.000000000 -0.478625783 0.136338952 -0.174076363 0.001823696 0.024249706 -0.004174146 0.999695555
2646.000000000 -0.478656955 0.136368348 -0.174236149 0.001828365 0.024253022 -0.004167132 0.999695495
2647.000000000 -0.478758043 0.136149399 -0.174127468 0.001781933 0.024270401 -0.004169865 0.999695146
2648.000000000 -0.478838076 0.136229177 -0.174222434 0.001805174 0.024292268 -0.004173345 0.999694558
2649.000000000 -0.478621762 0.136189186 -0.174102314 0.001792176 0.024243865 -0.004160898 0.999695809
2650.000000000 -0.478694200 0.136211443 -0.174173286 0.001796692 0.024264344 -0.004162105 0.999695299
2651.000000000 -0.478765245 0.136207063 -0.174226906 0.001792820 0.024281731 -0.004161099 0.999694888
2652.000000000 -0.478746364 0.136385564 -0.174055278 0.001838444 0.024271238 -0.004162186 0.999695055
2653.000000000 -0.478589515 0.136265611 -0.174057513 0.001810689 0.024237267 -0.004172746 0.999695886
2654.000000000 -0.478727005 0.136280811 -0.174112944 0.001815563 0.024274221 -0.004185831 0.999694926
2655.000000000 -0.478458628 0.136176155 -0.174098638 0.001794138 0.024225682 -0.004173121 0.999696195
2656.000000000 -0.478650960 0.136183352 -0.174180821 0.001801052 0.024259357 -0.004159241 0.999695424
2657.000000000 -0.478458093 0.136258357 -0.174042877 0.001822888 0.024219077 -0.004191770 0.999696225
2658.000000000 -0.478557149 0.136199764 -0.173880762 0.001793120 0.024234641 -0.004184745 0.999695931
2659.000000000 -0.478676356 0.136336570 -0.173988287 0.001827171 0.024256661 -0.004209199 0.999695233
2660.000000000 -0.478708396 0.136353636 -0.174060617 0.001833912 0.024271208 -0.004189414 0.999694950
2661.000000000 -0.478716462 0.136298055 -0.174208952 0.001826567 0.024271420 -0.004159553 0.999695083
2662.000000000 -0.478814790 0.136258465 -0.174143334 0.001820018 0.024283827 -0.004185160 0.999694687
2663.000000000 -0.478820232 0.136325386 -0.174189009 0.001828863 0.024293683 -0.004182661 0.999694442
2664.000000000 -0.478618354 0.136297220 -0.173997374 0.001821754 0.024252859 -0.004154757 0.999695563
2665.000000000 -0.478666576 0.136185408 -0.174198848 0.001786941 0.024268205 -0.004143693 0.999695299
2666.000000000 -0.478478229 0.136309254 -0.173904857 0.001817937 0.024215898 -0.004154500 0.999696467
2667.000000000 -0.478723687 0.136274015 -0.174028177 0.001813905 0.024261745 -0.004143416 0.999695408
2668.000000000 -0.478468347 0.136311065 -0.173915862 0.001817487 0.024214642 -0.004138398 0.999696565
2669.000000000 -0.478708565 0.136260957 -0.173886647 0.001809690 0.024247294 -0.004154197 0.999695722
2670.000000000 -0.478841391 0.136433440 -0.173967973 0.001853000 0.024278410 -0.004164215 0.999694846
2671.000000000 -0.478823424 0.136462118 -0.174208340 0.001860778 0.024290689 -0.004139803 0.999694634
2672.000000000 -0.478869189 0.136519685 -0.173974423 0.001860152 0.024282546 -0.004123327 0.999694901
2673.000000000 -0.478729150 0.136445795 -0.173854178 0.001846894 0.024255755 -0.004157151 0.999695436
2674.000000000 -0.478839993 0.136476121 -0.174022876 0.001850942 0.024283692 -0.004191964 0.999694605
2675.000000000 -0.478520247 0.136576509 -0.174118663 0.001872539 0.024222712 -0.004188038 0.999696061
2676.000000000 -0.478416850 0.136767285 -0.173969913 0.001921869 0.024208254 -0.004185750 0.999696327
2677.000000000 -0.478479802 0.136745873 -0.174103109 0.001921099 0.024233360 -0.004188360 0.999695709
2678.000000000 -0.478534119 0.136779578 -0.173920229 0.001927251 0.024239289 -0.004213317 0.999695449
2679.000000000 -0.478541228 0.136725756 -0.174094703 0.001908537 0.024247920 -0.004208053 0.999695298
2680.000000000 -0.478629794 0.136584489 -0.174167539 0.001881153 0.024270745 -0.004196859 0.999694843
2681.000000000 -0.478790124 0.136592763 -0.174274752 0.001879037 0.024307039 -0.004209400 0.999693912
2682.000000000 -0.478840053 0.136338613 -0.174403200 0.001827713 0.024324456 -0.004189117 0.999693669
2683.000000000 -0.478856958 0.136472405 -0.174423804 0.001850713 0.024331827 -0.004160575 0.999693566
2684.000000000 -0.478874946 0.136443486 -0.174383054 0.001853481 0.024334866 -0.004190053 0.999693364
2685.000000000 -0.478916864 0.136392778 -0.174350178 0.001836276 0.024348866 -0.004183823 0.999693081
2686.000000000 -0.478823863 0.136360499 -0.174317053 0.001834758 0.024322369 -0.004189764 0.999693704
2687.000000000 -0.478738027 0.136396313 -0.174144052 0.001842219 0.024288454 -0.004191463 0.999694508
2688.000000000 -0.478694058 0.136352685 -0.173998935 0.001838509 0.024276337 -0.004201496 0.999694767
2689.000000000 -0.478758060 0.136317242 -0.174055377 0.001832057 0.024300540 -0.004194762 0.999694219
2690.000000000 -0.478635863 0.136403455 -0.174112509 0.001840963 0.024281947 -0.004183920 0.999694700
2691.000000000 -0.478573559 0.136376300 -0.174215526 0.001835219 0.024277565 -0.004214610 0.999694688
2692.000000000 -0.478571491 0.136458063 -0.173964700 0.001858097 0.024265693 -0.004246876 0.999694797
2693.000000000 -0.478870794 0.136405065 -0.174036598 0.001848118 0.024321135 -0.004242020 0.999693489
2694.000000000 -0.478904293 0.136473329 -0.174001667 0.001860492 0.024328552 -0.004262969 0.999693197
2695.000000000 -0.478860898 0.136465064 -0.173849281 0.001857007 0.024323974 -0.004268273 0.999693292
2696.000000000 -0.478467658 0.136532192 -0.173941080 0.001869941 0.024255026 -0.004224839 0.999695127
2697.000000000 -0.478447076 0.136526871 -0.173871442 0.001862834 0.024241550 -0.004219359 0.999695491
2698.000000000 -0.478487182 0.136581710 -0.173750387 0.001868213 0.024244525 -0.004227981 0.999695372
2699.000000000 -0.478271427 0.136574395 -0.173747722 0.001870951 0.024199144 -0.004231755 0.999696451
2700.000000000 -0.478354902 0.136506745 -0.173845568 0.001854192 0.024222938 -0.004198285 0.999696047
2701.000000000 -0.478508548 0.136427426 -0.173899399 0.001832724 0.024252744 -0.004200750 0.999695353
2702.000000000 -0.478644965 0.136522840 -0.173907253 0.001859632 0.024270439 -0.004220485 0.999694791
2703.000000000 -0.478614322 0.136732589 -0.173936507 0.001913714 0.024254702 -0.004225435 0.999695050
2704.000000000 -0.478582120 0.136681353 -0.173911767 0.001904053 0.024251281 -0.004226174 0.999695148
2705.000000000 -0.478444172 0.136735339 -0.173964196 0.001915482 0.024225441 -0.004236128 0.999695711
2706.000000000 -0.478677805 0.136465738 -0.173949219 0.001843826 0.024273139 -0.004203548 0.999694826
2707.000000000 -0.478593761 0.136841522 -0.174006830 0.001931097 0.024251710 -0.004213481 0.999695140
2708.000000000 -0.478556627 0.136869703 -0.174065547 0.001945413 0.024235972 -0.004244886 0.999695361
2709.000000000 -0.478549512 0.136846339 -0.174015600 0.001941887 0.024243517 -0.004219666 0.999695291
2710.000000000 -0.478856191 0.136875206 -0.174140857 0.001934196 0.024313072 -0.004219212 0.999693619
2711.000000000 -0.478644927 0.136792171 -0.174159561 0.001914774 0.024274250 -0.004194264 0.999694705
2712.000000000 -0.478599747 0.136780677 -0.174163710 0.001905715 0.024271193 -0.004171191 0.999694893
2713.000000000 -0.478497028 0.136831319 -0.174089988 0.001921930 0.024255918 -0.004198077 0.999695120
2714.000000000 -0.478571662 0.136841432 -0.173995141 0.001927025 0.024251419 -0.004204328 0.999695193
2715.000000000 -0.478592809 0.136783018 -0.174071718 0.001912916 0.024258659 -0.004186812 0.999695118
2716.000000000 -0.478683913 0.136696247 -0.174139072 0.001891117 0.024277294 -0.004177996 0.999694744
2717.000000000 -0.478550980 0.136830017 -0.174041070 0.001918671 0.024252249 -0.004166526 0.999695347
2718.000000000 -0.478650955 0.136891190 -0.173928486 0.001930512 0.024269813 -0.004186814 0.999694813
2719.000000000 -0.478551440 0.136905956 -0.173887800 0.001936238 0.024252016 -0.004191434 0.999695215
2720.000000000 -0.478626997 0.136946877 -0.173922140 0.001945946 0.024261981 -0.004177495 0.999695013
2721.000000000 -0.478561969 0.136785856 -0.173825359 0.001901768 0.024236590 -0.004192469 0.999695651
2722.000000000 -0.478630548 0.136739674 -0.173912157 0.001901648 0.024256358 -0.004201336 0.999695134
2723.000000000 -0.478433323 0.136847456 -0.173890446 0.001927238 0.024218631 -0.004190348 0.999696046
2724.000000000 -0.478313080 0.136844358 -0.173848393 0.001921801 0.024188999 -0.004201211 0.999696728
2725.000000000 -0.478238046 0.136688043 -0.173852809 0.001892439 0.024177226 -0.004187286 0.999697128
2726.000000000 -0.478425244 0.136828205 -0.173929036 0.001920688 0.024223615 -0.004192461 0.999695929
2727.000000000 -0.478400441 0.136699607 -0.173792498 0.001892760 0.024206119 -0.004188907 0.999696421
2728.000000000 -0.478359528 0.136644169 -0.173828885 0.001876835 0.024194923 -0.004162771 0.999696831
2729.000000000 -0.478375130 0.136589659 -0.173802754 0.001866840 0.024189168 -0.004148273 0.999697050
2730.000000000 -0.478477622 0.136609125 -0.173812374 0.001869653 0.024210908 -0.004199568 0.999696304
2731.000000000 -0.478280337 0.136732098 -0.173742686 0.001905632 0.024168533 -0.004172356 0.999697375
2732.000000000 -0.478194770 0.136635910 -0.173712620 0.001892023 0.024151625 -0.004172607 0.999697809
2733.000000000 -0.478406093 0.136782071 -0.173713903 0.001916039 0.024193636 -0.004196879 0.999696645
2734.000000000 -0.478400125 0.136567629 -0.173864526 0.001868446 0.024195073 -0.004173630 0.999696798
2735.000000000 -0.478286424 0.136735916 -0.173746002 0.001911432 0.024164371 -0.004163300 0.999697503
2736.000000000 -0.478242849 0.136740389 -0.173611711 0.001907887 0.024153056 -0.004178369 0.999697720
2737.000000000 -0.478336183 0.136569306 -0.173697077 0.001868753 0.024172109 -0.004179838 0.999697327
2738.000000000 -0.478321579 0.136632125 -0.173665230 0.001881531 0.024171553 -0.004197425 0.999697243
2739.000000000 -0.478219072 0.136640223 -0.173745925 0.001886467 0.024160428 -0.004184799 0.999697555
2740.000000000 -0.478308727 0.136670420 -0.173783197 0.001894859 0.024177742 -0.004176543 0.999697156
2741.000000000 -0.478164801 0.136623082 -0.173679895 0.001883121 0.024142531 -0.004194931 0.999697952
2742.000000000 -0.478271878 0.136504999 -0.173640451 0.001858930 0.024165180 -0.004185080 0.999697491
2743.000000000 -0.478418612 0.136690077 -0.173596259 0.001895578 0.024181247 -0.004199059 0.999696975
2744.000000000 -0.478192133 0.136666781 -0.173678536 0.001900322 0.024150039 -0.004196201 0.999697732
2745.000000000 -0.478201753 0.136692208 -0.173658414 0.001912658 0.024139707 -0.004186795 0.999697998
2746.000000000 -0.478346587 0.136654537 -0.173825654 0.001903067 0.024169982 -0.004190868 0.999697268
2747.000000000 -0.478454843 0.136696294 -0.173865017 0.001906579 0.024191857 -0.004177360 0.999696788
2748.000000000 -0.478372253 0.136520316 -0.173812857 0.001875559 0.024174560 -0.004183935 0.999697238
2749.000000000 -0.478385807 0.136443897 -0.173893588 0.001852860 0.024176705 -0.004165602 0.999697305
2750.000000000 -0.478175373 0.136577029 -0.173800381 0.001879171 0.024147483 -0.004195862 0.999697836
2751.000000000 -0.478320589 0.136587877 -0.173684586 0.001879720 0.024173653 -0.004211453 0.999697137
2752.000000000 -0.478403656 0.136418846 -0.173775672 0.001849700 0.024174834 -0.004171167 0.999697333
2753.000000000 -0.478389939 0.136461981 -0.173783869 0.001863064 0.024181644 -0.004179234 0.999697110
2754.000000000 -0.478349295 0.136333189 -0.173797027 0.001832452 0.024173674 -0.004186499 0.999697329
2755.000000000 -0.478345641 0.136302590 -0.173802988 0.001826713 0.024164132 -0.004191712 0.999697548
2756.000000000 -0.478402089 0.136447972 -0.173958474 0.001848103 0.024188243 -0.004187213 0.999696944
2757.000000000 -0.478426943 0.136608057 -0.173903842 0.001898279 0.024186837 -0.004205587 0.999696807
2758.000000000 -0.478522869 0.136586359 -0.173809117 0.001889778 0.024194417 -0.004228554 0.999696543
2759.000000000 -0.478340892 0.136635612 -0.173909396 0.001904096 0.024169017 -0.004182162 0.999697325
2760.000000000 -0.478135221 0.136598714 -0.173945670 0.001894323 0.024127795 -0.004170514 0.999698388
2761.000000000 -0.478267315 0.136532208 -0.173992113 0.001873367 0.024156178 -0.004155812 0.999697804
2762.000000000 -0.478141560 0.136573884 -0.173948348 0.001888281 0.024133901 -0.004168218 0.999698262
2763.000000000 -0.478350929 0.136773831 -0.174027881 0.001936048 0.024182020 -0.004167541 0.999697011
2764.000000000 -0.478408907 0.136718480 -0.173920364 0.001923400 0.024184276 -0.004170418 0.999696969
2765.000000000 -0.478363592 0.136552609 -0.174046259 0.001875223 0.024187364 -0.004139186 0.999697115
2766.000000000 -0.478630292 0.136587456 -0.174021875 0.001889142 0.024240958 -0.004168541 0.999695669
2767.000000000 -0.478369462 0.136521831 -0.174061256 0.001866939 0.024201864 -0.004147212 0.999696746
2768.000000000 -0.478405541 0.136625386 -0.174211888 0.001896867 0.024214432 -0.004149189 0.999696378
2769.000000000 -0.478578363 0.136656517 -0.174021618 0.001910124 0.024228406 -0.004161160 0.999695964
2770.000000000 -0.478368350 0.136457991 -0.174053835 0.001858215 0.024200382 -0.004153982 0.999696771
2771.000000000 -0.478367849 0.136643985 -0.173989582 0.001905857 0.024196446 -0.004129985 0.999696876
2772.000000000 -0.478328937 0.136621746 -0.173966930 0.001896026 0.024185520 -0.004139930 0.999697117
2773.000000000 -0.478120148 0.136561873 -0.173880563 0.001872545 0.024140094 -0.004137055 0.999698272
2774.000000000 -0.478147661 0.136582025 -0.173903209 0.001882546 0.024135976 -0.004126929 0.999698394
2775.000000000 -0.478428743 0.136633594 -0.173872829 0.001900319 0.024182113 -0.004179977 0.999697025
2776.000000000 -0.478596744 0.136627339 -0.173818199 0.001892412 0.024228494 -0.004152721 0.999696031
2777.000000000 -0.478285410 0.136646942 -0.173801162 0.001893958 0.024167359 -0.004144232 0.999697543
2778.000000000 -0.478310706 0.136602580 -0.173883393 0.001890617 0.024179844 -0.004160158 0.999697181
2779.000000000 -0.478406988 0.136647774 -0.173731524 0.001907548 0.024186167 -0.004155832 0.999697014
2780.000000000 -0.478385694 0.136348913 -0.173823326 0.001828254 0.024190849 -0.004144832 0.999697094
2781.000000000 -0.478442470 0.136580533 -0.173877118 0.001888718 0.024195224 -0.004181557 0.999696723
2782.000000000 -0.478124207 0.136739712 -0.173745345 0.001925137 0.024127083 -0.004148893 0.999698437
2783.000000000 -0.478283321 0.136811383 -0.173812854 0.001954934 0.024164215 -0.004167887 0.999697403
2784.000000000 -0.478352636 0.136766725 -0.173869244 0.001943798 0.024177098 -0.004184593 0.999697044
2785.000000000 -0.478522071 0.136706830 -0.173929458 0.001909446 0.024214910 -0.004142737 0.999696369
2786.000000000 -0.478400878 0.136680255 -0.173941217 0.001911664 0.024188003 -0.004158228 0.999696952
2787.000000000 -0.478382760 0.136816789 -0.173981318 0.001940717 0.024198464 -0.004152412 0.999696667
2788.000000000 -0.478274373 0.136753804 -0.173913452 0.001927361 0.024168308 -0.004165226 0.999697369
2789.000000000 -0.478466265 0.136898880 -0.173965721 0.001959714 0.024199393 -0.004176880 0.999696505
2790.000000000 -0.478453791 0.136708434 -0.174054992 0.001924720 0.024197113 -0.004161038 0.999696694
2791.000000000 -0.478242872 0.136682603 -0.173994067 0.001910027 0.024171744 -0.004157760 0.999697350
2792.000000000 -0.478083989 0.136866326 -0.174062702 0.001954921 0.024125340 -0.004168620 0.999698339
2793.000000000 -0.478243090 0.136749117 -0.173976247 0.001913424 0.024161791 -0.004167272 0.999697545
2794.000000000 -0.478192977 0.136914399 -0.173942533 0.001963034 0.024152749 -0.004207987 0.999697496
2795.000000000 -0.478236315 0.136693874 -0.173965530 0.001910283 0.024158615 -0.004195029 0.999697511
2796.000000000 -0.478345272 0.136742363 -0.173995687 0.001923319 0.024179258 -0.004210736 0.999696921
2797.000000000 -0.478446076 0.136716877 -0.173993113 0.001916610 0.024207846 -0.004184073 0.999696354
2798.000000000 -0.478410283 0.136773592 -0.173912365 0.001928517 0.024192215 -0.004200676 0.999696640
2799.000000000 -0.478373598 0.136727146 -0.173890016 0.001915391 0.024188908 -0.004211902 0.999696698
2800.000000000 -0.478486675 0.136993736 -0.173857057 0.001969479 0.024193499 -0.004190422 0.999696572
2801.000000000 -0.478447147 0.136663099 -0.173841399 0.001892237 0.024185707 -0.004181346 0.999696948
2802.000000000 -0.478660995 0.136940512 -0.173777561 0.001963421 0.024220201 -0.004230608 0.999695768
2803.000000000 -0.478511767 0.136866946 -0.173899395 0.001948690 0.024201143 -0.004200435 0.999696386
2804.000000000 -0.478560548 0.136877691 -0.173876033 0.001947353 0.024203653 -0.004193073 0.999696358
2805.000000000 -0.478652910 0.137192308 -0.173876480 0.002025129 0.024222805 -0.004214859 0.999695648
2806.000000000 -0.478591472 0.137188077 -0.173896235 0.002027721 0.024212637 -0.004224066 0.999695851
2807.000000000 -0.478688157 0.137203172 -0.174065099 0.002032659 0.024229851 -0.004235026 0.999695377
2808.000000000 -0.478340833 0.137169378 -0.173964438 0.002032777 0.024159925 -0.004287733 0.999696845
2809.000000000 -0.478523318 0.137225975 -0.174120302 0.002053067 0.024187022 -0.004246562 0.999696324
2810.000000000 -0.478553915 0.137320345 -0.174132283 0.002067495 0.024196816 -0.004249166 0.999696046
2811.000000000 -0.478448308 0.137218904 -0.174134263 0.002061341 0.024172380 -0.004245350 0.999696666
2812.000000000 -0.478497836 0.137190250 -0.174175744 0.002058657 0.024183137 -0.004254562 0.999696372
2813.000000000 -0.478381205 0.137302815 -0.174199615 0.002082620 0.024167009 -0.004269318 0.999696650
2814.000000000 -0.478416525 0.137393484 -0.174267262 0.002099212 0.024174422 -0.004258578 0.999696482
2815.000000000 -0.478569824 0.137374856 -0.174309641 0.002094130 0.024209495 -0.004255647 0.999695656
2816.000000000 -0.478709373 0.137357226 -0.174424420 0.002093029 0.024229186 -0.004233687 0.999695274
2817.000000000 -0.478662069 0.137252382 -0.174308233 0.002069689 0.024216460 -0.004231494 0.999695641
2818.000000000 -0.478582369 0.137279417 -0.174417036 0.002077699 0.024206119 -0.004258628 0.999695759
2819.000000000 -0.478354951 0.137096261 -0.174228258 0.002025620 0.024169980 -0.004246629 0.999696792
2820.000000000 -0.478617407 0.137058146 -0.174320547 0.002017148 0.024222826 -0.004273235 0.999695416
2821.000000000 -0.478699645 0.137281246 -0.174467365 0.002068392 0.024237503 -0.004281124 0.999694922
2822.000000000 -0.478598849 0.137158601 -0.174314283 0.002040055 0.024214508 -0.004277307 0.999695554
2823.000000000 -0.478604076 0.137199741 -0.174425185 0.002056053 0.024212638 -0.004281450 0.999695549
2824.000000000 -0.478376778 0.137303348 -0.174266181 0.002081424 0.024156033 -0.004304031 0.999696769
2825.000000000 -0.478347047 0.137413061 -0.174296267 0.002105557 0.024150516 -0.004300993 0.999696864
2826.000000000 -0.478340531 0.137396074 -0.174287459 0.002087307 0.024165606 -0.004275020 0.999696649
2827.000000000 -0.478461542 0.137167865 -0.174287925 0.002032677 0.024182015 -0.004240699 0.999696511
2828.000000000 -0.478583662 0.137235086 -0.174302858 0.002048449 0.024216050 -0.004288425 0.999695452
2829.000000000 -0.478601348 0.137254343 -0.174281164 0.002043844 0.024222554 -0.004278690 0.999695345
2830.000000000 -0.478475605 0.137295749 -0.174251144 0.002052579 0.024189180 -0.004224927 0.999696364
2831.000000000 -0.478757101 0.137266514 -0.174239247 0.002033229 0.024259906 -0.004218271 0.999694718
2832.000000000 -0.478602098 0.137280296 -0.174123405 0.002036649 0.024227027 -0.004221681 0.999695494
2833.000000000 -0.478752124 0.137160325 -0.174075384 0.002025093 0.024246982 -0.004226862 0.999695012
2834.000000000 -0.478631847 0.137121900 -0.174125333 0.002004395 0.024235401 -0.004203466 0.999695433
2835.000000000 -0.478517407 0.137120435 -0.174105330 0.002002265 0.024210527 -0.004221124 0.999695966
2836.000000000 -0.478712025 0.137046570 -0.174239601 0.001977926 0.024255787 -0.004195407 0.999695025
2837.000000000 -0.478656137 0.137091766 -0.174198923 0.002000088 0.024247224 -0.004220721 0.999695082
2838.000000000 -0.478604806 0.137140302 -0.174262159 0.002003562 0.024238949 -0.004226995 0.999695249
2839.000000000 -0.478446945 0.137124394 -0.174186272 0.002015047 0.024198155 -0.004226013 0.999696219
2840.000000000 -0.478443335 0.137080408 -0.174209985 0.001998549 0.024196170 -0.004215131 0.999696346
2841.000000000 -0.478411037 0.137164296 -0.174062191 0.002014024 0.024191353 -0.004204198 0.999696477
2842.000000000 -0.478450727 0.137195128 -0.174122246 0.002012984 0.024201267 -0.004199197 0.999696261
2843.000000000 -0.478424853 0.137053845 -0.174004326 0.001993509 0.024185463 -0.004211630 0.999696630
2844.000000000 -0.478244299 0.137240749 -0.173890600 0.002026690 0.024158195 -0.004169499 0.999697399
2845.000000000 -0.478077134 0.137123881 -0.173881324 0.002002166 0.024124933 -0.004152592 0.999698322
2846.000000000 -0.478195487 0.137035375 -0.173946273 0.001975591 0.024152553 -0.004172878 0.999697623
2847.000000000 -0.478348183 0.136910539 -0.173927002 0.001940034 0.024189355 -0.004168428 0.999696822
2848.000000000 -0.478382130 0.136868103 -0.174011440 0.001937707 0.024197745 -0.004174079 0.999696600
2849.000000000 -0.478441130 0.136935709 -0.173938423 0.001946135 0.024210130 -0.004164867 0.999696322
2850.000000000 -0.478230137 0.136988514 -0.173949704 0.001975671 0.024174341 -0.004189668 0.999697026
2851.000000000 -0.478334117 0.136979699 -0.173938551 0.001966511 0.024192100 -0.004161433 0.999696733
2852.000000000 -0.478270299 0.136979579 -0.173927210 0.001960987 0.024178395 -0.004191235 0.999696951
2853.000000000 -0.478343202 0.137085833 -0.173955958 0.001990858 0.024193165 -0.004179852 0.999696582
2854.000000000 -0.478358361 0.136952291 -0.174002723 0.001961403 0.024206063 -0.004201994 0.999696235
2855.000000000 -0.478235794 0.137126051 -0.173912461 0.001998667 0.024174431 -0.004178667 0.999697025
2856.000000000 -0.478245469 0.137102992 -0.173983821 0.001989751 0.024179605 -0.004152200 0.999697028
2857.000000000 -0.478273116 0.137069878 -0.173907534 0.001987377 0.024180432 -0.004165387 0.999696957
2858.000000000 -0.478441159 0.137172952 -0.174011980 0.002008282 0.024207328 -0.004152739 0.999696317
2859.000000000 -0.478257475 0.137069329 -0.173911197 0.001983600 0.024177897 -0.004192686 0.999696912
2860.000000000 -0.478499378 0.136916795 -0.173870182 0.001953664 0.024221975 -0.004206554 0.999695846
2861.000000000 -0.478525463 0.136910789 -0.173959627 0.001955697 0.024233619 -0.004224581 0.999695484
2862.000000000 -0.478621489 0.136946374 -0.173963343 0.001972268 0.024260754 -0.004230020 0.999694770
2863.000000000 -0.478427334 0.136985188 -0.173989723 0.001977290 0.024213366 -0.004207878 0.999696002
2864.000000000 -0.478460232 0.136943475 -0.174001902 0.001963443 0.024217931 -0.004214263 0.999695892
2865.000000000 -0.478410213 0.137014131 -0.173825934 0.001984923 0.024210820 -0.004215082 0.999696018
2866.000000000 -0.478376080 0.137157403 -0.173779571 0.002020410 0.024200514 -0.004228372 0.999696141
2867.000000000 -0.478227913 0.137001380 -0.173852204 0.001976931 0.024185622 -0.004183484 0.999696777
2868.000000000 -0.478512483 0.137015709 -0.173886006 0.001981008 0.024238049 -0.004208789 0.999695393
2869.000000000 -0.478442680 0.136997212 -0.174008101 0.001986185 0.024233670 -0.004218818 0.999695447
2870.000000000 -0.478373045 0.136936174 -0.173915965 0.001965466 0.024221761 -0.004204055 0.999695838
2871.000000000 -0.478307513 0.136926735 -0.173959233 0.001954553 0.024200457 -0.004183298 0.999696463
2872.000000000 -0.478302315 0.136994672 -0.174032871 0.001968319 0.024196919 -0.004155772 0.999696636
2873.000000000 -0.478287900 0.137019268 -0.173932584 0.001985652 0.024187719 -0.004184079 0.999696706
2874.000000000 -0.478199510 0.137165988 -0.173871309 0.002027427 0.024164934 -0.004202035 0.999697098
2875.000000000 -0.477922155 0.136983618 -0.173903902 0.001976327 0.024102229 -0.004169438 0.999698851
2876.000000000 -0.478193913 0.136828697 -0.173866889 0.001942404 0.024163529 -0.004193539 0.999697337
2877.000000000 -0.478316667 0.137020987 -0.174018165 0.001988656 0.024185477 -0.004214900 0.999696625
2878.000000000 -0.478177643 0.136891296 -0.173857803 0.001958463 0.024157750 -0.004200062 0.999697418
2879.000000000 -0.478326884 0.137052720 -0.174022775 0.001993794 0.024172632 -0.004214961 0.999696925
2880.000000000 -0.478276565 0.137191643 -0.173819425 0.002026355 0.024162404 -0.004221678 0.999697079
2881.000000000 -0.478249659 0.137023608 -0.173795127 0.001977956 0.024156267 -0.004206028 0.999697390
2882.000000000 -0.478408925 0.137015863 -0.173810398 0.001978520 0.024187110 -0.004216688 0.999696598
2883.000000000 -0.478470917 0.136881988 -0.173874980 0.001947767 0.024206224 -0.004207078 0.999696237
2884.000000000 -0.478750733 0.136914388 -0.173836642 0.001946542 0.024254958 -0.004213514 0.999695031
2885.000000000 -0.478891505 0.136970182 -0.173873123 0.001968518 0.024291379 -0.004205443 0.999694137
2886.000000000 -0.478714650 0.137060793 -0.174005059 0.001991533 0.024263093 -0.004198097 0.999694809
2887.000000000 -0.478715261 0.137023474 -0.174057105 0.001981102 0.024267867 -0.004185134 0.999694769
2888.000000000 -0.478802953 0.136979166 -0.174023168 0.001961158 0.024282176 -0.004173831 0.999694508
2889.000000000 -0.479065301 0.137018052 -0.174268136 0.001971501 0.024342630 -0.004163616 0.999693060
2890.000000000 -0.478972617 0.136802764 -0.174110334 0.001915770 0.024312088 -0.004142342 0.999694000
2891.000000000 -0.479000317 0.136782709 -0.174154965 0.001903874 0.024330612 -0.004151687 0.999693533
2892.000000000 -0.478910750 0.136945252 -0.174007269 0.001944507 0.024300989 -0.004150487 0.999694180
2893.000000000 -0.478893946 0.136966919 -0.174027649 0.001955970 0.024291490 -0.004159009 0.999694353
2894.000000000 -0.478811079 0.136880767 -0.173948153 0.001937055 0.024278288 -0.004145628 0.999694767
2895.000000000 -0.478925458 0.136833375 -0.174038844 0.001928261 0.024298116 -0.004161702 0.999694235
2896.000000000 -0.478876966 0.136868589 -0.174103365 0.001928641 0.024290095 -0.004147114 0.999694490
2897.000000000 -0.478808497 0.136913126 -0.174181036 0.001950202 0.024273131 -0.004164733 0.999694787
2898.000000000 -0.478748359 0.136861704 -0.174112282 0.001934005 0.024264196 -0.004149926 0.999695097
2899.000000000 -0.478729321 0.136858760 -0.174062493 0.001929558 0.024254701 -0.004133551 0.999695404
2900.000000000 -0.478776472 0.136898592 -0.174014345 0.001942616 0.024262804 -0.004179249 0.999694992
2901.000000000 -0.478721589 0.136972274 -0.174032084 0.001949476 0.024260920 -0.004141211 0.999695182
2902.000000000 -0.478550764 0.136927913 -0.174014003 0.001944623 0.024212714 -0.004127115 0.999696419
2903.000000000 -0.478853121 0.136458197 -0.174798599 0.001897732 0.024340128 -0.004252612 0.999692889
2904.000000000 -0.478812856 0.136414715 -0.174863411 0.001897335 0.024332693 -0.004232506 0.999693156
2905.000000000 -0.478700143 0.136445147 -0.174727458 0.001899926 0.024311542 -0.004201430 0.999693797
2906.000000000 -0.478773322 0.136368463 -0.174762545 0.001872338 0.024325498 -0.004185534 0.999693576
2907.000000000 -0.478370003 0.136417697 -0.174660876 0.001878949 0.024217706 -0.004153130 0.999696316
2908.000000000 -0.478347749 0.136432387 -0.174571104 0.001886850 0.024220638 -0.004184040 0.999696101
2909.000000000 -0.478451008 0.136487858 -0.174586860 0.001894620 0.024238230 -0.004159277 0.999695763
2910.000000000 -0.478533193 0.136400815 -0.174533466 0.001880179 0.024255501 -0.004185045 0.999695264
2911.000000000 -0.478425873 0.136489925 -0.174482558 0.001907960 0.024238801 -0.004224677 0.999695450
2912.000000000 -0.478514578 0.136503197 -0.174648127 0.001911401 0.024240822 -0.004187619 0.999695550
2913.000000000 -0.478492550 0.136380532 -0.174675940 0.001883497 0.024244458 -0.004195987 0.999695480
2914.000000000 -0.478539263 0.136324998 -0.174629296 0.001865652 0.024253463 -0.004197399 0.999695289
2915.000000000 -0.478577325 0.136398625 -0.174696379 0.001886392 0.024254795 -0.004207803 0.999695174
2916.000000000 -0.478558237 0.136340595 -0.174634655 0.001870432 0.024261330 -0.004227248 0.999694963
2917.000000000 -0.478476910 0.136429044 -0.174551993 0.001877716 0.024234316 -0.004193081 0.999695749
2918.000000000 -0.478646980 0.136351237 -0.174542966 0.001861188 0.024278108 -0.004194278 0.999694712
2919.000000000 -0.478419736 0.136372165 -0.174448489 0.001878645 0.024231509 -0.004184492 0.999695851
2920.000000000 -0.478506965 0.136394936 -0.174506410 0.001878137 0.024243171 -0.004226099 0.999695394
2921.000000000 -0.478561699 0.136321401 -0.174487893 0.001864671 0.024258332 -0.004199976 0.999695162
2922.000000000 -0.478395029 0.136444102 -0.174398406 0.001888862 0.024215836 -0.004222465 0.999696052
2923.000000000 -0.478497484 0.136333517 -0.174538448 0.001865842 0.024231020 -0.004188839 0.999695869
2924.000000000 -0.478418327 0.136520489 -0.174367656 0.001909082 0.024223967 -0.004222372 0.999695817
2925.000000000 -0.478636445 0.136388756 -0.174524674 0.001874858 0.024262785 -0.004205738 0.999695010
2926.000000000 -0.478390456 0.136518258 -0.174499535 0.001901820 0.024226124 -0.004199434 0.999695875
2927.000000000 -0.478453924 0.136447181 -0.174482772 0.001880999 0.024237858 -0.004193377 0.999695656
2928.000000000 -0.478350620 0.136580728 -0.174396311 0.001916676 0.024208238 -0.004185288 0.999696339
2929.000000000 -0.478411818 0.136539262 -0.174526336 0.001906023 0.024226756 -0.004167951 0.999695984
2930.000000000 -0.478547267 0.136433171 -0.174586638 0.001882967 0.024244545 -0.004160159 0.999695628
2931.000000000 -0.478113063 0.136507550 -0.174539358 0.001898427 0.024179819 -0.004187802 0.999697051
2932.000000000 -0.478332619 0.136535427 -0.174744495 0.001905059 0.024233225 -0.004170513 0.999695818
2933.000000000 -0.478300987 0.136658224 -0.174642892 0.001922960 0.024223450 -0.004154620 0.999696087
2934.000000000 -0.478385197 0.136686729 -0.174927735 0.001936045 0.024255828 -0.004179042 0.999695175
2935.000000000 -0.478354089 0.136478874 -0.174750056 0.001875449 0.024247195 -0.004155576 0.999695597
2936.000000000 -0.478271776 0.136439417 -0.174750970 0.001872547 0.024237328 -0.004166611 0.999695796
2937.000000000 -0.478146243 0.136805780 -0.174783881 0.001966333 0.024202074 -0.004189685 0.999696374
2938.000000000 -0.478108509 0.136822456 -0.174765248 0.001982984 0.024191745 -0.004227371 0.999696432
2939.000000000 -0.478109632 0.136854120 -0.174738219 0.001977393 0.024188009 -0.004210201 0.999696606
2940.000000000 -0.477904476 0.136868667 -0.174782706 0.001985539 0.024147824 -0.004218861 0.999697525
2941.000000000 -0.478230371 0.136867693 -0.174741764 0.001984144 0.024220395 -0.004238450 0.999695689
2942.000000000 -0.478221957 0.136908776 -0.174709749 0.001988655 0.024200844 -0.004225440 0.999696209
2943.000000000 -0.478139701 0.136909327 -0.174570439 0.001983165 0.024191379 -0.004220073 0.999696472
2944.000000000 -0.478135012 0.136870212 -0.174593483 0.001978908 0.024191772 -0.004193053 0.999696584
2945.000000000 -0.478307051 0.136815497 -0.174674220 0.001966972 0.024231572 -0.004224403 0.999695512
2946.000000000 -0.478406797 0.136841160 -0.174585359 0.001974583 0.024248448 -0.004218205 0.999695114
2947.000000000 -0.478208212 0.136891366 -0.174490851 0.001988146 0.024201289 -0.004233822 0.999696164
2948.000000000 -0.478291111 0.136888184 -0.174441552 0.001991663 0.024219848 -0.004227084 0.999695736
2949.000000000 -0.478324493 0.136958071 -0.174403666 0.002007984 0.024238106 -0.004256812 0.999695134
2950.000000000 -0.478107412 0.136781526 -0.174314380 0.001962899 0.024187407 -0.004200392 0.999696691
2951.000000000 -0.478156409 0.136988423 -0.174438131 0.002019839 0.024196770 -0.004269456 0.999696058
2952.000000000 -0.478261404 0.136856949 -0.174484243 0.001985993 0.024206891 -0.004221346 0.999696085
2953.000000000 -0.478238578 0.137019201 -0.174509522 0.002027264 0.024211540 -0.004245352 0.999695788
2954.000000000 -0.478116825 0.136877630 -0.174396126 0.001986676 0.024170755 -0.004226212 0.999696938
2955.000000000 -0.478199697 0.137003764 -0.174264437 0.002019802 0.024192313 -0.004282662 0.999696109
2956.000000000 -0.478160386 0.136730693 -0.174169082 0.001939668 0.024180399 -0.004226132 0.999696797
2957.000000000 -0.478237892 0.136772879 -0.174222829 0.001952690 0.024202068 -0.004257448 0.999696114
2958.000000000 -0.478233587 0.136769468 -0.174247918 0.001946136 0.024199756 -0.004265950 0.999696147
2959.000000000 -0.478185438 0.136851547 -0.174197389 0.001971416 0.024193178 -0.004275103 0.999696217
2960.000000000 -0.478177825 0.136822763 -0.174066848 0.001957530 0.024188031 -0.004258881 0.999696439
2961.000000000 -0.478034872 0.136683257 -0.174077849 0.001933276 0.024154135 -0.004239519 0.999697388
2962.000000000 -0.478107691 0.136615667 -0.174050255 0.001913861 0.024176636 -0.004217384 0.999696975
2963.000000000 -0.478041684 0.136583375 -0.174100920 0.001904567 0.024156756 -0.004214251 0.999697486
2964.000000000 -0.478103097 0.136616645 -0.174038175 0.001912411 0.024175161 -0.004209288 0.999697047
2965.000000000 -0.478167054 0.136707211 -0.174084300 0.001942858 0.024176968 -0.004202894 0.999696972
2966.000000000 -0.478300607 0.136732946 -0.174111923 0.001946083 0.024207099 -0.004234460 0.999696103
2967.000000000 -0.478280812 0.136819517 -0.174045315 0.001961967 0.024203047 -0.004214698 0.999696254
2968.000000000 -0.478310806 0.136774185 -0.174123241 0.001951758 0.024206536 -0.004200846 0.999696247
2969.000000000 -0.478157498 0.136764815 -0.174031110 0.001949976 0.024173828 -0.004186300 0.999697103
2970.000000000 -0.478084179 0.136792872 -0.174026348 0.001953901 0.024165413 -0.004146608 0.999697465
2971.000000000 -0.478270350 0.136562891 -0.174159352 0.001895004 0.024214826 -0.004150666 0.999696365
2972.000000000 -0.478190735 0.136767413 -0.174039993 0.001954721 0.024202084 -0.004175320 0.999696456
2973.000000000 -0.478303933 0.136595969 -0.173944811 0.001907909 0.024221542 -0.004154180 0.999696164
2974.000000000 -0.478233580 0.136602866 -0.173911544 0.001908680 0.024199481 -0.004174146 0.999696613
2975.000000000 -0.478193184 0.136567255 -0.173954636 0.001896306 0.024189066 -0.004188032 0.999696831
2976.000000000 -0.478136621 0.136630855 -0.173963113 0.001918783 0.024177097 -0.004179393 0.999697114
2977.000000000 -0.478279898 0.136689049 -0.174147947 0.001928853 0.024204045 -0.004175434 0.999696459
2978.000000000 -0.478284976 0.136608875 -0.174042279 0.001918961 0.024196785 -0.004187637 0.999696602
2979.000000000 -0.478208813 0.136615298 -0.174041235 0.001915739 0.024181030 -0.004192396 0.999696970
2980.000000000 -0.478246213 0.136723419 -0.174004342 0.001942555 0.024178991 -0.004172226 0.999697052
2981.000000000 -0.478171469 0.136672072 -0.174005772 0.001928792 0.024173495 -0.004198157 0.999697103
2982.000000000 -0.478196524 0.136631810 -0.173960696 0.001914760 0.024181159 -0.004181043 0.999697016
2983.000000000 -0.478060606 0.136793857 -0.173993755 0.001959444 0.024156185 -0.004187038 0.999697508
2984.000000000 -0.478133816 0.136785105 -0.174133523 0.001961463 0.024168217 -0.004159259 0.999697329
2985.000000000 -0.478067953 0.136807835 -0.174087977 0.001957994 0.024157555 -0.004162340 0.999697581
2986.000000000 -0.477983350 0.136620193 -0.173905124 0.001908405 0.024135870 -0.004142856 0.999698282
2987.000000000 -0.478009507 0.136657539 -0.173980907 0.001926436 0.024140530 -0.004165854 0.999698039
2988.000000000 -0.478234900 0.136548741 -0.174044637 0.001893044 0.024192562 -0.004125772 0.999697011
2989.000000000 -0.478127442 0.136811112 -0.173959567 0.001956522 0.024167939 -0.004149921 0.999697385
2990.000000000 -0.478268748 0.136908763 -0.174198473 0.001978690 0.024201352 -0.004142782 0.999696562
2991.000000000 -0.478215885 0.136729128 -0.174124778 0.001936898 0.024193236 -0.004132209 0.999696884
2992.000000000 -0.478132042 0.136626088 -0.174129236 0.001909170 0.024176441 -0.004132789 0.999697342
2993.000000000 -0.478288255 0.136460800 -0.174080963 0.001874040 0.024208721 -0.004102569 0.999696751
2994.000000000 -0.478166808 0.136828441 -0.173999023 0.001966502 0.024184415 -0.004150200 0.999696965
2995.000000000 -0.478202651 0.136762405 -0.174005797 0.001946771 0.024184151 -0.004139734 0.999697054
2996.000000000 -0.478142060 0.136872189 -0.174008705 0.001970796 0.024175484 -0.004164753 0.999697113
2997.000000000 -0.478317047 0.136760714 -0.173962406 0.001943911 0.024210193 -0.004185023 0.999696241
2998.000000000 -0.478197035 0.136879773 -0.173825531 0.001965525 0.024185968 -0.004179980 0.999696806
2999.000000000 -0.477963620 0.136793119 -0.173767955 0.001942258 0.024146271 -0.004174898 0.999697832
3000.000000000 -0.477946015 0.136886628 -0.173768010 0.001970035 0.024145135 -0.004180177 0.999697783
3001.000000000 -0.477881880 0.136918645 -0.173648522 0.001968479 0.024130100 -0.004196297 0.999698082
3002.000000000 -0.477987794 0.137051551 -0.173679987 0.002003487 0.024150847 -0.004188258 0.999697545
3003.000000000 -0.478095459 0.137081587 -0.173821315 0.002018275 0.024168449 -0.004210435 0.999696997
3004.000000000 -0.478185029 0.137206575 -0.173808907 0.002034407 0.024189334 -0.004214708 0.999696441
3005.000000000 -0.478013396 0.137118629 -0.173767884 0.002016725 0.024150233 -0.004202650 0.999697473
3006.000000000 -0.477974320 0.137329948 -0.173839798 0.002070994 0.024152328 -0.004204496 0.999697303
3007.000000000 -0.477785450 0.137330429 -0.173733729 0.002074194 0.024104827 -0.004216036 0.999698395
3008.000000000 -0.477945719 0.137002976 -0.173805105 0.001995851 0.024128053 -0.004196304 0.999698077
3009.000000000 -0.477852760 0.137212392 -0.173758275 0.002043467 0.024111996 -0.004222918 0.999698256
3010.000000000 -0.477882392 0.137158426 -0.173885397 0.002033472 0.024123570 -0.004233263 0.999697953
3011.000000000 -0.477857578 0.137261566 -0.173919549 0.002055209 0.024120780 -0.004231133 0.999697985
3012.000000000 -0.477999577 0.137155388 -0.173869426 0.002024735 0.024152535 -0.004213137 0.999697357
3013.000000000 -0.478065454 0.137106197 -0.173933850 0.002018102 0.024165462 -0.004210894 0.999697067
3014.000000000 -0.478118831 0.137161958 -0.174088806 0.002032423 0.024175343 -0.004215730 0.999696779
3015.000000000 -0.478210951 0.137258871 -0.174127942 0.002053527 0.024193987 -0.004209216 0.999696312
3016.000000000 -0.478081003 0.137210525 -0.174141250 0.002036260 0.024158620 -0.004194682 0.999697264
3017.000000000 -0.478241267 0.137087797 -0.174114385 0.002013063 0.024204690 -0.004186079 0.999696233
3018.000000000 -0.478035262 0.137388105 -0.174141291 0.002097282 0.024159294 -0.004224605 0.999696995
3019.000000000 -0.478010526 0.137244393 -0.174080734 0.002061060 0.024156371 -0.004196921 0.999697258
3020.000000000 -0.478085024 0.137174323 -0.174118888 0.002042317 0.024168624 -0.004196540 0.999697002
3021.000000000 -0.477851306 0.137157305 -0.174000967 0.002048920 0.024123672 -0.004215203 0.999697996
3022.000000000 -0.477948754 0.137289289 -0.173956839 0.002078700 0.024135281 -0.004201039 0.999697714
3023.000000000 -0.477930740 0.137455095 -0.174101678 0.002120974 0.024134502 -0.004223191 0.999697550
3024.000000000 -0.477953215 0.137385597 -0.174050893 0.002109765 0.024133274 -0.004219405 0.999697620
3025.000000000 -0.477956797 0.137429602 -0.174039363 0.002112696 0.024134768 -0.004244667 0.999697470
3026.000000000 -0.477977289 0.137395508 -0.174017277 0.002106061 0.024147148 -0.004261937 0.999697112
3027.000000000 -0.477832624 0.137345205 -0.173957117 0.002090032 0.024114158 -0.004276609 0.999697879
3028.000000000 -0.478059873 0.137339029 -0.174056543 0.002073681 0.024168237 -0.004244470 0.999696744
3029.000000000 -0.478146762 0.137247020 -0.174028706 0.002051222 0.024180398 -0.004233826 0.999696542
3030.000000000 -0.478185164 0.137328069 -0.174160285 0.002076349 0.024191062 -0.004263275 0.999696107
3031.000000000 -0.478321925 0.137339326 -0.174190242 0.002083041 0.024208769 -0.004292919 0.999695537
3032.000000000 -0.478338002 0.137349171 -0.174321485 0.002093493 0.024204812 -0.004270514 0.999695707
3033.000000000 -0.478375380 0.137350455 -0.174341359 0.002097749 0.024207389 -0.004265646 0.999695657
3034.000000000 -0.478326862 0.137286022 -0.174331776 0.002090718 0.024202603 -0.004255134 0.999695832
3035.000000000 -0.478362359 0.137286976 -0.174422153 0.002084685 0.024206779 -0.004272729 0.999695669
3036.000000000 -0.478161480 0.137368645 -0.174543031 0.002107429 0.024171964 -0.004266748 0.999696489
3037.000000000 -0.478246776 0.137192132 -0.174562386 0.002067035 0.024200597 -0.004248657 0.999695957
3038.000000000 -0.478071725 0.137320539 -0.174508803 0.002098396 0.024159696 -0.004296159 0.999696678
3039.000000000 -0.477959347 0.137266766 -0.174601927 0.002081269 0.024136422 -0.004294996 0.999697281
3040.000000000 -0.477919907 0.137354814 -0.174706431 0.002106286 0.024137828 -0.004308397 0.999697137
3041.000000000 -0.478083909 0.137266826 -0.174796796 0.002080267 0.024173820 -0.004315034 0.999696294
3042.000000000 -0.477812222 0.137221029 -0.174776784 0.002062278 0.024108318 -0.004269924 0.999698106
3043.000000000 -0.478097351 0.137253535 -0.174782219 0.002077690 0.024182395 -0.004327117 0.999696039
3044.000000000 -0.477944664 0.137404731 -0.174705406 0.002114490 0.024136516 -0.004309952 0.999697145
3045.000000000 -0.478074993 0.137295839 -0.174948667 0.002086613 0.024174488 -0.004302631 0.999696318
3046.000000000 -0.477876008 0.137531502 -0.174751684 0.002131071 0.024134360 -0.004289318 0.999697251
3047.000000000 -0.477935624 0.137115292 -0.174929786 0.002029582 0.024146185 -0.004266215 0.999697275
3048.000000000 -0.477919281 0.137101734 -0.174995163 0.002026000 0.024150938 -0.004238947 0.999697284
3049.000000000 -0.477691921 0.137216007 -0.174899894 0.002059984 0.024108928 -0.004253631 0.999698166
3050.000000000 -0.477752683 0.137256618 -0.175026183 0.002077837 0.024130124 -0.004280073 0.999697505
3051.000000000 -0.477723085 0.137135127 -0.173659843 0.002065932 0.024033350 -0.004307325 0.999699743
3052.000000000 -0.477799311 0.137209021 -0.173703839 0.002068097 0.024053522 -0.004277474 0.999699382
3053.000000000 -0.477740510 0.137260576 -0.173624334 0.002092420 0.024032752 -0.004294290 0.999699759
3054.000000000 -0.477645068 0.137360610 -0.173687823 0.002121058 0.024015541 -0.004282565 0.999700162
3055.000000000 -0.477841397 0.137304721 -0.173794984 0.002108875 0.024055469 -0.004303496 0.999699138
3056.000000000 -0.477707140 0.137308344 -0.173762762 0.002107041 0.024035239 -0.004291009 0.999699682
3057.000000000 -0.477832787 0.137294932 -0.173856858 0.002101534 0.024068833 -0.004281918 0.999698925
3058.000000000 -0.477890040 0.137212661 -0.173774716 0.002081989 0.024078544 -0.004285396 0.999698717
3059.000000000 -0.477693044 0.137142862 -0.173783628 0.002078033 0.024035739 -0.004284054 0.999699761
3060.000000000 -0.477829941 0.137231218 -0.173732170 0.002087988 0.024076213 -0.004295890 0.999698715
3061.000000000 -0.477746356 0.137291162 -0.173778556 0.002103945 0.024062482 -0.004301728 0.999698987
3062.000000000 -0.477838423 0.137219225 -0.173936932 0.002096820 0.024083720 -0.004288058 0.999698550
3063.000000000 -0.477573696 0.137222927 -0.173919955 0.002094976 0.024022554 -0.004252516 0.999700177
3064.000000000 -0.477753387 0.137131979 -0.173985470 0.002068686 0.024064895 -0.004294575 0.999699034
3065.000000000 -0.477635457 0.137086476 -0.173680082 0.002062311 0.024033191 -0.004300127 0.999699786
3066.000000000 -0.477745052 0.137057722 -0.173892454 0.002063750 0.024052063 -0.004317100 0.999699256
3067.000000000 -0.477636010 0.137110335 -0.173919180 0.002075459 0.024028344 -0.004315075 0.999699811
3068.000000000 -0.477866998 0.137026254 -0.173868005 0.002053694 0.024075380 -0.004295971 0.999698806
3069.000000000 -0.477735795 0.137070513 -0.173887974 0.002057061 0.024043604 -0.004301137 0.999699542
3070.000000000 -0.477673977 0.137012079 -0.173800706 0.002043073 0.024030814 -0.004278277 0.999699976
3071.000000000 -0.477649434 0.136947556 -0.173716827 0.002025372 0.024016004 -0.004280874 0.999700357
3072.000000000 -0.477620527 0.137264827 -0.173889855 0.002103970 0.024023800 -0.004318646 0.999699845
3073.000000000 -0.477654213 0.137205322 -0.173954455 0.002089750 0.024023098 -0.004276904 0.999700071
3074.000000000 -0.477699525 0.137152240 -0.174017053 0.002085203 0.024028095 -0.004300667 0.999699858
3075.000000000 -0.477625759 0.137301572 -0.174076865 0.002114793 0.024024075 -0.004317567 0.999699820
3076.000000000 -0.477745522 0.136765603 -0.173314207 0.001965602 0.024071358 -0.004275912 0.999699166
3077.000000000 -0.477777720 0.136888331 -0.173357028 0.001977193 0.024078764 -0.004252447 0.999699065
3078.000000000 -0.477855110 0.136742644 -0.173335914 0.001945207 0.024103039 -0.004245322 0.999698573
3079.000000000 -0.477868013 0.136967463 -0.173306026 0.002001610 0.024098130 -0.004239507 0.999698605
3080.000000000 -0.477890694 0.136818216 -0.173503151 0.001971523 0.024104147 -0.004216789 0.999698616
3081.000000000 -0.478136800 0.136823931 -0.173547092 0.001975561 0.024151041 -0.004231986 0.999697412
3082.000000000 -0.478165724 0.136784959 -0.173567505 0.001965813 0.024149259 -0.004230800 0.999697479
3083.000000000 -0.478439889 0.136948690 -0.173731736 0.002008385 0.024190378 -0.004253458 0.999696304
3084.000000000 -0.478343763 0.137075316 -0.173644538 0.002033383 0.024181664 -0.004252080 0.999696470
3085.000000000 -0.478504444 0.136950526 -0.173605754 0.002014424 0.024208236 -0.004266689 0.999695803
3086.000000000 -0.478414462 0.136947512 -0.173529962 0.002017596 0.024187575 -0.004276084 0.999696257
3087.000000000 -0.478119065 0.136885906 -0.173407747 0.001994696 0.024115899 -0.004248045 0.999698154
3088.000000000 -0.478306623 0.137011189 -0.173506617 0.002032292 0.024166744 -0.004272795 0.999696745
3089.000000000 -0.478132198 0.137020970 -0.173357886 0.002033826 0.024132519 -0.004275688 0.999697556
3090.000000000 -0.478088014 0.137041957 -0.173343766 0.002039151 0.024136749 -0.004273584 0.999697452
3091.000000000 -0.478263138 0.137101370 -0.173460218 0.002049284 0.024169754 -0.004268173 0.999696657
3092.000000000 -0.478162037 0.136986924 -0.173424902 0.002028641 0.024140125 -0.004295078 0.999697300
3093.000000000 -0.478215453 0.136943502 -0.173385043 0.002018828 0.024143235 -0.004276424 0.999697325
3094.000000000 -0.478375158 0.136776268 -0.173387369 0.001970983 0.024189961 -0.004258491 0.999696367
3095.000000000 -0.478307442 0.137034855 -0.173446113 0.002045896 0.024171147 -0.004282923 0.999696567
3096.000000000 -0.478246090 0.137036572 -0.173454618 0.002044093 0.024161707 -0.004284549 0.999696792
3097.000000000 -0.478267621 0.137057541 -0.173450986 0.002049091 0.024166559 -0.004313799 0.999696539
3098.000000000 -0.478264370 0.136980080 -0.173486124 0.002022859 0.024164736 -0.004276182 0.999696798
3099.000000000 -0.478447758 0.137024514 -0.173572470 0.002031025 0.024213213 -0.004287775 0.999695559
3100.000000000 -0.478334204 0.137041517 -0.173414771 0.002036426 0.024181479 -0.004274879 0.999696371
3101.000000000 -0.478270412 0.137060295 -0.173385649 0.002044144 0.024177142 -0.004283259 0.999696424
3102.000000000 -0.478256785 0.137062247 -0.173399719 0.002041382 0.024167626 -0.004293059 0.999696618
3103.000000000 -0.478272587 0.137045742 -0.173438175 0.002030970 0.024171787 -0.004292501 0.999696541
3104.000000000 -0.478380194 0.135584828 -0.173080597 0.001649679 0.024180963 -0.004135866 0.999697681
3105.000000000 -0.478292975 0.135628414 -0.173116183 0.001657097 0.024163967 -0.004137677 0.999698073
3106.000000000 -0.478305935 0.135684791 -0.173199687 0.001662412 0.024169585 -0.004112694 0.999698031
3107.000000000 -0.478304308 0.135712350 -0.173188924 0.001669034 0.024160305 -0.004095203 0.999698316
3108.000000000 -0.478281176 0.135822129 -0.173353795 0.001716767 0.024154634 -0.004125883 0.999698246
3109.000000000 -0.478372202 0.135839649 -0.173402646 0.001722933 0.024178843 -0.004158156 0.999697517
3110.000000000 -0.478372806 0.135916438 -0.173289992 0.001742542 0.024173953 -0.004166403 0.999697567
3111.000000000 -0.478309143 0.135925411 -0.173207057 0.001724906 0.024158239 -0.004149024 0.999698049
3112.000000000 -0.478344804 0.135701106 -0.173191033 0.001671600 0.024175916 -0.004139794 0.999697751
3113.000000000 -0.478634084 0.135737912 -0.173317620 0.001685359 0.024237774 -0.004146497 0.999696202
3114.000000000 -0.478607872 0.135775536 -0.173420185 0.001696443 0.024232467 -0.004157584 0.999696266
3115.000000000 -0.478530876 0.135828789 -0.173406627 0.001706089 0.024217756 -0.004162278 0.999696586
3116.000000000 -0.478483533 0.135733559 -0.173363899 0.001686405 0.024199629 -0.004127305 0.999697204
3117.000000000 -0.478408127 0.135657026 -0.173382226 0.001678590 0.024188862 -0.004149051 0.999697388
3118.000000000 -0.478432325 0.135664624 -0.173410258 0.001665121 0.024194777 -0.004092619 0.999697500
3119.000000000 -0.478484642 0.135840382 -0.173443683 0.001711017 0.024203700 -0.004108399 0.999697141
3120.000000000 -0.478604915 0.135798124 -0.173535261 0.001703007 0.024227294 -0.004122820 0.999696524
3121.000000000 -0.478434446 0.135712894 -0.173417937 0.001692598 0.024200337 -0.004123702 0.999697191
3122.000000000 -0.478374136 0.135731615 -0.173439942 0.001692034 0.024186163 -0.004109712 0.999697593
3123.000000000 -0.478451197 0.135784948 -0.173455787 0.001703337 0.024199543 -0.004108569 0.999697254
3124.000000000 -0.478586440 0.135867413 -0.173585766 0.001729201 0.024226305 -0.004135806 0.999696449
3125.000000000 -0.478583414 0.135773533 -0.173557423 0.001704598 0.024220432 -0.004119190 0.999696703
3126.000000000 -0.478436039 0.135711593 -0.173429999 0.001688769 0.024184763 -0.004117012 0.999697602
3127.000000000 -0.478459174 0.135732244 -0.173432648 0.001697235 0.024181025 -0.004107394 0.999697718
3128.000000000 -0.478490000 0.135834893 -0.173633387 0.001720745 0.024190782 -0.004101302 0.999697466
3129.000000000 -0.478590826 0.135870065 -0.173642551 0.001731001 0.024219896 -0.004148321 0.999696550
3130.000000000 -0.478603797 0.135940163 -0.173558639 0.001751906 0.024225535 -0.004168507 0.999696293
3131.000000000 -0.478649896 0.135840184 -0.173515591 0.001721481 0.024237514 -0.004134457 0.999696197
3132.000000000 -0.478458308 0.136032894 -0.173356799 0.001776804 0.024194372 -0.004186584 0.999696928
3133.000000000 -0.478326456 0.135969271 -0.173360688 0.001761410 0.024171230 -0.004178128 0.999697550
3134.000000000 -0.478546865 0.136107680 -0.173450323 0.001793168 0.024216427 -0.004187696 0.999696360
3135.000000000 -0.478670505 0.136006619 -0.173544927 0.001777255 0.024252751 -0.004215536 0.999695391
3136.000000000 -0.478586660 0.135827126 -0.173498031 0.001723802 0.024232627 -0.004163421 0.999696191
3137.000000000 -0.478614319 0.135779797 -0.173511703 0.001706610 0.024238287 -0.004158500 0.999696104
3138.000000000 -0.478551039 0.135883156 -0.173482570 0.001731021 0.024223870 -0.004159167 0.999696408
3139.000000000 -0.478734973 0.136100708 -0.173653256 0.001777475 0.024271063 -0.004190528 0.999695051
3140.000000000 -0.478511274 0.135905955 -0.173560797 0.001743801 0.024215275 -0.004161243 0.999696586
3141.000000000 -0.478639881 0.136104280 -0.173773440 0.001788771 0.024237115 -0.004197226 0.999695827
3142.000000000 -0.478183810 0.135961868 -0.173497105 0.001768786 0.024144924 -0.004194582 0.999698104
3143.000000000 -0.478074668 0.135929810 -0.173357643 0.001762546 0.024121453 -0.004205217 0.999698637
3144.000000000 -0.478334379 0.136004462 -0.173512518 0.001784239 0.024171595 -0.004229461 0.999697285
3145.000000000 -0.478361972 0.135985577 -0.173507930 0.001772180 0.024171782 -0.004216792 0.999697356
3146.000000000 -0.478337782 0.135833821 -0.173657518 0.001745769 0.024180076 -0.004211655 0.999697223
3147.000000000 -0.478087704 0.136077480 -0.173451655 0.001798654 0.024124668 -0.004245574 0.999698325
3148.000000000 -0.478275626 0.135986183 -0.173593750 0.001768912 0.024162455 -0.004185741 0.999697717
3149.000000000 -0.478283746 0.135945769 -0.173677326 0.001765425 0.024162291 -0.004183726 0.999697736
3150.000000000 -0.478219618 0.135840518 -0.173686223 0.001734465 0.024148037 -0.004189059 0.999698112
3151.000000000 -0.478122596 0.135817573 -0.173717385 0.001733695 0.024125089 -0.004206726 0.999698594
3152.000000000 -0.478149047 0.135916821 -0.173661486 0.001758910 0.024137019 -0.004244735 0.999698101
3153.000000000 -0.478266400 0.135791067 -0.173712797 0.001730926 0.024141612 -0.004203336 0.999698214
3154.000000000 -0.478207915 0.135763630 -0.173720826 0.001723040 0.024133428 -0.004216614 0.999698369
3155.000000000 -0.478309768 0.135956114 -0.173656994 0.001765565 0.024153824 -0.004206968 0.999697843
3156.000000000 -0.478241713 0.136128970 -0.173555994 0.001804669 0.024142384 -0.004230653 0.999697949
3157.000000000 -0.478290756 0.136032386 -0.173603014 0.001787636 0.024148165 -0.004217363 0.999697897
3158.000000000 -0.478210571 0.136170903 -0.173472953 0.001815747 0.024128944 -0.004208949 0.999698345
3159.000000000 -0.478289736 0.136058631 -0.173483410 0.001790436 0.024151933 -0.004188108 0.999697923
3160.000000000 -0.478529558 0.135888539 -0.173523521 0.001744575 0.024212968 -0.004188248 0.999696528
3161.000000000 -0.478170801 0.136107776 -0.173590429 0.001809867 0.024121027 -0.004198140 0.999698593
3162.000000000 -0.478378020 0.135898934 -0.173608975 0.001747528 0.024164187 -0.004172564 0.999697768
3163.000000000 -0.478275615 0.135660795 -0.173511661 0.001690707 0.024149242 -0.004149169 0.999698325
3164.000000000 -0.478413938 0.135985249 -0.173613739 0.001778582 0.024187329 -0.004187335 0.999697092
3165.000000000 -0.478498697 0.135851910 -0.173619980 0.001755802 0.024195022 -0.004205053 0.999696872
3166.000000000 -0.478543156 0.135918085 -0.173720485 0.001772232 0.024204207 -0.004202272 0.999696632
3167.000000000 -0.478433786 0.135985726 -0.173696308 0.001788628 0.024182362 -0.004196899 0.999697154
3168.000000000 -0.478323774 0.136166712 -0.173647117 0.001832262 0.024157312 -0.004203702 0.999697652
3169.000000000 -0.478412322 0.136152037 -0.173694748 0.001824645 0.024176273 -0.004205790 0.999697199
3170.000000000 -0.478435108 0.136429383 -0.173743451 0.001884186 0.024184740 -0.004215857 0.999696841
3171.000000000 -0.478223086 0.136314539 -0.173569190 0.001851996 0.024133950 -0.004208269 0.999698161
3172.000000000 -0.478196549 0.136398442 -0.173537742 0.001885634 0.024115111 -0.004239866 0.999698419
3173.000000000 -0.478131846 0.136127906 -0.173471757 0.001814037 0.024111549 -0.004199078 0.999698810
3174.000000000 -0.477834734 0.136133246 -0.173423256 0.001819602 0.024044685 -0.004209745 0.999700365
3175.000000000 -0.478570827 0.135789243 -0.175102980 0.001410794 0.024214021 -0.004170267 0.999697104
3176.000000000 -0.478491857 0.136087809 -0.175301040 0.001549435 0.024227599 -0.004296722 0.999696034
3177.000000000 -0.478931251 0.136114628 -0.175153433 0.001534165 0.024247736 -0.004190272 0.999696021
3178.000000000 -0.478940749 0.136157142 -0.175284189 0.001541392 0.024244206 -0.004226644 0.999695943
3179.000000000 -0.478941732 0.136158115 -0.175286940 0.001549991 0.024240284 -0.004228868 0.999696015
3180.000000000 -0.478937484 0.136156200 -0.175280740 0.001547423 0.024245596 -0.004222147 0.999695919
3181.000000000 -0.478938259 0.136148044 -0.175254208 0.001532127 0.024253233 -0.004201884 0.999695842
3182.000000000 -0.478922972 0.136138072 -0.175230885 0.001528159 0.024227779 -0.004245030 0.999696283
3183.000000000 -0.478925517 0.136121450 -0.175177639 0.001532916 0.024230386 -0.004213654 0.999696346
3184.000000000 -0.478854360 0.136066764 -0.174885752 0.001539495 0.024224939 -0.004168220 0.999696658
3185.000000000 -0.478842293 0.136092330 -0.174916557 0.001558597 0.024228555 -0.004188221 0.999696457
3186.000000000 -0.478862533 0.136062348 -0.174931695 0.001474675 0.024242821 -0.004137525 0.999696450
3187.000000000 -0.478795196 0.135986440 -0.174696963 0.001481207 0.024237118 -0.004233703 0.999696176
3188.000000000 -0.478274456 0.135982698 -0.174375780 0.001462907 0.024118499 -0.004192407 0.999699246
3189.000000000 -0.478245894 0.135906432 -0.174398392 0.001434330 0.024097412 -0.004165104 0.999699910
3190.000000000 -0.478206675 0.135964451 -0.174363016 0.001461306 0.024097471 -0.004208273 0.999699688
3191.000000000 -0.478579880 0.135312736 -0.174459603 0.001311466 0.024180224 -0.004181945 0.999698008
3192.000000000 -0.478401643 0.135188033 -0.174230379 0.001269678 0.024138407 -0.004133308 0.999699275
3193.000000000 -0.478576819 0.135236161 -0.174438392 0.001283309 0.024178026 -0.004144710 0.999698253
3194.000000000 -0.478729304 0.135282764 -0.174486534 0.001295151 0.024225305 -0.004151355 0.999697066
3195.000000000 -0.478576044 0.135363930 -0.174354949 0.001319842 0.024184942 -0.004173707 0.999697918
3196.000000000 -0.478649517 0.135341263 -0.174395809 0.001314093 0.024197651 -0.004195137 0.999697528
3197.000000000 -0.478523300 0.135445061 -0.174273161 0.001350684 0.024168182 -0.004180014 0.999698256
3198.000000000 -0.478645307 0.135479933 -0.174334594 0.001372213 0.024196620 -0.004211286 0.999697407
3199.000000000 -0.478527729 0.135372759 -0.174237604 0.001334840 0.024166413 -0.004179773 0.999698321
3200.000000000 -0.478678875 0.134797442 -0.174208903 0.001178965 0.024198338 -0.004202436 0.999697649
3201.000000000 -0.478468656 0.134566427 -0.174038438 0.001131588 0.024140766 -0.004195135 0.999699127
3202.000000000 -0.478643590 0.134685613 -0.174117794 0.001161976 0.024179206 -0.004233382 0.999698002
3203.000000000 -0.478631205 0.134456017 -0.173960816 0.001107318 0.024179545 -0.004193509 0.999698223
3204.000000000 -0.478400116 0.133994568 -0.173817204 0.000967414 0.024128001 -0.004118338 0.999699926
3205.000000000 -0.478519870 0.134321902 -0.173749622 0.001062145 0.024164049 -0.004157117 0.999698799
3206.000000000 -0.478486778 0.134391441 -0.173713822 0.001091190 0.024137332 -0.004157271 0.999699413
3207.000000000 -0.478313678 0.134104452 -0.173452182 0.001015656 0.024099263 -0.004154901 0.999700420
3208.000000000 -0.478187047 0.133847613 -0.173232307 0.000958249 0.024066693 -0.004119082 0.999701410
3209.000000000 -0.478068465 0.133763785 -0.173090714 0.000941417 0.024026883 -0.004127157 0.999702350
3210.000000000 -0.478112479 0.134019796 -0.172927960 0.001010582 0.024040495 -0.004140993 0.999701898
3211.000000000 -0.478074177 0.133992770 -0.172964434 0.001009252 0.024027754 -0.004151103 0.999702164
3212.000000000 -0.478230794 0.133623752 -0.173146659 0.000901438 0.024073341 -0.004123238 0.999701286
3213.000000000 -0.478079493 0.133738939 -0.173010924 0.000935577 0.024034969 -0.004108034 0.999702240
3214.000000000 -0.477816094 0.133719597 -0.172815721 0.000942683 0.023961740 -0.004129422 0.999703903
3215.000000000 -0.477608403 0.133676183 -0.172673296 0.000925538 0.023919704 -0.004150360 0.999704839
3216.000000000 -0.477826158 0.133515949 -0.172878482 0.000862380 0.023969748 -0.004089094 0.999703950
3217.000000000 -0.477788128 0.133738018 -0.172878459 0.000903195 0.023970470 -0.004086969 0.999703905
3218.000000000 -0.477821518 0.133677208 -0.172860523 0.000895714 0.023978723 -0.004101519 0.999703654
3219.000000000 -0.477938510 0.133850513 -0.172992671 0.000941830 0.024004626 -0.004081321 0.999703073
3220.000000000 -0.477912044 0.133968463 -0.173101224 0.000976743 0.023993927 -0.004104161 0.999703203
3221.000000000 -0.477936585 0.134086736 -0.173031624 0.001011056 0.023995355 -0.004130084 0.999703027
3222.000000000 -0.477808276 0.134178400 -0.173123484 0.001052406 0.023962039 -0.004143774 0.999703727
3223.000000000 -0.477477155 0.134634949 -0.172872143 0.001171919 0.023878033 -0.004210660 0.999705325
3224.000000000 -0.477734286 0.134537160 -0.173048540 0.001138318 0.023946913 -0.004166168 0.999703902
3225.000000000 -0.477644225 0.134507306 -0.173116716 0.001140944 0.023928564 -0.004162906 0.999704352
3226.000000000 -0.477774060 0.134478543 -0.173170200 0.001117176 0.023952423 -0.004155480 0.999703839
3227.000000000 -0.477620312 0.134539568 -0.173166320 0.001154570 0.023886707 -0.004178286 0.999705274
3228.000000000 -0.477702159 0.135140983 -0.173828237 0.001271792 0.023930880 -0.004177280 0.999704079
3229.000000000 -0.478918582 0.135307176 -0.174583519 0.001282168 0.024234994 -0.004119343 0.999696980
3230.000000000 -0.479015037 0.134980891 -0.174599503 0.001216589 0.024248820 -0.004141887 0.999696634
3231.000000000 -0.478950539 0.134971523 -0.174686287 0.001216691 0.024245128 -0.004138064 0.999696739
3232.000000000 -0.479095739 0.134789260 -0.174715877 0.001171842 0.024267908 -0.004160077 0.999696148
3233.000000000 -0.479267132 0.134705760 -0.174723469 0.001144740 0.024304120 -0.004132139 0.999695416
3234.000000000 -0.479184040 0.134886360 -0.174778104 0.001197734 0.024294239 -0.004097021 0.999695739
3235.000000000 -0.479288572 0.134879344 -0.174791490 0.001187511 0.024317468 -0.004101976 0.999695166
3236.000000000 -0.479112353 0.134775281 -0.174868455 0.001167968 0.024277477 -0.004107028 0.999696140
3237.000000000 -0.479163354 0.135015290 -0.174831127 0.001224707 0.024292716 -0.004127110 0.999695619
3238.000000000 -0.479058217 0.134545676 -0.174824310 0.001106317 0.024261037 -0.004108899 0.999696602
3239.000000000 -0.479065530 0.134849402 -0.174876879 0.001194781 0.024264878 -0.004105277 0.999696421
3240.000000000 -0.479238158 0.134797904 -0.174959360 0.001176919 0.024301807 -0.004132611 0.999695433
3241.000000000 -0.478885250 0.134934893 -0.174784990 0.001210431 0.024231486 -0.004124407 0.999697134
3242.000000000 -0.479014590 0.134948199 -0.174851600 0.001210455 0.024264089 -0.004100096 0.999696443
3243.000000000 -0.479065002 0.135298955 -0.174961485 0.001292831 0.024280454 -0.004148426 0.999695743
3244.000000000 -0.478969884 0.135298129 -0.174890130 0.001294608 0.024252746 -0.004139084 0.999696452
3245.000000000 -0.478566806 0.135398464 -0.174693449 0.001314609 0.024160864 -0.004152561 0.999698595
3246.000000000 -0.478694987 0.135417950 -0.174798333 0.001332366 0.024186317 -0.004141846 0.999698000
3247.000000000 -0.478549888 0.135470478 -0.174745962 0.001349610 0.024154812 -0.004172282 0.999698612
3248.000000000 -0.478919708 0.135450417 -0.174909670 0.001348711 0.024247595 -0.004196017 0.999696268
3249.000000000 -0.479027582 0.135543420 -0.175062704 0.001373374 0.024264217 -0.004154484 0.999696005
3250.000000000 -0.478926240 0.135852760 -0.175036486 0.001446693 0.024233918 -0.004157722 0.999696623
3251.000000000 -0.478814146 0.135619574 -0.175108397 0.001396687 0.024214374 -0.004134411 0.999697264
3252.000000000 -0.478954099 0.135488026 -0.175160227 0.001351930 0.024252108 -0.004153461 0.999696332
3253.000000000 -0.478794153 0.135598923 -0.175092920 0.001377443 0.024207550 -0.004179797 0.999697267
3254.000000000 -0.479087923 0.135417691 -0.175008996 0.001333089 0.024276133 -0.004191048 0.999695617
3255.000000000 -0.478876341 0.135455203 -0.175116978 0.001349429 0.024236281 -0.004204568 0.999696506
3256.000000000 -0.478647154 0.135412963 -0.174985031 0.001340066 0.024193300 -0.004163289 0.999697732
3257.000000000 -0.478736914 0.135415991 -0.174995829 0.001339574 0.024209700 -0.004209383 0.999697143
3258.000000000 -0.478901681 0.135416835 -0.175035186 0.001338879 0.024246389 -0.004158379 0.999696468
3259.000000000 -0.478756975 0.135495249 -0.175062762 0.001350794 0.024211425 -0.004157930 0.999697301
3260.000000000 -0.478847101 0.135404084 -0.174933914 0.001332923 0.024228577 -0.004182883 0.999696805
3261.000000000 -0.478971707 0.135242709 -0.174931201 0.001288226 0.024255151 -0.004153592 0.999696342
3262.000000000 -0.478754667 0.135220181 -0.174712374 0.001292319 0.024199981 -0.004146029 0.999697705
3263.000000000 -0.478718059 0.135514850 -0.174689106 0.001372352 0.024189897 -0.004169936 0.999697743
3264.000000000 -0.478752664 0.135488413 -0.174597615 0.001361055 0.024190226 -0.004154693 0.999697814
3265.000000000 -0.478601341 0.135332520 -0.174515425 0.001317767 0.024159804 -0.004156117 0.999698602
3266.000000000 -0.478456398 0.135489411 -0.174445894 0.001362614 0.024134580 -0.004176768 0.999699065
3267.000000000 -0.478694228 0.135392671 -0.174536190 0.001328246 0.024187116 -0.004146865 0.999697966
3268.000000000 -0.478848780 0.135282464 -0.174716951 0.001307982 0.024233129 -0.004175505 0.999696759
3269.000000000 -0.478866371 0.135393162 -0.174850171 0.001333548 0.024233316 -0.004155260 0.999696805
3270.000000000 -0.478932534 0.135462791 -0.174971541 0.001359582 0.024251083 -0.004165145 0.999696298
3271.000000000 -0.478709962 0.135435220 -0.174793717 0.001353864 0.024200009 -0.004182254 0.999697472
3272.000000000 -0.479122250 0.135380414 -0.174880817 0.001327966 0.024283369 -0.004160321 0.999695577
3273.000000000 -0.479006996 0.135504352 -0.174895237 0.001363380 0.024267956 -0.004196975 0.999695750
3274.000000000 -0.478793505 0.135379762 -0.174821081 0.001329021 0.024217349 -0.004179261 0.999697098
3275.000000000 -0.479053650 0.135418978 -0.174879991 0.001331080 0.024268181 -0.004187314 0.999695829
3276.000000000 -0.479147772 0.135363723 -0.175058571 0.001326654 0.024297145 -0.004205925 0.999695053
3277.000000000 -0.479276855 0.135521946 -0.175054936 0.001354834 0.024328052 -0.004190055 0.999694330
3278.000000000 -0.478979050 0.135624834 -0.175097182 0.001383253 0.024260067 -0.004166399 0.999696042
3279.000000000 -0.478925606 0.135567780 -0.175130661 0.001360695 0.024252396 -0.004125372 0.999696429
3280.000000000 -0.479065994 0.135770384 -0.175034356 0.001417554 0.024277621 -0.004138165 0.999695685
3281.000000000 -0.478932167 0.135984685 -0.174909174 0.001480027 0.024248061 -0.004188984 0.999696101
3282.000000000 -0.479460104 0.135494074 -0.175292007 0.001369788 0.024358715 -0.004183433 0.999693591
3283.000000000 -0.479099178 0.135676383 -0.175123427 0.001410420 0.024281196 -0.004198457 0.999695357
3284.000000000 -0.478968490 0.135659012 -0.175112820 0.001410499 0.024249602 -0.004186045 0.999696176
3285.000000000 -0.479163201 0.135675514 -0.175115447 0.001406503 0.024303097 -0.004190352 0.999694865
3286.000000000 -0.479332017 0.135705505 -0.175270099 0.001413314 0.024344748 -0.004198370 0.999693808
3287.000000000 -0.478911466 0.135984659 -0.175115636 0.001488746 0.024248330 -0.004205085 0.999696013
3288.000000000 -0.478958741 0.135833858 -0.175229710 0.001449234 0.024259202 -0.004164058 0.999695980
3289.000000000 -0.478826339 0.135823295 -0.175355905 0.001441640 0.024211341 -0.004122078 0.999697325
3290.000000000 -0.478971468 0.135979117 -0.175331109 0.001487195 0.024268814 -0.004184348 0.999695606
3291.000000000 -0.479039954 0.135960216 -0.175437860 0.001493187 0.024280264 -0.004191640 0.999695288
3292.000000000 -0.478891574 0.135848384 -0.175333152 0.001448187 0.024244727 -0.004160602 0.999696347
3293.000000000 -0.478642264 0.135876610 -0.175168486 0.001461253 0.024197057 -0.004159252 0.999697488
3294.000000000 -0.478781653 0.135740593 -0.175230765 0.001423916 0.024226167 -0.004164684 0.999696814
3295.000000000 -0.479073017 0.135683418 -0.175372280 0.001412111 0.024286875 -0.004158300 0.999695385
3296.000000000 -0.478857594 0.135666516 -0.175348465 0.001403130 0.024243494 -0.004186276 0.999696334
3297.000000000 -0.478648934 0.135720300 -0.175266063 0.001411287 0.024207088 -0.004155253 0.999697334
3298.000000000 -0.478832767 0.135530087 -0.175344644 0.001381425 0.024248387 -0.004174890 0.999696293
3299.000000000 -0.478748774 0.135713215 -0.175250509 0.001422100 0.024229528 -0.004177962 0.999696680
3300.000000000 -0.478757585 0.135639164 -0.175190734 0.001401594 0.024220015 -0.004131811 0.999697131
3301.000000000 -0.478598168 0.136010033 -0.175393289 0.001507436 0.024184778 -0.004168272 0.999697679
3302.000000000 -0.478710622 0.135868745 -0.175312318 0.001461069 0.024209095 -0.004166898 0.999697165
3303.000000000 -0.478852568 0.135702712 -0.175395334 0.001426417 0.024244721 -0.004132228 0.999696496
3304.000000000 -0.478452166 0.135744044 -0.175263467 0.001421950 0.024157350 -0.004139099 0.999698589
3305.000000000 -0.478535274 0.135810745 -0.175227412 0.001433806 0.024186138 -0.004136960 0.999697885
3306.000000000 -0.478505239 0.136010420 -0.175348575 0.001492892 0.024171513 -0.004164351 0.999698038
3307.000000000 -0.478629293 0.135687622 -0.175324888 0.001415984 0.024200224 -0.004151678 0.999697508
3308.000000000 -0.478337675 0.135881689 -0.175281132 0.001474900 0.024136094 -0.004199060 0.999698775
3309.000000000 -0.477925281 0.135857250 -0.174996685 0.001464292 0.024047447 -0.004197307 0.999700935
3310.000000000 -0.478236447 0.135870314 -0.174991623 0.001462747 0.024103222 -0.004182888 0.999699654
3311.000000000 -0.478002785 0.135773822 -0.174904811 0.001439096 0.024048807 -0.004173288 0.999701039
3312.000000000 -0.478047919 0.135820837 -0.174904443 0.001461075 0.024053060 -0.004220680 0.999700706
3313.000000000 -0.477872816 0.135780094 -0.174952003 0.001441775 0.024032071 -0.004212868 0.999701272
3314.000000000 -0.478194257 0.135845198 -0.174899535 0.001468416 0.024087466 -0.004222656 0.999699858
3315.000000000 -0.478487776 0.135621906 -0.175056957 0.001413915 0.024147426 -0.004210014 0.999698544
3316.000000000 -0.478215656 0.135702835 -0.174918352 0.001427326 0.024088298 -0.004224156 0.999699892
3317.000000000 -0.478229473 0.135819995 -0.174902428 0.001454577 0.024087523 -0.004203857 0.999699957
3318.000000000 -0.478155295 0.135727286 -0.175035596 0.001431790 0.024074292 -0.004184468 0.999700389
3319.000000000 -0.477658759 0.135737931 -0.174383773 0.001414420 0.023980135 -0.004197624 0.999702622
3320.000000000 -0.477642470 0.135623925 -0.174443929 0.001391381 0.023973055 -0.004239230 0.999702649
3321.000000000 -0.477931507 0.135666199 -0.174482020 0.001395850 0.024038166 -0.004180318 0.999701327
3322.000000000 -0.477655605 0.135582812 -0.174451963 0.001384539 0.023980885 -0.004184104 0.999702703
3323.000000000 -0.477880681 0.135669893 -0.174526353 0.001403787 0.024019655 -0.004191652 0.999701713
3324.000000000 -0.477784581 0.135770478 -0.174479601 0.001426535 0.023996629 -0.004191013 0.999702237
3325.000000000 -0.478051391 0.135738544 -0.174561985 0.001418583 0.024057623 -0.004239937 0.999700576
3326.000000000 -0.477879102 0.135765672 -0.174534170 0.001439763 0.024015194 -0.004233170 0.999701594
3327.000000000 -0.477938089 0.135885875 -0.174565379 0.001459257 0.024034184 -0.004197616 0.999701260
3328.000000000 -0.478053851 0.135673846 -0.174469497 0.001405668 0.024067583 -0.004207697 0.999700491
3329.000000000 -0.478069110 0.135871822 -0.174471004 0.001458826 0.024066868 -0.004201276 0.999700459
3330.000000000 -0.477945534 0.135598221 -0.174441759 0.001380566 0.024044113 -0.004214576 0.999701061
3331.000000000 -0.477943518 0.135793203 -0.174463079 0.001421503 0.024049482 -0.004225215 0.999700830
3332.000000000 -0.478053444 0.135799012 -0.174523490 0.001420360 0.024073635 -0.004210930 0.999700310
3333.000000000 -0.478038069 0.135840877 -0.174558203 0.001421620 0.024080934 -0.004212277 0.999700127
3334.000000000 -0.478068463 0.136047090 -0.174661439 0.001480904 0.024078094 -0.004227495 0.999700045
3335.000000000 -0.477958647 0.135818463 -0.174579854 0.001413658 0.024055431 -0.004189945 0.999700846
3336.000000000 -0.477807247 0.135792438 -0.174505872 0.001414334 0.024038083 -0.004204820 0.999701200
3337.000000000 -0.477906934 0.135705558 -0.174536937 0.001385135 0.024059526 -0.004205487 0.999700722
3338.000000000 -0.477845992 0.135690334 -0.174491426 0.001387748 0.024040713 -0.004196539 0.999701209
3339.000000000 -0.477967703 0.135851177 -0.174532728 0.001427883 0.024067183 -0.004184891 0.999700564
3340.000000000 -0.477760608 0.135823357 -0.174465326 0.001419216 0.024024276 -0.004199987 0.999701546
3341.000000000 -0.477940564 0.135477246 -0.174517719 0.001333175 0.024058278 -0.004247346 0.999700646
3342.000000000 -0.478111861 0.135604702 -0.174645784 0.001363396 0.024095557 -0.004217880 0.999699832
3343.000000000 -0.478250697 0.135785551 -0.174748433 0.001413428 0.024117572 -0.004215277 0.999699243
3344.000000000 -0.478130504 0.135745082 -0.174639221 0.001389574 0.024099319 -0.004199465 0.999699783
3345.000000000 -0.478463067 0.135573706 -0.174717822 0.001341392 0.024169986 -0.004184241 0.999698207
3346.000000000 -0.478464209 0.135593191 -0.174699976 0.001348449 0.024162388 -0.004213012 0.999698260
3347.000000000 -0.478222536 0.135755783 -0.174487332 0.001401927 0.024101746 -0.004221750 0.999699614
3348.000000000 -0.478214909 0.135707629 -0.174508494 0.001385042 0.024103302 -0.004195225 0.999699711
3349.000000000 -0.478285874 0.135587113 -0.174551883 0.001346501 0.024123191 -0.004195112 0.999699285
3350.000000000 -0.477891665 0.135731342 -0.174459697 0.001391188 0.024044049 -0.004218974 0.999701030
3351.000000000 -0.478009159 0.135581167 -0.174547924 0.001340739 0.024067489 -0.004201347 0.999700609
3352.000000000 -0.478014635 0.135617036 -0.174503422 0.001356367 0.024068130 -0.004231726 0.999700444
3353.000000000 -0.478290366 0.135560851 -0.174649827 0.001341022 0.024127555 -0.004195081 0.999699187
3354.000000000 -0.478110685 0.135855635 -0.174602559 0.001420466 0.024086535 -0.004214597 0.999699984
3355.000000000 -0.478120700 0.135720484 -0.174534952 0.001377346 0.024098225 -0.004238558 0.999699661
3356.000000000 -0.477881485 0.135782577 -0.174496191 0.001397535 0.024042194 -0.004177534 0.999701239
3357.000000000 -0.478432765 0.135888003 -0.174655913 0.001417220 0.024161299 -0.004201884 0.999698238
3358.000000000 -0.478426622 0.135964970 -0.174668898 0.001436617 0.024155872 -0.004191954 0.999698383
3359.000000000 -0.478389248 0.136000807 -0.174661659 0.001459673 0.024148048 -0.004200872 0.999698501
3360.000000000 -0.478565050 0.135994426 -0.174727381 0.001448898 0.024191108 -0.004198691 0.999697485
3361.000000000 -0.478576049 0.135916486 -0.174718122 0.001433990 0.024187423 -0.004174736 0.999697696
3362.000000000 -0.478648272 0.135956899 -0.174784832 0.001449883 0.024208540 -0.004187963 0.999697107
3363.000000000 -0.478503609 0.135978539 -0.174660447 0.001448150 0.024173401 -0.004165202 0.999698055
3364.000000000 -0.478471327 0.136070807 -0.174687429 0.001473126 0.024164201 -0.004166835 0.999698234
3365.000000000 -0.478436621 0.135934440 -0.174683928 0.001434701 0.024158655 -0.004164666 0.999698433
3366.000000000 -0.478354723 0.135804403 -0.174521334 0.001404435 0.024140736 -0.004199417 0.999698763
3367.000000000 -0.478402261 0.135997145 -0.174516347 0.001449451 0.024157384 -0.004198807 0.999698299
3368.000000000 -0.478271005 0.135807234 -0.174483091 0.001412219 0.024130551 -0.004212340 0.999698944
3369.000000000 -0.478201913 0.136064393 -0.174469811 0.001478776 0.024116120 -0.004222420 0.999699153
3370.000000000 -0.478260778 0.135853858 -0.174503471 0.001418820 0.024126730 -0.004230193 0.999698951
3371.000000000 -0.478236887 0.135611817 -0.174460580 0.001363709 0.024128122 -0.004222035 0.999699029
3372.000000000 -0.478128036 0.135682636 -0.174422981 0.001379253 0.024108281 -0.004200480 0.999699577
3373.000000000 -0.477994508 0.135553798 -0.174320413 0.001343776 0.024079522 -0.004219701 0.999700238
3374.000000000 -0.478010632 0.135885806 -0.174389259 0.001429206 0.024087623 -0.004219874 0.999699923
3375.000000000 -0.477733846 0.135666008 -0.174268962 0.001380965 0.023999753 -0.004143962 0.999702422
3376.000000000 -0.477752954 0.135851496 -0.174215099 0.001425121 0.024022473 -0.004201604 0.999701574
3377.000000000 -0.477856627 0.135756639 -0.174336785 0.001402210 0.024047813 -0.004176850 0.999701101
3378.000000000 -0.477852873 0.135723067 -0.174325963 0.001385108 0.024052468 -0.004189101 0.999700961
3379.000000000 -0.477759994 0.135906608 -0.174298715 0.001438853 0.024032099 -0.004193327 0.999701357
3380.000000000 -0.477978174 0.135593709 -0.174382891 0.001354998 0.024077370 -0.004183280 0.999700427
3381.000000000 -0.477991533 0.135662264 -0.174303286 0.001371367 0.024072566 -0.004199124 0.999700454
3382.000000000 -0.477866176 0.135671196 -0.174286547 0.001371861 0.024047055 -0.004203566 0.999701049
3383.000000000 -0.478148378 0.135705848 -0.174415941 0.001376601 0.024110785 -0.004204146 0.999699505
3384.000000000 -0.478049368 0.135895817 -0.174468901 0.001423181 0.024088074 -0.004177324 0.999700100
3385.000000000 -0.478031996 0.135888813 -0.174474040 0.001415959 0.024082255 -0.004190339 0.999700196
3386.000000000 -0.477804728 0.135725578 -0.174353757 0.001379388 0.024043462 -0.004167273 0.999701277
3387.000000000 -0.477980207 0.135611637 -0.174387208 0.001341826 0.024068279 -0.004106112 0.999700984
3388.000000000 -0.477674625 0.135641260 -0.174200367 0.001350924 0.024008339 -0.004131760 0.999702307
3389.000000000 -0.477792582 0.135573548 -0.174212679 0.001340926 0.024033772 -0.004136518 0.999701690
3390.000000000 -0.478042777 0.135335903 -0.174395544 0.001278101 0.024093895 -0.004140667 0.999700308
3391.000000000 -0.478137934 0.135397996 -0.174400209 0.001298200 0.024109803 -0.004109569 0.999700027
3392.000000000 -0.478150736 0.135563692 -0.174466877 0.001341077 0.024122519 -0.004119082 0.999699624
3393.000000000 -0.478122083 0.135699818 -0.174395836 0.001370305 0.024126254 -0.004193578 0.999699185
3394.000000000 -0.477947572 0.135295160 -0.174322406 0.001278116 0.024085233 -0.004153221 0.999700465
3395.000000000 -0.477827859 0.135348186 -0.174342476 0.001288688 0.024061703 -0.004162332 0.999700980
3396.000000000 -0.477858682 0.135229427 -0.174331650 0.001247577 0.024072488 -0.004162547 0.999700771
3397.000000000 -0.478021087 0.135324062 -0.174451462 0.001275074 0.024101299 -0.004168273 0.999700019
3398.000000000 -0.478020153 0.135258958 -0.174404064 0.001250741 0.024103484 -0.004175797 0.999699965
3399.000000000 -0.477948971 0.135288307 -0.174369331 0.001274046 0.024097307 -0.004217042 0.999699912
3400.000000000 -0.477950388 0.135434043 -0.174411239 0.001311935 0.024100526 -0.004234835 0.999699710
3401.000000000 -0.477967991 0.135463294 -0.174489756 0.001319410 0.024111416 -0.004218392 0.999699507
3402.000000000 -0.478046982 0.135266164 -0.174563182 0.001272312 0.024120714 -0.004223589 0.999699322
3403.000000000 -0.478069597 0.135333485 -0.174607016 0.001286863 0.024120130 -0.004221018 0.999699328
3404.000000000 -0.478050422 0.135334238 -0.174723546 0.001290279 0.024100363 -0.004191672 0.999699924
3405.000000000 -0.477954447 0.135412258 -0.174632272 0.001307723 0.024083058 -0.004240776 0.999700111
3406.000000000 -0.477938521 0.135334037 -0.174663498 0.001283752 0.024077762 -0.004187637 0.999700494
3407.000000000 -0.477892958 0.135360903 -0.174695389 0.001293420 0.024071878 -0.004223474 0.999700472
3408.000000000 -0.477971030 0.135447559 -0.174689117 0.001316186 0.024094750 -0.004206984 0.999699961
3409.000000000 -0.477984566 0.135275309 -0.174696800 0.001271739 0.024099512 -0.004203688 0.999699918
3410.000000000 -0.477573052 0.135149756 -0.174488082 0.001228690 0.024008978 -0.004191034 0.999702203
3411.000000000 -0.477848950 0.135364679 -0.174576028 0.001284922 0.024069880 -0.004154001 0.999700822
3412.000000000 -0.477890527 0.135223779 -0.174497108 0.001244273 0.024072866 -0.004171313 0.999700730
3413.000000000 -0.477967571 0.135433167 -0.174656292 0.001296470 0.024099336 -0.004184422 0.999699971
3414.000000000 -0.477841822 0.135264153 -0.174604980 0.001256573 0.024066127 -0.004168756 0.999700887
3415.000000000 -0.477937890 0.135248261 -0.174580340 0.001255538 0.024081941 -0.004136533 0.999700642
3416.000000000 -0.477974613 0.135290327 -0.174675410 0.001265460 0.024095206 -0.004177044 0.999700141
3417.000000000 -0.477846306 0.135285917 -0.174551442 0.001269373 0.024053749 -0.004203680 0.999701023
3418.000000000 -0.477815884 0.135212800 -0.174536237 0.001256160 0.024059214 -0.004195933 0.999700940
3419.000000000 -0.477827327 0.135122564 -0.174462773 0.001228991 0.024060821 -0.004158306 0.999701093
3420.000000000 -0.477719788 0.135142517 -0.174320958 0.001233929 0.024042187 -0.004182407 0.999701435
3421.000000000 -0.477474705 0.135116575 -0.174224826 0.001231147 0.023988307 -0.004184467 0.999702724
3422.000000000 -0.477766170 0.135219815 -0.174320254 0.001260881 0.024039308 -0.004199197 0.999701400
3423.000000000 -0.477585856 0.135350433 -0.174315433 0.001292119 0.023994659 -0.004184061 0.999702496
3424.000000000 -0.477767916 0.135471311 -0.174387608 0.001321841 0.024041984 -0.004185835 0.999701313
3425.000000000 -0.477464734 0.135471140 -0.174249512 0.001326627 0.023983956 -0.004227202 0.999702526
3426.000000000 -0.477492511 0.135449629 -0.174329123 0.001326521 0.023982439 -0.004215740 0.999702611
3427.000000000 -0.477352160 0.135598155 -0.174308408 0.001362365 0.023959373 -0.004202969 0.999703170
3428.000000000 -0.477398424 0.135369442 -0.174272287 0.001301045 0.023973906 -0.004177316 0.999703010
3429.000000000 -0.477237579 0.135449286 -0.174224613 0.001324664 0.023946619 -0.004162514 0.999703695
3430.000000000 -0.477381994 0.135382278 -0.174271927 0.001297223 0.023971600 -0.004206143 0.999702950
3431.000000000 -0.477069201 0.135423315 -0.174186600 0.001312286 0.023895939 -0.004196496 0.999704782
3432.000000000 -0.477240805 0.135500536 -0.174201368 0.001330154 0.023934827 -0.004191012 0.999703851
3433.000000000 -0.477326573 0.135408462 -0.174253214 0.001305234 0.023958299 -0.004157253 0.999703463
3434.000000000 -0.477457734 0.135495112 -0.174348673 0.001323054 0.023987342 -0.004173060 0.999702677
3435.000000000 -0.477620315 0.135413145 -0.174418394 0.001304525 0.024019122 -0.004179442 0.999701912
3436.000000000 -0.477636490 0.135450612 -0.174432667 0.001305969 0.024032315 -0.004191147 0.999701544
3437.000000000 -0.477567077 0.135301307 -0.174366114 0.001268152 0.024021026 -0.004164457 0.999701975
3438.000000000 -0.477657813 0.135351602 -0.174371065 0.001276805 0.024038467 -0.004188204 0.999701446
3439.000000000 -0.477700893 0.135385060 -0.174490011 0.001292877 0.024038729 -0.004176368 0.999701468
3440.000000000 -0.477448446 0.135267427 -0.174383467 0.001259626 0.023982939 -0.004148257 0.999702968
3441.000000000 -0.477882677 0.135291367 -0.174601820 0.001265899 0.024069317 -0.004136755 0.999700932
3442.000000000 -0.477229795 0.135263574 -0.174339857 0.001264613 0.023931657 -0.004153960 0.999704167
3443.000000000 -0.477724102 0.135431960 -0.174539411 0.001299825 0.024038686 -0.004170204 0.999701486
3444.000000000 -0.477736114 0.135430460 -0.174530591 0.001301084 0.024041227 -0.004197515 0.999701309
3445.000000000 -0.477803548 0.135391508 -0.174604429 0.001294822 0.024058049 -0.004179627 0.999700988
3446.000000000 -0.477552633 0.135589955 -0.174449841 0.001341721 0.024004868 -0.004157659 0.999702296
3447.000000000 -0.477761558 0.135447404 -0.174576518 0.001303118 0.024048219 -0.004157762 0.999701304
3448.000000000 -0.477786094 0.135334361 -0.174651486 0.001269117 0.024060692 -0.004146944 0.999701093
3449.000000000 -0.477682722 0.135395954 -0.174482015 0.001288141 0.024030137 -0.004185868 0.999701641
3450.000000000 -0.477741020 0.135244616 -0.174452094 0.001249618 0.024042368 -0.004178148 0.999701428
3451.000000000 -0.477659760 0.135382902 -0.174436982 0.001293378 0.024019682 -0.004161626 0.999701987
3452.000000000 -0.477734006 0.135335707 -0.174448601 0.001275143 0.024035592 -0.004160148 0.999701634
3453.000000000 -0.477752396 0.135337548 -0.174381542 0.001271797 0.024048824 -0.004155276 0.999701341
3454.000000000 -0.477807888 0.135305910 -0.174370326 0.001260841 0.024060628 -0.004181057 0.999700963
3455.000000000 -0.477796015 0.135322714 -0.174419055 0.001265012 0.024051330 -0.004177090 0.999701198
3456.000000000 -0.477831695 0.135361517 -0.174348585 0.001273983 0.024061016 -0.004185488 0.999700918
3457.000000000 -0.477438926 0.135558267 -0.174183745 0.001328649 0.023971786 -0.004198866 0.999702935
3458.000000000 -0.477521547 0.135543246 -0.174237378 0.001329312 0.023982703 -0.004127319 0.999702970
3459.000000000 -0.477185266 0.135480004 -0.174122255 0.001303170 0.023915089 -0.004141888 0.999704564
3460.000000000 -0.477427205 0.135584199 -0.174257850 0.001337036 0.023966998 -0.004142351 0.999703274
3461.000000000 -0.477411581 0.135578458 -0.174130541 0.001349333 0.023955061 -0.004179690 0.999703388
3462.000000000 -0.477449166 0.135373515 -0.174245609 0.001299065 0.023978289 -0.004158528 0.999702986
3463.000000000 -0.477653585 0.135331574 -0.174236534 0.001282568 0.024019460 -0.004139294 0.999702099
3464.000000000 -0.477703083 0.135395305 -0.174367293 0.001298004 0.024029366 -0.004129325 0.999701882
3465.000000000 -0.477892606 0.135341844 -0.174409759 0.001283391 0.024071136 -0.004139372 0.999700855
3466.000000000 -0.477797656 0.135342990 -0.174388921 0.001292657 0.024047498 -0.004170606 0.999701282
3467.000000000 -0.477951719 0.135623290 -0.174442901 0.001364198 0.024089467 -0.004182099 0.999700128
3468.000000000 -0.477451737 0.135753974 -0.174179187 0.001397627 0.023972586 -0.004183529 0.999702886
3469.000000000 -0.477581946 0.135745392 -0.174284921 0.001389241 0.024009100 -0.004181210 0.999702031
3470.000000000 -0.477647340 0.135563722 -0.174248197 0.001340294 0.024021430 -0.004160308 0.999701889
3471.000000000 -0.477761485 0.135382761 -0.174371826 0.001285172 0.024049181 -0.004146782 0.999701350
3472.000000000 -0.478106248 0.135191178 -0.174370177 0.001233403 0.024121524 -0.004130015 0.999699742
3473.000000000 -0.477625810 0.135612581 -0.174225988 0.001342996 0.024014188 -0.004153562 0.999702087
3474.000000000 -0.477462389 0.135449872 -0.174199576 0.001310281 0.023980325 -0.004158572 0.999702923
3475.000000000 -0.477490949 0.135437182 -0.174269869 0.001304048 0.023988337 -0.004148148 0.999702782
3476.000000000 -0.477560422 0.135600665 -0.174152643 0.001345985 0.024003708 -0.004164797 0.999702288
3477.000000000 -0.477457806 0.135329077 -0.174192845 0.001276912 0.023981645 -0.004190571 0.999702800
3478.000000000 -0.477283015 0.135353444 -0.174108734 0.001286632 0.023937055 -0.004169263 0.999703946
3479.000000000 -0.477543672 0.135415562 -0.174198597 0.001305093 0.023997247 -0.004185233 0.999702412
3480.000000000 -0.477589759 0.135242600 -0.174195045 0.001264356 0.024011713 -0.004157942 0.999702231
3481.000000000 -0.477600939 0.135346252 -0.174255865 0.001299285 0.024013214 -0.004186159 0.999702032
3482.000000000 -0.477354090 0.135161236 -0.174168881 0.001247274 0.023964095 -0.004173584 0.999703330
3483.000000000 -0.477570766 0.135041953 -0.174227764 0.001215503 0.024001300 -0.004153144 0.999702562
3484.000000000 -0.477582546 0.135226380 -0.174223090 0.001266961 0.024002308 -0.004147408 0.999702497
3485.000000000 -0.477579930 0.135423842 -0.174263148 0.001308206 0.024003510 -0.004175791 0.999702297
3486.000000000 -0.477535284 0.135293969 -0.174119885 0.001281602 0.023991687 -0.004182930 0.999702586
3487.000000000 -0.477539675 0.135450362 -0.174169997 0.001315818 0.023984884 -0.004172450 0.999702748
3488.000000000 -0.477600369 0.135525945 -0.174166647 0.001334769 0.024006454 -0.004198327 0.999702097
3489.000000000 -0.477607365 0.135106674 -0.174160906 0.001224565 0.024005457 -0.004190307 0.999702296
3490.000000000 -0.477366633 0.135390030 -0.174034758 0.001298410 0.023943216 -0.004165090 0.999703800
3491.000000000 -0.477435892 0.135464168 -0.173991026 0.001314717 0.023958398 -0.004151305 0.999703473
3492.000000000 -0.477507564 0.135425134 -0.174072263 0.001307626 0.023982116 -0.004158183 0.999702885
3493.000000000 -0.477532755 0.135443423 -0.174066967 0.001312829 0.023975078 -0.004175761 0.999702973
3494.000000000 -0.477331683 0.135401995 -0.174076505 0.001300707 0.023940756 -0.004156798 0.999703891
3495.000000000 -0.477141727 0.135455971 -0.173970237 0.001320001 0.023905323 -0.004153611 0.999704727
3496.000000000 -0.477187702 0.135169827 -0.173900313 0.001245800 0.023913739 -0.004167244 0.999704564
3497.000000000 -0.477179064 0.135283031 -0.173979883 0.001278987 0.023909185 -0.004141886 0.999704736
3498.000000000 -0.476338300 0.135598869 -0.173701385 0.001354016 0.023729016 -0.004159281 0.999708858
3499.000000000 -0.476635249 0.135608071 -0.173844500 0.001361265 0.023794335 -0.004155781 0.999707310
3500.000000000 -0.476583981 0.135473001 -0.173777784 0.001323889 0.023784476 -0.004128238 0.999707709
3501.000000000 -0.476625777 0.135555806 -0.173821089 0.001347236 0.023802162 -0.004151318 0.999707161
3502.000000000 -0.476639849 0.135527658 -0.173795396 0.001334065 0.023796749 -0.004126681 0.999707410
3503.000000000 -0.476325422 0.135548498 -0.173629113 0.001351957 0.023737196 -0.004155115 0.999708684
3504.000000000 -0.476473317 0.135510399 -0.173673037 0.001331046 0.023771368 -0.004140801 0.999707959
3505.000000000 -0.476571870 0.135493573 -0.173713706 0.001333977 0.023788342 -0.004138885 0.999707560
3506.000000000 -0.476563693 0.135336461 -0.173668573 0.001282721 0.023784882 -0.004115660 0.999707805
3507.000000000 -0.476660164 0.135229046 -0.173761558 0.001259371 0.023819850 -0.004131805 0.999706936
3508.000000000 -0.476379989 0.135121194 -0.173704043 0.001239031 0.023757630 -0.004130784 0.999708446
3509.000000000 -0.476507321 0.135389788 -0.173843471 0.001305876 0.023782862 -0.004159509 0.999707642
3510.000000000 -0.476539854 0.135635204 -0.173793961 0.001365613 0.023790481 -0.004168254 0.999707344
3511.000000000 -0.476627496 0.135628324 -0.173755688 0.001368526 0.023799842 -0.004186877 0.999707039
3512.000000000 -0.476535229 0.135660882 -0.173784241 0.001377737 0.023776748 -0.004184674 0.999707586
3513.000000000 -0.477010358 0.135509495 -0.173881451 0.001335329 0.023891620 -0.004155053 0.999705028
3514.000000000 -0.476838228 0.135553548 -0.173828716 0.001358742 0.023843283 -0.004173059 0.999706075
3515.000000000 -0.476956420 0.135610705 -0.173861685 0.001362735 0.023873071 -0.004162804 0.999705402
3516.000000000 -0.476900576 0.135445128 -0.173914112 0.001323049 0.023858786 -0.004142903 0.999705879
3517.000000000 -0.476820893 0.135494201 -0.173923092 0.001334481 0.023848947 -0.004178477 0.999705950
3518.000000000 -0.477082708 0.135457547 -0.174146382 0.001323929 0.023908305 -0.004167730 0.999704591
3519.000000000 -0.477007995 0.135430269 -0.174022719 0.001315519 0.023885940 -0.004159454 0.999705172
3520.000000000 -0.477032048 0.135375483 -0.174023217 0.001295846 0.023885537 -0.004127199 0.999705341
3521.000000000 -0.476795556 0.135238180 -0.173930593 0.001260546 0.023842770 -0.004136197 0.999706369
3522.000000000 -0.476780891 0.135229817 -0.173766057 0.001266607 0.023833677 -0.004158760 0.999706485
3523.000000000 -0.476967433 0.135564648 -0.173920171 0.001350576 0.023870965 -0.004155976 0.999705497
3524.000000000 -0.477110834 0.135454140 -0.174003606 0.001310468 0.023909683 -0.004148358 0.999704657
3525.000000000 -0.476829716 0.135523568 -0.173889882 0.001337020 0.023845923 -0.004124011 0.999706245
3526.000000000 -0.476982412 0.135546065 -0.174092766 0.001335361 0.023874773 -0.004110193 0.999705616
3527.000000000 -0.477001884 0.135463217 -0.173985755 0.001317450 0.023882961 -0.004111064 0.999705440
3528.000000000 -0.477102447 0.135475576 -0.174020610 0.001313966 0.023910505 -0.004082612 0.999704903
3529.000000000 -0.476965954 0.135317405 -0.174047400 0.001275329 0.023883896 -0.004094281 0.999705542
3530.000000000 -0.477157898 0.135321332 -0.174148318 0.001270317 0.023924583 -0.004105271 0.999704530
3531.000000000 -0.477061164 0.135398082 -0.174167303 0.001301853 0.023901723 -0.004135078 0.999704913
3532.000000000 -0.476762100 0.135005338 -0.174078140 0.001193506 0.023831454 -0.004076336 0.999706967
3533.000000000 -0.477240058 0.135380450 -0.174264445 0.001280287 0.023945879 -0.004070799 0.999704148
3534.000000000 -0.477227150 0.135395083 -0.174432690 0.001290341 0.023949495 -0.004086201 0.999703986
3535.000000000 -0.477119794 0.135192711 -0.174341761 0.001237608 0.023928508 -0.004095171 0.999704519
3536.000000000 -0.477129800 0.135264367 -0.174290819 0.001253178 0.023926657 -0.004100977 0.999704520
3537.000000000 -0.477051756 0.135326743 -0.174273214 0.001280775 0.023906929 -0.004129602 0.999704839
3538.000000000 -0.477067026 0.135119624 -0.174251362 0.001217344 0.023909695 -0.004096820 0.999704987
3539.000000000 -0.476871149 0.135273704 -0.174182133 0.001264243 0.023871331 -0.004132499 0.999705699
3540.000000000 -0.476881670 0.135011399 -0.174209317 0.001195852 0.023873066 -0.004089814 0.999705917
3541.000000000 -0.476917893 0.135113161 -0.174192798 0.001226426 0.023884459 -0.004126051 0.999705459
3542.000000000 -0.476989728 0.135097949 -0.174248561 0.001232057 0.023887585 -0.004111829 0.999705436
3543.000000000 -0.477513315 0.134803389 -0.174427394 0.001155986 0.024003017 -0.004123620 0.999702713
3544.000000000 -0.477227729 0.135062535 -0.174332181 0.001217886 0.023941753 -0.004109081 0.999704169
3545.000000000 -0.477358125 0.134944918 -0.174357236 0.001185548 0.023978271 -0.004117846 0.999703296
3546.000000000 -0.477319940 0.134830631 -0.174305364 0.001175653 0.023957104 -0.004084666 0.999703951
3547.000000000 -0.477113215 0.134869586 -0.174230938 0.001165236 0.023913873 -0.004084707 0.999704999
3548.000000000 -0.477125166 0.135056777 -0.174117623 0.001212031 0.023911635 -0.004099644 0.999704935
3549.000000000 -0.477279994 0.135072514 -0.174229042 0.001213682 0.023935574 -0.004079239 0.999704444
3550.000000000 -0.477217173 0.134894135 -0.174301384 0.001167811 0.023928376 -0.004084323 0.999704650
3551.000000000 -0.477396498 0.135142860 -0.174347266 0.001232369 0.023970814 -0.004072186 0.999703605
3552.000000000 -0.477151634 0.135318222 -0.174279084 0.001278851 0.023916601 -0.004049843 0.999704936
3553.000000000 -0.477323515 0.135524160 -0.174305004 0.001330107 0.023956396 -0.004087243 0.999703764
3554.000000000 -0.477325573 0.135345796 -0.174402231 0.001283612 0.023954383 -0.004059031 0.999703988
3555.000000000 -0.477363682 0.135381388 -0.174417138 0.001301081 0.023963140 -0.004075136 0.999703690
3556.000000000 -0.477329792 0.135481914 -0.174356313 0.001318009 0.023952287 -0.004099726 0.999703828
3557.000000000 -0.477198953 0.135365893 -0.174312125 0.001286114 0.023927203 -0.004099551 0.999704471
3558.000000000 -0.477136226 0.135495476 -0.174367506 0.001321842 0.023920284 -0.004099550 0.999704590
3559.000000000 -0.477124100 0.135497874 -0.174298592 0.001316332 0.023916873 -0.004134750 0.999704534
3560.000000000 -0.477200256 0.135516707 -0.174341774 0.001320613 0.023941741 -0.004092892 0.999704105
3561.000000000 -0.477004433 0.135432102 -0.174268376 0.001307673 0.023893719 -0.004085085 0.999705303
3562.000000000 -0.476994835 0.135410734 -0.174229717 0.001294804 0.023889687 -0.004074660 0.999705458
3563.000000000 -0.476724628 0.135538823 -0.174123921 0.001323768 0.023839157 -0.004098822 0.999706528
3564.000000000 -0.476757124 0.135578324 -0.174153831 0.001333864 0.023841601 -0.004054640 0.999706636
3565.000000000 -0.476783427 0.135616035 -0.174056138 0.001326698 0.023855195 -0.004023055 0.999706449
3566.000000000 -0.476643284 0.135676425 -0.174076363 0.001343179 0.023820859 -0.004021455 0.999707252
3567.000000000 -0.476682374 0.135673831 -0.174120034 0.001343397 0.023833696 -0.004064506 0.999706772
3568.000000000 -0.476744743 0.135430626 -0.174195352 0.001273463 0.023841097 -0.004061746 0.999706698
3569.000000000 -0.477071975 0.135343237 -0.174249979 0.001254496 0.023911883 -0.004087957 0.999704925
3570.000000000 -0.477090067 0.135247641 -0.174218612 0.001235363 0.023918510 -0.004046987 0.999704957
3571.000000000 -0.477189988 0.135289013 -0.174272568 0.001233120 0.023933554 -0.004066424 0.999704521
3572.000000000 -0.476964450 0.135410609 -0.174246809 0.001271201 0.023890562 -0.004069732 0.999705488
3573.000000000 -0.476969221 0.135483081 -0.174240904 0.001287775 0.023884090 -0.004084587 0.999705561
3574.000000000 -0.476901187 0.135556188 -0.174262203 0.001314954 0.023873543 -0.004092352 0.999705745
3575.000000000 -0.477067111 0.135701635 -0.174292638 0.001348195 0.023911574 -0.004064911 0.999704904
3576.000000000 -0.476939222 0.135494054 -0.174226269 0.001292071 0.023885201 -0.004031228 0.999705745
3577.000000000 -0.476847117 0.135576100 -0.174143217 0.001323069 0.023859631 -0.004056815 0.999706212
3578.000000000 -0.477014425 0.135377805 -0.174179612 0.001272782 0.023900209 -0.004056003 0.999705311
3579.000000000 -0.476441849 0.135555623 -0.173970493 0.001309207 0.023783006 -0.004057291 0.999708054
3580.000000000 -0.476516096 0.135374939 -0.173997876 0.001258341 0.023790649 -0.004019519 0.999708090
3581.000000000 -0.476580940 0.135310528 -0.174023028 0.001236266 0.023816383 -0.004081494 0.999707254
3582.000000000 -0.476960026 0.135254139 -0.174174380 0.001229230 0.023894196 -0.004094554 0.999705352
3583.000000000 -0.477192451 0.135211879 -0.174311331 0.001227003 0.023938474 -0.004081541 0.999704349
3584.000000000 -0.476852672 0.135374223 -0.174114541 0.001253801 0.023859728 -0.004071080 0.999706241
3585.000000000 -0.477050935 0.135564563 -0.174223927 0.001310581 0.023905989 -0.004079374 0.999705029
3586.000000000 -0.476708937 0.135455015 -0.173998396 0.001287134 0.023832561 -0.004078287 0.999706817
3587.000000000 -0.476665259 0.135923644 -0.174098479 0.001391716 0.023824802 -0.004078001 0.999706863
3588.000000000 -0.476504632 0.135723963 -0.173987448 0.001337660 0.023794077 -0.004092468 0.999707609
3589.000000000 -0.476478830 0.135618272 -0.173992745 0.001311235 0.023792518 -0.004084843 0.999707713
3590.000000000 -0.476511842 0.135638315 -0.174046105 0.001318206 0.023800308 -0.004067502 0.999707589
3591.000000000 -0.476416373 0.135772869 -0.174042190 0.001354411 0.023769439 -0.004066108 0.999708280
3592.000000000 -0.476349440 0.135771360 -0.173982115 0.001349115 0.023762453 -0.004077076 0.999708409
3593.000000000 -0.476897672 0.135679799 -0.174225006 0.001333176 0.023877780 -0.004072870 0.999705700
3594.000000000 -0.476844736 0.135540667 -0.174267125 0.001293380 0.023869471 -0.004076942 0.999705934
3595.000000000 -0.476732464 0.135758807 -0.174300952 0.001351596 0.023845371 -0.004097160 0.999706349
3596.000000000 -0.476822451 0.135812263 -0.174371137 0.001359705 0.023872402 -0.004102026 0.999705673
3597.000000000 -0.476840634 0.135828023 -0.174333181 0.001356632 0.023875288 -0.004091437 0.999705652
3598.000000000 -0.476992051 0.135707864 -0.174406851 0.001335429 0.023907965 -0.004087987 0.999704914
3599.000000000 -0.476608942 0.135855784 -0.174232616 0.001376984 0.023829753 -0.004087331 0.999706727
3600.000000000 -0.476688397 0.135924440 -0.174301329 0.001391624 0.023845315 -0.004068715 0.999706412
3601.000000000 -0.476249595 0.135948033 -0.174152942 0.001395693 0.023751699 -0.004060140 0.999708670
3602.000000000 -0.476317135 0.135936159 -0.174257211 0.001404794 0.023762624 -0.004071639 0.999708350
3603.000000000 -0.476224018 0.135802080 -0.174235071 0.001374406 0.023735033 -0.004040062 0.999709176
3604.000000000 -0.476342623 0.135453885 -0.174207303 0.001284025 0.023757190 -0.004039935 0.999708771
3605.000000000 -0.476438827 0.135559720 -0.174190825 0.001310872 0.023777269 -0.004027923 0.999708307
3606.000000000 -0.476551999 0.135558546 -0.174070527 0.001308597 0.023799013 -0.004059380 0.999707665
3607.000000000 -0.476462508 0.135445830 -0.174049753 0.001264479 0.023785017 -0.004019694 0.999708215
3608.000000000 -0.476616266 0.135291611 -0.174151416 0.001238304 0.023811687 -0.003991038 0.999707728
3609.000000000 -0.476747021 0.135368882 -0.174243344 0.001262062 0.023843312 -0.004012507 0.999706859
3610.000000000 -0.476664766 0.135368862 -0.174228000 0.001255688 0.023821986 -0.003998338 0.999707432
3611.000000000 -0.476835396 0.135325040 -0.174317526 0.001246872 0.023862008 -0.004032380 0.999706352
3612.000000000 -0.476527485 0.135627940 -0.174142315 0.001313631 0.023793613 -0.004024152 0.999707930
3613.000000000 -0.476655842 0.135520692 -0.174288461 0.001279483 0.023829788 -0.004022400 0.999707119
3614.000000000 -0.476479607 0.135490565 -0.174120838 0.001280929 0.023793947 -0.004054306 0.999707842
3615.000000000 -0.476421573 0.135720169 -0.174112368 0.001338174 0.023774409 -0.004066622 0.999708182
3616.000000000 -0.476370160 0.135539744 -0.174127679 0.001289111 0.023763458 -0.004060364 0.999708532
3617.000000000 -0.476328630 0.135685426 -0.174102392 0.001326969 0.023755546 -0.004050930 0.999708709
3618.000000000 -0.476454139 0.135556733 -0.174258269 0.001301134 0.023780002 -0.004066464 0.999708099
3619.000000000 -0.476175793 0.135442274 -0.174183144 0.001277325 0.023725357 -0.004066547 0.999709427
3620.000000000 -0.476088696 0.135414278 -0.174098649 0.001284448 0.023710226 -0.004066538 0.999709777
3621.000000000 -0.476407986 0.135462991 -0.174211099 0.001283279 0.023772361 -0.004025815 0.999708468
3622.000000000 -0.476337794 0.135447678 -0.174143963 0.001281183 0.023758585 -0.004052384 0.999708691
3623.000000000 -0.476385207 0.135556136 -0.174180340 0.001312046 0.023773803 -0.004040015 0.999708339
3624.000000000 -0.476266132 0.135587526 -0.174212436 0.001321731 0.023744612 -0.004047171 0.999708991
3625.000000000 -0.476069744 0.135808578 -0.174135205 0.001377566 0.023703649 -0.004094149 0.999709697
3626.000000000 -0.476136358 0.135614487 -0.174130751 0.001336254 0.023716912 -0.004064385 0.999709559
3627.000000000 -0.476194843 0.135598000 -0.174194686 0.001337254 0.023738188 -0.004079738 0.999708991
3628.000000000 -0.476266209 0.135784017 -0.174155773 0.001384578 0.023753010 -0.004094783 0.999708513
3629.000000000 -0.476380841 0.135570538 -0.174200769 0.001333045 0.023769562 -0.004120426 0.999708084
3630.000000000 -0.476034997 0.135535158 -0.174157907 0.001328269 0.023699745 -0.004120088 0.999709749
3631.000000000 -0.476178285 0.135509056 -0.174190507 0.001328371 0.023732416 -0.004091851 0.999709090
3632.000000000 -0.476254065 0.135677378 -0.174067219 0.001362387 0.023751872 -0.004132719 0.999708414
3633.000000000 -0.476350286 0.135767794 -0.174150778 0.001374203 0.023768012 -0.004140920 0.999707980
3634.000000000 -0.476236786 0.135711261 -0.174126218 0.001363406 0.023739409 -0.004132016 0.999708712
3635.000000000 -0.476259307 0.135705619 -0.174158258 0.001372242 0.023729470 -0.004139048 0.999708906
3636.000000000 -0.476327526 0.135749069 -0.174011874 0.001391161 0.023751713 -0.004133851 0.999708374
3637.000000000 -0.476301570 0.135737079 -0.173990524 0.001383124 0.023746503 -0.004134174 0.999708507
3638.000000000 -0.476386762 0.135658744 -0.173959144 0.001361467 0.023772863 -0.004143781 0.999707871
3639.000000000 -0.476362218 0.135752843 -0.173987172 0.001383175 0.023753970 -0.004094707 0.999708492
3640.000000000 -0.476150210 0.135783785 -0.173942838 0.001397252 0.023712625 -0.004142179 0.999709258
3641.000000000 -0.476394096 0.135821513 -0.173946497 0.001403606 0.023764631 -0.004144513 0.999708005
3642.000000000 -0.476900649 0.135391805 -0.174041797 0.001291268 0.023869474 -0.004126478 0.999705733
3643.000000000 -0.476890453 0.135436945 -0.174006704 0.001295595 0.023867305 -0.004133705 0.999705750
3644.000000000 -0.476951819 0.135393397 -0.174052634 0.001289981 0.023877007 -0.004154193 0.999705440
3645.000000000 -0.476970066 0.135484852 -0.174124058 0.001312522 0.023882002 -0.004144344 0.999705332
3646.000000000 -0.476936768 0.135561295 -0.174213215 0.001332238 0.023864442 -0.004160435 0.999705659
3647.000000000 -0.476795077 0.135359584 -0.174087007 0.001274288 0.023842405 -0.004164611 0.999706243
3648.000000000 -0.476925728 0.135512575 -0.174171046 0.001309167 0.023871660 -0.004099823 0.999705767
3649.000000000 -0.476718827 0.135741723 -0.174051604 0.001368594 0.023827365 -0.004128903 0.999706625
3650.000000000 -0.476893824 0.135662633 -0.174109411 0.001343623 0.023858077 -0.004113376 0.999705990
3651.000000000 -0.476901323 0.135595881 -0.174037344 0.001332602 0.023868603 -0.004133572 0.999705670
3652.000000000 -0.476566702 0.135487275 -0.174022131 0.001307870 0.023800704 -0.004141779 0.999707288
3653.000000000 -0.476403209 0.135423149 -0.173935425 0.001288700 0.023744772 -0.004075957 0.999708913
3654.000000000 -0.476600314 0.135534604 -0.173904975 0.001312343 0.023796311 -0.004098103 0.999707567
3655.000000000 -0.476649908 0.135685547 -0.173952172 0.001339481 0.023810382 -0.004108412 0.999707153
3656.000000000 -0.476645616 0.135641826 -0.173924264 0.001344669 0.023802209 -0.004118130 0.999707301
3657.000000000 -0.476688033 0.135624290 -0.174036772 0.001328104 0.023818641 -0.004109196 0.999706969
3658.000000000 -0.477190125 0.135342015 -0.174125491 0.001249891 0.023916924 -0.004077001 0.999704855
3659.000000000 -0.477206812 0.135425465 -0.174136463 0.001267732 0.023917405 -0.004059708 0.999704891
3660.000000000 -0.477006792 0.135011098 -0.174168253 0.001179103 0.023883159 -0.004031396 0.999705933
3661.000000000 -0.477126232 0.135047412 -0.174203142 0.001187137 0.023908134 -0.004090169 0.999705088
3662.000000000 -0.477207960 0.135156802 -0.174287337 0.001217450 0.023924711 -0.004054424 0.999704800
3663.000000000 -0.476937736 0.135291245 -0.174121405 0.001254596 0.023868213 -0.004101325 0.999705914
3664.000000000 -0.477021447 0.135258546 -0.174162820 0.001247480 0.023885803 -0.004099353 0.999705510
3665.000000000 -0.476878278 0.135409663 -0.174157002 0.001275997 0.023861990 -0.004111524 0.999705993
3666.000000000 -0.477026595 0.135070192 -0.174136835 0.001204559 0.023893525 -0.004099287 0.999705379
3667.000000000 -0.477261723 0.135224283 -0.174222428 0.001228749 0.023946572 -0.004103715 0.999704062
3668.000000000 -0.477175862 0.135238923 -0.174227556 0.001241187 0.023934250 -0.004117327 0.999704286
3669.000000000 -0.477233825 0.135278563 -0.174269408 0.001244611 0.023949421 -0.004122775 0.999703896
3670.000000000 -0.477335792 0.134888045 -0.174258154 0.001148612 0.023975296 -0.004135849 0.999703336
3671.000000000 -0.478671066 0.135675934 -0.173869992 0.001917225 0.024098972 -0.004533866 0.999697458
3672.000000000 -0.478871511 0.135473258 -0.173928347 0.001804856 0.024174422 -0.004304848 0.999696858
3673.000000000 -0.478558927 0.135570184 -0.173097368 0.001895679 0.024095672 -0.004448029 0.999697964
3674.000000000 -0.478524065 0.135536646 -0.173050651 0.001910578 0.024075373 -0.004388020 0.999698690
3675.000000000 -0.479090619 0.136037784 -0.174041474 0.002010964 0.024160528 -0.004424759 0.999696277
3676.000000000 -0.479025232 0.136188293 -0.174061695 0.002079346 0.024144906 -0.004563156 0.999695892
3677.000000000 -0.479059848 0.136161184 -0.174127966 0.002060353 0.024147537 -0.004556827 0.999695897
3678.000000000 -0.478853071 0.136142345 -0.173910513 0.002063283 0.024118121 -0.004510563 0.999696811
3679.000000000 -0.478725146 0.136094929 -0.173740111 0.002057266 0.024093686 -0.004511973 0.999697406
3680.000000000 -0.479438915 0.135963532 -0.173928538 0.002019767 0.024262044 -0.004525232 0.999693351
3681.000000000 -0.480259163 0.135911015 -0.174043765 0.001997165 0.024420080 -0.004508601 0.999689624
3682.000000000 -0.480297372 0.135954028 -0.174004306 0.002015945 0.024430025 -0.004518501 0.999689298
3683.000000000 -0.480362930 0.136235223 -0.174130724 0.002079415 0.024441636 -0.004522937 0.999688864
3684.000000000 -0.480319912 0.136061754 -0.174049050 0.002049307 0.024435334 -0.004498027 0.999689193
3685.000000000 -0.480240258 0.135924226 -0.174080775 0.002024186 0.024416010 -0.004468049 0.999689851
3686.000000000 -0.480218576 0.135998672 -0.173843164 0.002038006 0.024402712 -0.004463774 0.999690166
3687.000000000 -0.480575983 0.137171353 -0.174128882 0.002302228 0.024467093 -0.004542453 0.999687665
3688.000000000 -0.480622497 0.137349613 -0.174133176 0.002347260 0.024477944 -0.004499881 0.999687487
3689.000000000 -0.480592434 0.137229126 -0.174153984 0.002326055 0.024478327 -0.004472673 0.999687649
3690.000000000 -0.480485542 0.137185528 -0.174153320 0.002311393 0.024456315 -0.004467273 0.999688246
3691.000000000 -0.480635998 0.137357428 -0.174143647 0.002356029 0.024477438 -0.004487332 0.999687535
3692.000000000 -0.480645878 0.137176188 -0.174051847 0.002308395 0.024480649 -0.004470468 0.999687643
3693.000000000 -0.480711275 0.137167054 -0.174042775 0.002310448 0.024496648 -0.004523757 0.999687007
3694.000000000 -0.480577754 0.137157420 -0.174083890 0.002314355 0.024475180 -0.004497954 0.999687640
3695.000000000 -0.480727237 0.137377882 -0.174390675 0.002385965 0.024498365 -0.004561378 0.999686616
3696.000000000 -0.480713290 0.137398129 -0.174290168 0.002388197 0.024480222 -0.004583685 0.999686954
3697.000000000 -0.480746186 0.137334695 -0.174395835 0.002378080 0.024497926 -0.004569644 0.999686608
3698.000000000 -0.480630264 0.137357321 -0.174334665 0.002375225 0.024476179 -0.004573068 0.999687132
3699.000000000 -0.480713597 0.137487562 -0.174410636 0.002415750 0.024495054 -0.004587811 0.999686505
3700.000000000 -0.480718232 0.137505223 -0.174260249 0.002414435 0.024479239 -0.004615470 0.999686768
3701.000000000 -0.480640805 0.137468207 -0.174291817 0.002413479 0.024474627 -0.004544250 0.999687210
3702.000000000 -0.480617883 0.137419528 -0.174326896 0.002398058 0.024470570 -0.004593061 0.999687123
3703.000000000 -0.480694486 0.137424327 -0.174366147 0.002404591 0.024486837 -0.004553929 0.999686888
3704.000000000 -0.480527822 0.136517630 -0.174147972 0.002171349 0.024445564 -0.004430670 0.999688986
3705.000000000 -0.480059225 0.136204826 -0.174528169 0.002112994 0.024381326 -0.004436692 0.999690653
3706.000000000 -0.480083298 0.136509966 -0.174604319 0.002186579 0.024387487 -0.004422374 0.999690408
3707.000000000 -0.480318382 0.136425888 -0.174615069 0.002162878 0.024426962 -0.004431670 0.999689455
3708.000000000 -0.480262726 0.136450666 -0.174837890 0.002170781 0.024425254 -0.004399851 0.999689620
3709.000000000 -0.479701674 0.136197356 -0.174434402 0.002112941 0.024262381 -0.004490767 0.999693306
3710.000000000 -0.479401067 0.136654731 -0.174135453 0.002248509 0.024190022 -0.004603858 0.999694249
3711.000000000 -0.479654919 0.136442231 -0.174171340 0.002205054 0.024247771 -0.004587089 0.999693024
3712.000000000 -0.479640307 0.136465372 -0.174256924 0.002215918 0.024252293 -0.004572282 0.999692958
3713.000000000 -0.479503912 0.136545834 -0.174053566 0.002226392 0.024225425 -0.004594180 0.999693486
3714.000000000 -0.479518488 0.136435343 -0.174159654 0.002204429 0.024228884 -0.004604821 0.999693402
3715.000000000 -0.479479604 0.136331383 -0.174200634 0.002189736 0.024209584 -0.004599660 0.999693925
3716.000000000 -0.479625759 0.136669352 -0.174124732 0.002267602 0.024242200 -0.004639306 0.999692778
3717.000000000 -0.479427126 0.136476566 -0.174073482 0.002226712 0.024199272 -0.004617781 0.999694010
3718.000000000 -0.479459811 0.136436072 -0.174036256 0.002208303 0.024206341 -0.004617269 0.999693882
3719.000000000 -0.479401511 0.136456896 -0.174016769 0.002214654 0.024197391 -0.004603188 0.999694149
3720.000000000 -0.479504365 0.136590929 -0.174189512 0.002238272 0.024228132 -0.004580966 0.999693454
3721.000000000 -0.479563708 0.136623490 -0.174184407 0.002243945 0.024240670 -0.004587317 0.999693108
3722.000000000 -0.479491895 0.136492246 -0.174159117 0.002224599 0.024215906 -0.004584139 0.999693766
3723.000000000 -0.479534985 0.136579049 -0.174258032 0.002248789 0.024231415 -0.004602764 0.999693251
3724.000000000 -0.479538608 0.136450040 -0.174152159 0.002204730 0.024237645 -0.004621821 0.999693110
3725.000000000 -0.479473961 0.136421053 -0.174135170 0.002205049 0.024226617 -0.004624069 0.999693366
3726.000000000 -0.479537817 0.136367512 -0.174137459 0.002188092 0.024239641 -0.004608413 0.999693160
3727.000000000 -0.479608770 0.136375820 -0.174104060 0.002182649 0.024245186 -0.004606317 0.999693047
3728.000000000 -0.479713056 0.136454344 -0.174061054 0.002197377 0.024271197 -0.004644929 0.999692205
3729.000000000 -0.479686992 0.136532866 -0.174104562 0.002208630 0.024267240 -0.004637942 0.999692309
3730.000000000 -0.479645721 0.136499447 -0.174167686 0.002210234 0.024264903 -0.004625529 0.999692420
3731.000000000 -0.479676490 0.136503683 -0.174105885 0.002230153 0.024263159 -0.004613916 0.999692471
3732.000000000 -0.479513822 0.136491110 -0.174033753 0.002206350 0.024227289 -0.004591293 0.999693498
3733.000000000 -0.479551494 0.136431698 -0.174066403 0.002205012 0.024229729 -0.004557882 0.999693595
3734.000000000 -0.479520112 0.136287211 -0.174055127 0.002159089 0.024234837 -0.004606358 0.999693349
3735.000000000 -0.479285611 0.136422484 -0.174001042 0.002196264 0.024186991 -0.004587431 0.999694514
3736.000000000 -0.479416753 0.136425543 -0.173966150 0.002197393 0.024209855 -0.004597886 0.999693910
3737.000000000 -0.479318015 0.136491695 -0.173941448 0.002213858 0.024191544 -0.004574851 0.999694423
3738.000000000 -0.479487900 0.136508500 -0.173972673 0.002223593 0.024224294 -0.004557436 0.999693688
3739.000000000 -0.479563050 0.136425701 -0.174047671 0.002200160 0.024240996 -0.004540065 0.999693414
3740.000000000 -0.479649836 0.136452281 -0.174214736 0.002209728 0.024263851 -0.004536813 0.999692853
3741.000000000 -0.479702332 0.136486143 -0.174200162 0.002214200 0.024272799 -0.004540707 0.999692608
3742.000000000 -0.479641089 0.136480201 -0.174158007 0.002218992 0.024257892 -0.004524217 0.999693034
3743.000000000 -0.479703680 0.136451947 -0.174117403 0.002209780 0.024273353 -0.004558411 0.999692524
3744.000000000 -0.479931380 0.136383541 -0.174410233 0.002211354 0.024319037 -0.004584390 0.999691291
3745.000000000 -0.479669568 0.136379793 -0.174380742 0.002208837 0.024278929 -0.004536453 0.999692490
3746.000000000 -0.479707261 0.136474731 -0.174170347 0.002218705 0.024278160 -0.004557623 0.999692391
3747.000000000 -0.479781329 0.136367875 -0.174369835 0.002204671 0.024305648 -0.004565888 0.999691716
3748.000000000 -0.479795644 0.136356995 -0.174340988 0.002203224 0.024303897 -0.004596299 0.999691623
3749.000000000 -0.479780030 0.136448624 -0.174394449 0.002230843 0.024298412 -0.004570347 0.999691814
3750.000000000 -0.479668252 0.136422468 -0.174289293 0.002231349 0.024270765 -0.004561836 0.999692523
3751.000000000 -0.479748583 0.136432033 -0.174306392 0.002228688 0.024290236 -0.004557075 0.999692078
3752.000000000 -0.479690034 0.136365168 -0.174230872 0.002208314 0.024284506 -0.004561103 0.999692244
3753.000000000 -0.479660891 0.136353932 -0.174209527 0.002201665 0.024275212 -0.004522641 0.999692659
3754.000000000 -0.479612692 0.136217526 -0.174148586 0.002169464 0.024259192 -0.004516759 0.999693145
3755.000000000 -0.479708191 0.136306520 -0.174244673 0.002190336 0.024283405 -0.004500610 0.999692584
3756.000000000 -0.479727280 0.136391191 -0.174214189 0.002205731 0.024287761 -0.004486901 0.999692506
3757.000000000 -0.479623837 0.136428145 -0.174087140 0.002210091 0.024258356 -0.004479801 0.999693242
3758.000000000 -0.479545478 0.136522135 -0.174069709 0.002234024 0.024246831 -0.004508334 0.999693341
3759.000000000 -0.479791423 0.136439941 -0.174165369 0.002212298 0.024294791 -0.004532151 0.999692117
3760.000000000 -0.479684637 0.136508948 -0.174176511 0.002233896 0.024271939 -0.004510757 0.999692721
3761.000000000 -0.479502700 0.136452920 -0.174133249 0.002225316 0.024237741 -0.004495676 0.999693637
3762.000000000 -0.479639448 0.136503837 -0.174204879 0.002231469 0.024279109 -0.004498047 0.999692609
3763.000000000 -0.479551496 0.136533560 -0.174145830 0.002229325 0.024248996 -0.004532048 0.999693191
3764.000000000 -0.479313498 0.136644096 -0.174131597 0.002254291 0.024200542 -0.004503085 0.999694440
3765.000000000 -0.479478750 0.136554525 -0.174173901 0.002229672 0.024237621 -0.004514817 0.999693544
3766.000000000 -0.479429943 0.136606308 -0.174265806 0.002246166 0.024214973 -0.004486965 0.999694182
3767.000000000 -0.479422029 0.136594650 -0.174100807 0.002233343 0.024211677 -0.004535944 0.999694069
3768.000000000 -0.479648951 0.136658395 -0.174234655 0.002253695 0.024266919 -0.004546743 0.999692635
3769.000000000 -0.479618595 0.136689071 -0.174221951 0.002263973 0.024257818 -0.004559400 0.999692775
3770.000000000 -0.479673008 0.136670796 -0.174285037 0.002255681 0.024265243 -0.004540868 0.999692698
3771.000000000 -0.479617697 0.136520445 -0.174307716 0.002212106 0.024254669 -0.004534803 0.999693079
3772.000000000 -0.479634307 0.136511592 -0.174216907 0.002213902 0.024259911 -0.004542995 0.999692911
3773.000000000 -0.479941890 0.136632025 -0.174382730 0.002240010 0.024325753 -0.004562587 0.999691164
3774.000000000 -0.479935735 0.136807252 -0.174265923 0.002270271 0.024311333 -0.004579895 0.999691367
3775.000000000 -0.480068779 0.136650217 -0.174298043 0.002228236 0.024345928 -0.004630986 0.999690384
3776.000000000 -0.479615840 0.136598219 -0.173956621 0.002167552 0.024269592 -0.004445752 0.999693215
3777.000000000 -0.479501623 0.136681982 -0.174061701 0.002192955 0.024254390 -0.004468246 0.999693428
3778.000000000 -0.478108909 0.136282008 -0.174478718 0.002142400 0.024037452 -0.004481058 0.999698720
3779.000000000 -0.479237143 0.136581838 -0.174263998 0.002172818 0.024211344 -0.004455629 0.999694572
3780.000000000 -0.479328713 0.136756162 -0.174282377 0.002210687 0.024229061 -0.004507806 0.999693826
3781.000000000 -0.479408440 0.136760638 -0.174379853 0.002201708 0.024254253 -0.004516303 0.999693196
3782.000000000 -0.479416250 0.136734749 -0.174395876 0.002198850 0.024257925 -0.004517734 0.999693107
3783.000000000 -0.479546347 0.136917730 -0.174463454 0.002238985 0.024285791 -0.004518795 0.999692337
3784.000000000 -0.479419494 0.137079742 -0.174557744 0.002281390 0.024267419 -0.004467830 0.999692916
3785.000000000 -0.479584292 0.137007136 -0.174643427 0.002265739 0.024306191 -0.004490871 0.999691906
3786.000000000 -0.479445740 0.136919757 -0.174475963 0.002245084 0.024276749 -0.004486050 0.999692690
3787.000000000 -0.479503750 0.137055709 -0.174673780 0.002269864 0.024297300 -0.004457968 0.999692260
3788.000000000 -0.479615936 0.137127352 -0.174682905 0.002278754 0.024324865 -0.004466906 0.999691530
3789.000000000 -0.479573633 0.137137862 -0.174680587 0.002294308 0.024313408 -0.004453283 0.999691834
3790.000000000 -0.479670143 0.137156939 -0.174763911 0.002292670 0.024330835 -0.004479074 0.999691298
3791.000000000 -0.479567589 0.136791166 -0.174671512 0.002211289 0.024311485 -0.004507318 0.999691826
3792.000000000 -0.479584229 0.136885422 -0.174715144 0.002241503 0.024312936 -0.004484320 0.999691826
3793.000000000 -0.479643064 0.136872260 -0.174757345 0.002239673 0.024325335 -0.004472047 0.999691584
3794.000000000 -0.479447948 0.136878824 -0.174621453 0.002239939 0.024283641 -0.004475424 0.999692582
3795.000000000 -0.479475665 0.136954723 -0.174677494 0.002260145 0.024289871 -0.004487512 0.999692331
3796.000000000 -0.479557409 0.136692897 -0.174572503 0.002193279 0.024309216 -0.004516508 0.999691879
3797.000000000 -0.479405886 0.136620943 -0.174558504 0.002175949 0.024268569 -0.004470730 0.999693110
3798.000000000 -0.479381801 0.136786843 -0.174593095 0.002215380 0.024271534 -0.004445617 0.999693063
3799.000000000 -0.479368778 0.136879333 -0.174597375 0.002244910 0.024264049 -0.004452765 0.999693148
3800.000000000 -0.479390866 0.136752032 -0.174480661 0.002212312 0.024269019 -0.004476315 0.999692994
3801.000000000 -0.479368532 0.136657328 -0.174401709 0.002195983 0.024255841 -0.004471444 0.999693372
3802.000000000 -0.479326983 0.136525497 -0.174432415 0.002171714 0.024249321 -0.004447052 0.999693692
3803.000000000 -0.479310780 0.136604735 -0.174353928 0.002185150 0.024242418 -0.004455158 0.999693794
3804.000000000 -0.479251133 0.136469802 -0.174269286 0.002165002 0.024217483 -0.004456977 0.999694434
3805.000000000 -0.479304555 0.136450203 -0.174290808 0.002165933 0.024233979 -0.004446412 0.999694079
3806.000000000 -0.479542790 0.136463000 -0.174343865 0.002166344 0.024280592 -0.004434993 0.999692998
3807.000000000 -0.479357623 0.136396792 -0.174084741 0.002151612 0.024233315 -0.004481676 0.999693969
3808.000000000 -0.479322199 0.136612482 -0.174152289 0.002199286 0.024226506 -0.004466634 0.999694098
3809.000000000 -0.479309397 0.136420634 -0.174230782 0.002153776 0.024214791 -0.004464731 0.999694489
3810.000000000 -0.479355676 0.136484460 -0.174250995 0.002168556 0.024231026 -0.004468202 0.999694048
3811.000000000 -0.479371434 0.136553180 -0.174274731 0.002177779 0.024231747 -0.004477308 0.999693970
3812.000000000 -0.479319226 0.136711294 -0.174335101 0.002212437 0.024223599 -0.004476598 0.999694094
3813.000000000 -0.479554951 0.136581649 -0.174282195 0.002178121 0.024276361 -0.004527830 0.999692659
3814.000000000 -0.479689880 0.136591007 -0.174286802 0.002169318 0.024299067 -0.004538698 0.999692077
3815.000000000 -0.479794322 0.136647804 -0.174403544 0.002179330 0.024323556 -0.004531137 0.999691494
3816.000000000 -0.479741960 0.136712255 -0.174387759 0.002195938 0.024311787 -0.004564460 0.999691593
3817.000000000 -0.479760868 0.136773465 -0.174356572 0.002216185 0.024321035 -0.004587154 0.999691219
3818.000000000 -0.479691263 0.136616273 -0.174293206 0.002187521 0.024299710 -0.004575849 0.999691853
3819.000000000 -0.479711824 0.136673178 -0.174323178 0.002196808 0.024307752 -0.004590279 0.999691571
3820.000000000 -0.479744580 0.136687720 -0.174317666 0.002196012 0.024320662 -0.004580058 0.999691305
3821.000000000 -0.479809015 0.136632428 -0.174263045 0.002190895 0.024329705 -0.004589005 0.999691056
3822.000000000 -0.479565993 0.136691314 -0.174254572 0.002199338 0.024279013 -0.004558065 0.999692411
3823.000000000 -0.479575710 0.136741277 -0.174124082 0.002205077 0.024276345 -0.004564099 0.999692436
3824.000000000 -0.479578035 0.136664590 -0.174140060 0.002193141 0.024275199 -0.004576983 0.999692431
3825.000000000 -0.479747947 0.136730235 -0.174121771 0.002202822 0.024312630 -0.004588836 0.999691445
3826.000000000 -0.479564049 0.136723744 -0.174067772 0.002211054 0.024274581 -0.004589468 0.999692349
3827.000000000 -0.479708897 0.136562883 -0.174183449 0.002174421 0.024304965 -0.004585312 0.999691710
3828.000000000 -0.479546832 0.136683005 -0.174110459 0.002200926 0.024277419 -0.004592849 0.999692287
3829.000000000 -0.479655235 0.136712500 -0.174152587 0.002204891 0.024302509 -0.004580929 0.999691723
3830.000000000 -0.479571431 0.136817384 -0.174276592 0.002225808 0.024286336 -0.004567193 0.999692133
3831.000000000 -0.479643740 0.136856312 -0.174286006 0.002232821 0.024303879 -0.004580993 0.999691628
3832.000000000 -0.479526786 0.136810786 -0.174296768 0.002218916 0.024288805 -0.004581763 0.999692021
3833.000000000 -0.479450026 0.136712548 -0.174168672 0.002201107 0.024265209 -0.004570017 0.999692688
3834.000000000 -0.479434205 0.136763614 -0.174192678 0.002201090 0.024255935 -0.004577422 0.999692879
3835.000000000 -0.479610044 0.136840353 -0.174217634 0.002227470 0.024302658 -0.004606805 0.999691551
3836.000000000 -0.479491843 0.136655911 -0.174297879 0.002182254 0.024277177 -0.004562101 0.999692475
3837.000000000 -0.479602559 0.136698213 -0.174294592 0.002194655 0.024295670 -0.004562521 0.999691996
3838.000000000 -0.479570294 0.136655116 -0.174290727 0.002175985 0.024284797 -0.004582474 0.999692210
3839.000000000 -0.479501711 0.136723147 -0.174276242 0.002196981 0.024270837 -0.004563790 0.999692589
3840.000000000 -0.479447994 0.136647838 -0.174358347 0.002174225 0.024260129 -0.004554925 0.999692939
3841.000000000 -0.479532002 0.136651074 -0.174374363 0.002173361 0.024275639 -0.004550076 0.999692586
3842.000000000 -0.479608978 0.136710306 -0.174348813 0.002184502 0.024283096 -0.004547452 0.999692393
3843.000000000 -0.479503467 0.136706799 -0.174272191 0.002184833 0.024272188 -0.004554811 0.999692623
3844.000000000 -0.479566177 0.136741926 -0.174368722 0.002195748 0.024271033 -0.004546666 0.999692664
3845.000000000 -0.479579443 0.136672721 -0.174348213 0.002177032 0.024273582 -0.004548554 0.999692635
3846.000000000 -0.479490195 0.136603136 -0.174343159 0.002167043 0.024251751 -0.004555721 0.999693154
3847.000000000 -0.479562073 0.136674408 -0.174341658 0.002174651 0.024275646 -0.004522568 0.999692708
3848.000000000 -0.479620041 0.136723338 -0.174286078 0.002183730 0.024283752 -0.004564143 0.999692302
3849.000000000 -0.479560128 0.136743028 -0.174129665 0.002190685 0.024273829 -0.004581036 0.999692451
3850.000000000 -0.479547514 0.136726033 -0.174297511 0.002191970 0.024274111 -0.004590744 0.999692397
3851.000000000 -0.479435974 0.136677942 -0.174208621 0.002183336 0.024253528 -0.004594782 0.999692897
3852.000000000 -0.479591186 0.136676681 -0.174249846 0.002180669 0.024279935 -0.004579126 0.999692333
3853.000000000 -0.479757493 0.136861914 -0.174346104 0.002222789 0.024313137 -0.004585714 0.999691403
3854.000000000 -0.479630337 0.136873835 -0.174421331 0.002225523 0.024293076 -0.004603714 0.999691802
3855.000000000 -0.479593916 0.136734392 -0.174311585 0.002208466 0.024282794 -0.004585150 0.999692175
3856.000000000 -0.479628478 0.136724825 -0.174274929 0.002200362 0.024296755 -0.004587471 0.999691843
3857.000000000 -0.479519456 0.136629927 -0.174325540 0.002177961 0.024271393 -0.004553554 0.999692663
3858.000000000 -0.479562192 0.136726405 -0.174334737 0.002199011 0.024284302 -0.004567781 0.999692239
3859.000000000 -0.479555854 0.136638337 -0.174377201 0.002179586 0.024279997 -0.004557833 0.999692431
3860.000000000 -0.479411629 0.136727687 -0.174321387 0.002206730 0.024247380 -0.004558418 0.999693161
3861.000000000 -0.479604308 0.136914939 -0.174465208 0.002240029 0.024290923 -0.004586866 0.999691900
3862.000000000 -0.479436625 0.136646438 -0.174356653 0.002189313 0.024255242 -0.004595867 0.999692837
3863.000000000 -0.479435113 0.136709539 -0.174390066 0.002201597 0.024251387 -0.004588984 0.999692935
3864.000000000 -0.479486922 0.136752082 -0.174379781 0.002209278 0.024265038 -0.004594557 0.999692561
3865.000000000 -0.479607535 0.136725157 -0.174385949 0.002193871 0.024288350 -0.004604152 0.999691985
3866.000000000 -0.479412748 0.136743221 -0.174428682 0.002199887 0.024251759 -0.004561235 0.999693057
3867.000000000 -0.478671040 0.135675939 -0.173869918 0.001976990 0.024075850 -0.004653590 0.999697349
3868.000000000 -0.478439864 0.135242819 -0.173263207 0.001843409 0.024048675 -0.004467996 0.999699105
3869.000000000 -0.478369058 0.136403343 -0.172871648 0.002085772 0.024036131 -0.004510408 0.999698740
3870.000000000 -0.478279015 0.136221542 -0.172729488 0.002049984 0.024015083 -0.004499094 0.999699371
3871.000000000 -0.478240480 0.136215342 -0.172769878 0.002059309 0.024007338 -0.004487315 0.999699590
3872.000000000 -0.478207514 0.136260621 -0.172766044 0.002068350 0.024011089 -0.004482458 0.999699503
3873.000000000 -0.478223337 0.136085933 -0.172747630 0.002033394 0.024004843 -0.004462339 0.999699815
3874.000000000 -0.478140602 0.136200578 -0.172672171 0.002051329 0.023995575 -0.004477276 0.999699934
3875.000000000 -0.478091195 0.136238151 -0.172703875 0.002065241 0.023978305 -0.004509095 0.999700177
3876.000000000 -0.478184202 0.136261195 -0.172628721 0.002039655 0.024007523 -0.004521722 0.999699471
3877.000000000 -0.478240806 0.136321591 -0.172713929 0.002060671 0.024009015 -0.004537857 0.999699319
3878.000000000 -0.478162915 0.136317999 -0.172664704 0.002060938 0.023988488 -0.004537717 0.999699812
3879.000000000 -0.478069470 0.136250133 -0.172598490 0.002062111 0.023972822 -0.004516849 0.999700280
3880.000000000 -0.478149117 0.136320778 -0.172692829 0.002085016 0.023988709 -0.004540652 0.999699743
3881.000000000 -0.478427757 0.136418229 -0.172766052 0.002099769 0.024041070 -0.004552760 0.999698400
3882.000000000 -0.478334015 0.136317212 -0.172882249 0.002066390 0.024021107 -0.004518269 0.999699106
3883.000000000 -0.478232645 0.136150310 -0.172552502 0.002023764 0.023996939 -0.004518933 0.999699770
3884.000000000 -0.478172230 0.136190019 -0.172615379 0.002047776 0.023983475 -0.004528439 0.999700001
3885.000000000 -0.478156457 0.136126357 -0.172686500 0.002011675 0.023985088 -0.004512911 0.999700106
3886.000000000 -0.478053052 0.136009220 -0.172597521 0.001980818 0.023965475 -0.004495340 0.999700717
3887.000000000 -0.478026171 0.136129800 -0.172554783 0.002021194 0.023963278 -0.004513417 0.999700608
3888.000000000 -0.478175524 0.136032098 -0.172615685 0.001997531 0.023987594 -0.004488565 0.999700184
3889.000000000 -0.478111986 0.136011920 -0.172609097 0.001994578 0.023970020 -0.004479992 0.999700650
3890.000000000 -0.478103466 0.136081535 -0.172549178 0.002014464 0.023972066 -0.004476891 0.999700575
3891.000000000 -0.478064481 0.136177989 -0.172474077 0.002041958 0.023959056 -0.004472605 0.999700850
3892.000000000 -0.477989154 0.136053147 -0.172554190 0.002003103 0.023939909 -0.004470120 0.999701399
3893.000000000 -0.478235117 0.136062394 -0.172550044 0.002008054 0.023986702 -0.004518217 0.999700051
3894.000000000 -0.478376800 0.135915293 -0.172604082 0.001958745 0.024019061 -0.004476916 0.999699557
3895.000000000 -0.478385518 0.135945938 -0.172620904 0.001966976 0.024016265 -0.004498891 0.999699510
3896.000000000 -0.478370599 0.135953023 -0.172588944 0.001971993 0.024019014 -0.004489015 0.999699478
3897.000000000 -0.478311440 0.135723725 -0.172374619 0.001909601 0.024021619 -0.004445524 0.999699731
3898.000000000 -0.478296057 0.135672006 -0.172385466 0.001888319 0.024023329 -0.004457229 0.999699678
3899.000000000 -0.478127467 0.135698472 -0.172242256 0.001901407 0.023986188 -0.004428777 0.999700672
3900.000000000 -0.478129266 0.135801774 -0.172250669 0.001922187 0.023986265 -0.004424645 0.999700649
3901.000000000 -0.478068411 0.135835116 -0.172086601 0.001940494 0.023983515 -0.004446111 0.999700584
3902.000000000 -0.478164942 0.135863700 -0.172168740 0.001942337 0.024003661 -0.004416975 0.999700226
3903.000000000 -0.478173555 0.135936407 -0.172192169 0.001965917 0.024003768 -0.004435137 0.999700097
3904.000000000 -0.478097280 0.135927962 -0.172303801 0.001963658 0.023985512 -0.004437578 0.999700529
3905.000000000 -0.478056475 0.135964105 -0.172206181 0.001968923 0.023970558 -0.004432193 0.999700901
3906.000000000 -0.478215992 0.135993849 -0.172213168 0.001987623 0.024009880 -0.004404107 0.999700044
3907.000000000 -0.478278327 0.135962042 -0.172263575 0.001977663 0.024012363 -0.004397154 0.999700035
3908.000000000 -0.478425564 0.135919308 -0.172448448 0.001956861 0.024038067 -0.004398102 0.999699454
3909.000000000 -0.478590100 0.136098594 -0.172431604 0.002016765 0.024066888 -0.004448456 0.999698419
3910.000000000 -0.478393557 0.135965270 -0.172437215 0.001968029 0.024000107 -0.004514821 0.999699824
3911.000000000 -0.477955099 0.135982713 -0.172239866 0.001965284 0.023926273 -0.004514315 0.999701602
3912.000000000 -0.477907806 0.136113472 -0.172107625 0.002008225 0.023920621 -0.004526824 0.999701595
3913.000000000 -0.477876522 0.136054059 -0.172124316 0.001988373 0.023918909 -0.004519637 0.999701708
3914.000000000 -0.477717662 0.135942367 -0.172007038 0.001962252 0.023891037 -0.004480972 0.999702600
3915.000000000 -0.477670029 0.136034640 -0.171997020 0.001985411 0.023882539 -0.004517940 0.999702591
3916.000000000 -0.477806144 0.136131215 -0.172080841 0.001998479 0.023898955 -0.004566452 0.999701952
3917.000000000 -0.477851319 0.136268188 -0.172014614 0.002025217 0.023906405 -0.004592334 0.999701602
3918.000000000 -0.477775925 0.136246296 -0.172071034 0.002017125 0.023894229 -0.004573075 0.999701998
3919.000000000 -0.477642888 0.136427441 -0.172026379 0.002079125 0.023867351 -0.004595852 0.999702408
3920.000000000 -0.477677433 0.136384249 -0.172111033 0.002049469 0.023862522 -0.004639987 0.999702381
3921.000000000 -0.477613773 0.136400507 -0.172111681 0.002062575 0.023841275 -0.004638984 0.999702865
3922.000000000 -0.477626947 0.136327529 -0.172140366 0.002041995 0.023847872 -0.004622866 0.999702825
3923.000000000 -0.477648264 0.136278840 -0.172233176 0.002028870 0.023848525 -0.004623682 0.999702832
3924.000000000 -0.477600495 0.136293970 -0.172103783 0.002041163 0.023840214 -0.004618250 0.999703031
3925.000000000 -0.477588745 0.136197448 -0.171986577 0.002010471 0.023840512 -0.004632551 0.999703020
3926.000000000 -0.477586747 0.136165804 -0.172073595 0.002003221 0.023837954 -0.004615849 0.999703172
3927.000000000 -0.477586575 0.136118976 -0.171941464 0.001993519 0.023833999 -0.004619462 0.999703269
3928.000000000 -0.477690246 0.136175633 -0.171911180 0.001997226 0.023854564 -0.004625990 0.999702741
3929.000000000 -0.477532573 0.136099323 -0.171894195 0.001985525 0.023821347 -0.004619056 0.999703589
3930.000000000 -0.477623894 0.136312921 -0.172037783 0.002038933 0.023835977 -0.004664585 0.999702921
3931.000000000 -0.477630792 0.136156609 -0.172054945 0.002004611 0.023837157 -0.004648009 0.999703040
3932.000000000 -0.477634347 0.136104405 -0.171941071 0.001992192 0.023843094 -0.004634369 0.999702986
3933.000000000 -0.477701932 0.136056470 -0.172109599 0.001981999 0.023853478 -0.004636338 0.999702750
3934.000000000 -0.477708057 0.135990979 -0.172185023 0.001965280 0.023852707 -0.004598597 0.999702975
3935.000000000 -0.477857763 0.136202189 -0.172201464 0.002013047 0.023890529 -0.004658943 0.999701698
3936.000000000 -0.477899570 0.136165425 -0.172338514 0.002007957 0.023897597 -0.004652730 0.999701568
3937.000000000 -0.477953328 0.136427964 -0.172334988 0.002072577 0.023918907 -0.004672983 0.999700832
3938.000000000 -0.477995288 0.136688582 -0.172397722 0.002133643 0.023931672 -0.004703439 0.999700255
3939.000000000 -0.477842426 0.136310131 -0.172265561 0.002035523 0.023887750 -0.004641242 0.999701801
3940.000000000 -0.478136567 0.136272798 -0.172292656 0.002042582 0.023972196 -0.004633368 0.999699802
3941.000000000 -0.478046277 0.136204730 -0.172269090 0.002022856 0.023955320 -0.004609196 0.999700358
3942.000000000 -0.478124631 0.136225076 -0.172339337 0.002032378 0.023973351 -0.004638624 0.999699770
3943.000000000 -0.478103497 0.136225930 -0.172261551 0.002019978 0.023971840 -0.004640332 0.999699824
3944.000000000 -0.478149118 0.136450804 -0.172287837 0.002072879 0.023985937 -0.004669205 0.999699243
3945.000000000 -0.478275030 0.136383408 -0.172392362 0.002067148 0.024011768 -0.004729455 0.999698352
3946.000000000 -0.478123813 0.136436229 -0.172241341 0.002083628 0.023982478 -0.004732983 0.999699004
3947.000000000 -0.478132668 0.136348130 -0.172419106 0.002070696 0.023988069 -0.004732775 0.999698897
3948.000000000 -0.478083653 0.136187496 -0.172377350 0.002031677 0.023983273 -0.004732660 0.999699093
3949.000000000 -0.478014931 0.136132552 -0.172388224 0.002012026 0.023971649 -0.004710325 0.999699517
3950.000000000 -0.477986957 0.136021906 -0.172319331 0.001993470 0.023971569 -0.004703121 0.999699590
3951.000000000 -0.477761333 0.136034795 -0.172166169 0.002008258 0.023897096 -0.004648304 0.999701600
3952.000000000 -0.477892337 0.136156814 -0.172169842 0.002041139 0.023927621 -0.004675025 0.999700679
3953.000000000 -0.477780321 0.136089075 -0.172075196 0.002022808 0.023916601 -0.004666070 0.999701021
3954.000000000 -0.477664171 0.136116000 -0.172067794 0.002027443 0.023896404 -0.004669140 0.999701481
3955.000000000 -0.477706022 0.136094969 -0.172021826 0.002022673 0.023899652 -0.004644931 0.999701525
3956.000000000 -0.477834425 0.136187048 -0.172268324 0.002046134 0.023926368 -0.004658272 0.999700777
3957.000000000 -0.477755189 0.136170652 -0.172217887 0.002039118 0.023911723 -0.004644478 0.999701206
3958.000000000 -0.477658831 0.136083303 -0.172137030 0.002027217 0.023894026 -0.004620985 0.999701762
3959.000000000 -0.477588497 0.136174839 -0.172112455 0.002046883 0.023881913 -0.004631061 0.999701964
3960.000000000 -0.477554183 0.136076596 -0.172084434 0.002024904 0.023871057 -0.004635025 0.999702250
3961.000000000 -0.477534046 0.136080336 -0.172061501 0.002025741 0.023870354 -0.004664268 0.999702129
3962.000000000 -0.477548351 0.136092805 -0.172081814 0.002031186 0.023866306 -0.004648028 0.999702290
3963.000000000 -0.477484663 0.135971040 -0.172039932 0.002005203 0.023853043 -0.004635513 0.999702718
3964.000000000 -0.477576884 0.136063081 -0.172150167 0.002027724 0.023866510 -0.004669680 0.999702192
3965.000000000 -0.477758353 0.136068837 -0.172079475 0.002021356 0.023914479 -0.004685568 0.999700984
3966.000000000 -0.477908786 0.136016013 -0.172242330 0.002016083 0.023943176 -0.004723603 0.999700129
3967.000000000 -0.477998240 0.136057794 -0.172305583 0.002023154 0.023958878 -0.004711412 0.999699796
3968.000000000 -0.477966625 0.136029467 -0.172231551 0.002014248 0.023959997 -0.004712683 0.999699781
3969.000000000 -0.477782011 0.136147163 -0.172153149 0.002041050 0.023919332 -0.004718385 0.999700673
3970.000000000 -0.477721830 0.135969822 -0.172054403 0.002008443 0.023904402 -0.004678836 0.999701282
3971.000000000 -0.477653826 0.135876505 -0.171995853 0.001995698 0.023887619 -0.004707233 0.999701576
3972.000000000 -0.477530135 0.135950923 -0.171929935 0.002005779 0.023868545 -0.004693878 0.999702074
3973.000000000 -0.477615079 0.135875965 -0.171947334 0.001994274 0.023878415 -0.004732834 0.999701678
3974.000000000 -0.477449524 0.135736585 -0.171994753 0.001966461 0.023849182 -0.004673016 0.999702712
3975.000000000 -0.477495741 0.135686054 -0.172080709 0.001950420 0.023866187 -0.004710610 0.999702161
3976.000000000 -0.477463918 0.135715549 -0.172024232 0.001962418 0.023860381 -0.004718664 0.999702238
3977.000000000 -0.477263578 0.135684909 -0.171908650 0.001952454 0.023819576 -0.004705606 0.999703292
3978.000000000 -0.477563935 0.136082597 -0.172394882 0.002029691 0.023876692 -0.004698340 0.999701810
3979.000000000 -0.477479131 0.136218001 -0.172188566 0.002048821 0.023851384 -0.004690299 0.999702413
3980.000000000 -0.477338779 0.136367864 -0.172172714 0.002095442 0.023827938 -0.004696806 0.999702845
3981.000000000 -0.477492868 0.136271205 -0.172095374 0.002060188 0.023859792 -0.004699080 0.999702148
3982.000000000 -0.477589134 0.136169000 -0.172153761 0.002046961 0.023893530 -0.004681689 0.999701451
3983.000000000 -0.477296774 0.136247059 -0.172080714 0.002066062 0.023823617 -0.004677233 0.999703101
3984.000000000 -0.477407540 0.136325491 -0.172207909 0.002080188 0.023821758 -0.004728082 0.999702877
3985.000000000 -0.476985171 0.136361126 -0.172113701 0.002069768 0.023717492 -0.004772825 0.999705165
3986.000000000 -0.477006062 0.136350382 -0.172105155 0.002072142 0.023718369 -0.004775205 0.999705128
3987.000000000 -0.476762725 0.136359287 -0.171931889 0.002074816 0.023669844 -0.004774786 0.999706274
3988.000000000 -0.476725159 0.136215109 -0.171866672 0.002033396 0.023654394 -0.004735583 0.999706912
3989.000000000 -0.477297496 0.136360115 -0.172016688 0.002086592 0.023762782 -0.004737245 0.999704224
3990.000000000 -0.477711262 0.136001502 -0.171865176 0.002002497 0.023836253 -0.004715877 0.999702748
3991.000000000 -0.477704183 0.136132787 -0.171949912 0.002037677 0.023830800 -0.004725269 0.999702762
3992.000000000 -0.477668542 0.136464004 -0.171940521 0.002105631 0.023833128 -0.004685412 0.999702753
3993.000000000 -0.477753527 0.136552409 -0.172069757 0.002125581 0.023853382 -0.004685374 0.999702228
3994.000000000 -0.477787216 0.136563742 -0.172172814 0.002136040 0.023854320 -0.004706973 0.999702082
3995.000000000 -0.477996880 0.136317473 -0.172348238 0.002064770 0.023895191 -0.004680812 0.999701379
3996.000000000 -0.478086888 0.136511678 -0.172504428 0.002117561 0.023914512 -0.004677784 0.999700820
3997.000000000 -0.478042348 0.136340614 -0.172491553 0.002084716 0.023911168 -0.004668897 0.999701011
3998.000000000 -0.477988415 0.136530788 -0.172391024 0.002121235 0.023906628 -0.004672197 0.999701027
3999.000000000 -0.477701510 0.136581176 -0.172259744 0.002127509 0.023845262 -0.004646605 0.999702599
4000.000000000 -0.477487519 0.136571771 -0.172227742 0.002125439 0.023811307 -0.004631946 0.999703481
4001.000000000 -0.477548250 0.136436296 -0.172271079 0.002099923 0.023822902 -0.004627970 0.999703277
4002.000000000 -0.477660804 0.136490134 -0.172358225 0.002106178 0.023837316 -0.004668406 0.999702732
4003.000000000 -0.477671379 0.136608837 -0.172349022 0.002138182 0.023845075 -0.004664400 0.999702498
4004.000000000 -0.477638564 0.136487125 -0.172322239 0.002105614 0.023843422 -0.004659263 0.999702630
4005.000000000 -0.477509356 0.136399626 -0.172313966 0.002074320 0.023805019 -0.004639181 0.999703704
4006.000000000 -0.477695225 0.136506775 -0.172426002 0.002089745 0.023824436 -0.004707725 0.999702889
4007.000000000 -0.477632027 0.136633072 -0.172266949 0.002128273 0.023820538 -0.004725336 0.999702818
4008.000000000 -0.477559378 0.136648130 -0.172392190 0.002143433 0.023809126 -0.004714334 0.999703109
4009.000000000 -0.477567396 0.136631573 -0.172300027 0.002126466 0.023805630 -0.004695461 0.999703317
4010.000000000 -0.477511674 0.136515272 -0.172312985 0.002110143 0.023797930 -0.004682779 0.999703595
4011.000000000 -0.477558047 0.136443670 -0.172237198 0.002094817 0.023809333 -0.004688958 0.999703327
4012.000000000 -0.477553255 0.136525714 -0.172262365 0.002121364 0.023808882 -0.004698655 0.999703236
4013.000000000 -0.477508754 0.136446826 -0.172256307 0.002100268 0.023792612 -0.004699822 0.999703662
4014.000000000 -0.477649319 0.136648333 -0.172290080 0.002136348 0.023819982 -0.004732108 0.999702782
4015.000000000 -0.477730643 0.136717019 -0.172334672 0.002154397 0.023843535 -0.004722242 0.999702228
4016.000000000 -0.477665367 0.136707272 -0.172376317 0.002152124 0.023823410 -0.004749856 0.999702582
4017.000000000 -0.477693342 0.136739153 -0.172232403 0.002157947 0.023829312 -0.004729031 0.999702527
4018.000000000 -0.477676344 0.136483734 -0.172458469 0.002115485 0.023823997 -0.004716957 0.999702802
4019.000000000 -0.477560857 0.136615403 -0.172469139 0.002121167 0.023795401 -0.004693524 0.999703581
4020.000000000 -0.477539430 0.136635016 -0.172536388 0.002136334 0.023802114 -0.004699190 0.999703363
4021.000000000 -0.477667619 0.136829433 -0.172746509 0.002195597 0.023820028 -0.004751626 0.999702560
4022.000000000 -0.477574053 0.136838351 -0.172631022 0.002194773 0.023804830 -0.004725450 0.999703047
4023.000000000 -0.477685776 0.136737185 -0.172736731 0.002176394 0.023831363 -0.004727236 0.999702447
4024.000000000 -0.477684280 0.136657672 -0.172596976 0.002163727 0.023834845 -0.004720381 0.999702424
4025.000000000 -0.477646775 0.136685055 -0.172579973 0.002167166 0.023829704 -0.004720323 0.999702539
4026.000000000 -0.477488106 0.136790488 -0.172428204 0.002183538 0.023804009 -0.004709236 0.999703168
4027.000000000 -0.477452558 0.136673528 -0.172430210 0.002150273 0.023791915 -0.004715959 0.999703496
4028.000000000 -0.477628723 0.136785751 -0.172549023 0.002183792 0.023822249 -0.004706785 0.999702745
4029.000000000 -0.477695010 0.136572800 -0.172761099 0.002122722 0.023845333 -0.004715864 0.999702283
4030.000000000 -0.477339086 0.136703415 -0.172683020 0.002163121 0.023773120 -0.004724549 0.999703875
4031.000000000 -0.477520419 0.136723445 -0.172719079 0.002157603 0.023808447 -0.004740390 0.999702972
4032.000000000 -0.477559690 0.136781760 -0.172898821 0.002182610 0.023817566 -0.004742689 0.999702689
4033.000000000 -0.477540347 0.136740888 -0.172672489 0.002164505 0.023805724 -0.004753866 0.999702957
4034.000000000 -0.477581024 0.136898475 -0.172761577 0.002198682 0.023817411 -0.004738908 0.999702676
4035.000000000 -0.477232988 0.136628443 -0.172541838 0.002127584 0.023754415 -0.004710771 0.999704461
4036.000000000 -0.477428274 0.136647086 -0.172717469 0.002154020 0.023790198 -0.004755256 0.999703343
4037.000000000 -0.477609735 0.136806988 -0.172828879 0.002185353 0.023823699 -0.004756665 0.999702471
4038.000000000 -0.477694744 0.136809033 -0.172906462 0.002183598 0.023854524 -0.004773631 0.999701659
4039.000000000 -0.477712467 0.136652750 -0.172874351 0.002162461 0.023847678 -0.004789208 0.999701793
4040.000000000 -0.477670008 0.136763126 -0.172769974 0.002178124 0.023839190 -0.004799118 0.999701914
4041.000000000 -0.477848901 0.136741539 -0.172789627 0.002169249 0.023867654 -0.004795128 0.999701273
4042.000000000 -0.477793067 0.136729040 -0.172875558 0.002178680 0.023854753 -0.004805942 0.999701509
4043.000000000 -0.477943651 0.136732691 -0.172932492 0.002170059 0.023884827 -0.004774269 0.999700961
4044.000000000 -0.477858219 0.136727366 -0.172866709 0.002162083 0.023880922 -0.004772378 0.999701081
4045.000000000 -0.477926137 0.136744956 -0.173007986 0.002171907 0.023895043 -0.004782970 0.999700672
4046.000000000 -0.477986115 0.136725709 -0.173124337 0.002168553 0.023906458 -0.004763210 0.999700500
4047.000000000 -0.477999266 0.136650180 -0.173036182 0.002153137 0.023906576 -0.004785009 0.999700427
4048.000000000 -0.477967683 0.136699187 -0.173102933 0.002168928 0.023895430 -0.004795246 0.999700610
4049.000000000 -0.478004611 0.136791248 -0.173095847 0.002193283 0.023896386 -0.004784624 0.999700585
4050.000000000 -0.477812895 0.136423629 -0.172865397 0.002088099 0.023860444 -0.004753463 0.999701817
4051.000000000 -0.477629797 0.136938372 -0.172630625 0.002219046 0.023827669 -0.004769274 0.999702242
4052.000000000 -0.477853870 0.136881342 -0.172914132 0.002216054 0.023883939 -0.004785171 0.999700830
4053.000000000 -0.477678645 0.136922584 -0.172815859 0.002219129 0.023845345 -0.004772214 0.999701806
4054.000000000 -0.477623192 0.137041306 -0.172708626 0.002250460 0.023833526 -0.004779485 0.999701983
4055.000000000 -0.477627525 0.137099513 -0.172688479 0.002256916 0.023832334 -0.004782127 0.999701984
4056.000000000 -0.477644534 0.137206078 -0.172627507 0.002275980 0.023844512 -0.004804866 0.999701542
4057.000000000 -0.477638246 0.137199085 -0.172700770 0.002268211 0.023838907 -0.004796843 0.999701732
4058.000000000 -0.477621365 0.137166349 -0.172546126 0.002256286 0.023826664 -0.004783251 0.999702116
4059.000000000 -0.477823600 0.137267930 -0.172547011 0.002288903 0.023876823 -0.004787282 0.999700825
4060.000000000 -0.477783305 0.137226611 -0.172520647 0.002275061 0.023864655 -0.004786170 0.999701153
4061.000000000 -0.477718863 0.137049056 -0.172407667 0.002223536 0.023848438 -0.004773009 0.999701719
4062.000000000 -0.477797678 0.137373285 -0.172478255 0.002305250 0.023865020 -0.004830137 0.999700863
4063.000000000 -0.477800102 0.137296201 -0.172537516 0.002289229 0.023862247 -0.004808380 0.999701071
4064.000000000 -0.477602282 0.137172985 -0.172543743 0.002266039 0.023826984 -0.004806471 0.999701974
4065.000000000 -0.477546991 0.137001824 -0.172423171 0.002219173 0.023813591 -0.004779697 0.999702527
4066.000000000 -0.477689593 0.137103556 -0.172550019 0.002235661 0.023845400 -0.004804254 0.999701614
4067.000000000 -0.477624603 0.137063938 -0.172478712 0.002238033 0.023825573 -0.004795850 0.999702122
4068.000000000 -0.477641232 0.137019835 -0.172516841 0.002223711 0.023827469 -0.004796440 0.999702106
4069.000000000 -0.477700897 0.137179868 -0.172556229 0.002289219 0.023846803 -0.004815412 0.999701406
4070.000000000 -0.477939000 0.137234687 -0.172628530 0.002291624 0.023897463 -0.004827007 0.999700135
4071.000000000 -0.477846859 0.137048349 -0.172504745 0.002245314 0.023886079 -0.004834431 0.999700476
4072.000000000 -0.477884049 0.137147516 -0.172529169 0.002280604 0.023898516 -0.004807710 0.999700228
4073.000000000 -0.477774653 0.136955005 -0.172517034 0.002229490 0.023872568 -0.004812080 0.999700942
4074.000000000 -0.477906440 0.137044936 -0.172611012 0.002256112 0.023891652 -0.004837112 0.999700306
4075.000000000 -0.477904802 0.137143700 -0.172600626 0.002276327 0.023890133 -0.004864939 0.999700161
4076.000000000 -0.477985862 0.137220115 -0.172699608 0.002298335 0.023903685 -0.004869498 0.999699765
4077.000000000 -0.478018091 0.137226769 -0.172757309 0.002300809 0.023909745 -0.004867124 0.999699626
4078.000000000 -0.477620905 0.137196597 -0.172550306 0.002294072 0.023829258 -0.004849401 0.999701649
4079.000000000 -0.477863526 0.137224601 -0.172889612 0.002297205 0.023883386 -0.004884578 0.999700179
4080.000000000 -0.477866989 0.137352123 -0.172887974 0.002337615 0.023887740 -0.004880355 0.999700002
4081.000000000 -0.477878490 0.137291437 -0.172781957 0.002319353 0.023889451 -0.004893193 0.999699941
4082.000000000 -0.477885500 0.137151967 -0.172715257 0.002293493 0.023892582 -0.004878929 0.999699995
4083.000000000 -0.477849478 0.137234756 -0.172689722 0.002314976 0.023876213 -0.004834939 0.999700551
4084.000000000 -0.477997722 0.137220844 -0.172993953 0.002308800 0.023915308 -0.004852336 0.999699546
4085.000000000 -0.478054306 0.137402416 -0.172916315 0.002352463 0.023925807 -0.004874597 0.999699085
4086.000000000 -0.478009114 0.137249015 -0.172728174 0.002304588 0.023912211 -0.004867116 0.999699558
4087.000000000 -0.478168471 0.137202971 -0.172896532 0.002306416 0.023946016 -0.004859242 0.999698783
4088.000000000 -0.478147266 0.137313389 -0.172906477 0.002319253 0.023944591 -0.004855825 0.999698804
4089.000000000 -0.478140764 0.137364384 -0.172883742 0.002333809 0.023951250 -0.004876928 0.999698508
4090.000000000 -0.478145883 0.137340623 -0.172666636 0.002318496 0.023947373 -0.004862190 0.999698708
4091.000000000 -0.477969066 0.137293554 -0.172697686 0.002316767 0.023914596 -0.004863811 0.999699489
4092.000000000 -0.477987155 0.137530586 -0.172690696 0.002363535 0.023915066 -0.004879487 0.999699292
4093.000000000 -0.478125418 0.137520907 -0.172702982 0.002370036 0.023948876 -0.004897056 0.999698381
4094.000000000 -0.478052222 0.137248332 -0.172613522 0.002300789 0.023924158 -0.004890182 0.999699168
4095.000000000 -0.478104230 0.137001516 -0.172583377 0.002240636 0.023941735 -0.004881716 0.999698926
4096.000000000 -0.478162632 0.137142162 -0.173233400 0.002302092 0.023964391 -0.004883302 0.999698235
4097.000000000 -0.478087050 0.137274605 -0.173193192 0.002317412 0.023948793 -0.004850466 0.999698734
4098.000000000 -0.477991611 0.137443153 -0.173110555 0.002362088 0.023932880 -0.004848357 0.999699020
4099.000000000 -0.477751877 0.137124466 -0.172963438 0.002291648 0.023881140 -0.004850109 0.999700413
4100.000000000 -0.478099901 0.137394468 -0.173146513 0.002363941 0.023950779 -0.004915036 0.999698262
4101.000000000 -0.477919372 0.137290295 -0.173075640 0.002336355 0.023912616 -0.004907545 0.999699277
4102.000000000 -0.478007015 0.137344515 -0.173002811 0.002336655 0.023928148 -0.004898711 0.999698948
4103.000000000 -0.478080399 0.137355504 -0.173049384 0.002337284 0.023944414 -0.004898294 0.999698559
4104.000000000 -0.478261663 0.137810465 -0.173240160 0.002431422 0.023985363 -0.004907711 0.999697307
4105.000000000 -0.477937192 0.137383179 -0.173159531 0.002339238 0.023920153 -0.004862556 0.999699310
4106.000000000 -0.478041062 0.137297620 -0.173124497 0.002322660 0.023933309 -0.004870496 0.999698995
4107.000000000 -0.478671071 0.135675994 -0.173869986 0.002128538 0.024064939 -0.004602806 0.999697535
4108.000000000 -0.478846717 0.135687439 -0.174272648 0.002149289 0.024129226 -0.004620965 0.999695858
4109.000000000 -0.478579566 0.135534523 -0.173585275 0.002143230 0.024063887 -0.004570180 0.999697679
4110.000000000 -0.479713387 0.134279425 -0.172949809 0.001750256 0.024231776 -0.004190893 0.999696051
4111.000000000 -0.479720632 0.134282582 -0.172909154 0.001739059 0.024225531 -0.004190070 0.999696225
4112.000000000 -0.479741087 0.134301796 -0.172970443 0.001740634 0.024228987 -0.004182681 0.999696170
4113.000000000 -0.479730135 0.134299259 -0.172954624 0.001742533 0.024241127 -0.004154199 0.999695991
4114.000000000 -0.479720496 0.134286423 -0.172933094 0.001736768 0.024239602 -0.004147391 0.999696066
4115.000000000 -0.479735868 0.134258625 -0.172889323 0.001727403 0.024257498 -0.004143074 0.999695666
4116.000000000 -0.479685446 0.134261253 -0.172765960 0.001732037 0.024241353 -0.004149061 0.999696025
4117.000000000 -0.479737980 0.134247879 -0.172927672 0.001730344 0.024259935 -0.004117606 0.999695707
4118.000000000 -0.479795374 0.134236320 -0.172947109 0.001729326 0.024278054 -0.004083528 0.999695409
4119.000000000 -0.479735276 0.134241859 -0.172933944 0.001715744 0.024244602 -0.004060666 0.999696337
4120.000000000 -0.479782742 0.134166359 -0.172971403 0.001724824 0.024242503 -0.004180267 0.999695879
4121.000000000 -0.479921371 0.134056225 -0.173517969 0.001701005 0.024262647 -0.004165644 0.999695493
4122.000000000 -0.479864594 0.134063257 -0.173419837 0.001709515 0.024252043 -0.004171139 0.999695712
4123.000000000 -0.480165262 0.134285168 -0.173289345 0.001767942 0.024297833 -0.004173386 0.999694490
4124.000000000 -0.480103739 0.134423017 -0.173296755 0.001793698 0.024284772 -0.004167005 0.999694788
4125.000000000 -0.480030620 0.134327443 -0.173206011 0.001768304 0.024263810 -0.004182752 0.999695276
4126.000000000 -0.479996882 0.134602514 -0.173821676 0.001799773 0.024298076 -0.004074251 0.999694836
4127.000000000 -0.479917325 0.134609259 -0.173617081 0.001806684 0.024273340 -0.004073422 0.999695428
4128.000000000 -0.479979441 0.134730395 -0.173837779 0.001821403 0.024290834 -0.004065739 0.999695007
4129.000000000 -0.479918732 0.134718978 -0.173753741 0.001805383 0.024278282 -0.004040143 0.999695445
4130.000000000 -0.479994960 0.134618967 -0.173754491 0.001777222 0.024295645 -0.004033240 0.999695102
4131.000000000 -0.479901892 0.134555986 -0.173517991 0.001772890 0.024270681 -0.004075388 0.999695545
4132.000000000 -0.479819032 0.134634332 -0.173554626 0.001774564 0.024261294 -0.004055795 0.999695849
4133.000000000 -0.479910391 0.134725220 -0.173601493 0.001800959 0.024272161 -0.004053073 0.999695549
4134.000000000 -0.479834911 0.134539441 -0.173558019 0.001775002 0.024253946 -0.004051443 0.999696044
4135.000000000 -0.479889340 0.134652052 -0.173927079 0.001786060 0.024272568 -0.004041197 0.999695614
4136.000000000 -0.479872370 0.134576547 -0.173720908 0.001766415 0.024262956 -0.004064285 0.999695789
4137.000000000 -0.480039327 0.134721969 -0.173764888 0.001799897 0.024282546 -0.004017946 0.999695441
4138.000000000 -0.479972066 0.134522151 -0.173717043 0.001776245 0.024283488 -0.004033099 0.999695399
4139.000000000 -0.479914039 0.134578132 -0.173720044 0.001781297 0.024275935 -0.004061797 0.999695458
4140.000000000 -0.479904451 0.134545150 -0.173664147 0.001775993 0.024269567 -0.004049345 0.999695672
4141.000000000 -0.479396575 0.134766255 -0.173375881 0.001841728 0.024182413 -0.004102023 0.999697450
4142.000000000 -0.479365063 0.134895573 -0.173357239 0.001808396 0.024173525 -0.004079747 0.999697817
4143.000000000 -0.479303481 0.134951959 -0.173448538 0.001812244 0.024164242 -0.004056520 0.999698129
4144.000000000 -0.479330893 0.134802661 -0.173476802 0.001777859 0.024167539 -0.004079760 0.999698017
4145.000000000 -0.479219324 0.134724900 -0.173062783 0.001780116 0.024149110 -0.004103045 0.999698363
4146.000000000 -0.479266573 0.134619757 -0.173092464 0.001761372 0.024163615 -0.004111169 0.999698012
4147.000000000 -0.479332496 0.134640536 -0.173250835 0.001757164 0.024172616 -0.004118694 0.999697771
4148.000000000 -0.479286833 0.134477905 -0.173225257 0.001732234 0.024162703 -0.004144684 0.999697947
4149.000000000 -0.479367259 0.134498544 -0.173081103 0.001747120 0.024171790 -0.004138185 0.999697728
4150.000000000 -0.479268356 0.134568950 -0.173209522 0.001756573 0.024149016 -0.004168164 0.999698137
4151.000000000 -0.479373468 0.134559579 -0.173187341 0.001773076 0.024170858 -0.004122322 0.999697770
4152.000000000 -0.479419944 0.134679960 -0.173275316 0.001775816 0.024187012 -0.004143221 0.999697289
4153.000000000 -0.479428459 0.134732458 -0.173252155 0.001786516 0.024183327 -0.004165143 0.999697267
4154.000000000 -0.479328780 0.134814332 -0.173146136 0.001825189 0.024171463 -0.004205340 0.999697316
4155.000000000 -0.479382945 0.134765516 -0.173189985 0.001803560 0.024181890 -0.004179261 0.999697213
4156.000000000 -0.479351048 0.134816632 -0.173064444 0.001809839 0.024181560 -0.004142387 0.999697363
4157.000000000 -0.479282060 0.134817554 -0.173123845 0.001816295 0.024164421 -0.004178891 0.999697614
4158.000000000 -0.479278075 0.134789708 -0.173087806 0.001821695 0.024162445 -0.004165898 0.999697706
4159.000000000 -0.479332757 0.134888788 -0.173053524 0.001827755 0.024163648 -0.004151798 0.999697724
4160.000000000 -0.479370991 0.135336140 -0.173233350 0.001944267 0.024164774 -0.004182612 0.999697349
4161.000000000 -0.479328457 0.135150686 -0.173000922 0.001901811 0.024164741 -0.004165018 0.999697505
4162.000000000 -0.479253720 0.135232841 -0.172951132 0.001921877 0.024148896 -0.004193767 0.999697729
4163.000000000 -0.479386232 0.135123151 -0.172987121 0.001887560 0.024175745 -0.004190629 0.999697159
4164.000000000 -0.479354971 0.135198613 -0.172992705 0.001912485 0.024168686 -0.004162566 0.999697399
4165.000000000 -0.479429371 0.135195265 -0.173035852 0.001904239 0.024182287 -0.004146027 0.999697155
4166.000000000 -0.479363773 0.135545896 -0.173220066 0.001950875 0.024175887 -0.004130128 0.999697285
4167.000000000 -0.478671278 0.135675852 -0.173869994 0.001970456 0.024136741 -0.004671321 0.999695811
4168.000000000 -0.479364471 0.135388731 -0.173389836 0.001913806 0.024305030 -0.004628202 0.999692044
4169.000000000 -0.478761031 0.134936328 -0.173879198 0.001809855 0.024160443 -0.004811058 0.999694879
4170.000000000 -0.478741513 0.134922491 -0.173830476 0.001813683 0.024157000 -0.004806298 0.999694978
4171.000000000 -0.478739257 0.134914637 -0.173830224 0.001816264 0.024144965 -0.004816143 0.999695217
4172.000000000 -0.478723523 0.134915614 -0.173870947 0.001825224 0.024151804 -0.004829446 0.999694971
4173.000000000 -0.478747029 0.134904553 -0.173940072 0.001820333 0.024156745 -0.004834094 0.999694838
4174.000000000 -0.478739453 0.134902249 -0.173933087 0.001791794 0.024159723 -0.004822375 0.999694874
4175.000000000 -0.478700984 0.134903478 -0.173577951 0.001790812 0.024118236 -0.004833577 0.999695824
4176.000000000 -0.478764452 0.134923142 -0.173763291 0.001796367 0.024132099 -0.004833133 0.999695481
4177.000000000 -0.478788726 0.134904896 -0.173684471 0.001786554 0.024146135 -0.004805714 0.999695292
4178.000000000 -0.478809582 0.134851149 -0.173779926 0.001780355 0.024148584 -0.004819453 0.999695178
4179.000000000 -0.478741420 0.134809722 -0.173716215 0.001775110 0.024133652 -0.004813482 0.999695577
4180.000000000 -0.478782789 0.134603581 -0.173730401 0.001717956 0.024137678 -0.004756962 0.999695850
4181.000000000 -0.478745297 0.134575149 -0.173628825 0.001715696 0.024124584 -0.004792814 0.999695999
4182.000000000 -0.478790400 0.134635588 -0.173677776 0.001717782 0.024129644 -0.004783914 0.999695916
4183.000000000 -0.478675295 0.134601598 -0.173570117 0.001720978 0.024107555 -0.004791611 0.999696406
4184.000000000 -0.478629523 0.134648176 -0.173600426 0.001726929 0.024099520 -0.004803128 0.999696534
4185.000000000 -0.478602733 0.134587849 -0.173572689 0.001720622 0.024096356 -0.004798423 0.999696644
4186.000000000 -0.478721265 0.134592252 -0.173656045 0.001709491 0.024112926 -0.004774615 0.999696378
4187.000000000 -0.478689235 0.134632561 -0.173677008 0.001728530 0.024114285 -0.004804747 0.999696168
4188.000000000 -0.478760336 0.134583442 -0.173664102 0.001713332 0.024132221 -0.004799266 0.999695787
4189.000000000 -0.478712894 0.134565266 -0.173614466 0.001699159 0.024130263 -0.004793440 0.999695887
4190.000000000 -0.478845766 0.134633488 -0.173692941 0.001718333 0.024146202 -0.004818443 0.999695349
4191.000000000 -0.478884189 0.134683413 -0.173731867 0.001721087 0.024160964 -0.004816276 0.999694998
4192.000000000 -0.478766027 0.134762033 -0.173732476 0.001735721 0.024143413 -0.004795026 0.999695499
4193.000000000 -0.478935432 0.134660498 -0.173788397 0.001716291 0.024171074 -0.004818000 0.999694754
4194.000000000 -0.478973065 0.134717672 -0.173843361 0.001735394 0.024172696 -0.004837894 0.999694585
4195.000000000 -0.478860682 0.134720957 -0.173798812 0.001737044 0.024154811 -0.004811229 0.999695143
4196.000000000 -0.478617349 0.134828727 -0.173539109 0.001784351 0.024108069 -0.004816997 0.999696161
4197.000000000 -0.478726648 0.134854799 -0.173623599 0.001788435 0.024125749 -0.004836454 0.999695633
4198.000000000 -0.478721949 0.134885937 -0.173630948 0.001799382 0.024120436 -0.004836383 0.999695742
4199.000000000 -0.478687645 0.134865456 -0.173557122 0.001794036 0.024117716 -0.004840159 0.999695799
4200.000000000 -0.478728248 0.134924414 -0.173621360 0.001805819 0.024123567 -0.004864914 0.999695516
4201.000000000 -0.478655165 0.134966305 -0.173551781 0.001809835 0.024109639 -0.004874616 0.999695798
4202.000000000 -0.478675487 0.134928900 -0.173510945 0.001801592 0.024109803 -0.004863026 0.999695865
4203.000000000 -0.478690546 0.134975371 -0.173436913 0.001813537 0.024112660 -0.004859079 0.999695794
4204.000000000 -0.478686873 0.134976397 -0.173455773 0.001804686 0.024111445 -0.004851591 0.999695875
4205.000000000 -0.478688274 0.134963440 -0.173518186 0.001808848 0.024107033 -0.004865249 0.999695908
4206.000000000 -0.478825348 0.134973266 -0.173591636 0.001813506 0.024136660 -0.004859145 0.999695214
4207.000000000 -0.478772365 0.134939291 -0.173565641 0.001799226 0.024129088 -0.004847905 0.999695477
4208.000000000 -0.478697356 0.134911447 -0.173581454 0.001801194 0.024114679 -0.004843268 0.999695844
4209.000000000 -0.478842916 0.134971792 -0.173518304 0.001811254 0.024144317 -0.004840861 0.999695122
4210.000000000 -0.478777154 0.134963679 -0.173444022 0.001809786 0.024129671 -0.004856022 0.999695405
4211.000000000 -0.478678063 0.135006924 -0.173357384 0.001816575 0.024107933 -0.004873021 0.999695834
4212.000000000 -0.478672442 0.134992520 -0.173391893 0.001812845 0.024114037 -0.004839039 0.999695859
4213.000000000 -0.478675544 0.135054056 -0.173300087 0.001829942 0.024110242 -0.004855876 0.999695838
4214.000000000 -0.478668707 0.135003591 -0.173237014 0.001824509 0.024107194 -0.004832684 0.999696034
4215.000000000 -0.478691281 0.135066927 -0.173427146 0.001824893 0.024110282 -0.004859134 0.999695830
4216.000000000 -0.478665066 0.135056906 -0.173345941 0.001818972 0.024105976 -0.004855625 0.999695962
4217.000000000 -0.478685505 0.135021250 -0.173316203 0.001813094 0.024110364 -0.004860708 0.999695842
4218.000000000 -0.478699440 0.134900233 -0.173452215 0.001799079 0.024118478 -0.004865155 0.999695650
4219.000000000 -0.478780437 0.135005281 -0.173531575 0.001817254 0.024136853 -0.004860455 0.999695197
4220.000000000 -0.478876684 0.134916691 -0.173574471 0.001790498 0.024148640 -0.004869518 0.999694916
4221.000000000 -0.478731969 0.134892979 -0.173458414 0.001780439 0.024125975 -0.004822736 0.999695708
4222.000000000 -0.478749601 0.134871691 -0.173302427 0.001788593 0.024130035 -0.004824575 0.999695587
4223.000000000 -0.478903721 0.134935578 -0.173354754 0.001796901 0.024158810 -0.004839544 0.999694804
4224.000000000 -0.478739305 0.134967106 -0.173221841 0.001810290 0.024126732 -0.004839927 0.999695553
4225.000000000 -0.478821753 0.134901680 -0.173304453 0.001808509 0.024141188 -0.004847139 0.999695172
4226.000000000 -0.478815452 0.134964919 -0.173253876 0.001807500 0.024142612 -0.004838200 0.999695183
4227.000000000 -0.478722683 0.134845756 -0.173374444 0.001786429 0.024133292 -0.004819476 0.999695536
4228.000000000 -0.478710457 0.134897386 -0.173405053 0.001806182 0.024124768 -0.004839721 0.999695609
4229.000000000 -0.478851991 0.134934889 -0.173429718 0.001810774 0.024148205 -0.004865426 0.999694910
4230.000000000 -0.478870639 0.134861625 -0.173365657 0.001795568 0.024149030 -0.004851791 0.999694984
4231.000000000 -0.478854418 0.134877959 -0.173428161 0.001793171 0.024143924 -0.004882251 0.999694963
4232.000000000 -0.478816319 0.134950004 -0.173269255 0.001809131 0.024136215 -0.004876643 0.999695148
4233.000000000 -0.478883300 0.134967547 -0.173337987 0.001809405 0.024156727 -0.004844937 0.999694806
4234.000000000 -0.478832042 0.134918981 -0.173321981 0.001803459 0.024147645 -0.004832623 0.999695096
4235.000000000 -0.478786100 0.134967901 -0.173303218 0.001804023 0.024135843 -0.004848045 0.999695305
4236.000000000 -0.478800276 0.134913817 -0.173246098 0.001801612 0.024144201 -0.004852925 0.999695084
4237.000000000 -0.478804481 0.134959429 -0.173192958 0.001809501 0.024141885 -0.004847642 0.999695151
4238.000000000 -0.478712883 0.134964124 -0.173182734 0.001809509 0.024128836 -0.004847497 0.999695467
4239.000000000 -0.478960640 0.135091675 -0.173612706 0.001800634 0.024173957 -0.004832658 0.999694465
4240.000000000 -0.478952037 0.135153633 -0.173590737 0.001814822 0.024169821 -0.004819217 0.999694604
4241.000000000 -0.478971339 0.135096289 -0.173622504 0.001810413 0.024176188 -0.004815749 0.999694475
4242.000000000 -0.478948360 0.135278941 -0.173679985 0.001821796 0.024172120 -0.004801183 0.999694623
4243.000000000 -0.479178552 0.135278807 -0.173710617 0.001822657 0.024206336 -0.004743562 0.999694068
4244.000000000 -0.479588827 0.135272851 -0.173701841 0.001823494 0.024270080 -0.004774060 0.999692376
4245.000000000 -0.479250856 0.134637568 -0.173811454 0.001736846 0.024217176 -0.004748890 0.999693933
4246.000000000 -0.479228264 0.134697893 -0.173926872 0.001747313 0.024212962 -0.004743360 0.999694043
4247.000000000 -0.479181723 0.134695952 -0.173786814 0.001748985 0.024213201 -0.004704760 0.999694217
4248.000000000 -0.479293816 0.134656991 -0.174028551 0.001744169 0.024219469 -0.004741938 0.999693898
4249.000000000 -0.479304710 0.134730621 -0.173898355 0.001750501 0.024226035 -0.004740797 0.999693733
4250.000000000 -0.479227403 0.134743669 -0.173858328 0.001745398 0.024216065 -0.004718689 0.999694088
4251.000000000 -0.479212644 0.134701907 -0.173788359 0.001740053 0.024214722 -0.004749285 0.999693985
4252.000000000 -0.479230214 0.134703324 -0.173834858 0.001746543 0.024210820 -0.004749699 0.999694066
4253.000000000 -0.478671187 0.135675932 -0.173869973 0.002077623 0.024059656 -0.004904793 0.999696334
4254.000000000 -0.478492147 0.135633555 -0.174006350 0.002054140 0.024063887 -0.004909313 0.999696258
4255.000000000 -0.479036212 0.135303225 -0.174306240 0.002026718 0.024203443 -0.004928461 0.999692851
4256.000000000 -0.479010230 0.135304163 -0.174384250 0.002006461 0.024224710 -0.004915709 0.999692439
4257.000000000 -0.478967671 0.135321302 -0.174280919 0.002026846 0.024191382 -0.004922259 0.999693173
4258.000000000 -0.478996120 0.135330397 -0.174244657 0.002029768 0.024212962 -0.004970118 0.999692408
4259.000000000 -0.479029432 0.135341045 -0.174011473 0.002013831 0.024218064 -0.004927690 0.999692527
4260.000000000 -0.478868363 0.135187895 -0.173875756 0.001992199 0.024169975 -0.004940224 0.999693672
4261.000000000 -0.478873853 0.135127417 -0.173744932 0.001984024 0.024167004 -0.004964069 0.999693642
4262.000000000 -0.478872990 0.135204443 -0.173866951 0.001994952 0.024168391 -0.004923454 0.999693787
4263.000000000 -0.478829473 0.135204916 -0.173822325 0.001992755 0.024159291 -0.004960440 0.999693829
4264.000000000 -0.478800010 0.135174794 -0.173720881 0.001999128 0.024154479 -0.004966330 0.999693903
4265.000000000 -0.478774585 0.135135038 -0.173614302 0.001991175 0.024155321 -0.004982351 0.999693819
4266.000000000 -0.478721854 0.135183830 -0.173784081 0.001991199 0.024144912 -0.004991319 0.999694026
4267.000000000 -0.478721776 0.135266615 -0.173763959 0.002020325 0.024142192 -0.005003515 0.999693972
4268.000000000 -0.478711242 0.135207341 -0.173660048 0.002019611 0.024141097 -0.005005726 0.999693989
4269.000000000 -0.478789586 0.135362553 -0.173942064 0.002018770 0.024140534 -0.004943922 0.999694312
4270.000000000 -0.478822137 0.135410141 -0.174095831 0.002024847 0.024148148 -0.004920022 0.999694233
4271.000000000 -0.478907019 0.135253434 -0.174069943 0.001995589 0.024173639 -0.004939882 0.999693578
4272.000000000 -0.478875818 0.135243602 -0.174036791 0.002000871 0.024165327 -0.004906232 0.999693934
4273.000000000 -0.478957255 0.135274154 -0.174117579 0.002005619 0.024174727 -0.004914666 0.999693656
4274.000000000 -0.479084572 0.135184230 -0.174148887 0.001989383 0.024207280 -0.004934640 0.999692802
4275.000000000 -0.479005733 0.135201919 -0.174218305 0.001982669 0.024189430 -0.004920167 0.999693319
4276.000000000 -0.479051637 0.135273415 -0.174051058 0.002043207 0.024192742 -0.004926949 0.999693084
4277.000000000 -0.479113461 0.135307761 -0.174028005 0.002032529 0.024223668 -0.004935299 0.999692315
4278.000000000 -0.478678500 0.135384999 -0.174045404 0.002029413 0.024136847 -0.004915157 0.999694521
4279.000000000 -0.478896573 0.135868828 -0.174173055 0.002123574 0.024174047 -0.004887570 0.999693562
4280.000000000 -0.478750008 0.135866184 -0.174250021 0.002136234 0.024144211 -0.004868986 0.999694347
4281.000000000 -0.478720270 0.135871286 -0.174287098 0.002107412 0.024136600 -0.004782255 0.999695010
4282.000000000 -0.478726328 0.135900161 -0.174204445 0.002113931 0.024116165 -0.004787660 0.999695464
4283.000000000 -0.478993851 0.135853021 -0.174282095 0.002074934 0.024177138 -0.004779189 0.999694113
4284.000000000 -0.478964772 0.135952900 -0.174410615 0.002098897 0.024171399 -0.004764551 0.999694272
4285.000000000 -0.479029186 0.135701016 -0.174420583 0.002088037 0.024180927 -0.004818199 0.999693807
4286.000000000 -0.479008362 0.135809274 -0.174775755 0.002065013 0.024192998 -0.004802959 0.999693636
4287.000000000 -0.478836496 0.135771459 -0.174195687 0.002091607 0.024156215 -0.004879268 0.999694101
4288.000000000 -0.478911079 0.135561697 -0.174216114 0.002051136 0.024171926 -0.004923018 0.999693590
4289.000000000 -0.478741268 0.135541181 -0.174259673 0.002047264 0.024147150 -0.004895764 0.999694331
4290.000000000 -0.478770460 0.135577323 -0.174262067 0.002051982 0.024140935 -0.004894628 0.999694477
4291.000000000 -0.478769935 0.135542830 -0.174437187 0.002057386 0.024134922 -0.004879354 0.999694686
4292.000000000 -0.478876982 0.135580199 -0.174450308 0.002046565 0.024167744 -0.004870227 0.999693959
4293.000000000 -0.478829640 0.135421555 -0.174484043 0.002025205 0.024135892 -0.004886788 0.999694692
4294.000000000 -0.478812767 0.135395154 -0.174424410 0.002013334 0.024149860 -0.004912797 0.999694251
4295.000000000 -0.478775460 0.135419581 -0.174489647 0.002015493 0.024145372 -0.004898030 0.999694427
4296.000000000 -0.478762412 0.135505995 -0.174556067 0.002045468 0.024126260 -0.004878874 0.999694922
4297.000000000 -0.478750424 0.135406593 -0.174374279 0.002027181 0.024142503 -0.004874641 0.999694587
4298.000000000 -0.478907345 0.135412438 -0.174172404 0.002026192 0.024180145 -0.004875061 0.999693678
4299.000000000 -0.478726896 0.135434434 -0.174247563 0.002046659 0.024138688 -0.004846970 0.999694774
4300.000000000 -0.478842044 0.135289622 -0.174146173 0.002008126 0.024164003 -0.004878589 0.999694087
4301.000000000 -0.478977230 0.135377159 -0.174303588 0.002018427 0.024185875 -0.004877561 0.999693542
4302.000000000 -0.478904961 0.135482948 -0.174459766 0.002038907 0.024171358 -0.004876880 0.999693855
4303.000000000 -0.479010551 0.135279522 -0.174382572 0.001996258 0.024188102 -0.004867639 0.999693581
4304.000000000 -0.478965712 0.135368835 -0.174337464 0.002020107 0.024176278 -0.004872216 0.999693797
4305.000000000 -0.479038186 0.135282864 -0.174212818 0.002006379 0.024197876 -0.004886654 0.999693232
4306.000000000 -0.479002548 0.135258713 -0.174414294 0.002000525 0.024182327 -0.004861838 0.999693741
4307.000000000 -0.478912637 0.135492463 -0.174477331 0.002038298 0.024163184 -0.004825288 0.999694305
4308.000000000 -0.478986676 0.135456722 -0.174559683 0.002027349 0.024177399 -0.004846481 0.999693881
4309.000000000 -0.478859259 0.135676671 -0.174364901 0.002065528 0.024151278 -0.004834768 0.999694491
4310.000000000 -0.479034888 0.135617304 -0.174451592 0.002054008 0.024182304 -0.004826971 0.999693802
4311.000000000 -0.479057464 0.135580356 -0.174350781 0.002050357 0.024182556 -0.004818282 0.999693845
4312.000000000 -0.479043500 0.135589389 -0.174272061 0.002043659 0.024171962 -0.004824665 0.999694084
4313.000000000 -0.479059305 0.135399692 -0.174162234 0.002008805 0.024192209 -0.004856311 0.999693512
4314.000000000 -0.478818110 0.135296295 -0.174081598 0.001989421 0.024139201 -0.004866267 0.999694784
4315.000000000 -0.478849956 0.135447313 -0.173839139 0.002014713 0.024150435 -0.004879024 0.999694400
4316.000000000 -0.478658397 0.135542031 -0.174035824 0.002030903 0.024115509 -0.004853649 0.999695333
4317.000000000 -0.478662227 0.135492761 -0.173996421 0.002016816 0.024131402 -0.004881529 0.999694843
4318.000000000 -0.478717494 0.135474286 -0.173976710 0.002023021 0.024130211 -0.004852774 0.999694999
4319.000000000 -0.478674567 0.135500172 -0.173844105 0.002024174 0.024145651 -0.004904425 0.999694372
4320.000000000 -0.478717740 0.135539695 -0.173996691 0.002023825 0.024155159 -0.004893769 0.999694195
4321.000000000 -0.478524966 0.135318157 -0.173826530 0.001999621 0.024122276 -0.004912093 0.999694948
4322.000000000 -0.478699999 0.135485720 -0.173938811 0.002015242 0.024134311 -0.004904234 0.999694665
4323.000000000 -0.478585868 0.135531863 -0.173974769 0.002026781 0.024106084 -0.004899548 0.999695345
4324.000000000 -0.478684445 0.135312655 -0.173833234 0.001991126 0.024137421 -0.004927396 0.999694524
4325.000000000 -0.478453420 0.135419672 -0.174223303 0.002015233 0.024079423 -0.004889118 0.999696062
4326.000000000 -0.478808601 0.135475871 -0.173981620 0.002011050 0.024140883 -0.004891310 0.999694578
4327.000000000 -0.478959451 0.135464993 -0.174045004 0.002021087 0.024146404 -0.004879650 0.999694481
4328.000000000 -0.478759933 0.135599622 -0.174098530 0.002045083 0.024111598 -0.004893324 0.999695205
4329.000000000 -0.478841894 0.135531228 -0.174012495 0.002040935 0.024118397 -0.004878653 0.999695122
4330.000000000 -0.478827368 0.135507119 -0.173828568 0.002036378 0.024142547 -0.004874040 0.999694571
4331.000000000 -0.478943003 0.135477335 -0.173963110 0.002031617 0.024142212 -0.004875996 0.999694579
4332.000000000 -0.478964951 0.135524888 -0.174002167 0.002054952 0.024147199 -0.004840972 0.999694581
4333.000000000 -0.479069252 0.135569355 -0.174136954 0.002061164 0.024157151 -0.004827163 0.999694394
4334.000000000 -0.478805952 0.135523105 -0.174199081 0.002053407 0.024098897 -0.004840810 0.999695750
4335.000000000 -0.479108945 0.135530611 -0.174198218 0.002049548 0.024162430 -0.004829748 0.999694278
4336.000000000 -0.478971278 0.135413341 -0.174086273 0.002034020 0.024158416 -0.004847921 0.999694319
4337.000000000 -0.478994688 0.135426669 -0.174213987 0.002041556 0.024160998 -0.004856299 0.999694201
4338.000000000 -0.479120141 0.135599736 -0.174235637 0.002065403 0.024178627 -0.004849932 0.999693756
4339.000000000 -0.478984774 0.135521038 -0.174286616 0.002047615 0.024149150 -0.004850083 0.999694505
4340.000000000 -0.478986521 0.135480437 -0.174157123 0.002032363 0.024148665 -0.004839435 0.999694599
4341.000000000 -0.479034670 0.135458279 -0.174139098 0.002031426 0.024152339 -0.004839881 0.999694510
4342.000000000 -0.479125020 0.135517489 -0.174048421 0.002038936 0.024187261 -0.004846404 0.999693619
4343.000000000 -0.479187207 0.135638691 -0.174032334 0.002062517 0.024200071 -0.004817816 0.999693399
4344.000000000 -0.479170455 0.135712999 -0.174113325 0.002068496 0.024194773 -0.004795577 0.999693621
4345.000000000 -0.478888459 0.135721779 -0.173998710 0.002066002 0.024159815 -0.004815209 0.999694378
4346.000000000 -0.478772920 0.135919332 -0.174118896 0.002087628 0.024151398 -0.004807238 0.999694574
4347.000000000 -0.479018041 0.135854724 -0.174228999 0.002074803 0.024190143 -0.004768757 0.999693849
4348.000000000 -0.478957805 0.135841927 -0.174115332 0.002065817 0.024178040 -0.004767794 0.999694165
4349.000000000 -0.478845796 0.135964986 -0.174011074 0.002103158 0.024161646 -0.004760261 0.999694519
4350.000000000 -0.478870682 0.135962447 -0.174154973 0.002101432 0.024161146 -0.004764222 0.999694516
4351.000000000 -0.478890852 0.135963121 -0.174245652 0.002098596 0.024166697 -0.004757152 0.999694421
4352.000000000 -0.478883986 0.136017298 -0.174434717 0.002104289 0.024164969 -0.004731522 0.999694573
4353.000000000 -0.479089754 0.136067513 -0.174589632 0.002105765 0.024178315 -0.004760679 0.999694109
4354.000000000 -0.478998503 0.136242086 -0.174336110 0.002148878 0.024171141 -0.004800997 0.999693998
4355.000000000 -0.479004555 0.136257941 -0.174426446 0.002147243 0.024171808 -0.004800980 0.999693985
4356.000000000 -0.479164054 0.136318156 -0.174682987 0.002153880 0.024184008 -0.004792771 0.999693715
4357.000000000 -0.479158505 0.136318384 -0.174455382 0.002155358 0.024203125 -0.004790024 0.999693262
4358.000000000 -0.479064890 0.136139157 -0.174323630 0.002132630 0.024196213 -0.004801865 0.999693422
4359.000000000 -0.479248677 0.136152711 -0.174350109 0.002130728 0.024217104 -0.004831204 0.999692778
4360.000000000 -0.478598520 0.137005881 -0.174278575 0.002267963 0.024106284 -0.004796001 0.999695324
4361.000000000 -0.478570788 0.136513399 -0.174180627 0.002181029 0.024100573 -0.004725196 0.999695993
4362.000000000 -0.478689289 0.136601205 -0.174087491 0.002201063 0.024124139 -0.004716523 0.999695421
4363.000000000 -0.478568674 0.136639613 -0.174235502 0.002217100 0.024096494 -0.004708340 0.999696091
4364.000000000 -0.478570525 0.136871870 -0.174156791 0.002254076 0.024098920 -0.004690786 0.999696033
4365.000000000 -0.478450421 0.136829188 -0.174392238 0.002246695 0.024060015 -0.004684068 0.999697018
4366.000000000 -0.478625377 0.136681489 -0.174030992 0.002208714 0.024114436 -0.004732091 0.999695565
4367.000000000 -0.478623718 0.136661791 -0.174126332 0.002207067 0.024108371 -0.004733101 0.999695710
4368.000000000 -0.478709944 0.136562966 -0.174029738 0.002189738 0.024125344 -0.004746833 0.999695274
4369.000000000 -0.478508528 0.136481886 -0.174100550 0.002163079 0.024095556 -0.004794789 0.999695821
4370.000000000 -0.478666664 0.136469759 -0.174063256 0.002159661 0.024122592 -0.004792923 0.999695186
4371.000000000 -0.478668310 0.136525206 -0.173932186 0.002172531 0.024127349 -0.004796807 0.999695024
4372.000000000 -0.478719763 0.136586671 -0.173983571 0.002169465 0.024131986 -0.004818270 0.999694816
4373.000000000 -0.478484893 0.136557782 -0.174162194 0.002163904 0.024079520 -0.004816487 0.999696102
4374.000000000 -0.478593376 0.136486435 -0.174015663 0.002149530 0.024108387 -0.004818481 0.999695427
4375.000000000 -0.478476813 0.136575149 -0.174124778 0.002166863 0.024080502 -0.004810324 0.999696101
4376.000000000 -0.478305692 0.136552614 -0.174391188 0.002170403 0.024032648 -0.004790809 0.999697339
4377.000000000 -0.478406285 0.136575306 -0.174356289 0.002176747 0.024056949 -0.004775874 0.999696812
4378.000000000 -0.478423560 0.136497998 -0.174334364 0.002164390 0.024061315 -0.004788213 0.999696675
4379.000000000 -0.478532143 0.136325249 -0.174296255 0.002135302 0.024078099 -0.004817492 0.999696193
4380.000000000 -0.478462072 0.136481752 -0.174214301 0.002151397 0.024067055 -0.004792137 0.999696546
4381.000000000 -0.478480638 0.135707909 -0.174203990 0.001988611 0.023991649 -0.004521919 0.999699954
4382.000000000 -0.478440000 0.135641336 -0.174258933 0.001971340 0.023986054 -0.004509576 0.999700178
4383.000000000 -0.478090036 0.135525428 -0.174335055 0.001955730 0.023888852 -0.004462196 0.999702749
4384.000000000 -0.477935423 0.135218221 -0.174044590 0.001913146 0.023862286 -0.004471558 0.999703424
4385.000000000 -0.479232613 0.134328244 -0.174287997 0.001674716 0.024052074 -0.004406709 0.999699592
4386.000000000 -0.478452628 0.134435571 -0.174105483 0.001736031 0.023912087 -0.004452210 0.999702644
4387.000000000 -0.478515913 0.134169060 -0.173946887 0.001683964 0.023924435 -0.004429348 0.999702539
4388.000000000 -0.478473040 0.134301131 -0.174215386 0.001699594 0.023914581 -0.004420935 0.999702786
4389.000000000 -0.478458980 0.134316422 -0.174066081 0.001719987 0.023903729 -0.004411033 0.999703054
4390.000000000 -0.478371410 0.134141848 -0.173849286 0.001685499 0.023891915 -0.004452117 0.999703213
4391.000000000 -0.478528031 0.134088998 -0.174045091 0.001668342 0.023919723 -0.004503142 0.999702348
4392.000000000 -0.478600808 0.134290243 -0.174165785 0.001722064 0.023926586 -0.004413549 0.999702493
4393.000000000 -0.478585101 0.134203318 -0.174199910 0.001692916 0.023922166 -0.004464009 0.999702424
4394.000000000 -0.478451683 0.134161549 -0.173898257 0.001692821 0.023902175 -0.004497563 0.999702752
4395.000000000 -0.478436114 0.134140041 -0.173796286 0.001681029 0.023900184 -0.004481878 0.999702890
4396.000000000 -0.478533382 0.134137960 -0.173979047 0.001675877 0.023902624 -0.004472957 0.999702880
4397.000000000 -0.478451365 0.134104141 -0.173799380 0.001664501 0.023897427 -0.004483632 0.999702976
4398.000000000 -0.478562993 0.134052122 -0.173812781 0.001657907 0.023925168 -0.004463808 0.999702412
4399.000000000 -0.478593789 0.133996233 -0.173886179 0.001649595 0.023924087 -0.004479234 0.999702382
4400.000000000 -0.478532365 0.134038701 -0.173927813 0.001661473 0.023915565 -0.004470890 0.999702604
4401.000000000 -0.478524102 0.134076639 -0.173875777 0.001683735 0.023904232 -0.004463883 0.999702869
4402.000000000 -0.478527255 0.134109152 -0.173877762 0.001692808 0.023908716 -0.004448311 0.999702816
4403.000000000 -0.478565198 0.134025759 -0.173854254 0.001685377 0.023913576 -0.004446909 0.999702719
4404.000000000 -0.478583186 0.134058038 -0.173727735 0.001678843 0.023919893 -0.004472977 0.999702462
4405.000000000 -0.478568750 0.134054564 -0.173734336 0.001672002 0.023929256 -0.004422872 0.999702472
4406.000000000 -0.478640357 0.134031282 -0.173887329 0.001664370 0.023950165 -0.004423470 0.999701982
4407.000000000 -0.478624323 0.134059121 -0.173841103 0.001667991 0.023948043 -0.004411247 0.999702081
4408.000000000 -0.478630080 0.134040454 -0.173981445 0.001680284 0.023941674 -0.004429010 0.999702134
4409.000000000 -0.478564104 0.134170132 -0.173928136 0.001696164 0.023929894 -0.004412726 0.999702461
4410.000000000 -0.478460755 0.133973685 -0.173800000 0.001663418 0.023913097 -0.004431752 0.999702834
4411.000000000 -0.478509081 0.134086855 -0.173860935 0.001688068 0.023918026 -0.004423265 0.999702712
4412.000000000 -0.478514523 0.134000051 -0.173859041 0.001693642 0.023909568 -0.004436297 0.999702848
4413.000000000 -0.478470999 0.133984581 -0.173773615 0.001689520 0.023901650 -0.004412672 0.999703148
4414.000000000 -0.478437590 0.133973679 -0.173869425 0.001707750 0.023886409 -0.004433492 0.999703390
4415.000000000 -0.478500518 0.133856012 -0.173831588 0.001672548 0.023903002 -0.004450591 0.999702977
4416.000000000 -0.478311859 0.133910789 -0.173719187 0.001669740 0.023844494 -0.004463679 0.999704320
4417.000000000 -0.478224831 0.133848201 -0.173567731 0.001656719 0.023843489 -0.004451615 0.999704420
4418.000000000 -0.478131285 0.133108932 -0.173478770 0.001524945 0.023824781 -0.004464677 0.999705017
4419.000000000 -0.478295236 0.133022124 -0.173527563 0.001522145 0.023852146 -0.004482896 0.999704287
4420.000000000 -0.478277055 0.133177115 -0.173728804 0.001550537 0.023845152 -0.004454895 0.999704536
4421.000000000 -0.478389797 0.133352204 -0.173866539 0.001560251 0.023862354 -0.004488250 0.999703961
4422.000000000 -0.478389473 0.133093416 -0.173867724 0.001541275 0.023859830 -0.004512862 0.999703940
4423.000000000 -0.478455185 0.133059797 -0.173869182 0.001523745 0.023875715 -0.004521677 0.999703547
4424.000000000 -0.478444590 0.132996138 -0.173753331 0.001515347 0.023876088 -0.004548038 0.999703432
4425.000000000 -0.478411452 0.132795465 -0.173673524 0.001490660 0.023865344 -0.004545968 0.999703735
4426.000000000 -0.478425987 0.132753911 -0.173752551 0.001489567 0.023868710 -0.004535066 0.999703706
4427.000000000 -0.478534993 0.133797707 -0.174392257 0.001639707 0.023887829 -0.004507703 0.999703138
4428.000000000 -0.478851959 0.134161441 -0.174639378 0.001735770 0.023959301 -0.004602484 0.999700833
4429.000000000 -0.478907744 0.134368875 -0.174757614 0.001783107 0.023965730 -0.004598271 0.999700615
4430.000000000 -0.478896561 0.134239448 -0.174692539 0.001751390 0.023968488 -0.004595898 0.999700616
4431.000000000 -0.479023526 0.134214658 -0.174785801 0.001745775 0.023980082 -0.004617640 0.999700248
4432.000000000 -0.479059415 0.134195037 -0.174776405 0.001707703 0.024006605 -0.004468651 0.999700354
4433.000000000 -0.479562694 0.133810481 -0.174572237 0.001753127 0.024094681 -0.004583853 0.999697635
4434.000000000 -0.479557353 0.133815810 -0.174533196 0.001752957 0.024091879 -0.004600649 0.999697626
4435.000000000 -0.479574092 0.133812317 -0.174599662 0.001750204 0.024096633 -0.004606102 0.999697491
4436.000000000 -0.479566043 0.133810479 -0.174573771 0.001747482 0.024097063 -0.004609021 0.999697472
4437.000000000 -0.479563553 0.133805739 -0.174567000 0.001730869 0.024099301 -0.004584587 0.999697559
4438.000000000 -0.479546197 0.133815093 -0.174548712 0.001745254 0.024091772 -0.004593828 0.999697673
4439.000000000 -0.479565405 0.133808740 -0.174565633 0.001733582 0.024105699 -0.004616231 0.999697254
4440.000000000 -0.479558366 0.133810870 -0.174574724 0.001746173 0.024092701 -0.004594020 0.999697648
4441.000000000 -0.479551737 0.133816774 -0.174549507 0.001744101 0.024087657 -0.004616134 0.999697671
4442.000000000 -0.479549681 0.133810134 -0.174534055 0.001740219 0.024087626 -0.004598246 0.999697761
4443.000000000 -0.479491448 0.133833017 -0.174371488 0.001741867 0.024078299 -0.004588127 0.999698030
4444.000000000 -0.479477429 0.133841091 -0.174320892 0.001737591 0.024070782 -0.004632115 0.999698015
4445.000000000 -0.479536067 0.133801083 -0.174446540 0.001706554 0.024103161 -0.004570493 0.999697572
4446.000000000 -0.479516287 0.133810569 -0.174369502 0.001709143 0.024107693 -0.004569515 0.999697463
4447.000000000 -0.479509043 0.133820262 -0.174333095 0.001715181 0.024105996 -0.004590231 0.999697399
4448.000000000 -0.479508470 0.133822801 -0.174354778 0.001716187 0.024102350 -0.004598427 0.999697447
4449.000000000 -0.479496988 0.133831116 -0.174296916 0.001725161 0.024106327 -0.004618501 0.999697243
4450.000000000 -0.479386357 0.133851504 -0.174019459 0.001705128 0.024085952 -0.004555866 0.999698056
4451.000000000 -0.479341602 0.133873723 -0.173912662 0.001719812 0.024079804 -0.004561502 0.999698153
4452.000000000 -0.479344189 0.133878430 -0.173905908 0.001724847 0.024070299 -0.004582939 0.999698276
4453.000000000 -0.479351186 0.133875553 -0.173920346 0.001725695 0.024085124 -0.004574118 0.999697957
4454.000000000 -0.479396561 0.133850904 -0.174033323 0.001707022 0.024099389 -0.004551238 0.999697750
4455.000000000 -0.479364479 0.133869407 -0.173953694 0.001719319 0.024100903 -0.004573563 0.999697591
4456.000000000 -0.479365102 0.133862578 -0.173965624 0.001713153 0.024091293 -0.004561729 0.999697887
4457.000000000 -0.479400274 0.133858516 -0.174065328 0.001718871 0.024097442 -0.004596311 0.999697571
4458.000000000 -0.479391632 0.133860847 -0.174049603 0.001723568 0.024098748 -0.004595868 0.999697533
4459.000000000 -0.479381437 0.133866567 -0.174022641 0.001729139 0.024099083 -0.004584218 0.999697569
4460.000000000 -0.479366416 0.133872125 -0.173981838 0.001731395 0.024089784 -0.004598026 0.999697726
4461.000000000 -0.479427135 0.133849666 -0.174165741 0.001725280 0.024078685 -0.004625702 0.999697876
4462.000000000 -0.479426447 0.133848995 -0.174182447 0.001731446 0.024071822 -0.004618845 0.999698062
4463.000000000 -0.479427917 0.133858460 -0.174153645 0.001742841 0.024079984 -0.004599925 0.999697933
4464.000000000 -0.479412916 0.133857182 -0.174139322 0.001730010 0.024064286 -0.004608729 0.999698293
4465.000000000 -0.479393099 0.133867588 -0.174094491 0.001746348 0.024051370 -0.004610813 0.999698566
4466.000000000 -0.479396043 0.133865762 -0.174107001 0.001741137 0.024055698 -0.004615136 0.999698451
4467.000000000 -0.479395888 0.133865758 -0.174095209 0.001743344 0.024054679 -0.004622616 0.999698437
4468.000000000 -0.479397622 0.133866947 -0.174100654 0.001742433 0.024058390 -0.004633323 0.999698300
4469.000000000 -0.479428553 0.133855430 -0.174164023 0.001731916 0.024066620 -0.004606337 0.999698244
4470.000000000 -0.479419145 0.133862054 -0.174155638 0.001741244 0.024069342 -0.004603545 0.999698176
4471.000000000 -0.479402614 0.133862912 -0.174097073 0.001739550 0.024062306 -0.004583707 0.999698439
4472.000000000 -0.479432380 0.133845058 -0.174175892 0.001727933 0.024078081 -0.004560505 0.999698185
4473.000000000 -0.479433856 0.133845700 -0.174183626 0.001727950 0.024074042 -0.004579444 0.999698196
4474.000000000 -0.479427019 0.133847165 -0.174178783 0.001727345 0.024072662 -0.004587310 0.999698194
4475.000000000 -0.479430385 0.133846095 -0.174176556 0.001727597 0.024071298 -0.004590694 0.999698211
4476.000000000 -0.479423757 0.133844026 -0.174157592 0.001726887 0.024073788 -0.004576004 0.999698220
4477.000000000 -0.479458895 0.133826324 -0.174274839 0.001722953 0.024074708 -0.004546024 0.999698341
4478.000000000 -0.479432804 0.133836483 -0.174202646 0.001724956 0.024072781 -0.004567338 0.999698287
4479.000000000 -0.479420042 0.133834784 -0.174175926 0.001720480 0.024070653 -0.004572497 0.999698322
4480.000000000 -0.479411136 0.133844358 -0.174164519 0.001727980 0.024056999 -0.004584759 0.999698582
4481.000000000 -0.479407283 0.133843953 -0.174158501 0.001729506 0.024057043 -0.004592451 0.999698543
4482.000000000 -0.479411120 0.133841011 -0.174168228 0.001729299 0.024052975 -0.004591403 0.999698646
4483.000000000 -0.479434153 0.133830125 -0.174223894 0.001719731 0.024063005 -0.004574691 0.999698498
4484.000000000 -0.479439740 0.133825525 -0.174235902 0.001699970 0.024059380 -0.004593091 0.999698534
4485.000000000 -0.479429991 0.133829584 -0.174213497 0.001707064 0.024058831 -0.004600483 0.999698502
4486.000000000 -0.479459715 0.133820764 -0.174289585 0.001712378 0.024074078 -0.004583491 0.999698204
4487.000000000 -0.479471103 0.133817981 -0.174323755 0.001711971 0.024075056 -0.004579891 0.999698197
4488.000000000 -0.479490956 0.133809415 -0.174389124 0.001716166 0.024069067 -0.004569490 0.999698382
4489.000000000 -0.479469045 0.133816122 -0.174315950 0.001714477 0.024071522 -0.004566723 0.999698338
4490.000000000 -0.479475359 0.133811766 -0.174358266 0.001710887 0.024066594 -0.004567797 0.999698458
4491.000000000 -0.479451173 0.133824273 -0.174299956 0.001726540 0.024062445 -0.004551318 0.999698606
4492.000000000 -0.479456509 0.133830065 -0.174331978 0.001737283 0.024048466 -0.004585817 0.999698766
4493.000000000 -0.479461283 0.133826964 -0.174328249 0.001731926 0.024061014 -0.004572952 0.999698533
4494.000000000 -0.479469480 0.133823548 -0.174355503 0.001733079 0.024056568 -0.004585818 0.999698579
4495.000000000 -0.479471930 0.133822274 -0.174338139 0.001719992 0.024072500 -0.004572087 0.999698281
4496.000000000 -0.479455043 0.133828640 -0.174300040 0.001729798 0.024064395 -0.004565296 0.999698490
4497.000000000 -0.479444789 0.133837527 -0.174245843 0.001729485 0.024060268 -0.004590025 0.999698477
4498.000000000 -0.479449174 0.133841176 -0.174252596 0.001730348 0.024058633 -0.004618805 0.999698382
4499.000000000 -0.479453596 0.133839671 -0.174252781 0.001735147 0.024067797 -0.004588375 0.999698293
4500.000000000 -0.479460744 0.133848158 -0.174246438 0.001741688 0.024070360 -0.004596823 0.999698181
4501.000000000 -0.479473213 0.133834943 -0.174276917 0.001742814 0.024076280 -0.004560063 0.999698205
4502.000000000 -0.479475980 0.133838964 -0.174256889 0.001740378 0.024077943 -0.004618772 0.999697900
4503.000000000 -0.479454643 0.133842778 -0.174215439 0.001733272 0.024071126 -0.004603268 0.999698148
4504.000000000 -0.479438251 0.133849423 -0.174185625 0.001732465 0.024062941 -0.004608687 0.999698321
4505.000000000 -0.479443458 0.133844173 -0.174200730 0.001726272 0.024061762 -0.004597735 0.999698411
4506.000000000 -0.479466329 0.133838287 -0.174236829 0.001734146 0.024070256 -0.004607011 0.999698150
4507.000000000 -0.479430514 0.133849441 -0.174185122 0.001744316 0.024044867 -0.004593857 0.999698804
4508.000000000 -0.479473984 0.133822758 -0.174290289 0.001723136 0.024064781 -0.004599444 0.999698336
4509.000000000 -0.479460222 0.133829966 -0.174235882 0.001730975 0.024068166 -0.004613423 0.999698176
4510.000000000 -0.479448390 0.133840498 -0.174196560 0.001739881 0.024069505 -0.004603020 0.999698176
4511.000000000 -0.479422915 0.133848223 -0.174148456 0.001745458 0.024058652 -0.004616246 0.999698367
4512.000000000 -0.479461625 0.133834347 -0.174241992 0.001744342 0.024065177 -0.004601165 0.999698281
4513.000000000 -0.479459905 0.133838313 -0.174250693 0.001746594 0.024071744 -0.004608241 0.999698087
4514.000000000 -0.479451919 0.133844295 -0.174233376 0.001751004 0.024068031 -0.004610825 0.999698157
4515.000000000 -0.479469016 0.133835263 -0.174288612 0.001743654 0.024069922 -0.004607554 0.999698139
4516.000000000 -0.479450886 0.133841282 -0.174231560 0.001749043 0.024063556 -0.004605382 0.999698293
4517.000000000 -0.479459598 0.133842710 -0.174247572 0.001743801 0.024063045 -0.004614816 0.999698271
4518.000000000 -0.479451195 0.133844389 -0.174242077 0.001747973 0.024055674 -0.004627655 0.999698381
4519.000000000 -0.479463164 0.133843692 -0.174254527 0.001759112 0.024065754 -0.004607653 0.999698212
4520.000000000 -0.479450808 0.133849755 -0.174217075 0.001762585 0.024065489 -0.004618371 0.999698163
4521.000000000 -0.479451739 0.133842813 -0.174216664 0.001754334 0.024068771 -0.004604562 0.999698162
4522.000000000 -0.479460342 0.133839103 -0.174252074 0.001750436 0.024066715 -0.004614482 0.999698172
4523.000000000 -0.479433904 0.133843159 -0.174177253 0.001739740 0.024060782 -0.004617986 0.999698318
4524.000000000 -0.479447446 0.133842802 -0.174206550 0.001744168 0.024063746 -0.004613473 0.999698259
4525.000000000 -0.479448188 0.133837508 -0.174219200 0.001744180 0.024062624 -0.004621051 0.999698251
4526.000000000 -0.479456923 0.133828329 -0.174235637 0.001729764 0.024065195 -0.004613192 0.999698251
4527.000000000 -0.479477790 0.133824752 -0.174308000 0.001731415 0.024059086 -0.004619639 0.999698365
4528.000000000 -0.479466405 0.133832339 -0.174273416 0.001737853 0.024054123 -0.004636526 0.999698395
4529.000000000 -0.479470032 0.133827493 -0.174296390 0.001736840 0.024054464 -0.004619631 0.999698467
4530.000000000 -0.479473045 0.133831822 -0.174289963 0.001744440 0.024056221 -0.004630364 0.999698362
4531.000000000 -0.479454423 0.133833092 -0.174260372 0.001740582 0.024048394 -0.004636481 0.999698529
4532.000000000 -0.479453720 0.133839395 -0.174255419 0.001741791 0.024045961 -0.004654394 0.999698502
4533.000000000 -0.479442641 0.133836441 -0.174215731 0.001739671 0.024056538 -0.004629622 0.999698366
4534.000000000 -0.479423227 0.133843154 -0.174170200 0.001733313 0.024047225 -0.004625624 0.999698620
4535.000000000 -0.479464487 0.133827659 -0.174281937 0.001730335 0.024055515 -0.004630369 0.999698403
4536.000000000 -0.479459888 0.133827526 -0.174271861 0.001729863 0.024052699 -0.004629878 0.999698474
4537.000000000 -0.479452002 0.133833738 -0.174233209 0.001724958 0.024057210 -0.004635266 0.999698349
4538.000000000 -0.479495270 0.133811497 -0.174350412 0.001720055 0.024060263 -0.004631473 0.999698302
4539.000000000 -0.479483735 0.133821512 -0.174322416 0.001729119 0.024056370 -0.004653149 0.999698279
4540.000000000 -0.479567273 0.133789007 -0.174559079 0.001739395 0.024068709 -0.004635968 0.999698044
4541.000000000 -0.479557710 0.133797903 -0.174528513 0.001745453 0.024067566 -0.004627774 0.999698099
4542.000000000 -0.479569570 0.133792763 -0.174589024 0.001745421 0.024066439 -0.004600907 0.999698250
4543.000000000 -0.479561107 0.133801751 -0.174564507 0.001745020 0.024064262 -0.004647356 0.999698089
4544.000000000 -0.479564860 0.133797136 -0.174565652 0.001745182 0.024072358 -0.004616928 0.999698034
4545.000000000 -0.479550420 0.133805907 -0.174542781 0.001752213 0.024067547 -0.004634058 0.999698059
4546.000000000 -0.479555364 0.133797468 -0.174575793 0.001744694 0.024059253 -0.004629450 0.999698293
4547.000000000 -0.479568501 0.133792508 -0.174605567 0.001744271 0.024068133 -0.004611593 0.999698162
4548.000000000 -0.479569123 0.133788829 -0.174594818 0.001734191 0.024068249 -0.004602408 0.999698219
4549.000000000 -0.479561185 0.133789587 -0.174582995 0.001740290 0.024070017 -0.004576568 0.999698285
4550.000000000 -0.479576319 0.133784402 -0.174625981 0.001738291 0.024069200 -0.004567413 0.999698350
4551.000000000 -0.479590367 0.133768804 -0.174688085 0.001748767 0.024069101 -0.004567796 0.999698332
4552.000000000 -0.479610784 0.133756729 -0.174792775 0.001735601 0.024067807 -0.004561230 0.999698416
4553.000000000 -0.479597298 0.133751538 -0.174743703 0.001726554 0.024068426 -0.004552088 0.999698459
4554.000000000 -0.479583487 0.133755068 -0.174690693 0.001733266 0.024066852 -0.004555761 0.999698468
4555.000000000 -0.479570415 0.133761581 -0.174641221 0.001727569 0.024071284 -0.004551542 0.999698391
4556.000000000 -0.479539536 0.133783469 -0.174544394 0.001734400 0.024064632 -0.004558090 0.999698509
4557.000000000 -0.479558150 0.133780944 -0.174615959 0.001737346 0.024062359 -0.004574323 0.999698485
4558.000000000 -0.479523774 0.133790531 -0.174462061 0.001737198 0.024082147 -0.004546758 0.999698134
4559.000000000 -0.479514610 0.133793030 -0.174455076 0.001722028 0.024079539 -0.004482807 0.999698512
4560.000000000 -0.479534204 0.133767251 -0.174503341 0.001716509 0.024082890 -0.004461685 0.999698535
4561.000000000 -0.479534796 0.133764520 -0.174509354 0.001717852 0.024083876 -0.004473921 0.999698455
4562.000000000 -0.479527559 0.133766375 -0.174484980 0.001716077 0.024084388 -0.004463277 0.999698493
4563.000000000 -0.479528264 0.133759348 -0.174486061 0.001716981 0.024083688 -0.004440322 0.999698610
4564.000000000 -0.479524353 0.133760341 -0.174471418 0.001715429 0.024089297 -0.004467613 0.999698356
4565.000000000 -0.479489130 0.133772242 -0.174375171 0.001708132 0.024082303 -0.004475257 0.999698503
4566.000000000 -0.479510017 0.133758845 -0.174452966 0.001708483 0.024084769 -0.004473825 0.999698449
4567.000000000 -0.479542514 0.133756257 -0.174526519 0.001709183 0.024089294 -0.004473629 0.999698340
4568.000000000 -0.479543542 0.133757261 -0.174526652 0.001705929 0.024091888 -0.004460342 0.999698343
4569.000000000 -0.479537502 0.133760831 -0.174504794 0.001694901 0.024089390 -0.004477870 0.999698343
4570.000000000 -0.479536805 0.133757714 -0.174521313 0.001701595 0.024086172 -0.004484036 0.999698382
4571.000000000 -0.479545654 0.133751737 -0.174546051 0.001697063 0.024087121 -0.004488922 0.999698345
4572.000000000 -0.479534823 0.133758372 -0.174521062 0.001706030 0.024085737 -0.004481894 0.999698394
4573.000000000 -0.479521555 0.133765190 -0.174467173 0.001696752 0.024080690 -0.004477942 0.999698549
4574.000000000 -0.479516982 0.133781698 -0.174447143 0.001703146 0.024087253 -0.004501314 0.999698275
4575.000000000 -0.479508575 0.133788970 -0.174416651 0.001710839 0.024085827 -0.004498403 0.999698310
4576.000000000 -0.479527033 0.133771026 -0.174472858 0.001701601 0.024083671 -0.004488182 0.999698423
4577.000000000 -0.479489030 0.133780465 -0.174371330 0.001698795 0.024080494 -0.004492297 0.999698486
4578.000000000 -0.479516218 0.133785716 -0.174443739 0.001707313 0.024084764 -0.004485889 0.999698398
4579.000000000 -0.479499089 0.133790547 -0.174415132 0.001712641 0.024080882 -0.004475662 0.999698528
4580.000000000 -0.479494115 0.133800253 -0.174374448 0.001710721 0.024091748 -0.004516498 0.999698086
4581.000000000 -0.479506736 0.133791756 -0.174403306 0.001703601 0.024089188 -0.004520261 0.999698142
4582.000000000 -0.479507641 0.133794134 -0.174414089 0.001706126 0.024084238 -0.004490372 0.999698392
4583.000000000 -0.479546264 0.133782905 -0.174515861 0.001712279 0.024090341 -0.004511722 0.999698138
4584.000000000 -0.479535538 0.133785034 -0.174472825 0.001702296 0.024091841 -0.004526347 0.999698053
4585.000000000 -0.479561504 0.133770695 -0.174552823 0.001703788 0.024097148 -0.004521973 0.999697943
4586.000000000 -0.479536250 0.133773601 -0.174486824 0.001692706 0.024094739 -0.004519499 0.999698031
4587.000000000 -0.479526481 0.133779441 -0.174466082 0.001690006 0.024090420 -0.004529789 0.999698093
4588.000000000 -0.479521826 0.133786826 -0.174423044 0.001699327 0.024098647 -0.004538055 0.999697841
4589.000000000 -0.479524529 0.133777764 -0.174442187 0.001694449 0.024097657 -0.004510067 0.999698000
4590.000000000 -0.479541005 0.133768675 -0.174483008 0.001691492 0.024103664 -0.004499630 0.999697907
4591.000000000 -0.479518106 0.133778511 -0.174436478 0.001692633 0.024099856 -0.004512368 0.999697940
4592.000000000 -0.479503194 0.133780989 -0.174387390 0.001690990 0.024099420 -0.004486903 0.999698068
4593.000000000 -0.479500856 0.133785201 -0.174388327 0.001700472 0.024086476 -0.004501099 0.999698300
4594.000000000 -0.479479057 0.133801588 -0.174345269 0.001714622 0.024081059 -0.004511577 0.999698359
4595.000000000 -0.479540748 0.133770284 -0.174497887 0.001706982 0.024099659 -0.004493300 0.999698006
4596.000000000 -0.479524395 0.133779042 -0.174431369 0.001705596 0.024099478 -0.004539096 0.999697806
4597.000000000 -0.479546374 0.133771574 -0.174487608 0.001702587 0.024092708 -0.004524188 0.999698042
4598.000000000 -0.479538278 0.133766621 -0.174474321 0.001694382 0.024097595 -0.004481835 0.999698129
4599.000000000 -0.479534336 0.133772128 -0.174464596 0.001701390 0.024096346 -0.004509652 0.999698022
4600.000000000 -0.479509593 0.133786749 -0.174364638 0.001703933 0.024091554 -0.004497619 0.999698187
4601.000000000 -0.479533613 0.133771171 -0.174438919 0.001697872 0.024101491 -0.004488845 0.999697997
4602.000000000 -0.479495294 0.133789672 -0.174321844 0.001696199 0.024087937 -0.004525020 0.999698164
4603.000000000 -0.479477030 0.133791164 -0.174275351 0.001683597 0.024095494 -0.004515669 0.999698045
4604.000000000 -0.479490115 0.133788024 -0.174304837 0.001695553 0.024092741 -0.004511846 0.999698109
4605.000000000 -0.479495668 0.133791527 -0.174320131 0.001708612 0.024087058 -0.004503591 0.999698260
4606.000000000 -0.479494675 0.133783087 -0.174313697 0.001692943 0.024089058 -0.004496388 0.999698271
4607.000000000 -0.479478178 0.133804124 -0.174256063 0.001704109 0.024097947 -0.004522447 0.999697921
4608.000000000 -0.479484246 0.133795710 -0.174274771 0.001706629 0.024090898 -0.004519620 0.999698099
4609.000000000 -0.479498249 0.133795816 -0.174310626 0.001711148 0.024096550 -0.004506896 0.999698012
4610.000000000 -0.479491220 0.133801699 -0.174295430 0.001712276 0.024096726 -0.004485917 0.999698101
4611.000000000 -0.479502112 0.133791288 -0.174322956 0.001713300 0.024102891 -0.004481182 0.999697972
4612.000000000 -0.479472383 0.133811887 -0.174252412 0.001723230 0.024088141 -0.004507907 0.999698190
4613.000000000 -0.479470749 0.133810648 -0.174260632 0.001718323 0.024089134 -0.004486813 0.999698269
4614.000000000 -0.479472887 0.133798371 -0.174267918 0.001709654 0.024087377 -0.004495237 0.999698289
4615.000000000 -0.479483368 0.133792402 -0.174328419 0.001709090 0.024080825 -0.004475546 0.999698536
4616.000000000 -0.479473663 0.133802029 -0.174292906 0.001716577 0.024075280 -0.004487377 0.999698603
4617.000000000 -0.479461105 0.133807122 -0.174289394 0.001720274 0.024068970 -0.004525599 0.999698577
4618.000000000 -0.479464602 0.133807079 -0.174291929 0.001719193 0.024071561 -0.004521979 0.999698533
4619.000000000 -0.479448515 0.133809311 -0.174265304 0.001714300 0.024066734 -0.004531473 0.999698614
4620.000000000 -0.479455523 0.133802116 -0.174293702 0.001712593 0.024069153 -0.004512615 0.999698644
4621.000000000 -0.479443120 0.133807359 -0.174253871 0.001716533 0.024072540 -0.004524233 0.999698503
4622.000000000 -0.479449613 0.133804183 -0.174280862 0.001717664 0.024075798 -0.004525747 0.999698416
4623.000000000 -0.479453346 0.133810651 -0.174288272 0.001732829 0.024066218 -0.004522052 0.999698637
4624.000000000 -0.479433728 0.133812474 -0.174215433 0.001711225 0.024077055 -0.004519068 0.999698427
4625.000000000 -0.479477319 0.133808481 -0.174349336 0.001726621 0.024068499 -0.004556467 0.999698437
4626.000000000 -0.479465756 0.133800768 -0.174306243 0.001713669 0.024075550 -0.004528826 0.999698415
4627.000000000 -0.479442373 0.133823146 -0.174226261 0.001723929 0.024070441 -0.004545309 0.999698446
4628.000000000 -0.479444318 0.133813704 -0.174254984 0.001714922 0.024065753 -0.004540749 0.999698595
4629.000000000 -0.479469970 0.133799942 -0.174324961 0.001715818 0.024078550 -0.004548725 0.999698249
4630.000000000 -0.479457259 0.133810963 -0.174276203 0.001715649 0.024077162 -0.004573246 0.999698171
4631.000000000 -0.479447566 0.133816911 -0.174227015 0.001707207 0.024081506 -0.004562021 0.999698132
4632.000000000 -0.479441257 0.133818881 -0.174223689 0.001708246 0.024079524 -0.004565455 0.999698162
4633.000000000 -0.479468810 0.133799478 -0.174304987 0.001710424 0.024084569 -0.004526516 0.999698214
4634.000000000 -0.479445914 0.133813841 -0.174226705 0.001715577 0.024080455 -0.004548413 0.999698205
4635.000000000 -0.479426874 0.133817902 -0.174191381 0.001717340 0.024069952 -0.004523862 0.999698566
4636.000000000 -0.479467980 0.133795700 -0.174302935 0.001705629 0.024077850 -0.004533388 0.999698353
4637.000000000 -0.479471725 0.133795377 -0.174307578 0.001701567 0.024074993 -0.004535036 0.999698421
4638.000000000 -0.479477121 0.133801900 -0.174309547 0.001712030 0.024078706 -0.004538912 0.999698296
4639.000000000 -0.479484024 0.133797235 -0.174334798 0.001707948 0.024073117 -0.004550744 0.999698384
4640.000000000 -0.479489282 0.133788581 -0.174368864 0.001706493 0.024078896 -0.004511086 0.999698427
4641.000000000 -0.479456468 0.133805559 -0.174269133 0.001715035 0.024070060 -0.004528650 0.999698546
4642.000000000 -0.479467446 0.133799442 -0.174290745 0.001709008 0.024073572 -0.004544433 0.999698400
4643.000000000 -0.479463245 0.133804391 -0.174280796 0.001710515 0.024065775 -0.004547523 0.999698571
4644.000000000 -0.479472893 0.133784783 -0.174312577 0.001694029 0.024072168 -0.004526528 0.999698540
4645.000000000 -0.479457206 0.133788634 -0.174260275 0.001689402 0.024064060 -0.004528549 0.999698734
4646.000000000 -0.479442754 0.133799132 -0.174216859 0.001685999 0.024066858 -0.004544097 0.999698602
4647.000000000 -0.479470912 0.133786042 -0.174297494 0.001687467 0.024068269 -0.004532613 0.999698618
4648.000000000 -0.479464491 0.133788138 -0.174278469 0.001690835 0.024072046 -0.004538728 0.999698493
4649.000000000 -0.479481970 0.133775480 -0.174331113 0.001682588 0.024076024 -0.004506570 0.999698557
4650.000000000 -0.479513453 0.133782749 -0.174405556 0.001696879 0.024087694 -0.004528081 0.999698154
4651.000000000 -0.479479901 0.133785799 -0.174306228 0.001690425 0.024081772 -0.004509318 0.999698393
4652.000000000 -0.479505874 0.133777802 -0.174361677 0.001684304 0.024091769 -0.004534308 0.999698049
4653.000000000 -0.479474065 0.133807235 -0.174307647 0.001715848 0.024064025 -0.004550513 0.999698590
4654.000000000 -0.479469248 0.133802699 -0.174303965 0.001704890 0.024064261 -0.004547386 0.999698618
4655.000000000 -0.479461906 0.133808121 -0.174282148 0.001717588 0.024057905 -0.004556528 0.999698707
4656.000000000 -0.479487715 0.133787756 -0.174339985 0.001703776 0.024069399 -0.004521612 0.999698613
4657.000000000 -0.479499494 0.133784100 -0.174363160 0.001702455 0.024084000 -0.004519948 0.999698271
4658.000000000 -0.479467098 0.133791347 -0.174298180 0.001693924 0.024063399 -0.004543151 0.999698676
4659.000000000 -0.479453773 0.133802658 -0.174249759 0.001692981 0.024071278 -0.004526666 0.999698563
4660.000000000 -0.479467771 0.133794657 -0.174290766 0.001697630 0.024071852 -0.004510762 0.999698613
4661.000000000 -0.479466232 0.133797850 -0.174293428 0.001704467 0.024076184 -0.004501492 0.999698539
4662.000000000 -0.479485161 0.133791939 -0.174317978 0.001698766 0.024083627 -0.004512218 0.999698321
4663.000000000 -0.479494921 0.133777531 -0.174354586 0.001692886 0.024084356 -0.004506033 0.999698341
4664.000000000 -0.479502681 0.133786851 -0.174397249 0.001703803 0.024081005 -0.004522597 0.999698329
4665.000000000 -0.479487656 0.133795086 -0.174346729 0.001709967 0.024078866 -0.004512985 0.999698413
4666.000000000 -0.479504562 0.133791416 -0.174397247 0.001714451 0.024081018 -0.004517911 0.999698331
4667.000000000 -0.479492132 0.133790832 -0.174345390 0.001706748 0.024080546 -0.004496106 0.999698454
4668.000000000 -0.479486858 0.133793217 -0.174343272 0.001706805 0.024083997 -0.004492789 0.999698386
4669.000000000 -0.479483328 0.133785573 -0.174339301 0.001707451 0.024074839 -0.004476784 0.999698677
4670.000000000 -0.479485884 0.133785391 -0.174339135 0.001703679 0.024077622 -0.004503737 0.999698496
4671.000000000 -0.479496982 0.133785899 -0.174366641 0.001706835 0.024080149 -0.004514299 0.999698382
4672.000000000 -0.479467305 0.133797032 -0.174290662 0.001713823 0.024070618 -0.004505233 0.999698640
4673.000000000 -0.479464449 0.133802309 -0.174275488 0.001713642 0.024075201 -0.004516606 0.999698479
4674.000000000 -0.479494871 0.133783711 -0.174358707 0.001702334 0.024084972 -0.004510004 0.999698293
4675.000000000 -0.479467199 0.133798825 -0.174282823 0.001709894 0.024083385 -0.004536982 0.999698196
4676.000000000 -0.479489450 0.133786551 -0.174324380 0.001710990 0.024090586 -0.004488803 0.999698238
4677.000000000 -0.479473078 0.133792126 -0.174282900 0.001707231 0.024083939 -0.004509556 0.999698311
4678.000000000 -0.479494603 0.133789376 -0.174362942 0.001719603 0.024080228 -0.004521512 0.999698325
4679.000000000 -0.479477347 0.133791404 -0.174305873 0.001706300 0.024076090 -0.004534237 0.999698390
4680.000000000 -0.479481234 0.133799166 -0.174293323 0.001711478 0.024084003 -0.004525926 0.999698228
4681.000000000 -0.479477578 0.133791591 -0.174307712 0.001704594 0.024080651 -0.004534388 0.999698282
4682.000000000 -0.479489808 0.133786014 -0.174335923 0.001696405 0.024081319 -0.004539501 0.999698257
4683.000000000 -0.479501365 0.133776243 -0.174357045 0.001692027 0.024088622 -0.004496801 0.999698282
4684.000000000 -0.479516978 0.133765118 -0.174399039 0.001683024 0.024097738 -0.004500314 0.999698061
4685.000000000 -0.479506408 0.133759724 -0.174381251 0.001680029 0.024098616 -0.004466000 0.999698199
4686.000000000 -0.479486027 0.133782304 -0.174306090 0.001695158 0.024092707 -0.004486265 0.999698225
4687.000000000 -0.479515375 0.133773141 -0.174380147 0.001693052 0.024099503 -0.004475943 0.999698111
4688.000000000 -0.479523869 0.133765065 -0.174410501 0.001698641 0.024100260 -0.004490130 0.999698020
4689.000000000 -0.479504250 0.133772277 -0.174366207 0.001685327 0.024094624 -0.004481815 0.999698216
4690.000000000 -0.479481516 0.133789150 -0.174290618 0.001698396 0.024092881 -0.004490041 0.999698198
4691.000000000 -0.479474140 0.133787940 -0.174273656 0.001698264 0.024087830 -0.004482279 0.999698355
4692.000000000 -0.479493190 0.133777499 -0.174350879 0.001691359 0.024088188 -0.004459300 0.999698461
4693.000000000 -0.479487142 0.133790586 -0.174305588 0.001696663 0.024092630 -0.004472151 0.999698288
4694.000000000 -0.479492288 0.133783760 -0.174329185 0.001686473 0.024085610 -0.004488889 0.999698399
4695.000000000 -0.479499798 0.133784760 -0.174334375 0.001698107 0.024094017 -0.004468033 0.999698270
4696.000000000 -0.479493891 0.133793410 -0.174318640 0.001706448 0.024095711 -0.004484012 0.999698144
4697.000000000 -0.479476813 0.133792956 -0.174279860 0.001711278 0.024090062 -0.004414400 0.999698581
4698.000000000 -0.479491135 0.133792242 -0.174289785 0.001698736 0.024098732 -0.004455592 0.999698211
4699.000000000 -0.479478483 0.133800364 -0.174276841 0.001707962 0.024084777 -0.004441331 0.999698595
4700.000000000 -0.479498338 0.133779191 -0.174338938 0.001694151 0.024091413 -0.004443742 0.999698448
4701.000000000 -0.479496407 0.133787605 -0.174321858 0.001703094 0.024095174 -0.004455650 0.999698289
4702.000000000 -0.479481893 0.133784091 -0.174299108 0.001696885 0.024090173 -0.004465416 0.999698377
4703.000000000 -0.479487675 0.133786006 -0.174300749 0.001704611 0.024099614 -0.004442187 0.999698239
4704.000000000 -0.479487117 0.133795666 -0.174310169 0.001715404 0.024091675 -0.004488868 0.999698204
4705.000000000 -0.479488982 0.133790014 -0.174309666 0.001705753 0.024093076 -0.004484192 0.999698208
4706.000000000 -0.479474199 0.133800580 -0.174261121 0.001717900 0.024091121 -0.004464678 0.999698321
4707.000000000 -0.479467058 0.133804560 -0.174260379 0.001723466 0.024082979 -0.004469863 0.999698485
4708.000000000 -0.479468599 0.133795845 -0.174262926 0.001716518 0.024085580 -0.004456034 0.999698496
4709.000000000 -0.479469153 0.133803611 -0.174251086 0.001711904 0.024089816 -0.004486758 0.999698264
4710.000000000 -0.479439580 0.133806631 -0.174179588 0.001698204 0.024087728 -0.004492813 0.999698311
4711.000000000 -0.479461652 0.133802789 -0.174247392 0.001709227 0.024084475 -0.004515044 0.999698270
4712.000000000 -0.479466864 0.133796224 -0.174243841 0.001704651 0.024089774 -0.004512542 0.999698161
4713.000000000 -0.479501691 0.133793792 -0.174323583 0.001705829 0.024091456 -0.004531682 0.999698032
4714.000000000 -0.479471547 0.133797509 -0.174259960 0.001704813 0.024090158 -0.004522832 0.999698105
4715.000000000 -0.479481309 0.133793408 -0.174284045 0.001708702 0.024082110 -0.004522836 0.999698293
4716.000000000 -0.479462771 0.133808537 -0.174226003 0.001712353 0.024080473 -0.004532107 0.999698284
4717.000000000 -0.479481543 0.133811596 -0.174255099 0.001716859 0.024088993 -0.004541500 0.999698028
4718.000000000 -0.479484544 0.133806339 -0.174293433 0.001720788 0.024081568 -0.004556507 0.999698132
4719.000000000 -0.479505853 0.133804730 -0.174300586 0.001714910 0.024102714 -0.004538711 0.999697713
4720.000000000 -0.479493903 0.133802016 -0.174267439 0.001705769 0.024101445 -0.004522981 0.999697831
4721.000000000 -0.479480450 0.133809158 -0.174247742 0.001716210 0.024094696 -0.004520158 0.999697989
4722.000000000 -0.479468676 0.133804358 -0.174187783 0.001714255 0.024097022 -0.004515804 0.999697956
4723.000000000 -0.479456731 0.133802777 -0.174172481 0.001695226 0.024099963 -0.004518571 0.999697905
4724.000000000 -0.479473583 0.133805765 -0.174206399 0.001705561 0.024097869 -0.004520408 0.999697929
4725.000000000 -0.479484762 0.133792387 -0.174235679 0.001699284 0.024103495 -0.004503955 0.999697879
4726.000000000 -0.479493839 0.133793259 -0.174267886 0.001699750 0.024096916 -0.004505590 0.999698029
4727.000000000 -0.479496700 0.133790800 -0.174262769 0.001699251 0.024106317 -0.004493922 0.999697856
4728.000000000 -0.479482591 0.133791738 -0.174239734 0.001689930 0.024101719 -0.004485269 0.999698021
4729.000000000 -0.479452325 0.133803658 -0.174139761 0.001696696 0.024104196 -0.004483911 0.999697956
4730.000000000 -0.479477810 0.133798887 -0.174192118 0.001692566 0.024109817 -0.004498707 0.999697761
4731.000000000 -0.479471969 0.133799542 -0.174195889 0.001691109 0.024101211 -0.004517671 0.999697886
4732.000000000 -0.479482302 0.133792542 -0.174217319 0.001690260 0.024099954 -0.004488392 0.999698049
4733.000000000 -0.479471420 0.133798708 -0.174178981 0.001682467 0.024103650 -0.004506616 0.999697891
4734.000000000 -0.479467091 0.133807413 -0.174185816 0.001695737 0.024098948 -0.004515339 0.999697943
4735.000000000 -0.479473186 0.133800329 -0.174182689 0.001693793 0.024100352 -0.004517780 0.999697901
4736.000000000 -0.479469291 0.133802590 -0.174186952 0.001696885 0.024100847 -0.004511808 0.999697911
4737.000000000 -0.479456125 0.133802611 -0.174165291 0.001692186 0.024095090 -0.004513808 0.999698049
4738.000000000 -0.479458859 0.133803529 -0.174170474 0.001693243 0.024085398 -0.004531555 0.999698200
4739.000000000 -0.479456314 0.133802875 -0.174149159 0.001689792 0.024094927 -0.004520660 0.999698026
4740.000000000 -0.479466760 0.133792766 -0.174178037 0.001682908 0.024091807 -0.004491686 0.999698243
4741.000000000 -0.479465980 0.133790808 -0.174178604 0.001682571 0.024096001 -0.004495418 0.999698126
4742.000000000 -0.479474112 0.133782477 -0.174209703 0.001678714 0.024095071 -0.004476935 0.999698238
4743.000000000 -0.479456751 0.133784116 -0.174162076 0.001665457 0.024090263 -0.004476529 0.999698378
4744.000000000 -0.479458607 0.133783933 -0.174159718 0.001670973 0.024098882 -0.004454443 0.999698259
4745.000000000 -0.479467174 0.133783132 -0.174202495 0.001673765 0.024094714 -0.004459116 0.999698334
4746.000000000 -0.479462837 0.133786011 -0.174158788 0.001676857 0.024099558 -0.004471941 0.999698155
4747.000000000 -0.479491766 0.133780357 -0.174230221 0.001683560 0.024105634 -0.004466428 0.999698022
4748.000000000 -0.479476002 0.133792834 -0.174192911 0.001679160 0.024106164 -0.004487710 0.999697921
4749.000000000 -0.479459107 0.133788668 -0.174147897 0.001676258 0.024101533 -0.004470944 0.999698113
4750.000000000 -0.479471950 0.133786417 -0.174206384 0.001684318 0.024094829 -0.004487632 0.999698186
4751.000000000 -0.479458370 0.133789392 -0.174151079 0.001684181 0.024098929 -0.004497454 0.999698043
4752.000000000 -0.479459217 0.133794861 -0.174160472 0.001681169 0.024098258 -0.004499679 0.999698055
4753.000000000 -0.479456489 0.133781386 -0.174178880 0.001672019 0.024089737 -0.004478570 0.999698370
4754.000000000 -0.479464049 0.133772669 -0.174215297 0.001666967 0.024093224 -0.004462575 0.999698366
4755.000000000 -0.479453398 0.133782217 -0.174183170 0.001675019 0.024093013 -0.004497588 0.999698201
4756.000000000 -0.479444146 0.133781654 -0.174157191 0.001660467 0.024091062 -0.004484682 0.999698330
4757.000000000 -0.479457936 0.133780914 -0.174167555 0.001659338 0.024102005 -0.004491255 0.999698039
4758.000000000 -0.479468986 0.133774885 -0.174210519 0.001673743 0.024099948 -0.004447299 0.999698261
4759.000000000 -0.479459035 0.133768461 -0.174198156 0.001660733 0.024098168 -0.004435672 0.999698377
4760.000000000 -0.479442043 0.133778559 -0.174144311 0.001657018 0.024093703 -0.004449178 0.999698431
4761.000000000 -0.479448877 0.133777651 -0.174168787 0.001661638 0.024098019 -0.004464276 0.999698252
4762.000000000 -0.479450524 0.133778878 -0.174156260 0.001663907 0.024093942 -0.004454971 0.999698388
4763.000000000 -0.479439597 0.133786920 -0.174134782 0.001668798 0.024096588 -0.004459398 0.999698296
4764.000000000 -0.479441797 0.133785045 -0.174136017 0.001670095 0.024100780 -0.004428732 0.999698329
4765.000000000 -0.479443312 0.133778867 -0.174159280 0.001661136 0.024096846 -0.004443841 0.999698372
4766.000000000 -0.479442439 0.133783458 -0.174143173 0.001668299 0.024096091 -0.004448489 0.999698358
4767.000000000 -0.479434439 0.133787327 -0.174129137 0.001673737 0.024091174 -0.004468878 0.999698376
4768.000000000 -0.479461865 0.133782248 -0.174183684 0.001674900 0.024099692 -0.004479376 0.999698122
4769.000000000 -0.479446686 0.133794401 -0.174151294 0.001682622 0.024094341 -0.004483987 0.999698217
4770.000000000 -0.479451657 0.133784491 -0.174138910 0.001678167 0.024095779 -0.004470588 0.999698250
4771.000000000 -0.479437011 0.133792730 -0.174093719 0.001678532 0.024095746 -0.004477723 0.999698218
4772.000000000 -0.479445148 0.133789779 -0.174119391 0.001681484 0.024096966 -0.004459841 0.999698264
4773.000000000 -0.479464955 0.133776696 -0.174164741 0.001665081 0.024104964 -0.004470192 0.999698052
4774.000000000 -0.479442088 0.133788896 -0.174114466 0.001670890 0.024097788 -0.004489172 0.999698130
4775.000000000 -0.479455915 0.133782094 -0.174151447 0.001665970 0.024102317 -0.004501132 0.999697976
4776.000000000 -0.479474754 0.133804915 -0.174198201 0.001707510 0.024107187 -0.004528145 0.999697666
4777.000000000 -0.479472767 0.133777993 -0.174157592 0.001677371 0.024128413 -0.004437733 0.999697611
4778.000000000 -0.479461843 0.133780972 -0.174142815 0.001671350 0.024123566 -0.004430304 0.999697771
4779.000000000 -0.479470008 0.133783203 -0.174151161 0.001671722 0.024125239 -0.004453006 0.999697629
4780.000000000 -0.479466234 0.133783872 -0.174130459 0.001668479 0.024133406 -0.004478655 0.999697322
4781.000000000 -0.479472193 0.133785414 -0.174137602 0.001677433 0.024141940 -0.004457633 0.999697195
4782.000000000 -0.479455007 0.133800813 -0.174086612 0.001687726 0.024133933 -0.004458124 0.999697369
4783.000000000 -0.479452490 0.133793121 -0.174072895 0.001679441 0.024133674 -0.004454316 0.999697406
4784.000000000 -0.479464997 0.133787031 -0.174126668 0.001685867 0.024124978 -0.004445379 0.999697645
4785.000000000 -0.479462658 0.133795386 -0.174117515 0.001688857 0.024128470 -0.004438595 0.999697586
4786.000000000 -0.479462506 0.133792681 -0.174118745 0.001682777 0.024126145 -0.004448336 0.999697609
4787.000000000 -0.479483938 0.133786692 -0.174169567 0.001672674 0.024143914 -0.004437639 0.999697245
4788.000000000 -0.479472447 0.133785954 -0.174151141 0.001683359 0.024137880 -0.004429620 0.999697408
4789.000000000 -0.479459051 0.133777947 -0.174112178 0.001663923 0.024136048 -0.004411192 0.999697566
4790.000000000 -0.479450268 0.133733374 -0.174037191 0.001650307 0.024138761 -0.004412134 0.999697519
4791.000000000 -0.479475870 0.133726108 -0.174108215 0.001648060 0.024142414 -0.004412876 0.999697431
4792.000000000 -0.479472199 0.133743275 -0.174102797 0.001662826 0.024136499 -0.004422344 0.999697508
4793.000000000 -0.479499583 0.133733734 -0.174180633 0.001671522 0.024141640 -0.004419087 0.999697384
4794.000000000 -0.479505162 0.133729321 -0.174165513 0.001664688 0.024143972 -0.004431534 0.999697284
4795.000000000 -0.479508209 0.133735435 -0.174168395 0.001667265 0.024149387 -0.004443346 0.999697096
4796.000000000 -0.479515729 0.133737385 -0.174170867 0.001672462 0.024148440 -0.004440925 0.999697121
4797.000000000 -0.479538298 0.133713197 -0.174260995 0.001665515 0.024149558 -0.004440953 0.999697106
4798.000000000 -0.479500606 0.133734710 -0.174153892 0.001666707 0.024137924 -0.004462054 0.999697291
4799.000000000 -0.479493311 0.133739252 -0.174130357 0.001681472 0.024139356 -0.004442662 0.999697318
4800.000000000 -0.479468430 0.133745391 -0.174071732 0.001674305 0.024131087 -0.004442071 0.999697532
4801.000000000 -0.479475830 0.133752385 -0.174086228 0.001677710 0.024135598 -0.004457474 0.999697349
4802.000000000 -0.479484207 0.133754652 -0.174106474 0.001689715 0.024134747 -0.004436366 0.999697443
4803.000000000 -0.479475588 0.133760558 -0.174068288 0.001672961 0.024133893 -0.004433103 0.999697506
4804.000000000 -0.479505442 0.133754566 -0.174193652 0.001692916 0.024134788 -0.004413953 0.999697536
4805.000000000 -0.479481682 0.133763982 -0.174094564 0.001696700 0.024129836 -0.004416915 0.999697636
4806.000000000 -0.479476941 0.133762316 -0.174111443 0.001683989 0.024129982 -0.004424053 0.999697622
4807.000000000 -0.479502643 0.133760768 -0.174167926 0.001685394 0.024135713 -0.004427733 0.999697465
4808.000000000 -0.479547582 0.133739636 -0.174243440 0.001675121 0.024147150 -0.004431450 0.999697190
4809.000000000 -0.479501216 0.133763354 -0.174159303 0.001685471 0.024129623 -0.004453504 0.999697498
4810.000000000 -0.479471748 0.133771707 -0.174095530 0.001691289 0.024117771 -0.004441610 0.999697827
4811.000000000 -0.479503975 0.133775115 -0.174111852 0.001705696 0.024130412 -0.004439788 0.999697505
4812.000000000 -0.479517746 0.133762428 -0.174202722 0.001711957 0.024132401 -0.004406380 0.999697594
4813.000000000 -0.479520551 0.133763951 -0.174227903 0.001707308 0.024129936 -0.004442689 0.999697501
4814.000000000 -0.479497088 0.133767002 -0.174150705 0.001706130 0.024133004 -0.004433130 0.999697472
4815.000000000 -0.479475321 0.133748515 -0.174140421 0.001698923 0.024123534 -0.004397638 0.999697869
4816.000000000 -0.479520278 0.133744024 -0.174261681 0.001704201 0.024134269 -0.004409230 0.999697550
4817.000000000 -0.479525014 0.133753584 -0.174255766 0.001709558 0.024131399 -0.004425991 0.999697536
4818.000000000 -0.479523030 0.133759373 -0.174258519 0.001731220 0.024140522 -0.004418203 0.999697313
4819.000000000 -0.479529403 0.133762589 -0.174295854 0.001719831 0.024130082 -0.004444452 0.999697468
4820.000000000 -0.479528720 0.133744702 -0.174282533 0.001719318 0.024126968 -0.004418119 0.999697661
4821.000000000 -0.479537703 0.133753562 -0.174325138 0.001720163 0.024131530 -0.004434818 0.999697476
4822.000000000 -0.479514648 0.133757670 -0.174244194 0.001716732 0.024131606 -0.004442306 0.999697446
4823.000000000 -0.479515281 0.133761037 -0.174297711 0.001719283 0.024132143 -0.004438308 0.999697447
4824.000000000 -0.479525792 0.133750731 -0.174288853 0.001712949 0.024134515 -0.004441337 0.999697387
4825.000000000 -0.479500754 0.133764365 -0.174226764 0.001714471 0.024131767 -0.004447254 0.999697424
4826.000000000 -0.479478538 0.133759073 -0.174162534 0.001706982 0.024141647 -0.004420674 0.999697317
4827.000000000 -0.479480234 0.133760605 -0.174145779 0.001708626 0.024142535 -0.004410757 0.999697336
4828.000000000 -0.479498245 0.133763159 -0.174215873 0.001706264 0.024140672 -0.004437466 0.999697267
4829.000000000 -0.479484502 0.133769272 -0.174205744 0.001709452 0.024139337 -0.004450933 0.999697234
4830.000000000 -0.479530944 0.133751867 -0.174324257 0.001690465 0.024156110 -0.004428868 0.999696959
4831.000000000 -0.479526799 0.133738667 -0.174339522 0.001688549 0.024151034 -0.004402019 0.999697203
4832.000000000 -0.479522377 0.133734759 -0.174298121 0.001686432 0.024145378 -0.004408441 0.999697315
4833.000000000 -0.479488340 0.133750644 -0.174203335 0.001694253 0.024139611 -0.004390000 0.999697523
4834.000000000 -0.479488958 0.133753288 -0.174210546 0.001695046 0.024138000 -0.004413155 0.999697458
4835.000000000 -0.479508076 0.133742703 -0.174229419 0.001687277 0.024144094 -0.004434855 0.999697228
4836.000000000 -0.479539485 0.133725504 -0.174316786 0.001680959 0.024154795 -0.004414179 0.999697072
4837.000000000 -0.479535340 0.133737060 -0.174312986 0.001690259 0.024152676 -0.004425021 0.999697059
4838.000000000 -0.479515270 0.133748130 -0.174261425 0.001690983 0.024147212 -0.004456504 0.999697050
4839.000000000 -0.479490389 0.133755154 -0.174186777 0.001693369 0.024142848 -0.004455649 0.999697155
4840.000000000 -0.479531689 0.133747420 -0.174276996 0.001695172 0.024150837 -0.004450766 0.999696981
4841.000000000 -0.479539521 0.133735919 -0.174318754 0.001681997 0.024156855 -0.004443066 0.999696892
4842.000000000 -0.479545491 0.133727132 -0.174350593 0.001678059 0.024153323 -0.004439794 0.999696999
4843.000000000 -0.479552200 0.133720228 -0.174349672 0.001673426 0.024157835 -0.004406918 0.999697043
4844.000000000 -0.479552549 0.133732039 -0.174338433 0.001680937 0.024157414 -0.004410859 0.999697023
4845.000000000 -0.479556978 0.133734611 -0.174376954 0.001683787 0.024151616 -0.004449834 0.999696986
4846.000000000 -0.479563765 0.133727856 -0.174410424 0.001675669 0.024148389 -0.004427684 0.999697176
4847.000000000 -0.479578464 0.133727236 -0.174435531 0.001673645 0.024156015 -0.004440769 0.999696937
4848.000000000 -0.479525781 0.133735740 -0.174254367 0.001671996 0.024151815 -0.004448912 0.999697005
4849.000000000 -0.479552559 0.133715283 -0.174358861 0.001658539 0.024160170 -0.004436148 0.999696882
4850.000000000 -0.479538246 0.133732509 -0.174316568 0.001672207 0.024155513 -0.004444056 0.999696937
4851.000000000 -0.479546575 0.133722611 -0.174344740 0.001662969 0.024159756 -0.004430820 0.999696908
4852.000000000 -0.479533322 0.133737783 -0.174304321 0.001674258 0.024151672 -0.004438988 0.999697049
4853.000000000 -0.479550230 0.133723763 -0.174333065 0.001671322 0.024155003 -0.004413577 0.999697086
4854.000000000 -0.479541212 0.133729550 -0.174326661 0.001665653 0.024158154 -0.004426512 0.999696962
4855.000000000 -0.479556888 0.133722053 -0.174359560 0.001668227 0.024151960 -0.004420576 0.999697133
4856.000000000 -0.479535420 0.133721858 -0.174307579 0.001662528 0.024141753 -0.004440267 0.999697302
4857.000000000 -0.479556916 0.133716875 -0.174338658 0.001670869 0.024147803 -0.004413229 0.999697262
4858.000000000 -0.479529983 0.133726825 -0.174284469 0.001655145 0.024143592 -0.004432158 0.999697306
4859.000000000 -0.479568059 0.133715104 -0.174387134 0.001656659 0.024157732 -0.004406903 0.999697073
4860.000000000 -0.479543046 0.133715011 -0.174309881 0.001644857 0.024152553 -0.004410672 0.999697201
4861.000000000 -0.479555983 0.133716093 -0.174363142 0.001647802 0.024154809 -0.004425819 0.999697075
4862.000000000 -0.479584175 0.133699596 -0.174443570 0.001643463 0.024150376 -0.004418341 0.999697222
4863.000000000 -0.479556679 0.133703660 -0.174371616 0.001644917 0.024150570 -0.004406971 0.999697266
4864.000000000 -0.479564073 0.133699535 -0.174366049 0.001655173 0.024153779 -0.004388325 0.999697253
4865.000000000 -0.479579497 0.133704492 -0.174399140 0.001660880 0.024162725 -0.004403362 0.999696961
4866.000000000 -0.479586024 0.133696465 -0.174413047 0.001650808 0.024159145 -0.004402130 0.999697070
4867.000000000 -0.479570676 0.133708629 -0.174380479 0.001651562 0.024157281 -0.004413200 0.999697065
4868.000000000 -0.479557576 0.133722026 -0.174334031 0.001666449 0.024156113 -0.004410812 0.999697079
4869.000000000 -0.479561816 0.133709789 -0.174346108 0.001656571 0.024162567 -0.004391998 0.999697022
4870.000000000 -0.479587835 0.133693921 -0.174406268 0.001659695 0.024161344 -0.004376867 0.999697113
4871.000000000 -0.479496823 0.133741435 -0.174257302 0.001691256 0.024110675 -0.004414096 0.999698120
4872.000000000 -0.479496870 0.133745686 -0.174250533 0.001690649 0.024111225 -0.004407355 0.999698137
4873.000000000 -0.479489634 0.133745255 -0.174225071 0.001689456 0.024114563 -0.004422851 0.999697990
4874.000000000 -0.479478039 0.133758762 -0.174215532 0.001692481 0.024106980 -0.004442086 0.999698083
4875.000000000 -0.479466198 0.133758273 -0.174128327 0.001688557 0.024109189 -0.004452172 0.999697991
4876.000000000 -0.479473718 0.133751546 -0.174157275 0.001690577 0.024103648 -0.004436739 0.999698190
4877.000000000 -0.479517907 0.133745922 -0.174254672 0.001685094 0.024123284 -0.004458119 0.999697631
4878.000000000 -0.479491717 0.133738442 -0.174181189 0.001684967 0.024111005 -0.004463863 0.999697901
4879.000000000 -0.479471137 0.133756015 -0.174159803 0.001693567 0.024102152 -0.004459352 0.999698121
4880.000000000 -0.479459002 0.133757082 -0.174111373 0.001700754 0.024104404 -0.004436031 0.999698158
4881.000000000 -0.479455536 0.133767417 -0.174096811 0.001700378 0.024102234 -0.004465660 0.999698079
4882.000000000 -0.479486966 0.133758465 -0.174194852 0.001692055 0.024110206 -0.004458529 0.999697933
4883.000000000 -0.479466333 0.133766490 -0.174134246 0.001708308 0.024108304 -0.004438508 0.999698040
4884.000000000 -0.479488075 0.133753659 -0.174176125 0.001692248 0.024112684 -0.004443180 0.999697941
4885.000000000 -0.479494955 0.133745142 -0.174212216 0.001686120 0.024111379 -0.004434627 0.999698021
4886.000000000 -0.479501397 0.133743467 -0.174197174 0.001690641 0.024125082 -0.004421243 0.999697742
4887.000000000 -0.479472950 0.133744231 -0.174119526 0.001679698 0.024118886 -0.004435965 0.999697844
4888.000000000 -0.479492543 0.133762704 -0.174174421 0.001701248 0.024118147 -0.004466114 0.999697692
4889.000000000 -0.479515417 0.133742276 -0.174210480 0.001694652 0.024126289 -0.004433006 0.999697654
4890.000000000 -0.479513093 0.133746541 -0.174202975 0.001698113 0.024126860 -0.004431722 0.999697640
4891.000000000 -0.479510535 0.133753838 -0.174197405 0.001697798 0.024126633 -0.004446144 0.999697582
4892.000000000 -0.479507435 0.133752677 -0.174218744 0.001705278 0.024123498 -0.004443110 0.999697658
4893.000000000 -0.479498422 0.133755598 -0.174154065 0.001699502 0.024125964 -0.004461300 0.999697527
4894.000000000 -0.479527679 0.133750598 -0.174233834 0.001698998 0.024127056 -0.004443341 0.999697582
4895.000000000 -0.479539170 0.133745787 -0.174285795 0.001689054 0.024130114 -0.004435538 0.999697560
4896.000000000 -0.479555912 0.133743489 -0.174348854 0.001692412 0.024125494 -0.004441082 0.999697641
4897.000000000 -0.479544117 0.133756969 -0.174276248 0.001692615 0.024133785 -0.004452692 0.999697389
4898.000000000 -0.479541401 0.133748550 -0.174274728 0.001683826 0.024130922 -0.004438381 0.999697536
4899.000000000 -0.479561085 0.133741904 -0.174339391 0.001687595 0.024131084 -0.004452552 0.999697463
4900.000000000 -0.479547990 0.133736204 -0.174286141 0.001686176 0.024134178 -0.004447355 0.999697414
4901.000000000 -0.479534683 0.133758372 -0.174240889 0.001694509 0.024132872 -0.004448235 0.999697427
4902.000000000 -0.479543731 0.133745622 -0.174275756 0.001692815 0.024135555 -0.004458259 0.999697321
4903.000000000 -0.479524166 0.133748464 -0.174221849 0.001696166 0.024130568 -0.004447979 0.999697481
4904.000000000 -0.479545157 0.133745655 -0.174279556 0.001702032 0.024127460 -0.004468677 0.999697454
4905.000000000 -0.479580625 0.133733240 -0.174370588 0.001697891 0.024136358 -0.004462873 0.999697272
4906.000000000 -0.479556197 0.133733311 -0.174318540 0.001694977 0.024132220 -0.004449355 0.999697437
4907.000000000 -0.479539151 0.133738085 -0.174247545 0.001697040 0.024130476 -0.004456254 0.999697445
4908.000000000 -0.479523978 0.133725251 -0.174241790 0.001688934 0.024118723 -0.004439238 0.999697818
4909.000000000 -0.479533279 0.133743434 -0.174245758 0.001711246 0.024117289 -0.004470390 0.999697676
4910.000000000 -0.479516978 0.133746645 -0.174241912 0.001715855 0.024117201 -0.004473332 0.999697657
4911.000000000 -0.479561370 0.133746325 -0.174331196 0.001713823 0.024124997 -0.004456096 0.999697550
4912.000000000 -0.479513422 0.133740913 -0.174182790 0.001713332 0.024117069 -0.004472694 0.999697668
4913.000000000 -0.479494102 0.133736380 -0.174122430 0.001700477 0.024125793 -0.004460794 0.999697532
4914.000000000 -0.479502634 0.133733202 -0.174176433 0.001704306 0.024122720 -0.004451227 0.999697642
4915.000000000 -0.479500457 0.133755573 -0.174135858 0.001713350 0.024124810 -0.004471624 0.999697486
4916.000000000 -0.479509225 0.133753485 -0.174175040 0.001709210 0.024120562 -0.004471962 0.999697594
4917.000000000 -0.479503724 0.133753379 -0.174183386 0.001707541 0.024119677 -0.004458308 0.999697679
4918.000000000 -0.479519675 0.133747893 -0.174237994 0.001708794 0.024123955 -0.004458083 0.999697574
4919.000000000 -0.479504570 0.133759547 -0.174180016 0.001714617 0.024125099 -0.004480782 0.999697435
4920.000000000 -0.479522688 0.133754000 -0.174233738 0.001710184 0.024124615 -0.004458741 0.999697553
4921.000000000 -0.479521034 0.133766688 -0.174219863 0.001714114 0.024122318 -0.004475417 0.999697527
4922.000000000 -0.479549286 0.133745466 -0.174324110 0.001706952 0.024124721 -0.004458365 0.999697558
4923.000000000 -0.479557137 0.133747229 -0.174349619 0.001709091 0.024122778 -0.004462085 0.999697584
4924.000000000 -0.479550603 0.133748989 -0.174321944 0.001705125 0.024118687 -0.004475866 0.999697628
4925.000000000 -0.479547512 0.133743696 -0.174333910 0.001703970 0.024123750 -0.004452229 0.999697614
4926.000000000 -0.479542541 0.133769376 -0.174343398 0.001719029 0.024123238 -0.004463933 0.999697548
4927.000000000 -0.479526548 0.133757203 -0.174269948 0.001708564 0.024114389 -0.004469583 0.999697754
4928.000000000 -0.479517557 0.133767508 -0.174245136 0.001705433 0.024119625 -0.004458479 0.999697683
4929.000000000 -0.479537717 0.133762091 -0.174263693 0.001710961 0.024131157 -0.004465008 0.999697366
4930.000000000 -0.479541008 0.133764036 -0.174284534 0.001714109 0.024121828 -0.004478096 0.999697527
4931.000000000 -0.479519768 0.133785160 -0.174220731 0.001725094 0.024121182 -0.004486268 0.999697487
4932.000000000 -0.479521308 0.133784498 -0.174244812 0.001721463 0.024117545 -0.004484634 0.999697589
4933.000000000 -0.479517959 0.133787283 -0.174211080 0.001719844 0.024117104 -0.004503562 0.999697517
4934.000000000 -0.479507638 0.133792084 -0.174218033 0.001730160 0.024115747 -0.004514123 0.999697484
4935.000000000 -0.479497108 0.133795745 -0.174147623 0.001727083 0.024119495 -0.004498613 0.999697469
4936.000000000 -0.479512248 0.133793578 -0.174199161 0.001714820 0.024125690 -0.004496312 0.999697351
4937.000000000 -0.479482762 0.133782115 -0.174126506 0.001715066 0.024110619 -0.004488342 0.999697750
4938.000000000 -0.479485978 0.133780802 -0.174123799 0.001707304 0.024116461 -0.004499685 0.999697571
4939.000000000 -0.479521611 0.133784224 -0.174217339 0.001713842 0.024123198 -0.004506554 0.999697367
4940.000000000 -0.479489338 0.133781313 -0.174116230 0.001704114 0.024120626 -0.004502574 0.999697463
4941.000000000 -0.479496746 0.133785213 -0.174150215 0.001712389 0.024120754 -0.004483711 0.999697531
4942.000000000 -0.479516771 0.133762375 -0.174191524 0.001696655 0.024124654 -0.004491152 0.999697430
4943.000000000 -0.479513893 0.133781772 -0.174190805 0.001706404 0.024125305 -0.004490302 0.999697402
4944.000000000 -0.479494140 0.133759677 -0.174176892 0.001702492 0.024115571 -0.004468709 0.999697740
4945.000000000 -0.479475075 0.133769950 -0.174118534 0.001701135 0.024110775 -0.004478566 0.999697814
4946.000000000 -0.479496326 0.133772654 -0.174135677 0.001710289 0.024114167 -0.004483288 0.999697695
4947.000000000 -0.479497073 0.133772779 -0.174170586 0.001708794 0.024112995 -0.004481791 0.999697733
4948.000000000 -0.479519844 0.133771156 -0.174194473 0.001710402 0.024117978 -0.004516112 0.999697455
4949.000000000 -0.479498351 0.133762536 -0.174153316 0.001705588 0.024119435 -0.004483833 0.999697574
4950.000000000 -0.479499643 0.133771207 -0.174181917 0.001703238 0.024118066 -0.004473891 0.999697655
4951.000000000 -0.479501558 0.133769318 -0.174146636 0.001702328 0.024127152 -0.004493198 0.999697351
4952.000000000 -0.479483627 0.133773878 -0.174111223 0.001701074 0.024128660 -0.004493728 0.999697314
4953.000000000 -0.479505055 0.133777908 -0.174161311 0.001703269 0.024128069 -0.004503996 0.999697279
4954.000000000 -0.479481150 0.133788334 -0.174066932 0.001705624 0.024125672 -0.004517321 0.999697272
4955.000000000 -0.479477703 0.133778109 -0.174067599 0.001702199 0.024129456 -0.004499766 0.999697266
4956.000000000 -0.479491908 0.133778715 -0.174107391 0.001709800 0.024122603 -0.004505097 0.999697395
4957.000000000 -0.479488460 0.133774718 -0.174095074 0.001703827 0.024126237 -0.004489106 0.999697389
4958.000000000 -0.479490730 0.133771087 -0.174101024 0.001702653 0.024127185 -0.004511505 0.999697267
4959.000000000 -0.479493178 0.133769395 -0.174120819 0.001699826 0.024120373 -0.004499245 0.999697492
4960.000000000 -0.479518744 0.133771341 -0.174185910 0.001710147 0.024125599 -0.004507306 0.999697312
4961.000000000 -0.479534691 0.133766642 -0.174235742 0.001711722 0.024120218 -0.004508161 0.999697435
4962.000000000 -0.479496960 0.133779021 -0.174165157 0.001707027 0.024120376 -0.004496756 0.999697491
4963.000000000 -0.479513093 0.133765236 -0.174187113 0.001709474 0.024130802 -0.004452948 0.999697431
4964.000000000 -0.479497548 0.133760180 -0.174128628 0.001695283 0.024127383 -0.004467240 0.999697474
4965.000000000 -0.479502657 0.133768407 -0.174197374 0.001707011 0.024123111 -0.004455859 0.999697608
4966.000000000 -0.479527098 0.133765730 -0.174231072 0.001705048 0.024135283 -0.004464735 0.999697278
4967.000000000 -0.479521576 0.133765753 -0.174213766 0.001697493 0.024128951 -0.004474535 0.999697400
4968.000000000 -0.479521425 0.133768392 -0.174224313 0.001699672 0.024134728 -0.004487548 0.999697198
4969.000000000 -0.479514561 0.133761963 -0.174192295 0.001697852 0.024129837 -0.004455967 0.999697461
4970.000000000 -0.479514137 0.133774364 -0.174199534 0.001705335 0.024129936 -0.004504427 0.999697228
4971.000000000 -0.479520195 0.133786580 -0.174211941 0.001710002 0.024131258 -0.004481528 0.999697291
4972.000000000 -0.479495048 0.133770336 -0.174136383 0.001703034 0.024131991 -0.004462121 0.999697372
4973.000000000 -0.479508578 0.133781489 -0.174171358 0.001705619 0.024132923 -0.004485888 0.999697239
4974.000000000 -0.479512209 0.133774093 -0.174206454 0.001706580 0.024120646 -0.004491653 0.999697508
4975.000000000 -0.479527522 0.133771510 -0.174241893 0.001710711 0.024120491 -0.004487013 0.999697525
4976.000000000 -0.479539918 0.133759349 -0.174270418 0.001703912 0.024128697 -0.004495072 0.999697303
4977.000000000 -0.479518182 0.133764930 -0.174240722 0.001711665 0.024129161 -0.004503008 0.999697243
4978.000000000 -0.479492913 0.133771863 -0.174180776 0.001709219 0.024117405 -0.004525066 0.999697431
4979.000000000 -0.479509947 0.133766398 -0.174231164 0.001713089 0.024122213 -0.004509248 0.999697380
4980.000000000 -0.479516358 0.133765465 -0.174247923 0.001714620 0.024116962 -0.004502267 0.999697535
4981.000000000 -0.479542911 0.133763686 -0.174300881 0.001721075 0.024126930 -0.004485775 0.999697358
4982.000000000 -0.479548934 0.133770902 -0.174297984 0.001719493 0.024131888 -0.004502793 0.999697164
4983.000000000 -0.479501758 0.133770247 -0.174182357 0.001711289 0.024123055 -0.004487920 0.999697458
4984.000000000 -0.479516437 0.133767720 -0.174226315 0.001715804 0.024123257 -0.004484570 0.999697461
4985.000000000 -0.479509294 0.133770523 -0.174214849 0.001715397 0.024131774 -0.004500277 0.999697185
4986.000000000 -0.479480531 0.133764555 -0.174127114 0.001698984 0.024129601 -0.004491337 0.999697306
4987.000000000 -0.479511158 0.133770520 -0.174215559 0.001717192 0.024133761 -0.004483115 0.999697211
4988.000000000 -0.479498028 0.133769910 -0.174156984 0.001706935 0.024130802 -0.004494471 0.999697249
4989.000000000 -0.479521185 0.133755546 -0.174207656 0.001705928 0.024136735 -0.004501474 0.999697076
4990.000000000 -0.479526227 0.133751082 -0.174225186 0.001697807 0.024137631 -0.004492333 0.999697110
4991.000000000 -0.479519506 0.133746459 -0.174221506 0.001703868 0.024134237 -0.004482747 0.999697224
4992.000000000 -0.479520948 0.133748857 -0.174236398 0.001706350 0.024134300 -0.004471987 0.999697267
4993.000000000 -0.479536788 0.133741737 -0.174269531 0.001698465 0.024139891 -0.004479178 0.999697113
4994.000000000 -0.479510080 0.133761380 -0.174202872 0.001703872 0.024137226 -0.004482984 0.999697151
4995.000000000 -0.479499401 0.133766041 -0.174153357 0.001701299 0.024137942 -0.004490308 0.999697105
4996.000000000 -0.479520158 0.133752816 -0.174215329 0.001704690 0.024137306 -0.004453165 0.999697281
4997.000000000 -0.479523468 0.133758027 -0.174231815 0.001714777 0.024135691 -0.004461220 0.999697267
4998.000000000 -0.479566455 0.133738685 -0.174340139 0.001712031 0.024138134 -0.004450357 0.999697261
4999.000000000 -0.479506112 0.133765631 -0.174144417 0.001724108 0.024140147 -0.004449287 0.999697196
5000.000000000 -0.479505204 0.133776279 -0.174143658 0.001725220 0.024131149 -0.004470009 0.999697319
5001.000000000 -0.479501563 0.133771566 -0.174133172 0.001721675 0.024132486 -0.004455970 0.999697356
5002.000000000 -0.479513246 0.133772456 -0.174157588 0.001721798 0.024135001 -0.004485505 0.999697163
5003.000000000 -0.479527264 0.133756690 -0.174235714 0.001721703 0.024127320 -0.004445843 0.999697526
5004.000000000 -0.479531208 0.133756548 -0.174200586 0.001718526 0.024131069 -0.004439392 0.999697469
5005.000000000 -0.479545153 0.133751790 -0.174267703 0.001720561 0.024130363 -0.004426449 0.999697540
5006.000000000 -0.479552558 0.133751582 -0.174269424 0.001716021 0.024133810 -0.004433183 0.999697435
5007.000000000 -0.479541678 0.133779327 -0.174269725 0.001750528 0.024111624 -0.004490932 0.999697653
5008.000000000 -0.479569383 0.133754469 -0.174378365 0.001743654 0.024114780 -0.004463950 0.999697709
5009.000000000 -0.479592769 0.133758704 -0.174431938 0.001749581 0.024116670 -0.004468712 0.999697632
5010.000000000 -0.479571891 0.133769148 -0.174382147 0.001757302 0.024118376 -0.004487549 0.999697493
5011.000000000 -0.479556917 0.133782494 -0.174384601 0.001769412 0.024103513 -0.004502057 0.999697765
5012.000000000 -0.479568683 0.133768789 -0.174369272 0.001754574 0.024113111 -0.004491696 0.999697606
5013.000000000 -0.479566286 0.133755283 -0.174375248 0.001748051 0.024113431 -0.004497619 0.999697583
5014.000000000 -0.479556342 0.133771881 -0.174317934 0.001751604 0.024115572 -0.004506615 0.999697485
5015.000000000 -0.479553156 0.133767238 -0.174345983 0.001747734 0.024110290 -0.004527652 0.999697524
5016.000000000 -0.479574941 0.133753588 -0.174397351 0.001739903 0.024124038 -0.004501169 0.999697326
5017.000000000 -0.479555190 0.133754648 -0.174348247 0.001740832 0.024116990 -0.004507913 0.999697464
5018.000000000 -0.479559992 0.133768712 -0.174349029 0.001750607 0.024115807 -0.004509508 0.999697468
5019.000000000 -0.479567731 0.133751527 -0.174353873 0.001736570 0.024119119 -0.004489651 0.999697502
5020.000000000 -0.479551621 0.133772928 -0.174309750 0.001737492 0.024120322 -0.004504891 0.999697403
5021.000000000 -0.479562849 0.133771817 -0.174328766 0.001735702 0.024118958 -0.004514782 0.999697394
5022.000000000 -0.479587589 0.133757804 -0.174375845 0.001734095 0.024130566 -0.004509339 0.999697141
5023.000000000 -0.479562319 0.133779309 -0.174320493 0.001745046 0.024123572 -0.004523014 0.999697229
5024.000000000 -0.479552047 0.133783891 -0.174321920 0.001758363 0.024117367 -0.004502965 0.999697446
5025.000000000 -0.479578426 0.133777830 -0.174405708 0.001757495 0.024121742 -0.004512835 0.999697298
5026.000000000 -0.479586118 0.133765745 -0.174400550 0.001749422 0.024123740 -0.004511130 0.999697271
5027.000000000 -0.479582094 0.133756943 -0.174397554 0.001748023 0.024119979 -0.004502626 0.999697403
5028.000000000 -0.479577873 0.133767799 -0.174442710 0.001754174 0.024114864 -0.004491641 0.999697565
5029.000000000 -0.479600044 0.133750784 -0.174472637 0.001745038 0.024128282 -0.004489262 0.999697268
5030.000000000 -0.479612122 0.133758857 -0.174470223 0.001748859 0.024127002 -0.004487800 0.999697299
5031.000000000 -0.479600752 0.133780877 -0.174458016 0.001757935 0.024121420 -0.004500127 0.999697362
5032.000000000 -0.479575678 0.133779570 -0.174404713 0.001755790 0.024118780 -0.004493436 0.999697460
5033.000000000 -0.479566195 0.133780281 -0.174344094 0.001750397 0.024125276 -0.004502066 0.999697273
5034.000000000 -0.479545610 0.133783799 -0.174321251 0.001753842 0.024115425 -0.004480827 0.999697601
5035.000000000 -0.479557176 0.133771263 -0.174341343 0.001747901 0.024117500 -0.004450713 0.999697695
5036.000000000 -0.479553925 0.133774898 -0.174347184 0.001748943 0.024117945 -0.004455943 0.999697660
5037.000000000 -0.479559245 0.133778056 -0.174352981 0.001746559 0.024122677 -0.004476092 0.999697460
5038.000000000 -0.479569005 0.133769335 -0.174394995 0.001741650 0.024116509 -0.004472908 0.999697631
5039.000000000 -0.479573687 0.133762346 -0.174407489 0.001737448 0.024119759 -0.004477873 0.999697538
5040.000000000 -0.479586697 0.133749008 -0.174412318 0.001741582 0.024120837 -0.004454589 0.999697609
5041.000000000 -0.479598621 0.133739295 -0.174459290 0.001735110 0.024122162 -0.004466165 0.999697536
5042.000000000 -0.479598431 0.133746540 -0.174478122 0.001736270 0.024120060 -0.004464786 0.999697591
5043.000000000 -0.479605621 0.133741564 -0.174429375 0.001730487 0.024130871 -0.004455798 0.999697380
5044.000000000 -0.479618881 0.133735645 -0.174470180 0.001729501 0.024133729 -0.004471084 0.999697245
5045.000000000 -0.479561082 0.133754490 -0.174350281 0.001727541 0.024120039 -0.004458347 0.999697636
5046.000000000 -0.479559474 0.133760839 -0.174301643 0.001727495 0.024127617 -0.004456399 0.999697461
5047.000000000 -0.479570400 0.133756921 -0.174360427 0.001728457 0.024127911 -0.004464260 0.999697418
5048.000000000 -0.479561971 0.133775382 -0.174333833 0.001740834 0.024124906 -0.004456894 0.999697501
5049.000000000 -0.479580897 0.133751540 -0.174374738 0.001728314 0.024130448 -0.004469490 0.999697333
5050.000000000 -0.479571277 0.133762655 -0.174345967 0.001731982 0.024122745 -0.004464842 0.999697534
5051.000000000 -0.479552695 0.133769685 -0.174260706 0.001729917 0.024121339 -0.004464736 0.999697572
5052.000000000 -0.479536798 0.133768401 -0.174202942 0.001729515 0.024124296 -0.004476272 0.999697449
5053.000000000 -0.479540627 0.133769300 -0.174235596 0.001733043 0.024124559 -0.004488049 0.999697384
5054.000000000 -0.479563020 0.133757874 -0.174307123 0.001735517 0.024120849 -0.004458262 0.999697603
5055.000000000 -0.479566427 0.133761633 -0.174322655 0.001739548 0.024120737 -0.004482531 0.999697490
5056.000000000 -0.479540136 0.133772477 -0.174244244 0.001742318 0.024120890 -0.004468747 0.999697543
5057.000000000 -0.479524049 0.133784695 -0.174186601 0.001747778 0.024114219 -0.004485461 0.999697619
5058.000000000 -0.479528586 0.133787528 -0.174198395 0.001751911 0.024119469 -0.004488578 0.999697472
5059.000000000 -0.479546464 0.133769955 -0.174251580 0.001743312 0.024121328 -0.004479686 0.999697482
5060.000000000 -0.479544473 0.133783661 -0.174261298 0.001754068 0.024117462 -0.004499605 0.999697467
5061.000000000 -0.479504020 0.133803291 -0.174153211 0.001745568 0.024107340 -0.004522146 0.999697624
5062.000000000 -0.479506653 0.133788388 -0.174157223 0.001739668 0.024114111 -0.004491425 0.999697609
5063.000000000 -0.479521612 0.133773424 -0.174181962 0.001739219 0.024114673 -0.004471202 0.999697687
5064.000000000 -0.479510117 0.133778996 -0.174178743 0.001737339 0.024111414 -0.004494811 0.999697663
5065.000000000 -0.479531220 0.133783077 -0.174176121 0.001740445 0.024130775 -0.004491662 0.999697205
5066.000000000 -0.479531688 0.133775230 -0.174215107 0.001739744 0.024126160 -0.004454092 0.999697486
5067.000000000 -0.479546971 0.133762231 -0.174242873 0.001733631 0.024119825 -0.004477106 0.999697546
5068.000000000 -0.479535537 0.133759150 -0.174239779 0.001730393 0.024125185 -0.004438565 0.999697594
5069.000000000 -0.479515749 0.133778654 -0.174200296 0.001741910 0.024115965 -0.004459518 0.999697704
5070.000000000 -0.479513823 0.133781243 -0.174189629 0.001736949 0.024113901 -0.004450468 0.999697802
5071.000000000 -0.479491637 0.133783917 -0.174134613 0.001734751 0.024110911 -0.004471145 0.999697786
5072.000000000 -0.479525234 0.133775195 -0.174187571 0.001730479 0.024122017 -0.004489609 0.999697443
5073.000000000 -0.479542160 0.133765618 -0.174220920 0.001727112 0.024123510 -0.004476075 0.999697473
5074.000000000 -0.479506466 0.133770766 -0.174155826 0.001725673 0.024119134 -0.004489616 0.999697521
5075.000000000 -0.479545115 0.133754968 -0.174236986 0.001721600 0.024128997 -0.004488220 0.999697296
5076.000000000 -0.479558087 0.133769729 -0.174284877 0.001742966 0.024132857 -0.004462020 0.999697283
5077.000000000 -0.479524045 0.133775358 -0.174182709 0.001729179 0.024126840 -0.004499148 0.999697286
5078.000000000 -0.479529999 0.133783049 -0.174210465 0.001729718 0.024128465 -0.004509468 0.999697199
5079.000000000 -0.479513004 0.133768602 -0.174191283 0.001724404 0.024114902 -0.004467936 0.999697722
5080.000000000 -0.479557639 0.133756117 -0.174324856 0.001728991 0.024118025 -0.004499558 0.999697497
5081.000000000 -0.479522323 0.133768886 -0.174217366 0.001730391 0.024116484 -0.004513543 0.999697469
5082.000000000 -0.479519609 0.133761879 -0.174203577 0.001728034 0.024112514 -0.004511234 0.999697579
5083.000000000 -0.479531727 0.133762123 -0.174279547 0.001726799 0.024119872 -0.004500038 0.999697454
5084.000000000 -0.479541198 0.133754490 -0.174299124 0.001736994 0.024122849 -0.004484397 0.999697435
5085.000000000 -0.479527934 0.133776353 -0.174262128 0.001736105 0.024120214 -0.004503476 0.999697414
5086.000000000 -0.479510024 0.133785984 -0.174191642 0.001741984 0.024115467 -0.004511776 0.999697481
5087.000000000 -0.479518083 0.133778991 -0.174195091 0.001751373 0.024121027 -0.004523009 0.999697280
5088.000000000 -0.479525424 0.133782918 -0.174224060 0.001745336 0.024119883 -0.004513826 0.999697359
5089.000000000 -0.479503024 0.133781170 -0.174191009 0.001737838 0.024109886 -0.004514797 0.999697609
5090.000000000 -0.479536859 0.133764234 -0.174278187 0.001734791 0.024118995 -0.004497912 0.999697471
5091.000000000 -0.479530628 0.133775006 -0.174265376 0.001742403 0.024119411 -0.004519184 0.999697352
5092.000000000 -0.479520441 0.133787977 -0.174235573 0.001746580 0.024123052 -0.004535791 0.999697181
5093.000000000 -0.479538526 0.133794165 -0.174240750 0.001746222 0.024128379 -0.004538727 0.999697040
5094.000000000 -0.479548135 0.133783517 -0.174308809 0.001746004 0.024125849 -0.004538914 0.999697101
5095.000000000 -0.479527480 0.133795119 -0.174243355 0.001753185 0.024116736 -0.004538155 0.999697311
5096.000000000 -0.479544170 0.133786238 -0.174297428 0.001753691 0.024116585 -0.004539924 0.999697306
5097.000000000 -0.479539530 0.133780813 -0.174298619 0.001754651 0.024113802 -0.004521729 0.999697454
5098.000000000 -0.479531680 0.133787607 -0.174251833 0.001737524 0.024116469 -0.004513208 0.999697458
5099.000000000 -0.479510610 0.133796579 -0.174195536 0.001745441 0.024112107 -0.004516865 0.999697533
5100.000000000 -0.479509307 0.133796458 -0.174202531 0.001748381 0.024112479 -0.004500506 0.999697593
5101.000000000 -0.479539828 0.133793042 -0.174323676 0.001756372 0.024117368 -0.004514624 0.999697397
5102.000000000 -0.479538936 0.133789962 -0.174321523 0.001753171 0.024105171 -0.004524419 0.999697653
5103.000000000 -0.479521632 0.133793899 -0.174330549 0.001753902 0.024099541 -0.004512288 0.999697842
5104.000000000 -0.479542234 0.133806180 -0.174429033 0.001779682 0.024087043 -0.004531129 0.999698012
5105.000000000 -0.479535366 0.133799444 -0.174454025 0.001771072 0.024098234 -0.004493485 0.999697928
5106.000000000 -0.479494262 0.133899849 -0.174515862 0.001857215 0.024117724 -0.004563163 0.999696986
5107.000000000 -0.479558371 0.134008575 -0.174819751 0.001885960 0.024105192 -0.004735422 0.999696433
5108.000000000 -0.479419647 0.134014515 -0.174588985 0.001902543 0.024062102 -0.004754409 0.999697350
5109.000000000 -0.479865977 0.134017538 -0.175034855 0.001864788 0.024182996 -0.004559520 0.999695412
5110.000000000 -0.479810888 0.134142517 -0.174764940 0.001943915 0.024158039 -0.004663413 0.999695385
5111.000000000 -0.479494762 0.133909834 -0.174262250 0.001882055 0.024141188 -0.004693673 0.999695769
5112.000000000 -0.479447950 0.133890599 -0.174179665 0.001883960 0.024134501 -0.004686327 0.999695961
5113.000000000 -0.479518890 0.134014514 -0.173852143 0.001907368 0.024131172 -0.004700568 0.999695930
5114.000000000 -0.479571651 0.134008765 -0.173866711 0.001909037 0.024150034 -0.004687517 0.999695533
5115.000000000 -0.479460920 0.134083530 -0.173715369 0.001954972 0.024130829 -0.004736176 0.999695679
5116.000000000 -0.479454268 0.134052100 -0.173653626 0.001955622 0.024129489 -0.004682222 0.999695964
5117.000000000 -0.479469386 0.134093719 -0.173614714 0.001983238 0.024119729 -0.004728322 0.999695928
5118.000000000 -0.479550787 0.134141033 -0.173646416 0.001978546 0.024115901 -0.004741253 0.999695968
5119.000000000 -0.479454520 0.133998404 -0.173517110 0.001938149 0.024104378 -0.004724579 0.999696404
5120.000000000 -0.479492817 0.134077718 -0.173600232 0.001953448 0.024092290 -0.004771835 0.999696442
5121.000000000 -0.479472207 0.134076286 -0.173576327 0.001961776 0.024100541 -0.004794587 0.999696117
5122.000000000 -0.479687939 0.134136457 -0.173889140 0.001979648 0.024155484 -0.004754199 0.999694949
5123.000000000 -0.479723733 0.134025985 -0.173811160 0.001917237 0.024181420 -0.004708126 0.999694662
5124.000000000 -0.479723539 0.134025414 -0.173763952 0.001918900 0.024173926 -0.004712713 0.999694818
5125.000000000 -0.479698333 0.133993525 -0.173758303 0.001878578 0.024187003 -0.004672345 0.999694768
5126.000000000 -0.479650841 0.134226275 -0.173814822 0.001951618 0.024168468 -0.004691839 0.999694985
5127.000000000 -0.479681475 0.134293114 -0.173876563 0.001992355 0.024166092 -0.004677466 0.999695029
5128.000000000 -0.479673348 0.134328824 -0.173726751 0.002013115 0.024163463 -0.004706361 0.999694916
5129.000000000 -0.479814788 0.134407971 -0.173841292 0.002012172 0.024199275 -0.004715764 0.999694007
5130.000000000 -0.479849320 0.134343312 -0.173749027 0.002010096 0.024211950 -0.004733382 0.999693621
5131.000000000 -0.479825770 0.134351917 -0.173764953 0.001997965 0.024205479 -0.004708195 0.999693921
5132.000000000 -0.479843741 0.134350965 -0.173787272 0.001995992 0.024205271 -0.004719909 0.999693875
5133.000000000 -0.479846228 0.134324387 -0.173739033 0.002000292 0.024197862 -0.004707476 0.999694104
5134.000000000 -0.479837080 0.134324752 -0.173713580 0.001997993 0.024201508 -0.004721211 0.999693956
5135.000000000 -0.479745319 0.134207673 -0.173790961 0.001947843 0.024159909 -0.004693573 0.999695191
5136.000000000 -0.479740429 0.134210236 -0.173808776 0.001944115 0.024164060 -0.004712270 0.999695010
5137.000000000 -0.479526602 0.134069980 -0.173859503 0.001947204 0.024064624 -0.004755038 0.999697200
5138.000000000 -0.479527235 0.134072482 -0.173848847 0.001951251 0.024061213 -0.004794922 0.999697084
5139.000000000 -0.479520890 0.134077318 -0.173840718 0.001968740 0.024057692 -0.004828223 0.999696974
5140.000000000 -0.479525871 0.134084522 -0.173850337 0.001983162 0.024058038 -0.004810782 0.999697021
5141.000000000 -0.479522838 0.134077305 -0.173849666 0.001975632 0.024068289 -0.004815151 0.999696768
5142.000000000 -0.479515902 0.134080453 -0.173840219 0.002000025 0.024066961 -0.004840802 0.999696628
5143.000000000 -0.479516851 0.134076309 -0.173836749 0.002004491 0.024063334 -0.004854140 0.999696642
5144.000000000 -0.479515985 0.134074769 -0.173834290 0.002004480 0.024052152 -0.004871602 0.999696826
5145.000000000 -0.479522843 0.134078541 -0.173827361 0.002012957 0.024069367 -0.004886406 0.999696322
5146.000000000 -0.479522040 0.134069723 -0.173845394 0.001989087 0.024075270 -0.004875667 0.999696280
5147.000000000 -0.479531577 0.134064300 -0.173857485 0.001977609 0.024079040 -0.004899666 0.999696095
5148.000000000 -0.479528952 0.134063463 -0.173840028 0.001983681 0.024072641 -0.004901616 0.999696227
5149.000000000 -0.479539372 0.134060291 -0.173848362 0.001993900 0.024071982 -0.004892488 0.999696268
5150.000000000 -0.479522200 0.134053374 -0.173758467 0.001996669 0.024078462 -0.004955789 0.999695794
5151.000000000 -0.479586201 0.134066988 -0.173854109 0.002003974 0.024108503 -0.004883267 0.999695413
5152.000000000 -0.479553990 0.134071673 -0.173862862 0.002028908 0.024034578 -0.004871502 0.999697200
5153.000000000 -0.480445360 0.133380722 -0.172669357 0.001923866 0.024121120 -0.004907213 0.999695148
5154.000000000 -0.480515597 0.133424215 -0.172445288 0.001939518 0.024128806 -0.004854003 0.999695192
5155.000000000 -0.480653273 0.133507461 -0.172498896 0.001922661 0.024148561 -0.004816134 0.999694931
5156.000000000 -0.480267299 0.133715931 -0.172980168 0.001965618 0.024112457 -0.004844103 0.999695584
5157.000000000 -0.480774903 0.134250293 -0.172395254 0.002032445 0.024174311 -0.004800231 0.999694168
5158.000000000 -0.480684890 0.134331768 -0.172487837 0.002046251 0.024163650 -0.004794959 0.999694423
5159.000000000 -0.480661664 0.134156665 -0.172518255 0.002006152 0.024157227 -0.004786123 0.999694702
5160.000000000 -0.480756309 0.134137995 -0.172455187 0.002014211 0.024174282 -0.004815201 0.999694134
5161.000000000 -0.480531409 0.134512268 -0.172350784 0.002093113 0.024143444 -0.004905626 0.999694277
5162.000000000 -0.480959644 0.134110274 -0.172140843 0.001996039 0.024238355 -0.004841583 0.999692491
5163.000000000 -0.480283393 0.133841357 -0.172673084 0.001992049 0.024167773 -0.004875807 0.999694042
5164.000000000 -0.480339949 0.133782523 -0.172417777 0.002030684 0.024163743 -0.004912584 0.999693881
5165.000000000 -0.480398036 0.133840453 -0.172800048 0.001990434 0.024175242 -0.004851332 0.999693983
5166.000000000 -0.480332322 0.133748660 -0.172896174 0.001983180 0.024171348 -0.004837175 0.999694161
5167.000000000 -0.480254334 0.133801193 -0.172808725 0.001991898 0.024148620 -0.004874337 0.999694512
5168.000000000 -0.480423977 0.133460722 -0.173009815 0.001814567 0.024211684 -0.004506408 0.999695050
5169.000000000 -0.480425721 0.133482591 -0.172968500 0.001817583 0.024200656 -0.004526443 0.999695222
5170.000000000 -0.480421004 0.133453453 -0.172986307 0.001776092 0.024206229 -0.004493231 0.999695311
5171.000000000 -0.480580968 0.133688083 -0.173444141 0.001808799 0.024255374 -0.004531495 0.999693888
5172.000000000 -0.480591842 0.133762404 -0.173570358 0.001832748 0.024253682 -0.004569065 0.999693715
5173.000000000 -0.480491585 0.133461816 -0.173190187 0.001758830 0.024254503 -0.004517846 0.999694061
5174.000000000 -0.480787731 0.134023326 -0.173124917 0.001860136 0.024327274 -0.004494916 0.999692212
5175.000000000 -0.480761625 0.133979827 -0.173138735 0.001857149 0.024318061 -0.004477334 0.999692521
5176.000000000 -0.480733365 0.134027242 -0.173154908 0.001830153 0.024323029 -0.004431456 0.999692654
5177.000000000 -0.480627273 0.134093471 -0.173212146 0.001829633 0.024321399 -0.004528921 0.999692258
5178.000000000 -0.480712068 0.134122840 -0.173261308 0.001878358 0.024343451 -0.004530768 0.999691623
5179.000000000 -0.480753682 0.134040763 -0.173053507 0.001863808 0.024344539 -0.004543945 0.999691564
5180.000000000 -0.480560195 0.134217762 -0.173151526 0.001919289 0.024311828 -0.004592926 0.999692031
5181.000000000 -0.480895752 0.134010477 -0.173265768 0.001879794 0.024362468 -0.004543990 0.999691097
5182.000000000 -0.480871021 0.133846958 -0.173274738 0.001845672 0.024350136 -0.004530525 0.999691522
5183.000000000 -0.480769774 0.133962009 -0.173452458 0.001872197 0.024333919 -0.004552381 0.999691768
5184.000000000 -0.480929330 0.133988692 -0.173228778 0.001881831 0.024366532 -0.004531291 0.999691051
5185.000000000 -0.480983933 0.133967726 -0.173245415 0.001894416 0.024379590 -0.004553748 0.999690607
5186.000000000 -0.480994774 0.134029151 -0.173483997 0.001892021 0.024386056 -0.004548218 0.999690479
5187.000000000 -0.480902584 0.134094273 -0.173280320 0.001910919 0.024368582 -0.004562109 0.999690806
5188.000000000 -0.480950665 0.134365461 -0.173191759 0.001944007 0.024370995 -0.004509260 0.999690923
5189.000000000 -0.480796043 0.134487018 -0.173269450 0.001945233 0.024341873 -0.004527610 0.999691547
5190.000000000 -0.481099693 0.134341087 -0.173237514 0.001890658 0.024404259 -0.004514154 0.999690192
5191.000000000 -0.480314822 0.134474393 -0.172958072 0.001924687 0.024306369 -0.004573213 0.999692243
5192.000000000 -0.480438496 0.134283370 -0.172711397 0.001880947 0.024318312 -0.004515170 0.999692300
5193.000000000 -0.480377364 0.134468032 -0.172774363 0.001932449 0.024327119 -0.004593153 0.999691632
5194.000000000 -0.480308950 0.134434012 -0.172701884 0.001933431 0.024311507 -0.004606074 0.999691951
5195.000000000 -0.480275716 0.134410248 -0.172753772 0.001940757 0.024290859 -0.004607638 0.999692431
5196.000000000 -0.480365204 0.134212073 -0.172825297 0.001924522 0.024270632 -0.004510926 0.999693395
5197.000000000 -0.479888674 0.134570951 -0.173602664 0.001882380 0.024147418 -0.004370028 0.999697085
5198.000000000 -0.479716403 0.134699771 -0.173402098 0.001900870 0.024142183 -0.004373274 0.999697162
5199.000000000 -0.479852735 0.134903011 -0.173515749 0.001942205 0.024186609 -0.004317245 0.999696252
5200.000000000 -0.479861757 0.134940464 -0.173381724 0.001904593 0.024200813 -0.004386357 0.999695680
5201.000000000 -0.479900959 0.134948777 -0.173283254 0.001910563 0.024210475 -0.004391699 0.999695411
5202.000000000 -0.479912537 0.134900264 -0.173215019 0.001899549 0.024222272 -0.004393102 0.999695140
5203.000000000 -0.479968375 0.135186596 -0.173041751 0.002005732 0.024246995 -0.004468846 0.999693998
5204.000000000 -0.479916713 0.135350496 -0.173107339 0.002045294 0.024238072 -0.004458884 0.999694179
5205.000000000 -0.479909383 0.135355198 -0.173010250 0.002049285 0.024233140 -0.004466123 0.999694258
5206.000000000 -0.479765184 0.135489100 -0.173098161 0.002077939 0.024211598 -0.004492638 0.999694602
5207.000000000 -0.479809939 0.135129662 -0.173022479 0.001978297 0.024230284 -0.004516374 0.999694244
5208.000000000 -0.479913615 0.135201684 -0.173153854 0.001994148 0.024238797 -0.004515911 0.999694008
5209.000000000 -0.480008017 0.135165490 -0.173263065 0.001997321 0.024255644 -0.004509859 0.999693621
5210.000000000 -0.480040481 0.135191148 -0.173225011 0.001996129 0.024270273 -0.004510054 0.999693267
5211.000000000 -0.480004554 0.135245522 -0.173231175 0.002011311 0.024255532 -0.004512629 0.999693583
5212.000000000 -0.479935594 0.135094160 -0.173158214 0.001984854 0.024237529 -0.004499857 0.999694130
5213.000000000 -0.480116098 0.135036891 -0.172995752 0.001977540 0.024274777 -0.004512719 0.999693183
5214.000000000 -0.479688166 0.134880192 -0.173297214 0.001943623 0.024214208 -0.004525546 0.999694660
5215.000000000 -0.479588404 0.134741433 -0.173138077 0.001921300 0.024179656 -0.004532229 0.999695510
5216.000000000 -0.479744628 0.134820583 -0.172861026 0.001955744 0.024200951 -0.004476266 0.999695180
5217.000000000 -0.479703413 0.134512970 -0.172395892 0.001872734 0.024191604 -0.004582175 0.999695085
5218.000000000 -0.479643826 0.133725950 -0.172046542 0.001784866 0.024147653 -0.004619224 0.999696138
5219.000000000 -0.480430765 0.134094345 -0.171866508 0.001825590 0.024312960 -0.004523859 0.999692494
5220.000000000 -0.479782346 0.133714243 -0.171743854 0.001779297 0.024153282 -0.004534291 0.999696401
5221.000000000 -0.479756943 0.133692329 -0.171734462 0.001782408 0.024110040 -0.004518411 0.999697511
5222.000000000 -0.479854024 0.133621175 -0.171916693 0.001820721 0.024165173 -0.004617323 0.999695659
5223.000000000 -0.479928297 0.133561942 -0.171816191 0.001820155 0.024168436 -0.004606399 0.999695631
5224.000000000 -0.479661141 0.134018891 -0.172567391 0.001866525 0.024131735 -0.004599504 0.999696464
5225.000000000 -0.479572229 0.133876253 -0.172565921 0.001827978 0.024128137 -0.004574702 0.999696736
5226.000000000 -0.479732983 0.133800869 -0.172490871 0.001813641 0.024155069 -0.004560690 0.999696176
5227.000000000 -0.479661161 0.133803170 -0.172428141 0.001818710 0.024141466 -0.004555953 0.999696517
5228.000000000 -0.479686045 0.133821662 -0.172424312 0.001823366 0.024184321 -0.004586461 0.999695333
5229.000000000 -0.479699586 0.133956641 -0.172486047 0.001864487 0.024177405 -0.004606976 0.999695330
5230.000000000 -0.479763457 0.133874326 -0.172339333 0.001831819 0.024192481 -0.004595364 0.999695079
5231.000000000 -0.479723224 0.133770581 -0.172471659 0.001832204 0.024186202 -0.004595677 0.999695229
5232.000000000 -0.479842674 0.133797507 -0.172350255 0.001820062 0.024227827 -0.004588483 0.999694276
5233.000000000 -0.479822627 0.133800244 -0.172434211 0.001811441 0.024205791 -0.004603079 0.999694758
5234.000000000 -0.479770658 0.133809976 -0.172348245 0.001830399 0.024197446 -0.004597654 0.999694951
5235.000000000 -0.479743980 0.133894784 -0.172477231 0.001828388 0.024180920 -0.004561086 0.999695522
5236.000000000 -0.479602310 0.133835414 -0.172431776 0.001848511 0.024171734 -0.004630506 0.999695388
5237.000000000 -0.479662453 0.133850912 -0.172220599 0.001857403 0.024181697 -0.004635402 0.999695108
5238.000000000 -0.479780450 0.133727200 -0.172331939 0.001816049 0.024194126 -0.004632900 0.999694895
5239.000000000 -0.479693689 0.133830455 -0.172454421 0.001843881 0.024174542 -0.004616956 0.999695391
5240.000000000 -0.479673397 0.133825040 -0.172197733 0.001843541 0.024173441 -0.004644596 0.999695290
5241.000000000 -0.479555179 0.133867302 -0.172364230 0.001858995 0.024157343 -0.004701568 0.999695385
5242.000000000 -0.479779553 0.133824514 -0.172285512 0.001847669 0.024195455 -0.004644726 0.999694750
5243.000000000 -0.479802717 0.133851420 -0.172198315 0.001846373 0.024187614 -0.004616225 0.999695074
5244.000000000 -0.479775166 0.133896210 -0.172440840 0.001823907 0.024173086 -0.004607970 0.999695505
5245.000000000 -0.479777417 0.133829291 -0.172338238 0.001822064 0.024167558 -0.004636931 0.999695508
5246.000000000 -0.479517208 0.133962374 -0.171968196 0.001977565 0.024127640 -0.004785963 0.999695474
5247.000000000 -0.479937752 0.133508149 -0.172663499 0.001822783 0.024222727 -0.004619906 0.999694250
5248.000000000 -0.479991037 0.133510265 -0.172643029 0.001826553 0.024257248 -0.004628650 0.999693366
5249.000000000 -0.479928893 0.133572981 -0.172727153 0.001851893 0.024220555 -0.004647674 0.999694120
5250.000000000 -0.479970787 0.133615819 -0.172730037 0.001905439 0.024236788 -0.004676182 0.999693493
5251.000000000 -0.479994795 0.133688509 -0.172785324 0.001957390 0.024264554 -0.004725291 0.999692489
5252.000000000 -0.480014327 0.133581083 -0.172861338 0.001905718 0.024266170 -0.004665622 0.999692829
5253.000000000 -0.479921900 0.134208939 -0.172794011 0.001985560 0.024228912 -0.004467993 0.999694481
5254.000000000 -0.479829436 0.134260650 -0.172864215 0.001990148 0.024219598 -0.004515589 0.999694483
5255.000000000 -0.479812455 0.134315701 -0.172957520 0.001998040 0.024211719 -0.004471553 0.999694856
5256.000000000 -0.479862496 0.134395788 -0.172859548 0.002017610 0.024240278 -0.004515756 0.999693926
5257.000000000 -0.479858500 0.134418875 -0.172890646 0.002034325 0.024246803 -0.004514315 0.999693741
5258.000000000 -0.480023486 0.134310532 -0.172900643 0.002005827 0.024270500 -0.004522552 0.999693186
5259.000000000 -0.479881717 0.134259483 -0.172970645 0.001985852 0.024242983 -0.004565309 0.999693699
5260.000000000 -0.480185534 0.133970259 -0.173199576 0.001898830 0.024278456 -0.004567148 0.999692999
5261.000000000 -0.479985898 0.133809467 -0.172757984 0.001870631 0.024249035 -0.004581673 0.999693700
5262.000000000 -0.480379710 0.133445070 -0.173309067 0.001821912 0.024319870 -0.004605755 0.999691958
5263.000000000 -0.480403580 0.133455549 -0.173414328 0.001822472 0.024333425 -0.004607319 0.999691620
5264.000000000 -0.480301281 0.133519950 -0.173370748 0.001816764 0.024306462 -0.004598975 0.999692325
5265.000000000 -0.480302919 0.133619804 -0.173368052 0.001859839 0.024297206 -0.004608785 0.999692426
5266.000000000 -0.480272226 0.133674379 -0.173224057 0.001869129 0.024303999 -0.004626247 0.999692163
5267.000000000 -0.479827478 0.134369922 -0.173680343 0.001974927 0.024241398 -0.004612947 0.999693541
5268.000000000 -0.480108029 0.134023394 -0.173588921 0.001911326 0.024277035 -0.004622457 0.999692755
5269.000000000 -0.479101113 0.134599293 -0.173687569 0.002019137 0.024157804 -0.004690318 0.999695116
5270.000000000 -0.479026107 0.134991580 -0.173854554 0.002040873 0.024166310 -0.004651159 0.999695049
5271.000000000 -0.478928151 0.135180929 -0.175176791 0.001977534 0.024176772 -0.004577396 0.999695264
5272.000000000 -0.479399204 0.134741905 -0.175684291 0.001944046 0.024212976 -0.004508834 0.999694765
5273.000000000 -0.478824096 0.134663846 -0.175883331 0.001972235 0.024169297 -0.004686074 0.999694952
5274.000000000 -0.479151075 0.134896756 -0.176316576 0.001949575 0.024215804 -0.004695905 0.999693824
5275.000000000 -0.479107307 0.134725419 -0.175225577 0.002010868 0.024190444 -0.004725766 0.999694176
5276.000000000 -0.479044358 0.134916026 -0.175035367 0.002022912 0.024172889 -0.004711011 0.999694646
5277.000000000 -0.479131522 0.134849086 -0.175142709 0.002023162 0.024177948 -0.004686302 0.999694639
5278.000000000 -0.478926450 0.134394508 -0.175433802 0.001973464 0.024165509 -0.004724426 0.999694860
5279.000000000 -0.478924893 0.134266477 -0.175547203 0.001958725 0.024154854 -0.004712117 0.999695205
5280.000000000 -0.478927304 0.134579005 -0.175656601 0.001983148 0.024161541 -0.004674377 0.999695172
5281.000000000 -0.478894510 0.134564408 -0.175673800 0.001991143 0.024167719 -0.004678424 0.999694988
5282.000000000 -0.479017995 0.134582453 -0.175552609 0.001974586 0.024180295 -0.004682323 0.999694698
5283.000000000 -0.479274666 0.134248820 -0.175331379 0.001935322 0.024194066 -0.004661901 0.999694538
5284.000000000 -0.479191968 0.134432569 -0.175315538 0.001959231 0.024172403 -0.004628621 0.999695170
5285.000000000 -0.479975896 0.133748582 -0.174102111 0.001887495 0.024224020 -0.004516617 0.999694571
5286.000000000 -0.479716947 0.133199768 -0.173249109 0.001835987 0.024132783 -0.004627628 0.999696365
5287.000000000 -0.480183448 0.133364256 -0.173302754 0.001902902 0.024220866 -0.004663432 0.999693944
5288.000000000 -0.480176923 0.133552283 -0.173200471 0.001937079 0.024212004 -0.004682163 0.999694005
5289.000000000 -0.479911920 0.133268635 -0.174133731 0.001830056 0.024241879 -0.004594981 0.999693887
5290.000000000 -0.479348017 0.132852420 -0.173720913 0.001786546 0.024135661 -0.004624044 0.999696402
5291.000000000 -0.479700343 0.132687827 -0.173906748 0.001740726 0.024180435 -0.004596948 0.999695526
5292.000000000 -0.479525124 0.132924115 -0.174105813 0.001749971 0.024167385 -0.004586332 0.999695874
5293.000000000 -0.479558543 0.133053056 -0.173887499 0.001791188 0.024174248 -0.004602463 0.999695561
5294.000000000 -0.479406441 0.133371484 -0.173804055 0.001856807 0.024160473 -0.004661473 0.999695501
5295.000000000 -0.479377721 0.133277559 -0.173744879 0.001848831 0.024157197 -0.004644802 0.999695672
5296.000000000 -0.479331397 0.133175005 -0.173917383 0.001822368 0.024160414 -0.004658302 0.999695580
5297.000000000 -0.479223905 0.133086883 -0.173690090 0.001821135 0.024134200 -0.004681183 0.999696109
5298.000000000 -0.479242573 0.133515209 -0.173698970 0.001909526 0.024133326 -0.004667812 0.999696028
5299.000000000 -0.479770526 0.132842991 -0.173916590 0.001741894 0.024219741 -0.004587398 0.999694616
5300.000000000 -0.479650315 0.132951816 -0.173569591 0.001810392 0.024200668 -0.004621089 0.999694801
5301.000000000 -0.479468437 0.133339749 -0.173687210 0.001876951 0.024181506 -0.004664925 0.999694939
5302.000000000 -0.479468599 0.133407139 -0.173911757 0.001877176 0.024173300 -0.004651950 0.999695197
5303.000000000 -0.479751494 0.133551596 -0.174138560 0.001888218 0.024214467 -0.004645833 0.999694208
5304.000000000 -0.480522799 0.134078995 -0.174866914 0.001922385 0.024334108 -0.004707370 0.999690950
5305.000000000 -0.479497005 0.133743587 -0.173919166 0.001892959 0.024148565 -0.004759332 0.999695260
5306.000000000 -0.479443352 0.133810981 -0.174050356 0.001892675 0.024128382 -0.004733002 0.999695873
5307.000000000 -0.479488697 0.133782734 -0.174129380 0.001904067 0.024130788 -0.004703162 0.999695934
5308.000000000 -0.479553757 0.133882855 -0.174166938 0.001900034 0.024151865 -0.004711286 0.999695394
5309.000000000 -0.479365772 0.133640402 -0.174289954 0.001836992 0.024146473 -0.004673028 0.999695822
5310.000000000 -0.479363108 0.133581954 -0.174128797 0.001847310 0.024154570 -0.004680439 0.999695573
5311.000000000 -0.479283218 0.133467971 -0.174446727 0.001831683 0.024136730 -0.004685548 0.999696008
5312.000000000 -0.478926644 0.133758108 -0.174281391 0.001868816 0.024089628 -0.004669378 0.999697151
5313.000000000 -0.479036727 0.133585118 -0.174188554 0.001837362 0.024097507 -0.004645179 0.999697132
5314.000000000 -0.478796168 0.133675730 -0.174252078 0.001845784 0.024057608 -0.004684199 0.999697896
5315.000000000 -0.478628154 0.133585668 -0.174141063 0.001853715 0.024014512 -0.004684641 0.999698915
5316.000000000 -0.478887064 0.133694244 -0.174430688 0.001851285 0.024090649 -0.004635052 0.999697319
5317.000000000 -0.479053357 0.133510286 -0.174355774 0.001822414 0.024110824 -0.004644466 0.999696842
5318.000000000 -0.479071770 0.133413947 -0.174361645 0.001797385 0.024118555 -0.004630215 0.999696767
5319.000000000 -0.479084118 0.133271794 -0.174244581 0.001815743 0.024130121 -0.004671258 0.999696264
5320.000000000 -0.479087755 0.133244519 -0.174127296 0.001813327 0.024123562 -0.004682150 0.999696375
5321.000000000 -0.479142230 0.133302102 -0.174117089 0.001814522 0.024139330 -0.004702943 0.999695895
5322.000000000 -0.479039330 0.133350805 -0.173855703 0.001833391 0.024123291 -0.004665494 0.999696423
5323.000000000 -0.479153300 0.133342854 -0.174071115 0.001823856 0.024149240 -0.004667881 0.999695803
5324.000000000 -0.478933246 0.133226268 -0.174129762 0.001812531 0.024114605 -0.004647457 0.999696755
5325.000000000 -0.478976035 0.133219996 -0.174289507 0.001787134 0.024118272 -0.004672944 0.999696593
5326.000000000 -0.478699772 0.133181630 -0.174472011 0.001795562 0.024086762 -0.004640403 0.999697489
5327.000000000 -0.478813338 0.133283178 -0.174147234 0.001805730 0.024090082 -0.004629023 0.999697444
5328.000000000 -0.479164725 0.133025358 -0.174096650 0.001774744 0.024137074 -0.004642654 0.999696303
5329.000000000 -0.479066664 0.133056227 -0.174197450 0.001780462 0.024143493 -0.004626884 0.999696211
5330.000000000 -0.479059989 0.133110124 -0.174225057 0.001802282 0.024122284 -0.004629233 0.999696673
5331.000000000 -0.479132616 0.132917959 -0.173980412 0.001770848 0.024116645 -0.004628473 0.999696868
5332.000000000 -0.479363449 0.132888529 -0.173994666 0.001765215 0.024135367 -0.004573977 0.999696677
5333.000000000 -0.479289937 0.132898394 -0.173929205 0.001759827 0.024130913 -0.004589107 0.999696725
5334.000000000 -0.479544626 0.132616643 -0.173871869 0.001728911 0.024168648 -0.004600538 0.999695815
5335.000000000 -0.479461361 0.132515658 -0.173581680 0.001704859 0.024141330 -0.004619994 0.999696427
5336.000000000 -0.479520353 0.132620576 -0.173697124 0.001741599 0.024152201 -0.004617161 0.999696114
5337.000000000 -0.479357941 0.132570929 -0.173523148 0.001745681 0.024134508 -0.004642027 0.999696419
5338.000000000 -0.479243459 0.132893389 -0.173625835 0.001803662 0.024110193 -0.004627039 0.999696972
5339.000000000 -0.479393666 0.132992658 -0.173258682 0.001811867 0.024128418 -0.004683056 0.999696257
5340.000000000 -0.479256399 0.133011858 -0.173183681 0.001818310 0.024126029 -0.004713657 0.999696159
5341.000000000 -0.479458657 0.132938304 -0.173042097 0.001810009 0.024161430 -0.004706590 0.999695352
5342.000000000 -0.479385889 0.133066384 -0.172845129 0.001812386 0.024126574 -0.004734254 0.999696059
5343.000000000 -0.479748778 0.133102639 -0.173162982 0.001824625 0.024187599 -0.004734587 0.999694561
5344.000000000 -0.479611919 0.132921809 -0.173044449 0.001806077 0.024165671 -0.004753184 0.999695036
5345.000000000 -0.479823180 0.133063547 -0.172886037 0.001826350 0.024196180 -0.004733136 0.999694357
5346.000000000 -0.480075830 0.132918967 -0.172808287 0.001826655 0.024227701 -0.004721429 0.999693648
5347.000000000 -0.479935863 0.133034576 -0.172944660 0.001852480 0.024209066 -0.004721506 0.999694052
5348.000000000 -0.480058640 0.132859667 -0.172874490 0.001811537 0.024223420 -0.004739947 0.999693692
5349.000000000 -0.479874498 0.132803681 -0.172934695 0.001819932 0.024198864 -0.004749740 0.999694225
5350.000000000 -0.479749319 0.132739585 -0.172903409 0.001803048 0.024176284 -0.004720200 0.999694941
5351.000000000 -0.479854996 0.132906054 -0.172946119 0.001817183 0.024197288 -0.004726687 0.999694377
5352.000000000 -0.479609916 0.132907881 -0.172870891 0.001821550 0.024166715 -0.004726424 0.999695110
5353.000000000 -0.479861586 0.133011680 -0.173227533 0.001827451 0.024193823 -0.004691375 0.999694609
5354.000000000 -0.480186767 0.132686761 -0.173290399 0.001746557 0.024257242 -0.004620454 0.999693547
5355.000000000 -0.480158132 0.132780699 -0.173040815 0.001766699 0.024266863 -0.004678190 0.999693009
5356.000000000 -0.480316503 0.132059759 -0.171401188 0.001650633 0.024200738 -0.004556052 0.999695375
5357.000000000 -0.480327131 0.132078989 -0.171477296 0.001677739 0.024195893 -0.004571018 0.999695378
5358.000000000 -0.480361771 0.132093215 -0.171527979 0.001678955 0.024201798 -0.004557492 0.999695295
5359.000000000 -0.480263016 0.132070578 -0.171504092 0.001660883 0.024185922 -0.004517485 0.999695891
5360.000000000 -0.480113068 0.132082092 -0.171342128 0.001666206 0.024142761 -0.004561504 0.999696726
5361.000000000 -0.480140769 0.132054166 -0.171320615 0.001683360 0.024171271 -0.004562617 0.999696003
5362.000000000 -0.480109795 0.131990934 -0.171281346 0.001686166 0.024151024 -0.004590488 0.999696360
5363.000000000 -0.480177014 0.132038660 -0.171500478 0.001673618 0.024191226 -0.004572076 0.999695493
5364.000000000 -0.480112966 0.132141347 -0.171771462 0.001687518 0.024169828 -0.004616190 0.999695785
5365.000000000 -0.480812471 0.132028033 -0.172399904 0.001614378 0.024263503 -0.004500112 0.999694166
5366.000000000 -0.480631363 0.131927321 -0.172243878 0.001582790 0.024248609 -0.004499634 0.999694580
5367.000000000 -0.480860637 0.131911620 -0.172452147 0.001570283 0.024289186 -0.004461165 0.999693787
5368.000000000 -0.480911211 0.131992808 -0.172467418 0.001586855 0.024303727 -0.004442589 0.999693490
5369.000000000 -0.480935253 0.131939212 -0.172432216 0.001573964 0.024298109 -0.004437035 0.999693672
5370.000000000 -0.480548692 0.131863884 -0.172139916 0.001581797 0.024221622 -0.004475804 0.999695343
5371.000000000 -0.480743753 0.131785790 -0.172234550 0.001540496 0.024254496 -0.004427084 0.999694827
5372.000000000 -0.480711551 0.131993430 -0.172279045 0.001582258 0.024238542 -0.004499565 0.999694825
5373.000000000 -0.480645625 0.132074624 -0.172263661 0.001600060 0.024232500 -0.004518836 0.999694856
5374.000000000 -0.480670886 0.132067280 -0.172359036 0.001596499 0.024237587 -0.004514787 0.999694757
5375.000000000 -0.480669779 0.132199454 -0.172266668 0.001634017 0.024241284 -0.004507421 0.999694640
5376.000000000 -0.480690919 0.132255414 -0.172231020 0.001634353 0.024249338 -0.004503147 0.999694463
5377.000000000 -0.480889254 0.132164510 -0.172176866 0.001613384 0.024290792 -0.004528601 0.999693376
5378.000000000 -0.480921927 0.132300723 -0.172339605 0.001626797 0.024287181 -0.004541673 0.999693383
5379.000000000 -0.480791209 0.132337064 -0.172265241 0.001633134 0.024274873 -0.004547501 0.999693645
5380.000000000 -0.480799148 0.132265626 -0.172326772 0.001606984 0.024286922 -0.004519581 0.999693521
5381.000000000 -0.480925442 0.132266991 -0.172431397 0.001604481 0.024322147 -0.004494563 0.999692782
5382.000000000 -0.480963440 0.132314839 -0.172682086 0.001599216 0.024325187 -0.004482846 0.999692769
5383.000000000 -0.480933778 0.132289199 -0.172627860 0.001606312 0.024307556 -0.004467971 0.999693253
5384.000000000 -0.481016081 0.132358412 -0.172695297 0.001613242 0.024318808 -0.004448594 0.999693054
5385.000000000 -0.481081214 0.132357772 -0.172368665 0.001613328 0.024310167 -0.004413726 0.999693419
5386.000000000 -0.481076746 0.132309744 -0.172599863 0.001607172 0.024325933 -0.004454514 0.999692864
5387.000000000 -0.480995272 0.132195123 -0.172452764 0.001587882 0.024322251 -0.004431359 0.999693088
5388.000000000 -0.481088372 0.132082118 -0.172294504 0.001545273 0.024338493 -0.004365200 0.999693050
5389.000000000 -0.481611000 0.131964398 -0.172669257 0.001527210 0.024415714 -0.004297923 0.999691487
5390.000000000 -0.481388417 0.132262998 -0.172623418 0.001597412 0.024381810 -0.004366845 0.999691906
5391.000000000 -0.481334893 0.132137999 -0.172737912 0.001566556 0.024377716 -0.004406242 0.999691881
5392.000000000 -0.481418902 0.132121582 -0.172800405 0.001507190 0.024392867 -0.004358755 0.999691811
5393.000000000 -0.481263631 0.132375788 -0.172454339 0.001649229 0.024363303 -0.004447617 0.999691917
5394.000000000 -0.481580138 0.132421098 -0.171973614 0.001675088 0.024429937 -0.004383074 0.999690533
5395.000000000 -0.481311254 0.132552147 -0.172109094 0.001721769 0.024386289 -0.004399535 0.999691447
5396.000000000 -0.481326154 0.132642060 -0.172386342 0.001716545 0.024379521 -0.004401912 0.999691610
5397.000000000 -0.481161346 0.132570947 -0.172292738 0.001704752 0.024368293 -0.004434508 0.999691760
5398.000000000 -0.480972731 0.132674395 -0.172026351 0.001759123 0.024322627 -0.004494825 0.999692509
5399.000000000 -0.480904484 0.131925258 -0.171665245 0.001604141 0.024285706 -0.004423754 0.999693984
5400.000000000 -0.480778519 0.131688058 -0.171450698 0.001578689 0.024261112 -0.004413069 0.999694669
5401.000000000 -0.480848951 0.131348925 -0.171183382 0.001508293 0.024270793 -0.004382050 0.999694679
5402.000000000 -0.480377760 0.130922251 -0.171409670 0.001418334 0.024155091 -0.004389414 0.999697581
5403.000000000 -0.480332511 0.130591753 -0.171020779 0.001380541 0.024172276 -0.004373123 0.999697290
5404.000000000 -0.480449912 0.132506965 -0.169772963 0.001837565 0.024167480 -0.004572575 0.999695778
5405.000000000 -0.480895609 0.132685903 -0.170281475 0.001812629 0.024217854 -0.004533562 0.999694782
5406.000000000 -0.480857123 0.132447351 -0.170390707 0.001811360 0.024212339 -0.004614793 0.999694546
5407.000000000 -0.480743910 0.132471837 -0.170669543 0.001785264 0.024191871 -0.004592974 0.999695189
5408.000000000 -0.480615352 0.132355162 -0.170547819 0.001767036 0.024175859 -0.004635810 0.999695411
5409.000000000 -0.480661752 0.132669432 -0.170873861 0.001791001 0.024178512 -0.004658242 0.999695200
5410.000000000 -0.480721316 0.132653612 -0.170646899 0.001794405 0.024237129 -0.004819052 0.999693012
5411.000000000 -0.481252856 0.132813511 -0.171010228 0.001749405 0.024303525 -0.004678449 0.999692148
5412.000000000 -0.480871878 0.132409859 -0.170982472 0.001706360 0.024243845 -0.004709064 0.999693528
5413.000000000 -0.481228308 0.132278154 -0.171091617 0.001681703 0.024299504 -0.004702332 0.999692250
5414.000000000 -0.481135846 0.132221888 -0.171177323 0.001671089 0.024281818 -0.004683796 0.999692784
5415.000000000 -0.481375751 0.132132606 -0.171134811 0.001665908 0.024308422 -0.004689664 0.999692119
5416.000000000 -0.481317501 0.132303199 -0.171314522 0.001691733 0.024293504 -0.004707461 0.999692354
5417.000000000 -0.481324961 0.132514981 -0.171351955 0.001727363 0.024303464 -0.004736821 0.999691913
5418.000000000 -0.481437938 0.132374850 -0.170887309 0.001712504 0.024300820 -0.004753405 0.999691924
5419.000000000 -0.481448930 0.132570107 -0.171043188 0.001739897 0.024311264 -0.004768795 0.999691549
5420.000000000 -0.481507802 0.132709779 -0.171552794 0.001729836 0.024297817 -0.004696884 0.999692234
5421.000000000 -0.480721327 0.133172951 -0.172298497 0.001782525 0.024196687 -0.004654756 0.999694792
5422.000000000 -0.480661238 0.133081709 -0.172294612 0.001779907 0.024201216 -0.004689898 0.999694522
5423.000000000 -0.480623085 0.133317126 -0.172540767 0.001799697 0.024205725 -0.004669071 0.999694475
5424.000000000 -0.480668143 0.133221340 -0.172192329 0.001800353 0.024187590 -0.004675490 0.999694883
5425.000000000 -0.480712569 0.133373531 -0.172208796 0.001839158 0.024192528 -0.004664412 0.999694745
5426.000000000 -0.480895884 0.133230956 -0.172174564 0.001818227 0.024215416 -0.004630220 0.999694388
5427.000000000 -0.480889494 0.133354984 -0.172082125 0.001834974 0.024223129 -0.004660378 0.999694030
5428.000000000 -0.480880078 0.133378565 -0.172077080 0.001846136 0.024217370 -0.004668829 0.999694110
5429.000000000 -0.480812277 0.133351996 -0.172185413 0.001822190 0.024217462 -0.004661817 0.999694184
5430.000000000 -0.480945227 0.133298951 -0.172352493 0.001800766 0.024232802 -0.004634923 0.999693976
5431.000000000 -0.480912512 0.133273705 -0.172528457 0.001801462 0.024232413 -0.004641468 0.999693954
5432.000000000 -0.480986398 0.133282432 -0.172400700 0.001799865 0.024232594 -0.004664124 0.999693847
5433.000000000 -0.480661262 0.133237037 -0.172142341 0.001774535 0.024202554 -0.004572438 0.999695044
5434.000000000 -0.480473713 0.133351814 -0.172103695 0.001796485 0.024175603 -0.004599625 0.999695532
5435.000000000 -0.480462110 0.133616133 -0.172586813 0.001806992 0.024168015 -0.004588109 0.999695749
5436.000000000 -0.480586759 0.133568025 -0.172478287 0.001808167 0.024160888 -0.004601938 0.999695856
5437.000000000 -0.480558153 0.133845217 -0.172176931 0.001851795 0.024178727 -0.004579506 0.999695448
5438.000000000 -0.480852113 0.133304470 -0.171903131 0.001807039 0.024225658 -0.004674836 0.999693952
5439.000000000 -0.480937550 0.133255911 -0.172053075 0.001801213 0.024256551 -0.004676456 0.999693206
5440.000000000 -0.480915111 0.133320731 -0.171911059 0.001805275 0.024234292 -0.004667767 0.999693779
5441.000000000 -0.480839632 0.133354390 -0.171733401 0.001840510 0.024219099 -0.004705024 0.999693908
5442.000000000 -0.480403827 0.132939303 -0.171989605 0.001763353 0.024148321 -0.004761768 0.999695491
5443.000000000 -0.480332791 0.132824318 -0.171726646 0.001750944 0.024113620 -0.004750569 0.999696404
5444.000000000 -0.480369634 0.132413510 -0.172391488 0.001686612 0.024127667 -0.004725292 0.999696295
5445.000000000 -0.480558624 0.132741432 -0.172404526 0.001722717 0.024157489 -0.004692633 0.999695667
5446.000000000 -0.480777165 0.132549690 -0.172163361 0.001687649 0.024190573 -0.004744301 0.999694683
5447.000000000 -0.480897713 0.132514568 -0.172674544 0.001685922 0.024238735 -0.004660751 0.999693913
5448.000000000 -0.480765847 0.132413243 -0.172847195 0.001670697 0.024193026 -0.004634528 0.999695167
5449.000000000 -0.480421242 0.132552060 -0.172535980 0.001702405 0.024117694 -0.004645817 0.999696882
5450.000000000 -0.480936800 0.132622342 -0.172733699 0.001712211 0.024225368 -0.004632936 0.999694321
5451.000000000 -0.480818835 0.132407591 -0.172677746 0.001650379 0.024189942 -0.004646749 0.999695219
5452.000000000 -0.480922470 0.132251766 -0.172662544 0.001623826 0.024193448 -0.004574965 0.999695509
5453.000000000 -0.480856468 0.132313893 -0.172363730 0.001656132 0.024191825 -0.004602386 0.999695369
5454.000000000 -0.481114671 0.132318356 -0.172481613 0.001654504 0.024222535 -0.004594358 0.999694665
5455.000000000 -0.481115461 0.132317018 -0.172518556 0.001656939 0.024226419 -0.004579173 0.999694637
5456.000000000 -0.481084621 0.132479769 -0.172671730 0.001699117 0.024211809 -0.004609214 0.999694782
5457.000000000 -0.481194347 0.132757310 -0.172767965 0.001745736 0.024238516 -0.004626010 0.999693977
5458.000000000 -0.480990613 0.132782056 -0.172372641 0.001748602 0.024223593 -0.004631293 0.999694309
5459.000000000 -0.480591504 0.132695993 -0.172481019 0.001734630 0.024161420 -0.004611721 0.999695928
5460.000000000 -0.480685521 0.132549554 -0.172422076 0.001698647 0.024172891 -0.004624210 0.999695655
5461.000000000 -0.480714022 0.132594113 -0.172244400 0.001716052 0.024170993 -0.004625584 0.999695665
5462.000000000 -0.480806900 0.132579970 -0.172196777 0.001692039 0.024189331 -0.004591646 0.999695419
5463.000000000 -0.480883570 0.132583127 -0.172234828 0.001686591 0.024199540 -0.004598497 0.999695149
5464.000000000 -0.481086641 0.132401768 -0.172152446 0.001674658 0.024224759 -0.004561794 0.999694727
5465.000000000 -0.480896506 0.132353407 -0.172091867 0.001646290 0.024209852 -0.004569555 0.999695099
5466.000000000 -0.480773230 0.132475865 -0.171975560 0.001651852 0.024176548 -0.004556149 0.999695957
5467.000000000 -0.480685004 0.131746812 -0.172210688 0.001536531 0.024185511 -0.004692892 0.999695292
5468.000000000 -0.480743509 0.132056338 -0.172129648 0.001652967 0.024167608 -0.004746660 0.999695285
5469.000000000 -0.480824662 0.132150804 -0.171713851 0.001699590 0.024163987 -0.004800093 0.999695040
5470.000000000 -0.480650173 0.132242813 -0.172050687 0.001709643 0.024173774 -0.004789428 0.999694837
5471.000000000 -0.480595167 0.132156320 -0.172041115 0.001665120 0.024148843 -0.004724988 0.999695821
5472.000000000 -0.480807899 0.131976040 -0.171694830 0.001629105 0.024171405 -0.004692579 0.999695488
5473.000000000 -0.480971628 0.132008474 -0.171856988 0.001629432 0.024200854 -0.004672679 0.999694868
5474.000000000 -0.480934471 0.131932230 -0.171854253 0.001613179 0.024185902 -0.004662266 0.999695305
5475.000000000 -0.480978751 0.132010483 -0.172046054 0.001614170 0.024197753 -0.004658211 0.999695036
5476.000000000 -0.481097782 0.131882408 -0.172081135 0.001606229 0.024218321 -0.004667421 0.999694507
5477.000000000 -0.480957095 0.131810574 -0.172014749 0.001604095 0.024194452 -0.004718252 0.999694850
5478.000000000 -0.481122256 0.132015972 -0.172387936 0.001636204 0.024252263 -0.004795630 0.999693029
5479.000000000 -0.481168080 0.132002040 -0.172357138 0.001687293 0.024237774 -0.004855807 0.999693005
5480.000000000 -0.481005426 0.132196220 -0.171593677 0.001722192 0.024177660 -0.004790702 0.999694715
5481.000000000 -0.481026771 0.132099556 -0.170872937 0.001728047 0.024192873 -0.004811445 0.999694238
5482.000000000 -0.481047525 0.132110253 -0.170866386 0.001739862 0.024188801 -0.004813468 0.999694306
5483.000000000 -0.481152227 0.132101542 -0.171181187 0.001755459 0.024211582 -0.004915559 0.999693230
5484.000000000 -0.480691470 0.132000478 -0.171935974 0.001730573 0.024124868 -0.004859325 0.999695645
5485.000000000 -0.480584548 0.131942827 -0.171613591 0.001737522 0.024110461 -0.004858809 0.999695983
5486.000000000 -0.480503974 0.131932913 -0.171580540 0.001741538 0.024104333 -0.004920322 0.999695823
5487.000000000 -0.480654648 0.131870589 -0.171801009 0.001726398 0.024130760 -0.004865469 0.999695480
5488.000000000 -0.480709541 0.132051824 -0.171702962 0.001737652 0.024168823 -0.004935869 0.999694196
5489.000000000 -0.480537445 0.131890744 -0.171677289 0.001701815 0.024158665 -0.004935398 0.999694506
5490.000000000 -0.480493630 0.131879749 -0.171726663 0.001707207 0.024152106 -0.004935882 0.999694653
5491.000000000 -0.480272232 0.131831227 -0.171769672 0.001705571 0.024123446 -0.004952091 0.999695267
5492.000000000 -0.480313675 0.131866689 -0.171781088 0.001708032 0.024130164 -0.004964472 0.999695039
5493.000000000 -0.480271325 0.132254970 -0.171591581 0.001761677 0.024113302 -0.004879535 0.999695771
5494.000000000 -0.480235998 0.132342411 -0.171764000 0.001773883 0.024113790 -0.004902766 0.999695624
5495.000000000 -0.480247135 0.132211132 -0.171646558 0.001758782 0.024111483 -0.004932327 0.999695561
5496.000000000 -0.480318268 0.132849139 -0.171552004 0.001856840 0.024122535 -0.004959873 0.999694981
5497.000000000 -0.480394249 0.132594766 -0.171638260 0.001815761 0.024142655 -0.004931145 0.999694713
5498.000000000 -0.480508854 0.132715930 -0.171740281 0.001822143 0.024156229 -0.004949573 0.999694282
5499.000000000 -0.480231312 0.132669285 -0.171738727 0.001802420 0.024119190 -0.004884138 0.999695534
5500.000000000 -0.480667191 0.132717530 -0.171673492 0.001805323 0.024198527 -0.004896283 0.999693552
5501.000000000 -0.480465176 0.132510375 -0.171697608 0.001755031 0.024186894 -0.004895200 0.999693929
5502.000000000 -0.480614375 0.132658408 -0.171695879 0.001767165 0.024161272 -0.004843432 0.999694779
5503.000000000 -0.480510817 0.132333731 -0.171608869 0.001732886 0.024142948 -0.004793843 0.999695521
5504.000000000 -0.480422423 0.132473401 -0.171480353 0.001763266 0.024126749 -0.004818871 0.999695738
5505.000000000 -0.480741071 0.132817995 -0.171949640 0.001803960 0.024150839 -0.004786103 0.999695242
5506.000000000 -0.480429628 0.132965030 -0.171651623 0.001841010 0.024107325 -0.004822015 0.999696052
5507.000000000 -0.480386205 0.132965794 -0.171608861 0.001846625 0.024104391 -0.004781840 0.999696305
5508.000000000 -0.480107923 0.131881847 -0.171308063 0.001650894 0.024044660 -0.004764162 0.999698170
5509.000000000 -0.480250106 0.132296774 -0.171526355 0.001712835 0.024085025 -0.004775313 0.999697041
5510.000000000 -0.480434301 0.132365158 -0.171519985 0.001721327 0.024112116 -0.004772759 0.999696386
5511.000000000 -0.480367500 0.132186144 -0.171554738 0.001692681 0.024107465 -0.004752943 0.999696641
5512.000000000 -0.480382262 0.132284683 -0.171768645 0.001693406 0.024104070 -0.004738547 0.999696790
5513.000000000 -0.480343210 0.132240739 -0.171556976 0.001704832 0.024095306 -0.004720740 0.999697066
5514.000000000 -0.480532625 0.132120743 -0.171523546 0.001675049 0.024128945 -0.004722198 0.999696298
5515.000000000 -0.480471291 0.131789210 -0.170911881 0.001637168 0.024158038 -0.004747952 0.999695537
5516.000000000 -0.480737670 0.131426944 -0.170147190 0.001619297 0.024193549 -0.004791257 0.999694500
5517.000000000 -0.480787881 0.131810325 -0.171114401 0.001696759 0.024183151 -0.004898187 0.999694105
5518.000000000 -0.480594304 0.131607552 -0.170748204 0.001681512 0.024139197 -0.004876674 0.999695298
5519.000000000 -0.480211542 0.132328275 -0.170687767 0.001801949 0.024106305 -0.004962202 0.999695461
5520.000000000 -0.480409319 0.132879768 -0.170185666 0.001924781 0.024114590 -0.004829638 0.999695682
5521.000000000 -0.480272435 0.132951653 -0.170391431 0.001941000 0.024090768 -0.004812481 0.999696308
5522.000000000 -0.480246022 0.132924514 -0.170334768 0.001949727 0.024091858 -0.004838120 0.999696141
5523.000000000 -0.480265477 0.133008475 -0.170156145 0.001938176 0.024094263 -0.004846147 0.999696066
5524.000000000 -0.480245279 0.133117030 -0.170165753 0.001966312 0.024089419 -0.004836784 0.999696173
5525.000000000 -0.480368958 0.133723353 -0.170313670 0.002046424 0.024097202 -0.004836477 0.999695826
5526.000000000 -0.480279406 0.133525249 -0.170051524 0.002006195 0.024074905 -0.004795288 0.999696644
5527.000000000 -0.480351088 0.133585880 -0.170092849 0.002020730 0.024088179 -0.004810796 0.999696220
5528.000000000 -0.480096598 0.133384158 -0.170071195 0.001982721 0.024050862 -0.004854859 0.999696982
5529.000000000 -0.479906565 0.133573646 -0.170034530 0.002036674 0.024016474 -0.004890747 0.999697525
5530.000000000 -0.480086918 0.133670652 -0.170196716 0.002056580 0.024043457 -0.004856138 0.999697004
5531.000000000 -0.480233094 0.133848247 -0.170227425 0.002085178 0.024072931 -0.004854702 0.999696243
5532.000000000 -0.480356881 0.133671675 -0.170363664 0.002047800 0.024095156 -0.004841514 0.999695849
5533.000000000 -0.480378288 0.133168049 -0.170249025 0.001976226 0.024094904 -0.004789995 0.999696247
5534.000000000 -0.480296873 0.133367438 -0.170170384 0.001989629 0.024088744 -0.004814772 0.999696250
5535.000000000 -0.480065115 0.133417702 -0.170495106 0.002000481 0.024055430 -0.004840359 0.999696907
5536.000000000 -0.480310305 0.133484097 -0.170372027 0.002002989 0.024097997 -0.004846908 0.999695845
5537.000000000 -0.480205461 0.133567996 -0.170099186 0.002027453 0.024066417 -0.004813119 0.999696719
5538.000000000 -0.480215550 0.133647354 -0.170183241 0.002020214 0.024070125 -0.004810249 0.999696659
5539.000000000 -0.480093677 0.133458026 -0.170269273 0.001990623 0.024063887 -0.004836677 0.999696741
5540.000000000 -0.480195351 0.133435447 -0.170186544 0.001994607 0.024064365 -0.004838596 0.999696712
5541.000000000 -0.480079838 0.133478710 -0.170105362 0.002006320 0.024046586 -0.004805084 0.999697278
5542.000000000 -0.480020409 0.133496356 -0.170044644 0.002004326 0.024031286 -0.004796189 0.999697693
5543.000000000 -0.480192631 0.133575766 -0.170230468 0.002014050 0.024066587 -0.004777927 0.999696911
5544.000000000 -0.480037355 0.132871468 -0.170381711 0.001907481 0.024024329 -0.004817276 0.999697948
5545.000000000 -0.480281294 0.132974292 -0.170428222 0.001938869 0.024073427 -0.004820574 0.999696690
5546.000000000 -0.480616540 0.132693934 -0.170744167 0.001872327 0.024109878 -0.004787904 0.999696096
5547.000000000 -0.480532447 0.132846487 -0.170820270 0.001903005 0.024093588 -0.004808140 0.999696334
5548.000000000 -0.480568003 0.132974307 -0.170896309 0.001896421 0.024102496 -0.004803268 0.999696155
5549.000000000 -0.480525866 0.133042430 -0.171015498 0.001898575 0.024083787 -0.004821265 0.999696515
5550.000000000 -0.480494143 0.132947339 -0.170887968 0.001883577 0.024075518 -0.004808734 0.999696803
5551.000000000 -0.480255479 0.131726421 -0.171197788 0.001663482 0.024076919 -0.004797625 0.999697213
5552.000000000 -0.480335530 0.131991782 -0.171397701 0.001701676 0.024079273 -0.004783662 0.999697159
5553.000000000 -0.480647917 0.132394451 -0.171272109 0.001753385 0.024139994 -0.004772688 0.999695658
5554.000000000 -0.480401492 0.132299830 -0.171369527 0.001729464 0.024079790 -0.004770175 0.999697163
5555.000000000 -0.480390310 0.132250586 -0.171243420 0.001728807 0.024080967 -0.004798640 0.999697000
5556.000000000 -0.480230443 0.132326263 -0.171196855 0.001742194 0.024048811 -0.004791787 0.999697783
5557.000000000 -0.480491519 0.132539618 -0.171468749 0.001778027 0.024121824 -0.004827665 0.999695789
5558.000000000 -0.480490528 0.132187379 -0.171442311 0.001700660 0.024119674 -0.004846312 0.999695885
5559.000000000 -0.481355871 0.131539774 -0.171492175 0.001628394 0.024225417 -0.004806155 0.999693642
5560.000000000 -0.481216092 0.131858403 -0.171466439 0.001654788 0.024194757 -0.004806430 0.999694340
5561.000000000 -0.481248530 0.131884950 -0.171465424 0.001654752 0.024214098 -0.004811401 0.999693848
5562.000000000 -0.481318961 0.131949105 -0.171409627 0.001702354 0.024224079 -0.004857055 0.999693305
5563.000000000 -0.481376763 0.131921637 -0.171486961 0.001665305 0.024240235 -0.004858490 0.999692969
5564.000000000 -0.481238203 0.131969910 -0.171447547 0.001672410 0.024223255 -0.004847899 0.999693420
5565.000000000 -0.481378807 0.131758753 -0.171272998 0.001636355 0.024230876 -0.004805548 0.999693500
5566.000000000 -0.481705381 0.131643550 -0.171295634 0.001623967 0.024276159 -0.004813105 0.999692385
5567.000000000 -0.481842266 0.131421818 -0.171100357 0.001589798 0.024290330 -0.004776666 0.999692271
5568.000000000 -0.481506682 0.131614459 -0.171595190 0.001583273 0.024279399 -0.004730771 0.999692765
5569.000000000 -0.481138623 0.132333951 -0.172239354 0.001682998 0.024269188 -0.004773288 0.999692648
5570.000000000 -0.480895964 0.132617973 -0.172062768 0.001762696 0.024199249 -0.004738586 0.999694371
5571.000000000 -0.480681556 0.131062161 -0.171330906 0.001492916 0.024107998 -0.004698849 0.999697202
5572.000000000 -0.480650262 0.131099525 -0.171278113 0.001494247 0.024098127 -0.004697172 0.999697446
5573.000000000 -0.480777582 0.131537679 -0.171235358 0.001596402 0.024108673 -0.004697401 0.999697033
5574.000000000 -0.481238944 0.132301758 -0.171770967 0.001685583 0.024182517 -0.004591510 0.999695595
5575.000000000 -0.480935156 0.132255581 -0.171790168 0.001695586 0.024136073 -0.004620577 0.999696567
5576.000000000 -0.481229910 0.132387707 -0.171567768 0.001725264 0.024176732 -0.004629150 0.999695494
5577.000000000 -0.481130427 0.132118164 -0.171862997 0.001664820 0.024179695 -0.004663712 0.999695364
5578.000000000 -0.480829022 0.132148187 -0.171622230 0.001672538 0.024111641 -0.004666700 0.999696981
5579.000000000 -0.480690762 0.132452717 -0.171368822 0.001779566 0.024082206 -0.004756751 0.999697081
5580.000000000 -0.480829746 0.132679964 -0.171514686 0.001827009 0.024115688 -0.004803678 0.999695964
5581.000000000 -0.480386807 0.132532721 -0.171606408 0.001771756 0.024058022 -0.004703663 0.999697928
5582.000000000 -0.481325146 0.132181123 -0.171445862 0.001778006 0.024238691 -0.004832580 0.999692938
5583.000000000 -0.480504773 0.131336304 -0.170914969 0.001621340 0.024068812 -0.004844212 0.999697253
5584.000000000 -0.480432869 0.132085966 -0.171150750 0.001732376 0.024060958 -0.004810209 0.999697420
5585.000000000 -0.480642831 0.132203757 -0.171310953 0.001745602 0.024110349 -0.004805984 0.999696227
5586.000000000 -0.480629888 0.132355622 -0.171264880 0.001800363 0.024130597 -0.004814405 0.999695601
5587.000000000 -0.480530643 0.131926541 -0.171371700 0.001675560 0.024110431 -0.004699656 0.999696850
5588.000000000 -0.480693695 0.132049415 -0.171432343 0.001698639 0.024155525 -0.004684434 0.999695794
5589.000000000 -0.480697864 0.132100913 -0.171457738 0.001703662 0.024146380 -0.004674313 0.999696054
5590.000000000 -0.480850343 0.132522663 -0.171974297 0.001781741 0.024168395 -0.004753179 0.999695014
5591.000000000 -0.480720087 0.132369825 -0.171514508 0.001768457 0.024129622 -0.004775762 0.999695867
5592.000000000 -0.480804657 0.132191511 -0.171621085 0.001744784 0.024133347 -0.004751166 0.999695936
5593.000000000 -0.480793137 0.132229562 -0.171583491 0.001731065 0.024142397 -0.004754893 0.999695723
5594.000000000 -0.480854890 0.132194246 -0.171449291 0.001717857 0.024171533 -0.004792329 0.999694863
5595.000000000 -0.480970820 0.132025852 -0.171605328 0.001692227 0.024178827 -0.004721960 0.999695065
5596.000000000 -0.480903962 0.131838518 -0.171532032 0.001632221 0.024161531 -0.004655749 0.999695894
5597.000000000 -0.480973967 0.131697010 -0.171712464 0.001595851 0.024170941 -0.004655728 0.999695725
5598.000000000 -0.481100320 0.131745059 -0.171782318 0.001606636 0.024180985 -0.004647904 0.999695501
5599.000000000 -0.481215262 0.131786886 -0.171717617 0.001613087 0.024218573 -0.004662213 0.999694515
5600.000000000 -0.481163203 0.131687144 -0.171646495 0.001592857 0.024200270 -0.004620939 0.999695182
5601.000000000 -0.481181998 0.131847993 -0.171583573 0.001633617 0.024210731 -0.004664897 0.999694659
5602.000000000 -0.481159063 0.131710711 -0.171767852 0.001605191 0.024198219 -0.004628741 0.999695176
5603.000000000 -0.481188748 0.131865825 -0.171757408 0.001628092 0.024214652 -0.004613101 0.999694813
5604.000000000 -0.481181987 0.131781917 -0.171682008 0.001620491 0.024207787 -0.004627363 0.999694926
5605.000000000 -0.481123164 0.131728008 -0.171610885 0.001616020 0.024196051 -0.004641431 0.999695152
5606.000000000 -0.481006167 0.131792786 -0.171691806 0.001592883 0.024193115 -0.004622310 0.999695349
5607.000000000 -0.481036428 0.131909562 -0.171740746 0.001614748 0.024198653 -0.004666398 0.999694975
5608.000000000 -0.481022492 0.131837616 -0.171579217 0.001608637 0.024188450 -0.004679203 0.999695172
5609.000000000 -0.481005270 0.131964358 -0.171313858 0.001665382 0.024209281 -0.004698218 0.999694485
5610.000000000 -0.480988805 0.132051694 -0.171229423 0.001686974 0.024218028 -0.004714779 0.999694159
5611.000000000 -0.481031013 0.131975375 -0.171324905 0.001671373 0.024218057 -0.004683668 0.999694331
5612.000000000 -0.481007690 0.131958042 -0.171434578 0.001660909 0.024224635 -0.004730302 0.999693970
5613.000000000 -0.481146555 0.131879006 -0.171558029 0.001647062 0.024240534 -0.004663621 0.999693920
5614.000000000 -0.481309195 0.131941941 -0.171727440 0.001664881 0.024266515 -0.004659677 0.999693279
5615.000000000 -0.481206435 0.131959420 -0.171687434 0.001676914 0.024248642 -0.004691872 0.999693542
5616.000000000 -0.481267505 0.132017403 -0.171694556 0.001688680 0.024260112 -0.004731959 0.999693055
5617.000000000 -0.481216090 0.132046766 -0.171629477 0.001687430 0.024238117 -0.004727320 0.999693612
5618.000000000 -0.481089511 0.132075589 -0.171436305 0.001718076 0.024210632 -0.004751555 0.999694111
5619.000000000 -0.481060810 0.131981743 -0.171369762 0.001690060 0.024209729 -0.004735132 0.999694259
5620.000000000 -0.481195056 0.132039735 -0.171428324 0.001703640 0.024237761 -0.004748489 0.999693493
5621.000000000 -0.481038490 0.132125173 -0.171341595 0.001729520 0.024198864 -0.004746843 0.999694399
5622.000000000 -0.481211042 0.132076181 -0.171633997 0.001698774 0.024236287 -0.004737439 0.999693590
5623.000000000 -0.481370642 0.132107706 -0.171843153 0.001695965 0.024259795 -0.004708335 0.999693162
5624.000000000 -0.481216684 0.131959498 -0.171637561 0.001655267 0.024223087 -0.004690809 0.999694202
5625.000000000 -0.481159135 0.132076868 -0.171556403 0.001701171 0.024217375 -0.004736924 0.999694046
5626.000000000 -0.481297299 0.132075065 -0.171663613 0.001705832 0.024248638 -0.004730389 0.999693312
5627.000000000 -0.481371360 0.132061955 -0.171742462 0.001687720 0.024260762 -0.004667665 0.999693343
5628.000000000 -0.481323717 0.132076775 -0.171761817 0.001690628 0.024249218 -0.004661832 0.999693645
5629.000000000 -0.481371969 0.131893124 -0.171793365 0.001653968 0.024254751 -0.004659067 0.999693585
5630.000000000 -0.481286609 0.131868194 -0.171660065 0.001652104 0.024243275 -0.004621526 0.999694041
5631.000000000 -0.481166141 0.131803827 -0.171463440 0.001646291 0.024202843 -0.004623182 0.999695023
5632.000000000 -0.481157253 0.131867586 -0.171491953 0.001655345 0.024202773 -0.004597535 0.999695128
5633.000000000 -0.481084783 0.131904828 -0.171413934 0.001665900 0.024196756 -0.004618313 0.999695160
5634.000000000 -0.481067533 0.131724743 -0.171392721 0.001618626 0.024194440 -0.004621144 0.999695281
5635.000000000 -0.481125278 0.131809721 -0.171523236 0.001651575 0.024197851 -0.004625734 0.999695123
5636.000000000 -0.481130122 0.131735774 -0.171353749 0.001623481 0.024213253 -0.004602547 0.999694903
5637.000000000 -0.480946516 0.131726032 -0.171114895 0.001624244 0.024179923 -0.004611126 0.999695669
5638.000000000 -0.480931416 0.131637633 -0.171052969 0.001613241 0.024176520 -0.004567191 0.999695971
5639.000000000 -0.480900008 0.131645470 -0.171126856 0.001610590 0.024181669 -0.004599271 0.999695703
5640.000000000 -0.480969931 0.131708111 -0.171080438 0.001623262 0.024187277 -0.004618106 0.999695461
5641.000000000 -0.480744366 0.131787207 -0.170845913 0.001654872 0.024140757 -0.004649897 0.999696386
5642.000000000 -0.480852703 0.131830344 -0.170961743 0.001664344 0.024159280 -0.004639062 0.999695973
5643.000000000 -0.480950114 0.131720764 -0.171034630 0.001638365 0.024187330 -0.004631306 0.999695374
5644.000000000 -0.480977366 0.131751010 -0.171143215 0.001657412 0.024197022 -0.004662195 0.999694964
5645.000000000 -0.480962161 0.131762757 -0.171202500 0.001638849 0.024205984 -0.004644709 0.999694859
5646.000000000 -0.481022030 0.131751929 -0.171187735 0.001647401 0.024206233 -0.004634423 0.999694887
5647.000000000 -0.481162759 0.131672735 -0.171186513 0.001616567 0.024236535 -0.004646778 0.999694146
5648.000000000 -0.481209129 0.131687102 -0.171207522 0.001612225 0.024246873 -0.004632221 0.999693969
5649.000000000 -0.481392632 0.131663197 -0.171456779 0.001614954 0.024282563 -0.004631202 0.999693103
5650.000000000 -0.481251604 0.131700719 -0.171231482 0.001629909 0.024236996 -0.004621282 0.999694231
5651.000000000 -0.481346714 0.131721770 -0.171315126 0.001623803 0.024262940 -0.004605573 0.999693684
5652.000000000 -0.481461370 0.131561373 -0.171331588 0.001612051 0.024282307 -0.004678042 0.999692896
5653.000000000 -0.481364018 0.131462902 -0.171169431 0.001582820 0.024275198 -0.004651951 0.999693237
5654.000000000 -0.481474617 0.131590798 -0.171421922 0.001601891 0.024313859 -0.004759244 0.999691762
5655.000000000 -0.481543799 0.131034318 -0.171869277 0.001490421 0.024344832 -0.004731013 0.999691315
5656.000000000 -0.481776727 0.130594249 -0.171321203 0.001420583 0.024353404 -0.004707506 0.999691319
5657.000000000 -0.481865379 0.130812122 -0.171639589 0.001466941 0.024396579 -0.004739836 0.999690046
5658.000000000 -0.481721883 0.130743946 -0.171720997 0.001391027 0.024335389 -0.004640491 0.999692112
5659.000000000 -0.481423247 0.130959406 -0.171796157 0.001450584 0.024289142 -0.004680250 0.999692967
5660.000000000 -0.481915949 0.132261801 -0.172117816 0.001683386 0.024389117 -0.004592392 0.999690576
5661.000000000 -0.481623956 0.131754984 -0.171767949 0.001560669 0.024328176 -0.004460735 0.999692856
5662.000000000 -0.481593394 0.131730978 -0.171646031 0.001545817 0.024328857 -0.004465893 0.999692839
5663.000000000 -0.481597640 0.131729754 -0.171696108 0.001549473 0.024327293 -0.004459866 0.999692899
5664.000000000 -0.481586680 0.131751335 -0.171725849 0.001558876 0.024324116 -0.004468322 0.999692924
5665.000000000 -0.481504897 0.131830597 -0.171683917 0.001585615 0.024302495 -0.004495592 0.999693285
5666.000000000 -0.481674325 0.131765302 -0.171819161 0.001565256 0.024338919 -0.004485409 0.999692477
5667.000000000 -0.481713951 0.131709454 -0.171851470 0.001552339 0.024346726 -0.004446250 0.999692482
5668.000000000 -0.481681186 0.131702869 -0.171867913 0.001557056 0.024334532 -0.004455652 0.999692729
5669.000000000 -0.481729376 0.131737695 -0.171855939 0.001563402 0.024347776 -0.004457461 0.999692389
5670.000000000 -0.481630674 0.131800764 -0.171835504 0.001581247 0.024329879 -0.004485757 0.999692670
5671.000000000 -0.481703471 0.131772208 -0.171917824 0.001554706 0.024347727 -0.004510898 0.999692164
5672.000000000 -0.481665894 0.131739863 -0.171903141 0.001548515 0.024332323 -0.004474642 0.999692712
5673.000000000 -0.481663590 0.131731672 -0.171799972 0.001548757 0.024342819 -0.004469287 0.999692480
5674.000000000 -0.481710855 0.131784722 -0.171930786 0.001569542 0.024352902 -0.004472657 0.999692187
5675.000000000 -0.481795785 0.131739281 -0.172024250 0.001557587 0.024370252 -0.004463072 0.999691825
5676.000000000 -0.481757531 0.131720104 -0.172053376 0.001555571 0.024354189 -0.004438445 0.999692330
5677.000000000 -0.481750335 0.131744308 -0.172016847 0.001564470 0.024362133 -0.004448782 0.999692076
5678.000000000 -0.481676652 0.131744446 -0.172008819 0.001569565 0.024349964 -0.004480225 0.999692224
5679.000000000 -0.481683072 0.131706405 -0.171935294 0.001557124 0.024350845 -0.004440108 0.999692401
5680.000000000 -0.481663341 0.131625836 -0.171961606 0.001533018 0.024344856 -0.004421693 0.999692666
5681.000000000 -0.481632331 0.131673794 -0.171945161 0.001548663 0.024340927 -0.004432078 0.999692692
5682.000000000 -0.481730044 0.131670210 -0.172007261 0.001534913 0.024356157 -0.004446412 0.999692278
5683.000000000 -0.481742804 0.131644612 -0.172028208 0.001545491 0.024356413 -0.004452663 0.999692228
5684.000000000 -0.481816973 0.131660191 -0.172146833 0.001547735 0.024365923 -0.004453263 0.999691990
5685.000000000 -0.481758945 0.131687773 -0.172083977 0.001561975 0.024357200 -0.004442403 0.999692229
5686.000000000 -0.481943795 0.131684363 -0.172237490 0.001551570 0.024398853 -0.004477248 0.999691074
5687.000000000 -0.481931431 0.131596928 -0.172205705 0.001520695 0.024394510 -0.004443626 0.999691377
5688.000000000 -0.481905968 0.131631185 -0.172138010 0.001537906 0.024393083 -0.004441187 0.999691396
5689.000000000 -0.481813757 0.131638723 -0.172113571 0.001541227 0.024372448 -0.004441825 0.999691892
5690.000000000 -0.481807553 0.131602898 -0.172093506 0.001528151 0.024379837 -0.004454936 0.999691673
5691.000000000 -0.481782504 0.131637263 -0.172197332 0.001537228 0.024367852 -0.004457102 0.999691942
5692.000000000 -0.481738766 0.131594964 -0.172167083 0.001514108 0.024366051 -0.004462456 0.999691997
5693.000000000 -0.481689932 0.131616399 -0.172073189 0.001529079 0.024361048 -0.004492516 0.999691962
5694.000000000 -0.481557007 0.131626510 -0.171963972 0.001534607 0.024334260 -0.004511473 0.999692520
5695.000000000 -0.481575604 0.131636475 -0.171971787 0.001546652 0.024332729 -0.004499181 0.999692595
5696.000000000 -0.481519500 0.131565730 -0.171841471 0.001527221 0.024322447 -0.004510562 0.999692823
5697.000000000 -0.481701178 0.131615602 -0.172038872 0.001545172 0.024351835 -0.004451975 0.999692343
5698.000000000 -0.481768577 0.131624256 -0.172132252 0.001548719 0.024363737 -0.004442314 0.999692090
5699.000000000 -0.481871695 0.131606847 -0.172175663 0.001541072 0.024392783 -0.004456572 0.999691330
5700.000000000 -0.481954876 0.131603799 -0.172224424 0.001536954 0.024415000 -0.004469978 0.999690735
5701.000000000 -0.481914723 0.131539027 -0.172267360 0.001507636 0.024402190 -0.004466638 0.999691107
5702.000000000 -0.481955629 0.131600389 -0.172397219 0.001529391 0.024413496 -0.004474241 0.999690764
5703.000000000 -0.481983059 0.131558603 -0.172360977 0.001523600 0.024419997 -0.004471042 0.999690628
5704.000000000 -0.481880977 0.131700074 -0.172366085 0.001567568 0.024397702 -0.004468620 0.999691115
5705.000000000 -0.481847796 0.131656296 -0.172240266 0.001555001 0.024392287 -0.004493567 0.999691155
5706.000000000 -0.481665124 0.131658371 -0.172152125 0.001555478 0.024355487 -0.004472908 0.999692145
5707.000000000 -0.481626735 0.131649843 -0.171999304 0.001550546 0.024355746 -0.004435432 0.999692313
5708.000000000 -0.481611365 0.131676698 -0.171965367 0.001561146 0.024340353 -0.004437016 0.999692664
5709.000000000 -0.481577116 0.131715559 -0.171851642 0.001571046 0.024341032 -0.004459705 0.999692531
5710.000000000 -0.481687969 0.131800819 -0.172033986 0.001576304 0.024372086 -0.004476238 0.999691692
5711.000000000 -0.481912569 0.131918023 -0.172265306 0.001578063 0.024419705 -0.004622172 0.999689864
5712.000000000 -0.481739335 0.131877210 -0.172043540 0.001568204 0.024384642 -0.004615280 0.999690767
5713.000000000 -0.481660439 0.131939569 -0.172095507 0.001580725 0.024360023 -0.004601550 0.999691411
5714.000000000 -0.481613156 0.131909230 -0.171994784 0.001578534 0.024358798 -0.004578104 0.999691552
5715.000000000 -0.481624124 0.131904384 -0.171986091 0.001567945 0.024356975 -0.004567211 0.999691662
5716.000000000 -0.481591210 0.131876284 -0.171913072 0.001540386 0.024355882 -0.004589045 0.999691632
5717.000000000 -0.481561994 0.131705127 -0.172180774 0.001515376 0.024351840 -0.004555847 0.999691920
5718.000000000 -0.481579018 0.131714099 -0.172112522 0.001513811 0.024356980 -0.004545528 0.999691845
5719.000000000 -0.481633263 0.131676719 -0.172183819 0.001509991 0.024368078 -0.004512484 0.999691730
5720.000000000 -0.481615750 0.131746407 -0.172133196 0.001523428 0.024358535 -0.004539225 0.999691821
5721.000000000 -0.481607944 0.131708541 -0.172090076 0.001507389 0.024365112 -0.004543736 0.999691664
5722.000000000 -0.481581593 0.131717077 -0.172022301 0.001518237 0.024366078 -0.004546837 0.999691610
5723.000000000 -0.481697294 0.131753635 -0.172132901 0.001530338 0.024379621 -0.004557602 0.999691213
5724.000000000 -0.481699838 0.131804907 -0.172141028 0.001545396 0.024384245 -0.004589816 0.999690929
5725.000000000 -0.481770469 0.131779732 -0.172254176 0.001536347 0.024395055 -0.004566341 0.999690787
5726.000000000 -0.481683844 0.131716095 -0.172246536 0.001523757 0.024377635 -0.004519075 0.999691446
5727.000000000 -0.481636033 0.131750385 -0.172210080 0.001535591 0.024355392 -0.004532609 0.999691909
5728.000000000 -0.481657893 0.131749982 -0.172210484 0.001540776 0.024365388 -0.004532549 0.999691657
5729.000000000 -0.481677922 0.131771297 -0.172243915 0.001542038 0.024365905 -0.004548817 0.999691569
5730.000000000 -0.481701255 0.131730635 -0.172260597 0.001520381 0.024383651 -0.004525920 0.999691273
5731.000000000 -0.481696180 0.131732460 -0.172311963 0.001528778 0.024383891 -0.004537441 0.999691202
5732.000000000 -0.481618770 0.131762709 -0.172200474 0.001537530 0.024364781 -0.004527949 0.999691698
5733.000000000 -0.481555835 0.131757497 -0.172122122 0.001540084 0.024351803 -0.004522540 0.999692035
5734.000000000 -0.481581175 0.131696453 -0.172109389 0.001518038 0.024349914 -0.004502134 0.999692207
5735.000000000 -0.481699550 0.131616800 -0.172270814 0.001508677 0.024384906 -0.004446936 0.999691615
5736.000000000 -0.481733029 0.131631526 -0.172348825 0.001500041 0.024386174 -0.004464188 0.999691520
5737.000000000 -0.481700970 0.131654437 -0.172246221 0.001501619 0.024381017 -0.004460841 0.999691658
5738.000000000 -0.481760180 0.131627527 -0.172254373 0.001496800 0.024390011 -0.004458592 0.999691456
5739.000000000 -0.481797599 0.131637145 -0.172422988 0.001506478 0.024402056 -0.004479538 0.999691054
5740.000000000 -0.481933864 0.131618770 -0.172517330 0.001512309 0.024420542 -0.004485339 0.999690568
5741.000000000 -0.481783238 0.131617876 -0.172337177 0.001504557 0.024399814 -0.004462252 0.999691189
5742.000000000 -0.481907168 0.131613349 -0.172546340 0.001511157 0.024412783 -0.004479272 0.999690786
5743.000000000 -0.481896194 0.131613183 -0.172533144 0.001500793 0.024419281 -0.004454453 0.999690754
5744.000000000 -0.481823275 0.131649756 -0.172503066 0.001523650 0.024397080 -0.004478535 0.999691154
5745.000000000 -0.481819460 0.131663132 -0.172533505 0.001532050 0.024392593 -0.004450396 0.999691376
5746.000000000 -0.481692375 0.131735363 -0.172398421 0.001543896 0.024382793 -0.004455144 0.999691576
5747.000000000 -0.481650322 0.131685198 -0.172279730 0.001530345 0.024360684 -0.004435396 0.999692224
5748.000000000 -0.481734802 0.131644191 -0.172361456 0.001525379 0.024375456 -0.004422012 0.999691931
5749.000000000 -0.481681819 0.131702939 -0.172277087 0.001534676 0.024372047 -0.004446467 0.999691891
5750.000000000 -0.481723071 0.131682647 -0.172384316 0.001531145 0.024371035 -0.004437614 0.999691960
5751.000000000 -0.481692267 0.131664245 -0.172345888 0.001523734 0.024367306 -0.004426067 0.999692114
5752.000000000 -0.481723850 0.131649764 -0.172408107 0.001525101 0.024371598 -0.004396249 0.999692139
5753.000000000 -0.481728395 0.131659041 -0.172442620 0.001519527 0.024367653 -0.004415327 0.999692159
5754.000000000 -0.481667618 0.131674911 -0.172354853 0.001527015 0.024347652 -0.004404112 0.999692685
5755.000000000 -0.481749491 0.131684954 -0.172477373 0.001519922 0.024374446 -0.004398106 0.999692069
5756.000000000 -0.481778714 0.131658983 -0.172473251 0.001511492 0.024380662 -0.004409987 0.999691878
5757.000000000 -0.481711055 0.131682928 -0.172395424 0.001511510 0.024370800 -0.004448540 0.999691948
5758.000000000 -0.481661349 0.131732661 -0.172436432 0.001535047 0.024349148 -0.004472947 0.999692330
5759.000000000 -0.481782924 0.131678968 -0.172531479 0.001520829 0.024375538 -0.004438402 0.999691863
5760.000000000 -0.481767814 0.131650051 -0.172532957 0.001515709 0.024371218 -0.004409879 0.999692102
5761.000000000 -0.481810622 0.131603030 -0.172546777 0.001503841 0.024378976 -0.004382460 0.999692052
5762.000000000 -0.481758909 0.131609653 -0.172490914 0.001506301 0.024374080 -0.004393499 0.999692119
5763.000000000 -0.481734235 0.131605039 -0.172482481 0.001509195 0.024369117 -0.004366617 0.999692353
5764.000000000 -0.481613951 0.131550241 -0.172320750 0.001491629 0.024351934 -0.004327821 0.999692967
5765.000000000 -0.481591543 0.131760563 -0.172241406 0.001564096 0.024347560 -0.004475836 0.999692311
5766.000000000 -0.481607484 0.131813127 -0.172284840 0.001581390 0.024345117 -0.004517171 0.999692157
5767.000000000 -0.481552007 0.131818375 -0.172175653 0.001583079 0.024336176 -0.004507652 0.999692415
5768.000000000 -0.481535780 0.131796237 -0.172134438 0.001573761 0.024328600 -0.004501156 0.999692644
5769.000000000 -0.481627048 0.131767228 -0.172226778 0.001565752 0.024352579 -0.004488500 0.999692129
5770.000000000 -0.481574603 0.131807932 -0.172219448 0.001576619 0.024335271 -0.004494912 0.999692505
5771.000000000 -0.481595295 0.131776216 -0.172255370 0.001563392 0.024343255 -0.004487593 0.999692364
5772.000000000 -0.481645591 0.131830864 -0.172332320 0.001582716 0.024352080 -0.004489834 0.999692109
5773.000000000 -0.481689143 0.131813267 -0.172419346 0.001573616 0.024360812 -0.004468772 0.999692005
5774.000000000 -0.481592058 0.131788998 -0.172306971 0.001564196 0.024344872 -0.004482415 0.999692347
5775.000000000 -0.481745605 0.131754388 -0.172459457 0.001560605 0.024374613 -0.004449023 0.999691777
5776.000000000 -0.481762557 0.131725995 -0.172400984 0.001555420 0.024384931 -0.004444110 0.999691555
5777.000000000 -0.481700743 0.131704347 -0.172333614 0.001545377 0.024364935 -0.004445168 0.999692054
5778.000000000 -0.481600994 0.131694673 -0.172214344 0.001530952 0.024350677 -0.004476144 0.999692285
5779.000000000 -0.481654790 0.131682592 -0.172297389 0.001536531 0.024360109 -0.004428187 0.999692260
5780.000000000 -0.481608663 0.131767147 -0.172292358 0.001553240 0.024346596 -0.004482331 0.999692322
5781.000000000 -0.481604434 0.131761100 -0.172221317 0.001550345 0.024347747 -0.004487343 0.999692276
5782.000000000 -0.481590664 0.131728186 -0.172274403 0.001553582 0.024342035 -0.004472530 0.999692477
5783.000000000 -0.481584206 0.131741547 -0.172207772 0.001563902 0.024344539 -0.004465976 0.999692429
5784.000000000 -0.481482918 0.131724804 -0.172142061 0.001554344 0.024312795 -0.004463712 0.999693227
5785.000000000 -0.481529520 0.131680186 -0.172177528 0.001536556 0.024325074 -0.004439523 0.999693063
5786.000000000 -0.481543007 0.131694010 -0.172183394 0.001549043 0.024332207 -0.004442378 0.999692858
5787.000000000 -0.481537869 0.131695495 -0.172143253 0.001535258 0.024330806 -0.004464630 0.999692814
5788.000000000 -0.481596151 0.131668816 -0.172163895 0.001525602 0.024342431 -0.004449787 0.999692612
5789.000000000 -0.481556453 0.131693828 -0.172140167 0.001526101 0.024330071 -0.004487658 0.999692743
5790.000000000 -0.481583409 0.131681044 -0.172113240 0.001522564 0.024348043 -0.004447032 0.999692492
5791.000000000 -0.481582514 0.131713826 -0.172137561 0.001531329 0.024339971 -0.004462525 0.999692606
5792.000000000 -0.481824157 0.131599672 -0.172389512 0.001518833 0.024401735 -0.004398702 0.999691402
5793.000000000 -0.481790302 0.131604835 -0.172375310 0.001515260 0.024389789 -0.004410788 0.999691646
5794.000000000 -0.481704373 0.131615602 -0.172307263 0.001505824 0.024366170 -0.004424423 0.999692176
5795.000000000 -0.481681091 0.131628793 -0.172204715 0.001522155 0.024371997 -0.004424288 0.999692010
5796.000000000 -0.481696232 0.131623760 -0.172250635 0.001520059 0.024373285 -0.004418902 0.999692005
5797.000000000 -0.481638967 0.131676505 -0.172099154 0.001534493 0.024359869 -0.004454073 0.999692154
5798.000000000 -0.481603839 0.131698669 -0.172095903 0.001532510 0.024355357 -0.004466591 0.999692211
5799.000000000 -0.481735419 0.131649301 -0.172354040 0.001529913 0.024377432 -0.004430163 0.999691839
5800.000000000 -0.481717089 0.131688602 -0.172304389 0.001541526 0.024375660 -0.004438239 0.999691829
5801.000000000 -0.481658265 0.131678068 -0.172248706 0.001539699 0.024363365 -0.004458061 0.999692043
5802.000000000 -0.481762000 0.131640616 -0.172416526 0.001525181 0.024386942 -0.004456340 0.999691498
5803.000000000 -0.481767544 0.131614759 -0.172488455 0.001511483 0.024389296 -0.004407949 0.999691676
5804.000000000 -0.481831494 0.131638995 -0.172586696 0.001519836 0.024391169 -0.004420394 0.999691563
5805.000000000 -0.481863139 0.131615615 -0.172594546 0.001517614 0.024396482 -0.004401276 0.999691521
5806.000000000 -0.481753951 0.131685255 -0.172434058 0.001543399 0.024378571 -0.004460792 0.999691655
5807.000000000 -0.481828155 0.131637677 -0.172475355 0.001523009 0.024395519 -0.004421523 0.999691447
5808.000000000 -0.481748232 0.131678377 -0.172426131 0.001532214 0.024376307 -0.004440850 0.999691816
5809.000000000 -0.481825330 0.131710871 -0.172472644 0.001551726 0.024393105 -0.004424092 0.999691450
5810.000000000 -0.481676581 0.131760319 -0.172332977 0.001559700 0.024356753 -0.004482217 0.999692065
5811.000000000 -0.481702167 0.131758420 -0.172315803 0.001562111 0.024361439 -0.004459199 0.999692050
5812.000000000 -0.481693759 0.131824463 -0.172382246 0.001581960 0.024352196 -0.004485689 0.999692126
5813.000000000 -0.481637081 0.131787431 -0.172349927 0.001569053 0.024340997 -0.004490115 0.999692399
5814.000000000 -0.481662188 0.131832899 -0.172355762 0.001580657 0.024343167 -0.004487879 0.999692338
5815.000000000 -0.481709526 0.131824311 -0.172422425 0.001576340 0.024351515 -0.004492575 0.999692120
5816.000000000 -0.481692368 0.131817852 -0.172336685 0.001567577 0.024350392 -0.004488885 0.999692178
5817.000000000 -0.481702331 0.131755593 -0.172353775 0.001552875 0.024356316 -0.004458583 0.999692192
5818.000000000 -0.481723822 0.131764092 -0.172428292 0.001551343 0.024357428 -0.004441007 0.999692246
5819.000000000 -0.481599147 0.131770365 -0.172311358 0.001550040 0.024326062 -0.004474955 0.999692860
5820.000000000 -0.481626835 0.131782366 -0.172342399 0.001553822 0.024332281 -0.004480436 0.999692679
5821.000000000 -0.481612983 0.131795644 -0.172291002 0.001557326 0.024326805 -0.004481300 0.999692802
5822.000000000 -0.481690189 0.131786913 -0.172371854 0.001543515 0.024349722 -0.004468002 0.999692325
5823.000000000 -0.481668891 0.131794677 -0.172369543 0.001551646 0.024342613 -0.004480245 0.999692431
5824.000000000 -0.481630991 0.131782489 -0.172277507 0.001552028 0.024341368 -0.004477004 0.999692475
5825.000000000 -0.481640990 0.131859428 -0.172296974 0.001567938 0.024344103 -0.004507976 0.999692245
5826.000000000 -0.481663706 0.131794459 -0.172337109 0.001552354 0.024355807 -0.004470506 0.999692152
5827.000000000 -0.481590363 0.131832919 -0.172245107 0.001563142 0.024338114 -0.004487212 0.999692492
5828.000000000 -0.481601119 0.131795319 -0.172294285 0.001553036 0.024338404 -0.004484770 0.999692511
5829.000000000 -0.481613096 0.131786881 -0.172356780 0.001552506 0.024343105 -0.004475397 0.999692440
5830.000000000 -0.481623489 0.131763778 -0.172357758 0.001544977 0.024346791 -0.004453196 0.999692461
5831.000000000 -0.481626669 0.131768334 -0.172357689 0.001540986 0.024346609 -0.004451680 0.999692478
5832.000000000 -0.481585772 0.131749439 -0.172367394 0.001541950 0.024332821 -0.004448093 0.999692828
5833.000000000 -0.481668858 0.131759304 -0.172460852 0.001543260 0.024352353 -0.004456434 0.999692313
5834.000000000 -0.481660659 0.131776951 -0.172414432 0.001553686 0.024349131 -0.004472665 0.999692303
5835.000000000 -0.481452051 0.131851822 -0.172268944 0.001568395 0.024288254 -0.004522740 0.999693536
5836.000000000 -0.481587094 0.131814594 -0.172392002 0.001556025 0.024319336 -0.004514540 0.999692837
5837.000000000 -0.481564607 0.131802327 -0.172286420 0.001560683 0.024320526 -0.004511672 0.999692813
5838.000000000 -0.481512307 0.131786217 -0.172248227 0.001562145 0.024310054 -0.004489689 0.999693165
5839.000000000 -0.481534239 0.131743282 -0.172310098 0.001537379 0.024307067 -0.004480573 0.999693317
5840.000000000 -0.481532128 0.131729580 -0.172345926 0.001541729 0.024302905 -0.004459148 0.999693507
5841.000000000 -0.481639001 0.131657418 -0.172442798 0.001524167 0.024331345 -0.004435589 0.999692947
5842.000000000 -0.481660668 0.131664692 -0.172432648 0.001523923 0.024339850 -0.004462470 0.999692621
5843.000000000 -0.481607833 0.131731695 -0.172399863 0.001540457 0.024327000 -0.004469033 0.999692879
5844.000000000 -0.481584583 0.131735033 -0.172287610 0.001538274 0.024326525 -0.004491910 0.999692791
5845.000000000 -0.481619482 0.131721387 -0.172431702 0.001537774 0.024325296 -0.004492382 0.999692820
5846.000000000 -0.481541244 0.131716704 -0.172356286 0.001540997 0.024308965 -0.004484348 0.999693248
5847.000000000 -0.481561294 0.131687698 -0.172396683 0.001535393 0.024302854 -0.004470383 0.999693468
5848.000000000 -0.481529560 0.131688270 -0.172343835 0.001532640 0.024305496 -0.004482695 0.999693353
5849.000000000 -0.481664840 0.131640010 -0.172438917 0.001521457 0.024341391 -0.004465649 0.999692573
5850.000000000 -0.481661566 0.131691433 -0.172440978 0.001526891 0.024350420 -0.004499513 0.999692193
5851.000000000 -0.481764559 0.131666986 -0.172545871 0.001518493 0.024373729 -0.004476374 0.999691741
5852.000000000 -0.481707941 0.131676050 -0.172436176 0.001520497 0.024365719 -0.004484682 0.999691896
5853.000000000 -0.481785588 0.131645721 -0.172510443 0.001519952 0.024382647 -0.004453951 0.999691622
5854.000000000 -0.481777034 0.131699059 -0.172487915 0.001531129 0.024382476 -0.004489205 0.999691451
5855.000000000 -0.481758426 0.131721368 -0.172487157 0.001537125 0.024370278 -0.004503901 0.999691673
5856.000000000 -0.481622795 0.131729147 -0.172372451 0.001544734 0.024335983 -0.004513345 0.999692454
5857.000000000 -0.481625215 0.131707926 -0.172327769 0.001537037 0.024338554 -0.004513295 0.999692404
5858.000000000 -0.481682801 0.131680676 -0.172434663 0.001528299 0.024347499 -0.004485366 0.999692325
5859.000000000 -0.481684246 0.131708564 -0.172483936 0.001544521 0.024351902 -0.004504324 0.999692108
5860.000000000 -0.481574617 0.131676470 -0.172320310 0.001530646 0.024330319 -0.004506239 0.999692646
5861.000000000 -0.481543844 0.131666003 -0.172258900 0.001528172 0.024326261 -0.004500567 0.999692774
5862.000000000 -0.481606975 0.131698559 -0.172331472 0.001532234 0.024335803 -0.004519564 0.999692450
5863.000000000 -0.481544628 0.131693427 -0.172285336 0.001523447 0.024318880 -0.004530282 0.999692827
5864.000000000 -0.481565921 0.131656969 -0.172277067 0.001515737 0.024332938 -0.004535534 0.999692473
5865.000000000 -0.481641287 0.131592569 -0.172374992 0.001491586 0.024343105 -0.004507730 0.999692387
5866.000000000 -0.481525703 0.131674119 -0.172114475 0.001507871 0.024334022 -0.004591768 0.999692201
5867.000000000 -0.481524646 0.131632408 -0.172146767 0.001489271 0.024333261 -0.004581832 0.999692293
5868.000000000 -0.481450194 0.131661037 -0.172065833 0.001497712 0.024322287 -0.004593265 0.999692495
5869.000000000 -0.481493982 0.131573011 -0.172110300 0.001469508 0.024329468 -0.004564010 0.999692496
5870.000000000 -0.481407798 0.131608894 -0.172063613 0.001469286 0.024302224 -0.004595943 0.999693013
5871.000000000 -0.481448393 0.131556510 -0.172058780 0.001464182 0.024306435 -0.004587770 0.999692956
5872.000000000 -0.481457637 0.131605206 -0.172101781 0.001473601 0.024303362 -0.004583623 0.999693036
5873.000000000 -0.481403722 0.131608598 -0.172062006 0.001472228 0.024290310 -0.004589232 0.999693329
5874.000000000 -0.481492442 0.131602298 -0.172183929 0.001467098 0.024319957 -0.004569313 0.999692707
5875.000000000 -0.481467896 0.131581329 -0.172054050 0.001463731 0.024313382 -0.004570215 0.999692868
5876.000000000 -0.481517157 0.131567730 -0.172127089 0.001459622 0.024326868 -0.004560461 0.999692590
5877.000000000 -0.481468407 0.131611879 -0.172160706 0.001472036 0.024302237 -0.004568853 0.999693133
5878.000000000 -0.481482641 0.131585913 -0.172157522 0.001461989 0.024304485 -0.004555341 0.999693155
5879.000000000 -0.481509543 0.131546509 -0.172109635 0.001444706 0.024319997 -0.004553872 0.999692809
5880.000000000 -0.481500543 0.131550460 -0.172066432 0.001448590 0.024319781 -0.004546950 0.999692840
5881.000000000 -0.481541288 0.131493803 -0.172118149 0.001431750 0.024327053 -0.004548165 0.999692682
5882.000000000 -0.481573520 0.131483713 -0.172161539 0.001436826 0.024332679 -0.004557569 0.999692495
5883.000000000 -0.481612267 0.131499800 -0.172279678 0.001443444 0.024333825 -0.004562067 0.999692437
5884.000000000 -0.481511094 0.131524230 -0.172138539 0.001447190 0.024314924 -0.004570840 0.999692852
5885.000000000 -0.481540367 0.131555197 -0.172237969 0.001462250 0.024316952 -0.004564523 0.999692809
5886.000000000 -0.481550472 0.131571628 -0.172195844 0.001459585 0.024314220 -0.004575628 0.999692829
5887.000000000 -0.481466751 0.131592776 -0.172144753 0.001469698 0.024294822 -0.004585617 0.999693240
5888.000000000 -0.481418431 0.131592227 -0.172067914 0.001467357 0.024292182 -0.004571436 0.999693372
5889.000000000 -0.481379464 0.131604472 -0.172038147 0.001480557 0.024279206 -0.004570774 0.999693671
5890.000000000 -0.481390587 0.131581963 -0.172039384 0.001462290 0.024284514 -0.004566649 0.999693588
5891.000000000 -0.481448256 0.131497475 -0.172109387 0.001442185 0.024304947 -0.004542364 0.999693231
5892.000000000 -0.481574073 0.131448216 -0.172183929 0.001423534 0.024333930 -0.004525258 0.999692630
5893.000000000 -0.481403885 0.131461379 -0.171963876 0.001406936 0.024302480 -0.004547388 0.999693319
5894.000000000 -0.481344530 0.131485734 -0.171842882 0.001415389 0.024286332 -0.004537700 0.999693743
5895.000000000 -0.481343594 0.131539305 -0.171853616 0.001420203 0.024279336 -0.004542433 0.999693885
5896.000000000 -0.481375339 0.131444647 -0.171814404 0.001381612 0.024296871 -0.004520106 0.999693614
5897.000000000 -0.481398216 0.131476118 -0.171891418 0.001398318 0.024294708 -0.004509829 0.999693690
5898.000000000 -0.481379696 0.131521874 -0.171900241 0.001412818 0.024288397 -0.004543842 0.999693669
5899.000000000 -0.481512571 0.131471933 -0.172041924 0.001396698 0.024313064 -0.004536355 0.999693126
5900.000000000 -0.481448017 0.131464639 -0.171896478 0.001393836 0.024301655 -0.004549933 0.999693345
5901.000000000 -0.481506502 0.131457769 -0.172031960 0.001385004 0.024316918 -0.004532783 0.999693064
5902.000000000 -0.481474623 0.131636461 -0.172036174 0.001453152 0.024295470 -0.004535645 0.999693476
5903.000000000 -0.481368191 0.131652123 -0.171880580 0.001456389 0.024281778 -0.004534219 0.999693811
5904.000000000 -0.481341559 0.131689636 -0.171900679 0.001467072 0.024265529 -0.004548929 0.999694123
5905.000000000 -0.481312615 0.131733838 -0.171876752 0.001470972 0.024260520 -0.004559968 0.999694188
5906.000000000 -0.481301648 0.131734116 -0.171843452 0.001484131 0.024252243 -0.004556180 0.999694387
5907.000000000 -0.481297167 0.131742777 -0.171902296 0.001481478 0.024254623 -0.004567504 0.999694281
5908.000000000 -0.481273306 0.131657155 -0.171886173 0.001460521 0.024245178 -0.004529711 0.999694713
5909.000000000 -0.481271442 0.131687649 -0.171937665 0.001461149 0.024243191 -0.004546348 0.999694685
5910.000000000 -0.481222460 0.131649690 -0.171816299 0.001458118 0.024235956 -0.004547342 0.999694860
5911.000000000 -0.481282498 0.131692982 -0.171914665 0.001471476 0.024243437 -0.004572288 0.999694546
5912.000000000 -0.481127515 0.131653280 -0.171522302 0.001452022 0.024230951 -0.004579661 0.999694843
5913.000000000 -0.481141313 0.131662574 -0.171507846 0.001452785 0.024242517 -0.004580490 0.999694558
5914.000000000 -0.481106276 0.131695171 -0.171453090 0.001465427 0.024234128 -0.004578494 0.999694752
5915.000000000 -0.481150400 0.131609991 -0.171487869 0.001442237 0.024243172 -0.004571953 0.999694596
5916.000000000 -0.481114233 0.131698022 -0.171489582 0.001463338 0.024235938 -0.004598077 0.999694621
5917.000000000 -0.481155593 0.131708490 -0.171579089 0.001466921 0.024240279 -0.004603339 0.999694486
5918.000000000 -0.481195931 0.131696190 -0.171645121 0.001462231 0.024251540 -0.004582018 0.999694318
5919.000000000 -0.481228477 0.131687565 -0.171645192 0.001460122 0.024263181 -0.004582191 0.999694038
5920.000000000 -0.481310931 0.131653359 -0.171709855 0.001448586 0.024278351 -0.004561031 0.999693783
5921.000000000 -0.481197606 0.131653500 -0.171623617 0.001455056 0.024250994 -0.004575221 0.999694373
5922.000000000 -0.481233561 0.131648549 -0.171665983 0.001448402 0.024263525 -0.004577572 0.999694068
5923.000000000 -0.481245096 0.131684182 -0.171694115 0.001448628 0.024266233 -0.004577804 0.999694001
5924.000000000 -0.481284870 0.131643951 -0.171770018 0.001436839 0.024269491 -0.004575893 0.999693947
5925.000000000 -0.481228805 0.131743156 -0.171715213 0.001476098 0.024259060 -0.004587339 0.999694091
5926.000000000 -0.481185793 0.131718637 -0.171724759 0.001464548 0.024246901 -0.004601205 0.999694339
5927.000000000 -0.481237006 0.131728030 -0.171731304 0.001466048 0.024261060 -0.004606372 0.999693970
5928.000000000 -0.481204985 0.131740641 -0.171723878 0.001468941 0.024257681 -0.004607489 0.999694042
5929.000000000 -0.481181351 0.131735123 -0.171730670 0.001466185 0.024247146 -0.004612931 0.999694277
5930.000000000 -0.481122932 0.131774901 -0.171628785 0.001481836 0.024239315 -0.004627098 0.999694378
5931.000000000 -0.481017947 0.131678722 -0.171494834 0.001455176 0.024220573 -0.004599896 0.999694997
5932.000000000 -0.481075689 0.131745925 -0.171581703 0.001470305 0.024228990 -0.004625620 0.999694652
5933.000000000 -0.481118908 0.131696897 -0.171636373 0.001458367 0.024238473 -0.004602839 0.999694545
5934.000000000 -0.481077887 0.131702366 -0.171608013 0.001460388 0.024222331 -0.004594211 0.999694973
5935.000000000 -0.481058219 0.131729198 -0.171614043 0.001465537 0.024216779 -0.004605655 0.999695047
5936.000000000 -0.481081405 0.131729117 -0.171552359 0.001472168 0.024234991 -0.004604591 0.999694601
5937.000000000 -0.481064301 0.131697679 -0.171541004 0.001461332 0.024229657 -0.004607664 0.999694732
5938.000000000 -0.481058823 0.131692357 -0.171502128 0.001459847 0.024229371 -0.004607766 0.999694741
5939.000000000 -0.481149343 0.131682212 -0.171634679 0.001462124 0.024245356 -0.004598408 0.999694393
5940.000000000 -0.481159704 0.131678738 -0.171640135 0.001462214 0.024251346 -0.004601619 0.999694233
5941.000000000 -0.481049889 0.131729271 -0.171505854 0.001478250 0.024228751 -0.004618620 0.999694679
5942.000000000 -0.481093859 0.131695241 -0.171531641 0.001469026 0.024235206 -0.004594714 0.999694646
5943.000000000 -0.481120545 0.131713543 -0.171597152 0.001468654 0.024240415 -0.004602437 0.999694485
5944.000000000 -0.481106650 0.131697288 -0.171568679 0.001464298 0.024232468 -0.004595548 0.999694716
5945.000000000 -0.481183865 0.131729287 -0.171658904 0.001467584 0.024238298 -0.004618079 0.999694466
5946.000000000 -0.481089477 0.131708417 -0.171510323 0.001466105 0.024223857 -0.004585095 0.999694970
5947.000000000 -0.481085916 0.131742962 -0.171516875 0.001473012 0.024222365 -0.004588134 0.999694982
5948.000000000 -0.481076847 0.131702798 -0.171490284 0.001466165 0.024222245 -0.004586902 0.999695000
5949.000000000 -0.481112708 0.131752911 -0.171510481 0.001481642 0.024231312 -0.004611583 0.999694644
5950.000000000 -0.481153130 0.131786504 -0.171595872 0.001492344 0.024246615 -0.004610180 0.999694264
5951.000000000 -0.481150582 0.131770546 -0.171633090 0.001484770 0.024236668 -0.004623925 0.999694453
5952.000000000 -0.481121111 0.131760492 -0.171537162 0.001483467 0.024233100 -0.004620837 0.999694555
5953.000000000 -0.481139511 0.131751908 -0.171572267 0.001479825 0.024239694 -0.004611273 0.999694445
5954.000000000 -0.481107068 0.131738060 -0.171511969 0.001476997 0.024233315 -0.004626952 0.999694531
5955.000000000 -0.481137607 0.131735321 -0.171559079 0.001471867 0.024234686 -0.004632105 0.999694482
5956.000000000 -0.481182885 0.131710589 -0.171658878 0.001469968 0.024245022 -0.004608290 0.999694344
5957.000000000 -0.481229801 0.131782472 -0.171770592 0.001487288 0.024249975 -0.004626937 0.999694112
5958.000000000 -0.481164581 0.131774265 -0.171702985 0.001480913 0.024235603 -0.004620805 0.999694499
5959.000000000 -0.481160011 0.131801222 -0.171748240 0.001490834 0.024233327 -0.004630158 0.999694496
5960.000000000 -0.481173577 0.131756786 -0.171732919 0.001476348 0.024240577 -0.004618544 0.999694395
5961.000000000 -0.481138809 0.131772146 -0.171725257 0.001475722 0.024229577 -0.004619732 0.999694657
5962.000000000 -0.481094950 0.131764283 -0.171696440 0.001468903 0.024226208 -0.004615394 0.999694769
5963.000000000 -0.481019291 0.131731077 -0.171556554 0.001461537 0.024212157 -0.004630742 0.999695049
5964.000000000 -0.481010853 0.131735413 -0.171558272 0.001461774 0.024209041 -0.004612844 0.999695207
5965.000000000 -0.481005125 0.131774785 -0.171550320 0.001470193 0.024204458 -0.004623678 0.999695256
5966.000000000 -0.481003940 0.131810550 -0.171560372 0.001483087 0.024203595 -0.004637600 0.999695193
5967.000000000 -0.481021467 0.131779712 -0.171587525 0.001472567 0.024209963 -0.004644517 0.999695022
5968.000000000 -0.481031332 0.131737408 -0.171585221 0.001455736 0.024212790 -0.004625896 0.999695065
5969.000000000 -0.481132114 0.131788172 -0.171682918 0.001478163 0.024242267 -0.004646096 0.999694224
5970.000000000 -0.481172921 0.131724752 -0.171721763 0.001461544 0.024250612 -0.004625011 0.999694144
5971.000000000 -0.481149395 0.131733263 -0.171681304 0.001459883 0.024241208 -0.004629240 0.999694355
5972.000000000 -0.481199273 0.131733792 -0.171785005 0.001461269 0.024245683 -0.004645731 0.999694168
5973.000000000 -0.481114384 0.131783305 -0.171699616 0.001478772 0.024230348 -0.004657959 0.999694457
5974.000000000 -0.481016872 0.131793467 -0.171599544 0.001486301 0.024202573 -0.004678098 0.999695024
5975.000000000 -0.481140293 0.131750826 -0.171732177 0.001463028 0.024228442 -0.004657830 0.999694527
5976.000000000 -0.481186222 0.131769766 -0.171720909 0.001477507 0.024247207 -0.004670122 0.999693993
5977.000000000 -0.481119817 0.131735054 -0.171632936 0.001468006 0.024232787 -0.004650646 0.999694448
5978.000000000 -0.481245355 0.131729951 -0.171768844 0.001456746 0.024255304 -0.004632483 0.999694002
5979.000000000 -0.481197769 0.131679028 -0.171743967 0.001445067 0.024250073 -0.004617637 0.999694215
5980.000000000 -0.481215211 0.131701160 -0.171731516 0.001453756 0.024251618 -0.004618309 0.999694162
5981.000000000 -0.481194162 0.131697685 -0.171718118 0.001455052 0.024246022 -0.004614340 0.999694314
5982.000000000 -0.481133152 0.131706809 -0.171643072 0.001458715 0.024232526 -0.004634972 0.999694540
5983.000000000 -0.481148271 0.131731392 -0.171677992 0.001464650 0.024235470 -0.004639085 0.999694441
5984.000000000 -0.481148249 0.131692956 -0.171677733 0.001452855 0.024231219 -0.004655665 0.999694484
5985.000000000 -0.481139601 0.131655028 -0.171669268 0.001438814 0.024224647 -0.004633195 0.999694768
5986.000000000 -0.481139404 0.131684212 -0.171686302 0.001443041 0.024225617 -0.004654694 0.999694639
5987.000000000 -0.481207969 0.131743417 -0.171776614 0.001461574 0.024237747 -0.004651827 0.999694331
5988.000000000 -0.481013307 0.131685599 -0.171527398 0.001440824 0.024193934 -0.004649064 0.999695436
5989.000000000 -0.481045885 0.131694053 -0.171564963 0.001445173 0.024207856 -0.004640875 0.999695130
5990.000000000 -0.481106585 0.131692599 -0.171617081 0.001451102 0.024224433 -0.004633591 0.999694754
5991.000000000 -0.481085851 0.131805326 -0.171556013 0.001485252 0.024221791 -0.004663131 0.999694630
5992.000000000 -0.480992191 0.131758804 -0.171465674 0.001467455 0.024193123 -0.004665293 0.999695341
5993.000000000 -0.481088407 0.131644924 -0.171513462 0.001428912 0.024221141 -0.004616479 0.999694945
5994.000000000 -0.481060443 0.131668160 -0.171554785 0.001433197 0.024205902 -0.004620112 0.999695291
5995.000000000 -0.481149683 0.131639696 -0.171639537 0.001419847 0.024231146 -0.004629650 0.999694654
5996.000000000 -0.481154608 0.131592458 -0.171605189 0.001415177 0.024230872 -0.004639164 0.999694624
5997.000000000 -0.481164618 0.131601973 -0.171572974 0.001415658 0.024237519 -0.004622188 0.999694540
5998.000000000 -0.481143464 0.131630744 -0.171605549 0.001427470 0.024229898 -0.004620238 0.999694717
5999.000000000 -0.481129570 0.131604737 -0.171619273 0.001416831 0.024227159 -0.004621254 0.999694794
6000.000000000 -0.481113057 0.131611289 -0.171552983 0.001415701 0.024225088 -0.004620183 0.999694851
6001.000000000 -0.481148230 0.131585622 -0.171541519 0.001401773 0.024230035 -0.004601399 0.999694837
6002.000000000 -0.481105892 0.131610725 -0.171549837 0.001414035 0.024226645 -0.004608230 0.999694871
6003.000000000 -0.481060723 0.131629753 -0.171504127 0.001426484 0.024212511 -0.004611305 0.999695181
6004.000000000 -0.480996621 0.131632122 -0.171431704 0.001430751 0.024205966 -0.004610748 0.999695336
6005.000000000 -0.481014140 0.131671915 -0.171515675 0.001436916 0.024202355 -0.004621544 0.999695365
6006.000000000 -0.480966109 0.131677209 -0.171446979 0.001434440 0.024189942 -0.004625650 0.999695650
6007.000000000 -0.481065868 0.131682163 -0.171612390 0.001432574 0.024215627 -0.004606709 0.999695118
6008.000000000 -0.481093848 0.131643597 -0.171624311 0.001424679 0.024216840 -0.004600157 0.999695130
6009.000000000 -0.481138446 0.131594862 -0.171637349 0.001401919 0.024233477 -0.004594907 0.999694783
6010.000000000 -0.481164124 0.131627358 -0.171678017 0.001409675 0.024238235 -0.004613845 0.999694570
6011.000000000 -0.481157858 0.131669959 -0.171650102 0.001422923 0.024237741 -0.004630783 0.999694485
6012.000000000 -0.481111619 0.131683192 -0.171562538 0.001427483 0.024219438 -0.004640212 0.999694878
6013.000000000 -0.481096457 0.131665074 -0.171600177 0.001426836 0.024218260 -0.004638423 0.999694916
6014.000000000 -0.481198497 0.131613499 -0.171634073 0.001402978 0.024242371 -0.004622466 0.999694439
6015.000000000 -0.481163282 0.131638522 -0.171603501 0.001409694 0.024240699 -0.004625468 0.999694456
6016.000000000 -0.481150248 0.131631666 -0.171598931 0.001414292 0.024237136 -0.004606852 0.999694622
6017.000000000 -0.481090771 0.131677564 -0.171562445 0.001426643 0.024223214 -0.004630285 0.999694834
6018.000000000 -0.481127906 0.131655900 -0.171638544 0.001415402 0.024235533 -0.004615082 0.999694622
6019.000000000 -0.481061600 0.131723120 -0.171607112 0.001437421 0.024213700 -0.004650059 0.999694957
6020.000000000 -0.481006991 0.131677703 -0.171497062 0.001422418 0.024204861 -0.004613742 0.999695361
6021.000000000 -0.481067527 0.131608869 -0.171556684 0.001400821 0.024216737 -0.004607459 0.999695133
6022.000000000 -0.481019179 0.131668514 -0.171436291 0.001426110 0.024209014 -0.004621398 0.999695220
6023.000000000 -0.481017538 0.131677816 -0.171457526 0.001427275 0.024203484 -0.004626264 0.999695330
6024.000000000 -0.481025666 0.131675931 -0.171385985 0.001428181 0.024199400 -0.004627356 0.999695422
6025.000000000 -0.480996005 0.131680704 -0.171339097 0.001427233 0.024201305 -0.004636925 0.999695333
6026.000000000 -0.481076486 0.131589914 -0.171409356 0.001404306 0.024219094 -0.004596185 0.999695123
6027.000000000 -0.481074385 0.131693565 -0.171436705 0.001436648 0.024217462 -0.004617344 0.999695019
6028.000000000 -0.481057121 0.131681565 -0.171425293 0.001436108 0.024214646 -0.004605033 0.999695145
6029.000000000 -0.480959253 0.131711599 -0.171326276 0.001445369 0.024189347 -0.004633565 0.999695612
6030.000000000 -0.480992185 0.131695990 -0.171384903 0.001448179 0.024194681 -0.004626257 0.999695513
6031.000000000 -0.481060038 0.131670625 -0.171482065 0.001439103 0.024203683 -0.004626825 0.999695305
6032.000000000 -0.481080687 0.131695236 -0.171528375 0.001447227 0.024207475 -0.004650321 0.999695093
6033.000000000 -0.481130310 0.131694106 -0.171560612 0.001439511 0.024216642 -0.004653875 0.999694865
6034.000000000 -0.481080572 0.131667572 -0.171519807 0.001437642 0.024210646 -0.004648034 0.999695040
6035.000000000 -0.481115732 0.131689252 -0.171531622 0.001438509 0.024213889 -0.004667843 0.999694868
6036.000000000 -0.481071047 0.131743165 -0.171472418 0.001453628 0.024210232 -0.004673877 0.999694907
6037.000000000 -0.481065857 0.131696197 -0.171460777 0.001444037 0.024211678 -0.004662398 0.999694939
6038.000000000 -0.481000139 0.131726909 -0.171426022 0.001452108 0.024197126 -0.004663173 0.999695276
6039.000000000 -0.481012082 0.131711195 -0.171459964 0.001449616 0.024195747 -0.004642167 0.999695411
6040.000000000 -0.481007514 0.131712250 -0.171431214 0.001450539 0.024189666 -0.004647087 0.999695534
6041.000000000 -0.480957908 0.131748428 -0.171448223 0.001470036 0.024176169 -0.004658183 0.999695780
6042.000000000 -0.481346901 0.131787045 -0.171817101 0.001479346 0.024278914 -0.004642518 0.999693349
6043.000000000 -0.481296678 0.131778201 -0.171807437 0.001476185 0.024265028 -0.004653552 0.999693640
6044.000000000 -0.481317549 0.131962534 -0.171784766 0.001541416 0.024281400 -0.004728726 0.999692791
6045.000000000 -0.481231349 0.131908278 -0.171712792 0.001520558 0.024256913 -0.004719060 0.999693463
6046.000000000 -0.481315276 0.131945155 -0.171756467 0.001528561 0.024287002 -0.004710932 0.999692759
6047.000000000 -0.481339015 0.131861897 -0.171764208 0.001513960 0.024286942 -0.004692349 0.999692870
6048.000000000 -0.481281108 0.131907090 -0.171663003 0.001531192 0.024278446 -0.004702017 0.999693005
6049.000000000 -0.481257479 0.131842629 -0.171641716 0.001516709 0.024269401 -0.004691827 0.999693294
6050.000000000 -0.481257409 0.131876367 -0.171683951 0.001520602 0.024268687 -0.004682832 0.999693348
6051.000000000 -0.481297396 0.131855535 -0.171716780 0.001516230 0.024275822 -0.004682628 0.999693182
6052.000000000 -0.481272548 0.131849795 -0.171686532 0.001514441 0.024271206 -0.004683443 0.999693293
6053.000000000 -0.481307853 0.131883368 -0.171730664 0.001521306 0.024281183 -0.004675921 0.999693076
6054.000000000 -0.481333541 0.131850178 -0.171801488 0.001516314 0.024278819 -0.004664012 0.999693196
6055.000000000 -0.481417161 0.131856391 -0.171895915 0.001518009 0.024302336 -0.004657496 0.999692653
6056.000000000 -0.481294589 0.131901138 -0.171675916 0.001530000 0.024278639 -0.004679094 0.999693109
6057.000000000 -0.481276296 0.131937544 -0.171674048 0.001539139 0.024272843 -0.004698621 0.999693144
6058.000000000 -0.481188543 0.131951622 -0.171623576 0.001539441 0.024245311 -0.004708259 0.999693767
6059.000000000 -0.481243694 0.131938018 -0.171643974 0.001531662 0.024262699 -0.004675321 0.999693511
6060.000000000 -0.481160993 0.131979518 -0.171516057 0.001546696 0.024242697 -0.004719035 0.999693768
6061.000000000 -0.481184925 0.131950985 -0.171562556 0.001542676 0.024246056 -0.004713038 0.999693721
6062.000000000 -0.481150856 0.132036937 -0.171560112 0.001555970 0.024229777 -0.004728928 0.999694020
6063.000000000 -0.481205045 0.131974797 -0.171598772 0.001538990 0.024243394 -0.004714122 0.999693786
6064.000000000 -0.481212968 0.131975837 -0.171623542 0.001539180 0.024249553 -0.004690297 0.999693749
6065.000000000 -0.481179127 0.132009637 -0.171637723 0.001544622 0.024239820 -0.004716363 0.999693854
6066.000000000 -0.481197200 0.131973211 -0.171684350 0.001536392 0.024244038 -0.004708612 0.999693801
6067.000000000 -0.481183556 0.131979202 -0.171611400 0.001542543 0.024244780 -0.004707567 0.999693778
6068.000000000 -0.481146557 0.132024605 -0.171586166 0.001552531 0.024235582 -0.004712923 0.999693960
6069.000000000 -0.481206463 0.131981216 -0.171662479 0.001531607 0.024246832 -0.004729793 0.999693640
6070.000000000 -0.481357636 0.131990427 -0.171872385 0.001551539 0.024292661 -0.004615026 0.999693033
6071.000000000 -0.481089619 0.131915239 -0.171658837 0.001543351 0.024225876 -0.004587568 0.999694793
6072.000000000 -0.481092331 0.131937984 -0.171691269 0.001544190 0.024227836 -0.004582060 0.999694769
6073.000000000 -0.481135465 0.131966696 -0.171776427 0.001536823 0.024243406 -0.004603888 0.999694303
6074.000000000 -0.481100190 0.131975635 -0.171737188 0.001539148 0.024227788 -0.004639031 0.999694516
6075.000000000 -0.481119462 0.132043991 -0.171854581 0.001550955 0.024228863 -0.004684179 0.999694261
6076.000000000 -0.481131178 0.132033905 -0.171878790 0.001549280 0.024231093 -0.004669760 0.999694277
6077.000000000 -0.481163258 0.132072165 -0.171811927 0.001553180 0.024254016 -0.004676411 0.999693684
6078.000000000 -0.481179487 0.132185825 -0.171733018 0.001589778 0.024248166 -0.004753310 0.999693406
6079.000000000 -0.481251939 0.132280989 -0.171457715 0.001621863 0.024264120 -0.004737759 0.999693041
6080.000000000 -0.481263940 0.132257861 -0.171299271 0.001615112 0.024284056 -0.004762313 0.999692451
6081.000000000 -0.481238699 0.132253660 -0.171209980 0.001604014 0.024281454 -0.004789475 0.999692402
6082.000000000 -0.481210400 0.132314901 -0.171274371 0.001619990 0.024272140 -0.004784875 0.999692625
6083.000000000 -0.481065302 0.132198769 -0.171084630 0.001603822 0.024243709 -0.004736666 0.999693570
6084.000000000 -0.481008079 0.132144304 -0.170931882 0.001594078 0.024229204 -0.004716271 0.999694034
6085.000000000 -0.481067801 0.132244974 -0.171098903 0.001619338 0.024230983 -0.004750362 0.999693789
6086.000000000 -0.481163725 0.132271097 -0.171183341 0.001614407 0.024254784 -0.004776432 0.999693095
6087.000000000 -0.481145378 0.132269986 -0.171159735 0.001621077 0.024261025 -0.004745838 0.999693079
6088.000000000 -0.481163441 0.132235849 -0.171146117 0.001611731 0.024263653 -0.004740566 0.999693055
6089.000000000 -0.481160904 0.132271364 -0.171101729 0.001620034 0.024263063 -0.004753673 0.999692994
6090.000000000 -0.481226103 0.132289081 -0.171235296 0.001619416 0.024274482 -0.004739782 0.999692784
6091.000000000 -0.481128417 0.132259979 -0.171038677 0.001616268 0.024257716 -0.004737925 0.999693204
6092.000000000 -0.481142092 0.132292397 -0.171191062 0.001620754 0.024254065 -0.004745537 0.999693250
6093.000000000 -0.481173998 0.132073547 -0.171174747 0.001571028 0.024266119 -0.004709303 0.999693208
6094.000000000 -0.481075105 0.132082012 -0.171113743 0.001570796 0.024248498 -0.004700885 0.999693675
6095.000000000 -0.481216422 0.132102871 -0.171324132 0.001575031 0.024270583 -0.004693605 0.999693167
6096.000000000 -0.481060304 0.132030609 -0.171208203 0.001569412 0.024229054 -0.004704830 0.999694130
6097.000000000 -0.481068557 0.132068483 -0.171222261 0.001574010 0.024224660 -0.004740191 0.999694063
6098.000000000 -0.481060294 0.132048412 -0.171204891 0.001569596 0.024221966 -0.004747393 0.999694101
6099.000000000 -0.480978604 0.132003165 -0.171041602 0.001574275 0.024207065 -0.004745658 0.999694463
6100.000000000 -0.480944273 0.131995134 -0.171077576 0.001568902 0.024194574 -0.004727961 0.999694857
6101.000000000 -0.481052681 0.132032907 -0.171174821 0.001576157 0.024214574 -0.004757252 0.999694223
6102.000000000 -0.481034020 0.132001847 -0.171129125 0.001567794 0.024207980 -0.004754332 0.999694409
6103.000000000 -0.481052701 0.132011330 -0.171197649 0.001565841 0.024212012 -0.004767534 0.999694252
6104.000000000 -0.481011110 0.131984950 -0.171176077 0.001561243 0.024207995 -0.004747888 0.999694450
6105.000000000 -0.481106485 0.132026644 -0.171226815 0.001569642 0.024214323 -0.004774694 0.999694156
6106.000000000 -0.481003691 0.131922435 -0.171106182 0.001545261 0.024206322 -0.004726385 0.999694617
6107.000000000 -0.481076528 0.131999370 -0.171209000 0.001557539 0.024216381 -0.004757204 0.999694208
6108.000000000 -0.481047958 0.132000270 -0.171101850 0.001561364 0.024220478 -0.004755243 0.999694112
6109.000000000 -0.481195140 0.132026031 -0.171336379 0.001578362 0.024247813 -0.004745822 0.999693468
6110.000000000 -0.481153547 0.132027780 -0.171269665 0.001569136 0.024231837 -0.004739796 0.999693898
6111.000000000 -0.481186494 0.132088098 -0.171369557 0.001586985 0.024238091 -0.004753887 0.999693652
6112.000000000 -0.481088338 0.132010681 -0.171165696 0.001564137 0.024224346 -0.004752225 0.999694029
6113.000000000 -0.481140292 0.131993031 -0.171333344 0.001560183 0.024232389 -0.004737680 0.999693909
6114.000000000 -0.481123980 0.132000330 -0.171327495 0.001564974 0.024222578 -0.004743965 0.999694109
6115.000000000 -0.481179590 0.131992803 -0.171318691 0.001565993 0.024246434 -0.004730251 0.999693594
6116.000000000 -0.481167560 0.132034138 -0.171284235 0.001581422 0.024238641 -0.004753308 0.999693650
6117.000000000 -0.481183161 0.132102753 -0.171370273 0.001584723 0.024235179 -0.004768641 0.999693655
6118.000000000 -0.481115712 0.131996836 -0.171153729 0.001556120 0.024233922 -0.004737964 0.999693877
6119.000000000 -0.481142612 0.131988196 -0.171259222 0.001563265 0.024235752 -0.004738458 0.999693819
6120.000000000 -0.481098208 0.132019593 -0.171207658 0.001565607 0.024230547 -0.004754539 0.999693865
6121.000000000 -0.481178796 0.132048576 -0.171364000 0.001580997 0.024240248 -0.004749219 0.999693631
6122.000000000 -0.481114694 0.132041658 -0.171302682 0.001579777 0.024225001 -0.004746988 0.999694013
6123.000000000 -0.481260056 0.132102266 -0.171397907 0.001584556 0.024269149 -0.004769854 0.999692826
6124.000000000 -0.481219918 0.132115087 -0.171367740 0.001590021 0.024260108 -0.004755808 0.999693104
6125.000000000 -0.481099302 0.132081054 -0.171235883 0.001585225 0.024228404 -0.004785724 0.999693737
6126.000000000 -0.481218230 0.132074215 -0.171361384 0.001586986 0.024258868 -0.004776591 0.999693039
6127.000000000 -0.481143983 0.132058793 -0.171233654 0.001580638 0.024241525 -0.004766651 0.999693518
6128.000000000 -0.481214807 0.132085773 -0.171379597 0.001575151 0.024249271 -0.004775332 0.999693297
6129.000000000 -0.481093705 0.132093848 -0.171312581 0.001587432 0.024220278 -0.004774224 0.999693986
6130.000000000 -0.481060389 0.132074083 -0.171260985 0.001577575 0.024214355 -0.004780652 0.999694114
6131.000000000 -0.481053308 0.132091742 -0.171247974 0.001589914 0.024214250 -0.004783386 0.999694084
6132.000000000 -0.480977080 0.132068798 -0.171211053 0.001585610 0.024198068 -0.004766300 0.999694564
6133.000000000 -0.481066646 0.132042188 -0.171345982 0.001584972 0.024208919 -0.004758007 0.999694342
6134.000000000 -0.481017256 0.132052550 -0.171217683 0.001592857 0.024199580 -0.004771322 0.999694492
6135.000000000 -0.481011975 0.132012325 -0.171193497 0.001584335 0.024198964 -0.004735673 0.999694690
6136.000000000 -0.481059940 0.132027339 -0.171245896 0.001585391 0.024208126 -0.004741367 0.999694440
6137.000000000 -0.481089663 0.132026195 -0.171287487 0.001575857 0.024220127 -0.004731053 0.999694213
6138.000000000 -0.481001707 0.131965405 -0.171184157 0.001559573 0.024209334 -0.004715521 0.999694573
6139.000000000 -0.480914013 0.131985387 -0.171117236 0.001569903 0.024187074 -0.004722040 0.999695065
6140.000000000 -0.480989926 0.132032411 -0.171190478 0.001574569 0.024197793 -0.004748906 0.999694671
6141.000000000 -0.481048506 0.131987713 -0.171242785 0.001556230 0.024210631 -0.004736209 0.999694449
6142.000000000 -0.481107346 0.132026499 -0.171336601 0.001573507 0.024225299 -0.004749534 0.999694004
6143.000000000 -0.481077834 0.131986981 -0.171285161 0.001571197 0.024228456 -0.004706643 0.999694134
6144.000000000 -0.481117093 0.131966021 -0.171343321 0.001554222 0.024229027 -0.004721408 0.999694077
6145.000000000 -0.481079632 0.131937485 -0.171276688 0.001545301 0.024224007 -0.004710367 0.999694264
6146.000000000 -0.481148132 0.131985480 -0.171442931 0.001557201 0.024230890 -0.004725054 0.999694010
6147.000000000 -0.481037048 0.131996875 -0.171216615 0.001563497 0.024215752 -0.004752133 0.999694238
6148.000000000 -0.481038385 0.131999853 -0.171049222 0.001557546 0.024222874 -0.004763504 0.999694021
6149.000000000 -0.481067362 0.132019541 -0.171184057 0.001556763 0.024231417 -0.004747320 0.999693892
6150.000000000 -0.481008595 0.132071117 -0.171039133 0.001571164 0.024218971 -0.004784006 0.999693996
6151.000000000 -0.481021914 0.132118809 -0.171073415 0.001574328 0.024224979 -0.004776523 0.999693882
6152.000000000 -0.481020229 0.132084524 -0.171075328 0.001570510 0.024219542 -0.004769011 0.999694055
6153.000000000 -0.481022875 0.132147143 -0.171071438 0.001586553 0.024227094 -0.004762153 0.999693879
6154.000000000 -0.481022819 0.132055627 -0.171027813 0.001560063 0.024226983 -0.004757584 0.999693946
6155.000000000 -0.481022438 0.132090467 -0.171043574 0.001570296 0.024226234 -0.004762839 0.999693923
6156.000000000 -0.481051632 0.132046637 -0.171073806 0.001556422 0.024239436 -0.004735514 0.999693754
6157.000000000 -0.481011755 0.132015847 -0.171016015 0.001550972 0.024231631 -0.004733607 0.999693961
6158.000000000 -0.481092489 0.132088579 -0.171140615 0.001571250 0.024250427 -0.004727943 0.999693500
6159.000000000 -0.481125925 0.132058025 -0.171241051 0.001568291 0.024254043 -0.004700553 0.999693546
6160.000000000 -0.481068732 0.132013816 -0.171160553 0.001576654 0.024243885 -0.004685221 0.999693852
6161.000000000 -0.481105150 0.132040968 -0.171330968 0.001574681 0.024245178 -0.004701163 0.999693749
6162.000000000 -0.481106046 0.132030375 -0.171300642 0.001573347 0.024243248 -0.004692257 0.999693839
6163.000000000 -0.481093637 0.132064317 -0.171244109 0.001579551 0.024240932 -0.004720205 0.999693754
6164.000000000 -0.481146538 0.132092879 -0.171370929 0.001594263 0.024251070 -0.004699178 0.999693584
6165.000000000 -0.481139945 0.132038236 -0.171296357 0.001579031 0.024259450 -0.004681413 0.999693488
6166.000000000 -0.481110221 0.132004707 -0.171190481 0.001571471 0.024255513 -0.004671917 0.999693640
6167.000000000 -0.481143823 0.132033902 -0.171273688 0.001579377 0.024259932 -0.004673502 0.999693513
6168.000000000 -0.481202269 0.132074626 -0.171380014 0.001584878 0.024263429 -0.004721705 0.999693193
6169.000000000 -0.481324818 0.132076508 -0.171543831 0.001573658 0.024285606 -0.004709978 0.999692727
6170.000000000 -0.481337985 0.131994477 -0.171569381 0.001550505 0.024290445 -0.004690668 0.999692737
6171.000000000 -0.481283564 0.132042425 -0.171472134 0.001556121 0.024272751 -0.004714079 0.999693048
6172.000000000 -0.481350497 0.132000898 -0.171590662 0.001545485 0.024292854 -0.004661971 0.999692820
6173.000000000 -0.481378849 0.132101715 -0.171681722 0.001580473 0.024293778 -0.004702933 0.999692551
6174.000000000 -0.481383352 0.132118618 -0.171720839 0.001578684 0.024298252 -0.004699500 0.999692461
6175.000000000 -0.481420596 0.132159056 -0.171686031 0.001594213 0.024304455 -0.004713816 0.999692219
6176.000000000 -0.481365655 0.132073095 -0.171674890 0.001561249 0.024294287 -0.004708715 0.999692542
6177.000000000 -0.481448830 0.132152576 -0.171812081 0.001573254 0.024321508 -0.004676323 0.999692013
6178.000000000 -0.481560829 0.132187161 -0.171909504 0.001577785 0.024340668 -0.004697628 0.999691440
6179.000000000 -0.481518786 0.132204667 -0.171852349 0.001573961 0.024330303 -0.004700443 0.999691685
6180.000000000 -0.481445792 0.132128031 -0.171705122 0.001569728 0.024322750 -0.004691725 0.999691916
6181.000000000 -0.481566893 0.132142186 -0.171908439 0.001562074 0.024342236 -0.004682769 0.999691496
6182.000000000 -0.481562964 0.132205831 -0.171878996 0.001578341 0.024339856 -0.004683001 0.999691527
6183.000000000 -0.481560958 0.132214917 -0.171831031 0.001580656 0.024341032 -0.004689368 0.999691465
6184.000000000 -0.481592744 0.132140686 -0.171822528 0.001569035 0.024352078 -0.004681401 0.999691252
6185.000000000 -0.481695321 0.132211431 -0.172071254 0.001573552 0.024361315 -0.004696760 0.999690948
6186.000000000 -0.481510756 0.132160009 -0.171876592 0.001574818 0.024324169 -0.004678475 0.999691936
6187.000000000 -0.481292447 0.132000846 -0.171480315 0.001555563 0.024291755 -0.004664611 0.999692819
6188.000000000 -0.481282289 0.132051118 -0.171588313 0.001567137 0.024281649 -0.004679771 0.999692976
6189.000000000 -0.481329976 0.131989154 -0.171697138 0.001557146 0.024296836 -0.004635098 0.999692830
6190.000000000 -0.481360715 0.132000272 -0.171695396 0.001554643 0.024301402 -0.004656664 0.999692623
6191.000000000 -0.481327144 0.132045680 -0.171734667 0.001568319 0.024292101 -0.004679704 0.999692720
6192.000000000 -0.481429609 0.132000366 -0.171810468 0.001549564 0.024327813 -0.004672969 0.999691912
6193.000000000 -0.481449616 0.132054729 -0.171788908 0.001555372 0.024329591 -0.004678335 0.999691835
6194.000000000 -0.481392629 0.132065173 -0.171722483 0.001563377 0.024315767 -0.004680530 0.999692149
6195.000000000 -0.481362428 0.132028789 -0.171606277 0.001553351 0.024323487 -0.004636840 0.999692180
6196.000000000 -0.481346641 0.132032405 -0.171686966 0.001550111 0.024308770 -0.004653651 0.999692465
6197.000000000 -0.481352380 0.132106250 -0.171626556 0.001565748 0.024307720 -0.004687671 0.999692307
6198.000000000 -0.481475558 0.132137641 -0.171811800 0.001568507 0.024340598 -0.004685602 0.999691513
6199.000000000 -0.481387503 0.132085555 -0.171779055 0.001564444 0.024313100 -0.004687327 0.999692180
6200.000000000 -0.481437436 0.132133593 -0.171791591 0.001580531 0.024328549 -0.004692890 0.999691753
6201.000000000 -0.481339086 0.132156239 -0.171668442 0.001576911 0.024303993 -0.004723269 0.999692213
6202.000000000 -0.481337880 0.132164072 -0.171713355 0.001582944 0.024301760 -0.004712992 0.999692306
6203.000000000 -0.481341490 0.132162884 -0.171728954 0.001583038 0.024300406 -0.004707281 0.999692366
6204.000000000 -0.481414979 0.132141325 -0.171726888 0.001580909 0.024324891 -0.004706315 0.999691778
6205.000000000 -0.481392358 0.132138728 -0.171693012 0.001579129 0.024311815 -0.004720874 0.999692030
6206.000000000 -0.481334987 0.132107310 -0.171655182 0.001576765 0.024307062 -0.004701654 0.999692240
6207.000000000 -0.481389998 0.132098900 -0.171686525 0.001567348 0.024318382 -0.004717619 0.999691904
6208.000000000 -0.481408679 0.132111772 -0.171675995 0.001566957 0.024324791 -0.004719594 0.999691740
6209.000000000 -0.481390834 0.132114521 -0.171684971 0.001568748 0.024316685 -0.004730324 0.999691883
6210.000000000 -0.481336561 0.132140565 -0.171647421 0.001575987 0.024294214 -0.004725594 0.999692441
6211.000000000 -0.481375839 0.132144210 -0.171705803 0.001587583 0.024311335 -0.004705396 0.999692102
6212.000000000 -0.481350000 0.132161913 -0.171636599 0.001584266 0.024312348 -0.004734474 0.999691945
6213.000000000 -0.481306348 0.132111539 -0.171599143 0.001575129 0.024300903 -0.004703093 0.999692386
6214.000000000 -0.481353998 0.132159186 -0.171655809 0.001580536 0.024307751 -0.004717338 0.999692144
6215.000000000 -0.481288573 0.132108395 -0.171625526 0.001566728 0.024301171 -0.004694802 0.999692431
6216.000000000 -0.481272942 0.132127979 -0.171609988 0.001569575 0.024280300 -0.004710446 0.999692860
6217.000000000 -0.481296765 0.132203877 -0.171580879 0.001589194 0.024295836 -0.004721868 0.999692398
6218.000000000 -0.481327102 0.132144593 -0.171569686 0.001575023 0.024310153 -0.004715488 0.999692103
6219.000000000 -0.481277250 0.132238629 -0.171508662 0.001600592 0.024285021 -0.004732141 0.999692594
6220.000000000 -0.481319166 0.132245186 -0.171569241 0.001603281 0.024298932 -0.004726449 0.999692279
6221.000000000 -0.481269112 0.132220732 -0.171546285 0.001599964 0.024282665 -0.004734605 0.999692641
6222.000000000 -0.481234747 0.132219254 -0.171468450 0.001593198 0.024275987 -0.004721040 0.999692878
6223.000000000 -0.481243717 0.132186818 -0.171441458 0.001587224 0.024287622 -0.004717334 0.999692622
6224.000000000 -0.481223959 0.132201093 -0.171381822 0.001593981 0.024290669 -0.004707427 0.999692584
6225.000000000 -0.481188683 0.132149075 -0.171421433 0.001578771 0.024269988 -0.004721898 0.999693042
6226.000000000 -0.481204485 0.132170451 -0.171417328 0.001585676 0.024274567 -0.004729769 0.999692883
6227.000000000 -0.481171036 0.132151843 -0.171358191 0.001577281 0.024273313 -0.004716957 0.999692987
6228.000000000 -0.481118641 0.132130546 -0.171325644 0.001575896 0.024260902 -0.004721239 0.999693270
6229.000000000 -0.481169365 0.132128708 -0.171346432 0.001569812 0.024280412 -0.004717820 0.999692823
6230.000000000 -0.481206860 0.132111244 -0.171363629 0.001560814 0.024287339 -0.004713305 0.999692690
6231.000000000 -0.481173577 0.132120176 -0.171289032 0.001568214 0.024283982 -0.004699774 0.999692823
6232.000000000 -0.481208871 0.132150221 -0.171287174 0.001574345 0.024289425 -0.004715317 0.999692608
6233.000000000 -0.481153105 0.132128649 -0.171188855 0.001564845 0.024277775 -0.004719164 0.999692888
6234.000000000 -0.481236360 0.132157023 -0.171454206 0.001577288 0.024277758 -0.004722530 0.999692853
6235.000000000 -0.481278283 0.132038184 -0.171439751 0.001554607 0.024297067 -0.004674642 0.999692644
6236.000000000 -0.481261106 0.132087309 -0.171348943 0.001565886 0.024302951 -0.004679677 0.999692460
6237.000000000 -0.481252731 0.132105541 -0.171414654 0.001567526 0.024294458 -0.004736845 0.999692395
6238.000000000 -0.481231240 0.132051992 -0.171463161 0.001553320 0.024282127 -0.004726140 0.999692767
6239.000000000 -0.481220331 0.132074731 -0.171450936 0.001564131 0.024283958 -0.004715093 0.999692758
6240.000000000 -0.481259971 0.132013963 -0.171560905 0.001557594 0.024292477 -0.004691342 0.999692673
6241.000000000 -0.481287708 0.131994613 -0.171558991 0.001546579 0.024296059 -0.004717710 0.999692479
6242.000000000 -0.481273359 0.131900136 -0.171407074 0.001531562 0.024296715 -0.004704090 0.999692550
6243.000000000 -0.481298505 0.131920536 -0.171377619 0.001533670 0.024305004 -0.004744319 0.999692156
6244.000000000 -0.481301918 0.131866925 -0.171378426 0.001522729 0.024301825 -0.004723200 0.999692350
6245.000000000 -0.481293696 0.131908856 -0.171434674 0.001538949 0.024294230 -0.004743228 0.999692415
6246.000000000 -0.481311409 0.131892210 -0.171440456 0.001537695 0.024303899 -0.004728631 0.999692251
6247.000000000 -0.481549440 0.131901702 -0.171918776 0.001556677 0.024330945 -0.004757930 0.999691424
6248.000000000 -0.481593939 0.132338939 -0.172106188 0.001686165 0.024352440 -0.004783017 0.999690571
6249.000000000 -0.481604640 0.132290143 -0.172043055 0.001672763 0.024363750 -0.004776182 0.999690351
6250.000000000 -0.481604366 0.132354607 -0.172114382 0.001688669 0.024360175 -0.004799187 0.999690301
6251.000000000 -0.481547783 0.132313730 -0.171952051 0.001675557 0.024350204 -0.004796024 0.999690581
6252.000000000 -0.481538266 0.132340269 -0.172016025 0.001686365 0.024341024 -0.004811231 0.999690714
6253.000000000 -0.481577613 0.132347219 -0.172059236 0.001687103 0.024345708 -0.004809840 0.999690605
6254.000000000 -0.481563617 0.132109713 -0.171861936 0.001613169 0.024398546 -0.004712145 0.999689904
6255.000000000 -0.481474516 0.131955493 -0.171737726 0.001596776 0.024407027 -0.004786873 0.999689368
6256.000000000 -0.481483933 0.131963259 -0.171748818 0.001590153 0.024415306 -0.004793960 0.999689143
6257.000000000 -0.481548772 0.131984790 -0.171852534 0.001598067 0.024424588 -0.004828494 0.999688737
6258.000000000 -0.481551052 0.131997999 -0.171877230 0.001621477 0.024419802 -0.004848355 0.999688720
6259.000000000 -0.481669975 0.131897267 -0.172080707 0.001575296 0.024453509 -0.004819458 0.999688110
6260.000000000 -0.481686850 0.131883584 -0.172159849 0.001578848 0.024453692 -0.004797328 0.999688206
6261.000000000 -0.481688237 0.131885592 -0.172152135 0.001569624 0.024452574 -0.004813010 0.999688173
6262.000000000 -0.481679506 0.131902510 -0.172114023 0.001574292 0.024449942 -0.004852369 0.999688040
6263.000000000 -0.481665675 0.131860866 -0.172149694 0.001562730 0.024438570 -0.004821059 0.999688487
6264.000000000 -0.481651367 0.131869050 -0.172137339 0.001558927 0.024438663 -0.004818244 0.999688504
6265.000000000 -0.481656678 0.131858630 -0.172156806 0.001555406 0.024438363 -0.004843897 0.999688393
6266.000000000 -0.481669400 0.131860944 -0.172182223 0.001560120 0.024434521 -0.004830273 0.999688546
6267.000000000 -0.481687135 0.131861797 -0.172243836 0.001566895 0.024443081 -0.004855150 0.999688205
6268.000000000 -0.481668594 0.131867002 -0.172187257 0.001565875 0.024436915 -0.004850843 0.999688379
6269.000000000 -0.481673140 0.131858262 -0.172200335 0.001558293 0.024438511 -0.004835531 0.999688426
6270.000000000 -0.481694059 0.131852187 -0.172253597 0.001557772 0.024444019 -0.004817792 0.999688378
6271.000000000 -0.481706871 0.131831976 -0.172297131 0.001549764 0.024444130 -0.004830011 0.999688328
6272.000000000 -0.481670371 0.131847277 -0.172198284 0.001560862 0.024439146 -0.004844023 0.999688365
6273.000000000 -0.481700472 0.131837669 -0.172242012 0.001558833 0.024443996 -0.004814151 0.999688394
6274.000000000 -0.481636303 0.131850323 -0.172100416 0.001563986 0.024434980 -0.004814526 0.999688605
6275.000000000 -0.481643154 0.131851155 -0.172110175 0.001568261 0.024438529 -0.004824107 0.999688465
6276.000000000 -0.481621687 0.131860138 -0.172080149 0.001572475 0.024435842 -0.004814199 0.999688572
6277.000000000 -0.481602813 0.131878622 -0.172034743 0.001581817 0.024429135 -0.004809277 0.999688745
6278.000000000 -0.481608028 0.131866437 -0.172047884 0.001573356 0.024426973 -0.004817884 0.999688769
6279.000000000 -0.481602575 0.131841540 -0.172046951 0.001566920 0.024423755 -0.004821099 0.999688843
6280.000000000 -0.481512399 0.131902952 -0.171896923 0.001587765 0.024405253 -0.004826671 0.999689235
6281.000000000 -0.481526943 0.131960025 -0.171959432 0.001599069 0.024402888 -0.004844349 0.999689189
6282.000000000 -0.481546178 0.131959990 -0.171937336 0.001604825 0.024422840 -0.004813783 0.999688840
6283.000000000 -0.481531357 0.131947633 -0.171856264 0.001592558 0.024422772 -0.004808408 0.999688887
6284.000000000 -0.481571535 0.131945493 -0.171905313 0.001584051 0.024431548 -0.004815745 0.999688651
6285.000000000 -0.481566006 0.131950945 -0.171891089 0.001588664 0.024429756 -0.004814475 0.999688694
6286.000000000 -0.481580465 0.131957156 -0.171906703 0.001575865 0.024434560 -0.004821552 0.999688562
6287.000000000 -0.481540647 0.132052679 -0.171803992 0.001628666 0.024427468 -0.004872570 0.999688404
6288.000000000 -0.481558698 0.132047122 -0.171792753 0.001623617 0.024443675 -0.004863058 0.999688062
6289.000000000 -0.481589903 0.132043587 -0.171879147 0.001630965 0.024450426 -0.004863917 0.999687881
6290.000000000 -0.481563003 0.132047615 -0.171864525 0.001633274 0.024441013 -0.004860882 0.999688122
6291.000000000 -0.481690920 0.132142382 -0.172124497 0.001648785 0.024471587 -0.004872413 0.999687292
6292.000000000 -0.481649144 0.132143609 -0.172051799 0.001658247 0.024465846 -0.004861509 0.999687470
6293.000000000 -0.481657548 0.132179911 -0.172038639 0.001671833 0.024471997 -0.004879664 0.999687209
6294.000000000 -0.481707649 0.132157298 -0.172164846 0.001662468 0.024488507 -0.004866948 0.999686882
6295.000000000 -0.481728311 0.132185259 -0.172181349 0.001666885 0.024497957 -0.004900551 0.999686479
6296.000000000 -0.481620436 0.132111837 -0.172050312 0.001648654 0.024449372 -0.004824085 0.999688071
6297.000000000 -0.481595893 0.132130362 -0.172043979 0.001654109 0.024441520 -0.004833616 0.999688207
6298.000000000 -0.481611044 0.132101768 -0.172027752 0.001641022 0.024453544 -0.004835477 0.999687926
6299.000000000 -0.481634519 0.132069637 -0.172107869 0.001627849 0.024450793 -0.004840128 0.999687992
6300.000000000 -0.481622860 0.132111099 -0.172172412 0.001635916 0.024445126 -0.004839138 0.999688123
6301.000000000 -0.481610017 0.132120427 -0.172133985 0.001642827 0.024441793 -0.004834470 0.999688215
6302.000000000 -0.481602659 0.132117601 -0.172116537 0.001642891 0.024441979 -0.004832586 0.999688220
6303.000000000 -0.481662174 0.132048711 -0.172151479 0.001600723 0.024468758 -0.004832214 0.999687635
6304.000000000 -0.481630234 0.132094998 -0.172176481 0.001622565 0.024451092 -0.004842938 0.999687980
6305.000000000 -0.481628597 0.132141519 -0.172184973 0.001629698 0.024449095 -0.004850809 0.999687979
6306.000000000 -0.481641709 0.132153158 -0.172208724 0.001637329 0.024444430 -0.004846103 0.999688104
6307.000000000 -0.481590569 0.132178035 -0.172182756 0.001646573 0.024428489 -0.004860432 0.999688408
6308.000000000 -0.481608107 0.132169669 -0.172179209 0.001640928 0.024428704 -0.004849574 0.999688465
6309.000000000 -0.481588965 0.132171194 -0.172173573 0.001643001 0.024424618 -0.004860415 0.999688509
6310.000000000 -0.481617015 0.132147027 -0.172234344 0.001638190 0.024433051 -0.004856131 0.999688332
6311.000000000 -0.481633890 0.132146094 -0.172262158 0.001633089 0.024437987 -0.004858278 0.999688209
6312.000000000 -0.481613641 0.132134155 -0.172223285 0.001627676 0.024432386 -0.004880048 0.999688249
6313.000000000 -0.481605972 0.132191213 -0.172267576 0.001652083 0.024421297 -0.004887444 0.999688443
6314.000000000 -0.481600211 0.132243513 -0.172237364 0.001671596 0.024426329 -0.004914377 0.999688156
6315.000000000 -0.481624152 0.132228587 -0.172297225 0.001672815 0.024434818 -0.004901837 0.999688008
6316.000000000 -0.481633183 0.132201617 -0.172290199 0.001666535 0.024429616 -0.004889615 0.999688205
6317.000000000 -0.481651572 0.132205792 -0.172291892 0.001659892 0.024435732 -0.004894716 0.999688042
6318.000000000 -0.481639722 0.132164140 -0.172277581 0.001653519 0.024438724 -0.004868516 0.999688107
6319.000000000 -0.481639260 0.132133495 -0.172215393 0.001636492 0.024440622 -0.004873737 0.999688064
6320.000000000 -0.481568571 0.132149219 -0.172175591 0.001645088 0.024423683 -0.004866542 0.999688499
6321.000000000 -0.481637513 0.132170881 -0.172192381 0.001653774 0.024444236 -0.004861742 0.999688005
6322.000000000 -0.481650071 0.132144915 -0.172192978 0.001644677 0.024445700 -0.004865903 0.999687964
6323.000000000 -0.481666489 0.132153446 -0.172185294 0.001642339 0.024457237 -0.004860858 0.999687710
6324.000000000 -0.481645914 0.132175518 -0.172144657 0.001649318 0.024452487 -0.004863124 0.999687804
6325.000000000 -0.481628442 0.132163247 -0.172219875 0.001646492 0.024444368 -0.004886012 0.999687896
6326.000000000 -0.481563251 0.132210591 -0.171944028 0.001654336 0.024445789 -0.004875642 0.999687899
6327.000000000 -0.481601419 0.132161492 -0.172120279 0.001646255 0.024445506 -0.004874056 0.999687927
6328.000000000 -0.481573114 0.132116561 -0.172060997 0.001637658 0.024442240 -0.004856206 0.999688107
6329.000000000 -0.481574489 0.132149716 -0.172043321 0.001643357 0.024444745 -0.004868332 0.999687978
6330.000000000 -0.481597848 0.132143977 -0.172075927 0.001629905 0.024448624 -0.004875969 0.999687868
6331.000000000 -0.481574157 0.132134663 -0.172054776 0.001631488 0.024440721 -0.004883544 0.999688022
6332.000000000 -0.481573616 0.132124698 -0.172036609 0.001626261 0.024444767 -0.004881445 0.999687941
6333.000000000 -0.481541812 0.132162004 -0.172004952 0.001636640 0.024438439 -0.004886828 0.999688053
6334.000000000 -0.481589330 0.132115248 -0.172069776 0.001618620 0.024452567 -0.004889001 0.999687726
6335.000000000 -0.481566563 0.132145601 -0.172083661 0.001629131 0.024437707 -0.004886946 0.999688082
6336.000000000 -0.481556121 0.132123567 -0.172045107 0.001623796 0.024436376 -0.004887353 0.999688122
6337.000000000 -0.481551973 0.132121199 -0.172062493 0.001624459 0.024435092 -0.004865422 0.999688259
6338.000000000 -0.481584919 0.132141135 -0.172095989 0.001632458 0.024442186 -0.004864043 0.999688079
6339.000000000 -0.481590879 0.132151990 -0.172098458 0.001634153 0.024445918 -0.004880340 0.999687906
6340.000000000 -0.481624030 0.132142742 -0.172134726 0.001626708 0.024447387 -0.004885419 0.999687857
6341.000000000 -0.481623561 0.132132386 -0.172135390 0.001630078 0.024451012 -0.004860910 0.999687883
6342.000000000 -0.481620708 0.132135059 -0.172139385 0.001623400 0.024452608 -0.004889918 0.999687713
6343.000000000 -0.481648787 0.132145208 -0.172171246 0.001631786 0.024457543 -0.004867712 0.999687687
6344.000000000 -0.481597234 0.132165822 -0.172138775 0.001633929 0.024435640 -0.004899136 0.999688065
6345.000000000 -0.481599660 0.132166092 -0.172157529 0.001637405 0.024432058 -0.004881096 0.999688236
6346.000000000 -0.481626048 0.132121145 -0.172244366 0.001621626 0.024434984 -0.004884755 0.999688172
6347.000000000 -0.481579003 0.132144430 -0.172159468 0.001623492 0.024429373 -0.004911055 0.999688177
6348.000000000 -0.481582908 0.132131559 -0.172156899 0.001629835 0.024424663 -0.004888197 0.999688394
6349.000000000 -0.481625365 0.132129264 -0.172241857 0.001629918 0.024433761 -0.004876150 0.999688230
6350.000000000 -0.481607412 0.132144791 -0.172147803 0.001632232 0.024433583 -0.004884716 0.999688189
6351.000000000 -0.481621381 0.132125069 -0.172136296 0.001632166 0.024427984 -0.004882414 0.999688337
6352.000000000 -0.481641375 0.132121872 -0.172182240 0.001630642 0.024435490 -0.004871765 0.999688208
6353.000000000 -0.481590576 0.132123587 -0.172086848 0.001629960 0.024427827 -0.004879206 0.999688360
6354.000000000 -0.481611028 0.132126307 -0.172100590 0.001631893 0.024438283 -0.004878467 0.999688105
6355.000000000 -0.481661452 0.132107496 -0.172141070 0.001626693 0.024451554 -0.004857396 0.999687892
6356.000000000 -0.481667771 0.132094736 -0.172117820 0.001623525 0.024461612 -0.004862743 0.999687625
6357.000000000 -0.481673034 0.132107856 -0.172203245 0.001635861 0.024453509 -0.004850690 0.999687862
6358.000000000 -0.481670207 0.132108376 -0.172141708 0.001636553 0.024456306 -0.004838255 0.999687852
6359.000000000 -0.481715234 0.132112997 -0.172173612 0.001633671 0.024473331 -0.004838598 0.999687439
6360.000000000 -0.481761024 0.132140557 -0.172220408 0.001648936 0.024489442 -0.004837994 0.999687022
6361.000000000 -0.481740720 0.132096151 -0.172196341 0.001638759 0.024485041 -0.004799760 0.999687331
6362.000000000 -0.481722142 0.132121472 -0.172199803 0.001645263 0.024483722 -0.004841541 0.999687151
6363.000000000 -0.481727795 0.132113221 -0.172190907 0.001635134 0.024474834 -0.004841536 0.999687385
6364.000000000 -0.481758472 0.132094061 -0.172262765 0.001633307 0.024486455 -0.004841358 0.999687105
6365.000000000 -0.481663579 0.132138740 -0.172157558 0.001648795 0.024464386 -0.004847081 0.999687592
6366.000000000 -0.481700804 0.132106077 -0.172215769 0.001641112 0.024467940 -0.004815296 0.999687671
6367.000000000 -0.481659570 0.132108680 -0.172099853 0.001635727 0.024463373 -0.004839181 0.999687676
6368.000000000 -0.481667286 0.132155675 -0.172125795 0.001654370 0.024463121 -0.004829857 0.999687697
6369.000000000 -0.481690721 0.132155042 -0.172122026 0.001651291 0.024473441 -0.004838434 0.999687408
6370.000000000 -0.481631860 0.132149263 -0.172075774 0.001659952 0.024452779 -0.004823067 0.999687973
6371.000000000 -0.481600571 0.132135130 -0.172062301 0.001650070 0.024433627 -0.004829527 0.999688427
6372.000000000 -0.481609736 0.132140798 -0.172092482 0.001655076 0.024438144 -0.004801901 0.999688441
6373.000000000 -0.481583920 0.132116908 -0.172077380 0.001646254 0.024431848 -0.004818484 0.999688530
6374.000000000 -0.481614001 0.132099019 -0.172032306 0.001645606 0.024440152 -0.004814056 0.999688349
6375.000000000 -0.481568662 0.132125828 -0.171986772 0.001650391 0.024428384 -0.004830139 0.999688552
6376.000000000 -0.481554315 0.132147216 -0.171976987 0.001656430 0.024424769 -0.004845794 0.999688554
6377.000000000 -0.481604297 0.132105469 -0.172026027 0.001644813 0.024441037 -0.004838277 0.999688212
6378.000000000 -0.481556374 0.132104090 -0.171968713 0.001642788 0.024422549 -0.004834418 0.999688686
6379.000000000 -0.481575772 0.132137703 -0.172042155 0.001652172 0.024422643 -0.004832928 0.999688675
6380.000000000 -0.481553517 0.132135475 -0.172016818 0.001652291 0.024420981 -0.004842092 0.999688671
6381.000000000 -0.481542499 0.132168778 -0.171948052 0.001662907 0.024420799 -0.004828853 0.999688722
6382.000000000 -0.481529776 0.132148975 -0.171906725 0.001655218 0.024422827 -0.004824293 0.999688708
6383.000000000 -0.481526006 0.132161137 -0.171918665 0.001659284 0.024423809 -0.004836546 0.999688618
6384.000000000 -0.481574242 0.132098010 -0.172012820 0.001637601 0.024433542 -0.004817627 0.999688507
6385.000000000 -0.481549741 0.132133491 -0.171915650 0.001650936 0.024438688 -0.004809873 0.999688396
6386.000000000 -0.481569861 0.132132227 -0.171959526 0.001650029 0.024439759 -0.004823480 0.999688306
6387.000000000 -0.481507502 0.132149754 -0.171891728 0.001660053 0.024427156 -0.004831055 0.999688561
6388.000000000 -0.481502481 0.132138435 -0.171897419 0.001651152 0.024421686 -0.004826936 0.999688729
6389.000000000 -0.481524529 0.132146096 -0.171880351 0.001651144 0.024430465 -0.004844554 0.999688430
6390.000000000 -0.481500314 0.132160516 -0.171901596 0.001663644 0.024419414 -0.004830944 0.999688745
6391.000000000 -0.481558198 0.132156957 -0.172034140 0.001660575 0.024426222 -0.004825975 0.999688608
6392.000000000 -0.481563710 0.132175556 -0.172044575 0.001660242 0.024426864 -0.004836937 0.999688539
6393.000000000 -0.481553955 0.132158225 -0.172071340 0.001655296 0.024418295 -0.004843557 0.999688725
6394.000000000 -0.481538171 0.132207663 -0.172058591 0.001674713 0.024415404 -0.004847199 0.999688746
6395.000000000 -0.481544244 0.132179400 -0.172069017 0.001663851 0.024412400 -0.004832043 0.999688910
6396.000000000 -0.481581901 0.132163050 -0.172132124 0.001658059 0.024431110 -0.004845289 0.999688399
6397.000000000 -0.481524199 0.132181915 -0.172036886 0.001663496 0.024411358 -0.004866258 0.999688771
6398.000000000 -0.481583521 0.132194716 -0.172081570 0.001660392 0.024438942 -0.004851302 0.999688174
6399.000000000 -0.481639754 0.132145044 -0.172169537 0.001648674 0.024447028 -0.004836799 0.999688066
6400.000000000 -0.481620672 0.132187015 -0.172155639 0.001656924 0.024444308 -0.004843238 0.999688088
6401.000000000 -0.481593563 0.132169860 -0.172060898 0.001651887 0.024443116 -0.004851993 0.999688083
6402.000000000 -0.481607998 0.132149901 -0.172034344 0.001645433 0.024452382 -0.004843766 0.999687907
6403.000000000 -0.481595863 0.132176687 -0.172076975 0.001654040 0.024442655 -0.004856405 0.999688069
6404.000000000 -0.481592304 0.132161328 -0.172061670 0.001648312 0.024443552 -0.004864335 0.999688018
6405.000000000 -0.481653096 0.132146140 -0.172143959 0.001650534 0.024459697 -0.004850012 0.999687689
6406.000000000 -0.481645141 0.132177527 -0.172076916 0.001654897 0.024460584 -0.004856335 0.999687630
6407.000000000 -0.481666514 0.132174385 -0.172098580 0.001654421 0.024463899 -0.004859321 0.999687535
6408.000000000 -0.481693566 0.132143573 -0.172173092 0.001647257 0.024468196 -0.004855231 0.999687461
6409.000000000 -0.481656882 0.132183339 -0.172112162 0.001656953 0.024459099 -0.004864543 0.999687623
6410.000000000 -0.481717610 0.132147786 -0.172170467 0.001650472 0.024477237 -0.004836362 0.999687326
6411.000000000 -0.481671783 0.132215128 -0.172124454 0.001663968 0.024457742 -0.004892437 0.999687508
6412.000000000 -0.481736259 0.132162356 -0.172231651 0.001655823 0.024470589 -0.004861459 0.999687358
6413.000000000 -0.481715077 0.132151628 -0.172150613 0.001648684 0.024473843 -0.004845367 0.999687369
6414.000000000 -0.481685921 0.132139489 -0.172064687 0.001653726 0.024469458 -0.004839460 0.999687496
6415.000000000 -0.481708739 0.132138805 -0.172123200 0.001637028 0.024474548 -0.004874394 0.999687230
6416.000000000 -0.481727763 0.132112469 -0.172164284 0.001632331 0.024474948 -0.004862371 0.999687286
6417.000000000 -0.481618765 0.132126653 -0.172042237 0.001627325 0.024443772 -0.004873330 0.999688004
6418.000000000 -0.481671004 0.132156598 -0.172135292 0.001642661 0.024457619 -0.004879841 0.999687608
6419.000000000 -0.481696179 0.132118079 -0.172071187 0.001631521 0.024478350 -0.004849749 0.999687265
6420.000000000 -0.481738375 0.132081171 -0.172143367 0.001622869 0.024481343 -0.004846861 0.999687220
6421.000000000 -0.481729418 0.132103946 -0.172075534 0.001628820 0.024492395 -0.004834007 0.999687002
6422.000000000 -0.481706176 0.132095733 -0.172098086 0.001621586 0.024483452 -0.004846916 0.999687170
6423.000000000 -0.481714987 0.132109093 -0.172035655 0.001630998 0.024494184 -0.004843086 0.999686911
6424.000000000 -0.481732047 0.132106720 -0.172049483 0.001623185 0.024497259 -0.004849052 0.999686819
6425.000000000 -0.481691537 0.132085736 -0.172038976 0.001615070 0.024482906 -0.004863569 0.999687113
6426.000000000 -0.481694108 0.132093728 -0.172092214 0.001618087 0.024482925 -0.004847523 0.999687186
6427.000000000 -0.481663008 0.132090027 -0.172126413 0.001614513 0.024464555 -0.004861334 0.999687574
6428.000000000 -0.481664503 0.132120545 -0.172159617 0.001623251 0.024456899 -0.004875705 0.999687678
6429.000000000 -0.481674678 0.132115364 -0.172116964 0.001617633 0.024475143 -0.004884353 0.999687198
6430.000000000 -0.481635611 0.132139254 -0.172077467 0.001621715 0.024461740 -0.004898055 0.999687452
6431.000000000 -0.481679419 0.132106282 -0.172074502 0.001613088 0.024475032 -0.004862156 0.999687316
6432.000000000 -0.481642058 0.132098891 -0.172064271 0.001616422 0.024464116 -0.004851453 0.999687630
6433.000000000 -0.481680396 0.132093427 -0.172086122 0.001611218 0.024478479 -0.004858018 0.999687255
6434.000000000 -0.481683235 0.132102475 -0.172114698 0.001612246 0.024473459 -0.004861311 0.999687360
6435.000000000 -0.481690179 0.132097186 -0.172180729 0.001615262 0.024465987 -0.004851693 0.999687585
6436.000000000 -0.481633611 0.132123883 -0.172165358 0.001627746 0.024441152 -0.004871710 0.999688075
6437.000000000 -0.481607428 0.132132902 -0.172142638 0.001630727 0.024431169 -0.004862384 0.999688359
6438.000000000 -0.481582151 0.132126076 -0.172140733 0.001625051 0.024417383 -0.004874955 0.999688644
6439.000000000 -0.481606194 0.132134766 -0.172224546 0.001629122 0.024417982 -0.004857206 0.999688709
6440.000000000 -0.481573709 0.132150682 -0.172174385 0.001630893 0.024414641 -0.004871822 0.999688717
6441.000000000 -0.481578911 0.132164946 -0.172152044 0.001642652 0.024415907 -0.004870884 0.999688671
6442.000000000 -0.481573110 0.132114464 -0.172067952 0.001632258 0.024429771 -0.004849621 0.999688453
6443.000000000 -0.481569620 0.132117957 -0.172069665 0.001629446 0.024422939 -0.004851192 0.999688617
6444.000000000 -0.481615803 0.132102857 -0.172103692 0.001631104 0.024439951 -0.004829295 0.999688305
6445.000000000 -0.481619175 0.132098790 -0.172058096 0.001626916 0.024446591 -0.004818596 0.999688201
6446.000000000 -0.481555431 0.132111305 -0.172040932 0.001634151 0.024420226 -0.004828386 0.999688786
6447.000000000 -0.481519001 0.132081309 -0.171978441 0.001629018 0.024419533 -0.004839998 0.999688755
6448.000000000 -0.481589855 0.132091510 -0.172018123 0.001621375 0.024444198 -0.004820806 0.999688257
6449.000000000 -0.481539424 0.132155822 -0.171951057 0.001626150 0.024443494 -0.004829100 0.999688227
6450.000000000 -0.481634649 0.132127411 -0.172046477 0.001635916 0.024451330 -0.004812290 0.999688100
6451.000000000 -0.481589178 0.132120361 -0.172009752 0.001633404 0.024437708 -0.004808451 0.999688456
6452.000000000 -0.481633122 0.132088692 -0.172056329 0.001624178 0.024447874 -0.004794643 0.999688289
6453.000000000 -0.481584075 0.132124335 -0.171939910 0.001634716 0.024431574 -0.004801821 0.999688636
6454.000000000 -0.481620030 0.132105495 -0.172026801 0.001633512 0.024449262 -0.004777439 0.999688322
6455.000000000 -0.481569614 0.132145476 -0.171933354 0.001647381 0.024439451 -0.004812920 0.999688369
6456.000000000 -0.481596316 0.132106318 -0.171932082 0.001652787 0.024443990 -0.004806252 0.999688281
6457.000000000 -0.481531715 0.132135537 -0.171911164 0.001658693 0.024422197 -0.004802289 0.999688823
6458.000000000 -0.481546341 0.132149773 -0.171960749 0.001665128 0.024426796 -0.004810223 0.999688662
6459.000000000 -0.481533898 0.132194467 -0.171941279 0.001687808 0.024416104 -0.004846815 0.999688708
6460.000000000 -0.481500823 0.132215481 -0.171847423 0.001698017 0.024415317 -0.004892038 0.999688490
6461.000000000 -0.481558157 0.132220997 -0.171946142 0.001703932 0.024435245 -0.004929126 0.999687811
6462.000000000 -0.481563089 0.132174571 -0.172019853 0.001662736 0.024428304 -0.004856124 0.999688407
6463.000000000 -0.481559565 0.132150230 -0.172001969 0.001647743 0.024435650 -0.004883956 0.999688117
6464.000000000 -0.481510481 0.132088332 -0.171922858 0.001603905 0.024425144 -0.004970965 0.999688016
6465.000000000 -0.481386238 0.132001562 -0.171844528 0.001591785 0.024407374 -0.004921941 0.999688712
6466.000000000 -0.481380168 0.132017423 -0.171846904 0.001592265 0.024397845 -0.004911307 0.999688996
6467.000000000 -0.481378623 0.132035978 -0.171858757 0.001601832 0.024399619 -0.004935476 0.999688818
6468.000000000 -0.481383003 0.132017878 -0.171864232 0.001597378 0.024407180 -0.004917764 0.999688728
6469.000000000 -0.481383378 0.132023009 -0.171880576 0.001599367 0.024401174 -0.004936509 0.999688779
6470.000000000 -0.481380880 0.132006044 -0.171855372 0.001591811 0.024404296 -0.004933038 0.999688732
6471.000000000 -0.481387845 0.132016755 -0.171890716 0.001592071 0.024395849 -0.004926952 0.999688968
6472.000000000 -0.481390553 0.132011593 -0.171862461 0.001585637 0.024406514 -0.004931503 0.999688696
6473.000000000 -0.481381042 0.131994028 -0.171868340 0.001583956 0.024394976 -0.004906283 0.999689104
6474.000000000 -0.481379570 0.131992564 -0.171788871 0.001570919 0.024409251 -0.004911107 0.999688752
6475.000000000 -0.481374325 0.131997283 -0.171768865 0.001565653 0.024415255 -0.004904134 0.999688648
6476.000000000 -0.481374618 0.131996557 -0.171768947 0.001577186 0.024429624 -0.004897909 0.999688310
6477.000000000 -0.481703139 0.131931600 -0.172073438 0.001559803 0.024483414 -0.004801885 0.999687487
6478.000000000 -0.481775352 0.131795068 -0.171976260 0.001499662 0.024506602 -0.004806632 0.999686988
6479.000000000 -0.481802839 0.131818464 -0.172100988 0.001512880 0.024506583 -0.004810116 0.999686952
6480.000000000 -0.481817568 0.131785942 -0.172082505 0.001496743 0.024512790 -0.004804659 0.999686850
6481.000000000 -0.481838234 0.131792241 -0.172168368 0.001504979 0.024517598 -0.004803726 0.999686724
6482.000000000 -0.481791379 0.131807408 -0.172016578 0.001508727 0.024517634 -0.004788798 0.999686789
6483.000000000 -0.481806543 0.131778986 -0.171980628 0.001502153 0.024530278 -0.004784417 0.999686510
6484.000000000 -0.481841464 0.131785473 -0.172040615 0.001503265 0.024533369 -0.004782542 0.999686441
6485.000000000 -0.481834111 0.131808753 -0.172075056 0.001509511 0.024523238 -0.004804899 0.999686573
6486.000000000 -0.481849087 0.131794330 -0.172090305 0.001504620 0.024530498 -0.004814559 0.999686356
6487.000000000 -0.481845835 0.131807685 -0.172065486 0.001507178 0.024534287 -0.004825437 0.999686207
6488.000000000 -0.481857918 0.131803714 -0.172049908 0.001512890 0.024535852 -0.004819932 0.999686186
6489.000000000 -0.481860337 0.131808407 -0.172129737 0.001513366 0.024528120 -0.004827838 0.999686337
6490.000000000 -0.481929576 0.131790554 -0.172202408 0.001509798 0.024552124 -0.004816476 0.999685808
6491.000000000 -0.481912648 0.131775165 -0.172140521 0.001499145 0.024555318 -0.004802615 0.999685813
6492.000000000 -0.481911770 0.131802474 -0.172261528 0.001515270 0.024535642 -0.004825274 0.999686162
6493.000000000 -0.481848798 0.131820363 -0.172123053 0.001518068 0.024525863 -0.004819902 0.999686424
6494.000000000 -0.481874952 0.131770624 -0.172108892 0.001494681 0.024541709 -0.004800877 0.999686162
6495.000000000 -0.481849494 0.131766750 -0.172060817 0.001491924 0.024535722 -0.004810521 0.999686266
6496.000000000 -0.481859708 0.131782967 -0.172123914 0.001498689 0.024530907 -0.004821074 0.999686324
6497.000000000 -0.481866288 0.131772591 -0.172164843 0.001503428 0.024527843 -0.004800584 0.999686490
6498.000000000 -0.481886604 0.131774237 -0.172229631 0.001502351 0.024531979 -0.004825439 0.999686271
6499.000000000 -0.481869610 0.131788652 -0.172141340 0.001504343 0.024527324 -0.004807983 0.999686466
6500.000000000 -0.481879090 0.131787552 -0.172152907 0.001503918 0.024526218 -0.004822642 0.999686423
6501.000000000 -0.481845120 0.131800159 -0.172098498 0.001507374 0.024520355 -0.004824564 0.999686553
6502.000000000 -0.481841467 0.131797340 -0.172123384 0.001508869 0.024517189 -0.004822317 0.999686639
6503.000000000 -0.481853301 0.131813499 -0.172074491 0.001506838 0.024519997 -0.004832036 0.999686526
6504.000000000 -0.481838761 0.131815015 -0.172081432 0.001510785 0.024520159 -0.004829172 0.999686530
6505.000000000 -0.481830884 0.131815944 -0.172147397 0.001515685 0.024509439 -0.004821577 0.999686822
6506.000000000 -0.481696531 0.131785283 -0.171876399 0.001498155 0.024500335 -0.004830648 0.999687028
6507.000000000 -0.481676666 0.131778081 -0.171861201 0.001499157 0.024487884 -0.004809065 0.999687436
6508.000000000 -0.481656615 0.131802125 -0.171849946 0.001509878 0.024479680 -0.004802342 0.999687653
6509.000000000 -0.481636826 0.131815495 -0.171831918 0.001513003 0.024475464 -0.004818323 0.999687674
6510.000000000 -0.481644644 0.131806853 -0.171822517 0.001505834 0.024475066 -0.004824497 0.999687665
6511.000000000 -0.481655021 0.131815321 -0.171883616 0.001514591 0.024477382 -0.004825678 0.999687590
6512.000000000 -0.481673256 0.131800229 -0.171898561 0.001505613 0.024482548 -0.004823176 0.999687489
6513.000000000 -0.481675503 0.131790240 -0.171909834 0.001506210 0.024484342 -0.004813710 0.999687489
6514.000000000 -0.481681324 0.131813704 -0.171893541 0.001514923 0.024493573 -0.004819226 0.999687224
6515.000000000 -0.481656574 0.131826749 -0.171878979 0.001517612 0.024484020 -0.004836464 0.999687370
6516.000000000 -0.481676354 0.131802562 -0.171912587 0.001515319 0.024485454 -0.004819203 0.999687422
6517.000000000 -0.481631306 0.131805839 -0.171812301 0.001502154 0.024481869 -0.004826033 0.999687497
6518.000000000 -0.481656770 0.131818164 -0.171841756 0.001511464 0.024479003 -0.004812465 0.999687618
6519.000000000 -0.481632390 0.131799889 -0.171787139 0.001511267 0.024480295 -0.004830847 0.999687498
6520.000000000 -0.481624099 0.131810065 -0.171804107 0.001513670 0.024476853 -0.004845265 0.999687509
6521.000000000 -0.481639839 0.131771124 -0.171846895 0.001505743 0.024480133 -0.004826595 0.999687531
6522.000000000 -0.481668040 0.131806251 -0.171876316 0.001517613 0.024485303 -0.004843163 0.999687306
6523.000000000 -0.481549049 0.131786954 -0.171676834 0.001509085 0.024457918 -0.004825563 0.999688075
6524.000000000 -0.481614852 0.131820000 -0.171829115 0.001517112 0.024475551 -0.004826350 0.999687627
6525.000000000 -0.481605494 0.131808117 -0.171758347 0.001512587 0.024476141 -0.004832425 0.999687590
6526.000000000 -0.481619603 0.131822646 -0.171826842 0.001516655 0.024473239 -0.004852416 0.999687558
6527.000000000 -0.481593464 0.131825026 -0.171792595 0.001521034 0.024464233 -0.004846746 0.999687800
6528.000000000 -0.481573439 0.131818312 -0.171760611 0.001522912 0.024457496 -0.004815164 0.999688114
6529.000000000 -0.481609295 0.131840102 -0.171756764 0.001528732 0.024475148 -0.004832079 0.999687592
6530.000000000 -0.481576606 0.131836037 -0.171703936 0.001522775 0.024467878 -0.004827619 0.999687800
6531.000000000 -0.481566188 0.131826822 -0.171716587 0.001521015 0.024461852 -0.004827776 0.999687950
6532.000000000 -0.481578929 0.131837616 -0.171723522 0.001525252 0.024467249 -0.004826134 0.999687819
6533.000000000 -0.481611433 0.131841740 -0.171796280 0.001533559 0.024469888 -0.004822473 0.999687760
6534.000000000 -0.481600212 0.131822454 -0.171767903 0.001527013 0.024468722 -0.004826275 0.999687780
6535.000000000 -0.481619683 0.131877098 -0.171801613 0.001545402 0.024467464 -0.004849421 0.999687670
6536.000000000 -0.481595399 0.131861867 -0.171741722 0.001536718 0.024462132 -0.004827189 0.999687922
6537.000000000 -0.481650781 0.131863870 -0.171851367 0.001539823 0.024474330 -0.004842026 0.999687547
6538.000000000 -0.481670319 0.131845181 -0.171825114 0.001533327 0.024486882 -0.004843532 0.999687242
6539.000000000 -0.481620189 0.131876879 -0.171749393 0.001545873 0.024472393 -0.004845057 0.999687570
6540.000000000 -0.481615931 0.131856935 -0.171801547 0.001548383 0.024468024 -0.004844214 0.999687677
6541.000000000 -0.481585787 0.131837163 -0.171787903 0.001537765 0.024458990 -0.004849383 0.999687890
6542.000000000 -0.481569219 0.131857095 -0.171718882 0.001545222 0.024456525 -0.004846871 0.999687951
6543.000000000 -0.481555013 0.131858788 -0.171688635 0.001544656 0.024451728 -0.004841905 0.999688093
6544.000000000 -0.481550074 0.131853129 -0.171741224 0.001540815 0.024448876 -0.004856839 0.999688096
6545.000000000 -0.481559299 0.131877373 -0.171747213 0.001551071 0.024451375 -0.004856283 0.999688022
6546.000000000 -0.481511950 0.131906660 -0.171617699 0.001554425 0.024444520 -0.004841394 0.999688256
6547.000000000 -0.481557988 0.131868421 -0.171699607 0.001538105 0.024462898 -0.004854211 0.999687770
6548.000000000 -0.481520127 0.131867588 -0.171639280 0.001524559 0.024447690 -0.004847810 0.999688194
6549.000000000 -0.481547059 0.131877287 -0.171646231 0.001533726 0.024462488 -0.004835828 0.999687876
6550.000000000 -0.481575370 0.131849981 -0.171717346 0.001520864 0.024460208 -0.004852822 0.999687869
6551.000000000 -0.481544995 0.131854475 -0.171665515 0.001526535 0.024459392 -0.004852390 0.999687882
6552.000000000 -0.481601632 0.131818988 -0.171759807 0.001513618 0.024471945 -0.004834275 0.999687683
6553.000000000 -0.481600058 0.131827457 -0.171759288 0.001520612 0.024465270 -0.004830300 0.999687855
6554.000000000 -0.481559762 0.131822037 -0.171695052 0.001511406 0.024458526 -0.004849941 0.999687938
6555.000000000 -0.481606755 0.131821081 -0.171766267 0.001514693 0.024461255 -0.004843356 0.999687899
6556.000000000 -0.481565683 0.131813246 -0.171746438 0.001514164 0.024453422 -0.004848824 0.999688065
6557.000000000 -0.481541954 0.131858986 -0.171696785 0.001530026 0.024444783 -0.004853574 0.999688229
6558.000000000 -0.481610589 0.131824638 -0.171822022 0.001518963 0.024460892 -0.004854602 0.999687846
6559.000000000 -0.481576922 0.131844042 -0.171757773 0.001523353 0.024455691 -0.004856745 0.999687957
6560.000000000 -0.481603576 0.131802075 -0.171715758 0.001506072 0.024468681 -0.004857864 0.999687659
6561.000000000 -0.481624203 0.131796013 -0.171752889 0.001504051 0.024475778 -0.004855744 0.999687499
6562.000000000 -0.481608357 0.131818086 -0.171743258 0.001508826 0.024469868 -0.004870722 0.999687564
6563.000000000 -0.481597899 0.131811647 -0.171747430 0.001508842 0.024466853 -0.004867309 0.999687654
6564.000000000 -0.481659241 0.131785612 -0.171802599 0.001497211 0.024489311 -0.004844772 0.999687231
6565.000000000 -0.481649931 0.131785184 -0.171776781 0.001494124 0.024487556 -0.004862705 0.999687192
6566.000000000 -0.481650378 0.131752422 -0.171820244 0.001488807 0.024481659 -0.004849342 0.999687409
6567.000000000 -0.481673115 0.131754277 -0.171854708 0.001486140 0.024486128 -0.004862446 0.999687240
6568.000000000 -0.481654423 0.131764445 -0.171839126 0.001484745 0.024482560 -0.004883150 0.999687228
6569.000000000 -0.481655382 0.131747278 -0.171822880 0.001479283 0.024482450 -0.004881262 0.999687248
6570.000000000 -0.481691589 0.131805675 -0.171914141 0.001512277 0.024483921 -0.004878287 0.999687178
6571.000000000 -0.481626485 0.131838289 -0.171837348 0.001525358 0.024469932 -0.004880002 0.999687492
6572.000000000 -0.481650181 0.131840605 -0.171816194 0.001518156 0.024483608 -0.004877773 0.999687179
6573.000000000 -0.481638782 0.131826096 -0.171843104 0.001505928 0.024470310 -0.004876250 0.999687530
6574.000000000 -0.481616397 0.131835824 -0.171759758 0.001503396 0.024475913 -0.004884634 0.999687356
6575.000000000 -0.481644490 0.131816864 -0.171847356 0.001505362 0.024474050 -0.004879737 0.999687423
6576.000000000 -0.481634421 0.131837791 -0.171849342 0.001508841 0.024470737 -0.004884681 0.999687474
6577.000000000 -0.481608076 0.131848132 -0.171786850 0.001517810 0.024465208 -0.004888625 0.999687577
6578.000000000 -0.481617902 0.131838470 -0.171822689 0.001513002 0.024465286 -0.004880708 0.999687621
6579.000000000 -0.481630877 0.131850713 -0.171812630 0.001512404 0.024469277 -0.004887009 0.999687493
6580.000000000 -0.481631415 0.131831203 -0.171823697 0.001507354 0.024470106 -0.004865652 0.999687585
6581.000000000 -0.481637751 0.131838310 -0.171840040 0.001510336 0.024472583 -0.004867318 0.999687512
6582.000000000 -0.481613485 0.131810413 -0.171813058 0.001498340 0.024465691 -0.004866661 0.999687701
6583.000000000 -0.481567135 0.131803845 -0.171741692 0.001495094 0.024454734 -0.004874717 0.999687935
6584.000000000 -0.481600053 0.131788550 -0.171821043 0.001484956 0.024457880 -0.004876161 0.999687866
6585.000000000 -0.481615094 0.131844627 -0.171819400 0.001515110 0.024462443 -0.004873648 0.999687722
6586.000000000 -0.481626800 0.131858156 -0.171869421 0.001523513 0.024465657 -0.004875112 0.999687623
6587.000000000 -0.481630431 0.131851921 -0.171881275 0.001521063 0.024464612 -0.004870949 0.999687673
6588.000000000 -0.481568572 0.131878314 -0.171803764 0.001524141 0.024452055 -0.004863919 0.999688009
6589.000000000 -0.481578123 0.131866268 -0.171763916 0.001520018 0.024463216 -0.004861652 0.999687754
6590.000000000 -0.481620150 0.131835288 -0.171828903 0.001507067 0.024467749 -0.004848208 0.999687728
6591.000000000 -0.481680597 0.131806595 -0.171857023 0.001494960 0.024489040 -0.004859065 0.999687172
6592.000000000 -0.481581188 0.131826760 -0.171747305 0.001499026 0.024470359 -0.004858902 0.999687624
6593.000000000 -0.481598386 0.131817254 -0.171782295 0.001505643 0.024468275 -0.004837707 0.999687768
6594.000000000 -0.481598832 0.131839750 -0.171777440 0.001503123 0.024475370 -0.004845014 0.999687563
6595.000000000 -0.481578609 0.131836693 -0.171763941 0.001502763 0.024468423 -0.004836696 0.999687773
6596.000000000 -0.481581571 0.131760485 -0.171697578 0.001484598 0.024465159 -0.004829429 0.999687916
6597.000000000 -0.481613430 0.131836392 -0.171803278 0.001509304 0.024471681 -0.004841556 0.999687660
6598.000000000 -0.481567617 0.131842798 -0.171763236 0.001516036 0.024459610 -0.004849798 0.999687906
6599.000000000 -0.481558789 0.131856999 -0.171758441 0.001517519 0.024448331 -0.004841716 0.999688218
6600.000000000 -0.481501400 0.131882371 -0.171671606 0.001511872 0.024446126 -0.004849791 0.999688242
6601.000000000 -0.481549452 0.131861233 -0.171700521 0.001496902 0.024456275 -0.004876689 0.999687885
6602.000000000 -0.481558742 0.131871521 -0.171707898 0.001509346 0.024454347 -0.004882321 0.999687886
6603.000000000 -0.481556897 0.131869142 -0.171708889 0.001505277 0.024451309 -0.004876770 0.999687994
6604.000000000 -0.481543627 0.131874687 -0.171650276 0.001507656 0.024457628 -0.004845588 0.999687987
6605.000000000 -0.481589445 0.131871253 -0.171754193 0.001500709 0.024467492 -0.004862249 0.999687675
6606.000000000 -0.481534698 0.131841671 -0.171670002 0.001496070 0.024452406 -0.004852045 0.999688101
6607.000000000 -0.481572102 0.131863982 -0.171743867 0.001506750 0.024452703 -0.004871635 0.999687982
6608.000000000 -0.481586369 0.131837950 -0.171730607 0.001495970 0.024459475 -0.004863243 0.999687874
6609.000000000 -0.481596348 0.131854691 -0.171771587 0.001501354 0.024467750 -0.004840955 0.999687771
6610.000000000 -0.481633075 0.131847561 -0.171833682 0.001502148 0.024473737 -0.004848710 0.999687586
6611.000000000 -0.481656471 0.131814994 -0.171852249 0.001487115 0.024476659 -0.004840791 0.999687575
6612.000000000 -0.481575167 0.131859912 -0.171684292 0.001497679 0.024465293 -0.004849364 0.999687796
6613.000000000 -0.481583761 0.131846907 -0.171694616 0.001495943 0.024464128 -0.004843720 0.999687855
6614.000000000 -0.481611825 0.131838354 -0.171777273 0.001497945 0.024471318 -0.004840113 0.999687693
6615.000000000 -0.481573685 0.131858048 -0.171735801 0.001509458 0.024456651 -0.004861552 0.999687931
6616.000000000 -0.481569688 0.131840102 -0.171733759 0.001502301 0.024462207 -0.004850713 0.999687858
6617.000000000 -0.481616699 0.131838713 -0.171849307 0.001493566 0.024475375 -0.004844142 0.999687581
6618.000000000 -0.481620761 0.131830357 -0.171844650 0.001493715 0.024474129 -0.004869854 0.999687486
6619.000000000 -0.481594456 0.131827865 -0.171786117 0.001501031 0.024465648 -0.004854035 0.999687760
6620.000000000 -0.481577702 0.131867726 -0.171781280 0.001505428 0.024469050 -0.004864489 0.999687619
6621.000000000 -0.481591448 0.131876226 -0.171816671 0.001508482 0.024467868 -0.004874921 0.999687593
6622.000000000 -0.481560507 0.131814480 -0.171683482 0.001481751 0.024471395 -0.004835089 0.999687740
6623.000000000 -0.481585208 0.131850460 -0.171716929 0.001500272 0.024475900 -0.004848702 0.999687536
6624.000000000 -0.481591863 0.131888664 -0.171726526 0.001516144 0.024472615 -0.004866931 0.999687504
6625.000000000 -0.481602714 0.131861056 -0.171725385 0.001499717 0.024478715 -0.004867124 0.999687378
6626.000000000 -0.481565245 0.131890980 -0.171630857 0.001507472 0.024472607 -0.004870969 0.999687498
6627.000000000 -0.481555600 0.131862222 -0.171649033 0.001508459 0.024468075 -0.004849143 0.999687713
6628.000000000 -0.481524783 0.131877314 -0.171633403 0.001512329 0.024455285 -0.004843772 0.999688046
6629.000000000 -0.481599171 0.131804489 -0.171755829 0.001487128 0.024477123 -0.004816972 0.999687679
6630.000000000 -0.481566654 0.131835070 -0.171745716 0.001489532 0.024470045 -0.004820409 0.999687832
6631.000000000 -0.481598830 0.131820887 -0.171768959 0.001487318 0.024480082 -0.004831274 0.999687537
6632.000000000 -0.481638543 0.131840049 -0.171866007 0.001503575 0.024480864 -0.004838652 0.999687458
6633.000000000 -0.481572535 0.131858288 -0.171700823 0.001505387 0.024476737 -0.004832838 0.999687585
6634.000000000 -0.481595131 0.131824199 -0.171778324 0.001494895 0.024477203 -0.004839263 0.999687558
6635.000000000 -0.481549774 0.131844250 -0.171669550 0.001509882 0.024473090 -0.004834371 0.999687660
6636.000000000 -0.481571496 0.131838814 -0.171779517 0.001511061 0.024468085 -0.004833323 0.999687786
6637.000000000 -0.481569965 0.131899586 -0.171691878 0.001531033 0.024474568 -0.004829030 0.999687617
6638.000000000 -0.481686602 0.131863350 -0.171880228 0.001523569 0.024489283 -0.004837452 0.999687228
6639.000000000 -0.481584655 0.131853557 -0.171744269 0.001516823 0.024477152 -0.004823104 0.999687604
6640.000000000 -0.481534161 0.131862445 -0.171709068 0.001521124 0.024458305 -0.004821603 0.999688066
6641.000000000 -0.481602272 0.131815485 -0.171782594 0.001505782 0.024473176 -0.004809789 0.999687782
6642.000000000 -0.481583295 0.131842310 -0.171827109 0.001518240 0.024466260 -0.004835709 0.999687808
6643.000000000 -0.481551023 0.131872874 -0.171750113 0.001523577 0.024461457 -0.004838653 0.999687903
6644.000000000 -0.481540848 0.131856173 -0.171673893 0.001506261 0.024471644 -0.004836508 0.999687690
6645.000000000 -0.481621943 0.131809767 -0.171782065 0.001501167 0.024491694 -0.004821147 0.999687281
6646.000000000 -0.481575931 0.131878563 -0.171846414 0.001529755 0.024447679 -0.004859039 0.999688132
6647.000000000 -0.481594276 0.131882410 -0.171818250 0.001533991 0.024460782 -0.004856348 0.999687818
6648.000000000 -0.481576518 0.131883723 -0.171798000 0.001535395 0.024462934 -0.004830910 0.999687886
6649.000000000 -0.481619418 0.131872418 -0.171892142 0.001535299 0.024464778 -0.004850108 0.999687748
6650.000000000 -0.481518299 0.131870084 -0.171783744 0.001532498 0.024439860 -0.004847309 0.999688376
6651.000000000 -0.481563669 0.131833274 -0.171795118 0.001525674 0.024452426 -0.004837461 0.999688126
6652.000000000 -0.481584994 0.131974059 -0.171920702 0.001541775 0.024457216 -0.004880541 0.999687775
6653.000000000 -0.481607867 0.131979727 -0.171942153 0.001545791 0.024467200 -0.004892604 0.999687466
6654.000000000 -0.481578733 0.131967523 -0.171857069 0.001545455 0.024461772 -0.004861641 0.999687750
6655.000000000 -0.481628258 0.131951273 -0.171960804 0.001541934 0.024471386 -0.004864455 0.999687507
6656.000000000 -0.481578882 0.131990015 -0.171882814 0.001553852 0.024462078 -0.004869178 0.999687693
6657.000000000 -0.481571834 0.131921513 -0.171876017 0.001531025 0.024457077 -0.004872249 0.999687836
6658.000000000 -0.481617506 0.131936708 -0.171982423 0.001534129 0.024463098 -0.004880565 0.999687643
6659.000000000 -0.481592431 0.131954193 -0.171965308 0.001546394 0.024455189 -0.004884223 0.999687800
6660.000000000 -0.481568965 0.131956533 -0.171960984 0.001554048 0.024449692 -0.004881199 0.999687937
6661.000000000 -0.481523064 0.131996004 -0.171906358 0.001555586 0.024438824 -0.004911396 0.999688052
6662.000000000 -0.481544852 0.131934324 -0.171938054 0.001533841 0.024442595 -0.004896850 0.999688065
6663.000000000 -0.481544423 0.131964446 -0.171935663 0.001548938 0.024441981 -0.004885889 0.999688111
6664.000000000 -0.481563280 0.131987645 -0.171980057 0.001553119 0.024447529 -0.004895881 0.999687920
6665.000000000 -0.481521448 0.131979205 -0.171961450 0.001552205 0.024434969 -0.004892481 0.999688245
6666.000000000 -0.481528902 0.131998870 -0.171959508 0.001554906 0.024435543 -0.004899949 0.999688190
6667.000000000 -0.481528905 0.131993830 -0.171931916 0.001550414 0.024435928 -0.004894324 0.999688215
6668.000000000 -0.481482079 0.131967583 -0.171896475 0.001544558 0.024428362 -0.004906885 0.999688347
6669.000000000 -0.481609931 0.132038194 -0.172166932 0.001585218 0.024433693 -0.004927317 0.999688053
6670.000000000 -0.481592067 0.132044799 -0.172148710 0.001584191 0.024430808 -0.004937105 0.999688077
6671.000000000 -0.481604451 0.132044748 -0.172183368 0.001600426 0.024435952 -0.004941321 0.999687904
6672.000000000 -0.481585050 0.132103949 -0.172180550 0.001608455 0.024420455 -0.004941379 0.999688270
6673.000000000 -0.481573210 0.132070762 -0.172139037 0.001603226 0.024423157 -0.004946030 0.999688189
6674.000000000 -0.481594555 0.132054141 -0.172186114 0.001600548 0.024421522 -0.004916712 0.999688378
6675.000000000 -0.481555305 0.132049939 -0.172146349 0.001602426 0.024419240 -0.004903550 0.999688496
6676.000000000 -0.481541649 0.132044906 -0.172127371 0.001604161 0.024414091 -0.004916929 0.999688553
6677.000000000 -0.481563809 0.132012625 -0.172112733 0.001590236 0.024419937 -0.004937468 0.999688331
6678.000000000 -0.481531222 0.132079838 -0.172115607 0.001617314 0.024408327 -0.004916912 0.999688672
6679.000000000 -0.481512434 0.132094993 -0.172136441 0.001617741 0.024401718 -0.004922509 0.999688806
6680.000000000 -0.481408640 0.132109631 -0.172032353 0.001635026 0.024374678 -0.004933531 0.999689383
6681.000000000 -0.481494411 0.132118702 -0.172129443 0.001632028 0.024398810 -0.004938693 0.999688774
6682.000000000 -0.481525239 0.132098969 -0.172122721 0.001630114 0.024407502 -0.004918170 0.999688666
6683.000000000 -0.481489471 0.132094331 -0.172076951 0.001628326 0.024395409 -0.004931951 0.999688896
6684.000000000 -0.481489564 0.132085548 -0.172092981 0.001625901 0.024396306 -0.004923475 0.999688920
6685.000000000 -0.481483180 0.132102292 -0.172074333 0.001629634 0.024393311 -0.004923434 0.999688987
6686.000000000 -0.481498489 0.132107882 -0.172118853 0.001635586 0.024394424 -0.004919217 0.999688971
6687.000000000 -0.481513009 0.132087522 -0.172124233 0.001618298 0.024400606 -0.004943139 0.999688730
6688.000000000 -0.481506445 0.132135230 -0.172153303 0.001629865 0.024398277 -0.004939733 0.999688785
6689.000000000 -0.481506631 0.132125368 -0.172131762 0.001634044 0.024397993 -0.004931554 0.999688825
6690.000000000 -0.481509021 0.132112704 -0.172144723 0.001627437 0.024399890 -0.004935057 0.999688773
6691.000000000 -0.481423479 0.132157274 -0.172049551 0.001641226 0.024378750 -0.004949983 0.999689192
6692.000000000 -0.481519931 0.132119933 -0.172153968 0.001627018 0.024398490 -0.004931140 0.999688827
6693.000000000 -0.481453941 0.132116458 -0.172068412 0.001625281 0.024380806 -0.004970762 0.999689065
6694.000000000 -0.481475051 0.132093892 -0.172075800 0.001628119 0.024384257 -0.004945725 0.999689100
6695.000000000 -0.481436447 0.132110392 -0.172100343 0.001628579 0.024371126 -0.004960497 0.999689346
6696.000000000 -0.481448003 0.132113134 -0.172059263 0.001630583 0.024378241 -0.004952367 0.999689210
6697.000000000 -0.481464648 0.132139300 -0.172074001 0.001636543 0.024378787 -0.004965183 0.999689123
6698.000000000 -0.481495279 0.132097511 -0.172071055 0.001625745 0.024391336 -0.004948107 0.999688920
6699.000000000 -0.481494932 0.132143274 -0.172150719 0.001636990 0.024381201 -0.004938207 0.999689197
6700.000000000 -0.481474886 0.132169797 -0.172071431 0.001644050 0.024387619 -0.004942943 0.999689006
6701.000000000 -0.481471942 0.132140336 -0.172085111 0.001631599 0.024384317 -0.004959063 0.999689027
6702.000000000 -0.481502387 0.132132381 -0.172141186 0.001634478 0.024390195 -0.004941617 0.999688965
6703.000000000 -0.481507049 0.132148088 -0.172146339 0.001641199 0.024390102 -0.004951848 0.999688906
6704.000000000 -0.481491044 0.132188338 -0.172133276 0.001644758 0.024391235 -0.004984327 0.999688711
6705.000000000 -0.481453803 0.132154085 -0.172034974 0.001634589 0.024381182 -0.004984966 0.999688970
6706.000000000 -0.481419595 0.132181706 -0.172016622 0.001644107 0.024368100 -0.004990302 0.999689246
6707.000000000 -0.481453763 0.132123193 -0.172087488 0.001634633 0.024376322 -0.004965135 0.999689187
6708.000000000 -0.481423865 0.132205977 -0.172022423 0.001655635 0.024369868 -0.004983989 0.999689216
6709.000000000 -0.481380311 0.132213010 -0.171978288 0.001659781 0.024359259 -0.004970683 0.999689534
6710.000000000 -0.481386467 0.132173028 -0.171967925 0.001652007 0.024362390 -0.004961980 0.999689514
6711.000000000 -0.481428652 0.132176716 -0.172019029 0.001654441 0.024374803 -0.004968276 0.999689176
6712.000000000 -0.481398584 0.132177339 -0.171965433 0.001653345 0.024370388 -0.004960267 0.999689325
6713.000000000 -0.481422631 0.132142187 -0.171968515 0.001638430 0.024378741 -0.004960954 0.999689142
6714.000000000 -0.481438265 0.132171557 -0.171998680 0.001655923 0.024381120 -0.004958774 0.999689066
6715.000000000 -0.481428933 0.132143139 -0.172001449 0.001639961 0.024378370 -0.004969633 0.999689106
6716.000000000 -0.481513944 0.132087991 -0.172064900 0.001622059 0.024405929 -0.004917065 0.999688723
6717.000000000 -0.481493398 0.132057951 -0.172080116 0.001610316 0.024398623 -0.004918143 0.999688915
6718.000000000 -0.481509346 0.132076437 -0.172071472 0.001628655 0.024402320 -0.004917774 0.999688796
6719.000000000 -0.481489013 0.132077930 -0.172039667 0.001622601 0.024396487 -0.004925444 0.999688911
6720.000000000 -0.481536269 0.132094693 -0.172056666 0.001633056 0.024406068 -0.004908776 0.999688742
6721.000000000 -0.481553814 0.132111686 -0.172088920 0.001636410 0.024404388 -0.004918169 0.999688731
6722.000000000 -0.481513673 0.132084553 -0.172073258 0.001627383 0.024397893 -0.004920046 0.999688895
6723.000000000 -0.481510095 0.132121230 -0.172131697 0.001638932 0.024394965 -0.004922303 0.999688937
6724.000000000 -0.481566548 0.132076236 -0.172166552 0.001623797 0.024411354 -0.004922830 0.999688559
6725.000000000 -0.481532140 0.132097364 -0.172087954 0.001624994 0.024402665 -0.004934382 0.999688712
6726.000000000 -0.481559322 0.132048501 -0.172187479 0.001630641 0.024407198 -0.004928508 0.999688621
6727.000000000 -0.481590705 0.132082814 -0.172234083 0.001636324 0.024415873 -0.004956515 0.999688262
6728.000000000 -0.481559863 0.132064920 -0.172191673 0.001630174 0.024406806 -0.004948962 0.999688531
6729.000000000 -0.481545187 0.132042311 -0.172238180 0.001619326 0.024399800 -0.004938424 0.999688771
6730.000000000 -0.481532792 0.132113646 -0.172184011 0.001656965 0.024404232 -0.004924899 0.999688668
6731.000000000 -0.481499848 0.132082308 -0.172118548 0.001647051 0.024393010 -0.004923264 0.999688967
6732.000000000 -0.481466898 0.132096117 -0.172056607 0.001642774 0.024383637 -0.004933601 0.999689151
6733.000000000 -0.481477072 0.132055071 -0.172116736 0.001624377 0.024386558 -0.004934706 0.999689105
6734.000000000 -0.481457911 0.132053619 -0.172091242 0.001631115 0.024384228 -0.004919641 0.999689225
6735.000000000 -0.481479030 0.132056173 -0.172130982 0.001631859 0.024385816 -0.004935245 0.999689108
6736.000000000 -0.481561623 0.132060503 -0.172278944 0.001635288 0.024401909 -0.004958772 0.999688593
6737.000000000 -0.481545012 0.132096061 -0.172239244 0.001646968 0.024402063 -0.004956086 0.999688584
6738.000000000 -0.481531170 0.132122247 -0.172230734 0.001651654 0.024401263 -0.004959474 0.999688579
6739.000000000 -0.481551885 0.132100573 -0.172259623 0.001644291 0.024397821 -0.004957762 0.999688683
6740.000000000 -0.481578502 0.132093640 -0.172235425 0.001646347 0.024411493 -0.004946888 0.999688400
6741.000000000 -0.481577499 0.132125603 -0.172270517 0.001650169 0.024410871 -0.004971704 0.999688286
6742.000000000 -0.481585924 0.132107549 -0.172244376 0.001641400 0.024414103 -0.004973286 0.999688213
6743.000000000 -0.481630410 0.132121217 -0.172306497 0.001651823 0.024423254 -0.004958920 0.999688044
6744.000000000 -0.481589565 0.132093955 -0.172222869 0.001640908 0.024418978 -0.004981199 0.999688056
6745.000000000 -0.481643035 0.132055666 -0.172269273 0.001625281 0.024426736 -0.004972133 0.999687937
6746.000000000 -0.481596290 0.132096055 -0.172270566 0.001634099 0.024412794 -0.004982694 0.999688210
6747.000000000 -0.481655643 0.132071784 -0.172291586 0.001629276 0.024429584 -0.004968279 0.999687880
6748.000000000 -0.481590767 0.132084311 -0.172227958 0.001633327 0.024410900 -0.004954903 0.999688396
6749.000000000 -0.481584728 0.132065955 -0.172198107 0.001626732 0.024412213 -0.004971958 0.999688290
6750.000000000 -0.481636508 0.132098558 -0.172224528 0.001632831 0.024429891 -0.004964731 0.999687884
6751.000000000 -0.481649662 0.132048631 -0.172281506 0.001617420 0.024429733 -0.004980624 0.999687834
6752.000000000 -0.481680570 0.132023833 -0.172296405 0.001618858 0.024438715 -0.004952393 0.999687752
6753.000000000 -0.481629262 0.132049055 -0.172192772 0.001620209 0.024429822 -0.004974040 0.999687860
6754.000000000 -0.481721635 0.132071733 -0.172330286 0.001624290 0.024448315 -0.004962510 0.999687459
6755.000000000 -0.481689572 0.132062068 -0.172297859 0.001629428 0.024444121 -0.004965290 0.999687539
6756.000000000 -0.481827997 0.131957120 -0.172356986 0.001574324 0.024501836 -0.004935948 0.999686360
6757.000000000 -0.481850383 0.131943562 -0.172363753 0.001579804 0.024501611 -0.004928435 0.999686394
6758.000000000 -0.481860369 0.131925516 -0.172389381 0.001566591 0.024506874 -0.004933520 0.999686260
6759.000000000 -0.481887928 0.131918557 -0.172370075 0.001567999 0.024515415 -0.004936676 0.999686033
6760.000000000 -0.481877908 0.131968782 -0.172406569 0.001581864 0.024510846 -0.004934061 0.999686136
6761.000000000 -0.481824170 0.131954738 -0.172291104 0.001556014 0.024502808 -0.004988368 0.999686104
6762.000000000 -0.481881309 0.131943372 -0.172355544 0.001557853 0.024517225 -0.004975713 0.999685811
6763.000000000 -0.481903909 0.131962770 -0.172386881 0.001565088 0.024527455 -0.004973697 0.999685559
6764.000000000 -0.481840439 0.131933561 -0.172355023 0.001558948 0.024506092 -0.004963094 0.999686145
6765.000000000 -0.481828737 0.131951262 -0.172285565 0.001565292 0.024504265 -0.004981889 0.999686087
6766.000000000 -0.481872638 0.131927787 -0.172320055 0.001552051 0.024514087 -0.004968518 0.999685933
6767.000000000 -0.481848230 0.131920430 -0.172333295 0.001553563 0.024504413 -0.004953327 0.999686243
6768.000000000 -0.481880242 0.131925336 -0.172317451 0.001553560 0.024515596 -0.004956272 0.999685954
6769.000000000 -0.481891556 0.131917257 -0.172309668 0.001550642 0.024515763 -0.004961804 0.999685927
6770.000000000 -0.481893267 0.131914854 -0.172325238 0.001550177 0.024512146 -0.004959140 0.999686030
6771.000000000 -0.481894012 0.131916421 -0.172270197 0.001551422 0.024513627 -0.004958809 0.999685993
6772.000000000 -0.481874378 0.131913826 -0.172263430 0.001550764 0.024508419 -0.004954478 0.999686144
6773.000000000 -0.481878433 0.131907170 -0.172306382 0.001544746 0.024513992 -0.004980763 0.999685886
6774.000000000 -0.481923300 0.131932163 -0.172335616 0.001550855 0.024522523 -0.004967515 0.999685733
6775.000000000 -0.481893042 0.131885265 -0.172289328 0.001531491 0.024520339 -0.004978491 0.999685762
6776.000000000 -0.481959002 0.131916203 -0.172399092 0.001543362 0.024537558 -0.004974081 0.999685343
6777.000000000 -0.481930079 0.131951008 -0.172341530 0.001548837 0.024532913 -0.004993802 0.999685350
6778.000000000 -0.481898229 0.131941646 -0.172310907 0.001549307 0.024523993 -0.004976498 0.999685655
6779.000000000 -0.481903095 0.131930869 -0.172361307 0.001538501 0.024521786 -0.004985161 0.999685682
6780.000000000 -0.481873640 0.131935442 -0.172363771 0.001542624 0.024515611 -0.004982038 0.999685843
6781.000000000 -0.481874269 0.131913358 -0.172356108 0.001534423 0.024511828 -0.004978544 0.999685966
6782.000000000 -0.481845342 0.131934024 -0.172360499 0.001544205 0.024507658 -0.004999097 0.999685950
6783.000000000 -0.481863413 0.131926177 -0.172366937 0.001537277 0.024512063 -0.004989657 0.999685900
6784.000000000 -0.481803185 0.131899630 -0.172336117 0.001534329 0.024495549 -0.005005200 0.999686232
6785.000000000 -0.481779489 0.131919304 -0.172278543 0.001541314 0.024495493 -0.004980720 0.999686345
6786.000000000 -0.481800008 0.131920646 -0.172312426 0.001542633 0.024497582 -0.005005305 0.999686169
6787.000000000 -0.481756124 0.131955259 -0.172305163 0.001547953 0.024487233 -0.005009942 0.999686391
6788.000000000 -0.481794111 0.131962999 -0.172327762 0.001550115 0.024499293 -0.005008259 0.999686100
6789.000000000 -0.481799213 0.131970098 -0.172367794 0.001555725 0.024501896 -0.004989615 0.999686121
6790.000000000 -0.481766669 0.131959752 -0.172314293 0.001550788 0.024492955 -0.004989216 0.999686350
6791.000000000 -0.481749657 0.131937997 -0.172225358 0.001537331 0.024493707 -0.004996479 0.999686316
6792.000000000 -0.481782562 0.131943592 -0.172326502 0.001542900 0.024499292 -0.005010457 0.999686100
6793.000000000 -0.481776168 0.131954560 -0.172307862 0.001545844 0.024502475 -0.004982109 0.999686160
6794.000000000 -0.481758435 0.131930924 -0.172290007 0.001541258 0.024492537 -0.004979378 0.999686424
6795.000000000 -0.481772911 0.131951702 -0.172307071 0.001545984 0.024499810 -0.004982157 0.999686224
6796.000000000 -0.481803088 0.131925344 -0.172289929 0.001537001 0.024510540 -0.004987883 0.999685947
6797.000000000 -0.481795917 0.131918720 -0.172266598 0.001535201 0.024508280 -0.004990255 0.999685993
6798.000000000 -0.481774615 0.131923946 -0.172283297 0.001536899 0.024501439 -0.004978306 0.999686218
6799.000000000 -0.481721441 0.131880280 -0.172235709 0.001535305 0.024488804 -0.004964581 0.999686598
6800.000000000 -0.481768973 0.131911768 -0.172214759 0.001542684 0.024501307 -0.004954232 0.999686332
6801.000000000 -0.481749167 0.131885234 -0.172236112 0.001537951 0.024495156 -0.004964219 0.999686440
6802.000000000 -0.481782409 0.131895266 -0.172286507 0.001533197 0.024496276 -0.004978795 0.999686347
6803.000000000 -0.481783012 0.131889321 -0.172275611 0.001537515 0.024501437 -0.004947741 0.999686369
6804.000000000 -0.481787725 0.131913767 -0.172296848 0.001538571 0.024502340 -0.004982117 0.999686174
6805.000000000 -0.481854868 0.131918277 -0.172372364 0.001541125 0.024512908 -0.004970479 0.999685969
6806.000000000 -0.481843196 0.131921453 -0.172323161 0.001550556 0.024520124 -0.004968664 0.999685786
6807.000000000 -0.481856668 0.131901564 -0.172329137 0.001542164 0.024522006 -0.004974704 0.999685723
6808.000000000 -0.481856352 0.131933288 -0.172351088 0.001541345 0.024523607 -0.004973596 0.999685691
6809.000000000 -0.481892791 0.131884316 -0.172400182 0.001539003 0.024537217 -0.004954716 0.999685454
6810.000000000 -0.481928832 0.131948255 -0.172483718 0.001561012 0.024541635 -0.004944365 0.999685363
6811.000000000 -0.481861796 0.131990796 -0.172369585 0.001568065 0.024528041 -0.004967106 0.999685573
6812.000000000 -0.481951539 0.131932481 -0.172422008 0.001556589 0.024552067 -0.004960301 0.999685035
6813.000000000 -0.481925472 0.131952594 -0.172476773 0.001558719 0.024543093 -0.004956098 0.999685273
6814.000000000 -0.481895861 0.131955973 -0.172427906 0.001556363 0.024538363 -0.004950638 0.999685419
6815.000000000 -0.481912544 0.131956363 -0.172419825 0.001558360 0.024541278 -0.004949269 0.999685351
6816.000000000 -0.481921445 0.131948297 -0.172453169 0.001562685 0.024540170 -0.004921557 0.999685509
6817.000000000 -0.481915609 0.131937675 -0.172415068 0.001555767 0.024539945 -0.004941747 0.999685425
6818.000000000 -0.481926214 0.131949439 -0.172413860 0.001560356 0.024546571 -0.004930370 0.999685312
6819.000000000 -0.481907596 0.131969768 -0.172418192 0.001559826 0.024537514 -0.004964027 0.999685368
6820.000000000 -0.481939159 0.131968588 -0.172457026 0.001557000 0.024546026 -0.004951449 0.999685226
6821.000000000 -0.481915330 0.131986578 -0.172443850 0.001557779 0.024537152 -0.004954325 0.999685429
6822.000000000 -0.481888104 0.131956308 -0.172395371 0.001554531 0.024533170 -0.004943080 0.999685587
6823.000000000 -0.481881182 0.131926217 -0.172396551 0.001539961 0.024533642 -0.004951433 0.999685557
6824.000000000 -0.481900549 0.131919008 -0.172344407 0.001536711 0.024534847 -0.004954023 0.999685519
6825.000000000 -0.481909703 0.131927811 -0.172381341 0.001537725 0.024540849 -0.004967552 0.999685303
6826.000000000 -0.481911892 0.131942058 -0.172381821 0.001541974 0.024544163 -0.004965995 0.999685223
6827.000000000 -0.481873752 0.131973107 -0.172364728 0.001552868 0.024534355 -0.004965021 0.999685452
6828.000000000 -0.481880205 0.131979339 -0.172368731 0.001552098 0.024535122 -0.004953985 0.999685489
6829.000000000 -0.481924657 0.131968276 -0.172426217 0.001552010 0.024545508 -0.004940668 0.999685300
6830.000000000 -0.481867121 0.131977718 -0.172397204 0.001549558 0.024531795 -0.004972758 0.999685481
6831.000000000 -0.481870672 0.131981972 -0.172361997 0.001556411 0.024534316 -0.004948798 0.999685528
6832.000000000 -0.481846678 0.131971187 -0.172344237 0.001561691 0.024526795 -0.004938098 0.999685757
6833.000000000 -0.481850981 0.131996570 -0.172369474 0.001561233 0.024525756 -0.004946250 0.999685743
6834.000000000 -0.481826735 0.131983465 -0.172300817 0.001562911 0.024518449 -0.004934711 0.999685976
6835.000000000 -0.481850639 0.131968366 -0.172298763 0.001572131 0.024528396 -0.004922753 0.999685777
6836.000000000 -0.481846119 0.131968069 -0.172257721 0.001564179 0.024528484 -0.004928902 0.999685757
6837.000000000 -0.481836569 0.131966492 -0.172256762 0.001564267 0.024526536 -0.004925881 0.999685820
6838.000000000 -0.481844722 0.132011627 -0.172297404 0.001576233 0.024523105 -0.004937503 0.999685828
6839.000000000 -0.481845539 0.131995191 -0.172271327 0.001573330 0.024528310 -0.004940055 0.999685692
6840.000000000 -0.481827473 0.131986838 -0.172294637 0.001563561 0.024517375 -0.004954956 0.999685902
6841.000000000 -0.481835600 0.131976597 -0.172313505 0.001563490 0.024517593 -0.004943656 0.999685952
6842.000000000 -0.481824861 0.131997072 -0.172277526 0.001563201 0.024517931 -0.004953254 0.999685897
6843.000000000 -0.481832876 0.131987920 -0.172265785 0.001560902 0.024520467 -0.004955193 0.999685829
6844.000000000 -0.481797935 0.131972020 -0.172219135 0.001555732 0.024511579 -0.004963616 0.999686013
6845.000000000 -0.481840199 0.131967848 -0.172291571 0.001557630 0.024523387 -0.004944683 0.999685814
6846.000000000 -0.481810837 0.131995023 -0.172247763 0.001567732 0.024514851 -0.004959572 0.999685934
6847.000000000 -0.481814901 0.131984491 -0.172280854 0.001564851 0.024514766 -0.004938320 0.999686046
6848.000000000 -0.481820441 0.131963968 -0.172227388 0.001560883 0.024517761 -0.004932466 0.999686008
6849.000000000 -0.481828705 0.131959612 -0.172223891 0.001553079 0.024521213 -0.004949000 0.999685853
6850.000000000 -0.481778613 0.131958003 -0.172187916 0.001551666 0.024508034 -0.004965376 0.999686098
6851.000000000 -0.481816871 0.132002267 -0.172223680 0.001553805 0.024513795 -0.004996361 0.999685799
6852.000000000 -0.481810909 0.132014541 -0.172268660 0.001564034 0.024507986 -0.004981202 0.999686001
6853.000000000 -0.481814810 0.131992970 -0.172263109 0.001562749 0.024510082 -0.004960458 0.999686055
6854.000000000 -0.481813837 0.132004723 -0.172243178 0.001558593 0.024508759 -0.004986672 0.999685963
6855.000000000 -0.481850109 0.132025310 -0.172260642 0.001566261 0.024517740 -0.004989002 0.999685719
6856.000000000 -0.481840101 0.132014831 -0.172254755 0.001564503 0.024516880 -0.004985833 0.999685759
6857.000000000 -0.481848518 0.132011901 -0.172275049 0.001565651 0.024515659 -0.004984133 0.999685795
6858.000000000 -0.481823513 0.132004102 -0.172271620 0.001560273 0.024513899 -0.004977658 0.999685879
6859.000000000 -0.481858615 0.131984182 -0.172284335 0.001544269 0.024523334 -0.004969861 0.999685712
6860.000000000 -0.481819192 0.132003624 -0.172243775 0.001556610 0.024515272 -0.004976344 0.999685858
6861.000000000 -0.481874049 0.131994565 -0.172287210 0.001553645 0.024527840 -0.004977763 0.999685547
6862.000000000 -0.481826810 0.131961773 -0.172233278 0.001547403 0.024519233 -0.004962533 0.999685844
6863.000000000 -0.481835148 0.132011689 -0.172282769 0.001564168 0.024520651 -0.004996652 0.999685613
6864.000000000 -0.481871299 0.132046278 -0.172302837 0.001569701 0.024532950 -0.005003152 0.999685270
6865.000000000 -0.481892549 0.132034639 -0.172333460 0.001564350 0.024534131 -0.004996221 0.999685284
6866.000000000 -0.481889620 0.132026133 -0.172302491 0.001561922 0.024537931 -0.005016111 0.999685095
6867.000000000 -0.481863500 0.132027654 -0.172290311 0.001565330 0.024527205 -0.005006703 0.999685400
6868.000000000 -0.481906319 0.132069100 -0.172326461 0.001570564 0.024540127 -0.005028846 0.999684963
6869.000000000 -0.481851486 0.132046130 -0.172288248 0.001571238 0.024521781 -0.005026966 0.999685422
6870.000000000 -0.481858592 0.132051306 -0.172316628 0.001570526 0.024525096 -0.005033529 0.999685309
6871.000000000 -0.481845830 0.132067201 -0.172308312 0.001575506 0.024525267 -0.005021364 0.999685358
6872.000000000 -0.481852751 0.132071953 -0.172321275 0.001572931 0.024526037 -0.005028807 0.999685306
6873.000000000 -0.481815140 0.132053058 -0.172294860 0.001574608 0.024520893 -0.005026869 0.999685439
6874.000000000 -0.481819953 0.132074125 -0.172314638 0.001574511 0.024523421 -0.005035571 0.999685333
6875.000000000 -0.481825280 0.132041030 -0.172324446 0.001566122 0.024519644 -0.005016688 0.999685534
6876.000000000 -0.481811309 0.132031722 -0.172287393 0.001572056 0.024510792 -0.005016659 0.999685742
6877.000000000 -0.481839412 0.132042636 -0.172321606 0.001566010 0.024519506 -0.005022381 0.999685509
6878.000000000 -0.481892732 0.132036772 -0.172391033 0.001568080 0.024533779 -0.005010365 0.999685216
6879.000000000 -0.481873747 0.132051142 -0.172395792 0.001569315 0.024524182 -0.004996841 0.999685517
6880.000000000 -0.481895062 0.131986162 -0.172366107 0.001553262 0.024530162 -0.004980155 0.999685479
6881.000000000 -0.481865907 0.131976341 -0.172344903 0.001548188 0.024523817 -0.004997651 0.999685555
6882.000000000 -0.481879303 0.131952373 -0.172354798 0.001531674 0.024529512 -0.005007273 0.999685393
6883.000000000 -0.481865649 0.131997381 -0.172338879 0.001552053 0.024521209 -0.005023552 0.999685483
6884.000000000 -0.481863617 0.131994280 -0.172326404 0.001553011 0.024525306 -0.005018143 0.999685408
6885.000000000 -0.481870934 0.131964993 -0.172329105 0.001548347 0.024525403 -0.004995487 0.999685527
6886.000000000 -0.481874018 0.131983702 -0.172345232 0.001551497 0.024529598 -0.004992646 0.999685433
6887.000000000 -0.481906817 0.131934159 -0.172378393 0.001529586 0.024534947 -0.004992345 0.999685337
6888.000000000 -0.481878289 0.131969790 -0.172374493 0.001534284 0.024528166 -0.005012222 0.999685397
6889.000000000 -0.481913102 0.131976112 -0.172410031 0.001540396 0.024536100 -0.005013867 0.999685185
6890.000000000 -0.481874339 0.131953598 -0.172382263 0.001535058 0.024526432 -0.004999874 0.999685500
6891.000000000 -0.481923470 0.131943911 -0.172409374 0.001535776 0.024538233 -0.004985032 0.999685283
6892.000000000 -0.481910197 0.131924089 -0.172382240 0.001535737 0.024530429 -0.004988783 0.999685456
6893.000000000 -0.481942364 0.131958471 -0.172414375 0.001539967 0.024541038 -0.005006976 0.999685098
6894.000000000 -0.481900507 0.131950210 -0.172399781 0.001540925 0.024527396 -0.004995701 0.999685488
6895.000000000 -0.481937887 0.131901284 -0.172408720 0.001532734 0.024538746 -0.004979958 0.999685301
6896.000000000 -0.481944715 0.131925039 -0.172429279 0.001530092 0.024541672 -0.004988595 0.999685190
6897.000000000 -0.481880365 0.131916787 -0.172335735 0.001533142 0.024526968 -0.005006519 0.999685457
6898.000000000 -0.481906819 0.131930059 -0.172380829 0.001530098 0.024531140 -0.005020210 0.999685290
6899.000000000 -0.481877548 0.131915821 -0.172361842 0.001527076 0.024524956 -0.005009875 0.999685498
6900.000000000 -0.481907869 0.131901888 -0.172359261 0.001522657 0.024534541 -0.004996448 0.999685337
6901.000000000 -0.481929694 0.131919081 -0.172411751 0.001531310 0.024537826 -0.005001676 0.999685217
6902.000000000 -0.481977966 0.131854626 -0.172395144 0.001516235 0.024550738 -0.005016173 0.999684850
6903.000000000 -0.481670366 0.131922495 -0.172232542 0.001542157 0.024460629 -0.005025632 0.999686972
6904.000000000 -0.481691787 0.131967392 -0.172232099 0.001555320 0.024467149 -0.005028120 0.999686780
6905.000000000 -0.481684080 0.131946441 -0.172183232 0.001556095 0.024463612 -0.005023882 0.999686886
6906.000000000 -0.481709254 0.131948740 -0.172258773 0.001556972 0.024468281 -0.005028758 0.999686746
6907.000000000 -0.481711314 0.131984289 -0.172267526 0.001568496 0.024470047 -0.005037433 0.999686641
6908.000000000 -0.481675515 0.132001820 -0.172212630 0.001575297 0.024465157 -0.005031816 0.999686779
6909.000000000 -0.481679242 0.131974305 -0.172201813 0.001564402 0.024464221 -0.005034421 0.999686806
6910.000000000 -0.481671265 0.131986276 -0.172229140 0.001570454 0.024462548 -0.005045241 0.999686782
6911.000000000 -0.481695716 0.131975460 -0.172260632 0.001566955 0.024464507 -0.005057432 0.999686678
6912.000000000 -0.481654169 0.131976282 -0.172222386 0.001560377 0.024457657 -0.005051852 0.999686884
6913.000000000 -0.481630385 0.132005660 -0.172253582 0.001564388 0.024454093 -0.005085632 0.999686794
6914.000000000 -0.481630606 0.131959315 -0.172255018 0.001556636 0.024453354 -0.005075248 0.999686877
6915.000000000 -0.481616388 0.132027660 -0.172211468 0.001580741 0.024453149 -0.005078596 0.999686827
6916.000000000 -0.481606719 0.131964706 -0.172226415 0.001558925 0.024445389 -0.005063616 0.999687127
6917.000000000 -0.481596501 0.131968369 -0.172226236 0.001551260 0.024444772 -0.005076788 0.999687087
6918.000000000 -0.481614112 0.131979138 -0.172169136 0.001560132 0.024452425 -0.005063635 0.999686953
6919.000000000 -0.481625472 0.131978474 -0.172193623 0.001557328 0.024453565 -0.005073867 0.999686878
6920.000000000 -0.481633192 0.131998397 -0.172218343 0.001567824 0.024456479 -0.005051597 0.999686903
6921.000000000 -0.481602326 0.132016613 -0.172219475 0.001565709 0.024447971 -0.005071973 0.999687011
6922.000000000 -0.481621462 0.132008740 -0.172216275 0.001568405 0.024452753 -0.005069230 0.999686904
6923.000000000 -0.481666329 0.132017254 -0.172210561 0.001575527 0.024472250 -0.005057066 0.999686477
6924.000000000 -0.481650329 0.132018496 -0.172223307 0.001578414 0.024462476 -0.005039685 0.999686800
6925.000000000 -0.481661778 0.132023640 -0.172214380 0.001574364 0.024464928 -0.005049453 0.999686697
6926.000000000 -0.481649645 0.132028177 -0.172197778 0.001573086 0.024461906 -0.005067224 0.999686683
6927.000000000 -0.481661526 0.132020334 -0.172204212 0.001569837 0.024464373 -0.005053999 0.999686694
6928.000000000 -0.481641368 0.132008867 -0.172166672 0.001569741 0.024461345 -0.005064136 0.999686717
6929.000000000 -0.481670180 0.132006742 -0.172187091 0.001568190 0.024463282 -0.005069678 0.999686644
6930.000000000 -0.481665714 0.132023291 -0.172256499 0.001574960 0.024458529 -0.005051867 0.999686840
6931.000000000 -0.481642609 0.132056588 -0.172173862 0.001577986 0.024450537 -0.005056283 0.999687009
6932.000000000 -0.481685124 0.132011060 -0.172198846 0.001576119 0.024465689 -0.005046388 0.999686691
6933.000000000 -0.481716413 0.131999527 -0.172237088 0.001570066 0.024475791 -0.005040614 0.999686482
6934.000000000 -0.481692502 0.131993794 -0.172185799 0.001569266 0.024473228 -0.005040344 0.999686548
6935.000000000 -0.481689016 0.131974863 -0.172221687 0.001562756 0.024467603 -0.005027626 0.999686760
6936.000000000 -0.481678845 0.131999282 -0.172174264 0.001578063 0.024465031 -0.005023531 0.999686819
6937.000000000 -0.481687892 0.131991077 -0.172169372 0.001567978 0.024470667 -0.005041048 0.999686609
6938.000000000 -0.481652059 0.132016162 -0.172158446 0.001573018 0.024462715 -0.005033527 0.999686833
6939.000000000 -0.481703976 0.132013133 -0.172212757 0.001570993 0.024471491 -0.005037591 0.999686601
6940.000000000 -0.481681031 0.132033262 -0.172175285 0.001579182 0.024469944 -0.005046016 0.999686584
6941.000000000 -0.481711455 0.132001263 -0.172179665 0.001576385 0.024476209 -0.005020330 0.999686564
6942.000000000 -0.481676068 0.132032753 -0.172140537 0.001580541 0.024468898 -0.005031994 0.999686678
6943.000000000 -0.481677901 0.131987289 -0.172187541 0.001567600 0.024471305 -0.005038510 0.999686607
6944.000000000 -0.481667613 0.131958071 -0.172140723 0.001557990 0.024467216 -0.005037034 0.999686729
6945.000000000 -0.481661327 0.131942957 -0.172190771 0.001551202 0.024467220 -0.005056657 0.999686640
6946.000000000 -0.481662043 0.131939786 -0.172166747 0.001548362 0.024470978 -0.005052900 0.999686572
6947.000000000 -0.481669496 0.131934824 -0.172197047 0.001547624 0.024471930 -0.005048310 0.999686573
6948.000000000 -0.481656070 0.131949591 -0.172208058 0.001551342 0.024470494 -0.005055425 0.999686566
6949.000000000 -0.481649066 0.131962587 -0.172174927 0.001552461 0.024473419 -0.005064523 0.999686447
6950.000000000 -0.481645604 0.131972867 -0.172164571 0.001554566 0.024471082 -0.005069642 0.999686475
6951.000000000 -0.481638047 0.131928918 -0.172178676 0.001535538 0.024468960 -0.005088852 0.999686459
6952.000000000 -0.481635404 0.131921565 -0.172186042 0.001538512 0.024468330 -0.005056039 0.999686636
6953.000000000 -0.481682328 0.131909810 -0.172258493 0.001532725 0.024480271 -0.005059158 0.999686337
6954.000000000 -0.481678572 0.131904378 -0.172243127 0.001537911 0.024481521 -0.005055696 0.999686316
6955.000000000 -0.481681116 0.131910450 -0.172229160 0.001533932 0.024479004 -0.005074223 0.999686290
6956.000000000 -0.481708960 0.131901754 -0.172286224 0.001533727 0.024482333 -0.005033596 0.999686414
6957.000000000 -0.481719192 0.131923627 -0.172267524 0.001538848 0.024485509 -0.005045874 0.999686266
6958.000000000 -0.481685339 0.131928920 -0.172218496 0.001536526 0.024481255 -0.005050072 0.999686353
6959.000000000 -0.481733120 0.131988486 -0.172252261 0.001556583 0.024491947 -0.005056819 0.999686026
6960.000000000 -0.481688303 0.131977600 -0.172235435 0.001544687 0.024480480 -0.005074903 0.999686233
6961.000000000 -0.481686323 0.131990892 -0.172267431 0.001548387 0.024477013 -0.005083697 0.999686268
6962.000000000 -0.481687870 0.131962268 -0.172255748 0.001539294 0.024474008 -0.005056805 0.999686492
6963.000000000 -0.481669963 0.131983235 -0.172244700 0.001544744 0.024473961 -0.005068129 0.999686427
6964.000000000 -0.481672012 0.131994400 -0.172234097 0.001547613 0.024471210 -0.005076399 0.999686448
6965.000000000 -0.481634030 0.131972623 -0.172175249 0.001548259 0.024465075 -0.005053915 0.999686711
6966.000000000 -0.481677079 0.132013959 -0.172240665 0.001550418 0.024472679 -0.005081384 0.999686383
6967.000000000 -0.481698362 0.132051130 -0.172282084 0.001564443 0.024476341 -0.005087040 0.999686242
6968.000000000 -0.481690791 0.132015969 -0.172276030 0.001551079 0.024475688 -0.005066431 0.999686384
6969.000000000 -0.481674438 0.131993759 -0.172246250 0.001546991 0.024472438 -0.005071641 0.999686443
6970.000000000 -0.481653085 0.132017884 -0.172230558 0.001545078 0.024463601 -0.005085270 0.999686593
6971.000000000 -0.481656801 0.131996837 -0.172204659 0.001545779 0.024462883 -0.005061871 0.999686729
6972.000000000 -0.481674958 0.131993217 -0.172226022 0.001543562 0.024468325 -0.005058235 0.999686617
6973.000000000 -0.481668445 0.131980545 -0.172246029 0.001542041 0.024462790 -0.005060387 0.999686744
6974.000000000 -0.481646056 0.131993373 -0.172199138 0.001542458 0.024463628 -0.005076306 0.999686642
6975.000000000 -0.481630928 0.131943194 -0.172195999 0.001526798 0.024455167 -0.005061787 0.999686947
6976.000000000 -0.481603804 0.131967257 -0.172146627 0.001539033 0.024445973 -0.005052948 0.999687198
6977.000000000 -0.481596534 0.131937970 -0.172139450 0.001522687 0.024446681 -0.005061842 0.999687161
6978.000000000 -0.481556310 0.131920219 -0.172097702 0.001515772 0.024437121 -0.005049407 0.999687468
6979.000000000 -0.481564683 0.131941081 -0.172095588 0.001536564 0.024441244 -0.005022522 0.999687471
6980.000000000 -0.481571917 0.131959587 -0.172155010 0.001544782 0.024443914 -0.005018371 0.999687413
6981.000000000 -0.481569841 0.131951823 -0.172139605 0.001543514 0.024440807 -0.005024042 0.999687463
6982.000000000 -0.481580804 0.131966292 -0.172137435 0.001544726 0.024443885 -0.005029456 0.999687359
6983.000000000 -0.481623706 0.132060065 -0.172207789 0.001611941 0.024450350 -0.004913289 0.999687672
6984.000000000 -0.481652371 0.132041573 -0.172255910 0.001604335 0.024455710 -0.004919377 0.999687523
6985.000000000 -0.481645991 0.132037015 -0.172228383 0.001604949 0.024455237 -0.004925504 0.999687504
6986.000000000 -0.481620629 0.132028840 -0.172233161 0.001606273 0.024451742 -0.004916784 0.999687630
6987.000000000 -0.481625526 0.132024016 -0.172216866 0.001604162 0.024457486 -0.004914182 0.999687506
6988.000000000 -0.481596651 0.132029729 -0.172210933 0.001609926 0.024444910 -0.004919764 0.999687776
6989.000000000 -0.481632938 0.132027501 -0.172224875 0.001601621 0.024455135 -0.004917923 0.999687549
6990.000000000 -0.481631812 0.132021039 -0.172170573 0.001604752 0.024462288 -0.004918367 0.999687367
6991.000000000 -0.481611448 0.132047705 -0.172196677 0.001605015 0.024446976 -0.004927277 0.999687697
6992.000000000 -0.481652033 0.132047384 -0.172271835 0.001607534 0.024457707 -0.004931744 0.999687408
6993.000000000 -0.481608608 0.132100205 -0.172229144 0.001621794 0.024448692 -0.004950572 0.999687513
6994.000000000 -0.481623686 0.132079526 -0.172224777 0.001617347 0.024454482 -0.004942648 0.999687417
6995.000000000 -0.481673657 0.132047901 -0.172347638 0.001608038 0.024460039 -0.004925522 0.999687381
6996.000000000 -0.481692913 0.132032320 -0.172291549 0.001602225 0.024475284 -0.004930055 0.999686995
6997.000000000 -0.481658642 0.132032785 -0.172280531 0.001601806 0.024458200 -0.004937453 0.999687377
6998.000000000 -0.481678492 0.132055059 -0.172302689 0.001609618 0.024459674 -0.004934811 0.999687342
6999.000000000 -0.481732270 0.132074070 -0.172389240 0.001612057 0.024477303 -0.004932870 0.999686916
7000.000000000 -0.481702653 0.132029445 -0.172299871 0.001602045 0.024471569 -0.004928920 0.999687092
7001.000000000 -0.481706225 0.132017433 -0.172304762 0.001597822 0.024472781 -0.004919480 0.999687115
7002.000000000 -0.481661992 0.132041687 -0.172231750 0.001611334 0.024457245 -0.004921262 0.999687465
7003.000000000 -0.481701484 0.132047733 -0.172244904 0.001615595 0.024465133 -0.004910154 0.999687320
7004.000000000 -0.481675431 0.132011102 -0.172206257 0.001599577 0.024459553 -0.004904229 0.999687511
7005.000000000 -0.481668229 0.132044911 -0.172191724 0.001607920 0.024459903 -0.004915940 0.999687432
7006.000000000 -0.481627517 0.132035569 -0.172100170 0.001610153 0.024454714 -0.004910696 0.999687581
7007.000000000 -0.481657383 0.132048542 -0.172176921 0.001604692 0.024455934 -0.004921913 0.999687505
7008.000000000 -0.481651512 0.132001308 -0.172197646 0.001595799 0.024456950 -0.004926511 0.999687471
7009.000000000 -0.481668714 0.132035048 -0.172225084 0.001604276 0.024467052 -0.004922458 0.999687231
7010.000000000 -0.481637980 0.132005491 -0.172163553 0.001598710 0.024457999 -0.004944295 0.999687353
7011.000000000 -0.481644653 0.131990295 -0.172181318 0.001597582 0.024456135 -0.004922914 0.999687506
7012.000000000 -0.481608058 0.131998627 -0.172115577 0.001595634 0.024448102 -0.004933071 0.999687656
7013.000000000 -0.481646648 0.131997662 -0.172199943 0.001597971 0.024456130 -0.004928812 0.999687477
7014.000000000 -0.481621008 0.131997057 -0.172154367 0.001601009 0.024452253 -0.004925664 0.999687582
7015.000000000 -0.481664910 0.131976279 -0.172158319 0.001598348 0.024460062 -0.004920466 0.999687421
7016.000000000 -0.481652651 0.131987297 -0.172108915 0.001599138 0.024458186 -0.004922295 0.999687457
7017.000000000 -0.481678161 0.132007174 -0.172134354 0.001600544 0.024465507 -0.004930961 0.999687233
7018.000000000 -0.481368880 0.131939111 -0.171623378 0.001603185 0.024410299 -0.004841163 0.999689017
7019.000000000 -0.480929108 0.131839518 -0.171230376 0.001515458 0.024245823 -0.004902762 0.999692856
7020.000000000 -0.481073476 0.131694074 -0.171469654 0.001478997 0.024311596 -0.004831082 0.999691662
7021.000000000 -0.481095357 0.131663884 -0.171515761 0.001474355 0.024312754 -0.004816561 0.999691711
7022.000000000 -0.481143943 0.131632555 -0.171595195 0.001447288 0.024325828 -0.004843637 0.999691302
7023.000000000 -0.481088166 0.131602144 -0.171616118 0.001437417 0.024309290 -0.004841688 0.999691728
7024.000000000 -0.481063142 0.131566607 -0.171522409 0.001416352 0.024291860 -0.004825139 0.999692261
7025.000000000 -0.481056798 0.131592806 -0.171544519 0.001429452 0.024291112 -0.004821561 0.999692278
7026.000000000 -0.481067188 0.131605053 -0.171513818 0.001428929 0.024297469 -0.004815525 0.999692154
7027.000000000 -0.481042198 0.131548476 -0.171476128 0.001414215 0.024300258 -0.004806256 0.999692151
7028.000000000 -0.480779813 0.131537519 -0.171373793 0.001409381 0.024228958 -0.004827825 0.999693785
7029.000000000 -0.480395453 0.131530591 -0.171296457 0.001405795 0.024128784 -0.004843464 0.999696137
7030.000000000 -0.481011102 0.131436577 -0.171395507 0.001379793 0.024279045 -0.004798582 0.999692752
7031.000000000 -0.481001254 0.131347522 -0.171401827 0.001359693 0.024280371 -0.004745526 0.999693000
7032.000000000 -0.481068281 0.131346010 -0.171405669 0.001353392 0.024297947 -0.004760498 0.999692511
7033.000000000 -0.481034421 0.131361796 -0.171308619 0.001358412 0.024300216 -0.004767218 0.999692417
7034.000000000 -0.481037858 0.131413413 -0.171360142 0.001364782 0.024296976 -0.004794468 0.999692356
7035.000000000 -0.481059278 0.131325983 -0.171373608 0.001340287 0.024306772 -0.004740533 0.999692409
7036.000000000 -0.481028135 0.131366886 -0.171346216 0.001347689 0.024298618 -0.004791611 0.999692353
7037.000000000 -0.480994202 0.131575732 -0.171389635 0.001398937 0.024278512 -0.004927342 0.999692112
7038.000000000 -0.481039831 0.131516203 -0.171435636 0.001397838 0.024292755 -0.004860408 0.999692095
7039.000000000 -0.481026358 0.131468776 -0.171384387 0.001394559 0.024291741 -0.004847674 0.999692186
7040.000000000 -0.481216446 0.131453636 -0.171666914 0.001386849 0.024334712 -0.004831584 0.999691229
7041.000000000 -0.481124817 0.131455840 -0.171646558 0.001385331 0.024308224 -0.004851750 0.999691778
7042.000000000 -0.481144015 0.131442468 -0.171623228 0.001387862 0.024316055 -0.004842930 0.999691627
7043.000000000 -0.481142402 0.131485303 -0.171648549 0.001403728 0.024313512 -0.004845094 0.999691656
7044.000000000 -0.481052384 0.131448714 -0.171553716 0.001385792 0.024297170 -0.004867020 0.999691972
7045.000000000 -0.481151863 0.131407828 -0.171582788 0.001372591 0.024323367 -0.004864158 0.999691367
7046.000000000 -0.481138932 0.131410537 -0.171531389 0.001380137 0.024319372 -0.004871644 0.999691418
7047.000000000 -0.481201663 0.131439119 -0.171567384 0.001384153 0.024328917 -0.004881939 0.999691130
7048.000000000 -0.481154034 0.131545673 -0.171551899 0.001423711 0.024314798 -0.004914742 0.999691257
7049.000000000 -0.481234521 0.131428847 -0.171614566 0.001387976 0.024335547 -0.004875645 0.999690994
7050.000000000 -0.481098700 0.131476714 -0.171598668 0.001405424 0.024295871 -0.004905204 0.999691790
7051.000000000 -0.481095804 0.131489208 -0.171595687 0.001409429 0.024296322 -0.004878679 0.999691903
7052.000000000 -0.481061024 0.131470719 -0.171545510 0.001396727 0.024289941 -0.004888686 0.999692027
7053.000000000 -0.481051890 0.131479985 -0.171490355 0.001399553 0.024293684 -0.004884909 0.999691950
7054.000000000 -0.480945581 0.131490093 -0.171410714 0.001403282 0.024274396 -0.004880443 0.999692436
7055.000000000 -0.481007043 0.131502319 -0.171384730 0.001412284 0.024289340 -0.004892122 0.999692003
7056.000000000 -0.480939277 0.131531261 -0.171371601 0.001428075 0.024262716 -0.004882379 0.999692675
7057.000000000 -0.480922287 0.131451700 -0.171400133 0.001392792 0.024262704 -0.004868728 0.999692791
7058.000000000 -0.480919485 0.131468795 -0.171439610 0.001399320 0.024259475 -0.004871198 0.999692848
7059.000000000 -0.481037241 0.131427593 -0.171451668 0.001390249 0.024289258 -0.004858555 0.999692199
7060.000000000 -0.481081958 0.131438140 -0.171494975 0.001393344 0.024303122 -0.004859470 0.999691854
7061.000000000 -0.481003905 0.131328302 -0.171365577 0.001346056 0.024272803 -0.004848448 0.999692709
7062.000000000 -0.481038058 0.131589074 -0.171226192 0.001427071 0.024327563 -0.004874705 0.999691138
7063.000000000 -0.481106045 0.131567292 -0.171230653 0.001400523 0.024356168 -0.004844177 0.999690627
7064.000000000 -0.481095373 0.131586739 -0.171274973 0.001400799 0.024359674 -0.004841810 0.999690553
7065.000000000 -0.481090895 0.131557068 -0.171257767 0.001405500 0.024365748 -0.004796141 0.999690618
7066.000000000 -0.481120812 0.131559794 -0.171390355 0.001392096 0.024379943 -0.004774908 0.999690392
7067.000000000 -0.481043210 0.132073762 -0.172632809 0.001515395 0.024349612 -0.004889994 0.999690396
7068.000000000 -0.481157010 0.131837601 -0.172529731 0.001474909 0.024368867 -0.004901432 0.999689931
7069.000000000 -0.481180218 0.131629084 -0.171896518 0.001451195 0.024330611 -0.004888564 0.999690961
7070.000000000 -0.481104801 0.131362969 -0.171979898 0.001381821 0.024282238 -0.004828178 0.999692529
7071.000000000 -0.481112743 0.131347852 -0.171955631 0.001381991 0.024288510 -0.004821423 0.999692409
7072.000000000 -0.481036004 0.131398748 -0.171924562 0.001397754 0.024263131 -0.004835285 0.999692936
7073.000000000 -0.481130648 0.131395297 -0.172009194 0.001390427 0.024288215 -0.004826279 0.999692381
7074.000000000 -0.481134711 0.131343142 -0.171939496 0.001374185 0.024295929 -0.004812998 0.999692280
7075.000000000 -0.481167782 0.131454108 -0.171930722 0.001404712 0.024297244 -0.004853457 0.999692010
7076.000000000 -0.481168772 0.131425182 -0.172015250 0.001401678 0.024297513 -0.004825184 0.999692144
7077.000000000 -0.481193253 0.131456753 -0.172029424 0.001400068 0.024305414 -0.004838121 0.999691892
7078.000000000 -0.481179277 0.131478743 -0.172030830 0.001405008 0.024298132 -0.004824750 0.999692127
7079.000000000 -0.481217590 0.131459496 -0.171995613 0.001392107 0.024320666 -0.004801938 0.999691707
7080.000000000 -0.481067429 0.131436837 -0.172010765 0.001394148 0.024287940 -0.004814345 0.999692440
7081.000000000 -0.481034182 0.131387403 -0.171906235 0.001381171 0.024276073 -0.004838342 0.999692630
7082.000000000 -0.480945614 0.131317103 -0.171975002 0.001365351 0.024266621 -0.004846864 0.999692840
7083.000000000 -0.481123739 0.131344794 -0.171974690 0.001362013 0.024292374 -0.004808733 0.999692403
7084.000000000 -0.481100216 0.131349166 -0.171953817 0.001358555 0.024294464 -0.004812798 0.999692338
7085.000000000 -0.481095571 0.131325482 -0.171988691 0.001349246 0.024287559 -0.004802619 0.999692567
7086.000000000 -0.481097071 0.131341805 -0.171974771 0.001349777 0.024289629 -0.004814276 0.999692460
7087.000000000 -0.481032681 0.131344150 -0.171882808 0.001350580 0.024280568 -0.004809491 0.999692702
7088.000000000 -0.481067764 0.131334739 -0.171915867 0.001349214 0.024291397 -0.004796568 0.999692503
7089.000000000 -0.481068380 0.131354729 -0.171913604 0.001352396 0.024296245 -0.004792705 0.999692399
7090.000000000 -0.481067598 0.131326984 -0.171834066 0.001345999 0.024299249 -0.004792941 0.999692334
7091.000000000 -0.481086543 0.131349562 -0.171905517 0.001353416 0.024293567 -0.004805496 0.999692402
7092.000000000 -0.481110342 0.131379582 -0.171928996 0.001362867 0.024300490 -0.004796448 0.999692264
7093.000000000 -0.481018561 0.131352810 -0.171831420 0.001351253 0.024281780 -0.004780860 0.999692809
7094.000000000 -0.481014575 0.131370302 -0.171840416 0.001350130 0.024287641 -0.004771013 0.999692715
7095.000000000 -0.481036804 0.131308075 -0.171886075 0.001330543 0.024293398 -0.004785763 0.999692531
7096.000000000 -0.481001770 0.131367373 -0.171889043 0.001350496 0.024278589 -0.004820287 0.999692698
7097.000000000 -0.481008956 0.131226417 -0.171786885 0.001292817 0.024287838 -0.004781770 0.999692735
7098.000000000 -0.481019202 0.131204257 -0.171774606 0.001289688 0.024291429 -0.004765510 0.999692729
7099.000000000 -0.481008982 0.131223094 -0.171797738 0.001294706 0.024285518 -0.004788153 0.999692758
7100.000000000 -0.481016609 0.131209769 -0.171748192 0.001286447 0.024291534 -0.004789703 0.999692615
7101.000000000 -0.481087346 0.131219086 -0.171854125 0.001290377 0.024303731 -0.004776602 0.999692377
7102.000000000 -0.481058846 0.131235241 -0.171789560 0.001296878 0.024304686 -0.004778396 0.999692336
7103.000000000 -0.481056408 0.131215493 -0.171818508 0.001292099 0.024299538 -0.004777755 0.999692471
7104.000000000 -0.481059189 0.131210054 -0.171792947 0.001291924 0.024298454 -0.004802518 0.999692379
7105.000000000 -0.480991841 0.131244132 -0.171712465 0.001304075 0.024287404 -0.004782854 0.999692726
7106.000000000 -0.481058577 0.131179988 -0.171780615 0.001281774 0.024299374 -0.004760641 0.999692570
7107.000000000 -0.481090941 0.131217019 -0.171804282 0.001294936 0.024303671 -0.004765548 0.999692425
7108.000000000 -0.481026287 0.131186975 -0.171698974 0.001287907 0.024287593 -0.004762254 0.999692840
7109.000000000 -0.481071454 0.131217497 -0.171772475 0.001299627 0.024300998 -0.004769263 0.999692466
7110.000000000 -0.481057034 0.131215629 -0.171827469 0.001294732 0.024290673 -0.004779259 0.999692676
7111.000000000 -0.481042892 0.131250248 -0.171786567 0.001302134 0.024286528 -0.004784703 0.999692741
7112.000000000 -0.481067865 0.131243532 -0.171781824 0.001301774 0.024292178 -0.004819522 0.999692437
7113.000000000 -0.481114830 0.131235846 -0.171863036 0.001295000 0.024305557 -0.004795781 0.999692234
7114.000000000 -0.481074220 0.131214270 -0.171786105 0.001290874 0.024295786 -0.004801308 0.999692451
7115.000000000 -0.481066826 0.131202722 -0.171797703 0.001287487 0.024294372 -0.004786270 0.999692561
7116.000000000 -0.481003904 0.131213087 -0.171768689 0.001296574 0.024282380 -0.004785818 0.999692843
7117.000000000 -0.481065169 0.131199353 -0.171804783 0.001288130 0.024301366 -0.004780721 0.999692417
7118.000000000 -0.481057987 0.131232657 -0.171802183 0.001300150 0.024292124 -0.004791680 0.999692574
7119.000000000 -0.481029984 0.131253281 -0.171727000 0.001304918 0.024294649 -0.004775935 0.999692582
7120.000000000 -0.480996048 0.131218520 -0.171710888 0.001294923 0.024282764 -0.004793094 0.999692801
7121.000000000 -0.481020228 0.131201835 -0.171766431 0.001288505 0.024287141 -0.004779476 0.999692768
7122.000000000 -0.481098407 0.131177208 -0.171800357 0.001279775 0.024301614 -0.004790797 0.999692374
7123.000000000 -0.481133067 0.131189298 -0.171854564 0.001283493 0.024310452 -0.004785249 0.999692181
7124.000000000 -0.481091973 0.131219509 -0.171816061 0.001294848 0.024297869 -0.004809486 0.999692356
7125.000000000 -0.481106913 0.131222978 -0.171854959 0.001294333 0.024299372 -0.004806020 0.999692336
7126.000000000 -0.481075921 0.131224420 -0.171827296 0.001299151 0.024295233 -0.004791657 0.999692500
7127.000000000 -0.481041814 0.131226436 -0.171765505 0.001293746 0.024288897 -0.004814614 0.999692550
7128.000000000 -0.481023991 0.131195621 -0.171756815 0.001283952 0.024282284 -0.004819918 0.999692698
7129.000000000 -0.481021574 0.131178993 -0.171791116 0.001281030 0.024283034 -0.004815788 0.999692703
7130.000000000 -0.481057737 0.131143057 -0.171789881 0.001276795 0.024286048 -0.004780238 0.999692806
7131.000000000 -0.481039124 0.131180479 -0.171796994 0.001282848 0.024279389 -0.004818386 0.999692777
7132.000000000 -0.481008761 0.131186836 -0.171763970 0.001286277 0.024270239 -0.004809637 0.999693037
7133.000000000 -0.481013086 0.131192811 -0.171765076 0.001286733 0.024272080 -0.004801441 0.999693031
7134.000000000 -0.481021931 0.131173346 -0.171723979 0.001276318 0.024282268 -0.004796982 0.999692819
7135.000000000 -0.480937831 0.131244811 -0.171729046 0.001302443 0.024257157 -0.004807660 0.999693343
7136.000000000 -0.481019437 0.131224152 -0.171823775 0.001309811 0.024273183 -0.004794053 0.999693010
7137.000000000 -0.480961903 0.131205091 -0.171736583 0.001299963 0.024263045 -0.004791285 0.999693282
7138.000000000 -0.481004333 0.131189381 -0.171815369 0.001298940 0.024270845 -0.004792088 0.999693090
7139.000000000 -0.480936740 0.131202930 -0.171783095 0.001300582 0.024252505 -0.004791309 0.999693537
7140.000000000 -0.480999372 0.131190408 -0.171831415 0.001302345 0.024258540 -0.004814712 0.999693276
7141.000000000 -0.480962926 0.131180863 -0.171795742 0.001297782 0.024253019 -0.004805620 0.999693459
7142.000000000 -0.481018629 0.131218796 -0.171843740 0.001310564 0.024258387 -0.004813340 0.999693275
7143.000000000 -0.480919078 0.131230704 -0.171794377 0.001312493 0.024241237 -0.004790666 0.999693798
7144.000000000 -0.480983735 0.131251913 -0.171846106 0.001322538 0.024255675 -0.004801731 0.999693381
7145.000000000 -0.481006791 0.131240088 -0.171873285 0.001318940 0.024259895 -0.004797808 0.999693302
7146.000000000 -0.480995240 0.131188451 -0.171866331 0.001303652 0.024256680 -0.004785813 0.999693458
7147.000000000 -0.481006986 0.131160329 -0.171891988 0.001304171 0.024264221 -0.004785632 0.999693275
7148.000000000 -0.480961123 0.131158422 -0.171882132 0.001293264 0.024251049 -0.004777052 0.999693650
7149.000000000 -0.480969093 0.131160211 -0.171889390 0.001289366 0.024250049 -0.004786808 0.999693633
7150.000000000 -0.480975750 0.131150914 -0.171775797 0.001293703 0.024263130 -0.004773687 0.999693372
7151.000000000 -0.480983157 0.131278350 -0.171988934 0.001344566 0.024237200 -0.004824949 0.999693688
7152.000000000 -0.481033708 0.131292382 -0.172007690 0.001349439 0.024249164 -0.004820792 0.999693412
7153.000000000 -0.480992800 0.131292690 -0.172020229 0.001350957 0.024245489 -0.004815720 0.999693523
7154.000000000 -0.481014039 0.131277551 -0.172004835 0.001339904 0.024247861 -0.004818159 0.999693469
7155.000000000 -0.480976848 0.131494752 -0.171652965 0.001420951 0.024232149 -0.004731126 0.999694153
7156.000000000 -0.481171255 0.131413807 -0.171725169 0.001322240 0.024308962 -0.004719278 0.999692480
7157.000000000 -0.481126096 0.131323614 -0.171680530 0.001304207 0.024292905 -0.004700817 0.999692981
7158.000000000 -0.481101107 0.131365985 -0.171630251 0.001317540 0.024288264 -0.004706956 0.999693047
7159.000000000 -0.481120481 0.131312149 -0.171682181 0.001299042 0.024287178 -0.004718269 0.999693045
7160.000000000 -0.481125181 0.131333528 -0.171664154 0.001303602 0.024290460 -0.004722497 0.999692939
7161.000000000 -0.481094794 0.131279905 -0.171622855 0.001294339 0.024290906 -0.004706656 0.999693015
7162.000000000 -0.481107629 0.131289994 -0.171703177 0.001295238 0.024290309 -0.004725170 0.999692941
7163.000000000 -0.481102480 0.131309938 -0.171769793 0.001297719 0.024285966 -0.004707939 0.999693124
7164.000000000 -0.481118556 0.131323466 -0.171767436 0.001304642 0.024294752 -0.004711357 0.999692886
7165.000000000 -0.481108287 0.131350921 -0.171745069 0.001307767 0.024288794 -0.004729775 0.999692940
7166.000000000 -0.481097387 0.131331076 -0.171727871 0.001300597 0.024268846 -0.004744324 0.999693364
7167.000000000 -0.481256299 0.131230451 -0.172215154 0.001279964 0.024293147 -0.004783292 0.999692615
7168.000000000 -0.481291383 0.131227614 -0.172250366 0.001277647 0.024309485 -0.004768878 0.999692290
7169.000000000 -0.481262563 0.131209440 -0.172218946 0.001272131 0.024296477 -0.004780456 0.999692558
7170.000000000 -0.481266280 0.131204277 -0.172249735 0.001272085 0.024297077 -0.004785385 0.999692520
7171.000000000 -0.481250571 0.131220170 -0.172180529 0.001272512 0.024293331 -0.004790729 0.999692585
7172.000000000 -0.481221515 0.131205298 -0.172140368 0.001271952 0.024289142 -0.004779479 0.999692741
7173.000000000 -0.481246294 0.131202024 -0.172149359 0.001265988 0.024292976 -0.004772609 0.999692688
7174.000000000 -0.481240798 0.131197181 -0.172119216 0.001258829 0.024298679 -0.004778574 0.999692530
7175.000000000 -0.481256409 0.131192704 -0.172152565 0.001251230 0.024304043 -0.004787899 0.999692365
7176.000000000 -0.481263309 0.131191997 -0.172142815 0.001252837 0.024308101 -0.004775126 0.999692325
7177.000000000 -0.481244461 0.131192621 -0.172110990 0.001258345 0.024303113 -0.004772885 0.999692450
7178.000000000 -0.481221478 0.131219786 -0.172107525 0.001269855 0.024296840 -0.004768038 0.999692611
7179.000000000 -0.481260973 0.131232815 -0.172123821 0.001264813 0.024312864 -0.004777414 0.999692183
7180.000000000 -0.481237130 0.131246576 -0.172062072 0.001264820 0.024312098 -0.004787044 0.999692156
7181.000000000 -0.481236908 0.131219899 -0.172102339 0.001261192 0.024306437 -0.004768444 0.999692387
7182.000000000 -0.481210476 0.131289615 -0.172042264 0.001280070 0.024303163 -0.004779021 0.999692392
7183.000000000 -0.481227813 0.131309162 -0.172077466 0.001293166 0.024304988 -0.004795069 0.999692254
7184.000000000 -0.481220588 0.131296236 -0.172078574 0.001283693 0.024307812 -0.004788432 0.999692229
7185.000000000 -0.481211400 0.131333196 -0.172054183 0.001299799 0.024304184 -0.004806366 0.999692211
7186.000000000 -0.481189564 0.131327473 -0.171982363 0.001295876 0.024302718 -0.004803266 0.999692266
7187.000000000 -0.481177020 0.131340889 -0.171969859 0.001298453 0.024305731 -0.004802428 0.999692194
7188.000000000 -0.481160181 0.131332562 -0.171948737 0.001290368 0.024300796 -0.004806060 0.999692307
7189.000000000 -0.481198637 0.131330356 -0.172036947 0.001292662 0.024307899 -0.004797157 0.999692174
7190.000000000 -0.481174070 0.131335713 -0.171981875 0.001298955 0.024299287 -0.004803629 0.999692344
7191.000000000 -0.481232763 0.131312063 -0.172043722 0.001291383 0.024312719 -0.004809092 0.999692001
7192.000000000 -0.481209120 0.131344868 -0.172066871 0.001297421 0.024306009 -0.004779513 0.999692298
7193.000000000 -0.481230758 0.131345485 -0.172149443 0.001300699 0.024301003 -0.004778726 0.999692419
7194.000000000 -0.481223247 0.131357537 -0.172097797 0.001296662 0.024304161 -0.004806831 0.999692213
7195.000000000 -0.481231556 0.131364979 -0.172095307 0.001303629 0.024315222 -0.004789877 0.999692016
7196.000000000 -0.481216722 0.131364759 -0.172081250 0.001302857 0.024307219 -0.004779737 0.999692261
7197.000000000 -0.481188571 0.131378875 -0.172061524 0.001310495 0.024296107 -0.004786845 0.999692487
7198.000000000 -0.481205255 0.131396322 -0.172081540 0.001307675 0.024305895 -0.004791843 0.999692228
7199.000000000 -0.481226586 0.131340402 -0.172121576 0.001292364 0.024314596 -0.004777689 0.999692105
7200.000000000 -0.481220080 0.131393579 -0.172111691 0.001309860 0.024312938 -0.004781125 0.999692106
7201.000000000 -0.481192280 0.131385985 -0.172033936 0.001315486 0.024310512 -0.004773177 0.999692195
7202.000000000 -0.481179387 0.131397873 -0.172060166 0.001311072 0.024301995 -0.004779097 0.999692380
7203.000000000 -0.481163157 0.131377398 -0.172039774 0.001305739 0.024302635 -0.004782820 0.999692353
7204.000000000 -0.481168569 0.131417271 -0.172025530 0.001317465 0.024301450 -0.004787601 0.999692344
7205.000000000 -0.481198959 0.131392491 -0.172043441 0.001305707 0.024305222 -0.004820476 0.999692110
7206.000000000 -0.481207003 0.131387575 -0.172099487 0.001309546 0.024308590 -0.004809192 0.999692077
7207.000000000 -0.481194646 0.131395925 -0.172026642 0.001314552 0.024309373 -0.004797083 0.999692110
7208.000000000 -0.481195531 0.131374861 -0.172091629 0.001310439 0.024302574 -0.004789401 0.999692317
7209.000000000 -0.481192518 0.131387819 -0.172090452 0.001312168 0.024301051 -0.004784396 0.999692376
7210.000000000 -0.481213736 0.131387456 -0.172116284 0.001307728 0.024303743 -0.004788287 0.999692298
7211.000000000 -0.481229028 0.131362687 -0.172177407 0.001296307 0.024306902 -0.004806843 0.999692147
7212.000000000 -0.481158893 0.131181742 -0.172050394 0.001260505 0.024291798 -0.004784623 0.999692666
7213.000000000 -0.481222854 0.131207482 -0.172206770 0.001250130 0.024304251 -0.004812424 0.999692243
7214.000000000 -0.481188934 0.131231908 -0.172183215 0.001255769 0.024294089 -0.004812069 0.999692485
7215.000000000 -0.481153683 0.131201501 -0.172160689 0.001244042 0.024286758 -0.004806093 0.999692706
7216.000000000 -0.481131412 0.131192377 -0.172143009 0.001241285 0.024280541 -0.004804374 0.999692869
7217.000000000 -0.481159191 0.131215579 -0.172151042 0.001249116 0.024286713 -0.004825661 0.999692607
7218.000000000 -0.481202212 0.131215569 -0.172249259 0.001253800 0.024295376 -0.004793854 0.999692544
7219.000000000 -0.481198819 0.131220363 -0.172242503 0.001252761 0.024293708 -0.004800343 0.999692554
7220.000000000 -0.481177084 0.131220316 -0.172248709 0.001253075 0.024292908 -0.004806641 0.999692543
7221.000000000 -0.481165088 0.131225789 -0.172235525 0.001252526 0.024293379 -0.004792402 0.999692601
7222.000000000 -0.481152497 0.131234746 -0.172218588 0.001264266 0.024283811 -0.004782045 0.999692868
7223.000000000 -0.481182789 0.131220182 -0.172227486 0.001257188 0.024292476 -0.004797897 0.999692590
7224.000000000 -0.481185659 0.131203983 -0.172243703 0.001253346 0.024292199 -0.004795243 0.999692615
7225.000000000 -0.481184671 0.131191227 -0.172280777 0.001247571 0.024289417 -0.004790513 0.999692712
7226.000000000 -0.481179446 0.131175018 -0.172278210 0.001246100 0.024283332 -0.004794872 0.999692841
7227.000000000 -0.481150057 0.131179432 -0.172272809 0.001243276 0.024275270 -0.004785887 0.999693083
7228.000000000 -0.481151349 0.131114883 -0.172260676 0.001230137 0.024279651 -0.004769384 0.999693072
7229.000000000 -0.481141641 0.131123215 -0.172223711 0.001234953 0.024278178 -0.004781134 0.999693046
7230.000000000 -0.481163485 0.131093862 -0.172263456 0.001221793 0.024284892 -0.004772479 0.999692940
7231.000000000 -0.481131993 0.131137655 -0.172203948 0.001236241 0.024275241 -0.004784447 0.999693100
7232.000000000 -0.481107365 0.131079672 -0.172127155 0.001222013 0.024277020 -0.004765327 0.999693165
7233.000000000 -0.481105222 0.131118267 -0.172160325 0.001234241 0.024275384 -0.004767996 0.999693177
7234.000000000 -0.481142191 0.131067366 -0.172172519 0.001217770 0.024288151 -0.004768589 0.999692885
7235.000000000 -0.481087162 0.131115999 -0.172101993 0.001232312 0.024278270 -0.004769951 0.999693100
7236.000000000 -0.481138267 0.131095190 -0.172138112 0.001225874 0.024285269 -0.004795184 0.999692817
7237.000000000 -0.481128139 0.131052957 -0.172134105 0.001211596 0.024284563 -0.004777772 0.999692935
7238.000000000 -0.481108215 0.131077344 -0.172074557 0.001215938 0.024279085 -0.004785462 0.999693026
7239.000000000 -0.481152212 0.131036704 -0.172138806 0.001203149 0.024289601 -0.004787561 0.999692776
7240.000000000 -0.481159986 0.131049394 -0.172132945 0.001201859 0.024291016 -0.004790775 0.999692728
7241.000000000 -0.481175140 0.131016437 -0.172130571 0.001203381 0.024298718 -0.004778312 0.999692599
7242.000000000 -0.481148350 0.131027837 -0.172169548 0.001212585 0.024291305 -0.004767419 0.999692820
7243.000000000 -0.481109009 0.131022822 -0.172126059 0.001206313 0.024283550 -0.004774686 0.999692981
7244.000000000 -0.481137614 0.131022532 -0.172177881 0.001203293 0.024291894 -0.004765634 0.999692825
7245.000000000 -0.481137816 0.131014050 -0.172157259 0.001200078 0.024292717 -0.004764781 0.999692813
7246.000000000 -0.481164830 0.131004782 -0.172164682 0.001201136 0.024298057 -0.004774156 0.999692637
7247.000000000 -0.481125975 0.131078129 -0.172163993 0.001220557 0.024292107 -0.004762067 0.999692816
7248.000000000 -0.481060505 0.131083752 -0.172147713 0.001223860 0.024277778 -0.004773822 0.999693104
7249.000000000 -0.481075667 0.131021826 -0.172085412 0.001207644 0.024284299 -0.004775115 0.999692959
7250.000000000 -0.481120613 0.131060748 -0.172148119 0.001215055 0.024287894 -0.004782497 0.999692828
7251.000000000 -0.481101256 0.131085449 -0.172137842 0.001225118 0.024280544 -0.004779448 0.999693008
7252.000000000 -0.481080686 0.131064347 -0.172113883 0.001216962 0.024286069 -0.004776818 0.999692897
7253.000000000 -0.481019962 0.131095749 -0.172108405 0.001230265 0.024261072 -0.004791451 0.999693417
7254.000000000 -0.481077986 0.131074643 -0.172163195 0.001229573 0.024273255 -0.004780220 0.999693176
7255.000000000 -0.481093373 0.131100058 -0.172182599 0.001231452 0.024274081 -0.004791004 0.999693102
7256.000000000 -0.481132374 0.131045199 -0.172152638 0.001209666 0.024286011 -0.004806064 0.999692767
7257.000000000 -0.481133683 0.131041505 -0.172251330 0.001211370 0.024281260 -0.004779717 0.999693007
7258.000000000 -0.481157630 0.131007036 -0.172245858 0.001201383 0.024287319 -0.004767854 0.999692928
7259.000000000 -0.481180015 0.130988073 -0.172186627 0.001195988 0.024298513 -0.004773479 0.999692636
7260.000000000 -0.481170956 0.131029751 -0.172165978 0.001215040 0.024298100 -0.004778205 0.999692600
7261.000000000 -0.481185256 0.131028429 -0.172219291 0.001210362 0.024297326 -0.004770956 0.999692659
7262.000000000 -0.481093992 0.131032340 -0.172107594 0.001204380 0.024283668 -0.004790058 0.999692907
7263.000000000 -0.481134731 0.130989754 -0.172275727 0.001193339 0.024282806 -0.004767545 0.999693049
7264.000000000 -0.481146545 0.130970435 -0.172208347 0.001192598 0.024281952 -0.004781519 0.999693004
7265.000000000 -0.481147701 0.130975403 -0.172213736 0.001188769 0.024287475 -0.004772215 0.999692919
7266.000000000 -0.481124576 0.131030159 -0.172234967 0.001199586 0.024280558 -0.004777259 0.999693050
7267.000000000 -0.481119730 0.130997070 -0.172230781 0.001186581 0.024280627 -0.004775579 0.999693071
7268.000000000 -0.481117569 0.131004760 -0.172241641 0.001188373 0.024277353 -0.004773367 0.999693159
7269.000000000 -0.481176325 0.130950856 -0.172255087 0.001178477 0.024289270 -0.004759419 0.999692948
7270.000000000 -0.481195497 0.130963170 -0.172214488 0.001180861 0.024296809 -0.004757259 0.999692772
7271.000000000 -0.481193939 0.130965329 -0.172230519 0.001180936 0.024297892 -0.004767161 0.999692699
7272.000000000 -0.481166275 0.130987746 -0.172292901 0.001197003 0.024285150 -0.004757201 0.999693037
7273.000000000 -0.481124166 0.130976592 -0.172208115 0.001191140 0.024272178 -0.004761606 0.999693338
7274.000000000 -0.481101766 0.131025083 -0.172186324 0.001205422 0.024275110 -0.004754929 0.999693281
7275.000000000 -0.481153508 0.130972204 -0.172241010 0.001184108 0.024281424 -0.004770213 0.999693081
7276.000000000 -0.481182857 0.130973046 -0.172360016 0.001183978 0.024281841 -0.004757605 0.999693131
7277.000000000 -0.481186312 0.130996070 -0.172344671 0.001193702 0.024282681 -0.004772316 0.999693029
7278.000000000 -0.481157828 0.130987628 -0.172314166 0.001194630 0.024280006 -0.004738845 0.999693252
7279.000000000 -0.481209204 0.130988394 -0.172373826 0.001192775 0.024292815 -0.004767987 0.999692804
7280.000000000 -0.481259962 0.131004118 -0.172349656 0.001192393 0.024292888 -0.004774202 0.999692773
7281.000000000 -0.481222439 0.131036106 -0.172386362 0.001196125 0.024292740 -0.004767195 0.999692806
7282.000000000 -0.481205073 0.131009997 -0.172426354 0.001194690 0.024282708 -0.004778692 0.999692996
7283.000000000 -0.481187768 0.131012535 -0.172374267 0.001198926 0.024278742 -0.004759246 0.999693180
7284.000000000 -0.481159429 0.131016348 -0.172397314 0.001198737 0.024268169 -0.004757341 0.999693446
7285.000000000 -0.481224421 0.131066956 -0.172452666 0.001216836 0.024277200 -0.004764611 0.999693171
7286.000000000 -0.481159112 0.131009656 -0.172396397 0.001200317 0.024259200 -0.004754876 0.999693674
7287.000000000 -0.481171178 0.130987978 -0.172385372 0.001197608 0.024263653 -0.004769011 0.999693502
7288.000000000 -0.481202593 0.130988807 -0.172349947 0.001191750 0.024279224 -0.004780155 0.999693077
7289.000000000 -0.481208365 0.130987576 -0.172396331 0.001193652 0.024274593 -0.004777911 0.999693198
7290.000000000 -0.481209501 0.131017595 -0.172433039 0.001201928 0.024281142 -0.004753186 0.999693147
7291.000000000 -0.481177508 0.130999217 -0.172364023 0.001194053 0.024265987 -0.004760371 0.999693491
7292.000000000 -0.481204284 0.131045298 -0.172363728 0.001209496 0.024276135 -0.004770433 0.999693178
7293.000000000 -0.481166915 0.131021878 -0.172369602 0.001209225 0.024263180 -0.004757032 0.999693556
7294.000000000 -0.481173180 0.131024183 -0.172230461 0.001202062 0.024263968 -0.004788160 0.999693397
7295.000000000 -0.481129677 0.131019130 -0.172305818 0.001210759 0.024253462 -0.004747670 0.999693835
7296.000000000 -0.481123185 0.131008318 -0.172313426 0.001200682 0.024251777 -0.004755379 0.999693851
7297.000000000 -0.481124928 0.130997309 -0.172268651 0.001202052 0.024252065 -0.004737999 0.999693925
7298.000000000 -0.481062592 0.131026715 -0.172211245 0.001207059 0.024237929 -0.004760566 0.999694155
7299.000000000 -0.481104412 0.131000716 -0.172265727 0.001208155 0.024246274 -0.004762207 0.999693943
7300.000000000 -0.481085572 0.131063455 -0.172219621 0.001218001 0.024244734 -0.004770550 0.999693929
7301.000000000 -0.481054876 0.131031947 -0.172157771 0.001214901 0.024240090 -0.004771573 0.999694040
7302.000000000 -0.481072196 0.131009891 -0.172150680 0.001204803 0.024251195 -0.004794868 0.999693672
7303.000000000 -0.481103191 0.131045193 -0.172254417 0.001212317 0.024249588 -0.004785325 0.999693747
7304.000000000 -0.481032159 0.131052570 -0.172168383 0.001214242 0.024240782 -0.004778178 0.999693993
7305.000000000 -0.481030631 0.131061515 -0.172153968 0.001218138 0.024243472 -0.004777999 0.999693924
7306.000000000 -0.481018076 0.131089063 -0.172089663 0.001221996 0.024237648 -0.004797692 0.999693966
7307.000000000 -0.481028550 0.131039321 -0.172095998 0.001214227 0.024246417 -0.004785847 0.999693819
7308.000000000 -0.481061594 0.131036482 -0.172115380 0.001210204 0.024252307 -0.004781863 0.999693700
7309.000000000 -0.481034717 0.131088614 -0.172105111 0.001225577 0.024247248 -0.004785955 0.999693785
7310.000000000 -0.481001612 0.131089946 -0.172126539 0.001219435 0.024234839 -0.004794108 0.999694054
7311.000000000 -0.481049565 0.131068710 -0.172149227 0.001223026 0.024242997 -0.004793882 0.999693853
7312.000000000 -0.481038510 0.131025983 -0.172113642 0.001207248 0.024243977 -0.004796684 0.999693835
7313.000000000 -0.481027472 0.130983333 -0.172048230 0.001196295 0.024240681 -0.004786604 0.999693977
7314.000000000 -0.481007078 0.130988872 -0.172116331 0.001190110 0.024235503 -0.004783832 0.999694123
7315.000000000 -0.480998444 0.130988572 -0.172035738 0.001196402 0.024233038 -0.004773085 0.999694226
7316.000000000 -0.481010601 0.130991869 -0.172064542 0.001195256 0.024230214 -0.004761207 0.999694353
7317.000000000 -0.480995178 0.130982166 -0.172056805 0.001190743 0.024228915 -0.004750180 0.999694442
7318.000000000 -0.481031376 0.130936341 -0.172039260 0.001171374 0.024237451 -0.004739643 0.999694308
7319.000000000 -0.481007584 0.130977524 -0.172025365 0.001194432 0.024233554 -0.004732715 0.999694408
7320.000000000 -0.481023041 0.131010882 -0.172060826 0.001208536 0.024234384 -0.004757755 0.999694252
7321.000000000 -0.481025202 0.130993752 -0.172062602 0.001198000 0.024238964 -0.004755583 0.999694164
7322.000000000 -0.481015805 0.130950660 -0.172061335 0.001185204 0.024233324 -0.004768758 0.999694253
7323.000000000 -0.480973070 0.130913957 -0.172058497 0.001176916 0.024221950 -0.004737881 0.999694686
7324.000000000 -0.480993567 0.130927521 -0.172032972 0.001175001 0.024231523 -0.004753316 0.999694383
7325.000000000 -0.480996890 0.130910004 -0.172033158 0.001168999 0.024227651 -0.004747924 0.999694509
7326.000000000 -0.480982109 0.130902107 -0.171977283 0.001166388 0.024230979 -0.004747662 0.999694433
7327.000000000 -0.480944206 0.130930237 -0.171908930 0.001172413 0.024227073 -0.004763109 0.999694447
7328.000000000 -0.480961490 0.130904704 -0.171928312 0.001165765 0.024231342 -0.004750518 0.999694411
7329.000000000 -0.480945340 0.130946921 -0.171947417 0.001180409 0.024221147 -0.004768452 0.999694556
7330.000000000 -0.481030078 0.130948450 -0.172083050 0.001185807 0.024232252 -0.004768789 0.999694279
7331.000000000 -0.481016591 0.130917149 -0.172048729 0.001176675 0.024231556 -0.004762740 0.999694335
7332.000000000 -0.481034586 0.130953597 -0.172181671 0.001188433 0.024231604 -0.004778126 0.999694247
7333.000000000 -0.481014236 0.130958174 -0.172055723 0.001184156 0.024237169 -0.004789044 0.999694064
7334.000000000 -0.481055219 0.130929511 -0.172075685 0.001172649 0.024250129 -0.004786837 0.999693774
7335.000000000 -0.481071083 0.130856648 -0.172090831 0.001158040 0.024256682 -0.004753539 0.999693791
7336.000000000 -0.481080528 0.130893460 -0.172106595 0.001164176 0.024260822 -0.004767554 0.999693617
7337.000000000 -0.481078200 0.130879560 -0.172066493 0.001166811 0.024260110 -0.004762982 0.999693653
7338.000000000 -0.481081024 0.130947155 -0.172135596 0.001186075 0.024255700 -0.004786196 0.999693626
7339.000000000 -0.481078416 0.130897487 -0.172067249 0.001170404 0.024260268 -0.004770453 0.999693609
7340.000000000 -0.481106110 0.130938440 -0.172187993 0.001185872 0.024255981 -0.004771290 0.999693691
7341.000000000 -0.481147678 0.130915881 -0.172155632 0.001176968 0.024273891 -0.004752748 0.999693355
7342.000000000 -0.481148178 0.130917264 -0.172159654 0.001172937 0.024272747 -0.004771941 0.999693296
7343.000000000 -0.481115539 0.130909731 -0.172096222 0.001169539 0.024265818 -0.004777237 0.999693443
7344.000000000 -0.481155891 0.130863147 -0.172163069 0.001163534 0.024272185 -0.004776463 0.999693299
7345.000000000 -0.481164828 0.130909475 -0.172114727 0.001173458 0.024285299 -0.004771036 0.999692995
7346.000000000 -0.481130586 0.130894042 -0.172089827 0.001165954 0.024272486 -0.004782287 0.999693261
7347.000000000 -0.481144730 0.130936224 -0.172127951 0.001177238 0.024273019 -0.004764199 0.999693322
7348.000000000 -0.481143589 0.130928204 -0.172157984 0.001179171 0.024268991 -0.004767324 0.999693402
7349.000000000 -0.481127755 0.130961571 -0.172137682 0.001188076 0.024267839 -0.004764070 0.999693435
7350.000000000 -0.481152414 0.130927918 -0.172135237 0.001183966 0.024273680 -0.004779477 0.999693225
7351.000000000 -0.481113412 0.130979675 -0.172120236 0.001195644 0.024260787 -0.004762142 0.999693606
7352.000000000 -0.481145184 0.130948224 -0.172112775 0.001183028 0.024274633 -0.004745908 0.999693362
7353.000000000 -0.481137152 0.130915079 -0.172134777 0.001178610 0.024267571 -0.004744235 0.999693547
7354.000000000 -0.481119763 0.130971267 -0.172152785 0.001193911 0.024260996 -0.004752766 0.999693648
7355.000000000 -0.481138960 0.130960503 -0.172186188 0.001189974 0.024266680 -0.004755202 0.999693503
7356.000000000 -0.481176160 0.130961436 -0.172209024 0.001191538 0.024275449 -0.004776748 0.999693186
7357.000000000 -0.481155273 0.130990406 -0.172181916 0.001200198 0.024269029 -0.004768799 0.999693369
7358.000000000 -0.481165819 0.130941750 -0.172200848 0.001187861 0.024275886 -0.004772357 0.999693200
7359.000000000 -0.481150092 0.130956247 -0.172199867 0.001192850 0.024271736 -0.004766910 0.999693321
7360.000000000 -0.481107208 0.130930715 -0.172183103 0.001184066 0.024260336 -0.004780586 0.999693543
7361.000000000 -0.481142443 0.130948528 -0.172261275 0.001197098 0.024266894 -0.004782403 0.999693360
7362.000000000 -0.481243720 0.130977592 -0.172405212 0.001197082 0.024282904 -0.004790210 0.999692934
7363.000000000 -0.481137541 0.130830687 -0.172409761 0.001151899 0.024244492 -0.004739562 0.999694160
7364.000000000 -0.481105666 0.130915133 -0.172430075 0.001178420 0.024229369 -0.004749227 0.999694450
7365.000000000 -0.481148514 0.130890576 -0.172423944 0.001170370 0.024243067 -0.004754843 0.999694101
7366.000000000 -0.481087363 0.130947634 -0.172373250 0.001185933 0.024232934 -0.004757222 0.999694317
7367.000000000 -0.481110185 0.130987620 -0.172459336 0.001195736 0.024226847 -0.004742458 0.999694523
7368.000000000 -0.481065766 0.130956615 -0.172429023 0.001188237 0.024222228 -0.004733550 0.999694686
7369.000000000 -0.481099006 0.130893610 -0.172428193 0.001168134 0.024231751 -0.004732658 0.999694483
7370.000000000 -0.481158158 0.130909007 -0.172443112 0.001173575 0.024251214 -0.004743877 0.999693952
7371.000000000 -0.481157940 0.130894318 -0.172433006 0.001170972 0.024248158 -0.004738157 0.999694056
7372.000000000 -0.481151209 0.130899925 -0.172374804 0.001168107 0.024253322 -0.004748520 0.999693885
7373.000000000 -0.481130916 0.130904717 -0.172392939 0.001176709 0.024244332 -0.004755524 0.999694060
7374.000000000 -0.481111495 0.130904810 -0.172416370 0.001180412 0.024239245 -0.004731330 0.999694293
7375.000000000 -0.481083613 0.130888263 -0.172379139 0.001175255 0.024233396 -0.004715469 0.999694516
7376.000000000 -0.481099167 0.130897850 -0.172369129 0.001169781 0.024242889 -0.004734847 0.999694201
7377.000000000 -0.481054802 0.130935085 -0.172331019 0.001185612 0.024230430 -0.004740925 0.999694455
7378.000000000 -0.481036634 0.130926905 -0.172273535 0.001187116 0.024231946 -0.004736503 0.999694438
7379.000000000 -0.481041309 0.130972011 -0.172367083 0.001192772 0.024222970 -0.004744445 0.999694611
7380.000000000 -0.481050454 0.130965117 -0.172344211 0.001186719 0.024224699 -0.004771436 0.999694448
7381.000000000 -0.481023391 0.130903567 -0.172347531 0.001171608 0.024218323 -0.004756358 0.999694692
7382.000000000 -0.481029243 0.130902332 -0.172336254 0.001173594 0.024222442 -0.004740796 0.999694664
7383.000000000 -0.481039544 0.130926120 -0.172378896 0.001178707 0.024217277 -0.004754253 0.999694719
7384.000000000 -0.481086298 0.130870073 -0.172285316 0.001161922 0.024229562 -0.004739031 0.999694513
7385.000000000 -0.481099334 0.130933653 -0.172352226 0.001171922 0.024229626 -0.004763790 0.999694382
7386.000000000 -0.481071018 0.130956389 -0.172328712 0.001186147 0.024221865 -0.004742203 0.999694656
7387.000000000 -0.481075112 0.130925639 -0.172311862 0.001172168 0.024231521 -0.004751129 0.999694396
7388.000000000 -0.481115199 0.130946949 -0.172314145 0.001180346 0.024240020 -0.004760357 0.999694137
7389.000000000 -0.481097704 0.131033751 -0.172338050 0.001208154 0.024235332 -0.004768470 0.999694179
7390.000000000 -0.481129900 0.130954523 -0.172310657 0.001189645 0.024236879 -0.004760815 0.999694200
7391.000000000 -0.481139066 0.130988032 -0.172342561 0.001197794 0.024244754 -0.004765439 0.999693977
7392.000000000 -0.481125377 0.130972097 -0.172293910 0.001191831 0.024243276 -0.004764409 0.999694025
7393.000000000 -0.481138046 0.131017286 -0.172351332 0.001198385 0.024242067 -0.004745736 0.999694135
7394.000000000 -0.481082096 0.130968490 -0.172261690 0.001195906 0.024226639 -0.004779916 0.999694349
7395.000000000 -0.481110729 0.131023666 -0.172247795 0.001212353 0.024238893 -0.004787974 0.999693994
7396.000000000 -0.481111160 0.131033824 -0.172285746 0.001214744 0.024237433 -0.004786710 0.999694033
7397.000000000 -0.481136913 0.131002805 -0.172217146 0.001198998 0.024250200 -0.004792258 0.999693715
7398.000000000 -0.481163528 0.131020678 -0.172273440 0.001202504 0.024255305 -0.004791771 0.999693590
7399.000000000 -0.481009981 0.130812553 -0.172245071 0.001133806 0.024207342 -0.004746315 0.999695049
7400.000000000 -0.481025765 0.130770816 -0.172245514 0.001121034 0.024211753 -0.004725960 0.999695053
7401.000000000 -0.481044668 0.130762806 -0.172235452 0.001117179 0.024215649 -0.004721067 0.999694986
7402.000000000 -0.481043314 0.130775588 -0.172262112 0.001119767 0.024213559 -0.004750893 0.999694893
7403.000000000 -0.481225133 0.130839630 -0.172434134 0.001150341 0.024269445 -0.004732549 0.999693590
7404.000000000 -0.481253238 0.130869505 -0.172512905 0.001164558 0.024270435 -0.004720032 0.999693609
7405.000000000 -0.481226441 0.130864184 -0.172472569 0.001156222 0.024268015 -0.004716227 0.999693695
7406.000000000 -0.481275624 0.130865344 -0.172475691 0.001156758 0.024282368 -0.004712440 0.999693364
7407.000000000 -0.481326496 0.130848524 -0.172562278 0.001143604 0.024295902 -0.004710133 0.999693061
7408.000000000 -0.481327708 0.130863692 -0.172551791 0.001157029 0.024300392 -0.004690883 0.999693027
7409.000000000 -0.481276293 0.130852338 -0.172565645 0.001149538 0.024282736 -0.004694861 0.999693446
7410.000000000 -0.481303596 0.130806382 -0.172558828 0.001139918 0.024295240 -0.004682935 0.999693209
7411.000000000 -0.481277391 0.130822763 -0.172501865 0.001143400 0.024289487 -0.004705451 0.999693239
7412.000000000 -0.481315436 0.130825703 -0.172507785 0.001140278 0.024296075 -0.004703909 0.999693090
7413.000000000 -0.481300108 0.130795321 -0.172494815 0.001140046 0.024297592 -0.004694812 0.999693096
7414.000000000 -0.481270780 0.130835923 -0.172559545 0.001149286 0.024278699 -0.004695630 0.999693541
7415.000000000 -0.481324879 0.130830674 -0.172585593 0.001149525 0.024295728 -0.004692258 0.999693142
7416.000000000 -0.481285406 0.130847616 -0.172569828 0.001157344 0.024292980 -0.004695880 0.999693183
7417.000000000 -0.481238112 0.130778509 -0.172540572 0.001134480 0.024280700 -0.004695931 0.999693507
7418.000000000 -0.481326085 0.130782094 -0.172572678 0.001132063 0.024304332 -0.004703440 0.999692901
7419.000000000 -0.481256745 0.130805687 -0.172526312 0.001136377 0.024283530 -0.004710418 0.999693368
7420.000000000 -0.481273185 0.130787603 -0.172554832 0.001126613 0.024283783 -0.004708820 0.999693381
7421.000000000 -0.481243384 0.130792191 -0.172525922 0.001131344 0.024275487 -0.004696503 0.999693635
7422.000000000 -0.481279996 0.130805585 -0.172564683 0.001139424 0.024282745 -0.004703419 0.999693417
7423.000000000 -0.481241477 0.130794808 -0.172514581 0.001136616 0.024270279 -0.004708270 0.999693700
7424.000000000 -0.481225890 0.130783246 -0.172501189 0.001136604 0.024274390 -0.004702549 0.999693627
7425.000000000 -0.481248104 0.130775867 -0.172569976 0.001138435 0.024272142 -0.004695730 0.999693712
7426.000000000 -0.481293412 0.130787527 -0.172604214 0.001147066 0.024279911 -0.004693651 0.999693523
7427.000000000 -0.481299292 0.130765063 -0.172572499 0.001146088 0.024291674 -0.004663298 0.999693380
7428.000000000 -0.481262770 0.130735546 -0.172498230 0.001128652 0.024277247 -0.004696016 0.999693597
7429.000000000 -0.481226209 0.130804840 -0.172407365 0.001143989 0.024277910 -0.004702661 0.999693533
7430.000000000 -0.481255038 0.130734071 -0.172410536 0.001127903 0.024282118 -0.004681732 0.999693547
7431.000000000 -0.481231654 0.130729403 -0.172408072 0.001126733 0.024280729 -0.004689195 0.999693547
7432.000000000 -0.481243064 0.130710206 -0.172368993 0.001118766 0.024282655 -0.004691300 0.999693499
7433.000000000 -0.481217616 0.130771229 -0.172359027 0.001134107 0.024279255 -0.004694743 0.999693549
7434.000000000 -0.481262934 0.130772475 -0.172405428 0.001134799 0.024289221 -0.004681069 0.999693370
7435.000000000 -0.481186076 0.130774000 -0.172333174 0.001133995 0.024269339 -0.004675876 0.999693878
7436.000000000 -0.481186634 0.130774591 -0.172312543 0.001135640 0.024268800 -0.004676783 0.999693885
7437.000000000 -0.481197513 0.130730511 -0.172322135 0.001120912 0.024275110 -0.004669809 0.999693781
7438.000000000 -0.481156062 0.130798540 -0.172317864 0.001146783 0.024266157 -0.004654127 0.999694042
7439.000000000 -0.481197432 0.130806829 -0.172343163 0.001145632 0.024275629 -0.004679037 0.999693697
7440.000000000 -0.481216353 0.130781976 -0.172284784 0.001133232 0.024285069 -0.004671573 0.999693517
7441.000000000 -0.481224289 0.130773453 -0.172312696 0.001131002 0.024287630 -0.004652993 0.999693544
7442.000000000 -0.481205452 0.130810033 -0.172271200 0.001136617 0.024284389 -0.004677377 0.999693502
7443.000000000 -0.481273906 0.130753060 -0.172344200 0.001122989 0.024297426 -0.004671176 0.999693230
7444.000000000 -0.481285902 0.130759072 -0.172350134 0.001122541 0.024299404 -0.004662576 0.999693223
7445.000000000 -0.481304137 0.130739071 -0.172399664 0.001124679 0.024299952 -0.004658634 0.999693225
7446.000000000 -0.481346114 0.130777448 -0.172407446 0.001129816 0.024308619 -0.004658941 0.999693007
7447.000000000 -0.481267875 0.130772502 -0.172335510 0.001133062 0.024294973 -0.004661258 0.999693325
7448.000000000 -0.481252721 0.130801793 -0.172315166 0.001144138 0.024295089 -0.004675008 0.999693245
7449.000000000 -0.481290864 0.130779080 -0.172380022 0.001141152 0.024299855 -0.004652673 0.999693237
7450.000000000 -0.481258860 0.130749892 -0.172375760 0.001122467 0.024292046 -0.004656413 0.999693430
7451.000000000 -0.481246591 0.130718520 -0.172368120 0.001115883 0.024285833 -0.004688408 0.999693439
7452.000000000 -0.481299549 0.130779747 -0.172463784 0.001132240 0.024292232 -0.004672870 0.999693338
7453.000000000 -0.481220892 0.130761955 -0.172369563 0.001129720 0.024279389 -0.004671626 0.999693659
7454.000000000 -0.481292461 0.130732553 -0.172403694 0.001121827 0.024298303 -0.004679467 0.999693171
7455.000000000 -0.481258816 0.130790215 -0.172378120 0.001137228 0.024288149 -0.004681829 0.999693390
7456.000000000 -0.481253960 0.130789435 -0.172337684 0.001142146 0.024290561 -0.004687278 0.999693300
7457.000000000 -0.481226248 0.130756013 -0.172358853 0.001138611 0.024283798 -0.004673749 0.999693531
7458.000000000 -0.481212652 0.130793551 -0.172290350 0.001144768 0.024285622 -0.004678139 0.999693460
7459.000000000 -0.481240722 0.130787059 -0.172340921 0.001143606 0.024288219 -0.004671328 0.999693430
7460.000000000 -0.481232059 0.130809620 -0.172444732 0.001143508 0.024279065 -0.004681024 0.999693607
7461.000000000 -0.481194349 0.130788117 -0.172334622 0.001143570 0.024276017 -0.004668291 0.999693740
7462.000000000 -0.481230241 0.130835374 -0.172360548 0.001146577 0.024289762 -0.004669503 0.999693397
7463.000000000 -0.481215873 0.130775014 -0.172389835 0.001145155 0.024282721 -0.004675558 0.999693542
7464.000000000 -0.481199257 0.130793379 -0.172411546 0.001139304 0.024274605 -0.004681326 0.999693718
7465.000000000 -0.481200391 0.130814833 -0.172396195 0.001146199 0.024276482 -0.004691646 0.999693617
7466.000000000 -0.481191392 0.130793176 -0.172406772 0.001149452 0.024275460 -0.004672917 0.999693725
7467.000000000 -0.481225942 0.130815463 -0.172427982 0.001156562 0.024278871 -0.004680873 0.999693597
7468.000000000 -0.481262660 0.130815445 -0.172446905 0.001152829 0.024284994 -0.004681184 0.999693451
7469.000000000 -0.481207062 0.130831827 -0.172395891 0.001147140 0.024273873 -0.004698216 0.999693648
7470.000000000 -0.481195422 0.130817283 -0.172437112 0.001152923 0.024268079 -0.004707172 0.999693740
7471.000000000 -0.481240377 0.130835693 -0.172509347 0.001157027 0.024279262 -0.004705663 0.999693471
7472.000000000 -0.481209765 0.130892256 -0.172422568 0.001166771 0.024281424 -0.004724735 0.999693317
7473.000000000 -0.481203847 0.130895504 -0.172444469 0.001175352 0.024276716 -0.004705843 0.999693510
7474.000000000 -0.481235389 0.130839595 -0.172399284 0.001153672 0.024286218 -0.004705243 0.999693308
7475.000000000 -0.481259307 0.130822821 -0.172334834 0.001146836 0.024301678 -0.004698474 0.999692972
7476.000000000 -0.481209160 0.130840004 -0.172359323 0.001149314 0.024286040 -0.004705121 0.999693318
7477.000000000 -0.481235535 0.130845351 -0.172330635 0.001141083 0.024291286 -0.004712505 0.999693165
7478.000000000 -0.481142136 0.130821075 -0.172267539 0.001135086 0.024276936 -0.004712665 0.999693519
7479.000000000 -0.481133140 0.130839755 -0.172300129 0.001141373 0.024271159 -0.004705397 0.999693687
7480.000000000 -0.481105042 0.130790960 -0.172196403 0.001134481 0.024273029 -0.004702145 0.999693665
7481.000000000 -0.481160726 0.130754843 -0.172283065 0.001125609 0.024277303 -0.004689514 0.999693630
7482.000000000 -0.481158387 0.130752848 -0.172293164 0.001121631 0.024276116 -0.004684967 0.999693685
7483.000000000 -0.481196328 0.130766089 -0.172348458 0.001126054 0.024285956 -0.004666312 0.999693528
7484.000000000 -0.481188691 0.130724568 -0.172339154 0.001109585 0.024283359 -0.004668972 0.999693597
7485.000000000 -0.481220978 0.130721114 -0.172394287 0.001105408 0.024293357 -0.004667713 0.999693365
7486.000000000 -0.481246595 0.130721063 -0.172405691 0.001099189 0.024296327 -0.004666402 0.999693305
7487.000000000 -0.481232782 0.130727222 -0.172381719 0.001104558 0.024295705 -0.004658615 0.999693351
7488.000000000 -0.481193371 0.130807461 -0.172444956 0.001122415 0.024274058 -0.004682868 0.999693744
7489.000000000 -0.481192697 0.130748432 -0.172431821 0.001106045 0.024275596 -0.004653071 0.999693864
7490.000000000 -0.481170071 0.130821474 -0.172381851 0.001124369 0.024266930 -0.004675343 0.999693950
7491.000000000 -0.481176199 0.130854335 -0.172377324 0.001133367 0.024277186 -0.004682993 0.999693655
7492.000000000 -0.481217547 0.130735958 -0.172346254 0.001114459 0.024278131 -0.004739146 0.999693388
7493.000000000 -0.481247275 0.130768926 -0.172416227 0.001128514 0.024280649 -0.004752103 0.999693250
7494.000000000 -0.481235532 0.130718216 -0.172295716 0.001115547 0.024276714 -0.004751149 0.999693365
7495.000000000 -0.481245960 0.130733450 -0.172317441 0.001127899 0.024277295 -0.004723681 0.999693467
7496.000000000 -0.481241386 0.130666288 -0.172296824 0.001107088 0.024275714 -0.004749421 0.999693407
7497.000000000 -0.481195553 0.130704148 -0.172290094 0.001118331 0.024261467 -0.004711864 0.999693918
7498.000000000 -0.481202350 0.130758460 -0.172310343 0.001124970 0.024268754 -0.004729385 0.999693651
7499.000000000 -0.481229413 0.130709062 -0.172352129 0.001110775 0.024270488 -0.004727476 0.999693633
7500.000000000 -0.481227595 0.130695663 -0.172311278 0.001107223 0.024268956 -0.004752148 0.999693557
7501.000000000 -0.481176436 0.130658766 -0.172256411 0.001103050 0.024264485 -0.004738496 0.999693735
7502.000000000 -0.481205653 0.130649682 -0.172295844 0.001099589 0.024264305 -0.004735237 0.999693759
7503.000000000 -0.481200614 0.130635638 -0.172325561 0.001092368 0.024266383 -0.004741103 0.999693689
7504.000000000 -0.481212737 0.130655508 -0.172299548 0.001103373 0.024270089 -0.004741611 0.999693584
7505.000000000 -0.481158650 0.130663359 -0.172213316 0.001103474 0.024261049 -0.004749532 0.999693766
7506.000000000 -0.481178312 0.130643137 -0.172236085 0.001100793 0.024259999 -0.004733630 0.999693870
7507.000000000 -0.481149504 0.130604164 -0.172198557 0.001088295 0.024255916 -0.004734207 0.999693980
7508.000000000 -0.481141964 0.130627613 -0.172209599 0.001096465 0.024253115 -0.004740608 0.999694009
7509.000000000 -0.481141931 0.130698910 -0.172291787 0.001113627 0.024251259 -0.004758662 0.999693949
7510.000000000 -0.481164572 0.130688166 -0.172304931 0.001113152 0.024261825 -0.004750280 0.999693733
7511.000000000 -0.481147129 0.130616106 -0.172232456 0.001093885 0.024260700 -0.004731891 0.999693869
7512.000000000 -0.481184193 0.130655572 -0.172219873 0.001101683 0.024268182 -0.004735501 0.999693661
7513.000000000 -0.481208771 0.130648541 -0.172216128 0.001099656 0.024275467 -0.004740772 0.999693462
7514.000000000 -0.481206278 0.130669008 -0.172254401 0.001107644 0.024272346 -0.004722442 0.999693616
7515.000000000 -0.481185943 0.130672528 -0.172271857 0.001107882 0.024264045 -0.004728865 0.999693786
7516.000000000 -0.481049364 0.130735353 -0.171926358 0.001099720 0.024209327 -0.004651943 0.999695483
7517.000000000 -0.481052096 0.130665835 -0.171889920 0.001089975 0.024215644 -0.004753311 0.999694864
7518.000000000 -0.481146534 0.131272890 -0.171577074 0.001230692 0.024227009 -0.004772466 0.999694334
7519.000000000 -0.481128147 0.131250439 -0.171506939 0.001228225 0.024222864 -0.004757475 0.999694509
7520.000000000 -0.481131052 0.131333791 -0.171656317 0.001240291 0.024228055 -0.004745937 0.999694423
7521.000000000 -0.481237431 0.131252610 -0.171549869 0.001221482 0.024265674 -0.004737819 0.999693572
7522.000000000 -0.480748588 0.131017675 -0.171944180 0.001168506 0.024150701 -0.004712266 0.999696540
7523.000000000 -0.480700943 0.130765279 -0.171941279 0.001130021 0.024140024 -0.004781849 0.999696512
7524.000000000 -0.480613224 0.130803483 -0.171946504 0.001141819 0.024111713 -0.004807973 0.999697057
7525.000000000 -0.480635427 0.130797846 -0.172012891 0.001137792 0.024125859 -0.004800432 0.999696756
7526.000000000 -0.480630483 0.130770197 -0.172036173 0.001125584 0.024119798 -0.004790746 0.999696963
7527.000000000 -0.480668599 0.130735838 -0.172059420 0.001106835 0.024127354 -0.004798914 0.999696762
7528.000000000 -0.480647665 0.130814090 -0.172008715 0.001132139 0.024125311 -0.004802244 0.999696767
7529.000000000 -0.480672395 0.130806820 -0.171980048 0.001130829 0.024121829 -0.004810540 0.999696813
7530.000000000 -0.480662916 0.130828614 -0.171968388 0.001142734 0.024131495 -0.004795032 0.999696640
7531.000000000 -0.480585552 0.130861646 -0.171928359 0.001142723 0.024114114 -0.004802999 0.999697022
7532.000000000 -0.480616770 0.130755708 -0.171947811 0.001118758 0.024119844 -0.004809643 0.999696878
7533.000000000 -0.480611145 0.130775486 -0.171907346 0.001128163 0.024123375 -0.004791941 0.999696868
7534.000000000 -0.480591156 0.130803986 -0.171864470 0.001124569 0.024114962 -0.004771713 0.999697171
7535.000000000 -0.480643714 0.130850271 -0.171969682 0.001151462 0.024124911 -0.004781552 0.999696854
7536.000000000 -0.480620966 0.130832326 -0.171954909 0.001144529 0.024121654 -0.004790948 0.999696895
7537.000000000 -0.480660464 0.130771635 -0.171946954 0.001129548 0.024136399 -0.004764865 0.999696681
7538.000000000 -0.480672420 0.130727428 -0.171946561 0.001125849 0.024138587 -0.004778922 0.999696565
7539.000000000 -0.480668208 0.130806640 -0.172058446 0.001141116 0.024133516 -0.004799912 0.999696570
7540.000000000 -0.480674062 0.130771450 -0.171975432 0.001128395 0.024139738 -0.004795700 0.999696454
7541.000000000 -0.480416769 0.130694944 -0.172469042 0.001142417 0.024128010 -0.004813424 0.999696636
7542.000000000 -0.480472653 0.130742862 -0.172500976 0.001140386 0.024141710 -0.004805603 0.999696346
7543.000000000 -0.480446108 0.130728886 -0.172458757 0.001132652 0.024133870 -0.004803857 0.999696552
7544.000000000 -0.480409303 0.130751534 -0.172494837 0.001140768 0.024128881 -0.004797383 0.999696694
7545.000000000 -0.480424768 0.130722473 -0.172477440 0.001128842 0.024133176 -0.004806832 0.999696559
7546.000000000 -0.480394679 0.130780259 -0.172540571 0.001147242 0.024123752 -0.004800401 0.999696796
7547.000000000 -0.480470598 0.130751309 -0.172609759 0.001136927 0.024135179 -0.004806687 0.999696502
7548.000000000 -0.480393980 0.130772771 -0.172526684 0.001144188 0.024122170 -0.004816692 0.999696760
7549.000000000 -0.480369317 0.130807201 -0.172604283 0.001156032 0.024119524 -0.004803884 0.999696871
7550.000000000 -0.480409719 0.130731859 -0.172590867 0.001139061 0.024127595 -0.004806320 0.999696684
7551.000000000 -0.480322860 0.130785294 -0.172554891 0.001144728 0.024117431 -0.004804663 0.999696931
7552.000000000 -0.480348461 0.130769932 -0.172456955 0.001137403 0.024122656 -0.004817006 0.999696754
7553.000000000 -0.480367313 0.130705131 -0.172520172 0.001123582 0.024117287 -0.004794855 0.999697006
7554.000000000 -0.480418675 0.130698765 -0.172543306 0.001123676 0.024131553 -0.004795593 0.999696658
7555.000000000 -0.480418508 0.130656529 -0.172507902 0.001113222 0.024134942 -0.004789334 0.999696618
7556.000000000 -0.480422014 0.130638439 -0.172519092 0.001119067 0.024127530 -0.004786970 0.999696801
7557.000000000 -0.480397782 0.130713616 -0.172484578 0.001128597 0.024122593 -0.004823225 0.999696736
7558.000000000 -0.480480160 0.130654457 -0.172526944 0.001106944 0.024150567 -0.004781188 0.999696286
7559.000000000 -0.480494029 0.130680090 -0.172587598 0.001120927 0.024150310 -0.004777370 0.999696295
7560.000000000 -0.480434519 0.130730639 -0.172523877 0.001132774 0.024144303 -0.004756675 0.999696526
7561.000000000 -0.480519602 0.130739320 -0.172500681 0.001132537 0.024153890 -0.004757897 0.999696289
7562.000000000 -0.480499155 0.130692817 -0.172536212 0.001115483 0.024149242 -0.004763769 0.999696392
7563.000000000 -0.480514582 0.130705048 -0.172478314 0.001126886 0.024151217 -0.004763693 0.999696332
7564.000000000 -0.480570081 0.130678078 -0.172618374 0.001138232 0.024176810 -0.004796174 0.999695545
7565.000000000 -0.480521208 0.130620029 -0.172536442 0.001139667 0.024159095 -0.004790491 0.999695999
7566.000000000 -0.480593777 0.130688751 -0.172687086 0.001142799 0.024175030 -0.004796138 0.999695583
7567.000000000 -0.480676326 0.130647464 -0.172723375 0.001139750 0.024181872 -0.004802688 0.999695390
7568.000000000 -0.480732354 0.130632354 -0.172536725 0.001138946 0.024188813 -0.004805903 0.999695207
7569.000000000 -0.480717912 0.130693783 -0.172679013 0.001158408 0.024183099 -0.004808567 0.999695310
7570.000000000 -0.480754838 0.130637022 -0.172667962 0.001138432 0.024187514 -0.004801577 0.999695260
7571.000000000 -0.480711593 0.130600121 -0.172599365 0.001138474 0.024184919 -0.004796332 0.999695348
7572.000000000 -0.480781146 0.130516100 -0.172536691 0.001109711 0.024205004 -0.004810901 0.999694824
7573.000000000 -0.480704057 0.130679116 -0.172527910 0.001142751 0.024188923 -0.004806236 0.999695199
7574.000000000 -0.480664213 0.130633871 -0.172586101 0.001133760 0.024182135 -0.004786531 0.999695468
7575.000000000 -0.480663321 0.130614838 -0.172658833 0.001137960 0.024175847 -0.004788458 0.999695606
7576.000000000 -0.480621425 0.130684782 -0.172524575 0.001147486 0.024181740 -0.004780632 0.999695490
7577.000000000 -0.480647018 0.130682846 -0.172495637 0.001150143 0.024186497 -0.004760498 0.999695468
7578.000000000 -0.480621970 0.130732697 -0.172483623 0.001159713 0.024182116 -0.004763613 0.999695548
7579.000000000 -0.480411463 0.130574754 -0.171950627 0.001145571 0.024156880 -0.004785230 0.999696071
7580.000000000 -0.480434107 0.130544842 -0.171920797 0.001128360 0.024161518 -0.004790997 0.999695951
7581.000000000 -0.480522883 0.130589002 -0.171993856 0.001145208 0.024170846 -0.004795973 0.999695682
7582.000000000 -0.480570946 0.130548507 -0.171996984 0.001137638 0.024174868 -0.004804285 0.999695554
7583.000000000 -0.480596243 0.130436216 -0.171975319 0.001117572 0.024181125 -0.004821293 0.999695343
7584.000000000 -0.480534199 0.130512259 -0.171948155 0.001124529 0.024177186 -0.004786648 0.999695597
7585.000000000 -0.480322523 0.130708650 -0.171928954 0.001187077 0.024116157 -0.004793475 0.999696966
7586.000000000 -0.480268618 0.130762858 -0.171878905 0.001205513 0.024107738 -0.004800155 0.999697115
7587.000000000 -0.480321032 0.130778995 -0.171912612 0.001205691 0.024117993 -0.004776155 0.999696983
7588.000000000 -0.480573373 0.130967756 -0.171987842 0.001259486 0.024173314 -0.004825887 0.999695341
7589.000000000 -0.480647954 0.130955212 -0.172012736 0.001259085 0.024190156 -0.004816853 0.999694978
7590.000000000 -0.480671251 0.131005652 -0.171990047 0.001277022 0.024196670 -0.004812143 0.999694820
7591.000000000 -0.480695968 0.130927108 -0.171966351 0.001260624 0.024202304 -0.004807166 0.999694729
7592.000000000 -0.480535696 0.130982187 -0.171969152 0.001269715 0.024177498 -0.004793802 0.999695382
7593.000000000 -0.480593629 0.130957147 -0.171991096 0.001271190 0.024186465 -0.004785359 0.999695203
7594.000000000 -0.480619703 0.130961282 -0.171857059 0.001269029 0.024196579 -0.004793862 0.999694920
7595.000000000 -0.480639504 0.130963678 -0.171872257 0.001273434 0.024193492 -0.004779726 0.999695057
7596.000000000 -0.480530568 0.131007258 -0.171887271 0.001280017 0.024175598 -0.004774086 0.999695509
7597.000000000 -0.480522793 0.131019531 -0.171970516 0.001287272 0.024169138 -0.004777619 0.999695639
7598.000000000 -0.480514419 0.131015069 -0.171954970 0.001291176 0.024168061 -0.004782400 0.999695637
7599.000000000 -0.480417637 0.131110224 -0.171911432 0.001308126 0.024154610 -0.004772083 0.999695989
7600.000000000 -0.480471293 0.131045542 -0.171979789 0.001295787 0.024163292 -0.004777828 0.999695768
7601.000000000 -0.480500993 0.131027564 -0.171969052 0.001291878 0.024162505 -0.004786640 0.999695750
7602.000000000 -0.480511586 0.131026598 -0.172037251 0.001289020 0.024163212 -0.004761963 0.999695854
7603.000000000 -0.480461498 0.131060271 -0.171998514 0.001286740 0.024155306 -0.004769363 0.999696013
7604.000000000 -0.480380887 0.131052949 -0.172027821 0.001279381 0.024145026 -0.004768942 0.999696273
7605.000000000 -0.480388667 0.131079023 -0.172038386 0.001285225 0.024138905 -0.004767882 0.999696418
7606.000000000 -0.480409537 0.131077878 -0.172086607 0.001300792 0.024143367 -0.004769334 0.999696283
7607.000000000 -0.480454575 0.131056104 -0.172079498 0.001296664 0.024152471 -0.004773621 0.999696048
7608.000000000 -0.480468478 0.131009923 -0.172174050 0.001282940 0.024159577 -0.004788601 0.999695823
7609.000000000 -0.480493234 0.131030378 -0.172139658 0.001285248 0.024166678 -0.004790603 0.999695639
7610.000000000 -0.480521836 0.130952257 -0.172152547 0.001270722 0.024170382 -0.004801469 0.999695516
7611.000000000 -0.480471412 0.131020212 -0.172139798 0.001292373 0.024160581 -0.004785174 0.999695803
7612.000000000 -0.480514589 0.131023539 -0.172156874 0.001283312 0.024169219 -0.004805876 0.999695506
7613.000000000 -0.480523070 0.130999946 -0.172049696 0.001273203 0.024169678 -0.004817713 0.999695451
7614.000000000 -0.480559682 0.130982526 -0.172144609 0.001272817 0.024179317 -0.004801743 0.999695295
7615.000000000 -0.480490180 0.130995072 -0.172105344 0.001272660 0.024170078 -0.004807823 0.999695490
7616.000000000 -0.480652591 0.130957243 -0.172149108 0.001271816 0.024197568 -0.004808051 0.999694825
7617.000000000 -0.480623943 0.130955465 -0.172167631 0.001270252 0.024186089 -0.004801243 0.999695137
7618.000000000 -0.480528774 0.130965221 -0.172131900 0.001266925 0.024172482 -0.004791038 0.999695520
7619.000000000 -0.480623924 0.130911882 -0.172064089 0.001260371 0.024185456 -0.004782232 0.999695256
7620.000000000 -0.480624596 0.130853007 -0.172106052 0.001243266 0.024182568 -0.004768743 0.999695412
7621.000000000 -0.480563513 0.130830358 -0.172047211 0.001240918 0.024173108 -0.004797408 0.999695507
7622.000000000 -0.480513764 0.130960347 -0.172090748 0.001265746 0.024168296 -0.004788201 0.999695636
7623.000000000 -0.480517170 0.131021662 -0.172045362 0.001280921 0.024166393 -0.004790552 0.999695651
7624.000000000 -0.480487770 0.130996035 -0.172010475 0.001269788 0.024166224 -0.004774752 0.999695745
7625.000000000 -0.480559287 0.130944201 -0.172207519 0.001264963 0.024175097 -0.004775147 0.999695535
7626.000000000 -0.480492350 0.130951363 -0.172182163 0.001272660 0.024171404 -0.004797033 0.999695510
7627.000000000 -0.480439151 0.130971360 -0.172052602 0.001268430 0.024158121 -0.004774376 0.999695945
7628.000000000 -0.480512561 0.130910664 -0.172106025 0.001254053 0.024177463 -0.004789529 0.999695423
7629.000000000 -0.480485441 0.131003457 -0.171963759 0.001275908 0.024170719 -0.004800590 0.999695505
7630.000000000 -0.480494452 0.130951148 -0.171933873 0.001270438 0.024173766 -0.004794821 0.999695466
7631.000000000 -0.480567458 0.130897599 -0.171997164 0.001252447 0.024187275 -0.004795540 0.999695158
7632.000000000 -0.480518311 0.131016808 -0.172071360 0.001278982 0.024176185 -0.004803197 0.999695356
7633.000000000 -0.480530053 0.130929731 -0.172164909 0.001266731 0.024163818 -0.004810355 0.999695637
7634.000000000 -0.480578884 0.130954264 -0.172115870 0.001269172 0.024175375 -0.004800024 0.999695404
7635.000000000 -0.480575042 0.131019943 -0.172150598 0.001282832 0.024165781 -0.004784827 0.999695691
7636.000000000 -0.480556499 0.130970635 -0.172030702 0.001267735 0.024170241 -0.004803848 0.999695511
7637.000000000 -0.480585507 0.130990114 -0.172077248 0.001275932 0.024175470 -0.004811194 0.999695339
7638.000000000 -0.480558853 0.131032242 -0.172086449 0.001288343 0.024168700 -0.004800083 0.999695540
7639.000000000 -0.480615922 0.130990967 -0.172021082 0.001279734 0.024181950 -0.004809660 0.999695185
7640.000000000 -0.480557693 0.130994830 -0.171976247 0.001284543 0.024179112 -0.004812319 0.999695235
7641.000000000 -0.480545971 0.130983781 -0.171961067 0.001277359 0.024176824 -0.004805848 0.999695330
7642.000000000 -0.480564153 0.130955056 -0.171931239 0.001271816 0.024173217 -0.004803424 0.999695436
7643.000000000 -0.480606430 0.130997411 -0.172045390 0.001278530 0.024182319 -0.004783480 0.999695303
7644.000000000 -0.480606175 0.131052259 -0.171997406 0.001284577 0.024177027 -0.004796545 0.999695361
7645.000000000 -0.480650411 0.130983103 -0.172062217 0.001269199 0.024188584 -0.004799293 0.999695088
7646.000000000 -0.480665538 0.130962626 -0.172196506 0.001259426 0.024188856 -0.004793412 0.999695122
7647.000000000 -0.480637521 0.131035148 -0.172144128 0.001280967 0.024184411 -0.004821994 0.999695064
7648.000000000 -0.480589774 0.131016890 -0.172116707 0.001272726 0.024174685 -0.004780595 0.999695509
7649.000000000 -0.480683436 0.130858943 -0.172139629 0.001241780 0.024191520 -0.004778955 0.999695149
7650.000000000 -0.480695974 0.130789485 -0.172048081 0.001224827 0.024197712 -0.004785259 0.999694989
7651.000000000 -0.480721582 0.130728176 -0.172039560 0.001212920 0.024200955 -0.004798849 0.999694860
7652.000000000 -0.480756143 0.130707458 -0.172082021 0.001207132 0.024194135 -0.004807128 0.999694993
7653.000000000 -0.480627327 0.130836126 -0.172067790 0.001242080 0.024177452 -0.004800189 0.999695387
7654.000000000 -0.480899710 0.130699359 -0.172046426 0.001211336 0.024221401 -0.004795460 0.999694383
7655.000000000 -0.480930280 0.130666502 -0.172063560 0.001206489 0.024231691 -0.004783321 0.999694198
7656.000000000 -0.480966079 0.130694735 -0.172057845 0.001214122 0.024237428 -0.004785748 0.999694038
7657.000000000 -0.480925756 0.130598232 -0.172066258 0.001188609 0.024231853 -0.004780831 0.999694227
7658.000000000 -0.480831577 0.130726470 -0.172031996 0.001210542 0.024225736 -0.004778369 0.999694361
7659.000000000 -0.480905020 0.130709323 -0.172087891 0.001214568 0.024228946 -0.004772184 0.999694308
7660.000000000 -0.480922856 0.130610917 -0.172039525 0.001191486 0.024238957 -0.004769491 0.999694106
7661.000000000 -0.480943256 0.130627118 -0.172007812 0.001193339 0.024239565 -0.004767886 0.999694097
7662.000000000 -0.480895033 0.130572034 -0.171963186 0.001180560 0.024231686 -0.004774148 0.999694273
7663.000000000 -0.480856727 0.130622813 -0.171981141 0.001191956 0.024224881 -0.004778483 0.999694404
7664.000000000 -0.480802248 0.130680818 -0.172010085 0.001206005 0.024213881 -0.004763798 0.999694723
7665.000000000 -0.480810939 0.130701460 -0.171956292 0.001207442 0.024219119 -0.004788354 0.999694477
7666.000000000 -0.480715262 0.130679532 -0.171977366 0.001193505 0.024204184 -0.004776700 0.999694912
7667.000000000 -0.480814698 0.130667516 -0.172009039 0.001196730 0.024221705 -0.004789689 0.999694421
7668.000000000 -0.480804005 0.130651675 -0.171969845 0.001195866 0.024218227 -0.004791736 0.999694497
7669.000000000 -0.480911238 0.130676317 -0.172016542 0.001195048 0.024230886 -0.004789507 0.999694202
7670.000000000 -0.480889331 0.130671868 -0.172043421 0.001198256 0.024224850 -0.004784542 0.999694368
7671.000000000 -0.480925908 0.130579837 -0.172117819 0.001185701 0.024230539 -0.004790665 0.999694216
7672.000000000 -0.480882044 0.130666815 -0.172070425 0.001202356 0.024225746 -0.004771092 0.999694405
7673.000000000 -0.480918491 0.130678298 -0.172085046 0.001202652 0.024226125 -0.004772783 0.999694388
7674.000000000 -0.480949107 0.130658225 -0.172103681 0.001199827 0.024230506 -0.004784072 0.999694231
7675.000000000 -0.481041001 0.130674641 -0.172102387 0.001206187 0.024247570 -0.004802514 0.999693721
7676.000000000 -0.480931925 0.130742500 -0.172062881 0.001224971 0.024235326 -0.004795977 0.999694027
7677.000000000 -0.481053559 0.130780716 -0.172190375 0.001225894 0.024252954 -0.004783033 0.999693660
7678.000000000 -0.481040107 0.130662919 -0.172171202 0.001195147 0.024250248 -0.004761764 0.999693864
7679.000000000 -0.481059327 0.130611291 -0.172114047 0.001185520 0.024248706 -0.004771684 0.999693866
7680.000000000 -0.481050614 0.130642939 -0.172131763 0.001195720 0.024243358 -0.004766480 0.999694008
7681.000000000 -0.481020007 0.130664037 -0.172128565 0.001194230 0.024238584 -0.004753559 0.999694188
7682.000000000 -0.481064720 0.130604363 -0.172055729 0.001185174 0.024244049 -0.004758489 0.999694042
7683.000000000 -0.481005551 0.130673843 -0.172088709 0.001197235 0.024233407 -0.004761346 0.999694272
7684.000000000 -0.480945694 0.130658302 -0.172094679 0.001196059 0.024228537 -0.004764836 0.999694375
7685.000000000 -0.480807140 0.130648953 -0.172098772 0.001196926 0.024207361 -0.004752173 0.999694947
7686.000000000 -0.480907315 0.130702541 -0.172111483 0.001197780 0.024217793 -0.004774090 0.999694589
7687.000000000 -0.481064825 0.130756173 -0.172188753 0.001212548 0.024248504 -0.004753175 0.999693927
7688.000000000 -0.480776644 0.131609773 -0.171275635 0.001421250 0.024199340 -0.004844531 0.999694405
7689.000000000 -0.481023487 0.131744413 -0.171709438 0.001455554 0.024230272 -0.004910860 0.999693282
7690.000000000 -0.481090152 0.131422482 -0.171757248 0.001364601 0.024285873 -0.004814044 0.999692532
7691.000000000 -0.481106308 0.131430959 -0.171727622 0.001364371 0.024293882 -0.004834663 0.999692239
7692.000000000 -0.481100863 0.131402761 -0.171733687 0.001351778 0.024289332 -0.004831992 0.999692379
7693.000000000 -0.481112623 0.131409734 -0.171740054 0.001359454 0.024289711 -0.004819411 0.999692420
7694.000000000 -0.481194772 0.131440646 -0.171871855 0.001368446 0.024290859 -0.004840141 0.999692280
7695.000000000 -0.481199282 0.131489550 -0.171853718 0.001389234 0.024292651 -0.004812463 0.999692341
7696.000000000 -0.481228789 0.131450905 -0.171872133 0.001384056 0.024297007 -0.004826441 0.999692175
7697.000000000 -0.481180471 0.131471676 -0.171802972 0.001389889 0.024295158 -0.004817266 0.999692256
7698.000000000 -0.481180610 0.131470765 -0.171804237 0.001388157 0.024293685 -0.004822654 0.999692269
7699.000000000 -0.481157834 0.131498694 -0.171763367 0.001395302 0.024290723 -0.004837186 0.999692260
7700.000000000 -0.481139425 0.131491740 -0.171735168 0.001398176 0.024293656 -0.004841080 0.999692166
7701.000000000 -0.481166993 0.131471537 -0.171754340 0.001388819 0.024303029 -0.004823977 0.999692034
7702.000000000 -0.481148055 0.131478574 -0.171743951 0.001390707 0.024301161 -0.004818928 0.999692101
7703.000000000 -0.481201071 0.131450002 -0.171760275 0.001381364 0.024317284 -0.004814608 0.999691743
7704.000000000 -0.481192693 0.131420882 -0.171757759 0.001375203 0.024312589 -0.004800294 0.999691935
7705.000000000 -0.481241354 0.131454362 -0.171802375 0.001391443 0.024327197 -0.004795043 0.999691582
7706.000000000 -0.481182095 0.131423352 -0.171754677 0.001379486 0.024309726 -0.004791216 0.999692042
7707.000000000 -0.481194221 0.131388957 -0.171858600 0.001360928 0.024306116 -0.004787882 0.999692171
7708.000000000 -0.481151382 0.131385368 -0.171728064 0.001362002 0.024308429 -0.004793369 0.999692087
7709.000000000 -0.481174580 0.131361270 -0.171788701 0.001345313 0.024307863 -0.004793327 0.999692124
7710.000000000 -0.481185912 0.131411993 -0.171766832 0.001362021 0.024310766 -0.004784064 0.999692075
7711.000000000 -0.481160259 0.131421679 -0.171706928 0.001367310 0.024305635 -0.004811335 0.999692061
7712.000000000 -0.481225004 0.131388217 -0.171816284 0.001362318 0.024317996 -0.004789553 0.999691872
7713.000000000 -0.481171031 0.131427215 -0.171752205 0.001369956 0.024312288 -0.004789809 0.999691999
7714.000000000 -0.481123843 0.131421595 -0.171742316 0.001365942 0.024297212 -0.004796493 0.999692339
7715.000000000 -0.481198849 0.131418277 -0.171878413 0.001373105 0.024297630 -0.004805117 0.999692278
7716.000000000 -0.481155697 0.131433997 -0.171817112 0.001367601 0.024291379 -0.004791794 0.999692501
7717.000000000 -0.481247269 0.131448503 -0.171902252 0.001382518 0.024298052 -0.004804309 0.999692259
7718.000000000 -0.481229598 0.131435316 -0.171955543 0.001376678 0.024291700 -0.004788903 0.999692495
7719.000000000 -0.481222785 0.131391475 -0.171948182 0.001357643 0.024284451 -0.004770516 0.999692785
7720.000000000 -0.481261447 0.131413416 -0.171965014 0.001367238 0.024297012 -0.004793518 0.999692357
7721.000000000 -0.481262341 0.131455790 -0.171890761 0.001380789 0.024308110 -0.004816337 0.999691959
7722.000000000 -0.481307255 0.131486079 -0.171973326 0.001391202 0.024313392 -0.004811655 0.999691838
7723.000000000 -0.481262455 0.131476539 -0.171917772 0.001386762 0.024301845 -0.004823080 0.999692070
7724.000000000 -0.481269449 0.131525379 -0.171953405 0.001406505 0.024298649 -0.004822234 0.999692124
7725.000000000 -0.481302950 0.131510039 -0.172021772 0.001398609 0.024306036 -0.004830257 0.999691917
7726.000000000 -0.481280009 0.131535482 -0.172030803 0.001409038 0.024289415 -0.004828887 0.999692313
7727.000000000 -0.481335921 0.131535118 -0.172084526 0.001412697 0.024300415 -0.004808811 0.999692137
7728.000000000 -0.481327159 0.131488055 -0.172104252 0.001396669 0.024294712 -0.004785423 0.999692411
7729.000000000 -0.481360180 0.131547794 -0.172121616 0.001412952 0.024300855 -0.004810089 0.999692120
7730.000000000 -0.481390258 0.131535515 -0.172116576 0.001415794 0.024308713 -0.004796948 0.999691988
7731.000000000 -0.481430262 0.131521555 -0.172125870 0.001409537 0.024319277 -0.004793722 0.999691756
7732.000000000 -0.481371885 0.131536503 -0.172078986 0.001403126 0.024310591 -0.004807510 0.999691910
7733.000000000 -0.481323042 0.131550812 -0.171974603 0.001406242 0.024308455 -0.004808211 0.999691954
7734.000000000 -0.481329114 0.131547262 -0.172030314 0.001409092 0.024299101 -0.004816107 0.999692139
7735.000000000 -0.481307170 0.131568822 -0.172077735 0.001418635 0.024296830 -0.004827833 0.999692124
7736.000000000 -0.481304791 0.131543808 -0.172019334 0.001411036 0.024298998 -0.004830985 0.999692067
7737.000000000 -0.481345263 0.131526883 -0.172124975 0.001400932 0.024300992 -0.004839233 0.999691993
7738.000000000 -0.481320613 0.131533160 -0.172053201 0.001408222 0.024306047 -0.004835969 0.999691876
7739.000000000 -0.481368829 0.131566734 -0.172064994 0.001423724 0.024319844 -0.004841320 0.999691492
7740.000000000 -0.481277575 0.131541892 -0.171935598 0.001413910 0.024310374 -0.004843684 0.999691725
7741.000000000 -0.481195539 0.131577451 -0.171904551 0.001433162 0.024291411 -0.004835077 0.999692200
7742.000000000 -0.481302284 0.131594856 -0.171999153 0.001433140 0.024316289 -0.004836420 0.999691589
7743.000000000 -0.481281844 0.131519995 -0.171899277 0.001406373 0.024315359 -0.004833369 0.999691664
7744.000000000 -0.481254190 0.131504622 -0.171870093 0.001408122 0.024316518 -0.004838720 0.999691608
7745.000000000 -0.481197981 0.131515743 -0.171840377 0.001406686 0.024302638 -0.004830549 0.999691987
7746.000000000 -0.481188527 0.131569118 -0.171854375 0.001414452 0.024301829 -0.004858688 0.999691859
7747.000000000 -0.481177501 0.131541999 -0.171808647 0.001409891 0.024296936 -0.004858993 0.999691983
7748.000000000 -0.481178875 0.131443623 -0.171758670 0.001376209 0.024294748 -0.004809382 0.999692323
7749.000000000 -0.481173004 0.131458230 -0.171765631 0.001372766 0.024286694 -0.004818091 0.999692482
7750.000000000 -0.481222965 0.131418837 -0.171826817 0.001357622 0.024298626 -0.004784109 0.999692376
7751.000000000 -0.481198208 0.131451375 -0.171751793 0.001366446 0.024296697 -0.004800093 0.999692334
7752.000000000 -0.481320351 0.131542600 -0.172011722 0.001403611 0.024299056 -0.004811536 0.999692170
7753.000000000 -0.481388601 0.131539658 -0.172033326 0.001394622 0.024314512 -0.004813939 0.999691795
7754.000000000 -0.481431398 0.131365426 -0.172060828 0.001362417 0.024319404 -0.004799777 0.999691789
7755.000000000 -0.481461228 0.131348734 -0.172146490 0.001368063 0.024322124 -0.004774646 0.999691835
7756.000000000 -0.481437509 0.131345253 -0.172080842 0.001373947 0.024324726 -0.004784012 0.999691719
7757.000000000 -0.481610351 0.131408354 -0.172278142 0.001395698 0.024355530 -0.004716208 0.999691261
7758.000000000 -0.481607117 0.131093977 -0.172532912 0.001342615 0.024358348 -0.004712341 0.999691283
7759.000000000 -0.481136237 0.131175063 -0.172168636 0.001357133 0.024277493 -0.004740140 0.999693099
7760.000000000 -0.481076020 0.131321421 -0.172191729 0.001401769 0.024258203 -0.004761385 0.999693405
7761.000000000 -0.481023075 0.131273367 -0.172147374 0.001382730 0.024247456 -0.004725419 0.999693863
7762.000000000 -0.481024403 0.131287024 -0.172197901 0.001392140 0.024243450 -0.004756814 0.999693798
7763.000000000 -0.480996858 0.131281534 -0.172124142 0.001388265 0.024241014 -0.004724774 0.999694014
7764.000000000 -0.481054159 0.131256297 -0.172172949 0.001382359 0.024257776 -0.004733375 0.999693575
7765.000000000 -0.480995207 0.131165506 -0.172086138 0.001355074 0.024243455 -0.004732694 0.999693963
7766.000000000 -0.481070287 0.131199809 -0.172149560 0.001368034 0.024264431 -0.004726204 0.999693467
7767.000000000 -0.481057090 0.131272454 -0.172124902 0.001384234 0.024258622 -0.004733825 0.999693550
7768.000000000 -0.481086313 0.131232682 -0.172146594 0.001383060 0.024268426 -0.004733598 0.999693315
7769.000000000 -0.481084328 0.131323269 -0.172110229 0.001399653 0.024261548 -0.004748774 0.999693387
7770.000000000 -0.481047074 0.131275645 -0.172097610 0.001386461 0.024259904 -0.004747452 0.999693451
7771.000000000 -0.481063316 0.131260583 -0.172280819 0.001387054 0.024245663 -0.004738795 0.999693837
7772.000000000 -0.481095115 0.131260987 -0.172139422 0.001377103 0.024266879 -0.004746035 0.999693302
7773.000000000 -0.481062613 0.131277641 -0.172135103 0.001387128 0.024259826 -0.004753850 0.999693422
7774.000000000 -0.481050541 0.131324285 -0.172097186 0.001401231 0.024257653 -0.004735092 0.999693544
7775.000000000 -0.481111357 0.131236890 -0.172123384 0.001374542 0.024274254 -0.004714261 0.999693276
7776.000000000 -0.481056452 0.131233573 -0.172125464 0.001375649 0.024256423 -0.004727247 0.999693646
7777.000000000 -0.481051053 0.131243430 -0.172065937 0.001376559 0.024255649 -0.004743729 0.999693586
7778.000000000 -0.481071115 0.131255618 -0.172123383 0.001379593 0.024257269 -0.004739216 0.999693564
7779.000000000 -0.481065922 0.131245014 -0.172111748 0.001374059 0.024264197 -0.004735510 0.999693421
7780.000000000 -0.481070388 0.131222140 -0.172115488 0.001371615 0.024260147 -0.004722377 0.999693585
7781.000000000 -0.481044052 0.131170114 -0.172046589 0.001356856 0.024257743 -0.004722410 0.999693663
7782.000000000 -0.481023931 0.131197947 -0.172098373 0.001371329 0.024250313 -0.004692495 0.999693964
7783.000000000 -0.480932008 0.131204063 -0.172043879 0.001381540 0.024229896 -0.004695689 0.999694430
7784.000000000 -0.480951959 0.131231438 -0.171983020 0.001377539 0.024240449 -0.004710316 0.999694111
7785.000000000 -0.480940430 0.131224644 -0.171991179 0.001361289 0.024232755 -0.004758000 0.999694094
7786.000000000 -0.480881103 0.131269200 -0.171906036 0.001371742 0.024222110 -0.004752645 0.999694363
7787.000000000 -0.480931366 0.131262875 -0.171985860 0.001377329 0.024235693 -0.004749736 0.999694040
7788.000000000 -0.480970865 0.131272333 -0.172040840 0.001378235 0.024243884 -0.004736670 0.999693902
7789.000000000 -0.480970148 0.131258786 -0.172062603 0.001381882 0.024240325 -0.004731871 0.999694006
7790.000000000 -0.480962416 0.131244502 -0.172037089 0.001376080 0.024231921 -0.004735973 0.999694199
7791.000000000 -0.480988131 0.131228307 -0.172044640 0.001371205 0.024244709 -0.004757144 0.999693795
7792.000000000 -0.480989059 0.131289750 -0.172121525 0.001391563 0.024242959 -0.004756438 0.999693813
7793.000000000 -0.480996574 0.131259671 -0.172152409 0.001382532 0.024241298 -0.004753105 0.999693881
7794.000000000 -0.481045277 0.131287649 -0.172177848 0.001394104 0.024257078 -0.004745829 0.999693517
7795.000000000 -0.481044792 0.131246321 -0.172174575 0.001393712 0.024255080 -0.004745581 0.999693567
7796.000000000 -0.481041632 0.131296363 -0.172189438 0.001395678 0.024253368 -0.004767724 0.999693501
7797.000000000 -0.480999551 0.131263260 -0.172147789 0.001398734 0.024240838 -0.004769258 0.999693793
7798.000000000 -0.480933032 0.131315336 -0.172080740 0.001404563 0.024229575 -0.004784993 0.999693983
7799.000000000 -0.480958902 0.131275055 -0.172072757 0.001395360 0.024233347 -0.004784935 0.999693904
7800.000000000 -0.480993388 0.131337678 -0.172101148 0.001412200 0.024238972 -0.004799301 0.999693675
7801.000000000 -0.480913871 0.131389925 -0.172121968 0.001421905 0.024218660 -0.004799986 0.999694151
7802.000000000 -0.480951317 0.131319298 -0.172130802 0.001405935 0.024226923 -0.004782099 0.999694059
7803.000000000 -0.480913596 0.131324618 -0.172020231 0.001398916 0.024222935 -0.004787894 0.999694137
7804.000000000 -0.480873529 0.131309952 -0.171967789 0.001391998 0.024215938 -0.004800257 0.999694257
7805.000000000 -0.480862403 0.131315982 -0.171985323 0.001392982 0.024210786 -0.004801228 0.999694376
7806.000000000 -0.480922378 0.131357834 -0.171940580 0.001405455 0.024232997 -0.004812332 0.999693767
7807.000000000 -0.480867722 0.131321706 -0.171923226 0.001391071 0.024217968 -0.004795331 0.999694233
7808.000000000 -0.480823277 0.131305991 -0.171976937 0.001393561 0.024199375 -0.004790542 0.999694703
7809.000000000 -0.480793307 0.131286626 -0.172025327 0.001396020 0.024192823 -0.004795494 0.999694834
7810.000000000 -0.480879078 0.131241270 -0.172066200 0.001392874 0.024204436 -0.004779101 0.999694636
7811.000000000 -0.480910620 0.131300746 -0.172130990 0.001404315 0.024219894 -0.004765471 0.999694311
7812.000000000 -0.480923713 0.131298497 -0.172111101 0.001389549 0.024224305 -0.004774935 0.999694179
7813.000000000 -0.480892917 0.131281801 -0.172081201 0.001391254 0.024212000 -0.004776030 0.999694470
7814.000000000 -0.480953337 0.131290602 -0.172150055 0.001392275 0.024231827 -0.004753183 0.999694097
7815.000000000 -0.480903551 0.131358221 -0.172089958 0.001418102 0.024219195 -0.004768874 0.999694292
7816.000000000 -0.480815842 0.131199246 -0.171872117 0.001360617 0.024213265 -0.004717917 0.999694757
7817.000000000 -0.480840509 0.131143114 -0.171881766 0.001347035 0.024220004 -0.004709165 0.999694654
7818.000000000 -0.480746809 0.131175034 -0.171884445 0.001358331 0.024191331 -0.004723942 0.999695263
7819.000000000 -0.480827262 0.131191785 -0.171964047 0.001355964 0.024213135 -0.004732471 0.999694698
7820.000000000 -0.480812664 0.131173491 -0.171885324 0.001356530 0.024207540 -0.004710486 0.999694937
7821.000000000 -0.480858443 0.131234788 -0.171950410 0.001374246 0.024218153 -0.004720869 0.999694606
7822.000000000 -0.480820615 0.131277388 -0.171919304 0.001381001 0.024208520 -0.004742906 0.999694726
7823.000000000 -0.480850811 0.131187130 -0.171995293 0.001350905 0.024211078 -0.004727918 0.999694776
7824.000000000 -0.480832770 0.131293514 -0.172013931 0.001368397 0.024195711 -0.004838906 0.999694593
7825.000000000 -0.480854856 0.131178830 -0.172031166 0.001343205 0.024196124 -0.004816148 0.999694727
7826.000000000 -0.480810890 0.131209976 -0.172020893 0.001357451 0.024181279 -0.004824619 0.999695027
7827.000000000 -0.480841056 0.131229136 -0.172012522 0.001356069 0.024193848 -0.004807848 0.999694805
7828.000000000 -0.480817162 0.131274713 -0.172084098 0.001369735 0.024180700 -0.004831320 0.999694991
7829.000000000 -0.480759657 0.131254224 -0.172025747 0.001360795 0.024168777 -0.004812121 0.999695385
7830.000000000 -0.480850517 0.131252039 -0.172110183 0.001366388 0.024196589 -0.004787525 0.999694822
7831.000000000 -0.480820120 0.131230140 -0.172025137 0.001354929 0.024184536 -0.004797086 0.999695084
7832.000000000 -0.480872140 0.131212456 -0.172008277 0.001356616 0.024199142 -0.004802571 0.999694702
7833.000000000 -0.480890332 0.131217193 -0.172046065 0.001359234 0.024207218 -0.004789276 0.999694566
7834.000000000 -0.480948659 0.131181726 -0.172085814 0.001348146 0.024218537 -0.004782117 0.999694341
7835.000000000 -0.480826511 0.131221247 -0.172035604 0.001359503 0.024185441 -0.004796121 0.999695060
7836.000000000 -0.480810723 0.131205920 -0.172054474 0.001357937 0.024184168 -0.004802219 0.999695064
7837.000000000 -0.480791856 0.131217876 -0.171970207 0.001355394 0.024184054 -0.004801334 0.999695074
7838.000000000 -0.480801554 0.131240539 -0.172040612 0.001370161 0.024179414 -0.004810428 0.999695123
7839.000000000 -0.480826631 0.131189197 -0.171976260 0.001362612 0.024189768 -0.004822573 0.999694824
7840.000000000 -0.480846534 0.131207952 -0.171993095 0.001358286 0.024186928 -0.004812813 0.999694946
7841.000000000 -0.480847725 0.131204255 -0.171989568 0.001359988 0.024190777 -0.004822215 0.999694805
7842.000000000 -0.480776287 0.131169249 -0.171977397 0.001348013 0.024178093 -0.004819248 0.999695142
7843.000000000 -0.480835767 0.131159899 -0.172012518 0.001350985 0.024192833 -0.004812620 0.999694814
7844.000000000 -0.480796707 0.131111324 -0.171992975 0.001342086 0.024184980 -0.004798397 0.999695084
7845.000000000 -0.480835904 0.131156011 -0.172072502 0.001350343 0.024194802 -0.004794170 0.999694855
7846.000000000 -0.480690586 0.131137697 -0.172027886 0.001357145 0.024157029 -0.004786834 0.999695795
7847.000000000 -0.480704353 0.131156035 -0.172054925 0.001363580 0.024165194 -0.004775322 0.999695644
7848.000000000 -0.480650031 0.131313037 -0.172012608 0.001386645 0.024156731 -0.004795677 0.999695719
7849.000000000 -0.480519371 0.131414991 -0.172140259 0.001409382 0.024131730 -0.004786936 0.999696333
7850.000000000 -0.480338897 0.131431906 -0.172291854 0.001404949 0.024104738 -0.004805893 0.999696900
7851.000000000 -0.480949782 0.130970015 -0.171916148 0.001312761 0.024210811 -0.004755902 0.999694701
7852.000000000 -0.481101291 0.131231553 -0.171815905 0.001358034 0.024243286 -0.004756231 0.999693852
7853.000000000 -0.481028959 0.131205562 -0.171775121 0.001343209 0.024219854 -0.004742723 0.999694504
7854.000000000 -0.481083593 0.131156469 -0.171774200 0.001336314 0.024233688 -0.004753249 0.999694128
7855.000000000 -0.481121604 0.131148350 -0.171815825 0.001335183 0.024236088 -0.004757934 0.999694049
7856.000000000 -0.481059764 0.131143358 -0.171746144 0.001329213 0.024220212 -0.004760850 0.999694428
7857.000000000 -0.481189361 0.131071447 -0.171740725 0.001303087 0.024251828 -0.004765227 0.999693675
7858.000000000 -0.481204714 0.131070360 -0.171727331 0.001310397 0.024254475 -0.004781349 0.999693524
7859.000000000 -0.481170275 0.131109713 -0.171763571 0.001333020 0.024248508 -0.004759546 0.999693743
7860.000000000 -0.481201393 0.131040936 -0.171717617 0.001303933 0.024256112 -0.004769096 0.999693551
7861.000000000 -0.481183960 0.131134120 -0.171805618 0.001332743 0.024246680 -0.004781431 0.999693683
7862.000000000 -0.481101505 0.131164136 -0.171798044 0.001344697 0.024228849 -0.004754405 0.999694228
7863.000000000 -0.481028977 0.131142928 -0.171778459 0.001335910 0.024214054 -0.004731252 0.999694708
7864.000000000 -0.480993263 0.131131946 -0.171772337 0.001339079 0.024202385 -0.004738045 0.999694955
7865.000000000 -0.480945010 0.131214638 -0.171710645 0.001353563 0.024188648 -0.004766509 0.999695132
7866.000000000 -0.481050911 0.131240938 -0.171820623 0.001361782 0.024210328 -0.004761738 0.999694619
7867.000000000 -0.481066652 0.131258240 -0.171761489 0.001364212 0.024214957 -0.004759309 0.999694515
7868.000000000 -0.481092704 0.131278953 -0.171753930 0.001369764 0.024212486 -0.004775257 0.999694491
7869.000000000 -0.481075194 0.131258906 -0.171673125 0.001363571 0.024207535 -0.004761529 0.999694685
7870.000000000 -0.481045082 0.131133984 -0.171642037 0.001335413 0.024208821 -0.004750843 0.999694743
7871.000000000 -0.480986951 0.131276956 -0.171678557 0.001365810 0.024191993 -0.004760956 0.999695061
7872.000000000 -0.480996920 0.131174608 -0.171727310 0.001342080 0.024193139 -0.004752402 0.999695106
7873.000000000 -0.480972313 0.131191531 -0.171684968 0.001343908 0.024195141 -0.004764185 0.999694999
7874.000000000 -0.480964510 0.131163844 -0.171744862 0.001344334 0.024194905 -0.004757662 0.999695035
7875.000000000 -0.481018983 0.131105004 -0.171685960 0.001325486 0.024202651 -0.004761771 0.999694854
7876.000000000 -0.480927560 0.131219853 -0.171712843 0.001358392 0.024177787 -0.004741786 0.999695506
7877.000000000 -0.480826837 0.131127117 -0.171625832 0.001335728 0.024156397 -0.004773225 0.999695904
7878.000000000 -0.480803848 0.131175097 -0.171604777 0.001349024 0.024149332 -0.004773325 0.999696056
7879.000000000 -0.480824312 0.131174084 -0.171550433 0.001343627 0.024159508 -0.004785530 0.999695759
7880.000000000 -0.480832691 0.131190931 -0.171506452 0.001351233 0.024160909 -0.004792796 0.999695681
7881.000000000 -0.480887379 0.131230207 -0.171605255 0.001352954 0.024170483 -0.004824418 0.999695295
7882.000000000 -0.480849217 0.131224684 -0.171623551 0.001361003 0.024159357 -0.004809513 0.999695625
7883.000000000 -0.480909236 0.131171181 -0.171551632 0.001346378 0.024181761 -0.004791697 0.999695188
7884.000000000 -0.480826937 0.131130694 -0.171662271 0.001336744 0.024162833 -0.004754905 0.999695834
7885.000000000 -0.480896914 0.131220401 -0.171600258 0.001353245 0.024174990 -0.004828020 0.999695168
7886.000000000 -0.480821580 0.131127203 -0.171619439 0.001339321 0.024156126 -0.004812483 0.999695718
7887.000000000 -0.480926501 0.131198838 -0.171717649 0.001361725 0.024179722 -0.004827372 0.999695045
7888.000000000 -0.480837653 0.131203275 -0.171714309 0.001373381 0.024158580 -0.004811001 0.999695619
7889.000000000 -0.480804550 0.131277327 -0.171756532 0.001388541 0.024150260 -0.004806299 0.999695822
7890.000000000 -0.480774429 0.131269856 -0.171764824 0.001387246 0.024145236 -0.004812472 0.999695915
7891.000000000 -0.480748562 0.131295020 -0.171739699 0.001382285 0.024144999 -0.004837071 0.999695809
7892.000000000 -0.480691849 0.131339470 -0.171864634 0.001396270 0.024126206 -0.004824152 0.999696306
7893.000000000 -0.480734392 0.131322237 -0.171893162 0.001395536 0.024142882 -0.004810484 0.999695970
7894.000000000 -0.480527159 0.131359788 -0.171814261 0.001398010 0.024099390 -0.004812855 0.999697005
7895.000000000 -0.480652033 0.131389514 -0.171781112 0.001396349 0.024118735 -0.004829958 0.999696458
7896.000000000 -0.480595492 0.131333074 -0.171824598 0.001393476 0.024112889 -0.004843409 0.999696538
7897.000000000 -0.480660613 0.131303037 -0.171841609 0.001388861 0.024128552 -0.004814441 0.999696306
7898.000000000 -0.480657957 0.131328871 -0.171809297 0.001389733 0.024127809 -0.004815426 0.999696318
7899.000000000 -0.480609389 0.131379745 -0.171767584 0.001406042 0.024117086 -0.004830762 0.999696480
7900.000000000 -0.480518714 0.131414785 -0.171767412 0.001414175 0.024097135 -0.004834984 0.999696930
7901.000000000 -0.480573223 0.131413330 -0.171831188 0.001412901 0.024106095 -0.004854524 0.999696621
7902.000000000 -0.480461307 0.131479971 -0.171871813 0.001421599 0.024085620 -0.004836296 0.999697190
7903.000000000 -0.480751880 0.131310408 -0.171933185 0.001378076 0.024154188 -0.004822785 0.999695662
7904.000000000 -0.480613182 0.131396818 -0.171909785 0.001402333 0.024126182 -0.004835613 0.999696243
7905.000000000 -0.480621779 0.131366102 -0.171890895 0.001398823 0.024127559 -0.004805677 0.999696359
7906.000000000 -0.480691394 0.131381474 -0.171884126 0.001396845 0.024143631 -0.004861535 0.999695703
7907.000000000 -0.480720578 0.131416449 -0.171936432 0.001406410 0.024146493 -0.004855018 0.999695653
7908.000000000 -0.480707127 0.131399053 -0.171898792 0.001400509 0.024147654 -0.004866381 0.999695578
7909.000000000 -0.480732813 0.131410777 -0.171920445 0.001410994 0.024155487 -0.004832957 0.999695536
7910.000000000 -0.480692669 0.131428167 -0.171970665 0.001418988 0.024130703 -0.004865010 0.999695967
7911.000000000 -0.480696541 0.131489505 -0.171857629 0.001423841 0.024137444 -0.004854785 0.999695848
7912.000000000 -0.480604805 0.131407243 -0.171789467 0.001403927 0.024130388 -0.004831300 0.999696160
7913.000000000 -0.480649425 0.131425758 -0.171811770 0.001408903 0.024142283 -0.004828944 0.999695877
7914.000000000 -0.480699067 0.131392964 -0.171838331 0.001409472 0.024148029 -0.004838358 0.999695692
7915.000000000 -0.480692353 0.131458628 -0.171905470 0.001415058 0.024145544 -0.004839114 0.999695740
7916.000000000 -0.480869824 0.131536492 -0.171575628 0.001461126 0.024203450 -0.004791777 0.999694502
7917.000000000 -0.480794676 0.131312822 -0.171400964 0.001395029 0.024190683 -0.004845860 0.999694645
7918.000000000 -0.480693279 0.131747764 -0.170997053 0.001563633 0.024192485 -0.005031386 0.999693435
7919.000000000 -0.480762201 0.131762877 -0.171067419 0.001567838 0.024200056 -0.005025237 0.999693276
7920.000000000 -0.480857177 0.131762577 -0.171292988 0.001561390 0.024194015 -0.005012793 0.999693495
7921.000000000 -0.480860011 0.131699622 -0.171340084 0.001544352 0.024194828 -0.005013394 0.999693499
7922.000000000 -0.480660562 0.131639272 -0.171143458 0.001524625 0.024134238 -0.004982415 0.999695148
7923.000000000 -0.480682251 0.131639727 -0.171151649 0.001523191 0.024143025 -0.004996141 0.999694870
7924.000000000 -0.480777320 0.131649360 -0.171289904 0.001527578 0.024164255 -0.004986289 0.999694399
7925.000000000 -0.480765147 0.131646809 -0.171291502 0.001521976 0.024156630 -0.004991727 0.999694565
7926.000000000 -0.480806799 0.131607099 -0.171302378 0.001513314 0.024161351 -0.004982544 0.999694510
7927.000000000 -0.480718265 0.131605031 -0.171193950 0.001519712 0.024142032 -0.004999886 0.999694880
7928.000000000 -0.480775836 0.131604263 -0.171247592 0.001515570 0.024160205 -0.004987806 0.999694508
7929.000000000 -0.480765403 0.131561262 -0.171184043 0.001495578 0.024161840 -0.004972460 0.999694575
7930.000000000 -0.480716071 0.131576435 -0.171145689 0.001506144 0.024146816 -0.004970010 0.999694934
7931.000000000 -0.480785018 0.131573030 -0.171207096 0.001508200 0.024163877 -0.004975181 0.999694493
7932.000000000 -0.480761399 0.131563014 -0.171154122 0.001500007 0.024167002 -0.004978463 0.999694414
7933.000000000 -0.480768762 0.131558277 -0.171154832 0.001503519 0.024168122 -0.004973939 0.999694404
7934.000000000 -0.480772486 0.131539467 -0.171155673 0.001505721 0.024167393 -0.004955471 0.999694510
7935.000000000 -0.480758094 0.131538024 -0.171131603 0.001497321 0.024167462 -0.004959330 0.999694502
7936.000000000 -0.480714512 0.131525447 -0.171092485 0.001497550 0.024155815 -0.004927949 0.999694938
7937.000000000 -0.480793331 0.131557128 -0.171274117 0.001500810 0.024160341 -0.004953874 0.999694696
7938.000000000 -0.480772563 0.131598496 -0.171250854 0.001511525 0.024153904 -0.004973581 0.999694737
7939.000000000 -0.480762537 0.131556936 -0.171211639 0.001498183 0.024156466 -0.004960351 0.999694761
7940.000000000 -0.480767632 0.131571063 -0.171195997 0.001504466 0.024161909 -0.004975491 0.999694545
7941.000000000 -0.480813516 0.131581308 -0.171227367 0.001498485 0.024169456 -0.004979692 0.999694351
7942.000000000 -0.480823291 0.131595167 -0.171151849 0.001509751 0.024177358 -0.004965745 0.999694212
7943.000000000 -0.480710219 0.131589862 -0.171071243 0.001512696 0.024147005 -0.004967391 0.999694933
7944.000000000 -0.480743183 0.131625449 -0.171109649 0.001513829 0.024156882 -0.004973530 0.999694662
7945.000000000 -0.480702798 0.131626659 -0.171004477 0.001505606 0.024146515 -0.004984086 0.999694872
7946.000000000 -0.480696228 0.131634821 -0.171053881 0.001511465 0.024146999 -0.004973032 0.999694907
7947.000000000 -0.480759951 0.131603085 -0.171132055 0.001503974 0.024160321 -0.004969949 0.999694612
7948.000000000 -0.480825814 0.131620438 -0.171203731 0.001511224 0.024174953 -0.004970583 0.999694244
7949.000000000 -0.480760699 0.131634736 -0.171132368 0.001515402 0.024164184 -0.004965522 0.999694523
7950.000000000 -0.480787383 0.131634373 -0.171194982 0.001512380 0.024156641 -0.004969471 0.999694690
7951.000000000 -0.480823009 0.131629391 -0.171200235 0.001508887 0.024163386 -0.004988176 0.999694439
7952.000000000 -0.480872256 0.131647205 -0.171247309 0.001514217 0.024177715 -0.004974058 0.999694155
7953.000000000 -0.480855130 0.131652993 -0.171243004 0.001522789 0.024177466 -0.004967809 0.999694179
7954.000000000 -0.480895607 0.131634669 -0.171192377 0.001516470 0.024185956 -0.004958521 0.999694030
7955.000000000 -0.480882856 0.131629039 -0.171216127 0.001528207 0.024177310 -0.004945641 0.999694285
7956.000000000 -0.480936965 0.131661776 -0.171324185 0.001521826 0.024191451 -0.004953146 0.999693915
7957.000000000 -0.480909388 0.131697232 -0.171331885 0.001527040 0.024177252 -0.004973268 0.999694151
7958.000000000 -0.480917422 0.131694336 -0.171365896 0.001518539 0.024179597 -0.004952161 0.999694212
7959.000000000 -0.480919751 0.131695476 -0.171353704 0.001516369 0.024175649 -0.004946646 0.999694338
7960.000000000 -0.480959463 0.131676437 -0.171458383 0.001514443 0.024185771 -0.004975561 0.999693953
7961.000000000 -0.481073853 0.131760321 -0.171781100 0.001535538 0.024181385 -0.005015347 0.999693828
7962.000000000 -0.481060815 0.131724576 -0.171661981 0.001527832 0.024198108 -0.005005945 0.999693482
7963.000000000 -0.481072000 0.131706273 -0.171657278 0.001522366 0.024200509 -0.004978293 0.999693570
7964.000000000 -0.480946302 0.131720111 -0.171500165 0.001531511 0.024174713 -0.005007867 0.999694033
7965.000000000 -0.481003372 0.131681518 -0.171606094 0.001523746 0.024180990 -0.005005191 0.999693906
7966.000000000 -0.480864150 0.131557823 -0.171383424 0.001472761 0.024172542 -0.004988187 0.999694272
7967.000000000 -0.480977533 0.131496553 -0.171374505 0.001463515 0.024197809 -0.004961068 0.999693809
7968.000000000 -0.480727679 0.131476385 -0.171452648 0.001459968 0.024138033 -0.004988183 0.999695124
7969.000000000 -0.480777534 0.131577047 -0.171784156 0.001540273 0.024170588 -0.004879445 0.999694754
7970.000000000 -0.480833495 0.131945115 -0.172270321 0.001563736 0.024227881 -0.005043010 0.999692519
7971.000000000 -0.480724543 0.131631265 -0.172499898 0.001470733 0.024193026 -0.004902456 0.999694203
7972.000000000 -0.480700928 0.132066510 -0.172258056 0.001500448 0.024190366 -0.004819379 0.999694628
7973.000000000 -0.480764833 0.131923905 -0.172464093 0.001502550 0.024212399 -0.004884704 0.999693774
7974.000000000 -0.480802021 0.131918735 -0.172378267 0.001495762 0.024178760 -0.004818265 0.999694921
7975.000000000 -0.480485467 0.131987921 -0.172928830 0.001538323 0.024190845 -0.005097223 0.999693180
7976.000000000 -0.480599968 0.131542144 -0.172105522 0.001382522 0.024133943 -0.004818482 0.999696166
7977.000000000 -0.481029812 0.131884922 -0.171845986 0.001469836 0.024226251 -0.004839692 0.999693706
7978.000000000 -0.480884662 0.131689569 -0.171923870 0.001417829 0.024199739 -0.004837158 0.999694435
7979.000000000 -0.480915064 0.131776980 -0.171830606 0.001428484 0.024221688 -0.004784636 0.999694141
7980.000000000 -0.480914308 0.131775497 -0.171806831 0.001451087 0.024252384 -0.004826667 0.999693163
7981.000000000 -0.480933403 0.131780935 -0.171763940 0.001466786 0.024246557 -0.004855698 0.999693141
7982.000000000 -0.480995678 0.131669650 -0.171337182 0.001467134 0.024231645 -0.004833440 0.999693609
7983.000000000 -0.481058155 0.131669518 -0.171236164 0.001451101 0.024261208 -0.004834088 0.999692913
7984.000000000 -0.480911139 0.131664227 -0.171366487 0.001453045 0.024196272 -0.004746264 0.999694904
7985.000000000 -0.480989049 0.131720301 -0.171443774 0.001461428 0.024230449 -0.004710932 0.999694232
7986.000000000 -0.480918699 0.131821900 -0.171658926 0.001466512 0.024245433 -0.004648538 0.999694153
7987.000000000 -0.480910755 0.131729495 -0.171315906 0.001474712 0.024243061 -0.004660509 0.999694143
7988.000000000 -0.481013335 0.131682242 -0.171342116 0.001467054 0.024246081 -0.004702406 0.999693884
7989.000000000 -0.481310454 0.131024298 -0.169967649 0.001373433 0.024268353 -0.004867181 0.999692688
7990.000000000 -0.481337656 0.130986901 -0.169958900 0.001363065 0.024288321 -0.004855020 0.999692277
7991.000000000 -0.480997707 0.131477974 -0.171152198 0.001444021 0.024273849 -0.004804743 0.999692758
7992.000000000 -0.480939531 0.131580200 -0.171382335 0.001474192 0.024284403 -0.004813337 0.999692416
7993.000000000 -0.480891701 0.132037736 -0.172300299 0.001515823 0.024320436 -0.004770536 0.999691683
7994.000000000 -0.480949529 0.131954092 -0.172056895 0.001460988 0.024312839 -0.004644640 0.999692542
7995.000000000 -0.480879543 0.132216795 -0.172876685 0.001507777 0.024352014 -0.004664805 0.999691425
7996.000000000 -0.480899748 0.132079952 -0.172599443 0.001502655 0.024356399 -0.004733340 0.999691004
7997.000000000 -0.480914517 0.131994357 -0.172404899 0.001492539 0.024356416 -0.004744337 0.999690967
7998.000000000 -0.480725645 0.132399795 -0.173086845 0.001610455 0.024341130 -0.004770095 0.999691033
7999.000000000 -0.480675383 0.132287419 -0.172884159 0.001561663 0.024306418 -0.004695116 0.999692310
8000.000000000 -0.480641325 0.132145267 -0.172833153 0.001559701 0.024302495 -0.004722246 0.999692281
8001.000000000 -0.480395737 0.132109846 -0.173216309 0.001560850 0.024307152 -0.004842802 0.999691589
8002.000000000 -0.480254727 0.132238778 -0.172820570 0.001625214 0.024258129 -0.004853052 0.999692628
8003.000000000 -0.480417845 0.132159417 -0.172730472 0.001623048 0.024277529 -0.004870148 0.999692077
8004.000000000 -0.480067227 0.132035465 -0.172654706 0.001445790 0.024188963 -0.004499796 0.999696232
8005.000000000 -0.480319081 0.133214280 -0.172135897 0.001649199 0.024201476 -0.004446059 0.999695854
8006.000000000 -0.480432438 0.133063942 -0.172506097 0.001567252 0.024264079 -0.004398593 0.999694679
8007.000000000 -0.480118484 0.132182974 -0.173771035 0.001452657 0.024265349 -0.004572027 0.999694043
8008.000000000 -0.480194596 0.132303229 -0.173794298 0.001492884 0.024280323 -0.004611728 0.999693438
8009.000000000 -0.480415989 0.132116546 -0.173867647 0.001486410 0.024296948 -0.004676149 0.999692744
8010.000000000 -0.480035047 0.132015494 -0.173419404 0.001501214 0.024215592 -0.004691221 0.999694625
8011.000000000 -0.480061198 0.132028029 -0.173476490 0.001479163 0.024239393 -0.004672123 0.999694171
8012.000000000 -0.480062971 0.132064168 -0.173498802 0.001501309 0.024216391 -0.004638966 0.999694850
8013.000000000 -0.480037221 0.132078588 -0.173461657 0.001498382 0.024205902 -0.004647349 0.999695069
8014.000000000 -0.480040901 0.132091298 -0.173502028 0.001479382 0.024218872 -0.004614964 0.999694933
8015.000000000 -0.480076730 0.132100695 -0.173577946 0.001484556 0.024221198 -0.004610890 0.999694888
8016.000000000 -0.480098416 0.132098310 -0.173599568 0.001467464 0.024225302 -0.004606396 0.999694835
8017.000000000 -0.480026485 0.132060397 -0.173432845 0.001462801 0.024214640 -0.004621983 0.999695028
8018.000000000 -0.480030212 0.132073403 -0.173385362 0.001489706 0.024216761 -0.004625560 0.999694920
8019.000000000 -0.480014381 0.133015715 -0.173406634 0.001553054 0.024248136 -0.004426575 0.999694964
8020.000000000 -0.480620038 0.132183443 -0.172985155 0.001428790 0.024330802 -0.004470372 0.999692946
8021.000000000 -0.481643735 0.131621116 -0.172535782 0.001345850 0.024444630 -0.004472651 0.999690274
8022.000000000 -0.481502000 0.131501769 -0.172654789 0.001351921 0.024431104 -0.004495343 0.999690495
8023.000000000 -0.481199553 0.131753190 -0.172085899 0.001439914 0.024403400 -0.004512211 0.999690973
8024.000000000 -0.481570457 0.131667297 -0.172867692 0.001440294 0.024433876 -0.004492171 0.999690318
8025.000000000 -0.481410029 0.131585098 -0.172466159 0.001417186 0.024434875 -0.004487750 0.999690346
8026.000000000 -0.481481547 0.131723843 -0.172671761 0.001441081 0.024434795 -0.004510135 0.999690213
8027.000000000 -0.481518086 0.130985931 -0.173289106 0.001372391 0.024452740 -0.004645208 0.999689253
8028.000000000 -0.481415569 0.131094906 -0.173332826 0.001381801 0.024428014 -0.004660856 0.999689771
8029.000000000 -0.481410513 0.131070402 -0.173362314 0.001380002 0.024433538 -0.004645605 0.999689710
8030.000000000 -0.481498582 0.131064792 -0.173431767 0.001396753 0.024435242 -0.004627763 0.999689728
8031.000000000 -0.481487411 0.131046744 -0.173189119 0.001385570 0.024440386 -0.004630262 0.999689606
8032.000000000 -0.481288464 0.131342542 -0.173170604 0.001430518 0.024430494 -0.004639599 0.999689741
8033.000000000 -0.481023600 0.131063489 -0.172961711 0.001397697 0.024408008 -0.004620764 0.999690424
8034.000000000 -0.480902562 0.131130985 -0.172860699 0.001392189 0.024394967 -0.004602827 0.999690833
8035.000000000 -0.480930137 0.131270303 -0.172949314 0.001420272 0.024390382 -0.004637799 0.999690744
8036.000000000 -0.480880154 0.131059281 -0.172911791 0.001374186 0.024387875 -0.004647651 0.999690823
8037.000000000 -0.480937112 0.131193983 -0.172905927 0.001400588 0.024399944 -0.004642656 0.999690516
8038.000000000 -0.480950099 0.131158509 -0.173028292 0.001397025 0.024402389 -0.004657086 0.999690394
8039.000000000 -0.481168152 0.131140503 -0.173001604 0.001389354 0.024432679 -0.004689647 0.999689512
8040.000000000 -0.481249669 0.131153414 -0.173339515 0.001385046 0.024425733 -0.004660847 0.999689823
8041.000000000 -0.481258992 0.131244177 -0.172965874 0.001435133 0.024439808 -0.004604962 0.999689667
8042.000000000 -0.481266267 0.131247747 -0.172912231 0.001425748 0.024439929 -0.004617978 0.999689618
8043.000000000 -0.481235322 0.131268781 -0.172877025 0.001435573 0.024436693 -0.004611986 0.999689710
8044.000000000 -0.481055014 0.131212927 -0.172843534 0.001425912 0.024423869 -0.004595538 0.999690113
8045.000000000 -0.481216312 0.131155818 -0.173213048 0.001438772 0.024420253 -0.004545990 0.999690410
8046.000000000 -0.481166661 0.131045272 -0.173288457 0.001429249 0.024405357 -0.004525727 0.999690879
8047.000000000 -0.481377179 0.130937524 -0.173361814 0.001418529 0.024429325 -0.004522397 0.999690324
8048.000000000 -0.481270691 0.130998644 -0.173353839 0.001424480 0.024405755 -0.004523775 0.999690885
8049.000000000 -0.481319168 0.130981210 -0.173296557 0.001414920 0.024420575 -0.004532812 0.999690496
8050.000000000 -0.481165870 0.130944315 -0.173130900 0.001399369 0.024401436 -0.004526219 0.999691015
8051.000000000 -0.481227510 0.130894560 -0.173249004 0.001394840 0.024399346 -0.004532852 0.999691042
8052.000000000 -0.481159276 0.130983292 -0.173223704 0.001405656 0.024391377 -0.004538672 0.999691195
8053.000000000 -0.481085542 0.131009879 -0.173368088 0.001411791 0.024379824 -0.004532199 0.999691498
8054.000000000 -0.481150545 0.131077165 -0.173612910 0.001426925 0.024377502 -0.004548891 0.999691457
8055.000000000 -0.481360510 0.131143785 -0.173520192 0.001434115 0.024417096 -0.004581250 0.999690333
8056.000000000 -0.481163854 0.131121287 -0.173035968 0.001423760 0.024431084 -0.004573618 0.999690041
8057.000000000 -0.481291175 0.131256730 -0.172932268 0.001439097 0.024453701 -0.004559683 0.999689529
8058.000000000 -0.481192400 0.131315654 -0.172930576 0.001453585 0.024441492 -0.004549749 0.999689852
8059.000000000 -0.481056721 0.131291115 -0.172741250 0.001425637 0.024421997 -0.004562660 0.999690310
8060.000000000 -0.481210628 0.131305778 -0.172919108 0.001451974 0.024438040 -0.004531515 0.999690022
8061.000000000 -0.481220805 0.131488024 -0.173019406 0.001483647 0.024427751 -0.004528770 0.999690239
8062.000000000 -0.481228902 0.131411434 -0.172735590 0.001451471 0.024445937 -0.004535419 0.999689812
8063.000000000 -0.481015278 0.131500603 -0.172596109 0.001458541 0.024422620 -0.004554682 0.999690284
8064.000000000 -0.481095606 0.131478334 -0.172799167 0.001465000 0.024415623 -0.004538888 0.999690517
8065.000000000 -0.480968203 0.131638711 -0.172742950 0.001482851 0.024398638 -0.004552066 0.999690845
8066.000000000 -0.481121742 0.131456783 -0.172937557 0.001453166 0.024410680 -0.004575283 0.999690489
8067.000000000 -0.481033713 0.131518995 -0.172992456 0.001466537 0.024399272 -0.004564068 0.999690799
8068.000000000 -0.481200645 0.131463682 -0.172987677 0.001451044 0.024414045 -0.004576107 0.999690406
8069.000000000 -0.481148880 0.131605038 -0.173062169 0.001480274 0.024403767 -0.004560414 0.999690686
8070.000000000 -0.481098739 0.131515696 -0.172946587 0.001482988 0.024405008 -0.004529967 0.999690790
8071.000000000 -0.481077695 0.131371437 -0.173053447 0.001458974 0.024395776 -0.004546112 0.999690977
8072.000000000 -0.481112701 0.131228349 -0.172872916 0.001415612 0.024417661 -0.004566018 0.999690415
8073.000000000 -0.481103293 0.131369126 -0.172970668 0.001451770 0.024414397 -0.004546385 0.999690532
8074.000000000 -0.481120767 0.131288517 -0.173052603 0.001436583 0.024410117 -0.004564680 0.999690575
8075.000000000 -0.481032910 0.131329842 -0.173127854 0.001436363 0.024388405 -0.004586616 0.999691005
8076.000000000 -0.480984590 0.131359048 -0.173100739 0.001441294 0.024382922 -0.004589663 0.999691118
8077.000000000 -0.481087920 0.131307870 -0.173040197 0.001432959 0.024397416 -0.004583336 0.999690805
8078.000000000 -0.481075680 0.131400498 -0.173090673 0.001451087 0.024393348 -0.004581383 0.999690887
8079.000000000 -0.481136703 0.131359378 -0.173046504 0.001443175 0.024400938 -0.004590146 0.999690673
8080.000000000 -0.481100622 0.131339702 -0.173005131 0.001433299 0.024397302 -0.004599813 0.999690732
8081.000000000 -0.481155172 0.131393780 -0.173026475 0.001445909 0.024404358 -0.004595664 0.999690560
8082.000000000 -0.481160416 0.131375599 -0.173058524 0.001452677 0.024407623 -0.004562165 0.999690624
8083.000000000 -0.481260829 0.131299376 -0.173056119 0.001435766 0.024418718 -0.004573120 0.999690328
8084.000000000 -0.481381902 0.131193138 -0.173065086 0.001425051 0.024437096 -0.004582727 0.999689850
8085.000000000 -0.481387237 0.131232787 -0.173083826 0.001428423 0.024437013 -0.004584195 0.999689840
8086.000000000 -0.481068881 0.131392531 -0.173070732 0.001447322 0.024391144 -0.004608986 0.999690820
8087.000000000 -0.481124960 0.131361598 -0.172982038 0.001438876 0.024400115 -0.004610852 0.999690604
8088.000000000 -0.481155626 0.131353687 -0.172970718 0.001440057 0.024407815 -0.004605792 0.999690438
8089.000000000 -0.481122524 0.131293470 -0.172964898 0.001436367 0.024407658 -0.004591588 0.999690512
8090.000000000 -0.481086707 0.131302091 -0.172908502 0.001435573 0.024406075 -0.004593104 0.999690545
8091.000000000 -0.480992933 0.131483787 -0.172901084 0.001468316 0.024393678 -0.004566950 0.999690920
8092.000000000 -0.481008964 0.131360487 -0.172904540 0.001447193 0.024398056 -0.004574737 0.999690808
8093.000000000 -0.481009659 0.131417872 -0.172816070 0.001461277 0.024401696 -0.004557900 0.999690776
8094.000000000 -0.481021234 0.131368778 -0.172870359 0.001453320 0.024408864 -0.004557579 0.999690614
8095.000000000 -0.481093830 0.131451517 -0.172886160 0.001466765 0.024409856 -0.004547589 0.999690616
8096.000000000 -0.481064620 0.131382857 -0.172803322 0.001449934 0.024411876 -0.004553580 0.999690564
8097.000000000 -0.480979674 0.131451024 -0.172835604 0.001463868 0.024401636 -0.004549527 0.999690812
8098.000000000 -0.480981730 0.131474070 -0.172654383 0.001464635 0.024407271 -0.004544279 0.999690697
8099.000000000 -0.481107893 0.131378246 -0.172837093 0.001467492 0.024414404 -0.004527255 0.999690596
8100.000000000 -0.481077236 0.131289684 -0.172750354 0.001454762 0.024418424 -0.004525236 0.999690525
8101.000000000 -0.481107516 0.131314954 -0.172757582 0.001458402 0.024420603 -0.004529244 0.999690449
8102.000000000 -0.481122335 0.131275623 -0.172644562 0.001431368 0.024429597 -0.004568718 0.999690088
8103.000000000 -0.481022841 0.131335475 -0.172628100 0.001454349 0.024423510 -0.004538063 0.999690344
8104.000000000 -0.481120881 0.131344455 -0.172584355 0.001458919 0.024435289 -0.004535519 0.999690061
8105.000000000 -0.481140870 0.131231531 -0.172682746 0.001437204 0.024428642 -0.004548772 0.999690194
8106.000000000 -0.480957318 0.131211774 -0.172728118 0.001442053 0.024407963 -0.004553545 0.999690671
8107.000000000 -0.480878356 0.131245317 -0.172824553 0.001436971 0.024395148 -0.004555218 0.999690983
8108.000000000 -0.480979965 0.131124376 -0.172875781 0.001407884 0.024400671 -0.004575861 0.999690796
8109.000000000 -0.480843768 0.130871919 -0.172971811 0.001363642 0.024376632 -0.004591730 0.999691371
8110.000000000 -0.480753495 0.130339158 -0.173169920 0.001280829 0.024354472 -0.004618238 0.999691898
8111.000000000 -0.480883854 0.130597831 -0.173271868 0.001242995 0.024388318 -0.004765605 0.999690429
8112.000000000 -0.480727598 0.131034708 -0.172999259 0.001290092 0.024351094 -0.004651696 0.999691813
8113.000000000 -0.481251834 0.130694730 -0.172634618 0.001290257 0.024463050 -0.004471383 0.999689903
8114.000000000 -0.481262065 0.130617679 -0.172597171 0.001272503 0.024482556 -0.004505405 0.999689295
8115.000000000 -0.481297542 0.130605810 -0.172596924 0.001254830 0.024494376 -0.004472849 0.999689174
8116.000000000 -0.481117225 0.130911974 -0.172970741 0.001272353 0.024428607 -0.004588425 0.999690237
8117.000000000 -0.481373591 0.130460452 -0.172783866 0.001185124 0.024479096 -0.004487489 0.999689568
8118.000000000 -0.481296057 0.130486512 -0.172814798 0.001203250 0.024462057 -0.004472034 0.999690032
8119.000000000 -0.481132717 0.130700317 -0.172769613 0.001239872 0.024423328 -0.004505760 0.999690783
8120.000000000 -0.481122614 0.130222351 -0.172654225 0.001169041 0.024427076 -0.004438848 0.999691076
8121.000000000 -0.481105596 0.130237999 -0.172571064 0.001158076 0.024408110 -0.004517144 0.999691202
8122.000000000 -0.481056783 0.130159411 -0.172557716 0.001136807 0.024391039 -0.004508986 0.999691679
8123.000000000 -0.481200803 0.129573607 -0.172510537 0.001083200 0.024404602 -0.004477808 0.999691548
8124.000000000 -0.481272939 0.129711259 -0.172598694 0.001094118 0.024436888 -0.004506196 0.999690620
8125.000000000 -0.481335850 0.129566638 -0.172691884 0.001048651 0.024444732 -0.004539641 0.999690326
8126.000000000 -0.481435153 0.129640712 -0.172684325 0.001061731 0.024485797 -0.004535002 0.999689328
8127.000000000 -0.481397831 0.129819329 -0.172936985 0.001091424 0.024459880 -0.004490825 0.999690130
8128.000000000 -0.481579254 0.129154131 -0.173156465 0.000916508 0.024477524 -0.004410596 0.999690231
8129.000000000 -0.481508786 0.129483634 -0.173171711 0.001014423 0.024449392 -0.004427769 0.999690749
8130.000000000 -0.481284314 0.129649796 -0.173007957 0.001043313 0.024404421 -0.004418139 0.999691860
8131.000000000 -0.481666627 0.129554722 -0.173291747 0.001016479 0.024483456 -0.004449997 0.999689814
8132.000000000 -0.481584918 0.129616166 -0.173182805 0.001028939 0.024464785 -0.004465735 0.999690188
8133.000000000 -0.481572553 0.129564773 -0.173309402 0.001026200 0.024465575 -0.004448154 0.999690250
8134.000000000 -0.481501120 0.129512783 -0.173381527 0.001024702 0.024455230 -0.004465640 0.999690427
8135.000000000 -0.481367326 0.129372262 -0.173685439 0.000979699 0.024422906 -0.004473927 0.999691225
8136.000000000 -0.481408889 0.129414387 -0.173329457 0.000988764 0.024434963 -0.004509351 0.999690763
8137.000000000 -0.482111901 0.129995970 -0.173456501 0.001079345 0.024542880 -0.004531875 0.999687923
8138.000000000 -0.482076518 0.130136971 -0.173412238 0.001092673 0.024537343 -0.004527508 0.999688065
8139.000000000 -0.482070772 0.130140532 -0.173398578 0.001100885 0.024530236 -0.004538312 0.999688181
8140.000000000 -0.482098121 0.130157085 -0.173400215 0.001105353 0.024541232 -0.004509861 0.999688035
8141.000000000 -0.482150603 0.130023279 -0.173460839 0.001081980 0.024546648 -0.004510072 0.999687927
8142.000000000 -0.482146047 0.130057959 -0.173475451 0.001087026 0.024549870 -0.004507315 0.999687854
8143.000000000 -0.482144071 0.129967990 -0.173483425 0.001076057 0.024547289 -0.004494472 0.999687988
8144.000000000 -0.481834874 0.129906258 -0.173477817 0.001063816 0.024502024 -0.004485443 0.999689152
8145.000000000 -0.481836916 0.129902853 -0.173443075 0.001060809 0.024488957 -0.004512528 0.999689353
8146.000000000 -0.481852851 0.129898179 -0.173518418 0.001054426 0.024488860 -0.004521662 0.999689321
8147.000000000 -0.481753252 0.130030412 -0.173446783 0.001079398 0.024477338 -0.004521167 0.999689579
8148.000000000 -0.481888055 0.129990704 -0.173684759 0.001073406 0.024490948 -0.004526100 0.999689230
8149.000000000 -0.481723160 0.130079078 -0.173629029 0.001095786 0.024468327 -0.004498488 0.999689884
8150.000000000 -0.481791406 0.129980180 -0.173666857 0.001088335 0.024473914 -0.004504551 0.999689728
8151.000000000 -0.481796919 0.130013319 -0.173618371 0.001094885 0.024478985 -0.004512700 0.999689560
8152.000000000 -0.481828398 0.129928724 -0.173650051 0.001076524 0.024482064 -0.004522617 0.999689460
8153.000000000 -0.481926118 0.129927861 -0.173680628 0.001078513 0.024490810 -0.004508589 0.999689307
8154.000000000 -0.481944563 0.129888878 -0.173607311 0.001074684 0.024492303 -0.004500534 0.999689310
8155.000000000 -0.482016557 0.130008262 -0.173712570 0.001090798 0.024500054 -0.004512467 0.999689049
8156.000000000 -0.482010108 0.130012794 -0.173712739 0.001095720 0.024503498 -0.004489714 0.999689062
8157.000000000 -0.482139009 0.129798533 -0.173835090 0.001054257 0.024518738 -0.004536100 0.999688523
8158.000000000 -0.482248732 0.129799266 -0.173769139 0.001058711 0.024542241 -0.004512167 0.999688050
8159.000000000 -0.482180454 0.129790544 -0.173701513 0.001051854 0.024527543 -0.004534520 0.999688317
8160.000000000 -0.482157041 0.129943055 -0.173719142 0.001093700 0.024514252 -0.004540919 0.999688569
8161.000000000 -0.482088656 0.129935311 -0.173700725 0.001090466 0.024509320 -0.004533187 0.999688729
8162.000000000 -0.482169798 0.129893125 -0.173783878 0.001076745 0.024519751 -0.004539567 0.999688459
8163.000000000 -0.482130388 0.129912192 -0.173849209 0.001081462 0.024513635 -0.004554462 0.999688536
8164.000000000 -0.482155413 0.129870812 -0.173828560 0.001069856 0.024515697 -0.004576632 0.999688397
8165.000000000 -0.482020021 0.129883450 -0.173758911 0.001079282 0.024500845 -0.004547555 0.999688883
8166.000000000 -0.482188270 0.129802212 -0.173923780 0.001072932 0.024520396 -0.004529252 0.999688494
8167.000000000 -0.482210318 0.129914056 -0.173840760 0.001081779 0.024528737 -0.004564636 0.999688119
8168.000000000 -0.482217550 0.129923860 -0.173829659 0.001082688 0.024527926 -0.004579642 0.999688069
8169.000000000 -0.482240853 0.129773077 -0.173884669 0.001050389 0.024535244 -0.004570276 0.999687967
8170.000000000 -0.482250450 0.129785379 -0.173923675 0.001050829 0.024535431 -0.004572640 0.999687951
8171.000000000 -0.482254118 0.129774214 -0.173830363 0.001055016 0.024553778 -0.004583012 0.999687449
8172.000000000 -0.482177916 0.129865428 -0.173777727 0.001083537 0.024537191 -0.004546572 0.999687992
8173.000000000 -0.482192297 0.129749483 -0.173801578 0.001065929 0.024534931 -0.004561143 0.999688000
8174.000000000 -0.482262186 0.129820300 -0.173813334 0.001074152 0.024549099 -0.004560212 0.999687647
8175.000000000 -0.482357318 0.129890634 -0.173828932 0.001077693 0.024556665 -0.004556568 0.999687474
8176.000000000 -0.482321568 0.129983621 -0.173787303 0.001080971 0.024550711 -0.004541977 0.999687684
8177.000000000 -0.482364511 0.129992515 -0.173725147 0.001095312 0.024561395 -0.004541714 0.999687407
8178.000000000 -0.482390254 0.130049510 -0.173722378 0.001107351 0.024557623 -0.004516835 0.999687599
8179.000000000 -0.482323978 0.130157086 -0.173682873 0.001116386 0.024553130 -0.004540056 0.999687594
8180.000000000 -0.482226371 0.130054427 -0.173774241 0.001086866 0.024528806 -0.004573908 0.999688069
8181.000000000 -0.482220374 0.130266840 -0.173662910 0.001129110 0.024536733 -0.004568429 0.999687853
8182.000000000 -0.482198756 0.130104717 -0.173676520 0.001091807 0.024531477 -0.004569877 0.999688017
8183.000000000 -0.482240844 0.130112904 -0.173643900 0.001111372 0.024531671 -0.004563369 0.999688020
8184.000000000 -0.482277590 0.130103219 -0.173590566 0.001102101 0.024542476 -0.004553148 0.999687812
8185.000000000 -0.482401454 0.130112120 -0.173532698 0.001102264 0.024568907 -0.004551638 0.999687169
8186.000000000 -0.482327300 0.129999854 -0.173572871 0.001083698 0.024559602 -0.004525923 0.999687535
8187.000000000 -0.482146426 0.129780435 -0.173176108 0.001060856 0.024553103 -0.004518086 0.999687755
8188.000000000 -0.482045588 0.129617000 -0.173104611 0.001045401 0.024546179 -0.004499801 0.999688023
8189.000000000 -0.482043767 0.129740429 -0.173032040 0.001056866 0.024548762 -0.004503225 0.999687932
8190.000000000 -0.482056584 0.129673287 -0.173087467 0.001051600 0.024546437 -0.004488170 0.999688063
8191.000000000 -0.482076309 0.129604650 -0.173139043 0.001039168 0.024547311 -0.004487274 0.999688058
8192.000000000 -0.482118967 0.129604527 -0.173156080 0.001038312 0.024553660 -0.004482528 0.999687925
8193.000000000 -0.482077162 0.129706488 -0.173174113 0.001064381 0.024540829 -0.004493388 0.999688164
8194.000000000 -0.482035452 0.129735328 -0.173120843 0.001072045 0.024539830 -0.004470019 0.999688285
8195.000000000 -0.482113389 0.129919891 -0.173063348 0.001091246 0.024554152 -0.004489739 0.999687824
8196.000000000 -0.482063069 0.129885705 -0.173179710 0.001087118 0.024536081 -0.004494688 0.999688250
8197.000000000 -0.481877842 0.129948018 -0.173176066 0.001096422 0.024516911 -0.004482738 0.999688764
8198.000000000 -0.481974579 0.129892274 -0.173139780 0.001078765 0.024525534 -0.004500776 0.999688490
8199.000000000 -0.481922135 0.129989049 -0.173095364 0.001098662 0.024522366 -0.004496726 0.999688564
8200.000000000 -0.481819863 0.130047248 -0.173130999 0.001104562 0.024508087 -0.004516973 0.999688817
8201.000000000 -0.481789494 0.130016723 -0.173099525 0.001098784 0.024508176 -0.004474286 0.999689013
8202.000000000 -0.481821735 0.130133017 -0.173167378 0.001113733 0.024511385 -0.004478882 0.999688897
8203.000000000 -0.481739198 0.130226184 -0.173142567 0.001138706 0.024494845 -0.004490086 0.999689224
8204.000000000 -0.481761253 0.130178598 -0.172998137 0.001142048 0.024502037 -0.004487680 0.999689055
8205.000000000 -0.481826163 0.130324908 -0.173117926 0.001159716 0.024514461 -0.004485540 0.999688740
8206.000000000 -0.481782063 0.129965184 -0.173141180 0.001073048 0.024505426 -0.004493607 0.999689022
8207.000000000 -0.481768988 0.129951516 -0.173159376 0.001081972 0.024499729 -0.004496543 0.999689139
8208.000000000 -0.481826587 0.129988080 -0.173063873 0.001083322 0.024513381 -0.004484089 0.999688858
8209.000000000 -0.481723451 0.130136671 -0.173124484 0.001101544 0.024497697 -0.004508683 0.999689112
8210.000000000 -0.481853566 0.130113779 -0.173069400 0.001103230 0.024512773 -0.004522180 0.999688680
8211.000000000 -0.481783894 0.130211382 -0.173070272 0.001120799 0.024503767 -0.004522990 0.999688877
8212.000000000 -0.481837810 0.130165551 -0.172993214 0.001117737 0.024513010 -0.004490170 0.999688802
8213.000000000 -0.481914493 0.130311700 -0.173044983 0.001145243 0.024528515 -0.004506301 0.999688318
8214.000000000 -0.481867836 0.130225876 -0.172941606 0.001128660 0.024512015 -0.004475653 0.999688880
8215.000000000 -0.481859879 0.130319353 -0.172941825 0.001149277 0.024509611 -0.004466698 0.999688955
8216.000000000 -0.481930578 0.130246185 -0.172956463 0.001134682 0.024517483 -0.004484104 0.999688701
8217.000000000 -0.482002541 0.130261520 -0.173037181 0.001148540 0.024526788 -0.004491566 0.999688423
8218.000000000 -0.481762915 0.130264910 -0.173063227 0.001146511 0.024484944 -0.004460593 0.999689590
8219.000000000 -0.481946302 0.130314926 -0.173139546 0.001146238 0.024511028 -0.004499374 0.999688777
8220.000000000 -0.482028769 0.130247503 -0.173149259 0.001129504 0.024521346 -0.004475239 0.999688652
8221.000000000 -0.482035548 0.130222216 -0.173149104 0.001124051 0.024520016 -0.004485608 0.999688644
8222.000000000 -0.481938707 0.130125365 -0.173137374 0.001101486 0.024511476 -0.004451336 0.999689032
8223.000000000 -0.481975776 0.130233664 -0.173205606 0.001123698 0.024511216 -0.004454733 0.999688998
8224.000000000 -0.481898409 0.130284228 -0.173189277 0.001132003 0.024496928 -0.004454879 0.999689338
8225.000000000 -0.482051377 0.130246610 -0.173127867 0.001113059 0.024530447 -0.004475275 0.999688447
8226.000000000 -0.481968088 0.130168747 -0.173162502 0.001097777 0.024510003 -0.004470027 0.999688988
8227.000000000 -0.481987417 0.130355136 -0.173037519 0.001143229 0.024521456 -0.004464054 0.999688683
8228.000000000 -0.482028253 0.130310704 -0.172979960 0.001120395 0.024523381 -0.004491261 0.999688540
8229.000000000 -0.482059016 0.130370816 -0.172898194 0.001136337 0.024532953 -0.004483302 0.999688323
8230.000000000 -0.482144497 0.130472719 -0.172808164 0.001160591 0.024538361 -0.004476376 0.999688193
8231.000000000 -0.482185642 0.130475968 -0.172770272 0.001163589 0.024545520 -0.004472140 0.999688033
8232.000000000 -0.482186432 0.130625934 -0.172583946 0.001188039 0.024535393 -0.004465802 0.999688281
8233.000000000 -0.482195042 0.130615341 -0.172332768 0.001203649 0.024523717 -0.004438097 0.999688672
8234.000000000 -0.482229994 0.130218782 -0.172632989 0.001122788 0.024546925 -0.004482113 0.999688001
8235.000000000 -0.482229369 0.130402164 -0.172616943 0.001139088 0.024537737 -0.004433934 0.999688423
8236.000000000 -0.482643043 0.129220524 -0.173005114 0.000895688 0.024563384 -0.004452319 0.999687959
8237.000000000 -0.482421099 0.128860519 -0.172967702 0.000839795 0.024537017 -0.004445672 0.999688684
8238.000000000 -0.482342848 0.128854706 -0.172890363 0.000832121 0.024515191 -0.004350282 0.999689646
8239.000000000 -0.482535849 0.129075710 -0.173048744 0.000884459 0.024560313 -0.004428290 0.999688151
8240.000000000 -0.480224485 0.128519777 -0.173720879 0.000801927 0.024222460 -0.004509692 0.999696100
8241.000000000 -0.480212148 0.129712261 -0.172511648 0.001014842 0.024216266 -0.004487091 0.999696158
8242.000000000 -0.480026347 0.129805562 -0.172545369 0.001042046 0.024197767 -0.004502991 0.999696507
8243.000000000 -0.481012619 0.129167722 -0.172515977 0.000917018 0.024363426 -0.004480893 0.999692705
8244.000000000 -0.481059310 0.128868727 -0.172716155 0.000853795 0.024362542 -0.004443933 0.999692947
8245.000000000 -0.481321772 0.128924613 -0.172563590 0.000859399 0.024410347 -0.004417806 0.999691892
8246.000000000 -0.480980272 0.129003777 -0.172304844 0.000865115 0.024340399 -0.004438702 0.999693500
8247.000000000 -0.481221816 0.128534556 -0.172329773 0.000808169 0.024387113 -0.004389568 0.999692626
8248.000000000 -0.480728731 0.128653935 -0.172455697 0.000805031 0.024311661 -0.004482717 0.999694053
8249.000000000 -0.480879633 0.128520244 -0.172336650 0.000775091 0.024337303 -0.004479175 0.999693469
8250.000000000 -0.481013919 0.128701171 -0.172408475 0.000810737 0.024360304 -0.004488349 0.999692839
8251.000000000 -0.480967105 0.128814247 -0.172397596 0.000822502 0.024350602 -0.004501560 0.999693007
8252.000000000 -0.481076984 0.128708740 -0.172561093 0.000788084 0.024361779 -0.004487155 0.999692827
8253.000000000 -0.481519506 0.128957414 -0.172819451 0.000868845 0.024421691 -0.004456922 0.999691433
8254.000000000 -0.481406938 0.129115276 -0.172864386 0.000902215 0.024404969 -0.004460671 0.999691795
8255.000000000 -0.481446886 0.129011223 -0.172842020 0.000885797 0.024412542 -0.004458438 0.999691635
8256.000000000 -0.481498480 0.129071302 -0.172899808 0.000899442 0.024414906 -0.004455075 0.999691580
8257.000000000 -0.481285366 0.129822813 -0.172832727 0.001052235 0.024403236 -0.004478371 0.999691612
8258.000000000 -0.481466436 0.129461470 -0.172857400 0.001006604 0.024430127 -0.004475861 0.999691013
8259.000000000 -0.481226328 0.129924011 -0.172979214 0.001075459 0.024379422 -0.004550896 0.999691841
8260.000000000 -0.481268276 0.129989364 -0.173019548 0.001095785 0.024384087 -0.004544327 0.999691735
8261.000000000 -0.481336258 0.129743618 -0.172982431 0.001037358 0.024399322 -0.004545037 0.999691422
8262.000000000 -0.481176791 0.129581155 -0.173017002 0.001008856 0.024371114 -0.004530204 0.999692207
8263.000000000 -0.481181623 0.129611069 -0.173060627 0.001021477 0.024367437 -0.004524740 0.999692308
8264.000000000 -0.481196009 0.129655586 -0.173071617 0.001025031 0.024370746 -0.004527193 0.999692213
8265.000000000 -0.481225888 0.129600673 -0.173062318 0.001020966 0.024373697 -0.004513657 0.999692206
8266.000000000 -0.481279451 0.129616440 -0.172976560 0.001015685 0.024394460 -0.004527448 0.999691643
8267.000000000 -0.481295430 0.129608524 -0.172997802 0.001009985 0.024392300 -0.004535028 0.999691667
8268.000000000 -0.481137347 0.129797357 -0.172928937 0.001041471 0.024367327 -0.004537694 0.999692232
8269.000000000 -0.481125991 0.129805609 -0.172852583 0.001037914 0.024368664 -0.004543974 0.999692174
8270.000000000 -0.481179857 0.129784854 -0.172937822 0.001030283 0.024379259 -0.004562473 0.999691840
8271.000000000 -0.481285219 0.129737731 -0.172983609 0.001032058 0.024391637 -0.004547031 0.999691606
8272.000000000 -0.481196920 0.129779207 -0.172900178 0.001035483 0.024375931 -0.004556992 0.999691940
8273.000000000 -0.481182248 0.129803596 -0.172968280 0.001038973 0.024372359 -0.004554854 0.999692034
8274.000000000 -0.481165197 0.129822624 -0.172933050 0.001043229 0.024369578 -0.004558931 0.999692078
8275.000000000 -0.481161464 0.129833728 -0.172914319 0.001037689 0.024373189 -0.004568964 0.999691950
8276.000000000 -0.481172903 0.129773483 -0.172814798 0.001025582 0.024382108 -0.004573629 0.999691724
8277.000000000 -0.481176426 0.129714060 -0.172825526 0.001019098 0.024387367 -0.004572452 0.999691608
8278.000000000 -0.481142919 0.129729631 -0.172673252 0.001018039 0.024390230 -0.004574813 0.999691528
8279.000000000 -0.481119362 0.129716589 -0.172785447 0.001018363 0.024377745 -0.004569800 0.999691855
8280.000000000 -0.481077217 0.129779814 -0.172748038 0.001030487 0.024371289 -0.004587420 0.999691920
8281.000000000 -0.481015413 0.129780834 -0.172744127 0.001034322 0.024369459 -0.004565776 0.999692059
8282.000000000 -0.481137185 0.129726575 -0.172742443 0.001033452 0.024387338 -0.004553279 0.999691681
8283.000000000 -0.481129994 0.129642339 -0.172631195 0.001011488 0.024394327 -0.004554331 0.999691528
8284.000000000 -0.481200010 0.129614050 -0.172610652 0.000993858 0.024411567 -0.004581764 0.999691000
8285.000000000 -0.481311865 0.129644758 -0.172804300 0.000992436 0.024409102 -0.004583210 0.999691055
8286.000000000 -0.481243360 0.129570491 -0.172974846 0.000978209 0.024376198 -0.004553294 0.999692008
8287.000000000 -0.481706554 0.128928566 -0.173158451 0.000886569 0.024427678 -0.004496061 0.999691096
8288.000000000 -0.481664030 0.128977812 -0.173111457 0.000895668 0.024421736 -0.004479986 0.999691306
8289.000000000 -0.481563637 0.128995171 -0.173116418 0.000901722 0.024410330 -0.004482328 0.999691568
8290.000000000 -0.481558247 0.128978987 -0.173166119 0.000896143 0.024404616 -0.004471213 0.999691762
8291.000000000 -0.481580201 0.128932082 -0.173189507 0.000895641 0.024409012 -0.004455181 0.999691727
8292.000000000 -0.481637458 0.129009640 -0.173140384 0.000900122 0.024424284 -0.004484250 0.999691220
8293.000000000 -0.481621875 0.129023440 -0.173092378 0.000914068 0.024423405 -0.004468749 0.999691298
8294.000000000 -0.481644232 0.128909283 -0.173202653 0.000892039 0.024424493 -0.004456360 0.999691347
8295.000000000 -0.481567515 0.128962300 -0.173108806 0.000903006 0.024417645 -0.004461347 0.999691482
8296.000000000 -0.481635038 0.128940891 -0.173163718 0.000897742 0.024426207 -0.004462916 0.999691271
8297.000000000 -0.481677625 0.129054218 -0.173172514 0.000914616 0.024433776 -0.004483935 0.999690976
8298.000000000 -0.481669256 0.129061701 -0.173079279 0.000917263 0.024438741 -0.004494418 0.999690806
8299.000000000 -0.481690837 0.129127621 -0.173064041 0.000925511 0.024444565 -0.004496565 0.999690646
8300.000000000 -0.481685132 0.129012772 -0.173101986 0.000902594 0.024444719 -0.004499368 0.999690651
8301.000000000 -0.481683213 0.129047315 -0.173032590 0.000908777 0.024446508 -0.004501263 0.999690593
8302.000000000 -0.481651703 0.129031911 -0.172950919 0.000911141 0.024449677 -0.004484548 0.999690588
8303.000000000 -0.481627260 0.128981817 -0.172828843 0.000893402 0.024453759 -0.004487643 0.999690490
8304.000000000 -0.481634954 0.129075382 -0.172749928 0.000917650 0.024458924 -0.004484963 0.999690354
8305.000000000 -0.481630748 0.129111062 -0.172687814 0.000922855 0.024470103 -0.004493782 0.999690036
8306.000000000 -0.481582263 0.129158370 -0.172701542 0.000946142 0.024458483 -0.004500235 0.999690270
8307.000000000 -0.481669329 0.129101115 -0.172760961 0.000938640 0.024475549 -0.004478432 0.999689957
8308.000000000 -0.481648611 0.129125216 -0.172678100 0.000940160 0.024476888 -0.004486824 0.999689885
8309.000000000 -0.481616881 0.129154880 -0.172739413 0.000942271 0.024465151 -0.004492835 0.999690143
8310.000000000 -0.481708210 0.129141007 -0.172731403 0.000936165 0.024479626 -0.004498764 0.999689768
8311.000000000 -0.481635960 0.129140092 -0.172730056 0.000940595 0.024465640 -0.004496601 0.999690116
8312.000000000 -0.481639845 0.129097050 -0.172685944 0.000925371 0.024468826 -0.004493217 0.999690068
8313.000000000 -0.481607424 0.129103689 -0.172682579 0.000927907 0.024464990 -0.004492152 0.999690164
8314.000000000 -0.481578944 0.129094200 -0.172672148 0.000922958 0.024466404 -0.004483528 0.999690173
8315.000000000 -0.481566098 0.129010494 -0.172623008 0.000907639 0.024460695 -0.004492384 0.999690287
8316.000000000 -0.481629683 0.128945475 -0.172734034 0.000894029 0.024464514 -0.004493148 0.999690202
8317.000000000 -0.481697523 0.128993953 -0.172703556 0.000903983 0.024479427 -0.004501075 0.999689792
8318.000000000 -0.481689491 0.128961700 -0.172722656 0.000901182 0.024482961 -0.004492797 0.999689746
8319.000000000 -0.481708760 0.128995842 -0.172710871 0.000895311 0.024482487 -0.004512119 0.999689675
8320.000000000 -0.481727078 0.129120183 -0.172729716 0.000920567 0.024481009 -0.004516353 0.999689669
8321.000000000 -0.481810466 0.129022860 -0.172768364 0.000912897 0.024487997 -0.004511040 0.999689529
8322.000000000 -0.481645751 0.129032012 -0.172807340 0.000906271 0.024458568 -0.004526245 0.999690187
8323.000000000 -0.481574182 0.129033281 -0.172699970 0.000896602 0.024459552 -0.004525769 0.999690174
8324.000000000 -0.481533714 0.129029350 -0.172604811 0.000905945 0.024457711 -0.004504027 0.999690309
8325.000000000 -0.481427300 0.129009115 -0.172686011 0.000899191 0.024441858 -0.004504397 0.999690701
8326.000000000 -0.481521706 0.129004340 -0.172607728 0.000901586 0.024452832 -0.004512435 0.999690394
8327.000000000 -0.481573766 0.129116832 -0.172652578 0.000920134 0.024464105 -0.004516493 0.999690083
8328.000000000 -0.481564994 0.129076802 -0.172668852 0.000911174 0.024464089 -0.004524693 0.999690055
8329.000000000 -0.481525020 0.129034059 -0.172635219 0.000904980 0.024461192 -0.004517004 0.999690166
8330.000000000 -0.481549992 0.129049429 -0.172573639 0.000923068 0.024457374 -0.004503388 0.999690304
8331.000000000 -0.481267680 0.129207522 -0.172477070 0.000949932 0.024421450 -0.004505331 0.999691149
8332.000000000 -0.481337963 0.129061457 -0.172532999 0.000905986 0.024437596 -0.004527180 0.999690696
8333.000000000 -0.481359677 0.129094121 -0.172539466 0.000924785 0.024441802 -0.004506842 0.999690668
8334.000000000 -0.481472619 0.128880267 -0.172809369 0.000891484 0.024429165 -0.004483183 0.999691113
8335.000000000 -0.481531389 0.128813719 -0.172854581 0.000876822 0.024432682 -0.004487785 0.999691020
8336.000000000 -0.481647848 0.128822504 -0.172841412 0.000873205 0.024444831 -0.004508003 0.999690635
8337.000000000 -0.481548213 0.128867849 -0.172563200 0.000894392 0.024465437 -0.004488855 0.999690198
8338.000000000 -0.481366560 0.128984890 -0.172511652 0.000903807 0.024436632 -0.004462377 0.999691013
8339.000000000 -0.481725743 0.129040384 -0.172685850 0.000920003 0.024473097 -0.004393076 0.999690413
8340.000000000 -0.481451370 0.128913368 -0.172678577 0.000903346 0.024435213 -0.004378894 0.999691417
8341.000000000 -0.481230187 0.128900555 -0.172181980 0.000903400 0.024410131 -0.004421094 0.999691844
8342.000000000 -0.481037957 0.129031683 -0.172489052 0.000920123 0.024386630 -0.004458806 0.999692235
8343.000000000 -0.481301782 0.129063949 -0.172453850 0.000917555 0.024416914 -0.004450654 0.999691534
8344.000000000 -0.481389603 0.128912149 -0.172393301 0.000904946 0.024416184 -0.004414992 0.999691722
8345.000000000 -0.481441086 0.128958753 -0.172485607 0.000902138 0.024435183 -0.004375499 0.999691434
8346.000000000 -0.481585557 0.128601669 -0.172756071 0.000853458 0.024441111 -0.004371900 0.999691347
8347.000000000 -0.480940612 0.128600521 -0.172816220 0.000838434 0.024341557 -0.004424015 0.999693560
8348.000000000 -0.481349782 0.129628111 -0.172855074 0.001045170 0.024409140 -0.004486614 0.999691438
8349.000000000 -0.481315996 0.129735658 -0.172824235 0.001069061 0.024407007 -0.004479040 0.999691499
8350.000000000 -0.481379247 0.129320606 -0.172709494 0.000992536 0.024409144 -0.004465823 0.999691585
8351.000000000 -0.481300918 0.129353972 -0.172814352 0.000993031 0.024370100 -0.004457722 0.999692573
8352.000000000 -0.481534915 0.129256381 -0.172789091 0.000970957 0.024402899 -0.004473742 0.999691723
8353.000000000 -0.481258687 0.129576987 -0.173162325 0.001034131 0.024369970 -0.004415112 0.999692724
8354.000000000 -0.481526359 0.129318358 -0.173265466 0.000983387 0.024419387 -0.004470368 0.999691324
8355.000000000 -0.481764390 0.129338602 -0.173106294 0.000997639 0.024474088 -0.004424124 0.999690177
8356.000000000 -0.481783728 0.129207173 -0.173174967 0.000962627 0.024473168 -0.004458954 0.999690080
8357.000000000 -0.481759647 0.129376649 -0.173265160 0.000992257 0.024464823 -0.004466978 0.999690219
8358.000000000 -0.481737932 0.129384744 -0.173251449 0.000986310 0.024461526 -0.004462265 0.999690327
8359.000000000 -0.481737586 0.129356434 -0.173184511 0.000980171 0.024466094 -0.004471328 0.999690180
8360.000000000 -0.481683863 0.129449221 -0.173143928 0.000989958 0.024453533 -0.004463427 0.999690513
8361.000000000 -0.481679455 0.129404691 -0.173091914 0.000979686 0.024456549 -0.004478148 0.999690384
8362.000000000 -0.481747876 0.129355475 -0.173202869 0.000976205 0.024470781 -0.004465183 0.999690097
8363.000000000 -0.481759678 0.129408111 -0.173126071 0.000986900 0.024475550 -0.004469841 0.999689949
8364.000000000 -0.481755986 0.129407749 -0.173119882 0.000983198 0.024472148 -0.004475471 0.999690011
8365.000000000 -0.481771893 0.129378866 -0.173108918 0.000971474 0.024472403 -0.004481433 0.999689989
8366.000000000 -0.481737886 0.129421444 -0.173135342 0.000970993 0.024462331 -0.004474610 0.999690267
8367.000000000 -0.481759619 0.129295129 -0.173228286 0.000945993 0.024457792 -0.004468620 0.999690429
8368.000000000 -0.481758467 0.129381013 -0.173090527 0.000956719 0.024461864 -0.004477779 0.999690278
8369.000000000 -0.481744245 0.129367222 -0.173193212 0.000961986 0.024463817 -0.004460076 0.999690304
8370.000000000 -0.481769882 0.129340873 -0.173249090 0.000958908 0.024457976 -0.004453820 0.999690478
8371.000000000 -0.481786317 0.129317397 -0.173343008 0.000961118 0.024459021 -0.004456164 0.999690440
8372.000000000 -0.481788817 0.129273179 -0.173397188 0.000953572 0.024452734 -0.004449413 0.999690631
8373.000000000 -0.481838015 0.129275978 -0.173387772 0.000951172 0.024467738 -0.004455259 0.999690240
8374.000000000 -0.481829512 0.129346016 -0.173391580 0.000970220 0.024466996 -0.004442722 0.999690296
8375.000000000 -0.481742326 0.129284010 -0.173282181 0.000957887 0.024446930 -0.004431761 0.999690847
8376.000000000 -0.481816803 0.129317710 -0.173259016 0.000963574 0.024467567 -0.004448052 0.999690264
8377.000000000 -0.481785922 0.129286207 -0.173301834 0.000957621 0.024455998 -0.004439397 0.999690592
8378.000000000 -0.481828323 0.129249069 -0.173272622 0.000947074 0.024469553 -0.004431362 0.999690306
8379.000000000 -0.481803284 0.129321389 -0.173248390 0.000964597 0.024463693 -0.004424910 0.999690461
8380.000000000 -0.481794423 0.129314574 -0.173253759 0.000970950 0.024453764 -0.004416340 0.999690735
8381.000000000 -0.481781108 0.129343881 -0.173270831 0.000977882 0.024457887 -0.004411191 0.999690651
8382.000000000 -0.481828116 0.129284197 -0.173325289 0.000972479 0.024459555 -0.004419955 0.999690576
8383.000000000 -0.481784994 0.129361980 -0.173239209 0.000980054 0.024459375 -0.004404845 0.999690640
8384.000000000 -0.481751793 0.129254204 -0.173319170 0.000968819 0.024444611 -0.004375219 0.999691142
8385.000000000 -0.481806107 0.129374831 -0.173308372 0.000981374 0.024456473 -0.004410861 0.999690683
8386.000000000 -0.481781490 0.129437520 -0.173258430 0.000994637 0.024464603 -0.004426375 0.999690403
8387.000000000 -0.481740413 0.129416795 -0.173299298 0.000994902 0.024449292 -0.004411537 0.999690843
8388.000000000 -0.481732235 0.129424644 -0.173265753 0.000980543 0.024442063 -0.004440502 0.999690905
8389.000000000 -0.481730852 0.129376420 -0.173276519 0.000977551 0.024441388 -0.004413673 0.999691043
8390.000000000 -0.481751195 0.129405306 -0.173325953 0.000983920 0.024441920 -0.004442905 0.999690895
8391.000000000 -0.481689764 0.129381765 -0.173152731 0.000974914 0.024440715 -0.004448423 0.999690908
8392.000000000 -0.481740427 0.129308631 -0.173218888 0.000968254 0.024449471 -0.004425986 0.999690800
8393.000000000 -0.481763852 0.129430218 -0.173186630 0.000986226 0.024458023 -0.004457518 0.999690434
8394.000000000 -0.481700009 0.129428989 -0.173115542 0.000988724 0.024445098 -0.004461075 0.999690731
8395.000000000 -0.481731212 0.129427122 -0.173140714 0.000977740 0.024450301 -0.004454444 0.999690645
8396.000000000 -0.481692118 0.129464824 -0.173080269 0.000994688 0.024447794 -0.004450959 0.999690705
8397.000000000 -0.481738111 0.129386365 -0.173167660 0.000982815 0.024458114 -0.004454255 0.999690449
8398.000000000 -0.481746995 0.129393105 -0.173186758 0.000993297 0.024453925 -0.004446994 0.999690574
8399.000000000 -0.481798702 0.129382895 -0.173240138 0.000984189 0.024458917 -0.004465717 0.999690377
8400.000000000 -0.481709124 0.129465378 -0.173051137 0.001007445 0.024445913 -0.004484922 0.999690586
8401.000000000 -0.481749694 0.129342320 -0.173148795 0.000982501 0.024448707 -0.004457641 0.999690665
8402.000000000 -0.481747012 0.129475770 -0.173170245 0.001009530 0.024449803 -0.004452717 0.999690633
8403.000000000 -0.481734496 0.129454873 -0.173080289 0.001004303 0.024447580 -0.004444965 0.999690727
8404.000000000 -0.481716795 0.129530215 -0.173100105 0.001020477 0.024445668 -0.004453727 0.999690718
8405.000000000 -0.481766007 0.129563949 -0.173161582 0.001014101 0.024457787 -0.004482991 0.999690298
8406.000000000 -0.481791006 0.129531716 -0.173203862 0.001009927 0.024457751 -0.004467330 0.999690373
8407.000000000 -0.481771187 0.129538867 -0.173183842 0.001016063 0.024450853 -0.004484069 0.999690460
8408.000000000 -0.481866746 0.129366100 -0.173391635 0.000956921 0.024465805 -0.004471133 0.999690211
8409.000000000 -0.481870561 0.129332344 -0.173382577 0.000959611 0.024462643 -0.004475432 0.999690266
8410.000000000 -0.481772974 0.129379425 -0.173245190 0.000969327 0.024461925 -0.004472136 0.999690289
8411.000000000 -0.481698217 0.129361019 -0.173246003 0.000967422 0.024444700 -0.004480058 0.999690677
8412.000000000 -0.481700417 0.129379920 -0.173235027 0.000969412 0.024451479 -0.004467645 0.999690565
8413.000000000 -0.481675022 0.129338605 -0.173231326 0.000968668 0.024441845 -0.004446306 0.999690896
8414.000000000 -0.481718125 0.129387026 -0.173179248 0.000985914 0.024460758 -0.004424063 0.999690516
8415.000000000 -0.481731957 0.129394034 -0.173226620 0.000987985 0.024462819 -0.004423201 0.999690467
8416.000000000 -0.481752786 0.129375591 -0.173175577 0.000979440 0.024468027 -0.004443517 0.999690258
8417.000000000 -0.481751180 0.129318569 -0.173141353 0.000959834 0.024472343 -0.004426919 0.999690245
8418.000000000 -0.481793011 0.129341435 -0.173130453 0.000964957 0.024478782 -0.004464692 0.999689914
8419.000000000 -0.481813935 0.129555315 -0.173372563 0.000997372 0.024473530 -0.004474230 0.999689968
8420.000000000 -0.481710757 0.129558550 -0.173256508 0.001001956 0.024461440 -0.004447356 0.999690380
8421.000000000 -0.481677329 0.129572303 -0.173204516 0.000997093 0.024456695 -0.004453880 0.999690472
8422.000000000 -0.481655016 0.129657333 -0.173111836 0.001016744 0.024448126 -0.004487153 0.999690513
8423.000000000 -0.481674373 0.129751291 -0.173051087 0.001030380 0.024462404 -0.004480449 0.999690179
8424.000000000 -0.481664248 0.129621742 -0.173136300 0.001015993 0.024457901 -0.004464959 0.999690374
8425.000000000 -0.481674502 0.129654335 -0.173157495 0.001026077 0.024454463 -0.004472878 0.999690412
8426.000000000 -0.481648699 0.129575560 -0.173067865 0.001020538 0.024452242 -0.004473622 0.999690469
8427.000000000 -0.481648932 0.129577436 -0.173077095 0.001019830 0.024450453 -0.004473698 0.999690513
8428.000000000 -0.481659534 0.129656049 -0.173118195 0.001028571 0.024450844 -0.004498436 0.999690383
8429.000000000 -0.481643439 0.129676480 -0.173079628 0.001025595 0.024448606 -0.004486772 0.999690493
8430.000000000 -0.481637326 0.129665981 -0.172996939 0.001023942 0.024447158 -0.004499925 0.999690471
8431.000000000 -0.481547745 0.129684334 -0.173032096 0.001026567 0.024428166 -0.004469107 0.999691071
8432.000000000 -0.481642028 0.129611040 -0.173096910 0.001010633 0.024451356 -0.004493341 0.999690412
8433.000000000 -0.481594706 0.129651259 -0.173077182 0.001024956 0.024436299 -0.004490809 0.999690777
8434.000000000 -0.481654721 0.129697056 -0.173115662 0.001034906 0.024449221 -0.004493813 0.999690437
8435.000000000 -0.481660872 0.129663534 -0.173078728 0.001025958 0.024451201 -0.004483155 0.999690446
8436.000000000 -0.481627148 0.129665701 -0.173121505 0.001029285 0.024438981 -0.004478020 0.999690764
8437.000000000 -0.481568737 0.129678864 -0.172966018 0.001026927 0.024446052 -0.004454132 0.999690700
8438.000000000 -0.481600656 0.129643608 -0.173046199 0.001028377 0.024447593 -0.004463350 0.999690620
8439.000000000 -0.481701195 0.129603561 -0.173064712 0.001012726 0.024465619 -0.004470866 0.999690162
8440.000000000 -0.481675884 0.129701632 -0.172983921 0.001032925 0.024463735 -0.004472864 0.999690178
8441.000000000 -0.481611990 0.129719876 -0.172942034 0.001040480 0.024453477 -0.004460192 0.999690478
8442.000000000 -0.481671328 0.129729207 -0.172933625 0.001036476 0.024459475 -0.004508570 0.999690118
8443.000000000 -0.481634659 0.129704677 -0.172966295 0.001034117 0.024451193 -0.004474433 0.999690477
8444.000000000 -0.481678004 0.129704266 -0.173004629 0.001017974 0.024458796 -0.004492965 0.999690224
8445.000000000 -0.481651366 0.129694157 -0.173017687 0.001019355 0.024453476 -0.004469471 0.999690458
8446.000000000 -0.481704776 0.129720513 -0.173065492 0.001022415 0.024461873 -0.004498192 0.999690121
8447.000000000 -0.481761465 0.129675917 -0.173025471 0.001007983 0.024480991 -0.004498211 0.999689667
8448.000000000 -0.481759801 0.129673105 -0.172954064 0.000999242 0.024484311 -0.004500769 0.999689583
8449.000000000 -0.481718041 0.129775461 -0.173019042 0.001013176 0.024468972 -0.004531310 0.999689807
8450.000000000 -0.481729782 0.129716331 -0.173015067 0.001009133 0.024472868 -0.004507920 0.999689821
8451.000000000 -0.481753993 0.129619441 -0.173020146 0.000995028 0.024477359 -0.004492888 0.999689793
8452.000000000 -0.481764015 0.129636798 -0.173082918 0.000995766 0.024477629 -0.004500013 0.999689754
8453.000000000 -0.481710299 0.129705105 -0.173014637 0.001011528 0.024472249 -0.004514479 0.999689805
8454.000000000 -0.481732080 0.129629259 -0.172948936 0.001003423 0.024479660 -0.004502571 0.999689685
8455.000000000 -0.481786287 0.129626418 -0.173005920 0.001005503 0.024490371 -0.004523117 0.999689328
8456.000000000 -0.481952440 0.129615823 -0.173198956 0.000997363 0.024508866 -0.004572592 0.999688658
8457.000000000 -0.482103760 0.129325680 -0.173581183 0.000982313 0.024519772 -0.004491806 0.999688771
8458.000000000 -0.482105849 0.129356203 -0.173573129 0.000985843 0.024524710 -0.004500487 0.999688608
8459.000000000 -0.482090792 0.129387048 -0.173491631 0.000989451 0.024525380 -0.004489417 0.999688637
8460.000000000 -0.482163193 0.129364997 -0.173447977 0.000976010 0.024519841 -0.004483949 0.999688811
8461.000000000 -0.482155838 0.129301202 -0.173507542 0.000968534 0.024515520 -0.004448123 0.999689084
8462.000000000 -0.481977824 0.129331850 -0.173358732 0.000965592 0.024509682 -0.004487272 0.999689055
8463.000000000 -0.481897756 0.129347320 -0.173391199 0.000973428 0.024497932 -0.004419360 0.999689638
8464.000000000 -0.482076094 0.129310067 -0.173477424 0.000966578 0.024529077 -0.004461598 0.999688694
8465.000000000 -0.481887144 0.129388438 -0.173284061 0.000968808 0.024499002 -0.004414826 0.999689637
8466.000000000 -0.481761701 0.129141702 -0.173127442 0.000952723 0.024474768 -0.004458813 0.999690050
8467.000000000 -0.482254877 0.129013322 -0.173742462 0.000927430 0.024535662 -0.004546169 0.999688188
8468.000000000 -0.482257211 0.128975842 -0.173854904 0.000923919 0.024534980 -0.004540253 0.999688235
8469.000000000 -0.482285024 0.129150124 -0.174238770 0.000934852 0.024543231 -0.004542251 0.999688013
8470.000000000 -0.481672110 0.129490662 -0.173316916 0.001002431 0.024440187 -0.004565243 0.999690368
8471.000000000 -0.481706192 0.129476986 -0.173423196 0.000979645 0.024458547 -0.004593906 0.999689810
8472.000000000 -0.481851673 0.129490159 -0.173477420 0.000996802 0.024525606 -0.004612747 0.999688063
8473.000000000 -0.481527986 0.129659627 -0.173330800 0.001007041 0.024430768 -0.004550780 0.999690659
8474.000000000 -0.481495833 0.129633143 -0.173342896 0.000992595 0.024416979 -0.004484281 0.999691311
8475.000000000 -0.481327406 0.129563193 -0.173283233 0.000975635 0.024395962 -0.004526659 0.999691650
8476.000000000 -0.481104704 0.129474444 -0.173244062 0.000947898 0.024355965 -0.004500905 0.999692768
8477.000000000 -0.481354194 0.129390778 -0.173227161 0.000937490 0.024410090 -0.004530338 0.999691325
8478.000000000 -0.481216438 0.129309609 -0.173348721 0.000916999 0.024394215 -0.004496198 0.999691885
8479.000000000 -0.481005689 0.129107735 -0.173927117 0.000882591 0.024368597 -0.004485193 0.999692591
8480.000000000 -0.481031977 0.129305553 -0.173656296 0.000937377 0.024384064 -0.004518202 0.999692015
8481.000000000 -0.481445521 0.129585038 -0.172930306 0.000981136 0.024434930 -0.004502825 0.999690800
8482.000000000 -0.481185511 0.129705901 -0.172601825 0.001005281 0.024408739 -0.004504377 0.999691409
8483.000000000 -0.481417316 0.128322429 -0.173174393 0.000875071 0.024404758 -0.004447818 0.999691882
8484.000000000 -0.480820915 0.128457942 -0.173100187 0.000916604 0.024361751 -0.004405133 0.999693083
8485.000000000 -0.480790085 0.128454894 -0.173177716 0.000920412 0.024356031 -0.004415595 0.999693172
8486.000000000 -0.480688793 0.129202574 -0.172911647 0.001036154 0.024350829 -0.004380886 0.999693339
8487.000000000 -0.480779055 0.129155605 -0.172943844 0.001022865 0.024357800 -0.004371368 0.999693224
8488.000000000 -0.481682080 0.130134564 -0.172836054 0.001143234 0.024460438 -0.004479531 0.999690109
8489.000000000 -0.481412236 0.129450741 -0.173259027 0.001007927 0.024411772 -0.004517054 0.999691275
8490.000000000 -0.481493722 0.129492549 -0.173238145 0.000999079 0.024419525 -0.004549095 0.999690949
8491.000000000 -0.481550391 0.129465438 -0.173227006 0.000997746 0.024436795 -0.004522765 0.999690648
8492.000000000 -0.481381742 0.129802654 -0.173033827 0.001057888 0.024425337 -0.004495447 0.999690990
8493.000000000 -0.481404992 0.129823010 -0.173105194 0.001086928 0.024419027 -0.004494942 0.999691115
8494.000000000 -0.481120392 0.129672002 -0.173045554 0.001060207 0.024375629 -0.004489978 0.999692225
8495.000000000 -0.481268171 0.129483293 -0.172956515 0.001032998 0.024394982 -0.004477584 0.999691837
8496.000000000 -0.481199130 0.129507131 -0.172864059 0.001041421 0.024398737 -0.004459607 0.999691817
8497.000000000 -0.481122177 0.129461825 -0.172909658 0.001025429 0.024384446 -0.004459091 0.999692185
8498.000000000 -0.481302034 0.129477874 -0.173169877 0.001025897 0.024392071 -0.004450588 0.999692036
8499.000000000 -0.481296008 0.129310952 -0.173102197 0.000995114 0.024388983 -0.004433156 0.999692220
8500.000000000 -0.481150139 0.129349075 -0.173056643 0.001000841 0.024379033 -0.004434986 0.999692449
8501.000000000 -0.481285104 0.129194200 -0.173220886 0.000989228 0.024383200 -0.004414675 0.999692449
8502.000000000 -0.481308972 0.129235333 -0.173277310 0.000992230 0.024378533 -0.004421007 0.999692531
8503.000000000 -0.481277625 0.129307066 -0.173270428 0.001001241 0.024370821 -0.004433484 0.999692655
8504.000000000 -0.481186526 0.129192518 -0.173291366 0.000980226 0.024360406 -0.004430319 0.999692944
8505.000000000 -0.481282348 0.129268060 -0.173280916 0.000991032 0.024376101 -0.004445961 0.999692481
8506.000000000 -0.481192267 0.129263033 -0.173200415 0.000987651 0.024364955 -0.004449719 0.999692740
8507.000000000 -0.480957254 0.129039179 -0.173208300 0.000974914 0.024332857 -0.004392657 0.999693786
8508.000000000 -0.480930437 0.129140949 -0.173172729 0.000985212 0.024331126 -0.004408968 0.999693746
8509.000000000 -0.481017622 0.129166605 -0.173202588 0.000988127 0.024343985 -0.004412867 0.999693413
8510.000000000 -0.481040411 0.129152089 -0.173162130 0.000994150 0.024338972 -0.004421640 0.999693491
8511.000000000 -0.481112900 0.129068325 -0.173253190 0.000981068 0.024344173 -0.004433226 0.999693326
8512.000000000 -0.481095719 0.129256861 -0.173282156 0.001009665 0.024343709 -0.004444593 0.999693258
8513.000000000 -0.480937889 0.129425704 -0.173242731 0.001038348 0.024326217 -0.004449040 0.999693635
8514.000000000 -0.481003449 0.129287483 -0.173312401 0.001018088 0.024320673 -0.004451419 0.999693780
8515.000000000 -0.481002162 0.129418130 -0.173204441 0.000974557 0.024310608 -0.004447289 0.999694086
8516.000000000 -0.480996231 0.129520022 -0.173251753 0.001033594 0.024322547 -0.004405023 0.999693924
8517.000000000 -0.481206950 0.129554918 -0.173182510 0.001045264 0.024369770 -0.004421328 0.999692690
8518.000000000 -0.481302525 0.129441958 -0.173241442 0.001037845 0.024371223 -0.004419046 0.999692672
8519.000000000 -0.481077536 0.129913031 -0.172588129 0.001110728 0.024337565 -0.004505258 0.999693029
8520.000000000 -0.481122568 0.129899592 -0.172649272 0.001099999 0.024336909 -0.004520479 0.999692988
8521.000000000 -0.481124031 0.129890313 -0.172615425 0.001092449 0.024346690 -0.004503772 0.999692833
8522.000000000 -0.481153299 0.129905666 -0.172769940 0.001087915 0.024333954 -0.004514902 0.999693098
8523.000000000 -0.481139457 0.129903287 -0.172752599 0.001094315 0.024325564 -0.004489154 0.999693411
8524.000000000 -0.481262179 0.129801765 -0.172626854 0.001096771 0.024371048 -0.004500643 0.999692249
8525.000000000 -0.481365236 0.129756148 -0.172728169 0.001084428 0.024382185 -0.004490407 0.999692037
8526.000000000 -0.481322458 0.129745314 -0.172717439 0.001080825 0.024381162 -0.004464909 0.999692180
8527.000000000 -0.481271415 0.129878984 -0.172729134 0.001097721 0.024366889 -0.004519556 0.999692264
8528.000000000 -0.481218827 0.129870470 -0.172645134 0.001090684 0.024365069 -0.004517778 0.999692324
8529.000000000 -0.481039014 0.129878493 -0.172403976 0.001102201 0.024353537 -0.004497798 0.999692683
8530.000000000 -0.481141507 0.129906714 -0.172546500 0.001099450 0.024369237 -0.004506217 0.999692265
8531.000000000 -0.481469609 0.129892955 -0.172839842 0.001091204 0.024405922 -0.004503699 0.999691391
8532.000000000 -0.481482086 0.129930038 -0.172882060 0.001112029 0.024407185 -0.004498800 0.999691359
8533.000000000 -0.481426951 0.129993871 -0.172793752 0.001128007 0.024395352 -0.004529014 0.999691494
8534.000000000 -0.481348887 0.130016903 -0.172721746 0.001129668 0.024385257 -0.004546637 0.999691658
8535.000000000 -0.481277101 0.130032513 -0.172666584 0.001128360 0.024365229 -0.004536642 0.999692193
8536.000000000 -0.481320593 0.129985971 -0.172715447 0.001124400 0.024374832 -0.004507232 0.999692097
8537.000000000 -0.481571003 0.129902859 -0.172993072 0.001112754 0.024411863 -0.004519730 0.999691150
8538.000000000 -0.481635507 0.129998709 -0.173054404 0.001115837 0.024418161 -0.004553791 0.999690838
8539.000000000 -0.481637852 0.130004487 -0.173073797 0.001122538 0.024395153 -0.004551812 0.999691401
8540.000000000 -0.481690417 0.130000330 -0.173102174 0.001130264 0.024400406 -0.004519537 0.999691411
8541.000000000 -0.481514260 0.129927725 -0.172852019 0.001104778 0.024387381 -0.004492229 0.999691880
8542.000000000 -0.481570074 0.129989186 -0.172957761 0.001140727 0.024396675 -0.004528978 0.999691447
8543.000000000 -0.481612303 0.130034682 -0.172976140 0.001151215 0.024413796 -0.004515010 0.999691080
8544.000000000 -0.481499721 0.130045943 -0.172988800 0.001144127 0.024388307 -0.004535123 0.999691620
8545.000000000 -0.481643579 0.129964083 -0.173035687 0.001128537 0.024403462 -0.004522182 0.999691326
8546.000000000 -0.481461647 0.129968050 -0.173024753 0.001102914 0.024376391 -0.004495452 0.999692136
8547.000000000 -0.481041196 0.130009911 -0.172962490 0.001115385 0.024324177 -0.004521305 0.999693277
8548.000000000 -0.481164864 0.129911559 -0.173123870 0.001084734 0.024337106 -0.004517400 0.999693014
8549.000000000 -0.481067828 0.129901215 -0.172990519 0.001088157 0.024326784 -0.004503928 0.999693322
8550.000000000 -0.481270236 0.129932680 -0.173078714 0.001101354 0.024361918 -0.004543869 0.999692271
8551.000000000 -0.481287227 0.130040423 -0.173154215 0.001119855 0.024356341 -0.004572930 0.999692254
8552.000000000 -0.481600045 0.129967681 -0.173143040 0.001112078 0.024388611 -0.004598737 0.999691358
8553.000000000 -0.481606537 0.129951956 -0.173077261 0.001101007 0.024401003 -0.004542010 0.999691327
8554.000000000 -0.481364779 0.130450400 -0.172688773 0.001185424 0.024356593 -0.004594341 0.999692074
8555.000000000 -0.481382833 0.130422532 -0.172710453 0.001184277 0.024360762 -0.004577567 0.999692051
8556.000000000 -0.481312985 0.130477022 -0.172619157 0.001217563 0.024355451 -0.004549542 0.999692268
8557.000000000 -0.481250190 0.130479155 -0.172538034 0.001215608 0.024337973 -0.004567516 0.999692614
8558.000000000 -0.481187014 0.130605403 -0.172580237 0.001262170 0.024324084 -0.004571653 0.999692876
8559.000000000 -0.480888848 0.130765389 -0.172564708 0.001306091 0.024265698 -0.004586655 0.999694170
8560.000000000 -0.481257736 0.130478501 -0.172843403 0.001262211 0.024322815 -0.004535146 0.999693073
8561.000000000 -0.481102039 0.130766961 -0.172751448 0.001312821 0.024308049 -0.004582454 0.999693151
8562.000000000 -0.481346826 0.130807059 -0.172820725 0.001319898 0.024360954 -0.004567824 0.999691921
8563.000000000 -0.481347390 0.130738685 -0.172984135 0.001313304 0.024341121 -0.004577240 0.999692370
8564.000000000 -0.481322245 0.130752129 -0.172782244 0.001307847 0.024355266 -0.004609655 0.999691883
8565.000000000 -0.481282685 0.130858584 -0.172582509 0.001354867 0.024353416 -0.004652776 0.999691666
8566.000000000 -0.481321798 0.130905266 -0.172589227 0.001362277 0.024370349 -0.004656502 0.999691226
8567.000000000 -0.481366977 0.130218848 -0.172660928 0.001218882 0.024373742 -0.004595026 0.999691613
8568.000000000 -0.481088075 0.130294700 -0.172551813 0.001229889 0.024335055 -0.004597439 0.999692531
8569.000000000 -0.481416346 0.130269193 -0.172594497 0.001247225 0.024405525 -0.004606838 0.999690748
8570.000000000 -0.481325279 0.130399536 -0.172520102 0.001275155 0.024391408 -0.004630136 0.999690950
8571.000000000 -0.481579601 0.130497861 -0.172569452 0.001291501 0.024426294 -0.004613649 0.999690153
8572.000000000 -0.481522118 0.130466880 -0.172577448 0.001274269 0.024416585 -0.004617852 0.999690393
8573.000000000 -0.481380273 0.130307804 -0.172454567 0.001214565 0.024429451 -0.004526364 0.999690572
8574.000000000 -0.481337993 0.130349673 -0.172421885 0.001230922 0.024423659 -0.004534714 0.999690655
8575.000000000 -0.481402046 0.130323725 -0.172465551 0.001221995 0.024437191 -0.004532945 0.999690343
8576.000000000 -0.481148723 0.130441470 -0.172412794 0.001260118 0.024395210 -0.004504983 0.999691448
8577.000000000 -0.481040952 0.130475983 -0.172410469 0.001261615 0.024372592 -0.004507121 0.999691988
8578.000000000 -0.481070779 0.130335386 -0.172360706 0.001228198 0.024384171 -0.004519970 0.999691689
8579.000000000 -0.481169866 0.130186006 -0.172459345 0.001202798 0.024403523 -0.004443339 0.999691591
8580.000000000 -0.481157357 0.130185818 -0.172414444 0.001210765 0.024409670 -0.004442605 0.999691435
8581.000000000 -0.481125894 0.130177337 -0.172347824 0.001203422 0.024409230 -0.004424206 0.999691536
8582.000000000 -0.481145111 0.130193045 -0.172355674 0.001211549 0.024414399 -0.004419455 0.999691421
8583.000000000 -0.481354388 0.129943560 -0.172404433 0.001173711 0.024460633 -0.004418355 0.999690341
8584.000000000 -0.481366796 0.129910434 -0.172478518 0.001181466 0.024459181 -0.004400634 0.999690446
8585.000000000 -0.481494082 0.129873392 -0.172451221 0.001154210 0.024489148 -0.004435478 0.999689590
8586.000000000 -0.481462163 0.129789091 -0.172485068 0.001125677 0.024470911 -0.004433232 0.999690079
8587.000000000 -0.481504640 0.129794373 -0.172463910 0.001128496 0.024490162 -0.004429598 0.999689620
8588.000000000 -0.481504411 0.129924163 -0.172648587 0.001143434 0.024469078 -0.004457551 0.999689995
8589.000000000 -0.481567721 0.130177639 -0.172464190 0.001207230 0.024495156 -0.004482219 0.999689172
8590.000000000 -0.481558553 0.130137400 -0.172416740 0.001172058 0.024499977 -0.004512059 0.999688961
8591.000000000 -0.481492484 0.130002982 -0.172262438 0.001139653 0.024497098 -0.004484972 0.999689191
8592.000000000 -0.481567522 0.129927621 -0.172317390 0.001129246 0.024511977 -0.004482264 0.999688850
8593.000000000 -0.481487196 0.129895507 -0.172302368 0.001108118 0.024484015 -0.004460867 0.999689655
8594.000000000 -0.481486817 0.129899223 -0.172314707 0.001112633 0.024496051 -0.004467490 0.999689325
8595.000000000 -0.481421240 0.129914729 -0.172296134 0.001111162 0.024477424 -0.004469244 0.999689775
8596.000000000 -0.481469540 0.129950748 -0.172337949 0.001125291 0.024486428 -0.004471198 0.999689530
8597.000000000 -0.481449224 0.129943781 -0.172342914 0.001122578 0.024477795 -0.004469222 0.999689754
8598.000000000 -0.481464970 0.129912392 -0.172341823 0.001117418 0.024479414 -0.004461297 0.999689755
8599.000000000 -0.481440026 0.129906595 -0.172308023 0.001112882 0.024479628 -0.004456586 0.999689776
8600.000000000 -0.481452004 0.129884569 -0.172276257 0.001103675 0.024488761 -0.004453680 0.999689575
8601.000000000 -0.481481735 0.129893509 -0.172263177 0.001119183 0.024498931 -0.004440829 0.999689366
8602.000000000 -0.481423441 0.129874069 -0.172305025 0.001111585 0.024475261 -0.004434514 0.999689982
8603.000000000 -0.481397312 0.129911640 -0.172290514 0.001116818 0.024470853 -0.004451208 0.999690010
8604.000000000 -0.481474354 0.130410467 -0.172503101 0.001250640 0.024470620 -0.004506004 0.999689612
8605.000000000 -0.481391426 0.129903345 -0.172164452 0.001113154 0.024481700 -0.004429753 0.999689844
8606.000000000 -0.481395165 0.129937127 -0.172184980 0.001121665 0.024479349 -0.004445945 0.999689820
8607.000000000 -0.481398397 0.129937210 -0.172161173 0.001116781 0.024483322 -0.004460755 0.999689663
8608.000000000 -0.481416967 0.129912795 -0.172146065 0.001105543 0.024492784 -0.004470044 0.999689402
8609.000000000 -0.481419034 0.129959546 -0.172089813 0.001102880 0.024500864 -0.004502690 0.999689060
8610.000000000 -0.481445906 0.129945564 -0.172103785 0.001101030 0.024511163 -0.004500827 0.999688818
8611.000000000 -0.481456856 0.129886897 -0.172284675 0.001105374 0.024484579 -0.004461240 0.999689642
8612.000000000 -0.481423952 0.129862143 -0.172417059 0.001129379 0.024455204 -0.004379847 0.999690694
8613.000000000 -0.481456144 0.129854189 -0.172450468 0.001128626 0.024463309 -0.004380981 0.999690492
8614.000000000 -0.481439786 0.129833352 -0.172431906 0.001127301 0.024460692 -0.004369517 0.999690608
8615.000000000 -0.481456848 0.129849907 -0.172433258 0.001130328 0.024468794 -0.004371164 0.999690399
8616.000000000 -0.481423970 0.129915096 -0.172243628 0.001186468 0.024489157 -0.004323858 0.999690041
8617.000000000 -0.481523839 0.130116814 -0.172168561 0.001220125 0.024536616 -0.004447003 0.999688296
8618.000000000 -0.481534776 0.130097114 -0.172219549 0.001209671 0.024534551 -0.004447409 0.999688358
8619.000000000 -0.481567298 0.130087795 -0.172271607 0.001203967 0.024535753 -0.004453700 0.999688307
8620.000000000 -0.481574055 0.130087116 -0.172272167 0.001206928 0.024540739 -0.004451151 0.999688193
8621.000000000 -0.481527552 0.130101649 -0.172260798 0.001212757 0.024531035 -0.004442957 0.999688460
8622.000000000 -0.481544713 0.130110720 -0.172299822 0.001216715 0.024529096 -0.004441983 0.999688507
8623.000000000 -0.481539052 0.130096307 -0.172287240 0.001217903 0.024530070 -0.004425899 0.999688553
8624.000000000 -0.481549291 0.130102529 -0.172311057 0.001225214 0.024532647 -0.004416809 0.999688521
8625.000000000 -0.481585193 0.130111112 -0.172353239 0.001219115 0.024535883 -0.004442608 0.999688335
8626.000000000 -0.481555215 0.130084302 -0.172364153 0.001217400 0.024528126 -0.004426613 0.999688599
8627.000000000 -0.481564801 0.130102900 -0.172346169 0.001214197 0.024533363 -0.004432862 0.999688446
8628.000000000 -0.481579337 0.130153461 -0.172294348 0.001226372 0.024542029 -0.004444876 0.999688165
8629.000000000 -0.481577440 0.130123965 -0.172302963 0.001217704 0.024537652 -0.004447415 0.999688272
8630.000000000 -0.481575329 0.130116232 -0.172292385 0.001214863 0.024538163 -0.004450047 0.999688251
8631.000000000 -0.481578760 0.130105485 -0.172293187 0.001208958 0.024543497 -0.004452792 0.999688115
8632.000000000 -0.481551866 0.130130325 -0.172279957 0.001209211 0.024534747 -0.004460817 0.999688294
8633.000000000 -0.481567280 0.130110867 -0.172276548 0.001204186 0.024541093 -0.004463329 0.999688133
8634.000000000 -0.481585100 0.130096925 -0.172311207 0.001215001 0.024544741 -0.004434770 0.999688158
8635.000000000 -0.481592093 0.130063980 -0.172282969 0.001201572 0.024551810 -0.004441763 0.999687969
8636.000000000 -0.481572977 0.130063245 -0.172291585 0.001197583 0.024543090 -0.004457483 0.999688118
8637.000000000 -0.481542694 0.130075682 -0.172243444 0.001198248 0.024541061 -0.004456726 0.999688170
8638.000000000 -0.481571913 0.130085956 -0.172264044 0.001196091 0.024546159 -0.004459047 0.999688038
8639.000000000 -0.481561277 0.130060892 -0.172287140 0.001194266 0.024536013 -0.004459066 0.999688289
8640.000000000 -0.481569618 0.130069402 -0.172285777 0.001198074 0.024542718 -0.004458350 0.999688123
8641.000000000 -0.481575495 0.130062113 -0.172283355 0.001191379 0.024540795 -0.004475663 0.999688101
8642.000000000 -0.481585409 0.130058699 -0.172246697 0.001199994 0.024552286 -0.004450370 0.999687921
8643.000000000 -0.481597097 0.130063827 -0.172230871 0.001194653 0.024560232 -0.004449403 0.999687737
8644.000000000 -0.481578343 0.130079047 -0.172213490 0.001189472 0.024550194 -0.004476605 0.999687868
8645.000000000 -0.481571295 0.130072112 -0.172208027 0.001187438 0.024550961 -0.004469095 0.999687885
8646.000000000 -0.481574411 0.130080529 -0.172241986 0.001189351 0.024546139 -0.004477532 0.999687963
8647.000000000 -0.481578589 0.130088664 -0.172214866 0.001191389 0.024551345 -0.004470108 0.999687866
8648.000000000 -0.481609787 0.130086931 -0.172264315 0.001188527 0.024553303 -0.004480281 0.999687776
8649.000000000 -0.481611159 0.130058121 -0.172272358 0.001178610 0.024555387 -0.004481549 0.999687731
8650.000000000 -0.481613906 0.130081637 -0.172257784 0.001188166 0.024551131 -0.004489827 0.999687787
8651.000000000 -0.481613513 0.130084932 -0.172262168 0.001185855 0.024555061 -0.004488367 0.999687700
8652.000000000 -0.481571057 0.130076803 -0.172230552 0.001181232 0.024544594 -0.004495934 0.999687928
8653.000000000 -0.481619028 0.130113385 -0.172286843 0.001188825 0.024553921 -0.004508515 0.999687634
8654.000000000 -0.481614049 0.130102921 -0.172316446 0.001189521 0.024546311 -0.004506121 0.999687831
8655.000000000 -0.481639566 0.130103427 -0.172342872 0.001190335 0.024549406 -0.004504940 0.999687759
8656.000000000 -0.481628418 0.130088061 -0.172329050 0.001189885 0.024549227 -0.004508223 0.999687749
8657.000000000 -0.481645309 0.130055881 -0.172317235 0.001177161 0.024551647 -0.004507493 0.999687708
8658.000000000 -0.481657414 0.130040229 -0.172311742 0.001170421 0.024557897 -0.004506771 0.999687566
8659.000000000 -0.481669635 0.130042251 -0.172302591 0.001176308 0.024561671 -0.004494655 0.999687521
8660.000000000 -0.481661886 0.130055201 -0.172299856 0.001167136 0.024554861 -0.004524438 0.999687564
8661.000000000 -0.481663827 0.130059056 -0.172318543 0.001189685 0.024556422 -0.004473618 0.999687728
8662.000000000 -0.481717140 0.130062514 -0.172391910 0.001191384 0.024559808 -0.004481804 0.999687606
8663.000000000 -0.481631741 0.130067581 -0.172364708 0.001200071 0.024538343 -0.004472092 0.999688166
8664.000000000 -0.481654805 0.130059826 -0.172353773 0.001201945 0.024550151 -0.004447818 0.999687982
8665.000000000 -0.481651495 0.130065130 -0.172349743 0.001196007 0.024545451 -0.004473971 0.999687988
8666.000000000 -0.481645766 0.130032942 -0.172352724 0.001194000 0.024547149 -0.004443273 0.999688086
8667.000000000 -0.481659981 0.130051547 -0.172299977 0.001194769 0.024562804 -0.004457027 0.999687639
8668.000000000 -0.481661269 0.130002934 -0.172301707 0.001171405 0.024559684 -0.004464827 0.999687709
8669.000000000 -0.481637265 0.130038244 -0.172236856 0.001183489 0.024561869 -0.004455358 0.999687683
8670.000000000 -0.481636308 0.130068822 -0.172282099 0.001197044 0.024554487 -0.004468006 0.999687792
8671.000000000 -0.481603684 0.130040988 -0.172274679 0.001185215 0.024544285 -0.004467897 0.999688057
8672.000000000 -0.481592669 0.130076759 -0.172227744 0.001195780 0.024552762 -0.004464519 0.999687851
8673.000000000 -0.481612431 0.130046169 -0.172199227 0.001187933 0.024560558 -0.004474606 0.999687624
8674.000000000 -0.481593292 0.130118020 -0.172257080 0.001205177 0.024540965 -0.004497491 0.999687982
8675.000000000 -0.481536086 0.130141605 -0.172236405 0.001209381 0.024526242 -0.004509431 0.999688284
8676.000000000 -0.481555336 0.130144493 -0.172209127 0.001211527 0.024538148 -0.004502052 0.999688023
8677.000000000 -0.481573488 0.130114494 -0.172201204 0.001204526 0.024546899 -0.004489282 0.999687874
8678.000000000 -0.481555456 0.130103791 -0.172215758 0.001209376 0.024542407 -0.004464983 0.999688087
8679.000000000 -0.481561722 0.130119956 -0.172240157 0.001199133 0.024537859 -0.004502481 0.999688043
8680.000000000 -0.481560122 0.130138145 -0.172215561 0.001217983 0.024539518 -0.004483028 0.999688067
8681.000000000 -0.481593878 0.130119194 -0.172252779 0.001205213 0.024544541 -0.004501250 0.999687877
8682.000000000 -0.481559534 0.130117544 -0.172272486 0.001213577 0.024535919 -0.004468314 0.999688226
8683.000000000 -0.481561872 0.130108690 -0.172259232 0.001220197 0.024536984 -0.004448234 0.999688282
8684.000000000 -0.481583861 0.130095751 -0.172296725 0.001218689 0.024540218 -0.004451870 0.999688188
8685.000000000 -0.481577480 0.130134720 -0.172296997 0.001217514 0.024529441 -0.004488299 0.999688291
8686.000000000 -0.481597686 0.130131110 -0.172279039 0.001209533 0.024542801 -0.004486859 0.999687979
8687.000000000 -0.481581975 0.130122202 -0.172272590 0.001214711 0.024533665 -0.004476199 0.999688245
8688.000000000 -0.481609686 0.130080241 -0.172309353 0.001215802 0.024538878 -0.004445694 0.999688252
8689.000000000 -0.481585064 0.130057731 -0.172337622 0.001215397 0.024525391 -0.004432219 0.999688643
8690.000000000 -0.481584051 0.130098980 -0.172306476 0.001218873 0.024529123 -0.004453841 0.999688451
8691.000000000 -0.481588066 0.130075694 -0.172350512 0.001222383 0.024524439 -0.004437589 0.999688634
8692.000000000 -0.481610568 0.130038163 -0.172320159 0.001194046 0.024540583 -0.004442973 0.999688248
8693.000000000 -0.481617594 0.130056446 -0.172342804 0.001203533 0.024539690 -0.004448529 0.999688234
8694.000000000 -0.481642266 0.130060046 -0.172372011 0.001201309 0.024536149 -0.004470331 0.999688227
8695.000000000 -0.481647506 0.130069344 -0.172366974 0.001210422 0.024545349 -0.004447856 0.999688090
8696.000000000 -0.481617274 0.130107088 -0.172353573 0.001212506 0.024529653 -0.004470141 0.999688373
8697.000000000 -0.481609482 0.130074920 -0.172379700 0.001211549 0.024526750 -0.004454573 0.999688515
8698.000000000 -0.481595708 0.130070876 -0.172347000 0.001198179 0.024526111 -0.004467538 0.999688489
8699.000000000 -0.481603287 0.130096332 -0.172361692 0.001213659 0.024528569 -0.004458504 0.999688451
8700.000000000 -0.481592853 0.130092229 -0.172321756 0.001202779 0.024526358 -0.004479208 0.999688425
8701.000000000 -0.481576804 0.130117677 -0.172332984 0.001208681 0.024516614 -0.004488593 0.999688615
8702.000000000 -0.481616950 0.130115861 -0.172367208 0.001207321 0.024528064 -0.004494916 0.999688308
8703.000000000 -0.481601787 0.130101149 -0.172353621 0.001200536 0.024521143 -0.004498378 0.999688470
8704.000000000 -0.481568225 0.130118646 -0.172319901 0.001207375 0.024517467 -0.004491114 0.999688584
8705.000000000 -0.481557318 0.130109208 -0.172315431 0.001204748 0.024516962 -0.004490343 0.999688603
8706.000000000 -0.481579443 0.130132927 -0.172353741 0.001199910 0.024513996 -0.004515850 0.999688567
8707.000000000 -0.481556923 0.130114203 -0.172266619 0.001193471 0.024523375 -0.004501214 0.999688411
8708.000000000 -0.481556260 0.130125633 -0.172249657 0.001196202 0.024525978 -0.004505236 0.999688326
8709.000000000 -0.481566009 0.130130228 -0.172266355 0.001208345 0.024525275 -0.004493899 0.999688379
8710.000000000 -0.481583117 0.130130849 -0.172287785 0.001203503 0.024527310 -0.004511610 0.999688255
8711.000000000 -0.481583824 0.130148340 -0.172275365 0.001212411 0.024531709 -0.004510065 0.999688144
8712.000000000 -0.481546976 0.130157352 -0.172249465 0.001204355 0.024522942 -0.004516056 0.999688341
8713.000000000 -0.481568539 0.130107755 -0.172220103 0.001195364 0.024535504 -0.004495446 0.999688137
8714.000000000 -0.481606745 0.130115687 -0.172276819 0.001193356 0.024539281 -0.004503216 0.999688012
8715.000000000 -0.481563979 0.130118762 -0.172235096 0.001188752 0.024533550 -0.004505778 0.999688146
8716.000000000 -0.481602006 0.130144380 -0.172254450 0.001201506 0.024540806 -0.004499570 0.999687981
8717.000000000 -0.481559303 0.130149324 -0.172197046 0.001199878 0.024533183 -0.004510211 0.999688122
8718.000000000 -0.481597013 0.130130473 -0.172269636 0.001195563 0.024529131 -0.004514176 0.999688209
8719.000000000 -0.481578208 0.130120574 -0.172231242 0.001193713 0.024536495 -0.004505449 0.999688070
8720.000000000 -0.481569348 0.130117893 -0.172185736 0.001180189 0.024536296 -0.004517395 0.999688037
8721.000000000 -0.481564405 0.130096491 -0.172200146 0.001184391 0.024530972 -0.004507682 0.999688206
8722.000000000 -0.481588603 0.130109380 -0.172205983 0.001190805 0.024537395 -0.004507221 0.999688043
8723.000000000 -0.481527563 0.130110561 -0.172173150 0.001193357 0.024521167 -0.004506360 0.999688442
8724.000000000 -0.481541995 0.130126019 -0.172179517 0.001191540 0.024526865 -0.004506127 0.999688305
8725.000000000 -0.481577066 0.130111837 -0.172229949 0.001198260 0.024525298 -0.004510672 0.999688315
8726.000000000 -0.481552652 0.130126531 -0.172223353 0.001195074 0.024526112 -0.004498098 0.999688356
8727.000000000 -0.481542543 0.130149276 -0.172246686 0.001186954 0.024514892 -0.004528669 0.999688503
8728.000000000 -0.481561275 0.130161689 -0.172273914 0.001192553 0.024518122 -0.004543145 0.999688351
8729.000000000 -0.481588838 0.130127986 -0.172252976 0.001184935 0.024529899 -0.004540509 0.999688083
8730.000000000 -0.481611913 0.130130593 -0.172286336 0.001179751 0.024530093 -0.004558075 0.999688005
8731.000000000 -0.481579432 0.130125273 -0.172272117 0.001180327 0.024520108 -0.004569363 0.999688197
8732.000000000 -0.481615901 0.130115514 -0.172333738 0.001178144 0.024522306 -0.004561237 0.999688183
8733.000000000 -0.481608941 0.130104567 -0.172293170 0.001182592 0.024528822 -0.004551313 0.999688063
8734.000000000 -0.481641297 0.130083894 -0.172328950 0.001166515 0.024534941 -0.004578849 0.999687806
8735.000000000 -0.481588036 0.130114039 -0.172283427 0.001175899 0.024516818 -0.004584057 0.999688216
8736.000000000 -0.481583242 0.130156820 -0.172299458 0.001191064 0.024518856 -0.004582826 0.999688154
8737.000000000 -0.481593953 0.130136961 -0.172327981 0.001186033 0.024518768 -0.004583569 0.999688159
8738.000000000 -0.481538614 0.130145398 -0.172275942 0.001186803 0.024506837 -0.004587073 0.999688434
8739.000000000 -0.481548648 0.130133745 -0.172276786 0.001187037 0.024510515 -0.004581268 0.999688370
8740.000000000 -0.481533692 0.130122587 -0.172273428 0.001178434 0.024509473 -0.004586432 0.999688382
8741.000000000 -0.481491383 0.130144328 -0.172156757 0.001189302 0.024509690 -0.004565514 0.999688460
8742.000000000 -0.481517081 0.130111593 -0.172225601 0.001175293 0.024503523 -0.004568359 0.999688615
8743.000000000 -0.481522615 0.130104442 -0.172221102 0.001178571 0.024510320 -0.004569772 0.999688438
8744.000000000 -0.481514687 0.130126245 -0.172173605 0.001188233 0.024514628 -0.004557693 0.999688376
8745.000000000 -0.481509528 0.130094259 -0.172169526 0.001176967 0.024510317 -0.004550581 0.999688527
8746.000000000 -0.481531367 0.130067214 -0.172150498 0.001163346 0.024522702 -0.004555051 0.999688219
8747.000000000 -0.481505210 0.130068356 -0.172141881 0.001159164 0.024516403 -0.004546947 0.999688415
8748.000000000 -0.481501198 0.130033488 -0.172143541 0.001152079 0.024512070 -0.004545598 0.999688536
8749.000000000 -0.481531831 0.130051005 -0.172155968 0.001153850 0.024518379 -0.004565535 0.999688288
8750.000000000 -0.481554633 0.130087536 -0.172167188 0.001160904 0.024519564 -0.004587983 0.999688148
8751.000000000 -0.481546953 0.130081854 -0.172126655 0.001149179 0.024525914 -0.004588290 0.999688005
8752.000000000 -0.481522684 0.130077636 -0.172134273 0.001143848 0.024516335 -0.004600348 0.999688190
8753.000000000 -0.481513612 0.130079109 -0.172117671 0.001147709 0.024516011 -0.004589127 0.999688245
8754.000000000 -0.481532452 0.130082823 -0.172156103 0.001156747 0.024516554 -0.004597798 0.999688182
8755.000000000 -0.481521728 0.130077195 -0.172154457 0.001160165 0.024515815 -0.004577987 0.999688287
8756.000000000 -0.481511075 0.130100207 -0.172115777 0.001156681 0.024520362 -0.004579012 0.999688175
8757.000000000 -0.481512297 0.130107147 -0.172069763 0.001157924 0.024525356 -0.004585627 0.999688020
8758.000000000 -0.481542040 0.130089536 -0.172114038 0.001152415 0.024531722 -0.004586265 0.999687868
8759.000000000 -0.481554965 0.130091042 -0.172120176 0.001152491 0.024530924 -0.004593233 0.999687855
8760.000000000 -0.481585269 0.130082880 -0.172144401 0.001151892 0.024542592 -0.004586181 0.999687602
8761.000000000 -0.481548605 0.130035917 -0.172124219 0.001141186 0.024537262 -0.004574631 0.999687798
8762.000000000 -0.481554333 0.130056918 -0.172100718 0.001141399 0.024538792 -0.004591826 0.999687681
8763.000000000 -0.481510262 0.130054202 -0.172084724 0.001133964 0.024528141 -0.004586952 0.999687973
8764.000000000 -0.481573430 0.130070152 -0.172120899 0.001138890 0.024546622 -0.004595288 0.999687476
8765.000000000 -0.481565856 0.130043964 -0.172185908 0.001143272 0.024536857 -0.004569948 0.999687827
8766.000000000 -0.481593256 0.130053575 -0.172219284 0.001144269 0.024536621 -0.004581052 0.999687781
8767.000000000 -0.481557591 0.130073767 -0.172141314 0.001146071 0.024538683 -0.004583621 0.999687716
8768.000000000 -0.481548798 0.130066167 -0.172117009 0.001146268 0.024540384 -0.004572352 0.999687726
8769.000000000 -0.481563728 0.130070531 -0.172154197 0.001150096 0.024541923 -0.004573222 0.999687680
8770.000000000 -0.481585061 0.130035400 -0.172154487 0.001140270 0.024544693 -0.004574547 0.999687617
8771.000000000 -0.481576081 0.130053012 -0.172134767 0.001137872 0.024547616 -0.004589522 0.999687479
8772.000000000 -0.481569011 0.130031001 -0.172156282 0.001137248 0.024544685 -0.004579183 0.999687599
8773.000000000 -0.481536886 0.130069267 -0.172132110 0.001144734 0.024534461 -0.004584592 0.999687817
8774.000000000 -0.481500329 0.130035909 -0.172114567 0.001140612 0.024527988 -0.004565642 0.999688067
8775.000000000 -0.481507910 0.130050357 -0.172096473 0.001145980 0.024531111 -0.004565718 0.999687984
8776.000000000 -0.481512930 0.130047738 -0.172106574 0.001139259 0.024531374 -0.004577634 0.999687931
8777.000000000 -0.481519155 0.130062383 -0.172131390 0.001150008 0.024530703 -0.004572560 0.999687958
8778.000000000 -0.481529469 0.130064749 -0.172089278 0.001152033 0.024536171 -0.004567798 0.999687843
8779.000000000 -0.481538225 0.130077091 -0.172114211 0.001148319 0.024536358 -0.004581446 0.999687781
8780.000000000 -0.481561317 0.130049973 -0.172164268 0.001137091 0.024540755 -0.004577525 0.999687704
8781.000000000 -0.481528622 0.130049897 -0.172149031 0.001140399 0.024528995 -0.004579182 0.999687981
8782.000000000 -0.481528569 0.130044126 -0.172114333 0.001126545 0.024532245 -0.004603939 0.999687803
8783.000000000 -0.481567569 0.130067461 -0.172153169 0.001141204 0.024537297 -0.004604951 0.999687658
8784.000000000 -0.481529550 0.130037925 -0.172111552 0.001137783 0.024538779 -0.004570926 0.999687781
8785.000000000 -0.481596568 0.130045728 -0.172177298 0.001142040 0.024538822 -0.004595115 0.999687665
8786.000000000 -0.481624308 0.130056796 -0.172205021 0.001145013 0.024544020 -0.004603463 0.999687495
8787.000000000 -0.481618596 0.130066485 -0.172195159 0.001150147 0.024546403 -0.004589399 0.999687496
8788.000000000 -0.481608380 0.130076780 -0.172170729 0.001152002 0.024543414 -0.004591140 0.999687559
8789.000000000 -0.481605812 0.130070080 -0.172173483 0.001148586 0.024538808 -0.004591381 0.999687675
8790.000000000 -0.481675052 0.130021922 -0.172159526 0.001145040 0.024566029 -0.004559349 0.999687157
8791.000000000 -0.481616150 0.129999938 -0.172194126 0.001144367 0.024542175 -0.004546646 0.999687801
8792.000000000 -0.481617584 0.130023035 -0.172190458 0.001155753 0.024545381 -0.004536680 0.999687755
8793.000000000 -0.481628270 0.130026724 -0.172186074 0.001153074 0.024549713 -0.004536536 0.999687652
8794.000000000 -0.481648904 0.130011602 -0.172163301 0.001146560 0.024560602 -0.004543532 0.999687360
8795.000000000 -0.481634000 0.130040694 -0.172170253 0.001154656 0.024555117 -0.004528715 0.999687553
8796.000000000 -0.481663321 0.130025731 -0.172224124 0.001158588 0.024555523 -0.004548847 0.999687447
8797.000000000 -0.481654638 0.130008261 -0.172244806 0.001151156 0.024550745 -0.004548028 0.999687577
8798.000000000 -0.481680593 0.130030883 -0.172243799 0.001156060 0.024556945 -0.004548639 0.999687416
8799.000000000 -0.481688364 0.130015993 -0.172211892 0.001153143 0.024560306 -0.004563297 0.999687270
8800.000000000 -0.481664908 0.130046076 -0.172172349 0.001144402 0.024554054 -0.004577505 0.999687369
8801.000000000 -0.481658822 0.130007425 -0.172219368 0.001140147 0.024544829 -0.004583461 0.999687573
8802.000000000 -0.481648550 0.130011569 -0.172180053 0.001134073 0.024548517 -0.004596367 0.999687430
8803.000000000 -0.481620627 0.130027318 -0.172154328 0.001145620 0.024543946 -0.004577599 0.999687615
8804.000000000 -0.481632936 0.130060408 -0.172153454 0.001146414 0.024545239 -0.004599716 0.999687481
8805.000000000 -0.481611561 0.130028110 -0.172164975 0.001143193 0.024534637 -0.004575524 0.999687856
8806.000000000 -0.481607981 0.130019781 -0.172179292 0.001145916 0.024536611 -0.004567117 0.999687843
8807.000000000 -0.481601181 0.130001568 -0.172141171 0.001140924 0.024541002 -0.004552066 0.999687809
8808.000000000 -0.481596903 0.130018809 -0.172160230 0.001142495 0.024531731 -0.004576396 0.999687924
8809.000000000 -0.481633514 0.130012408 -0.172197581 0.001142998 0.024544979 -0.004571845 0.999687619
8810.000000000 -0.481632124 0.130024570 -0.172152111 0.001145740 0.024549253 -0.004564492 0.999687545
8811.000000000 -0.481620438 0.129998807 -0.172178991 0.001144271 0.024540659 -0.004551766 0.999687815
8812.000000000 -0.481651047 0.130039893 -0.172215320 0.001161812 0.024545781 -0.004545114 0.999687700
8813.000000000 -0.481639068 0.130013021 -0.172192793 0.001150095 0.024543480 -0.004560032 0.999687702
8814.000000000 -0.481620478 0.129992913 -0.172191246 0.001137517 0.024535002 -0.004570764 0.999687875
8815.000000000 -0.481626641 0.129981716 -0.172198446 0.001137676 0.024535823 -0.004564906 0.999687882
8816.000000000 -0.481578220 0.129979620 -0.172166491 0.001135901 0.024527099 -0.004555548 0.999688140
8817.000000000 -0.481627455 0.129957074 -0.172244632 0.001138443 0.024531562 -0.004538446 0.999688106
8818.000000000 -0.481627393 0.129997599 -0.172208369 0.001139882 0.024532695 -0.004569211 0.999687936
8819.000000000 -0.481612863 0.129968056 -0.172244760 0.001124812 0.024519331 -0.004591843 0.999688177
8820.000000000 -0.481601806 0.129976459 -0.172230249 0.001131525 0.024518963 -0.004579807 0.999688234
8821.000000000 -0.481599495 0.129945415 -0.172210007 0.001129310 0.024523695 -0.004571280 0.999688160
8822.000000000 -0.481606009 0.129968065 -0.172187891 0.001134803 0.024523502 -0.004573399 0.999688148
8823.000000000 -0.481577867 0.130010615 -0.172158886 0.001138118 0.024518019 -0.004601384 0.999688151
8824.000000000 -0.481567593 0.129992432 -0.172157578 0.001136255 0.024516866 -0.004590830 0.999688230
8825.000000000 -0.481588022 0.129969499 -0.172180325 0.001137171 0.024524595 -0.004577110 0.999688102
8826.000000000 -0.481569947 0.129986534 -0.172160336 0.001143050 0.024521750 -0.004582750 0.999688139
8827.000000000 -0.481576905 0.130001080 -0.172199443 0.001150670 0.024520153 -0.004582130 0.999688172
8828.000000000 -0.481549965 0.129991671 -0.172138524 0.001144353 0.024520461 -0.004582504 0.999688170
8829.000000000 -0.481602050 0.129974175 -0.172152916 0.001133290 0.024536065 -0.004583819 0.999687794
8830.000000000 -0.481554110 0.129997067 -0.172173938 0.001151603 0.024516512 -0.004569490 0.999688319
8831.000000000 -0.481542047 0.129967349 -0.172147172 0.001141503 0.024519534 -0.004551630 0.999688337
8832.000000000 -0.481580352 0.129996668 -0.172178122 0.001140093 0.024524273 -0.004583522 0.999688077
8833.000000000 -0.481565265 0.130024148 -0.172219904 0.001145324 0.024513753 -0.004598360 0.999688261
8834.000000000 -0.481585675 0.130030991 -0.172200372 0.001144918 0.024521390 -0.004599059 0.999688071
8835.000000000 -0.481557886 0.130054687 -0.172154363 0.001144505 0.024513470 -0.004609933 0.999688216
8836.000000000 -0.481563403 0.130042168 -0.172192156 0.001145864 0.024514813 -0.004602773 0.999688214
8837.000000000 -0.481561799 0.130032184 -0.172184641 0.001137887 0.024517193 -0.004617291 0.999688098
8838.000000000 -0.481522704 0.130049269 -0.172136395 0.001141841 0.024514234 -0.004608118 0.999688208
8839.000000000 -0.481540102 0.130074113 -0.172108694 0.001146641 0.024520540 -0.004621229 0.999687988
8840.000000000 -0.481545470 0.130074855 -0.172191637 0.001149938 0.024511353 -0.004603306 0.999688292
8841.000000000 -0.481525103 0.130072559 -0.172132086 0.001147399 0.024510782 -0.004615162 0.999688254
8842.000000000 -0.481542573 0.130072759 -0.172139347 0.001147394 0.024515930 -0.004606123 0.999688170
8843.000000000 -0.481494878 0.130066355 -0.172101123 0.001146212 0.024509901 -0.004596478 0.999688363
8844.000000000 -0.481523290 0.130060242 -0.172122815 0.001138681 0.024518995 -0.004604955 0.999688110
8845.000000000 -0.481498306 0.130042091 -0.172090918 0.001131927 0.024516448 -0.004604647 0.999688181
8846.000000000 -0.481514326 0.130062809 -0.172116907 0.001142914 0.024519568 -0.004600222 0.999688113
8847.000000000 -0.481528060 0.130044033 -0.172110788 0.001134584 0.024524635 -0.004597584 0.999688010
8848.000000000 -0.481489736 0.130062952 -0.172082056 0.001137087 0.024514897 -0.004591928 0.999688272
8849.000000000 -0.481540301 0.130056440 -0.172130534 0.001136362 0.024523320 -0.004602833 0.999688016
8850.000000000 -0.481549818 0.130045408 -0.172154762 0.001126012 0.024524637 -0.004602503 0.999687997
8851.000000000 -0.481537045 0.130024258 -0.172135758 0.001130866 0.024524134 -0.004578235 0.999688115
8852.000000000 -0.481503185 0.130048979 -0.172096779 0.001140595 0.024518019 -0.004578626 0.999688252
8853.000000000 -0.481501630 0.130044293 -0.172072310 0.001142992 0.024520967 -0.004579700 0.999688172
8854.000000000 -0.481493742 0.130040601 -0.172074681 0.001139026 0.024517999 -0.004585287 0.999688224
8855.000000000 -0.481477130 0.130066374 -0.172048823 0.001148731 0.024516244 -0.004569392 0.999688329
8856.000000000 -0.481497858 0.130062273 -0.172016695 0.001139525 0.024525892 -0.004595529 0.999687983
8857.000000000 -0.481476093 0.130067169 -0.172003595 0.001141952 0.024523351 -0.004588122 0.999688077
8858.000000000 -0.481487974 0.130067069 -0.171997989 0.001147818 0.024527660 -0.004582266 0.999687991
8859.000000000 -0.481504498 0.130065191 -0.171999955 0.001143087 0.024530797 -0.004591035 0.999687879
8860.000000000 -0.481481749 0.130040183 -0.172007865 0.001140604 0.024521353 -0.004578516 0.999688171
8861.000000000 -0.481461853 0.130083142 -0.171955104 0.001149218 0.024524249 -0.004583635 0.999688067
8862.000000000 -0.481490493 0.130067407 -0.171987712 0.001133633 0.024525187 -0.004600655 0.999687983
8863.000000000 -0.481444631 0.130041464 -0.171966021 0.001125404 0.024513668 -0.004603230 0.999688263
8864.000000000 -0.481509606 0.130017187 -0.172000588 0.001132952 0.024536882 -0.004571775 0.999687830
8865.000000000 -0.481480201 0.130014477 -0.172016920 0.001139144 0.024520156 -0.004552559 0.999688321
8866.000000000 -0.481527651 0.130025441 -0.172068527 0.001140396 0.024530100 -0.004563535 0.999688025
8867.000000000 -0.481480185 0.130018165 -0.172011580 0.001131611 0.024521921 -0.004581610 0.999688153
8868.000000000 -0.481531848 0.130042063 -0.172059867 0.001140623 0.024530520 -0.004586417 0.999687910
8869.000000000 -0.481528074 0.130043047 -0.172064096 0.001148503 0.024533735 -0.004557919 0.999687952
8870.000000000 -0.481511613 0.130017467 -0.172029781 0.001136480 0.024531734 -0.004571654 0.999687953
8871.000000000 -0.481518147 0.129999369 -0.172072665 0.001135332 0.024525946 -0.004570966 0.999688099
8872.000000000 -0.481500986 0.130002640 -0.172030656 0.001129329 0.024523392 -0.004598803 0.999688041
8873.000000000 -0.481533420 0.130014486 -0.172102755 0.001136574 0.024527337 -0.004594245 0.999687957
8874.000000000 -0.481527206 0.129994628 -0.172112682 0.001141443 0.024523453 -0.004576542 0.999688128
8875.000000000 -0.481552274 0.129997147 -0.172137664 0.001144273 0.024526803 -0.004584648 0.999688005
8876.000000000 -0.481482202 0.130013169 -0.172045016 0.001147274 0.024517262 -0.004578022 0.999688266
8877.000000000 -0.481485162 0.130040850 -0.172074651 0.001155500 0.024511257 -0.004592886 0.999688336
8878.000000000 -0.481496284 0.130036254 -0.172119652 0.001158853 0.024513499 -0.004575343 0.999688357
8879.000000000 -0.481539822 0.130007533 -0.172187657 0.001158190 0.024519067 -0.004556418 0.999688308
8880.000000000 -0.481527268 0.130022610 -0.172166636 0.001155754 0.024514114 -0.004567738 0.999688381
8881.000000000 -0.481540760 0.130034934 -0.172178072 0.001163067 0.024519011 -0.004562594 0.999688275
8882.000000000 -0.481521680 0.129984730 -0.172153250 0.001145803 0.024510058 -0.004563477 0.999688511
8883.000000000 -0.481496095 0.130052919 -0.172136567 0.001165904 0.024510256 -0.004562584 0.999688487
8884.000000000 -0.481529344 0.130024935 -0.172138313 0.001175246 0.024522771 -0.004513463 0.999688392
8885.000000000 -0.481518883 0.130008049 -0.172154345 0.001158238 0.024514241 -0.004551339 0.999688449
8886.000000000 -0.481542711 0.130047237 -0.172158282 0.001159433 0.024521501 -0.004571591 0.999688178
8887.000000000 -0.481498024 0.130022166 -0.172101996 0.001155926 0.024516714 -0.004551882 0.999688389
8888.000000000 -0.481523671 0.130035028 -0.172143327 0.001172269 0.024523827 -0.004527275 0.999688307
8889.000000000 -0.481542322 0.130010578 -0.172154634 0.001155689 0.024525060 -0.004550595 0.999688190
8890.000000000 -0.481540563 0.129991989 -0.172178700 0.001161332 0.024518452 -0.004529795 0.999688440
8891.000000000 -0.481569203 0.130020360 -0.172197152 0.001162406 0.024521354 -0.004558802 0.999688236
8892.000000000 -0.481542355 0.130007357 -0.172158106 0.001155627 0.024521287 -0.004561726 0.999688232
8893.000000000 -0.481523242 0.130006927 -0.172166224 0.001151167 0.024516068 -0.004560258 0.999688372
8894.000000000 -0.481511161 0.129993618 -0.172153937 0.001142553 0.024510540 -0.004582024 0.999688418
8895.000000000 -0.481534937 0.129976295 -0.172158256 0.001142965 0.024516423 -0.004564410 0.999688354
8896.000000000 -0.481571793 0.129997908 -0.172216170 0.001154459 0.024519524 -0.004568417 0.999688246
8897.000000000 -0.481617359 0.129972587 -0.172357285 0.001139871 0.024512153 -0.004566958 0.999688450
8898.000000000 -0.481533258 0.129984073 -0.172247709 0.001141211 0.024492806 -0.004559306 0.999688958
8899.000000000 -0.481596496 0.129952672 -0.172276169 0.001124714 0.024513766 -0.004573024 0.999688400
8900.000000000 -0.481499422 0.129959041 -0.171890638 0.001088059 0.024543470 -0.004627717 0.999687460
8901.000000000 -0.481682633 0.130139770 -0.172572281 0.001149677 0.024515620 -0.004623588 0.999688094
8902.000000000 -0.481698727 0.130128092 -0.172614795 0.001156246 0.024523766 -0.004599941 0.999687996
8903.000000000 -0.481675339 0.130117728 -0.172585204 0.001169678 0.024535492 -0.004514848 0.999688080
8904.000000000 -0.481606634 0.130115050 -0.172470051 0.001168339 0.024530030 -0.004501088 0.999688278
8905.000000000 -0.481635411 0.130094633 -0.172525726 0.001160252 0.024548529 -0.004492407 0.999687872
8906.000000000 -0.481630927 0.130106916 -0.172520325 0.001168374 0.024542291 -0.004495602 0.999688002
8907.000000000 -0.481625697 0.130120849 -0.172447862 0.001151089 0.024535243 -0.004534204 0.999688020
8908.000000000 -0.481840423 0.130003823 -0.172880138 0.001140068 0.024541856 -0.004510788 0.999687976
8909.000000000 -0.482299655 0.129937944 -0.173061836 0.001134708 0.024632633 -0.004478829 0.999685894
8910.000000000 -0.482469869 0.130120903 -0.172919170 0.001196788 0.024718495 -0.004496697 0.999683622
8911.000000000 -0.482217832 0.130043804 -0.172663422 0.001128920 0.024669241 -0.004552853 0.999684663
8912.000000000 -0.482231597 0.130001290 -0.172666397 0.001123000 0.024673789 -0.004526138 0.999684679
8913.000000000 -0.482210047 0.130044822 -0.172665339 0.001124473 0.024667402 -0.004543394 0.999684757
8914.000000000 -0.482206522 0.130002075 -0.172631492 0.001127061 0.024677818 -0.004515635 0.999684622
8915.000000000 -0.482229158 0.130035310 -0.172643514 0.001130355 0.024684605 -0.004515649 0.999684451
8916.000000000 -0.482284337 0.130029935 -0.172728605 0.001120872 0.024682274 -0.004553643 0.999684347
8917.000000000 -0.482281716 0.130027283 -0.172754024 0.001122681 0.024680473 -0.004559794 0.999684361
8918.000000000 -0.482273165 0.130012751 -0.172732210 0.001126029 0.024683638 -0.004537417 0.999684381
8919.000000000 -0.482255644 0.130009529 -0.172711594 0.001133694 0.024684738 -0.004506969 0.999684483
8920.000000000 -0.482223825 0.130031376 -0.172701453 0.001131614 0.024672465 -0.004541364 0.999684633
8921.000000000 -0.482264806 0.130034300 -0.172756580 0.001126251 0.024675892 -0.004546785 0.999684530
8922.000000000 -0.482259734 0.130038951 -0.172656521 0.001126239 0.024689257 -0.004536774 0.999684245
8923.000000000 -0.482238951 0.130038763 -0.172626419 0.001121502 0.024683225 -0.004552845 0.999684326
8924.000000000 -0.482285851 0.130044928 -0.172737779 0.001125929 0.024680005 -0.004547610 0.999684425
8925.000000000 -0.482246921 0.130050758 -0.172744762 0.001133463 0.024670908 -0.004532358 0.999684710
8926.000000000 -0.482223050 0.130016054 -0.172694422 0.001122024 0.024666656 -0.004531471 0.999684832
8927.000000000 -0.482251496 0.130058722 -0.172725466 0.001133538 0.024679310 -0.004517008 0.999684572
8928.000000000 -0.482187894 0.130058598 -0.172779800 0.001136120 0.024649851 -0.004533212 0.999685222
8929.000000000 -0.482083452 0.130036587 -0.172592247 0.001140689 0.024657903 -0.004509247 0.999685127
8930.000000000 -0.481847990 0.129960812 -0.172419071 0.001132781 0.024607847 -0.004466746 0.999686560
8931.000000000 -0.481926834 0.129870044 -0.172582920 0.001125654 0.024621958 -0.004443953 0.999686322
8932.000000000 -0.481691862 0.130393188 -0.172350038 0.001261820 0.024576799 -0.004441822 0.999687281
8933.000000000 -0.481584431 0.130307791 -0.172215636 0.001243420 0.024570248 -0.004431878 0.999687509
8934.000000000 -0.481601298 0.130328468 -0.172211915 0.001246495 0.024574170 -0.004455297 0.999687304
8935.000000000 -0.481593096 0.130320645 -0.172199167 0.001243551 0.024567548 -0.004463252 0.999687435
8936.000000000 -0.481605368 0.130312355 -0.172210205 0.001238652 0.024566632 -0.004479410 0.999687392
8937.000000000 -0.481614204 0.130319394 -0.172244834 0.001239500 0.024567075 -0.004477643 0.999687388
8938.000000000 -0.481607609 0.130322208 -0.172215428 0.001248348 0.024568009 -0.004466371 0.999687404
8939.000000000 -0.481590796 0.130345986 -0.172222760 0.001253680 0.024561917 -0.004474981 0.999687509
8940.000000000 -0.481562004 0.130356075 -0.172178865 0.001246815 0.024558690 -0.004490338 0.999687528
8941.000000000 -0.481553604 0.130349128 -0.172177883 0.001244955 0.024558857 -0.004476360 0.999687589
8942.000000000 -0.481532611 0.130347655 -0.172162962 0.001248032 0.024552280 -0.004473373 0.999687760
8943.000000000 -0.481533277 0.130363254 -0.172120734 0.001238862 0.024557831 -0.004511785 0.999687462
8944.000000000 -0.481551355 0.130360745 -0.172147949 0.001241879 0.024561912 -0.004492919 0.999687443
8945.000000000 -0.481557389 0.130357062 -0.172188696 0.001244580 0.024555977 -0.004487863 0.999687608
8946.000000000 -0.481545518 0.130371010 -0.172171098 0.001241806 0.024552709 -0.004505511 0.999687613
8947.000000000 -0.481553053 0.130334543 -0.172194418 0.001238708 0.024550592 -0.004467942 0.999687837
8948.000000000 -0.481560054 0.130355352 -0.172174627 0.001242946 0.024559704 -0.004489383 0.999687512
8949.000000000 -0.481560625 0.130337414 -0.172170447 0.001226818 0.024559990 -0.004492912 0.999687509
8950.000000000 -0.481563915 0.130344354 -0.172165347 0.001236346 0.024564945 -0.004477962 0.999687443
8951.000000000 -0.481563215 0.130328692 -0.172194585 0.001219795 0.024549054 -0.004492969 0.999687786
8952.000000000 -0.481497776 0.130352788 -0.172084963 0.001222833 0.024552149 -0.004489265 0.999687723
8953.000000000 -0.481504855 0.130349975 -0.172130039 0.001223787 0.024547292 -0.004486750 0.999687852
8954.000000000 -0.481502406 0.130360738 -0.172106873 0.001234073 0.024550180 -0.004479526 0.999687801
8955.000000000 -0.481564481 0.130285188 -0.172038435 0.001190622 0.024586992 -0.004496852 0.999686871
8956.000000000 -0.481672514 0.130299113 -0.172234926 0.001180374 0.024584978 -0.004554663 0.999686671
8957.000000000 -0.481694660 0.130293319 -0.172252156 0.001173071 0.024585316 -0.004562448 0.999686636
8958.000000000 -0.481721005 0.130273864 -0.172301389 0.001166049 0.024586807 -0.004567093 0.999686586
8959.000000000 -0.481686245 0.130281108 -0.172325538 0.001166454 0.024573168 -0.004571598 0.999686901
8960.000000000 -0.481683407 0.130309311 -0.172312783 0.001181352 0.024575833 -0.004552722 0.999686904
8961.000000000 -0.481635897 0.130290506 -0.172259803 0.001176124 0.024566596 -0.004544891 0.999687173
8962.000000000 -0.481606273 0.130273067 -0.172200512 0.001166707 0.024566672 -0.004536108 0.999687222
8963.000000000 -0.481616616 0.130288241 -0.172190468 0.001177222 0.024574983 -0.004531678 0.999687025
8964.000000000 -0.481639638 0.130286867 -0.172227338 0.001173143 0.024578954 -0.004540659 0.999686892
8965.000000000 -0.481675151 0.130254286 -0.172281758 0.001167076 0.024581053 -0.004533954 0.999686877
8966.000000000 -0.481640624 0.130279115 -0.172200640 0.001171779 0.024580733 -0.004540801 0.999686849
8967.000000000 -0.481620929 0.130261390 -0.172169744 0.001160983 0.024579481 -0.004541667 0.999686888
8968.000000000 -0.481600206 0.130277713 -0.172209778 0.001179174 0.024569954 -0.004522442 0.999687188
8969.000000000 -0.481607491 0.130292120 -0.172160011 0.001182557 0.024580040 -0.004528522 0.999686909
8970.000000000 -0.481631590 0.130287232 -0.172185543 0.001176693 0.024583844 -0.004540442 0.999686768
8971.000000000 -0.481663019 0.130283638 -0.172183670 0.001179812 0.024593974 -0.004528513 0.999686569
8972.000000000 -0.481632136 0.130287421 -0.172164619 0.001179684 0.024589937 -0.004532225 0.999686652
8973.000000000 -0.481635169 0.130301070 -0.172162808 0.001184066 0.024590568 -0.004529759 0.999686643
8974.000000000 -0.481741240 0.130313282 -0.172314701 0.001175273 0.024597803 -0.004565336 0.999686313
8975.000000000 -0.481883040 0.130338742 -0.172341140 0.001160370 0.024623711 -0.004641171 0.999685343
8976.000000000 -0.481850740 0.130395845 -0.172202617 0.001138487 0.024617287 -0.004696637 0.999685268
8977.000000000 -0.481886259 0.130390844 -0.172270189 0.001144587 0.024626135 -0.004687637 0.999685085
8978.000000000 -0.481854391 0.130405836 -0.172256317 0.001142059 0.024614242 -0.004699325 0.999685326
8979.000000000 -0.481853004 0.130393889 -0.172305264 0.001124084 0.024595123 -0.004734995 0.999685649
8980.000000000 -0.481859475 0.130393371 -0.172315992 0.001132168 0.024597592 -0.004707614 0.999685708
8981.000000000 -0.481852912 0.130361379 -0.172290192 0.001115914 0.024597936 -0.004724376 0.999685639
8982.000000000 -0.481902822 0.130410559 -0.172450431 0.001141612 0.024586276 -0.004728903 0.999685875
8983.000000000 -0.481865388 0.130402778 -0.172373347 0.001130989 0.024585794 -0.004728777 0.999685900
8984.000000000 -0.481867653 0.130400521 -0.172372222 0.001131944 0.024592275 -0.004722405 0.999685769
8985.000000000 -0.481875555 0.130415047 -0.172391773 0.001118662 0.024590003 -0.004774894 0.999685591
8986.000000000 -0.481883863 0.130413130 -0.172391841 0.001138587 0.024592944 -0.004737815 0.999685673
8987.000000000 -0.481906236 0.130417453 -0.172416626 0.001152192 0.024595068 -0.004712664 0.999685724
8988.000000000 -0.481875418 0.130430370 -0.172399740 0.001149928 0.024591411 -0.004716750 0.999685797
8989.000000000 -0.481818663 0.130426092 -0.172363291 0.001148346 0.024580950 -0.004719484 0.999686043
8990.000000000 -0.481823947 0.130460374 -0.172327360 0.001148322 0.024587288 -0.004749514 0.999685745
8991.000000000 -0.481824045 0.130436745 -0.172295388 0.001133007 0.024591179 -0.004761365 0.999685610
8992.000000000 -0.481870961 0.130432781 -0.172326788 0.001128738 0.024593620 -0.004768427 0.999685522
8993.000000000 -0.481892558 0.130447816 -0.172372406 0.001138754 0.024590503 -0.004766657 0.999685595
8994.000000000 -0.481830536 0.130462823 -0.172417028 0.001155821 0.024564638 -0.004736353 0.999686356
8995.000000000 -0.481906321 0.130365093 -0.172598046 0.001163964 0.024564775 -0.004657717 0.999686712
8996.000000000 -0.481790838 0.130350677 -0.172231633 0.001182923 0.024597121 -0.004580462 0.999686252
8997.000000000 -0.481826111 0.130414257 -0.172269634 0.001204453 0.024594762 -0.004591387 0.999686234
8998.000000000 -0.481855474 0.130376503 -0.172295636 0.001194037 0.024595881 -0.004603466 0.999686163
8999.000000000 -0.481856739 0.130404636 -0.172245482 0.001198938 0.024606569 -0.004600355 0.999685909
9000.000000000 -0.481892116 0.130445813 -0.172191640 0.001219694 0.024632824 -0.004573404 0.999685361
9001.000000000 -0.481933948 0.130475107 -0.172179480 0.001227920 0.024642700 -0.004592919 0.999685018
9002.000000000 -0.481895295 0.130560319 -0.172212077 0.001260767 0.024631976 -0.004575124 0.999685323
9003.000000000 -0.481847202 0.130518380 -0.172101597 0.001244497 0.024625953 -0.004588792 0.999685429
9004.000000000 -0.481825416 0.130548896 -0.172113691 0.001259529 0.024627231 -0.004566165 0.999685482
9005.000000000 -0.481858560 0.130543209 -0.172184686 0.001250814 0.024624150 -0.004566494 0.999685567
9006.000000000 -0.481833269 0.130576786 -0.172147665 0.001268242 0.024627848 -0.004544959 0.999685553
9007.000000000 -0.481848918 0.130535085 -0.172202110 0.001258002 0.024623565 -0.004545508 0.999685669
9008.000000000 -0.481814586 0.130508904 -0.172121654 0.001238958 0.024621729 -0.004555467 0.999685692
9009.000000000 -0.481866076 0.130563929 -0.172213580 0.001269956 0.024627627 -0.004544304 0.999685559
9010.000000000 -0.481880692 0.130473658 -0.172160281 0.001226249 0.024638643 -0.004548861 0.999685321
9011.000000000 -0.481892560 0.130483330 -0.172193662 0.001231265 0.024631553 -0.004561294 0.999685433
9012.000000000 -0.481975297 0.130554149 -0.172317199 0.001272613 0.024649010 -0.004534490 0.999685073
9013.000000000 -0.481907866 0.130545472 -0.172239981 0.001241395 0.024629370 -0.004580174 0.999685388
9014.000000000 -0.481931314 0.130507503 -0.172279211 0.001242006 0.024629793 -0.004572586 0.999685412
9015.000000000 -0.481970514 0.130541083 -0.172279901 0.001247248 0.024642886 -0.004585553 0.999685023
9016.000000000 -0.481925512 0.130577984 -0.172254329 0.001274882 0.024637052 -0.004547827 0.999685304
9017.000000000 -0.481946201 0.130547972 -0.172306099 0.001263414 0.024634586 -0.004565550 0.999685299
9018.000000000 -0.482032455 0.130531846 -0.172350896 0.001271220 0.024658768 -0.004538191 0.999684817
9019.000000000 -0.481968419 0.130543738 -0.172279542 0.001272070 0.024649686 -0.004535845 0.999685051
9020.000000000 -0.481969903 0.130528426 -0.172299825 0.001271264 0.024648919 -0.004533090 0.999685083
9021.000000000 -0.482026513 0.130545329 -0.172346322 0.001271674 0.024654474 -0.004540623 0.999684912
9022.000000000 -0.482002792 0.130579587 -0.172362337 0.001287061 0.024646865 -0.004532090 0.999685118
9023.000000000 -0.481958789 0.130593916 -0.172300868 0.001285933 0.024642403 -0.004540929 0.999685190
9024.000000000 -0.481971402 0.130599170 -0.172336526 0.001291678 0.024645628 -0.004521485 0.999685191
9025.000000000 -0.481969917 0.130567052 -0.172358037 0.001269230 0.024636545 -0.004550605 0.999685311
9026.000000000 -0.481973161 0.130510986 -0.172343203 0.001253081 0.024634878 -0.004550909 0.999685371
9027.000000000 -0.481942917 0.130507576 -0.172290779 0.001247336 0.024630610 -0.004545167 0.999685510
9028.000000000 -0.481919517 0.130511973 -0.172277354 0.001256114 0.024628393 -0.004516162 0.999685685
9029.000000000 -0.481867970 0.130538914 -0.172224967 0.001254091 0.024620703 -0.004542018 0.999685760
9030.000000000 -0.481913111 0.130609342 -0.172291366 0.001274433 0.024622419 -0.004559261 0.999685613
9031.000000000 -0.481920139 0.130631663 -0.172293989 0.001293337 0.024624878 -0.004554589 0.999685550
9032.000000000 -0.481917996 0.130615209 -0.172278578 0.001289026 0.024626186 -0.004551352 0.999685538
9033.000000000 -0.481906564 0.130603031 -0.172287039 0.001271872 0.024621065 -0.004572020 0.999685592
9034.000000000 -0.481874411 0.130583788 -0.172254014 0.001269048 0.024621682 -0.004561928 0.999685626
9035.000000000 -0.481829286 0.130518752 -0.172198106 0.001244332 0.024610146 -0.004565926 0.999685923
9036.000000000 -0.481847955 0.130510868 -0.172246475 0.001244345 0.024612436 -0.004550617 0.999685936
9037.000000000 -0.481865355 0.130584417 -0.172256085 0.001280250 0.024622075 -0.004522637 0.999685781
9038.000000000 -0.481908242 0.130597726 -0.172306998 0.001282135 0.024628844 -0.004535156 0.999685555
9039.000000000 -0.481919604 0.130599498 -0.172323791 0.001277706 0.024624088 -0.004549027 0.999685615
9040.000000000 -0.481904651 0.130591374 -0.172278235 0.001261551 0.024625517 -0.004575087 0.999685481
9041.000000000 -0.481850169 0.130598513 -0.172246977 0.001270804 0.024614589 -0.004546117 0.999685871
9042.000000000 -0.481891944 0.130622353 -0.172252034 0.001269266 0.024627347 -0.004573996 0.999685431
9043.000000000 -0.481876948 0.130669383 -0.172150779 0.001282662 0.024642002 -0.004574448 0.999685051
9044.000000000 -0.481830911 0.130498039 -0.172069595 0.001209743 0.024639013 -0.004590639 0.999685141
9045.000000000 -0.481943725 0.130610857 -0.172342817 0.001214940 0.024634518 -0.004612169 0.999685147
9046.000000000 -0.481945478 0.130603272 -0.172383913 0.001219211 0.024630270 -0.004612626 0.999685244
9047.000000000 -0.481932589 0.130604044 -0.172291235 0.001208736 0.024633361 -0.004628105 0.999685109
9048.000000000 -0.482024907 0.130563289 -0.172360539 0.001198551 0.024645690 -0.004641825 0.999684754
9049.000000000 -0.481980406 0.130581356 -0.172356186 0.001185230 0.024635473 -0.004663993 0.999684918
9050.000000000 -0.481936054 0.130596739 -0.172167158 0.001199012 0.024649468 -0.004657498 0.999684587
9051.000000000 -0.482001081 0.130563569 -0.172382238 0.001214685 0.024637352 -0.004601464 0.999685126
9052.000000000 -0.481966092 0.130564702 -0.172347460 0.001215633 0.024637939 -0.004590136 0.999685163
9053.000000000 -0.481961448 0.130603954 -0.172301105 0.001213225 0.024643845 -0.004606781 0.999684944
9054.000000000 -0.481857146 0.130641354 -0.172167416 0.001220159 0.024639862 -0.004637969 0.999684889
9055.000000000 -0.481910708 0.130612138 -0.172194785 0.001216249 0.024647956 -0.004639559 0.999684687
9056.000000000 -0.481898718 0.130632202 -0.172201842 0.001229360 0.024644299 -0.004625447 0.999684827
9057.000000000 -0.481927311 0.130619812 -0.172213641 0.001218796 0.024645235 -0.004634763 0.999684773
9058.000000000 -0.481913937 0.130651251 -0.172208059 0.001227511 0.024641281 -0.004652265 0.999684779
9059.000000000 -0.481949308 0.130680485 -0.172238911 0.001238231 0.024649588 -0.004636050 0.999684636
9060.000000000 -0.481930433 0.130618005 -0.172124741 0.001213158 0.024657246 -0.004648536 0.999684420
9061.000000000 -0.481912480 0.130640364 -0.172136696 0.001222208 0.024651508 -0.004646088 0.999684562
9062.000000000 -0.481925647 0.130629685 -0.172162980 0.001222360 0.024650564 -0.004645223 0.999684589
9063.000000000 -0.481954858 0.130643982 -0.172202850 0.001224943 0.024653115 -0.004653942 0.999684482
9064.000000000 -0.481887237 0.130613059 -0.172204639 0.001224352 0.024642028 -0.004630835 0.999684864
9065.000000000 -0.481959924 0.130624522 -0.172312448 0.001231030 0.024648437 -0.004637891 0.999684665
9066.000000000 -0.481925381 0.130635255 -0.172284724 0.001228414 0.024641852 -0.004648030 0.999684783
9067.000000000 -0.481933312 0.130596602 -0.172291510 0.001209307 0.024643654 -0.004655774 0.999684726
9068.000000000 -0.481925322 0.130566723 -0.172320018 0.001202427 0.024634851 -0.004658291 0.999684940
9069.000000000 -0.481940196 0.130616573 -0.172290992 0.001211588 0.024644437 -0.004669487 0.999684640
9070.000000000 -0.481932678 0.130667374 -0.172293793 0.001220634 0.024640825 -0.004687470 0.999684634
9071.000000000 -0.481863604 0.130596747 -0.172174631 0.001206574 0.024639336 -0.004656880 0.999684831
9072.000000000 -0.481869503 0.130586286 -0.172207870 0.001202417 0.024632328 -0.004657469 0.999685006
9073.000000000 -0.481898692 0.130593752 -0.172220965 0.001198924 0.024638541 -0.004676651 0.999684767
9074.000000000 -0.481883331 0.130597345 -0.172228782 0.001207442 0.024637665 -0.004668593 0.999684816
9075.000000000 -0.481874716 0.130603435 -0.172235028 0.001203231 0.024634713 -0.004670905 0.999684883
9076.000000000 -0.481920015 0.130557707 -0.172251780 0.001183912 0.024639540 -0.004690951 0.999684693
9077.000000000 -0.481864588 0.130569503 -0.172164400 0.001178777 0.024641939 -0.004701313 0.999684592
9078.000000000 -0.481854512 0.130553699 -0.172149757 0.001173823 0.024644238 -0.004696329 0.999684564
9079.000000000 -0.481891605 0.130552664 -0.172196470 0.001171214 0.024648429 -0.004710814 0.999684396
9080.000000000 -0.481854123 0.130536408 -0.172152752 0.001161251 0.024642715 -0.004711304 0.999684546
9081.000000000 -0.481834574 0.130537204 -0.172051804 0.001148674 0.024643161 -0.004731416 0.999684455
9082.000000000 -0.481839626 0.130556298 -0.172015847 0.001135098 0.024650921 -0.004766102 0.999684114
9083.000000000 -0.481879891 0.130538183 -0.172069612 0.001123254 0.024648661 -0.004787807 0.999684079
9084.000000000 -0.481848769 0.130558513 -0.171997440 0.001114565 0.024647683 -0.004813900 0.999683988
9085.000000000 -0.481852429 0.130549370 -0.171854818 0.001102998 0.024666776 -0.004821285 0.999683494
9086.000000000 -0.481765236 0.130510681 -0.171743416 0.001108537 0.024663789 -0.004772443 0.999683796
9087.000000000 -0.481789501 0.130526465 -0.171898224 0.001098826 0.024648079 -0.004812111 0.999684004
9088.000000000 -0.481374116 0.130765786 -0.172085662 0.001340258 0.024499704 -0.004533308 0.999688660
9089.000000000 -0.481289993 0.130732157 -0.172425411 0.001316294 0.024417238 -0.004551213 0.999690628
9090.000000000 -0.481399604 0.130672443 -0.172614112 0.001301718 0.024426497 -0.004552820 0.999690414
9091.000000000 -0.481527342 0.130714212 -0.172777821 0.001292597 0.024436568 -0.004603035 0.999689950
9092.000000000 -0.481624577 0.130921765 -0.172963725 0.001337281 0.024433308 -0.004627919 0.999689856
9093.000000000 -0.481291094 0.130955392 -0.172782051 0.001365033 0.024374659 -0.004590491 0.999691422
9094.000000000 -0.481370967 0.130921050 -0.172836259 0.001340040 0.024390022 -0.004603406 0.999691022
9095.000000000 -0.481294926 0.131078140 -0.172666463 0.001396774 0.024388812 -0.004590920 0.999691031
9096.000000000 -0.481161998 0.131192302 -0.172574464 0.001400121 0.024369734 -0.004671204 0.999691120
9097.000000000 -0.480800790 0.131195503 -0.172337435 0.001406958 0.024327107 -0.004762158 0.999691720
9098.000000000 -0.480673406 0.131328190 -0.172148815 0.001426294 0.024311152 -0.004760806 0.999692087
9099.000000000 -0.480856793 0.131291426 -0.172251202 0.001407094 0.024344435 -0.004779299 0.999691216
9100.000000000 -0.481073108 0.131088514 -0.172636493 0.001392237 0.024368009 -0.004709980 0.999690991
9101.000000000 -0.481180448 0.131183780 -0.172677073 0.001410640 0.024390657 -0.004691738 0.999690499
9102.000000000 -0.481284700 0.131029828 -0.172476896 0.001343089 0.024446276 -0.004705051 0.999689171
9103.000000000 -0.481195476 0.131089546 -0.172498844 0.001343609 0.024418666 -0.004718832 0.999689780
9104.000000000 -0.481156959 0.131128465 -0.172457007 0.001343579 0.024418226 -0.004742059 0.999689681
9105.000000000 -0.481377318 0.131123218 -0.172678880 0.001351982 0.024436280 -0.004744486 0.999689217
9106.000000000 -0.481371642 0.131092930 -0.172762122 0.001345264 0.024426503 -0.004723210 0.999689566
9107.000000000 -0.481369376 0.131073549 -0.172781962 0.001339851 0.024423889 -0.004729740 0.999689606
9108.000000000 -0.481337234 0.131053447 -0.172823255 0.001326124 0.024405504 -0.004721519 0.999690112
9109.000000000 -0.481350071 0.131087960 -0.172867729 0.001338787 0.024410358 -0.004725861 0.999689956
9110.000000000 -0.481323216 0.131134296 -0.172847006 0.001342474 0.024412157 -0.004751272 0.999689787
9111.000000000 -0.481476555 0.131129940 -0.172851639 0.001321621 0.024430136 -0.004786208 0.999689209
9112.000000000 -0.481419185 0.130968354 -0.172729520 0.001265712 0.024398824 -0.004800016 0.999689980
9113.000000000 -0.481471284 0.130927090 -0.172513509 0.001254889 0.024420877 -0.004810702 0.999689403
9114.000000000 -0.481726022 0.130756719 -0.172565662 0.001224351 0.024463797 -0.004782819 0.999688526
9115.000000000 -0.481800769 0.130762862 -0.172541411 0.001228481 0.024483989 -0.004790569 0.999687989
9116.000000000 -0.481647645 0.130803526 -0.172552471 0.001242282 0.024447350 -0.004786767 0.999688887
9117.000000000 -0.481582385 0.130835507 -0.172454313 0.001244226 0.024446169 -0.004798007 0.999688860
9118.000000000 -0.481612594 0.130872343 -0.172487424 0.001238429 0.024453509 -0.004820166 0.999688581
9119.000000000 -0.481659851 0.130907500 -0.172564348 0.001254397 0.024459254 -0.004808994 0.999688474
9120.000000000 -0.481724197 0.130887893 -0.172611580 0.001257120 0.024470723 -0.004802270 0.999688222
9121.000000000 -0.481511445 0.131020468 -0.172574208 0.001295717 0.024425163 -0.004826475 0.999689171
9122.000000000 -0.481954381 0.130632313 -0.172830743 0.001204947 0.024494869 -0.004751039 0.999687940
9123.000000000 -0.481969507 0.130773075 -0.172963529 0.001223045 0.024480126 -0.004781022 0.999688136
9124.000000000 -0.481781840 0.130806643 -0.172770839 0.001243474 0.024459340 -0.004765071 0.999688696
9125.000000000 -0.481802078 0.130705904 -0.172791219 0.001223561 0.024460339 -0.004748014 0.999688777
9126.000000000 -0.481673940 0.130753064 -0.172846469 0.001231242 0.024444792 -0.004750769 0.999689135
9127.000000000 -0.481570242 0.130832809 -0.172781352 0.001252094 0.024425673 -0.004755539 0.999689554
9128.000000000 -0.481572560 0.130755467 -0.172713556 0.001233462 0.024436328 -0.004750117 0.999689342
9129.000000000 -0.481619329 0.130905961 -0.172713029 0.001253039 0.024446790 -0.004797090 0.999688838
9130.000000000 -0.481528025 0.130798547 -0.172574947 0.001235940 0.024444457 -0.004774368 0.999689025
9131.000000000 -0.481534705 0.130769861 -0.172622332 0.001236922 0.024439087 -0.004758718 0.999689230
9132.000000000 -0.481584528 0.130775322 -0.172690237 0.001229527 0.024441493 -0.004769158 0.999689130
9133.000000000 -0.481507115 0.130740635 -0.172426208 0.001226428 0.024458769 -0.004745232 0.999688825
9134.000000000 -0.481530683 0.130736396 -0.172390557 0.001223185 0.024471089 -0.004748542 0.999688512
9135.000000000 -0.481487757 0.130770791 -0.172383723 0.001226338 0.024463799 -0.004766405 0.999688602
9136.000000000 -0.481490476 0.130786072 -0.172443185 0.001219455 0.024451725 -0.004797548 0.999688756
9137.000000000 -0.481388632 0.130736178 -0.172278284 0.001231721 0.024458010 -0.004751776 0.999688806
9138.000000000 -0.481370003 0.130758135 -0.172221559 0.001243612 0.024460266 -0.004747614 0.999688756
9139.000000000 -0.481255310 0.130744617 -0.172171353 0.001246488 0.024434697 -0.004731488 0.999689454
9140.000000000 -0.481271778 0.130758431 -0.172242955 0.001240723 0.024430853 -0.004738472 0.999689522
9141.000000000 -0.481306966 0.130936371 -0.172234035 0.001301779 0.024443738 -0.004743487 0.999689106
9142.000000000 -0.481356623 0.130966476 -0.172277048 0.001311949 0.024448975 -0.004746572 0.999688950
9143.000000000 -0.481380718 0.130861287 -0.172280499 0.001289720 0.024451180 -0.004720468 0.999689048
9144.000000000 -0.481416984 0.130848299 -0.172424001 0.001275773 0.024433677 -0.004727463 0.999689461
9145.000000000 -0.481414591 0.130773074 -0.172446416 0.001265094 0.024433589 -0.004720309 0.999689511
9146.000000000 -0.481374426 0.130823403 -0.172427215 0.001266814 0.024433878 -0.004737805 0.999689419
9147.000000000 -0.481262870 0.130803131 -0.172424181 0.001232637 0.024423289 -0.004792109 0.999689461
9148.000000000 -0.481292008 0.130984225 -0.172474931 0.001279348 0.024426719 -0.004769050 0.999689429
9149.000000000 -0.481234262 0.131105507 -0.172552508 0.001326225 0.024412433 -0.004755546 0.999689781
9150.000000000 -0.481407398 0.130930448 -0.172669465 0.001277014 0.024451735 -0.004763811 0.999688846
9151.000000000 -0.481296862 0.130999334 -0.172597441 0.001289917 0.024432771 -0.004781190 0.999689210
9152.000000000 -0.481359028 0.130977805 -0.172683428 0.001281106 0.024433824 -0.004787621 0.999689165
9153.000000000 -0.481404232 0.131005165 -0.172706882 0.001296419 0.024446944 -0.004763421 0.999688940
9154.000000000 -0.481526669 0.130982379 -0.172778385 0.001281714 0.024457523 -0.004759453 0.999688719
9155.000000000 -0.481902433 0.131408996 -0.172643176 0.001353037 0.024514863 -0.004739671 0.999687314
9156.000000000 -0.481695024 0.131438965 -0.172828364 0.001357216 0.024472749 -0.004751082 0.999688286
9157.000000000 -0.481697809 0.131391606 -0.172685683 0.001348801 0.024482067 -0.004726698 0.999688185
9158.000000000 -0.481851035 0.131228596 -0.172514499 0.001351050 0.024524729 -0.004650568 0.999687493
9159.000000000 -0.481951912 0.131311305 -0.172432634 0.001347892 0.024539280 -0.004673543 0.999687033
9160.000000000 -0.482257267 0.130625073 -0.172440944 0.001262492 0.024624830 -0.004531100 0.999685697
9161.000000000 -0.482468492 0.130781553 -0.172364914 0.001307983 0.024678844 -0.004574228 0.999684110
9162.000000000 -0.482181390 0.130470213 -0.172494499 0.001251461 0.024618185 -0.004559819 0.999685744
9163.000000000 -0.482231406 0.130359977 -0.172497026 0.001228272 0.024630611 -0.004561642 0.999685458
9164.000000000 -0.482134395 0.130672311 -0.172518301 0.001299789 0.024599797 -0.004609314 0.999685908
9165.000000000 -0.482217482 0.130373477 -0.172583704 0.001243114 0.024622747 -0.004587585 0.999685515
9166.000000000 -0.482117558 0.130506243 -0.172516133 0.001265681 0.024613818 -0.004575928 0.999685760
9167.000000000 -0.482328876 0.130424263 -0.172591167 0.001243107 0.024639482 -0.004611748 0.999684992
9168.000000000 -0.482515070 0.130433952 -0.172536457 0.001257863 0.024679690 -0.004598033 0.999684044
9169.000000000 -0.482494064 0.130237169 -0.172438364 0.001191171 0.024681960 -0.004586812 0.999684122
9170.000000000 -0.482519483 0.130003117 -0.172469920 0.001128120 0.024672987 -0.004582216 0.999684437
9171.000000000 -0.482488290 0.130031797 -0.172573297 0.001149103 0.024691803 -0.004541870 0.999684133
9172.000000000 -0.482513152 0.129909596 -0.172492674 0.001104643 0.024699138 -0.004557043 0.999683933
9173.000000000 -0.482627194 0.129733966 -0.172551528 0.001042527 0.024714774 -0.004560581 0.999683597
9174.000000000 -0.482350598 0.129937280 -0.172705209 0.001158402 0.024647351 -0.004526865 0.999685287
9175.000000000 -0.482309131 0.129915802 -0.172719728 0.001146622 0.024624513 -0.004514095 0.999685921
9176.000000000 -0.482312996 0.129960287 -0.172609769 0.001161557 0.024634655 -0.004511277 0.999685667
9177.000000000 -0.482574244 0.129965052 -0.172702012 0.001155885 0.024693347 -0.004520847 0.999684182
9178.000000000 -0.482247531 0.129900536 -0.172607982 0.001131502 0.024621108 -0.004531550 0.999685944
9179.000000000 -0.482236719 0.129488696 -0.172705133 0.001070715 0.024614055 -0.004443526 0.999686579
9180.000000000 -0.482287949 0.129438440 -0.172639013 0.000989962 0.024628285 -0.004542059 0.999685869
9181.000000000 -0.482247637 0.129223900 -0.172657404 0.000963286 0.024624671 -0.004467030 0.999686322
9182.000000000 -0.482423301 0.129543603 -0.172613512 0.001004362 0.024653847 -0.004506702 0.999685385
9183.000000000 -0.482361215 0.129668930 -0.172604174 0.001065833 0.024651983 -0.004544581 0.999685196
9184.000000000 -0.482277029 0.129600169 -0.172524201 0.001049821 0.024643002 -0.004538155 0.999685463
9185.000000000 -0.481846453 0.129595922 -0.172463915 0.001038619 0.024526500 -0.004552655 0.999688274
9186.000000000 -0.481980814 0.129440076 -0.172445199 0.000984658 0.024559624 -0.004533117 0.999687604
9187.000000000 -0.482140384 0.129457271 -0.172503698 0.000996362 0.024592351 -0.004533472 0.999686787
9188.000000000 -0.482300816 0.129341137 -0.172584129 0.000985349 0.024633211 -0.004500017 0.999685943
9189.000000000 -0.482376151 0.129460272 -0.172633883 0.001010549 0.024638767 -0.004521835 0.999685682
9190.000000000 -0.482491187 0.129805399 -0.172541406 0.001080293 0.024670974 -0.004569653 0.999684597
9191.000000000 -0.482399745 0.129860653 -0.172324167 0.001089090 0.024684724 -0.004616994 0.999684031
9192.000000000 -0.482264268 0.130005216 -0.172371512 0.001114982 0.024653498 -0.004633859 0.999684695
9193.000000000 -0.482306058 0.129970457 -0.172397195 0.001093871 0.024648947 -0.004680282 0.999684614
9194.000000000 -0.482203427 0.129678185 -0.172488940 0.001051522 0.024622006 -0.004613759 0.999685633
9195.000000000 -0.482098465 0.129687497 -0.172464840 0.001044992 0.024605271 -0.004623401 0.999686007
9196.000000000 -0.482138082 0.129687825 -0.172391629 0.001042306 0.024618347 -0.004642639 0.999685599
9197.000000000 -0.482110450 0.129648238 -0.172418565 0.001031489 0.024612650 -0.004639043 0.999685767
9198.000000000 -0.482277331 0.129574635 -0.172438086 0.001010477 0.024650364 -0.004638513 0.999684862
9199.000000000 -0.482132902 0.129534764 -0.172209254 0.000999294 0.024637964 -0.004657632 0.999685090
9200.000000000 -0.482405908 0.129500537 -0.172979853 0.000966605 0.024605399 -0.004672964 0.999685852
9201.000000000 -0.482269873 0.129357808 -0.172956467 0.000936776 0.024579462 -0.004657895 0.999686589
9202.000000000 -0.482312242 0.129419409 -0.172872805 0.000950452 0.024593859 -0.004673859 0.999686148
9203.000000000 -0.482396272 0.129589615 -0.172834470 0.001007572 0.024630633 -0.004665791 0.999685224
9204.000000000 -0.482475460 0.129580876 -0.172795402 0.001012531 0.024646815 -0.004653428 0.999684878
9205.000000000 -0.482422698 0.129698141 -0.172733280 0.001031005 0.024639381 -0.004679946 0.999684918
9206.000000000 -0.482427772 0.129714329 -0.172774019 0.001040826 0.024636269 -0.004672712 0.999685019
9207.000000000 -0.482509338 0.129629933 -0.172790746 0.001027977 0.024647114 -0.004661557 0.999684817
9208.000000000 -0.482442901 0.129740267 -0.172771030 0.001047284 0.024640458 -0.004657222 0.999684981
9209.000000000 -0.483286128 0.130089778 -0.172670391 0.001152854 0.024808498 -0.004695053 0.999680532
9210.000000000 -0.483301426 0.130040163 -0.172704934 0.001144970 0.024804123 -0.004688564 0.999680680
9211.000000000 -0.482585467 0.130083949 -0.172558738 0.001161592 0.024698551 -0.004655755 0.999683428
9212.000000000 -0.482552549 0.130144371 -0.172567344 0.001177089 0.024688643 -0.004658013 0.999683644
9213.000000000 -0.482490649 0.130118941 -0.172586016 0.001162775 0.024678911 -0.004676129 0.999683817
9214.000000000 -0.481479511 0.130669782 -0.172482999 0.001267733 0.024483489 -0.004706935 0.999688350
9215.000000000 -0.481538692 0.130357575 -0.172254445 0.001213432 0.024518997 -0.004678955 0.999687678
9216.000000000 -0.481622173 0.130319990 -0.172442121 0.001162430 0.024507859 -0.004723320 0.999687803
9217.000000000 -0.481979107 0.130168406 -0.172885591 0.001147100 0.024553931 -0.004671122 0.999686936
9218.000000000 -0.481856719 0.130137806 -0.172847364 0.001136470 0.024531163 -0.004674618 0.999687490
9219.000000000 -0.481847714 0.130282919 -0.172716477 0.001157181 0.024532187 -0.004683604 0.999687399
9220.000000000 -0.481630847 0.130145373 -0.172773479 0.001118481 0.024488868 -0.004683641 0.999688505
9221.000000000 -0.481401990 0.129838981 -0.172894735 0.001061839 0.024431604 -0.004653116 0.999690111
9222.000000000 -0.481413478 0.129967707 -0.172912020 0.001090896 0.024430056 -0.004656826 0.999690100
9223.000000000 -0.481412143 0.129965239 -0.172778994 0.001111238 0.024448659 -0.004701485 0.999689414
9224.000000000 -0.481398905 0.129824458 -0.172809267 0.001074461 0.024451753 -0.004685682 0.999689453
9225.000000000 -0.481359728 0.129862454 -0.172704271 0.001092527 0.024451925 -0.004661353 0.999689543
9226.000000000 -0.481247452 0.130140739 -0.172550801 0.001151198 0.024428255 -0.004714217 0.999689808
9227.000000000 -0.481777233 0.129853995 -0.172523499 0.001097544 0.024535350 -0.004698176 0.999687321
9228.000000000 -0.481899525 0.129939452 -0.172671225 0.001115558 0.024526373 -0.004649591 0.999687748
9229.000000000 -0.482102107 0.130138169 -0.172611709 0.001154851 0.024609469 -0.004658255 0.999685621
9230.000000000 -0.482026531 0.129898677 -0.172687591 0.001111002 0.024589587 -0.004629583 0.999686293
9231.000000000 -0.482059516 0.130018560 -0.172628751 0.001129426 0.024588829 -0.004673629 0.999686086
9232.000000000 -0.481928321 0.130132199 -0.172537946 0.001145134 0.024535112 -0.004686899 0.999687326
9233.000000000 -0.482139747 0.130244389 -0.172590664 0.001149421 0.024593556 -0.004675171 0.999685940
9234.000000000 -0.482128141 0.130109930 -0.172640109 0.001128117 0.024597108 -0.004701005 0.999685756
9235.000000000 -0.482243949 0.130046265 -0.172527588 0.001103900 0.024593695 -0.004608839 0.999686296
9236.000000000 -0.482256255 0.130083931 -0.172571430 0.001096699 0.024596924 -0.004558288 0.999686456
9237.000000000 -0.482391070 0.130129614 -0.172593037 0.001129880 0.024631093 -0.004606571 0.999685357
9238.000000000 -0.481678409 0.129724826 -0.173570879 0.001071377 0.024584881 -0.004689266 0.999686174
9239.000000000 -0.481029180 0.129145093 -0.174480534 0.000866393 0.024516855 -0.004564223 0.999688622
9240.000000000 -0.480955257 0.129154865 -0.174562522 0.000874893 0.024494170 -0.004543404 0.999689266
9241.000000000 -0.479229808 0.128943759 -0.174008400 0.000440275 0.024101887 -0.003842745 0.999702025
9242.000000000 -0.479278408 0.128838162 -0.173913451 0.000537800 0.024078549 -0.004137044 0.999701365
9243.000000000 -0.481031685 0.128746076 -0.171241473 0.000585868 0.024247584 -0.004102845 0.999697393
9244.000000000 -0.479131913 0.129173903 -0.174485554 0.000729754 0.024155182 -0.004202716 0.999699121
9245.000000000 -0.480120475 0.130242453 -0.172449155 0.000792610 0.024162359 -0.003811594 0.999700467
9246.000000000 -0.480637270 0.129997133 -0.173236193 0.000540613 0.024358820 -0.003499781 0.999697008
9247.000000000 -0.480613601 0.130104450 -0.172870386 0.000649001 0.024324723 -0.003577237 0.999697499
9248.000000000 -0.480567649 0.130028587 -0.172910952 0.000626205 0.024368629 -0.003767115 0.999695747
9249.000000000 -0.480476337 0.130140159 -0.172758144 0.000654318 0.024316768 -0.003792478 0.999696896
9250.000000000 -0.480185770 0.130613850 -0.172365527 0.000608267 0.024086512 -0.003447481 0.999703749
9251.000000000 -0.480588565 0.130403903 -0.171484069 0.000560910 0.024100898 -0.003399253 0.999703595
9252.000000000 -0.480583774 0.130406110 -0.171535456 0.000551398 0.024112038 -0.003416778 0.999703272
9253.000000000 -0.480619477 0.130783806 -0.171763838 0.000985951 0.024174520 -0.004227645 0.999698328
9254.000000000 -0.480802759 0.131169956 -0.172059500 0.001134432 0.024243700 -0.004286346 0.999696246
9255.000000000 -0.480363233 0.129979029 -0.173755302 0.000987138 0.024287645 -0.004330141 0.999695146
9256.000000000 -0.480325955 0.130072877 -0.173653838 0.000993798 0.024281987 -0.004341434 0.999695228
9257.000000000 -0.480426687 0.129487091 -0.174536834 0.000953293 0.024380953 -0.004557683 0.999691896
9258.000000000 -0.480859320 0.129880058 -0.176147597 0.001055739 0.024546757 -0.004489468 0.999688045
9259.000000000 -0.480799604 0.129663779 -0.174826124 0.001030490 0.024376380 -0.004469028 0.999692332
9260.000000000 -0.479430327 0.130421392 -0.174006345 0.001128869 0.024131072 -0.004428814 0.999698356
9261.000000000 -0.479394846 0.129781123 -0.174110725 0.001045402 0.024133635 -0.004497596 0.999698078
9262.000000000 -0.479601793 0.129886317 -0.173910028 0.001064673 0.024162935 -0.004482080 0.999697419
9263.000000000 -0.479582832 0.130200510 -0.174052472 0.001128049 0.024173264 -0.004537057 0.999696852
9264.000000000 -0.479604202 0.129872393 -0.174020803 0.001045451 0.024160207 -0.004449881 0.999697649
9265.000000000 -0.479524559 0.129880475 -0.173728007 0.001095057 0.024125550 -0.004540671 0.999698025
9266.000000000 -0.479643086 0.129887983 -0.173665866 0.001041948 0.024154113 -0.004446373 0.999697816
9267.000000000 -0.479938064 0.129972085 -0.173374533 0.001090048 0.024188229 -0.004509111 0.999696659
9268.000000000 -0.479964981 0.129780892 -0.173610088 0.001101590 0.024194865 -0.004618338 0.999695987
9269.000000000 -0.479997871 0.130100167 -0.173507596 0.001137156 0.024202877 -0.004548879 0.999696071
9270.000000000 -0.479645379 0.130199923 -0.173753152 0.001158052 0.024166137 -0.004643722 0.999696500
9271.000000000 -0.479735890 0.130958920 -0.173512350 0.001248417 0.024145131 -0.004596431 0.999697118
9272.000000000 -0.480011952 0.131119489 -0.173587414 0.001279474 0.024196158 -0.004600544 0.999695826
9273.000000000 -0.480100954 0.131110869 -0.173584997 0.001281550 0.024206839 -0.004612692 0.999695508
9274.000000000 -0.480006268 0.131418336 -0.174181908 0.001270050 0.024236322 -0.004536424 0.999695158
9275.000000000 -0.480534941 0.131272835 -0.173284927 0.001284496 0.024257593 -0.004527351 0.999694665
9276.000000000 -0.480300508 0.131421048 -0.174329466 0.001251878 0.024296895 -0.004538255 0.999693702
9277.000000000 -0.480539073 0.131110341 -0.173829484 0.001236296 0.024316799 -0.004595427 0.999692976
9278.000000000 -0.479946684 0.130785314 -0.173726795 0.001104611 0.024180251 -0.004365540 0.999697473
9279.000000000 -0.480127435 0.130453494 -0.174012609 0.001009599 0.024208188 -0.004455146 0.999696502
9280.000000000 -0.480215374 0.130382375 -0.173578946 0.001075746 0.024239889 -0.004623800 0.999694899
9281.000000000 -0.479710925 0.130365196 -0.172818585 0.001081463 0.024123501 -0.004697172 0.999697366
9282.000000000 -0.480191930 0.129948462 -0.173018056 0.001024241 0.024208832 -0.004638824 0.999695636
9283.000000000 -0.479823729 0.129513808 -0.173533472 0.000964493 0.024181969 -0.004686520 0.999696123
9284.000000000 -0.480059995 0.129532203 -0.173264393 0.000970231 0.024201620 -0.004628357 0.999695913
9285.000000000 -0.480101317 0.129474409 -0.173388138 0.000957573 0.024220244 -0.004591905 0.999695642
9286.000000000 -0.480031610 0.129684672 -0.173444800 0.000990395 0.024208485 -0.004601567 0.999695851
9287.000000000 -0.479954950 0.129745360 -0.173352556 0.000995243 0.024190515 -0.004591949 0.999696325
9288.000000000 -0.479911202 0.129745925 -0.173208160 0.001015554 0.024168334 -0.004629739 0.999696667
9289.000000000 -0.479746867 0.129440028 -0.173178487 0.000965437 0.024140829 -0.004597739 0.999697529
9290.000000000 -0.479722106 0.129181056 -0.173400942 0.000929384 0.024148836 -0.004646580 0.999697144
9291.000000000 -0.479769773 0.129156786 -0.173366898 0.000932930 0.024171489 -0.004664869 0.999696508
9292.000000000 -0.479867813 0.128970045 -0.173590579 0.000870779 0.024188762 -0.004626663 0.999696324
9293.000000000 -0.479798751 0.129383348 -0.173097895 0.000956118 0.024157207 -0.004606234 0.999697103
9294.000000000 -0.479684024 0.129436026 -0.173844660 0.000915339 0.024178898 -0.004611523 0.999696592
9295.000000000 -0.479550530 0.129436253 -0.173490523 0.000950587 0.024139272 -0.004703028 0.999697091
9296.000000000 -0.479666825 0.129562958 -0.173667128 0.000971703 0.024151889 -0.004647236 0.999697027
9297.000000000 -0.479807742 0.129236164 -0.173476510 0.000920755 0.024163554 -0.004678996 0.999696645
9298.000000000 -0.480295293 0.129458583 -0.173893627 0.000972264 0.024251632 -0.004696050 0.999694383
9299.000000000 -0.480411393 0.129838849 -0.173215536 0.001125035 0.024250097 -0.004895103 0.999693305
9300.000000000 -0.480398804 0.130215082 -0.173225160 0.001200260 0.024265337 -0.004898931 0.999692829
9301.000000000 -0.480264957 0.129890225 -0.173843719 0.001120047 0.024278543 -0.004836763 0.999692905
9302.000000000 -0.480252108 0.129854345 -0.173707052 0.001103973 0.024272617 -0.004830011 0.999693099
9303.000000000 -0.480284498 0.129837135 -0.173619899 0.001111500 0.024289943 -0.004816936 0.999692733
9304.000000000 -0.481186719 0.129742127 -0.172899183 0.001155431 0.024399615 -0.004921676 0.999689502
9305.000000000 -0.480931401 0.129690185 -0.172878068 0.001154880 0.024350234 -0.004970523 0.999690465
9306.000000000 -0.481084379 0.129565899 -0.172797448 0.001164865 0.024377578 -0.005002824 0.999689626
9307.000000000 -0.481118448 0.129702769 -0.172798448 0.001183468 0.024382677 -0.004967021 0.999689658
9308.000000000 -0.481057594 0.129745243 -0.172631063 0.001188002 0.024377211 -0.004967870 0.999689782
9309.000000000 -0.480943298 0.129570542 -0.172920596 0.001160901 0.024377674 -0.004987296 0.999689706
9310.000000000 -0.481153715 0.129446895 -0.172911756 0.001169284 0.024399262 -0.005008732 0.999689062
9311.000000000 -0.481373303 0.129688882 -0.172842178 0.001166820 0.024421856 -0.004955853 0.999688777
9312.000000000 -0.481460228 0.129735017 -0.172863825 0.001095538 0.024416381 -0.004721541 0.999690126
9313.000000000 -0.481338213 0.130045218 -0.173704531 0.000932286 0.024451583 -0.004345174 0.999691137
9314.000000000 -0.481189131 0.130000567 -0.173473194 0.000960394 0.024411047 -0.004411246 0.999691812
9315.000000000 -0.481675012 0.129903728 -0.174553273 0.001037893 0.024582263 -0.004695690 0.999686244
9316.000000000 -0.481701139 0.129880512 -0.174649639 0.001004571 0.024599218 -0.004657933 0.999686037
9317.000000000 -0.481772358 0.129858503 -0.174866591 0.001008666 0.024620837 -0.004733234 0.999685147
9318.000000000 -0.480806602 0.129860111 -0.174280684 0.001014510 0.024405215 -0.004712525 0.999690526
9319.000000000 -0.480823670 0.129834579 -0.174308627 0.001003847 0.024418871 -0.004686404 0.999690326
9320.000000000 -0.480689962 0.130128773 -0.174871999 0.001049216 0.024438354 -0.004748272 0.999689512
9321.000000000 -0.480950213 0.129613992 -0.174284178 0.000928375 0.024436918 -0.004622230 0.999690257
9322.000000000 -0.480915565 0.129581661 -0.174403023 0.000941175 0.024437250 -0.004640654 0.999690152
9323.000000000 -0.481123564 0.129132195 -0.174392829 0.000901438 0.024477880 -0.004762194 0.999688623
9324.000000000 -0.480535200 0.129948509 -0.175028480 0.000912399 0.024433380 -0.004538300 0.999690743
9325.000000000 -0.480594247 0.129962608 -0.174943023 0.001049952 0.024450854 -0.004810091 0.999688910
