wall_time_unix,elapsed_s,launcher_pid,ov2slam_pid,last_cpu,process_cpu_percent
1780710849.980,0.051,254529,254601,1,0.000
1780710850.033,0.104,254529,254601,1,18.952
1780710850.085,0.156,254529,254601,1,0.000
1780710850.137,0.208,254529,254601,1,0.000
1780710850.188,0.259,254529,254601,1,0.000
1780710850.240,0.311,254529,254601,1,38.816
1780710850.291,0.362,254529,254601,1,0.000
1780710850.343,0.414,254529,254601,1,0.000
1780710850.394,0.465,254529,254601,1,0.000
1780710850.446,0.517,254529,254601,1,0.000
1780710850.497,0.568,254529,254601,1,0.000
1780710850.549,0.620,254529,254601,1,19.432
1780710850.600,0.671,254529,254601,1,0.000
1780710850.652,0.722,254529,254601,1,0.000
1780710850.703,0.774,254529,254601,1,0.000
1780710850.755,0.826,254529,254601,1,19.431
1780710850.806,0.877,254529,254601,1,0.000
1780710850.858,0.929,254529,254601,1,19.421
1780710850.909,0.980,254529,254601,1,0.000
1780710850.961,1.031,254529,254601,1,0.000
1780710851.012,1.083,254529,254601,1,0.000
1780710851.064,1.135,254529,254601,1,19.432
1780710851.115,1.186,254529,254601,1,0.000
1780710851.167,1.237,254529,254601,1,19.430
1780710851.218,1.289,254529,254601,1,0.000
1780710851.270,1.340,254529,254601,1,0.000
1780710851.321,1.392,254529,254601,1,0.000
1780710851.373,1.443,254529,254601,1,0.000
1780710851.424,1.495,254529,254601,1,0.000
1780710851.475,1.546,254529,254601,1,0.000
1780710851.527,1.598,254529,254601,1,38.868
1780710851.578,1.649,254529,254601,1,0.000
1780710851.630,1.700,254529,254601,1,0.000
1780710851.681,1.752,254529,254601,1,0.000
1780710851.733,1.803,254529,254601,1,0.000
1780710851.784,1.855,254529,254601,1,0.000
1780710851.835,1.906,254529,254601,1,19.437
1780710851.887,1.958,254529,254601,1,0.000
1780710851.938,2.009,254529,254601,1,0.000
1780710851.990,2.061,254529,254601,1,0.000
1780710852.041,2.112,254529,254601,1,19.437
1780710852.093,2.164,254529,254601,1,0.000
1780710852.144,2.215,254529,254601,1,0.000
1780710852.196,2.266,254529,254601,1,19.435
1780710852.247,2.318,254529,254601,1,0.000
1780710852.299,2.369,254529,254601,1,0.000
1780710852.350,2.421,254529,254601,1,0.000
1780710852.402,2.472,254529,254601,1,19.441
1780710852.453,2.524,254529,254601,1,0.000
1780710852.504,2.575,254529,254601,1,0.000
1780710852.556,2.627,254529,254601,1,0.000
1780710852.607,2.678,254529,254601,1,19.430
1780710852.659,2.730,254529,254601,1,0.000
1780710852.710,2.781,254529,254601,1,0.000
1780710852.762,2.832,254529,254601,1,0.000
1780710852.813,2.884,254529,254601,1,19.430
1780710852.865,2.935,254529,254601,1,0.000
1780710852.916,2.987,254529,254601,1,19.441
1780710852.968,3.038,254529,254601,1,0.000
1780710853.019,3.090,254529,254601,1,0.000
1780710853.071,3.141,254529,254601,1,19.427
1780710853.122,3.193,254529,254601,1,0.000
1780710853.174,3.244,254529,254601,1,0.000
1780710853.225,3.296,254529,254601,1,0.000
1780710853.276,3.347,254529,254601,1,0.000
1780710853.328,3.399,254529,254601,1,19.439
1780710853.379,3.450,254529,254601,1,0.000
1780710853.431,3.502,254529,254601,1,0.000
1780710853.484,3.555,254529,254601,1,18.791
1780710853.536,3.606,254529,254601,1,19.436
1780710853.588,3.658,254529,254601,1,0.000
1780710853.640,3.710,254529,254601,1,0.000
1780710853.692,3.762,254529,254601,1,19.187
1780710853.744,3.815,254529,254601,1,0.000
1780710853.796,3.867,254529,254601,1,19.190
1780710853.848,3.919,254529,254601,1,0.000
1780710853.900,3.971,254529,254601,1,19.189
1780710853.952,4.023,254529,254601,1,0.000
1780710854.004,4.075,254529,254601,1,0.000
1780710854.057,4.127,254529,254601,1,19.188
1780710854.109,4.179,254529,254601,1,0.000
1780710854.161,4.231,254529,254601,1,19.193
1780710854.213,4.284,254529,254601,1,0.000
1780710854.265,4.336,254529,254601,1,0.000
1780710854.317,4.388,254529,254601,1,19.201
1780710854.369,4.440,254529,254601,1,0.000
1780710854.421,4.492,254529,254601,1,0.000
1780710854.473,4.544,254529,254601,1,19.193
1780710854.525,4.596,254529,254601,1,0.000
1780710854.578,4.648,254529,254601,1,0.000
1780710854.630,4.700,254529,254601,1,19.190
1780710854.682,4.752,254529,254601,1,19.196
1780710854.734,4.805,254529,254601,1,0.000
1780710854.786,4.857,254529,254601,1,19.190
1780710854.838,4.909,254529,254601,1,0.000
1780710854.890,4.961,254529,254601,1,0.000
1780710854.942,5.013,254529,254601,1,19.177
1780710854.994,5.065,254529,254601,1,0.000
1780710855.047,5.117,254529,254601,1,19.173
1780710855.099,5.169,254529,254601,1,0.000
1780710855.151,5.222,254529,254601,1,0.000
1780710855.203,5.274,254529,254601,1,19.186
1780710855.255,5.326,254529,254601,1,0.000
1780710855.307,5.378,254529,254601,1,0.000
1780710855.359,5.430,254529,254601,1,19.188
1780710855.412,5.482,254529,254601,1,0.000
1780710855.464,5.534,254529,254601,1,0.000
1780710855.516,5.586,254529,254601,1,19.196
1780710855.568,5.639,254529,254601,1,0.000
1780710855.620,5.691,254529,254601,1,19.189
1780710855.672,5.743,254529,254601,1,19.196
1780710855.724,5.795,254529,254601,1,0.000
1780710855.776,5.847,254529,254601,1,0.000
1780710855.828,5.899,254529,254601,1,19.197
1780710855.880,5.951,254529,254601,1,0.000
1780710855.933,6.003,254529,254601,1,0.000
1780710855.985,6.055,254529,254601,1,19.159
1780710856.037,6.108,254529,254601,1,0.000
1780710856.089,6.160,254529,254601,1,19.194
1780710856.141,6.212,254529,254601,1,0.000
1780710856.193,6.264,254529,254601,1,19.181
1780710856.245,6.316,254529,254601,1,19.191
1780710856.297,6.368,254529,254601,1,0.000
1780710856.350,6.420,254529,254601,1,0.000
1780710856.402,6.472,254529,254601,1,19.189
1780710856.454,6.524,254529,254601,1,0.000
1780710856.506,6.577,254529,254601,1,0.000
1780710856.558,6.629,254529,254601,1,0.000
1780710856.610,6.681,254529,254601,1,19.192
1780710856.662,6.733,254529,254601,1,0.000
1780710856.714,6.785,254529,254601,1,19.186
1780710856.767,6.837,254529,254601,1,0.000
1780710856.819,6.890,254529,254601,1,0.000
1780710856.871,6.942,254529,254601,1,19.185
1780710856.923,6.994,254529,254601,1,0.000
1780710856.976,7.046,254529,254601,1,19.148
1780710857.028,7.098,254529,254601,1,19.175
1780710857.080,7.150,254529,254601,1,0.000
1780710857.132,7.203,254529,254601,1,0.000
1780710857.184,7.255,254529,254601,1,0.000
1780710857.236,7.307,254529,254601,1,19.169
1780710857.288,7.359,254529,254601,1,0.000
1780710857.340,7.411,254529,254601,1,0.000
1780710857.392,7.463,254529,254601,1,38.427
1780710857.444,7.515,254529,254601,1,0.000
1780710857.497,7.567,254529,254601,1,0.000
1780710857.549,7.619,254529,254601,1,19.192
1780710857.601,7.671,254529,254601,1,0.000
1780710857.653,7.723,254529,254601,1,0.000
1780710857.705,7.775,254529,254601,1,0.000
1780710857.757,7.828,254529,254601,1,19.217
1780710857.809,7.880,254529,254601,1,19.201
1780710857.861,7.932,254529,254601,1,0.000
1780710857.913,7.984,254529,254601,1,19.219
1780710857.965,8.036,254529,254601,1,0.000
1780710858.017,8.088,254529,254601,1,0.000
1780710858.069,8.140,254529,254601,1,19.170
1780710858.121,8.192,254529,254601,1,0.000
1780710858.174,8.244,254529,254601,1,0.000
1780710858.226,8.296,254529,254601,1,19.200
1780710858.278,8.348,254529,254601,1,0.000
1780710858.330,8.400,254529,254601,1,19.198
1780710858.382,8.453,254529,254601,1,0.000
1780710858.434,8.505,254529,254601,1,0.000
1780710858.486,8.557,254529,254601,1,19.219
1780710858.538,8.609,254529,254601,1,0.000
1780710858.590,8.661,254529,254601,1,19.201
1780710858.642,8.713,254529,254601,1,0.000
1780710858.694,8.765,254529,254601,1,19.217
1780710858.746,8.817,254529,254601,1,0.000
1780710858.798,8.869,254529,254601,1,0.000
1780710858.851,8.921,254529,254601,1,19.174
1780710858.903,8.973,254529,254601,1,0.000
1780710858.955,9.025,254529,254601,1,0.000
1780710859.007,9.078,254529,254601,1,19.186
1780710859.059,9.130,254529,254601,1,0.000
1780710859.111,9.182,254529,254601,1,19.197
1780710859.163,9.234,254529,254601,1,0.000
1780710859.215,9.286,254529,254601,1,0.000
1780710859.267,9.338,254529,254601,1,19.191
1780710859.319,9.390,254529,254601,1,0.000
1780710859.371,9.442,254529,254601,1,19.215
1780710859.424,9.494,254529,254601,1,0.000
1780710859.476,9.546,254529,254601,1,0.000
1780710859.528,9.598,254529,254601,1,19.221
1780710859.580,9.650,254529,254601,1,0.000
1780710859.632,9.703,254529,254601,1,19.192
1780710859.684,9.755,254529,254601,1,0.000
1780710859.736,9.807,254529,254601,1,0.000
1780710859.788,9.859,254529,254601,1,19.138
1780710859.840,9.911,254529,254601,1,0.000
1780710859.892,9.963,254529,254601,1,19.210
1780710859.944,10.015,254529,254601,1,0.000
1780710859.997,10.067,254529,254601,1,19.186
1780710860.049,10.119,254529,254601,1,0.000
1780710860.101,10.172,254529,254601,1,19.065
1780710860.153,10.224,254529,254601,1,0.000
1780710860.205,10.276,254529,254601,1,19.191
1780710860.257,10.328,254529,254601,1,0.000
1780710860.310,10.380,254529,254601,1,19.184
1780710860.362,10.432,254529,254601,1,0.000
1780710860.414,10.484,254529,254601,1,19.215
1780710860.466,10.536,254529,254601,1,0.000
1780710860.518,10.589,254529,254601,1,0.000
1780710860.570,10.641,254529,254601,1,19.197
1780710860.622,10.693,254529,254601,1,0.000
1780710860.674,10.745,254529,254601,1,0.000
1780710860.726,10.797,254529,254601,1,19.213
1780710860.778,10.849,254529,254601,1,0.000
1780710860.830,10.901,254529,254601,1,19.170
1780710860.883,10.953,254529,254601,1,19.072
1780710860.935,11.006,254529,254601,1,19.170
1780710860.987,11.058,254529,254601,1,0.000
1780710861.039,11.110,254529,254601,1,0.000
1780710861.091,11.162,254529,254601,1,19.195
1780710861.144,11.214,254529,254601,1,0.000
1780710861.196,11.266,254529,254601,1,19.204
1780710861.248,11.318,254529,254601,1,0.000
1780710861.300,11.371,254529,254601,1,19.172
1780710861.352,11.423,254529,254601,1,0.000
1780710861.404,11.475,254529,254601,1,0.000
1780710861.456,11.527,254529,254601,1,19.184
1780710861.508,11.579,254529,254601,1,0.000
1780710861.560,11.631,254529,254601,1,19.192
1780710861.612,11.683,254529,254601,1,0.000
1780710861.665,11.735,254529,254601,1,19.196
1780710861.717,11.787,254529,254601,1,0.000
1780710861.769,11.839,254529,254601,1,19.219
1780710861.821,11.891,254529,254601,1,0.000
1780710861.873,11.944,254529,254601,1,19.192
1780710861.925,11.996,254529,254601,1,0.000
1780710861.977,12.048,254529,254601,1,19.178
1780710862.029,12.100,254529,254601,1,0.000
1780710862.081,12.152,254529,254601,1,19.193
1780710862.133,12.204,254529,254601,1,0.000
1780710862.185,12.256,254529,254601,1,0.000
1780710862.238,12.308,254529,254601,1,19.186
1780710862.290,12.360,254529,254601,1,0.000
1780710862.342,12.413,254529,254601,1,19.183
1780710862.394,12.465,254529,254601,1,19.200
1780710862.446,12.517,254529,254601,1,0.000
1780710862.498,12.569,254529,254601,1,19.212
1780710862.550,12.621,254529,254601,1,0.000
1780710862.603,12.673,254529,254601,1,19.029
1780710862.655,12.726,254529,254601,1,0.000
1780710862.707,12.778,254529,254601,1,0.000
1780710862.759,12.830,254529,254601,1,19.201
1780710862.811,12.882,254529,254601,1,19.183
1780710862.863,12.934,254529,254601,1,0.000
1780710862.915,12.986,254529,254601,1,0.000
1780710862.968,13.038,254529,254601,1,19.169
1780710863.020,13.090,254529,254601,1,0.000
1780710863.072,13.143,254529,254601,1,19.168
1780710863.124,13.195,254529,254601,1,19.203
1780710863.176,13.247,254529,254601,1,0.000
1780710863.228,13.299,254529,254601,1,19.183
1780710863.280,13.351,254529,254601,1,0.000
1780710863.332,13.403,254529,254601,1,0.000
1780710863.384,13.455,254529,254601,1,19.209
1780710863.437,13.507,254529,254601,1,0.000
1780710863.489,13.559,254529,254601,1,19.217
1780710863.541,13.611,254529,254601,1,0.000
1780710863.593,13.663,254529,254601,1,19.195
1780710863.645,13.716,254529,254601,1,0.000
1780710863.697,13.768,254529,254601,1,19.204
1780710863.749,13.820,254529,254601,1,0.000
1780710863.801,13.872,254529,254601,1,19.190
1780710863.853,13.924,254529,254601,1,0.000
1780710863.905,13.976,254529,254601,1,0.000
1780710863.957,14.028,254529,254601,1,19.207
1780710864.009,14.080,254529,254601,1,0.000
1780710864.062,14.132,254529,254601,1,0.000
1780710864.114,14.184,254529,254601,1,38.404
1780710864.166,14.237,254529,254601,1,0.000
1780710864.218,14.289,254529,254601,1,19.201
1780710864.270,14.341,254529,254601,1,0.000
1780710864.322,14.393,254529,254601,1,0.000
1780710864.374,14.445,254529,254601,1,19.202
1780710864.426,14.497,254529,254601,1,0.000
1780710864.478,14.549,254529,254601,1,0.000
1780710864.530,14.601,254529,254601,1,19.205
1780710864.583,14.653,254529,254601,1,0.000
1780710864.635,14.705,254529,254601,1,38.368
1780710864.687,14.758,254529,254601,1,0.000
1780710864.739,14.810,254529,254601,1,0.000
1780710864.791,14.862,254529,254601,1,19.113
1780710864.843,14.914,254529,254601,1,0.000
1780710864.896,14.966,254529,254601,1,19.137
1780710864.949,15.020,254529,254601,1,0.000
1780710865.001,15.072,254529,254601,1,19.178
1780710865.053,15.124,254529,254601,1,0.000
1780710865.106,15.177,254529,254601,1,0.000
1780710865.159,15.229,254529,254601,1,19.021
1780710865.210,15.281,254529,254601,1,0.000
1780710865.262,15.333,254529,254601,1,0.000
1780710865.314,15.385,254529,254601,1,0.000
1780710865.367,15.438,254529,254601,1,18.976
1780710865.419,15.489,254529,254601,1,0.000
1780710865.471,15.541,254529,254601,1,0.000
1780710865.522,15.593,254529,254601,1,0.000
1780710865.574,15.645,254529,254601,1,19.302
1780710865.626,15.697,254529,254601,1,0.000
1780710865.678,15.748,254529,254601,1,0.000
1780710865.730,15.800,254529,254601,1,0.000
1780710865.781,15.852,254529,254601,1,0.000
1780710865.833,15.904,254529,254601,1,0.000
1780710865.885,15.956,254529,254601,1,19.323
1780710865.938,16.009,254529,254601,1,0.000
1780710865.990,16.061,254529,254601,1,0.000
1780710866.042,16.113,254529,254601,1,19.163
1780710866.094,16.165,254529,254601,1,0.000
1780710866.146,16.217,254529,254601,1,0.000
1780710866.199,16.269,254529,254601,1,19.041
1780710866.251,16.322,254529,254601,1,0.000
1780710866.304,16.374,254529,254601,1,0.000
1780710866.356,16.427,254529,254601,1,38.121
1780710866.408,16.479,254529,254601,1,0.000
1780710866.460,16.531,254529,254601,1,19.283
1780710866.512,16.583,254529,254601,1,0.000
1780710866.565,16.636,254529,254601,1,18.844
1780710866.619,16.690,254529,254601,1,0.000
1780710866.671,16.742,254529,254601,1,0.000
1780710866.724,16.795,254529,254601,1,18.954
1780710866.777,16.848,254529,254601,1,151.862
1780710866.829,16.900,254529,254601,1,38.459
1780710866.885,16.956,254529,254601,1,35.520
1780710866.938,17.008,254529,254601,1,38.143
1780710866.990,17.061,254529,254601,1,56.889
1780710867.042,17.113,254529,254601,1,38.485
1780710867.094,17.165,254529,254601,1,57.765
1780710867.147,17.218,254529,254601,1,37.578
1780710867.205,17.275,254529,254601,1,52.398
1780710867.258,17.329,254529,254601,1,37.532
1780710867.311,17.382,254529,254601,1,37.830
1780710867.364,17.435,254529,254601,1,37.695
1780710867.417,17.487,254529,254601,1,37.870
1780710867.470,17.540,254529,254601,1,37.684
1780710867.522,17.593,254529,254601,1,38.246
1780710867.576,17.647,254529,254601,1,55.648
1780710867.634,17.705,254529,254601,1,51.325
1780710867.687,17.758,254529,254601,1,38.059
1780710867.739,17.810,254529,254601,1,76.941
1780710867.791,17.862,254529,254601,0,57.108
1780710867.843,17.914,254529,254601,0,57.738
1780710867.895,17.966,254529,254601,0,19.251
1780710867.947,18.018,254529,254601,0,57.770
1780710867.999,18.070,254529,254601,0,38.477
1780710868.051,18.122,254529,254601,0,38.477
1780710868.103,18.174,254529,254601,0,38.518
1780710868.155,18.226,254529,254601,0,38.514
1780710868.207,18.278,254529,254601,0,38.528
1780710868.259,18.330,254529,254601,0,57.278
1780710868.312,18.382,254529,254601,0,38.318
1780710868.364,18.434,254529,254601,0,38.491
1780710868.416,18.486,254529,254601,0,57.682
1780710868.468,18.538,254529,254601,0,19.161
1780710868.524,18.595,254529,254601,0,70.904
1780710868.581,18.652,254529,254601,0,52.515
1780710868.634,18.705,254529,254601,0,37.610
1780710868.687,18.757,254529,254601,0,96.086
1780710868.739,18.809,254529,254601,3,115.330
1780710868.791,18.862,254529,254601,3,38.235
1780710868.843,18.914,254529,254601,0,76.910
1780710868.901,18.971,254529,254601,0,121.071
1780710868.953,19.023,254529,254601,0,38.481
1780710869.006,19.076,254529,254601,0,132.061
1780710869.058,19.128,254529,254601,0,76.877
1780710869.111,19.182,254529,254601,0,56.107
1780710869.164,19.235,254529,254601,0,150.387
1780710869.216,19.287,254529,254601,0,95.951
1780710869.268,19.339,254529,254601,0,57.701
1780710869.321,19.392,254529,254601,3,57.065
1780710869.374,19.444,254529,254601,3,152.258
1780710869.426,19.497,254529,254601,3,133.855
1780710869.478,19.549,254529,254601,3,76.502
1780710869.530,19.601,254529,254601,2,173.098
1780710869.584,19.654,254529,254601,3,93.700
1780710869.636,19.707,254529,254601,3,38.222
1780710869.688,19.759,254529,254601,3,76.988
1780710869.740,19.811,254529,254601,0,190.767
1780710869.795,19.866,254529,254601,3,73.123
1780710869.847,19.918,254529,254601,3,57.769
1780710869.900,19.971,254529,254601,3,37.727
1780710869.953,20.024,254529,254601,3,37.766
1780710870.005,20.075,254529,254601,3,57.731
1780710870.057,20.127,254529,254601,3,57.756
1780710870.109,20.180,254529,254601,3,57.269
1780710870.161,20.232,254529,254601,3,134.680
1780710870.214,20.285,254529,254601,3,151.696
1780710870.266,20.337,254529,254601,3,76.145
1780710870.318,20.389,254529,254601,3,153.804
1780710870.371,20.441,254529,254601,3,152.764
1780710870.423,20.494,254529,254601,3,114.772
1780710870.476,20.547,254529,254601,3,56.816
1780710870.528,20.599,254529,254601,3,57.348
1780710870.582,20.653,254529,254601,3,74.322
1780710870.635,20.706,254529,254601,3,56.334
1780710870.688,20.759,254529,254601,3,37.857
1780710870.741,20.812,254529,254601,1,75.450
1780710870.796,20.866,254529,254601,1,164.845
1780710870.848,20.919,254529,254601,1,153.079
1780710870.900,20.971,254529,254601,1,57.319
1780710870.952,21.023,254529,254601,1,57.640
1780710871.004,21.075,254529,254601,1,57.811
1780710871.057,21.128,254529,254601,1,113.857
1780710871.111,21.181,254529,254601,1,148.614
1780710871.166,21.237,254529,254601,1,143.749
1780710871.221,21.291,254529,254601,1,73.875
1780710871.273,21.344,254529,254601,1,37.911
1780710871.328,21.399,254529,254601,1,164.016
1780710871.381,21.452,254529,254601,1,151.496
1780710871.434,21.504,254529,254601,1,132.549
1780710871.486,21.557,254529,254601,1,172.804
1780710871.540,21.611,254529,254601,1,166.111
1780710871.593,21.663,254529,254601,1,113.898
1780710871.645,21.715,254529,254601,1,38.443
1780710871.697,21.767,254529,254601,1,57.790
1780710871.749,21.819,254529,254601,1,38.512
1780710871.801,21.871,254529,254601,1,114.912
1780710871.853,21.924,254529,254601,1,172.445
1780710871.905,21.976,254529,254601,1,153.668
1780710871.957,22.028,254529,254601,1,95.859
1780710872.009,22.080,254529,254601,1,57.426
1780710872.062,22.133,254529,254601,1,57.062
1780710872.114,22.185,254529,254601,1,153.969
1780710872.167,22.237,254529,254601,1,170.401
1780710872.219,22.290,254529,254601,1,134.339
1780710872.271,22.342,254529,254601,1,152.999
1780710872.324,22.395,254529,254601,1,56.332
1780710872.377,22.448,254529,254601,1,57.175
1780710872.429,22.500,254529,254601,1,57.334
1780710872.482,22.553,254529,254601,1,56.491
1780710872.535,22.606,254529,254601,1,37.825
1780710872.587,22.658,254529,254601,1,38.498
1780710872.639,22.710,254529,254601,1,57.683
1780710872.691,22.762,254529,254601,1,57.432
1780710872.743,22.814,254529,254601,1,38.478
1780710872.795,22.866,254529,254601,1,115.153
1780710872.848,22.918,254529,254601,1,152.999
1780710872.900,22.971,254529,254601,1,151.995
1780710872.953,23.024,254529,254601,1,151.798
1780710873.005,23.076,254529,254601,1,152.973
1780710873.058,23.129,254529,254601,1,152.227
1780710873.111,23.182,254529,254601,1,131.594
1780710873.164,23.235,254529,254601,1,169.931
1780710873.217,23.287,254529,254601,1,114.105
1780710873.269,23.339,254529,254601,1,57.713
1780710873.322,23.392,254529,254601,2,170.098
1780710873.375,23.446,254529,254601,3,149.227
1780710873.428,23.499,254529,254601,3,151.270
1780710873.481,23.552,254529,254601,3,150.154
1780710873.534,23.604,254529,254601,3,76.484
1780710873.586,23.656,254529,254601,2,38.467
1780710873.638,23.708,254529,254601,2,38.517
1780710873.690,23.760,254529,254601,2,57.722
1780710873.742,23.812,254529,254601,2,38.459
1780710873.794,23.864,254529,254601,2,96.172
1780710873.848,23.919,254529,254601,1,165.728
1780710873.902,23.973,254529,254601,1,147.425
1780710873.955,24.026,254529,254601,1,131.837
1780710874.008,24.079,254529,254601,1,151.878
1780710874.062,24.133,254529,254601,1,73.848
1780710874.115,24.186,254529,254601,1,56.767
1780710874.167,24.238,254529,254601,1,57.637
1780710874.219,24.290,254529,254601,1,134.539
1780710874.272,24.342,254529,254601,1,151.686
1780710874.324,24.395,254529,254601,1,151.704
1780710874.377,24.447,254529,254601,1,152.880
1780710874.432,24.503,254529,254601,1,162.777
1780710874.485,24.556,254529,254601,1,56.462
1780710874.538,24.609,254529,254601,1,37.564
1780710874.590,24.661,254529,254601,1,57.712
1780710874.643,24.714,254529,254601,1,95.101
1780710874.695,24.766,254529,254601,1,152.938
1780710874.748,24.819,254529,254601,1,152.340
1780710874.800,24.871,254529,254601,1,134.413
1780710874.852,24.923,254529,254601,1,153.130
1780710874.904,24.975,254529,254601,1,115.258
1780710874.956,25.027,254529,254601,1,134.827
1780710875.008,25.079,254529,254601,1,133.995
1780710875.061,25.132,254529,254601,1,151.471
1780710875.114,25.184,254529,254601,1,133.604
1780710875.168,25.239,254529,254601,1,146.663
1780710875.221,25.291,254529,254601,1,133.102
1780710875.275,25.346,254529,254601,1,128.473
1780710875.328,25.399,254529,254601,1,75.912
1780710875.380,25.451,254529,254601,1,57.174
1780710875.433,25.503,254529,254601,1,76.299
1780710875.485,25.556,254529,254601,1,208.975
1780710875.538,25.609,254529,254601,1,151.834
1780710875.592,25.663,254529,254601,1,147.649
1780710875.644,25.715,254529,254601,1,153.631
1780710875.697,25.767,254529,254601,1,133.979
1780710875.751,25.822,254529,254601,1,128.350
1780710875.803,25.874,254529,254601,1,172.812
1780710875.856,25.926,254529,254601,1,152.973
1780710875.908,25.978,254529,254601,1,134.323
1780710875.961,26.032,254529,254601,1,150.344
1780710876.015,26.086,254529,254601,1,148.083
1780710876.067,26.138,254529,254601,1,57.554
1780710876.120,26.190,254529,254601,1,38.004
1780710876.173,26.244,254529,254601,1,56.321
1780710876.225,26.296,254529,254601,1,57.306
1780710876.277,26.348,254529,254601,1,57.434
1780710876.333,26.404,254529,254601,1,54.040
1780710876.385,26.456,254529,254601,1,19.230
1780710876.437,26.508,254529,254601,1,57.734
1780710876.489,26.560,254529,254601,1,190.840
1780710876.542,26.612,254529,254601,1,153.323
1780710876.594,26.664,254529,254601,1,153.506
1780710876.647,26.718,254529,254601,1,130.891
1780710876.700,26.771,254529,254601,1,151.776
1780710876.752,26.823,254529,254601,1,208.932
1780710876.807,26.878,254529,254601,1,164.717
1780710876.861,26.931,254529,254601,1,130.939
1780710876.913,26.984,254529,254601,1,133.719
1780710876.965,27.036,254529,254601,1,153.568
1780710877.017,27.088,254529,254601,1,153.597
1780710877.070,27.140,254529,254601,1,209.676
1780710877.123,27.194,254529,254601,1,129.922
1780710877.177,27.248,254529,254601,1,131.063
1780710877.229,27.300,254529,254601,1,172.488
1780710877.282,27.353,254529,254601,1,150.263
1780710877.335,27.406,254529,254601,1,131.960
1780710877.388,27.458,254529,254601,1,95.544
1780710877.440,27.511,254529,254601,1,153.136
1780710877.492,27.563,254529,254601,1,134.445
1780710877.545,27.615,254529,254601,1,190.039
1780710877.599,27.669,254529,254601,1,203.996
1780710877.651,27.722,254529,254601,1,152.116
1780710877.704,27.774,254529,254601,1,133.087
1780710877.756,27.827,254529,254601,1,134.261
1780710877.809,27.879,254529,254601,1,151.219
1780710877.861,27.932,254529,254601,1,153.077
1780710877.914,27.984,254529,254601,1,132.896
1780710877.966,28.037,254529,254601,2,133.391
1780710878.018,28.089,254529,254601,2,153.375
1780710878.073,28.144,254529,254601,2,128.115
1780710878.127,28.198,254529,254601,2,147.827
1780710878.180,28.250,254529,254601,2,151.876
1780710878.238,28.309,254529,254601,2,119.521
1780710878.291,28.361,254529,254601,2,134.009
1780710878.343,28.414,254529,254601,1,114.350
1780710878.395,28.466,254529,254601,1,38.391
1780710878.447,28.518,254529,254601,1,38.450
1780710878.499,28.570,254529,254601,1,38.470
1780710878.551,28.622,254529,254601,1,38.474
1780710878.603,28.674,254529,254601,1,38.459
1780710878.656,28.727,254529,254601,1,37.483
1780710878.709,28.780,254529,254601,1,56.997
1780710878.761,28.832,254529,254601,1,38.449
1780710878.813,28.884,254529,254601,1,38.397
1780710878.865,28.936,254529,254601,1,38.448
1780710878.917,28.988,254529,254601,1,38.357
1780710878.970,29.041,254529,254601,1,38.018
1780710879.024,29.095,254529,254601,1,55.174
1780710879.078,29.148,254529,254601,1,187.426
1780710879.130,29.201,254529,254601,1,134.252
1780710879.189,29.260,254529,254601,1,135.312
1780710879.242,29.312,254529,254601,1,113.895
1780710879.294,29.365,254529,254601,1,152.383
1780710879.347,29.417,254529,254601,1,133.378
1780710879.399,29.470,254529,254601,1,95.435
1780710879.451,29.522,254529,254601,1,57.585
1780710879.503,29.574,254529,254601,1,38.461
1780710879.555,29.626,254529,254601,1,38.566
1780710879.607,29.678,254529,254601,1,38.491
1780710879.659,29.730,254529,254601,0,19.045
1780710879.711,29.782,254529,254601,0,57.720
1780710879.763,29.834,254529,254601,0,38.471
1780710879.815,29.886,254529,254601,0,38.483
1780710879.867,29.938,254529,254601,0,38.403
1780710879.920,29.990,254529,254601,0,38.281
1780710879.973,30.043,254529,254601,0,37.780
1780710880.025,30.096,254529,254601,0,76.225
1780710880.082,30.153,254529,254601,0,52.480
1780710880.139,30.209,254529,254601,0,159.751
1780710880.192,30.263,254529,254601,0,130.913
1780710880.244,30.315,254529,254601,0,153.607
1780710880.296,30.367,254529,254601,0,134.465
1780710880.349,30.419,254529,254601,0,133.869
1780710880.401,30.471,254529,254601,0,134.462
1780710880.453,30.524,254529,254601,0,113.721
1780710880.506,30.577,254529,254601,0,38.089
1780710880.558,30.629,254529,254601,0,38.338
1780710880.611,30.681,254529,254601,0,57.154
1780710880.662,30.733,254529,254601,0,38.468
1780710880.714,30.785,254529,254601,0,38.481
1780710880.766,30.837,254529,254601,0,38.465
1780710880.818,30.889,254529,254601,0,38.441
1780710880.872,30.942,254529,254601,0,56.541
1780710880.924,30.995,254529,254601,0,56.982
1780710880.977,31.047,254529,254601,0,38.167
1780710881.031,31.102,254529,254601,0,55.073
1780710881.083,31.154,254529,254601,0,57.716
1780710881.135,31.206,254529,254601,0,38.466
1780710881.188,31.259,254529,254601,0,189.564
1780710881.240,31.311,254529,254601,0,134.129
1780710881.293,31.364,254529,254601,0,132.310
1780710881.345,31.416,254529,254601,0,133.857
1780710881.397,31.468,254529,254601,0,134.354
1780710881.450,31.520,254529,254601,0,152.747
1780710881.502,31.573,254529,254601,0,133.042
1780710881.555,31.625,254529,254601,0,133.782
1780710881.607,31.677,254529,254601,0,38.440
1780710881.659,31.730,254529,254601,0,57.171
1780710881.711,31.782,254529,254601,0,19.244
1780710881.763,31.834,254529,254601,0,57.624
1780710881.815,31.886,254529,254601,0,38.442
1780710881.867,31.938,254529,254601,0,57.675
1780710881.920,31.990,254529,254601,0,19.036
1780710881.973,32.044,254529,254601,0,55.833
1780710882.026,32.096,254529,254601,0,76.587
1780710882.079,32.150,254529,254601,0,37.304
1780710882.131,32.202,254529,254601,0,38.483
1780710882.184,32.255,254529,254601,0,56.366
1780710882.237,32.308,254529,254601,0,171.266
1780710882.289,32.360,254529,254601,0,134.297
1780710882.342,32.412,254529,254601,0,152.504
1780710882.394,32.464,254529,254601,0,134.304
1780710882.447,32.518,254529,254601,0,131.122
1780710882.499,32.570,254529,254601,0,134.175
1780710882.551,32.622,254529,254601,0,134.047
1780710882.604,32.675,254529,254601,0,56.968
1780710882.656,32.727,254529,254601,0,38.514
1780710882.708,32.779,254529,254601,0,38.378
1780710882.761,32.832,254529,254601,0,37.926
1780710882.813,32.884,254529,254601,0,57.728
1780710882.865,32.936,254529,254601,0,38.482
1780710882.917,32.988,254529,254601,0,38.476
1780710882.969,33.040,254529,254601,0,57.192
1780710883.022,33.093,254529,254601,0,37.942
1780710883.075,33.146,254529,254601,0,75.650
1780710883.128,33.199,254529,254601,0,56.627
1780710883.181,33.252,254529,254601,0,37.615
1780710883.233,33.304,254529,254601,0,57.790
1780710883.285,33.356,254529,254601,2,171.356
1780710883.338,33.409,254529,254601,2,132.193
1780710883.391,33.461,254529,254601,2,153.274
1780710883.443,33.514,254529,254601,2,134.066
1780710883.496,33.566,254529,254601,2,151.904
1780710883.548,33.618,254529,254601,2,134.154
1780710883.600,33.671,254529,254601,2,134.022
1780710883.652,33.723,254529,254601,2,38.430
1780710883.704,33.775,254529,254601,2,38.501
1780710883.756,33.827,254529,254601,2,38.487
1780710883.808,33.879,254529,254601,2,57.719
1780710883.860,33.931,254529,254601,2,38.148
1780710883.912,33.983,254529,254601,2,38.458
1780710883.964,34.035,254529,254601,2,57.621
1780710884.016,34.087,254529,254601,2,19.227
1780710884.068,34.139,254529,254601,2,57.692
1780710884.121,34.191,254529,254601,2,38.199
1780710884.173,34.244,254529,254601,2,76.249
1780710884.226,34.296,254529,254601,2,57.134
1780710884.278,34.349,254529,254601,2,57.231
1780710884.331,34.401,254529,254601,2,190.801
1780710884.386,34.457,254529,254601,2,125.835
1780710884.439,34.510,254529,254601,2,151.078
1780710884.492,34.563,254529,254601,2,132.763
1780710884.544,34.615,254529,254601,2,151.871
1780710884.597,34.667,254529,254601,2,153.391
1780710884.649,34.720,254529,254601,2,114.639
1780710884.701,34.772,254529,254601,2,38.493
1780710884.753,34.824,254529,254601,2,38.499
1780710884.806,34.877,254529,254601,2,37.763
1780710884.859,34.930,254529,254601,2,56.172
1780710884.911,34.982,254529,254601,2,38.423
1780710884.963,35.034,254529,254601,2,38.353
1780710885.015,35.086,254529,254601,2,38.446
1780710885.067,35.138,254529,254601,2,57.721
1780710885.121,35.192,254529,254601,2,37.459
1780710885.174,35.244,254529,254601,2,56.765
1780710885.226,35.297,254529,254601,2,57.277
1780710885.279,35.349,254529,254601,2,37.939
1780710885.332,35.402,254529,254601,2,56.699
1780710885.384,35.455,254529,254601,1,190.899
1780710885.437,35.508,254529,254601,1,151.601
1780710885.489,35.560,254529,254601,1,133.563
1780710885.542,35.612,254529,254601,1,133.264
1780710885.595,35.666,254529,254601,1,168.790
1780710885.648,35.719,254529,254601,1,132.787
1780710885.700,35.771,254529,254601,1,133.193
1780710885.752,35.823,254529,254601,1,38.421
1780710885.804,35.875,254529,254601,1,57.729
1780710885.856,35.927,254529,254601,1,38.483
1780710885.908,35.979,254529,254601,1,38.459
1780710885.960,36.031,254529,254601,1,57.715
1780710886.012,36.083,254529,254601,1,19.238
1780710886.064,36.135,254529,254601,0,38.499
1780710886.116,36.187,254529,254601,0,57.736
1780710886.168,36.239,254529,254601,0,38.513
1780710886.222,36.292,254529,254601,0,56.264
1780710886.274,36.345,254529,254601,0,37.893
1780710886.326,36.397,254529,254601,0,76.766
1780710886.379,36.450,254529,254601,0,38.099
1780710886.431,36.502,254529,254601,0,191.681
1780710886.484,36.554,254529,254601,0,132.799
1780710886.536,36.607,254529,254601,0,133.862
1780710886.588,36.659,254529,254601,0,133.765
1780710886.641,36.711,254529,254601,0,153.383
1780710886.693,36.764,254529,254601,0,133.815
1780710886.745,36.816,254529,254601,0,153.223
1780710886.798,36.868,254529,254601,0,113.884
1780710886.850,36.920,254529,254601,0,38.452
1780710886.902,36.972,254529,254601,0,38.498
1780710886.954,37.024,254529,254601,0,38.498
1780710887.006,37.076,254529,254601,0,57.728
1780710887.057,37.128,254529,254601,0,38.576
1780710887.111,37.182,254529,254601,0,55.891
1780710887.163,37.234,254529,254601,0,38.416
1780710887.215,37.286,254529,254601,0,38.420
1780710887.267,37.338,254529,254601,0,57.657
1780710887.319,37.390,254529,254601,0,57.652
1780710887.372,37.442,254529,254601,0,172.004
1780710887.424,37.495,254529,254601,0,132.829
1780710887.478,37.548,254529,254601,0,150.404
1780710887.530,37.600,254529,254601,0,153.297
1780710887.583,37.654,254529,254601,0,131.916
1780710887.637,37.707,254529,254601,0,129.884
1780710887.689,37.760,254529,254601,0,172.567
1780710887.741,37.812,254529,254601,0,172.949
1780710887.793,37.864,254529,254601,0,153.434
1780710887.845,37.916,254529,254601,0,134.010
1780710887.897,37.968,254529,254601,0,153.526
1780710887.950,38.020,254529,254601,0,152.957
1780710888.002,38.073,254529,254601,0,152.544
1780710888.055,38.126,254529,254601,0,149.986
1780710888.108,38.178,254529,254601,0,134.384
1780710888.160,38.231,254529,254601,0,152.433
1780710888.213,38.284,254529,254601,0,151.588
1780710888.265,38.336,254529,254601,0,153.264
1780710888.317,38.388,254529,254601,0,152.913
1780710888.373,38.443,254529,254601,0,144.264
1780710888.425,38.496,254529,254601,0,172.563
1780710888.478,38.548,254529,254601,0,170.394
1780710888.530,38.601,254529,254601,0,38.367
1780710888.583,38.653,254529,254601,0,18.992
1780710888.635,38.706,254529,254601,0,191.225
1780710888.688,38.759,254529,254601,3,168.783
1780710888.742,38.812,254529,254601,3,130.950
1780710888.795,38.865,254529,254601,3,132.195
1780710888.847,38.918,254529,254601,3,170.496
1780710888.901,38.972,254529,254601,3,149.260
1780710888.953,39.024,254529,254601,3,153.297
1780710889.006,39.077,254529,254601,3,187.867
1780710889.059,39.130,254529,254601,3,188.565
1780710889.112,39.183,254529,254601,3,150.693
1780710889.166,39.237,254529,254601,3,149.741
1780710889.219,39.290,254529,254601,3,150.984
1780710889.275,39.346,254529,254601,3,159.247
1780710889.332,39.402,254529,254601,3,195.828
1780710889.387,39.458,254529,254601,3,144.084
1780710889.440,39.511,254529,254601,3,75.005
1780710889.492,39.563,254529,254601,3,38.431
1780710889.545,39.615,254529,254601,3,38.366
1780710889.597,39.667,254529,254601,3,38.486
1780710889.649,39.719,254529,254601,3,76.998
1780710889.701,39.772,254529,254601,3,38.044
1780710889.754,39.824,254529,254601,3,57.003
1780710889.806,39.876,254529,254601,3,38.489
1780710889.858,39.929,254529,254601,3,76.263
1780710889.910,39.981,254529,254601,3,134.356
1780710889.963,40.033,254529,254601,3,152.705
1780710890.015,40.086,254529,254601,3,152.045
1780710890.067,40.138,254529,254601,1,153.219
1780710890.122,40.192,254529,254601,1,165.800
1780710890.175,40.245,254529,254601,1,151.481
1780710890.228,40.299,254529,254601,1,186.569
1780710890.280,40.351,254529,254601,1,172.876
1780710890.333,40.403,254529,254601,1,114.618
1780710890.385,40.455,254529,254601,1,57.494
1780710890.437,40.508,254529,254601,1,211.201
1780710890.489,40.560,254529,254601,1,153.011
1780710890.542,40.613,254529,254601,1,150.054
1780710890.595,40.665,254529,254601,1,172.762
1780710890.647,40.717,254529,254601,1,153.430
1780710890.699,40.770,254529,254601,1,151.847
1780710890.752,40.822,254529,254601,1,172.270
1780710890.804,40.874,254529,254601,1,134.372
1780710890.856,40.927,254529,254601,1,171.471
1780710890.908,40.979,254529,254601,1,153.393
1780710890.962,41.033,254529,254601,1,149.431
1780710891.014,41.085,254529,254601,1,153.270
1780710891.066,41.137,254529,254601,1,134.493
1780710891.119,41.190,254529,254601,1,150.492
1780710891.176,41.247,254529,254601,1,209.878
1780710891.230,41.300,254529,254601,1,150.693
1780710891.288,41.358,254529,254601,1,154.645
1780710891.343,41.414,254529,254601,1,181.334
1780710891.396,41.467,254529,254601,1,169.451
1780710891.450,41.520,254529,254601,1,148.886
1780710891.503,41.573,254529,254601,1,151.057
1780710891.556,41.626,254529,254601,1,169.993
1780710891.610,41.680,254529,254601,1,166.751
1780710891.664,41.734,254529,254601,1,147.903
1780710891.717,41.787,254529,254601,1,151.217
1780710891.773,41.844,254529,254601,1,230.578
1780710891.827,41.897,254529,254601,1,167.954
1780710891.884,41.954,254529,254601,1,157.342
1780710891.937,42.007,254529,254601,1,132.001
1780710891.990,42.061,254529,254601,1,169.047
1780710892.042,42.113,254529,254601,1,172.949
1780710892.096,42.166,254529,254601,1,149.134
1780710892.148,42.219,254529,254601,1,171.782
1780710892.201,42.272,254529,254601,1,207.488
1780710892.254,42.324,254529,254601,1,152.327
1780710892.307,42.378,254529,254601,1,148.730
1780710892.362,42.433,254529,254601,1,165.446
1780710892.417,42.487,254529,254601,1,164.232
1780710892.471,42.542,254529,254601,1,147.375
1780710892.524,42.594,254529,254601,1,170.533
1780710892.578,42.649,254529,254601,1,256.401
1780710892.631,42.701,254529,254601,1,133.877
1780710892.683,42.753,254529,254601,1,172.415
1780710892.738,42.809,254529,254601,1,144.181
1780710892.790,42.861,254529,254601,1,153.220
1780710892.844,42.915,254529,254601,1,204.060
1780710892.898,42.969,254529,254601,1,167.611
1780710892.950,43.021,254529,254601,1,152.877
1780710893.003,43.074,254529,254601,1,151.620
1780710893.057,43.128,254529,254601,1,165.713
1780710893.110,43.180,254529,254601,1,210.422
1780710893.162,43.233,254529,254601,1,134.403
1780710893.215,43.286,254529,254601,1,150.967
1780710893.268,43.338,254529,254601,1,170.050
1780710893.321,43.392,254529,254601,1,169.234
1780710893.373,43.444,254529,254601,1,229.455
1780710893.426,43.496,254529,254601,1,152.847
1780710893.480,43.550,254529,254601,1,147.708
1780710893.539,43.610,254529,254601,1,151.950
1780710893.591,43.662,254529,254601,1,152.840
1780710893.644,43.715,254529,254601,1,150.702
1780710893.697,43.768,254529,254601,1,151.995
1780710893.752,43.823,254529,254601,1,126.958
1780710893.805,43.876,254529,254601,1,151.316
1780710893.857,43.928,254529,254601,1,152.502
1780710893.910,43.980,254529,254601,2,134.091
1780710893.962,44.033,254529,254601,0,95.855
1780710894.016,44.086,254529,254601,0,167.212
1780710894.069,44.139,254529,254601,0,151.138
1780710894.123,44.194,254529,254601,0,145.683
1780710894.176,44.246,254529,254601,0,172.336
1780710894.228,44.299,254529,254601,1,171.379
1780710894.284,44.355,254529,254601,0,124.843
1780710894.336,44.407,254529,254601,0,172.980
1780710894.388,44.459,254529,254601,2,172.791
1780710894.441,44.512,254529,254601,2,152.637
1780710894.493,44.564,254529,254601,2,152.532
1780710894.545,44.616,254529,254601,2,172.712
1780710894.597,44.668,254529,254601,2,134.360
1780710894.650,44.720,254529,254601,2,153.356
1780710894.704,44.775,254529,254601,2,165.167
1780710894.756,44.827,254529,254601,2,152.983
1780710894.810,44.881,254529,254601,2,148.047
1780710894.864,44.935,254529,254601,2,149.603
1780710894.918,44.989,254529,254601,2,184.528
1780710894.974,45.045,254529,254601,2,143.738
1780710895.030,45.101,254529,254601,2,160.571
1780710895.086,45.156,254529,254601,2,161.692
1780710895.139,45.210,254529,254601,2,186.259
1780710895.192,45.263,254529,254601,2,206.789
1780710895.246,45.317,254529,254601,2,167.262
1780710895.299,45.370,254529,254601,2,151.072
1780710895.353,45.424,254529,254601,2,166.544
1780710895.407,45.478,254529,254601,2,223.571
1780710895.463,45.534,254529,254601,2,142.634
1780710895.515,45.586,254529,254601,2,152.888
1780710895.568,45.639,254529,254601,2,150.559
1780710895.624,45.695,254529,254601,2,161.750
1780710895.677,45.747,254529,254601,2,189.704
1780710895.731,45.802,254529,254601,2,147.611
1780710895.787,45.857,254529,254601,2,161.755
1780710895.843,45.914,254529,254601,2,106.060
1780710895.895,45.966,254529,254601,2,95.680
1780710895.948,46.018,254529,254601,2,172.375
1780710896.000,46.071,254529,254601,2,170.663
1780710896.053,46.123,254529,254601,2,152.917
1780710896.105,46.176,254529,254601,2,152.551
1780710896.158,46.229,254529,254601,2,75.476
1780710896.210,46.281,254529,254601,2,38.475
1780710896.262,46.333,254529,254601,2,153.805
1780710896.316,46.387,254529,254601,2,149.029
1780710896.368,46.439,254529,254601,2,134.112
1780710896.421,46.492,254529,254601,2,150.576
1780710896.475,46.546,254529,254601,2,166.885
1780710896.527,46.598,254529,254601,2,57.571
1780710896.580,46.650,254529,254601,2,38.050
1780710896.632,46.703,254529,254601,2,76.778
1780710896.686,46.757,254529,254601,2,73.389
1780710896.739,46.809,254529,254601,2,172.554
1780710896.791,46.861,254529,254601,2,134.235
1780710896.843,46.913,254529,254601,2,172.758
1780710896.895,46.966,254529,254601,2,152.534
1780710896.948,47.018,254529,254601,2,152.878
1780710897.003,47.073,254529,254601,2,144.843
1780710897.056,47.127,254529,254601,2,167.894
1780710897.110,47.180,254529,254601,2,150.264
1780710897.162,47.232,254529,254601,2,172.499
1780710897.214,47.285,254529,254601,2,95.749
1780710897.267,47.337,254529,254601,2,151.995
1780710897.320,47.390,254529,254601,2,132.352
1780710897.374,47.444,254529,254601,2,184.605
1780710897.427,47.497,254529,254601,2,170.160
1780710897.479,47.550,254529,254601,2,152.752
1780710897.532,47.603,254529,254601,2,225.277
1780710897.586,47.657,254529,254601,2,148.912
1780710897.639,47.710,254529,254601,2,150.165
1780710897.695,47.766,254529,254601,2,160.041
1780710897.751,47.822,254529,254601,2,125.518
1780710897.804,47.875,254529,254601,2,132.067
1780710897.859,47.930,254529,254601,2,164.038
1780710897.916,47.987,254529,254601,2,157.030
1780710897.971,48.042,254529,254601,2,147.033
1780710898.025,48.096,254529,254601,2,183.221
1780710898.078,48.148,254529,254601,2,133.613
1780710898.130,48.201,254529,254601,2,56.971
1780710898.183,48.253,254529,254601,2,76.575
1780710898.239,48.310,254529,254601,2,35.534
1780710898.291,48.362,254529,254601,2,57.648
1780710898.344,48.415,254529,254601,2,94.408
1780710898.399,48.470,254529,254601,2,145.698
1780710898.451,48.522,254529,254601,2,171.504
1780710898.504,48.574,254529,254601,2,133.845
1780710898.557,48.627,254529,254601,2,151.118
1780710898.609,48.680,254529,254601,0,132.500
1780710898.662,48.732,254529,254601,0,76.550
1780710898.714,48.784,254529,254601,0,134.481
1780710898.766,48.837,254529,254601,0,152.014
1780710898.821,48.892,254529,254601,0,183.295
1780710898.874,48.944,254529,254601,0,151.308
1780710898.929,48.999,254529,254601,0,163.751
1780710898.981,49.052,254529,254601,0,171.569
1780710899.034,49.104,254529,254601,0,171.987
1780710899.086,49.156,254529,254601,0,153.480
1780710899.140,49.210,254529,254601,0,129.767
1780710899.192,49.262,254529,254601,0,153.310
1780710899.244,49.315,254529,254601,0,170.772
1780710899.298,49.369,254529,254601,0,187.037
1780710899.351,49.422,254529,254601,0,149.391
1780710899.404,49.475,254529,254601,0,171.912
1780710899.456,49.527,254529,254601,0,153.424
1780710899.509,49.580,254529,254601,0,149.564
1780710899.562,49.632,254529,254601,0,153.415
1780710899.614,49.685,254529,254601,2,190.898
1780710899.666,49.737,254529,254601,2,134.269
1780710899.720,49.791,254529,254601,2,166.831
1780710899.772,49.843,254529,254601,2,172.402
1780710899.828,49.899,254529,254601,0,161.266
1780710899.880,49.951,254529,254601,0,172.374
1780710899.933,50.004,254529,254601,0,94.278
1780710899.986,50.056,254529,254601,0,152.976
1780710900.038,50.109,254529,254601,0,172.005
1780710900.096,50.167,254529,254601,0,137.446
1780710900.148,50.219,254529,254601,0,153.582
1780710900.201,50.272,254529,254601,0,151.951
1780710900.253,50.324,254529,254601,0,153.732
1780710900.305,50.376,254529,254601,0,152.736
1780710900.357,50.428,254529,254601,0,153.580
1780710900.410,50.481,254529,254601,0,152.085
1780710900.462,50.533,254529,254601,0,153.217
1780710900.514,50.585,254529,254601,0,134.521
1780710900.567,50.638,254529,254601,0,227.180
1780710900.620,50.691,254529,254601,0,150.188
1780710900.675,50.745,254529,254601,0,147.074
1780710900.730,50.800,254529,254601,0,200.279
1780710900.782,50.853,254529,254601,0,134.116
1780710900.834,50.905,254529,254601,0,172.682
1780710900.887,50.958,254529,254601,0,225.143
1780710900.940,51.010,254529,254601,0,153.087
1780710900.992,51.062,254529,254601,0,153.250
1780710901.044,51.115,254529,254601,0,153.014
1780710901.096,51.167,254529,254601,0,152.517
1780710901.149,51.219,254529,254601,0,153.213
1780710901.201,51.272,254529,254601,0,134.272
1780710901.253,51.324,254529,254601,0,210.944
1780710901.305,51.376,254529,254601,1,134.317
1780710901.359,51.429,254529,254601,0,168.005
1780710901.411,51.481,254529,254601,3,153.448
1780710901.463,51.534,254529,254601,3,153.432
1780710901.516,51.586,254529,254601,3,152.008
1780710901.568,51.639,254529,254601,3,171.446
1780710901.621,51.691,254529,254601,3,189.852
1780710901.673,51.744,254529,254601,3,170.860
1780710901.727,51.798,254529,254601,3,149.071
1780710901.780,51.850,254529,254601,3,152.164
1780710901.832,51.903,254529,254601,3,172.557
1780710901.885,51.956,254529,254601,3,168.557
1780710901.938,52.008,254529,254601,3,152.702
1780710901.990,52.061,254529,254601,3,113.822
1780710902.042,52.113,254529,254601,3,172.896
1780710902.095,52.165,254529,254601,3,153.350
1780710902.147,52.218,254529,254601,3,190.136
1780710902.199,52.270,254529,254601,3,134.007
1780710902.252,52.322,254529,254601,3,172.425
1780710902.304,52.375,254529,254601,3,151.652
1780710902.356,52.427,254529,254601,3,153.593
1780710902.409,52.480,254529,254601,3,133.033
1780710902.462,52.532,254529,254601,3,151.805
1780710902.514,52.585,254529,254601,3,152.964
1780710902.566,52.637,254529,254601,3,153.617
1780710902.619,52.689,254529,254601,3,152.406
1780710902.673,52.743,254529,254601,3,147.567
1780710902.727,52.798,254529,254601,3,240.403
1780710902.780,52.851,254529,254601,3,168.648
1780710902.833,52.903,254529,254601,3,152.370
1780710902.893,52.964,254529,254601,3,148.631
1780710902.946,53.017,254529,254601,3,151.792
1780710902.999,53.070,254529,254601,3,150.329
1780710903.052,53.122,254529,254601,3,228.290
1780710903.106,53.176,254529,254601,3,166.979
1780710903.158,53.229,254529,254601,3,153.044
1780710903.212,53.283,254529,254601,3,129.690
1780710903.264,53.335,254529,254601,3,172.562
1780710903.316,53.387,254529,254601,3,134.258
1780710903.372,53.442,254529,254601,3,144.289
1780710903.425,53.496,254529,254601,3,280.092
1780710903.479,53.549,254529,254601,3,150.109
1780710903.532,53.603,254529,254601,3,167.117
1780710903.588,53.658,254529,254601,3,126.773
1780710903.641,53.712,254529,254601,3,149.414
1780710903.694,53.765,254529,254601,3,150.994
1780710903.750,53.820,254529,254601,0,125.745
1780710903.804,53.874,254529,254601,0,148.111
1780710903.857,53.928,254529,254601,0,149.134
1780710903.912,53.982,254529,254601,0,147.127
1780710903.965,54.036,254529,254601,0,224.848
1780710904.017,54.088,254529,254601,0,172.342
1780710904.070,54.140,254529,254601,0,153.337
1780710904.124,54.194,254529,254601,0,166.834
1780710904.182,54.252,254529,254601,0,275.359
1780710904.234,54.305,254529,254601,0,152.280
1780710904.291,54.362,254529,254601,0,122.341
1780710904.344,54.415,254529,254601,0,227.133
1780710904.405,54.476,254529,254601,0,147.474
1780710904.460,54.530,254529,254601,0,146.906
1780710904.512,54.583,254529,254601,0,153.246
1780710904.564,54.635,254529,254601,0,152.325
1780710904.617,54.687,254529,254601,0,210.762
1780710904.671,54.742,254529,254601,0,202.001
1780710904.728,54.798,254529,254601,0,158.895
1780710904.788,54.859,254529,254601,0,246.757
1780710904.842,54.912,254529,254601,0,150.798
1780710904.894,54.965,254529,254601,0,152.771
1780710904.948,55.019,254529,254601,0,203.992
1780710905.001,55.072,254529,254601,0,204.963
1780710905.054,55.124,254529,254601,0,172.094
1780710905.106,55.177,254529,254601,0,191.656
1780710905.160,55.231,254529,254601,0,148.120
1780710905.212,55.283,254529,254601,0,210.690
1780710905.266,55.337,254529,254601,0,166.517
1780710905.319,55.390,254529,254601,0,247.203
1780710905.372,55.443,254529,254601,0,187.748
1780710905.426,55.497,254529,254601,0,165.449
1780710905.479,55.550,254529,254601,0,265.935
1780710905.532,55.603,254529,254601,0,169.816
1780710905.586,55.656,254529,254601,0,149.216
1780710905.638,55.709,254529,254601,0,152.908
1780710905.693,55.764,254529,254601,0,180.531
1780710905.746,55.817,254529,254601,0,229.055
1780710905.798,55.869,254529,254601,0,171.214
1780710905.851,55.921,254529,254601,0,152.918
1780710905.904,55.974,254529,254601,0,151.289
1780710905.956,56.027,254529,254601,0,209.621
1780710906.008,56.079,254529,254601,0,153.496
1780710906.061,56.131,254529,254601,0,152.448
1780710906.113,56.183,254529,254601,0,153.467
1780710906.165,56.236,254529,254601,0,229.699
1780710906.218,56.288,254529,254601,0,189.772
1780710906.270,56.341,254529,254601,0,171.700
1780710906.325,56.395,254529,254601,0,165.408
1780710906.377,56.448,254529,254601,0,152.006
1780710906.430,56.501,254529,254601,0,208.801
1780710906.485,56.556,254529,254601,0,236.354
1780710906.545,56.616,254529,254601,0,215.394
1780710906.599,56.670,254529,254601,0,240.343
1780710906.653,56.724,254529,254601,1,241.019
1780710906.709,56.780,254529,254601,1,232.226
1780710906.762,56.833,254529,254601,1,263.466
1780710906.815,56.886,254529,254601,1,245.020
1780710906.870,56.941,254529,254601,1,163.494
1780710906.923,56.994,254529,254601,1,151.914
1780710906.977,57.047,254529,254601,1,205.544
1780710907.031,57.102,254529,254601,1,239.829
1780710907.085,57.156,254529,254601,1,165.474
1780710907.141,57.211,254529,254601,1,162.420
1780710907.196,57.266,254529,254601,1,200.191
1780710907.248,57.319,254529,254601,1,228.611
1780710907.301,57.372,254529,254601,1,150.290
1780710907.354,57.424,254529,254601,1,209.788
1780710907.408,57.479,254529,254601,0,221.393
1780710907.462,57.533,254529,254601,0,165.136
1780710907.515,57.586,254529,254601,0,210.150
1780710907.568,57.639,254529,254601,0,206.745
1780710907.621,57.692,254529,254601,0,187.594
1780710907.676,57.747,254529,254601,0,163.716
1780710907.728,57.799,254529,254601,0,211.031
1780710907.781,57.852,254529,254601,0,229.043
1780710907.833,57.904,254529,254601,0,133.828
1780710907.886,57.956,254529,254601,0,228.271
1780710907.940,58.011,254529,254601,0,256.018
1780710907.994,58.064,254529,254601,0,187.448
1780710908.048,58.118,254529,254601,0,222.384
1780710908.100,58.171,254529,254601,0,191.126
1780710908.153,58.224,254529,254601,0,151.206
1780710908.205,58.276,254529,254601,0,171.309
1780710908.259,58.329,254529,254601,0,225.089
1780710908.316,58.387,254529,254601,0,175.120
1780710908.368,58.439,254529,254601,0,133.762
1780710908.422,58.493,254529,254601,0,166.246
1780710908.476,58.547,254529,254601,0,261.392
1780710908.530,58.601,254529,254601,0,275.639
1780710908.583,58.654,254529,254601,0,246.805
1780710908.636,58.706,254529,254601,0,266.068
1780710908.689,58.760,254529,254601,0,222.769
1780710908.745,58.816,254529,254601,0,251.920
1780710908.798,58.868,254529,254601,0,266.559
1780710908.850,58.920,254529,254601,0,191.901
1780710908.902,58.973,254529,254601,0,210.124
1780710908.954,59.025,254529,254601,0,153.297
1780710909.006,59.077,254529,254601,0,134.211
1780710909.059,59.129,254529,254601,0,153.198
1780710909.114,59.184,254529,254601,0,217.684
1780710909.166,59.237,254529,254601,0,153.080
1780710909.219,59.289,254529,254601,0,132.758
1780710909.271,59.342,254529,254601,0,190.375
1780710909.324,59.395,254529,254601,0,226.700
1780710909.376,59.447,254529,254601,0,153.030
1780710909.429,59.499,254529,254601,0,114.934
1780710909.481,59.551,254529,254601,0,211.235
1780710909.534,59.604,254529,254601,0,208.039
1780710909.586,59.657,254529,254601,0,133.825
1780710909.640,59.711,254529,254601,0,128.480
1780710909.693,59.764,254529,254601,0,208.091
1780710909.748,59.819,254529,254601,0,183.157
1780710909.801,59.872,254529,254601,0,131.346
1780710909.853,59.924,254529,254601,0,134.334
1780710909.905,59.976,254529,254601,0,134.391
1780710909.958,60.028,254529,254601,0,229.580
1780710910.010,60.081,254529,254601,0,152.930
1780710910.063,60.133,254529,254601,0,152.069
1780710910.115,60.185,254529,254601,0,172.655
1780710910.167,60.238,254529,254601,0,229.072
1780710910.223,60.293,254529,254601,0,143.908
1780710910.276,60.347,254529,254601,0,112.503
1780710910.330,60.401,254529,254601,0,166.709
1780710910.385,60.455,254529,254601,0,237.543
1780710910.438,60.509,254529,254601,0,150.570
1780710910.492,60.563,254529,254601,0,110.581
1780710910.548,60.619,254529,254601,0,214.152
1780710910.600,60.671,254529,254601,0,230.490
1780710910.653,60.723,254529,254601,0,267.296
1780710910.705,60.776,254529,254601,1,246.651
1780710910.759,60.829,254529,254601,1,242.889
1780710910.812,60.882,254529,254601,1,227.118
1780710910.864,60.935,254529,254601,1,265.615
1780710910.917,60.987,254529,254601,1,266.959
1780710910.969,61.040,254529,254601,1,171.269
1780710911.027,61.098,254529,254601,1,207.086
1780710911.080,61.151,254529,254601,1,151.210
1780710911.133,61.203,254529,254601,1,209.757
1780710911.187,61.258,254529,254601,1,256.695
1780710911.240,61.310,254529,254601,1,171.034
1780710911.294,61.364,254529,254601,1,129.765
1780710911.346,61.417,254529,254601,1,114.522
1780710911.400,61.470,254529,254601,1,224.538
1780710911.456,61.527,254529,254601,1,194.139
1780710911.513,61.584,254529,254601,1,141.305
1780710911.567,61.638,254529,254601,1,128.634
1780710911.620,61.691,254529,254601,1,170.864
1780710911.672,61.743,254529,254601,1,228.255
1780710911.726,61.797,254529,254601,1,168.126
1780710911.779,61.850,254529,254601,1,150.411
1780710911.832,61.902,254529,254601,1,209.231
1780710911.885,61.956,254529,254601,1,244.182
1780710911.938,62.008,254529,254601,1,151.834
1780710911.990,62.061,254529,254601,1,153.078
1780710912.043,62.114,254529,254601,1,150.742
1780710912.096,62.167,254529,254601,2,205.867
1780710912.149,62.220,254529,254601,2,170.410
1780710912.201,62.272,254529,254601,2,172.847
1780710912.255,62.326,254529,254601,2,186.997
1780710912.307,62.378,254529,254601,2,171.336
1780710912.362,62.433,254529,254601,2,220.164
1780710912.414,62.485,254529,254601,2,134.448
1780710912.466,62.537,254529,254601,2,228.687
1780710912.521,62.592,254529,254601,2,217.923
1780710912.574,62.645,254529,254601,2,264.811
1780710912.627,62.698,254529,254601,2,245.885
1780710912.681,62.752,254529,254601,2,260.190
1780710912.734,62.805,254529,254601,2,244.344
1780710912.791,62.862,254529,254601,2,333.465
1780710912.847,62.918,254529,254601,2,251.547
1780710912.900,62.970,254529,254601,2,283.414
1780710912.958,63.029,254529,254601,2,325.666
1780710913.011,63.082,254529,254601,2,281.599
1780710913.066,63.137,254529,254601,2,272.737
1780710913.124,63.195,254529,254601,0,293.952
1780710913.180,63.251,254529,254601,1,231.593
1780710913.235,63.305,254529,254601,1,294.165
1780710913.289,63.360,254529,254601,1,256.283
1780710913.342,63.413,254529,254601,1,266.157
1780710913.407,63.478,254529,254601,1,290.660
1780710913.470,63.541,254529,254601,1,223.906
1780710913.523,63.594,254529,254601,1,261.539
1780710913.578,63.648,254529,254601,1,275.988
1780710913.632,63.703,254529,254601,1,256.678
1780710913.685,63.755,254529,254601,1,210.223
1780710913.744,63.815,254529,254601,1,269.846
1780710913.797,63.868,254529,254601,1,262.284
1780710913.852,63.922,254529,254601,1,202.520
1780710913.905,63.976,254529,254601,1,261.815
1780710913.960,64.031,254529,254601,1,219.062
1780710914.012,64.083,254529,254601,1,229.176
1780710914.067,64.137,254529,254601,1,238.779
1780710914.121,64.192,254529,254601,1,238.991
1780710914.174,64.245,254529,254601,1,226.028
1780710914.232,64.303,254529,254601,1,258.501
1780710914.285,64.356,254529,254601,1,264.406
1780710914.343,64.414,254529,254601,1,257.624
1780710914.400,64.471,254529,254601,1,350.736
1780710914.460,64.531,254529,254601,1,251.899
1780710914.513,64.584,254529,254601,1,224.481
1780710914.567,64.637,254529,254601,1,263.086
1780710914.621,64.692,254529,254601,1,201.136
1780710914.675,64.746,254529,254601,1,185.842
1780710914.728,64.799,254529,254601,1,282.021
1780710914.781,64.852,254529,254601,1,188.162
1780710914.834,64.905,254529,254601,1,133.025
1780710914.886,64.957,254529,254601,1,209.945
1780710914.949,65.020,254529,254601,1,254.199
1780710915.002,65.073,254529,254601,1,151.284
1780710915.054,65.125,254529,254601,1,153.149
1780710915.107,65.178,254529,254601,1,229.280
1780710915.161,65.231,254529,254601,1,223.130
1780710915.213,65.284,254529,254601,1,189.274
1780710915.266,65.336,254529,254601,1,229.849
1780710915.320,65.390,254529,254601,1,241.116
1780710915.375,65.445,254529,254601,1,127.233
1780710915.428,65.499,254529,254601,1,167.894
1780710915.481,65.552,254529,254601,1,284.043
1780710915.534,65.605,254529,254601,1,187.405
1780710915.591,65.662,254529,254601,1,157.798
1780710915.644,65.715,254529,254601,1,170.598
1780710915.698,65.769,254529,254601,1,260.290
1780710915.750,65.821,254529,254601,1,190.189
1780710915.803,65.873,254529,254601,1,172.265
1780710915.855,65.926,254529,254601,1,210.914
1780710915.911,65.982,254529,254601,1,212.743
1780710915.965,66.036,254529,254601,1,168.187
1780710916.017,66.088,254529,254601,1,75.935
1780710916.070,66.140,254529,254601,1,57.411
1780710916.125,66.195,254529,254601,1,181.666
1780710916.180,66.251,254529,254601,1,235.819
1780710916.235,66.306,254529,254601,1,181.310
1780710916.291,66.362,254529,254601,1,143.157
1780710916.344,66.415,254529,254601,1,56.683
1780710916.397,66.467,254529,254601,1,56.984
1780710916.449,66.519,254529,254601,1,96.172
1780710916.501,66.572,254529,254601,1,227.575
1780710916.555,66.626,254529,254601,1,222.865
1780710916.608,66.679,254529,254601,1,284.540
1780710916.662,66.733,254529,254601,1,239.977
1780710916.714,66.785,254529,254601,1,171.948
1780710916.766,66.837,254529,254601,1,153.432
1780710916.820,66.891,254529,254601,1,185.271
1780710916.874,66.944,254529,254601,1,75.358
1780710916.926,66.997,254529,254601,1,94.601
1780710916.979,67.050,254529,254601,1,188.314
1780710917.032,67.103,254529,254601,1,245.406
1780710917.087,67.157,254529,254601,1,147.858
1780710917.142,67.213,254529,254601,1,144.489
1780710917.194,67.265,254529,254601,1,76.225
1780710917.247,67.318,254529,254601,1,57.218
1780710917.299,67.369,254529,254601,1,115.464
1780710917.351,67.422,254529,254601,1,209.467
1780710917.404,67.475,254529,254601,1,208.306
1780710917.457,67.527,254529,254601,1,133.529
1780710917.509,67.580,254529,254601,1,152.356
1780710917.561,67.632,254529,254601,1,76.344
1780710917.613,67.684,254529,254601,1,154.042
1780710917.666,67.736,254529,254601,1,210.485
1780710917.721,67.792,254529,254601,1,179.565
1780710917.775,67.846,254529,254601,1,166.808
1780710917.828,67.899,254529,254601,1,152.297
1780710917.880,67.951,254529,254601,1,134.077
1780710917.933,68.004,254529,254601,1,226.856
1780710917.985,68.056,254529,254601,1,228.242
1780710918.038,68.108,254529,254601,1,134.490
1780710918.090,68.161,254529,254601,1,133.798
1780710918.143,68.213,254529,254601,1,151.777
1780710918.195,68.265,254529,254601,2,211.146
1780710918.248,68.318,254529,254601,2,245.398
1780710918.300,68.371,254529,254601,2,134.075
1780710918.352,68.423,254529,254601,2,133.750
1780710918.405,68.475,254529,254601,2,152.896
1780710918.457,68.527,254529,254601,2,211.231
1780710918.512,68.582,254529,254601,2,199.683
1780710918.565,68.635,254529,254601,2,150.685
1780710918.617,68.688,254529,254601,2,153.541
1780710918.670,68.740,254529,254601,2,170.094
1780710918.723,68.794,254529,254601,2,244.178
1780710918.782,68.853,254529,254601,2,201.771
1780710918.837,68.908,254529,254601,2,164.305
1780710918.890,68.960,254529,254601,2,229.439
1780710918.943,69.014,254529,254601,2,242.466
1780710918.997,69.067,254529,254601,2,168.659
1780710919.049,69.120,254529,254601,2,114.004
1780710919.102,69.172,254529,254601,2,152.047
1780710919.156,69.227,254529,254601,2,202.380
1780710919.209,69.280,254529,254601,2,225.564
1780710919.262,69.332,254529,254601,2,153.372
1780710919.314,69.384,254529,254601,2,95.708
1780710919.366,69.436,254529,254601,2,173.021
1780710919.418,69.489,254529,254601,2,210.234
1780710919.471,69.542,254529,254601,2,245.397
1780710919.525,69.596,254529,254601,2,257.505
1780710919.579,69.649,254529,254601,2,281.243
1780710919.632,69.703,254529,254601,2,242.649
1780710919.690,69.760,254529,254601,2,244.671
1780710919.742,69.812,254529,254601,2,230.126
1780710919.794,69.865,254529,254601,2,210.056
1780710919.850,69.920,254529,254601,2,233.751
1780710919.903,69.973,254529,254601,2,208.167
1780710919.955,70.025,254529,254601,2,153.623
1780710920.008,70.079,254529,254601,2,130.099
1780710920.061,70.132,254529,254601,3,133.441
1780710920.113,70.184,254529,254601,3,248.791
1780710920.166,70.236,254529,254601,3,170.873
1780710920.219,70.290,254529,254601,3,131.372
1780710920.272,70.342,254529,254601,3,76.131
1780710920.325,70.396,254529,254601,3,186.528
1780710920.379,70.449,254529,254601,3,242.720
1780710920.431,70.502,254529,254601,3,171.439
1780710920.483,70.554,254529,254601,3,95.782
1780710920.535,70.606,254529,254601,3,76.972
1780710920.589,70.660,254529,254601,3,205.163
1780710920.642,70.712,254529,254601,3,246.615
1780710920.695,70.766,254529,254601,3,131.310
1780710920.747,70.818,254529,254601,3,134.244
1780710920.800,70.870,254529,254601,3,210.214
1780710920.852,70.923,254529,254601,3,209.261
1780710920.904,70.975,254529,254601,3,153.048
1780710920.956,71.027,254529,254601,3,134.604
1780710921.012,71.083,254529,254601,3,233.246
1780710921.064,71.135,254529,254601,0,172.220
1780710921.116,71.187,254529,254601,0,95.972
1780710921.169,71.239,254529,254601,0,172.978
1780710921.224,71.295,254529,254601,0,232.680
1780710921.280,71.351,254529,254601,0,197.291
1780710921.332,71.403,254529,254601,0,152.939
1780710921.385,71.455,254529,254601,0,210.377
1780710921.439,71.510,254529,254601,0,221.665
1780710921.492,71.563,254529,254601,0,150.711
1780710921.544,71.615,254529,254601,0,38.427
1780710921.596,71.667,254529,254601,0,115.516
1780710921.648,71.719,254529,254601,0,210.751
1780710921.700,71.771,254529,254601,0,229.354
1780710921.753,71.824,254529,254601,0,245.235
1780710921.806,71.877,254529,254601,0,267.403
1780710921.858,71.929,254529,254601,0,229.756
1780710921.912,71.982,254529,254601,0,242.035
1780710921.965,72.035,254529,254601,0,321.199
1780710922.018,72.089,254529,254601,0,225.963
1780710922.072,72.143,254529,254601,0,239.933
1780710922.125,72.196,254529,254601,0,149.749
1780710922.178,72.248,254529,254601,0,229.617
1780710922.231,72.301,254529,254601,0,244.938
1780710922.290,72.361,254529,254601,0,167.482
1780710922.343,72.414,254529,254601,0,267.311
1780710922.397,72.468,254529,254601,0,221.442
1780710922.450,72.520,254529,254601,0,133.226
1780710922.502,72.572,254529,254601,0,192.000
1780710922.556,72.627,254529,254601,0,238.232
1780710922.612,72.682,254529,254601,0,162.336
1780710922.664,72.735,254529,254601,0,113.783
1780710922.716,72.787,254529,254601,0,192.343
1780710922.772,72.842,254529,254601,0,217.236
1780710922.825,72.896,254529,254601,0,149.619
1780710922.877,72.948,254529,254601,0,134.425
1780710922.929,73.000,254529,254601,0,211.091
1780710922.983,73.054,254529,254601,0,223.123
1780710923.036,73.107,254529,254601,0,150.868
1780710923.088,73.159,254529,254601,0,115.154
1780710923.141,73.212,254529,254601,0,246.664
1780710923.198,73.268,254529,254601,0,193.905
1780710923.250,73.320,254529,254601,0,153.339
1780710923.302,73.373,254529,254601,0,153.431
1780710923.357,73.428,254529,254601,0,215.991
1780710923.416,73.486,254529,254601,0,171.476
1780710923.468,73.539,254529,254601,0,152.433
1780710923.523,73.593,254529,254601,0,73.573
1780710923.575,73.646,254529,254601,0,209.053
1780710923.629,73.699,254529,254601,0,243.916
1780710923.681,73.752,254529,254601,0,152.711
1780710923.738,73.809,254529,254601,0,121.821
1780710923.792,73.862,254529,254601,0,131.472
1780710923.849,73.920,254529,254601,0,209.616
1780710923.902,73.973,254529,254601,0,224.521
1780710923.955,74.025,254529,254601,0,248.025
1780710924.007,74.078,254529,254601,0,229.283
1780710924.059,74.130,254529,254601,0,248.729
1780710924.112,74.183,254529,254601,0,228.682
1780710924.164,74.235,254529,254601,0,247.567
1780710924.219,74.290,254529,254601,0,219.441
1780710924.272,74.343,254529,254601,0,188.268
1780710924.328,74.399,254529,254601,0,214.310
1780710924.381,74.451,254529,254601,0,209.860
1780710924.433,74.504,254529,254601,0,170.868
1780710924.491,74.562,254529,254601,0,120.563
1780710924.544,74.615,254529,254601,0,133.268
1780710924.596,74.667,254529,254601,0,210.392
1780710924.650,74.720,254529,254601,0,186.820
1780710924.702,74.772,254529,254601,0,153.418
1780710924.754,74.825,254529,254601,0,134.208
1780710924.806,74.877,254529,254601,0,153.749
1780710924.860,74.930,254529,254601,2,205.261
1780710924.913,74.983,254529,254601,1,188.605
1780710924.965,75.036,254529,254601,1,152.863
1780710925.017,75.088,254529,254601,1,114.654
1780710925.070,75.141,254529,254601,1,189.934
1780710925.124,75.194,254529,254601,1,223.385
1780710925.176,75.246,254529,254601,1,153.454
1780710925.229,75.300,254529,254601,1,150.034
1780710925.287,75.358,254529,254601,1,136.920
1780710925.344,75.414,254529,254601,1,231.264
1780710925.396,75.467,254529,254601,1,170.943
1780710925.449,75.520,254529,254601,1,151.441
1780710925.502,75.572,254529,254601,1,133.132
1780710925.557,75.628,254529,254601,1,162.371
1780710925.612,75.682,254529,254601,1,239.353
1780710925.665,75.736,254529,254601,1,167.175
1780710925.717,75.788,254529,254601,1,134.520
1780710925.770,75.841,254529,254601,1,152.504
1780710925.824,75.895,254529,254601,1,183.388
1780710925.877,75.948,254529,254601,3,245.589
1780710925.932,76.003,254529,254601,3,146.628
1780710925.987,76.058,254529,254601,3,108.829
1780710926.043,76.114,254529,254601,3,124.948
1780710926.095,76.166,254529,254601,3,152.786
1780710926.148,76.219,254529,254601,3,226.358
1780710926.203,76.274,254529,254601,3,181.989
1780710926.256,76.326,254529,254601,3,134.154
1780710926.309,76.380,254529,254601,3,130.846
1780710926.361,76.432,254529,254601,3,153.337
1780710926.413,76.484,254529,254601,3,153.382
1780710926.466,76.536,254529,254601,3,229.780
1780710926.519,76.589,254529,254601,3,225.572
1780710926.574,76.644,254529,254601,3,254.619
1780710926.632,76.703,254529,254601,3,239.131
1780710926.686,76.757,254529,254601,3,203.558
1780710926.738,76.809,254529,254601,3,249.505
1780710926.791,76.862,254529,254601,3,228.948
1780710926.843,76.914,254529,254601,3,229.730
1780710926.896,76.967,254529,254601,3,132.766
1780710926.948,77.019,254529,254601,3,134.210
1780710927.000,77.071,254529,254601,3,134.375
1780710927.052,77.123,254529,254601,3,229.560
1780710927.107,77.178,254529,254601,3,127.956
1780710927.160,77.230,254529,254601,3,152.378
1780710927.212,77.283,254529,254601,3,133.698
1780710927.264,77.335,254529,254601,3,115.303
1780710927.316,77.387,254529,254601,3,173.052
1780710927.368,77.439,254529,254601,3,229.261
1780710927.421,77.491,254529,254601,3,152.369
1780710927.475,77.545,254529,254601,3,166.846
1780710927.531,77.602,254529,254601,3,106.967
1780710927.583,77.654,254529,254601,3,209.471
1780710927.637,77.707,254529,254601,3,224.709
1780710927.690,77.761,254529,254601,3,131.910
1780710927.742,77.813,254529,254601,3,133.859
1780710927.794,77.865,254529,254601,3,172.656
1780710927.846,77.917,254529,254601,3,210.807
1780710927.900,77.970,254529,254601,3,206.863
1780710927.952,78.023,254529,254601,3,133.461
1780710928.005,78.075,254529,254601,3,133.069
1780710928.059,78.130,254529,254601,3,165.212
1780710928.112,78.182,254529,254601,3,228.860
1780710928.164,78.235,254529,254601,3,229.151
1780710928.216,78.287,254529,254601,3,134.340
1780710928.268,78.339,254529,254601,3,57.520
1780710928.321,78.392,254529,254601,3,207.062
1780710928.376,78.446,254529,254601,0,221.184
1780710928.428,78.499,254529,254601,0,209.391
1780710928.481,78.551,254529,254601,0,132.952
1780710928.533,78.603,254529,254601,0,115.273
1780710928.585,78.656,254529,254601,0,228.397
1780710928.642,78.713,254529,254601,0,212.337
1780710928.695,78.766,254529,254601,0,150.719
1780710928.747,78.818,254529,254601,0,134.298
1780710928.799,78.870,254529,254601,0,229.635
1780710928.852,78.922,254529,254601,0,190.586
1780710928.904,78.975,254529,254601,0,133.632
1780710928.958,79.028,254529,254601,0,112.445
1780710929.011,79.082,254529,254601,0,206.311
1780710929.064,79.135,254529,254601,0,207.442
1780710929.116,79.187,254529,254601,0,229.511
1780710929.169,79.240,254529,254601,0,208.008
1780710929.222,79.293,254529,254601,0,243.445
1780710929.275,79.346,254529,254601,0,246.052
1780710929.329,79.400,254529,254601,2,224.030
1780710929.388,79.459,254529,254601,2,236.823
1780710929.440,79.511,254529,254601,2,249.728
1780710929.493,79.564,254529,254601,2,245.119
1780710929.546,79.617,254529,254601,2,226.162
1780710929.599,79.670,254529,254601,2,207.396
1780710929.652,79.723,254529,254601,2,206.562
1780710929.705,79.775,254529,254601,2,228.938
1780710929.757,79.828,254529,254601,2,191.722
1780710929.810,79.880,254529,254601,2,227.397
1780710929.864,79.934,254529,254601,2,204.286
1780710929.917,79.987,254529,254601,2,207.377
1780710929.970,80.041,254529,254601,2,224.701
1780710930.029,80.100,254529,254601,2,220.427
1780710930.087,80.158,254529,254601,2,119.714
1780710930.141,80.212,254529,254601,2,240.955
1780710930.195,80.266,254529,254601,2,222.586
1780710930.249,80.320,254529,254601,2,149.532
1780710930.302,80.373,254529,254601,2,169.136
1780710930.356,80.427,254529,254601,2,221.823
1780710930.410,80.481,254529,254601,2,202.610
1780710930.464,80.535,254529,254601,2,149.749
1780710930.517,80.588,254529,254601,2,186.487
1780710930.574,80.644,254529,254601,2,249.473
1780710930.632,80.702,254529,254601,2,206.513
1780710930.690,80.760,254529,254601,2,137.736
1780710930.748,80.819,254529,254601,0,221.844
1780710930.801,80.872,254529,254601,2,228.552
1780710930.853,80.924,254529,254601,2,152.284
1780710930.906,80.977,254529,254601,2,152.333
1780710930.960,81.031,254529,254601,2,221.351
1780710931.012,81.083,254529,254601,2,248.503
1780710931.065,81.136,254529,254601,2,228.912
1780710931.118,81.189,254529,254601,1,242.897
1780710931.171,81.242,254529,254601,1,246.127
1780710931.225,81.295,254529,254601,1,242.848
1780710931.278,81.349,254529,254601,1,225.064
1780710931.333,81.403,254529,254601,1,310.859
1780710931.390,81.461,254529,254601,1,207.935
1780710931.445,81.516,254529,254601,1,237.763
1780710931.500,81.571,254529,254601,1,201.047
1780710931.552,81.623,254529,254601,1,247.643
1780710931.605,81.675,254529,254601,1,190.940
1780710931.657,81.728,254529,254601,1,151.861
1780710931.712,81.782,254529,254601,1,202.609
1780710931.764,81.835,254529,254601,1,246.777
1780710931.817,81.888,254529,254601,1,188.693
1780710931.870,81.940,254529,254601,1,153.108
1780710931.923,81.993,254529,254601,1,188.702
1780710931.976,82.047,254529,254601,1,261.544
1780710932.031,82.102,254529,254601,1,182.955
1780710932.084,82.154,254529,254601,1,245.743
1780710932.143,82.214,254529,254601,1,236.807
1780710932.196,82.267,254529,254601,1,169.543
1780710932.249,82.319,254529,254601,1,170.520
1780710932.303,82.374,254529,254601,1,239.425
1780710932.357,82.428,254529,254601,1,240.416
1780710932.411,82.482,254529,254601,1,110.442
1780710932.464,82.535,254529,254601,1,209.465
1780710932.516,82.587,254529,254601,1,247.421
1780710932.569,82.639,254529,254601,1,191.174
1780710932.623,82.693,254529,254601,1,148.103
1780710932.676,82.746,254529,254601,1,208.176
1780710932.729,82.800,254529,254601,1,261.506
1780710932.783,82.853,254529,254601,1,186.933
1780710932.836,82.907,254529,254601,1,262.212
1780710932.888,82.959,254529,254601,1,248.347
1780710932.945,83.016,254529,254601,1,263.050
1780710932.998,83.069,254529,254601,1,323.701
1780710933.051,83.122,254529,254601,1,262.879
1780710933.103,83.174,254529,254601,1,229.505
1780710933.156,83.227,254529,254601,1,286.524
1780710933.211,83.282,254529,254601,1,307.627
1780710933.263,83.334,254529,254601,1,229.211
1780710933.316,83.387,254529,254601,1,246.469
1780710933.368,83.439,254529,254601,1,305.882
1780710933.426,83.497,254529,254601,1,260.645
1780710933.479,83.549,254529,254601,1,266.632
1780710933.531,83.602,254529,254601,1,170.930
1780710933.589,83.659,254529,254601,1,261.246
1780710933.641,83.712,254529,254601,1,229.108
1780710933.700,83.771,254529,254601,1,219.647
1780710933.752,83.823,254529,254601,1,210.732
1780710933.807,83.878,254529,254601,1,236.894
1780710933.860,83.931,254529,254601,1,244.290
1780710933.914,83.985,254529,254601,1,206.176
1780710933.966,84.037,254529,254601,1,230.154
1780710934.018,84.089,254529,254601,1,266.648
1780710934.073,84.143,254529,254601,1,239.513
1780710934.128,84.199,254529,254601,1,180.826
1780710934.182,84.252,254529,254601,3,260.577
1780710934.236,84.306,254529,254601,3,241.191
1780710934.289,84.360,254529,254601,3,223.853
1780710934.342,84.413,254529,254601,3,151.897
1780710934.396,84.466,254529,254601,3,260.490
1780710934.448,84.519,254529,254601,3,247.110
1780710934.501,84.571,254529,254601,3,229.237
1780710934.553,84.624,254529,254601,3,152.873
1780710934.606,84.677,254529,254601,3,207.834
1780710934.662,84.733,254529,254601,3,213.467
1780710934.715,84.785,254529,254601,3,267.174
1780710934.767,84.838,254529,254601,3,228.816
1780710934.819,84.890,254529,254601,3,134.318
1780710934.874,84.945,254529,254601,3,271.337
1780710934.927,84.998,254529,254601,3,227.253
1780710934.980,85.050,254529,254601,3,247.649
1780710935.033,85.103,254529,254601,3,151.293
1780710935.087,85.158,254529,254601,3,164.357
1780710935.143,85.213,254529,254601,3,162.478
1780710935.195,85.266,254529,254601,3,191.591
1780710935.247,85.318,254529,254601,3,248.287
1780710935.300,85.370,254529,254601,3,228.907
1780710935.352,85.423,254529,254601,3,267.481
1780710935.410,85.480,254529,254601,3,225.312
1780710935.462,85.533,254529,254601,3,248.593
1780710935.516,85.587,254529,254601,3,240.075
1780710935.572,85.643,254529,254601,3,267.830
1780710935.625,85.695,254529,254601,3,228.748
1780710935.677,85.748,254529,254601,3,246.116
1780710935.734,85.804,254529,254601,3,142.092
1780710935.792,85.862,254529,254601,3,155.589
1780710935.845,85.916,254529,254601,3,149.554
1780710935.898,85.968,254529,254601,3,171.392
1780710935.950,86.021,254529,254601,3,248.572
1780710936.002,86.073,254529,254601,3,171.857
1780710936.054,86.125,254529,254601,3,134.028
1780710936.107,86.177,254529,254601,3,172.404
1780710936.161,86.232,254529,254601,3,129.127
1780710936.213,86.284,254529,254601,3,134.175
1780710936.265,86.336,254529,254601,3,38.346
1780710936.318,86.389,254529,254601,3,169.483
1780710936.375,86.446,254529,254601,3,227.597
1780710936.433,86.504,254529,254601,3,224.557
1780710936.488,86.559,254529,254601,3,145.179
1780710936.547,86.618,254529,254601,3,154.049
1780710936.600,86.671,254529,254601,3,150.621
1780710936.653,86.723,254529,254601,3,132.899
1780710936.706,86.776,254529,254601,3,56.737
1780710936.758,86.829,254529,254601,3,133.352
1780710936.816,86.887,254529,254601,3,206.429
1780710936.868,86.939,254529,254601,3,230.079
1780710936.924,86.995,254529,254601,3,179.699
1780710936.977,87.047,254529,254601,3,171.199
1780710937.029,87.100,254529,254601,3,132.982
1780710937.082,87.153,254529,254601,3,169.870
1780710937.136,87.206,254529,254601,3,223.942
1780710937.189,87.259,254529,254601,3,208.310
1780710937.242,87.312,254529,254601,3,226.057
1780710937.294,87.364,254529,254601,3,134.426
1780710937.346,87.416,254529,254601,3,153.596
1780710937.398,87.469,254529,254601,3,153.130
1780710937.450,87.521,254529,254601,3,134.000
1780710937.503,87.574,254529,254601,3,227.942
1780710937.556,87.626,254529,254601,3,170.956
1780710937.608,87.679,254529,254601,3,247.772
1780710937.661,87.731,254529,254601,3,209.519
1780710937.713,87.783,254529,254601,3,134.146
1780710937.765,87.836,254529,254601,3,153.477
1780710937.817,87.888,254529,254601,3,133.408
1780710937.871,87.941,254529,254601,3,150.283
1780710937.923,87.994,254529,254601,3,208.168
1780710937.976,88.047,254529,254601,3,190.654
1780710938.030,88.100,254529,254601,3,278.273
1780710938.084,88.155,254529,254601,3,146.936
1780710938.140,88.210,254529,254601,3,162.414
1780710938.192,88.263,254529,254601,3,133.603
1780710938.244,88.315,254529,254601,3,153.482
1780710938.296,88.367,254529,254601,3,153.322
1780710938.349,88.419,254529,254601,3,191.036
1780710938.401,88.472,254529,254601,3,267.275
1780710938.453,88.524,254529,254601,3,190.865
1780710938.506,88.576,254529,254601,3,153.274
1780710938.558,88.628,254529,254601,3,172.702
1780710938.612,88.682,254529,254601,3,129.457
1780710938.665,88.736,254529,254601,3,262.287
1780710938.721,88.792,254529,254601,3,231.025
1780710938.774,88.845,254529,254601,3,264.806
1780710938.829,88.900,254529,254601,3,183.066
1780710938.884,88.954,254529,254601,3,146.094
1780710938.940,89.010,254529,254601,3,285.995
1780710939.000,89.071,254529,254601,3,230.327
1780710939.053,89.124,254529,254601,3,266.787
1780710939.106,89.176,254529,254601,3,302.822
1780710939.165,89.236,254529,254601,3,302.547
1780710939.219,89.289,254529,254601,3,243.530
1780710939.273,89.344,254529,254601,3,309.751
1780710939.331,89.402,254529,254601,3,278.793
1780710939.383,89.454,254529,254601,3,267.395
1780710939.438,89.509,254529,254601,3,328.095
1780710939.493,89.564,254529,254601,3,271.269
1780710939.546,89.617,254529,254601,3,266.173
1780710939.604,89.674,254529,254601,3,277.847
1780710939.657,89.727,254529,254601,3,264.087
1780710939.715,89.786,254529,254601,1,291.082
1780710939.771,89.841,254529,254601,3,215.451
1780710939.825,89.896,254529,254601,3,310.501
1780710939.879,89.950,254529,254601,3,260.287
1780710939.935,90.005,254529,254601,3,323.899
1780710939.989,90.060,254529,254601,3,312.717
1780710940.050,90.121,254529,254601,3,280.084
1780710940.103,90.174,254529,254601,3,317.413
1780710940.158,90.229,254529,254601,3,348.967
1780710940.212,90.283,254529,254601,0,294.101
1780710940.270,90.340,254529,254601,0,296.787
1780710940.326,90.396,254529,254601,0,302.891
1780710940.381,90.452,254529,254601,0,307.306
1780710940.437,90.508,254529,254601,1,321.497
1780710940.492,90.563,254529,254601,1,325.853
1780710940.546,90.617,254529,254601,1,314.459
1780710940.599,90.670,254529,254601,1,244.545
1780710940.653,90.724,254529,254601,1,296.455
1780710940.712,90.782,254529,254601,0,291.870
1780710940.767,90.837,254529,254601,0,309.586
1780710940.820,90.890,254529,254601,0,301.196
1780710940.874,90.945,254529,254601,0,313.259
1780710940.929,91.000,254529,254601,0,272.690
1780710940.982,91.052,254529,254601,0,227.380
1780710941.034,91.105,254529,254601,0,248.627
1780710941.096,91.167,254529,254601,0,290.520
1780710941.159,91.230,254529,254601,0,221.765
1780710941.212,91.283,254529,254601,0,227.463
1780710941.264,91.335,254529,254601,0,248.412
1780710941.325,91.395,254529,254601,0,280.460
1780710941.381,91.452,254529,254601,0,232.015
1780710941.437,91.507,254529,254601,0,178.955
1780710941.494,91.565,254529,254601,0,175.137
1780710941.547,91.618,254529,254601,0,263.752
1780710941.600,91.671,254529,254601,0,261.881
1780710941.655,91.725,254529,254601,0,257.652
1780710941.710,91.780,254529,254601,0,255.260
1780710941.766,91.837,254529,254601,0,228.790
1780710941.820,91.891,254529,254601,1,260.206
1780710941.873,91.944,254529,254601,1,264.479
1780710941.927,91.998,254529,254601,1,220.775
1780710941.982,92.053,254529,254601,1,181.789
1780710942.039,92.110,254529,254601,1,158.327
1780710942.092,92.163,254529,254601,1,284.592
1780710942.149,92.220,254529,254601,1,279.594
1780710942.206,92.277,254529,254601,1,316.677
1780710942.261,92.332,254529,254601,1,219.108
1780710942.313,92.384,254529,254601,1,266.671
1780710942.366,92.436,254529,254601,1,268.085
1780710942.420,92.491,254529,254601,1,275.383
1780710942.473,92.544,254529,254601,1,245.955
1780710942.526,92.597,254529,254601,1,244.923
1780710942.585,92.656,254529,254601,1,339.054
1780710942.637,92.708,254529,254601,1,267.496
1780710942.690,92.761,254529,254601,1,266.003
1780710942.752,92.823,254529,254601,1,319.881
1780710942.805,92.875,254529,254601,1,152.984
1780710942.857,92.928,254529,254601,1,229.385
1780710942.910,92.980,254529,254601,1,208.712
1780710942.963,93.033,254529,254601,1,151.133
1780710943.016,93.086,254529,254601,1,151.317
1780710943.068,93.139,254529,254601,1,247.618
1780710943.126,93.197,254529,254601,1,207.231
1780710943.181,93.251,254529,254601,1,164.423
1780710943.237,93.307,254529,254601,1,142.766
1780710943.289,93.360,254529,254601,1,132.812
1780710943.342,93.413,254529,254601,1,209.774
1780710943.396,93.467,254529,254601,1,185.402
1780710943.449,93.520,254529,254601,1,263.670
1780710943.503,93.574,254529,254601,3,293.800
1780710943.557,93.628,254529,254601,3,240.211
1780710943.613,93.683,254529,254601,3,235.115
1780710943.667,93.737,254529,254601,3,296.413
1780710943.733,93.804,254529,254601,3,332.728
1780710943.811,93.882,254529,254601,3,243.100
1780710943.865,93.935,254529,254601,3,260.518
1780710943.939,94.009,254529,254601,3,271.221
1780710944.041,94.111,254529,254601,3,313.725
1780710944.111,94.182,254529,254601,3,270.120
1780710944.184,94.255,254529,254601,3,273.532
1780710944.258,94.329,254529,254601,3,308.901
1780710944.322,94.393,254529,254601,3,251.148
1780710944.378,94.449,254529,254601,3,215.391
1780710944.432,94.503,254529,254601,3,277.077
1780710944.488,94.559,254529,254601,3,265.428
1780710944.552,94.623,254529,254601,3,312.793
1780710944.605,94.676,254529,254601,1,285.128
1780710944.661,94.732,254529,254601,1,232.665
1780710944.746,94.817,254529,254601,1,327.292
1780710944.817,94.888,254529,254601,1,296.238
1780710944.883,94.954,254529,254601,1,272.545
1780710944.941,95.012,254529,254601,1,311.626
1780710944.994,95.065,254529,254601,3,226.827
1780710945.049,95.120,254529,254601,3,289.849
1780710945.110,95.181,254529,254601,3,312.767
1780710945.168,95.239,254529,254601,3,259.357
1780710945.226,95.296,254529,254601,3,328.756
1780710945.292,95.362,254529,254601,3,318.577
1780710945.348,95.419,254529,254601,3,282.786
1780710945.401,95.472,254529,254601,3,337.800
1780710945.475,95.545,254529,254601,3,273.570
1780710945.531,95.602,254529,254601,3,317.834
1780710945.596,95.666,254529,254601,3,309.663
1780710945.659,95.730,254529,254601,3,315.016
1780710945.716,95.787,254529,254601,3,316.368
1780710945.775,95.846,254529,254601,3,306.573
1780710945.829,95.900,254529,254601,3,296.378
1780710945.882,95.953,254529,254601,3,263.310
1780710945.939,96.009,254529,254601,3,318.311
1780710945.992,96.063,254529,254601,3,297.839
1780710946.053,96.124,254529,254601,3,278.748
1780710946.117,96.188,254529,254601,3,282.704
1780710946.181,96.251,254529,254601,3,281.944
1780710946.253,96.323,254529,254601,3,306.090
1780710946.311,96.381,254529,254601,3,292.621
1780710946.387,96.457,254529,254601,3,315.983
1780710946.446,96.517,254529,254601,3,303.204
1780710946.500,96.570,254529,254601,3,317.216
1780710946.560,96.630,254529,254601,3,267.242
1780710946.614,96.685,254529,254601,3,328.122
1780710946.676,96.746,254529,254601,3,309.765
1780710946.734,96.805,254529,254601,3,273.844
1780710946.796,96.867,254529,254601,3,340.036
1780710946.851,96.922,254529,254601,3,253.406
1780710946.906,96.977,254529,254601,3,289.970
1780710946.977,97.048,254529,254601,3,326.187
1780710947.051,97.122,254529,254601,3,310.703
1780710947.137,97.208,254529,254601,3,302.584
1780710947.198,97.268,254529,254601,3,295.910
1780710947.265,97.336,254529,254601,3,310.182
1780710947.343,97.414,254529,254601,3,269.871
1780710947.398,97.469,254529,254601,3,307.556
1780710947.467,97.538,254529,254601,3,261.480
1780710947.528,97.598,254529,254601,3,331.570
1780710947.595,97.665,254529,254601,3,312.939
1780710947.648,97.719,254529,254601,3,262.111
1780710947.706,97.777,254529,254601,3,274.872
1780710947.761,97.832,254529,254601,1,272.541
1780710947.816,97.887,254529,254601,1,274.050
1780710947.869,97.939,254529,254601,1,265.797
1780710947.922,97.993,254529,254601,0,226.103
1780710947.975,98.046,254529,254601,0,169.048
1780710948.028,98.099,254529,254601,0,187.263
1780710948.081,98.152,254529,254601,0,226.962
1780710948.135,98.206,254529,254601,0,241.640
1780710948.190,98.260,254529,254601,0,128.405
1780710948.245,98.316,254529,254601,0,161.606
1780710948.299,98.370,254529,254601,0,241.657
1780710948.352,98.423,254529,254601,0,169.153
1780710948.405,98.475,254529,254601,0,210.708
1780710948.460,98.531,254529,254601,0,216.304
1780710948.513,98.584,254529,254601,0,224.903
1780710948.566,98.637,254529,254601,0,152.173
1780710948.618,98.689,254529,254601,0,172.514
1780710948.670,98.741,254529,254601,0,230.195
1780710948.725,98.796,254529,254601,0,218.915
1780710948.780,98.850,254529,254601,0,183.202
1780710948.832,98.903,254529,254601,0,114.866
1780710948.884,98.955,254529,254601,2,209.880
1780710948.937,99.008,254529,254601,1,227.677
1780710948.991,99.062,254529,254601,1,202.853
1780710949.044,99.115,254529,254601,1,170.139
1780710949.097,99.167,254529,254601,1,190.155
1780710949.154,99.224,254529,254601,1,175.365
1780710949.206,99.277,254529,254601,1,267.313
1780710949.260,99.331,254529,254601,1,259.381
1780710949.314,99.384,254529,254601,1,261.921
1780710949.368,99.439,254529,254601,1,293.045
1780710949.421,99.492,254529,254601,1,246.742
1780710949.474,99.545,254529,254601,1,206.913
1780710949.527,99.598,254529,254601,1,170.028
1780710949.579,99.650,254529,254601,1,153.131
1780710949.632,99.702,254529,254601,1,228.741
1780710949.684,99.754,254529,254601,1,191.995
1780710949.736,99.807,254529,254601,1,247.296
1780710949.791,99.862,254529,254601,1,254.448
1780710949.848,99.919,254529,254601,1,229.775
1780710949.901,99.971,254529,254601,1,265.703
1780710949.953,100.024,254529,254601,1,229.570
1780710950.005,100.076,254529,254601,1,247.284
1780710950.061,100.131,254529,254601,1,235.855
1780710950.114,100.185,254529,254601,1,278.350
1780710950.176,100.246,254529,254601,1,261.342
1780710950.241,100.311,254529,254601,1,322.822
1780710950.315,100.386,254529,254601,3,269.454
1780710950.398,100.468,254529,254601,3,278.394
1780710950.452,100.523,254529,254601,3,273.900
1780710950.508,100.579,254529,254601,3,250.671
1780710950.561,100.632,254529,254601,3,283.934
1780710950.624,100.695,254529,254601,3,253.796
1780710950.682,100.753,254529,254601,3,274.274
1780710950.737,100.808,254529,254601,3,254.331
1780710950.807,100.877,254529,254601,3,246.000
1780710950.860,100.930,254529,254601,3,264.112
1780710950.914,100.984,254529,254601,3,258.860
1780710950.969,101.039,254529,254601,3,290.001
1780710951.030,101.101,254529,254601,3,277.150
1780710951.086,101.157,254529,254601,3,266.939
1780710951.141,101.212,254529,254601,3,237.809
1780710951.217,101.287,254529,254601,1,251.499
1780710951.273,101.344,254529,254601,1,264.619
1780710951.344,101.415,254529,254601,1,296.456
1780710951.409,101.479,254529,254601,1,247.145
1780710951.480,101.550,254529,254601,1,282.326
1780710951.536,101.607,254529,254601,1,248.502
1780710951.591,101.662,254529,254601,1,270.261
1780710951.660,101.731,254529,254601,1,233.231
1780710951.713,101.784,254529,254601,1,244.766
1780710951.768,101.838,254529,254601,1,256.918
1780710951.826,101.896,254529,254601,1,275.474
1780710951.883,101.953,254529,254601,1,280.845
1780710951.952,102.022,254529,254601,3,261.244
1780710952.006,102.077,254529,254601,3,236.861
1780710952.061,102.132,254529,254601,3,275.659
1780710952.126,102.196,254529,254601,3,262.198
1780710952.182,102.252,254529,254601,3,250.611
1780710952.264,102.335,254529,254601,3,326.977
1780710952.337,102.408,254529,254601,3,286.982
1780710952.396,102.467,254529,254601,3,306.761
1780710952.472,102.543,254529,254601,3,301.853
1780710952.530,102.600,254529,254601,3,296.705
1780710952.605,102.675,254529,254601,3,346.262
1780710952.663,102.734,254529,254601,3,309.048
1780710952.758,102.829,254529,254601,3,293.037
1780710952.818,102.889,254529,254601,3,285.085
1780710952.880,102.951,254529,254601,3,305.780
1780710952.939,103.009,254529,254601,3,308.363
1780710952.995,103.066,254529,254601,3,336.618
1780710953.081,103.152,254529,254601,3,266.125
1780710953.150,103.221,254529,254601,3,291.219
1780710953.211,103.282,254529,254601,3,245.311
1780710953.264,103.335,254529,254601,1,245.440
1780710953.318,103.389,254529,254601,2,242.303
1780710953.375,103.445,254529,254601,3,176.433
1780710953.431,103.502,254529,254601,3,265.318
1780710953.492,103.563,254529,254601,3,246.610
1780710953.563,103.634,254529,254601,3,182.271
1780710953.619,103.689,254529,254601,3,289.216
1780710953.674,103.745,254529,254601,3,251.475
1780710953.737,103.807,254529,254601,3,271.968
1780710953.792,103.863,254529,254601,3,215.793
1780710953.852,103.922,254529,254601,3,253.338
1780710953.905,103.975,254529,254601,3,263.900
1780710953.958,104.029,254529,254601,3,223.870
1780710954.011,104.082,254529,254601,3,226.093
1780710954.065,104.135,254529,254601,3,261.809
1780710954.119,104.189,254529,254601,3,204.155
1780710954.171,104.242,254529,254601,3,265.172
1780710954.226,104.297,254529,254601,3,254.493
1780710954.279,104.350,254529,254601,3,264.426
1780710954.336,104.406,254529,254601,3,265.899
1780710954.389,104.460,254529,254601,3,167.611
1780710954.451,104.522,254529,254601,3,260.014
1780710954.526,104.597,254529,254601,3,239.598
1780710954.586,104.656,254529,254601,3,234.982
1780710954.651,104.721,254529,254601,3,277.320
1780710954.726,104.797,254529,254601,3,237.862
1780710954.796,104.867,254529,254601,3,300.909
1780710954.862,104.933,254529,254601,3,243.399
1780710954.927,104.998,254529,254601,3,260.699
1780710954.998,105.069,254529,254601,3,280.563
1780710955.071,105.142,254529,254601,3,192.595
1780710955.123,105.194,254529,254601,3,229.235
1780710955.177,105.248,254529,254601,3,259.958
1780710955.234,105.305,254529,254601,3,263.577
1780710955.289,105.359,254529,254601,3,220.293
1780710955.344,105.415,254529,254601,3,251.597
1780710955.396,105.467,254529,254601,3,229.838
1780710955.449,105.520,254529,254601,3,229.135
1780710955.501,105.572,254529,254601,3,190.919
1780710955.553,105.624,254529,254601,3,153.287
1780710955.607,105.677,254529,254601,3,150.162
1780710955.661,105.732,254529,254601,3,201.592
1780710955.715,105.785,254529,254601,3,224.155
1780710955.768,105.838,254529,254601,3,151.097
1780710955.822,105.893,254529,254601,3,147.758
1780710955.875,105.946,254529,254601,3,75.184
1780710955.928,105.999,254529,254601,3,169.700
1780710955.980,106.051,254529,254601,3,191.194
1780710956.036,106.107,254529,254601,3,233.191
1780710956.096,106.167,254529,254601,3,150.298
1780710956.150,106.220,254529,254601,3,186.907
1780710956.207,106.277,254529,254601,3,192.443
1780710956.261,106.331,254529,254601,3,241.477
1780710956.313,106.384,254529,254601,3,152.241
1780710956.366,106.436,254529,254601,3,171.209
1780710956.419,106.490,254529,254601,3,131.044
1780710956.472,106.542,254529,254601,3,170.677
1780710956.524,106.595,254529,254601,3,191.345
1780710956.578,106.649,254529,254601,3,260.223
1780710956.630,106.701,254529,254601,3,153.588
1780710956.684,106.754,254529,254601,3,149.345
1780710956.738,106.809,254529,254601,3,257.149
1780710956.796,106.867,254529,254601,3,205.081
1780710956.850,106.921,254529,254601,3,223.168
1780710956.903,106.973,254529,254601,3,172.195
1780710956.955,107.025,254529,254601,3,133.993
1780710957.007,107.078,254529,254601,3,133.906
1780710957.060,107.131,254529,254601,3,151.450
1780710957.112,107.183,254529,254601,3,191.730
1780710957.165,107.235,254529,254601,3,247.621
1780710957.218,107.289,254529,254601,3,168.542
1780710957.272,107.342,254529,254601,3,167.660
1780710957.324,107.395,254529,254601,3,171.641
1780710957.376,107.447,254529,254601,3,114.325
1780710957.431,107.502,254529,254601,3,54.679
1780710957.485,107.555,254529,254601,3,56.373
1780710957.538,107.608,254529,254601,2,56.524
1780710957.591,107.662,254529,254601,2,93.400
1780710957.644,107.715,254529,254601,2,170.950
1780710957.696,107.767,254529,254601,2,247.026
1780710957.750,107.820,254529,254601,2,169.647
1780710957.802,107.872,254529,254601,2,134.103
1780710957.854,107.925,254529,254601,2,151.962
1780710957.908,107.978,254529,254601,2,169.005
1780710957.960,108.031,254529,254601,2,57.407
1780710958.012,108.083,254529,254601,2,57.577
1780710958.065,108.136,254529,254601,2,56.676
1780710958.117,108.188,254529,254601,2,57.431
1780710958.170,108.240,254529,254601,2,57.006
1780710958.222,108.293,254529,254601,2,76.320
1780710958.276,108.347,254529,254601,2,55.438
1780710958.328,108.399,254529,254601,2,38.493
1780710958.380,108.451,254529,254601,2,57.694
1780710958.437,108.508,254529,254601,2,69.969
1780710958.490,108.561,254529,254601,2,56.643
1780710958.543,108.614,254529,254601,2,56.544
1780710958.596,108.667,254529,254601,2,56.539
1780710958.648,108.719,254529,254601,2,153.873
1780710958.701,108.772,254529,254601,2,171.133
1780710958.756,108.827,254529,254601,2,235.184
1780710958.814,108.884,254529,254601,2,262.185
1780710958.871,108.941,254529,254601,3,244.620
1780710958.925,108.995,254529,254601,3,241.962
1780710958.981,109.052,254529,254601,3,141.635
1780710959.040,109.110,254529,254601,3,136.589
1780710959.093,109.164,254529,254601,3,168.600
1780710959.145,109.216,254529,254601,3,152.324
1780710959.198,109.269,254529,254601,3,151.157
1780710959.251,109.322,254529,254601,3,169.669
1780710959.304,109.375,254529,254601,3,170.520
1780710959.358,109.429,254529,254601,3,149.243
1780710959.412,109.482,254529,254601,3,167.261
1780710959.469,109.540,254529,254601,3,173.119
1780710959.522,109.593,254529,254601,3,151.959
1780710959.577,109.647,254529,254601,3,201.867
1780710959.631,109.702,254529,254601,3,183.060
1780710959.693,109.764,254529,254601,3,225.960
1780710959.779,109.849,254529,254601,3,280.260
1780710959.839,109.910,254529,254601,3,216.389
1780710959.891,109.962,254529,254601,3,267.068
1780710959.951,110.022,254529,254601,3,232.750
1780710960.010,110.081,254529,254601,3,291.022
1780710960.077,110.148,254529,254601,3,281.272
1780710960.132,110.202,254529,254601,3,295.525
1780710960.197,110.267,254529,254601,3,229.380
1780710960.297,110.368,254529,254601,3,259.957
1780710960.351,110.421,254529,254601,3,167.504
1780710960.403,110.474,254529,254601,3,153.199
1780710960.456,110.526,254529,254601,3,170.123
1780710960.509,110.579,254529,254601,3,151.002
1780710960.563,110.633,254529,254601,3,167.428
1780710960.617,110.688,254529,254601,3,238.885
1780710960.690,110.760,254529,254601,3,274.663
1780710960.763,110.833,254529,254601,3,233.520
1780710960.834,110.905,254529,254601,3,265.318
1780710960.898,110.969,254529,254601,3,250.885
1780710960.969,111.039,254529,254601,3,268.153
1780710961.035,111.106,254529,254601,3,271.144
1780710961.107,111.178,254529,254601,3,306.269
1780710961.187,111.258,254529,254601,3,237.613
1780710961.245,111.316,254529,254601,3,171.512
1780710961.303,111.373,254529,254601,3,173.877
1780710961.356,111.427,254529,254601,3,150.451
1780710961.409,111.480,254529,254601,3,150.557
1780710961.461,111.532,254529,254601,3,171.972
1780710961.514,111.585,254529,254601,3,169.676
1780710961.595,111.665,254529,254601,3,199.605
1780710961.647,111.718,254529,254601,3,210.814
1780710961.701,111.772,254529,254601,3,240.431
1780710961.755,111.826,254529,254601,3,219.841
1780710961.810,111.880,254529,254601,3,239.264
1780710961.878,111.949,254529,254601,3,308.124
1780710961.937,112.008,254529,254601,3,286.251
1780710962.011,112.082,254529,254601,3,244.182
1780710962.084,112.155,254529,254601,3,287.094
1780710962.155,112.225,254529,254601,3,255.697
1780710962.239,112.310,254529,254601,3,248.778
1780710962.299,112.370,254529,254601,3,165.613
1780710962.353,112.424,254529,254601,3,186.151
1780710962.409,112.479,254529,254601,3,180.061
1780710962.462,112.533,254529,254601,3,204.991
1780710962.515,112.586,254529,254601,3,263.345
1780710962.572,112.643,254529,254601,3,229.320
1780710962.625,112.696,254529,254601,3,264.976
1780710962.680,112.751,254529,254601,3,271.980
1780710962.781,112.852,254529,254601,3,257.787
1780710962.839,112.909,254529,254601,3,278.170
1780710962.906,112.976,254529,254601,3,223.892
1780710962.965,113.036,254529,254601,3,236.151
1780710963.026,113.096,254529,254601,2,278.770
1780710963.079,113.149,254529,254601,2,245.335
1780710963.139,113.210,254529,254601,2,263.677
1780710963.216,113.287,254529,254601,2,234.972
1780710963.291,113.362,254529,254601,2,266.379
1780710963.349,113.420,254529,254601,3,241.024
1780710963.416,113.486,254529,254601,3,240.976
1780710963.487,113.558,254529,254601,3,251.514
1780710963.544,113.615,254529,254601,3,246.192
1780710963.604,113.675,254529,254601,3,183.380
1780710963.661,113.732,254529,254601,3,245.530
1780710963.724,113.795,254529,254601,3,236.700
1780710963.777,113.848,254529,254601,3,246.348
1780710963.843,113.914,254529,254601,3,256.791
1780710963.947,114.017,254529,254601,3,242.134
1780710964.000,114.071,254529,254601,3,298.642
1780710964.066,114.137,254529,254601,3,242.172
1780710964.120,114.190,254529,254601,3,244.166
1780710964.174,114.245,254529,254601,3,275.945
1780710964.228,114.299,254529,254601,3,257.592
1780710964.286,114.357,254529,254601,3,259.104
1780710964.340,114.410,254529,254601,3,279.833
1780710964.404,114.474,254529,254601,3,234.432
1780710964.461,114.532,254529,254601,3,227.231
1780710964.530,114.601,254529,254601,3,260.479
1780710964.600,114.671,254529,254601,3,243.152
1780710964.654,114.724,254529,254601,3,241.614
1780710964.718,114.788,254529,254601,3,266.279
1780710964.785,114.855,254529,254601,3,282.806
1780710964.850,114.921,254529,254601,3,230.632
1780710964.904,114.975,254529,254601,3,220.767
1780710964.978,115.048,254529,254601,1,259.114
1780710965.033,115.104,254529,254601,1,252.714
1780710965.092,115.163,254529,254601,1,235.124
1780710965.150,115.221,254529,254601,1,260.999
1780710965.203,115.274,254529,254601,1,244.442
1780710965.292,115.363,254529,254601,1,269.627
1780710965.347,115.417,254529,254601,1,237.946
1780710965.400,115.470,254529,254601,1,227.242
1780710965.452,115.523,254529,254601,1,245.762
1780710965.507,115.578,254529,254601,1,202.286
1780710965.560,115.631,254529,254601,1,243.433
1780710965.614,115.685,254529,254601,1,221.236
1780710965.673,115.744,254529,254601,1,273.457
1780710965.762,115.832,254529,254601,1,225.425
1780710965.817,115.888,254529,254601,1,235.707
1780710965.889,115.960,254529,254601,1,236.082
1780710965.954,116.025,254529,254601,1,229.891
1780710966.014,116.085,254529,254601,1,233.994
1780710966.077,116.148,254529,254601,1,236.862
1780710966.136,116.207,254529,254601,1,288.002
1780710966.198,116.269,254529,254601,1,146.325
1780710966.250,116.321,254529,254601,1,134.318
1780710966.304,116.374,254529,254601,1,167.966
1780710966.359,116.429,254529,254601,1,163.050
1780710966.411,116.482,254529,254601,1,133.247
1780710966.464,116.534,254529,254601,1,133.405
1780710966.516,116.587,254529,254601,1,171.127
1780710966.570,116.641,254529,254601,1,130.500
1780710966.625,116.696,254529,254601,1,181.132
1780710966.681,116.752,254529,254601,1,71.437
1780710966.733,116.804,254529,254601,1,38.274
1780710966.785,116.856,254529,254601,1,38.422
1780710966.837,116.908,254529,254601,1,38.514
1780710966.889,116.960,254529,254601,1,38.507
1780710966.941,117.012,254529,254601,1,38.493
1780710966.993,117.064,254529,254601,1,38.504
1780710967.045,117.116,254529,254601,1,115.481
1780710967.097,117.168,254529,254601,1,191.811
1780710967.150,117.221,254529,254601,2,190.340
1780710967.203,117.273,254529,254601,2,56.784
1780710967.256,117.327,254529,254601,2,37.525
1780710967.309,117.380,254529,254601,2,37.511
1780710967.362,117.433,254529,254601,2,56.855
1780710967.415,117.485,254529,254601,2,37.976
1780710967.467,117.538,254529,254601,2,37.915
1780710967.521,117.591,254529,254601,2,37.535
1780710967.573,117.644,254529,254601,2,57.619
1780710967.627,117.697,254529,254601,2,37.085
1780710967.681,117.751,254529,254601,2,55.568
1780710967.733,117.804,254529,254601,2,38.018
1780710967.786,117.857,254529,254601,2,37.935
1780710967.838,117.909,254529,254601,2,38.495
1780710967.890,117.961,254529,254601,2,38.473
1780710967.943,118.013,254529,254601,2,37.937
1780710967.995,118.066,254529,254601,2,56.868
1780710968.048,118.118,254529,254601,2,38.394
1780710968.100,118.170,254529,254601,2,115.205
1780710968.152,118.222,254529,254601,2,211.340
1780710968.204,118.275,254529,254601,2,152.189
1780710968.256,118.327,254529,254601,2,38.382
1780710968.308,118.379,254529,254601,2,38.382
1780710968.360,118.431,254529,254601,2,0.000
1780710968.412,118.483,254529,254601,2,19.311
1780710968.464,118.535,254529,254601,2,0.000
1780710968.516,118.587,254529,254601,2,0.000
1780710968.568,118.638,254529,254601,2,19.322
1780710968.619,118.690,254529,254601,2,0.000
1780710968.671,118.742,254529,254601,2,19.323
1780710968.723,118.794,254529,254601,2,0.000
1780710968.775,118.845,254529,254601,2,0.000
1780710968.826,118.897,254529,254601,2,0.000
1780710968.878,118.949,254529,254601,2,0.000
1780710968.930,119.001,254529,254601,2,19.313
1780710968.982,119.052,254529,254601,2,0.000
1780710969.033,119.104,254529,254601,2,0.000
1780710969.085,119.156,254529,254601,2,0.000
1780710969.137,119.208,254529,254601,2,19.337
1780710969.189,119.259,254529,254601,2,0.000
1780710969.240,119.311,254529,254601,2,0.000
1780710969.292,119.363,254529,254601,2,0.000
1780710969.344,119.415,254529,254601,2,19.234
1780710969.397,119.467,254529,254601,2,0.000
1780710969.449,119.519,254529,254601,2,19.191
1780710969.500,119.571,254529,254601,2,0.000
1780710969.553,119.623,254529,254601,2,0.000
1780710969.605,119.676,254529,254601,2,19.205
1780710969.657,119.727,254529,254601,2,19.311
1780710969.708,119.779,254529,254601,2,0.000
1780710969.762,119.832,254529,254601,2,0.000
1780710969.815,119.885,254529,254601,2,0.000
1780710969.868,119.939,254529,254601,2,18.579
1780710969.922,119.993,254529,254601,2,0.000
1780710969.975,120.046,254529,254601,2,0.000
1780710970.027,120.098,254529,254601,2,0.000
1780710970.081,120.151,254529,254601,2,18.742
1780710970.133,120.204,254529,254601,2,0.000
1780710970.186,120.257,254529,254601,2,0.000
1780710970.238,120.309,254529,254601,2,0.000
1780710970.290,120.361,254529,254601,2,19.266
1780710970.342,120.413,254529,254601,2,0.000
1780710970.394,120.465,254529,254601,2,0.000
1780710970.447,120.518,254529,254601,2,0.000
1780710970.499,120.570,254529,254601,2,19.270
1780710970.551,120.622,254529,254601,2,0.000
1780710970.604,120.674,254529,254601,2,0.000
1780710970.656,120.727,254529,254601,2,19.125
1780710970.708,120.779,254529,254601,2,0.000
1780710970.760,120.831,254529,254601,2,0.000
1780710970.813,120.883,254529,254601,2,19.090
1780710970.865,120.936,254529,254601,2,0.000
1780710970.917,120.988,254529,254601,2,0.000
1780710970.969,121.040,254529,254601,2,0.000
1780710971.021,121.091,254529,254601,2,19.282
1780710971.073,121.143,254529,254601,2,19.270
1780710971.125,121.195,254529,254601,2,0.000
1780710971.177,121.247,254529,254601,2,0.000
1780710971.228,121.299,254529,254601,2,0.000
1780710971.280,121.351,254529,254601,2,0.000
1780710971.332,121.403,254529,254601,2,0.000
1780710971.384,121.454,254529,254601,2,19.351
1780710971.435,121.506,254529,254601,2,0.000
1780710971.487,121.558,254529,254601,2,0.000
1780710971.539,121.609,254529,254601,2,0.000
1780710971.590,121.661,254529,254601,2,0.000
1780710971.642,121.712,254529,254601,2,96.832
1780710971.694,121.764,254529,254601,2,96.477
1780710971.745,121.816,254529,254601,2,96.883
1780710971.797,121.868,254529,254601,2,96.559
1780710971.849,121.919,254529,254601,2,96.662
1780710971.900,121.971,254529,254601,2,96.680
1780710971.953,122.023,254529,254601,2,114.779
1780710972.005,122.075,254529,254601,2,96.172
1780710972.058,122.129,254529,254601,2,93.592
1780710972.110,122.181,254529,254601,2,95.952
1780710972.162,122.233,254529,254601,2,95.716
1780710972.218,122.289,254529,254601,2,107.922
1780710972.270,122.341,254529,254601,2,96.017
1780710972.322,122.393,254529,254601,2,95.772
1780710972.375,122.446,254529,254601,2,94.884
1780710972.432,122.503,254529,254601,2,157.601
1780710972.484,122.555,254529,254601,2,286.778
1780710972.537,122.607,254529,254601,2,95.832
1780710972.589,122.659,254529,254601,2,115.301
1780710972.644,122.715,254529,254601,2,270.310
1780710972.697,122.768,254529,254601,2,284.510
1780710972.749,122.820,254529,254601,2,95.860
1780710972.805,122.876,254529,254601,2,88.611
1780710972.858,122.928,254529,254601,2,95.863
1780710972.910,122.981,254529,254601,2,95.171
1780710972.963,123.033,254529,254601,2,114.470
1780710973.015,123.086,254529,254601,2,95.493
1780710973.067,123.138,254529,254601,2,95.874
1780710973.119,123.190,254529,254601,2,95.975
1780710973.171,123.242,254529,254601,2,96.180
1780710973.223,123.294,254529,254601,2,288.560
1780710973.280,123.351,254529,254601,2,350.784
1780710973.333,123.403,254529,254601,2,228.140
1780710973.386,123.456,254529,254601,2,377.605
1780710973.439,123.509,254529,254601,2,94.531
1780710973.491,123.562,254529,254601,2,94.587
1780710973.544,123.614,254529,254601,2,95.695
1780710973.596,123.666,254529,254601,2,96.034
1780710973.648,123.719,254529,254601,2,95.522
1780710973.700,123.771,254529,254601,2,115.129
1780710973.752,123.823,254529,254601,2,96.053
1780710973.804,123.875,254529,254601,2,96.140
1780710973.857,123.927,254529,254601,2,114.949
1780710973.909,123.980,254529,254601,2,248.473
1780710973.964,124.035,254529,254601,2,361.407
1780710974.020,124.091,254529,254601,2,232.242
1780710974.072,124.143,254529,254601,2,363.865
1780710974.125,124.195,254529,254601,2,114.951
1780710974.176,124.247,254529,254601,2,96.331
1780710974.229,124.299,254529,254601,2,95.725
1780710974.281,124.352,254529,254601,2,95.951
1780710974.333,124.404,254529,254601,2,96.018
1780710974.385,124.456,254529,254601,2,115.435
1780710974.437,124.508,254529,254601,2,95.993
1780710974.489,124.560,254529,254601,2,96.089
1780710974.541,124.612,254529,254601,2,134.267
1780710974.600,124.671,254529,254601,2,304.272
1780710974.653,124.724,254529,254601,2,302.525
1780710974.712,124.783,254529,254601,2,322.139
1780710974.764,124.835,254529,254601,2,249.511
1780710974.816,124.887,254529,254601,2,95.755
1780710974.873,124.944,254529,254601,2,106.479
1780710974.925,124.996,254529,254601,2,95.396
1780710974.978,125.048,254529,254601,2,95.541
1780710975.030,125.101,254529,254601,2,114.820
1780710975.082,125.153,254529,254601,2,95.330
1780710975.134,125.205,254529,254601,2,95.775
1780710975.187,125.257,254529,254601,2,95.904
1780710975.239,125.309,254529,254601,2,268.535
1780710975.291,125.362,254529,254601,2,304.229
1780710975.348,125.419,254529,254601,2,263.994
1780710975.400,125.471,254529,254601,2,383.894
1780710975.452,125.523,254529,254601,2,114.987
1780710975.504,125.575,254529,254601,2,96.059
1780710975.557,125.627,254529,254601,2,96.017
1780710975.609,125.680,254529,254601,2,114.781
1780710975.661,125.732,254529,254601,2,95.988
1780710975.713,125.784,254529,254601,2,96.039
1780710975.765,125.836,254529,254601,2,96.187
1780710975.817,125.888,254529,254601,2,96.144
1780710975.869,125.940,254529,254601,2,153.528
1780710975.923,125.993,254529,254601,2,317.037
1780710975.975,126.046,254529,254601,2,379.548
1780710976.028,126.098,254529,254601,2,95.668
1780710976.080,126.150,254529,254601,2,115.061
1780710976.132,126.203,254529,254601,2,95.691
1780710976.184,126.255,254529,254601,2,95.883
1780710976.236,126.307,254529,254601,2,114.717
1780710976.289,126.359,254529,254601,2,95.838
1780710976.341,126.412,254529,254601,2,95.791
1780710976.393,126.464,254529,254601,2,96.024
1780710976.445,126.516,254529,254601,2,133.812
1780710976.500,126.571,254529,254601,2,382.542
1780710976.553,126.623,254529,254601,2,361.780
1780710976.605,126.676,254529,254601,2,95.190
1780710976.657,126.728,254529,254601,2,96.137
1780710976.709,126.780,254529,254601,2,114.826
1780710976.762,126.832,254529,254601,2,95.947
1780710976.814,126.884,254529,254601,2,95.890
1780710976.866,126.937,254529,254601,2,95.730
1780710976.918,126.989,254529,254601,2,95.538
1780710976.971,127.041,254529,254601,2,114.603
1780710977.023,127.094,254529,254601,2,152.941
1780710977.076,127.147,254529,254601,2,376.976
1780710977.128,127.199,254529,254601,2,326.498
1780710977.180,127.251,254529,254601,2,95.554
1780710977.232,127.303,254529,254601,2,96.113
1780710977.285,127.355,254529,254601,2,115.111
1780710977.337,127.407,254529,254601,2,95.811
1780710977.389,127.459,254529,254601,2,96.143
1780710977.441,127.512,254529,254601,2,95.984
1780710977.493,127.564,254529,254601,2,95.978
1780710977.545,127.616,254529,254601,2,115.428
1780710977.600,127.671,254529,254601,2,144.757
1780710977.653,127.724,254529,254601,2,359.367
1780710977.706,127.776,254529,254601,2,342.600
1780710977.758,127.828,254529,254601,2,95.832
1780710977.810,127.880,254529,254601,2,96.189
1780710977.862,127.933,254529,254601,2,95.585
1780710977.915,127.985,254529,254601,2,113.952
1780710977.967,128.038,254529,254601,2,95.466
1780710978.019,128.090,254529,254601,2,95.728
1780710978.072,128.143,254529,254601,2,95.167
1780710978.124,128.195,254529,254601,2,114.552
1780710978.180,128.251,254529,254601,2,178.761
1780710978.233,128.304,254529,254601,2,339.764
1780710978.290,128.361,254529,254601,2,314.780
1780710978.342,128.413,254529,254601,2,95.797
1780710978.400,128.471,254529,254601,2,104.020
1780710978.452,128.523,254529,254601,2,95.796
1780710978.505,128.575,254529,254601,2,95.730
1780710978.557,128.627,254529,254601,2,96.012
1780710978.609,128.680,254529,254601,2,115.017
1780710978.661,128.732,254529,254601,2,95.780
1780710978.713,128.784,254529,254601,2,95.865
1780710978.768,128.839,254529,254601,2,273.046
1780710978.821,128.892,254529,254601,2,94.762
1780710978.874,128.944,254529,254601,2,94.858
1780710978.926,128.997,254529,254601,2,95.397
1780710978.978,129.049,254529,254601,2,96.084
1780710979.033,129.104,254529,254601,2,108.484
1780710979.086,129.157,254529,254601,2,94.220
1780710979.138,129.209,254529,254601,2,96.199
1780710979.190,129.261,254529,254601,2,96.199
1780710979.243,129.313,254529,254601,2,114.837
1780710979.295,129.365,254529,254601,2,211.667
1780710979.348,129.418,254529,254601,2,282.737
1780710979.403,129.474,254529,254601,2,89.601
1780710979.455,129.526,254529,254601,2,173.224
1780710979.508,129.579,254529,254601,2,379.979
1780710979.560,129.631,254529,254601,2,114.960
1780710979.612,129.683,254529,254601,2,115.308
1780710979.664,129.735,254529,254601,2,96.256
1780710979.716,129.787,254529,254601,2,95.911
1780710979.768,129.839,254529,254601,2,96.082
1780710979.820,129.891,254529,254601,2,96.400
1780710979.872,129.943,254529,254601,2,95.953
1780710979.925,129.995,254529,254601,2,95.680
1780710979.977,130.048,254529,254601,2,287.085
1780710980.032,130.103,254529,254601,2,380.058
1780710980.085,130.156,254529,254601,2,208.270
1780710980.144,130.215,254529,254601,2,320.309
1780710980.196,130.267,254529,254601,2,95.900
1780710980.248,130.319,254529,254601,2,115.415
1780710980.301,130.371,254529,254601,2,95.756
1780710980.353,130.423,254529,254601,2,95.862
1780710980.405,130.476,254529,254601,2,95.920
1780710980.457,130.528,254529,254601,2,95.718
1780710980.509,130.580,254529,254601,2,115.026
1780710980.562,130.633,254529,254601,2,209.076
1780710980.620,130.691,254529,254601,2,307.531
1780710980.679,130.750,254529,254601,2,222.720
1780710980.735,130.806,254529,254601,2,372.554
1780710980.791,130.862,254529,254601,2,124.591
1780710980.844,130.914,254529,254601,2,95.653
1780710980.896,130.967,254529,254601,2,95.238
1780710980.948,131.019,254529,254601,2,114.696
1780710981.001,131.071,254529,254601,2,95.556
1780710981.053,131.124,254529,254601,2,95.493
1780710981.105,131.176,254529,254601,2,95.752
1780710981.158,131.228,254529,254601,2,133.739
1780710981.212,131.283,254529,254601,2,277.190
1780710981.269,131.340,254529,254601,2,329.534
1780710981.328,131.399,254529,254601,2,306.517
1780710981.386,131.457,254529,254601,2,225.619
1780710981.438,131.509,254529,254601,2,95.939
1780710981.490,131.561,254529,254601,2,96.017
1780710981.542,131.613,254529,254601,2,95.530
1780710981.595,131.665,254529,254601,2,95.760
1780710981.647,131.717,254529,254601,2,115.277
1780710981.699,131.770,254529,254601,2,95.621
1780710981.751,131.822,254529,254601,2,95.514
1780710981.804,131.874,254529,254601,2,286.361
1780710981.857,131.928,254529,254601,2,353.167
1780710981.914,131.985,254529,254601,2,228.607
1780710981.970,132.041,254529,254601,2,341.872
1780710982.022,132.093,254529,254601,2,115.045
1780710982.074,132.145,254529,254601,2,96.067
1780710982.127,132.197,254529,254601,2,95.261
1780710982.179,132.250,254529,254601,2,95.670
1780710982.231,132.302,254529,254601,2,95.680
1780710982.283,132.354,254529,254601,2,114.674
1780710982.336,132.406,254529,254601,2,95.571
1780710982.389,132.460,254529,254601,2,206.939
1780710982.447,132.518,254529,254601,2,275.031
1780710982.506,132.577,254529,254601,2,236.312
1780710982.563,132.633,254529,254601,2,371.585
1780710982.617,132.687,254529,254601,2,185.799
1780710982.669,132.739,254529,254601,2,95.871
1780710982.721,132.792,254529,254601,2,95.773
1780710982.773,132.844,254529,254601,2,96.091
1780710982.825,132.896,254529,254601,2,96.077
1780710982.877,132.948,254529,254601,2,115.025
1780710982.929,133.000,254529,254601,2,95.789
1780710982.982,133.053,254529,254601,2,133.070
1780710983.036,133.106,254529,254601,2,242.090
1780710983.088,133.159,254529,254601,2,95.041
1780710983.140,133.211,254529,254601,2,96.320
1780710983.192,133.263,254529,254601,2,96.240
1780710983.244,133.315,254529,254601,2,96.060
1780710983.296,133.367,254529,254601,2,115.108
1780710983.348,133.419,254529,254601,2,96.176
1780710983.400,133.471,254529,254601,2,77.241
1780710983.452,133.522,254529,254601,2,0.000
1780710983.503,133.573,254529,254601,2,0.000
1780710983.554,133.625,254529,254601,2,0.000
1780710983.605,133.676,254529,254601,2,0.000
1780710983.656,133.727,254529,254601,2,0.000
1780710983.707,133.778,254529,254601,2,0.000
1780710983.758,133.829,254529,254601,2,0.000
1780710983.810,133.880,254529,254601,2,0.000
1780710983.861,133.931,254529,254601,2,0.000
1780710983.912,133.983,254529,254601,2,0.000
1780710983.963,134.034,254529,254601,2,0.000
1780710984.014,134.085,254529,254601,2,0.000
1780710984.066,134.137,254529,254601,2,0.000
1780710984.118,134.188,254529,254601,2,0.000
1780710984.169,134.240,254529,254601,2,0.000
1780710984.220,134.291,254529,254601,2,0.000
1780710984.271,134.342,254529,254601,2,0.000
1780710984.322,134.393,254529,254601,2,0.000
1780710984.373,134.444,254529,254601,2,0.000
1780710984.425,134.495,254529,254601,2,78.159
1780710984.478,134.549,254529,254601,2,93.394
1780710984.531,134.602,254529,254601,2,94.345
1780710984.584,134.655,254529,254601,2,94.232
1780710984.637,134.708,254529,254601,2,113.064
1780710984.690,134.761,254529,254601,2,75.068
1780710984.744,134.814,254529,254601,2,112.530
1780710984.796,134.866,254529,254601,2,38.679
1780710984.846,134.917,254529,254601,2,0.000
1780710984.896,134.967,254529,254601,2,0.000
1780710984.947,135.017,254529,254601,2,0.000
1780710984.997,135.067,254529,254601,2,0.000
1780710985.047,135.118,254529,254601,2,0.000
1780710985.097,135.168,254529,254601,2,0.000
1780710985.147,135.218,254529,254601,2,0.000
1780710985.198,135.268,254529,254601,2,0.000
1780710985.248,135.319,254529,254601,2,0.000
1780710985.298,135.369,254529,254601,2,0.000
1780710985.348,135.419,254529,254601,2,0.000
1780710985.398,135.469,254529,254601,2,0.000
1780710985.449,135.519,254529,254601,2,0.000
1780710985.499,135.570,254529,254601,2,0.000
1780710985.549,135.620,254529,254601,2,0.000
1780710985.599,135.670,254529,254601,2,0.000
1780710985.650,135.720,254529,254601,2,0.000
1780710985.700,135.770,254529,254601,2,0.000
1780710985.750,135.821,254529,254601,2,0.000
1780710985.800,135.871,254529,254601,2,0.000
1780710985.850,135.921,254529,254601,2,0.000
1780710985.901,135.971,254529,254601,2,0.000
1780710985.951,136.022,254529,254601,2,0.000
1780710986.001,136.072,254529,254601,2,0.000
1780710986.051,136.122,254529,254601,2,0.000
1780710986.102,136.172,254529,254601,2,0.000
1780710986.152,136.222,254529,254601,2,0.000
1780710986.202,136.273,254529,254601,2,0.000
1780710986.252,136.323,254529,254601,2,0.000
1780710986.302,136.373,254529,254601,2,0.000
1780710986.353,136.423,254529,254601,2,0.000
1780710986.403,136.474,254529,254601,2,0.000
1780710986.453,136.524,254529,254601,2,0.000
1780710986.503,136.574,254529,254601,2,0.000
1780710986.553,136.624,254529,254601,2,0.000
1780710986.604,136.674,254529,254601,2,0.000
1780710986.654,136.725,254529,254601,2,0.000
1780710986.704,136.775,254529,254601,2,0.000
1780710986.754,136.825,254529,254601,2,0.000
1780710986.805,136.875,254529,254601,2,0.000
1780710986.855,136.926,254529,254601,2,0.000
1780710986.905,136.976,254529,254601,2,0.000
1780710986.955,137.026,254529,254601,2,0.000
1780710987.006,137.076,254529,254601,2,0.000
1780710987.056,137.127,254529,254601,2,0.000
1780710987.106,137.177,254529,254601,2,0.000
1780710987.156,137.227,254529,254601,2,0.000
1780710987.207,137.277,254529,254601,2,0.000
1780710987.257,137.328,254529,254601,2,0.000
1780710987.307,137.378,254529,254601,2,0.000
1780710987.358,137.428,254529,254601,2,0.000
1780710987.408,137.479,254529,254601,2,0.000
1780710987.458,137.529,254529,254601,2,0.000
1780710987.508,137.579,254529,254601,2,0.000
1780710987.559,137.629,254529,254601,2,19.910
1780710987.609,137.680,254529,254601,2,0.000
1780710987.659,137.730,254529,254601,2,0.000
1780710987.709,137.780,254529,254601,2,0.000
1780710987.760,137.830,254529,254601,2,0.000
1780710987.810,137.880,254529,254601,2,0.000
1780710987.860,137.931,254529,254601,2,0.000
1780710987.910,137.981,254529,254601,2,0.000
1780710987.960,138.031,254529,254601,2,0.000
1780710988.011,138.081,254529,254601,2,0.000
1780710988.061,138.132,254529,254601,2,0.000
1780710988.111,138.182,254529,254601,2,0.000
1780710988.161,138.232,254529,254601,2,0.000
1780710988.212,138.282,254529,254601,2,0.000
1780710988.262,138.333,254529,254601,2,0.000
1780710988.312,138.383,254529,254601,2,0.000
1780710988.362,138.433,254529,254601,2,0.000
1780710988.413,138.484,254529,254601,2,0.000
1780710988.463,138.534,254529,254601,2,0.000
1780710988.513,138.584,254529,254601,2,0.000
1780710988.564,138.634,254529,254601,2,0.000
1780710988.614,138.685,254529,254601,2,0.000
1780710988.664,138.735,254529,254601,2,0.000
1780710988.714,138.785,254529,254601,2,0.000
1780710988.765,138.835,254529,254601,2,0.000
1780710988.815,138.886,254529,254601,2,0.000
1780710988.865,138.936,254529,254601,2,0.000
1780710988.915,138.986,254529,254601,2,0.000
1780710988.966,139.036,254529,254601,2,0.000
1780710989.016,139.087,254529,254601,2,0.000
1780710989.667,139.738,254529,254601,2,0.000
1780710989.718,139.788,254529,254601,2,0.000
1780710989.768,139.839,254529,254601,2,0.000
1780710989.818,139.889,254529,254601,2,0.000
1780710989.868,139.939,254529,254601,2,0.000
1780710989.919,139.989,254529,254601,2,0.000
1780710989.969,140.040,254529,254601,2,0.000
1780710990.019,140.090,254529,254601,2,0.000
1780710990.069,140.140,254529,254601,2,0.000
1780710990.120,140.190,254529,254601,2,0.000
1780710990.170,140.240,254529,254601,2,0.000
1780710990.220,140.291,254529,254601,2,0.000
1780710990.270,140.341,254529,254601,1,0.000
1780710990.320,140.391,254529,254601,1,0.000
1780710990.371,140.441,254529,254601,1,0.000
1780710990.421,140.492,254529,254601,1,0.000
1780710990.471,140.542,254529,254601,1,0.000
1780710990.521,140.592,254529,254601,1,0.000
1780710990.572,140.642,254529,254601,1,0.000
1780710990.622,140.692,254529,254601,1,0.000
1780710990.672,140.743,254529,254601,1,0.000
1780710990.722,140.793,254529,254601,1,0.000
1780710990.772,140.843,254529,254601,1,0.000
1780710990.823,140.893,254529,254601,1,0.000
1780710990.873,140.943,254529,254601,1,0.000
1780710990.923,140.994,254529,254601,1,0.000
1780710990.973,141.044,254529,254601,1,0.000
1780710991.024,141.094,254529,254601,1,0.000
1780710991.074,141.145,254529,254601,1,0.000
1780710991.124,141.195,254529,254601,1,0.000
1780710991.175,141.245,254529,254601,1,0.000
1780710991.225,141.296,254529,254601,1,0.000
1780710991.275,141.346,254529,254601,1,0.000
1780710991.326,141.396,254529,254601,1,0.000
1780710991.376,141.447,254529,254601,1,0.000
1780710991.426,141.497,254529,254601,1,0.000
1780710991.476,141.547,254529,254601,1,0.000
1780710991.527,141.597,254529,254601,1,0.000
1780710991.577,141.648,254529,254601,1,0.000
1780710991.627,141.698,254529,254601,1,0.000
1780710991.678,141.748,254529,254601,1,0.000
1780710991.728,141.799,254529,254601,1,0.000
1780710991.778,141.849,254529,254601,1,0.000
1780710991.829,141.899,254529,254601,1,0.000
1780710991.879,141.950,254529,254601,1,0.000
1780710991.930,142.000,254529,254601,1,0.000
1780710991.980,142.051,254529,254601,1,0.000
1780710992.030,142.101,254529,254601,1,0.000
1780710992.081,142.151,254529,254601,1,0.000
1780710992.131,142.202,254529,254601,1,0.000
1780710992.181,142.252,254529,254601,1,0.000
1780710992.232,142.302,254529,254601,1,0.000
1780710992.282,142.353,254529,254601,1,0.000
1780710992.332,142.403,254529,254601,1,0.000
1780710992.383,142.453,254529,254601,1,0.000
1780710992.435,142.505,254529,254601,1,0.000
1780710992.485,142.556,254529,254601,1,0.000
1780710992.535,142.606,254529,254601,1,0.000
1780710992.586,142.656,254529,254601,1,0.000
1780710992.636,142.707,254529,254601,1,0.000
1780710992.686,142.757,254529,254601,1,0.000
1780710992.737,142.807,254529,254601,1,0.000
1780710992.787,142.858,254529,254601,1,0.000
1780710992.837,142.908,254529,254601,1,0.000
1780710992.888,142.958,254529,254601,1,0.000
1780710992.938,143.009,254529,254601,1,0.000
1780710992.988,143.059,254529,254601,1,0.000
1780710993.039,143.109,254529,254601,1,0.000
1780710993.089,143.160,254529,254601,1,0.000
1780710993.139,143.210,254529,254601,1,0.000
1780710993.189,143.260,254529,254601,1,0.000
1780710993.240,143.310,254529,254601,1,0.000
1780710993.290,143.361,254529,254601,1,0.000
1780710993.340,143.411,254529,254601,1,0.000
1780710993.391,143.461,254529,254601,1,0.000
1780710993.441,143.512,254529,254601,1,0.000
1780710993.491,143.562,254529,254601,1,0.000
1780710993.542,143.612,254529,254601,1,0.000
1780710993.592,143.663,254529,254601,1,0.000
1780710993.642,143.713,254529,254601,1,0.000
1780710993.693,143.763,254529,254601,1,0.000
1780710993.743,143.814,254529,254601,1,0.000
1780710993.793,143.864,254529,254601,1,0.000
1780710993.844,143.914,254529,254601,1,0.000
1780710993.894,143.965,254529,254601,1,0.000
1780710993.944,144.015,254529,254601,1,0.000
1780710993.994,144.065,254529,254601,1,0.000
1780710994.045,144.116,254529,254601,1,0.000
1780710994.095,144.166,254529,254601,1,0.000
1780710994.146,144.216,254529,254601,1,0.000
1780710994.196,144.267,254529,254601,1,0.000
1780710994.246,144.317,254529,254601,1,0.000
1780710994.296,144.367,254529,254601,1,0.000
1780710994.347,144.418,254529,254601,1,0.000
1780710994.397,144.468,254529,254601,1,0.000
1780710994.447,144.518,254529,254601,1,0.000
1780710994.498,144.568,254529,254601,1,0.000
1780710994.548,144.619,254529,254601,1,0.000
1780710994.598,144.669,254529,254601,1,0.000
1780710994.649,144.719,254529,254601,1,0.000
1780710994.699,144.770,254529,254601,1,0.000
1780710994.749,144.820,254529,254601,1,0.000
1780710994.800,144.870,254529,254601,1,0.000
1780710994.850,144.921,254529,254601,1,0.000
1780710994.900,144.971,254529,254601,1,0.000
1780710994.951,145.021,254529,254601,1,0.000
1780710995.001,145.072,254529,254601,1,0.000
1780710995.051,145.122,254529,254601,1,0.000
1780710995.102,145.172,254529,254601,1,0.000
1780710995.152,145.223,254529,254601,1,0.000
1780710995.202,145.273,254529,254601,1,0.000
1780710995.252,145.323,254529,254601,1,0.000
1780710995.303,145.373,254529,254601,1,0.000
1780710995.353,145.424,254529,254601,1,0.000
1780710995.403,145.474,254529,254601,1,0.000
1780710995.454,145.524,254529,254601,1,0.000
1780710995.504,145.575,254529,254601,1,0.000
1780710995.554,145.625,254529,254601,1,0.000
1780710995.605,145.675,254529,254601,1,0.000
1780710995.655,145.726,254529,254601,1,0.000
1780710995.705,145.776,254529,254601,1,0.000
1780710995.755,145.826,254529,254601,1,0.000
1780710995.806,145.877,254529,254601,1,0.000
1780710995.856,145.927,254529,254601,1,0.000
1780710995.906,145.977,254529,254601,1,0.000
1780710995.957,146.027,254529,254601,1,0.000
1780710996.007,146.078,254529,254601,1,0.000
1780710996.058,146.128,254529,254601,1,0.000
1780710996.108,146.179,254529,254601,1,0.000
1780710996.158,146.229,254529,254601,1,0.000
1780710996.209,146.279,254529,254601,1,0.000
1780710996.259,146.330,254529,254601,1,0.000
1780710996.309,146.380,254529,254601,1,0.000
1780710996.359,146.430,254529,254601,1,0.000
1780710996.410,146.481,254529,254601,1,0.000
1780710996.460,146.531,254529,254601,1,0.000
1780710996.510,146.581,254529,254601,1,0.000
1780710996.561,146.631,254529,254601,1,0.000
1780710996.611,146.682,254529,254601,1,0.000
1780710996.661,146.732,254529,254601,1,0.000
1780710996.712,146.782,254529,254601,1,0.000
1780710996.762,146.833,254529,254601,1,0.000
1780710996.812,146.883,254529,254601,1,0.000
1780710996.863,146.933,254529,254601,1,0.000
1780710996.913,146.984,254529,254601,1,0.000
1780710996.963,147.034,254529,254601,1,0.000
1780710997.014,147.084,254529,254601,1,0.000
1780710997.064,147.135,254529,254601,1,0.000
1780710997.114,147.185,254529,254601,1,0.000
1780710997.164,147.235,254529,254601,1,0.000
1780710997.215,147.285,254529,254601,1,0.000
1780710997.265,147.336,254529,254601,1,0.000
1780710997.315,147.386,254529,254601,1,0.000
1780710997.366,147.436,254529,254601,1,0.000
1780710997.416,147.487,254529,254601,1,0.000
1780710997.466,147.537,254529,254601,1,0.000
1780710997.517,147.587,254529,254601,1,0.000
1780710997.567,147.638,254529,254601,1,0.000
1780710997.617,147.688,254529,254601,1,0.000
1780710997.668,147.738,254529,254601,1,0.000
1780710997.718,147.789,254529,254601,1,0.000
1780710997.768,147.839,254529,254601,1,0.000
1780710997.818,147.889,254529,254601,1,0.000
1780710997.869,147.939,254529,254601,1,0.000
1780710997.919,147.990,254529,254601,1,0.000
1780710997.969,148.040,254529,254601,1,0.000
1780710998.020,148.090,254529,254601,1,0.000
1780710998.070,148.141,254529,254601,1,0.000
1780710998.120,148.191,254529,254601,1,0.000
1780710998.171,148.241,254529,254601,1,0.000
1780710998.221,148.292,254529,254601,1,0.000
1780710998.271,148.342,254529,254601,1,0.000
1780710998.322,148.392,254529,254601,1,0.000
1780710998.372,148.443,254529,254601,1,0.000
1780710998.422,148.493,254529,254601,1,0.000
1780710998.473,148.543,254529,254601,1,0.000
1780710998.523,148.594,254529,254601,1,0.000
1780710998.573,148.644,254529,254601,1,0.000
1780710998.624,148.694,254529,254601,1,0.000
1780710998.674,148.745,254529,254601,1,0.000
1780710998.724,148.795,254529,254601,1,0.000
1780710998.774,148.845,254529,254601,1,0.000
1780710998.825,148.895,254529,254601,1,0.000
1780710998.875,148.946,254529,254601,1,0.000
1780710998.925,148.996,254529,254601,1,0.000
1780710998.976,149.046,254529,254601,1,0.000
1780710999.026,149.097,254529,254601,1,0.000
1780710999.076,149.147,254529,254601,1,0.000
1780710999.127,149.197,254529,254601,1,0.000
1780710999.177,149.248,254529,254601,1,0.000
1780710999.227,149.298,254529,254601,1,0.000
1780710999.277,149.348,254529,254601,1,0.000
1780710999.328,149.398,254529,254601,1,0.000
1780710999.378,149.449,254529,254601,1,0.000
1780710999.428,149.499,254529,254601,1,0.000
1780710999.479,149.549,254529,254601,1,0.000
1780710999.529,149.600,254529,254601,1,0.000
1780710999.579,149.650,254529,254601,1,0.000
1780710999.630,149.700,254529,254601,1,0.000
1780710999.680,149.751,254529,254601,1,0.000
1780710999.730,149.801,254529,254601,1,0.000
1780710999.780,149.851,254529,254601,1,0.000
1780710999.831,149.901,254529,254601,1,0.000
1780710999.881,149.952,254529,254601,1,0.000
1780710999.931,150.002,254529,254601,1,0.000
1780710999.982,150.052,254529,254601,1,0.000
1780711000.032,150.103,254529,254601,1,0.000
1780711000.082,150.153,254529,254601,1,0.000
1780711000.133,150.203,254529,254601,1,0.000
1780711000.183,150.254,254529,254601,1,0.000
1780711000.233,150.304,254529,254601,1,0.000
1780711000.284,150.354,254529,254601,1,0.000
1780711000.334,150.405,254529,254601,1,0.000
1780711000.384,150.455,254529,254601,1,0.000
1780711000.434,150.505,254529,254601,1,0.000
1780711000.485,150.555,254529,254601,1,0.000
1780711000.535,150.606,254529,254601,1,0.000
1780711000.585,150.656,254529,254601,1,0.000
1780711000.636,150.706,254529,254601,1,0.000
1780711000.686,150.757,254529,254601,1,0.000
1780711000.736,150.807,254529,254601,1,0.000
1780711000.787,150.857,254529,254601,1,0.000
1780711000.837,150.908,254529,254601,1,0.000
1780711000.887,150.958,254529,254601,1,0.000
1780711000.937,151.008,254529,254601,1,0.000
1780711000.988,151.059,254529,254601,1,0.000
1780711001.038,151.109,254529,254601,1,0.000
1780711001.088,151.159,254529,254601,1,0.000
1780711001.139,151.209,254529,254601,1,0.000
1780711001.189,151.260,254529,254601,1,0.000
1780711001.239,151.310,254529,254601,1,0.000
1780711001.290,151.360,254529,254601,1,0.000
1780711001.340,151.411,254529,254601,1,0.000
1780711001.390,151.461,254529,254601,1,0.000
1780711001.441,151.511,254529,254601,1,0.000
1780711001.491,151.562,254529,254601,1,0.000
1780711001.541,151.612,254529,254601,1,0.000
1780711001.592,151.662,254529,254601,1,0.000
1780711001.642,151.713,254529,254601,1,0.000
1780711001.692,151.763,254529,254601,1,0.000
1780711001.742,151.813,254529,254601,1,0.000
1780711001.793,151.863,254529,254601,1,0.000
1780711001.843,151.914,254529,254601,1,0.000
1780711001.893,151.964,254529,254601,1,0.000
1780711001.944,152.014,254529,254601,1,0.000
1780711001.994,152.065,254529,254601,1,0.000
1780711002.044,152.115,254529,254601,1,0.000
1780711002.095,152.165,254529,254601,1,0.000
1780711002.145,152.216,254529,254601,1,0.000
1780711002.195,152.266,254529,254601,1,0.000
1780711002.246,152.316,254529,254601,1,0.000
1780711002.296,152.367,254529,254601,1,0.000
1780711002.346,152.417,254529,254601,1,0.000
1780711002.397,152.467,254529,254601,1,0.000
1780711002.447,152.518,254529,254601,1,0.000
1780711002.497,152.568,254529,254601,1,0.000
1780711002.548,152.618,254529,254601,1,0.000
1780711002.598,152.669,254529,254601,1,0.000
1780711002.652,152.723,254529,254601,1,0.000
1780711002.704,152.775,254529,254601,1,0.000
1780711002.755,152.825,254529,254601,1,0.000
1780711002.805,152.876,254529,254601,1,0.000
1780711002.855,152.926,254529,254601,1,0.000
1780711002.906,152.976,254529,254601,1,0.000
1780711002.956,153.027,254529,254601,1,0.000
1780711003.006,153.077,254529,254601,1,0.000
1780711003.057,153.128,254529,254601,1,0.000
1780711003.107,153.178,254529,254601,1,0.000
1780711003.157,153.228,254529,254601,1,0.000
1780711003.208,153.278,254529,254601,1,0.000
1780711003.258,153.329,254529,254601,1,0.000
1780711003.308,153.379,254529,254601,1,0.000
1780711003.359,153.429,254529,254601,1,0.000
1780711003.409,153.480,254529,254601,1,0.000
1780711003.459,153.530,254529,254601,1,0.000
1780711003.510,153.580,254529,254601,1,0.000
1780711003.560,153.631,254529,254601,1,0.000
1780711003.610,153.681,254529,254601,1,0.000
1780711003.661,153.731,254529,254601,1,0.000
1780711003.711,153.782,254529,254601,1,0.000
1780711003.761,153.832,254529,254601,1,0.000
1780711003.811,153.882,254529,254601,1,0.000
1780711003.862,153.932,254529,254601,1,0.000
1780711003.912,153.983,254529,254601,1,0.000
1780711003.962,154.033,254529,254601,1,0.000
1780711004.013,154.083,254529,254601,1,0.000
1780711004.063,154.134,254529,254601,1,0.000
1780711004.113,154.184,254529,254601,1,0.000
1780711004.164,154.234,254529,254601,1,0.000
1780711004.214,154.285,254529,254601,1,0.000
1780711004.264,154.335,254529,254601,1,0.000
1780711004.315,154.385,254529,254601,1,0.000
1780711004.365,154.436,254529,254601,1,0.000
1780711004.415,154.486,254529,254601,1,0.000
1780711004.466,154.536,254529,254601,1,0.000
1780711004.516,154.587,254529,254601,1,0.000
1780711004.566,154.637,254529,254601,1,0.000
1780711004.617,154.687,254529,254601,1,0.000
1780711004.667,154.738,254529,254601,1,0.000
1780711004.717,154.788,254529,254601,1,0.000
1780711004.768,154.838,254529,254601,1,0.000
1780711004.818,154.889,254529,254601,1,0.000
1780711004.868,154.939,254529,254601,1,0.000
1780711004.918,154.989,254529,254601,1,0.000
1780711004.969,155.040,254529,254601,1,0.000
1780711005.019,155.090,254529,254601,1,0.000
1780711005.069,155.140,254529,254601,1,0.000
1780711005.120,155.190,254529,254601,1,0.000
1780711005.170,155.241,254529,254601,1,0.000
1780711005.220,155.291,254529,254601,1,0.000
1780711005.271,155.341,254529,254601,1,0.000
1780711005.321,155.392,254529,254601,1,0.000
1780711005.371,155.442,254529,254601,1,0.000
1780711005.422,155.492,254529,254601,1,0.000
1780711005.472,155.543,254529,254601,1,0.000
1780711005.522,155.593,254529,254601,1,0.000
1780711005.573,155.643,254529,254601,1,0.000
1780711005.623,155.694,254529,254601,1,0.000
1780711005.673,155.744,254529,254601,1,0.000
1780711005.724,155.794,254529,254601,1,0.000
1780711005.774,155.845,254529,254601,1,0.000
1780711005.824,155.895,254529,254601,1,0.000
1780711005.874,155.945,254529,254601,1,0.000
1780711005.925,155.995,254529,254601,1,0.000
1780711005.975,156.046,254529,254601,1,0.000
1780711006.026,156.096,254529,254601,1,0.000
1780711006.076,156.147,254529,254601,1,0.000
1780711006.126,156.197,254529,254601,1,0.000
1780711006.177,156.247,254529,254601,1,0.000
1780711006.227,156.298,254529,254601,1,0.000
1780711006.277,156.348,254529,254601,1,0.000
1780711006.327,156.398,254529,254601,1,0.000
1780711006.378,156.448,254529,254601,1,0.000
1780711006.428,156.499,254529,254601,1,0.000
1780711006.478,156.549,254529,254601,1,0.000
1780711006.529,156.599,254529,254601,1,0.000
1780711006.579,156.650,254529,254601,1,0.000
1780711006.629,156.700,254529,254601,1,0.000
1780711006.680,156.750,254529,254601,1,0.000
1780711006.730,156.801,254529,254601,1,0.000
1780711006.781,156.851,254529,254601,1,0.000
1780711006.831,156.902,254529,254601,1,0.000
1780711006.881,156.952,254529,254601,1,0.000
1780711006.931,157.002,254529,254601,1,0.000
1780711006.982,157.053,254529,254601,1,0.000
1780711007.032,157.103,254529,254601,1,0.000
1780711007.082,157.153,254529,254601,1,0.000
1780711007.133,157.203,254529,254601,1,0.000
1780711007.183,157.254,254529,254601,1,0.000
1780711007.233,157.304,254529,254601,1,0.000
1780711007.284,157.354,254529,254601,1,0.000
1780711007.334,157.405,254529,254601,1,0.000
1780711007.384,157.455,254529,254601,1,0.000
1780711007.435,157.505,254529,254601,1,0.000
1780711007.485,157.556,254529,254601,1,0.000
1780711007.535,157.606,254529,254601,1,0.000
1780711007.586,157.656,254529,254601,1,0.000
1780711007.636,157.707,254529,254601,1,0.000
1780711007.686,157.757,254529,254601,1,0.000
1780711007.737,157.807,254529,254601,1,0.000
1780711007.787,157.858,254529,254601,1,0.000
1780711007.837,157.908,254529,254601,1,0.000
1780711007.887,157.958,254529,254601,1,0.000
1780711007.938,158.009,254529,254601,1,0.000
1780711007.988,158.059,254529,254601,1,0.000
1780711008.039,158.109,254529,254601,1,0.000
1780711008.089,158.160,254529,254601,1,0.000
1780711008.139,158.210,254529,254601,1,0.000
1780711008.189,158.260,254529,254601,1,0.000
1780711008.240,158.310,254529,254601,1,0.000
1780711008.290,158.361,254529,254601,1,0.000
1780711008.340,158.411,254529,254601,1,0.000
1780711008.391,158.461,254529,254601,1,0.000
1780711008.441,158.512,254529,254601,1,0.000
1780711008.491,158.562,254529,254601,1,0.000
1780711008.542,158.612,254529,254601,1,0.000
1780711008.592,158.663,254529,254601,1,0.000
1780711008.642,158.713,254529,254601,1,0.000
1780711008.693,158.763,254529,254601,1,0.000
1780711008.743,158.814,254529,254601,1,0.000
1780711008.793,158.864,254529,254601,1,0.000
1780711008.844,158.914,254529,254601,1,0.000
1780711008.894,158.965,254529,254601,1,0.000
1780711008.944,159.015,254529,254601,1,0.000
1780711008.995,159.065,254529,254601,1,0.000
1780711009.045,159.116,254529,254601,1,0.000
1780711009.095,159.166,254529,254601,1,0.000
1780711009.146,159.216,254529,254601,1,0.000
1780711009.196,159.267,254529,254601,1,0.000
1780711009.246,159.317,254529,254601,1,0.000
1780711009.296,159.367,254529,254601,1,0.000
1780711009.347,159.417,254529,254601,1,0.000
1780711009.397,159.468,254529,254601,1,0.000
1780711009.447,159.518,254529,254601,1,0.000
1780711009.498,159.568,254529,254601,1,0.000
1780711009.548,159.619,254529,254601,1,0.000
1780711009.598,159.669,254529,254601,1,0.000
1780711009.649,159.719,254529,254601,1,0.000
1780711009.699,159.770,254529,254601,1,0.000
1780711009.749,159.820,254529,254601,1,0.000
1780711009.800,159.870,254529,254601,1,0.000
1780711009.850,159.921,254529,254601,1,0.000
1780711009.900,159.971,254529,254601,1,0.000
1780711009.950,160.021,254529,254601,1,0.000
1780711010.001,160.072,254529,254601,1,0.000
1780711010.051,160.122,254529,254601,1,0.000
1780711010.101,160.172,254529,254601,1,0.000
1780711010.152,160.222,254529,254601,1,0.000
1780711010.202,160.273,254529,254601,1,0.000
1780711010.252,160.323,254529,254601,1,0.000
1780711010.303,160.373,254529,254601,1,0.000
1780711010.353,160.424,254529,254601,1,0.000
1780711010.403,160.474,254529,254601,1,0.000
1780711010.454,160.524,254529,254601,1,0.000
1780711010.504,160.575,254529,254601,1,0.000
1780711010.554,160.625,254529,254601,1,0.000
1780711010.605,160.675,254529,254601,1,0.000
1780711010.655,160.726,254529,254601,1,0.000
1780711010.705,160.776,254529,254601,1,0.000
1780711010.756,160.826,254529,254601,1,0.000
1780711010.806,160.877,254529,254601,1,0.000
1780711010.856,160.927,254529,254601,1,0.000
1780711010.907,160.977,254529,254601,1,0.000
1780711010.957,161.028,254529,254601,1,0.000
1780711011.007,161.078,254529,254601,1,0.000
1780711011.058,161.129,254529,254601,1,0.000
1780711011.108,161.179,254529,254601,1,0.000
1780711011.158,161.229,254529,254601,1,0.000
1780711011.209,161.279,254529,254601,1,0.000
1780711011.259,161.330,254529,254601,1,0.000
1780711011.309,161.380,254529,254601,1,0.000
1780711011.360,161.430,254529,254601,1,0.000
1780711011.410,161.481,254529,254601,1,0.000
1780711011.460,161.531,254529,254601,1,0.000
1780711011.511,161.581,254529,254601,1,0.000
1780711011.561,161.632,254529,254601,1,0.000
1780711011.611,161.682,254529,254601,1,0.000
1780711011.662,161.732,254529,254601,1,0.000
1780711011.712,161.783,254529,254601,1,0.000
1780711011.762,161.833,254529,254601,1,0.000
1780711011.812,161.883,254529,254601,1,0.000
1780711011.863,161.933,254529,254601,1,0.000
1780711011.913,161.984,254529,254601,1,39.757
1780711011.964,162.034,254529,254601,1,0.000
1780711012.014,162.085,254529,254601,1,0.000
1780711012.064,162.135,254529,254601,1,0.000
1780711012.115,162.185,254529,254601,1,0.000
1780711012.165,162.236,254529,254601,1,0.000
1780711012.215,162.286,254529,254601,1,0.000
1780711012.266,162.336,254529,254601,1,0.000
1780711012.495,162.565,254529,254601,1,0.000
1780711012.545,162.616,254529,254601,1,0.000
1780711012.595,162.666,254529,254601,1,0.000
1780711012.646,162.716,254529,254601,1,0.000
1780711012.696,162.767,254529,254601,1,0.000
1780711012.746,162.817,254529,254601,1,0.000
1780711012.797,162.867,254529,254601,1,0.000
1780711012.847,162.918,254529,254601,1,0.000
1780711012.897,162.968,254529,254601,1,0.000
1780711012.948,163.018,254529,254601,1,0.000
1780711012.998,163.069,254529,254601,1,0.000
1780711013.048,163.119,254529,254601,1,0.000
1780711013.099,163.169,254529,254601,1,0.000
1780711013.149,163.220,254529,254601,1,0.000
1780711013.199,163.270,254529,254601,1,0.000
1780711013.250,163.320,254529,254601,1,0.000
1780711013.300,163.371,254529,254601,1,0.000
1780711013.350,163.421,254529,254601,1,0.000
1780711013.400,163.471,254529,254601,1,0.000
1780711013.451,163.521,254529,254601,1,0.000
1780711013.501,163.572,254529,254601,1,0.000
1780711013.551,163.622,254529,254601,1,0.000
1780711013.602,163.672,254529,254601,1,0.000
1780711013.652,163.723,254529,254601,1,0.000
1780711013.702,163.773,254529,254601,1,0.000
1780711013.753,163.823,254529,254601,1,0.000
1780711013.803,163.874,254529,254601,1,0.000
1780711013.853,163.924,254529,254601,1,0.000
1780711013.904,163.974,254529,254601,1,0.000
1780711013.954,164.025,254529,254601,1,0.000
1780711014.004,164.075,254529,254601,1,0.000
1780711014.055,164.125,254529,254601,1,0.000
1780711014.105,164.176,254529,254601,1,0.000
1780711014.155,164.226,254529,254601,1,0.000
1780711014.206,164.276,254529,254601,1,0.000
1780711014.256,164.327,254529,254601,1,0.000
1780711014.306,164.377,254529,254601,1,0.000
1780711014.357,164.427,254529,254601,1,0.000
1780711014.407,164.478,254529,254601,1,0.000
1780711014.457,164.528,254529,254601,1,0.000
1780711014.507,164.578,254529,254601,1,0.000
1780711014.558,164.629,254529,254601,1,0.000
1780711014.608,164.679,254529,254601,1,0.000
1780711014.658,164.729,254529,254601,1,0.000
1780711014.709,164.779,254529,254601,1,0.000
1780711014.759,164.830,254529,254601,1,0.000
1780711014.810,164.880,254529,254601,1,0.000
1780711014.860,164.931,254529,254601,1,0.000
1780711014.910,164.981,254529,254601,1,0.000
1780711014.961,165.031,254529,254601,1,0.000
1780711015.011,165.082,254529,254601,1,0.000
1780711015.061,165.132,254529,254601,1,0.000
1780711015.112,165.182,254529,254601,1,0.000
1780711015.162,165.233,254529,254601,1,0.000
1780711015.212,165.283,254529,254601,1,0.000
1780711015.262,165.333,254529,254601,1,0.000
1780711015.313,165.383,254529,254601,1,0.000
1780711015.363,165.434,254529,254601,1,0.000
1780711015.413,165.484,254529,254601,1,0.000
1780711015.464,165.534,254529,254601,1,0.000
1780711015.514,165.585,254529,254601,1,0.000
1780711015.564,165.635,254529,254601,1,0.000
1780711015.615,165.685,254529,254601,1,0.000
1780711015.665,165.736,254529,254601,1,0.000
1780711015.715,165.786,254529,254601,1,0.000
1780711015.766,165.836,254529,254601,1,0.000
1780711015.816,165.887,254529,254601,1,0.000
1780711015.866,165.937,254529,254601,1,0.000
1780711015.916,165.987,254529,254601,1,0.000
1780711015.967,166.038,254529,254601,1,0.000
1780711016.017,166.088,254529,254601,1,0.000
1780711016.067,166.138,254529,254601,1,0.000
1780711016.118,166.188,254529,254601,1,0.000
1780711016.168,166.239,254529,254601,1,0.000
1780711016.218,166.289,254529,254601,1,0.000
1780711016.269,166.339,254529,254601,1,0.000
1780711016.319,166.390,254529,254601,1,0.000
1780711016.369,166.440,254529,254601,1,0.000
1780711016.420,166.490,254529,254601,1,0.000
1780711016.470,166.541,254529,254601,1,0.000
1780711016.520,166.591,254529,254601,1,0.000
1780711016.571,166.641,254529,254601,1,0.000
1780711016.621,166.692,254529,254601,1,0.000
1780711016.671,166.742,254529,254601,1,0.000
1780711016.722,166.792,254529,254601,1,0.000
1780711016.772,166.843,254529,254601,1,0.000
1780711016.822,166.893,254529,254601,1,0.000
1780711016.873,166.943,254529,254601,1,0.000
1780711016.923,166.994,254529,254601,1,0.000
1780711016.973,167.044,254529,254601,1,0.000
1780711017.024,167.094,254529,254601,1,0.000
1780711017.074,167.145,254529,254601,1,0.000
1780711017.124,167.195,254529,254601,1,0.000
1780711017.174,167.245,254529,254601,1,0.000
1780711017.225,167.295,254529,254601,1,0.000
1780711017.275,167.346,254529,254601,1,0.000
1780711017.325,167.396,254529,254601,1,0.000
1780711017.376,167.446,254529,254601,1,0.000
1780711017.426,167.497,254529,254601,1,0.000
1780711017.476,167.547,254529,254601,1,0.000
1780711017.527,167.597,254529,254601,1,0.000
1780711017.577,167.648,254529,254601,1,0.000
1780711017.627,167.698,254529,254601,1,0.000
1780711017.678,167.748,254529,254601,1,0.000
1780711017.728,167.799,254529,254601,1,0.000
1780711017.778,167.849,254529,254601,1,0.000
1780711017.829,167.899,254529,254601,1,0.000
1780711017.879,167.950,254529,254601,1,0.000
1780711017.929,168.000,254529,254601,1,0.000
1780711017.980,168.050,254529,254601,1,0.000
1780711018.030,168.101,254529,254601,1,0.000
1780711018.080,168.151,254529,254601,1,0.000
1780711018.131,168.201,254529,254601,1,0.000
1780711018.181,168.252,254529,254601,1,0.000
1780711018.231,168.302,254529,254601,1,0.000
1780711018.282,168.352,254529,254601,1,0.000
1780711018.332,168.403,254529,254601,1,0.000
1780711018.382,168.453,254529,254601,1,0.000
1780711018.433,168.503,254529,254601,1,0.000
1780711018.483,168.554,254529,254601,1,0.000
1780711018.533,168.604,254529,254601,1,0.000
1780711018.584,168.654,254529,254601,1,0.000
1780711018.634,168.705,254529,254601,1,0.000
1780711018.684,168.755,254529,254601,1,0.000
1780711018.735,168.805,254529,254601,1,0.000
1780711018.785,168.856,254529,254601,1,0.000
1780711018.835,168.906,254529,254601,1,0.000
1780711018.886,168.956,254529,254601,1,0.000
1780711018.936,169.007,254529,254601,1,0.000
1780711018.986,169.057,254529,254601,1,0.000
1780711019.037,169.107,254529,254601,1,0.000
1780711019.087,169.158,254529,254601,1,0.000
1780711019.137,169.208,254529,254601,1,0.000
1780711019.188,169.258,254529,254601,1,0.000
1780711019.238,169.309,254529,254601,1,0.000
1780711019.288,169.359,254529,254601,1,0.000
1780711019.339,169.409,254529,254601,1,0.000
1780711019.389,169.460,254529,254601,1,0.000
1780711019.439,169.510,254529,254601,1,0.000
1780711019.490,169.560,254529,254601,1,0.000
1780711019.540,169.611,254529,254601,1,0.000
1780711019.590,169.661,254529,254601,1,0.000
1780711019.641,169.711,254529,254601,1,0.000
1780711019.691,169.762,254529,254601,1,0.000
1780711019.741,169.812,254529,254601,1,0.000
1780711019.792,169.862,254529,254601,1,0.000
1780711019.842,169.913,254529,254601,1,0.000
1780711019.892,169.963,254529,254601,1,0.000
1780711019.942,170.013,254529,254601,1,0.000
1780711019.993,170.064,254529,254601,1,0.000
1780711020.043,170.114,254529,254601,1,0.000
1780711020.093,170.164,254529,254601,1,0.000
1780711020.144,170.214,254529,254601,1,0.000
1780711020.194,170.265,254529,254601,1,0.000
1780711020.244,170.315,254529,254601,1,0.000
1780711020.295,170.365,254529,254601,1,0.000
1780711020.345,170.416,254529,254601,1,0.000
1780711020.395,170.466,254529,254601,1,0.000
1780711020.446,170.516,254529,254601,1,0.000
1780711020.496,170.567,254529,254601,1,0.000
1780711020.546,170.617,254529,254601,1,0.000
1780711020.597,170.667,254529,254601,1,0.000
1780711020.647,170.718,254529,254601,1,0.000
1780711020.697,170.768,254529,254601,1,0.000
1780711020.748,170.818,254529,254601,1,0.000
1780711020.798,170.869,254529,254601,1,0.000
1780711020.849,170.919,254529,254601,1,0.000
1780711020.899,170.970,254529,254601,1,0.000
1780711020.950,171.020,254529,254601,1,0.000
1780711021.000,171.071,254529,254601,1,0.000
1780711021.050,171.121,254529,254601,1,0.000
1780711021.101,171.171,254529,254601,1,0.000
1780711021.151,171.222,254529,254601,1,0.000
1780711021.201,171.272,254529,254601,1,0.000
1780711021.251,171.322,254529,254601,1,0.000
1780711021.302,171.372,254529,254601,1,0.000
1780711021.352,171.423,254529,254601,1,0.000
1780711021.402,171.473,254529,254601,1,0.000
1780711021.453,171.523,254529,254601,1,0.000
1780711021.503,171.574,254529,254601,1,0.000
1780711021.553,171.624,254529,254601,1,0.000
1780711021.604,171.674,254529,254601,1,0.000
1780711021.654,171.725,254529,254601,1,0.000
1780711021.704,171.775,254529,254601,1,0.000
1780711021.755,171.825,254529,254601,1,0.000
1780711021.805,171.876,254529,254601,1,0.000
1780711021.855,171.926,254529,254601,1,0.000
1780711021.906,171.976,254529,254601,1,0.000
1780711021.956,172.027,254529,254601,1,0.000
1780711022.006,172.077,254529,254601,1,0.000
1780711022.057,172.127,254529,254601,1,0.000
1780711022.107,172.178,254529,254601,1,0.000
1780711022.157,172.228,254529,254601,1,0.000
1780711022.207,172.278,254529,254601,1,0.000
1780711022.258,172.328,254529,254601,1,0.000
1780711022.308,172.379,254529,254601,1,0.000
1780711022.358,172.429,254529,254601,1,0.000
1780711022.409,172.479,254529,254601,1,0.000
1780711022.459,172.530,254529,254601,1,0.000
1780711022.509,172.580,254529,254601,1,0.000
1780711022.560,172.630,254529,254601,1,0.000
1780711022.610,172.681,254529,254601,1,0.000
1780711022.660,172.731,254529,254601,1,0.000
1780711022.711,172.781,254529,254601,1,0.000
1780711022.761,172.832,254529,254601,1,0.000
1780711022.811,172.882,254529,254601,1,0.000
1780711022.862,172.932,254529,254601,1,0.000
1780711022.912,172.983,254529,254601,1,0.000
1780711022.962,173.033,254529,254601,1,0.000
1780711023.013,173.083,254529,254601,1,0.000
1780711023.063,173.134,254529,254601,1,0.000
1780711023.113,173.184,254529,254601,1,0.000
1780711023.163,173.234,254529,254601,1,0.000
1780711023.214,173.284,254529,254601,1,0.000
1780711023.264,173.335,254529,254601,1,0.000
1780711023.314,173.385,254529,254601,1,0.000
1780711023.365,173.435,254529,254601,1,0.000
1780711023.415,173.486,254529,254601,1,0.000
1780711023.465,173.536,254529,254601,1,0.000
1780711023.516,173.586,254529,254601,1,0.000
1780711023.566,173.637,254529,254601,1,0.000
1780711023.616,173.687,254529,254601,1,0.000
1780711023.667,173.737,254529,254601,1,0.000
1780711023.717,173.788,254529,254601,1,0.000
1780711023.767,173.838,254529,254601,1,0.000
1780711023.817,173.888,254529,254601,1,0.000
1780711023.868,173.938,254529,254601,1,0.000
1780711023.918,173.989,254529,254601,1,0.000
1780711023.968,174.039,254529,254601,1,0.000
1780711024.019,174.089,254529,254601,1,0.000
1780711024.069,174.140,254529,254601,1,0.000
1780711024.119,174.190,254529,254601,1,0.000
1780711024.170,174.240,254529,254601,1,0.000
1780711024.220,174.291,254529,254601,1,0.000
1780711024.270,174.341,254529,254601,1,0.000
1780711024.321,174.391,254529,254601,1,0.000
1780711024.371,174.442,254529,254601,1,0.000
1780711024.421,174.492,254529,254601,1,0.000
1780711024.472,174.542,254529,254601,1,0.000
1780711024.522,174.593,254529,254601,1,0.000
1780711024.572,174.643,254529,254601,1,0.000
1780711024.623,174.693,254529,254601,1,0.000
1780711024.673,174.744,254529,254601,1,0.000
1780711024.723,174.794,254529,254601,1,0.000
1780711024.774,174.844,254529,254601,1,0.000
1780711024.824,174.895,254529,254601,1,0.000
1780711024.874,174.945,254529,254601,1,0.000
1780711024.925,174.995,254529,254601,1,0.000
1780711024.975,175.046,254529,254601,1,0.000
1780711025.025,175.096,254529,254601,1,0.000
1780711025.076,175.146,254529,254601,1,0.000
1780711025.126,175.197,254529,254601,1,0.000
1780711025.176,175.247,254529,254601,1,0.000
1780711025.227,175.297,254529,254601,1,0.000
1780711025.277,175.348,254529,254601,1,0.000
1780711025.327,175.398,254529,254601,1,0.000
1780711025.377,175.448,254529,254601,1,0.000
1780711025.428,175.498,254529,254601,1,0.000
1780711025.478,175.549,254529,254601,1,0.000
1780711025.528,175.599,254529,254601,1,0.000
1780711025.579,175.649,254529,254601,1,0.000
1780711025.629,175.700,254529,254601,1,0.000
1780711025.679,175.750,254529,254601,1,0.000
1780711025.730,175.800,254529,254601,1,0.000
1780711025.780,175.851,254529,254601,1,0.000
1780711025.830,175.901,254529,254601,1,0.000
1780711025.881,175.951,254529,254601,1,0.000
1780711025.931,176.002,254529,254601,1,0.000
1780711025.981,176.052,254529,254601,1,0.000
1780711026.032,176.102,254529,254601,1,0.000
1780711026.082,176.153,254529,254601,1,0.000
1780711026.132,176.203,254529,254601,1,0.000
1780711026.182,176.253,254529,254601,1,0.000
1780711026.233,176.304,254529,254601,1,0.000
1780711026.283,176.354,254529,254601,1,0.000
1780711026.333,176.404,254529,254601,1,0.000
1780711026.384,176.454,254529,254601,1,0.000
1780711026.434,176.505,254529,254601,1,0.000
1780711026.484,176.555,254529,254601,1,0.000
1780711026.535,176.605,254529,254601,1,0.000
1780711026.585,176.656,254529,254601,1,0.000
1780711026.635,176.706,254529,254601,1,0.000
1780711026.686,176.756,254529,254601,1,0.000
1780711026.736,176.807,254529,254601,1,0.000
1780711026.786,176.857,254529,254601,1,0.000
1780711026.837,176.907,254529,254601,1,0.000
1780711026.887,176.958,254529,254601,1,0.000
1780711026.937,177.008,254529,254601,1,0.000
1780711026.988,177.058,254529,254601,1,0.000
1780711027.038,177.109,254529,254601,1,0.000
1780711027.088,177.159,254529,254601,1,0.000
1780711027.139,177.209,254529,254601,1,0.000
1780711027.189,177.260,254529,254601,1,0.000
1780711027.239,177.310,254529,254601,1,0.000
1780711027.289,177.360,254529,254601,1,0.000
1780711027.340,177.410,254529,254601,1,0.000
1780711027.390,177.461,254529,254601,1,0.000
1780711027.440,177.511,254529,254601,1,0.000
1780711027.491,177.561,254529,254601,1,0.000
1780711027.541,177.612,254529,254601,1,0.000
1780711027.591,177.662,254529,254601,1,0.000
1780711027.642,177.712,254529,254601,1,0.000
1780711027.692,177.763,254529,254601,1,0.000
1780711027.742,177.813,254529,254601,1,0.000
1780711027.793,177.863,254529,254601,1,0.000
1780711027.843,177.914,254529,254601,1,0.000
1780711027.893,177.964,254529,254601,1,0.000
1780711027.943,178.014,254529,254601,1,0.000
1780711027.994,178.065,254529,254601,1,0.000
1780711028.044,178.115,254529,254601,1,0.000
1780711028.094,178.165,254529,254601,1,0.000
1780711028.145,178.215,254529,254601,1,0.000
1780711028.195,178.266,254529,254601,1,0.000
1780711028.245,178.316,254529,254601,1,0.000
1780711028.296,178.366,254529,254601,1,0.000
1780711028.346,178.417,254529,254601,1,0.000
1780711028.396,178.467,254529,254601,1,0.000
1780711028.447,178.517,254529,254601,1,0.000
1780711028.497,178.568,254529,254601,1,0.000
1780711028.547,178.618,254529,254601,1,0.000
1780711028.598,178.668,254529,254601,1,0.000
1780711028.648,178.719,254529,254601,1,0.000
1780711028.698,178.769,254529,254601,1,0.000
1780711028.748,178.819,254529,254601,1,0.000
1780711028.799,178.870,254529,254601,1,0.000
1780711028.849,178.920,254529,254601,1,0.000
1780711028.900,178.970,254529,254601,1,0.000
1780711028.950,179.021,254529,254601,1,0.000
1780711029.000,179.071,254529,254601,1,0.000
1780711029.050,179.121,254529,254601,1,0.000
1780711029.101,179.172,254529,254601,1,0.000
1780711029.151,179.222,254529,254601,1,0.000
1780711029.201,179.272,254529,254601,1,0.000
1780711029.252,179.322,254529,254601,1,0.000
1780711029.302,179.373,254529,254601,1,0.000
1780711029.352,179.423,254529,254601,1,0.000
1780711029.403,179.473,254529,254601,1,0.000
1780711029.453,179.524,254529,254601,1,0.000
1780711029.503,179.574,254529,254601,1,0.000
1780711029.554,179.624,254529,254601,1,0.000
1780711029.604,179.675,254529,254601,1,0.000
1780711029.654,179.725,254529,254601,1,0.000
1780711029.705,179.775,254529,254601,1,0.000
1780711029.755,179.826,254529,254601,1,0.000
1780711029.805,179.876,254529,254601,1,0.000
1780711029.855,179.926,254529,254601,1,0.000
1780711029.906,179.976,254529,254601,1,0.000
1780711029.956,180.027,254529,254601,1,0.000
1780711030.006,180.077,254529,254601,1,0.000
1780711030.057,180.128,254529,254601,1,0.000
1780711030.107,180.178,254529,254601,1,0.000
1780711030.157,180.228,254529,254601,1,0.000
1780711030.208,180.279,254529,254601,1,0.000
1780711030.258,180.329,254529,254601,1,0.000
1780711030.308,180.379,254529,254601,1,0.000
1780711030.359,180.429,254529,254601,1,0.000
1780711030.409,180.480,254529,254601,1,0.000
1780711030.459,180.530,254529,254601,1,0.000
1780711030.510,180.580,254529,254601,1,0.000
1780711030.560,180.631,254529,254601,1,0.000
1780711030.610,180.681,254529,254601,1,0.000
1780711030.661,180.731,254529,254601,1,0.000
1780711030.711,180.782,254529,254601,1,0.000
1780711030.761,180.832,254529,254601,1,0.000
1780711030.811,180.882,254529,254601,1,0.000
1780711030.862,180.932,254529,254601,1,0.000
1780711030.912,180.983,254529,254601,1,0.000
1780711030.962,181.033,254529,254601,1,0.000
1780711031.013,181.083,254529,254601,1,0.000
1780711031.063,181.134,254529,254601,1,0.000
1780711031.113,181.184,254529,254601,1,0.000
1780711031.164,181.234,254529,254601,1,0.000
1780711031.214,181.285,254529,254601,1,0.000
1780711031.264,181.335,254529,254601,1,0.000
1780711031.315,181.385,254529,254601,1,0.000
1780711031.365,181.436,254529,254601,1,0.000
1780711031.415,181.486,254529,254601,1,0.000
1780711031.465,181.536,254529,254601,1,0.000
1780711031.516,181.586,254529,254601,1,0.000
1780711031.566,181.637,254529,254601,1,0.000
1780711031.616,181.687,254529,254601,1,0.000
1780711031.667,181.737,254529,254601,1,0.000
1780711031.717,181.788,254529,254601,1,0.000
1780711031.767,181.838,254529,254601,1,0.000
1780711031.818,181.888,254529,254601,1,0.000
1780711031.868,181.939,254529,254601,1,0.000
1780711031.918,181.989,254529,254601,1,0.000
1780711031.969,182.039,254529,254601,1,0.000
1780711032.019,182.090,254529,254601,1,0.000
1780711032.069,182.140,254529,254601,1,0.000
1780711032.119,182.190,254529,254601,1,0.000
1780711032.170,182.241,254529,254601,1,0.000
1780711032.220,182.291,254529,254601,1,0.000
1780711032.270,182.341,254529,254601,1,0.000
1780711032.321,182.392,254529,254601,1,0.000
1780711032.371,182.442,254529,254601,1,0.000
1780711032.421,182.492,254529,254601,1,0.000
1780711032.472,182.542,254529,254601,1,0.000
1780711032.522,182.593,254529,254601,1,0.000
1780711032.572,182.643,254529,254601,1,0.000
1780711032.623,182.693,254529,254601,1,0.000
1780711032.673,182.744,254529,254601,1,0.000
1780711032.723,182.794,254529,254601,2,0.000
1780711034.169,184.240,254529,254601,2,0.692
1780711034.220,184.290,254529,254601,2,0.000
1780711034.270,184.341,254529,254601,2,0.000
1780711034.320,184.391,254529,254601,2,0.000
1780711034.371,184.441,254529,254601,2,0.000
1780711034.421,184.492,254529,254601,2,0.000
1780711034.471,184.542,254529,254601,2,0.000
1780711034.521,184.592,254529,254601,2,0.000
1780711034.572,184.642,254529,254601,2,0.000
1780711034.622,184.693,254529,254601,2,0.000
1780711034.672,184.743,254529,254601,2,0.000
1780711034.723,184.793,254529,254601,2,0.000
1780711034.773,184.844,254529,254601,2,0.000
1780711034.823,184.894,254529,254601,2,0.000
1780711034.874,184.944,254529,254601,2,0.000
1780711034.924,184.995,254529,254601,2,0.000
1780711034.975,185.045,254529,254601,2,0.000
1780711035.025,185.096,254529,254601,2,0.000
1780711035.075,185.146,254529,254601,2,0.000
1780711035.126,185.196,254529,254601,2,0.000
1780711035.176,185.247,254529,254601,2,0.000
1780711035.226,185.297,254529,254601,2,0.000
1780711035.277,185.347,254529,254601,2,0.000
1780711035.327,185.398,254529,254601,2,0.000
1780711035.377,185.448,254529,254601,2,0.000
1780711035.427,185.498,254529,254601,2,0.000
1780711035.478,185.548,254529,254601,2,0.000
1780711035.528,185.599,254529,254601,2,0.000
1780711035.578,185.649,254529,254601,2,0.000
1780711035.629,185.699,254529,254601,2,0.000
1780711035.679,185.750,254529,254601,2,0.000
1780711035.729,185.800,254529,254601,2,0.000
1780711035.780,185.850,254529,254601,2,0.000
1780711035.830,185.901,254529,254601,2,0.000
1780711035.880,185.951,254529,254601,2,0.000
1780711035.930,186.001,254529,254601,2,0.000
1780711035.981,186.052,254529,254601,2,0.000
1780711036.031,186.102,254529,254601,2,0.000
1780711036.082,186.152,254529,254601,2,0.000
1780711036.132,186.203,254529,254601,2,0.000
1780711036.182,186.253,254529,254601,2,0.000
1780711036.233,186.303,254529,254601,2,0.000
1780711036.283,186.354,254529,254601,2,0.000
1780711036.333,186.404,254529,254601,2,0.000
1780711036.383,186.454,254529,254601,2,0.000
1780711036.434,186.504,254529,254601,2,0.000
1780711036.484,186.555,254529,254601,2,0.000
1780711036.534,186.605,254529,254601,2,0.000
1780711036.585,186.655,254529,254601,2,0.000
1780711036.635,186.706,254529,254601,2,0.000
1780711036.685,186.756,254529,254601,2,0.000
1780711036.736,186.806,254529,254601,2,0.000
1780711036.786,186.857,254529,254601,2,0.000
1780711036.836,186.907,254529,254601,2,0.000
1780711036.887,186.957,254529,254601,2,0.000
1780711036.937,187.008,254529,254601,2,0.000
1780711036.987,187.058,254529,254601,2,0.000
1780711037.037,187.108,254529,254601,2,0.000
1780711037.088,187.158,254529,254601,2,0.000
1780711037.138,187.209,254529,254601,2,0.000
1780711037.188,187.259,254529,254601,2,0.000
1780711037.239,187.309,254529,254601,2,0.000
1780711037.289,187.360,254529,254601,2,0.000
1780711037.339,187.410,254529,254601,2,0.000
1780711037.390,187.460,254529,254601,2,0.000
1780711037.440,187.511,254529,254601,2,0.000
1780711037.490,187.561,254529,254601,2,0.000
1780711037.541,187.611,254529,254601,2,0.000
1780711037.591,187.662,254529,254601,2,0.000
1780711037.641,187.712,254529,254601,2,0.000
1780711037.692,187.762,254529,254601,2,0.000
1780711037.742,187.813,254529,254601,2,0.000
1780711037.792,187.863,254529,254601,2,0.000
1780711037.843,187.913,254529,254601,2,0.000
1780711037.893,187.964,254529,254601,2,0.000
1780711037.943,188.014,254529,254601,2,0.000
1780711037.993,188.064,254529,254601,2,0.000
1780711038.044,188.114,254529,254601,2,0.000
1780711038.094,188.165,254529,254601,2,0.000
1780711038.144,188.215,254529,254601,2,0.000
1780711038.195,188.265,254529,254601,2,0.000
1780711038.245,188.316,254529,254601,2,0.000
1780711038.295,188.366,254529,254601,2,0.000
1780711038.346,188.416,254529,254601,2,0.000
1780711038.396,188.467,254529,254601,2,0.000
1780711038.446,188.517,254529,254601,2,0.000
1780711038.497,188.567,254529,254601,2,0.000
1780711038.547,188.618,254529,254601,2,0.000
1780711038.597,188.668,254529,254601,2,0.000
1780711038.647,188.718,254529,254601,2,0.000
1780711038.698,188.768,254529,254601,2,0.000
1780711038.748,188.819,254529,254601,2,0.000
1780711038.798,188.869,254529,254601,2,0.000
1780711038.849,188.919,254529,254601,2,0.000
1780711038.899,188.970,254529,254601,2,0.000
1780711038.949,189.020,254529,254601,2,0.000
1780711039.000,189.070,254529,254601,2,0.000
1780711039.050,189.121,254529,254601,2,0.000
1780711039.100,189.171,254529,254601,2,0.000
1780711039.151,189.221,254529,254601,2,0.000
1780711039.201,189.272,254529,254601,2,0.000
1780711039.251,189.322,254529,254601,2,0.000
1780711039.302,189.372,254529,254601,2,0.000
1780711039.352,189.423,254529,254601,2,0.000
1780711039.402,189.473,254529,254601,2,0.000
1780711039.453,189.523,254529,254601,2,0.000
1780711039.503,189.574,254529,254601,2,0.000
1780711039.553,189.624,254529,254601,2,0.000
1780711039.604,189.674,254529,254601,2,0.000
1780711039.654,189.725,254529,254601,2,0.000
1780711039.704,189.775,254529,254601,2,0.000
1780711039.754,189.825,254529,254601,2,0.000
1780711039.805,189.875,254529,254601,2,0.000
1780711039.855,189.926,254529,254601,2,0.000
1780711039.905,189.976,254529,254601,2,0.000
1780711039.956,190.026,254529,254601,2,0.000
1780711040.006,190.077,254529,254601,2,0.000
1780711040.056,190.127,254529,254601,2,0.000
1780711040.107,190.177,254529,254601,2,0.000
1780711040.157,190.228,254529,254601,2,0.000
1780711040.207,190.278,254529,254601,2,0.000
1780711040.258,190.328,254529,254601,2,0.000
1780711040.308,190.379,254529,254601,2,0.000
1780711040.358,190.429,254529,254601,2,0.000
1780711040.409,190.479,254529,254601,2,0.000
1780711040.459,190.530,254529,254601,2,0.000
1780711040.509,190.580,254529,254601,2,0.000
1780711040.559,190.630,254529,254601,2,0.000
1780711040.610,190.680,254529,254601,2,0.000
1780711040.660,190.731,254529,254601,2,0.000
1780711040.710,190.781,254529,254601,2,0.000
1780711040.761,190.831,254529,254601,2,0.000
1780711040.811,190.882,254529,254601,2,0.000
1780711040.861,190.932,254529,254601,2,0.000
1780711040.912,190.982,254529,254601,2,0.000
1780711040.962,191.033,254529,254601,2,0.000
1780711041.012,191.083,254529,254601,2,0.000
1780711041.063,191.133,254529,254601,2,0.000
1780711041.113,191.184,254529,254601,2,0.000
1780711041.163,191.234,254529,254601,2,0.000
1780711041.213,191.284,254529,254601,2,0.000
1780711041.264,191.334,254529,254601,2,0.000
1780711041.314,191.385,254529,254601,2,0.000
1780711041.364,191.435,254529,254601,2,0.000
1780711041.415,191.485,254529,254601,2,0.000
1780711041.465,191.536,254529,254601,2,0.000
1780711041.515,191.586,254529,254601,2,0.000
1780711041.566,191.636,254529,254601,2,0.000
1780711041.616,191.687,254529,254601,2,0.000
1780711041.666,191.737,254529,254601,2,0.000
1780711041.717,191.787,254529,254601,2,0.000
1780711041.767,191.838,254529,254601,2,0.000
1780711041.817,191.888,254529,254601,2,0.000
1780711041.867,191.938,254529,254601,2,0.000
1780711041.918,191.988,254529,254601,2,0.000
1780711041.968,192.039,254529,254601,2,0.000
1780711042.018,192.089,254529,254601,2,0.000
1780711042.069,192.140,254529,254601,2,0.000
1780711042.119,192.190,254529,254601,2,0.000
1780711042.169,192.240,254529,254601,2,0.000
1780711042.220,192.291,254529,254601,2,0.000
1780711042.270,192.341,254529,254601,2,0.000
1780711042.320,192.391,254529,254601,2,0.000
1780711042.371,192.441,254529,254601,2,0.000
1780711042.421,192.492,254529,254601,2,0.000
1780711042.471,192.542,254529,254601,2,0.000
1780711042.522,192.592,254529,254601,2,0.000
1780711042.572,192.643,254529,254601,2,0.000
1780711042.622,192.693,254529,254601,2,0.000
1780711042.673,192.743,254529,254601,2,0.000
1780711042.723,192.794,254529,254601,2,19.881
1780711042.773,192.844,254529,254601,2,0.000
1780711042.824,192.894,254529,254601,2,0.000
1780711042.874,192.945,254529,254601,2,0.000
1780711042.924,192.995,254529,254601,2,0.000
1780711042.975,193.045,254529,254601,2,0.000
1780711043.025,193.096,254529,254601,2,0.000
1780711043.075,193.146,254529,254601,2,0.000
1780711043.126,193.197,254529,254601,2,0.000
1780711043.176,193.247,254529,254601,2,0.000
1780711043.227,193.297,254529,254601,2,0.000
1780711043.277,193.348,254529,254601,2,0.000
1780711043.327,193.398,254529,254601,2,0.000
1780711043.377,193.448,254529,254601,2,0.000
1780711043.428,193.498,254529,254601,2,0.000
1780711043.478,193.549,254529,254601,2,0.000
1780711043.528,193.599,254529,254601,2,0.000
1780711043.579,193.649,254529,254601,2,0.000
1780711043.629,193.700,254529,254601,2,0.000
1780711043.679,193.750,254529,254601,2,0.000
1780711043.730,193.800,254529,254601,2,0.000
1780711059.563,209.634,254529,254601,1,0.063
1780711059.614,209.685,254529,254601,1,0.000
1780711059.664,209.735,254529,254601,1,0.000
1780711059.714,209.785,254529,254601,1,0.000
1780711059.765,209.835,254529,254601,1,0.000
1780711059.815,209.886,254529,254601,1,0.000
1780711059.865,209.936,254529,254601,1,0.000
1780711059.916,209.986,254529,254601,1,0.000
1780711059.966,210.037,254529,254601,1,0.000
1780711060.016,210.087,254529,254601,1,0.000
1780711060.067,210.137,254529,254601,1,0.000
1780711060.117,210.188,254529,254601,1,0.000
1780711060.167,210.238,254529,254601,1,0.000
1780711060.218,210.288,254529,254601,1,0.000
1780711060.268,210.339,254529,254601,1,0.000
1780711060.318,210.389,254529,254601,1,0.000
1780711060.369,210.439,254529,254601,1,0.000
1780711060.419,210.490,254529,254601,1,0.000
1780711060.469,210.540,254529,254601,1,0.000
1780711060.520,210.590,254529,254601,1,0.000
1780711060.570,210.641,254529,254601,1,0.000
1780711060.620,210.691,254529,254601,1,0.000
1780711060.671,210.741,254529,254601,1,0.000
1780711060.721,210.792,254529,254601,1,0.000
1780711060.771,210.842,254529,254601,1,0.000
1780711060.821,210.892,254529,254601,1,0.000
1780711060.872,210.942,254529,254601,1,0.000
1780711060.922,210.993,254529,254601,1,0.000
1780711060.972,211.043,254529,254601,1,0.000
1780711061.023,211.093,254529,254601,1,0.000
1780711061.073,211.144,254529,254601,1,0.000
1780711061.123,211.194,254529,254601,1,0.000
1780711061.174,211.244,254529,254601,1,0.000
1780711061.224,211.295,254529,254601,1,0.000
1780711061.274,211.345,254529,254601,1,0.000
1780711061.325,211.395,254529,254601,1,0.000
1780711061.375,211.446,254529,254601,1,0.000
1780711061.425,211.496,254529,254601,1,0.000
1780711061.476,211.546,254529,254601,1,0.000
1780711061.526,211.597,254529,254601,1,0.000
1780711061.576,211.647,254529,254601,1,0.000
1780711061.627,211.697,254529,254601,1,0.000
1780711061.677,211.748,254529,254601,1,0.000
1780711061.727,211.798,254529,254601,1,0.000
1780711061.778,211.848,254529,254601,1,0.000
1780711061.828,211.899,254529,254601,1,0.000
1780711061.878,211.949,254529,254601,1,0.000
1780711061.929,211.999,254529,254601,1,0.000
1780711061.979,212.050,254529,254601,1,0.000
1780711062.029,212.100,254529,254601,1,0.000
1780711062.080,212.150,254529,254601,1,0.000
1780711062.130,212.201,254529,254601,1,0.000
1780711062.180,212.251,254529,254601,1,0.000
1780711062.231,212.301,254529,254601,1,0.000
1780711062.281,212.352,254529,254601,1,0.000
1780711062.331,212.402,254529,254601,1,0.000
1780711062.382,212.452,254529,254601,1,0.000
1780711062.432,212.503,254529,254601,1,0.000
1780711062.482,212.553,254529,254601,1,0.000
1780711062.533,212.603,254529,254601,1,0.000
1780711062.583,212.654,254529,254601,1,0.000
1780711062.633,212.704,254529,254601,1,0.000
1780711062.684,212.754,254529,254601,1,0.000
1780711062.734,212.805,254529,254601,1,0.000
1780711062.784,212.855,254529,254601,1,0.000
1780711062.834,212.905,254529,254601,1,0.000
1780711062.885,212.956,254529,254601,1,0.000
1780711062.935,213.006,254529,254601,1,0.000
1780711062.986,213.056,254529,254601,1,0.000
1780711063.036,213.107,254529,254601,1,0.000
1780711063.086,213.157,254529,254601,1,0.000
1780711063.136,213.207,254529,254601,1,0.000
1780711063.187,213.258,254529,254601,1,0.000
1780711063.237,213.308,254529,254601,1,0.000
1780711063.287,213.358,254529,254601,1,0.000
1780711063.338,213.408,254529,254601,1,0.000
1780711063.388,213.459,254529,254601,1,0.000
1780711063.438,213.509,254529,254601,1,0.000
1780711063.489,213.559,254529,254601,1,0.000
1780711063.539,213.610,254529,254601,1,0.000
1780711063.589,213.660,254529,254601,1,0.000
1780711063.640,213.710,254529,254601,1,0.000
1780711063.690,213.761,254529,254601,1,0.000
1780711063.740,213.811,254529,254601,1,0.000
1780711063.791,213.861,254529,254601,1,0.000
1780711063.841,213.912,254529,254601,1,0.000
1780711063.891,213.962,254529,254601,1,0.000
1780711063.941,214.012,254529,254601,1,0.000
1780711063.992,214.063,254529,254601,1,0.000
1780711064.042,214.113,254529,254601,1,0.000
1780711064.092,214.163,254529,254601,1,0.000
1780711064.143,214.213,254529,254601,1,0.000
1780711064.193,214.264,254529,254601,1,0.000
1780711064.243,214.314,254529,254601,1,0.000
1780711064.294,214.364,254529,254601,1,0.000
1780711064.344,214.415,254529,254601,1,0.000
1780711064.394,214.465,254529,254601,1,0.000
1780711064.445,214.515,254529,254601,1,0.000
1780711064.495,214.566,254529,254601,1,0.000
1780711064.545,214.616,254529,254601,1,0.000
1780711064.596,214.666,254529,254601,1,0.000
1780711064.646,214.717,254529,254601,1,0.000
1780711064.696,214.767,254529,254601,1,0.000
1780711064.747,214.817,254529,254601,1,0.000
1780711064.797,214.868,254529,254601,1,0.000
1780711064.847,214.918,254529,254601,1,0.000
1780711064.897,214.968,254529,254601,1,0.000
1780711064.948,215.019,254529,254601,1,0.000
1780711064.998,215.069,254529,254601,1,0.000
1780711065.048,215.119,254529,254601,1,0.000
1780711065.099,215.170,254529,254601,1,0.000
1780711065.149,215.220,254529,254601,1,0.000
1780711065.199,215.270,254529,254601,1,0.000
1780711065.250,215.320,254529,254601,1,0.000
1780711065.300,215.371,254529,254601,1,0.000
1780711065.350,215.421,254529,254601,1,0.000
1780711065.401,215.471,254529,254601,1,0.000
1780711065.451,215.522,254529,254601,1,0.000
1780711065.501,215.572,254529,254601,1,0.000
1780711065.552,215.622,254529,254601,1,0.000
1780711065.602,215.673,254529,254601,1,0.000
1780711065.652,215.723,254529,254601,1,0.000
1780711065.703,215.773,254529,254601,1,0.000
1780711065.753,215.824,254529,254601,1,0.000
1780711065.803,215.874,254529,254601,1,0.000
1780711065.853,215.924,254529,254601,1,0.000
1780711065.904,215.974,254529,254601,1,0.000
1780711065.954,216.025,254529,254601,1,0.000
1780711066.004,216.075,254529,254601,1,0.000
1780711066.055,216.126,254529,254601,1,0.000
1780711066.105,216.176,254529,254601,1,0.000
1780711066.155,216.226,254529,254601,1,0.000
1780711066.206,216.276,254529,254601,1,0.000
1780711066.256,216.327,254529,254601,1,0.000
1780711066.306,216.377,254529,254601,1,0.000
1780711066.357,216.427,254529,254601,1,0.000
1780711066.407,216.478,254529,254601,1,0.000
1780711066.457,216.528,254529,254601,1,0.000
1780711066.508,216.578,254529,254601,1,0.000
1780711066.558,216.629,254529,254601,1,0.000
1780711066.608,216.679,254529,254601,1,0.000
1780711066.659,216.729,254529,254601,1,0.000
1780711066.709,216.780,254529,254601,1,0.000
1780711066.759,216.830,254529,254601,1,0.000
1780711066.810,216.880,254529,254601,1,0.000
1780711066.860,216.931,254529,254601,1,0.000
1780711066.910,216.981,254529,254601,1,0.000
1780711066.961,217.031,254529,254601,1,0.000
1780711067.011,217.082,254529,254601,1,0.000
1780711067.061,217.132,254529,254601,1,0.000
1780711067.112,217.182,254529,254601,1,0.000
1780711067.162,217.233,254529,254601,1,0.000
1780711067.212,217.283,254529,254601,1,0.000
1780711067.263,217.333,254529,254601,1,0.000
1780711067.313,217.384,254529,254601,1,0.000
1780711067.363,217.434,254529,254601,1,0.000
1780711067.414,217.484,254529,254601,1,0.000
1780711067.464,217.535,254529,254601,1,0.000
1780711067.514,217.585,254529,254601,1,0.000
1780711067.565,217.635,254529,254601,1,0.000
1780711067.615,217.686,254529,254601,1,0.000
1780711067.665,217.736,254529,254601,1,0.000
1780711067.716,217.786,254529,254601,1,0.000
1780711067.766,217.837,254529,254601,1,0.000
1780711067.816,217.887,254529,254601,1,0.000
1780711067.867,217.937,254529,254601,1,0.000
1780711067.917,217.988,254529,254601,1,0.000
1780711067.967,218.038,254529,254601,1,0.000
1780711068.018,218.088,254529,254601,1,0.000
1780711068.068,218.139,254529,254601,1,0.000
1780711068.118,218.189,254529,254601,1,0.000
1780711068.168,218.239,254529,254601,1,0.000
