frame,ts_capture,ts_yolo_shm_read,ts_yolo_preprocess_done,ts_inference_start,ts_inference_done,ts_nms_done,ts_yolo_shm_write,frame_hash,capture_read_ms,preprocess_ms,inference_ms,nms_ms,shmwrite_ms,e2e_capture_to_commit_ms,n_dets
1,58636268095219,58636273875885,58636273883404,58636273883404,58636284882883,58636284890698,58636284957791,927198274,5.7807,0.0075,10.9995,0.0078,0.0671,16.8626,0
2,58636294071338,58636298244796,58636298251203,58636298251203,58636309663851,58636309671277,58636309713184,927198274,4.1735,0.0064,11.4126,0.0074,0.0419,15.6418,0
3,58636342643066,58636347099970,58636347105877,58636347105877,58636360972495,58636360978236,58636361024032,927198274,4.4569,0.0059,13.8666,0.0057,0.0458,18.3810,0
4,58636393295764,58636397216203,58636397221629,58636397221629,58636408792036,58636408795628,58636408825314,927198274,3.9204,0.0054,11.5704,0.0036,0.0297,15.5296,0
5,58636457931321,58636462098316,58636462108242,58636462108242,58636474889931,58636474902634,58636474939875,927198274,4.1670,0.0099,12.7817,0.0127,0.0372,17.0086,0
6,58636511917808,58636515305059,58636515308800,58636515308800,58636526673558,58636526677966,58636526708447,927198274,3.3873,0.0037,11.3648,0.0044,0.0305,14.7906,0
7,58636578292796,58636581290380,58636581294880,58636581294880,58636592787324,58636592791435,58636592820787,927198274,2.9976,0.0045,11.4924,0.0041,0.0294,14.5280,0
8,58636638773895,58636642094110,58636642097795,58636642097795,58636653813036,58636653817017,58636653845758,2425169191,3.3202,0.0037,11.7152,0.0040,0.0287,15.0719,0
9,58636735481128,58636739491604,58636739497123,58636739497123,58636754527448,58636754531504,58636754613134,2936694945,4.0105,0.0055,15.0303,0.0041,0.0816,19.1320,0
10,58636765191667,58636768216881,58636768221806,58636768221806,58636780750124,58636780786754,58636780831791,2478452997,3.0252,0.0049,12.5283,0.0366,0.0450,15.6401,0
11,58636827920959,58636830934672,58636830939228,58636830939228,58636843765046,58636843769491,58636843808287,526892266,3.0137,0.0046,12.8258,0.0044,0.0388,15.8873,0
12,58636929072873,58636932423272,58636932427513,58636932427513,58636948704305,58636948710509,58636948750750,526892266,3.3504,0.0042,16.2768,0.0062,0.0402,19.6779,0
13,58636949666975,58636952612985,58636952618114,58636952618114,58636964775671,58636964780394,58636964812023,526892266,2.9460,0.0051,12.1576,0.0047,0.0316,15.1450,0
14,58637008708385,58637011884358,58637011888413,58637011888413,58637024357972,58637024362379,58637024389101,526892266,3.1760,0.0041,12.4696,0.0044,0.0267,15.6807,0
15,58637078873126,58637081993710,58637081998229,58637081998229,58637094751028,58637094755528,58637094784269,526892266,3.1206,0.0045,12.7528,0.0045,0.0287,15.9111,0
16,58637144420205,58637147724123,58637147730678,58637147730678,58637160569997,58637160576163,58637160611256,3072016043,3.3039,0.0066,12.8393,0.0062,0.0351,16.1911,0
17,58637217137047,58637220409131,58637220413113,58637220413113,58637233138116,58637233142801,58637233175523,102440874,3.2721,0.0040,12.7250,0.0047,0.0327,16.0385,0
18,58637270944903,58637274991490,58637274996360,58637274996360,58637287777567,58637287781715,58637287812734,388186427,4.0466,0.0049,12.7812,0.0041,0.0310,16.8678,0
19,58637324789537,58637328166029,58637328170270,58637328170270,58637340998477,58637341002329,58637341033181,3029660368,3.3765,0.0042,12.8282,0.0039,0.0309,16.2436,0
20,58637380943326,58637384179114,58637384183707,58637384183707,58637397526564,58637397561823,58637397595101,1959725937,3.2358,0.0046,13.3429,0.0353,0.0333,16.6518,0
21,58637445747569,58637448634319,58637448638411,58637448638411,58637462895345,58637462900031,58637462940827,1959725937,2.8868,0.0041,14.2569,0.0047,0.0408,17.1933,0
22,58637508622046,58637512862819,58637512869615,58637512869615,58637535253908,58637535260279,58637535332483,1959725937,4.2408,0.0068,22.3843,0.0064,0.0722,26.7104,0
23,58637590749899,58637595509600,58637595514711,58637595514711,58637611092075,58637611098464,58637611902522,2269234414,4.7597,0.0051,15.5774,0.0064,0.8041,21.1526,0
24,58637638873275,58637642862250,58637642867750,58637642867750,58637665420433,58637665425859,58637665464655,1632010622,3.9890,0.0055,22.5527,0.0054,0.0388,26.5914,0
25,58637723414173,58637727110258,58637727115703,58637727115703,58637742811012,58637742816271,58637742862920,2163266892,3.6961,0.0054,15.6953,0.0053,0.0466,19.4487,0
26,58637758856674,58637766157068,58637766164105,58637766164105,58637785349925,58637785355962,58637785404351,2163266892,7.3004,0.0070,19.1858,0.0060,0.0484,26.5477,0
27,58637837834017,58637841331325,58637841338695,58637841338695,58637860357533,58637860363607,58637860424885,322001226,3.4973,0.0074,19.0188,0.0061,0.0613,22.5909,0
28,58637879783391,58637884714185,58637884720111,58637884720111,58637900486994,58637900495013,58637900543994,3782538610,4.9308,0.0059,15.7669,0.0080,0.0490,20.7606,0
29,58637948188442,58637953378532,58637953387847,58637953387847,58637971775109,58637971782202,58637971836535,3782538610,5.1901,0.0093,18.3873,0.0071,0.0543,23.6481,0
30,58638040648847,58638044279617,58638044287395,58638044287395,58638062325230,58638062365008,58638062416656,3178058075,3.6308,0.0078,18.0378,0.0398,0.0516,21.7678,0
31,58638088919185,58638106763223,58638106775575,58638106775575,58638131382894,58638131389783,58638131487228,3665041433,17.8440,0.0124,24.6073,0.0069,0.0974,42.5680,0
32,58638135829982,58638139968755,58638139973347,58638139973347,58638155830490,58638155840305,58638155894953,1839013276,4.1388,0.0046,15.8571,0.0098,0.0546,20.0650,0
33,58638228172553,58638231890269,58638231895139,58638231895139,58638249189546,58638249193935,58638249242305,533602661,3.7177,0.0049,17.2944,0.0044,0.0484,21.0698,0
34,58638256644792,58638259767339,58638259772524,58638259772524,58638281414296,58638281419926,58638281473278,3612863770,3.1225,0.0052,21.6418,0.0056,0.0534,24.8285,0
35,58638320760699,58638324807323,58638324812675,58638324812675,58638339934630,58638339940612,58638339995168,3612863770,4.0466,0.0054,15.1220,0.0060,0.0546,19.2345,0
36,58638400091710,58638403546147,58638403554592,58638403554592,58638420251071,58638420255719,58638420293052,51155768,3.4544,0.0084,16.6965,0.0046,0.0373,20.2013,0
37,58638452553988,58638460764829,58638460779366,58638460779366,58638483121252,58638483131085,58638483227882,2172315076,8.2108,0.0145,22.3419,0.0098,0.0968,30.6739,0
38,58638533157929,58638540834139,58638540842694,58638540842694,58638566518368,58638566523591,58638566566072,3383009483,7.6762,0.0086,25.6757,0.0052,0.0425,33.4081,0
39,58638572686018,58638580536191,58638580541468,58638580541468,58638604487100,58638604497174,58638604860805,3383009483,7.8502,0.0053,23.9456,0.0101,0.3636,32.1748,0
40,58638627979008,58638635960570,58638635966533,58638635966533,58638654823612,58638654857445,58638654896945,1272186970,7.9816,0.0060,18.8571,0.0338,0.0395,26.9179,0
41,58638699869366,58638705435235,58638705444050,58638705444050,58638721584101,58638721589250,58638721642120,1272186970,5.5659,0.0088,16.1401,0.0051,0.0529,21.7728,0
42,58638774353251,58638777960799,58638777968132,58638777968132,58638794921112,58638794927020,58638794961816,3724003892,3.6075,0.0073,16.9530,0.0059,0.0348,20.6086,0
43,58638830401947,58638834161144,58638834166940,58638834166940,58638852409313,58638852413702,58638852446573,859001399,3.7592,0.0058,18.2424,0.0044,0.0329,22.0446,0
44,58638912172040,58638915834292,58638915839255,58638915839255,58638940502834,58638940507797,58638940539741,437064278,3.6623,0.0050,24.6636,0.0050,0.0319,28.3677,0
45,58638943641733,58638946732613,58638946740224,58638946740224,58638964401058,58638964405965,58638964439243,437064278,3.0909,0.0076,17.6608,0.0049,0.0333,20.7975,0
46,58639078970996,58639085699980,58639085705813,58639085705813,58639106825455,58639106830343,58639106868918,2239389050,6.7290,0.0058,21.1196,0.0049,0.0386,27.8979,0
47,58639107782328,58639112555843,58639112563213,58639112563213,58639133119945,58639133125816,58639133159038,2239389050,4.7735,0.0074,20.5567,0.0059,0.0332,25.3767,0
48,58639135993325,58639139626633,58639139634411,58639139634411,58639153835956,58639153844604,58639153886956,2239389050,3.6333,0.0078,14.2015,0.0086,0.0424,17.8936,0
49,58639191082630,58639194496974,58639194509714,58639194509714,58639213389608,58639213395182,58639213428700,2848094420,3.4143,0.0127,18.8799,0.0056,0.0335,22.3461,0
50,58639283116126,58639286711970,58639286718489,58639286718489,58639304341730,58639304375415,58639304407601,3137241678,3.5958,0.0065,17.6232,0.0337,0.0322,21.2915,0
51,58639327444266,58639331243371,58639331253371,58639331253371,58639349903671,58639350034579,58639350104764,4212185038,3.7991,0.0100,18.6503,0.1309,0.0702,22.6605,1
52,58639384042113,58639388817091,58639388825054,58639388825054,58639410032769,58639410159733,58639410243844,2327002802,4.7750,0.0080,21.2077,0.1270,0.0841,26.2017,1
53,58639443286968,58639448491854,58639448496058,58639448496058,58639468035972,58639468082491,58639468116509,1705115140,5.2049,0.0042,19.5399,0.0465,0.0340,24.8295,1
54,58639532529418,58639537510489,58639537518896,58639537518896,58639557664220,58639557721461,58639557764183,3301308945,4.9811,0.0084,20.1453,0.0572,0.0427,25.2348,1
55,58639582994078,58639587082202,58639587090387,58639587090387,58639617440465,58639617541484,58639617589558,3301308945,4.0881,0.0082,30.3501,0.1010,0.0481,34.5955,1
56,58639643119250,58639647722913,58639647729839,58639647729839,58639666177286,58639666221768,58639666258657,2954315840,4.6037,0.0069,18.4474,0.0445,0.0369,23.1394,1
57,58639688790303,58639693109983,58639693116391,58639693116391,58639713266955,58639713315084,58639713350399,2129959717,4.3197,0.0064,20.1506,0.0481,0.0353,24.5601,1
58,58639754427770,58639758754192,58639758759655,58639758759655,58639778458810,58639778510699,58639778549051,509601726,4.3264,0.0055,19.6992,0.0519,0.0384,24.1213,1
59,58639812289565,58639818576308,58639818589845,58639818589845,58639844474242,58639844525205,58639844558168,685176488,6.2867,0.0135,25.8844,0.0510,0.0330,32.2686,1
60,58639908252555,58639911781715,58639911786937,58639911786937,58639931698334,58639931749500,58639931786075,4237805873,3.5292,0.0052,19.9114,0.0512,0.0366,23.5335,1
61,58639951518989,58639955340983,58639955347501,58639955347501,58639973460522,58639973535985,58639973575763,4237805873,3.8220,0.0065,18.1130,0.0755,0.0398,22.0568,2
62,58640017360494,58640021427156,58640021431804,58640021431804,58640038298265,58640038368561,58640038408228,2888127193,4.0667,0.0046,16.8665,0.0703,0.0397,21.0477,1
63,58640061291727,58640065637759,58640065651055,58640065651055,58640083976891,58640084093632,58640084130188,4103347596,4.3460,0.0133,18.3258,0.1167,0.0366,22.8385,1
64,58640152955388,58640157998756,58640158017460,58640158017460,58640181871165,58640181982203,58640182066962,3144366710,5.0434,0.0187,23.8537,0.1110,0.0848,29.1116,1
65,58640194925707,58640200902577,58640200917170,58640200917170,58640221943533,58640222075367,58640222168719,3144366710,5.9769,0.0146,21.0264,0.1318,0.0934,27.2430,1
66,58640260865360,58640264894058,58640264898966,58640264898966,58640283984082,58640288115484,58640288154188,2337327117,4.0287,0.0049,19.0851,4.1314,0.0387,27.2888,1
67,58640308151955,58640311586429,58640311592225,58640311592225,58640329397819,58640329469838,58640329510282,1228993009,3.4345,0.0058,17.8056,0.0720,0.0404,21.3583,1
68,58640380768056,58640385122255,58640385131885,58640385131885,58640403159553,58640403225702,58640403260794,1021370203,4.3542,0.0096,18.0277,0.0661,0.0351,22.4927,1
69,58640462982780,58640466935015,58640466940534,58640466940534,58640483840902,58640483893495,58640483924125,4129056713,3.9522,0.0055,16.9004,0.0526,0.0306,20.9413,1
70,58640505705471,58640509699151,58640509708003,58640509708003,58640524752958,58640524818162,58640524855292,3634127406,3.9937,0.0089,15.0450,0.0652,0.0371,19.1498,1
71,58640571501736,58640574567172,58640574574987,58640574574987,58640590191795,58640590256444,58640590294777,771790757,3.0654,0.0078,15.6168,0.0646,0.0383,18.7930,1
72,58640650380709,58640653810590,58640653818664,58640653818664,58640675460511,58640675531807,58640675583678,1360668945,3.4299,0.0081,21.6418,0.0713,0.0519,25.2030,1
73,58640678317464,58640681750142,58640681763679,58640681763679,58640697885360,58640697962119,58640698007804,1534407578,3.4327,0.0135,16.1217,0.0768,0.0457,19.6903,2
74,58640747252516,58640751277900,58640751285844,58640751285844,58640769533384,58640769613699,58640769656569,744642992,4.0254,0.0079,18.2475,0.0803,0.0429,22.4041,1
75,58640806346519,58640810528477,58640810534366,58640810534366,58640827817643,58640827886699,58640827927291,574341594,4.1820,0.0059,17.2833,0.0691,0.0406,21.5808,1
76,58640895107523,58640899028091,58640899032813,58640899032813,58640914873919,58640914956234,58640915013457,3498789604,3.9206,0.0047,15.8411,0.0823,0.0572,19.9059,1
77,58640945851758,58640949672511,58640949677345,58640949677345,58640968224996,58640968283811,58640968317848,4174865630,3.8208,0.0048,18.5477,0.0588,0.0340,22.4661,1
78,58640997821831,58641001267490,58641001273434,58641001273434,58641022568243,58641022644188,58641022697854,2315129599,3.4457,0.0059,21.2948,0.0759,0.0537,24.8760,1
79,58641065654620,58641069326206,58641069331762,58641069331762,58641088219396,58641088305748,58641088357841,2579576190,3.6716,0.0056,18.8876,0.0864,0.0521,22.7032,1
80,58641124889086,58641128770784,58641128782784,58641128782784,58641146600692,58641146687804,58641146739674,1540162347,3.8817,0.0120,17.8179,0.0871,0.0519,21.8506,2
81,58641173324407,58641177087789,58641177094086,58641177094086,58641193358378,58641193447175,58641193495027,1290131634,3.7634,0.0063,16.2643,0.0888,0.0479,20.1706,1
82,58641260920259,58641265472774,58641265482366,58641265482366,58641282480439,58641282567902,58641282607569,4126247585,4.5525,0.0096,16.9981,0.0875,0.0397,21.6873,1
83,58641304136656,58641307549037,58641307554981,58641307554981,58641322953827,58641323041364,58641323085401,3789662038,3.4124,0.0059,15.3988,0.0875,0.0440,18.9487,1
84,58641398193621,58641401848522,58641401853577,58641401853577,58641424417705,58641424490242,58641424650724,274397959,3.6549,0.0051,22.5641,0.0725,0.1605,26.4571,2
85,58641433116158,58641436919485,58641436924837,58641436924837,58641452292775,58641452371441,58641452407534,974910418,3.8033,0.0054,15.3679,0.0787,0.0361,19.2914,1
86,58641520120675,58641523807502,58641523812668,58641523812668,58641544069548,58641544176770,58641544226270,2076209125,3.6868,0.0052,20.2569,0.1072,0.0495,24.1056,1
87,58641564327982,58641567786901,58641567791808,58641567791808,58641581549056,58641581626648,58641581665167,875342094,3.4589,0.0049,13.7572,0.0776,0.0385,17.3372,2
88,58641617709078,58641621121496,58641621126755,58641621126755,58641635669431,58641635769006,58641635810228,961675869,3.4124,0.0053,14.5427,0.0996,0.0412,18.1012,1
89,58641693513263,58641698457723,58641698462797,58641698462797,58641718561806,58641718689269,58641718759769,2149141753,4.9445,0.0051,20.0990,0.1275,0.0705,25.2465,2
90,58641733549094,58641738831074,58641738836814,58641738836814,58641757786708,58641757888005,58641757932005,672695502,5.2820,0.0057,18.9499,0.1013,0.0440,24.3829,2
91,58641796154626,58641799938972,58641799944212,58641799944212,58641814662759,58641814760500,58641814801130,769296596,3.7843,0.0052,14.7185,0.0977,0.0406,18.6465,1
92,58641870501233,58641873953540,58641873965855,58641873965855,58641895658165,58641895764980,58641895813795,1950160337,3.4523,0.0123,21.6923,0.1068,0.0488,25.3126,2
93,58641919767204,58641923969236,58641923973810,58641923973810,58641938102985,58641938205003,58641938249355,1587039364,4.2020,0.0046,14.1292,0.1020,0.0444,18.4822,3
94,58642005329791,58642009278803,58642009283322,58642009283322,58642023325274,58642023413756,58642023452404,1499034495,3.9490,0.0045,14.0420,0.0885,0.0386,18.1226,2
95,58642125150005,58642130076687,58642130082446,58642130082446,58642146669721,58642146767796,58642146809018,1499034495,4.9267,0.0058,16.5873,0.0981,0.0412,21.6590,2
96,58642152733166,58642156470604,58642156478215,58642156478215,58642171447522,58642171621152,58642171670227,1499034495,3.7374,0.0076,14.9693,0.1736,0.0491,18.9371,4
97,58642195016967,58642199028369,58642199032758,58642199032758,58642214118787,58642214304806,58642214368399,1499034495,4.0114,0.0044,15.0860,0.1860,0.0636,19.3514,5
98,58642253795339,58642257990890,58642258001427,58642258001427,58642272737251,58642272879011,58642272924567,1499034495,4.1956,0.0105,14.7358,0.1418,0.0456,19.1292,4
99,58642314230254,58642318328396,58642318332878,58642318332878,58642333452037,58642333601611,58642333653834,1464062012,4.0981,0.0045,15.1192,0.1496,0.0522,19.4236,4
100,58642378039660,58642381896376,58642381901154,58642381901154,58642396283699,58642396541663,58642396597089,1464062012,3.8567,0.0048,14.3825,0.2580,0.0554,18.5574,4
101,58642442244438,58642447585640,58642447590159,58642447590159,58642461794815,58642461948630,58642461998056,1464062012,5.3412,0.0045,14.2047,0.1538,0.0494,19.7536,3
102,58642534363175,58642539109135,58642539114042,58642539114042,58642554629128,58642554791018,58642554840518,689924990,4.7460,0.0049,15.5151,0.1619,0.0495,20.4773,2
103,58642578622853,58642584306575,58642584311167,58642584311167,58642598580564,58642598739250,58642598796213,2468592190,5.6837,0.0046,14.2694,0.1587,0.0570,20.1734,3
104,58642644184043,58642650240765,58642650245321,58642650245321,58642665627555,58642665783593,58642665833648,2918983735,6.0567,0.0046,15.3822,0.1560,0.0501,21.6496,3
105,58642721047509,58642726263488,58642726267951,58642726267951,58642743817637,58642743982137,58642744078360,3686533834,5.2160,0.0045,17.5497,0.1645,0.0962,23.0309,5
106,58642754350837,58642757864441,58642757870237,58642757870237,58642771978486,58642772130468,58642772178931,3917801528,3.5136,0.0058,14.1082,0.1520,0.0485,17.8281,5
107,58642832186899,58642836211671,58642836216190,58642836216190,58642850633958,58642850757347,58642850803088,1386690458,4.0248,0.0045,14.4178,0.1234,0.0457,18.6162,4
108,58642892500202,58642896095084,58642896100213,58642896100213,58642910660056,58642910774408,58642910820649,3189707869,3.5949,0.0051,14.5598,0.1144,0.0462,18.3204,6
109,58642943067511,58642946899060,58642946905467,58642946905467,58642961238846,58642961346921,58642961392124,942748866,3.8315,0.0064,14.3334,0.1081,0.0452,18.3246,4
110,58643029772953,58643033399501,58643033411575,58643033411575,58643051472466,58643051584004,58643051625226,3220071309,3.6265,0.0121,18.0609,0.1115,0.0412,21.8523,2
111,58643065239528,58643069628802,58643069637172,58643069637172,58643084739720,58643084833517,58643084870091,3220071309,4.3893,0.0084,15.1025,0.0938,0.0366,19.6306,2
112,58643144360909,58643150358021,58643150362892,58643150362892,58643169368656,58643169658082,58643169773268,2945123239,5.9971,0.0049,19.0058,0.2894,0.1152,25.4124,2
113,58643190627371,58643194026475,58643194032271,58643194032271,58643208912429,58643209016930,58643209059319,2945123239,3.3991,0.0058,14.8802,0.1045,0.0424,18.4319,3
114,58643251293434,58643256645748,58643256650248,58643256650248,58643272836633,58643272946633,58643272991152,2945123239,5.3523,0.0045,16.1864,0.1100,0.0445,21.6977,3
115,58643316138326,58643320615599,58643320623414,58643320623414,58643335492535,58643335614313,58643335662851,2945123239,4.4773,0.0078,14.8691,0.1218,0.0485,19.5245,5
116,58643381672719,58643387027273,58643387032329,58643387032329,58643401521504,58643401639412,58643401686746,3599104213,5.3546,0.0051,14.4892,0.1179,0.0473,20.0140,4
117,58643439984238,58643444224288,58643444229825,58643444229825,58643458358740,58643458461167,58643458500982,1435684029,4.2401,0.0055,14.1289,0.1024,0.0398,18.5167,3
118,58643517934041,58643522149314,58643522154925,58643522154925,58643538173068,58643538277772,58643538322272,2970506258,4.2153,0.0056,16.0181,0.1047,0.0445,20.3882,1
119,58643558986134,58643562584294,58643562589405,58643562589405,58643578113991,58643578200566,58643578242566,1949814490,3.5982,0.0051,15.5246,0.0866,0.0420,19.2564,1
120,58643619606123,58643623551043,58643623556617,58643623556617,58643638201016,58643638289442,58643638328238,1949814490,3.9449,0.0056,14.6444,0.0884,0.0388,18.7221,1
121,58643688047415,58643691929594,58643691934649,58643691934649,58643707560421,58643707654773,58643707696292,1949814490,3.8822,0.0051,15.6258,0.0944,0.0415,19.6489,2
122,58643765873255,58643769880638,58643769885453,58643769885453,58643787199545,58643787301193,58643787342841,2228966567,4.0074,0.0048,17.3141,0.1016,0.0416,21.4696,2
123,58643811651215,58643816045525,58643816056247,58643816056247,58643831425333,58643831525167,58643831565741,495198648,4.3943,0.0107,15.3691,0.0998,0.0406,19.9145,2
124,58643902367281,58643906944444,58643906949555,58643906949555,58643921162859,58643921256730,58643921306045,3272189326,4.5772,0.0051,14.2133,0.0939,0.0493,18.9388,1
125,58643952370829,58643955758228,58643955764802,58643955764802,58643972662615,58643972759282,58643972798097,2491689757,3.3874,0.0066,16.8978,0.0967,0.0388,20.4273,1
126,58643996618062,58644000960576,58644000966928,58644000966928,58644015420455,58644015511363,58644015547881,2841241014,4.3425,0.0064,14.4535,0.0909,0.0365,18.9298,1
127,58644078928305,58644082529372,58644082534928,58644082534928,58644098927165,58644099041073,58644099250666,2634826731,3.6011,0.0056,16.3922,0.1139,0.2096,20.3224,1
128,58644129474095,58644133969572,58644133973813,58644133973813,58644148082562,58644148172655,58644148211673,2295967870,4.4955,0.0042,14.1087,0.0901,0.0390,18.7376,1
129,58644203996832,58644207853641,58644207861678,58644207861678,58644222593928,58644222694558,58644222734873,2488028678,3.8568,0.0080,14.7323,0.1006,0.0403,18.7380,2
130,58644260731031,58644266006418,58644266010770,58644266010770,58644280897243,58644280982966,58644281019225,1062103533,5.2754,0.0044,14.8865,0.0857,0.0363,20.2882,1
131,58644308133089,58644312126694,58644312131268,58644312131268,58644326884611,58644326984519,58644327027649,2744305529,3.9936,0.0046,14.7533,0.0999,0.0431,18.8946,1
132,58644381760286,58644385792854,58644385797817,58644385797817,58644400839680,58644400930791,58644400968680,535761857,4.0326,0.0050,15.0419,0.0911,0.0379,19.2084,1
133,58644462140226,58644465675034,58644465680830,58644465680830,58644482798236,58644482895089,58644482934811,2862776491,3.5348,0.0058,17.1174,0.0969,0.0397,20.7946,2
134,58644498594953,58644503391598,58644503403783,58644503403783,58644518231294,58644518345016,58644518392405,2862776491,4.7966,0.0122,14.8275,0.1137,0.0474,19.7975,2
135,58644573233098,58644577349574,58644577354796,58644577354796,58644592589382,58644592783160,58644592825771,1004065194,4.1165,0.0052,15.2346,0.1938,0.0426,19.5927,1
136,58644618073426,58644622789663,58644622801181,58644622801181,58644637684414,58644637787636,58644637834359,2336227585,4.7162,0.0115,14.8832,0.1032,0.0467,19.7609,3
137,58644689764468,58644694084778,58644694088945,58644694088945,58644708327898,58644708437324,58644708481731,1067749247,4.3203,0.0042,14.2390,0.1094,0.0444,18.7173,3
138,58644773369771,58644777677414,58644777681785,58644777681785,58644792541073,58644792655388,58644792704666,2686458949,4.3076,0.0044,14.8593,0.1143,0.0493,19.3349,3
139,58644819250435,58644823569338,58644823574282,58644823574282,58644838434422,58644838535441,58644838576571,426306100,4.3189,0.0049,14.8601,0.1010,0.0411,19.3261,3
140,58644879121274,58644882992934,58644883000527,58644883000527,58644897835852,58644897954334,58644898000926,1138401838,3.8717,0.0076,14.8353,0.1185,0.0466,18.8797,3
141,58644961027256,58644964943917,58644964948824,58644964948824,58644979582278,58644979690408,58644979736538,1230138429,3.9167,0.0049,14.6335,0.1081,0.0461,18.7093,1
142,58645011826177,58645016253580,58645016261839,58645016261839,58645031309609,58645031423869,58645031469832,1008065491,4.4274,0.0083,15.0478,0.1143,0.0460,19.6437,4
143,58645070247492,58645074385524,58645074391468,58645074391468,58645089422572,58645089524424,58645089566776,3790318216,4.1380,0.0059,15.0311,0.1019,0.0424,19.3193,2
144,58645147099922,58645151413084,58645151418972,58645151418972,58645169398511,58645169497789,58645169541845,1797325634,4.3132,0.0059,17.9795,0.0993,0.0441,22.4419,3
145,58645183423519,58645187470031,58645187479031,58645187479031,58645202826025,58645202918895,58645202958155,1913656766,4.0465,0.0090,15.3470,0.0929,0.0393,19.5346,1
146,58645259111111,58645262728567,58645262733993,58645262733993,58645278291413,58645278382987,58645278419802,1597076835,3.6175,0.0054,15.5574,0.0916,0.0368,19.3087,1
147,58645310933313,58645315593661,58645315598142,58645315598142,58645329964558,58645330065392,58645330103262,470713168,4.6603,0.0045,14.3664,0.1008,0.0379,19.1699,1
148,58645362422199,58645366170766,58645366181081,58645366181081,58645382285614,58645382384095,58645382423021,3509848643,3.7486,0.0103,16.1045,0.0985,0.0389,20.0008,1
149,58645456893888,58645460800715,58645460805419,58645460805419,58645479296681,58645479389904,58645479427015,3516037941,3.9068,0.0047,18.4913,0.0932,0.0371,22.5331,1
150,58645491163311,58645495727993,58645495733622,58645495733622,58645510327317,58645510421613,58645510458780,3516037941,4.5647,0.0056,14.5937,0.0943,0.0372,19.2955,1
151,58645555997925,58645560555032,58645560567995,58645560567995,58645575471413,58645575573672,58645575614117,49726765,4.5571,0.0130,14.9034,0.1023,0.0404,19.6162,3
152,58645609887392,58645614295499,58645614299721,58645614299721,58645628934749,58645629046527,58645629093176,49726765,4.4081,0.0042,14.6350,0.1118,0.0466,19.2058,3
153,58645670409974,58645675002303,58645675006599,58645675006599,58645689792980,58645689901536,58645689942313,49726765,4.5923,0.0043,14.7864,0.1086,0.0408,19.5323,3
154,58645739347267,58645744389135,58645744393709,58645744393709,58645758738514,58645758859255,58645758907533,49726765,5.0419,0.0046,14.3448,0.1207,0.0483,19.5603,3
155,58645794839888,58645798352269,58645798360825,58645798360825,58645813469428,58645813591299,58645813636040,49726765,3.5124,0.0086,15.1086,0.1219,0.0447,18.7962,4
156,58645858276960,58645863195068,58645863200364,58645863200364,58645878325764,58645878458172,58645878504413,49726765,4.9181,0.0053,15.1254,0.1324,0.0462,20.2275,2
157,58645950784402,58645954866507,58645954871304,58645954871304,58645969997259,58645970122834,58645970173149,180947930,4.0821,0.0048,15.1260,0.1256,0.0503,19.3887,4
158,58645997004549,58646001651767,58646001657341,58646001657341,58646017411891,58646017544892,58646017598188,2826268683,4.6472,0.0056,15.7546,0.1330,0.0533,20.5936,3
159,58646041273893,58646045304350,58646045309239,58646045309239,58646060824029,58646060959659,58646061016104,3127460198,4.0305,0.0049,15.5148,0.1356,0.0564,19.7422,5
160,58646112064933,58646116861004,58646116870911,58646116870911,58646130836400,58646130967475,58646131019678,2845406048,4.7961,0.0099,13.9655,0.1311,0.0522,18.9547,3
161,58646194486232,58646198853968,58646198858375,58646198858375,58646214877686,58646215038445,58646215097575,1475891867,4.3677,0.0044,16.0193,0.1608,0.0591,20.6113,3
162,58646237027145,58646241073824,58646241078732,58646241078732,58646256498633,58646256631929,58646256684893,2883273508,4.0467,0.0049,15.4199,0.1333,0.0530,19.6577,3
163,58646322549343,58646325852205,58646325857020,58646325857020,58646341317717,58646341461866,58646341527255,4163935038,3.3029,0.0048,15.4607,0.1441,0.0654,18.9779,3
164,58646370222068,58646374109007,58646374113414,58646374113414,58646391031449,58646391187209,58646391250172,869685772,3.8869,0.0044,16.9180,0.1558,0.0630,21.0281,2
165,58646416584364,58646421674528,58646421679936,58646421679936,58646436197797,58646436323741,58646436368723,1816377919,5.0902,0.0054,14.5179,0.1259,0.0450,19.7844,2
166,58646502875805,58646508115951,58646508120599,58646508120599,58646522982406,58646523102295,58646523147962,3118939438,5.2401,0.0046,14.8618,0.1199,0.0457,20.2722,2
167,58646572462822,58646579177844,58646579182640,58646579182640,58646597066937,58646597173179,58646597215475,2471647953,6.7150,0.0048,17.8843,0.1062,0.0423,24.7527,1
168,58646617892893,58646623914689,58646623919745,58646623919745,58646640139815,58646640252667,58646640296279,3757762467,6.0218,0.0051,16.2201,0.1129,0.0436,22.4034,1
169,58646683705879,58646686987853,58646686998168,58646686998168,58646703161201,58646703258682,58646703298849,3723805083,3.2820,0.0103,16.1630,0.0975,0.0402,19.5930,2
170,58646729775563,58646734088317,58646734092392,58646734092392,58646748836494,58646748924661,58646748962031,468749772,4.3128,0.0041,14.7441,0.0882,0.0374,19.1865,2
171,58646788053674,58646791633111,58646791640334,58646791640334,58646807289272,58646807386162,58646807425125,3779631586,3.5794,0.0072,15.6489,0.0969,0.0390,19.3715,2
172,58646878125998,58646882033343,58646882039695,58646882039695,58646899858085,58646899949345,58646899987826,3067528187,3.9073,0.0064,17.8184,0.0913,0.0385,21.8618,1
173,58646916539064,58646920496577,58646920501503,58646920501503,58646934781511,58646934864085,58646934902382,3067528187,3.9575,0.0049,14.2800,0.0826,0.0383,18.3633,1
174,58646990109261,58646994205089,58646994211422,58646994211422,58647008718413,58647008804746,58647008843320,1087933210,4.0958,0.0063,14.5070,0.0863,0.0386,18.7341,2
175,58647044996435,58647049564376,58647049575580,58647049575580,58647063571846,58647063662291,58647063701273,2815722844,4.5679,0.0112,13.9963,0.0904,0.0390,18.7048,2
176,58647135475297,58647139341754,58647139346791,58647139346791,58647154779025,58647154880285,58647154920581,4292263316,3.8665,0.0050,15.4322,0.1013,0.0403,19.4453,2
177,58647177653061,58647182401446,58647182406261,58647182406261,58647196803862,58647196905937,58647196947511,1099953108,4.7484,0.0048,14.3976,0.1021,0.0416,19.2945,2
178,58647222780556,58647227261311,58647227272830,58647227272830,58647243141787,58647243287751,58647243333084,2957534406,4.4808,0.0115,15.8690,0.1460,0.0453,20.5525,2
179,58647286752945,58647290946921,58647290952939,58647290952939,58647305444134,58647305545486,58647305590412,3703381014,4.1940,0.0060,14.4912,0.1014,0.0449,18.8375,3
180,58647380743743,58647385036164,58647385048461,58647385048461,58647400644770,58647400741825,58647400785974,2724550780,4.2924,0.0123,15.5963,0.0971,0.0441,20.0422,2
181,58647426644278,58647430411512,58647430416031,58647430416031,58647446065081,58647446157155,58647446196563,3679416054,3.7672,0.0045,15.6491,0.0921,0.0394,19.5523,2
182,58647486577395,58647490345703,58647490351555,58647490351555,58647505949234,58647506033864,58647506070771,685704571,3.7683,0.0059,15.5977,0.0846,0.0369,19.4934,2
183,58647563196509,58647566987965,58647567000595,58647567000595,58647582206069,58647582305180,58647582346755,2305062764,3.7915,0.0126,15.2055,0.0991,0.0416,19.1502,2
184,58647608346911,58647613190630,58647613196538,58647613196538,58647627406046,58647627494491,58647627537732,2091067445,4.8437,0.0059,14.2095,0.0884,0.0432,19.1908,2
185,58647653993908,58647658082866,58647658087421,58647658087421,58647673469544,58647673559878,58647673600674,1329729897,4.0890,0.0046,15.3821,0.0903,0.0408,19.6068,2
186,58647749463638,58647753433873,58647753446224,58647753446224,58647769639424,58647769751184,58647769801239,2836191839,3.9702,0.0124,16.1932,0.1118,0.0501,20.3376,2
187,58647794618448,58647799315852,58647799319852,58647799319852,58647815050680,58647815157976,58647815205902,1837983217,4.6974,0.0040,15.7308,0.1073,0.0479,20.5875,2
188,58647841575560,58647846659854,58647846665521,58647846665521,58647861149530,58647861241697,58647861282938,1653370362,5.0843,0.0057,14.4840,0.0922,0.0412,19.7074,3
189,58647939749632,58647946341115,58647946353171,58647946353171,58647963481911,58647963633856,58647963708523,1439572246,6.5915,0.0121,17.1287,0.1519,0.0747,23.9589,2
190,58647969051743,58647973510720,58647973517831,58647973517831,58647988229638,58647988327990,58647988371379,3874142419,4.4590,0.0071,14.7118,0.0984,0.0434,19.3196,2
191,58648033784468,58648040721712,58648040727638,58648040727638,58648054985220,58648055077461,58648055115980,2961568627,6.9372,0.0059,14.2576,0.0922,0.0385,21.3315,2
192,58648091845985,58648097589467,58648097594781,58648097594781,58648112921904,58648113010608,58648113045775,3031278224,5.7435,0.0053,15.3271,0.0887,0.0352,21.1998,1
193,58648168371284,58648173035966,58648173040614,58648173040614,58648187456086,58648187538179,58648187575234,1700991465,4.6647,0.0046,14.4155,0.0821,0.0371,19.2039,1
194,58648221902343,58648226498228,58648226506043,58648226506043,58648241548202,58648241626517,58648241663943,268998191,4.5959,0.0078,15.0422,0.0783,0.0374,19.7616,1
195,58648278993654,58648283539410,58648283544113,58648283544113,58648297938992,58648298024715,58648298063734,3158896019,4.5458,0.0047,14.3949,0.0857,0.0390,19.0701,2
196,58648354159153,58648361454324,58648361460102,58648361460102,58648377630227,58648377711894,58648377747987,689115232,7.2952,0.0058,16.1701,0.0817,0.0361,23.5888,1
197,58648399593390,58648403808940,58648403814403,58648403814403,58648418666358,58648418747914,58648418783340,3006654425,4.2156,0.0055,14.8520,0.0816,0.0354,19.1899,1
198,58648489702713,58648494304617,58648494309413,58648494309413,58648510575946,58648510678835,58648510729299,1914396051,4.6019,0.0048,16.2665,0.1029,0.0505,21.0266,2
199,58648529520932,58648533698686,58648533709316,58648533709316,58648548740808,58648548831735,58648548869679,1914396051,4.1778,0.0106,15.0315,0.0909,0.0379,19.3487,2
200,58648599986879,58648603831076,58648603835817,58648603835817,58648619652700,58648619734201,58648619772868,1706664143,3.8442,0.0047,15.8169,0.0815,0.0387,19.7860,2
201,58648672440720,58648677095457,58648677101309,58648677101309,58648691515984,58648691606374,58648691645059,901133728,4.6547,0.0059,14.4147,0.0904,0.0387,19.2043,2
202,58648742748110,58648746739271,58648746743697,58648746743697,58648762456173,58648762543821,58648762584044,1383934327,3.9912,0.0044,15.7125,0.0876,0.0402,19.8359,2
203,58648787552623,58648792718121,58648792722251,58648792722251,58648807204389,58648807287982,58648807326593,3235440606,5.1655,0.0041,14.4821,0.0836,0.0386,19.7740,2
204,58648833669177,58648837716820,58648837721394,58648837721394,58648851884309,58648851976365,58648852047495,1300005559,4.0476,0.0046,14.1629,0.0921,0.0711,18.3783,2
205,58648900269389,58648904341661,58648904346735,58648904346735,58648919193005,58648919286912,58648919337061,3076561412,4.0723,0.0051,14.8463,0.0939,0.0501,19.0677,1
206,58648965198355,58648968906181,58648968916218,58648968916218,58648983178208,58648983277264,58648983336949,2617458751,3.7078,0.0100,14.2620,0.0991,0.0597,18.1386,1
207,58649051215628,58649054864621,58649054871455,58649054871455,58649071251877,58649071343544,58649071386137,3457564798,3.6490,0.0068,16.3804,0.0917,0.0426,20.1705,1
208,58649094970527,58649099619893,58649099625375,58649099625375,58649114965646,58649115054387,58649115096016,174618657,4.6494,0.0055,15.3403,0.0887,0.0416,20.1255,1
209,58649153152730,58649157551726,58649157563318,58649157563318,58649172202217,58649172290032,58649172332495,2466970745,4.3990,0.0116,14.6389,0.0878,0.0425,19.1798,1
210,58649213386866,58649217531194,58649217537231,58649217537231,58649232964558,58649233050484,58649233091503,3291500307,4.1443,0.0060,15.4273,0.0859,0.0410,19.7046,2
211,58649323238882,58649329880162,58649329884570,58649329884570,58649347153180,58649347257014,58649347305366,2436758714,6.6413,0.0044,17.2686,0.1038,0.0484,24.0665,1
212,58649354258888,58649358167363,58649358173345,58649358173345,58649373903950,58649373988025,58649374025006,2436758714,3.9085,0.0060,15.7306,0.0841,0.0370,19.7661,1
213,58649411023050,58649414968822,58649414974211,58649414974211,58649430236278,58649430335019,58649430380445,821526022,3.9458,0.0054,15.2621,0.0987,0.0454,19.3574,1
214,58649458349756,58649462631677,58649462638214,58649462638214,58649476707870,58649476786741,58649476825593,2531517156,4.2819,0.0065,14.0697,0.0789,0.0389,18.4758,1
215,58649522946369,58649525987656,58649525997990,58649525997990,58649542017504,58649542094578,58649542136430,1147392198,3.0413,0.0103,16.0195,0.0771,0.0419,19.1901,1
216,58649582153168,58649586340144,58649586347589,58649586347589,58649601525508,58649601610897,58649601651026,2448801429,4.1870,0.0074,15.1779,0.0854,0.0401,19.4979,1
217,58649674476888,58649681248409,58649681253539,58649681253539,58649697677795,58649697836054,58649697908351,2272938560,6.7715,0.0051,16.4243,0.1583,0.0723,23.4315,1
218,58649707207195,58649710845670,58649710850151,58649710850151,58649727010907,58649727116685,58649727159796,2272938560,3.6385,0.0045,16.1608,0.1058,0.0431,19.9526,2
219,58649767440461,58649771025176,58649771031232,58649771031232,58649786708393,58649786801411,58649786838226,2969181231,3.5847,0.0061,15.6772,0.0930,0.0368,19.3978,1
220,58649869571915,58649875038785,58649875043877,58649875043877,58649891497967,58649891582837,58649891622800,2347181637,5.4669,0.0051,16.4541,0.0849,0.0400,22.0509,1
221,58649904935324,58649909698006,58649909712895,58649909712895,58649924659442,58649924766221,58649924808350,1075515867,4.7627,0.0149,14.9465,0.1068,0.0421,19.8730,2
222,58649961099003,58649964368421,58649964383735,58649964383735,58649979908729,58649980043044,58649980087119,1791561101,3.2694,0.0153,15.5250,0.1343,0.0441,18.9881,2
223,58650017523571,58650020930897,58650020938749,58650020938749,58650037452486,58650037549635,58650037587431,4041934205,3.4073,0.0079,16.5137,0.0971,0.0378,20.0639,2
224,58650081210811,58650085535287,58650085547195,58650085547195,58650102025210,58650102138859,58650102226063,489322958,4.3245,0.0119,16.4780,0.1136,0.0872,21.0153,2
225,58650173404585,58650178347860,58650178353305,58650178353305,58650193803650,58650193900132,58650193947780,3882872383,4.9433,0.0054,15.4503,0.0965,0.0476,20.5432,3
226,58650222134592,58650226172364,58650226177142,58650226177142,58650241708247,58650241813507,58650241854562,1893608845,4.0378,0.0048,15.5311,0.1053,0.0411,19.7200,2
227,58650266431640,58650270057615,58650270063504,58650270063504,58650285066163,58650285172700,58650285216256,1590861389,3.6260,0.0059,15.0027,0.1065,0.0436,18.7846,2
228,58650333913244,58650337214365,58650337219680,58650337219680,58650353100657,58650353209601,58650353254787,4226680820,3.3011,0.0053,15.8810,0.1089,0.0452,19.3415,1
229,58650410107431,58650414752149,58650414757112,58650414757112,58650430103105,58650430206883,58650430248124,2485800942,4.6447,0.0050,15.3460,0.1038,0.0412,20.1407,2
230,58650466429147,58650471067791,58650471072513,58650471072513,58650485766727,58650485864931,58650485904468,4088911810,4.6386,0.0047,14.6942,0.0982,0.0395,19.4753,1
231,58650526112077,58650529447829,58650529452310,58650529452310,58650544160449,58650544274931,58650544321061,2377563418,3.3358,0.0045,14.7081,0.1145,0.0461,18.2090,2
232,58650594516702,58650598212455,58650598217621,58650598217621,58650613616967,58650613715911,58650613754134,820545205,3.6958,0.0052,15.3993,0.0989,0.0382,19.2374,1
233,58650639120344,58650643360765,58650643365432,58650643365432,58650658048719,58650658151886,58650658194108,2423028027,4.2404,0.0047,14.6833,0.1032,0.0422,19.0738,1
234,58650710538034,58650715348364,58650715352790,58650715352790,58650729506428,58650729604317,58650729644799,3222937588,4.8103,0.0044,14.1536,0.0979,0.0405,19.1068,2
235,58650795618860,58650799708318,58650799712225,58650799712225,58650815570664,58650815675461,58650815727498,896587116,4.0895,0.0039,15.8584,0.1048,0.0520,20.1086,1
236,58650840193261,58650844838072,58650844847943,58650844847943,58650860417381,58650860513307,58650860554067,3986440637,4.6448,0.0099,15.5694,0.0959,0.0408,20.3608,2
237,58650886030166,58650890262550,58650890267402,58650890267402,58650905688377,58650905840896,58650905908433,1260761374,4.2324,0.0049,15.4210,0.1525,0.0675,19.8783,3
238,58650979784576,58650987330822,58650987335618,58650987335618,58651004911415,58651005021878,58651005069767,814981163,7.5462,0.0048,17.5758,0.1105,0.0479,25.2852,1
239,58651009203132,58651013816165,58651013822332,58651013822332,58651028416156,58651028517323,58651028557731,1320376048,4.6130,0.0062,14.5938,0.1012,0.0404,19.3546,2
240,58651099062751,58651104313972,58651104319749,58651104319749,58651122344381,58651122454974,58651122500733,1181991874,5.2512,0.0058,18.0246,0.1106,0.0458,23.4380,1
241,58651132867433,58651136524722,58651136537000,58651136537000,58651152233902,58651152340661,58651152380606,2180804323,3.6573,0.0123,15.6969,0.1068,0.0399,19.5132,2
242,58651227161733,58651231441098,58651231450191,58651231450191,58651247951891,58651248083651,58651248128984,1714373117,4.2794,0.0091,16.5017,0.1318,0.0453,20.9673,1
243,58651272211283,58651276932465,58651276946650,58651276946650,58651292060420,58651292155328,58651292192476,2459081413,4.7212,0.0142,15.1138,0.0949,0.0371,19.9812,1
244,58651335880893,58651339478349,58651339483997,58651339483997,58651356052717,58651356150106,58651356187698,1893459870,3.5975,0.0056,16.5687,0.0974,0.0376,20.3068,1
245,58651388995655,58651393396113,58651393412169,58651393412169,58651408952311,58651409047107,58651409084293,2912515076,4.4005,0.0161,15.5401,0.0948,0.0372,20.0886,1
246,58651473709498,58651477928141,58651477933752,58651477933752,58651496767646,58651496992146,58651497044369,3176585360,4.2186,0.0056,18.8339,0.2245,0.0522,23.3349,1
247,58651516620024,58651521585965,58651521590447,58651521590447,58651536129474,58651536226012,58651536264993,496225421,4.9659,0.0045,14.5390,0.0965,0.0390,19.6450,1
248,58651570558936,58651575111635,58651575116135,58651575116135,58651589762275,58651589872923,58651589912238,2838330839,4.5527,0.0045,14.6461,0.1106,0.0393,19.3533,1
249,58651659918498,58651665292144,58651665298996,58651665298996,58651685019207,58651685226189,58651685278949,2131030243,5.3736,0.0069,19.7202,0.2070,0.0528,25.3605,1
250,58651689893982,58651694891350,58651694895998,58651694895998,58651710458047,58651710586437,58651710630196,2799747659,4.9974,0.0046,15.5620,0.1284,0.0438,20.7362,1
251,58651771964280,58651776764814,58651776772721,58651776772721,58651795277928,58651795450244,58651795506225,1320098139,4.8005,0.0079,18.5052,0.1723,0.0560,23.5419,1
252,58651817265350,58651822535959,58651822540848,58651822540848,58651838378306,58651838511695,58651838556196,1315962789,5.2706,0.0049,15.8375,0.1334,0.0445,21.2908,1
253,58651902475769,58651907479489,58651907484859,58651907484859,58651928343926,58651928493648,58651928612797,3952238746,5.0037,0.0054,20.8591,0.1497,0.1191,26.1370,1
254,58651940634780,58651944348865,58651944362347,58651944362347,58651960607750,58651960734158,58651960776918,3952238746,3.7141,0.0135,16.2454,0.1264,0.0428,20.1421,1
255,58652016427132,58652020280496,58652020285292,58652020285292,58652036203824,58652036313139,58652036353362,2556684731,3.8534,0.0048,15.9185,0.1093,0.0402,19.9262,1
256,58652071844789,58652076705453,58652076709749,58652076709749,58652091070573,58652091183425,58652091222962,812174844,4.8607,0.0043,14.3608,0.1129,0.0395,19.3782,1
257,58652123666899,58652127444596,58652127451744,58652127451744,58652143594295,58652143718425,58652143761648,812174844,3.7777,0.0071,16.1426,0.1241,0.0432,20.0947,1
258,58652185157224,58652188791754,58652188797458,58652188797458,58652204442767,58652204630230,58652204679230,812174844,3.6345,0.0057,15.6453,0.1875,0.0490,19.5220,2
259,58652249627522,58652254426315,58652254431185,58652254431185,58652269309140,58652269445122,58652269489566,812174844,4.7988,0.0049,14.8780,0.1360,0.0444,19.8620,2
260,58652317731997,58652321999641,58652322004622,58652322004622,58652336911447,58652337056207,58652337104689,812174844,4.2676,0.0050,14.9068,0.1448,0.0485,19.3727,3
261,58652377118316,58652382458463,58652382462444,58652382462444,58652396752101,58652396893083,58652396940657,812174844,5.3401,0.0040,14.2897,0.1410,0.0476,19.8223,3
262,58652432431751,58652437091933,58652437097896,58652437097896,58652452490148,58652452645334,58652452696260,812174844,4.6602,0.0060,15.3923,0.1552,0.0509,20.2645,2
263,58652501583304,58652505979263,58652505985059,58652505985059,58652521303904,58652521444719,58652521494942,3969622629,4.3960,0.0058,15.3188,0.1408,0.0502,19.9116,3
264,58652563672724,58652567649126,58652567661903,58652567661903,58652583778788,58652583920289,58652583965141,2438311009,3.9764,0.0128,16.1169,0.1415,0.0449,20.2924,3
265,58652618047230,58652622424226,58652622439726,58652622439726,58652637404736,58652637532885,58652637577348,2438311009,4.3770,0.0155,14.9650,0.1281,0.0445,19.5301,3
266,58652686862468,58652690885277,58652690896999,58652690896999,58652707044199,58652707181662,58652707231199,2438311009,4.0228,0.0117,16.1472,0.1375,0.0495,20.3687,3
267,58652743149925,58652747671828,58652747676013,58652747676013,58652762565746,58652762705857,58652762752746,2438311009,4.5219,0.0042,14.8897,0.1401,0.0469,19.6028,3
268,58652840509216,58652844731303,58652844738285,58652844738285,58652862142340,58652862393100,58652862458656,4043822106,4.2221,0.0070,17.4041,0.2508,0.0656,21.9494,4
269,58652885495340,58652889397242,58652889407501,58652889407501,58652905991628,58652906141721,58652906193165,1389705177,3.9019,0.0103,16.5841,0.1501,0.0514,20.6978,4
270,58652949877934,58652953887854,58652953893058,58652953893058,58652968218492,58652968362585,58652968411363,727320120,4.0099,0.0052,14.3254,0.1441,0.0488,18.5334,3
271,58653025521804,58653032076881,58653032081529,58653032081529,58653049357047,58653049492640,58653049537992,2887581093,6.5551,0.0046,17.2755,0.1356,0.0454,24.0162,2
272,58653055270843,58653059654320,58653059663431,58653059663431,58653074584201,58653074720739,58653074769313,1497883229,4.3835,0.0091,14.9208,0.1365,0.0486,19.4985,2
273,58653134435521,58653138390552,58653138397867,58653138397867,58653153749768,58653153903379,58653153954213,484355927,3.9550,0.0073,15.3519,0.1536,0.0508,19.5187,2
274,58653236361271,58653240879341,58653240891564,58653240891564,58653257049930,58653257180615,58653257225578,3321257327,4.5181,0.0122,16.1584,0.1307,0.0450,20.8643,2
275,58653275968953,58653280239985,58653280244429,58653280244429,58653297895004,58653298052171,58653298148172,4245433011,4.2710,0.0044,17.6506,0.1572,0.0960,22.1792,1
276,58653317077269,58653321662283,58653321667395,58653321667395,58653336090292,58653336218126,58653336261274,3650099499,4.5850,0.0051,14.4229,0.1278,0.0431,19.1840,1
277,58653372378352,58653375899863,58653375904456,58653375904456,58653391135486,58653391259097,58653391302560,981209307,3.5215,0.0046,15.2310,0.1236,0.0435,18.9242,1
278,58653460593744,58653464810035,58653464814831,58653464814831,58653481032550,58653481176402,58653481356125,3069575360,4.2163,0.0048,16.2177,0.1439,0.1797,20.7624,1
279,58653505896129,58653509900364,58653509910290,58653509910290,58653524837356,58653524961578,58653525004782,725218669,4.0042,0.0099,14.9271,0.1242,0.0432,19.1087,1
280,58653567707455,58653572591322,58653572608378,58653572608378,58653587916760,58653588088816,58653588139538,3554106690,4.8839,0.0171,15.3084,0.1721,0.0507,20.4321,1
281,58653646017019,58653650480052,58653650485089,58653650485089,58653665250747,58653665356932,58653665395766,3749238227,4.4630,0.0050,14.7657,0.1062,0.0388,19.3787,1
282,58653694783989,58653699866246,58653699870672,58653699870672,58653714439774,58653714562848,58653714603367,79797166,5.0823,0.0044,14.5691,0.1231,0.0405,19.8194,1
283,58653759816640,58653763708986,58653763720301,58653763720301,58653779226350,58653779359425,58653779403740,79797166,3.8923,0.0113,15.5060,0.1331,0.0443,19.5871,1
284,58653825369941,58653829557955,58653829568436,58653829568436,58653845244690,58653845411135,58653845463079,79797166,4.1880,0.0105,15.6763,0.1664,0.0519,20.0931,1
285,58653878796130,58653883190625,58653883197588,58653883197588,58653898232099,58653898363322,58653898406988,79797166,4.3945,0.0070,15.0345,0.1312,0.0437,19.6109,1
286,58653928279639,58653934505566,58653934509603,58653934509603,58653949176576,58653949324280,58653949374169,79797166,6.2259,0.0040,14.6670,0.1477,0.0499,21.0945,2
287,58653998457733,58654002211578,58654002216134,58654002216134,58654018017647,58654018176388,58654018225407,79797166,3.7538,0.0046,15.8015,0.1587,0.0490,19.7677,3
288,58654058885129,58654062913604,58654062926512,58654062926512,58654078670969,58654078840748,58654078895915,79797166,4.0285,0.0129,15.7445,0.1698,0.0552,20.0108,4
289,58654110374718,58654114778806,58654114783751,58654114783751,58654130011651,58654130267819,58654130319171,79797166,4.4041,0.0049,15.2279,0.2562,0.0514,19.9445,2
290,58654172962732,58654177268024,58654177278857,58654177278857,58654192466868,58654192669702,58654192732462,79797166,4.3053,0.0108,15.1880,0.2028,0.0628,19.7697,5
291,58654233916760,58654238402681,58654238411070,58654238411070,58654253748304,58654254028657,58654254122028,79797166,4.4859,0.0084,15.3372,0.2804,0.0934,20.2053,8
292,58654299683432,58654303458925,58654303467166,58654303467166,58654318921660,58654319183883,58654319256587,79797166,3.7755,0.0082,15.4545,0.2622,0.0727,19.5732,7
293,58654377524383,58654381236099,58654381242728,58654381242728,58654397310372,58654397629743,58654397718133,79797166,3.7117,0.0066,16.0676,0.3194,0.0884,20.1938,5
294,58654435753216,58654439524747,58654439529895,58654439529895,58654456861321,58654457070099,58654457134081,4094276274,3.7715,0.0051,17.3314,0.2088,0.0640,21.3809,1
295,58654481693566,58654486299525,58654486307877,58654486307877,58654502171261,58654502348502,58654502399632,4094276274,4.6060,0.0084,15.8634,0.1772,0.0511,20.7061,2
296,58654549340522,58654553560999,58654553567184,58654553567184,58654569347104,58654569520235,58654569570883,4094276274,4.2205,0.0062,15.7799,0.1731,0.0506,20.2304,2
297,58654622145772,58654626391267,58654626396360,58654626396360,58654641944817,58654642108466,58654642157540,2179046780,4.2455,0.0051,15.5485,0.1636,0.0491,20.0118,2
298,58654673741363,58654677771301,58654677777431,58654677777431,58654693704370,58654693876815,58654693926279,2179046780,4.0299,0.0061,15.9269,0.1724,0.0495,20.1849,2
299,58654738616995,58654743295065,58654743299269,58654743299269,58654758071186,58654758241835,58654758296965,2179046780,4.6781,0.0042,14.7719,0.1706,0.0551,19.6800,2
300,58654796116900,58654800563710,58654800572859,58654800572859,58654815561462,58654815727259,58654815776648,2179046780,4.4468,0.0091,14.9886,0.1658,0.0494,19.6597,3
301,58654855743830,58654860589568,58654860601772,58654860601772,58654876289674,58654876453859,58654876503489,2179046780,4.8457,0.0122,15.6879,0.1642,0.0496,20.7597,3
302,58654927877227,58654932293370,58654932297981,58654932297981,58654946926732,58654947091677,58654947144603,2179046780,4.4161,0.0046,14.6288,0.1649,0.0529,19.2674,3
303,58654979059649,58654982872902,58654982878050,58654982878050,58654999008249,58654999187361,58654999242954,2179046780,3.8133,0.0051,16.1302,0.1791,0.0556,20.1833,3
304,58655050003208,58655053928720,58655053933943,58655053933943,58655069595474,58655069742104,58655069793252,1497040646,3.9255,0.0052,15.6615,0.1466,0.0511,19.7900,3
305,58655124846983,58655131217337,58655131222337,58655131222337,58655147446833,58655147726297,58655147798186,137357505,6.3704,0.0050,16.2245,0.2795,0.0719,22.9512,1
306,58655164168478,58655168510177,58655168515937,58655168515937,58655183697967,58655183843060,58655183892097,1772490152,4.3417,0.0058,15.1820,0.1451,0.0490,19.7236,3
307,58655233663626,58655238275696,58655238280770,58655238280770,58655252830057,58655252976854,58655253029113,1772490152,4.6121,0.0051,14.5493,0.1468,0.0523,19.3655,3
308,58655316395000,58655320557050,58655320561661,58655320561661,58655335538561,58655335677172,58655335724265,2434968228,4.1620,0.0046,14.9769,0.1386,0.0471,19.3293,3
309,58655373041865,58655377251990,58655377257971,58655377257971,58655394377155,58655394515897,58655394561249,2401203258,4.2101,0.0060,17.1192,0.1387,0.0454,21.5194,2
310,58655449811628,58655454221698,58655454232772,58655454232772,58655470398453,58655470625879,58655470682843,42859382,4.4101,0.0111,16.1657,0.2274,0.0570,20.8712,3
311,58655495421866,58655500197437,58655500204011,58655500204011,58655516339340,58655516495840,58655516547044,4178051707,4.7756,0.0066,16.1353,0.1565,0.0512,21.1252,2
312,58655540350453,58655544999449,58655545004357,58655545004357,58655560481462,58655560620962,58655560666536,2058905057,4.6490,0.0049,15.4771,0.1395,0.0456,20.3161,3
313,58655640537087,58655645268231,58655645272731,58655645272731,58655660971059,58655661112856,58655661160912,2725978954,4.7311,0.0045,15.6983,0.1418,0.0481,20.6238,3
314,58655679308988,58655683691243,58655683698576,58655683698576,58655699752757,58655699893035,58655699938461,648813978,4.3823,0.0073,16.0542,0.1403,0.0454,20.6295,2
315,58655729482370,58655733588883,58655733602031,58655733602031,58655749183710,58655749310637,58655749355211,2064940292,4.1065,0.0131,15.5817,0.1269,0.0446,19.8728,1
316,58655822895556,58655828295425,58655828306110,58655828306110,58655846546853,58655846684076,58655846731928,1019691829,5.3999,0.0107,18.2407,0.1372,0.0479,23.8364,4
317,58655855391770,58655859267357,58655859272820,58655859272820,58655874048256,58655874176793,58655874223182,1619216843,3.8756,0.0055,14.7754,0.1285,0.0464,18.8314,4
318,58655942599474,58655946614746,58655946670987,58655946670987,58655962292536,58655962422000,58655962475685,1084417905,4.0153,0.0562,15.6215,0.1295,0.0537,19.8762,2
319,58655986519854,58655990864109,58655990869387,58655990869387,58656005948398,58656006071805,58656006114287,2391648109,4.3443,0.0053,15.0790,0.1234,0.0425,19.5944,2
320,58656070024139,58656074435893,58656074441708,58656074441708,58656090068554,58656090294777,58656090341666,1074073519,4.4118,0.0058,15.6268,0.2262,0.0469,20.3175,2
321,58656117333678,58656121117283,58656121131746,58656121131746,58656137455872,58656137583539,58656137632798,3980312134,3.7836,0.0145,16.3241,0.1277,0.0493,20.2991,4
322,58656183588704,58656187704717,58656187709328,58656187709328,58656202628838,58656202760968,58656202810857,4182861067,4.1160,0.0046,14.9195,0.1321,0.0499,19.2222,3
323,58656237943951,58656241904056,58656241909500,58656241909500,58656257037474,58656257171716,58656257227105,348326244,3.9601,0.0054,15.1280,0.1342,0.0554,19.2832,1
324,58656326290343,58656330562394,58656330569468,58656330569468,58656347870449,58656347984838,58656348054579,1009509732,4.2721,0.0071,17.3010,0.1144,0.0697,21.7642,2
325,58656358831539,58656364569780,58656364574965,58656364574965,58656378833121,58656378941048,58656378985085,2021663767,5.7382,0.0052,14.2582,0.1079,0.0440,20.1535,1
326,58656421845573,58656425700141,58656425714863,58656425714863,58656441100171,58656441206209,58656441245468,2540828903,3.8546,0.0147,15.3853,0.1060,0.0393,19.3999,1
327,58656474908464,58656479488386,58656479493256,58656479493256,58656494799805,58656494934139,58656494984306,1306108438,4.5799,0.0049,15.3065,0.1343,0.0502,20.0758,3
328,58656543201959,58656546470451,58656546475562,58656546475562,58656562699280,58656562808133,58656562854781,2973549196,3.2685,0.0051,16.2237,0.1089,0.0466,19.6528,1
329,58656637430018,58656641389623,58656641405864,58656641405864,58656661196464,58656661310909,58656661361761,733317854,3.9596,0.0162,19.7906,0.1144,0.0509,23.9317,1
330,58656669342583,58656673264095,58656673274077,58656673274077,58656688257847,58656688357847,58656688401254,4060109904,3.9215,0.0100,14.9838,0.1000,0.0434,19.0587,1
331,58656719156297,58656723438607,58656723448236,58656723448236,58656738150505,58656738260858,58656738304802,1620470293,4.2823,0.0096,14.7023,0.1104,0.0439,19.1485,2
332,58656783022000,58656786576937,58656786581882,58656786581882,58656801920653,58656802025135,58656802070153,177113349,3.5549,0.0049,15.3388,0.1045,0.0450,19.0482,1
333,58656852492832,58656856743346,58656856749809,58656856749809,58656872109098,58656872219802,58656872266858,2487218696,4.2505,0.0065,15.3593,0.1107,0.0471,19.7740,2
334,58656911265890,58656915365310,58656915370495,58656915370495,58656930486710,58656930592914,58656930638266,2971692192,4.0994,0.0052,15.1162,0.1062,0.0454,19.3724,2
335,58657000884138,58657006785620,58657006791583,58657006791583,58657026049792,58657026284756,58657026336589,3702419670,5.9015,0.0060,19.2582,0.2350,0.0518,25.4525,2
336,58657033062388,58657037385772,58657037394847,58657037394847,58657053501435,58657053645602,58657053698621,257625449,4.3234,0.0091,16.1066,0.1442,0.0530,20.6362,2
337,58657096456720,58657101164031,58657101173772,58657101173772,58657117291823,58657117399212,58657117455027,4012278852,4.7073,0.0097,16.1181,0.1074,0.0558,20.9983,2
338,58657165301994,58657170070139,58657170075528,58657170075528,58657185566392,58657185691448,58657185741448,3989976034,4.7681,0.0054,15.4909,0.1251,0.0500,20.4395,3
339,58657215708840,58657219220129,58657219224277,58657219224277,58657234457011,58657234582307,58657234635993,3989976034,3.5113,0.0041,15.2327,0.1253,0.0537,18.9272,3
340,58657278278447,58657282336830,58657282343200,58657282343200,58657298159639,58657298307566,58657298361233,2139274203,4.0584,0.0064,15.8164,0.1479,0.0537,20.0828,4
341,58657364395980,58657368353307,58657368363030,58657368363030,58657386823514,58657386969329,58657387023867,1639402493,3.9573,0.0097,18.4605,0.1458,0.0545,22.6279,5
342,58657401939377,58657406240409,58657406247965,58657406247965,58657422104571,58657422246349,58657422301757,1639402493,4.3010,0.0076,15.8566,0.1418,0.0554,20.3624,4
343,58657491015716,58657495174896,58657495187155,58657495187155,58657510539408,58657510691538,58657510748742,2225572162,4.1592,0.0123,15.3523,0.1521,0.0572,19.7330,5
344,58657538343200,58657542646436,58657542651399,58657542651399,58657558878506,58657559020988,58657559072581,1415488285,4.3032,0.0050,16.2271,0.1425,0.0516,20.7294,3
345,58657604226928,58657608656924,58657608663461,58657608663461,58657624785975,58657624945939,58657624998735,3185592830,4.4300,0.0065,16.1225,0.1600,0.0528,20.7718,3
346,58657680208726,58657684979982,58657684989241,58657684989241,58657703252243,58657703419688,58657703470818,107451007,4.7713,0.0093,18.2630,0.1674,0.0511,23.2621,3
347,58657714312519,58657718484255,58657718496144,58657718496144,58657734182157,58657734364583,58657734420954,2751774611,4.1717,0.0119,15.6860,0.1824,0.0564,20.1084,3
348,58657786348119,58657790525558,58657790534706,58657790534706,58657805966219,58657806159219,58657806216479,1740980491,4.1774,0.0091,15.4315,0.1930,0.0573,19.8684,4
349,58657839069694,58657844172488,58657844177618,58657844177618,58657859795390,58657860112076,58657860180854,2411682703,5.1028,0.0051,15.6178,0.3167,0.0688,21.1112,5
350,58657897113805,58657901389559,58657901401504,58657901401504,58657917381388,58657917686593,58657917770500,2279966852,4.2758,0.0119,15.9799,0.3052,0.0839,20.6567,8
351,58657985363790,58657990104008,58657990109323,58657990109323,58658008475882,58658008814438,58658008902142,2039082182,4.7402,0.0053,18.3666,0.3386,0.0877,23.5384,8
352,58658021089848,58658025340657,58658025354324,58658025354324,58658040437669,58658040741466,58658040828003,2039082182,4.2508,0.0137,15.0833,0.3038,0.0865,19.7382,9
353,58658113234900,58658117774729,58658117783785,58658117783785,58658132187646,58658132469461,58658132690518,1901316754,4.5398,0.0091,14.4039,0.2818,0.2211,19.4556,6
354,58658159796048,58658164145062,58658164155099,58658164155099,58658178636812,58658178880702,58658178955054,1215812075,4.3490,0.0100,14.4817,0.2439,0.0744,19.1590,6
355,58658210771544,58658213932536,58658213940665,58658213940665,58658229216547,58658229430103,58658229500233,3165199863,3.1610,0.0081,15.2759,0.2136,0.0701,18.7287,6
356,58658299439197,58658303792340,58658303797081,58658303797081,58658321201803,58658321360618,58658321415711,2457959885,4.3531,0.0047,17.4047,0.1588,0.0551,21.9765,2
357,58658332797469,58658336301740,58658336307221,58658336307221,58658351766178,58658351901956,58658351955308,3174191235,3.5043,0.0055,15.4590,0.1358,0.0534,19.1578,2
358,58658419455171,58658423044257,58658423049905,58658423049905,58658440231182,58658440390997,58658440478479,3595727814,3.5891,0.0056,17.1813,0.1598,0.0875,21.0233,2
359,58658453172482,58658457727645,58658457737700,58658457737700,58658471867542,58658471966894,58658472050802,2874338419,4.5552,0.0101,14.1298,0.0994,0.0839,18.8783,1
360,58658544700273,58658548515526,58658548529656,58658548529656,58658565318432,58658565399154,58658565458765,4103188485,3.8153,0.0141,16.7888,0.0807,0.0596,20.7585,1
361,58658585901127,58658589944788,58658589957547,58658589957547,58658605035966,58658605064299,58658605093947,1825320448,4.0437,0.0128,15.0784,0.0283,0.0296,19.1928,0
362,58658643563718,58658646866839,58658646870451,58658646870451,58658663116854,58658663144965,58658663176465,4029040140,3.3031,0.0036,16.2464,0.0281,0.0315,19.6127,0
363,58658699809897,58658703484334,58658703488334,58658703488334,58658719861238,58658719888683,58658719920220,4029040140,3.6744,0.0040,16.3729,0.0274,0.0315,20.1103,0
364,58658781079322,58658784985409,58658784996501,58658784996501,58658799848641,58658799873826,58658799902623,1902784480,3.9061,0.0111,14.8521,0.0252,0.0288,18.8233,0
365,58658834966475,58658839302600,58658839308989,58658839308989,58658854582427,58658854735464,58658854795372,4188240055,4.3361,0.0064,15.2734,0.1530,0.0599,19.8289,4
366,58658917273793,58658921908585,58658921915252,58658921915252,58658938099785,58658938241989,58658938293397,1043784483,4.6348,0.0067,16.1845,0.1422,0.0514,21.0196,2
367,58658953017666,58658957541069,58658957546921,58658957546921,58658972416209,58658972548950,58658972651969,5421253,4.5234,0.0059,14.8693,0.1327,0.1030,19.6343,2
368,58659042307487,58659047495504,58659047501115,58659047501115,58659063873130,58659063984334,58659064051112,1656459500,5.1880,0.0056,16.3720,0.1112,0.0668,21.7436,2
369,58659084760400,58659089066617,58659089081673,58659089081673,58659105975171,58659106116246,58659106189042,1600600068,4.3062,0.0151,16.8935,0.1411,0.0728,21.4286,3
370,58659160544975,58659165588213,58659165595287,58659165595287,58659181564930,58659181700320,58659181753894,2282871609,5.0432,0.0071,15.9696,0.1354,0.0536,21.2089,3
371,58659205617155,58659208791295,58659208801591,58659208801591,58659225947627,58659226077591,58659226126535,3309560582,3.1741,0.0103,17.1460,0.1300,0.0489,20.5094,5
372,58659260327626,58659266255811,58659266260663,58659266260663,58659280697116,58659280821617,58659280871969,3298527212,5.9282,0.0049,14.4365,0.1245,0.0504,20.5443,6
373,58659328909973,58659332728856,58659332734393,58659332734393,58659348890926,58659348994500,58659349039686,2154983816,3.8189,0.0055,16.1565,0.1036,0.0452,20.1297,4
374,58659380194637,58659384280446,58659384286409,58659384286409,58659399091049,58659399206179,58659399251660,4217369081,4.0858,0.0060,14.8046,0.1151,0.0455,19.0570,4
375,58659443064707,58659446674959,58659446685015,58659446685015,58659461732100,58659461847878,58659461899434,3526527158,3.6103,0.0101,15.0471,0.1158,0.0516,18.8347,4
376,58659513445653,58659517238073,58659517242591,58659517242591,58659533244198,58659533386587,58659533443199,876704205,3.7924,0.0045,16.0016,0.1424,0.0566,19.9975,4
377,58659559984320,58659564256389,58659564261204,58659564261204,58659579508845,58659579637438,58659579687549,2161703092,4.2721,0.0048,15.2476,0.1286,0.0501,19.7032,3
378,58659654053286,58659658757894,58659658765209,58659658765209,58659677236230,58659677362342,58659677487916,2673016667,4.7046,0.0073,18.4710,0.1261,0.1256,23.4346,4
379,58659690758681,58659695598381,58659695603344,58659695603344,58659710853134,58659710983616,58659711034838,2673016667,4.8397,0.0050,15.2498,0.1305,0.0512,20.2762,5
380,58659764566545,58659769396172,58659769402672,58659769402672,58659784513220,58659784664035,58659784723628,8454196,4.8296,0.0065,15.1105,0.1508,0.0596,20.1571,5
381,58659809666504,58659814309833,58659814324685,58659814324685,58659829294844,58659829428641,58659829489289,382300380,4.6433,0.0149,14.9702,0.1338,0.0606,19.8228,5
382,58659880192154,58659884485427,58659884499298,58659884499298,58659898987233,58659899134585,58659899193863,1571264905,4.2933,0.0139,14.4879,0.1474,0.0593,19.0017,5
383,58659965263870,58659969615698,58659969625606,58659969625606,58659986726827,58659986898901,58659986955716,3528183307,4.3518,0.0099,17.1012,0.1721,0.0568,21.6918,5
384,58660004109956,58660007446411,58660007451819,58660007451819,58660023589426,58660023773185,58660023830537,3993020733,3.3365,0.0054,16.1376,0.1838,0.0574,19.7206,6
385,58660062245678,58660067201657,58660067207009,58660067207009,58660081869574,58660082097482,58660082168186,1221875087,4.9560,0.0054,14.6626,0.2279,0.0707,19.9225,8
386,58660141687746,58660146012575,58660146017482,58660146017482,58660162563924,58660162847517,58660162922536,1159625766,4.3248,0.0049,16.5464,0.2836,0.0750,21.2348,5
387,58660187923523,58660191889610,58660191894943,58660191894943,58660207334844,58660207673049,58660207775086,865748323,3.9661,0.0053,15.4399,0.3382,0.1020,19.8516,10
388,58660266315439,58660270617564,58660270626379,58660270626379,58660286061798,58660286394059,58660286496170,213058184,4.3021,0.0088,15.4354,0.3323,0.1021,20.1807,8
389,58660340037840,58660344334428,58660344340539,58660344340539,58660360541739,58660360978907,58660361074000,3837294051,4.2966,0.0061,16.2012,0.4372,0.0951,21.0362,6
390,58660383006792,58660387247250,58660387252120,58660387252120,58660402192223,58660402510725,58660402611780,3618140347,4.2405,0.0049,14.9401,0.3185,0.1011,19.6050,8
391,58660430929352,58660434894791,58660434905383,58660434905383,58660450305303,58660450602989,58660450686804,1928965622,3.9654,0.0106,15.3999,0.2977,0.0838,19.7575,8
392,58660499492274,58660503205101,58660503217175,58660503217175,58660518407816,58660518667872,58660518745095,2742899745,3.7128,0.0121,15.1906,0.2601,0.0772,19.2528,7
393,58660590389249,58660594063279,58660594067482,58660594067482,58660610655258,58660610897073,58660610969073,2742260603,3.6740,0.0042,16.5878,0.2418,0.0720,20.5798,6
394,58660632196567,58660636374876,58660636380395,58660636380395,58660651771592,58660652109075,58660652212445,2980785034,4.1783,0.0055,15.3912,0.3375,0.1034,20.0159,4
395,58660695494935,58660700187580,58660700201450,58660700201450,58660715355961,58660715433313,58660715479332,1872449307,4.6926,0.0139,15.1545,0.0774,0.0460,19.9844,0
396,58660746230930,58660750734778,58660750739444,58660750739444,58660764435932,58660764500451,58660764544785,1057018214,4.5038,0.0047,13.6965,0.0645,0.0443,18.3139,0
397,58660827452429,58660830889903,58660830895107,58660830895107,58660845464524,58660845515598,58660845555024,1012673854,3.4375,0.0052,14.5694,0.0511,0.0394,18.1026,0
398,58660883757571,58660887677232,58660887681862,58660887681862,58660901892796,58660901941463,58660901977685,4197653643,3.9197,0.0046,14.2109,0.0487,0.0362,18.2201,0
399,58660959768128,58660964635959,58660964641273,58660964641273,58660978572170,58660978629540,58660978677892,3354792605,4.8678,0.0053,13.9309,0.0574,0.0484,18.9098,0
400,58661007110372,58661011140959,58661011145903,58661011145903,58661026666193,58661026703008,58661026735267,1494874197,4.0306,0.0049,15.5203,0.0368,0.0323,19.6249,0
401,58661054269855,58661058262831,58661058267127,58661058267127,58661072578617,58661072609821,58661072644969,1843687246,3.9930,0.0043,14.3115,0.0312,0.0351,18.3751,0
402,58661122498239,58661126725956,58661126731790,58661126731790,58661140397852,58661140428463,58661140458481,3978140888,4.2277,0.0058,13.6661,0.0306,0.0300,17.9602,0
403,58661184462862,58661188766969,58661188773265,58661188773265,58661202980273,58661203011995,58661203046347,181718617,4.3041,0.0063,14.2070,0.0317,0.0344,18.5835,0
404,58661270458469,58661274528242,58661274534093,58661274534093,58661291211221,58661291237665,58661291269628,152304561,4.0698,0.0059,16.6771,0.0264,0.0320,20.8112,0
405,58661305138783,58661309222296,58661309228685,58661309228685,58661323650583,58661323681287,58661323713843,152304561,4.0835,0.0064,14.4219,0.0307,0.0326,18.5751,0
406,58661385241853,58661390304092,58661390309055,58661390309055,58661405040102,58661405082472,58661405120713,3252387597,5.0622,0.0050,14.7310,0.0424,0.0382,19.8789,0
407,58661437826039,58661442550777,58661442560036,58661442560036,58661456777877,58661456800600,58661456828081,2486442709,4.7247,0.0093,14.2178,0.0227,0.0275,19.0020,0
408,58661511915220,58661515309601,58661515323286,58661515323286,58661529601850,58661529626350,58661529653480,2067290698,3.3944,0.0137,14.2786,0.0245,0.0271,17.7383,0
409,58661581716905,58661585288787,58661585302805,58661585302805,58661600734299,58661600756762,58661600784003,503756800,3.5719,0.0140,15.4315,0.0225,0.0272,19.0671,0
410,58661627236402,58661630646246,58661630658431,58661630658431,58661645959072,58661645981072,58661646007369,2398817201,3.4098,0.0122,15.3006,0.0220,0.0263,18.7710,0
411,58661691292865,58661696534363,58661696539270,58661696539270,58661710477648,58661710500000,58661710531593,1113809142,5.2415,0.0049,13.9384,0.0224,0.0316,19.2387,0
412,58661736422064,58661739488481,58661739493333,58661739493333,58661754533103,58661754558529,58661754585455,2844364225,3.0664,0.0049,15.0398,0.0254,0.0269,18.1634,0
413,58661799529913,58661804995449,58661805001060,58661805001060,58661818673548,58661818697993,58661818730919,2715007936,5.4655,0.0056,13.6725,0.0244,0.0329,19.2010,0
414,58661887408267,58661891497928,58661891502965,58661891502965,58661908720242,58661908794243,58661908829298,1379347469,4.0897,0.0050,17.2173,0.0740,0.0351,21.4210,0
415,58661923050307,58661926539466,58661926545781,58661926545781,58661941541958,58661941565977,58661941594495,1379347469,3.4892,0.0063,14.9962,0.0240,0.0285,18.5442,0
416,58662000934258,58662005292846,58662005304068,58662005304068,58662020367246,58662020396135,58662020442913,531049962,4.3586,0.0112,15.0632,0.0289,0.0468,19.5087,0
417,58662047910389,58662051537771,58662051543234,58662051543234,58662065493260,58662065514390,58662065540168,1350321707,3.6274,0.0055,13.9500,0.0211,0.0258,17.6298,0
418,58662114187748,58662120180434,58662120185564,58662120185564,58662133747718,58662133772237,58662133800311,3899555167,5.9927,0.0051,13.5622,0.0245,0.0281,19.6126,0
419,58662198818425,58662204833500,58662204839908,58662204839908,58662218804600,58662218844489,58662218879323,3965177157,6.0151,0.0064,13.9647,0.0399,0.0348,20.0609,0
420,58662245836371,58662250658165,58662250663942,58662250663942,58662266218547,58662266246696,58662266277733,3152394340,4.8218,0.0058,15.5546,0.0281,0.0310,20.4414,0
421,58662291237701,58662295286214,58662295293436,58662295293436,58662309884409,58662309907001,58662309934038,2002267796,4.0485,0.0072,14.5910,0.0226,0.0270,18.6963,0
422,58662365267548,58662369116431,58662369122820,58662369122820,58662383615718,58662383638829,58662383665421,2674211126,3.8489,0.0064,14.4929,0.0231,0.0266,18.3979,0
423,58662448387424,58662452938420,58662452943549,58662452943549,58662466546408,58662466573796,58662466602704,2833078979,4.5510,0.0051,13.6029,0.0274,0.0289,18.2153,0
424,58662493771698,58662497483358,58662497488099,58662497488099,58662512280442,58662512305942,58662512336664,2833078979,3.7117,0.0047,14.7923,0.0255,0.0307,18.5650,0
425,58662556521009,58662560961486,58662560966560,58662560966560,58662576384665,58662576405405,58662576430739,135313930,4.4405,0.0051,15.4181,0.0207,0.0253,19.9097,0
426,58662602494359,58662606216389,58662606226612,58662606226612,58662619991692,58662620050526,58662620080748,1896760881,3.7220,0.0102,13.7651,0.0588,0.0302,17.5864,0
427,58662669342368,58662673800938,58662673805216,58662673805216,58662687980650,58662688032409,58662688062020,3898047187,4.4586,0.0043,14.1754,0.0518,0.0296,18.7197,0
428,58662730170117,58662734598465,58662734610243,58662734610243,58662747857970,58662747878155,58662747903933,2944817013,4.4283,0.0118,13.2477,0.0202,0.0258,17.7338,0
429,58662819319494,58662823786749,58662823791527,58662823791527,58662838735722,58662838757556,58662838783315,3809097701,4.4673,0.0048,14.9442,0.0218,0.0258,19.4638,0
430,58662864497915,58662868634892,58662868639595,58662868639595,58662882935104,58662882962104,58662882992086,238294972,4.1370,0.0047,14.2955,0.0270,0.0300,18.4942,0
431,58662921243281,58662924751959,58662924756441,58662924756441,58662939304080,58662939329950,58662939360969,3253563802,3.5087,0.0045,14.5476,0.0259,0.0310,18.1177,0
432,58663005938496,58663010073138,58663010082101,58663010082101,58663023952534,58663023979812,58663024046998,1927348975,4.1346,0.0090,13.8704,0.0273,0.0672,18.1085,0
433,58663053131646,58663057678123,58663057683123,58663057683123,58663071491575,58663071518853,58663071550593,3394446486,4.5465,0.0050,13.8085,0.0273,0.0317,18.4189,0
434,58663123879093,58663128495182,58663128506812,58663128506812,58663142149855,58663142175466,58663142203318,3216967105,4.6161,0.0116,13.6430,0.0256,0.0279,18.3242,0
435,58663191643328,58663198130682,58663198135274,58663198135274,58663214083603,58663214105288,58663214130510,1546376209,6.4874,0.0046,15.9483,0.0217,0.0252,22.4872,0
436,58663222276407,58663226519846,58663226526217,58663226526217,58663239867759,58663239890259,58663239917685,2907258201,4.2434,0.0064,13.3415,0.0225,0.0274,17.6413,0
437,58663285766127,58663290077326,58663290081808,58663290081808,58663302802034,58663302829219,58663302860552,1174732247,4.3112,0.0045,12.7202,0.0272,0.0313,17.0944,0
438,58663375401580,58663379514519,58663379520278,58663379520278,58663393056673,58663393079395,58663393111303,777657471,4.1129,0.0058,13.5364,0.0227,0.0319,17.7097,0
439,58663422720545,58663426578039,58663426591076,58663426591076,58663440785417,58663440807714,58663440834436,2721402462,3.8575,0.0130,14.1943,0.0223,0.0267,18.1139,0
440,58663471513089,58663475454824,58663475459213,58663475459213,58663489709740,58663489733296,58663489761203,12144262,3.9417,0.0044,14.2505,0.0236,0.0279,18.2481,0
441,58663540290234,58663544230191,58663544235321,58663544235321,58663557919235,58663557958624,58663557994457,4073376603,3.9400,0.0051,13.6839,0.0394,0.0358,17.7042,0
442,58663625600043,58663630265650,58663630270891,58663630270891,58663643674971,58663643696638,58663643725323,4029686003,4.6656,0.0052,13.4041,0.0217,0.0287,18.1253,0
443,58663671344392,58663674943496,58663674952682,58663674952682,58663688914152,58663688937523,58663688967060,3221682731,3.5991,0.0092,13.9615,0.0234,0.0295,17.6227,0
444,58663741601801,58663745937852,58663745943130,58663745943130,58663759985749,58663760025008,58663760053305,216172814,4.3361,0.0053,14.0426,0.0393,0.0283,18.4515,0
445,58663788939971,58663792746501,58663792751705,58663792751705,58663807278733,58663807313622,58663807357418,1273216178,3.8065,0.0052,14.5270,0.0349,0.0438,18.4174,0
446,58663861491646,58663866256235,58663866268902,58663866268902,58663881243672,58663881263746,58663881289691,1239761115,4.7646,0.0127,14.9748,0.0201,0.0259,19.7980,0
447,58663905706602,58663910424284,58663910428765,58663910428765,58663924999182,58663925019571,58663925045941,59563602,4.7177,0.0045,14.5704,0.0204,0.0264,19.3393,0
448,58663970508882,58663974879174,58663974883896,58663974883896,58663987797048,58663987817363,58663987842975,3430004826,4.3703,0.0047,12.9132,0.0203,0.0256,17.3341,0
449,58664051353640,58664055650042,58664055654691,58664055654691,58664069754847,58664069776476,58664069802976,3634642174,4.2964,0.0046,14.1002,0.0216,0.0265,18.4493,0
450,58664098737439,58664102999064,58664103010471,58664103010471,58664117555462,58664117578925,58664117608703,3496050179,4.2616,0.0114,14.5450,0.0235,0.0298,18.8713,0
451,58664172449433,58664175905314,58664175911851,58664175911851,58664190147137,58664190168378,58664190194823,3915649835,3.4559,0.0065,14.2353,0.0212,0.0264,17.7454,0
452,58664248690379,58664252962837,58664252968745,58664252968745,58664266280658,58664266302232,58664266328787,3728307601,4.2725,0.0059,13.3119,0.0216,0.0266,17.6384,0
453,58664293326688,58664296906274,58664296920385,58664296920385,58664311541580,58664311561172,58664311586469,3186167507,3.5796,0.0141,14.6212,0.0196,0.0253,18.2598,0
454,58664357501319,58664360840533,58664360852255,58664360852255,58664374754466,58664374775948,58664374802726,1951055295,3.3392,0.0117,13.9022,0.0215,0.0268,17.3014,0
455,58664408661833,58664412848087,58664412853680,58664412853680,58664426821595,58664426842243,58664426867558,4250327850,4.1863,0.0056,13.9679,0.0206,0.0253,18.2057,0
456,58664492391915,58664497217615,58664497222097,58664497222097,58664511173734,58664511201678,58664511233864,491570858,4.8257,0.0045,13.9516,0.0279,0.0322,18.8419,0
457,58664535978813,58664540368920,58664540374382,58664540374382,58664554714484,58664554739947,58664554767095,2476749065,4.3901,0.0055,14.3401,0.0255,0.0271,18.7883,0
458,58664589718132,58664593631756,58664593639182,58664593639182,58664607957931,58664607981727,58664608050876,2681736026,3.9136,0.0074,14.3187,0.0238,0.0691,18.3327,0
459,58664683017411,58664688355502,58664688367780,58664688367780,58664705646742,58664705673039,58664705706520,4292321932,5.3381,0.0123,17.2790,0.0263,0.0335,22.6891,0
460,58664712448227,58664716366832,58664716373369,58664716373369,58664729899412,58664729922986,58664729950894,807972166,3.9186,0.0065,13.5260,0.0236,0.0279,17.5027,0
461,58664806793157,58664811782099,58664811786784,58664811786784,58664825734606,58664825754310,58664825778514,135161242,4.9889,0.0047,13.9478,0.0197,0.0242,18.9854,0
462,58664851943819,58664856255537,58664856277592,58664856277592,58664870521286,58664870549101,58664870583397,2871281274,4.3117,0.0221,14.2437,0.0278,0.0343,18.6396,0
463,58664898125726,58664901888886,58664901893238,58664901893238,58664917285102,58664917308491,58664917334509,2837045893,3.7632,0.0044,15.3919,0.0234,0.0260,19.2088,0
464,58664962099207,58664966718074,58664966726778,58664966726778,58664980277561,58664980299210,58664980326413,4228897455,4.6189,0.0087,13.5508,0.0216,0.0272,18.2272,0
465,58665034148344,58665038451969,58665038456562,58665038456562,58665051923030,58665051945401,58665051972864,2526746188,4.3036,0.0046,13.4665,0.0224,0.0275,17.8245,0
466,58665084593820,58665090045319,58665090049504,58665090049504,58665103917622,58665103950548,58665103983252,1275091604,5.4515,0.0042,13.8681,0.0329,0.0327,19.3894,0
467,58665150819327,58665155873269,58665155877547,58665155877547,58665168568180,58665168590698,58665168617569,226989730,5.0539,0.0043,12.6906,0.0225,0.0269,17.7982,0
468,58665226302716,58665230419599,58665230424636,58665230424636,58665244035920,58665244062550,58665244101994,381045360,4.1169,0.0050,13.6113,0.0266,0.0394,17.7993,0
469,58665272743400,58665277082025,58665277088970,58665277088970,58665290492068,58665290512790,58665290538939,2612407189,4.3386,0.0069,13.4031,0.0207,0.0261,17.7955,0
470,58665361463090,58665366734070,58665366738941,58665366738941,58665382650065,58665382674121,58665382706436,1220629917,5.2710,0.0049,15.9111,0.0241,0.0323,21.2433,0
471,58665401216365,58665406052455,58665406056788,58665406056788,58665419358905,58665419379701,58665419406442,1220629917,4.8361,0.0043,13.3021,0.0208,0.0267,18.1901,0
472,58665471174181,58665475459657,58665475469417,58665475469417,58665489607202,58665489632647,58665489667443,4229782569,4.2855,0.0098,14.1378,0.0254,0.0348,18.4933,0
473,58665517712125,58665522263843,58665522268343,58665522268343,58665535996554,58665536050924,58665536077850,3761934290,4.5517,0.0045,13.7282,0.0544,0.0269,18.3657,0
474,58665587787774,58665591607305,58665591619898,58665591619898,58665605478923,58665605501090,58665605528775,737542636,3.8195,0.0126,13.8590,0.0222,0.0277,17.7410,0
475,58665659310224,58665663750257,58665663755202,58665663755202,58665678122988,58665678142118,58665678168803,3118053041,4.4400,0.0049,14.3678,0.0191,0.0267,18.8586,0
476,58665707688323,58665712856654,58665712861432,58665712861432,58665725961252,58665725979807,58665726003400,4046116149,5.1683,0.0048,13.0998,0.0186,0.0236,18.3151,0
477,58665768176886,58665772744956,58665772749382,58665772749382,58665785909702,58665785935165,58665785964517,22003838,4.5681,0.0044,13.1603,0.0255,0.0294,17.7876,0
478,58665844944982,58665848884532,58665848892125,58665848892125,58665864199599,58665864219618,58665864246062,2853670040,3.9396,0.0076,15.3075,0.0200,0.0264,19.3011,0
479,58665890421775,58665894714826,58665894726067,58665894726067,58665908467833,58665908488815,58665908515815,3395607642,4.2931,0.0112,13.7418,0.0210,0.0270,18.0940,0
480,58665988435199,58665995560647,58665995565999,58665995565999,58666011890385,58666011909125,58666011932959,2891924227,7.1254,0.0054,16.3244,0.0187,0.0238,23.4978,0
481,58666016941771,58666021433156,58666021437785,58666021437785,58666034702420,58666034732624,58666034759976,1041926542,4.4914,0.0046,13.2646,0.0302,0.0274,17.8182,0
482,58666105098570,58666109583381,58666109589159,58666109589159,58666124634762,58666124661448,58666124694337,1244614181,4.4848,0.0058,15.0456,0.0267,0.0329,19.5958,0
483,58666145293810,58666149080248,58666149085470,58666149085470,58666162826736,58666162850829,58666162879829,2821901324,3.7864,0.0052,13.7413,0.0241,0.0290,17.5860,0
484,58666205699724,58666209828812,58666209833404,58666209833404,58666223591392,58666223613022,58666223641763,4056366366,4.1291,0.0046,13.7580,0.0216,0.0287,17.9420,0
485,58666295532251,58666300381044,58666300386544,58666300386544,58666315859983,58666315946779,58666316056280,3549763515,4.8488,0.0055,15.4734,0.0868,0.1095,20.5240,0
486,58666339254761,58666342766254,58666342776087,58666342776087,58666357065836,58666357087688,58666357115392,1676464887,3.5115,0.0098,14.2897,0.0219,0.0277,17.8606,0
487,58666386247596,58666389620181,58666389634495,58666389634495,58666403981245,58666404024764,58666404059375,2922420581,3.3726,0.0143,14.3468,0.0435,0.0346,17.8118,0
488,58666445622933,58666450059762,58666450064614,58666450064614,58666463290971,58666463313545,58666463341378,872717532,4.4368,0.0049,13.2264,0.0226,0.0278,17.7184,0
489,58666524190220,58666528089140,58666528102048,58666528102048,58666542195352,58666542215759,58666542242056,171109545,3.8989,0.0129,14.0933,0.0204,0.0263,18.0518,0
490,58666574929623,58666578700357,58666578708339,58666578708339,58666591608157,58666591631713,58666591659472,1200380603,3.7707,0.0080,12.8998,0.0236,0.0278,16.7298,0
491,58666678969880,58666685031881,58666685036696,58666685036696,58666701212099,58666701240377,58666701276785,3057960316,6.0620,0.0048,16.1754,0.0283,0.0364,22.3069,0
492,58666706163208,58666711054464,58666711059297,58666711059297,58666724304488,58666724324173,58666724351377,2718639801,4.8913,0.0048,13.2452,0.0197,0.0272,18.1882,0
493,58666758381781,58666762661258,58666762666610,58666762666610,58666776605858,58666776627543,58666776652654,971209207,4.2795,0.0054,13.9392,0.0217,0.0251,18.2709,0
494,58666837711293,58666841483213,58666841494565,58666841494565,58666856088056,58666856111148,58666856139056,728613261,3.7719,0.0114,14.5935,0.0231,0.0279,18.4278,0
495,58666890580295,58666895192606,58666895197125,58666895197125,58666909208132,58666909230651,58666909257873,1807317683,4.6123,0.0045,14.0110,0.0225,0.0272,18.6776,0
496,58666971347127,58666975447473,58666975452714,58666975452714,58666993426234,58666993453678,58666993486734,2252129085,4.1003,0.0052,17.9735,0.0274,0.0331,22.1396,0
497,58667006950296,58667011186513,58667011201587,58667011201587,58667025915449,58667025939060,58667025965764,2252129085,4.2362,0.0151,14.7139,0.0236,0.0267,19.0155,0
498,58667085087859,58667089616170,58667089620781,58667089620781,58667104623014,58667104647570,58667104677737,2997733527,4.5283,0.0046,15.0022,0.0246,0.0302,19.5899,0
499,58667128897517,58667133758977,58667133772755,58667133772755,58667147395706,58667147419391,58667147450447,1203088865,4.8615,0.0138,13.6230,0.0237,0.0311,18.5529,0
500,58667198719314,58667203175939,58667203181791,58667203181791,58667217409596,58667217435225,58667217464263,4233555055,4.4566,0.0059,14.2278,0.0256,0.0290,18.7449,0
501,58667285515646,58667291273535,58667291278572,58667291278572,58667305457469,58667305480450,58667305511025,1961819353,5.7579,0.0050,14.1789,0.0230,0.0306,19.9954,0
502,58667334099597,58667339163632,58667339168743,58667339168743,58667352860472,58667352881620,58667352907657,4217923162,5.0640,0.0051,13.6917,0.0211,0.0260,18.8081,0
503,58667394670401,58667400124585,58667400131733,58667400131733,58667413246775,58667413270757,58667413297424,132460594,5.4542,0.0071,13.1150,0.0240,0.0267,18.6270,0
504,58667450801487,58667454619648,58667454625000,58667454625000,58667468867378,58667468889008,58667468916916,1043455709,3.8182,0.0054,14.2424,0.0216,0.0279,18.1154,0
505,58667520058375,58667524804520,58667524809760,58667524809760,58667538647749,58667538671786,58667538700879,258885784,4.7461,0.0052,13.8380,0.0240,0.0291,18.6425,0
506,58667564196238,58667567334618,58667567340451,58667567340451,58667582924649,58667582944853,58667582971390,3917128973,3.1384,0.0058,15.5842,0.0202,0.0265,18.7752,0
507,58667626052990,58667630475578,58667630480208,58667630480208,58667643835806,58667643856140,58667643882491,2470226037,4.4226,0.0046,13.3556,0.0203,0.0264,17.8295,0
508,58667705274743,58667709683331,58667709688368,58667709688368,58667724581897,58667724606582,58667724634638,1325244173,4.4086,0.0050,14.8935,0.0247,0.0281,19.3599,0
509,58667752549190,58667756506684,58667756511054,58667756511054,58667771136934,58667771159156,58667771186842,896755644,3.9575,0.0044,14.6259,0.0222,0.0277,18.6377,0
510,58667837389182,58667841844215,58667841848548,58667841848548,58667857430265,58667857452709,58667857490746,2439935710,4.4550,0.0043,15.5817,0.0224,0.0380,20.1016,0
511,58667877616144,58667882116269,58667882120806,58667882120806,58667895714683,58667895737368,58667895768813,378388201,4.5001,0.0045,13.5939,0.0227,0.0314,18.1527,0
512,58667970429365,58667975155492,58667975165454,58667975165454,58667992262398,58667992280824,58667992305509,3585393208,4.7261,0.0100,17.0969,0.0184,0.0247,21.8761,0
513,58668009017914,58668013476965,58668013482428,58668013482428,58668026978527,58668026999879,58668027028935,3585393208,4.4591,0.0055,13.4961,0.0214,0.0291,18.0110,0
514,58668064532073,58668069068735,58668069073902,58668069073902,58668082278259,58668082299481,58668082328555,3800694970,4.5367,0.0052,13.2044,0.0212,0.0291,17.7965,0
515,58668148287728,58668152695557,58668152701187,58668152701187,58668166211508,58668166234508,58668166262119,2355871958,4.4078,0.0056,13.5103,0.0230,0.0276,17.9744,0
516,58668204907983,58668209469886,58668209475609,58668209475609,58668223357560,58668223378523,58668223405783,554282234,4.5619,0.0057,13.8820,0.0210,0.0273,18.4978,0
517,58668279022645,58668282698527,58668282712601,58668282712601,58668296329219,58668296350885,58668296377904,1737252502,3.6759,0.0141,13.6166,0.0217,0.0270,17.3553,0
518,58668325320607,58668329281712,58668329286842,58668329286842,58668342985404,58668343010330,58668343041571,1621182394,3.9611,0.0051,13.6986,0.0249,0.0312,17.7210,0
519,58668379230927,58668383918127,58668383922757,58668383922757,58668397383781,58668397403485,58668397433244,2510301859,4.6872,0.0046,13.4610,0.0197,0.0298,18.2023,0
520,58668464891274,58668469251566,58668469256344,58668469256344,58668483240036,58668483277444,58668483314444,756682050,4.3603,0.0048,13.9837,0.0374,0.0370,18.4232,0
521,58668510687846,58668515044638,58668515049156,58668515049156,58668528449458,58668528476106,58668528506051,1591386358,4.3568,0.0045,13.4003,0.0266,0.0299,17.8182,0
522,58668556768271,58668561968232,58668561972991,58668561972991,58668574836439,58668574856532,58668574882384,1562888248,5.2000,0.0048,12.8634,0.0201,0.0259,18.1141,0
523,58668622948000,58668627119254,58668627123736,58668627123736,58668641343799,58668641367596,58668641397707,1590263966,4.1713,0.0045,14.2201,0.0238,0.0301,18.4497,0
524,58668698730538,58668703117626,58668703122256,58668703122256,58668717420560,58668717442357,58668717469264,167456839,4.3871,0.0046,14.2983,0.0218,0.0269,18.7387,0
525,58668747841954,58668751852707,58668751857392,58668751857392,58668765087046,58668765107249,58668765133083,3040784558,4.0108,0.0047,13.2297,0.0202,0.0258,17.2911,0
526,58668812320807,58668816640784,58668816652914,58668816652914,58668830326754,58668830348031,58668830375698,3113493353,4.3200,0.0121,13.6738,0.0213,0.0277,18.0549,0
527,58668888657402,58668892377377,58668892382859,58668892382859,58668907849315,58668907873704,58668907923834,824106677,3.7200,0.0055,15.4665,0.0244,0.0501,19.2664,0
528,58668931976096,58668935080365,58668935090828,58668935090828,58668949647949,58668949670208,58668949712653,2124281990,3.1043,0.0105,14.5571,0.0223,0.0424,17.7366,0
529,58669000540963,58669005122625,58669005127551,58669005127551,58669018290260,58669018311927,58669018346723,3746662295,4.5817,0.0049,13.1627,0.0217,0.0348,17.8058,0
530,58669071225392,58669074958496,58669074963774,58669074963774,58669091186900,58669091213715,58669091255604,2971371669,3.7331,0.0053,16.2231,0.0268,0.0419,20.0302,0
531,58669116946037,58669120985754,58669120990069,58669120990069,58669135605115,58669135630745,58669135662782,3778846616,4.0397,0.0043,14.6150,0.0256,0.0320,18.7167,0
532,58669184122140,58669189045823,58669189050471,58669189050471,58669203145256,58669203169997,58669203204053,3263693282,4.9237,0.0046,14.0948,0.0247,0.0341,19.0819,0
533,58669272689774,58669276359730,58669276370416,58669276370416,58669292861709,58669292882191,58669292909487,2227131692,3.6700,0.0107,16.4913,0.0205,0.0273,20.2197,0
534,58669318847255,58669322839805,58669322844619,58669322844619,58669337190850,58669337235869,58669337274128,794830014,3.9926,0.0048,14.3462,0.0450,0.0383,18.4269,0
535,58669366785333,58669371220866,58669371225181,58669371225181,58669384540816,58669384560020,58669384586298,293278738,4.4355,0.0043,13.3156,0.0192,0.0263,17.8010,0
536,58669455651506,58669459171239,58669459184332,58669459184332,58669474654992,58669474678437,58669474706140,3543619428,3.5197,0.0131,15.4707,0.0234,0.0277,19.0546,0
537,58669504659902,58669508056247,58669508061765,58669508061765,58669524825115,58669524846615,58669524873245,2407487882,3.3963,0.0055,16.7633,0.0215,0.0266,20.2133,0
538,58669549333693,58669553121853,58669553134501,58669553134501,58669566665156,58669566686915,58669566714304,620650801,3.7882,0.0126,13.5307,0.0218,0.0274,17.3806,0
539,58669621818461,58669625919196,58669625923493,58669625923493,58669639367869,58669639389554,58669639416850,1824441207,4.1007,0.0043,13.4444,0.0217,0.0273,17.5984,0
540,58669690626995,58669694882342,58669694893064,58669694893064,58669707730735,58669707768957,58669707817383,2647786148,4.2553,0.0107,12.8377,0.0382,0.0484,17.1904,0
541,58669737045588,58669740907248,58669740914267,58669740914267,58669755000756,58669755023700,58669755051015,239237733,3.8617,0.0070,14.0865,0.0229,0.0273,18.0054,0
542,58669803170020,58669807313941,58669807327386,58669807327386,58669821596542,58669821620783,58669821649765,3416485867,4.1439,0.0134,14.2692,0.0242,0.0290,18.4797,0
543,58669874386303,58669878388019,58669878399908,58669878399908,58669892361101,58669892382509,58669892410379,575444629,4.0017,0.0119,13.9612,0.0214,0.0279,18.0241,0
544,58669952377107,58669956220545,58669956226305,58669956226305,58669970599073,58669970622832,58669970672906,288955111,3.8434,0.0058,14.3728,0.0238,0.0501,18.2958,0
545,58669997055231,58670002301007,58670002305581,58670002305581,58670016137255,58670016157922,58670016184033,3520337419,5.2458,0.0046,13.8317,0.0207,0.0261,19.1288,0
546,58670053685800,58670058208833,58670058220000,58670058220000,58670072027155,58670072053822,58670072084711,3633780090,4.5230,0.0112,13.8072,0.0267,0.0309,18.3989,0
547,58670108710439,58670112374191,58670112387747,58670112387747,58670127687962,58670127709703,58670127738240,136318449,3.6638,0.0136,15.3002,0.0217,0.0285,19.0278,0
548,58670197862704,58670201778235,58670201791939,58670201791939,58670216599783,58670216619338,58670216649357,947545252,3.9155,0.0137,14.8078,0.0196,0.0300,18.7867,0
549,58670250080389,58670255086887,58670255092202,58670255092202,58670268939172,58670268961524,58670268989913,947545252,5.0065,0.0053,13.8470,0.0224,0.0284,18.9095,0
550,58670317438437,58670322114156,58670322123526,58670322123526,58670338398226,58670338418763,58670338448078,1623187893,4.6757,0.0094,16.2747,0.0205,0.0293,21.0096,0
551,58670356629062,58670359761109,58670359767683,58670359767683,58670374543212,58670374591805,58670374642527,703224217,3.1320,0.0066,14.7755,0.0486,0.0507,18.0135,0
552,58670421816826,58670428639458,58670428644995,58670428644995,58670442335132,58670442358132,58670442385558,1471274383,6.8226,0.0055,13.6901,0.0230,0.0274,20.5687,0
553,58670510451015,58670514985734,58670514996974,58670514996974,58670530056096,58670530108930,58670530143986,3029737056,4.5347,0.0112,15.0591,0.0528,0.0351,19.6930,0
554,58670558941966,58670562609700,58670562622274,58670562622274,58670578997826,58670579028938,58670579067104,2728174759,3.6677,0.0126,16.3756,0.0311,0.0382,20.1251,0
555,58670603017866,58670607838733,58670607843474,58670607843474,58670621214128,58670621239591,58670621266887,3168178697,4.8209,0.0047,13.3707,0.0255,0.0273,18.2490,0
556,58670670551896,58670675166503,58670675179337,58670675179337,58670689607642,58670689628086,58670689654624,3133316448,4.6146,0.0128,14.4283,0.0204,0.0265,19.1027,0
557,58670729459417,58670732729261,58670732736891,58670732736891,58670747668975,58670747697827,58670747732198,3269734690,3.2698,0.0076,14.9321,0.0289,0.0344,18.2728,0
558,58670803484894,58670807483833,58670807498425,58670807498425,58670822664140,58670822686492,58670822712974,222120370,3.9989,0.0146,15.1657,0.0224,0.0265,19.2281,0
559,58670856053635,58670860601669,58670860606687,58670860606687,58670874163323,58670874182915,58670874212027,2321553224,4.5480,0.0050,13.5566,0.0196,0.0291,18.1584,0
560,58670915261898,58670919147522,58670919154096,58670919154096,58670933432734,58670933454827,58670933481697,3322952632,3.8856,0.0066,14.2786,0.0221,0.0269,18.2198,0
561,58670993496166,58670997962217,58670997966440,58670997966440,58671012340337,58671012361652,58671012387986,3156927359,4.4661,0.0042,14.3739,0.0213,0.0263,18.8918,0
562,58671042215877,58671046714965,58671046724058,58671046724058,58671060454917,58671060474398,58671060500713,3024773753,4.4991,0.0091,13.7309,0.0195,0.0263,18.2848,0
563,58671118177804,58671122305855,58671122312058,58671122312058,58671137554311,58671137574440,58671137600403,3031119069,4.1281,0.0062,15.2423,0.0201,0.0260,19.4226,0
564,58671166421125,58671170512730,58671170520564,58671170520564,58671184862609,58671184885073,58671184913017,1612315779,4.0916,0.0078,14.3420,0.0225,0.0279,18.4919,0
565,58671229655919,58671233786488,58671233800599,58671233800599,58671247998422,58671248057774,58671248087237,4004048601,4.1306,0.0141,14.1978,0.0594,0.0295,18.4313,0
566,58671309368506,58671313425667,58671313440019,58671313440019,58671327877751,58671327901306,58671327930232,1527424230,4.0572,0.0144,14.4377,0.0236,0.0289,18.5617,0
567,58671355565172,58671359191591,58671359197573,58671359197573,58671373994435,58671374015527,58671374042972,813141466,3.6264,0.0060,14.7969,0.0211,0.0274,18.4778,0
568,58671441827021,58671446333480,58671446338424,58671446338424,58671462493698,58671462523087,58671462561291,3587211837,4.5065,0.0049,16.1553,0.0294,0.0382,20.7343,0
569,58671477318764,58671481490907,58671481506166,58671481506166,58671495717841,58671495740508,58671495768415,3587211837,4.1721,0.0153,14.2117,0.0227,0.0279,18.4497,0
570,58671551527667,58671556280460,58671556285127,58671556285127,58671569917763,58671569939800,58671569969744,614552893,4.7528,0.0047,13.6326,0.0220,0.0299,18.4421,0
571,58671600499231,58671604802337,58671604812837,58671604812837,58671618941549,58671618963901,58671618993401,3817112187,4.3031,0.0105,14.1287,0.0224,0.0295,18.4942,0
572,58671672820961,58671677782292,58671677789107,58671677789107,58671690773111,58671690795352,58671690825482,4167619653,4.9613,0.0068,12.9840,0.0222,0.0301,18.0045,0
573,58671752134510,58671756807155,58671756812303,58671756812303,58671769319232,58671769338991,58671769365954,1436101031,4.6726,0.0051,12.5069,0.0198,0.0270,17.2314,0
574,58671799723995,58671804372177,58671804376918,58671804376918,58671818155332,58671818176776,58671818203110,792270825,4.6482,0.0047,13.7784,0.0214,0.0263,18.4791,0
575,58671854066261,58671858174478,58671858181385,58671858181385,58671872263986,58671872285301,58671872312690,1625962633,4.1082,0.0069,14.0826,0.0213,0.0274,18.2464,0
576,58671914610695,58671919234506,58671919239247,58671919239247,58671933323014,58671933343292,58671933371014,1398089337,4.6238,0.0047,14.0838,0.0203,0.0277,18.7603,0
577,58671980378534,58671984370084,58671984378547,58671984378547,58671999038871,58671999075501,58671999109890,1398089337,3.9916,0.0085,14.6603,0.0366,0.0344,18.7314,0
578,58672039700594,58672044092811,58672044097422,58672044097422,58672058194393,58672058215412,58672058241375,1746430395,4.3922,0.0046,14.0970,0.0210,0.0260,18.5408,0
579,58672117999769,58672121738818,58672121743337,58672121743337,58672138555761,58672138574483,58672138598872,1069330519,3.7390,0.0045,16.8124,0.0187,0.0244,20.5991,0
580,58672158462657,58672161934983,58672161946706,58672161946706,58672176529252,58672176550678,58672176578215,3436983195,3.4723,0.0117,14.5825,0.0214,0.0275,18.1156,0
581,58672219858038,58672223836347,58672223840866,58672223840866,58672237954096,58672237978115,58672238007930,1511625611,3.9783,0.0045,14.1132,0.0240,0.0298,18.1499,0
582,58672313698745,58672317871110,58672317876055,58672317876055,58672331139708,58672331159856,58672331187208,3339559180,4.1724,0.0049,13.2637,0.0201,0.0274,17.4885,0
583,58672360095745,58672364351055,58672364355943,58672364355943,58672378005598,58672378036413,58672378070506,3559786472,4.2553,0.0049,13.6497,0.0308,0.0341,17.9748,0
584,58672408567584,58672413060173,58672413064932,58672413064932,58672426543808,58672426571660,58672426600623,3893708246,4.4926,0.0048,13.4789,0.0279,0.0290,18.0330,0
585,58672497783017,58672502761070,58672502766903,58672502766903,58672516203502,58672516236483,58672516280372,2733291799,4.9781,0.0058,13.4366,0.0330,0.0439,18.4974,0
586,58672544886426,58672549497515,58672549503089,58672549503089,58672562492705,58672562515408,58672562543057,1761823257,4.6111,0.0056,12.9896,0.0227,0.0276,17.6566,0
587,58672600411733,58672604740173,58672604745636,58672604745636,58672618832903,58672618865551,58672618906681,83487642,4.3284,0.0055,14.0873,0.0326,0.0411,18.4949,0
588,58672656073299,58672661040056,58672661045204,58672661045204,58672673674837,58672673695281,58672673723133,3153894038,4.9668,0.0051,12.6296,0.0204,0.0279,17.6498,0
589,58672732707840,58672737201076,58672737205947,58672737205947,58672751076565,58672751105287,58672751144158,3719422103,4.4932,0.0049,13.8706,0.0287,0.0389,18.4363,0
590,58672779145432,58672785133192,58672785137729,58672785137729,58672797841974,58672797862029,58672797889233,2843363649,5.9878,0.0045,12.7042,0.0201,0.0272,18.7438,0
591,58672845423088,58672850692216,58672850697105,58672850697105,58672863579516,58672863599202,58672863624942,85742280,5.2691,0.0049,12.8824,0.0197,0.0257,18.2019,0
592,58672936425563,58672939839204,58672939844093,58672939844093,58672953422803,58672953451655,58672953637859,3720347489,3.4136,0.0049,13.5787,0.0289,0.1862,17.2123,0
593,58672982695433,58672986895669,58672986908187,58672986908187,58673001199826,58673001218918,58673001242974,1790412280,4.2002,0.0125,14.2916,0.0191,0.0241,18.5475,0
594,58673025917960,58673029820046,58673029834287,58673029834287,58673044759650,58673044779761,58673044806261,2051239082,3.9021,0.0142,14.9254,0.0201,0.0265,18.8883,0
595,58673121653339,58673126834004,58673126840171,58673126840171,58673144768598,58673144786709,58673144810209,3026768838,5.1807,0.0062,17.9284,0.0181,0.0235,23.1569,0
596,58673149758873,58673153948257,58673153955831,58673153955831,58673167957024,58673167978654,58673168034209,129409429,4.1894,0.0076,14.0012,0.0216,0.0556,18.2753,0
597,58673216667716,58673220483617,58673220490432,58673220490432,58673235726295,58673235747981,58673235773592,3286621267,3.8159,0.0068,15.2359,0.0217,0.0256,19.1059,0
598,58673305722556,58673310017180,58673310021755,58673310021755,58673324561690,58673324588375,58673324627246,3279817193,4.2946,0.0046,14.5399,0.0267,0.0389,18.9047,0
599,58673350477458,58673355153973,58673355158973,58673355158973,58673369102573,58673369125295,58673369152221,2849662613,4.6765,0.0050,13.9436,0.0227,0.0269,18.6748,0
600,58673401380657,58673405434577,58673405443466,58673405443466,58673418649564,58673418669657,58673418695823,2212074696,4.0539,0.0089,13.2061,0.0201,0.0262,17.3152,0
601,58673466886273,58673471545695,58673471554603,58673471554603,58673485465795,58673485488833,58673485516277,82664396,4.6594,0.0089,13.9112,0.0230,0.0274,18.6300,0
602,58673554962239,58673558711010,58673558716788,58673558716788,58673573640651,58673573663595,58673573692373,3998349511,3.7488,0.0058,14.9239,0.0229,0.0288,18.7301,0
603,58673615041671,58673619422537,58673619431074,58673619431074,58673634678549,58673634700105,58673634726642,969071614,4.3809,0.0085,15.2475,0.0216,0.0265,19.6850,0
604,58673666300705,58673671018424,58673671030035,58673671030035,58673685158988,58673685180710,58673685208377,954713809,4.7177,0.0116,14.1290,0.0217,0.0277,18.9077,0
605,58673742799394,58673747628335,58673747632631,58673747632631,58673761456953,58673761478546,58673761504676,1967792428,4.8289,0.0043,13.8243,0.0216,0.0261,18.7053,0
606,58673792967572,58673797685383,58673797697643,58673797697643,58673813146359,58673813169229,58673813200100,1807165445,4.7178,0.0123,15.4487,0.0229,0.0309,20.2325,0
607,58673833161756,58673837590733,58673837596066,58673837596066,58673851989483,58673852036223,58673852063946,1807165445,4.4290,0.0053,14.3934,0.0467,0.0277,18.9022,0
608,58673895536770,58673900205840,58673900211284,58673900211284,58673913933569,58673913962328,58673913988014,1807165445,4.6691,0.0054,13.7223,0.0288,0.0257,18.4512,0
609,58673960390643,58673965092751,58673965099380,58673965099380,58673978896369,58673978919535,58673978949239,1807165445,4.7021,0.0066,13.7970,0.0232,0.0297,18.5586,0
610,58674025099294,58674029838661,58674029845494,58674029845494,58674043943391,58674043964613,58674043991224,1807165445,4.7394,0.0068,14.0979,0.0212,0.0266,18.8919,0
611,58674086787139,58674091056911,58674091062171,58674091062171,58674105322420,58674105345050,58674105377661,1807165445,4.2698,0.0053,14.2602,0.0226,0.0326,18.5905,0
612,58674147779611,58674153911834,58674153916464,58674153916464,58674167298043,58674167320321,58674167349951,1807165445,6.1322,0.0046,13.3816,0.0223,0.0296,19.5703,0
613,58674228208423,58674233703255,58674233707996,58674233707996,58674246434462,58674246457185,58674246485277,4037273015,5.4948,0.0047,12.7265,0.0227,0.0281,18.2769,0
614,58674281437796,58674285544772,58674285550161,58674285550161,58674300314801,58674300336394,58674300365986,1270725125,4.1070,0.0054,14.7646,0.0216,0.0296,18.9282,0
615,58674339002869,58674342661769,58674342666195,58674342666195,58674357765651,58674357788595,58674357818892,3506598745,3.6589,0.0044,15.0995,0.0229,0.0303,18.8160,0
616,58674434985490,58674438995576,58674439005706,58674439005706,58674456349576,58674456370224,58674456396039,4256971032,4.0101,0.0101,17.3439,0.0206,0.0258,21.4105,0
617,58674475955213,58674479744280,58674479749947,58674479749947,58674493640417,58674493664010,58674493697769,4256971032,3.7891,0.0057,13.8905,0.0236,0.0338,17.7426,0
618,58674538524820,58674542758518,58674542763389,58674542763389,58674558254123,58674558274364,58674558300049,898170247,4.2337,0.0049,15.4907,0.0202,0.0257,19.7752,0
619,58674585717285,58674590759931,58674590764375,58674590764375,58674604170918,58674604193251,58674604221418,749056549,5.0426,0.0044,13.4065,0.0223,0.0282,18.5041,0
620,58674646175144,58674650089787,58674650099713,58674650099713,58674664347054,58674664367295,58674664393740,1393708963,3.9146,0.0099,14.2473,0.0202,0.0264,18.2186,0
621,58674718594338,58674722836630,58674722841444,58674722841444,58674735216317,58674735237484,58674735264540,1303935704,4.2423,0.0048,12.3749,0.0212,0.0271,16.6702,0
622,58674799918598,58674804464094,58674804476668,58674804476668,58674818712935,58674818732695,58674818814380,2745387946,4.5455,0.0126,14.2363,0.0198,0.0817,18.8958,0
623,58674850090147,58674854536513,58674854541253,58674854541253,58674867874055,58674867897018,58674867927259,2455056409,4.4464,0.0047,13.3328,0.0230,0.0302,17.8371,0
624,58674903597299,58674907488719,58674907501478,58674907501478,58674921633727,58674921656986,58674921687782,546966104,3.8914,0.0128,14.1322,0.0233,0.0308,18.0905,0
625,58674997964155,58675002510892,58675002515929,58675002515929,58675018584036,58675018614462,58675018657443,1736108223,4.5467,0.0050,16.0681,0.0304,0.0430,20.6933,0
626,58675033745954,58675038189154,58675038193820,58675038193820,58675052133902,58675052155087,58675052181828,3862061890,4.4432,0.0047,13.9401,0.0212,0.0267,18.4359,0
627,58675096874767,58675100709001,58675100716057,58675100716057,58675117154813,58675117175072,58675117200128,3050401307,3.8342,0.0071,16.4388,0.0203,0.0251,20.3254,0
628,58675171625765,58675176590632,58675176596003,58675176596003,58675191992644,58675192037404,58675192067200,2198537667,4.9649,0.0054,15.3966,0.0448,0.0298,20.4414,0
629,58675206055819,58675210159461,58675210166813,58675210166813,58675223933616,58675223956098,58675223983431,3635919225,4.1036,0.0074,13.7668,0.0225,0.0273,17.9276,0
630,58675280036240,58675283554584,58675283560955,58675283560955,58675297998612,58675298022168,58675298052112,2900179939,3.5183,0.0064,14.4377,0.0236,0.0299,18.0159,0
631,58675332560741,58675337751813,58675337757165,58675337757165,58675351012207,58675351032040,58675351059652,2173348917,5.1911,0.0054,13.2550,0.0198,0.0276,18.4989,0
632,58675391142187,58675394366530,58675394371382,58675394371382,58675408704946,58675408728169,58675408760076,4158779712,3.2243,0.0049,14.3336,0.0232,0.0319,17.6179,0
633,58675467763450,58675471803740,58675471810111,58675471810111,58675486064026,58675486086175,58675486115064,3652719632,4.0403,0.0064,14.2539,0.0221,0.0289,18.3516,0
634,58675523059552,58675529492276,58675529496943,58675529496943,58675542854467,58675542874263,58675542900671,3358540156,6.4327,0.0047,13.3575,0.0198,0.0264,19.8411,0
635,58675593484462,58675597853642,58675597859550,58675597859550,58675612353263,58675612382207,58675612420911,2290906895,4.3692,0.0059,14.4937,0.0289,0.0387,18.9364,0
636,58675640747964,58675644941292,58675644946885,58675644946885,58675659531228,58675659555672,58675659586117,3348068503,4.1933,0.0056,14.5843,0.0244,0.0304,18.8382,0
637,58675702256364,58675706268636,58675706274173,58675706274173,58675720949461,58675720970164,58675720995665,3160824459,4.0123,0.0055,14.6753,0.0207,0.0255,18.7393,0
638,58675784883683,58675788798696,58675788803325,58675788803325,58675803829577,58675803854725,58675803885151,2653083817,3.9150,0.0046,15.0263,0.0251,0.0304,19.0015,0
639,58675827688579,58675831649462,58675831654906,58675831654906,58675845756414,58675845779359,58675845807063,2940253615,3.9609,0.0054,14.1015,0.0229,0.0277,18.1185,0
640,58675905123678,58675908723041,58675908730004,58675908730004,58675922780827,58675922805567,58675922835568,328592682,3.5994,0.0070,14.0508,0.0247,0.0300,17.7119,0
641,58675977727187,58675982642740,58675982647981,58675982647981,58675995583707,58675995604114,58675995630744,819073913,4.9156,0.0052,12.9357,0.0204,0.0266,17.9036,0
642,58676023986705,58676027570050,58676027582179,58676027582179,58676041474001,58676041492668,58676041518613,2166045783,3.5833,0.0121,13.8918,0.0187,0.0259,17.5319,0
643,58676071829543,58676076080464,58676076090316,58676076090316,58676090320083,58676090341194,58676090365991,1085716333,4.2509,0.0099,14.2298,0.0211,0.0248,18.5364,0
644,58676134613002,58676138855608,58676138859868,58676138859868,58676152957709,58676152981746,58676153013209,2747750220,4.2426,0.0043,14.0978,0.0240,0.0315,18.4002,0
645,58676200693583,58676205301302,58676205308913,58676205308913,58676218403751,58676218424158,58676218450473,811436983,4.6077,0.0076,13.0948,0.0204,0.0263,17.7569,0
646,58676291515077,58676296603148,58676296608445,58676296608445,58676314129001,58676314146723,58676314170742,1048076784,5.0881,0.0053,17.5206,0.0177,0.0240,22.6557,0
647,58676325099758,58676329899144,58676329903847,58676329903847,58676343028778,58676343050926,58676343079037,1048076784,4.7994,0.0047,13.1249,0.0221,0.0281,17.9793,0
648,58676401548502,58676406476017,58676406479943,58676406479943,58676420743470,58676420767767,58676420799100,2513292788,4.9275,0.0039,14.2635,0.0243,0.0313,19.2506,0
649,58676446669868,58676450602843,58676450606917,58676450606917,58676463327477,58676463349606,58676463377884,2411788798,3.9330,0.0041,12.7206,0.0221,0.0283,16.7080,0
650,58676531710806,58676536271672,58676536275746,58676536275746,58676550071901,58676550092550,58676550118031,3705247498,4.5609,0.0041,13.7962,0.0206,0.0255,18.4072,0
651,58676603129867,58676606590711,58676606601508,58676606601508,58676621962538,58676621987131,58676622016501,4244195847,3.4608,0.0108,15.3610,0.0246,0.0294,18.8866,0
652,58676646382079,58676651126835,58676651131594,58676651131594,58676663710634,58676663730393,58676663755671,3534280799,4.7448,0.0048,12.5790,0.0198,0.0253,17.3736,0
653,58676714135480,58676718805773,58676718814532,58676718814532,58676733897173,58676733919506,58676733947840,866006496,4.6703,0.0088,15.0826,0.0223,0.0283,19.8124,0
654,58676758888530,58676763020655,58676763236377,58676763236377,58676776786013,58676776808106,58676776836384,1734081081,4.1321,0.2157,13.5496,0.0221,0.0283,17.9479,0
655,58676855188763,58676859667185,58676859671389,58676859671389,58676874504473,58676874529751,58676874566140,694947297,4.4784,0.0042,14.8331,0.0253,0.0364,19.3774,0
656,58676895243928,58676899604794,58676899609146,58676899609146,58676912881077,58676912895096,58676912922318,4033955590,4.3609,0.0044,13.2719,0.0140,0.0272,17.6784,0
657,58676944441678,58676948142578,58676948151171,58676948151171,58676962529865,58676962555161,58676962584328,705541072,3.7009,0.0086,14.3787,0.0253,0.0292,18.1426,0
658,58677037226788,58677042034822,58677042045211,58677042045211,58677058248541,58677058269726,58677058295004,3299781311,4.8080,0.0104,16.2033,0.0212,0.0253,21.0682,0
659,58677066204622,58677070106560,58677070118690,58677070118690,58677084206160,58677084228364,58677084255679,1102130463,3.9019,0.0121,14.0875,0.0222,0.0273,18.0511,0
660,58677160676034,58677165545827,58677165550420,58677165550420,58677180221300,58677180239967,58677180265059,3727873421,4.8698,0.0046,14.6709,0.0187,0.0251,19.5890,0
661,58677202779816,58677208274112,58677208279575,58677208279575,58677222067415,58677222089471,58677222117397,2593377601,5.4943,0.0055,13.7878,0.0221,0.0279,19.3376,0
662,58677252734939,58677256916211,58677256921193,58677256921193,58677270408032,58677270432995,58677270462384,987141191,4.1813,0.0050,13.4868,0.0250,0.0294,17.7274,0
663,58677317506034,58677321338472,58677321352343,58677321352343,58677336575817,58677336598651,58677336627299,1202033879,3.8324,0.0139,15.2235,0.0228,0.0286,19.1213,0
664,58677375903535,58677380191623,58677380203216,58677380203216,58677393845241,58677393862833,58677393895945,1803783570,4.2881,0.0116,13.6420,0.0176,0.0331,17.9924,0
665,58677442172987,58677446777298,58677446782391,58677446782391,58677460903788,58677460918695,58677460946251,273937158,4.6043,0.0051,14.1214,0.0149,0.0276,18.7733,0
666,58677502827088,58677507332992,58677507339158,58677507339158,58677520951368,58677520974609,58677521004331,916180224,4.5059,0.0062,13.6122,0.0232,0.0297,18.1772,0
667,58677580215576,58677584690220,58677584695590,58677584695590,58677599136544,58677599157562,58677599196322,1893147706,4.4746,0.0054,14.4410,0.0210,0.0388,18.9807,0
668,58677627368782,58677631089701,58677631096034,58677631096034,58677644499262,58677644519059,58677644544985,2939729070,3.7209,0.0063,13.4032,0.0198,0.0259,17.1762,0
669,58677689277683,58677694271514,58677694276255,58677694276255,58677707504112,58677707525204,58677707553260,3463769437,4.9938,0.0047,13.2279,0.0211,0.0281,18.2756,0
670,58677793091810,58677798928162,58677798933440,58677798933440,58677814668898,58677814693028,58677814723602,460647259,5.8364,0.0053,15.7355,0.0241,0.0306,21.6318,0
671,58677826859955,58677832551936,58677832557714,58677832557714,58677846784537,58677846810241,58677846839963,791977923,5.6920,0.0058,14.2268,0.0257,0.0297,19.9800,0
672,58677873365233,58677878520787,58677878525435,58677878525435,58677892091386,58677892112663,58677892138293,2151498185,5.1556,0.0046,13.5660,0.0213,0.0256,18.7731,0
673,58677966287789,58677970353820,58677970358728,58677970358728,58677984333643,58677984349661,58677984379661,2233677822,4.0660,0.0049,13.9749,0.0160,0.0300,18.0919,0
674,58678019604403,58678023276860,58678023287619,58678023287619,58678039334429,58678039356152,58678039383559,3095806700,3.6725,0.0108,16.0468,0.0217,0.0274,19.7792,0
675,58678065246049,58678069877101,58678069881323,58678069881323,58678083816368,58678083838627,58678083867868,1940278372,4.6311,0.0042,13.9350,0.0223,0.0292,18.6218,0
676,58678145022192,58678150099301,58678150103746,58678150103746,58678162345562,58678162365007,58678162391674,1271070417,5.0771,0.0044,12.2418,0.0194,0.0267,17.3695,0
677,58678218982799,58678224509539,58678224514409,58678224514409,58678238197008,58678238230879,58678238260916,3682285377,5.5267,0.0049,13.6826,0.0339,0.0300,19.2781,0
678,58678263861868,58678268544142,58678268550216,58678268550216,58678282217056,58678282238945,58678282267445,55927884,4.6823,0.0061,13.6668,0.0219,0.0285,18.4056,0
679,58678328444740,58678332588809,58678332600513,58678332600513,58678347191652,58678347215078,58678347242226,2283697006,4.1441,0.0117,14.5911,0.0234,0.0271,18.7975,0
680,58678381346168,58678386724389,58678386736723,58678386736723,58678399915172,58678399936894,58678399965561,171662105,5.3782,0.0123,13.1784,0.0217,0.0287,18.6194,0
681,58678477480494,58678484747628,58678484759295,58678484759295,58678500048084,58678500061677,58678500086825,78694818,7.2671,0.0117,15.2888,0.0136,0.0251,22.6063,0
682,58678511381676,58678515411633,58678515420596,58678515420596,58678529157066,58678529173918,58678529211473,2265668805,4.0300,0.0090,13.7365,0.0169,0.0376,17.8298,0
683,58678565853276,58678570044474,58678570050067,58678570050067,58678583508406,58678583531073,58678583560702,2682086423,4.1912,0.0056,13.4583,0.0227,0.0296,17.7074,0
684,58678650240989,58678655003412,58678655008764,58678655008764,58678668629196,58678668650252,58678668676178,2304264100,4.7624,0.0054,13.6204,0.0211,0.0259,18.4352,0
685,58678694742816,58678699517665,58678699522591,58678699522591,58678712965115,58678712986671,58678713014301,270550422,4.7748,0.0049,13.4425,0.0216,0.0276,18.2715,0
686,58678756030160,58678759735394,58678759740005,58678759740005,58678774433089,58678774460645,58678774492478,270550422,3.7052,0.0046,14.6931,0.0276,0.0318,18.4623,0
687,58678804364370,58678807577639,58678807585454,58678807585454,58678822920133,58678822933577,58678822960485,270550422,3.2133,0.0078,15.3347,0.0134,0.0269,18.5961,0
688,58678865389250,58678869647689,58678869651874,58678869651874,58678883136251,58678883169806,58678883220084,270550422,4.2584,0.0042,13.4844,0.0336,0.0503,17.8308,0
689,58678938469168,58678943001627,58678943006442,58678943006442,58678956635689,58678956652930,58678956682782,270550422,4.5325,0.0048,13.6292,0.0172,0.0299,18.2136,0
690,58678993451232,58678997830894,58678997835802,58678997835802,58679011383752,58679011399049,58679011426753,270550422,4.3797,0.0049,13.5480,0.0153,0.0277,17.9755,0
691,58679053855055,58679057739289,58679057743937,58679057743937,58679072293132,58679072307206,58679072333354,270550422,3.8842,0.0046,14.5492,0.0141,0.0261,18.4783,0
692,58679147033852,58679151348477,58679151352755,58679151352755,58679167212787,58679167234361,58679167260546,885721275,4.3146,0.0043,15.8600,0.0216,0.0262,20.2267,0
693,58679182965004,58679186888183,58679186892905,58679186892905,58679200396855,58679200419967,58679200450504,885721275,3.9232,0.0047,13.5039,0.0231,0.0305,17.4855,0
694,58679273366755,58679278166215,58679278179178,58679278179178,58679294473415,58679294496248,58679294529230,620910312,4.7995,0.0130,16.2942,0.0228,0.0330,21.1625,0
695,58679309340722,58679313483957,58679313489050,58679313489050,58679328556838,58679328575746,58679328600876,3202136789,4.1432,0.0051,15.0678,0.0189,0.0251,19.2602,0
696,58679405489528,58679409786301,58679409790875,58679409790875,58679425537481,58679425551833,58679425579778,1092422630,4.2968,0.0046,15.7466,0.0144,0.0279,20.0903,0
697,58679446265677,58679450872858,58679450884303,58679450884303,58679464490624,58679464505050,58679464533161,73202449,4.6072,0.0114,13.6063,0.0144,0.0281,18.2675,0
698,58679491603433,58679497228580,58679497233136,58679497233136,58679509590731,58679509613009,58679509639935,323593198,5.6251,0.0046,12.3576,0.0223,0.0269,18.0365,0
699,58679558261275,58679562320843,58679562327510,58679562327510,58679576170980,58679576186091,58679576214962,3540862909,4.0596,0.0067,13.8435,0.0151,0.0289,17.9537,0
700,58679637182230,58679641511392,58679641520337,58679641520337,58679656881367,58679656902182,58679656932627,2243193833,4.3292,0.0089,15.3610,0.0208,0.0304,19.7504,0
701,58679678909345,58679685504218,58679685508607,58679685508607,58679698750334,58679698770464,58679698799038,1946059975,6.5949,0.0044,13.2417,0.0201,0.0286,19.8897,0
702,58679742830123,58679748998365,58679749003365,58679749003365,58679762030629,58679762052018,58679762080536,928478621,6.1682,0.0050,13.0273,0.0214,0.0285,19.2504,0
703,58679817190305,58679822982305,58679822986786,58679822986786,58679836629404,58679836649311,58679836679960,3982765743,5.7920,0.0045,13.6426,0.0199,0.0306,19.4897,0
704,58679865418070,58679869304471,58679869309286,58679869309286,58679884045500,58679884060388,58679884089333,1910346704,3.8864,0.0048,14.7362,0.0149,0.0289,18.6713,0
705,58679951132806,58679955105708,58679955110893,58679955110893,58679971628760,58679971642279,58679971667261,1574841266,3.9729,0.0052,16.5179,0.0135,0.0250,20.5345,0
706,58679987532996,58679991317249,58679991322120,58679991322120,58680005974333,58680005989444,58680006016037,1574841266,3.7843,0.0049,14.6522,0.0151,0.0266,18.4830,0
707,58680055488954,58680058943409,58680058948243,58680058948243,58680073041603,58680073061454,58680073088269,3486900027,3.4545,0.0048,14.0934,0.0199,0.0268,17.5993,0
708,58680140591411,58680145616982,58680145620908,58680145620908,58680161837812,58680161857256,58680161888923,3837300601,5.0256,0.0039,16.2169,0.0194,0.0317,21.2975,0
709,58680176614155,58680180695576,58680180702465,58680180702465,58680194060359,58680194074692,58680194106841,3837300601,4.0814,0.0069,13.3579,0.0143,0.0321,17.4927,0
710,58680252768843,58680257656655,58680257660692,58680257660692,58680270965012,58680270995642,58680271037382,3573152811,4.8878,0.0040,13.3043,0.0306,0.0417,18.2685,0
711,58680300452513,58680304831287,58680304836009,58680304836009,58680318414608,58680318429867,58680318457682,2294925669,4.3788,0.0047,13.5786,0.0153,0.0278,18.0052,0
712,58680363469474,58680367272523,58680367281782,58680367281782,58680380906381,58680380927622,58680380953029,2459441625,3.8030,0.0093,13.6246,0.0212,0.0254,17.4836,0
713,58680442444800,58680446800628,58680446805351,58680446805351,58680461450712,58680461470360,58680461497712,4016418468,4.3558,0.0047,14.6454,0.0196,0.0274,19.0529,0
714,58680482568131,58680486320199,58680486324329,58680486324329,58680499464500,58680499481945,58680499512834,373537892,3.7521,0.0041,13.1402,0.0174,0.0309,16.9447,0
715,58680592746427,58680597943222,58680597948074,58680597948074,58680613710365,58680613724791,58680613752180,1480108869,5.1968,0.0049,15.7623,0.0144,0.0274,21.0058,0
716,58680622962542,58680627495205,58680627500075,58680627500075,58680641227767,58680641242601,58680641271082,1480108869,4.5327,0.0049,13.7277,0.0148,0.0285,18.3085,0
717,58680671079474,58680674932282,58680674937282,58680674937282,58680688521677,58680688538159,58680688565844,3145407811,3.8528,0.0050,13.5844,0.0165,0.0277,17.4864,0
718,58680732903541,58680736881980,58680736886461,58680736886461,58680750504912,58680750519764,58680750547968,987527618,3.9784,0.0045,13.6185,0.0149,0.0282,17.6444,0
719,58680796973598,58680801047888,58680801060555,58680801060555,58680814943525,58680814957933,58680814988970,2106665924,4.0743,0.0127,13.8830,0.0144,0.0310,18.0154,0
720,58680851720198,58680855915286,58680855924878,58680855924878,58680870270646,58680870286257,58680870313517,2106665924,4.1951,0.0096,14.3458,0.0156,0.0273,18.5933,0
721,58680923137111,58680927817385,58680927821608,58680927821608,58680941017687,58680941037039,58680941062187,1185869643,4.6803,0.0042,13.1961,0.0194,0.0251,17.9251,0
722,58680996351845,58681000536025,58681000540914,58681000540914,58681015168201,58681015183664,58681015211924,3544964558,4.1842,0.0049,14.6273,0.0155,0.0283,18.8601,0
723,58681039324038,58681043151828,58681043156254,58681043156254,58681057305836,58681057320447,58681057347521,3544964558,3.8278,0.0044,14.1496,0.0146,0.0271,18.0235,0
724,58681100673696,58681105167637,58681105173544,58681105173544,58681119514553,58681119531460,58681119561497,3544964558,4.4939,0.0059,14.3410,0.0169,0.0300,18.8878,0
725,58681169689491,58681173472558,58681173483669,58681173483669,58681188073253,58681188088679,58681188115716,3544964558,3.7831,0.0111,14.5896,0.0154,0.0270,18.4262,0
726,58681234019807,58681237852116,58681237856634,58681237856634,58681252163976,58681252177995,58681252204328,3544964558,3.8323,0.0045,14.3073,0.0140,0.0263,18.1845,0
727,58681289785652,58681293720849,58681293729220,58681293729220,58681308315526,58681308329711,58681308355600,3544964558,3.9352,0.0084,14.5863,0.0142,0.0259,18.5699,0
728,58681347492447,58681352207610,58681352212351,58681352212351,58681365514764,58681365539356,58681365569116,3057120161,4.7152,0.0047,13.3024,0.0246,0.0298,18.0767,0
729,58681412651247,58681416350074,58681416362389,58681416362389,58681430896898,58681430920139,58681430946861,3885545280,3.6988,0.0123,14.5345,0.0232,0.0267,18.2956,0
730,58681479250960,58681483252510,58681483265102,58681483265102,58681497824704,58681497839834,58681497868556,3318698384,4.0015,0.0126,14.5596,0.0151,0.0287,18.6176,0
731,58681534011690,58681537926018,58681537937666,58681537937666,58681552092174,58681552109655,58681552142081,3318698384,3.9143,0.0116,14.1545,0.0175,0.0324,18.1304,0
732,58681598536470,58681602595798,58681602600668,58681602600668,58681616627121,58681616643435,58681616669287,3318698384,4.0593,0.0049,14.0265,0.0163,0.0259,18.1328,0
733,58681665396480,58681669605604,58681669610178,58681669610178,58681682926851,58681682941980,58681682968388,3318698384,4.2091,0.0046,13.3167,0.0151,0.0264,17.5719,0
734,58681738684510,58681742676930,58681742683708,58681742683708,58681756903050,58681756917179,58681756943902,2466050886,3.9924,0.0068,14.2193,0.0141,0.0267,18.2594,0
735,58681788741522,58681792693664,58681792708312,58681792708312,58681806924080,58681806943672,58681806970209,2008750415,3.9521,0.0146,14.2158,0.0196,0.0265,18.2287,0
736,58681881446447,58681885667812,58681885677498,58681885677498,58681900458693,58681900472860,58681900501452,604274845,4.2214,0.0097,14.7812,0.0142,0.0286,19.0550,0
737,58681923252118,58681926982778,58681926995481,58681926995481,58681941488379,58681941503472,58681941531065,1512081897,3.7307,0.0127,14.4929,0.0151,0.0276,18.2789,0
738,58681969383802,58681973489426,58681973496148,58681973496148,58681987849101,58681987871694,58681987899231,1776698130,4.1056,0.0067,14.3530,0.0226,0.0275,18.5154,0
739,58682048686722,58682052812753,58682052824846,58682052824846,58682066898965,58682066913761,58682066942095,1799588952,4.1260,0.0121,14.0741,0.0148,0.0283,18.2554,0
740,58682097437729,58682101951817,58682101957447,58682101957447,58682117213514,58682117232237,58682117257329,3209819434,4.5141,0.0056,15.2561,0.0187,0.0251,19.8196,0
741,58682185919715,58682190095821,58682190109562,58682190109562,58682206982356,58682206995579,58682207022431,477933277,4.1761,0.0137,16.8728,0.0132,0.0269,21.1027,0
742,58682222442795,58682226467956,58682226480456,58682226480456,58682240249166,58682240263222,58682240290926,477933277,4.0252,0.0125,13.7687,0.0141,0.0277,17.8481,0
743,58682283071747,58682287037241,58682287043390,58682287043390,58682300778933,58682300792637,58682300820100,2246460134,3.9655,0.0061,13.7355,0.0137,0.0275,17.7484,0
744,58682349071902,58682353222008,58682353226897,58682353226897,58682366905867,58682366927848,58682366955515,4240133580,4.1501,0.0049,13.6790,0.0220,0.0277,17.8836,0
745,58682436632904,58682440739676,58682440754343,58682440754343,58682454244386,58682454259257,58682454287331,2372316516,4.1068,0.0147,13.4900,0.0149,0.0281,17.6544,0
746,58682482511106,58682486323489,58682486328618,58682486328618,58682500462811,58682500476071,58682500502367,3700543830,3.8124,0.0051,14.1342,0.0133,0.0263,17.9913,0
747,58682530833427,58682534954829,58682534958903,58682534958903,58682548179630,58682548204112,58682548237112,4038292656,4.1214,0.0041,13.2207,0.0245,0.0330,17.4037,0
748,58682599978888,58682603499307,58682603510844,58682603510844,58682617266981,58682617283555,58682617314981,2682185239,3.5204,0.0115,13.7561,0.0166,0.0314,17.3361,0
749,58682685741755,58682689834731,58682689841434,58682689841434,58682704564222,58682704578130,58682704607315,1038281933,4.0930,0.0067,14.7228,0.0139,0.0292,18.8656,0
750,58682729526580,58682733797723,58682733807538,58682733807538,58682747937324,58682747953898,58682747979824,3648451691,4.2711,0.0098,14.1298,0.0166,0.0259,18.4532,0
751,58682804133947,58682808586258,58682808591276,58682808591276,58682821810930,58682821826096,58682821852948,3649749610,4.4523,0.0050,13.2197,0.0152,0.0269,17.7190,0
752,58682869510397,58682873680503,58682873684984,58682873684984,58682887090564,58682887112434,58682887142120,2954663477,4.1701,0.0045,13.4056,0.0219,0.0297,17.6317,0
753,58682917887996,58682922266991,58682922273306,58682922273306,58682936946130,58682936961279,58682936987575,1548537930,4.3790,0.0063,14.6728,0.0151,0.0263,19.0996,0
754,58682966723985,58682971187258,58682971194536,58682971194536,58682984680838,58682984702450,58682984730283,2052138266,4.4633,0.0073,13.4863,0.0216,0.0278,18.0063,0
755,58683047502261,58683051559978,58683051566015,58683051566015,58683065387855,58683065402615,58683065429244,1353231936,4.0577,0.0060,13.8218,0.0148,0.0266,17.9270,0
756,58683089923211,58683093723483,58683093727909,58683093727909,58683107524601,58683107547268,58683107575416,3828222068,3.8003,0.0044,13.7967,0.0227,0.0281,17.6522,0
757,58683177696417,58683181605226,58683181611837,58683181611837,58683197604648,58683197620407,58683197649481,2848198573,3.9088,0.0066,15.9928,0.0158,0.0291,19.9531,0
758,58683213900181,58683217643397,58683217648286,58683217648286,58683232140869,58683232155147,58683232181851,2848198573,3.7432,0.0049,14.4926,0.0143,0.0267,18.2817,0
759,58683293775269,58683297456559,58683297464522,58683297464522,58683312392532,58683312407458,58683312435514,3367690003,3.6813,0.0080,14.9280,0.0149,0.0281,18.6602,0
760,58683335608292,58683339823842,58683339832139,58683339832139,58683353137051,58683353150996,58683353177422,2294082349,4.2156,0.0083,13.3049,0.0139,0.0264,17.5691,0
761,58683416493550,58683420471081,58683420475248,58683420475248,58683433871587,58683433887383,58683433913865,3805306588,3.9775,0.0042,13.3963,0.0158,0.0265,17.4203,0
762,58683492224532,58683496250193,58683496254138,58683496254138,58683510052867,58683510073015,58683510099830,3991937395,4.0257,0.0039,13.7987,0.0201,0.0268,17.8753,0
763,58683536872453,58683540529279,58683540536038,58683540536038,58683554754047,58683554768399,58683554797251,3054580015,3.6568,0.0068,14.2180,0.0144,0.0289,17.9248,0
764,58683600339414,58683604238020,58683604250631,58683604250631,58683618436972,58683618451917,58683618482269,3787290308,3.8986,0.0126,14.1863,0.0149,0.0304,18.1429,0
765,58683652840638,58683657486930,58683657496356,58683657496356,58683670187304,58683670207600,58683670233415,4266038107,4.6463,0.0094,12.6909,0.0203,0.0258,17.3928,0
766,58683736237293,58683740595733,58683740606751,58683740606751,58683755757188,58683755772540,58683755799429,987372013,4.3584,0.0110,15.1504,0.0154,0.0269,19.5621,0
767,58683780425452,58683785023467,58683785036411,58683785036411,58683798684659,58683798698844,58683798723585,1612263754,4.5980,0.0129,13.6482,0.0142,0.0247,18.2981,0
768,58683833330973,58683837877191,58683837884117,58683837884117,58683850684417,58683850698103,58683850725510,3675382605,4.5462,0.0069,12.8003,0.0137,0.0274,17.3945,0
769,58683892112105,58683895561431,58683895567320,58683895567320,58683909158974,58683909171882,58683909196882,2481990112,3.4493,0.0059,13.5917,0.0129,0.0250,17.0848,0
770,58683954587490,58683958528336,58683958533169,58683958533169,58683971787193,58683971808878,58683971835156,453135286,3.9408,0.0048,13.2540,0.0217,0.0263,17.2477,0
771,58684036174750,58684040368097,58684040374338,58684040374338,58684053894307,58684053910936,58684053943196,2022237900,4.1933,0.0062,13.5200,0.0166,0.0323,17.7684,0
772,58684106774013,58684112179696,58684112184622,58684112184622,58684126419279,58684126433983,58684126459261,3946338787,5.4057,0.0049,14.2347,0.0147,0.0253,19.6852,0
773,58684153196476,58684157282989,58684157294674,58684157294674,58684171113162,58684171134125,58684171162292,3316922759,4.0865,0.0117,13.8185,0.0210,0.0282,17.9658,0
774,58684219333779,58684223792775,58684223797368,58684223797368,58684238433192,58684238446248,58684238479729,1533662711,4.4590,0.0046,14.6358,0.0131,0.0335,19.1459,0
775,58684264980184,58684269037327,58684269048882,58684269048882,58684283223965,58684283238835,58684283267317,2258255570,4.0571,0.0116,14.1751,0.0149,0.0285,18.2871,0
776,58684329053352,58684332488103,58684332499029,58684332499029,58684346752186,58684346767482,58684346796519,2113782855,3.4348,0.0109,14.2532,0.0153,0.0290,17.7432,0
777,58684418198970,58684422499428,58684422504020,58684422504020,58684437868255,58684437887273,58684437928144,797541934,4.3005,0.0046,15.3642,0.0190,0.0409,19.7292,0
778,58684454112214,58684458263616,58684458270653,58684458270653,58684471413510,58684471427602,58684471454158,797541934,4.1514,0.0070,13.1429,0.0141,0.0266,17.3419,0
779,58684531376442,58684535553585,58684535561974,58684535561974,58684549548778,58684549571444,58684549599370,2642352919,4.1771,0.0084,13.9868,0.0227,0.0279,18.2229,0
780,58684597401838,58684601626666,58684601632851,58684601632851,58684617804810,58684617819162,58684617846681,1712835046,4.2248,0.0062,16.1720,0.0144,0.0275,20.4448,0
781,58684636700371,58684640337216,58684640344271,58684640344271,58684654944299,58684654959799,58684654985707,1712835046,3.6368,0.0071,14.6000,0.0155,0.0259,18.2853,0
782,58684699103570,58684702931508,58684702936471,58684702936471,58684718063223,58684718076705,58684718103094,1712835046,3.8279,0.0050,15.1268,0.0135,0.0264,18.9995,0
783,58684763386442,58684767031565,58684767036268,58684767036268,58684781714556,58684781728815,58684781754204,1712835046,3.6451,0.0047,14.6783,0.0143,0.0254,18.3678,0
784,58684824122043,58684829220337,58684829225004,58684829225004,58684842410564,58684842424472,58684842461028,1712835046,5.0983,0.0047,13.1856,0.0139,0.0366,18.3390,0
785,58684885968537,58684889728975,58684889741771,58684889741771,58684904472522,58684904487429,58684904515633,1712835046,3.7604,0.0128,14.7308,0.0149,0.0282,18.5471,0
786,58684945997766,58684950221705,58684950237168,58684950237168,58684964298454,58684964312880,58684964339472,1712835046,4.2239,0.0155,14.0613,0.0144,0.0266,18.3417,0
787,58685029917348,58685034348455,58685034353122,58685034353122,58685048319055,58685048332963,58685048359666,3583052547,4.4311,0.0047,13.9659,0.0139,0.0267,18.4423,0
788,58685107243262,58685117597795,58685117608202,58685117608202,58685131628191,58685131640914,58685131666303,1862682356,10.3545,0.0104,14.0200,0.0127,0.0254,24.4230,0
789,58685137507562,58685141453445,58685141463593,58685141463593,58685155771046,58685155787454,58685155816009,2598202103,3.9459,0.0101,14.3075,0.0164,0.0286,18.3084,0
790,58685210883796,58685215076958,58685215081550,58685215081550,58685228880465,58685228895669,58685228924169,2077421437,4.1932,0.0046,13.7989,0.0152,0.0285,18.0404,0
791,58685262606721,58685266876716,58685266882364,58685266882364,58685280724890,58685280740130,58685280768056,720193048,4.2700,0.0056,13.8425,0.0152,0.0279,18.1613,0
792,58685353501955,58685357587246,58685357602728,58685357602728,58685372824721,58685372837424,58685372867313,3786585519,4.0853,0.0155,15.2220,0.0127,0.0299,19.3654,0
793,58685394614864,58685398782433,58685398794026,58685398794026,58685412196458,58685412211198,58685412235995,3786585519,4.1676,0.0116,13.4024,0.0147,0.0248,17.6211,0
794,58685448410906,58685452573105,58685452580531,58685452580531,58685466023148,58685466046148,58685466076815,4002779501,4.1622,0.0074,13.4426,0.0230,0.0307,17.6659,0
795,58685506002201,58685510097622,58685510101826,58685510101826,58685524477038,58685524497686,58685524523038,4002779501,4.0954,0.0042,14.3752,0.0206,0.0254,18.5208,0
796,58685570641352,58685574771514,58685574776162,58685574776162,58685589370097,58685589398357,58685589431097,4002779501,4.1302,0.0046,14.5939,0.0283,0.0327,18.7897,0
797,58685633372182,58685638180809,58685638195216,58685638195216,58685652678299,58685652698744,58685652727855,4002779501,4.8086,0.0144,14.4831,0.0204,0.0291,19.3557,0
798,58685700349544,58685704169316,58685704183390,58685704183390,58685718665695,58685718690306,58685718719214,4002779501,3.8198,0.0141,14.4823,0.0246,0.0289,18.3697,0
799,58685764226581,58685768215853,58685768220261,58685768220261,58685782489121,58685782504899,58685782533621,1885245510,3.9893,0.0044,14.2689,0.0158,0.0287,18.3070,0
800,58685825239980,58685829660587,58685829672142,58685829672142,58685843524390,58685843546205,58685843573761,4238690193,4.4206,0.0116,13.8522,0.0218,0.0276,18.3338,0
801,58685901042981,58685904967012,58685904973160,58685904973160,58685918301851,58685918322314,58685918351222,3405758239,3.9240,0.0061,13.3287,0.0205,0.0289,17.3082,0
802,58685950648862,58685954095206,58685954099632,58685954099632,58685967139433,58685967154933,58685967184081,2095460934,3.4463,0.0044,13.0398,0.0155,0.0291,16.5352,0
803,58686023987948,58686028228869,58686028235221,58686028235221,58686041587356,58686041602837,58686041630689,1019941070,4.2409,0.0064,13.3521,0.0155,0.0279,17.6427,0
804,58686073449032,58686077218062,58686077226840,58686077226840,58686090697031,58686090712364,58686090739920,4122264616,3.7690,0.0088,13.4702,0.0153,0.0276,17.2909,0
805,58686133161130,58686137178383,58686137182920,58686137182920,58686151341854,58686151355040,58686151381614,1329246944,4.0173,0.0045,14.1589,0.0132,0.0266,18.2205,0
806,58686208477444,58686212195882,58686212200623,58686212200623,58686225576740,58686225591406,58686225617740,1599881024,3.7184,0.0047,13.3761,0.0147,0.0263,17.1403,0
807,58686263530768,58686267587485,58686267592577,58686267592577,58686280378470,58686280397174,58686280421433,670883794,4.0567,0.0051,12.7859,0.0187,0.0243,16.8907,0
808,58686337621875,58686341801203,58686341806185,58686341806185,58686356187194,58686356209416,58686356243657,3138927613,4.1793,0.0050,14.3810,0.0222,0.0342,18.6218,0
809,58686382961816,58686386674180,58686386686384,58686386686384,58686399902500,58686399928759,58686399963481,4184690258,3.7124,0.0122,13.2161,0.0263,0.0347,17.0017,0
810,58686441959375,58686445762720,58686445774276,58686445774276,58686458760410,58686458775540,58686458806132,1701605347,3.8033,0.0116,12.9861,0.0151,0.0306,16.8468,0
811,58686519252196,58686523753340,58686523759062,58686523759062,58686536977382,58686536993104,58686537020882,34152309,4.5011,0.0057,13.2183,0.0157,0.0278,17.7687,0
812,58686567255423,58686571394695,58686571406010,58686571406010,58686585054165,58686585068869,58686585094906,3231894533,4.1393,0.0113,13.6482,0.0147,0.0260,17.8395,0
813,58686631439572,58686635420992,58686635429067,58686635429067,58686648991369,58686649006128,58686649032703,1731667169,3.9814,0.0081,13.5623,0.0148,0.0266,17.5931,0
814,58686716723845,58686720357338,58686720361986,58686720361986,58686734741976,58686734757902,58686734786439,64254155,3.6335,0.0046,14.3800,0.0159,0.0285,18.0626,0
815,58686766982320,58686771021333,58686771026351,58686771026351,58686785285230,58686785300786,58686785328712,1672951546,4.0390,0.0050,14.2589,0.0156,0.0279,18.3464,0
816,58686813041263,58686817374759,58686817383592,58686817383592,58686831521748,58686831545008,58686831572563,1653810890,4.3335,0.0088,14.1382,0.0233,0.0276,18.5313,0
817,58686881954335,58686886978092,58686886989499,58686886989499,58686900526598,58686900541339,58686900567691,1189840741,5.0238,0.0114,13.5371,0.0147,0.0264,18.6134,0
818,58686967089292,58686970674637,58686970679767,58686970679767,58686985422703,58686985462981,58686985532351,1561193786,3.5853,0.0051,14.7429,0.0403,0.0694,18.4431,0
819,58687038878281,58687043393499,58687043400573,58687043400573,58687059210679,58687059232068,58687059257124,4247572136,4.5152,0.0071,15.8101,0.0214,0.0251,20.3788,0
820,58687076628809,58687080900137,58687080904767,58687080904767,58687094883274,58687094897589,58687094925237,2576496357,4.2713,0.0046,13.9785,0.0143,0.0276,18.2964,0
821,58687150115562,58687154427576,58687154440816,58687154440816,58687171163518,58687171178111,58687171203000,3610290580,4.3120,0.0132,16.7227,0.0146,0.0249,21.0874,0
822,58687185921324,58687189233131,58687189240761,58687189240761,58687203988271,58687204024475,58687204056623,2674738675,3.3118,0.0076,14.7475,0.0362,0.0321,18.1353,0
823,58687264086852,58687267926475,58687267931105,58687267931105,58687281596482,58687281611741,58687281638260,1956698591,3.8396,0.0046,13.6654,0.0153,0.0265,17.5514,0
824,58687337394826,58687342127305,58687342131971,58687342131971,58687355253846,58687355314199,58687355369402,4157328014,4.7325,0.0047,13.1219,0.0604,0.0552,17.9746,0
825,58687382606712,58687386641891,58687386646780,58687386646780,58687399870211,58687399885452,58687399913378,1189653637,4.0352,0.0049,13.2234,0.0152,0.0279,17.3067,0
826,58687429370028,58687433789708,58687433794745,58687433794745,58687447144973,58687447168881,58687447197881,318663530,4.4197,0.0050,13.3502,0.0239,0.0290,17.8279,0
827,58687498493545,58687503131411,58687503140634,58687503140634,58687516831714,58687516844381,58687516870233,3831359600,4.6379,0.0092,13.6911,0.0127,0.0259,18.3767,0
828,58687560819466,58687564638774,58687564643385,58687564643385,58687577927558,58687577949891,58687577980335,3754565563,3.8193,0.0046,13.2842,0.0223,0.0304,17.1609,0
829,58687645535051,58687649217137,58687649222544,58687649222544,58687664439019,58687664463408,58687664496612,3836976,3.6821,0.0054,15.2165,0.0244,0.0332,18.9616,0
830,58687683974211,58687687932946,58687687938390,58687687938390,58687702038213,58687702052954,58687702079065,3836976,3.9587,0.0054,14.0998,0.0147,0.0261,18.1049,0
831,58687759312618,58687763116501,58687763121834,58687763121834,58687776770767,58687776793489,58687776825619,2048580491,3.8039,0.0053,13.6489,0.0227,0.0321,17.5130,0
832,58687810627541,58687814710814,58687814722721,58687814722721,58687828375950,58687828391635,58687828421283,3724822431,4.0833,0.0119,13.6532,0.0157,0.0296,17.7937,0
833,58687884641889,58687888564920,58687888569587,58687888569587,58687902136759,58687902155222,58687902186074,2322084483,3.9230,0.0047,13.5672,0.0185,0.0309,17.5442,0
834,58687960497779,58687964150920,58687964161643,58687964161643,58687979494155,58687979507377,58687979541025,1181595113,3.6531,0.0107,15.3325,0.0132,0.0336,19.0432,0
835,58688004631235,58688009973863,58688009979141,58688009979141,58688023533666,58688023555684,58688023583999,804087977,5.3426,0.0053,13.5545,0.0220,0.0283,18.9528,0
836,58688073303195,58688078233063,58688078238674,58688078238674,58688093747501,58688093767279,58688093809538,299603359,4.9299,0.0056,15.5088,0.0198,0.0423,20.5063,0
837,58688115754608,58688119948807,58688119959196,58688119959196,58688134878799,58688134903040,58688134933651,2525130116,4.1942,0.0104,14.9196,0.0242,0.0306,19.1790,0
838,58688178414420,58688182818045,58688182823045,58688182823045,58688196628422,58688196643107,58688196670663,4137646836,4.4036,0.0050,13.8054,0.0147,0.0276,18.2562,0
839,58688267574038,58688271895218,58688271902311,58688271902311,58688288153529,58688288175252,58688288209252,2367134969,4.3212,0.0071,16.2512,0.0217,0.0340,20.6352,0
840,58688302941688,58688306970700,58688306976645,58688306976645,58688321226209,58688321241116,58688321269450,2367134969,4.0290,0.0059,14.2496,0.0149,0.0283,18.3278,0
841,58688383521852,58688388374590,58688388380479,58688388380479,58688403074341,58688403090230,58688403117748,791425064,4.8527,0.0059,14.6939,0.0159,0.0275,19.5959,0
842,58688427671678,58688432896084,58688432901232,58688432901232,58688446252367,58688446267405,58688446297164,590788657,5.2244,0.0051,13.3511,0.0150,0.0298,18.6255,0
843,58688490215137,58688494560855,58688494566614,58688494566614,58688508610770,58688508625252,58688508652530,3369269416,4.3457,0.0058,14.0442,0.0145,0.0273,18.4374,0
844,58688579816442,58688584671495,58688584676884,58688584676884,58688598781151,58688598817447,58688598869262,1033593025,4.8551,0.0054,14.1043,0.0363,0.0518,19.0528,0
845,58688625733663,58688630593993,58688630604345,58688630604345,58688644376833,58688644393019,58688644421334,2689704180,4.8603,0.0104,13.7725,0.0162,0.0283,18.6877,0
846,58688682797623,58688687820731,58688687834083,58688687834083,58688701370145,58688701391534,58688701419238,3228449993,5.0231,0.0134,13.5361,0.0214,0.0277,18.6216,0
847,58688769599456,58688773814358,58688773822154,58688773822154,58688790101021,58688790116003,58688790145262,1988615359,4.2149,0.0078,16.2789,0.0150,0.0293,20.5458,0
848,58688815194175,58688818902965,58688818907483,58688818907483,58688833384844,58688833400122,58688833429845,833926602,3.7088,0.0045,14.4774,0.0153,0.0297,18.2357,0
849,58688877810560,58688881531202,58688881537350,58688881537350,58688896311823,58688896327879,58688896355138,2049034568,3.7206,0.0061,14.7745,0.0161,0.0273,18.5446,0
850,58688955908847,58688963504649,58688963517056,58688963517056,58688979023569,58688979043847,58688979074421,2530744524,7.5958,0.0124,15.5065,0.0203,0.0306,23.1656,0
851,58688987588781,58688993115984,58688993120503,58688993120503,58689006475897,58689006491342,58689006519342,411183445,5.5272,0.0045,13.3554,0.0154,0.0280,18.9306,0
852,58689062276335,58689066955757,58689066960628,58689066960628,58689080240207,58689080254781,58689080284837,3117855051,4.6794,0.0049,13.2796,0.0146,0.0301,18.0085,0
853,58689109617245,58689117370492,58689117375585,58689117375585,58689130830720,58689130848443,58689130878295,3117855051,7.7532,0.0051,13.4551,0.0177,0.0299,21.2611,0
854,58689169323232,58689174832268,58689174837620,58689174837620,58689188323367,58689188338645,58689188367441,3423651847,5.5090,0.0054,13.4857,0.0153,0.0288,19.0442,0
855,58689260060152,58689265009427,58689265014427,58689265014427,58689280558402,58689280583088,58689280635125,3538789277,4.9493,0.0050,15.5440,0.0247,0.0520,20.5750,0
856,58689294788522,58689299700538,58689299705741,58689299705741,58689312921598,58689312941839,58689312968617,3538789277,4.9120,0.0052,13.2159,0.0202,0.0268,18.1801,0
857,58689384292771,58689387698948,58689387704022,58689387704022,58689403668184,58689403690870,58689403724092,1251232645,3.4062,0.0051,15.9642,0.0227,0.0332,19.4313,0
858,58689431263828,58689435368008,58689435387545,58689435387545,58689449483183,58689449499683,58689449529738,4034787780,4.1042,0.0195,14.0956,0.0165,0.0301,18.2659,0
859,58689492926618,58689496858038,58689496863093,58689496863093,58689510908675,58689510924527,58689510953694,63316600,3.9314,0.0051,14.0456,0.0159,0.0292,18.0271,0
860,58689568414340,58689571752332,58689571761351,58689571761351,58689587166233,58689587182196,58689587212974,3193543398,3.3380,0.0090,15.4049,0.0160,0.0308,18.7986,0
861,58689615694176,58689619244854,58689619252669,58689619252669,58689634177643,58689634195958,58689634225976,2357923754,3.5507,0.0078,14.9250,0.0183,0.0300,18.5318,0
862,58689676532000,58689681201237,58689681205478,58689681205478,58689694229594,58689694249816,58689694275038,3138309441,4.6692,0.0042,13.0241,0.0202,0.0252,17.7430,0
863,58689759183931,58689762786665,58689762796128,58689762796128,58689778808068,58689778833771,58689778926124,1676567953,3.6027,0.0095,16.0119,0.0257,0.0924,19.7422,0
864,58689801659196,58689805308634,58689805314375,58689805314375,58689820266293,58689820296830,58689820338460,1676510476,3.6494,0.0057,14.9519,0.0305,0.0416,18.6793,0
865,58689850770205,58689854778699,58689854791792,58689854791792,58689868987745,58689869002708,58689869032374,3794634866,4.0085,0.0131,14.1960,0.0150,0.0297,18.2622,0
866,58689911861715,58689916391674,58689916401359,58689916401359,58689929825569,58689929841698,58689929871958,2393103520,4.5300,0.0097,13.4242,0.0161,0.0303,18.0102,0
867,58690002332578,58690005729792,58690005734978,58690005734978,58690020743952,58690020760711,58690020789526,4112734083,3.3972,0.0052,15.0090,0.0168,0.0288,18.4569,0
868,58690051129975,58690054889838,58690054895209,58690054895209,58690069622052,58690069664682,58690069698849,2851091883,3.7599,0.0054,14.7268,0.0426,0.0342,18.5689,0
869,58690118600894,58690122317887,58690122326424,58690122326424,58690136961452,58690136980045,58690137010767,346803223,3.7170,0.0085,14.6350,0.0186,0.0307,18.4099,0
870,58690197993333,58690203615721,58690203620054,58690203620054,58690219324030,58690219350882,58690219386790,2774051626,5.6224,0.0043,15.7040,0.0269,0.0359,21.3935,0
871,58690229683637,58690233467853,58690233472946,58690233472946,58690246908655,58690246922933,58690246949007,2732943033,3.7842,0.0051,13.4357,0.0143,0.0261,17.2654,0
872,58690308562778,58690312233531,58690312244920,58690312244920,58690326598503,58690326618688,58690326645725,2871813179,3.6708,0.0114,14.3536,0.0202,0.0270,18.0829,0
873,58690359521700,58690364653717,58690364658457,58690364658457,58690377871389,58690377890648,58690377916926,2871813179,5.1320,0.0047,13.2129,0.0193,0.0263,18.3952,0
874,58690407774206,58690412213683,58690412218554,58690412218554,58690425772764,58690425788264,58690425816819,3506026936,4.4395,0.0049,13.5542,0.0155,0.0286,18.0426,0
875,58690498951368,58690502625046,58690502630083,58690502630083,58690519694786,58690519715471,58690519788564,1033877730,3.6737,0.0050,17.0647,0.0207,0.0731,20.8372,0
876,58690537306490,58690541360966,58690541364763,58690541364763,58690555074232,58690555088566,58690555115658,1033877730,4.0545,0.0038,13.7095,0.0143,0.0271,17.8092,0
877,58690595058212,58690599115706,58690599126447,58690599126447,58690612674453,58690612687676,58690612715639,2115023464,4.0575,0.0107,13.5480,0.0132,0.0280,17.6574,0
878,58690687326729,58690691942299,58690691951521,58690691951521,58690707331459,58690707352922,58690707382737,3299677482,4.6156,0.0092,15.3799,0.0215,0.0298,20.0560,0
879,58690723255103,58690726728707,58690726741688,58690726741688,58690741049215,58690741069234,58690741102123,3299677482,3.4736,0.0130,14.3075,0.0200,0.0329,17.8470,0
880,58690797251987,58690801193722,58690801198407,58690801198407,58690814971063,58690814992989,58690815021063,3890087848,3.9417,0.0047,13.7727,0.0219,0.0281,17.7691,0
881,58690845898754,58690849769433,58690849783507,58690849783507,58690863553255,58690863570755,58690863599996,1381931308,3.8707,0.0141,13.7697,0.0175,0.0292,17.7012,0
882,58690908871696,58690912579782,58690912584319,58690912584319,58690926680771,58690926705994,58690926737586,4127758230,3.7081,0.0045,14.0965,0.0252,0.0316,17.8659,0
883,58690973310439,58690977218470,58690977223470,58690977223470,58690989877158,58690989893418,58690989922344,2868768781,3.9080,0.0050,12.6537,0.0163,0.0289,16.6119,0
884,58691061098978,58691065077380,58691065082213,58691065082213,58691080998023,58691081017005,58691081046542,1966895659,3.9784,0.0048,15.9158,0.0190,0.0295,19.9476,0
885,58691106860254,58691112227568,58691112237068,58691112237068,58691126506095,58691126525410,58691126560169,1265304973,5.3673,0.0095,14.2690,0.0193,0.0348,19.6999,0
886,58691154753685,58691158921550,58691158926550,58691158926550,58691173124040,58691173137762,58691173165707,4202925987,4.1679,0.0050,14.1975,0.0137,0.0279,18.4120,0
887,58691223478571,58691227997752,58691228064956,58691228064956,58691241294313,58691241309517,58691241338499,2599818251,4.5192,0.0672,13.2294,0.0152,0.0290,17.8599,0
888,58691292836663,58691296552601,58691296557082,58691296557082,58691310634183,58691310649590,58691310678979,3317923186,3.7159,0.0045,14.0771,0.0154,0.0294,17.8423,0
889,58691353656987,58691357911852,58691357916186,58691357916186,58691371084080,58691371100358,58691371131098,1483209931,4.2549,0.0043,13.1679,0.0163,0.0307,17.4741,0
890,58691402036993,58691405933117,58691405937858,58691405937858,58691419783902,58691419798272,58691419825624,1888061164,3.8961,0.0047,13.8460,0.0144,0.0274,17.7886,0
891,58691493792472,58691497702966,58691497709281,58691497709281,58691513693202,58691513712591,58691513747869,1120248154,3.9105,0.0063,15.9839,0.0194,0.0353,19.9554,0
892,58691528634657,58691532502151,58691532597170,58691532597170,58691546307436,58691546321306,58691546347584,1120248154,3.8675,0.0950,13.7103,0.0139,0.0263,17.7129,0
893,58691591943545,58691596055817,58691596060650,58691596060650,58691609457323,58691609474175,58691609504008,99934870,4.1123,0.0048,13.3967,0.0169,0.0298,17.5605,0
894,58691669218810,58691672806044,58691672814284,58691672814284,58691687082848,58691687099274,58691687128219,3584880679,3.5872,0.0082,14.2686,0.0164,0.0289,17.9094,0
895,58691729469225,58691733304663,58691733313904,58691733313904,58691747961876,58691747978895,58691748047914,57833604,3.8354,0.0092,14.6480,0.0170,0.0690,18.5787,0
896,58691803821647,58691807742549,58691807748215,58691807748215,58691822207539,58691822229576,58691822261910,1044093480,3.9209,0.0057,14.4593,0.0220,0.0323,18.4403,0
897,58691848975106,58691852702229,58691852716211,58691852716211,58691867278906,58691867293220,58691867330424,2402786641,3.7271,0.0140,14.5627,0.0143,0.0372,18.3553,0
898,58691894777493,58691898484987,58691898490598,58691898490598,58691913606035,58691913631665,58691913665054,535962973,3.7075,0.0056,15.1154,0.0256,0.0334,18.8876,0
899,58691989904834,58691993948588,58691993953977,58691993953977,58692009676861,58692009736435,58692009790805,2414479441,4.0438,0.0054,15.7229,0.0596,0.0544,19.8860,0
900,58692034252809,58692038294582,58692038302785,58692038302785,58692052510775,58692052533627,58692052561701,3316647203,4.0418,0.0082,14.2080,0.0229,0.0281,18.3089,0
901,58692080992144,58692084987675,58692084993786,58692084993786,58692099013887,58692099028813,58692099058183,2545213826,3.9955,0.0061,14.0201,0.0149,0.0294,18.0660,0
902,58692174506961,58692181747503,58692181757929,58692181757929,58692196974292,58692196986626,58692197009922,3225684336,7.2405,0.0104,15.2164,0.0123,0.0233,22.5030,0
903,58692209319109,58692213550864,58692213555716,58692213555716,58692227087111,58692227102555,58692227129777,3017784918,4.2318,0.0049,13.5314,0.0154,0.0272,17.8107,0
904,58692271482141,58692275622210,58692275627136,58692275627136,58692289091624,58692289105605,58692289133661,2699670641,4.1401,0.0049,13.4645,0.0140,0.0281,17.6515,0
905,58692335809958,58692339521303,58692339529600,58692339529600,58692353185051,58692353201625,58692353230717,3313966797,3.7113,0.0083,13.6555,0.0166,0.0291,17.4208,0
906,58692411211421,58692415276471,58692415282619,58692415282619,58692428864052,58692428877403,58692428943959,75074770,4.0651,0.0061,13.5814,0.0134,0.0666,17.7325,0
907,58692457671033,58692461928879,58692461934879,58692461934879,58692475609794,58692475632405,58692475660794,1065792438,4.2578,0.0060,13.6749,0.0226,0.0284,17.9898,0
908,58692520259270,58692524334801,58692524340190,58692524340190,58692538239364,58692538254327,58692538282031,1206838788,4.0755,0.0054,13.8992,0.0150,0.0277,18.0228,0
909,58692613588716,58692619063289,58692619070270,58692619070270,58692632059756,58692632074479,58692632103682,694518618,5.4746,0.0070,12.9895,0.0147,0.0292,18.5150,0
910,58692661478369,58692666083476,58692666092198,58692666092198,58692680800116,58692680819060,58692680850394,4043447736,4.6051,0.0087,14.7079,0.0189,0.0313,19.3720,0
911,58692703810541,58692707177811,58692707182589,58692707182589,58692721523690,58692721538857,58692721566283,891083641,3.3673,0.0048,14.3411,0.0152,0.0274,17.7557,0
912,58692801492094,58692806550610,58692806555981,58692806555981,58692822169567,58692822184790,58692822215401,115573463,5.0585,0.0054,15.6136,0.0152,0.0306,20.7233,0
913,58692833102528,58692837171856,58692837175782,58692837175782,58692849818193,58692849833082,58692849861471,3285975528,4.0693,0.0039,12.6424,0.0149,0.0284,16.7589,0
914,58692910645220,58692914033602,58692914038602,58692914038602,58692927360015,58692927382292,58692927408385,2577047753,3.3884,0.0050,13.3214,0.0223,0.0261,16.7632,0
915,58692959609488,58692963128407,58692963135610,58692963135610,58692976952988,58692976967451,58692976992192,4221029909,3.5189,0.0072,13.8174,0.0145,0.0247,17.3827,0
916,58693017818267,58693022174225,58693022178429,58693022178429,58693035114266,58693035137415,58693035167044,3947700553,4.3560,0.0042,12.9358,0.0231,0.0296,17.3488,0
917,58693096770371,58693100891532,58693100904551,58693100904551,58693118344625,58693118370310,58693118401403,1026006062,4.1212,0.0130,17.4401,0.0257,0.0311,21.6310,0
918,58693143131815,58693146988383,58693146992846,58693146992846,58693160698056,58693160715538,58693160746705,1582446702,3.8566,0.0045,13.7052,0.0175,0.0312,17.6149,0
919,58693223131200,58693227264028,58693227270584,58693227270584,58693242247854,58693242263484,58693242291428,2743167391,4.1328,0.0066,14.9773,0.0156,0.0279,19.1602,0
920,58693266317746,58693272276450,58693272281635,58693272281635,58693285373640,58693285388399,58693285416325,503157104,5.9587,0.0052,13.0920,0.0148,0.0279,19.0986,0
921,58693330956526,58693335485985,58693335490393,58693335490393,58693349236511,58693349251159,58693349280974,3571606174,4.5295,0.0044,13.7461,0.0146,0.0298,18.3244,0
922,58693406480231,58693410362725,58693410367391,58693410367391,58693424383899,58693424415529,58693424450733,130717883,3.8825,0.0047,14.0165,0.0316,0.0352,17.9705,0
923,58693453809697,58693458515193,58693458519749,58693458519749,58693472073051,58693472088033,58693472117218,2107548802,4.7055,0.0046,13.5533,0.0150,0.0292,18.3075,0
924,58693543981522,58693548831074,58693548835908,58693548835908,58693564774107,58693564800274,58693564840070,647377539,4.8496,0.0048,15.9382,0.0262,0.0398,20.8585,0
925,58693579241320,58693583916649,58693583921779,58693583921779,58693597119284,58693597139729,58693597166266,647377539,4.6753,0.0051,13.1975,0.0204,0.0265,17.9249,0
926,58693655328174,58693659174094,58693659179297,58693659179297,58693672871415,58693672891304,58693672919008,1572604516,3.8459,0.0052,13.6921,0.0199,0.0277,17.5908,0
927,58693700484874,58693703915385,58693703929533,58693703929533,58693718395950,58693718415838,58693718440987,3973333408,3.4305,0.0141,14.4664,0.0199,0.0251,17.9561,0
928,58693763998299,58693767540977,58693767550292,58693767550292,58693781542781,58693781558355,58693781585688,1389197881,3.5427,0.0093,13.9925,0.0156,0.0273,17.5874,0
929,58693843677646,58693847201250,58693847216102,58693847216102,58693861218554,58693861233443,58693861266369,801481873,3.5236,0.0149,14.0025,0.0149,0.0329,17.5887,0
930,58693888467419,58693892166357,58693892171746,58693892171746,58693904933138,58693904949120,58693904981861,2295118706,3.6989,0.0054,12.7614,0.0160,0.0327,16.5144,0
931,58693950556451,58693953661646,58693953676294,58693953676294,58693967605357,58693967622172,58693967651616,496912417,3.1052,0.0146,13.9291,0.0168,0.0294,17.0952,0
932,58694028751145,58694032454620,58694032465120,58694032465120,58694046136163,58694046151701,58694046179090,3022037738,3.7035,0.0105,13.6710,0.0155,0.0274,17.4279,0
933,58694080488532,58694084470860,58694084477027,58694084477027,58694098309071,58694098334127,58694098365219,342085878,3.9823,0.0062,13.8320,0.0251,0.0311,17.8767,0
934,58694142660250,58694146142353,58694146153705,58694146153705,58694159737489,58694159754323,58694159785082,2573487151,3.4821,0.0114,13.5838,0.0168,0.0308,17.1248,0
935,58694217170525,58694222125448,58694222130763,58694222130763,58694236345679,58694236368401,58694236398290,730268869,4.9549,0.0053,14.2149,0.0227,0.0299,19.2278,0
936,58694261106313,58694265019585,58694265025974,58694265025974,58694278846500,58694278863852,58694278895333,733630889,3.9133,0.0064,13.8205,0.0174,0.0315,17.7890,0
937,58694323856125,58694328247713,58694328253398,58694328253398,58694341921553,58694341936812,58694341967275,2717978028,4.3916,0.0057,13.6682,0.0153,0.0305,18.1111,0
938,58694416936219,58694421072973,58694421078139,58694421078139,58694435643075,58694435659464,58694435690668,2791014292,4.1368,0.0052,14.5649,0.0164,0.0312,18.7544,0
939,58694462757421,58694466895175,58694466905193,58694466905193,58694481588425,58694481604722,58694481635425,2541100145,4.1378,0.0100,14.6832,0.0163,0.0307,18.8780,0
940,58694509075513,58694513094433,58694513104470,58694513104470,58694526696273,58694526714107,58694526747051,3106791724,4.0189,0.0100,13.5918,0.0178,0.0329,17.6715,0
941,58694601683550,58694604950153,58694604955097,58694604955097,58694620036238,58694620089164,58694620129516,1496471951,3.2666,0.0049,15.0811,0.0529,0.0404,18.4460,0
942,58694649453888,58694654163217,58694654167329,58694654167329,58694668060299,58694668075688,58694668110151,1370217546,4.7093,0.0041,13.8930,0.0154,0.0345,18.6563,0
943,58694693543362,58694697952857,58694697960098,58694697960098,58694711322493,58694711343715,58694711370289,3066411275,4.4095,0.0072,13.3624,0.0212,0.0266,17.8269,0
944,58694764099939,58694768982825,58694768987436,58694768987436,58694781986237,58694782007682,58694782034719,259942967,4.8829,0.0046,12.9988,0.0214,0.0270,17.9348,0
945,58694835322963,58694839418476,58694839423161,58694839423161,58694853013297,58694853030575,58694853076557,2487625757,4.0955,0.0047,13.5901,0.0173,0.0460,17.7536,0
946,58694880751960,58694884084637,58694884090712,58694884090712,58694899238538,58694899253334,58694899280723,2619204175,3.3327,0.0061,15.1478,0.0148,0.0274,18.5288,0
947,58694940722170,58694944928980,58694944940869,58694944940869,58694959170377,58694959185081,58694959212507,2268750785,4.2068,0.0119,14.2295,0.0147,0.0274,18.4903,0
948,58695037730295,58695041641363,58695041646900,58695041646900,58695056174095,58695056200095,58695056253169,1713955158,3.9111,0.0055,14.5272,0.0260,0.0531,18.5229,0
949,58695085007206,58695089502572,58695089506979,58695089506979,58695103367690,58695103383153,58695103414653,3595584807,4.4954,0.0044,13.8607,0.0155,0.0315,18.4074,0
950,58695131849559,58695136597741,58695136602426,58695136602426,58695149902265,58695149924376,58695149951709,995077504,4.7482,0.0047,13.2998,0.0221,0.0273,18.1022,0
951,58695194605648,58695198648717,58695198653421,58695198653421,58695211849407,58695211863907,58695211892148,101167321,4.0431,0.0047,13.1960,0.0145,0.0282,17.2865,0
952,58695271523968,58695276294354,58695276305280,58695276305280,58695290932845,58695290954808,58695290991216,1301681464,4.7704,0.0109,14.6276,0.0220,0.0364,19.4672,0
953,58695317693523,58695321100367,58695321111701,58695321111701,58695335256561,58695335271894,58695335309820,3705833206,3.4068,0.0113,14.1449,0.0153,0.0379,17.6163,0
954,58695408162590,58695414100350,58695414104850,58695414104850,58695427989246,58695428020542,58695428050024,824993372,5.9378,0.0045,13.8844,0.0313,0.0295,19.8874,0
955,58695453275345,58695457161728,58695457175025,58695457175025,58695471084773,58695471100828,58695471131736,3928554780,3.8864,0.0133,13.9097,0.0161,0.0309,17.8564,0
956,58695500530626,58695504866547,58695504878251,58695504878251,58695518488739,58695518503165,58695518532869,1480134137,4.3359,0.0117,13.6105,0.0144,0.0297,18.0022,0
957,58695565262907,58695569473143,58695569489513,58695569489513,58695583614780,58695583630003,58695583657058,44223957,4.2102,0.0164,14.1253,0.0152,0.0271,18.3942,0
958,58695659657505,58695663847592,58695663852222,58695663852222,58695678292416,58695678306657,58695678334898,1188101691,4.1901,0.0046,14.4402,0.0142,0.0282,18.6774,0
959,58695701752880,58695705922671,58695705927782,58695705927782,58695719759641,58695719775679,58695719813586,1319053972,4.1698,0.0051,13.8319,0.0160,0.0379,18.0607,0
960,58695747738009,58695751429280,58695751440132,58695751440132,58695765242157,58695765260250,58695765294435,535258628,3.6913,0.0109,13.8020,0.0181,0.0342,17.5564,0
961,58695843248407,58695847541068,58695847546272,58695847546272,58695861370779,58695861384853,58695861411409,4025799846,4.2927,0.0052,13.8245,0.0141,0.0266,18.1630,0
962,58695888153606,58695892284619,58695892295878,58695892295878,58695905795643,58695905811755,58695905840866,540224222,4.1310,0.0113,13.4998,0.0161,0.0291,17.6873,0
963,58695935386812,58695939090842,58695939095139,58695939095139,58695953116387,58695953133573,58695953166369,493710513,3.7040,0.0043,14.0212,0.0172,0.0328,17.7796,0
964,58696016595738,58696020205102,58696020215268,58696020215268,58696034041479,58696034055868,58696034081979,2707288329,3.6094,0.0102,13.8262,0.0144,0.0261,17.4862,0
965,58696091029976,58696095109823,58696095114174,58696095114174,58696109323461,58696109338035,58696109366368,657806212,4.0798,0.0044,14.2093,0.0146,0.0283,18.3364,0
966,58696136372510,58696140444838,58696140450634,58696140450634,58696153989900,58696154008437,58696154056363,2225269765,4.0723,0.0058,13.5393,0.0185,0.0479,17.6839,0
967,58696183774810,58696187649507,58696187654470,58696187654470,58696201608848,58696201633089,58696201662034,224396358,3.8747,0.0050,13.9544,0.0242,0.0289,17.8872,0
968,58696278636613,58696282527644,58696282538792,58696282538792,58696296388392,58696296403522,58696296429522,1428883340,3.8910,0.0111,13.8496,0.0151,0.0260,17.7929,0
969,58696327637288,58696331843450,58696331848264,58696331848264,58696344995047,58696345015899,58696345042473,2516863451,4.2062,0.0048,13.1468,0.0209,0.0266,17.4052,0
970,58696389140559,58696393071534,58696393084738,58696393084738,58696407001801,58696407017116,58696407043283,1389941596,3.9310,0.0132,13.9171,0.0153,0.0262,17.9027,0
971,58696465144413,58696470051854,58696470055669,58696470055669,58696483280378,58696483295082,58696483319878,1307919532,4.9074,0.0038,13.2247,0.0147,0.0248,18.1755,0
972,58696509931389,58696514081254,58696514092514,58696514092514,58696527674946,58696527688613,58696527714909,399036214,4.1499,0.0113,13.5824,0.0137,0.0263,17.7835,0
973,58696559323195,58696563890765,58696563894673,58696563894673,58696576450361,58696576464250,58696576489806,2114954093,4.5676,0.0039,12.5557,0.0139,0.0256,17.1666,0
974,58696653312977,58696657687065,58696657691861,58696657691861,58696670839533,58696670855144,58696670883496,773976054,4.3741,0.0048,13.1477,0.0156,0.0284,17.5705,0
975,58696694543405,58696698905715,58696698909827,58696698909827,58696712174017,58696712187258,58696712211869,3765869161,4.3623,0.0041,13.2642,0.0132,0.0246,17.6685,0
976,58696746857295,58696752338034,58696752342997,58696752342997,58696765407632,58696765434039,58696765459984,2769795330,5.4807,0.0050,13.0646,0.0264,0.0259,18.6027,0
977,58696836169580,58696840396742,58696840403279,58696840403279,58696856125181,58696856153792,58696856195459,3070702977,4.2272,0.0065,15.7219,0.0286,0.0417,20.0259,0
978,58696869397520,58696873805645,58696873810274,58696873810274,58696886604575,58696886619019,58696886646316,1859804109,4.4081,0.0046,12.7943,0.0144,0.0273,17.2488,0
979,58696961935167,58696965561216,58696965565846,58696965565846,58696982117750,58696982131121,58696982156547,4090730906,3.6260,0.0046,16.5519,0.0134,0.0254,20.2214,0
980,58696999911270,58697004148154,58697004155043,58697004155043,58697017945420,58697017961402,58697017991828,4090730906,4.2369,0.0069,13.7904,0.0160,0.0304,18.0806,0
981,58697073031319,58697077407907,58697077419166,58697077419166,58697091917083,58697091930231,58697091954361,355825575,4.3766,0.0113,14.4979,0.0131,0.0241,18.9230,0
982,58697118354427,58697123914796,58697123924185,58697123924185,58697136430799,58697136444540,58697136471299,435725668,5.5604,0.0094,12.5066,0.0137,0.0268,18.1169,0
983,58697180313328,58697184605361,58697184610286,58697184610286,58697198599239,58697198614442,58697198642628,705692295,4.2920,0.0049,13.9890,0.0152,0.0282,18.3293,0
984,58697271707269,58697276811192,58697276816396,58697276816396,58697289657604,58697289671122,58697289699178,5634726,5.1039,0.0052,12.8412,0.0135,0.0281,17.9919,0
985,58697319496792,58697323763009,58697323771231,58697323771231,58697338578297,58697338605908,58697338725298,4252795930,4.2662,0.0082,14.8071,0.0276,0.1194,19.2285,0
986,58697363752359,58697367649094,58697367660557,58697367660557,58697381320730,58697381335137,58697381360415,568191269,3.8967,0.0115,13.6602,0.0144,0.0253,17.6081,0
987,58697428896345,58697432786987,58697432797821,58697432797821,58697446764828,58697446780365,58697446807699,783057018,3.8906,0.0108,13.9670,0.0155,0.0273,17.9114,0
988,58697508242562,58697511466887,58697511477572,58697511477572,58697525945303,58697525959378,58697525985137,1621616675,3.2243,0.0107,14.4677,0.0141,0.0258,17.7426,0
989,58697553354595,58697557797090,58697557801313,58697557801313,58697571004170,58697571030818,58697571079318,4234830563,4.4425,0.0042,13.2029,0.0266,0.0485,17.7247,0
990,58697631496270,58697635202690,58697635207764,58697635207764,58697647894749,58697647908712,58697647932786,2545938350,3.7064,0.0051,12.6870,0.0140,0.0241,16.4365,0
991,58697703208240,58697707157438,58697707162438,58697707162438,58697719686367,58697719701071,58697719726701,3316037826,3.9492,0.0050,12.5239,0.0147,0.0256,16.5185,0
992,58697749003072,58697752972974,58697752978400,58697752978400,58697765658533,58697765683922,58697765739959,115741876,3.9699,0.0054,12.6801,0.0254,0.0560,16.7369,0
993,58697815150172,58697818867795,58697818877314,58697818877314,58697833571268,58697833585879,58697833613509,2678396676,3.7176,0.0095,14.6940,0.0146,0.0276,18.4633,0
994,58697860101186,58697864706294,58697864710849,58697864710849,58697877728984,58697877749410,58697877774836,2735835320,4.6051,0.0046,13.0181,0.0204,0.0254,17.6736,0
995,58697925618970,58697930416985,58697930421337,58697930421337,58697944068047,58697944084992,58697944113492,1824302079,4.7980,0.0044,13.6467,0.0169,0.0285,18.4945,0
996,58698013322584,58698017404986,58698017418023,58698017418023,58698033374814,58698033389463,58698033419537,3054727741,4.0824,0.0130,15.9568,0.0146,0.0301,20.0970,0
997,58698049618163,58698054034899,58698054049103,58698054049103,58698067845702,58698067861462,58698067887628,3054727741,4.4167,0.0142,13.7966,0.0158,0.0262,18.2695,0
998,58698128473341,58698134284933,58698134289470,58698134289470,58698148689109,58698148705239,58698148733813,2488284233,5.8116,0.0045,14.3996,0.0161,0.0286,20.2605,0
999,58698177831906,58698182098512,58698182103401,58698182103401,58698194692645,58698194706386,58698194733108,2542986933,4.2666,0.0049,12.5892,0.0137,0.0267,16.9012,0
1000,58698265180852,58698269595366,58698269607366,58698269607366,58698284100968,58698284115338,58698284144153,3773166690,4.4145,0.0120,14.4936,0.0144,0.0288,18.9633,0
1001,58698308078822,58698313941378,58698313946230,58698313946230,58698326817234,58698326834919,58698326862308,428898813,5.8626,0.0049,12.8710,0.0177,0.0274,18.7835,0
1002,58698358028186,58698361738105,58698361748031,58698361748031,58698375772261,58698375786798,58698375815224,497997245,3.7099,0.0099,14.0242,0.0145,0.0284,17.7870,0
1003,58698421297666,58698425329901,58698425344345,58698425344345,58698440283060,58698440298189,58698440325486,1796565504,4.0322,0.0144,14.9387,0.0151,0.0273,19.0278,0
1004,58698488156342,58698491309445,58698491320612,58698491320612,58698506102566,58698506118159,58698506148844,1762363949,3.1531,0.0112,14.7820,0.0156,0.0307,17.9925,0
1005,58698542703035,58698547232809,58698547241402,58698547241402,58698561456651,58698561500169,58698561529225,161421023,4.5298,0.0086,14.2152,0.0435,0.0291,18.8262,0
1006,58698605105772,58698609140507,58698609146525,58698609146525,58698622487827,58698622504772,58698622533735,2442230718,4.0347,0.0060,13.3413,0.0169,0.0290,17.4280,0
1007,58698684962731,58698688667502,58698688676687,58698688676687,58698704195552,58698704217274,58698704249255,2017524357,3.7048,0.0092,15.5189,0.0217,0.0320,19.2865,0
1008,58698727130866,58698731778603,58698731783732,58698731783732,58698744955349,58698744970312,58698745009997,885251960,4.6477,0.0051,13.1716,0.0150,0.0397,17.8791,0
1009,58698790920088,58698794982971,58698794987064,58698794987064,58698808749997,58698808767349,58698808800423,1492410556,4.0629,0.0041,13.7629,0.0174,0.0331,17.8803,0
1010,58698883427662,58698888849809,58698888854549,58698888854549,58698902742001,58698902756575,58698902785761,1029320882,5.4221,0.0047,13.8875,0.0146,0.0292,19.3581,0
1011,58698928975955,58698932944042,58698932955672,58698932955672,58698947019346,58698947059421,58698947103680,3549863232,3.9681,0.0116,14.0637,0.0401,0.0443,18.1277,0
1012,58698977512185,58698980670139,58698980681658,58698980681658,58698994739536,58698994758888,58698994784869,316383771,3.1580,0.0115,14.0579,0.0194,0.0260,17.2727,0
1013,58699067495361,58699072630544,58699072635526,58699072635526,58699086060976,58699086074013,58699086098698,68294535,5.1352,0.0050,13.4254,0.0130,0.0247,18.6033,0
1014,58699113749139,58699118209838,58699118214690,58699118214690,58699132753903,58699132767959,58699132794922,2799328348,4.4607,0.0049,14.5392,0.0141,0.0270,19.0458,0
1015,58699165117525,58699169238872,58699169248020,58699169248020,58699183015008,58699183031268,58699183060064,4170925640,4.1213,0.0091,13.7670,0.0163,0.0288,17.9425,0
1016,58699232425166,58699236433087,58699236443698,58699236443698,58699250403927,58699250419779,58699250449354,1972860182,4.0079,0.0106,13.9602,0.0159,0.0296,18.0242,0
1017,58699305911290,58699309432005,58699309436801,58699309436801,58699324658332,58699324680091,58699324725535,2432953591,3.5207,0.0048,15.2215,0.0218,0.0454,18.8142,0
1018,58699349578208,58699354151092,58699354155259,58699354155259,58699366897393,58699366911652,58699366938393,128247689,4.5729,0.0042,12.7421,0.0143,0.0267,17.3602,0
1019,58699412264723,58699416890830,58699416897349,58699416897349,58699429491870,58699429508463,58699429536130,3592139178,4.6261,0.0065,12.5945,0.0166,0.0277,17.2714,0
1020,58699474886275,58699479368789,58699479373326,58699479373326,58699492549831,58699492563905,58699492590461,1141048970,4.4825,0.0045,13.1765,0.0141,0.0266,17.7042,0
1021,58699537932291,58699542238416,58699542248435,58699542248435,58699555625237,58699555646033,58699555671978,415717452,4.3061,0.0100,13.3768,0.0208,0.0259,17.7397,0
1022,58699627924597,58699635582270,58699635587474,58699635587474,58699650355873,58699650375854,58699650409762,240481918,7.6577,0.0052,14.7684,0.0200,0.0339,22.4852,0
1023,58699661325667,58699666617536,58699666622129,58699666622129,58699679466818,58699679481818,58699679509373,240481918,5.2919,0.0046,12.8447,0.0150,0.0276,18.1837,0
1024,58699742230667,58699746640829,58699746646162,58699746646162,58699759899556,58699759915223,58699759944482,4095654514,4.4102,0.0053,13.2534,0.0157,0.0293,17.7138,0
1025,58699797552103,58699800865021,58699800869724,58699800869724,58699814655046,58699814670009,58699814719898,11908708,3.3129,0.0047,13.7853,0.0150,0.0499,17.1678,0
1026,58699877573710,58699882193614,58699882198059,58699882198059,58699896188696,58699896202196,58699896243103,1655875921,4.6199,0.0044,13.9906,0.0135,0.0409,18.6694,0
1027,58699923124189,58699927531407,58699927535963,58699927535963,58699941379081,58699941397581,58699941430007,2607563533,4.4072,0.0046,13.8431,0.0185,0.0324,18.3058,0
1028,58699978034402,58699982286934,58699982292138,58699982292138,58699996152127,58699996166627,58699996195108,2102075966,4.2525,0.0052,13.8600,0.0145,0.0285,18.1607,0
1029,58700034767232,58700039588525,58700039593266,58700039593266,58700052657400,58700052674363,58700052705141,2368113855,4.8213,0.0047,13.0641,0.0170,0.0308,17.9379,0
1030,58700125553818,58700129530961,58700129536683,58700129536683,58700145329011,58700145343381,58700145433067,1036886756,3.9771,0.0057,15.7923,0.0144,0.0897,19.8792,0
1031,58700176313647,58700180513587,58700180517994,58700180517994,58700194001611,58700194015982,58700194044741,1030379403,4.1999,0.0044,13.4836,0.0144,0.0288,17.7311,0
1032,58700243447491,58700247619746,58700247624986,58700247624986,58700260596065,58700260611157,58700260639195,1337135720,4.1723,0.0052,12.9711,0.0151,0.0280,17.1917,0
1033,58700312280267,58700317668821,58700317673803,58700317673803,58700333638150,58700333655465,58700333682984,1371675252,5.3886,0.0050,15.9643,0.0173,0.0275,21.4027,0
1034,58700345164187,58700350101999,58700350106536,58700350106536,58700362598595,58700362612206,58700362638613,1607216002,4.9378,0.0045,12.4921,0.0136,0.0264,17.4744,0
1035,58700422151081,58700426858319,58700426866467,58700426866467,58700439285210,58700439302525,58700439333377,1724802968,4.7072,0.0081,12.4187,0.0173,0.0309,17.1823,0
1036,58700475280640,58700478243872,58700478252779,58700478252779,58700491613748,58700491627544,58700491654618,4232574340,2.9632,0.0089,13.3610,0.0138,0.0271,16.3740,0
1037,58700531184597,58700534903257,58700534908164,58700534908164,58700548376244,58700548392744,58700548422226,3882639406,3.7187,0.0049,13.4681,0.0165,0.0295,17.2376,0
1038,58700622037091,58700626233308,58700626240104,58700626240104,58700640676021,58700640703706,58700640738428,3624666138,4.1962,0.0068,14.4359,0.0277,0.0347,18.7013,0
1039,58700667722607,58700671710416,58700671714824,58700671714824,58700684354457,58700684367920,58700684394883,2609449256,3.9878,0.0044,12.6396,0.0135,0.0270,16.6723,0
1040,58700748917460,58700752447138,58700752452360,58700752452360,58700766813387,58700766828109,58700766856313,1303994291,3.5297,0.0052,14.3610,0.0147,0.0282,17.9389,0
1041,58700793598251,58700796807316,58700796821502,58700796821502,58700811479697,58700811494623,58700811521123,3572145665,3.2091,0.0142,14.6582,0.0149,0.0265,17.9229,0
1042,58700858829718,58700864859886,58700864864238,58700864864238,58700877920650,58700877934613,58700877964335,93801683,6.0302,0.0044,13.0564,0.0140,0.0297,19.1346,0
1043,58700936325800,58700941485594,58700941490872,58700941490872,58700958183518,58700958201425,58700958232147,2158486877,5.1598,0.0053,16.6926,0.0179,0.0307,21.9063,0
1044,58700969307275,58700973816179,58700973820401,58700973820401,58700986799146,58700986814424,58700986846480,3082596206,4.5089,0.0042,12.9787,0.0153,0.0321,17.5392,0
1045,58701068911946,58701071754770,58701071759492,58701071759492,58701088198082,58701088218674,58701088249841,2602667722,2.8428,0.0047,16.4386,0.0206,0.0312,19.3379,0
1046,58701102423738,58701105864416,58701105868675,58701105868675,58701120190813,58701120205314,58701120237128,3660637584,3.4407,0.0043,14.3221,0.0145,0.0318,17.8134,0
1047,58701185398485,58701189443739,58701189453442,58701189453442,58701205301993,58701205329215,58701205362567,3195775726,4.0453,0.0097,15.8486,0.0272,0.0334,19.9641,0
1048,58701227465249,58701231633522,58701231642059,58701231642059,58701245220880,58701245237176,58701245267250,1417398078,4.1683,0.0085,13.5788,0.0163,0.0301,17.8020,0
1049,58701284142671,58701288246443,58701288251777,58701288251777,58701301410560,58701301427282,58701301455801,3755826510,4.1038,0.0053,13.1588,0.0167,0.0285,17.3131,0
1050,58701358940799,58701362658015,58701362669922,58701362669922,58701377792952,58701377808174,58701377836693,1335197563,3.7172,0.0119,15.1230,0.0152,0.0285,18.8959,0
1051,58701402028067,58701406311821,58701406317136,58701406317136,58701420177384,58701420193717,58701420223958,2449020881,4.2838,0.0053,13.8602,0.0163,0.0302,18.1959,0
1052,58701493294803,58701497580372,58701497586891,58701497586891,58701511591121,58701511610324,58701511643139,1059315983,4.2856,0.0065,14.0042,0.0192,0.0328,18.3483,0
1053,58701538086187,58701543962520,58701543966520,58701543966520,58701557619546,58701557643527,58701557678750,3490247315,5.8763,0.0040,13.6530,0.0240,0.0352,19.5926,0
1054,58701586426786,58701591035782,58701591040023,58701591040023,58701604459695,58701604474325,58701604501973,975288543,4.6090,0.0042,13.4197,0.0146,0.0276,18.0752,0
1055,58701651774865,58701655650655,58701655654970,58701655654970,58701668934290,58701668949531,58701668975957,81578062,3.8758,0.0043,13.2793,0.0152,0.0264,17.2011,0
1056,58701714801919,58701718972599,58701718981617,58701718981617,58701732394827,58701732409568,58701732436457,1122225489,4.1707,0.0090,13.4132,0.0147,0.0269,17.6345,0
1057,58701804224797,58701807623160,58701807636160,58701807636160,58701821455426,58701821471889,58701821501075,1415223671,3.3984,0.0130,13.8193,0.0165,0.0292,17.2763,0
1058,58701851917616,58701855905500,58701855910481,58701855910481,58701869532691,58701869547339,58701869574377,1415223671,3.9879,0.0050,13.6222,0.0146,0.0270,17.6568,0
1059,58701913670129,58701917727938,58701917734438,58701917734438,58701930523905,58701930538516,58701930566220,4116236925,4.0578,0.0065,12.7895,0.0146,0.0277,16.8961,0
1060,58701959320812,58701962801415,58701962805971,58701962805971,58701977163258,58701977201628,58701977247962,4088421992,3.4806,0.0046,14.3573,0.0384,0.0463,17.9272,0
1061,58702028533903,58702033704476,58702033709253,58702033709253,58702046736480,58702046749814,58702046777369,3358339132,5.1706,0.0048,13.0272,0.0133,0.0276,18.2435,0
1062,58702112343134,58702116894705,58702116900760,58702116900760,58702130954287,58702130968490,58702130997398,2165849277,4.5516,0.0061,14.0535,0.0142,0.0289,18.6543,0
1063,58702162668573,58702166552937,58702166557456,58702166557456,58702180754890,58702180768446,58702180793668,1667838965,3.8844,0.0045,14.1974,0.0136,0.0252,18.1251,0
1064,58702209909965,58702214354220,58702214366572,58702214366572,58702227658892,58702227674059,58702227701689,3775767019,4.4443,0.0124,13.2923,0.0152,0.0276,17.7917,0
1065,58702273039593,58702276784494,58702276790623,58702276790623,58702290654001,58702290669297,58702290697631,2663692603,3.7449,0.0061,13.8634,0.0153,0.0283,17.6580,0
1066,58702340794439,58702345051657,58702345056490,58702345056490,58702358476977,58702358499570,58702358525292,3073224343,4.2572,0.0048,13.4205,0.0226,0.0257,17.7309,0
1067,58702417650611,58702421299715,58702421305067,58702421305067,58702435219334,58702435234223,58702435262056,3726021804,3.6491,0.0054,13.9143,0.0149,0.0278,17.6114,0
1068,58702496300418,58702500905951,58702500916748,58702500916748,58702517943469,58702517956580,58702517982395,3663228371,4.6055,0.0108,17.0267,0.0131,0.0258,21.6820,0
1069,58702526379996,58702530263138,58702530275545,58702530275545,58702543992108,58702544028126,58702544057626,3602140283,3.8831,0.0124,13.7166,0.0360,0.0295,17.6776,0
1070,58702616583747,58702619917832,58702619932869,58702619932869,58702635384178,58702635399030,58702635425807,1853112893,3.3341,0.0150,15.4513,0.0149,0.0268,18.8421,0
1071,58702660851611,58702664496604,58702664511271,58702664511271,58702678971002,58702678987595,58702679014891,2926619828,3.6450,0.0147,14.4597,0.0166,0.0273,18.1633,0
1072,58702710706030,58702714377282,58702714389338,58702714389338,58702729551683,58702729565646,58702729592127,44396058,3.6713,0.0121,15.1623,0.0140,0.0265,18.8861,0
1073,58702802507194,58702806899985,58702806905430,58702806905430,58702825124340,58702825137025,58702825161803,1559744575,4.3928,0.0054,18.2189,0.0127,0.0248,22.6546,0
1074,58702832384104,58702835954597,58702835963634,58702835963634,58702850352013,58702850372180,58702850399828,4211739831,3.5705,0.0090,14.3884,0.0202,0.0276,18.0157,0
1075,58702926521201,58702930318454,58702930334195,58702930334195,58702944648833,58702944666093,58702944695204,2552046224,3.7973,0.0157,14.3146,0.0173,0.0291,18.1740,0
1076,58702971146418,58702975007838,58702975017005,58702975017005,58702989017068,58702989031457,58702989057624,3034668559,3.8614,0.0092,14.0001,0.0144,0.0262,17.9112,0
1077,58703018358014,58703022641731,58703022652694,58703022652694,58703036415812,58703036429886,58703036455738,2715323949,4.2837,0.0110,13.7631,0.0141,0.0259,18.0977,0
1078,58703083716463,58703087469994,58703087484309,58703087484309,58703101575039,58703101590391,58703101619132,3342182331,3.7535,0.0143,14.0907,0.0154,0.0287,17.9027,0
1079,58703161656546,58703165185965,58703165197094,58703165197094,58703180773755,58703180789478,58703180815478,1424167604,3.5294,0.0111,15.5767,0.0157,0.0260,19.1589,0
1080,58703202982789,58703206746283,58703206758116,58703206758116,58703220916199,58703220930088,58703220955995,2683228660,3.7635,0.0118,14.1581,0.0139,0.0259,17.9732,0
1081,58703283852122,58703287358837,58703287365152,58703287365152,58703302100755,58703302114329,58703302140144,653561209,3.5067,0.0063,14.7356,0.0136,0.0258,18.2880,0
1082,58703357728081,58703361473667,58703361485648,58703361485648,58703376207362,58703376221436,58703376248566,2862793585,3.7456,0.0120,14.7217,0.0141,0.0271,18.5205,0
1083,58703403915339,58703407419240,58703407426240,58703407426240,58703422160416,58703422182342,58703422208842,1167942575,3.5039,0.0070,14.7342,0.0219,0.0265,18.2935,0
1084,58703448750761,58703452208142,58703452215901,58703452215901,58703466804800,58703466819763,58703466848448,3771881659,3.4574,0.0078,14.5889,0.0150,0.0287,18.0977,0
1085,58703516452033,58703520507675,58703520514268,58703520514268,58703534259182,58703534273534,58703534301071,3815751693,4.0556,0.0066,13.7449,0.0144,0.0275,17.8490,0
1086,58703576242946,58703580214255,58703580226255,58703580226255,58703594145744,58703594161078,58703594189226,869112719,3.9713,0.0120,13.9195,0.0153,0.0281,17.9463,0
1087,58703665669454,58703669904412,58703669916801,58703669916801,58703686254854,58703686272780,58703686303576,1199924552,4.2350,0.0124,16.3381,0.0179,0.0308,20.6341,0
1088,58703701126753,58703705180414,58703705186507,58703705186507,58703718991588,58703719006125,58703719035033,1199924552,4.0537,0.0061,13.8051,0.0145,0.0289,17.9083,0
1089,58703780109895,58703784471427,58703784477057,58703784477057,58703798218527,58703798233508,58703798261767,2530811258,4.3615,0.0056,13.7415,0.0150,0.0283,18.1519,0
1090,58703829113107,58703833375713,58703833381565,58703833381565,58703846908090,58703846922238,58703846953905,1397084427,4.2626,0.0059,13.5265,0.0141,0.0317,17.8408,0
1091,58703888398667,58703893034163,58703893039848,58703893039848,58703906314428,58703906329409,58703906356632,2225745020,4.6355,0.0057,13.2746,0.0150,0.0272,17.9580,0
1092,58703966079434,58703970369540,58703970375114,58703970375114,58703984333344,58703984353622,58703984379585,844828423,4.2901,0.0056,13.9582,0.0203,0.0260,18.3002,0
1093,58704013935050,58704018011582,58704018016674,58704018016674,58704031458736,58704031474773,58704031504069,2596588752,4.0765,0.0051,13.4421,0.0160,0.0293,17.5690,0
1094,58704076540065,58704081243691,58704081248173,58704081248173,58704094378955,58704094394307,58704094420659,1469811841,4.7036,0.0045,13.1308,0.0154,0.0264,17.8806,0
1095,58704167218392,58704172128630,58704172132686,58704172132686,58704185469913,58704185484599,58704185510432,3940524549,4.9102,0.0041,13.3372,0.0147,0.0258,18.2920,0
1096,58704214197950,58704219092836,58704219103817,58704219103817,58704233904513,58704233919106,58704233945661,1441452398,4.8949,0.0110,14.8007,0.0146,0.0266,19.7477,0
1097,58704257131698,58704261494397,58704261499342,58704261499342,58704275028293,58704275044570,58704275075052,712736476,4.3627,0.0049,13.5290,0.0163,0.0305,17.9434,0
1098,58704353690211,58704358204762,58704358208911,58704358208911,58704371998918,58704372043936,58704372072788,845170747,4.5146,0.0041,13.7900,0.0450,0.0289,18.3826,0
1099,58704399468617,58704403328629,58704403341703,58704403341703,58704416552986,58704416565875,58704416589468,3790972978,3.8600,0.0131,13.2113,0.0129,0.0236,17.1209,0
1100,58704446560786,58704451091022,58704451102856,58704451102856,58704465418402,58704465433179,58704465460679,507134828,4.5302,0.0118,14.3155,0.0148,0.0275,18.8999,0
1101,58704543623300,58704547645961,58704547651979,58704547651979,58704563268974,58704563282215,58704563308252,1307954896,4.0227,0.0060,15.6170,0.0132,0.0260,19.6850,0
1102,58704583785965,58704587374736,58704587382755,58704587382755,58704602167265,58704602181024,58704602205913,501550270,3.5888,0.0080,14.7845,0.0138,0.0249,18.4199,0
1103,58704632054324,58704636600431,58704636605801,58704636605801,58704649636028,58704649651306,58704649677602,3855652861,4.5461,0.0054,13.0302,0.0153,0.0263,17.6233,0
1104,58704697240995,58704701828306,58704701834417,58704701834417,58704715584572,58704715604035,58704715637683,146357174,4.5873,0.0061,13.7502,0.0195,0.0336,18.3967,0
1105,58704757426373,58704761634460,58704761643312,58704761643312,58704775545523,58704775561542,58704775591431,836433539,4.2081,0.0089,13.9022,0.0160,0.0299,18.1651,0
1106,58704833578098,58704838272576,58704838277946,58704838277946,58704851978120,58704851994823,58704852065194,1195023066,4.6945,0.0054,13.7002,0.0167,0.0704,18.4871,0
1107,58704897045986,58704902662023,58704902667115,58704902667115,58704915804324,58704915820083,58704915848898,310214802,5.6160,0.0051,13.1372,0.0158,0.0288,18.8029,0
1108,58704972427042,58704976556944,58704976565555,58704976565555,58704991706881,58704991721326,58704991764048,1590962988,4.1299,0.0086,15.1413,0.0144,0.0427,19.3370,0
1109,58705025870639,58705031812491,58705031819158,58705031819158,58705048502341,58705048515267,58705048541082,2453629751,5.9419,0.0067,16.6832,0.0129,0.0258,22.6704,0
1110,58705068448349,58705073594514,58705073599699,58705073599699,58705086713982,58705086737352,58705086768686,3339116389,5.1462,0.0052,13.1143,0.0234,0.0313,18.3203,0
1111,58705147405991,58705151188799,58705151194558,58705151194558,58705167056239,58705167070109,58705167097424,1022207744,3.7828,0.0058,15.8617,0.0139,0.0273,19.6914,0
1112,58705192199004,58705198228061,58705198233246,58705198233246,58705211381640,58705211398029,58705211426455,1254849903,6.0291,0.0052,13.1484,0.0164,0.0284,19.2275,0
1113,58705282124662,58705286225935,58705286230676,58705286230676,58705302810784,58705302825932,58705302852469,3901379484,4.1013,0.0047,16.5801,0.0151,0.0265,20.7278,0
1114,58705317026959,58705320882157,58705320887268,58705320887268,58705334661293,58705334675812,58705334703201,3901379484,3.8552,0.0051,13.7740,0.0145,0.0274,17.6762,0
1115,58705394091113,58705398207756,58705398212515,58705398212515,58705412302671,58705412317283,58705412345783,1279347444,4.1166,0.0048,14.0902,0.0146,0.0285,18.2547,0
1116,58705438813682,58705442919343,58705442924325,58705442924325,58705456855666,58705456869647,58705456895999,411685819,4.1057,0.0050,13.9313,0.0140,0.0264,18.0823,0
1117,58705510132799,58705513602218,58705513607366,58705513607366,58705527440688,58705527454744,58705527481725,186564209,3.4694,0.0051,13.8333,0.0141,0.0270,17.3489,0
1118,58705579253928,58705583191440,58705583196366,58705583196366,58705597126096,58705597140596,58705597169855,2503461856,3.9375,0.0049,13.9297,0.0145,0.0293,17.9159,0
1119,58705627316896,58705631978930,58705631986726,58705631986726,58705645740307,58705645761307,58705645787770,752097261,4.6620,0.0078,13.7536,0.0210,0.0265,18.4709,0
1120,58705689619855,58705694064703,58705694069591,58705694069591,58705707180763,58705707195504,58705707224374,2647590706,4.4448,0.0049,13.1112,0.0147,0.0289,17.6045,0
1121,58705751250645,58705755183491,58705755188009,58705755188009,58705769043868,58705769059961,58705769090128,375869319,3.9328,0.0045,13.8559,0.0161,0.0302,17.8395,0
1122,58705843623459,58705848305677,58705848310529,58705848310529,58705862750909,58705862771724,58705862844761,2074210693,4.6822,0.0049,14.4404,0.0208,0.0730,19.2213,0
1123,58705885803075,58705889513883,58705889519291,58705889519291,58705903057556,58705903073556,58705903101557,2328089888,3.7108,0.0054,13.5383,0.0160,0.0280,17.2985,0
1124,58705939054542,58705942852628,58705942861406,58705942861406,58705956428894,58705956442190,58705956469153,996118172,3.7981,0.0088,13.5675,0.0133,0.0270,17.4146,0
1125,58705999096771,58706004249306,58706004254121,58706004254121,58706017823905,58706017838387,58706017867053,2932478411,5.1525,0.0048,13.5698,0.0145,0.0287,18.7703,0
1126,58706093725203,58706097771383,58706097776605,58706097776605,58706113443952,58706113472544,58706113504470,1266419660,4.0462,0.0052,15.6673,0.0286,0.0319,19.7793,0
1127,58706129972708,58706135592560,58706135597023,58706135597023,58706150264144,58706150279088,58706150312347,1266419660,5.6199,0.0045,14.6671,0.0149,0.0333,20.3396,0
1128,58706201149214,58706207195955,58706207200066,58706207200066,58706220372886,58706220391757,58706220417405,2534660597,6.0467,0.0041,13.1728,0.0189,0.0256,19.2682,0
1129,58706251465727,58706256764929,58706256769873,58706256769873,58706274823375,58706274836413,58706274864190,766776459,5.2992,0.0049,18.0535,0.0130,0.0278,23.3985,0
1130,58706317525049,58706322609028,58706322614269,58706322614269,58706337200279,58706337215982,58706337249538,2829915435,5.0840,0.0052,14.5860,0.0157,0.0336,19.7245,0
1131,58706368525842,58706373744840,58706373750581,58706373750581,58706388752833,58706388770129,58706388801110,3165142851,5.2190,0.0057,15.0023,0.0173,0.0310,20.2753,0
1132,58706453254761,58706456956958,58706456961384,58706456961384,58706470175834,58706470191130,58706470218149,2833622225,3.7022,0.0044,13.2144,0.0153,0.0270,16.9634,0
1133,58706501239192,58706505075575,58706505080038,58706505080038,58706518214376,58706518228062,58706518255839,2833622225,3.8364,0.0045,13.1343,0.0137,0.0278,17.0166,0
1134,58706563920374,58706569531337,58706569539967,58706569539967,58706585327443,58706585346221,58706585378258,3402952564,5.6110,0.0086,15.7875,0.0188,0.0320,21.4579,0
1135,58706613155291,58706617161897,58706617166286,58706617166286,58706629856160,58706629869623,58706629894734,3732499770,4.0066,0.0044,12.6899,0.0135,0.0251,16.7394,0
1136,58706702099687,58706705576439,58706705581772,58706705581772,58706718555591,58706718572332,58706718602592,3432017308,3.4768,0.0053,12.9738,0.0167,0.0303,16.5029,0
1137,58706737688430,58706741129627,58706741134497,58706741134497,58706754961838,58706754980875,58706755008523,3432017308,3.4412,0.0049,13.8273,0.0190,0.0276,17.3201,0
1138,58706817014610,58706820930160,58706820935049,58706820935049,58706837821695,58706837838269,58706837869714,3203041996,3.9156,0.0049,16.8866,0.0166,0.0314,20.8551,0
1139,58706861639716,58706865544099,58706865548784,58706865548784,58706878924031,58706878938808,58706878966216,2606734310,3.9044,0.0047,13.3752,0.0148,0.0274,17.3265,0
1140,58706923420043,58706927095388,58706927099666,58706927099666,58706940202116,58706940217264,58706940244819,2225585081,3.6753,0.0043,13.1024,0.0151,0.0276,16.8248,0
1141,58706999813806,58707003513466,58707003517540,58707003517540,58707017316807,58707017331751,58707017360492,2526038283,3.6997,0.0041,13.7993,0.0149,0.0287,17.5467,0
1142,58707048070905,58707051693454,58707051697620,58707051697620,58707065058997,58707065072960,58707065101089,2157796637,3.6225,0.0042,13.3614,0.0140,0.0281,17.0302,0
1143,58707113369225,58707117520535,58707117524664,58707117524664,58707130609188,58707130629614,58707130662040,1030455115,4.1513,0.0041,13.0845,0.0204,0.0324,17.2928,0
1144,58707190027378,58707193762131,58707193766964,58707193766964,58707206954969,58707206968451,58707206993358,4195933261,3.7348,0.0048,13.1880,0.0135,0.0249,16.9660,0
1145,58707242226008,58707246171706,58707246176446,58707246176446,58707259367248,58707259383748,58707259410896,3160192045,3.9457,0.0047,13.1908,0.0165,0.0271,17.1849,0
1146,58707340905657,58707344766984,58707344772114,58707344772114,58707359770921,58707359857199,58707359937440,1532293439,3.8613,0.0051,14.9988,0.0863,0.0802,19.0318,0
1147,58707371066198,58707374862377,58707374867117,58707374867117,58707388473031,58707388488235,58707388515828,1025362406,3.7962,0.0047,13.6059,0.0152,0.0276,17.4496,0
1148,58707453256794,58707457088640,58707457093547,58707457093547,58707470093904,58707470109274,58707470138163,547228750,3.8318,0.0049,13.0004,0.0154,0.0289,16.8814,0
1149,58707495910746,58707499301682,58707499307293,58707499307293,58707513042411,58707513058263,58707513084912,110254814,3.3909,0.0056,13.7351,0.0159,0.0266,17.1742,0
1150,58707555248287,58707558658243,58707558662835,58707558662835,58707572621695,58707572637213,58707572664750,3372010669,3.4100,0.0046,13.9589,0.0155,0.0275,17.4165,0
1151,58707644421239,58707648452382,58707648456974,58707648456974,58707661564609,58707661579257,58707661605720,1838160555,4.0311,0.0046,13.1076,0.0146,0.0265,17.1845,0
1152,58707684180052,58707687945064,58707687949101,58707687949101,58707701188921,58707701203995,58707701232810,2084292127,3.7650,0.0040,13.2398,0.0151,0.0288,17.0528,0
1153,58707741086012,58707744432244,58707744436522,58707744436522,58707757689102,58707757704250,58707757732083,763435684,3.3462,0.0043,13.2526,0.0151,0.0278,16.6461,0
1154,58707802545375,58707805973886,58707805979682,58707805979682,58707819579707,58707819594485,58707819622059,3886225094,3.4285,0.0058,13.6000,0.0148,0.0276,17.0767,0
1155,58707863589941,58707867829584,58707867833658,58707867833658,58707881075182,58707881095293,58707881119330,566496178,4.2396,0.0041,13.2415,0.0201,0.0240,17.5294,0
1156,58707937470103,58707940901614,58707940906281,58707940906281,58707954469806,58707954483861,58707954511380,4231998931,3.4315,0.0047,13.5635,0.0141,0.0275,17.0413,0
1157,58707984190882,58707987752023,58707987756449,58707987756449,58708001284270,58708001296881,58708001323789,1749674348,3.5611,0.0044,13.5278,0.0126,0.0269,17.1329,0
1158,58708078595999,58708082561938,58708082571123,58708082571123,58708096461278,58708096477593,58708096514593,3904253864,3.9659,0.0092,13.8902,0.0163,0.0370,17.9186,0
