frame,ts_capture,ts_yolo_shm_read,ts_yolo_preprocess_done,ts_inference_start,ts_inference_done,ts_nms_done,ts_yolo_shm_write,frame_hash,capture_read_ms,preprocess_ms,inference_ms,nms_ms,shmwrite_ms,e2e_capture_to_commit_ms,n_dets
1,56717760208505,56717763880481,56717764714373,56717764718262,56717798117806,56717799284699,56717799321088,4109059632,3.6720,0.8339,33.3995,1.1669,0.0364,39.1126,1
2,56717811404372,56717814957403,56717815513720,56717815514590,56717846963590,56717847915112,56717847948964,4109059632,3.5530,0.5563,31.4490,0.9515,0.0339,36.5446,1
3,56717833097782,56717851118161,56717851727200,56717851728218,56717883973981,56717884975151,56717884999651,4109059632,18.0204,0.6090,32.2458,1.0012,0.0245,51.9019,1
4,56717885712395,56717888996925,56717889652483,56717889653520,56717920923797,56717921860745,56717921883912,4109059632,3.2845,0.6556,31.2703,0.9369,0.0232,36.1715,1
5,56717959082599,56717962954761,56717964091728,56717964093358,56717998249664,56718000193041,56718000229653,4109059632,3.8722,1.1370,34.1563,1.9434,0.0366,41.1471,1
6,56718009340277,56718015151483,56718020947708,56718020949485,56718056307111,56718057506393,56718057531763,4109059632,5.8112,5.7962,35.3576,1.1993,0.0254,48.1915,1
7,56718072834447,56718079631230,56718080646993,56718080648179,56718116575213,56718117964700,56718117998978,4109059632,6.7968,1.0158,35.9270,1.3895,0.0343,45.1645,1
8,56718138098160,56718142175545,56718143105789,56718143106882,56718174569382,56718175573812,56718175599052,4109059632,4.0774,0.9302,31.4625,1.0044,0.0252,37.5009,1
9,56718206564477,56718209812822,56718210378213,56718210379083,56718242076714,56718243559479,56718243593553,2425169191,3.2483,0.5654,31.6976,1.4828,0.0341,37.0291,2
10,56718271421596,56718276245280,56718277748174,56718277751989,56718314065043,56718315403826,56718315440289,2425169191,4.8237,1.5029,36.3131,1.3388,0.0365,44.0187,2
11,56718350276913,56718353784407,56718354588872,56718354589595,56718389980628,56718391469318,56718391503263,2478452997,3.5075,0.8045,35.3910,1.4887,0.0339,41.2263,3
12,56718385170592,56718394821571,56718395801315,56718395802741,56718427682187,56718429122452,56718429155841,2478452997,9.6510,0.9797,31.8794,1.4403,0.0334,43.9852,3
13,56718438761264,56718442369610,56718443235150,56718443236891,56718478721683,56718480355800,56718480397856,2936959795,3.6083,0.8655,35.4848,1.6341,0.0421,41.6366,4
14,56718509115828,56718513595733,56718514439773,56718514440958,56718545871606,56718547223389,56718547256167,2936959795,4.4799,0.8440,31.4306,1.3518,0.0328,38.1403,4
15,56718662005315,56718665543568,56718666339182,56718666340293,56718698297277,56718699581207,56718699890171,2936959795,3.5383,0.7956,31.9570,1.2839,0.3090,37.8849,4
16,56718702604551,56718706708862,56718707646847,56718707648162,56718739917350,56718741697597,56718741740653,2936959795,4.1043,0.9380,32.2692,1.7802,0.0431,39.1361,4
17,56718750822815,56718755135478,56718756460631,56718756462816,56718789623267,56718790903420,56718790935531,2936959795,4.3127,1.3252,33.1605,1.2802,0.0321,40.1127,4
18,56718803233112,56718807232663,56718808384204,56718808385538,56718844230498,56718845769485,56718845800170,2936959795,3.9996,1.1515,35.8450,1.5390,0.0307,42.5671,4
19,56718881977132,56718885790720,56718886723204,56718886724241,56718918743207,56718920548824,56718920582658,2936959795,3.8136,0.9325,32.0190,1.8056,0.0338,38.6055,4
20,56718939487391,56718946450898,56718947270623,56718947271456,56718988107916,56718989431791,56718989463606,2936959795,6.9635,0.8197,40.8365,1.3239,0.0318,49.9762,4
21,56718984197069,56718996419501,56718997333282,56718997334745,56719030899290,56719032827278,56719032875852,2936959795,12.2224,0.9138,33.5645,1.9280,0.0486,48.6788,4
22,56719046582160,56719050118654,56719050824805,56719050825842,56719081852341,56719082982808,56719083012475,2936959795,3.5365,0.7062,31.0265,1.1305,0.0297,36.4303,4
23,56719111975151,56719115148663,56719115912221,56719115913425,56719147300925,56719148614244,56719148646726,2936959795,3.1735,0.7636,31.3875,1.3133,0.0325,36.6716,4
24,56719173522333,56719177443606,56719178484221,56719178485591,56719210127055,56719211523005,56719211559245,2936959795,3.9213,1.0406,31.6415,1.3960,0.0362,38.0369,4
25,56719237480578,56719240898775,56719241663778,56719241664963,56719276102123,56719277703869,56719277738665,2936959795,3.4182,0.7650,34.4372,1.6017,0.0348,40.2581,4
26,56719304117500,56719312495307,56719313538311,56719313539663,56719345199201,56719346470187,56719346509317,2936959795,8.3778,1.0430,31.6595,1.2710,0.0391,42.3918,4
27,56719368908433,56719372426168,56719373269115,56719373270486,56719407500070,56719408946446,56719408988890,3072016043,3.5177,0.8429,34.2296,1.4464,0.0424,40.0805,3
28,56719419145760,56719424769761,56719425513930,56719425515264,56719460769926,56719461908670,56719461936893,1038551149,5.6240,0.7442,35.2547,1.1387,0.0282,42.7911,3
29,56719480146513,56719485367031,56719486278738,56719486279961,56719517448534,56719518516149,56719518544316,1038551149,5.2205,0.9117,31.1686,1.0676,0.0282,38.3978,3
30,56719545242966,56719549074665,56719549937409,56719549938279,56719584231123,56719585919740,56719585968981,1038551149,3.8317,0.8627,34.2928,1.6886,0.0492,40.7260,3
31,56719637425756,56719640615786,56719641307899,56719641308825,56719674010478,56719675439687,56719675473539,1038551149,3.1900,0.6921,32.7017,1.4292,0.0339,38.0478,3
32,56719668068272,56719678861551,56719680381223,56719680383445,56719712082150,56719713846805,56719713896120,1038551149,10.7933,1.5197,31.6987,1.7647,0.0493,45.8278,3
33,56719740147139,56719743520855,56719744429784,56719744431321,56719776369564,56719778023699,56719778064885,1038551149,3.3737,0.9089,31.9382,1.6541,0.0412,37.9177,3
34,56719822789617,56719826716557,56719827352170,56719827353078,56719862126220,56719863306391,56719863334094,3249188803,3.9269,0.6356,34.7731,1.1802,0.0277,40.5445,3
35,56719856495515,56719866287197,56719867108812,56719867110071,56719900915857,56719903788923,56719903856627,3249188803,9.7917,0.8216,33.8058,2.8731,0.0677,47.3611,3
36,56719929159328,56719933181490,56719933877585,56719933878956,56719968554357,56719971023976,56719971086403,111802613,4.0222,0.6961,34.6754,2.4696,0.0624,41.9271,3
37,56719976291365,56719980869993,56719982134553,56719982136183,56720015350782,56720016676472,56720016712046,3217753800,4.5786,1.2646,33.2146,1.3257,0.0356,40.4207,3
38,56720035581391,56720044342459,56720045742704,56720045745630,56720078215857,56720079983067,56720080057271,2269762535,8.7611,1.4002,32.4702,1.7672,0.0742,44.4759,4
39,56720100703177,56720104559820,56720105349323,56720105350490,56720137474122,56720138972072,56720139007517,2269762535,3.8566,0.7895,32.1236,1.4979,0.0354,38.3043,4
40,56720204530601,56720207849631,56720208456245,56720208457319,56720241612584,56720243342017,56720243378109,4256533201,3.3190,0.6066,33.1553,1.7294,0.0361,38.8475,3
41,56720239145428,56720247388179,56720252477956,56720252479401,56720284150791,56720285618963,56720285658130,3459241791,8.2428,5.0898,31.6714,1.4682,0.0392,46.5127,4
42,56720306775260,56720310581329,56720311562999,56720311565166,56720343283612,56720344534727,56720344567024,3459241791,3.8061,0.9817,31.7184,1.2511,0.0323,37.7918,4
43,56720379388666,56720383418902,56720388485791,56720388487383,56720420981498,56720422641597,56720422677227,3134318371,4.0302,5.0669,32.4941,1.6601,0.0356,43.2886,4
44,56720412957322,56720425785016,56720426513611,56720426514814,56720457681647,56720458829059,56720458861818,1766639833,12.8277,0.7286,31.1668,1.1474,0.0328,45.9045,3
45,56720484101704,56720488188422,56720489460427,56720489462908,56720524227883,56720525440036,56720525471980,1766639833,4.0867,1.2720,34.7650,1.2122,0.0319,41.3703,3
46,56720531543965,56720535062477,56720536237833,56720536239741,56720567999853,56720569317969,56720569346562,1766639833,3.5185,1.1754,31.7601,1.3181,0.0286,37.8026,3
47,56720604242852,56720608300681,56720609180074,56720609182944,56720644385291,56720645673370,56720645710222,2230634366,4.0578,0.8794,35.2023,1.2881,0.0369,41.4674,4
48,56720671276794,56720675200623,56720676473183,56720676474794,56720707936942,56720709193854,56720709226743,1199612486,3.9238,1.2726,31.4621,1.2569,0.0329,37.9499,5
49,56720759528033,56720763537862,56720764502421,56720764504032,56720796786424,56720798394745,56720798428578,2472035729,4.0098,0.9646,32.2824,1.6083,0.0338,38.9005,5
50,56720805789901,56720809963323,56720811428939,56720811430587,56720845243374,56720847870272,56720847910420,1585859279,4.1734,1.4656,33.8128,2.6269,0.0401,42.1205,5
51,56720844552649,56720851709082,56720852664678,56720852666141,56720884403587,56720886433094,56720886488724,3609802466,7.1564,0.9556,31.7374,2.0295,0.0556,41.9361,5
52,56720933490705,56720937241404,56720938176889,56720938178592,56720969168054,56720970443707,56720970474466,3609802466,3.7507,0.9355,30.9895,1.2757,0.0308,36.9838,5
53,56720985634002,56720990448482,56720991320966,56720991322207,56721022778652,56721023880748,56721023912026,3609802466,4.8145,0.8725,31.4564,1.1021,0.0313,38.2780,5
54,56721063043072,56721067595144,56721069344836,56721069350317,56721100878966,56721102365360,56721102396971,2965528636,4.5521,1.7497,31.5286,1.4864,0.0316,39.3539,5
55,56721108610642,56721113424436,56721114413625,56721114415218,56721145510939,56721146837444,56721146869759,2965528636,4.8138,0.9892,31.0957,1.3265,0.0323,38.2591,5
56,56721159104043,56721163649818,56721164807619,56721164808971,56721196269434,56721197346234,56721197375549,334987733,4.5458,1.1578,31.4605,1.0768,0.0293,38.2715,4
57,56721234162717,56721238366139,56721239202346,56721239203420,56721270214511,56721271523923,56721271550257,4057626196,4.2034,0.8362,31.0111,1.3094,0.0263,37.3875,3
58,56721278126447,56721282242887,56721282924908,56721282925927,56721313788351,56721314831040,56721314858818,1415408916,4.1164,0.6820,30.8624,1.0427,0.0278,36.7324,3
59,56721389389489,56721397604241,56721398425559,56721398426707,56721432164493,56721433486201,56721433548850,1415408916,8.2148,0.8213,33.7378,1.3217,0.0626,44.1594,3
60,56721425619081,56721437035066,56721437887013,56721437888291,56721469436162,56721471395429,56721471463836,1415408916,11.4160,0.8519,31.5479,1.9593,0.0684,45.8448,3
61,56721468040657,56721474843293,56721475435110,56721475436035,56721505777865,56721506831999,56721506860591,1072426992,6.8026,0.5918,30.3418,1.0541,0.0286,38.8199,4
62,56721529858858,56721533246722,56721534164392,56721534165466,56721565057835,56721566134265,56721566164191,571340309,3.3879,0.9177,30.8924,1.0764,0.0299,36.3053,4
63,56721602587931,56721606657316,56721607018521,56721607019447,56721637481758,56721638550614,56721638578503,2330114195,4.0694,0.3612,30.4623,1.0689,0.0279,35.9906,3
64,56721649151744,56721652939332,56721654008039,56721654009336,56721684662130,56721685710281,56721685736448,3945668519,3.7876,1.0687,30.6528,1.0482,0.0262,36.5847,3
65,56721710834074,56721715398331,56721716814170,56721716815225,56721746999406,56721748026410,56721748052558,4249113107,4.5643,1.4158,30.1842,1.0270,0.0261,37.2185,3
66,56721818930236,56721823958716,56721825039516,56721825040850,56721857541391,56721860359920,56721860394049,4249113107,5.0285,1.0808,32.5005,2.8185,0.0341,41.4638,3
67,56721857134760,56721863931395,56721864635824,56721864636731,56721894663171,56721895740360,56721895767712,4249113107,6.7966,0.7044,30.0264,1.0772,0.0274,38.6330,3
68,56721916091469,56721920519059,56721921188413,56721921189265,56721951293501,56721952363024,56721952390728,4059976164,4.4276,0.6694,30.1042,1.0695,0.0277,36.2993,4
69,56721992913501,56721997099071,56721998121760,56721998122908,56722028488423,56722029615594,56722029643650,4156719051,4.1856,1.0227,30.3655,1.1272,0.0281,36.7301,4
70,56722032582438,56722036279673,56722037613511,56722037616474,56722068665233,56722069714033,56722069741662,544013395,3.6972,1.3338,31.0488,1.0488,0.0276,37.1592,4
71,56722100302882,56722103880654,56722105224029,56722105225344,56722136488362,56722139318076,56722139415187,589652707,3.5778,1.3434,31.2630,2.8297,0.0971,39.1123,4
72,56722140295635,56722144437761,56722145863581,56722145865877,56722176476486,56722177474971,56722177500971,4128687266,4.1421,1.4258,30.6106,0.9985,0.0260,37.2053,3
73,56722233345632,56722237010719,56722238313427,56722238315446,56722270519634,56722272188973,56722272229603,4128687266,3.6651,1.3027,32.2042,1.6693,0.0406,38.8840,3
74,56722268855147,56722276307821,56722276951490,56722276952675,56722307312302,56722308404268,56722308431343,4128687266,7.4527,0.6437,30.3596,1.0920,0.0271,39.5762,3
75,56722333280412,56722337681613,56722338323041,56722338324263,56722368402500,56722369398318,56722369424040,4243654980,4.4012,0.6414,30.0782,0.9958,0.0257,36.1436,3
76,56722422216246,56722426280872,56722427080967,56722427082171,56722457788095,56722459011080,56722459036932,1587076737,4.0646,0.8001,30.7059,1.2230,0.0259,36.8207,3
77,56722465041824,56722468950412,56722469705767,56722469706655,56722500105504,56722501168915,56722501196026,3590151274,3.9086,0.7554,30.3988,1.0634,0.0271,36.1542,3
78,56722531985839,56722535875446,56722536691689,56722536692967,56722566876278,56722568037838,56722568064467,3481232885,3.8896,0.8162,30.1833,1.1616,0.0266,36.0786,3
79,56722574256693,56722577840132,56722579032377,56722579033877,56722609521744,56722610521637,56722610549063,1110067568,3.5834,1.1922,30.4879,0.9999,0.0274,36.2924,4
80,56722663446398,56722667050096,56722667703580,56722667704525,56722699130062,56722700198936,56722700228325,1110067568,3.6037,0.6535,31.4255,1.0689,0.0294,36.7819,4
81,56722717425553,56722721842476,56722722693609,56722722695016,56722752970290,56722754030535,56722754058405,1110067568,4.4169,0.8511,30.2753,1.0602,0.0279,36.6329,4
82,56722772725916,56722776413855,56722777538933,56722777540303,56722808033282,56722809043767,56722809071137,3336042734,3.6879,1.1251,30.4930,1.0105,0.0274,36.3452,4
83,56722841583753,56722846368288,56722846912827,56722846913679,56722877247379,56722878314883,56722878342994,1689504959,4.7845,0.5445,30.3337,1.0675,0.0281,36.7592,3
84,56722889013254,56722893011102,56722894028772,56722894030198,56722924496917,56722925640755,56722925667607,3092260460,3.9978,1.0177,30.4667,1.1438,0.0269,36.6544,3
85,56722954377764,56722958769576,56722959732468,56722959733672,56722990340262,56722991346969,56722991373543,2606937425,4.3918,0.9629,30.6066,1.0067,0.0266,36.9958,3
86,56723048195319,56723052608112,56723053293967,56723053296004,56723083601741,56723085940064,56723086000749,3556418682,4.4128,0.6859,30.3057,2.3383,0.0607,37.8054,3
87,56723086423399,56723090755359,56723091759103,56723091760307,56723122469101,56723123514031,56723123540494,3387144670,4.3320,1.0037,30.7088,1.0449,0.0265,37.1171,3
88,56723155641237,56723161079220,56723161594684,56723161595629,56723191981477,56723193015814,56723193042537,887774794,5.4380,0.5155,30.3858,1.0343,0.0267,37.4013,3
89,56723228527422,56723233564217,56723234140090,56723234141275,56723264910384,56723266116166,56723266143389,1797040996,5.0368,0.5759,30.7691,1.2058,0.0272,37.6160,3
90,56723271074406,56723275276236,56723276301036,56723276302573,56723306909385,56723308095130,56723308124371,2736049206,4.2018,1.0248,30.6068,1.1857,0.0292,37.0500,4
91,56723323382758,56723327069401,56723328484999,56723328486925,56723359110774,56723360154000,56723360181074,2038395104,3.6866,1.4156,30.6238,1.0432,0.0271,36.7983,3
92,56723411201903,56723415242288,56723416359588,56723416361218,56723446869122,56723447987071,56723448034182,3562124859,4.0404,1.1173,30.5079,1.1179,0.0471,36.8323,3
93,56723454235667,56723458156329,56723459264815,56723459267296,56723489848108,56723490854593,56723490882260,834724648,3.9207,1.1085,30.5808,1.0065,0.0277,36.6466,4
94,56723535876734,56723540487047,56723541155605,56723541156642,56723573121218,56723574848836,56723574905114,3520104339,4.6103,0.6686,31.9646,1.7276,0.0563,39.0284,4
95,56723570821210,56723578991591,56723579825261,56723579826372,56723610510314,56723611735763,56723611763430,3520104339,8.1704,0.8337,30.6839,1.2254,0.0277,40.9422,4
96,56723630983831,56723636484054,56723637061649,56723637062594,56723667491035,56723668552816,56723668578946,1181352027,5.5002,0.5776,30.4284,1.0618,0.0261,37.5951,3
97,56723727770489,56723731862171,56723733563417,56723733565640,56723765913866,56723767443889,56723767474760,3280488763,4.0917,1.7012,32.3482,1.5300,0.0309,39.7043,3
98,56723763019374,56723770943883,56723771574256,56723771575163,56723801719344,56723802723774,56723802750218,3280488763,7.9245,0.6304,30.1442,1.0044,0.0264,39.7308,3
99,56723840331926,56723844813683,56723845504463,56723845505296,56723876056923,56723877175149,56723877201446,2980495095,4.4818,0.6908,30.5516,1.1182,0.0263,36.8695,3
100,56723881104922,56723885415919,56723886424626,56723886426552,56723916847012,56723917878831,56723917906238,521430481,4.3110,1.0087,30.4205,1.0318,0.0274,36.8013,3
101,56723945660522,56723950590410,56723951337098,56723951338301,56723981547334,56723982543819,56723982569931,3359206915,4.9299,0.7467,30.2090,0.9965,0.0261,36.9094,3
102,56724041971678,56724046980326,56724047840384,56724047841514,56724079931813,56724082597230,56724082653360,1491145008,5.0086,0.8601,32.0903,2.6654,0.0561,40.6817,4
103,56724082406433,56724086672911,56724087445025,56724087447284,56724118111004,56724119834158,56724119860695,3722968467,4.2665,0.7721,30.6637,1.7232,0.0265,37.4543,3
104,56724127875705,56724132272091,56724133424744,56724133426762,56724163766777,56724164968670,56724164994782,598934311,4.3964,1.1527,30.3400,1.2019,0.0261,37.1191,3
105,56724201418577,56724205898130,56724206490929,56724206491670,56724236793944,56724237863707,56724237889985,2398915660,4.4796,0.5928,30.3023,1.0698,0.0263,36.4714,3
106,56724254364543,56724259658877,56724260318120,56724260319027,56724290473560,56724291471212,56724291496730,1563426615,5.2943,0.6592,30.1545,0.9977,0.0255,37.1322,3
107,56724335821906,56724340183385,56724340960721,56724340963054,56724371303810,56724372529425,56724372559944,3095824918,4.3615,0.7773,30.3408,1.2256,0.0305,36.7380,3
108,56724383901632,56724388535390,56724389231225,56724389232188,56724419666093,56724420917893,56724420944282,2117633917,4.6338,0.6958,30.4339,1.2518,0.0264,37.0427,3
109,56724448168601,56724452426413,56724453386620,56724453387786,56724483854728,56724484878139,56724484904898,3195172919,4.2578,0.9602,30.4669,1.0234,0.0268,36.7363,4
110,56724531687509,56724536881508,56724537992124,56724537993716,56724570035219,56724571114278,56724571141093,1691862941,5.1940,1.1106,32.0415,1.0791,0.0268,39.4536,3
111,56724563913678,56724574654605,56724575485127,56724575486071,56724605872661,56724606873516,56724606899887,1691862941,10.7409,0.8305,30.3866,1.0009,0.0264,42.9862,3
112,56724661325876,56724665751281,56724666473265,56724666474209,56724697087781,56724698411952,56724698438508,2870141790,4.4254,0.7220,30.6136,1.3242,0.0266,37.1126,3
113,56724707022168,56724710559495,56724711365850,56724711367035,56724742180237,56724743705113,56724743735002,2596463101,3.5373,0.8064,30.8132,1.5249,0.0299,36.7128,4
114,56724753208554,56724756790492,56724757664088,56724757666310,56724788203919,56724789219737,56724789247478,3151213958,3.5819,0.8736,30.5376,1.0158,0.0277,36.0389,4
115,56724840645864,56724844852768,56724845835734,56724845837438,56724876432991,56724877567347,56724877594921,2504361831,4.2069,0.9830,30.5956,1.1344,0.0276,36.9491,4
116,56724899322406,56724903482309,56724904453628,56724904454646,56724935117699,56724936376556,56724936403093,2198244200,4.1599,0.9713,30.6631,1.2589,0.0265,37.0807,3
117,56724953064911,56724956858202,56724957817613,56724957819206,56724988510704,56724989814227,56724989840819,2198244200,3.7933,0.9594,30.6915,1.3035,0.0266,36.7759,3
118,56725000721265,56725004597724,56725005825284,56725005826672,56725036216947,56725037228895,56725037254636,2198244200,3.8765,1.2276,30.3903,1.0119,0.0257,36.5334,3
119,56725073188078,56725077337704,56725078310319,56725078311800,56725109017761,56725110079783,56725110106820,2198244200,4.1496,0.9726,30.7060,1.0620,0.0270,36.9187,3
120,56725122863810,56725126837917,56725127891976,56725127893143,56725158774271,56725159816071,56725159842071,2198244200,3.9741,1.0541,30.8811,1.0418,0.0260,36.9783,3
121,56725189358027,56725194214971,56725195437771,56725195438993,56725225617693,56725226789345,56725226816271,2198244200,4.8569,1.2228,30.1787,1.1717,0.0269,37.4582,3
122,56725250317096,56725254622555,56725255787374,56725255788578,56725286222667,56725287251912,56725287278153,2198244200,4.3055,1.1648,30.4341,1.0292,0.0262,36.9611,3
123,56725316878369,56725322238906,56725322853409,56725322854316,56725353183424,56725354225242,56725354251150,2198244200,5.3605,0.6145,30.3291,1.0418,0.0259,37.3728,3
124,56725374853741,56725379420369,56725380357150,56725380358724,56725410468238,56725411528038,56725411553705,2198244200,4.5666,0.9368,30.1095,1.0598,0.0257,36.7000,3
125,56725453410298,56725458016555,56725458671594,56725458672557,56725488855516,56725489850501,56725489877168,2792188125,4.6063,0.6550,30.1830,0.9950,0.0267,36.4669,3
126,56725533639305,56725538376488,56725539427177,56725539428492,56725571638940,56725572705999,56725572734073,1511664368,4.7372,1.0507,32.2104,1.0671,0.0281,39.0948,4
127,56725564259432,56725576817439,56725577419701,56725577420627,56725607586937,56725608624367,56725608650700,2039852697,12.5580,0.6023,30.1663,1.0374,0.0263,44.3913,3
128,56725637835230,56725641893596,56725643194712,56725643197323,56725673573042,56725674572694,56725674598934,2039852697,4.0584,1.3011,30.3757,0.9997,0.0262,36.7637,3
129,56725720635098,56725725009706,56725726150229,56725726152154,56725756736170,56725759293235,56725759323328,92937367,4.3746,1.1405,30.5840,2.5571,0.0301,38.6882,3
130,56725759840996,56725763627306,56725764743236,56725764745347,56725795628086,56725796692905,56725796719257,179511029,3.7863,1.1159,30.8827,1.0648,0.0264,36.8783,3
131,56725815000673,56725818773354,56725819663431,56725819666116,56725850257613,56725851306987,56725851333747,1555403925,3.7727,0.8901,30.5915,1.0494,0.0268,36.3331,3
132,56725871102984,56725875221239,56725876291335,56725876292484,56725906849536,56725907896744,56725907924337,808958665,4.1183,1.0701,30.5571,1.0472,0.0276,36.8214,3
133,56725932522998,56725936504919,56725937762572,56725937765405,56725968521570,56725969527537,56725969553963,83252111,3.9819,1.2577,30.7562,1.0060,0.0264,37.0310,3
134,56726019562696,56726023997137,56726025367364,56726025368753,56726056050621,56726057978184,56726058016147,1818880291,4.4344,1.3702,30.6819,1.9276,0.0380,38.4535,3
135,56726058513575,56726063718297,56726064856671,56726064858079,56726095339631,56726096511561,56726096540654,2540446768,5.2047,1.1384,30.4816,1.1719,0.0291,38.0271,3
136,56726149780769,56726154977287,56726156316718,56726156319033,56726188605629,56726190092727,56726190126245,497147890,5.1965,1.3394,32.2866,1.4871,0.0335,40.3455,3
137,56726186110046,56726194242704,56726194751632,56726194752336,56726226420411,56726227472582,56726227499082,497147890,8.1327,0.5089,31.6681,1.0522,0.0265,41.3890,3
138,56726247077873,56726251338203,56726252267892,56726252269410,56726283069779,56726284148931,56726284179913,2500145457,4.2603,0.9297,30.8004,1.0792,0.0310,37.1020,3
139,56726305842082,56726310337431,56726311723603,56726311728399,56726342378212,56726343369400,56726343396641,1522470136,4.4953,1.3862,30.6498,0.9912,0.0272,37.5546,3
140,56726376828334,56726381327535,56726382718892,56726382720096,56726413330278,56726414374652,56726414402430,220326929,4.4992,1.3914,30.6102,1.0444,0.0278,37.5741,4
141,56726431172379,56726435569913,56726436818306,56726436821917,56726467414822,56726468565659,56726468592252,2756769283,4.3975,1.2484,30.5929,1.1508,0.0266,37.4199,3
142,56726492166632,56726497232983,56726498018079,56726498019153,56726528163889,56726529165245,56726529191949,2110951959,5.0664,0.7851,30.1447,1.0014,0.0267,37.0253,3
143,56726577964381,56726581940284,56726583405011,56726583409252,56726614385529,56726616692500,56726616728222,2543638071,3.9759,1.4647,30.9763,2.3070,0.0357,38.7638,3
144,56726619371732,56726623309672,56726624822084,56726624825066,56726655445804,56726656473993,56726656500437,2543638071,3.9379,1.5124,30.6207,1.0282,0.0264,37.1287,3
145,56726711464614,56726715681147,56726717231264,56726717232486,56726749223396,56726751442774,56726751497589,1810955106,4.2165,1.5501,31.9909,2.2194,0.0548,40.0330,3
146,56726749141396,56726755941513,56726756610404,56726756611533,56726786912974,56726787974311,56726788021571,611131052,6.8001,0.6689,30.3014,1.0613,0.0473,38.8802,3
147,56726814948722,56726819371219,56726820568649,56726820571668,56726851509833,56726852661078,56726852688597,4226181680,4.4225,1.1974,30.9382,1.1512,0.0275,37.7399,3
148,56726860490791,56726864934196,56726866369516,56726866371645,56726896716012,56726897785201,56726897811405,855259091,4.4434,1.4353,30.3444,1.0692,0.0262,37.3206,3
149,56726929329165,56726933520254,56726934627332,56726934629017,56726965098551,56726966096166,56726966122221,1025666199,4.1911,1.1071,30.4695,0.9976,0.0261,36.7931,3
150,56727019219984,56727025669951,56727026306657,56727026307768,56727059323367,56727060465075,56727060494742,3767299886,6.4500,0.6367,33.0156,1.1417,0.0297,41.2748,4
151,56727053474494,56727064640534,56727065267203,56727065268092,56727095681478,56727096726722,56727096754259,3767299886,11.1660,0.6267,30.4134,1.0452,0.0275,43.2798,4
152,56727125582176,56727131034436,56727131840236,56727131841310,56727162762734,56727164313684,56727164346018,2594096415,5.4523,0.8058,30.9214,1.5510,0.0323,38.7638,3
153,56727169579684,56727174412720,56727175331908,56727175333964,56727205766479,56727207058965,56727207090206,1198465236,4.8330,0.9192,30.4325,1.2925,0.0312,37.5105,3
154,56727266459769,56727271964085,56727272741958,56727272743254,56727303358715,56727307436377,56727307487377,781792520,5.5043,0.7779,30.6155,4.0777,0.0510,41.0276,3
155,56727305611000,56727312157153,56727312886693,56727312887711,56727343960748,56727345477142,56727345510068,2262888365,6.5462,0.7295,31.0730,1.5164,0.0329,39.8991,4
156,56727353546948,56727358265132,56727359298228,56727359300043,56727389911800,56727391450583,56727391481972,4039998321,4.7182,1.0331,30.6118,1.5388,0.0314,37.9350,3
157,56727419063255,56727423665179,56727424580867,56727424582404,56727455633551,56727457187075,56727457219983,1628496505,4.6019,0.9157,31.0511,1.5535,0.0329,38.1567,4
158,56727481908700,56727487200349,56727487851443,56727487852295,56727518422756,56727519658538,56727519689075,3101251054,5.2916,0.6511,30.5705,1.2358,0.0305,37.7804,3
159,56727566486019,56727571837982,56727572483614,56727572484577,56727603454298,56727605108989,56727605139360,195291459,5.3520,0.6456,30.9697,1.6547,0.0304,38.6533,3
160,56727615568730,56727620129580,56727621066416,56727621067601,56727651990581,56727653487235,56727653518513,3542419426,4.5609,0.9368,30.9230,1.4967,0.0313,37.9498,3
161,56727680730072,56727685439719,56727686174610,56727686175573,56727716679256,56727717921908,56727717953149,680856469,4.7096,0.7349,30.5037,1.2427,0.0312,37.2231,3
162,56727762246473,56727767762326,56727769141257,56727769143219,56727800907480,56727802256022,56727802288022,637926653,5.5159,1.3789,31.7643,1.3485,0.0320,40.0415,3
163,56727791708763,56727806574852,56727807155966,56727807157114,56727837722407,56727838957949,56727838989967,2853633666,14.8661,0.5811,30.5653,1.2355,0.0320,47.2812,4
164,56727857071791,56727861464214,56727862325365,56727862326384,56727893252771,56727894508238,56727894541183,2853633666,4.3924,0.8612,30.9264,1.2555,0.0329,37.4694,4
165,56727953387225,56727957972186,56727958844263,56727958846189,56727989732539,56727991087007,56727991118674,2421718882,4.5850,0.8721,30.8864,1.3545,0.0317,37.7314,4
166,56727995796302,56728000531837,56728001221228,56728001222210,56728031895522,56728033378231,56728033412269,810207206,4.7355,0.6894,30.6733,1.4827,0.0340,37.6160,4
167,56728050439366,56728055584366,56728056597221,56728056598369,56728087706369,56728089110800,56728089143818,895944906,5.1450,1.0129,31.1080,1.4044,0.0330,38.7045,4
168,56728104503095,56728109317205,56728110184652,56728110186430,56728140867391,56728142119858,56728142153729,3216705233,4.8141,0.8674,30.6810,1.2525,0.0339,37.6506,4
169,56728199220338,56728204213486,56728205118267,56728205119841,56728236068395,56728237407270,56728237445845,2344113767,4.9931,0.9048,30.9486,1.3389,0.0386,38.2255,4
170,56728245035334,56728250557650,56728251122393,56728251123189,56728281602316,56728282932691,56728282966969,3907008755,5.5223,0.5647,30.4791,1.3304,0.0343,37.9316,4
171,56728320117212,56728325010081,56728325822214,56728325823473,56728356556841,56728358034550,56728358066773,289250541,4.8929,0.8121,30.7334,1.4777,0.0322,37.9496,4
172,56728369496184,56728374160830,56728375036166,56728375037537,56728405594201,56728407364799,56728407395874,3972519369,4.6646,0.8753,30.5567,1.7706,0.0311,37.8997,3
173,56728416243757,56728421405757,56728422099167,56728422100537,56728452445885,56728453620334,56728453649464,3422712490,5.1620,0.6934,30.3453,1.1744,0.0291,37.4057,3
174,56728508423658,56728512963471,56728513929400,56728513931048,56728545647735,56728547605908,56728547638205,2656821333,4.5398,0.9659,31.7167,1.9582,0.0323,39.2145,3
175,56728554739748,56728560380694,56728561080475,56728561082141,56728592235270,56728593796017,56728593830461,1600003394,5.6409,0.6998,31.1531,1.5607,0.0344,39.0907,4
176,56728604100775,56728609650351,56728610371520,56728610372372,56728640657998,56728641851576,56728641881706,928585361,5.5496,0.7212,30.2856,1.1936,0.0301,37.7809,3
177,56728696562807,56728702091068,56728703400591,56728703402813,56728736914951,56728738596438,56728738632142,1514631252,5.5283,1.3095,33.5121,1.6815,0.0357,42.0693,4
178,56728730180538,56728742654915,56728743690660,56728743692197,56728774428991,56728775706014,56728775738922,2802502943,12.4744,1.0357,30.7368,1.2770,0.0329,45.5584,3
179,56728833448775,56728836572101,56728837256955,56728837257788,56728867770952,56728868853474,56728868880974,3999747009,3.1233,0.6849,30.5132,1.0825,0.0275,35.4322,4
180,56728872557562,56728876803984,56728877644950,56728877646339,56728908435337,56728909477674,56728909505730,3999747009,4.2464,0.8410,30.7890,1.0423,0.0281,36.9482,4
181,56728922881962,56728926885643,56728927819887,56728927825165,56728958953942,56728960143428,56728960172836,2552622242,4.0037,0.9342,31.1288,1.1895,0.0294,37.2909,3
182,56728968469217,56728973762050,56728975024407,56728975029018,56729005633515,56729006678890,56729006707427,862042888,5.2928,1.2624,30.6045,1.0454,0.0285,38.2382,4
183,56729035603585,56729039354302,56729040183860,56729040185471,56729070627154,56729071711454,56729071742695,319724928,3.7507,0.8296,30.4417,1.0843,0.0312,36.1391,5
184,56729097343897,56729102205747,56729102901601,56729102902638,56729133226672,56729134303972,56729134334546,319724928,4.8618,0.6959,30.3240,1.0773,0.0306,36.9906,5
185,56729191870843,56729195936228,56729196811453,56729196812916,56729227340284,56729228420640,56729228447677,1791422433,4.0654,0.8752,30.5274,1.0804,0.0270,36.5768,3
186,56729234349420,56729238177322,56729239401419,56729239402827,56729269981787,56729271107087,56729271134106,866369823,3.8279,1.2241,30.5790,1.1253,0.0270,36.7847,3
187,56729283645854,56729288136981,56729288713965,56729288715020,56729319028831,56729320129558,56729320157224,3880584162,4.4911,0.5770,30.3138,1.1007,0.0277,36.5114,3
188,56729341197725,56729345603833,56729346267965,56729346268928,56729376407813,56729377404465,56729377431002,4034035127,4.4061,0.6641,30.1389,0.9967,0.0265,36.2333,3
189,56729440126243,56729444604833,56729445521503,56729445522780,56729476113815,56729477173263,56729477199948,2447385046,4.4786,0.9167,30.5910,1.0594,0.0267,37.0737,3
190,56729479273400,56729483256026,56729484635290,56729484636604,56729515109305,56729516149531,56729516176216,2447385046,3.9826,1.3793,30.4727,1.0402,0.0267,36.9028,3
191,56729558626163,56729564499388,56729565526151,56729565527503,56729596883077,56729598146767,56729598177526,3603453981,5.8732,1.0268,31.3556,1.2637,0.0308,39.5514,3
192,56729609855660,56729613291283,56729614222157,56729614223620,56729644729117,56729645789602,56729645823269,84592085,3.4356,0.9309,30.5055,1.0605,0.0337,35.9676,4
193,56729667399235,56729672085955,56729672757846,56729672758846,56729702945250,56729703958827,56729703986013,2194869359,4.6867,0.6719,30.1864,1.0136,0.0272,36.5868,3
194,56729752175554,56729757064312,56729758089390,56729758091057,56729791862232,56729793476404,56729793505812,2411873942,4.8888,1.0251,33.7712,1.6142,0.0294,41.3303,3
195,56729787420753,56729797634660,56729798682515,56729798684219,56729829688422,56729830803037,56729830828852,2694715491,10.2139,1.0479,31.0042,1.1146,0.0258,43.4081,3
196,56729834334457,56729838774287,56729839822124,56729839823736,56729870566437,56729871608071,56729871633126,2437116138,4.4398,1.0478,30.7427,1.0416,0.0251,37.2987,2
197,56729898170480,56729901446788,56729902634847,56729902636236,56729933360679,56729934412757,56729934438220,4028493552,3.2763,1.1881,30.7244,1.0521,0.0255,36.2677,2
198,56729972161724,56729976407332,56729977131538,56729977132593,56730007671387,56730008769724,56730008794632,3639709509,4.2456,0.7242,30.5388,1.0983,0.0249,36.6329,2
199,56730017507607,56730021270528,56730021942641,56730021943530,56730052502139,56730053490901,56730053514513,2483045646,3.7629,0.6721,30.5586,0.9888,0.0236,36.0069,2
200,56730109287396,56730113052817,56730114011135,56730114012653,56730146292490,56730148186201,56730148234034,39733405,3.7654,0.9583,32.2798,1.8937,0.0478,38.9466,2
201,56730147021437,56730151256897,56730152323178,56730152325697,56730183075787,56730184199347,56730184225828,527765863,4.2355,1.0663,30.7501,1.1236,0.0265,37.2044,2
202,56730232550463,56730237588277,56730238451910,56730238453095,56730268748443,56730269802058,56730269827429,2155398392,5.0378,0.8636,30.2953,1.0536,0.0254,37.2770,2
203,56730275224744,56730278828720,56730279693890,56730279695093,56730310561666,56730311510225,56730311534095,611201169,3.6040,0.8652,30.8666,0.9486,0.0239,36.3094,1
204,56730333399154,56730337283298,56730338188616,56730338190356,56730368839687,56730369955673,56730369981432,2477094165,3.8841,0.9053,30.6493,1.1160,0.0258,36.5823,2
205,56730399830797,56730403538940,56730404596129,56730404598259,56730435280090,56730436356020,56730436387927,611337160,3.7081,1.0572,30.6818,1.0759,0.0319,36.5571,2
206,56730452284298,56730456372406,56730457253742,56730457255242,56730488052240,56730489095003,56730489121059,2503199557,4.0881,0.8813,30.7970,1.0428,0.0261,36.8368,2
207,56730513697387,56730518130347,56730518842238,56730518843220,56730549805515,56730550848167,56730550874148,4206726963,4.4330,0.7119,30.9623,1.0427,0.0260,37.1768,2
208,56730589223562,56730593618578,56730594399321,56730594400562,56730625322079,56730626376546,56730626402028,1840691747,4.3950,0.7807,30.9215,1.0545,0.0255,37.1785,2
209,56730636563841,56730641586582,56730642310325,56730642311380,56730672672229,56730673721714,56730673746122,2883839885,5.0227,0.7237,30.3608,1.0495,0.0244,37.1823,2
210,56730700131160,56730703548505,56730704605768,56730704606898,56730735336896,56730736348566,56730736373899,3589456630,3.4173,1.0573,30.7300,1.0117,0.0253,36.2427,2
211,56730777802269,56730781163855,56730782326248,56730782327618,56730814086768,56730815374124,56730815403013,2955414908,3.3616,1.1624,31.7592,1.2874,0.0289,37.6007,2
212,56730825205067,56730829837861,56730830823624,56730830827494,56730861433047,56730862426014,56730862450643,1922439051,4.6328,0.9858,30.6056,0.9930,0.0246,37.2456,2
213,56730914808311,56730918736269,56730919481586,56730919482698,56730949889380,56730950948291,56730950973809,1675347143,3.9280,0.7453,30.4067,1.0589,0.0255,36.1655,2
214,56730960446565,56730964191319,56730965429250,56730965433064,56730996354378,56730997385122,56730997410122,1675347143,3.7448,1.2379,30.9213,1.0307,0.0250,36.9636,2
215,56731004203869,56731008697644,56731009349961,56731009351443,56731040051255,56731040995907,56731041018981,376464295,4.4938,0.6523,30.6998,0.9447,0.0231,36.8151,1
216,56731073640504,56731077125146,56731077978557,56731077979594,56731108533739,56731109565243,56731109590187,733621104,3.4846,0.8534,30.5541,1.0315,0.0249,35.9497,2
217,56731133324160,56731136614968,56731137822899,56731137824176,56731168483637,56731169470529,56731169494437,2949627024,3.2908,1.2079,30.6595,0.9869,0.0239,36.1703,2
218,56731224447706,56731228555758,56731229542891,56731229543983,56731260417834,56731261450041,56731261475412,346385295,4.1081,0.9871,30.8739,1.0322,0.0254,37.0277,2
219,56731271713281,56731276278057,56731276962300,56731276963355,56731307946669,56731309143655,56731309170099,972310579,4.5648,0.6842,30.9833,1.1970,0.0264,37.4568,2
220,56731317635759,56731321290902,56731321985108,56731321986034,56731352335197,56731353389793,56731353414294,3182401782,3.6551,0.6942,30.3492,1.0546,0.0245,35.7785,2
221,56731393192583,56731397636413,56731398689084,56731398690825,56731429338600,56731430565382,56731430590882,1063005165,4.4438,1.0527,30.6478,1.2268,0.0255,37.3983,2
222,56731444841563,56731448957799,56731449742024,56731449742987,56731480326614,56731481537841,56731481563360,3922695819,4.1162,0.7842,30.5836,1.2112,0.0255,36.7218,2
223,56731502202155,56731506336725,56731506974116,56731506974950,56731537441688,56731538418154,56731538442543,4184269085,4.1346,0.6374,30.4667,0.9765,0.0244,36.2404,2
224,56731577140903,56731581691085,56731582523477,56731582524848,56731613751421,56731615107797,56731615133630,2275250395,4.5502,0.8324,31.2266,1.3564,0.0258,37.9927,2
225,56731625761408,56731629767126,56731630426610,56731630427407,56731660719736,56731661705073,56731661730055,3286904916,4.0057,0.6595,30.2923,0.9853,0.0250,35.9686,2
226,56731716658287,56731720452022,56731721139432,56731721140580,56731751817374,56731754753589,56731754788292,2571974704,3.7937,0.6874,30.6768,2.9362,0.0347,38.1300,2
227,56731754878496,56731758259971,56731759278419,56731759280160,56731790183029,56731791396737,56731791422145,2571974704,3.3815,1.0184,30.9029,1.2137,0.0254,36.5436,2
228,56731812713017,56731817278625,56731818196555,56731818197592,56731848091401,56731849145201,56731849171202,1516480134,4.5656,0.9179,29.8938,1.0538,0.0260,36.4582,2
229,56731904745158,56731910503142,56731911776368,56731911777628,56731943532296,56731945005171,56731945032894,3468429131,5.7580,1.2732,31.7547,1.4729,0.0277,40.2877,2
230,56731939740727,56731948756777,56731949798503,56731949800133,56731980469427,56731981620524,56731981646635,3468429131,9.0160,1.0417,30.6693,1.1511,0.0261,41.9059,2
231,56732015195772,56732019961660,56732020786922,56732020787885,56732051524790,56732052547572,56732052572294,1200928976,4.7659,0.8253,30.7369,1.0228,0.0247,37.3765,2
232,56732086309506,56732089978871,56732091420821,56732091423802,56732124463512,56732126370815,56732126401278,2145460861,3.6694,1.4420,33.0397,1.9073,0.0305,40.0918,2
233,56732124231474,56732130472422,56732131120943,56732131122017,56732161730404,56732162823945,56732162848556,2145460861,6.2409,0.6485,30.6084,1.0935,0.0246,38.6171,2
234,56732193864796,56732199098981,56732199665520,56732199666390,56732230377888,56732231783004,56732231812264,3365384837,5.2342,0.5665,30.7115,1.4051,0.0293,37.9475,2
235,56732253468192,56732257658300,56732258718359,56732258719693,56732289076189,56732290152286,56732290178193,3540370026,4.1901,1.0601,30.3565,1.0761,0.0259,36.7100,2
236,56732317083826,56732321921898,56732322642438,56732322643475,56732352738174,56732353720104,56732353745048,2086112088,4.8381,0.7205,30.0947,0.9819,0.0249,36.6612,2
237,56732396820961,56732401004049,56732401945553,56732401946368,56732432571439,56732433768777,56732433795184,2915579926,4.1831,0.9415,30.6251,1.1973,0.0264,36.9742,2
238,56732441367137,56732445889357,56732446715952,56732446717082,56732477219913,56732478495510,56732478520899,3670161001,4.5222,0.8266,30.5028,1.2756,0.0254,37.1538,2
239,56732491117666,56732494967753,56732495958331,56732495961961,56732527198535,56732528555669,56732528581910,3491236143,3.8501,0.9906,31.2366,1.3571,0.0262,37.4642,2
240,56732553096460,56732557243308,56732558304941,56732558308386,56732588965957,56732589961665,56732589986776,1150666134,4.1468,1.0616,30.6576,0.9957,0.0251,36.8903,2
241,56732635664308,56732641135272,56732641742219,56732641743071,56732672126253,56732673230275,56732673256053,19056344,5.4710,0.6069,30.3832,1.1040,0.0258,37.5917,2
242,56732689892464,56732694481128,56732695256168,56732695257150,56732725706128,56732726748317,56732726773299,2350817411,4.5887,0.7750,30.4490,1.0422,0.0250,36.8808,2
243,56732744053656,56732748828766,56732749507694,56732749508639,56732779850968,56732780870120,56732780895231,2174164183,4.7751,0.6789,30.3423,1.0192,0.0251,36.8416,2
244,56732818941015,56732823157622,56732824273867,56732824276089,56732855156069,56732856331092,56732856356722,2519970899,4.2166,1.1162,30.8800,1.1750,0.0256,37.4157,2
245,56732865828514,56732869959548,56732871093978,56732871095941,56732901663716,56732902647590,56732902672034,1613227997,4.1310,1.1344,30.5678,0.9839,0.0244,36.8435,2
246,56732969297808,56732975295273,56732976170091,56732976171165,56733008534929,56733009540562,56733009564988,1159860762,5.9975,0.8748,32.3638,1.0056,0.0244,40.2672,2
247,56732997599501,56733012530758,56733013215593,56733013216427,56733044036703,56733045016373,56733045042354,1097822341,14.9313,0.6848,30.8203,0.9797,0.0260,47.4429,2
248,56733085685573,56733089631698,56733091006629,56733091008240,56733121758516,56733122801853,56733122827334,2300115381,3.9461,1.3749,30.7503,1.0433,0.0255,37.1418,2
249,56733126873108,56733131209753,56733132229812,56733132231979,56733163191126,56733164503834,56733164534631,929202631,4.3366,1.0201,30.9591,1.3127,0.0308,37.6615,2
250,56733185345149,56733189948017,56733190650316,56733190651334,56733220853090,56733221836315,56733221860686,2139897168,4.6029,0.7023,30.2018,0.9832,0.0244,36.5155,2
251,56733251796440,56733256228919,56733257084052,56733257085366,56733287647419,56733288860646,56733288886516,372064812,4.4325,0.8551,30.5621,1.2132,0.0259,37.0901,2
252,56733296930082,56733301454154,56733302176193,56733302177119,56733332334374,56733333316952,56733333341100,3239932126,4.5241,0.7220,30.1573,0.9826,0.0241,36.4110,2
253,56733391553325,56733396496880,56733397250994,56733397252272,56733427895751,56733429070292,56733429096403,3824587863,4.9436,0.7541,30.6435,1.1745,0.0261,37.5431,2
254,56733435641334,56733440345536,56733441431854,56733441433539,56733472463335,56733473639487,56733473667135,671352356,4.7042,1.0863,31.0298,1.1762,0.0276,38.0258,2
255,56733485525140,56733489966619,56733490659418,56733490660566,56733521025063,56733522078196,56733522103363,1087734742,4.4415,0.6928,30.3645,1.0531,0.0252,36.5782,2
256,56733549589998,56733554110810,56733554849720,56733554851035,56733585567607,56733586596666,56733586622185,288835620,4.5208,0.7389,30.7166,1.0291,0.0255,37.0322,2
257,56733613763855,56733618160426,56733618964818,56733618965744,56733649205777,56733650212096,56733650236410,3036984706,4.3966,0.8044,30.2400,1.0063,0.0243,36.4726,2
258,56733701052387,56733705355976,56733706548110,56733706550796,56733737053645,56733738250538,56733738350557,3142130749,4.3036,1.1921,30.5028,1.1969,0.1000,37.2982,2
259,56733764157093,56733768734479,56733769774113,56733769775446,56733803288787,56733804510217,56733804536180,576352374,4.5774,1.0396,33.5133,1.2214,0.0260,40.3791,2
260,56733797083395,56733807807155,56733808793251,56733808794844,56733839876954,56733841443034,56733841471608,521627640,10.7238,0.9861,31.0821,1.5661,0.0286,44.3882,2
261,56733861056437,56733866343067,56733867091810,56733867092791,56733897433566,56733898643126,56733898671478,1969043173,5.2866,0.7487,30.3408,1.2096,0.0284,37.6150,2
262,56733950980015,56733958026429,56733958767024,56733958768135,56733991728382,56733993745037,56733993780260,1302890501,7.0464,0.7406,32.9602,2.0167,0.0352,42.8002,2
263,56733988622723,56733998221035,56733998966612,56733998967704,56734029549831,56734030819965,56734030850688,1302890501,9.5983,0.7456,30.5821,1.2701,0.0307,42.2280,2
264,56734074947159,56734079882103,56734081159681,56734081161107,56734112745293,56734115480340,56734115518674,293316261,4.9349,1.2776,31.5842,2.7350,0.0383,40.5715,2
265,56734115033801,56734119836504,56734121161860,56734121164231,56734151980507,56734153187585,56734153216604,531855292,4.8027,1.3254,30.8163,1.2071,0.0290,38.1828,2
266,56734176505205,56734181227222,56734182365985,56734182368059,56734212929834,56734214143468,56734214169746,2728620530,4.7220,1.1388,30.5618,1.2136,0.0263,37.6645,1
267,56734230190025,56734235463599,56734236183935,56734236185232,56734266649673,56734267938678,56734267968937,905456789,5.2736,0.7203,30.4644,1.2890,0.0303,37.7789,2
268,56734304378233,56734309784197,56734310455884,56734310457477,56734341044567,56734342456016,56734342484276,2007694241,5.4060,0.6717,30.5871,1.4114,0.0283,38.1060,2
269,56734369543983,56734374978243,56734375696653,56734375697782,56734406400688,56734407603359,56734407632914,1921631147,5.4343,0.7184,30.7029,1.2027,0.0296,38.0889,2
270,56734447088573,56734453867467,56734454637711,56734454638896,56734486968437,56734488215071,56734488243515,3348916288,6.7789,0.7702,32.3295,1.2466,0.0284,41.1549,2
271,56734480189265,56734492525790,56734493121273,56734493122292,56734523842364,56734525253480,56734525283943,865136766,12.3365,0.5955,30.7201,1.4111,0.0305,45.0947,2
272,56734549623196,56734554548510,56734555594921,56734555596088,56734586457309,56734588246222,56734588274982,2618540440,4.9253,1.0464,30.8612,1.7889,0.0288,38.6518,2
273,56734600198117,56734605116430,56734606057526,56734606058693,56734637168674,56734638638235,56734638667605,2618540440,4.9183,0.9411,31.1100,1.4696,0.0294,38.4695,2
274,56734662252318,56734667716467,56734668570359,56734668571674,56734699201375,56734700288416,56734700314916,3007737686,5.4641,0.8539,30.6297,1.0870,0.0265,38.0626,1
275,56734754294571,56734760729724,56734761757190,56734761758468,56734794581122,56734795906700,56734795936923,2723713549,6.4352,1.0275,32.8227,1.3256,0.0302,41.6424,2
276,56734788041450,56734801939444,56734802607576,56734802609076,56734833603575,56734835088265,56734835113543,2723713549,13.8980,0.6681,30.9945,1.4847,0.0253,47.0721,2
277,56734852903884,56734857289252,56734858398459,56734858399811,56734888735586,56734889600181,56734889623181,314367312,4.3854,1.1092,30.3358,0.8646,0.0230,36.7193,1
278,56734938208150,56734942776944,56734944197394,56734944199023,56734975140707,56734976186211,56734976212007,4125610836,4.5688,1.4204,30.9417,1.0455,0.0258,38.0039,2
279,56734981577286,56734985550966,56734986884138,56734986885397,56735017357746,56735018354194,56735018378972,4125610836,3.9737,1.3332,30.4723,0.9964,0.0248,36.8017,2
280,56735049434526,56735054327562,56735055292862,56735055294066,56735086041990,56735087252383,56735087277253,2965770796,4.8930,0.9653,30.7479,1.2104,0.0249,37.8427,2
281,56735101048821,56735105269058,56735106745989,56735106748693,56735137299690,56735138517787,56735138540880,755753768,4.2202,1.4769,30.5510,1.2181,0.0231,37.4921,1
282,56735158586414,56735163011319,56735163801433,56735163802729,56735194504190,56735195570119,56735195596082,1927862700,4.4249,0.7901,30.7015,1.0659,0.0260,37.0097,2
283,56735224812168,56735229374554,56735230252391,56735230253446,56735260376850,56735261278668,56735261303464,4222842536,4.5624,0.8778,30.1234,0.9018,0.0248,36.4913,2
284,56735318491278,56735323116276,56735323907501,56735323908316,56735354119571,56735355063426,56735355088797,397752534,4.6250,0.7912,30.2113,0.9439,0.0254,36.5975,2
285,56735360533279,56735365405352,56735366241799,56735366242744,56735396728315,56735397671170,56735397697282,3269564305,4.8721,0.8364,30.4856,0.9429,0.0261,37.1640,2
286,56735410576624,56735415119603,56735415905180,56735415906346,56735446497603,56735447534088,56735447571848,1097185105,4.5430,0.7856,30.5913,1.0365,0.0378,36.9952,2
287,56735465995302,56735470371743,56735471127153,56735471128098,56735501733373,56735502816951,56735502842155,3116854556,4.3764,0.7554,30.6053,1.0836,0.0252,36.8469,2
288,56735547814833,56735552313553,56735553012889,56735553014315,56735583567034,56735584679964,56735584705409,590510326,4.4987,0.6993,30.5527,1.1129,0.0254,36.8906,2
289,56735600840966,56735605157389,56735605843261,56735605844039,56735636260462,56735637274280,56735637298595,2519745185,4.3164,0.6859,30.4164,1.0138,0.0243,36.4576,2
290,56735683203980,56735687643737,56735688416758,56735688417721,56735718816644,56735719764481,56735719790555,3368493831,4.4398,0.7730,30.3989,0.9478,0.0261,36.5866,2
291,56735729238162,56735733799012,56735734471848,56735734472996,56735764995141,56735765958997,56735765984274,3316877129,4.5609,0.6728,30.5221,0.9639,0.0253,36.7461,2
292,56735795947640,56735800936954,56735801499752,56735801500345,56735832471770,56735833436292,56735833461421,914745817,4.9893,0.5628,30.9714,0.9645,0.0251,37.5138,2
293,56735855060702,56735859836385,56735860737259,56735860738500,56735891214015,56735892343242,56735892368668,3405351388,4.7757,0.9009,30.4755,1.1292,0.0254,37.3080,2
294,56735906228958,56735910617862,56735911759885,56735911761329,56735941961992,56735942959607,56735942984477,357151630,4.3889,1.1420,30.2007,0.9976,0.0249,36.7555,2
295,56735994271400,56735998546026,56735999214547,56735999215936,56736029886193,56736030851863,56736030877567,3134895006,4.2746,0.6685,30.6703,0.9657,0.0257,36.6062,2
296,56736053001997,56736057099327,56736058163534,56736058164775,56736090683853,56736092073229,56736092103192,3134895006,4.0973,1.0642,32.5191,1.3894,0.0300,39.1012,2
297,56736087709195,56736095323722,56736095952335,56736095953483,56736126593259,56736127524799,56736127550466,3134895006,7.6145,0.6286,30.6398,0.9315,0.0257,39.8413,2
298,56736147592889,56736152625888,56736153335187,56736153336372,56736183667332,56736184582316,56736184607557,3134895006,5.0330,0.7093,30.3310,0.9150,0.0252,37.0147,2
299,56736226742299,56736231094130,56736231940855,56736231942040,56736262148166,56736263085373,56736263110114,3134895006,4.3518,0.8467,30.2061,0.9372,0.0247,36.3678,2
300,56736281252623,56736285747324,56736286407678,56736286408419,56736317402232,56736318417940,56736318447792,2653597197,4.4947,0.6604,30.9938,1.0157,0.0299,37.1952,2
301,56736334499960,56736338275177,56736339282551,56736339283884,56736370043123,56736370991219,56736371016775,2653597197,3.7752,1.0074,30.7592,0.9481,0.0256,36.5168,2
302,56736398385113,56736404244559,56736404976932,56736404977784,56736435473800,56736436447433,56736436471748,2653597197,5.8594,0.7324,30.4960,0.9736,0.0243,38.0866,2
303,56736460137462,56736464369347,56736465378258,56736465379351,56736495900533,56736496822536,56736496848851,2653597197,4.2319,1.0089,30.5212,0.9220,0.0263,36.7114,2
304,56736529328744,56736533659056,56736534289280,56736534289966,56736564614592,56736565579114,56736565603484,2653597197,4.3303,0.6302,30.3246,0.9645,0.0244,36.2747,2
305,56736594529124,56736598364175,56736598998899,56736598999918,56736629502230,56736630460233,56736630484733,2653597197,3.8351,0.6347,30.5023,0.9580,0.0245,35.9556,2
306,56736648847372,56736652814035,56736653869075,56736653870575,56736684231646,56736685131742,56736685156798,2653597197,3.9667,1.0550,30.3611,0.9001,0.0251,36.3094,2
307,56736717995877,56736721825909,56736722482801,56736722483986,56736752998557,56736753958190,56736753983431,1042887403,3.8300,0.6569,30.5146,0.9596,0.0252,35.9876,2
308,56736772708979,56736776555770,56736777520718,56736777521681,56736807855363,56736808817774,56736808843292,1236666709,3.8468,0.9649,30.3337,0.9624,0.0255,36.1343,2
309,56736840996981,56736846382703,56736847142391,56736847144373,56736877341517,56736878239539,56736878263854,2190410165,5.3857,0.7597,30.1971,0.8980,0.0243,37.2669,2
310,56736927914326,56736932042730,56736933039530,56736933040826,56736963586083,56736964510993,56736964534549,681976570,4.1284,0.9968,30.5453,0.9249,0.0236,36.6202,1
311,56736969509567,56736973692989,56736974461862,56736974462955,56737004778784,56737005706232,56737005731547,2909801952,4.1834,0.7689,30.3158,0.9274,0.0253,36.2220,2
312,56737027729810,56737031789399,56737032574754,56737032575735,56737063015102,56737063910939,56737063935569,20811736,4.0596,0.7854,30.4394,0.8958,0.0246,36.2058,2
313,56737112927650,56737117543129,56737118825745,56737118827504,56737151444435,56737152813403,56737152840366,2043619900,4.6155,1.2826,32.6169,1.3690,0.0270,39.9127,2
314,56737148270998,56737156467212,56737157404456,56737157407067,56737187864620,56737188815327,56737188841549,3875930993,8.1962,0.9372,30.4576,0.9507,0.0262,40.5706,2
315,56737207136096,56737211500056,56737212261503,56737212262614,56737242580703,56737243532669,56737243558577,3875930993,4.3640,0.7614,30.3181,0.9520,0.0259,36.4225,2
316,56737270265912,56737273869110,56737275001429,56737275004355,56737305188481,56737306083780,56737306108299,2759403802,3.6032,1.1323,30.1841,0.8953,0.0245,35.8424,2
317,56737357740445,56737361943423,56737362700500,56737362701574,56737393021256,56737393972092,56737393998185,2994493903,4.2030,0.7571,30.3197,0.9508,0.0261,36.2577,2
318,56737404228907,56737408302329,56737409217184,56737409218998,56737439829478,56737440876333,56737440901204,250735496,4.0734,0.9149,30.6105,1.0469,0.0249,36.6723,2
319,56737461037201,56737464945159,56737465672051,56737465672977,56737496081807,56737496990514,56737497015051,3955208947,3.9080,0.7269,30.4088,0.9087,0.0245,35.9778,2
320,56737535558058,56737540926059,56737541523598,56737541524635,56737572414930,56737573340081,56737573365637,149616948,5.3680,0.5975,30.8903,0.9252,0.0256,37.8076,2
321,56737581430054,56737585973182,56737586781296,56737586782314,56737618920299,56737620111914,56737620137710,3313478116,4.5431,0.8081,32.1380,1.1916,0.0258,38.7077,2
322,56737641827102,56737646270340,56737646930880,56737646931861,56737676936190,56737677843323,56737677868360,3736369631,4.4432,0.6605,30.0043,0.9071,0.0250,36.0413,2
323,56737719639249,56737724047968,56737724729656,56737724730619,56737755164597,56737756176342,56737756201731,3706536166,4.4087,0.6817,30.4340,1.0117,0.0254,36.5625,2
324,56737761549213,56737765138040,56737766075692,56737766077599,56737796594282,56737797489266,56737797514322,1185896514,3.5888,0.9377,30.5167,0.8950,0.0251,35.9651,2
325,56737859615672,56737865949157,56737866911587,56737866913383,56737898316717,56737899500703,56737899527443,2589897373,6.3335,0.9624,31.4033,1.1840,0.0267,39.9118,2
326,56737890158114,56737902597454,56737903055956,56737903056697,56737933434934,56737934367678,56737934393456,2853499303,12.4393,0.4585,30.3782,0.9327,0.0258,44.2353,2
327,56737975970733,56737980115674,56737981272697,56737981273956,56738011767009,56738012737142,56738012763123,1664079262,4.1449,1.1570,30.4931,0.9701,0.0260,36.7924,2
328,56738020339965,56738023840163,56738024858407,56738024859685,56738055458127,56738056457260,56738056483297,506180194,3.5002,1.0182,30.5984,0.9991,0.0260,36.1433,2
329,56738075175863,56738079672583,56738080731531,56738080732476,56738111067343,56738111980031,56738112024476,1301103381,4.4967,1.0589,30.3349,0.9127,0.0444,36.8486,2
330,56738165080479,56738170218682,56738170863240,56738170864222,56738201387849,56738203517079,56738203546764,2520531231,5.1382,0.6446,30.5236,2.1292,0.0297,38.4663,2
331,56738203332967,56738208555393,56738209612582,56738209614563,56738240544784,56738241554306,56738241582029,164707191,5.2224,1.0572,30.9302,1.0095,0.0277,38.2491,2
332,56738258945590,56738262788641,56738263475254,56738263476180,56738293906696,56738294798921,56738294823736,2945891234,3.8431,0.6866,30.4305,0.8922,0.0248,35.8781,2
333,56738346061807,56738350742379,56738351251640,56738351252640,56738382053509,56738383101087,56738383125790,3079972478,4.6806,0.5093,30.8009,1.0476,0.0247,37.0640,2
334,56738392249138,56738396883284,56738398086584,56738398088158,56738428386081,56738429444344,56738429470455,2959940730,4.6341,1.2033,30.2979,1.0583,0.0261,37.2213,2
335,56738443160967,56738447283389,56738448175651,56738448176614,56738478617852,56738479520522,56738479545262,4113096542,4.1224,0.8923,30.4412,0.9027,0.0247,36.3843,2
336,56738520064721,56738524323570,56738525159462,56738525160424,56738555738737,56738556742500,56738556765555,931407934,4.2588,0.8359,30.5783,1.0038,0.0231,36.7008,1
337,56738577985371,56738583102334,56738583638095,56738583639095,56738614287222,56738615270244,56738615293930,3809513804,5.1170,0.5358,30.6481,0.9830,0.0237,37.3086,1
338,56738659021752,56738663870380,56738665033718,56738665035810,56738698175335,56738699103524,56738699128709,2874509861,4.8486,1.1633,33.1395,0.9282,0.0252,40.1070,1
339,56738691875313,56738702284239,56738702933871,56738702935334,56738733462924,56738734359371,56738734382908,2874509861,10.4089,0.6496,30.5276,0.8964,0.0235,42.5076,1
340,56738751917267,56738756193912,56738757125008,56738757127526,56738787458986,56738788345970,56738788368822,2460353393,4.2766,0.9311,30.3315,0.8870,0.0229,36.4516,1
341,56738845119894,56738849332798,56738850847285,56738850848452,56738882486397,56738883910069,56738883936588,4069282587,4.2129,1.5145,31.6379,1.4237,0.0265,38.8167,1
342,56738879036144,56738887393655,56738888209640,56738888210714,56738918362895,56738919227805,56738919251324,4069282587,8.3575,0.8160,30.1522,0.8649,0.0235,40.2152,1
343,56738951659050,56738955929899,56738957176237,56738957177440,56738988155421,56738989110720,56738989135091,200317671,4.2708,1.2463,30.9780,0.9553,0.0244,37.4760,1
344,56738997073100,56739001771451,56739002651620,56739002652991,56739033287933,56739034177769,56739034201084,2409691806,4.6984,0.8802,30.6349,0.8898,0.0233,37.1280,1
345,56739062295999,56739066428310,56739067179387,56739067180535,56739097241012,56739098105867,56739098127811,2676464015,4.1323,0.7511,30.0605,0.8649,0.0219,35.8318,1
346,56739141031278,56739146463464,56739147274282,56739147275671,56739181298514,56739182289369,56739182313055,1790518130,5.4322,0.8108,34.0228,0.9909,0.0237,41.2818,1
347,56739177756038,56739185681511,56739186809330,56739186810700,56739217506606,56739218367572,56739218389812,1356113124,7.9255,1.1278,30.6959,0.8610,0.0222,40.6338,1
348,56739270510683,56739274554253,56739275474589,56739275475497,56739305974661,56739306865682,56739306889238,2047497315,4.0436,0.9203,30.4992,0.8910,0.0236,36.3786,1
349,56739312510332,56739317051700,56739317684258,56739317685239,56739348042199,56739348957980,56739348981387,2047497315,4.5414,0.6326,30.3570,0.9158,0.0234,36.4711,1
350,56739375137943,56739379319791,56739380081090,56739380082461,56739410494402,56739411400313,56739411423368,2891091883,4.1818,0.7613,30.4119,0.9059,0.0231,36.2854,1
351,56739456773307,56739460748081,56739461571454,56739461572991,56739492544027,56739493490252,56739493515678,723491449,3.9748,0.8234,30.9710,0.9462,0.0254,36.7424,2
352,56739495972965,56739500558166,56739501446373,56739501448299,56739531934426,56739532855077,56739532880615,723491449,4.5852,0.8882,30.4861,0.9207,0.0255,36.9076,2
353,56739571229621,56739575539488,56739576588436,56739576589473,56739606906915,56739607959381,56739607983233,1498272860,4.3099,1.0489,30.3174,1.0525,0.0239,36.7536,1
354,56739614197940,56739618902698,56739619675256,56739619676312,56739650132698,56739651028312,56739651051979,3626214811,4.7048,0.7726,30.4564,0.8956,0.0237,36.8540,1
355,56739681032530,56739685573027,56739686494734,56739686495864,56739716863472,56739717736734,56739717759771,982407028,4.5405,0.9217,30.3676,0.8733,0.0230,36.7272,1
356,56739751206927,56739755613665,56739756331871,56739756332908,56739786883572,56739787947409,56739787970428,4167758923,4.4067,0.7182,30.5507,1.0638,0.0230,36.7635,1
357,56739797933778,56739802317997,56739803010907,56739803012778,56739833258496,56739834172999,56739834203203,2825548097,4.3842,0.6929,30.2457,0.9145,0.0302,36.2694,2
358,56739890221958,56739895199735,56739895894311,56739895895367,56739928139426,56739930242230,56739930279656,3904492172,4.9778,0.6946,32.2441,2.1028,0.0374,40.0577,1
359,56739930146618,56739936293362,56739936930494,56739936931476,56739967972419,56739969250868,56739969276183,3904492172,6.1467,0.6371,31.0409,1.2784,0.0253,39.1296,1
360,56739986317336,56739990690278,56739991351410,56739991352261,56740022118574,56740023134041,56740023159634,1826846053,4.3729,0.6611,30.7663,1.0155,0.0256,36.8423,1
361,56740065755248,56740070396061,56740071051470,56740071052415,56740101331022,56740102218229,56740102241840,3176314284,4.6408,0.6554,30.2786,0.8872,0.0236,36.4866,1
362,56740118936696,56740123286008,56740123961066,56740123962455,56740154529026,56740155437863,56740155461030,3176314284,4.3493,0.6751,30.5666,0.9088,0.0232,36.5243,1
363,56740178370333,56740182969146,56740183684704,56740183686037,56740214223312,56740215087056,56740215109408,4223299538,4.5988,0.7156,30.5373,0.8637,0.0224,36.7391,1
364,56740267450279,56740271616646,56740272725242,56740272727446,56740305760749,56740307332828,56740307362810,1863499575,4.1664,1.1086,33.0333,1.5721,0.0300,39.9125,1
365,56740304234632,56740310883378,56740311683362,56740311684288,56740342304526,56740343239511,56740343263252,1863499575,6.6487,0.8000,30.6202,0.9350,0.0237,39.0286,1
366,56740362254820,56740367188096,56740367822673,56740367823395,56740398178484,56740399042172,56740399065487,1195597129,4.9333,0.6346,30.3551,0.8637,0.0233,36.8107,1
367,56740472944990,56740476972338,56740477958860,56740477960786,56740509178545,56740510379494,56740510414531,1925185630,4.0273,0.9865,31.2178,1.2009,0.0350,37.4695,1
368,56740515942125,56740520241936,56740521655312,56740521656775,56740552343884,56740553314794,56740553338072,1925185630,4.2998,1.4134,30.6871,0.9709,0.0233,37.3959,1
369,56740563487590,56740567810790,56740568598404,56740568599589,56740599127605,56740600070609,56740600100479,3135061033,4.3232,0.7876,30.5280,0.9430,0.0299,36.6129,1
370,56740619255343,56740624609177,56740625289624,56740625290402,56740655678769,56740656620865,56740656644569,4106606739,5.3538,0.6804,30.3884,0.9421,0.0237,37.3892,1
371,56740671225121,56740675444858,56740676331731,56740676332954,56740706877358,56740707752436,56740707775510,3867174192,4.2197,0.8869,30.5444,0.8751,0.0231,36.5504,1
372,56740752771633,56740757148870,56740758019985,56740758021188,56740788528037,56740789444207,56740789467263,2255069804,4.3772,0.8711,30.5068,0.9162,0.0231,36.6956,1
373,56740804472798,56740808974814,56740809752150,56740809753113,56740840018239,56740840891890,56740840915038,2081319797,4.5020,0.7773,30.2651,0.8737,0.0231,36.4422,1
374,56740885016769,56740889281321,56740890294028,56740890295769,56740924704854,56740926004544,56740926029359,566944224,4.2646,1.0127,34.4091,1.2997,0.0248,41.0126,1
375,56740923803444,56740930419430,56740931445971,56740931447249,56740962802008,56740964102531,56740964126939,566944224,6.6160,1.0265,31.3548,1.3005,0.0244,40.3235,1
376,56740977860951,56740982403096,56740983133266,56740983134451,56741013408521,56741014279524,56741014302487,797215124,4.5421,0.7302,30.2741,0.8710,0.0230,36.4415,1
377,56741066793655,56741071073578,56741072177545,56741072179230,56741103152803,56741105579330,56741105643256,2759990300,4.2799,1.1040,30.9736,2.4265,0.0639,38.8496,1
378,56741106366648,56741110373014,56741111289110,56741111291795,56741142253275,56741143126038,56741143149038,2759990300,4.0064,0.9161,30.9615,0.8728,0.0230,36.7824,1
379,56741172445512,56741177045843,56741177712586,56741177713827,56741208029064,56741208896642,56741208919901,3061891796,4.6003,0.6667,30.3152,0.8676,0.0233,36.4744,1
380,56741267139460,56741271577642,56741272823739,56741272825165,56741305277225,56741306723174,56741306748545,1363394580,4.4382,1.2461,32.4521,1.4459,0.0254,39.6091,1
381,56741302421566,56741310149112,56741310652503,56741310656466,56741340709369,56741341578409,56741341601113,1363394580,7.7275,0.5034,30.0529,0.8690,0.0227,39.1795,1
382,56741387046645,56741390915714,56741391877347,56741391878958,56741422905642,56741423930572,56741423954831,1939396673,3.8691,0.9616,31.0267,1.0249,0.0243,36.9082,1
383,56741434573517,56741438528420,56741439531239,56741439532776,56741470247737,56741471310944,56741471334240,2316803322,3.9549,1.0028,30.7150,1.0632,0.0233,36.7607,1
384,56741486096404,56741491099255,56741491754665,56741491755480,56741523384314,56741524279966,56741524303355,2528083615,5.0029,0.6554,31.6288,0.8957,0.0234,38.2070,1
385,56741573757141,56741578220639,56741579418347,56741579420124,56741612260500,56741613160244,56741613184152,1687389838,4.4635,1.1977,32.8404,0.8997,0.0239,39.4270,1
386,56741605131623,56741616997813,56741617755223,56741617756446,56741649057742,56741649971245,56741649994727,141131227,11.8662,0.7574,31.3013,0.9135,0.0235,44.8631,1
387,56741679073034,56741683248197,56741683909495,56741683910477,56741715189458,56741716237647,56741716261259,2410602580,4.1752,0.6613,31.2790,1.0482,0.0236,37.1882,1
388,56741723206042,56741727435502,56741728441894,56741728443376,56741758730613,56741759601598,56741759624283,3836886026,4.2295,1.0064,30.2872,0.8710,0.0227,36.4182,1
389,56741823753918,56741828718177,56741829545698,56741829546698,56741860042140,56741860956291,56741860980569,1570228097,4.9643,0.8275,30.4954,0.9142,0.0243,37.2267,1
390,56741863280281,56741867383721,56741868467688,56741868468725,56741899169038,56741900091856,56741900117189,59809127,4.1034,1.0840,30.7003,0.9228,0.0253,36.8369,1
391,56741930407797,56741934815720,56741935925983,56741935927150,56741967437392,56741968375450,56741968398080,3337644164,4.4079,1.1103,31.5102,0.9381,0.0226,37.9903,1
392,56741979469397,56741984250099,56741985081565,56741985082380,56742015464395,56742016362102,56742016385121,44974692,4.7807,0.8315,30.3820,0.8977,0.0230,36.9157,1
393,56742053327826,56742056894524,56742058314696,56742058316640,56742089055249,56742089977401,56742090001901,4172347311,3.5667,1.4202,30.7386,0.9222,0.0245,36.6741,1
394,56742093410821,56742098197393,56742098705062,56742098705858,56742129120781,56742129983599,56742130006562,1721418192,4.7866,0.5077,30.4149,0.8628,0.0230,36.5957,1
395,56742191531336,56742194996126,56742195954407,56742195955851,56742227170925,56742228476263,56742228502023,3417970175,3.4648,0.9583,31.2151,1.3053,0.0258,36.9707,1
396,56742235915845,56742239536543,56742240562454,56742240564065,56742271200804,56742272298326,56742272321752,2348303450,3.6207,1.0259,30.6367,1.0975,0.0234,36.4059,1
397,56742288479699,56742293159771,56742293735977,56742293736736,56742323786880,56742324667383,56742324690957,2009491208,4.6801,0.5762,30.0501,0.8805,0.0236,36.2113,1
398,56742380239543,56742384517429,56742385696970,56742385698470,56742416182930,56742417254601,56742417278304,2257943002,4.2779,1.1795,30.4845,1.0717,0.0237,37.0388,1
399,56742419790887,56742425053795,56742425830927,56742425832298,56742456122090,56742457441836,56742457464391,2467113071,5.2629,0.7771,30.2898,1.3197,0.0226,37.6735,1
400,56742473630042,56742478212280,56742479006801,56742479007875,56742509102316,56742509996652,56742510019282,1512969975,4.5822,0.7945,30.0944,0.8943,0.0226,36.3892,1
401,56742531718563,56742535913022,56742536729395,56742536730599,56742567356615,56742568305470,56742568328619,460200544,4.1945,0.8164,30.6260,0.9489,0.0231,36.6101,1
402,56742596205755,56742600962698,56742601691237,56742601692608,56742632855718,56742633723851,56742633746277,3877949475,4.7569,0.7285,31.1631,0.8681,0.0224,37.5405,1
403,56742705303957,56742709388416,56742710886773,56742710889903,56742744550874,56742745612619,56742745636193,123997602,4.0845,1.4984,33.6610,1.0617,0.0236,40.3322,1
404,56742740320359,56742748760297,56742749744541,56742749745633,56742780316409,56742781214560,56742781237079,2594114811,8.4399,0.9842,30.5708,0.8982,0.0225,40.9167,1
405,56742810205015,56742814154844,56742814874494,56742814875402,56742845235750,56742846156402,56742846179420,2230173866,3.9498,0.7197,30.3603,0.9207,0.0230,35.9744,1
406,56742852439739,56742856344179,56742857175700,56742857176497,56742887857365,56742888787887,56742888811405,512277213,3.9044,0.8315,30.6809,0.9305,0.0235,36.3717,1
407,56742902399009,56742906378653,56742907252934,56742907253971,56742938031284,56742939015250,56742939038250,853542894,3.9796,0.8743,30.7773,0.9840,0.0230,36.6392,1
408,56742967127832,56742971273643,56742972346961,56742972348054,56743002857977,56743003724517,56743003747054,1265523913,4.1458,1.0733,30.5099,0.8665,0.0225,36.6192,1
409,56743058835991,56743063182951,56743063920694,56743063921527,56743094733137,56743095650233,56743095672862,29269731,4.3470,0.7377,30.8116,0.9171,0.0226,36.8369,1
410,56743099791970,56743103931244,56743104675709,56743104676820,56743135331318,56743136294914,56743136318285,3130341422,4.1393,0.7445,30.6545,0.9636,0.0234,36.5263,1
411,56743158022251,56743162297581,56743163082028,56743163083380,56743193460432,56743194387639,56743194445491,2295292379,4.2753,0.7844,30.3771,0.9272,0.0579,36.4232,1
412,56743243937074,56743247811032,56743249261112,56743249264297,56743282201673,56743283173658,56743283196677,3697830609,3.8740,1.4501,32.9374,0.9720,0.0230,39.2596,1
413,56743278190177,56743286833338,56743287577581,56743287579174,56743317938782,56743318806840,56743318828692,1896459094,8.6432,0.7442,30.3596,0.8681,0.0219,40.6385,1
414,56743374691113,56743378318903,56743379235147,56743379238907,56743413479528,56743414468199,56743414496828,2159871098,3.6278,0.9162,34.2406,0.9887,0.0286,39.8057,1
415,56743406171225,56743417916785,56743418486657,56743418487787,56743448726542,56743449587509,56743449609879,3934050119,11.7456,0.5699,30.2388,0.8610,0.0224,43.4387,1
416,56743491417324,56743495439690,56743497378715,56743497380308,56743528281047,56743529307995,56743529331384,1901095132,4.0224,1.9390,30.9007,1.0269,0.0234,37.9141,1
417,56743534043957,56743538646547,56743539704162,56743539707236,56743570251159,56743571129366,56743571152792,3578002582,4.6026,1.0576,30.5439,0.8782,0.0234,37.1088,1
418,56743601737993,56743606076842,56743607369032,56743607370773,56743638058456,56743638984126,56743639007848,823583445,4.3388,1.2922,30.6877,0.9257,0.0237,37.2699,1
419,56743651313281,56743655844760,56743656608114,56743656609281,56743686664795,56743687533687,56743687556150,823583445,4.5315,0.7634,30.0555,0.8689,0.0225,36.2429,1
420,56743736642454,56743740788858,56743742071066,56743742072436,56743773739827,56743775610185,56743775660741,2162662581,4.1464,1.2822,31.6674,1.8704,0.0506,39.0183,1
421,56743771239040,56743779315143,56743780237479,56743780238776,56743810405883,56743811260367,56743811283127,2162662581,8.0761,0.9223,30.1671,0.8545,0.0228,40.0441,1
422,56743852381143,56743856313324,56743857130623,56743857131419,56743887660583,56743888609642,56743888633865,603797061,3.9322,0.8173,30.5292,0.9491,0.0242,36.2527,1
423,56743903973289,56743908154193,56743908963548,56743908964863,56743939776917,56743941023865,56743941049180,88765212,4.1809,0.8094,30.8121,1.2469,0.0253,37.0759,1
424,56743963220574,56743968366333,56743969363040,56743969365466,56744000218094,56744001325339,56744001348524,2954796581,5.1458,0.9967,30.8526,1.1072,0.0232,38.1279,1
425,56744018834901,56744023302287,56744023975234,56744023976512,56744054320101,56744055185290,56744055208160,1779300356,4.4674,0.6729,30.3436,0.8652,0.0229,36.3733,1
426,56744108934129,56744114223685,56744114947669,56744114948594,56744145093998,56744148329009,56744148355121,4171202564,5.2896,0.7240,30.1454,3.2350,0.0261,39.4210,1
427,56744170422551,56744174673103,56744176827148,56744176828685,56744210425637,56744211382141,56744211404937,2950143683,4.2506,2.1540,33.5970,0.9565,0.0228,40.9824,1
428,56744204440931,56744214528726,56744215091284,56744215092802,56744245510429,56744246415339,56744246438376,1632052734,10.0878,0.5626,30.4176,0.9049,0.0230,41.9974,1
429,56744273399565,56744279096752,56744279595531,56744279596254,56744309776490,56744310640308,56744310663401,510931646,5.6972,0.4988,30.1802,0.8638,0.0231,37.2638,1
430,56744369108034,56744374677406,56744375716132,56744375717299,56744406781594,56744407709560,56744407737616,580049558,5.5694,1.0387,31.0643,0.9280,0.0281,38.6296,1
431,56744398744732,56744411088665,56744411604611,56744411605185,56744442224146,56744443200464,56744443223576,580049558,12.3439,0.5159,30.6190,0.9763,0.0231,44.4788,1
432,56744459364540,56744464101965,56744464953801,56744464954671,56744495494095,56744496543932,56744496567154,4068712005,4.7374,0.8518,30.5394,1.0498,0.0232,37.2026,1
433,56744508161732,56744512181006,56744513213343,56744513215046,56744544514121,56744545576347,56744545599939,1190313146,4.0193,1.0323,31.2991,1.0622,0.0236,37.4382,1
434,56744574585357,56744579102484,56744579754635,56744579755672,56744610347743,56744611228246,56744611251376,4201921577,4.5171,0.6522,30.5921,0.8805,0.0231,36.6660,1
435,56744650725998,56744655395200,56744656086684,56744656087776,56744686535218,56744687585944,56744687609110,1705141845,4.6692,0.6915,30.4474,1.0507,0.0232,36.8831,1
436,56744710366747,56744714658058,56744715507710,56744715509117,56744746357041,56744747545305,56744747568583,256685935,4.2913,0.8497,30.8479,1.1883,0.0233,37.2018,1
437,56744750930465,56744755643667,56744756495281,56744756496707,56744786821537,56744787897245,56744787919485,256685935,4.7132,0.8516,30.3248,1.0757,0.0222,36.9890,1
438,56744816298901,56744820389064,56744821231956,56744821235141,56744851799009,56744852894790,56744852917957,256685935,4.0902,0.8429,30.5639,1.0958,0.0232,36.6191,1
439,56744878825882,56744882760137,56744883729974,56744883731122,56744914607324,56744915938440,56744915960829,4262584637,3.9343,0.9698,30.8762,1.3311,0.0224,37.1349,1
440,56744939045245,56744943302815,56744944542579,56744944544560,56744974930576,56744976205228,56744976228895,4262584637,4.2576,1.2398,30.3860,1.2747,0.0237,37.1837,1
441,56744998744938,56745003400621,56745004395254,56745004396551,56745034553658,56745035628699,56745035655236,4262584637,4.6557,0.9946,30.1571,1.0750,0.0265,36.9103,1
442,56745063499464,56745068918743,56745069668820,56745069670005,56745100200465,56745101266358,56745101293173,4262584637,5.4193,0.7501,30.5305,1.0659,0.0268,37.7937,1
443,56745133281175,56745138752861,56745139552975,56745139553938,56745170255622,56745171380700,56745171407977,4262584637,5.4717,0.8001,30.7017,1.1251,0.0273,38.1268,1
444,56745207561717,56745212624105,56745213749980,56745213751239,56745246353392,56745248217343,56745248245843,1535173864,5.0624,1.1259,32.6022,1.8640,0.0285,40.6841,1
445,56745244553645,56745252634414,56745253279046,56745253280046,56745283920988,56745284991474,56745285018214,346772231,8.0808,0.6446,30.6409,1.0705,0.0267,40.4646,1
446,56745340216336,56745345498133,56745346131302,56745346133469,56745377011893,56745378165842,56745378193916,2644690526,5.2818,0.6332,30.8784,1.1539,0.0281,37.9776,1
447,56745405321642,56745412429889,56745413065429,56745413066466,56745447403643,56745448565296,56745448591777,4116088982,7.1082,0.6355,34.3372,1.1617,0.0265,43.2701,1
448,56745441669160,56745452202697,56745452863329,56745452864274,56745483757976,56745484875721,56745484904980,4116088982,10.5335,0.6606,30.8937,1.1177,0.0293,43.2358,1
449,56745499852793,56745505142089,56745505775499,56745505776499,56745536029254,56745536958776,56745536981739,1654691427,5.2893,0.6334,30.2528,0.9295,0.0230,37.1289,1
450,56745586222507,56745590627948,56745592373973,56745592375325,56745624190827,56745625571147,56745625606295,2123076797,4.4054,1.7460,31.8155,1.3803,0.0351,39.3838,1
451,56745621853856,56745628990437,56745629713309,56745629715124,56745659893324,56745660781790,56745660805309,2123076797,7.1366,0.7229,30.1782,0.8885,0.0235,38.9515,1
452,56745699322298,56745703506627,56745704590687,56745704592631,56745735198666,56745736160058,56745736184614,722576798,4.1843,1.0841,30.6060,0.9614,0.0246,36.8623,1
453,56745743499399,56745747130467,56745747970952,56745747972156,56745778732913,56745779607675,56745779630268,2814971360,3.6311,0.8405,30.7608,0.8748,0.0226,36.1309,1
454,56745816714381,56745821063045,56745821941604,56745821943585,56745852034340,56745852901362,56745852924269,2814971360,4.3487,0.8786,30.0908,0.8670,0.0229,36.2099,1
455,56745895577180,56745900120159,56745901149792,56745901151496,56745931729105,56745932663386,56745932687553,4148536769,4.5430,1.0296,30.5776,0.9343,0.0242,37.1104,1
456,56745941524491,56745945858211,56745946818695,56745946820103,56745978126918,56745979040606,56745979063717,1361417941,4.3337,0.9605,31.3068,0.9137,0.0231,37.5392,1
457,56746006628519,56746010904590,56746012073168,56746012074946,56746042375813,56746043242982,56746043265927,2746070372,4.2761,1.1686,30.3009,0.8672,0.0229,36.6374,1
458,56746082821086,56746087539232,56746088934126,56746088935774,56746120725313,56746121689595,56746121713317,991754432,4.7181,1.3949,31.7895,0.9643,0.0237,38.8922,1
459,56746116129279,56746125455738,56746126093573,56746126094832,56746156265125,56746157134054,56746157156443,2753259257,9.3265,0.6378,30.1703,0.8689,0.0224,41.0272,1
460,56746207081213,56746211435950,56746212915919,56746212917993,56746244875458,56746246215611,56746246239556,2545311779,4.3547,1.4800,31.9575,1.3402,0.0239,39.1583,1
461,56746241611132,56746249423752,56746250153070,56746250153940,56746280657733,56746281523348,56746281547033,2545311779,7.8126,0.7293,30.5038,0.8656,0.0237,39.9359,1
462,56746322287122,56746327143825,56746327761679,56746327762456,56746358212528,56746359130235,56746359154420,2716882228,4.8567,0.6179,30.4501,0.9177,0.0242,36.8673,1
463,56746361104816,56746364510772,56746365663165,56746365666739,56746396799331,56746397717835,56746397740187,3263282306,3.4060,1.1524,31.1326,0.9185,0.0224,36.6354,1
464,56746426806697,56746431186676,56746431750733,56746431751678,56746464075589,56746464942277,56746464964925,2854461139,4.3800,0.5641,32.3239,0.8667,0.0226,38.1582,1
465,56746497322355,56746502051724,56746502606892,56746502607726,56746532617869,56746533492224,56746533514243,2219869993,4.7294,0.5552,30.0101,0.8744,0.0220,36.1919,1
466,56746579139220,56746585506020,56746586150634,56746586152023,56746621444370,56746622792394,56746622823468,1444539620,6.3668,0.6446,35.2923,1.3480,0.0311,43.6842,1
467,56746611195149,56746627336539,56746628079116,56746628080209,56746658538891,56746659465709,56746659489765,1444539620,16.1414,0.7426,30.4587,0.9268,0.0241,48.2946,1
468,56746672053124,56746676294250,56746677234772,56746677235809,56746707906418,56746708833514,56746708861977,3884532112,4.2411,0.9405,30.6706,0.9271,0.0285,36.8089,1
469,56746741800020,56746745758608,56746746371666,56746746372814,56746776650570,56746777516462,56746777538943,1737886259,3.9586,0.6131,30.2778,0.8659,0.0225,35.7389,1
470,56746830685280,56746834886610,56746835495594,56746835496631,56746867585208,56746868699712,56746868723156,1984344102,4.2013,0.6090,32.0886,1.1145,0.0234,38.0379,1
471,56746885969477,56746891802812,56746892394648,56746892395426,56746923588351,56746924512780,56746924536632,1984344102,5.8333,0.5918,31.1929,0.9244,0.0239,38.5672,1
472,56746916580975,56746928070589,56746928648832,56746928649832,56746959034755,56746959956166,56746959979721,1984344102,11.4896,0.5782,30.3849,0.9214,0.0236,43.3987,1
473,56746978556695,56746981771188,56746982719413,56746982720469,56747013028132,56747013931043,56747013954191,1984344102,3.2145,0.9482,30.3077,0.9029,0.0231,35.3975,1
474,56747043518203,56747048411943,56747048948537,56747048949334,56747079426516,56747080319038,56747080341445,1984344102,4.8937,0.5366,30.4772,0.8925,0.0224,36.8232,1
475,56747110370182,56747115461570,56747116707056,56747116708482,56747147479758,56747148590854,56747148615225,1622888971,5.0914,1.2455,30.7713,1.1111,0.0244,38.2450,1
476,56747172472736,56747176542250,56747177530513,56747177532402,56747207870732,56747208751327,56747208773920,1622888971,4.0695,0.9883,30.3383,0.8806,0.0226,36.3012,1
477,56747243208894,56747247617929,56747248756247,56747248757655,56747279518635,56747280534416,56747280562046,1622888971,4.4090,1.1383,30.7610,1.0158,0.0276,37.3532,1
478,56747290702656,56747294802541,56747295453821,56747295454895,56747325848873,56747326850173,56747326873266,1622888971,4.0999,0.6513,30.3940,1.0013,0.0231,36.1706,1
479,56747355855313,56747359443604,56747360159791,56747360160810,56747390599085,56747391538884,56747391562088,1622888971,3.5883,0.7162,30.4383,0.9398,0.0232,35.7068,1
480,56747419152371,56747423723277,56747424570594,56747424571835,56747455210962,56747456160466,56747456182892,1622888971,4.5709,0.8473,30.6391,0.9495,0.0224,37.0305,1
481,56747480149533,56747484843697,56747485501755,56747485502829,56747516177364,56747517143516,56747517166294,1622888971,4.6942,0.6581,30.6745,0.9662,0.0228,37.0168,1
482,56747542587032,56747547662828,56747548392331,56747548393590,56747578431271,56747579295200,56747579318218,1622888971,5.0758,0.7295,30.0377,0.8639,0.0230,36.7312,1
483,56747619537454,56747622864614,56747623234930,56747623235708,56747654323892,56747655230821,56747655253173,2781402608,3.3272,0.3703,31.0882,0.9069,0.0224,35.7157,1
484,56747669327057,56747674073629,56747674668983,56747674669761,56747704848183,56747705707427,56747705730538,1377535728,4.7466,0.5954,30.1784,0.8592,0.0231,36.4035,1
485,56747745750069,56747751291070,56747752023573,56747752024776,56747782310477,56747783206443,56747783229776,441523647,5.5410,0.7325,30.2857,0.8960,0.0233,37.4797,1
486,56747792517383,56747796298452,56747797254715,56747797256141,56747827929065,56747828849938,56747828876290,441523647,3.7811,0.9563,30.6729,0.9209,0.0264,36.3589,1
487,56747850766942,56747854973550,56747855540848,56747855541589,56747886579977,56747887480424,56747887503869,441523647,4.2066,0.5673,31.0384,0.9004,0.0234,36.7369,1
488,56747913012052,56747916805492,56747917897866,56747917898903,56747948573864,56747949482608,56747949506460,441523647,3.7934,1.0924,30.6750,0.9087,0.0239,36.4944,1
489,56747978397414,56747982642633,56747983776711,56747983777804,56748014168893,56748015082970,56748015105656,441523647,4.2452,1.1341,30.3911,0.9141,0.0227,36.7082,1
490,56748041131989,56748045023095,56748046454508,56748046455767,56748077206395,56748078113713,56748078136787,441523647,3.8911,1.4314,30.7506,0.9073,0.0231,37.0048,1
491,56748104475510,56748108323746,56748109440824,56748109444084,56748139666395,56748140553305,56748140576102,441523647,3.8482,1.1171,30.2223,0.8869,0.0228,36.1006,1
492,56748182155453,56748186813340,56748187441157,56748187442231,56748218980825,56748219917032,56748219940180,3422449388,4.6579,0.6278,31.5386,0.9362,0.0231,37.7847,1
493,56748244637490,56748249817805,56748250375233,56748250376177,56748280827341,56748281819159,56748281841548,3307622178,5.1803,0.5574,30.4512,0.9918,0.0224,37.2041,1
494,56748287662032,56748291979288,56748292658512,56748292659735,56748322988898,56748323848327,56748323871216,1402069915,4.3173,0.6792,30.3292,0.8594,0.0229,36.2092,1
495,56748381316865,56748385521324,56748386215363,56748386216252,56748417027436,56748417937328,56748417960550,1091486733,4.2045,0.6940,30.8112,0.9099,0.0232,36.6437,1
496,56748425551596,56748429546351,56748430343242,56748430344354,56748460996129,56748461915447,56748461939614,328990708,3.9948,0.7969,30.6518,0.9193,0.0242,36.3880,1
497,56748480496717,56748484763010,56748485621994,56748485622883,56748515974473,56748516912291,56748516935365,328990708,4.2663,0.8590,30.3516,0.9378,0.0231,36.4386,1
498,56748535932581,56748539777465,56748540778394,56748540779653,56748571457170,56748572363877,56748572386858,1263361992,3.8449,1.0009,30.6775,0.9067,0.0230,36.4543,1
499,56748616280588,56748620276195,56748621283625,56748621285477,56748652044623,56748652959867,56748652983441,1050021535,3.9956,1.0074,30.7591,0.9152,0.0236,36.7029,1
500,56748661624990,56748665705227,56748666315377,56748666316062,56748696599818,56748697465192,56748697488655,1050021535,4.0802,0.6101,30.2838,0.8654,0.0235,35.8637,1
501,56748754488246,56748758169815,56748758840391,56748758841373,56748790251003,56748791351951,56748791386025,2302990848,3.6816,0.6706,31.4096,1.1009,0.0341,36.8978,1
502,56748801631729,56748805617632,56748806443894,56748806445190,56748837172577,56748838093062,56748838116747,3286698442,3.9859,0.8263,30.7274,0.9205,0.0237,36.4850,1
503,56748853635284,56748858286522,56748858914821,56748858915821,56748888942335,56748889809616,56748889832727,1318664787,4.6512,0.6283,30.0265,0.8673,0.0231,36.1974,1
504,56748941301799,56748945656426,56748946570244,56748946571318,56748978392246,56748979274138,56748979297749,3045115656,4.3546,0.9138,31.8209,0.8819,0.0236,37.9960,1
505,56748971691314,56748982287648,56748982973243,56748982974336,56749013045295,56749013902261,56749013925057,963567563,10.5963,0.6856,30.0710,0.8570,0.0228,42.2337,1
506,56749086522463,56749092841875,56749093823785,56749093826248,56749126137752,56749127112015,56749127135422,4177481206,6.3194,0.9819,32.3115,0.9743,0.0234,40.6130,1
507,56749121097419,56749130557786,56749131205863,56749131207252,56749161897583,56749162832142,56749162855753,4177481206,9.4604,0.6481,30.6903,0.9346,0.0236,41.7583,1
508,56749167596825,56749172372620,56749172935252,56749172936215,56749203138415,56749204115288,56749204138844,879041018,4.7758,0.5626,30.2022,0.9769,0.0236,36.5420,1
509,56749215565014,56749219728770,56749220729422,56749220733403,56749251045622,56749251971588,56749251993996,1501473669,4.1638,1.0007,30.3122,0.9260,0.0224,36.4290,1
510,56749281213488,56749287823179,56749288542274,56749288543292,56749319174031,56749320053571,56749320076201,625568119,6.6097,0.7191,30.6307,0.8795,0.0226,38.8627,1
511,56749365352047,56749368942337,56749370009082,56749370010193,56749402802883,56749403941221,56749403973258,2145338054,3.5903,1.0667,32.7927,1.1383,0.0320,38.6212,1
512,56749403831813,56749407853309,56749408654978,56749408655960,56749439422217,56749440361258,56749440384869,207910516,4.0215,0.8017,30.7663,0.9390,0.0236,36.5531,1
513,56749469918826,56749473943803,56749474905158,56749474906640,56749505297562,56749506169288,56749506192436,2512150582,4.0250,0.9614,30.3909,0.8717,0.0231,36.2736,1
514,56749540235872,56749543860607,56749544809370,56749544810721,56749576354630,56749577349782,56749577373782,1966967680,3.6247,0.9488,31.5439,0.9952,0.0240,37.1379,1
515,56749587667263,56749591986648,56749593557450,56749593561987,56749624321078,56749625234415,56749625257878,902259992,4.3194,1.5708,30.7591,0.9133,0.0235,37.5906,1
516,56749656116395,56749660422984,56749661193413,56749661194302,56749691477428,56749692371875,56749692394283,1964462745,4.3066,0.7704,30.2831,0.8944,0.0224,36.2779,1
517,56749743815892,56749747967166,56749749617005,56749749618449,56749780088446,56749781015950,56749781039413,1336942340,4.1513,1.6498,30.4700,0.9275,0.0235,37.2235,1
518,56749787827567,56749792880955,56749793495476,56749793496550,56749823901028,56749824857643,56749824881309,2031861427,5.0534,0.6145,30.4045,0.9566,0.0237,37.0537,1
519,56749833248043,56749837918171,56749838461469,56749838462376,56749868978188,56749869879266,56749869902469,1476150936,4.6701,0.5433,30.5158,0.9011,0.0232,36.6544,1
520,56749900560689,56749904473518,56749905980875,56749905985412,56749936488058,56749937353024,56749937375839,473961197,3.9128,1.5074,30.5026,0.8650,0.0228,36.8152,1
521,56749995840158,56750000994472,56750001673827,56750001674567,56750032032323,56750032958438,56750032981567,3349094889,5.1543,0.6794,30.3578,0.9261,0.0231,37.1414,1
522,56750040132371,56750044267367,56750045168000,56750045168926,56750075725219,56750076656037,56750076679556,4181672762,4.1350,0.9006,30.5563,0.9308,0.0235,36.5472,1
523,56750089609769,56750093527968,56750094723620,56750094724954,56750124926968,56750125796082,56750125818916,3640139747,3.9182,1.1957,30.2020,0.8691,0.0228,36.2091,1
524,56750183075971,56750187960118,56750189008344,56750189009363,56750220214863,56750222187499,56750222219314,734836366,4.8841,1.0482,31.2055,1.9726,0.0318,39.1433,1
525,56750217562149,56750225723493,56750226558070,56750226559015,56750257075882,56750258043738,56750258067497,4010491611,8.1613,0.8346,30.5169,0.9679,0.0238,40.5053,1
526,56750295593390,56750299754664,56750300838353,56750300840445,56750331341628,56750333092171,56750333143486,4010491611,4.1613,1.0837,30.5012,1.7505,0.0513,37.5501,1
527,56750334884122,56750339378156,56750339902121,56750339902880,56750370423822,56750371413826,56750371437270,4010491611,4.4940,0.5240,30.5209,0.9900,0.0234,36.5531,1
528,56750393939461,56750397790086,56750398490903,56750398492274,56750429855015,56750430729185,56750430752574,4022101870,3.8506,0.7008,31.3627,0.8742,0.0234,36.8131,1
529,56750465506568,56750469524878,56750470521937,56750470523197,56750500925638,56750501901734,56750501927364,3249578012,4.0183,0.9971,30.4024,0.9761,0.0256,36.4208,1
530,56750521841434,56750525706170,56750526934693,56750526937008,56750557439931,56750558598861,56750558627269,4206373806,3.8647,1.2285,30.5029,1.1589,0.0284,36.7858,1
531,56750579863215,56750585201141,56750585884421,56750585885495,56750616494271,56750617605367,56750617633053,4206373806,5.3379,0.6833,30.6088,1.1111,0.0277,37.7698,1
532,56750667300970,56750672031376,56750672826490,56750672827841,56750704316935,56750705626810,56750705654106,4206373806,4.7304,0.7951,31.4891,1.3099,0.0273,38.3531,1
533,56750713635783,56750718784746,56750719451248,56750719452322,56750750223376,56750751341843,56750751369213,4206373806,5.1490,0.6665,30.7711,1.1185,0.0274,37.7334,1
534,56750772966438,56750779606721,56750780669095,56750780671058,56750811749798,56750813075099,56750813101859,4206373806,6.6403,1.0624,31.0787,1.3253,0.0268,40.1354,1
535,56750831415738,56750838193096,56750838725098,56750838726246,56750869626541,56750870783471,56750870811212,4206373806,6.7774,0.5320,30.9003,1.1569,0.0277,39.3955,1
536,56750896437173,56750902326787,56750902944159,56750902944937,56750933567601,56750934922236,56750934951680,4206373806,5.8896,0.6174,30.6227,1.3546,0.0294,38.5145,1
537,56750962177055,56750966671460,56750967377388,56750967379574,56750999134594,56751000317246,56751000345506,4206373806,4.4944,0.7059,31.7550,1.1827,0.0283,38.1685,1
538,56751017220362,56751022180731,56751022906456,56751022907660,56751053145804,56751054208215,56751054234123,4206373806,4.9604,0.7257,30.2381,1.0624,0.0259,37.0138,1
539,56751119004742,56751125198375,56751126487435,56751126489991,56751157976010,56751159172255,56751159201440,1142067088,6.1936,1.2891,31.4860,1.1962,0.0292,40.1967,1
540,56751148489014,56751163664049,56751164153884,56751164155051,56751194798789,56751195904126,56751195931312,2179668570,15.1750,0.4898,30.6437,1.1053,0.0272,47.4423,1
541,56751229686765,56751236101195,56751236674827,56751236675882,56751270086723,56751271942730,56751271982267,2179668570,6.4144,0.5736,33.4108,1.8560,0.0395,42.2955,1
542,56751268688200,56751276610321,56751277136286,56751277137137,56751308394249,56751309683401,56751309710698,2179668570,7.9221,0.5260,31.2571,1.2892,0.0273,41.0225,1
543,56751329892751,56751334109840,56751335128769,56751335130251,56751365791138,56751366928420,56751366954753,2179668570,4.2171,1.0189,30.6609,1.1373,0.0263,37.0620,1
544,56751392241417,56751397081693,56751397732140,56751397733214,56751428322045,56751429549698,56751429577420,2179668570,4.8403,0.6504,30.5888,1.2277,0.0277,37.3360,1
545,56751457215203,56751462104906,56751462737056,56751462738353,56751493354184,56751494453595,56751494480502,2179668570,4.8897,0.6321,30.6158,1.0994,0.0269,37.2653,1
546,56751519182072,56751524273960,56751525042500,56751525043852,56751555856184,56751556998762,56751557025854,2179668570,5.0919,0.7685,30.8123,1.1426,0.0271,37.8438,1
547,56751573573765,56751578802932,56751579427953,56751579428823,56751610040302,56751611101954,56751611127750,2179668570,5.2292,0.6250,30.6115,1.0617,0.0258,37.5540,1
548,56751672737395,56751678147544,56751679008992,56751679010492,56751712038739,56751713756819,56751713787652,4127692295,5.4101,0.8614,33.0282,1.7181,0.0308,41.0503,1
549,56751709665915,56751718018501,56751718808781,56751718810318,56751749033648,56751750048281,56751750073578,4127692295,8.3526,0.7903,30.2233,1.0146,0.0253,40.4077,1
550,56751779808294,56751784357885,56751785254054,56751785255684,56751816227776,56751817400484,56751817427298,450156644,4.5496,0.8962,30.9721,1.1727,0.0268,37.6190,1
551,56751819047026,56751826755480,56751827370575,56751827371649,56751858433092,56751859513800,56751859550152,450156644,7.7085,0.6151,31.0614,1.0807,0.0364,40.5031,1
552,56751881142025,56751886151302,56751886856619,56751886857693,56751917534691,56751918602047,56751918630714,450156644,5.0093,0.7053,30.6770,1.0674,0.0287,37.4887,1
553,56751947930744,56751953328874,56751954009191,56751954010506,56751984809412,56751985968305,56751985995583,450156644,5.3981,0.6803,30.7989,1.1589,0.0273,38.0648,1
554,56752008838849,56752014367239,56752015359354,56752015360650,56752046488650,56752047601635,56752047628524,450156644,5.5284,0.9921,31.1280,1.1130,0.0269,38.7897,1
555,56752069551658,56752074463212,56752075083511,56752075084455,56752105758768,56752106865772,56752106892401,450156644,4.9116,0.6203,30.6743,1.1070,0.0266,37.3407,1
556,56752133624015,56752139047793,56752139682833,56752139684277,56752170550609,56752171629409,56752171656354,450156644,5.4238,0.6350,30.8663,1.0788,0.0269,38.0323,1
557,56752202286074,56752207191869,56752208196965,56752208198706,56752239096945,56752240190153,56752240217135,921998503,4.9058,1.0051,30.8982,1.0932,0.0270,37.9311,1
558,56752294102159,56752299859587,56752301253296,56752301256963,56752333665652,56752334935286,56752334964953,3256254043,5.7574,1.3937,32.4087,1.2696,0.0297,40.8628,1
559,56752325906495,56752340415120,56752340899252,56752340900141,56752371486472,56752372584790,56752372610901,3256254043,14.5086,0.4841,30.5863,1.0983,0.0261,46.7044,1
560,56752390605039,56752395182852,56752395864503,56752395865447,56752426932965,56752428104247,56752428133284,1978206056,4.5778,0.6817,31.0675,1.1713,0.0290,37.5282,1
561,56752454848638,56752459465081,56752460304435,56752460305528,56752492178401,56752493343553,56752493371683,45832213,4.6164,0.8394,31.8729,1.1652,0.0281,38.5230,1
562,56752541355223,56752548200322,56752548920547,56752548921602,56752580125639,56752581105068,56752581128957,1412234678,6.8451,0.7202,31.2040,0.9794,0.0239,39.7737,1
563,56752570335438,56752583848652,56752584416043,56752584417136,56752615762877,56752616652584,56752616675417,1412234678,13.5132,0.5674,31.3457,0.8897,0.0228,46.3400,1
564,56752653615215,56752659020438,56752659550921,56752659551662,56752691092774,56752692034796,56752692059278,4121941882,5.4052,0.5305,31.5411,0.9420,0.0245,38.4441,1
565,56752697973947,56752702431481,56752703118484,56752703119298,56752733546758,56752734465873,56752734489725,612647441,4.4575,0.6870,30.4275,0.9191,0.0239,36.5158,1
566,56752761463098,56752765652484,56752766291875,56752766292912,56752796661464,56752797533264,56752797556245,612647441,4.1894,0.6394,30.3686,0.8718,0.0230,36.0931,1
567,56752847756201,56752854432484,56752855482155,56752855483692,56752886228912,56752887149730,56752887178249,2610455256,6.6763,1.0497,30.7452,0.9208,0.0285,39.4220,1
568,56752893999088,56752899041254,56752899607626,56752899608367,56752930380717,56752931268183,56752931291424,1566719685,5.0422,0.5664,30.7723,0.8875,0.0232,37.2923,1
569,56752956880163,56752960933622,56752962025885,56752962027515,56752993187811,56752994108277,56752994138074,485182544,4.0535,1.0923,31.1603,0.9205,0.0298,37.2579,1
570,56753009624240,56753013954014,56753014713554,56753014714610,56753044959273,56753045834609,56753045857017,2808792282,4.3298,0.7595,30.2447,0.8753,0.0224,36.2328,1
571,56753091909662,56753096383178,56753097426533,56753097427996,56753129929390,56753130820671,56753130843985,3924433850,4.4735,1.0434,32.5014,0.8913,0.0233,38.9343,1
572,56753123544960,56753134172960,56753134761296,56753134762111,56753165265849,56753166273315,56753166295852,885190275,10.6280,0.5883,30.5037,1.0075,0.0225,42.7509,1
573,56753185656143,56753190141270,56753191024273,56753191026088,56753221748364,56753222713108,56753222736571,973667727,4.4851,0.8830,30.7223,0.9647,0.0235,37.0804,1
574,56753282519284,56753287828932,56753290407571,56753290409349,56753323162910,56753324312914,56753324337266,2319644581,5.3096,2.5786,32.7536,1.1500,0.0244,41.8180,1
575,56753313954877,56753327090331,56753327491184,56753327491777,56753358912055,56753359826114,56753359855003,361355359,13.1355,0.4009,31.4203,0.9141,0.0289,45.9001,1
576,56753382131805,56753386696895,56753387554935,56753387556342,56753417924210,56753418790342,56753418813028,361355359,4.5651,0.8580,30.3679,0.8661,0.0227,36.6812,1
577,56753464784265,56753470677397,56753471181417,56753471182140,56753501753656,56753502688067,56753502711900,1255621646,5.8931,0.5040,30.5715,0.9344,0.0238,37.9276,1
578,56753506396246,56753510921151,56753511576024,56753511576857,56753543266840,56753544200621,56753544225085,247500119,4.5249,0.6549,31.6900,0.9338,0.0245,37.8288,1
579,56753578596818,56753582985870,56753583650688,56753583651651,56753614184629,56753615093985,56753615117188,225744215,4.3891,0.6648,30.5330,0.9094,0.0232,36.5204,1
580,56753620019650,56753624155813,56753625331225,56753625332688,56753655619240,56753656505261,56753656528761,687622493,4.1362,1.1754,30.2866,0.8860,0.0235,36.5091,1
581,56753686095033,56753690372641,56753691562979,56753691565682,56753721835623,56753722703626,56753722726441,2446518725,4.2776,1.1903,30.2699,0.8680,0.0228,36.6314,1
582,56753774947701,56753779241920,56753780732333,56753780738370,56753814246785,56753815140548,56753815163937,927120933,4.2942,1.4904,33.5084,0.8938,0.0234,40.2162,1
583,56753808993637,56753818243540,56753818883820,56753818884709,56753849626170,56753850537081,56753850559451,927120933,9.2499,0.6403,30.7415,0.9109,0.0224,41.5658,1
584,56753881364209,56753885867873,56753886726246,56753886727469,56753917743727,56753918839879,56753918865620,127157718,4.5037,0.8584,31.0163,1.0962,0.0257,37.5014,1
585,56753929560899,56753934199952,56753934889695,56753934890510,56753965259100,56753966169010,56753966194325,1900595442,4.6391,0.6897,30.3686,0.9099,0.0253,36.6334,1
586,56753987268122,56753991346989,56753992574086,56753992575456,56754023097731,56754024100364,56754024124161,3147190584,4.0789,1.2271,30.5223,1.0026,0.0238,36.8560,1
587,56754049440103,56754053887396,56754054915918,56754054919493,56754085313749,56754086177270,56754086200733,1669372693,4.4473,1.0285,30.3943,0.8635,0.0235,36.7606,1
588,56754142147599,56754146098354,56754147268099,56754147269469,56754178025689,56754178915989,56754178938822,69962243,3.9508,1.1697,30.7562,0.8903,0.0228,36.7912,1
589,56754211268030,56754216856994,56754218048795,56754218050054,56754250035908,56754251046967,56754251071375,69962243,5.5890,1.1918,31.9859,1.0111,0.0244,39.8033,1
590,56754241985972,56754254209349,56754254705740,56754254706592,56754285122107,56754286204815,56754286227907,69962243,12.2234,0.4964,30.4155,1.0827,0.0231,44.2419,1
591,56754293825453,56754297970431,56754299122490,56754299124416,56754331497328,56754332694591,56754332720165,817692607,4.1450,1.1521,32.3729,1.1973,0.0256,38.8947,1
592,56754356659602,56754361224081,56754361894399,56754361895732,56754392265840,56754393332992,56754393355881,817692607,4.5645,0.6703,30.3701,1.0672,0.0229,36.6963,1
593,56754416851816,56754420668441,56754421426758,56754421427851,56754451944589,56754453044111,56754453067278,817692607,3.8166,0.7583,30.5167,1.0995,0.0232,36.2155,1
594,56754477084308,56754481602046,56754482260956,56754482262049,56754512639286,56754513702772,56754513725309,817692607,4.5177,0.6589,30.3772,1.0635,0.0225,36.6410,1
595,56754541050924,56754545172420,56754545925460,56754545926627,56754576312513,56754577291683,56754577314590,817692607,4.1215,0.7530,30.3859,0.9792,0.0229,36.2637,1
596,56754602877385,56754606829991,56754607661772,56754607663531,56754638257548,56754639132847,56754639155643,817692607,3.9526,0.8318,30.5940,0.8753,0.0228,36.2783,1
597,56754696571199,56754700673473,56754701453809,56754701454680,56754732077992,56754732996940,56754733020681,2821716080,4.1023,0.7803,30.6233,0.9189,0.0237,36.4495,1
598,56754741731156,56754745886986,56754747100546,56754747102064,56754777416894,56754778322397,56754778346009,3112005353,4.1558,1.2136,30.3148,0.9055,0.0236,36.6149,1
599,56754809191248,56754813597152,56754814543823,56754814545174,56754845115857,56754846032175,56754846054953,1641800978,4.4059,0.9467,30.5707,0.9163,0.0228,36.8637,1
600,56754852303475,56754856359471,56754857233845,56754857234771,56754887626064,56754888510882,56754888533252,2811339422,4.0560,0.8744,30.3913,0.8848,0.0224,36.2298,1
601,56754929755251,56754933762728,56754934737620,56754934738694,56754965501581,56754966427251,56754966450455,3628470151,4.0075,0.9749,30.7629,0.9257,0.0232,36.6952,1
602,56754978361257,56754983578812,56754984177426,56754984178296,56755014493533,56755015363962,56755015386944,151491608,5.2176,0.5986,30.3152,0.8704,0.0230,37.0257,1
603,56755070752233,56755074545488,56755075323990,56755075325953,56755106236693,56755107122714,56755107145233,759039375,3.7933,0.7785,30.9107,0.8860,0.0225,36.3930,1
604,56755119778908,56755123659181,56755124991945,56755124995093,56755155886832,56755156848002,56755156871354,3491133511,3.8803,1.3328,30.8917,0.9612,0.0234,37.0924,1
605,56755164864290,56755168851619,56755170153420,56755170154864,56755200841622,56755201700403,56755201723421,2529142087,3.9873,1.3018,30.6868,0.8588,0.0230,36.8591,1
606,56755253353716,56755257659287,56755258705235,56755258706531,56755289250103,56755290183328,56755290209069,1412264220,4.3056,1.0459,30.5436,0.9332,0.0257,36.8554,1
607,56755312909242,56755316861682,56755317766278,56755317769686,56755350589210,56755351509157,56755351532343,337748442,3.9524,0.9046,32.8195,0.9199,0.0232,38.6231,1
608,56755344160965,56755354523001,56755355273615,56755355274597,56755386413559,56755387313803,56755387479767,104698220,10.3620,0.7506,31.1390,0.9002,0.1660,43.3188,1
609,56755411242796,56755415650478,56755416811445,56755416813167,56755447118238,56755447982463,56755448021834,758964241,4.4077,1.1610,30.3051,0.8642,0.0394,36.7790,1
610,56755488097236,56755492386029,56755493575459,56755493576885,56755523899085,56755524820329,56755524843588,4154491572,4.2888,1.1894,30.3222,0.9212,0.0233,36.7464,1
611,56755533556249,56755537590023,56755538366155,56755538367155,56755568426817,56755569294209,56755569316617,1157858170,4.0338,0.7761,30.0597,0.8674,0.0224,35.7604,1
612,56755625473020,56755630888984,56755631823858,56755631825302,56755663306488,56755664954938,56755664982883,2281578071,5.4160,0.9349,31.4812,1.6484,0.0279,39.5099,1
613,56755660409422,56755668579655,56755669047842,56755669048453,56755699373116,56755700273879,56755700295953,2281578071,8.1702,0.4682,30.3247,0.9008,0.0221,39.8865,1
614,56755732356715,56755736716564,56755737589863,56755737590863,56755767887508,56755768817437,56755768841622,1846300159,4.3598,0.8733,30.2966,0.9299,0.0242,36.4849,1
615,56755779038714,56755783068080,56755784436345,56755784438659,56755815229491,56755816146531,56755816171606,3988740180,4.0294,1.3683,30.7908,0.9170,0.0251,37.1329,1
616,56755847371698,56755851246767,56755851599880,56755851600491,56755883732716,56755884672571,56755884695960,1402530135,3.8751,0.3531,32.1322,0.9399,0.0234,37.3243,1
617,56755922005760,56755927119852,56755927720539,56755927721261,56755958487630,56755959524893,56755959548041,2856356498,5.1141,0.6007,30.7664,1.0373,0.0231,37.5423,1
618,56755967759904,56755971634825,56755973076367,56755973077923,56756003745291,56756004697905,56756004726202,2341904975,3.8749,1.4415,30.6674,0.9526,0.0283,36.9663,1
619,56756028217674,56756032529375,56756033474434,56756033475767,56756063830949,56756064714248,56756064737063,3590215638,4.3117,0.9451,30.3552,0.8833,0.0228,36.5194,1
620,56756107947254,56756111617674,56756113304421,56756113308884,56756144146568,56756145222831,56756145246813,2253476840,3.6704,1.6867,30.8377,1.0763,0.0240,37.2996,1
621,56756149660402,56756154335623,56756155056829,56756155058607,56756186077161,56756186988109,56756187011405,2905620581,4.6752,0.7212,31.0186,0.9109,0.0233,37.3510,1
622,56756213261499,56756216966845,56756218489721,56756218492832,56756248959237,56756250035130,56756250057574,2144727718,3.7053,1.5229,30.4664,1.0759,0.0224,36.7961,1
623,56756286839038,56756291278239,56756292076705,56756292078186,56756322750462,56756323738836,56756323762855,2036285965,4.4392,0.7985,30.6723,0.9884,0.0240,36.9238,1
624,56756333095388,56756339037576,56756340075690,56756340077394,56756370846318,56756371725581,56756371748822,2337713076,5.9422,1.0381,30.7689,0.8793,0.0232,38.6534,1
625,56756402119022,56756406087795,56756407034317,56756407036243,56756437682241,56756438615967,56756438640763,3224794584,3.9688,0.9465,30.6460,0.9337,0.0248,36.5217,1
626,56756496377135,56756502336638,56756503012640,56756503013696,56756533217155,56756534186418,56756534209714,1055467415,5.9595,0.6760,30.2035,0.9693,0.0233,37.8326,1
627,56756541995168,56756546809814,56756547494928,56756547495928,56756577799406,56756578721076,56756578743687,798138043,4.8146,0.6851,30.3035,0.9217,0.0226,36.7485,1
628,56756580319082,56756583989058,56756586311362,56756586312529,56756616767156,56756617642862,56756617665937,1060491321,3.6700,2.3223,30.4546,0.8757,0.0231,37.3469,1
629,56756677392519,56756682189055,56756683020021,56756683021150,56756716231991,56756717636477,56756717661755,3990377593,4.7965,0.8310,33.2108,1.4045,0.0253,40.2692,1
630,56756715206376,56756721717436,56756722331235,56756722332198,56756752498601,56756753357252,56756753380808,3751966096,6.5111,0.6138,30.1664,0.8587,0.0236,38.1744,1
631,56756802562964,56756805883235,56756807153203,56756807155055,56756838591296,56756841755270,56756841797530,4136797337,3.3203,1.2700,31.4362,3.1640,0.0423,39.2346,1
632,56756841054935,56756846556491,56756847395513,56756847398124,56756878504920,56756879376608,56756879399793,4136797337,5.5016,0.8390,31.1068,0.8717,0.0232,38.3449,1
633,56756909423196,56756913541433,56756914796252,56756914797197,56756945385380,56756946452087,56756946474939,2526708942,4.1182,1.2548,30.5882,1.0667,0.0229,37.0517,1
634,56756956055492,56756959554578,56756961034102,56756961035861,56756991865767,56756992886604,56756992909826,1706088721,3.4991,1.4795,30.8299,1.0208,0.0232,36.8543,1
635,56757015673426,56757019688033,56757020826888,56757020829185,56757051479109,56757052613835,56757052713465,1477422834,4.0146,1.1389,30.6499,1.1347,0.0996,37.0400,1
636,56757078223759,56757082185273,56757083365055,56757083366278,56757114296036,56757115237132,56757115261484,1324918454,3.9615,1.1798,30.9298,0.9411,0.0244,37.0377,1
637,56757170043493,56757174114989,56757174939714,56757174940973,56757205601897,56757206611197,56757206634475,1681914769,4.0715,0.8247,30.6609,1.0093,0.0233,36.5910,1
638,56757211756086,56757216153676,56757217118772,56757217120309,56757247431231,56757248465809,56757248492272,3756118450,4.3976,0.9651,30.3109,1.0346,0.0265,36.7362,1
639,56757262013320,56757266012816,56757267031468,56757267033431,56757297918707,56757298806173,56757298832247,3155905058,3.9995,1.0187,30.8853,0.8875,0.0261,36.8189,1
640,56757331061769,56757335019080,56757336110046,56757336112843,56757366945989,56757367808937,56757367831307,2852455807,3.9573,1.0910,30.8331,0.8629,0.0224,36.7695,1
641,56757416884186,56757421442387,56757422376890,56757422377927,56757453049314,56757453959225,56757453984373,1385933377,4.5582,0.9345,30.6714,0.9099,0.0251,37.1002,1
642,56757474077019,56757478068940,56757479435760,56757479436982,56757511307855,56757513040064,56757513079194,1385933377,3.9919,1.3668,31.8709,1.7322,0.0391,39.0022,1
643,56757508547826,56757516784707,56757517742229,56757517743563,56757548379449,56757549646861,56757549673565,1385933377,8.2369,0.9575,30.6359,1.2674,0.0267,41.1257,1
644,56757570840696,56757575917047,56757576866717,56757576867921,56757608392866,56757609568111,56757609596630,1385933377,5.0764,0.9497,31.5249,1.1752,0.0285,38.7559,1
645,56757636385670,56757641516577,56757642448265,56757642449599,56757673028874,56757674097989,56757674120804,1385933377,5.1309,0.9317,30.5793,1.0691,0.0228,37.7351,1
646,56757698036833,56757702525275,56757703366834,56757703367982,56757733682479,56757734737445,56757734760390,3886030850,4.4884,0.8416,30.3145,1.0550,0.0229,36.7236,1
647,56757758046417,56757762216710,56757763244713,56757763246084,56757794165638,56757795161438,56757795184401,3886030850,4.1703,1.0280,30.9196,0.9958,0.0230,37.1380,1
648,56757819505765,56757823653817,56757825017285,56757825019563,56757855662468,56757856568823,56757856591619,3886030850,4.1481,1.3635,30.6429,0.9064,0.0228,37.0859,1
649,56757889362551,56757893554880,56757894569273,56757894570921,56757925068752,56757926147830,56757926172107,3886030850,4.1923,1.0144,30.4978,1.0791,0.0243,36.8096,1
650,56757948102408,56757952661924,56757953503649,56757953504686,56757983733331,56757984617204,56757984640408,1185170923,4.5595,0.8417,30.2286,0.8839,0.0232,36.5380,1
651,56758039250991,56758044578399,56758045735255,56758045736755,56758078483408,56758079439467,56758079463004,560178130,5.3274,1.1569,32.7467,0.9561,0.0235,40.2120,1
652,56758073102371,56758082587627,56758083378666,56758083379815,56758113706534,56758114567888,56758114590963,560178130,9.4853,0.7910,30.3267,0.8614,0.0231,41.4886,1
653,56758164984753,56758170681144,56758171837462,56758171839259,56758203468149,56758204494634,56758204518560,822937114,5.6964,1.1563,31.6289,1.0265,0.0239,39.5338,1
654,56758193735225,56758208365722,56758208907354,56758208908316,56758239252258,56758240187835,56758240211354,114668480,14.6305,0.5416,30.3439,0.9356,0.0235,46.4761,1
655,56758258126936,56758262674711,56758263568103,56758263569270,56758294009434,56758294878437,56758294901363,114668480,4.5478,0.8934,30.4402,0.8690,0.0229,36.7744,1
656,56758369744462,56758373194030,56758374219367,56758374223127,56758405676164,56758408215784,56758408291044,3234086267,3.4496,1.0253,31.4530,2.5396,0.0753,38.5466,1
657,56758407843190,56758412885097,56758414035194,56758414036675,56758444538839,56758445458139,56758445481972,3234086267,5.0419,1.1501,30.5022,0.9193,0.0238,37.6388,1
658,56758448753725,56758453915317,56758454475986,56758454476930,56758484859798,56758485771801,56758485798264,166377678,5.1616,0.5607,30.3829,0.9120,0.0265,37.0445,1
659,56758513437918,56758517977156,56758518640196,56758518641084,56758549494953,56758550594087,56758550618457,2694701080,4.5392,0.6630,30.8539,1.0991,0.0244,37.1805,1
660,56758562532963,56758566957738,56758567939834,56758567941056,56758598436516,56758599357112,56758599380964,2252630819,4.4248,0.9821,30.4955,0.9206,0.0239,36.8480,1
661,56758628297067,56758632462045,56758633613123,56758633614197,56758663828360,56758664765641,56758664788752,3276550239,4.1650,1.1511,30.2142,0.9373,0.0231,36.4917,1
662,56758690107120,56758694567747,56758695317787,56758695319213,56758725390023,56758726257175,56758726280008,2270932942,4.4606,0.7500,30.0708,0.8672,0.0228,36.1729,1
663,56758768697381,56758773354175,56758774056363,56758774057437,56758804835454,56758805740272,56758805763439,2672292630,4.6568,0.7022,30.7780,0.9048,0.0232,37.0661,1
664,56758813363503,56758817566129,56758818529854,56758818532447,56758848968333,56758849879744,56758849902207,423921082,4.2026,0.9637,30.4359,0.9114,0.0225,36.5387,1
665,56758876940099,56758881680153,56758882616268,56758882617434,56758912787949,56758913653415,56758913675230,3094143007,4.7401,0.9361,30.1705,0.8655,0.0218,36.7351,1
666,56758946553180,56758951012437,56758952135404,56758952136959,56758982843365,56758983707312,56758983730349,1191488941,4.4593,1.1230,30.7064,0.8639,0.0230,37.1772,1
667,56759028322489,56759033913213,56759034828087,56759034829475,56759066594366,56759067644888,56759067669944,2730375241,5.5907,0.9149,31.7649,1.0505,0.0251,39.3475,1
668,56759057927021,56759070920974,56759071376198,56759071376846,56759101630694,56759102518883,56759102542364,2730375241,12.9940,0.4552,30.2538,0.8882,0.0235,44.6153,1
669,56759133795031,56759138372325,56759139399421,56759139400699,56759171177497,56759172128464,56759172151779,820181549,4.5773,1.0271,31.7768,0.9510,0.0233,38.3567,1
670,56759186959553,56759191196846,56759191943367,56759191944349,56759222873255,56759223753258,56759224146389,3425775844,4.2373,0.7465,30.9289,0.8800,0.3931,37.1868,1
671,56759264079420,56759268401658,56759269100049,56759269102068,56759299912974,56759300854921,56759300878829,3509185342,4.3222,0.6984,30.8109,0.9419,0.0239,36.7994,1
672,56759308423708,56759311775497,56759313230614,56759313235336,56759343924538,56759345009967,56759345033893,248895864,3.3518,1.4551,30.6892,1.0854,0.0239,36.6102,1
673,56759367510492,56759371331191,56759372651121,56759372652492,56759403146859,56759404028214,56759404051288,4017197079,3.8207,1.3199,30.4944,0.8814,0.0231,36.5408,1
674,56759450872381,56759454944821,56759455911251,56759455912547,56759486397952,56759487398733,56759487492918,3823299345,4.0724,0.9664,30.4854,1.0008,0.0942,36.6205,1
675,56759502677584,56759507291341,56759507960343,56759507961713,56759538155895,56759539024435,56759539046991,2549185521,4.6138,0.6690,30.1942,0.8685,0.0226,36.3694,1
676,56759586017954,56759590008246,56759591285936,56759591289732,56759622897437,56759624164478,56759624192127,2628061346,3.9903,1.2777,31.6077,1.2670,0.0276,38.1742,1
677,56759633466993,56759637083710,56759638489955,56759638491418,56759669222213,56759670292457,56759670315754,2761289662,3.6167,1.4062,30.7308,1.0702,0.0233,36.8488,1
678,56759698695669,56759702814962,56759703754650,56759703755706,56759734246463,56759735506800,56759735529949,3272858347,4.1193,0.9397,30.4908,1.2603,0.0231,36.8343,1
679,56759741415303,56759745833226,56759747026601,56759747028156,56759777747136,56759778803788,56759778826658,2214498848,4.4179,1.1934,30.7190,1.0567,0.0229,37.4114,1
680,56759802591002,56759806311774,56759807761724,56759807765965,56759838446796,56759839313688,56759839336188,1656187590,3.7208,1.4500,30.6808,0.8669,0.0225,36.7452,1
681,56759882108211,56759886126317,56759887226451,56759887228118,56759918075024,56759919147342,56759919170453,1750373699,4.0181,1.1001,30.8469,1.0723,0.0231,37.0622,1
682,56759930225159,56759934375730,56759935357696,56759935360030,56759965840694,56759966909438,56759966931827,1750373699,4.1506,0.9820,30.4807,1.0687,0.0224,36.7067,1
683,56759994074887,56759998391402,56759999188497,56759999189682,56760029487679,56760030348330,56760030371053,791748875,4.3165,0.7971,30.2980,0.8607,0.0227,36.2962,1
684,56760077170145,56760081578346,56760082369867,56760082370886,56760113940572,56760115327225,56760115365392,3188234719,4.4082,0.7915,31.5697,1.3867,0.0382,38.1952,1
685,56760114651612,56760118847793,56760120676726,56760120677966,56760151244631,56760152191227,56760152217986,3188234719,4.1962,1.8289,30.5667,0.9466,0.0268,37.5664,1
686,56760182565612,56760187262277,56760187846261,56760187847168,56760219773467,56760220666415,56760220690044,2497967940,4.6967,0.5840,31.9263,0.8929,0.0236,38.1244,1
687,56760253884236,56760258110029,56760258940977,56760258942162,56760289702456,56760290800108,56760290825257,3664791729,4.2258,0.8309,30.7603,1.0977,0.0251,36.9410,1
688,56760301239275,56760305228363,56760306623016,56760306625220,56760336998495,56760337854850,56760337877294,3089144940,3.9891,1.3947,30.3733,0.8564,0.0224,36.6380,1
689,56760392684785,56760396257428,56760397500006,56760397501692,56760427984800,56760429058063,56760429080693,2867505251,3.5726,1.2426,30.4831,1.0733,0.0226,36.3959,1
690,56760439705101,56760443439410,56760445003879,56760445005601,56760475746729,56760476739844,56760476762936,1476626212,3.7343,1.5645,30.7411,0.9931,0.0231,37.0578,1
691,56760489063795,56760493870238,56760494479796,56760494480796,56760524713181,56760525588462,56760525611351,3482300049,4.8064,0.6096,30.2324,0.8753,0.0229,36.5476,1
692,56760567936390,56760572571055,56760573081964,56760573082797,56760603633536,56760604657021,56760604680706,700861479,4.6347,0.5109,30.5507,1.0235,0.0237,36.7443,1
693,56760619530851,56760623316087,56760624333794,56760624335387,56760654728995,56760655585850,56760655607739,1264170183,3.7852,1.0177,30.3936,0.8569,0.0219,36.0769,1
694,56760708159852,56760713911946,56760714696560,56760714697634,56760747742919,56760749011145,56760749039349,1389522279,5.7521,0.7846,33.0453,1.2682,0.0282,40.8795,1
695,56760743319162,56760752280583,56760753424791,56760753426902,56760784010992,56760784889236,56760784912088,1389522279,8.9614,1.1442,30.5841,0.8782,0.0229,41.5929,1
696,56760801435980,56760806201219,56760806778740,56760806780554,56760837408515,56760838320981,56760838345130,3225622822,4.7652,0.5775,30.6280,0.9125,0.0241,36.9091,1
697,56760868241310,56760871775545,56760872792697,56760872794215,56760903076267,56760903925307,56760903947789,1180867552,3.5342,1.0172,30.2821,0.8490,0.0225,35.7065,1
698,56760958795539,56760963728353,56760964419689,56760964421059,56760994901649,56760995797430,56760995822560,1963466475,4.9328,0.6913,30.4806,0.8958,0.0251,37.0270,1
699,56761000265705,56761004943778,56761005604836,56761005605836,56761036015666,56761037119188,56761037145929,1519476868,4.6781,0.6611,30.4098,1.1035,0.0267,36.8802,1
700,56761050566532,56761054331157,56761055445531,56761055447402,56761086112844,56761086981884,56761087005273,1866500019,3.7646,1.1144,30.6654,0.8690,0.0234,36.4387,1
701,56761117468900,56761121219413,56761122435010,56761122436140,56761153388343,56761154374920,56761154401180,1957443157,3.7505,1.2156,30.9522,0.9866,0.0263,36.9323,1
702,56761176441332,56761181218830,56761181807981,56761181808944,56761211933699,56761212802109,56761212825628,1589477890,4.7775,0.5892,30.1248,0.8684,0.0235,36.3843,1
703,56761270021146,56761274582014,56761275385499,56761275386610,56761307669410,56761308866636,56761308892414,2168421306,4.5609,0.8035,32.2828,1.1972,0.0258,38.8713,1
704,56761300806682,56761311961869,56761313732839,56761313734191,56761344407559,56761345309470,56761345332451,2168421306,11.1552,1.7710,30.6734,0.9019,0.0230,44.5258,1
705,56761365099984,56761369265555,56761369878409,56761369879353,56761400170165,56761401024464,56761401047279,278333304,4.1656,0.6129,30.2908,0.8543,0.0228,35.9473,1
706,56761456422531,56761460233934,56761461353438,56761461354956,56761493330552,56761494295370,56761494320129,3782889274,3.8114,1.1195,31.9756,0.9648,0.0248,37.8976,1
707,56761488082829,56761497396918,56761498312440,56761498314162,56761528861585,56761529765848,56761529789070,3571272518,9.3141,0.9155,30.5474,0.9043,0.0232,41.7062,1
708,56761558394876,56761562022259,56761562793836,56761562794576,56761593079869,56761593935743,56761593958632,3571272518,3.6274,0.7716,30.2853,0.8559,0.0229,35.5638,1
709,56761639375534,56761642815491,56761643908031,56761643911698,56761674726252,56761675780645,56761675803330,2975255072,3.4400,1.0925,30.8146,1.0544,0.0227,36.4278,1
710,56761682428020,56761686159478,56761687500279,56761687501705,56761718264777,56761719146392,56761719169188,1718149578,3.7315,1.3408,30.7631,0.8816,0.0228,36.7412,1
711,56761739619687,56761743793461,56761744732631,56761744734038,56761775294851,56761776230780,56761776254039,3104100392,4.1738,0.9392,30.5608,0.9359,0.0233,36.6344,1
712,56761805842515,56761809192323,56761810541087,56761810543235,56761841993458,56761842939221,56761842968869,2892177903,3.3498,1.3488,31.4502,0.9458,0.0296,37.1264,1
713,56761863301756,56761867205437,56761868228940,56761868232718,56761898797901,56761899896201,56761899918923,3691605409,3.9037,1.0235,30.5652,1.0983,0.0227,36.6172,1
714,56761948234280,56761952270980,56761953248298,56761953250780,56761983804629,56761984913670,56761984982541,4165169854,4.0367,0.9773,30.5538,1.1090,0.0689,36.7483,1
715,56761987249697,56761991082488,56761991979973,56761991980955,56762022466952,56762023321214,56762023344140,966505007,3.8328,0.8975,30.4860,0.8543,0.0229,36.0944,1
716,56762059240546,56762062709614,56762063722969,56762063724395,56762094484634,56762095377007,56762095399952,3202376850,3.4691,1.0134,30.7602,0.8924,0.0229,36.1594,1
717,56762126210525,56762129668148,56762131319228,56762131320783,56762161885744,56762162786747,56762162809988,3063822183,3.4576,1.6511,30.5650,0.9010,0.0232,36.5995,1
718,56762169364085,56762172969709,56762174191251,56762174193417,56762204582488,56762205436751,56762205460010,3785327031,3.6056,1.2215,30.3891,0.8543,0.0233,36.0959,1
719,56762250579059,56762254190295,56762255350299,56762255353484,56762286475761,56762287524913,56762287548561,4076719579,3.6112,1.1600,31.1223,1.0492,0.0236,36.9695,1
720,56762299244881,56762303313321,56762304490585,56762304492103,56762334819192,56762335725862,56762335749251,2998271793,4.0684,1.1773,30.3271,0.9067,0.0234,36.5044,1
721,56762382892197,56762387901474,56762388773032,56762388774403,56762419345049,56762420408349,56762420431404,3949324542,5.0093,0.8716,30.5706,1.0633,0.0231,37.5392,1
722,56762437089519,56762441937647,56762442600483,56762442601446,56762472930572,56762473982669,56762474006280,3381138811,4.8481,0.6628,30.3291,1.0521,0.0236,36.9168,1
723,56762477841720,56762482402236,56762483065831,56762483066812,56762513339272,56762514192441,56762514214960,2423184715,4.5605,0.6636,30.2725,0.8532,0.0225,36.3732,1
724,56762577061887,56762581856682,56762582596888,56762582598018,56762612934682,56762613921574,56762613945241,2202333553,4.7948,0.7402,30.3367,0.9869,0.0237,36.8834,1
725,56762619056444,56762623376515,56762624602353,56762624603519,56762655993298,56762657844934,56762657872415,1763548203,4.3201,1.2258,31.3898,1.8516,0.0275,38.8160,1
726,56762670715683,56762675497423,56762676464482,56762676466000,56762707187832,56762708420151,56762708447188,1267730829,4.7817,0.9671,30.7218,1.2323,0.0270,37.7315,1
727,56762729583152,56762733962112,56762734613966,56762734615096,56762765252816,56762766241208,56762766263431,3500618250,4.3790,0.6519,30.6377,0.9884,0.0222,36.6803,1
728,56762787022727,56762791003407,56762791750725,56762791751799,56762822007888,56762822857058,56762822879965,3445754877,3.9807,0.7473,30.2561,0.8492,0.0229,35.8572,1
729,56762864960170,56762868870110,56762869647854,56762869648743,56762899997684,56762900928447,56762900952206,1469770432,3.9099,0.7777,30.3489,0.9308,0.0238,35.9920,1
730,56762928690008,56762933229654,56762933842175,56762933843360,56762964034764,56762964889341,56762964912544,1280801825,4.5396,0.6125,30.1914,0.8546,0.0232,36.2225,1
731,56763005403892,56763009712963,56763010616800,56763010617929,56763041092538,56763042013652,56763042035985,4141768880,4.3091,0.9038,30.4746,0.9211,0.0223,36.6321,1
732,56763052400485,56763056458185,56763057649393,56763057650597,56763088030297,56763088906986,56763088929912,2023923412,4.0577,1.1912,30.3797,0.8767,0.0229,36.5294,1
733,56763098836521,56763104351744,56763104857394,56763104858135,56763136344858,56763137311639,56763137336843,564638697,5.5152,0.5057,31.4867,0.9668,0.0252,38.5003,1
734,56763159325773,56763163265806,56763164233365,56763164235050,56763194961363,56763196031385,56763196055218,564638697,3.9400,0.9676,30.7263,1.0700,0.0238,36.7294,1
735,56763224274023,56763228268740,56763228945391,56763228946132,56763259505370,56763260373984,56763260396855,744907771,3.9947,0.6767,30.5592,0.8686,0.0229,36.1228,1
736,56763314293750,56763318030226,56763318662969,56763318664136,56763349512264,56763350533805,56763350557268,2035458112,3.7365,0.6327,30.8481,1.0215,0.0235,36.2635,1
737,56763366773844,56763371518787,56763372402123,56763372403623,56763403024918,56763403938865,56763403962439,2035458112,4.7449,0.8833,30.6213,0.9139,0.0236,37.1886,1
738,56763407093506,56763411452225,56763412478729,56763412479914,56763443247524,56763444268175,56763444291231,2035458112,4.3587,1.0265,30.7676,1.0207,0.0231,37.1977,1
739,56763470401416,56763474271375,56763474953859,56763474954970,56763505399800,56763506262674,56763506285914,2035458112,3.8700,0.6825,30.4448,0.8629,0.0232,35.8845,1
740,56763540786370,56763544683773,56763545403757,56763545406072,56763576204311,56763577086092,56763577109870,1929286645,3.8974,0.7200,30.7982,0.8818,0.0238,36.3235,1
741,56763593450836,56763598183445,56763598795206,56763598797040,56763629285759,56763630360374,56763630383837,1929286645,4.7326,0.6118,30.4887,1.0746,0.0235,36.9330,1
742,56763656778024,56763660479630,56763661438707,56763661440244,56763692081223,56763692980671,56763693004893,1929286645,3.7016,0.9591,30.6410,0.8994,0.0242,36.2269,1
743,56763723714873,56763727085052,56763728648391,56763728649576,56763759064147,56763760087521,56763760110984,1929286645,3.3702,1.5633,30.4146,1.0234,0.0235,36.3961,1
744,56763800131737,56763803887899,56763804798550,56763804800050,56763835240159,56763836120384,56763836143291,1929286645,3.7562,0.9107,30.4401,0.8802,0.0229,36.0116,1
745,56763881742250,56763886481785,56763887321585,56763887322585,56763918554547,56763921078445,56763921137427,4189264937,4.7395,0.8398,31.2320,2.5239,0.0590,39.3952,1
746,56763922356450,56763925957333,56763927703765,56763927706747,56763959279063,56763960203344,56763960226733,3092400166,3.6009,1.7464,31.5723,0.9243,0.0234,37.8703,1
747,56763977505294,56763981252993,56763981998236,56763981999236,56764012512048,56764013479237,56764013503478,2093473619,3.7477,0.7452,30.5128,0.9672,0.0242,35.9982,1
748,56764031341930,56764034896702,56764035721649,56764035722909,56764066079220,56764067133335,56764067157483,99895597,3.5548,0.8249,30.3563,1.0541,0.0241,35.8156,1
749,56764092438685,56764095973660,56764097081145,56764097082423,56764127398253,56764128264812,56764128287349,32319992,3.5350,1.1075,30.3158,0.8666,0.0225,35.8487,1
750,56764169244902,56764173259305,56764173901919,56764173903789,56764204670232,56764205648087,56764205671550,1541671002,4.0144,0.6426,30.7664,0.9779,0.0235,36.4266,1
751,56764216780053,56764221741959,56764222348369,56764222349147,56764252581625,56764253433479,56764253456128,2647968758,4.9619,0.6064,30.2325,0.8519,0.0226,36.6761,1
752,56764308937306,56764313722712,56764314271344,56764314272048,56764344967620,56764346032827,56764346056401,194564687,4.7854,0.5486,30.6956,1.0652,0.0236,37.1191,1
753,56764364981154,56764368819760,56764369923116,56764369924653,56764400360095,56764401261264,56764401287190,194564687,3.8386,1.1034,30.4354,0.9012,0.0259,36.3060,1
754,56764406146911,56764410711002,56764411336023,56764411336763,56764441896761,56764442884209,56764442906524,194564687,4.5641,0.6250,30.5600,0.9874,0.0223,36.7596,1
755,56764470211973,56764474526340,56764475175268,56764475176250,56764505889692,56764506801584,56764506825103,194564687,4.3144,0.6489,30.7134,0.9119,0.0235,36.6131,1
756,56764532134230,56764535752872,56764536506246,56764536507134,56764567174818,56764568207358,56764568231136,194564687,3.6186,0.7534,30.6677,1.0325,0.0238,36.0969,1
757,56764588350115,56764591770461,56764592537223,56764592538723,56764623014794,56764623866927,56764623889445,734648795,3.4203,0.7668,30.4761,0.8521,0.0225,35.5393,1
758,56764652732437,56764657029952,56764657696899,56764657697843,56764688143989,56764689017084,56764689040066,734648795,4.2975,0.6669,30.4461,0.8731,0.0230,36.3076,1
759,56764720267288,56764725043175,56764725667196,56764725668326,56764756170897,56764757156975,56764757180179,734648795,4.7759,0.6240,30.5026,0.9861,0.0232,36.9129,1
760,56764781158764,56764785078389,56764785992429,56764785993540,56764816438593,56764817290911,56764817313596,734648795,3.9196,0.9140,30.4451,0.8523,0.0227,36.1548,1
761,56764860632010,56764864271134,56764865477249,56764865478286,56764897161677,56764898395440,56764898421218,1735666055,3.6391,1.2061,31.6834,1.2338,0.0258,37.7892,1
762,56764913289049,56764917411971,56764918472438,56764918473697,56764948853342,56764949706789,56764949729419,182186003,4.1229,1.0605,30.3796,0.8534,0.0226,36.4404,1
763,56764994894006,56764998938483,56764999606374,56764999607189,56765030355058,56765031347728,56765031370784,3370757568,4.0445,0.6679,30.7479,0.9927,0.0231,36.4768,1
764,56765039975073,56765044422145,56765045061703,56765045062592,56765075850886,56765076809464,56765076832760,3335504451,4.4471,0.6396,30.7883,0.9586,0.0233,36.8577,1
765,56765090984088,56765095294122,56765095927550,56765095928272,56765126375696,56765127231254,56765127253569,1385282180,4.3100,0.6334,30.4474,0.8556,0.0223,36.2695,1
766,56765163447309,56765167826936,56765168548383,56765168549309,56765198964528,56765199817531,56765199840512,1385282180,4.3796,0.7214,30.4152,0.8530,0.0230,36.3932,1
767,56765231249217,56765235527362,56765236344846,56765236347179,56765267699791,56765268645702,56765268669442,1945479783,4.2781,0.8175,31.3526,0.9459,0.0237,37.4202,1
768,56765273380163,56765277807049,56765278507107,56765278508292,56765308878697,56765309759033,56765309782459,753370469,4.4269,0.7001,30.3704,0.8803,0.0234,36.4023,1
769,56765363778744,56765368283463,56765369104170,56765369105226,56765399589908,56765400512356,56765400535967,2495355299,4.5047,0.8207,30.4847,0.9224,0.0236,36.7572,1
770,56765416791173,56765421190596,56765421804839,56765421805709,56765452196280,56765453384525,56765453407970,2495355299,4.3994,0.6142,30.3906,1.1882,0.0234,36.6168,1
771,56765457612318,56765461767352,56765462541947,56765462542928,56765493342371,56765494403245,56765494428523,2495355299,4.1550,0.7746,30.7994,1.0609,0.0253,36.8162,1
772,56765519320075,56765523748220,56765524444723,56765524446112,56765554888701,56765555754353,56765555777705,2495355299,4.4281,0.6965,30.4426,0.8657,0.0234,36.4576,1
773,56765592871170,56765598004873,56765598593264,56765598594079,56765628808520,56765629666634,56765629689097,3140397873,5.1337,0.5884,30.2144,0.8581,0.0225,36.8179,1
774,56765661521970,56765665643836,56765666444598,56765666445635,56765696815447,56765697707339,56765697733561,3140397873,4.1219,0.8008,30.3698,0.8919,0.0262,36.2116,1
775,56765709625344,56765713985008,56765714836307,56765714837604,56765745226193,56765746086770,56765746109437,3140397873,4.3597,0.8513,30.3886,0.8606,0.0227,36.4841,1
776,56765784948501,56765788940386,56765789626703,56765789627796,56765820462961,56765821616669,56765821645743,3140397873,3.9919,0.6863,30.8352,1.1537,0.0291,36.6972,1
777,56765832327410,56765837300002,56765837938579,56765837939579,56765868541039,56765869522191,56765869545969,3140397873,4.9726,0.6386,30.6015,0.9812,0.0238,37.2186,1
778,56765896565750,56765901063285,56765901701157,56765901702083,56765931953080,56765932820935,56765932842990,3140397873,4.4975,0.6379,30.2510,0.8679,0.0221,36.2772,1
779,56765997192015,56766002152663,56766003525945,56766003528334,56766034826538,56766035806875,56766035831153,3140397873,4.9606,1.3733,31.2982,0.9803,0.0243,38.6391,1
780,56766026741806,56766039025146,56766039611944,56766039612703,56766069976460,56766071033186,56766071056167,3140397873,12.2833,0.5868,30.3638,1.0567,0.0230,44.3144,1
781,56766083181340,56766087535541,56766088240191,56766088241265,56766118397058,56766119314968,56766119338061,3140397873,4.3542,0.7046,30.1558,0.9179,0.0231,36.1567,1
782,56766146072360,56766150718451,56766151319749,56766151320823,56766181767357,56766182669823,56766182698175,3140397873,4.6461,0.6013,30.4465,0.9025,0.0284,36.6258,1
783,56766208661768,56766213396766,56766213975972,56766213976657,56766244615562,56766245515714,56766245539029,3140397873,4.7350,0.5792,30.6389,0.9002,0.0233,36.8773,1
784,56766273692555,56766277919699,56766278839091,56766278840091,56766309399830,56766310288963,56766310315778,3140397873,4.2271,0.9194,30.5597,0.8891,0.0268,36.6232,1
785,56766331877558,56766336446722,56766337227151,56766337228355,56766367788556,56766368732578,56766368756189,3140397873,4.5692,0.7804,30.5602,0.9440,0.0236,36.8786,1
786,56766392216291,56766396166509,56766397236439,56766397238827,56766427609232,56766428490290,56766428513439,3140397873,3.9502,1.0699,30.3704,0.8811,0.0231,36.2971,1
787,56766477943411,56766481851499,56766482966558,56766482968040,56766514082058,56766514981209,56766515004376,1053737027,3.9081,1.1151,31.1140,0.8992,0.0232,37.0610,1
788,56766519926894,56766524471206,56766525215375,56766525216394,56766555583280,56766556506153,56766556529431,3909963444,4.5443,0.7442,30.3669,0.9229,0.0233,36.6025,1
789,56766584790365,56766588762916,56766589744068,56766589746457,56766620410621,56766621298402,56766621320773,3909963444,3.9726,0.9812,30.6642,0.8878,0.0224,36.5304,1
790,56766647367699,56766651464954,56766652740144,56766652741681,56766683461716,56766684371330,56766684394349,791474044,4.0973,1.2752,30.7200,0.9096,0.0230,37.0266,1
791,56766740854772,56766745017083,56766745926809,56766745927809,56766776812993,56766777922071,56766777944960,1223472672,4.1623,0.9097,30.8852,1.1091,0.0229,37.0902,1
792,56766785851877,56766790547375,56766791475471,56766791478267,56766822387581,56766823239398,56766823262287,1223472672,4.6955,0.9281,30.9093,0.8518,0.0229,37.4104,1
793,56766862562761,56766868571708,56766869481359,56766869482248,56766901418436,56766902398902,56766902421939,1544206337,6.0089,0.9097,31.9362,0.9805,0.0230,39.8592,1
794,56766893248055,56766905871544,56766906363805,56766906364694,56766936605654,56766937498175,56766937520953,2641230967,12.6235,0.4923,30.2410,0.8925,0.0228,44.2729,1
795,56766957450265,56766961504001,56766962594561,56766962596950,56766993024465,56766993880283,56766993902783,2641230967,4.0537,1.0906,30.4275,0.8558,0.0225,36.4525,1
796,56767051101468,56767055491391,56767056728618,56767056730025,56767087679043,56767088591917,56767088614694,2553158186,4.3899,1.2372,30.9490,0.9129,0.0228,37.5132,1
797,56767093813213,56767097721227,56767099197251,56767099198621,56767129797563,56767130704844,56767130728029,1714746495,3.9080,1.4760,30.5989,0.9073,0.0232,36.9148,1
798,56767145589045,56767150117080,56767151148232,56767151149324,56767181728341,56767182626936,56767182649899,4182881864,4.5280,1.0312,30.5790,0.8986,0.0230,37.0609,1
799,56767205170091,56767209548439,56767210648610,56767210650073,56767241415590,56767242386167,56767242409705,2519779548,4.3783,1.1002,30.7655,0.9706,0.0235,37.2396,1
800,56767292807865,56767297065417,56767298351774,56767298352959,56767329481033,56767330363777,56767330386277,562880371,4.2576,1.2864,31.1281,0.8827,0.0225,37.5784,1
801,56767335530795,56767340153941,56767341148648,56767341150130,56767371596553,56767372499815,56767372522667,2147391424,4.6231,0.9947,30.4464,0.9033,0.0229,36.9919,1
802,56767402835516,56767407269939,56767408085701,56767408088498,56767438732236,56767439591573,56767439615128,4138801415,4.4344,0.8158,30.6437,0.8593,0.0236,36.7796,1
803,56767478320322,56767483577803,56767484612992,56767484614474,56767516314901,56767517200904,56767517224701,3980380837,5.2575,1.0352,31.7004,0.8860,0.0238,38.9044,1
804,56767509169246,56767520856584,56767521531994,56767521533253,56767551737416,56767552722827,56767552745253,1113512160,11.6873,0.6754,30.2042,0.9854,0.0224,43.5760,1
805,56767579841516,56767584301717,56767585195368,56767585197535,56767615676532,56767616592739,56767616617554,1723737007,4.4602,0.8937,30.4790,0.9162,0.0248,36.7760,1
806,56767632502240,56767637152646,56767638286298,56767638288076,56767668547313,56767669396149,56767669418964,3085894813,4.6504,1.1337,30.2592,0.8488,0.0228,36.9167,1
807,56767720065626,56767724390234,56767725164700,56767725166440,56767755898439,56767757059776,56767757087499,211194574,4.3246,0.7745,30.7320,1.1613,0.0277,37.0219,1
808,56767766940385,56767772522146,56767773464890,56767773466316,56767804256333,56767805399411,56767805427578,3345737258,5.5818,0.9427,30.7900,1.1431,0.0282,38.4872,1
809,56767823942366,56767829470071,56767830097980,56767830098999,56767861689537,56767862745208,56767862770782,908547604,5.5277,0.6279,31.5905,1.0557,0.0256,38.8284,1
810,56767892487536,56767897366201,56767898130204,56767898131241,56767928981851,56767930064095,56767930090577,3699201740,4.8787,0.7640,30.8506,1.0822,0.0265,37.6030,1
811,56767939545870,56767944777537,56767945405761,56767945406687,56767975988425,56767977115855,56767977142430,2608126366,5.2317,0.6282,30.5817,1.1274,0.0266,37.5966,1
812,56768007739187,56768012597148,56768013228891,56768013230225,56768043750130,56768044834152,56768044860448,2603626452,4.8580,0.6317,30.5199,1.0840,0.0263,37.1213,1
813,56768078712198,56768083401567,56768084283589,56768084284737,56768115098050,56768116333443,56768116359888,1755113604,4.6894,0.8820,30.8133,1.2354,0.0264,37.6477,1
814,56768123141560,56768128174374,56768128837432,56768128838358,56768160878380,56768161932476,56768161959513,1393664990,5.0328,0.6631,32.0400,1.0541,0.0270,38.8180,1
815,56768230342460,56768236260740,56768237165003,56768237166225,56768270292491,56768271412143,56768271439458,1413693129,5.9183,0.9043,33.1263,1.1197,0.0273,41.0970,1
816,56768263913116,56768275744473,56768276378124,56768276379050,56768307173548,56768308336978,56768308364626,1413693129,11.8314,0.6337,30.7945,1.1634,0.0276,44.4515,1
817,56768323775422,56768329073293,56768329821351,56768329822295,56768360669664,56768361722668,56768361749298,957378350,5.2979,0.7481,30.8474,1.0530,0.0266,37.9739,1
818,56768367659171,56768372129872,56768373060801,56768373062246,56768404109541,56768405243064,56768405270138,655086933,4.4707,0.9309,31.0473,1.1335,0.0271,37.6110,1
819,56768441189099,56768445624615,56768446556970,56768446559951,56768477058671,56768477922174,56768477945322,3177701075,4.4355,0.9324,30.4987,0.8635,0.0231,36.7562,1
820,56768510300900,56768514562286,56768515207918,56768515209085,56768545947083,56768546985012,56768547008142,1485027152,4.2614,0.6456,30.7380,1.0379,0.0231,36.7072,1
821,56768557075048,56768561425379,56768562451179,56768562452901,56768592856916,56768593833216,56768593858939,784978907,4.3503,1.0258,30.4040,0.9763,0.0257,36.7839,1
822,56768621641685,56768626121590,56768626991686,56768626993223,56768657312201,56768658166149,56768658188945,3115713690,4.4799,0.8701,30.3190,0.8539,0.0228,36.5473,1
823,56768699123017,56768702871104,56768703766459,56768703768126,56768735124941,56768736137537,56768736160778,3823904672,3.7481,0.8954,31.3568,1.0126,0.0232,37.0378,1
824,56768746603463,56768750806275,56768752133168,56768752134409,56768782832129,56768783877855,56768783901374,1536774418,4.2028,1.3269,30.6977,1.0457,0.0235,37.2979,1
825,56768814218260,56768818487793,56768819634575,56768819635723,56768850045535,56768850911020,56768850936835,2045021673,4.2695,1.1468,30.4098,0.8655,0.0258,36.7186,1
826,56768883572099,56768887752299,56768889139637,56768889142008,56768919766135,56768920830417,56768920853195,1515044032,4.1802,1.3873,30.6241,1.0643,0.0228,37.2811,1
827,56768933114886,56768937463161,56768938616591,56768938617961,56768968721420,56768969571979,56768969595146,1030666163,4.3483,1.1534,30.1035,0.8506,0.0232,36.4803,1
828,56769019583935,56769023987432,56769025180695,56769025182214,56769057213439,56769058810204,56769058879056,1782344655,4.4035,1.1933,32.0312,1.5968,0.0689,39.2951,1
829,56769055633341,56769062956496,56769063603184,56769063604536,56769094745239,56769095806539,56769095829762,1782344655,7.3232,0.6467,31.1407,1.0613,0.0232,40.1964,1
830,56769117810710,56769121841743,56769123034266,56769123035395,56769153301873,56769154161747,56769154184617,1981925334,4.0310,1.1925,30.2665,0.8599,0.0229,36.3739,1
831,56769191132749,56769195410431,56769196503305,56769196504749,56769227078599,56769227983047,56769228115251,2364281120,4.2777,1.0929,30.5739,0.9044,0.1322,36.9825,1
832,56769245282812,56769249729254,56769250681220,56769250682498,56769280845457,56769281700090,56769281722441,3048824603,4.4464,0.9520,30.1630,0.8546,0.0224,36.4396,1
833,56769333170995,56769337435751,56769338608199,56769338609662,56769369452772,56769371002981,56769371026352,4002205458,4.2648,1.1724,30.8431,1.5502,0.0234,37.8554,1
834,56769380954017,56769385472792,56769386188387,56769386189609,56769416721014,56769417784537,56769417807426,34101967,4.5188,0.7156,30.5314,1.0635,0.0229,36.8534,1
835,56769427824961,56769431816513,56769432525015,56769432525941,56769463114309,56769463982368,56769464027664,129970057,3.9916,0.7085,30.5884,0.8681,0.0453,36.2027,1
836,56769492152949,56769496655428,56769497801044,56769497803395,56769528252930,56769529103359,56769529125951,100253653,4.5025,1.1456,30.4495,0.8504,0.0226,36.9730,1
837,56769585415633,56769589751982,56769591026097,56769591027801,56769622453080,56769623346787,56769623370287,2189232497,4.3363,1.2741,31.4253,0.8937,0.0235,37.9547,1
838,56769616709244,56769626807669,56769627482209,56769627483190,56769658035003,56769658926432,56769658949358,2189232497,10.0984,0.6745,30.5518,0.8914,0.0229,42.2401,1
839,56769675809640,56769680791972,56769681366160,56769681367160,56769711740768,56769712707623,56769712730938,121047577,4.9823,0.5742,30.3736,0.9669,0.0233,36.9213,1
840,56769739713386,56769744376680,56769745002182,56769745003108,56769775365402,56769776244164,56769776266701,1122266495,4.6633,0.6255,30.3623,0.8788,0.0225,36.5533,1
841,56769813291092,56769818477333,56769819091890,56769819092650,56769849479943,56769850383465,56769850406539,301645210,5.1862,0.6146,30.3873,0.9035,0.0231,37.1154,1
842,56769862448860,56769866974431,56769867588359,56769867589156,56769897863486,56769898715063,56769898738322,782996813,4.5256,0.6139,30.2743,0.8516,0.0233,36.2895,1
843,56769953006756,56769957107437,56769957874995,56769957875847,56769988471215,56769989375256,56769989397737,2089408719,4.1007,0.7676,30.5954,0.9040,0.0225,36.3910,1
844,56769998856049,56770002708081,56770003499195,56770003500417,56770034556972,56770035464901,56770035487901,391207418,3.8520,0.7911,31.0566,0.9079,0.0230,36.6319,1
845,56770049272561,56770053321539,56770054752488,56770054756155,56770085346671,56770086224008,56770086247174,3236823335,4.0490,1.4309,30.5905,0.8773,0.0232,36.9746,1
846,56770122917416,56770127592784,56770128409287,56770128410528,56770158985248,56770159946214,56770159972252,2036261949,4.6754,0.8165,30.5747,0.9610,0.0260,37.0548,1
847,56770176964071,56770183163556,56770183679132,56770183679891,56770214978299,56770215832228,56770215855080,4287462034,6.1995,0.5156,31.2984,0.8539,0.0229,38.8910,1
848,56770257186097,56770262417338,56770263141489,56770263142748,56770294708305,56770296392867,56770296423922,3440954194,5.2312,0.7242,31.5656,1.6846,0.0311,39.2378,1
849,56770292534205,56770300114028,56770301263810,56770301265254,56770331807085,56770332739329,56770332762848,3440954194,7.5798,1.1498,30.5418,0.9322,0.0235,40.2286,1
850,56770353841367,56770357638140,56770358832237,56770358834441,56770389655569,56770390541202,56770390564979,4008802898,3.7968,1.1941,30.8211,0.8856,0.0238,36.7236,1
851,56770418746487,56770422523001,56770423617504,56770423618653,56770454540800,56770455440636,56770455463692,4008802898,3.7765,1.0945,30.9221,0.8998,0.0231,36.7172,1
852,56770486808081,56770490738391,56770491818117,56770491819969,56770522257541,56770523168599,56770523192229,4008802898,3.9303,1.0797,30.4376,0.9111,0.0236,36.3841,1
853,56770542458057,56770546342330,56770547574575,56770547576094,56770578403870,56770579318077,56770579341077,4008802898,3.8843,1.2322,30.8278,0.9142,0.0230,36.8830,1
854,56770602474382,56770606573804,56770607670382,56770607671659,56770638053638,56770638919345,56770638942252,4008802898,4.0994,1.0966,30.3820,0.8657,0.0229,36.4679,1
855,56770670489050,56770674911417,56770675658105,56770675659198,56770706017546,56770706940550,56770706964216,4008802898,4.4224,0.7467,30.3583,0.9230,0.0237,36.4752,1
856,56770730903302,56770735003149,56770736571766,56770736573044,56770767107949,56770767960656,56770767983470,1678873140,4.0998,1.5686,30.5349,0.8527,0.0228,37.0802,1
857,56770819878451,56770823983596,56770825182193,56770825183748,56770859383388,56770860774986,56770860799356,3619240193,4.1051,1.1986,34.1996,1.3916,0.0244,40.9209,1
858,56770860059761,56770865293891,56770866392228,56770866393598,56770897763395,56770898909325,56770898934418,3619240193,5.2341,1.0983,31.3698,1.1459,0.0251,38.8747,1
859,56770922802873,56770927218611,56770927848836,56770927849873,56770958434167,56770959294485,56770959317762,3683754134,4.4157,0.6302,30.5843,0.8603,0.0233,36.5149,1
860,56770994222776,56770998000845,56770998739958,56770998740977,56771029445753,56771030497756,56771030519942,3011741642,3.7781,0.7391,30.7048,1.0520,0.0222,36.2972,1
861,56771056109514,56771060565234,56771061220773,56771061221977,56771091521511,56771092402366,56771092425014,2982762299,4.4557,0.6555,30.2995,0.8809,0.0226,36.3155,1
862,56771130800391,56771135113888,56771135798909,56771135799779,56771166491907,56771167451503,56771167477133,237820722,4.3135,0.6850,30.6921,0.9596,0.0256,36.6767,1
863,56771180391975,56771184941658,56771185546642,56771185547567,56771215809953,56771216703271,56771216726197,268151781,4.5497,0.6050,30.2624,0.8933,0.0229,36.3342,1
864,56771226132119,56771230041596,56771230703043,56771230704173,56771261435004,56771262285655,56771262308896,1222756957,3.9095,0.6614,30.7308,0.8507,0.0232,36.1768,1
865,56771318222077,56771321700052,56771322574685,56771322575814,56771353300516,56771354222668,56771354246223,654854119,3.4780,0.8746,30.7247,0.9222,0.0236,36.0241,1
866,56771365245318,56771369521444,56771370291651,56771370292651,56771400811241,56771401710948,56771401734633,1253260003,4.2761,0.7702,30.5186,0.8997,0.0237,36.4893,1
867,56771410870703,56771415302033,56771415935684,56771415936591,56771446180680,56771447037739,56771447060257,1067426765,4.4313,0.6337,30.2441,0.8571,0.0225,36.1896,1
868,56771506041486,56771509877777,56771510758354,56771510759373,56771542400430,56771543533601,56771543558249,1423977632,3.8363,0.8806,31.6411,1.1332,0.0246,37.5168,1
869,56771534843699,56771546768482,56771547263206,56771547264058,56771577284295,56771578129279,56771578152057,3106518129,11.9248,0.4947,30.0202,0.8450,0.0228,43.3084,1
870,56771618437923,56771624423666,56771625253799,56771625254706,56771655738296,56771656672281,56771656696207,621014271,5.9857,0.8301,30.4836,0.9340,0.0239,38.2583,1
871,56771670855109,56771674863290,56771675422218,56771675423088,56771705956142,56771706814293,56771706837719,4164396444,4.0082,0.5589,30.5331,0.8582,0.0234,35.9826,1
872,56771754512370,56771759344572,56771759874056,56771759874982,56771790670795,56771791576631,56771791600724,1620959104,4.8322,0.5295,30.7958,0.9058,0.0241,37.0884,1
873,56771799782383,56771803973916,56771804885771,56771804887086,56771835346380,56771836274772,56771836298179,3457608482,4.1915,0.9119,30.4593,0.9284,0.0234,36.5158,1
874,56771861172861,56771866182804,56771866936677,56771866937751,56771897437934,56771898332326,56771898355104,3044548169,5.0099,0.7539,30.5002,0.8944,0.0228,37.1822,1
875,56771909842034,56771913680047,56771914422939,56771914423920,56771944843232,56771945749717,56771945774106,3503131035,3.8380,0.7429,30.4193,0.9065,0.0244,35.9321,1
876,56771974954340,56771979172503,56771979826190,56771979827320,56772010317169,56772011171579,56772011193857,55138034,4.2182,0.6537,30.4898,0.8544,0.0223,36.2395,1
877,56772058748008,56772063143061,56772064609159,56772064610473,56772098061666,56772099022059,56772099046966,1098971263,4.3951,1.4661,33.4512,0.9604,0.0249,40.2990,1
878,56772092558851,56772102043218,56772102890758,56772102891776,56772133274588,56772134136221,56772134158813,1098971263,9.4844,0.8475,30.3828,0.8616,0.0226,41.6000,1
879,56772167208653,56772171080889,56772171761632,56772171762540,56772202608094,56772203614246,56772203637283,3199786355,3.8722,0.6807,30.8456,1.0062,0.0230,36.4286,1
880,56772218109797,56772222172238,56772222845259,56772222846314,56772253045681,56772253897647,56772253920166,1381958638,4.0624,0.6730,30.1994,0.8520,0.0225,35.8104,1
881,56772302672061,56772306939762,56772307745820,56772307747579,56772338266021,56772339121228,56772339143506,3622009628,4.2677,0.8061,30.5184,0.8552,0.0223,36.4714,1
882,56772370506951,56772375256060,56772375791062,56772375791859,56772406402190,56772407302471,56772407327452,809242986,4.7491,0.5350,30.6103,0.9003,0.0250,36.8205,1
883,56772415458370,56772419182587,56772420259572,56772420261387,56772450812440,56772451683017,56772451705740,3290497883,3.7242,1.0770,30.5511,0.8706,0.0227,36.2474,1
884,56772479093245,56772483031425,56772483752317,56772483753187,56772514487019,56772515417726,56772515441207,3562647626,3.9382,0.7209,30.7338,0.9307,0.0235,36.3480,1
885,56772525509817,56772529433035,56772530079241,56772530080333,56772560607738,56772561514519,56772561538186,3096521005,3.9232,0.6462,30.5274,0.9068,0.0237,36.0284,1
886,56772583479598,56772587533242,56772588278152,56772588279411,56772618729038,56772619584578,56772619606726,2871428805,4.0536,0.7449,30.4496,0.8555,0.0221,36.1271,1
887,56772675697389,56772679623569,56772680632591,56772680634184,56772713388634,56772714276933,56772714300082,3315009252,3.9262,1.0090,32.7544,0.8883,0.0231,38.6027,1
888,56772715174418,56772719767694,56772720536382,56772720537604,56772750937582,56772751796437,56772751818993,3315009252,4.5933,0.7687,30.4000,0.8589,0.0226,36.6446,1
889,56772784660665,56772788420605,56772789206885,56772789208015,56772819696512,56772820617553,56772820640201,1791213415,3.7599,0.7863,30.4885,0.9210,0.0226,35.9795,1
890,56772842173555,56772846295218,56772846946202,56772846947017,56772878102183,56772879002520,56772879026446,74624489,4.1217,0.6510,31.1552,0.9003,0.0239,36.8529,1
891,56772897205733,56772901715304,56772902372955,56772902374547,56772932639136,56772933485065,56772933507362,1581110592,4.5096,0.6577,30.2646,0.8459,0.0223,36.3016,1
892,56772971978332,56772976624311,56772977576685,56772977578037,56773007946682,56773008974204,56773008998149,2341229233,4.6460,0.9524,30.3686,1.0275,0.0239,37.0198,1
893,56773018186496,56773022651031,56773023249829,56773023251163,56773053661271,56773054566700,56773054589682,679962549,4.4645,0.5988,30.4101,0.9054,0.0230,36.4032,1
894,56773083767545,56773088438135,56773089058582,56773089059638,56773119262801,56773120141933,56773120164600,2311653682,4.6706,0.6204,30.2032,0.8791,0.0227,36.3971,1
895,56773177773138,56773182032783,56773182723638,56773182724489,56773213170690,56773214049564,56773214072564,418840412,4.2596,0.6909,30.4462,0.8789,0.0230,36.2994,1
896,56773239175153,56773242933019,56773243691410,56773243692355,56773274368445,56773275339523,56773275363041,867003561,3.7579,0.7584,30.6761,0.9711,0.0235,36.1879,1
897,56773281126525,56773285285836,56773285927320,56773285928375,56773316296539,56773317217635,56773317240561,2165123317,4.1593,0.6415,30.3682,0.9211,0.0229,36.1140,1
898,56773340687903,56773344581454,56773345374198,56773345375624,56773375570287,56773376441475,56773376464531,750685819,3.8936,0.7927,30.1947,0.8712,0.0231,35.7766,1
899,56773420695059,56773424825684,56773426273301,56773426277986,56773458777564,56773459902902,56773459931013,2447961194,4.1306,1.4476,32.4996,1.1253,0.0281,39.2360,1
900,56773452194856,56773464357658,56773465096402,56773465097457,56773495501825,56773496618773,56773496646607,2657393166,12.1628,0.7387,30.4044,1.1169,0.0278,44.4518,1
901,56773558850124,56773563931161,56773564928720,56773564929813,56773597049038,56773598598858,56773598628099,3330054440,5.0810,0.9976,32.1192,1.5498,0.0292,39.7780,1
902,56773593496822,56773602786466,56773603678562,56773603680284,56773634765339,56773635909806,56773635937102,2726672364,9.2896,0.8921,31.0851,1.1445,0.0273,42.4403,1
903,56773640227488,56773644931468,56773645872045,56773645874193,56773676465135,56773677512898,56773677541065,1561737238,4.7040,0.9406,30.5909,1.0478,0.0282,37.3136,1
904,56773704350494,56773709361530,56773710106292,56773710107496,56773740913994,56773741976276,56773742002683,3395574537,5.0110,0.7448,30.8065,1.0623,0.0264,37.6522,1
905,56773766149547,56773771192695,56773771825827,56773771826993,56773802506954,56773803611403,56773803639921,305956558,5.0431,0.6331,30.6800,1.1044,0.0285,37.4904,1
906,56773829918533,56773834698217,56773835384997,56773835386108,56773865906124,56773867006554,56773867033499,1770963011,4.7797,0.6868,30.5200,1.1004,0.0269,37.1150,1
907,56773891863828,56773898010091,56773898628019,56773898629037,56773928965053,56773930026982,56773930053297,3021083891,6.1463,0.6179,30.3360,1.0619,0.0263,38.1895,1
908,56773964093529,56773970145477,56773970795183,56773970796053,56774001657496,56774002925853,56774002951409,324586637,6.0519,0.6497,30.8614,1.2684,0.0256,38.8579,1
909,56774009767081,56774015490305,56774016113103,56774016114566,56774046869157,56774048114958,56774048142680,2669683855,5.7232,0.6228,30.7546,1.2458,0.0277,38.3756,1
910,56774075826464,56774080976945,56774081869041,56774081870097,56774112420057,56774113470154,56774113497320,1169172513,5.1505,0.8921,30.5500,1.0501,0.0272,37.6709,1
911,56774162578551,56774167481364,56774168510257,56774168511572,56774199521478,56774200682409,56774200710298,2178693053,4.9028,1.0289,31.0099,1.1609,0.0279,38.1317,1
912,56774208296491,56774215387794,56774216450928,56774216452705,56774247463464,56774248644172,56774248672653,304846656,7.0913,1.0631,31.0108,1.1807,0.0285,40.3762,1
913,56774254023080,56774259273136,56774259887249,56774259888323,56774290473135,56774291584065,56774291612232,3915752464,5.2501,0.6141,30.5848,1.1109,0.0282,37.5892,1
914,56774317853733,56774322934807,56774323524716,56774323525642,56774354122566,56774355177495,56774355203403,1605032361,5.0811,0.5899,30.5969,1.0549,0.0259,37.3497,1
915,56774395865381,56774401292900,56774401870458,56774401871384,56774432497845,56774433610571,56774433638497,740979353,5.4275,0.5776,30.6265,1.1127,0.0279,37.7731,1
916,56774439866501,56774444392850,56774445108075,56774445109464,56774475521072,56774476584335,56774476610224,1995272026,4.5263,0.7152,30.4116,1.0633,0.0259,36.7437,1
917,56774535062525,56774540080765,56774541158324,56774541159991,56774572545528,56774574022071,56774574057145,785114997,5.0182,1.0776,31.3855,1.4765,0.0351,38.9946,1
918,56774569771037,56774578085270,56774579243478,56774579246015,56774609695753,56774610806146,56774610833739,785114997,8.3142,1.1582,30.4497,1.1104,0.0276,41.0627,1
919,56774646710070,56774651807033,56774652448924,56774652450127,56774683367515,56774684540223,56774684570797,3289690015,5.0970,0.6419,30.9174,1.1727,0.0306,37.8607,1
920,56774687815401,56774692765364,56774693406125,56774693407162,56774723897011,56774725026960,56774725055219,2064397557,4.9500,0.6408,30.4898,1.1299,0.0283,37.2398,1
921,56774755042956,56774760260104,56774761027495,56774761028569,56774791462159,56774792535015,56774792560700,3474154961,5.2171,0.7674,30.4336,1.0729,0.0257,37.5177,1
922,56774843852216,56774849220828,56774849920775,56774849921719,56774880611440,56774881713203,56774881739518,3970118159,5.3686,0.6999,30.6897,1.1018,0.0263,37.8873,1
923,56774892350852,56774897164480,56774897857149,56774897858427,56774928364739,56774929465558,56774929492058,833419103,4.8136,0.6927,30.5063,1.1008,0.0265,37.1412,1
924,56774975869760,56774981708466,56774982376913,56774982377561,56775013010226,56775014077841,56775014104729,2797201604,5.8387,0.6684,30.6327,1.0676,0.0269,38.2350,1
925,56775037012867,56775042894536,56775044280078,56775044282837,56775075873005,56775076976916,56775077003861,741295458,5.8817,1.3855,31.5902,1.1039,0.0269,39.9910,1
926,56775068879036,56775081111561,56775081709489,56775081710489,56775112572487,56775113699991,56775113726603,3095644358,12.2325,0.5979,30.8620,1.1275,0.0266,44.8476,1
927,56775138834748,56775143305560,56775144389471,56775144391434,56775175112062,56775176216418,56775176242344,735869128,4.4708,1.0839,30.7206,1.1044,0.0259,37.4076,1
928,56775193073311,56775197543790,56775198450145,56775198451126,56775229354681,56775230384518,56775230413981,3056415740,4.4705,0.9064,30.9036,1.0298,0.0295,37.3407,1
929,56775247360337,56775251777187,56775252546171,56775252548115,56775283141131,56775284217395,56775284242895,1063635447,4.4169,0.7690,30.5930,1.0763,0.0255,36.8826,1
930,56775338201827,56775343727032,56775344830129,56775344831462,56775376269981,56775377543356,56775377574431,2983319056,5.5252,1.1031,31.4385,1.2734,0.0311,39.3726,1
931,56775369019493,56775381492241,56775382013261,56775382014261,56775412775185,56775413863486,56775413890819,2983319056,12.4727,0.5210,30.7609,1.0883,0.0273,44.8713,1
932,56775429844265,56775434060409,56775435036987,56775435038191,56775465588207,56775466647285,56775466673396,1059939667,4.2161,0.9766,30.5500,1.0591,0.0261,36.8291,1
933,56775522996170,56775528357671,56775529225896,56775529227322,56775561684901,56775562805960,56775562833590,427575785,5.3615,0.8682,32.4576,1.1211,0.0276,39.8374,1
934,56775555177174,56775567103216,56775567706922,56775567708089,56775598526902,56775599668591,56775599696962,427575785,11.9260,0.6037,30.8188,1.1417,0.0284,44.5198,1
935,56775613554196,56775618404899,56775619324847,56775619326032,56775649968400,56775651065219,56775651091830,2453855037,4.8507,0.9199,30.6424,1.0968,0.0266,37.5376,1
936,56775706344471,56775711714472,56775712891606,56775712892957,56775745440684,56775746652929,56775746681615,1644655271,5.3700,1.1771,32.5477,1.2122,0.0287,40.3371,1
937,56775738392826,56775750528684,56775751059815,56775751060890,56775781396146,56775782487279,56775782513890,2466284999,12.1359,0.5311,30.3353,1.0911,0.0266,44.1211,1
938,56775805083878,56775809828414,56775810609527,56775810610620,56775840980358,56775842029936,56775842056399,2466284999,4.7445,0.7811,30.3697,1.0496,0.0265,36.9725,1
939,56775884128937,56775889086455,56775889878328,56775889879810,56775920895642,56775922041239,56775922069054,37388074,4.9575,0.7919,31.0158,1.1456,0.0278,37.9401,1
940,56775924708415,56775929832581,56775930515676,56775930516584,56775961020044,56775962065048,56775962091474,1907548983,5.1242,0.6831,30.5035,1.0450,0.0264,37.3831,1
941,56776015338960,56776020300255,56776020903202,56776020904146,56776052530277,56776053626689,56776053655800,2191460145,4.9613,0.6029,31.6261,1.0964,0.0291,38.3168,1
942,56776063218001,56776068568483,56776069377152,56776069378134,56776100055502,56776101183228,56776101211840,1454593301,5.3505,0.8087,30.6774,1.1277,0.0286,37.9938,1
943,56776111222246,56776116132152,56776116989359,56776116990470,56776147678746,56776148842546,56776148870898,3599048485,4.9099,0.8572,30.6883,1.1638,0.0284,37.6487,1
944,56776179629489,56776185039508,56776185763066,56776185763974,56776216419453,56776217471883,56776217499068,2067138191,5.4100,0.7236,30.6555,1.0524,0.0272,37.8696,1
945,56776239460906,56776243788551,56776244837369,56776244839166,56776275275663,56776276350630,56776276377278,1819906849,4.3276,1.0488,30.4365,1.0750,0.0266,36.9164,1
946,56776323648946,56776328670057,56776329467041,56776329468559,56776360365355,56776361512636,56776361540359,1449720526,5.0211,0.7970,30.8968,1.1473,0.0277,37.8914,1
947,56776392541210,56776398139785,56776399152919,56776399154122,56776430486160,56776431719831,56776431750405,2885633374,5.5986,1.0131,31.3320,1.2337,0.0306,39.2092,1
948,56776422143037,56776436471255,56776436980664,56776436981535,56776467351013,56776468432202,56776468458499,3063684259,14.3282,0.5094,30.3695,1.0812,0.0263,46.3155,1
949,56776494292572,56776499769203,56776500504687,56776500505890,56776531185389,56776532266707,56776532298115,568603767,5.4766,0.7355,30.6795,1.0813,0.0314,38.0055,1
950,56776539605696,56776544993882,56776545656607,56776545657533,56776576198160,56776577255053,56776577281238,2582560658,5.3882,0.6627,30.5406,1.0569,0.0262,37.6755,1
951,56776628795458,56776634389571,56776635040462,56776635041369,56776665954924,56776667107854,56776667135317,3938792565,5.5941,0.6509,30.9136,1.1529,0.0275,38.3399,1
952,56776678793969,56776684198618,56776684815269,56776684816287,56776715783416,56776717057921,56776717087995,2928281069,5.4046,0.6167,30.9671,1.2745,0.0301,38.2940,1
953,56776725970063,56776731263786,56776731945511,56776731946714,56776762548471,56776763595845,56776763621734,830819318,5.2937,0.6817,30.6018,1.0474,0.0259,37.6517,1
954,56776819103580,56776824208006,56776825375306,56776825377102,56776857303549,56776858549591,56776858579128,2362974680,5.1044,1.1673,31.9264,1.2460,0.0295,39.4755,1
955,56776848991927,56776862817995,56776863293441,56776863294367,56776893702234,56776894753923,56776894780349,1407459105,13.8261,0.4754,30.4079,1.0517,0.0264,45.7884,1
956,56776937398483,56776943245503,56776944035043,56776944036414,56776975043172,56776976303399,56776976330973,3068299935,5.8470,0.7895,31.0068,1.2602,0.0276,38.9325,1
957,56776979702022,56776985765340,56776986328360,56776986329268,56777017137785,56777018212289,56777018238493,1845932835,6.0633,0.5630,30.8085,1.0745,0.0262,38.5365,1
958,56777037308801,56777042278949,56777042937858,56777042939488,56777073764968,56777074826157,56777074852639,858600709,4.9701,0.6589,30.8255,1.0612,0.0265,37.5438,1
959,56777111559658,56777116704788,56777117768680,56777117770254,56777148460697,56777149955165,56777150064240,1963264434,5.1451,1.0639,30.6904,1.4945,0.1091,38.5046,1
960,56777154322718,56777159633774,56777160879111,56777160881056,56777191704629,56777192829410,56777192857410,1965196756,5.3111,1.2453,30.8236,1.1248,0.0280,38.5347,1
961,56777244797336,56777250016892,56777250722302,56777250723802,56777281330262,56777282825379,56777282851953,2455484645,5.2196,0.7054,30.6065,1.4951,0.0266,38.0546,1
962,56777291248983,56777296239630,56777297396616,56777297398338,56777328103670,56777329168859,56777329196248,431540595,4.9906,1.1570,30.7053,1.0652,0.0274,37.9473,1
963,56777361146621,56777366267546,56777367113697,56777367114790,56777397833473,56777398999478,56777399029570,1649266297,5.1209,0.8462,30.7187,1.1660,0.0301,37.8829,1
964,56777425265441,56777430365830,56777431057184,56777431058777,56777461796442,56777462984409,56777463011205,3752144840,5.1004,0.6914,30.7377,1.1880,0.0268,37.7458,1
965,56777465202843,56777470123027,56777471063142,56777471064216,56777501799714,56777502882181,56777502913681,3752144840,4.9202,0.9401,30.7355,1.0825,0.0315,37.7108,1
966,56777534555830,56777539439144,56777540228554,56777540231647,56777570728867,56777571729481,56777571755259,2024242658,4.8833,0.7894,30.4972,1.0006,0.0258,37.1994,1
967,56777619503225,56777624437984,56777625101282,56777625102319,56777655661984,56777656729043,56777656755191,2069806601,4.9348,0.6633,30.5597,1.0671,0.0261,37.2520,1
968,56777680812184,56777686139240,56777686785261,56777686786465,56777717729649,56777719428377,56777719460007,2069806601,5.3271,0.6460,30.9432,1.6987,0.0316,38.6478,1
969,56777721125272,56777725829271,56777726495069,56777726496106,56777757591939,56777758888314,56777758916000,2069806601,4.7040,0.6658,31.0958,1.2964,0.0277,37.7907,1
970,56777779454684,56777784309053,56777785131611,56777785132574,56777815572090,56777817006706,56777817031632,2069806601,4.8544,0.8226,30.4395,1.4346,0.0249,37.5769,1
971,56777840229770,56777845247566,56777846156717,56777846157884,56777876662900,56777877669107,56777877694496,2069806601,5.0178,0.9092,30.5050,1.0062,0.0254,37.4647,1
972,56777923652067,56777928392269,56777929518588,56777929519996,56777960471569,56777961761777,56777961789981,3565820853,4.7402,1.1263,30.9516,1.2902,0.0282,38.1379,1
973,56777969218489,56777974504063,56777975169177,56777975170399,56778006010472,56778007251050,56778007278458,3565820853,5.2856,0.6651,30.8401,1.2406,0.0274,38.0600,1
974,56778026552878,56778031890231,56778032549270,56778032550603,56778063580566,56778064785181,56778064812237,3565820853,5.3374,0.6590,31.0300,1.2046,0.0271,38.2594,1
975,56778088223820,56778092704225,56778093843525,56778093845395,56778124557690,56778125618879,56778125645768,3565820853,4.4804,1.1393,30.7123,1.0612,0.0269,37.4219,1
976,56778163180328,56778168459124,56778169086849,56778169087867,56778199933366,56778201065999,56778201094296,3565820853,5.2788,0.6277,30.8455,1.1326,0.0283,37.9140,1
977,56778212711726,56778217429021,56778218328765,56778218329839,56778249297523,56778250546398,56778250573916,3565820853,4.7173,0.8997,30.9677,1.2489,0.0275,37.8622,1
978,56778270567469,56778275318949,56778275891081,56778275891951,56778306840654,56778307981787,56778308038843,3565820853,4.7515,0.5721,30.9487,1.1411,0.0571,37.4714,1
979,56778332556227,56778337769227,56778338383007,56778338383896,56778368994782,56778370277194,56778370303343,3565820853,5.2130,0.6138,30.6109,1.2824,0.0261,37.7471,1
980,56778399973707,56778404792206,56778405443412,56778405444338,56778436431059,56778437828250,56778437855305,3565820853,4.8185,0.6512,30.9867,1.3972,0.0271,37.8816,1
981,56778459607698,56778464901587,56778465557682,56778465558645,56778496281921,56778497437980,56778497466073,3565820853,5.2939,0.6561,30.7233,1.1561,0.0281,37.8584,1
982,56778525659062,56778531211508,56778531862751,56778531864029,56778562841009,56778563911643,56778563938513,3565820853,5.5524,0.6512,30.9770,1.0706,0.0269,38.2795,1
983,56778584918347,56778589708938,56778590277496,56778590278422,56778620925420,56778621976572,56778622002665,3565820853,4.7906,0.5686,30.6470,1.0512,0.0261,37.0843,1
984,56778654625929,56778659415520,56778660104837,56778660106411,56778690855743,56778691995506,56778692049618,1548795115,4.7896,0.6893,30.7493,1.1398,0.0541,37.4237,1
985,56778708698547,56778713927881,56778714576976,56778714578050,56778745541086,56778746692960,56778746720757,617532859,5.2293,0.6491,30.9630,1.1519,0.0278,38.0222,1
986,56778780670952,56778785483339,56778786083860,56778786084878,56778816500320,56778817555713,56778817581750,1057051976,4.8124,0.6005,30.4154,1.0554,0.0260,36.9108,1
987,56778871952665,56778878671097,56778879317062,56778879318544,56778912280624,56778913559702,56778913587888,2736650085,6.7184,0.6460,32.9621,1.2791,0.0282,41.6352,1
988,56778907388069,56778917802718,56778918477072,56778918478201,56778949440534,56778950674631,56778950702242,131115965,10.4146,0.6744,30.9623,1.2341,0.0276,43.3142,1
989,56778967010078,56778971774743,56778972714413,56778972715765,56779003122966,56779004182433,56779004208173,1595591334,4.7647,0.9397,30.4072,1.0595,0.0257,37.1981,1
990,56779034185373,56779039150909,56779040248450,56779040251857,56779071092004,56779072175897,56779072202397,3527530764,4.9655,1.0975,30.8401,1.0839,0.0265,38.0170,1
991,56779104611401,56779110344125,56779111055794,56779111057109,56779141849774,56779142956982,56779142983260,1151886881,5.7327,0.7117,30.7927,1.1072,0.0263,38.3719,1
992,56779145547232,56779151306178,56779152211108,56779152212774,56779182988328,56779184203462,56779184230333,1151886881,5.7589,0.9049,30.7756,1.2151,0.0269,38.6831,1
993,56779207607009,56779212636397,56779213519233,56779213520641,56779244091564,56779245144846,56779245171105,337504151,5.0294,0.8828,30.5709,1.0533,0.0263,37.5641,1
994,56779299675059,56779304953114,56779305656432,56779305657413,56779336564245,56779337797454,56779337825824,2642240746,5.2781,0.7033,30.9068,1.2332,0.0284,38.1508,1
995,56779345828149,56779351295890,56779352043782,56779352045152,56779382984429,56779384202322,56779384229471,2362478706,5.4677,0.7479,30.9393,1.2179,0.0271,38.4013,1
996,56779391982683,56779397384758,56779397970983,56779397971927,56779428613610,56779429717559,56779429744040,4257118485,5.4021,0.5862,30.6417,1.1039,0.0265,37.7614,1
997,56779456370746,56779460918503,56779461884766,56779461886877,56779492561671,56779493619712,56779493645397,2255861205,4.5478,0.9663,30.6748,1.0580,0.0257,37.2747,1
998,56779556657566,56779563477775,56779564060426,56779564061555,56779595064980,56779596250503,56779596278189,2141000217,6.8202,0.5827,31.0034,1.1855,0.0277,39.6206,1
999,56779603369084,56779608103342,56779609282883,56779609284716,56779640503513,56779641649257,56779641679832,872357651,4.7343,1.1795,31.2188,1.1457,0.0306,38.3107,1
1000,56779660439898,56779665509991,56779666415809,56779666417568,56779697165955,56779698213885,56779698239644,3094107648,5.0701,0.9058,30.7484,1.0479,0.0258,37.7997,1
1001,56779720588001,56779725516649,56779726166577,56779726167503,56779757070298,56779758127950,56779758154283,1125017438,4.9286,0.6499,30.9028,1.0577,0.0263,37.5663,1
1002,56779765336994,56779769982196,56779770619920,56779770620976,56779801324770,56779802434941,56779802560830,1007226935,4.6452,0.6377,30.7038,1.1102,0.1259,37.2238,1
1003,56779826016155,56779831058950,56779831710304,56779831711527,56779862434284,56779863480288,56779863506195,2612630962,5.0428,0.6514,30.7228,1.0460,0.0259,37.4900,1
1004,56779921340809,56779926419271,56779927102237,56779927103570,56779957702105,56779958757794,56779958783868,2654557436,5.0785,0.6830,30.5985,1.0557,0.0261,37.4431,1
1005,56779965627485,56779971039634,56779971858674,56779971860211,56780002855080,56780004353215,56780004381104,2600755660,5.4121,0.8190,30.9949,1.4981,0.0279,38.7536,1
1006,56780012182077,56780017174150,56780017842449,56780017843541,56780048532558,56780049663543,56780049691062,1664587417,4.9921,0.6683,30.6890,1.1310,0.0275,37.5090,1
1007,56780076588399,56780081205859,56780082092659,56780082093992,56780112975602,56780114072458,56780114098717,2325383944,4.6175,0.8868,30.8816,1.0969,0.0263,37.5103,1
1008,56780135600460,56780140634349,56780141673389,56780141674871,56780172206720,56780173256891,56780173283150,3487461350,5.0339,1.0390,30.5318,1.0502,0.0263,37.6827,1
1009,56780226728970,56780231650654,56780233017400,56780233018992,56780265452034,56780267420004,56780267453745,1468017556,4.9217,1.3667,32.4330,1.9680,0.0337,40.7248,1
1010,56780262524431,56780271972483,56780272989931,56780272991283,56780304050523,56780305561788,56780305588603,1468017556,9.4481,1.0174,31.0592,1.5113,0.0268,43.0642,1
1011,56780320039765,56780325579600,56780326160176,56780326161065,56780356684618,56780357931196,56780357958363,862492975,5.5398,0.5806,30.5236,1.2466,0.0272,37.9186,1
1012,56780384541199,56780389901829,56780390470720,56780390472183,56780420850383,56780421861720,56780421886869,4139888768,5.3606,0.5689,30.3782,1.0113,0.0251,37.3457,1
1013,56780453785890,56780459050797,56780459726003,56780459726966,56780490638428,56780491920507,56780491947248,500993206,5.2649,0.6752,30.9115,1.2821,0.0267,38.1614,1
1014,56780507812452,56780513391398,56780513987437,56780513988345,56780544438657,56780545492216,56780545517975,2148254467,5.5789,0.5960,30.4503,1.0536,0.0258,37.7055,1
1015,56780598887962,56780604359759,56780604984409,56780604985446,56780635671407,56780636935208,56780637007801,3661098161,5.4718,0.6247,30.6860,1.2638,0.0726,38.1198,1
1016,56780645213275,56780650791054,56780651434741,56780651436001,56780682493796,56780683772560,56780683799746,3158322437,5.5778,0.6437,31.0578,1.2788,0.0272,38.5865,1
1017,56780692747111,56780697115126,56780697865277,56780697866166,56780728189792,56780729237444,56780729264074,60026812,4.3680,0.7502,30.3236,1.0477,0.0266,36.5170,1
1018,56780772834877,56780778271452,56780778936640,56780778938177,56780810796420,56780812138277,56780812166277,2349098181,5.4366,0.6652,31.8582,1.3419,0.0280,39.3314,1
1019,56780817644463,56780822016478,56780822919037,56780822920074,56780853540461,56780854643354,56780854670558,3310331420,4.3720,0.9026,30.6204,1.1029,0.0272,37.0261,1
1020,56780925751533,56780931842869,56780932862262,56780932863466,56780964066632,56780965398859,56780965429693,4241565365,6.0913,1.0194,31.2032,1.3322,0.0308,39.6782,1
1021,56780955865529,56780970395433,56780971057009,56780971058139,56781001598581,56781003639366,56781003689273,4241565365,14.5299,0.6616,30.5404,2.0408,0.0499,47.8237,1
1022,56781005552854,56781010208630,56781011071300,56781011072763,56781041745613,56781043087543,56781043115377,427269068,4.6558,0.8627,30.6729,1.3419,0.0278,37.5625,1
1023,56781069661934,56781074314747,56781075320973,56781075322399,56781106045360,56781107093864,56781107121253,1029986887,4.6528,1.0062,30.7230,1.0485,0.0274,37.4593,1
1024,56781155586722,56781162927766,56781163537417,56781163538435,56781194591175,56781195684938,56781195712087,1358391685,7.3410,0.6097,31.0527,1.0938,0.0271,40.1254,1
1025,56781204126080,56781209266820,56781209829322,56781209830359,56781240694265,56781241783288,56781241810732,3014120431,5.1407,0.5625,30.8639,1.0890,0.0274,37.6847,1
1026,56781247312548,56781252155547,56781252892716,56781252894105,56781283271343,56781284302235,56781284328198,855513753,4.8430,0.7372,30.3772,1.0309,0.0260,37.0157,1
1027,56781330879605,56781335238676,56781335905512,56781335906697,56781366588751,56781367601143,56781367637588,1585918089,4.3591,0.6668,30.6821,1.0124,0.0364,36.7580,1
1028,56781458686375,56781464900490,56781465716215,56781465717622,56781498088404,56781499351908,56781499601687,3486643636,6.2141,0.8157,32.3708,1.2635,0.2498,40.9153,1
1029,56781493736296,56781504102351,56781505476504,56781505478115,56781538706289,56781540636852,56781540670778,3486643636,10.3661,1.3742,33.2282,1.9306,0.0339,46.9345,1
1030,56781538383233,56781545298961,56781545882130,56781545883130,56781576525054,56781577576446,56781577603094,3486643636,6.9157,0.5832,30.6419,1.0514,0.0266,39.2199,1
1031,56781582770965,56781587504778,56781588242429,56781588243632,56781618786482,56781619827837,56781619853078,362623883,4.7338,0.7377,30.5429,1.0414,0.0252,37.0821,1
1032,56781651436543,56781655742891,56781656516616,56781656517709,56781687597671,56781688781009,56781688807972,2161650133,4.3063,0.7737,31.0800,1.1833,0.0270,37.3714,1
1033,56781717902501,56781723428003,56781724160394,56781724161635,56781755131690,56781756317953,56781756344398,2161650133,5.5255,0.7324,30.9701,1.1863,0.0264,38.4419,1
1034,56781775631596,56781781727118,56781782342675,56781782343694,56781812917599,56781814051085,56781814078696,1285566829,6.0955,0.6156,30.5739,1.1335,0.0276,38.4471,1
1035,56781831202220,56781837040944,56781837994836,56781837996559,56781868877076,56781870034451,56781870061784,2341771103,5.8387,0.9539,30.8805,1.1574,0.0273,38.8596,1
1036,56781873986224,56781879268743,56781879963245,56781879964264,56781910706781,56781911920322,56781911946266,3452206110,5.2825,0.6945,30.7425,1.2135,0.0259,37.9600,1
1037,56781930232998,56781935339053,56781935969778,56781935970667,56781966691350,56781967798965,56781967824873,2418324473,5.1061,0.6307,30.7207,1.1076,0.0259,37.5919,1
1038,56781992237330,56781997268404,56781998091721,56781998092962,56782028735664,56782029819649,56782029845983,4257715618,5.0311,0.8233,30.6427,1.0840,0.0263,37.6087,1
1039,56782057026172,56782062241098,56782062959434,56782062960378,56782093621617,56782094674695,56782094701306,3301249924,5.2149,0.7183,30.6612,1.0531,0.0266,37.6751,1
1040,56782160515448,56782165378687,56782166467265,56782166468525,56782198496731,56782199840088,56782199869606,353609112,4.8632,1.0886,32.0282,1.3434,0.0295,39.3542,1
1041,56782190335054,56782204589771,56782205096495,56782205097847,56782235735308,56782237262406,56782237290925,353609112,14.2547,0.5067,30.6375,1.5271,0.0285,46.9559,1
1042,56782254161596,56782258799483,56782259727486,56782259729338,56782290595689,56782291643063,56782291670804,486930403,4.6379,0.9280,30.8664,1.0474,0.0277,37.5092,1
1043,56782305695854,56782310101832,56782310846390,56782310847409,56782341049942,56782342056261,56782342082131,213638165,4.4060,0.7446,30.2025,1.0063,0.0259,36.3863,1
1044,56782401899789,56782406728602,56782407687254,56782407688680,56782438781865,56782439930554,56782439957832,85896695,4.8288,0.9587,31.0932,1.1487,0.0273,38.0580,1
1045,56782443075454,56782447710507,56782448616270,56782448617862,56782479392972,56782480576495,56782480603736,2578033779,4.6351,0.9058,30.7751,1.1835,0.0272,37.5283,1
1046,56782495976198,56782501404254,56782501962478,56782501963478,56782532736903,56782533829444,56782533856222,679626476,5.4281,0.5582,30.7734,1.0925,0.0268,37.8800,1
1047,56782554897037,56782559532091,56782560287205,56782560288223,56782592448745,56782593535156,56782593562230,1614315624,4.6351,0.7551,32.1605,1.0864,0.0271,38.6652,1
1048,56782622547334,56782627251295,56782627832352,56782627833519,56782659758911,56782660831766,56782660858192,2387041704,4.7040,0.5811,31.9254,1.0729,0.0264,38.3109,1
1049,56782719082529,56782725694108,56782726340407,56782726341611,56782757952557,56782759079875,56782759107172,2937987978,6.6116,0.6463,31.6109,1.1273,0.0273,40.0246,1
1050,56782751738553,56782762840574,56782763509336,56782763510428,56782794112259,56782795169615,56782795196245,2937987978,11.1020,0.6688,30.6018,1.0574,0.0266,43.4577,1
1051,56782836212298,56782841275150,56782841957541,56782841959041,56782872489020,56782873618765,56782873645987,1453055300,5.0629,0.6824,30.5300,1.1297,0.0272,37.4337,1
1052,56782882296536,56782887559833,56782888332224,56782888334076,56782919110890,56782920276098,56782920303949,4271030471,5.2633,0.7724,30.7768,1.1652,0.0279,38.0074,1
1053,56782930886154,56782936208506,56782936851453,56782936852416,56782968075397,56782969429828,56782969457847,1554341200,5.3224,0.6429,31.2230,1.3544,0.0280,38.5717,1
1054,56782986528722,56782991465907,56782992120853,56782992122205,56783022712351,56783023765929,56783023792114,1554341200,4.9372,0.6549,30.5901,1.0536,0.0262,37.2634,1
1055,56783084104033,56783089782368,56783090499944,56783090501796,56783121559499,56783122694744,56783122722707,3810920396,5.6783,0.7176,31.0577,1.1352,0.0280,38.6187,1
1056,56783126188738,56783130884181,56783131745388,56783131746684,56783162866035,56783164040336,56783164069188,1638168167,4.6954,0.8612,31.1194,1.1743,0.0289,37.8805,1
1057,56783179279279,56783185421782,56783185946358,56783185947247,56783217095025,56783218167788,56783218194177,1638168167,6.1425,0.5246,31.1478,1.0728,0.0264,38.9149,1
1058,56783249512103,56783254021212,56783255059790,56783255062679,56783285973733,56783287075552,56783287102959,3076212103,4.5091,1.0386,30.9111,1.1018,0.0274,37.5909,1
1059,56783298656760,56783303954001,56783304666781,56783304668096,56783335530854,56783336663321,56783336689988,2438328006,5.2972,0.7128,30.8628,1.1325,0.0267,38.0332,1
1060,56783362128041,56783367438449,56783368227841,56783368229526,56783398743949,56783399841453,56783399873824,2438328006,5.3104,0.7894,30.5144,1.0975,0.0324,37.7458,1
1061,56783429744004,56783435627359,56783436220009,56783436221231,56783466999470,56783468139493,56783468166345,2097009872,5.8834,0.5927,30.7782,1.1400,0.0269,38.4223,1
1062,56783484526440,56783490005274,56783490787407,56783490789166,56783521522942,56783522623965,56783522651131,237240066,5.4788,0.7821,30.7338,1.1010,0.0272,38.1247,1
1063,56783587150972,56783592397361,56783593615680,56783593618421,56783627154448,56783628431860,56783628460267,893059901,5.2464,1.2183,33.5360,1.2774,0.0284,41.3093,1
1064,56783621030093,56783632488226,56783633066895,56783633068099,56783664410081,56783665649696,56783665676548,893059901,11.4581,0.5787,31.3420,1.2396,0.0269,44.6465,1
1065,56783696194268,56783701098415,56783701839140,56783701840436,56783732591749,56783733773531,56783733799624,3277424937,4.9041,0.7407,30.7513,1.1818,0.0261,37.6054,1
1066,56783739018068,56783743815511,56783744533384,56783744534996,56783775426976,56783776507887,56783776533776,2371813616,4.7974,0.7179,30.8920,1.0809,0.0259,37.5157,1
1067,56783790923309,56783795714326,56783796668163,56783796669533,56783827194790,56783828385776,56783828487517,2022469787,4.7910,0.9538,30.5253,1.1910,0.1017,37.5642,1
1068,56783847978956,56783853120734,56783853812737,56783853813848,56783883978066,56783884991625,56783885016959,4241268292,5.1418,0.6920,30.1642,1.0136,0.0253,37.0380,1
1069,56783920612567,56783925782122,56783926519681,56783926520773,56783957057826,56783958101812,56783958128645,1411247742,5.1696,0.7376,30.5371,1.0440,0.0268,37.5161,1
1070,56783984258071,56783989067626,56783990021147,56783990022388,56784020540867,56784021642927,56784021670001,1411247742,4.8096,0.9535,30.5185,1.1021,0.0271,37.4119,1
1071,56784063474854,56784069010873,56784069650209,56784069651079,56784100560949,56784101760231,56784101787360,4025896505,5.5360,0.6393,30.9099,1.1993,0.0271,38.3125,1
1072,56784104622611,56784109621407,56784110463391,56784110464947,56784141476705,56784142654784,56784142681561,991829367,4.9988,0.8420,31.0118,1.1781,0.0268,38.0590,1
1073,56784150762720,56784155789719,56784156441425,56784156443018,56784187341406,56784188390558,56784188416261,4093209737,5.0270,0.6517,30.8984,1.0492,0.0257,37.6535,1
1074,56784218478739,56784223536349,56784224548575,56784224550297,56784255054406,56784256103965,56784256134447,1241044483,5.0576,1.0122,30.5041,1.0496,0.0305,37.6557,1
1075,56784278782917,56784283965379,56784284984346,56784284985790,56784315413417,56784316547070,56784316574329,1241044483,5.1825,1.0190,30.4276,1.1337,0.0273,37.7914,1
1076,56784350872395,56784356582582,56784357205751,56784357206807,56784387773694,56784388885512,56784388913364,1031247469,5.7102,0.6232,30.5669,1.1118,0.0279,38.0410,1
1077,56784399848551,56784404593105,56784405486905,56784405488238,56784435804328,56784436869942,56784436896202,1927147563,4.7446,0.8938,30.3161,1.0656,0.0263,37.0477,1
1078,56784488101403,56784493059105,56784493764034,56784493764978,56784525480147,56784526637836,56784526665410,2790087136,4.9577,0.7049,31.7152,1.1577,0.0276,38.5640,1
1079,56784536123444,56784541283499,56784541976391,56784541977335,56784572841556,56784573984634,56784574011523,1601145739,5.1601,0.6929,30.8642,1.1431,0.0269,37.8881,1
1080,56784601449788,56784606271249,56784607103641,56784607105123,56784638012825,56784639033218,56784639061218,2371643777,4.8215,0.8324,30.9077,1.0204,0.0280,37.6114,1
1081,56784678295302,56784683336061,56784684076286,56784684077601,56784715136989,56784716422549,56784716452049,1239312018,5.0408,0.7402,31.0594,1.2856,0.0295,38.1567,1
1082,56784719941562,56784727028198,56784727654404,56784727655441,56784758812404,56784760399335,56784760427484,3783215370,7.0866,0.6262,31.1570,1.5869,0.0281,40.4859,1
1083,56784775051554,56784779878071,56784780531963,56784780533277,56784811249479,56784812328076,56784812354798,2886018267,4.8265,0.6539,30.7162,1.0786,0.0267,37.3032,1
1084,56784836712589,56784841300568,56784841960552,56784841961441,56784872329178,56784873343071,56784873368312,1382202634,4.5880,0.6600,30.3677,1.0139,0.0252,36.6557,1
1085,56784908694456,56784913879308,56784914789218,56784914790200,56784945571050,56784946665795,56784946691980,323453173,5.1849,0.9099,30.7809,1.0947,0.0262,37.9975,1
1086,56784953118299,56784957862946,56784958479893,56784958480744,56784989127150,56784990179654,56784990206061,2216089033,4.7446,0.6169,30.6464,1.0525,0.0264,37.0878,1
1087,56785041058483,56785047614080,56785048278231,56785048279564,56785078997562,56785080150474,56785080178270,876760013,6.5556,0.6642,30.7180,1.1529,0.0278,39.1198,1
1088,56785118046405,56785123710962,56785124524706,56785124526002,56785156385616,56785157513009,56785157545546,1182082738,5.6646,0.8137,31.8596,1.1274,0.0325,39.4991,1
1089,56785149500165,56785162227137,56785163113103,56785163114825,56785194093880,56785195274365,56785195304458,1182082738,12.7270,0.8860,30.9791,1.1805,0.0301,45.8043,1
1090,56785204225508,56785209439157,56785210021251,56785210022288,56785240588916,56785241788124,56785241814753,1823939716,5.2136,0.5821,30.5666,1.1992,0.0266,37.5892,1
1091,56785269314296,56785273864293,56785274703574,56785274704815,56785305434906,56785306481780,56785306508188,1240765693,4.5500,0.8393,30.7301,1.0469,0.0264,37.1939,1
1092,56785362279108,56785367913073,56785368598057,56785368599353,56785399479259,56785400708653,56785400735801,3009376179,5.6340,0.6850,30.8799,1.2294,0.0271,38.4567,1
1093,56785404966557,56785410335520,56785410955652,56785410956578,56785441743558,56785443035970,56785443063433,649424996,5.3690,0.6201,30.7870,1.2924,0.0275,38.0969,1
1094,56785457289817,56785463125042,56785463767136,56785463768636,56785494355912,56785495637324,56785495663824,4170236021,5.8352,0.6421,30.5873,1.2814,0.0265,38.3740,1
1095,56785514534595,56785519893410,56785520448320,56785520449394,56785551277707,56785552393526,56785552420711,2953744515,5.3588,0.5549,30.8283,1.1158,0.0272,37.8861,1
1096,56785578162488,56785582763782,56785583476841,56785583479007,56785614447321,56785615799622,56785615827400,3193162635,4.6013,0.7131,30.9683,1.3523,0.0278,37.6649,1
1097,56785636316769,56785642131531,56785642738718,56785642739755,56785673446383,56785674582813,56785674610147,3193162635,5.8148,0.6072,30.7066,1.1364,0.0273,38.2934,1
1098,56785698906307,56785703975918,56785704739087,56785704740032,56785735161214,56785736175218,56785736200681,857647076,5.0696,0.7632,30.4212,1.0140,0.0255,37.2944,1
1099,56785787874513,56785792625882,56785793637737,56785793639459,56785824958071,56785827099190,56785827128116,1799784017,4.7514,1.0119,31.3186,2.1411,0.0289,39.2536,1
1100,56785835091811,56785840440422,56785841307037,56785841309129,56785873536003,56785874738841,56785874771804,4070518096,5.3486,0.8666,32.2269,1.2028,0.0330,39.6800,1
1101,56785880833437,56785885136730,56785885850214,56785885851380,56785916509712,56785917427622,56785917451752,1792378333,4.3033,0.7135,30.6583,0.9179,0.0241,36.6183,1
1102,56785942778342,56785947270266,56785948137213,56785948138380,56785978734193,56785979589770,56785979612381,1821858361,4.4919,0.8669,30.5958,0.8556,0.0226,36.8340,1
1103,56786025716453,56786029279206,56786029948357,56786029949171,56786060217483,56786062889307,56786062931030,690650446,3.5628,0.6692,30.2683,2.6718,0.0417,37.2146,1
1104,56786061797877,56786066220523,56786066742691,56786066743413,56786097866061,56786099552623,56786099575586,690650446,4.4226,0.5222,31.1226,1.6866,0.0230,37.7777,1
1105,56786136412069,56786140431843,56786141513976,56786141515106,56786172350678,56786173272830,56786173296589,1454056803,4.0198,1.0821,30.8356,0.9222,0.0238,36.8845,1
1106,56786181212414,56786184771760,56786185357947,56786185358854,56786215275628,56786216338983,56786216361706,2830675315,3.5593,0.5862,29.9168,1.0634,0.0227,35.1493,1
1107,56786243987508,56786247500039,56786248302523,56786248303319,56786278769483,56786279637412,56786279660135,1570686965,3.5125,0.8025,30.4662,0.8679,0.0227,35.6726,1
1108,56786309419593,56786313091717,56786313768071,56786313768923,56786343768011,56786344644662,56786344668181,3553085713,3.6721,0.6764,29.9991,0.8767,0.0235,35.2486,1
1109,56786399071097,56786403768725,56786404722451,56786404723599,56786436478508,56786438076217,56786438105051,828735403,4.6976,0.9537,31.7549,1.5977,0.0288,39.0340,1
1110,56786433274793,56786441752101,56786442617252,56786442618641,56786473670048,56786474632588,56786474657903,828735403,8.4773,0.8652,31.0514,0.9625,0.0253,41.3831,1
1111,56786493919953,56786497404521,56786498072135,56786498072931,56786528223872,56786529077134,56786529099986,3302739259,3.4846,0.6676,30.1509,0.8533,0.0229,35.1800,1
1112,56786561461638,56786564978836,56786565579857,56786565580672,56786596105299,56786597016691,56786597044358,2719371728,3.5172,0.6010,30.5246,0.9114,0.0277,35.5827,1
1113,56786645647179,56786649787064,56786650377955,56786650378714,56786682059457,56786682966219,56786682989571,2978304939,4.1399,0.5909,31.6807,0.9068,0.0234,37.3424,1
1114,56786676634715,56786686594177,56786687238049,56786687239068,56786717577935,56786718437920,56786718461179,2978304939,9.9595,0.6439,30.3389,0.8600,0.0233,41.8265,1
1115,56786757492892,56786760841552,56786761612425,56786761613685,56786791966756,56786792882426,56786792904852,692051851,3.3487,0.7709,30.3531,0.9157,0.0224,35.4120,1
1116,56786803944891,56786807619589,56786808307684,56786808309592,56786838644496,56786839531795,56786839555444,2184987712,3.6747,0.6881,30.3349,0.8873,0.0236,35.6106,1
1117,56786866412150,56786870094793,56786870714443,56786870715851,56786901216089,56786902071426,56786902094426,3966594120,3.6826,0.6197,30.5002,0.8553,0.0230,35.6823,1
1118,56786942658996,56786946350602,56786946961456,56786946962845,56786977413953,56786978323105,56786978345956,2187725366,3.6916,0.6109,30.4511,0.9092,0.0229,35.6870,1
1119,56786995916389,56786999429976,56787000041515,56787000043034,56787030488790,56787031338238,56787031360682,4236683310,3.5136,0.6115,30.4458,0.8494,0.0224,35.4443,1
1120,56787057966518,56787062048829,56787062745424,56787062746461,56787092967698,56787093816368,56787093838571,3387758466,4.0823,0.6966,30.2212,0.8487,0.0222,35.8721,1
1121,56787140890961,56787144493937,56787145159032,56787145160032,56787176316162,56787177468906,56787177492851,448480476,3.6030,0.6651,31.1561,1.1527,0.0239,36.6019,1
1122,56787174679896,56787180496269,56787181133494,56787181134642,56787211225971,56787212097159,56787212120048,307722626,5.8164,0.6372,30.0913,0.8712,0.0229,37.4402,1
1123,56787272043502,56787275786201,56787276689075,56787276690797,56787312510091,56787313702318,56787313732207,2266155330,3.7427,0.9029,35.8193,1.1922,0.0299,41.6887,1
