t_det_stamp_ns,t_det_recv_ns,t_cmd_recv_ns,approx_e2e_ms,t_cam_stamp_ns,t_cam_recv_ns,cam_to_det_ms
57529818030517,1783934117173827413,1783934117174609692,0.782,57529818030517,1783934117153320805,26.732
57529860390089,1783934117215833058,1783934117216348948,0.516,57529860390089,1783934117193435502,26.377
57529923468343,1783934117279163572,1783934117279611832,0.448,57529923468343,1783934117256230348,26.63
57529995081223,1783934117349691691,1783934117350118340,0.427,57529995081223,1783934117327561987,25.545
57530084994337,1783934117440727122,1783934117441333715,0.607,57530084994337,1783934117421588608,26.667
57530115074980,1783934117470195597,1783934117470608098,0.413,57530115074980,1783934117448088856,26.055
57530115074980,1783934117470195597,1783934117547748524,77.553,57530115074980,1783934117448088856,26.055
57530193090833,1783934117548384210,1783934117594461936,46.078,57530193090833,1783934117525834394,26.228
57530239419226,1783934117594899399,1783934117655020556,60.121,57530239419226,1783934117572281306,26.414
57530376284864,1783934117731830037,1783934117731995278,0.165,57530376284864,1783934117708475961,26.48
57530419030880,1783934117773996145,1783934117774404238,0.408,57530419030880,1783934117752524590,25.9
57530509269773,1783934117863803074,1783934117864504445,0.701,57530509269773,1783934117842398742,25.468
57530560082247,1783934117916044032,1783934117916279181,0.235,57530560082247,1783934117895285034,26.896
57530560082247,1783934117916044032,1783934117958185029,42.141,57530560082247,1783934117895285034,26.896
57530665935610,1783934118021166005,1783934118021584710,0.419,57530665935610,1783934117998765301,26.165
57530729739144,1783934118086872838,1783934118087373821,0.501,57530729739144,1783934118065909766,28.068
57530790659746,1783934118145706512,1783934118146112734,0.406,57530790659746,1783934118123904604,25.981
57530857114136,1783934118211552585,1783934118212078531,0.526,57530857114136,1783934118192430257,25.373
57530937270864,1783934118292588666,1783934118293301112,0.712,57530937270864,1783934118270375148,26.252
57530986945318,1783934118341712509,1783934118342344917,0.632,57530986945318,1783934118319198619,25.701
57531040832520,1783934118396098971,1783934118396530693,0.432,57531040832520,1783934118374711231,26.201
57531132334174,1783934118487706329,1783934118488465089,0.759,57531132334174,1783934118466038422,26.306
57531165986323,1783934118521293811,1783934118521696682,0.403,57531165986323,1783934118499765979,26.242
57531235921089,1783934118591730337,1783934118592314320,0.584,57531235921089,1783934118569418577,26.744
57531321561049,1783934118678696262,1783934118679378966,0.683,57531321561049,1783934118655924186,28.07
57531353914214,1783934118713193042,1783934118713691765,0.499,57531353914214,1783934118686702497,30.213
57531430683992,1783934118787271759,1783934118788100390,0.829,57531430683992,1783934118763823572,27.522
57531477373441,1783934118833821579,1783934118834368746,0.547,57531477373441,1783934118811834264,27.383
57531546378853,1783934118901362081,1783934118901944101,0.582,57531546378853,1783934118879360618,25.918
57531632870277,1783934118990528861,1783934118991618196,1.089,57531632870277,1783934118967506656,28.596
57531662138215,1783934119017506499,1783934119017902333,0.396,57531662138215,1783934118996492871,26.302
57531759711750,1783934119116184814,1783934119116708871,0.524,57531759711750,1783934119096443059,27.408
57531789280448,1783934119145153956,1783934119145662031,0.508,57531789280448,1783934119123060789,26.808
57531878752766,1783934119234221921,1783934119234814718,0.593,57531878752766,1783934119213621997,26.403
57531922473803,1783934119277547735,1783934119278123662,0.576,57531922473803,1783934119256172125,26.008
57531975978912,1783934119331303474,1783934119331709548,0.406,57531975978912,1783934119309388400,26.259
57532065916841,1783934119421938182,1783934119422566220,0.628,57532065916841,1783934119402793446,26.991
57532095123668,1783934119450338249,1783934119450745194,0.407,57532095123668,1783934119429781807,26.149
57532175885971,1783934119531692182,1783934119532167961,0.476,57532175885971,1783934119509060385,26.741
57532253354639,1783934119608617257,1783934119609518869,0.902,57532253354639,1783934119586317701,26.197
57532294600227,1783934119649806734,1783934119650222179,0.415,57532294600227,1783934119628259605,26.141
57532361010154,1783934119715902456,1783934119716533587,0.631,57532361010154,1783934119694325235,25.827
57532414977171,1783934119770255567,1783934119770659623,0.404,57532414977171,1783934119749219124,26.213
57532502200615,1783934119857727455,1783934119858685179,0.958,57532502200615,1783934119835607270,26.462
57532541316033,1783934119896660484,1783934119897326800,0.666,57532541316033,1783934119875085762,26.283
57532591287117,1783934119946631883,1783934119947259829,0.628,57532591287117,1783934119924621420,26.28
57532658812491,1783934120014999813,1783934120015407981,0.408,57532658812491,1783934119994183426,27.122
57532733568524,1783934120089286143,1783934120089881810,0.596,57532733568524,1783934120068013385,26.652
57532778660064,1783934120133927478,1783934120134325478,0.398,57532778660064,1783934120113691147,26.202
57532870487812,1783934120226486171,1783934120227384339,0.898,57532870487812,1783934120203934652,26.933
57532918007762,1783934120272109285,1783934120272802805,0.694,57532918007762,1783934120250667842,25.036
57532981499629,1783934120336804821,1783934120337237285,0.432,57532981499629,1783934120314741043,26.24
57533028712135,1783934120383681326,1783934120384081086,0.4,57533028712135,1783934120361702807,25.903
57533123666296,1783934120479690748,1783934120480347767,0.657,57533123666296,1783934120457040561,26.959
57533168466982,1783934120524263064,1783934120525152677,0.89,57533168466982,1783934120501597155,26.731
57533220226737,1783934120575612317,1783934120576068077,0.456,57533220226737,1783934120554967227,26.32
57533220226737,1783934120575612317,1783934120638414498,62.802,57533220226737,1783934120554967227,26.32
57533283064676,1783934120638846776,1783934120708881969,70.035,57533283064676,1783934120616285923,26.717
57533354052000,1783934120709564322,1783934120760333241,50.769,57533354052000,1783934120686119578,26.446
57533494883757,1783934120850384634,1783934120850985672,0.601,57533494883757,1783934120828060893,26.435
57533541362687,1783934120897251510,1783934120898161734,0.91,57533541362687,1783934120874755675,26.825
57533591478643,1783934120946321111,1783934120946724390,0.403,57533591478643,1783934120924090722,25.777
57533651734763,1783934121007035121,1783934121007495604,0.46,57533651734763,1783934120985449659,26.234
57533757230220,1783934121118531218,1783934121118746589,0.215,57533757230220,1783934121091969228,32.235
57533784522136,1783934121141632701,1783934121142322036,0.689,57533784522136,1783934121119341108,28.045
57533834175961,1783934121189144004,1783934121189598098,0.454,57533834175961,1783934121167626394,25.902
57533903034337,1783934121258142177,1783934121258544992,0.403,57533903034337,1783934121237890957,26.042
57533983499233,1783934121340368724,1783934121341718263,1.35,57533983499233,1783934121316534850,27.805
57534027549604,1783934121383216148,1783934121383821427,0.605,57534027549604,1783934121361138444,26.601
57534080153378,1783934121435322588,1783934121435721052,0.398,57534080153378,1783934121414138515,26.103
57534173501722,1783934121529497581,1783934121529971563,0.474,57534173501722,1783934121506800839,26.93
57534208120428,1783934121563457176,1783934121563847065,0.39,57534208120428,1783934121542887696,26.271
57534272885705,1783934121628802583,1783934121629426491,0.624,57534272885705,1783934121607573899,26.852
57534332376232,1783934121687308793,1783934121687704479,0.396,57534332376232,1783934121665473849,25.867
57534393327279,1783934121748265841,1783934121748666638,0.401,57534393327279,1783934121726289193,25.873
57534466544589,1783934121821590187,1783934121822208522,0.618,57534466544589,1783934121799420002,25.98
57534515642190,1783934121870335270,1783934121870946216,0.611,57534515642190,1783934121848661604,25.627
57534603680617,1783934121959368180,1783934121960165552,0.797,57534603680617,1783934121936922401,26.622
57534641269885,1783934121995980076,1783934121996984374,1.004,57534641269885,1783934121974676854,25.644
57534711280133,1783934122067431197,1783934122068355587,0.924,57534711280133,1783934122044023583,27.086
57534758240824,1783934122112627385,1783934122113542331,0.915,57534758240824,1783934122091148385,25.321
57534824753808,1783934122179595776,1783934122180236574,0.641,57534824753808,1783934122157664350,25.776
57534920069377,1783934122275033827,1783934122275599625,0.566,57534920069377,1783934122252849308,25.899
57534960566168,1783934122318648420,1783934122319081976,0.434,57534960566168,1783934122293838878,29.017
57535027140151,1783934122382247009,1783934122382651584,0.405,57535027140151,1783934122359891731,26.041
57535101394092,1783934122457615212,1783934122458204435,0.589,57535101394092,1783934122434817321,27.155
57535134753964,1783934122489958341,1783934122490441915,0.484,57535134753964,1783934122467097172,26.139
57535193945823,1783934122548340551,1783934122548746311,0.406,57535193945823,1783934122526365032,25.329
57535290507562,1783934122645887735,1783934122646443662,0.556,57535290507562,1783934122623565882,26.315
57535335255582,1783934122690477922,1783934122691086830,0.609,57535335255582,1783934122667959791,26.156
57535381361605,1783934122736018777,1783934122736416963,0.398,57535381361605,1783934122714293777,25.591
57535478515140,1783934122833714980,1783934122834222573,0.508,57535478515140,1783934122811511553,26.134
57535526050962,1783934122882608730,1783934122883201471,0.593,57535526050962,1783934122860714878,27.492
57535567154550,1783934122922866817,1783934122923723633,0.857,57535567154550,1783934122900116352,26.647
57535627338300,1783934122982351973,1783934122982969437,0.617,57535627338300,1783934122960390399,25.948
57535705237562,1783934123060068716,1783934123060684255,0.616,57535705237562,1783934123037733049,25.766
57535765992740,1783934123120906246,1783934123121475247,0.569,57535765992740,1783934123098617152,25.848
57535833653503,1783934123189022714,1783934123189705567,0.683,57535833653503,1783934123167118473,26.304
57535895508645,1783934123250305022,1783934123250928245,0.623,57535895508645,1783934123228116947,25.731
57535939010405,1783934123293760466,1783934123294168948,0.408,57535939010405,1783934123272101985,25.684
57536006522649,1783934123362308342,1783934123362547305,0.239,57536006522649,1783934123338910969,26.721
57536074967358,1783934123429427363,1783934123429828735,0.401,57536074967358,1783934123408103346,25.394
57536158027407,1783934123512831024,1783934123513524340,0.693,57536158027407,1783934123490876598,25.738
57536203104724,1783934123557451341,1783934123557927119,0.476,57536203104724,1783934123536033563,25.281
57536256352130,1783934123610326505,1783934123610731302,0.405,57536256352130,1783934123588979246,24.908
57536329402773,1783934123683544907,1783934123683948963,0.404,57536329402773,1783934123662182574,25.076
57536393323993,1783934123747787350,1783934123748203573,0.416,57536393323993,1783934123725822794,25.398
57536450044033,1783934123804908873,1783934123805137614,0.229,57536450044033,1783934123782637002,25.799
57536534600233,1783934123890006740,1783934123890833019,0.826,57536534600233,1783934123867223997,26.341
57536581676498,1783934123937352154,1783934123938078599,0.726,57536581676498,1783934123914675819,26.61
57536626955742,1783934123982777324,1783934123983258843,0.482,57536626955742,1783934123959766507,26.756
57536703862336,1783934124059528825,1783934124060182122,0.653,57536703862336,1783934124036689601,26.601
57536750566582,1783934124106227830,1783934124106720739,0.493,57536750566582,1783934124083421829,26.596
57536841136274,1783934124198155987,1783934124199190026,1.034,57536841136274,1783934124174110539,27.955
57536875860814,1783934124231328544,1783934124231850878,0.522,57536875860814,1783934124208395560,26.402
57536947845196,1783934124303917056,1783934124304891428,0.974,57536947845196,1783934124280304035,27.006
57536999209876,1783934124354168494,1783934124354611606,0.443,57536999209876,1783934124331706233,25.893
57537091731590,1783934124446971726,1783934124447557246,0.586,57537091731590,1783934124424199854,26.175
57537140200339,1783934124494472566,1783934124495141734,0.669,57537140200339,1783934124472585233,25.21
57537185521009,1783934124540186292,1783934124540615089,0.429,57537185521009,1783934124518531181,25.6
57537260050506,1783934124616041181,1783934124616610849,0.57,57537260050506,1783934124592847549,26.925
57537309817888,1783934124664890635,1783934124665363506,0.473,57537309817888,1783934124642993468,26.007
57537375489259,1783934124731090951,1783934124731500156,0.409,57537375489259,1783934124712175993,26.536
57537435344120,1783934124791793888,1783934124792358741,0.565,57537435344120,1783934124771566057,27.384
57537494201294,1783934124849288486,1783934124849742746,0.454,57537494201294,1783934124827140374,26.022
57537591294201,1783934124946407800,1783934124947094375,0.687,57537591294201,1783934124924335559,26.048
57537633217772,1783934124987839278,1783934124988384705,0.545,57537633217772,1783934124966091704,25.556
57537686581511,1783934125041316036,1783934125041719259,0.403,57537686581511,1783934125019763666,25.669
57537754113775,1783934125108966207,1783934125109399300,0.433,57537754113775,1783934125086727706,25.787
57537837716177,1783934125193477111,1783934125194085556,0.608,57537837716177,1783934125170187330,26.695
57537871404475,1783934125225681999,1783934125226087407,0.405,57537871404475,1783934125204398426,25.212
57537946217455,1783934125301824888,1783934125302565038,0.74,57537946217455,1783934125278686645,26.542
57537994558982,1783934125348686154,1783934125349267654,0.582,57537994558982,1783934125330293789,25.062
57538056325921,1783934125411155760,1783934125411728354,0.573,57538056325921,1783934125389957280,25.764
57538125695632,1783934125481036454,1783934125481472306,0.436,57538125695632,1783934125460282863,26.275
57538210086961,1783934125564682134,1783934125565112023,0.43,57538210086961,1783934125543178912,25.529
57538275414517,1783934125636485886,1783934125636969979,0.484,57538275414517,1783934125612346659,32.009
57538303412954,1783934125658601257,1783934125659014461,0.413,57538303412954,1783934125638604464,26.123
57538374455446,1783934125729147970,1783934125729627249,0.479,57538374455446,1783934125707241544,25.627
57538443417619,1783934125798393903,1783934125798917034,0.523,57538443417619,1783934125776705292,25.911
57538488932604,1783934125844225259,1783934125844656630,0.431,57538488932604,1783934125821981906,26.227
57538550562154,1783934125905478938,1783934125906041920,0.563,57538550562154,1783934125883005103,25.851
57538641232864,1783934125996389908,1783934125997066946,0.677,57538641232864,1783934125975001538,26.091
57538690681653,1783934126044951065,1783934126045394177,0.443,57538690681653,1783934126022605508,25.204
57538766788764,1783934126121311177,1783934126122197753,0.887,57538766788764,1783934126098704120,25.457
57538813713937,1783934126169228278,1783934126169627927,0.4,57538813713937,1783934126148986003,26.449
57538813713937,1783934126169228278,1783934126229337196,60.109,57538813713937,1783934126148986003,26.449
57538955366865,1783934126312832764,1783934126314757434,1.925,57538955366865,1783934126293929121,28.403
57538985459879,1783934126342468408,1783934126343112853,0.644,57538985459879,1783934126320803574,27.943
57539067841798,1783934126423457861,1783934126424139548,0.682,57539067841798,1783934126400592137,26.551
57539108297960,1783934126463400967,1783934126463798745,0.398,57539108297960,1783934126443629655,26.037
57539205030848,1783934126561606449,1783934126562240821,0.634,57539205030848,1783934126538387576,27.51
57539256561362,1783934126611434016,1783934126611831406,0.397,57539256561362,1783934126589484256,25.807
57539315950612,1783934126671350359,1783934126671852009,0.502,57539315950612,1783934126648674006,26.334
57539356689200,1783934126711001446,1783934126711546428,0.545,57539356689200,1783934126689032205,25.247
57539417393470,1783934126771964902,1783934126772398903,0.434,57539417393470,1783934126749783753,25.506
57539481498432,1783934126836850772,1783934126837361940,0.511,57539481498432,1783934126814047604,26.287
57539542889241,1783934126897299005,1783934126897711728,0.413,57539542889241,1783934126875188857,25.344
57539606904313,1783934126961497393,1783934126961901449,0.404,57539606904313,1783934126938770206,25.527
57539697205857,1783934127052422253,1783934127052942457,0.52,57539697205857,1783934127029890214,26.151
57539734047290,1783934127088266592,1783934127088713593,0.447,57539734047290,1783934127065834220,25.154
57539804462189,1783934127159041880,1783934127159661011,0.619,57539804462189,1783934127137050287,25.519
57539850550842,1783934127204499902,1783934127204904625,0.405,57539850550842,1783934127182425309,24.883
57539931092054,1783934127285889449,1783934127286306746,0.417,57539931092054,1783934127263411263,25.732
57540003642956,1783934127358269184,1783934127358766407,0.497,57540003642956,1783934127335404386,25.561
57540049567442,1783934127405936248,1783934127406602378,0.666,57540049567442,1783934127384297377,27.303
57540096690801,1783934127451404326,1783934127451851123,0.447,57540096690801,1783934127429164991,25.648
57540161713894,1783934127516491808,1783934127517044142,0.552,57540161713894,1783934127494229177,25.713
57540223233055,1783934127577703727,1783934127578159895,0.456,57540223233055,1783934127555712690,25.405
57540312496615,1783934127667908141,1783934127668462976,0.555,57540312496615,1783934127646366715,26.346
57540342629612,1783934127697486988,1783934127697892526,0.406,57540342629612,1783934127674965505,25.792
57540403666253,1783934127758072851,1783934127758477241,0.404,57540403666253,1783934127736304240,25.341
57540473992466,1783934127827994453,1783934127828405713,0.411,57540473992466,1783934127806327268,24.936
57540548223168,1783934127902887933,1783934127903293212,0.405,57540548223168,1783934127880925599,25.599
57540621549553,1783934127976145559,1783934127976643115,0.498,57540621549553,1783934127954179984,25.53
57540667260076,1783934128022152878,1783934128022645453,0.493,57540667260076,1783934127999730414,25.827
57540740575794,1783934128096582488,1783934128097467193,0.885,57540740575794,1783934128075109414,26.941
57540775251613,1783934128129770619,1783934128130182620,0.412,57540775251613,1783934128108183748,25.453
57540839262723,1783934128194024303,1783934128194464897,0.441,57540839262723,1783934128173181193,25.696
57540927923172,1783934128284513681,1783934128285143849,0.63,57540927923172,1783934128263309848,27.525
57540958224872,1783934128312304321,1783934128312709544,0.405,57540958224872,1783934128291003766,25.014
57541020396719,1783934128374717151,1783934128375137503,0.42,57541020396719,1783934128352938761,25.255
57541087073130,1783934128441696970,1783934128442409786,0.713,57541087073130,1783934128419512894,25.558
57541160317386,1783934128515190151,1783934128515607596,0.417,57541160317386,1783934128493254947,25.807
57541210516972,1783934128565669423,1783934128566065665,0.396,57541210516972,1783934128544365294,26.087
57541300132533,1783934128655508207,1783934128656107430,0.599,57541300132533,1783934128633738244,26.31
57541344161183,1783934128699179967,1783934128699826857,0.647,57541344161183,1783934128678598599,25.953
57541398467480,1783934128753374801,1783934128753773987,0.399,57541398467480,1783934128731175319,25.842
57541477262319,1783934128832878660,1783934128833509494,0.631,57541477262319,1783934128810751066,26.551
57541520415226,1783934128875537307,1783934128876053975,0.517,57541520415226,1783934128853514936,26.057
57541585421079,1783934128940417437,1783934128940825049,0.408,57541585421079,1783934128918234307,25.931
57541656852831,1783934129012651265,1783934129013243785,0.593,57541656852831,1783934128990319819,26.734
57541708593976,1783934129064728521,1783934129065178559,0.45,57541708593976,1783934129042472002,27.069
57541772580623,1783934129127100833,1783934129127505648,0.405,57541772580623,1783934129106698872,25.454
57541843728227,1783934129198797178,1783934129199418901,0.622,57541843728227,1783934129176309621,26.003
57541889089657,1783934129244020163,1783934129244449886,0.43,57541889089657,1783934129222600645,25.865
57541959842686,1783934129314325970,1783934129314749081,0.423,57541959842686,1783934129294395120,25.417
57542046306057,1783934129402659159,1783934129403415530,0.756,57542046306057,1783934129382861625,27.288
57542090401263,1783934129445869029,1783934129446576845,0.708,57542090401263,1783934129422737656,26.403
57542133412633,1783934129488299380,1783934129488897140,0.598,57542133412633,1783934129466962140,25.821
57542230037595,1783934129587998959,1783934129589429628,1.431,57542230037595,1783934129565058605,28.896
57542261687520,1783934129618159752,1783934129618774808,0.615,57542261687520,1783934129595826991,27.407
57542355965034,1783934129711574024,1783934129712143895,0.57,57542355965034,1783934129689338134,26.543
57542397163716,1783934129751368463,1783934129751790593,0.422,57542397163716,1783934129734143766,25.139
57542476225815,1783934129831291137,1783934129831706193,0.415,57542476225815,1783934129809981878,26.0
57542526711254,1783934129881154427,1783934129881608631,0.454,57542526711254,1783934129858587906,25.378
57542576093302,1783934129930898401,1783934129931310291,0.412,57542576093302,1783934129908051417,25.739
57542652060840,1783934130006547605,1783934130007055847,0.508,57542652060840,1783934129984034641,25.421
57542695737656,1783934130050552941,1783934130050954089,0.401,57542695737656,1783934130028986570,25.75
57542790384227,1783934130147714553,1783934130148576702,0.862,57542790384227,1783934130123546659,28.265
57542822721820,1783934130178986718,1783934130179472570,0.486,57542822721820,1783934130158538312,27.199
57542895440741,1783934130250416470,1783934130251095601,0.679,57542895440741,1783934130228728729,25.914
57542944605752,1783934130298456164,1783934130298924739,0.469,57542944605752,1783934130276331645,24.785
57543034525870,1783934130389512877,1783934130390208693,0.696,57543034525870,1783934130367053820,25.922
57543080809617,1783934130435479012,1783934130436046846,0.568,57543080809617,1783934130413377640,25.604
57543125638157,1783934130480065792,1783934130480502775,0.437,57543125638157,1783934130458248958,25.362
57543190393306,1783934130545109627,1783934130545553720,0.444,57543190393306,1783934130522661995,25.651
57543281657204,1783934130637122378,1783934130637616953,0.495,57543281657204,1783934130614411728,26.399
57543331960142,1783934130686515685,1783934130687057760,0.542,57543331960142,1783934130664738592,25.49
57543395423141,1783934130750160147,1783934130750324092,0.164,57543395423141,1783934130727959942,25.672
57543473618220,1783934130829997155,1783934130830142155,0.145,57543473618220,1783934130809392268,27.313
57543508363354,1783934130863854102,1783934130864036510,0.182,57543508363354,1783934130842773603,26.425
57543508363354,1783934130863854102,1783934130921403220,57.549,57543508363354,1783934130842773603,26.425
57543566620306,1783934130922078536,1783934130978379707,56.301,57543566620306,1783934130900085702,26.392
57543624217220,1783934130978817115,1783934131070049828,91.233,57543624217220,1783934130955980354,25.534
57543763201997,1783934131118400208,1783934131118622449,0.222,57543763201997,1783934131098323248,26.133
57543763201997,1783934131118400208,1783934131165176196,46.776,57543763201997,1783934131098323248,26.133
57543809400836,1783934131165599901,1783934131232198849,66.599,57543809400836,1783934131143326492,27.133
57543963435825,1783934131318375332,1783934131319037425,0.662,57543963435825,1783934131295640311,25.874
57543996797716,1783934131350625480,1783934131351138481,0.513,57543996797716,1783934131328929905,24.762
57544055905929,1783934131410673491,1783934131411077344,0.404,57544055905929,1783934131388470286,25.702
57544055905929,1783934131410673491,1783934131524341465,113.668,57544055905929,1783934131388470286,25.702
57544194486205,1783934131548688303,1783934131549092378,0.404,57544194486205,1783934131527060599,25.136
57544272535081,1783934131626774809,1783934131627673107,0.898,57544272535081,1783934131604255936,25.174
57544317447214,1783934131672538610,1783934131673244408,0.706,57544317447214,1783934131650329757,26.027
57544364540351,1783934131718710690,1783934131719108857,0.398,57544364540351,1783934131696486744,25.105
57544431960856,1783934131786869196,1783934131787260790,0.392,57544431960856,1783934131765540141,25.842
57544494893317,1783934131849610638,1783934131850098120,0.487,57544494893317,1783934131827277081,25.652
57544554676068,1783934131909802335,1783934131910460632,0.658,57544554676068,1783934131887292592,26.062
57544616292230,1783934131970536421,1783934131970945422,0.409,57544616292230,1783934131948366161,25.178
57544690113210,1783934132044770549,1783934132045407199,0.637,57544690113210,1783934132022396085,25.591
57544735855400,1783934132090634351,1783934132091039574,0.405,57544735855400,1783934132068441016,25.713
57544798665935,1783934132153019570,1783934132153442608,0.423,57544798665935,1783934132130786458,25.288
57544896638864,1783934132252962762,1783934132253740393,0.778,57544896638864,1783934132228787461,27.258
57544941864275,1783934132296826560,1783934132297264024,0.437,57544941864275,1783934132278513621,25.897
57544997814261,1783934132351998026,1783934132352411749,0.414,57544997814261,1783934132330322081,25.118
57545080692312,1783934132435781226,1783934132436237820,0.457,57545080692312,1783934132414668505,26.023
57545129113914,1783934132484370588,1783934132485061830,0.691,57545129113914,1783934132461913216,26.191
57545176336811,1783934132531642614,1783934132531802670,0.16,57545176336811,1783934132508351722,26.24
57545241433886,1783934132596827264,1783934132597297413,0.47,57545241433886,1783934132574462133,26.328
57545317653259,1783934132672378339,1783934132673022396,0.644,57545317653259,1783934132650647043,25.659
57545364414062,1783934132718930309,1783934132719381458,0.451,57545364414062,1783934132697377068,25.451
57545428841914,1783934132783468161,1783934132783941570,0.473,57545428841914,1783934132761830216,25.56
57545492407154,1783934132847118846,1783934132847530809,0.412,57545492407154,1783934132825701938,25.646
57545586682799,1783934132941504009,1783934132942159751,0.656,57545586682799,1783934132918538951,25.755
57545630532874,1783934132985471455,1783934132986094919,0.623,57545630532874,1783934132962963842,25.877
57545681365296,1783934133036491933,1783934133036895174,0.403,57545681365296,1783934133014795710,26.061
57545776426238,1783934133131128467,1783934133132762359,1.634,57545776426238,1783934133108294465,25.637
57545818102070,1783934133173131540,1783934133173758337,0.627,57545818102070,1783934133150171611,25.964
57545865362374,1783934133219336713,1783934133219744602,0.408,57545865362374,1783934133197229415,24.909
57545956079531,1783934133311407261,1783934133312049448,0.642,57545956079531,1783934133287770165,26.262
57545989720386,1783934133343968707,1783934133344377078,0.408,57545989720386,1783934133321495668,25.183
57546072563178,1783934133427032591,1783934133427435759,0.403,57546072563178,1783934133405368739,25.403
57546142548947,1783934133497258621,1783934133498554197,1.296,57546142548947,1783934133475810546,25.645
57546186288634,1783934133541225752,1783934133541629605,0.404,57546186288634,1783934133519691363,25.871
57546256216033,1783934133611540745,1783934133612138098,0.597,57546256216033,1783934133589957318,26.259
57546296642344,1783934133651435814,1783934133651832981,0.397,57546296642344,1783934133632005151,25.728
57546381470825,1783934133736079998,1783934133736643573,0.564,57546381470825,1783934133716333075,25.544
57546434536046,1783934133789835665,1783934133790626944,0.791,57546434536046,1783934133767741423,26.234
57546487905454,1783934133842997053,1783934133843395443,0.398,57546487905454,1783934133822188777,26.026
57546574137492,1783934133929518666,1783934133930400261,0.882,57546574137492,1783934133907608128,26.316
57546625386933,1783934133980658218,1783934133981311682,0.653,57546625386933,1783934133959362551,26.206
57546670796900,1783934134025915463,1783934134026350520,0.435,57546670796900,1783934134005328594,26.053
57546731198987,1783934134086303383,1783934134086703347,0.4,57546731198987,1783934134064616049,26.039
57546793394558,1783934134148744288,1783934134149170048,0.426,57546793394558,1783934134126632823,26.284
57546858787634,1783934134213574697,1783934134213979253,0.405,57546858787634,1783934134192298271,25.721
57546920664408,1783934134275894360,1783934134276297954,0.404,57546920664408,1783934134253919489,26.164
57546983214758,1783934134337243615,1783934134337656801,0.413,57546983214758,1783934134315001058,24.963
57547077955034,1783934134432174558,1783934134432622429,0.448,57547077955034,1783934134409534685,25.154
57547111849648,1783934134465989968,1783934134466392025,0.402,57547111849648,1783934134443916300,25.074
57547169936675,1783934134524553515,1783934134524961682,0.408,57547169936675,1783934134502604569,25.551
57547244112211,1783934134598220013,1783934134598640699,0.421,57547244112211,1783934134576326882,25.042
57547296726377,1783934134651369068,1783934134651950032,0.581,57547296726377,1783934134629340678,25.577
57547390078335,1783934134745593510,1783934134746409807,0.816,57547390078335,1783934134722277340,26.45
57547430863165,1783934134785773394,1783934134786230617,0.457,57547430863165,1783934134766304916,25.845
57547477874802,1783934134832396827,1783934134832818754,0.422,57547477874802,1783934134810469678,25.456
57547551742505,1783934134906859253,1783934134907658810,0.8,57547551742505,1783934134887010107,26.051
57547596440564,1783934134951197404,1783934134951622127,0.425,57547596440564,1783934134929321347,25.691
57547708830852,1783934135064402656,1783934135065408565,1.006,57547708830852,1783934135044674307,26.508
57547737507568,1783934135091901630,1783934135092345983,0.444,57547737507568,1783934135070676945,25.328
57547787182581,1783934135141655402,1783934135142111662,0.456,57547787182581,1783934135119717771,25.411
57547875766253,1783934135230946150,1783934135231365169,0.419,57547875766253,1783934135208987130,26.115
57547910008035,1783934135263628744,1783934135264102430,0.474,57547910008035,1783934135242569670,24.555
57547985282759,1783934135340683619,1783934135341326712,0.643,57547985282759,1783934135318858618,26.335
57548031995322,1783934135387200348,1783934135387608737,0.408,57548031995322,1783934135365379199,26.14
57548101282146,1783934135455839801,1783934135456242283,0.402,57548101282146,1783934135434328208,25.492
57548188579650,1783934135542753470,1783934135543168934,0.415,57548188579650,1783934135520878154,25.108
57548233354265,1783934135587237085,1783934135587642900,0.406,57548233354265,1783934135565377047,24.817
57548297319006,1783934135651812086,1783934135652249402,0.437,57548297319006,1783934135629753640,25.427
57548373349638,1783934135728923146,1783934135729606721,0.684,57548373349638,1783934135707016756,26.508
57548404549970,1783934135758897680,1783934135759313032,0.415,57548404549970,1783934135736882142,25.282
57548477302023,1783934135832178511,1783934135832728364,0.55,57548477302023,1783934135810426362,25.811
57548527962685,1783934135883787397,1783934135884209565,0.422,57548527962685,1783934135860617190,26.759
57548618254397,1783934135973903665,1783934135974558574,0.655,57548618254397,1783934135951086070,26.584
57548667175242,1783934136022767972,1783934136023339048,0.571,57548667175242,1783934136000986527,26.527
57548711307226,1783934136066052696,1783934136066452808,0.4,57548711307226,1783934136044096973,25.68
57548790593605,1783934136145983650,1783934136146633559,0.65,57548790593605,1783934136122609628,26.325
57548834792867,1783934136189456152,1783934136189927190,0.471,57548834792867,1783934136167768707,25.598
57548946314821,1783934136303094276,1783934136303926407,0.832,57548946314821,1783934136281254738,27.714
57548976096132,1783934136331731011,1783934136332345734,0.615,57548976096132,1783934136311846532,26.569
57549023076492,1783934136378151259,1783934136378595667,0.444,57549023076492,1783934136356370165,26.009
57549111313294,1783934136467095803,1783934136467788452,0.693,57549111313294,1783934136444989838,26.717
57549146341670,1783934136500919306,1783934136501398048,0.479,57549146341670,1783934136479694325,25.512
57549223202100,1783934136579149202,1783934136579921351,0.772,57549223202100,1783934136555809050,26.881
57549268829420,1783934136624470781,1783934136624917189,0.446,57549268829420,1783934136603635837,26.576
57549337538985,1783934136692589140,1783934136693048956,0.46,57549337538985,1783934136670701473,25.984
57549427666012,1783934136782658649,1783934136783368354,0.71,57549427666012,1783934136760710926,25.927
57549471059792,1783934136825381705,1783934136825824058,0.442,57549471059792,1783934136802870110,25.256
57549534647347,1783934136890008429,1783934136890956023,0.948,57549534647347,1783934136867717446,26.295
57549584362026,1783934136939347589,1783934136939525034,0.177,57549584362026,1783934136916853698,25.92
57549662339088,1783934137018186467,1783934137018861006,0.675,57549662339088,1783934136994980223,26.782
57549700868452,1783934137055689403,1783934137056127256,0.438,57549700868452,1783934137034276366,25.755
57549794016670,1783934137148983788,1783934137149739827,0.756,57549794016670,1783934137126680435,25.901
57549840229102,1783934137195084276,1783934137195759092,0.675,57549840229102,1783934137172800997,25.789
57549888152186,1783934137242937323,1783934137243380416,0.443,57549888152186,1783934137221223433,25.72
57549951725223,1783934137307289269,1783934137307762973,0.474,57549951725223,1783934137284689136,26.498
57550043948421,1783934137400008579,1783934137400276412,0.268,57550043948421,1783934137376737168,26.995
57550088737555,1783934137443671896,1783934137444668990,0.997,57550088737555,1783934137420041706,25.869
57550141164610,1783934137495421060,1783934137495871542,0.45,57550141164610,1783934137473767893,25.191
57550232915140,1783934137589241687,1783934137589936781,0.695,57550232915140,1783934137568932744,27.261
57550263317416,1783934137617319588,1783934137617763218,0.444,57550263317416,1783934137595642994,24.937
57550354901335,1783934137710101602,1783934137710764121,0.663,57550354901335,1783934137687943193,26.135
57550388395819,1783934137743087178,1783934137743521660,0.434,57550388395819,1783934137721778270,25.626
57550475604120,1783934137830618997,1783934137831296554,0.678,57550475604120,1783934137808724922,25.949
57550521544385,1783934137876075336,1783934137876763597,0.688,57550521544385,1783934137853707723,25.466
57550572088622,1783934137927111870,1783934137927285444,0.174,57550572088622,1783934137904280330,25.958
57550646270770,1783934138001987167,1783934138002569927,0.583,57550646270770,1783934137978966905,26.651
57550696243968,1783934138051357661,1783934138051797625,0.44,57550696243968,1783934138030773903,26.048
57550788680167,1783934138143048044,1783934138143783638,0.736,57550788680167,1783934138121922784,25.302
57550835943416,1783934138190578516,1783934138191224332,0.646,57550835943416,1783934138169053089,25.57
57550887050450,1783934138242034346,1783934138242535496,0.501,57550887050450,1783934138221934404,25.918
57550945686979,1783934138299030020,1783934138299470817,0.441,57550945686979,1783934138278956485,24.277
57551021699427,1783934138376583138,1783934138377017527,0.434,57551021699427,1783934138355387841,25.818
57551021699427,1783934138376583138,1783934138424557536,47.974,57551021699427,1783934138355387841,25.818
57551070050215,1783934138425015519,1783934138492358692,67.343,57551070050215,1783934138403685963,25.9
57551230038939,1783934138585635466,1783934138586061819,0.426,57551230038939,1783934138564387762,26.531
57551272156124,1783934138627082372,1783934138627751410,0.669,57551272156124,1783934138604348369,25.861
57551314146216,1783934138668504037,1783934138668943260,0.439,57551314146216,1783934138646629499,25.292
57551408883474,1783934138763364888,1783934138764028260,0.663,57551408883474,1783934138741316572,25.416
57551457138818,1783934138811353935,1783934138811935640,0.582,57551457138818,1783934138789327360,25.15
57551512153618,1783934138867646701,1783934138868195405,0.549,57551512153618,1783934138845041235,26.428
57551597028063,1783934138952243145,1783934138952909127,0.666,57551597028063,1783934138929906495,26.15
57551641130788,1783934138996127685,1783934138996635593,0.508,57551641130788,1783934138974350665,25.931
57551687691851,1783934139042389729,1783934139042794192,0.404,57551687691851,1783934139020574357,25.632
57551749954331,1783934139104644079,1783934139105047968,0.404,57551749954331,1783934139082956966,25.624
57551814818259,1783934139169743896,1783934139170145786,0.402,57551814818259,1783934139148123951,25.86
57551874333956,1783934139228850500,1783934139229286667,0.436,57551874333956,1783934139206857572,25.451
57551981233088,1783934139341603531,1783934139341854550,0.251,57551981233088,1783934139318380157,31.307
57552013136107,1783934139368237633,1783934139369309450,1.072,57552013136107,1783934139345175871,26.036
57552056770017,1783934139411776672,1783934139412185488,0.409,57552056770017,1783934139391966101,25.941
57552121270259,1783934139476652694,1783934139477061565,0.409,57552121270259,1783934139454727563,26.317
57552233651216,1783934139589553225,1783934139590179041,0.626,57552233651216,1783934139569305634,26.836
57552265506086,1783934139620428298,1783934139621005521,0.577,57552265506086,1783934139598012592,25.857
57552308959922,1783934139664493690,1783934139665026135,0.532,57552308959922,1783934139642113206,26.468
57552375823669,1783934139730618805,1783934139731019010,0.4,57552375823669,1783934139709883954,25.729
57552445096235,1783934139800849280,1783934139801413948,0.565,57552445096235,1783934139777996870,26.687
57552502783502,1783934139858178844,1783934139858364641,0.186,57552502783502,1783934139834862340,26.33
57552558524822,1783934139914122127,1783934139914646721,0.525,57552558524822,1783934139891436458,26.532
57552634299159,1783934139990384113,1783934139991336003,0.952,57552634299159,1783934139966137978,27.02
57552680260795,1783934140036335953,1783934140036952713,0.617,57552680260795,1783934140011661539,27.01
57552743368109,1783934140099169378,1783934140099715490,0.546,57552743368109,1783934140077729488,26.736
57552834500399,1783934140190443446,1783934140191187002,0.744,57552834500399,1783934140168366481,26.878
57552883976930,1783934140239820847,1783934140240677960,0.857,57552883976930,1783934140217956623,26.779
57552928859898,1783934140284436611,1783934140284955630,0.519,57552928859898,1783934140264152353,26.511
57553023941713,1783934140381980967,1783934140383130414,1.149,57553023941713,1783934140358663815,28.977
57553054069470,1783934140409575034,1783934140410121239,0.546,57553054069470,1783934140387270569,26.44
57553120449901,1783934140476194670,1783934140476720782,0.526,57553120449901,1783934140453504778,26.68
57553179771857,1783934140535084088,1783934140535618126,0.534,57553179771857,1783934140512546993,26.247
57553255027601,1783934140611361537,1783934140612231631,0.87,57553255027601,1783934140588164311,27.276
57553301827812,1783934140657637303,1783934140658080600,0.443,57553301827812,1783934140634835781,26.744
57553378145391,1783934140733126732,1783934140733678270,0.552,57553378145391,1783934140711385842,25.916
57553462612910,1783934140818384715,1783934140818960105,0.575,57553462612910,1783934140795612508,26.706
57553502315609,1783934140857450728,1783934140858075396,0.625,57553502315609,1783934140835732819,26.07
57553547482911,1783934140902633604,1783934140903087753,0.454,57553547482911,1783934140880755399,26.085
57553641204186,1783934140996340602,1783934140997232214,0.892,57553641204186,1783934140974530063,26.071
57553694984707,1783934141049797973,1783934141050471289,0.673,57553694984707,1783934141027671397,25.748
57553743869663,1783934141098322874,1783934141098769097,0.446,57553743869663,1783934141076474168,25.387
57553802466359,1783934141157179625,1783934141157619848,0.44,57553802466359,1783934141135176272,25.647
57553875275209,1783934141230197791,1783934141230882218,0.684,57553875275209,1783934141208038678,25.857
57553924619851,1783934141279655230,1783934141280092527,0.437,57553924619851,1783934141258064210,25.97
57553986408608,1783934141341052856,1783934141341518801,0.466,57553986408608,1783934141319357151,25.579
57554081683239,1783934141437756878,1783934141438622806,0.866,57554081683239,1783934141416171803,27.008
57554127812135,1783934141484852146,1783934141485606333,0.754,57554127812135,1783934141463977165,27.974
57554171297063,1783934141526677535,1783934141527120961,0.443,57554171297063,1783934141505153163,26.315
57554266962546,1783934141621710035,1783934141622405518,0.695,57554266962546,1783934141599809904,25.682
57554313859092,1783934141668375099,1783934141669126674,0.752,57554313859092,1783934141646827061,25.45
57554366990852,1783934141721307692,1783934141721749044,0.441,57554366990852,1783934141700055136,25.251
57554454653136,1783934141809757440,1783934141811303017,1.546,57554454653136,1783934141787766827,26.039
57554498659010,1783934141854670093,1783934141855276779,0.607,57554498659010,1783934141832793536,26.945
57554545428499,1783934141900811397,1783934141901285545,0.474,57554545428499,1783934141879774600,26.317
57554612445728,1783934141967330939,1783934141968032904,0.702,57554612445728,1783934141945486957,25.819
57554701436755,1783934142057171209,1783934142057828580,0.657,57554701436755,1783934142035514671,26.669
57554701436755,1783934142057171209,1783934142102057084,44.886,57554701436755,1783934142035514671,26.669
57554746857928,1783934142102515252,1783934142164209009,61.694,57554746857928,1783934142081709493,26.592
57554809044445,1783934142164668935,1783934142240287569,75.619,57554809044445,1783934142142388563,26.559
57554884224726,1783934142241065977,1783934142290990788,49.925,57554884224726,1783934142217888066,27.776
57554934976630,1783934142291687881,1783934142334739550,43.052,57554934976630,1783934142266643059,27.646
57554979989617,1783934142335222699,1783934142403879283,68.657,57554979989617,1783934142312342399,26.167
57555134017832,1783934142491144733,1783934142491331789,0.187,57555134017832,1783934142466938838,28.061
57555179550876,1783934142534198550,1783934142534614069,0.416,57555179550876,1783934142513620087,25.582
57555233863231,1783934142588734738,1783934142589167961,0.433,57555233863231,1783934142566254310,25.806
57555324306075,1783934142679547713,1783934142679975603,0.428,57555324306075,1783934142660122549,26.176
57555371567047,1783934142726608555,1783934142727020001,0.411,57555371567047,1783934142703983627,25.976
57555434172436,1783934142789574759,1783934142789974797,0.4,57555434172436,1783934142769001315,26.337
57555517597360,1783934142875192280,1783934142876423819,1.232,57555517597360,1783934142853629557,28.532
57555547970340,1783934142903240181,1783934142903754275,0.514,57555547970340,1783934142881739495,26.204
57555603460901,1783934142958073778,1783934142958523686,0.45,57555603460901,1783934142936159406,25.547
57555699332792,1783934143054293337,1783934143055052227,0.759,57555699332792,1783934143031205870,25.895
57555743210184,1783934143098171970,1783934143098795415,0.623,57555743210184,1783934143076282764,25.896
57555790161934,1783934143144589255,1783934143145031960,0.443,57555790161934,1783934143123098940,25.362
57555853016471,1783934143207663478,1783934143208109219,0.446,57555853016471,1783934143185785439,25.581
57555966577356,1783934143322140958,1783934143322778014,0.637,57555966577356,1783934143300386160,26.498
57556000680620,1783934143355096738,1783934143355708721,0.612,57556000680620,1783934143332974644,25.35
57556054094992,1783934143408625129,1783934143409051185,0.426,57556054094992,1783934143386221441,25.464
57556133813115,1783934143489516272,1783934143490034273,0.518,57556133813115,1783934143466455361,26.637
57556173099128,1783934143528590841,1783934143528998601,0.408,57556173099128,1783934143505825930,26.426
57556248523336,1783934143602766842,1783934143603203084,0.436,57556248523336,1783934143580476858,25.178
57556320232481,1783934143675448063,1783934143676042286,0.594,57556320232481,1783934143653913821,26.15
57556367584768,1783934143722755406,1783934143723370222,0.615,57556367584768,1783934143700880052,26.105
57556411493883,1783934143765963741,1783934143766360057,0.396,57556411493883,1783934143744654019,25.404
57556483538769,1783934143838409055,1783934143838803407,0.394,57556483538769,1783934143816902628,25.805
57556543347967,1783934143898263068,1783934143898705828,0.443,57556543347967,1783934143876076954,25.85
57556629675157,1783934143984553035,1783934143985005924,0.453,57556629675157,1783934143963040089,25.812
57556665508627,1783934144019831430,1783934144020667006,0.836,57556665508627,1783934143999819358,25.257
57556747795532,1783934144103343412,1783934144103931931,0.589,57556747795532,1783934144082133337,26.482
57556789567847,1783934144144148169,1783934144144558762,0.411,57556789567847,1783934144122825335,25.514
57556875617221,1783934144229697079,1783934144230098691,0.402,57556875617221,1783934144207765504,25.014
57556946401976,1783934144301273188,1783934144301890763,0.618,57556946401976,1783934144278056535,25.806
57556989344182,1783934144344307060,1783934144344712135,0.405,57556989344182,1783934144323349430,25.897
57557056465282,1783934144411041863,1783934144411606142,0.564,57557056465282,1783934144389453103,25.511
57557103887829,1783934144458658577,1783934144459458949,0.8,57557103887829,1783934144436461149,25.705
57557191328187,1783934144545778990,1783934144546333473,0.554,57557191328187,1783934144524138674,25.385
57557236226359,1783934144590509329,1783934144591140163,0.631,57557236226359,1783934144568629197,25.217
57557284804778,1783934144638973914,1783934144639409323,0.435,57557284804778,1783934144617481580,25.104
57557352321009,1783934144706657460,1783934144707065072,0.408,57557352321009,1783934144685104922,25.271
57557428528107,1783934144783631837,1783934144784179782,0.548,57557428528107,1783934144761444872,26.038
57557478826270,1783934144833568722,1783934144833978315,0.41,57557478826270,1783934144812126906,25.677
57557565653405,1783934144920882672,1783934144921501933,0.619,57557565653405,1783934144898691522,26.164
57557613907675,1783934144970253797,1783934144970877483,0.624,57557613907675,1783934144948469647,27.28
57557660263183,1783934145014418190,1783934145014833598,0.415,57557660263183,1783934144992294873,25.089
57557736826763,1783934145091880531,1783934145092416180,0.536,57557736826763,1783934145069856806,25.988
57557783352346,1783934145138003464,1783934145138406576,0.403,57557783352346,1783934145116506685,25.586
57557846208179,1783934145200721242,1783934145201184076,0.463,57557846208179,1783934145178553703,25.447
57557921624313,1783934145275902357,1783934145276416135,0.514,57557921624313,1783934145253945670,25.212
57557974827815,1783934145328984080,1783934145329421766,0.438,57557974827815,1783934145307724358,25.09
57558059826187,1783934145414731899,1783934145415334530,0.603,57558059826187,1783934145392381508,25.84
57558096896272,1783934145451147297,1783934145451554538,0.407,57558096896272,1783934145429417444,25.185
57558174428372,1783934145528939120,1783934145529504380,0.565,57558174428372,1783934145505874672,25.446
57558219442044,1783934145574232552,1783934145574845072,0.613,57558219442044,1783934145552562699,25.725
57558286061107,1783934145641214671,1783934145641625097,0.41,57558286061107,1783934145618869001,26.088
57558375122079,1783934145730888552,1783934145731625590,0.737,57558375122079,1783934145708133956,26.701
57558418627453,1783934145773787498,1783934145774302110,0.515,57558418627453,1783934145750940606,26.094
57558472841604,1783934145827998168,1783934145828609021,0.611,57558472841604,1783934145806043648,26.091
57558534347102,1783934145889864759,1783934145890354260,0.49,57558534347102,1783934145870192039,26.452
57558609604699,1783934145964891948,1783934145965412319,0.52,57558609604699,1783934145943503095,26.222
57558673672664,1783934146028990006,1783934146029515711,0.526,57558673672664,1783934146007529783,26.252
57558746195978,1783934146101859969,1783934146102639322,0.779,57558746195978,1783934146078767113,26.599
57558793681729,1783934146149612665,1783934146150391833,0.779,57558793681729,1783934146126275938,26.866
57558844892523,1783934146200471033,1783934146201017811,0.547,57558844892523,1783934146177611066,26.513
57558899881158,1783934146255977205,1783934146256547317,0.57,57558899881158,1783934146233176850,27.031
57558995887680,1783934146352526451,1783934146353358341,0.832,57558995887680,1783934146331227524,27.574
57559039514147,1783934146395163711,1783934146395774898,0.611,57559039514147,1783934146373930489,26.584
57559087250472,1783934146442519184,1783934146442999019,0.48,57559087250472,1783934146420234552,26.203
57559180507027,1783934146537447834,1783934146538158354,0.711,57559180507027,1783934146516305982,27.875
57559211233600,1783934146567135480,1783934146567623629,0.488,57559211233600,1783934146543888790,26.836
57559293253041,1783934146649641830,1783934146650141312,0.499,57559293253041,1783934146626827049,27.323
57559367573896,1783934146723084090,1783934146724479852,1.396,57559367573896,1783934146700303568,26.445
57559411995030,1783934146766986520,1783934146767527335,0.541,57559411995030,1783934146744753851,25.926
57559476394330,1783934146831808116,1783934146832571451,0.763,57559476394330,1783934146809141928,26.348
57559524723508,1783934146879963739,1783934146880533721,0.57,57559524723508,1783934146857774810,26.175
57559585223986,1783934146940607957,1783934146941156755,0.549,57559585223986,1783934146917996214,26.318
57559585223986,1783934146940607957,1783934147036809239,96.201,57559585223986,1783934146917996214,26.318
57559711562506,1783934147067801739,1783934147068417740,0.616,57559711562506,1783934147044829050,27.174
57559790645536,1783934147146123082,1783934147147444918,1.322,57559790645536,1783934147125512064,26.412
57559841706164,1783934147197260691,1783934147197817581,0.557,57559841706164,1783934147174184632,26.489
57559929546635,1783934147285129199,1783934147286030683,0.901,57559929546635,1783934147262919882,26.522
57559973467361,1783934147329869205,1783934147330576632,0.707,57559973467361,1783934147307093961,27.337
57560019909851,1783934147375503860,1783934147376118232,0.614,57560019909851,1783934147353422302,26.529
57560085085893,1783934147441003088,1783934147441570533,0.567,57560085085893,1783934147419202419,26.852
57560184362291,1783934147539297040,1783934147539999412,0.702,57560184362291,1783934147516164036,25.869
57560228035758,1783934147582834284,1783934147583317304,0.483,57560228035758,1783934147560575152,25.733
57560288395254,1783934147642612261,1783934147643056632,0.444,57560288395254,1783934147620611592,25.151
57560363473462,1783934147718303470,1783934147718912545,0.609,57560363473462,1783934147696406820,25.764
57560411970141,1783934147766554111,1783934147767170038,0.616,57560411970141,1783934147744701868,25.518
57560455714126,1783934147809490484,1783934147809913929,0.423,57560455714126,1783934147787823223,24.711
57560551190870,1783934147906642434,1783934147907278417,0.636,57560551190870,1783934147883940894,26.39
57560596915044,1783934147950994902,1783934147951588496,0.594,57560596915044,1783934147929794031,25.014
57560643238848,1783934147997487059,1783934147997886708,0.4,57560643238848,1783934147975976872,25.182
57560735708587,1783934148091864708,1783934148092441135,0.576,57560735708587,1783934148068613574,27.095
57560768732331,1783934148123078745,1783934148123474987,0.396,57560768732331,1783934148101016095,25.28
57560863023610,1783934148219217287,1783934148219844973,0.628,57560863023610,1783934148196713358,27.128
57560894788148,1783934148249245581,1783934148249661193,0.416,57560894788148,1783934148227110486,25.392
57560964907384,1783934148319742966,1783934148320415856,0.673,57560964907384,1783934148297250556,25.776
57561010276391,1783934148364653324,1783934148365249584,0.596,57561010276391,1783934148342588618,25.311
57561077240843,1783934148431805888,1783934148432478982,0.673,57561077240843,1783934148410091775,25.499
57561140828660,1783934148495682909,1783934148496308040,0.625,57561140828660,1783934148473904592,25.789
57561229507244,1783934148583933325,1783934148584435363,0.502,57561229507244,1783934148562357028,25.361
57561278845276,1783934148633653896,1783934148634050174,0.396,57561278845276,1783934148611631653,25.743
57561328744088,1783934148683214188,1783934148683703781,0.49,57561328744088,1783934148661439889,25.405
57561419370786,1783934148777015781,1783934148780826306,3.811,57561419370786,1783934148755002075,28.58
57561419370786,1783934148777015781,1783934148803961958,26.946,57561419370786,1783934148755002075,28.58
57561507297591,1783934148862637470,1783934148863063526,0.426,57561507297591,1783934148840244541,26.274
57561606410045,1783934148962092777,1783934148962711315,0.619,57561606410045,1783934148939415199,26.617
57561650339068,1783934149005561558,1783934149006030614,0.469,57561650339068,1783934148983387222,26.157
57561719919544,1783934149074598329,1783934149074997145,0.399,57561719919544,1783934149054844646,25.613
57561794144269,1783934149149639741,1783934149150259427,0.62,57561794144269,1783934149127872647,26.43
57561843295134,1783934149198309439,1783934149198734847,0.425,57561843295134,1783934149176329178,25.949
57561907180785,1783934149262144220,1783934149262555739,0.412,57561907180785,1783934149240064699,25.897
57561979822896,1783934149334861423,1783934149335430498,0.569,57561979822896,1783934149313000514,25.973
57562028386983,1783934149383242269,1783934149383788011,0.546,57562028386983,1783934149361649175,25.789
57562079022481,1783934149433945952,1783934149434389768,0.444,57562079022481,1783934149411747579,25.858
57562166312840,1783934149521370275,1783934149521958202,0.588,57562166312840,1783934149499440236,25.992
57562212973275,1783934149568658766,1783934149569308656,0.65,57562212973275,1783934149545583725,26.62
57562259334599,1783934149614077885,1783934149614505367,0.427,57562259334599,1783934149593218144,25.678
57562356520402,1783934149711679485,1783934149712361782,0.682,57562356520402,1783934149689778131,26.093
57562409261848,1783934149764791690,1783934149765407155,0.615,57562409261848,1783934149743047800,26.464
57562449919161,1783934149804612002,1783934149805048244,0.436,57562449919161,1783934149783072408,25.627
57562525611944,1783934149880769286,1783934149881541269,0.772,57562525611944,1783934149858693340,26.092
57562571188933,1783934149926030145,1783934149926474683,0.445,57562571188933,1783934149904088346,25.776
57562636672309,1783934149991517595,1783934149991946800,0.429,57562636672309,1783934149970289502,25.78
57562712797482,1783934150067849509,1783934150068006435,0.157,57562712797482,1783934150046014285,25.986
57562761461365,1783934150117187764,1783934150117629357,0.442,57562761461365,1783934150093025258,26.661
57562821162435,1783934150175260960,1783934150175699202,0.438,57562821162435,1783934150153979774,25.033
57562880978153,1783934150236119199,1783934150236559477,0.44,57562880978153,1783934150213656159,26.075
57562949849387,1783934150304541969,1783934150304979729,0.438,57562949849387,1783934150282965838,25.627
57563012557962,1783934150367656638,1783934150368094638,0.438,57563012557962,1783934150345283227,26.033
57563067929395,1783934150422536773,1783934150422984996,0.448,57563067929395,1783934150400535530,25.542
57563133569623,1783934150488054334,1783934150488507631,0.453,57563133569623,1783934150465915424,25.419
57563227254309,1783934150583663209,1783934150584144858,0.482,57563227254309,1783934150561836633,27.344
57563265838656,1783934150620064644,1783934150620502034,0.437,57563265838656,1783934150598097846,25.16
57563322415257,1783934150676679209,1783934150677144395,0.465,57563322415257,1783934150653599019,25.199
57563384723276,1783934150739327969,1783934150739768858,0.441,57563384723276,1783934150717886097,25.539
57563474810196,1783934150829425185,1783934150830020001,0.595,57563474810196,1783934150806793663,25.549
57563507591644,1783934150861804743,1783934150862242855,0.438,57563507591644,1783934150839672018,25.147
57563569483736,1783934150924072929,1783934150924667059,0.594,57563569483736,1783934150902132834,25.524
57563636729115,1783934150990336954,1783934150990808400,0.471,57563636729115,1783934150968421174,24.542
57563724480883,1783934151079819781,1783934151080584820,0.765,57563724480883,1783934151057311093,26.273
57563753235342,1783934151107453997,1783934151107899220,0.445,57563753235342,1783934151085139439,25.153
57563827191030,1783934151181997594,1783934151182759669,0.762,57563827191030,1783934151159927573,25.741
57563880748126,1783934151235428097,1783934151235969857,0.542,57563880748126,1783934151213243353,25.615
57563942010032,1783934151295884909,1783934151296326761,0.442,57563942010032,1783934151274210222,24.809
57564031056691,1783934151385719736,1783934151386347941,0.628,57564031056691,1783934151362656880,25.597
57564073115211,1783934151427673441,1783934151428358553,0.685,57564073115211,1783934151406440922,25.492
57564139923312,1783934151495129303,1783934151495838434,0.709,57564139923312,1783934151473768857,26.141
57564214810743,1783934151570765049,1783934151574563315,3.798,57564214810743,1783934151547978360,26.889
57564243422664,1783934151597870801,1783934151598543784,0.673,57564243422664,1783934151576626467,25.382
57564330854376,1783934151686725942,1783934151687420073,0.694,57564330854376,1783934151662981714,26.807
57564375787605,1783934151730040094,1783934151730605650,0.566,57564375787605,1783934151707927943,25.187
57564462807168,1783934151817519584,1783934151818260103,0.741,57564462807168,1783934151794945617,25.647
57564510143420,1783934151864425945,1783934151865063095,0.637,57564510143420,1783934151842283628,25.217
57564557837468,1783934151911630308,1783934151912056031,0.426,57564557837468,1783934151890051695,24.728
57564621053174,1783934151975369200,1783934151975789330,0.42,57564621053174,1783934151953348771,25.25
57564710490408,1783934152065890584,1783934152066391418,0.501,57564710490408,1783934152042088412,26.335
57564742183983,1783934152096480120,1783934152097123844,0.644,57564742183983,1783934152074319340,25.23
57564803630686,1783934152157844934,1783934152158252546,0.408,57564803630686,1783934152135969969,25.149
57564896831409,1783934152251238157,1783934152251848843,0.611,57564896831409,1783934152228311338,25.341
57564943029103,1783934152297529240,1783934152297973963,0.445,57564943029103,1783934152274973218,25.434
57564989358204,1783934152343445563,1783934152344305583,0.86,57564989358204,1783934152324647122,25.022
57565083060780,1783934152440358515,1783934152442245537,1.887,57565083060780,1783934152418507550,28.232
57565112696537,1783934152470722977,1783934152471266126,0.543,57565112696537,1783934152448431918,28.961
57565201294085,1783934152556746224,1783934152557338688,0.592,57565201294085,1783934152534695499,26.387
57565244649551,1783934152602008064,1783934152602590232,0.582,57565244649551,1783934152577473853,28.293
57565334556268,1783934152690008926,1783934152690788316,0.779,57565334556268,1783934152668196757,26.387
57565364565377,1783934152719122478,1783934152719624868,0.502,57565364565377,1783934152698298385,25.492
57565443914631,1783934152798565213,1783934152798986973,0.422,57565443914631,1783934152779083271,25.585
57565489594435,1783934152843596757,1783934152844297443,0.701,57565489594435,1783934152822461256,24.937
57565552306103,1783934152907597668,1783934152908058854,0.461,57565552306103,1783934152886121574,26.226
57565623513657,1783934152978284628,1783934152978873351,0.589,57565623513657,1783934152956855849,25.705
57565671373002,1783934153025795843,1783934153026223844,0.428,57565671373002,1783934153003971952,25.357
57565763173167,1783934153118475009,1783934153119263029,0.788,57565763173167,1783934153095161801,26.236
57565799599251,1783934153154236481,1783934153154394426,0.158,57565799599251,1783934153132123256,25.572
57565863683310,1783934153218467485,1783934153218894634,0.427,57565863683310,1783934153196514464,25.719
57565948538370,1783934153304328436,1783934153304848122,0.52,57565948538370,1783934153284261196,26.724
57565981694300,1783934153336400568,1783934153336806939,0.406,57565981694300,1783934153314855399,25.641
57566058972328,1783934153413798021,1783934153414387689,0.59,57566058972328,1783934153393378966,25.76
57566103578593,1783934153460025753,1783934153460438383,0.413,57566103578593,1783934153438477140,27.381
57566177194077,1783934153531559548,1783934153532001808,0.442,57566177194077,1783934153508814803,25.3
57566243412937,1783934153598246816,1783934153599012613,0.766,57566243412937,1783934153576911481,25.768
57566286228310,1783934153641313597,1783934153641986746,0.673,57566286228310,1783934153620247540,26.02
57566379474385,1783934153735076487,1783934153735702303,0.626,57566379474385,1783934153712358539,26.536
57566414884764,1783934153770269829,1783934153770694070,0.424,57566414884764,1783934153747862307,26.319
57566505331926,1783934153860183305,1783934153860860306,0.677,57566505331926,1783934153838127302,25.786
57566551259916,1783934153905860239,1783934153906624870,0.765,57566551259916,1783934153883806181,25.535
57566603502399,1783934153957679739,1783934153958116425,0.437,57566603502399,1783934153935605014,25.112
57566695288453,1783934154051804112,1783934154052045131,0.241,57566695288453,1783934154029614035,27.45
57566725322692,1783934154080735701,1783934154081169054,0.433,57566725322692,1783934154059242552,26.347
57566804304482,1783934154160532901,1783934154161222587,0.69,57566804304482,1783934154138011841,27.163
57566878500986,1783934154232564215,1783934154233476884,0.913,57566878500986,1783934154211556159,24.997
57566928249168,1783934154282327360,1783934154282732806,0.405,57566928249168,1783934154262954252,25.012
57566987142478,1783934154342681154,1783934154343348970,0.668,57566987142478,1783934154320827152,26.473
57567037455494,1783934154391690039,1783934154392094336,0.404,57567037455494,1783934154369504962,25.169
57567126679562,1783934154481530589,1783934154482388221,0.858,57567126679562,1783934154459331012,25.785
57567172683515,1783934154526793634,1783934154527468820,0.675,57567172683515,1783934154504565631,25.045
57567220415287,1783934154574619757,1783934154575024295,0.405,57567220415287,1783934154551595419,25.139
57567293121177,1783934154647137647,1783934154647540610,0.403,57567293121177,1783934154625052755,24.951
57567358826054,1783934154715123991,1783934154715642492,0.519,57567358826054,1783934154691787857,27.232
57567410812018,1783934154765527323,1783934154765931397,0.404,57567410812018,1783934154742968486,25.649
57567497841508,1783934154852375572,1783934154852946739,0.571,57567497841508,1783934154830044698,25.468
57567540460455,1783934154895058815,1783934154895500001,0.441,57567540460455,1783934154873475128,25.533
57567602138455,1783934154957009556,1783934154957794335,0.785,57567602138455,1783934154934765035,25.805
57567652360157,1783934155006834942,1783934155007270702,0.436,57567652360157,1783934154984790977,25.409
57567718391479,1783934155073034876,1783934155073510970,0.476,57567718391479,1783934155051544689,25.578
57567824106003,1783934155180175236,1783934155180854793,0.68,57567824106003,1783934155160029959,27.004
57567854650947,1783934155208966566,1783934155209435048,0.468,57567854650947,1783934155187294638,25.25
57567911584383,1783934155266350354,1783934155266933633,0.583,57567911584383,1783934155244159185,25.7
57567959718285,1783934155314397978,1783934155314838201,0.44,57567959718285,1783934155292564550,25.614
57568043477158,1783934155398397444,1783934155399363668,0.966,57568043477158,1783934155376064071,25.855
57568084375713,1783934155438513239,1783934155439188833,0.676,57568084375713,1783934155416643959,25.072
57568178210753,1783934155534038189,1783934155535005228,0.967,57568178210753,1783934155511003703,26.762
57568210675015,1783934155565012263,1783934155565479079,0.467,57568210675015,1783934155546106581,25.272
57568287140079,1783934155642057995,1783934155642738755,0.681,57568287140079,1783934155622441367,25.852
57568336116519,1783934155690223785,1783934155690665749,0.442,57568336116519,1783934155668931025,25.042
57568411342006,1783934155765102180,1783934155765554866,0.453,57568411342006,1783934155743578678,24.695
57568474079397,1783934155828494498,1783934155829095647,0.601,57568474079397,1783934155806175865,25.35
57568520497499,1783934155874445858,1783934155874891137,0.445,57568520497499,1783934155852698097,24.883
57568616306320,1783934155972139849,1783934155972834202,0.694,57568616306320,1783934155951829479,26.768
57568646913579,1783934156001256105,1783934156001697532,0.441,57568646913579,1783934155979001510,25.277
57568740474637,1783934156095370294,1783934156096091295,0.721,57568740474637,1783934156073489680,25.83
57568784846347,1783934156139561299,1783934156139986319,0.425,57568784846347,1783934156117478852,25.649
57568835890568,1783934156190264132,1783934156190708040,0.444,57568835890568,1783934156167510831,25.308
57568932978429,1783934156293480892,1783934156297285140,3.804,57568932978429,1783934156268913089,31.439
57568961957185,1783934156316995787,1783934156317442380,0.447,57568961957185,1783934156294568709,25.973
57569056247040,1783934156411070308,1783934156411542717,0.472,57569056247040,1783934156389607584,25.758
57569097497541,1783934156452205531,1783934156453169607,0.964,57569097497541,1783934156429909842,25.642
57569148472911,1783934156503046067,1783934156503483234,0.437,57569148472911,1783934156480886379,25.508
57569214297511,1783934156568305481,1783934156568750278,0.445,57569214297511,1783934156546328534,24.942
57569288627627,1783934156642988468,1783934156643651358,0.663,57569288627627,1783934156620108871,25.295
57569335357767,1783934156689330607,1783934156689762349,0.432,57569335357767,1783934156666997363,24.907
57569425766189,1783934156780845013,1783934156781651811,0.807,57569425766189,1783934156757900564,26.013
57569461849736,1783934156816697856,1783934156817165153,0.467,57569461849736,1783934156793644314,25.783
57569532313159,1783934156886843649,1783934156887330391,0.487,57569532313159,1783934156864497627,25.465
57569579138707,1783934156933800530,1783934156934201846,0.401,57569579138707,1783934156911306212,25.596
57569649302685,1783934157003902508,1783934157004305435,0.403,57569649302685,1783934156982116451,25.534
57569716377936,1783934157071118500,1783934157071527742,0.409,57569716377936,1783934157048405756,25.675
57569764899469,1783934157119320032,1783934157119740662,0.421,57569764899469,1783934157097948901,25.355
57569831374015,1783934157185749226,1783934157186160449,0.411,57569831374015,1783934157163943705,25.31
57569921397085,1783934157276081093,1783934157276520002,0.439,57569921397085,1783934157254090609,25.619
57569970822563,1783934157326246129,1783934157326867111,0.621,57569970822563,1783934157304320311,26.358
57570013449752,1783934157367721296,1783934157368125871,0.405,57570013449752,1783934157346351980,25.206
57570111850559,1783934157469193369,1783934157470005741,0.812,57570111850559,1783934157445488474,28.278
57570143462376,1783934157499525294,1783934157499970369,0.445,57570143462376,1783934157475590695,26.997
57570206069767,1783934157560238348,1783934157560687479,0.449,57570206069767,1783934157538290420,25.103
57570294042815,1783934157649155565,1783934157649877566,0.722,57570294042815,1783934157630009604,26.047
57570340941325,1783934157696373557,1783934157697026929,0.653,57570340941325,1783934157673221090,26.367
57570387098076,1783934157742923475,1783934157743591458,0.668,57570387098076,1783934157718713764,26.76
57570451821841,1783934157806766405,1783934157807296740,0.53,57570451821841,1783934157784817958,25.88
57570542810413,1783934157897869903,1783934157898457053,0.587,57570542810413,1783934157878107368,25.994
57570588117587,1783934157943634079,1783934157944573784,0.94,57570588117587,1783934157922089669,26.451
57570634503208,1783934157989958644,1783934157990500904,0.542,57570634503208,1783934157967941382,26.39
57570731418124,1783934158088717564,1783934158089534547,0.817,57570731418124,1783934158063544111,28.234
57570766207095,1783934158121963365,1783934158122657477,0.694,57570766207095,1783934158102110866,26.691
57570823446717,1783934158178913375,1783934158179538562,0.625,57570823446717,1783934158159007284,26.401
57570915137068,1783934158270515393,1783934158271209080,0.694,57570915137068,1783934158250790654,26.313
57570958173221,1783934158313803101,1783934158314357398,0.554,57570958173221,1783934158294192825,26.564
57571006516734,1783934158363015987,1783934158363526951,0.511,57571006516734,1783934158341877726,27.434
57571070571739,1783934158425752767,1783934158426256953,0.504,57571070571739,1783934158407061548,26.116
57571163037703,1783934158518917917,1783934158520191123,1.273,57571163037703,1783934158495294189,26.815
57571208340803,1783934158564052610,1783934158564565907,0.513,57571208340803,1783934158542441645,26.646
57571272956235,1783934158628384430,1783934158628879265,0.495,57571272956235,1783934158607100373,26.363
57571355095736,1783934158712633231,1783934158713390140,0.757,57571355095736,1783934158689922783,28.477
57571387600758,1783934158742762471,1783934158743498250,0.736,57571387600758,1783934158720677579,26.096
57571443279618,1783934158798392720,1783934158798885739,0.493,57571443279618,1783934158775595530,26.048
57571503017134,1783934158858269773,1783934158858772515,0.503,57571503017134,1783934158835090361,26.187
57571582456889,1783934158938028436,1783934158938803604,0.775,57571582456889,1783934158914660764,26.506
57571628190157,1783934158982900814,1783934158983462889,0.562,57571628190157,1783934158960445162,25.645
57571692924422,1783934159048548859,1783934159049151452,0.603,57571692924422,1783934159024606222,26.559
57571785443220,1783934159140818804,1783934159141695268,0.876,57571785443220,1783934159118195966,26.315
57571834532698,1783934159190829135,1783934159191632915,0.804,57571834532698,1783934159166921777,27.231
57571884663567,1783934159240358170,1783934159241338245,0.98,57571884663567,1783934159217009979,26.629
57571945734714,1783934159299938704,1783934159300470260,0.532,57571945734714,1783934159277673348,25.139
57572015998842,1783934159371447259,1783934159371991409,0.544,57572015998842,1783934159350002202,26.383
57572077814306,1783934159431828869,1783934159432355814,0.527,57572077814306,1783934159410091496,24.949
57572156859690,1783934159512140904,1783934159513002387,0.861,57572156859690,1783934159490018678,26.216
57572202949663,1783934159558346302,1783934159559297934,0.952,57572202949663,1783934159535436853,26.331
57572257659373,1783934159612249159,1783934159612777234,0.528,57572257659373,1783934159589681711,25.525
57572340282042,1783934159696768054,1783934159697653389,0.885,57572340282042,1783934159672939751,27.42
57572387615961,1783934159742934526,1783934159743814769,0.88,57572387615961,1783934159719717373,26.253
57572432860876,1783934159787970238,1783934159788476627,0.506,57572432860876,1783934159764896362,26.044
57572495612842,1783934159850612055,1783934159851110371,0.498,57572495612842,1783934159828370496,25.934
57572592466907,1783934159948109676,1783934159948946937,0.837,57572592466907,1783934159924867542,26.577
57572637686378,1783934159993753278,1783934159994275112,0.522,57572637686378,1783934159970551013,27.002
57572702088402,1783934160057048448,1783934160057585931,0.537,57572702088402,1783934160034690908,25.895
57572774830942,1783934160130575656,1783934160131122416,0.547,57572774830942,1783934160107477447,26.68
57572825395237,1783934160181002452,1783934160181790083,0.788,57572825395237,1783934160158461725,26.542
57572868132593,1783934160222796768,1783934160223298677,0.502,57572868132593,1783934160200616339,25.598
57572961026132,1783934160317297459,1783934160318175590,0.878,57572961026132,1783934160293362859,27.206
57573010452907,1783934160365950769,1783934160366649715,0.699,57573010452907,1783934160343904840,26.433
57573052419113,1783934160406942047,1783934160407441641,0.5,57573052419113,1783934160385048415,25.457
57573145006078,1783934160500866922,1783934160501647460,0.781,57573145006078,1783934160477225120,26.796
57573189525066,1783934160544574075,1783934160545378855,0.805,57573189525066,1783934160521994812,25.984
57573243533331,1783934160598632248,1783934160599200082,0.568,57573243533331,1783934160576279466,26.033
57573301055028,1783934160656288371,1783934160656820205,0.532,57573301055028,1783934160633710645,26.168
57573375415182,1783934160730745266,1783934160731527526,0.782,57573375415182,1783934160707861335,26.265
57573421605414,1783934160776817887,1783934160777344906,0.527,57573421605414,1783934160754054493,26.147
57573515873085,1783934160871354040,1783934160871869967,0.516,57573515873085,1783934160847961775,26.416
57573552993005,1783934160907777532,1783934160908359441,0.582,57573552993005,1783934160885387732,25.719
57573641404184,1783934160996332119,1783934160996852490,0.52,57573641404184,1783934160974280634,25.862
57573697467841,1783934161053324593,1783934161053623668,0.299,57573697467841,1783934161029775754,26.791
57573735127669,1783934161090455272,1783934161090955236,0.5,57573735127669,1783934161068512176,26.262
57573825169667,1783934161180916233,1783934161181835957,0.92,57573825169667,1783934161157840765,26.686
57573873868589,1783934161229892433,1783934161230534527,0.642,57573873868589,1783934161206055686,26.959
57573926707814,1783934161282381677,1783934161282879382,0.498,57573926707814,1783934161259561450,26.608
57574001964044,1783934161357912018,1783934161358703816,0.792,57574001964044,1783934161334075086,26.887
57574044834511,1783934161400158077,1783934161400673800,0.516,57574044834511,1783934161377375591,26.258
57574109042239,1783934161464560731,1783934161465107269,0.547,57574109042239,1783934161442146153,26.453
57574183443078,1783934161538903292,1783934161539610071,0.707,57574183443078,1783934161515755509,26.395
57574229764403,1783934161584829487,1783934161585361043,0.532,57574229764403,1783934161562184927,26.0
57574324677187,1783934161681459570,1783934161682321109,0.862,57574324677187,1783934161657374601,27.722
57574357628840,1783934161713007609,1783934161713542295,0.535,57574357628840,1783934161689520752,26.314
57574432101957,1783934161788094598,1783934161788945544,0.851,57574432101957,1783934161765465057,26.927
57574478005152,1783934161833348662,1783934161833865033,0.516,57574478005152,1783934161810480953,26.278
57574543570660,1783934161899292041,1783934161899806968,0.515,57574543570660,1783934161876158314,26.656
57574618836779,1783934161974630160,1783934161975374939,0.745,57574618836779,1783934161950878024,26.728
57574664745418,1783934162020035502,1783934162020709966,0.674,57574664745418,1783934162000911634,26.225
57574729643814,1783934162085311658,1783934162086210882,0.899,57574729643814,1783934162063021451,26.602
57574802254002,1783934162157955346,1783934162159055070,1.1,57574802254002,1783934162140585203,26.636
57574854506745,1783934162212760594,1783934162213393206,0.633,57574854506745,1783934162187851049,29.189
57574960779384,1783934162321764848,1783934162322004423,0.24,57574960779384,1783934162296093468,31.92
57574987771563,1783934162343939556,1783934162344760964,0.821,57574987771563,1783934162323203240,27.103
57575034283481,1783934162389600157,1783934162390245714,0.646,57575034283481,1783934162367248654,26.251
57575130116230,1783934162485834518,1783934162486588538,0.754,57575130116230,1783934162463375385,26.653
57575167295020,1783934162523273920,1783934162523918773,0.645,57575167295020,1783934162499873840,26.914
57575256164700,1783934162610674375,1783934162611539581,0.865,57575256164700,1783934162588547817,25.444
57575302284951,1783934162662647304,1783934162663162064,0.515,57575302284951,1783934162635515828,31.297
57575365291992,1783934162721634578,1783934162722138653,0.504,57575365291992,1783934162698787999,27.277
57575439110701,1783934162794514192,1783934162795407842,0.894,57575439110701,1783934162771449335,26.338
57575485604526,1783934162841671408,1783934162842291613,0.62,57575485604526,1783934162818466458,27.002
57575534826931,1783934162891303610,1783934162892296111,0.993,57575534826931,1783934162868695013,27.411
57575626176560,1783934162981627571,1783934162982419776,0.792,57575626176560,1783934162959792605,26.393
57575669564769,1783934163024758186,1783934163025461077,0.703,57575669564769,1783934163002872406,26.128
57575718202876,1783934163073235497,1783934163073735776,0.5,57575718202876,1783934163051381031,25.967
57575816354389,1783934163172735142,1783934163173673329,0.938,57575816354389,1783934163150483657,27.316
57575848339559,1783934163204360107,1783934163204875886,0.516,57575848339559,1783934163180463989,26.955
57575905497385,1783934163261410600,1783934163261973398,0.563,57575905497385,1783934163238664818,26.848
57575968621353,1783934163323871918,1783934163324374141,0.502,57575968621353,1783934163301880304,26.185
57576041091652,1783934163396997496,1783934163397912479,0.915,57576041091652,1783934163373269693,26.84
57576087950700,1783934163443636729,1783934163444167249,0.531,57576087950700,1783934163420441113,26.62
57576155769694,1783934163510921352,1783934163511419131,0.498,57576155769694,1783934163488489885,26.086
57576243556151,1783934163599093217,1783934163599872756,0.78,57576243556151,1783934163576211861,26.472
57576292735593,1783934163648075992,1783934163648877512,0.802,57576292735593,1783934163625955285,26.275
57576340364772,1783934163695351856,1783934163695835598,0.484,57576340364772,1783934163673203816,25.922
57576434318203,1783934163791155383,1783934163791979884,0.825,57576434318203,1783934163768532249,27.771
57576470921493,1783934163826124243,1783934163826645522,0.521,57576470921493,1783934163804091647,26.137
57576542317567,1783934163898696116,1783934163899501173,0.805,57576542317567,1783934163878651747,27.313
57576593847050,1783934163949649913,1783934163950156914,0.507,57576593847050,1783934163926832872,26.737
57576679256521,1783934164034807476,1783934164035477070,0.67,57576679256521,1783934164011596119,26.486
57576728233352,1783934164083869399,1783934164084700049,0.831,57576728233352,1783934164062415008,26.571
57576775671939,1783934164130860560,1783934164131359394,0.499,57576775671939,1783934164107012405,26.123
57576853866026,1783934164209097943,1783934164209932408,0.834,57576853866026,1783934164186633217,26.171
57576896548715,1783934164251927781,1783934164252444856,0.517,57576896548715,1783934164228861091,26.313
57576991616000,1783934164348815033,1783934164349716108,0.901,57576991616000,1783934164326490288,28.138
57577023708059,1783934164379247070,1783934164379738922,0.492,57577023708059,1783934164356688436,26.473
57577099192586,1783934164454363615,1783934164454853652,0.49,57577099192586,1783934164431854407,26.105
57577158820362,1783934164514232446,1783934164514767021,0.535,57577158820362,1783934164491815868,26.347
57577241401050,1783934164596934598,1783934164597625321,0.691,57577241401050,1783934164574617853,26.468
57577285148667,1783934164641277753,1783934164642063699,0.786,57577285148667,1783934164616993301,27.064
57577333775645,1783934164689301230,1783934164689906897,0.606,57577333775645,1783934164666939559,26.46
57577395961000,1783934164751301565,1783934164751793066,0.492,57577395961000,1783934164729754859,26.275
57577487088037,1783934164842758974,1783934164843568716,0.81,57577487088037,1783934164819668746,26.606
57577535022976,1783934164891088988,1783934164891621989,0.533,57577535022976,1783934164868301002,27.0
57577597965555,1783934164953419417,1783934164954191289,0.772,57577597965555,1783934164931109450,26.389
57577676503772,1783934165032706988,1783934165033463749,0.757,57577676503772,1783934165010016631,27.138
57577709460629,1783934165065392140,1783934165065910567,0.518,57577709460629,1783934165042652136,26.866
57577770754223,1783934165126084363,1783934165126573419,0.489,57577770754223,1783934165104255675,26.265
57577878111697,1783934165237787012,1783934165238045716,0.259,57577878111697,1783934165213470412,30.61
57577905213840,1783934165261289111,1783934165261809056,0.52,57577905213840,1783934165238963236,27.01
57577968640734,1783934165323777170,1783934165324429819,0.653,57577968640734,1783934165301419406,26.071
57578022958130,1783934165378232955,1783934165378721418,0.488,57578022958130,1783934165356340822,26.209
57578095004391,1783934165450596884,1783934165451187051,0.59,57578095004391,1783934165427835286,26.527
57578141822144,1783934165497564544,1783934165498082785,0.518,57578141822144,1783934165474686094,26.677
57578201317308,1783934165556669634,1783934165557224820,0.555,57578201317308,1783934165533854351,26.287
57578276568206,1783934165631948790,1783934165632759921,0.811,57578276568206,1783934165609187896,26.315
57578324181404,1783934165679372136,1783934165679866211,0.494,57578324181404,1783934165656655872,26.125
57578388770615,1783934165743965995,1783934165744460089,0.494,57578388770615,1783934165721675695,26.13
57578464113438,1783934165820331432,1783934165821177155,0.846,57578464113438,1783934165796853315,27.153
57578508511335,1783934165863459770,1783934165863988086,0.528,57578508511335,1783934165841023303,25.883
57578600368058,1783934165956132884,1783934165956873552,0.741,57578600368058,1783934165933479361,26.699
57578635317678,1783934165990590966,1783934165991075467,0.485,57578635317678,1783934165967450201,26.208
57578704814120,1783934166060164649,1783934166060652095,0.487,57578704814120,1783934166037186292,26.285
57578790582945,1783934166146640345,1783934166147439124,0.799,57578790582945,1783934166122775764,26.992
57578827021678,1783934166182377966,1783934166182555411,0.177,57578827021678,1783934166159890406,26.291
57578900094627,1783934166255638434,1783934166256417417,0.779,57578900094627,1783934166232663651,26.479
57578945962971,1783934166300352405,1783934166300863110,0.511,57578945962971,1783934166278048957,25.324
57579013069964,1783934166368314548,1783934166368829031,0.514,57579013069964,1783934166346038341,26.179
57579105569115,1783934166461482812,1783934166462275295,0.792,57579105569115,1783934166437159841,26.848
57579148356157,1783934166502878388,1783934166503391315,0.513,57579148356157,1783934166480590847,25.457
57579213028554,1783934166568798213,1783934166569338566,0.54,57579213028554,1783934166545688856,26.704
57579292751293,1783934166652143533,1783934166652891256,0.748,57579292751293,1783934166626887190,30.327
57579323663609,1783934166678505007,1783934166678676544,0.172,57579323663609,1783934166655958577,25.776
57579382290624,1783934166737879468,1783934166738053672,0.174,57579382290624,1783934166715673001,26.523
57579447292021,1783934166802681050,1783934166802865161,0.184,57579447292021,1783934166780471953,26.324
57579523595216,1783934166879361746,1783934166880651674,1.29,57579523595216,1783934166857747466,26.701
57579567167296,1783934166922799178,1783934166923289975,0.491,57579567167296,1783934166899911950,26.566
57579639705096,1783934166994309457,1783934166994823125,0.514,57579639705096,1783934166971995731,25.539
57579725257142,1783934167080371245,1783934167081026468,0.655,57579725257142,1783934167057123573,26.049
57579769915595,1783934167125700717,1783934167126514589,0.814,57579769915595,1783934167102397822,26.72
57579823374675,1783934167178476611,1783934167179298279,0.822,57579823374675,1783934167157061256,26.036
57579879923075,1783934167234951159,1783934167236069754,1.119,57579879923075,1783934167212917378,25.963
57579959071498,1783934167314181990,1783934167314693194,0.511,57579959071498,1783934167291945467,26.045
57580020345722,1783934167375213195,1783934167375726159,0.513,57580020345722,1783934167353672692,25.802
57580098464310,1783934167453602728,1783934167454347914,0.745,57580098464310,1783934167431428298,26.073
57580143101670,1783934167499442553,1783934167500304073,0.862,57580143101670,1783934167476106991,27.275
57580190313405,1783934167545861823,1783934167546374269,0.512,57580190313405,1783934167524047042,26.483
57580256180452,1783934167614808432,1783934167614985691,0.177,57580256180452,1783934167590434813,29.562
57580317747917,1783934167673168113,1783934167673649206,0.481,57580317747917,1783934167651074424,26.355
57580405725412,1783934167761870406,1783934167762725722,0.855,57580405725412,1783934167742812111,27.079
57580441771756,1783934167796085746,1783934167796933563,0.848,57580441771756,1783934167777946195,25.248
57580516355375,1783934167871413274,1783934167872250146,0.837,57580516355375,1783934167848483676,25.993
57580563957351,1783934167918098508,1783934167918616694,0.518,57580563957351,1783934167898032934,25.075
57580626804060,1783934167980292937,1783934167980817586,0.525,57580626804060,1783934167961846255,24.423
57580706587966,1783934168060791030,1783934168061456031,0.665,57580706587966,1783934168043098923,25.138
57580747906338,1783934168102382588,1783934168102789848,0.407,57580747906338,1783934168080312047,25.411
57580816254964,1783934168170995455,1783934168171400252,0.405,57580816254964,1783934168150901344,25.675
57580903486236,1783934168258047875,1783934168258641931,0.594,57580903486236,1783934168236448150,25.496
57580949624284,1783934168304576979,1783934168305201813,0.625,57580949624284,1783934168283146254,25.887
57580994812756,1783934168349727618,1783934168350133637,0.406,57580994812756,1783934168328177707,25.849
57581088588169,1783934168442998567,1783934168443522846,0.524,57581088588169,1783934168421691695,25.345
57581133606771,1783934168488978911,1783934168489592671,0.614,57581133606771,1783934168467045537,26.306
57581184997569,1783934168539207763,1783934168539605708,0.398,57581184997569,1783934168517808446,25.144
57581258741798,1783934168613262899,1783934168613685678,0.423,57581258741798,1783934168594238957,25.455
57581339541632,1783934168694133696,1783934168694750994,0.617,57581339541632,1783934168672213063,25.526
57581383342879,1783934168737276517,1783934168737678332,0.402,57581383342879,1783934168716128052,24.868
57581450558281,1783934168805646328,1783934168806293199,0.647,57581450558281,1783934168783086008,26.022
57581494819307,1783934168849432612,1783934168849852076,0.419,57581494819307,1783934168827767757,25.548
57581587967700,1783934168942764858,1783934168943362933,0.598,57581587967700,1783934168921187985,25.731
57581634147730,1783934168989002628,1783934168989433314,0.431,57581634147730,1783934168967734849,25.789
57581685265324,1783934169039089110,1783934169039487055,0.398,57581685265324,1783934169018214127,24.758
57581749836777,1783934169104530305,1783934169104932898,0.403,57581749836777,1783934169082997543,25.628
57581849570812,1783934169206695086,1783934169209762517,3.067,57581849570812,1783934169184039507,28.061
57581879348701,1783934169233324357,1783934169233723395,0.399,57581879348701,1783934169211742225,24.91
57581944732025,1783934169298954163,1783934169299553072,0.599,57581944732025,1783934169277409272,25.157
57581990898740,1783934169345389416,1783934169345795342,0.406,57581990898740,1783934169323359986,25.425
57582054014208,1783934169407903475,1783934169408302180,0.399,57582054014208,1783934169386320380,24.824
57582144389301,1783934169499189922,1783934169499625608,0.436,57582144389301,1783934169476755843,25.735
57582190730831,1783934169545511248,1783934169546037804,0.527,57582190730831,1783934169523521392,25.715
57582234895023,1783934169588896420,1783934169589340514,0.444,57582234895023,1783934169567475251,24.936
57582332379000,1783934169687087657,1783934169687706232,0.619,57582332379000,1783934169663687021,25.643
57582377718583,1783934169732445370,1783934169733130705,0.685,57582377718583,1783934169709748829,25.661
57582423404279,1783934169777619102,1783934169778025306,0.406,57582423404279,1783934169755695524,25.149
57582496163505,1783934169850271088,1783934169850667866,0.397,57582496163505,1783934169827816509,25.042
57582550230253,1783934169904824559,1783934169905271578,0.447,57582550230253,1783934169881871220,25.529
57582614230501,1783934169968371954,1783934169968787103,0.415,57582614230501,1783934169946513840,25.076
57582676357060,1783934170030298383,1783934170030719254,0.421,57582676357060,1783934170008254528,24.876
57582738018619,1783934170091682126,1783934170092096331,0.414,57582738018619,1783934170072782406,24.598
57582803012979,1783934170157276155,1783934170158250990,0.975,57582803012979,1783934170135531929,25.197
57582867949322,1783934170221959126,1783934170222359423,0.4,57582867949322,1783934170200552605,24.944
57582923916666,1783934170278541323,1783934170278970787,0.429,57582923916666,1783934170256585523,25.559
57583005573965,1783934170360233345,1783934170360841642,0.608,57583005573965,1783934170338114433,25.594
57583050299325,1783934170404860649,1783934170405288076,0.427,57583050299325,1783934170382995609,25.496
57583143898535,1783934170498415341,1783934170498828230,0.413,57583143898535,1783934170476374911,25.451
57583194444684,1783934170549521509,1783934170549735436,0.214,57583194444684,1783934170526132392,26.011
57583234272258,1783934170589172342,1783934170589575694,0.403,57583234272258,1783934170568266229,25.834
57583329579934,1783934170684076610,1783934170684679741,0.603,57583329579934,1783934170662469218,25.435
57583375746242,1783934170729958917,1783934170730539770,0.581,57583375746242,1783934170707863709,25.147
57583421438567,1783934170775068519,1783934170775477371,0.409,57583421438567,1783934170753996350,24.564
57583494717998,1783934170848647432,1783934170849164545,0.517,57583494717998,1783934170827429856,24.864
57583556863206,1783934170911136604,1783934170911540882,0.404,57583556863206,1783934170889148192,25.208
57583628480783,1783934170982014883,1783934170982415550,0.401,57583628480783,1783934170960425195,24.468
57583688030448,1783934171042014216,1783934171042415624,0.401,57583688030448,1783934171020075972,24.918
57583762417253,1783934171117016484,1783934171117553041,0.537,57583762417253,1783934171094816554,25.534
57583812323901,1783934171166339631,1783934171166957688,0.618,57583812323901,1783934171144648906,24.955
57583855092406,1783934171209067007,1783934171209486767,0.42,57583855092406,1783934171187427874,24.909
57583950806416,1783934171305469722,1783934171306094297,0.625,57583950806416,1783934171283101366,25.598
57583996806131,1783934171351126566,1783934171351745011,0.618,57583996806131,1783934171329020025,25.255
57584041217121,1783934171395359166,1783934171395763556,0.404,57584041217121,1783934171374770647,25.076
57584136430167,1783934171490567065,1783934171491158881,0.592,57584136430167,1783934171468554691,25.071
57584185973370,1783934171540839417,1783934171541518381,0.679,57584185973370,1783934171518472727,25.8
57584227779670,1783934171581931530,1783934171582328827,0.397,57584227779670,1783934171559952045,25.086
57584303533995,1783934171658298023,1783934171658910913,0.613,57584303533995,1783934171635795408,25.698
57584351732677,1783934171706217908,1783934171706623835,0.406,57584351732677,1783934171684158108,25.419
57584417333187,1783934171771704826,1783934171772104327,0.4,57584417333187,1783934171749517951,25.306
57584478389078,1783934171832448901,1783934171832847124,0.398,57584478389078,1783934171810450990,24.994
57584541260009,1783934171897037650,1783934171897498670,0.461,57584541260009,1783934171873991941,26.712
57584606474297,1783934171960842287,1783934171961273140,0.431,57584606474297,1783934171938774968,25.303
57584693911625,1783934172049493007,1783934172050103471,0.61,57584693911625,1783934172025336203,26.516
57584728037929,1783934172082165493,1783934172082566309,0.401,57584728037929,1783934172060871806,25.062
57584793049476,1783934172146941262,1783934172147350873,0.41,57584793049476,1783934172124858776,24.826
57584865686147,1783934172220136194,1783934172220727232,0.591,57584865686147,1783934172198271412,25.384
57584909064857,1783934172263077995,1783934172263691922,0.614,57584909064857,1783934172241225622,24.947
57585001566621,1783934172356289242,1783934172356883540,0.594,57585001566621,1783934172334127942,25.657
57585046945298,1783934172401226066,1783934172401656771,0.431,57585046945298,1783934172379738452,25.215
57585110940861,1783934172465526630,1783934172466194761,0.668,57585110940861,1783934172443794164,25.52
57585158795320,1783934172513014829,1783934172513450237,0.435,57585158795320,1783934172491932734,25.154
57585237965597,1783934172592564643,1783934172593243496,0.679,57585237965597,1783934172570316898,25.533
57585279668544,1783934172637518615,1783934172637680190,0.162,57585279668544,1783934172613033885,28.784
57585375710908,1783934172730628862,1783934172731255752,0.627,57585375710908,1783934172708498006,25.852
57585425100073,1783934172785775853,1783934172786722374,0.947,57585425100073,1783934172757608727,31.61
57585470741954,1783934172825738909,1783934172826301354,0.562,57585470741954,1783934172803831868,25.932
57585561674030,1783934172916603226,1783934172917420894,0.818,57585561674030,1783934172894608203,25.864
57585607434985,1783934172963388849,1783934172964176517,0.788,57585607434985,1783934172939520824,26.893
57585652147661,1783934173007091560,1783934173007564746,0.473,57585652147661,1783934172983811202,25.878
57585728978692,1783934173084696019,1783934173085505854,0.81,57585728978692,1783934173061063864,26.652
57585773524109,1783934173128977027,1783934173129501824,0.525,57585773524109,1783934173106158911,26.387
57585838399599,1783934173193277869,1783934173193768814,0.491,57585838399599,1783934173170836549,25.813
57585899069693,1783934173254423612,1783934173255024446,0.601,57585899069693,1783934173231868237,26.289
57585959368231,1783934173314263538,1783934173314786317,0.523,57585959368231,1783934173292241645,25.83
57586023117257,1783934173379029436,1783934173379545122,0.516,57586023117257,1783934173355843152,26.847
57586116662912,1783934173472461109,1783934173472986129,0.525,57586116662912,1783934173449508807,26.733
57586150017271,1783934173504740040,1783934173505293985,0.554,57586150017271,1783934173482664110,25.658
57586225667430,1783934173581274497,1783934173582960574,1.686,57586225667430,1783934173558163213,26.542
57586272214498,1783934173627776305,1783934173628295065,0.519,57586272214498,1783934173604761151,26.496
57586338345954,1783934173693498427,1783934173693993743,0.495,57586338345954,1783934173670622088,26.087
57586430061068,1783934173785515061,1783934173786197507,0.682,57586430061068,1783934173762779093,26.389
57586477008359,1783934173832754538,1783934173832935353,0.181,57586477008359,1783934173809130031,26.681
57586539945013,1783934173895134820,1783934173895620228,0.485,57586539945013,1783934173873156557,26.124
57586612544611,1783934173968346530,1783934173969104809,0.758,57586612544611,1783934173945262913,26.736
57586658894623,1783934174015386655,1783934174016217989,0.831,57586658894623,1783934173991465499,27.427
57586705447209,1783934174060505831,1783934174061100147,0.594,57586705447209,1783934174038164475,25.994
57586811316758,1783934174166792788,1783934174167337252,0.544,57586811316758,1783934174144373043,26.411
57586846353564,1783934174201249963,1783934174201813816,0.564,57586846353564,1783934174178208791,25.831
57586893223596,1783934174248757329,1783934174249301738,0.544,57586893223596,1783934174226119454,26.468
57586986114250,1783934174342201522,1783934174342740949,0.539,57586986114250,1783934174320591407,27.022
57587036514844,1783934174392109429,1783934174392778968,0.67,57587036514844,1783934174370361907,26.529
57587081542983,1783934174437024013,1783934174437555403,0.531,57587081542983,1783934174414583101,26.415
57587151453483,1783934174507608940,1783934174508419609,0.811,57587151453483,1783934174485633400,27.09
57587204117489,1783934174559292351,1783934174559840482,0.548,57587204117489,1783934174537123680,26.109
57587301658170,1783934174658813203,1783934174659448093,0.635,57587301658170,1783934174636403847,28.09
57587332465468,1783934174687869739,1783934174688424221,0.554,57587332465468,1783934174665347086,26.339
57587400593447,1783934174754992326,1783934174755528494,0.536,57587400593447,1783934174733427768,25.333
57587487639664,1783934174843372991,1783934174844192548,0.82,57587487639664,1783934174820070577,26.668
57587531263227,1783934174886704997,1783934174887470517,0.766,57587531263227,1783934174863474936,26.376
57587582160840,1783934174937679518,1783934174938166963,0.487,57587582160840,1783934174914620216,26.454
57587647386295,1783934175003044103,1783934175003533974,0.49,57587647386295,1783934174979919541,26.592
57587718939465,1783934175074497791,1783934175075272163,0.774,57587718939465,1783934175051005470,26.493
57587769276837,1783934175125067163,1783934175125598923,0.532,57587769276837,1783934175101824342,26.725
57587857881057,1783934175215197090,1783934175216089777,0.893,57587857881057,1783934175190556970,28.251
57587902902845,1783934175259545710,1783934175260371619,0.826,57587902902845,1783934175235565869,27.577
57587948815819,1783934175304729591,1783934175305222369,0.493,57587948815819,1783934175281835233,26.848
57588009976674,1783934175365054333,1783934175365569296,0.515,57588009976674,1783934175342503716,26.012
57588100830287,1783934175456790374,1783934175457361042,0.571,57588100830287,1783934175437966135,26.895
57588146903744,1783934175504053999,1783934175504572963,0.519,57588146903744,1783934175482070347,28.085
57588195125296,1783934175550265937,1783934175550771697,0.506,57588195125296,1783934175527983599,26.075
57588267542654,1783934175622765739,1783934175623295740,0.53,57588267542654,1783934175600053604,26.158
57588339120417,1783934175694605465,1783934175695364318,0.759,57588339120417,1783934175670855458,26.42
57588397970582,1783934175753231259,1783934175753735501,0.504,57588397970582,1783934175730499939,26.195
57588475870042,1783934175832135703,1783934175832961186,0.825,57588475870042,1783934175809207141,27.2
57588521795442,1783934175877522380,1783934175878035881,0.514,57588521795442,1783934175854392096,26.662
57588587956713,1783934175943623762,1783934175944286819,0.663,57588587956713,1783934175921427999,26.602
57588630240014,1783934175985555470,1783934175986043600,0.488,57588630240014,1783934175963082206,26.25
57588692880131,1783934176048061290,1783934176048547884,0.487,57588692880131,1783934176025657748,26.116
57588757476752,1783934176113004541,1783934176113544190,0.54,57588757476752,1783934176090897444,26.462
57588822169372,1783934176177465495,1783934176178092940,0.627,57588822169372,1783934176155603806,26.231
57588882252744,1783934176237803126,1783934176238294627,0.492,57588882252744,1783934176215941677,26.485
57588976320975,1783934176333184063,1783934176333906712,0.723,57588976320975,1783934176313341100,27.798
57589009108814,1783934176364654936,1783934176364835696,0.181,57589009108814,1783934176342294672,26.481
57589084422454,1783934176440395356,1783934176441120672,0.725,57589084422454,1783934176418171999,26.907
57589131721820,1783934176487030480,1783934176487519332,0.489,57589131721820,1783934176465615199,26.243
57589201743303,1783934176557305703,1783934176557799686,0.494,57589201743303,1783934176535268051,26.497
57589290024838,1783934176645987072,1783934176646707389,0.72,57589290024838,1783934176623584475,26.897
57589334356124,1783934176690165488,1783934176690730804,0.565,57589334356124,1783934176667217001,26.744
57589395032571,1783934176751100972,1783934176751926270,0.825,57589395032571,1783934176728862746,27.003
57589442708530,1783934176797798170,1783934176798286671,0.489,57589442708530,1783934176775898333,26.024
57589505031924,1783934176860078935,1783934176860571010,0.492,57589505031924,1783934176838547765,25.982
57589595799242,1783934176952181847,1783934176953050608,0.869,57589595799242,1783934176929966880,27.317
57589629808490,1783934176985405372,1783934176986217670,0.812,57589629808490,1783934176962820923,26.531
57589710826327,1783934177066225338,1783934177067061914,0.837,57589710826327,1783934177043817315,26.338
57589764309131,1783934177119800420,1783934177120317106,0.517,57589764309131,1783934177097317026,26.426
