frame,ts_capture,ts_yolo_shm_read,ts_yolo_preprocess_done,ts_inference_start,ts_inference_done,ts_nms_done,ts_yolo_shm_write,frame_hash,capture_read_ms,preprocess_ms,inference_ms,nms_ms,shmwrite_ms,e2e_capture_to_commit_ms,n_dets
1,58549912371249,58549918339601,58549919049862,58549919053585,58549946180299,58549946441060,58549946502208,2851372148,5.9684,0.7103,27.1267,0.2608,0.0611,34.1310,1
2,58549942104601,58549950917351,58549951361668,58549951362649,58549976645302,58549976824081,58549976868859,2851372148,8.8127,0.4443,25.2827,0.1788,0.0448,34.7643,1
3,58549974007109,58549981281817,58549981717800,58549981718633,58550006935861,58550007070194,58550007099250,2851372148,7.2747,0.4360,25.2172,0.1343,0.0291,33.0921,1
4,58550084113473,58550088180504,58550088836451,58550088837562,58550114001123,58550114155493,58550114186993,2851372148,4.0670,0.6559,25.1636,0.1544,0.0315,30.0735,1
5,58550103808035,58550118238599,58550118657285,58550118658322,58550143700494,58550143848457,58550143877624,2851372148,14.4306,0.4187,25.0422,0.1480,0.0292,40.0696,1
6,58550156677942,58550161709198,58550162116570,58550162117496,58550187398649,58550187534909,58550187563687,2851372148,5.0313,0.4074,25.2812,0.1363,0.0288,30.8857,1
7,58550222582797,58550227420793,58550227817906,58550227818961,58550253101948,58550253233486,58550253261615,2851372148,4.8380,0.3971,25.2830,0.1315,0.0281,30.6788,1
8,58550291070215,58550295823101,58550297338828,58550297340568,58550322453351,58550322619648,58550322654944,2425169191,4.7529,1.5157,25.1128,0.1663,0.0353,31.5847,3
9,58550358907243,58550364662076,58550366339229,58550366341100,58550392758201,58550392939887,58550392978480,2936694945,5.7548,1.6772,26.4171,0.1817,0.0386,34.0712,6
10,58550438806161,58550443894991,58550444437456,58550444438308,58550469474424,58550469661091,58550469700221,2936959795,5.0888,0.5425,25.0361,0.1867,0.0391,30.8941,4
11,58550465263670,58550473478195,58550474105864,58550474106790,58550499356629,58550499523166,58550499556777,526892266,8.2145,0.6277,25.2498,0.1665,0.0336,34.2931,3
12,58550560073097,58550564512352,58550564946538,58550564947427,58550590161488,58550590294007,58550590323377,526892266,4.4393,0.4342,25.2141,0.1325,0.0294,30.2503,3
13,58550627452642,58550631044505,58550631579414,58550631580173,58550657332217,58550657492977,58550657523866,526892266,3.5919,0.5349,25.7520,0.1608,0.0309,30.0712,3
14,58550661913065,58550665813521,58550666534135,58550666535153,58550691731232,58550691878344,58550691910881,526892266,3.9005,0.7206,25.1961,0.1471,0.0325,29.9978,3
15,58550726355952,58550730173094,58550730826633,58550730827281,58550756024934,58550756168712,58550756197287,526892266,3.8171,0.6535,25.1977,0.1438,0.0286,29.8413,3
16,58550811292293,58550814979434,58550815371528,58550815372361,58550840669793,58550840855238,58550840887627,2733738343,3.6871,0.3921,25.2974,0.1854,0.0324,29.5953,4
17,58550858889165,58550862351398,58550862888214,58550862888899,58550887887941,58550888065627,58550888095516,4228227150,3.4622,0.5368,24.9990,0.1777,0.0299,29.2064,3
18,58550911215459,58550914465969,58550915016452,58550915017007,58550940419791,58550940635625,58550940671125,2144351768,3.2505,0.5505,25.4028,0.2158,0.0355,29.4557,3
19,58550966892078,58550970375885,58550970938887,58550970939813,58550996277022,58550996434893,58550996474504,2925031430,3.4838,0.5630,25.3372,0.1579,0.0396,29.5824,4
20,58551025980597,58551029352718,58551029928146,58551029929220,58551055041206,58551055182485,58551055213429,3530508613,3.3721,0.5754,25.1120,0.1413,0.0309,29.2328,4
21,58551092544120,58551096190799,58551096604892,58551096605559,58551122204639,58551122364196,58551122395973,3530508613,3.6467,0.4141,25.5991,0.1596,0.0318,29.8519,4
22,58551154934650,58551158233290,58551158875921,58551158877181,58551184095445,58551184268019,58551184300408,3530508613,3.2986,0.6426,25.2183,0.1726,0.0324,29.3658,4
23,58551250638691,58551253900497,58551254440184,58551254440944,58551279592541,58551279753523,58551279783393,1672790409,3.2618,0.5397,25.1516,0.1610,0.0299,29.1447,3
24,58551294515236,58551297950691,58551298328359,58551298329137,58551323667476,58551323812272,58551323842976,3346786320,3.4355,0.3777,25.3383,0.1448,0.0307,29.3277,4
25,58551351244303,58551354730814,58551355327371,58551355328131,58551380538710,58551380688488,58551380718173,496768718,3.4865,0.5966,25.2106,0.1498,0.0297,29.4739,4
26,58551424702756,58551431864519,58551433453987,58551433456376,58551460269719,58551460680128,58551460992222,401758155,7.1618,1.5895,26.8133,0.4104,0.3121,36.2895,3
27,58551478708666,58551484980964,58551485940874,58551485942707,58551511710029,58551511889141,58551511925196,424633244,6.2723,0.9599,25.7673,0.1791,0.0361,33.2165,3
28,58551528494822,58551533683746,58551534718083,58551534719231,58551561795297,58551561997835,58551562034724,424633244,5.1889,1.0343,27.0761,0.2025,0.0369,33.5399,3
29,58551604375024,58551608314851,58551609199205,58551609200354,58551636732459,58551636912829,58551636952941,424633244,3.9398,0.8844,27.5321,0.1804,0.0401,32.5779,3
30,58551686149984,58551689861088,58551690718350,58551690719739,58551720891667,58551721139520,58551721186946,775798629,3.7111,0.8573,30.1719,0.2479,0.0474,35.0370,3
31,58551732390074,58551736411734,58551737150533,58551737151811,58551763272337,58551763644542,58551763719820,3292135686,4.0217,0.7388,26.1205,0.3722,0.0753,31.3297,3
32,58551792109298,58551797052295,58551797894928,58551797896594,58551823434452,58551823642194,58551823690101,899884470,4.9430,0.8426,25.5379,0.2077,0.0479,31.5808,3
33,58551840710895,58551848351142,58551849544349,58551849545942,58551874983170,58551875159448,58551875197244,4212416380,7.6402,1.1932,25.4372,0.1763,0.0378,34.4863,4
34,58551908057273,58551912473732,58551913415698,58551913417068,58551939044760,58551939210427,58551939243316,4212416380,4.4165,0.9420,25.6277,0.1657,0.0329,31.1860,4
35,58551986110407,58551994008506,58551994782101,58551994783453,58552020219978,58552020390311,58552020423404,1669007471,7.8981,0.7736,25.4365,0.1703,0.0331,34.3130,3
36,58552060045584,58552063459428,58552064340264,58552064342357,58552091469553,58552091897277,58552091994740,3795042911,3.4138,0.8808,27.1272,0.4277,0.0975,31.9492,4
37,58552107927827,58552111318227,58552112492786,58552112494064,58552138260756,58552138467553,58552138509793,86930826,3.3904,1.1746,25.7667,0.2068,0.0422,30.5820,4
38,58552160421714,58552164218837,58552165196266,58552165197599,58552190987421,58552191210700,58552191256737,2250032732,3.7971,0.9774,25.7898,0.2233,0.0460,30.8350,4
39,58552213125491,58552216495557,58552217147818,58552217148855,58552242734991,58552242949084,58552242998103,828934802,3.3701,0.6523,25.5861,0.2141,0.0490,29.8726,3
40,58552312396006,58552316103962,58552316830650,58552316831501,58552342665638,58552342847379,58552342884898,1268823086,3.7080,0.7267,25.8341,0.1817,0.0375,30.4889,4
41,58552353629395,58552357775982,58552358685300,58552358686670,58552384081879,58552384258232,58552384293436,1110877361,4.1466,0.9093,25.3952,0.1764,0.0352,30.6640,4
42,58552419763195,58552423866134,58552426792365,58552426794087,58552456116772,58552456347014,58552456393958,972778422,4.1029,2.9262,29.3227,0.2302,0.0469,36.6308,4
43,58552463086794,58552469945797,58552470946171,58552470947337,58552496456417,58552496640436,58552496677122,3126450520,6.8590,1.0004,25.5091,0.1840,0.0367,33.5903,3
44,58552529096112,58552532304863,58552532960810,58552532962236,58552558390075,58552558545446,58552558575538,723304818,3.2088,0.6559,25.4278,0.1554,0.0301,29.4794,3
45,58552607882638,58552612129725,58552612912264,58552612914098,58552640863463,58552641058520,58552641098038,723304818,4.2471,0.7825,27.9494,0.1951,0.0395,33.2154,3
46,58552668367087,58552671594782,58552672502729,58552672503915,58552700669892,58552700934171,58552700980245,2189486487,3.2277,0.9079,28.1660,0.2643,0.0461,32.6132,3
47,58552718260058,58552721606976,58552722309071,58552722310275,58552747763244,58552747941281,58552747973244,1144093622,3.3469,0.7021,25.4530,0.1780,0.0320,29.7132,3
48,58552775333145,58552779360454,58552780401642,58552780403531,58552808660638,58552808817176,58552808851917,3973598817,4.0273,1.0412,28.2571,0.1565,0.0347,33.5188,3
49,58552849494989,58552853108185,58552853802577,58552853804169,58552879160693,58552879318286,58552879352916,2500317977,3.6132,0.6944,25.3565,0.1576,0.0346,29.8579,4
50,58552897673029,58552900999169,58552901612616,58552901613597,58552927018918,58552927245585,58552927283900,1449559992,3.3261,0.6134,25.4053,0.2267,0.0383,29.6109,3
51,58552962736937,58552966554023,58552967587563,58552967589341,58552993337070,58552993529941,58552993568256,3500441887,3.8171,1.0335,25.7477,0.1929,0.0383,30.8313,3
52,58553056442787,58553060391170,58553061431525,58553061432562,58553087564255,58553087820774,58553087868182,3799381464,3.9484,1.0404,26.1317,0.2565,0.0474,31.4254,3
53,58553098205881,58553102379376,58553103617454,58553103619454,58553132803601,58553132973064,58553133007731,3171347430,4.1735,1.2381,29.1841,0.1695,0.0347,34.8019,3
54,58553145581845,58553149209689,58553150147785,58553150149192,58553175677347,58553175882792,58553175921959,3766862676,3.6278,0.9381,25.5282,0.2054,0.0392,30.3401,3
55,58553216062436,58553219713115,58553221709232,58553221710602,58553246978885,58553247151460,58553247186016,355170603,3.6507,1.9961,25.2683,0.1726,0.0346,31.1236,3
56,58553283648723,58553287117715,58553287709921,58553287711180,58553313763836,58553314141670,58553314226485,1135642579,3.4690,0.5922,26.0527,0.3778,0.0848,30.5778,3
57,58553335828313,58553340873699,58553342302963,58553342304425,58553368562138,58553368756712,58553368797527,3444032267,5.0454,1.4293,26.2577,0.1946,0.0408,32.9692,3
58,58553395512963,58553400287811,58553402181280,58553402187262,58553430219479,58553430619481,58553430691351,2315582199,4.7748,1.8935,28.0322,0.4000,0.0719,35.1784,4
59,58553477261201,58553481198473,58553481857179,58553481857919,58553508623337,58553508836523,58553508888189,950724537,3.9373,0.6587,26.7654,0.2132,0.0517,31.6270,3
60,58553526490300,58553530454331,58553531062463,58553531063278,58553556402765,58553556603543,58553556637506,964144868,3.9640,0.6081,25.3395,0.2008,0.0340,30.1472,3
61,58553585199873,58553588912089,58553589668962,58553589670499,58553614742170,58553614988078,58553615022449,3261994126,3.7122,0.7569,25.0717,0.2459,0.0344,29.8226,3
62,58553659391199,58553663290396,58553664525548,58553664529234,58553689688757,58553689876443,58553689911739,3997482241,3.8992,1.2352,25.1595,0.1877,0.0353,30.5205,3
63,58553704627563,58553708141389,58553709363041,58553709366356,58553737478185,58553737643982,58553737677149,134913991,3.5138,1.2217,28.1118,0.1658,0.0332,33.0496,3
64,58553771190291,58553775544064,58553776492622,58553776494159,58553801591072,58553801743646,58553801775165,801461292,4.3538,0.9486,25.0969,0.1526,0.0315,30.5849,4
65,58553866825573,58553871203142,58553874539708,58553874541727,58553899682102,58553899898806,58553899938825,2566977459,4.3776,3.3366,25.1404,0.2167,0.0400,33.1133,4
66,58553914154092,58553918364124,58553919439053,58553919440442,58553945305134,58553945532616,58553945586005,4064937908,4.2100,1.0749,25.8647,0.2275,0.0534,31.4319,4
67,58553957336005,58553962195391,58553963235339,58553963236727,58553988699215,58553988884049,58553988919271,2719491593,4.8594,1.0399,25.4625,0.1848,0.0352,31.5833,3
68,58554045935302,58554050436835,58554051247356,58554051248985,58554076682084,58554076856584,58554076892640,4205990582,4.5015,0.8105,25.4331,0.1745,0.0361,30.9573,3
69,58554097058889,58554101124512,58554102223275,58554102224905,58554129159397,58554129372749,58554129412472,732848409,4.0656,1.0988,26.9345,0.2134,0.0397,32.3536,4
70,58554144214092,58554148566624,58554149702313,58554149704572,58554174966689,58554175129412,58554175161986,1483857395,4.3525,1.1357,25.2621,0.1627,0.0326,30.9479,4
71,58554235791491,58554240426968,58554241178452,58554241179600,58554266466291,58554266630736,58554266663884,4228341963,4.6355,0.7515,25.2867,0.1644,0.0331,30.8724,4
72,58554274717891,58554278347162,58554279333480,58554279334368,58554306864455,58554307020048,58554307051456,2055343119,3.6293,0.9863,27.5301,0.1556,0.0314,32.3336,4
73,58554348485604,58554353302916,58554354205455,58554354206455,58554379496257,58554379659350,58554379691480,714532824,4.8173,0.9025,25.2898,0.1631,0.0321,31.2059,4
74,58554393238856,58554398213205,58554399088078,58554399089745,58554424229287,58554424384380,58554424416380,782894122,4.9743,0.8749,25.1395,0.1551,0.0320,31.1775,4
75,58554459014451,58554462709518,58554463546225,58554463548021,58554488696341,58554488848638,58554488879712,121252814,3.6951,0.8367,25.1483,0.1523,0.0311,29.8653,3
76,58554537476883,58554541745285,58554542431936,58554542433399,58554568742963,58554568912426,58554568943500,642957062,4.2684,0.6867,26.3096,0.1695,0.0311,31.4666,3
77,58554579888812,58554584695439,58554585729849,58554585731349,58554610623187,58554610788558,58554610823002,1649884187,4.8066,1.0344,24.8918,0.1654,0.0344,30.9342,3
78,58554641622099,58554645912761,58554646936782,58554646939505,58554672061898,58554672202232,58554672230843,487785406,4.2907,1.0240,25.1224,0.1403,0.0286,30.6087,3
79,58554721016126,58554724617730,58554726013086,58554726014346,58554751589963,58554751765056,58554751798371,661505670,3.6016,1.3954,25.5756,0.1751,0.0333,30.7822,3
80,58554773702810,58554778497918,58554779383717,58554779384698,58554804701778,58554804881816,58554804918149,1971195960,4.7951,0.8858,25.3171,0.1800,0.0363,31.2153,3
81,58554830549304,58554835464282,58554836197988,58554836199377,58554861006103,58554861154326,58554861182955,2477313344,4.9150,0.7337,24.8067,0.1482,0.0286,30.6337,3
82,58554903521903,58554908211529,58554908968568,58554908969605,58554934145166,58554934294592,58554934329815,3301291222,4.6896,0.7570,25.1756,0.1494,0.0352,30.8079,3
83,58554950931534,58554955303492,58554955991438,58554955992438,58554980838961,58554980977017,58554981004350,426729771,4.3720,0.6879,24.8465,0.1381,0.0273,30.0728,3
84,58555017960059,58555021600570,58555022288498,58555022289406,58555047303059,58555047437170,58555047465652,1622433410,3.6405,0.6879,25.0137,0.1341,0.0285,29.5056,3
85,58555108937530,58555113824138,58555114996567,58555114997716,58555140020035,58555140164072,58555140193054,1658039855,4.8866,1.1724,25.0223,0.1440,0.0290,31.2555,3
86,58555163914036,58555168775422,58555169552257,58555169553572,58555194518280,58555194663818,58555194693244,386301906,4.8614,0.7768,24.9647,0.1455,0.0294,30.7792,3
87,58555199771575,58555203799495,58555204839035,58555204840257,58555230081559,58555230223763,58555230254504,2380674450,4.0279,1.0395,25.2413,0.1422,0.0307,30.4829,4
88,58555291388436,58555295255615,58555296357526,58555296358804,58555321636550,58555321790495,58555321822217,1385439101,3.8672,1.1019,25.2777,0.1539,0.0317,30.4338,4
89,58555338331232,58555342372430,58555343360877,58555343362674,58555368535549,58555368679438,58555368708716,4288712906,4.0412,0.9884,25.1729,0.1439,0.0293,30.3775,3
90,58555395809376,58555399808777,58555400866688,58555400870651,58555426149675,58555426293842,58555426322712,838898689,3.9994,1.0579,25.2790,0.1442,0.0289,30.5133,3
91,58555448048151,58555451853403,58555453190648,58555453192797,58555478417802,58555478556450,58555478585247,1634161741,3.8053,1.3372,25.2250,0.1386,0.0288,30.5371,3
92,58555520747546,58555524744762,58555525797636,58555525800932,58555550948215,58555551096900,58555551127586,1786633147,3.9972,1.0529,25.1473,0.1487,0.0307,30.3800,4
93,58555566917098,58555571192223,58555572522338,58555572524745,58555597578528,58555597712417,58555597741528,1742719610,4.2751,1.3301,25.0538,0.1339,0.0291,30.8244,3
94,58555658456997,58555662700029,58555664025607,58555664056718,58555689182556,58555689327946,58555689356779,2886878111,4.2430,1.3256,25.1258,0.1454,0.0288,30.8998,3
95,58555693632496,58555697467027,58555698724975,58555698727735,58555723713739,58555723853295,58555723881406,2886878111,3.8345,1.2579,24.9860,0.1396,0.0281,30.2489,3
96,58555790629301,58555794820833,58555796190781,58555796192726,58555821754010,58555821917973,58555821946918,2071415660,4.1915,1.3699,25.5613,0.1640,0.0289,31.3176,3
97,58555833514010,58555837444356,58555838656600,58555838658007,58555863555752,58555863699438,58555863728771,3734065305,3.9303,1.2122,24.8977,0.1437,0.0293,30.2148,3
98,58555881559476,58555885617636,58555886736251,58555886737788,58555911650848,58555911789404,58555911817552,1788135483,4.0582,1.1186,24.9131,0.1386,0.0281,30.2581,3
99,58555979223727,58555983279314,58555985400357,58555985403820,58556011880367,58556012238553,58556012286571,1037995091,4.0556,2.1210,26.4765,0.3582,0.0480,33.0628,3
100,58556010514751,58556016960642,58556017767681,58556017768774,58556042505907,58556042645093,58556042674926,1105490958,6.4459,0.8070,24.7371,0.1392,0.0298,32.1602,4
101,58556088314384,58556093603290,58556094239699,58556094240551,58556119260982,58556119406575,58556119437371,1243644860,5.2889,0.6364,25.0204,0.1456,0.0308,31.1230,4
102,58556140679438,58556145300212,58556146389400,58556146390604,58556171517831,58556171658109,58556171688369,1676269208,4.6208,1.0892,25.1272,0.1403,0.0303,31.0089,4
103,58556223550939,58556227813860,58556229106345,58556229108216,58556254030627,58556254168887,58556254199220,2996106070,4.2629,1.2925,24.9224,0.1383,0.0303,30.6483,4
104,58556344324244,58556349157260,58556351101599,58556351105803,58556377698701,58556377951443,58556377989350,2996106070,4.8330,1.9443,26.5929,0.2527,0.0379,33.6651,4
105,58556373770392,58556381343768,58556382497698,58556382499198,58556407643536,58556407790999,58556407821296,2996106070,7.5734,1.1539,25.1443,0.1475,0.0303,34.0509,4
106,58556424879720,58556429703994,58556430644960,58556430646386,58556455466112,58556455605927,58556455635872,1213406982,4.8243,0.9410,24.8197,0.1398,0.0299,30.7562,4
107,58556484902001,58556488952976,58556490951557,58556490954742,58556516135803,58556516281673,58556516312377,1213406982,4.0510,1.9986,25.1811,0.1459,0.0307,31.4104,4
108,58556533525579,58556538025334,58556539087004,58556539088467,58556564027046,58556564165787,58556564195194,1213406982,4.4998,1.0617,24.9386,0.1387,0.0294,30.6696,4
109,58556612253734,58556616672989,58556617890141,58556617891752,58556642705052,58556642843664,58556642873534,1213406982,4.4193,1.2172,24.8133,0.1386,0.0299,30.6198,4
110,58556676326232,58556680551578,58556682279973,58556682281584,58556707503089,58556707649460,58556707679627,1213406982,4.2253,1.7284,25.2215,0.1464,0.0302,31.3534,4
111,58556721614893,58556726303000,58556727066002,58556727067280,58556752078359,58556752219618,58556752250063,1213406982,4.6881,0.7630,25.0111,0.1413,0.0304,30.6352,4
112,58556782824048,58556787154858,58556788543455,58556788545047,58556814273906,58556814413573,58556814444388,1213406982,4.3308,1.3886,25.7289,0.1397,0.0308,31.6203,4
113,58556842236457,58556846676915,58556847927290,58556847928345,58556873027424,58556873167628,58556873198258,1213406982,4.4405,1.2504,25.0991,0.1402,0.0306,30.9618,4
114,58556914247720,58556918804272,58556919997849,58556919999109,58556945011632,58556945145799,58556945174632,3266138848,4.5566,1.1936,25.0125,0.1342,0.0288,30.9269,3
115,58556998743504,58557003319815,58557005641193,58557005645137,58557031669774,58557032071813,58557032152017,1571350815,4.5763,2.3214,26.0246,0.4020,0.0802,33.4085,5
116,58557030085306,58557037673275,58557038784593,58557038785908,58557063872505,58557064025709,58557064054950,1190257702,7.5880,1.1113,25.0866,0.1532,0.0292,33.9696,3
117,58557091606222,58557095285234,58557096567034,58557096568941,58557121840780,58557121977021,58557122006114,1190257702,3.6790,1.2818,25.2718,0.1362,0.0291,30.3999,3
118,58557166862755,58557171657936,58557172682514,58557172684199,58557197367499,58557197503166,58557197532110,1190257702,4.7952,1.0246,24.6833,0.1357,0.0289,30.6694,3
119,58557255644719,58557261419626,58557262414092,58557262415388,58557288523211,58557288827638,58557288908749,527747019,5.7749,0.9945,26.1078,0.3044,0.0811,33.2640,4
120,58557286769224,58557293743672,58557294396341,58557294397137,58557319455530,58557319602161,58557319633087,527747019,6.9744,0.6527,25.0584,0.1466,0.0309,32.8639,4
121,58557346031929,58557350156738,58557351210519,58557351211575,58557376143542,58557376279968,58557376308135,1750731341,4.1248,1.0538,24.9320,0.1364,0.0282,30.2762,3
122,58557413769956,58557418589416,58557419838624,58557419839976,58557445055277,58557445189926,58557445218111,2055471384,4.8195,1.2492,25.2153,0.1346,0.0282,31.4482,3
123,58557493819134,58557499289892,58557500182358,58557500183413,58557525044547,58557525190936,58557525220918,1153326570,5.4708,0.8925,24.8611,0.1464,0.0300,31.4018,4
124,58557540071890,58557543941791,58557545026591,58557545027832,58557569656594,58557569794576,58557569824243,1153326570,3.8699,1.0848,24.6288,0.1380,0.0297,29.7524,4
125,58557605639170,58557609584516,58557610895983,58557610898224,58557636271989,58557636433656,58557636463971,1655755306,3.9453,1.3115,25.3738,0.1617,0.0303,30.8248,4
126,58557652923208,58557657538056,58557658533855,58557658534855,58557683229414,58557683375378,58557683407193,3843599637,4.6148,0.9958,24.6946,0.1460,0.0318,30.4840,5
127,58557723449837,58557727189441,58557728332260,58557728334741,58557753086078,58557753228005,58557753259394,94995751,3.7396,1.1428,24.7513,0.1419,0.0314,29.8096,5
128,58557795965695,58557801203174,58557802087603,58557802088973,58557826921347,58557827071255,58557827102366,3588479284,5.2375,0.8844,24.8324,0.1499,0.0311,31.1367,5
129,58557843908160,58557847730672,58557848804657,58557848807324,58557873861569,58557874019977,58557874052014,3759762908,3.8225,1.0740,25.0542,0.1584,0.0320,30.1439,5
130,58557902912568,58557907620379,58557908749308,58557908750771,58557933511719,58557933652998,58557933683479,710089192,4.7078,1.1289,24.7609,0.1413,0.0305,30.7709,4
131,58557980582182,58557984837214,58557985527531,58557985528457,58558010644406,58558010820407,58558010852925,1199952837,4.2550,0.6903,25.1159,0.1760,0.0325,30.2707,3
132,58558024740802,58558029448410,58558030339357,58558030340598,58558055595288,58558055729715,58558055758622,4064654806,4.7076,0.8909,25.2547,0.1344,0.0289,31.0178,3
133,58558103646328,58558108535158,58558109200994,58558109201864,58558133766515,58558133895386,58558133922757,442599653,4.8888,0.6658,24.5647,0.1289,0.0274,30.2764,2
134,58558180127643,58558184932361,58558185651178,58558185652123,58558210489164,58558210627238,58558210654424,544357763,4.8047,0.7188,24.8370,0.1381,0.0272,30.5268,2
135,58558225405118,58558229041093,58558230070670,58558230071985,58558255148101,58558255300805,58558255328323,2894624941,3.6360,1.0296,25.0761,0.1527,0.0275,29.9232,2
136,58558271601634,58558275391683,58558276135574,58558276137537,58558300809151,58558300940930,58558300967837,1267804030,3.7900,0.7439,24.6716,0.1318,0.0269,29.3662,2
137,58558338485399,58558343044858,58558343816453,58558343817250,58558368669031,58558368807476,58558368838087,491247990,4.5595,0.7716,24.8518,0.1384,0.0306,30.3527,4
138,58558400755391,58558405617148,58558406619669,58558406621132,58558431561840,58558431715952,58558431747693,2637304949,4.8618,1.0025,24.9407,0.1541,0.0317,30.9923,2
139,58558489793208,58558495244763,58558495903913,58558495904876,58558521349715,58558521490197,58558521517678,3166951896,5.4516,0.6592,25.4448,0.1405,0.0275,31.7245,2
140,58558523293536,58558527258900,58558528246792,58558528249940,58558553547668,58558553678261,58558553705557,3166951896,3.9654,0.9879,25.2977,0.1306,0.0273,30.4120,2
141,58558600765539,58558605439016,58558606211796,58558606213056,58558631217986,58558631366857,58558631395376,2673672855,4.6735,0.7728,25.0049,0.1489,0.0285,30.6298,2
142,58558648241595,58558653079296,58558653801316,58558653802224,58558678744265,58558678877543,58558678904136,3376125896,4.8377,0.7220,24.9420,0.1333,0.0266,30.6625,2
143,58558711582035,58558716464865,58558717217293,58558717218368,58558742240705,58558742374335,58558742400910,3979024978,4.8828,0.7524,25.0223,0.1336,0.0266,30.8189,2
144,58558801367873,58558805263181,58558806536408,58558806537778,58558831681246,58558831834006,58558831863950,2166280747,3.8953,1.2732,25.1435,0.1528,0.0299,30.4961,3
145,58558847281313,58558851621457,58558852594534,58558852595737,58558877246352,58558877382852,58558877411408,3814566975,4.3401,0.9731,24.6506,0.1365,0.0286,30.1301,3
146,58558913343317,58558917281682,58558918358074,58558918359296,58558943571449,58558943707783,58558943734265,3143683603,3.9384,1.0764,25.2122,0.1363,0.0265,30.3909,2
147,58558964966813,58558969573809,58558970213552,58558970214292,58558995233075,58558995360853,58558995388242,1566778935,4.6070,0.6397,25.0188,0.1278,0.0274,30.4214,2
148,58559052097198,58559055869543,58559056595379,58559056597064,58559081706884,58559081856180,58559081883829,3120418110,3.7723,0.7258,25.1098,0.1493,0.0276,29.7866,2
149,58559091819230,58559095605057,58559096943987,58559096947080,58559122252511,58559122389456,58559122417567,498475204,3.7858,1.3389,25.3054,0.1369,0.0281,30.5983,2
150,58559148238630,58559152642403,58559153567832,58559153568850,58559179180134,58559179358802,58559179409061,295151553,4.4038,0.9254,25.6113,0.1787,0.0503,31.1704,2
151,58559207873799,58559211973626,58559212751166,58559212752221,58559237795430,58559237924578,58559237950893,2672589736,4.0998,0.7775,25.0432,0.1291,0.0263,30.0771,2
152,58559286448694,58559290317798,58559291590673,58559291592247,58559317107901,58559317243402,58559317271272,4230086062,3.8691,1.2729,25.5157,0.1355,0.0279,30.8226,2
153,58559335679441,58559339789028,58559341337700,58559341339422,58559366242685,58559366381908,58559366409001,1912667949,4.1096,1.5487,24.9033,0.1392,0.0271,30.7296,2
154,58559393370326,58559398115026,58559398837991,58559398839788,58559423788718,58559423919070,58559423945385,2131375979,4.7447,0.7230,24.9489,0.1304,0.0263,30.5751,2
155,58559484239964,58559489064090,58559490218038,58559490219260,58559515667081,58559515854656,58559515882007,2675686709,4.8241,1.1539,25.4478,0.1876,0.0274,31.6420,2
156,58559518075607,58559522200620,58559523531106,58559523532309,58559548463980,58559548596184,58559548622759,2675686709,4.1250,1.3305,24.9317,0.1322,0.0266,30.5472,2
157,58559614886541,58559618862276,58559620076113,58559620077650,58559645629563,58559645788119,58559645823657,276822550,3.9757,1.2138,25.5519,0.1586,0.0355,30.9371,3
158,58559658746605,58559663492083,58559664260307,58559664261307,58559689141034,58559689269349,58559689295441,335401620,4.7455,0.7682,24.8797,0.1283,0.0261,30.5488,2
159,58559718183903,58559722546824,58559723233141,58559723234085,58559749457853,58559749587927,58559749615020,3272130549,4.3629,0.6863,26.2238,0.1301,0.0271,31.4311,2
160,58559795216089,58559801516535,58559802422945,58559802424630,58559828748009,58559828894602,58559828924047,986515684,6.3004,0.9064,26.3234,0.1466,0.0294,33.7080,3
161,58559826134020,58559832314132,58559833069190,58559833070171,58559858020676,58559858153676,58559858182083,1428644095,6.1801,0.7551,24.9505,0.1330,0.0284,32.0481,3
162,58559890385018,58559894680457,58559895326293,58559895327311,58559921000411,58559921152596,58559921182744,3080829700,4.2954,0.6458,25.6731,0.1522,0.0301,30.7977,3
163,58559952439750,58559957714748,58559958309620,58559958310472,58559983124643,58559983263421,58559983291903,1906004911,5.2750,0.5949,24.8142,0.1388,0.0285,30.8522,3
164,58560046733435,58560051000634,58560051637543,58560051638710,58560077520328,58560077681792,58560077712088,3334761096,4.2672,0.6369,25.8816,0.1615,0.0303,30.9787,3
165,58560087056951,58560091327724,58560092476338,58560092478431,58560117308417,58560117448398,58560117477787,2111739955,4.2708,1.1486,24.8300,0.1400,0.0294,30.4208,3
166,58560142510959,58560146884435,58560147669475,58560147670364,58560172758295,58560172902814,58560172931369,3136701107,4.3735,0.7850,25.0879,0.1445,0.0286,30.4204,3
167,58560217400268,58560223241027,58560223943974,58560223945122,58560249075720,58560249216572,58560249244516,3309112231,5.8408,0.7029,25.1306,0.1409,0.0279,31.8442,2
168,58560263395431,58560267873297,58560268732726,58560268733985,58560293918546,58560294056509,58560294085824,1845904703,4.4779,0.8594,25.1846,0.1380,0.0293,30.6904,3
169,58560328715914,58560332864502,58560333887097,58560333888301,58560358853842,58560359016510,58560359048880,3998581195,4.1486,1.0226,24.9655,0.1627,0.0324,30.3330,3
170,58560402756388,58560407274050,58560408421813,58560408425035,58560433309725,58560433458133,58560433485670,2003316746,4.5177,1.1478,24.8847,0.1484,0.0275,30.7293,2
171,58560449898462,58560454130975,58560454871922,58560454872922,58560479728648,58560479864890,58560479894390,902577038,4.2325,0.7409,24.8557,0.1362,0.0295,29.9959,3
172,58560513483588,58560517480693,58560518243769,58560518244769,58560543080070,58560543211941,58560543238793,1930456750,3.9971,0.7631,24.8353,0.1319,0.0269,29.7552,2
173,58560583140011,58560587254449,58560588404768,58560588408175,58560613641995,58560613804533,58560613840792,1999973082,4.1144,1.1503,25.2338,0.1625,0.0363,30.7008,3
174,58560664970471,58560670395822,58560671312343,58560671313362,58560696611608,58560696757053,58560696785275,57694324,5.4254,0.9165,25.2982,0.1454,0.0282,31.8148,2
175,58560712472621,58560717851175,58560718495066,58560718495955,58560743426200,58560743565422,58560743592682,878998508,5.3786,0.6439,24.9302,0.1392,0.0273,31.1201,2
176,58560762510797,58560766529383,58560767377368,58560767378682,58560793265041,58560793403412,58560793431783,70711390,4.0186,0.8480,25.8864,0.1384,0.0284,30.9210,3
177,58560823927323,58560827597649,58560828479411,58560828480986,58560853311915,58560853450268,58560853479675,3281401750,3.6703,0.8818,24.8309,0.1384,0.0294,29.5524,3
178,58560892919966,58560897202665,58560898098741,58560898099704,58560923050227,58560923243506,58560923273895,3356391143,4.2827,0.8961,24.9505,0.1933,0.0304,30.3539,2
179,58560978085826,58560982110246,58560982824230,58560982825323,58561008090921,58561008241236,58561008269495,3112981596,4.0244,0.7140,25.2656,0.1503,0.0283,30.1837,2
180,58561026101033,58561030020175,58561031016419,58561031017733,58561055925460,58561056103812,58561056130831,4092489757,3.9191,0.9962,24.9077,0.1784,0.0270,30.0298,2
181,58561072588253,58561077285897,58561078021529,58561078022511,58561102553977,58561102682218,58561102709181,10116320,4.6976,0.7356,24.5315,0.1282,0.0270,30.1209,2
182,58561150802369,58561155527440,58561156287831,58561156289072,58561181274261,58561181422373,58561181452447,1667010175,4.7251,0.7604,24.9852,0.1481,0.0301,30.6501,3
183,58561192122129,58561197534313,58561198219963,58561198221018,58561223210245,58561223346690,58561223376023,1667010175,5.4122,0.6856,24.9892,0.1364,0.0293,31.2539,3
184,58561255269142,58561260364714,58561261079457,58561261081920,58561286246369,58561286382073,58561286410703,1667010175,5.0956,0.7147,25.1644,0.1357,0.0286,31.1416,3
185,58561320154309,58561324365322,58561325219770,58561325221103,58561349958699,58561350093311,58561350121829,1667010175,4.2110,0.8544,24.7376,0.1346,0.0285,29.9675,3
186,58561384418752,58561389082470,58561389818510,58561389819602,58561414606273,58561414743347,58561414772051,1667010175,4.6637,0.7360,24.7867,0.1371,0.0287,30.3533,3
187,58561444856035,58561449425753,58561450169310,58561450170440,58561474842425,58561474975426,58561475003352,1667010175,4.5697,0.7436,24.6720,0.1330,0.0279,30.1473,3
188,58561524476452,58561528504409,58561529318226,58561529319782,58561554196730,58561554342527,58561554371583,2963047404,4.0280,0.8138,24.8769,0.1458,0.0291,29.8951,3
189,58561571316914,58561575066629,58561576147170,58561576151244,58561601135026,58561601266711,58561601293656,3062589091,3.7497,1.0805,24.9838,0.1317,0.0269,29.9767,2
190,58561631809011,58561635837524,58561637189547,58561637193824,58561662393181,58561662578941,58561662611275,3669183082,4.0285,1.3520,25.1994,0.1858,0.0323,30.8023,2
191,58561728552686,58561733930999,58561734964206,58561734965576,58561760255415,58561760398082,58561760427730,1883048465,5.3783,1.0332,25.2898,0.1427,0.0296,31.8750,3
192,58561764145094,58561769824316,58561770632170,58561770633151,58561795576600,58561795714267,58561795742990,1883048465,5.6792,0.8079,24.9434,0.1377,0.0287,31.5979,3
193,58561832867088,58561837527362,58561838212142,58561838213123,58561862954108,58561863126609,58561863153794,2641945356,4.6603,0.6848,24.7410,0.1725,0.0272,30.2867,2
194,58561883353043,58561887149407,58561888154336,58561888156391,58561913057933,58561913196748,58561913225711,3244231567,3.7964,1.0049,24.9015,0.1388,0.0290,29.8727,3
195,58561959654875,58561965100856,58561965727302,58561965728061,58561990826436,58561990971474,58561991000974,3725049972,5.4460,0.6264,25.0984,0.1450,0.0295,31.3461,3
196,58562003040067,58562007200506,58562008269010,58562008270473,58562033359478,58562033516385,58562033547089,440425638,4.1604,1.0685,25.0890,0.1569,0.0307,30.5070,3
197,58562098027829,58562101364710,58562102267139,58562102268120,58562127373199,58562127520700,58562127550163,227179741,3.3369,0.9024,25.1051,0.1475,0.0295,29.5223,3
198,58562138751142,58562142432450,58562143784880,58562143786103,58562168734829,58562168879663,58562168913311,2271626314,3.6813,1.3524,24.9487,0.1448,0.0336,30.1622,2
199,58562196899936,58562201463728,58562202350453,58562202352398,58562227152494,58562227284161,58562227311476,4035285487,4.5638,0.8867,24.8001,0.1317,0.0273,30.4115,2
200,58562265531874,58562270185296,58562271003836,58562271005373,58562295943081,58562296083581,58562296110711,968576578,4.6534,0.8185,24.9377,0.1405,0.0271,30.5788,2
201,58562332303584,58562336313652,58562337536212,58562337538267,58562363188015,58562363323774,58562363350923,3332614130,4.0101,1.2226,25.6497,0.1358,0.0271,31.0473,2
202,58562377789690,58562382103389,58562383151244,58562383153596,58562408564417,58562408700547,58562408728139,3332614130,4.3137,1.0479,25.4108,0.1361,0.0276,30.9384,2
203,58562437282896,58562440874111,58562442069818,58562442072207,58562467157545,58562467289972,58562467317250,3690277799,3.5912,1.1957,25.0853,0.1324,0.0273,30.0344,2
204,58562525484969,58562530035002,58562530896505,58562530897746,58562555951750,58562556138918,58562556169677,1921200061,4.5500,0.8615,25.0540,0.1872,0.0308,30.6847,2
205,58562564697019,58562568858754,58562569914128,58562569918572,58562595048873,58562595187411,58562595214985,1921200061,4.1617,1.0554,25.1303,0.1385,0.0276,30.5180,2
206,58562625214098,58562629954187,58562630749560,58562630750930,58562655857953,58562655992176,58562656028454,760778445,4.7401,0.7954,25.1070,0.1342,0.0363,30.8144,2
207,58562716805238,58562722398589,58562723805130,58562723806945,58562750690548,58562750895789,58562750929771,1283817688,5.5934,1.4065,26.8836,0.2052,0.0340,34.1245,2
208,58562748035003,58562754723524,58562755334618,58562755335414,58562780084900,58562780219159,58562780246104,1283817688,6.6885,0.6111,24.7495,0.1343,0.0269,32.2111,2
209,58562810829904,58562815482289,58562816748922,58562816750330,58562841684649,58562841816075,58562841843020,2210834560,4.6524,1.2666,24.9343,0.1314,0.0269,31.0131,2
210,58562874310640,58562878902136,58562880174844,58562880176140,58562905048033,58562905178701,58562905205589,1005625100,4.5915,1.2727,24.8719,0.1307,0.0269,30.8949,2
211,58562968361010,58562973642897,58562974862438,58562974864809,58563000727223,58563000997391,58563001067576,1396911880,5.2819,1.2195,25.8624,0.2702,0.0702,32.7066,2
212,58562997978826,58563004237512,58563004957625,58563004958662,58563029642888,58563029775389,58563029802629,1396911880,6.2587,0.7201,24.6842,0.1325,0.0272,31.8238,2
213,58563070358831,58563074874586,58563075761496,58563075762681,58563100845223,58563101009131,58563101039131,3695156608,4.5158,0.8869,25.0825,0.1639,0.0300,30.6803,2
214,58563118736205,58563122915422,58563123869888,58563123871166,58563149184283,58563149334005,58563149362061,372762348,4.1792,0.9545,25.3131,0.1497,0.0281,30.6259,2
215,58563181069587,58563185276155,58563186046232,58563186047639,58563210952477,58563211082977,58563211110014,3768775032,4.2066,0.7701,24.9048,0.1305,0.0270,30.0404,2
216,58563270474997,58563274365510,58563275765125,58563275766477,58563300546981,58563300688592,58563300715352,3683504052,3.8905,1.3996,24.7805,0.1416,0.0268,30.2404,2
217,58563318928817,58563322757569,58563324543853,58563324545205,58563349124411,58563349258153,58563349284893,4105513126,3.8288,1.7863,24.5792,0.1337,0.0267,30.3561,2
218,58563384124725,58563388524350,58563389483890,58563389485279,58563414603080,58563414749581,58563414775970,495759735,4.3996,0.9595,25.1178,0.1465,0.0264,30.6512,2
219,58563482691165,58563487287550,58563488831851,58563488833666,58563514948081,58563515260601,58563515302582,2178938682,4.5964,1.5443,26.1144,0.3125,0.0420,32.6114,2
220,58563513517317,58563519599151,58563520536062,58563520537210,58563545593826,58563545737400,58563545764308,773989687,6.0818,0.9369,25.0566,0.1436,0.0269,32.2470,2
221,58563566077353,58563570677256,58563571954686,58563571955983,58563597380877,58563597515748,58563597542582,710846221,4.5999,1.2774,25.4249,0.1349,0.0268,31.4652,2
222,58563620613025,58563624498796,58563625714726,58563625715929,58563650720453,58563650871453,58563650900342,4212046032,3.8858,1.2159,25.0045,0.1510,0.0289,30.2873,2
223,58563674455249,58563679053819,58563680163786,58563680165008,58563704861845,58563704995327,58563705022086,128396838,4.5986,1.1100,24.6968,0.1335,0.0268,30.5668,2
224,58563765408924,58563770207643,58563771566351,58563771567833,58563796472504,58563796619486,58563796648837,3717508280,4.7987,1.3587,24.9047,0.1470,0.0294,31.2399,3
225,58563800724480,58563805373976,58563806529869,58563806531591,58563831447669,58563831584966,58563831614540,3717508280,4.6495,1.1559,24.9161,0.1373,0.0296,30.8901,3
226,58563863111584,58563868112377,58563868781490,58563868782472,58563893411771,58563893545087,58563893571790,1222674643,5.0008,0.6691,24.6293,0.1333,0.0267,30.4602,2
227,58563951219824,58563955477504,58563957270843,58563957274139,58563982945923,58563983085239,58563983117702,3688012343,4.2577,1.7933,25.6718,0.1393,0.0325,31.8979,2
228,58563988209977,58563994377793,58563995332925,58563995334222,58564020359634,58564020489616,58564020516801,3688012343,6.1678,0.9551,25.0254,0.1300,0.0272,32.3068,2
229,58564070776718,58564074899027,58564075682493,58564075683400,58564100635682,58564100776738,58564100804313,2550173999,4.1223,0.7835,24.9523,0.1411,0.0276,30.0276,2
230,58564109654840,58564113597112,58564115353155,58564115354321,58564140301289,58564140433882,58564140460845,3068522778,3.9423,1.7560,24.9470,0.1326,0.0270,30.8060,2
231,58564174595693,58564178383779,58564179649505,58564179651727,58564204557176,58564204708658,58564204738362,3801130124,3.7881,1.2657,24.9054,0.1515,0.0297,30.1427,3
232,58564253815164,58564258265734,58564259140625,58564259142181,58564283918555,58564284076093,58564284106945,2159047332,4.4506,0.8749,24.7764,0.1575,0.0309,30.2918,4
233,58564294610163,58564299814272,58564300610960,58564300612404,58564325654594,58564325796076,58564325825483,942093288,5.2041,0.7967,25.0422,0.1415,0.0294,31.2153,4
234,58564385262670,58564389622517,58564390366205,58564390367409,58564415434969,58564415578710,58564415607821,1804939767,4.3598,0.7437,25.0676,0.1437,0.0291,30.3452,3
235,58564421365728,58564425629742,58564426474874,58564426475930,58564451429082,58564451567138,58564451595916,1804939767,4.2640,0.8451,24.9532,0.1381,0.0288,30.2302,3
236,58564482258624,58564486832564,58564487759845,58564487761270,58564512916609,58564513054869,58564513082498,840067517,4.5739,0.9273,25.1553,0.1383,0.0276,30.8239,3
237,58564567640059,58564572370907,58564573517818,58564573519077,58564598536545,58564598695471,58564598722045,1675589104,4.7308,1.1469,25.0175,0.1589,0.0266,31.0820,2
238,58564604684138,58564608701799,58564609920192,58564609921747,58564634835048,58564634965826,58564634992734,1675589104,4.0177,1.2184,24.9133,0.1308,0.0269,30.3086,2
239,58564679277743,58564683344330,58564684260981,58564684262407,58564709497672,58564709653894,58564709684728,1987772251,4.0666,0.9167,25.2353,0.1562,0.0308,30.4070,3
240,58564725459777,58564730272200,58564731699149,58564731700797,58564756793932,58564756932099,58564756959784,2006214511,4.8124,1.4269,25.0931,0.1382,0.0277,31.5000,3
241,58564797758968,58564802180482,58564803154114,58564803155318,58564828066711,58564828201582,58564828230767,81086312,4.4215,0.9736,24.9114,0.1349,0.0292,30.4718,3
242,58564882844106,58564887228138,58564888379160,58564888380383,58564913448147,58564913593295,58564913623443,1754972579,4.3840,1.1510,25.0678,0.1451,0.0301,30.7793,3
243,58564925330110,58564930493700,58564931145517,58564931146239,58564955845224,58564955979429,58564956016799,41862251,5.1636,0.6518,24.6990,0.1342,0.0374,30.6867,2
244,58564996491908,58565001225534,58565002122574,58565002123629,58565027065782,58565027207134,58565027233801,3715037982,4.7336,0.8970,24.9422,0.1414,0.0267,30.7419,2
245,58565044697893,58565049473223,58565050487392,58565050488707,58565075328008,58565075463601,58565075491582,435349800,4.7753,1.0142,24.8393,0.1356,0.0280,30.7937,3
246,58565121059540,58565126032834,58565126790725,58565126791873,58565151809415,58565151964230,58565151994415,2093247371,4.9733,0.7579,25.0175,0.1548,0.0302,30.9349,3
247,58565165073438,58565169330433,58565170078787,58565170079676,58565194841495,58565194985254,58565195012366,3620199971,4.2570,0.7484,24.7618,0.1438,0.0271,29.9389,2
248,58565257858137,58565262239985,58565262986579,58565262988024,58565287891176,58565288046918,58565288081825,1617616644,4.3818,0.7466,24.9032,0.1557,0.0349,30.2237,2
249,58565306819069,58565311040897,58565311797455,58565311798603,58565337108868,58565337267572,58565337295406,3544611554,4.2218,0.7566,25.3103,0.1587,0.0278,30.4763,2
250,58565350172632,58565354461682,58565356399207,58565356400466,58565381243544,58565381371748,58565381398415,2737593507,4.2890,1.9375,24.8431,0.1282,0.0267,31.2258,2
251,58565415854320,58565420215481,58565420995743,58565420997132,58565445936155,58565446068396,58565446095581,3752786046,4.3612,0.7803,24.9390,0.1322,0.0272,30.2413,2
252,58565506609087,58565510617488,58565511319935,58565511321138,58565536444903,58565536592996,58565536620903,4118392944,4.0084,0.7024,25.1238,0.1481,0.0279,30.0118,2
253,58565554018236,58565557470024,58565558179841,58565558181397,58565583113586,58565583309624,58565583337587,2752745254,3.4518,0.7098,24.9322,0.1960,0.0280,29.3194,2
254,58565607408533,58565611697639,58565612535586,58565612536679,58565637245164,58565637375887,58565637403091,3292887265,4.2891,0.8379,24.7085,0.1307,0.0272,29.9946,2
255,58565697220482,58565701797904,58565702599888,58565702600722,58565727735504,58565727906172,58565728050913,3614931317,4.5774,0.8020,25.1348,0.1707,0.1447,30.8304,2
256,58565743566591,58565748101309,58565749136090,58565749138572,58565774372262,58565774538485,58565774571041,1868157066,4.5347,1.0348,25.2337,0.1662,0.0326,31.0044,2
257,58565805358323,58565809651040,58565810804266,58565810805414,58565835639066,58565835770289,58565835796937,4117782665,4.2927,1.1532,24.8337,0.1312,0.0266,30.4386,2
258,58565879882965,58565883788551,58565884802443,58565884803610,58565910147726,58565910282134,58565910310171,1926131902,3.9056,1.0139,25.3441,0.1344,0.0280,30.4272,2
259,58565931926110,58565936529847,58565937732998,58565937734424,58565962837448,58565962974819,58565963002541,4258921758,4.6037,1.2032,25.1030,0.1374,0.0277,31.0764,2
260,58565970009693,58565974085205,58565975237246,58565975238579,58566000181084,58566000314473,58566000341344,4258921758,4.0755,1.1520,24.9425,0.1334,0.0269,30.3317,2
261,58566048755940,58566052802398,58566053912179,58566053913308,58566078911794,58566079059499,58566079087480,4258921758,4.0465,1.1098,24.9985,0.1477,0.0280,30.3315,2
262,58566105878972,58566109828336,58566110977414,58566110978951,58566136100437,58566136263716,58566136292494,4258921758,3.9494,1.1491,25.1215,0.1633,0.0288,30.4135,2
263,58566156950188,58566161486925,58566162810707,58566162812151,58566187968804,58566188115749,58566188142694,4258921758,4.5367,1.3238,25.1567,0.1469,0.0269,31.1925,2
264,58566231554552,58566235551917,58566237190496,58566237192348,58566262481687,58566262610428,58566262637465,4258921758,3.9974,1.6386,25.2893,0.1287,0.0270,31.0829,2
265,58566296422349,58566299938342,58566301577625,58566301582421,58566326829500,58566326966853,58566326995001,4258921758,3.5160,1.6393,25.2471,0.1374,0.0281,30.5727,2
266,58566345879894,58566349279386,58566350644483,58566350646316,58566375912896,58566376053415,58566376080137,4258921758,3.3995,1.3651,25.2666,0.1405,0.0267,30.2002,2
267,58566406209269,58566410779876,58566411444415,58566411445267,58566436807161,58566436942236,58566436969514,4258921758,4.5706,0.6645,25.3619,0.1351,0.0273,30.7602,2
268,58566466039846,58566469993377,58566471241529,58566471244733,58566496636738,58566496766591,58566496792943,4258921758,3.9535,1.2482,25.3920,0.1299,0.0264,30.7531,2
269,58566561741277,58566565942327,58566567581776,58566567584813,58566595282901,58566595576550,58566595610087,1481000508,4.2011,1.6394,27.6981,0.2936,0.0335,33.8688,2
270,58566594867733,58566600335250,58566601270864,58566601272216,58566626096701,58566626232776,58566626260424,1481000508,5.4675,0.9356,24.8245,0.1361,0.0276,31.3927,2
271,58566653904715,58566657904468,58566658930749,58566658934101,58566684039346,58566684171810,58566684199236,3001084967,3.9998,1.0263,25.1052,0.1325,0.0274,30.2945,2
272,58566720718851,58566724780549,58566725945182,58566725946849,58566750653815,58566750788408,58566750815131,3001084967,4.0617,1.1646,24.7070,0.1346,0.0267,30.0963,2
273,58566809318778,58566813712069,58566814780184,58566814781869,58566839958356,58566840189597,58566840230653,2435503986,4.3933,1.0681,25.1765,0.2312,0.0411,30.9119,2
274,58566846366561,58566851352429,58566852619618,58566852621025,58566877514640,58566877677808,58566877709623,2435503986,4.9859,1.2672,24.8936,0.1632,0.0318,31.3431,2
275,58566924347029,58566929307507,58566930086547,58566930087454,58566955238255,58566955380385,58566955408034,4018404266,4.9605,0.7790,25.1508,0.1421,0.0276,31.0610,2
276,58566971197083,58566975581449,58566976904564,58566976906027,58567001757309,58567001889291,58567001916087,620200789,4.3844,1.3231,24.8513,0.1320,0.0268,30.7190,2
277,58567034036503,58567038991371,58567039697743,58567039699040,58567065099879,58567065228990,58567065255565,2312494225,4.9549,0.7064,25.4008,0.1291,0.0266,31.2191,2
278,58567127904595,58567132376683,58567133652983,58567133654261,58567158662710,58567158820526,58567158849174,3612343829,4.4721,1.2763,25.0084,0.1578,0.0286,30.9446,2
279,58567175879320,58567180740595,58567181589745,58567181591357,58567206520898,58567206677750,58567206710084,2638169440,4.8613,0.8491,24.9295,0.1569,0.0323,30.8308,2
280,58567225110790,58567229559970,58567230705696,58567230707104,58567255725090,58567255857553,58567255883868,2308394707,4.4492,1.1457,25.0180,0.1325,0.0263,30.7731,2
281,58567310191446,58567315605871,58567316952245,58567316953505,58567342854401,58567343144198,58567343205569,1538720124,5.4144,1.3464,25.9009,0.2898,0.0614,33.0141,2
282,58567341282933,58567347521027,58567348210307,58567348211381,58567373071403,58567373200385,58567373226793,3822085313,6.2381,0.6893,24.8600,0.1290,0.0264,31.9439,2
283,58567437352124,58567443301680,58567444431184,58567444433424,58567470102061,58567470298469,58567470331154,883661859,5.9496,1.1295,25.6686,0.1964,0.0327,32.9790,2
284,58567465834751,58567473894684,58567474541389,58567474542389,58567499422634,58567499550153,58567499576209,2530270404,8.0599,0.6467,24.8802,0.1275,0.0261,33.7415,2
285,58567557993208,58567562664056,58567563341539,58567563342391,58567588200358,58567588339173,58567588370618,4018302295,4.6708,0.6775,24.8580,0.1388,0.0314,30.3774,2
286,58567605374727,58567609835649,58567610909152,58567610910633,58567635744823,58567635958305,58567635990712,162023822,4.4609,1.0735,24.8342,0.2135,0.0324,30.6160,2
287,58567651674984,58567655941331,58567657005927,58567657008112,58567682048839,58567682182747,58567682210487,2956057166,4.2663,1.0646,25.0407,0.1339,0.0277,30.5355,2
288,58567713751809,58567717990230,58567719281530,58567719283123,58567743998293,58567744140219,58567744167886,919681226,4.2384,1.2913,24.7152,0.1419,0.0277,30.4161,2
289,58567806856769,58567812168137,58567813283567,58567813285196,58567840078206,58567840338318,58567840406078,1967724005,5.3114,1.1154,26.7930,0.2601,0.0678,33.5493,2
290,58567838954370,58567844296146,58567845136222,58567845137426,58567870084042,58567870214209,58567870240746,1967724005,5.3418,0.8401,24.9466,0.1302,0.0265,31.2864,2
291,58567901620659,58567905567950,58567906391267,58567906392674,58567931408531,58567931543661,58567931571272,670260915,3.9473,0.8233,25.0159,0.1351,0.0276,29.9506,2
292,58567992680538,58567996532384,58567997450757,58567997451776,58568022572540,58568022722170,58568022752133,54266430,3.8518,0.9184,25.1208,0.1496,0.0300,30.0716,2
293,58568045795520,58568050345183,58568051178723,58568051179778,58568076097782,58568076234172,58568076261246,2012168591,4.5497,0.8335,24.9180,0.1364,0.0271,30.4657,2
294,58568101193436,58568105301263,58568106049506,58568106050488,58568130928714,58568131064418,58568131092233,2012168591,4.1078,0.7482,24.8782,0.1357,0.0278,29.8988,2
295,58568153669453,58568158221059,58568158943784,58568158944710,58568184261049,58568184397642,58568184425790,747066302,4.5516,0.7227,25.3163,0.1366,0.0281,30.7563,2
296,58568215111738,58568219111584,58568219818661,58568219819661,58568244934092,58568245065370,58568245092592,3793780215,3.9998,0.7071,25.1144,0.1313,0.0272,29.9809,2
297,58568304735039,58568309052312,58568310103334,58568310104760,58568335207005,58568335397284,58568335424488,753114896,4.3173,1.0510,25.1022,0.1903,0.0272,30.6894,2
298,58568350727721,58568355333198,58568356483720,58568356485220,58568382111264,58568382256320,58568382283653,624207924,4.6055,1.1505,25.6260,0.1451,0.0273,31.5559,2
299,58568397603239,58568402121660,58568403031497,58568403032867,58568427941186,58568428114798,58568428152316,1156061176,4.5184,0.9098,24.9083,0.1736,0.0375,30.5491,2
300,58568466792197,58568471620527,58568472526678,58568472528271,58568497477720,58568497606979,58568497633405,950995163,4.8283,0.9062,24.9494,0.1293,0.0264,30.8412,2
301,58568535636395,58568540080039,58568541048672,58568541050116,58568566260103,58568566396548,58568566423937,2226701733,4.4436,0.9686,25.2100,0.1364,0.0274,30.7875,2
302,58568592354352,58568597387682,58568598232463,58568598234129,58568623186856,58568623326634,58568623354412,3474312462,5.0333,0.8448,24.9527,0.1398,0.0278,31.0001,2
303,58568646143632,58568651587205,58568652188873,58568652189651,58568676953988,58568677086544,58568677114396,3474312462,5.4436,0.6017,24.7643,0.1326,0.0279,30.9708,2
304,58568705226540,58568709552795,58568710238204,58568710239315,58568735014412,58568735148264,58568735175542,3474312462,4.3263,0.6854,24.7751,0.1339,0.0273,29.9490,2
305,58568772250362,58568776830117,58568777613324,58568777614268,58568802607754,58568802756366,58568802784458,3474312462,4.5798,0.7832,24.9935,0.1486,0.0281,30.5341,2
306,58568830317582,58568834619429,58568835436802,58568835439320,58568860566862,58568860698011,58568860724715,3474312462,4.3018,0.8174,25.1275,0.1311,0.0267,30.4071,2
307,58568891209903,58568895965715,58568896719939,58568896721291,58568921692684,58568921826389,58568921852704,3474312462,4.7558,0.7542,24.9714,0.1337,0.0263,30.6428,2
308,58568986956149,58568991547775,58568992803464,58568992804797,58569017818024,58569017957839,58569017985617,2481418364,4.5916,1.2557,25.0132,0.1398,0.0278,31.0295,2
309,58569031933439,58569036347749,58569037344845,58569037346215,58569061946811,58569062076163,58569062103367,514087108,4.4143,0.9971,24.6006,0.1294,0.0272,30.1699,2
310,58569095124675,58569099458244,58569100408340,58569100409747,58569125301881,58569125432029,58569125459455,196616410,4.3336,0.9501,24.8921,0.1301,0.0274,30.3348,2
311,58569181155242,58569185328625,58569186023831,58569186025016,58569211110040,58569211250392,58569211278781,1565729346,4.1734,0.6952,25.0850,0.1404,0.0284,30.1235,2
312,58569222770799,58569227348961,58569228246353,58569228248149,58569253594433,58569253752989,58569253783619,347671024,4.5782,0.8974,25.3463,0.1586,0.0306,31.0128,2
313,58569276079467,58569279595515,58569281068056,58569281070223,58569306676544,58569306811267,58569306837656,1322578026,3.5160,1.4725,25.6063,0.1347,0.0264,30.7582,2
314,58569362684017,58569367254105,58569367938756,58569367939515,58569393331669,58569393472132,58569393500225,1853796686,4.5701,0.6847,25.3922,0.1405,0.0281,30.8162,2
315,58569400989545,58569405753782,58569406433877,58569406435099,58569431280140,58569431411493,58569431438974,1606687023,4.7642,0.6801,24.8450,0.1314,0.0275,30.4494,2
316,58569476614413,58569480778222,58569481606058,58569481607002,58569506612359,58569506747970,58569506775304,1606687023,4.1638,0.8278,25.0054,0.1356,0.0273,30.1609,2
317,58569551230684,58569554742510,58569555647347,58569555648698,58569580751777,58569580911574,58569580961648,4219394682,3.5118,0.9048,25.1031,0.1598,0.0501,29.7310,3
318,58569590618105,58569594758284,58569595799899,58569595800880,58569621773018,58569621917500,58569621946277,1391074168,4.1402,1.0416,25.9721,0.1445,0.0288,31.3282,3
319,58569639058572,58569643486790,58569644427237,58569644428811,58569669310612,58569669442797,58569669469297,4052747656,4.4282,0.9404,24.8818,0.1322,0.0265,30.4107,2
320,58569707642158,58569711445855,58569713048731,58569713049935,58569737974272,58569738107199,58569738133662,2288636198,3.8037,1.6029,24.9243,0.1329,0.0265,30.4915,2
321,58569796544271,58569800244653,58569801254712,58569801256120,58569826566496,58569826706403,58569826737681,1018306995,3.7004,1.0101,25.3104,0.1399,0.0313,30.1934,2
322,58569841782303,58569845770408,58569846613485,58569846614633,58569871762249,58569871923824,58569871954824,3422942579,3.9881,0.8431,25.1476,0.1616,0.0310,30.1725,3
323,58569893743003,58569898270407,58569899202854,58569899203872,58569924054302,58569924186914,58569924214562,428310544,4.5274,0.9324,24.8504,0.1326,0.0276,30.4716,2
324,58569978930660,58569982485394,58569984216807,58569984218325,58570010483778,58570010656538,58570010712075,1581625576,3.5547,1.7314,26.2655,0.1728,0.0555,31.7814,3
325,58570011101651,58570015896147,58570016651538,58570016652687,58570041307005,58570041444950,58570041474042,3951733181,4.7945,0.7554,24.6543,0.1379,0.0291,30.3724,3
326,58570089013525,58570092266239,58570093424854,58570093428854,58570118589063,58570118726452,58570118755045,3594158363,3.2527,1.1586,25.1602,0.1374,0.0286,29.7415,3
327,58570167833274,58570172652159,58570173316865,58570173317791,58570198087017,58570198239573,58570198268758,1743037552,4.8189,0.6647,24.7692,0.1526,0.0292,30.4355,3
328,58570214974644,58570218984323,58570219761678,58570219762844,58570244721812,58570244869720,58570244900146,3622462450,4.0097,0.7774,24.9590,0.1479,0.0304,29.9255,4
329,58570260360602,58570264079965,58570264887949,58570264889116,58570289844991,58570289997269,58570290028195,2852029910,3.7194,0.8080,24.9559,0.1523,0.0309,29.6676,4
330,58570327893814,58570331714938,58570332845886,58570332847478,58570358127373,58570358271577,58570358300003,177534755,3.8211,1.1309,25.2799,0.1442,0.0284,30.4062,3
331,58570389159063,58570393309557,58570394265949,58570394267672,58570419208046,58570419337732,58570419364769,1992034482,4.1505,0.9564,24.9404,0.1297,0.0270,30.2057,2
332,58570477075043,58570481115389,58570481942318,58570481943688,58570507326231,58570507469398,58570507497602,2625774895,4.0403,0.8269,25.3825,0.1432,0.0282,30.4226,3
333,58570514646995,58570518082524,58570519185269,58570519186343,58570544498330,58570544635756,58570544665664,2625774895,3.4355,1.1027,25.3120,0.1374,0.0299,30.0187,3
334,58570589606212,58570593111872,58570594722006,58570594723766,58570620138809,58570620281957,58570620311642,4054971190,3.5057,1.6101,25.4150,0.1431,0.0297,30.7054,3
335,58570639469647,58570643178288,58570644290736,58570644293033,58570669285074,58570669427297,58570669455908,2379646235,3.7086,1.1124,24.9920,0.1422,0.0286,29.9863,3
336,58570704334481,58570707931640,58570709182367,58570709186070,58570734245205,58570734392816,58570734421779,3623558259,3.5972,1.2507,25.0591,0.1476,0.0290,30.0873,3
337,58570774149460,58570778344621,58570779399254,58570779400310,58570804290666,58570804449648,58570804480796,1856896673,4.1952,1.0546,24.8904,0.1590,0.0311,30.3313,2
338,58570820995700,58570826399162,58570827091701,58570827092664,58570852115187,58570852260058,58570852291354,49759434,5.4035,0.6925,25.0225,0.1449,0.0313,31.2957,2
339,58570886194646,58570891533793,58570892422184,58570892423721,58570917192651,58570917342540,58570917373781,941937634,5.3391,0.8884,24.7689,0.1499,0.0312,31.1791,2
340,58570976274170,58570982023577,58570982709857,58570982711320,58571007697788,58571007866177,58571007902955,3189868730,5.7494,0.6863,24.9865,0.1684,0.0368,31.6288,4
341,58571024407748,58571030187637,58571031139954,58571031141306,58571056359886,58571056554220,58571056599294,1098568473,5.7799,0.9523,25.2186,0.1943,0.0451,32.1915,2
342,58571071432489,58571076668801,58571077857564,58571077859287,58571102990514,58571103134737,58571103163996,2985971898,5.2363,1.1888,25.1312,0.1442,0.0293,31.7315,3
343,58571134721873,58571139445480,58571140194538,58571140195594,58571165026376,58571165162784,58571165191432,1169359963,4.7236,0.7491,24.8308,0.1364,0.0286,30.4696,3
344,58571194753840,58571198433111,58571199431299,58571199432188,58571224350989,58571224488433,58571224516545,2299247358,3.6793,0.9982,24.9188,0.1374,0.0281,29.7627,3
345,58571258349410,58571262258182,58571263240574,58571263241741,58571288205930,58571288330708,58571288356653,495156323,3.9088,0.9824,24.9642,0.1248,0.0259,30.0072,1
346,58571351634982,58571356209663,58571357143740,58571357146184,58571382189634,58571382393708,58571382423042,1277501455,4.5747,0.9341,25.0434,0.2041,0.0293,30.7881,3
347,58571395961140,58571399530818,58571400951878,58571400953304,58571426034512,58571426169957,58571426254087,1528063103,3.5697,1.4211,25.0812,0.1354,0.0841,30.2929,2
348,58571439792593,58571444529885,58571445248925,58571445250091,58571470213374,58571470350263,58571470379874,4067083861,4.7373,0.7190,24.9633,0.1369,0.0296,30.5873,3
349,58571506316024,58571510992465,58571511909449,58571511910542,58571536766843,58571536922047,58571536953621,2707839435,4.6764,0.9170,24.8563,0.1552,0.0316,30.6376,3
350,58571571570730,58571576504227,58571577234174,58571577235229,58571602167789,58571602300864,58571602327938,1967246010,4.9335,0.7299,24.9326,0.1331,0.0271,30.7572,2
351,58571651639556,58571656096977,58571656817795,58571656819295,58571681706891,58571681841559,58571681868596,3233671030,4.4574,0.7208,24.8876,0.1347,0.0270,30.2290,2
352,58571704546463,58571708897459,58571709888295,58571709889406,58571734981281,58571735117023,58571735145615,4112003730,4.3510,0.9908,25.0919,0.1357,0.0286,30.5992,3
353,58571786327684,58571791049495,58571792316443,58571792317573,58571817505097,58571817640134,58571817665468,180780956,4.7218,1.2669,25.1875,0.1350,0.0253,31.3378,1
354,58571835179504,58571839286054,58571840508762,58571840510077,58571865469563,58571865614748,58571865641785,1148317609,4.1066,1.2227,24.9595,0.1452,0.0270,30.4623,2
355,58571875068945,58571879187291,58571880376832,58571880378258,58571905285392,58571905417263,58571905444448,975395026,4.1183,1.1895,24.9071,0.1319,0.0272,30.3755,2
356,58571942760750,58571947126912,58571948274972,58571948276083,58571973453625,58571973584310,58571973611681,975395026,4.3662,1.1481,25.1775,0.1307,0.0274,30.8509,2
357,58572032111995,58572037511401,58572038185384,58572038186347,58572063834817,58572063993651,58572064046929,3658504411,5.3994,0.6740,25.6485,0.1588,0.0533,31.9349,3
358,58572075505002,58572079343421,58572080631962,58572080633259,58572105662634,58572105803931,58572105833468,4029167863,3.8384,1.2885,25.0294,0.1413,0.0295,30.3285,2
359,58572133862797,58572138689330,58572139267332,58572139268110,58572164333837,58572164468171,58572164496578,2905518752,4.8265,0.5780,25.0657,0.1343,0.0284,30.6338,2
360,58572196690161,58572201139157,58572201760177,58572201761214,58572226623663,58572226751237,58572226776163,108280668,4.4490,0.6210,24.8624,0.1276,0.0249,30.0860,1
361,58572269136389,58572273373014,58572274179238,58572274181164,58572299174688,58572299320910,58572299355651,241752831,4.2366,0.8062,24.9935,0.1462,0.0347,30.2193,2
362,58572320699292,58572324998843,58572325687215,58572325688141,58572350660739,58572350790109,58572350817776,2119023597,4.2996,0.6884,24.9726,0.1294,0.0277,30.1185,2
363,58572405567615,58572409880018,58572410552723,58572410553964,58572435693710,58572435843988,58572435872174,3159686101,4.3124,0.6727,25.1397,0.1503,0.0282,30.3046,2
364,58572452057799,58572455922366,58572457040129,58572457042574,58572482098041,58572482235060,58572482262783,212200002,3.8646,1.1178,25.0555,0.1370,0.0277,30.2050,2
365,58572502384346,58572506517840,58572507306047,58572507307232,58572532418941,58572532575885,58572532608034,1910821291,4.1335,0.7882,25.1117,0.1569,0.0321,30.2237,2
366,58572567447403,58572572188084,58572572933457,58572572934790,58572597940406,58572598071962,58572598099388,2964890787,4.7407,0.7454,25.0056,0.1316,0.0274,30.6520,2
367,58572656224256,58572660598863,58572661631199,58572661632570,58572687069298,58572687266650,58572687295854,1908747819,4.3746,1.0323,25.4367,0.1974,0.0292,31.0716,3
368,58572701482065,58572705490245,58572706426470,58572706427951,58572731543790,58572731687624,58572731717105,1819050711,4.0082,0.9362,25.1158,0.1438,0.0295,30.2350,3
369,58572749546624,58572754250713,58572755002382,58572755003493,58572780015831,58572780146572,58572780173535,2262601639,4.7041,0.7517,25.0123,0.1307,0.0270,30.6269,2
370,58572819972494,58572824866250,58572825674105,58572825675271,58572850667757,58572850799276,58572850826610,483364703,4.8938,0.8079,24.9925,0.1315,0.0273,30.8541,2
371,58572889604602,58572894733989,58572895476973,58572895478139,58572920544903,58572920689626,58572920718348,3906866688,5.1294,0.7430,25.0668,0.1447,0.0287,31.1137,3
372,58572942066379,58572947432284,58572948286806,58572948288306,58572973520867,58572973660182,58572973689515,4177049139,5.3659,0.8545,25.2326,0.1393,0.0293,31.6231,3
373,58573031084733,58573036291287,58573037288642,58573037290086,58573062070942,58573062214590,58573062243609,1568223531,5.2066,0.9974,24.7809,0.1436,0.0290,31.1589,3
374,58573078711661,58573083697547,58573085331274,58573085332700,58573110394983,58573110580595,58573110612835,3337096651,4.9859,1.6337,25.0623,0.1856,0.0322,31.9012,2
375,58573128048872,58573132780164,58573133945853,58573133948298,58573159308896,58573159443989,58573159472100,284999507,4.7313,1.1657,25.3606,0.1351,0.0281,31.4232,2
376,58573236978474,58573242091286,58573243359976,58573243361753,58573269368409,58573269667614,58573269719781,3036229273,5.1128,1.2687,26.0067,0.2992,0.0522,32.7413,2
377,58573267507533,58573273588515,58573274390981,58573274392370,58573299073207,58573299207411,58573299233726,3862925456,6.0810,0.8025,24.6808,0.1342,0.0263,31.7262,2
378,58573332495719,58573336902604,58573337567458,58573337568624,58573362467425,58573362600314,58573362627981,4022437588,4.4069,0.6649,24.8988,0.1329,0.0277,30.1323,2
379,58573395179343,58573399746950,58573400763823,58573400765027,58573425685698,58573425822476,58573425849421,2961821231,4.5676,1.0169,24.9207,0.1368,0.0269,30.6701,2
380,58573440079706,58573444737702,58573445452908,58573445454316,58573470298190,58573470445265,58573470473043,3911658947,4.6580,0.7152,24.8439,0.1471,0.0278,30.3933,2
381,58573529618951,58573533557778,58573534811986,58573534813690,58573559986232,58573560159547,58573560187622,329824382,3.9388,1.2542,25.1725,0.1733,0.0281,30.5687,2
382,58573564831710,58573569101057,58573569820356,58573569821652,58573594883027,58573595013953,58573595041102,329824382,4.2693,0.7193,25.0614,0.1309,0.0271,30.2094,2
383,58573640505282,58573644804388,58573645531224,58573645532501,58573670229505,58573670365302,58573670391043,914518543,4.2991,0.7268,24.6970,0.1358,0.0257,29.8858,1
384,58573685314312,58573690078345,58573690946885,58573690948163,58573715785093,58573715909686,58573715935427,2593008805,4.7640,0.8685,24.8369,0.1246,0.0257,30.6211,1
385,58573750510591,58573754404659,58573755401125,58573755402588,58573780231963,58573780356833,58573780382111,1447569621,3.8941,0.9965,24.8294,0.1249,0.0253,29.8715,1
386,58573841475248,58573846222208,58573847467674,58573847468878,58573872346994,58573872484346,58573872511698,4233081077,4.7470,1.2455,24.8781,0.1374,0.0274,31.0364,2
387,58573884898755,58573889756937,58573890702329,58573890703422,58573915632297,58573915773853,58573915800353,4264696992,4.8582,0.9454,24.9289,0.1416,0.0265,30.9016,2
388,58573938660517,58573943246717,58573944520536,58573944521665,58573969344040,58573969480781,58573969507985,2776568124,4.5862,1.2738,24.8224,0.1367,0.0272,30.8475,2
389,58573998851633,58574003542240,58574004634614,58574004636707,58574030353639,58574030500621,58574030530621,2764886774,4.6906,1.0924,25.7169,0.1470,0.0300,31.6790,1
390,58574073802573,58574078034715,58574079172645,58574079173738,58574103945001,58574104078446,58574104103835,3368821437,4.2321,1.1379,24.7713,0.1334,0.0254,30.3013,1
391,58574135752027,58574140914895,58574141557230,58574141557971,58574166577217,58574166701791,58574166726476,3555507751,5.1629,0.6423,25.0192,0.1246,0.0247,30.9744,1
392,58574210077372,58574214207718,58574215052221,58574215053647,58574239902411,58574240071078,58574240098004,1851689502,4.1303,0.8445,24.8488,0.1687,0.0269,30.0206,1
393,58574255880183,58574259357120,58574260292715,58574260294197,58574285253627,58574285385276,58574285410387,2818822517,3.4769,0.9356,24.9594,0.1316,0.0251,29.5302,1
394,58574304181650,58574308064273,58574308762220,58574308763183,58574333431816,58574333559817,58574333584928,2353220406,3.8826,0.6979,24.6686,0.1280,0.0251,29.4033,1
395,58574373786869,58574378994812,58574380031704,58574380034315,58574404900319,58574405027264,58574405052431,2566148732,5.2079,1.0369,24.8660,0.1269,0.0252,31.2656,1
396,58574450958853,58574455564386,58574456346426,58574456347407,58574481162152,58574481297726,58574481323023,4055382597,4.6055,0.7820,24.8147,0.1356,0.0253,30.3642,1
397,58574495628475,58574500142267,58574500937714,58574500939029,58574525889626,58574526016219,58574526041515,1069908374,4.5138,0.7954,24.9506,0.1266,0.0253,30.4130,1
398,58574559522491,58574563636060,58574564560415,58574564561396,58574589718457,58574589887513,58574589935050,2408827179,4.1136,0.9244,25.1571,0.1691,0.0475,30.4126,1
399,58574633791910,58574638074757,58574639714836,58574639716540,58574664811508,58574664942712,58574664967805,178312071,4.2828,1.6401,25.0950,0.1312,0.0251,31.1759,1
400,58574678832830,58574682828306,58574684523718,58574684526478,58574709804983,58574709931354,58574709957169,2912193368,3.9955,1.6954,25.2785,0.1264,0.0258,31.1243,1
401,58574760335031,58574764665378,58574765682233,58574765683270,58574790648293,58574790774460,58574790799164,332746096,4.3303,1.0169,24.9650,0.1262,0.0247,30.4641,1
402,58574834234394,58574838103424,58574839009538,58574839011186,58574863707320,58574863839431,58574863865617,3617926338,3.8690,0.9061,24.6961,0.1321,0.0262,29.6312,1
403,58574879328147,58574883041121,58574884082162,58574884084569,58574908898999,58574909044018,58574909069537,2165035382,3.7130,1.0410,24.8144,0.1450,0.0255,29.7414,1
404,58574927698040,58574932330147,58574933002260,58574933003279,58574957870579,58574957996209,58574958021487,3007092833,4.6321,0.6721,24.8673,0.1256,0.0253,30.3234,1
405,58574991397944,58574996405923,58574997027666,58574997028666,58575022125948,58575022251134,58575022276319,3345412248,5.0080,0.6217,25.0973,0.1252,0.0252,30.8784,1
406,58575083372790,58575088876399,58575089454346,58575089455457,58575114463258,58575114614647,58575114641721,2454797983,5.5036,0.5779,25.0078,0.1514,0.0271,31.2689,1
407,58575124371882,58575127909745,58575129294101,58575129295416,58575154095457,58575154222531,58575154247624,2283317360,3.5379,1.3844,24.8000,0.1271,0.0251,29.8757,1
408,58575190592683,58575194963993,58575195992311,58575195993589,58575221226520,58575221360298,58575221386058,220305734,4.3713,1.0283,25.2329,0.1338,0.0258,30.7934,1
409,58575239267058,58575243033978,58575244114240,58575244117685,58575269131708,58575269263412,58575269289542,1505012165,3.7669,1.0803,25.0140,0.1317,0.0261,30.0225,1
410,58575315931670,58575319338144,58575320315999,58575320317221,58575345633708,58575345765431,58575345791320,371365404,3.4065,0.9779,25.3165,0.1317,0.0259,29.8596,1
411,58575358482082,58575362265761,58575363283134,58575363286412,58575388103972,58575388230324,58575388256083,54745626,3.7837,1.0174,24.8176,0.1264,0.0258,29.7740,1
412,58575421610688,58575425804442,58575426524185,58575426525315,58575451485968,58575451608153,58575451633783,3469765117,4.1938,0.7197,24.9607,0.1222,0.0256,30.0231,1
413,58575504360782,58575509174094,58575510051356,58575510052448,58575534999601,58575535132379,58575535158324,3797281018,4.8133,0.8773,24.9472,0.1328,0.0259,30.7975,1
414,58575550612539,58575554582274,58575555871889,58575555873241,58575581014690,58575581139265,58575581164728,2323753425,3.9697,1.2896,25.1414,0.1246,0.0255,30.5522,1
415,58575615173817,58575619569997,58575620751038,58575620752779,58575645807487,58575645932654,58575645958025,718764078,4.3962,1.1810,25.0547,0.1252,0.0254,30.7842,1
416,58575689088531,58575693195396,58575694704234,58575694709363,58575719896202,58575720042480,58575720068943,3515296072,4.1069,1.5088,25.1868,0.1463,0.0265,30.9804,1
417,58575734859805,58575738738798,58575739975247,58575739978117,58575765245326,58575765416512,58575765447697,748788178,3.8790,1.2364,25.2672,0.1712,0.0312,30.5879,1
418,58575807585182,58575812551124,58575813187144,58575813188033,58575838143241,58575838271297,58575838297908,1394354924,4.9659,0.6360,24.9552,0.1281,0.0266,30.7127,1
419,58575864402991,58575868565467,58575869257802,58575869259099,58575894108732,58575894235899,58575894261955,3233867263,4.1625,0.6923,24.8496,0.1272,0.0261,29.8590,1
420,58575938644891,58575942763163,58575943685407,58575943686796,58575968807449,58575968933246,58575968959024,2842537667,4.1183,0.9222,25.1207,0.1258,0.0258,30.3141,1
421,58576000620124,58576004901470,58576006462623,58576006464420,58576031404887,58576031529480,58576031554314,2929614949,4.2813,1.5612,24.9405,0.1246,0.0248,30.9342,1
422,58576074940172,58576079238112,58576080433968,58576080435819,58576105704047,58576105853492,58576105883974,2176713517,4.2979,1.1959,25.2682,0.1494,0.0305,30.9438,1
423,58576122205562,58576127815284,58576128763194,58576128764731,58576153763310,58576153910032,58576153939829,2522966581,5.6097,0.9479,24.9986,0.1467,0.0298,31.7343,1
424,58576166777203,58576172159053,58576173015778,58576173017000,58576198035616,58576198170709,58576198199265,2326763271,5.3819,0.8567,25.0186,0.1351,0.0286,31.4221,1
425,58576250295947,58576255553130,58576256520782,58576256522393,58576281811565,58576281981121,58576282011121,3198862008,5.2572,0.9677,25.2892,0.1696,0.0300,31.7152,1
426,58576293634824,58576298191802,58576299307065,58576299309472,58576324594459,58576324754737,58576324785367,4171857286,4.5570,1.1153,25.2850,0.1603,0.0306,31.1505,1
427,58576382768865,58576388073307,58576388991588,58576388993940,58576414206223,58576414347723,58576414377075,1304837821,5.3044,0.9183,25.2123,0.1415,0.0294,31.6082,1
428,58576418863219,58576423265122,58576423888068,58576423889105,58576448842239,58576448981147,58576449009314,1304837821,4.4019,0.6229,24.9531,0.1389,0.0282,30.1461,1
429,58576495767072,58576501691628,58576502419667,58576502420686,58576528369842,58576528512731,58576528542546,1744079426,5.9246,0.7280,25.9492,0.1429,0.0298,32.7755,1
430,58576542933036,58576548670072,58576549512408,58576549513631,58576574724247,58576574862544,58576574891285,2807653225,5.7370,0.8423,25.2106,0.1383,0.0287,31.9582,1
431,58576620840374,58576626200483,58576626942189,58576626943245,58576651739675,58576651886083,58576651915416,3057892164,5.3601,0.7417,24.7964,0.1464,0.0293,31.0750,1
432,58576665578848,58576669778769,58576671039199,58576671041199,58576696634409,58576696775058,58576696803780,1418583252,4.1999,1.2604,25.5932,0.1406,0.0287,31.2249,1
433,58576758510289,58576764722753,58576765834479,58576765835905,58576793124843,58576793294880,58576793327677,2480346907,6.2125,1.1117,27.2889,0.1700,0.0328,34.8174,1
434,58576789230627,58576797839006,58576798696268,58576798699897,58576823719735,58576823892902,58576823929625,2480346907,8.6084,0.8573,25.0198,0.1732,0.0367,34.6990,1
435,58576855463669,58576860368814,58576861186946,58576861188261,58576886299340,58576886445377,58576886475377,389901708,4.9051,0.8181,25.1111,0.1460,0.0300,31.0117,1
436,58576944488394,58576948734685,58576950023300,58576950027652,58576974930138,58576975061916,58576975088453,946505077,4.2463,1.2886,24.9025,0.1318,0.0265,30.6001,1
437,58576984704909,58576989298850,58576990530613,58576990532483,58577015607266,58577015734155,58577015761081,1394868215,4.5939,1.2318,25.0748,0.1269,0.0269,31.0562,1
438,58577037779873,58577041900904,58577043642428,58577043644947,58577068472636,58577068600766,58577068625803,1512022559,4.1210,1.7415,24.8277,0.1281,0.0250,30.8459,1
439,58577132686746,58577137499631,58577138754802,58577138756469,58577164261549,58577164544772,58577164591791,517905122,4.8129,1.2552,25.5051,0.2832,0.0470,31.9050,1
440,58577162999064,58577168608655,58577169473732,58577169474862,58577194259755,58577194385551,58577194411218,1216707708,5.6096,0.8651,24.7849,0.1258,0.0257,31.4122,1
441,58577259552886,58577263559695,58577264783625,58577264784884,58577289851778,58577289981427,58577290007019,1845696637,4.0068,1.2239,25.0669,0.1296,0.0256,30.4541,1
442,58577304435065,58577308280336,58577309508618,58577309512303,58577334834198,58577334984735,58577335011532,4217860492,3.8453,1.2283,25.3219,0.1505,0.0268,30.5765,1
443,58577349054446,58577353277552,58577354212907,58577354214277,58577379507838,58577379666987,58577379697580,2213945237,4.2231,0.9354,25.2936,0.1591,0.0306,30.6431,1
444,58577417401550,58577421636286,58577422474307,58577422475418,58577447833424,58577447967795,58577447992647,4190300322,4.2347,0.8380,25.3580,0.1344,0.0249,30.5911,1
445,58577473603079,58577478422280,58577479126152,58577479127245,58577503822952,58577503951879,58577503977286,1965504587,4.8192,0.7039,24.6957,0.1289,0.0254,30.3742,1
446,58577553062515,58577557442029,58577558190087,58577558190994,58577583387073,58577583516537,58577583542333,2477553983,4.3795,0.7481,25.1961,0.1295,0.0258,30.4798,1
447,58577619535335,58577623684682,58577624717167,58577624718481,58577649819079,58577649945172,58577649971079,1965541322,4.1493,1.0325,25.1006,0.1261,0.0259,30.4357,1
448,58577688079366,58577692424250,58577693458642,58577693460087,58577718580851,58577718715204,58577718741000,811042169,4.3449,1.0344,25.1208,0.1344,0.0258,30.6616,1
449,58577741194719,58577745179602,58577745984845,58577745986067,58577771039350,58577771171961,58577771198184,3666966124,3.9849,0.8052,25.0533,0.1326,0.0262,30.0035,1
450,58577780284083,58577784913597,58577785956897,58577785957749,58577810795327,58577810922105,58577810948142,1229583714,4.6295,1.0433,24.8376,0.1268,0.0260,30.6641,1
451,58577876124811,58577880486806,58577881326512,58577881327494,58577906401906,58577906619092,58577906650166,4080275695,4.3620,0.8397,25.0744,0.2172,0.0311,30.5254,1
452,58577921135249,58577926709248,58577927755122,58577927757177,58577952551959,58577952696867,58577952722811,4293195308,5.5740,1.0459,24.7948,0.1449,0.0259,31.5876,1
453,58577970571590,58577974820548,58577975496661,58577975497439,58578000540055,58578000670462,58578000698425,2873830843,4.2490,0.6761,25.0426,0.1304,0.0280,30.1268,1
454,58578056956603,58578060967875,58578061851544,58578061853155,58578088268479,58578088415924,58578088442832,1113259299,4.0113,0.8837,26.4153,0.1474,0.0269,31.4862,1
455,58578089111797,58578093276014,58578094304980,58578094306239,58578119061391,58578119185558,58578119210910,2677454929,4.1642,1.0290,24.7552,0.1242,0.0254,30.0991,1
456,58578154675114,58578158896331,58578159889686,58578159891094,58578184905191,58578185034080,58578185060062,2249476262,4.2212,0.9934,25.0141,0.1289,0.0260,30.3849,1
457,58578219300781,58578224231222,58578224806409,58578224807243,58578249653673,58578249793081,58578249820229,1175126908,4.9304,0.5752,24.8464,0.1394,0.0271,30.5194,1
458,58578294184054,58578298550475,58578299352922,58578299354033,58578324428131,58578324560113,58578324585131,1455970387,4.3664,0.8024,25.0741,0.1320,0.0250,30.4011,1
459,58578339594327,58578344597546,58578345453567,58578345455142,58578370051293,58578370177886,58578370203460,3190098937,5.0032,0.8560,24.5962,0.1266,0.0256,30.6091,1
460,58578403143138,58578407166762,58578408425618,58578408427025,58578433131122,58578433260252,58578433286122,478060337,4.0236,1.2589,24.7041,0.1291,0.0259,30.1430,1
461,58578495910375,58578501576948,58578502757137,58578502758508,58578527768679,58578527899624,58578527925643,1655104558,5.6666,1.1802,25.0102,0.1309,0.0260,32.0153,1
462,58578540382108,58578547105851,58578547818131,58578547821927,58578573488045,58578573647046,58578573673139,3153674357,6.7237,0.7123,25.6661,0.1590,0.0261,33.2910,1
463,58578589377670,58578593622609,58578594605797,58578594607390,58578619485061,58578619610987,58578619636450,1393333349,4.2449,0.9832,24.8777,0.1259,0.0255,30.2588,1
464,58578653113259,58578657852163,58578659225741,58578659226871,58578684444673,58578684589266,58578684616433,751717148,4.7389,1.3736,25.2178,0.1446,0.0272,31.5032,1
465,58578713144356,58578717953112,58578719230782,58578719232486,58578744215046,58578744337287,58578744364343,3409604575,4.8088,1.2777,24.9826,0.1222,0.0271,31.2200,1
466,58578788306056,58578793745536,58578794816669,58578794818150,58578819747025,58578819874489,58578819900470,3421210598,5.4395,1.0711,24.9289,0.1275,0.0260,31.5944,1
467,58578845923163,58578850911549,58578852449739,58578852451128,58578877546504,58578877676226,58578877702097,3114994005,4.9884,1.5382,25.0954,0.1297,0.0259,31.7789,1
468,58578900087704,58578905485555,58578906357057,58578906359039,58578931413340,58578931536748,58578931561896,2163425252,5.3979,0.8715,25.0543,0.1234,0.0251,31.4742,1
469,58578989148837,58578993387554,58578994660632,58578994662225,58579019962749,58579020123546,58579020151675,1849920622,4.2387,1.2731,25.3005,0.1608,0.0281,31.0028,1
470,58579027398494,58579031878157,58579033169661,58579033174124,58579058556778,58579058688519,58579058714278,1849920622,4.4797,1.2915,25.3827,0.1317,0.0258,31.3158,1
471,58579117076462,58579121613032,58579122454368,58579122455757,58579147513947,58579147649762,58579147675651,3302458133,4.5366,0.8413,25.0582,0.1358,0.0259,30.5992,1
472,58579166238673,58579170270723,58579171141522,58579171142522,58579196499694,58579196626380,58579196652028,2354011777,4.0320,0.8708,25.3572,0.1267,0.0256,30.4134,1
473,58579228618092,58579232719475,58579233433922,58579233435366,58579258245685,58579258373167,58579258399167,1243919505,4.1014,0.7144,24.8103,0.1275,0.0260,29.7811,1
474,58579301987749,58579305356611,58579306550930,58579306552041,58579331711713,58579331847047,58579331872899,1409863465,3.3689,1.1943,25.1597,0.1353,0.0259,29.8851,1
475,58579349084601,58579353246707,58579354143209,58579354144302,58579379306826,58579379444123,58579379470993,2691138173,4.1621,0.8965,25.1625,0.1373,0.0269,30.3864,1
476,58579404489350,58579408572103,58579409405495,58579409406587,58579434343573,58579434497629,58579434524092,1348002435,4.0828,0.8334,24.9370,0.1541,0.0265,30.0347,1
477,58579455243065,58579459723413,58579460765008,58579460766342,58579485686143,58579485812847,58579485838754,1348002435,4.4803,1.0416,24.9198,0.1267,0.0259,30.5957,1
478,58579519867158,58579524487487,58579525194267,58579525195712,58579549961660,58579550085364,58579550110086,1348002435,4.6203,0.7068,24.7659,0.1237,0.0247,30.2429,1
479,58579585382198,58579589727470,58579590465195,58579590466047,58579615393070,58579615518459,58579615543644,1348002435,4.3453,0.7377,24.9270,0.1254,0.0252,30.1614,1
480,58579647521745,58579651780518,58579652544909,58579652545872,58579677720896,58579677847322,58579677872433,1348002435,4.2588,0.7644,25.1750,0.1264,0.0251,30.3507,1
481,58579711417317,58579715571034,58579716419907,58579716421129,58579741326430,58579741457912,58579741482838,1348002435,4.1537,0.8489,24.9053,0.1315,0.0249,30.0655,1
482,58579767629420,58579771559433,58579772613491,58579772614880,58579797608663,58579797737256,58579797762737,1348002435,3.9300,1.0541,24.9938,0.1286,0.0255,30.1333,1
483,58579842655953,58579846754651,58579847537487,58579847538857,58579872353917,58579872486473,58579872512788,2994828994,4.0987,0.7828,24.8151,0.1326,0.0263,29.8568,1
484,58579894474561,58579898745500,58579899585688,58579899586725,58579924544118,58579924687397,58579924715452,1560908356,4.2709,0.8402,24.9574,0.1433,0.0281,30.2409,1
485,58579962890887,58579966833252,58579968146441,58579968148626,58579993373280,58579993506058,58579993532466,924746989,3.9424,1.3132,25.2247,0.1328,0.0264,30.6416,1
486,58580017489078,58580022321723,58580023334356,58580023335726,58580048276953,58580048400898,58580048425898,924746989,4.8326,1.0126,24.9412,0.1239,0.0250,30.9368,1
487,58580096659402,58580101111416,58580101807436,58580101808844,58580126472625,58580126603626,58580126629441,1261531946,4.4520,0.6960,24.6638,0.1310,0.0258,29.9700,1
488,58580141012930,58580145368277,58580146634893,58580146635985,58580171586749,58580171712342,58580171738120,4127314568,4.3553,1.2666,24.9508,0.1256,0.0258,30.7252,1
489,58580228898707,58580232373311,58580233649389,58580233650611,58580258751524,58580258900154,58580258928247,3778241125,3.4746,1.2761,25.1009,0.1486,0.0281,30.0295,1
490,58580263238908,58580267168032,58580268732555,58580268735555,58580293674801,58580293800986,58580293826431,3778241125,3.9291,1.5645,24.9392,0.1262,0.0254,30.5875,1
491,58580330186823,58580334392114,58580335157191,58580335158265,58580359739990,58580359883898,58580359910880,1094638354,4.2053,0.7651,24.5817,0.1439,0.0270,29.7241,1
492,58580392826891,58580397494294,58580398468464,58580398469835,58580423433098,58580423562636,58580423588506,407587715,4.6674,0.9742,24.9633,0.1295,0.0259,30.7616,1
493,58580452648913,58580456354628,58580457198816,58580457199853,58580482066228,58580482192524,58580482217487,3385712571,3.7057,0.8442,24.8664,0.1263,0.0250,29.5686,1
494,58580517600914,58580522873801,58580523520340,58580523521470,58580548215307,58580548338603,58580548363974,1682469384,5.2729,0.6465,24.6938,0.1233,0.0254,30.7631,1
495,58580582229118,58580585926111,58580586929336,58580586930466,58580611610840,58580611736174,58580611761525,536654090,3.6970,1.0032,24.6804,0.1253,0.0254,29.5324,1
496,58580673101663,58580679340016,58580680323964,58580680326853,58580707771291,58580707992607,58580708056736,3177101409,6.2384,0.9839,27.4444,0.2213,0.0641,34.9551,1
497,58580706474602,58580711787007,58580712707084,58580712709492,58580737500107,58580737624293,58580737650126,2604531439,5.3124,0.9201,24.7906,0.1242,0.0258,31.1755,1
498,58580794275082,58580798202576,58580799191283,58580799192264,58580824337084,58580824488548,58580824537159,480191534,3.9275,0.9887,25.1448,0.1515,0.0486,30.2621,1
499,58580835217563,58580839303261,58580841172230,58580841173526,58580866189605,58580866324069,58580866349772,1374138981,4.0857,1.8690,25.0161,0.1345,0.0257,31.1322,1
500,58580892780763,58580897634445,58580898638393,58580898639930,58580923384489,58580923510156,58580923535619,4138743145,4.8537,1.0039,24.7446,0.1257,0.0255,30.7549,1
501,58580979333962,58580983826902,58580984539164,58580984540201,58581009271260,58581009405335,58581009430501,2332279129,4.4929,0.7123,24.7311,0.1341,0.0252,30.0965,1
502,58581023033229,58581027377447,58581029164101,58581029165786,58581054001494,58581054147735,58581054182494,349033522,4.3442,1.7867,24.8357,0.1462,0.0348,31.1493,1
503,58581073912760,58581078067255,58581078880387,58581078881220,58581103684224,58581103817114,58581103842577,1887549368,4.1545,0.8131,24.8030,0.1329,0.0255,29.9298,1
504,58581130124845,58581134394025,58581135344565,58581135346195,58581160013772,58581160141476,58581160167180,1295200103,4.2692,0.9505,24.6676,0.1277,0.0257,30.0423,1
505,58581192856043,58581197583854,58581198100929,58581198102189,58581222855322,58581222980323,58581223005860,2947613580,4.7278,0.5171,24.7531,0.1250,0.0255,30.1498,1
506,58581273761353,58581279261704,58581279883632,58581279884743,58581305002026,58581305122804,58581305148248,713727892,5.5004,0.6219,25.1173,0.1208,0.0254,31.3869,1
507,58581351350079,58581355064350,58581355878001,58581355878982,58581383047864,58581383190957,58581383219254,2169779619,3.7143,0.8137,27.1689,0.1431,0.0283,31.8692,1
508,58581397735596,58581402857445,58581403557596,58581403558836,58581428510323,58581428643082,58581428670675,1791513189,5.1218,0.7002,24.9515,0.1328,0.0276,30.9351,1
509,58581444139038,58581447829235,58581448979794,58581448981183,58581474537153,58581474717116,58581474745968,3745212142,3.6902,1.1506,25.5560,0.1800,0.0289,30.6069,1
510,58581502338740,58581506432587,58581507894980,58581507896480,58581533292023,58581533416431,58581533441357,3927175749,4.0938,1.4624,25.3955,0.1244,0.0249,31.1026,1
511,58581564767808,58581568709487,58581570076121,58581570078547,58581595445201,58581595569423,58581595595738,101434293,3.9417,1.3666,25.3667,0.1242,0.0263,30.8279,1
512,58581643866168,58581647270531,58581648641239,58581648642628,58581673445632,58581673577021,58581673603410,3238763007,3.4044,1.3707,24.8030,0.1314,0.0264,29.7372,1
513,58581690344704,58581694593995,58581695804443,58581695805462,58581720616410,58581720739707,58581720765096,428064163,4.2493,1.2104,24.8109,0.1233,0.0254,30.4204,1
514,58581754094830,58581758215621,58581759080365,58581759081272,58581783962314,58581784100425,58581784126388,428064163,4.1208,0.8647,24.8810,0.1381,0.0260,30.0316,1
515,58581811601271,58581815448487,58581817369993,58581817371771,58581842642962,58581842769055,58581842794555,481438421,3.8472,1.9215,25.2712,0.1261,0.0255,31.1933,1
516,58581872203314,58581876177012,58581877210145,58581877211571,58581902080927,58581902221538,58581902251557,481438421,3.9737,1.0331,24.8694,0.1406,0.0300,30.0482,1
517,58581935020012,58581939704971,58581940727734,58581940729623,58581965675146,58581965813850,58581965842980,481438421,4.6850,1.0228,24.9455,0.1387,0.0291,30.8230,1
518,58582000675682,58582005635531,58582006852294,58582006853813,58582031860429,58582032020540,58582032052077,481438421,4.9598,1.2168,25.0066,0.1601,0.0315,31.3764,1
519,58582064314975,58582069555751,58582070240179,58582070241309,58582095072943,58582095231832,58582095263054,1036925556,5.2408,0.6844,24.8316,0.1589,0.0312,30.9481,1
520,58582137975059,58582142637630,58582143496818,58582143498262,58582168720490,58582168861860,58582168890249,3688658862,4.6626,0.8592,25.2222,0.1414,0.0284,30.9152,1
521,58582185350690,58582190549929,58582191207542,58582191208690,58582216064713,58582216191195,58582216217158,1661208774,5.1992,0.6576,24.8560,0.1265,0.0260,30.8665,1
522,58582274811046,58582279698728,58582280303916,58582280304953,58582305276031,58582305408680,58582305434902,3185600305,4.8877,0.6052,24.9711,0.1326,0.0262,30.6239,1
523,58582318982667,58582322862587,58582323769793,58582323771053,58582348823502,58582348953651,58582348979262,3185600305,3.8799,0.9072,25.0524,0.1301,0.0256,29.9966,1
524,58582374263249,58582378411447,58582379269246,58582379270154,58582404312899,58582404436622,58582404462548,742112593,4.1482,0.8578,25.0427,0.1237,0.0259,30.1993,1
525,58582463353771,58582467184949,58582468611491,58582468613139,58582493806200,58582493940997,58582493967978,4248707806,3.8312,1.4265,25.1931,0.1348,0.0270,30.6142,1
526,58582501659243,58582506164294,58582507172112,58582507173446,58582532204432,58582532329747,58582532355025,4248707806,4.5051,1.0078,25.0310,0.1253,0.0253,30.6958,1
527,58582574264546,58582578987950,58582579761749,58582579763156,58582604979680,58582605121366,58582605149588,834500418,4.7234,0.7738,25.2165,0.1417,0.0282,30.8850,1
528,58582622406198,58582625762264,58582628177438,58582628182864,58582653721704,58582653848556,58582653873871,30526163,3.3561,2.4152,25.5388,0.1269,0.0253,31.4677,1
529,58582683220630,58582686790660,58582688311054,58582688314332,58582713391948,58582713519004,58582713543615,1427250006,3.5700,1.5204,25.0776,0.1271,0.0246,30.3230,1
530,58582747719612,58582751881569,58582752969017,58582752970350,58582777815392,58582777939818,58582777965318,284368775,4.1620,1.0874,24.8450,0.1244,0.0255,30.2457,1
531,58582841818112,58582846624294,58582847924761,58582847926076,58582873891158,58582874247974,58582874315696,2040115356,4.8062,1.3005,25.9651,0.3568,0.0677,32.4976,1
532,58582871147297,58582878328986,58582879182285,58582879183211,58582904205309,58582904330531,58582904356013,2040115356,7.1817,0.8533,25.0221,0.1252,0.0255,33.2087,1
533,58582936925856,58582941356537,58582942533874,58582942535133,58582967381767,58582967506620,58582967532305,3455660165,4.4307,1.1773,24.8466,0.1249,0.0257,30.6064,1
534,58583036848097,58583043090450,58583043856916,58583043857953,58583069622867,58583069761757,58583069788109,2229446891,6.2424,0.7665,25.7649,0.1389,0.0264,32.9400,1
535,58583073882566,58583077587504,58583079225194,58583079228250,58583105048757,58583105183202,58583105209739,696402423,3.7049,1.6377,25.8205,0.1344,0.0265,31.3272,1
536,58583124452466,58583128792091,58583129598316,58583129599445,58583154407746,58583154560635,58583154586913,1484738897,4.3396,0.8062,24.8083,0.1529,0.0263,30.1344,1
537,58583182055278,58583185838827,58583187209201,58583187211072,58583212231576,58583212358651,58583212383410,325686739,3.7835,1.3704,25.0205,0.1271,0.0248,30.3281,1
538,58583249104100,58583253376817,58583254317987,58583254319487,58583279200621,58583279329973,58583279356140,4050913555,4.2727,0.9412,24.8811,0.1294,0.0262,30.2520,1
539,58583304755072,58583308452306,58583309349086,58583309350327,58583334304443,58583334431647,58583334457499,4050913555,3.6972,0.8968,24.9541,0.1272,0.0259,29.7024,1
540,58583385866031,58583389432080,58583390431120,58583390434453,58583415732126,58583415863515,58583415888626,3897770379,3.5660,0.9990,25.2977,0.1314,0.0251,30.0226,1
541,58583429522058,58583433495237,58583434319147,58583434320351,58583459278281,58583459401152,58583459426356,554843813,3.9732,0.8239,24.9579,0.1229,0.0252,29.9043,1
542,58583496287231,58583499657483,58583501035765,58583501037209,58583526556716,58583526718642,58583526745846,120860830,3.3703,1.3783,25.5195,0.1619,0.0272,30.4586,1
543,58583571986822,58583576614077,58583577340080,58583577341283,58583602052287,58583602183639,58583602209454,1508923359,4.6273,0.7260,24.7110,0.1314,0.0258,30.2226,1
544,58583617048668,58583620676587,58583621818516,58583621819535,58583646661095,58583646795095,58583646821651,693638554,3.6279,1.1419,24.8416,0.1340,0.0266,29.7730,1
545,58583682308448,58583686535757,58583687691113,58583687692891,58583712896118,58583713029378,58583713055397,763664264,4.2273,1.1554,25.2032,0.1333,0.0260,30.7469,1
546,58583740714613,58583745634796,58583746283705,58583746284853,58583770853060,58583770976283,58583771002079,2266752477,4.9202,0.6489,24.5682,0.1232,0.0258,30.2875,1
547,58583818404340,58583822954299,58583823880098,58583823881579,58583848699547,58583848834436,58583848859973,3687487991,4.5500,0.9258,24.8180,0.1349,0.0255,30.4556,1
548,58583861976514,58583865877416,58583866820678,58583866822363,58583891588960,58583891724293,58583891752960,337488101,3.9009,0.9433,24.7666,0.1353,0.0287,29.7764,1
549,58583921196090,58583925529807,58583926238532,58583926239513,58583951357074,58583951483797,58583951509297,3116507048,4.3337,0.7087,25.1176,0.1267,0.0255,30.3132,1
550,58583984145400,58583989568769,58583990426882,58583990428549,58584015039071,58584015165479,58584015191701,2472791046,5.4234,0.8581,24.6105,0.1264,0.0262,31.0463,1
551,58584083672195,58584088164654,58584089410509,58584089413602,58584115075813,58584115258202,58584115315702,480310196,4.4925,1.2459,25.6622,0.1824,0.0575,31.6435,1
552,58584112888824,58584119673623,58584120707812,58584120708960,58584145722724,58584145872225,58584145898039,480310196,6.7848,1.0342,25.0138,0.1495,0.0258,33.0092,1
553,58584172256456,58584177378139,58584177911326,58584177912122,58584202794034,58584202915627,58584202940479,1661063792,5.1217,0.5332,24.8819,0.1216,0.0249,30.6840,1
554,58584261917109,58584265768288,58584266733365,58584266734828,58584291855981,58584291985963,58584292021130,3831891039,3.8512,0.9651,25.1212,0.1300,0.0352,30.1040,1
555,58584307602642,58584311567192,58584312968807,58584312973566,58584338319498,58584338452239,58584338477610,325774308,3.9646,1.4016,25.3459,0.1327,0.0254,30.8750,1
556,58584360599365,58584364249506,58584365473010,58584365475695,58584390348440,58584390507552,58584390538792,1487802628,3.6501,1.2235,24.8727,0.1591,0.0312,29.9394,1
557,58584416500819,58584420931703,58584422488801,58584422490319,58584447649232,58584447775103,58584447800269,583448036,4.4309,1.5571,25.1589,0.1259,0.0252,31.2995,1
558,58584480314650,58584484766312,58584485760074,58584485761167,58584510789894,58584510917987,58584510942783,3189280221,4.4517,0.9938,25.0287,0.1281,0.0248,30.6281,1
559,58584566132791,58584570708083,58584571533141,58584571534308,58584596758073,58584596891925,58584596925055,3992155590,4.5753,0.8251,25.2238,0.1339,0.0331,30.7923,1
560,58584607308254,58584611609582,58584612876975,58584612878957,58584637676165,58584637803165,58584637828887,114081857,4.3013,1.2674,24.7972,0.1270,0.0257,30.5206,1
561,58584684230274,58584688735844,58584689695440,58584689696884,58584714752871,58584714885056,58584714910945,2898506519,4.5056,0.9596,25.0560,0.1322,0.0259,30.6807,1
562,58584745413541,58584750218705,58584751076522,58584751078615,58584775798082,58584775918897,58584775944638,918009327,4.8052,0.8578,24.7195,0.1208,0.0257,30.5311,1
563,58584825924240,58584831008663,58584831702277,58584831704184,58584856784152,58584857015708,58584857043079,2067761815,5.0844,0.6936,25.0800,0.2316,0.0274,31.1188,1
564,58584887598434,58584891918966,58584893429990,58584893432305,58584918428217,58584918561736,58584918587254,2946024015,4.3205,1.5110,24.9959,0.1335,0.0255,30.9888,1
565,58584936834275,58584941952291,58584942664256,58584942665090,58584967364427,58584967487760,58584967512816,3929709098,5.1180,0.7120,24.6993,0.1233,0.0251,30.6785,1
566,58585012242698,58585018727441,58585019894722,58585019896370,58585047174845,58585047452383,58585047512772,4237612594,6.4847,1.1673,27.2785,0.2775,0.0604,35.2701,1
567,58585047468920,58585052107972,58585053348198,58585053349790,58585078373295,58585078495203,58585078520092,2447147799,4.6391,1.2402,25.0235,0.1219,0.0249,31.0512,1
568,58585129880773,58585133809359,58585135150123,58585135152715,58585159911256,58585160070312,58585160096905,1907434338,3.9286,1.3408,24.7585,0.1591,0.0266,30.2161,1
569,58585167250316,58585172560055,58585173458336,58585173459355,58585198430618,58585198555934,58585198580786,1907434338,5.3097,0.8983,24.9713,0.1253,0.0249,31.3305,1
570,58585230812906,58585235588495,58585236692554,58585236693684,58585261719948,58585261843578,58585261869893,1226739267,4.7756,1.1041,25.0263,0.1236,0.0263,31.0570,1
571,58585319289000,58585325486612,58585326173577,58585326174447,58585351119304,58585351277415,58585351304230,2014431825,6.1976,0.6870,24.9449,0.1581,0.0268,32.0152,1
572,58585360531556,58585365344034,58585366247333,58585366248981,58585391134726,58585391261486,58585391287542,2014431825,4.8125,0.9033,24.8857,0.1268,0.0261,30.7560,1
573,58585447010495,58585451970548,58585452662494,58585452663661,58585477696185,58585477825352,58585477850944,2600673798,4.9601,0.6919,25.0325,0.1292,0.0256,30.8404,1
574,58585502971635,58585507320278,58585507931910,58585507932836,58585532875859,58585533005729,58585533032267,1633631329,4.3486,0.6116,24.9430,0.1299,0.0265,30.0606,1
575,58585547432756,58585551404491,58585552336031,58585552337679,58585577280851,58585577406184,58585577431332,2316350900,3.9717,0.9315,24.9432,0.1253,0.0251,29.9986,1
576,58585632569395,58585637464003,58585638115765,58585638116672,58585663022917,58585663157473,58585663182751,2296844500,4.8946,0.6518,24.9062,0.1346,0.0253,30.6134,1
577,58585678767226,58585682930221,58585684085206,58585684086613,58585709171748,58585709313415,58585709339489,3710701241,4.1630,1.1550,25.0851,0.1417,0.0261,30.5723,1
578,58585727364917,58585731563745,58585732745637,58585732747230,58585757740401,58585757863883,58585757888346,2592811454,4.1988,1.1819,24.9932,0.1235,0.0245,30.5234,1
579,58585807064724,58585811481941,58585813028261,58585813030613,58585837932414,58585838062025,58585838088247,918567961,4.4172,1.5463,24.9018,0.1296,0.0262,31.0235,1
580,58585853142943,58585857908588,58585858901035,58585858902350,58585883703910,58585883852299,58585883880336,2118733535,4.7656,0.9924,24.8016,0.1484,0.0280,30.7374,1
581,58585942773429,58585947090795,58585948666300,58585948667818,58585973473323,58585973604508,58585973630212,3491553371,4.3174,1.5755,24.8055,0.1312,0.0257,30.8568,1
582,58585984048912,58585988817871,58585989935393,58585989936912,58586014675230,58586014797046,58586014821564,3491553371,4.7690,1.1175,24.7383,0.1218,0.0245,30.7727,1
583,58586070164350,58586075515700,58586076523018,58586076524611,58586101734431,58586101862691,58586101888209,1966988445,5.3514,1.0073,25.2098,0.1283,0.0255,31.7239,1
584,58586117957667,58586122928257,58586123676556,58586123677722,58586148720468,58586148849468,58586148874765,3841636925,4.9706,0.7483,25.0427,0.1290,0.0253,30.9171,1
585,58586164469444,58586168864346,58586170309721,58586170311110,58586195456004,58586195607357,58586195634116,748156114,4.3949,1.4454,25.1449,0.1514,0.0268,31.1647,1
586,58586221866143,58586226323565,58586227523087,58586227524661,58586252608092,58586252732611,58586252758037,4284849840,4.4574,1.1995,25.0834,0.1245,0.0254,30.8919,1
587,58586305274906,58586309516994,58586311026165,58586311027480,58586336633968,58586336765006,58586336790487,2536499327,4.2421,1.5092,25.6065,0.1310,0.0255,31.5156,1
588,58586349167489,58586354330117,58586355626102,58586355627306,58586380622366,58586380748515,58586380773274,1481211941,5.1626,1.2960,24.9951,0.1261,0.0248,31.6058,1
589,58586415210827,58586420030380,58586421182346,58586421183754,58586446175055,58586446302629,58586446327407,607124628,4.8196,1.1520,24.9913,0.1276,0.0248,31.1166,1
590,58586504149015,58586509344198,58586509992015,58586509992867,58586534803834,58586534934409,58586534960316,262796447,5.1952,0.6478,24.8110,0.1306,0.0259,30.8113,1
591,58586551886295,58586556070642,58586557247368,58586557250646,58586582265206,58586582390836,58586582415688,262796447,4.1843,1.1767,25.0146,0.1256,0.0249,30.5294,1
592,58586612939914,58586617100427,58586618377042,58586618378487,58586643418640,58586643568011,58586643595214,1013303339,4.1605,1.2766,25.0402,0.1494,0.0272,30.6553,1
593,58586667982514,58586671999341,58586673386086,58586673387457,58586698327906,58586698464684,58586698490536,673022066,4.0168,1.3867,24.9404,0.1368,0.0259,30.5080,1
594,58586721282311,58586725723177,58586726663384,58586726664902,58586751508110,58586751632666,58586751658518,673022066,4.4409,0.9402,24.8432,0.1246,0.0259,30.3762,1
595,58586781662354,58586786200646,58586787064574,58586787065778,58586811894282,58586812038616,58586812064079,673022066,4.5383,0.8639,24.8285,0.1443,0.0255,30.4017,1
596,58586847021190,58586851089943,58586852753782,58586852756763,58586877905935,58586878030787,58586878056454,673022066,4.0688,1.6638,25.1492,0.1249,0.0257,31.0353,1
597,58586909708147,58586914004642,58586916408983,58586916412223,58586941550340,58586941672599,58586941698062,673022066,4.2965,2.4043,25.1381,0.1223,0.0255,31.9899,1
598,58586973313607,58586979339274,58586980462722,58586980464296,58587005499523,58587005622153,58587005647709,673022066,6.0257,1.1234,25.0352,0.1226,0.0256,32.3341,1
599,58587037375864,58587041696693,58587042519584,58587042520825,58587067372144,58587067500144,58587067524867,2704138388,4.3208,0.8229,24.8513,0.1280,0.0247,30.1490,1
600,58587124734751,58587128747134,58587130271602,58587130272935,58587155787738,58587155919238,58587155945572,167118939,4.0124,1.5245,25.5148,0.1315,0.0263,31.2108,1
601,58587162224017,58587166935329,58587168099573,58587168101110,58587193260671,58587193403208,58587193433690,167118939,4.7113,1.1642,25.1596,0.1425,0.0305,31.2097,1
602,58587220607813,58587225318291,58587226203719,58587226205367,58587251213669,58587251356373,58587251385169,4156471410,4.7105,0.8854,25.0083,0.1427,0.0288,30.7774,1
603,58587301768939,58587306961511,58587308069329,58587308071570,58587332955575,58587333100797,58587333130705,265787874,5.1926,1.1078,24.8840,0.1452,0.0299,31.3618,1
604,58587362129833,58587367638832,58587368544002,58587368545594,58587393388932,58587393533173,58587393563599,1911773566,5.5090,0.9052,24.8433,0.1442,0.0304,31.4338,1
605,58587438093573,58587443173496,58587443946091,58587443947091,58587469126356,58587469271875,58587469301134,3716151017,5.0799,0.7726,25.1793,0.1455,0.0293,31.2076,1
606,58587484623424,58587489845199,58587490469072,58587490471201,58587515467113,58587515616299,58587515646484,627982048,5.2218,0.6239,24.9959,0.1492,0.0302,31.0231,1
607,58587532283111,58587537869962,58587538516797,58587538517797,58587563487672,58587563632988,58587563662840,4222664121,5.5869,0.6468,24.9699,0.1453,0.0299,31.3797,1
608,58587607664349,58587612519160,58587613176533,58587613177903,58587638061537,58587638217130,58587638247075,2653371457,4.8548,0.6574,24.8836,0.1556,0.0299,30.5827,1
609,58587685190742,58587690055553,58587690765241,58587690766148,58587715557893,58587715692653,58587715723097,2533850022,4.8648,0.7097,24.7917,0.1348,0.0304,30.5324,1
610,58587733151097,58587737900704,58587739070078,58587739071226,58587763836027,58587763968768,58587763998564,2245741910,4.7496,1.1694,24.7648,0.1327,0.0298,30.8475,1
611,58587788097455,58587792438876,58587793187360,58587793188508,58587817905068,58587818028216,58587818053846,4057420381,4.3414,0.7485,24.7166,0.1231,0.0256,29.9564,1
612,58587877799201,58587882373938,58587883528904,58587883530701,58587908163519,58587908296631,58587908322853,2675879847,4.5747,1.1550,24.6328,0.1331,0.0262,30.5237,1
613,58587925318444,58587930068829,58587930794350,58587930797442,58587955522502,58587955648595,58587955674262,2625132245,4.7504,0.7255,24.7251,0.1261,0.0257,30.3558,1
614,58587986118654,58587990527538,58587991244374,58587991245133,58588015823952,58588015948045,58588015974730,4051035619,4.4089,0.7168,24.5788,0.1241,0.0267,29.8561,1
615,58588064229660,58588068955193,58588070717551,58588070722440,58588096515225,58588096846466,58588096935078,3787317291,4.7255,1.7624,25.7928,0.3312,0.0886,32.7054,1
616,58588094403811,58588100785201,58588101876686,58588101877649,58588126777728,58588126901339,58588126927135,2123619343,6.3814,1.0915,24.9001,0.1236,0.0258,32.5233,1
617,58588159111459,58588163950475,58588164598884,58588164599977,58588189701945,58588189863482,58588189901816,3595258549,4.8390,0.6484,25.1020,0.1615,0.0383,30.7904,1
618,58588215520063,58588219977651,58588220920154,58588220921210,58588245477658,58588245602603,58588245627843,1639857215,4.4576,0.9425,24.5564,0.1249,0.0252,30.1078,1
619,58588295845891,58588301228204,58588302001114,58588302002151,58588326831285,58588326962156,58588326988119,2758521710,5.3823,0.7729,24.8291,0.1309,0.0260,31.1422,1
620,58588341069256,58588345247454,58588346122494,58588346123735,58588370889405,58588371015980,58588371040980,1427815205,4.1782,0.8750,24.7657,0.1266,0.0250,29.9717,1
621,58588405678385,58588409821491,58588410655809,58588410656772,58588435443961,58588435569554,58588435594647,2276702697,4.1431,0.8343,24.7872,0.1256,0.0251,29.9163,1
622,58588495579780,58588499789553,58588501143779,58588501145890,58588525954895,58588526083599,58588526109784,2133070597,4.2098,1.3542,24.8090,0.1287,0.0262,30.5300,1
623,58588542119779,58588546360496,58588547549241,58588547551463,58588572529245,58588572672172,58588572698690,1529563877,4.2407,1.1887,24.9778,0.1429,0.0265,30.5789,1
624,58588603053842,58588609468510,58588610127419,58588610128327,58588634811627,58588634936053,58588634961553,2699600932,6.4147,0.6589,24.6833,0.1244,0.0255,31.9077,1
625,58588680202974,58588684484654,58588685442787,58588685443972,58588710245587,58588710377125,58588710403736,2286515118,4.2817,0.9581,24.8016,0.1315,0.0266,30.2008,1
626,58588727165585,58588731581284,58588732547250,58588732549584,58588757569255,58588757700978,58588757726737,980793447,4.4157,0.9660,25.0197,0.1317,0.0258,30.5612,1
627,58588771175205,58588775205089,58588776759075,58588776762019,58588801624079,58588801750969,58588801776672,1050190156,4.0299,1.5540,24.8621,0.1269,0.0257,30.6015,1
628,58588853365150,58588857465015,58588858475314,58588858476833,58588883589264,58588883718820,58588883745264,2076548682,4.0999,1.0103,25.1124,0.1296,0.0264,30.3801,1
629,58588897714809,58588902408064,58588903447308,58588903449641,58588928341850,58588928472980,58588928500313,1793014263,4.6933,1.0392,24.8922,0.1311,0.0273,30.7855,2
630,58588987856278,58588992826887,58588993700260,58588993701908,58589018889135,58589019030191,58589019058154,449177785,4.9706,0.8734,25.1872,0.1411,0.0280,31.2019,2
631,58589021848071,58589025754861,58589026878198,58589026880327,58589051967332,58589052119314,58589052147611,449177785,3.9068,1.1233,25.0870,0.1520,0.0283,30.2995,2
632,58589101073228,58589106017522,58589106908691,58589106909710,58589132221549,58589132356475,58589132384568,1098344101,4.9443,0.8912,25.3118,0.1349,0.0281,31.3113,2
633,58589145702350,58589150371791,58589151456869,58589151458109,58589176510411,58589176629855,58589176655078,3388654227,4.6694,1.0851,25.0523,0.1194,0.0252,30.9527,1
634,58589227638424,58589233604739,58589234403408,58589234404390,58589259202875,58589259324839,58589259349987,1613932968,5.9663,0.7987,24.7985,0.1220,0.0251,31.7116,1
635,58589300098301,58589305045890,58589306166524,58589306167635,58589331112713,58589331246084,58589331271918,377856163,4.9476,1.1206,24.9451,0.1334,0.0258,31.1736,1
636,58589346695651,58589351226518,58589352488096,58589352489633,58589377587916,58589377730490,58589377756231,440784959,4.5309,1.2616,25.0983,0.1426,0.0257,31.0606,1
637,58589410666427,58589415678906,58589416982577,58589416983892,58589441957860,58589442093953,58589442119453,3253915226,5.0125,1.3037,24.9740,0.1361,0.0255,31.4530,1
638,58589454229528,58589459027673,58589459747379,58589459748286,58589484816273,58589484942588,58589484967810,1385121389,4.7981,0.7197,25.0680,0.1263,0.0252,30.7383,1
639,58589552464282,58589556804981,58589557616873,58589557618262,58589582683748,58589582815082,58589582841063,1912385475,4.3407,0.8119,25.0655,0.1313,0.0260,30.3768,1
640,58589592985281,58589596972886,58589597895666,58589597896981,58589622925153,58589623063801,58589623098579,2161507957,3.9876,0.9228,25.0282,0.1386,0.0348,30.1133,1
641,58589650663648,58589655092736,58589656276962,58589656278499,58589681330430,58589681453041,58589681478134,2821539546,4.4291,1.1842,25.0519,0.1226,0.0251,30.8145,1
642,58589736797160,58589741082692,58589742149955,58589742154196,58589767232997,58589767390535,58589767417998,2348671602,4.2855,1.0673,25.0788,0.1575,0.0275,30.6208,1
643,58589774545039,58589778854830,58589779765703,58589779767722,58589804739393,58589804862894,58589804888579,1713440750,4.3098,0.9109,24.9717,0.1235,0.0257,30.3435,1
644,58589867877759,58589872707293,58589873713537,58589873714870,58589898562819,58589898701968,58589898733172,3234829418,4.8295,1.0062,24.8479,0.1391,0.0312,30.8554,1
645,58589908283739,58589912257973,58589913529774,58589913531126,58589938563260,58589938695594,58589938721742,2653428614,3.9742,1.2718,25.0321,0.1323,0.0261,30.4380,1
646,58589958552342,58589962373058,58589963461172,58589963462098,58589988628085,58589988754733,58589988780345,1921240286,3.8207,1.0881,25.1660,0.1266,0.0256,30.2280,1
647,58590021774967,58590026018721,58590027166818,58590027168892,58590052215471,58590052366416,58590052395045,3439040458,4.2438,1.1481,25.0466,0.1509,0.0286,30.6201,1
648,58590082297732,58590087029340,58590087749435,58590087750787,58590112705384,58590112831644,58590112857551,3926922946,4.7316,0.7201,24.9546,0.1263,0.0259,30.5598,1
649,58590164339084,58590168563764,58590170229269,58590170230769,58590195062311,58590195194274,58590195219700,4232627524,4.2247,1.6655,24.8315,0.1320,0.0254,30.8806,1
650,58590220387409,58590227767988,58590228494046,58590228495861,58590253727570,58590253852422,58590253877441,758895440,7.3806,0.7261,25.2317,0.1249,0.0250,33.4900,1
651,58590296895132,58590302322297,58590303241078,58590303242467,58590328132657,58590328265731,58590328291509,2270968480,5.4272,0.9188,24.8902,0.1331,0.0258,31.3964,1
652,58590346999716,58590351437600,58590352613697,58590352615456,58590377730813,58590377861795,58590377888462,4086436029,4.4379,1.1761,25.1154,0.1310,0.0267,30.8887,1
653,58590396039926,58590401213128,58590402065168,58590402067094,58590426870339,58590426994098,58590427019006,3220344012,5.1732,0.8520,24.8032,0.1238,0.0249,30.9791,1
654,58590456519691,58590461442096,58590462243172,58590462244302,58590487094973,58590487223140,58590487248511,3719659704,4.9224,0.8011,24.8507,0.1282,0.0254,30.7288,1
655,58590545222601,58590550027875,58590551165675,58590551166675,58590575873809,58590576023772,58590576052069,3251810009,4.8053,1.1378,24.7071,0.1500,0.0283,30.8295,1
656,58590589700186,58590594367367,58590595733149,58590595734483,58590620885951,58590621030600,58590621057451,2988959606,4.6672,1.3658,25.1515,0.1446,0.0269,31.3573,1
657,58590647461276,58590652145790,58590653354053,58590653355776,58590678502022,58590678630115,58590678655041,2729390497,4.6845,1.2083,25.1462,0.1281,0.0249,31.1938,1
658,58590719209484,58590723746609,58590725279855,58590725281299,58590750244582,58590750378545,58590750403786,1716292586,4.5371,1.5332,24.9633,0.1340,0.0252,31.1943,1
659,58590766948690,58590771110481,58590772498263,58590772499744,58590797611953,58590797737602,58590797762306,1956067197,4.1618,1.3878,25.1122,0.1256,0.0247,30.8136,1
660,58590830191204,58590834313680,58590835602573,58590835604277,58590860450022,58590860572300,58590860597559,3153298632,4.1225,1.2889,24.8457,0.1223,0.0253,30.4064,1
661,58590905282626,58590909811141,58590910906700,58590910907792,58590935935871,58590936094909,58590936125372,426472334,4.5285,1.0956,25.0281,0.1590,0.0305,30.8427,1
662,58590953009185,58590957116327,58590957997978,58590957999015,58590982995613,58590983123891,58590983148706,2310961661,4.1071,0.8817,24.9966,0.1283,0.0248,30.1395,1
663,58591030499263,58591034565405,58591035680186,58591035681446,58591060350616,58591060477376,58591060502654,2845368537,4.0661,1.1148,24.6692,0.1268,0.0253,30.0034,1
664,58591097187047,58591101892266,58591103178585,58591103180103,58591127807829,58591127940811,58591127965792,3853653610,4.7052,1.2863,24.6277,0.1330,0.0250,30.7787,1
665,58591138426307,58591142822950,58591143967898,58591143969491,58591168895811,58591169023848,58591169049126,2346741294,4.3966,1.1449,24.9263,0.1280,0.0253,30.6228,1
666,58591227357551,58591232413326,58591233446218,58591233447681,58591258601520,58591258740483,58591258765705,2507908831,5.0558,1.0329,25.1538,0.1390,0.0252,31.4082,1
667,58591286135662,58591290399824,58591291630476,58591291633309,58591316875944,58591317008704,58591317035093,2507908831,4.2642,1.2307,25.2426,0.1328,0.0264,30.8994,1
668,58591320985402,58591324852136,58591326034770,58591326036677,58591351193830,58591351318016,58591351343516,2507908831,3.8667,1.1826,25.1572,0.1242,0.0255,30.3581,1
669,58591383031042,58591386926591,58591387943539,58591387945502,58591412781469,58591412905599,58591412930544,2507908831,3.8955,1.0169,24.8360,0.1241,0.0249,29.8995,1
670,58591444376773,58591449086510,58591450128346,58591450130198,58591475225111,58591475353093,58591475377741,3491153756,4.7097,1.0418,25.0949,0.1280,0.0246,31.0010,1
671,58591506830507,58591510697797,58591511877227,58591511878801,58591537217751,58591537341900,58591537367270,3491153756,3.8673,1.1794,25.3390,0.1241,0.0254,30.5368,1
672,58591578451603,58591584308677,58591585113106,58591585114643,58591610312334,58591610442667,58591610468371,3491153756,5.8571,0.8044,25.1977,0.1303,0.0257,32.0168,1
673,58591637883124,58591642300731,58591643118178,58591643119289,58591668088923,58591668217609,58591668243016,3491153756,4.4176,0.8174,24.9696,0.1287,0.0254,30.3599,1
674,58591725788087,58591730383805,58591731523383,58591731526550,58591756450351,58591756599740,58591756625814,3163491059,4.5957,1.1396,24.9238,0.1494,0.0261,30.8377,1
675,58591763440817,58591767781127,58591768920168,58591768921334,58591793731820,58591793858450,58591793884061,172885380,4.3403,1.1390,24.8105,0.1266,0.0256,30.4432,1
676,58591848404733,58591852135449,58591853156008,58591853157045,58591878460217,58591878594532,58591878620218,2222132970,3.7307,1.0206,25.3032,0.1343,0.0257,30.2155,1
677,58591890958146,58591895376697,58591896341477,58591896343014,58591921466057,58591921591446,58591921616557,2222132970,4.4186,0.9648,25.1230,0.1254,0.0251,30.6584,1
678,58591949931350,58591954088363,58591955196571,58591955201219,58591980460669,58591980584003,58591980609003,4105667992,4.1570,1.1082,25.2595,0.1233,0.0250,30.6777,1
679,58592037403460,58592041145101,58592042434309,58592042437661,58592069297949,58592069575358,58592069619673,1097031855,3.7416,1.2892,26.8603,0.2774,0.0443,32.2162,1
680,58592068576336,58592074661892,58592075734840,58592075737025,58592101167606,58592101299810,58592101324402,1097031855,6.0856,1.0729,25.4306,0.1322,0.0246,32.7481,1
681,58592150246353,58592154548996,58592155201924,58592155202702,58592180106151,58592180242763,58592180270244,2564059684,4.3026,0.6529,24.9034,0.1366,0.0275,30.0239,1
682,58592195744386,58592201387200,58592202046831,58592202047702,58592226769261,58592226891984,58592226916928,1858166086,5.6428,0.6596,24.7216,0.1227,0.0249,31.1725,1
683,58592263011431,58592266723499,58592267414927,58592267416038,58592293774899,58592293899658,58592293924677,2209050724,3.7121,0.6914,26.3589,0.1248,0.0250,30.9132,1
684,58592341131067,58592345116728,58592346358157,58592346360287,58592371519941,58592371658163,58592371683867,2132708410,3.9857,1.2414,25.1597,0.1382,0.0257,30.5528,1
685,58592378622593,58592382910754,58592384436037,58592384437685,58592409109541,58592409233541,58592409259560,1097849640,4.2882,1.5253,24.6719,0.1240,0.0260,30.6370,1
686,58592448072627,58592451900028,58592453241421,58592453243143,58592478229592,58592478356482,58592478382167,2583917674,3.8274,1.3414,24.9864,0.1269,0.0257,30.3095,1
687,58592520123854,58592525008166,58592525691687,58592525692816,58592550668191,58592550802655,58592550829284,2160589368,4.8843,0.6835,24.9754,0.1345,0.0266,30.7054,1
688,58592566007277,58592569848122,58592570948200,58592570949663,58592595728037,58592595854167,58592595879149,2802206151,3.8408,1.1001,24.7784,0.1261,0.0250,29.8719,1
689,58592627151414,58592631478521,58592632382246,58592632383672,58592657484121,58592657609233,58592657634344,1096394374,4.3271,0.9037,25.1004,0.1251,0.0251,30.4829,1
690,58592692081119,58592697191339,58592698141620,58592698145213,58592723265366,58592723407644,58592723437478,529481973,5.1102,0.9503,25.1202,0.1423,0.0298,31.3564,1
691,58592785391507,58592790763283,58592791483378,58592791484618,58592816654142,58592816803309,58592816832865,2802623425,5.3718,0.7201,25.1695,0.1492,0.0296,31.4414,1
692,58592826748230,58592831782412,58592832729008,58592832730471,58592857881587,58592858041088,58592858073532,230703208,5.0342,0.9466,25.1511,0.1595,0.0324,31.3253,1
693,58592888264905,58592894046535,58592894664426,58592894665259,58592919600838,58592919733042,58592919758505,1347862396,5.7816,0.6179,24.9356,0.1322,0.0255,31.4936,1
694,58592957287901,58592961489952,58592962492140,58592962493325,58592987535423,58592987663405,58592987689238,1717692815,4.2021,1.0022,25.0421,0.1280,0.0258,30.4013,1
695,58593007517560,58593011376831,58593012288982,58593012290186,58593037226857,58593037353913,58593037379154,1766709301,3.8593,0.9122,24.9367,0.1271,0.0252,29.8616,1
696,58593069004643,58593072513987,58593073714787,58593073716565,58593098700885,58593098827681,58593098853682,3312248760,3.5093,1.2008,24.9843,0.1268,0.0260,29.8490,1
697,58593143233414,58593146929278,58593147981689,58593147983522,58593173319639,58593173456084,58593173481510,2111408783,3.6959,1.0524,25.3361,0.1364,0.0254,30.2481,1
698,58593191714641,58593196202415,58593197167751,58593197169214,58593222037108,58593222162701,58593222187404,710505451,4.4878,0.9653,24.8679,0.1256,0.0247,30.4728,1
699,58593254840248,58593259320873,58593260215950,58593260216987,58593284996306,58593285121881,58593285147770,1894948945,4.4806,0.8951,24.7793,0.1256,0.0259,30.3075,1
700,58593315099864,58593319332452,58593320172177,58593320174751,58593344815921,58593344938051,58593344962403,1467110395,4.2326,0.8397,24.6412,0.1221,0.0244,29.8625,1
701,58593407801231,58593411440391,58593412787784,58593412789265,58593438059623,58593438190123,58593438216086,3023884329,3.6392,1.3474,25.2704,0.1305,0.0260,30.4149,1
702,58593450814052,58593454915861,58593456099439,58593456100810,58593480764258,58593480894314,58593480918925,2230539785,4.1018,1.1836,24.6634,0.1301,0.0246,30.1049,1
703,58593506255727,58593509958072,58593511083354,58593511084483,58593536032969,58593536158785,58593536183896,2886168072,3.7023,1.1253,24.9485,0.1258,0.0251,29.9282,1
704,58593595404416,58593599843467,58593600945489,58593600946637,58593625813901,58593625946790,58593625972346,2349155791,4.4391,1.1020,24.8673,0.1329,0.0256,30.5679,1
705,58593639419388,58593643368142,58593644551182,58593644552627,58593669433150,58593669562650,58593669588039,1841983788,3.9488,1.1830,24.8805,0.1295,0.0254,30.1687,1
706,58593691116052,58593695683751,58593696935811,58593696937107,58593721564611,58593721687667,58593721713204,3554421633,4.5677,1.2521,24.6275,0.1231,0.0255,30.5972,1
707,58593764355320,58593768343370,58593769358540,58593769360021,58593794460748,58593794591693,58593794617156,3526421237,3.9880,1.0152,25.1007,0.1309,0.0255,30.2618,1
708,58593819018437,58593822754208,58593823756878,58593823758915,58593848733142,58593848855254,58593848879587,467667355,3.7358,1.0027,24.9742,0.1221,0.0243,29.8611,1
709,58593905739378,58593910490245,58593911171654,58593911172487,58593935825584,58593935949269,58593935974714,2879418367,4.7509,0.6814,24.6531,0.1237,0.0254,30.2353,1
710,58593969772469,58593973701944,58593974717521,58593974722540,58593999527822,58593999660248,58593999685082,136049925,3.9295,1.0156,24.8053,0.1324,0.0248,29.9126,1
711,58594015708206,58594019290681,58594020467666,58594020468925,58594045462374,58594045587838,58594045613505,3452460739,3.5825,1.1770,24.9934,0.1255,0.0257,29.9053,1
712,58594083873218,58594088297806,58594088995919,58594088996827,58594114127684,58594114260036,58594114285592,3767552459,4.4246,0.6981,25.1309,0.1324,0.0256,30.4124,1
713,58594126907687,58594130933922,58594131666887,58594131667684,58594156387317,58594156514614,58594156539892,1856678637,4.0262,0.7330,24.7196,0.1273,0.0253,29.6322,1
714,58594191092223,58594195138958,58594196159073,58594196160313,58594220869984,58594220993355,58594221019225,1736969310,4.0467,1.0201,24.7097,0.1234,0.0259,29.9270,1
715,58594280514858,58594285341021,58594286039782,58594286040708,58594311294436,58594311453196,58594311481659,1456802084,4.8262,0.6988,25.2537,0.1588,0.0285,30.9668,1
716,58594316761731,58594320503465,58594321611024,58594321612210,58594346684011,58594346808956,58594346833826,1456802084,3.7417,1.1076,25.0718,0.1249,0.0249,30.0721,1
717,58594387172546,58594391706523,58594392467118,58594392467970,58594417179419,58594417310382,58594417336827,1241017902,4.5340,0.7606,24.7114,0.1310,0.0264,30.1643,1
718,58594431792576,58594436249497,58594437330001,58594437332834,58594462428580,58594462552636,58594462577284,1755852555,4.4569,1.0805,25.0957,0.1241,0.0246,30.7847,1
719,58594501594796,58594506991239,58594507607315,58594507608112,58594532115467,58594532239801,58594532265078,1878974082,5.3964,0.6161,24.5074,0.1243,0.0253,30.6703,1
720,58594575941457,58594580633361,58594581437271,58594581438345,58594606388350,58594606517646,58594606544295,2724874410,4.6919,0.8039,24.9500,0.1293,0.0266,30.6028,1
721,58594619819040,58594623545737,58594625125557,58594625127131,58594650134525,58594650262396,58594650288414,525513085,3.7267,1.5798,25.0074,0.1279,0.0260,30.4694,1
722,58594685867675,58594691909379,58594693100086,58594693102790,58594718094202,58594718220518,58594718246758,2833683893,6.0417,1.1907,24.9914,0.1263,0.0262,32.3791,1
723,58594778769894,58594783022056,58594783790336,58594783791743,58594808636636,58594808765692,58594808791896,2417325837,4.2522,0.7683,24.8449,0.1291,0.0262,30.0220,1
724,58594821942660,58594826320507,58594827563233,58594827564863,58594852704276,58594852834332,58594852863572,1375587368,4.3778,1.2427,25.1394,0.1301,0.0292,30.9209,1
725,58594868238103,58594872679246,58594873728083,58594873729101,58594898613495,58594898738680,58594898763995,3494246229,4.4411,1.0488,24.8844,0.1252,0.0253,30.5259,1
726,58594934805442,58594939252160,58594940227089,58594940228348,58594964750352,58594964873908,58594964898556,2713482227,4.4467,0.9749,24.5220,0.1236,0.0246,30.0931,1
727,58595013185505,58595017835612,58595018831226,58595018832912,58595043684657,58595043826583,58595043851472,3126005764,4.6501,0.9956,24.8517,0.1419,0.0249,30.6660,1
728,58595064656427,58595068885718,58595069797850,58595069799035,58595094630799,58595094767188,58595094792744,310569821,4.2293,0.9121,24.8318,0.1364,0.0256,30.1363,1
729,58595120260584,58595124194337,58595125176914,58595125178544,58595149946177,58595150071400,58595150095752,310569821,3.9338,0.9826,24.7676,0.1252,0.0244,29.8352,1
730,58595180812831,58595184908918,58595186058958,58595186060440,58595210898259,58595211022796,58595211048037,310569821,4.0961,1.1500,24.8378,0.1245,0.0252,30.2352,1
731,58595249931530,58595253728376,58595254794953,58595254796212,58595279958366,58595280105181,58595280130681,310569821,3.7968,1.0666,25.1622,0.1468,0.0255,30.1992,1
732,58595306768636,58595310859149,58595311866411,58595311867985,58595337011268,58595337137509,58595337163602,310569821,4.0905,1.0073,25.1433,0.1262,0.0261,30.3950,1
733,58595368580850,58595372731233,58595374087756,58595374091645,58595398967242,58595399091205,58595399115946,310569821,4.1504,1.3565,24.8756,0.1240,0.0247,30.5351,1
734,58595446705911,58595451106518,58595452287058,58595452288429,58595477063414,58595477190174,58595477215767,310569821,4.4006,1.1805,24.7750,0.1268,0.0256,30.5099,1
735,58595518444767,58595522317594,58595523578191,58595523579839,58595548807789,58595548965753,58595548992642,1385867965,3.8728,1.2606,25.2279,0.1580,0.0269,30.5479,1
736,58595552737857,58595557412187,58595558144782,58595558146115,58595582879526,58595583007286,58595583032638,1385867965,4.6743,0.7326,24.7334,0.1278,0.0254,30.2948,1
737,58595620739405,58595624921881,58595625751069,58595625753662,58595650625092,58595650750259,58595650775759,1385867965,4.1825,0.8292,24.8714,0.1252,0.0255,30.0364,1
738,58595687968284,58595691870834,58595693106541,58595693109208,58595718051157,58595718178491,58595718204454,3563946697,3.9026,1.2357,24.9419,0.1273,0.0260,30.2362,1
739,58595742751383,58595746520821,58595747398565,58595747399879,58595772553996,58595772678626,58595772704848,3563946697,3.7694,0.8777,25.1541,0.1246,0.0262,29.9535,1
740,58595802260553,58595805954879,58595806857104,58595806859956,58595831791479,58595831917794,58595831942424,3563946697,3.6943,0.9022,24.9315,0.1263,0.0246,29.6819,1
741,58595868760059,58595872438404,58595873271814,58595873273462,58595898349708,58595898476820,58595898502005,3563946697,3.6783,0.8334,25.0762,0.1271,0.0252,29.7419,1
742,58595932191982,58595936057716,58595937016812,58595937018275,58595961951020,58595962077261,58595962103021,3563946697,3.8657,0.9591,24.9327,0.1262,0.0258,29.9110,1
743,58596001045051,58596005241064,58596006025437,58596006026622,58596031154887,58596031290980,58596031321776,3563946697,4.1960,0.7844,25.1283,0.1361,0.0308,30.2767,1
744,58596055789909,58596059894015,58596061572335,58596061574298,58596086640969,58596086761729,58596086786877,2996816261,4.1041,1.6783,25.0667,0.1208,0.0251,30.9970,1
745,58596125991686,58596129983866,58596131202092,58596131204295,58596156115170,58596156239819,58596156264634,3770316211,3.9922,1.2182,24.9109,0.1246,0.0248,30.2729,1
746,58596196281649,58596200498514,58596201505425,58596201507110,58596226517152,58596226648264,58596226673523,3182302644,4.2169,1.0069,25.0100,0.1311,0.0253,30.3919,1
747,58596242991426,58596247575996,58596248374425,58596248375295,58596273073614,58596273195614,58596273220355,1409948200,4.5846,0.7984,24.6983,0.1220,0.0247,30.2289,1
748,58596347851813,58596353296256,58596354312000,58596354313259,58596380068563,58596380384731,58596380470398,4095079795,5.4444,1.0157,25.7553,0.3162,0.0857,32.6186,1
749,58596377486629,58596384132409,58596385113875,58596385115357,58596410031787,58596410148732,58596410173343,1167504609,6.6458,0.9815,24.9164,0.1169,0.0246,32.6867,1
750,58596456708546,58596460184409,58596461792136,58596461793636,58596487149753,58596487281161,58596487307106,527847107,3.4759,1.6077,25.3561,0.1314,0.0259,30.5986,1
751,58596500662185,58596505002235,58596505943683,58596505944775,58596530690168,58596530887688,58596530914206,2801142333,4.3400,0.9414,24.7454,0.1975,0.0265,30.2520,1
752,58596558716090,58596564201645,58596564873554,58596564874832,58596589610521,58596589735725,58596589760855,579480610,5.4856,0.6719,24.7357,0.1252,0.0251,31.0448,1
753,58596632648176,58596637568228,58596638230804,58596638232175,58596663167717,58596663298643,58596663325458,2644204963,4.9201,0.6626,24.9355,0.1309,0.0268,30.6773,1
754,58596678620691,58596683510781,58596684197024,58596684198116,58596709002898,58596709123806,58596709148121,40996660,4.8901,0.6862,24.8048,0.1209,0.0243,30.5274,1
755,58596768273345,58596774082511,58596774888199,58596774889366,58596799997778,58596800139205,58596800164149,2882056588,5.8092,0.8057,25.1084,0.1414,0.0249,31.8908,1
756,58596816871369,58596821084197,58596821997589,58596821999107,58596846947668,58596847078761,58596847103668,2061659252,4.2128,0.9134,24.9486,0.1311,0.0249,30.2323,1
757,58596862123234,58596867705622,58596868670125,58596868671236,58596893242777,58596893366833,58596893391907,3578970120,5.5824,0.9645,24.5715,0.1241,0.0251,31.2687,1
758,58596923822392,58596927845664,58596929137168,58596929138798,58596953972543,58596954099691,58596954124469,2712140766,4.0233,1.2915,24.8337,0.1271,0.0248,30.3021,1
759,58596988700004,58596993314778,58596994117133,58596994118318,58597018804266,58597018925785,58597018950359,2379065219,4.6148,0.8024,24.6859,0.1215,0.0246,30.2504,1
760,58597080063811,58597085743163,58597086702147,58597086703221,58597112529803,58597112768044,58597112815804,3651227031,5.6794,0.9590,25.8266,0.2382,0.0478,32.7520,1
761,58597111525707,58597116992484,58597117823875,58597117825412,58597142693046,58597142819454,58597142843917,3651227031,5.4668,0.8314,24.8676,0.1264,0.0245,31.3182,1
762,58597172154621,58597176411449,58597177483619,58597177485008,58597202369790,58597202494995,58597202520439,3051874993,4.2568,1.0722,24.8848,0.1252,0.0254,30.3658,1
763,58597241824397,58597246726856,58597247275655,58597247276506,58597272084437,58597272229178,58597272257122,594445308,4.9025,0.5488,24.8079,0.1447,0.0279,30.4327,1
764,58597312844084,58597316638392,58597317728507,58597317731488,58597342485363,58597342614641,58597342640826,2275087761,3.7943,1.0901,24.7539,0.1293,0.0262,29.7967,1
765,58597372624236,58597376661174,58597377496714,58597377497825,58597402373033,58597402508404,58597402533997,1346997666,4.0369,0.8355,24.8752,0.1354,0.0256,29.9098,1
766,58597436287733,58597441452027,58597442184270,58597442185196,58597467076256,58597467201016,58597467225812,137645203,5.1643,0.7322,24.8911,0.1248,0.0248,30.9381,1
767,58597499610896,58597503547742,58597504749783,58597504751301,58597529336379,58597529485231,58597529511009,1596556129,3.9368,1.2020,24.5851,0.1489,0.0258,29.9001,1
768,58597552102969,58597555961445,58597557039504,58597557040911,58597582041675,58597582168453,58597582192750,3901981201,3.8585,1.0781,25.0008,0.1268,0.0243,30.0898,1
769,58597628082043,58597631726221,58597634243099,58597634244377,58597659146345,58597659281215,58597659309141,1393451000,3.6442,2.5169,24.9020,0.1349,0.0279,31.2271,1
770,58597672965333,58597678236127,58597678993500,58597678994741,58597704045301,58597704174172,58597704199487,3744243609,5.2708,0.7574,25.0506,0.1289,0.0253,31.2342,1
771,58597736462996,58597741295956,58597741829773,58597741830402,58597766436610,58597766560684,58597766586129,1132954169,4.8330,0.5338,24.6062,0.1241,0.0254,30.1231,1
772,58597815362412,58597820297669,58597820923152,58597820924115,58597845690916,58597845827620,58597845855083,666176063,4.9353,0.6255,24.7668,0.1367,0.0275,30.4927,1
773,58597864253419,58597867818467,58597869101934,58597869103545,58597894292217,58597894437884,58597894467866,378469957,3.5650,1.2835,25.1887,0.1457,0.0300,30.2144,1
774,58597936049386,58597940966846,58597941635293,58597941636571,58597966380945,58597966522408,58597966552464,2779374705,4.9175,0.6684,24.7444,0.1415,0.0301,30.5031,1
775,58598010392991,58598016208399,58598016911679,58598016912845,58598041995739,58598042157777,58598042188981,2937327359,5.8154,0.7033,25.0829,0.1620,0.0312,31.7960,1
776,58598058928163,58598064339977,58598064994627,58598064995683,58598090029613,58598090177577,58598090208281,2795876813,5.4118,0.6546,25.0339,0.1480,0.0307,31.2801,1
777,58598103348526,58598108777451,58598109553231,58598109554342,58598134364124,58598134503273,58598134532791,2016756882,5.4289,0.7758,24.8098,0.1391,0.0295,31.1843,1
778,58598170870332,58598176264923,58598176943610,58598176944796,58598201690540,58598201828263,58598201857059,3342835481,5.3946,0.6787,24.7457,0.1377,0.0288,30.9867,1
779,58598248517411,58598253832113,58598254555337,58598254556467,58598279466471,58598279612787,58598279642657,21733648,5.3147,0.7232,24.9100,0.1463,0.0299,31.1252,1
780,58598293460941,58598298504680,58598299244460,58598299245719,58598324159168,58598324301854,58598324331965,2641040274,5.0437,0.7398,24.9134,0.1427,0.0301,30.8710,1
781,58598381488942,58598386855348,58598387504646,58598387505590,58598412683689,58598412833022,58598412863634,3255463562,5.3664,0.6493,25.1781,0.1493,0.0306,31.3747,1
782,58598431321877,58598436751505,58598437411785,58598437413174,58598462148234,58598462289586,58598462318882,1327569013,5.4296,0.6603,24.7351,0.1414,0.0293,30.9970,1
783,58598495405580,58598501237931,58598502056878,58598502058323,58598526773419,58598527006346,58598527037883,536106862,5.8324,0.8189,24.7151,0.2329,0.0315,31.6323,1
784,58598544533864,58598549957882,58598550678569,58598550679680,58598575701130,58598575856408,58598575885686,536106862,5.4240,0.7207,25.0215,0.1553,0.0293,31.3518,1
785,58598595181524,58598600346874,58598601005395,58598601006284,58598625627472,58598625796436,58598625824658,536106862,5.1654,0.6585,24.6212,0.1690,0.0282,30.6431,1
786,58598661337696,58598666051730,58598666753195,58598666754362,58598691617070,58598691753774,58598691782256,536106862,4.7140,0.7015,24.8627,0.1367,0.0285,30.4446,1
787,58598726080364,58598730899935,58598731633807,58598731635326,58598756558183,58598756697405,58598756725461,536106862,4.8196,0.7339,24.9229,0.1392,0.0281,30.6451,1
788,58598797504960,58598803085811,58598803791350,58598803793035,58598828711503,58598828854374,58598828884041,536106862,5.5809,0.7055,24.9185,0.1429,0.0297,31.3791,1
789,58598857381631,58598861755163,58598862830704,58598862832722,58598887898801,58598888058061,58598888087820,3949236419,4.3735,1.0755,25.0661,0.1593,0.0298,30.7062,1
790,58598940336152,58598945071389,58598946006929,58598946008152,58598971021138,58598971168676,58598971198898,442333256,4.7352,0.9355,25.0130,0.1475,0.0302,30.8627,1
791,58598982044580,58598986952114,58598987739580,58598987740895,58599012794048,58599012942715,58599012971493,442333256,4.9075,0.7875,25.0532,0.1487,0.0288,30.9269,1
792,58599037818942,58599043338718,58599044046147,58599044047276,58599068909984,58599069047540,58599069076263,1080406504,5.5198,0.7074,24.8627,0.1376,0.0287,31.2573,1
793,58599126530685,58599131421997,58599132406907,58599132409759,58599157654413,58599157809136,58599157839265,3508013255,4.8913,0.9849,25.2447,0.1547,0.0301,31.3086,1
794,58599163142727,58599168320132,58599169149338,58599169150338,58599194028732,58599194171362,58599194201269,3508013255,5.1774,0.8292,24.8784,0.1426,0.0299,31.0585,1
795,58599239762728,58599244519743,58599245415079,58599245416264,58599270774919,58599270934975,58599270963493,792468352,4.7570,0.8953,25.3587,0.1601,0.0285,31.2008,1
796,58599287704379,58599292574654,58599293504935,58599293506379,58599318468884,58599318609792,58599318638570,2990213391,4.8703,0.9303,24.9625,0.1409,0.0288,30.9342,1
797,58599347380272,58599351457951,58599352670048,58599352672326,58599378070702,58599378211258,58599378238795,1716794670,4.0777,1.2121,25.3984,0.1406,0.0275,30.8585,1
798,58599411981328,58599416775398,58599417871791,58599417873958,58599442943444,58599443086445,58599443114889,2833706074,4.7941,1.0964,25.0695,0.1430,0.0284,31.1336,1
799,58599500617626,58599505040548,58599506298959,58599506301237,58599531597261,58599531744614,58599531775521,1078211810,4.4229,1.2584,25.2960,0.1474,0.0309,31.1579,1
800,58599545779177,58599550302932,58599551441194,58599551442565,58599576922979,58599577075775,58599577104868,3394868485,4.5238,1.1383,25.4804,0.1528,0.0291,31.3257,1
801,58599600453423,58599606297923,58599606902147,58599606903425,58599632071671,58599632224968,58599632259135,458703885,5.8445,0.6042,25.1682,0.1533,0.0342,31.8057,1
802,58599659113905,58599663709605,58599664719719,58599664721015,58599689950151,58599690091670,58599690120781,3718115315,4.5957,1.0101,25.2291,0.1415,0.0291,31.0069,1
803,58599747228924,58599751878124,58599752918535,58599752919590,58599778138800,58599778299411,58599778329504,3300661953,4.6492,1.0404,25.2192,0.1606,0.0301,31.1006,1
804,58599782037534,58599787955460,58599788707981,58599788709241,58599814066839,58599814205192,58599814233284,3300661953,5.9179,0.7525,25.3576,0.1384,0.0281,32.1957,1
805,58599858580943,58599863481125,58599864803648,58599864805574,58599889757078,58599889905357,58599889934098,411202392,4.9002,1.3225,24.9515,0.1483,0.0287,31.3532,1
806,58599909736475,58599915013010,58599915807902,58599915809235,58599940749647,58599940900203,58599940931388,981800192,5.2765,0.7949,24.9404,0.1506,0.0312,31.1949,1
807,58599969083570,58599974651087,58599975272738,58599975273849,58600000337743,58600000473762,58600000502262,2683332877,5.5675,0.6217,25.0639,0.1360,0.0285,31.4187,1
808,58600047989004,58600053427114,58600054230432,58600054231672,58600080769812,58600080910442,58600080940257,2624707296,5.4381,0.8033,26.5381,0.1406,0.0298,32.9513,1
809,58600091964625,58600096738344,58600097823236,58600097825440,58600123052686,58600123197372,58600123226964,3835272128,4.7737,1.0849,25.2272,0.1447,0.0296,31.2623,1
810,58600183673100,58600188303744,58600189321322,58600189322544,58600214485438,58600214627698,58600214656587,4238356630,4.6306,1.0176,25.1629,0.1423,0.0289,30.9835,1
811,58600224160524,58600230779453,58600231640400,58600231641844,58600256839035,58600256981924,58600257011424,4238356630,6.6189,0.8609,25.1972,0.1429,0.0295,32.8509,1
812,58600285235699,58600290409863,58600291052532,58600291054087,58600316076352,58600316218204,58600316248241,3729779552,5.1742,0.6427,25.0223,0.1419,0.0300,31.0125,1
813,58600345780501,58600350819147,58600351802613,58600351803872,58600376488395,58600376625506,58600376654414,4224361029,5.0386,0.9835,24.6845,0.1371,0.0289,30.8739,1
814,58600417756377,58600422509151,58600423203876,58600423205413,58600448409270,58600448553900,58600448584956,1563695976,4.7528,0.6947,25.2039,0.1446,0.0311,30.8286,1
815,58600468461593,58600473969258,58600474719335,58600474720538,58600499752414,58600499898951,58600499929581,3914473610,5.5077,0.7501,25.0319,0.1465,0.0306,31.4680,1
816,58600532317461,58600537337292,58600538037831,58600538039146,58600563013206,58600563154225,58600563182670,45058563,5.0198,0.7005,24.9741,0.1410,0.0284,30.8652,1
817,58600599046913,58600605187525,58600605966972,58600605967935,58600630899625,58600631043181,58600631074310,45058563,6.1406,0.7794,24.9317,0.1436,0.0311,32.0274,1
818,58600690300905,58600695799070,58600696413109,58600696414313,58600721464355,58600721618596,58600721652560,1938699368,5.4982,0.6140,25.0500,0.1542,0.0340,31.3517,1
819,58600730482939,58600736277698,58600736992571,58600736993423,58600762070021,58600762216151,58600762246836,4215993925,5.7948,0.7149,25.0766,0.1461,0.0307,31.7639,1
820,58600795056736,58600799850177,58600800893866,58600800895236,58600826146816,58600826295390,58600826324779,3367884139,4.7934,1.0437,25.2516,0.1486,0.0294,31.2680,1
821,58600841961699,58600847168382,58600847996459,58600847997422,58600873013482,58600873153927,58600873182798,2374957318,5.2067,0.8281,25.0161,0.1404,0.0289,31.2211,1
822,58600922229879,58600927667137,58600928379176,58600928380324,58600953390255,58600953540089,58600953569811,2796754473,5.4373,0.7120,25.0099,0.1498,0.0297,31.3399,1
823,58600963942733,58600968640099,58600969438287,58600969439546,58600994413440,58600994555107,58600994584404,346626671,4.6974,0.7982,24.9739,0.1417,0.0293,30.6417,1
824,58601030276850,58601035360977,58601036445795,58601036447129,58601061435726,58601061573208,58601061602041,1006350948,5.0841,1.0848,24.9886,0.1375,0.0288,31.3252,1
825,58601108504412,58601113095389,58601114089207,58601114090633,58601139227472,58601139374380,58601139405547,3567797587,4.5910,0.9938,25.1368,0.1469,0.0312,30.9011,1
826,58601159136257,58601164182384,58601164893961,58601164895386,58601189895243,58601190054688,58601190085225,3756374841,5.0461,0.7116,24.9999,0.1594,0.0305,30.9490,1
827,58601227321547,58601232258951,58601232990065,58601232991176,58601258036088,58601258176033,58601258205052,2322713019,4.9374,0.7311,25.0449,0.1399,0.0290,30.8835,1
828,58601309298195,58601314682693,58601315389418,58601315390492,58601340606923,58601340837035,58601340867961,3112774141,5.3845,0.7067,25.2164,0.2301,0.0309,31.5698,1
829,58601351841403,58601356631881,58601357560014,58601357562199,58601382665093,58601382808020,58601382838279,3686901115,4.7905,0.9281,25.1029,0.1429,0.0303,30.9969,1
830,58601415213974,58601420044286,58601421187826,58601421189085,58601445977368,58601446121220,58601446150757,3860595142,4.8303,1.1435,24.7883,0.1439,0.0295,30.9368,1
831,58601462049048,58601467688066,58601468497939,58601468499161,58601493339925,58601493480758,58601493509944,2441135537,5.6390,0.8099,24.8408,0.1408,0.0292,31.4609,1
832,58601529465280,58601533880497,58601534739944,58601534741463,58601559450152,58601559590393,58601559619393,1931281374,4.4152,0.8594,24.7087,0.1402,0.0290,30.1541,1
833,58601614726234,58601619701528,58601620425215,58601620426734,58601645351979,58601645504350,58601645534091,4108026082,4.9753,0.7237,24.9252,0.1524,0.0297,30.8079,1
834,58601651373424,58601656663885,58601657309721,58601657310721,58601682343281,58601682487152,58601682516486,4108026082,5.2905,0.6458,25.0326,0.1439,0.0293,31.1431,1
835,58601726624014,58601731384788,58601732270069,58601732271513,58601756906813,58601757066425,58601757096295,2932326256,4.7608,0.8853,24.6353,0.1596,0.0299,30.4723,1
836,58601770969858,58601775779558,58601776507190,58601776508653,58601801082453,58601801223324,58601801251157,1656543573,4.8097,0.7276,24.5738,0.1409,0.0278,30.2813,1
837,58601836419880,58601840934023,58601841776100,58601841777193,58601866583253,58601866720809,58601866749512,3171587744,4.5141,0.8421,24.8061,0.1376,0.0287,30.3296,1
838,58601912272027,58601918292675,58601919092919,58601919094604,58601944166979,58601944388906,58601944419684,3742417450,6.0206,0.8002,25.0724,0.2219,0.0308,32.1477,1
839,58601956172832,58601961516368,58601962169666,58601962171073,58601987034374,58601987176486,58601987205912,3588254750,5.3435,0.6533,24.8633,0.1421,0.0294,31.0331,1
840,58602020297424,58602025279384,58602025925534,58602025927108,58602050831131,58602050972687,58602051000280,973106655,4.9820,0.6462,24.9040,0.1416,0.0276,30.7029,1
841,58602107829886,58602113568867,58602114247462,58602114248554,58602139234189,58602139406541,58602139437300,1974941583,5.7390,0.6786,24.9856,0.1724,0.0308,31.6074,1
842,58602155095850,58602160151903,58602160930146,58602160931294,58602185995337,58602186143856,58602186174059,1181517206,5.0561,0.7782,25.0640,0.1485,0.0302,31.0782,1
843,58602201340163,58602206008511,58602206988347,58602206990162,58602231836518,58602231978223,58602232020297,4246529146,4.6683,0.9798,24.8464,0.1417,0.0421,30.6801,1
844,58602266580313,58602271356310,58602272159905,58602272162202,58602297171281,58602297317281,58602297346985,1186429899,4.7760,0.8036,25.0091,0.1460,0.0297,30.7667,1
845,58602329699717,58602334721696,58602335312438,58602335313494,58602360269702,58602360408221,58602360437925,240648546,5.0220,0.5907,24.9562,0.1385,0.0297,30.7382,1
846,58602392268711,58602396609688,58602397275579,58602397276467,58602422227639,58602422367195,58602422396158,3793966933,4.3410,0.6659,24.9512,0.1396,0.0290,30.1274,1
847,58602481815920,58602486091600,58602486999158,58602487000029,58602511894533,58602512064515,58602512095923,1833137531,4.2757,0.9076,24.8945,0.1700,0.0314,30.2800,1
848,58602528050770,58602533198082,58602534084715,58602534085918,58602559044831,58602559190942,58602559221590,4139662043,5.1473,0.8866,24.9589,0.1461,0.0306,31.1708,1
849,58602576216941,58602580731770,58602581760810,58602581762569,58602606875074,58602607015853,58602607044760,3074647317,4.5148,1.0290,25.1125,0.1408,0.0289,30.8278,1
850,58602655239042,58602660382429,58602661290154,58602661291265,58602686332918,58602686480511,58602686510604,3373184420,5.1434,0.9077,25.0417,0.1476,0.0301,31.2716,1
851,58602699476182,58602704184012,58602704864866,58602704866181,58602730326465,58602730471076,58602730501188,3373184420,4.7078,0.6809,25.4603,0.1446,0.0301,31.0250,1
852,58602765150316,58602770528981,58602771445076,58602771446206,58602796197655,58602796342785,58602796371729,3373184420,5.3787,0.9161,24.7514,0.1451,0.0289,31.2214,1
853,58602832780696,58602839234216,58602839807441,58602839808163,58602865089872,58602865237484,58602865267354,3373184420,6.4535,0.5732,25.2817,0.1476,0.0299,32.4867,1
854,58602899839427,58602907412006,58602908541065,58602908542750,58602933823756,58602933975942,58602934006035,3373184420,7.5726,1.1291,25.2810,0.1522,0.0301,34.1666,1
855,58602951803924,58602956360605,58602957226682,58602957227849,58602982189965,58602982334299,58602982364447,3373184420,4.5567,0.8661,24.9621,0.1443,0.0301,30.5605,1
856,58603028800575,58603033176385,58603034393926,58603034398130,58603059598302,58603059757192,58603059787025,1805993964,4.3758,1.2175,25.2002,0.1589,0.0298,30.9865,1
857,58603080774739,58603086115164,58603086801629,58603086802777,58603112088209,58603112232931,58603112262506,3421388575,5.3404,0.6865,25.2854,0.1447,0.0296,31.4878,1
858,58603141107264,58603145999353,58603146628596,58603146630707,58603171387193,58603171527452,58603171556378,1564880003,4.8921,0.6292,24.7565,0.1403,0.0289,30.4491,1
859,58603235136172,58603239985484,58603240896875,58603240898079,58603265863639,58603266017270,58603266048159,2770351937,4.8493,0.9114,24.9656,0.1536,0.0309,30.9120,1
860,58603269865745,58603274556130,58603275765689,58603275767615,58603301009214,58603301154566,58603301184621,2770351937,4.6904,1.2096,25.2416,0.1454,0.0301,31.3189,1
861,58603346784673,58603351281132,58603351939023,58603351940319,58603377095436,58603377242806,58603377272603,3488469551,4.4965,0.6579,25.1551,0.1474,0.0298,30.4879,1
862,58603392150131,58603396306385,58603397320370,58603397322222,58603422361801,58603422507375,58603422541746,240024503,4.1563,1.0140,25.0396,0.1456,0.0344,30.3916,1
863,58603450903113,58603456386964,58603457084374,58603457085596,58603482046564,58603482191638,58603482220305,15576450,5.4839,0.6974,24.9610,0.1451,0.0287,31.3172,1
864,58603512161640,58603517772214,58603518439308,58603518440475,58603543465628,58603543607610,58603543636647,2924832286,5.6106,0.6671,25.0252,0.1420,0.0290,31.4750,1
865,58603582051917,58603587689787,58603588380900,58603588382159,58603613394738,58603613542961,58603613572609,2596737583,5.6379,0.6911,25.0126,0.1482,0.0296,31.5207,1
866,58603655440982,58603661062056,58603661843651,58603661845299,58603686882637,58603687032008,58603687062471,2025775426,5.6211,0.7816,25.0373,0.1494,0.0305,31.6215,1
867,58603716429971,58603721766729,58603722416990,58603722418194,58603747336606,58603747495088,58603747525440,3720756539,5.3368,0.6503,24.9184,0.1585,0.0304,31.0955,1
868,58603759983813,58603764853495,58603765851368,58603765852794,58603790636688,58603790782299,58603790811744,2486674024,4.8697,0.9979,24.7839,0.1456,0.0294,30.8279,1
869,58603854932224,58603859872684,58603860908410,58603860909725,58603886169675,58603886318175,58603886348861,1572481481,4.9405,1.0357,25.2599,0.1485,0.0307,31.4166,1
870,58603889681686,58603895136222,58603895943428,58603895944743,58603920992081,58603921134619,58603921163582,1572481481,5.4545,0.8072,25.0473,0.1425,0.0290,31.4819,1
871,58603963896235,58603969058104,58603969838939,58603969840513,58603994838463,58603994984463,58603995013556,3879719098,5.1619,0.7808,24.9979,0.1460,0.0291,31.1173,1
872,58604007992727,58604013194632,58604014141857,58604014143042,58604039344363,58604039488160,58604039518808,3290503145,5.2019,0.9472,25.2013,0.1438,0.0306,31.5261,1
873,58604076263869,58604081158384,58604081983646,58604081985276,58604106966521,58604107109244,58604107138170,2288557905,4.8945,0.8253,24.9812,0.1427,0.0289,30.8743,1
874,58604149222229,58604153657576,58604154846543,58604154849654,58604180288549,58604180453476,58604180482568,2893316351,4.4353,1.1890,25.4389,0.1649,0.0291,31.2603,1
875,58604198478236,58604203087825,58604203760068,58604203760938,58604228489739,58604228634295,58604228665425,3944343471,4.6096,0.6722,24.7288,0.1446,0.0311,30.1872,1
876,58604256833254,58604261445417,58604262377864,58604262379235,58604287337703,58604287474592,58604287503092,2476181638,4.6122,0.9324,24.9585,0.1369,0.0285,30.6698,1
877,58604333430089,58604338213382,58604339040940,58604339042144,58604364084242,58604364239205,58604364270113,2723155762,4.7833,0.8276,25.0421,0.1550,0.0309,30.8400,1
878,58604379639143,58604384727399,58604385559402,58604385560976,58604410323795,58604410463018,58604410491851,3521152605,5.0883,0.8320,24.7628,0.1392,0.0288,30.8527,1
879,58604443625475,58604448388916,58604449233585,58604449234715,58604474182090,58604474320238,58604474349424,169674155,4.7634,0.8447,24.9474,0.1381,0.0292,30.7239,1
880,58604521355572,58604526812812,58604527519703,58604527520851,58604552363041,58604552512041,58604552542893,1116122539,5.4572,0.7069,24.8422,0.1490,0.0309,31.1873,1
881,58604570013115,58604576142357,58604576789766,58604576790951,58604601616011,58604601759327,58604601789530,3939886104,6.1292,0.6474,24.8251,0.1433,0.0302,31.7764,1
882,58604657393947,58604662913687,58604663945579,58604663947023,58604689438048,58604689762864,58604689833790,3077260835,5.5197,1.0319,25.4910,0.3248,0.0709,32.4398,1
883,58604691915278,58604696367385,58604697553278,58604697555852,58604722575227,58604722714913,58604722743950,3077260835,4.4521,1.1859,25.0194,0.1397,0.0290,30.8287,1
884,58604759176287,58604764697175,58604765288121,58604765289177,58604790141237,58604790279719,58604790307904,259491884,5.5209,0.5909,24.8521,0.1385,0.0282,31.1316,1
885,58604841012787,58604845800135,58604846477767,58604846479063,58604871528902,58604871678865,58604871709902,2627450270,4.7873,0.6776,25.0498,0.1500,0.0310,30.6971,1
886,58604885055630,58604890250461,58604890977852,58604890978871,58604915636523,58604915775986,58604915805746,2627450270,5.1948,0.7274,24.6577,0.1395,0.0298,30.7501,1
887,58604955660149,58604960656128,58604961507835,58604961508983,58604986437839,58604986585414,58604986614358,4007786008,4.9960,0.8517,24.9289,0.1476,0.0289,30.9542,1
888,58605001764073,58605006420384,58605007141220,58605007142201,58605032283670,58605032427781,58605032458022,2495300766,4.6563,0.7208,25.1415,0.1441,0.0302,30.6939,1
889,58605061669059,58605066916798,58605067661967,58605067663244,58605092816231,58605092956047,58605092986176,2978315588,5.2477,0.7452,25.1530,0.1398,0.0301,31.3171,1
890,58605127416304,58605132813913,58605133619675,58605133620953,58605158410124,58605158554884,58605158585476,2382509954,5.3976,0.8058,24.7892,0.1448,0.0306,31.1692,1
891,58605218335832,58605223613089,58605224847167,58605224848871,58605249828302,58605249980358,58605250010006,1270100003,5.2773,1.2341,24.9794,0.1521,0.0296,31.6742,1
892,58605261037652,58605266251224,58605267090523,58605267092023,58605292245325,58605292396103,58605292426344,2202142274,5.2136,0.8393,25.1533,0.1508,0.0302,31.3887,1
893,58605313037280,58605318236889,58605319120984,58605319122206,58605343898692,58605344047100,58605344076193,2451739943,5.1996,0.8841,24.7765,0.1484,0.0291,31.0389,1
894,58605378287930,58605383293261,58605384492006,58605384493265,58605409544289,58605409685956,58605409714400,3565103540,5.0053,1.1987,25.0510,0.1417,0.0284,31.4265,1
895,58605451154309,58605457757330,58605458288665,58605458289369,58605483349374,58605483498263,58605483528374,906758156,6.6030,0.5313,25.0600,0.1489,0.0301,32.3741,1
896,58605497376548,58605502291767,58605502855065,58605502856010,58605527791255,58605527934496,58605527964256,906758156,4.9152,0.5633,24.9352,0.1432,0.0298,30.5877,1
897,58605562248605,58605567265121,58605567954530,58605567955567,58605594313540,58605594455688,58605594486040,3788954431,5.0165,0.6894,26.3580,0.1421,0.0304,32.2374,1
898,58605647215466,58605653251022,58605653910821,58605653911691,58605678979363,58605679137586,58605679169845,1031934954,6.0356,0.6598,25.0677,0.1582,0.0323,31.9544,1
899,58605686447831,58605691956904,58605692627239,58605692628369,58605717442651,58605717578670,58605717607670,1031934954,5.5091,0.6703,24.8143,0.1360,0.0290,31.1598,1
900,58605774130608,58605778757567,58605781684484,58605781686188,58605806478562,58605806626674,58605806655748,2644221839,4.6270,2.9269,24.7924,0.1481,0.0291,32.5251,1
901,58605822648725,58605827822574,58605828937948,58605828939208,58605853975768,58605854117102,58605854146584,1553291292,5.1738,1.1154,25.0366,0.1413,0.0295,31.4979,1
902,58605884775106,58605889975123,58605890629903,58605890631051,58605915445000,58605915586630,58605915615889,1621158080,5.2000,0.6548,24.8139,0.1416,0.0293,30.8408,1
903,58605960808495,58605965946345,58605966793903,58605966795199,58605992263928,58605992413502,58605992442965,4253490829,5.1379,0.8476,25.4687,0.1496,0.0295,31.6345,1
904,58605995055826,58605999919156,58606000611417,58606000612973,58606025742052,58606025884164,58606025913016,2368842659,4.8633,0.6923,25.1291,0.1421,0.0289,30.8572,1
905,58606058174692,58606063355653,58606064042136,58606064043433,58606088971845,58606089111919,58606089140679,4286817461,5.1810,0.6865,24.9284,0.1401,0.0288,30.9660,1
906,58606121730930,58606127066169,58606127705078,58606127706467,58606152880362,58606153021399,58606153052047,3721028372,5.3352,0.6389,25.1739,0.1410,0.0306,31.3211,1
907,58606196557704,58606201663812,58606202396537,58606202397537,58606227254560,58606227407357,58606227436875,3746917875,5.1061,0.7327,24.8570,0.1528,0.0295,30.8792,1
908,58606244420207,58606248934684,58606249629964,58606249630816,58606274629673,58606274768840,58606274797284,2573709563,4.5145,0.6953,24.9989,0.1392,0.0284,30.3771,1
909,58606310984936,58606315367728,58606316109711,58606316110897,58606341318347,58606341464866,58606341494866,1092359352,4.3828,0.7420,25.2075,0.1465,0.0300,30.5099,1
910,58606370109512,58606375812048,58606376704699,58606376706273,58606401636889,58606401780779,58606401810871,1927538101,5.7025,0.8927,24.9306,0.1439,0.0301,31.7014,1
911,58606461553838,58606466092686,58606466758021,58606466759003,58606491994545,58606492154435,58606492184120,1755553695,4.5388,0.6653,25.2355,0.1599,0.0297,30.6303,1
912,58606499955608,58606504959383,58606505981886,58606505983182,58606531216762,58606531355374,58606531383837,1755553695,5.0038,1.0225,25.2336,0.1386,0.0285,31.4282,1
913,58606581424032,58606586233362,58606586999105,58606587001105,58606611979740,58606612138259,58606612168314,1232575362,4.8093,0.7657,24.9786,0.1585,0.0301,30.7443,1
914,58606621463622,58606626360711,58606627136528,58606627137806,58606652143589,58606652288960,58606652318534,1554930710,4.8971,0.7758,25.0058,0.1454,0.0296,30.8549,1
915,58606719470654,58606726196583,58606727153937,58606727155308,58606752391036,58606752597111,58606752638203,3441243969,6.7259,0.9574,25.2357,0.2061,0.0411,33.1675,1
916,58606749712379,58606756752901,58606757399922,58606757400866,58606782347112,58606782497446,58606782527113,3508804552,7.0405,0.6470,24.9462,0.1503,0.0297,32.8147,1
917,58606801120616,58606806368151,58606807120746,58606807121931,58606831696861,58606831821843,58606831846824,2016056399,5.2475,0.7526,24.5749,0.1250,0.0250,30.7262,1
918,58606892851425,58606897471884,58606898234108,58606898235201,58606923018446,58606923175872,58606923201761,3726852113,4.6205,0.7622,24.7832,0.1574,0.0259,30.3503,1
919,58606925571732,58606930558896,58606931804289,58606931806289,58606956859775,58606956987702,58606957013331,3726852113,4.9872,1.2454,25.0535,0.1279,0.0256,31.4416,1
920,58607020968330,58607025123862,58607025865845,58607025866753,58607050888462,58607051035277,58607051060758,591199251,4.1555,0.7420,25.0217,0.1468,0.0255,30.0924,1
921,58607062033608,58607066835401,58607067427458,58607067428495,58607092651723,58607092783057,58607092808724,589194805,4.8018,0.5921,25.2232,0.1313,0.0257,30.7751,1
922,58607114088569,58607118865621,58607119482679,58607119483679,58607144268794,58607144393739,58607144419702,1674116610,4.7771,0.6171,24.7851,0.1249,0.0260,30.3311,1
923,58607205495395,58607209370592,58607210930579,58607210935394,58607236991587,58607237183662,58607237222921,3140608054,3.8752,1.5600,26.0562,0.1921,0.0393,31.7275,1
924,58607235830806,58607240625006,58607241340694,58607241341471,58607266102698,58607266227939,58607266252772,830523758,4.7942,0.7157,24.7612,0.1252,0.0248,30.4220,1
925,58607316326264,58607320674815,58607321411762,58607321413132,58607346125377,58607346251877,58607346277118,1589521610,4.3486,0.7369,24.7122,0.1265,0.0252,29.9509,1
926,58607389015420,58607393432656,58607394042251,58607394043325,58607418950867,58607419118423,58607419148589,300647423,4.4172,0.6096,24.9075,0.1676,0.0302,30.1332,1
927,58607435028288,58607438720318,58607439531209,58607439532135,58607464718234,58607464850882,58607464876956,2372642315,3.6920,0.8109,25.1861,0.1326,0.0261,29.8487,1
928,58607480251023,58607484878964,58607485507855,58607485509392,58607510458026,58607510585953,58607510611768,1986529015,4.6279,0.6289,24.9486,0.1279,0.0258,30.3607,1
929,58607552629456,58607557136341,58607557796658,58607557797380,58607582779089,58607582899830,58607582924682,649272276,4.5069,0.6603,24.9817,0.1207,0.0249,30.2952,1
930,58607629057272,58607633058877,58607633776805,58607633777731,58607658730366,58607658863588,58607658889200,2901930884,4.0016,0.7179,24.9526,0.1332,0.0256,29.8319,1
931,58607673480820,58607677472036,58607678319020,58607678321020,58607703118099,58607703242451,58607703268155,2935351514,3.9912,0.8470,24.7971,0.1244,0.0257,29.7873,1
932,58607762368342,58607767340006,58607768038175,58607768039452,58607792721512,58607792857975,58607792890753,1147867766,4.9717,0.6982,24.6821,0.1365,0.0328,30.5224,1
933,58607811542942,58607815489454,58607816263401,58607816264753,58607841179610,58607841318499,58607841344758,2407106955,3.9465,0.7739,24.9149,0.1389,0.0263,29.8018,1
934,58607854471059,58607858742591,58607859449390,58607859450667,58607884413617,58607884537599,58607884562673,3416664526,4.2715,0.7068,24.9629,0.1240,0.0251,30.0916,1
935,58607956276011,58607960808822,58607962028955,58607962030103,58607987045571,58607987178664,58607987205627,1542642204,4.5328,1.2201,25.0155,0.1331,0.0270,30.9296,1
936,58607994821837,58607998894664,58607999724056,58607999726630,58608024426801,58608024550690,58608024574894,1753114995,4.0728,0.8294,24.7002,0.1239,0.0242,29.7531,1
937,58608071239782,58608075640685,58608076497984,58608076499484,58608101534545,58608101667304,58608101692582,1875594621,4.4009,0.8573,25.0351,0.1328,0.0253,30.4528,1
938,58608114898883,58608119289915,58608120250622,58608120251919,58608145049553,58608145184164,58608145209479,2151800718,4.3910,0.9607,24.7976,0.1346,0.0253,30.3106,1
939,58608168698998,58608172791992,58608173506661,58608173508198,58608198254869,58608198380055,58608198405036,1224939484,4.0930,0.7147,24.7467,0.1252,0.0250,29.7060,1
940,58608258680412,58608263214297,58608263899317,58608263900225,58608288909897,58608289046471,58608289072249,1087965034,4.5339,0.6850,25.0097,0.1366,0.0258,30.3918,1
941,58608305743783,58608309555425,58608310378409,58608310379576,58608335440747,58608335571637,58608335597841,1502706890,3.8116,0.8230,25.0612,0.1309,0.0262,29.8541,1
942,58608357106057,58608361536089,58608362221962,58608362222795,58608387010651,58608387134374,58608387159652,398528396,4.4300,0.6859,24.7879,0.1237,0.0253,30.0536,1
943,58608444337962,58608448826254,58608449474627,58608449475608,58608474304705,58608474441002,58608474466280,586179029,4.4883,0.6484,24.8291,0.1363,0.0253,30.1283,1
944,58608481449876,58608485820668,58608486433762,58608486434521,58608511196433,58608511328526,58608511354156,586179029,4.3708,0.6131,24.7619,0.1321,0.0256,29.9043,1
945,58608538605298,58608542656829,58608543882962,58608543884111,58608568706763,58608568838560,58608568863912,2996008427,4.0515,1.2261,24.8227,0.1318,0.0254,30.2586,1
946,58608596319017,58608600388271,58608601499460,58608601500626,58608626432279,58608626555576,58608626580983,2996008427,4.0693,1.1112,24.9317,0.1233,0.0254,30.2620,1
947,58608659168586,58608663451896,58608664387122,58608664388010,58608689112533,58608689238385,58608689263589,2996008427,4.2833,0.9352,24.7245,0.1259,0.0252,30.0950,1
948,58608725202851,58608729344975,58608730597275,58608730599998,58608755800781,58608755925282,58608755950096,2996008427,4.1421,1.2523,25.2008,0.1245,0.0248,30.7472,1
949,58608795793222,58608800300496,58608801002313,58608801003350,58608825894614,58608826034466,58608826060522,2996008427,4.5073,0.7018,24.8913,0.1399,0.0261,30.2673,1
950,58608847206996,58608851316713,58608852093271,58608852095252,58608876992461,58608877118961,58608877143739,2996008427,4.1097,0.7766,24.8972,0.1265,0.0248,29.9367,1
951,58608908383097,58608912832074,58608913547206,58608913548410,58608938409655,58608938536026,58608938561619,656798832,4.4490,0.7151,24.8612,0.1264,0.0256,30.1785,1
952,58608977356001,58608981467847,58608982292664,58608982294072,58609007175428,58609007303744,58609007329836,1363160353,4.1118,0.8248,24.8814,0.1283,0.0261,29.9738,1
953,58609039623957,58609043793100,58609044526287,58609044527361,58609069456699,58609069605033,58609069630774,1331309131,4.1691,0.7332,24.9293,0.1483,0.0257,30.0068,1
954,58609093532868,58609097747789,58609098468106,58609098469532,58609123221333,58609123345148,58609123371055,1331309131,4.2149,0.7203,24.7518,0.1238,0.0259,29.8382,1
955,58609155809658,58609160170264,58609160885174,58609160886081,58609185834771,58609185958698,58609185983531,1331309131,4.3606,0.7149,24.9487,0.1239,0.0248,30.1739,1
956,58609248448636,58609252689279,58609253427282,58609253428652,58609278273212,58609278416250,58609278442361,2518387581,4.2406,0.7380,24.8446,0.1430,0.0261,29.9937,1
957,58609296083657,58609300612042,58609301353952,58609301354933,58609326108456,58609326233642,58609326258290,1348535989,4.5284,0.7419,24.7535,0.1252,0.0246,30.1746,1
958,58609362895795,58609367244123,58609367963996,58609367965014,58609393146076,58609393272928,58609393298446,1443529827,4.3483,0.7199,25.1811,0.1269,0.0255,30.4027,1
959,58609439315851,58609443564087,58609444387793,58609444389034,58609469478076,58609469612280,58609469637910,1492837421,4.2482,0.8237,25.0890,0.1342,0.0256,30.3221,1
960,58609482683729,58609487208244,58609488052820,58609488054172,58609512881473,58609513012362,58609513038436,4148344317,4.5245,0.8446,24.8273,0.1309,0.0261,30.3547,1
961,58609527435575,58609531487921,58609532659221,58609532660332,58609557755485,58609557880967,58609557906004,1028034958,4.0523,1.1713,25.0952,0.1255,0.0250,30.4704,1
962,58609591411481,58609596156459,58609596916831,58609596917998,58609621763521,58609621888485,58609621913818,1028034958,4.7450,0.7604,24.8455,0.1250,0.0253,30.5023,1
963,58609666062143,58609670132119,58609671142048,58609671143344,58609696166405,58609696301016,58609696327442,3085645160,4.0700,1.0099,25.0231,0.1346,0.0264,30.2653,1
964,58609714567444,58609718732421,58609719668979,58609719670035,58609744506373,58609744632114,58609744658280,3551756673,4.1650,0.9366,24.8363,0.1257,0.0262,30.0908,1
965,58609805094342,58609809723190,58609810716693,58609810718064,58609835679198,58609835811921,58609835837939,3605021814,4.6288,0.9935,24.9611,0.1327,0.0260,30.7436,1
966,58609853284365,58609857728527,58609858531122,58609858532474,58609883433923,58609883563535,58609883589387,2246665269,4.4442,0.8026,24.9014,0.1296,0.0259,30.3050,1
967,58609900741756,58609904391175,58609905608697,58609905609864,58609930691202,58609930816462,58609930842833,3085892321,3.6494,1.2175,25.0813,0.1253,0.0264,30.1011,1
968,58609976666663,58609981067640,58609982085939,58609982087198,58610006954888,58610007079833,58610007104629,3226756378,4.4010,1.0183,24.8677,0.1249,0.0248,30.4380,1
969,58610053342794,58610057457733,58610058610607,58610058612126,58610083703890,58610083832817,58610083858928,1566099364,4.1149,1.1529,25.0918,0.1289,0.0261,30.5161,1
970,58610101656318,58610105680867,58610106917779,58610106920538,58610131960321,58610132103858,58610132129673,1847553112,4.0245,1.2369,25.0398,0.1435,0.0258,30.4734,1
971,58610164657609,58610168776382,58610170063719,58610170064997,58610195097965,58610195246188,58610195271706,1071381349,4.1188,1.2873,25.0330,0.1482,0.0255,30.6141,1
972,58610211779240,58610215603771,58610216951256,58610216952812,58610241978502,58610242101558,58610242126299,605705594,3.8245,1.3475,25.0257,0.1231,0.0247,30.3471,1
973,58610278186747,58610282141241,58610283395819,58610283397115,58610307996656,58610308132378,58610308157323,696876611,3.9545,1.2546,24.5995,0.1357,0.0249,29.9706,1
974,58610349611084,58610353498485,58610355436287,58610355437472,58610380178569,58610380312810,58610380338922,3562363179,3.8874,1.9378,24.7411,0.1342,0.0261,30.7278,1
975,58610399967354,58610403809681,58610405352705,58610405354038,58610430474895,58610430599581,58610430625062,1249689338,3.8423,1.5430,25.1209,0.1247,0.0255,30.6577,1
976,58610492056960,58610496750809,58610498099461,58610498101628,58610523862005,58610524108988,58610524156395,2333701399,4.6938,1.3487,25.7604,0.2470,0.0474,32.0994,1
977,58610520054827,58610527523924,58610528596743,58610528598613,58610553579674,58610553702304,58610553727137,3104714125,7.4691,1.0728,24.9811,0.1226,0.0248,33.6723,1
978,58610588886193,58610593101965,58610594064931,58610594066450,58610619070214,58610619202289,58610619228141,3104714125,4.2158,0.9630,25.0038,0.1321,0.0259,30.3419,1
979,58610642794974,58610647157896,58610648079880,58610648081287,58610673022422,58610673149682,58610673174848,3104714125,4.3629,0.9220,24.9411,0.1273,0.0252,30.3799,1
980,58610706783214,58610710641319,58610711515285,58610711516340,58610736447252,58610736575493,58610736600549,3104714125,3.8581,0.8740,24.9309,0.1282,0.0251,29.8173,1
981,58610772823497,58610778075032,58610778876275,58610778877275,58610803573483,58610803699780,58610803724891,3104714125,5.2515,0.8012,24.6962,0.1263,0.0251,30.9014,1
982,58610837501294,58610841935827,58610842878404,58610842880404,58610867985020,58610868129725,58610868155836,3104714125,4.4345,0.9426,25.1046,0.1447,0.0261,30.6545,1
983,58610892790525,58610898049745,58610898694544,58610898695673,58610923330566,58610923455826,58610923485159,3104714125,5.2592,0.6448,24.6349,0.1253,0.0293,30.6946,1
984,58610991963876,58610997754542,58610999137732,58610999139473,58611028155009,58611028312232,58611028366065,2004901264,5.7907,1.3832,29.0155,0.1572,0.0538,36.4022,1
985,58611025729205,58611031793743,58611033046635,58611033047913,58611058252308,58611058378697,58611058403919,139784920,6.0645,1.2529,25.2044,0.1264,0.0252,32.6747,1
986,58611088133532,58611092291341,58611093597753,58611093599272,58611118396220,58611118522554,58611118547795,3776811321,4.1578,1.3064,24.7969,0.1263,0.0252,30.4143,1
987,58611160417816,58611165334795,58611166080279,58611166081557,58611190860246,58611190991450,58611191018117,2224581822,4.9170,0.7455,24.7787,0.1312,0.0267,30.6003,1
988,58611212691741,58611217090811,58611218497334,58611218499315,58611243426449,58611243554450,58611243579839,1623813218,4.3991,1.4065,24.9271,0.1280,0.0254,30.8881,1
989,58611271121519,58611275836959,58611278398412,58611278401023,58611303424176,58611303544658,58611303569806,2978352453,4.7154,2.5615,25.0232,0.1205,0.0251,32.4483,1
990,58611360291505,58611366356524,58611367405583,58611367407879,58611392795496,58611392928812,58611392955200,3525293762,6.0650,1.0491,25.3876,0.1333,0.0264,32.6637,1
991,58611400859874,58611406606003,58611407347635,58611407348635,58611432149769,58611432275955,58611432302510,3525293762,5.7461,0.7416,24.8011,0.1262,0.0266,31.4426,1
992,58611458461334,58611462922237,58611463559257,58611463560165,58611488123687,58611488250132,58611488275261,3493322632,4.4609,0.6370,24.5635,0.1264,0.0251,29.8139,1
993,58611536987323,58611541059854,58611541967728,58611541969283,58611566774677,58611566906529,58611566932418,3231738347,4.0725,0.9079,24.8054,0.1319,0.0259,29.9451,1
994,58611578508325,58611582579078,58611583563267,58611583564230,58611608511216,58611608639031,58611608664902,2423668661,4.0708,0.9842,24.9470,0.1278,0.0259,30.1566,1
995,58611672435215,58611676498468,58611677653287,58611677654694,58611702661366,58611702790014,58611702815755,1944893672,4.0633,1.1548,25.0067,0.1286,0.0257,30.3805,1
996,58611719364345,58611723566062,58611724522065,58611724523361,58611749347069,58611749478884,58611749504051,2522652979,4.2017,0.9560,24.8237,0.1318,0.0252,30.1397,1
997,58611766382327,58611770228154,58611771151138,58611771152749,58611795941772,58611796078662,58611796103569,4038121403,3.8458,0.9230,24.7890,0.1369,0.0249,29.7212,1
998,58611838907445,58611843767738,58611844700501,58611844701741,58611869788284,58611869930395,58611869960155,781481539,4.8603,0.9328,25.0865,0.1421,0.0298,31.0527,1
999,58611922012801,58611927482226,58611928197969,58611928199135,58611953010269,58611953170603,58611953200566,1970997453,5.4694,0.7157,24.8111,0.1603,0.0300,31.1878,1
1000,58611966071940,58611970697455,58611971467643,58611971468902,58611996813556,58611996964112,58611996994501,971141406,4.6255,0.7702,25.3447,0.1506,0.0304,30.9226,1
1001,58612016670693,58612021474801,58612022194785,58612022195822,58612047031623,58612047171123,58612047199753,2318844919,4.8041,0.7200,24.8358,0.1395,0.0286,30.5291,1
1002,58612086025653,58612090930669,58612091829894,58612091831227,58612116805621,58612116948881,58612116977881,3553845986,4.9050,0.8992,24.9744,0.1433,0.0290,30.9522,1
1003,58612156292968,58612160802205,58612161691523,58612161692893,58612186606768,58612186746046,58612186774713,782638712,4.5092,0.8893,24.9139,0.1393,0.0287,30.4817,1
1004,58612212872092,58612217641237,58612218383795,58612218385072,58612243242966,58612243404466,58612243434541,3887616012,4.7691,0.7426,24.8579,0.1615,0.0301,30.5624,1
1005,58612267896118,58612273231598,58612273884952,58612273886230,58612298875457,58612299018791,58612299048217,1097825006,5.3355,0.6534,24.9892,0.1433,0.0294,31.1521,1
1006,58612357709532,58612362002212,58612363095734,58612363098734,58612392762347,58612392913477,58612392942903,2502369952,4.2927,1.0935,29.6636,0.1511,0.0294,35.2334,1
1007,58612387952165,58612396955360,58612397667918,58612397669121,58612422880886,58612423038646,58612423068887,2502369952,9.0032,0.7126,25.2118,0.1578,0.0302,35.1167,1
1008,58612449960250,58612454984525,58612456083584,58612456084880,58612480922959,58612481063163,58612481091478,1757607427,5.0243,1.0991,24.8381,0.1402,0.0283,31.1312,1
1009,58612527278050,58612533292717,58612534109516,58612534110757,58612559064003,58612559213596,58612559243836,240410823,6.0147,0.8168,24.9532,0.1496,0.0302,31.9658,1
1010,58612574646700,58612580760479,58612581444629,58612581445555,58612606338023,58612606482745,58612606513079,2165437077,6.1138,0.6842,24.8925,0.1447,0.0303,31.8664,1
1011,58612661012659,58612665722044,58612666769973,58612666770936,58612692070183,58612692217331,58612692246369,145058352,4.7094,1.0479,25.2992,0.1471,0.0290,31.2337,1
1012,58612710554056,58612715119478,58612716264556,58612716266185,58612741161246,58612741312320,58612741343098,2226406567,4.5654,1.1451,24.8951,0.1511,0.0308,30.7890,1
1013,58612759817934,58612765007932,58612765729749,58612765730805,58612790743292,58612790884607,58612790914218,2493951795,5.1900,0.7218,25.0125,0.1413,0.0296,31.0963,1
1014,58612843538403,58612848701382,58612849452570,58612849453718,58612874254000,58612874395742,58612874425093,2139221053,5.1630,0.7512,24.8003,0.1417,0.0294,30.8867,1
1015,58612914251145,58612919492940,58612920451813,58612920453091,58612945369411,58612945521467,58612945551837,2992153761,5.2418,0.9589,24.9163,0.1521,0.0304,31.3007,1
1016,58612958063136,58612962780577,58612963920821,58612963922155,58612988945382,58612989088697,58612989118031,1310151737,4.7174,1.1402,25.0232,0.1433,0.0293,31.0549,1
1017,58613020136851,58613024627439,58613025883036,58613025884999,58613051021486,58613051177838,58613051207246,4283117346,4.4906,1.2556,25.1365,0.1564,0.0294,31.0704,1
1018,58613068457078,58613074147281,58613075196803,58613075198414,58613100263105,58613100404957,58613100434179,3573402679,5.6902,1.0495,25.0647,0.1419,0.0292,31.9771,1
1019,58613132360706,58613138473633,58613139205395,58613139206784,58613164175511,58613164312326,58613164340956,661261002,6.1129,0.7318,24.9687,0.1368,0.0286,31.9803,1
1020,58613222408806,58613227832583,58613228639863,58613228640937,58613253678461,58613253861295,58613253893554,3272872243,5.4238,0.8073,25.0375,0.1828,0.0323,31.4847,1
1021,58613260870058,58613265913833,58613266687261,58613266688150,58613291731915,58613291877508,58613291908304,3272872243,5.0438,0.7734,25.0438,0.1456,0.0308,31.0382,1
1022,58613334852384,58613340503013,58613341209812,58613341210775,58613366131613,58613366279614,58613366309317,3921311185,5.6506,0.7068,24.9208,0.1480,0.0297,31.4569,1
1023,58613389649391,58613394814296,58613395574614,58613395575984,58613420807712,58613420962027,58613420996139,1627916147,5.1649,0.7603,25.2317,0.1543,0.0341,31.3467,1
1024,58613453243815,58613459545372,58613460222189,58613460223392,58613485337879,58613485477565,58613485506954,3863476500,6.3016,0.6768,25.1145,0.1397,0.0294,32.2631,1
1025,58613537651452,58613542761820,58613543458563,58613543459600,58613568460902,58613568610458,58613568641402,4162689883,5.1104,0.6967,25.0013,0.1496,0.0309,30.9900,1
1026,58613586041143,58613591713716,58613592347403,58613592348477,58613617322723,58613617487242,58613617518279,1061964278,5.6726,0.6337,24.9742,0.1645,0.0310,31.4771,1
1027,58613638156622,58613643582121,58613644311957,58613644313327,58613669294647,58613669448147,58613669478722,2952226631,5.4255,0.7298,24.9813,0.1535,0.0306,31.3221,1
1028,58613700526968,58613705276039,58613705973633,58613705975078,58613730947638,58613731087805,58613731116250,2540179712,4.7491,0.6976,24.9726,0.1402,0.0284,30.5893,1
1029,58613790323475,58613795384491,58613796788458,58613796792254,58613822371057,58613822596021,58613822637447,1107248066,5.0610,1.4040,25.5788,0.2250,0.0414,32.3140,1
1030,58613819775438,58613827396555,58613829176560,58613829177968,58613854272344,58613854414918,58613854444178,1107248066,7.6211,1.7800,25.0944,0.1426,0.0293,34.6687,1
1031,58613885232275,58613890823756,58613891508813,58613891510017,58613916235762,58613916380892,58613916412059,2863762867,5.5915,0.6851,24.7257,0.1451,0.0312,31.1798,1
1032,58613947248231,58613952126598,58613953259509,58613953260861,58613977982587,58613978121588,58613978150865,1812973581,4.8784,1.1329,24.7217,0.1390,0.0293,30.9026,1
1033,58614034900249,58614039780709,58614040600397,58614040601674,58614065565124,58614065716958,58614065746828,1232098286,4.8805,0.8197,24.9635,0.1518,0.0299,30.8466,1
1034,58614073220815,58614078410516,58614079220037,58614079220945,58614104244783,58614104390969,58614104421006,1232098286,5.1897,0.8095,25.0238,0.1462,0.0300,31.2002,1
1035,58614147716995,58614152342658,58614153630310,58614153631977,58614178579056,58614178724334,58614178760186,4023583808,4.6257,1.2877,24.9471,0.1453,0.0359,31.0432,1
1036,58614195026608,58614199563011,58614200552347,58614200553996,58614225750372,58614225887965,58614225917631,3292491397,4.5364,0.9893,25.1964,0.1376,0.0297,30.8910,1
1037,58614258271882,58614263986067,58614264946792,58614264948477,58614289960279,58614290099964,58614290129261,3491088256,5.7142,0.9607,25.0118,0.1397,0.0293,31.8574,1
1038,58614335122144,58614340657550,58614341366886,58614341368275,58614366383317,58614366534632,58614366566410,3092024886,5.5354,0.7093,25.0150,0.1513,0.0318,31.4443,1
1039,58614381610828,58614386455658,58614387526013,58614387527625,58614412775890,58614412920131,58614412950205,752000140,4.8448,1.0704,25.2483,0.1442,0.0301,31.3394,1
1040,58614443322579,58614448358725,58614449215246,58614449216690,58614474133325,58614474275936,58614474304640,4191812007,5.0361,0.8565,24.9166,0.1426,0.0287,30.9821,1
1041,58614522651386,58614528090088,58614528782701,58614528783609,58614554175967,58614554328838,58614554357986,544501567,5.4387,0.6926,25.3924,0.1529,0.0291,31.7066,1
1042,58614562747068,58614568174345,58614568768958,58614568769698,58614593786833,58614593932408,58614593962630,1989440435,5.4273,0.5946,25.0171,0.1456,0.0302,31.2156,1
1043,58614629838151,58614634567833,58614635566669,58614635568132,58614660140265,58614660277062,58614660305785,4159276954,4.7297,0.9988,24.5721,0.1368,0.0287,30.4676,1
1044,58614704876926,58614710940278,58614711513521,58614711514447,58614736214803,58614736355840,58614736383822,127285588,6.0634,0.5732,24.7004,0.1410,0.0280,31.5069,1
1045,58614751047146,58614756640478,58614757203239,58614757204054,58614781991596,58614782128392,58614782156689,13635838,5.5933,0.5628,24.7875,0.1368,0.0283,31.1095,1
1046,58614841867026,58614846337448,58614847132654,58614847133932,58614872110918,58614872265585,58614872296345,2906988530,4.4704,0.7952,24.9770,0.1547,0.0308,30.4293,1
1047,58614881835245,58614886691464,58614887452615,58614887453893,58614912608028,58614912754065,58614912785158,2906988530,4.8562,0.7612,25.1541,0.1460,0.0311,30.9499,1
1048,58614970223303,58614975090892,58614975786728,58614975788617,58615001097271,58615001245197,58615001274605,2428076203,4.8676,0.6958,25.3087,0.1479,0.0294,31.0513,1
1049,58615014197850,58615018743938,58615019483255,58615019484737,58615044853558,58615044999355,58615045029355,3849412835,4.5461,0.7393,25.3688,0.1458,0.0300,30.8315,1
1050,58615064287249,58615068615355,58615069918600,58615069920193,58615095144865,58615095289847,58615095419644,679418283,4.3281,1.3032,25.2247,0.1450,0.1298,31.1324,1
1051,58615123386269,58615129581919,58615130349384,58615130350477,58615154981851,58615155124240,58615155154592,2599055912,6.1956,0.7675,24.6314,0.1424,0.0304,31.7683,1
1052,58615203906932,58615209082670,58615209870025,58615209871080,58615234872159,58615235036530,58615235067253,3526259108,5.1757,0.7874,25.0011,0.1644,0.0307,31.1603,1
1053,58615253992553,58615258369975,58615259340737,58615259342181,58615284217686,58615284357353,58615284386872,1934375571,4.3774,0.9708,24.8755,0.1397,0.0295,30.3943,1
1054,58615338400802,58615343362559,58615343944746,58615343945838,58615369064510,58615369215455,58615369246400,994711889,4.9618,0.5822,25.1187,0.1509,0.0309,30.8456,1
1055,58615377072499,58615382921850,58615383657890,58615383659038,58615408749599,58615408893859,58615408924322,465464572,5.8494,0.7360,25.0906,0.1443,0.0305,31.8518,1
1056,58615451541623,58615456496806,58615457200215,58615457201697,58615482147165,58615482288017,58615482317184,151458328,4.9552,0.7034,24.9455,0.1409,0.0292,30.7756,1
1057,58615513283800,58615518142575,58615518760447,58615518761503,58615543739212,58615543888879,58615543924305,1769717201,4.8588,0.6179,24.9777,0.1497,0.0354,30.6405,1
1058,58615560719951,58615565506243,58615566213301,58615566214616,58615591147788,58615591289140,58615591320121,4141793350,4.7863,0.7071,24.9332,0.1414,0.0310,30.6002,1
1059,58615641631318,58615646027647,58615646980835,58615646982501,58615672026581,58615672170859,58615672200285,2054850240,4.3963,0.9532,25.0441,0.1443,0.0294,30.5690,1
1060,58615698218016,58615703302365,58615704487739,58615704489184,58615729361799,58615729507355,58615729536707,1215478366,5.0843,1.1854,24.8726,0.1456,0.0294,31.3187,1
1061,58615744845515,58615749335603,58615750129717,58615750130717,58615775243611,58615775382538,58615775412001,828506290,4.4901,0.7941,25.1129,0.1389,0.0295,30.5665,1
1062,58615836398083,58615841235172,58615842048971,58615842050156,58615867002420,58615867154588,58615867185365,1450994091,4.8371,0.8138,24.9523,0.1522,0.0308,30.7873,1
1063,58615870908285,58615875772356,58615876752544,58615876753785,58615901811938,58615901958883,58615901988142,1450994091,4.8641,0.9802,25.0582,0.1469,0.0293,31.0799,1
1064,58615939031204,58615943800608,58615944471258,58615944472166,58615969241003,58615969382763,58615969411800,345624119,4.7694,0.6706,24.7688,0.1418,0.0290,30.3806,1
1065,58616011104877,58616015652373,58616017104803,58616017106377,58616042338272,58616042485180,58616042514143,2355724687,4.5475,1.4524,25.2319,0.1469,0.0290,31.4093,1
1066,58616057988822,58616062752855,58616063489006,58616063490320,58616088529418,58616088664234,58616088692308,327800587,4.7640,0.7362,25.0391,0.1348,0.0281,30.7035,1
1067,58616146631658,58616151838211,58616152873974,58616152875770,58616178084720,58616178240814,58616178271240,243229702,5.2066,1.0358,25.2090,0.1561,0.0304,31.6396,1
1068,58616194064919,58616199069491,58616199795604,58616199796697,58616225088703,58616225237666,58616225268092,4196084634,5.0046,0.7261,25.2920,0.1490,0.0304,31.2032,1
1069,58616254487314,58616259318163,58616260039924,58616260041258,58616285001929,58616285135152,58616285162448,882955625,4.8308,0.7218,24.9607,0.1332,0.0273,30.6751,1
1070,58616322489937,58616327100322,58616327810009,58616327811398,58616353092645,58616353244683,58616353275720,1752734054,4.6104,0.7097,25.2812,0.1520,0.0310,30.7858,1
1071,58616367758247,58616373008671,58616373673395,58616373674469,58616398686678,58616398830994,58616398860586,1507129583,5.2504,0.6647,25.0122,0.1443,0.0296,31.1023,1
1072,58616453297685,58616458022903,58616458683887,58616458684979,58616483889041,58616484053967,58616484084115,3461386504,4.7252,0.6610,25.2041,0.1649,0.0301,30.7864,1
1073,58616492407512,58616497937567,58616498898496,58616498900125,58616523787130,58616523932686,58616523962871,3461386504,5.5301,0.9609,24.8870,0.1456,0.0302,31.5554,1
1074,58616550847605,58616555776602,58616556725957,58616556727179,58616581744258,58616581884610,58616581913444,1157960375,4.9290,0.9494,25.0171,0.1404,0.0288,31.0658,1
1075,58616615258920,58616620453270,58616621170864,58616621171938,58616646265981,58616646403204,58616646431667,1401067796,5.1944,0.7176,25.0940,0.1372,0.0285,31.1727,1
1076,58616677226338,58616681926223,58616682633281,58616682634800,58616707641398,58616707780676,58616707808861,724156371,4.6999,0.7071,25.0066,0.1393,0.0282,30.5825,1
1077,58616750847960,58616756017384,58616756738423,58616756739497,58616781766355,58616781915355,58616781945114,2634349008,5.1694,0.7210,25.0269,0.1490,0.0298,31.0972,1
1078,58616795864640,58616801319861,58616802006159,58616802007437,58616826877312,58616827019442,58616827049498,2605486020,5.4552,0.6863,24.8699,0.1421,0.0301,31.1849,1
1079,58616896289402,58616903209443,58616904095168,58616904096686,58616929520582,58616929761490,58616929797342,292060861,6.9200,0.8857,25.4239,0.2409,0.0359,33.5079,1
1080,58616927535575,58616934770209,58616935414249,58616935415212,58616960479828,58616960629495,58616960659754,292060861,7.2346,0.6440,25.0646,0.1497,0.0303,33.1242,1
1081,58616984150903,58616989994644,58616990676461,58616990677331,58617015481724,58617015624095,58617015652521,1632668687,5.8437,0.6818,24.8044,0.1424,0.0284,31.5016,1
1082,58617075083302,58617079741558,58617080828580,58617080832024,58617106444087,58617106594513,58617106632235,2970147382,4.6583,1.0870,25.6121,0.1504,0.0377,31.5489,1
1083,58617109748745,58617113965870,58617114911762,58617114913373,58617139866933,58617140024804,58617140053693,2970147382,4.2171,0.9459,24.9536,0.1579,0.0289,30.3049,1
1084,58617186119839,58617190950743,58617191749079,58617191750412,58617216598787,58617216745251,58617216774066,3227066968,4.8309,0.7983,24.8484,0.1465,0.0288,30.6542,1
1085,58617232572523,58617239064081,58617239716694,58617239717527,58617265008885,58617265153626,58617265184441,4267320329,6.4916,0.6526,25.2914,0.1447,0.0308,32.6119,1
1086,58617302745023,58617309629397,58617310369788,58617310370825,58617335490923,58617335628127,58617335657053,4210363940,6.8844,0.7404,25.1201,0.1372,0.0289,32.9120,1
1087,58617369405864,58617374182157,58617374767066,58617374767844,58617399414366,58617399574867,58617399604867,562501058,4.7763,0.5849,24.6465,0.1605,0.0300,30.1990,1
1088,58617413060724,58617417983870,58617418829243,58617418830595,58617443922322,58617444073786,58617444103952,2388450671,4.9231,0.8454,25.0917,0.1515,0.0302,31.0432,1
1089,58617504562218,58617511318554,58617511921334,58617511922482,58617536929857,58617537081673,58617537112321,469442139,6.7563,0.6028,25.0074,0.1518,0.0306,32.5501,1
1090,58617545392014,58617551361607,58617552170239,58617552171350,58617576984429,58617577127892,58617577156855,469442139,5.9696,0.8086,24.8131,0.1435,0.0290,31.7648,1
1091,58617632257622,58617637421805,58617638105622,58617638106659,58617662775460,58617662921145,58617662952108,581029152,5.1642,0.6838,24.6688,0.1457,0.0310,30.6945,1
1092,58617678880066,58617683737137,58617684677214,58617684678677,58617709777998,58617709927220,58617709958257,1402184718,4.8571,0.9401,25.0993,0.1492,0.0310,31.0782,1
1093,58617728862669,58617733983019,58617734651187,58617734652095,58617759716304,58617759855786,58617759884416,1576636967,5.1204,0.6682,25.0642,0.1395,0.0286,31.0217,1
1094,58617819998402,58617824801751,58617825551938,58617825553179,58617850728203,58617850872778,58617850902704,3101144188,4.8033,0.7502,25.1750,0.1446,0.0299,30.9043,1
1095,58617864194579,58617869703337,58617870291673,58617870292710,58617895165918,58617895310807,58617895340456,574172681,5.5088,0.5883,24.8732,0.1449,0.0296,31.1459,1
1096,58617912160824,58617916982543,58617917599452,58617917600304,58617942367049,58617942502531,58617942529753,2931908502,4.8217,0.6169,24.7667,0.1355,0.0272,30.3689,1
1097,58617997331982,58618002266443,58618003004741,58618003005889,58618027683764,58618027840172,58618027869246,1610708492,4.9345,0.7383,24.6779,0.1564,0.0291,30.5373,1
1098,58618036969015,58618042698441,58618043389591,58618043390684,58618068140966,58618068283559,58618068314004,863893395,5.7294,0.6912,24.7503,0.1426,0.0304,31.3450,1
1099,58618124760497,58618129641216,58618130333589,58618130334848,58618155237242,58618155382131,58618155411854,3283451520,4.8807,0.6924,24.9024,0.1449,0.0297,30.6514,1
1100,58618161354872,58618166257388,58618166910353,58618166911464,58618191736135,58618191884043,58618191912784,3283451520,4.9025,0.6530,24.8247,0.1479,0.0287,30.5579,1
1101,58618220333911,58618225045926,58618225735336,58618225736391,58618250528173,58618250668229,58618250697063,445319510,4.7120,0.6894,24.7918,0.1401,0.0288,30.3632,1
1102,58618286978363,58618291645267,58618292537825,58618292539084,58618317539108,58618317685812,58618317715386,1862050469,4.6669,0.8926,25.0000,0.1467,0.0296,30.7370,1
1103,58618346231254,58618351335030,58618351944513,58618351945624,58618376904537,58618377046537,58618377076797,3799524657,5.1038,0.6095,24.9589,0.1420,0.0303,30.8455,1
1104,58618422071680,58618426956936,58618427729383,58618427730624,58618453063019,58618453209241,58618453237353,2750560631,4.8853,0.7724,25.3324,0.1462,0.0281,31.1657,1
1105,58618472081005,58618477044428,58618477906653,58618477907764,58618502655583,58618502795695,58618502824139,1608141168,4.9634,0.8622,24.7478,0.1401,0.0284,30.7431,1
1106,58618533088365,58618537879232,58618538531345,58618538532623,58618563297035,58618563435220,58618563464424,2028036262,4.7909,0.6521,24.7644,0.1382,0.0292,30.3761,1
1107,58618611683743,58618616605352,58618617299169,58618617300317,58618642423433,58618642576712,58618642606601,2890315467,4.9216,0.6938,25.1231,0.1533,0.0299,30.9229,1
1108,58618655508493,58618659680081,58618660823436,58618660825047,58618685944756,58618686086238,58618686115424,946703265,4.1716,1.1434,25.1197,0.1415,0.0292,30.6069,1
1109,58618747135413,58618751926317,58618752815690,58618752817042,58618777982678,58618778142123,58618778173678,850177731,4.7909,0.8894,25.1656,0.1594,0.0316,31.0383,1
1110,58618782779156,58618787697912,58618788525396,58618788527174,58618813725865,58618813870958,58618813900254,850177731,4.9188,0.8275,25.1987,0.1451,0.0293,31.1211,1
1111,58618876483064,58618881555395,58618882306601,58618882307749,58618907248828,58618907412569,58618907442458,2568429601,5.0723,0.7512,24.9411,0.1637,0.0299,30.9594,1
1112,58618922202079,58618926939798,58618927882819,58618927884523,58618952967991,58618953121529,58618953160566,4017264607,4.7377,0.9430,25.0835,0.1535,0.0390,30.9585,1
1113,58618971568939,58618977177179,58618977847996,58618977849144,58619002709223,58619002852168,58619002881353,3154892010,5.6082,0.6708,24.8601,0.1429,0.0292,31.3124,1
1114,58619064497863,58619071152329,58619071994572,58619071995646,58619097396245,58619097562523,58619097595227,2241723805,6.6545,0.8422,25.4006,0.1663,0.0327,33.0974,1
1115,58619095059978,58619102394983,58619103079726,58619103080985,58619127942768,58619128428936,58619128460473,2696309214,7.3350,0.6847,24.8618,0.4862,0.0315,33.4005,1
1116,58619173014540,58619177677481,58619178548354,58619178549428,58619204336880,58619204606011,58619204678104,611957902,4.6629,0.8709,25.7875,0.2691,0.0721,31.6636,1
1117,58619217347977,58619222945476,58619223998091,58619223999850,58619249043892,58619249190522,58619249219319,3750896868,5.5975,1.0526,25.0440,0.1466,0.0288,31.8713,1
1118,58619284451727,58619287766904,58619288958315,58619288959482,58619314272321,58619314423581,58619314452211,1902915917,3.3152,1.1914,25.3128,0.1513,0.0286,30.0005,1
1119,58619345731143,58619349262136,58619349908675,58619349910286,58619374858976,58619375002513,58619375030199,1928417533,3.5310,0.6465,24.9487,0.1435,0.0277,29.2991,1
1120,58619392190994,58619395692986,58619396489785,58619396491156,58619421732532,58619421854051,58619421879051,4140267357,3.5020,0.7968,25.2414,0.1215,0.0250,29.6881,1
1121,58619472953453,58619478519860,58619479205381,58619479206492,58619504166663,58619504603906,58619504639683,2088085743,5.5664,0.6855,24.9602,0.4372,0.0358,31.6862,1
1122,58619531150175,58619535368318,58619536240709,58619536241876,58619561217585,58619561342678,58619561368715,1457733445,4.2181,0.8724,24.9757,0.1251,0.0260,30.2185,1
1123,58619598463629,58619602679420,58619603273218,58619603273977,58619628236168,58619628360001,58619628386020,673700664,4.2158,0.5938,24.9622,0.1238,0.0260,29.9224,1
1124,58619667710848,58619671449267,58619672232381,58619672233307,58619696824292,58619696971571,58619696998534,503466083,3.7384,0.7831,24.5910,0.1473,0.0270,29.2877,1
1125,58619700193692,58619703475517,58619704382724,58619704383798,58619729212895,58619729336340,58619729361840,2608443391,3.2818,0.9072,24.8291,0.1234,0.0255,29.1681,1
1126,58619793850618,58619797988372,58619798598744,58619798599744,58619823572379,58619823697102,58619823722176,3854076887,4.1378,0.6104,24.9726,0.1247,0.0251,29.8716,1
1127,58619857591413,58619861465536,58619862167464,58619862169075,58619886837524,58619886967006,58619886993099,4086226262,3.8741,0.7019,24.6684,0.1295,0.0261,29.4017,1
1128,58619901562422,58619905034193,58619905697324,58619905698158,58619930839497,58619930966090,58619930991571,840513203,3.4718,0.6631,25.1413,0.1266,0.0255,29.4291,1
1129,58619962027707,58619965853330,58619966991185,58619966992241,58619992114802,58619992278303,58619992307673,49344050,3.8256,1.1379,25.1226,0.1635,0.0294,30.2800,1
1130,58620012642256,58620016549361,58620017860902,58620017862310,58620042861222,58620042987685,58620043013537,2700832753,3.9071,1.3115,24.9989,0.1265,0.0259,30.3713,1
1131,58620101361759,58620105476624,58620106089793,58620106090774,58620130989298,58620131131724,58620131159946,1623387227,4.1149,0.6132,24.8985,0.1424,0.0282,29.7982,1
1132,58620143635097,58620147082256,58620147754091,58620147754925,58620172441670,58620172567300,58620172593763,1297234279,3.4472,0.6718,24.6867,0.1256,0.0265,28.9587,1
1133,58620234650219,58620238703472,58620239507012,58620239508178,58620264566665,58620264697499,58620264723758,2508903344,4.0533,0.8035,25.0585,0.1308,0.0263,30.0735,1
1134,58620279184341,58620282763297,58620283399114,58620283399947,58620308517453,58620308649157,58620308675231,3589564165,3.5790,0.6358,25.1175,0.1317,0.0261,29.4909,1
1135,58620324151298,58620327816903,58620328507497,58620328508294,58620353307391,58620353435262,58620353460854,3196683434,3.6656,0.6906,24.7991,0.1279,0.0256,29.3096,1
1136,58620385557456,58620389733117,58620390345434,58620390346786,58620415096550,58620415221550,58620415246532,1473709132,4.1757,0.6123,24.7498,0.1250,0.0250,29.6891,1
1137,58620449817289,58620453332337,58620453915932,58620453916802,58620478663270,58620478788566,58620478814900,4238234016,3.5150,0.5836,24.7465,0.1253,0.0263,28.9976,1
1138,58620540274650,58620544085236,58620544743534,58620544744349,58620569547428,58620569697280,58620569724336,544843546,3.8106,0.6583,24.8031,0.1499,0.0271,29.4497,1
1139,58620584992366,58620589201731,58620589875770,58620589876826,58620614848664,58620614974609,58620614999702,747118716,4.2094,0.6740,24.9718,0.1259,0.0251,30.0073,1
1140,58620639415075,58620643864719,58620644628758,58620644630314,58620669946950,58620670066469,58620670091876,3848443619,4.4496,0.7640,25.3166,0.1195,0.0254,30.6768,1
1141,58620728541043,58620732509000,58620733144817,58620733145817,58620757674802,58620757817691,58620757843543,2476819207,3.9680,0.6358,24.5290,0.1429,0.0259,29.3025,1
1142,58620772110366,58620776346305,58620776951418,58620776952067,58620801997572,58620802123461,58620802153739,3278004629,4.2359,0.6051,25.0455,0.1259,0.0303,30.0434,1
1143,58620819650331,58620823806067,58620824363087,58620824363809,58620849153629,58620849286814,58620849312629,3278004629,4.1557,0.5570,24.7898,0.1332,0.0258,29.6623,1
1144,58620882607290,58620885995282,58620886702637,58620886703988,58620911225677,58620911351104,58620911375844,3444701549,3.3880,0.7074,24.5217,0.1254,0.0247,28.7686,1
1145,58620948929074,58620953019569,58620953633867,58620953634830,58620978548446,58620978672058,58620978697558,3659939075,4.0905,0.6143,24.9136,0.1236,0.0255,29.7685,1
1146,58621014006336,58621018212516,58621018784722,58621018785666,58621043553152,58621043677171,58621043702893,3659939075,4.2062,0.5722,24.7675,0.1240,0.0257,29.6966,1
1147,58621069687605,58621073751989,58621074365787,58621074366731,58621099122939,58621099246977,58621099272477,3403881621,4.0644,0.6138,24.7562,0.1240,0.0255,29.5849,1
1148,58621145991810,58621149736081,58621150454750,58621150455861,58621175008365,58621175167310,58621175194680,4169751209,3.7443,0.7187,24.5525,0.1589,0.0274,29.2029,1
1149,58621204522366,58621209424974,58621209990550,58621209991513,58621236440523,58621236610931,58621236643005,2876154374,4.9026,0.5656,26.4490,0.1704,0.0321,32.1206,1
