frame,ts_capture,ts_yolo_shm_read,ts_yolo_preprocess_done,ts_inference_start,ts_inference_done,ts_nms_done,ts_yolo_shm_write,frame_hash,capture_read_ms,preprocess_ms,inference_ms,nms_ms,shmwrite_ms,e2e_capture_to_commit_ms,n_dets
1,12815067274783,12815074680515,12815075462555,12815075466907,12815095738093,12815096047983,12815096125799,246501906,7.4057,0.7820,20.2712,0.3099,0.0778,28.8510,3
2,12815090285332,12815101154466,12815101767690,12815101768653,12815118021899,12815118170362,12815118214159,246501906,10.8691,0.6132,16.2532,0.1485,0.0438,27.9288,3
3,12815154522720,12815158573865,12815159237460,12815159238997,12815175963541,12815176166894,12815176203023,246501906,4.0511,0.6636,16.7245,0.2034,0.0361,21.6803,3
4,12815173426365,12815179755648,12815180339946,12815180340835,12815196691841,12815196843675,12815196876064,246501906,6.3293,0.5843,16.3510,0.1518,0.0324,23.4497,3
5,12815216820064,12815220614837,12815221067580,12815221068580,12815237499419,12815237640382,12815237672531,246501906,3.7948,0.4527,16.4308,0.1410,0.0321,20.8525,3
6,12815273779980,12815277108493,12815277691217,12815277692032,12815293957296,12815294097149,12815294126593,246501906,3.3285,0.5827,16.2653,0.1399,0.0294,20.3466,3
7,12815330158061,12815333454870,12815333979650,12815333980242,12815350396322,12815350576545,12815350610101,246501906,3.2968,0.5248,16.4161,0.1802,0.0336,20.4520,3
8,12815366864365,12815370865695,12815371553419,12815371554345,12815388065351,12815388220389,12815388249260,2425169191,4.0013,0.6877,16.5110,0.1550,0.0289,21.3849,3
9,12815438589707,12815441846274,12815442310998,12815442311406,12815458694837,12815458821245,12815458850690,2425169191,3.2566,0.4647,16.3834,0.1264,0.0294,20.2610,3
10,12815487547278,12815491016643,12815491655998,12815491656683,12815508218504,12815508366078,12815508396301,2936694945,3.4694,0.6394,16.5618,0.1476,0.0302,20.8490,3
11,12815522980522,12815526501387,12815527107130,12815527107871,12815543390117,12815543537432,12815543569265,2478452997,3.5209,0.6057,16.2822,0.1473,0.0318,20.5887,3
12,12815610457404,12815613846306,12815614537919,12815614538919,12815631079981,12815631226074,12815631258945,526892266,3.3889,0.6916,16.5411,0.1461,0.0329,20.8015,3
13,12815639554624,12815642762988,12815643470101,12815643471009,12815660369794,12815660536554,12815660567406,526892266,3.2084,0.7071,16.8988,0.1668,0.0309,21.0128,3
14,12815669005974,12815671962004,12815672935785,12815672936730,12815689271383,12815689413884,12815689441810,3072016043,2.9560,0.9738,16.3347,0.1425,0.0279,20.4358,3
15,12815719832701,12815722918639,12815723366696,12815723367418,12815739783165,12815739909128,12815739935776,3072016043,3.0859,0.4481,16.4157,0.1260,0.0266,20.1031,3
16,12815774278090,12815777445787,12815777997233,12815777998085,12815794312016,12815794459295,12815794487665,3072016043,3.1677,0.5514,16.3139,0.1473,0.0284,20.2096,3
17,12815861752805,12815865133040,12815865829691,12815865830691,12815883722313,12815883886703,12815883918295,1747582684,3.3802,0.6967,17.8916,0.1644,0.0316,22.1655,3
18,12815884087481,12815887968310,12815888582720,12815888583665,12815905003207,12815905144634,12815905172578,1747582684,3.8808,0.6144,16.4195,0.1414,0.0279,21.0851,3
19,12815951519437,12815954603689,12815955023227,12815955024024,12815971175232,12815971315325,12815971343307,3186688137,3.0843,0.4195,16.1512,0.1401,0.0280,19.8239,3
20,12815988730853,12815992321774,12815993096573,12815993097814,12816009470912,12816009616135,12816009647320,4024092054,3.5909,0.7748,16.3731,0.1452,0.0312,20.9165,3
21,12816036516847,12816040488787,12816041559199,12816041560754,12816059475821,12816059658822,12816059693748,1524753260,3.9719,1.0704,17.9151,0.1830,0.0349,23.1769,3
22,12816080366232,12816089692175,12816090758475,12816090759716,12816109654379,12816109824657,12816109863231,603971583,9.3259,1.0663,18.8947,0.1703,0.0386,29.4970,3
23,12816126601387,12816131031996,12816132610076,12816132612057,12816149749584,12816150180567,12816150242327,603971583,4.4306,1.5781,17.1375,0.4310,0.0618,23.6409,3
24,12816178390450,12816184961512,12816186117498,12816186120220,12816203057616,12816203250247,12816203289895,603971583,6.5711,1.1560,16.9374,0.1926,0.0396,24.8994,3
25,12816260578090,12816263912603,12816268939881,12816268941936,12816285735925,12816285897463,12816285929741,1097043364,3.3345,5.0273,16.7940,0.1615,0.0323,25.3517,3
26,12816281818670,12816288846400,12816289466161,12816289467217,12816305918723,12816306076316,12816306108575,1097043364,7.0277,0.6198,16.4515,0.1576,0.0323,24.2899,3
27,12816349736905,12816354259736,12816355183221,12816355184518,12816376026725,12816376224263,12816376278245,4189749528,4.5228,0.9235,20.8422,0.1975,0.0540,26.5413,3
28,12816391704654,12816395447520,12816396623487,12816396625728,12816413410883,12816413631588,12816413671125,308653413,3.7429,1.1760,16.7852,0.2207,0.0395,21.9665,3
29,12816439350221,12816443122402,12816448382014,12816448386829,12816466900509,12816467266621,12816467346325,3926298273,3.7722,5.2596,18.5137,0.3661,0.0797,27.9961,3
30,12816477817420,12816483334644,12816485090780,12816485094595,12816503850554,12816504075648,12816504114148,2375849131,5.5172,1.7561,18.7560,0.2251,0.0385,26.2967,3
31,12816540452080,12816548091701,12816549361261,12816549362909,12816566439380,12816566609381,12816566641955,2375849131,7.6396,1.2696,17.0765,0.1700,0.0326,26.1899,3
32,12816605504749,12816609559227,12816610550619,12816610552397,12816627360441,12816627533757,12816627567738,2375849131,4.0545,0.9914,16.8080,0.1733,0.0340,22.0630,3
33,12816636117955,12816639393190,12816640109915,12816640111341,12816656890255,12816657113312,12816657175571,2375849131,3.2752,0.7167,16.7789,0.2231,0.0623,21.0576,3
34,12816684402673,12816687685926,12816692583907,12816692585444,12816709384229,12816709543248,12816709575378,2375849131,3.2833,4.8980,16.7988,0.1590,0.0321,25.1727,3
35,12816740588864,12816744373063,12816745177048,12816745179029,12816761823499,12816761998388,12816762031203,2375849131,3.7842,0.8040,16.6445,0.1749,0.0328,21.4423,3
36,12816783787396,12816787899078,12816789393713,12816789398880,12816808203079,12816808583747,12816808664081,2375849131,4.1117,1.4946,18.8042,0.3807,0.0803,24.8767,3
37,12816828736508,12816832418133,12816833390210,12816833391377,12816850480089,12816850673386,12816850711275,2375849131,3.6816,0.9721,17.0887,0.1933,0.0379,21.9748,3
38,12816884076196,12816888113396,12816889196548,12816889198104,12816906128149,12816906312427,12816906348835,2375849131,4.0372,1.0832,16.9300,0.1843,0.0364,22.2726,3
39,12816932344043,12816940095201,12816941648078,12816941650115,12816958755178,12816958951735,12816958988476,2375849131,7.7512,1.5529,17.1051,0.1966,0.0367,26.6444,3
40,12816988592901,12816992388897,12816993199881,12816993201381,12817009633257,12817009801425,12817009833240,2375849131,3.7960,0.8110,16.4319,0.1682,0.0318,21.2403,3
41,12817045013741,12817049212572,12817050504595,12817050506447,12817068587292,12817068783700,12817068820812,2375849131,4.1988,1.2920,18.0808,0.1964,0.0371,23.8071,3
42,12817101864879,12817105522930,12817106330470,12817106331970,12817123883054,12817124142777,12817124220704,615324289,3.6581,0.8075,17.5511,0.2597,0.0779,22.3558,4
43,12817144067593,12817147971589,12817153117274,12817153119089,12817169874541,12817170068467,12817170104912,1579833399,3.9040,5.1457,16.7555,0.1939,0.0364,26.0373,3
44,12817187260828,12817190627396,12817191233009,12817191234120,12817212786460,12817212976442,12817213012220,1215292954,3.3666,0.6056,21.5523,0.1900,0.0358,25.7514,4
45,12817236465382,12817244455430,12817245292304,12817245293544,12817261688439,12817261849347,12817261882569,3835653348,7.9900,0.8369,16.3949,0.1609,0.0332,25.4172,4
46,12817288918800,12817292858481,12817293888059,12817293889596,12817312698481,12817312933019,12817312977316,3835653348,3.9397,1.0296,18.8089,0.2345,0.0443,24.0585,4
47,12817347513408,12817352041869,12817352792038,12817352793261,12817369413100,12817369596231,12817369630879,3835653348,4.5285,0.7502,16.6198,0.1831,0.0346,22.1175,4
48,12817395459846,12817399527231,12817402137352,12817402139130,12817420787866,12817421006441,12817421045756,3835653348,4.0674,2.6101,18.6487,0.2186,0.0393,25.5859,4
49,12817459901938,12817463328970,12817464321177,12817464322510,12817481061628,12817481362018,12817481404148,3770639468,3.4270,0.9922,16.7391,0.3004,0.0421,21.5022,3
50,12817507074522,12817510483275,12817511099740,12817511101315,12817528065989,12817528276619,12817528311897,2672728375,3.4088,0.6165,16.9647,0.2106,0.0353,21.2374,3
51,12817550789500,12817554098068,12817554800922,12817554802274,12817571688430,12817571862838,12817571897171,4037953543,3.3086,0.7029,16.8862,0.1744,0.0343,21.1077,4
52,12817596156577,12817599750905,12817601470411,12817601471596,12817617725046,12817617887528,12817617919380,3630964029,3.5943,1.7195,16.2535,0.1625,0.0319,21.7628,4
53,12817641369134,12817644994870,12817645741076,12817645741947,12817662410879,12817662571102,12817662601121,3827856518,3.6257,0.7462,16.6689,0.1602,0.0300,21.2320,3
54,12817690314224,12817697824641,12817698912719,12817698915090,12817715925264,12817716131747,12817716170784,2498779519,7.5104,1.0881,17.0102,0.2065,0.0390,25.8566,3
55,12817740503560,12817744379371,12817745202281,12817745203837,12817761726621,12817761918806,12817761953621,2498779519,3.8758,0.8229,16.5228,0.1922,0.0348,21.4501,3
56,12817803458739,12817808326406,12817809340502,12817809342706,12817826311510,12817826541307,12817826592918,3761685653,4.8677,1.0141,16.9688,0.2298,0.0516,23.1342,3
57,12817846851772,12817851055917,12817851917550,12817851919420,12817868517982,12817868691372,12817868723483,355683957,4.2041,0.8616,16.5986,0.1734,0.0321,21.8717,3
58,12817907729499,12817913000889,12817914176097,12817914179227,12817932834482,12817933198872,12817933287780,3123214024,5.2714,1.1752,18.6553,0.3644,0.0889,25.5583,3
59,12817945797252,12817949906342,12817950957012,12817950958438,12817967324647,12817967521611,12817967561908,310239455,4.1091,1.0507,16.3662,0.1970,0.0403,21.7647,3
60,12818023577209,12818027441316,12818028672747,12818028674654,12818045795996,12818045993886,12818046029256,1679331571,3.8641,1.2314,17.1213,0.1979,0.0354,22.4520,3
61,12818047604336,12818051303405,12818052373539,12818052376687,12818068902823,12818069093027,12818069126416,4113945459,3.6991,1.0701,16.5261,0.1902,0.0334,21.5221,3
62,12818092776356,12818097037095,12818098327155,12818098329044,12818117125429,12818117415634,12818117480671,4113945459,4.2607,1.2901,18.7964,0.2902,0.0650,24.7043,3
63,12818167623025,12818171649169,12818176717114,12818176718966,12818193267620,12818193439862,12818193470714,968314522,4.0261,5.0679,16.5487,0.1722,0.0309,25.8477,3
64,12818214323644,12818218397770,12818219158754,12818219160199,12818235975558,12818236353948,12818236408393,3773385015,4.0741,0.7610,16.8154,0.3784,0.0544,22.0847,3
65,12818255346223,12818260265259,12818261126077,12818261127115,12818277570954,12818277746047,12818277780010,2100050586,4.9190,0.8608,16.4438,0.1751,0.0340,22.4338,3
66,12818300570280,12818304760111,12818305607725,12818305608781,12818322116472,12818322294695,12818322332287,3337486062,4.1898,0.8476,16.5077,0.1782,0.0376,21.7620,3
67,12818346195599,12818350316614,12818351085821,12818351087080,12818367329252,12818367510234,12818367545512,464362981,4.1210,0.7692,16.2422,0.1810,0.0353,21.3499,3
68,12818397422216,12818400766432,12818401465638,12818401466731,12818418082497,12818418283275,12818418321664,958925526,3.3442,0.6992,16.6158,0.2008,0.0384,20.8994,3
69,12818480761286,12818486218492,12818487367811,12818487369515,12818504119577,12818504338134,12818504377615,1714900750,5.4572,1.1493,16.7501,0.2186,0.0395,23.6163,2
70,12818505083173,12818509669431,12818510563953,12818510567638,12818527225626,12818527433646,12818527468238,1714900750,4.5863,0.8945,16.6580,0.2080,0.0346,22.3851,2
71,12818569318376,12818572741556,12818573574892,12818573576096,12818590251862,12818590424010,12818590453085,328768322,3.4232,0.8333,16.6758,0.1721,0.0291,21.1347,2
72,12818615315196,12818619973176,12818620802531,12818620804642,12818637277982,12818637436834,12818637468390,4281414911,4.6580,0.8294,16.4733,0.1589,0.0316,22.1532,2
73,12818667806725,12818672203316,12818672977152,12818672978652,12818689428195,12818689593733,12818689626547,3355457311,4.3966,0.7738,16.4495,0.1655,0.0328,21.8198,2
74,12818707921968,12818712381540,12818713206858,12818713208173,12818729829123,12818730001772,12818730037458,3517888845,4.4596,0.8253,16.6210,0.1726,0.0357,22.1155,2
75,12818771958818,12818776186426,12818777197115,12818777198356,12818794440791,12818794578736,12818794608032,3049548373,4.2276,1.0107,17.2424,0.1379,0.0293,22.6492,2
76,12818813332880,12818818689363,12818819749793,12818819752015,12818836272799,12818836422207,12818836456855,2250643894,5.3565,1.0604,16.5208,0.1494,0.0346,23.1240,2
77,12818858428141,12818862510508,12818863516308,12818863518030,12818880557260,12818880708446,12818880737465,1397649362,4.0824,1.0058,17.0392,0.1512,0.0290,22.3093,2
78,12818919566813,12818923437606,12818924500221,12818924502035,12818944735537,12818944911741,12818944941778,1643925954,3.8708,1.0626,20.2335,0.1762,0.0300,25.3750,2
79,12818966031635,12818970055928,12818970943450,12818970944598,12818987410289,12818987561178,12818987595067,1621792429,4.0243,0.8875,16.4657,0.1509,0.0339,21.5634,2
80,12819013538738,12819017645253,12819019481668,12819019484557,12819036173786,12819036325675,12819036354546,3663498153,4.1065,1.8364,16.6892,0.1519,0.0289,22.8158,2
81,12819083961020,12819087824164,12819089764060,12819089766097,12819106250621,12819106409844,12819106440733,3354429225,3.8631,1.9399,16.4845,0.1592,0.0309,22.4797,2
82,12819126819587,12819130817269,12819131289770,12819131290733,12819148644687,12819148808688,12819148843984,686809034,3.9977,0.4725,17.3540,0.1640,0.0353,22.0244,2
83,12819172034959,12819177081441,12819177829481,12819177830555,12819194798322,12819194947934,12819194978249,3564300314,5.0465,0.7480,16.9678,0.1496,0.0303,22.9433,2
84,12819214274747,12819219412655,12819220173250,12819220174417,12819236580478,12819236762201,12819236805683,3902315378,5.1379,0.7606,16.4061,0.1817,0.0435,22.5309,2
85,12819264314526,12819268728080,12819270040196,12819270042251,12819286742277,12819286892981,12819286921296,979794896,4.4136,1.3121,16.7000,0.1507,0.0283,22.6068,2
86,12819357263651,12819361281092,12819362839746,12819362843487,12819380355978,12819380510349,12819380538830,1343109388,4.0174,1.5587,17.5125,0.1544,0.0285,23.2752,2
87,12819401593835,12819406249871,12819407461542,12819407463283,12819423767455,12819423924622,12819423957548,1343109388,4.6560,1.2117,16.3042,0.1572,0.0329,22.3637,2
88,12819446685392,12819451029353,12819451773467,12819451774652,12819468598937,12819468743493,12819468914845,812822775,4.3440,0.7441,16.8243,0.1446,0.1714,22.2295,2
89,12819486943950,12819490869372,12819491633801,12819491635282,12819508407845,12819508560049,12819508591290,647100652,3.9254,0.7644,16.7726,0.1522,0.0312,21.6473,2
90,12819532442916,12819536991155,12819537684936,12819537686510,12819553665051,12819553799273,12819553826755,3701405612,4.5482,0.6938,15.9785,0.1342,0.0275,21.3838,2
91,12819577438232,12819580835726,12819582665622,12819582669492,12819599067979,12819599202036,12819599229591,2339694851,3.3975,1.8299,16.3985,0.1341,0.0276,21.7914,2
92,12819629994354,12819634015814,12819634785242,12819634787242,12819650954451,12819651089526,12819651117155,1199460874,4.0215,0.7694,16.1672,0.1351,0.0276,21.1228,2
93,12819680842322,12819685070930,12819686011230,12819686012137,12819702150327,12819702290791,12819702328217,808059856,4.2286,0.9403,16.1382,0.1405,0.0374,21.4859,3
94,12819728913946,12819734211206,12819734883042,12819734884042,12819751241548,12819751394641,12819751432789,2511347792,5.2973,0.6718,16.3575,0.1531,0.0381,22.5188,3
95,12819766523716,12819771535308,12819772195089,12819772195922,12819788304315,12819788438760,12819788466816,598249345,5.0116,0.6598,16.1084,0.1344,0.0281,21.9431,3
96,12819846577718,12819850660604,12819852095202,12819852096572,12819868232373,12819868424281,12819868451652,2946941077,4.0829,1.4346,16.1358,0.1919,0.0274,21.8739,2
97,12819895994532,12819901472053,12819902788002,12819902789428,12819919249564,12819919387027,12819919413509,997188526,5.4775,1.3159,16.4601,0.1375,0.0265,23.4190,2
98,12819929107823,12819933483561,12819934484046,12819934486306,12819950878756,12819951010164,12819951036738,997188526,4.3757,1.0005,16.3925,0.1314,0.0266,21.9289,2
99,12819997278244,12820001091462,12820002055225,12820002057873,12820018353434,12820018632694,12820018698139,74970683,3.8132,0.9638,16.2956,0.2793,0.0654,21.4199,2
100,12820041474335,12820045392609,12820046304834,12820046305853,12820062841174,12820062978174,12820063005248,3885920276,3.9183,0.9122,16.5353,0.1370,0.0271,21.5309,2
101,12820083127083,12820089311365,12820089847793,12820089848349,12820106076261,12820106217521,12820106245910,1133309682,6.1843,0.5364,16.2279,0.1413,0.0284,23.1188,2
102,12820128952328,12820133276085,12820134152718,12820134154125,12820150336297,12820150486075,12820150514297,1050320518,4.3238,0.8766,16.1822,0.1498,0.0282,21.5620,2
103,12820175545835,12820179223960,12820179933314,12820179934092,12820196468821,12820196604858,12820196630895,22772557,3.6781,0.7094,16.5347,0.1360,0.0260,21.0851,2
104,12820223624866,12820228216272,12820229217480,12820229218610,12820245537356,12820245676967,12820245705708,4034350788,4.5914,1.0012,16.3187,0.1396,0.0287,22.0808,3
105,12820274792113,12820279814095,12820280610635,12820280611820,12820296450712,12820296582694,12820296617787,3268284253,5.0220,0.7965,15.8389,0.1320,0.0351,21.8257,2
106,12820317595773,12820322272735,12820322944700,12820322945293,12820338936241,12820339069297,12820339096038,1329396759,4.6770,0.6720,15.9909,0.1331,0.0267,21.5003,2
107,12820400396915,12820405836880,12820406645050,12820406646253,12820422840943,12820422980203,12820423009277,1900974807,5.4400,0.8082,16.1947,0.1393,0.0291,22.6124,3
108,12820445918326,12820450431491,12820451095290,12820451096308,12820467186090,12820467337980,12820467366665,1036454397,4.5132,0.6638,16.0898,0.1519,0.0287,21.4483,3
109,12820489081672,12820493353577,12820494302303,12820494303488,12820510419067,12820510560604,12820510589419,3286948569,4.2719,0.9487,16.1156,0.1415,0.0288,21.5077,3
110,12820525225252,12820529511601,12820530620809,12820530622401,12820547010018,12820547239648,12820547295482,2699946344,4.2863,1.1092,16.3876,0.2296,0.0558,22.0702,3
111,12820600413828,12820604893067,12820605863145,12820605864293,12820622414133,12820622561726,12820622594245,3357110707,4.4792,0.9701,16.5498,0.1476,0.0325,22.1804,3
112,12820630317218,12820635201699,12820635948183,12820635949294,12820652239670,12820652379504,12820652413263,2538569978,4.8845,0.7465,16.2904,0.1398,0.0338,22.0960,2
113,12820685690869,12820689705717,12820690436850,12820690437924,12820706690929,12820706832763,12820706861967,2669200918,4.0148,0.7311,16.2530,0.1418,0.0292,21.1711,3
114,12820721568836,12820725209313,12820726019501,12820726021371,12820742183858,12820742320617,12820742348784,4255551266,3.6405,0.8102,16.1625,0.1368,0.0282,20.7799,3
115,12820775979928,12820779672979,12820780603446,12820780604871,12820796962599,12820797105655,12820797134804,1846384007,3.6931,0.9305,16.3577,0.1431,0.0291,21.1549,3
116,12820830584206,12820834866833,12820835608614,12820835610299,12820851973101,12820852121824,12820852149824,2358239701,4.2826,0.7418,16.3628,0.1487,0.0280,21.5656,3
117,12820900029743,12820904824817,12820905895524,12820905899469,12820922291400,12820922432456,12820922464345,4087736801,4.7951,1.0707,16.3919,0.1411,0.0319,22.4346,3
118,12820929458001,12820934404409,12820935102930,12820935103652,12820951173230,12820951309879,12820951338324,4087736801,4.9464,0.6985,16.0696,0.1366,0.0284,21.8803,3
119,12821001438937,12821005813490,12821006810308,12821006812234,12821023412963,12821023571167,12821023602464,3229805722,4.3746,0.9968,16.6007,0.1582,0.0313,22.1635,3
120,12821034949247,12821039554097,12821040300785,12821040301748,12821056575661,12821056720180,12821056749828,2410777358,4.6048,0.7467,16.2739,0.1445,0.0296,21.8006,3
121,12821086568865,12821090984752,12821092034849,12821092036201,12821108198335,12821108339761,12821108368762,2595565812,4.4159,1.0501,16.1621,0.1414,0.0290,21.7999,3
122,12821126930294,12821132452574,12821133037465,12821133038224,12821149338766,12821149475934,12821149505100,3914561358,5.5223,0.5849,16.3005,0.1372,0.0292,22.5748,3
123,12821184331156,12821191024903,12821192097130,12821192098648,12821208606358,12821208763247,12821208793173,888035552,6.6937,1.0722,16.5077,0.1569,0.0299,24.4620,3
124,12821230381939,12821235547477,12821236207387,12821236208220,12821252454929,12821252597022,12821252626782,4110701709,5.1655,0.6599,16.2467,0.1421,0.0298,22.2448,3
125,12821280244811,12821284079140,12821285218477,12821285220070,12821301381464,12821301511408,12821301538464,283518196,3.8343,1.1393,16.1614,0.1299,0.0271,21.2937,2
126,12821360900538,12821365445555,12821366264298,12821366265465,12821382528266,12821382716767,12821382747360,4214049641,4.5450,0.8187,16.2628,0.1885,0.0306,21.8468,3
127,12821406378004,12821410903613,12821412173914,12821412175562,12821428607068,12821428750439,12821428779439,1121868881,4.5256,1.2703,16.4315,0.1434,0.0290,22.4014,3
128,12821438405179,12821442675269,12821444042478,12821444044570,12821460235075,12821460373242,12821460401761,1622157973,4.2701,1.3672,16.1905,0.1382,0.0285,21.9966,3
129,12821505106039,12821511027135,12821511715712,12821511716526,12821528021421,12821528162717,12821528191866,2120611417,5.9211,0.6886,16.3049,0.1413,0.0291,23.0858,3
130,12821544053221,12821547866032,12821549402963,12821549404612,12821565708932,12821565849691,12821565878951,4139915199,3.8128,1.5369,16.3043,0.1408,0.0293,21.8257,3
131,12821588389442,12821592861422,12821593516406,12821593517202,12821610176987,12821610320135,12821610350154,2601526438,4.4720,0.6550,16.6598,0.1431,0.0300,21.9607,2
132,12821633222202,12821637105365,12821637799312,12821637800312,12821653735520,12821653888853,12821653919409,18804667,3.8832,0.6939,15.9352,0.1533,0.0306,20.6972,3
133,12821691280252,12821695953492,12821697592109,12821697594239,12821713901874,12821714045282,12821714074652,3665324380,4.6732,1.6386,16.3076,0.1434,0.0294,22.7944,3
134,12821739272042,12821742971260,12821743806467,12821743807652,12821760149991,12821760289510,12821760318158,4008896598,3.6992,0.8352,16.3423,0.1395,0.0286,21.0461,3
135,12821795592845,12821799901750,12821800663623,12821800664920,12821816865462,12821816997981,12821817026907,202626307,4.3089,0.7619,16.2005,0.1325,0.0289,21.4341,3
136,12821861528517,12821865563292,12821866424350,12821866425906,12821882659355,12821882795337,12821882824615,217212389,4.0348,0.8611,16.2334,0.1360,0.0293,21.2961,3
137,12821919673253,12821923923565,12821926867391,12821926868909,12821943287156,12821943444193,12821943474471,4225419429,4.2503,2.9438,16.4182,0.1570,0.0303,23.8012,3
138,12821952515801,12821956856355,12821958004507,12821958007433,12821974762922,12821974925774,12821974958219,1930607562,4.3406,1.1482,16.7555,0.1629,0.0324,22.4424,3
139,12822002535229,12822007204043,12822008437029,12822008438862,12822025345055,12822025530963,12822025578296,3659065392,4.6688,1.2330,16.9062,0.1859,0.0473,23.0431,3
140,12822039727812,12822043685549,12822045060776,12822045062573,12822062194470,12822062347026,12822062377841,938565906,3.9577,1.3752,17.1319,0.1526,0.0308,22.6500,3
141,12822099103812,12822103436198,12822104395924,12822104397609,12822120965689,12822121107783,12822121138042,424280375,4.3324,0.9597,16.5681,0.1421,0.0303,22.0342,3
142,12822136163617,12822140896060,12822141677396,12822141679341,12822157788808,12822157927346,12822157956920,3766205433,4.7324,0.7813,16.1095,0.1385,0.0296,21.7933,3
143,12822221244453,12822225767395,12822227055993,12822227057252,12822243975371,12822244129408,12822244159927,3672190046,4.5229,1.2886,16.9181,0.1540,0.0305,22.9155,3
144,12822264593503,12822269094761,12822270619341,12822270621896,12822286892957,12822287044087,12822287074050,3282043312,4.5013,1.5246,16.2711,0.1511,0.0300,22.4805,3
145,12822301210955,12822305799342,12822306523827,12822306524808,12822322710517,12822322854313,12822322883443,3696848962,4.5884,0.7245,16.1857,0.1438,0.0291,21.6725,2
146,12822364554136,12822369230172,12822370100730,12822370102990,12822386295069,12822386428551,12822386456032,124623951,4.6760,0.8706,16.1921,0.1335,0.0275,21.9019,2
147,12822409546007,12822413270780,12822414331933,12822414332951,12822430989569,12822431125403,12822431152884,1996945355,3.7248,1.0612,16.6566,0.1358,0.0275,21.6069,2
148,12822453154411,12822457084148,12822458155652,12822458157855,12822474047600,12822474175434,12822474202582,481642914,3.9297,1.0715,15.8897,0.1278,0.0271,21.0482,2
149,12822511474554,12822515125087,12822516377091,12822516379054,12822533177876,12822533315247,12822533343081,1739004872,3.6505,1.2520,16.7988,0.1374,0.0278,21.8685,2
150,12822542658208,12822546864224,12822547917042,12822547918598,12822564179362,12822564317048,12822564344344,1487160503,4.2060,1.0528,16.2608,0.1377,0.0273,21.6861,2
151,12822590244960,12822594613087,12822595628943,12822595630054,12822612077319,12822612204449,12822612230005,2731611113,4.3681,1.0159,16.4473,0.1271,0.0256,21.9850,2
152,12822643507769,12822647817489,12822648907697,12822648909160,12822665452111,12822665598593,12822665626667,2788866946,4.3097,1.0902,16.5430,0.1465,0.0281,22.1189,2
153,12822700282259,12822704203644,12822705311148,12822705313259,12822721260615,12822721392986,12822721419783,1433772317,3.9214,1.1075,15.9474,0.1324,0.0268,21.1375,2
154,12822769579777,12822773414384,12822774813130,12822774815908,12822790906783,12822791047524,12822791075357,2976969010,3.8346,1.3987,16.0909,0.1407,0.0278,21.4956,2
155,12822812609345,12822817292344,12822818001384,12822818002310,12822834300482,12822834450001,12822834478130,4008568149,4.6830,0.7090,16.2982,0.1495,0.0281,21.8688,2
156,12822862728977,12822867374550,12822868766499,12822868767833,12822885280005,12822885415284,12822885442895,1863917263,4.6456,1.3919,16.5122,0.1353,0.0276,22.7139,2
157,12822898697870,12822902948886,12822903719333,12822903720426,12822919825171,12822919956746,12822919983857,2955680524,4.2510,0.7704,16.1047,0.1316,0.0271,21.2860,2
158,12822973531446,12822976901958,12822978168704,12822978170000,12822994806155,12822994968155,12822994996526,2807402118,3.3705,1.2667,16.6362,0.1620,0.0284,21.4651,2
159,12823010838289,12823014698081,12823015421213,12823015422084,12823031570866,12823031708441,12823031736237,909602068,3.8598,0.7231,16.1488,0.1376,0.0278,20.8979,2
160,12823053092483,12823058509726,12823059226247,12823059227358,12823075299159,12823075428141,12823075455400,1347585516,5.4172,0.7165,16.0718,0.1290,0.0273,22.3629,2
161,12823119952918,12823125534532,12823126552535,12823126553887,12823142880874,12823143022078,12823143050375,440630222,5.5816,1.0180,16.3270,0.1412,0.0283,23.0975,2
162,12823151859371,12823156497258,12823157239594,12823157240372,12823173360229,12823173498563,12823173527674,375328315,4.6379,0.7423,16.1199,0.1383,0.0291,21.6683,2
163,12823200707609,12823204451771,12823205618182,12823205620460,12823221898576,12823222036410,12823222065985,739959549,3.7442,1.1664,16.2781,0.1378,0.0296,21.3584,3
164,12823247136023,12823251230556,12823252420598,12823252423913,12823268746566,12823268884344,12823268912974,3952425818,4.0945,1.1900,16.3227,0.1378,0.0286,21.7770,3
165,12823301435133,12823304993387,12823306080668,12823306081983,12823322511137,12823322656730,12823322683842,2460110110,3.5583,1.0873,16.4292,0.1456,0.0271,21.2487,2
166,12823368308882,12823371609376,12823372689250,12823372692843,12823389690406,12823389824203,12823389852000,897295986,3.3005,1.0799,16.9976,0.1338,0.0278,21.5431,2
167,12823414146276,12823417991253,12823419478444,12823419482184,12823436043857,12823436177599,12823436204895,2690112095,3.8450,1.4872,16.5617,0.1337,0.0273,22.0586,2
168,12823459927317,12823464388611,12823465382337,12823465384022,12823481478027,12823481611972,12823481639972,3897301774,4.4613,0.9937,16.0940,0.1339,0.0280,21.7127,3
169,12823524582947,12823529169649,12823531138731,12823531140916,12823547583792,12823547714774,12823547741959,3516578266,4.5867,1.9691,16.4429,0.1310,0.0272,23.1590,2
170,12823558034757,12823561827956,12823563025146,12823563026646,12823579428633,12823579557708,12823579584319,4120766183,3.7932,1.1972,16.4020,0.1291,0.0266,21.5496,2
171,12823626739106,12823631275734,12823632870277,12823632872018,12823649641599,12823649797118,12823649834285,3309051502,4.5366,1.5945,16.7696,0.1555,0.0372,23.0952,2
172,12823654421450,12823660081156,12823661504254,12823661509754,12823678085964,12823678231150,12823678260539,2898514738,5.6597,1.4231,16.5762,0.1452,0.0294,23.8391,2
173,12823710814198,12823715072751,12823715972754,12823715974050,12823732218074,12823732354056,12823732381000,323037484,4.2586,0.9000,16.2440,0.1360,0.0269,21.5668,2
174,12823750949551,12823755410623,12823756151182,12823756152219,12823772223001,12823772373279,12823772401335,1783041060,4.4611,0.7406,16.0708,0.1503,0.0281,21.4518,3
175,12823800480403,12823804387177,12823805316217,12823805317291,12823821395610,12823821530203,12823821559148,331877987,3.9068,0.9290,16.0783,0.1346,0.0289,21.0787,3
176,12823856953632,12823860907462,12823861621020,12823861622075,12823877868432,12823878011748,12823878056192,765491166,3.9538,0.7136,16.2464,0.1433,0.0444,21.1026,2
177,12823905793740,12823910430924,12823911738799,12823911740262,12823928554492,12823928718918,12823928750067,765491166,4.6372,1.3079,16.8142,0.1644,0.0311,22.9563,2
178,12823967623156,12823971901802,12823973303733,12823973305974,12823989567571,12823989706350,12823989734091,479365455,4.2786,1.4019,16.2616,0.1388,0.0277,22.1109,2
179,12824013231512,12824017842807,12824018646458,12824018647495,12824034773036,12824034910759,12824034938778,795898614,4.6113,0.8037,16.1255,0.1377,0.0280,21.7073,2
180,12824059946853,12824063749885,12824065127465,12824065132557,12824081683749,12824081812860,12824081839231,3844625702,3.8030,1.3776,16.5512,0.1291,0.0264,21.8924,2
181,12824116204581,12824120610190,12824121676342,12824121678194,12824137881884,12824138070626,12824138097755,149359481,4.4056,1.0662,16.2037,0.1887,0.0271,21.8932,2
182,12824147736532,12824152933959,12824153611332,12824153612128,12824169658169,12824169787077,12824169813429,1071514248,5.1974,0.6774,16.0460,0.1289,0.0264,22.0769,2
183,12824212027217,12824216153917,12824217424477,12824217426163,12824233483630,12824233626427,12824233656186,571179055,4.1267,1.2706,16.0575,0.1428,0.0298,21.6290,3
184,12824252214978,12824256611105,12824257705609,12824257706739,12824274034411,12824274172004,12824274200967,1271283740,4.3961,1.0945,16.3277,0.1376,0.0290,21.9860,3
185,12824310342343,12824315101583,12824315745567,12824315746752,12824332451999,12824332631352,12824332668019,2981947553,4.7592,0.6440,16.7052,0.1794,0.0367,22.3257,3
186,12824349369155,12824354007598,12824354700193,12824354701193,12824371551904,12824371696201,12824371725627,3134647909,4.6384,0.6926,16.8507,0.1443,0.0294,22.3565,3
187,12824438045801,12824442065945,12824443356635,12824443359876,12824460556237,12824460694571,12824460721885,2919782966,4.0201,1.2907,17.1964,0.1383,0.0273,22.6761,2
188,12824468250488,12824472700041,12824473492952,12824473493766,12824489557086,12824489688160,12824489714920,339755715,4.4496,0.7929,16.0633,0.1311,0.0268,21.4644,2
189,12824538013229,12824542627302,12824543953548,12824543955029,12824560783796,12824560928000,12824560955852,1457746934,4.6141,1.3262,16.8288,0.1442,0.0279,22.9426,3
190,12824567466858,12824572462228,12824573020249,12824573021082,12824589296495,12824589437810,12824589466181,1457746934,4.9954,0.5580,16.2754,0.1413,0.0284,21.9993,3
191,12824614792349,12824619360033,12824620665353,12824620666890,12824636893302,12824637035506,12824637063784,4143491436,4.5677,1.3053,16.2264,0.1422,0.0283,22.2714,3
192,12824657718510,12824661929766,12824662812269,12824662813103,12824679177904,12824679306701,12824679333516,2463673314,4.2113,0.8825,16.3648,0.1288,0.0268,21.6150,2
193,12824716909601,12824721107542,12824722222750,12824722224065,12824738595441,12824738736590,12824738765257,3390396029,4.1979,1.1152,16.3714,0.1411,0.0287,21.8557,3
194,12824749908409,12824753853350,12824754861557,12824754863946,12824771313545,12824771491360,12824771525731,3935489099,3.9449,1.0082,16.4496,0.1778,0.0344,21.6173,3
195,12824808989093,12824813325350,12824814528817,12824814530391,12824831081712,12824831242379,12824831271843,4140409616,4.3363,1.2035,16.5513,0.1607,0.0295,22.2828,3
196,12824859406762,12824863369703,12824864239632,12824864243262,12824880694916,12824880834861,12824880863454,1303193705,3.9629,0.8699,16.4517,0.1399,0.0286,21.4567,3
197,12824907478349,12824911366401,12824912721591,12824912722832,12824929228245,12824929363801,12824929391949,2345117086,3.8881,1.3552,16.5054,0.1356,0.0281,21.9136,3
198,12824982327517,12824987166535,12824987856168,12824987857242,12825003932802,12825004079673,12825004106876,1326114484,4.8390,0.6896,16.0756,0.1469,0.0272,21.7794,2
199,12825028912321,12825034395341,12825035395734,12825035397456,12825052041796,12825052178556,12825052205963,1779965219,5.4830,1.0004,16.6443,0.1368,0.0274,23.2936,2
200,12825062512280,12825066523924,12825067326501,12825067327853,12825083809600,12825083940008,12825083967267,2423240899,4.0116,0.8026,16.4817,0.1304,0.0273,21.4550,2
201,12825143997473,12825147857783,12825149232900,12825149234714,12825165786221,12825165928740,12825165955721,1241463129,3.8603,1.3751,16.5515,0.1425,0.0270,21.9582,2
202,12825171115481,12825175100292,12825176083629,12825176086166,12825192379375,12825192531469,12825192558691,1112032897,3.9848,0.9833,16.2932,0.1521,0.0272,21.4432,2
203,12825207164820,12825211329520,12825212491562,12825212492858,12825229093327,12825229237643,12825229265365,2949045608,4.1647,1.1620,16.6005,0.1443,0.0277,22.1005,2
204,12825262651545,12825267912028,12825269148236,12825269149940,12825285687835,12825285863039,12825285896410,578435121,5.2605,1.2362,16.5379,0.1752,0.0334,23.2449,2
205,12825311266190,12825316697395,12825317405879,12825317406990,12825333536569,12825333684625,12825333716847,3499426796,5.4312,0.7085,16.1296,0.1481,0.0322,22.4507,2
206,12825389866650,12825393796812,12825395050465,12825395054095,12825411677157,12825411812417,12825411838843,3525843544,3.9302,1.2537,16.6231,0.1353,0.0264,21.9722,2
207,12825433880166,12825437889292,12825439059629,12825439061370,12825455182893,12825455319523,12825455347468,2852926892,4.0091,1.1703,16.1215,0.1366,0.0279,21.4673,2
208,12825478273591,12825482833811,12825483683592,12825483685444,12825499748837,12825499877893,12825499905079,4071891398,4.5602,0.8498,16.0634,0.1291,0.0272,21.6315,2
209,12825536447919,12825541006103,12825542137625,12825542139810,12825558747798,12825558888354,12825558916392,339597373,4.5582,1.1315,16.6080,0.1406,0.0280,22.4685,2
210,12825569293245,12825573497983,12825574796747,12825574798229,12825590833529,12825590997715,12825591027363,1669090003,4.2047,1.2988,16.0353,0.1642,0.0296,21.7341,2
211,12825620376751,12825624483914,12825625687382,12825625690344,12825642853279,12825643006391,12825643035113,780676563,4.1072,1.2035,17.1629,0.1531,0.0287,22.6584,2
212,12825703899099,12825709057656,12825710069863,12825710071845,12825726473591,12825726611073,12825726638999,3433911904,5.1586,1.0122,16.4017,0.1375,0.0279,22.7399,2
213,12825734441732,12825738767378,12825739916271,12825739920308,12825757237410,12825757372410,12825757400188,1336030385,4.3256,1.1489,17.3171,0.1350,0.0278,22.9585,2
214,12825762578152,12825766137609,12825767373040,12825767375670,12825783995324,12825784130732,12825784156825,635590521,3.5595,1.2354,16.6197,0.1354,0.0261,21.5787,2
215,12825838762584,12825842953563,12825843800270,12825843801270,12825860017367,12825860162034,12825860194460,2510558233,4.1910,0.8467,16.2161,0.1447,0.0324,21.4319,2
216,12825884581959,12825889166106,12825890052442,12825890054146,12825906181262,12825906310596,12825906336799,3614535505,4.5841,0.8863,16.1271,0.1293,0.0262,21.7548,2
217,12825948692717,12825953470049,12825955005648,12825955009203,12825971969267,12825972145138,12825972178064,924559447,4.7773,1.5356,16.9601,0.1759,0.0329,23.4853,2
218,12825978702699,12825983002011,12825983739551,12825983740514,12826000348743,12826000496336,12826000524966,2235845847,4.2993,0.7375,16.6082,0.1476,0.0286,21.8223,2
219,12826036544859,12826040402318,12826041794749,12826041798009,12826058941832,12826059148573,12826059189574,966557305,3.8575,1.3924,17.1438,0.2067,0.0410,22.6447,2
220,12826080394467,12826084177389,12826085244337,12826085247893,12826101880566,12826102009789,12826102036789,1409664469,3.7829,1.0669,16.6327,0.1292,0.0270,21.6423,2
221,12826137445773,12826142035716,12826143356869,12826143358462,12826160071524,12826160211747,12826160239117,3073403079,4.5899,1.3212,16.7131,0.1402,0.0274,22.7933,2
222,12826169818301,12826173756464,12826174629449,12826174630634,12826190868306,12826191004325,12826191031417,3708205647,3.9382,0.8730,16.2377,0.1360,0.0271,21.2131,2
223,12826215652880,12826220203323,12826221031715,12826221034011,12826237305683,12826237436942,12826237463183,2418389928,4.5504,0.8284,16.2717,0.1313,0.0262,21.8103,2
224,12826278955894,12826283499022,12826284433859,12826284435284,12826300872938,12826301010846,12826301038661,934412178,4.5431,0.9348,16.4377,0.1379,0.0278,22.0828,2
225,12826320430623,12826324480360,12826325210974,12826325211992,12826341444682,12826341580350,12826341607220,1880665970,4.0497,0.7306,16.2327,0.1357,0.0269,21.1766,2
226,12826367486428,12826371162071,12826371896907,12826371898018,12826388137579,12826388328987,12826388365006,2787092613,3.6756,0.7348,16.2396,0.1914,0.0360,20.8786,2
227,12826450319607,12826454142825,12826455048218,12826455049773,12826471218778,12826471371297,12826471404760,4114872392,3.8232,0.9054,16.1690,0.1525,0.0335,21.0852,2
228,12826506445780,12826511546688,12826512574043,12826512575414,12826528940567,12826529077216,12826529105068,1376437639,5.1009,1.0274,16.3652,0.1366,0.0279,22.6593,2
229,12826533629196,12826538216509,12826538890327,12826538890993,12826554748608,12826554885312,12826554920850,1376437639,4.5873,0.6738,15.8576,0.1367,0.0355,21.2917,2
230,12826583904254,12826588439234,12826589894517,12826589895776,12826606236708,12826606384523,12826606413857,1781940549,4.5350,1.4553,16.3409,0.1478,0.0293,22.5096,2
231,12826621968600,12826625577669,12826626888785,12826626889988,12826643506847,12826643643514,12826643670810,1587410797,3.6091,1.3111,16.6169,0.1367,0.0273,21.7022,2
232,12826671894990,12826676649730,12826677830290,12826677831530,12826693975665,12826694105462,12826694131813,1484902371,4.7547,1.1806,16.1441,0.1298,0.0264,22.2368,2
233,12826728844887,12826733404590,12826734517131,12826734521298,12826750790803,12826750926285,12826750953803,1219303108,4.5597,1.1125,16.2695,0.1355,0.0275,22.1089,2
234,12826767693125,12826772785181,12826773911241,12826773913389,12826790028468,12826790162727,12826790189228,2312880462,5.0921,1.1261,16.1151,0.1343,0.0265,22.4961,2
235,12826852867832,12826857326534,12826858535594,12826858537186,12826875136582,12826875305267,12826875342527,4100897279,4.4587,1.2091,16.5994,0.1687,0.0373,22.4747,2
236,12826896809774,12826902310646,12826904311839,12826904316894,12826921566681,12826921720163,12826921750737,772815820,5.5009,2.0012,17.2498,0.1535,0.0306,24.9410,2
237,12826926601607,12826931352569,12826932550259,12826932551777,12826949092969,12826949234895,12826949262340,772815820,4.7510,1.1977,16.5412,0.1419,0.0274,22.6607,2
238,12827009059952,12827013617821,12827014486750,12827014487787,12827031394387,12827031532850,12827031560202,1359223698,4.5579,0.8689,16.9066,0.1385,0.0274,22.5003,2
239,12827040892441,12827044256435,12827045860904,12827045865645,12827062539744,12827062668985,12827062696319,1359223698,3.3640,1.6045,16.6741,0.1292,0.0273,21.8039,2
240,12827097402356,12827101278963,12827103126451,12827103127655,12827119312160,12827119446827,12827119473105,1446092055,3.8766,1.8475,16.1845,0.1347,0.0263,22.0707,2
241,12827125894906,12827130546664,12827131715650,12827131717354,12827147827396,12827147957748,12827147984841,1446092055,4.6518,1.1690,16.1100,0.1304,0.0271,22.0899,2
242,12827194610163,12827198389881,12827199696404,12827199698348,12827216536967,12827216703819,12827216731968,916783951,3.7797,1.3065,16.8386,0.1669,0.0281,22.1218,2
243,12827224060569,12827228095732,12827229199847,12827229201384,12827245540001,12827245700853,12827245736909,2359529015,4.0352,1.1041,16.3386,0.1609,0.0361,21.6763,2
244,12827291121690,12827294912796,12827295992411,12827295994837,12827312338602,12827312496399,12827312524232,3105596929,3.7911,1.0796,16.3438,0.1578,0.0278,21.4025,2
245,12827340743727,12827345129910,12827345908968,12827345909968,12827362046658,12827362175862,12827362202899,3862912408,4.3862,0.7791,16.1367,0.1292,0.0270,21.4592,2
246,12827391425805,12827395468079,12827396357897,12827396359156,12827412603310,12827412737273,12827412766218,502862413,4.0423,0.8898,16.2442,0.1340,0.0289,21.3404,2
247,12827442423551,12827446766382,12827447764700,12827447766552,12827464138595,12827464274151,12827464302206,3746354941,4.3428,0.9983,16.3720,0.1356,0.0281,21.8787,2
248,12827491734216,12827496131103,12827497837776,12827497839109,12827514378486,12827514519449,12827514548264,3027692924,4.3969,1.7067,16.5394,0.1410,0.0288,22.8140,2
249,12827525413620,12827530128952,12827530678213,12827530678973,12827547065645,12827547194164,12827547220534,3311284884,4.7153,0.5493,16.3867,0.1285,0.0264,21.8069,2
250,12827591672293,12827595600974,12827596773497,12827596775164,12827612728149,12827612870316,12827612898131,3500344666,3.9287,1.1725,15.9530,0.1422,0.0278,21.2258,2
251,12827641186626,12827645222196,12827646431182,12827646432719,12827663698210,12827663877118,12827663907118,1916581736,4.0356,1.2090,17.2655,0.1789,0.0300,22.7205,2
252,12827690133253,12827694701251,12827695668773,12827695669810,12827711962131,12827712139687,12827712166742,2087796689,4.5680,0.9675,16.2923,0.1776,0.0271,22.0335,2
253,12827738213580,12827742706301,12827743675582,12827743676990,12827759941347,12827760082458,12827760109681,265132315,4.4927,0.9693,16.2644,0.1411,0.0272,21.8961,2
254,12827790150089,12827794655124,12827795855573,12827795856777,12827812366079,12827812508784,12827812536839,1720620639,4.5050,1.2004,16.5093,0.1427,0.0281,22.3867,2
255,12827824245346,12827828721177,12827830014923,12827830016127,12827846241206,12827846368891,12827846395669,1162867361,4.4758,1.2937,16.2251,0.1277,0.0268,22.1503,2
256,12827891066854,12827895347074,12827896650153,12827896651746,12827913034566,12827913166418,12827913193567,4246478440,4.2802,1.3031,16.3828,0.1319,0.0271,22.1267,2
257,12827952882733,12827957539843,12827958536440,12827958537606,12827974954779,12827975088724,12827975116705,2918629613,4.6571,0.9966,16.4172,0.1339,0.0280,22.2340,2
258,12827989344203,12827993811145,12827994917594,12827994918798,12828011114728,12828011244470,12828011271451,2107854301,4.4669,1.1064,16.1959,0.1297,0.0270,21.9272,2
259,12828039915225,12828044932206,12828045557783,12828045558653,12828061932844,12828062067344,12828062095345,1430322027,5.0170,0.6256,16.3742,0.1345,0.0280,22.1801,2
260,12828097910626,12828102092901,12828103998057,12828103999760,12828120534415,12828120671008,12828120698471,896999367,4.1823,1.9052,16.5347,0.1366,0.0275,22.7878,2
261,12828126659067,12828131571622,12828132258940,12828132260218,12828148320240,12828148447389,12828148474482,2725115735,4.9126,0.6873,16.0600,0.1271,0.0271,21.8154,2
262,12828198346631,12828202380850,12828203640577,12828203643669,12828220088416,12828220221175,12828220249101,1415309057,4.0342,1.2597,16.4447,0.1328,0.0279,21.9025,2
263,12828245064176,12828249184209,12828250320306,12828250321491,12828267019369,12828267171851,12828267201684,1257659734,4.1200,1.1361,16.6979,0.1525,0.0298,22.1375,2
264,12828294171692,12828298656320,12828299299711,12828299300452,12828315581939,12828315721847,12828315749773,2995118143,4.4846,0.6434,16.2815,0.1399,0.0279,21.5781,2
265,12828339580917,12828343838100,12828344690621,12828344691547,12828360939664,12828361070553,12828361096997,3578736836,4.2572,0.8525,16.2481,0.1309,0.0264,21.5161,2
266,12828391339166,12828396305795,12828397183762,12828397184669,12828413381970,12828413533804,12828413560971,2273267532,4.9666,0.8780,16.1973,0.1518,0.0272,22.2218,2
267,12828430232200,12828433819398,12828434859680,12828434861939,12828451120167,12828451252371,12828451280464,2206662834,3.5872,1.0403,16.2582,0.1322,0.0281,21.0483,2
268,12828494570014,12828498361250,12828499372365,12828499373902,12828515735223,12828515871316,12828515898538,1791639284,3.7912,1.0111,16.3613,0.1361,0.0272,21.3285,2
269,12828538882605,12828542894750,12828543655808,12828543656753,12828559978999,12828560116925,12828560143314,1062207196,4.0121,0.7611,16.3222,0.1379,0.0264,21.2607,2
270,12828590841633,12828594777388,12828595484057,12828595485168,12828611935563,12828612072360,12828612099045,3712964365,3.9358,0.7067,16.4504,0.1368,0.0267,21.2574,2
271,12828641173969,12828645521651,12828646284117,12828646284951,12828662661197,12828662831957,12828662861698,1341545108,4.3477,0.7625,16.3762,0.1708,0.0297,21.6877,2
272,12828690584783,12828694768761,12828695939303,12828695940414,12828712444160,12828712582902,12828712610643,2142997866,4.1840,1.1705,16.5037,0.1387,0.0277,22.0259,2
273,12828732046456,12828736564602,12828737322457,12828737323476,12828753480462,12828753611666,12828753638870,1133614777,4.5181,0.7579,16.1570,0.1312,0.0272,21.5924,2
274,12828809791098,12828814231040,12828815032988,12828815033969,12828831314623,12828831451734,12828831480327,2530085710,4.4399,0.8019,16.2807,0.1371,0.0286,21.6892,2
275,12828842763388,12828847170848,12828847850851,12828847851944,12828864147504,12828864289783,12828864322505,3145567086,4.4075,0.6800,16.2956,0.1423,0.0327,21.5591,2
276,12828892063405,12828896656459,12828897351276,12828897352147,12828913462540,12828913591781,12828913619485,4129387939,4.5931,0.6948,16.1104,0.1292,0.0277,21.5561,2
277,12828952164277,12828956968277,12828957662520,12828957663372,12828973999377,12828974134044,12828974161119,4204838951,4.8040,0.6942,16.3360,0.1347,0.0271,21.9968,2
278,12828994172304,12828998851766,12828999566639,12828999568010,12829015854348,12829015989719,12829016028293,4287858182,4.6795,0.7149,16.2863,0.1354,0.0386,21.8560,2
279,12829043349118,12829047334595,12829048209617,12829048213710,12829064713327,12829064849957,12829064876439,1509219816,3.9855,0.8750,16.4996,0.1366,0.0265,21.5273,2
280,12829093644713,12829097818117,12829098692528,12829098693472,12829115071367,12829115221423,12829115249756,297342874,4.1734,0.8744,16.3779,0.1501,0.0283,21.6050,2
281,12829155028164,12829159345199,12829160274683,12829160276202,12829176567448,12829176718393,12829176745467,1460760101,4.3170,0.9295,16.2912,0.1509,0.0271,21.7173,2
282,12829190134499,12829194388922,12829195471852,12829195472796,12829211568430,12829211702042,12829211729116,1334594036,4.2544,1.0829,16.0956,0.1336,0.0271,21.5946,2
283,12829243197548,12829249963185,12829250535983,12829250536780,12829267540195,12829267677918,12829267705621,244011326,6.7656,0.5728,17.0034,0.1377,0.0277,24.5081,2
284,12829291019134,12829295371465,12829296496803,12829296497933,12829312882605,12829313018976,12829313046976,1041767232,4.3523,1.1253,16.3847,0.1364,0.0280,22.0278,2
285,12829334323851,12829339160055,12829339971706,12829339973224,12829356141414,12829356270933,12829356297285,2003016459,4.8362,0.8117,16.1682,0.1295,0.0264,21.9734,2
286,12829390926285,12829395388839,12829396584195,12829396585565,12829412716051,12829412874589,12829412903034,1712940729,4.4626,1.1954,16.1305,0.1585,0.0284,21.9767,2
287,12829441915660,12829446417640,12829447282958,12829447283847,12829463456796,12829463598278,12829463626482,1824571667,4.5020,0.8653,16.1729,0.1415,0.0282,21.7108,2
288,12829490187637,12829494743209,12829495586713,12829495587824,12829511840495,12829511984959,12829512023996,1042486156,4.5556,0.8435,16.2527,0.1445,0.0390,21.8364,2
289,12829551966867,12829556345680,12829557250702,12829557251702,12829573426540,12829573564633,12829573593059,138018988,4.3788,0.9050,16.1748,0.1381,0.0284,21.6262,2
290,12829589302284,12829593595449,12829594414415,12829594415396,12829610675327,12829610804994,12829610832087,2387421871,4.2932,0.8190,16.2599,0.1297,0.0271,21.5298,2
291,12829639475972,12829644098841,12829645081622,12829645082641,12829661159182,12829661289498,12829661316442,4188641643,4.6229,0.9828,16.0765,0.1303,0.0269,21.8405,2
292,12829691681185,12829695928516,12829697120335,12829697121539,12829713240488,12829713368914,12829713396099,3329022426,4.2473,1.1918,16.1189,0.1284,0.0272,21.7149,2
293,12829753042266,12829757610301,12829758819806,12829758821158,12829775209478,12829775344923,12829775372071,4102501705,4.5680,1.2095,16.3883,0.1354,0.0271,22.3298,2
294,12829791967948,12829796044074,12829797582932,12829797584488,12829814704292,12829814837219,12829814864367,1002858772,4.0761,1.5389,17.1198,0.1329,0.0271,22.8964,2
295,12829841962653,12829846448151,12829847737878,12829847739045,12829863873957,12829864012569,12829864039643,3390717804,4.4855,1.2897,16.1349,0.1386,0.0271,22.0770,2
296,12829895324630,12829899851314,12829901374190,12829901375634,12829917625658,12829917759918,12829917786640,2153832218,4.5267,1.5229,16.2500,0.1343,0.0267,22.4620,2
297,12829941095079,12829945396373,12829946451747,12829946452988,12829962875771,12829963007605,12829963034735,3959197868,4.3013,1.0554,16.4228,0.1318,0.0271,21.9397,2
298,12829998927887,12830003017921,12830004538278,12830004542612,12830021253100,12830021391082,12830021418323,1166172304,4.0900,1.5204,16.7105,0.1380,0.0272,22.4904,2
299,12830044157963,12830048944555,12830049872188,12830049873207,12830066412380,12830066620362,12830066659362,2274751565,4.7866,0.9276,16.5392,0.2080,0.0390,22.5014,2
300,12830093051553,12830097648293,12830098732648,12830098734093,12830115054098,12830115184969,12830115210636,277799458,4.5967,1.0844,16.3200,0.1309,0.0257,22.1591,2
301,12830150841084,12830155280804,12830156068029,12830156069325,12830172430238,12830172565665,12830172593517,753549488,4.4397,0.7872,16.3609,0.1354,0.0279,21.7524,2
302,12830201709199,12830206433291,12830207367720,12830207369017,12830223566336,12830223712689,12830223740208,2242758203,4.7241,0.9344,16.1973,0.1464,0.0275,22.0310,2
303,12830252289370,12830256730071,12830257943668,12830257945113,12830274448137,12830274584656,12830274612212,3992052248,4.4407,1.2136,16.5030,0.1365,0.0276,22.3228,2
304,12830300612254,12830304732528,12830306139959,12830306141274,12830322588410,12830322720077,12830322746670,4243768210,4.1203,1.4074,16.4471,0.1317,0.0266,22.1344,2
305,12830353103283,12830358189709,12830358800860,12830358801915,12830375085143,12830375237940,12830375269680,826469190,5.0864,0.6112,16.2832,0.1528,0.0317,22.1664,2
306,12830399175121,12830404432104,12830405431237,12830405432441,12830422028318,12830422208152,12830422241448,2360899910,5.2570,0.9991,16.5959,0.1798,0.0333,23.0663,2
307,12830448221786,12830453420231,12830454055178,12830454056122,12830470242127,12830470382183,12830470412424,1757676704,5.1984,0.6349,16.1860,0.1401,0.0302,22.1906,2
308,12830503737160,12830509420903,12830510084406,12830510085313,12830526350707,12830526503504,12830526534134,92947246,5.6837,0.6635,16.2654,0.1528,0.0306,22.7970,2
309,12830606434080,12830612137749,12830613010290,12830613011623,12830629388610,12830629557759,12830629588129,1195815662,5.7037,0.8725,16.3770,0.1691,0.0304,23.1540,2
310,12830638713978,12830644801334,12830646242062,12830646243469,12830662164825,12830662315844,12830662343807,1195815662,6.0874,1.4407,15.9214,0.1510,0.0280,23.6298,2
311,12830674143018,12830680054373,12830680822043,12830680823950,12830697927236,12830698070737,12830698102200,628834286,5.9114,0.7677,17.1033,0.1435,0.0315,23.9592,2
312,12830706359249,12830710963896,12830711715528,12830711716454,12830727812663,12830727941515,12830727968885,1700862859,4.6046,0.7516,16.0962,0.1289,0.0274,21.6096,2
313,12830763898890,12830768230239,12830769400670,12830769402188,12830785883842,12830786029435,12830786057861,2105410836,4.3313,1.1704,16.4817,0.1456,0.0284,22.1590,2
314,12830800641416,12830805232951,12830806393659,12830806394882,12830822387645,12830822519646,12830822546868,2105410836,4.5915,1.1607,15.9928,0.1320,0.0272,21.9055,2
315,12830851368346,12830856251790,12830856974756,12830856975793,12830873183575,12830873311317,12830873338317,2105410836,4.8834,0.7230,16.2078,0.1277,0.0270,21.9700,2
316,12830927600167,12830933013095,12830934539341,12830934541064,12830950796143,12830950935143,12830950962866,1778631424,5.4129,1.5262,16.2551,0.1390,0.0277,23.3627,2
317,12830955313919,12830960322197,12830961047940,12830961048977,12830977141186,12830977282093,12830977310853,1778631424,5.0083,0.7257,16.0922,0.1409,0.0288,21.9969,2
318,12831003195301,12831007965060,12831008843156,12831008844119,12831024834160,12831025056457,12831025086976,1778631424,4.7698,0.8781,15.9900,0.2223,0.0305,21.8917,2
319,12831061478982,12831066006702,12831067267726,12831067268911,12831083881528,12831084032047,12831084061955,1778631424,4.5277,1.2610,16.6126,0.1505,0.0299,22.5830,2
320,12831115241182,12831120258331,12831120928759,12831120929685,12831137187116,12831137327543,12831137355654,1778631424,5.0171,0.6704,16.2574,0.1404,0.0281,22.1145,2
321,12831153700789,12831158318954,12831159427088,12831159428329,12831175395073,12831175526629,12831175553963,1778631424,4.6182,1.1081,15.9667,0.1316,0.0273,21.8532,2
322,12831203769772,12831208431956,12831209737165,12831209738665,12831225863891,12831225991781,12831226019151,1778631424,4.6622,1.3052,16.1252,0.1279,0.0274,22.2494,2
323,12831255619336,12831260738670,12831261701914,12831261703414,12831277977623,12831278141364,12831278171827,4105131378,5.1193,0.9632,16.2742,0.1637,0.0305,22.5525,2
324,12831341607157,12831346916084,12831348099885,12831348101792,12831364472335,12831364618039,12831364647650,384621059,5.3089,1.1838,16.3705,0.1457,0.0296,23.0405,3
325,12831373745739,12831379232278,12831380395857,12831380397579,12831396699418,12831396841103,12831396870048,384621059,5.4865,1.1636,16.3018,0.1417,0.0289,23.1243,3
326,12831410905693,12831415444265,12831416399084,12831416400510,12831432726219,12831432875053,12831432903905,2703578348,4.5386,0.9548,16.3257,0.1488,0.0289,21.9982,2
327,12831493147241,12831498432112,12831499525875,12831499529264,12831516310420,12831516445309,12831516472957,2607648092,5.2849,1.0938,16.7812,0.1349,0.0276,23.3257,2
328,12831523056686,12831527601258,12831528515521,12831528516873,12831544617673,12831544756378,12831544785007,1600954798,4.5446,0.9143,16.1008,0.1387,0.0286,21.7283,3
329,12831565530751,12831569712360,12831570923512,12831570925197,12831587236444,12831587397240,12831587424926,2814232016,4.1816,1.2112,16.3112,0.1608,0.0277,21.8942,2
330,12831611707276,12831615856643,12831616910906,12831616912239,12831632907151,12831633041726,12831633069115,584267362,4.1494,1.0543,15.9949,0.1346,0.0274,21.3618,2
331,12831659707066,12831664397491,12831665204012,12831665205438,12831681314517,12831681445684,12831681471869,2463443784,4.6904,0.8065,16.1091,0.1312,0.0262,21.7648,2
332,12831710956127,12831714924735,12831715735127,12831715736682,12831731968039,12831732103503,12831732130447,615782696,3.9686,0.8104,16.2314,0.1355,0.0269,21.1743,2
333,12831783710732,12831787679006,12831788819196,12831788820511,12831805096719,12831805232201,12831805258961,2720636125,3.9683,1.1402,16.2762,0.1355,0.0268,21.5482,2
334,12831824783071,12831829161328,12831829905238,12831829906127,12831845995724,12831846125354,12831846152224,2998351764,4.3783,0.7439,16.0896,0.1296,0.0269,21.3692,2
335,12831908353068,12831912943603,12831914313349,12831914314386,12831931006337,12831931189394,12831931219097,3920121123,4.5905,1.3697,16.6920,0.1831,0.0297,22.8660,3
336,12831937838289,12831942940197,12831944262368,12831944264961,12831960642485,12831960787819,12831960817541,3920121123,5.1019,1.3222,16.3775,0.1453,0.0297,22.9793,3
337,12831984378259,12831989027998,12831990145299,12831990146669,12832006577230,12832006712435,12832006739342,4181356876,4.6497,1.1173,16.4306,0.1352,0.0269,22.3611,2
338,12832034914966,12832038894758,12832039641558,12832039642243,12832055851951,12832056072674,12832056103656,2428374615,3.9798,0.7468,16.2097,0.2207,0.0310,21.1887,2
339,12832076185361,12832080054931,12832080927156,12832080928638,12832097273328,12832097403236,12832097430551,3756796788,3.8696,0.8722,16.3447,0.1299,0.0273,21.2452,2
340,12832133356000,12832137725386,12832138761724,12832138762909,12832154887395,12832155027747,12832155056470,2596041431,4.3694,1.0363,16.1245,0.1404,0.0287,21.7005,3
341,12832165173285,12832169628339,12832170330619,12832170332008,12832186492717,12832186638458,12832186669180,3132472147,4.4551,0.7023,16.1607,0.1457,0.0307,21.4959,4
342,12832214185394,12832217833297,12832219128616,12832219130283,12832235279547,12832235409232,12832235435899,81037637,3.6479,1.2953,16.1493,0.1297,0.0267,21.2505,2
343,12832303014429,12832306532294,12832307918040,12832307919429,12832324875844,12832325021326,12832325050937,203236911,3.5179,1.3857,16.9564,0.1455,0.0296,22.0365,4
344,12832338410728,12832342575429,12832343893267,12832343895730,12832360189994,12832360324328,12832360352347,3800602920,4.1647,1.3178,16.2943,0.1343,0.0280,21.9416,3
345,12832395948202,12832400628571,12832401485537,12832401486778,12832417952247,12832418089784,12832418118488,1103710137,4.6804,0.8570,16.4655,0.1375,0.0287,22.1703,2
346,12832438981585,12832443084822,12832443956807,12832443958011,12832460394424,12832460574406,12832460610536,3400921828,4.1032,0.8720,16.4364,0.1800,0.0361,21.6290,3
347,12832484151198,12832488193416,12832489042734,12832489043790,12832505419573,12832505551481,12832505578444,2647368863,4.0422,0.8493,16.3758,0.1319,0.0270,21.4272,2
348,12832538409196,12832541855191,12832543403437,12832543406622,12832560429593,12832560565131,12832560593316,2276903927,3.4460,1.5482,17.0230,0.1355,0.0282,22.1841,2
349,12832573071344,12832576939618,12832578237660,12832578239308,12832594530406,12832594679721,12832594708777,1371523791,3.8683,1.2980,16.2911,0.1493,0.0291,21.6374,2
350,12832620163353,12832623738774,12832625000890,12832625002242,12832641098228,12832641233802,12832641262376,259909297,3.5754,1.2621,16.0960,0.1356,0.0286,21.0990,3
351,12832674083166,12832678024902,12832678964628,12832678966239,12832695102374,12832695234022,12832695261337,3848284763,3.9417,0.9397,16.1361,0.1316,0.0273,21.1782,2
352,12832731896566,12832736170175,12832737097030,12832737098141,12832753299517,12832753448610,12832753476406,1993848866,4.2736,0.9269,16.2014,0.1491,0.0278,21.5798,2
353,12832797446533,12832802343218,12832803105369,12832803106684,12832819380467,12832819528097,12832819556949,2168596110,4.8967,0.7622,16.2738,0.1476,0.0289,22.1104,2
354,12832842473201,12832846346345,12832847027255,12832847028552,12832863350742,12832863498298,12832863530150,3142763230,3.8731,0.6809,16.3222,0.1476,0.0319,21.0569,2
355,12832888442836,12832892890778,12832893664059,12832893665411,12832910196102,12832910326325,12832910352899,15640163,4.4479,0.7733,16.5307,0.1302,0.0266,21.9101,2
356,12832951140255,12832956474645,12832957160574,12832957161944,12832973325023,12832973457079,12832973482672,2924111654,5.3344,0.6859,16.1631,0.1321,0.0256,22.3424,1
357,12832980035918,12832984088989,12832985376346,12832985377642,12833001681851,12833001813055,12833001840018,80359300,4.0531,1.2874,16.3042,0.1312,0.0270,21.8041,2
358,12833040963979,12833045900701,12833046638963,12833046639685,12833062896264,12833063026172,12833063051339,778357382,4.9367,0.7383,16.2566,0.1299,0.0252,22.0874,1
359,12833082921969,12833089050732,12833089774957,12833089775939,12833105826851,12833105954703,12833105979610,1943819198,6.1288,0.7242,16.0509,0.1279,0.0249,23.0576,1
360,12833139840589,12833143339546,12833147045393,12833147046727,12833163349121,12833163493677,12833163521047,1736799636,3.4990,3.7058,16.3024,0.1446,0.0274,23.6805,1
361,12833171091687,12833175121146,12833175960483,12833175962816,12833192253636,12833192388933,12833192415748,41726053,4.0295,0.8393,16.2908,0.1353,0.0268,21.3241,2
362,12833226690709,12833230657965,12833231435690,12833231436986,12833247696528,12833247826362,12833247852214,3447610056,3.9673,0.7777,16.2595,0.1298,0.0259,21.1615,1
363,12833275595725,12833280550095,12833281318431,12833281319728,12833297456862,12833297598381,12833297625011,249138764,4.9544,0.7683,16.1371,0.1415,0.0266,22.0293,1
364,12833329890020,12833336787712,12833337558141,12833337559808,12833353825998,12833353987962,12833354016999,2259171989,6.8977,0.7704,16.2662,0.1620,0.0290,24.1270,2
365,12833398905037,12833403142756,12833404092667,12833404096075,12833420604951,12833420756544,12833420784044,2154364103,4.2377,0.9499,16.5089,0.1516,0.0275,21.8790,2
366,12833445946101,12833450113580,12833451171732,12833451173510,12833467564145,12833467699108,12833467726756,759541718,4.1675,1.0582,16.3906,0.1350,0.0276,21.7807,2
367,12833488098110,12833492182422,12833492998017,12833492999499,12833509168226,12833509304060,12833509330338,3520390856,4.0843,0.8156,16.1687,0.1358,0.0263,21.2322,2
368,12833547645425,12833551851904,12833553429539,12833553431410,12833569900490,12833570035842,12833570063138,4064146170,4.2065,1.5776,16.4691,0.1354,0.0273,22.4177,2
369,12833578178094,12833582367592,12833583540948,12833583542226,12833599505248,12833599634786,12833599661545,2273148370,4.1895,1.1734,15.9630,0.1295,0.0268,21.4835,2
370,12833631469923,12833636164218,12833637120963,12833637123629,12833653060355,12833653194541,12833653221708,980092264,4.6943,0.9567,15.9367,0.1342,0.0272,21.7518,2
371,12833676811185,12833681409313,12833682152408,12833682154390,12833698224765,12833698349043,12833698374469,1066192228,4.5981,0.7431,16.0704,0.1243,0.0254,21.5633,1
372,12833736780649,12833742434985,12833743572415,12833743573786,12833759716383,12833759860180,12833759888032,2017900968,5.6543,1.1374,16.1426,0.1438,0.0279,23.1074,1
373,12833808210508,12833814134086,12833815010311,12833815011756,12833831798096,12833831936801,12833831964393,3026630691,5.9236,0.8762,16.7863,0.1387,0.0276,23.7539,2
374,12833858357732,12833863434103,12833864638071,12833864639404,12833880811816,12833880945409,12833880971539,1804834727,5.0764,1.2040,16.1724,0.1336,0.0261,22.6138,1
375,12833889354830,12833893650309,12833894747757,12833894748720,12833911091948,12833911219374,12833911244930,2933001116,4.2955,1.0974,16.3432,0.1274,0.0256,21.8901,1
376,12833960545577,12833965509595,12833966492303,12833966493932,12833982935975,12833983066290,12833983091587,1784976900,4.9640,0.9827,16.4420,0.1303,0.0253,22.5460,1
377,12833990862949,12833995436781,12833996457748,12833996458988,12834012484233,12834012610234,12834012635790,2551664871,4.5738,1.0210,16.0252,0.1260,0.0256,21.7728,1
378,12834035680190,12834039856780,12834040673024,12834040674042,12834056750676,12834056877492,12834056903195,2537874355,4.1766,0.8162,16.0766,0.1268,0.0257,21.2230,1
379,12834080828192,12834085452654,12834086742751,12834086743825,12834102651718,12834102777515,12834102803385,3165651801,4.6245,1.2901,15.9079,0.1258,0.0259,21.9752,1
380,12834138063776,12834142276051,12834143385685,12834143386814,12834159519375,12834159648227,12834159675338,3839754358,4.2123,1.1096,16.1326,0.1289,0.0271,21.6116,1
381,12834179184096,12834183815743,12834184578727,12834184579820,12834200820436,12834200989640,12834201020511,450459157,4.6316,0.7630,16.2406,0.1692,0.0309,21.8364,1
382,12834236151864,12834240676214,12834241349328,12834241350384,12834257430388,12834257552926,12834257578259,891646475,4.5244,0.6731,16.0800,0.1225,0.0253,21.4264,1
383,12834315556642,12834321185237,12834322071296,12834322072666,12834338781321,12834338911933,12834338937600,720373635,5.6286,0.8861,16.7087,0.1306,0.0257,23.3810,1
384,12834344621491,12834349123045,12834349832992,12834349834048,12834365952200,12834366074219,12834366099738,720373635,4.5016,0.7099,16.1182,0.1220,0.0255,21.4782,1
385,12834405652571,12834409908105,12834411092573,12834411093776,12834427394448,12834427526689,12834427552597,187579545,4.2555,1.1845,16.3007,0.1322,0.0259,21.9000,1
386,12834454193326,12834459963218,12834460778073,12834460779406,12834477537913,12834477669543,12834477695284,907233240,5.7699,0.8149,16.7585,0.1316,0.0257,23.5020,1
387,12834486788707,12834490715092,12834491396243,12834491397205,12834507680600,12834507804507,12834507829693,2129903163,3.9264,0.6812,16.2834,0.1239,0.0252,21.0410,1
388,12834553788290,12834558992513,12834559993276,12834559994721,12834576465875,12834576605431,12834576631024,2356044275,5.2042,1.0008,16.4712,0.1396,0.0256,22.8427,1
389,12834584194126,12834589122015,12834589896092,12834589896869,12834605880059,12834606026781,12834606052837,1775432267,4.9279,0.7741,15.9832,0.1467,0.0261,21.8587,1
390,12834630462780,12834634777777,12834635983745,12834635985134,12834652294695,12834652433973,12834652461121,4163352018,4.3150,1.2060,16.3096,0.1393,0.0271,21.9983,1
391,12834682550456,12834687194899,12834688489330,12834688493626,12834705159744,12834705333430,12834705361263,611611043,4.6444,1.2944,16.6661,0.1737,0.0278,22.8108,1
392,12834735680524,12834739373538,12834740273208,12834740275393,12834756491250,12834756616677,12834756641362,976540153,3.6930,0.8997,16.2159,0.1254,0.0247,20.9608,1
393,12834812539107,12834816621123,12834817590737,12834817591904,12834833777261,12834833907576,12834833937909,550698137,4.0820,0.9696,16.1854,0.1303,0.0303,21.3988,1
394,12834858047092,12834862142626,12834863304315,12834863305426,12834879818099,12834879944266,12834879970785,3448561008,4.0955,1.1617,16.5127,0.1262,0.0265,21.9237,1
395,12834902731796,12834907051053,12834907818648,12834907819518,12834923968653,12834924103505,12834924128339,1543352761,4.3193,0.7676,16.1491,0.1349,0.0248,21.3965,1
396,12834996601461,12835001849369,12835003343171,12835003348875,12835020111660,12835020283771,12835020316309,672031339,5.2479,1.4938,16.7628,0.1721,0.0325,23.7148,1
397,12835042619558,12835047075019,12835048305913,12835048307802,12835064632085,12835064777567,12835064803475,672031339,4.4555,1.2309,16.3243,0.1455,0.0259,22.1839,1
398,12835085698923,12835090712905,12835091843187,12835091844261,12835108285137,12835108418415,12835108444434,3470176659,5.0140,1.1303,16.4409,0.1333,0.0260,22.7455,1
399,12835114022843,12835118486249,12835119147270,12835119148214,12835135375404,12835135504683,12835135530961,986202377,4.4634,0.6610,16.2272,0.1293,0.0263,21.5081,1
400,12835163394342,12835167848155,12835168552102,12835168553028,12835184775311,12835184915163,12835184943182,3251750727,4.4538,0.7039,16.2223,0.1399,0.0280,21.5488,2
401,12835203433381,12835208337547,12835209324662,12835209325717,12835225594130,12835225732056,12835225759168,4010317017,4.9042,0.9871,16.2684,0.1379,0.0271,22.3258,2
402,12835247935917,12835253993125,12835254710572,12835254711905,12835271235115,12835271363264,12835271388745,1493683616,6.0572,0.7174,16.5232,0.1281,0.0255,23.4528,1
403,12835295712206,12835302424954,12835303158419,12835303159716,12835319624147,12835319749222,12835319774778,986173239,6.7127,0.7335,16.4644,0.1251,0.0256,24.0626,1
404,12835354655223,12835358714978,12835359470833,12835359472333,12835376790898,12835376915176,12835376939824,986173239,4.0598,0.7559,17.3186,0.1243,0.0246,22.2846,1
405,12835418238608,12835423364016,12835424398724,12835424400520,12835440503098,12835440630654,12835440662229,3314589869,5.1254,1.0347,16.1026,0.1276,0.0316,22.4236,1
406,12835468482444,12835472751348,12835473531370,12835473532851,12835489755245,12835489889857,12835489916468,439780257,4.2689,0.7800,16.2224,0.1346,0.0266,21.4340,1
407,12835513098443,12835517338089,12835518550445,12835518551853,12835535242582,12835535455045,12835535487453,279771931,4.2396,1.2124,16.6907,0.2125,0.0324,22.3890,1
408,12835561544920,12835566326901,12835567205756,12835567207312,12835583431984,12835583562688,12835583589225,2512229357,4.7820,0.8789,16.2247,0.1307,0.0265,22.0443,1
409,12835601588903,12835605779048,12835607315350,12835607317165,12835623909949,12835624049172,12835624074617,2363226946,4.1901,1.5363,16.5928,0.1392,0.0254,22.4857,1
410,12835652995762,12835658549579,12835659304248,12835659305322,12835675619216,12835675764754,12835675794717,3710142131,5.5538,0.7547,16.3139,0.1455,0.0300,22.7990,1
411,12835702929003,12835708248857,12835709044786,12835709046137,12835725193216,12835725332106,12835725362143,1375120271,5.3199,0.7959,16.1471,0.1389,0.0300,22.4331,1
412,12835754572826,12835759769697,12835760752756,12835760754330,12835777326114,12835777469226,12835777499300,3969474828,5.1969,0.9831,16.5718,0.1431,0.0301,22.9265,1
413,12835799978680,12835806419538,12835807129318,12835807130411,12835823421249,12835823562842,12835823592065,1983654456,6.4409,0.7098,16.2908,0.1416,0.0292,23.6134,1
414,12835865281239,12835870488221,12835871334021,12835871335076,12835887446525,12835887588729,12835887617267,4220619811,5.2070,0.8458,16.1114,0.1422,0.0285,22.3360,1
415,12835942154100,12835948531086,12835949748535,12835949750665,12835966586783,12835966737821,12835966768358,517675510,6.3770,1.2174,16.8361,0.1510,0.0305,24.6143,1
416,12835970964744,12835976354931,12835977267564,12835977268953,12835993461402,12835993605440,12835993636070,517675510,5.3902,0.9126,16.1924,0.1440,0.0306,22.6713,1
417,12836040262077,12836045799746,12836046978435,12836046981120,12836063492682,12836063639275,12836063667831,1748786113,5.5377,1.1787,16.5116,0.1466,0.0286,23.4058,1
418,12836072206066,12836079318426,12836080457875,12836080459005,12836096768788,12836096899584,12836096927251,1748786113,7.1124,1.1394,16.3098,0.1308,0.0277,24.7212,1
419,12836140118209,12836146260713,12836147645885,12836147647792,12836164409466,12836164567096,12836164597244,2189033379,6.1425,1.3852,16.7617,0.1576,0.0301,24.4790,1
420,12836170379266,12836175314747,12836176094047,12836176095306,12836192248107,12836192384681,12836192414330,2189033379,4.9355,0.7793,16.1528,0.1366,0.0296,22.0351,1
421,12836244199190,12836250912511,12836252073089,12836252074404,12836268690577,12836268844837,12836268875745,1891770716,6.7133,1.1606,16.6162,0.1543,0.0309,24.6766,1
422,12836274491932,12836279728174,12836281314865,12836281317532,12836298061150,12836298229521,12836298260632,1891770716,5.2362,1.5867,16.7436,0.1684,0.0311,23.7687,1
423,12836345342474,12836350792754,12836351780832,12836351782461,12836368625931,12836368755358,12836368781006,3094877408,5.4503,0.9881,16.8435,0.1294,0.0256,23.4385,1
424,12836385484291,12836389770010,12836390860496,12836390863051,12836407251150,12836407376502,12836407403021,3094877408,4.2857,1.0905,16.3881,0.1254,0.0265,21.9187,1
425,12836440934849,12836445394144,12836446591574,12836446593963,12836463071506,12836463208007,12836463234933,408955263,4.4593,1.1974,16.4775,0.1365,0.0269,22.3001,1
426,12836472316763,12836475997554,12836477285985,12836477288818,12836493463175,12836493588694,12836493614435,1185907906,3.6808,1.2884,16.1744,0.1255,0.0257,21.2977,1
427,12836541618299,12836546601688,12836547748970,12836547750192,12836564048587,12836564175531,12836564201180,3960463515,4.9834,1.1473,16.2984,0.1269,0.0256,22.5829,1
428,12836571756930,12836575018868,12836575867871,12836575870501,12836592374692,12836592499396,12836592525193,3960463515,3.2619,0.8490,16.5042,0.1247,0.0258,20.7683,1
429,12836639587331,12836645264575,12836646117948,12836646119004,12836661806729,12836661933118,12836661958693,1501127660,5.6772,0.8534,15.6877,0.1264,0.0256,22.3714,1
430,12836690789763,12836695518947,12836696535784,12836696537155,12836712733326,12836712878105,12836712912216,883955132,4.7292,1.0168,16.1962,0.1448,0.0341,22.1225,1
431,12836739950261,12836745212151,12836746505323,12836746507415,12836762854199,12836762983995,12836763010070,446246138,5.2619,1.2932,16.3468,0.1298,0.0261,23.0598,1
432,12836770964525,12836775409745,12836776423490,12836776424953,12836792585661,12836792706810,12836792731292,446246138,4.4452,1.0137,16.1607,0.1211,0.0245,21.7668,1
433,12836841385825,12836846111361,12836846977809,12836846978846,12836862963516,12836863095128,12836863121443,2554282479,4.7255,0.8664,15.9847,0.1316,0.0263,21.7356,1
434,12836894153577,12836898795613,12836899362763,12836899363671,12836915670584,12836915802047,12836915827936,1239615756,4.6420,0.5672,16.3069,0.1315,0.0259,21.6744,1
435,12836940045323,12836945282768,12836946569588,12836946570865,12836962804963,12836962935093,12836962960797,3163900016,5.2374,1.2868,16.2341,0.1301,0.0257,22.9155,1
436,12836970063268,12836974251487,12836975386399,12836975387529,12836991598311,12836991721923,12836991746590,3163900016,4.1882,1.1349,16.2108,0.1236,0.0247,21.6833,1
437,12837040419345,12837045589679,12837046778073,12837046779036,12837063060485,12837063191264,12837063216041,693690630,5.1703,1.1884,16.2814,0.1308,0.0248,22.7967,1
438,12837070037493,12837074455898,12837075793236,12837075794477,12837092053167,12837092175946,12837092201316,1880569662,4.4184,1.3373,16.2587,0.1228,0.0254,22.1638,1
439,12837140500052,12837144794642,12837146029091,12837146030610,12837162210614,12837162337596,12837162364171,101017468,4.2946,1.2344,16.1800,0.1270,0.0266,21.8641,1
440,12837189513550,12837193880936,12837195051459,12837195054885,12837211477632,12837211602336,12837211627262,720638161,4.3674,1.1705,16.4227,0.1247,0.0249,22.1137,1
441,12837240356017,12837244818311,12837245532703,12837245533722,12837261625411,12837261750708,12837261776041,3083537508,4.4623,0.7144,16.0917,0.1253,0.0253,21.4200,1
442,12837289402311,12837294061180,12837294898591,12837294899480,12837311309134,12837311459338,12837311487134,1959586529,4.6589,0.8374,16.4097,0.1502,0.0278,22.0848,1
443,12837340367112,12837345366427,12837347172767,12837347174008,12837363691625,12837363830867,12837363856459,2390528906,4.9993,1.8063,16.5176,0.1392,0.0256,23.4893,1
444,12837370560558,12837375152372,12837375857467,12837375858393,12837391820119,12837391943768,12837391968786,3972463221,4.5918,0.7051,15.9617,0.1236,0.0250,21.4082,1
445,12837445969284,12837451612676,12837452345586,12837452347345,12837468343997,12837468476313,12837468501905,3065215776,5.6434,0.7329,15.9967,0.1323,0.0256,22.5326,1
446,12837490196375,12837494649836,12837495612377,12837495613617,12837511858882,12837511999456,12837512117512,2861925180,4.4535,0.9625,16.2453,0.1406,0.1181,21.9211,1
447,12837540957453,12837545612378,12837546330270,12837546331233,12837562511441,12837562640701,12837562667127,1408699247,4.6549,0.7179,16.1802,0.1293,0.0264,21.7097,1
448,12837590488064,12837594980303,12837595994529,12837595995899,12837612169312,12837612297164,12837612323590,3829574958,4.4922,1.0142,16.1734,0.1279,0.0264,21.8355,1
449,12837645432899,12837650914641,12837651840034,12837651841404,12837668367892,12837668499262,12837668526151,3786753714,5.4817,0.9254,16.5265,0.1314,0.0269,23.0933,1
450,12837674313932,12837678876190,12837679891805,12837679892916,12837696026921,12837696152069,12837696177588,1968286174,4.5623,1.0156,16.1340,0.1251,0.0255,21.8637,1
451,12837753750969,12837758338394,12837759140841,12837759142304,12837775228087,12837775360939,12837775386532,4027097774,4.5874,0.8024,16.0858,0.1329,0.0256,21.6356,1
452,12837790518162,12837795118179,12837796199831,12837796202794,12837812249428,12837812431281,12837812460096,3861683488,4.6000,1.0817,16.0466,0.1819,0.0288,21.9419,1
453,12837838844972,12837843398896,12837844676420,12837844677605,12837860805998,12837860931777,12837860957036,4279117292,4.5539,1.2775,16.1284,0.1258,0.0253,22.1121,1
454,12837890705591,12837895254164,12837896295705,12837896297538,12837912281135,12837912410561,12837912435617,852051382,4.5486,1.0415,15.9836,0.1294,0.0251,21.7300,1
455,12837955033202,12837960758760,12837961769171,12837961770227,12837978036121,12837978167714,12837978193807,350728699,5.7256,1.0104,16.2659,0.1316,0.0261,23.1606,1
456,12837985964780,12837990463019,12837991385560,12837991386634,12838007441416,12838007566009,12838007590787,771062802,4.4982,0.9225,16.0548,0.1246,0.0248,21.6260,1
457,12838040521058,12838044963259,12838045713577,12838045714447,12838061598655,12838061723600,12838061748267,460052782,4.4422,0.7503,15.8842,0.1249,0.0247,21.2272,1
458,12838089689130,12838094389222,12838095119206,12838095120928,12838111401248,12838111525082,12838111550119,1950965994,4.7001,0.7300,16.2803,0.1238,0.0250,21.8610,1
459,12838151812251,12838156351027,12838157396123,12838157397494,12838173477443,12838173606684,12838173632443,3895301394,4.5388,1.0451,16.0799,0.1292,0.0258,21.8202,1
460,12838191446158,12838195564581,12838196864493,12838196866289,12838213161387,12838213289165,12838213314721,3838733463,4.1184,1.2999,16.2951,0.1278,0.0256,21.8686,1
461,12838241008917,12838244976709,12838245826768,12838245827898,12838261851735,12838261980754,12838262005643,1429239104,3.9678,0.8501,16.0238,0.1290,0.0249,20.9967,1
462,12838289717969,12838294157134,12838295001044,12838295001914,12838311391550,12838311513846,12838311538384,1319940680,4.4392,0.8439,16.3896,0.1223,0.0245,21.8204,1
463,12838351549422,12838355844753,12838356669404,12838356670904,12838372885520,12838373013094,12838373038724,1453031863,4.2953,0.8247,16.2146,0.1276,0.0256,21.4893,1
464,12838389788194,12838394015858,12838394884361,12838394885361,12838411045255,12838411193459,12838411220885,3798287521,4.2277,0.8685,16.1599,0.1482,0.0274,21.4327,1
465,12838442397464,12838446864981,12838447527983,12838447529039,12838464511417,12838464645344,12838464671196,1315532325,4.4675,0.6630,16.9824,0.1339,0.0259,22.2737,1
466,12838490231661,12838494781178,12838495924923,12838495925905,12838512185354,12838512320355,12838512345781,2366865886,4.5495,1.1437,16.2594,0.1350,0.0254,22.1141,1
467,12838553603713,12838558037655,12838559398364,12838559400845,12838576249890,12838576382464,12838576407464,101851493,4.4339,1.3607,16.8490,0.1326,0.0250,22.8038,1
468,12838581789558,12838586611873,12838587386172,12838587387339,12838603496732,12838603619621,12838603644455,2689475538,4.8223,0.7743,16.1094,0.1229,0.0248,21.8549,1
469,12838642400118,12838647091191,12838647987342,12838647988361,12838664386978,12838664519608,12838664544978,1773124394,4.6911,0.8962,16.3986,0.1326,0.0254,22.1449,1
470,12838689988369,12838693585624,12838694677424,12838694678980,12838711006503,12838711132152,12838711157726,453255852,3.5973,1.0918,16.3275,0.1256,0.0256,21.1694,1
471,12838758624477,12838762968845,12838764879038,12838764880853,12838781134339,12838781265451,12838781291988,2014816991,4.3444,1.9102,16.2535,0.1311,0.0265,22.6675,1
472,12838789238480,12838795341337,12838795911024,12838795911728,12838811974806,12838812120732,12838812146936,3945878998,6.1029,0.5697,16.0631,0.1459,0.0262,22.9085,1
473,12838840443209,12838845028096,12838846043766,12838846044896,12838862276549,12838862406309,12838862432142,2032470864,4.5849,1.0157,16.2317,0.1298,0.0258,21.9889,1
474,12838890632451,12838894649670,12838895701248,12838895703396,12838912279865,12838912405107,12838912430329,4170776612,4.0172,1.0516,16.5765,0.1252,0.0252,21.7979,1
475,12838952586034,12838956402789,12838957852369,12838957855461,12838974206411,12838974348745,12838974374671,2382214200,3.8168,1.4496,16.3510,0.1423,0.0259,21.7886,1
476,12838989898840,12838994223967,12838995173915,12838995174915,12839011724847,12839011914867,12839011950571,821020026,4.3251,0.9499,16.5499,0.1900,0.0357,22.0517,1
477,12839042666852,12839046452088,12839047496851,12839047498259,12839064154228,12839064288247,12839064315729,2318395353,3.7852,1.0448,16.6560,0.1340,0.0275,21.6489,1
478,12839088628783,12839092781798,12839093866950,12839093868209,12839110199733,12839110324086,12839110349771,1477500891,4.1530,1.0852,16.3315,0.1244,0.0257,21.7210,1
479,12839152822207,12839157313076,12839158252894,12839158254135,12839174352399,12839174482566,12839174508918,119913878,4.4909,0.9398,16.0983,0.1302,0.0264,21.6867,1
480,12839189996420,12839194478233,12839195307903,12839195309366,12839211580593,12839211704501,12839211729575,3552083779,4.4818,0.8297,16.2712,0.1239,0.0251,21.7332,1
481,12839257708487,12839261900744,12839263814455,12839263817343,12839279932089,12839280094460,12839280122682,4075943106,4.1923,1.9137,16.1147,0.1624,0.0282,22.4142,1
482,12839289826755,12839294401383,12839295388443,12839295390295,12839311414077,12839311552744,12839311579244,2381287568,4.5746,0.9871,16.0238,0.1387,0.0265,21.7525,1
483,12839352546471,12839356510615,12839357805250,12839357807287,12839374073829,12839374205144,12839374231607,4139442083,3.9641,1.2946,16.2665,0.1313,0.0265,21.6851,1
484,12839390793132,12839395010444,12839396245986,12839396247782,12839412327472,12839412453676,12839412478954,2249955933,4.2173,1.2355,16.0797,0.1262,0.0253,21.6858,1
485,12839444939482,12839449001090,12839450272780,12839450276854,12839466704582,12839466895360,12839466921360,2567487056,4.0616,1.2717,16.4277,0.1908,0.0260,21.9819,1
486,12839492375289,12839496583656,12839497751272,12839497752420,12839514398204,12839514526316,12839514551649,3511631437,4.2084,1.1676,16.6458,0.1281,0.0253,22.1764,1
487,12839552574439,12839556483380,12839557784181,12839557787977,12839574139186,12839574269779,12839574295705,1463034101,3.9089,1.3008,16.3512,0.1306,0.0259,21.7213,1
488,12839590040320,12839594090835,12839594851578,12839594852634,12839611009916,12839611149343,12839611174991,3888936438,4.0505,0.7607,16.1573,0.1394,0.0256,21.1347,1
489,12839641826457,12839646386956,12839647158773,12839647159792,12839663398760,12839663528242,12839663554538,3898021022,4.5605,0.7718,16.2390,0.1295,0.0263,21.7281,1
490,12839691080641,12839695895974,12839696692347,12839696693643,12839712845833,12839712972686,12839712997852,1561119297,4.8153,0.7964,16.1522,0.1269,0.0252,21.9172,1
491,12839752124424,12839755656289,12839757928779,12839757930205,12839773961524,12839774094358,12839774120395,4280633904,3.5319,2.2725,16.0313,0.1328,0.0260,21.9960,1
492,12839807718021,12839811377164,12839812336223,12839812337760,12839828653913,12839828781932,12839828813377,1912175484,3.6591,0.9591,16.3162,0.1280,0.0314,21.0954,1
493,12839850234068,12839854564343,12839855438513,12839855439699,12839871645889,12839871775593,12839871801352,990749454,4.3303,0.8742,16.2062,0.1297,0.0258,21.5673,1
494,12839895865035,12839900236366,12839901120999,12839901121980,12839917388763,12839917515226,12839917539949,3631503721,4.3713,0.8846,16.2668,0.1265,0.0247,21.6749,1
495,12839955099959,12839959808440,12839960568998,12839960570128,12839976788836,12839976936115,12839976963300,1232908574,4.7085,0.7606,16.2187,0.1473,0.0272,21.8633,1
496,12839996175909,12840001037371,12840001938282,12840001939467,12840018405418,12840018550289,12840018580492,424383686,4.8615,0.9009,16.4660,0.1449,0.0302,22.4046,1
497,12840047577193,12840051950358,12840052733638,12840052734694,12840068764957,12840068889643,12840068914384,959487595,4.3732,0.7833,16.0303,0.1247,0.0247,21.3372,1
498,12840098775347,12840103326234,12840104577109,12840104580369,12840120748299,12840120873541,12840120898226,822678969,4.5509,1.2509,16.1679,0.1252,0.0247,22.1229,1
499,12840151615118,12840156586026,12840157160898,12840157161972,12840173287051,12840173416551,12840173442274,151259632,4.9709,0.5749,16.1251,0.1295,0.0257,21.8272,1
500,12840196733546,12840200669505,12840201920824,12840201922324,12840218172311,12840218296626,12840218322349,3478407314,3.9360,1.2513,16.2500,0.1243,0.0257,21.5888,1
501,12840248508591,12840252771273,12840254001704,12840254002815,12840270142857,12840270269802,12840270295542,305310180,4.2627,1.2304,16.1400,0.1269,0.0257,21.7870,1
502,12840297450273,12840301492085,12840302724589,12840302726182,12840319157373,12840319293096,12840319319614,2791866020,4.0418,1.2325,16.4312,0.1357,0.0265,21.8693,1
503,12840354236281,12840358656131,12840359809710,12840359811080,12840376622439,12840376766532,12840376792421,436588884,4.4199,1.1536,16.8114,0.1441,0.0259,22.5561,1
504,12840408408261,12840412830704,12840413582207,12840413583984,12840429823267,12840429948953,12840429973990,3350729584,4.4224,0.7515,16.2393,0.1257,0.0250,21.5657,1
505,12840454247988,12840458185799,12840459218432,12840459220155,12840475307103,12840475437085,12840475472104,3579742904,3.9378,1.0326,16.0869,0.1300,0.0350,21.2241,1
506,12840498191078,12840502527168,12840503767710,12840503769080,12840519964696,12840520096493,12840520121641,2105090119,4.3361,1.2405,16.1956,0.1318,0.0251,21.9306,1
507,12840552354817,12840556691352,12840557832522,12840557833985,12840573962323,12840574084102,12840574109491,379494017,4.3365,1.1412,16.1283,0.1218,0.0254,21.7547,1
508,12840643691602,12840648893936,12840649898644,12840649901644,12840666360242,12840666500965,12840666526909,4234285806,5.2023,1.0047,16.4586,0.1407,0.0259,22.8353,1
509,12840675187442,12840681127130,12840681886337,12840681887170,12840699443125,12840699575422,12840699601181,4234285806,5.9397,0.7592,17.5560,0.1323,0.0258,24.4137,1
510,12840703693974,12840707436932,12840708676215,12840708677418,12840724975387,12840725102276,12840725127609,1166978399,3.7430,1.2393,16.2980,0.1269,0.0253,21.4336,1
511,12840754963999,12840759419311,12840760378871,12840760380000,12840776659487,12840776810265,12840776836839,3903093612,4.4553,0.9596,16.2795,0.1508,0.0266,21.8728,1
512,12840839490388,12840843746756,12840844507907,12840844508851,12840860730856,12840860857023,12840860882023,1541620381,4.2564,0.7612,16.2220,0.1262,0.0250,21.3916,1
513,12840890485208,12840894569204,12840895750264,12840895752857,12840911970918,12840912119437,12840912145159,2443120698,4.0840,1.1811,16.2181,0.1485,0.0257,21.6600,1
514,12840940217764,12840945344561,12840946983215,12840946984696,12840963615684,12840963745574,12840963772296,1604672588,5.1268,1.6387,16.6310,0.1299,0.0267,23.5545,1
515,12840969461725,12840973741037,12840974702040,12840974703318,12840991005786,12840991129472,12840991153343,1604672588,4.2793,0.9610,16.3025,0.1237,0.0239,21.6916,1
516,12841040403804,12841044319282,12841045466860,12841045468397,12841062131311,12841062257237,12841062283108,4051227834,3.9155,1.1476,16.6629,0.1259,0.0259,21.8793,1
517,12841092298516,12841096554125,12841097552295,12841097553221,12841113624188,12841113756726,12841113782226,989361029,4.2556,0.9982,16.0710,0.1325,0.0255,21.4837,1
518,12841138837227,12841144184006,12841145165139,12841145166510,12841161513608,12841161640534,12841161666090,1471596194,5.3468,0.9811,16.3471,0.1269,0.0256,22.8289,1
519,12841169850713,12841173475263,12841174944065,12841174948250,12841191567942,12841191693831,12841191719128,1471596194,3.6246,1.4688,16.6197,0.1259,0.0253,21.8684,1
520,12841239487324,12841245166790,12841246413535,12841246415702,12841262939875,12841263089968,12841263116227,2897331644,5.6795,1.2467,16.5242,0.1501,0.0263,23.6289,1
521,12841270055901,12841274275491,12841275265291,12841275266513,12841291456703,12841291579519,12841291603852,2117976216,4.2196,0.9898,16.1902,0.1228,0.0243,21.5480,1
522,12841348575491,12841354381901,12841355940407,12841355942481,12841372717118,12841372898841,12841372930933,1986244544,5.8064,1.5585,16.7746,0.1817,0.0321,24.3554,1
523,12841379589088,12841383983586,12841384731403,12841384732440,12841401218576,12841401458688,12841401510299,1986244544,4.3945,0.7478,16.4861,0.2401,0.0516,21.9212,1
524,12841442049617,12841446483115,12841447757786,12841447759268,12841464298978,12841464466738,12841464493849,560291969,4.4335,1.2747,16.5397,0.1678,0.0271,22.4442,1
525,12841490192130,12841494656869,12841495621132,12841495622965,12841511981896,12841512133619,12841512159490,2684145233,4.4647,0.9643,16.3589,0.1517,0.0259,21.9674,1
526,12841538408791,12841543829867,12841545468429,12841545472447,12841562089213,12841562224750,12841562250158,2990778649,5.4211,1.6386,16.6168,0.1355,0.0254,23.8414,1
527,12841570424633,12841574981872,12841575981320,12841575983006,12841592326178,12841592450585,12841592475289,2990778649,4.5572,0.9994,16.3432,0.1244,0.0247,22.0507,1
528,12841644982263,12841649403946,12841650619765,12841650621173,12841666790992,12841666920178,12841666946345,1005841451,4.4217,1.2158,16.1698,0.1292,0.0262,21.9641,1
529,12841689766023,12841694186798,12841695293969,12841695295377,12841711421900,12841711557548,12841711588993,4118730592,4.4208,1.1072,16.1265,0.1356,0.0314,21.8230,1
530,12841738579612,12841744133114,12841745829621,12841745831046,12841761848569,12841761982292,12841762008236,1248329049,5.5535,1.6965,16.0175,0.1337,0.0259,23.4286,1
531,12841767623443,12841772135385,12841773093204,12841773094556,12841788973578,12841789097300,12841789122189,1248329049,4.5119,0.9578,15.8790,0.1237,0.0249,21.4987,1
532,12841845028787,12841850163936,12841851405700,12841851409737,12841868194503,12841868333837,12841868361726,2811825836,5.1351,1.2418,16.7848,0.1393,0.0279,23.3329,1
533,12841875489012,12841880166825,12841881554090,12841881555831,12841897831169,12841897961947,12841897987966,3144572401,4.6778,1.3873,16.2753,0.1308,0.0260,22.4990,1
534,12841945741329,12841950772959,12841951815667,12841951817056,12841968082357,12841968212969,12841968238080,3380127308,5.0316,1.0427,16.2653,0.1306,0.0251,22.4968,1
535,12841976821760,12841980985924,12841981714982,12841981716908,12841997558578,12841997682208,12841997707301,3380127308,4.1642,0.7291,15.8417,0.1236,0.0251,20.8855,1
536,12842039544735,12842044124455,12842044964699,12842044965829,12842060999037,12842061126945,12842061153075,1544957463,4.5797,0.8402,16.0332,0.1279,0.0261,21.6083,1
537,12842091707726,12842096162483,12842097211765,12842097214635,12842113151287,12842113280362,12842113306343,929647622,4.4548,1.0493,15.9367,0.1291,0.0260,21.5986,1
538,12842140861316,12842146340207,12842147502730,12842147503989,12842163771661,12842163916847,12842163942365,2788795584,5.4789,1.1625,16.2677,0.1452,0.0255,23.0810,1
539,12842170842484,12842175525168,12842176616839,12842176620376,12842192512694,12842192636898,12842192660676,2788795584,4.6827,1.0917,15.8923,0.1242,0.0238,21.8182,1
540,12842244487203,12842248729422,12842250084872,12842250090316,12842266556878,12842266694045,12842266719971,245039489,4.2422,1.3555,16.4666,0.1372,0.0259,22.2328,1
541,12842289956261,12842294316666,12842295554893,12842295556023,12842311705491,12842311831028,12842311856973,2638251437,4.3604,1.2382,16.1495,0.1255,0.0259,21.9007,1
542,12842341024322,12842347283364,12842348691517,12842348693832,12842365572821,12842365753100,12842365778174,2833237190,6.2590,1.4082,16.8790,0.1803,0.0251,24.7539,1
543,12842368742333,12842373410184,12842374516503,12842374517651,12842390538155,12842390661137,12842390686137,2833237190,4.6679,1.1063,16.0205,0.1230,0.0250,21.9438,1
544,12842449486245,12842455157026,12842455994029,12842455995362,12842472148422,12842472287182,12842472313553,1060783623,5.6708,0.8370,16.1531,0.1388,0.0264,22.8273,1
545,12842491762144,12842495375028,12842496827237,12842496828755,12842513594392,12842513745448,12842513770855,1677157445,3.6129,1.4522,16.7656,0.1511,0.0254,22.0087,1
546,12842557398277,12842563120410,12842564677805,12842564679656,12842580843032,12842580975476,12842581000773,1256619894,5.7221,1.5574,16.1634,0.1324,0.0253,23.6025,1
547,12842586006829,12842590242085,12842590966014,12842590967477,12842607146611,12842607270426,12842607295167,1256619894,4.2353,0.7239,16.1791,0.1238,0.0247,21.2883,1
548,12842647698355,12842654026064,12842655152123,12842655153809,12842671500296,12842671626278,12842671652185,2846045260,6.3277,1.1261,16.3465,0.1260,0.0259,23.9538,1
549,12842694724012,12842698536359,12842699549345,12842699550882,12842715701220,12842715835776,12842715862054,2917239335,3.8123,1.0130,16.1503,0.1346,0.0263,21.1380,1
550,12842743749602,12842748731269,12842749660272,12842749661717,12842766097185,12842766244464,12842766270316,1954550133,4.9817,0.9290,16.4355,0.1473,0.0259,22.5207,1
551,12842773897085,12842778128564,12842778732381,12842778733251,12842794707422,12842794834904,12842794859885,1895193274,4.2315,0.6038,15.9742,0.1275,0.0250,20.9628,1
552,12842840833872,12842845085888,12842846155391,12842846156614,12842862568582,12842862699953,12842862726639,1582375237,4.2520,1.0695,16.4120,0.1314,0.0267,21.8928,1
553,12842888082881,12842892156730,12842892863825,12842892864677,12842908923755,12842909048885,12842909075071,2150618178,4.0738,0.7071,16.0591,0.1251,0.0262,20.9922,1
554,12842938764033,12842942898363,12842944035627,12842944038775,12842960608189,12842960771801,12842960798782,4224353496,4.1343,1.1373,16.5694,0.1636,0.0270,22.0347,1
555,12842990305688,12842994478889,12842995124984,12842995125706,12843011030692,12843011158266,12843011184007,191706642,4.1732,0.6461,15.9050,0.1276,0.0257,20.8783,1
556,12843043693776,12843047891718,12843049278501,12843049279834,12843065634747,12843065765507,12843065791100,1325833726,4.1979,1.3868,16.3549,0.1308,0.0256,22.0973,1
557,12843081156990,12843085260413,12843086491492,12843086492825,12843102590774,12843102712626,12843102737812,2570214371,4.1034,1.2311,16.0979,0.1219,0.0252,21.5808,1
558,12843143599149,12843147188496,12843147883184,12843147883943,12843165748472,12843165878491,12843165904417,1631739545,3.5893,0.6947,17.8645,0.1300,0.0259,22.3053,1
559,12843190903103,12843194589895,12843195365416,12843195366250,12843211755477,12843211893145,12843211921663,1429763361,3.6868,0.7755,16.3892,0.1377,0.0285,21.0186,1
560,12843241980146,12843246412977,12843247099239,12843247100017,12843263441800,12843263576097,12843263601504,1038563443,4.4328,0.6863,16.3418,0.1343,0.0254,21.6214,1
561,12843290844735,12843294750546,12843295628179,12843295629124,12843311859980,12843312025111,12843312063129,3524780643,3.9058,0.8776,16.2309,0.1651,0.0380,21.2184,1
562,12843338987008,12843343659747,12843344539732,12843344540880,12843360712366,12843360861497,12843360898330,413283886,4.6727,0.8800,16.1715,0.1491,0.0368,21.9113,1
563,12843388141987,12843392873042,12843394067176,12843394068935,12843410627830,12843410758905,12843410784349,795098492,4.7311,1.1941,16.5589,0.1311,0.0254,22.6424,1
564,12843437892654,12843441839465,12843442862876,12843442864062,12843459242549,12843459367494,12843459392494,146079025,3.9468,1.0234,16.3785,0.1249,0.0250,21.4998,1
565,12843489290698,12843494224216,12843494814607,12843494815589,12843511095798,12843511227168,12843511253113,3433029691,4.9335,0.5904,16.2802,0.1314,0.0259,21.9624,1
566,12843538212047,12843542489026,12843543513974,12843543515085,12843560264018,12843560388574,12843560413148,975778372,4.2770,1.0249,16.7489,0.1246,0.0246,22.2011,1
567,12843590163704,12843594614702,12843595421168,12843595422205,12843611658710,12843611784025,12843611809581,4249257186,4.4510,0.8065,16.2365,0.1253,0.0256,21.6459,1
568,12843646289265,12843650878226,12843651553081,12843651553896,12843668189272,12843668346829,12843668372903,1638759920,4.5890,0.6749,16.6354,0.1576,0.0261,22.0836,1
569,12843693187180,12843697602845,12843698253218,12843698254311,12843714610872,12843714740409,12843714765557,912715299,4.4157,0.6504,16.3566,0.1295,0.0251,21.5784,1
570,12843739715928,12843743762536,12843744466909,12843744468279,12843760898822,12843761025637,12843761051174,1970206188,4.0466,0.7044,16.4305,0.1268,0.0255,21.3352,1
571,12843788788648,12843792967849,12843793699907,12843793701500,12843809954746,12843810086913,12843810113746,1940603138,4.1792,0.7321,16.2532,0.1322,0.0268,21.3251,1
572,12843838258333,12843842437737,12843843114184,12843843114962,12843859246485,12843859372986,12843859397967,281629477,4.1794,0.6764,16.1315,0.1265,0.0250,21.1396,1
573,12843887507961,12843891598643,12843892964481,12843892966222,12843909180708,12843909307653,12843909332561,3103064804,4.0907,1.3658,16.2145,0.1269,0.0249,21.8246,1
574,12843940999123,12843944851471,12843945897660,12843945899197,12843962178499,12843962377777,12843962417611,1538980932,3.8523,1.0462,16.2793,0.1993,0.0398,21.4185,1
575,12844001519923,12844006142348,12844006809887,12844006810628,12844023194615,12844023326597,12844023352579,1747010232,4.6224,0.6675,16.3840,0.1320,0.0260,21.8327,1
576,12844048381746,12844052247112,12844053195394,12844053196597,12844069732048,12844069858604,12844069884789,3781793559,3.8654,0.9483,16.5355,0.1266,0.0262,21.5030,1
577,12844091292536,12844095748275,12844096586537,12844096587667,12844112566726,12844112695041,12844112720208,3911092506,4.4557,0.8383,15.9791,0.1283,0.0252,21.4277,1
578,12844143248007,12844147142633,12844148149118,12844148150414,12844164258419,12844164388808,12844164414438,2286099948,3.8946,1.0065,16.1080,0.1304,0.0256,21.1664,1
579,12844190274090,12844194906404,12844195530962,12844195531832,12844211730855,12844211860263,12844211886171,1417368066,4.6323,0.6246,16.1990,0.1294,0.0259,21.6121,1
580,12844239724626,12844244381014,12844245050313,12844245051313,12844261239984,12844261366670,12844261390744,2811133923,4.6564,0.6693,16.1887,0.1267,0.0241,21.6661,1
581,12844295826354,12844300078592,12844301140207,12844301141393,12844317137526,12844317261675,12844317286545,2986220685,4.2522,1.0616,15.9961,0.1241,0.0249,21.4602,1
582,12844352641029,12844357020749,12844357964456,12844357965604,12844374197221,12844374335147,12844374360869,3122300790,4.3797,0.9437,16.2316,0.1379,0.0257,21.7198,1
583,12844387924975,12844391976842,12844393221829,12844393224143,12844409589427,12844409734057,12844409760483,940015203,4.0519,1.2450,16.3653,0.1446,0.0264,21.8355,1
584,12844437606327,12844441362027,12844442116122,12844442117066,12844458286275,12844458414627,12844458440127,3223688143,3.7557,0.7541,16.1692,0.1284,0.0255,20.8338,1
585,12844489668522,12844493672481,12844494770133,12844494771485,12844511208602,12844511331565,12844511356436,2952202974,4.0040,1.0977,16.4371,0.1230,0.0249,21.6879,1
586,12844555232229,12844559611986,12844560525341,12844560526416,12844576660753,12844576792532,12844576818495,553638138,4.3798,0.9134,16.1343,0.1318,0.0260,21.5863,1
587,12844596507827,12844600869899,12844601844866,12844601846033,12844617779796,12844617902092,12844617928574,3188635419,4.3621,0.9750,15.9338,0.1223,0.0265,21.4207,1
588,12844649609951,12844652976927,12844654052209,12844654053542,12844670298547,12844670427937,12844670454974,3866288372,3.3670,1.0753,16.2450,0.1294,0.0270,20.8450,1
589,12844702360019,12844706506497,12844707701705,12844707703168,12844723823173,12844723967729,12844723994155,2623209242,4.1465,1.1952,16.1200,0.1446,0.0264,21.6341,1
590,12844749945196,12844753417079,12844754515732,12844754517232,12844770967997,12844771137942,12844771169960,1164117050,3.4719,1.0987,16.4508,0.1699,0.0320,21.2248,1
591,12844803897323,12844807293891,12844808822619,12844808824453,12844825026680,12844825151940,12844825178421,443902244,3.3966,1.5287,16.2022,0.1253,0.0265,21.2811,1
592,12844852939599,12844856334185,12844858878473,12844858879936,12844875066218,12844875198626,12844875225256,1121759201,3.3946,2.5443,16.1863,0.1324,0.0266,22.2857,1
593,12844899735458,12844905205312,12844906352354,12844906353798,12844922455543,12844922577803,12844922602803,2233175380,5.4699,1.1470,16.1017,0.1223,0.0250,22.8673,1
594,12844952393266,12844957792453,12844958502696,12844958503789,12844974672997,12844974804442,12844974830572,1359272690,5.3992,0.7102,16.1692,0.1314,0.0261,22.4373,1
595,12844997193952,12845000913780,12845002200341,12845002202118,12845018291808,12845018418494,12845018443938,2774074611,3.7198,1.2866,16.0897,0.1267,0.0254,21.2500,1
596,12845046281931,12845050294668,12845051565506,12845051566821,12845067963253,12845068103642,12845068130031,3810094880,4.0127,1.2708,16.3964,0.1404,0.0264,21.8481,1
597,12845095370633,12845099771649,12845100941153,12845100943468,12845116994991,12845117129010,12845117154788,3114343677,4.4010,1.1695,16.0515,0.1340,0.0258,21.7842,1
598,12845151524027,12845156930733,12845158417071,12845158419423,12845175044911,12845175171338,12845175196190,1237151420,5.4067,1.4863,16.6255,0.1264,0.0249,23.6722,1
599,12845684617293,12845690396593,12845692457693,12845692459545,12845708814717,12845708949847,12845708976662,2852987395,5.7793,2.0611,16.3552,0.1351,0.0268,24.3594,1
600,12845722004044,12845727900973,12845728915495,12845728917347,12845746047226,12845746178615,12845746205041,2852987395,5.8969,1.0145,17.1299,0.1314,0.0264,24.2010,1
601,12845756723395,12845761693673,12845763051178,12845763053012,12845779584055,12845779717518,12845779743296,2852987395,4.9703,1.3575,16.5310,0.1335,0.0258,23.0199,1
602,12845786181061,12845790324132,12845791640692,12845791642692,12845807822827,12845807955050,12845807989346,63119722,4.1431,1.3166,16.1801,0.1322,0.0343,21.8083,1
603,12845823764794,12845827939920,12845829412185,12845829413889,12845845930728,12845846067173,12845846092970,2259961517,4.1751,1.4723,16.5168,0.1364,0.0258,22.3282,1
604,12845881442342,12845886837084,12845887924792,12845887926126,12845904171723,12845904299001,12845904324113,2329034817,5.3947,1.0877,16.2456,0.1273,0.0251,22.8818,1
605,12845926802808,12845931125120,12845931833437,12845931834419,12845948953390,12845949084761,12845949110669,2329034817,4.3223,0.7083,17.1190,0.1314,0.0259,22.3079,1
606,12845972190681,12845975507619,12845976451696,12845976455937,12845992886424,12845993042444,12845993071573,1697427202,3.3169,0.9441,16.4305,0.1560,0.0291,20.8809,1
607,12846008675724,12846013260982,12846014425857,12846014427412,12846030815103,12846030952233,12846030978604,1932517325,4.5853,1.1649,16.3877,0.1371,0.0264,22.3029,1
608,12846079356599,12846082593166,12846083867801,12846083869801,12846101494700,12846101625811,12846101651182,115645412,3.2366,1.2746,17.6249,0.1311,0.0254,22.2946,1
609,12846108123169,12846112582038,12846113818598,12846113820579,12846129899047,12846130021714,12846130046751,115645412,4.4589,1.2366,16.0785,0.1227,0.0250,21.9236,1
610,12846162669021,12846166895444,12846168369653,12846168371709,12846184523213,12846184651936,12846184677084,3383382936,4.2264,1.4742,16.1515,0.1287,0.0251,22.0081,1
611,12846228186895,12846232231113,12846233576341,12846233583007,12846250142643,12846250294792,12846250320440,630095887,4.0442,1.3452,16.5596,0.1521,0.0256,22.1335,1
612,12846264214047,12846267844672,12846270497849,12846270501256,12846286861447,12846286986669,12846287011855,2868555748,3.6306,2.6532,16.3602,0.1252,0.0252,22.7978,1
613,12846318277416,12846323056008,12846323639010,12846323639602,12846339971219,12846340105627,12846340130664,312296004,4.7786,0.5830,16.3316,0.1344,0.0250,21.8532,1
614,12846386104335,12846390111276,12846391053483,12846391054817,12846407732472,12846407866676,12846407891157,945108809,4.0069,0.9422,16.6777,0.1342,0.0245,21.7868,1
615,12846426433986,12846430417038,12846430797372,12846430798391,12846447155711,12846447344027,12846447374657,3736333613,3.9831,0.3803,16.3573,0.1883,0.0306,20.9407,1
616,12846464194553,12846469348664,12846470192501,12846470193723,12846486529747,12846486682173,12846486711618,385995710,5.1541,0.8438,16.3360,0.1524,0.0294,22.5171,1
617,12846507562788,12846513642033,12846514325721,12846514326925,12846530609189,12846530762505,12846530793375,2164114785,6.0792,0.6837,16.2823,0.1533,0.0309,23.2306,1
618,12846558507849,12846563040921,12846563876387,12846563878610,12846579918243,12846580063781,12846580091837,1385441501,4.5331,0.8355,16.0396,0.1455,0.0281,21.5840,1
619,12846620371728,12846624916633,12846625705951,12846625706877,12846641812030,12846641959919,12846641990030,1264652162,4.5449,0.7893,16.1052,0.1479,0.0301,21.6183,1
620,12846672469811,12846676582845,12846677310699,12846677312181,12846693257814,12846693386296,12846693412389,492688553,4.1130,0.7279,15.9456,0.1285,0.0261,20.9426,1
621,12846712402312,12846716816624,12846717839295,12846717840628,12846733903207,12846734026596,12846734051966,3577350786,4.4143,1.0227,16.0626,0.1234,0.0254,21.6497,1
622,12846792699093,12846798917782,12846799735878,12846799737304,12846815964476,12846816152569,12846816185476,946095425,6.2187,0.8181,16.2272,0.1881,0.0329,23.4864,1
623,12846824220266,12846828334670,12846829242988,12846829244210,12846845399604,12846845527512,12846845553790,946095425,4.1144,0.9083,16.1554,0.1279,0.0263,21.3335,1
624,12846875949385,12846879884344,12846881012496,12846881014496,12846897430668,12846897561058,12846897587910,3216212418,3.9350,1.1282,16.4162,0.1304,0.0269,21.6385,1
625,12846936522073,12846940471977,12846942005335,12846942008316,12846958553581,12846958724786,12846958755842,2198313884,3.9499,1.5334,16.5453,0.1712,0.0311,22.2338,1
626,12846998579305,12847002381875,12847003302878,12847003304526,12847020220626,12847020349108,12847020375182,1994850666,3.8026,0.9210,16.9161,0.1285,0.0261,21.7959,1
627,12847037531432,12847041118834,12847042165801,12847042167190,12847058461676,12847058611269,12847058638195,1994850666,3.5874,1.0470,16.2945,0.1496,0.0269,21.1068,1
628,12847079295921,12847083366528,12847084343032,12847084346125,12847100512204,12847100655778,12847100683556,3740376407,4.0706,0.9765,16.1661,0.1436,0.0278,21.3876,1
629,12847131009558,12847134578331,12847135523260,12847135524334,12847152201063,12847152332156,12847152358730,2419389272,3.5688,0.9449,16.6767,0.1311,0.0266,21.3492,1
630,12847161480264,12847165962411,12847166767284,12847166768414,12847182949937,12847183080123,12847183105641,3205681439,4.4821,0.8049,16.1815,0.1302,0.0255,21.6254,1
631,12847220574133,12847226043098,12847226732248,12847226733045,12847243390107,12847243519607,12847243545218,1018862495,5.4690,0.6892,16.6571,0.1295,0.0256,22.9711,1
632,12847285941710,12847290128559,12847290940914,12847290942006,12847306997288,12847307151011,12847307186456,194226697,4.1868,0.8124,16.0553,0.1537,0.0354,21.2447,1
633,12847335515987,12847339338668,12847341049545,12847341052545,12847357427180,12847357575644,12847357603292,2921943564,3.8227,1.7109,16.3746,0.1485,0.0276,22.0873,1
634,12847380336117,12847384426077,12847385667415,12847385668915,12847401861327,12847402006069,12847402031402,415662740,4.0900,1.2413,16.1924,0.1447,0.0253,21.6953,1
635,12847427792831,12847431879495,12847433314408,12847433316111,12847449715858,12847449848506,12847449878710,136493702,4.0867,1.4349,16.3997,0.1326,0.0302,22.0859,1
636,12847482508184,12847486359476,12847487310868,12847487311850,12847503833800,12847503976986,12847504012708,1351759478,3.8513,0.9514,16.5220,0.1432,0.0357,21.5045,1
637,12847535880938,12847540421418,12847541456292,12847541457570,12847557400278,12847557532908,12847557559334,1613566169,4.5405,1.0349,15.9427,0.1326,0.0264,21.6784,1
638,12847579839213,12847585027622,12847585690254,12847585691291,12847601704184,12847601888351,12847601917888,2278537644,5.1884,0.6626,16.0129,0.1842,0.0295,22.0787,1
639,12847645491403,12847649844178,12847650892923,12847650895515,12847666939797,12847667062631,12847667087779,854638754,4.3528,1.0487,16.0443,0.1228,0.0251,21.5964,1
640,12847732290245,12847736117259,12847737686321,12847737689858,12847754180604,12847754310401,12847754337234,4154001033,3.8270,1.5691,16.4907,0.1298,0.0268,22.0470,1
641,12847772374709,12847776967411,12847777823674,12847777824767,12847793834771,12847793966364,12847793991901,4154001033,4.5927,0.8563,16.0100,0.1316,0.0255,21.6172,1
642,12847827916324,12847832611045,12847834100865,12847834101958,12847850025443,12847850176166,12847850202129,1890075137,4.6947,1.4898,15.9235,0.1507,0.0260,22.2858,1
643,12847883133919,12847888191845,12847889315256,12847889316756,12847906054967,12847906184449,12847906210597,778392104,5.0579,1.1234,16.7382,0.1295,0.0261,23.0767,1
644,12847923473754,12847928037049,12847929999464,12847930001186,12847946544322,12847946672415,12847946698137,778392104,4.5633,1.9624,16.5431,0.1281,0.0257,23.2244,1
645,12847965862134,12847971199525,12847972253510,12847972255381,12847988222588,12847988350996,12847988377089,4061348703,5.3374,1.0540,15.9672,0.1284,0.0261,22.5150,1
646,12848001167933,12848005554468,12848006453656,12848006454786,12848022833384,12848022964514,12848022989514,2532262465,4.3865,0.8992,16.3786,0.1311,0.0250,21.8216,1
647,12848052505717,12848056585306,12848057359753,12848057360994,12848073801444,12848074106334,12848074150020,2315556322,4.0796,0.7744,16.4404,0.3049,0.0437,21.6443,1
648,12848098966594,12848104605782,12848105544637,12848105546155,12848121806568,12848121937846,12848121963013,3453043995,5.6392,0.9389,16.2604,0.1313,0.0252,22.9964,1
649,12848135592416,12848139518227,12848140734676,12848140735824,12848156814310,12848156941440,12848156966810,3315937413,3.9258,1.2164,16.0785,0.1271,0.0254,21.3744,1
650,12848218855948,12848224897878,12848225661066,12848225662103,12848241766071,12848241893608,12848241919664,1753928897,6.0419,0.7632,16.1040,0.1275,0.0261,23.0637,1
651,12848260554122,12848264785101,12848265499993,12848265500807,12848281412422,12848281542478,12848281567497,1753928897,4.2310,0.7149,15.9116,0.1301,0.0250,21.0134,1
652,12848312543779,12848317359779,12848318587024,12848318588913,12848334751732,12848334884400,12848334910511,1768280556,4.8160,1.2272,16.1628,0.1327,0.0261,22.3667,1
653,12848349569491,12848353565858,12848354800955,12848354802140,12848371198405,12848371327498,12848371355536,1768280556,3.9964,1.2351,16.3963,0.1291,0.0280,21.7860,1
654,12848394151398,12848398779267,12848399570178,12848399571270,12848415746275,12848415876239,12848415901739,1754442635,4.6279,0.7909,16.1750,0.1300,0.0255,21.7503,1
655,12848448325656,12848452822654,12848453639657,12848453641416,12848469603772,12848469735514,12848469763106,4011641518,4.4970,0.8170,15.9624,0.1317,0.0276,21.4374,1
656,12848497745137,12848502320857,12848503640288,12848503641973,12848519842589,12848519965238,12848519989960,4011641518,4.5757,1.3194,16.2006,0.1226,0.0247,22.2448,1
657,12848570281444,12848575507556,12848576805580,12848576808561,12848593115751,12848593247345,12848593278659,2595185084,5.2261,1.2980,16.3072,0.1316,0.0313,22.9972,1
658,12848611889729,12848616877655,12848618104641,12848618105993,12848634860333,12848634987667,12848635012352,3693645069,4.9879,1.2270,16.7543,0.1273,0.0247,23.1226,1
659,12848649690222,12848654070701,12848655585836,12848655589262,12848672658085,12848672838549,12848672881012,535262339,4.3805,1.5151,17.0688,0.1805,0.0425,23.1908,1
660,12848701908620,12848706898657,12848707573456,12848707574493,12848723750424,12848723879258,12848723904980,2442569092,4.9900,0.6748,16.1759,0.1288,0.0257,21.9964,1
661,12848759875744,12848764289427,12848765286060,12848765287338,12848781450102,12848781578473,12848781604232,1289156711,4.4137,0.9966,16.1628,0.1284,0.0258,21.7285,1
662,12848807612237,12848811646863,12848812460014,12848812461162,12848828583463,12848828710371,12848828735426,1289156711,4.0346,0.8132,16.1223,0.1269,0.0251,21.1232,1
663,12849033417153,12849039821325,12849041187830,12849041189700,12849057711151,12849057902411,12849057928003,886587500,6.4042,1.3665,16.5215,0.1913,0.0256,24.5109,1
664,12849071894037,12849077553595,12849078745581,12849078747062,12849094773974,12849094905808,12849094931141,886587500,5.6596,1.1920,16.0269,0.1318,0.0253,23.0371,1
665,12849116253702,12849121561815,12849122750282,12849122753115,12849138963787,12849139100306,12849139125158,1973854414,5.3081,1.1885,16.2107,0.1365,0.0249,22.8715,1
666,12849156106295,12849160804146,12849161704372,12849161706335,12849178205119,12849178337897,12849178363878,2724842843,4.6979,0.9002,16.4988,0.1328,0.0260,22.2576,1
667,12849198734769,12849203433879,12849204544958,12849204547458,12849220808463,12849220939111,12849220965593,252822564,4.6991,1.1111,16.2610,0.1306,0.0265,22.2308,1
668,12849238439751,12849242838489,12849243950253,12849243951623,12849260520277,12849260650296,12849260676574,1967172190,4.3987,1.1118,16.5687,0.1300,0.0263,22.2368,1
669,12849278219751,12849282976435,12849283976902,12849283978420,12849300954706,12849301120262,12849301149244,441103818,4.7567,1.0005,16.9763,0.1656,0.0290,22.9295,1
670,12849314257996,12849318608901,12849319847665,12849319848943,12849336531839,12849336683395,12849336709599,441103818,4.3509,1.2388,16.6829,0.1516,0.0262,22.4516,1
671,12849359754999,12849364500073,12849365501669,12849365503021,12849381816619,12849381946804,12849381971767,4178834223,4.7451,1.0016,16.3136,0.1302,0.0250,22.2168,1
672,12849403619033,12849408316903,12849409274165,12849409275369,12849425518819,12849425647838,12849425673764,4035120920,4.6979,0.9573,16.2434,0.1290,0.0259,22.0547,1
673,12849443511275,12849448358070,12849449457482,12849449458463,12849466198859,12849466326749,12849466352915,1811153270,4.8468,1.0994,16.7404,0.1279,0.0262,22.8416,1
674,12849479427538,12849484944596,12849485742506,12849485745080,12849502265679,12849502394679,12849502420494,2830849381,5.5171,0.7979,16.5206,0.1290,0.0258,22.9930,1
675,12849516600955,12849521624603,12849522787607,12849522789163,12849539392651,12849539526022,12849539551799,1850894997,5.0236,1.1630,16.6035,0.1334,0.0258,22.9508,1
676,12849554477688,12849559682245,12849561045435,12849561046935,12849577466330,12849577597182,12849577623127,1850894997,5.2046,1.3632,16.4194,0.1309,0.0259,23.1454,1
677,12849593084444,12849597651368,12849598691890,12849598694113,12849615576842,12849615756195,12849615786824,708343395,4.5669,1.0405,16.8827,0.1794,0.0306,22.7024,1
678,12849629461209,12849633858559,12849634848118,12849634849210,12849651612680,12849651764273,12849651792348,1814161228,4.3974,0.9896,16.7635,0.1516,0.0281,22.3311,1
679,12849679326487,12849683766263,12849685090620,12849685094231,12849701487922,12849701619959,12849701644904,1530680282,4.4398,1.3244,16.3937,0.1320,0.0249,22.3184,1
680,12849737261907,12849741556164,12849742441612,12849742442760,12849758561912,12849758690228,12849758715246,1530680282,4.2943,0.8854,16.1192,0.1283,0.0250,21.4533,1
681,12849795475513,12849800649569,12849801762537,12849801764574,12849818362117,12849818489284,12849818515043,3171720211,5.1741,1.1130,16.5975,0.1272,0.0258,23.0395,1
682,12849837796208,12849842210521,12849843234839,12849843235913,12849859352492,12849859484363,12849859509567,3171720211,4.4143,1.0243,16.1166,0.1319,0.0252,21.7134,1
683,12849889962514,12849893963362,12849895326756,12849895330071,12849912329727,12849912457079,12849912482209,3171720211,4.0008,1.3634,16.9997,0.1274,0.0251,22.5197,1
684,12849961922393,12849966579170,12849967674766,12849967676581,12849984359884,12849984509199,12849984543070,98532688,4.6568,1.0956,16.6833,0.1493,0.0339,22.6207,1
685,12849995213925,12850000705982,12850002001746,12850002003117,12850018326270,12850018489178,12850018517160,98532688,5.4921,1.2958,16.3232,0.1629,0.0280,23.3032,1
686,12850026413300,12850030762353,12850031568912,12850031569912,12850047964269,12850048107696,12850048133474,41228865,4.3491,0.8066,16.3944,0.1434,0.0258,21.7202,1
687,12850073359438,12850077361361,12850078507698,12850078508939,12850094927926,12850095057575,12850095083371,2305419816,4.0019,1.1463,16.4190,0.1296,0.0258,21.7239,1
688,12850124932408,12850129566203,12850130570689,12850130571707,12850146590211,12850146713378,12850146739416,11717277,4.6338,1.0045,16.0185,0.1232,0.0260,21.8070,1
689,12850186883102,12850190940580,12850192512568,12850192514216,12850208891925,12850209019944,12850209045944,11717277,4.0575,1.5720,16.3777,0.1280,0.0260,22.1628,1
690,12850239245612,12850243651851,12850244921893,12850244922948,12850261395065,12850261526844,12850261553177,183998127,4.4062,1.2700,16.4721,0.1318,0.0263,22.3076,1
691,12850277262217,12850281236602,12850282105180,12850282106439,12850298107332,12850298238610,12850298264073,4084988707,3.9744,0.8686,16.0009,0.1313,0.0255,21.0019,1
692,12850329579394,12850333772520,12850334996247,12850334997655,12850351537827,12850351691847,12850351724328,1666988235,4.1931,1.2237,16.5402,0.1540,0.0325,22.1449,1
693,12850373950022,12850378074575,12850379203023,12850379205727,12850395453028,12850395574529,12850395599973,2413085403,4.1246,1.1284,16.2473,0.1215,0.0254,21.6500,1
694,12850444623878,12850449155951,12850449858527,12850449859768,12850465770605,12850465893846,12850465918976,961400718,4.5321,0.7026,15.9108,0.1232,0.0251,21.2951,1
695,12850528128579,12850532182964,12850532847041,12850532848429,12850549056101,12850549216361,12850549247009,1183484296,4.0544,0.6641,16.2077,0.1603,0.0306,21.1184,1
696,12850566239943,12850570943072,12850571842575,12850571843890,12850588417433,12850588566878,12850588596526,1183484296,4.7031,0.8995,16.5735,0.1494,0.0296,22.3566,1
697,12850618775546,12850623101692,12850624186066,12850624187770,12850640709165,12850640857703,12850640885888,1183484296,4.3261,1.0844,16.5214,0.1485,0.0282,22.1103,1
698,12850667243801,12850671665373,12850672795581,12850672796803,12850689099975,12850689232198,12850689257865,3812727543,4.4216,1.1302,16.3032,0.1322,0.0257,22.0141,1
699,12850704208531,12850708682011,12850709738885,12850709740126,12850725590241,12850725741575,12850725767093,3812727543,4.4735,1.0569,15.8501,0.1513,0.0255,21.5586,1
700,12850752639842,12850757074229,12850758027769,12850758030140,12850774128533,12850774253089,12850774278163,69823827,4.4344,0.9535,16.0984,0.1246,0.0251,21.6383,1
701,12850819192016,12850823448198,12850824388794,12850824390165,12850840586966,12850840715485,12850840741226,2225236965,4.2562,0.9406,16.1968,0.1285,0.0257,21.5492,1
702,12850856158172,12850860543355,12850861232617,12850861234321,12850877401288,12850877530215,12850877556456,3689112033,4.3852,0.6893,16.1670,0.1289,0.0262,21.3983,1
703,12850895403485,12850899516371,12850900464634,12850900466615,12850916575471,12850916708953,12850916735120,2028858183,4.1129,0.9483,16.1089,0.1335,0.0262,21.3316,1
704,12850931414101,12850935312227,12850936358749,12850936359879,12850952427679,12850952558180,12850952583458,2028858183,3.8981,1.0465,16.0678,0.1305,0.0253,21.1694,1
705,12851023136591,12851027502293,12851028579723,12851028580926,12851044714135,12851044838450,12851044863431,2028858183,4.3657,1.0774,16.1332,0.1243,0.0250,21.7268,1
706,12851144244487,12851148602096,12851149739397,12851149741063,12851166099272,12851166223199,12851166248273,160315198,4.3576,1.1373,16.3582,0.1239,0.0251,22.0038,1
707,12851216642702,12851220700013,12851222027573,12851222029518,12851238259893,12851238384746,12851238410672,2898372354,4.0573,1.3276,16.2304,0.1249,0.0259,21.7680,1
708,12851270709811,12851275107234,12851276713740,12851276715444,12851292862689,12851292995338,12851293021912,2898372354,4.3974,1.6065,16.1472,0.1326,0.0266,22.3121,1
709,12851300703737,12851304879123,12851305960127,12851305961238,12851322409207,12851322538226,12851322563319,2898372354,4.1754,1.0810,16.4480,0.1290,0.0251,21.8596,1
710,12851346071480,12851350488571,12851351478760,12851351480556,12851367699228,12851367822321,12851367847062,2542618491,4.4171,0.9902,16.2187,0.1231,0.0247,21.7756,1
711,12851402640080,12851406763725,12851407981619,12851407983526,12851424394773,12851424521754,12851424547421,2542618491,4.1236,1.2179,16.4112,0.1270,0.0257,21.9073,1
712,12851475012387,12851478979846,12851480257833,12851480259351,12851496722727,12851496849802,12851496875413,300082469,3.9675,1.2780,16.4634,0.1271,0.0256,21.8630,1
713,12851526083004,12851530358964,12851531526728,12851531528524,12851547976567,12851548127678,12851548156716,192890756,4.2760,1.1678,16.4480,0.1511,0.0290,22.0737,1
714,12851597490011,12851602825160,12851603990720,12851603992053,12851620438059,12851620620449,12851620658504,192890756,5.3351,1.1656,16.4460,0.1824,0.0381,23.1685,1
715,12851628323311,12851633683849,12851634470408,12851634471834,12851650922988,12851651055988,12851651081470,1247143739,5.3605,0.7866,16.4512,0.1330,0.0255,22.7582,1
716,12851697512661,12851701395880,12851702220864,12851702222012,12851718330406,12851718457314,12851718482499,1039636387,3.8832,0.8250,16.1084,0.1269,0.0252,20.9698,1
717,12851759114428,12851763126739,12851763821779,12851763822446,12851780513008,12851780638971,12851780664008,1039636387,4.0123,0.6950,16.6906,0.1260,0.0250,21.5496,1
718,12851842411942,12851846830292,12851847525221,12851847526110,12851863910393,12851864060838,12851864088912,1828860734,4.4184,0.6949,16.3843,0.1504,0.0281,21.6770,2
719,12851887841630,12851892265813,12851893072520,12851893073446,12851909382766,12851909515544,12851909542415,1265775989,4.4242,0.8067,16.3093,0.1328,0.0269,21.7008,2
720,12851946839610,12851951376534,12851952177296,12851952181278,12851968443875,12851968579135,12851968607135,1014742808,4.5369,0.8008,16.2626,0.1353,0.0280,21.7675,2
721,12851999747048,12852004283824,12852005072253,12852005073067,12852021242350,12852021372721,12852021400165,1456060116,4.5368,0.7884,16.1693,0.1304,0.0274,21.6531,2
722,12852087498708,12852091488167,12852092768117,12852092769524,12852109162400,12852109296697,12852109323475,3615591548,3.9895,1.2799,16.3929,0.1343,0.0268,21.8248,2
723,12852131697725,12852136188186,12852137055856,12852137056930,12852153198898,12852153322935,12852153347398,2390636665,4.4905,0.8677,16.1420,0.1240,0.0245,21.6497,1
724,12852200328184,12852205148258,12852206067910,12852206068910,12852222447304,12852222574027,12852222598879,2390636665,4.8201,0.9197,16.3784,0.1267,0.0249,22.2707,1
725,12852246316782,12852250795854,12852251676876,12852251677802,12852267861788,12852267986418,12852268019696,3058173664,4.4791,0.8810,16.1840,0.1246,0.0333,21.7029,1
726,12852304888648,12852309221220,12852310349613,12852310351447,12852326288191,12852326411618,12852326436803,3058173664,4.3326,1.1284,15.9367,0.1234,0.0252,21.5482,1
727,12852381148711,12852385471467,12852386495323,12852386496527,12852402627420,12852402763199,12852402788365,3351260529,4.3228,1.0239,16.1309,0.1358,0.0252,21.6397,1
728,12852443414424,12852448101738,12852449008167,12852449009223,12852465097283,12852465221339,12852465246172,4118468511,4.6873,0.9064,16.0881,0.1241,0.0248,21.8317,1
729,12852520095155,12852524707264,12852525509434,12852525510508,12852541501179,12852541632161,12852541658105,1773743669,4.6121,0.8022,15.9907,0.1310,0.0259,21.5630,1
730,12852568661336,12852573307149,12852574330857,12852574332449,12852590548214,12852590674492,12852590699844,70870247,4.6458,1.0237,16.2158,0.1263,0.0254,22.0385,1
731,12852631431514,12852635584289,12852636504737,12852636507163,12852653018984,12852653142688,12852653167225,1344475619,4.1528,0.9204,16.5118,0.1237,0.0245,21.7357,1
732,12852691045570,12852695227271,12852695926718,12852695928051,12852712216334,12852712339149,12852712363205,1344475619,4.1817,0.6994,16.2883,0.1228,0.0241,21.3176,1
733,12852757794671,12852762353650,12852763100135,12852763101264,12852779251269,12852779372992,12852779398029,3661879873,4.5590,0.7465,16.1500,0.1217,0.0250,21.6034,1
734,12852811596964,12852816154147,12852816845317,12852816846206,12852832922765,12852833047229,12852833072007,3661879873,4.5572,0.6912,16.0766,0.1245,0.0248,21.4750,1
735,12852883661066,12852887981434,12852888717418,12852888719159,12852905117442,12852905245776,12852905271091,732703410,4.3204,0.7360,16.3983,0.1283,0.0253,21.6100,1
736,12852922611359,12852927141950,12852927828138,12852927829601,12852944101013,12852944227292,12852944252292,3787069508,4.5306,0.6862,16.2714,0.1263,0.0250,21.6409,1
737,12852985856076,12852990034722,12852991215541,12852991217411,12853007281638,12853007405083,12853007429120,1147422082,4.1786,1.1808,16.0642,0.1234,0.0240,21.5730,1
738,12853066304321,12853070355780,12853071609859,12853071611730,12853088110995,12853088231903,12853088255958,2941366787,4.0515,1.2541,16.4993,0.1209,0.0241,21.9516,1
739,12853123706924,12853127798383,12853128554942,12853128557127,12853144678780,12853144809391,12853144835484,289205901,4.0915,0.7566,16.1217,0.1306,0.0261,21.1286,1
740,12853171971919,12853176111453,12853176857789,12853176858881,12853192767959,12853192888385,12853192913404,2960253747,4.1395,0.7463,15.9091,0.1204,0.0250,20.9415,1
741,12853266752439,12853271433789,12853272810813,12853272813406,12853289286912,12853289424208,12853289450968,3081360456,4.6814,1.3770,16.4735,0.1373,0.0268,22.6985,1
742,12853298368816,12853302857962,12853303555354,12853303556687,12853319691914,12853319815599,12853319839470,1178128963,4.4891,0.6974,16.1352,0.1237,0.0239,21.4707,1
743,12853357836926,12853361977053,12853362773186,12853362774111,12853378888283,12853379014413,12853379039265,1178128963,4.1401,0.7961,16.1142,0.1261,0.0249,21.2023,1
744,12853441291108,12853445505124,12853446673295,12853446674684,12853462912263,12853463057856,12853463084430,1999421435,4.2140,1.1682,16.2376,0.1456,0.0266,21.7933,1
745,12853482103131,12853486168294,12853486972297,12853486973593,12853502992745,12853503116913,12853503141672,233499791,4.0652,0.8040,16.0192,0.1242,0.0248,21.0385,1
746,12853564924199,12853569468716,12853570591164,12853570592294,12853586899855,12853587029577,12853587055651,1274219018,4.5445,1.1224,16.3076,0.1297,0.0261,22.1315,1
747,12853610968148,12853615015219,12853615710981,12853615711925,12853633423824,12853633546529,12853633572288,1274219018,4.0471,0.6958,17.7119,0.1227,0.0258,22.6041,1
748,12853669827682,12853673780790,12853674741145,12853674742664,12853690981150,12853691108651,12853691134132,1396087398,3.9531,0.9604,16.2385,0.1275,0.0255,21.3065,1
749,12853739395571,12853744571609,12853745166482,12853745167241,12853761044115,12853761177412,12853761212023,3836252402,5.1760,0.5949,15.8769,0.1333,0.0346,21.8165,1
750,12853785291465,12853789342221,12853790158131,12853790159353,12853806310469,12853806433081,12853806458099,3836252402,4.0508,0.8159,16.1511,0.1226,0.0250,21.1666,1
751,12853869983040,12853874666687,12853875371467,12853875372356,12853891552194,12853891675047,12853891700621,1895271524,4.6836,0.7048,16.1798,0.1229,0.0256,21.7176,1
752,12853927278809,12853930983563,12853932558347,12853932559958,12853948883075,12853949012408,12853949038446,4257876237,3.7048,1.5748,16.3231,0.1293,0.0260,21.7596,1
753,12853980098969,12853985033117,12853985916120,12853985917120,12854002033625,12854002174959,12854002202070,1223201363,4.9341,0.8830,16.1165,0.1413,0.0271,22.1031,1
754,12854067018237,12854071397513,12854072427739,12854072429239,12854088658411,12854088789430,12854088815430,3587264390,4.3793,1.0302,16.2292,0.1310,0.0260,21.7972,1
755,12854108123872,12854112837927,12854113514800,12854113516152,12854129428470,12854129552915,12854129578156,1602790643,4.7141,0.6769,15.9123,0.1244,0.0252,21.4543,1
756,12854184077933,12854188757932,12854189443823,12854189444786,12854205426735,12854205565106,12854205601810,3109794083,4.6800,0.6859,15.9819,0.1384,0.0367,21.5239,1
757,12854235128198,12854239115749,12854240439828,12854240441236,12854256570240,12854256699426,12854256725204,2460658415,3.9876,1.3241,16.1290,0.1292,0.0258,21.5970,1
758,12854285913479,12854289996921,12854290680349,12854290681534,12854306826872,12854306950947,12854306976651,3200468998,4.0834,0.6834,16.1453,0.1241,0.0257,21.0632,1
759,12854380883019,12854384839996,12854385642240,12854385643129,12854401779745,12854401911560,12854401937542,3611619060,3.9570,0.8022,16.1366,0.1318,0.0260,21.0545,1
760,12854422401303,12854427284081,12854427987324,12854427988380,12854443964421,12854444099106,12854444124903,3611619060,4.8828,0.7032,15.9760,0.1347,0.0258,21.7236,1
761,12854502854214,12854507372287,12854508546995,12854508548810,12854524819667,12854524949519,12854524975889,1860459094,4.5181,1.1747,16.2709,0.1299,0.0264,22.1217,1
762,12854544280850,12854548799719,12854549609611,12854549610740,12854565448762,12854565589744,12854565615856,1409838982,4.5189,0.8099,15.8380,0.1410,0.0261,21.3350,1
763,12854593362441,12854597767198,12854598980721,12854598982739,12854615080670,12854615202689,12854615228059,1523122111,4.4048,1.2135,16.0979,0.1220,0.0254,21.8656,1
764,12854683803648,12854688309943,12854689377743,12854689379002,12854705614785,12854705741934,12854705768675,570476403,4.5063,1.0678,16.2358,0.1271,0.0267,21.9650,1
765,12854726448400,12854731090954,12854732077773,12854732079199,12854748280444,12854748402445,12854748428389,323950371,4.6426,0.9868,16.2012,0.1220,0.0259,21.9800,1
766,12854783752354,12854789690691,12854790304527,12854790305305,12854806391976,12854806516902,12854806541735,4090831320,5.9383,0.6138,16.0867,0.1249,0.0248,22.7894,1
767,12854860261602,12854865597122,12854866163328,12854866164236,12854882342000,12854882472685,12854882498352,493167553,5.3355,0.5662,16.1778,0.1307,0.0257,22.2368,1
768,12854909717509,12854914685768,12854915267289,12854915268678,12854931243515,12854931367460,12854931392664,2493232964,4.9683,0.5815,15.9748,0.1239,0.0252,21.6752,1
769,12854986068534,12854991966556,12854992729004,12854992730078,12855008860305,12855008988453,12855009014120,2165557905,5.8980,0.7624,16.1302,0.1281,0.0257,22.9456,1
770,12855038042876,12855041776483,12855042923395,12855042926876,12855059587457,12855059717142,12855059742513,2165557905,3.7336,1.1469,16.6606,0.1297,0.0254,21.6996,1
771,12855101724966,12855106738318,12855107534247,12855107535487,12855123659677,12855123786752,12855123812141,2897425056,5.0134,0.7959,16.1242,0.1271,0.0254,22.0872,1
772,12855149185476,12855153425973,12855154530033,12855154532292,12855171000113,12855171124280,12855171149780,2707515796,4.2405,1.1041,16.4678,0.1242,0.0255,21.9643,1
773,12855420597155,12855425229783,12855426663011,12855426665918,12855443171628,12855443313869,12855443341313,2707515796,4.6326,1.4332,16.5057,0.1422,0.0274,22.7442,1
774,12855458261665,12855463069239,12855464026076,12855464027650,12855480193840,12855480320692,12855480344803,2707515796,4.8076,0.9568,16.1662,0.1269,0.0241,22.0831,1
775,12855517235589,12855521487346,12855522470590,12855522471831,12855538587428,12855538706243,12855538731743,918938742,4.2518,0.9832,16.1156,0.1188,0.0255,21.4962,1
776,12855580663955,12855584958082,12855586112420,12855586113809,12855601948201,12855602071239,12855602097257,2493240414,4.2941,1.1543,15.8344,0.1230,0.0260,21.4333,1
777,12855644202599,12855648615468,12855649644249,12855649645472,12855665562661,12855665686235,12855665711476,731615660,4.4129,1.0288,15.9172,0.1236,0.0252,21.5089,1
778,12855720487217,12855724877659,12855725930349,12855725932034,12855742340058,12855742471503,12855742498096,517195289,4.3904,1.0527,16.4080,0.1314,0.0266,22.0109,1
779,12855761911260,12855766548593,12855767319318,12855767320725,12855783438507,12855783588230,12855783614582,2589226613,4.6373,0.7707,16.1178,0.1497,0.0264,21.7033,1
780,12855853632158,12855858375879,12855859744681,12855859745977,12855875995797,12855876133094,12855876158131,3424911686,4.7437,1.3688,16.2498,0.1373,0.0250,22.5260,1
781,12855888974345,12855893085472,12855894319699,12855894322310,12855910255869,12855910378129,12855910402685,3424911686,4.1111,1.2342,15.9336,0.1223,0.0246,21.4283,1
782,12855968885477,12855973688013,12855974396553,12855974397719,12855990448853,12855990578298,12855990604872,2607962484,4.8025,0.7085,16.0511,0.1294,0.0266,21.7194,1
783,12856014811370,12856018871978,12856019612814,12856019613832,12856035709448,12856035832560,12856035856967,1606253760,4.0606,0.7408,16.0956,0.1231,0.0244,21.0456,1
784,12856066199395,12856070365596,12856071101543,12856071102598,12856087149121,12856087273955,12856087298863,2414650533,4.1662,0.7359,16.0465,0.1248,0.0249,21.0995,1
785,12856146618473,12856151345805,12856152179753,12856152180864,12856168233998,12856168363646,12856168388498,4281930623,4.7273,0.8339,16.0531,0.1296,0.0249,21.7700,1
786,12856203030683,12856207146032,12856208397518,12856208399092,12856224688467,12856224813375,12856224837431,586131107,4.1153,1.2515,16.2894,0.1249,0.0241,21.8067,1
787,12856262638627,12856266829328,12856267908573,12856267909906,12856284109078,12856284230208,12856284255412,273244377,4.1907,1.0792,16.1992,0.1211,0.0252,21.6168,1
788,12856335751381,12856341037290,12856341662700,12856341663478,12856357672222,12856357794427,12856357818816,2296392157,5.2859,0.6254,16.0087,0.1222,0.0244,22.0674,1
789,12856388301133,12856393287133,12856394034265,12856394035321,12856410199066,12856410327197,12856410351697,153765253,4.9860,0.7471,16.1637,0.1281,0.0245,22.0506,1
790,12856448665599,12856453678784,12856454407602,12856454408805,12856470491273,12856470615366,12856470640588,3005761037,5.0132,0.7288,16.0825,0.1241,0.0252,21.9750,1
791,12856524784808,12856529095028,12856530029606,12856530031735,12856546505519,12856546644057,12856546669834,2274393163,4.3102,0.9346,16.4738,0.1385,0.0258,21.8850,1
792,12856576078296,12856580459627,12856581451594,12856581452798,12856597697562,12856597822729,12856597848118,2671916218,4.3813,0.9920,16.2448,0.1252,0.0254,21.7698,1
793,12856638652289,12856642324913,12856642966805,12856642967842,12856659322588,12856659463959,12856659493403,2030988004,3.6726,0.6419,16.3547,0.1414,0.0294,20.8411,1
794,12856724918814,12856730111204,12856730799280,12856730800299,12856747105045,12856747250119,12856747279916,2494020750,5.1924,0.6881,16.3047,0.1451,0.0298,22.3611,1
795,12856772541177,12856777467473,12856778378958,12856778379847,12856794700907,12856794870204,12856794902853,3946818439,4.9263,0.9115,16.3211,0.1693,0.0326,22.3617,1
796,12856819431666,12856824707908,12856825713782,12856825715764,12856842060232,12856842214992,12856842243844,3122797867,5.2762,1.0059,16.3445,0.1548,0.0289,22.8122,1
797,12856909288112,12856914267001,12856915543376,12856915544951,12856932057957,12856932190939,12856932216865,3087172180,4.9789,1.2764,16.5130,0.1330,0.0259,22.9288,1
798,12856940723896,12856944638855,12856945346858,12856945348580,12856961490807,12856961614752,12856961640326,3783647597,3.9150,0.7080,16.1422,0.1239,0.0256,20.9164,1
799,12857002428015,12857006081640,12857007049773,12857007051069,12857023171926,12857023296297,12857023321612,3709050261,3.6536,0.9681,16.1209,0.1244,0.0253,20.8936,1
800,12857065171508,12857069428672,12857070134823,12857070136027,12857086252920,12857086379087,12857086403958,146384988,4.2572,0.7062,16.1169,0.1262,0.0249,21.2325,1
801,12857142820761,12857147250148,12857147927798,12857147929002,12857164131507,12857164261119,12857164286452,2595522997,4.4294,0.6776,16.2025,0.1296,0.0253,21.4657,1
802,12857187771447,12857192266186,12857193143856,12857193144985,12857209132286,12857209257916,12857209283490,1503395312,4.4947,0.8777,15.9873,0.1256,0.0256,21.5120,1
803,12857258874027,12857262590948,12857263275284,12857263277284,12857279296344,12857279418640,12857279443826,3952048918,3.7169,0.6843,16.0191,0.1223,0.0252,20.5698,1
804,12857328689806,12857333645176,12857334424864,12857334425975,12857350685258,12857350810981,12857350835833,3170949680,4.9554,0.7797,16.2593,0.1257,0.0249,22.1460,1
805,12857376051223,12857379736792,12857380469665,12857380470665,12857396392262,12857396515836,12857396540836,249543254,3.6856,0.7329,15.9216,0.1236,0.0250,20.4896,1
806,12857470005332,12857474390682,12857475214389,12857475215630,12857491762988,12857491910155,12857491937822,3638399953,4.3853,0.8237,16.5474,0.1472,0.0277,21.9325,1
807,12857509431054,12857513693958,12857514443091,12857514444091,12857530497854,12857530619318,12857530644873,3638399953,4.2629,0.7491,16.0538,0.1215,0.0256,21.2138,1
808,12857579474055,12857583943387,12857585037021,12857585038632,12857601204229,12857601336692,12857601362637,574325701,4.4693,1.0936,16.1656,0.1325,0.0259,21.8886,1
809,12857622129400,12857628311145,12857628958832,12857628959740,12857644731762,12857644922225,12857644974429,2486888218,6.1817,0.6477,15.7720,0.1905,0.0522,22.8450,1
810,12857688778870,12857693224850,12857694099075,12857694100742,12857710303395,12857710424321,12857710450247,3034997766,4.4460,0.8742,16.2027,0.1209,0.0259,21.6714,1
811,12857769990988,12857774307430,12857775010766,12857775011747,12857791172382,12857791308623,12857791335086,3389975984,4.3164,0.7033,16.1606,0.1362,0.0265,21.3441,1
812,12857813597002,12857817189923,12857818139019,12857818140353,12857834405580,12857834531840,12857834556766,2012060675,3.5929,0.9491,16.2652,0.1263,0.0249,20.9598,1
813,12857879732119,12857884258673,12857885607382,12857885609160,12857901909906,12857902034017,12857902058869,3290358489,4.5266,1.3487,16.3007,0.1241,0.0249,22.3268,1
814,12857960909607,12857965440568,12857966734592,12857966736462,12857982930837,12857983060838,12857983086412,3962941834,4.5310,1.2940,16.1944,0.1300,0.0256,22.1768,1
815,12858005302810,12858009840993,12858010839164,12858010840534,12858026865464,12858026990187,12858027015465,1045034285,4.5382,0.9982,16.0249,0.1247,0.0253,21.7127,1
816,12858068322433,12858072677302,12858073642583,12858073643583,12858089849162,12858089971959,12858089997459,640050172,4.3549,0.9653,16.2056,0.1228,0.0255,21.6750,1
817,12858140831426,12858145104386,12858146147446,12858146148687,12858162176543,12858162313876,12858162346895,814664387,4.2730,1.0431,16.0279,0.1373,0.0330,21.5155,1
818,12858192639878,12858197042265,12858197845046,12858197846027,12858214015514,12858214142366,12858214167607,2609476859,4.4024,0.8028,16.1695,0.1269,0.0252,21.5277,1
819,12858280750744,12858285738855,12858287062286,12858287064397,12858303359625,12858303491625,12858303517144,1369766470,4.9881,1.3234,16.2952,0.1320,0.0255,22.7664,1
820,12858313031383,12858316982342,12858317957642,12858317959197,12858334232240,12858334357277,12858334382925,1369766470,3.9510,0.9753,16.2730,0.1250,0.0256,21.3515,1
821,12858385843710,12858390045559,12858391015211,12858391016192,12858407332345,12858407460402,12858407485235,2787064766,4.2018,0.9697,16.3162,0.1281,0.0248,21.6415,1
822,12858433832259,12858438290646,12858439250946,12858439252187,12858455436821,12858455560192,12858455584599,2669467418,4.4584,0.9603,16.1846,0.1234,0.0244,21.7523,1
823,12858494342392,12858498676075,12858499562023,12858499563430,12858515763731,12858515887324,12858515912824,2446488128,4.3337,0.8859,16.2003,0.1236,0.0255,21.5704,1
824,12858571427235,12858575234583,12858575961400,12858575962159,12858592600592,12858592731185,12858592757111,2309652104,3.8073,0.7268,16.6384,0.1306,0.0259,21.3299,1
825,12858616514514,12858620739789,12858621526996,12858621528311,12858637703371,12858637844483,12858637874038,2954583176,4.2253,0.7872,16.1751,0.1411,0.0296,21.3595,1
826,12858712639095,12858716902018,12858718180597,12858718181819,12858734290509,12858734422787,12858734449361,2213181810,4.2629,1.2786,16.1087,0.1323,0.0266,21.8103,1
827,12858753303339,12858757583299,12858758682044,12858758683285,12858774596252,12858774722345,12858774746771,2213181810,4.2800,1.0987,15.9130,0.1261,0.0244,21.4434,1
828,12858809768068,12858814380696,12858815187162,12858815188199,12858831189481,12858831313334,12858831338204,2213181810,4.6126,0.8065,16.0013,0.1239,0.0249,21.5701,1
829,12858863226656,12858867836451,12858868599435,12858868601010,12858884338624,12858884458421,12858884482995,2213181810,4.6098,0.7630,15.7376,0.1198,0.0246,21.2563,1
830,12858927930286,12858932587526,12858933409603,12858933410677,12858949341199,12858949466626,12858949491533,1773995004,4.6572,0.8221,15.9305,0.1254,0.0249,21.5612,1
831,12858991467394,12858995608668,12858996878191,12858996879414,12859012844325,12859012967011,12859012991752,2551682488,4.1413,1.2695,15.9649,0.1227,0.0247,21.5244,1
832,12859083161032,12859088369755,12859089914835,12859089916686,12859106785953,12859106956843,12859106994787,3141300843,5.2087,1.5451,16.8693,0.1709,0.0379,23.8338,1
833,12859118033551,12859122775624,12859123405034,12859123406274,12859139445723,12859139565149,12859139589520,3141300843,4.7421,0.6294,16.0394,0.1194,0.0244,21.5560,1
834,12859197427439,12859201379602,12859202556199,12859202557384,12859218565962,12859218697611,12859218722667,3167321115,3.9522,1.1766,16.0086,0.1316,0.0251,21.2952,1
835,12859238510444,12859242621163,12859243819760,12859243821223,12859260515471,12859260639341,12859260664860,2117013903,4.1107,1.1986,16.6942,0.1239,0.0255,22.1544,1
836,12859302340497,12859306643883,12859307898740,12859307900314,12859323880707,12859324013374,12859324038207,986822536,4.3034,1.2549,15.9804,0.1327,0.0248,21.6977,1
837,12859381394440,12859386034605,12859386887720,12859386888831,12859403053076,12859403217151,12859403246447,1587393568,4.6402,0.8531,16.1642,0.1641,0.0293,21.8520,1
838,12859426642905,12859430083473,12859431182088,12859431184014,12859447336815,12859447458575,12859447482538,222393968,3.4406,1.0986,16.1528,0.1218,0.0240,20.8396,1
839,12859492103241,12859496276275,12859497252186,12859497253575,12859513518562,12859513646655,12859513671322,1092218458,4.1730,0.9759,16.2650,0.1281,0.0247,21.5681,1
840,12859568422563,12859572419633,12859573162155,12859573163155,12859589302326,12859589432567,12859589457697,1647330394,3.9971,0.7425,16.1392,0.1302,0.0251,21.0351,1
841,12859681902430,12859686579577,12859687566229,12859687567674,12859703826197,12859703956216,12859703982550,4089223701,4.6771,0.9867,16.2585,0.1300,0.0263,22.0801,1
842,12859731597764,12859735881650,12859737368711,12859737370119,12859754030607,12859754162422,12859754187718,394722305,4.2839,1.4871,16.6605,0.1318,0.0253,22.5900,1
843,12859760816243,12859767252656,12859767978770,12859767979862,12859784602536,12859784735036,12859784761518,394722305,6.4364,0.7261,16.6227,0.1325,0.0265,23.9453,1
844,12859804520702,12859808548273,12859809587073,12859809588999,12859825726485,12859825851949,12859825877097,394722305,4.0276,1.0388,16.1375,0.1255,0.0251,21.3564,1
845,12859866169080,12859870632578,12859871607119,12859871608508,12859887735587,12859887858383,12859887882643,394722305,4.4635,0.9745,16.1271,0.1228,0.0243,21.7136,1
846,12859929283834,12859933694054,12859934756762,12859934758132,12859950855637,12859950979378,12859951003711,1018032846,4.4102,1.0627,16.0975,0.1237,0.0243,21.7199,1
847,12859990217895,12859994692374,12859995677285,12859995678545,12860011872901,12860011996124,12860012030939,2743605610,4.4745,0.9849,16.1944,0.1232,0.0348,21.8130,1
848,12860081454161,12860085368453,12860086731940,12860086736347,12860103264409,12860103396428,12860103421687,3998273591,3.9143,1.3635,16.5281,0.1320,0.0253,21.9675,1
849,12860115187935,12860119075634,12860121141735,12860121143086,12860137113146,12860137237813,12860137262850,3998273591,3.8877,2.0661,15.9701,0.1247,0.0250,22.0749,1
850,12860188778172,12860193322263,12860194542082,12860194543527,12860210635290,12860210768309,12860210794365,3890533664,4.5441,1.2198,16.0918,0.1330,0.0261,22.0162,1
851,12860234219193,12860238542283,12860239754714,12860239756195,12860256021145,12860256142034,12860256166849,3165357165,4.3231,1.2124,16.2649,0.1209,0.0248,21.9477,1
852,12860356945873,12860362120614,12860363717583,12860363720898,12860380225237,12860380355701,12860380381997,1557346466,5.1747,1.5970,16.5043,0.1305,0.0263,23.4361,1
853,12860389416068,12860393733714,12860394884959,12860394886588,12860411042556,12860411167501,12860411192705,1557346466,4.3176,1.1512,16.1560,0.1249,0.0252,21.7766,1
854,12860452916453,12860456698208,12860458367492,12860458370992,12860474652201,12860474777553,12860474803460,2033582491,3.7818,1.6693,16.2812,0.1254,0.0259,21.8870,1
855,12860566659932,12860571397598,12860572738437,12860572741862,12860589345739,12860589480110,12860589505758,3339198674,4.7377,1.3408,16.6039,0.1344,0.0256,22.8458,1
856,12860602064638,12860606324765,12860607781567,12860607783308,12860624247647,12860624377888,12860624402388,3339198674,4.2601,1.4568,16.4643,0.1302,0.0245,22.3377,1
857,12860636225747,12860642028899,12860642683845,12860642684919,12860659033388,12860659163462,12860659188314,1796290346,5.8032,0.6549,16.3485,0.1301,0.0249,22.9626,1
858,12860717343216,12860723263479,12860724431076,12860724433650,12860740986712,12860741118120,12860741144490,913420240,5.9203,1.1676,16.5531,0.1314,0.0264,23.8013,1
859,12860752594700,12860757750552,12860758382129,12860758382925,12860774446651,12860774569411,12860774595837,913420240,5.1559,0.6316,16.0637,0.1228,0.0264,22.0011,1
860,12860826719439,12860831269974,12860831931347,12860831932495,12860848089574,12860848218445,12860848243927,4017256997,4.5505,0.6614,16.1571,0.1289,0.0255,21.5245,1
861,12860879694266,12860883788892,12860884800489,12860884801767,12860901300272,12860901424032,12860901449051,193385473,4.0946,1.0116,16.4985,0.1238,0.0250,21.7548,1
862,12861000468142,12861005322605,12861006524313,12861006525794,12861023105004,12861023237894,12861023263727,2115100819,4.8545,1.2017,16.5792,0.1329,0.0258,22.7956,1
863,12861033490654,12861038028690,12861039002841,12861039003989,12861055070179,12861055196217,12861055221846,2115100819,4.5380,0.9742,16.0662,0.1260,0.0256,21.7312,1
864,12861071599741,12861075727367,12861076622574,12861076624722,12861092566430,12861092690838,12861092715375,2115100819,4.1276,0.8952,15.9417,0.1244,0.0245,21.1156,1
865,12861131956410,12861136753021,12861137776376,12861137777765,12861153642269,12861153766602,12861153791862,2572775156,4.7966,1.0234,15.8645,0.1243,0.0253,21.8355,1
866,12861208742141,12861213073787,12861214156050,12861214157235,12861230365258,12861230498222,12861230524629,2572775156,4.3316,1.0823,16.2080,0.1330,0.0264,21.7825,1
867,12861258902698,12861263063362,12861264485515,12861264487052,12861280550575,12861280677576,12861280702446,2572775156,4.1607,1.4222,16.0635,0.1270,0.0249,21.7997,1
868,12861316205430,12861320632502,12861321581635,12861321582784,12861337263694,12861337389528,12861337414750,1472497879,4.4271,0.9491,15.6809,0.1258,0.0252,21.2093,1
869,12861390242410,12861394551130,12861395731523,12861395733042,12861411820713,12861411943269,12861411968195,1472497879,4.3087,1.1804,16.0877,0.1226,0.0249,21.7258,1
870,12861470544246,12861475111226,12861476144341,12861476146323,12861492173031,12861492302142,12861492334531,3121392876,4.5670,1.0331,16.0267,0.1291,0.0324,21.7903,1
871,12861520814156,12861524707467,12861525484007,12861525485136,12861541663456,12861541796327,12861541821493,2280284741,3.8933,0.7765,16.1783,0.1329,0.0252,21.0073,1
872,12861564400429,12861568918409,12861569850579,12861569851598,12861585818250,12861585941825,12861585966399,2280284741,4.5180,0.9322,15.9667,0.1236,0.0246,21.5660,1
873,12861664097597,12861668446132,12861669445414,12861669446988,12861685472955,12861685597270,12861685622844,2311072255,4.3485,0.9993,16.0260,0.1243,0.0256,21.5252,1
874,12861760677383,12861765356512,12861766039200,12861766040089,12861782159408,12861782284075,12861782309408,253392687,4.6791,0.6827,16.1193,0.1247,0.0253,21.6320,1
875,12861825697904,12861829971086,12861830983571,12861830984516,12861847093650,12861847254262,12861847288188,253392687,4.2732,1.0125,16.1091,0.1606,0.0339,21.5903,1
876,12861875412570,12861880540460,12861881447463,12861881448574,12861897625061,12861897773857,12861897803635,253392687,5.1279,0.9070,16.1765,0.1488,0.0298,22.3911,1
877,12861921020037,12861925488294,12861926482298,12861926483576,12861942599024,12861942749544,12861942779303,253392687,4.4683,0.9940,16.1154,0.1505,0.0298,21.7593,1
878,12861972191876,12861976856726,12861977937527,12861977939045,12861994214865,12861994374662,12861994403755,402832773,4.6649,1.0808,16.2758,0.1598,0.0291,22.2119,1
879,12862017394396,12862021912746,12862022997732,12862022998917,12862039134644,12862039272403,12862039301533,402832773,4.5183,1.0850,16.1357,0.1378,0.0291,21.9071,1
880,12862103980182,12862109095904,12862110063278,12862110064778,12862126143098,12862126288339,12862126317506,4199514323,5.1157,0.9674,16.0783,0.1452,0.0292,22.3373,1
881,12862142710289,12862147926771,12862148941090,12862148942720,12862165080687,12862165220688,12862165249706,4199514323,5.2165,1.0143,16.1380,0.1400,0.0290,22.5394,1
882,12862211625935,12862217003418,12862217943699,12862217945625,12862234156519,12862234298686,12862234328223,3619477318,5.3775,0.9403,16.2109,0.1422,0.0295,22.7023,1
883,12862279648318,12862284732189,12862285479766,12862285481210,12862301563233,12862301699308,12862301727808,2429115121,5.0839,0.7476,16.0820,0.1361,0.0285,22.0795,1
884,12862344477578,12862349295244,12862350295359,12862350296618,12862366348919,12862366492068,12862366520716,3009176058,4.8177,1.0001,16.0523,0.1431,0.0286,22.0431,1
885,12862397200682,12862402130997,12862403110704,12862403111889,12862419607321,12862419783803,12862419828785,369417997,4.9303,0.9797,16.4954,0.1765,0.0450,22.6281,1
886,12862452100201,12862457251387,12862457982409,12862457983316,12862473943005,12862474079858,12862474108080,369417997,5.1512,0.7310,15.9597,0.1369,0.0282,22.0079,1
887,12862518374671,12862522992151,12862524088711,12862524090229,12862540340790,12862540480327,12862540508068,703381295,4.6175,1.0966,16.2506,0.1395,0.0277,22.1334,1
888,12862612264539,12862616982316,12862617955875,12862617957431,12862633893398,12862634031472,12862634060009,1282022198,4.7178,0.9736,15.9360,0.1381,0.0285,21.7955,1
889,12862683679639,12862689134955,12862689879773,12862689880866,12862706083037,12862706225260,12862706255204,1282022198,5.4553,0.7448,16.2022,0.1422,0.0299,22.5756,1
890,12862752844489,12862758648215,12862759291847,12862759292754,12862775423351,12862775565611,12862775595444,3101917547,5.8037,0.6436,16.1306,0.1423,0.0298,22.7510,1
891,12862809345774,12862814397404,12862815187444,12862815188629,12862831411375,12862831555227,12862831583986,3101917547,5.0516,0.7900,16.2227,0.1439,0.0288,22.2382,1
892,12862892425861,12862897362546,12862898074957,12862898075827,12862914163628,12862914300943,12862914329165,3101917547,4.9367,0.7124,16.0878,0.1373,0.0282,21.9033,1
893,12862965317726,12862970592949,12862971261137,12862971262359,12862987634568,12862987779235,12862987808643,3101917547,5.2752,0.6682,16.3722,0.1447,0.0294,22.4909,1
894,12863037367939,12863042441254,12863043197683,12863043199701,12863059540336,12863059683837,12863059714763,3101917547,5.0733,0.7564,16.3406,0.1435,0.0309,22.3468,1
895,12863103653964,12863108964983,12863109681986,12863109683375,12863126075084,12863126218937,12863126247881,3101917547,5.3110,0.7170,16.3917,0.1439,0.0289,22.5939,1
896,12863170337397,12863175358842,12863176180012,12863176181049,12863192443202,12863192586184,12863192614684,4248972017,5.0214,0.8212,16.2622,0.1430,0.0285,22.2773,1
897,12863224517599,12863229265895,12863230227343,12863230228454,12863246264384,12863246417551,12863246447533,4248972017,4.7483,0.9614,16.0359,0.1532,0.0300,21.9299,1
898,12863270059269,12863275485919,12863276193199,12863276194347,12863292090777,12863292235278,12863292263667,4248972017,5.4267,0.7073,15.8964,0.1445,0.0284,22.2044,1
899,12863313628098,12863319131452,12863320187530,12863320189771,12863336518554,12863336659536,12863336687536,4248972017,5.5034,1.0561,16.3288,0.1410,0.0280,23.0594,1
900,12863342992837,12863347554817,12863348706729,12863348708729,12863364717048,12863364860456,12863364889067,4248972017,4.5620,1.1519,16.0083,0.1434,0.0286,21.8962,1
901,12863375049975,12863379919975,12863380683681,12863380684681,12863396697723,12863396834223,12863396862205,3772858245,4.8700,0.7637,16.0130,0.1365,0.0280,21.8122,1
902,12863444418289,12863449287104,12863450111662,12863450112773,12863466324649,12863466466464,12863466494575,2282648755,4.8688,0.8246,16.2119,0.1418,0.0281,22.0763,1
903,12863500208608,12863505470054,12863506668373,12863506669984,12863522924082,12863523064045,12863523092434,232496904,5.2614,1.1983,16.2541,0.1400,0.0284,22.8838,1
904,12863591845339,12863595864854,12863597075840,12863597078377,12863613484382,12863613629476,12863613657753,1516373665,4.0195,1.2110,16.4060,0.1451,0.0283,21.8124,1
905,12863635964022,12863643558828,12863644256830,12863644257905,12863660384539,12863660527669,12863660556743,1516373665,7.5948,0.6980,16.1266,0.1431,0.0291,24.5927,1
906,12863694188813,12863699995483,12863700752504,12863700753597,12863717031046,12863717168639,12863717197602,1947569996,5.8067,0.7570,16.2774,0.1376,0.0290,23.0088,1
907,12863794915948,12863799911503,12863800737858,12863800739136,12863816763085,12863816906956,12863816936807,3433107120,4.9956,0.8264,16.0239,0.1439,0.0299,22.0209,1
908,12863871338807,12863876587252,12863877340884,12863877342347,12863893689668,12863893829853,12863893859520,3433107120,5.2484,0.7536,16.3473,0.1402,0.0297,22.5207,1
909,12863945416175,12863949887525,12863951158549,12863951161734,12863967638203,12863967780610,12863967810277,3433107120,4.4714,1.2710,16.4765,0.1424,0.0297,22.3941,1
910,12864017290665,12864022214758,12864023157632,12864023159224,12864039632063,12864039802175,12864039832935,3433107120,4.9241,0.9429,16.4728,0.1701,0.0308,22.5423,1
911,12864066459219,12864071540312,12864072415426,12864072416538,12864088793691,12864088936062,12864088964784,3433107120,5.0811,0.8751,16.3772,0.1424,0.0287,22.5056,1
912,12864120275494,12864125015474,12864125989237,12864125991515,12864142323446,12864142469669,12864142498539,3433107120,4.7400,0.9738,16.3319,0.1462,0.0289,22.2230,1
913,12864155424106,12864160150457,12864160828997,12864160830441,12864177316540,12864177468707,12864177498077,3433107120,4.7264,0.6785,16.4861,0.1522,0.0294,22.0740,1
914,12864197897987,12864203374581,12864204081362,12864204082602,12864220168440,12864220308459,12864220337107,2919793591,5.4766,0.7068,16.0858,0.1400,0.0286,22.4391,1
915,12864275181423,12864279784996,12864280664851,12864280666036,12864296560558,12864296697448,12864296725522,2919793591,4.6036,0.8799,15.8945,0.1369,0.0281,21.5441,1
916,12864329450236,12864335750889,12864336410651,12864336412947,12864352789842,12864352920768,12864352948509,3852848567,6.3007,0.6598,16.3769,0.1309,0.0277,23.4983,1
917,12864392283100,12864397192044,12864398026140,12864398027955,12864414030700,12864414169608,12864414198571,3863939094,4.9089,0.8341,16.0027,0.1389,0.0290,21.9155,1
918,12864460815893,12864466216746,12864467064231,12864467065768,12864483007346,12864483151550,12864483182587,3863939094,5.4009,0.8475,15.9416,0.1442,0.0310,22.3667,1
919,12864563836128,12864569720076,12864570336838,12864570338319,12864586511250,12864586655639,12864586686214,2066049057,5.8839,0.6168,16.1729,0.1444,0.0306,22.8501,1
920,12864621335417,12864626224194,12864627256328,12864627257883,12864643942872,12864644110761,12864644140872,525681961,4.8888,1.0321,16.6850,0.1679,0.0301,22.8055,1
921,12864653944946,12864659129206,12864659855320,12864659856486,12864676061028,12864676198325,12864676227714,525681961,5.1843,0.7261,16.2045,0.1373,0.0294,22.2828,1
922,12864722698887,12864727663776,12864728580761,12864728582076,12864744763340,12864745056582,12864745110619,525681961,4.9649,0.9170,16.1813,0.2932,0.0540,22.4117,1
923,12864793901412,12864798132780,12864799060283,12864799061765,12864815814271,12864815952290,12864815981124,2700249801,4.2314,0.9275,16.7525,0.1380,0.0288,22.0797,1
924,12864857485890,12864863114114,12864863770098,12864863771172,12864879960548,12864880148289,12864880178734,2700249801,5.6282,0.6560,16.1894,0.1877,0.0304,22.6928,1
925,12864895930403,12864900487217,12864901746684,12864901748388,12864917960782,12864918128468,12864918159894,2700249801,4.5568,1.2595,16.2124,0.1677,0.0314,22.2295,1
926,12864943264339,12864948078820,12864949303121,12864949304584,12864965344069,12864965477996,12864965505959,2497205891,4.8145,1.2243,16.0395,0.1339,0.0280,22.2416,1
927,12865437972683,12865443056369,12865444510115,12865444511652,12865460940787,12865461104565,12865461136103,2189651639,5.0837,1.4537,16.4291,0.1638,0.0315,23.1634,1
928,12865480916324,12865486156585,12865486985717,12865486986773,12865503478779,12865503626835,12865503656131,2189651639,5.2403,0.8291,16.4920,0.1481,0.0293,22.7398,1
929,12865526861922,12865531809292,12865532563184,12865532564295,12865548661651,12865548805892,12865548835967,2189651639,4.9474,0.7539,16.0974,0.1442,0.0301,21.9740,1
930,12865609750008,12865614714082,12865615703808,12865615705623,12865632085481,12865632224037,12865632252018,2616163481,4.9641,0.9897,16.3799,0.1386,0.0280,22.5020,1
931,12865661487146,12865666758739,12865667458020,12865667458927,12865683785099,12865683929248,12865683959007,2616163481,5.2716,0.6993,16.3262,0.1441,0.0298,22.4719,1
932,12865721934334,12865727132927,12865728072690,12865728074598,12865744378418,12865744533974,12865744566085,3354188613,5.1986,0.9398,16.3038,0.1556,0.0321,22.6318,1
933,12865776985224,12865781953002,12865782658060,12865782659005,12865799028436,12865799171566,12865799201640,4112757426,4.9678,0.7051,16.3694,0.1431,0.0301,22.2164,1
934,12865812382282,12865817520653,12865818245323,12865818246989,12865834240975,12865834383049,12865834411401,483560321,5.1384,0.7247,15.9940,0.1421,0.0284,22.0291,1
935,12865873583677,12865878403510,12865879265957,12865879267235,12865895409869,12865895550314,12865895578259,483560321,4.8198,0.8624,16.1426,0.1404,0.0279,21.9946,1
936,12865935980724,12865940744964,12865941457115,12865941458115,12865957610305,12865957748046,12865957776935,483560321,4.7642,0.7122,16.1522,0.1377,0.0289,21.7962,1
937,12866034109497,12866038828830,12866039925149,12866039926278,12866056127672,12866056271932,12866056300376,1299984101,4.7193,1.0963,16.2014,0.1443,0.0284,22.1909,1
938,12866073589608,12866079412444,12866080159428,12866080160984,12866096328044,12866096470897,12866096501137,1299984101,5.8228,0.7470,16.1671,0.1429,0.0302,22.9115,1
939,12866124048777,12866128679813,12866129880577,12866129881836,12866146218619,12866146361323,12866146389934,1903002298,4.6310,1.2008,16.3368,0.1427,0.0286,22.3412,1
940,12866225400173,12866231986494,12866232686089,12866232687441,12866248849446,12866249015428,12866249047873,2651733317,6.5863,0.6996,16.1620,0.1660,0.0324,23.6477,1
941,12866267813850,12866272621812,12866273515593,12866273517056,12866289847451,12866289996155,12866290026118,2651733317,4.8080,0.8938,16.3304,0.1487,0.0300,22.2123,1
942,12866312933981,12866318117926,12866319077023,12866319078930,12866335356954,12866335500862,12866335530213,2319926965,5.1839,0.9591,16.2780,0.1439,0.0294,22.5962,1
943,12866387324277,12866392345388,12866393291132,12866393292632,12866409576267,12866409714546,12866409744509,2319926965,5.0211,0.9457,16.2836,0.1383,0.0300,22.4202,1
944,12866486442350,12866491604721,12866492770059,12866492772485,12866509113175,12866509261046,12866509292139,3939700243,5.1624,1.1653,16.3407,0.1479,0.0311,22.8498,1
945,12866523106005,12866528236617,12866529295436,12866529297565,12866545918442,12866546065646,12866546095683,3939700243,5.1306,1.0588,16.6209,0.1472,0.0300,22.9897,1
946,12866570940369,12866576261796,12866577043503,12866577044521,12866593186211,12866593321582,12866593349823,3939700243,5.3214,0.7817,16.1417,0.1354,0.0282,22.4095,1
947,12866650851889,12866655925019,12866656711374,12866656712688,12866673002471,12866673145342,12866673174527,1422444221,5.0731,0.7864,16.2898,0.1429,0.0292,22.3226,1
948,12866695643482,12866701325336,12866702308377,12866702309673,12866718524752,12866718662845,12866718691938,3782533369,5.6819,0.9830,16.2151,0.1381,0.0291,23.0485,1
949,12866752779528,12866757611990,12866758591735,12866758592883,12866774981740,12866775121315,12866775150111,3782533369,4.8325,0.9797,16.3889,0.1396,0.0288,22.3706,1
950,12866827637381,12866835163002,12866836119283,12866836120524,12866852414659,12866852555141,12866852587196,3782533369,7.5256,0.9563,16.2941,0.1405,0.0321,24.9498,1
951,12866889302666,12866895927247,12866896626712,12866896628064,12866912737976,12866912882754,12866912913551,2891953563,6.6246,0.6995,16.1099,0.1448,0.0308,23.6109,1
952,12866950395357,12866955925637,12866956638232,12866956639399,12866972777089,12866972915626,12866972945108,2891953563,5.5303,0.7126,16.1377,0.1385,0.0295,22.5498,1
953,12867007385514,12867012420662,12867013329721,12867013331110,12867029429374,12867029568763,12867029598023,2935219572,5.0351,0.9091,16.0983,0.1394,0.0293,22.2125,1
954,12867068582020,12867073348093,12867074411282,12867074414467,12867090747288,12867090889973,12867090920066,2403429410,4.7661,1.0632,16.3328,0.1427,0.0301,22.3380,1
955,12867125905252,12867131151808,12867132219609,12867132221090,12867148444466,12867148588040,12867148618151,4276327745,5.2466,1.0678,16.2234,0.1436,0.0301,22.7129,1
956,12867226860665,12867232272259,12867233285467,12867233287078,12867249495638,12867249642195,12867249671880,467497649,5.4116,1.0132,16.2086,0.1466,0.0297,22.8112,1
957,12867261921259,12867266934889,12867267694466,12867267695558,12867284073527,12867284223749,12867284253490,467497649,5.0136,0.7596,16.3780,0.1502,0.0297,22.3322,1
958,12867312417021,12867317615133,12867318283987,12867318284950,12867334472103,12867334612845,12867334642215,4089487120,5.1981,0.6689,16.1872,0.1407,0.0294,22.2252,1
959,12867386488168,12867391030388,12867392087077,12867392088337,12867408363101,12867408505879,12867408535009,3543244395,4.5422,1.0567,16.2748,0.1428,0.0291,22.0468,1
960,12867442390024,12867447665766,12867448517028,12867448518306,12867464679700,12867464816922,12867464845737,155073758,5.2757,0.8513,16.1614,0.1372,0.0288,22.4557,1
961,12867497343821,12867502600100,12867503264547,12867503265584,12867519676534,12867519816405,12867519845553,155073758,5.2563,0.6644,16.4109,0.1399,0.0291,22.5017,1
962,12867562371101,12867567773547,12867568711661,12867568712958,12867584977907,12867585120482,12867585149908,155073758,5.4024,0.9381,16.2649,0.1426,0.0294,22.7788,1
963,12867646005320,12867651636656,12867652520048,12867652521252,12867668791849,12867668935572,12867668964480,271035661,5.6313,0.8834,16.2706,0.1437,0.0289,22.9592,1
964,12867690124151,12867694854002,12867695820006,12867695821006,12867712215696,12867712354123,12867712383827,3347176702,4.7299,0.9660,16.3947,0.1384,0.0297,22.2597,1
965,12867741291120,12867746019507,12867746999215,12867747002307,12867763304368,12867763444202,12867763472795,3347176702,4.7284,0.9797,16.3021,0.1398,0.0286,22.1817,1
966,12867825576267,12867830860546,12867831552104,12867831553437,12867847554053,12867847719905,12867847750276,460189480,5.2843,0.6916,16.0006,0.1659,0.0304,22.1740,1
967,12867864953358,12867870319249,12867871029992,12867871031344,12867887213312,12867887360386,12867887390349,195335883,5.3659,0.7107,16.1820,0.1471,0.0300,22.4370,1
968,12867924642599,12867929428506,12867930178823,12867930180490,12867946545384,12867946687904,12867946718163,195335883,4.7859,0.7503,16.3649,0.1425,0.0303,22.0756,1
969,12868018526412,12868023490523,12868024289822,12868024291156,12868040491698,12868040635957,12868040665624,953355650,4.9641,0.7993,16.2005,0.1443,0.0297,22.1392,1
970,12868069684473,12868075295568,12868075931311,12868075932348,12868092135538,12868092303354,12868092335983,560068258,5.6111,0.6357,16.2032,0.1678,0.0326,22.6515,1
971,12868115374810,12868120396199,12868121338962,12868121340480,12868137267318,12868137411892,12868137441096,1149450697,5.0214,0.9428,15.9268,0.1446,0.0292,22.0663,1
972,12868178738176,12868183396471,12868184469586,12868184471808,12868200499016,12868200636350,12868200664313,2938584668,4.6583,1.0731,16.0272,0.1373,0.0280,21.9261,1
973,12868247356024,12868252545488,12868253319139,12868253320435,12868269313736,12868269476718,12868269505736,3546967284,5.1895,0.7737,15.9933,0.1630,0.0290,22.1497,1
974,12868286592300,12868292044691,12868292694563,12868292695638,12868308890439,12868309026643,12868309055606,3546967284,5.4524,0.6499,16.1948,0.1362,0.0290,22.4633,1
975,12868373124308,12868378945440,12868379609684,12868379610795,12868395782392,12868395931689,12868395961745,4040102923,5.8211,0.6642,16.1716,0.1493,0.0301,22.8374,1
976,12868416149857,12868421421228,12868423064142,12868423067420,12868439215702,12868439361369,12868439391629,326373330,5.2714,1.6429,16.1483,0.1457,0.0303,23.2418,1
977,12868473291514,12868478399404,12868479379944,12868479381389,12868495759117,12868495908950,12868495938117,1764276112,5.1079,0.9805,16.3777,0.1498,0.0292,22.6466,1
978,12868529500205,12868534871281,12868535676932,12868535678228,12868551957585,12868552104975,12868552133549,3478092058,5.3711,0.8057,16.2794,0.1474,0.0286,22.6333,1
979,12868603036979,12868608038387,12868608848279,12868608850168,12868624885042,12868625025061,12868625053895,1968786343,5.0014,0.8099,16.0349,0.1400,0.0288,22.0169,1
980,12868646293974,12868651890106,12868652546738,12868652547719,12868668415927,12868668555057,12868668583742,1759220494,5.5961,0.6566,15.8682,0.1391,0.0287,22.2898,1
981,12868739321765,12868745043472,12868746220791,12868746223031,12868762764204,12868762908445,12868762938612,963724617,5.7217,1.1773,16.5412,0.1442,0.0302,23.6168,1
982,12868771811553,12868777212554,12868777941372,12868777942668,12868793847690,12868793991284,12868794020821,963724617,5.4010,0.7288,15.9050,0.1436,0.0295,22.2093,1
983,12868857528168,12868862676465,12868864045322,12868864046730,12868880212975,12868880374735,12868880405513,3566885967,5.1483,1.3689,16.1662,0.1618,0.0308,22.8773,1
984,12868906971279,12868912263558,12868912824393,12868912825338,12868929169028,12868929313251,12868929342769,2204626259,5.2923,0.5608,16.3437,0.1442,0.0295,22.3715,1
985,12868960575590,12868965407978,12868966619686,12868966621001,12868982793839,12868982934377,12868982963821,292534496,4.8324,1.2117,16.1728,0.1405,0.0294,22.3882,1
986,12869027122819,12869031978633,12869032702747,12869032704377,12869048766455,12869048905326,12869048934030,292534496,4.8558,0.7241,16.0621,0.1389,0.0287,21.8112,1
987,12869121108206,12869127271303,12869127986584,12869127987713,12869144079440,12869144214607,12869144243367,3323460588,6.1631,0.7153,16.0917,0.1352,0.0288,23.1352,1
988,12869176097411,12869181440265,12869182307490,12869182308749,12869198494106,12869198640792,12869198670255,3323460588,5.3429,0.8672,16.1854,0.1467,0.0295,22.5728,1
989,12869217632381,12869223001808,12869223773404,12869223774478,12869239909742,12869240065927,12869240095594,4133570539,5.3694,0.7716,16.1353,0.1562,0.0297,22.4632,1
990,12869301420804,12869306135174,12869307295493,12869307297252,12869323552127,12869323704017,12869323733147,4217569025,4.7144,1.1603,16.2549,0.1519,0.0291,22.3123,1
991,12869339006685,12869343780925,12869344768725,12869344770262,12869360957600,12869361097008,12869361125564,3191631319,4.7742,0.9878,16.1873,0.1394,0.0286,22.1189,1
992,12869408321555,12869413161554,12869413934279,12869413935483,12869429900561,12869430039598,12869430069136,3191631319,4.8400,0.7727,15.9651,0.1390,0.0295,21.7476,1
993,12869515368972,12869521909848,12869522978574,12869522980241,12869539734933,12869539883915,12869539914786,3286720436,6.5409,1.0687,16.7547,0.1490,0.0309,24.5458,1
994,12869549456877,12869554809119,12869555618974,12869555620066,12869571958127,12869572115554,12869572144609,3286720436,5.3522,0.8099,16.3381,0.1574,0.0291,22.6877,1
995,12869600070362,12869605675549,12869606414293,12869606415367,12869622388834,12869622527223,12869622555927,2392574386,5.6052,0.7387,15.9735,0.1384,0.0287,22.4856,1
996,12869693608877,12869700626311,12869701744611,12869701745907,12869718202876,12869718350228,12869718380451,1147506574,7.0174,1.1183,16.4570,0.1474,0.0302,24.7716,1
997,12869722349391,12869727576559,12869728322525,12869728323710,12869744437289,12869744581660,12869744610234,1147506574,5.2272,0.7460,16.1136,0.1444,0.0286,22.2608,1
998,12869780982425,12869786071314,12869786833095,12869786834317,12869803059840,12869803197026,12869803225045,2201772549,5.0889,0.7618,16.2255,0.1372,0.0280,22.2426,1
999,12869866267446,12869871883949,12869872708230,12869872709581,12869888898290,12869889046031,12869889082754,2353829514,5.6165,0.8243,16.1887,0.1477,0.0367,22.8153,1
1000,12869907346711,12869913414307,12869914142625,12869914143958,12869930082814,12869930226777,12869930255333,1347735390,6.0676,0.7283,15.9389,0.1440,0.0286,22.9086,1
1001,12869974506239,12869979220164,12869979918888,12869979920648,12869996181856,12869996317450,12869996345542,2456899895,4.7139,0.6987,16.2612,0.1356,0.0281,21.8393,1
1002,12870067527474,12870073651071,12870074535297,12870074536500,12870091134914,12870091280840,12870091311248,3258942868,6.1236,0.8842,16.5984,0.1459,0.0304,23.7838,1
1003,12870101491064,12870107504771,12870108307682,12870108308848,12870124391686,12870124557872,12870124588261,3258942868,6.0137,0.8029,16.0828,0.1662,0.0304,23.0972,1
1004,12870151310157,12870156351009,12870157076326,12870157077678,12870173254424,12870173387813,12870173415184,2491290095,5.0409,0.7253,16.1767,0.1334,0.0274,22.1050,1
1005,12870263730613,12870269819487,12870271034233,12870271035992,12870287492998,12870287641832,12870287672998,3203860409,6.0889,1.2147,16.4570,0.1488,0.0312,23.9424,1
1006,12870292041200,12870298200871,12870298853873,12870298854984,12870314933674,12870315081841,12870315111341,3203860409,6.1597,0.6530,16.0787,0.1482,0.0295,23.0701,1
1007,12870363658763,12870369026246,12870369712637,12870369713915,12870386117847,12870386264477,12870386294681,43346313,5.3675,0.6864,16.4039,0.1466,0.0302,22.6359,1
1008,12870410721346,12870416414108,12870417153240,12870417154240,12870433262059,12870433405023,12870433433171,43346313,5.6928,0.7391,16.1078,0.1430,0.0281,22.7118,1
1009,12870462128408,12870467720354,12870468446876,12870468448153,12870484548973,12870484691844,12870484719455,4143442631,5.5919,0.7265,16.1008,0.1429,0.0276,22.5910,1
1010,12870520508625,12870525740626,12870526380832,12870526381758,12870542429077,12870542565430,12870542593208,4143442631,5.2320,0.6402,16.0473,0.1364,0.0278,22.0846,1
1011,12870589897495,12870595363108,12870596155740,12870596156981,12870612120022,12870612257726,12870612286152,4143442631,5.4656,0.7926,15.9630,0.1377,0.0284,22.3887,1
1012,12870668421065,12870673268102,12870674200754,12870674202031,12870690607444,12870690752204,12870690781575,1188827530,4.8470,0.9327,16.4054,0.1448,0.0294,22.3605,1
1013,12870723699975,12870728616567,12870729364311,12870729365459,12870745944558,12870746088114,12870746117133,3575603277,4.9166,0.7477,16.5791,0.1436,0.0290,22.4172,1
1014,12870799563073,12870804129127,12870805057908,12870805061463,12870821158931,12870821298005,12870821326820,2645835198,4.5661,0.9288,16.0975,0.1391,0.0288,21.7637,1
1015,12870844544555,12870849137165,12870850165020,12870850166132,12870866101284,12870866238525,12870866266655,2125503375,4.5926,1.0279,15.9352,0.1372,0.0281,21.7221,1
1016,12870898240107,12870902733087,12870903818146,12870903820609,12870920029077,12870920163429,12870920189855,1036452195,4.4930,1.0851,16.2085,0.1344,0.0264,21.9497,1
1017,12870956852325,12870961409528,12870962302272,12870962304290,12870978236998,12870978376165,12870978404461,4060201801,4.5572,0.8927,15.9327,0.1392,0.0283,21.5521,1
1018,12871016910994,12871022086717,12871022874812,12871022876312,12871038989354,12871039126188,12871039154336,3235406961,5.1757,0.7881,16.1130,0.1368,0.0281,22.2433,1
1019,12871101434716,12871106332827,12871107187071,12871107188219,12871123517761,12871123692651,12871123722836,3571276443,4.8981,0.8542,16.3295,0.1749,0.0302,22.2881,1
1020,12871141591310,12871146489125,12871147338887,12871147340350,12871163520003,12871163663652,12871163692485,1300174219,4.8978,0.8498,16.1797,0.1436,0.0288,22.1012,1
1021,12871193286132,12871198147891,12871198913635,12871198914783,12871215107529,12871215243844,12871215272103,3410862174,4.8618,0.7657,16.1927,0.1363,0.0283,21.9860,1
1022,12871286898000,12871292261816,12871293240690,12871293242412,12871309418121,12871309564918,12871309595455,1070318219,5.3638,0.9789,16.1757,0.1468,0.0305,22.6975,1
1023,12871330249421,12871335769645,12871336441851,12871336442907,12871352410392,12871352556226,12871352585819,843031019,5.5202,0.6722,15.9675,0.1458,0.0296,22.3364,1
1024,12871387306726,12871392392004,12871393328804,12871393330137,12871409619346,12871409758013,12871409786143,3977114373,5.0853,0.9368,16.2892,0.1387,0.0281,22.4794,1
1025,12871485697296,12871491277761,12871493061138,12871493064509,12871510152443,12871510304314,12871510340944,2236210473,5.5805,1.7834,17.0879,0.1519,0.0366,24.6436,1
1026,12871519509533,12871525037887,12871525763983,12871525765260,12871541834839,12871541975469,12871542004487,1890700314,5.5284,0.7261,16.0696,0.1406,0.0290,22.4950,1
1027,12871624331350,12871629731370,12871631343302,12871631346857,12871648290309,12871648437754,12871648466884,697080223,5.4000,1.6119,16.9435,0.1474,0.0291,24.1355,1
1028,12871653291661,12871657978253,12871658926831,12871658928034,12871675032428,12871675176799,12871675206113,1028638530,4.6866,0.9486,16.1044,0.1444,0.0293,21.9145,1
1029,12871699068591,12871704177721,12871704990947,12871704991706,12871721046692,12871721192007,12871721220822,1113676190,5.1091,0.8132,16.0550,0.1453,0.0288,22.1522,1
1030,12871744690391,12871749915429,12871750688728,12871750689747,12871766816696,12871766955863,12871766984511,1832617709,5.2250,0.7733,16.1269,0.1392,0.0286,22.2941,1
1031,12871818988001,12871824201095,12871824860171,12871824861097,12871840821120,12871840959861,12871840987639,2712249734,5.2131,0.6591,15.9600,0.1387,0.0278,21.9996,1
1032,12871904738747,12871910273341,12871911230345,12871911231845,12871927254553,12871927411350,12871927441202,18997505,5.5346,0.9570,16.0227,0.1568,0.0299,22.7025,1
1033,12871949514284,12871954896545,12871955572788,12871955573880,12871971948849,12871972110794,12871972140831,864424855,5.3823,0.6762,16.3750,0.1619,0.0300,22.6265,1
1034,12872009454804,12872014806435,12872015589178,12872015591197,12872031793868,12872031933758,12872031962239,864424855,5.3516,0.7827,16.2027,0.1399,0.0285,22.5074,1
1035,12872077927596,12872083610895,12872084330045,12872084331286,12872100713570,12872100870422,12872100899404,1641383524,5.6833,0.7191,16.3823,0.1569,0.0290,22.9718,1
1036,12872135664589,12872141045590,12872141887556,12872141888816,12872158001727,12872158147746,12872158177173,1223514002,5.3810,0.8420,16.1129,0.1460,0.0294,22.5126,1
1037,12872182920691,12872188386452,12872189129214,12872189130269,12872205197588,12872205337459,12872205365756,2105380086,5.4658,0.7428,16.0673,0.1399,0.0283,22.4451,1
1038,12872251860707,12872256905281,12872257962748,12872257964285,12872274226623,12872274372291,12872274403902,3729126497,5.0446,1.0575,16.2623,0.1457,0.0316,22.5432,1
1039,12872298864049,12872304214087,12872304974016,12872304975071,12872320981557,12872321121595,12872321150595,192885842,5.3500,0.7599,16.0065,0.1400,0.0290,22.2865,1
1040,12872365267907,12872372078229,12872372948102,12872372949491,12872389818684,12872389956703,12872389984425,106270081,6.8103,0.8699,16.8692,0.1380,0.0277,24.7165,1
1041,12872460097427,12872464781593,12872466068209,12872466070116,12872482561992,12872482712641,12872482742900,3237498502,4.6842,1.2866,16.4919,0.1506,0.0303,22.6455,1
1042,12872506455044,12872511639712,12872513144069,12872513145477,12872529291407,12872529442982,12872529473223,2357117064,5.1847,1.5044,16.1459,0.1516,0.0302,23.0182,1
1043,12872556694769,12872562043363,12872562918329,12872562919588,12872578988889,12872579131889,12872579160760,1273195916,5.3486,0.8750,16.0693,0.1430,0.0289,22.4660,1
1044,12872647816090,12872655086876,12872656132621,12872656133973,12872672923776,12872673076647,12872673105665,2985064146,7.2708,1.0457,16.7898,0.1529,0.0290,25.2896,1
1045,12872677223051,12872682109255,12872682951091,12872682952684,12872699023632,12872699168226,12872699197466,4277575385,4.8862,0.8418,16.0709,0.1446,0.0292,21.9744,1
1046,12872737039811,12872742003996,12872742882185,12872742883277,12872758994171,12872759137653,12872759167042,4158752957,4.9642,0.8782,16.1109,0.1435,0.0294,22.1272,1
1047,12872799333654,12872803940190,12872805036639,12872805039194,12872820984661,12872821123939,12872821153013,3382490523,4.6065,1.0964,15.9455,0.1393,0.0291,21.8194,1
1048,12872872386593,12872877121148,12872878141892,12872878143263,12872894682232,12872894829899,12872894860399,3255386064,4.7346,1.0207,16.5390,0.1477,0.0305,22.4738,1
1049,12872920326476,12872925364328,12872926134275,12872926135571,12872942248409,12872942389761,12872942418743,2960770611,5.0379,0.7699,16.1128,0.1414,0.0290,22.0923,1
1050,12872983860860,12872989106436,12872989766068,12872989767086,12873005808072,12873005947091,12873005975110,2454023157,5.2456,0.6596,16.0410,0.1390,0.0280,22.1142,1
1051,12873068048674,12873072997859,12873073858418,12873073859788,12873090301165,12873090446258,12873090476387,1967634740,4.9492,0.8606,16.4414,0.1451,0.0301,22.4277,1
1052,12873105095164,12873110799000,12873111502206,12873111503021,12873127585803,12873127727878,12873127757582,915898611,5.7038,0.7032,16.0828,0.1421,0.0297,22.6624,1
1053,12873195895632,12873201858710,12873202561787,12873202563157,12873218925477,12873219070181,12873219099644,1793846041,5.9631,0.7031,16.3623,0.1447,0.0295,23.2040,1
1054,12873231829099,12873236621099,12873237627602,12873237629751,12873253549310,12873253687810,12873253715718,1793846041,4.7920,1.0065,15.9196,0.1385,0.0279,21.8866,1
1055,12873307142732,12873312155306,12873312969698,12873312971124,12873329589982,12873329731557,12873329760316,218851874,5.0126,0.8144,16.6189,0.1416,0.0288,22.6176,1
1056,12873353157903,12873357456993,12873358571775,12873358574164,12873374908577,12873375049429,12873375076855,513713921,4.2991,1.1148,16.3344,0.1409,0.0274,21.9190,1
1057,12873425662081,12873430653822,12873431837437,12873431839122,12873448315036,12873448454758,12873448483518,2575915495,4.9917,1.1836,16.4759,0.1397,0.0288,22.8214,1
1058,12873501261807,12873506716735,12873507930313,12873507931610,12873524171003,12873524338856,12873524369430,4038422369,5.4549,1.2136,16.2394,0.1679,0.0306,23.1076,1
1059,12873544765099,12873549816599,12873550614861,12873550615954,12873566830051,12873566979385,12873567010237,629320986,5.0515,0.7983,16.2141,0.1493,0.0309,22.2451,1
1060,12873620122731,12873625658919,12873626438792,12873626440088,12873642473222,12873642615352,12873642644686,1817988390,5.5362,0.7799,16.0331,0.1421,0.0293,22.5220,1
1061,12873691449701,12873697388797,12873698145096,12873698146707,12873714429379,12873714580731,12873714609695,2277497312,5.9391,0.7563,16.2827,0.1514,0.0290,23.1600,1
1062,12873741745148,12873747429409,12873748677062,12873748678544,12873764891160,12873765033068,12873765062846,3023154115,5.6843,1.2477,16.2126,0.1419,0.0298,23.3177,1
1063,12873824922254,12873831000443,12873832165318,12873832167151,12873848636268,12873848786639,12873848815787,4264018045,6.0782,1.1649,16.4691,0.1504,0.0291,23.8935,1
1064,12873859976810,12873865191145,12873866134833,12873866136018,12873882533357,12873882671802,12873882699858,4264018045,5.2143,0.9437,16.3973,0.1384,0.0281,22.7230,1
1065,12873952885008,12873958706419,12873959370847,12873959373199,12873975524796,12873975675501,12873975704056,2079587917,5.8214,0.6644,16.1516,0.1507,0.0286,22.8190,1
1066,12874001097762,12874006184114,12874006994469,12874006995506,12874023377030,12874023546605,12874023576124,1590328661,5.0864,0.8104,16.3815,0.1696,0.0295,22.4784,1
1067,12874042216656,12874047713121,12874048861070,12874048862459,12874065102815,12874065242871,12874065271853,1590328661,5.4965,1.1479,16.2404,0.1401,0.0290,23.0552,1
1068,12874104083813,12874109358684,12874110084539,12874110085761,12874126087746,12874126223932,12874126251358,1714342599,5.2749,0.7259,16.0020,0.1362,0.0274,22.1675,1
1069,12874168943832,12874174324074,12874175004595,12874175005892,12874191060192,12874191199211,12874191226934,849362490,5.3802,0.6805,16.0543,0.1390,0.0277,22.2831,1
1070,12874232116549,12874237187938,12874238045386,12874238046997,12874254257076,12874254404687,12874254433447,2220342703,5.0714,0.8574,16.2101,0.1476,0.0288,22.3169,1
1071,12874284836486,12874289802653,12874290680545,12874290681619,12874306918105,12874307052421,12874307080439,3115193398,4.9662,0.8779,16.2365,0.1343,0.0280,22.2440,1
1072,12874388956763,12874394898878,12874396120864,12874396122919,12874412894574,12874413066816,12874413101779,4242680024,5.9421,1.2220,16.7717,0.1722,0.0350,24.1450,1
1073,12874419999045,12874425414639,12874426517681,12874426519162,12874443280873,12874443424281,12874443453503,4242680024,5.4156,1.1030,16.7617,0.1434,0.0292,23.4545,1
1074,12874473877339,12874479077654,12874479850194,12874479851139,12874496517201,12874496654460,12874496682201,443559684,5.2003,0.7725,16.6661,0.1373,0.0277,22.8049,1
1075,12874540283864,12874545609254,12874546320646,12874546321683,12874562306483,12874562440132,12874562466817,518587195,5.3254,0.7114,15.9848,0.1336,0.0267,22.1830,1
1076,12874608446359,12874613443433,12874614354529,12874614356195,12874630629015,12874630772719,12874630800331,1027302271,4.9971,0.9111,16.2728,0.1437,0.0276,22.3540,1
1077,12874656804039,12874661604149,12874662605116,12874662606208,12874678782158,12874678923380,12874678951436,4272154197,4.8001,1.0010,16.1760,0.1412,0.0281,22.1474,1
1078,12874748798456,12874755901464,12874756704948,12874756706244,12874772822952,12874772984453,12874773013731,420737374,7.1030,0.8035,16.1167,0.1615,0.0293,24.2153,1
1079,12874781367299,12874786803338,12874787821286,12874787823082,12874803921291,12874804074680,12874804104402,3142074352,5.4360,1.0179,16.0982,0.1534,0.0297,22.7371,1
1080,12874843346400,12874848419493,12874849389960,12874849391386,12874865452020,12874865594169,12874865623298,485164218,5.0731,0.9705,16.0606,0.1421,0.0291,22.2769,1
1081,12874938005142,12874943222736,12874944000053,12874944027350,12874960166188,12874960328373,12874960357596,3994916747,5.2176,0.7773,16.1388,0.1622,0.0292,22.3525,1
1082,12874986668138,12874992153362,12874992930699,12874992931865,12875009111907,12875009256574,12875009286241,2576062375,5.4852,0.7773,16.1800,0.1447,0.0297,22.6181,1
1083,12875052378568,12875057809200,12875058599703,12875058600980,12875074717096,12875074862837,12875074892282,2267632270,5.4306,0.7905,16.1161,0.1457,0.0294,22.5137,1
1084,12875130348692,12875135910694,12875136686642,12875136688086,12875152607942,12875152758942,12875152794165,940360645,5.5620,0.7759,15.9199,0.1510,0.0352,22.4455,1
1085,12875173861688,12875179078559,12875179904692,12875179905525,12875196023733,12875196167956,12875196196474,1783049342,5.2169,0.8261,16.1182,0.1442,0.0285,22.3348,1
1086,12875241493903,12875246664977,12875247538555,12875247539666,12875263960357,12875264117968,12875264147080,2392451770,5.1711,0.8736,16.4207,0.1576,0.0291,22.6532,1
1087,12875319927324,12875325068455,12875325991069,12875325992217,12875342003629,12875342143129,12875342171444,1635025308,5.1411,0.9226,16.0114,0.1395,0.0283,22.2441,1
1088,12876090377788,12876096882942,12876097602574,12876097603796,12876113853505,12876114007505,12876114039672,299307084,6.5052,0.7196,16.2497,0.1540,0.0322,23.6619,1
1089,12876140351826,12876145539512,12876146236070,12876146237125,12876162400019,12876162553446,12876162586186,299307084,5.1877,0.6966,16.1629,0.1534,0.0327,22.2344,1
1090,12876195341605,12876200434624,12876201196978,12876201198330,12876217293131,12876217430613,12876217460002,299307084,5.0930,0.7624,16.0948,0.1375,0.0294,22.1184,1
1091,12876277487966,12876282460152,12876283192821,12876283193784,12876299300640,12876299446567,12876299477604,1163141045,4.9722,0.7327,16.1069,0.1459,0.0310,21.9896,1
1092,12876333977899,12876340096829,12876341125666,12876341127907,12876357453394,12876357606895,12876357643506,1163141045,6.1189,1.0288,16.3255,0.1535,0.0366,23.6656,1
1093,12876364521365,12876369875681,12876370644962,12876370646813,12876386775596,12876386910022,12876386938393,1163141045,5.3543,0.7693,16.1288,0.1344,0.0284,22.4170,1
1094,12876471185984,12876476256985,12876477543823,12876477545508,12876494054384,12876494205200,12876494235885,1408396193,5.0710,1.2868,16.5089,0.1508,0.0307,23.0499,1
1095,12876504317608,12876510518390,12876511486746,12876511488153,12876527819640,12876527968437,12876527999233,1408396193,6.2008,0.9684,16.3315,0.1488,0.0308,23.6816,1
1096,12876537284990,12876542264212,12876543137864,12876543139030,12876559339442,12876559484795,12876559513999,2415925868,4.9792,0.8737,16.2004,0.1454,0.0292,22.2290,1
1097,12876593515144,12876598930127,12876599633352,12876599634315,12876615832653,12876615971820,12876616009042,2415925868,5.4150,0.7032,16.1983,0.1392,0.0372,22.4939,1
1098,12876670734561,12876675732024,12876676524249,12876676525453,12876692536142,12876692673902,12876692701458,2415925868,4.9975,0.7922,16.0107,0.1378,0.0276,21.9669,1
1099,12876748480277,12876753640889,12876754450521,12876754451947,12876770296191,12876770434266,12876770461470,3959170530,5.1606,0.8096,15.8442,0.1381,0.0272,21.9812,1
1100,12876808175833,12876813782279,12876814472949,12876814474115,12876830808324,12876830953714,12876830984066,3959170530,5.6064,0.6907,16.3342,0.1454,0.0304,22.8082,1
1101,12876853528613,12876859216301,12876859972044,12876859973118,12876876203623,12876876347364,12876876376976,1316653000,5.6877,0.7557,16.2305,0.1437,0.0296,22.8484,1
1102,12876911030845,12876916313013,12876917192091,12876917193517,12876933099520,12876933239410,12876933267613,277123127,5.2822,0.8791,15.9060,0.1399,0.0282,22.2368,1
1103,12876971988480,12876977179184,12876978037762,12876978038891,12876994227618,12876994366989,12876994395471,277123127,5.1907,0.8586,16.1887,0.1394,0.0285,22.4070,1
1104,12877077719189,12877083381302,12877084833456,12877084835308,12877101449129,12877101601741,12877101633648,814522556,5.6621,1.4522,16.6138,0.1526,0.0319,23.9145,1
1105,12877108381284,12877114469937,12877115291273,12877115292495,12877131437315,12877131584371,12877131614149,814522556,6.0887,0.8213,16.1448,0.1471,0.0298,23.2329,1
1106,12877162656357,12877167790061,12877168732935,12877168734324,12877184778717,12877185535239,12877185566739,3499482421,5.1337,0.9429,16.0444,0.7565,0.0315,22.9104,1
1107,12877262644267,12877266275150,12877267271636,12877267273358,12877283420214,12877283551937,12877283583474,1914766946,3.6309,0.9965,16.1469,0.1317,0.0315,20.9392,1
1108,12877318061936,12877322178618,12877323074936,12877323075955,12877339233033,12877339360404,12877339385793,1914766946,4.1167,0.8963,16.1571,0.1274,0.0254,21.3239,1
1109,12877370076852,12877373834496,12877375016074,12877375017426,12877391496654,12877391622729,12877391647932,239640680,3.7576,1.1816,16.4792,0.1261,0.0252,21.5711,1
1110,12877433182272,12877437689752,12877438359625,12877438360366,12877454484685,12877454609204,12877454634537,239640680,4.5075,0.6699,16.1243,0.1245,0.0253,21.4523,1
1111,12877494698187,12877499196666,12877500456449,12877500459023,12877516772287,12877516898010,12877516922233,635100652,4.4985,1.2598,16.3133,0.1257,0.0242,22.2240,1
1112,12877554956393,12877559342576,12877560638136,12877560639562,12877576885234,12877577009364,12877577034327,1302007589,4.3862,1.2956,16.2457,0.1241,0.0250,22.0779,1
1113,12877612959590,12877617908035,12877618919150,12877618920335,12877635150303,12877635276044,12877635301377,1302007589,4.9484,1.0111,16.2300,0.1257,0.0253,22.3418,1
1114,12877688852484,12877693424298,12877694479172,12877694480431,12877710344046,12877710469009,12877710493250,2733692768,4.5718,1.0549,15.8636,0.1250,0.0242,21.6408,1
1115,12877761270328,12877765512659,12877766240884,12877766241921,12877782601204,12877782725149,12877782749908,243030674,4.2423,0.7282,16.3593,0.1239,0.0248,21.4796,1
1116,12877821781220,12877825728735,12877826429571,12877826430515,12877842486149,12877842609446,12877842634705,243030674,3.9475,0.7008,16.0556,0.1233,0.0253,20.8535,1
1117,12877886407887,12877890650088,12877891680944,12877891682795,12877907864800,12877908022393,12877908049023,2911814900,4.2422,1.0309,16.1820,0.1576,0.0266,21.6411,1
1118,12877934355362,12877938626822,12877939646900,12877939648178,12877955798738,12877955920831,12877955945924,3719782443,4.2715,1.0201,16.1506,0.1221,0.0251,21.5906,1
1119,12877987598597,12877991789835,12877993128636,12877993130525,12878009425623,12878009553327,12878009578624,929393266,4.1912,1.3388,16.2951,0.1277,0.0253,21.9800,1
1120,12878052099671,12878055991982,12878056972967,12878056974171,12878073297194,12878073422880,12878073447639,64981044,3.8923,0.9810,16.3230,0.1257,0.0248,21.3480,1
1121,12878130518352,12878135549704,12878136292225,12878136293151,12878152532953,12878152666157,12878152691416,3836194560,5.0314,0.7425,16.2398,0.1332,0.0253,22.1731,1
1122,12878169721794,12878173791921,12878174727943,12878174728720,12878190828169,12878190953448,12878190977929,1536675501,4.0701,0.9360,16.0994,0.1253,0.0245,21.2561,1
1123,12878241388413,12878245572466,12878246457895,12878246459951,12878262651807,12878262778974,12878262804419,2125859654,4.1841,0.8854,16.1919,0.1272,0.0254,21.4160,1
1124,12878313272385,12878317819402,12878318702775,12878318703942,12878334829947,12878334957891,12878334983058,2378459333,4.5470,0.8834,16.1260,0.1279,0.0252,21.7107,1
1125,12878365673210,12878369840077,12878370584061,12878370585617,12878386713936,12878386840251,12878386864659,1635121315,4.1669,0.7440,16.1283,0.1263,0.0244,21.1914,1
1126,12878443085479,12878447677848,12878448452888,12878448454240,12878464502189,12878464625967,12878464650004,1635121315,4.5924,0.7750,16.0479,0.1238,0.0240,21.5645,1
1127,12878520098933,12878524995692,12878525702398,12878525703306,12878541465624,12878541601976,12878541634217,2127149622,4.8968,0.7067,15.7623,0.1364,0.0322,21.5353,1
1128,12878566441402,12878570997641,12878571700644,12878571701662,12878587822185,12878587945538,12878587969612,3504951220,4.5562,0.7030,16.1205,0.1234,0.0241,21.5282,1
1129,12878629574156,12878634128950,12878634836453,12878634837231,12878650897217,12878651022106,12878651047088,3504951220,4.5548,0.7075,16.0600,0.1249,0.0250,21.4729,1
1130,12878733799414,12878738231598,12878739293990,12878739296250,12878756240665,12878756380462,12878756409702,1090958049,4.4322,1.0624,16.9444,0.1398,0.0292,22.6103,1
1131,12878761679352,12878766023849,12878766777760,12878766779037,12878782764801,12878782889801,12878782915468,1090958049,4.3445,0.7539,15.9858,0.1250,0.0257,21.2361,1
1132,12878826092036,12878830568793,12878831276815,12878831279278,12878847373282,12878847498838,12878847523616,1090958049,4.4768,0.7080,16.0940,0.1256,0.0248,21.4316,1
1133,12878890227256,12878894953033,12878895670221,12878895671203,12878911775763,12878911900356,12878911925152,295705239,4.7258,0.7172,16.1046,0.1246,0.0248,21.6979,1
1134,12878971196966,12878975944724,12878976836375,12878976837653,12878992786509,12878992908176,12878992932602,1741599774,4.7478,0.8917,15.9489,0.1217,0.0244,21.7356,1
1135,12879030143519,12879034746147,12879035479853,12879035480909,12879051665802,12879051796673,12879051822247,1741599774,4.6026,0.7337,16.1849,0.1309,0.0256,21.6787,1
1136,12879078029827,12879081997545,12879082797604,12879082798844,12879098885960,12879099009238,12879099033942,1741599774,3.9677,0.8001,16.0871,0.1233,0.0247,21.0041,1
1137,12879133474996,12879138539608,12879139189240,12879139190184,12879155184021,12879155308929,12879155334540,133961213,5.0646,0.6496,15.9938,0.1249,0.0256,21.8595,1
1138,12879191939621,12879196061785,12879196860714,12879196861695,12879212935329,12879213065719,12879213090126,133961213,4.1222,0.7989,16.0736,0.1304,0.0244,21.1505,1
1139,12879239910207,12879244811744,12879245479876,12879245480636,12879261595362,12879261721085,12879261745437,133961213,4.9015,0.6681,16.1147,0.1257,0.0244,21.8352,1
1140,12879309325614,12879312862553,12879313823668,12879313824742,12879329713561,12879329838005,12879329862228,2545280060,3.5369,0.9611,15.8888,0.1244,0.0242,20.5366,1
1141,12879370154285,12879374745580,12879375263934,12879375264989,12879391325494,12879391450531,12879391475420,2545280060,4.5913,0.5184,16.0605,0.1250,0.0249,21.3211,1
1142,12879423503817,12879427892223,12879428818448,12879428819745,12879444772156,12879444897304,12879444922656,2545280060,4.3884,0.9262,15.9524,0.1251,0.0254,21.4188,1
1143,12879488023724,12879492235351,12879492873817,12879492874909,12879508754172,12879508880043,12879508904932,2545280060,4.2116,0.6385,15.8793,0.1259,0.0249,20.8812,1
1144,12879660857609,12879664733772,12879665816553,12879665817831,12879681901539,12879682024132,12879682048429,3242127173,3.8762,1.0828,16.0837,0.1226,0.0243,21.1908,1
1145,12879727870655,12879732331764,12879733069211,12879733070193,12879748890937,12879749017178,12879749042252,3242127173,4.4611,0.7374,15.8207,0.1262,0.0251,21.1716,1
1146,12879795551426,12879799668015,12879800718834,12879800720130,12879816683301,12879816807616,12879816832209,3242127173,4.1166,1.0508,15.9632,0.1243,0.0246,21.2808,1
1147,12879874992573,12879879090200,12879880091204,12879880093000,12879895957596,12879896090763,12879896115023,3242127173,4.0976,1.0010,15.8646,0.1332,0.0243,21.1225,1
1148,12879929615518,12879933844941,12879934880111,12879934881482,12879950933690,12879951056468,12879951081968,3242127173,4.2294,1.0352,16.0522,0.1228,0.0255,21.4664,1
1149,12879980219410,12879984610408,12879985613523,12879985614856,12880001788564,12880001914139,12880001938917,3242127173,4.3910,1.0031,16.1737,0.1256,0.0248,21.7195,1
1150,12880090414487,12880094750818,12880095761933,12880095763137,12880111697566,12880111822308,12880111847271,3242127173,4.3363,1.0111,15.9344,0.1247,0.0250,21.4328,1
1151,12880145869490,12880150033598,12880151343510,12880151346214,12880167628812,12880167763868,12880167792572,3242127173,4.1641,1.3099,16.2826,0.1351,0.0287,21.9231,1
1152,12880196603438,12880201626661,12880202171644,12880202172459,12880218142648,12880218297260,12880218322260,3242127173,5.0232,0.5450,15.9702,0.1546,0.0250,21.7188,1
1153,12880237438961,12880241486420,12880242460368,12880242461739,12880258763300,12880258910004,12880258941634,3242127173,4.0475,0.9739,16.3016,0.1467,0.0316,21.5027,1
1154,12880281272495,12880285380880,12880286446236,12880286447384,12880302651556,12880302782389,12880302808186,3242127173,4.1084,1.0654,16.2042,0.1308,0.0258,21.5357,1
1155,12880319186636,12880323458744,12880324617378,12880324618693,12880340809420,12880340934865,12880340959698,3242127173,4.2721,1.1586,16.1907,0.1254,0.0248,21.7731,1
1156,12880441274498,12880445018105,12880446051312,12880446053294,12880462129039,12880462251706,12880462276187,3242127173,3.7436,1.0332,16.0757,0.1227,0.0245,21.0017,1
1157,12880513978343,12880518123432,12880519135566,12880519137140,12880535475627,12880535603294,12880535628498,3242127173,4.1451,1.0121,16.3385,0.1277,0.0252,21.6502,1
1158,12880578766677,12880582914526,12880584186030,12880584187808,12880600921259,12880601051964,12880601077093,3242127173,4.1478,1.2715,16.7335,0.1307,0.0251,22.3104,1
1159,12880614899589,12880618883789,12880619895312,12880619896663,12880636144742,12880636269243,12880636293762,3242127173,3.9842,1.0115,16.2481,0.1245,0.0245,21.3942,1
1160,12880721220578,12880725697798,12880726422060,12880726423005,12880742480268,12880742602121,12880742626398,3242127173,4.4772,0.7243,16.0573,0.1219,0.0243,21.4058,1
1161,12880805666781,12880809709852,12880810682467,12880810683874,12880826603748,12880826732323,12880826756712,3242127173,4.0431,0.9726,15.9199,0.1286,0.0244,21.0899,1
1162,12880860802913,12880864608353,12880865886043,12880865887247,12880882147159,12880882273845,12880882298993,3242127173,3.8054,1.2777,16.2599,0.1267,0.0251,21.4961,1
1163,12880940519710,12880944044704,12880945236135,12880945238227,12880961357584,12880961482195,12880961506418,3242127173,3.5250,1.1914,16.1194,0.1246,0.0242,20.9867,1
1164,12881044845413,12881049186948,12881050048784,12881050050451,12881066369142,12881066494661,12881066519661,3242127173,4.3415,0.8618,16.3187,0.1255,0.0250,21.6742,1
1165,12881126147327,12881130217287,12881130914252,12881130915141,12881147025498,12881147148887,12881147173480,3242127173,4.0700,0.6970,16.1104,0.1234,0.0246,21.0262,1
1166,12881180874068,12881185849568,12881186610164,12881186611256,12881202616927,12881202747446,12881202773576,3242127173,4.9755,0.7606,16.0057,0.1305,0.0261,21.8995,1
1167,12881226450275,12881230427382,12881231481738,12881231484109,12881247551205,12881247674891,12881247699558,3242127173,3.9771,1.0544,16.0671,0.1237,0.0247,21.2493,1
1168,12881301419128,12881305450754,12881306399073,12881306401165,12881322667985,12881322793486,12881322817708,3242127173,4.0316,0.9483,16.2668,0.1255,0.0242,21.3986,1
1169,12881354607178,12881358540082,12881359567512,12881359568586,12881375781424,12881375908221,12881375933480,3242127173,3.9329,1.0274,16.2128,0.1268,0.0253,21.3263,1
1170,12881408996251,12881413278267,12881414152511,12881414153567,12881430659739,12881430809888,12881430837573,3242127173,4.2820,0.8742,16.5062,0.1501,0.0277,21.8413,1
1171,12881495459203,12881499096957,12881500834427,12881500836168,12881516947024,12881517073784,12881517099191,3242127173,3.6378,1.7375,16.1109,0.1268,0.0254,21.6400,1
1172,12881579182552,12881583189419,12881584182793,12881584184182,12881600204797,12881600323668,12881600349094,3242127173,4.0069,0.9934,16.0206,0.1189,0.0254,21.1665,1
1173,12881633447439,12881637604121,12881638496514,12881638497773,12881654566259,12881654691815,12881654716907,3242127173,4.1567,0.8924,16.0685,0.1256,0.0251,21.2695,1
1174,12881724617890,12881729202444,12881730117151,12881730118244,12881746139063,12881746262323,12881746287600,3242127173,4.5846,0.9147,16.0208,0.1233,0.0253,21.6697,1
1175,12881785096282,12881789185242,12881790207505,12881790209431,12881806590270,12881806714251,12881806739048,3242127173,4.0890,1.0223,16.3808,0.1240,0.0248,21.6428,1
1176,12881848107406,12881852310273,12881853530389,12881853532074,12881869530393,12881869652356,12881869676560,3242127173,4.2029,1.2201,15.9983,0.1220,0.0242,21.5692,1
1177,12881934598635,12881938909151,12881940141026,12881940142119,12881956348457,12881956473180,12881956497921,3242127173,4.3105,1.2319,16.2063,0.1247,0.0247,21.8993,1
1178,12882015102769,12882019865897,12882020912364,12882020913531,12882037059573,12882037181314,12882037206036,3242127173,4.7631,1.0465,16.1460,0.1217,0.0247,22.1033,1
1179,12882079589861,12882084120581,12882084956973,12882084958029,12882100819643,12882100942162,12882100966903,3242127173,4.5307,0.8364,15.8616,0.1225,0.0247,21.3770,1
1180,12882151543647,12882155426254,12882156538499,12882156540073,12882172564559,12882172687337,12882172712189,3242127173,3.8826,1.1122,16.0245,0.1228,0.0249,21.1685,1
1181,12882242440190,12882249263382,12882250029607,12882250030662,12882266158556,12882266307186,12882266337316,3242127173,6.8232,0.7662,16.1279,0.1486,0.0301,23.8971,1
1182,12882313839807,12882319038864,12882319692514,12882319693440,12882335861223,12882336014668,12882336044075,3242127173,5.1991,0.6536,16.1678,0.1534,0.0294,22.2043,1
1183,12882399481293,12882404380367,12882405308722,12882405309889,12882421436097,12882421577116,12882421607042,3242127173,4.8991,0.9284,16.1262,0.1410,0.0299,22.1257,1
1184,12882519679037,12882525074057,12882526372006,12882526373988,12882542846586,12882542998920,12882543028624,3242127173,5.3950,1.2979,16.4726,0.1523,0.0297,23.3496,1
1185,12882551103321,12882556431026,12882557017028,12882557018621,12882572924106,12882573064347,12882573093643,3242127173,5.3277,0.5860,15.9055,0.1402,0.0293,21.9903,1
1186,12882631474491,12882636463824,12882637443920,12882637445698,12882653621832,12882653757814,12882653785629,3242127173,4.9893,0.9801,16.1761,0.1360,0.0278,22.3111,1
1187,12882745458749,12882751414826,12882752979036,12882752980554,12882769706394,12882769860376,12882769889932,3242127173,5.9561,1.5642,16.7258,0.1540,0.0296,24.4312,1
1188,12882774592135,12882779877229,12882780647824,12882780648972,12882796628735,12882796793236,12882796821329,3242127173,5.2851,0.7706,15.9798,0.1645,0.0281,22.2292,1
1189,12882808651095,12882813452780,12882814314172,12882814315487,12882830110564,12882830252546,12882830280527,3242127173,4.8017,0.8614,15.7951,0.1420,0.0280,21.6294,1
1190,12882878981413,12882884844101,12882885534159,12882885535159,12882901610830,12882901751590,12882901779683,3242127173,5.8627,0.6901,16.0757,0.1408,0.0281,22.7983,1
1191,12882963118059,12882967846262,12882968789562,12882968791358,12882985115715,12882985254475,12882985281938,3242127173,4.7282,0.9433,16.3244,0.1388,0.0275,22.1639,1
1192,12883084780013,12883089855180,12883090717850,12883090719535,12883107058225,12883107202837,12883107233244,3242127173,5.0752,0.8627,16.3387,0.1446,0.0304,22.4532,1
1193,12883156718595,12883163007285,12883163740844,12883163741733,12883180144979,12883180292831,12883180322220,3242127173,6.2887,0.7336,16.4032,0.1479,0.0294,23.6036,1
1194,12883228443066,12883233743771,12883234472496,12883234473496,12883250561426,12883250697427,12883250726131,3242127173,5.3007,0.7287,16.0879,0.1360,0.0287,22.2831,1
1195,12883291719043,12883297692250,12883298333660,12883298334716,12883314517794,12883314662665,12883314692406,3242127173,5.9732,0.6414,16.1831,0.1449,0.0297,22.9734,1
1196,12883393362718,12883398382588,12883399110480,12883399111535,12883415185003,12883415334207,12883415363948,3242127173,5.0199,0.7279,16.0735,0.1492,0.0297,22.0012,1
1197,12883481854158,12883486827640,12883487536291,12883487537420,12883504376594,12883504521224,12883504550965,3242127173,4.9735,0.7087,16.8392,0.1446,0.0297,22.6968,1
1198,12883537178994,12883542382384,12883543141924,12883543143016,12883559284725,12883559429373,12883559459892,3242127173,5.2034,0.7595,16.1417,0.1446,0.0305,22.2809,1
1199,12883590395618,12883595792472,12883596525012,12883596526326,12883612681572,12883612821924,12883612851406,3242127173,5.3969,0.7325,16.1552,0.1404,0.0295,22.4558,1
1200,12883654324764,12883659846118,12883661053826,12883661055548,12883677408998,12883677561647,12883677590813,3242127173,5.5214,1.2077,16.3534,0.1526,0.0292,23.2660,1
1201,12883709263228,12883714268876,12883715071231,12883715072323,12883731432514,12883731614867,12883731648015,3242127173,5.0056,0.8024,16.3602,0.1824,0.0331,22.3848,1
1202,12883788474152,12883792953947,12883793932636,12883793934025,12883810197104,12883810350845,12883810379197,3242127173,4.4798,0.9787,16.2631,0.1537,0.0284,21.9050,1
1203,12883851561869,12883855282661,12883856043071,12883856044515,12883872053371,12883872192075,12883872217242,3242127173,3.7208,0.7604,16.0089,0.1387,0.0252,20.6554,1
1204,12883924719771,12883930656127,12883931743834,12883931745168,12883948119766,12883948289044,12883948328081,3242127173,5.9364,1.0877,16.3746,0.1693,0.0390,23.6083,1
1205,12883979164252,12883983011692,12883983605268,12883983606194,12883999657606,12883999783032,12883999807569,3242127173,3.8474,0.5936,16.0514,0.1254,0.0245,20.6433,1
1206,12884082730860,12884086978764,12884087605248,12884087606230,12884103635364,12884103758364,12884103784309,3242127173,4.2479,0.6265,16.0291,0.1230,0.0259,21.0534,1
1207,12884143637198,12884147494416,12884148305437,12884148306548,12884164435701,12884164557739,12884164583091,3242127173,3.8572,0.8110,16.1292,0.1220,0.0254,20.9459,1
1208,12884199505647,12884202858733,12884203582440,12884203583328,12884219590703,12884219714926,12884219739852,3242127173,3.3531,0.7237,16.0074,0.1242,0.0249,20.2342,1
1209,12884241627878,12884245167965,12884246217302,12884246218487,12884262054157,12884262179343,12884262203973,3242127173,3.5401,1.0493,15.8357,0.1252,0.0246,20.5761,1
1210,12884310648561,12884314527056,12884315240689,12884315241504,12884331179915,12884331305415,12884331330730,3242127173,3.8785,0.7136,15.9384,0.1255,0.0253,20.6822,1
1211,12884361222193,12884365293542,12884365911322,12884365912878,12884381884733,12884382010419,12884382035345,3242127173,4.0713,0.6178,15.9719,0.1257,0.0249,20.8132,1
1212,12884411450158,12884414923708,12884415621711,12884415622674,12884431764641,12884431904975,12884431933438,3242127173,3.4735,0.6980,16.1420,0.1403,0.0285,20.4833,1
1213,12884474420597,12884478356315,12884479062929,12884479063799,12884495144229,12884495269378,12884495294063,3242127173,3.9357,0.7066,16.0804,0.1251,0.0247,20.8735,1
1214,12884556610662,12884562474647,12884563106982,12884563107945,12884579007005,12884579158098,12884579186524,3242127173,5.8640,0.6323,15.8991,0.1511,0.0284,22.5759,1
1215,12884603144780,12884607344629,12884608539522,12884608543078,12884624776990,12884624909916,12884624937009,3242127173,4.1998,1.1949,16.2339,0.1329,0.0271,21.7922,1
1216,12884643723949,12884647484797,12884648783913,12884648785339,12884664981658,12884665113474,12884665139029,3242127173,3.7608,1.2991,16.1963,0.1318,0.0256,21.4151,1
1217,12884669801065,12884673514005,12884674174489,12884674175637,12884690509790,12884690634865,12884690660513,3242127173,3.7129,0.6605,16.3342,0.1251,0.0256,20.8594,1
1218,12884711077941,12884715307049,12884716138775,12884716139923,12884732327946,12884732453280,12884732478132,3242127173,4.2291,0.8317,16.1880,0.1253,0.0249,21.4002,1
1219,12884776138257,12884780183032,12884780761275,12884780762293,12884796733464,12884796857853,12884796883168,3242127173,4.0448,0.5782,15.9712,0.1244,0.0253,20.7449,1
1220,12884853044192,12884857359004,12884857934229,12884857935247,12884874485124,12884874604846,12884874630032,3242127173,4.3148,0.5752,16.5499,0.1197,0.0252,21.5858,1
1221,12884915585740,12884918974234,12884919653162,12884919654848,12884935832241,12884935962075,12884935987705,3242127173,3.3885,0.6789,16.1774,0.1298,0.0256,20.4020,1
1222,12884951002113,12884954874275,12884955599704,12884955600593,12884971606578,12884971730190,12884971755468,32900513,3.8722,0.7254,16.0060,0.1236,0.0253,20.7534,1
1223,12885003288455,12885006758672,12885007645731,12885007646638,12885023737124,12885023863310,12885023888699,32900513,3.4702,0.8871,16.0905,0.1262,0.0254,20.6002,1
