t_det_stamp_ns,t_det_recv_ns,t_cmd_recv_ns,approx_e2e_ms,t_cam_stamp_ns,t_cam_recv_ns,cam_to_det_ms
57355256507216,1783933942607841814,1783933942608247575,0.406,57355256507216,1783933942589134487,22.269
57355333130623,1783933942685770616,1783933942686191636,0.421,57355333130623,1783933942668032014,23.574
57355364370459,1783933942716037262,1783933942716802784,0.766,57355364370459,1783933942698596310,22.601
57355440762644,1783933942793995119,1783933942794493121,0.498,57355440762644,1783933942772145596,24.167
57355491740162,1783933942842994668,1783933942843409799,0.415,57355491740162,1783933942824907843,22.189
57355546783121,1783933942898830074,1783933942899225224,0.395,57355546783121,1783933942881953365,22.981
57355637776655,1783933942991677226,1783933942992184154,0.507,57355637776655,1783933942975443852,24.835
57355675231754,1783933943026834687,1783933943028128729,1.294,57355675231754,1783933943011125889,22.538
57355735617844,1783933943087627204,1783933943088036965,0.41,57355735617844,1783933943069976936,22.944
57355833917256,1783933943186336155,1783933943187290251,0.954,57355833917256,1783933943167189771,23.353
57355877960120,1783933943230880817,1783933943231538486,0.658,57355877960120,1783933943211662025,23.859
57355919584160,1783933943271215945,1783933943272099170,0.883,57355919584160,1783933943252760544,22.566
57355988418799,1783933943339859934,1783933943340307621,0.448,57355988418799,1783933943321697331,22.375
57356045728044,1783933943396921697,1783933943397416162,0.494,57356045728044,1783933943380086932,22.128
57356106771413,1783933943458433513,1783933943458836329,0.403,57356106771413,1783933943440482003,22.596
57356165469663,1783933943517857692,1783933943518691398,0.834,57356165469663,1783933943499598700,23.322
57356264298707,1783933943616663328,1783933943617140274,0.477,57356264298707,1783933943597760334,23.299
57356297475624,1783933943647801830,1783933943648211665,0.41,57356297475624,1783933943632795016,21.261
57356373683012,1783933943725102611,1783933943725832280,0.73,57356373683012,1783933943709442387,22.354
57356417813672,1783933943768485990,1783933943768924770,0.439,57356417813672,1783933943752338450,21.607
57356484753545,1783933943835716790,1783933943836155884,0.439,57356484753545,1783933943816896777,21.898
57356562182196,1783933943915749284,1783933943916476157,0.727,57356562182196,1783933943894785227,24.502
57356612693861,1783933943964355331,1783933943964767833,0.413,57356612693861,1783933943946130080,22.596
57356669121529,1783933944020158071,1783933944020811314,0.653,57356669121529,1783933944002116950,21.971
57356743749985,1783933944095167306,1783933944095800586,0.633,57356743749985,1783933944076206682,22.352
57356795566618,1783933944146637511,1783933944147612663,0.975,57356795566618,1783933944127182015,22.005
57356871235800,1783933944222064285,1783933944222465990,0.402,57356871235800,1783933944202576789,21.763
57356940812663,1783933944291901779,1783933944292525319,0.624,57356940812663,1783933944273175508,22.024
57356989063246,1783933944340325270,1783933944340943772,0.619,57356989063246,1783933944320128141,22.197
57357037144420,1783933944387964480,1783933944388363519,0.399,57357037144420,1783933944368131630,21.755
57357103672125,1783933944454692889,1783933944455164150,0.471,57357103672125,1783933944435883080,21.955
57357195550681,1783933944546118795,1783933944546727742,0.609,57357195550681,1783933944527454505,21.506
57357239259876,1783933944590247548,1783933944590902087,0.655,57357239259876,1783933944570833533,21.922
57357288176573,1783933944639673486,1783933944640092784,0.419,57357288176573,1783933944620996882,22.431
57357373325330,1783933944726708651,1783933944727468894,0.76,57357373325330,1783933944706169916,24.329
57357405945920,1783933944758201571,1783933944758633128,0.432,57357405945920,1783933944739495731,23.19
57357503255337,1783933944858622998,1783933944859136537,0.514,57357503255337,1783933944839290601,26.302
57357533577883,1783933944884655807,1783933944885115457,0.46,57357533577883,1783933944866246653,22.012
57357624359778,1783933944976006594,1783933944977028838,1.022,57357624359778,1783933944956184120,22.582
57357666719753,1783933945019711428,1783933945020115984,0.405,57357666719753,1783933945000867732,23.926
57357720762199,1783933945072143462,1783933945072545944,0.402,57357720762199,1783933945053697203,22.315
57357788681657,1783933945140352623,1783933945140911827,0.559,57357788681657,1783933945121059752,22.605
57357838231836,1783933945189182006,1783933945189590710,0.409,57357838231836,1783933945170707172,21.885
57357900230714,1783933945252036088,1783933945252443810,0.408,57357900230714,1783933945234450996,22.74
57357975651864,1783933945327496386,1783933945328061646,0.565,57357975651864,1783933945309031960,22.779
57358032343662,1783933945383737202,1783933945384149499,0.412,57358032343662,1783933945365902573,22.328
57358113711096,1783933945466265063,1783933945466913786,0.649,57358113711096,1783933945448017618,23.488
57358149835225,1783933945500980876,1783933945501478728,0.498,57358149835225,1783933945482244283,22.08
57358223858632,1783933945576450007,1783933945577260101,0.81,57358223858632,1783933945559053712,23.526
57358269606827,1783933945621903238,1783933945622406220,0.503,57358269606827,1783933945602490478,23.231
57358335780338,1783933945688098546,1783933945688279453,0.181,57358335780338,1783933945671175195,23.253
57358417938180,1783933945770054295,1783933945770748166,0.694,57358417938180,1783933945750751350,23.051
57358457851831,1783933945808426056,1783933945808958704,0.533,57358457851831,1783933945793909300,21.508
57358542358694,1783933945893966049,1783933945894404494,0.438,57358542358694,1783933945875285401,22.542
57358593442153,1783933945945966750,1783933945946721454,0.755,57358593442153,1783933945927338176,23.461
57358645810410,1783933945997387172,1783933945997818210,0.431,57358645810410,1783933945978449153,22.511
57358645810410,1783933945997387172,1783933946075160269,77.773,57358645810410,1783933945978449153,22.511
57358768154793,1783933946120639834,1783933946121194464,0.555,57358768154793,1783933946103388928,23.419
57358851920488,1783933946203349881,1783933946204077622,0.728,57358851920488,1783933946184164009,22.364
57358889947731,1783933946241587605,1783933946241997123,0.41,57358889947731,1783933946222559493,22.574
57358959701968,1783933946310834286,1783933946311242953,0.409,57358959701968,1783933946292367711,22.067
57359015207061,1783933946366497324,1783933946366907676,0.41,57359015207061,1783933946347823008,22.225
57359076186030,1783933946427464904,1783933946427879997,0.415,57359076186030,1783933946408502236,22.213
57359141314911,1783933946492598544,1783933946493250230,0.652,57359141314911,1783933946474397822,22.218
57359243108681,1783933946595451852,1783933946597314835,1.863,57359243108681,1783933946576428592,23.288
57359276397307,1783933946628048274,1783933946628624385,0.576,57359276397307,1783933946609299773,22.586
57359337958962,1783933946689182095,1783933946690128466,0.946,57359337958962,1783933946670955947,22.158
57359386211641,1783933946737629829,1783933946738085700,0.456,57359386211641,1783933946719106384,22.353
57359462364347,1783933946813890554,1783933946814338962,0.448,57359462364347,1783933946795857832,22.461
57359532193955,1783933946883844014,1783933946884444144,0.6,57359532193955,1783933946865047680,22.584
57359589289939,1783933946940759498,1783933946941335535,0.576,57359589289939,1783933946922641590,22.404
57359646193293,1783933946997871704,1783933946998324945,0.453,57359646193293,1783933946979634741,22.613
57359710946858,1783933947062613177,1783933947063324400,0.711,57359710946858,1783933947044174195,22.601
57359759729204,1783933947111719282,1783933947112182542,0.463,57359759729204,1783933947092913374,22.924
57359854102893,1783933947206504564,1783933947207562102,1.058,57359854102893,1783933947186739822,23.337
57359899521550,1783933947251511350,1783933947251957036,0.446,57359899521550,1783933947233442758,22.924
57359957607850,1783933947309410206,1783933947309583095,0.173,57359957607850,1783933947290351057,22.737
57360033217019,1783933947386045932,1783933947386217673,0.172,57360033217019,1783933947366970634,23.763
57360080451271,1783933947431982015,1783933947432601331,0.619,57360080451271,1783933947413900812,22.471
57360134516715,1783933947486264089,1783933947486856016,0.592,57360134516715,1783933947467866626,22.682
57360219260486,1783933947571474935,1783933947571946121,0.471,57360219260486,1783933947552921342,23.149
57360270013501,1783933947621801653,1783933947622039875,0.238,57360270013501,1783933947602543170,22.722
57360312819304,1783933947664965308,1783933947665568346,0.603,57360312819304,1783933947646316622,23.081
57360405824639,1783933947758579366,1783933947759268163,0.689,57360405824639,1783933947742718776,23.694
57360440603341,1783933947791786937,1783933947792258511,0.472,57360440603341,1783933947773123288,22.118
57360514605583,1783933947866571346,1783933947867498218,0.927,57360514605583,1783933947847873957,22.9
57360568280564,1783933947919703289,1783933947920520846,0.818,57360568280564,1783933947903970181,22.359
57360652124427,1783933948004919913,1783933948005722080,0.802,57360652124427,1783933947985660319,23.737
57360706126926,1783933948057911319,1783933948058863190,0.952,57360706126926,1783933948038688003,22.719
57360749863026,1783933948102297938,1783933948102840865,0.543,57360749863026,1783933948084694365,23.37
57360849677962,1783933948202185374,1783933948203141060,0.956,57360849677962,1783933948182910039,23.442
57360891293208,1783933948244348658,1783933948245660140,1.311,57360891293208,1783933948223977822,23.99
57360934102178,1783933948286454626,1783933948287427146,0.973,57360934102178,1783933948269334276,23.287
57361029851331,1783933948383940337,1783933948384172449,0.232,57361029851331,1783933948366889227,25.023
57361059878139,1783933948412174792,1783933948412722163,0.547,57361059878139,1783933948395157830,23.231
57361138659313,1783933948491373391,1783933948492019577,0.646,57361138659313,1783933948471935946,23.649
57361190231550,1783933948541842350,1783933948542323203,0.481,57361190231550,1783933948523810628,22.545
57361277266399,1783933948628851421,1783933948629660199,0.809,57361277266399,1783933948609905605,22.523
57361323200742,1783933948675852598,1783933948676675155,0.823,57361323200742,1783933948656348467,23.587
57361323200742,1783933948675852598,1783933948724578833,48.726,57361323200742,1783933948656348467,23.587
57361372258699,1783933948725269538,1783933948786962675,61.693,57361372258699,1783933948705945148,23.946
57361527638525,1783933948880426696,1783933948880769215,0.343,57361527638525,1783933948861341473,23.723
57361563631321,1783933948915819899,1783933948916376789,0.557,57361563631321,1783933948896367527,23.123
57361621872991,1783933948974399755,1783933948975052163,0.652,57361621872991,1783933948955072569,23.462
57361717255922,1783933949070789224,1783933949071668614,0.879,57361717255922,1783933949050669926,24.468
57361758815206,1783933949112078100,1783933949112964823,0.887,57361758815206,1783933949091733135,24.198
57361809969888,1783933949162164059,1783933949162677948,0.514,57361809969888,1783933949143385854,23.129
57361902632798,1783933949256812378,1783933949257649324,0.837,57361902632798,1783933949239012082,25.117
57361932145273,1783933949284203351,1783933949284692481,0.489,57361932145273,1783933949265794221,22.993
57362026315962,1783933949379247467,1783933949380047116,0.8,57362026315962,1783933949359768317,23.866
57362074421419,1783933949427220609,1783933949428005350,0.785,57362074421419,1783933949407041681,23.734
57362119659076,1783933949471279821,1783933949471884358,0.605,57362119659076,1783933949452419153,22.555
57362194929153,1783933949547499380,1783933949548686456,1.187,57362194929153,1783933949529820955,23.505
57362249285450,1783933949601358510,1783933949601914214,0.556,57362249285450,1783933949582664805,23.008
57362325669658,1783933949677313476,1783933949678064477,0.751,57362325669658,1783933949658296587,22.578
57362388331704,1783933949740000911,1783933949740780634,0.78,57362388331704,1783933949721584152,22.604
57362461243204,1783933949813303023,1783933949813999913,0.697,57362461243204,1783933949794730041,22.994
57362506120047,1783933949858342847,1783933949859017922,0.675,57362506120047,1783933949838671920,23.157
57362550920926,1783933949902477393,1783933949902976912,0.5,57362550920926,1783933949884575819,22.491
57362637625867,1783933949988846370,1783933949989394889,0.549,57362637625867,1783933949970481222,22.155
57362706535234,1783933950058757053,1783933950059285017,0.528,57362706535234,1783933950039966886,23.156
57362756510026,1783933950108677549,1783933950109795013,1.117,57362756510026,1783933950089837382,23.103
57362812416251,1783933950164489496,1783933950165027793,0.538,57362812416251,1783933950145920995,23.008
57362868309456,1783933950219917886,1783933950220528590,0.611,57362868309456,1783933950201502200,22.543
57362947026204,1783933950298087300,1783933950298546226,0.459,57362947026204,1783933950278521335,21.996
57363015356293,1783933950366817667,1783933950367560020,0.742,57363015356293,1783933950347573277,22.396
57363090202518,1783933950443618432,1783933950444908618,1.29,57363090202518,1783933950425174561,24.35
57363130294412,1783933950480731933,1783933950481191526,0.46,57363130294412,1783933950462294932,21.372
57363185016579,1783933950538521455,1783933950539075530,0.554,57363185016579,1783933950518762935,24.439
57363268754795,1783933950623109061,1783933950623983914,0.875,57363268754795,1783933950602384021,25.289
57363313702915,1783933950665207808,1783933950665804624,0.597,57363313702915,1783933950646460363,22.439
57363361115038,1783933950714236581,1783933950714803285,0.567,57363361115038,1783933950694343042,24.056
57363423870381,1783933950774322698,1783933950774773106,0.45,57363423870381,1783933950756040402,21.387
57363501401461,1783933950852976854,1783933950853995429,1.019,57363501401461,1783933950832875981,22.551
57363548409843,1783933950899727291,1783933950900232699,0.505,57363548409843,1783933950884662960,22.252
57363611007333,1783933950961800947,1783933950962280429,0.479,57363611007333,1783933950942923187,21.728
57363690394693,1783933951041650622,1783933951042304604,0.654,57363690394693,1783933951021500194,22.19
57363742031691,1783933951092931805,1783933951093103398,0.172,57363742031691,1783933951077437363,21.835
57363838092142,1783933951190731777,1783933951191611518,0.88,57363838092142,1783933951175029001,23.574
57363869532063,1783933951220972845,1783933951221481031,0.508,57363869532063,1783933951202228085,22.375
57363922375081,1783933951275599457,1783933951276046069,0.447,57363922375081,1783933951254554546,24.16
57363986540518,1783933951337248984,1783933951337784466,0.535,57363986540518,1783933951321672820,21.643
57364072424681,1783933951424092500,1783933951424798945,0.706,57364072424681,1783933951406827204,22.602
57364116216522,1783933951468948935,1783933951469784436,0.836,57364116216522,1783933951449844378,23.667
57364166339926,1783933951517260281,1783933951517409967,0.15,57364166339926,1783933951498625706,21.855
57364241670726,1783933951592640582,1783933951593141564,0.501,57364241670726,1783933951574195988,21.904
57364302063122,1783933951653699515,1783933951654368831,0.669,57364302063122,1783933951635006144,22.571
57364350504339,1783933951702635288,1783933951703150085,0.515,57364350504339,1783933951683920528,23.066
57364459329193,1783933951813242310,1783933951813907774,0.665,57364459329193,1783933951795660310,24.848
57364488372000,1783933951839912560,1783933951840505246,0.593,57364488372000,1783933951822878876,22.475
57364550479139,1783933951901508327,1783933951902258976,0.751,57364550479139,1783933951883363512,21.964
57364595648241,1783933951947533838,1783933951948051857,0.518,57364595648241,1783933951928354763,22.821
57364664175034,1783933952015710927,1783933952016312613,0.602,57364664175034,1783933951996739889,22.47
57364743074838,1783933952094898676,1783933952095379769,0.481,57364743074838,1783933952075638693,22.759
57364787578811,1783933952139657649,1783933952140093223,0.436,57364787578811,1783933952120535388,23.013
57364849427986,1783933952201251953,1783933952201698324,0.446,57364849427986,1783933952182846138,22.758
57364922593099,1783933952273511343,1783933952273957251,0.446,57364922593099,1783933952255303824,21.853
57364978177435,1783933952329332235,1783933952329785346,0.453,57364978177435,1783933952310408104,22.089
57365064535839,1783933952416645492,1783933952418206160,1.561,57365064535839,1783933952398797751,23.044
57365098577338,1783933952449864601,1783933952450351935,0.487,57365098577338,1783933952431231804,22.222
57365167837354,1783933952519150858,1783933952520041396,0.891,57365167837354,1783933952500971969,22.248
57365215819608,1783933952567533779,1783933952567974075,0.44,57365215819608,1783933952549362260,22.649
57365281748306,1783933952633609218,1783933952634052033,0.443,57365281748306,1783933952615043865,22.795
57365343553333,1783933952694958485,1783933952695398634,0.44,57365343553333,1783933952676281484,22.34
57365431671332,1783933952783651781,1783933952784327078,0.675,57365431671332,1783933952764547132,22.915
57365467913407,1783933952819437022,1783933952819950004,0.513,57365467913407,1783933952800414725,22.458
57365526019449,1783933952877322545,1783933952877766879,0.444,57365526019449,1783933952857773284,22.238
57365620026306,1783933952970674902,1783933952971409588,0.735,57365620026306,1783933952952155734,21.583
57365664184519,1783933953015226800,1783933953015811134,0.584,57365664184519,1783933952996764670,21.977
57365713490996,1783933953063909129,1783933953064346759,0.438,57365713490996,1783933953045696961,21.352
57365806172834,1783933953157749152,1783933953158683468,0.934,57365806172834,1783933953138836799,22.511
57365850518972,1783933953201384217,1783933953201829847,0.446,57365850518972,1783933953182537067,21.8
57365905257511,1783933953256242274,1783933953256683237,0.441,57365905257511,1783933953238218792,21.919
57365993227788,1783933953344249551,1783933953344816552,0.567,57365993227788,1783933953325031605,21.956
57366039227873,1783933953390475284,1783933953390918229,0.443,57366039227873,1783933953372015247,22.182
57366095507006,1783933953445617212,1783933953446095213,0.478,57366095507006,1783933953427384027,21.045
57366154789346,1783933953507458684,1783933953507646814,0.188,57366154789346,1783933953487845812,23.603
57366243232438,1783933953595185665,1783933953595980129,0.794,57366243232438,1783933953575945478,22.893
57366274662434,1783933953625807660,1783933953626258957,0.451,57366274662434,1783933953607588122,22.08
57366334437107,1783933953685727797,1783933953686171371,0.444,57366334437107,1783933953667372333,22.225
57366398422878,1783933953749754160,1783933953750782772,1.029,57366398422878,1783933953731196011,22.266
57366473276715,1783933953824554090,1783933953824990257,0.436,57366473276715,1783933953805539051,22.212
57366525902215,1783933953878019664,1783933953878469257,0.45,57366525902215,1783933953859425941,23.052
57366617603496,1783933953968281795,1783933953968765796,0.484,57366617603496,1783933953950366980,21.613
57366661169634,1783933954011992785,1783933954012432175,0.439,57366661169634,1783933953996624251,21.757
57366721543068,1783933954073202887,1783933954073631183,0.428,57366721543068,1783933954056083647,22.595
57366802815282,1783933954154440268,1783933954155118769,0.679,57366802815282,1783933954137324584,22.56
57366848688738,1783933954200981039,1783933954201516021,0.535,57366848688738,1783933954182128353,23.227
57366902600350,1783933954253731891,1783933954254242206,0.51,57366902600350,1783933954234364982,22.066
57366991446888,1783933954345561191,1783933954346695544,1.134,57366991446888,1783933954328184988,25.049
57367020982956,1783933954373282924,1783933954373825387,0.542,57367020982956,1783933954354773219,23.235
57367099829631,1783933954452328803,1783933954452859989,0.531,57367099829631,1783933954433377950,23.434
57367170567002,1783933954524321527,1783933954524967212,0.646,57367170567002,1783933954503870153,24.689
57367219474997,1783933954571206983,1783933954571941558,0.735,57367219474997,1783933954551472500,22.667
57367264065211,1783933954615593585,1783933954616066345,0.473,57367264065211,1783933954596330158,22.463
57367329284390,1783933954680650431,1783933954681192210,0.542,57367329284390,1783933954661828875,22.301
57367393394161,1783933954744992943,1783933954745500944,0.508,57367393394161,1783933954727932518,22.533
57367483946108,1783933954838945005,1783933954839529117,0.584,57367483946108,1783933954818048150,25.933
57367522276815,1783933954873873264,1783933954874556283,0.683,57367522276815,1783933954854455280,22.531
57367593354612,1783933954944949486,1783933954945789709,0.84,57367593354612,1783933954926284819,22.53
57367648074280,1783933954999463673,1783933954999962303,0.499,57367648074280,1783933954980142060,22.324
57367706929175,1783933955060731682,1783933955061491683,0.76,57367706929175,1783933955041765236,24.737
57367778174973,1783933955132754906,1783933955133376148,0.621,57367778174973,1783933955115108758,25.515
57367823878114,1783933955175669859,1783933955176186156,0.516,57367823878114,1783933955157178062,22.726
57367903328660,1783933955255801203,1783933955256443703,0.642,57367903328660,1783933955236583275,23.408
57367950567654,1783933955304322235,1783933955304818143,0.496,57367950567654,1783933955286054975,24.689
57368012980146,1783933955364856243,1783933955365392559,0.536,57368012980146,1783933955346678298,22.811
57368071792615,1783933955424007213,1783933955424651288,0.644,57368071792615,1783933955404189470,23.15
57368133651532,1783933955484487295,1783933955484974740,0.487,57368133651532,1783933955465683609,21.771
57368196218284,1783933955547728251,1783933955548217918,0.49,57368196218284,1783933955527876211,22.444
57368288557640,1783933955640638701,1783933955641259535,0.621,57368288557640,1783933955624665239,23.016
57368322375565,1783933955674126143,1783933955674952107,0.826,57368322375565,1783933955654897697,22.685
57368395181141,1783933955748900907,1783933955749519500,0.619,57368395181141,1783933955730353702,24.654
57368446288195,1783933955798610978,1783933955800155646,1.545,57368446288195,1783933955779720588,23.257
57368509946373,1783933955862531916,1783933955863019953,0.488,57368509946373,1783933955842831988,23.52
57368575877869,1783933955928923615,1783933955929526783,0.603,57368575877869,1783933955909168002,23.981
57368662436404,1783933956014970725,1783933956015721874,0.751,57368662436404,1783933955995790297,23.469
57368701375908,1783933956052802654,1783933956053533932,0.731,57368701375908,1783933956034192449,22.361
57368752334962,1783933956103825726,1783933956104363338,0.538,57368752334962,1783933956085148021,22.426
57368819299793,1783933956170967890,1783933956171537853,0.57,57368819299793,1783933956152338870,22.603
57368904887716,1783933956258187797,1783933956259106816,0.919,57368904887716,1783933956238599776,24.235
57368939382568,1783933956291645536,1783933956292405074,0.76,57368939382568,1783933956272241552,23.198
57369014521740,1783933956367265023,1783933956368203172,0.938,57369014521740,1783933956347658095,23.682
57369059714973,1783933956411377755,1783933956411830626,0.453,57369059714973,1783933956394937664,22.597
57369121839594,1783933956473899581,1783933956474337025,0.437,57369121839594,1783933956455270024,22.995
57369215572249,1783933956567319068,1783933956567923550,0.604,57369215572249,1783933956548191604,22.681
57369262141798,1783933956613858284,1783933956614302599,0.444,57369262141798,1783933956595194468,22.651
57369325642773,1783933956676576462,1783933956677039833,0.463,57369325642773,1783933956658487331,21.868
57369401423279,1783933956752320801,1783933956752880153,0.559,57369401423279,1783933956734188226,21.832
57369451423498,1783933956803044818,1783933956803662855,0.618,57369451423498,1783933956784622243,22.556
57369498152789,1783933956849921627,1783933956850522609,0.601,57369498152789,1783933956830799440,22.703
57369588346032,1783933956939734870,1783933956940244278,0.509,57369588346032,1783933956921579851,22.323
57369632513616,1783933956983858805,1783933956984455861,0.597,57369632513616,1783933956965987360,22.28
57369681796427,1783933957033026320,1783933957033190691,0.164,57369681796427,1783933957013927393,22.164
57369776361009,1783933957128644626,1783933957129278126,0.633,57369776361009,1783933957109607754,23.218
57369812075751,1783933957163110903,1783933957163525015,0.414,57369812075751,1783933957146630349,21.97
57369877311061,1783933957228254491,1783933957228690399,0.436,57369877311061,1783933957210478027,21.878
57369933347546,1783933957284839125,1783933957285335755,0.497,57369933347546,1783933957266213864,22.426
57370010142924,1783933957362251022,1783933957362955171,0.704,57370010142924,1783933957344933430,23.042
57370056491844,1783933957407206644,1783933957407653070,0.446,57370056491844,1783933957387904086,21.649
57370119090281,1783933957470382915,1783933957470827323,0.444,57370119090281,1783933957450577801,22.227
57370182375904,1783933957533462130,1783933957534345557,0.883,57370182375904,1783933957515432592,22.021
57370277054060,1783933957628551694,1783933957629415639,0.864,57370277054060,1783933957610780194,22.433
57370320297587,1783933957671633888,1783933957672331648,0.698,57370320297587,1783933957651901534,22.271
57370368033508,1783933957719299883,1783933957719751161,0.451,57370368033508,1783933957700900900,22.201
57370437486267,1783933957788576216,1783933957789049198,0.473,57370437486267,1783933957770212437,22.024
57370508179435,1783933957859111494,1783933957859779588,0.668,57370508179435,1783933957840114808,21.87
57370508179435,1783933957859111494,1783933957903377227,44.266,57370508179435,1783933957840114808,21.87
57370642948430,1783933957994494249,1783933957994954935,0.461,57370642948430,1783933957974891118,22.48
57370701902641,1783933958054357110,1783933958054801258,0.444,57370701902641,1783933958036900924,23.389
57370757273811,1783933958110058613,1783933958110854855,0.796,57370757273811,1783933958090407018,23.719
57370809964404,1783933958161188835,1783933958161636928,0.448,57370809964404,1783933958141799703,22.159
57370894614865,1783933958245973184,1783933958246656018,0.683,57370894614865,1783933958227381924,22.297
57370938665597,1783933958290808510,1783933958290975344,0.167,57370938665597,1783933958271790323,23.077
57370986223000,1783933958337604541,1783933958338050357,0.446,57370986223000,1783933958318793540,22.316
57371063139304,1783933958413761660,1783933958414210957,0.449,57371063139304,1783933958395528048,21.557
57371131512137,1783933958483285623,1783933958483964938,0.679,57371131512137,1783933958464725177,22.708
57371177365537,1783933958528220282,1783933958528666171,0.446,57371177365537,1783933958509625577,21.789
57371265270409,1783933958617057840,1783933958617317007,0.259,57371265270409,1783933958597636634,22.722
57371316848316,1783933958667917098,1783933958668364080,0.447,57371316848316,1783933958649666782,22.003
57371376779565,1783933958728513514,1783933958728941829,0.428,57371376779565,1783933958709970328,22.668
57371424659005,1783933958776405658,1783933958776927547,0.522,57371424659005,1783933958758925473,22.681
57371485258644,1783933958836614092,1783933958837112278,0.498,57371485258644,1783933958818359092,22.29
57371573481997,1783933958925472224,1783933958926054262,0.582,57371573481997,1783933958906349222,22.925
57371608430571,1783933958959292020,1783933958959748853,0.457,57371608430571,1783933958940760222,21.796
57371684906931,1783933959036516584,1783933959036951899,0.435,57371684906931,1783933959018086897,22.544
57371739029174,1783933959090192215,1783933959090632160,0.44,57371739029174,1783933959070909824,22.098
57371825988100,1783933959177234494,1783933959177922439,0.688,57371825988100,1783933959158660215,22.181
57371871068871,1783933959222098542,1783933959222796765,0.698,57371871068871,1783933959202928688,21.964
57371919379775,1783933959271090835,1783933959271524854,0.434,57371919379775,1783933959252741908,22.645
57371982545046,1783933959334794663,1783933959335305052,0.51,57371982545046,1783933959315677661,23.184
57372074286255,1783933959425864316,1783933959426558279,0.694,57372074286255,1783933959406523332,22.512
57372124452661,1783933959475289906,1783933959475736665,0.447,57372124452661,1783933959457307683,21.772
57372185863523,1783933959537001120,1783933959537470213,0.469,57372185863523,1783933959518301748,22.072
57372260712659,1783933959613196609,1783933959613771943,0.575,57372260712659,1783933959594738589,23.418
57372293334379,1783933959644368550,1783933959644822532,0.454,57372293334379,1783933959628321533,21.968
57372356620947,1783933959707852099,1783933959708294211,0.442,57372356620947,1783933959689291542,22.166
57372448906231,1783933959800421810,1783933959801265996,0.844,57372448906231,1783933959784243348,22.45
57372495638485,1783933959846821045,1783933959847426953,0.606,57372495638485,1783933959827434228,22.117
57372541899775,1783933959893243705,1783933959893697113,0.453,57372541899775,1783933959875449094,22.278
57372609019940,1783933959960097999,1783933959960589204,0.491,57372609019940,1783933959941485683,22.013
57372695845218,1783933960047268815,1783933960048284687,1.016,57372695845218,1783933960029932315,22.358
57372742996157,1783933960094078662,1783933960094516773,0.438,57372742996157,1783933960074705493,22.017
57372805465391,1783933960156459451,1783933960156993415,0.534,57372805465391,1783933960138179783,21.928
57372858048578,1783933960209030841,1783933960209494193,0.463,57372858048578,1783933960190205247,21.917
57372928091597,1783933960279130528,1783933960279846769,0.716,57372928091597,1783933960262991010,21.973
57372972739682,1783933960323844576,1783933960324299187,0.455,57372972739682,1783933960306138168,22.039
57373068277656,1783933960420427754,1783933960421305181,0.877,57373068277656,1783933960400388491,23.085
57373114608150,1783933960465842729,1783933960466355192,0.512,57373114608150,1783933960446811338,22.169
57373168357671,1783933960519552527,1783933960519998953,0.446,57373168357671,1783933960500589136,22.129
57373253702651,1783933960604931193,1783933960605680101,0.749,57373253702651,1783933960586120876,22.163
57373298270959,1783933960649031852,1783933960649668204,0.636,57373298270959,1783933960630185942,21.695
57373345704936,1783933960696508014,1783933960697173385,0.665,57373345704936,1783933960680873015,21.737
57373413611972,1783933960764506050,1783933960765164217,0.658,57373413611972,1783933960745929678,21.828
57373520754161,1783933960872098592,1783933960872547222,0.449,57373520754161,1783933960855389425,22.279
57373553444363,1783933960904159904,1783933960904575349,0.415,57373553444363,1783933960888800480,21.65
57373616590061,1783933960971934088,1783933960972401774,0.468,57373616590061,1783933960950074324,26.279
57373692825532,1783933961047003521,1783933961047641077,0.638,57373692825532,1783933961027962778,25.121
57373728393774,1783933961079796778,1783933961080277297,0.481,57373728393774,1783933961061237036,22.338
57373803981744,1783933961154903619,1783933961155448675,0.545,57373803981744,1783933961135771746,21.856
57373846821753,1783933961197396591,1783933961197883573,0.487,57373846821753,1783933961178503755,21.509
57373846821753,1783933961197396591,1783933961255584709,58.188,57373846821753,1783933961178503755,21.509
57373904337686,1783933961256157173,1783933961348068605,91.911,57373904337686,1783933961238417320,22.754
57373995630877,1783933961348693180,1783933961382038068,33.345,57373995630877,1783933961328300899,23.997
57374030072729,1783933961382643587,1783933961473526408,90.883,57374030072729,1783933961363136399,23.505
57374169691176,1783933961521669700,1783933961522232275,0.563,57374169691176,1783933961504218015,22.913
57374231792262,1783933961584078157,1783933961584849250,0.771,57374231792262,1783933961565960137,23.221
57374310380736,1783933961663954021,1783933961665373170,1.419,57374310380736,1783933961647880189,24.508
57374340290953,1783933961691871810,1783933961692676996,0.805,57374340290953,1783933961672811790,22.516
57374398987554,1783933961751974968,1783933961752732968,0.758,57374398987554,1783933961734264393,23.922
57374494553879,1783933961846092218,1783933961846789922,0.698,57374494553879,1783933961830461219,22.473
57374539648854,1783933961892128101,1783933961892790379,0.662,57374539648854,1783933961874273007,23.414
57374585428292,1783933961937033927,1783933961937628631,0.595,57374585428292,1783933961920437557,22.54
57374647774063,1783933961999708143,1783933961999850273,0.142,57374647774063,1783933961980791474,22.868
57374751571194,1783933962104283015,1783933962104767386,0.484,57374751571194,1783933962086977126,23.646
57374796517373,1783933962148398804,1783933962149198916,0.8,57374796517373,1783933962128737857,22.816
57374840519013,1783933962191650462,1783933962192056037,0.406,57374840519013,1783933962173784202,22.066
57374899143040,1783933962250709267,1783933962251153379,0.444,57374899143040,1783933962236425048,22.501
57374977184624,1783933962327980036,1783933962328386907,0.407,57374977184624,1783933962313268724,21.73
57375036690744,1783933962388208824,1783933962388842102,0.633,57375036690744,1783933962370124563,22.452
57375113843199,1783933962465391870,1783933962465938056,0.546,57375113843199,1783933962446687294,22.483
57375164067660,1783933962515931832,1783933962516564185,0.632,57375164067660,1783933962497712183,22.798
57375210594748,1783933962562644920,1783933962563173347,0.528,57375210594748,1783933962543845159,22.985
57375301045198,1783933962651916702,1783933962652539907,0.623,57375301045198,1783933962633624905,21.81
57375345163098,1783933962696196121,1783933962696818732,0.623,57375345163098,1783933962678745491,21.968
57375393862262,1783933962744028469,1783933962744479340,0.451,57375393862262,1783933962726440857,21.101
57375462628188,1783933962813036322,1783933962813503489,0.467,57375462628188,1783933962794490579,21.342
57375532130893,1783933962883520176,1783933962884192954,0.673,57375532130893,1783933962864825230,22.324
57375580031927,1783933962930755097,1783933962931409450,0.654,57375580031927,1783933962912680226,21.658
57375648644834,1783933962998900153,1783933962999347283,0.447,57375648644834,1783933962980355299,21.19
57375722083303,1783933963073261845,1783933963073730086,0.468,57375722083303,1783933963054873473,22.113
57375774869027,1783933963125252327,1783933963125745180,0.493,57375774869027,1783933963107434530,21.318
57375846922569,1783933963198435722,1783933963199034538,0.599,57375846922569,1783933963179430498,22.447
57375893436916,1783933963244106920,1783933963244550680,0.444,57375893436916,1783933963225764178,21.605
57375952621443,1783933963303805948,1783933963304258411,0.452,57375952621443,1783933963285054557,22.119
57376027561562,1783933963379050085,1783933963379491197,0.441,57376027561562,1783933963360309121,22.423
57376082207621,1783933963433614960,1783933963434148127,0.533,57376082207621,1783933963415326699,22.342
57376137362700,1783933963488617575,1783933963489064446,0.447,57376137362700,1783933963470035944,22.189
57376202139400,1783933963553840220,1783933963554295554,0.455,57376202139400,1783933963536370961,22.635
57376264077486,1783933963615703806,1783933963616220029,0.516,57376264077486,1783933963597168342,22.561
57376331244411,1783933963682685157,1783933963683127417,0.442,57376331244411,1783933963664295526,22.375
57376421016491,1783933963773952034,1783933963774789702,0.838,57376421016491,1783933963755507996,23.87
57376457192363,1783933963809836999,1783933963810473241,0.636,57376457192363,1783933963791162923,23.579
57376532527427,1783933963883663783,1783933963884359321,0.696,57376532527427,1783933963866990469,22.071
57376573500879,1783933963924329402,1783933963924779421,0.45,57376573500879,1783933963906523456,21.763
57376674025137,1783933964026188420,1783933964026874717,0.686,57376674025137,1783933964007518104,23.098
57376707684081,1783933964059089845,1783933964059552105,0.462,57376707684081,1783933964040999066,22.34
57376787896206,1783933964139922100,1783933964140588712,0.667,57376787896206,1783933964121529358,22.96
57376832522366,1783933964183767796,1783933964184213112,0.445,57376832522366,1783933964165662758,22.18
57376890787892,1783933964242052453,1783933964242553194,0.501,57376890787892,1783933964224189600,22.199
57376961230247,1783933964312885938,1783933964314544402,1.658,57376961230247,1783933964293866398,22.591
57377004251646,1783933964355508355,1783933964356006948,0.499,57377004251646,1783933964338402336,22.191
57377070576144,1783933964421645501,1783933964422148224,0.503,57377070576144,1783933964403609481,22.004
57377147954748,1783933964499839346,1783933964500552865,0.714,57377147954748,1783933964481604233,22.819
57377193726353,1783933964544865636,1783933964545337896,0.472,57377193726353,1783933964526384801,22.074
57377274495293,1783933964626094577,1783933964626546725,0.452,57377274495293,1783933964607608760,22.534
57377350201636,1783933964700608473,1783933964701274362,0.666,57377350201636,1783933964682636083,21.341
57377395604981,1783933964747604228,1783933964748256321,0.652,57377395604981,1783933964729504486,22.934
57377441612402,1783933964792167277,1783933964792617166,0.45,57377441612402,1783933964774783702,21.489
57377504581916,1783933964856135513,1783933964856581032,0.446,57377504581916,1783933964838279327,22.488
57377584060465,1783933964935723582,1783933964936279657,0.556,57377584060465,1783933964917585488,22.6
57377655166747,1783933965006860567,1783933965007563660,0.703,57377655166747,1783933964988492640,22.628
57377693304511,1783933965044081201,1783933965044774627,0.693,57377693304511,1783933965026431200,21.711
57377768283427,1783933965119563821,1783933965120248784,0.685,57377768283427,1783933965100687152,22.219
57377816259683,1783933965168193189,1783933965168868449,0.675,57377816259683,1783933965150425466,22.868
57377894437454,1783933965245575737,1783933965246046608,0.471,57377894437454,1783933965226220401,22.073
57377968520221,1783933965320010078,1783933965320471893,0.462,57377968520221,1783933965301337187,22.424
57378014304789,1783933965364708479,1783933965365186368,0.478,57378014304789,1783933965346815366,21.338
57378079872787,1783933965432447368,1783933965432878220,0.431,57378079872787,1783933965412697717,23.511
57378136358368,1783933965488049133,1783933965488536744,0.488,57378136358368,1783933965470489280,22.626
57378219700274,1783933965571735058,1783933965572368096,0.633,57378219700274,1783933965552852537,22.969
57378264332527,1783933965615981255,1783933965617286164,1.305,57378264332527,1783933965596814252,22.583
57378313547285,1783933965665021105,1783933965665949958,0.929,57378313547285,1783933965646688862,22.408
57378380746710,1783933965732102179,1783933965732548698,0.447,57378380746710,1783933965712472138,22.29
57378447551154,1783933965798982400,1783933965799471345,0.489,57378447551154,1783933965780784528,22.366
57378499622174,1783933965851962329,1783933965852768441,0.806,57378499622174,1783933965832921308,23.277
57378588306031,1783933965940726352,1783933965941707390,0.981,57378588306031,1783933965923225814,23.355
57378638289401,1783933965990207851,1783933965993569040,3.361,57378638289401,1783933965971067515,22.853
57378691160792,1783933966042061908,1783933966042512797,0.451,57378691160792,1783933966026166576,21.835
57378747427114,1783933966098581767,1783933966099007323,0.426,57378747427114,1783933966079257764,22.089
57378837902898,1783933966189770682,1783933966190346294,0.576,57378837902898,1783933966171031032,22.803
57378897756668,1783933966248468210,1783933966248953358,0.485,57378897756668,1783933966229562596,21.646
57378932988355,1783933966284404379,1783933966285025065,0.621,57378932988355,1783933966265987136,22.35
57378992424476,1783933966343480666,1783933966343951130,0.47,57378992424476,1783933966325240313,21.99
57379066809243,1783933966418263860,1783933966418690546,0.427,57379066809243,1783933966399373265,22.389
57379117378540,1783933966468684656,1783933966469886176,1.202,57379117378540,1783933966450647840,22.241
57379206176471,1783933966557839606,1783933966557986236,0.147,57379206176471,1783933966541997163,22.597
57379253215023,1783933966604777121,1783933966605446437,0.669,57379253215023,1783933966589002826,22.496
57379299614445,1783933966651331784,1783933966651868858,0.537,57379299614445,1783933966632836430,22.652
57379362149810,1783933966713315704,1783933966713727075,0.411,57379362149810,1783933966695041906,22.1
57379459844751,1783933966813687481,1783933966814648038,0.961,57379459844751,1783933966793423107,24.777
57379486147724,1783933966837959971,1783933966838455231,0.495,57379486147724,1783933966817879097,22.747
57379550727777,1783933966902489746,1783933966903018987,0.529,57379550727777,1783933966884472596,22.697
57379644043843,1783933966995623867,1783933966996517368,0.894,57379644043843,1783933966975792919,22.526
57379688686263,1783933967041638622,1783933967042623530,0.985,57379688686263,1783933967020625450,23.887
57379736565538,1783933967088832341,1783933967089037230,0.205,57379736565538,1783933967069196726,23.201
57379844357268,1783933967196566997,1783933967197018516,0.452,57379844357268,1783933967176814382,23.144
57379877107342,1783933967228001569,1783933967228754958,0.753,57379877107342,1783933967209607826,21.829
57379923834949,1783933967274773769,1783933967275220621,0.447,57379923834949,1783933967256174007,21.873
57380014510846,1783933967365593869,1783933967365910018,0.316,57380014510846,1783933967346430904,22.017
57380061720750,1783933967412698255,1783933967413201700,0.503,57380061720750,1783933967393773419,21.912
57380128460490,1783933967479782107,1783933967480446219,0.664,57380128460490,1783933967459611584,22.256
57380173858152,1783933967524680397,1783933967525156305,0.476,57380173858152,1783933967506607859,21.757
57380266172847,1783933967617912649,1783933967619846077,1.933,57380266172847,1783933967598649127,22.674
57380310243358,1783933967662480865,1783933967663461588,0.981,57380310243358,1783933967643882214,23.172
57380361819971,1783933967712707068,1783933967713169939,0.463,57380361819971,1783933967694223252,21.821
57380423991873,1783933967775593805,1783933967776046898,0.453,57380423991873,1783933967757032654,22.536
57380496476657,1783933967846881865,1783933967847581551,0.7,57380496476657,1783933967828847901,21.339
57380546995491,1783933967898499385,1783933967898946478,0.447,57380546995491,1783933967879805827,22.438
57380635936441,1783933967987379261,1783933967988190040,0.811,57380635936441,1783933967969038037,22.377
57380686028330,1783933968038845911,1783933968039785023,0.939,57380686028330,1783933968018779870,23.752
57380733052401,1783933968084640184,1783933968085170481,0.53,57380733052401,1783933968066960368,22.522
57380794505765,1783933968145143696,1783933968145591808,0.448,57380794505765,1783933968126163619,21.572
57380886659053,1783933968240260042,1783933968240509524,0.249,57380886659053,1783933968223183153,24.535
57380917000976,1783933968268156351,1783933968268602648,0.446,57380917000976,1783933968249422071,22.09
57380979596749,1783933968330637439,1783933968331091514,0.454,57380979596749,1783933968312010863,21.975
57381072236093,1783933968423371820,1783933968424056636,0.685,57381072236093,1783933968404283706,22.074
57381117373495,1783933968468806945,1783933968469649001,0.842,57381117373495,1783933968449655238,22.368
57381165640048,1783933968516942906,1783933968517449184,0.506,57381165640048,1783933968498153070,22.237
57381259942838,1783933968613204679,1783933968613908717,0.704,57381259942838,1783933968594358843,24.196
57381291577448,1783933968644411640,1783933968644589418,0.178,57381291577448,1783933968626031879,23.769
57381375828838,1783933968728248511,1783933968728941789,0.693,57381375828838,1783933968709727472,23.354
57381417342217,1783933968769206112,1783933968769654316,0.448,57381417342217,1783933968751355166,22.798
57381504961314,1783933968857548599,1783933968858107692,0.559,57381504961314,1783933968838856152,23.522
57381539815020,1783933968891493433,1783933968891943582,0.45,57381539815020,1783933968873657228,22.613
57381624046465,1783933968976310509,1783933968977205584,0.895,57381624046465,1783933968957516173,23.199
57381669602127,1783933969021694207,1783933969022341264,0.647,57381669602127,1783933969002675760,23.027
57381669602127,1783933969021694207,1783933969111909475,90.215,57381669602127,1783933969002675760,23.027
57381760852377,1783933969112426679,1783933969174434267,62.008,57381760852377,1783933969093530695,22.508
57381865588124,1783933969217062407,1783933969217533482,0.471,57381865588124,1783933969197823682,22.409
57381911223452,1783933969262714569,1783933969263569014,0.854,57381911223452,1783933969245882772,22.425
57381976035469,1783933969327206030,1783933969327678642,0.473,57381976035469,1783933969308701176,22.105
57382055974929,1783933969407811601,1783933969408415732,0.604,57382055974929,1783933969389454544,22.773
57382103733093,1783933969457018675,1783933969457536712,0.518,57382103733093,1783933969436740226,24.22
57382193941046,1783933969545950237,1783933969546586923,0.637,57382193941046,1783933969527058475,22.943
57382243943379,1783933969595216773,1783933969595660589,0.444,57382243943379,1783933969578122384,22.208
57382295392622,1783933969646903035,1783933969647341869,0.439,57382295392622,1783933969628678366,22.445
57382353682687,1783933969704385414,1783933969704830785,0.445,57382353682687,1783933969686566449,21.637
57382428675641,1783933969779559331,1783933969780213517,0.654,57382428675641,1783933969761603255,21.818
57382474270951,1783933969824894178,1783933969825316660,0.422,57382474270951,1783933969809790865,21.558
57382538463523,1783933969889685787,1783933969890314251,0.628,57382538463523,1783933969871670267,22.156
57382628617383,1783933969979749240,1783933969980909741,1.161,57382628617383,1783933969961267849,22.067
57382679224272,1783933970031003723,1783933970031722205,0.718,57382679224272,1783933970014793501,22.714
57382726242344,1783933970076934256,1783933970077466979,0.533,57382726242344,1783933970058656161,21.626
57382823761842,1783933970176606979,1783933970177374813,0.768,57382823761842,1783933970158465329,23.78
57382854465765,1783933970205648604,1783933970206092049,0.443,57382854465765,1783933970186477897,22.118
57382911615922,1783933970263028724,1783933970263465076,0.436,57382911615922,1783933970245053111,22.347
57382974423862,1783933970324315311,1783933970324907200,0.592,57382974423862,1783933970306517791,20.826
57383049076409,1783933970400199044,1783933970400650822,0.452,57383049076409,1783933970381257115,22.057
57383095084646,1783933970445733317,1783933970446182966,0.45,57383095084646,1783933970427158482,21.583
57383160277960,1783933970510833446,1783933970511362502,0.529,57383160277960,1783933970491854721,21.49
57383257538587,1783933970608846833,1783933970609349297,0.502,57383257538587,1783933970590306553,22.243
57383316351449,1783933970667897862,1783933970668463030,0.565,57383316351449,1783933970648982193,22.481
57383343356331,1783933970693412854,1783933970693832725,0.42,57383343356331,1783933970675897723,20.991
57383441632701,1783933970792411409,1783933970793107003,0.696,57383441632701,1783933970773582240,21.713
57383484412860,1783933970834876698,1783933970835555587,0.679,57383484412860,1783933970816088603,21.398
57383531663542,1783933970884009882,1783933970884692050,0.682,57383531663542,1783933970864240064,23.281
57383617726750,1783933970968622459,1783933970969155811,0.533,57383617726750,1783933970949253678,21.83
57383684397454,1783933971035901590,1783933971036482942,0.581,57383684397454,1783933971019883553,22.439
57383732088915,1783933971084684404,1783933971085296090,0.612,57383732088915,1783933971067772811,23.531
57383796910488,1783933971147903938,1783933971148558457,0.655,57383796910488,1783933971128808139,21.928
57383844252338,1783933971194895306,1783933971195343973,0.449,57383844252338,1783933971176892415,21.577
57383931367584,1783933971283112683,1783933971283839646,0.727,57383931367584,1783933971265292607,22.68
57383978092248,1783933971331101663,1783933971332265719,1.164,57383978092248,1783933971313503161,23.953
57384029858547,1783933971381446386,1783933971381868775,0.422,57384029858547,1783933971363318551,22.522
57384091161597,1783933971442115991,1783933971442537992,0.422,57384091161597,1783933971422259784,21.889
57384164982736,1783933971516444890,1783933971516890890,0.446,57384164982736,1783933971498461851,22.396
57384214965477,1783933971566379668,1783933971566921835,0.542,57384214965477,1783933971548216036,22.35
57384303593225,1783933971654559915,1783933971655195249,0.635,57384303593225,1783933971635718820,21.905
57384349415147,1783933971700624912,1783933971701089079,0.464,57384349415147,1783933971680532185,22.144
57384413809071,1783933971764722298,1783933971765566355,0.844,57384413809071,1783933971746054555,21.848
57384463692127,1783933971815367874,1783933971815911041,0.543,57384463692127,1783933971795684648,22.61
57384551615337,1783933971903094639,1783933971903808547,0.714,57384551615337,1783933971883913803,22.414
57384595099775,1783933971946231466,1783933971946950911,0.719,57384595099775,1783933971926731758,22.066
57384644580182,1783933971995776836,1783933971996223263,0.446,57384644580182,1783933971977321501,22.131
57384719123970,1783933972069297919,1783933972069841049,0.543,57384719123970,1783933972051355362,21.109
57384784851193,1783933972137145755,1783933972137703126,0.557,57384784851193,1783933972117276936,23.229
57384834077433,1783933972187111423,1783933972188467406,1.356,57384834077433,1783933972167271567,23.968
57384895308206,1783933972248377825,1783933972248998381,0.621,57384895308206,1783933972229399248,24.004
57384985498141,1783933972337365333,1783933972338055204,0.69,57384985498141,1783933972316590032,22.802
57385025176779,1783933972375537191,1783933972375982451,0.445,57385025176779,1783933972356865429,21.295
57385096590767,1783933972448092125,1783933972448795681,0.704,57385096590767,1783933972428104769,22.44
57385139975149,1783933972490738432,1783933972491183636,0.445,57385139975149,1783933972471606003,21.698
57385230951752,1783933972583201148,1783933972583818648,0.618,57385230951752,1783933972562612495,23.184
57385265047198,1783933972616248389,1783933972616435648,0.187,57385265047198,1783933972597989146,22.136
57385343699064,1783933972694905348,1783933972695627978,0.723,57385343699064,1783933972675585141,22.141
57385389646913,1783933972740010547,1783933972740417695,0.407,57385389646913,1783933972721763637,21.298
57385473419470,1783933972824981772,1783933972825482254,0.5,57385473419470,1783933972810279793,22.497
57385542168696,1783933972893957332,1783933972894627518,0.67,57385542168696,1783933972875418126,22.723
57385588087877,1783933972939049290,1783933972939499957,0.451,57385588087877,1783933972920555473,21.896
57385650608004,1783933973002045509,1783933973002594806,0.549,57385650608004,1783933972983476211,22.372
57385696575241,1783933973047171949,1783933973047819765,0.648,57385696575241,1783933973028861929,21.531
57385761589907,1783933973112316579,1783933973112725561,0.409,57385761589907,1783933973093592521,21.661
57385854471068,1783933973206509204,1783933973207223446,0.714,57385854471068,1783933973186259477,22.973
57385889427441,1783933973240318928,1783933973240727243,0.408,57385889427441,1783933973221947185,21.826
57385964026711,1783933973315403457,1783933973316172940,0.769,57385964026711,1783933973296152269,22.311
57386016144973,1783933973367796868,1783933973368256591,0.46,57386016144973,1783933973351685924,22.586
57386098504641,1783933973449897239,1783933973450509462,0.612,57386098504641,1783933973432452757,22.327
57386148162142,1783933973499083406,1783933973499659148,0.576,57386148162142,1783933973479730069,21.855
57386192210580,1783933973543307549,1783933973543712235,0.405,57386192210580,1783933973526558585,22.031
57386261906807,1783933973613750295,1783933973614378611,0.628,57386261906807,1783933973595723775,22.778
57386348537517,1783933973700642616,1783933973701303672,0.661,57386348537517,1783933973682328262,23.04
57386394152198,1783933973746867150,1783933973747801799,0.935,57386394152198,1783933973729316612,23.65
57386455132786,1783933973807628274,1783933973807796164,0.168,57386455132786,1783933973788745012,23.43
57386455132786,1783933973807628274,1783933973883366786,75.739,57386455132786,1783933973788745012,23.43
57386582500856,1783933973934882882,1783933973935052123,0.169,57386582500856,1783933973917067287,23.316
57386631027893,1783933973982928825,1783933973983369474,0.441,57386631027893,1783933973964384193,22.835
57386692997389,1783933974044946470,1783933974045441581,0.495,57386692997389,1783933974026153096,22.883
57386782531454,1783933974133331329,1783933974133966812,0.635,57386782531454,1783933974114811623,21.734
57386830611971,1783933974181841459,1783933974182241774,0.4,57386830611971,1783933974163458308,22.164
57386884820311,1783933974235522705,1783933974235924428,0.402,57386884820311,1783933974217180480,21.637
57386970803409,1783933974323331120,1783933974324281880,0.951,57386970803409,1783933974303704634,23.462
57387018359018,1783933974369487246,1783933974369922432,0.435,57387018359018,1783933974350988522,22.063
57387083473426,1783933974434312098,1783933974434719376,0.407,57387083473426,1783933974415068317,21.773
57387156105860,1783933974508934442,1783933974509501832,0.567,57387156105860,1783933974489738346,23.763
57387187676915,1783933974539133810,1783933974539546495,0.413,57387187676915,1783933974520625955,22.391
57387248847003,1783933974599744119,1783933974600152768,0.409,57387248847003,1783933974580876783,21.832
57387314178836,1783933974665652120,1783933974666065713,0.414,57387314178836,1783933974647209525,22.408
57387388320402,1783933974739980075,1783933974740779706,0.8,57387388320402,1783933974722012647,22.594
57387434916029,1783933974786040517,1783933974786450036,0.41,57387434916029,1783933974767840218,22.059
57387499109602,1783933974849959386,1783933974850399794,0.44,57387499109602,1783933974831322401,21.784
57387590361299,1783933974941690286,1783933974942786232,1.096,57387590361299,1783933974923074895,22.266
57387638376039,1783933974990520527,1783933974991273250,0.753,57387638376039,1783933974972257117,23.079
57387686820149,1783933975037375581,1783933975037784470,0.409,57387686820149,1783933975018584022,21.49
57387748496775,1783933975099500633,1783933975099909411,0.409,57387748496775,1783933975080985371,21.938
57387824354844,1783933975175160701,1783933975175579868,0.419,57387824354844,1783933975156776643,21.74
57387894489479,1783933975245850485,1783933975246321856,0.471,57387894489479,1783933975227258149,22.296
57387964262318,1783933975316078584,1783933975316704011,0.625,57387964262318,1783933975297746026,22.75
57388009955907,1783933975360895802,1783933975361619136,0.723,57388009955907,1783933975341454687,21.875
57388054586458,1783933975405533686,1783933975405979076,0.445,57388054586458,1783933975386515072,21.882
57388136243552,1783933975487308595,1783933975487910077,0.601,57388136243552,1783933975468703499,21.999
57388177351784,1783933975528621142,1783933975529061753,0.441,57388177351784,1783933975510113195,22.204
57388274914895,1783933975626557865,1783933975627588403,1.031,57388274914895,1783933975607479176,22.577
57388321173522,1783933975672646306,1783933975673685622,1.039,57388321173522,1783933975653549507,22.408
57388364940294,1783933975716902264,1783933975717482469,0.58,57388364940294,1783933975698835003,22.897
57388431310907,1783933975781766449,1783933975782223709,0.457,57388431310907,1783933975763366465,21.39
57388487922824,1783933975838875089,1783933975839345274,0.47,57388487922824,1783933975820604031,21.887
57388569357232,1783933975922196795,1783933975922663888,0.467,57388569357232,1783933975903389125,23.774
57388611494335,1783933975966461957,1783933975966880457,0.418,57388611494335,1783933975947052249,25.902
57388672463053,1783933976023543281,1783933976024005948,0.463,57388672463053,1783933976004905686,22.015
57388741320743,1783933976093065861,1783933976093620399,0.555,57388741320743,1783933976077219324,22.679
57388802359184,1783933976154048598,1783933976154497617,0.449,57388802359184,1783933976135708391,22.624
57388860161583,1783933976210810015,1783933976211252441,0.442,57388860161583,1783933976191973937,21.583
57388956564194,1783933976307847496,1783933976308399793,0.552,57388956564194,1783933976288876993,22.218
57389003435359,1783933976354573290,1783933976355185606,0.612,57389003435359,1783933976335845362,22.072
57389051203395,1783933976401788233,1783933976402205197,0.417,57389051203395,1783933976383566564,21.519
57389126576907,1783933976477223968,1783933976477761413,0.537,57389126576907,1783933976458765058,21.581
57389209916558,1783933976561215379,1783933976562119917,0.905,57389209916558,1783933976543093970,22.234
57389258080836,1783933976608715323,1783933976609192212,0.477,57389258080836,1783933976590968228,21.569
57389318132627,1783933976669271077,1783933976669773133,0.502,57389318132627,1783933976650515093,22.073
57389369068407,1783933976719224227,1783933976720241284,1.017,57389369068407,1783933976700713706,21.091
57389456052359,1783933976808681274,1783933976809470923,0.79,57389456052359,1783933976792326089,23.563
57389486877524,1783933976837952271,1783933976838655531,0.703,57389486877524,1783933976820729992,22.009
57389581607114,1783933976932841546,1783933976933511788,0.67,57389581607114,1783933976915207063,22.169
57389628555705,1783933976979606748,1783933976980161619,0.555,57389628555705,1783933976960616374,21.985
57389677365872,1783933977028212841,1783933977028671286,0.458,57389677365872,1783933977010314376,21.781
57389753308460,1783933977104656614,1783933977105333818,0.677,57389753308460,1783933977087169279,22.283
57389794901044,1783933977145488494,1783933977145961624,0.473,57389794901044,1783933977127109566,21.522
57389867982406,1783933977219051135,1783933977219497265,0.446,57389867982406,1783933977200370150,22.003
57389935636355,1783933977287421880,1783933977288662104,1.24,57389935636355,1783933977268380043,22.72
57389981233740,1783933977332854691,1783933977333419748,0.565,57389981233740,1783933977313763669,22.555
57390042945608,1783933977394886392,1783933977395420763,0.534,57390042945608,1783933977375383333,22.875
57390101930342,1783933977453505627,1783933977454038424,0.533,57390101930342,1783933977434472420,22.51
57390163662932,1783933977515364698,1783933977515886606,0.522,57390163662932,1783933977496009731,22.636
57390226405115,1783933977578278029,1783933977578833475,0.555,57390226405115,1783933977558942692,22.808
57390294741009,1783933977646755756,1783933977647299757,0.544,57390294741009,1783933977627484494,22.949
57390382423313,1783933977734438987,1783933977735390766,0.952,57390382423313,1783933977715265687,22.95
57390427537180,1783933977780231169,1783933977780949874,0.719,57390427537180,1783933977760419906,23.629
57390478646313,1783933977831189876,1783933977831691395,0.502,57390478646313,1783933977814056282,23.478
57390540428014,1783933977892106520,1783933977892647799,0.541,57390540428014,1783933977873229276,22.613
57390601946214,1783933977953730647,1783933977954485796,0.755,57390601946214,1783933977935103774,22.719
57390665968325,1783933978017673739,1783933978018194980,0.521,57390665968325,1783933977999167755,22.64
57390727083377,1783933978079776014,1783933978080333330,0.557,57390727083377,1783933978063755311,23.628
57390798870330,1783933978151103504,1783933978151900524,0.797,57390798870330,1783933978132236797,23.168
57390845283421,1783933978196668687,1783933978197415447,0.747,57390845283421,1783933978178214184,22.32
57390907172603,1783933978259253592,1783933978259837148,0.584,57390907172603,1783933978240599219,23.016
57390978506278,1783933978330110137,1783933978330900119,0.79,57390978506278,1783933978310322373,22.538
57391061901690,1783933978414153956,1783933978415371291,1.217,57391061901690,1783933978394844119,23.187
57391107030464,1783933978458856601,1783933978459374712,0.518,57391107030464,1783933978440372505,22.761
57391161556434,1783933978515543851,1783933978516028259,0.484,57391161556434,1783933978494629864,24.922
57391219572650,1783933978571758601,1783933978572273824,0.515,57391219572650,1783933978551397319,23.12
57391294199143,1783933978645879502,1783933978646374447,0.495,57391294199143,1783933978627114813,22.615
57391360865628,1783933978713265802,1783933978713798377,0.533,57391360865628,1783933978693606057,23.335
57391440679683,1783933978792313301,1783933978793154913,0.842,57391440679683,1783933978773327094,22.568
57391479137172,1783933978832063976,1783933978833007774,0.944,57391479137172,1783933978812922306,23.861
57391526881819,1783933978878668512,1783933978879108938,0.44,57391526881819,1783933978859544452,22.721
57391590291263,1783933978941530529,1783933978941978714,0.448,57391590291263,1783933978922896100,22.174
57391651863093,1783933979003051766,1783933979003487359,0.436,57391651863093,1783933978984530800,22.123
57391746272425,1783933979098514173,1783933979099089026,0.575,57391746272425,1783933979078842039,23.176
57391779469223,1783933979130262914,1783933979130708785,0.446,57391779469223,1783933979111360522,21.728
57391853286734,1783933979204232018,1783933979204713741,0.482,57391853286734,1783933979185385996,21.88
57391901534309,1783933979252160981,1783933979252612408,0.451,57391901534309,1783933979233287719,21.561
57391970616741,1783933979321817914,1783933979322529266,0.711,57391970616741,1783933979304022856,22.136
57392039060968,1783933979390056771,1783933979390745179,0.688,57392039060968,1783933979371078823,21.935
57392086666875,1783933979437394326,1783933979437844196,0.45,57392086666875,1783933979418706063,21.662
57392167637229,1783933979522113072,1783933979524451001,2.338,57392167637229,1783933979500328343,25.411
57392213494059,1783933979564957992,1783933979565467919,0.51,57392213494059,1783933979548062621,22.398
57392273670481,1783933979624837580,1783933979625331192,0.494,57392273670481,1783933979606333373,22.102
57392338863372,1783933979689622025,1783933979690381434,0.759,57392338863372,1783933979670798559,21.693
57392398965145,1783933979749683095,1783933979750128633,0.446,57392398965145,1783933979731702130,21.652
57392459292733,1783933979809597572,1783933979810052350,0.455,57392459292733,1783933979791516347,21.239
57392528216739,1783933979879177301,1783933979879625338,0.448,57392528216739,1783933979860117168,21.895
57392616272786,1783933979967477588,1783933979968141700,0.664,57392616272786,1783933979948025584,22.139
57392662219561,1783933980012931475,1783933980013646438,0.715,57392662219561,1783933979994355805,21.646
57392710484914,1783933980061306605,1783933980061747605,0.441,57392710484914,1783933980042596879,21.756
57392776870565,1783933980127665886,1783933980128132664,0.467,57392776870565,1783933980108404715,21.73
57392835286466,1783933980186014528,1783933980186461158,0.447,57392835286466,1783933980166357931,21.663
57392932208931,1783933980284438920,1783933980285116791,0.678,57392932208931,1783933980266125436,23.164
57392959982167,1783933980310427210,1783933980310865321,0.438,57392959982167,1783933980291669021,21.379
57393018771532,1783933980369731779,1783933980370172779,0.441,57393018771532,1783933980351108850,21.895
57393084364145,1783933980435096021,1783933980435544448,0.448,57393084364145,1783933980417151556,21.666
57393180916072,1783933980533039061,1783933980533694562,0.656,57393180916072,1783933980513984095,23.057
57393210566477,1783933980561952428,1783933980562402947,0.451,57393210566477,1783933980543507574,22.32
57393283247562,1783933980634864606,1783933980635418699,0.554,57393283247562,1783933980615272490,22.551
57393331471933,1783933980682147568,1783933980682585810,0.438,57393331471933,1783933980663802306,21.61
57393391802781,1783933980743177399,1783933980743620881,0.443,57393391802781,1783933980724387303,22.309
57393471318429,1783933980823373973,1783933980824059771,0.686,57393471318429,1783933980804816859,22.99
57393521886229,1783933980873825180,1783933980874295736,0.471,57393521886229,1783933980855419177,22.873
57393580054741,1783933980931767488,1783933980932213915,0.446,57393580054741,1783933980913339134,22.647
57393655295606,1783933981011218914,1783933981011894174,0.675,57393655295606,1783933980989543815,26.858
57393702579069,1783933981053711094,1783933981054192316,0.481,57393702579069,1783933981035491739,22.066
57393781071401,1783933981130979739,1783933981131636277,0.657,57393781071401,1783933981118080613,20.843
57393846012551,1783933981197378428,1783933981198103429,0.725,57393846012551,1783933981181771706,22.3
57393886246654,1783933981237653438,1783933981238108624,0.455,57393886246654,1783933981220322455,22.341
57393980352060,1783933981333218272,1783933981333844773,0.627,57393980352060,1783933981315935122,23.8
57394012506468,1783933981363471974,1783933981363930586,0.459,57394012506468,1783933981346363528,21.9
57394104086816,1783933981455777434,1783933981456492749,0.715,57394104086816,1783933981437957098,22.625
57394150158332,1783933981501357765,1783933981501796765,0.439,57394150158332,1783933981484664875,22.134
57394200195335,1783933981551239953,1783933981551686453,0.447,57394200195335,1783933981534084007,21.979
57394291179645,1783933981643583931,1783933981644027191,0.443,57394291179645,1783933981627459671,23.339
57394319336215,1783933981670460999,1783933981670868352,0.407,57394319336215,1783933981651392366,22.059
57394419473740,1783933981771561636,1783933981771834692,0.273,57394419473740,1783933981752140595,23.022
57394448959589,1783933981800046336,1783933981800463096,0.417,57394448959589,1783933981781319592,22.021
57394535384708,1783933981887115789,1783933981887700290,0.585,57394535384708,1783933981868301675,22.665
57394581279817,1783933981932082805,1783933981932521768,0.439,57394581279817,1783933981913848821,21.737
57394633487619,1783933981983992217,1783933981984435977,0.444,57394633487619,1783933981965840418,21.439
57394707176520,1783933982058276434,1783933982058913676,0.637,57394707176520,1783933982039297541,22.034
57394757079931,1783933982107554418,1783933982107971474,0.417,57394757079931,1783933982090640898,21.409
57394848416390,1783933982199373711,1783933982199918952,0.545,57394848416390,1783933982180410170,21.892
57394899928043,1783933982250846901,1783933982251254271,0.407,57394899928043,1783933982231730545,21.853
57394950503972,1783933982301765016,1783933982302325961,0.561,57394950503972,1783933982282677364,22.195
57395014113102,1783933982364995257,1783933982365428961,0.434,57395014113102,1783933982345718345,21.816
57395082225071,1783933982433431189,1783933982433977486,0.546,57395082225071,1783933982414850000,22.14
57395128759366,1783933982480450800,1783933982481359856,0.909,57395128759366,1783933982463555280,22.626
57395190692328,1783933982542201316,1783933982542352242,0.151,57395190692328,1783933982523325405,22.443
57395295013247,1783933982646535679,1783933982647125365,0.59,57395295013247,1783933982627735713,22.461
57395330299158,1783933982681907906,1783933982682513518,0.606,57395330299158,1783933982663702329,22.543
57395377057991,1783933982727745589,1783933982728152960,0.407,57395377057991,1783933982710231717,21.622
57395471579194,1783933982824658759,1783933982825282574,0.624,57395471579194,1783933982804753180,24.014
57395502477397,1783933982853856867,1783933982854260201,0.403,57395502477397,1783933982833733251,22.314
57395585951180,1783933982937434632,1783933982937990799,0.556,57395585951180,1783933982918844369,22.418
57395628650601,1783933982979542051,1783933982979980348,0.438,57395628650601,1783933982961117604,21.826
57395720184245,1783933983071018215,1783933983071592345,0.574,57395720184245,1783933983051386395,21.768
57395764786390,1783933983116606990,1783933983117231306,0.624,57395764786390,1783933983097654153,22.755
57395812046594,1783933983163402138,1783933983163838713,0.437,57395812046594,1783933983144360690,22.29
57395874324464,1783933983225647156,1783933983226120267,0.473,57395874324464,1783933983206624948,22.257
57395968130426,1783933983320574582,1783933983321128638,0.554,57395968130426,1783933983301703523,23.379
57395999524611,1783933983349753191,1783933983350216136,0.463,57395999524611,1783933983331699355,21.163
57396060064016,1783933983410925300,1783933983411369837,0.445,57396060064016,1783933983392546278,21.795
57396124735777,1783933983475793265,1783933983476242136,0.449,57396124735777,1783933983457223317,21.992
57396200466533,1783933983550873594,1783933983551312261,0.439,57396200466533,1783933983532757999,21.341
57396251056870,1783933983602103506,1783933983602546007,0.443,57396251056870,1783933983583880337,21.981
57396339753123,1783933983691248481,1783933983691876908,0.628,57396339753123,1783933983672343089,22.43
57396387845901,1783933983738335667,1783933983738774056,0.438,57396387845901,1783933983719842663,21.424
57396445232987,1783933983796134827,1783933983796579346,0.445,57396445232987,1783933983776972712,21.836
57396513339049,1783933983864505871,1783933983865207168,0.701,57396513339049,1783933983844687292,22.101
57396560311290,1783933983911781797,1783933983912373834,0.592,57396560311290,1783933983891797569,22.405
57396622389103,1783933983973961833,1783933983974502278,0.54,57396622389103,1783933983954164050,22.507
57396695706986,1783933984047654660,1783933984048504198,0.85,57396695706986,1783933984027865026,22.882
57396747450214,1783933984098826239,1783933984099393981,0.568,57396747450214,1783933984079998532,22.311
57396808682268,1783933984160789627,1783933984161371535,0.582,57396808682268,1783933984140822456,23.042
57396884148560,1783933984236377106,1783933984237262329,0.885,57396884148560,1783933984215492322,23.163
57396929967300,1783933984281164732,1783933984281710233,0.546,57396929967300,1783933984261939302,22.132
57397022592243,1783933984377681624,1783933984378478236,0.797,57397022592243,1783933984356851526,26.024
57397055166633,1783933984407030437,1783933984407588826,0.558,57397055166633,1783933984388076840,22.799
57397147652983,1783933984499831120,1783933984500388343,0.557,57397147652983,1783933984480433875,23.113
57397199962878,1783933984552454071,1783933984553303017,0.849,57397199962878,1783933984532817845,23.426
57397242598965,1783933984594173510,1783933984594708732,0.535,57397242598965,1783933984575417302,22.509
57397332233830,1783933984686234266,1783933984687018045,0.784,57397332233830,1783933984667176837,24.935
57397363660997,1783933984715741635,1783933984716276987,0.535,57397363660997,1783933984696646223,23.016
57397432182763,1783933984783833845,1783933984784361938,0.528,57397432182763,1783933984764548081,22.586
57397505245331,1783933984857322191,1783933984858009506,0.687,57397505245331,1783933984838009279,23.012
57397552270183,1783933984904759321,1783933984905358433,0.599,57397552270183,1783933984886430929,23.424
57397621033857,1783933984973486513,1783933984974034106,0.548,57397621033857,1783933984953990249,23.387
57397690244846,1783933985042864780,1783933985043395689,0.531,57397690244846,1783933985023588758,23.554
57397744105965,1783933985097012437,1783933985097651142,0.639,57397744105965,1783933985077853878,23.841
57397834573017,1783933985189435491,1783933985190186863,0.751,57397834573017,1783933985170425635,25.802
57397864735220,1783933985215833411,1783933985216374319,0.541,57397864735220,1783933985197490982,22.033
57397941396440,1783933985294808783,1783933985295587580,0.779,57397941396440,1783933985274410888,24.347
57397984606621,1783933985336283221,1783933985336826981,0.544,57397984606621,1783933985317603106,22.611
57398051128348,1783933985402622744,1783933985403150356,0.528,57398051128348,1783933985383938518,22.429
57398142700271,1783933985494886724,1783933985495788466,0.902,57398142700271,1783933985475255200,23.121
57398201373007,1783933985554036923,1783933985554777554,0.741,57398201373007,1783933985534205104,23.599
57398240815943,1783933985592731821,1783933985593281137,0.549,57398240815943,1783933985573828484,22.85
57398313998956,1783933985665957575,1783933985666471501,0.514,57398313998956,1783933985646460755,22.893
57398366489018,1783933985718463155,1783933985718989804,0.527,57398366489018,1783933985699168373,22.909
57398430578483,1783933985782481454,1783933985783012121,0.531,57398430578483,1783933985763338820,22.838
57398498769212,1783933985851785517,1783933985852569370,0.784,57398498769212,1783933985833332977,23.951
57398544453025,1783933985896064088,1783933985896618700,0.555,57398544453025,1783933985877772974,22.546
57398616046703,1783933985968283600,1783933985968842193,0.559,57398616046703,1783933985948875836,23.171
57398703336380,1783933986058747392,1783933986059578171,0.831,57398703336380,1783933986038097368,26.345
57398747984119,1783933986100010497,1783933986100847813,0.837,57398747984119,1783933986081514012,22.961
57398792613820,1783933986144174642,1783933986144701365,0.527,57398792613820,1783933986125323305,22.495
57398887293451,1783933986238134458,1783933986238575884,0.441,57398887293451,1783933986220306140,21.775
57398930807540,1783933986285370125,1783933986285813459,0.443,57398930807540,1783933986263853285,25.497
57398978478967,1783933986330673605,1783933986331129809,0.456,57398978478967,1783933986311533434,23.129
57399040773226,1783933986391964974,1783933986392413475,0.449,57399040773226,1783933986375189454,22.126
57399103816116,1783933986455412605,1783933986455870161,0.458,57399103816116,1783933986436941083,22.531
57399180038559,1783933986531358047,1783933986531810177,0.452,57399180038559,1783933986514250305,22.254
57399246966175,1783933986598459497,1783933986599117572,0.658,57399246966175,1783933986581048625,22.427
57399285172036,1783933986636303450,1783933986636750413,0.447,57399285172036,1783933986618614429,22.066
57399349088112,1783933986700075655,1783933986700514248,0.439,57399349088112,1783933986682972968,21.922
57399429429003,1783933986780850492,1783933986781567845,0.717,57399429429003,1783933986763569712,22.356
57399471575924,1783933986822913357,1783933986823375246,0.462,57399471575924,1783933986804766354,22.272
57399532587960,1783933986883793615,1783933986884240060,0.446,57399532587960,1783933986866117483,22.14
57399594019718,1783933986944380502,1783933986945087132,0.707,57399594019718,1783933986927380463,21.295
57399683068083,1783933987034815535,1783933987035457629,0.642,57399683068083,1783933987016267680,22.682
57399722116463,1783933987073511933,1783933987073953230,0.441,57399722116463,1783933987054797689,22.33
57399786044521,1783933987137207157,1783933987137674806,0.468,57399786044521,1783933987118728784,22.097
57399842749663,1783933987193709669,1783933987194153188,0.444,57399842749663,1783933987174865406,21.894
57399907798611,1783933987259344988,1783933987259783545,0.439,57399907798611,1783933987242781506,22.481
57399983302775,1783933987334492263,1783933987334910764,0.419,57399983302775,1783933987318379911,22.124
57400029924627,1783933987380813393,1783933987381287486,0.474,57400029924627,1783933987362723056,21.823
57400090881626,1783933987441867688,1783933987442557633,0.69,57400090881626,1783933987422920239,21.92
57400157991632,1783933987509296250,1783933987509749899,0.454,57400157991632,1783933987490449468,22.239
57400252629115,1783933987604319215,1783933987605095753,0.777,57400252629115,1783933987587065750,22.625
57400303066249,1783933987654536627,1783933987655200276,0.664,57400303066249,1783933987637104125,22.405
57400341386758,1783933987691860060,1783933987692293765,0.434,57400341386758,1783933987673932743,21.408
57400403717073,1783933987754896321,1783933987755340618,0.444,57400403717073,1783933987737059763,22.113
57400499298243,1783933987851947863,1783933987852586308,0.638,57400499298243,1783933987833059655,23.584
57400527118998,1783933987877994209,1783933987878446876,0.453,57400527118998,1783933987861359948,21.81
57400588886850,1783933987940273783,1783933987940721228,0.447,57400588886850,1783933987922587873,22.321
57400652957648,1783933988004553656,1783933988005007619,0.454,57400652957648,1783933987986340227,22.531
57400717786559,1783933988068963696,1783933988069445252,0.482,57400717786559,1783933988050725545,22.112
57400798538952,1783933988149668959,1783933988150214979,0.546,57400798538952,1783933988131462808,22.065
57400860063971,1783933988211719367,1783933988212318886,0.6,57400860063971,1783933988193255123,22.59
57400909948141,1783933988261466908,1783933988261915890,0.449,57400909948141,1783933988243698980,22.453
57400980423504,1783933988331930511,1783933988332612068,0.682,57400980423504,1783933988313593267,22.441
57401028644950,1783933988379804513,1783933988380252921,0.448,57401028644950,1783933988362226529,22.094
57401088312948,1783933988439298473,1783933988439740437,0.442,57401088312948,1783933988420994266,21.92
57401154699194,1783933988506028701,1783933988506474980,0.446,57401154699194,1783933988487750198,22.264
57401247644528,1783933988600646704,1783933988601376260,0.73,57401247644528,1783933988582833367,23.938
57401277871286,1783933988628632848,1783933988629267553,0.635,57401277871286,1783933988610542789,21.696
57401337869228,1783933988689487329,1783933988689944051,0.457,57401337869228,1783933988670950103,22.552
57401410529149,1783933988761733860,1783933988762194601,0.461,57401410529149,1783933988743139393,22.139
57401504214631,1783933988856431714,1783933988857146159,0.714,57401504214631,1783933988839617768,23.152
57401534445093,1783933988884638970,1783933988885101989,0.463,57401534445093,1783933988866865967,21.128
57401600770191,1783933988951805661,1783933988952483014,0.677,57401600770191,1783933988933818529,21.97
57401647960933,1783933988998599366,1783933988999045385,0.446,57401647960933,1783933988980629437,21.573
57401710883138,1783933989062078183,1783933989062535516,0.457,57401710883138,1783933989044137587,22.129
57401807750273,1783933989159122670,1783933989159803726,0.681,57401807750273,1783933989140259314,22.307
57401851991586,1783933989203469297,1783933989204129409,0.66,57401851991586,1783933989185038756,22.412
57401898315864,1783933989249743723,1783933989250196427,0.453,57401898315864,1783933989231459479,22.362
57401988958899,1783933989341240129,1783933989341938797,0.699,57401988958899,1783933989321893365,23.216
57402023273736,1783933989374452947,1783933989374895744,0.443,57402023273736,1783933989356299018,22.113
57402105705187,1783933989456678583,1783933989457160232,0.482,57402105705187,1783933989438863580,21.908
57402176736550,1783933989527803224,1783933989528229965,0.427,57402176736550,1783933989509967036,22.001
57402226184110,1783933989577223302,1783933989577899877,0.677,57402226184110,1783933989558337242,21.973
57402269261050,1783933989620640280,1783933989621054114,0.414,57402269261050,1783933989601878998,22.314
57402337253429,1783933989688393213,1783933989688801214,0.408,57402337253429,1783933989670843341,22.074
57402427722723,1783933989780607010,1783933989781054232,0.447,57402427722723,1783933989762665895,23.819
57402471978128,1783933989822579653,1783933989823489357,0.91,57402471978128,1783933989807038060,21.536
57402521836058,1783933989872641713,1783933989873112676,0.471,57402521836058,1783933989854326987,21.74
57402613076816,1783933989965064898,1783933989965810917,0.746,57402613076816,1783933989946114894,22.923
57402644457187,1783933989995501768,1783933989995951972,0.45,57402644457187,1783933989976684968,21.979
57402714139178,1783933990065662538,1783933990066342835,0.68,57402714139178,1783933990047296645,22.458
57402765436499,1783933990116589396,1783933990117037933,0.449,57402765436499,1783933990098161688,22.087
57402860958744,1783933990213543364,1783933990214529977,0.987,57402860958744,1783933990194890231,23.519
57402890728891,1783933990241494991,1783933990241946565,0.452,57402890728891,1783933990222687875,21.7
57402958265954,1783933990309516036,1783933990309959221,0.443,57402958265954,1783933990291381069,22.185
57403044902411,1783933990395983936,1783933990396740771,0.757,57403044902411,1783933990377001080,22.016
57403090429632,1783933990441488639,1783933990441993918,0.505,57403090429632,1783933990422213209,21.994
57403142657788,1783933990493898721,1783933990494349944,0.451,57403142657788,1783933990475289939,22.175
57403204087140,1783933990555216610,1783933990555660129,0.444,57403204087140,1783933990537769663,22.064
57403275613337,1783933990626770178,1783933990627221160,0.451,57403275613337,1783933990607889544,22.091
57403328661901,1783933990679519982,1783933990679963761,0.444,57403328661901,1783933990660507737,21.793
57403417496212,1783933990768240774,1783933990768687312,0.447,57403417496212,1783933990750068549,21.679
57403464039935,1783933990816108295,1783933990816840703,0.732,57403464039935,1783933990797365587,23.003
57403511401288,1783933990862119277,1783933990862542573,0.423,57403511401288,1783933990843479217,21.652
57403571748861,1783933990922734905,1783933990923194943,0.46,57403571748861,1783933990905306958,21.92
57403664576658,1783933991016625241,1783933991017234575,0.609,57403664576658,1783933990996821643,22.983
57403696318271,1783933991046557851,1783933991047001889,0.444,57403696318271,1783933991028108458,21.174
57403758832310,1783933991110711207,1783933991111201892,0.491,57403758832310,1783933991090882701,22.813
57403823632814,1783933991174263784,1783933991174719080,0.455,57403823632814,1783933991156444929,21.565
57403896047179,1783933991248765985,1783933991249820486,1.055,57403896047179,1783933991230270888,23.653
57403944853850,1783933991295623949,1783933991296273709,0.65,57403944853850,1783933991276988982,21.705
57404037334239,1783933991388108598,1783933991388772877,0.664,57404037334239,1783933991369611168,21.709
57404085246408,1783933991436251842,1783933991436957324,0.705,57404085246408,1783933991417184004,21.939
57404132839299,1783933991483447121,1783933991483915196,0.468,57404132839299,1783933991464894265,21.542
57404208620928,1783933991559768324,1783933991560430436,0.662,57404208620928,1783933991541415765,22.082
57404250270664,1783933991601669764,1783933991602112394,0.443,57404250270664,1783933991582805001,22.333
57404319716711,1783933991670617477,1783933991671077496,0.46,57404319716711,1783933991651865084,21.835
57404392521781,1783933991743660936,1783933991744104992,0.444,57404392521781,1783933991725245025,22.073
57404438000854,1783933991789206158,1783933991789645899,0.44,57404438000854,1783933991770361839,22.139
57404496620684,1783933991847589969,1783933991848035433,0.445,57404496620684,1783933991829130669,21.904
57404590837761,1783933991942174213,1783933991942869696,0.695,57404590837761,1783933991923412913,22.271
57404636867484,1783933991988114102,1783933991988678233,0.564,57404636867484,1783933991969226987,22.181
57404684390004,1783933992034932085,1783933992035376215,0.444,57404684390004,1783933992016714841,21.476
57404755896499,1783933992106828413,1783933992107270655,0.442,57404755896499,1783933992088470835,21.866
57404841969344,1783933992193305666,1783933992193830149,0.524,57404841969344,1783933992174237199,22.271
57404884955581,1783933992236199515,1783933992236643997,0.444,57404884955581,1783933992217492807,22.178
57404938081405,1783933992289396117,1783933992289839062,0.443,57404938081405,1783933992270507279,22.249
57404997443866,1783933992348544077,1783933992349001930,0.458,57404997443866,1783933992330285203,22.035
57405115494121,1783933992468564094,1783933992469335243,0.771,57405115494121,1783933992452099907,24.004
57405142577728,1783933992494126125,1783933992494791699,0.666,57405142577728,1783933992475337694,22.483
57405183534648,1783933992534450877,1783933992534895730,0.445,57405183534648,1783933992515942355,21.85
57405275858242,1783933992628397491,1783933992628931529,0.534,57405275858242,1783933992611224248,23.477
57405305706074,1783933992656394655,1783933992656839563,0.445,57405305706074,1783933992638100911,21.623
57405400633949,1783933992751984919,1783933992752511383,0.526,57405400633949,1783933992733172952,22.288
57405449198174,1783933992800637460,1783933992801340146,0.703,57405449198174,1783933992782154326,22.374
57405491049836,1783933992842118788,1783933992842555918,0.437,57405491049836,1783933992823685970,22.003
57405584799858,1783933992937117015,1783933992937712738,0.596,57405584799858,1783933992918660270,23.251
57405619367122,1783933992970447611,1783933992970909630,0.462,57405619367122,1783933992951883292,22.015
57405680652030,1783933993031667556,1783933993032106964,0.439,57405680652030,1783933993013180515,21.95
57405746870759,1783933993098178840,1783933993098624026,0.445,57405746870759,1783933993079550799,22.242
57405817399215,1783933993168623630,1783933993169340057,0.716,57405817399215,1783933993149861663,22.159
57405861909714,1783933993213232555,1783933993213681648,0.449,57405861909714,1783933993194450384,22.257
57405942038071,1783933993292978726,1783933993293458208,0.479,57405942038071,1783933993274522907,21.875
57406018919498,1783933993370168672,1783933993370834858,0.666,57406018919498,1783933993351639279,22.183
57406062870292,1783933993413810707,1783933993414493060,0.682,57406062870292,1783933993395444314,21.875
57406110165905,1783933993461131820,1783933993461578469,0.447,57406110165905,1783933993442893372,21.901
57406202714222,1783933993555169101,1783933993555893084,0.724,57406202714222,1783933993537522135,23.389
57406234667131,1783933993585762250,1783933993586199917,0.438,57406234667131,1783933993567104060,22.029
57406313690783,1783933993664400216,1783933993664843365,0.443,57406313690783,1783933993645994638,21.644
57406363222455,1783933993714302518,1783933993714749500,0.447,57406363222455,1783933993695959255,22.014
57406452640453,1783933993803658441,1783933993804248794,0.59,57406452640453,1783933993785380290,21.953
57406497592804,1783933993848552904,1783933993849289016,0.736,57406497592804,1783933993830274863,21.894
57406545932918,1783933993896765962,1783933993897421037,0.655,57406545932918,1783933993878317755,21.768
57406608438920,1783933993959925243,1783933993960372577,0.447,57406608438920,1783933993941816684,22.421
57406700146754,1783933994051100799,1783933994051805652,0.705,57406700146754,1783933994033256518,21.889
57406743326863,1783933994094464426,1783933994095220575,0.756,57406743326863,1783933994076142718,22.072
57406795175037,1783933994146270156,1783933994146717638,0.447,57406795175037,1783933994128309986,22.03
57406859429672,1783933994210871772,1783933994211325902,0.454,57406859429672,1783933994193275862,22.376
57406930299999,1783933994281377970,1783933994282080489,0.703,57406930299999,1783933994263207151,22.012
57406983649138,1783933994334592238,1783933994335276202,0.684,57406983649138,1783933994317384865,21.877
57407039974559,1783933994390793011,1783933994391468067,0.675,57407039974559,1783933994372608618,21.753
57407129488669,1783933994480623306,1783933994481328140,0.705,57407129488669,1783933994462593728,22.069
57407168656754,1783933994519053742,1783933994519502187,0.448,57407168656754,1783933994501258683,21.332
57407232509276,1783933994583057468,1783933994583504765,0.447,57407232509276,1783933994564993724,21.483
57407318310918,1783933994670723427,1783933994671472299,0.749,57407318310918,1783933994651074274,23.347
57407349946124,1783933994700726075,1783933994701205557,0.479,57407349946124,1783933994682508960,21.714
57407412920182,1783933994764035986,1783933994764481098,0.445,57407412920182,1783933994745398593,22.05
57407505616814,1783933994858699213,1783933994859364695,0.665,57407505616814,1783933994842074730,24.017
57407533166014,1783933994884256040,1783933994884692708,0.437,57407533166014,1783933994865685629,22.025
57407628752224,1783933994980317825,1783933994981025289,0.707,57407628752224,1783933994961860543,22.5
57407671417369,1783933995022528728,1783933995023174266,0.646,57407671417369,1783933995003584020,22.046
57407718763316,1783933995070108750,1783933995070549417,0.441,57407718763316,1783933995051022504,22.28
57407785333416,1783933995136331998,1783933995136774943,0.443,57407785333416,1783933995117762160,21.933
57407859903859,1783933995211176478,1783933995211859424,0.683,57407859903859,1783933995191912881,22.207
57407904068006,1783933995255423736,1783933995255981607,0.558,57407904068006,1783933995236663843,22.29
57407986563144,1783933995337282800,1783933995337720560,0.438,57407986563144,1783933995319014777,21.654
57408060273402,1783933995411517669,1783933995412152651,0.635,57408060273402,1783933995392844942,22.179
57408108541035,1783933995459640506,1783933995460322081,0.682,57408108541035,1783933995441119964,22.034
57408150987439,1783933995502379354,1783933995502837762,0.458,57408150987439,1783933995483482850,22.326
57408220741358,1783933995571798903,1783933995572237885,0.439,57408220741358,1783933995552032397,21.992
57408287428773,1783933995638033780,1783933995638473077,0.439,57408287428773,1783933995619574202,21.539
57408375776085,1783933995727265279,1783933995727973261,0.708,57408375776085,1783933995708122681,22.423
57408409726238,1783933995760682542,1783933995761149728,0.467,57408409726238,1783933995742325890,21.891
57408487367074,1783933995838621619,1783933995839314509,0.693,57408487367074,1783933995821492172,22.189
57408533680575,1783933995884587657,1783933995885040602,0.453,57408533680575,1783933995865405837,21.841
57408600547158,1783933995951683925,1783933995952132110,0.448,57408600547158,1783933995933225846,22.071
57408668991408,1783933996020182842,1783933996020627324,0.444,57408668991408,1783933996001383689,22.126
57408715891188,1783933996067104418,1783933996067598697,0.494,57408715891188,1783933996048051469,22.148
57408782679437,1783933996137449486,1783933996138351414,0.902,57408782679437,1783933996117420647,25.705
57408871968455,1783933996223599981,1783933996224297186,0.697,57408871968455,1783933996206399127,22.566
57408920051958,1783933996275697842,1783933996276436047,0.738,57408920051958,1783933996252407165,26.58
57408964328809,1783933996316288892,1783933996316850115,0.561,57408964328809,1783933996296954813,22.895
57409061112169,1783933996414586365,1783933996415489810,0.903,57409061112169,1783933996396054694,24.409
57409092827708,1783933996444866124,1783933996445491014,0.625,57409092827708,1783933996426575065,22.973
57409172441399,1783933996524255389,1783933996525041334,0.786,57409172441399,1783933996505341662,22.749
57409218330566,1783933996570278020,1783933996571008354,0.73,57409218330566,1783933996551079163,22.882
57409303996468,1783933996656407774,1783933996657263775,0.856,57409303996468,1783933996636567194,23.346
57409348942227,1783933996701202829,1783933996701770811,0.568,57409348942227,1783933996681568509,23.195
57409415193105,1783933996767127318,1783933996767692448,0.565,57409415193105,1783933996747706590,22.869
57409490019401,1783933996842470281,1783933996843372171,0.902,57409490019401,1783933996822499867,23.385
57409531429100,1783933996883441294,1783933996884386129,0.945,57409531429100,1783933996864256289,22.947
57409579978419,1783933996931673780,1783933996932219280,0.545,57409579978419,1783933996912712145,22.63
57409673725313,1783933997027508398,1783933997028244991,0.737,57409673725313,1783933997007924263,24.718
57409704562962,1783933997056775934,1783933997057399009,0.623,57409704562962,1783933997037020724,23.148
57409784221301,1783933997135755606,1783933997136305736,0.55,57409784221301,1783933997117007620,22.469
57409833241195,1783933997185159074,1783933997185711167,0.552,57409833241195,1783933997165850810,22.852
57409916412816,1783933997268174492,1783933997268962715,0.788,57409916412816,1783933997249189524,22.696
57409966631360,1783933997318998999,1783933997319774852,0.776,57409966631360,1783933997299390789,23.302
57410014754623,1783933997366829280,1783933997367406522,0.577,57410014754623,1783933997347164700,23.009
57410118241084,1783933997471688947,1783933997472526707,0.838,57410118241084,1783933997452774516,24.382
57410150409050,1783933997502554485,1783933997503523764,0.969,57410150409050,1783933997483060813,23.08
57410196886793,1783933997548845727,1783933997549462395,0.617,57410196886793,1783933997530078149,22.894
57410292731244,1783933997647919387,1783933997649191370,1.272,57410292731244,1783933997628462307,26.123
57410323001060,1783933997674623087,1783933997675168976,0.546,57410323001060,1783933997655639156,22.557
57410383807912,1783933997735508847,1783933997736047477,0.539,57410383807912,1783933997716893213,22.636
57410448292696,1783933997800593798,1783933997801181002,0.587,57410448292696,1783933997780989755,23.236
57410520597841,1783933997872689183,1783933997873719722,1.031,57410520597841,1783933997853984419,23.026
57410565864730,1783933997917779128,1783933997918324499,0.545,57410565864730,1783933997898850493,22.849
57410630470977,1783933997982145300,1783933997982680523,0.535,57410630470977,1783933997963736296,22.609
57410723887944,1783933998075805361,1783933998076489139,0.684,57410723887944,1783933998056483059,22.852
57410771189077,1783933998123314197,1783933998124255791,0.942,57410771189077,1783933998104166766,23.06
57410812414072,1783933998164246785,1783933998164822989,0.576,57410812414072,1783933998145920207,22.767
57410905690892,1783933998258317439,1783933998259092458,0.775,57410905690892,1783933998238197914,23.561
57410952923228,1783933998304701515,1783933998305576905,0.875,57410952923228,1783933998285618102,22.713
57411005289052,1783933998357467969,1783933998358023933,0.556,57411005289052,1783933998338137260,23.114
57411066317776,1783933998418475786,1783933998419010916,0.535,57411066317776,1783933998399064743,23.093
57411142432167,1783933998494658824,1783933998495558066,0.899,57411142432167,1783933998477298840,23.162
57411188976910,1783933998540260955,1783933998540810252,0.549,57411188976910,1783933998521260006,22.219
57411255429955,1783933998607519001,1783933998608070724,0.552,57411255429955,1783933998586804865,23.024
57411317638792,1783933998669589245,1783933998670139801,0.551,57411317638792,1783933998650501610,22.885
57411406925273,1783933998759817320,1783933998760603451,0.786,57411406925273,1783933998738910664,23.827
57411452055625,1783933998803479911,1783933998804140560,0.661,57411452055625,1783933998784463980,22.359
57411501238334,1783933998853675936,1783933998854242678,0.567,57411501238334,1783933998834435413,23.372
57411568414917,1783933998920835909,1783933998921436520,0.601,57411568414917,1783933998901575977,23.356
57411654623765,1783933999007987109,1783933999008820425,0.833,57411654623765,1783933998988552400,24.298
57411688875160,1783933999040958095,1783933999041557207,0.599,57411688875160,1783933999022234405,23.018
57411759893248,1783933999112310128,1783933999113115722,0.806,57411759893248,1783933999093118104,23.352
57411811068182,1783933999162759191,1783933999163296784,0.538,57411811068182,1783933999143888982,22.626
57411873745482,1783933999225548824,1783933999226099214,0.55,57411873745482,1783933999207090394,22.738
57411957065678,1783933999310585745,1783933999311472357,0.887,57411957065678,1783933999290534313,24.455
57412000520270,1783933999352508464,1783933999353060705,0.552,57412000520270,1783933999333710903,22.923
57412085031152,1783933999438086015,1783933999438875201,0.789,57412085031152,1783933999418456453,23.989
57412120847438,1783933999472382909,1783933999472917317,0.534,57412120847438,1783933999453866775,22.47
57412203386003,1783933999555565494,1783933999556478384,0.913,57412203386003,1783933999535837192,23.114
57412251008896,1783933999602452923,1783933999602972294,0.519,57412251008896,1783933999583690455,22.379
57412338988246,1783933999691126219,1783933999691501238,0.375,57412338988246,1783933999671412324,23.073
57412384062247,1783933999736013256,1783933999736709701,0.696,57412384062247,1783933999717595437,22.886
57412431361454,1783933999783392315,1783933999783967797,0.575,57412431361454,1783933999763923309,22.965
57412497650036,1783933999849157471,1783933999849678046,0.521,57412497650036,1783933999829420817,22.442
57412589362650,1783933999941876771,1783933999942883384,1.007,57412589362650,1783933999921437153,23.449
57412632962538,1783933999984919047,1783933999985514770,0.596,57412632962538,1783933999965801672,22.891
57412695865394,1783934000047618033,1783934000048151274,0.533,57412695865394,1783934000028861843,22.687
57412775835457,1783934000130524710,1783934000131458434,0.934,57412775835457,1783934000110976204,25.624
57412806865514,1783934000158768375,1783934000159322765,0.554,57412806865514,1783934000139572685,22.837
57412867488608,1783934000219863414,1783934000220410823,0.547,57412867488608,1783934000200944335,23.31
57412960220224,1783934000312656771,1783934000313663958,1.007,57412960220224,1783934000293530766,23.371
57413008318673,1783934000360233997,1783934000360813590,0.58,57413008318673,1783934000340837528,22.85
57413056542141,1783934000408318168,1783934000408838613,0.52,57413056542141,1783934000389485256,22.71
57413118659107,1783934000470245616,1783934000470801950,0.556,57413118659107,1783934000451269296,22.522
57413211856705,1783934000563896918,1783934000564746438,0.85,57413211856705,1783934000544121893,22.975
57413253918554,1783934000605943711,1783934000606506434,0.563,57413253918554,1783934000587006854,22.96
57413317561337,1783934000669478420,1783934000670037921,0.56,57413317561337,1783934000650186081,22.852
57413391448022,1783934000743421624,1783934000744283236,0.862,57413391448022,1783934000723922322,22.908
57413438761599,1783934000790501034,1783934000791037276,0.536,57413438761599,1783934000771217825,22.674
57413494369965,1783934000846125400,1783934000846655864,0.53,57413494369965,1783934000826794265,22.69
57413580595073,1783934000933385583,1783934000934450140,1.065,57413580595073,1783934000913223651,23.726
57413624037979,1783934000976403211,1783934000977297138,0.894,57413624037979,1783934000956956446,23.3
57413672898892,1783934001024524641,1783934001025050679,0.526,57413672898892,1783934001005995211,22.561
57413764784025,1783934001118463407,1783934001119533390,1.07,57413764784025,1783934001100584570,24.614
57413793402283,1783934001148232593,1783934001148845779,0.613,57413793402283,1783934001125545157,25.765
57413871901141,1783934001222646353,1783934001223093501,0.447,57413871901141,1783934001203820662,21.68
57413933569292,1783934001284808856,1783934001284979801,0.171,57413933569292,1783934001266320963,22.174
57414009617314,1783934001360382266,1783934001360821285,0.439,57414009617314,1783934001344346098,21.699
57414056675576,1783934001407233139,1783934001407692344,0.459,57414056675576,1783934001390474229,21.492
57414115803650,1783934001466811214,1783934001467262511,0.451,57414115803650,1783934001448427321,21.942
57414198640680,1783934001549953559,1783934001550715282,0.762,57414198640680,1783934001531464239,22.247
57414240661492,1783934001592299186,1783934001592766316,0.467,57414240661492,1783934001573271199,22.572
57414287862570,1783934001638733096,1783934001639180004,0.447,57414287862570,1783934001620026628,21.805
57414385011876,1783934001737700831,1783934001738371628,0.671,57414385011876,1783934001721415792,23.623
57414414614025,1783934001765694366,1783934001766143941,0.45,57414414614025,1783934001747005046,22.015
57414490079267,1783934001841827054,1783934001842277832,0.451,57414490079267,1783934001822955623,22.682
57414537727123,1783934001888785261,1783934001889263725,0.478,57414537727123,1783934001870812479,21.992
57414628559478,1783934001980286413,1783934001980831321,0.545,57414628559478,1783934001961474371,22.698
57414680286469,1783934002031855626,1783934002032488663,0.633,57414680286469,1783934002013306399,22.503
57414721887039,1783934002072767807,1783934002073270530,0.503,57414721887039,1783934002054881599,21.815
57414799740508,1783934002150895349,1783934002151591683,0.696,57414799740508,1783934002132495641,22.09
57414843045118,1783934002194260052,1783934002194709738,0.45,57414843045118,1783934002175586417,22.149
57414940870444,1783934002293677084,1783934002294148789,0.472,57414940870444,1783934002276653007,23.741
57414970579722,1783934002321507712,1783934002321964990,0.457,57414970579722,1783934002302855114,21.862
57415031238743,1783934002382293770,1783934002382739511,0.446,57415031238743,1783934002364009506,21.989
57415098836309,1783934002449791336,1783934002450255318,0.464,57415098836309,1783934002431656091,21.889
57415183363212,1783934002534541109,1783934002535228166,0.687,57415183363212,1783934002515787160,22.112
57415230853086,1783934002582235743,1783934002582931152,0.695,57415230853086,1783934002563754664,22.317
57415278016627,1783934002629184691,1783934002629638562,0.454,57415278016627,1783934002610776316,22.102
