frame,ts_capture,ts_yolo_shm_read,ts_yolo_preprocess_done,ts_inference_start,ts_inference_done,ts_nms_done,ts_yolo_shm_write,frame_hash,capture_read_ms,preprocess_ms,inference_ms,nms_ms,shmwrite_ms,e2e_capture_to_commit_ms,n_dets
1,56367695009146,56367699631069,56367700600147,56367700604165,56367730762935,56367731851124,56367731890365,2466321050,4.6219,0.9691,30.1588,1.0882,0.0392,36.8812,1
2,56367728339057,56367734955857,56367735453822,56367735454729,56367763891512,56367764917423,56367764949960,2466321050,6.6168,0.4980,28.4368,1.0259,0.0325,36.6109,1
3,56367823324642,56367826843709,56367827518138,56367827519286,56367855717975,56367856748719,56367856774201,2466321050,3.5191,0.6744,28.1987,1.0307,0.0255,33.4496,1
4,56367842312411,56367859616840,56367860205046,56367860206324,56367888876533,56367889893407,56367889917037,2466321050,17.3044,0.5882,28.6702,1.0169,0.0236,47.6046,1
5,56367883048884,56367892807788,56367893410790,56367893411642,56367921332534,56367922240926,56367922264000,2466321050,9.7589,0.6030,27.9209,0.9084,0.0231,39.2151,1
6,56367967474525,56367970579647,56367971003982,56367971004612,56367999402746,56368000762343,56368000786473,2466321050,3.1051,0.4243,28.3981,1.3596,0.0241,33.3119,1
7,56368007142365,56368010900378,56368011415806,56368011416695,56368039426476,56368040351183,56368040374257,2466321050,3.7580,0.5154,28.0098,0.9247,0.0231,33.2319,1
8,56368076919494,56368080407654,56368080974841,56368080975693,56368109150882,56368110087107,56368110110385,2466321050,3.4882,0.5672,28.1752,0.9362,0.0233,33.1909,1
9,56368131883108,56368135413824,56368135924918,56368135925715,56368164179608,56368165127519,56368165157593,2466321050,3.5307,0.5111,28.2539,0.9479,0.0301,33.2745,1
10,56368195915346,56368199846027,56368200427436,56368200428529,56368228599514,56368229582073,56368229607166,2262831064,3.9307,0.5814,28.1710,0.9826,0.0251,33.6918,2
11,56368257315428,56368261051848,56368261447182,56368261448016,56368289498908,56368290542875,56368290570097,2262831064,3.7364,0.3953,28.0509,1.0440,0.0272,33.2547,2
12,56368328510357,56368331876406,56368332448611,56368332449556,56368360731153,56368362198343,56368362225602,3620718696,3.3660,0.5722,28.2816,1.4672,0.0273,33.7152,3
13,56368381675484,56368385105885,56368385601386,56368385602183,56368417025476,56368418060090,56368418084683,559305253,3.4304,0.4955,31.4233,1.0346,0.0246,36.4092,2
14,56368488880241,56368492249289,56368492947940,56368492949366,56368521137518,56368522267318,56368522292837,559305253,3.3690,0.6987,28.1882,1.1298,0.0255,33.4126,2
15,56368507330360,56368525571941,56368526196813,56368526197684,56368558259294,56368564846872,56368564884353,559305253,18.2416,0.6249,32.0616,6.5876,0.0375,57.5540,2
16,56368563992702,56368571638043,56368574909647,56368574911480,56368608626392,56368611058197,56368611092345,559305253,7.6453,3.2716,33.7149,2.4318,0.0341,47.0996,2
17,56368630513690,56368635233965,56368636148635,56368636150654,56368665837885,56368667508113,56368667544761,559305253,4.7203,0.9147,29.6872,1.6702,0.0366,37.0311,2
18,56368719196457,56368723124045,56368724907866,56368724910736,56368756354992,56368757639793,56368757670034,2336971496,3.9276,1.7838,31.4443,1.2848,0.0302,38.4736,3
19,56368760906989,56368764185075,56368764817447,56368764818354,56368793232082,56368794365160,56368794393900,2336971496,3.2781,0.6324,28.4137,1.1331,0.0287,33.4869,3
20,56368835136966,56368839349481,56368840689022,56368840693022,56368869872530,56368871333516,56368871369313,165327146,4.2125,1.3395,29.1795,1.4610,0.0358,36.2323,3
21,56368873589283,56368879706267,56368880643048,56368880644289,56368909923093,56368911319061,56368911350969,3867416445,6.1170,0.9368,29.2788,1.3960,0.0319,37.7617,3
22,56368935120921,56368938865341,56368939675381,56368939676603,56368972683012,56368974156462,56368974190203,2731376238,3.7444,0.8100,33.0064,1.4734,0.0337,39.0693,3
23,56369004078639,56369007744799,56369008621654,56369008622914,56369044408481,56369047207435,56369047274380,115848984,3.6662,0.8769,35.7856,2.7990,0.0669,43.1957,3
24,56369144036138,56369147558520,56369148460153,56369148461597,56369177146029,56369178435608,56369178466793,115848984,3.5224,0.9016,28.6844,1.2896,0.0312,34.4307,3
25,56369187168434,56369190628594,56369191200188,56369191201114,56369221429088,56369222681482,56369222711148,115848984,3.4602,0.5716,30.2280,1.2524,0.0297,35.5427,3
26,56369218113633,56369225837511,56369226437809,56369226438791,56369255869077,56369257572175,56369257614435,115848984,7.7239,0.6003,29.4303,1.7031,0.0423,39.5008,3
27,56369290413714,56369293942745,56369294815174,56369294816340,56369323285586,56369324654517,56369324681980,115848984,3.5290,0.8724,28.4692,1.3689,0.0275,34.2683,3
28,56369371216417,56369376803177,56369378233441,56369378235386,56369412532337,56369414122416,56369414158824,115848984,5.5868,1.4303,34.2970,1.5901,0.0364,42.9424,3
29,56369408556027,56369417399539,56369418233245,56369418234653,56369447485772,56369449080981,56369449120963,115848984,8.8435,0.8337,29.2511,1.5952,0.0400,40.5649,3
30,56369469947478,56369473469213,56369474275160,56369474276493,56369503442723,56369505216155,56369505251970,115848984,3.5217,0.8059,29.1662,1.7734,0.0358,35.3045,3
31,56369533471697,56369537102894,56369537976971,56369537978101,56369568330464,56369569904359,56369569938692,115848984,3.6312,0.8741,30.3524,1.5739,0.0343,36.4670,3
32,56369609329346,56369614738735,56369615626664,56369615627571,56369644329336,56369645510544,56369645539322,115848984,5.4094,0.8879,28.7018,1.1812,0.0288,36.2100,3
33,56369680327941,56369684736660,56369685420959,56369685421737,56369716352454,56369717416420,56369717443384,115848984,4.4087,0.6843,30.9307,1.0640,0.0270,37.1154,3
34,56369741762874,56369745078608,56369745621462,56369745622628,56369773747984,56369775133804,56369775163971,115848984,3.3157,0.5429,28.1254,1.3858,0.0302,33.4011,3
35,56369799725610,56369803622605,56369808574326,56369808575696,56369837454018,56369839116727,56369839154301,115848984,3.8970,4.9517,28.8783,1.6627,0.0376,39.4287,3
36,56369868545921,56369872207619,56369873304993,56369873306196,56369901793887,56369902986576,56369903023558,1335176279,3.6617,1.0974,28.4877,1.1927,0.0370,34.4776,3
37,56369922059104,56369925788988,56369926492472,56369926493546,56369955118014,56369956609316,56369956645390,1335176279,3.7299,0.7035,28.6245,1.4913,0.0361,34.5863,3
38,56369992709366,56370000220428,56370001006894,56370001007987,56370029518344,56370030630218,56370030659311,1335176279,7.5111,0.7865,28.5104,1.1119,0.0291,37.9499,3
39,56370079638534,56370082868268,56370083645678,56370083647418,56370116047863,56370117659461,56370117696202,1335176279,3.2297,0.7774,32.4004,1.6116,0.0367,38.0577,3
40,56370122690886,56370126761752,56370127550273,56370127551291,56370156883540,56370158480861,56370158518194,1335176279,4.0709,0.7885,29.3322,1.5973,0.0373,35.8273,3
41,56370211748858,56370215521630,56370216415911,56370216417134,56370245122658,56370246307329,56370246334755,188377767,3.7728,0.8943,28.7055,1.1847,0.0274,34.5859,3
42,56370233289673,56370249186005,56370250073416,56370250074434,56370280179204,56370281385727,56370281437616,188377767,15.8963,0.8874,30.1048,1.2065,0.0519,48.1479,3
43,56370307797540,56370312096666,56370312995539,56370312997372,56370342045028,56370343649255,56370343689959,2488562037,4.2991,0.8989,29.0477,1.6042,0.0407,35.8924,3
44,56370351320930,56370354793757,56370355897298,56370355898520,56370385673233,56370386866904,56370386895459,3267338808,3.4728,1.1035,29.7747,1.1937,0.0286,35.5745,3
45,56370409796316,56370413235957,56370414291165,56370414292683,56370443518598,56370445129159,56370445170160,3585220120,3.4396,1.0552,29.2259,1.6106,0.0410,35.3738,3
46,56370464327818,56370467770959,56370468718296,56370468719722,56370499485883,56370502019318,56370502084892,3585220120,3.4431,0.9473,30.7662,2.5334,0.0656,37.7571,3
47,56370554019496,56370557199470,56370557874509,56370557875583,56370590069879,56370593297890,56370593569243,3585220120,3.1800,0.6750,32.1943,3.2280,0.2714,39.5497,3
48,56370601110899,56370606066953,56370607400494,56370607402439,56370641363000,56370643764026,56370643825434,3585220120,4.9561,1.3335,33.9606,2.4010,0.0614,42.7145,3
49,56370654094840,56370659174172,56370661762403,56370661765792,56370690800781,56370692202785,56370692234600,3585220120,5.0793,2.5882,29.0350,1.4020,0.0318,38.1398,3
50,56370723771134,56370727921167,56370729124245,56370729126597,56370758056474,56370759595443,56370759626332,3585220120,4.1500,1.2031,28.9299,1.5390,0.0309,35.8552,3
51,56370773494564,56370777115244,56370778134840,56370778136358,56370808695093,56370809954486,56370809987430,3585220120,3.6207,1.0196,30.5587,1.2594,0.0329,36.4929,3
52,56370836170687,56370839362865,56370839963015,56370839964330,56370869480227,56370870668046,56370870698102,3585220120,3.1922,0.6001,29.5159,1.1878,0.0301,34.5274,3
53,56370903000046,56370906949597,56370908441954,56370908443454,56370937772610,56370939017225,56370939047818,3585220120,3.9496,1.4924,29.3292,1.2446,0.0306,36.0478,3
54,56370972047357,56370977498820,56370978106878,56370978107860,56371006907181,56371007988610,56371008109314,3585220120,5.4515,0.6081,28.7993,1.0814,0.1207,36.0620,3
55,56371030175149,56371034335701,56371035583057,56371035584946,56371068197724,56371069532173,56371069563266,3585220120,4.1606,1.2474,32.6128,1.3344,0.0311,39.3881,3
56,56371090483690,56371095261428,56371096626155,56371096629155,56371126567832,56371127938596,56371127971059,1526930870,4.7777,1.3647,29.9387,1.3708,0.0325,37.4874,3
57,56371175399815,56371180523517,56371181377391,56371181378594,56371209813988,56371211143752,56371211174104,963718800,5.1237,0.8539,28.4354,1.3298,0.0304,35.7743,3
58,56371212094237,56371215496730,56371216737086,56371216738568,56371247822508,56371249575514,56371249609977,963718800,3.4025,1.2404,31.0839,1.7530,0.0345,37.5157,3
59,56371269649120,56371274378840,56371275802456,56371275804511,56371305365205,56371307672602,56371307703213,3962160238,4.7297,1.4236,29.5607,2.3074,0.0306,38.0541,3
60,56371341451014,56371345494473,56371346704829,56371346706736,56371374392683,56371375688132,56371375714854,3962160238,4.0435,1.2104,27.6859,1.2954,0.0267,34.2638,3
61,56371418447816,56371423682908,56371427567884,56371427572810,56371456898892,56371458663621,56371458803954,3962160238,5.2351,3.8850,29.3261,1.7647,0.1403,40.3561,3
62,56371480588492,56371486657569,56371487398812,56371487399849,56371515238593,56371516452337,56371516480782,3682445378,6.0691,0.7412,27.8387,1.2137,0.0284,35.8923,3
63,56371524029789,56371527857266,56371528656565,56371528657379,56371556428975,56371557822868,56371557849776,295797231,3.8275,0.7993,27.7716,1.3939,0.0269,33.8200,3
64,56371608057152,56371611677442,56371612684501,56371612685464,56371641700749,56371645605707,56371645643300,1626480654,3.6203,1.0071,29.0153,3.9050,0.0376,37.5861,3
65,56371642306714,56371649220590,56371650045055,56371650045907,56371677736854,56371679099359,56371679126915,1626480654,6.9139,0.8245,27.6909,1.3625,0.0276,36.8202,3
66,56371705908562,56371709503963,56371710468559,56371710469522,56371737656171,56371738679989,56371738705545,1265692848,3.5954,0.9646,27.1866,1.0238,0.0256,32.7970,3
67,56371807642911,56371813331283,56371814510139,56371814512120,56371842344401,56371843420108,56371843447145,2312246591,5.6884,1.1789,27.8323,1.0757,0.0270,35.8042,3
68,56371865963926,56371870052515,56371871286500,56371871288315,56371901077269,56371902416663,56371902443367,2312246591,4.0886,1.2340,29.7890,1.3394,0.0267,36.4794,3
69,56371896780588,56371905520099,56371906218768,56371906220250,56371933462769,56371934524217,56371934553088,2312246591,8.7395,0.6987,27.2425,1.0614,0.0289,37.7725,3
70,56371954520249,56371958464466,56371959511081,56371959513396,56371987711604,56371988738996,56371988765163,2470016338,3.9442,1.0466,28.1982,1.0274,0.0262,34.2449,3
71,56372020535920,56372023900450,56372024758194,56372024759175,56372052123066,56372053175866,56372053202847,2831791920,3.3645,0.8577,27.3639,1.0528,0.0270,32.6669,3
72,56372077658950,56372082024446,56372082731356,56372082732152,56372109981968,56372111293787,56372111320565,844170583,4.3655,0.7069,27.2498,1.3118,0.0268,33.6616,3
73,56372137299469,56372141821948,56372142869007,56372142870711,56372170380342,56372171390364,56372171416198,844170583,4.5225,1.0471,27.5096,1.0100,0.0258,34.1167,3
74,56372202927009,56372207948360,56372208804641,56372208805641,56372236153068,56372237146868,56372237173479,844170583,5.0214,0.8563,27.3474,0.9938,0.0266,34.2465,3
75,56372276205687,56372279507180,56372280906444,56372280908148,56372308845595,56372309999766,56372310026266,844170583,3.3015,1.3993,27.9374,1.1542,0.0265,33.8206,3
76,56372326358822,56372330486725,56372331854860,56372331856971,56372359558677,56372360589143,56372360614977,844170583,4.1279,1.3681,27.7017,1.0305,0.0258,34.2562,3
77,56372391071730,56372394991002,56372395611708,56372395612541,56372422914394,56372423904861,56372423929972,844170583,3.9193,0.6207,27.3019,0.9905,0.0251,32.8582,3
78,56372477892324,56372482818174,56372484069049,56372484070308,56372512168016,56372513253668,56372513282260,844170583,4.9258,1.2509,28.0977,1.0857,0.0286,35.3899,3
79,56372529705761,56372534268758,56372535086317,56372535087613,56372562469485,56372563519525,56372563545303,844170583,4.5630,0.8176,27.3819,1.0500,0.0258,33.8395,3
80,56372578740559,56372583128111,56372583864095,56372583865021,56372610938133,56372611948358,56372611976451,844170583,4.3876,0.7360,27.0731,1.0102,0.0281,33.2359,3
81,56372640433382,56372644207839,56372644880305,56372644881157,56372672164435,56372673231995,56372673258421,844170583,3.7745,0.6725,27.2833,1.0676,0.0264,32.8250,3
82,56372704034638,56372707778317,56372708700709,56372708701968,56372736294804,56372737347807,56372737374085,844170583,3.7437,0.9224,27.5928,1.0530,0.0263,33.3394,3
83,56372765876480,56372770303495,56372770965034,56372770966182,56372798156313,56372799202668,56372799232483,844170583,4.4270,0.6615,27.1901,1.0464,0.0298,33.3560,3
84,56372824613311,56372828371694,56372829450124,56372829451809,56372856796625,56372857793462,56372857819295,844170583,3.7584,1.0784,27.3448,0.9968,0.0258,33.2060,3
85,56372890851538,56372894375439,56372895340683,56372895341906,56372923053519,56372924073078,56372924098782,4058166131,3.5239,0.9652,27.7116,1.0196,0.0257,33.2472,3
86,56372982416334,56372987833797,56372989037727,56372989039153,56373018707644,56373020183594,56373020212316,2503894596,5.4175,1.2039,29.6685,1.4760,0.0287,37.7960,3
87,56373016548489,56373023126344,56373023676198,56373023676939,56373050943718,56373051939647,56373051965332,4226014974,6.5779,0.5499,27.2668,0.9959,0.0257,35.4168,3
88,56373132160497,56373136856402,56373137981591,56373137984109,56373166056965,56373167495303,56373167534414,4226014974,4.6959,1.1252,28.0729,1.4383,0.0391,35.3739,3
89,56373158818885,56373171149927,56373171843040,56373171844170,56373199035875,56373200055285,56373200081860,4226014974,12.3310,0.6931,27.1917,1.0194,0.0266,41.2630,3
90,56373231119374,56373236239613,56373237364617,56373237366099,56373266666366,56373268917744,56373268973726,2604777767,5.1202,1.1250,29.3003,2.2514,0.0560,37.8544,3
91,56373263984764,56373273125110,56373273965317,56373273967058,56373301346041,56373302340729,56373302366544,2604777767,9.1403,0.8402,27.3790,0.9947,0.0258,38.3818,3
92,56373340209322,56373344720282,56373345640045,56373345641026,56373372968620,56373374100365,56373374130309,2889484587,4.5110,0.9198,27.3276,1.1317,0.0299,33.9210,3
93,56373385725738,56373390202105,56373391293813,56373391294905,56373418601777,56373419616706,56373419643465,1189146783,4.4764,1.0917,27.3069,1.0149,0.0268,33.9177,3
94,56373448673287,56373453357044,56373454055417,56373454056343,56373481353437,56373482563441,56373482590200,3435784626,4.6838,0.6984,27.2971,1.2100,0.0268,33.9169,3
95,56373515861055,56373521063758,56373521812187,56373521813057,56373548850335,56373549842635,56373549868802,2029237790,5.2027,0.7484,27.0373,0.9923,0.0262,34.0077,3
96,56373581678948,56373586531039,56373587745098,56373587747061,56373616469141,56373617510571,56373617539367,2029237790,4.8521,1.2141,28.7221,1.0414,0.0288,35.8604,3
97,56373637295639,56373642001507,56373643024196,56373643025381,56373670152992,56373671204552,56373671229792,3148495609,4.7059,1.0227,27.1276,1.0516,0.0252,33.9342,3
98,56373708988385,56373713958958,56373715014739,56373715016258,56373742932428,56373743969616,56373743997765,2828179379,4.9706,1.0558,27.9162,1.0372,0.0281,35.0094,4
99,56373779249163,56373784328125,56373785682871,56373785685908,56373813679430,56373814906860,56373814933545,121568347,5.0790,1.3547,27.9935,1.2274,0.0267,35.6844,3
100,56373828620092,56373832993367,56373833661461,56373833662628,56373860743962,56373861762225,56373861790262,1220394802,4.3733,0.6681,27.0813,1.0183,0.0280,33.1702,4
101,56373934265455,56373938977027,56373940205272,56373940210327,56373968951296,56373970518931,56373970561969,309495566,4.7116,1.2282,28.7410,1.5676,0.0430,36.2965,3
102,56373965456007,56373974432445,56373975516560,56373975517875,56374003310803,56374004484030,56374004512196,309495566,8.9764,1.0841,27.7929,1.1732,0.0282,39.0562,3
103,56374048397236,56374053526772,56374054611313,56374054613091,56374088160502,56374089519748,56374089551396,1546989336,5.1295,1.0845,33.5474,1.3592,0.0316,41.1542,4
104,56374081181386,56374092711944,56374093374835,56374093376020,56374121251301,56374122409527,56374122439138,1546989336,11.5306,0.6629,27.8753,1.1582,0.0296,41.2578,4
105,56374151709239,56374156217069,56374156824201,56374156825053,56374184193499,56374185323373,56374185349614,1635844009,4.5078,0.6071,27.3684,1.1299,0.0262,33.6404,3
106,56374198908975,56374203335564,56374204552902,56374204555032,56374233228000,56374235179359,56374235206878,3451681205,4.4266,1.2173,28.6730,1.9514,0.0275,36.2979,3
107,56374269235069,56374273671325,56374274873199,56374274874384,56374302498998,56374303544483,56374303570427,3646564262,4.4363,1.2019,27.6246,1.0455,0.0259,34.3354,3
108,56374326996989,56374330661057,56374331312115,56374331313337,56374359233915,56374360253289,56374360278881,1375291788,3.6641,0.6511,27.9206,1.0194,0.0256,33.2819,3
109,56374441153048,56374446799197,56374448295461,56374448297443,56374477622655,56374479797736,56374479849181,3384252861,5.6461,1.4963,29.3252,2.1751,0.0514,38.6961,4
110,56374474914997,56374483903861,56374484658179,56374484659420,56374511846420,56374512866591,56374512894054,3384252861,8.9889,0.7543,27.1870,1.0202,0.0275,37.9791,4
111,56374550465460,56374555145532,56374557008853,56374557010279,56374584922412,56374586227250,56374586253417,1556004620,4.6801,1.8633,27.9121,1.3048,0.0262,35.7880,3
112,56374588401498,56374592336549,56374593294145,56374593295589,56374620949295,56374622024206,56374622050077,1800999243,3.9351,0.9576,27.6537,1.0749,0.0259,33.6486,3
113,56374640250510,56374644645951,56374645757214,56374645758788,56374672970400,56374673973311,56374673999274,1800999243,4.3954,1.1113,27.2116,1.0029,0.0260,33.7488,3
114,56374727587217,56374731563620,56374733301200,56374733304626,56374761197332,56374762319966,56374762346429,3460653758,3.9764,1.7376,27.8927,1.1226,0.0265,34.7592,3
115,56374786271882,56374789741690,56374790348525,56374790350155,56374817862323,56374818914938,56374818942827,1546047801,3.4698,0.6068,27.5122,1.0526,0.0279,32.6709,4
116,56374833486414,56374837338150,56374838557857,56374838559191,56374866285749,56374867358660,56374867385197,4068179573,3.8517,1.2197,27.7266,1.0729,0.0265,33.8988,3
117,56374893588121,56374897976173,56374898637860,56374898638638,56374925911583,56374926913439,56374926940013,1060208265,4.3881,0.6617,27.2729,1.0019,0.0266,33.3519,3
118,56374973894026,56374979045636,56374979717416,56374979718213,56375008459515,56375009544723,56375009572371,2766413071,5.1516,0.6718,28.7413,1.0852,0.0276,35.6783,4
119,56375043043282,56375049412360,56375050022473,56375050023176,56375077418159,56375078493608,56375078521941,663150963,6.3691,0.6101,27.3950,1.0754,0.0283,35.4787,4
120,56375103090988,56375107164188,56375107899375,56375107900431,56375137831163,56375138877704,56375138906241,1476820949,4.0732,0.7352,29.9307,1.0465,0.0285,35.8153,4
121,56375155610280,56375162151821,56375163299140,56375163301473,56375191205439,56375192300684,56375192329165,2183756368,6.5415,1.1473,27.9040,1.0952,0.0285,36.7189,4
122,56375208964222,56375213127070,56375214448704,56375214449926,56375242068725,56375243074488,56375243102729,2362649276,4.1628,1.3216,27.6188,1.0058,0.0282,34.1385,4
123,56375298617308,56375303006323,56375304147549,56375304149142,56375332204998,56375333275446,56375333303316,768452195,4.3890,1.1412,28.0559,1.0704,0.0279,34.6860,4
124,56375344262261,56375349347890,56375349996540,56375349997411,56375377305856,56375378348601,56375378382730,768452195,5.0856,0.6486,27.3084,1.0427,0.0341,34.1205,4
125,56375412125013,56375416775418,56375418043996,56375418045292,56375445718943,56375446768243,56375446796780,2062810878,4.6504,1.2686,27.6737,1.0493,0.0285,34.6718,4
126,56375457598521,56375461030773,56375462222963,56375462227074,56375490407263,56375491570749,56375491603156,2303346538,3.4323,1.1922,28.1802,1.1635,0.0324,34.0046,3
127,56375508937142,56375514024715,56375514622291,56375514623291,56375541877829,56375542888073,56375542915629,2078733306,5.0876,0.5976,27.2545,1.0102,0.0276,33.9785,4
128,56375585622850,56375590101828,56375591244850,56375591246091,56375618376036,56375619377632,56375619404521,3363189195,4.4790,1.1430,27.1299,1.0016,0.0269,33.7817,4
129,56375675814789,56375680303971,56375681486920,56375681488327,56375709367719,56375710404982,56375710431167,1618745124,4.4892,1.1829,27.8794,1.0373,0.0262,34.6164,3
130,56375739918083,56375743534966,56375746352050,56375746353587,56375775412409,56375776466209,56375776492042,1618745124,3.6169,2.8171,29.0588,1.0538,0.0258,36.5740,3
131,56375788307176,56375793734398,56375794795735,56375794796957,56375824101632,56375825163024,56375825190839,589520018,5.4272,1.0613,29.3047,1.0614,0.0278,36.8837,4
132,56375836540175,56375841864600,56375842802826,56375842804215,56375870129753,56375871187664,56375871213997,1735135498,5.3244,0.9382,27.3255,1.0579,0.0263,34.6738,3
133,56375918627790,56375923782141,56375925222072,56375925223887,56375952517555,56375953575225,56375953601095,1735135498,5.1544,1.4399,27.2937,1.0577,0.0259,34.9733,3
134,56375965066357,56375969576280,56375970569579,56375970571098,56375997840136,56375998957381,56375998984640,1386695855,4.5099,0.9933,27.2690,1.1172,0.0273,33.9183,3
135,56376043560534,56376048112938,56376048917052,56376048919293,56376076856797,56376077986726,56376078014800,3312847383,4.5524,0.8041,27.9375,1.1299,0.0281,34.4543,4
136,56376084238100,56376088669930,56376090177509,56376090179713,56376118042808,56376119233053,56376119263776,3452279409,4.4318,1.5076,27.8631,1.1902,0.0307,35.0257,4
137,56376140116699,56376144578807,56376145659403,56376145660755,56376173125479,56376174372632,56376174398539,2766603900,4.4621,1.0806,27.4647,1.2472,0.0259,34.2818,3
138,56376194302626,56376198433844,56376199471403,56376199473255,56376227211165,56376228241891,56376228268002,2766603900,4.1312,1.0376,27.7379,1.0307,0.0261,33.9654,3
139,56376277588227,56376281843334,56376283791693,56376283793544,56376317308197,56376318898221,56376318940147,2982229797,4.2551,1.9484,33.5147,1.5900,0.0419,41.3519,3
140,56376315538098,56376323254476,56376323832701,56376323833904,56376351278962,56376352362243,56376352388817,2982229797,7.7164,0.5782,27.4451,1.0833,0.0266,36.8507,3
141,56376388045440,56376391845286,56376393182994,56376393185661,56376420879590,56376421937426,56376421963167,940161087,3.7998,1.3377,27.6939,1.0578,0.0257,33.9177,3
142,56376435709381,56376439286245,56376440427823,56376440430194,56376468287401,56376469422664,56376469450664,2298092832,3.5769,1.1416,27.8572,1.1353,0.0280,33.7413,3
143,56376508252797,56376512306015,56376513465556,56376513467315,56376541089669,56376542151543,56376542177840,1204202523,4.0532,1.1595,27.6224,1.0619,0.0263,33.9250,3
144,56376564281582,56376568250411,56376569589489,56376569590989,56376596859064,56376597867364,56376597893624,2991711714,3.9688,1.3391,27.2681,1.0083,0.0263,33.6120,3
145,56376671398395,56376675785780,56376677047099,56376677048321,56376704899380,56376705951662,56376705978717,1903912735,4.3874,1.2613,27.8511,1.0523,0.0271,34.5803,3
146,56376710263139,56376714424468,56376715586991,56376715588472,56376743660402,56376744736758,56376744764221,1346482221,4.1613,1.1625,28.0719,1.0764,0.0275,34.5011,4
147,56376753535677,56376757615506,56376758697806,56376758699065,56376786067326,56376787081311,56376787106996,4246185723,4.0798,1.0823,27.3683,1.0140,0.0257,33.5713,3
148,56376825204942,56376829583753,56376830745701,56376830747313,56376858227703,56376859236225,56376859262207,1570032035,4.3788,1.1619,27.4804,1.0085,0.0260,34.0573,3
149,56376906848926,56376911829943,56376913160633,56376913161892,56376940421115,56376941473100,56376941499786,2983562339,4.9810,1.3307,27.2592,1.0520,0.0267,34.6509,3
150,56376970210829,56376975948978,56376976827037,56376976828333,56377007228789,56377008823054,56377008857202,2983562339,5.7381,0.8781,30.4005,1.5943,0.0341,38.6464,3
151,56377005154671,56377012859938,56377013499144,56377013500015,56377040692830,56377041890705,56377041919316,2983562339,7.7053,0.6392,27.1928,1.1979,0.0286,36.7646,3
152,56377073121479,56377077438549,56377078396515,56377078398182,56377105725665,56377106725816,56377106751409,2983562339,4.3171,0.9580,27.3275,1.0002,0.0256,33.6299,3
153,56377146562157,56377150542171,56377151737675,56377151739249,56377179381251,56377180615589,56377180642070,2983562339,3.9800,1.1955,27.6420,1.2343,0.0265,34.0799,3
154,56377191900646,56377196231976,56377197376702,56377197377869,56377225171927,56377226324190,56377226350524,2063407868,4.3313,1.1447,27.7941,1.1523,0.0263,34.4499,3
155,56377240808407,56377245064903,56377246194110,56377246195425,56377273919187,56377274941154,56377274966469,2063407868,4.2565,1.1292,27.7238,1.0220,0.0253,34.1581,3
156,56377305622389,56377310249719,56377310979629,56377310981240,56377338476520,56377339629635,56377339655783,2063407868,4.6273,0.7299,27.4953,1.1531,0.0261,34.0334,3
157,56377364502591,56377370984354,56377371971635,56377371972728,56377399475730,56377400491381,56377400517085,2063407868,6.4818,0.9873,27.5030,1.0157,0.0257,36.0145,3
158,56377441183243,56377445529406,56377446798577,56377446800263,56377474309857,56377475313490,56377475338953,2063407868,4.3462,1.2692,27.5096,1.0036,0.0255,34.1557,3
159,56377526360462,56377531754740,56377532997633,56377532999151,56377561571435,56377564122018,56377564171351,2720370952,5.3943,1.2429,28.5723,2.5506,0.0493,37.8109,3
160,56377558425109,56377567466288,56377568319384,56377568320791,56377595690293,56377596751982,56377596778130,2720370952,9.0412,0.8531,27.3695,1.0617,0.0261,38.3530,3
161,56377629767188,56377633551645,56377634917187,56377634919205,56377662976283,56377664152972,56377664178658,3271056305,3.7845,1.3655,28.0571,1.1767,0.0257,34.4115,3
162,56377675351178,56377679165302,56377680454158,56377680455528,56377707960271,56377708975997,56377709001701,4173290891,3.8141,1.2889,27.5047,1.0157,0.0257,33.6505,3
163,56377741296941,56377746933942,56377747642407,56377747643667,56377775669300,56377777114583,56377777146379,483470464,5.6370,0.7085,28.0256,1.4453,0.0318,35.8494,3
164,56377822353127,56377826597068,56377827675812,56377827677145,56377855494315,56377856687449,56377856712745,4173355888,4.2439,1.0787,27.8172,1.1931,0.0253,34.3596,3
165,56377868500823,56377871860131,56377873541636,56377873543581,56377901271806,56377902317661,56377902344698,2666589861,3.3593,1.6815,27.7282,1.0459,0.0270,33.8439,3
166,56377927371210,56377932711673,56377933262564,56377933263397,56377960496824,56377961504365,56377961529791,3571388395,5.3405,0.5509,27.2334,1.0075,0.0254,34.1586,3
167,56378008221525,56378011722963,56378013164098,56378013165894,56378040984860,56378042080993,56378042109956,4252994110,3.5014,1.4411,27.8190,1.0961,0.0290,33.8884,4
168,56378051286155,56378055988152,56378057104601,56378057106749,56378084284638,56378085301197,56378085330809,1212371590,4.7020,1.1164,27.1779,1.0166,0.0296,34.0447,4
169,56378124725777,56378129216534,56378130167611,56378130168703,56378157968095,56378159164377,56378159193192,563499290,4.4908,0.9511,27.7994,1.1963,0.0288,34.4674,3
170,56378177139291,56378181878733,56378183159645,56378183161274,56378210930592,56378211936762,56378211961188,1946402174,4.7394,1.2809,27.7693,1.0062,0.0244,34.8219,2
171,56378268835365,56378274345810,56378275002498,56378275003516,56378302525203,56378303596281,56378303623651,1344443259,5.5104,0.6567,27.5217,1.0711,0.0274,34.7883,3
172,56378312806405,56378316769345,56378318018738,56378318019812,56378345852852,56378346920745,56378346946856,2679492231,3.9629,1.2494,27.8330,1.0679,0.0261,34.1405,3
173,56378369341322,56378372867556,56378373670762,56378373672762,56378401735507,56378402722381,56378402746770,2077286361,3.5262,0.8032,28.0627,0.9869,0.0244,33.4054,2
174,56378440900438,56378445285175,56378446358605,56378446359901,56378474551646,56378475722261,56378475755650,2224860894,4.3847,1.0734,28.1917,1.1706,0.0334,34.8552,2
175,56378491576871,56378496121350,56378496912649,56378496914056,56378524258410,56378525332339,56378525356432,1316595668,4.5445,0.7913,27.3444,1.0739,0.0241,33.7796,2
176,56378550556018,56378554390161,56378555199164,56378555201997,56378582686166,56378583732855,56378583757225,3443777846,3.8341,0.8090,27.4842,1.0467,0.0244,33.2012,2
177,56378631134555,56378635246439,56378636541055,56378636542388,56378664039223,56378665394821,56378665419043,1118186836,4.1119,1.2946,27.4968,1.3556,0.0242,34.2845,2
178,56378678962701,56378682910733,56378683876995,56378683878347,56378711686054,56378712705205,56378712734261,1757854897,3.9480,0.9663,27.8077,1.0192,0.0291,33.7716,1
179,56378735761803,56378739965781,56378740918358,56378740919469,56378768983140,56378770096921,56378770122347,1126618722,4.2040,0.9526,28.0637,1.1138,0.0254,34.3605,2
180,56378814289758,56378819113516,56378819879111,56378819881111,56378847442909,56378848532968,56378848557043,379305834,4.8238,0.7656,27.5618,1.0901,0.0241,34.2673,2
181,56378856656941,56378860570714,56378861508754,56378861509920,56378889434702,56378890586280,56378890612687,1407152664,3.9138,0.9380,27.9248,1.1516,0.0264,33.9557,2
182,56378926960664,56378931536106,56378932186071,56378932187034,56378959612869,56378960693280,56378960721910,2868753800,4.5754,0.6500,27.4258,1.0804,0.0286,33.7612,2
183,56378982859708,56378987015648,56378987816781,56378987818040,56379015381764,56379016414249,56379016438527,2495363042,4.1559,0.8011,27.5637,1.0325,0.0243,33.5788,2
184,56379042621673,56379046387111,56379047318541,56379047320004,56379074617875,56379075669879,56379075693823,2791731145,3.7654,0.9314,27.2979,1.0520,0.0239,33.0722,2
185,56379129732453,56379134000431,56379135011138,56379135012157,56379162894308,56379163994053,56379164053497,4092170227,4.2680,1.0107,27.8822,1.0997,0.0594,34.3210,2
186,56379171038429,56379175515500,56379176999042,56379177001875,56379205362954,56379206415069,56379206441402,4092170227,4.4771,1.4835,28.3611,1.0521,0.0263,35.4030,2
187,56379241544782,56379245982927,56379247076394,56379247077838,56379274902601,56379275997234,56379276048012,1369473443,4.4381,1.0935,27.8248,1.0946,0.0508,34.5032,2
188,56379294761965,56379298318200,56379299965224,56379299968242,56379327596837,56379328670822,56379328694841,3557214420,3.5562,1.6470,27.6286,1.0740,0.0240,33.9329,2
189,56379407767335,56379411669108,56379413773411,56379413775337,56379442239065,56379443820700,56379443848181,3797230588,3.9018,2.1043,28.4637,1.5816,0.0275,36.0808,2
190,56379439407796,56379447462360,56379448085177,56379448086622,56379475429716,56379476527053,56379476551127,3797230588,8.0546,0.6228,27.3431,1.0973,0.0241,37.1433,2
191,56379496455918,56379500177430,56379501067304,56379501068359,56379529575402,56379530806091,56379530831295,2886396,3.7215,0.8899,28.5070,1.2307,0.0252,34.3754,2
192,56379551029327,56379554917285,56379555998344,56379556028252,56379584415146,56379586233911,56379586259097,3685303078,3.8880,1.0811,28.3869,1.8188,0.0252,35.2298,2
193,56379594828533,56379599199734,56379601347000,56379601350926,56379628772039,56379629758431,56379629783079,1298369177,4.3712,2.1473,27.4211,0.9864,0.0246,34.9545,2
194,56379677472299,56379681959981,56379682907169,56379682908132,56379710454227,56379711739398,56379711763658,1793185577,4.4877,0.9472,27.5461,1.2852,0.0243,34.2914,2
195,56379731386540,56379735456869,56379736999189,56379737000559,56379765190267,56379766257326,56379766281289,3392082936,4.0703,1.5423,28.1897,1.0671,0.0240,34.8947,2
196,56379804477958,56379807956562,56379809637772,56379809639531,56379838070055,56379839327466,56379839352411,2795290122,3.4786,1.6812,28.4305,1.2574,0.0249,34.8745,2
197,56379895583919,56379899943027,56379902011812,56379902013256,56379931576098,56379932918418,56379932943492,1484037394,4.3591,2.0688,29.5628,1.3423,0.0251,37.3596,2
198,56379925989912,56379937769231,56379938340233,56379938341288,56379965745827,56379966937424,56379966962053,1484037394,11.7793,0.5710,27.4045,1.1916,0.0246,40.9721,2
199,56379979502504,56379983330165,56379984459576,56379984461595,56380012092005,56380013447009,56380013473528,399692029,3.8277,1.1294,27.6304,1.3550,0.0265,33.9710,2
200,56380052748422,56380057646717,56380058952499,56380058954092,56380086528946,56380087708654,56380087732802,1688506078,4.8983,1.3058,27.5749,1.1797,0.0241,34.9844,2
201,56380103813598,56380107740963,56380108948949,56380108950671,56380136290487,56380137475399,56380137499769,1661547546,3.9274,1.2080,27.3398,1.1849,0.0244,33.6862,2
202,56380159613456,56380164557418,56380165429587,56380165430606,56380193240813,56380194350076,56380194376076,2136927149,4.9440,0.8722,27.8102,1.1093,0.0260,34.7626,2
203,56380229553104,56380234283491,56380234947974,56380234948900,56380262551810,56380263561351,56380263586091,3709433435,4.7304,0.6645,27.6029,1.0095,0.0247,34.0330,2
204,56380328877520,56380332697440,56380334317612,56380334319594,56380362470431,56380363490750,56380363514972,3138507012,3.8199,1.6202,28.1508,1.0203,0.0242,34.6375,2
205,56380367512801,56380372115557,56380373105449,56380373106486,56380400618155,56380401720751,56380401745085,3138507012,4.6028,0.9899,27.5117,1.1026,0.0243,34.2323,2
206,56380423697179,56380428305398,56380429083531,56380429085068,56380456512606,56380457546554,56380457571573,3138507012,4.6082,0.7781,27.4275,1.0339,0.0250,33.8744,2
207,56380482613011,56380488036252,56380489001014,56380489002255,56380516202719,56380517408501,56380517433242,3138507012,5.4232,0.9648,27.2005,1.2058,0.0247,34.8202,2
208,56380525425362,56380530287934,56380530980381,56380530981381,56380558109178,56380559099107,56380559122718,3138507012,4.8626,0.6924,27.1278,0.9899,0.0236,33.6974,2
209,56380603818946,56380609014871,56380609600892,56380609601781,56380636892949,56380638022304,56380638047138,3138507012,5.1959,0.5860,27.2912,1.1294,0.0248,34.2282,2
210,56380647354003,56380651802537,56380653019393,56380653020652,56380680198764,56380681197064,56380681221101,3138507012,4.4485,1.2169,27.1781,0.9983,0.0240,33.8671,2
211,56380714544271,56380718730267,56380719797345,56380719798363,56380747175587,56380748312943,56380748338073,3138507012,4.1860,1.0671,27.3772,1.1374,0.0251,33.7938,2
212,56380766895488,56380771278392,56380771966746,56380771967450,56380799403489,56380800417881,56380800442103,3138507012,4.3829,0.6884,27.4360,1.0144,0.0242,33.5466,2
213,56380859175342,56380863470450,56380864485527,56380864487287,56380892039641,56380893136330,56380893161830,2469491551,4.2951,1.0151,27.5524,1.0967,0.0255,33.9865,2
214,56380905509354,56380910286814,56380910940909,56380910942094,56380938323966,56380939503322,56380939529137,3927545895,4.7775,0.6541,27.3819,1.1794,0.0258,34.0198,3
215,56380947703406,56380953238147,56380953854612,56380953855538,56380981013854,56380982050432,56380982074024,3700991404,5.5347,0.6165,27.1583,1.0366,0.0236,34.3706,2
216,56381046183689,56381050595297,56381051607911,56381051609485,56381082408017,56381083733355,56381083759392,3700991404,4.4116,1.0126,30.7985,1.3253,0.0260,37.5757,2
217,56381075148529,56381087169848,56381087937314,56381087938573,56381116393930,56381117741065,56381117768046,3700991404,12.0213,0.7675,28.4554,1.3471,0.0270,42.6195,2
218,56381137255984,56381140523884,56381142344705,56381142348371,56381171355619,56381172521438,56381172545049,3700991404,3.2679,1.8208,29.0072,1.1658,0.0236,35.2891,2
219,56381200567405,56381204887105,56381205613015,56381205614089,56381232947350,56381233999724,56381234022705,3700991404,4.3197,0.7259,27.3333,1.0524,0.0230,33.4553,2
220,56381272080040,56381276076739,56381277445373,56381277446688,56381304944727,56381306230935,56381306254416,3700991404,3.9967,1.3686,27.4980,1.2862,0.0235,34.1744,2
221,56381331365151,56381336094501,56381336857114,56381336858262,56381364195838,56381365451990,56381365475676,3700991404,4.7294,0.7626,27.3376,1.2562,0.0237,34.1105,2
222,56381387477473,56381391927452,56381392662288,56381392663473,56381420331031,56381421426146,56381421450609,3700991404,4.4500,0.7348,27.6676,1.0951,0.0245,33.9731,2
223,56381445209820,56381449627372,56381450641413,56381450642598,56381477999248,56381479107418,56381479131289,3700991404,4.4176,1.0140,27.3566,1.1082,0.0239,33.9215,2
224,56381505558379,56381509449930,56381510411989,56381510412859,56381537738305,56381538785920,56381538809790,3700991404,3.8916,0.9621,27.3254,1.0476,0.0239,33.2514,2
225,56381587669680,56381591900565,56381592911828,56381592914439,56381620270311,56381621399815,56381621426778,3326262483,4.2309,1.0113,27.3559,1.1295,0.0270,33.7571,3
226,56381641593532,56381645525638,56381646736328,56381646738124,56381673940792,56381675055795,56381675082407,3100301873,3.9321,1.2107,27.2027,1.1150,0.0266,33.4889,3
227,56381706755997,56381710241102,56381711017160,56381711021012,56381738853237,56381739845685,56381739869759,1722505427,3.4851,0.7761,27.8322,0.9924,0.0241,33.1138,2
228,56381793722055,56381797555698,56381798442034,56381798443053,56381826592909,56381827655913,56381827680728,486339269,3.8336,0.8863,28.1499,1.0630,0.0248,33.9587,2
229,56381842765002,56381847304091,56381847891075,56381847891871,56381875283613,56381876316191,56381876340506,486339269,4.5391,0.5870,27.3917,1.0326,0.0243,33.5755,2
230,56381934627169,56381939256241,56381940509541,56381940511023,56381971263351,56381972801875,56381972830245,3836194003,4.6291,1.2533,30.7523,1.5385,0.0284,38.2031,2
231,56381965573424,56381975892145,56381977760225,56381977761484,56382005594821,56382006619713,56382006643676,1433203181,10.3187,1.8681,27.8333,1.0249,0.0240,41.0703,2
232,56382034589606,56382038111747,56382039446622,56382039448548,56382066925254,56382067990850,56382068048480,3259667017,3.5221,1.3349,27.4767,1.0656,0.0576,33.4589,2
233,56382086006838,56382090418538,56382091400153,56382091401079,56382118688080,56382119715806,56382119740565,2707571082,4.4117,0.9816,27.2870,1.0277,0.0248,33.7337,2
234,56382152878290,56382158331864,56382158949737,56382158950626,56382186394850,56382187446576,56382187470650,1265708121,5.4536,0.6179,27.4442,1.0517,0.0241,34.5924,2
235,56382198149298,56382202592202,56382203569372,56382203571409,56382231044818,56382232061951,56382232086099,4046214810,4.4429,0.9772,27.4734,1.0171,0.0241,33.9368,2
236,56382306895894,56382311189520,56382312248264,56382312249727,56382342102700,56382344992951,56382345024562,1520272591,4.2936,1.0587,29.8530,2.8903,0.0316,38.1287,2
237,56382341833051,56382349154743,56382350124413,56382350125561,56382377449859,56382378500029,56382378524381,1681250802,7.3217,0.9697,27.3243,1.0502,0.0244,36.6913,2
238,56382387683005,56382392219576,56382392846874,56382392848449,56382420089709,56382421291954,56382421316824,3787058313,4.5366,0.6273,27.2413,1.2022,0.0249,33.6338,2
239,56382451265835,56382455787387,56382456420667,56382456421723,56382483950614,56382484990247,56382485014969,3787058313,4.5216,0.6333,27.5289,1.0396,0.0247,33.7491,2
240,56382520188331,56382524149752,56382525140348,56382525141589,56382552408145,56382553478112,56382553502427,2105919062,3.9614,0.9906,27.2666,1.0700,0.0243,33.3141,2
241,56382575509484,56382579453238,56382580328538,56382580330315,56382607791317,56382608793024,56382608816802,1678358640,3.9438,0.8753,27.4610,1.0017,0.0238,33.3073,2
242,56382649813814,56382654126810,56382654950924,56382654951979,56382682973446,56382684243339,56382684272710,695709243,4.3130,0.8241,28.0215,1.2699,0.0294,34.4589,2
243,56382690176619,56382695167247,56382696179177,56382696180603,56382723595364,56382724673164,56382724697849,695709243,4.9906,1.0119,27.4148,1.0778,0.0247,34.5212,2
244,56382747181556,56382751196662,56382751853201,56382751854238,56382780646726,56382781644804,56382781669359,2526157931,4.0151,0.6565,28.7925,0.9981,0.0246,34.4878,2
245,56382823602430,56382829352431,56382830220267,56382830221730,56382858077344,56382859478757,56382859592553,3372085944,5.7500,0.8678,27.8556,1.4014,0.1138,35.9901,2
246,56382873267415,56382878174432,56382878814657,56382878815768,56382906334399,56382907565052,56382907592274,1495125376,4.9070,0.6402,27.5186,1.2307,0.0272,34.3249,2
247,56382970732676,56382975811879,56382976607234,56382976608400,56383004359514,56383005915797,56383005945408,694679686,5.0792,0.7954,27.7511,1.5563,0.0296,35.2127,2
248,56383028920932,56383034761100,56383035440806,56383035442084,56383063257883,56383064606777,56383064635907,1170498987,5.8402,0.6797,27.8158,1.3489,0.0291,35.7150,2
249,56383076297150,56383081513854,56383082142059,56383082142985,56383109664191,56383111004529,56383111034066,2498288462,5.2167,0.6282,27.5212,1.3403,0.0295,34.7369,2
250,56383157181688,56383162578558,56383163206431,56383163207320,56383190920545,56383192348790,56383192379068,2498288462,5.3969,0.6279,27.7132,1.4282,0.0303,35.1974,2
251,56383220942277,56383226458148,56383227024632,56383227025984,56383255269155,56383256911753,56383256940790,3969707942,5.5159,0.5665,28.2432,1.6426,0.0290,35.9985,2
252,56383286433762,56383291938466,56383293195156,56383293196489,56383322464478,56383323961058,56383324087336,3969707942,5.5047,1.2567,29.2680,1.4966,0.1263,37.6536,2
253,56383323687464,56383328241850,56383328894389,56383328895260,56383356091038,56383357216005,56383357240654,3969707942,4.5544,0.6525,27.1958,1.1250,0.0246,33.5532,2
254,56383386411069,56383390487842,56383391160974,56383391162122,56383418389345,56383420368519,56383420395593,1373916078,4.0768,0.6731,27.2272,1.9792,0.0271,33.9845,2
255,56383445049696,56383449521063,56383450141288,56383450142140,56383477590012,56383478715071,56383478740219,1373916078,4.4714,0.6202,27.4479,1.1251,0.0251,33.6905,2
256,56383508373470,56383512267557,56383512937059,56383512937856,56383540319413,56383541383620,56383541408768,1373916078,3.8941,0.6695,27.3816,1.0642,0.0251,33.0353,2
257,56383550514355,56383555118260,56383555716984,56383555717910,56383583812988,56383584819547,56383584844344,1373916078,4.6039,0.5987,28.0951,1.0066,0.0248,34.3300,2
258,56383616105803,56383620523448,56383621396358,56383621397877,56383648637933,56383649751956,56383649776882,2365469931,4.4176,0.8729,27.2401,1.1140,0.0249,33.6711,2
259,56383675383062,56383679751263,56383680595691,56383680596914,56383708080341,56383709078271,56383709102993,2365469931,4.3682,0.8444,27.4834,0.9979,0.0247,33.7199,2
260,56383763107771,56383767411638,56383768101177,56383768102529,56383795567476,56383796584664,56383796609164,2365469931,4.3039,0.6895,27.4649,1.0172,0.0245,33.5014,2
261,56383825503949,56383830381558,56383831320506,56383831322969,56383858877101,56383860127883,56383860152513,2365469931,4.8776,0.9389,27.5541,1.2508,0.0246,34.6486,2
262,56383871467403,56383875733844,56383876492161,56383876493124,56383904112627,56383905251168,56383905276094,2365469931,4.2664,0.7583,27.6195,1.1385,0.0249,33.8087,2
263,56383925161347,56383929350028,56383930226068,56383930227920,56383958036497,56383959069797,56383959095038,2365469931,4.1887,0.8760,27.8086,1.0333,0.0252,33.9337,2
264,56383983020102,56383987554266,56383988260990,56383988262805,56384015771066,56384016782514,56384016806477,2365469931,4.5342,0.7067,27.5083,1.0114,0.0240,33.7864,2
265,56384052573322,56384056570281,56384057221413,56384057222227,56384084784193,56384085948382,56384085973882,2365469931,3.9970,0.6511,27.5620,1.1642,0.0255,33.4006,2
266,56384108438200,56384112593177,56384113406069,56384113406921,56384140791218,56384141805926,56384141830796,2365469931,4.1550,0.8129,27.3843,1.0147,0.0249,33.3926,2
267,56384171514120,56384176417804,56384177106566,56384177107640,56384204483993,56384205487959,56384205512497,2365469931,4.9037,0.6888,27.3764,1.0040,0.0245,33.9984,2
268,56384236877234,56384242943255,56384243420794,56384243421349,56384271647576,56384272731117,56384272756024,2365469931,6.0660,0.4775,28.2262,1.0835,0.0249,35.8788,2
269,56384300185878,56384303987669,56384306849771,56384306850993,56384334144939,56384335136091,56384335160720,2365469931,3.8018,2.8621,27.2939,0.9912,0.0246,34.9748,2
270,56384374433578,56384378972556,56384379623021,56384379623836,56384407501728,56384408622065,56384408646862,2234793635,4.5390,0.6505,27.8779,1.1203,0.0248,34.2133,2
271,56384422631706,56384426936332,56384427621964,56384427622779,56384455089985,56384456177933,56384456203618,138287224,4.3046,0.6856,27.4672,1.0879,0.0257,33.5719,2
272,56384484258789,56384488506692,56384489377917,56384489379028,56384517117920,56384517846960,56384517872830,3923692279,4.2479,0.8712,27.7389,0.7290,0.0259,33.6140,0
273,56384567325056,56384571946886,56384572641907,56384572642944,56384600194724,56384600862301,56384600884801,3923692279,4.6218,0.6950,27.5518,0.6676,0.0225,33.5597,0
274,56384632944041,56384637360426,56384638326948,56384638328744,56384665671394,56384666671527,56384666696527,2639785273,4.4164,0.9665,27.3426,1.0001,0.0250,33.7525,2
275,56384699585474,56384703679914,56384704988140,56384704989548,56384732881607,56384734037129,56384734062611,926787398,4.0944,1.3082,27.8921,1.1555,0.0255,34.4771,2
276,56384742658603,56384747276582,56384747949807,56384747950788,56384775417160,56384776497757,56384776522220,956068609,4.6180,0.6732,27.4664,1.0806,0.0245,33.8636,2
277,56384791705253,56384795845527,56384797177902,56384797179291,56384825252554,56384826350595,56384826376595,2032926034,4.1403,1.3324,28.0733,1.0980,0.0260,34.6713,2
278,56384882176602,56384886496339,56384887732436,56384887733917,56384915495624,56384916682480,56384916777647,238087655,4.3197,1.2361,27.7617,1.1869,0.0952,34.6010,2
279,56384920770734,56384925152379,56384926123290,56384926124882,56384953412384,56384954408998,56384954433239,238087655,4.3816,0.9709,27.2875,0.9966,0.0242,33.6625,2
280,56384993876319,56384998598335,56384999325319,56384999326542,56385027100415,56385028075381,56385028105122,3222126138,4.7220,0.7270,27.7739,0.9750,0.0297,34.2288,2
281,56385036732874,56385040947666,56385041847799,56385041849280,56385069128634,56385070101026,56385070125100,191327722,4.2148,0.9001,27.2794,0.9724,0.0241,33.3922,2
282,56385103540381,56385107623747,56385109827366,56385109828885,56385137208979,56385138313075,56385138338075,3141816786,4.0834,2.2036,27.3801,1.1041,0.0250,34.7977,2
283,56385164653721,56385170185888,56385170967465,56385170968650,56385198872913,56385199916509,56385199941028,837406031,5.5322,0.7816,27.9043,1.0436,0.0245,35.2873,2
284,56385228886516,56385233022901,56385234290202,56385234291702,56385262041538,56385263221468,56385263254505,755119912,4.1364,1.2673,27.7498,1.1799,0.0330,34.3680,2
285,56385290464802,56385295093633,56385296116711,56385296118099,56385323698861,56385324897735,56385324922643,1769108638,4.6288,1.0231,27.5808,1.1989,0.0249,34.4578,2
286,56385366068655,56385370730597,56385371817323,56385371819508,56385399756086,56385400798145,56385400823311,1969004718,4.6619,1.0867,27.9366,1.0421,0.0252,34.7547,2
287,56385414259543,56385418635539,56385419863266,56385419864358,56385447100026,56385448132400,56385448157289,3027106317,4.3760,1.2277,27.2357,1.0324,0.0249,33.8977,2
288,56385481038032,56385485954197,56385486969367,56385486971163,56385514043571,56385514905741,56385514927741,2900904453,4.9162,1.0152,27.0724,0.8622,0.0220,33.8897,1
289,56385568049664,56385572656347,56385573919759,56385573921129,56385601534187,56385602581783,56385602606394,375658635,4.6067,1.2634,27.6131,1.0476,0.0246,34.5567,2
290,56385608591396,56385612736670,56385613819044,56385613820396,56385641458306,56385642511495,56385642536143,3576404319,4.1453,1.0824,27.6379,1.0532,0.0246,33.9447,2
291,56385662252192,56385666490614,56385667190616,56385667191561,56385695414565,56385696882626,56385696910589,1885295858,4.2384,0.7000,28.2230,1.4681,0.0280,34.6584,2
292,56385717135511,56385721183802,56385721864990,56385721866101,56385749488640,56385750496847,56385750521792,3347802195,4.0483,0.6812,27.6225,1.0082,0.0249,33.3863,2
293,56385791596174,56385796149968,56385796811118,56385796812007,56385824239897,56385825333364,56385825359179,2285547469,4.5538,0.6612,27.4279,1.0935,0.0258,33.7630,2
294,56385879018104,56385884148918,56385885169200,56385885172922,56385914651468,56385915670805,56385915695749,3025690545,5.1308,1.0203,29.4785,1.0193,0.0249,36.6776,2
295,56385908517021,56385919209613,56385919693318,56385919694207,56385947364340,56385948592714,56385948617918,3025690545,10.6926,0.4837,27.6701,1.2284,0.0252,40.1009,2
296,56385977664036,56385982507479,56385983189222,56385983190092,56386011487819,56386013132751,56386013164084,3409160549,4.8434,0.6817,28.2977,1.6449,0.0313,35.5000,2
297,56386025545238,56386029398788,56386030419940,56386030422255,56386059205595,56386060231820,56386060255987,427693733,3.8535,1.0212,28.7833,1.0262,0.0242,34.7107,2
298,56386096760520,56386101315239,56386102223909,56386102225113,56386129482503,56386130481858,56386130506358,4224874967,4.5547,0.9087,27.2574,0.9994,0.0245,33.7458,2
299,56386182279037,56386186294106,56386187436054,56386187438462,56386215601799,56386217001674,56386217026619,1446181737,4.0151,1.1419,28.1633,1.3999,0.0249,34.7476,2
300,56386227464396,56386231960967,56386232923803,56386232924951,56386260214471,56386261587902,56386261612421,958003789,4.4966,0.9628,27.2895,1.3734,0.0245,34.1480,2
301,56386278131755,56386282977364,56386283908053,56386283909738,56386311324110,56386312349799,56386312374521,2765521354,4.8456,0.9307,27.4144,1.0257,0.0247,34.2428,2
302,56386346205452,56386350446985,56386351428489,56386351431044,56386378678805,56386379881327,56386379905531,2065050875,4.2415,0.9815,27.2478,1.2025,0.0242,33.7001,2
303,56386406699457,56386411317510,56386411926752,56386411927567,56386439800422,56386440772259,56386440798278,3919939559,4.6181,0.6092,27.8729,0.9718,0.0260,34.0988,2
304,56386495214391,56386500477390,56386501172652,56386501173578,56386528872877,56386529820732,56386529844510,1633510816,5.2630,0.6953,27.6993,0.9479,0.0238,34.6301,2
305,56386538267687,56386542596665,56386543303019,56386543304167,56386571003300,56386571934488,56386571959173,137613000,4.3290,0.7064,27.6991,0.9312,0.0247,33.6915,2
306,56386596032756,56386600193715,56386601663368,56386601665776,56386629465853,56386630349152,56386630376171,2960990777,4.1610,1.4697,27.8001,0.8833,0.0270,34.3434,1
307,56386653889937,56386658703731,56386659303733,56386659304418,56386686940198,56386687883461,56386687907868,1409904863,4.8138,0.6000,27.6358,0.9433,0.0244,34.0179,2
308,56386709663166,56386714085422,56386714900665,56386714902072,56386742455297,56386743387189,56386743411059,3173821824,4.4223,0.8152,27.5532,0.9319,0.0239,33.7479,2
309,56386772714605,56386777255565,56386778193346,56386778194864,56386805573477,56386806601925,56386806627407,2547097513,4.5410,0.9378,27.3786,1.0284,0.0255,33.9128,2
310,56386859854016,56386864515272,56386865373905,56386865374868,56386892767851,56386893715095,56386893740373,691549830,4.6613,0.8586,27.3930,0.9472,0.0253,33.8864,2
311,56386906853992,56386910882525,56386911538675,56386911539545,56386939416641,56386940505089,56386940529497,2826062169,4.0285,0.6562,27.8771,1.0884,0.0244,33.6755,2
312,56386968189148,56386971729012,56386972788589,56386972789719,56387000245888,56387001177131,56387001201909,1856848929,3.5399,1.0596,27.4562,0.9312,0.0248,33.0128,2
313,56387027593908,56387031933571,56387033008222,56387033009778,56387060385631,56387061279783,56387061303838,392167402,4.3397,1.0747,27.3759,0.8942,0.0241,33.7099,2
314,56387110937065,56387114714281,56387115557340,56387115558710,56387143467658,56387144615292,56387144641458,1651285046,3.7772,0.8431,27.9089,1.1476,0.0262,33.7044,2
315,56387173390650,56387178415815,56387179261170,56387179262781,56387209377829,56387210361277,56387210386296,1539398656,5.0252,0.8454,30.1150,0.9834,0.0250,36.9956,2
316,56387202609824,56387214529051,56387215073071,56387215073904,56387242550554,56387243492002,56387243516891,1831947105,11.9192,0.5440,27.4766,0.9414,0.0249,40.9071,2
317,56387267756437,56387272187860,56387273172419,56387273173845,56387300553069,56387301557517,56387301581869,354969620,4.4314,0.9846,27.3792,1.0044,0.0244,33.8254,2
318,56387344151015,56387349157106,56387349920054,56387349921368,56387377179962,56387378072021,56387378095687,1277235601,5.0061,0.7629,27.2586,0.8921,0.0237,33.9447,2
319,56387410961115,56387416059077,56387416754598,56387416755487,56387444032729,56387445039584,56387445063085,1277235601,5.0980,0.6955,27.2772,1.0069,0.0235,34.1020,2
320,56387448686912,56387452868130,56387453543188,56387453544151,56387481082634,56387482107045,56387482131194,1277235601,4.1812,0.6751,27.5385,1.0244,0.0241,33.4443,2
321,56387506746593,56387511089219,56387511814240,56387511815462,56387539263557,56387540168264,56387540192134,3136304064,4.3426,0.7250,27.4481,0.9047,0.0239,33.4455,2
322,56387591925460,56387596441383,56387597164182,56387597165386,56387624934148,56387625846244,56387625871466,3136304064,4.5159,0.7228,27.7688,0.9121,0.0252,33.9460,2
323,56387635518110,56387639908903,56387641083629,56387641085000,56387668762947,56387669726561,56387669750895,2827986778,4.3908,1.1747,27.6779,0.9636,0.0243,34.2328,2
324,56387691598748,56387696149708,56387697057285,56387697058859,56387724503824,56387725494160,56387725517883,2827986778,4.5510,0.9076,27.4450,0.9903,0.0237,33.9191,2
325,56387756601360,56387761477581,56387762186953,56387762188046,56387789331473,56387790271772,56387790297180,2827986778,4.8762,0.7094,27.1434,0.9403,0.0254,33.6958,2
326,56387821587899,56387826187692,56387827361604,56387827363344,56387854970976,56387855870461,56387855894665,2827986778,4.5998,1.1739,27.6076,0.8995,0.0242,34.3068,2
327,56387887070642,56387891244972,56387892265419,56387892268382,56387920199849,56387921141611,56387921166463,3319025710,4.1743,1.0204,27.9315,0.9418,0.0249,34.0958,2
328,56387940951698,56387945508732,56387946398772,56387946400439,56387974105294,56387975048649,56387975074445,2191722785,4.5570,0.8900,27.7049,0.9434,0.0258,34.1227,2
329,56388006363627,56388011149754,56388012075850,56388012077202,56388039371611,56388040290281,56388040314892,2318964203,4.7861,0.9261,27.2944,0.9187,0.0246,33.9513,2
330,56388076504924,56388081113810,56388082260907,56388082262221,56388109864761,56388110812023,56388110837135,3347496798,4.6089,1.1471,27.6025,0.9473,0.0251,34.3322,2
331,56388130499128,56388134991384,56388136044055,56388136045425,56388163377000,56388164290355,56388164315022,2862024189,4.4923,1.0527,27.3316,0.9134,0.0247,33.8159,2
332,56388213417117,56388218283467,56388219172896,56388219174285,56388246699621,56388247649642,56388247674420,2431456910,4.8663,0.8894,27.5253,0.9500,0.0248,34.2573,2
333,56388261110448,56388265193166,56388265962853,56388265963724,56388293182077,56388294080284,56388294104876,3181899311,4.0827,0.7697,27.2184,0.8982,0.0246,32.9944,2
334,56388333480827,56388340791685,56388341752614,56388341754466,56388370227953,56388371440494,56388371472920,2094182583,7.3109,0.9609,28.4735,1.2125,0.0324,37.9921,2
335,56388378163240,56388383168942,56388385863210,56388385864933,56388413786936,56388415066570,56388415096552,367609415,5.0057,2.6943,27.9220,1.2796,0.0300,36.9333,2
336,56388440417009,56388446719642,56388447290514,56388447291681,56388475008036,56388475897891,56388475921761,2396935151,6.3026,0.5709,27.7164,0.8899,0.0239,35.5048,2
337,56388518943205,56388523231572,56388523971704,56388523972797,56388553086490,56388554050752,56388554075826,1956524792,4.2884,0.7401,29.1137,0.9643,0.0251,35.1326,2
338,56388573035929,56388579326117,56388579882748,56388579883471,56388607601196,56388608527680,56388608551958,3954830352,6.2902,0.5566,27.7177,0.9265,0.0243,35.5160,2
339,56388659963154,56388663856204,56388665351950,56388665353709,56388693099527,56388694064641,56388694094919,1835450256,3.8931,1.4957,27.7458,0.9651,0.0303,34.1318,2
340,56388712251537,56388716556848,56388717459389,56388717460389,56388745114336,56388746061450,56388746086487,1870215658,4.3053,0.9025,27.6539,0.9471,0.0250,33.8349,2
341,56388756351374,56388762581118,56388763265268,56388763266176,56388790262509,56388791168827,56388791193235,2337265223,6.2297,0.6842,26.9963,0.9063,0.0244,34.8419,2
342,56388833826937,56388838367305,56388839317919,56388839319919,56388867100866,56388868275278,56388868301778,3579755065,4.5404,0.9506,27.7809,1.1744,0.0265,34.4748,2
343,56388884713723,56388889349832,56388890621577,56388890624003,56388917925301,56388918789211,56388918811081,1058879276,4.6361,1.2717,27.3013,0.8639,0.0219,34.0974,1
344,56388965446538,56388969413311,56388970489852,56388970492074,56388997861761,56388999325858,56388999348636,3254693871,3.9668,1.0765,27.3697,1.4641,0.0228,33.9021,1
345,56389029416258,56389034877296,56389036166874,56389036168133,56389066219904,56389067236314,56389067261703,663572639,5.4610,1.2896,30.0518,1.0164,0.0254,37.8454,2
346,56389061712388,56389070687456,56389071260736,56389071261736,56389098696478,56389099783093,56389099807278,390603877,8.9751,0.5733,27.4347,1.0866,0.0242,38.0949,2
347,56389134146656,56389137734983,56389138683801,56389138685005,56389166194748,56389167173992,56389167198825,2478206049,3.5883,0.9488,27.5097,0.9792,0.0248,33.0522,2
348,56389184714089,56389189291105,56389190274238,56389190275367,56389217681758,56389218571872,56389218595761,1422375808,4.5770,0.9831,27.4064,0.8901,0.0239,33.8817,2
349,56389271347183,56389276168274,56389277641224,56389277643205,56389305534505,56389306517619,56389306541916,3627203760,4.8211,1.4729,27.8913,0.9831,0.0243,35.1947,1
350,56389319783961,56389324975646,56389325746445,56389325747371,56389353014390,56389353998264,56389354020431,2332836412,5.1917,0.7708,27.2670,0.9839,0.0222,34.2365,1
351,56389375987081,56389380074484,56389380837727,56389380838764,56389408181932,56389409179676,56389409205732,1029481837,4.0874,0.7632,27.3432,0.9977,0.0261,33.2187,1
352,56389427852018,56389432573127,56389433316296,56389433317630,56389460516594,56389461385430,56389461408060,1153674051,4.7211,0.7432,27.1990,0.8688,0.0226,33.5560,1
353,56389502294163,56389507304495,56389507969387,56389507970072,56389535907335,56389536877708,56389536900042,3135835554,5.0103,0.6649,27.9373,0.9704,0.0223,34.6059,1
354,56389547759431,56389552541077,56389553078523,56389553079523,56389580298506,56389581166342,56389581188046,1989209440,4.7816,0.5374,27.2190,0.8678,0.0217,33.4286,1
355,56389654033130,56389659257315,56389660216411,56389660218337,56389689125288,56389690100569,56389690126162,4225048938,5.2242,0.9591,28.9070,0.9753,0.0256,36.0930,1
356,56389684817051,56389693229469,56389694376047,56389694377510,56389721832141,56389722700496,56389722722737,4225048938,8.4124,1.1466,27.4546,0.8684,0.0222,37.9057,1
357,56389768852840,56389773520541,56389774332026,56389774333489,56389802346603,56389803363829,56389803387274,3593426748,4.6677,0.8115,28.0131,1.0172,0.0234,34.5344,1
358,56389821958004,56389825875777,56389826848151,56389826849540,56389854635506,56389855698083,56389855720380,1182621799,3.9178,0.9724,27.7860,1.0626,0.0223,33.7624,1
359,56389871857676,56389875920042,56389877897215,56389877900271,56389905082346,56389905955442,56389905977886,1182621799,4.0624,1.9772,27.1821,0.8731,0.0224,34.1202,1
360,56389940168078,56389944758760,56389945668245,56389945669412,56389973094321,56389974001750,56389974024546,4108600908,4.5907,0.9095,27.4249,0.9074,0.0228,33.8565,1
361,56389983801580,56389987859853,56389988665856,56389988666763,56390015953079,56390016829619,56390016851971,738181550,4.0583,0.8060,27.2863,0.8765,0.0224,33.0504,1
362,56390073580130,56390077914404,56390079378575,56390079380205,56390108614954,56390109544031,56390109566865,2508051852,4.3343,1.4642,29.2347,0.9291,0.0228,35.9867,1
363,56390103856456,56390112898469,56390113492785,56390113493822,56390140762676,56390141644475,56390141666494,2173776694,9.0420,0.5943,27.2689,0.8818,0.0220,37.8100,1
364,56390193214041,56390197752890,56390198543412,56390198544819,56390226183044,56390227120065,56390227143010,2379120463,4.5388,0.7905,27.6382,0.9370,0.0229,33.9290,1
365,56390234182053,56390238858884,56390239467238,56390239468626,56390267375278,56390268408022,56390268430634,3386401857,4.6768,0.6084,27.9067,1.0327,0.0226,34.2486,1
366,56390287805182,56390292986403,56390293635480,56390293636813,56390320619887,56390321530946,56390321554316,1566281873,5.1812,0.6491,26.9831,0.9111,0.0234,33.7491,1
367,56390366613212,56390372052620,56390372760067,56390372761030,56390400132679,56390401203868,56390401229165,2060663117,5.4394,0.7074,27.3716,1.0712,0.0253,34.6160,1
368,56390408678413,56390412094165,56390413728078,56390413730504,56390441212562,56390442101398,56390442123861,2265156846,3.4158,1.6339,27.4821,0.8888,0.0225,33.4454,1
369,56390474408139,56390478373930,56390479687157,56390479690379,56390507047807,56390507912680,56390507934921,26883838,3.9658,1.3132,27.3574,0.8649,0.0222,33.5268,1
370,56390550233066,56390554053857,56390555320473,56390555321788,56390582960660,56390584255535,56390584278609,1562149894,3.8208,1.2666,27.6389,1.2949,0.0231,34.0455,1
371,56390594787849,56390598457621,56390600070719,56390600072645,56390628210483,56390629099708,56390629122727,2130605191,3.6698,1.6131,28.1378,0.8892,0.0230,34.3349,1
372,56390662805769,56390667386914,56390668387695,56390668389214,56390695773419,56390696690867,56390696714367,3138877870,4.5811,1.0008,27.3842,0.9174,0.0235,33.9086,1
373,56390732965880,56390736922209,56390738198769,56390738200454,56390765733456,56390766686904,56390766713052,1616512489,3.9563,1.2766,27.5330,0.9534,0.0261,33.7472,2
374,56390781730956,56390787198660,56390787889329,56390787890347,56390815212664,56390816139593,56390816162611,3366772803,5.4677,0.6907,27.3223,0.9269,0.0230,34.4317,1
375,56390844468801,56390848646408,56390849502708,56390849504967,56390876841283,56390877704471,56390877726712,3672506219,4.1776,0.8563,27.3363,0.8632,0.0222,33.2579,1
376,56390939220146,56390944185441,56390945088703,56390945091166,56390972668187,56390973612598,56390973635450,1696360991,4.9653,0.9033,27.5770,0.9444,0.0229,34.4153,1
377,56390986094789,56390990572786,56390991052621,56390991053269,56391019179940,56391020139999,56391020162758,397030461,4.4780,0.4798,28.1267,0.9601,0.0228,34.0680,1
378,56391030916276,56391035352329,56391036422962,56391036424555,56391063714000,56391064590855,56391064612818,1858150867,4.4361,1.0706,27.2894,0.8769,0.0220,33.6965,1
379,56391128602057,56391133944335,56391135765989,56391135767711,56391163731141,56391164677404,56391164700644,2840649291,5.3423,1.8217,27.9634,0.9463,0.0232,36.0986,1
380,56391157933917,56391168269509,56391168892474,56391168893659,56391196742273,56391197768054,56391197793721,429776135,10.3356,0.6230,27.8486,1.0258,0.0257,39.8598,2
381,56391222979215,56391226659580,56391227842991,56391227845010,56391255511142,56391256423182,56391256446201,3064442697,3.6804,1.1834,27.6661,0.9120,0.0230,33.4670,1
382,56391281652677,56391285222318,56391286488786,56391286489990,56391313899954,56391314794087,56391314818235,1455995483,3.5696,1.2665,27.4100,0.8941,0.0241,33.1656,2
383,56391357844828,56391361680619,56391362764252,56391362765474,56391390074661,56391391176239,56391391198646,3786191638,3.8358,1.0836,27.3092,1.1016,0.0224,33.3538,1
384,56391403390855,56391408112927,56391408789836,56391408791040,56391435880356,56391436889322,56391436913526,2835032388,4.7221,0.6769,27.0893,1.0090,0.0242,33.5227,2
385,56391466489461,56391469822472,56391471103292,56391471104551,56391498637572,56391499533593,56391499558075,1664705959,3.3330,1.2808,27.5330,0.8960,0.0245,33.0686,2
386,56391564056908,56391567601957,56391568737220,56391568740443,56391596884021,56391597852358,56391597875469,4043935793,3.5450,1.1353,28.1436,0.9683,0.0231,33.8186,1
387,56391617391499,56391621329624,56391622443924,56391622445720,56391650039093,56391650953263,56391650976300,886329469,3.9381,1.1143,27.5934,0.9142,0.0230,33.5848,1
388,56391654215848,56391658089324,56391659246161,56391659247661,56391686802497,56391687718037,56391687740297,2960059160,3.8735,1.1568,27.5548,0.9155,0.0223,33.5244,1
389,56391745330291,56391750021937,56391750656643,56391750657772,56391778096182,56391779054481,56391779080148,2227429566,4.6916,0.6347,27.4384,0.9583,0.0257,33.7499,2
390,56391798878790,56391803542714,56391804764959,56391804766274,56391832263220,56391833175631,56391833198705,951524905,4.6639,1.2222,27.4969,0.9124,0.0231,34.3199,1
391,56391839430597,56391843364943,56391844111242,56391844112242,56391871647578,56391872549933,56391872572285,1049134645,3.9343,0.7463,27.5353,0.9024,0.0224,33.1417,1
392,56391907266275,56391911193751,56391912074958,56391912076421,56391939487645,56391940376518,56391940398740,1049134645,3.9275,0.8812,27.4112,0.8889,0.0222,33.1325,1
393,56391981626364,56391985328599,56391986254454,56391986256047,56392013713400,56392014665144,56392014688496,2139009416,3.7022,0.9259,27.4574,0.9517,0.0234,33.0621,1
394,56392020845258,56392024764975,56392025804035,56392025805257,56392053159258,56392054022835,56392054044632,4057760937,3.9197,1.0391,27.3540,0.8636,0.0218,33.1994,1
395,56392100557292,56392105209530,56392106159626,56392106160663,56392133840147,56392134773058,56392134795836,307400329,4.6522,0.9501,27.6795,0.9329,0.0228,34.2385,1
396,56392146942877,56392151108707,56392151781227,56392151782079,56392179636323,56392180565012,56392180588030,307400329,4.1658,0.6725,27.8542,0.9287,0.0230,33.6452,1
397,56392209726112,56392214032849,56392215002964,56392215004056,56392242143113,56392243012801,56392243035412,307400329,4.3067,0.9701,27.1391,0.8697,0.0226,33.3093,1
398,56392273891833,56392278099162,56392279098777,56392279099925,56392306509908,56392307440597,56392307464486,2243075174,4.2073,0.9996,27.4100,0.9307,0.0239,33.5727,1
399,56392333399834,56392337640997,56392338750149,56392338751501,56392365968983,56392366866838,56392366889468,2243075174,4.2412,1.1092,27.2175,0.8979,0.0226,33.4896,1
400,56392394649952,56392399645266,56392400178916,56392400179694,56392427610677,56392428489902,56392428511643,2243075174,4.9953,0.5336,27.4310,0.8792,0.0217,33.8617,1
401,56392485607654,56392489957651,56392491440341,56392491442212,56392518939269,56392522885783,56392522934172,2733394083,4.3500,1.4827,27.4971,3.9465,0.0484,37.3265,1
402,56392520958924,56392526617333,56392527292279,56392527293187,56392554332632,56392555211172,56392555233487,2733394083,5.6584,0.6749,27.0394,0.8785,0.0223,34.2746,1
403,56392594966124,56392599807566,56392600858755,56392600860885,56392628807777,56392629888133,56392629911503,642459459,4.8414,1.0512,27.9469,1.0804,0.0234,34.9454,1
404,56392644201812,56392648494586,56392649585608,56392649588200,56392677553149,56392678490707,56392678513411,4202541773,4.2928,1.0910,27.9649,0.9376,0.0227,34.3116,1
405,56392706415433,56392710838615,56392711952971,56392711954230,56392739434158,56392740316309,56392740338920,864301373,4.4232,1.1144,27.4799,0.8822,0.0226,33.9235,1
406,56392801829391,56392806488463,56392806978650,56392806979335,56392834538671,56392835815842,56392835838379,458566075,4.6591,0.4902,27.5593,1.2772,0.0225,34.0090,1
407,56392845611857,56392850463077,56392851399099,56392851400192,56392878872805,56392879752604,56392879774697,2469863463,4.8512,0.9360,27.4726,0.8798,0.0221,34.1628,1
408,56392910288209,56392915184374,56392916193378,56392916194637,56392943395842,56392944277937,56392944299882,188543296,4.8962,1.0090,27.2012,0.8821,0.0219,34.0117,1
409,56392986786769,56392991291044,56392992134380,56392992135917,56393019804420,56393020819905,56393020843238,4059726170,4.5043,0.8433,27.6685,1.0155,0.0233,34.0565,1
410,56393034283469,56393038965782,56393039685469,56393039686636,56393067598103,56393068579643,56393068602699,638337973,4.6823,0.7197,27.9115,0.9815,0.0231,34.3192,1
411,56393084182975,56393088622027,56393089505030,56393089506289,56393116868254,56393117732886,56393117754646,2448412672,4.4391,0.8830,27.3620,0.8646,0.0218,33.5717,1
412,56393183014333,56393187234515,56393188147092,56393188149203,56393215701872,56393216647968,56393216670153,3276726254,4.2202,0.9126,27.5527,0.9461,0.0222,33.6558,1
413,56393222866230,56393227365597,56393228257785,56393228259174,56393255711047,56393256638568,56393256661717,1509199630,4.4994,0.8922,27.4519,0.9275,0.0231,33.7955,1
414,56393282810640,56393286957747,56393287713212,56393287714249,56393314943899,56393315858254,56393315880772,2722749599,4.1471,0.7555,27.2296,0.9144,0.0225,33.0701,1
415,56393342803143,56393347462937,56393348399736,56393348401162,56393375697571,56393376633833,56393376657037,1672485666,4.6598,0.9368,27.2964,0.9363,0.0232,33.8539,1
416,56393404292188,56393408640351,56393409468465,56393409469483,56393437923155,56393439146567,56393439177086,833466051,4.3482,0.8281,28.4537,1.2234,0.0305,34.8849,1
417,56393489928964,56393495553354,56393496188967,56393496190152,56393523931081,56393525006826,56393525030900,37832093,5.6244,0.6356,27.7409,1.0757,0.0241,35.1019,1
418,56393544402874,56393548900297,56393549737985,56393549739466,56393577117524,56393578028230,56393578051527,2086804024,4.4974,0.8377,27.3781,0.9107,0.0233,33.6487,1
419,56393583818417,56393587875283,56393588671304,56393588672378,56393615820620,56393616707864,56393616729993,1610218713,4.0569,0.7960,27.1482,0.8872,0.0221,32.9116,1
420,56393674028617,56393678282965,56393680262323,56393680263545,56393707724288,56393708813644,56393708836162,891056266,4.2543,1.9794,27.4607,1.0894,0.0225,34.8075,1
421,56393710770521,56393714939572,56393715892687,56393715894168,56393743516374,56393744408044,56393744430952,202125040,4.1691,0.9531,27.6222,0.8917,0.0229,33.6604,1
422,56393775578522,56393779828185,56393780755169,56393780756188,56393807917929,56393808808358,56393808830636,202125040,4.2497,0.9270,27.1617,0.8904,0.0223,33.2521,1
423,56393844550852,56393848987219,56393849917556,56393849918815,56393877478391,56393878394709,56393878418191,2863264857,4.4364,0.9303,27.5596,0.9163,0.0235,33.8673,1
424,56393891878459,56393895850732,56393896692105,56393896693031,56393924079311,56393925009055,56393925031573,526703386,3.9723,0.8414,27.3863,0.9297,0.0225,33.1531,1
425,56393950459402,56393954558749,56393955474919,56393955476141,56393982982273,56393983843517,56393983865980,2178781747,4.0993,0.9162,27.5061,0.8612,0.0225,33.4066,1
426,56394030025250,56394034294894,56394035150027,56394035151304,56394062512676,56394063432531,56394063455402,138215805,4.2696,0.8551,27.3614,0.9199,0.0229,33.4302,1
427,56394079276030,56394083294248,56394084141862,56394084143232,56394111954791,56394112903794,56394112927535,4014661689,4.0182,0.8476,27.8116,0.9490,0.0237,33.6515,1
428,56394156791705,56394161324646,56394162457947,56394162459539,56394190030134,56394191018545,56394191042045,683239533,4.5329,1.1333,27.5706,0.9884,0.0235,34.2503,1
429,56394209120681,56394213814438,56394215168054,56394215169610,56394242434574,56394243297392,56394243319725,1132934833,4.6938,1.3536,27.2650,0.8628,0.0223,34.1990,1
430,56394295034662,56394299897290,56394300841238,56394300842423,56394328381148,56394329300984,56394329323595,3277552664,4.8626,0.9439,27.5387,0.9198,0.0226,34.2889,1
431,56394331999086,56394336293767,56394336987103,56394336988066,56394364300771,56394365175126,56394365197237,1418089330,4.2947,0.6933,27.3127,0.8744,0.0221,33.1982,1
432,56394398788371,56394403049275,56394404188020,56394404189946,56394431393039,56394432280653,56394432303135,2733201610,4.2609,1.1387,27.2031,0.8876,0.0225,33.5148,1
433,56394489784018,56394494090866,56394495166259,56394495168240,56394522406612,56394523331134,56394523353800,3855459969,4.3068,1.0754,27.2384,0.9245,0.0227,33.5698,1
434,56394535565731,56394539838987,56394541048695,56394541049843,56394568637975,56394569550719,56394569573941,2194684611,4.2733,1.2097,27.5881,0.9127,0.0232,34.0082,1
435,56394578665454,56394583527989,56394584349881,56394584351010,56394612103810,56394612978702,56394613001054,2194684611,4.8625,0.8219,27.7528,0.8749,0.0224,34.3356,1
436,56394645166405,56394649827273,56394650566183,56394650567238,56394678072111,56394679123226,56394679146911,3979861335,4.6609,0.7389,27.5049,1.0511,0.0237,33.9805,1
437,56394697598049,56394702929271,56394703515662,56394703516550,56394730917978,56394731841518,56394731863407,4236918421,5.3312,0.5864,27.4014,0.9235,0.0219,34.2654,1
438,56394760353783,56394764688372,56394765731376,56394765733191,56394793095655,56394794095029,56394794117862,4236918421,4.3346,1.0430,27.3625,0.9994,0.0228,33.7641,1
439,56394820964122,56394826208380,56394827087846,56394827088809,56394854799034,56394855702093,56394855724926,1801796158,5.2443,0.8795,27.7102,0.9031,0.0228,34.7608,1
440,56394911465822,56394916095116,56394917075601,56394917077119,56394945681958,56394946861759,56394946885574,2306602439,4.6293,0.9805,28.6048,1.1798,0.0238,35.4198,1
441,56394942477633,56394950760365,56394951522701,56394951524090,56394979206722,56394980116373,56394980140003,2306602439,8.2827,0.7623,27.6826,0.9097,0.0236,37.6624,1
442,56395010989869,56395014991105,56395015472995,56395015473606,56395043601925,56395044484132,56395044506077,1236588029,4.0012,0.4819,28.1283,0.8822,0.0219,33.5162,1
443,56395103961281,56395108301704,56395109695709,56395109697005,56395138028269,56395138923624,56395138946087,1573979865,4.3404,1.3940,28.3313,0.8954,0.0225,34.9848,1
444,56395148089285,56395151686983,56395153277914,56395153281155,56395180889917,56395181799586,56395181822698,2792945985,3.5977,1.5909,27.6088,0.9097,0.0231,33.7334,1
445,56395203271994,56395206878265,56395207989029,56395207990473,56395235558901,56395236483867,56395236506312,4255051795,3.6063,1.1108,27.5684,0.9250,0.0224,33.2343,1
446,56395256332343,56395262113363,56395263126755,56395263128978,56395291019296,56395292031466,56395292126837,994388149,5.7810,1.0134,27.8903,1.0122,0.0954,35.7945,1
447,56395318244890,56395322207885,56395322971665,56395322972869,56395350072666,56395350940780,56395350963447,4270835721,3.9630,0.7638,27.0998,0.8681,0.0227,32.7186,1
448,56395390828436,56395394893468,56395396114084,56395396115528,56395423642308,56395424533608,56395424556422,4270835721,4.0650,1.2206,27.5268,0.8913,0.0228,33.7280,1
449,56395456705848,56395461326308,56395461963496,56395461964255,56395489349979,56395490285186,56395490307686,4039225830,4.6205,0.6372,27.3857,0.9352,0.0225,33.6018,1
450,56395510551052,56395515280216,56395515960200,56395515961293,56395544098760,56395545033411,56395545057023,1490795780,4.7292,0.6800,28.1375,0.9347,0.0236,34.5060,1
451,56395563002807,56395567764990,56395568376640,56395568377473,56395595943142,56395596828942,56395596851145,4092876201,4.7622,0.6117,27.5657,0.8858,0.0222,33.8483,1
452,56395636438263,56395641125335,56395641827282,56395641828486,56395669920990,56395670937660,56395670967123,2946548711,4.6871,0.7019,28.0925,1.0167,0.0295,34.5289,1
453,56395691110600,56395695157336,56395696334303,56395696336340,56395723833268,56395724723382,56395724745901,2053137419,4.0467,1.1770,27.4969,0.8901,0.0225,33.6353,1
454,56395779701627,56395783827493,56395785635333,56395785636777,56395813481669,56395814367728,56395814390561,3936098733,4.1259,1.8078,27.8449,0.8861,0.0228,34.6889,1
455,56395820505582,56395824622763,56395825358099,56395825359358,56395852521304,56395853403381,56395853425918,3936098733,4.1172,0.7353,27.1619,0.8821,0.0225,32.9203,1
456,56395899014575,56395902943589,56395903998740,56395904144630,56395931844725,56395932782710,56395932806043,1339533213,3.9290,1.0552,27.7001,0.9380,0.0233,33.7915,1
457,56395938748342,56395942801541,56395943555266,56395943556432,56395970953415,56395971811733,56395971833956,3018517531,4.0532,0.7537,27.3970,0.8583,0.0222,33.0856,1
458,56396032551498,56396036454678,56396037560923,56396037562182,56396065419296,56396066301818,56396066324429,3344383104,3.9032,1.1062,27.8571,0.8825,0.0226,33.7729,1
459,56396086654592,56396090998347,56396091568201,56396091569664,56396119379816,56396120401449,56396120423338,2195330459,4.3438,0.5699,27.8102,1.0216,0.0219,33.7687,1
460,56396135082647,56396139124884,56396139753126,56396139753886,56396167942761,56396169231395,56396169255043,1372592700,4.0422,0.6282,28.1889,1.2886,0.0236,34.1724,1
461,56396186908863,56396191106970,56396191932936,56396191933806,56396219314345,56396220349589,56396220372015,2490137717,4.1981,0.8260,27.3805,1.0352,0.0224,33.4632,1
462,56396245061415,56396249345004,56396250080932,56396250081877,56396277311434,56396278174288,56396278196937,4070414646,4.2836,0.7359,27.2296,0.8629,0.0226,33.1355,1
463,56396327433625,56396333845517,56396334322408,56396334323389,56396362475245,56396363842324,56396363869028,1659634235,6.4119,0.4769,28.1519,1.3671,0.0267,36.4354,1
464,56396383325447,56396387312720,56396390845065,56396390846695,56396418497253,56396419412664,56396419437256,3652037441,3.9873,3.5323,27.6506,0.9154,0.0246,36.1118,1
465,56396433968418,56396439147806,56396439730900,56396439732067,56396467203551,56396468095850,56396468118554,2419544314,5.1794,0.5831,27.4715,0.8923,0.0227,34.1501,1
466,56396508490619,56396514659103,56396515470680,56396515471772,56396543440906,56396544361113,56396544383835,1846016313,6.1685,0.8116,27.9691,0.9202,0.0227,35.8932,1
467,56396557301435,56396561136633,56396562344471,56396562345786,56396590022863,56396590931940,56396590954310,2506748590,3.8352,1.2078,27.6771,0.9091,0.0224,33.6529,1
468,56396618872536,56396622968069,56396623694645,56396623695904,56396652910801,56396653778175,56396653800304,3909686470,4.0955,0.7266,29.2149,0.8674,0.0221,34.9278,1
469,56396706568690,56396710939742,56396712233691,56396712235709,56396739703545,56396740641918,56396740666863,2228416310,4.3711,1.2939,27.4678,0.9384,0.0249,34.0982,1
470,56396755116339,56396759791577,56396760356301,56396760357227,56396787705581,56396788663028,56396788686510,456227966,4.6752,0.5647,27.3484,0.9574,0.0235,33.5702,1
471,56396808716153,56396813516410,56396814322783,56396814323839,56396841356043,56396842220916,56396842243787,277955390,4.8003,0.8064,27.0322,0.8649,0.0229,33.5276,1
472,56396906770231,56396911212080,56396912374232,56396912375380,56396939753938,56396940716941,56396940739811,1928039954,4.4418,1.1622,27.3786,0.9630,0.0229,33.9696,1
473,56396946763869,56396950883346,56396951930813,56396951932702,56396979264129,56396980204207,56396980226947,1998556388,4.1195,1.0475,27.3314,0.9401,0.0227,33.4631,1
474,56397007715153,56397011791112,56397013085468,56397013086672,56397040584896,56397041541085,56397041564140,3760642251,4.0760,1.2944,27.4982,0.9562,0.0231,33.8490,1
475,56397082579133,56397086678055,56397087804429,56397087805466,56397116384583,56397117294494,56397117319234,945216587,4.0989,1.1264,28.5791,0.9099,0.0247,34.7401,1
476,56397127545825,56397131885525,56397133074326,56397133075529,56397160635810,56397161563979,56397161587665,759259784,4.3397,1.1888,27.5603,0.9282,0.0237,34.0418,1
477,56397178317111,56397182608941,56397183709074,56397183710167,56397210836260,56397211731949,56397211755134,2320816537,4.2918,1.1001,27.1261,0.8957,0.0232,33.4380,1
478,56397240356177,56397244677784,56397245672177,56397245673473,56397272915437,56397273796607,56397273818848,794743856,4.3216,0.9944,27.2420,0.8812,0.0222,33.4627,1
479,56397315282435,56397319669376,56397321070455,56397321071696,56397348712902,56397349642127,56397349665053,2993978891,4.3869,1.4011,27.6412,0.9292,0.0229,34.3826,1
480,56397359346327,56397363515508,56397364791513,56397364792920,56397392045347,56397392915610,56397392937462,2869043088,4.1692,1.2760,27.2524,0.8703,0.0219,33.5911,1
481,56397427840786,56397432059782,56397433219026,56397433220323,56397460555083,56397461475716,56397461498809,1584234606,4.2190,1.1592,27.3348,0.9206,0.0231,33.6580,1
482,56397489185071,56397494179644,56397494795609,56397494796701,56397522032203,56397522895391,56397522917872,660904378,4.9946,0.6160,27.2355,0.8632,0.0225,33.7328,1
483,56397581704186,56397585275550,56397586713111,56397586718481,56397618917666,56397619847521,56397619870169,3918297678,3.5714,1.4376,32.1992,0.9299,0.0226,38.1660,1
484,56397612236717,56397624172462,56397624687501,56397624688204,56397651771372,56397652716264,56397652738412,3918297678,11.9357,0.5150,27.0832,0.9449,0.0221,40.5017,1
485,56397671243846,56397675317490,56397675988511,56397675989344,56397703639939,56397704548461,56397704570387,663773634,4.0736,0.6710,27.6506,0.9085,0.0219,33.3265,1
486,56397738835505,56397743866726,56397745135490,56397745136860,56397772149787,56397773017697,56397773039771,1688301657,5.0312,1.2688,27.0129,0.8679,0.0221,34.2043,1
487,56397821905513,56397825798212,56397826956309,56397826958086,56397854619182,56397855541944,56397855569426,3343143900,3.8927,1.1581,27.6611,0.9228,0.0275,33.6639,1
488,56397865090718,56397871384665,56397871974556,56397871975742,56397900166968,56397901102434,56397901125101,2613079468,6.2939,0.5899,28.1912,0.9355,0.0227,36.0344,1
489,56397922563638,56397927218487,56397928139546,56397928140731,56397955367566,56397956251736,56397956274143,3067079062,4.6548,0.9211,27.2268,0.8842,0.0224,33.7105,1
490,56398008341267,56398012846968,56398014125676,56398014126916,56398041985457,56398042881367,56398042904608,207935995,4.5057,1.2787,27.8585,0.8959,0.0232,34.5633,1
491,56398048168312,56398052795698,56398054123147,56398054124925,56398081553741,56398082776931,56398082800542,207935995,4.6274,1.3274,27.4288,1.2232,0.0236,34.6322,1
492,56398111338900,56398115734007,56398116611047,56398116612214,56398143863938,56398144753589,56398144776644,2077443080,4.3951,0.8770,27.2517,0.8897,0.0231,33.4377,1
493,56398197622660,56398202545343,56398204434294,56398204436183,56398233672877,56398234802529,56398234826621,1450761529,4.9227,1.8890,29.2367,1.1297,0.0241,37.2040,1
494,56398226767131,56398238275411,56398238756894,56398238757746,56398266005729,56398266918232,56398266941417,1450761529,11.5083,0.4815,27.2480,0.9125,0.0232,40.1743,1
495,56398291271168,56398295344478,56398296615945,56398296618019,56398323922002,56398324811857,56398324834376,3298872595,4.0733,1.2715,27.3040,0.8899,0.0225,33.5632,1
496,56398358323380,56398362379487,56398363604046,56398363606806,56398391364253,56398392285404,56398392308090,2531848470,4.0561,1.2246,27.7574,0.9212,0.0227,33.9847,1
497,56398419937092,56398424579923,56398425368296,56398425369148,56398452940336,56398453876765,56398453899469,2531848470,4.6428,0.7884,27.5712,0.9364,0.0227,33.9624,1
498,56398503645381,56398507673358,56398509100362,56398509101807,56398537199996,56398538321352,56398538347685,2368712694,4.0280,1.4270,28.0982,1.1214,0.0263,34.7023,1
499,56398549974318,56398555222281,56398555998802,56398555999950,56398583989435,56398585134458,56398585161347,2133427253,5.2480,0.7765,27.9895,1.1450,0.0269,35.1870,1
500,56398597653445,56398602700759,56398603375872,56398603377280,56398631324635,56398632468584,56398632495065,3673311253,5.0473,0.6751,27.9474,1.1439,0.0265,34.8416,1
501,56398656572704,56398661777463,56398662419780,56398662420780,56398690010745,56398691070563,56398691096027,3920000722,5.2048,0.6423,27.5900,1.0598,0.0255,34.5233,1
502,56398734350657,56398739991602,56398740830865,56398740832013,56398768846276,56398770127151,56398770153762,1012751799,5.6409,0.8393,28.0143,1.2809,0.0266,35.8031,1
503,56398779937314,56398784889702,56398785800149,56398785801371,56398813189688,56398814302896,56398814330007,796671148,4.9524,0.9104,27.3883,1.1132,0.0271,34.3927,1
504,56398860718018,56398866004925,56398866738150,56398866739984,56398894188060,56398895211156,56398895236100,109489257,5.2869,0.7332,27.4481,1.0231,0.0249,34.5181,1
505,56398928044010,56398933052582,56398934070716,56398934072716,56398962125090,56398963479224,56398963525132,458934397,5.0086,1.0181,28.0524,1.3541,0.0459,35.4811,1
506,56398970451711,56398976332935,56398977066642,56398977067845,56399005397221,56399007331672,56399007362487,656729757,5.8812,0.7337,28.3294,1.9345,0.0308,36.9108,1
507,56399027758687,56399031541885,56399032950964,56399032952316,56399060511077,56399061383451,56399061404988,4261532805,3.7832,1.4091,27.5588,0.8724,0.0215,33.6463,1
508,56399099143581,56399103142094,56399104411043,56399104414765,56399131547415,56399132434640,56399132456677,2338209027,3.9985,1.2689,27.1327,0.8872,0.0220,33.3131,1
509,56399186307844,56399189695133,56399190715970,56399190717748,56399219066253,56399220068627,56399220090775,1534771627,3.3873,1.0208,28.3485,1.0024,0.0221,33.7829,1
510,56399246308514,56399250701770,56399251878125,56399251881162,56399279628499,56399280560891,56399280583298,1306744557,4.3933,1.1764,27.7473,0.9324,0.0224,34.2748,1
511,56399290970242,56399294694514,56399295645924,56399295647517,56399323776040,56399324808284,56399324831340,1306744557,3.7243,0.9514,28.1285,1.0322,0.0231,33.8611,1
512,56399343516237,56399347577492,56399349404424,56399349407443,56399376867556,56399377734726,56399377757059,2288575729,4.0613,1.8269,27.4601,0.8672,0.0223,34.2408,1
513,56399435834519,56399439512587,56399440275645,56399440278626,56399468816595,56399469728672,56399469756191,3671657409,3.6781,0.7631,28.5380,0.9121,0.0275,33.9217,1
514,56399495871707,56399499492516,56399500397797,56399500399093,56399529855176,56399531817738,56399531847275,3671657409,3.6208,0.9053,29.4561,1.9626,0.0295,35.9756,1
515,56399527919002,56399535536936,56399536215438,56399536216735,56399564134238,56399565085427,56399565108705,3671657409,7.6179,0.6785,27.9175,0.9512,0.0233,37.1897,1
516,56399584085418,56399588680953,56399589761586,56399589762660,56399617123051,56399618152202,56399618175739,3671657409,4.5955,1.0806,27.3604,1.0292,0.0235,34.0903,1
517,56399646175706,56399650822833,56399651809059,56399651810059,56399679394321,56399680289027,56399680311453,2976740040,4.6471,0.9862,27.5843,0.8947,0.0224,34.1357,1
518,56399738081319,56399743570042,56399744745157,56399744746564,56399774275314,56399775475393,56399775522837,2976740040,5.4887,1.1751,29.5287,1.2001,0.0474,37.4415,1
519,56399770958784,56399779816722,56399780348706,56399780349428,56399807505614,56399808551525,56399808574636,2976740040,8.8579,0.5320,27.1562,1.0459,0.0231,37.6159,1
520,56399830512471,56399835007672,56399835629729,56399835630433,56399863243602,56399864130902,56399864153143,2976740040,4.4952,0.6221,27.6132,0.8873,0.0222,33.6407,1
521,56399911074304,56399915332652,56399915997377,56399915998192,56399943700120,56399944646383,56399944669698,2976740040,4.2583,0.6647,27.7019,0.9463,0.0233,33.5954,1
522,56399954238231,56399957632317,56399958948173,56399958949914,56399986682843,56399987559901,56399987582253,2976740040,3.3941,1.3159,27.7329,0.8771,0.0224,33.3440,1
523,56400019137788,56400023472395,56400024377047,56400024380047,56400051769604,56400052710015,56400052733144,2976740040,4.3346,0.9047,27.3896,0.9404,0.0231,33.5954,1
524,56400084455957,56400087995544,56400088789306,56400088790287,56400116217733,56400117095625,56400117118014,2976740040,3.5396,0.7938,27.4274,0.8779,0.0224,32.6621,1
525,56400154210679,56400158701158,56400159398419,56400159399364,56400187333423,56400188363260,56400188385575,2976740040,4.4905,0.6973,27.9341,1.0298,0.0223,34.1749,1
526,56400208079068,56400212284268,56400213219271,56400213222142,56400240843163,56400242034260,56400242056963,2976740040,4.2052,0.9350,27.6210,1.1911,0.0227,33.9779,1
527,56400267108865,56400271731936,56400272634217,56400272637087,56400300456331,56400301566502,56400301593817,3815835071,4.6231,0.9023,27.8192,1.1102,0.0273,34.4850,1
528,56400332891406,56400339259002,56400339905801,56400339907152,56400367849823,56400368794770,56400368822104,165269801,6.3676,0.6468,27.9427,0.9449,0.0273,35.9307,1
529,56400390951069,56400395109454,56400395908864,56400395909771,56400423256162,56400424205480,56400424228332,1935315386,4.1584,0.7994,27.3464,0.9493,0.0229,33.2773,1
530,56400453324043,56400457602910,56400458502765,56400458504506,56400485967082,56400486840918,56400486863418,1935315386,4.2789,0.8999,27.4626,0.8738,0.0225,33.5394,1
531,56400551410048,56400555241024,56400556100805,56400556101768,56400583601640,56400584536588,56400584558773,847268331,3.8310,0.8598,27.4999,0.9349,0.0222,33.1487,1
532,56400591236093,56400595503996,56400596813778,56400596815334,56400624491707,56400625413414,56400625436488,3119356101,4.2679,1.3098,27.6764,0.9217,0.0231,34.2004,1
533,56400643942608,56400648948569,56400649477941,56400649478830,56400676727072,56400677650650,56400677673279,60523134,5.0060,0.5294,27.2482,0.9236,0.0226,33.7307,1
534,56400699842263,56400704124519,56400705443819,56400705445523,56400733319082,56400734325697,56400734348215,3373833581,4.2823,1.3193,27.8736,1.0066,0.0225,34.5060,1
535,56400759604673,56400763836261,56400765130396,56400765132896,56400792578323,56400793446215,56400793468586,3442590888,4.2316,1.2941,27.4454,0.8679,0.0224,33.8639,1
536,56400842682552,56400847109067,56400847663458,56400847664606,56400876456446,56400877366764,56400877389931,783341736,4.4265,0.5544,28.7918,0.9103,0.0232,34.7074,1
537,56400903202612,56400907581349,56400908271056,56400908271889,56400935800095,56400936824043,56400936846469,267055777,4.3787,0.6897,27.5282,1.0239,0.0224,33.6439,1
538,56400953866602,56400958915563,56400959502584,56400959503565,56400987196087,56400988092238,56400988115312,625650207,5.0490,0.5870,27.6925,0.8962,0.0231,34.2487,1
539,56401027422318,56401032080371,56401033142116,56401033143560,56401060900878,56401061835066,56401061857511,562599004,4.6581,1.0617,27.7573,0.9342,0.0224,34.4352,1
540,56401068581219,56401072883530,56401073757793,56401073758959,56401101214683,56401102082946,56401102105409,1477327807,4.3023,0.8743,27.4557,0.8683,0.0225,33.5242,1
541,56401144443536,56401148254253,56401149174034,56401149175867,56401176659962,56401177530206,56401177552465,1477327807,3.8107,0.9198,27.4841,0.8702,0.0223,33.1089,1
542,56401221731062,56401226139799,56401227561026,56401227565656,56401255861642,56401257198221,56401257221092,1122003055,4.4087,1.4212,28.2960,1.3366,0.0229,35.4900,1
543,56401268453167,56401273309054,56401274399188,56401274400854,56401302153876,56401303469603,56401303491732,2737378906,4.8559,1.0901,27.7530,1.3157,0.0221,35.0386,1
544,56401321528017,56401326210589,56401326936998,56401326938091,56401354374741,56401355392300,56401355415448,566413840,4.6826,0.7264,27.4367,1.0176,0.0231,33.8874,1
545,56401385703608,56401389481936,56401390637311,56401390638570,56401418227906,56401419101686,56401419124075,754099878,3.7783,1.1554,27.5893,0.8738,0.0224,33.4205,1
546,56401449622514,56401453728935,56401454691420,56401454692791,56401482194608,56401483070981,56401483093722,1134289960,4.1064,0.9625,27.5018,0.8764,0.0227,33.4712,1
547,56401514989998,56401519361365,56401520312572,56401520313961,56401547783223,56401548676744,56401548698911,357211032,4.3714,0.9512,27.4693,0.8935,0.0222,33.7089,1
548,56401591504336,56401595887370,56401596645150,56401596646687,56401625601769,56401626750069,56401626777532,3599972243,4.3830,0.7578,28.9551,1.1483,0.0275,35.2732,1
549,56401636158583,56401640673654,56401641662768,56401641663768,56401669637605,56401670758720,56401670781850,2612716353,4.5151,0.9891,27.9738,1.1211,0.0231,34.6233,1
550,56401685265104,56401689774175,56401690579900,56401690581270,56401718053235,56401718942053,56401719060294,3366007360,4.5091,0.8057,27.4720,0.8888,0.1182,33.7952,1
551,56401746096462,56401750356236,56401751635684,56401751636907,56401779170927,56401780059560,56401780082134,427968154,4.2598,1.2794,27.5340,0.8886,0.0226,33.9857,1
552,56401814914199,56401819622530,56401820923590,56401820925164,56401848329592,56401849336317,56401849358855,1186573522,4.7083,1.3011,27.4044,1.0067,0.0225,34.4447,1
553,56401869274775,56401873297363,56401873943125,56401873944384,56401901213885,56401902076147,56401902098185,4173183758,4.0226,0.6458,27.2695,0.8623,0.0220,32.8234,1
554,56401945145722,56401949701404,56401950584685,56401950585704,56401977965002,56401978869523,56401978891912,1152092578,4.5557,0.8833,27.3793,0.9045,0.0224,33.7462,1
555,56401996082453,56402001412916,56402002398845,56402002400215,56402029759606,56402030678017,56402030700850,154323530,5.3305,0.9859,27.3594,0.9184,0.0228,34.6184,1
556,56402063535556,56402068217720,56402069252835,56402069254927,56402096843356,56402097754100,56402097777248,24112008,4.6822,1.0351,27.5884,0.9107,0.0231,34.2417,1
557,56402133750205,56402138630463,56402139756893,56402139758189,56402167176802,56402168109416,56402168133527,24112008,4.8803,1.1264,27.4186,0.9326,0.0241,34.3833,1
558,56402195768289,56402199650562,56402200376565,56402200378231,56402228303587,56402229228960,56402229252331,1573355932,3.8823,0.7260,27.9254,0.9254,0.0234,33.4840,1
559,56402239604737,56402243784159,56402244838107,56402244839459,56402272472702,56402273424872,56402273448761,3783917264,4.1794,1.0539,27.6332,0.9522,0.0239,33.8440,1
560,56402330881885,56402335167862,56402336540941,56402336542552,56402364171740,56402366070302,56402366120080,438969584,4.2860,1.3731,27.6292,1.8986,0.0498,35.2382,1
561,56402365268559,56402370163502,56402370941578,56402370942708,56402398142228,56402399005823,56402399027934,438969584,4.8949,0.7781,27.1995,0.8636,0.0221,33.7594,1
562,56402459300476,56402463292860,56402464455456,56402464457956,56402492649146,56402493577871,56402493601464,2210325789,3.9924,1.1626,28.1912,0.9287,0.0236,34.3010,1
563,56402500989786,56402504616280,56402505662358,56402505666395,56402533297582,56402534197900,56402534221567,2686728979,3.6265,1.0461,27.6312,0.9003,0.0237,33.2318,1
564,56402555142213,56402559114634,56402560193749,56402560196657,56402587322306,56402588232290,56402588255327,4050826377,3.9724,1.0791,27.1256,0.9100,0.0230,33.1131,1
565,56402641246917,56402645261820,56402646123082,56402646124027,56402673499325,56402674403661,56402674426569,2849402667,4.0149,0.8613,27.3753,0.9043,0.0229,33.1797,1
566,56402689068379,56402693199078,56402694122470,56402694123655,56402721317601,56402722200215,56402722223178,1588605272,4.1307,0.9234,27.1939,0.8826,0.0230,33.1548,1
567,56402752781024,56402757092354,56402758097431,56402758098728,56402786498844,56402787512607,56402787536274,484223288,4.3113,1.0051,28.4001,1.0138,0.0237,34.7552,1
568,56402826594593,56402831049127,56402831715370,56402831716315,56402859761874,56402860756841,56402860779971,1679491956,4.4545,0.6662,28.0456,0.9950,0.0231,34.1854,1
569,56402870866598,56402874586277,56402875393688,56402875394614,56402903184395,56402904137435,56402904165102,3921668260,3.7197,0.8074,27.7898,0.9530,0.0277,33.2985,1
570,56402929444318,56402933417999,56402934099057,56402934100242,56402961537559,56402962401062,56402962423265,3960018244,3.9737,0.6811,27.4373,0.8635,0.0222,32.9789,1
571,56403011879788,56403015624745,56403016871842,56403016874935,56403044858420,56403045787682,56403045811182,891581454,3.7450,1.2471,27.9835,0.9293,0.0235,33.9314,1
572,56403052984652,56403058574004,56403059154728,56403059155599,56403086849583,56403087718660,56403087741420,150671574,5.5894,0.5807,27.6940,0.8691,0.0228,34.7568,1
573,56403136707477,56403140981399,56403141659865,56403141660957,56403168829903,56403169748110,56403169769647,2174195400,4.2739,0.6785,27.1689,0.9182,0.0215,33.0622,1
574,56403202745020,56403207378888,56403208442688,56403208444132,56403236890360,56403238315902,56403238353383,2174195400,4.6339,1.0638,28.4462,1.4255,0.0375,35.6084,1
575,56403233852016,56403241664654,56403242197471,56403242198434,56403269256249,56403270126993,56403270150752,2174195400,7.8126,0.5328,27.0578,0.8707,0.0238,36.2987,1
576,56403300213059,56403304632593,56403305175743,56403305176484,56403332870561,56403333772268,56403333794786,2174195400,4.4195,0.5432,27.6941,0.9017,0.0225,33.5817,1
577,56403359556931,56403364062446,56403365155617,56403365156894,56403392706619,56403393602678,56403393629122,2174195400,4.5055,1.0932,27.5497,0.8961,0.0264,34.0722,1
578,56403427804555,56403434054521,56403434770190,56403434771116,56403461955691,56403462883768,56403462906250,1604972862,6.2500,0.7157,27.1846,0.9281,0.0225,35.1017,1
579,56403482541947,56403487519316,56403489903862,56403489907158,56403517662920,56403518523090,56403518545331,1604972862,4.9774,2.3845,27.7558,0.8602,0.0222,36.0034,1
580,56403561283404,56403566112198,56403567236980,56403567238073,56403595142150,56403596099172,56403596122357,1604972862,4.8288,1.1248,27.9041,0.9570,0.0232,34.8390,1
581,56403612494451,56403618838639,56403619373586,56403619374419,56403647302645,56403648278333,56403648300648,1604972862,6.3442,0.5349,27.9282,0.9757,0.0223,35.8062,1
582,56403666970009,56403671343561,56403672252083,56403672253712,56403699590992,56403700522421,56403700545236,1604972862,4.3736,0.9085,27.3373,0.9314,0.0228,33.5752,1
583,56403727011123,56403730810488,56403731496620,56403731497528,56403758806900,56403759674866,56403759697551,1604972862,3.7994,0.6861,27.3094,0.8680,0.0227,32.6864,1
584,56403801377472,56403806384508,56403807076492,56403807077344,56403834534939,56403835440460,56403835462534,1604972862,5.0070,0.6920,27.4576,0.9055,0.0221,34.0851,1
585,56403851056847,56403854348136,56403855405603,56403855407159,56403883038643,56403883920183,56403883942387,1604972862,3.2913,1.0575,27.6315,0.8815,0.0222,32.8855,1
586,56403923291800,56403927836316,56403928704485,56403928705522,56403956220840,56403957126158,56403957149509,1604972862,4.5445,0.8682,27.5153,0.9053,0.0234,33.8577,1
587,56403981671983,56403985802145,56403986919057,56403986920149,56404014291577,56404015162821,56404015184858,1604972862,4.1302,1.1169,27.3714,0.8712,0.0220,33.5129,1
588,56404055172736,56404059993846,56404060720459,56404060721496,56404088177072,56404089289595,56404089316724,3482368098,4.8211,0.7266,27.4556,1.1125,0.0271,34.1440,1
589,56404130653867,56404135870237,56404136496091,56404136496850,56404164298761,56404165467135,56404165494931,145029952,5.2164,0.6259,27.8019,1.1684,0.0278,34.8411,1
590,56404177630677,56404182206785,56404183065751,56404183067029,56404210995736,56404212236167,56404212272074,1071014047,4.5761,0.8590,27.9287,1.2404,0.0359,34.6414,1
591,56404225919899,56404230430192,56404231316788,56404231318029,56404258863772,56404260046591,56404260152091,1071014047,4.5103,0.8866,27.5457,1.1828,0.1055,34.2322,1
592,56404287417537,56404291970849,56404292697666,56404292698648,56404320397058,56404321475729,56404321501340,1071014047,4.5533,0.7268,27.6984,1.0787,0.0256,34.0838,1
593,56404344348178,56404349125176,56404350004716,56404350006401,56404377405032,56404378462518,56404378488166,1071014047,4.7770,0.8795,27.3986,1.0575,0.0256,34.1400,1
594,56404440142230,56404445044766,56404445662194,56404445663286,56404474248403,56404475669890,56404475700279,2012960471,4.9025,0.6174,28.5851,1.4215,0.0304,35.5580,1
595,56404484893033,56404490483145,56404491029591,56404491030924,56404518708705,56404519865283,56404519893931,2387538374,5.5901,0.5464,27.6778,1.1566,0.0286,35.0009,1
596,56404533049458,56404536937453,56404538380606,56404538381773,56404565769941,56404566642592,56404566664852,3720077971,3.8880,1.4432,27.3882,0.8727,0.0223,33.6154,1
597,56404607584863,56404611674840,56404612635806,56404612636843,56404639984475,56404640977682,56404641000330,2319664174,4.0900,0.9610,27.3476,0.9932,0.0226,33.4155,1
598,56404667626663,56404671635714,56404673002866,56404673005422,56404700364035,56404701436742,56404701459594,2903941548,4.0091,1.3672,27.3586,1.0727,0.0229,33.8329,1
599,56404711936649,56404715934255,56404716872332,56404716873592,56404744023426,56404744884299,56404744907022,3066370226,3.9976,0.9381,27.1498,0.8609,0.0227,32.9704,1
600,56404793489726,56404797561740,56404798235539,56404798236483,56404825649300,56404826659563,56404826683211,3263639537,4.0720,0.6738,27.4128,1.0103,0.0236,33.1935,1
601,56404849061492,56404853176728,56404854636233,56404854638585,56404882128847,56404882994516,56404883016998,3777807259,4.1152,1.4595,27.4903,0.8657,0.0225,33.9555,1
602,56404935375493,56404939394544,56404940227158,56404940228325,56404967615234,56404968557423,56404968580941,1087112670,4.0191,0.8326,27.3869,0.9422,0.0235,33.2054,1
603,56404977977788,56404982193266,56404982908009,56404982909102,56405010419122,56405011498274,56405011521182,3205001199,4.2155,0.7147,27.5100,1.0792,0.0229,33.5434,1
604,56405035403579,56405039668038,56405040685319,56405040686505,56405067726283,56405068619064,56405068641434,3888280947,4.2645,1.0173,27.0398,0.8928,0.0224,33.2379,1
605,56405122318360,56405126508819,56405127156988,56405127157858,56405155301733,56405156379366,56405156403478,1069602018,4.1905,0.6482,28.1439,1.0776,0.0241,34.0851,1
606,56405172211051,56405175936286,56405177091216,56405177092568,56405204653292,56405205576018,56405205598833,1508565797,3.7252,1.1549,27.5607,0.9227,0.0228,33.3878,1
607,56405220235290,56405224532361,56405225166881,56405225168159,56405252531624,56405253396442,56405253419516,4293159721,4.2971,0.6345,27.3635,0.8648,0.0231,33.1842,1
608,56405307170331,56405311192715,56405312866221,56405312868499,56405340660946,56405341597950,56405341620116,3000498831,4.0224,1.6735,27.7924,0.9370,0.0222,34.4498,1
609,56405345062369,56405349429273,56405350093183,56405350094220,56405377257998,56405378123464,56405378145520,1483620669,4.3669,0.6639,27.1638,0.8655,0.0221,33.0832,1
610,56405439151119,56405443286541,56405444431545,56405444432823,56405473029977,56405474925595,56405474988298,3885656744,4.1354,1.1450,28.5972,1.8956,0.0627,35.8372,1
611,56405474706742,56405479729259,56405480345280,56405480346261,56405507696319,56405508575525,56405508598192,1378822776,5.0225,0.6160,27.3501,0.8792,0.0227,33.8914,1
612,56405555072704,56405560139833,56405560649186,56405560649890,56405588043910,56405588969025,56405588991525,833113957,5.0671,0.5094,27.3940,0.9251,0.0225,33.9188,1
613,56405598412280,56405602462349,56405603427352,56405603428741,56405630660150,56405631612968,56405631635635,2105523797,4.0501,0.9650,27.2314,0.9528,0.0227,33.2234,1
614,56405657087852,56405660713291,56405661702813,56405661704220,56405688880092,56405689759354,56405689782002,2294264307,3.6254,0.9895,27.1759,0.8793,0.0226,32.6942,1
615,56405724335029,56405728405950,56405729146582,56405729147545,56405757332531,56405758802092,56405758826166,1943182826,4.0709,0.7406,28.1850,1.4696,0.0241,34.4911,1
616,56405773570865,56405777485416,56405778507938,56405778509475,56405805508309,56405806372923,56405806394775,2999151995,3.9146,1.0225,26.9988,0.8646,0.0219,32.8239,1
617,56405866025239,56405870262013,56405870932016,56405870933016,56405898501518,56405899514725,56405899536948,3578052600,4.2368,0.6700,27.5685,1.0132,0.0222,33.5117,1
618,56405909086610,56405913956979,56405914885297,56405914886315,56405942391318,56405943407229,56405943430284,2134998945,4.8704,0.9283,27.5050,1.0159,0.0231,34.3437,1
619,56405959248783,56405963316316,56405964043263,56405964044429,56405991276783,56405992167637,56405992190100,968309878,4.0675,0.7269,27.2324,0.8909,0.0225,32.9413,1
620,56406041719734,56406045357636,56406046218435,56406046219694,56406073299473,56406074167513,56406074190476,2505847239,3.6379,0.8608,27.0798,0.8680,0.0230,32.4707,1
621,56406112562997,56406116931197,56406117591718,56406117593403,56406144959146,56406145865408,56406145888260,3338719904,4.3682,0.6605,27.3657,0.9063,0.0229,33.3253,1
622,56406160639033,56406164579917,56406165575513,56406165576902,56406193151627,56406194021408,56406194195538,2101412961,3.9409,0.9956,27.5747,0.8698,0.1741,33.5565,1
623,56406229698586,56406233803063,56406234959456,56406234961438,56406262519848,56406263582666,56406263605166,1549457855,4.1045,1.1564,27.5584,1.0628,0.0225,33.9066,1
624,56406277310973,56406283236141,56406284326589,56406284329312,56406311657887,56406312538779,56406312560502,4167688079,5.9252,1.0904,27.3286,0.8809,0.0217,35.2495,1
625,56406366138149,56406371308278,56406371859447,56406371860428,56406401930847,56406402921684,56406402944776,90638219,5.1701,0.5512,30.0704,0.9908,0.0231,36.8066,1
626,56406408814296,56406413046237,56406413862036,56406413863351,56406441583928,56406442490635,56406442513376,3875496005,4.2319,0.8158,27.7206,0.9067,0.0227,33.6991,1
627,56406463459355,56406468131371,56406468771651,56406468772503,56406496165301,56406497102860,56406497126860,2348267178,4.6720,0.6403,27.3928,0.9376,0.0240,33.6675,1
628,56406520733108,56406525437421,56406526268498,56406526270127,56406553751204,56406554620281,56406554642207,264494235,4.7043,0.8311,27.4811,0.8691,0.0219,33.9091,1
629,56406611468699,56406615961270,56406617510683,56406617512164,56406645866818,56406648319382,56406648388030,3927928892,4.4926,1.5494,28.3547,2.4526,0.0686,36.9193,1
630,56406646669320,56406652187802,56406653173361,56406653174380,56406680536956,56406681402811,56406681424940,3927928892,5.5185,0.9856,27.3626,0.8659,0.0221,34.7556,1
631,56406719990166,56406723967383,56406725064906,56406725066165,56406752866168,56406753777949,56406753801542,1136753027,3.9772,1.0975,27.8000,0.9118,0.0236,33.8114,1
632,56406765008932,56406769369244,56406770618211,56406770620248,56406798155676,56406799028698,56406799051624,1279804505,4.3603,1.2490,27.5354,0.8730,0.0229,34.0427,1
633,56406831119327,56406835802565,56406837063514,56406837064736,56406864653443,56406865515464,56406865537779,1848407900,4.6832,1.2609,27.5887,0.8620,0.0223,34.4185,1
634,56406924923984,56406929543889,56406930576744,56406930578689,56406958251951,56406959191028,56406959214010,282070146,4.6199,1.0329,27.6733,0.9391,0.0230,34.2900,1
635,56406971257255,56406975861511,56406977037015,56406977038275,56407004731537,56407005613855,56407005637429,2192705218,4.6043,1.1755,27.6933,0.8823,0.0236,34.3802,1
636,56407034169138,56407038169763,56407039391897,56407039392897,56407067498790,56407068497275,56407068520516,3645390526,4.0006,1.2221,28.1059,0.9985,0.0232,34.3514,1
637,56407108032764,56407112872336,56407113788339,56407113789413,56407141372953,56407142286863,56407142309567,2430487942,4.8396,0.9160,27.5835,0.9139,0.0227,34.2768,1
638,56407155707798,56407160248573,56407161015446,56407161016594,56407188334633,56407189288285,56407189312266,3647153645,4.5408,0.7669,27.3180,0.9537,0.0240,33.6045,1
639,56407202454589,56407206713845,56407207502292,56407207503995,56407235155869,56407236037909,56407236060835,993182917,4.2593,0.7884,27.6519,0.8820,0.0229,33.6062,1
640,56407283034163,56407287453808,56407288347645,56407288349311,56407315872462,56407316828261,56407316851150,2872549894,4.4196,0.8938,27.5232,0.9558,0.0229,33.8170,1
641,56407328912155,56407333343152,56407334036599,56407334037802,56407361290674,56407362159270,56407362181288,1973496035,4.4310,0.6934,27.2529,0.8686,0.0220,33.2691,1
642,56407420144525,56407424232169,56407425439525,56407425440895,56407453248491,56407454166365,56407454188920,1961669459,4.0876,1.2074,27.8076,0.9179,0.0226,34.0444,1
643,56407459657347,56407463924435,56407465545608,56407465550978,56407493429796,56407494318244,56407494340855,1961669459,4.2671,1.6212,27.8788,0.8884,0.0226,34.6835,1
644,56407515773855,56407520116611,56407521152744,56407521153855,56407549001525,56407549934769,56407549958343,659078856,4.3428,1.0361,27.8477,0.9332,0.0236,34.1845,1
645,56407592567805,56407596707653,56407597564378,56407597565563,56407625138066,56407626065328,56407626088624,2332153866,4.1398,0.8567,27.5725,0.9273,0.0233,33.5208,1
646,56407643898223,56407648213664,56407649317964,56407649319686,56407676484076,56407677348505,56407677370894,892935528,4.3154,1.1043,27.1644,0.8644,0.0224,33.4727,1
647,56407728527181,56407733169605,56407733995830,56407733997182,56407761456999,56407762390854,56407762413132,348006430,4.6424,0.8262,27.4598,0.9339,0.0223,33.8860,1
648,56407777368942,56407781219178,56407782243256,56407782244811,56407809388312,56407810286278,56407810309426,3492301825,3.8502,1.0241,27.1435,0.8980,0.0231,32.9405,1
649,56407832905930,56407836883333,56407837675706,56407837677928,56407865410431,56407866269971,56407866292490,2109528761,3.9774,0.7924,27.7325,0.8595,0.0225,33.3866,1
650,56407902901209,56407906749815,56407908098301,56407908101356,56407936311843,56407937243124,56407937267809,3988943277,3.8486,1.3485,28.2105,0.9313,0.0247,34.3666,1
651,56407951956230,56407955610002,56407956883525,56407956884599,56407984539250,56407985401160,56407985423234,2517917653,3.6538,1.2735,27.6547,0.8619,0.0221,33.4670,1
652,56408041586669,56408046320685,56408047066725,56408047067688,56408075402489,56408076510252,56408076535178,257689662,4.7340,0.7460,28.3348,1.1078,0.0249,34.9485,1
653,56408081335584,56408085019818,56408085672191,56408085673080,56408114301586,56408115339942,56408115363405,257689662,3.6842,0.6524,28.6285,1.0384,0.0235,34.0278,1
654,56408137920908,56408141462458,56408142163701,56408142164516,56408169569814,56408170496354,56408170519391,730069438,3.5415,0.7012,27.4053,0.9265,0.0230,32.5985,1
655,56408200696643,56408205365215,56408206137773,56408206138866,56408233542386,56408234415408,56408234437815,465706484,4.6686,0.7726,27.4035,0.8730,0.0224,33.7412,1
656,56408269248991,56408273783636,56408274563991,56408274566639,56408301815363,56408302673180,56408302695255,1790534230,4.5346,0.7804,27.2487,0.8578,0.0221,33.4463,1
657,56408360562176,56408364842580,56408365867472,56408365869843,56408393422271,56408394336311,56408394360626,399771002,4.2804,1.0249,27.5524,0.9140,0.0243,33.7985,1
658,56408400353573,56408404171827,56408404996367,56408404997367,56408432791833,56408433733132,56408433760929,2383776204,3.8183,0.8245,27.7945,0.9413,0.0278,33.4074,1
659,56408450592302,56408454603279,56408455628060,56408455629264,56408483450619,56408484342511,56408484365233,3176471027,4.0110,1.0248,27.8214,0.8919,0.0227,33.7729,1
660,56408524475649,56408527963587,56408529024424,56408529025535,56408556979058,56408557920487,56408557943728,1535185408,3.4879,1.0608,27.9535,0.9414,0.0232,33.4681,1
661,56408570526475,56408574507470,56408575651066,56408575653289,56408603198773,56408604203813,56408604226943,1651749674,3.9810,1.1436,27.5455,1.0050,0.0231,33.7005,1
662,56408632844875,56408637676058,56408638591747,56408638592950,56408665970137,56408666665288,56408666692621,725769720,4.8312,0.9157,27.3772,0.6952,0.0273,33.8477,0
663,56408712376834,56408717421870,56408717948780,56408717949391,56408745283837,56408746156766,56408746179303,4285991180,5.0450,0.5269,27.3344,0.8729,0.0225,33.8025,1
664,56408761973783,56408765443814,56408766330113,56408766333076,56408794312321,56408795169490,56408795192083,2859399532,3.4700,0.8863,27.9792,0.8572,0.0226,33.2183,1
665,56408850898220,56408854730251,56408856915629,56408856917592,56408886749251,56408888685924,56408888717276,3166777002,3.8320,2.1854,29.8317,1.9367,0.0314,37.8191,1
666,56408886276416,56408893170717,56408894403055,56408894404462,56408921672779,56408922535948,56408922558800,3166777002,6.8943,1.2323,27.2683,0.8632,0.0229,36.2824,1
667,56408957675181,56408961171693,56408962645661,56408962647753,56408990675183,56408991643853,56408991670039,3932025747,3.4965,1.4740,28.0274,0.9687,0.0262,33.9949,1
668,56409000086290,56409003917544,56409005230178,56409005231715,56409032767773,56409033856962,56409033880555,4007340269,3.8313,1.3126,27.5361,1.0892,0.0236,33.7943,1
669,56409065158274,56409069013639,56409070377829,56409070380736,56409098046554,56409098910538,56409098933427,3194426733,3.8554,1.3642,27.6658,0.8640,0.0229,33.7752,1
670,56409131657114,56409136910429,56409137491245,56409137492116,56409164711506,56409165563527,56409165585861,4010091472,5.2533,0.5808,27.2194,0.8520,0.0223,33.9287,1
671,56409219706881,56409224212656,56409225367123,56409225368771,56409254965095,56409256354063,56409256397637,1162373307,4.5058,1.1545,29.5963,1.3890,0.0436,36.6908,1
672,56409252995977,56409260615837,56409261285469,56409261286858,56409288607304,56409289481696,56409289513992,1162373307,7.6199,0.6696,27.3204,0.8744,0.0323,36.5180,1
673,56409316570400,56409323060367,56409323990370,56409323991389,56409351438928,56409352373431,56409352396135,1454395078,6.4900,0.9300,27.4475,0.9345,0.0227,35.8257,1
674,56409382528924,56409387353737,56409387909202,56409387910091,56409416202355,56409417377229,56409417399896,803053025,4.8248,0.5555,28.2923,1.1749,0.0227,34.8710,1
675,56409453369002,56409456951977,56409458173704,56409458174963,56409486064874,56409486936747,56409486959284,3354198544,3.5830,1.2217,27.8899,0.8719,0.0225,33.5903,1
676,56409536571493,56409541687306,56409542522346,56409542523661,56409570595517,56409571760058,56409571882262,3369318573,5.1158,0.8350,28.0719,1.1645,0.1222,35.3108,1
677,56409589889936,56409595118232,56409596147272,56409596148883,56409623965424,56409625065298,56409625095205,811064626,5.2283,1.0290,27.8165,1.0999,0.0299,35.2053,1
678,56409646376982,56409651710723,56409652353725,56409652354762,56409680834324,56409681894790,56409681920383,195375881,5.3337,0.6430,28.4796,1.0605,0.0256,35.5434,1
679,56409690506338,56409694760020,56409695876375,56409695877838,56409723659434,56409724687642,56409724713086,2101243267,4.2537,1.1164,27.7816,1.0282,0.0254,34.2067,1
680,56409783039102,56409789040623,56409789697403,56409789698644,56409817299609,56409818347631,56409818373391,3522435419,6.0015,0.6568,27.6010,1.0480,0.0258,35.3343,1
681,56409824573523,56409830060450,56409831115731,56409831117342,56409859011272,56409860158016,56409860185590,3809802325,5.4869,1.0553,27.8939,1.1467,0.0276,35.6121,1
682,56409894566987,56409900351229,56409901171899,56409901173121,56409929006365,56409930156313,56409930182017,2635033740,5.7842,0.8207,27.8332,1.1499,0.0257,35.6150,1
683,56409944436437,56409948738378,56409949820233,56409949821863,56409977657403,56409978830704,56409978855278,4054501721,4.3019,1.0819,27.8355,1.1733,0.0246,34.4188,1
684,56409999422589,56410004625070,56410005232369,56410005233498,56410032878483,56410033932746,56410033958931,213732315,5.2025,0.6073,27.6450,1.0543,0.0262,34.5363,1
685,56410076262373,56410081899578,56410082668210,56410082669673,56410110771177,56410112031756,56410112060645,490836411,5.6372,0.7686,28.1015,1.2606,0.0289,35.7983,1
686,56410134869446,56410138973738,56410139929352,56410139930704,56410167341039,56410168229301,56410168251653,490836411,4.1043,0.9556,27.4103,0.8883,0.0224,33.3822,1
687,56410222114821,56410226827633,56410228454972,56410228456713,56410258737336,56410260191767,56410260237674,1600921036,4.7128,1.6273,30.2806,1.4544,0.0459,38.1229,1
688,56410257856944,56410264222614,56410264934135,56410264935246,56410292722083,56410293629530,56410293656271,419755277,6.3657,0.7115,27.7868,0.9074,0.0267,35.7993,1
689,56410322129777,56410326266273,56410327257480,56410327261776,56410355089205,56410355937264,56410355960357,3322336773,4.1365,0.9912,27.8274,0.8481,0.0231,33.8306,1
690,56410410197655,56410414840263,56410415890712,56410415892304,56410443573066,56410444561607,56410444584496,4021064204,4.6426,1.0504,27.6808,0.9885,0.0229,34.3868,1
691,56410448789325,56410452495801,56410453519804,56410453520712,56410481287826,56410482171199,56410482198903,3770735834,3.7065,1.0240,27.7671,0.8834,0.0277,33.4096,1
692,56410507665621,56410511958154,56410513046973,56410513048991,56410540369104,56410541221959,56410541244737,3004714030,4.2925,1.0888,27.3201,0.8529,0.0228,33.5791,1
693,56410593770251,56410598687083,56410599597790,56410599599123,56410627604090,56410630714749,56410630756657,4055463322,4.9168,0.9107,28.0050,3.1107,0.0419,36.9864,1
694,56410629552819,56410635987064,56410637034160,56410637035345,56410665421110,56410666412020,56410666434687,417256973,6.4342,1.0471,28.3858,0.9909,0.0227,36.8819,1
695,56410735469555,56410742761636,56410744105307,56410744106770,56410772893962,56410774126077,56410774151596,2130984244,7.2921,1.3437,28.7872,1.2321,0.0255,38.6820,1
696,56410766140531,56410777783664,56410778440129,56410778441111,56410805746705,56410806729134,56410806754468,2130984244,11.6431,0.6565,27.3056,0.9824,0.0253,40.6139,1
697,56410827854726,56410832222759,56410833337319,56410833338707,56410861225693,56410862302956,56410862381400,576409899,4.3680,1.1146,27.8870,1.0773,0.0784,34.5267,1
698,56410881244280,56410885314146,56410886028482,56410886030556,56410913361391,56410914554377,56410914576191,1351565233,4.0699,0.7143,27.3308,1.1930,0.0218,33.3319,1
699,56410938648126,56410942977123,56410943607977,56410943609384,56410971554647,56410972562799,56410972585799,1048580504,4.3290,0.6309,27.9453,1.0082,0.0230,33.9377,1
700,56410992667591,56410996795568,56410997893701,56410997895275,56411025136406,56411025986946,56411026008039,1483552856,4.1280,1.0981,27.2411,0.8505,0.0211,33.3404,1
701,56411067884998,56411072731830,56411073546703,56411073547703,56411100914612,56411101795300,56411101818078,3723510548,4.8468,0.8149,27.3669,0.8807,0.0228,33.9331,1
702,56411132376258,56411136503328,56411137565424,56411137566813,56411164822703,56411165694539,56411165717225,2370400910,4.1271,1.0621,27.2559,0.8718,0.0227,33.3410,1
703,56411205324510,56411209496413,56411210727547,56411210729454,56411238397790,56411239976148,56411240022240,3637359752,4.1719,1.2311,27.6683,1.5784,0.0461,34.6977,1
704,56411251310557,56411256407704,56411257129688,56411257131114,56411284647191,56411285540268,56411285563231,1170907766,5.0971,0.7220,27.5161,0.8931,0.0230,34.2527,1
705,56411296153656,56411300528171,56411301384304,56411301385267,56411328583750,56411329445864,56411329468679,840375697,4.3745,0.8561,27.1985,0.8621,0.0228,33.3150,1
706,56411361040658,56411365499377,56411366498381,56411366500695,56411394046346,56411394898682,56411394919793,3542679811,4.4587,0.9990,27.5457,0.8523,0.0211,33.8791,1
707,56411460959336,56411467880564,56411469782367,56411469783774,56411500737622,56411501723106,56411501747440,510748282,6.9212,1.9018,30.9538,0.9855,0.0243,40.7881,1
708,56411492459778,56411505146637,56411505758324,56411505759398,56411532830954,56411533676809,56411533698235,510748282,12.6869,0.6117,27.0716,0.8459,0.0214,41.2385,1
709,56411573658355,56411579054429,56411580449971,56411580451656,56411610100184,56411611383948,56411611413152,3743986264,5.3961,1.3955,29.6485,1.2838,0.0292,37.7548,1
710,56411602775492,56411615238720,56411615753296,56411615754204,56411642973742,56411643828060,56411643850375,1710178208,12.4632,0.5146,27.2195,0.8543,0.0223,41.0749,1
711,56411699652438,56411704368861,56411705626125,56411705627421,56411733830981,56411734851966,56411734874726,2077645608,4.7164,1.2573,28.2036,1.0210,0.0228,35.2223,1
712,56411744191147,56411750049926,56411751099560,56411751101245,56411778759507,56411779731566,56411779753121,2314096133,5.8588,1.0496,27.6583,0.9721,0.0216,35.5620,1
713,56411804632744,56411809089445,56411809759836,56411809760947,56411837873637,56411838859233,56411838958455,746443743,4.4567,0.6704,28.1127,0.9856,0.0992,34.3257,1
714,56411852949541,56411857309482,56411857943799,56411857945188,56411885339375,56411886393638,56411886416341,3150947951,4.3599,0.6343,27.3942,1.0543,0.0227,33.4668,1
715,56411916985021,56411921108943,56411921825556,56411921827278,56411948969650,56411949826023,56411949848097,2687634834,4.1239,0.7166,27.1424,0.8564,0.0221,32.8631,1
716,56411992923339,56411997256298,56411998390339,56411998391617,56412026188231,56412027240401,56412027263364,2687634834,4.3330,1.1340,27.7966,1.0522,0.0230,34.3400,1
717,56412034836835,56412039627222,56412040334798,56412040336039,56412067616411,56412068630729,56412068653192,2687634834,4.7904,0.7076,27.2804,1.0143,0.0225,33.8164,1
718,56412094121558,56412098408628,56412099570095,56412099571392,56412126999838,56412127858989,56412127882434,2687634834,4.2871,1.1615,27.4284,0.8592,0.0234,33.7609,1
719,56412158679818,56412162715073,56412163992114,56412163993336,56412191052874,56412191911785,56412191933673,2687634834,4.0353,1.2770,27.0595,0.8589,0.0219,33.2539,1
720,56412228132595,56412232671536,56412233534910,56412233535873,56412261231913,56412262149490,56412262171879,2687634834,4.5389,0.8634,27.6960,0.9176,0.0224,34.0393,1
721,56412287336151,56412291764240,56412292747188,56412292749021,56412320054319,56412320948322,56412320973526,2687634834,4.4281,0.9829,27.3053,0.8940,0.0252,33.6374,1
722,56412346177854,56412350175997,56412351339612,56412351340798,56412378733633,56412379584432,56412379605821,2687634834,3.9981,1.1636,27.3928,0.8508,0.0214,33.4280,1
723,56412430001051,56412434616363,56412435271087,56412435272235,56412463077035,56412463994501,56412464044687,2687634834,4.6153,0.6547,27.8048,0.9175,0.0502,34.0436,1
724,56412469736521,56412474815890,56412475430059,56412475430985,56412503094877,56412503956213,56412503978250,2438619873,5.0794,0.6142,27.6639,0.8613,0.0220,34.2417,1
725,56412535994750,56412539713114,56412540610710,56412540612136,56412568336398,56412569234050,56412569256920,2438619873,3.7184,0.8976,27.7243,0.8977,0.0229,33.2622,1
726,56412589867139,56412595005027,56412595650345,56412595651215,56412623261792,56412624144610,56412624167036,2438619873,5.1379,0.6453,27.6106,0.8828,0.0224,34.2999,1
727,56412659333805,56412663457579,56412664235063,56412664235915,56412691278841,56412692160029,56412692182918,3630298305,4.1238,0.7775,27.0429,0.8812,0.0229,32.8491,1
728,56412739879046,56412744536377,56412745341787,56412745342991,56412772694511,56412773600940,56412773623422,1847515789,4.6573,0.8054,27.3515,0.9064,0.0225,33.7444,1
729,56412785518333,56412789585292,56412790434850,56412790435869,56412817963130,56412818813337,56412818835430,3293384361,4.0670,0.8496,27.5273,0.8502,0.0221,33.3171,1
730,56412875264439,56412879854974,56412880431383,56412880432364,56412907973478,56412908917870,56412908941259,3789520625,4.5905,0.5764,27.5411,0.9444,0.0234,33.6768,1
731,56412918990109,56412923279049,56412923939663,56412923940441,56412951541165,56412952501817,56412952524280,3063306439,4.2889,0.6606,27.6007,0.9607,0.0225,33.5342,1
732,56412967846907,56412972359089,56412973016054,56412973016888,56413000199870,56413001092522,56413001114985,927946846,4.5122,0.6570,27.1830,0.8927,0.0225,33.2681,1
733,56413031716442,56413036042753,56413036733978,56413036735089,56413064118406,56413065047816,56413065070428,927946846,4.3263,0.6912,27.3833,0.9294,0.0226,33.3540,1
734,56413091122073,56413095094068,56413095904404,56413095905479,56413124308151,56413125405728,56413125430247,927946846,3.9720,0.8103,28.4027,1.0976,0.0245,34.3082,1
735,56413153546677,56413158302638,56413158993511,56413158994493,56413186329828,56413187186553,56413187208071,927946846,4.7560,0.6909,27.3353,0.8567,0.0215,33.6614,1
736,56413219040959,56413223649753,56413224356107,56413224357255,56413251741146,56413252650094,56413252672557,927946846,4.6088,0.7064,27.3839,0.9089,0.0225,33.6316,1
737,56413279433186,56413283481385,56413284450852,56413284452259,56413311676149,56413312552337,56413312574597,3226879629,4.0482,0.9695,27.2239,0.8762,0.0223,33.1414,1
738,56413369524867,56413373913234,56413374769015,56413374770534,56413402952168,56413403822764,56413403845523,1974223190,4.3884,0.8558,28.1816,0.8706,0.0228,34.3207,1
739,56413415740768,56413420138912,56413421036749,56413421037675,56413448346547,56413449209624,56413449232291,1974223190,4.3981,0.8978,27.3089,0.8631,0.0227,33.4915,1
740,56413481894811,56413485630953,56413486332622,56413486333771,56413513455605,56413514310367,56413514331886,3980009589,3.7361,0.7017,27.1218,0.8548,0.0215,32.4371,1
741,56413551200217,56413555485731,56413556202419,56413556204086,56413583572569,56413584498591,56413584521406,3455711466,4.2855,0.7167,27.3685,0.9260,0.0228,33.3212,1
742,56413602222763,56413606444722,56413607210614,56413607211947,56413634672394,56413635594526,56413635617193,3455711466,4.2220,0.7659,27.4604,0.9221,0.0227,33.3944,1
743,56413650228410,56413654736722,56413655389558,56413655390354,56413682801393,56413683705248,56413683728063,3455711466,4.5083,0.6528,27.4110,0.9039,0.0228,33.4997,1
744,56413711643715,56413716383805,56413717089660,56413717090456,56413744211068,56413745075238,56413745098312,3455711466,4.7401,0.7059,27.1206,0.8642,0.0231,33.4546,1
745,56413777391664,56413781542438,56413782291422,56413782292255,56413809434201,56413810342870,56413810365130,3455711466,4.1508,0.7490,27.1419,0.9087,0.0223,32.9735,1
746,56413847158683,56413851863643,56413852620313,56413852621164,56413880061315,56413880963522,56413880987966,3455711466,4.7050,0.7567,27.4402,0.9022,0.0244,33.8293,1
747,56413898815046,56413903255413,56413903941193,56413903942268,56413931107713,56413931957031,56413931979253,3455711466,4.4404,0.6858,27.1654,0.8493,0.0222,33.1642,1
748,56413979027101,56413983873266,56413984621824,56413984622639,56414011983603,56414012915755,56414012937977,2009261267,4.8462,0.7486,27.3610,0.9322,0.0222,33.9109,1
749,56414024853889,56414029551368,56414030220481,56414030221315,56414058022059,56414058945747,56414058969025,944887405,4.6975,0.6691,27.8007,0.9237,0.0233,34.1151,1
750,56414094311832,56414098747959,56414099410072,56414099410924,56414126526036,56414127372520,56414127394965,5962627,4.4361,0.6621,27.1151,0.8465,0.0224,33.0831,1
751,56414191541242,56414195971739,56414197094557,56414197097650,56414224877505,56414225779453,56414225802008,2787162952,4.4305,1.1228,27.7799,0.9019,0.0226,34.2608,1
752,56414227504570,56414232256901,56414232967496,56414232968422,56414260351276,56414261205075,56414261227482,2787162952,4.7523,0.7106,27.3829,0.8538,0.0224,33.7229,1
753,56414291892977,56414296541493,56414297403329,56414297404459,56414324820202,56414325717946,56414325740853,4164965420,4.6485,0.8618,27.4157,0.8977,0.0229,33.8479,1
754,56414334663532,56414338667990,56414339387085,56414339387956,56414366918940,56414367787072,56414367808832,2817688752,4.0045,0.7191,27.5310,0.8681,0.0218,33.1453,1
755,56414400946909,56414405240831,56414405956204,56414405957278,56414433502410,56414434394284,56414434416414,2677452350,4.2939,0.7154,27.5451,0.8919,0.0221,33.4695,1
756,56414458678405,56414462505381,56414463320810,56414463322069,56414490902664,56414491750519,56414491772945,3467347836,3.8270,0.8154,27.5806,0.8479,0.0224,33.0945,1
757,56414522352402,56414526098563,56414527023770,56414527025233,56414555146367,56414556112963,56414556136982,4047657828,3.7462,0.9252,28.1211,0.9666,0.0240,33.7846,1
758,56414585924862,56414589745098,56414590579045,56414590581027,56414618195122,56414619045069,56414619066921,1927944186,3.8202,0.8339,27.6141,0.8499,0.0219,33.1421,1
759,56414659687987,56414663816779,56414664793079,56414664794690,56414692380934,56414693256659,56414693278177,786658416,4.1288,0.9763,27.5862,0.8757,0.0215,33.5902,1
760,56414713981416,56414718707339,56414719398231,56414719399249,56414746753195,56414747661661,56414747684976,2337251870,4.7259,0.6909,27.3539,0.9085,0.0233,33.7036,1
761,56414775403868,56414779989458,56414780736294,56414780737665,56414808013888,56414808870891,56414808892651,1788603376,4.5856,0.7468,27.2762,0.8570,0.0218,33.4888,1
762,56414866787443,56414871345700,56414872232017,56414872232980,56414899612779,56414900555800,56414900578319,3081841130,4.5583,0.8863,27.3798,0.9430,0.0225,33.7909,1
763,56414908420791,56414913436826,56414914072032,56414914073106,56414942153537,56414943273485,56414943298041,1127938454,5.0160,0.6352,28.0804,1.1199,0.0246,34.8772,1
764,56414960105210,56414965669785,56414966237786,56414966238453,56414993834585,56414994738366,56414994760866,2758298830,5.5646,0.5680,27.5961,0.9038,0.0225,34.6557,1
765,56415021859164,56415026676754,56415027244367,56415027245164,56415054618592,56415055472261,56415055494465,2529515657,4.8176,0.5676,27.3734,0.8537,0.0222,33.6353,1
766,56415115396468,56415118785369,56415119546631,56415119547668,56415147549320,56415148775713,56415148801695,1927647876,3.3889,0.7613,28.0017,1.2264,0.0260,33.4052,1
767,56415162533038,56415166860275,56415167782038,56415167783149,56415195639986,56415196945527,56415196972509,2887672131,4.3272,0.9218,27.8568,1.3055,0.0270,34.4395,1
768,56415203456494,56415208623031,56415209305626,56415209306700,56415236596868,56415237601871,56415237626520,2220848048,5.1665,0.6826,27.2902,1.0050,0.0246,34.1700,1
769,56415295196330,56415300423070,56415301312258,56415301314536,56415329447540,56415331004324,56415331032620,136452031,5.2267,0.8892,28.1330,1.5568,0.0283,35.8363,1
770,56415344832445,56415349409794,56415350088149,56415350089723,56415378424228,56415379827770,56415379856066,2156387760,4.5773,0.6784,28.3345,1.4035,0.0283,35.0236,1
771,56415395943622,56415401448567,56415402274218,56415402275570,56415430002850,56415431002521,56415431027910,1327603243,5.5049,0.8257,27.7273,0.9997,0.0254,35.0843,1
772,56415465155009,56415469762080,56415470508657,56415470509713,56415498313438,56415499800888,56415499825277,1311071453,4.6071,0.7466,27.8037,1.4874,0.0244,34.6703,1
773,56415512803210,56415517649505,56415518422767,56415518424359,56415546511364,56415547802942,56415547832091,2053187529,4.8463,0.7733,28.0870,1.2916,0.0291,35.0289,1
774,56415603218893,56415610246158,56415610915605,56415610916660,56415638121402,56415638992942,56415639015368,2472488374,7.0273,0.6694,27.2047,0.8715,0.0224,35.7965,1
775,56415660846851,56415665138107,56415666084091,56415666085777,56415693361334,56415694257985,56415694280689,2472488374,4.2913,0.9460,27.2756,0.8967,0.0227,33.4338,1
776,56415704031871,56415708943313,56415709618131,56415709619020,56415736856225,56415737718246,56415737739894,2472488374,4.9114,0.6748,27.2372,0.8620,0.0216,33.7080,1
777,56415767780369,56415771643437,56415773148591,56415773151776,56415800833038,56415801884357,56415801906986,2472488374,3.8631,1.5052,27.6813,1.0513,0.0226,34.1266,1
778,56415821152312,56415825945606,56415826558423,56415826559571,56415853934555,56415854993836,56415855016707,2472488374,4.7933,0.6128,27.3750,1.0593,0.0229,33.8644,1
779,56415879904311,56415884159900,56415885111922,56415885113663,56415912606239,56415913470742,56415913493557,149418107,4.2556,0.9520,27.4926,0.8645,0.0228,33.5892,1
780,56415943960736,56415947452081,56415949014754,56415949016309,56415976876535,56415977739760,56415977762705,149418107,3.4913,1.5627,27.8602,0.8632,0.0229,33.8020,1
781,56416007946494,56416011848267,56416013175068,56416013176438,56416040503366,56416041357387,56416041379646,149418107,3.9018,1.3268,27.3269,0.8540,0.0223,33.4332,1
782,56416074282186,56416079040499,56416079896428,56416079897594,56416106988466,56416107840394,56416107862543,149418107,4.7583,0.8559,27.0909,0.8519,0.0221,33.5804,1
783,56416149639817,56416153922405,56416154759038,56416154760075,56416182295800,56416183205099,56416183227507,3573954243,4.2826,0.8366,27.5357,0.9093,0.0224,33.5877,1
784,56416191485017,56416195260622,56416196472978,56416196476108,56416223847517,56416224714817,56416224737483,278719927,3.7756,1.2124,27.3714,0.8673,0.0227,33.2525,1
785,56416287950535,56416291730270,56416293065701,56416293068090,56416320835963,56416321826837,56416321849985,383379926,3.7797,1.3354,27.7679,0.9909,0.0231,33.8995,1
786,56416333678600,56416338316468,56416339010582,56416339011378,56416367270272,56416368370238,56416368394313,2162662451,4.6379,0.6941,28.2589,1.1000,0.0241,34.7157,1
787,56416383188938,56416386929840,56416388252511,56416388253844,56416416048422,56416416898350,56416416920610,1729366386,3.7409,1.3227,27.7946,0.8499,0.0223,33.7317,1
788,56416475525238,56416479547530,56416480546996,56416480548478,56416508266536,56416509239317,56416509261318,2804514768,4.0223,0.9995,27.7181,0.9728,0.0220,33.7361,1
789,56416534443867,56416538692475,56416539681219,56416539682719,56416567415963,56416568428077,56416568449966,3554743370,4.2486,0.9887,27.7332,1.0121,0.0219,34.0061,1
790,56416571928404,56416576150400,56416577201219,56416577203330,56416604835629,56416605710465,56416605732188,3759341533,4.2220,1.0508,27.6323,0.8748,0.0217,33.8038,1
791,56416633993415,56416638006169,56416639003932,56416639005191,56416666637991,56416667506327,56416667528179,571840668,4.0128,0.9978,27.6328,0.8683,0.0219,33.5348,1
792,56416718148280,56416722409591,56416723605095,56416723606372,56416751231264,56416752252416,56416752276434,1153276426,4.2613,1.1955,27.6249,1.0212,0.0240,34.1282,1
793,56416760066147,56416763932956,56416765174664,56416765176405,56416792362240,56416793214983,56416793237817,2041687957,3.8668,1.2417,27.1858,0.8527,0.0228,33.1717,1
794,56416858212930,56416862766797,56416863618652,56416863620763,56416893237458,56416894837927,56416894912983,2951005056,4.5539,0.8519,29.6167,1.6005,0.0751,36.7001,1
795,56416890902469,56416898682070,56416899506813,56416899508684,56416927671077,56416928608599,56416928721173,3842428367,7.7796,0.8247,28.1624,0.9375,0.1126,37.8187,1
796,56416942569314,56416947043737,56416947860147,56416947861054,56416975061130,56416975915559,56416975937670,3157577787,4.4744,0.8164,27.2001,0.8544,0.0221,33.3684,1
797,56417034356427,56417038751294,56417039572556,56417039573575,56417067159318,56417068141655,56417068163210,3581730501,4.3949,0.8213,27.5857,0.9823,0.0216,33.8068,1
798,56417087441333,56417091806255,56417093001185,56417093002778,56417120591984,56417121499487,56417121521413,3581730501,4.3649,1.1949,27.5892,0.9075,0.0219,34.0801,1
799,56417125771409,56417130007887,56417130782816,56417130783760,56417157990187,56417158902246,56417158924802,3581730501,4.2365,0.7749,27.2064,0.9121,0.0226,33.1534,1
800,56417188244884,56417192254657,56417193304309,56417193305809,56417221016516,56417221978538,56417222001816,3581730501,4.0098,1.0497,27.7107,0.9620,0.0233,33.7569,1
801,56417252795663,56417257067307,56417258060051,56417258061699,56417285631610,56417286692243,56417286714743,2285631007,4.2716,0.9927,27.5699,1.0606,0.0225,33.9191,1
802,56417310183546,56417314275986,56417315077359,56417315078470,56417342546602,56417343406531,56417343428439,2285631007,4.0924,0.8014,27.4681,0.8599,0.0219,33.2449,1
803,56417377315389,56417381508200,56417382737056,56417382738445,56417410169706,56417411021820,56417411043228,2285631007,4.1928,1.2289,27.4313,0.8521,0.0214,33.7278,1
804,56417450651661,56417454888509,56417455575678,56417455576511,56417483138662,56417484147276,56417484170369,2285631007,4.2368,0.6872,27.5622,1.0086,0.0231,33.5187,1
805,56417497633230,56417502109579,56417502693748,56417502694748,56417529838879,56417530694141,56417530715678,2285631007,4.4763,0.5842,27.1441,0.8553,0.0215,33.0824,1
806,56417565197593,56417570043073,56417570614334,56417570614908,56417597935077,56417598934080,56417598956303,2285631007,4.8455,0.5713,27.3202,0.9990,0.0222,33.7587,1
807,56417623275775,56417627725717,56417628641850,56417628645553,56417655711480,56417656592724,56417656614891,2285631007,4.4499,0.9161,27.0659,0.8812,0.0222,33.3391,1
808,56417692236106,56417696880567,56417697618903,56417697619699,56417724752756,56417725611592,56417725633999,2285631007,4.6445,0.7383,27.1331,0.8588,0.0224,33.3979,1
809,56417764438522,56417768607629,56417769363484,56417769364280,56417796467855,56417797320728,56417797343136,2856667112,4.1691,0.7559,27.1036,0.8529,0.0224,32.9046,1
810,56417845720914,56417851064081,56417851831917,56417851832935,56417881160592,56417882812912,56417882846931,3505957345,5.3432,0.7678,29.3277,1.6523,0.0340,37.1260,1
811,56417878551139,56417886418555,56417887213613,56417887215243,56417915248228,56417916261269,56417916283898,3505957345,7.8674,0.7951,28.0330,1.0130,0.0226,37.7328,1
812,56417935635799,56417939977314,56417940840705,56417940841872,56417968037096,56417968905821,56417968927654,912726225,4.3415,0.8634,27.1952,0.8687,0.0218,33.2919,1
813,56417997558587,56418002207677,56418002858994,56418002859772,56418030294088,56418031150684,56418031172814,912726225,4.6491,0.6513,27.4343,0.8566,0.0221,33.6142,1
814,56418075375763,56418079409351,56418080207872,56418080209372,56418107673782,56418108591322,56418108614229,912726225,4.0336,0.7985,27.4644,0.9175,0.0229,33.2385,1
815,56418132728535,56418136414770,56418137542940,56418137545163,56418164884979,56418165749371,56418165771890,1105767094,3.6862,1.1282,27.3398,0.8644,0.0225,33.0434,1
816,56418200757603,56418205502971,56418206190492,56418206191326,56418233656383,56418234564572,56418234587498,2910929103,4.7454,0.6875,27.4651,0.9082,0.0229,33.8299,1
817,56418243195602,56418247790062,56418248613065,56418248614250,56418275808936,56418276684884,56418276706865,865806842,4.5945,0.8230,27.1947,0.8759,0.0220,33.5113,1
818,56418335887848,56418340290066,56418341818424,56418341819720,56418371950268,56418373521644,56418373565718,2047199651,4.4022,1.5284,30.1305,1.5714,0.0441,37.6779,1
819,56418369713150,56418377183583,56418377918289,56418377919252,56418406123627,56418407012315,56418407035371,739533831,7.4704,0.7347,28.2044,0.8887,0.0231,37.3222,1
820,56418481835574,56418486435738,56418487478741,56418487480390,56418517188640,56418518353663,56418518376515,1707137897,4.6002,1.0430,29.7082,1.1650,0.0229,36.5409,1
821,56418513964426,56418521810749,56418522567715,56418522568918,56418550001698,56418550887590,56418550910590,1707137897,7.8463,0.7570,27.4328,0.8859,0.0230,36.9462,1
822,56418570760751,56418575093600,56418576286863,56418576289270,56418603549753,56418604500738,56418604523127,524225543,4.3328,1.1933,27.2605,0.9510,0.0224,33.7624,1
823,56418614956608,56418619489642,56418620546757,56418620548090,56418647647998,56418648522779,56418648544650,3282162580,4.5330,1.0571,27.0999,0.8748,0.0219,33.5880,1
824,56418710683827,56418715319325,56418716257050,56418716258402,56418743742497,56418744816297,56418744839149,3812582010,4.6355,0.9377,27.4841,1.0738,0.0229,34.1553,1
825,56418749739703,56418753831198,56418754976499,56418754978091,56418782205204,56418783060151,56418783082392,983173946,4.0915,1.1453,27.2271,0.8549,0.0222,33.3427,1
826,56418822043841,56418826600135,56418827747509,56418827749713,56418855368734,56418856500146,56418856522331,1136218542,4.5563,1.1474,27.6190,1.1314,0.0222,34.4785,1
827,56418868926985,56418873304018,56418874722338,56418874723764,56418902090951,56418902944362,56418902966417,3260322004,4.3770,1.4183,27.3672,0.8534,0.0221,34.0394,1
828,56418960545172,56418965003780,56418966041913,56418966043357,56418993543952,56418994517474,56418994540567,1785901230,4.4586,1.0381,27.5006,0.9735,0.0231,33.9954,1
829,56419006221866,56419010703660,56419011813312,56419011815164,56419039083258,56419039970668,56419039994150,175978219,4.4818,1.1097,27.2681,0.8874,0.0235,33.7723,1
830,56419065626275,56419069946809,56419070829701,56419070830849,56419098423685,56419099325410,56419099347910,369888784,4.3205,0.8829,27.5928,0.9017,0.0225,33.7216,1
831,56419117669492,56419121586339,56419122501972,56419122502824,56419150068419,56419150995644,56419151018626,2293137473,3.9168,0.9156,27.5656,0.9272,0.0230,33.3491,1
832,56419193807107,56419198393623,56419199043940,56419199044940,56419226668072,56419227585224,56419227880465,1595026605,4.5865,0.6503,27.6231,0.9172,0.2952,34.0734,1
833,56419239698710,56419243698576,56419244862265,56419244863635,56419272391990,56419273253863,56419273275993,890522279,3.9999,1.1637,27.5284,0.8619,0.0221,33.5773,1
834,56419332502790,56419336867342,56419337839641,56419337840901,56419365619886,56419366528185,56419366550926,3717525736,4.3646,0.9723,27.7790,0.9083,0.0227,34.0481,1
835,56419378070651,56419382345980,56419383151965,56419383153020,56419411151913,56419412123620,56419412146861,1983205490,4.2753,0.8060,27.9989,0.9717,0.0232,34.0762,1
836,56419424432904,56419428920623,56419429564088,56419429564977,56419456827515,56419457687148,56419457708870,74824759,4.4877,0.6435,27.2625,0.8596,0.0217,33.2760,1
837,56419490837411,56419495157852,56419495848058,56419495849632,56419523099207,56419523952969,56419523975136,3018111097,4.3204,0.6902,27.2496,0.8538,0.0222,33.1377,1
838,56419561142172,56419565535354,56419566436598,56419566438468,56419594141971,56419595059734,56419595082419,2655217177,4.3932,0.9012,27.7035,0.9178,0.0227,33.9402,1
839,56419609307949,56419613254741,56419613913095,56419613913947,56419641341282,56419642198359,56419642220859,433977996,3.9468,0.6584,27.4273,0.8571,0.0225,32.9129,1
840,56419701298175,56419705484097,56419706335025,56419706336544,56419734367585,56419735356866,56419735379681,2293888722,4.1859,0.8509,28.0310,0.9893,0.0228,34.0815,1
841,56419739466529,56419743254523,56419744329157,56419744330971,56419771906067,56419772850848,56419772873885,2293888722,3.7880,1.0746,27.5751,0.9448,0.0230,33.4074,1
842,56419799844256,56419804275308,56419804956533,56419804957440,56419832389072,56419833321242,56419833345131,2859292855,4.4311,0.6812,27.4316,0.9322,0.0239,33.5009,1
843,56419888928304,56419892678539,56419893532061,56419893533450,56419922056067,56419923133848,56419923182497,4257352461,3.7502,0.8535,28.5226,1.0778,0.0486,34.2542,1
844,56419924974336,56419929556926,56419930397762,56419930398799,56419957809301,56419958663860,56419958686304,4257352461,4.5826,0.8408,27.4105,0.8546,0.0224,33.7120,1
845,56420000666487,56420005119132,56420006121098,56420006123524,56420033695378,56420034664011,56420034686456,3918398746,4.4526,1.0020,27.5719,0.9686,0.0224,34.0200,1
846,56420052501221,56420056350827,56420057233812,56420057234867,56420085398724,56420086784710,56420086814617,53070220,3.8496,0.8830,28.1639,1.3860,0.0299,34.3134,1
847,56420112414224,56420115990515,56420117859280,56420117863206,56420145622728,56420146481583,56420146504713,3321851711,3.5763,1.8688,27.7595,0.8589,0.0231,34.0905,1
848,56420203669484,56420207584905,56420208464890,56420208466149,56420236259189,56420237455860,56420237479749,3582562656,3.9154,0.8800,27.7930,1.1967,0.0239,33.8103,1
849,56420247487913,56420251956781,56420252704876,56420252705931,56420279729599,56420280602102,56420280625176,3198492872,4.4689,0.7481,27.0237,0.8725,0.0231,33.1373,1
850,56420314595793,56420319081198,56420319593107,56420319593885,56420347346462,56420348413243,56420348437040,1205844868,4.4854,0.5119,27.7526,1.0668,0.0238,33.8412,1
851,56420369269334,56420373475126,56420374092980,56420374093888,56420401442038,56420402371522,56420402394448,184809799,4.2058,0.6179,27.3482,0.9295,0.0229,33.1251,1
852,56420423300428,56420427367238,56420428128556,56420428130056,56420455903781,56420456784321,56420456806359,3564944110,4.0668,0.7613,27.7737,0.8805,0.0220,33.5059,1
853,56420509402485,56420513447906,56420514136131,56420514137112,56420541566614,56420542451747,56420542473895,928072393,4.0454,0.6882,27.4295,0.8851,0.0221,33.0714,1
854,56420573334502,56420577200034,56420578151463,56420578153204,56420605534020,56420606397135,56420606419375,928072393,3.8655,0.9514,27.3808,0.8631,0.0222,33.0849,1
855,56420654887135,56420660451618,56420661490547,56420661491973,56420690439295,56420692134727,56420692163635,3748810495,5.5645,1.0389,28.9473,1.6954,0.0289,37.2765,1
856,56420687340229,56420696641076,56420697129744,56420697130744,56420724959285,56420726090937,56420726118789,3748810495,9.3008,0.4887,27.8285,1.1317,0.0279,38.7786,1
857,56420750430354,56420754284497,56420755049833,56420755050722,56420782923707,56420783838525,56420783864118,3686954589,3.8541,0.7653,27.8730,0.9148,0.0256,33.4338,1
858,56420803868298,56420808193591,56420808855260,56420808856408,56420836524522,56420837401562,56420837423859,4052624968,4.3253,0.6617,27.6681,0.8770,0.0223,33.5556,1
859,56420888876036,56420893672664,56420894358000,56420894358944,56420921752687,56420922654986,56420922679523,471869057,4.7966,0.6853,27.3937,0.9023,0.0245,33.8035,1
860,56420952581145,56420956304362,56420957530533,56420957531922,56420985051128,56420986296410,56420986319095,471869057,3.7232,1.2262,27.5192,1.2453,0.0227,33.7379,1
861,56421005274698,56421009300360,56421010327937,56421010330067,56421037594495,56421038450535,56421038472720,1163737074,4.0257,1.0276,27.2644,0.8560,0.0222,33.1980,1
862,56421073474248,56421078538432,56421079099731,56421079100286,56421106516140,56421107423291,56421107548255,1439130442,5.0642,0.5613,27.4159,0.9072,0.1250,34.0740,1
863,56421119288925,56421123374495,56421124372720,56421124374035,56421152277206,56421153318487,56421153341894,2476430222,4.0856,0.9982,27.9032,1.0413,0.0234,34.0530,1
864,56421201611746,56421205720187,56421206623838,56421206625153,56421233875580,56421234888510,56421234911343,2476430222,4.1084,0.9037,27.2504,1.0129,0.0228,33.2996,1
865,56421304148619,56421308221559,56421309571138,56421309572545,56421337230085,56421338201774,56421338223922,1697117327,4.0729,1.3496,27.6575,0.9717,0.0221,34.0753,1
866,56421344866038,56421348073771,56421349497924,56421349500831,56421377382280,56421378398357,56421378420691,1697117327,3.2077,1.4242,27.8814,1.0161,0.0223,33.5547,1
867,56421411246767,56421416123562,56421416908842,56421416909842,56421445980924,56421447790097,56421447841023,1697117327,4.8768,0.7853,29.0711,1.8092,0.0509,36.5943,1
868,56421443499286,56421452436761,56421453370172,56421453371764,56421482556106,56421484130222,56421484187000,1697117327,8.9375,0.9334,29.1843,1.5741,0.0568,40.6877,1
869,56421482229938,56421487880161,56421488566738,56421488567645,56421515790517,56421516662539,56421516684761,1697117327,5.6502,0.6866,27.2229,0.8720,0.0222,34.4548,1
870,56421577247507,56421582982860,56421583981104,56421583982716,56421613568651,56421615415269,56421615443343,1697117327,5.7354,0.9982,29.5859,1.8466,0.0281,38.1958,1
871,56421612803297,56421619280393,56421619852210,56421619853154,56421647900103,56421648848458,56421648871514,1697117327,6.4771,0.5718,28.0469,0.9484,0.0231,36.0682,1
872,56421662891488,56421667485023,56421668228025,56421668229173,56421695442415,56421696484623,56421696508104,4261196384,4.5935,0.7430,27.2132,1.0422,0.0235,33.6166,1
873,56421716446673,56421721639895,56421722282175,56421722283453,56421749377583,56421750236031,56421750258957,4261196384,5.1932,0.6423,27.0941,0.8584,0.0229,33.8123,1
874,56421781049359,56421785669486,56421786658008,56421786659138,56421814148492,56421815050903,56421815073440,4261196384,4.6201,0.9885,27.4894,0.9024,0.0225,34.0241,1
875,56421839663173,56421844213207,56421844881376,56421844882191,56421872225008,56421873317919,56421873340697,4261196384,4.5500,0.6682,27.3428,1.0929,0.0228,33.6775,1
876,56421899487639,56421903693246,56421904448286,56421904449508,56421931547713,56421932418697,56421932441364,4261196384,4.2056,0.7550,27.0982,0.8710,0.0227,32.9537,1
877,56421990040452,56421994612060,56421995575675,56421995576971,56422023178233,56422024255552,56422024278755,4261196384,4.5716,0.9636,27.6013,1.0773,0.0232,34.2383,1
878,56422026397763,56422030552370,56422031703522,56422031706040,56422059613452,56422060550233,56422060573621,4261196384,4.1546,1.1512,27.9074,0.9368,0.0234,34.1759,1
879,56422083610312,56422087999013,56422089297221,56422089300332,56422116521111,56422117372392,56422117395077,4261196384,4.3887,1.2982,27.2208,0.8513,0.0227,33.7848,1
880,56422155755950,56422160707190,56422161309803,56422161311081,56422188846380,56422189826605,56422189848587,1879717501,4.9512,0.6026,27.5353,0.9802,0.0220,34.0926,1
881,56422212392665,56422216315993,56422217867554,56422217868758,56422245245278,56422246093837,56422246116207,4292949583,3.9233,1.5516,27.3765,0.8486,0.0224,33.7235,1
882,56422279863713,56422283351613,56422285074619,56422285077638,56422313180828,56422314100738,56422314123368,4292949583,3.4879,1.7230,28.1032,0.9199,0.0226,34.2597,1
883,56422328171435,56422332924118,56422333751862,56422333752788,56422360876011,56422361728292,56422361750644,4292949583,4.7527,0.8277,27.1232,0.8523,0.0224,33.5792,1
884,56422390557336,56422394963555,56422396266355,56422396267763,56422423715950,56422424618176,56422424641305,4292949583,4.4062,1.3028,27.4482,0.9022,0.0231,34.0840,1
885,56422459271647,56422463284624,56422464410221,56422464412572,56422492098224,56422493120542,56422493143005,4292949583,4.0130,1.1256,27.6857,1.0223,0.0225,33.8714,1
886,56422517543423,56422521774048,56422523008590,56422523010219,56422550568166,56422551420317,56422551442743,4292949583,4.2306,1.2345,27.5579,0.8522,0.0224,33.8993,1
887,56422583685836,56422588482649,56422589303819,56422589306337,56422616886896,56422617782547,56422617804288,4292949583,4.7968,0.8212,27.5806,0.8957,0.0217,34.1185,1
888,56422642373854,56422647180241,56422648029966,56422648031133,56422675144319,56422675995489,56422676051507,4292949583,4.8064,0.8497,27.1132,0.8512,0.0560,33.6777,1
889,56422720615754,56422724956528,56422726137625,56422726138977,56422753528331,56422754413130,56422754437741,235753811,4.3408,1.1811,27.3894,0.8848,0.0246,33.8220,1
890,56422783846861,56422787713652,56422789244343,56422789246454,56422817038772,56422817927220,56422817950053,2333924934,3.8668,1.5307,27.7923,0.8884,0.0228,34.1032,1
891,56422831994694,56422837901659,56422838493013,56422838494032,56422865827682,56422866683055,56422866704796,3646718092,5.9070,0.5914,27.3336,0.8554,0.0217,34.7101,1
892,56422909463666,56422913410291,56422914533609,56422914534794,56422942552873,56422943451672,56422943474931,2433905277,3.9466,1.1233,28.0181,0.8988,0.0233,34.0113,1
893,56422950619252,56422954375265,56422955550732,56422955553047,56422983077142,56422983925756,56422983947497,2342127346,3.7560,1.1755,27.5241,0.8486,0.0217,33.3282,1
894,56423017475483,56423021395534,56423022352167,56423022353797,56423049714354,56423050561598,56423050583894,4179534721,3.9201,0.9566,27.3606,0.8472,0.0223,33.1084,1
895,56423098684560,56423102622574,56423103977616,56423103978931,56423131643841,56423132561585,56423132584548,540249568,3.9380,1.3550,27.6649,0.9177,0.0230,33.9000,1
896,56423144946257,56423149027420,56423150042997,56423150044423,56423177575481,56423178493170,56423178516077,1991457140,4.0812,1.0156,27.5311,0.9177,0.0229,33.5698,1
897,56423205862986,56423209696574,56423210655447,56423210656670,56423237982449,56423238833360,56423238855489,2634234238,3.8336,0.9589,27.3258,0.8509,0.0221,32.9925,1
898,56423294347311,56423298490862,56423299225087,56423299226124,56423327094350,56423328162039,56423328184650,1987129535,4.1436,0.7342,27.8682,1.0677,0.0226,33.8373,1
899,56423343317369,56423347662161,56423348397646,56423348398627,56423375938537,56423376949892,56423376972541,2415685095,4.3448,0.7355,27.5399,1.0114,0.0226,33.6552,1
900,56423388028005,56423392428779,56423393415208,56423393416857,56423420751321,56423421608176,56423421630750,2093839349,4.4008,0.9864,27.3345,0.8569,0.0226,33.6027,1
901,56423455255793,56423459734271,56423460550959,56423460551903,56423487668293,56423488544000,56423488565889,1957425648,4.4785,0.8167,27.1164,0.8757,0.0219,33.3101,1
902,56423547212796,56423551373921,56423552093238,56423552095516,56423579374055,56423580317225,56423580339725,3968909557,4.1611,0.7193,27.2785,0.9432,0.0225,33.1269,1
903,56423595356240,56423599124753,56423599799033,56423599800348,56423627031942,56423627886889,56423627909000,940092505,3.7685,0.6743,27.2316,0.8549,0.0221,32.5528,1
904,56423666680449,56423671019668,56423671997338,56423671998616,56423699707471,56423700777567,56423700799826,620037677,4.3392,0.9777,27.7089,1.0701,0.0223,34.1194,1
905,56423712786238,56423717157494,56423718176053,56423718177553,56423745529333,56423746826819,56423746849578,245612592,4.3713,1.0186,27.3518,1.2975,0.0228,34.0633,1
906,56423759957346,56423764138508,56423764795770,56423764797788,56423792519495,56423793370442,56423793393017,3424980457,4.1812,0.6573,27.7217,0.8509,0.0226,33.4357,1
907,56423858280852,56423862509959,56423863584685,56423863585611,56423891401615,56423892171747,56423892194228,4236166897,4.2291,1.0747,27.8160,0.7701,0.0225,33.9134,0
908,56423902380190,56423906682297,56423908081432,56423908082913,56423935352118,56423936576586,56423936598456,1011561734,4.3021,1.3991,27.2692,1.2245,0.0219,34.2183,1
909,56423948866239,56423952838234,56423954236035,56423954238665,56423981592130,56423982444670,56423982466540,2693178585,3.9720,1.3978,27.3535,0.8525,0.0219,33.6003,1
910,56424017773014,56424022259567,56424023107644,56424023108533,56424050773591,56424051671409,56424051694020,3077454680,4.4866,0.8481,27.6651,0.8978,0.0226,33.9210,1
911,56424080276916,56424084527004,56424085726360,56424085727360,56424113170159,56424114022403,56424114044977,2651971098,4.2501,1.1994,27.4428,0.8522,0.0226,33.7681,1
912,56424152694277,56424157210737,56424158320389,56424158322000,56424185965355,56424186886673,56424186909562,3952551879,4.5165,1.1097,27.6434,0.9213,0.0229,34.2153,1
913,56424204327955,56424209460695,56424210352106,56424210353143,56424237714571,56424238558481,56424238580018,1697516024,5.1327,0.8914,27.3614,0.8439,0.0215,34.2521,1
914,56424290013992,56424294625267,56424295356548,56424295357677,56424323123940,56424324060388,56424324083684,3622580713,4.6113,0.7313,27.7663,0.9364,0.0233,34.0697,1
915,56424335658113,56424340147110,56424340918057,56424340919094,56424368269003,56424369127173,56424369148618,2128553981,4.4890,0.7709,27.3499,0.8582,0.0214,33.4905,1
916,56424402647067,56424407419342,56424408304790,56424408306216,56424435775052,56424436695332,56424436722129,2186660691,4.7723,0.8854,27.4688,0.9203,0.0268,34.0751,1
917,56424448333780,56424452846629,56424453763595,56424453765077,56424481032301,56424481884007,56424481905859,1492533352,4.5128,0.9170,27.2672,0.8517,0.0219,33.5721,1
918,56424513585080,56424517789168,56424518792468,56424518795024,56424545806117,56424546655916,56424546677842,3350168894,4.2041,1.0033,27.0111,0.8498,0.0219,33.0928,1
919,56424600124268,56424604276745,56424606106751,56424606109177,56424634782887,56424636352356,56424636425967,444630807,4.1525,1.8300,28.6737,1.5695,0.0736,36.3017,1
920,56424636053633,56424640142387,56424641407762,56424641408799,56424669132747,56424669991083,56424670013676,444630807,4.0888,1.2654,27.7239,0.8583,0.0226,33.9600,1
921,56424705186964,56424709582850,56424710320889,56424710322019,56424737969855,56424738876636,56424738899284,2521665472,4.3959,0.7380,27.6478,0.9068,0.0226,33.7123,1
922,56424761985105,56424765658247,56424766962381,56424766964141,56424794582569,56424795649869,56424795672795,358230662,3.6731,1.3041,27.6184,1.0673,0.0229,33.6877,1
923,56424821817145,56424825840381,56424826767792,56424826768847,56424854375924,56424855231779,56424855253964,1015862136,4.0232,0.9274,27.6071,0.8559,0.0222,33.4368,1
924,56424907691405,56424912354439,56424913328461,56424913329684,56424940934464,56424941874412,56424941896505,553172410,4.6630,0.9740,27.6048,0.9399,0.0221,34.2051,1
925,56424952713727,56424957353262,56424958011319,56424958013579,56424985405951,56424986277047,56424986299825,3501362443,4.6395,0.6581,27.3924,0.8711,0.0228,33.5861,1
926,56425014952313,56425019032901,56425020262886,56425020264109,56425047811445,56425048771541,56425048794911,334161118,4.0806,1.2300,27.5473,0.9601,0.0234,33.8426,1
927,56425060761471,56425064955337,56425066219064,56425066221212,56425093719529,56425094346680,56425094368457,1828824684,4.1939,1.2637,27.4983,0.6272,0.0218,33.6070,0
928,56425147426215,56425152718363,56425153322180,56425153323124,56425180951942,56425181868482,56425181893964,917164031,5.2921,0.6038,27.6288,0.9165,0.0255,34.4677,1
929,56425186848981,56425191183255,56425192274185,56425192276555,56425219387482,56425220258300,56425220279819,3927647333,4.3343,1.0909,27.1109,0.8708,0.0215,33.4308,1
930,56425254800123,56425259334472,56425260201771,56425260203271,56425287274698,56425288148831,56425288171831,3665601898,4.5343,0.8673,27.0714,0.8741,0.0230,33.3717,1
931,56425340372048,56425345285047,56425346861349,56425346863349,56425376280376,56425377722566,56425377747048,4232513614,4.9130,1.5763,29.4170,1.4422,0.0245,37.3750,1
932,56425371615397,56425381243930,56425381898859,56425381899951,56425409284453,56425410137401,56425410159419,4225711296,9.6285,0.6549,27.3845,0.8529,0.0220,38.5440,1
933,56425472349764,56425478605786,56425479174010,56425479174862,56425507104717,56425508196740,56425508223721,515934590,6.2560,0.5682,27.9299,1.0920,0.0270,35.8740,1
934,56425511551751,56425515964174,56425517454568,56425517456142,56425544891922,56425545957259,56425545979944,839604540,4.4124,1.4904,27.4358,1.0653,0.0227,34.4282,1
935,56425552652708,56425557434614,56425558389450,56425558391246,56425585877897,56425586786104,56425586810085,2384404590,4.7819,0.9548,27.4867,0.9082,0.0240,34.1574,1
936,56425615508574,56425619414143,56425620644888,56425620645925,56425648137390,56425648992819,56425649014523,2764967299,3.9056,1.2307,27.4915,0.8554,0.0217,33.5059,1
937,56425693293250,56425696835818,56425698008748,56425698013007,56425725931603,56425726841755,56425726864218,105304845,3.5426,1.1729,27.9186,0.9102,0.0225,33.5710,1
938,56425739682151,56425744852558,56425745643857,56425745644857,56425773356045,56425774517068,56425774545642,547301216,5.1704,0.7913,27.7112,1.1610,0.0286,34.8635,1
939,56425799143801,56425804429356,56425805361359,56425805363267,56425835427871,56425836530763,56425836557060,2797239420,5.2856,0.9320,30.0646,1.1029,0.0263,37.4133,1
940,56425888278091,56425893082033,56425894012870,56425894014073,56425921478094,56425922521839,56425922548246,4173410952,4.8039,0.9308,27.4640,1.0437,0.0264,34.2702,1
941,56425967925847,56425974066887,56425974676611,56425974677371,56426002497652,56426003712749,56426003767212,3667217898,6.1410,0.6097,27.8203,1.2151,0.0545,35.8414,1
942,56426005345791,56426012414057,56426013004522,56426013005262,56426041097026,56426042196326,56426042223660,3682557812,7.0683,0.5905,28.0918,1.0993,0.0273,36.8779,1
943,56426057585157,56426062330488,56426063082491,56426063083639,56426090633475,56426091682034,56426091707664,1100495184,4.7453,0.7520,27.5498,1.0486,0.0256,34.1225,1
944,56426140735445,56426146178260,56426146736651,56426146737502,56426174584747,56426175452380,56426175480954,1419245678,5.4428,0.5584,27.8472,0.8676,0.0286,34.7455,0
945,56426193328515,56426198430552,56426199048831,56426199050035,56426228235043,56426229390047,56426229417344,2472699728,5.1020,0.6183,29.1850,1.1550,0.0273,36.0888,1
946,56426247066238,56426251395309,56426252264738,56426252265941,56426279925241,56426280992615,56426281018967,344314818,4.3291,0.8694,27.6593,1.0674,0.0264,33.9527,1
947,56426318430226,56426323396335,56426324209542,56426324211746,56426352146694,56426353228272,56426353256142,1966272758,4.9661,0.8132,27.9349,1.0816,0.0279,34.8259,1
948,56426366259558,56426371436150,56426372142411,56426372143615,56426399453617,56426400533769,56426400559658,2013349088,5.1766,0.7063,27.3100,1.0802,0.0259,34.3001,1
949,56426459106416,56426464936677,56426465780809,56426465782087,56426495761357,56426496934250,56426496961546,147667096,5.8303,0.8441,29.9793,1.1729,0.0273,37.8551,1
950,56426490325931,56426501683970,56426502281546,56426502282565,56426529849827,56426530938664,56426530964238,1596666974,11.3580,0.5976,27.5673,1.0888,0.0256,40.6383,1
951,56426577030786,56426582147471,56426582867640,56426582868677,56426610836792,56426612366260,56426612392575,2422980023,5.1167,0.7202,27.9681,1.5295,0.0263,35.3618,1
952,56426623924800,56426628467520,56426629123633,56426629124540,56426656869173,56426658266271,56426658292900,1781469457,4.5427,0.6561,27.7446,1.3971,0.0266,34.3681,1
953,56426678495674,56426683151431,56426684222360,56426684224009,56426711998049,56426713109183,56426713135516,1867941584,4.6558,1.0709,27.7740,1.1111,0.0263,34.6398,1
954,56426745376053,56426750092070,56426750890924,56426750892535,56426778928521,56426780218137,56426780244359,1485969692,4.7160,0.7989,28.0360,1.2896,0.0262,34.8683,1
955,56426792674865,56426797499104,56426798170180,56426798171162,56426825475349,56426826476019,56426826499963,1708261697,4.8242,0.6711,27.3042,1.0007,0.0239,33.8251,1
956,56426884977777,56426890591444,56426891211891,56426891212872,56426919124228,56426920353899,56426920378362,2832414446,5.6137,0.6204,27.9114,1.2297,0.0245,35.4006,1
957,56426930890121,56426935765508,56426936485584,56426936486770,56426964124810,56426965331610,56426965358518,704827316,4.8754,0.7201,27.6380,1.2068,0.0269,34.4684,1
958,56426978440452,56426983501654,56426984225231,56426984226416,56427011837493,56427012958349,56427012985553,1573076995,5.0612,0.7236,27.6111,1.1209,0.0272,34.5451,1
959,56427049862606,56427054669660,56427055412218,56427055413236,56427083141499,56427084223817,56427084249392,1822878744,4.8071,0.7426,27.7283,1.0823,0.0256,34.3868,1
960,56427137487020,56427142796705,56427143489208,56427143490245,56427171511008,56427172758846,56427172786198,1758618427,5.3097,0.6925,28.0208,1.2478,0.0274,35.2992,1
961,56427179492739,56427184328719,56427185131259,56427185132333,56427212721595,56427214064618,56427214093803,2721383530,4.8360,0.8025,27.5893,1.3430,0.0292,34.6011,1
962,56427241866585,56427247065158,56427247818587,56427247820253,56427275410775,56427276447112,56427276470908,4143353980,5.1986,0.7534,27.5905,1.0363,0.0238,34.6043,1
963,56427323230607,56427329042405,56427330102742,56427330105112,56427359207379,56427360717033,56427360766329,1609705221,5.8118,1.0603,29.1023,1.5097,0.0493,37.5357,1
964,56427356490536,56427364895251,56427365545994,56427365546975,56427393067144,56427394108815,56427394134611,806229620,8.4047,0.6507,27.5202,1.0417,0.0258,37.6441,1
965,56427432253280,56427438869081,56427439567046,56427439568157,56427467368216,56427468604424,56427468630350,2606688631,6.6158,0.6980,27.8001,1.2362,0.0259,36.3771,1
966,56427484291978,56427489062458,56427489948146,56427489949350,56427517658501,56427518842487,56427518869302,1188264897,4.7705,0.8857,27.7092,1.1840,0.0268,34.5773,1
967,56427541425620,56427546070414,56427546748361,56427546749213,56427574207493,56427575209626,56427575234848,1600677295,4.6448,0.6779,27.4583,1.0021,0.0252,33.8092,1
968,56427630324391,56427635347908,56427635871002,56427635872225,56427664074378,56427665403475,56427665431253,3526334249,5.0235,0.5231,28.2022,1.3291,0.0278,35.1069,1
969,56427669583767,56427674615377,56427675368213,56427675369509,56427703092698,56427704370221,56427704399554,3526334249,5.0316,0.7528,27.7232,1.2775,0.0293,34.8158,1
970,56427729669975,56427734781196,56427735622847,56427735624199,56427763606074,56427764632744,56427764657688,3319828734,5.1112,0.8417,27.9819,1.0267,0.0249,34.9877,1
971,56427817911317,56427822859408,56427823587207,56427823588207,56427852125213,56427853506459,56427853535848,4277394591,4.9481,0.7278,28.5370,1.3812,0.0294,35.6245,1
972,56427855001297,56427859510127,56427860607798,56427860609187,56427888165152,56427889211341,56427889236601,4277394591,4.5088,1.0977,27.5560,1.0462,0.0253,34.2353,1
973,56427928769126,56427933862681,56427934601535,56427934602795,56427962476706,56427963619265,56427963646784,718231999,5.0936,0.7389,27.8739,1.1426,0.0275,34.8777,1
974,56427980823769,56427985955324,56427986683252,56427986684549,56428014205125,56428015304240,56428015330629,592892325,5.1316,0.7279,27.5206,1.0991,0.0264,34.5069,1
975,56428046917553,56428051395809,56428052577239,56428052581314,56428080262909,56428081308820,56428081334283,1257179409,4.4783,1.1814,27.6816,1.0459,0.0255,34.4167,1
976,56428122540130,56428127075219,56428127805907,56428127806963,56428155510169,56428156796026,56428156826118,1976257077,4.5351,0.7307,27.7032,1.2859,0.0301,34.2860,1
977,56428161418560,56428166535689,56428167550118,56428167551322,56428195094436,56428196213829,56428196238903,1297445253,5.1171,1.0144,27.5431,1.1194,0.0251,34.8203,1
978,56428253545471,56428258532507,56428259218917,56428259220269,56428288598148,56428291307195,56428291345843,2022154198,4.9870,0.6864,29.3779,2.7090,0.0386,37.8004,1
979,56428289230836,56428296104896,56428296792639,56428296793602,56428324601032,56428325706980,56428325733777,2022154198,6.8741,0.6877,27.8074,1.1059,0.0268,36.5029,1
980,56428361275307,56428366444343,56428367109623,56428367110716,56428394682830,56428395956853,56428395983964,3071667765,5.1690,0.6653,27.5721,1.2740,0.0271,34.7087,1
981,56428411334887,56428417674613,56428418353615,56428418354578,56428446377268,56428447183585,56428447209104,2000061523,6.3397,0.6790,28.0227,0.8063,0.0255,35.8742,0
982,56428471287335,56428476301056,56428476991985,56428476993614,56428504341264,56428505395416,56428505421027,1342250364,5.0137,0.6909,27.3477,1.0542,0.0256,34.1337,1
983,56428546205780,56428551444094,56428552185097,56428552186541,56428579851766,56428581002030,56428581030067,3667628755,5.2383,0.7410,27.6652,1.1503,0.0280,34.8243,1
984,56428597133048,56428601596675,56428602831216,56428602833346,56428630582349,56428631906594,56428632046113,844914415,4.4636,1.2345,27.7490,1.3242,0.1395,34.9131,1
985,56428664126576,56428670852099,56428671435935,56428671436620,56428699321883,56428700684258,56428700711703,722793742,6.7255,0.5838,27.8853,1.3624,0.0274,36.5851,1
986,56428721194199,56428727840185,56428728522077,56428728523614,56428756521248,56428757570547,56428757597011,507150385,6.6460,0.6819,27.9976,1.0493,0.0265,36.4028,1
987,56428812817813,56428817790700,56428818432795,56428818433851,56428846580929,56428847926138,56428847952971,692213733,4.9729,0.6421,28.1471,1.3452,0.0268,35.1352,1
988,56428856843206,56428862789634,56428863358080,56428863358895,56428891108306,56428892282587,56428892314217,496045264,5.9464,0.5684,27.7494,1.1743,0.0316,35.4710,1
989,56428910014038,56428915110740,56428915706965,56428915708724,56428943394338,56428944584583,56428944610805,2495193835,5.0967,0.5962,27.6856,1.1902,0.0262,34.5968,1
990,56428969971189,56428974754854,56428975354449,56428975355338,56429003230341,56429004541013,56429004567494,2220451342,4.7837,0.5996,27.8750,1.3107,0.0265,34.5963,1
991,56429030872307,56429035925084,56429036563309,56429036564253,56429064102015,56429065629650,56429065655613,3340914962,5.0528,0.6382,27.5378,1.5276,0.0260,34.7833,1
992,56429092039352,56429096720609,56429097719279,56429097721168,56429125268967,56429126311082,56429126337267,3507459564,4.6813,0.9987,27.5478,1.0421,0.0262,34.2979,1
993,56429182663869,56429187318145,56429188179074,56429188180666,56429216175615,56429217277396,56429217304378,3952455677,4.6543,0.8609,27.9949,1.1018,0.0270,34.6405,1
994,56429233610305,56429238264228,56429239232139,56429239233380,56429267095439,56429268267869,56429268297499,3680264451,4.6539,0.9679,27.8621,1.1724,0.0296,34.6872,1
995,56429282750641,56429287730677,56429288836144,56429288838311,56429316569314,56429317672762,56429317699651,1235673170,4.9800,1.1055,27.7310,1.1034,0.0269,34.9490,1
996,56429364834629,56429370093295,56429370948206,56429370949187,56429398647635,56429401270088,56429401301051,1199220949,5.2587,0.8549,27.6984,2.6225,0.0310,36.4664,1
997,56429403892653,56429409105875,56429409770081,56429409771266,56429437318028,56429438666884,56429438692718,1581668961,5.2132,0.6642,27.5468,1.3489,0.0258,34.8001,1
998,56429463500470,56429469247064,56429469833733,56429469834714,56429497261920,56429498310090,56429498337498,2689456404,5.7466,0.5867,27.4272,1.0482,0.0274,34.8370,1
999,56429544698103,56429549901380,56429550568845,56429550569827,56429578322552,56429579776835,56429579804557,2729318467,5.2033,0.6675,27.7527,1.4543,0.0277,35.1065,1
1000,56429595130351,56429600348351,56429601279150,56429601280410,56429628962116,56429630056379,56429630083046,4283049799,5.2180,0.9308,27.6817,1.0943,0.0267,34.9527,1
1001,56429680794240,56429685486608,56429686187629,56429686189018,56429714034133,56429717275774,56429717306866,1351108111,4.6924,0.7010,27.8451,3.2416,0.0311,36.5126,1
1002,56429717301477,56429722136624,56429722847663,56429722849015,56429750414259,56429751417762,56429751443299,1351108111,4.8351,0.7110,27.5652,1.0035,0.0255,34.1418,1
1003,56429790684027,56429794933079,56429795870175,56429795871601,56429823709531,56429824924609,56429824949979,1052625509,4.2491,0.9371,27.8379,1.2151,0.0254,34.2660,1
1004,56429837462597,56429842140002,56429843296784,56429843298228,56429870996398,56429872112105,56429872138883,323687498,4.6774,1.1568,27.6982,1.1157,0.0268,34.6763,1
1005,56429933821578,56429939113800,56429939813284,56429939814506,56429967713492,56429968920903,56429968946681,2724578362,5.2922,0.6995,27.8990,1.2074,0.0258,35.1251,1
1006,56429978683270,56429984105308,56429984776347,56429984777643,56430012629240,56430013734429,56430013760929,1654119459,5.4220,0.6710,27.8516,1.1052,0.0265,35.0777,1
1007,56430025876841,56430030864580,56430031529823,56430031530675,56430058880196,56430059763940,56430059785440,760424720,4.9877,0.6652,27.3495,0.8837,0.0215,33.9086,1
1008,56430089250245,56430094441689,56430095142395,56430095143247,56430122110581,56430122954214,56430122976325,1291616028,5.1914,0.7007,26.9673,0.8436,0.0221,33.7261,1
1009,56430164068930,56430167654979,56430168918391,56430168919706,56430196488986,56430197548379,56430197572138,1683527747,3.5860,1.2634,27.5693,1.0594,0.0238,33.5032,1
1010,56430222484336,56430226879869,56430227497316,56430227498594,56430254987263,56430255874359,56430255896933,2532249371,4.3955,0.6174,27.4887,0.8871,0.0226,33.4126,1
1011,56430276103669,56430279504737,56430280745241,56430280747630,56430308713930,56430309560415,56430309582600,3038432974,3.4011,1.2405,27.9663,0.8465,0.0222,33.4789,1
1012,56430350504723,56430354862979,56430355629555,56430355630944,56430383367874,56430384301136,56430384323303,3975617481,4.3583,0.7666,27.7369,0.9333,0.0222,33.8186,1
1013,56430396727772,56430401047046,56430401978808,56430401980253,56430429376366,56430430227906,56430430249869,3088949370,4.3193,0.9318,27.3961,0.8515,0.0220,33.5221,1
1014,56430461243235,56430465753251,56430466377031,56430466377994,56430493594958,56430494444239,56430494466832,4017028116,4.5100,0.6238,27.2170,0.8493,0.0226,33.2236,1
1015,56430532851168,56430537823926,56430538384669,56430538385299,56430565849264,56430566700063,56430566721989,4017028116,4.9728,0.5607,27.4640,0.8508,0.0219,33.8708,1
1016,56430616560532,56430620326545,56430621352697,56430621353567,56430648967681,56430649974351,56430649997425,4105934743,3.7660,1.0262,27.6141,1.0067,0.0231,33.4369,1
1017,56430661044278,56430664948718,56430666168685,56430666171703,56430693832818,56430694803025,56430694901488,3965761236,3.9044,1.2200,27.6611,0.9702,0.0985,33.8572,1
1018,56430711793232,56430715754616,56430717086435,56430717087602,56430744670475,56430745519385,56430745542034,797377677,3.9614,1.3318,27.5829,0.8489,0.0226,33.7488,1
1019,56430804365515,56430808944716,56430809610570,56430809611551,56430841246809,56430842207331,56430842230183,2574745021,4.5792,0.6659,31.6353,0.9605,0.0229,37.8647,1
1020,56430836619552,56430845462824,56430846126900,56430846127807,56430873340772,56430874196812,56430874219923,3897405864,8.8433,0.6641,27.2130,0.8560,0.0231,37.6004,1
1021,56430928234647,56430933173349,56430934097075,56430934098426,56430962853211,56430963847215,56430963871344,3432413305,4.9387,0.9237,28.7548,0.9940,0.0241,35.6367,1
1022,56430955432704,56430967071152,56430967490375,56430967491060,56430994851618,56430995700195,56430995722288,96116657,11.6384,0.4192,27.3606,0.8486,0.0221,40.2896,1
1023,56431054635843,56431058605598,56431059355860,56431059356804,56431087056585,56431087925940,56431087948162,349934474,3.9698,0.7503,27.6998,0.8694,0.0222,33.3123,1
1024,56431095912005,56431100553502,56431101534598,56431101535913,56431128866211,56431129853270,56431129876363,3774624591,4.6415,0.9811,27.3303,0.9871,0.0231,33.9644,1
1025,56431162177826,56431166591564,56431167662401,56431167663697,56431194911366,56431195765813,56431195787832,3144295852,4.4137,1.0708,27.2477,0.8544,0.0220,33.6100,1
1026,56431251897766,56431256813320,56431257396211,56431257397267,56431285109437,56431285992829,56431286015384,291525695,4.9156,0.5829,27.7122,0.8834,0.0226,34.1176,1
1027,56431294320506,56431298267575,56431299437246,56431299439412,56431327174138,56431328268253,56431328290994,2868349458,3.9471,1.1697,27.7347,1.0941,0.0227,33.9705,1
1028,56431334717516,56431339724496,56431340324017,56431340324794,56431367790556,56431368693893,56431368720856,2868349458,5.0070,0.5995,27.4658,0.9033,0.0270,34.0033,1
1029,56431397116509,56431401887785,56431403092938,56431403096086,56431430250568,56431431103886,56431431125849,711136373,4.7713,1.2052,27.1545,0.8533,0.0220,34.0093,1
1030,56431461664085,56431465801080,56431466870214,56431466871269,56431494284734,56431495159423,56431495181960,1491801854,4.1370,1.0691,27.4135,0.8747,0.0225,33.5179,1
1031,56431531322270,56431535697692,56431536760178,56431536762455,56431563910846,56431564777052,56431564799145,1491801854,4.3754,1.0625,27.1484,0.8662,0.0221,33.4769,1
1032,56431606463808,56431610912193,56431612062457,56431612064420,56431639501200,56431640459184,56431640481407,3858922718,4.4484,1.1503,27.4368,0.9580,0.0222,34.0176,1
1033,56431654018305,56431658262135,56431659121934,56431659122916,56431686559807,56431687469958,56431687493551,2212182950,4.2438,0.8598,27.4369,0.9102,0.0236,33.4752,1
1034,56431697151751,56431701698767,56431702467732,56431702469121,56431729817327,56431730667182,56431730689682,722962804,4.5470,0.7690,27.3482,0.8499,0.0225,33.5379,1
1035,56431770012207,56431774837094,56431775429485,56431775430429,56431802765987,56431803611101,56431803633397,3008549985,4.8249,0.5924,27.3356,0.8451,0.0223,33.6212,1
1036,56431846475582,56431850933764,56431851723712,56431851724786,56431879270844,56431880213310,56431880236477,3899364166,4.4582,0.7899,27.5461,0.9425,0.0232,33.7609,1
1037,56431899103190,56431903153538,56431904131022,56431904133208,56431931447135,56431932332750,56431932355602,763425394,4.0503,0.9775,27.3139,0.8856,0.0229,33.2524,1
1038,56431988519740,56431993412294,56431993972259,56431993973241,56432021501280,56432022399635,56432022422098,2461998371,4.8926,0.5600,27.5280,0.8984,0.0225,33.9024,1
1039,56432029216770,56432033123339,56432034336825,56432034338528,56432062001606,56432063009146,56432063031424,3108286781,3.9066,1.2135,27.6631,1.0075,0.0223,33.8147,1
1040,56432076856694,56432080717356,56432081708007,56432081709840,56432109141195,56432109993605,56432110016216,3476476059,3.8607,0.9907,27.4314,0.8524,0.0226,33.1595,1
1041,56432152212455,56432155900597,56432157256157,56432157257768,56432184986920,56432185882312,56432185906016,1106096219,3.6881,1.3556,27.7292,0.8954,0.0237,33.6936,1
1042,56432198900690,56432202969704,56432204049912,56432204051671,56432231496951,56432232369325,56432232391954,3951106767,4.0690,1.0802,27.4453,0.8724,0.0226,33.4913,1
1043,56432289496578,56432293964964,56432294722800,56432294723744,56432322110950,56432323001990,56432323024249,2327079036,4.4684,0.7578,27.3872,0.8910,0.0223,33.5277,1
1044,56432350498252,56432354799563,56432356099660,56432356101771,56432384824815,56432386170023,56432386208079,3121519579,4.3013,1.3001,28.7230,1.3452,0.0381,35.7098,1
1045,56432382863827,56432390622409,56432391540709,56432391541709,56432418968877,56432419875492,56432419898381,4021874839,7.7586,0.9183,27.4272,0.9066,0.0229,37.0346,1
1046,56432443669593,56432447564625,56432449006870,56432449008333,56432476563151,56432477429024,56432477450876,4021874839,3.8950,1.4422,27.5548,0.8659,0.0219,33.7813,1
1047,56432520042449,56432524410668,56432525128152,56432525129041,56432552674210,56432553585565,56432553609584,2373684650,4.3682,0.7175,27.5452,0.9114,0.0240,33.5671,1
1048,56432575564586,56432580104120,56432581037457,56432581038753,56432608252014,56432609141369,56432609164443,3611547057,4.5395,0.9333,27.2133,0.8894,0.0231,33.5999,1
1049,56432633208841,56432637987283,56432638608119,56432638609100,56432666131492,56432667131366,56432667153347,2395425756,4.7784,0.6208,27.5224,0.9999,0.0220,33.9445,1
1050,56432696390189,56432701222206,56432701808523,56432701809300,56432729093358,56432729945638,56432729967490,3657095848,4.8320,0.5863,27.2841,0.8523,0.0219,33.5773,1
1051,56432788776323,56432793975749,56432795028790,56432795030456,56432825219283,56432826131360,56432826154453,402649742,5.1994,1.0530,30.1888,0.9121,0.0231,37.3781,1
1052,56432819409448,56432830011299,56432830544709,56432830545931,56432857684469,56432858536565,56432858557917,3270599187,10.6019,0.5334,27.1385,0.8521,0.0214,39.1485,1
1053,56432904223575,56432909200240,56432909789798,56432909790427,56432937235726,56432938277118,56432938299248,3313209513,4.9767,0.5896,27.4453,1.0414,0.0221,34.0757,1
1054,56432952362667,56432956219588,56432957364833,56432957365907,56432985013465,56432986485433,56432986508582,4033830808,3.8569,1.1452,27.6476,1.4720,0.0231,34.1459,1
1055,56433007338950,56433011407297,56433012705283,56433012706969,56433039867840,56433040734751,56433040756843,999416460,4.0683,1.2980,27.1609,0.8669,0.0221,33.4179,1
1056,56433093517544,56433097439817,56433099106934,56433099108638,56433126883919,56433127853163,56433127881571,2801803051,3.9223,1.6671,27.7753,0.9692,0.0284,34.3640,1
1057,56433129483761,56433134043370,56433135209503,56433135210652,56433162714376,56433163583028,56433163605602,1643299958,4.5596,1.1661,27.5037,0.8687,0.0226,34.1218,1
1058,56433192457572,56433199005724,56433199615911,56433199617337,56433227543434,56433228413530,56433228435770,2423404095,6.5482,0.6102,27.9261,0.8701,0.0222,35.9782,1
1059,56433284106333,56433288326311,56433289605927,56433289607389,56433321750964,56433322703874,56433322726763,1548203474,4.2200,1.2796,32.1436,0.9529,0.0229,38.6204,1
1060,56433317548116,56433325698070,56433326519739,56433326520925,56433354108576,56433354970986,56433354993542,400430975,8.1500,0.8217,27.5877,0.8624,0.0226,37.4454,1
1061,56433392938562,56433396876501,56433397633430,56433397634282,56433425071914,56433425965861,56433425988639,4090291978,3.9379,0.7569,27.4376,0.8939,0.0228,33.0501,1
1062,56433439364889,56433443655589,56433444883482,56433444884927,56433472130743,56433472982968,56433473005339,2134593414,4.2907,1.2279,27.2458,0.8522,0.0224,33.6405,1
1063,56433532532785,56433537075597,56433537821859,56433537823026,56433565135620,56433566056883,56433566079531,2683210028,4.5428,0.7463,27.3126,0.9213,0.0226,33.5467,1
1064,56433582061123,56433588075292,56433588696758,56433588698221,56433616737114,56433617666895,56433617689413,2683210028,6.0142,0.6215,28.0389,0.9298,0.0225,35.6283,1
1065,56433629254046,56433633493727,56433634356693,56433634357934,56433661625269,56433662475531,56433662497624,4065496500,4.2397,0.8630,27.2673,0.8503,0.0221,33.2436,1
1066,56433715212029,56433719184894,56433720550325,56433720552843,56433748119865,56433749108961,56433749132405,1868685106,3.9729,1.3654,27.5670,0.9891,0.0234,33.9204,1
1067,56433759506774,56433763587363,56433764661903,56433764664033,56433792389888,56433793279447,56433793302132,3366327983,4.0806,1.0745,27.7259,0.8896,0.0227,33.7954,1
1068,56433815135948,56433819829965,56433820563689,56433820564652,56433847941821,56433848871287,56433848894843,2553601732,4.6940,0.7337,27.3772,0.9295,0.0236,33.7589,1
1069,56433868480114,56433873742318,56433874300209,56433874301172,56433901278228,56433902128009,56433902150638,2988400524,5.2622,0.5579,26.9771,0.8498,0.0226,33.6705,1
1070,56433934858937,56433939310637,56433940417715,56433940419086,56433967808458,56433968674220,56433968696739,3137640644,4.4517,1.1071,27.3894,0.8658,0.0225,33.8378,1
1071,56434033565315,56434038100275,56434039145353,56434039146853,56434066842393,56434067720730,56434067743119,3665798061,4.5350,1.0451,27.6955,0.8783,0.0224,34.1778,1
1072,56434088855692,56434093256818,56434094269433,56434094270618,56434121920917,56434122574031,56434122597068,3729407182,4.4011,1.0126,27.6503,0.6531,0.0230,33.7414,0
1073,56434130503132,56434135029944,56434135814928,56434135815836,56434163326653,56434164345879,56434164367953,1096411453,4.5268,0.7850,27.5108,1.0192,0.0221,33.8648,1
1074,56434187647941,56434191815326,56434193355553,56434193357164,56434220742185,56434221592744,56434221614873,3199084083,4.1674,1.5402,27.3850,0.8506,0.0221,33.9669,1
1075,56434259620783,56434263814686,56434265248247,56434265249635,56434292879416,56434293759419,56434293782345,2123102165,4.1939,1.4336,27.6298,0.8800,0.0229,34.1616,1
1076,56434306706149,56434310956220,56434312202687,56434312206446,56434339427300,56434340298914,56434340321099,4290029194,4.2501,1.2465,27.2209,0.8716,0.0222,33.6150,1
1077,56434394781528,56434399422970,56434400430270,56434400433048,56434427797568,56434428715312,56434428737794,4001117895,4.6414,1.0073,27.3645,0.9177,0.0225,33.9563,1
1078,56434438949792,56434443346289,56434444526589,56434444527959,56434471812424,56434472689168,56434472711187,3361586008,4.3965,1.1803,27.2845,0.8767,0.0220,33.7614,1
1079,56434516380523,56434520853742,56434521574633,56434521575837,56434549145210,56434550123510,56434550145455,2455318888,4.4732,0.7209,27.5694,0.9783,0.0219,33.7649,1
1080,56434564721894,56434568748982,56434569396799,56434569397651,56434596724616,56434597703545,56434597726230,767136882,4.0271,0.6478,27.3270,0.9789,0.0227,33.0043,1
1081,56434623790432,56434627983891,56434628834227,56434628835690,56434656070562,56434656925380,56434656947713,2703779266,4.1935,0.8503,27.2349,0.8548,0.0223,33.1573,1
1082,56434711986496,56434716163029,56434716990495,56434716992069,56434744857776,56434747066006,56434747120062,3699443328,4.1765,0.8275,27.8657,2.2082,0.0541,35.1336,1
1083,56434747718731,56434751949394,56434753048897,56434753050083,56434780484196,56434781389532,56434781411866,2293979199,4.2307,1.0995,27.4341,0.9053,0.0223,33.6931,1
1084,56434806544249,56434811108913,56434812065602,56434812067842,56434839476789,56434840356440,56434840378588,2292812661,4.5647,0.9567,27.4089,0.8797,0.0221,33.8343,1
1085,56434898971088,56434903183584,56434904149420,56434904151217,56434933574855,56434934563525,56434934586359,807528135,4.2125,0.9658,29.4236,0.9887,0.0228,35.6153,1
1086,56434929712416,56434938280538,56434939258894,56434939260171,56434966842100,56434967886437,56434967909122,2556302972,8.5681,0.9784,27.5819,1.0443,0.0227,38.1967,1
1087,56435000342031,56435004398193,56435005339770,56435005341159,56435032553031,56435033429368,56435033451294,2556302972,4.0562,0.9416,27.2119,0.8763,0.0219,33.1093,1
1088,56435075016530,56435080609716,56435081497034,56435081498608,56435109382853,56435110512727,56435110539838,1210207462,5.5932,0.8873,27.8842,1.1299,0.0271,35.5233,1
1089,56435137205467,56435142024058,56435142974673,56435142976413,56435170700806,56435171796013,56435171822291,3093282123,4.8186,0.9506,27.7244,1.0952,0.0263,34.6168,1
1090,56435207955990,56435213765103,56435214436679,56435214437790,56435242727833,56435244069430,56435244100671,394534164,5.8091,0.6716,28.2900,1.3416,0.0312,36.1447,1
1091,56435247530090,56435252431774,56435253101461,56435253103239,56435280687612,56435281895987,56435281923709,394534164,4.9017,0.6697,27.5844,1.2084,0.0277,34.3936,1
1092,56435302145872,56435307672946,56435308623209,56435308624783,56435335918266,56435336940344,56435336964511,6250201,5.5271,0.9503,27.2935,1.0221,0.0242,34.8186,1
1093,56435398018685,56435403222592,56435404259614,56435404261151,56435433279214,56435434856183,56435434915109,4112340290,5.2039,1.0370,29.0181,1.5770,0.0589,36.8964,1
1094,56435430609427,56435440091293,56435440656258,56435440657221,56435467957316,56435469127116,56435469153468,4112340290,9.4819,0.5650,27.3001,1.1698,0.0264,38.5440,1
1095,56435505336982,56435510457759,56435511165502,56435511166447,56435538749746,56435539828601,56435539854342,2586858814,5.1208,0.7077,27.5833,1.0789,0.0257,34.5174,1
1096,56435551456475,56435555976102,56435557021457,56435557022791,56435584631775,56435585725668,56435585751983,4138643064,4.5196,1.0454,27.6090,1.0939,0.0263,34.2955,1
1097,56435635494192,56435640142449,56435642420882,56435642422308,56435670447702,56435671614706,56435671642039,3543031978,4.6483,2.2784,28.0254,1.1670,0.0273,36.1478,1
1098,56435697153405,56435702420553,56435703187796,56435703188889,56435731086374,56435732393212,56435732420175,1624656175,5.2671,0.7672,27.8975,1.3068,0.0270,35.2668,1
1099,56435736911469,56435742422303,56435743159990,56435743161712,56435770804419,56435771851293,56435771876849,1981716841,5.5108,0.7377,27.6427,1.0469,0.0256,34.9654,1
1100,56435833126987,56435837947300,56435839458231,56435839460472,56435868835647,56435870416190,56435870462412,2363837215,4.8203,1.5109,29.3752,1.5805,0.0462,37.3354,1
1101,56435866430472,56435874671279,56435875255410,56435875256762,56435902986506,56435904137084,56435904164659,2363837215,8.2408,0.5841,27.7297,1.1506,0.0276,37.7342,1
1102,56435920083177,56435925283435,56435926106642,56435926110198,56435953537200,56435954536000,56435954560444,3324453210,5.2003,0.8232,27.4270,0.9988,0.0244,34.4773,1
1103,56435986465073,56435991762017,56435992674446,56435992675965,56436019988985,56436021043267,56436021073359,1309238308,5.2969,0.9124,27.3130,1.0543,0.0301,34.6083,1
1104,56436049158197,56436055351978,56436055896480,56436055897406,56436083540928,56436084655505,56436084681043,1293697738,6.1938,0.5445,27.6435,1.1146,0.0255,35.5228,1
1105,56436137864004,56436142002500,56436142857096,56436142858374,56436171195953,56436172317309,56436172343272,2021639004,4.1385,0.8546,28.3376,1.1214,0.0260,34.4793,1
1106,56436184598092,56436189794629,56436190373334,56436190374316,56436217986171,56436219084582,56436219124175,3673640406,5.1965,0.5787,27.6119,1.0984,0.0396,34.5261,1
1107,56436233437057,56436237993018,56436238641724,56436238643131,56436266365986,56436267378508,56436267403027,2399584592,4.5560,0.6487,27.7229,1.0125,0.0245,33.9660,1
1108,56436310274101,56436315349693,56436316094621,56436316095677,56436343929514,56436345022351,56436345047629,1143057430,5.0756,0.7449,27.8338,1.0928,0.0253,34.7735,1
1109,56436354820552,56436359345438,56436359918106,56436359919032,56436388225482,56436390217211,56436390243637,1650249407,4.5249,0.5727,28.3065,1.9917,0.0264,35.4231,1
1110,56436460831233,56436464112226,56436465009174,56436465010470,56436493786829,56436494933629,56436494961703,244070735,3.2810,0.8969,28.7764,1.1468,0.0281,34.1305,1
1111,56436481335434,56436498831606,56436499425552,56436499426200,56436526771517,56436527676224,56436527698668,244070735,17.4962,0.5939,27.3453,0.9047,0.0224,46.3632,1
1112,56436546318640,56436549898542,56436550628674,56436550629618,56436578159325,56436579058402,56436579081309,1238947280,3.5799,0.7301,27.5297,0.8991,0.0229,32.7627,1
1113,56436593687119,56436597866837,56436598495987,56436598496932,56436626855567,56436627912663,56436627938997,1448842924,4.1797,0.6291,28.3586,1.0571,0.0263,34.2519,1
1114,56436687511036,56436691414402,56436691984478,56436691985589,56436719944556,56436720875930,56436720898689,72128520,3.9034,0.5701,27.9590,0.9314,0.0228,33.3877,1
1115,56436728711716,56436732200598,56436732873304,56436732874119,56436760257695,56436761173551,56436761196828,995557229,3.4889,0.6727,27.3836,0.9159,0.0233,32.4851,1
1116,56436774438133,56436778523425,56436779136983,56436779137613,56436806496430,56436807351266,56436807373229,4050184600,4.0853,0.6136,27.3588,0.8548,0.0220,32.9351,1
1117,56436843607243,56436847423571,56436848123518,56436848124444,56436875038963,56436875890133,56436875912170,1619718735,3.8163,0.6999,26.9145,0.8512,0.0220,32.3049,1
1118,56436914458137,56436918206816,56436918890356,56436918891541,56436946021690,56436946901138,56436946924490,3196204830,3.7487,0.6835,27.1301,0.8794,0.0234,32.4664,1
1119,56436958104843,56436961981783,56436962564618,56436962565988,56436989807897,56436990657715,56436990679771,508064082,3.8769,0.5828,27.2419,0.8498,0.0221,32.5749,1
1120,56437040425221,56437044349901,56437044957755,56437044958681,56437072701314,56437074282819,56437074310949,3654187187,3.9247,0.6079,27.7426,1.5815,0.0281,33.8857,0
1121,56437091017285,56437095207003,56437095935968,56437095936950,56437123677676,56437124622105,56437124645994,1310809309,4.1897,0.7290,27.7407,0.9444,0.0239,33.6287,1
1122,56437180169927,56437183635642,56437184318626,56437184319626,56437211811444,56437212749336,56437212772484,1442014067,3.4657,0.6830,27.4918,0.9379,0.0231,32.6026,1
1123,56437225972030,56437229835450,56437230452230,56437230453230,56437257645695,56437258564328,56437258586439,2104890126,3.8634,0.6168,27.1925,0.9186,0.0221,32.6144,1
1124,56437272953637,56437278877879,56437279522419,56437279523493,56437306595549,56437307451645,56437307473997,1911086676,5.9242,0.6445,27.0721,0.8561,0.0224,34.5204,1
1125,56437348029508,56437352244541,56437352800098,56437352800765,56437380181582,56437381079474,56437381101567,2242072449,4.2150,0.5556,27.3808,0.8979,0.0221,33.0721,1
1126,56437391636751,56437395427264,56437396173489,56437396174600,56437423176379,56437424059789,56437424082178,2193859017,3.7905,0.7462,27.0018,0.8834,0.0224,32.4454,1
1127,56437466203046,56437469617984,56437470216912,56437470217782,56437497377191,56437498244491,56437498266917,1896162611,3.4149,0.5989,27.1594,0.8673,0.0224,32.0639,1
1128,56437534936562,56437538432722,56437539104002,56437539105002,56437566550338,56437567445656,56437567468138,806716625,3.4962,0.6713,27.4453,0.8953,0.0225,32.5316,1
1129,56437579604420,56437583678546,56437584329492,56437584330955,56437611442882,56437612358089,56437612380200,2735095903,4.0741,0.6509,27.1119,0.9152,0.0221,32.7758,1
1130,56437639207441,56437643246567,56437643821420,56437643822087,56437670985829,56437671845740,56437671868184,2152428081,4.0391,0.5749,27.1637,0.8599,0.0224,32.6607,1
1131,56437705691301,56437709085017,56437709779630,56437709780352,56437737074836,56437737930061,56437737953320,1371108710,3.3937,0.6946,27.2945,0.8552,0.0233,32.2620,1
1132,56437779968410,56437783487274,56437784201980,56437784202999,56437811615483,56437812552782,56437812649005,812901809,3.5189,0.7147,27.4125,0.9373,0.0962,32.6806,1
1133,56437825052548,56437828763579,56437829392211,56437829393674,56437857159400,56437858380441,56437858420330,67717167,3.7110,0.6286,27.7657,1.2210,0.0399,33.3678,1
