wall_time_unix,elapsed_s,launcher_pid,ov2slam_pid,last_cpu,process_cpu_percent
1780757983.485,0.052,479428,479500,3,0.000
1780757983.537,0.104,479428,479500,3,19.089
1780757983.590,0.157,479428,479500,3,0.000
1780757983.642,0.209,479428,479500,3,0.000
1780757983.695,0.262,479428,479500,3,19.098
1780757983.747,0.314,479428,479500,3,0.000
1780757983.799,0.366,479428,479500,3,0.000
1780757983.852,0.419,479428,479500,3,0.000
1780757983.903,0.470,479428,479500,3,19.419
1780757983.955,0.522,479428,479500,3,19.421
1780757984.006,0.573,479428,479500,3,0.000
1780757984.058,0.624,479428,479500,3,0.000
1780757984.109,0.676,479428,479500,3,0.000
1780757984.160,0.727,479428,479500,3,0.000
1780757984.212,0.779,479428,479500,3,19.455
1780757984.263,0.830,479428,479500,3,0.000
1780757984.315,0.882,479428,479500,3,0.000
1780757984.366,0.933,479428,479500,3,0.000
1780757984.417,0.984,479428,479500,3,38.917
1780757984.469,1.036,479428,479500,3,0.000
1780757984.520,1.087,479428,479500,3,0.000
1780757984.572,1.139,479428,479500,3,0.000
1780757984.623,1.190,479428,479500,3,0.000
1780757984.674,1.241,479428,479500,3,19.453
1780757984.726,1.293,479428,479500,3,0.000
1780757984.777,1.344,479428,479500,3,19.459
1780757984.829,1.396,479428,479500,3,0.000
1780757984.880,1.447,479428,479500,3,0.000
1780757984.931,1.498,479428,479500,3,0.000
1780757984.983,1.550,479428,479500,3,19.435
1780757985.034,1.601,479428,479500,3,0.000
1780757985.086,1.653,479428,479500,3,0.000
1780757985.137,1.704,479428,479500,3,19.455
1780757985.189,1.755,479428,479500,3,0.000
1780757985.240,1.807,479428,479500,3,19.457
1780757985.291,1.858,479428,479500,3,0.000
1780757985.343,1.910,479428,479500,3,0.000
1780757985.394,1.961,479428,479500,3,0.000
1780757985.446,2.013,479428,479500,3,19.431
1780757985.497,2.064,479428,479500,3,0.000
1780757985.549,2.115,479428,479500,3,19.457
1780757985.600,2.167,479428,479500,3,0.000
1780757985.651,2.218,479428,479500,3,0.000
1780757985.703,2.270,479428,479500,3,19.441
1780757985.754,2.321,479428,479500,3,0.000
1780757985.806,2.373,479428,479500,3,0.000
1780757985.857,2.424,479428,479500,3,0.000
1780757985.908,2.475,479428,479500,3,0.000
1780757985.960,2.527,479428,479500,3,19.456
1780757986.011,2.578,479428,479500,3,19.428
1780757986.063,2.630,479428,479500,3,0.000
1780757986.114,2.681,479428,479500,3,0.000
1780757986.166,2.733,479428,479500,3,0.000
1780757986.217,2.784,479428,479500,3,0.000
1780757986.269,2.836,479428,479500,3,19.456
1780757986.320,2.887,479428,479500,3,0.000
1780757986.371,2.938,479428,479500,3,0.000
1780757986.423,2.990,479428,479500,3,19.451
1780757986.474,3.041,479428,479500,3,0.000
1780757986.526,3.093,479428,479500,3,0.000
1780757986.577,3.144,479428,479500,3,19.453
1780757986.628,3.195,479428,479500,3,0.000
1780757986.680,3.247,479428,479500,3,0.000
1780757986.731,3.298,479428,479500,3,0.000
1780757986.783,3.350,479428,479500,3,19.452
1780757986.834,3.401,479428,479500,3,0.000
1780757986.886,3.452,479428,479500,3,19.463
1780757986.937,3.504,479428,479500,3,0.000
1780757986.988,3.555,479428,479500,3,19.435
1780757987.040,3.607,479428,479500,3,0.000
1780757987.092,3.659,479428,479500,3,0.000
1780757987.144,3.711,479428,479500,3,19.182
1780757987.197,3.763,479428,479500,3,0.000
1780757987.249,3.816,479428,479500,3,0.000
1780757987.301,3.868,479428,479500,3,19.217
1780757987.353,3.920,479428,479500,3,0.000
1780757987.405,3.972,479428,479500,3,19.109
1780757987.457,4.024,479428,479500,3,0.000
1780757987.509,4.076,479428,479500,3,19.188
1780757987.561,4.128,479428,479500,3,0.000
1780757987.613,4.180,479428,479500,3,19.207
1780757987.665,4.232,479428,479500,3,19.214
1780757987.718,4.284,479428,479500,3,0.000
1780757987.770,4.337,479428,479500,3,19.214
1780757987.822,4.389,479428,479500,3,0.000
1780757987.874,4.441,479428,479500,3,0.000
1780757987.926,4.493,479428,479500,3,19.203
1780757987.978,4.545,479428,479500,3,0.000
1780757988.030,4.597,479428,479500,3,19.216
1780757988.082,4.649,479428,479500,3,0.000
1780757988.134,4.701,479428,479500,3,19.212
1780757988.186,4.753,479428,479500,3,0.000
1780757988.238,4.805,479428,479500,3,19.223
1780757988.290,4.857,479428,479500,3,0.000
1780757988.342,4.909,479428,479500,3,19.218
1780757988.394,4.961,479428,479500,3,0.000
1780757988.446,5.013,479428,479500,3,19.180
1780757988.498,5.065,479428,479500,3,0.000
1780757988.550,5.117,479428,479500,3,19.207
1780757988.603,5.169,479428,479500,3,0.000
1780757988.655,5.222,479428,479500,3,19.205
1780757988.707,5.274,479428,479500,3,0.000
1780757988.759,5.326,479428,479500,3,19.210
1780757988.811,5.378,479428,479500,3,0.000
1780757988.863,5.430,479428,479500,3,19.208
1780757988.915,5.482,479428,479500,3,0.000
1780757988.967,5.534,479428,479500,3,0.000
1780757989.019,5.586,479428,479500,3,19.176
1780757989.071,5.638,479428,479500,3,0.000
1780757989.124,5.690,479428,479500,3,19.196
1780757989.176,5.743,479428,479500,3,0.000
1780757989.228,5.795,479428,479500,3,19.209
1780757989.280,5.847,479428,479500,3,0.000
1780757989.332,5.899,479428,479500,3,19.203
1780757989.384,5.951,479428,479500,3,0.000
1780757989.436,6.003,479428,479500,3,0.000
1780757989.488,6.055,479428,479500,3,19.210
1780757989.540,6.107,479428,479500,3,0.000
1780757989.592,6.159,479428,479500,3,19.216
1780757989.644,6.211,479428,479500,3,0.000
1780757989.696,6.263,479428,479500,3,0.000
1780757989.748,6.315,479428,479500,3,19.211
1780757989.800,6.367,479428,479500,3,0.000
1780757989.852,6.419,479428,479500,3,19.223
1780757989.904,6.471,479428,479500,3,0.000
1780757989.956,6.523,479428,479500,3,19.213
1780757990.009,6.576,479428,479500,3,0.000
1780757990.061,6.628,479428,479500,3,19.210
1780757990.113,6.680,479428,479500,3,0.000
1780757990.165,6.732,479428,479500,3,19.213
1780757990.217,6.784,479428,479500,3,0.000
1780757990.269,6.836,479428,479500,3,19.218
1780757990.321,6.888,479428,479500,3,19.216
1780757990.373,6.940,479428,479500,3,0.000
1780757990.425,6.992,479428,479500,3,0.000
1780757990.477,7.044,479428,479500,3,19.206
1780757990.529,7.096,479428,479500,3,0.000
1780757990.581,7.148,479428,479500,3,0.000
1780757990.633,7.200,479428,479500,3,38.437
1780757990.685,7.252,479428,479500,3,0.000
1780757990.737,7.304,479428,479500,3,0.000
1780757990.789,7.356,479428,479500,3,0.000
1780757990.841,7.408,479428,479500,3,19.223
1780757990.894,7.460,479428,479500,3,0.000
1780757990.946,7.513,479428,479500,3,19.201
1780757990.998,7.565,479428,479500,3,0.000
1780757991.050,7.617,479428,479500,3,38.401
1780757991.102,7.669,479428,479500,3,0.000
1780757991.154,7.721,479428,479500,3,0.000
1780757991.206,7.773,479428,479500,3,0.000
1780757991.258,7.825,479428,479500,3,19.209
1780757991.310,7.877,479428,479500,3,0.000
1780757991.362,7.929,479428,479500,3,19.209
1780757991.414,7.981,479428,479500,3,0.000
1780757991.466,8.033,479428,479500,3,19.182
1780757991.519,8.086,479428,479500,3,0.000
1780757991.571,8.138,479428,479500,3,19.158
1780757991.623,8.190,479428,479500,3,0.000
1780757991.675,8.242,479428,479500,3,19.196
1780757991.727,8.294,479428,479500,3,0.000
1780757991.779,8.346,479428,479500,3,19.186
1780757991.832,8.398,479428,479500,3,0.000
1780757991.884,8.451,479428,479500,3,0.000
1780757991.936,8.503,479428,479500,3,38.378
1780757991.988,8.555,479428,479500,3,0.000
1780757992.043,8.610,479428,479500,3,18.167
1780757992.095,8.662,479428,479500,3,0.000
1780757992.147,8.714,479428,479500,3,19.194
1780757992.199,8.766,479428,479500,3,0.000
1780757992.251,8.818,479428,479500,3,0.000
1780757992.303,8.870,479428,479500,3,19.204
1780757992.356,8.922,479428,479500,3,0.000
1780757992.408,8.975,479428,479500,3,19.206
1780757992.460,9.027,479428,479500,3,0.000
1780757992.512,9.079,479428,479500,3,19.191
1780757992.564,9.131,479428,479500,3,0.000
1780757992.616,9.183,479428,479500,3,0.000
1780757992.668,9.235,479428,479500,3,19.214
1780757992.720,9.287,479428,479500,3,0.000
1780757992.772,9.339,479428,479500,3,19.209
1780757992.824,9.391,479428,479500,3,0.000
1780757992.876,9.443,479428,479500,3,0.000
1780757992.928,9.495,479428,479500,3,19.221
1780757992.980,9.547,479428,479500,3,0.000
1780757993.032,9.599,479428,479500,3,19.194
1780757993.085,9.651,479428,479500,3,0.000
1780757993.137,9.703,479428,479500,3,0.000
1780757993.189,9.756,479428,479500,3,19.221
1780757993.241,9.808,479428,479500,3,0.000
1780757993.293,9.860,479428,479500,3,19.227
1780757993.345,9.912,479428,479500,3,0.000
1780757993.397,9.964,479428,479500,3,0.000
1780757993.449,10.016,479428,479500,3,19.207
1780757993.501,10.068,479428,479500,3,0.000
1780757993.553,10.120,479428,479500,3,19.225
1780757993.605,10.172,479428,479500,3,0.000
1780757993.657,10.224,479428,479500,3,0.000
1780757993.709,10.276,479428,479500,3,0.000
1780757993.761,10.328,479428,479500,3,19.224
1780757993.813,10.380,479428,479500,3,0.000
1780757993.865,10.432,479428,479500,3,19.221
1780757993.917,10.484,479428,479500,3,0.000
1780757993.969,10.536,479428,479500,3,0.000
1780757994.021,10.588,479428,479500,3,19.193
1780757994.073,10.640,479428,479500,3,0.000
1780757994.125,10.692,479428,479500,3,19.211
1780757994.177,10.744,479428,479500,3,0.000
1780757994.229,10.796,479428,479500,3,19.228
1780757994.281,10.848,479428,479500,3,0.000
1780757994.333,10.900,479428,479500,3,0.000
1780757994.385,10.952,479428,479500,3,19.218
1780757994.438,11.004,479428,479500,3,0.000
1780757994.490,11.057,479428,479500,3,0.000
1780757994.542,11.109,479428,479500,3,19.197
1780757994.594,11.161,479428,479500,3,0.000
1780757994.646,11.213,479428,479500,3,0.000
1780757994.698,11.265,479428,479500,3,19.220
1780757994.750,11.317,479428,479500,3,0.000
1780757994.802,11.369,479428,479500,3,19.122
1780757994.854,11.421,479428,479500,3,0.000
1780757994.906,11.473,479428,479500,3,0.000
1780757994.958,11.525,479428,479500,3,19.196
1780757995.011,11.578,479428,479500,3,0.000
1780757995.063,11.630,479428,479500,3,19.198
1780757995.115,11.682,479428,479500,3,0.000
1780757995.167,11.734,479428,479500,3,0.000
1780757995.219,11.786,479428,479500,3,19.215
1780757995.271,11.838,479428,479500,3,0.000
1780757995.323,11.890,479428,479500,3,19.213
1780757995.375,11.942,479428,479500,3,0.000
1780757995.427,11.994,479428,479500,3,19.167
1780757995.479,12.046,479428,479500,3,0.000
1780757995.532,12.098,479428,479500,3,0.000
1780757995.584,12.151,479428,479500,3,19.204
1780757995.636,12.203,479428,479500,3,0.000
1780757995.688,12.255,479428,479500,3,19.209
1780757995.740,12.307,479428,479500,3,0.000
1780757995.792,12.359,479428,479500,3,0.000
1780757995.844,12.411,479428,479500,3,19.221
1780757995.896,12.463,479428,479500,3,0.000
1780757995.948,12.515,479428,479500,3,19.210
1780757996.000,12.567,479428,479500,3,0.000
1780757996.052,12.619,479428,479500,3,0.000
1780757996.104,12.671,479428,479500,3,19.212
1780757996.156,12.723,479428,479500,3,0.000
1780757996.208,12.775,479428,479500,3,0.000
1780757996.260,12.827,479428,479500,3,19.224
1780757996.312,12.879,479428,479500,3,0.000
1780757996.364,12.931,479428,479500,3,19.228
1780757996.416,12.983,479428,479500,3,19.226
1780757996.468,13.035,479428,479500,3,0.000
1780757996.520,13.087,479428,479500,3,0.000
1780757996.572,13.139,479428,479500,3,0.000
1780757996.625,13.191,479428,479500,3,19.219
1780757996.677,13.243,479428,479500,3,0.000
1780757996.729,13.295,479428,479500,3,19.220
1780757996.781,13.348,479428,479500,3,0.000
1780757996.833,13.400,479428,479500,3,0.000
1780757996.885,13.452,479428,479500,3,19.217
1780757996.937,13.504,479428,479500,3,0.000
1780757996.989,13.556,479428,479500,3,0.000
1780757997.041,13.608,479428,479500,3,19.128
1780757997.093,13.660,479428,479500,3,0.000
1780757997.145,13.712,479428,479500,3,0.000
1780757997.197,13.764,479428,479500,3,19.218
1780757997.249,13.816,479428,479500,3,0.000
1780757997.301,13.868,479428,479500,3,19.222
1780757997.353,13.920,479428,479500,3,0.000
1780757997.405,13.972,479428,479500,3,19.219
1780757997.457,14.024,479428,479500,3,0.000
1780757997.510,14.076,479428,479500,3,0.000
1780757997.562,14.128,479428,479500,3,19.225
1780757997.614,14.181,479428,479500,3,0.000
1780757997.666,14.233,479428,479500,3,19.224
1780757997.718,14.285,479428,479500,3,19.216
1780757997.770,14.337,479428,479500,3,0.000
1780757997.822,14.389,479428,479500,3,0.000
1780757997.874,14.441,479428,479500,3,19.228
1780757997.926,14.493,479428,479500,3,0.000
1780757997.978,14.545,479428,479500,3,19.097
1780757998.032,14.599,479428,479500,3,0.000
1780757998.085,14.652,479428,479500,3,0.000
1780757998.137,14.704,479428,479500,3,19.205
1780757998.189,14.756,479428,479500,3,0.000
1780757998.241,14.808,479428,479500,3,0.000
1780757998.293,14.860,479428,479500,3,19.222
1780757998.345,14.912,479428,479500,3,0.000
1780757998.397,14.964,479428,479500,3,19.130
1780757998.449,15.016,479428,479500,3,0.000
1780757998.501,15.068,479428,479500,3,0.000
1780757998.553,15.120,479428,479500,3,19.187
1780757998.606,15.173,479428,479500,3,0.000
1780757998.659,15.226,479428,479500,3,18.705
1780757998.711,15.278,479428,479500,3,0.000
1780757998.763,15.330,479428,479500,3,0.000
1780757998.815,15.382,479428,479500,3,0.000
1780757998.866,15.433,479428,479500,3,19.309
1780757998.918,15.485,479428,479500,3,0.000
1780757998.970,15.537,479428,479500,3,0.000
1780757999.022,15.588,479428,479500,3,0.000
1780757999.074,15.640,479428,479500,3,19.223
1780757999.126,15.692,479428,479500,3,0.000
1780757999.177,15.744,479428,479500,3,0.000
1780757999.229,15.796,479428,479500,3,19.301
1780757999.282,15.848,479428,479500,3,0.000
1780757999.334,15.901,479428,479500,3,0.000
1780757999.386,15.953,479428,479500,3,0.000
1780757999.439,16.006,479428,479500,3,0.000
1780757999.491,16.058,479428,479500,3,19.325
1780757999.543,16.110,479428,479500,3,0.000
1780757999.597,16.164,479428,479500,3,0.000
1780757999.650,16.217,479428,479500,3,18.858
1780757999.702,16.269,479428,479500,3,0.000
1780757999.755,16.322,479428,479500,3,0.000
1780757999.807,16.374,479428,479500,3,38.358
1780757999.861,16.428,479428,479500,3,0.000
1780757999.913,16.480,479428,479500,3,0.000
1780757999.965,16.532,479428,479500,3,0.000
1780758000.018,16.584,479428,479500,3,95.598
1780758000.070,16.637,479428,479500,3,95.390
1780758000.124,16.690,479428,479500,3,55.973
1780758000.176,16.743,479428,479500,3,37.987
1780758000.229,16.796,479428,479500,3,38.063
1780758000.284,16.851,479428,479500,3,36.405
1780758000.337,16.904,479428,479500,3,37.496
1780758000.390,16.957,479428,479500,3,56.527
1780758000.442,17.009,479428,479500,3,38.436
1780758000.497,17.064,479428,479500,3,72.468
1780758000.553,17.120,479428,479500,3,53.884
1780758000.608,17.175,479428,479500,3,36.411
1780758000.661,17.228,479428,479500,3,37.738
1780758000.714,17.281,479428,479500,3,56.995
1780758000.766,17.333,479428,479500,3,37.851
1780758000.819,17.386,479428,479500,3,38.166
1780758000.871,17.438,479428,479500,3,37.971
1780758000.924,17.491,479428,479500,3,38.015
1780758000.976,17.543,479428,479500,3,57.581
1780758001.029,17.596,479428,479500,3,37.893
1780758001.083,17.649,479428,479500,3,130.760
1780758001.135,17.702,479428,479500,3,38.315
1780758001.187,17.754,479428,479500,3,38.417
1780758001.239,17.806,479428,479500,3,57.235
1780758001.292,17.859,479428,479500,3,38.070
1780758001.344,17.911,479428,479500,3,57.025
1780758001.397,17.963,479428,479500,3,57.474
1780758001.452,18.019,479428,479500,3,36.067
1780758001.504,18.071,479428,479500,3,38.465
1780758001.556,18.123,479428,479500,3,57.701
1780758001.609,18.176,479428,479500,3,37.430
1780758001.662,18.229,479428,479500,3,37.931
1780758001.715,18.282,479428,479500,3,38.036
1780758001.767,18.334,479428,479500,3,38.445
1780758001.820,18.386,479428,479500,3,37.885
1780758001.872,18.439,479428,479500,3,38.187
1780758001.924,18.491,479428,479500,3,57.259
1780758001.976,18.543,479428,479500,3,38.423
1780758002.028,18.595,479428,479500,3,38.450
1780758002.080,18.647,479428,479500,3,57.700
1780758002.132,18.699,479428,479500,3,134.642
1780758002.185,18.752,479428,479500,3,37.638
1780758002.237,18.804,479428,479500,3,38.460
1780758002.289,18.856,479428,479500,3,38.461
1780758002.341,18.908,479428,479500,3,38.459
1780758002.394,18.960,479428,479500,3,38.445
1780758002.447,19.013,479428,479500,3,56.548
1780758002.499,19.066,479428,479500,3,38.053
1780758002.552,19.119,479428,479500,3,37.993
1780758002.608,19.175,479428,479500,3,71.423
1780758002.660,19.227,479428,479500,3,19.169
1780758002.712,19.279,479428,479500,3,57.579
1780758002.764,19.331,479428,479500,3,19.233
1780758002.816,19.383,479428,479500,3,57.730
1780758002.868,19.435,479428,479500,3,38.484
1780758002.920,19.487,479428,479500,3,38.292
1780758002.972,19.539,479428,479500,3,38.456
1780758003.024,19.591,479428,479500,3,57.704
1780758003.076,19.643,479428,479500,3,19.233
1780758003.128,19.695,479428,479500,3,57.716
1780758003.180,19.747,479428,479500,3,115.443
1780758003.233,19.800,479428,479500,3,56.947
1780758003.285,19.852,479428,479500,3,57.480
1780758003.337,19.904,479428,479500,3,38.414
1780758003.389,19.956,479428,479500,3,38.469
1780758003.441,20.008,479428,479500,3,38.567
1780758003.493,20.060,479428,479500,3,38.451
1780758003.546,20.113,479428,479500,3,56.583
1780758003.598,20.165,479428,479500,3,57.197
1780758003.651,20.218,479428,479500,3,57.092
1780758003.705,20.272,479428,479500,3,55.487
1780758003.761,20.328,479428,479500,3,53.476
1780758003.814,20.381,479428,479500,3,37.971
1780758003.871,20.438,479428,479500,3,52.314
1780758003.924,20.491,479428,479500,3,57.024
1780758003.976,20.543,479428,479500,3,37.939
1780758004.029,20.596,479428,479500,3,57.056
1780758004.082,20.648,479428,479500,3,57.119
1780758004.135,20.701,479428,479500,3,56.630
1780758004.187,20.754,479428,479500,1,170.939
1780758004.240,20.807,479428,479500,3,112.635
1780758004.293,20.859,479428,479500,3,57.629
1780758004.346,20.913,479428,479500,3,37.638
1780758004.398,20.965,479428,479500,3,56.966
1780758004.451,21.018,479428,479500,3,57.260
1780758004.503,21.070,479428,479500,3,38.204
1780758004.559,21.126,479428,479500,3,36.003
1780758004.612,21.179,479428,479500,3,93.886
1780758004.672,21.239,479428,479500,3,165.528
1780758004.725,21.291,479428,479500,3,114.775
1780758004.777,21.344,479428,479500,3,38.448
1780758004.829,21.395,479428,479500,3,57.710
1780758004.881,21.448,479428,479500,3,134.559
1780758004.935,21.502,479428,479500,3,165.400
1780758004.987,21.554,479428,479500,3,57.418
1780758005.039,21.606,479428,479500,3,57.637
1780758005.091,21.658,479428,479500,3,57.673
1780758005.144,21.711,479428,479500,3,38.093
1780758005.197,21.764,479428,479500,3,56.549
1780758005.250,21.817,479428,479500,3,188.797
1780758005.303,21.870,479428,479500,3,169.253
1780758005.355,21.922,479428,479500,3,57.468
1780758005.407,21.974,479428,479500,3,38.435
1780758005.459,22.026,479428,479500,3,76.748
1780758005.516,22.083,479428,479500,3,70.611
1780758005.568,22.135,479428,479500,3,172.400
1780758005.621,22.188,479428,479500,3,150.486
1780758005.674,22.241,479428,479500,3,76.450
1780758005.726,22.293,479428,479500,3,115.273
1780758005.779,22.346,479428,479500,3,170.375
1780758005.831,22.398,479428,479500,3,172.568
1780758005.884,22.451,479428,479500,3,150.996
1780758005.937,22.504,479428,479500,3,168.157
1780758005.990,22.557,479428,479500,3,150.931
1780758006.043,22.610,479428,479500,3,152.694
1780758006.096,22.663,479428,479500,3,168.955
1780758006.150,22.717,479428,479500,3,186.028
1780758006.202,22.769,479428,479500,3,76.418
1780758006.255,22.822,479428,479500,3,187.122
1780758006.314,22.881,479428,479500,3,135.664
1780758006.367,22.934,479428,479500,3,132.638
1780758006.419,22.986,479428,479500,3,115.172
1780758006.472,23.039,479428,479500,3,152.012
1780758006.524,23.091,479428,479500,3,172.543
1780758006.578,23.145,479428,479500,3,165.837
1780758006.631,23.198,479428,479500,3,151.944
1780758006.684,23.251,479428,479500,3,132.958
1780758006.736,23.303,479428,479500,3,153.399
1780758006.788,23.355,479428,479500,3,114.921
1780758006.840,23.407,479428,479500,3,172.858
1780758006.892,23.459,479428,479500,3,153.204
1780758006.945,23.512,479428,479500,3,152.112
1780758006.997,23.564,479428,479500,3,133.384
1780758007.050,23.617,479428,479500,3,76.437
1780758007.102,23.669,479428,479500,3,57.383
1780758007.154,23.721,479428,479500,3,38.445
1780758007.206,23.773,479428,479500,3,76.890
1780758007.259,23.826,479428,479500,3,56.909
1780758007.311,23.878,479428,479500,3,191.776
1780758007.363,23.930,479428,479500,3,133.406
1780758007.416,23.983,479428,479500,3,153.037
1780758007.468,24.035,479428,479500,3,151.920
1780758007.521,24.088,479428,479500,3,75.872
1780758007.573,24.140,479428,479500,3,96.203
1780758007.625,24.192,479428,479500,3,172.857
1780758007.678,24.245,479428,479500,3,151.979
1780758007.730,24.297,479428,479500,3,153.239
1780758007.782,24.349,479428,479500,3,153.594
1780758007.835,24.402,479428,479500,1,186.811
1780758007.888,24.455,479428,479500,1,132.388
1780758007.941,24.508,479428,479500,1,151.958
1780758007.993,24.560,479428,479500,1,153.358
1780758008.046,24.613,479428,479500,1,37.822
1780758008.099,24.666,479428,479500,1,170.374
1780758008.152,24.719,479428,479500,1,151.189
1780758008.204,24.771,479428,479500,1,152.035
1780758008.262,24.829,479428,479500,1,173.939
1780758008.316,24.883,479428,479500,1,74.294
1780758008.368,24.935,479428,479500,1,57.705
1780758008.420,24.987,479428,479500,1,57.080
1780758008.472,25.039,479428,479500,1,57.689
1780758008.524,25.091,479428,479500,1,57.676
1780758008.576,25.143,479428,479500,1,115.358
1780758008.628,25.195,479428,479500,1,153.339
1780758008.681,25.248,479428,479500,1,152.339
1780758008.734,25.301,479428,479500,1,133.004
1780758008.786,25.353,479428,479500,1,153.058
1780758008.838,25.405,479428,479500,1,76.312
1780758008.890,25.457,479428,479500,1,57.674
1780758008.942,25.509,479428,479500,1,57.834
1780758008.995,25.562,479428,479500,3,37.662
1780758009.048,25.615,479428,479500,3,75.712
1780758009.101,25.667,479428,479500,3,57.237
1780758009.153,25.720,479428,479500,3,76.850
1780758009.206,25.773,479428,479500,3,37.531
1780758009.261,25.828,479428,479500,3,54.154
1780758009.315,25.882,479428,479500,3,222.525
1780758009.368,25.935,479428,479500,3,152.205
1780758009.421,25.988,479428,479500,3,131.943
1780758009.473,26.040,479428,479500,3,172.698
1780758009.526,26.092,479428,479500,2,133.131
1780758009.578,26.145,479428,479500,2,153.292
1780758009.630,26.197,479428,479500,2,134.272
1780758009.685,26.252,479428,479500,0,143.880
1780758009.738,26.305,479428,479500,0,133.776
1780758009.792,26.359,479428,479500,0,147.175
1780758009.847,26.414,479428,479500,0,146.302
1780758009.899,26.466,479428,479500,0,57.174
1780758009.953,26.520,479428,479500,0,36.943
1780758010.005,26.572,479428,479500,0,57.733
1780758010.057,26.624,479428,479500,0,38.489
1780758010.109,26.676,479428,479500,0,57.712
1780758010.161,26.728,479428,479500,0,57.716
1780758010.216,26.783,479428,479500,0,164.990
1780758010.268,26.835,479428,479500,0,152.267
1780758010.321,26.888,479428,479500,0,153.227
1780758010.373,26.940,479428,479500,0,151.608
1780758010.426,26.992,479428,479500,0,115.013
1780758010.478,27.045,479428,479500,0,76.692
1780758010.530,27.097,479428,479500,0,19.226
1780758010.582,27.149,479428,479500,0,57.719
1780758010.634,27.201,479428,479500,0,38.195
1780758010.686,27.253,479428,479500,0,57.729
1780758010.738,27.305,479428,479500,0,57.707
1780758010.790,27.357,479428,479500,0,38.443
1780758010.842,27.409,479428,479500,0,173.060
1780758010.895,27.462,479428,479500,3,131.292
1780758010.949,27.515,479428,479500,3,150.472
1780758011.002,27.569,479428,479500,3,169.455
1780758011.055,27.622,479428,479500,3,149.444
1780758011.107,27.674,479428,479500,1,153.311
1780758011.160,27.727,479428,479500,1,191.261
1780758011.212,27.779,479428,479500,1,153.364
1780758011.264,27.831,479428,479500,1,134.258
1780758011.316,27.883,479428,479500,1,153.528
1780758011.370,27.937,479428,479500,1,148.902
1780758011.422,27.989,479428,479500,1,191.998
1780758011.477,28.043,479428,479500,1,164.613
1780758011.529,28.096,479428,479500,1,133.653
1780758011.581,28.148,479428,479500,1,153.308
1780758011.634,28.201,479428,479500,1,151.708
1780758011.687,28.254,479428,479500,1,132.592
1780758011.739,28.306,479428,479500,1,132.633
1780758011.791,28.358,479428,479500,1,153.733
1780758011.844,28.411,479428,479500,2,153.293
1780758011.900,28.467,479428,479500,2,142.436
1780758011.959,28.526,479428,479500,2,185.089
1780758012.011,28.578,479428,479500,2,134.396
1780758012.066,28.633,479428,479500,2,145.432
1780758012.119,28.686,479428,479500,2,151.633
1780758012.172,28.739,479428,479500,2,152.064
1780758012.224,28.791,479428,479500,2,151.498
1780758012.278,28.845,479428,479500,2,131.658
1780758012.331,28.897,479428,479500,2,170.263
1780758012.385,28.952,479428,479500,2,147.494
1780758012.437,29.004,479428,479500,2,153.517
1780758012.489,29.056,479428,479500,2,153.372
1780758012.541,29.108,479428,479500,2,133.774
1780758012.594,29.161,479428,479500,2,170.991
1780758012.647,29.214,479428,479500,2,150.918
1780758012.700,29.267,479428,479500,2,151.095
1780758012.754,29.321,479428,479500,2,257.381
1780758012.808,29.375,479428,479500,2,112.117
1780758012.860,29.427,479428,479500,2,172.039
1780758012.917,29.484,479428,479500,2,141.500
1780758012.969,29.536,479428,479500,2,153.568
1780758013.021,29.588,479428,479500,2,134.269
1780758013.074,29.641,479428,479500,2,149.610
1780758013.127,29.693,479428,479500,2,153.528
1780758013.179,29.746,479428,479500,2,171.161
1780758013.231,29.798,479428,479500,2,134.331
1780758013.285,29.852,479428,479500,2,148.322
1780758013.338,29.904,479428,479500,2,133.532
1780758013.390,29.957,479428,479500,2,153.342
1780758013.442,30.009,479428,479500,2,227.596
1780758013.499,30.065,479428,479500,2,160.558
1780758013.551,30.118,479428,479500,2,170.856
1780758013.604,30.171,479428,479500,2,133.617
1780758013.657,30.223,479428,479500,2,264.397
1780758013.709,30.276,479428,479500,2,134.103
1780758013.761,30.328,479428,479500,2,133.537
1780758013.813,30.380,479428,479500,2,153.603
1780758013.866,30.433,479428,479500,2,152.830
1780758013.918,30.485,479428,479500,2,134.444
1780758013.970,30.537,479428,479500,2,134.081
1780758014.023,30.590,479428,479500,2,205.801
1780758014.080,30.647,479428,479500,2,175.258
1780758014.134,30.701,479428,479500,2,148.924
1780758014.186,30.753,479428,479500,2,133.935
1780758014.239,30.806,479428,479500,2,133.256
1780758014.291,30.858,479428,479500,2,152.314
1780758014.345,30.912,479428,479500,2,131.230
1780758014.401,30.968,479428,479500,2,143.251
1780758014.453,31.020,479428,479500,2,249.448
1780758014.506,31.072,479428,479500,2,151.451
1780758014.558,31.125,479428,479500,2,190.156
1780758014.610,31.177,479428,479500,2,153.041
1780758014.663,31.230,479428,479500,2,133.326
1780758014.715,31.282,479428,479500,2,191.018
1780758014.769,31.336,479428,479500,1,167.157
1780758014.824,31.391,479428,479500,1,128.425
1780758014.876,31.443,479428,479500,1,132.456
1780758014.929,31.496,479428,479500,2,171.064
1780758014.981,31.548,479428,479500,2,115.150
1780758015.034,31.601,479428,479500,2,245.050
1780758015.087,31.653,479428,479500,2,133.691
1780758015.139,31.706,479428,479500,2,153.231
1780758015.191,31.758,479428,479500,2,153.040
1780758015.244,31.811,479428,479500,2,152.252
1780758015.296,31.863,479428,479500,2,229.902
1780758015.350,31.917,479428,479500,2,183.318
1780758015.404,31.971,479428,479500,2,148.972
1780758015.457,32.024,479428,479500,2,170.613
1780758015.512,32.079,479428,479500,2,145.435
1780758015.565,32.132,479428,479500,2,170.157
1780758015.619,32.186,479428,479500,2,220.525
1780758015.672,32.239,479428,479500,2,150.937
1780758015.724,32.291,479428,479500,2,133.748
1780758015.777,32.344,479428,479500,2,133.698
1780758015.829,32.396,479428,479500,2,152.122
1780758015.882,32.448,479428,479500,2,134.231
1780758015.935,32.502,479428,479500,2,150.388
1780758015.987,32.554,479428,479500,2,227.731
1780758016.042,32.609,479428,479500,2,146.843
1780758016.097,32.664,479428,479500,2,162.359
1780758016.151,32.717,479428,479500,2,131.579
1780758016.207,32.774,479428,479500,2,158.534
1780758016.261,32.828,479428,479500,2,130.591
1780758016.314,32.881,479428,479500,2,169.939
1780758016.367,32.934,479428,479500,2,225.539
1780758016.420,32.987,479428,479500,2,133.215
1780758016.475,33.042,479428,479500,2,143.307
1780758016.528,33.095,479428,479500,2,133.473
1780758016.581,33.147,479428,479500,2,133.030
1780758016.633,33.200,479428,479500,2,191.693
1780758016.686,33.253,479428,479500,2,130.499
1780758016.738,33.305,479428,479500,2,153.476
1780758016.791,33.358,479428,479500,2,94.768
1780758016.843,33.410,479428,479500,2,57.682
1780758016.896,33.463,479428,479500,1,171.518
1780758016.949,33.516,479428,479500,1,132.154
1780758017.001,33.568,479428,479500,1,151.483
1780758017.054,33.621,479428,479500,3,151.036
1780758017.107,33.674,479428,479500,3,189.707
1780758017.163,33.730,479428,479500,3,144.142
1780758017.215,33.782,479428,479500,3,153.271
1780758017.267,33.834,479428,479500,3,172.596
1780758017.322,33.889,479428,479500,1,145.919
1780758017.374,33.941,479428,479500,1,133.930
1780758017.427,33.994,479428,479500,1,150.234
1780758017.480,34.047,479428,479500,1,208.836
1780758017.540,34.107,479428,479500,1,150.938
1780758017.593,34.160,479428,479500,1,151.040
1780758017.649,34.216,479428,479500,1,142.109
1780758017.701,34.268,479428,479500,1,133.596
1780758017.754,34.321,479428,479500,3,150.614
1780758017.807,34.373,479428,479500,3,153.375
1780758017.859,34.426,479428,479500,3,133.243
1780758017.912,34.479,479428,479500,0,150.052
1780758017.965,34.532,479428,479500,0,151.296
1780758018.019,34.586,479428,479500,0,167.581
1780758018.072,34.639,479428,479500,0,151.041
1780758018.124,34.691,479428,479500,0,153.312
1780758018.176,34.743,479428,479500,0,153.257
1780758018.229,34.796,479428,479500,3,153.016
1780758018.281,34.848,479428,479500,1,153.442
1780758018.333,34.900,479428,479500,1,133.705
1780758018.385,34.952,479428,479500,1,172.390
1780758018.438,35.004,479428,479500,1,153.203
1780758018.490,35.057,479428,479500,1,134.301
1780758018.542,35.109,479428,479500,1,171.679
1780758018.595,35.162,479428,479500,1,209.553
1780758018.647,35.214,479428,479500,1,152.893
1780758018.699,35.266,479428,479500,1,152.139
1780758018.752,35.319,479428,479500,1,170.842
1780758018.805,35.372,479428,479500,1,247.109
1780758018.858,35.425,479428,479500,1,168.788
1780758018.910,35.477,479428,479500,1,134.356
1780758018.968,35.535,479428,479500,1,173.898
1780758019.029,35.596,479428,479500,0,194.369
1780758019.082,35.649,479428,479500,0,152.707
1780758019.135,35.702,479428,479500,0,149.483
1780758019.188,35.755,479428,479500,0,131.696
1780758019.242,35.809,479428,479500,0,241.716
1780758019.297,35.864,479428,479500,3,165.574
1780758019.350,35.917,479428,479500,3,169.493
1780758019.404,35.970,479428,479500,3,167.315
1780758019.456,36.023,479428,479500,3,226.811
1780758019.513,36.080,479428,479500,3,141.801
1780758019.566,36.133,479428,479500,3,170.219
1780758019.621,36.188,479428,479500,3,126.851
1780758019.674,36.241,479428,479500,3,189.670
1780758019.727,36.294,479428,479500,0,150.483
1780758019.779,36.346,479428,479500,0,133.348
1780758019.832,36.399,479428,479500,0,171.411
1780758019.885,36.452,479428,479500,0,187.879
1780758019.939,36.506,479428,479500,0,183.855
1780758019.992,36.559,479428,479500,0,151.982
1780758020.044,36.611,479428,479500,0,152.981
1780758020.100,36.667,479428,479500,0,144.268
1780758020.152,36.719,479428,479500,0,228.667
1780758020.205,36.772,479428,479500,0,152.775
1780758020.257,36.824,479428,479500,0,153.411
1780758020.312,36.879,479428,479500,0,163.137
1780758020.365,36.932,479428,479500,0,130.892
1780758020.418,36.985,479428,479500,0,171.922
1780758020.473,37.040,479428,479500,0,145.456
1780758020.525,37.092,479428,479500,0,152.634
1780758020.578,37.145,479428,479500,0,150.799
1780758020.631,37.198,479428,479500,0,131.945
1780758020.685,37.252,479428,479500,0,148.885
1780758020.737,37.304,479428,479500,0,153.515
1780758020.791,37.358,479428,479500,0,167.319
1780758020.846,37.413,479428,479500,0,200.424
1780758020.901,37.467,479428,479500,0,146.221
1780758020.953,37.520,479428,479500,0,191.443
1780758021.005,37.572,479428,479500,0,133.244
1780758021.059,37.626,479428,479500,0,241.801
1780758021.114,37.681,479428,479500,0,164.630
1780758021.170,37.736,479428,479500,0,232.955
1780758021.222,37.789,479428,479500,0,207.755
1780758021.282,37.848,479428,479500,0,186.246
1780758021.335,37.902,479428,479500,0,206.749
1780758021.388,37.955,479428,479500,0,187.665
1780758021.441,38.008,479428,479500,0,226.638
1780758021.495,38.062,479428,479500,0,166.482
1780758021.549,38.116,479428,479500,0,258.392
1780758021.603,38.169,479428,479500,0,168.745
1780758021.655,38.222,479428,479500,0,247.702
1780758021.708,38.274,479428,479500,0,152.366
1780758021.764,38.331,479428,479500,0,230.577
1780758021.816,38.383,479428,479500,0,152.939
1780758021.870,38.436,479428,479500,0,187.629
1780758021.928,38.495,479428,479500,0,171.018
1780758021.980,38.547,479428,479500,0,209.533
1780758022.036,38.603,479428,479500,0,162.531
1780758022.088,38.655,479428,479500,0,228.525
1780758022.141,38.707,479428,479500,0,153.280
1780758022.193,38.760,479428,479500,0,209.013
1780758022.247,38.814,479428,479500,0,165.906
1780758022.301,38.868,479428,479500,0,148.921
1780758022.358,38.925,479428,479500,0,105.671
1780758022.410,38.977,479428,479500,0,188.940
1780758022.468,39.035,479428,479500,0,123.311
1780758022.520,39.087,479428,479500,0,152.380
1780758022.572,39.139,479428,479500,0,153.287
1780758022.625,39.191,479428,479500,0,153.182
1780758022.677,39.244,479428,479500,0,152.447
1780758022.729,39.296,479428,479500,0,134.191
1780758022.781,39.348,479428,479500,0,153.419
1780758022.834,39.401,479428,479500,0,94.948
1780758022.886,39.453,479428,479500,0,153.701
1780758022.939,39.506,479428,479500,0,150.945
1780758022.991,39.558,479428,479500,0,152.890
1780758023.044,39.611,479428,479500,0,189.002
1780758023.098,39.665,479428,479500,0,167.371
1780758023.152,39.719,479428,479500,0,167.332
1780758023.204,39.771,479428,479500,0,114.946
1780758023.257,39.824,479428,479500,2,188.298
1780758023.315,39.882,479428,479500,0,156.496
1780758023.368,39.935,479428,479500,0,150.963
1780758023.421,39.988,479428,479500,0,56.632
1780758023.473,40.040,479428,479500,0,57.014
1780758023.525,40.092,479428,479500,0,134.231
1780758023.577,40.144,479428,479500,0,153.613
1780758023.630,40.197,479428,479500,0,151.698
1780758023.683,40.250,479428,479500,0,150.239
1780758023.736,40.303,479428,479500,0,57.328
1780758023.788,40.355,479428,479500,0,38.397
1780758023.840,40.407,479428,479500,0,57.615
1780758023.893,40.460,479428,479500,0,150.547
1780758023.947,40.514,479428,479500,0,167.598
1780758024.001,40.568,479428,479500,0,166.235
1780758024.053,40.620,479428,479500,0,95.777
1780758024.107,40.674,479428,479500,0,37.219
1780758024.159,40.726,479428,479500,0,57.654
1780758024.211,40.778,479428,479500,3,190.919
1780758024.266,40.833,479428,479500,3,146.874
1780758024.318,40.885,479428,479500,3,133.567
1780758024.372,40.939,479428,479500,3,74.819
1780758024.424,40.991,479428,479500,3,57.017
1780758024.476,41.043,479428,479500,3,38.537
1780758024.528,41.095,479428,479500,3,153.987
1780758024.580,41.147,479428,479500,3,134.218
1780758024.633,41.200,479428,479500,3,152.257
1780758024.685,41.252,479428,479500,3,133.785
1780758024.737,41.304,479428,479500,2,57.343
1780758024.789,41.356,479428,479500,2,57.713
1780758024.841,41.408,479428,479500,2,38.472
1780758024.894,41.461,479428,479500,2,76.285
1780758024.947,41.514,479428,479500,2,56.441
1780758024.999,41.566,479428,479500,2,171.849
1780758025.052,41.619,479428,479500,2,133.691
1780758025.104,41.671,479428,479500,2,171.041
1780758025.161,41.728,479428,479500,2,123.930
1780758025.213,41.780,479428,479500,2,38.483
1780758025.265,41.832,479428,479500,2,57.726
1780758025.317,41.884,479428,479500,2,38.457
1780758025.369,41.936,479428,479500,2,76.926
1780758025.421,41.988,479428,479500,2,57.603
1780758025.473,42.040,479428,479500,2,38.533
1780758025.525,42.092,479428,479500,2,114.812
1780758025.577,42.144,479428,479500,2,153.246
1780758025.629,42.196,479428,479500,2,172.579
1780758025.683,42.250,479428,479500,2,130.824
1780758025.735,42.302,479428,479500,2,38.395
1780758025.787,42.354,479428,479500,2,57.640
1780758025.839,42.406,479428,479500,2,38.418
1780758025.891,42.458,479428,479500,2,57.615
1780758025.944,42.511,479428,479500,2,56.744
1780758025.996,42.563,479428,479500,2,76.231
1780758026.049,42.616,479428,479500,2,57.271
1780758026.101,42.668,479428,479500,2,76.775
1780758026.153,42.720,479428,479500,2,172.944
1780758026.205,42.772,479428,479500,2,152.545
1780758026.258,42.825,479428,479500,2,172.287
1780758026.311,42.878,479428,479500,2,151.084
1780758026.363,42.930,479428,479500,2,38.375
1780758026.415,42.982,479428,479500,2,76.882
1780758026.467,43.034,479428,479500,2,191.418
1780758026.520,43.087,479428,479500,2,151.180
1780758026.572,43.139,479428,479500,2,152.662
1780758026.624,43.191,479428,479500,2,134.356
1780758026.676,43.243,479428,479500,2,38.457
1780758026.728,43.295,479428,479500,2,57.702
1780758026.780,43.347,479428,479500,2,57.735
1780758026.836,43.403,479428,479500,2,143.667
1780758026.889,43.456,479428,479500,1,132.026
1780758026.942,43.509,479428,479500,1,170.782
1780758026.997,43.564,479428,479500,1,162.654
1780758027.050,43.617,479428,479500,1,94.575
1780758027.102,43.669,479428,479500,1,95.978
1780758027.154,43.721,479428,479500,1,57.519
1780758027.206,43.773,479428,479500,1,38.376
1780758027.259,43.826,479428,479500,1,207.823
1780758027.311,43.878,479428,479500,1,153.257
1780758027.365,43.932,479428,479500,1,168.525
1780758027.420,43.987,479428,479500,1,162.310
1780758027.472,44.039,479428,479500,1,153.961
1780758027.525,44.092,479428,479500,1,208.392
1780758027.578,44.145,479428,479500,1,152.405
1780758027.630,44.197,479428,479500,1,172.622
1780758027.682,44.249,479428,479500,1,132.904
1780758027.735,44.301,479428,479500,1,172.613
1780758027.789,44.356,479428,479500,1,146.264
1780758027.842,44.409,479428,479500,1,151.754
1780758027.894,44.461,479428,479500,1,171.376
1780758027.947,44.514,479428,479500,1,151.386
1780758028.000,44.567,479428,479500,1,95.206
1780758028.055,44.622,479428,479500,1,181.105
1780758028.108,44.674,479428,479500,1,152.281
1780758028.161,44.728,479428,479500,1,167.697
1780758028.217,44.784,479428,479500,1,162.521
1780758028.269,44.836,479428,479500,1,172.151
1780758028.322,44.889,479428,479500,1,170.673
1780758028.374,44.941,479428,479500,1,151.879
1780758028.426,44.993,479428,479500,1,153.588
1780758028.479,45.046,479428,479500,1,171.650
1780758028.531,45.098,479428,479500,1,190.040
1780758028.584,45.151,479428,479500,1,131.947
1780758028.637,45.204,479428,479500,1,170.086
1780758028.690,45.256,479428,479500,1,153.536
1780758028.744,45.311,479428,479500,1,183.035
1780758028.796,45.363,479428,479500,1,134.159
1780758028.849,45.416,479428,479500,1,172.137
1780758028.902,45.468,479428,479500,1,132.287
1780758028.954,45.521,479428,479500,1,151.373
1780758029.008,45.575,479428,479500,1,149.965
1780758029.061,45.628,479428,479500,1,168.956
1780758029.114,45.681,479428,479500,1,149.707
1780758029.166,45.733,479428,479500,1,76.833
1780758029.219,45.786,479428,479500,1,171.361
1780758029.272,45.839,479428,479500,1,151.310
1780758029.324,45.891,479428,479500,1,114.975
1780758029.377,45.944,479428,479500,2,151.019
1780758029.429,45.996,479428,479500,2,152.864
1780758029.481,46.048,479428,479500,2,153.593
1780758029.534,46.101,479428,479500,3,57.308
1780758029.586,46.153,479428,479500,3,134.485
1780758029.638,46.205,479428,479500,3,152.598
1780758029.691,46.258,479428,479500,3,151.197
1780758029.744,46.311,479428,479500,3,151.682
1780758029.797,46.364,479428,479500,3,170.270
1780758029.853,46.420,479428,479500,3,197.045
1780758029.905,46.472,479428,479500,3,95.434
1780758029.957,46.524,479428,479500,3,57.181
1780758030.016,46.583,479428,479500,3,68.161
1780758030.069,46.636,479428,479500,3,188.272
1780758030.122,46.688,479428,479500,3,153.076
1780758030.174,46.741,479428,479500,3,172.343
1780758030.226,46.793,479428,479500,3,132.756
1780758030.279,46.846,479428,479500,3,151.736
1780758030.331,46.898,479428,479500,3,134.354
1780758030.384,46.951,479428,479500,2,131.812
1780758030.438,47.004,479428,479500,2,206.983
1780758030.490,47.057,479428,479500,2,172.454
1780758030.542,47.109,479428,479500,2,153.353
1780758030.594,47.161,479428,479500,2,153.553
1780758030.647,47.214,479428,479500,2,151.596
1780758030.700,47.267,479428,479500,2,150.344
1780758030.752,47.319,479428,479500,2,95.639
1780758030.804,47.371,479428,479500,2,57.492
1780758030.857,47.423,479428,479500,2,57.597
1780758030.912,47.479,479428,479500,2,54.238
1780758030.965,47.532,479428,479500,2,186.949
1780758031.020,47.587,479428,479500,2,238.815
1780758031.076,47.643,479428,479500,2,231.866
1780758031.129,47.696,479428,479500,2,246.432
1780758031.182,47.749,479428,479500,2,243.464
1780758031.237,47.804,479428,479500,3,253.310
1780758031.292,47.859,479428,479500,3,256.298
1780758031.351,47.918,479428,479500,3,218.733
1780758031.406,47.973,479428,479500,3,200.980
1780758031.463,48.030,479428,479500,3,156.682
1780758031.516,48.083,479428,479500,3,151.301
1780758031.574,48.141,479428,479500,3,155.164
1780758031.628,48.195,479428,479500,3,149.317
1780758031.681,48.248,479428,479500,3,112.417
1780758031.733,48.300,479428,479500,3,57.544
1780758031.785,48.352,479428,479500,3,38.452
1780758031.837,48.404,479428,479500,3,57.661
1780758031.890,48.456,479428,479500,3,57.637
1780758031.942,48.508,479428,479500,3,38.452
1780758031.993,48.560,479428,479500,3,57.773
1780758032.046,48.613,479428,479500,3,151.024
1780758032.100,48.666,479428,479500,3,244.804
1780758032.155,48.722,479428,479500,3,161.744
1780758032.208,48.775,479428,479500,3,152.240
1780758032.260,48.827,479428,479500,3,153.250
1780758032.312,48.879,479428,479500,3,133.680
1780758032.365,48.932,479428,479500,3,169.476
1780758032.418,48.985,479428,479500,3,153.146
1780758032.476,49.043,479428,479500,3,189.837
1780758032.528,49.095,479428,479500,2,191.573
1780758032.583,49.149,479428,479500,2,146.087
1780758032.635,49.202,479428,479500,2,152.249
1780758032.687,49.254,479428,479500,2,152.916
1780758032.740,49.307,479428,479500,2,171.183
1780758032.792,49.359,479428,479500,2,152.816
1780758032.845,49.412,479428,479500,2,56.534
1780758032.898,49.464,479428,479500,2,76.779
1780758032.950,49.517,479428,479500,2,38.179
1780758033.002,49.569,479428,479500,2,76.766
1780758033.055,49.622,479428,479500,2,56.855
1780758033.107,49.674,479428,479500,0,191.115
1780758033.163,49.730,479428,479500,0,248.369
1780758033.216,49.783,479428,479500,0,132.927
1780758033.268,49.835,479428,479500,0,172.710
1780758033.320,49.887,479428,479500,0,172.375
1780758033.373,49.940,479428,479500,0,151.077
1780758033.426,49.993,479428,479500,0,152.750
1780758033.478,50.045,479428,479500,0,114.866
1780758033.530,50.097,479428,479500,0,57.652
1780758033.582,50.149,479428,479500,0,38.338
1780758033.635,50.201,479428,479500,0,152.933
1780758033.687,50.254,479428,479500,0,211.016
1780758033.742,50.309,479428,479500,0,180.388
1780758033.796,50.363,479428,479500,0,149.004
1780758033.849,50.416,479428,479500,0,169.616
1780758033.904,50.471,479428,479500,0,180.615
1780758033.959,50.526,479428,479500,0,163.966
1780758034.014,50.581,479428,479500,0,146.413
1780758034.067,50.634,479428,479500,0,113.208
1780758034.119,50.686,479428,479500,0,209.352
1780758034.174,50.741,479428,479500,0,183.245
1780758034.227,50.793,479428,479500,1,151.813
1780758034.279,50.846,479428,479500,1,152.842
1780758034.333,50.900,479428,479500,1,147.766
1780758034.386,50.953,479428,479500,1,170.510
1780758034.438,51.005,479428,479500,1,170.986
1780758034.491,51.058,479428,479500,1,152.825
1780758034.544,51.111,479428,479500,1,189.405
1780758034.598,51.165,479428,479500,1,221.270
1780758034.652,51.219,479428,479500,1,183.069
1780758034.705,51.272,479428,479500,1,152.185
1780758034.757,51.324,479428,479500,1,133.969
1780758034.810,51.376,479428,479500,1,152.998
1780758034.869,51.436,479428,479500,1,167.114
1780758034.924,51.491,479428,479500,1,164.794
1780758034.978,51.544,479428,479500,1,205.444
1780758035.031,51.598,479428,479500,1,225.868
1780758035.083,51.650,479428,479500,1,190.135
1780758035.136,51.703,479428,479500,1,150.991
1780758035.189,51.756,479428,479500,1,150.526
1780758035.242,51.809,479428,479500,1,172.314
1780758035.298,51.865,479428,479500,1,249.998
1780758035.353,51.920,479428,479500,1,253.097
1780758035.411,51.978,479428,479500,1,171.177
1780758035.464,52.031,479428,479500,1,172.339
1780758035.519,52.086,479428,479500,1,270.762
1780758035.577,52.144,479428,479500,1,259.702
1780758035.633,52.200,479428,479500,1,213.291
1780758035.686,52.253,479428,479500,1,319.261
1780758035.741,52.308,479428,479500,1,273.098
1780758035.798,52.365,479428,479500,1,264.710
1780758035.852,52.419,479428,479500,2,258.397
1780758035.905,52.472,479428,479500,2,245.831
1780758035.958,52.525,479428,479500,2,244.687
1780758036.013,52.580,479428,479500,2,308.191
1780758036.089,52.656,479428,479500,2,222.987
1780758036.142,52.709,479428,479500,2,172.203
1780758036.194,52.761,479428,479500,2,151.749
1780758036.247,52.814,479428,479500,2,210.559
1780758036.301,52.868,479428,479500,2,240.517
1780758036.356,52.923,479428,479500,2,216.529
1780758036.408,52.975,479428,479500,2,171.976
1780758036.463,53.030,479428,479500,2,109.725
1780758036.518,53.085,479428,479500,2,200.085
1780758036.572,53.139,479428,479500,2,240.422
1780758036.625,53.192,479428,479500,2,245.620
1780758036.677,53.244,479428,479500,2,153.150
1780758036.732,53.299,479428,479500,2,145.593
1780758036.785,53.352,479428,479500,2,208.708
1780758036.837,53.404,479428,479500,2,230.044
1780758036.892,53.459,479428,479500,2,217.574
1780758036.946,53.513,479428,479500,2,186.417
1780758036.999,53.566,479428,479500,2,150.335
1780758037.052,53.619,479428,479500,2,152.295
1780758037.104,53.671,479428,479500,2,171.123
1780758037.157,53.724,479428,479500,2,132.192
1780758037.209,53.776,479428,479500,2,153.633
1780758037.263,53.830,479428,479500,2,186.927
1780758037.320,53.887,479428,479500,1,260.895
1780758037.374,53.941,479428,479500,1,224.341
1780758037.435,54.002,479428,479500,1,164.368
1780758037.488,54.055,479428,479500,1,148.726
1780758037.541,54.108,479428,479500,1,170.173
1780758037.598,54.165,479428,479500,1,194.260
1780758037.650,54.217,479428,479500,1,152.896
1780758037.703,54.270,479428,479500,1,170.904
1780758037.761,54.328,479428,479500,1,138.202
1780758037.813,54.380,479428,479500,1,171.706
1780758037.866,54.433,479428,479500,1,133.069
1780758037.921,54.488,479428,479500,1,199.903
1780758037.974,54.541,479428,479500,1,169.696
1780758038.027,54.594,479428,479500,1,206.025
1780758038.080,54.647,479428,479500,1,169.744
1780758038.133,54.700,479428,479500,1,133.910
1780758038.185,54.752,479428,479500,1,153.329
1780758038.237,54.804,479428,479500,1,171.462
1780758038.290,54.857,479428,479500,1,132.525
1780758038.343,54.910,479428,479500,1,170.443
1780758038.395,54.962,479428,479500,1,191.292
1780758038.448,55.015,479428,479500,1,226.379
1780758038.505,55.072,479428,479500,1,209.574
1780758038.558,55.125,479428,479500,1,152.642
1780758038.612,55.179,479428,479500,1,148.262
1780758038.666,55.233,479428,479500,1,128.632
1780758038.719,55.286,479428,479500,1,169.542
1780758038.772,55.339,479428,479500,1,188.099
1780758038.829,55.396,479428,479500,1,195.064
1780758038.881,55.448,479428,479500,1,210.693
1780758038.934,55.501,479428,479500,1,170.622
1780758038.986,55.553,479428,479500,1,134.268
1780758039.039,55.606,479428,479500,1,150.667
1780758039.092,55.659,479428,479500,1,152.141
1780758039.146,55.713,479428,479500,1,145.872
1780758039.201,55.768,479428,479500,1,165.082
1780758039.253,55.820,479428,479500,1,172.772
1780758039.305,55.872,479428,479500,1,191.214
1780758039.361,55.928,479428,479500,1,252.924
1780758039.422,55.989,479428,479500,1,246.409
1780758039.474,56.041,479428,479500,1,248.770
1780758039.526,56.093,479428,479500,1,228.027
1780758039.581,56.148,479428,479500,1,258.470
1780758039.633,56.200,479428,479500,1,230.109
1780758039.685,56.252,479428,479500,1,209.924
1780758039.738,56.305,479428,479500,1,190.905
1780758039.790,56.357,479428,479500,1,210.288
1780758039.843,56.409,479428,479500,1,152.014
1780758039.895,56.462,479428,479500,1,153.111
1780758039.947,56.514,479428,479500,1,171.654
1780758040.000,56.567,479428,479500,1,151.546
1780758040.053,56.620,479428,479500,1,169.714
1780758040.107,56.674,479428,479500,1,148.075
1780758040.161,56.728,479428,479500,1,165.844
1780758040.219,56.786,479428,479500,1,138.702
1780758040.271,56.838,479428,479500,1,133.941
1780758040.328,56.895,479428,479500,1,176.892
1780758040.380,56.947,479428,479500,1,228.819
1780758040.433,57.000,479428,479500,3,151.530
1780758040.486,57.052,479428,479500,3,133.237
1780758040.538,57.105,479428,479500,3,172.852
1780758040.590,57.157,479428,479500,3,153.280
1780758040.642,57.209,479428,479500,3,153.527
1780758040.697,57.264,479428,479500,3,163.088
1780758040.751,57.318,479428,479500,3,166.585
1780758040.803,57.370,479428,479500,3,153.102
1780758040.856,57.423,479428,479500,3,95.768
1780758040.908,57.475,479428,479500,3,57.379
1780758040.965,57.532,479428,479500,3,88.030
1780758041.017,57.584,479428,479500,3,172.250
1780758041.070,57.636,479428,479500,3,209.256
1780758041.122,57.689,479428,479500,3,172.358
1780758041.174,57.741,479428,479500,3,133.260
1780758041.226,57.793,479428,479500,3,153.316
1780758041.279,57.845,479428,479500,3,172.684
1780758041.331,57.898,479428,479500,3,153.307
1780758041.385,57.952,479428,479500,3,167.025
1780758041.437,58.004,479428,479500,3,153.458
1780758041.489,58.056,479428,479500,3,153.427
1780758041.541,58.108,479428,479500,3,153.753
1780758041.594,58.160,479428,479500,3,189.998
1780758041.647,58.214,479428,479500,3,186.987
1780758041.700,58.267,479428,479500,3,188.496
1780758041.753,58.320,479428,479500,3,168.806
1780758041.806,58.373,479428,479500,3,150.742
1780758041.860,58.427,479428,479500,3,168.355
1780758041.915,58.482,479428,479500,3,162.329
1780758041.968,58.535,479428,479500,3,150.803
1780758042.021,58.588,479428,479500,3,191.704
1780758042.078,58.645,479428,479500,3,208.679
1780758042.130,58.697,479428,479500,3,210.040
1780758042.183,58.750,479428,479500,3,169.679
1780758042.236,58.803,479428,479500,3,171.334
1780758042.288,58.855,479428,479500,3,152.476
1780758042.341,58.908,479428,479500,3,153.425
1780758042.398,58.965,479428,479500,3,174.953
1780758042.452,59.019,479428,479500,3,147.757
1780758042.508,59.075,479428,479500,3,177.918
1780758042.560,59.127,479428,479500,3,229.872
1780758042.613,59.180,479428,479500,3,265.723
1780758042.678,59.245,479428,479500,3,139.100
1780758042.731,59.298,479428,479500,3,169.780
1780758042.784,59.351,479428,479500,3,225.754
1780758042.836,59.403,479428,479500,3,228.649
1780758042.889,59.456,479428,479500,3,228.997
1780758042.941,59.508,479428,479500,3,153.290
1780758043.000,59.567,479428,479500,3,187.694
1780758043.052,59.619,479428,479500,3,152.918
1780758043.104,59.671,479428,479500,3,247.627
1780758043.157,59.724,479428,479500,3,226.727
1780758043.217,59.784,479428,479500,3,167.168
1780758043.270,59.837,479428,479500,3,151.519
1780758043.322,59.889,479428,479500,3,152.380
1780758043.375,59.942,479428,479500,3,152.153
1780758043.427,59.994,479428,479500,3,57.518
1780758043.479,60.046,479428,479500,3,57.581
1780758043.531,60.098,479428,479500,3,57.494
1780758043.584,60.151,479428,479500,3,56.990
1780758043.636,60.203,479428,479500,3,38.377
1780758043.688,60.255,479428,479500,3,76.765
1780758043.740,60.307,479428,479500,3,38.379
1780758043.794,60.361,479428,479500,3,168.446
1780758043.848,60.415,479428,479500,3,239.156
1780758043.903,60.470,479428,479500,3,163.034
1780758043.957,60.524,479428,479500,3,167.667
1780758044.013,60.580,479428,479500,3,160.237
1780758044.066,60.633,479428,479500,3,152.554
1780758044.118,60.685,479428,479500,3,76.625
1780758044.170,60.737,479428,479500,3,38.220
1780758044.223,60.790,479428,479500,3,56.333
1780758044.277,60.844,479428,479500,3,75.278
1780758044.330,60.897,479428,479500,3,37.607
1780758044.382,60.949,479428,479500,3,134.463
1780758044.440,61.007,479428,479500,2,187.846
1780758044.497,61.064,479428,479500,2,248.545
1780758044.551,61.118,479428,479500,2,277.308
1780758044.605,61.172,479428,479500,2,278.398
1780758044.658,61.225,479428,479500,2,261.507
1780758044.711,61.278,479428,479500,2,265.684
1780758044.768,61.335,479428,479500,2,174.736
1780758044.822,61.389,479428,479500,2,166.268
1780758044.877,61.444,479428,479500,2,164.384
1780758044.930,61.497,479428,479500,2,224.890
1780758044.984,61.551,479428,479500,2,167.281
1780758045.038,61.605,479428,479500,2,168.591
1780758045.091,61.658,479428,479500,2,150.224
1780758045.145,61.712,479428,479500,2,166.674
1780758045.200,61.767,479428,479500,2,252.547
1780758045.253,61.820,479428,479500,2,207.508
1780758045.309,61.876,479428,479500,2,216.614
1780758045.362,61.929,479428,479500,2,169.988
1780758045.414,61.981,479428,479500,2,171.163
1780758045.471,62.038,479428,479500,2,141.447
1780758045.524,62.091,479428,479500,2,150.797
1780758045.576,62.143,479428,479500,1,115.081
1780758045.628,62.195,479428,479500,1,191.440
1780758045.681,62.248,479428,479500,1,227.601
1780758045.734,62.301,479428,479500,1,150.311
1780758045.787,62.353,479428,479500,1,152.669
1780758045.840,62.407,479428,479500,1,169.350
1780758045.892,62.459,479428,479500,1,151.699
1780758045.947,62.514,479428,479500,1,217.989
1780758046.000,62.567,479428,479500,1,208.886
1780758046.054,62.621,479428,479500,1,221.404
1780758046.108,62.675,479428,479500,1,149.892
1780758046.161,62.728,479428,479500,1,150.635
1780758046.213,62.780,479428,479500,1,171.843
1780758046.269,62.836,479428,479500,1,159.919
1780758046.323,62.890,479428,479500,1,222.199
1780758046.377,62.944,479428,479500,1,242.063
1780758046.432,62.999,479428,479500,1,182.029
1780758046.487,63.054,479428,479500,1,145.010
1780758046.541,63.108,479428,479500,1,166.043
1780758046.594,63.161,479428,479500,1,150.971
1780758046.649,63.216,479428,479500,0,221.012
1780758046.702,63.269,479428,479500,0,226.306
1780758046.760,63.327,479428,479500,0,222.060
1780758046.813,63.380,479428,479500,0,152.607
1780758046.866,63.433,479428,479500,0,151.045
1780758046.924,63.491,479428,479500,0,137.555
1780758046.978,63.544,479428,479500,0,204.959
1780758047.032,63.599,479428,479500,0,202.186
1780758047.087,63.654,479428,479500,0,217.575
1780758047.139,63.706,479428,479500,2,172.205
1780758047.196,63.763,479428,479500,2,159.055
1780758047.251,63.818,479428,479500,2,127.263
1780758047.303,63.870,479428,479500,2,191.815
1780758047.357,63.924,479428,479500,2,130.209
1780758047.409,63.976,479428,479500,2,229.635
1780758047.462,64.029,479428,479500,2,227.362
1780758047.516,64.083,479428,479500,2,167.695
1780758047.568,64.135,479428,479500,2,133.694
1780758047.620,64.187,479428,479500,2,152.274
1780758047.673,64.240,479428,479500,2,172.342
1780758047.729,64.296,479428,479500,2,232.187
1780758047.782,64.349,479428,479500,2,207.785
1780758047.835,64.402,479428,479500,2,151.006
1780758047.887,64.454,479428,479500,2,152.912
1780758047.939,64.506,479428,479500,2,133.770
1780758047.992,64.559,479428,479500,2,207.736
1780758048.048,64.615,479428,479500,2,250.233
1780758048.101,64.668,479428,479500,2,247.025
1780758048.156,64.723,479428,479500,2,252.856
1780758048.208,64.775,479428,479500,2,324.873
1780758048.261,64.828,479428,479500,2,264.753
1780758048.320,64.887,479428,479500,2,239.004
1780758048.373,64.940,479428,479500,2,244.292
1780758048.427,64.993,479428,479500,2,280.884
1780758048.479,65.046,479428,479500,2,171.274
1780758048.533,65.100,479428,479500,2,223.380
1780758048.585,65.152,479428,479500,2,152.774
1780758048.637,65.204,479428,479500,2,248.948
1780758048.690,65.257,479428,479500,3,208.548
1780758048.745,65.312,479428,479500,3,220.121
1780758048.797,65.364,479428,479500,3,133.253
1780758048.849,65.416,479428,479500,3,114.691
1780758048.902,65.469,479428,479500,3,171.542
1780758048.956,65.523,479428,479500,3,278.664
1780758049.011,65.578,479428,479500,3,144.219
1780758049.063,65.630,479428,479500,3,153.404
1780758049.115,65.682,479428,479500,3,57.680
1780758049.167,65.734,479428,479500,3,38.458
1780758049.220,65.787,479428,479500,3,113.835
1780758049.272,65.839,479428,479500,3,230.266
1780758049.325,65.892,479428,479500,3,188.905
1780758049.378,65.945,479428,479500,3,171.562
1780758049.430,65.997,479428,479500,3,190.918
1780758049.483,66.050,479428,479500,3,188.503
1780758049.537,66.104,479428,479500,3,220.906
1780758049.590,66.157,479428,479500,3,153.151
1780758049.643,66.210,479428,479500,3,243.341
1780758049.696,66.263,479428,479500,3,206.950
1780758049.750,66.317,479428,479500,3,240.465
1780758049.803,66.370,479428,479500,3,152.035
1780758049.859,66.426,479428,479500,3,124.681
1780758049.911,66.478,479428,479500,3,229.594
1780758049.965,66.532,479428,479500,3,224.847
1780758050.017,66.584,479428,479500,3,133.247
1780758050.069,66.636,479428,479500,3,76.764
1780758050.121,66.688,479428,479500,3,96.225
1780758050.173,66.740,479428,479500,3,230.427
1780758050.226,66.793,479428,479500,3,189.904
1780758050.278,66.845,479428,479500,3,134.291
1780758050.330,66.897,479428,479500,3,76.777
1780758050.383,66.950,479428,479500,0,133.374
1780758050.435,67.002,479428,479500,3,228.382
1780758050.489,67.056,479428,479500,3,243.649
1780758050.542,67.108,479428,479500,3,226.693
1780758050.594,67.161,479428,479500,3,133.507
1780758050.646,67.213,479428,479500,3,249.856
1780758050.699,67.266,479428,479500,3,244.146
1780758050.752,67.319,479428,479500,3,247.809
1780758050.805,67.372,479428,479500,3,260.900
1780758050.860,67.427,479428,479500,3,128.159
1780758050.912,67.479,479428,479500,1,211.163
1780758050.971,67.538,479428,479500,2,219.429
1780758051.024,67.591,479428,479500,2,152.521
1780758051.076,67.643,479428,479500,2,134.159
1780758051.128,67.695,479428,479500,2,230.246
1780758051.181,67.748,479428,479500,2,188.108
1780758051.233,67.800,479428,479500,2,134.019
1780758051.286,67.853,479428,479500,2,172.713
1780758051.338,67.905,479428,479500,2,192.169
1780758051.390,67.957,479428,479500,2,190.666
1780758051.445,68.012,479428,479500,2,127.292
1780758051.498,68.065,479428,479500,2,170.902
1780758051.551,68.118,479428,479500,2,260.729
1780758051.605,68.172,479428,479500,2,168.521
1780758051.662,68.229,479428,479500,2,156.363
1780758051.720,68.287,479428,479500,2,207.755
1780758051.773,68.340,479428,479500,2,224.973
1780758051.826,68.393,479428,479500,2,171.225
1780758051.881,68.447,479428,479500,2,220.310
1780758051.936,68.503,479428,479500,2,234.276
1780758051.989,68.556,479428,479500,2,151.796
1780758052.041,68.608,479428,479500,2,172.548
1780758052.095,68.662,479428,479500,2,238.057
1780758052.149,68.716,479428,479500,2,148.866
1780758052.204,68.771,479428,479500,2,164.765
1780758052.257,68.824,479428,479500,2,56.777
1780758052.309,68.876,479428,479500,2,210.817
1780758052.363,68.930,479428,479500,2,238.077
1780758052.417,68.984,479428,479500,2,149.616
1780758052.469,69.036,479428,479500,2,114.717
1780758052.521,69.088,479428,479500,2,115.146
1780758052.574,69.140,479428,479500,2,210.607
1780758052.627,69.193,479428,479500,2,226.617
1780758052.679,69.246,479428,479500,2,245.711
1780758052.734,69.300,479428,479500,2,277.397
1780758052.786,69.353,479428,479500,2,230.365
1780758052.838,69.405,479428,479500,2,246.855
1780758052.891,69.458,479428,479500,2,227.641
1780758052.948,69.515,479428,479500,2,332.164
1780758053.000,69.567,479428,479500,2,230.231
1780758053.059,69.626,479428,479500,2,239.770
1780758053.115,69.682,479428,479500,2,211.329
1780758053.169,69.736,479428,479500,2,206.572
1780758053.221,69.788,479428,479500,2,248.718
1780758053.274,69.841,479428,479500,2,112.665
1780758053.327,69.894,479428,479500,2,152.219
1780758053.379,69.946,479428,479500,2,153.433
1780758053.432,69.998,479428,479500,2,228.074
1780758053.484,70.051,479428,479500,2,171.369
1780758053.536,70.103,479428,479500,2,134.036
1780758053.588,70.155,479428,479500,2,172.816
1780758053.641,70.208,479428,479500,2,248.703
1780758053.694,70.261,479428,479500,2,150.914
1780758053.747,70.314,479428,479500,2,112.373
1780758053.800,70.367,479428,479500,0,188.486
1780758053.854,70.421,479428,479500,0,241.890
1780758053.912,70.479,479428,479500,0,138.254
1780758053.964,70.531,479428,479500,0,170.478
1780758054.023,70.590,479428,479500,0,204.343
1780758054.076,70.643,479428,479500,0,190.754
1780758054.128,70.695,479428,479500,0,210.858
1780758054.180,70.747,479428,479500,0,210.181
1780758054.234,70.801,479428,479500,0,185.528
1780758054.288,70.855,479428,479500,0,166.346
1780758054.340,70.907,479428,479500,0,229.484
1780758054.396,70.963,479428,479500,0,251.922
1780758054.448,71.015,479428,479500,1,228.873
1780758054.501,71.068,479428,479500,1,226.557
1780758054.557,71.123,479428,479500,1,272.274
1780758054.610,71.177,479428,479500,1,223.903
1780758054.662,71.229,479428,479500,1,57.281
1780758054.714,71.281,479428,479500,1,77.027
1780758054.768,71.335,479428,479500,1,204.713
1780758054.824,71.390,479428,479500,1,162.502
1780758054.876,71.442,479428,479500,1,38.471
1780758054.928,71.495,479428,479500,1,37.814
1780758054.980,71.547,479428,479500,1,134.658
1780758055.033,71.600,479428,479500,0,226.211
1780758055.086,71.653,479428,479500,0,76.548
1780758055.139,71.706,479428,479500,0,56.653
1780758055.192,71.759,479428,479500,0,37.727
1780758055.248,71.815,479428,479500,0,193.600
1780758055.302,71.869,479428,479500,0,223.926
1780758055.354,71.921,479428,479500,0,76.505
1780758055.410,71.977,479428,479500,0,71.664
1780758055.462,72.029,479428,479500,0,191.560
1780758055.522,72.088,479428,479500,0,236.622
1780758055.574,72.141,479428,479500,0,152.762
1780758055.626,72.193,479428,479500,0,38.408
1780758055.678,72.245,479428,479500,0,153.891
1780758055.730,72.297,479428,479500,0,191.257
1780758055.783,72.350,479428,479500,0,227.445
1780758055.836,72.403,479428,479500,0,112.779
1780758055.889,72.456,479428,479500,0,57.016
1780758055.944,72.511,479428,479500,2,144.560
1780758055.997,72.564,479428,479500,2,208.560
1780758056.050,72.617,479428,479500,2,225.543
1780758056.104,72.671,479428,479500,2,129.572
1780758056.156,72.723,479428,479500,2,191.787
1780758056.212,72.779,479428,479500,2,233.377
1780758056.268,72.835,479428,479500,2,194.807
1780758056.321,72.888,479428,479500,2,114.034
1780758056.373,72.940,479428,479500,2,38.479
1780758056.425,72.992,479428,479500,2,38.485
1780758056.477,73.044,479428,479500,2,38.535
1780758056.530,73.097,479428,479500,2,37.668
1780758056.583,73.150,479428,479500,2,150.688
1780758056.635,73.202,479428,479500,1,210.939
1780758056.688,73.255,479428,479500,1,248.368
1780758056.740,73.307,479428,479500,1,134.383
1780758056.792,73.359,479428,479500,1,57.551
1780758056.844,73.411,479428,479500,1,152.860
1780758056.897,73.464,479428,479500,1,209.534
1780758056.950,73.517,479428,479500,1,243.039
1780758057.005,73.572,479428,479500,1,275.393
1780758057.057,73.624,479428,479500,1,210.941
1780758057.109,73.676,479428,479500,1,287.172
1780758057.163,73.730,479428,479500,1,240.269
1780758057.215,73.782,479428,479500,1,209.891
1780758057.268,73.835,479428,479500,1,267.457
1780758057.320,73.887,479428,479500,0,248.135
1780758057.374,73.941,479428,479500,3,223.031
1780758057.427,73.994,479428,479500,3,226.013
1780758057.480,74.047,479428,479500,3,206.885
1780758057.534,74.101,479428,479500,0,149.482
1780758057.587,74.154,479428,479500,0,226.897
1780758057.641,74.208,479428,479500,2,222.200
1780758057.697,74.264,479428,479500,2,159.122
1780758057.750,74.317,479428,479500,2,133.550
1780758057.802,74.369,479428,479500,2,171.041
1780758057.858,74.425,479428,479500,1,234.708
1780758057.911,74.478,479428,479500,1,241.791
1780758057.969,74.535,479428,479500,1,140.086
1780758058.021,74.588,479428,479500,1,95.127
1780758058.073,74.640,479428,479500,1,114.869
1780758058.131,74.698,479428,479500,1,191.508
1780758058.186,74.753,479428,479500,1,233.478
1780758058.246,74.813,479428,479500,1,200.397
1780758058.299,74.866,479428,479500,2,170.974
1780758058.351,74.918,479428,479500,2,57.159
1780758058.404,74.971,479428,479500,2,191.942
1780758058.458,75.025,479428,479500,2,219.178
1780758058.513,75.080,479428,479500,2,218.378
1780758058.566,75.133,479428,479500,2,133.635
1780758058.618,75.185,479428,479500,2,151.604
1780758058.676,75.243,479428,479500,2,209.062
1780758058.733,75.300,479428,479500,3,229.000
1780758058.786,75.353,479428,479500,3,169.759
1780758058.838,75.405,479428,479500,3,153.702
1780758058.890,75.457,479428,479500,3,190.069
1780758058.948,75.515,479428,479500,2,207.997
1780758059.005,75.572,479428,479500,2,245.708
1780758059.058,75.625,479428,479500,2,170.677
1780758059.110,75.677,479428,479500,2,152.086
1780758059.163,75.730,479428,479500,0,209.782
1780758059.217,75.784,479428,479500,0,241.197
1780758059.272,75.839,479428,479500,0,216.575
1780758059.324,75.891,479428,479500,0,171.803
1780758059.377,75.944,479428,479500,0,133.887
1780758059.429,75.996,479428,479500,0,191.083
1780758059.482,76.049,479428,479500,1,170.318
1780758059.537,76.104,479428,479500,1,237.360
1780758059.590,76.157,479428,479500,1,243.865
1780758059.644,76.211,479428,479500,1,332.895
1780758059.702,76.269,479428,479500,1,258.543
1780758059.755,76.322,479428,479500,1,263.101
1780758059.809,76.375,479428,479500,1,262.602
1780758059.869,76.435,479428,479500,1,266.878
1780758059.922,76.489,479428,479500,1,298.870
1780758059.975,76.542,479428,479500,1,246.575
1780758060.028,76.595,479428,479500,1,243.070
1780758060.081,76.648,479428,479500,1,322.619
1780758060.142,76.709,479428,479500,1,278.298
1780758060.196,76.763,479428,479500,1,240.027
1780758060.249,76.816,479428,479500,1,247.390
1780758060.301,76.868,479428,479500,1,284.669
1780758060.358,76.925,479428,479500,1,229.537
1780758060.411,76.978,479428,479500,1,243.555
1780758060.464,77.031,479428,479500,1,189.030
1780758060.519,77.086,479428,479500,1,274.484
1780758060.572,77.139,479428,479500,1,245.179
1780758060.626,77.192,479428,479500,1,186.881
1780758060.678,77.245,479428,479500,1,229.344
1780758060.740,77.306,479428,479500,1,243.155
1780758060.793,77.360,479428,479500,1,241.735
1780758060.850,77.417,479428,479500,1,176.557
1780758060.903,77.469,479428,479500,1,114.062
1780758060.956,77.523,479428,479500,1,260.512
1780758061.016,77.583,479428,479500,1,218.729
1780758061.071,77.638,479428,479500,1,233.451
1780758061.127,77.694,479428,479500,1,253.127
1780758061.186,77.753,479428,479500,1,218.017
1780758061.239,77.806,479428,479500,1,247.583
1780758061.293,77.860,479428,479500,1,183.982
1780758061.347,77.914,479428,479500,1,260.289
1780758061.401,77.968,479428,479500,1,258.538
1780758061.454,78.021,479428,479500,1,246.263
1780758061.508,78.075,479428,479500,1,297.978
1780758061.561,78.128,479428,479500,1,242.280
1780758061.614,78.181,479428,479500,1,207.514
1780758061.670,78.237,479428,479500,1,303.425
1780758061.724,78.291,479428,479500,1,280.160
1780758061.780,78.346,479428,479500,1,287.314
1780758061.833,78.400,479428,479500,1,243.288
1780758061.885,78.452,479428,479500,1,267.243
1780758061.939,78.506,479428,479500,2,297.524
1780758061.993,78.560,479428,479500,2,260.565
1780758062.046,78.612,479428,479500,2,265.779
1780758062.100,78.667,479428,479500,2,203.533
1780758062.152,78.719,479428,479500,2,170.756
1780758062.212,78.779,479428,479500,2,167.565
1780758062.265,78.832,479428,479500,2,265.923
1780758062.324,78.891,479428,479500,2,218.380
1780758062.378,78.945,479428,479500,2,223.550
1780758062.431,78.998,479428,479500,2,131.831
1780758062.483,79.050,479428,479500,2,153.030
1780758062.536,79.103,479428,479500,2,133.198
1780758062.588,79.155,479428,479500,2,114.542
1780758062.642,79.209,479428,479500,2,203.948
1780758062.695,79.262,479428,479500,2,150.070
1780758062.751,79.318,479428,479500,2,178.568
1780758062.804,79.371,479428,479500,2,152.446
1780758062.857,79.424,479428,479500,2,282.280
1780758062.911,79.478,479428,479500,2,222.963
1780758062.968,79.535,479428,479500,2,244.138
1780758063.021,79.588,479428,479500,2,171.398
1780758063.073,79.640,479428,479500,2,152.518
1780758063.126,79.693,479428,479500,2,151.665
1780758063.178,79.745,479428,479500,2,190.558
1780758063.231,79.798,479428,479500,2,152.753
1780758063.284,79.851,479428,479500,2,186.327
1780758063.337,79.904,479428,479500,2,247.161
1780758063.389,79.956,479428,479500,2,192.123
1780758063.442,80.009,479428,479500,2,169.627
1780758063.495,80.062,479428,479500,2,189.476
1780758063.550,80.117,479428,479500,2,199.555
1780758063.602,80.169,479428,479500,2,229.601
1780758063.656,80.223,479428,479500,2,262.105
1780758063.708,80.275,479428,479500,2,170.466
1780758063.764,80.330,479428,479500,2,181.746
1780758063.820,80.387,479428,479500,2,106.256
1780758063.872,80.439,479428,479500,2,115.335
1780758063.926,80.493,479428,479500,2,166.695
1780758063.979,80.546,479428,479500,2,261.676
1780758064.032,80.599,479428,479500,2,266.306
1780758064.084,80.651,479428,479500,2,153.416
1780758064.136,80.703,479428,479500,2,134.170
1780758064.188,80.755,479428,479500,2,153.532
1780758064.240,80.807,479428,479500,2,57.715
1780758064.293,80.860,479428,479500,0,151.098
1780758064.347,80.914,479428,479500,0,223.825
1780758064.399,80.966,479428,479500,0,247.739
1780758064.453,81.020,479428,479500,0,169.441
1780758064.506,81.073,479428,479500,0,205.119
1780758064.560,81.127,479428,479500,0,167.780
1780758064.614,81.181,479428,479500,0,129.820
1780758064.667,81.234,479428,479500,0,56.656
1780758064.719,81.286,479428,479500,0,57.668
1780758064.772,81.338,479428,479500,0,56.894
1780758064.824,81.391,479428,479500,0,76.729
1780758064.876,81.443,479428,479500,0,57.610
1780758064.928,81.495,479428,479500,0,57.618
1780758064.980,81.547,479428,479500,0,134.394
1780758065.032,81.599,479428,479500,0,190.728
1780758065.085,81.652,479428,479500,0,228.989
1780758065.138,81.705,479428,479500,0,205.334
1780758065.191,81.758,479428,479500,0,152.784
1780758065.244,81.810,479428,479500,0,151.233
1780758065.297,81.864,479428,479500,0,168.626
1780758065.349,81.916,479428,479500,0,57.382
1780758065.402,81.968,479428,479500,0,76.425
1780758065.454,82.021,479428,479500,0,57.566
1780758065.506,82.073,479428,479500,0,19.179
1780758065.558,82.125,479428,479500,0,95.650
1780758065.610,82.177,479428,479500,0,76.450
1780758065.663,82.230,479428,479500,0,57.000
1780758065.717,82.284,479428,479500,0,73.840
1780758065.770,82.336,479428,479500,1,171.982
1780758065.822,82.389,479428,479500,1,267.202
1780758065.876,82.443,479428,479500,2,238.931
1780758065.929,82.496,479428,479500,2,151.887
1780758065.981,82.548,479428,479500,2,152.994
1780758066.034,82.601,479428,479500,2,170.678
1780758066.086,82.653,479428,479500,2,229.847
1780758066.139,82.706,479428,479500,1,209.282
1780758066.191,82.758,479428,479500,1,267.199
1780758066.244,82.811,479428,479500,1,263.692
1780758066.298,82.865,479428,479500,1,243.497
1780758066.354,82.921,479428,479500,1,281.695
1780758066.407,82.974,479428,479500,1,324.738
1780758066.459,83.026,479428,479500,1,265.739
1780758066.512,83.079,479428,479500,1,267.585
1780758066.568,83.134,479428,479500,1,287.093
1780758066.623,83.190,479428,479500,1,235.463
1780758066.676,83.243,479428,479500,1,204.748
1780758066.729,83.296,479428,479500,1,189.645
1780758066.784,83.351,479428,479500,1,201.897
1780758066.838,83.405,479428,479500,1,259.206
1780758066.891,83.458,479428,479500,1,225.124
1780758066.946,83.513,479428,479500,1,181.760
1780758066.999,83.566,479428,479500,1,168.603
1780758067.055,83.622,479428,479500,1,267.938
1780758067.111,83.678,479428,479500,1,250.758
1780758067.172,83.738,479428,479500,1,232.164
1780758067.227,83.794,479428,479500,1,163.428
1780758067.279,83.846,479428,479500,1,151.986
1780758067.333,83.900,479428,479500,1,222.130
1780758067.387,83.954,479428,479500,1,204.330
1780758067.440,84.007,479428,479500,1,247.160
1780758067.493,84.060,479428,479500,1,224.173
1780758067.548,84.115,479428,479500,1,181.885
1780758067.605,84.172,479428,479500,1,194.665
1780758067.659,84.226,479428,479500,1,256.637
1780758067.717,84.284,479428,479500,1,243.979
1780758067.770,84.337,479428,479500,1,262.549
1780758067.824,84.390,479428,479500,1,186.597
1780758067.877,84.444,479428,479500,1,169.134
1780758067.930,84.496,479428,479500,1,151.551
1780758067.983,84.550,479428,479500,1,150.241
1780758068.036,84.603,479428,479500,1,132.360
1780758068.092,84.659,479428,479500,1,194.724
1780758068.148,84.715,479428,479500,1,232.265
1780758068.201,84.768,479428,479500,1,189.597
1780758068.254,84.821,479428,479500,1,170.182
1780758068.307,84.874,479428,479500,1,168.962
1780758068.361,84.928,479428,479500,1,166.849
1780758068.414,84.981,479428,479500,1,227.814
1780758068.467,85.034,479428,479500,1,262.997
1780758068.521,85.088,479428,479500,1,222.026
1780758068.573,85.140,479428,479500,1,152.553
1780758068.626,85.193,479428,479500,1,153.209
1780758068.678,85.245,479428,479500,1,171.357
1780758068.731,85.298,479428,479500,1,207.115
1780758068.787,85.353,479428,479500,1,216.795
1780758068.839,85.406,479428,479500,1,248.005
1780758068.898,85.465,479428,479500,1,219.719
1780758068.953,85.520,479428,479500,1,165.122
1780758069.007,85.574,479428,479500,1,183.995
1780758069.060,85.627,479428,479500,1,152.172
1780758069.116,85.683,479428,479500,1,176.456
1780758069.169,85.736,479428,479500,1,188.414
1780758069.221,85.788,479428,479500,1,249.172
1780758069.275,85.842,479428,479500,1,185.615
1780758069.328,85.895,479428,479500,1,170.321
1780758069.382,85.949,479428,479500,1,148.097
1780758069.435,86.002,479428,479500,1,152.761
1780758069.487,86.054,479428,479500,1,172.055
1780758069.539,86.106,479428,479500,1,248.956
1780758069.593,86.160,479428,479500,1,239.381
1780758069.649,86.216,479428,479500,1,286.265
1780758069.702,86.269,479428,479500,1,265.038
1780758069.760,86.327,479428,479500,1,260.297
1780758069.812,86.379,479428,479500,1,248.179
1780758069.864,86.431,479428,479500,2,248.458
1780758069.918,86.485,479428,479500,2,261.353
1780758069.975,86.542,479428,479500,2,245.468
1780758070.029,86.596,479428,479500,2,259.184
1780758070.083,86.650,479428,479500,0,223.911
1780758070.140,86.707,479428,479500,0,156.056
1780758070.194,86.761,479428,479500,0,243.583
1780758070.248,86.815,479428,479500,1,238.835
1780758070.300,86.867,479428,479500,1,249.210
1780758070.353,86.920,479428,479500,1,151.464
1780758070.406,86.973,479428,479500,1,152.095
1780758070.465,87.032,479428,479500,1,184.115
1780758070.525,87.092,479428,479500,1,202.333
1780758070.578,87.145,479428,479500,1,243.601
1780758070.632,87.198,479428,479500,3,224.923
1780758070.684,87.251,479428,479500,3,153.496
1780758070.736,87.303,479428,479500,3,151.839
1780758070.789,87.356,479428,479500,3,210.183
1780758070.841,87.408,479428,479500,0,209.416
1780758070.895,87.461,479428,479500,0,262.515
1780758070.950,87.517,479428,479500,0,232.225
1780758071.006,87.573,479428,479500,0,161.024
1780758071.060,87.627,479428,479500,0,149.892
1780758071.115,87.682,479428,479500,0,145.892
1780758071.169,87.736,479428,479500,0,182.573
1780758071.222,87.789,479428,479500,2,228.584
1780758071.274,87.841,479428,479500,2,209.510
1780758071.327,87.894,479428,479500,2,152.864
1780758071.380,87.947,479428,479500,2,167.674
1780758071.433,88.000,479428,479500,2,133.497
1780758071.485,88.052,479428,479500,2,153.579
1780758071.537,88.104,479428,479500,0,190.430
1780758071.590,88.157,479428,479500,0,245.489
1780758071.645,88.212,479428,479500,0,202.571
1780758071.697,88.264,479428,479500,0,152.860
1780758071.750,88.317,479428,479500,0,170.988
1780758071.802,88.369,479428,479500,0,153.101
1780758071.855,88.422,479428,479500,0,226.967
1780758071.912,88.479,479428,479500,0,225.773
1780758071.968,88.534,479428,479500,0,217.322
1780758072.021,88.588,479428,479500,0,168.545
1780758072.073,88.640,479428,479500,0,153.409
1780758072.125,88.692,479428,479500,0,172.218
1780758072.178,88.744,479428,479500,0,229.914
1780758072.233,88.800,479428,479500,0,232.649
1780758072.286,88.853,479428,479500,0,267.355
1780758072.340,88.907,479428,479500,0,221.005
1780758072.393,88.960,479428,479500,0,170.314
1780758072.446,89.013,479428,479500,0,151.138
1780758072.501,89.068,479428,479500,0,180.813
1780758072.554,89.121,479428,479500,0,152.587
1780758072.606,89.173,479428,479500,0,268.190
1780758072.661,89.227,479428,479500,0,255.829
1780758072.715,89.282,479428,479500,0,255.279
1780758072.780,89.347,479428,479500,0,186.100
1780758072.833,89.400,479428,479500,0,132.222
1780758072.886,89.453,479428,479500,0,151.378
1780758072.938,89.505,479428,479500,0,211.192
1780758072.991,89.558,479428,479500,0,242.277
1780758073.044,89.611,479428,479500,0,229.128
1780758073.101,89.668,479428,479500,0,246.016
1780758073.153,89.720,479428,479500,0,229.915
1780758073.207,89.774,479428,479500,0,353.610
1780758073.259,89.826,479428,479500,0,265.982
1780758073.314,89.881,479428,479500,0,275.188
1780758073.367,89.934,479428,479500,0,225.111
1780758073.424,89.991,479428,479500,0,315.778
1780758073.480,90.047,479428,479500,0,249.458
1780758073.533,90.100,479428,479500,0,266.362
1780758073.587,90.154,479428,479500,0,221.834
1780758073.641,90.208,479428,479500,0,256.238
1780758073.696,90.262,479428,479500,3,277.354
1780758073.748,90.315,479428,479500,1,209.449
1780758073.801,90.368,479428,479500,1,244.489
1780758073.856,90.423,479428,479500,1,202.050
1780758073.908,90.475,479428,479500,1,134.167
1780758073.967,90.534,479428,479500,1,236.071
1780758074.020,90.587,479428,479500,1,246.395
1780758074.073,90.640,479428,479500,1,207.354
1780758074.125,90.692,479428,479500,3,190.652
1780758074.182,90.749,479428,479500,3,248.478
1780758074.234,90.801,479428,479500,3,229.293
1780758074.287,90.854,479428,479500,3,190.243
1780758074.339,90.906,479428,479500,3,133.199
1780758074.392,90.959,479428,479500,3,132.652
1780758074.445,91.012,479428,479500,3,170.823
1780758074.497,91.064,479428,479500,1,189.662
1780758074.551,91.118,479428,479500,1,259.300
1780758074.605,91.172,479428,479500,1,168.065
1780758074.658,91.225,479428,479500,1,150.566
1780758074.714,91.281,479428,479500,1,89.667
1780758074.771,91.338,479428,479500,1,157.407
1780758074.824,91.391,479428,479500,1,228.118
1780758074.876,91.443,479428,479500,1,170.899
1780758074.929,91.495,479428,479500,1,152.987
1780758074.981,91.548,479428,479500,0,132.551
1780758075.034,91.601,479428,479500,0,190.123
1780758075.087,91.654,479428,479500,0,244.418
1780758075.139,91.706,479428,479500,0,133.835
1780758075.194,91.761,479428,479500,0,146.742
1780758075.247,91.814,479428,479500,0,169.070
1780758075.300,91.866,479428,479500,0,229.311
1780758075.358,91.925,479428,479500,0,204.326
1780758075.413,91.980,479428,479500,0,181.637
1780758075.469,92.036,479428,479500,0,214.817
1780758075.521,92.088,479428,479500,0,229.952
1780758075.574,92.141,479428,479500,0,227.373
1780758075.628,92.195,479428,479500,0,296.848
1780758075.688,92.255,479428,479500,0,249.152
1780758075.742,92.309,479428,479500,0,241.343
1780758075.799,92.366,479428,479500,0,247.816
1780758075.853,92.420,479428,479500,0,259.347
1780758075.909,92.476,479428,479500,3,284.886
1780758075.967,92.534,479428,479500,1,190.179
1780758076.024,92.591,479428,479500,3,225.668
1780758076.078,92.645,479428,479500,3,186.963
1780758076.131,92.698,479428,479500,3,148.812
1780758076.184,92.751,479428,479500,3,57.497
1780758076.236,92.803,479428,479500,1,152.529
1780758076.288,92.855,479428,479500,1,191.591
1780758076.341,92.908,479428,479500,1,227.458
1780758076.399,92.966,479428,479500,1,172.917
1780758076.452,93.019,479428,479500,1,262.049
1780758076.506,93.073,479428,479500,1,223.868
1780758076.561,93.128,479428,479500,0,219.430
1780758076.620,93.187,479428,479500,0,152.250
1780758076.672,93.239,479428,479500,0,133.318
1780758076.724,93.291,479428,479500,0,76.677
1780758076.776,93.343,479428,479500,0,115.490
1780758076.828,93.395,479428,479500,3,172.466
1780758076.881,93.448,479428,479500,3,207.805
1780758076.934,93.501,479428,479500,3,190.278
1780758076.986,93.553,479428,479500,3,134.393
1780758077.038,93.605,479428,479500,3,115.049
1780758077.090,93.657,479428,479500,3,134.519
1780758077.142,93.709,479428,479500,3,210.682
1780758077.196,93.762,479428,479500,3,207.407
1780758077.305,93.871,479428,479500,3,174.224
1780758077.358,93.925,479428,479500,3,93.575
1780758077.410,93.977,479428,479500,3,57.735
1780758077.462,94.029,479428,479500,3,38.521
1780758077.514,94.081,479428,479500,3,77.038
1780758077.566,94.133,479428,479500,3,170.824
1780758077.619,94.186,479428,479500,3,248.078
1780758077.671,94.238,479428,479500,3,153.018
1780758077.724,94.291,479428,479500,3,152.592
1780758077.776,94.343,479428,479500,3,153.266
1780758077.828,94.395,479428,479500,3,38.381
1780758077.880,94.447,479428,479500,3,57.671
1780758077.932,94.499,479428,479500,1,57.238
1780758077.984,94.551,479428,479500,1,38.472
1780758078.036,94.603,479428,479500,1,134.641
1780758078.088,94.655,479428,479500,1,211.218
1780758078.144,94.711,479428,479500,1,197.021
1780758078.198,94.765,479428,479500,1,167.015
1780758078.250,94.817,479428,479500,1,152.992
1780758078.303,94.869,479428,479500,1,134.303
1780758078.355,94.922,479428,479500,1,38.348
1780758078.407,94.974,479428,479500,1,57.725
1780758078.459,95.026,479428,479500,1,76.973
1780758078.511,95.078,479428,479500,1,153.622
1780758078.563,95.130,479428,479500,1,247.593
1780758078.616,95.183,479428,479500,1,171.060
1780758078.668,95.235,479428,479500,1,153.237
1780758078.720,95.287,479428,479500,1,153.126
1780758078.772,95.339,479428,479500,1,134.129
1780758078.825,95.392,479428,479500,1,76.666
1780758078.877,95.444,479428,479500,1,115.423
1780758078.929,95.496,479428,479500,1,191.593
1780758078.981,95.548,479428,479500,1,229.589
1780758079.033,95.600,479428,479500,2,229.182
1780758079.086,95.653,479428,479500,2,247.183
1780758079.138,95.705,479428,479500,2,249.402
1780758079.190,95.757,479428,479500,2,229.882
1780758079.243,95.810,479428,479500,2,133.968
1780758079.297,95.864,479428,479500,2,145.998
1780758079.350,95.917,479428,479500,2,75.914
1780758079.402,95.969,479428,479500,2,172.812
1780758079.454,96.021,479428,479500,2,210.394
1780758079.513,96.080,479428,479500,2,189.106
1780758079.566,96.133,479428,479500,2,150.938
1780758079.618,96.185,479428,479500,2,152.282
1780758079.670,96.237,479428,479500,2,133.936
1780758079.722,96.289,479428,479500,2,57.628
1780758079.774,96.341,479428,479500,2,115.376
1780758079.827,96.394,479428,479500,2,172.116
1780758079.879,96.446,479428,479500,2,229.239
1780758079.933,96.500,479428,479500,2,167.164
1780758079.986,96.553,479428,479500,2,130.739
1780758080.039,96.606,479428,479500,2,134.297
1780758080.092,96.659,479428,479500,2,263.641
1780758080.145,96.712,479428,479500,2,204.771
1780758080.201,96.768,479428,479500,2,217.016
1780758080.254,96.821,479428,479500,2,151.283
1780758080.312,96.879,479428,479500,2,120.775
1780758080.368,96.935,479428,479500,2,177.945
1780758080.420,96.987,479428,479500,2,190.572
1780758080.474,97.041,479428,479500,2,243.019
1780758080.527,97.094,479428,479500,2,188.956
1780758080.579,97.146,479428,479500,2,153.332
1780758080.632,97.199,479428,479500,2,150.241
1780758080.684,97.251,479428,479500,2,95.808
1780758080.736,97.303,479428,479500,2,76.824
1780758080.788,97.355,479428,479500,2,172.597
1780758080.841,97.408,479428,479500,2,265.574
1780758080.899,97.466,479428,479500,2,173.041
1780758080.951,97.518,479428,479500,2,171.660
1780758081.006,97.573,479428,479500,2,166.125
1780758081.060,97.627,479428,479500,2,255.846
1780758081.114,97.681,479428,479500,2,225.277
1780758081.172,97.739,479428,479500,2,189.437
1780758081.224,97.791,479428,479500,2,152.522
1780758081.277,97.844,479428,479500,2,151.693
1780758081.330,97.896,479428,479500,2,151.802
1780758081.382,97.949,479428,479500,2,190.465
1780758081.434,98.001,479428,479500,2,190.902
1780758081.488,98.055,479428,479500,2,223.806
1780758081.541,98.108,479428,479500,2,152.018
1780758081.594,98.161,479428,479500,2,169.613
1780758081.647,98.214,479428,479500,2,167.430
1780758081.700,98.267,479428,479500,2,95.510
1780758081.752,98.319,479428,479500,2,191.763
1780758081.804,98.371,479428,479500,2,229.120
1780758081.858,98.425,479428,479500,2,204.444
1780758081.914,98.481,479428,479500,2,144.320
1780758081.968,98.534,479428,479500,2,148.337
1780758082.020,98.587,479428,479500,2,208.114
1780758082.077,98.644,479428,479500,2,194.555
1780758082.129,98.696,479428,479500,2,248.228
1780758082.182,98.749,479428,479500,2,170.544
1780758082.234,98.801,479428,479500,2,152.868
1780758082.287,98.854,479428,479500,2,133.725
1780758082.339,98.906,479428,479500,2,153.591
1780758082.391,98.958,479428,479500,2,134.445
1780758082.445,99.012,479428,479500,2,241.845
1780758082.497,99.064,479428,479500,2,208.483
1780758082.553,99.119,479428,479500,2,254.077
1780758082.606,99.173,479428,479500,2,222.641
1780758082.661,99.228,479428,479500,2,275.173
1780758082.720,99.286,479428,479500,2,238.822
1780758082.772,99.339,479428,479500,2,283.604
1780758082.831,99.398,479428,479500,2,256.955
1780758082.883,99.450,479428,479500,2,230.133
1780758082.938,99.505,479428,479500,2,253.639
1780758082.992,99.559,479428,479500,2,149.143
1780758083.045,99.612,479428,479500,2,150.164
1780758083.098,99.665,479428,479500,2,169.578
1780758083.151,99.718,479428,479500,2,169.607
1780758083.204,99.770,479428,479500,1,229.249
1780758083.257,99.824,479428,479500,1,223.797
1780758083.312,99.879,479428,479500,1,200.845
1780758083.368,99.934,479428,479500,1,143.946
1780758083.420,99.987,479428,479500,1,152.344
1780758083.473,100.040,479428,479500,1,151.806
1780758083.525,100.092,479428,479500,1,152.539
1780758083.578,100.144,479428,479500,1,190.880
1780758083.630,100.197,479428,479500,0,170.043
1780758083.683,100.250,479428,479500,0,208.787
1780758083.737,100.304,479428,479500,0,186.584
1780758083.789,100.356,479428,479500,0,152.179
1780758083.842,100.409,479428,479500,0,152.488
1780758083.896,100.463,479428,479500,2,166.218
1780758083.949,100.516,479428,479500,2,170.586
1780758084.001,100.568,479428,479500,2,190.054
1780758084.054,100.621,479428,479500,2,210.264
1780758084.107,100.674,479428,479500,2,224.531
1780758084.162,100.729,479428,479500,2,146.724
1780758084.214,100.781,479428,479500,2,151.713
1780758084.268,100.835,479428,479500,2,149.842
1780758084.323,100.890,479428,479500,2,145.470
1780758084.377,100.944,479428,479500,2,164.457
1780758084.430,100.997,479428,479500,2,153.178
1780758084.484,101.051,479428,479500,2,127.660
1780758084.538,101.105,479428,479500,2,243.788
1780758084.594,101.160,479428,479500,2,179.436
1780758084.649,101.216,479428,479500,2,180.683
1780758084.703,101.270,479428,479500,2,149.019
1780758084.756,101.323,479428,479500,2,169.850
1780758084.814,101.381,479428,479500,2,171.048
1780758084.867,101.434,479428,479500,2,207.441
1780758084.921,101.488,479428,479500,2,242.262
1780758084.976,101.543,479428,479500,1,180.501
1780758085.028,101.595,479428,479500,1,153.035
1780758085.083,101.650,479428,479500,1,166.136
1780758085.135,101.702,479428,479500,1,152.986
1780758085.188,101.755,479428,479500,1,226.115
1780758085.242,101.809,479428,479500,1,202.025
1780758085.297,101.864,479428,479500,1,219.583
1780758085.351,101.918,479428,479500,1,149.277
1780758085.407,101.974,479428,479500,1,194.865
1780758085.462,102.029,479428,479500,1,164.145
1780758085.515,102.082,479428,479500,1,151.229
1780758085.571,102.138,479428,479500,1,195.447
1780758085.624,102.191,479428,479500,1,226.624
1780758085.677,102.244,479428,479500,1,168.694
1780758085.730,102.297,479428,479500,1,153.081
1780758085.783,102.350,479428,479500,1,168.993
1780758085.836,102.403,479428,479500,1,151.106
1780758085.888,102.455,479428,479500,1,133.549
1780758085.940,102.507,479428,479500,1,191.676
1780758085.995,102.562,479428,479500,3,200.707
1780758086.052,102.619,479428,479500,3,176.779
1780758086.104,102.671,479428,479500,3,208.858
1780758086.158,102.724,479428,479500,3,150.765
1780758086.218,102.785,479428,479500,3,149.615
1780758086.270,102.837,479428,479500,3,171.061
1780758086.324,102.890,479428,479500,3,131.503
1780758086.379,102.946,479428,479500,3,179.527
1780758086.435,103.002,479428,479500,3,234.863
1780758086.488,103.054,479428,479500,3,245.677
1780758086.541,103.108,479428,479500,3,244.060
1780758086.593,103.160,479428,479500,3,266.260
1780758086.652,103.219,479428,479500,3,256.931
1780758086.704,103.271,479428,479500,3,266.449
1780758086.757,103.324,479428,479500,3,263.631
1780758086.810,103.377,479428,479500,3,228.291
1780758086.872,103.439,479428,479500,3,225.934
1780758086.925,103.492,479428,479500,3,131.898
1780758086.977,103.544,479428,479500,3,153.560
1780758087.029,103.596,479428,479500,3,172.429
1780758087.082,103.649,479428,479500,3,133.092
1780758087.135,103.702,479428,479500,3,243.600
1780758087.188,103.755,479428,479500,3,189.073
1780758087.241,103.808,479428,479500,3,244.265
1780758087.326,103.893,479428,479500,3,153.756
1780758087.378,103.945,479428,479500,3,153.492
1780758087.430,103.997,479428,479500,3,153.454
1780758087.482,104.049,479428,479500,3,133.810
1780758087.535,104.102,479428,479500,3,191.065
1780758087.587,104.154,479428,479500,3,210.660
1780758087.640,104.207,479428,479500,3,225.430
1780758087.693,104.260,479428,479500,3,151.460
1780758087.746,104.313,479428,479500,3,168.848
1780758087.799,104.366,479428,479500,3,133.800
1780758087.858,104.425,479428,479500,3,134.760
1780758087.910,104.477,479428,479500,3,57.625
1780758087.962,104.529,479428,479500,3,115.416
1780758088.016,104.583,479428,479500,3,148.515
1780758088.068,104.635,479428,479500,3,247.587
1780758088.122,104.689,479428,479500,3,188.106
1780758088.174,104.741,479428,479500,3,153.423
1780758088.227,104.794,479428,479500,3,150.345
1780758088.280,104.847,479428,479500,3,132.635
1780758088.332,104.899,479428,479500,3,172.250
1780758088.384,104.951,479428,479500,3,191.826
1780758088.437,105.004,479428,479500,3,246.797
1780758088.491,105.058,479428,479500,3,184.883
1780758088.544,105.111,479428,479500,3,150.176
1780758088.597,105.164,479428,479500,3,151.140
1780758088.650,105.217,479428,479500,3,189.066
1780758088.703,105.270,479428,479500,3,244.373
1780758088.762,105.328,479428,479500,3,240.028
1780758088.814,105.381,479428,479500,3,133.754
1780758088.867,105.434,479428,479500,3,150.067
1780758088.922,105.489,479428,479500,3,180.988
1780758088.976,105.542,479428,479500,3,169.501
1780758089.030,105.597,479428,479500,3,238.636
1780758089.083,105.650,479428,479500,3,209.212
1780758089.136,105.703,479428,479500,3,150.774
1780758089.192,105.759,479428,479500,3,266.521
1780758089.248,105.814,479428,479500,3,233.749
1780758089.306,105.873,479428,479500,3,258.275
1780758089.360,105.927,479428,479500,3,185.063
1780758089.416,105.983,479428,479500,3,264.007
1780758089.469,106.036,479428,479500,3,226.899
1780758089.522,106.089,479428,479500,3,227.034
1780758089.575,106.141,479428,479500,3,229.346
1780758089.629,106.196,479428,479500,3,219.450
1780758089.684,106.251,479428,479500,3,254.143
1780758089.746,106.313,479428,479500,3,307.771
1780758089.801,106.368,479428,479500,0,325.797
1780758089.857,106.424,479428,479500,0,249.485
1780758089.912,106.479,479428,479500,0,254.445
1780758089.965,106.532,479428,479500,0,246.937
1780758090.018,106.584,479428,479500,0,228.663
1780758090.074,106.641,479428,479500,0,231.507
1780758090.131,106.698,479428,479500,0,313.790
1780758090.190,106.757,479428,479500,2,219.609
1780758090.244,106.811,479428,479500,0,259.508
1780758090.299,106.866,479428,479500,0,201.867
1780758090.352,106.919,479428,479500,0,168.129
1780758090.407,106.974,479428,479500,0,165.125
1780758090.459,107.026,479428,479500,2,228.169
1780758090.513,107.080,479428,479500,2,221.648
1780758090.570,107.137,479428,479500,2,245.909
1780758090.624,107.191,479428,479500,0,149.644
1780758090.677,107.243,479428,479500,0,151.791
1780758090.729,107.296,479428,479500,0,209.017
1780758090.783,107.350,479428,479500,0,187.230
1780758090.836,107.402,479428,479500,0,245.465
1780758090.888,107.455,479428,479500,0,228.820
1780758090.941,107.507,479428,479500,0,152.155
1780758090.994,107.561,479428,479500,0,168.665
1780758091.048,107.615,479428,479500,0,204.855
1780758091.100,107.667,479428,479500,0,228.217
1780758091.156,107.723,479428,479500,0,250.007
1780758091.210,107.777,479428,479500,0,184.728
1780758091.271,107.838,479428,479500,0,131.016
1780758091.324,107.891,479428,479500,0,191.030
1780758091.376,107.943,479428,479500,0,171.732
1780758091.429,107.996,479428,479500,0,247.484
1780758091.483,108.050,479428,479500,0,220.439
1780758091.536,108.103,479428,479500,0,152.474
1780758091.588,108.155,479428,479500,0,153.040
1780758091.640,108.207,479428,479500,0,171.902
1780758091.695,108.262,479428,479500,0,235.968
1780758091.748,108.315,479428,479500,0,263.519
1780758091.801,108.368,479428,479500,0,189.455
1780758091.855,108.422,479428,479500,0,167.859
1780758091.907,108.474,479428,479500,0,248.478
1780758091.961,108.527,479428,479500,0,243.495
1780758092.014,108.581,479428,479500,0,226.208
1780758092.067,108.634,479428,479500,0,149.093
1780758092.120,108.687,479428,479500,0,171.250
1780758092.174,108.741,479428,479500,0,203.817
1780758092.227,108.794,479428,479500,0,227.083
1780758092.280,108.846,479428,479500,0,207.963
1780758092.332,108.899,479428,479500,0,151.355
1780758092.385,108.952,479428,479500,0,153.209
1780758092.438,109.005,479428,479500,3,204.045
1780758092.492,109.059,479428,479500,3,225.079
1780758092.546,109.113,479428,479500,3,238.716
1780758092.601,109.168,479428,479500,3,275.990
1780758092.654,109.221,479428,479500,3,262.179
1780758092.706,109.273,479428,479500,3,229.934
1780758092.759,109.326,479428,479500,1,246.590
1780758092.812,109.379,479428,479500,1,245.958
1780758092.868,109.435,479428,479500,1,230.649
1780758092.922,109.489,479428,479500,2,239.166
1780758092.975,109.542,479428,479500,2,247.844
1780758093.028,109.595,479428,479500,2,246.009
1780758093.083,109.650,479428,479500,2,288.119
1780758093.141,109.708,479428,479500,2,242.626
1780758093.194,109.761,479428,479500,2,266.319
1780758093.249,109.816,479428,479500,2,235.171
1780758093.301,109.868,479428,479500,2,267.081
1780758093.354,109.921,479428,479500,2,227.203
1780758093.409,109.976,479428,479500,2,255.051
1780758093.472,110.039,479428,479500,2,207.432
1780758093.528,110.094,479428,479500,2,232.631
1780758093.583,110.150,479428,479500,2,253.297
1780758093.636,110.203,479428,479500,2,188.957
1780758093.688,110.255,479428,479500,2,247.813
1780758093.742,110.309,479428,479500,2,223.791
1780758093.800,110.367,479428,479500,2,257.584
1780758093.857,110.424,479428,479500,2,282.961
1780758093.910,110.477,479428,479500,2,225.330
1780758093.972,110.539,479428,479500,2,258.042
1780758094.029,110.595,479428,479500,2,246.891
1780758094.082,110.649,479428,479500,2,244.333
1780758094.135,110.702,479428,479500,2,281.125
1780758094.188,110.755,479428,479500,2,262.596
1780758094.243,110.810,479428,479500,2,237.138
1780758094.299,110.866,479428,479500,2,232.223
1780758094.354,110.921,479428,479500,2,256.290
1780758094.411,110.978,479428,479500,2,227.732
1780758094.468,111.035,479428,479500,2,297.202
1780758094.524,111.091,479428,479500,2,306.472
1780758094.579,111.146,479428,479500,2,254.441
1780758094.632,111.199,479428,479500,2,319.222
1780758094.686,111.253,479428,479500,2,297.109
1780758094.739,111.306,479428,479500,2,226.979
1780758094.792,111.359,479428,479500,2,245.409
1780758094.846,111.413,479428,479500,2,258.104
1780758094.900,111.467,479428,479500,2,294.496
1780758094.954,111.521,479428,479500,2,278.894
1780758095.012,111.579,479428,479500,2,259.491
1780758095.072,111.639,479428,479500,2,266.446
1780758095.125,111.692,479428,479500,2,283.771
1780758095.177,111.744,479428,479500,2,209.119
1780758095.230,111.797,479428,479500,2,266.949
1780758095.285,111.852,479428,479500,2,179.313
1780758095.338,111.905,479428,479500,2,248.199
1780758095.396,111.963,479428,479500,2,241.281
1780758095.451,112.018,479428,479500,2,272.734
1780758095.503,112.070,479428,479500,2,228.139
1780758095.556,112.123,479428,479500,2,151.659
1780758095.612,112.179,479428,479500,2,178.811
1780758095.665,112.232,479428,479500,2,189.488
1780758095.718,112.285,479428,479500,2,243.375
1780758095.771,112.338,479428,479500,2,246.892
1780758095.824,112.391,479428,479500,2,151.516
1780758095.876,112.443,479428,479500,2,228.913
1780758095.931,112.498,479428,479500,2,181.731
1780758095.984,112.551,479428,479500,2,245.740
1780758096.037,112.604,479428,479500,2,247.407
1780758096.091,112.658,479428,479500,2,146.970
1780758096.144,112.711,479428,479500,2,245.090
1780758096.197,112.764,479428,479500,2,227.460
1780758096.258,112.825,479428,479500,2,263.556
1780758096.311,112.878,479428,479500,2,169.957
1780758096.364,112.931,479428,479500,2,187.424
1780758096.416,112.983,479428,479500,2,229.260
1780758096.469,113.036,479428,479500,2,228.823
1780758096.524,113.091,479428,479500,2,270.219
1780758096.577,113.144,479428,479500,2,188.593
1780758096.630,113.197,479428,479500,2,152.186
1780758096.682,113.249,479428,479500,2,228.435
1780758096.735,113.302,479428,479500,2,152.995
1780758096.787,113.354,479428,479500,2,247.138
1780758096.840,113.407,479428,479500,2,228.493
1780758096.899,113.466,479428,479500,2,184.261
1780758096.955,113.522,479428,479500,2,178.844
1780758097.009,113.576,479428,479500,2,258.904
1780758097.066,113.633,479428,479500,2,229.861
1780758097.121,113.688,479428,479500,2,254.720
1780758097.177,113.744,479428,479500,2,251.063
1780758097.234,113.801,479428,479500,2,315.416
1780758097.289,113.856,479428,479500,2,218.141
1780758097.344,113.911,479428,479500,2,273.437
1780758097.397,113.964,479428,479500,2,279.653
1780758097.451,114.018,479428,479500,2,261.068
1780758097.505,114.072,479428,479500,2,297.579
1780758097.560,114.127,479428,479500,2,254.971
1780758097.628,114.195,479428,479500,2,278.279
1780758097.685,114.252,479428,479500,2,280.443
1780758097.738,114.305,479428,479500,2,261.648
1780758097.797,114.364,479428,479500,2,305.642
1780758097.850,114.417,479428,479500,2,171.132
1780758097.905,114.472,479428,479500,2,270.834
1780758097.966,114.532,479428,479500,2,215.924
1780758098.019,114.586,479428,479500,2,167.026
1780758098.072,114.639,479428,479500,1,57.208
1780758098.124,114.691,479428,479500,1,114.836
1780758098.178,114.745,479428,479500,1,205.066
1780758098.232,114.798,479428,479500,1,241.562
1780758098.285,114.851,479428,479500,1,264.407
1780758098.337,114.904,479428,479500,1,151.761
1780758098.389,114.956,479428,479500,1,114.894
1780758098.442,115.009,479428,479500,1,75.934
1780758098.496,115.063,479428,479500,1,167.800
1780758098.549,115.116,479428,479500,1,206.799
1780758098.609,115.176,479428,479500,1,250.087
1780758098.672,115.239,479428,479500,1,221.529
1780758098.724,115.291,479428,479500,1,133.986
1780758098.777,115.344,479428,479500,1,94.115
1780758098.830,115.397,479428,479500,1,151.942
1780758098.883,115.450,479428,479500,1,190.011
1780758098.936,115.503,479428,479500,3,226.885
1780758098.989,115.556,479428,479500,3,242.177
1780758099.043,115.610,479428,479500,3,167.765
1780758099.097,115.664,479428,479500,3,167.686
1780758099.150,115.717,479428,479500,3,112.888
1780758099.202,115.769,479428,479500,3,172.634
1780758099.257,115.824,479428,479500,3,201.305
1780758099.315,115.882,479428,479500,3,223.114
1780758099.372,115.939,479428,479500,3,193.808
1780758099.426,115.992,479428,479500,3,166.917
1780758099.478,116.045,479428,479500,3,132.568
1780758099.531,116.098,479428,479500,3,228.546
1780758099.584,116.151,479428,479500,3,226.455
1780758099.636,116.203,479428,479500,2,191.808
1780758099.688,116.255,479428,479500,2,249.135
1780758099.747,116.314,479428,479500,2,221.921
1780758099.801,116.368,479428,479500,2,128.580
1780758099.855,116.422,479428,479500,2,242.014
1780758099.912,116.479,479428,479500,2,193.925
1780758099.967,116.534,479428,479500,2,235.528
1780758100.024,116.591,479428,479500,2,246.603
1780758100.076,116.643,479428,479500,2,208.360
1780758100.133,116.700,479428,479500,2,228.389
1780758100.186,116.753,479428,479500,2,227.932
1780758100.240,116.807,479428,479500,2,257.367
1780758100.294,116.861,479428,479500,2,242.552
1780758100.347,116.914,479428,479500,2,318.056
1780758100.400,116.967,479428,479500,2,266.127
1780758100.458,117.025,479428,479500,2,223.681
1780758100.512,117.079,479428,479500,2,242.371
1780758100.569,117.136,479428,479500,2,228.393
1780758100.621,117.188,479428,479500,2,303.533
1780758100.676,117.243,479428,479500,2,276.031
1780758100.731,117.298,479428,479500,2,236.254
1780758100.784,117.350,479428,479500,2,246.170
1780758100.837,117.404,479428,479500,2,261.905
1780758100.897,117.464,479428,479500,2,249.311
1780758100.951,117.518,479428,479500,2,239.756
1780758101.004,117.571,479428,479500,2,247.062
1780758101.068,117.634,479428,479500,2,220.300
1780758101.120,117.687,479428,479500,2,208.093
1780758101.173,117.740,479428,479500,2,151.948
1780758101.226,117.793,479428,479500,2,224.641
1780758101.280,117.847,479428,479500,2,204.959
1780758101.333,117.900,479428,479500,2,228.710
1780758101.386,117.953,479428,479500,2,245.133
1780758101.442,118.009,479428,479500,1,159.745
1780758101.495,118.062,479428,479500,1,168.406
1780758101.548,118.115,479428,479500,1,228.761
1780758101.600,118.167,479428,479500,1,190.712
1780758101.665,118.232,479428,479500,1,292.319
1780758101.724,118.291,479428,479500,1,239.038
1780758101.778,118.345,479428,479500,1,129.942
1780758101.832,118.399,479428,479500,1,220.672
1780758101.885,118.451,479428,479500,1,209.967
1780758101.937,118.504,479428,479500,1,267.510
1780758101.993,118.560,479428,479500,2,232.521
1780758102.045,118.612,479428,479500,2,190.701
1780758102.098,118.665,479428,479500,2,150.352
1780758102.153,118.720,479428,479500,2,182.922
1780758102.207,118.774,479428,479500,2,92.155
1780758102.263,118.830,479428,479500,2,178.598
1780758102.316,118.883,479428,479500,2,247.784
1780758102.370,118.937,479428,479500,2,238.854
1780758102.423,118.990,479428,479500,2,171.459
1780758102.478,119.045,479428,479500,2,145.754
1780758102.530,119.097,479428,479500,2,114.836
1780758102.582,119.149,479428,479500,2,247.766
1780758102.636,119.203,479428,479500,2,187.776
1780758102.690,119.257,479428,479500,2,255.700
1780758102.748,119.315,479428,479500,2,208.902
1780758102.803,119.370,479428,479500,2,163.481
1780758102.856,119.423,479428,479500,2,132.285
1780758102.910,119.477,479428,479500,2,200.911
1780758102.964,119.531,479428,479500,2,187.176
1780758103.016,119.583,479428,479500,2,247.455
1780758103.070,119.637,479428,479500,2,225.308
1780758103.122,119.689,479428,479500,2,171.805
1780758103.177,119.744,479428,479500,2,144.862
1780758103.231,119.798,479428,479500,2,112.247
1780758103.284,119.851,479428,479500,2,243.904
1780758103.337,119.904,479428,479500,2,170.023
1780758103.391,119.958,479428,479500,2,258.106
1780758103.448,120.015,479428,479500,2,263.514
1780758103.503,120.070,479428,479500,2,235.493
1780758103.568,120.135,479428,479500,2,324.290
1780758103.623,120.190,479428,479500,2,253.027
1780758103.679,120.246,479428,479500,2,235.483
1780758103.735,120.302,479428,479500,2,339.813
1780758103.793,120.360,479428,479500,2,307.288
1780758103.852,120.419,479428,479500,2,273.617
1780758103.914,120.481,479428,479500,2,271.438
1780758103.967,120.534,479428,479500,2,282.171
1780758104.023,120.590,479428,479500,2,214.134
1780758104.081,120.648,479428,479500,2,258.675
1780758104.143,120.710,479428,479500,2,161.767
1780758104.199,120.766,479428,479500,2,285.851
1780758104.264,120.831,479428,479500,2,232.756
1780758104.317,120.884,479428,479500,2,283.160
1780758104.370,120.937,479428,479500,2,223.665
1780758104.424,120.991,479428,479500,2,241.744
1780758104.479,121.046,479428,479500,2,182.096
1780758104.532,121.099,479428,479500,2,244.655
1780758104.592,121.159,479428,479500,2,250.910
1780758104.646,121.213,479428,479500,2,242.117
1780758104.702,121.268,479428,479500,2,196.738
1780758104.764,121.330,479428,479500,2,257.909
1780758104.819,121.386,479428,479500,2,253.226
1780758104.874,121.441,479428,479500,2,216.197
1780758104.929,121.496,479428,479500,2,145.724
1780758104.983,121.550,479428,479500,2,259.096
1780758105.043,121.610,479428,479500,2,252.560
1780758105.097,121.664,479428,479500,2,220.459
1780758105.154,121.721,479428,479500,2,157.043
1780758105.213,121.780,479428,479500,2,292.197
1780758105.269,121.836,479428,479500,2,213.419
1780758105.323,121.890,479428,479500,2,238.953
1780758105.379,121.946,479428,479500,2,214.308
1780758105.433,122.000,479428,479500,2,259.787
1780758105.487,122.054,479428,479500,2,147.830
1780758105.543,122.110,479428,479500,2,266.753
1780758105.604,122.171,479428,479500,2,245.880
1780758105.669,122.236,479428,479500,2,248.657
1780758105.725,122.292,479428,479500,2,303.400
1780758105.791,122.358,479428,479500,2,318.861
1780758105.845,122.412,479428,479500,2,257.080
1780758105.899,122.466,479428,479500,2,242.524
1780758105.958,122.525,479428,479500,2,270.898
1780758106.023,122.590,479428,479500,2,335.725
1780758106.081,122.648,479428,479500,2,258.070
1780758106.135,122.702,479428,479500,2,131.569
1780758106.191,122.758,479428,479500,2,249.158
1780758106.248,122.815,479428,479500,2,191.096
1780758106.302,122.869,479428,479500,2,168.279
1780758106.356,122.923,479428,479500,2,165.961
1780758106.411,122.978,479428,479500,2,255.222
1780758106.465,123.032,479428,479500,2,167.377
1780758106.518,123.085,479428,479500,2,187.761
1780758106.575,123.142,479428,479500,2,210.296
1780758106.630,123.197,479428,479500,2,146.211
1780758106.684,123.251,479428,479500,2,165.652
1780758106.742,123.309,479428,479500,2,260.122
1780758106.802,123.369,479428,479500,2,198.550
1780758106.858,123.425,479428,479500,2,160.017
1780758106.913,123.480,479428,479500,2,146.902
1780758106.969,123.536,479428,479500,2,141.571
1780758107.022,123.589,479428,479500,2,151.826
1780758107.078,123.645,479428,479500,2,125.941
1780758107.132,123.699,479428,479500,2,259.605
1780758107.191,123.758,479428,479500,2,201.216
1780758107.249,123.816,479428,479500,2,104.541
1780758107.307,123.874,479428,479500,2,289.906
1780758107.363,123.930,479428,479500,2,307.686
1780758107.436,124.003,479428,479500,2,273.781
1780758107.488,124.055,479428,479500,2,246.416
1780758107.542,124.109,479428,479500,2,205.816
1780758107.595,124.162,479428,479500,2,206.411
1780758107.648,124.215,479428,479500,2,262.582
1780758107.704,124.271,479428,479500,2,324.441
1780758107.758,124.325,479428,479500,2,313.695
1780758107.812,124.379,479428,479500,2,278.138
1780758107.866,124.433,479428,479500,2,317.139
1780758107.935,124.502,479428,479500,2,316.125
1780758108.020,124.587,479428,479500,2,318.569
1780758108.076,124.643,479428,479500,2,340.793
1780758108.140,124.707,479428,479500,2,325.751
1780758108.194,124.760,479428,479500,2,262.634
1780758108.252,124.819,479428,479500,2,341.196
1780758108.319,124.886,479428,479500,2,316.098
1780758108.380,124.947,479428,479500,2,260.866
1780758108.435,125.002,479428,479500,2,289.488
1780758108.488,125.055,479428,479500,0,303.236
1780758108.546,125.113,479428,479500,0,311.858
1780758108.599,125.166,479428,479500,0,264.083
1780758108.655,125.222,479428,479500,0,322.051
1780758108.708,125.275,479428,479500,0,279.854
1780758108.764,125.331,479428,479500,0,267.189
1780758108.824,125.391,479428,479500,0,334.207
1780758108.889,125.456,479428,479500,0,292.463
1780758108.943,125.510,479428,479500,0,221.742
1780758108.996,125.563,479428,479500,0,246.549
1780758109.050,125.617,479428,479500,0,166.915
1780758109.109,125.676,479428,479500,0,286.964
1780758109.163,125.730,479428,479500,0,202.815
1780758109.216,125.783,479428,479500,3,227.409
1780758109.282,125.849,479428,479500,1,212.462
1780758109.350,125.917,479428,479500,1,219.259
1780758109.412,125.979,479428,479500,1,146.262
1780758109.467,126.034,479428,479500,1,146.272
1780758109.522,126.089,479428,479500,1,145.005
1780758109.576,126.143,479428,479500,1,147.655
1780758109.629,126.196,479428,479500,1,132.128
1780758109.683,126.250,479428,479500,1,147.946
1780758109.736,126.303,479428,479500,1,170.560
1780758109.788,126.355,479428,479500,1,132.917
1780758109.841,126.408,479428,479500,1,170.709
1780758109.894,126.461,479428,479500,1,151.499
1780758109.949,126.516,479428,479500,1,162.594
1780758110.010,126.577,479428,479500,1,149.067
1780758110.063,126.630,479428,479500,1,149.546
1780758110.117,126.684,479428,479500,1,149.032
1780758110.169,126.736,479428,479500,1,133.182
1780758110.222,126.789,479428,479500,1,153.326
1780758110.274,126.841,479428,479500,1,153.452
1780758110.326,126.893,479428,479500,1,209.617
1780758110.389,126.956,479428,479500,1,191.823
1780758110.442,127.008,479428,479500,1,132.803
1780758110.495,127.062,479428,479500,1,149.538
1780758110.549,127.116,479428,479500,1,148.713
1780758110.602,127.169,479428,479500,1,169.988
1780758110.659,127.226,479428,479500,1,139.168
1780758110.716,127.283,479428,479500,1,158.071
1780758110.771,127.338,479428,479500,1,145.525
1780758110.824,127.391,479428,479500,1,132.177
1780758110.878,127.445,479428,479500,1,166.909
1780758110.932,127.499,479428,479500,1,148.324
1780758110.986,127.553,479428,479500,1,147.360
1780758111.039,127.606,479428,479500,1,150.953
1780758111.098,127.665,479428,479500,1,170.012
1780758111.159,127.726,479428,479500,1,147.385
1780758111.212,127.779,479428,479500,1,133.037
1780758111.267,127.834,479428,479500,1,162.981
1780758111.321,127.888,479428,479500,1,167.594
1780758111.374,127.940,479428,479500,1,189.176
1780758111.437,128.004,479428,479500,1,206.042
1780758111.490,128.057,479428,479500,1,150.809
1780758111.544,128.111,479428,479500,1,147.827
1780758111.597,128.164,479428,479500,1,170.366
1780758111.650,128.217,479428,479500,1,168.693
1780758111.707,128.274,479428,479500,1,156.604
1780758111.768,128.335,479428,479500,1,148.389
1780758111.821,128.388,479428,479500,1,131.382
1780758111.874,128.441,479428,479500,1,152.639
1780758111.926,128.493,479428,479500,1,134.299
1780758111.979,128.546,479428,479500,1,149.879
1780758112.033,128.600,479428,479500,1,167.196
1780758112.089,128.656,479428,479500,1,126.039
1780758112.142,128.709,479428,479500,1,149.044
1780758112.198,128.765,479428,479500,1,178.777
1780758112.259,128.826,479428,479500,1,165.612
1780758112.320,128.887,479428,479500,1,146.404
1780758112.374,128.941,479428,479500,1,148.833
1780758112.429,128.996,479428,479500,1,219.194
1780758112.485,129.052,479428,479500,0,211.544
1780758112.538,129.105,479428,479500,0,151.895
1780758112.597,129.164,479428,479500,0,169.013
1780758112.657,129.224,479428,479500,0,150.805
1780758112.712,129.279,479428,479500,0,162.021
1780758112.765,129.332,479428,479500,0,169.941
1780758112.819,129.385,479428,479500,0,131.784
1780758112.874,129.441,479428,479500,0,145.203
1780758112.928,129.495,479428,479500,0,184.022
1780758112.984,129.551,479428,479500,0,143.287
1780758113.037,129.604,479428,479500,0,151.089
1780758113.091,129.658,479428,479500,0,129.784
1780758113.159,129.726,479428,479500,0,204.197
1780758113.214,129.781,479428,479500,0,146.457
1780758113.267,129.834,479428,479500,0,151.278
1780758113.319,129.886,479428,479500,0,134.008
1780758113.373,129.940,479428,479500,0,149.224
1780758113.425,129.992,479428,479500,0,134.441
1780758113.478,130.045,479428,479500,0,223.312
1780758113.552,130.119,479428,479500,0,230.408
1780758113.614,130.180,479428,479500,0,146.705
1780758113.667,130.234,479428,479500,0,131.532
1780758113.720,130.287,479428,479500,0,150.140
1780758113.773,130.340,479428,479500,0,151.406
1780758113.826,130.393,479428,479500,0,151.710
1780758113.878,130.445,479428,479500,0,170.142
1780758113.932,130.499,479428,479500,0,149.446
1780758113.985,130.552,479428,479500,0,152.037
1780758114.037,130.604,479428,479500,0,95.333
1780758114.090,130.656,479428,479500,0,95.264
1780758114.142,130.709,479428,479500,0,114.155
1780758114.195,130.762,479428,479500,0,112.875
1780758114.248,130.815,479428,479500,0,113.521
1780758114.300,130.867,479428,479500,0,95.694
1780758114.353,130.920,479428,479500,0,114.879
1780758114.406,130.972,479428,479500,0,94.485
1780758114.458,131.025,479428,479500,0,114.473
1780758114.510,131.077,479428,479500,0,95.878
1780758114.562,131.129,479428,479500,0,95.891
1780758114.616,131.183,479428,479500,0,112.431
1780758114.670,131.237,479428,479500,0,111.156
1780758114.722,131.289,479428,479500,0,95.996
1780758114.781,131.348,479428,479500,0,118.570
1780758114.834,131.401,479428,479500,0,93.177
1780758114.894,131.460,479428,479500,0,118.328
1780758114.951,131.517,479428,479500,0,122.777
1780758115.004,131.571,479428,479500,0,111.272
1780758115.060,131.627,479428,479500,0,89.383
1780758115.120,131.687,479428,479500,0,101.133
1780758115.179,131.746,479428,479500,0,118.464
1780758115.234,131.801,479428,479500,0,108.727
1780758115.291,131.858,479428,479500,0,105.580
1780758115.353,131.920,479428,479500,0,112.619
1780758115.410,131.977,479428,479500,0,105.810
1780758115.462,132.029,479428,479500,0,113.933
1780758115.525,132.092,479428,479500,0,111.480
1780758115.586,132.153,479428,479500,0,98.644
1780758115.644,132.211,479428,479500,0,103.629
1780758115.700,132.267,479428,479500,0,125.533
1780758115.754,132.320,479428,479500,0,111.258
1780758115.807,132.374,479428,479500,0,111.687
1780758115.861,132.428,479428,479500,0,92.315
1780758115.925,132.492,479428,479500,0,109.909
1780758115.996,132.563,479428,479500,0,112.497
1780758116.060,132.627,479428,479500,0,124.785
1780758116.132,132.699,479428,479500,0,124.897
1780758116.200,132.767,479428,479500,0,89.231
1780758116.256,132.823,479428,479500,0,124.137
1780758116.314,132.881,479428,479500,0,103.215
1780758116.373,132.939,479428,479500,0,119.899
1780758116.426,132.993,479428,479500,0,94.265
1780758116.479,133.046,479428,479500,0,111.974
1780758116.536,133.103,479428,479500,0,105.754
1780758116.591,133.158,479428,479500,0,91.316
1780758116.647,133.214,479428,479500,0,123.180
1780758116.701,133.268,479428,479500,0,74.147
1780758116.755,133.321,479428,479500,0,0.000
1780758116.808,133.375,479428,479500,0,18.751
1780758116.860,133.427,479428,479500,0,0.000
1780758116.912,133.479,479428,479500,0,19.284
1780758116.964,133.531,479428,479500,0,0.000
1780758117.016,133.583,479428,479500,0,0.000
1780758117.068,133.635,479428,479500,0,0.000
1780758117.120,133.687,479428,479500,0,19.313
1780758117.171,133.738,479428,479500,0,0.000
1780758117.223,133.790,479428,479500,0,38.682
1780758117.276,133.843,479428,479500,0,94.772
1780758117.331,133.898,479428,479500,0,108.521
1780758117.383,133.950,479428,479500,0,96.443
1780758117.435,134.002,479428,479500,0,96.614
1780758117.487,134.054,479428,479500,0,115.620
1780758117.538,134.105,479428,479500,0,96.551
1780758117.591,134.158,479428,479500,0,95.202
1780758117.646,134.213,479428,479500,0,90.104
1780758117.701,134.267,479428,479500,0,111.010
1780758117.753,134.320,479428,479500,0,94.675
1780758117.806,134.373,479428,479500,0,94.488
1780758117.859,134.426,479428,479500,0,94.597
1780758117.911,134.478,479428,479500,0,114.917
1780758117.965,134.532,479428,479500,0,111.962
1780758118.017,134.584,479428,479500,0,95.465
1780758118.071,134.638,479428,479500,0,185.535
1780758118.129,134.696,479428,479500,0,225.857
1780758118.181,134.748,479428,479500,0,95.347
1780758118.233,134.800,479428,479500,0,115.313
1780758118.285,134.852,479428,479500,0,192.512
1780758118.340,134.907,479428,479500,0,382.093
1780758118.392,134.959,479428,479500,0,152.867
1780758118.445,135.012,479428,479500,0,95.541
1780758118.499,135.066,479428,479500,0,92.050
1780758118.551,135.118,479428,479500,0,95.554
1780758118.604,135.171,479428,479500,0,114.840
1780758118.656,135.223,479428,479500,0,95.625
1780758118.708,135.275,479428,479500,0,95.490
1780758118.761,135.328,479428,479500,0,114.805
1780758118.813,135.380,479428,479500,0,95.891
1780758118.865,135.432,479428,479500,0,95.827
1780758118.917,135.484,479428,479500,0,95.323
1780758118.970,135.537,479428,479500,0,95.511
1780758119.022,135.589,479428,479500,0,114.962
1780758119.074,135.641,479428,479500,0,95.861
1780758119.127,135.693,479428,479500,0,133.523
1780758119.180,135.746,479428,479500,0,301.571
1780758119.233,135.800,479428,479500,0,338.978
1780758119.292,135.858,479428,479500,0,220.848
1780758119.348,135.915,479428,479500,0,388.616
1780758119.400,135.967,479428,479500,0,95.563
1780758119.453,136.020,479428,479500,0,114.813
1780758119.507,136.074,479428,479500,0,92.764
1780758119.559,136.126,479428,479500,0,95.106
1780758119.611,136.178,479428,479500,0,95.698
1780758119.664,136.231,479428,479500,0,95.915
1780758119.716,136.283,479428,479500,0,114.605
1780758119.768,136.335,479428,479500,0,95.839
1780758119.820,136.387,479428,479500,0,96.010
1780758119.872,136.439,479428,479500,0,114.851
1780758119.925,136.492,479428,479500,0,95.478
1780758119.977,136.544,479428,479500,0,95.516
1780758120.029,136.596,479428,479500,0,95.741
1780758120.084,136.651,479428,479500,0,147.451
1780758120.140,136.707,479428,479500,0,265.276
1780758120.196,136.763,479428,479500,0,375.111
1780758120.248,136.815,479428,479500,0,153.239
1780758120.304,136.871,479428,479500,0,394.227
1780758120.362,136.929,479428,479500,0,156.609
1780758120.414,136.981,479428,479500,0,95.475
1780758120.466,137.033,479428,479500,0,114.572
1780758120.519,137.086,479428,479500,0,95.244
1780758120.571,137.138,479428,479500,0,95.433
1780758120.624,137.191,479428,479500,0,112.969
1780758120.678,137.244,479428,479500,0,94.007
1780758120.730,137.297,479428,479500,0,95.409
1780758120.782,137.349,479428,479500,0,95.911
1780758120.834,137.401,479428,479500,0,95.756
1780758120.887,137.454,479428,479500,0,114.187
1780758120.939,137.506,479428,479500,0,95.459
1780758120.991,137.558,479428,479500,0,95.676
1780758121.044,137.611,479428,479500,0,95.964
1780758121.100,137.667,479428,479500,0,176.768
1780758121.153,137.720,479428,479500,0,283.165
1780758121.210,137.777,479428,479500,0,332.260
1780758121.272,137.839,479428,479500,0,258.781
1780758121.331,137.898,479428,479500,0,337.821
1780758121.384,137.951,479428,479500,0,95.103
1780758121.436,138.003,479428,479500,0,96.151
1780758121.488,138.055,479428,479500,0,114.780
1780758121.540,138.107,479428,479500,0,95.675
1780758121.593,138.160,479428,479500,0,95.572
1780758121.645,138.212,479428,479500,0,114.648
1780758121.698,138.265,479428,479500,0,95.172
1780758121.750,138.317,479428,479500,0,95.551
1780758121.802,138.369,479428,479500,0,95.818
1780758121.855,138.421,479428,479500,0,95.467
1780758121.907,138.474,479428,479500,0,114.272
1780758121.959,138.526,479428,479500,0,95.555
1780758122.012,138.579,479428,479500,0,95.441
1780758122.064,138.631,479428,479500,0,114.615
1780758122.118,138.685,479428,479500,0,259.975
1780758122.171,138.738,479428,479500,0,356.064
1780758122.225,138.792,479428,479500,0,167.781
1780758122.280,138.847,479428,479500,0,398.567
1780758122.337,138.903,479428,479500,0,230.530
1780758122.389,138.956,479428,479500,0,95.630
1780758122.441,139.008,479428,479500,0,96.179
1780758122.493,139.060,479428,479500,0,95.403
1780758122.546,139.113,479428,479500,0,94.232
1780758122.599,139.166,479428,479500,0,95.414
1780758122.651,139.218,479428,479500,0,114.287
1780758122.704,139.270,479428,479500,0,95.541
1780758122.756,139.323,479428,479500,0,95.717
1780758122.808,139.375,479428,479500,0,114.323
1780758122.861,139.428,479428,479500,0,95.237
1780758122.913,139.480,479428,479500,0,95.350
1780758122.966,139.533,479428,479500,0,95.021
1780758123.018,139.585,479428,479500,0,95.733
1780758123.071,139.638,479428,479500,0,152.028
1780758123.128,139.695,479428,479500,0,294.763
1780758123.181,139.748,479428,479500,0,339.936
1780758123.240,139.807,479428,479500,0,222.005
1780758123.296,139.863,479428,479500,0,390.578
1780758123.349,139.916,479428,479500,0,113.836
1780758123.401,139.968,479428,479500,0,95.875
1780758123.455,140.022,479428,479500,0,92.642
1780758123.507,140.074,479428,479500,0,95.720
1780758123.559,140.126,479428,479500,0,115.101
1780758123.612,140.179,479428,479500,0,95.595
1780758123.664,140.231,479428,479500,0,95.716
1780758123.716,140.283,479428,479500,0,114.426
1780758123.769,140.335,479428,479500,0,95.828
1780758123.821,140.388,479428,479500,0,95.651
1780758123.873,140.440,479428,479500,0,95.439
1780758123.925,140.492,479428,479500,0,95.569
1780758123.978,140.545,479428,479500,0,114.651
1780758124.031,140.598,479428,479500,0,94.096
1780758124.084,140.650,479428,479500,0,266.315
1780758124.140,140.707,479428,479500,0,335.518
1780758124.193,140.760,479428,479500,0,169.541
1780758124.246,140.813,479428,479500,0,362.700
1780758124.303,140.870,479428,479500,0,277.407
1780758124.356,140.923,479428,479500,0,95.490
1780758124.408,140.975,479428,479500,0,96.155
1780758124.460,141.027,479428,479500,0,114.832
1780758124.512,141.079,479428,479500,0,95.450
1780758124.565,141.132,479428,479500,0,95.568
1780758124.617,141.184,479428,479500,0,114.669
1780758124.669,141.236,479428,479500,0,95.674
1780758124.721,141.288,479428,479500,0,95.601
1780758124.774,141.341,479428,479500,0,95.807
1780758124.826,141.393,479428,479500,0,95.462
1780758124.879,141.445,479428,479500,0,114.308
1780758124.931,141.498,479428,479500,0,95.398
1780758124.983,141.550,479428,479500,0,95.515
1780758125.036,141.603,479428,479500,0,133.692
1780758125.090,141.656,479428,479500,0,241.358
1780758125.144,141.711,479428,479500,0,311.258
1780758125.197,141.764,479428,479500,0,188.067
1780758125.252,141.819,479428,479500,0,364.715
1780758125.305,141.872,479428,479500,0,341.212
1780758125.358,141.925,479428,479500,0,94.224
1780758125.411,141.978,479428,479500,0,94.228
1780758125.463,142.030,479428,479500,0,96.059
1780758125.515,142.082,479428,479500,0,114.579
1780758125.568,142.135,479428,479500,0,95.537
1780758125.621,142.188,479428,479500,0,94.263
1780758125.674,142.241,479428,479500,0,113.307
1780758125.726,142.293,479428,479500,0,95.344
1780758125.778,142.345,479428,479500,0,95.680
1780758125.831,142.398,479428,479500,0,95.736
1780758125.883,142.450,479428,479500,0,95.186
1780758125.936,142.503,479428,479500,0,114.325
1780758125.988,142.555,479428,479500,0,95.445
1780758126.040,142.607,479428,479500,0,95.842
1780758126.093,142.660,479428,479500,0,152.767
1780758126.148,142.715,479428,479500,0,270.256
1780758126.202,142.769,479428,479500,0,373.908
1780758126.254,142.821,479428,479500,0,170.858
1780758126.310,142.876,479428,479500,0,380.132
1780758126.366,142.933,479428,479500,0,159.083
1780758126.418,142.985,479428,479500,0,95.772
1780758126.472,143.039,479428,479500,0,111.006
1780758126.525,143.092,479428,479500,0,95.539
1780758126.577,143.144,479428,479500,0,95.537
1780758126.629,143.196,479428,479500,0,95.728
1780758126.681,143.248,479428,479500,0,115.270
1780758126.734,143.301,479428,479500,0,95.362
1780758126.786,143.353,479428,479500,0,95.762
1780758126.839,143.405,479428,479500,0,95.192
1780758126.891,143.458,479428,479500,0,95.158
1780758126.944,143.510,479428,479500,0,114.423
1780758126.996,143.563,479428,479500,0,95.291
1780758127.048,143.615,479428,479500,0,95.480
1780758127.101,143.668,479428,479500,0,285.260
1780758127.155,143.721,479428,479500,0,317.176
1780758127.215,143.782,479428,479500,0,181.794
1780758127.268,143.835,479428,479500,0,356.907
1780758127.333,143.900,479428,479500,0,338.299
1780758127.386,143.953,479428,479500,0,95.542
1780758127.438,144.005,479428,479500,0,95.818
1780758127.490,144.057,479428,479500,0,95.697
1780758127.542,144.109,479428,479500,0,114.592
1780758127.595,144.162,479428,479500,0,95.269
1780758127.647,144.214,479428,479500,0,95.482
1780758127.700,144.267,479428,479500,0,113.854
1780758127.753,144.319,479428,479500,0,95.100
1780758127.805,144.372,479428,479500,0,95.758
1780758127.857,144.424,479428,479500,0,95.354
1780758127.910,144.477,479428,479500,0,95.132
1780758127.962,144.529,479428,479500,0,114.750
1780758128.014,144.581,479428,479500,0,95.553
1780758128.067,144.634,479428,479500,0,133.266
1780758128.121,144.687,479428,479500,0,279.540
1780758128.178,144.745,479428,479500,0,347.286
1780758128.238,144.804,479428,479500,0,201.958
1780758128.293,144.860,479428,479500,0,377.077
1780758128.351,144.918,479428,479500,0,122.095
1780758128.403,144.970,479428,479500,0,95.636
1780758128.457,145.024,479428,479500,0,111.441
1780758128.509,145.076,479428,479500,0,95.682
1780758128.561,145.128,479428,479500,0,95.596
1780758128.614,145.180,479428,479500,0,114.733
1780758128.666,145.233,479428,479500,0,95.428
1780758128.719,145.286,479428,479500,0,94.870
1780758128.771,145.338,479428,479500,0,95.682
1780758128.823,145.390,479428,479500,0,95.461
1780758128.876,145.443,479428,479500,0,114.179
1780758128.928,145.495,479428,479500,0,95.137
1780758128.981,145.548,479428,479500,0,95.206
1780758129.033,145.600,479428,479500,0,114.844
1780758129.086,145.653,479428,479500,0,285.215
1780758129.140,145.707,479428,479500,0,296.843
1780758129.196,145.763,479428,479500,0,195.222
1780758129.249,145.816,479428,479500,0,361.227
1780758129.306,145.873,479428,479500,0,261.301
1780758129.359,145.926,479428,479500,0,93.957
1780758129.412,145.979,479428,479500,0,113.258
1780758129.467,146.034,479428,479500,0,91.806
1780758129.519,146.086,479428,479500,0,95.589
1780758129.571,146.138,479428,479500,0,95.426
1780758129.624,146.191,479428,479500,0,95.488
1780758129.676,146.243,479428,479500,0,115.027
1780758129.729,146.296,479428,479500,0,94.878
1780758129.781,146.348,479428,479500,0,95.840
1780758129.833,146.400,479428,479500,0,114.672
1780758129.886,146.452,479428,479500,0,95.334
1780758129.938,146.505,479428,479500,0,95.453
1780758129.990,146.557,479428,479500,0,95.130
1780758130.043,146.610,479428,479500,0,95.097
1780758130.097,146.664,479428,479500,0,316.793
1780758130.150,146.717,479428,479500,0,283.035
1780758130.210,146.777,479428,479500,0,198.595
1780758130.264,146.831,479428,479500,0,354.809
1780758130.321,146.888,479428,479500,0,260.079
1780758130.374,146.941,479428,479500,0,113.033
1780758130.427,146.994,479428,479500,0,94.243
1780758130.481,147.048,479428,479500,0,93.173
1780758130.533,147.100,479428,479500,0,114.818
1780758130.586,147.153,479428,479500,0,95.516
1780758130.638,147.205,479428,479500,0,95.412
1780758130.691,147.258,479428,479500,0,95.251
1780758130.743,147.310,479428,479500,0,95.251
1780758130.795,147.362,479428,479500,0,114.954
1780758130.848,147.415,479428,479500,0,95.474
1780758130.900,147.467,479428,479500,0,95.292
1780758130.953,147.520,479428,479500,0,114.485
1780758131.005,147.572,479428,479500,0,95.376
1780758131.057,147.624,479428,479500,0,95.373
1780758131.110,147.677,479428,479500,0,285.288
1780758131.164,147.731,479428,479500,0,332.351
1780758131.224,147.791,479428,479500,0,167.993
1780758131.277,147.844,479428,479500,0,335.937
1780758131.341,147.908,479428,479500,0,361.059
1780758131.394,147.961,479428,479500,0,94.540
1780758131.446,148.013,479428,479500,0,96.216
1780758131.498,148.065,479428,479500,0,115.200
1780758131.550,148.117,479428,479500,0,95.713
1780758131.603,148.170,479428,479500,0,95.362
1780758131.655,148.222,479428,479500,0,95.430
1780758131.708,148.275,479428,479500,0,94.690
1780758131.760,148.327,479428,479500,0,114.592
1780758131.812,148.379,479428,479500,0,95.587
1780758131.865,148.432,479428,479500,0,95.418
1780758131.917,148.484,479428,479500,0,114.306
1780758131.970,148.537,479428,479500,0,95.394
1780758132.022,148.589,479428,479500,0,95.463
1780758132.076,148.642,479428,479500,0,93.709
1780758132.135,148.702,479428,479500,0,269.804
1780758132.187,148.754,479428,479500,0,267.247
1780758132.242,148.809,479428,479500,0,202.060
1780758132.298,148.865,479428,479500,0,267.628
1780758132.361,148.928,479428,479500,0,302.122
1780758132.471,149.038,479428,479500,0,90.617
1780758132.523,149.090,479428,479500,0,114.898
1780758132.575,149.142,479428,479500,0,95.880
1780758132.627,149.194,479428,479500,0,95.879
1780758132.679,149.246,479428,479500,0,96.062
1780758132.732,149.299,479428,479500,0,95.528
1780758132.784,149.351,479428,479500,0,95.236
1780758132.837,149.404,479428,479500,0,95.710
1780758132.889,149.456,479428,479500,0,114.615
1780758132.941,149.508,479428,479500,0,95.513
1780758132.994,149.561,479428,479500,0,95.503
1780758133.046,149.613,479428,479500,0,95.706
1780758133.098,149.665,479428,479500,0,95.689
1780758133.150,149.717,479428,479500,0,305.641
1780758133.203,149.770,479428,479500,0,378.019
1780758133.259,149.826,479428,479500,0,198.604
1780758133.311,149.878,479428,479500,0,95.348
1780758133.363,149.930,479428,479500,0,95.776
1780758133.416,149.983,479428,479500,0,114.899
1780758133.468,150.035,479428,479500,0,95.546
1780758133.520,150.087,479428,479500,0,95.386
1780758133.573,150.140,479428,479500,0,114.580
1780758133.625,150.192,479428,479500,0,95.479
1780758133.677,150.244,479428,479500,0,95.495
1780758133.730,150.297,479428,479500,0,95.461
1780758133.782,150.349,479428,479500,0,95.120
1780758133.835,150.402,479428,479500,0,114.647
1780758133.887,150.454,479428,479500,0,95.239
1780758133.940,150.507,479428,479500,0,95.308
1780758133.992,150.559,479428,479500,0,151.795
1780758134.045,150.612,479428,479500,0,361.305
1780758134.102,150.669,479428,479500,0,388.176
1780758134.159,150.726,479428,479500,0,140.174
1780758134.211,150.778,479428,479500,0,95.768
1780758134.265,150.832,479428,479500,0,93.170
1780758134.317,150.884,479428,479500,0,114.867
1780758134.369,150.936,479428,479500,0,95.846
1780758134.421,150.988,479428,479500,0,95.584
1780758134.474,151.041,479428,479500,0,95.682
1780758134.526,151.093,479428,479500,0,95.719
1780758134.578,151.145,479428,479500,0,114.900
1780758134.630,151.197,479428,479500,0,95.562
1780758134.683,151.250,479428,479500,0,95.666
1780758134.735,151.302,479428,479500,0,95.479
1780758134.787,151.354,479428,479500,0,95.794
1780758134.840,151.407,479428,479500,0,114.325
1780758134.896,151.463,479428,479500,0,230.224
1780758134.949,151.516,479428,479500,0,357.695
1780758135.008,151.575,479428,479500,0,321.991
1780758135.061,151.627,479428,479500,0,95.640
1780758135.113,151.680,479428,479500,0,96.050
1780758135.165,151.732,479428,479500,0,95.854
1780758135.218,151.785,479428,479500,0,112.837
1780758135.271,151.838,479428,479500,0,94.185
1780758135.323,151.890,479428,479500,0,95.668
1780758135.376,151.942,479428,479500,0,95.707
1780758135.428,151.995,479428,479500,0,95.495
1780758135.480,152.047,479428,479500,0,114.482
1780758135.533,152.100,479428,479500,0,95.551
1780758135.585,152.152,479428,479500,0,95.075
1780758135.637,152.204,479428,479500,0,115.040
1780758135.689,152.256,479428,479500,0,95.996
1780758135.742,152.309,479428,479500,0,95.379
1780758135.796,152.363,479428,479500,0,165.813
1780758135.850,152.417,479428,479500,0,355.581
1780758135.907,152.474,479428,479500,0,384.045
1780758135.959,152.526,479428,479500,0,114.249
1780758136.012,152.579,479428,479500,0,95.634
1780758136.066,152.633,479428,479500,0,111.050
1780758136.118,152.685,479428,479500,0,95.515
1780758136.170,152.737,479428,479500,0,95.590
1780758136.223,152.790,479428,479500,0,114.517
1780758136.275,152.842,479428,479500,0,95.880
1780758136.327,152.894,479428,479500,0,95.560
1780758136.379,152.946,479428,479500,0,95.846
1780758136.432,152.999,479428,479500,0,95.777
1780758136.484,153.051,479428,479500,0,114.931
1780758136.536,153.103,479428,479500,0,95.576
1780758136.588,153.155,479428,479500,0,95.699
1780758136.641,153.207,479428,479500,0,115.020
1780758136.696,153.263,479428,479500,0,251.743
1780758136.749,153.316,479428,479500,0,357.315
1780758136.806,153.373,479428,479500,0,299.569
1780758136.858,153.425,479428,479500,0,95.674
1780758136.911,153.478,479428,479500,0,95.708
1780758136.963,153.530,479428,479500,0,114.577
1780758137.015,153.582,479428,479500,0,95.509
1780758137.068,153.634,479428,479500,0,95.690
1780758137.120,153.687,479428,479500,0,95.549
1780758137.172,153.739,479428,479500,0,114.691
1780758137.225,153.791,479428,479500,0,95.535
1780758137.277,153.844,479428,479500,0,95.829
1780758137.329,153.896,479428,479500,0,95.529
1780758137.381,153.948,479428,479500,0,114.904
1780758137.434,154.001,479428,479500,0,95.324
1780758137.486,154.053,479428,479500,0,95.566
1780758137.538,154.105,479428,479500,0,95.385
1780758137.591,154.158,479428,479500,0,303.539
1780758137.644,154.211,479428,479500,0,398.521
1780758137.696,154.263,479428,479500,0,247.357
1780758137.749,154.316,479428,479500,0,95.592
1780758137.801,154.368,479428,479500,0,115.343
1780758137.853,154.420,479428,479500,0,95.588
1780758137.905,154.472,479428,479500,0,95.512
1780758137.958,154.525,479428,479500,0,95.422
1780758138.010,154.577,479428,479500,0,95.173
1780758138.063,154.630,479428,479500,0,114.341
1780758138.115,154.682,479428,479500,0,95.464
1780758138.168,154.734,479428,479500,0,95.549
1780758138.220,154.787,479428,479500,0,95.383
1780758138.272,154.839,479428,479500,0,114.723
1780758138.325,154.891,479428,479500,0,95.613
1780758138.377,154.944,479428,479500,0,95.772
1780758138.429,154.996,479428,479500,0,95.638
1780758138.486,155.053,479428,479500,0,278.984
1780758138.540,155.107,479428,479500,0,356.233
1780758138.593,155.160,479428,479500,0,168.884
1780758138.648,155.215,479428,479500,0,398.865
1780758138.702,155.269,479428,479500,0,241.568
1780758138.755,155.322,479428,479500,0,94.126
1780758138.808,155.375,479428,479500,0,113.506
1780758138.862,155.429,479428,479500,0,93.118
1780758138.914,155.481,479428,479500,0,95.670
1780758138.966,155.533,479428,479500,0,114.158
1780758139.019,155.586,479428,479500,0,95.591
1780758139.072,155.639,479428,479500,0,94.029
1780758139.125,155.692,479428,479500,0,112.920
1780758139.177,155.744,479428,479500,0,95.717
1780758139.230,155.797,479428,479500,0,95.543
1780758139.282,155.849,479428,479500,0,95.584
1780758139.334,155.901,479428,479500,0,95.270
1780758139.387,155.954,479428,479500,0,114.633
1780758139.439,156.006,479428,479500,0,95.167
1780758139.492,156.059,479428,479500,0,133.399
1780758139.548,156.115,479428,479500,0,301.648
1780758139.603,156.170,479428,479500,0,382.562
1780758139.657,156.224,479428,479500,0,130.297
1780758139.714,156.281,479428,479500,0,384.994
1780758139.773,156.340,479428,479500,0,218.481
1780758139.826,156.392,479428,479500,0,95.931
1780758139.878,156.445,479428,479500,0,96.055
1780758139.930,156.497,479428,479500,0,114.732
1780758139.983,156.550,479428,479500,0,94.738
1780758140.035,156.602,479428,479500,0,95.550
1780758140.087,156.654,479428,479500,0,95.352
1780758140.140,156.707,479428,479500,0,95.397
1780758140.192,156.759,479428,479500,0,114.378
1780758140.245,156.812,479428,479500,0,95.481
1780758140.297,156.864,479428,479500,0,95.455
1780758140.349,156.916,479428,479500,0,114.542
1780758140.402,156.969,479428,479500,0,95.595
1780758140.454,157.021,479428,479500,0,95.361
1780758140.507,157.074,479428,479500,0,132.917
1780758140.560,157.127,479428,479500,0,302.040
1780758140.617,157.184,479428,479500,0,347.570
1780758140.678,157.245,479428,479500,0,215.295
1780758140.734,157.301,479428,479500,0,374.580
1780758140.793,157.360,479428,479500,0,201.789
1780758140.845,157.412,479428,479500,0,95.856
1780758140.897,157.464,479428,479500,0,115.192
1780758140.950,157.517,479428,479500,0,95.566
1780758141.002,157.569,479428,479500,0,95.035
1780758141.055,157.622,479428,479500,0,95.414
1780758141.107,157.674,479428,479500,0,95.184
1780758141.160,157.727,479428,479500,0,114.503
1780758141.212,157.779,479428,479500,0,95.153
1780758141.265,157.832,479428,479500,0,95.642
1780758141.317,157.884,479428,479500,0,114.438
1780758141.369,157.936,479428,479500,0,95.505
1780758141.422,157.989,479428,479500,0,95.640
1780758141.474,158.041,479428,479500,0,95.428
1780758141.528,158.095,479428,479500,0,129.233
1780758141.590,158.157,479428,479500,0,274.101
1780758141.645,158.212,479428,479500,0,293.852
1780758141.701,158.268,479428,479500,0,212.541
1780758141.754,158.320,479428,479500,0,324.646
1780758141.812,158.379,479428,479500,0,288.294
1780758141.865,158.432,479428,479500,0,95.900
1780758141.917,158.484,479428,479500,0,95.906
1780758141.969,158.536,479428,479500,0,95.516
1780758142.022,158.588,479428,479500,0,95.300
1780758142.074,158.641,479428,479500,0,114.331
1780758142.126,158.693,479428,479500,0,95.361
1780758142.179,158.746,479428,479500,0,95.279
1780758142.231,158.798,479428,479500,0,95.201
1780758142.284,158.851,479428,479500,0,95.362
1780758142.336,158.903,479428,479500,0,114.151
1780758142.389,158.956,479428,479500,0,95.375
1780758142.441,159.008,479428,479500,0,95.253
1780758142.494,159.061,479428,479500,0,114.670
1780758142.548,159.115,479428,479500,0,110.059
1780758142.607,159.174,479428,479500,0,239.700
1780758142.664,159.231,479428,479500,0,399.415
1780758142.720,159.287,479428,479500,0,143.382
1780758142.777,159.344,479428,479500,0,370.163
1780758142.837,159.404,479428,479500,0,181.857
1780758142.889,159.456,479428,479500,0,95.771
1780758142.942,159.509,479428,479500,0,95.393
1780758142.994,159.561,479428,479500,0,95.353
1780758143.047,159.614,479428,479500,0,95.340
1780758143.099,159.666,479428,479500,0,95.290
1780758143.152,159.719,479428,479500,0,114.126
1780758143.204,159.771,479428,479500,0,95.570
1780758143.256,159.823,479428,479500,0,95.592
1780758143.310,159.876,479428,479500,0,112.944
1780758143.363,159.930,479428,479500,0,94.160
1780758143.415,159.982,479428,479500,0,95.701
1780758143.467,160.034,479428,479500,0,95.240
1780758143.520,160.087,479428,479500,0,95.462
1780758143.573,160.140,479428,479500,0,149.308
1780758143.629,160.196,479428,479500,0,234.895
1780758143.688,160.255,479428,479500,0,386.234
1780758143.748,160.315,479428,479500,0,167.506
1780758143.801,160.367,479428,479500,0,361.136
1780758143.858,160.425,479428,479500,0,297.809
1780758143.911,160.478,479428,479500,0,112.845
1780758143.965,160.532,479428,479500,0,92.031
1780758144.020,160.587,479428,479500,0,91.152
1780758144.073,160.640,479428,479500,0,113.702
1780758144.126,160.693,479428,479500,0,94.058
1780758144.178,160.745,479428,479500,0,95.225
1780758144.231,160.798,479428,479500,0,114.364
1780758144.283,160.850,479428,479500,0,95.474
1780758144.336,160.903,479428,479500,0,95.447
1780758144.388,160.955,479428,479500,0,95.648
1780758144.441,161.007,479428,479500,0,113.981
1780758144.493,161.060,479428,479500,0,95.593
1780758144.545,161.112,479428,479500,0,95.565
1780758144.597,161.164,479428,479500,0,95.673
1780758144.652,161.219,479428,479500,0,164.317
1780758144.708,161.275,479428,479500,0,269.800
1780758144.765,161.332,479428,479500,0,347.551
1780758144.825,161.392,479428,479500,0,217.546
1780758144.884,161.451,479428,479500,0,374.488
1780758144.937,161.504,479428,479500,0,94.546
1780758144.989,161.556,479428,479500,0,95.969
1780758145.041,161.608,479428,479500,0,95.839
1780758145.094,161.661,479428,479500,0,93.547
1780758145.148,161.715,479428,479500,0,93.820
1780758145.200,161.767,479428,479500,0,114.428
1780758145.253,161.820,479428,479500,0,95.295
1780758145.305,161.872,479428,479500,0,95.363
1780758145.357,161.924,479428,479500,0,114.445
1780758145.411,161.978,479428,479500,0,93.715
1780758145.464,162.031,479428,479500,0,93.830
1780758145.517,162.083,479428,479500,0,114.517
1780758145.569,162.136,479428,479500,0,95.412
1780758145.621,162.188,479428,479500,0,95.469
1780758145.674,162.241,479428,479500,0,95.437
1780758145.732,162.299,479428,479500,0,275.041
1780758145.787,162.354,479428,479500,0,273.458
1780758145.845,162.412,479428,479500,0,240.295
1780758145.900,162.467,479428,479500,0,326.337
1780758145.954,162.521,479428,479500,0,314.739
1780758146.007,162.573,479428,479500,0,95.482
1780758146.059,162.626,479428,479500,0,95.930
1780758146.112,162.679,479428,479500,0,94.442
1780758146.165,162.732,479428,479500,0,112.925
1780758146.217,162.784,479428,479500,0,95.740
1780758146.269,162.836,479428,479500,0,95.608
1780758146.321,162.888,479428,479500,0,95.874
1780758146.374,162.941,479428,479500,0,95.755
1780758146.426,162.993,479428,479500,0,115.117
1780758146.478,163.045,479428,479500,0,95.940
1780758146.530,163.097,479428,479500,0,95.780
1780758146.582,163.149,479428,479500,0,95.489
1780758146.635,163.201,479428,479500,0,95.944
1780758146.687,163.254,479428,479500,0,114.983
1780758146.739,163.306,479428,479500,0,190.199
1780758146.796,163.363,479428,479500,0,298.962
1780758146.849,163.416,479428,479500,0,300.485
1780758146.909,163.476,479428,479500,0,250.540
1780758146.968,163.535,479428,479500,0,390.648
1780758147.021,163.587,479428,479500,0,133.545
1780758147.073,163.640,479428,479500,0,95.721
1780758147.127,163.694,479428,479500,0,92.440
1780758147.179,163.746,479428,479500,0,114.697
1780758147.232,163.799,479428,479500,0,95.285
1780758147.284,163.851,479428,479500,0,95.472
1780758147.336,163.903,479428,479500,0,114.680
1780758147.389,163.956,479428,479500,0,95.564
1780758147.441,164.008,479428,479500,0,94.874
1780758147.494,164.061,479428,479500,0,95.490
1780758147.546,164.113,479428,479500,0,95.403
1780758147.599,164.165,479428,479500,0,114.599
1780758147.651,164.218,479428,479500,0,95.749
1780758147.703,164.270,479428,479500,0,95.803
1780758147.756,164.322,479428,479500,0,209.012
1780758147.812,164.379,479428,479500,0,300.356
1780758147.865,164.432,479428,479500,0,282.045
1780758147.928,164.495,479428,479500,0,286.522
1780758147.982,164.549,479428,479500,0,315.577
1780758148.034,164.601,479428,479500,0,95.707
1780758148.086,164.653,479428,479500,0,96.035
1780758148.139,164.706,479428,479500,0,95.604
1780758148.191,164.758,479428,479500,0,95.557
1780758148.243,164.810,479428,479500,0,114.257
1780758148.296,164.863,479428,479500,0,95.574
1780758148.348,164.915,479428,479500,0,95.376
1780758148.401,164.968,479428,479500,0,95.466
1780758148.453,165.020,479428,479500,0,95.425
1780758148.505,165.072,479428,479500,0,114.554
1780758148.558,165.125,479428,479500,0,95.469
1780758148.610,165.177,479428,479500,0,95.433
1780758148.662,165.229,479428,479500,0,95.563
1780758148.715,165.282,479428,479500,0,95.599
1780758148.767,165.334,479428,479500,0,266.322
1780758148.821,165.388,479428,479500,0,296.025
1780758148.881,165.448,479428,479500,0,235.729
1780758148.934,165.501,479428,479500,0,316.805
1780758148.994,165.561,479428,479500,0,370.221
1780758149.047,165.614,479428,479500,0,93.951
1780758149.100,165.667,479428,479500,0,113.234
1780758149.152,165.719,479428,479500,0,95.720
1780758149.205,165.772,479428,479500,0,95.396
1780758149.257,165.824,479428,479500,0,95.404
1780758149.309,165.876,479428,479500,0,95.556
1780758149.362,165.929,479428,479500,0,114.562
1780758149.414,165.981,479428,479500,0,95.293
1780758149.467,166.034,479428,479500,0,95.544
1780758149.519,166.086,479428,479500,0,95.532
1780758149.572,166.138,479428,479500,0,95.112
1780758149.625,166.192,479428,479500,0,112.757
1780758149.678,166.245,479428,479500,0,94.117
1780758149.730,166.297,479428,479500,0,95.159
1780758149.784,166.351,479428,479500,0,111.474
1780758149.847,166.414,479428,479500,0,286.560
1780758149.902,166.469,479428,479500,0,310.102
1780758149.961,166.528,479428,479500,0,186.237
1780758150.013,166.580,479428,479500,0,362.694
1780758150.073,166.640,479428,479500,0,384.022
1780758150.127,166.694,479428,479500,0,92.466
1780758150.179,166.746,479428,479500,0,96.024
1780758150.232,166.799,479428,479500,0,95.527
1780758150.284,166.851,479428,479500,0,114.628
1780758150.336,166.903,479428,479500,0,95.612
1780758150.389,166.956,479428,479500,0,95.652
1780758150.441,167.008,479428,479500,0,95.432
1780758150.493,167.060,479428,479500,0,95.666
1780758150.545,167.112,479428,479500,0,114.922
1780758150.598,167.165,479428,479500,0,95.746
1780758150.650,167.217,479428,479500,0,95.614
1780758150.702,167.269,479428,479500,0,95.809
1780758150.755,167.322,479428,479500,0,95.295
1780758150.807,167.374,479428,479500,0,114.757
1780758150.859,167.426,479428,479500,0,247.581
1780758150.912,167.479,479428,479500,0,322.533
1780758150.966,167.533,479428,479500,0,241.710
1780758151.019,167.586,479428,479500,0,265.085
1780758151.076,167.643,479428,479500,0,400.561
1780758151.129,167.696,479428,479500,0,151.692
1780758151.181,167.748,479428,479500,0,95.857
1780758151.234,167.801,479428,479500,0,94.506
1780758151.287,167.854,479428,479500,0,112.918
1780758151.339,167.906,479428,479500,0,95.605
1780758151.392,167.959,479428,479500,0,95.656
1780758151.444,168.011,479428,479500,0,114.685
1780758151.496,168.063,479428,479500,0,95.236
1780758151.549,168.116,479428,479500,0,95.261
1780758151.601,168.168,479428,479500,0,95.484
1780758151.654,168.221,479428,479500,0,95.655
1780758151.706,168.273,479428,479500,0,114.468
1780758151.758,168.325,479428,479500,0,95.613
1780758151.810,168.377,479428,479500,0,95.861
1780758151.863,168.430,479428,479500,0,133.747
1780758151.916,168.483,479428,479500,0,206.849
1780758151.972,168.539,479428,479500,0,302.649
1780758152.025,168.592,479428,479500,0,224.928
1780758152.083,168.650,479428,479500,0,259.064
1780758152.140,168.707,479428,479500,0,352.513
1780758152.192,168.759,479428,479500,0,115.143
1780758152.245,168.811,479428,479500,0,95.579
1780758152.298,168.865,479428,479500,0,93.063
1780758152.351,168.918,479428,479500,0,95.634
1780758152.403,168.970,479428,479500,0,114.988
1780758152.458,169.025,479428,479500,0,90.056
1780758152.511,169.077,479428,479500,0,95.737
1780758152.563,169.130,479428,479500,0,95.413
1780758152.615,169.182,479428,479500,0,114.629
1780758152.667,169.234,479428,479500,0,95.799
1780758152.720,169.287,479428,479500,0,95.658
1780758152.774,169.341,479428,479500,0,110.518
1780758152.827,169.393,479428,479500,0,95.206
1780758152.879,169.446,479428,479500,0,95.663
1780758152.931,169.498,479428,479500,0,266.250
1780758152.988,169.555,479428,479500,0,316.990
1780758153.042,169.608,479428,479500,0,224.761
1780758153.095,169.661,479428,479500,0,320.749
1780758153.147,169.714,479428,479500,0,322.577
1780758153.200,169.767,479428,479500,0,113.050
1780758153.252,169.819,479428,479500,0,95.924
1780758153.306,169.873,479428,479500,0,93.301
1780758153.358,169.925,479428,479500,0,95.589
1780758153.411,169.978,479428,479500,0,95.698
1780758153.463,170.030,479428,479500,0,114.844
1780758153.515,170.082,479428,479500,0,95.650
1780758153.567,170.134,479428,479500,0,95.605
1780758153.620,170.187,479428,479500,0,95.641
1780758153.672,170.239,479428,479500,0,95.701
1780758153.724,170.291,479428,479500,0,114.779
1780758153.776,170.343,479428,479500,0,95.703
1780758153.829,170.395,479428,479500,0,95.996
1780758153.881,170.448,479428,479500,0,115.074
1780758153.936,170.503,479428,479500,0,252.391
1780758153.989,170.556,479428,479500,0,285.483
1780758154.047,170.614,479428,479500,0,224.395
1780758154.099,170.666,479428,479500,0,343.739
1780758154.153,170.720,479428,479500,0,370.716
1780758154.206,170.773,479428,479500,0,94.121
1780758154.258,170.825,479428,479500,0,95.562
1780758154.310,170.877,479428,479500,0,95.993
1780758154.363,170.930,479428,479500,0,114.542
1780758154.415,170.982,479428,479500,0,95.513
1780758154.467,171.034,479428,479500,0,95.935
1780758154.519,171.086,479428,479500,0,95.905
1780758154.572,171.139,479428,479500,0,95.617
1780758154.624,171.191,479428,479500,0,114.932
1780758154.676,171.243,479428,479500,0,95.762
1780758154.728,171.295,479428,479500,0,95.686
1780758154.781,171.348,479428,479500,0,114.999
1780758154.833,171.400,479428,479500,0,96.054
1780758154.885,171.452,479428,479500,0,95.607
1780758154.940,171.507,479428,479500,0,199.255
1780758154.996,171.563,479428,479500,0,303.534
1780758155.049,171.616,479428,479500,0,282.413
1780758155.108,171.675,479428,479500,0,288.733
1780758155.160,171.727,479428,479500,0,345.273
1780758155.213,171.780,479428,479500,0,95.558
1780758155.265,171.832,479428,479500,0,96.071
1780758155.317,171.884,479428,479500,0,95.626
1780758155.369,171.936,479428,479500,0,114.663
1780758155.422,171.989,479428,479500,0,95.147
1780758155.474,172.041,479428,479500,0,95.618
1780758155.526,172.093,479428,479500,0,95.598
1780758155.579,172.146,479428,479500,0,95.572
1780758155.631,172.198,479428,479500,0,114.777
1780758155.683,172.250,479428,479500,0,95.827
1780758155.735,172.302,479428,479500,0,95.669
1780758155.788,172.355,479428,479500,0,95.645
1780758155.840,172.407,479428,479500,0,114.849
1780758155.892,172.459,479428,479500,0,95.748
1780758155.946,172.513,479428,479500,0,277.967
1780758155.999,172.566,479428,479500,0,301.406
1780758156.053,172.619,479428,479500,0,225.196
1780758156.108,172.675,479428,479500,0,341.462
1780758156.162,172.729,479428,479500,0,350.878
1780758156.216,172.783,479428,479500,0,93.176
1780758156.268,172.835,479428,479500,0,96.125
1780758156.321,172.888,479428,479500,0,113.420
1780758156.373,172.940,479428,479500,0,95.516
1780758156.425,172.992,479428,479500,0,95.671
1780758156.478,173.045,479428,479500,0,95.880
1780758156.530,173.097,479428,479500,0,115.124
1780758156.582,173.149,479428,479500,0,95.465
1780758156.634,173.201,479428,479500,0,95.622
1780758156.687,173.253,479428,479500,0,95.916
1780758156.739,173.306,479428,479500,0,95.580
1780758156.791,173.358,479428,479500,0,114.602
1780758156.843,173.410,479428,479500,0,95.758
1780758156.896,173.463,479428,479500,0,95.592
1780758156.952,173.519,479428,479500,0,195.018
1780758157.005,173.572,479428,479500,0,282.615
1780758157.058,173.625,479428,479500,0,339.451
1780758157.120,173.687,479428,479500,0,258.481
1780758157.173,173.739,479428,479500,0,343.606
1780758157.225,173.792,479428,479500,0,95.483
1780758157.277,173.844,479428,479500,0,96.195
1780758157.330,173.897,479428,479500,0,94.185
1780758157.382,173.949,479428,479500,0,114.826
1780758157.434,174.001,479428,479500,0,95.854
1780758157.487,174.054,479428,479500,0,95.290
1780758157.539,174.106,479428,479500,0,95.537
1780758157.592,174.158,479428,479500,0,95.549
1780758157.644,174.211,479428,479500,0,115.067
1780758157.696,174.263,479428,479500,0,95.645
1780758157.748,174.315,479428,479500,0,95.462
1780758157.801,174.368,479428,479500,0,114.811
1780758157.853,174.420,479428,479500,0,95.921
1780758157.906,174.473,479428,479500,0,94.418
1780758157.959,174.526,479428,479500,0,130.989
1780758158.012,174.579,479428,479500,0,246.732
1780758158.064,174.631,479428,479500,0,114.412
1780758158.117,174.684,479428,479500,0,94.591
1780758158.170,174.737,479428,479500,0,94.761
1780758158.222,174.789,479428,479500,0,95.059
1780758158.275,174.842,479428,479500,0,113.811
1780758158.328,174.895,479428,479500,0,95.342
1780758158.380,174.947,479428,479500,0,95.089
1780758158.432,174.999,479428,479500,0,114.778
1780758158.485,175.052,479428,479500,0,95.621
1780758158.537,175.104,479428,479500,0,95.819
1780758158.589,175.156,479428,479500,0,95.417
1780758158.642,175.209,479428,479500,0,95.434
1780758158.694,175.261,479428,479500,0,115.352
1780758158.747,175.314,479428,479500,0,93.658
1780758158.799,175.366,479428,479500,0,95.757
1780758158.852,175.419,479428,479500,0,95.159
1780758158.904,175.471,479428,479500,0,115.031
1780758158.956,175.523,479428,479500,0,95.824
1780758159.012,175.579,479428,479500,0,125.173
1780758159.065,175.632,479428,479500,0,377.255
1780758159.117,175.684,479428,479500,0,95.870
1780758159.170,175.736,479428,479500,0,95.754
1780758159.222,175.789,479428,479500,0,191.973
1780758159.278,175.845,479428,479500,0,371.364
1780758159.336,175.903,479428,479500,0,139.380
1780758159.388,175.955,479428,479500,0,95.707
1780758159.441,176.008,479428,479500,0,93.369
1780758159.494,176.061,479428,479500,0,95.647
1780758159.546,176.113,479428,479500,0,95.838
1780758159.598,176.165,479428,479500,0,114.372
1780758159.651,176.218,479428,479500,0,95.459
1780758159.703,176.270,479428,479500,0,95.850
1780758159.755,176.322,479428,479500,0,95.504
1780758159.808,176.375,479428,479500,0,95.269
1780758159.860,176.427,479428,479500,0,114.701
1780758159.912,176.479,479428,479500,0,95.580
1780758159.965,176.532,479428,479500,0,94.773
1780758160.017,176.584,479428,479500,0,133.619
1780758160.076,176.643,479428,479500,0,238.487
1780758160.128,176.695,479428,479500,0,364.466
1780758160.183,176.750,479428,479500,0,201.434
1780758160.236,176.803,479428,479500,0,378.212
1780758160.289,176.856,479428,479500,0,207.407
1780758160.342,176.909,479428,479500,0,113.049
1780758160.395,176.962,479428,479500,0,94.005
1780758160.447,177.014,479428,479500,0,95.582
1780758160.500,177.067,479428,479500,0,95.485
1780758160.552,177.119,479428,479500,0,114.841
1780758160.604,177.171,479428,479500,0,95.350
1780758160.657,177.224,479428,479500,0,95.231
1780758160.709,177.276,479428,479500,0,95.806
1780758160.761,177.328,479428,479500,0,114.986
1780758160.814,177.381,479428,479500,0,95.231
1780758160.866,177.433,479428,479500,0,95.500
1780758160.919,177.486,479428,479500,0,95.219
1780758160.971,177.538,479428,479500,0,95.250
1780758161.024,177.591,479428,479500,0,281.718
1780758161.079,177.646,479428,479500,0,292.863
1780758161.133,177.699,479428,479500,0,205.457
1780758161.188,177.755,479428,479500,0,395.767
1780758161.241,177.808,479428,479500,0,319.466
1780758161.295,177.862,479428,479500,0,93.833
1780758161.347,177.914,479428,479500,0,115.077
1780758161.400,177.967,479428,479500,0,94.147
1780758161.452,178.019,479428,479500,0,95.628
1780758161.504,178.071,479428,479500,0,114.930
1780758161.557,178.123,479428,479500,0,95.912
1780758161.609,178.176,479428,479500,0,95.534
1780758161.661,178.228,479428,479500,0,95.779
1780758161.713,178.280,479428,479500,0,95.743
1780758161.766,178.333,479428,479500,0,114.496
1780758161.818,178.385,479428,479500,0,95.969
1780758161.870,178.437,479428,479500,0,96.043
1780758161.922,178.489,479428,479500,0,95.654
1780758161.975,178.542,479428,479500,0,228.223
1780758162.028,178.595,479428,479500,0,300.863
1780758162.081,178.648,479428,479500,0,244.631
1780758162.136,178.703,479428,479500,0,362.728
1780758162.190,178.757,479428,479500,0,279.703
1780758162.242,178.809,479428,479500,0,95.412
1780758162.294,178.861,479428,479500,0,95.813
1780758162.348,178.915,479428,479500,0,112.766
1780758162.401,178.968,479428,479500,0,94.098
1780758162.453,179.020,479428,479500,0,95.908
1780758162.505,179.072,479428,479500,0,114.868
1780758162.557,179.124,479428,479500,0,95.663
1780758162.610,179.177,479428,479500,0,95.507
1780758162.662,179.229,479428,479500,0,95.922
1780758162.714,179.281,479428,479500,0,95.730
1780758162.766,179.333,479428,479500,0,114.702
1780758162.819,179.386,479428,479500,0,95.604
1780758162.871,179.438,479428,479500,0,95.666
1780758162.923,179.490,479428,479500,0,171.228
1780758162.980,179.547,479428,479500,0,317.693
1780758163.035,179.602,479428,479500,0,364.619
1780758163.090,179.657,479428,479500,0,199.262
1780758163.144,179.711,479428,479500,0,389.328
1780758163.197,179.764,479428,479500,0,113.333
1780758163.250,179.817,479428,479500,0,112.909
1780758163.303,179.870,479428,479500,0,94.604
1780758163.355,179.922,479428,479500,0,95.723
1780758163.408,179.975,479428,479500,0,95.422
1780758163.460,180.027,479428,479500,0,95.420
1780758163.519,180.086,479428,479500,0,101.717
1780758163.572,180.139,479428,479500,0,95.263
1780758163.624,180.191,479428,479500,0,95.613
1780758163.676,180.243,479428,479500,0,114.870
1780758163.728,180.295,479428,479500,0,95.461
1780758163.781,180.348,479428,479500,0,95.509
1780758163.833,180.400,479428,479500,0,95.779
1780758163.885,180.452,479428,479500,0,95.835
1780758163.940,180.507,479428,479500,0,236.706
1780758163.996,180.563,479428,479500,0,321.355
1780758164.049,180.616,479428,479500,0,207.072
1780758164.102,180.669,479428,479500,0,361.353
1780758164.160,180.727,479428,479500,0,256.769
1780758164.213,180.780,479428,479500,0,95.547
1780758164.265,180.832,479428,479500,0,96.024
1780758164.317,180.884,479428,479500,0,114.629
1780758164.369,180.936,479428,479500,0,95.948
1780758164.421,180.988,479428,479500,0,95.776
1780758164.473,181.040,479428,479500,0,95.974
1780758164.526,181.092,479428,479500,0,95.929
1780758164.578,181.145,479428,479500,0,114.835
1780758164.630,181.197,479428,479500,0,95.571
1780758164.682,181.249,479428,479500,0,95.659
1780758164.735,181.302,479428,479500,0,95.690
1780758164.787,181.354,479428,479500,0,95.568
1780758164.839,181.406,479428,479500,0,114.563
1780758164.899,181.466,479428,479500,0,252.874
1780758164.952,181.519,479428,479500,0,357.184
1780758165.006,181.573,479428,479500,0,185.436
1780758165.063,181.630,479428,479500,0,385.449
1780758165.116,181.683,479428,479500,0,301.568
1780758165.168,181.735,479428,479500,0,114.889
1780758165.220,181.787,479428,479500,0,96.166
1780758165.272,181.839,479428,479500,0,95.708
1780758165.325,181.892,479428,479500,0,114.663
1780758165.377,181.944,479428,479500,0,95.768
1780758165.429,181.996,479428,479500,0,95.792
1780758165.481,182.048,479428,479500,0,95.706
1780758165.533,182.100,479428,479500,0,96.014
1780758165.586,182.153,479428,479500,0,114.778
1780758165.638,182.205,479428,479500,0,95.763
1780758165.690,182.257,479428,479500,0,95.534
1780758165.743,182.310,479428,479500,0,95.407
1780758165.795,182.362,479428,479500,0,95.495
1780758165.847,182.414,479428,479500,0,228.811
1780758165.901,182.468,479428,479500,0,150.059
1780758165.953,182.520,479428,479500,0,95.514
1780758166.005,182.572,479428,479500,0,115.053
1780758166.057,182.624,479428,479500,0,95.932
1780758166.110,182.676,479428,479500,0,95.812
1780758166.161,182.728,479428,479500,0,96.340
1780758166.213,182.780,479428,479500,0,96.659
1780758166.266,182.833,479428,479500,0,57.239
1780758166.317,182.884,479428,479500,0,0.000
1780758166.368,182.935,479428,479500,0,0.000
1780758166.419,182.986,479428,479500,0,0.000
1780758166.471,183.038,479428,479500,0,0.000
1780758166.522,183.089,479428,479500,0,0.000
1780758166.573,183.140,479428,479500,0,0.000
1780758166.624,183.191,479428,479500,0,0.000
1780758166.675,183.242,479428,479500,0,0.000
1780758166.726,183.293,479428,479500,0,0.000
1780758166.777,183.344,479428,479500,0,0.000
1780758166.829,183.396,479428,479500,0,0.000
1780758166.880,183.447,479428,479500,0,0.000
1780758166.931,183.498,479428,479500,0,0.000
1780758166.982,183.549,479428,479500,0,0.000
1780758167.033,183.600,479428,479500,0,0.000
1780758167.084,183.651,479428,479500,0,0.000
1780758167.135,183.702,479428,479500,0,0.000
1780758167.186,183.753,479428,479500,0,0.000
1780758167.238,183.805,479428,479500,0,0.000
1780758167.292,183.859,479428,479500,2,91.634
1780758167.344,183.911,479428,479500,2,97.060
1780758167.396,183.963,479428,479500,0,114.922
1780758167.449,184.016,479428,479500,3,94.652
1780758167.504,184.071,479428,479500,2,90.169
1780758167.556,184.123,479428,479500,2,58.160
1780758167.606,184.173,479428,479500,2,0.000
1780758167.657,184.223,479428,479500,2,0.000
1780758167.707,184.274,479428,479500,2,0.000
1780758167.757,184.324,479428,479500,2,0.000
1780758167.807,184.374,479428,479500,2,0.000
1780758167.857,184.424,479428,479500,2,0.000
1780758167.908,184.475,479428,479500,2,0.000
1780758167.958,184.525,479428,479500,2,0.000
1780758168.008,184.575,479428,479500,2,0.000
1780758168.058,184.625,479428,479500,2,0.000
1780758168.109,184.676,479428,479500,2,0.000
1780758168.159,184.726,479428,479500,2,0.000
1780758168.209,184.776,479428,479500,2,0.000
1780758168.259,184.826,479428,479500,2,0.000
1780758168.309,184.876,479428,479500,2,0.000
1780758168.360,184.927,479428,479500,2,0.000
1780758168.410,184.977,479428,479500,2,0.000
1780758168.460,185.027,479428,479500,2,0.000
1780758168.510,185.077,479428,479500,2,0.000
1780758168.560,185.127,479428,479500,2,0.000
1780758168.611,185.178,479428,479500,2,0.000
1780758168.661,185.228,479428,479500,2,0.000
1780758168.711,185.278,479428,479500,2,0.000
1780758168.761,185.328,479428,479500,2,0.000
1780758168.812,185.378,479428,479500,2,0.000
1780758168.862,185.429,479428,479500,2,0.000
1780758168.912,185.479,479428,479500,2,0.000
1780758168.962,185.529,479428,479500,2,0.000
1780758169.012,185.579,479428,479500,2,0.000
1780758169.063,185.630,479428,479500,2,0.000
1780758169.113,185.680,479428,479500,2,0.000
1780758169.163,185.730,479428,479500,2,0.000
1780758169.213,185.780,479428,479500,2,0.000
1780758169.263,185.830,479428,479500,2,0.000
1780758169.314,185.881,479428,479500,2,0.000
1780758169.364,185.931,479428,479500,2,0.000
1780758169.414,185.981,479428,479500,2,0.000
1780758169.464,186.031,479428,479500,2,0.000
1780758169.515,186.082,479428,479500,2,0.000
1780758169.565,186.132,479428,479500,2,0.000
1780758169.616,186.183,479428,479500,2,0.000
1780758169.666,186.233,479428,479500,2,0.000
1780758169.716,186.283,479428,479500,2,0.000
1780758169.767,186.334,479428,479500,2,0.000
1780758169.817,186.384,479428,479500,2,0.000
1780758169.867,186.434,479428,479500,2,0.000
1780758169.918,186.485,479428,479500,2,0.000
1780758169.968,186.535,479428,479500,2,0.000
1780758170.018,186.585,479428,479500,2,0.000
1780758170.069,186.636,479428,479500,2,0.000
1780758170.119,186.686,479428,479500,2,0.000
1780758170.169,186.736,479428,479500,2,0.000
1780758170.220,186.787,479428,479500,2,0.000
1780758170.270,186.837,479428,479500,2,0.000
1780758170.320,186.887,479428,479500,2,0.000
1780758170.371,186.937,479428,479500,2,0.000
1780758170.421,186.988,479428,479500,2,0.000
1780758170.471,187.038,479428,479500,2,0.000
1780758170.521,187.088,479428,479500,2,0.000
1780758170.572,187.139,479428,479500,2,0.000
1780758170.622,187.189,479428,479500,2,0.000
1780758170.672,187.239,479428,479500,2,0.000
1780758170.723,187.290,479428,479500,2,0.000
1780758170.773,187.340,479428,479500,2,0.000
1780758170.823,187.390,479428,479500,2,0.000
1780758170.874,187.441,479428,479500,2,0.000
1780758170.924,187.491,479428,479500,2,0.000
1780758170.974,187.541,479428,479500,2,0.000
1780758171.025,187.592,479428,479500,2,0.000
1780758171.075,187.642,479428,479500,2,0.000
1780758171.125,187.692,479428,479500,2,0.000
1780758171.176,187.742,479428,479500,2,0.000
1780758171.226,187.793,479428,479500,2,0.000
1780758171.276,187.843,479428,479500,2,0.000
1780758171.326,187.893,479428,479500,2,0.000
1780758171.377,187.944,479428,479500,2,0.000
1780758171.427,187.994,479428,479500,2,0.000
1780758171.477,188.044,479428,479500,2,0.000
1780758171.528,188.095,479428,479500,2,0.000
1780758171.578,188.145,479428,479500,2,0.000
1780758171.628,188.195,479428,479500,2,0.000
1780758171.679,188.245,479428,479500,2,0.000
1780758171.729,188.296,479428,479500,2,0.000
1780758171.779,188.346,479428,479500,2,0.000
1780758171.830,188.396,479428,479500,2,0.000
1780758171.880,188.447,479428,479500,2,0.000
1780758171.930,188.497,479428,479500,2,0.000
1780758171.981,188.548,479428,479500,2,0.000
1780758172.031,188.598,479428,479500,2,0.000
1780758172.081,188.648,479428,479500,2,0.000
1780758172.132,188.699,479428,479500,2,0.000
1780758172.182,188.749,479428,479500,2,0.000
1780758172.232,188.799,479428,479500,2,0.000
1780758172.283,188.850,479428,479500,2,0.000
1780758172.333,188.900,479428,479500,2,0.000
1780758172.383,188.950,479428,479500,2,0.000
1780758172.433,189.000,479428,479500,2,0.000
1780758172.484,189.051,479428,479500,2,0.000
1780758172.901,189.468,479428,479500,2,0.000
1780758172.951,189.518,479428,479500,2,0.000
1780758173.001,189.568,479428,479500,2,0.000
1780758173.052,189.619,479428,479500,2,0.000
1780758173.102,189.669,479428,479500,2,0.000
1780758173.152,189.719,479428,479500,2,0.000
1780758173.203,189.770,479428,479500,2,0.000
1780758173.253,189.820,479428,479500,2,0.000
1780758173.303,189.870,479428,479500,2,0.000
1780758173.354,189.921,479428,479500,2,0.000
1780758173.404,189.971,479428,479500,2,0.000
1780758173.454,190.021,479428,479500,2,0.000
1780758173.505,190.071,479428,479500,2,0.000
1780758173.555,190.122,479428,479500,2,19.882
1780758173.605,190.172,479428,479500,2,0.000
1780758173.656,190.222,479428,479500,2,0.000
1780758173.706,190.273,479428,479500,2,0.000
1780758173.756,190.323,479428,479500,2,0.000
1780758173.806,190.373,479428,479500,2,0.000
1780758173.857,190.424,479428,479500,2,0.000
1780758173.907,190.474,479428,479500,2,0.000
1780758173.957,190.524,479428,479500,2,0.000
1780758174.008,190.575,479428,479500,2,0.000
1780758174.058,190.625,479428,479500,2,0.000
1780758174.108,190.675,479428,479500,2,0.000
1780758174.159,190.726,479428,479500,2,0.000
1780758174.209,190.776,479428,479500,2,0.000
1780758174.259,190.826,479428,479500,2,0.000
1780758174.309,190.876,479428,479500,2,0.000
1780758174.360,190.927,479428,479500,2,0.000
1780758174.410,190.977,479428,479500,2,0.000
1780758174.460,191.027,479428,479500,2,0.000
1780758174.511,191.078,479428,479500,2,0.000
1780758174.561,191.128,479428,479500,2,0.000
1780758174.611,191.178,479428,479500,2,0.000
1780758174.662,191.228,479428,479500,2,0.000
1780758174.712,191.279,479428,479500,2,0.000
1780758174.762,191.329,479428,479500,2,0.000
1780758174.813,191.380,479428,479500,2,0.000
1780758174.863,191.430,479428,479500,2,0.000
1780758174.913,191.480,479428,479500,2,0.000
1780758174.964,191.531,479428,479500,2,0.000
1780758175.014,191.581,479428,479500,2,0.000
1780758175.064,191.631,479428,479500,2,0.000
1780758175.115,191.682,479428,479500,2,0.000
1780758175.165,191.732,479428,479500,2,0.000
1780758175.215,191.782,479428,479500,2,0.000
1780758175.266,191.833,479428,479500,2,0.000
1780758175.316,191.883,479428,479500,2,0.000
1780758175.366,191.933,479428,479500,2,0.000
1780758175.417,191.984,479428,479500,2,0.000
1780758175.467,192.034,479428,479500,2,0.000
1780758175.517,192.084,479428,479500,2,0.000
1780758175.567,192.134,479428,479500,2,0.000
1780758175.618,192.185,479428,479500,2,0.000
1780758175.668,192.235,479428,479500,2,0.000
1780758175.718,192.285,479428,479500,2,0.000
1780758175.769,192.336,479428,479500,2,0.000
1780758175.819,192.386,479428,479500,2,0.000
1780758175.869,192.436,479428,479500,2,0.000
1780758175.920,192.487,479428,479500,2,0.000
1780758175.970,192.537,479428,479500,2,0.000
1780758176.020,192.587,479428,479500,2,0.000
1780758176.071,192.638,479428,479500,2,0.000
1780758176.121,192.688,479428,479500,2,0.000
1780758176.171,192.738,479428,479500,2,0.000
1780758176.222,192.788,479428,479500,2,0.000
1780758176.272,192.839,479428,479500,2,0.000
1780758176.324,192.890,479428,479500,2,0.000
1780758176.374,192.941,479428,479500,2,0.000
1780758176.424,192.991,479428,479500,2,0.000
1780758176.475,193.041,479428,479500,2,0.000
1780758176.525,193.092,479428,479500,2,0.000
1780758176.575,193.142,479428,479500,2,0.000
1780758176.625,193.192,479428,479500,2,0.000
1780758176.676,193.243,479428,479500,2,0.000
1780758176.726,193.293,479428,479500,2,0.000
1780758176.776,193.343,479428,479500,2,0.000
1780758176.827,193.394,479428,479500,2,0.000
1780758176.877,193.444,479428,479500,2,0.000
1780758176.927,193.494,479428,479500,2,0.000
1780758176.978,193.545,479428,479500,2,0.000
1780758177.028,193.595,479428,479500,2,0.000
1780758177.078,193.645,479428,479500,2,0.000
1780758177.129,193.695,479428,479500,2,0.000
1780758177.179,193.746,479428,479500,2,0.000
1780758177.229,193.796,479428,479500,2,0.000
1780758177.279,193.846,479428,479500,2,0.000
1780758177.330,193.897,479428,479500,2,0.000
1780758177.380,193.947,479428,479500,2,0.000
1780758177.430,193.997,479428,479500,2,0.000
1780758177.481,194.048,479428,479500,2,0.000
1780758178.297,194.864,479428,479500,2,0.000
1780758178.348,194.915,479428,479500,2,0.000
1780758178.398,194.965,479428,479500,2,0.000
1780758178.449,195.016,479428,479500,2,0.000
1780758178.499,195.066,479428,479500,2,0.000
1780758178.549,195.116,479428,479500,2,0.000
1780758178.600,195.167,479428,479500,2,0.000
1780758178.650,195.217,479428,479500,2,0.000
1780758178.700,195.267,479428,479500,2,0.000
1780758178.751,195.318,479428,479500,2,0.000
1780758178.801,195.368,479428,479500,2,0.000
1780758178.851,195.418,479428,479500,2,0.000
1780758178.902,195.469,479428,479500,2,0.000
1780758178.952,195.519,479428,479500,2,0.000
1780758179.002,195.569,479428,479500,2,0.000
1780758179.053,195.619,479428,479500,2,0.000
1780758179.103,195.670,479428,479500,2,0.000
1780758179.153,195.720,479428,479500,2,0.000
1780758179.204,195.770,479428,479500,2,0.000
1780758179.254,195.821,479428,479500,2,0.000
1780758179.304,195.871,479428,479500,2,0.000
1780758179.354,195.921,479428,479500,2,0.000
1780758179.405,195.972,479428,479500,2,0.000
1780758179.455,196.022,479428,479500,2,0.000
1780758179.505,196.072,479428,479500,2,0.000
1780758179.556,196.123,479428,479500,2,0.000
1780758179.606,196.173,479428,479500,2,0.000
1780758179.656,196.223,479428,479500,2,0.000
1780758179.707,196.274,479428,479500,2,0.000
1780758179.757,196.324,479428,479500,2,0.000
1780758179.807,196.374,479428,479500,2,0.000
1780758179.857,196.424,479428,479500,2,0.000
1780758179.908,196.475,479428,479500,2,0.000
1780758179.958,196.525,479428,479500,2,0.000
1780758180.009,196.576,479428,479500,2,0.000
1780758180.059,196.626,479428,479500,2,0.000
1780758180.109,196.676,479428,479500,2,0.000
1780758180.160,196.727,479428,479500,2,0.000
1780758180.210,196.777,479428,479500,2,0.000
1780758180.260,196.827,479428,479500,2,0.000
1780758180.311,196.878,479428,479500,2,0.000
1780758180.361,196.928,479428,479500,2,0.000
1780758180.411,196.978,479428,479500,2,0.000
1780758180.462,197.029,479428,479500,2,0.000
1780758180.512,197.079,479428,479500,2,0.000
1780758180.562,197.129,479428,479500,2,0.000
1780758180.613,197.179,479428,479500,2,0.000
1780758180.663,197.230,479428,479500,2,0.000
1780758180.713,197.280,479428,479500,2,0.000
1780758180.764,197.330,479428,479500,2,0.000
1780758180.814,197.381,479428,479500,2,0.000
1780758180.864,197.431,479428,479500,2,0.000
1780758180.915,197.481,479428,479500,2,0.000
1780758180.965,197.532,479428,479500,2,0.000
1780758181.015,197.582,479428,479500,2,0.000
1780758181.066,197.632,479428,479500,2,0.000
1780758181.116,197.683,479428,479500,2,0.000
1780758181.166,197.733,479428,479500,2,0.000
1780758181.216,197.783,479428,479500,2,0.000
1780758181.267,197.834,479428,479500,2,0.000
1780758181.317,197.884,479428,479500,2,0.000
1780758181.367,197.934,479428,479500,2,0.000
1780758181.418,197.985,479428,479500,2,0.000
1780758181.468,198.035,479428,479500,2,0.000
1780758181.518,198.085,479428,479500,2,0.000
1780758181.569,198.135,479428,479500,2,0.000
1780758181.619,198.186,479428,479500,2,0.000
1780758181.669,198.236,479428,479500,2,0.000
1780758181.719,198.286,479428,479500,2,0.000
1780758181.770,198.337,479428,479500,2,0.000
1780758181.820,198.387,479428,479500,2,0.000
1780758181.870,198.437,479428,479500,2,0.000
1780758181.921,198.488,479428,479500,2,0.000
1780758181.971,198.538,479428,479500,2,0.000
1780758182.021,198.588,479428,479500,2,0.000
1780758182.072,198.639,479428,479500,2,0.000
1780758182.122,198.689,479428,479500,2,0.000
1780758182.172,198.739,479428,479500,2,0.000
1780758182.223,198.790,479428,479500,2,0.000
1780758182.273,198.840,479428,479500,2,0.000
1780758182.323,198.890,479428,479500,2,0.000
1780758182.374,198.941,479428,479500,2,0.000
1780758182.424,198.991,479428,479500,2,0.000
1780758182.474,199.041,479428,479500,2,0.000
1780758182.524,199.091,479428,479500,2,0.000
1780758182.575,199.142,479428,479500,2,0.000
1780758182.625,199.192,479428,479500,2,0.000
1780758182.675,199.242,479428,479500,2,0.000
1780758182.726,199.293,479428,479500,2,0.000
1780758182.776,199.343,479428,479500,2,0.000
1780758182.826,199.393,479428,479500,2,0.000
1780758182.877,199.444,479428,479500,2,0.000
1780758182.927,199.494,479428,479500,2,0.000
1780758182.977,199.544,479428,479500,2,0.000
1780758183.134,199.701,479428,479500,2,0.000
1780758183.184,199.751,479428,479500,2,0.000
1780758183.235,199.802,479428,479500,2,0.000
1780758183.285,199.852,479428,479500,2,0.000
1780758183.335,199.902,479428,479500,2,0.000
1780758183.386,199.953,479428,479500,2,0.000
1780758183.436,200.003,479428,479500,2,0.000
1780758183.486,200.053,479428,479500,2,0.000
1780758183.537,200.103,479428,479500,2,0.000
1780758183.587,200.154,479428,479500,2,0.000
1780758183.637,200.204,479428,479500,2,0.000
1780758183.687,200.254,479428,479500,2,0.000
1780758183.738,200.305,479428,479500,2,0.000
1780758183.788,200.355,479428,479500,2,0.000
1780758183.838,200.405,479428,479500,2,0.000
1780758183.889,200.456,479428,479500,2,0.000
1780758183.939,200.506,479428,479500,2,0.000
1780758183.990,200.557,479428,479500,2,0.000
1780758184.041,200.608,479428,479500,2,0.000
1780758184.091,200.658,479428,479500,2,0.000
1780758184.142,200.708,479428,479500,2,0.000
1780758184.192,200.759,479428,479500,2,0.000
1780758184.242,200.809,479428,479500,2,0.000
1780758184.292,200.859,479428,479500,2,0.000
1780758184.343,200.910,479428,479500,2,0.000
1780758184.393,200.960,479428,479500,2,0.000
1780758184.443,201.010,479428,479500,2,0.000
1780758184.494,201.061,479428,479500,2,0.000
1780758184.544,201.111,479428,479500,2,0.000
1780758184.594,201.161,479428,479500,2,0.000
1780758184.645,201.212,479428,479500,2,0.000
1780758184.695,201.262,479428,479500,2,0.000
1780758184.745,201.312,479428,479500,2,0.000
1780758184.796,201.363,479428,479500,2,0.000
1780758184.846,201.413,479428,479500,2,0.000
1780758184.896,201.463,479428,479500,2,0.000
1780758184.947,201.514,479428,479500,2,0.000
1780758184.997,201.564,479428,479500,2,0.000
1780758185.047,201.614,479428,479500,2,19.877
1780758185.098,201.665,479428,479500,2,0.000
1780758185.148,201.715,479428,479500,2,0.000
1780758185.198,201.765,479428,479500,2,0.000
1780758185.249,201.816,479428,479500,2,0.000
1780758185.299,201.866,479428,479500,2,0.000
1780758185.349,201.916,479428,479500,2,0.000
1780758185.400,201.966,479428,479500,2,0.000
1780758185.450,202.017,479428,479500,2,0.000
1780758185.500,202.067,479428,479500,2,0.000
1780758185.550,202.117,479428,479500,2,0.000
1780758185.601,202.168,479428,479500,2,0.000
1780758185.651,202.218,479428,479500,2,0.000
1780758185.701,202.268,479428,479500,2,0.000
1780758185.752,202.319,479428,479500,2,0.000
1780758185.802,202.369,479428,479500,2,0.000
1780758185.852,202.419,479428,479500,2,0.000
1780758185.903,202.470,479428,479500,2,0.000
1780758185.953,202.520,479428,479500,2,0.000
1780758186.003,202.570,479428,479500,2,0.000
1780758186.054,202.621,479428,479500,2,0.000
1780758186.104,202.671,479428,479500,2,0.000
1780758186.154,202.721,479428,479500,2,0.000
1780758186.205,202.772,479428,479500,2,0.000
1780758186.255,202.822,479428,479500,2,0.000
1780758186.305,202.872,479428,479500,2,0.000
1780758186.356,202.923,479428,479500,2,0.000
1780758186.406,202.973,479428,479500,2,0.000
1780758186.456,203.023,479428,479500,2,0.000
1780758186.507,203.073,479428,479500,2,0.000
1780758186.557,203.124,479428,479500,2,0.000
1780758186.607,203.174,479428,479500,2,0.000
1780758186.657,203.224,479428,479500,2,0.000
1780758186.708,203.275,479428,479500,2,0.000
1780758186.758,203.325,479428,479500,2,0.000
1780758186.808,203.375,479428,479500,2,0.000
1780758186.859,203.426,479428,479500,2,0.000
1780758186.909,203.476,479428,479500,2,0.000
1780758186.959,203.526,479428,479500,2,0.000
1780758187.010,203.577,479428,479500,2,0.000
1780758187.060,203.627,479428,479500,2,0.000
1780758187.110,203.677,479428,479500,2,0.000
1780758187.161,203.728,479428,479500,2,0.000
1780758187.211,203.778,479428,479500,2,0.000
1780758187.261,203.828,479428,479500,2,0.000
1780758187.312,203.878,479428,479500,2,0.000
1780758187.362,203.929,479428,479500,2,0.000
1780758187.412,203.979,479428,479500,2,0.000
1780758187.463,204.030,479428,479500,2,0.000
1780758187.513,204.080,479428,479500,2,0.000
1780758187.563,204.130,479428,479500,2,0.000
1780758187.614,204.180,479428,479500,2,0.000
1780758187.664,204.231,479428,479500,2,0.000
1780758187.714,204.281,479428,479500,2,0.000
1780758187.765,204.331,479428,479500,2,0.000
1780758187.815,204.382,479428,479500,2,0.000
1780758187.865,204.432,479428,479500,2,0.000
1780758187.916,204.482,479428,479500,2,0.000
1780758187.966,204.533,479428,479500,2,0.000
1780758188.016,204.583,479428,479500,2,0.000
1780758188.067,204.634,479428,479500,2,0.000
1780758188.117,204.684,479428,479500,2,0.000
1780758201.250,217.817,479428,479500,1,0.076
1780758203.277,219.844,479428,479500,1,0.000
1780758203.328,219.895,479428,479500,1,0.000
1780758203.378,219.945,479428,479500,1,0.000
1780758203.429,219.995,479428,479500,1,0.000
1780758203.479,220.046,479428,479500,1,0.000
1780758203.529,220.096,479428,479500,1,0.000
1780758203.579,220.146,479428,479500,1,0.000
1780758203.630,220.197,479428,479500,1,0.000
1780758203.680,220.247,479428,479500,1,0.000
1780758203.730,220.297,479428,479500,1,0.000
1780758203.781,220.348,479428,479500,1,0.000
1780758203.831,220.398,479428,479500,1,0.000
1780758203.881,220.448,479428,479500,1,0.000
1780758203.932,220.499,479428,479500,1,0.000
1780758203.982,220.549,479428,479500,1,0.000
1780758204.032,220.599,479428,479500,1,0.000
1780758204.083,220.650,479428,479500,1,0.000
1780758204.133,220.700,479428,479500,1,0.000
1780758204.183,220.750,479428,479500,1,0.000
1780758204.234,220.801,479428,479500,1,0.000
1780758204.284,220.851,479428,479500,1,0.000
1780758204.334,220.901,479428,479500,1,0.000
1780758204.384,220.951,479428,479500,1,0.000
1780758204.435,221.002,479428,479500,1,0.000
1780758204.485,221.052,479428,479500,1,0.000
1780758204.536,221.102,479428,479500,1,0.000
1780758204.586,221.153,479428,479500,1,0.000
1780758204.636,221.203,479428,479500,1,0.000
1780758204.686,221.253,479428,479500,1,0.000
1780758204.737,221.304,479428,479500,1,0.000
1780758204.787,221.354,479428,479500,1,0.000
1780758204.838,221.404,479428,479500,1,0.000
1780758204.888,221.455,479428,479500,1,0.000
1780758204.938,221.505,479428,479500,1,0.000
1780758204.989,221.555,479428,479500,1,0.000
1780758205.039,221.606,479428,479500,1,0.000
1780758205.089,221.656,479428,479500,1,0.000
1780758205.139,221.706,479428,479500,1,0.000
1780758205.190,221.757,479428,479500,1,0.000
1780758205.240,221.807,479428,479500,1,0.000
1780758205.290,221.857,479428,479500,1,0.000
1780758205.341,221.908,479428,479500,1,0.000
1780758205.391,221.958,479428,479500,1,0.000
1780758205.441,222.008,479428,479500,1,0.000
1780758205.492,222.059,479428,479500,1,0.000
1780758205.542,222.109,479428,479500,1,0.000
1780758205.592,222.159,479428,479500,1,0.000
1780758205.643,222.210,479428,479500,1,0.000
1780758205.693,222.260,479428,479500,1,0.000
1780758205.743,222.310,479428,479500,1,0.000
1780758205.794,222.360,479428,479500,1,0.000
1780758205.844,222.411,479428,479500,1,0.000
1780758205.894,222.461,479428,479500,1,0.000
1780758205.945,222.512,479428,479500,1,0.000
1780758205.995,222.562,479428,479500,1,0.000
1780758206.045,222.612,479428,479500,1,0.000
1780758206.096,222.663,479428,479500,1,0.000
1780758206.146,222.713,479428,479500,1,0.000
1780758206.196,222.763,479428,479500,1,0.000
1780758206.247,222.813,479428,479500,1,0.000
1780758206.297,222.864,479428,479500,1,0.000
1780758206.347,222.914,479428,479500,1,0.000
1780758206.397,222.964,479428,479500,1,0.000
1780758206.448,223.015,479428,479500,1,0.000
1780758206.498,223.065,479428,479500,1,0.000
1780758206.548,223.115,479428,479500,1,0.000
1780758206.599,223.165,479428,479500,1,0.000
1780758206.649,223.216,479428,479500,1,0.000
1780758206.699,223.266,479428,479500,1,0.000
1780758206.749,223.316,479428,479500,1,0.000
1780758206.800,223.367,479428,479500,1,0.000
1780758206.850,223.417,479428,479500,1,0.000
1780758206.900,223.467,479428,479500,1,0.000
1780758206.951,223.518,479428,479500,1,0.000
1780758207.001,223.568,479428,479500,1,0.000
1780758207.051,223.618,479428,479500,1,0.000
1780758207.102,223.669,479428,479500,1,0.000
1780758207.152,223.719,479428,479500,1,0.000
1780758207.202,223.769,479428,479500,1,0.000
1780758207.252,223.819,479428,479500,1,0.000
1780758207.303,223.870,479428,479500,1,0.000
1780758207.353,223.920,479428,479500,1,0.000
1780758207.403,223.970,479428,479500,1,0.000
1780758207.454,224.021,479428,479500,1,0.000
1780758207.504,224.071,479428,479500,1,0.000
1780758207.554,224.121,479428,479500,1,0.000
1780758207.605,224.172,479428,479500,1,0.000
1780758207.655,224.222,479428,479500,1,0.000
1780758207.705,224.272,479428,479500,1,0.000
1780758207.756,224.322,479428,479500,1,0.000
1780758207.806,224.373,479428,479500,1,0.000
1780758207.856,224.423,479428,479500,1,0.000
1780758207.906,224.473,479428,479500,1,0.000
1780758207.957,224.524,479428,479500,1,0.000
1780758208.007,224.574,479428,479500,1,0.000
1780758212.570,229.137,479428,479500,1,0.000
1780758212.621,229.187,479428,479500,1,0.000
1780758212.671,229.238,479428,479500,1,0.000
1780758212.721,229.288,479428,479500,1,0.000
1780758212.772,229.339,479428,479500,1,0.000
1780758212.822,229.389,479428,479500,1,0.000
1780758212.872,229.439,479428,479500,1,0.000
1780758212.923,229.490,479428,479500,1,0.000
1780758212.973,229.540,479428,479500,1,0.000
1780758213.023,229.590,479428,479500,1,0.000
1780758213.074,229.640,479428,479500,1,0.000
1780758213.124,229.691,479428,479500,1,0.000
1780758213.174,229.741,479428,479500,1,0.000
1780758213.224,229.791,479428,479500,1,0.000
1780758213.276,229.843,479428,479500,1,0.000
1780758213.327,229.894,479428,479500,1,0.000
1780758213.377,229.944,479428,479500,1,0.000
1780758213.428,229.994,479428,479500,1,0.000
1780758213.478,230.045,479428,479500,1,0.000
1780758213.528,230.095,479428,479500,1,0.000
1780758213.578,230.145,479428,479500,1,0.000
1780758213.629,230.196,479428,479500,1,19.850
1780758213.679,230.246,479428,479500,1,0.000
1780758213.730,230.296,479428,479500,1,0.000
1780758213.780,230.347,479428,479500,1,0.000
1780758213.830,230.397,479428,479500,1,0.000
1780758213.880,230.447,479428,479500,1,0.000
1780758213.931,230.498,479428,479500,1,0.000
1780758213.981,230.548,479428,479500,1,0.000
1780758214.031,230.598,479428,479500,1,0.000
1780758214.082,230.649,479428,479500,1,0.000
1780758214.132,230.699,479428,479500,1,0.000
1780758214.182,230.749,479428,479500,1,0.000
1780758214.233,230.800,479428,479500,1,0.000
1780758214.283,230.850,479428,479500,1,0.000
1780758214.333,230.900,479428,479500,1,0.000
1780758214.384,230.951,479428,479500,1,0.000
1780758214.434,231.001,479428,479500,1,0.000
1780758214.484,231.051,479428,479500,1,0.000
1780758214.535,231.101,479428,479500,1,0.000
1780758214.585,231.152,479428,479500,1,0.000
1780758214.635,231.202,479428,479500,1,0.000
1780758214.685,231.252,479428,479500,1,0.000
1780758214.736,231.303,479428,479500,1,0.000
1780758214.786,231.353,479428,479500,1,0.000
1780758214.836,231.403,479428,479500,1,0.000
1780758214.887,231.454,479428,479500,1,0.000
1780758214.937,231.504,479428,479500,1,0.000
1780758216.486,233.053,479428,479500,1,0.000
1780758216.536,233.103,479428,479500,1,0.000
1780758216.586,233.153,479428,479500,1,0.000
1780758216.637,233.204,479428,479500,1,0.000
1780758216.687,233.254,479428,479500,1,0.000
1780758216.737,233.304,479428,479500,1,0.000
1780758216.788,233.355,479428,479500,1,0.000
1780758216.838,233.405,479428,479500,1,0.000
1780758216.888,233.455,479428,479500,1,0.000
1780758216.939,233.506,479428,479500,1,0.000
1780758216.989,233.556,479428,479500,1,0.000
1780758217.039,233.606,479428,479500,1,0.000
1780758217.090,233.657,479428,479500,1,0.000
1780758217.140,233.707,479428,479500,1,0.000
1780758217.190,233.757,479428,479500,1,0.000
1780758217.241,233.808,479428,479500,1,0.000
1780758217.291,233.858,479428,479500,1,0.000
1780758217.341,233.908,479428,479500,1,0.000
1780758217.392,233.958,479428,479500,1,0.000
1780758217.442,234.009,479428,479500,1,0.000
1780758217.492,234.059,479428,479500,1,0.000
1780758217.542,234.109,479428,479500,1,0.000
1780758217.593,234.160,479428,479500,1,0.000
1780758217.643,234.210,479428,479500,1,0.000
1780758217.693,234.260,479428,479500,1,0.000
1780758217.744,234.311,479428,479500,1,0.000
1780758217.794,234.361,479428,479500,1,0.000
1780758217.844,234.411,479428,479500,1,0.000
1780758217.894,234.461,479428,479500,1,0.000
1780758217.945,234.512,479428,479500,1,0.000
1780758217.995,234.562,479428,479500,1,0.000
1780758218.045,234.612,479428,479500,1,0.000
1780758218.096,234.663,479428,479500,1,0.000
1780758218.146,234.713,479428,479500,1,0.000
1780758218.196,234.763,479428,479500,1,0.000
1780758218.247,234.814,479428,479500,1,0.000
1780758218.297,234.864,479428,479500,1,0.000
1780758218.347,234.914,479428,479500,1,0.000
1780758218.398,234.964,479428,479500,1,0.000
1780758218.448,235.015,479428,479500,1,0.000
1780758218.498,235.065,479428,479500,1,0.000
1780758218.548,235.115,479428,479500,1,0.000
1780758218.599,235.166,479428,479500,1,0.000
1780758218.649,235.216,479428,479500,1,0.000
1780758218.699,235.266,479428,479500,1,0.000
1780758218.750,235.317,479428,479500,1,0.000
1780758218.800,235.367,479428,479500,1,0.000
1780758218.850,235.417,479428,479500,1,0.000
1780758218.901,235.467,479428,479500,1,0.000
1780758218.951,235.518,479428,479500,1,0.000
1780758219.001,235.568,479428,479500,1,0.000
1780758219.052,235.618,479428,479500,1,0.000
1780758219.102,235.669,479428,479500,1,0.000
1780758219.152,235.719,479428,479500,1,0.000
1780758219.202,235.769,479428,479500,1,0.000
1780758219.253,235.820,479428,479500,1,0.000
1780758219.303,235.870,479428,479500,1,0.000
1780758219.353,235.920,479428,479500,1,0.000
1780758219.404,235.971,479428,479500,1,0.000
1780758219.454,236.021,479428,479500,1,0.000
1780758219.504,236.071,479428,479500,1,0.000
1780758219.555,236.121,479428,479500,1,0.000
1780758219.605,236.172,479428,479500,1,0.000
1780758219.655,236.222,479428,479500,1,0.000
1780758219.705,236.272,479428,479500,1,0.000
1780758219.756,236.323,479428,479500,1,0.000
1780758219.806,236.373,479428,479500,1,0.000
1780758219.856,236.423,479428,479500,1,0.000
1780758219.907,236.474,479428,479500,1,0.000
1780758219.957,236.524,479428,479500,1,0.000
1780758220.007,236.574,479428,479500,1,0.000
1780758220.058,236.625,479428,479500,1,0.000
1780758220.108,236.675,479428,479500,1,0.000
1780758220.158,236.725,479428,479500,1,0.000
1780758220.209,236.776,479428,479500,1,0.000
1780758220.259,236.826,479428,479500,1,0.000
1780758220.309,236.876,479428,479500,1,0.000
1780758220.359,236.926,479428,479500,1,0.000
1780758220.410,236.977,479428,479500,1,0.000
1780758220.460,237.027,479428,479500,1,0.000
1780758220.510,237.077,479428,479500,1,0.000
1780758220.561,237.128,479428,479500,1,0.000
1780758220.611,237.178,479428,479500,1,0.000
1780758220.661,237.228,479428,479500,1,0.000
1780758220.712,237.279,479428,479500,1,0.000
1780758220.762,237.329,479428,479500,1,0.000
1780758220.812,237.379,479428,479500,1,0.000
1780758220.863,237.430,479428,479500,1,0.000
1780758220.913,237.480,479428,479500,1,0.000
1780758220.963,237.530,479428,479500,1,0.000
1780758221.014,237.581,479428,479500,1,0.000
1780758221.064,237.631,479428,479500,1,0.000
1780758221.114,237.681,479428,479500,1,0.000
1780758221.165,237.732,479428,479500,1,0.000
1780758221.215,237.782,479428,479500,1,0.000
1780758221.265,237.832,479428,479500,1,0.000
1780758221.315,237.882,479428,479500,1,0.000
1780758221.366,237.933,479428,479500,1,0.000
1780758221.416,237.983,479428,479500,1,0.000
1780758221.466,238.033,479428,479500,1,0.000
1780758221.517,238.084,479428,479500,1,0.000
1780758221.567,238.134,479428,479500,1,0.000
1780758221.617,238.184,479428,479500,1,0.000
1780758221.668,238.234,479428,479500,1,0.000
1780758221.718,238.285,479428,479500,1,0.000
1780758221.768,238.335,479428,479500,1,0.000
1780758221.818,238.385,479428,479500,1,0.000
1780758221.869,238.436,479428,479500,1,0.000
1780758221.919,238.486,479428,479500,1,0.000
1780758221.969,238.536,479428,479500,1,0.000
1780758222.020,238.587,479428,479500,1,0.000
1780758222.070,238.637,479428,479500,1,0.000
1780758222.120,238.687,479428,479500,1,0.000
1780758222.171,238.738,479428,479500,1,0.000
1780758222.221,238.788,479428,479500,1,0.000
1780758222.271,238.838,479428,479500,1,0.000
1780758222.322,238.889,479428,479500,1,0.000
1780758222.372,238.939,479428,479500,1,0.000
1780758222.422,238.989,479428,479500,1,0.000
1780758222.473,239.040,479428,479500,1,0.000
1780758222.523,239.090,479428,479500,1,0.000
1780758222.573,239.140,479428,479500,1,0.000
1780758222.623,239.190,479428,479500,1,0.000
1780758222.674,239.241,479428,479500,1,0.000
1780758222.724,239.291,479428,479500,1,0.000
1780758222.774,239.341,479428,479500,1,0.000
1780758222.825,239.392,479428,479500,1,0.000
1780758222.875,239.442,479428,479500,1,0.000
1780758222.925,239.492,479428,479500,1,0.000
1780758222.976,239.543,479428,479500,1,0.000
1780758223.026,239.593,479428,479500,1,0.000
1780758223.076,239.643,479428,479500,1,0.000
1780758223.127,239.694,479428,479500,1,0.000
1780758223.177,239.744,479428,479500,1,0.000
1780758223.227,239.794,479428,479500,1,0.000
1780758223.278,239.844,479428,479500,1,0.000
1780758223.328,239.895,479428,479500,1,0.000
1780758223.378,239.945,479428,479500,1,0.000
1780758223.428,239.995,479428,479500,1,0.000
1780758223.479,240.046,479428,479500,1,0.000
1780758223.529,240.096,479428,479500,1,0.000
1780758223.579,240.146,479428,479500,1,0.000
1780758223.630,240.197,479428,479500,1,0.000
1780758223.680,240.247,479428,479500,1,0.000
1780758223.730,240.297,479428,479500,1,0.000
1780758223.781,240.347,479428,479500,1,0.000
1780758223.831,240.398,479428,479500,1,0.000
1780758223.881,240.448,479428,479500,1,0.000
1780758223.932,240.498,479428,479500,1,0.000
1780758223.982,240.549,479428,479500,1,0.000
1780758224.032,240.599,479428,479500,1,0.000
1780758224.082,240.649,479428,479500,1,0.000
1780758224.133,240.700,479428,479500,1,0.000
1780758224.183,240.750,479428,479500,1,0.000
1780758224.233,240.800,479428,479500,1,0.000
1780758224.284,240.851,479428,479500,1,0.000
1780758224.334,240.901,479428,479500,1,0.000
1780758224.384,240.951,479428,479500,1,0.000
1780758224.435,241.002,479428,479500,1,0.000
1780758224.485,241.052,479428,479500,1,0.000
1780758224.535,241.102,479428,479500,1,0.000
1780758224.585,241.152,479428,479500,1,0.000
1780758224.636,241.203,479428,479500,1,0.000
1780758224.686,241.253,479428,479500,1,0.000
1780758224.736,241.303,479428,479500,1,0.000
1780758224.787,241.354,479428,479500,1,0.000
1780758224.837,241.404,479428,479500,1,0.000
1780758224.887,241.454,479428,479500,1,0.000
1780758224.938,241.505,479428,479500,1,0.000
1780758224.988,241.555,479428,479500,1,0.000
1780758225.038,241.605,479428,479500,1,0.000
1780758225.089,241.656,479428,479500,1,0.000
1780758225.139,241.706,479428,479500,1,0.000
1780758225.189,241.756,479428,479500,1,0.000
1780758225.240,241.807,479428,479500,1,0.000
1780758225.290,241.857,479428,479500,1,0.000
1780758225.340,241.907,479428,479500,1,0.000
1780758225.391,241.957,479428,479500,1,0.000
1780758225.441,242.008,479428,479500,1,0.000
1780758225.491,242.058,479428,479500,1,0.000
1780758225.541,242.108,479428,479500,1,0.000
1780758225.592,242.159,479428,479500,1,0.000
1780758225.642,242.209,479428,479500,1,0.000
1780758225.692,242.259,479428,479500,1,0.000
1780758225.743,242.310,479428,479500,1,0.000
1780758225.793,242.360,479428,479500,1,0.000
1780758225.843,242.410,479428,479500,1,0.000
1780758225.894,242.460,479428,479500,1,0.000
1780758225.944,242.511,479428,479500,1,0.000
1780758225.994,242.561,479428,479500,1,0.000
1780758226.045,242.612,479428,479500,1,0.000
1780758226.095,242.662,479428,479500,1,0.000
1780758226.145,242.712,479428,479500,1,0.000
1780758226.196,242.762,479428,479500,1,0.000
1780758226.246,242.813,479428,479500,1,0.000
1780758226.296,242.863,479428,479500,1,0.000
1780758226.346,242.913,479428,479500,1,0.000
1780758226.397,242.964,479428,479500,1,0.000
1780758226.447,243.014,479428,479500,1,0.000
1780758226.497,243.064,479428,479500,1,0.000
1780758226.548,243.115,479428,479500,1,0.000
1780758226.598,243.165,479428,479500,1,0.000
1780758226.648,243.215,479428,479500,1,0.000
1780758226.699,243.266,479428,479500,1,0.000
1780758226.749,243.316,479428,479500,1,0.000
1780758226.799,243.366,479428,479500,1,0.000
1780758226.850,243.416,479428,479500,1,0.000
1780758226.900,243.467,479428,479500,1,0.000
1780758226.950,243.517,479428,479500,1,0.000
1780758227.001,243.567,479428,479500,1,0.000
1780758227.051,243.618,479428,479500,1,0.000
1780758227.101,243.668,479428,479500,1,0.000
1780758227.151,243.718,479428,479500,1,0.000
1780758227.202,243.769,479428,479500,1,0.000
1780758227.252,243.819,479428,479500,1,0.000
1780758227.302,243.869,479428,479500,1,0.000
1780758227.353,243.920,479428,479500,1,0.000
1780758227.403,243.970,479428,479500,1,0.000
1780758227.453,244.020,479428,479500,1,0.000
1780758227.504,244.071,479428,479500,1,0.000
1780758227.554,244.121,479428,479500,1,0.000
1780758227.604,244.171,479428,479500,1,0.000
1780758227.655,244.222,479428,479500,1,0.000
1780758227.705,244.272,479428,479500,1,0.000
1780758227.755,244.322,479428,479500,1,0.000
1780758227.805,244.372,479428,479500,1,0.000
1780758227.856,244.423,479428,479500,1,0.000
1780758227.906,244.473,479428,479500,1,0.000
1780758227.956,244.523,479428,479500,1,0.000
1780758228.007,244.574,479428,479500,1,0.000
1780758228.057,244.624,479428,479500,1,0.000
1780758228.107,244.674,479428,479500,1,0.000
1780758228.158,244.725,479428,479500,1,0.000
1780758228.208,244.775,479428,479500,1,0.000
1780758228.258,244.825,479428,479500,1,0.000
1780758228.309,244.876,479428,479500,1,0.000
1780758228.359,244.926,479428,479500,1,0.000
1780758228.409,244.976,479428,479500,1,0.000
1780758228.460,245.027,479428,479500,1,0.000
1780758228.510,245.077,479428,479500,1,0.000
1780758228.560,245.127,479428,479500,1,0.000
1780758228.611,245.177,479428,479500,1,0.000
1780758228.661,245.228,479428,479500,1,0.000
1780758228.711,245.278,479428,479500,1,0.000
1780758228.761,245.328,479428,479500,1,0.000
1780758228.812,245.379,479428,479500,1,0.000
1780758228.862,245.429,479428,479500,1,0.000
1780758228.912,245.479,479428,479500,1,0.000
1780758228.963,245.530,479428,479500,1,0.000
1780758229.013,245.580,479428,479500,1,0.000
1780758229.063,245.630,479428,479500,2,0.000
1780758229.315,245.882,479428,479500,2,0.000
1780758229.365,245.932,479428,479500,2,0.000
1780758229.416,245.983,479428,479500,2,0.000
1780758229.466,246.033,479428,479500,2,0.000
1780758229.516,246.083,479428,479500,2,0.000
1780758229.567,246.134,479428,479500,2,0.000
1780758229.617,246.184,479428,479500,2,0.000
1780758229.667,246.234,479428,479500,2,0.000
1780758229.717,246.284,479428,479500,2,0.000
1780758229.768,246.335,479428,479500,2,0.000
1780758229.818,246.385,479428,479500,2,0.000
1780758229.868,246.435,479428,479500,2,0.000
1780758229.919,246.486,479428,479500,2,0.000
1780758229.969,246.536,479428,479500,2,0.000
1780758230.019,246.586,479428,479500,2,0.000
1780758230.070,246.637,479428,479500,2,0.000
1780758230.120,246.687,479428,479500,2,0.000
1780758230.170,246.737,479428,479500,2,0.000
1780758230.221,246.788,479428,479500,2,0.000
1780758230.271,246.838,479428,479500,2,0.000
1780758230.321,246.888,479428,479500,2,0.000
1780758230.372,246.939,479428,479500,2,0.000
1780758230.422,246.989,479428,479500,2,0.000
1780758230.472,247.039,479428,479500,2,0.000
1780758230.523,247.089,479428,479500,2,0.000
1780758230.573,247.140,479428,479500,2,0.000
1780758230.623,247.190,479428,479500,2,0.000
1780758230.673,247.240,479428,479500,2,0.000
1780758230.724,247.291,479428,479500,2,0.000
1780758230.774,247.341,479428,479500,2,0.000
1780758230.824,247.391,479428,479500,2,0.000
1780758230.875,247.442,479428,479500,2,0.000
1780758230.925,247.492,479428,479500,2,0.000
1780758230.975,247.542,479428,479500,2,0.000
1780758231.026,247.593,479428,479500,2,0.000
1780758231.076,247.643,479428,479500,2,0.000
1780758231.126,247.693,479428,479500,2,0.000
1780758231.177,247.744,479428,479500,2,0.000
1780758231.227,247.794,479428,479500,2,0.000
1780758231.277,247.844,479428,479500,2,0.000
1780758231.328,247.895,479428,479500,2,0.000
1780758231.378,247.945,479428,479500,2,0.000
1780758231.428,247.995,479428,479500,2,0.000
1780758231.478,248.045,479428,479500,2,0.000
1780758231.529,248.096,479428,479500,2,0.000
1780758231.579,248.146,479428,479500,2,0.000
1780758231.629,248.196,479428,479500,2,0.000
1780758231.680,248.247,479428,479500,2,0.000
1780758231.730,248.297,479428,479500,2,0.000
1780758231.780,248.347,479428,479500,2,0.000
1780758231.831,248.398,479428,479500,2,0.000
1780758231.881,248.448,479428,479500,2,0.000
1780758231.931,248.498,479428,479500,2,0.000
1780758231.982,248.549,479428,479500,2,0.000
1780758232.032,248.599,479428,479500,2,0.000
1780758232.082,248.649,479428,479500,2,0.000
1780758232.133,248.700,479428,479500,2,0.000
1780758232.183,248.750,479428,479500,2,19.880
1780758232.233,248.800,479428,479500,2,0.000
1780758232.284,248.851,479428,479500,2,0.000
1780758232.334,248.901,479428,479500,2,0.000
1780758232.384,248.951,479428,479500,2,0.000
1780758232.435,249.002,479428,479500,2,0.000
1780758232.485,249.052,479428,479500,2,0.000
1780758232.535,249.102,479428,479500,2,0.000
1780758232.586,249.153,479428,479500,2,0.000
1780758232.636,249.203,479428,479500,2,0.000
1780758232.686,249.253,479428,479500,2,0.000
1780758232.736,249.303,479428,479500,2,0.000
1780758232.787,249.354,479428,479500,2,0.000
1780758232.837,249.404,479428,479500,2,0.000
1780758232.887,249.454,479428,479500,2,0.000
1780758232.938,249.505,479428,479500,2,0.000
1780758232.988,249.555,479428,479500,2,0.000
1780758233.038,249.605,479428,479500,2,0.000
1780758233.089,249.656,479428,479500,2,0.000
1780758233.139,249.706,479428,479500,2,0.000
1780758233.189,249.756,479428,479500,2,0.000
1780758233.240,249.807,479428,479500,2,0.000
1780758233.290,249.857,479428,479500,2,0.000
1780758233.340,249.907,479428,479500,2,0.000
1780758233.391,249.958,479428,479500,2,0.000
1780758233.441,250.008,479428,479500,2,0.000
1780758233.491,250.058,479428,479500,2,0.000
1780758233.541,250.108,479428,479500,2,0.000
1780758233.592,250.159,479428,479500,2,0.000
1780758233.642,250.209,479428,479500,2,0.000
1780758233.692,250.259,479428,479500,2,0.000
1780758233.743,250.310,479428,479500,2,0.000
1780758233.793,250.360,479428,479500,2,0.000
1780758233.843,250.410,479428,479500,2,0.000
1780758233.894,250.461,479428,479500,2,0.000
1780758233.944,250.511,479428,479500,2,0.000
1780758233.994,250.561,479428,479500,2,0.000
1780758234.045,250.612,479428,479500,2,0.000
1780758235.959,252.526,479428,479500,2,0.000
1780758236.009,252.576,479428,479500,2,0.000
1780758236.060,252.627,479428,479500,2,0.000
1780758236.110,252.677,479428,479500,2,0.000
1780758236.160,252.727,479428,479500,2,0.000
1780758236.211,252.778,479428,479500,2,0.000
1780758236.261,252.828,479428,479500,2,0.000
1780758236.311,252.878,479428,479500,2,0.000
1780758236.362,252.928,479428,479500,2,0.000
1780758236.412,252.979,479428,479500,2,0.000
1780758236.462,253.029,479428,479500,2,0.000
1780758236.512,253.079,479428,479500,2,0.000
1780758236.563,253.130,479428,479500,2,0.000
1780758236.613,253.180,479428,479500,2,0.000
1780758236.663,253.230,479428,479500,2,0.000
1780758236.714,253.281,479428,479500,2,0.000
1780758236.764,253.331,479428,479500,2,0.000
1780758236.814,253.381,479428,479500,2,0.000
1780758236.865,253.431,479428,479500,2,0.000
1780758236.915,253.482,479428,479500,2,0.000
1780758236.965,253.532,479428,479500,2,0.000
1780758237.016,253.583,479428,479500,2,0.000
1780758237.066,253.633,479428,479500,2,0.000
1780758237.116,253.683,479428,479500,2,0.000
1780758237.167,253.733,479428,479500,2,0.000
1780758237.217,253.784,479428,479500,2,0.000
1780758237.267,253.834,479428,479500,2,0.000
1780758237.318,253.884,479428,479500,2,0.000
1780758237.368,253.935,479428,479500,2,0.000
1780758237.418,253.985,479428,479500,2,0.000
1780758237.469,254.036,479428,479500,2,0.000
1780758237.519,254.086,479428,479500,2,0.000
1780758237.569,254.136,479428,479500,2,0.000
1780758237.620,254.186,479428,479500,2,0.000
1780758237.670,254.237,479428,479500,2,0.000
1780758237.720,254.287,479428,479500,2,0.000
1780758237.770,254.337,479428,479500,2,0.000
1780758237.821,254.388,479428,479500,2,0.000
1780758237.871,254.438,479428,479500,2,0.000
1780758237.921,254.488,479428,479500,2,0.000
1780758237.972,254.539,479428,479500,2,0.000
1780758238.022,254.589,479428,479500,2,0.000
1780758238.073,254.639,479428,479500,2,0.000
1780758238.123,254.690,479428,479500,2,0.000
1780758238.173,254.740,479428,479500,2,0.000
1780758238.223,254.790,479428,479500,2,0.000
1780758238.274,254.841,479428,479500,2,0.000
1780758238.324,254.891,479428,479500,2,0.000
1780758238.374,254.941,479428,479500,2,0.000
1780758238.425,254.992,479428,479500,2,0.000
1780758238.475,255.042,479428,479500,2,0.000
1780758238.525,255.092,479428,479500,2,0.000
1780758238.576,255.143,479428,479500,2,0.000
1780758238.626,255.193,479428,479500,2,0.000
1780758238.676,255.243,479428,479500,2,0.000
1780758238.727,255.294,479428,479500,2,0.000
1780758238.777,255.344,479428,479500,2,0.000
1780758238.827,255.394,479428,479500,2,0.000
1780758238.878,255.445,479428,479500,2,0.000
1780758238.928,255.495,479428,479500,2,0.000
1780758238.978,255.545,479428,479500,2,0.000
1780758239.029,255.596,479428,479500,2,0.000
1780758239.079,255.646,479428,479500,2,0.000
1780758239.129,255.696,479428,479500,2,0.000
1780758239.180,255.747,479428,479500,2,0.000
1780758239.230,255.797,479428,479500,2,0.000
1780758239.280,255.847,479428,479500,2,0.000
1780758239.330,255.897,479428,479500,2,0.000
1780758239.381,255.948,479428,479500,2,0.000
1780758239.431,255.998,479428,479500,2,0.000
1780758239.481,256.048,479428,479500,2,0.000
1780758239.532,256.099,479428,479500,2,0.000
1780758239.582,256.149,479428,479500,2,0.000
1780758239.632,256.199,479428,479500,2,0.000
1780758239.683,256.250,479428,479500,2,0.000
1780758239.733,256.300,479428,479500,2,0.000
1780758239.783,256.350,479428,479500,2,0.000
1780758239.834,256.401,479428,479500,2,0.000
1780758239.884,256.451,479428,479500,2,0.000
1780758239.934,256.501,479428,479500,2,0.000
1780758239.985,256.552,479428,479500,2,0.000
1780758240.035,256.602,479428,479500,2,0.000
1780758240.085,256.652,479428,479500,2,0.000
1780758240.136,256.702,479428,479500,2,0.000
1780758240.186,256.753,479428,479500,2,0.000
1780758240.236,256.803,479428,479500,2,0.000
1780758240.286,256.853,479428,479500,2,0.000
1780758240.337,256.904,479428,479500,2,0.000
1780758240.387,256.954,479428,479500,2,0.000
1780758240.437,257.004,479428,479500,2,0.000
1780758240.488,257.055,479428,479500,2,0.000
1780758240.538,257.105,479428,479500,2,0.000
1780758240.588,257.155,479428,479500,2,0.000
1780758240.639,257.206,479428,479500,2,0.000
1780758240.689,257.256,479428,479500,2,0.000
1780758240.739,257.306,479428,479500,2,0.000
1780758240.790,257.356,479428,479500,2,0.000
1780758240.840,257.407,479428,479500,2,0.000
1780758240.890,257.457,479428,479500,2,0.000
1780758240.941,257.507,479428,479500,2,0.000
1780758240.991,257.558,479428,479500,2,0.000
1780758241.041,257.608,479428,479500,2,0.000
1780758241.092,257.658,479428,479500,2,0.000
1780758241.142,257.709,479428,479500,2,0.000
1780758241.192,257.759,479428,479500,2,0.000
1780758241.242,257.809,479428,479500,2,0.000
1780758241.293,257.860,479428,479500,2,0.000
1780758241.343,257.910,479428,479500,2,0.000
1780758241.393,257.960,479428,479500,2,0.000
1780758241.444,258.011,479428,479500,2,0.000
1780758241.494,258.061,479428,479500,2,0.000
1780758241.544,258.111,479428,479500,2,0.000
1780758241.595,258.162,479428,479500,2,0.000
1780758241.645,258.212,479428,479500,2,0.000
1780758241.695,258.262,479428,479500,2,0.000
1780758241.746,258.312,479428,479500,2,0.000
1780758241.796,258.363,479428,479500,2,0.000
1780758241.846,258.413,479428,479500,2,0.000
1780758241.897,258.463,479428,479500,2,0.000
1780758241.947,258.514,479428,479500,2,0.000
1780758241.997,258.564,479428,479500,2,0.000
1780758242.048,258.614,479428,479500,2,0.000
1780758242.098,258.665,479428,479500,2,0.000
1780758242.148,258.715,479428,479500,2,0.000
1780758242.198,258.765,479428,479500,2,0.000
1780758242.249,258.816,479428,479500,2,0.000
1780758242.299,258.866,479428,479500,2,0.000
1780758242.349,258.916,479428,479500,2,0.000
1780758242.400,258.967,479428,479500,2,0.000
1780758242.450,259.017,479428,479500,2,0.000
1780758242.500,259.067,479428,479500,2,0.000
1780758242.551,259.118,479428,479500,2,0.000
1780758242.601,259.168,479428,479500,2,0.000
1780758242.651,259.218,479428,479500,2,0.000
1780758242.701,259.268,479428,479500,2,0.000
1780758242.752,259.319,479428,479500,2,0.000
1780758242.802,259.369,479428,479500,2,0.000
1780758242.852,259.419,479428,479500,2,0.000
1780758242.903,259.470,479428,479500,2,0.000
1780758242.953,259.520,479428,479500,2,0.000
1780758243.003,259.570,479428,479500,2,0.000
1780758243.054,259.621,479428,479500,2,0.000
1780758243.104,259.671,479428,479500,2,0.000
1780758243.154,259.721,479428,479500,2,0.000
1780758243.205,259.772,479428,479500,2,0.000
1780758243.255,259.822,479428,479500,2,0.000
1780758243.305,259.872,479428,479500,2,0.000
1780758243.356,259.923,479428,479500,2,0.000
1780758243.406,259.973,479428,479500,2,0.000
1780758243.456,260.023,479428,479500,2,0.000
1780758243.507,260.074,479428,479500,2,0.000
1780758243.557,260.124,479428,479500,2,0.000
1780758243.607,260.174,479428,479500,2,0.000
1780758243.657,260.224,479428,479500,2,0.000
1780758243.708,260.275,479428,479500,2,0.000
1780758243.758,260.325,479428,479500,2,0.000
1780758243.808,260.375,479428,479500,2,0.000
1780758243.859,260.426,479428,479500,2,0.000
1780758243.909,260.476,479428,479500,2,0.000
1780758243.959,260.526,479428,479500,2,0.000
1780758244.010,260.577,479428,479500,2,0.000
1780758244.060,260.627,479428,479500,2,0.000
1780758244.110,260.677,479428,479500,2,0.000
1780758244.161,260.728,479428,479500,2,0.000
1780758244.211,260.778,479428,479500,2,0.000
1780758244.261,260.828,479428,479500,2,0.000
1780758244.312,260.879,479428,479500,2,0.000
1780758244.362,260.929,479428,479500,2,0.000
1780758244.412,260.979,479428,479500,2,0.000
1780758244.463,261.030,479428,479500,2,0.000
1780758244.513,261.080,479428,479500,2,0.000
1780758244.563,261.130,479428,479500,2,0.000
1780758244.614,261.180,479428,479500,2,0.000
1780758244.664,261.231,479428,479500,2,0.000
1780758244.714,261.281,479428,479500,2,0.000
1780758244.764,261.331,479428,479500,2,0.000
1780758244.815,261.382,479428,479500,2,0.000
1780758244.865,261.432,479428,479500,2,0.000
1780758244.915,261.482,479428,479500,2,0.000
1780758244.966,261.533,479428,479500,2,0.000
1780758245.016,261.583,479428,479500,2,0.000
1780758245.066,261.633,479428,479500,2,0.000
1780758245.117,261.684,479428,479500,2,0.000
1780758245.167,261.734,479428,479500,2,0.000
1780758245.217,261.784,479428,479500,2,0.000
1780758245.268,261.835,479428,479500,2,0.000
1780758245.318,261.885,479428,479500,2,0.000
1780758245.368,261.935,479428,479500,2,0.000
1780758245.419,261.985,479428,479500,2,0.000
1780758245.469,262.036,479428,479500,2,0.000
1780758245.519,262.086,479428,479500,2,0.000
1780758245.570,262.136,479428,479500,2,0.000
1780758245.620,262.187,479428,479500,2,0.000
1780758245.670,262.237,479428,479500,2,0.000
1780758245.720,262.287,479428,479500,2,0.000
1780758245.771,262.338,479428,479500,2,0.000
1780758245.821,262.388,479428,479500,2,0.000
1780758245.871,262.438,479428,479500,2,0.000
1780758245.922,262.489,479428,479500,2,0.000
1780758245.972,262.539,479428,479500,2,0.000
1780758246.022,262.589,479428,479500,2,0.000
1780758246.073,262.640,479428,479500,2,0.000
1780758246.123,262.690,479428,479500,2,0.000
1780758246.173,262.740,479428,479500,2,0.000
1780758246.224,262.791,479428,479500,2,0.000
1780758246.274,262.841,479428,479500,2,0.000
1780758246.324,262.891,479428,479500,2,0.000
1780758246.375,262.942,479428,479500,2,0.000
1780758246.425,262.992,479428,479500,2,0.000
1780758246.475,263.042,479428,479500,2,0.000
1780758246.525,263.092,479428,479500,2,0.000
1780758246.576,263.143,479428,479500,2,0.000
1780758246.626,263.193,479428,479500,2,0.000
1780758246.676,263.243,479428,479500,2,0.000
1780758246.727,263.294,479428,479500,2,0.000
1780758246.777,263.344,479428,479500,2,0.000
1780758246.827,263.394,479428,479500,2,0.000
1780758246.878,263.445,479428,479500,2,0.000
1780758246.928,263.495,479428,479500,2,0.000
1780758246.978,263.545,479428,479500,2,0.000
1780758247.029,263.596,479428,479500,2,0.000
1780758247.079,263.646,479428,479500,2,0.000
1780758247.129,263.696,479428,479500,2,0.000
1780758247.180,263.747,479428,479500,2,0.000
1780758247.230,263.797,479428,479500,2,0.000
1780758247.280,263.847,479428,479500,2,0.000
1780758247.330,263.897,479428,479500,2,0.000
1780758247.381,263.948,479428,479500,2,0.000
1780758247.431,263.998,479428,479500,2,0.000
1780758247.481,264.048,479428,479500,2,0.000
1780758247.532,264.099,479428,479500,2,0.000
1780758247.582,264.149,479428,479500,2,0.000
1780758247.632,264.199,479428,479500,2,0.000
1780758247.683,264.250,479428,479500,2,0.000
1780758247.733,264.300,479428,479500,2,0.000
1780758247.783,264.350,479428,479500,2,0.000
1780758247.834,264.400,479428,479500,2,0.000
1780758247.884,264.451,479428,479500,2,0.000
1780758247.934,264.501,479428,479500,2,0.000
1780758247.985,264.552,479428,479500,2,0.000
1780758248.035,264.602,479428,479500,2,0.000
1780758248.085,264.652,479428,479500,2,0.000
1780758248.136,264.703,479428,479500,2,0.000
1780758248.186,264.753,479428,479500,2,0.000
1780758248.236,264.803,479428,479500,2,0.000
1780758248.287,264.853,479428,479500,2,0.000
1780758248.337,264.904,479428,479500,2,0.000
1780758248.387,264.954,479428,479500,2,0.000
1780758248.437,265.004,479428,479500,2,0.000
1780758248.488,265.055,479428,479500,2,0.000
1780758248.538,265.105,479428,479500,2,0.000
1780758248.588,265.155,479428,479500,2,0.000
1780758248.639,265.206,479428,479500,2,0.000
1780758248.689,265.256,479428,479500,2,0.000
1780758248.739,265.306,479428,479500,2,0.000
1780758248.790,265.356,479428,479500,2,0.000
1780758248.840,265.407,479428,479500,2,0.000
1780758248.890,265.457,479428,479500,2,0.000
1780758248.941,265.508,479428,479500,2,0.000
1780758248.991,265.558,479428,479500,2,0.000
1780758249.041,265.608,479428,479500,2,0.000
1780758249.092,265.659,479428,479500,2,0.000
1780758249.142,265.709,479428,479500,2,0.000
1780758249.192,265.759,479428,479500,2,0.000
1780758249.242,265.809,479428,479500,2,0.000
1780758249.293,265.860,479428,479500,2,0.000
1780758249.343,265.910,479428,479500,2,0.000
1780758249.393,265.960,479428,479500,2,0.000
1780758249.444,266.011,479428,479500,2,0.000
1780758249.494,266.061,479428,479500,2,0.000
1780758249.544,266.111,479428,479500,2,0.000
1780758249.595,266.162,479428,479500,2,0.000
1780758249.645,266.212,479428,479500,2,0.000
1780758249.695,266.262,479428,479500,2,0.000
1780758249.746,266.312,479428,479500,2,0.000
1780758249.796,266.363,479428,479500,2,0.000
1780758249.846,266.413,479428,479500,2,0.000
1780758249.897,266.463,479428,479500,2,0.000
1780758249.947,266.514,479428,479500,2,0.000
1780758249.997,266.564,479428,479500,2,0.000
1780758250.048,266.615,479428,479500,2,0.000
1780758250.098,266.665,479428,479500,2,0.000
1780758250.148,266.715,479428,479500,2,0.000
1780758250.199,266.766,479428,479500,2,0.000
1780758250.249,266.816,479428,479500,2,0.000
1780758250.299,266.866,479428,479500,2,0.000
1780758250.350,266.916,479428,479500,2,0.000
1780758250.400,266.967,479428,479500,2,0.000
1780758250.450,267.017,479428,479500,2,0.000
1780758250.500,267.067,479428,479500,2,0.000
1780758250.551,267.118,479428,479500,2,0.000
1780758250.601,267.168,479428,479500,2,0.000
1780758250.651,267.218,479428,479500,2,0.000
1780758250.702,267.269,479428,479500,2,0.000
1780758250.752,267.319,479428,479500,2,0.000
1780758250.802,267.369,479428,479500,2,0.000
1780758250.853,267.420,479428,479500,2,0.000
1780758250.903,267.470,479428,479500,2,0.000
1780758250.953,267.520,479428,479500,2,0.000
1780758251.004,267.571,479428,479500,2,0.000
1780758251.054,267.621,479428,479500,2,0.000
1780758251.104,267.671,479428,479500,2,0.000
1780758251.155,267.721,479428,479500,2,0.000
1780758251.205,267.772,479428,479500,2,0.000
1780758251.255,267.822,479428,479500,2,0.000
1780758251.305,267.872,479428,479500,2,0.000
1780758251.356,267.923,479428,479500,2,0.000
1780758251.406,267.973,479428,479500,2,0.000
1780758251.456,268.023,479428,479500,2,0.000
1780758251.507,268.074,479428,479500,2,0.000
1780758251.557,268.124,479428,479500,2,0.000
1780758251.607,268.174,479428,479500,2,0.000
1780758251.658,268.225,479428,479500,2,0.000
1780758251.708,268.275,479428,479500,2,0.000
1780758251.758,268.325,479428,479500,2,0.000
1780758251.809,268.376,479428,479500,2,0.000
1780758251.859,268.426,479428,479500,2,0.000
1780758251.909,268.476,479428,479500,2,0.000
1780758251.960,268.527,479428,479500,2,0.000
1780758252.010,268.577,479428,479500,2,0.000
1780758252.060,268.627,479428,479500,2,0.000
1780758252.111,268.677,479428,479500,2,0.000
1780758252.161,268.728,479428,479500,2,0.000
1780758252.211,268.778,479428,479500,2,0.000
1780758252.262,268.829,479428,479500,2,0.000
1780758252.312,268.879,479428,479500,2,0.000
1780758252.362,268.929,479428,479500,2,0.000
1780758252.413,268.980,479428,479500,2,0.000
1780758252.463,269.030,479428,479500,2,0.000
1780758252.513,269.080,479428,479500,2,0.000
1780758252.563,269.130,479428,479500,2,0.000
1780758252.614,269.181,479428,479500,2,0.000
1780758252.664,269.231,479428,479500,2,0.000
1780758252.714,269.281,479428,479500,2,0.000
1780758252.765,269.332,479428,479500,2,0.000
1780758252.815,269.382,479428,479500,2,0.000
1780758252.865,269.432,479428,479500,2,0.000
1780758252.916,269.483,479428,479500,2,0.000
1780758252.966,269.533,479428,479500,2,0.000
1780758253.016,269.583,479428,479500,2,0.000
1780758253.067,269.634,479428,479500,2,0.000
1780758253.117,269.684,479428,479500,2,0.000
1780758253.167,269.734,479428,479500,2,0.000
1780758254.090,270.657,479428,479500,2,1.084
1780758254.140,270.707,479428,479500,2,0.000
1780758254.190,270.757,479428,479500,2,0.000
1780758254.241,270.808,479428,479500,2,0.000
1780758254.291,270.858,479428,479500,2,0.000
1780758254.341,270.908,479428,479500,2,0.000
1780758254.392,270.959,479428,479500,2,0.000
1780758254.442,271.009,479428,479500,2,0.000
1780758254.492,271.059,479428,479500,2,0.000
