wall_time_unix,elapsed_s,launcher_pid,ov2slam_pid,last_cpu,process_cpu_percent
1780244828.008,0.051,30878,30950,1,98.941
1780244828.061,0.103,30878,30950,1,0.000
1780244828.116,0.159,30878,30950,1,0.000
1780244828.169,0.211,30878,30950,1,0.000
1780244828.222,0.264,30878,30950,1,0.000
1780244828.274,0.317,30878,30950,1,0.000
1780244828.327,0.369,30878,30950,1,19.037
1780244828.379,0.422,30878,30950,1,19.072
1780244828.431,0.473,30878,30950,1,0.000
1780244828.483,0.526,30878,30950,1,0.000
1780244828.535,0.577,30878,30950,1,19.311
1780244828.587,0.629,30878,30950,1,0.000
1780244828.639,0.682,30878,30950,1,0.000
1780244828.691,0.733,30878,30950,1,0.000
1780244828.743,0.786,30878,30950,1,0.000
1780244828.795,0.837,30878,30950,1,0.000
1780244828.847,0.889,30878,30950,1,19.151
1780244828.898,0.941,30878,30950,1,0.000
1780244828.950,0.992,30878,30950,1,0.000
1780244829.001,1.044,30878,30950,1,0.000
1780244829.053,1.096,30878,30950,1,19.386
1780244829.105,1.147,30878,30950,1,0.000
1780244829.156,1.199,30878,30950,1,19.420
1780244829.208,1.251,30878,30950,1,0.000
1780244829.260,1.302,30878,30950,1,0.000
1780244829.311,1.354,30878,30950,1,0.000
1780244829.363,1.406,30878,30950,1,19.370
1780244829.414,1.457,30878,30950,1,0.000
1780244829.466,1.509,30878,30950,1,0.000
1780244829.523,1.566,30878,30950,1,17.613
1780244829.577,1.620,30878,30950,1,18.621
1780244829.630,1.672,30878,30950,1,0.000
1780244829.682,1.725,30878,30950,1,0.000
1780244829.734,1.776,30878,30950,1,0.000
1780244829.785,1.828,30878,30950,1,0.000
1780244829.837,1.880,30878,30950,1,19.321
1780244829.889,1.931,30878,30950,1,0.000
1780244829.941,1.983,30878,30950,1,0.000
1780244829.993,2.036,30878,30950,1,0.000
1780244830.045,2.088,30878,30950,1,19.042
1780244830.098,2.140,30878,30950,1,0.000
1780244830.150,2.193,30878,30950,1,19.108
1780244830.203,2.245,30878,30950,1,0.000
1780244830.255,2.297,30878,30950,1,0.000
1780244830.307,2.350,30878,30950,1,19.156
1780244830.359,2.402,30878,30950,1,0.000
1780244830.412,2.454,30878,30950,1,0.000
1780244830.464,2.507,30878,30950,1,0.000
1780244830.516,2.559,30878,30950,1,19.087
1780244830.569,2.612,30878,30950,1,0.000
1780244830.622,2.664,30878,30950,1,19.063
1780244830.674,2.716,30878,30950,1,0.000
1780244830.726,2.769,30878,30950,1,0.000
1780244830.779,2.821,30878,30950,1,0.000
1780244830.831,2.874,30878,30950,1,19.129
1780244830.883,2.926,30878,30950,1,0.000
1780244830.936,2.978,30878,30950,1,0.000
1780244830.988,3.030,30878,30950,1,19.136
1780244831.040,3.083,30878,30950,1,0.000
1780244831.093,3.135,30878,30950,1,0.000
1780244831.145,3.187,30878,30950,1,19.186
1780244831.197,3.239,30878,30950,1,0.000
1780244831.249,3.292,30878,30950,1,0.000
1780244831.301,3.344,30878,30950,1,19.147
1780244831.353,3.396,30878,30950,1,0.000
1780244831.406,3.448,30878,30950,1,0.000
1780244831.458,3.500,30878,30950,1,19.157
1780244831.511,3.554,30878,30950,1,0.000
1780244831.564,3.607,30878,30950,1,18.861
1780244831.617,3.659,30878,30950,1,0.000
1780244831.669,3.712,30878,30950,1,19.089
1780244831.721,3.764,30878,30950,1,0.000
1780244831.773,3.816,30878,30950,1,19.172
1780244831.826,3.869,30878,30950,1,0.000
1780244831.881,3.924,30878,30950,1,18.113
1780244831.933,3.976,30878,30950,1,0.000
1780244831.985,4.028,30878,30950,1,0.000
1780244832.037,4.080,30878,30950,1,0.000
1780244832.089,4.131,30878,30950,1,19.384
1780244832.140,4.183,30878,30950,1,0.000
1780244832.192,4.234,30878,30950,1,19.405
1780244832.243,4.286,30878,30950,1,0.000
1780244832.295,4.337,30878,30950,1,0.000
1780244832.346,4.389,30878,30950,1,0.000
1780244832.398,4.440,30878,30950,1,0.000
1780244832.449,4.492,30878,30950,1,0.000
1780244832.501,4.544,30878,30950,1,0.000
1780244832.553,4.595,30878,30950,1,19.381
1780244832.607,4.649,30878,30950,1,0.000
1780244832.659,4.701,30878,30950,1,19.259
1780244832.711,4.753,30878,30950,1,0.000
1780244832.765,4.808,30878,30950,1,0.000
1780244832.817,4.860,30878,30950,1,19.202
1780244832.869,4.912,30878,30950,1,0.000
1780244832.925,4.968,30878,30950,1,0.000
1780244832.977,5.020,30878,30950,1,19.277
1780244833.029,5.072,30878,30950,1,0.000
1780244833.081,5.123,30878,30950,1,0.000
1780244833.133,5.175,30878,30950,1,0.000
1780244833.184,5.227,30878,30950,1,19.386
1780244833.236,5.278,30878,30950,1,0.000
1780244833.287,5.330,30878,30950,1,0.000
1780244833.339,5.381,30878,30950,1,0.000
1780244833.390,5.433,30878,30950,1,19.368
1780244833.442,5.485,30878,30950,1,0.000
1780244833.494,5.536,30878,30950,1,0.000
1780244833.545,5.588,30878,30950,1,0.000
1780244833.597,5.640,30878,30950,1,0.000
1780244833.649,5.691,30878,30950,1,0.000
1780244833.701,5.743,30878,30950,1,19.305
1780244833.752,5.795,30878,30950,1,0.000
1780244833.804,5.846,30878,30950,1,0.000
1780244833.855,5.898,30878,30950,1,0.000
1780244833.907,5.949,30878,30950,1,0.000
1780244833.958,6.001,30878,30950,1,19.396
1780244834.010,6.053,30878,30950,1,19.396
1780244834.062,6.104,30878,30950,1,0.000
1780244834.113,6.156,30878,30950,1,0.000
1780244834.165,6.208,30878,30950,1,0.000
1780244834.217,6.260,30878,30950,1,0.000
1780244834.269,6.312,30878,30950,1,19.318
1780244834.321,6.363,30878,30950,1,0.000
1780244834.372,6.415,30878,30950,1,0.000
1780244834.424,6.466,30878,30950,1,0.000
1780244834.475,6.518,30878,30950,1,19.390
1780244834.527,6.569,30878,30950,1,0.000
1780244834.579,6.621,30878,30950,1,0.000
1780244834.630,6.673,30878,30950,1,0.000
1780244834.682,6.725,30878,30950,1,0.000
1780244834.734,6.776,30878,30950,1,0.000
1780244834.786,6.828,30878,30950,1,19.275
1780244834.837,6.880,30878,30950,1,0.000
1780244834.889,6.932,30878,30950,1,19.388
1780244834.941,6.983,30878,30950,1,0.000
1780244834.992,7.035,30878,30950,1,0.000
1780244835.044,7.086,30878,30950,1,0.000
1780244835.095,7.138,30878,30950,1,0.000
1780244835.147,7.190,30878,30950,1,0.000
1780244835.199,7.241,30878,30950,1,0.000
1780244835.250,7.293,30878,30950,1,19.392
1780244835.302,7.344,30878,30950,1,0.000
1780244835.353,7.396,30878,30950,1,0.000
1780244835.405,7.448,30878,30950,1,0.000
1780244835.457,7.499,30878,30950,1,0.000
1780244835.508,7.551,30878,30950,1,19.314
1780244835.560,7.603,30878,30950,1,0.000
1780244835.612,7.654,30878,30950,1,0.000
1780244835.663,7.706,30878,30950,1,0.000
1780244835.715,7.757,30878,30950,1,19.399
1780244835.766,7.809,30878,30950,1,0.000
1780244835.818,7.861,30878,30950,1,0.000
1780244835.870,7.912,30878,30950,1,19.393
1780244835.921,7.964,30878,30950,1,0.000
1780244835.973,8.015,30878,30950,1,0.000
1780244836.024,8.067,30878,30950,1,19.428
1780244836.075,8.118,30878,30950,1,0.000
1780244836.127,8.170,30878,30950,1,0.000
1780244836.178,8.221,30878,30950,1,0.000
1780244836.230,8.273,30878,30950,1,0.000
1780244836.282,8.324,30878,30950,1,0.000
1780244836.333,8.376,30878,30950,1,19.433
1780244836.385,8.427,30878,30950,1,0.000
1780244836.437,8.479,30878,30950,1,0.000
1780244836.490,8.533,30878,30950,1,18.647
1780244836.543,8.586,30878,30950,1,18.965
1780244836.595,8.637,30878,30950,1,0.000
1780244836.650,8.693,30878,30950,1,0.000
1780244836.702,8.744,30878,30950,1,19.276
1780244836.754,8.796,30878,30950,1,0.000
1780244836.806,8.849,30878,30950,1,0.000
1780244836.858,8.900,30878,30950,1,0.000
1780244836.909,8.952,30878,30950,1,0.000
1780244836.961,9.004,30878,30950,1,19.148
1780244837.014,9.056,30878,30950,1,19.146
1780244837.066,9.108,30878,30950,1,0.000
1780244837.118,9.161,30878,30950,1,0.000
1780244837.170,9.213,30878,30950,1,0.000
1780244837.222,9.265,30878,30950,1,19.172
1780244837.274,9.317,30878,30950,1,0.000
1780244837.327,9.369,30878,30950,1,0.000
1780244837.379,9.422,30878,30950,1,0.000
1780244837.431,9.474,30878,30950,1,19.074
1780244837.484,9.527,30878,30950,1,0.000
1780244837.536,9.579,30878,30950,1,0.000
1780244837.589,9.631,30878,30950,1,19.153
1780244837.641,9.684,30878,30950,1,0.000
1780244837.695,9.738,30878,30950,1,18.646
1780244837.747,9.790,30878,30950,1,0.000
1780244837.799,9.842,30878,30950,1,0.000
1780244837.852,9.894,30878,30950,1,0.000
1780244837.905,9.948,30878,30950,1,18.643
1780244837.959,10.002,30878,30950,1,0.000
1780244838.012,10.054,30878,30950,1,0.000
1780244838.064,10.106,30878,30950,1,19.171
1780244838.116,10.159,30878,30950,1,0.000
1780244838.168,10.210,30878,30950,1,0.000
1780244838.271,10.314,30878,30950,1,9.655
1780244838.323,10.366,30878,30950,1,0.000
1780244838.375,10.418,30878,30950,1,0.000
1780244838.427,10.469,30878,30950,1,19.407
1780244838.478,10.521,30878,30950,1,0.000
1780244838.530,10.572,30878,30950,1,0.000
1780244838.582,10.624,30878,30950,1,0.000
1780244838.633,10.676,30878,30950,1,19.368
1780244838.685,10.727,30878,30950,1,0.000
1780244838.736,10.779,30878,30950,1,0.000
1780244838.788,10.831,30878,30950,1,0.000
1780244838.840,10.883,30878,30950,1,0.000
1780244838.892,10.934,30878,30950,1,19.386
1780244838.943,10.986,30878,30950,1,19.395
1780244838.995,11.037,30878,30950,1,0.000
1780244839.046,11.089,30878,30950,1,0.000
1780244839.098,11.141,30878,30950,1,0.000
1780244839.150,11.192,30878,30950,1,0.000
1780244839.201,11.244,30878,30950,1,0.000
1780244839.253,11.296,30878,30950,1,19.399
1780244839.304,11.347,30878,30950,1,0.000
1780244839.356,11.398,30878,30950,1,0.000
1780244839.407,11.450,30878,30950,1,0.000
1780244839.459,11.501,30878,30950,1,0.000
1780244839.510,11.553,30878,30950,1,19.377
1780244839.563,11.606,30878,30950,1,0.000
1780244839.615,11.657,30878,30950,1,0.000
1780244839.667,11.709,30878,30950,1,0.000
1780244839.718,11.761,30878,30950,1,19.352
1780244839.770,11.813,30878,30950,1,0.000
1780244839.826,11.868,30878,30950,1,0.000
1780244839.877,11.920,30878,30950,1,0.000
1780244839.929,11.972,30878,30950,1,19.361
1780244839.981,12.023,30878,30950,1,0.000
1780244840.032,12.075,30878,30950,1,0.000
1780244840.084,12.126,30878,30950,1,0.000
1780244840.135,12.178,30878,30950,1,0.000
1780244840.187,12.230,30878,30950,1,19.317
1780244840.239,12.281,30878,30950,1,0.000
1780244840.290,12.333,30878,30950,1,0.000
1780244840.342,12.384,30878,30950,1,0.000
1780244840.393,12.436,30878,30950,1,19.407
1780244840.445,12.488,30878,30950,1,0.000
1780244840.497,12.539,30878,30950,1,0.000
1780244840.548,12.591,30878,30950,1,0.000
1780244840.600,12.643,30878,30950,1,19.296
1780244840.652,12.694,30878,30950,1,0.000
1780244840.703,12.746,30878,30950,1,0.000
1780244840.755,12.797,30878,30950,1,0.000
1780244840.806,12.849,30878,30950,1,0.000
1780244840.858,12.900,30878,30950,1,19.406
1780244840.909,12.952,30878,30950,1,0.000
1780244840.961,13.003,30878,30950,1,0.000
1780244841.012,13.055,30878,30950,1,0.000
1780244841.064,13.107,30878,30950,1,19.314
1780244841.116,13.158,30878,30950,1,0.000
1780244841.167,13.210,30878,30950,1,0.000
1780244841.219,13.262,30878,30950,1,0.000
1780244841.270,13.313,30878,30950,1,19.395
1780244841.322,13.365,30878,30950,1,0.000
1780244841.374,13.417,30878,30950,1,0.000
1780244841.426,13.469,30878,30950,1,0.000
1780244841.478,13.520,30878,30950,1,19.320
1780244841.530,13.572,30878,30950,1,0.000
1780244841.581,13.624,30878,30950,1,0.000
1780244841.633,13.676,30878,30950,1,19.291
1780244841.685,13.728,30878,30950,1,0.000
1780244841.737,13.780,30878,30950,1,0.000
1780244841.789,13.831,30878,30950,1,0.000
1780244841.840,13.883,30878,30950,1,19.401
1780244841.892,13.934,30878,30950,1,0.000
1780244841.943,13.986,30878,30950,1,0.000
1780244841.995,14.037,30878,30950,1,0.000
1780244842.046,14.089,30878,30950,1,19.382
1780244842.098,14.140,30878,30950,1,0.000
1780244842.149,14.192,30878,30950,1,0.000
1780244842.201,14.243,30878,30950,1,0.000
1780244842.252,14.295,30878,30950,1,0.000
1780244842.304,14.346,30878,30950,1,19.423
1780244842.355,14.398,30878,30950,1,0.000
1780244842.407,14.449,30878,30950,1,0.000
1780244842.459,14.501,30878,30950,1,0.000
1780244842.511,14.553,30878,30950,1,19.155
1780244842.563,14.606,30878,30950,1,0.000
1780244842.615,14.658,30878,30950,1,0.000
1780244842.667,14.709,30878,30950,1,19.346
1780244842.718,14.761,30878,30950,1,0.000
1780244842.771,14.813,30878,30950,1,0.000
1780244842.822,14.865,30878,30950,1,0.000
1780244842.874,14.917,30878,30950,1,19.274
1780244842.926,14.968,30878,30950,1,0.000
1780244842.979,15.021,30878,30950,1,18.896
1780244843.033,15.076,30878,30950,1,0.000
1780244843.086,15.128,30878,30950,1,0.000
1780244843.138,15.181,30878,30950,1,0.000
1780244843.190,15.233,30878,30950,1,19.127
1780244843.243,15.285,30878,30950,1,19.133
1780244843.295,15.338,30878,30950,1,0.000
1780244843.354,15.396,30878,30950,1,17.058
1780244843.406,15.448,30878,30950,1,0.000
1780244843.458,15.500,30878,30950,1,0.000
1780244843.510,15.552,30878,30950,1,0.000
1780244843.563,15.606,30878,30950,1,18.567
1780244843.615,15.658,30878,30950,1,0.000
1780244843.667,15.710,30878,30950,1,0.000
1780244843.724,15.767,30878,30950,1,17.591
1780244843.776,15.819,30878,30950,1,0.000
1780244843.828,15.870,30878,30950,1,0.000
1780244843.879,15.922,30878,30950,1,0.000
1780244843.931,15.974,30878,30950,1,0.000
1780244843.987,16.029,30878,30950,1,17.981
1780244844.039,16.081,30878,30950,1,0.000
1780244844.090,16.133,30878,30950,1,0.000
1780244844.142,16.185,30878,30950,1,0.000
1780244844.194,16.237,30878,30950,1,19.275
1780244844.246,16.289,30878,30950,1,0.000
1780244844.298,16.340,30878,30950,1,0.000
1780244844.351,16.393,30878,30950,1,18.897
1780244844.403,16.446,30878,30950,1,0.000
1780244844.459,16.501,30878,30950,1,0.000
1780244844.511,16.553,30878,30950,1,0.000
1780244844.566,16.609,30878,30950,1,17.914
1780244844.630,16.672,30878,30950,1,15.805
1780244844.686,16.729,30878,30950,1,17.709
1780244844.739,16.782,30878,30950,1,18.865
1780244844.798,16.840,30878,30950,1,0.000
1780244844.852,16.895,30878,30950,1,18.380
1780244844.909,16.952,30878,30950,1,0.000
1780244844.961,17.004,30878,30950,1,0.000
1780244845.013,17.056,30878,30950,1,0.000
1780244845.067,17.109,30878,30950,0,37.353
1780244845.166,17.209,30878,30950,0,10.088
1780244845.218,17.260,30878,30950,1,77.109
1780244845.270,17.312,30878,30950,1,115.208
1780244845.322,17.365,30878,30950,1,38.283
1780244845.374,17.417,30878,30950,1,19.231
1780244845.426,17.469,30878,30950,1,57.714
1780244845.492,17.535,30878,30950,1,75.959
1780244845.596,17.639,30878,30950,1,57.407
1780244845.651,17.693,30878,30950,1,55.094
1780244845.707,17.750,30878,30950,1,71.221
1780244845.759,17.802,30878,30950,1,19.218
1780244845.814,17.857,30878,30950,1,54.476
1780244845.867,17.910,30878,30950,1,37.739
1780244845.920,17.963,30878,30950,1,18.812
1780244845.973,18.016,30878,30950,1,37.906
1780244846.031,18.074,30878,30950,1,51.737
1780244846.084,18.126,30878,30950,1,18.997
1780244846.136,18.179,30878,30950,1,113.873
1780244846.189,18.232,30878,30950,1,18.979
1780244846.241,18.284,30878,30950,1,38.300
1780244846.293,18.336,30878,30950,1,19.257
1780244846.346,18.388,30878,30950,1,38.236
1780244846.397,18.440,30878,30950,1,38.510
1780244846.449,18.492,30878,30950,1,19.248
1780244846.501,18.544,30878,30950,1,38.530
1780244846.554,18.596,30878,30950,1,38.230
1780244846.606,18.648,30878,30950,1,38.455
1780244846.658,18.700,30878,30950,1,38.442
1780244846.710,18.752,30878,30950,1,38.338
1780244846.763,18.805,30878,30950,1,56.617
1780244846.819,18.861,30878,30950,1,35.852
1780244846.871,18.914,30878,30950,1,19.104
1780244846.923,18.965,30878,30950,1,38.539
1780244846.975,19.017,30878,30950,1,38.572
1780244847.027,19.069,30878,30950,1,19.270
1780244847.079,19.121,30878,30950,1,38.333
1780244847.131,19.173,30878,30950,1,38.560
1780244847.183,19.225,30878,30950,1,77.063
1780244847.238,19.281,30878,30950,1,54.000
1780244847.291,19.334,30878,30950,1,37.859
1780244847.343,19.385,30878,30950,1,19.296
1780244847.395,19.438,30878,30950,1,38.342
1780244847.448,19.491,30878,30950,1,37.405
1780244847.501,19.544,30878,30950,1,37.774
1780244847.554,19.597,30878,30950,0,37.915
1780244847.606,19.649,30878,30950,0,38.165
1780244847.659,19.701,30878,30950,0,38.239
1780244847.711,19.754,30878,30950,0,57.423
1780244847.763,19.806,30878,30950,0,38.495
1780244847.816,19.858,30878,30950,0,37.844
1780244847.868,19.911,30878,30950,0,38.249
1780244847.920,19.963,30878,30950,0,38.582
1780244847.973,20.015,30878,30950,0,56.978
1780244848.027,20.070,30878,30950,0,127.659
1780244848.080,20.123,30878,30950,0,57.079
1780244848.132,20.175,30878,30950,0,38.477
1780244848.184,20.226,30878,30950,0,38.617
1780244848.236,20.278,30878,30950,0,95.991
1780244848.288,20.330,30878,30950,1,154.149
1780244848.341,20.384,30878,30950,1,37.596
1780244848.393,20.436,30878,30950,1,114.592
1780244848.446,20.489,30878,30950,1,113.847
1780244848.499,20.541,30878,30950,1,75.971
1780244848.551,20.593,30878,30950,1,134.869
1780244848.605,20.648,30878,30950,1,146.788
1780244848.657,20.700,30878,30950,1,38.386
1780244848.709,20.752,30878,30950,1,134.386
1780244848.764,20.807,30878,30950,1,163.127
1780244848.817,20.859,30878,30950,1,19.198
1780244848.868,20.911,30878,30950,1,19.299
1780244848.920,20.963,30878,30950,1,0.000
1780244848.972,21.015,30878,30950,1,0.000
1780244849.024,21.067,30878,30950,1,0.000
1780244849.076,21.118,30878,30950,1,19.295
1780244849.128,21.170,30878,30950,1,0.000
1780244849.188,21.230,30878,30950,0,132.922
1780244849.279,21.322,30878,30950,0,120.009
1780244849.334,21.377,30878,30950,0,165.177
1780244849.386,21.429,30878,30950,0,76.498
1780244849.438,21.481,30878,30950,0,96.410
1780244849.490,21.533,30878,30950,1,95.396
1780244849.543,21.585,30878,30950,1,38.374
1780244849.595,21.637,30878,30950,1,19.198
1780244849.647,21.689,30878,30950,1,57.859
1780244849.698,21.741,30878,30950,1,134.801
1780244849.750,21.793,30878,30950,1,96.201
1780244849.803,21.845,30878,30950,1,57.378
1780244849.855,21.897,30878,30950,1,19.255
1780244849.907,21.949,30878,30950,1,0.000
1780244849.958,22.001,30878,30950,1,0.000
1780244850.010,22.053,30878,30950,1,19.298
1780244850.062,22.105,30878,30950,1,95.849
1780244850.114,22.157,30878,30950,0,57.804
1780244850.166,22.209,30878,30950,0,115.627
1780244850.219,22.262,30878,30950,0,112.714
1780244850.272,22.314,30878,30950,0,19.185
1780244850.324,22.366,30878,30950,0,0.000
1780244850.376,22.418,30878,30950,0,0.000
1780244850.427,22.470,30878,30950,0,19.307
1780244850.479,22.522,30878,30950,0,0.000
1780244850.531,22.574,30878,30950,0,57.728
1780244850.583,22.626,30878,30950,0,134.876
1780244850.635,22.678,30878,30950,1,153.996
1780244850.688,22.731,30878,30950,1,75.421
1780244850.740,22.782,30878,30950,1,115.675
1780244850.792,22.834,30878,30950,1,153.785
1780244850.844,22.886,30878,30950,1,134.835
1780244850.896,22.938,30878,30950,1,115.396
1780244850.948,22.991,30878,30950,1,133.739
1780244851.000,23.043,30878,30950,1,134.038
1780244851.053,23.095,30878,30950,1,95.825
1780244851.105,23.147,30878,30950,0,95.906
1780244851.157,23.199,30878,30950,0,153.803
1780244851.209,23.252,30878,30950,0,57.084
1780244851.261,23.304,30878,30950,0,134.224
1780244851.314,23.356,30878,30950,0,133.664
1780244851.367,23.409,30878,30950,0,94.112
1780244851.419,23.461,30878,30950,0,38.570
1780244851.471,23.513,30878,30950,0,19.251
1780244851.523,23.565,30878,30950,0,77.032
1780244851.575,23.617,30878,30950,0,154.128
1780244851.627,23.669,30878,30950,0,153.165
1780244851.680,23.722,30878,30950,0,113.100
1780244851.732,23.775,30878,30950,0,134.308
1780244851.784,23.827,30878,30950,0,76.811
1780244851.836,23.879,30878,30950,0,134.276
1780244851.888,23.931,30878,30950,0,115.487
1780244851.940,23.983,30878,30950,0,134.957
1780244851.992,24.035,30878,30950,0,115.406
1780244852.044,24.086,30878,30950,0,38.570
1780244852.096,24.138,30878,30950,0,38.611
1780244852.148,24.190,30878,30950,0,115.042
1780244852.200,24.242,30878,30950,0,153.647
1780244852.252,24.294,30878,30950,0,115.636
1780244852.304,24.346,30878,30950,0,173.353
1780244852.356,24.398,30878,30950,0,115.241
1780244852.408,24.451,30878,30950,0,152.345
1780244852.461,24.504,30878,30950,0,188.308
1780244852.514,24.556,30878,30950,0,152.493
1780244852.571,24.613,30878,30950,0,123.148
1780244852.623,24.666,30878,30950,0,132.532
1780244852.676,24.718,30878,30950,0,76.802
1780244852.727,24.770,30878,30950,0,115.602
1780244852.780,24.822,30878,30950,0,133.857
1780244852.833,24.875,30878,30950,0,170.130
1780244852.885,24.928,30878,30950,0,133.808
1780244852.937,24.980,30878,30950,0,153.204
1780244852.990,25.032,30878,30950,0,171.556
1780244853.047,25.089,30878,30950,0,157.383
1780244853.099,25.142,30878,30950,0,133.703
1780244853.151,25.194,30878,30950,0,192.396
1780244853.208,25.251,30878,30950,0,157.044
1780244853.261,25.304,30878,30950,0,151.228
1780244853.314,25.356,30878,30950,0,152.746
1780244853.367,25.409,30878,30950,0,131.890
1780244853.419,25.462,30878,30950,0,57.439
1780244853.471,25.514,30878,30950,0,134.148
1780244853.524,25.566,30878,30950,0,133.154
1780244853.576,25.619,30878,30950,0,153.186
1780244853.629,25.672,30878,30950,0,168.290
1780244853.682,25.724,30878,30950,0,153.680
1780244853.734,25.777,30878,30950,0,151.503
1780244853.787,25.830,30878,30950,0,170.598
1780244853.839,25.882,30878,30950,0,153.854
1780244853.893,25.936,30878,30950,0,147.062
1780244853.945,25.988,30878,30950,0,115.388
1780244853.997,26.040,30878,30950,0,115.606
1780244854.052,26.095,30878,30950,0,145.975
1780244854.104,26.147,30878,30950,0,134.639
1780244854.156,26.199,30878,30950,0,134.693
1780244854.208,26.251,30878,30950,0,115.684
1780244854.260,26.303,30878,30950,0,192.501
1780244854.312,26.355,30878,30950,0,114.743
1780244854.364,26.407,30878,30950,0,172.756
1780244854.416,26.459,30878,30950,0,134.636
1780244854.469,26.512,30878,30950,0,132.050
1780244854.521,26.564,30878,30950,0,115.085
1780244854.574,26.616,30878,30950,0,153.320
1780244854.630,26.673,30878,30950,0,140.779
1780244854.682,26.725,30878,30950,0,115.511
1780244854.734,26.777,30878,30950,0,134.858
1780244854.786,26.829,30878,30950,0,115.124
1780244854.839,26.881,30878,30950,0,133.586
1780244854.891,26.933,30878,30950,0,115.535
1780244854.943,26.985,30878,30950,0,57.665
1780244854.995,27.037,30878,30950,0,38.604
1780244855.046,27.089,30878,30950,0,19.293
1780244855.099,27.141,30878,30950,0,38.158
1780244855.151,27.193,30878,30950,0,19.283
1780244855.203,27.245,30878,30950,0,154.191
1780244855.254,27.297,30878,30950,0,115.618
1780244855.307,27.350,30878,30950,0,152.039
1780244855.374,27.417,30878,30950,0,178.295
1780244855.449,27.492,30878,30950,0,147.241
1780244855.501,27.544,30878,30950,0,134.142
1780244855.553,27.596,30878,30950,0,96.306
1780244855.605,27.648,30878,30950,0,76.892
1780244855.657,27.700,30878,30950,0,57.774
1780244855.710,27.753,30878,30950,0,37.872
1780244855.762,27.805,30878,30950,0,0.000
1780244855.814,27.857,30878,30950,0,0.000
1780244855.866,27.908,30878,30950,0,19.278
1780244855.918,27.960,30878,30950,0,0.000
1780244855.969,28.012,30878,30950,0,0.000
1780244856.021,28.064,30878,30950,0,77.043
1780244856.074,28.117,30878,30950,0,18.873
1780244856.126,28.169,30878,30950,0,0.000
1780244856.178,28.221,30878,30950,0,0.000
1780244856.230,28.273,30878,30950,0,77.025
1780244856.283,28.326,30878,30950,0,74.898
1780244856.336,28.378,30878,30950,0,133.891
1780244856.388,28.430,30878,30950,0,96.207
1780244856.440,28.482,30878,30950,0,96.024
1780244856.492,28.534,30878,30950,1,153.729
1780244856.544,28.587,30878,30950,1,95.773
1780244856.597,28.640,30878,30950,1,113.451
1780244856.649,28.692,30878,30950,1,76.752
1780244856.701,28.743,30878,30950,1,0.000
1780244856.753,28.796,30878,30950,1,38.163
1780244856.805,28.848,30878,30950,1,19.213
1780244856.857,28.900,30878,30950,1,57.808
1780244856.909,28.952,30878,30950,1,19.172
1780244856.962,29.004,30878,30950,1,76.515
1780244857.014,29.056,30878,30950,1,38.522
1780244857.066,29.108,30878,30950,1,19.229
1780244857.118,29.160,30878,30950,1,19.224
1780244857.170,29.212,30878,30950,1,38.409
1780244857.222,29.264,30878,30950,1,0.000
1780244857.274,29.316,30878,30950,1,77.007
1780244857.326,29.368,30878,30950,1,115.036
1780244857.378,29.421,30878,30950,1,115.021
1780244857.431,29.473,30878,30950,1,170.482
1780244857.483,29.525,30878,30950,1,115.167
1780244857.536,29.579,30878,30950,1,150.155
1780244857.588,29.631,30878,30950,1,115.316
1780244857.640,29.683,30878,30950,1,38.580
1780244857.692,29.734,30878,30950,1,38.604
1780244857.744,29.786,30878,30950,1,38.588
1780244857.795,29.838,30878,30950,1,19.299
1780244857.848,29.890,30878,30950,1,57.530
1780244857.899,29.942,30878,30950,1,38.573
1780244857.951,29.994,30878,30950,1,19.281
1780244858.003,30.046,30878,30950,1,57.882
1780244858.055,30.098,30878,30950,1,38.586
1780244858.107,30.149,30878,30950,1,19.242
1780244858.159,30.202,30878,30950,1,57.104
1780244858.212,30.254,30878,30950,1,38.208
1780244858.264,30.306,30878,30950,1,38.454
1780244858.316,30.358,30878,30950,1,38.432
1780244858.368,30.410,30878,30950,1,153.966
1780244858.420,30.462,30878,30950,1,134.421
1780244858.472,30.515,30878,30950,1,134.316
1780244858.524,30.567,30878,30950,1,133.734
1780244858.578,30.621,30878,30950,1,130.236
1780244858.630,30.673,30878,30950,1,134.588
1780244858.682,30.725,30878,30950,1,76.661
1780244858.734,30.777,30878,30950,1,57.721
1780244858.786,30.829,30878,30950,1,19.283
1780244858.838,30.881,30878,30950,1,38.586
1780244858.890,30.932,30878,30950,1,38.580
1780244858.942,30.984,30878,30950,0,38.585
1780244858.994,31.036,30878,30950,0,38.459
1780244859.045,31.088,30878,30950,0,38.578
1780244859.098,31.140,30878,30950,0,38.175
1780244859.150,31.192,30878,30950,0,19.268
1780244859.202,31.244,30878,30950,0,38.561
1780244859.253,31.296,30878,30950,0,38.564
1780244859.305,31.348,30878,30950,0,38.569
1780244859.357,31.400,30878,30950,0,19.269
1780244859.411,31.454,30878,30950,0,148.633
1780244859.464,31.507,30878,30950,0,131.555
1780244859.523,31.565,30878,30950,0,153.560
1780244859.575,31.618,30878,30950,0,134.278
1780244859.627,31.670,30878,30950,0,153.714
1780244859.680,31.723,30878,30950,0,112.274
1780244859.732,31.775,30878,30950,0,134.545
1780244859.785,31.827,30878,30950,0,95.997
1780244859.836,31.879,30878,30950,0,38.617
1780244859.888,31.931,30878,30950,0,19.287
1780244859.940,31.983,30878,30950,0,57.741
1780244859.992,32.035,30878,30950,0,38.598
1780244860.044,32.086,30878,30950,0,38.598
1780244860.096,32.138,30878,30950,0,38.592
1780244860.148,32.191,30878,30950,0,38.228
1780244860.200,32.242,30878,30950,0,38.576
1780244860.252,32.294,30878,30950,0,19.286
1780244860.304,32.346,30878,30950,0,57.839
1780244860.355,32.398,30878,30950,0,38.571
1780244860.407,32.450,30878,30950,0,38.543
1780244860.460,32.502,30878,30950,1,133.428
1780244860.512,32.555,30878,30950,1,133.443
1780244860.566,32.608,30878,30950,1,149.445
1780244860.618,32.661,30878,30950,1,134.129
1780244860.671,32.714,30878,30950,1,150.676
1780244860.723,32.766,30878,30950,1,133.647
1780244860.777,32.820,30878,30950,1,111.728
1780244860.829,32.872,30878,30950,1,57.388
1780244860.881,32.924,30878,30950,1,38.565
1780244860.933,32.976,30878,30950,1,38.576
1780244860.985,33.028,30878,30950,1,38.576
1780244861.037,33.079,30878,30950,1,38.588
1780244861.089,33.131,30878,30950,1,57.852
1780244861.141,33.183,30878,30950,1,38.508
1780244861.192,33.235,30878,30950,1,38.602
1780244861.244,33.287,30878,30950,1,38.578
1780244861.296,33.339,30878,30950,1,19.297
1780244861.561,33.604,30878,30950,1,79.128
1780244861.614,33.656,30878,30950,1,152.525
1780244861.666,33.709,30878,30950,1,133.778
1780244861.719,33.762,30878,30950,1,132.038
1780244861.773,33.815,30878,30950,1,130.927
1780244861.843,33.886,30878,30950,1,98.855
1780244861.895,33.938,30878,30950,1,38.555
1780244861.948,33.990,30878,30950,1,38.270
1780244861.999,34.042,30878,30950,1,57.834
1780244862.051,34.094,30878,30950,1,19.281
1780244862.103,34.146,30878,30950,1,38.561
1780244862.156,34.198,30878,30950,1,38.059
1780244862.208,34.251,30878,30950,1,38.015
1780244862.261,34.304,30878,30950,1,37.912
1780244862.314,34.357,30878,30950,1,56.792
1780244862.366,34.408,30878,30950,1,57.763
1780244862.422,34.464,30878,30950,1,35.732
1780244862.474,34.516,30878,30950,1,38.455
1780244862.527,34.569,30878,30950,1,56.807
1780244862.586,34.628,30878,30950,1,135.811
1780244862.639,34.682,30878,30950,0,149.249
1780244862.691,34.734,30878,30950,0,115.487
1780244862.743,34.786,30878,30950,0,154.137
1780244862.795,34.838,30878,30950,0,133.676
1780244862.848,34.891,30878,30950,1,113.647
1780244862.900,34.943,30878,30950,1,19.282
1780244862.952,34.994,30878,30950,1,57.863
1780244863.004,35.046,30878,30950,1,38.585
1780244863.056,35.098,30878,30950,1,38.576
1780244863.108,35.151,30878,30950,1,38.218
1780244863.160,35.202,30878,30950,1,38.532
1780244863.212,35.255,30878,30950,1,38.182
1780244863.264,35.307,30878,30950,1,57.740
1780244863.316,35.359,30878,30950,1,57.771
1780244863.368,35.411,30878,30950,1,19.234
1780244863.421,35.463,30878,30950,1,37.966
1780244863.473,35.515,30878,30950,1,57.541
1780244863.525,35.567,30878,30950,1,57.763
1780244863.577,35.620,30878,30950,1,37.975
1780244863.630,35.672,30878,30950,1,153.005
1780244863.682,35.725,30878,30950,1,133.578
1780244863.735,35.778,30878,30950,0,151.268
1780244863.787,35.830,30878,30950,0,134.973
1780244863.839,35.881,30878,30950,0,135.057
1780244863.891,35.934,30878,30950,0,133.532
1780244863.944,35.987,30878,30950,0,113.552
1780244863.996,36.038,30878,30950,0,38.569
1780244864.048,36.091,30878,30950,0,38.265
1780244864.100,36.143,30878,30950,0,57.708
1780244864.154,36.196,30878,30950,0,37.282
1780244864.206,36.248,30878,30950,1,38.521
1780244864.258,36.300,30878,30950,1,38.533
1780244864.310,36.352,30878,30950,1,38.258
1780244864.363,36.405,30878,30950,1,56.796
1780244864.415,36.458,30878,30950,1,38.243
1780244864.467,36.510,30878,30950,1,57.605
1780244864.519,36.562,30878,30950,1,154.124
1780244864.574,36.617,30878,30950,1,108.334
1780244864.626,36.669,30878,30950,1,153.950
1780244864.678,36.721,30878,30950,1,191.655
1780244864.731,36.773,30878,30950,1,153.476
1780244864.783,36.826,30878,30950,1,133.289
1780244864.836,36.878,30878,30950,1,114.507
1780244864.888,36.930,30878,30950,1,115.339
1780244864.939,36.982,30878,30950,1,115.666
1780244864.991,37.034,30878,30950,1,115.404
1780244865.043,37.086,30878,30950,1,134.626
1780244865.095,37.138,30878,30950,1,154.096
1780244865.148,37.191,30878,30950,1,151.848
1780244865.201,37.243,30878,30950,1,132.920
1780244865.253,37.295,30878,30950,1,115.292
1780244865.305,37.348,30878,30950,0,114.386
1780244865.358,37.400,30878,30950,0,133.220
1780244865.411,37.454,30878,30950,0,93.322
1780244865.463,37.506,30878,30950,0,153.664
1780244865.516,37.559,30878,30950,0,133.114
1780244865.569,37.612,30878,30950,0,131.772
1780244865.621,37.664,30878,30950,0,134.309
1780244865.675,37.717,30878,30950,0,112.359
1780244865.727,37.770,30878,30950,0,151.240
1780244865.780,37.822,30878,30950,0,133.861
1780244865.832,37.875,30878,30950,0,95.123
1780244865.885,37.927,30878,30950,0,153.166
1780244865.938,37.980,30878,30950,0,132.058
1780244865.990,38.032,30878,30950,0,115.359
1780244866.042,38.084,30878,30950,0,134.692
1780244866.094,38.136,30878,30950,0,134.374
1780244866.146,38.188,30878,30950,0,134.734
1780244866.198,38.241,30878,30950,0,113.767
1780244866.250,38.293,30878,30950,0,115.563
1780244866.303,38.345,30878,30950,0,133.676
1780244866.355,38.397,30878,30950,0,134.562
1780244866.407,38.450,30878,30950,0,152.790
1780244866.460,38.503,30878,30950,0,112.643
1780244866.514,38.557,30878,30950,0,147.639
1780244866.567,38.610,30878,30950,0,132.735
1780244866.619,38.662,30878,30950,0,115.469
1780244866.671,38.714,30878,30950,0,57.442
1780244866.724,38.767,30878,30950,0,151.475
1780244866.776,38.819,30878,30950,0,153.735
1780244866.830,38.873,30878,30950,0,130.047
1780244866.882,38.925,30878,30950,0,134.708
1780244866.934,38.977,30878,30950,0,134.517
1780244866.987,39.029,30878,30950,1,132.683
1780244867.039,39.082,30878,30950,1,134.242
1780244867.091,39.134,30878,30950,1,96.078
1780244867.143,39.185,30878,30950,1,38.588
1780244867.195,39.237,30878,30950,1,19.293
1780244867.247,39.290,30878,30950,1,38.292
1780244867.299,39.341,30878,30950,1,115.678
1780244867.351,39.393,30878,30950,1,134.841
1780244867.403,39.445,30878,30950,1,134.737
1780244867.455,39.497,30878,30950,1,115.496
1780244867.508,39.550,30878,30950,1,150.533
1780244867.560,39.603,30878,30950,1,133.405
1780244867.613,39.656,30878,30950,1,132.409
1780244867.665,39.708,30878,30950,1,114.873
1780244867.719,39.762,30878,30950,1,111.845
1780244867.771,39.813,30878,30950,1,38.523
1780244867.823,39.866,30878,30950,1,171.526
1780244867.876,39.918,30878,30950,1,133.757
1780244867.930,39.973,30878,30950,1,127.892
1780244867.982,40.025,30878,30950,1,115.180
1780244868.034,40.077,30878,30950,1,134.739
1780244868.087,40.130,30878,30950,1,113.411
1780244868.140,40.182,30878,30950,1,152.519
1780244868.193,40.236,30878,30950,1,130.609
1780244868.246,40.288,30878,30950,0,76.365
1780244868.298,40.341,30878,30950,0,38.205
1780244868.350,40.393,30878,30950,0,38.532
1780244868.402,40.444,30878,30950,0,19.285
1780244868.454,40.496,30878,30950,0,38.578
1780244868.506,40.548,30878,30950,0,57.831
1780244868.558,40.601,30878,30950,0,114.568
1780244868.611,40.654,30878,30950,0,131.350
1780244868.664,40.706,30878,30950,0,152.652
1780244868.721,40.764,30878,30950,0,104.432
1780244868.773,40.816,30878,30950,0,134.086
1780244868.825,40.868,30878,30950,0,153.381
1780244868.878,40.920,30878,30950,0,133.981
1780244868.931,40.974,30878,30950,0,150.056
1780244868.983,41.026,30878,30950,0,115.636
1780244869.035,41.077,30878,30950,0,134.749
1780244869.087,41.129,30878,30950,0,153.999
1780244869.139,41.182,30878,30950,0,133.481
1780244869.191,41.234,30878,30950,0,134.333
1780244869.243,41.286,30878,30950,0,134.843
1780244869.295,41.338,30878,30950,0,115.528
1780244869.348,41.391,30878,30950,0,150.987
1780244869.400,41.443,30878,30950,0,134.590
1780244869.453,41.495,30878,30950,0,133.518
1780244869.505,41.547,30878,30950,0,134.409
1780244869.557,41.599,30878,30950,0,115.339
1780244869.610,41.653,30878,30950,0,167.660
1780244869.663,41.706,30878,30950,0,132.633
1780244869.715,41.758,30878,30950,0,134.120
1780244869.768,41.810,30878,30950,0,134.303
1780244869.820,41.862,30878,30950,0,134.267
1780244869.880,41.923,30878,30950,0,132.275
1780244869.932,41.975,30878,30950,0,134.842
1780244869.984,42.027,30878,30950,0,114.944
1780244870.036,42.079,30878,30950,1,115.290
1780244870.088,42.131,30878,30950,1,154.032
1780244870.140,42.183,30878,30950,1,115.168
1780244870.192,42.235,30878,30950,1,154.162
1780244870.244,42.287,30878,30950,1,134.835
1780244870.296,42.339,30878,30950,1,115.591
1780244870.348,42.391,30878,30950,1,133.817
1780244870.400,42.443,30878,30950,1,134.803
1780244870.452,42.495,30878,30950,1,115.478
1780244870.504,42.547,30878,30950,1,173.180
1780244870.556,42.599,30878,30950,1,134.812
1780244870.611,42.653,30878,30950,1,128.658
1780244870.665,42.708,30878,30950,1,127.746
1780244870.718,42.760,30878,30950,1,114.870
1780244870.771,42.813,30878,30950,1,150.804
1780244870.823,42.866,30878,30950,1,133.011
1780244870.875,42.918,30878,30950,1,134.870
1780244870.927,42.970,30878,30950,1,134.152
1780244870.979,43.022,30878,30950,1,153.734
1780244871.040,43.083,30878,30950,1,130.969
1780244871.092,43.135,30878,30950,1,134.895
1780244871.144,43.187,30878,30950,1,115.440
1780244871.196,43.239,30878,30950,1,115.491
1780244871.249,43.292,30878,30950,1,132.027
1780244871.301,43.344,30878,30950,1,134.531
1780244871.353,43.396,30878,30950,1,115.398
1780244871.406,43.448,30878,30950,1,133.986
1780244871.459,43.501,30878,30950,1,113.336
1780244871.511,43.554,30878,30950,1,133.343
1780244871.564,43.606,30878,30950,1,133.215
1780244871.616,43.658,30878,30950,1,134.526
1780244871.668,43.711,30878,30950,1,133.165
1780244871.720,43.763,30878,30950,1,134.227
1780244871.773,43.816,30878,30950,1,132.516
1780244871.825,43.868,30878,30950,1,153.140
1780244871.878,43.920,30878,30950,1,95.643
1780244871.930,43.973,30878,30950,1,152.509
1780244871.983,44.026,30878,30950,1,150.529
1780244872.035,44.078,30878,30950,1,115.314
1780244872.087,44.130,30878,30950,0,95.933
1780244872.139,44.182,30878,30950,0,57.915
1780244872.191,44.234,30878,30950,1,38.599
1780244872.243,44.285,30878,30950,1,77.201
1780244872.295,44.338,30878,30950,1,133.326
1780244872.348,44.391,30878,30950,0,152.155
1780244872.400,44.442,30878,30950,0,96.355
1780244872.452,44.495,30878,30950,0,172.356
1780244872.504,44.547,30878,30950,0,96.210
1780244872.556,44.598,30878,30950,0,0.000
1780244872.608,44.650,30878,30950,0,135.003
1780244872.660,44.703,30878,30950,0,133.700
1780244872.712,44.755,30878,30950,0,134.266
1780244872.765,44.808,30878,30950,0,150.028
1780244872.818,44.861,30878,30950,0,132.856
1780244872.870,44.913,30878,30950,0,133.821
1780244872.923,44.965,30878,30950,1,153.049
1780244872.975,45.017,30878,30950,0,96.118
1780244873.027,45.070,30878,30950,0,170.831
1780244873.080,45.123,30878,30950,0,114.085
1780244873.133,45.176,30878,30950,0,151.088
1780244873.185,45.228,30878,30950,0,134.819
1780244873.237,45.279,30878,30950,0,96.273
1780244873.289,45.332,30878,30950,0,115.171
1780244873.341,45.384,30878,30950,0,134.633
1780244873.393,45.436,30878,30950,0,114.982
1780244873.445,45.488,30878,30950,0,173.342
1780244873.497,45.540,30878,30950,0,134.156
1780244873.550,45.593,30878,30950,0,151.519
1780244873.602,45.645,30878,30950,0,134.470
1780244873.654,45.697,30878,30950,0,134.517
1780244873.706,45.749,30878,30950,0,115.458
1780244873.758,45.801,30878,30950,0,172.147
1780244873.813,45.855,30878,30950,0,129.258
1780244873.867,45.910,30878,30950,0,145.763
1780244873.920,45.963,30878,30950,0,133.159
1780244873.973,46.016,30878,30950,0,93.833
1780244874.025,46.068,30878,30950,0,134.570
1780244874.077,46.120,30878,30950,0,134.323
1780244874.130,46.172,30878,30950,0,134.289
1780244874.182,46.224,30878,30950,0,134.618
1780244874.236,46.278,30878,30950,0,129.585
1780244874.288,46.330,30878,30950,0,115.164
1780244874.340,46.383,30878,30950,0,152.085
1780244874.392,46.435,30878,30950,0,172.830
1780244874.445,46.488,30878,30950,0,132.705
1780244874.497,46.540,30878,30950,0,134.654
1780244874.550,46.592,30878,30950,0,132.740
1780244874.602,46.644,30878,30950,0,134.677
1780244874.654,46.696,30878,30950,0,76.728
1780244874.716,46.759,30878,30950,0,127.812
1780244874.770,46.812,30878,30950,0,113.141
1780244874.822,46.865,30878,30950,0,190.063
1780244874.875,46.918,30878,30950,0,151.461
1780244874.927,46.970,30878,30950,0,134.571
1780244874.982,47.024,30878,30950,0,145.857
1780244875.034,47.076,30878,30950,0,134.531
1780244875.086,47.129,30878,30950,0,153.240
1780244875.138,47.181,30878,30950,0,153.174
1780244875.190,47.233,30878,30950,0,172.702
1780244875.242,47.285,30878,30950,0,153.615
1780244875.295,47.338,30878,30950,0,113.645
1780244875.347,47.390,30878,30950,0,95.978
1780244875.403,47.446,30878,30950,0,106.998
1780244875.461,47.503,30878,30950,0,104.632
1780244875.514,47.557,30878,30950,0,130.843
1780244875.568,47.610,30878,30950,0,149.948
1780244875.621,47.663,30878,30950,0,150.289
1780244875.675,47.718,30878,30950,0,128.318
1780244875.728,47.771,30878,30950,0,113.707
1780244875.780,47.823,30878,30950,0,134.650
1780244875.832,47.875,30878,30950,0,134.040
1780244875.885,47.927,30878,30950,0,152.746
1780244875.937,47.980,30878,30950,0,95.382
1780244875.991,48.033,30878,30950,0,149.337
1780244876.043,48.086,30878,30950,0,134.118
1780244876.095,48.138,30878,30950,0,134.505
1780244876.147,48.190,30878,30950,0,115.565
1780244876.199,48.241,30878,30950,0,154.091
1780244876.251,48.294,30878,30950,0,115.043
1780244876.303,48.346,30878,30950,0,133.730
1780244876.355,48.398,30878,30950,0,115.725
1780244876.407,48.450,30878,30950,0,134.208
1780244876.459,48.502,30878,30950,0,134.399
1780244876.512,48.555,30878,30950,0,132.553
1780244876.566,48.608,30878,30950,0,130.823
1780244876.618,48.661,30878,30950,0,152.545
1780244876.671,48.713,30878,30950,0,133.045
1780244876.723,48.766,30878,30950,0,76.449
1780244876.775,48.818,30878,30950,0,134.820
1780244876.828,48.871,30878,30950,0,132.187
1780244876.881,48.924,30878,30950,0,131.611
1780244876.933,48.976,30878,30950,0,77.169
1780244876.986,49.028,30878,30950,0,151.698
1780244877.038,49.080,30878,30950,0,115.419
1780244877.091,49.133,30878,30950,0,132.110
1780244877.143,49.185,30878,30950,0,96.292
1780244877.195,49.237,30878,30950,0,173.013
1780244877.247,49.289,30878,30950,0,134.277
1780244877.299,49.341,30878,30950,0,115.432
1780244877.351,49.393,30878,30950,0,115.481
1780244877.403,49.446,30878,30950,0,133.608
1780244877.455,49.498,30878,30950,0,134.280
1780244877.507,49.550,30878,30950,0,172.646
1780244877.560,49.602,30878,30950,0,133.591
1780244877.612,49.655,30878,30950,0,133.461
1780244877.665,49.708,30878,30950,0,151.759
1780244877.721,49.764,30878,30950,0,124.935
1780244877.774,49.816,30878,30950,0,209.016
1780244877.826,49.868,30878,30950,0,134.290
1780244877.878,49.921,30878,30950,0,172.506
1780244877.930,49.973,30878,30950,0,152.895
1780244877.983,50.026,30878,30950,0,151.399
1780244878.036,50.079,30878,30950,0,188.070
1780244878.089,50.132,30878,30950,0,187.966
1780244878.142,50.185,30878,30950,0,133.016
1780244878.195,50.237,30878,30950,0,151.816
1780244878.247,50.290,30878,30950,0,172.588
1780244878.300,50.342,30878,30950,0,151.671
1780244878.352,50.394,30878,30950,0,153.744
1780244878.405,50.448,30878,30950,0,149.671
1780244878.458,50.501,30878,30950,0,170.443
1780244878.511,50.554,30878,30950,0,150.847
1780244878.565,50.607,30878,30950,0,167.942
1780244878.617,50.659,30878,30950,0,133.866
1780244878.669,50.712,30878,30950,0,133.345
1780244878.722,50.765,30878,30950,0,151.160
1780244878.775,50.818,30878,30950,0,112.947
1780244878.827,50.870,30878,30950,0,115.396
1780244878.882,50.925,30878,30950,1,145.158
1780244878.935,50.978,30878,30950,1,151.981
1780244878.987,51.030,30878,30950,1,115.591
1780244879.039,51.082,30878,30950,0,153.381
1780244879.091,51.134,30878,30950,0,134.190
1780244879.143,51.186,30878,30950,0,115.363
1780244879.195,51.238,30878,30950,0,134.659
1780244879.249,51.292,30878,30950,0,148.608
1780244879.301,51.344,30878,30950,0,134.319
1780244879.353,51.396,30878,30950,0,115.183
1780244879.405,51.448,30878,30950,0,153.860
1780244879.458,51.501,30878,30950,0,132.728
1780244879.511,51.553,30878,30950,0,152.504
1780244879.565,51.608,30878,30950,0,201.302
1780244879.617,51.660,30878,30950,0,115.111
1780244879.670,51.713,30878,30950,0,207.120
1780244879.725,51.768,30878,30950,0,165.292
1780244879.783,51.826,30878,30950,0,188.829
1780244879.839,51.881,30878,30950,0,179.758
1780244879.891,51.933,30878,30950,0,173.139
1780244879.943,51.986,30878,30950,0,190.052
1780244879.996,52.038,30878,30950,0,209.771
1780244880.048,52.091,30878,30950,0,190.199
1780244880.102,52.144,30878,30950,0,188.119
1780244880.154,52.196,30878,30950,0,211.342
1780244880.206,52.248,30878,30950,0,134.427
1780244880.260,52.303,30878,30950,0,183.613
1780244880.313,52.355,30878,30950,0,133.451
1780244880.367,52.410,30878,30950,0,201.815
1780244880.420,52.463,30878,30950,0,188.670
1780244880.472,52.515,30878,30950,0,171.869
1780244880.525,52.568,30878,30950,0,170.670
1780244880.577,52.620,30878,30950,0,57.404
1780244880.629,52.672,30878,30950,0,77.031
1780244880.682,52.724,30878,30950,0,191.800
1780244880.734,52.776,30878,30950,0,191.637
1780244880.786,52.828,30878,30950,0,57.709
1780244880.838,52.880,30878,30950,0,77.093
1780244880.889,52.932,30878,30950,0,0.000
1780244880.941,52.984,30878,30950,0,134.959
1780244880.993,53.036,30878,30950,0,192.610
1780244881.046,53.088,30878,30950,0,191.212
1780244881.098,53.141,30878,30950,0,18.964
1780244881.150,53.193,30878,30950,0,0.000
1780244881.203,53.246,30878,30950,0,132.600
1780244881.259,53.302,30878,30950,0,161.658
1780244881.312,53.354,30878,30950,0,133.150
1780244881.363,53.406,30878,30950,0,134.917
1780244881.416,53.459,30878,30950,0,133.188
1780244881.470,53.512,30878,30950,0,112.010
1780244881.522,53.564,30878,30950,0,172.866
1780244881.574,53.617,30878,30950,0,152.418
1780244881.628,53.671,30878,30950,0,167.084
1780244881.680,53.723,30878,30950,1,115.074
1780244881.733,53.775,30878,30950,1,18.957
1780244881.785,53.827,30878,30950,1,57.752
1780244881.839,53.881,30878,30950,1,92.436
1780244881.892,53.935,30878,30950,1,186.612
1780244881.948,53.991,30878,30950,1,107.285
1780244882.001,54.043,30878,30950,1,133.912
1780244882.054,54.097,30878,30950,1,149.785
1780244882.112,54.154,30878,30950,1,156.495
1780244882.166,54.208,30878,30950,1,184.189
1780244882.218,54.261,30878,30950,1,134.156
1780244882.270,54.313,30878,30950,1,172.296
1780244882.322,54.365,30878,30950,1,191.725
1780244882.376,54.418,30878,30950,1,187.849
1780244882.428,54.470,30878,30950,1,192.060
1780244882.480,54.523,30878,30950,1,191.761
1780244882.532,54.575,30878,30950,1,171.297
1780244882.585,54.627,30878,30950,1,192.077
1780244882.637,54.680,30878,30950,1,133.364
1780244882.695,54.737,30878,30950,1,190.307
1780244882.747,54.790,30878,30950,1,171.494
1780244882.800,54.842,30878,30950,1,171.199
1780244882.852,54.895,30878,30950,1,209.649
1780244882.904,54.947,30878,30950,1,172.536
1780244882.958,55.000,30878,30950,1,225.656
1780244883.010,55.053,30878,30950,1,190.003
1780244883.063,55.105,30878,30950,1,191.283
1780244883.115,55.157,30878,30950,1,191.312
1780244883.167,55.210,30878,30950,1,191.147
1780244883.219,55.262,30878,30950,1,191.897
1780244883.272,55.314,30878,30950,1,209.428
1780244883.324,55.367,30878,30950,1,209.339
1780244883.378,55.420,30878,30950,1,205.605
1780244883.430,55.473,30878,30950,1,133.879
1780244883.487,55.529,30878,30950,1,194.790
1780244883.539,55.581,30878,30950,1,191.443
1780244883.591,55.634,30878,30950,1,133.960
1780244883.643,55.686,30878,30950,1,192.520
1780244883.696,55.738,30878,30950,1,170.422
1780244883.749,55.791,30878,30950,1,208.470
1780244883.802,55.845,30878,30950,0,186.177
1780244883.855,55.897,30878,30950,0,190.480
1780244883.907,55.950,30878,30950,0,189.823
1780244883.960,56.003,30878,30950,0,189.874
1780244884.013,56.055,30878,30950,0,170.801
1780244884.065,56.108,30878,30950,0,171.179
1780244884.124,56.167,30878,30950,0,204.081
1780244884.177,56.219,30878,30950,0,171.005
1780244884.229,56.272,30878,30950,0,191.032
1780244884.282,56.325,30878,30950,0,170.508
1780244884.334,56.377,30878,30950,0,190.729
1780244884.386,56.429,30878,30950,0,192.231
1780244884.439,56.482,30878,30950,0,171.260
1780244884.491,56.534,30878,30950,0,192.394
1780244884.543,56.586,30878,30950,0,191.772
1780244884.595,56.638,30878,30950,0,211.729
1780244884.648,56.691,30878,30950,0,189.094
1780244884.702,56.744,30878,30950,0,186.507
1780244884.754,56.797,30878,30950,0,208.132
1780244884.807,56.849,30878,30950,0,172.237
1780244884.859,56.901,30878,30950,0,173.303
1780244884.911,56.954,30878,30950,0,171.925
1780244884.963,57.006,30878,30950,1,152.392
1780244885.016,57.058,30878,30950,1,172.006
1780244885.069,57.112,30878,30950,1,186.460
1780244885.122,57.164,30878,30950,1,153.142
1780244885.174,57.217,30878,30950,1,171.751
1780244885.227,57.270,30878,30950,1,207.975
1780244885.279,57.322,30878,30950,1,172.025
1780244885.331,57.374,30878,30950,1,153.845
1780244885.384,57.426,30878,30950,1,190.865
1780244885.436,57.478,30878,30950,1,172.402
1780244885.488,57.531,30878,30950,1,171.536
1780244885.541,57.583,30878,30950,1,172.184
1780244885.593,57.635,30878,30950,1,153.851
1780244885.644,57.687,30878,30950,1,173.367
1780244885.697,57.739,30878,30950,1,211.235
1780244885.749,57.792,30878,30950,1,190.467
1780244885.802,57.844,30878,30950,1,170.651
1780244885.854,57.897,30878,30950,1,190.979
1780244885.906,57.949,30878,30950,1,191.452
1780244885.962,58.005,30878,30950,1,142.957
1780244886.015,58.057,30878,30950,1,210.245
1780244886.068,58.111,30878,30950,1,186.323
1780244886.121,58.163,30878,30950,1,209.840
1780244886.173,58.216,30878,30950,1,191.190
1780244886.229,58.272,30878,30950,1,212.943
1780244886.282,58.324,30878,30950,1,114.971
1780244886.336,58.378,30878,30950,1,185.378
1780244886.388,58.431,30878,30950,1,170.084
1780244886.440,58.483,30878,30950,1,96.484
1780244886.492,58.535,30878,30950,1,172.755
1780244886.545,58.588,30878,30950,1,151.312
1780244886.598,58.640,30878,30950,1,114.425
1780244886.651,58.693,30878,30950,1,132.582
1780244886.703,58.745,30878,30950,1,210.278
1780244886.755,58.798,30878,30950,1,172.171
1780244886.807,58.850,30878,30950,1,153.508
1780244886.860,58.902,30878,30950,1,209.802
1780244886.913,58.955,30878,30950,1,150.699
1780244886.965,59.008,30878,30950,1,191.329
1780244887.017,59.060,30878,30950,1,190.882
1780244887.070,59.112,30878,30950,1,191.455
1780244887.122,59.164,30878,30950,1,191.373
1780244887.176,59.219,30878,30950,1,165.954
1780244887.228,59.271,30878,30950,1,211.562
1780244887.281,59.323,30878,30950,1,151.920
1780244887.333,59.376,30878,30950,1,95.631
1780244887.386,59.429,30878,30950,1,168.810
1780244887.439,59.482,30878,30950,1,208.342
1780244887.493,59.536,30878,30950,1,203.408
1780244887.545,59.588,30878,30950,1,134.434
1780244887.597,59.640,30878,30950,1,173.190
1780244887.650,59.693,30878,30950,1,151.550
1780244887.702,59.745,30878,30950,1,191.266
1780244887.755,59.797,30878,30950,1,152.783
1780244887.808,59.851,30878,30950,1,131.328
1780244887.860,59.903,30878,30950,1,172.715
1780244887.913,59.956,30878,30950,1,207.407
1780244887.965,60.008,30878,30950,1,153.321
1780244888.018,60.061,30878,30950,1,132.005
1780244888.070,60.113,30878,30950,1,192.041
1780244888.125,60.167,30878,30950,1,147.719
1780244888.177,60.219,30878,30950,1,114.744
1780244888.229,60.272,30878,30950,0,114.591
1780244888.281,60.324,30878,30950,0,153.611
1780244888.333,60.376,30878,30950,0,191.759
1780244888.386,60.429,30878,30950,1,151.814
1780244888.438,60.481,30878,30950,1,153.973
1780244888.490,60.533,30878,30950,1,154.078
1780244888.542,60.585,30878,30950,1,191.707
1780244888.595,60.638,30878,30950,1,189.515
1780244888.649,60.691,30878,30950,1,186.281
1780244888.701,60.744,30878,30950,1,190.110
1780244888.754,60.797,30878,30950,1,132.398
1780244888.806,60.849,30878,30950,1,192.071
1780244888.859,60.902,30878,30950,1,207.811
1780244888.912,60.955,30878,30950,1,188.127
1780244888.964,61.007,30878,30950,1,153.585
1780244889.017,61.060,30878,30950,1,189.366
1780244889.070,61.112,30878,30950,1,190.458
1780244889.130,61.173,30878,30950,1,197.922
1780244889.182,61.225,30878,30950,1,210.997
1780244889.235,61.277,30878,30950,1,191.066
1780244889.287,61.330,30878,30950,1,171.027
1780244889.339,61.382,30878,30950,1,153.761
1780244889.392,61.434,30878,30950,1,172.471
1780244889.445,61.488,30878,30950,1,206.286
1780244889.503,61.546,30878,30950,1,188.061
1780244889.556,61.599,30878,30950,1,189.851
1780244889.610,61.653,30878,30950,1,202.713
1780244889.665,61.708,30878,30950,1,201.193
1780244889.723,61.766,30878,30950,1,205.313
1780244889.776,61.819,30878,30950,1,189.115
1780244889.836,61.878,30878,30950,1,202.527
1780244889.888,61.930,30878,30950,1,172.642
1780244889.940,61.983,30878,30950,1,208.661
1780244889.993,62.035,30878,30950,1,191.764
1780244890.045,62.087,30878,30950,1,173.310
1780244890.097,62.140,30878,30950,1,209.132
1780244890.150,62.193,30878,30950,1,187.823
1780244890.205,62.248,30878,30950,1,200.747
1780244890.259,62.301,30878,30950,1,205.990
1780244890.313,62.356,30878,30950,1,183.821
1780244890.365,62.408,30878,30950,1,209.823
1780244890.418,62.460,30878,30950,1,191.146
1780244890.472,62.514,30878,30950,1,203.757
1780244890.525,62.568,30878,30950,1,205.106
1780244890.582,62.625,30878,30950,1,194.031
1780244890.635,62.677,30878,30950,1,189.763
1780244890.687,62.729,30878,30950,1,192.346
1780244890.739,62.782,30878,30950,1,191.097
1780244890.791,62.834,30878,30950,1,210.565
1780244890.844,62.887,30878,30950,1,208.021
1780244890.897,62.939,30878,30950,1,190.938
1780244890.953,62.996,30878,30950,1,176.702
1780244891.007,63.050,30878,30950,1,202.857
1780244891.062,63.105,30878,30950,1,201.431
1780244891.115,63.158,30878,30950,1,168.842
1780244891.168,63.211,30878,30950,1,188.277
1780244891.221,63.264,30878,30950,1,189.537
1780244891.274,63.316,30878,30950,1,209.605
1780244891.327,63.369,30878,30950,1,169.735
1780244891.381,63.423,30878,30950,1,185.133
1780244891.436,63.478,30878,30950,1,163.661
1780244891.491,63.533,30878,30950,1,200.124
1780244891.543,63.586,30878,30950,1,189.495
1780244891.596,63.638,30878,30950,1,209.470
1780244891.649,63.691,30878,30950,1,170.828
1780244891.707,63.750,30878,30950,1,203.746
1780244891.761,63.804,30878,30950,1,168.051
1780244891.814,63.856,30878,30950,1,189.692
1780244891.866,63.909,30878,30950,1,190.589
1780244891.918,63.961,30878,30950,1,191.813
1780244891.971,64.014,30878,30950,1,132.588
1780244892.024,64.066,30878,30950,1,210.053
1780244892.087,64.130,30878,30950,1,189.074
1780244892.139,64.182,30878,30950,1,191.311
1780244892.192,64.235,30878,30950,1,170.237
1780244892.245,64.288,30878,30950,1,207.228
1780244892.298,64.341,30878,30950,1,113.669
1780244892.351,64.394,30878,30950,1,149.782
1780244892.404,64.447,30878,30950,1,171.284
1780244892.456,64.499,30878,30950,1,173.151
1780244892.510,64.553,30878,30950,1,203.640
1780244892.562,64.605,30878,30950,1,152.549
1780244892.615,64.658,30878,30950,1,170.429
1780244892.667,64.710,30878,30950,1,172.726
1780244892.719,64.762,30878,30950,1,191.889
1780244892.773,64.815,30878,30950,1,187.388
1780244892.825,64.868,30878,30950,1,152.669
1780244892.877,64.920,30878,30950,1,153.414
1780244892.930,64.972,30878,30950,1,191.163
1780244892.982,65.025,30878,30950,1,209.900
1780244893.036,65.078,30878,30950,1,186.973
1780244893.095,65.137,30878,30950,1,186.002
1780244893.147,65.189,30878,30950,1,210.937
1780244893.199,65.242,30878,30950,1,190.512
1780244893.252,65.295,30878,30950,1,189.217
1780244893.304,65.347,30878,30950,1,230.529
1780244893.357,65.399,30878,30950,1,190.997
1780244893.410,65.452,30878,30950,1,188.227
1780244893.463,65.505,30878,30950,1,189.161
1780244893.515,65.557,30878,30950,1,172.592
1780244893.567,65.610,30878,30950,1,189.606
1780244893.620,65.662,30878,30950,1,114.573
1780244893.672,65.715,30878,30950,1,152.812
1780244893.724,65.767,30878,30950,0,171.955
1780244893.777,65.820,30878,30950,0,208.486
1780244893.830,65.873,30878,30950,0,189.735
1780244893.883,65.926,30878,30950,0,188.067
1780244893.938,65.980,30878,30950,0,164.359
1780244893.990,66.033,30878,30950,0,133.989
1780244894.042,66.085,30878,30950,0,210.832
1780244894.094,66.137,30878,30950,0,153.262
1780244894.147,66.189,30878,30950,0,134.610
1780244894.199,66.241,30878,30950,0,134.242
1780244894.251,66.294,30878,30950,0,171.476
1780244894.307,66.350,30878,30950,0,178.037
1780244894.360,66.403,30878,30950,0,94.937
1780244894.413,66.455,30878,30950,0,171.275
1780244894.465,66.507,30878,30950,0,134.623
1780244894.517,66.559,30878,30950,1,134.565
1780244894.569,66.611,30878,30950,1,173.108
1780244894.622,66.664,30878,30950,1,187.446
1780244894.675,66.717,30878,30950,1,132.318
1780244894.728,66.770,30878,30950,1,151.326
1780244894.793,66.835,30878,30950,1,153.891
1780244894.852,66.894,30878,30950,1,185.998
1780244894.904,66.947,30878,30950,1,134.013
1780244894.958,67.001,30878,30950,0,185.129
1780244895.010,67.053,30878,30950,0,133.575
1780244895.063,67.105,30878,30950,0,190.925
1780244895.115,67.158,30878,30950,0,210.950
1780244895.455,67.498,30878,30950,0,196.835
1780244895.509,67.551,30878,30950,0,206.425
1780244895.562,67.605,30878,30950,0,204.645
1780244895.617,67.659,30878,30950,0,183.824
1780244895.670,67.712,30878,30950,1,132.597
1780244895.722,67.764,30878,30950,1,191.838
1780244895.774,67.817,30878,30950,1,191.470
1780244895.826,67.869,30878,30950,1,210.301
1780244895.879,67.921,30878,30950,1,171.227
1780244895.947,67.990,30878,30950,1,174.908
1780244896.002,68.044,30878,30950,1,220.917
1780244896.055,68.097,30878,30950,1,188.479
1780244896.107,68.150,30878,30950,1,172.329
1780244896.159,68.202,30878,30950,1,191.060
1780244896.212,68.255,30878,30950,1,189.787
1780244896.266,68.309,30878,30950,1,183.776
1780244896.319,68.362,30878,30950,1,190.087
1780244896.372,68.414,30878,30950,1,209.433
1780244896.424,68.467,30878,30950,1,189.000
1780244896.478,68.521,30878,30950,1,185.978
1780244896.530,68.573,30878,30950,1,172.552
1780244896.583,68.625,30878,30950,1,209.785
1780244896.635,68.678,30878,30950,1,171.545
1780244896.688,68.730,30878,30950,1,172.242
1780244896.759,68.802,30878,30950,1,194.873
1780244896.813,68.855,30878,30950,0,169.068
1780244896.865,68.908,30878,30950,0,191.326
1780244896.921,68.964,30878,30950,0,177.481
1780244896.974,69.017,30878,30950,0,169.791
1780244897.027,69.069,30878,30950,0,190.277
1780244897.084,69.126,30878,30950,0,210.706
1780244897.136,69.179,30878,30950,1,152.260
1780244897.190,69.232,30878,30950,1,205.576
1780244897.244,69.286,30878,30950,1,129.956
1780244897.297,69.340,30878,30950,1,186.080
1780244897.351,69.394,30878,30950,1,204.151
1780244897.403,69.446,30878,30950,1,211.200
1780244897.456,69.498,30878,30950,1,190.632
1780244897.513,69.556,30878,30950,1,139.908
1780244897.566,69.608,30878,30950,1,170.582
1780244897.618,69.661,30878,30950,1,172.211
1780244897.670,69.713,30878,30950,0,114.590
1780244897.724,69.767,30878,30950,0,185.390
1780244897.777,69.819,30878,30950,0,171.855
1780244897.831,69.874,30878,30950,0,184.173
1780244897.883,69.926,30878,30950,0,171.486
1780244897.937,69.980,30878,30950,0,148.947
1780244897.990,70.032,30878,30950,0,189.812
1780244898.047,70.089,30878,30950,0,193.962
1780244898.103,70.145,30878,30950,0,160.166
1780244898.157,70.199,30878,30950,0,184.870
1780244898.210,70.253,30878,30950,0,206.374
1780244898.263,70.306,30878,30950,0,207.133
1780244898.320,70.363,30878,30950,0,192.769
1780244898.377,70.419,30878,30950,0,177.566
1780244898.438,70.480,30878,30950,0,197.218
1780244898.492,70.534,30878,30950,0,203.189
1780244898.552,70.595,30878,30950,0,181.152
1780244898.605,70.647,30878,30950,0,210.232
1780244898.660,70.702,30878,30950,0,200.624
1780244898.718,70.761,30878,30950,0,188.209
1780244898.778,70.821,30878,30950,0,199.328
1780244898.841,70.884,30878,30950,0,191.259
1780244898.894,70.937,30878,30950,0,187.495
1780244898.952,70.995,30878,30950,0,121.138
1780244899.004,71.047,30878,30950,0,191.519
1780244899.061,71.104,30878,30950,0,211.813
1780244899.116,71.159,30878,30950,0,181.623
1780244899.169,71.211,30878,30950,0,209.250
1780244899.221,71.264,30878,30950,0,189.283
1780244899.277,71.320,30878,30950,0,160.433
1780244899.333,71.376,30878,30950,0,215.492
1780244899.387,71.430,30878,30950,0,185.437
1780244899.443,71.486,30878,30950,0,195.435
1780244899.506,71.548,30878,30950,0,128.473
1780244899.580,71.622,30878,30950,0,189.245
1780244899.635,71.678,30878,30950,0,197.977
1780244899.699,71.742,30878,30950,0,186.919
1780244899.759,71.801,30878,30950,0,185.686
1780244899.811,71.854,30878,30950,0,209.203
1780244899.921,71.964,30878,30950,0,191.232
1780244899.977,72.019,30878,30950,0,197.461
1780244900.030,72.072,30878,30950,0,189.269
1780244900.083,72.125,30878,30950,0,188.007
1780244900.136,72.179,30878,30950,0,204.933
1780244900.191,72.233,30878,30950,0,202.887
1780244900.243,72.286,30878,30950,0,208.258
1780244900.300,72.342,30878,30950,0,195.668
1780244900.359,72.402,30878,30950,0,183.902
1780244900.429,72.471,30878,30950,0,202.127
1780244900.485,72.528,30878,30950,0,194.411
1780244900.546,72.589,30878,30950,0,180.625
1780244900.599,72.642,30878,30950,0,188.157
1780244900.655,72.698,30878,30950,0,196.743
1780244900.711,72.753,30878,30950,0,198.135
1780244900.770,72.813,30878,30950,0,184.396
1780244900.841,72.883,30878,30950,0,199.771
1780244900.899,72.941,30878,30950,0,205.776
1780244900.960,73.003,30878,30950,0,194.760
1780244901.015,73.057,30878,30950,0,202.847
1780244901.067,73.110,30878,30950,0,189.746
1780244901.126,73.169,30878,30950,0,203.279
1780244901.183,73.226,30878,30950,0,194.163
1780244901.238,73.281,30878,30950,0,163.098
1780244901.293,73.336,30878,30950,0,164.575
1780244901.360,73.402,30878,30950,0,194.333
1780244901.434,73.476,30878,30950,0,162.644
1780244901.508,73.551,30878,30950,0,174.331
1780244901.594,73.636,30878,30950,0,163.943
1780244901.656,73.699,30878,30950,0,176.294
1780244901.718,73.761,30878,30950,0,144.229
1780244901.787,73.830,30878,30950,0,174.525
1780244901.840,73.882,30878,30950,0,209.319
1780244901.892,73.935,30878,30950,1,132.822
1780244901.945,73.987,30878,30950,1,152.861
1780244901.997,74.040,30878,30950,1,190.874
1780244902.050,74.093,30878,30950,1,188.453
1780244902.102,74.145,30878,30950,1,153.203
1780244902.158,74.201,30878,30950,1,196.387
1780244902.211,74.253,30878,30950,1,152.614
1780244902.264,74.307,30878,30950,1,150.439
1780244902.318,74.361,30878,30950,1,184.097
1780244902.371,74.413,30878,30950,1,210.388
1780244902.425,74.467,30878,30950,1,185.167
1780244902.478,74.521,30878,30950,1,206.325
1780244902.532,74.574,30878,30950,1,130.568
1780244902.584,74.627,30878,30950,1,133.602
1780244902.637,74.679,30878,30950,1,132.835
1780244902.689,74.732,30878,30950,1,152.303
1780244902.742,74.784,30878,30950,1,151.981
1780244902.794,74.836,30878,30950,1,153.865
1780244902.846,74.889,30878,30950,1,191.643
1780244902.899,74.942,30878,30950,1,168.926
1780244902.951,74.994,30878,30950,1,134.485
1780244903.003,75.046,30878,30950,1,153.731
1780244903.055,75.098,30878,30950,1,115.265
1780244903.107,75.150,30878,30950,1,192.519
1780244903.160,75.202,30878,30950,1,152.231
1780244903.213,75.256,30878,30950,1,168.616
1780244903.266,75.309,30878,30950,1,208.158
1780244903.318,75.361,30878,30950,1,153.115
1780244903.371,75.414,30878,30950,1,169.430
1780244903.425,75.467,30878,30950,1,112.719
1780244903.477,75.519,30878,30950,1,134.688
1780244903.529,75.571,30878,30950,1,172.802
1780244903.581,75.623,30878,30950,1,173.450
1780244903.635,75.678,30878,30950,1,183.492
1780244903.687,75.730,30878,30950,1,172.881
1780244903.739,75.782,30878,30950,1,133.859
1780244903.795,75.837,30878,30950,1,162.739
1780244903.847,75.890,30878,30950,1,153.013
1780244903.900,75.942,30878,30950,1,152.218
1780244903.953,75.996,30878,30950,1,187.740
1780244904.005,76.048,30878,30950,1,152.975
1780244904.060,76.103,30878,30950,1,199.399
1780244904.118,76.160,30878,30950,1,156.586
1780244904.171,76.213,30878,30950,1,207.729
1780244904.223,76.266,30878,30950,1,189.800
1780244904.276,76.319,30878,30950,1,170.812
1780244904.330,76.372,30878,30950,1,130.976
1780244904.382,76.425,30878,30950,1,152.342
1780244904.434,76.477,30878,30950,1,153.324
1780244904.486,76.529,30878,30950,1,153.713
1780244904.539,76.582,30878,30950,1,171.282
1780244904.591,76.634,30878,30950,1,152.502
1780244904.643,76.686,30878,30950,1,115.116
1780244904.696,76.738,30878,30950,1,172.546
1780244904.751,76.794,30878,30950,1,144.242
1780244904.803,76.846,30878,30950,1,210.579
1780244904.855,76.898,30878,30950,1,115.459
1780244904.908,76.950,30878,30950,1,114.757
1780244904.960,77.003,30878,30950,1,209.494
1780244905.012,77.055,30878,30950,1,153.196
1780244905.064,77.107,30878,30950,1,172.987
1780244905.117,77.160,30878,30950,1,209.292
1780244905.180,77.223,30878,30950,1,190.417
1780244905.232,77.275,30878,30950,1,209.919
1780244905.284,77.327,30878,30950,1,153.891
1780244905.339,77.382,30878,30950,1,199.298
1780244905.392,77.434,30878,30950,1,190.922
1780244905.444,77.487,30878,30950,1,172.593
1780244905.496,77.539,30878,30950,1,210.175
1780244905.550,77.592,30878,30950,1,187.022
1780244905.602,77.645,30878,30950,1,190.926
1780244905.658,77.701,30878,30950,1,197.504
1780244905.713,77.755,30878,30950,1,200.870
1780244905.772,77.815,30878,30950,1,202.587
1780244905.825,77.868,30878,30950,1,205.661
1780244905.878,77.920,30878,30950,1,190.796
1780244905.932,77.975,30878,30950,1,202.526
1780244905.985,78.027,30878,30950,1,209.189
1780244906.038,78.080,30878,30950,1,189.130
1780244906.090,78.132,30878,30950,1,191.241
1780244906.143,78.186,30878,30950,1,168.883
1780244906.205,78.248,30878,30950,1,192.593
1780244906.263,78.305,30878,30950,1,210.340
1780244906.320,78.362,30878,30950,1,192.853
1780244906.385,78.428,30878,30950,1,197.426
1780244906.463,78.505,30878,30950,1,116.260
1780244906.523,78.566,30878,30950,1,115.397
1780244906.593,78.636,30878,30950,1,115.061
1780244906.661,78.704,30878,30950,1,132.285
1780244906.715,78.758,30878,30950,1,184.615
1780244906.768,78.811,30878,30950,0,188.683
1780244906.822,78.865,30878,30950,0,184.862
1780244906.875,78.917,30878,30950,0,190.589
1780244906.928,78.971,30878,30950,0,204.923
1780244906.981,79.024,30878,30950,0,190.136
1780244907.033,79.076,30878,30950,0,209.699
1780244907.090,79.133,30878,30950,0,176.268
1780244907.157,79.200,30878,30950,0,194.083
1780244907.212,79.254,30878,30950,0,201.301
1780244907.265,79.307,30878,30950,0,151.092
1780244907.319,79.361,30878,30950,0,204.078
1780244907.374,79.417,30878,30950,0,199.185
1780244907.428,79.470,30878,30950,0,186.153
1780244907.491,79.534,30878,30950,0,204.507
1780244907.544,79.586,30878,30950,0,209.574
1780244907.597,79.639,30878,30950,0,207.131
1780244907.662,79.704,30878,30950,0,185.174
1780244907.714,79.757,30878,30950,0,189.309
1780244907.767,79.810,30878,30950,0,208.371
1780244907.820,79.862,30878,30950,0,191.241
1780244907.873,79.915,30878,30950,0,206.734
1780244907.935,79.978,30878,30950,0,175.954
1780244907.988,80.030,30878,30950,0,190.420
1780244908.053,80.096,30878,30950,0,213.932
1780244908.112,80.154,30878,30950,0,188.027
1780244908.166,80.208,30878,30950,0,184.533
1780244908.222,80.265,30878,30950,0,195.890
1780244908.277,80.320,30878,30950,0,199.260
1780244908.336,80.379,30878,30950,0,203.770
1780244908.397,80.440,30878,30950,0,196.087
1780244908.451,80.493,30878,30950,0,169.112
1780244908.503,80.546,30878,30950,0,189.725
1780244908.557,80.600,30878,30950,0,203.334
1780244908.610,80.653,30878,30950,0,207.115
1780244908.666,80.709,30878,30950,0,197.255
1780244908.724,80.767,30878,30950,0,188.843
1780244908.783,80.825,30878,30950,0,206.310
1780244908.841,80.884,30878,30950,0,188.406
1780244908.928,80.971,30878,30950,0,171.691
1780244908.987,81.030,30878,30950,0,186.436
1780244909.045,81.087,30878,30950,0,191.788
1780244909.100,81.143,30878,30950,0,180.430
1780244909.153,81.196,30878,30950,0,206.921
1780244909.207,81.249,30878,30950,0,168.797
1780244909.264,81.307,30878,30950,0,173.791
1780244909.317,81.359,30878,30950,0,190.145
1780244909.372,81.414,30878,30950,0,182.510
1780244909.425,81.467,30878,30950,0,188.921
1780244909.478,81.521,30878,30950,0,205.578
1780244909.533,81.576,30878,30950,0,200.331
1780244909.627,81.669,30878,30950,0,202.821
1780244909.686,81.729,30878,30950,0,185.388
1780244909.739,81.782,30878,30950,0,207.258
1780244909.792,81.835,30878,30950,0,188.553
1780244909.845,81.888,30878,30950,0,207.057
1780244909.905,81.947,30878,30950,0,151.477
1780244909.959,82.001,30878,30950,0,202.694
1780244910.017,82.059,30878,30950,0,189.575
1780244910.085,82.127,30878,30950,0,191.578
1780244910.153,82.196,30878,30950,0,161.000
1780244910.217,82.259,30878,30950,0,188.651
1780244910.270,82.313,30878,30950,0,204.729
1780244910.324,82.367,30878,30950,0,185.823
1780244910.378,82.421,30878,30950,0,202.844
1780244910.433,82.475,30878,30950,0,165.988
1780244910.485,82.528,30878,30950,0,190.742
1780244910.540,82.582,30878,30950,0,201.721
1780244910.592,82.635,30878,30950,1,189.131
1780244910.645,82.688,30878,30950,1,151.949
1780244910.700,82.742,30878,30950,1,202.114
1780244910.759,82.801,30878,30950,1,168.809
1780244910.822,82.865,30878,30950,1,157.379
1780244910.875,82.918,30878,30950,1,207.170
1780244910.932,82.974,30878,30950,1,177.485
1780244910.984,83.027,30878,30950,1,191.070
1780244911.037,83.080,30878,30950,1,188.782
1780244911.099,83.141,30878,30950,1,179.047
1780244911.151,83.194,30878,30950,1,189.117
1780244911.206,83.248,30878,30950,1,184.631
1780244911.260,83.302,30878,30950,1,184.595
1780244911.313,83.355,30878,30950,1,188.652
1780244911.374,83.417,30878,30950,1,196.060
1780244911.428,83.471,30878,30950,1,165.317
1780244911.481,83.523,30878,30950,1,152.751
1780244911.533,83.576,30878,30950,1,190.640
1780244911.586,83.628,30878,30950,1,190.666
1780244911.638,83.681,30878,30950,1,171.556
1780244911.690,83.733,30878,30950,1,191.474
1780244911.743,83.786,30878,30950,1,208.533
1780244911.795,83.838,30878,30950,1,191.558
1780244911.847,83.890,30878,30950,1,172.533
1780244911.900,83.942,30878,30950,1,210.705
1780244911.952,83.994,30878,30950,1,153.480
1780244912.004,84.047,30878,30950,1,172.188
1780244912.056,84.099,30878,30950,1,172.388
1780244912.110,84.152,30878,30950,1,187.476
1780244912.164,84.206,30878,30950,1,184.596
1780244912.216,84.258,30878,30950,1,192.423
1780244912.268,84.311,30878,30950,1,153.051
1780244912.320,84.363,30878,30950,1,172.258
1780244912.373,84.415,30878,30950,1,209.259
1780244912.426,84.468,30878,30950,1,189.113
1780244912.478,84.520,30878,30950,1,153.432
1780244912.530,84.573,30878,30950,1,192.111
1780244912.582,84.625,30878,30950,1,171.922
1780244912.634,84.677,30878,30950,1,211.453
1780244912.687,84.730,30878,30950,0,170.425
1780244912.741,84.783,30878,30950,0,186.872
1780244912.797,84.840,30878,30950,0,177.133
1780244912.849,84.892,30878,30950,0,191.203
1780244912.903,84.946,30878,30950,0,185.997
1780244912.955,84.998,30878,30950,0,172.880
1780244913.009,85.051,30878,30950,0,206.137
1780244913.063,85.105,30878,30950,0,202.533
1780244913.123,85.166,30878,30950,0,198.331
1780244913.176,85.219,30878,30950,0,189.946
1780244913.229,85.271,30878,30950,0,189.594
1780244913.281,85.323,30878,30950,0,192.324
1780244913.333,85.376,30878,30950,0,209.801
1780244913.387,85.430,30878,30950,0,203.608
1780244913.440,85.483,30878,30950,0,188.817
1780244913.493,85.536,30878,30950,0,187.765
1780244913.547,85.589,30878,30950,0,206.215
1780244913.603,85.646,30878,30950,0,195.100
1780244913.657,85.699,30878,30950,0,187.334
1780244913.719,85.762,30878,30950,0,207.464
1780244913.778,85.820,30878,30950,0,187.432
1780244913.833,85.875,30878,30950,0,201.125
1780244913.885,85.928,30878,30950,0,189.908
1780244913.939,85.981,30878,30950,0,206.426
1780244913.991,86.034,30878,30950,0,189.349
1780244914.044,86.086,30878,30950,0,210.376
1780244914.096,86.138,30878,30950,0,210.950
1780244914.148,86.191,30878,30950,0,172.193
1780244914.203,86.245,30878,30950,0,201.603
1780244914.258,86.301,30878,30950,0,197.557
1780244914.312,86.355,30878,30950,0,205.037
1780244914.364,86.407,30878,30950,0,209.406
1780244914.417,86.460,30878,30950,0,188.934
1780244914.472,86.515,30878,30950,0,200.529
1780244914.525,86.567,30878,30950,0,190.296
1780244914.580,86.623,30878,30950,0,198.200
1780244914.633,86.675,30878,30950,0,210.669
1780244914.685,86.728,30878,30950,0,189.522
1780244914.738,86.780,30878,30950,0,190.385
1780244914.791,86.833,30878,30950,0,189.227
1780244914.847,86.890,30878,30950,0,194.097
1780244914.900,86.943,30878,30950,0,207.054
1780244914.955,86.998,30878,30950,0,182.442
1780244915.009,87.051,30878,30950,0,205.875
1780244915.066,87.109,30878,30950,0,190.276
1780244915.121,87.164,30878,30950,0,201.514
1780244915.176,87.219,30878,30950,0,199.669
1780244915.230,87.272,30878,30950,0,206.076
1780244915.283,87.325,30878,30950,0,206.396
1780244915.336,87.379,30878,30950,0,186.733
1780244915.392,87.434,30878,30950,0,199.389
1780244915.444,87.486,30878,30950,0,191.487
1780244915.496,87.539,30878,30950,0,191.434
1780244915.562,87.604,30878,30950,0,198.530
1780244915.614,87.657,30878,30950,0,209.367
1780244915.668,87.711,30878,30950,0,185.448
1780244915.720,87.763,30878,30950,0,191.087
1780244915.774,87.817,30878,30950,0,186.520
1780244915.828,87.870,30878,30950,0,204.555
1780244915.884,87.926,30878,30950,0,196.248
1780244915.938,87.980,30878,30950,0,185.465
1780244915.991,88.033,30878,30950,0,206.872
1780244916.044,88.086,30878,30950,0,208.427
1780244916.114,88.157,30878,30950,0,184.668
1780244916.201,88.244,30878,30950,0,194.424
1780244916.254,88.297,30878,30950,0,209.349
1780244916.308,88.351,30878,30950,0,166.615
1780244916.360,88.403,30878,30950,0,172.954
1780244916.413,88.455,30878,30950,0,190.405
1780244916.465,88.507,30878,30950,0,172.775
1780244916.523,88.566,30878,30950,0,171.449
1780244916.575,88.618,30878,30950,0,172.740
1780244916.627,88.670,30878,30950,0,191.764
1780244916.679,88.722,30878,30950,0,191.316
1780244916.746,88.789,30878,30950,0,179.370
1780244916.799,88.841,30878,30950,0,172.127
1780244916.851,88.894,30878,30950,0,170.938
1780244916.904,88.946,30878,30950,0,191.692
1780244916.956,88.998,30878,30950,0,191.060
1780244917.008,89.050,30878,30950,0,134.797
1780244917.060,89.103,30878,30950,0,191.818
1780244917.114,89.157,30878,30950,0,185.212
1780244917.166,89.209,30878,30950,0,190.491
1780244917.219,89.262,30878,30950,0,171.387
1780244917.271,89.314,30878,30950,0,191.431
1780244917.324,89.366,30878,30950,0,209.741
1780244917.376,89.419,30878,30950,0,189.307
1780244917.428,89.471,30878,30950,0,192.417
1780244917.481,89.523,30878,30950,0,172.646
1780244917.533,89.575,30878,30950,0,192.163
1780244917.585,89.628,30878,30950,0,190.469
1780244917.637,89.680,30878,30950,0,191.775
1780244917.690,89.732,30878,30950,0,210.114
1780244917.750,89.793,30878,30950,0,148.716
1780244917.802,89.845,30878,30950,0,172.883
1780244917.855,89.897,30878,30950,0,152.502
1780244917.908,89.951,30878,30950,0,206.246
1780244917.966,90.009,30878,30950,0,68.299
1780244918.019,90.061,30878,30950,0,57.537
1780244918.072,90.114,30878,30950,0,37.728
1780244918.124,90.166,30878,30950,0,38.394
1780244918.176,90.218,30878,30950,0,38.509
1780244918.228,90.270,30878,30950,0,153.994
1780244918.280,90.323,30878,30950,0,153.001
1780244918.332,90.374,30878,30950,0,57.828
1780244918.384,90.426,30878,30950,0,38.591
1780244918.435,90.478,30878,30950,0,38.576
1780244918.488,90.531,30878,30950,0,56.978
1780244918.540,90.583,30878,30950,0,38.515
1780244918.592,90.634,30878,30950,0,96.415
1780244918.644,90.686,30878,30950,0,154.144
1780244918.698,90.741,30878,30950,0,129.170
1780244918.750,90.793,30878,30950,0,38.405
1780244918.802,90.845,30878,30950,0,38.531
1780244918.854,90.896,30878,30950,0,38.537
1780244918.906,90.948,30878,30950,0,19.257
1780244918.958,91.001,30878,30950,0,57.478
1780244919.010,91.053,30878,30950,0,57.256
1780244919.062,91.105,30878,30950,0,38.397
1780244919.115,91.157,30878,30950,0,19.197
1780244919.167,91.209,30878,30950,0,57.469
1780244919.219,91.261,30878,30950,0,38.456
1780244919.273,91.316,30878,30950,0,18.332
1780244919.326,91.368,30878,30950,0,57.357
1780244919.378,91.420,30878,30950,0,38.544
1780244919.429,91.472,30878,30950,0,19.280
1780244919.481,91.524,30878,30950,0,57.657
1780244919.533,91.576,30878,30950,0,57.784
1780244919.585,91.628,30878,30950,0,191.936
1780244919.642,91.685,30878,30950,0,140.577
1780244919.694,91.737,30878,30950,0,38.574
1780244919.746,91.789,30878,30950,0,38.544
1780244919.798,91.841,30878,30950,0,38.235
1780244919.850,91.893,30878,30950,0,38.557
1780244919.902,91.945,30878,30950,0,38.512
1780244919.954,91.997,30878,30950,0,38.547
1780244920.006,92.049,30878,30950,0,38.238
1780244920.059,92.101,30878,30950,0,57.344
1780244920.111,92.153,30878,30950,0,38.344
1780244920.166,92.209,30878,30950,0,36.308
1780244920.218,92.261,30878,30950,0,57.540
1780244920.272,92.314,30878,30950,0,37.412
1780244920.323,92.366,30878,30950,0,38.558
1780244920.375,92.418,30878,30950,0,19.299
1780244920.427,92.470,30878,30950,0,38.595
1780244920.479,92.521,30878,30950,0,38.583
1780244920.531,92.573,30878,30950,0,38.476
1780244920.583,92.625,30878,30950,0,96.416
1780244920.635,92.678,30878,30950,0,172.401
1780244920.687,92.730,30878,30950,0,152.510
1780244920.739,92.782,30878,30950,0,76.949
1780244920.791,92.834,30878,30950,0,38.498
1780244920.843,92.886,30878,30950,0,38.561
1780244920.895,92.938,30878,30950,0,57.886
1780244920.947,92.989,30878,30950,0,38.574
1780244920.999,93.042,30878,30950,0,38.190
1780244921.051,93.094,30878,30950,0,57.834
1780244921.103,93.146,30878,30950,0,0.000
1780244921.155,93.197,30878,30950,0,19.292
1780244921.207,93.250,30878,30950,0,57.259
1780244921.259,93.302,30878,30950,0,19.270
1780244921.312,93.354,30878,30950,0,57.085
1780244921.364,93.406,30878,30950,0,0.000
1780244921.415,93.458,30878,30950,0,38.604
1780244921.467,93.510,30878,30950,0,38.439
1780244921.519,93.562,30878,30950,0,19.273
1780244921.571,93.614,30878,30950,0,19.292
1780244921.623,93.666,30878,30950,0,0.000
1780244921.675,93.717,30878,30950,0,0.000
1780244921.727,93.769,30878,30950,0,0.000
1780244921.779,93.821,30878,30950,0,96.352
1780244921.831,93.873,30878,30950,0,115.082
1780244921.884,93.926,30878,30950,0,188.530
1780244921.936,93.979,30878,30950,0,134.233
1780244921.988,94.030,30878,30950,0,57.807
1780244922.040,94.082,30878,30950,0,19.289
1780244922.092,94.134,30878,30950,0,38.583
1780244922.143,94.186,30878,30950,0,38.576
1780244922.195,94.238,30878,30950,0,57.895
1780244922.247,94.290,30878,30950,0,38.462
1780244922.299,94.342,30878,30950,0,38.529
1780244922.351,94.394,30878,30950,0,38.569
1780244922.403,94.445,30878,30950,0,77.152
1780244922.458,94.501,30878,30950,0,18.035
1780244922.510,94.553,30878,30950,0,38.375
1780244922.563,94.605,30878,30950,0,38.337
1780244922.615,94.657,30878,30950,0,57.479
1780244922.667,94.709,30878,30950,0,38.390
1780244922.722,94.765,30878,30950,0,36.051
1780244922.774,94.817,30878,30950,0,38.406
1780244922.826,94.869,30878,30950,0,153.652
1780244922.879,94.922,30878,30950,0,189.655
1780244922.932,94.974,30878,30950,0,152.344
1780244922.984,95.026,30878,30950,0,38.572
1780244923.037,95.080,30878,30950,0,56.125
1780244923.096,95.138,30878,30950,0,34.135
1780244923.148,95.190,30878,30950,0,38.381
1780244923.200,95.242,30878,30950,0,38.539
1780244923.251,95.294,30878,30950,0,38.558
1780244923.303,95.346,30878,30950,0,38.584
1780244923.355,95.398,30878,30950,0,57.846
1780244923.407,95.450,30878,30950,0,38.420
1780244923.459,95.502,30878,30950,0,38.572
1780244923.512,95.554,30878,30950,0,56.860
1780244923.564,95.607,30878,30950,0,38.384
1780244923.616,95.659,30878,30950,0,57.436
1780244923.668,95.711,30878,30950,0,38.515
1780244923.720,95.763,30878,30950,0,57.618
1780244923.773,95.815,30878,30950,0,38.143
1780244923.825,95.868,30878,30950,0,76.039
1780244923.878,95.920,30878,30950,0,133.124
1780244923.931,95.973,30878,30950,0,170.393
1780244923.983,96.025,30878,30950,1,153.661
1780244924.035,96.077,30878,30950,1,76.896
1780244924.087,96.129,30878,30950,1,38.391
1780244924.139,96.181,30878,30950,1,115.752
1780244924.191,96.233,30878,30950,1,172.886
1780244924.243,96.285,30878,30950,1,191.659
1780244924.295,96.337,30878,30950,1,77.073
1780244924.347,96.389,30878,30950,1,57.879
1780244924.398,96.441,30878,30950,1,38.562
1780244924.451,96.493,30878,30950,1,0.000
1780244924.503,96.546,30878,30950,1,76.606
1780244924.555,96.598,30878,30950,1,38.427
1780244924.607,96.650,30878,30950,1,0.000
1780244924.659,96.702,30878,30950,1,19.280
1780244924.711,96.754,30878,30950,1,0.000
1780244924.763,96.805,30878,30950,1,0.000
1780244924.815,96.857,30878,30950,1,57.878
1780244924.867,96.909,30878,30950,1,173.207
1780244924.919,96.962,30878,30950,1,189.939
1780244924.971,97.014,30878,30950,1,191.816
1780244925.024,97.066,30878,30950,1,190.973
1780244925.076,97.119,30878,30950,1,171.794
1780244925.134,97.177,30878,30950,1,172.503
1780244925.186,97.229,30878,30950,1,191.257
1780244925.243,97.285,30878,30950,1,159.830
1780244925.295,97.338,30878,30950,0,114.799
1780244925.347,97.390,30878,30950,0,153.434
1780244925.400,97.443,30878,30950,0,151.033
1780244925.452,97.495,30878,30950,0,114.696
1780244925.504,97.547,30878,30950,0,192.076
1780244925.556,97.599,30878,30950,0,153.880
1780244925.611,97.653,30878,30950,0,165.429
1780244925.667,97.710,30878,30950,0,124.165
1780244925.724,97.766,30878,30950,0,177.138
1780244925.776,97.819,30878,30950,0,210.138
1780244925.829,97.871,30878,30950,0,189.645
1780244925.887,97.930,30878,30950,0,170.387
1780244925.939,97.982,30878,30950,0,153.712
1780244925.994,98.037,30878,30950,0,182.789
1780244926.052,98.095,30878,30950,0,173.053
1780244926.105,98.147,30878,30950,0,152.188
1780244926.159,98.202,30878,30950,0,147.148
1780244926.211,98.254,30878,30950,0,191.431
1780244926.266,98.308,30878,30950,0,201.111
1780244926.320,98.362,30878,30950,0,185.088
1780244926.372,98.415,30878,30950,1,210.449
1780244926.425,98.468,30878,30950,1,187.959
1780244926.479,98.522,30878,30950,1,205.279
1780244926.532,98.574,30878,30950,1,189.663
1780244926.587,98.629,30878,30950,1,199.533
1780244926.648,98.690,30878,30950,1,197.517
1780244926.700,98.743,30878,30950,1,190.484
1780244926.752,98.795,30878,30950,1,133.417
1780244926.806,98.849,30878,30950,1,203.846
1780244926.859,98.901,30878,30950,1,172.844
1780244926.916,98.958,30878,30950,1,192.340
1780244926.968,99.011,30878,30950,1,171.826
1780244927.020,99.063,30878,30950,1,191.944
1780244927.074,99.117,30878,30950,1,202.718
1780244927.129,99.171,30878,30950,1,147.030
1780244927.186,99.228,30878,30950,1,193.528
1780244927.239,99.282,30878,30950,1,204.501
1780244927.294,99.336,30878,30950,1,203.033
1780244927.348,99.391,30878,30950,1,165.730
1780244927.400,99.443,30878,30950,1,153.030
1780244927.454,99.497,30878,30950,1,203.170
1780244927.513,99.555,30878,30950,1,189.131
1780244927.568,99.610,30878,30950,1,200.019
1780244927.620,99.663,30878,30950,1,152.552
1780244927.676,99.719,30878,30950,1,213.516
1780244927.731,99.774,30878,30950,1,181.427
1780244927.784,99.826,30878,30950,1,191.471
1780244927.836,99.879,30878,30950,1,209.409
1780244927.889,99.931,30878,30950,1,190.206
1780244927.942,99.985,30878,30950,1,187.495
1780244927.996,100.039,30878,30950,1,184.792
1780244928.049,100.091,30878,30950,1,208.780
1780244928.108,100.150,30878,30950,1,186.175
1780244928.160,100.203,30878,30950,1,210.845
1780244928.213,100.256,30878,30950,1,170.202
1780244928.267,100.309,30878,30950,1,185.636
1780244928.321,100.364,30878,30950,1,201.923
1780244928.379,100.421,30878,30950,1,191.472
1780244928.433,100.475,30878,30950,1,203.659
1780244928.486,100.528,30878,30950,1,189.289
1780244928.540,100.583,30878,30950,1,220.306
1780244928.593,100.636,30878,30950,1,187.363
1780244928.651,100.693,30878,30950,1,192.386
1780244928.704,100.747,30878,30950,1,204.141
1780244928.757,100.800,30878,30950,1,188.694
1780244928.811,100.854,30878,30950,1,185.863
1780244928.866,100.908,30878,30950,1,201.631
1780244928.926,100.968,30878,30950,1,200.737
1780244928.983,101.025,30878,30950,1,209.509
1780244929.035,101.078,30878,30950,1,191.734
1780244929.089,101.131,30878,30950,1,167.749
1780244929.141,101.184,30878,30950,1,172.217
1780244929.195,101.238,30878,30950,1,184.606
1780244929.250,101.293,30878,30950,1,217.569
1780244929.307,101.349,30878,30950,1,194.506
1780244929.362,101.405,30878,30950,1,199.032
1780244929.418,101.461,30878,30950,1,195.565
1780244929.475,101.518,30878,30950,1,192.953
1780244929.534,101.576,30878,30950,1,205.011
1780244929.588,101.631,30878,30950,1,183.657
1780244929.643,101.685,30878,30950,1,219.963
1780244929.700,101.742,30878,30950,1,192.965
1780244929.754,101.797,30878,30950,1,201.899
1780244929.807,101.850,30878,30950,1,189.601
1780244929.860,101.902,30878,30950,1,190.689
1780244929.914,101.957,30878,30950,1,201.109
1780244929.970,102.013,30878,30950,1,195.990
1780244930.023,102.066,30878,30950,1,189.034
1780244930.091,102.134,30878,30950,1,205.239
1780244930.152,102.194,30878,30950,1,182.388
1780244930.207,102.250,30878,30950,1,199.392
1780244930.262,102.304,30878,30950,1,201.148
1780244930.317,102.359,30878,30950,1,199.283
1780244930.371,102.414,30878,30950,1,203.049
1780244930.429,102.472,30878,30950,1,188.444
1780244930.487,102.530,30878,30950,1,208.039
1780244930.541,102.584,30878,30950,1,185.228
1780244930.597,102.640,30878,30950,1,195.298
1780244930.658,102.701,30878,30950,1,198.095
1780244930.712,102.755,30878,30950,1,202.575
1780244930.770,102.812,30878,30950,1,191.648
1780244930.823,102.865,30878,30950,1,207.603
1780244930.878,102.920,30878,30950,1,199.713
1780244930.930,102.973,30878,30950,1,191.682
1780244930.982,103.025,30878,30950,1,209.675
1780244931.035,103.077,30878,30950,1,191.287
1780244931.088,103.130,30878,30950,1,207.614
1780244931.140,103.182,30878,30950,1,191.787
1780244931.199,103.241,30878,30950,1,186.409
1780244931.253,103.296,30878,30950,1,182.810
1780244931.308,103.351,30878,30950,1,201.576
1780244931.362,103.405,30878,30950,1,203.388
1780244931.417,103.460,30878,30950,1,217.217
1780244931.473,103.516,30878,30950,1,197.332
1780244931.530,103.572,30878,30950,1,194.022
1780244931.584,103.627,30878,30950,1,203.253
1780244931.660,103.703,30878,30950,1,184.057
1780244931.717,103.759,30878,30950,1,194.367
1780244931.770,103.812,30878,30950,1,187.713
1780244931.830,103.873,30878,30950,1,216.402
1780244931.885,103.928,30878,30950,1,198.484
1780244931.938,103.981,30878,30950,1,169.776
1780244931.993,104.035,30878,30950,1,202.673
1780244932.046,104.089,30878,30950,1,168.159
1780244932.103,104.146,30878,30950,1,210.367
1780244932.157,104.200,30878,30950,1,184.885
1780244932.214,104.257,30878,30950,1,211.555
1780244932.276,104.318,30878,30950,1,194.944
1780244932.330,104.372,30878,30950,1,203.671
1780244932.388,104.431,30878,30950,1,187.089
1780244932.457,104.500,30878,30950,1,189.144
1780244932.517,104.560,30878,30950,1,200.114
1780244932.588,104.631,30878,30950,1,182.807
1780244932.657,104.699,30878,30950,1,174.961
1780244932.711,104.754,30878,30950,1,201.206
1780244932.766,104.808,30878,30950,1,203.454
1780244932.820,104.863,30878,30950,1,183.602
1780244932.875,104.918,30878,30950,1,199.710
1780244932.932,104.975,30878,30950,1,208.908
1780244932.987,105.029,30878,30950,1,184.507
1780244933.040,105.083,30878,30950,1,206.114
1780244933.105,105.148,30878,30950,1,199.918
1780244933.165,105.207,30878,30950,1,201.175
1780244933.226,105.269,30878,30950,1,179.066
1780244933.288,105.330,30878,30950,1,194.992
1780244933.342,105.385,30878,30950,1,201.720
1780244933.397,105.440,30878,30950,1,217.458
1780244933.458,105.501,30878,30950,1,181.426
1780244933.513,105.556,30878,30950,1,198.901
1780244933.567,105.610,30878,30950,1,204.775
1780244933.622,105.665,30878,30950,1,198.610
1780244933.681,105.723,30878,30950,1,188.847
1780244933.753,105.795,30878,30950,1,166.498
1780244933.806,105.849,30878,30950,1,187.015
1780244933.860,105.903,30878,30950,1,204.148
1780244933.917,105.960,30878,30950,1,193.084
1780244933.972,106.015,30878,30950,1,199.704
1780244934.027,106.069,30878,30950,1,220.815
1780244934.086,106.129,30878,30950,1,183.620
1780244934.140,106.183,30878,30950,1,185.778
1780244934.194,106.237,30878,30950,1,203.210
1780244934.270,106.312,30878,30950,1,186.296
1780244934.329,106.372,30878,30950,1,184.052
1780244934.384,106.426,30878,30950,1,221.379
1780244934.480,106.523,30878,30950,1,186.139
1780244934.546,106.589,30878,30950,1,182.537
1780244934.599,106.642,30878,30950,1,187.186
1780244934.653,106.695,30878,30950,1,187.564
1780244934.711,106.754,30878,30950,1,204.858
1780244934.769,106.812,30878,30950,1,190.802
1780244934.892,106.935,30878,30950,1,194.263
1780244934.959,107.001,30878,30950,1,165.781
1780244935.036,107.079,30878,30950,1,168.232
1780244935.118,107.161,30878,30950,1,182.773
1780244935.182,107.225,30878,30950,1,188.266
1780244935.237,107.279,30878,30950,1,200.792
1780244935.291,107.334,30878,30950,1,200.820
1780244935.356,107.399,30878,30950,1,184.708
1780244935.428,107.470,30878,30950,1,182.328
1780244935.482,107.525,30878,30950,1,183.147
1780244935.536,107.579,30878,30950,1,186.448
1780244935.589,107.632,30878,30950,1,169.003
1780244935.643,107.685,30878,30950,1,205.901
1780244935.701,107.744,30878,30950,1,188.422
1780244935.755,107.797,30878,30950,1,167.776
1780244935.815,107.858,30878,30950,1,198.170
1780244935.876,107.919,30878,30950,1,196.178
1780244935.931,107.973,30878,30950,1,184.214
1780244935.984,108.026,30878,30950,1,150.954
1780244936.037,108.079,30878,30950,1,189.061
1780244936.089,108.132,30878,30950,1,189.677
1780244936.147,108.190,30878,30950,1,189.868
1780244936.201,108.243,30878,30950,1,187.287
1780244936.255,108.298,30878,30950,1,183.730
1780244936.317,108.360,30878,30950,1,192.470
1780244936.372,108.415,30878,30950,1,181.776
1780244936.435,108.477,30878,30950,1,176.414
1780244936.489,108.531,30878,30950,1,203.248
1780244936.553,108.596,30878,30950,1,187.301
1780244936.610,108.653,30878,30950,1,174.901
1780244936.664,108.706,30878,30950,1,223.361
1780244936.746,108.789,30878,30950,1,182.758
1780244936.802,108.845,30878,30950,1,177.078
1780244936.858,108.900,30878,30950,1,198.657
1780244936.927,108.969,30878,30950,1,188.251
1780244936.981,109.024,30878,30950,1,183.729
1780244937.037,109.080,30878,30950,1,196.637
1780244937.093,109.136,30878,30950,1,195.675
1780244937.151,109.194,30878,30950,1,189.722
1780244937.208,109.251,30878,30950,1,211.680
1780244937.266,109.308,30878,30950,1,191.355
1780244937.332,109.375,30878,30950,1,165.087
1780244937.395,109.437,30878,30950,1,208.219
1780244937.481,109.523,30878,30950,1,197.289
1780244937.571,109.614,30878,30950,1,176.574
1780244937.655,109.698,30878,30950,1,179.163
1780244937.725,109.767,30878,30950,1,200.932
1780244937.808,109.850,30878,30950,1,168.830
1780244937.864,109.906,30878,30950,1,195.893
1780244937.919,109.962,30878,30950,1,198.816
1780244937.977,110.020,30878,30950,1,189.754
1780244938.031,110.073,30878,30950,1,186.852
1780244938.086,110.128,30878,30950,1,199.509
1780244938.153,110.196,30878,30950,1,178.668
1780244938.208,110.251,30878,30950,1,180.456
1780244938.267,110.309,30878,30950,1,171.258
1780244938.319,110.362,30878,30950,1,133.583
1780244938.372,110.415,30878,30950,1,187.826
1780244938.426,110.469,30878,30950,1,205.015
1780244938.493,110.536,30878,30950,1,179.308
1780244938.554,110.596,30878,30950,1,197.875
1780244938.609,110.652,30878,30950,1,180.081
1780244938.663,110.705,30878,30950,1,205.266
1780244938.722,110.764,30878,30950,1,187.110
1780244938.778,110.820,30878,30950,1,196.564
1780244938.843,110.886,30878,30950,1,151.721
1780244938.897,110.939,30878,30950,1,169.406
1780244938.949,110.992,30878,30950,1,132.392
1780244939.008,111.051,30878,30950,1,136.590
1780244939.062,111.104,30878,30950,1,167.848
1780244939.115,111.158,30878,30950,1,130.126
1780244939.172,111.214,30878,30950,1,141.904
1780244939.224,111.267,30878,30950,1,133.145
1780244939.278,111.321,30878,30950,1,129.691
1780244939.331,111.373,30878,30950,1,172.241
1780244939.383,111.426,30878,30950,1,170.542
1780244939.436,111.479,30878,30950,1,190.273
1780244939.507,111.550,30878,30950,1,210.520
1780244939.560,111.603,30878,30950,1,188.947
1780244939.624,111.666,30878,30950,1,188.534
1780244939.679,111.721,30878,30950,1,200.762
1780244939.738,111.781,30878,30950,1,201.654
1780244939.836,111.878,30878,30950,1,174.410
1780244939.906,111.948,30878,30950,1,128.057
1780244939.961,112.003,30878,30950,1,127.692
1780244940.017,112.060,30878,30950,1,194.811
1780244940.082,112.125,30878,30950,1,168.491
1780244940.142,112.184,30878,30950,1,101.001
1780244940.195,112.238,30878,30950,1,168.099
1780244940.249,112.291,30878,30950,1,168.723
1780244940.303,112.345,30878,30950,1,204.236
1780244940.358,112.401,30878,30950,1,179.473
1780244940.415,112.457,30878,30950,1,194.333
1780244940.473,112.516,30878,30950,1,189.026
1780244940.542,112.585,30878,30950,1,174.266
1780244940.595,112.638,30878,30950,1,206.500
1780244940.664,112.706,30878,30950,1,175.207
1780244940.721,112.764,30878,30950,1,191.803
1780244940.790,112.832,30878,30950,1,189.742
1780244940.845,112.888,30878,30950,1,144.387
1780244940.929,112.972,30878,30950,1,165.599
1780244940.986,113.029,30878,30950,1,194.959
1780244941.038,113.081,30878,30950,1,172.186
1780244941.090,113.133,30878,30950,1,191.729
1780244941.144,113.186,30878,30950,1,205.747
1780244941.199,113.241,30878,30950,1,182.128
1780244941.252,113.295,30878,30950,1,131.514
1780244941.314,113.357,30878,30950,1,161.160
1780244941.378,113.421,30878,30950,1,201.822
1780244941.460,113.502,30878,30950,1,184.342
1780244941.526,113.569,30878,30950,1,180.195
1780244941.581,113.624,30878,30950,1,164.400
1780244941.635,113.677,30878,30950,1,185.936
1780244941.688,113.731,30878,30950,1,169.707
1780244941.778,113.821,30878,30950,1,199.092
1780244941.832,113.875,30878,30950,1,185.455
1780244941.901,113.944,30878,30950,1,188.584
1780244941.975,114.018,30878,30950,1,175.706
1780244942.036,114.078,30878,30950,1,198.533
1780244942.094,114.136,30878,30950,1,138.174
1780244942.147,114.189,30878,30950,1,169.506
1780244942.201,114.243,30878,30950,1,184.311
1780244942.263,114.306,30878,30950,1,191.819
1780244942.323,114.366,30878,30950,1,167.585
1780244942.376,114.418,30878,30950,1,190.204
1780244942.437,114.479,30878,30950,1,212.527
1780244942.514,114.556,30878,30950,1,169.127
1780244942.590,114.633,30878,30950,1,170.557
1780244942.654,114.697,30878,30950,1,218.040
1780244942.721,114.764,30878,30950,1,178.794
1780244942.775,114.817,30878,30950,0,149.740
1780244942.828,114.871,30878,30950,0,185.923
1780244942.882,114.925,30878,30950,0,186.667
1780244942.938,114.980,30878,30950,0,179.888
1780244942.992,115.034,30878,30950,0,184.548
1780244943.049,115.091,30878,30950,0,192.989
1780244943.102,115.145,30878,30950,0,204.926
1780244943.157,115.200,30878,30950,0,183.402
1780244943.213,115.255,30878,30950,0,197.471
1780244943.266,115.309,30878,30950,0,149.945
1780244943.322,115.365,30878,30950,0,160.216
1780244943.375,115.418,30878,30950,0,131.436
1780244943.428,115.471,30878,30950,0,113.809
1780244943.482,115.524,30878,30950,0,150.015
1780244943.534,115.576,30878,30950,0,133.985
1780244943.586,115.629,30878,30950,0,114.012
1780244943.639,115.681,30878,30950,0,134.028
1780244943.691,115.733,30878,30950,0,134.126
1780244943.743,115.786,30878,30950,0,171.698
1780244943.797,115.840,30878,30950,0,185.021
1780244943.850,115.893,30878,30950,0,188.314
1780244943.906,115.948,30878,30950,0,198.728
1780244943.960,116.002,30878,30950,0,204.491
1780244944.014,116.056,30878,30950,0,185.109
1780244944.074,116.117,30878,30950,0,165.703
1780244944.131,116.173,30878,30950,0,158.135
1780244944.190,116.233,30878,30950,0,169.246
1780244944.245,116.287,30878,30950,0,164.007
1780244944.297,116.340,30878,30950,0,209.571
1780244944.350,116.393,30878,30950,0,150.391
1780244944.403,116.445,30878,30950,0,153.388
1780244944.470,116.513,30878,30950,0,206.279
1780244944.524,116.566,30878,30950,0,187.642
1780244944.578,116.620,30878,30950,0,203.845
1780244944.640,116.683,30878,30950,0,176.154
1780244944.693,116.735,30878,30950,0,171.077
1780244944.746,116.788,30878,30950,0,188.525
1780244944.800,116.843,30878,30950,0,128.622
1780244944.853,116.895,30878,30950,0,133.990
1780244944.907,116.950,30878,30950,0,127.799
1780244944.961,117.004,30878,30950,0,111.524
1780244945.014,117.056,30878,30950,0,114.098
1780244945.066,117.108,30878,30950,1,96.046
1780244945.118,117.160,30878,30950,1,96.032
1780244945.170,117.212,30878,30950,1,115.236
1780244945.222,117.265,30878,30950,1,95.949
1780244945.274,117.317,30878,30950,1,134.316
1780244945.326,117.369,30878,30950,1,96.015
1780244945.378,117.421,30878,30950,1,95.938
1780244945.431,117.473,30878,30950,1,190.072
1780244945.489,117.531,30878,30950,1,190.472
1780244945.548,117.590,30878,30950,1,169.480
1780244945.600,117.642,30878,30950,1,172.430
1780244945.652,117.695,30878,30950,0,172.709
1780244945.704,117.747,30878,30950,0,191.301
1780244945.757,117.799,30878,30950,0,114.247
1780244945.811,117.854,30878,30950,0,147.049
1780244945.864,117.906,30878,30950,0,133.517
1780244945.916,117.958,30878,30950,0,172.630
1780244945.969,118.012,30878,30950,0,204.681
1780244946.022,118.065,30878,30950,0,113.787
1780244946.075,118.118,30878,30950,0,132.481
1780244946.127,118.170,30878,30950,0,114.519
1780244946.180,118.222,30878,30950,0,134.301
1780244946.232,118.275,30878,30950,0,190.853
1780244946.285,118.328,30878,30950,0,130.853
1780244946.338,118.380,30878,30950,0,134.392
1780244946.393,118.436,30878,30950,0,197.183
1780244946.446,118.488,30878,30950,0,171.802
1780244946.498,118.541,30878,30950,0,114.157
1780244946.553,118.595,30878,30950,0,184.255
1780244946.605,118.648,30878,30950,0,171.583
1780244946.657,118.700,30878,30950,0,133.937
1780244946.710,118.752,30878,30950,0,152.459
1780244946.762,118.805,30878,30950,0,209.158
1780244946.815,118.857,30878,30950,0,114.378
1780244946.867,118.909,30878,30950,0,153.774
1780244946.919,118.962,30878,30950,0,208.811
1780244946.972,119.014,30878,30950,0,133.652
1780244947.027,119.069,30878,30950,0,72.822
1780244947.079,119.121,30878,30950,0,153.630
1780244947.131,119.174,30878,30950,0,191.417
1780244947.187,119.229,30878,30950,0,143.481
1780244947.239,119.281,30878,30950,0,96.047
1780244947.291,119.334,30878,30950,0,134.441
1780244947.344,119.386,30878,30950,0,207.914
1780244947.397,119.439,30878,30950,0,189.888
1780244947.449,119.492,30878,30950,0,189.011
1780244947.501,119.544,30878,30950,0,192.126
1780244947.554,119.596,30878,30950,0,172.199
1780244947.607,119.650,30878,30950,0,188.049
1780244947.662,119.704,30878,30950,0,182.069
1780244947.714,119.757,30878,30950,0,171.173
1780244947.767,119.809,30878,30950,0,190.702
1780244947.820,119.862,30878,30950,0,170.096
1780244947.874,119.916,30878,30950,0,111.590
1780244947.926,119.969,30878,30950,0,209.286
1780244947.979,120.022,30878,30950,0,187.458
1780244948.039,120.082,30878,30950,1,133.947
1780244948.091,120.134,30878,30950,1,172.579
1780244948.144,120.187,30878,30950,1,208.519
1780244948.196,120.239,30878,30950,1,133.646
1780244948.250,120.293,30878,30950,1,186.355
1780244948.304,120.347,30878,30950,1,185.124
1780244948.357,120.400,30878,30950,1,187.785
1780244948.410,120.452,30878,30950,1,171.430
1780244948.462,120.505,30878,30950,1,171.902
1780244948.515,120.558,30878,30950,1,188.095
1780244948.568,120.610,30878,30950,1,190.600
1780244948.620,120.663,30878,30950,1,190.596
1780244948.673,120.716,30878,30950,1,207.667
1780244948.726,120.769,30878,30950,1,170.667
1780244948.778,120.821,30878,30950,0,76.426
1780244948.831,120.873,30878,30950,0,171.734
1780244948.884,120.926,30878,30950,0,207.668
1780244948.937,120.979,30878,30950,0,208.193
1780244948.998,121.040,30878,30950,0,147.363
1780244949.050,121.092,30878,30950,0,192.124
1780244949.102,121.144,30878,30950,0,134.439
1780244949.155,121.198,30878,30950,0,167.807
1780244949.208,121.250,30878,30950,0,152.669
1780244949.260,121.303,30878,30950,0,171.304
1780244949.314,121.356,30878,30950,0,206.965
1780244949.366,121.409,30878,30950,0,209.805
1780244949.419,121.461,30878,30950,0,189.777
1780244949.472,121.514,30878,30950,0,150.957
1780244949.524,121.567,30878,30950,0,152.385
1780244949.577,121.619,30878,30950,0,171.270
1780244949.636,121.679,30878,30950,0,66.865
1780244949.701,121.744,30878,30950,0,139.319
1780244949.753,121.796,30878,30950,0,210.866
1780244949.808,121.850,30878,30950,0,165.801
1780244949.860,121.902,30878,30950,0,172.011
1780244949.912,121.955,30878,30950,0,190.874
1780244949.965,122.007,30878,30950,0,171.316
1780244950.017,122.060,30878,30950,0,191.446
1780244950.070,122.112,30878,30950,0,171.449
1780244950.122,122.165,30878,30950,0,189.895
1780244950.174,122.217,30878,30950,0,210.646
1780244950.227,122.269,30878,30950,0,172.409
1780244950.279,122.322,30878,30950,0,172.069
1780244950.332,122.374,30878,30950,0,189.900
1780244950.384,122.427,30878,30950,0,171.817
1780244950.436,122.479,30878,30950,0,76.927
1780244950.488,122.531,30878,30950,0,134.717
1780244950.540,122.583,30878,30950,0,153.515
1780244950.592,122.635,30878,30950,0,191.462
1780244950.645,122.687,30878,30950,0,190.874
1780244950.719,122.762,30878,30950,0,134.452
1780244950.773,122.816,30878,30950,0,203.719
1780244950.831,122.873,30878,30950,0,155.891
1780244950.892,122.935,30878,30950,0,179.079
1780244950.945,122.987,30878,30950,1,190.471
1780244950.997,123.040,30878,30950,1,190.126
1780244951.051,123.093,30878,30950,1,205.782
1780244951.104,123.146,30878,30950,1,188.392
1780244951.157,123.199,30878,30950,1,207.680
1780244951.209,123.252,30878,30950,1,189.782
1780244951.262,123.305,30878,30950,1,150.909
1780244951.315,123.358,30878,30950,1,189.257
1780244951.375,123.417,30878,30950,1,184.971
1780244951.427,123.470,30878,30950,1,189.797
1780244951.481,123.523,30878,30950,1,188.217
1780244951.533,123.576,30878,30950,1,172.064
1780244951.585,123.628,30878,30950,1,191.360
1780244951.638,123.680,30878,30950,1,190.407
1780244951.690,123.733,30878,30950,1,189.708
1780244951.744,123.786,30878,30950,1,206.141
1780244951.796,123.838,30878,30950,1,191.825
1780244951.849,123.891,30878,30950,1,189.590
1780244951.908,123.951,30878,30950,1,184.991
1780244951.972,124.015,30878,30950,1,203.732
1780244952.025,124.068,30878,30950,1,187.742
1780244952.078,124.120,30878,30950,1,190.651
1780244952.130,124.173,30878,30950,1,190.343
1780244952.182,124.225,30878,30950,1,210.905
1780244952.235,124.277,30878,30950,1,209.407
1780244952.288,124.330,30878,30950,1,151.807
1780244952.340,124.383,30878,30950,1,209.597
1780244952.393,124.435,30878,30950,1,171.157
1780244952.451,124.494,30878,30950,1,154.328
1780244952.503,124.546,30878,30950,1,210.097
1780244952.556,124.598,30878,30950,1,209.828
1780244952.608,124.651,30878,30950,1,152.104
1780244952.660,124.703,30878,30950,1,172.792
1780244952.712,124.755,30878,30950,1,191.922
1780244952.765,124.807,30878,30950,1,191.770
1780244952.817,124.859,30878,30950,1,191.804
1780244952.869,124.912,30878,30950,1,189.831
1780244952.926,124.969,30878,30950,1,210.956
1780244952.985,125.027,30878,30950,1,188.997
1780244953.037,125.079,30878,30950,1,229.402
1780244953.105,125.147,30878,30950,1,177.296
1780244953.157,125.199,30878,30950,1,190.998
1780244953.210,125.253,30878,30950,1,186.604
1780244953.263,125.305,30878,30950,1,152.691
1780244953.315,125.358,30878,30950,1,210.559
1780244953.368,125.411,30878,30950,1,169.836
1780244953.422,125.465,30878,30950,1,185.176
1780244953.474,125.517,30878,30950,1,209.952
1780244953.527,125.570,30878,30950,1,190.289
1780244953.580,125.622,30878,30950,1,190.001
1780244953.632,125.675,30878,30950,1,228.882
1780244953.685,125.727,30878,30950,1,190.449
1780244953.738,125.781,30878,30950,1,167.802
1780244953.791,125.833,30878,30950,1,190.350
1780244953.843,125.886,30878,30950,1,190.997
1780244953.896,125.938,30878,30950,1,208.619
1780244953.949,125.992,30878,30950,1,187.871
1780244954.002,126.045,30878,30950,1,188.814
1780244954.055,126.097,30878,30950,1,190.470
1780244954.107,126.150,30878,30950,1,189.616
1780244954.160,126.202,30878,30950,1,190.886
1780244954.216,126.258,30878,30950,1,196.785
1780244954.269,126.311,30878,30950,1,207.018
1780244954.337,126.380,30878,30950,1,190.229
1780244954.391,126.433,30878,30950,1,186.393
1780244954.444,126.487,30878,30950,1,167.366
1780244954.498,126.540,30878,30950,1,149.878
1780244954.551,126.594,30878,30950,1,187.789
1780244954.604,126.647,30878,30950,1,206.166
1780244954.657,126.699,30878,30950,1,153.286
1780244954.728,126.770,30878,30950,1,210.657
1780244954.780,126.823,30878,30950,1,191.619
1780244954.833,126.875,30878,30950,0,170.800
1780244954.885,126.928,30878,30950,0,210.421
1780244954.937,126.980,30878,30950,0,152.652
1780244954.990,127.032,30878,30950,0,190.999
1780244955.042,127.085,30878,30950,0,152.395
1780244955.096,127.138,30878,30950,0,168.072
1780244955.148,127.191,30878,30950,0,190.734
1780244955.201,127.244,30878,30950,0,169.879
1780244955.253,127.296,30878,30950,0,172.358
1780244955.308,127.351,30878,30950,0,219.361
1780244955.361,127.404,30878,30950,0,151.590
1780244955.414,127.457,30878,30950,0,150.980
1780244955.466,127.509,30878,30950,0,171.604
1780244955.518,127.561,30878,30950,0,211.127
1780244955.571,127.614,30878,30950,0,208.654
1780244955.624,127.666,30878,30950,0,190.285
1780244955.678,127.721,30878,30950,0,202.312
1780244955.731,127.773,30878,30950,0,152.402
1780244955.783,127.825,30878,30950,0,191.626
1780244955.835,127.878,30878,30950,1,153.242
1780244955.888,127.930,30878,30950,1,171.320
1780244955.940,127.983,30878,30950,1,190.418
1780244956.002,128.045,30878,30950,1,192.505
1780244956.057,128.099,30878,30950,1,202.629
1780244956.109,128.152,30878,30950,1,171.067
1780244956.172,128.214,30878,30950,1,192.212
1780244956.225,128.267,30878,30950,1,188.911
1780244956.277,128.320,30878,30950,1,209.022
1780244956.330,128.373,30878,30950,1,189.187
1780244956.383,128.426,30878,30950,1,168.766
1780244956.436,128.479,30878,30950,1,208.311
1780244956.489,128.531,30878,30950,1,171.154
1780244956.551,128.594,30878,30950,1,208.111
1780244956.604,128.647,30878,30950,1,171.141
1780244956.663,128.706,30878,30950,1,168.585
1780244956.726,128.769,30878,30950,1,175.309
1780244956.780,128.823,30878,30950,1,147.267
1780244956.844,128.886,30878,30950,1,157.886
1780244956.896,128.939,30878,30950,1,151.756
1780244956.950,128.993,30878,30950,1,167.753
1780244957.002,129.045,30878,30950,1,191.335
1780244957.057,129.099,30878,30950,1,184.027
1780244957.113,129.156,30878,30950,1,123.625
1780244957.165,129.208,30878,30950,1,153.481
1780244957.218,129.260,30878,30950,1,153.321
1780244957.270,129.313,30878,30950,1,209.611
1780244957.322,129.365,30878,30950,1,190.879
1780244957.375,129.418,30878,30950,1,189.736
1780244957.427,129.470,30878,30950,1,153.719
1780244957.479,129.522,30878,30950,1,210.118
1780244957.535,129.578,30878,30950,1,160.902
1780244957.597,129.640,30878,30950,1,194.236
1780244957.650,129.692,30878,30950,1,133.157
1780244957.702,129.745,30878,30950,1,191.379
1780244957.755,129.797,30878,30950,1,189.739
1780244957.808,129.851,30878,30950,1,187.672
1780244957.860,129.903,30878,30950,1,152.465
1780244957.913,129.955,30878,30950,1,153.602
1780244957.965,130.007,30878,30950,1,210.814
1780244958.018,130.060,30878,30950,1,169.577
1780244958.070,130.113,30878,30950,1,153.009
1780244958.122,130.165,30878,30950,1,191.371
1780244958.175,130.217,30878,30950,1,210.324
1780244958.227,130.270,30878,30950,1,190.048
1780244958.279,130.322,30878,30950,1,172.634
1780244958.332,130.374,30878,30950,1,134.266
1780244958.384,130.426,30878,30950,1,191.464
1780244958.436,130.479,30878,30950,1,171.628
1780244958.488,130.531,30878,30950,1,172.417
1780244958.541,130.584,30878,30950,1,188.458
1780244958.594,130.636,30878,30950,1,191.795
1780244958.651,130.693,30878,30950,1,209.788
1780244958.718,130.761,30878,30950,1,178.571
1780244958.773,130.815,30878,30950,1,201.244
1780244958.826,130.869,30878,30950,1,167.217
1780244958.880,130.922,30878,30950,1,187.420
1780244958.932,130.975,30878,30950,1,190.941
1780244958.985,131.027,30878,30950,1,190.499
1780244959.043,131.086,30878,30950,1,170.455
1780244959.098,131.141,30878,30950,1,145.714
1780244959.167,131.209,30878,30950,1,175.347
1780244959.227,131.269,30878,30950,1,183.349
1780244959.300,131.342,30878,30950,1,178.449
1780244959.352,131.394,30878,30950,1,191.158
1780244959.406,131.448,30878,30950,1,148.549
1780244959.459,131.501,30878,30950,1,206.944
1780244959.514,131.557,30878,30950,1,161.938
1780244959.568,131.610,30878,30950,1,150.108
1780244959.620,131.663,30878,30950,1,152.832
1780244959.674,131.716,30878,30950,1,186.231
1780244959.728,131.770,30878,30950,0,129.517
1780244959.780,131.822,30878,30950,0,115.436
1780244959.832,131.875,30878,30950,0,114.212
1780244959.886,131.929,30878,30950,0,167.683
1780244959.939,131.982,30878,30950,0,112.309
1780244959.992,132.035,30878,30950,0,170.896
1780244960.045,132.088,30878,30950,0,150.929
1780244960.099,132.142,30878,30950,0,110.499
1780244960.153,132.195,30878,30950,0,168.943
1780244960.208,132.251,30878,30950,0,180.002
1780244960.261,132.304,30878,30950,1,132.624
1780244960.314,132.356,30878,30950,1,170.414
1780244960.367,132.409,30878,30950,1,188.828
1780244960.420,132.463,30878,30950,1,131.423
1780244960.475,132.517,30878,30950,0,128.052
1780244960.528,132.570,30878,30950,0,113.632
1780244960.582,132.625,30878,30950,0,91.718
1780244960.635,132.677,30878,30950,0,152.313
1780244960.688,132.730,30878,30950,0,169.857
1780244960.740,132.783,30878,30950,0,38.126
1780244960.792,132.835,30878,30950,0,153.939
1780244960.845,132.888,30878,30950,0,151.068
1780244960.897,132.940,30878,30950,0,95.633
1780244960.950,132.992,30878,30950,0,152.070
1780244961.002,133.044,30878,30950,0,172.963
1780244961.054,133.096,30878,30950,0,153.793
1780244961.107,133.149,30878,30950,0,170.825
1780244961.159,133.201,30878,30950,1,134.317
1780244961.211,133.253,30878,30950,1,134.368
1780244961.263,133.306,30878,30950,1,191.858
1780244961.315,133.358,30878,30950,1,115.215
1780244961.367,133.410,30878,30950,1,134.358
1780244961.420,133.463,30878,30950,1,189.214
1780244961.472,133.515,30878,30950,1,115.166
1780244961.524,133.567,30878,30950,1,134.173
1780244961.577,133.619,30878,30950,1,190.987
1780244961.630,133.673,30878,30950,1,167.398
1780244961.683,133.725,30878,30950,1,191.466
1780244961.735,133.777,30878,30950,1,210.448
1780244961.787,133.830,30878,30950,1,190.867
1780244961.840,133.882,30878,30950,1,209.296
1780244961.892,133.935,30878,30950,1,190.732
1780244961.947,133.989,30878,30950,1,128.572
1780244961.999,134.041,30878,30950,1,153.391
1780244962.051,134.094,30878,30950,1,171.177
1780244962.103,134.146,30878,30950,1,134.304
1780244962.157,134.199,30878,30950,1,169.707
1780244962.209,134.252,30878,30950,1,207.941
1780244962.262,134.304,30878,30950,1,114.399
1780244962.314,134.357,30878,30950,1,133.328
1780244962.367,134.409,30878,30950,1,191.766
1780244962.419,134.461,30878,30950,1,172.160
1780244962.482,134.525,30878,30950,1,94.557
1780244962.540,134.582,30878,30950,1,156.960
1780244962.594,134.637,30878,30950,1,200.396
1780244962.650,134.693,30878,30950,1,107.245
1780244962.702,134.745,30878,30950,1,115.270
1780244962.755,134.798,30878,30950,1,190.494
1780244962.807,134.850,30878,30950,1,114.462
1780244962.860,134.902,30878,30950,1,153.265
1780244962.912,134.954,30878,30950,1,172.844
1780244962.964,135.007,30878,30950,1,151.940
1780244963.016,135.059,30878,30950,1,57.828
1780244963.068,135.111,30878,30950,1,0.000
1780244963.120,135.163,30878,30950,1,19.267
1780244963.172,135.214,30878,30950,1,57.839
1780244963.224,135.266,30878,30950,1,134.553
1780244963.276,135.319,30878,30950,1,134.178
1780244963.328,135.371,30878,30950,1,76.903
1780244963.380,135.423,30878,30950,1,57.764
1780244963.432,135.474,30878,30950,1,96.392
1780244963.484,135.527,30878,30950,0,153.538
1780244963.536,135.578,30878,30950,0,154.068
1780244963.588,135.631,30878,30950,0,192.054
1780244963.643,135.686,30878,30950,0,163.482
1780244963.695,135.738,30878,30950,0,96.238
1780244963.747,135.790,30878,30950,0,95.695
1780244963.799,135.842,30878,30950,0,19.255
1780244963.852,135.894,30878,30950,1,151.732
1780244963.904,135.946,30878,30950,1,96.245
1780244963.956,135.999,30878,30950,1,114.577
1780244964.009,136.051,30878,30950,1,170.915
1780244964.064,136.107,30878,30950,1,127.083
1780244964.118,136.161,30878,30950,1,184.021
1780244964.171,136.213,30878,30950,1,171.929
1780244964.223,136.265,30878,30950,1,153.078
1780244964.275,136.318,30878,30950,1,134.379
1780244964.328,136.370,30878,30950,1,151.812
1780244964.380,136.422,30878,30950,1,173.058
1780244964.432,136.475,30878,30950,1,191.250
1780244964.484,136.527,30878,30950,1,96.183
1780244964.536,136.579,30878,30950,1,133.308
1780244964.588,136.631,30878,30950,1,153.718
1780244964.641,136.684,30878,30950,1,190.661
1780244964.699,136.742,30878,30950,1,206.840
1780244964.753,136.796,30878,30950,1,128.725
1780244964.805,136.848,30878,30950,1,134.359
1780244964.866,136.909,30878,30950,1,163.856
1780244964.919,136.962,30878,30950,1,171.540
1780244964.978,137.021,30878,30950,1,135.054
1780244965.031,137.073,30878,30950,1,209.845
1780244965.086,137.128,30878,30950,1,181.628
1780244965.138,137.181,30878,30950,1,208.203
1780244965.195,137.237,30878,30950,1,89.175
1780244965.247,137.289,30878,30950,1,114.651
1780244965.299,137.342,30878,30950,1,191.943
1780244965.351,137.394,30878,30950,1,190.933
1780244965.404,137.446,30878,30950,1,171.528
1780244965.456,137.498,30878,30950,1,115.258
1780244965.508,137.551,30878,30950,1,171.692
1780244965.561,137.603,30878,30950,1,209.835
1780244965.613,137.656,30878,30950,1,172.277
1780244965.665,137.707,30878,30950,1,19.263
1780244965.717,137.760,30878,30950,1,114.792
1780244965.770,137.812,30878,30950,1,133.578
1780244965.822,137.864,30878,30950,1,192.239
1780244965.875,137.917,30878,30950,1,188.796
1780244965.927,137.970,30878,30950,1,151.336
1780244965.980,138.022,30878,30950,1,133.875
1780244966.033,138.076,30878,30950,1,168.248
1780244966.086,138.129,30878,30950,1,189.173
1780244966.138,138.181,30878,30950,1,191.074
1780244966.191,138.233,30878,30950,1,191.264
1780244966.243,138.285,30878,30950,1,134.518
1780244966.295,138.337,30878,30950,1,134.685
1780244966.347,138.390,30878,30950,1,133.615
1780244966.399,138.442,30878,30950,0,133.552
1780244966.452,138.495,30878,30950,0,132.504
1780244966.504,138.547,30878,30950,0,134.675
1780244966.559,138.602,30878,30950,0,91.265
1780244966.616,138.659,30878,30950,0,104.854
1780244966.671,138.713,30878,30950,0,110.130
1780244966.725,138.768,30878,30950,0,92.089
1780244966.779,138.822,30878,30950,0,92.773
1780244966.832,138.874,30878,30950,0,56.898
1780244966.882,138.925,30878,30950,0,0.000
1780244966.933,138.975,30878,30950,0,0.000
1780244966.983,139.026,30878,30950,0,0.000
1780244967.033,139.076,30878,30950,0,0.000
1780244967.084,139.126,30878,30950,0,0.000
1780244967.134,139.177,30878,30950,0,0.000
1780244967.185,139.227,30878,30950,0,0.000
1780244967.235,139.278,30878,30950,0,0.000
1780244967.286,139.328,30878,30950,0,0.000
1780244967.336,139.378,30878,30950,0,0.000
1780244967.386,139.429,30878,30950,0,0.000
1780244967.437,139.479,30878,30950,0,0.000
1780244967.489,139.531,30878,30950,0,0.000
1780244967.539,139.582,30878,30950,0,0.000
1780244967.590,139.632,30878,30950,0,0.000
1780244967.640,139.683,30878,30950,0,0.000
1780244967.691,139.733,30878,30950,0,0.000
1780244967.741,139.784,30878,30950,0,0.000
1780244967.792,139.835,30878,30950,0,0.000
1780244967.843,139.885,30878,30950,0,0.000
1780244967.893,139.936,30878,30950,0,0.000
1780244967.944,139.986,30878,30950,0,0.000
1780244967.994,140.037,30878,30950,0,0.000
1780244968.045,140.087,30878,30950,0,0.000
1780244968.095,140.138,30878,30950,0,0.000
1780244968.146,140.188,30878,30950,0,0.000
1780244968.196,140.239,30878,30950,0,0.000
1780244968.247,140.289,30878,30950,0,0.000
1780244968.297,140.340,30878,30950,0,0.000
1780244968.347,140.390,30878,30950,0,0.000
1780244968.398,140.440,30878,30950,0,0.000
1780244968.448,140.491,30878,30950,0,0.000
1780244968.499,140.541,30878,30950,0,0.000
1780244968.549,140.592,30878,30950,0,0.000
1780244968.600,140.642,30878,30950,0,0.000
1780244968.651,140.693,30878,30950,0,0.000
1780244968.701,140.744,30878,30950,0,0.000
1780244968.752,140.794,30878,30950,0,19.785
1780244968.802,140.845,30878,30950,0,0.000
1780244968.853,140.895,30878,30950,0,0.000
1780244968.903,140.946,30878,30950,0,0.000
1780244968.954,140.996,30878,30950,0,0.000
1780244969.004,141.047,30878,30950,0,0.000
1780244969.055,141.097,30878,30950,0,0.000
1780244969.105,141.148,30878,30950,0,0.000
1780244969.156,141.199,30878,30950,0,0.000
1780244969.207,141.249,30878,30950,0,0.000
1780244969.257,141.300,30878,30950,0,0.000
1780244969.308,141.350,30878,30950,0,0.000
1780244969.358,141.401,30878,30950,0,0.000
1780244969.409,141.451,30878,30950,0,0.000
1780244969.459,141.502,30878,30950,0,0.000
1780244969.510,141.553,30878,30950,0,0.000
1780244969.561,141.603,30878,30950,0,0.000
1780244969.611,141.654,30878,30950,0,0.000
1780244969.662,141.705,30878,30950,0,0.000
1780244969.811,141.854,30878,30950,0,6.698
1780244969.862,141.905,30878,30950,0,0.000
1780244969.913,141.955,30878,30950,0,0.000
1780244969.963,142.006,30878,30950,0,0.000
1780244970.014,142.056,30878,30950,0,0.000
1780244970.064,142.107,30878,30950,0,0.000
1780244970.115,142.158,30878,30950,0,0.000
1780244970.166,142.208,30878,30950,0,0.000
1780244970.216,142.259,30878,30950,0,0.000
1780244970.267,142.309,30878,30950,0,0.000
1780244970.317,142.360,30878,30950,0,0.000
1780244970.368,142.411,30878,30950,0,0.000
1780244970.419,142.461,30878,30950,0,0.000
1780244970.469,142.512,30878,30950,0,0.000
1780244970.520,142.563,30878,30950,0,0.000
1780244970.571,142.613,30878,30950,0,0.000
1780244970.621,142.664,30878,30950,0,0.000
1780244970.672,142.715,30878,30950,0,0.000
1780244970.723,142.765,30878,30950,0,0.000
1780244970.773,142.816,30878,30950,0,0.000
1780244970.824,142.866,30878,30950,0,0.000
1780244970.874,142.917,30878,30950,0,0.000
1780244970.926,142.969,30878,30950,0,0.000
1780244970.977,143.020,30878,30950,0,0.000
1780244971.028,143.071,30878,30950,0,0.000
1780244971.079,143.121,30878,30950,0,0.000
1780244971.129,143.172,30878,30950,0,0.000
1780244971.180,143.222,30878,30950,0,0.000
1780244971.230,143.273,30878,30950,0,0.000
1780244971.280,143.323,30878,30950,0,0.000
1780244971.331,143.373,30878,30950,0,0.000
1780244971.381,143.424,30878,30950,0,0.000
1780244971.432,143.474,30878,30950,0,0.000
1780244971.482,143.525,30878,30950,0,0.000
1780244971.532,143.575,30878,30950,0,0.000
1780244971.583,143.625,30878,30950,0,0.000
1780244971.633,143.676,30878,30950,0,0.000
1780244971.684,143.726,30878,30950,0,0.000
1780244971.734,143.777,30878,30950,0,0.000
1780244971.785,143.827,30878,30950,0,0.000
1780244971.835,143.878,30878,30950,0,0.000
1780244971.886,143.928,30878,30950,0,0.000
1780244971.936,143.979,30878,30950,0,0.000
1780244971.987,144.029,30878,30950,0,0.000
1780244972.037,144.080,30878,30950,0,0.000
1780244972.088,144.130,30878,30950,0,0.000
1780244972.138,144.181,30878,30950,0,0.000
1780244972.189,144.231,30878,30950,0,0.000
1780244972.239,144.282,30878,30950,0,0.000
1780244972.290,144.332,30878,30950,0,0.000
1780244972.340,144.383,30878,30950,0,0.000
1780244972.391,144.433,30878,30950,0,0.000
1780244972.441,144.484,30878,30950,0,0.000
1780244972.491,144.534,30878,30950,0,0.000
1780244972.542,144.585,30878,30950,0,0.000
1780244972.596,144.638,30878,30950,0,0.000
1780244972.646,144.689,30878,30950,0,0.000
1780244972.697,144.739,30878,30950,0,0.000
1780244972.747,144.790,30878,30950,0,0.000
1780244972.798,144.840,30878,30950,0,0.000
1780244972.848,144.891,30878,30950,0,0.000
1780244972.899,144.941,30878,30950,0,0.000
1780244972.949,144.992,30878,30950,0,0.000
1780244973.000,145.042,30878,30950,0,0.000
1780244973.050,145.093,30878,30950,0,0.000
1780244973.101,145.143,30878,30950,0,0.000
1780244973.151,145.194,30878,30950,0,0.000
1780244973.201,145.244,30878,30950,0,0.000
1780244973.252,145.295,30878,30950,0,0.000
1780244973.303,145.345,30878,30950,0,0.000
1780244973.353,145.396,30878,30950,0,0.000
1780244973.404,145.446,30878,30950,0,0.000
1780244973.454,145.497,30878,30950,0,0.000
1780244973.505,145.547,30878,30950,0,0.000
1780244973.555,145.598,30878,30950,0,0.000
1780244973.606,145.648,30878,30950,0,0.000
1780244973.656,145.699,30878,30950,0,0.000
1780244973.707,145.749,30878,30950,0,0.000
1780244973.757,145.800,30878,30950,0,0.000
1780244973.808,145.850,30878,30950,0,0.000
1780244973.858,145.901,30878,30950,0,0.000
1780244973.909,145.951,30878,30950,0,0.000
1780244973.959,146.002,30878,30950,0,0.000
1780244974.009,146.052,30878,30950,0,0.000
1780244974.060,146.103,30878,30950,0,0.000
1780244974.110,146.153,30878,30950,0,0.000
1780244974.161,146.203,30878,30950,0,0.000
1780244974.211,146.254,30878,30950,0,0.000
1780244974.262,146.304,30878,30950,0,0.000
1780244974.312,146.355,30878,30950,0,0.000
1780244974.362,146.405,30878,30950,0,0.000
1780244974.413,146.456,30878,30950,0,0.000
1780244974.463,146.506,30878,30950,0,0.000
1780244974.514,146.556,30878,30950,0,0.000
1780244974.564,146.607,30878,30950,0,0.000
1780244974.617,146.660,30878,30950,0,0.000
1780244974.668,146.710,30878,30950,0,0.000
1780244992.053,164.096,30878,30950,0,0.000
1780244993.263,165.305,30878,30950,0,0.827
1780244993.314,165.356,30878,30950,0,0.000
1780244993.364,165.407,30878,30950,0,0.000
1780244993.415,165.458,30878,30950,0,0.000
1780244993.466,165.508,30878,30950,0,0.000
1780244993.516,165.559,30878,30950,0,0.000
1780244993.567,165.610,30878,30950,0,0.000
1780244993.618,165.660,30878,30950,0,0.000
1780244993.668,165.711,30878,30950,0,0.000
1780244993.719,165.761,30878,30950,0,0.000
1780244993.769,165.812,30878,30950,0,0.000
1780244993.820,165.862,30878,30950,0,0.000
1780244993.870,165.913,30878,30950,0,0.000
1780244993.920,165.963,30878,30950,0,0.000
1780244993.971,166.013,30878,30950,0,0.000
1780244994.021,166.064,30878,30950,0,0.000
1780244994.072,166.114,30878,30950,0,0.000
1780244994.122,166.165,30878,30950,0,0.000
1780244994.172,166.215,30878,30950,0,0.000
1780244994.223,166.265,30878,30950,0,0.000
1780244994.274,166.317,30878,30950,0,0.000
1780244994.325,166.367,30878,30950,0,0.000
1780244994.375,166.418,30878,30950,0,0.000
1780244994.426,166.469,30878,30950,0,0.000
1780244994.477,166.519,30878,30950,0,0.000
1780244994.529,166.572,30878,30950,0,0.000
1780244994.580,166.622,30878,30950,0,0.000
1780244994.630,166.673,30878,30950,0,0.000
1780244994.681,166.724,30878,30950,0,0.000
1780244994.732,166.774,30878,30950,0,0.000
1780244994.782,166.825,30878,30950,0,0.000
1780244994.835,166.877,30878,30950,0,0.000
1780244994.885,166.928,30878,30950,0,0.000
1780244994.936,166.979,30878,30950,0,0.000
1780244994.987,167.029,30878,30950,0,0.000
1780244995.037,167.080,30878,30950,0,0.000
1780244995.087,167.130,30878,30950,0,0.000
1780244995.138,167.180,30878,30950,0,0.000
1780244995.188,167.231,30878,30950,0,0.000
1780244995.238,167.281,30878,30950,0,0.000
1780244995.289,167.331,30878,30950,0,0.000
1780244995.339,167.382,30878,30950,0,0.000
1780244995.390,167.432,30878,30950,0,0.000
1780244995.440,167.483,30878,30950,0,0.000
1780244995.490,167.533,30878,30950,0,0.000
1780244995.541,167.583,30878,30950,0,0.000
1780244995.591,167.634,30878,30950,0,0.000
1780244995.642,167.684,30878,30950,0,0.000
1780244995.692,167.735,30878,30950,0,0.000
1780244995.742,167.785,30878,30950,0,0.000
1780244995.797,167.840,30878,30950,0,0.000
1780244995.848,167.891,30878,30950,0,0.000
1780244995.898,167.941,30878,30950,0,0.000
1780244995.949,167.992,30878,30950,0,0.000
1780244995.999,168.042,30878,30950,0,0.000
1780244996.050,168.092,30878,30950,0,0.000
1780244996.100,168.143,30878,30950,0,0.000
1780244996.150,168.193,30878,30950,0,0.000
1780244996.201,168.243,30878,30950,0,0.000
1780244996.251,168.293,30878,30950,0,0.000
1780244996.301,168.344,30878,30950,0,0.000
1780244996.351,168.394,30878,30950,0,0.000
1780244996.402,168.444,30878,30950,0,0.000
1780244996.452,168.495,30878,30950,0,0.000
1780244996.502,168.545,30878,30950,0,0.000
1780244996.553,168.596,30878,30950,0,0.000
1780244996.603,168.646,30878,30950,0,0.000
1780244996.654,168.696,30878,30950,0,0.000
1780244996.704,168.747,30878,30950,0,0.000
1780244996.755,168.797,30878,30950,0,0.000
1780244996.805,168.848,30878,30950,0,0.000
1780244996.856,168.898,30878,30950,0,0.000
1780244996.906,168.949,30878,30950,0,0.000
1780244996.956,168.999,30878,30950,0,0.000
1780244997.007,169.049,30878,30950,0,0.000
1780244997.057,169.100,30878,30950,0,0.000
1780244997.107,169.150,30878,30950,0,0.000
1780244997.158,169.200,30878,30950,0,0.000
1780244997.208,169.251,30878,30950,0,0.000
1780244997.259,169.301,30878,30950,0,0.000
1780244997.309,169.352,30878,30950,0,0.000
1780244997.360,169.402,30878,30950,0,0.000
1780244997.410,169.453,30878,30950,0,0.000
1780244997.461,169.503,30878,30950,0,0.000
1780244997.511,169.554,30878,30950,0,0.000
1780244997.562,169.604,30878,30950,0,0.000
1780244997.612,169.655,30878,30950,0,0.000
1780244997.663,169.705,30878,30950,0,0.000
1780244997.713,169.756,30878,30950,0,0.000
1780244997.764,169.807,30878,30950,0,0.000
1780244997.814,169.857,30878,30950,0,0.000
1780244997.865,169.908,30878,30950,0,0.000
1780244997.915,169.958,30878,30950,0,0.000
1780244997.966,170.008,30878,30950,0,0.000
1780244998.016,170.059,30878,30950,0,0.000
1780244998.067,170.110,30878,30950,0,0.000
1780244998.118,170.160,30878,30950,0,0.000
1780244998.168,170.211,30878,30950,0,0.000
1780244998.219,170.262,30878,30950,0,0.000
1780244998.270,170.312,30878,30950,0,0.000
1780244998.320,170.363,30878,30950,0,0.000
1780244998.371,170.413,30878,30950,0,0.000
1780244998.421,170.464,30878,30950,0,0.000
1780244998.472,170.514,30878,30950,0,0.000
1780244998.522,170.565,30878,30950,0,0.000
1780244998.573,170.616,30878,30950,0,0.000
1780244998.624,170.666,30878,30950,0,0.000
1780244998.674,170.717,30878,30950,0,0.000
1780244998.725,170.768,30878,30950,0,0.000
1780244998.776,170.818,30878,30950,0,0.000
1780244998.827,170.869,30878,30950,0,0.000
1780244998.877,170.920,30878,30950,0,0.000
1780244998.928,170.971,30878,30950,0,0.000
1780244998.979,171.021,30878,30950,0,0.000
1780244999.029,171.072,30878,30950,0,0.000
1780244999.079,171.122,30878,30950,0,0.000
1780244999.130,171.172,30878,30950,0,0.000
1780244999.180,171.223,30878,30950,0,0.000
1780244999.230,171.273,30878,30950,0,0.000
1780244999.281,171.323,30878,30950,0,0.000
1780244999.331,171.374,30878,30950,0,0.000
1780244999.381,171.424,30878,30950,0,0.000
1780244999.432,171.474,30878,30950,0,0.000
1780244999.482,171.525,30878,30950,0,0.000
1780244999.532,171.575,30878,30950,0,0.000
1780244999.583,171.626,30878,30950,0,0.000
1780244999.633,171.676,30878,30950,0,0.000
1780244999.684,171.726,30878,30950,0,0.000
1780244999.734,171.777,30878,30950,0,0.000
1780244999.802,171.844,30878,30950,0,0.000
1780244999.852,171.895,30878,30950,0,0.000
1780244999.902,171.945,30878,30950,0,0.000
1780244999.953,171.995,30878,30950,0,0.000
1780245000.003,172.046,30878,30950,0,0.000
1780245000.054,172.096,30878,30950,0,0.000
1780245000.104,172.147,30878,30950,0,0.000
1780245000.154,172.197,30878,30950,0,0.000
1780245000.205,172.247,30878,30950,0,0.000
1780245000.255,172.298,30878,30950,0,0.000
1780245000.305,172.348,30878,30950,0,0.000
1780245000.356,172.398,30878,30950,0,0.000
1780245000.406,172.449,30878,30950,0,0.000
1780245000.456,172.499,30878,30950,0,0.000
1780245000.507,172.549,30878,30950,0,0.000
1780245000.557,172.600,30878,30950,0,0.000
1780245000.608,172.650,30878,30950,0,0.000
1780245000.658,172.701,30878,30950,0,0.000
1780245000.709,172.751,30878,30950,0,0.000
1780245000.759,172.802,30878,30950,0,0.000
1780245000.809,172.852,30878,30950,0,0.000
1780245000.860,172.902,30878,30950,0,0.000
1780245000.910,172.953,30878,30950,0,0.000
1780245000.961,173.003,30878,30950,0,0.000
1780245001.011,173.054,30878,30950,0,0.000
1780245001.061,173.104,30878,30950,0,0.000
1780245001.112,173.154,30878,30950,0,0.000
1780245001.162,173.205,30878,30950,0,0.000
1780245001.212,173.255,30878,30950,0,19.870
1780245001.263,173.305,30878,30950,0,0.000
1780245001.313,173.356,30878,30950,0,0.000
1780245001.363,173.406,30878,30950,0,0.000
1780245001.414,173.456,30878,30950,0,0.000
1780245001.464,173.507,30878,30950,0,0.000
1780245001.514,173.557,30878,30950,0,0.000
1780245001.565,173.607,30878,30950,0,0.000
1780245001.615,173.658,30878,30950,0,0.000
1780245001.665,173.708,30878,30950,0,0.000
1780245001.716,173.758,30878,30950,0,0.000
1780245001.766,173.809,30878,30950,0,0.000
1780245001.817,173.859,30878,30950,0,0.000
1780245001.867,173.910,30878,30950,0,0.000
1780245001.917,173.960,30878,30950,0,0.000
1780245001.968,174.010,30878,30950,0,0.000
1780245002.018,174.061,30878,30950,0,0.000
1780245002.068,174.111,30878,30950,0,0.000
1780245002.119,174.161,30878,30950,0,0.000
1780245002.169,174.212,30878,30950,0,0.000
1780245002.219,174.262,30878,30950,0,0.000
1780245002.270,174.312,30878,30950,0,0.000
1780245002.320,174.363,30878,30950,0,0.000
1780245002.370,174.413,30878,30950,0,0.000
1780245002.421,174.463,30878,30950,0,0.000
1780245002.471,174.514,30878,30950,0,0.000
1780245002.521,174.564,30878,30950,0,0.000
1780245002.572,174.614,30878,30950,0,0.000
1780245002.622,174.665,30878,30950,0,0.000
1780245002.672,174.715,30878,30950,0,0.000
1780245002.723,174.765,30878,30950,0,0.000
1780245002.773,174.816,30878,30950,0,0.000
1780245002.823,174.866,30878,30950,0,0.000
1780245002.874,174.916,30878,30950,0,0.000
1780245002.924,174.967,30878,30950,0,0.000
1780245002.975,175.017,30878,30950,0,0.000
1780245003.025,175.068,30878,30950,0,0.000
1780245003.076,175.118,30878,30950,0,0.000
1780245003.126,175.169,30878,30950,0,0.000
1780245003.176,175.219,30878,30950,0,0.000
1780245003.227,175.269,30878,30950,0,0.000
1780245003.277,175.320,30878,30950,0,0.000
1780245003.327,175.370,30878,30950,0,0.000
1780245003.378,175.420,30878,30950,0,0.000
1780245003.428,175.471,30878,30950,0,0.000
1780245003.479,175.521,30878,30950,0,0.000
1780245003.529,175.572,30878,30950,0,0.000
1780245003.579,175.622,30878,30950,0,0.000
1780245003.630,175.672,30878,30950,0,0.000
1780245003.680,175.722,30878,30950,0,0.000
1780245003.730,175.773,30878,30950,0,0.000
1780245003.781,175.823,30878,30950,0,0.000
1780245003.831,175.874,30878,30950,0,0.000
1780245003.882,175.924,30878,30950,0,0.000
1780245003.932,175.975,30878,30950,0,0.000
1780245003.983,176.025,30878,30950,0,0.000
1780245004.033,176.076,30878,30950,0,0.000
1780245004.084,176.126,30878,30950,0,0.000
1780245004.134,176.177,30878,30950,0,0.000
1780245004.185,176.227,30878,30950,0,0.000
1780245004.235,176.278,30878,30950,0,0.000
1780245004.286,176.328,30878,30950,0,0.000
1780245004.336,176.379,30878,30950,0,0.000
1780245004.387,176.429,30878,30950,0,0.000
1780245004.437,176.480,30878,30950,0,0.000
1780245004.488,176.531,30878,30950,0,0.000
1780245004.539,176.581,30878,30950,0,0.000
1780245004.589,176.632,30878,30950,0,0.000
1780245004.640,176.682,30878,30950,0,0.000
1780245004.690,176.733,30878,30950,0,0.000
1780245004.741,176.783,30878,30950,0,0.000
1780245004.792,176.834,30878,30950,0,0.000
1780245004.842,176.885,30878,30950,0,0.000
1780245004.893,176.935,30878,30950,0,0.000
1780245004.943,176.986,30878,30950,0,0.000
1780245004.994,177.036,30878,30950,0,0.000
1780245005.044,177.087,30878,30950,0,0.000
1780245005.095,177.137,30878,30950,0,0.000
1780245005.145,177.188,30878,30950,0,0.000
1780245005.196,177.238,30878,30950,0,0.000
1780245005.246,177.289,30878,30950,0,0.000
1780245005.297,177.340,30878,30950,0,0.000
1780245005.348,177.390,30878,30950,0,0.000
1780245005.398,177.441,30878,30950,0,0.000
1780245005.449,177.491,30878,30950,0,0.000
1780245005.499,177.542,30878,30950,0,0.000
1780245005.550,177.592,30878,30950,0,0.000
1780245005.600,177.643,30878,30950,0,0.000
1780245005.651,177.693,30878,30950,0,0.000
1780245005.701,177.744,30878,30950,0,0.000
1780245005.752,177.795,30878,30950,0,0.000
1780245005.803,177.845,30878,30950,0,0.000
1780245005.853,177.896,30878,30950,0,0.000
1780245005.904,177.946,30878,30950,0,0.000
1780245005.955,177.997,30878,30950,0,0.000
1780245006.005,178.048,30878,30950,0,0.000
1780245006.056,178.098,30878,30950,0,0.000
1780245006.106,178.149,30878,30950,0,0.000
1780245006.157,178.199,30878,30950,0,0.000
1780245006.207,178.250,30878,30950,0,0.000
1780245006.258,178.300,30878,30950,0,0.000
1780245006.308,178.351,30878,30950,0,0.000
1780245006.359,178.401,30878,30950,0,0.000
1780245006.409,178.452,30878,30950,0,0.000
1780245006.460,178.502,30878,30950,0,0.000
1780245006.510,178.553,30878,30950,0,0.000
1780245006.561,178.603,30878,30950,0,0.000
1780245006.611,178.654,30878,30950,0,0.000
1780245006.662,178.704,30878,30950,0,0.000
1780245006.712,178.755,30878,30950,0,0.000
1780245006.763,178.806,30878,30950,0,0.000
1780245006.813,178.856,30878,30950,0,0.000
1780245006.864,178.907,30878,30950,0,0.000
1780245006.915,178.957,30878,30950,0,0.000
1780245006.965,179.008,30878,30950,0,0.000
1780245007.016,179.058,30878,30950,0,0.000
1780245007.066,179.109,30878,30950,0,0.000
1780245007.117,179.159,30878,30950,0,0.000
1780245007.167,179.210,30878,30950,0,0.000
1780245007.218,179.260,30878,30950,0,0.000
1780245007.268,179.311,30878,30950,0,0.000
1780245007.318,179.361,30878,30950,0,0.000
1780245007.369,179.412,30878,30950,0,0.000
1780245007.420,179.462,30878,30950,0,0.000
1780245007.470,179.513,30878,30950,0,0.000
1780245007.521,179.563,30878,30950,0,0.000
1780245007.571,179.614,30878,30950,0,0.000
1780245007.622,179.664,30878,30950,0,0.000
1780245007.672,179.715,30878,30950,0,0.000
1780245007.723,179.766,30878,30950,0,0.000
1780245007.774,179.816,30878,30950,0,0.000
1780245007.824,179.867,30878,30950,0,0.000
1780245007.875,179.917,30878,30950,0,0.000
1780245007.925,179.968,30878,30950,0,0.000
1780245007.976,180.018,30878,30950,0,0.000
1780245008.026,180.069,30878,30950,0,0.000
1780245008.077,180.120,30878,30950,0,0.000
1780245008.128,180.170,30878,30950,0,0.000
1780245008.178,180.221,30878,30950,0,0.000
1780245008.229,180.271,30878,30950,0,0.000
1780245008.279,180.322,30878,30950,0,0.000
1780245008.330,180.372,30878,30950,0,0.000
1780245008.380,180.423,30878,30950,0,0.000
1780245008.431,180.473,30878,30950,0,0.000
1780245008.481,180.524,30878,30950,0,0.000
1780245008.532,180.574,30878,30950,0,0.000
1780245008.582,180.625,30878,30950,0,0.000
1780245008.633,180.675,30878,30950,0,0.000
1780245008.683,180.726,30878,30950,0,0.000
1780245008.734,180.776,30878,30950,0,0.000
1780245008.784,180.827,30878,30950,0,0.000
1780245008.835,180.878,30878,30950,0,0.000
1780245008.885,180.928,30878,30950,0,0.000
1780245008.936,180.979,30878,30950,0,0.000
1780245008.986,181.029,30878,30950,0,0.000
1780245009.037,181.080,30878,30950,0,0.000
1780245009.088,181.130,30878,30950,0,0.000
1780245009.138,181.181,30878,30950,0,0.000
1780245009.188,181.231,30878,30950,0,0.000
1780245009.239,181.282,30878,30950,0,0.000
1780245009.289,181.332,30878,30950,0,0.000
1780245009.340,181.383,30878,30950,0,0.000
1780245009.390,181.433,30878,30950,0,0.000
1780245009.441,181.484,30878,30950,0,0.000
1780245009.492,181.534,30878,30950,0,0.000
1780245009.542,181.585,30878,30950,0,0.000
1780245009.593,181.635,30878,30950,0,0.000
1780245009.643,181.686,30878,30950,0,0.000
1780245009.694,181.736,30878,30950,0,0.000
1780245009.744,181.787,30878,30950,0,0.000
1780245009.795,181.837,30878,30950,0,0.000
1780245009.845,181.888,30878,30950,0,0.000
1780245009.896,181.938,30878,30950,0,0.000
1780245009.946,181.989,30878,30950,0,0.000
1780245009.997,182.040,30878,30950,0,0.000
1780245010.048,182.090,30878,30950,0,0.000
1780245010.098,182.141,30878,30950,0,0.000
1780245010.149,182.192,30878,30950,0,0.000
1780245010.199,182.242,30878,30950,0,0.000
1780245010.250,182.292,30878,30950,0,0.000
1780245010.300,182.343,30878,30950,0,0.000
1780245010.350,182.393,30878,30950,0,0.000
1780245010.401,182.443,30878,30950,0,0.000
1780245010.451,182.494,30878,30950,0,0.000
1780245010.501,182.544,30878,30950,0,0.000
1780245010.552,182.594,30878,30950,0,0.000
1780245010.602,182.645,30878,30950,0,0.000
1780245010.653,182.695,30878,30950,0,0.000
1780245010.703,182.746,30878,30950,0,0.000
1780245010.754,182.796,30878,30950,0,0.000
1780245010.804,182.847,30878,30950,0,0.000
1780245010.854,182.897,30878,30950,0,0.000
1780245010.905,182.947,30878,30950,0,0.000
1780245010.955,182.998,30878,30950,0,0.000
1780245011.006,183.048,30878,30950,0,0.000
1780245011.056,183.099,30878,30950,0,0.000
1780245011.106,183.149,30878,30950,0,0.000
1780245011.157,183.199,30878,30950,0,0.000
1780245011.207,183.250,30878,30950,0,0.000
1780245011.257,183.300,30878,30950,0,0.000
1780245011.308,183.350,30878,30950,0,0.000
1780245011.358,183.401,30878,30950,0,0.000
1780245011.409,183.451,30878,30950,0,0.000
1780245011.459,183.502,30878,30950,0,0.000
1780245011.509,183.552,30878,30950,0,0.000
1780245011.560,183.602,30878,30950,0,0.000
1780245011.610,183.653,30878,30950,0,0.000
1780245011.660,183.703,30878,30950,0,0.000
1780245011.711,183.753,30878,30950,0,0.000
1780245011.761,183.804,30878,30950,0,0.000
1780245011.812,183.854,30878,30950,0,0.000
1780245011.862,183.905,30878,30950,0,0.000
1780245011.913,183.955,30878,30950,0,0.000
1780245011.963,184.006,30878,30950,0,0.000
1780245012.013,184.056,30878,30950,0,0.000
1780245012.064,184.106,30878,30950,0,0.000
1780245012.114,184.157,30878,30950,0,0.000
1780245012.164,184.207,30878,30950,0,0.000
1780245012.215,184.257,30878,30950,0,0.000
1780245012.265,184.308,30878,30950,0,0.000
1780245012.316,184.358,30878,30950,0,0.000
1780245012.366,184.409,30878,30950,0,0.000
1780245012.417,184.459,30878,30950,0,0.000
1780245012.467,184.510,30878,30950,0,0.000
1780245012.518,184.560,30878,30950,0,0.000
1780245012.568,184.611,30878,30950,0,0.000
1780245012.618,184.661,30878,30950,0,0.000
1780245012.669,184.711,30878,30950,0,0.000
1780245012.719,184.762,30878,30950,0,0.000
1780245012.770,184.812,30878,30950,0,0.000
1780245012.820,184.863,30878,30950,0,0.000
1780245012.870,184.913,30878,30950,0,0.000
1780245012.921,184.963,30878,30950,0,0.000
1780245012.971,185.014,30878,30950,0,0.000
1780245013.021,185.064,30878,30950,0,0.000
1780245013.072,185.114,30878,30950,0,0.000
1780245013.122,185.165,30878,30950,0,0.000
1780245013.172,185.215,30878,30950,0,0.000
1780245024.915,196.958,30878,30950,0,0.000
1780245024.966,197.008,30878,30950,0,0.000
1780245025.017,197.060,30878,30950,0,0.000
1780245025.068,197.111,30878,30950,0,0.000
1780245025.119,197.161,30878,30950,0,19.779
