wall_time_unix,elapsed_s,launcher_pid,ov2slam_pid,last_cpu,process_cpu_percent
1780752474.605,0.052,454519,454591,2,0.000
1780752474.658,0.105,454519,454591,2,0.000
1780752474.711,0.158,454519,454591,2,37.698
1780752474.764,0.210,454519,454591,2,0.000
1780752474.816,0.262,454519,454591,2,0.000
1780752474.868,0.315,454519,454591,2,0.000
1780752474.920,0.367,454519,454591,2,0.000
1780752474.972,0.419,454519,454591,2,0.000
1780752475.024,0.471,454519,454591,2,19.068
1780752475.077,0.523,454519,454591,2,19.107
1780752475.129,0.576,454519,454591,2,0.000
1780752475.181,0.627,454519,454591,2,0.000
1780752475.233,0.680,454519,454591,2,0.000
1780752475.285,0.731,454519,454591,2,19.423
1780752475.337,0.783,454519,454591,2,0.000
1780752475.388,0.835,454519,454591,2,0.000
1780752475.440,0.886,454519,454591,2,0.000
1780752475.491,0.938,454519,454591,2,19.273
1780752475.543,0.990,454519,454591,2,0.000
1780752475.595,1.041,454519,454591,2,0.000
1780752475.646,1.093,454519,454591,2,0.000
1780752475.698,1.144,454519,454591,2,0.000
1780752475.749,1.196,454519,454591,2,19.452
1780752475.801,1.247,454519,454591,2,0.000
1780752475.852,1.299,454519,454591,2,19.436
1780752475.903,1.350,454519,454591,2,0.000
1780752475.955,1.402,454519,454591,2,0.000
1780752476.006,1.453,454519,454591,2,0.000
1780752476.058,1.505,454519,454591,2,0.000
1780752476.109,1.556,454519,454591,2,19.447
1780752476.162,1.609,454519,454591,2,0.000
1780752476.216,1.663,454519,454591,2,0.000
1780752476.267,1.714,454519,454591,2,19.414
1780752476.319,1.766,454519,454591,2,0.000
1780752476.371,1.817,454519,454591,2,0.000
1780752476.422,1.869,454519,454591,2,0.000
1780752476.473,1.920,454519,454591,2,19.445
1780752476.525,1.971,454519,454591,2,0.000
1780752476.576,2.023,454519,454591,2,0.000
1780752476.628,2.074,454519,454591,2,19.445
1780752476.679,2.126,454519,454591,2,0.000
1780752476.731,2.177,454519,454591,2,0.000
1780752476.782,2.229,454519,454591,2,0.000
1780752476.834,2.280,454519,454591,2,19.437
1780752476.885,2.332,454519,454591,2,19.443
1780752476.936,2.383,454519,454591,2,0.000
1780752476.988,2.435,454519,454591,2,0.000
1780752477.039,2.486,454519,454591,2,0.000
1780752477.091,2.537,454519,454591,2,0.000
1780752477.142,2.589,454519,454591,2,0.000
1780752477.194,2.640,454519,454591,2,19.452
1780752477.245,2.692,454519,454591,2,0.000
1780752477.297,2.743,454519,454591,2,19.452
1780752477.348,2.795,454519,454591,2,0.000
1780752477.399,2.846,454519,454591,2,0.000
1780752477.451,2.898,454519,454591,2,0.000
1780752477.502,2.949,454519,454591,2,19.428
1780752477.554,3.001,454519,454591,2,0.000
1780752477.605,3.052,454519,454591,2,0.000
1780752477.657,3.103,454519,454591,2,0.000
1780752477.708,3.155,454519,454591,2,0.000
1780752477.760,3.206,454519,454591,2,19.439
1780752477.811,3.258,454519,454591,2,19.425
1780752477.863,3.309,454519,454591,2,0.000
1780752477.914,3.361,454519,454591,2,0.000
1780752477.965,3.412,454519,454591,2,0.000
1780752478.017,3.464,454519,454591,2,0.000
1780752478.068,3.515,454519,454591,2,0.000
1780752478.123,3.570,454519,454591,2,0.000
1780752478.175,3.622,454519,454591,2,38.444
1780752478.227,3.674,454519,454591,2,0.000
1780752478.279,3.726,454519,454591,2,0.000
1780752478.332,3.778,454519,454591,2,19.177
1780752478.384,3.830,454519,454591,2,0.000
1780752478.436,3.883,454519,454591,2,0.000
1780752478.488,3.935,454519,454591,2,19.184
1780752478.540,3.987,454519,454591,2,0.000
1780752478.592,4.039,454519,454591,2,19.200
1780752478.644,4.091,454519,454591,2,0.000
1780752478.696,4.143,454519,454591,2,0.000
1780752478.748,4.195,454519,454591,2,19.206
1780752478.801,4.247,454519,454591,2,0.000
1780752478.853,4.299,454519,454591,2,19.183
1780752478.905,4.351,454519,454591,2,0.000
1780752478.957,4.404,454519,454591,2,0.000
1780752479.009,4.456,454519,454591,2,19.160
1780752479.061,4.508,454519,454591,2,0.000
1780752479.113,4.560,454519,454591,2,19.202
1780752479.165,4.612,454519,454591,2,0.000
1780752479.217,4.664,454519,454591,2,0.000
1780752479.270,4.716,454519,454591,2,19.197
1780752479.322,4.768,454519,454591,2,0.000
1780752479.374,4.820,454519,454591,2,19.205
1780752479.426,4.873,454519,454591,2,0.000
1780752479.478,4.925,454519,454591,2,0.000
1780752479.530,4.977,454519,454591,2,19.184
1780752479.582,5.029,454519,454591,2,0.000
1780752479.634,5.081,454519,454591,2,19.201
1780752479.686,5.133,454519,454591,2,0.000
1780752479.738,5.185,454519,454591,2,19.195
1780752479.791,5.237,454519,454591,2,0.000
1780752479.843,5.290,454519,454591,2,19.128
1780752479.895,5.342,454519,454591,2,0.000
1780752479.947,5.394,454519,454591,2,0.000
1780752479.999,5.446,454519,454591,2,0.000
1780752480.052,5.498,454519,454591,2,38.383
1780752480.104,5.550,454519,454591,2,0.000
1780752480.156,5.602,454519,454591,2,0.000
1780752480.208,5.654,454519,454591,2,19.207
1780752480.260,5.706,454519,454591,2,0.000
1780752480.312,5.759,454519,454591,2,0.000
1780752480.364,5.811,454519,454591,2,0.000
1780752480.416,5.863,454519,454591,2,19.206
1780752480.468,5.915,454519,454591,2,0.000
1780752480.520,5.967,454519,454591,2,0.000
1780752480.572,6.019,454519,454591,2,19.190
1780752480.624,6.071,454519,454591,2,0.000
1780752480.676,6.123,454519,454591,2,0.000
1780752480.728,6.175,454519,454591,2,19.215
1780752480.781,6.227,454519,454591,2,0.000
1780752480.833,6.279,454519,454591,2,19.186
1780752480.885,6.331,454519,454591,2,0.000
1780752480.937,6.383,454519,454591,2,0.000
1780752480.989,6.436,454519,454591,2,38.340
1780752481.041,6.488,454519,454591,2,0.000
1780752481.093,6.540,454519,454591,2,0.000
1780752481.145,6.592,454519,454591,2,19.218
1780752481.197,6.644,454519,454591,2,0.000
1780752481.249,6.696,454519,454591,2,0.000
1780752481.301,6.748,454519,454591,2,0.000
1780752481.353,6.800,454519,454591,2,38.386
1780752481.405,6.852,454519,454591,2,0.000
1780752481.457,6.904,454519,454591,2,0.000
1780752481.510,6.956,454519,454591,2,19.198
1780752481.562,7.008,454519,454591,2,0.000
1780752481.614,7.060,454519,454591,2,0.000
1780752481.666,7.112,454519,454591,2,19.216
1780752481.718,7.164,454519,454591,2,0.000
1780752481.770,7.216,454519,454591,2,0.000
1780752481.822,7.269,454519,454591,2,19.199
1780752481.874,7.321,454519,454591,2,0.000
1780752481.926,7.373,454519,454591,2,0.000
1780752481.978,7.425,454519,454591,2,19.171
1780752482.030,7.477,454519,454591,2,0.000
1780752482.082,7.529,454519,454591,2,0.000
1780752482.134,7.581,454519,454591,2,19.202
1780752482.187,7.633,454519,454591,2,0.000
1780752482.239,7.685,454519,454591,2,19.205
1780752482.291,7.737,454519,454591,2,0.000
1780752482.343,7.789,454519,454591,2,0.000
1780752482.395,7.842,454519,454591,2,19.205
1780752482.447,7.894,454519,454591,2,0.000
1780752482.499,7.946,454519,454591,2,0.000
1780752482.551,7.998,454519,454591,2,19.206
1780752482.603,8.050,454519,454591,2,0.000
1780752482.655,8.102,454519,454591,2,19.172
1780752482.708,8.154,454519,454591,2,19.183
1780752482.760,8.206,454519,454591,2,0.000
1780752482.812,8.258,454519,454591,2,0.000
1780752482.864,8.311,454519,454591,2,0.000
1780752482.916,8.363,454519,454591,2,19.207
1780752482.968,8.415,454519,454591,2,0.000
1780752483.020,8.467,454519,454591,2,19.183
1780752483.072,8.519,454519,454591,2,0.000
1780752483.125,8.571,454519,454591,2,0.000
1780752483.177,8.623,454519,454591,2,19.205
1780752483.229,8.675,454519,454591,2,0.000
1780752483.281,8.727,454519,454591,2,0.000
1780752483.333,8.779,454519,454591,2,19.181
1780752483.385,8.832,454519,454591,2,0.000
1780752483.437,8.884,454519,454591,2,0.000
1780752483.489,8.936,454519,454591,2,19.216
1780752483.541,8.988,454519,454591,2,0.000
1780752483.593,9.040,454519,454591,2,19.220
1780752483.645,9.092,454519,454591,2,0.000
1780752483.697,9.144,454519,454591,2,0.000
1780752483.749,9.196,454519,454591,2,19.212
1780752483.801,9.248,454519,454591,2,0.000
1780752483.853,9.300,454519,454591,2,19.192
1780752483.905,9.352,454519,454591,2,0.000
1780752483.958,9.405,454519,454591,2,19.048
1780752484.010,9.457,454519,454591,2,0.000
1780752484.063,9.509,454519,454591,2,19.100
1780752484.115,9.561,454519,454591,2,0.000
1780752484.167,9.614,454519,454591,2,19.181
1780752484.219,9.666,454519,454591,2,0.000
1780752484.271,9.718,454519,454591,2,19.188
1780752484.323,9.770,454519,454591,2,0.000
1780752484.375,9.822,454519,454591,2,0.000
1780752484.427,9.874,454519,454591,2,19.195
1780752484.480,9.926,454519,454591,2,0.000
1780752484.532,9.978,454519,454591,2,19.191
1780752484.584,10.030,454519,454591,2,0.000
1780752484.636,10.083,454519,454591,2,19.198
1780752484.688,10.135,454519,454591,2,0.000
1780752484.740,10.187,454519,454591,2,19.190
1780752484.792,10.239,454519,454591,2,0.000
1780752484.844,10.291,454519,454591,2,19.172
1780752484.896,10.343,454519,454591,2,0.000
1780752484.949,10.395,454519,454591,2,19.174
1780752485.001,10.447,454519,454591,2,0.000
1780752485.053,10.500,454519,454591,2,19.189
1780752485.105,10.552,454519,454591,2,19.201
1780752485.157,10.604,454519,454591,2,0.000
1780752485.209,10.656,454519,454591,2,0.000
1780752485.261,10.708,454519,454591,2,19.205
1780752485.313,10.760,454519,454591,2,19.203
1780752485.365,10.812,454519,454591,2,0.000
1780752485.418,10.864,454519,454591,2,19.186
1780752485.470,10.916,454519,454591,2,0.000
1780752485.522,10.968,454519,454591,2,0.000
1780752485.574,11.020,454519,454591,2,19.207
1780752485.626,11.072,454519,454591,2,0.000
1780752485.678,11.125,454519,454591,2,19.209
1780752485.730,11.177,454519,454591,2,0.000
1780752485.782,11.229,454519,454591,2,19.212
1780752485.834,11.281,454519,454591,2,0.000
1780752485.886,11.333,454519,454591,2,0.000
1780752485.938,11.385,454519,454591,2,19.189
1780752485.991,11.437,454519,454591,2,0.000
1780752486.043,11.489,454519,454591,2,19.188
1780752486.095,11.541,454519,454591,2,0.000
1780752486.147,11.594,454519,454591,2,19.201
1780752486.199,11.646,454519,454591,2,0.000
1780752486.251,11.698,454519,454591,2,19.194
1780752486.303,11.750,454519,454591,2,19.200
1780752486.355,11.802,454519,454591,2,0.000
1780752486.407,11.854,454519,454591,2,0.000
1780752486.459,11.906,454519,454591,2,19.205
1780752486.512,11.958,454519,454591,2,0.000
1780752486.564,12.010,454519,454591,2,19.204
1780752486.616,12.062,454519,454591,2,19.201
1780752486.668,12.114,454519,454591,2,0.000
1780752486.720,12.167,454519,454591,2,19.200
1780752486.772,12.219,454519,454591,2,0.000
1780752486.824,12.271,454519,454591,2,0.000
1780752486.876,12.323,454519,454591,2,19.205
1780752486.928,12.375,454519,454591,2,0.000
1780752486.980,12.427,454519,454591,2,0.000
1780752487.033,12.479,454519,454591,2,19.175
1780752487.085,12.531,454519,454591,2,19.199
1780752487.137,12.583,454519,454591,2,19.205
1780752487.189,12.635,454519,454591,2,0.000
1780752487.241,12.688,454519,454591,2,0.000
1780752487.293,12.740,454519,454591,2,19.212
1780752487.345,12.792,454519,454591,2,0.000
1780752487.397,12.844,454519,454591,2,19.207
1780752487.449,12.896,454519,454591,2,0.000
1780752487.501,12.948,454519,454591,2,0.000
1780752487.553,13.000,454519,454591,2,19.207
1780752487.605,13.052,454519,454591,2,0.000
1780752487.657,13.104,454519,454591,2,19.214
1780752487.709,13.156,454519,454591,2,0.000
1780752487.762,13.208,454519,454591,2,0.000
1780752487.814,13.260,454519,454591,2,38.416
1780752487.866,13.312,454519,454591,2,0.000
1780752487.918,13.364,454519,454591,2,0.000
1780752487.970,13.417,454519,454591,2,19.154
1780752488.022,13.469,454519,454591,2,0.000
1780752488.074,13.521,454519,454591,2,0.000
1780752488.127,13.573,454519,454591,2,19.156
1780752488.179,13.625,454519,454591,2,0.000
1780752488.231,13.678,454519,454591,2,19.012
1780752488.283,13.730,454519,454591,2,19.192
1780752488.336,13.782,454519,454591,2,0.000
1780752488.388,13.834,454519,454591,2,19.194
1780752488.440,13.886,454519,454591,2,0.000
1780752488.492,13.938,454519,454591,2,0.000
1780752488.544,13.991,454519,454591,2,19.140
1780752488.596,14.043,454519,454591,2,0.000
1780752488.648,14.095,454519,454591,2,19.207
1780752488.700,14.147,454519,454591,2,0.000
1780752488.752,14.199,454519,454591,2,19.199
1780752488.804,14.251,454519,454591,2,0.000
1780752488.857,14.303,454519,454591,2,19.182
1780752488.909,14.355,454519,454591,2,0.000
1780752488.961,14.407,454519,454591,2,0.000
1780752489.013,14.460,454519,454591,2,19.118
1780752489.065,14.512,454519,454591,2,19.181
1780752489.117,14.564,454519,454591,2,0.000
1780752489.169,14.616,454519,454591,2,19.188
1780752489.221,14.668,454519,454591,2,19.196
1780752489.274,14.720,454519,454591,2,0.000
1780752489.326,14.772,454519,454591,2,19.168
1780752489.378,14.824,454519,454591,2,0.000
1780752489.430,14.877,454519,454591,2,19.178
1780752489.482,14.929,454519,454591,2,0.000
1780752489.534,14.981,454519,454591,2,0.000
1780752489.586,15.033,454519,454591,2,19.166
1780752489.639,15.085,454519,454591,2,0.000
1780752489.691,15.137,454519,454591,2,19.178
1780752489.744,15.190,454519,454591,2,0.000
1780752489.795,15.242,454519,454591,2,0.000
1780752489.847,15.294,454519,454591,2,19.350
1780752489.899,15.346,454519,454591,2,19.201
1780752489.951,15.398,454519,454591,2,0.000
1780752490.003,15.449,454519,454591,2,0.000
1780752490.055,15.501,454519,454591,2,19.320
1780752490.106,15.553,454519,454591,2,0.000
1780752490.158,15.605,454519,454591,2,0.000
1780752490.210,15.656,454519,454591,2,0.000
1780752490.262,15.708,454519,454591,2,19.314
1780752490.313,15.760,454519,454591,2,0.000
1780752490.365,15.812,454519,454591,2,0.000
1780752490.420,15.867,454519,454591,2,0.000
1780752490.472,15.919,454519,454591,2,19.310
1780752490.524,15.970,454519,454591,2,0.000
1780752490.576,16.022,454519,454591,2,0.000
1780752490.628,16.074,454519,454591,2,0.000
1780752490.684,16.131,454519,454591,2,0.000
1780752490.736,16.183,454519,454591,2,19.200
1780752490.788,16.235,454519,454591,2,19.302
1780752490.840,16.287,454519,454591,2,0.000
1780752490.893,16.339,454519,454591,2,19.037
1780752490.945,16.392,454519,454591,2,0.000
1780752490.997,16.444,454519,454591,2,0.000
1780752491.056,16.502,454519,454591,2,17.151
1780752491.108,16.554,454519,454591,2,0.000
1780752491.160,16.607,454519,454591,2,19.045
1780752491.212,16.659,454519,454591,2,0.000
1780752491.264,16.711,454519,454591,2,0.000
1780752491.316,16.762,454519,454591,2,96.638
1780752491.368,16.815,454519,454591,2,133.132
1780752491.420,16.867,454519,454591,2,38.469
1780752491.472,16.919,454519,454591,2,38.392
1780752491.524,16.971,454519,454591,2,38.453
1780752491.576,17.023,454519,454591,2,38.409
1780752491.630,17.076,454519,454591,2,37.615
1780752491.683,17.129,454519,454591,2,37.609
1780752491.735,17.181,454519,454591,2,38.378
1780752491.787,17.234,454519,454591,2,38.225
1780752491.840,17.286,454519,454591,2,38.199
1780752491.892,17.338,454519,454591,2,57.560
1780752491.944,17.390,454519,454591,2,19.159
1780752491.996,17.443,454519,454591,2,153.463
1780752492.049,17.496,454519,454591,2,37.799
1780752492.101,17.548,454519,454591,2,38.478
1780752492.153,17.599,454519,454591,2,57.697
1780752492.205,17.652,454519,454591,2,38.045
1780752492.258,17.704,454519,454591,2,57.586
1780752492.311,17.757,454519,454591,2,37.705
1780752492.363,17.810,454519,454591,2,57.167
1780752492.415,17.862,454519,454591,2,38.415
1780752492.469,17.915,454519,454591,2,37.324
1780752492.521,17.967,454519,454591,2,38.492
1780752492.573,18.019,454519,454591,2,76.928
1780752492.626,18.072,454519,454591,2,113.115
1780752492.678,18.125,454519,454591,2,38.057
1780752492.731,18.178,454519,454591,2,37.930
1780752492.783,18.230,454519,454591,2,38.448
1780752492.835,18.282,454519,454591,2,57.690
1780752492.887,18.334,454519,454591,2,38.463
1780752492.939,18.386,454519,454591,2,38.466
1780752492.991,18.438,454519,454591,2,19.219
1780752493.043,18.490,454519,454591,2,153.266
1780752493.097,18.544,454519,454591,2,55.657
1780752493.150,18.597,454519,454591,2,37.784
1780752493.202,18.649,454519,454591,2,38.470
1780752493.255,18.702,454519,454591,2,56.773
1780752493.308,18.754,454519,454591,2,37.929
1780752493.360,18.807,454519,454591,2,76.172
1780752493.413,18.860,454519,454591,2,18.927
1780752493.465,18.912,454519,454591,2,57.447
1780752493.517,18.964,454519,454591,2,38.480
1780752493.569,19.016,454519,454591,2,38.446
1780752493.622,19.069,454519,454591,2,56.389
1780752493.675,19.122,454519,454591,1,132.925
1780752493.728,19.175,454519,454591,1,37.647
1780752493.780,19.227,454519,454591,1,38.498
1780752493.832,19.279,454519,454591,1,57.693
1780752493.884,19.331,454519,454591,1,38.479
1780752493.936,19.383,454519,454591,1,38.496
1780752493.988,19.435,454519,454591,1,38.441
1780752494.040,19.487,454519,454591,1,38.458
1780752494.092,19.539,454519,454591,1,38.463
1780752494.145,19.592,454519,454591,1,150.136
1780752494.199,19.646,454519,454591,1,55.515
1780752494.251,19.698,454519,454591,1,38.394
1780752494.304,19.750,454519,454591,1,38.446
1780752494.358,19.804,454519,454591,1,18.465
1780752494.412,19.858,454519,454591,1,74.003
1780752494.468,19.915,454519,454591,1,35.552
1780752494.522,19.968,454519,454591,1,37.259
1780752494.574,20.020,454519,454591,1,38.405
1780752494.626,20.072,454519,454591,1,57.712
1780752494.678,20.124,454519,454591,1,38.483
1780752494.730,20.176,454519,454591,1,57.726
1780752494.782,20.228,454519,454591,1,38.474
1780752494.834,20.281,454519,454591,1,38.186
1780752494.887,20.333,454519,454591,1,133.214
1780752494.940,20.387,454519,454591,1,149.110
1780752494.993,20.439,454519,454591,1,38.040
1780752495.045,20.491,454519,454591,1,57.703
1780752495.097,20.543,454519,454591,1,38.456
1780752495.149,20.596,454519,454591,1,38.354
1780752495.201,20.648,454519,454591,1,38.399
1780752495.253,20.700,454519,454591,1,38.445
1780752495.305,20.752,454519,454591,1,38.448
1780752495.358,20.804,454519,454591,1,56.842
1780752495.410,20.857,454519,454591,1,38.038
1780752495.463,20.909,454519,454591,1,190.848
1780752495.515,20.962,454519,454591,1,38.379
1780752495.567,21.014,454519,454591,1,19.243
1780752495.619,21.066,454519,454591,1,38.122
1780752495.671,21.118,454519,454591,1,38.457
1780752495.723,21.170,454519,454591,1,38.439
1780752495.775,21.222,454519,454591,1,38.421
1780752495.828,21.274,454519,454591,1,38.404
1780752495.880,21.327,454519,454591,1,38.185
1780752495.932,21.379,454519,454591,1,38.452
1780752495.984,21.431,454519,454591,1,57.662
1780752496.036,21.483,454519,454591,1,19.209
1780752496.088,21.535,454519,454591,1,38.452
1780752496.140,21.587,454519,454591,1,57.685
1780752496.192,21.639,454519,454591,1,38.438
1780752496.244,21.691,454519,454591,1,19.219
1780752496.296,21.743,454519,454591,1,57.674
1780752496.348,21.795,454519,454591,1,19.222
1780752496.400,21.847,454519,454591,1,38.443
1780752496.452,21.899,454519,454591,1,57.639
1780752496.505,21.951,454519,454591,1,190.417
1780752496.558,22.004,454519,454591,1,56.790
1780752496.612,22.059,454519,454591,1,36.406
1780752496.664,22.111,454519,454591,1,57.732
1780752496.716,22.163,454519,454591,1,38.495
1780752496.768,22.215,454519,454591,1,38.446
1780752496.820,22.267,454519,454591,1,57.736
1780752496.872,22.319,454519,454591,1,19.230
1780752496.924,22.371,454519,454591,1,38.475
1780752496.976,22.423,454519,454591,1,57.680
1780752497.028,22.475,454519,454591,1,115.414
1780752497.081,22.527,454519,454591,1,95.742
1780752497.133,22.579,454519,454591,1,38.468
1780752497.185,22.631,454519,454591,1,38.446
1780752497.237,22.683,454519,454591,1,38.471
1780752497.289,22.735,454519,454591,1,38.460
1780752497.341,22.787,454519,454591,1,57.457
1780752497.393,22.839,454519,454591,1,38.452
1780752497.445,22.892,454519,454591,1,38.033
1780752497.497,22.944,454519,454591,1,38.434
1780752497.550,22.996,454519,454591,1,19.077
1780752497.603,23.050,454519,454591,1,75.198
1780752497.657,23.104,454519,454591,1,36.982
1780752497.712,23.158,454519,454591,1,54.918
1780752497.764,23.211,454519,454591,1,19.097
1780752497.816,23.263,454519,454591,1,57.565
1780752497.868,23.315,454519,454591,1,76.950
1780752497.922,23.368,454519,454591,1,149.832
1780752497.974,23.420,454519,454591,1,38.338
1780752498.026,23.472,454519,454591,1,38.405
1780752498.079,23.526,454519,454591,1,37.507
1780752498.132,23.579,454519,454591,1,37.890
1780752498.185,23.631,454519,454591,1,151.594
1780752498.237,23.684,454519,454591,1,132.925
1780752498.290,23.737,454519,454591,1,56.698
1780752498.344,23.790,454519,454591,1,168.862
1780752498.397,23.843,454519,454591,1,132.211
1780752498.451,23.898,454519,454591,1,73.083
1780752498.504,23.951,454519,454591,1,37.581
1780752498.557,24.004,454519,454591,1,56.975
1780752498.610,24.056,454519,454591,1,191.015
1780752498.665,24.112,454519,454591,1,107.879
1780752498.717,24.164,454519,454591,1,38.396
1780752498.769,24.216,454519,454591,1,57.617
1780752498.821,24.268,454519,454591,1,77.017
1780752498.873,24.320,454519,454591,1,191.667
1780752498.925,24.372,454519,454591,1,115.176
1780752498.978,24.424,454519,454591,1,76.499
1780752499.030,24.476,454519,454591,1,115.425
1780752499.083,24.529,454519,454591,1,131.923
1780752499.136,24.583,454519,454591,1,130.857
1780752499.189,24.636,454519,454591,1,56.867
1780752499.242,24.688,454519,454591,1,38.067
1780752499.294,24.740,454519,454591,1,134.409
1780752499.347,24.794,454519,454591,2,168.059
1780752499.400,24.847,454519,454591,2,75.612
1780752499.453,24.900,454519,454591,2,75.634
1780752499.506,24.952,454519,454591,3,152.089
1780752499.559,25.006,454519,454591,3,185.750
1780752499.612,25.059,454519,454591,3,114.224
1780752499.664,25.111,454519,454591,3,229.088
1780752499.724,25.171,454519,454591,3,167.317
1780752499.778,25.225,454519,454591,3,166.677
1780752499.830,25.277,454519,454591,3,152.947
1780752499.883,25.329,454519,454591,3,209.958
1780752499.935,25.382,454519,454591,3,152.653
1780752499.988,25.435,454519,454591,3,207.199
1780752500.050,25.497,454519,454591,3,209.702
1780752500.104,25.551,454519,454591,3,148.844
1780752500.158,25.604,454519,454591,3,242.586
1780752500.215,25.661,454519,454591,3,122.988
1780752500.269,25.716,454519,454591,3,165.624
1780752500.321,25.768,454519,454591,3,210.323
1780752500.374,25.820,454519,454591,3,152.180
1780752500.426,25.873,454519,454591,3,134.161
1780752500.478,25.925,454519,454591,3,133.505
1780752500.531,25.977,454519,454591,3,172.180
1780752500.583,26.030,454519,454591,3,210.645
1780752500.637,26.083,454519,454591,3,186.321
1780752500.689,26.135,454519,454591,3,153.175
1780752500.741,26.188,454519,454591,3,229.560
1780752500.795,26.241,454519,454591,3,149.609
1780752500.847,26.294,454519,454591,3,151.920
1780752500.900,26.347,454519,454591,3,131.799
1780752500.954,26.400,454519,454591,3,225.380
1780752501.006,26.452,454519,454591,3,153.293
1780752501.061,26.507,454519,454591,3,164.087
1780752501.120,26.566,454519,454591,3,219.906
1780752501.173,26.619,454519,454591,3,151.460
1780752501.225,26.671,454519,454591,3,134.075
1780752501.277,26.723,454519,454591,3,115.098
1780752501.329,26.776,454519,454591,3,114.302
1780752501.382,26.829,454519,454591,3,132.555
1780752501.434,26.881,454519,454591,3,134.128
1780752501.490,26.937,454519,454591,3,161.360
1780752501.543,26.989,454519,454591,3,38.062
1780752501.595,27.042,454519,454591,3,151.542
1780752501.648,27.094,454519,454591,3,133.985
1780752501.700,27.147,454519,454591,3,151.981
1780752501.755,27.201,454519,454591,3,165.086
1780752501.807,27.254,454519,454591,3,209.117
1780752501.867,27.314,454519,454591,3,167.797
1780752501.920,27.366,454519,454591,3,227.244
1780752501.973,27.419,454519,454591,3,227.674
1780752502.032,27.478,454519,454591,3,254.047
1780752502.084,27.531,454519,454591,3,190.158
1780752502.136,27.583,454519,454591,3,172.441
1780752502.189,27.636,454519,454591,3,226.210
1780752502.242,27.689,454519,454591,3,247.676
1780752502.296,27.742,454519,454591,3,241.082
1780752502.350,27.797,454519,454591,3,202.059
1780752502.403,27.850,454519,454591,3,247.071
1780752502.455,27.902,454519,454591,3,152.436
1780752502.508,27.955,454519,454591,3,207.832
1780752502.562,28.008,454519,454591,3,262.625
1780752502.614,28.061,454519,454591,3,265.250
1780752502.673,28.119,454519,454591,3,291.878
1780752502.725,28.172,454519,454591,3,284.008
1780752502.779,28.225,454519,454591,3,225.764
1780752502.840,28.287,454519,454591,3,226.599
1780752502.895,28.341,454519,454591,3,257.368
1780752502.950,28.397,454519,454591,3,217.506
1780752503.003,28.449,454519,454591,3,284.193
1780752503.057,28.504,454519,454591,3,276.436
1780752503.110,28.557,454519,454591,3,245.742
1780752503.164,28.611,454519,454591,2,256.584
1780752503.222,28.668,454519,454591,2,280.051
1780752503.274,28.721,454519,454591,2,267.595
1780752503.329,28.776,454519,454591,3,271.726
1780752503.386,28.833,454519,454591,3,261.872
1780752503.442,28.888,454519,454591,3,181.271
1780752503.496,28.942,454519,454591,3,239.606
1780752503.553,29.000,454519,454591,3,279.306
1780752503.609,29.056,454519,454591,3,283.972
1780752503.663,29.110,454519,454591,3,186.755
1780752503.722,29.168,454519,454591,3,254.825
1780752503.776,29.223,454519,454591,3,221.329
1780752503.837,29.284,454519,454591,3,261.420
1780752503.892,29.338,454519,454591,3,274.917
1780752503.947,29.394,454519,454591,3,216.314
1780752504.001,29.447,454519,454591,3,187.692
1780752504.056,29.502,454519,454591,3,253.540
1780752504.110,29.557,454519,454591,3,146.438
1780752504.163,29.610,454519,454591,3,264.143
1780752504.216,29.662,454519,454591,3,153.271
1780752504.272,29.718,454519,454591,3,142.861
1780752504.324,29.771,454519,454591,3,152.163
1780752504.379,29.826,454519,454591,3,182.168
1780752504.431,29.878,454519,454591,2,133.863
1780752504.484,29.930,454519,454591,2,133.731
1780752504.537,29.984,454519,454591,2,150.477
1780752504.590,30.037,454519,454591,2,149.882
1780752504.643,30.090,454519,454591,2,150.692
1780752504.697,30.143,454519,454591,2,131.499
1780752504.750,30.196,454519,454591,2,150.953
1780752504.802,30.249,454519,454591,2,170.768
1780752504.856,30.303,454519,454591,2,149.084
1780752504.910,30.356,454519,454591,2,111.877
1780752504.962,30.409,454519,454591,2,171.641
1780752505.018,30.464,454519,454591,2,179.966
1780752505.073,30.520,454519,454591,2,144.527
1780752505.126,30.572,454519,454591,2,113.686
1780752505.179,30.626,454519,454591,2,186.339
1780752505.232,30.678,454519,454591,2,190.717
1780752505.290,30.737,454519,454591,2,187.815
1780752505.343,30.790,454519,454591,2,246.885
1780752505.397,30.843,454519,454591,2,168.289
1780752505.449,30.895,454519,454591,2,229.759
1780752505.502,30.948,454519,454591,2,131.876
1780752505.557,31.003,454519,454591,2,164.460
1780752505.610,31.057,454519,454591,2,187.193
1780752505.663,31.109,454519,454591,2,113.660
1780752505.717,31.164,454519,454591,2,183.594
1780752505.772,31.218,454519,454591,2,128.632
1780752505.824,31.271,454519,454591,2,153.084
1780752505.876,31.323,454519,454591,2,57.269
1780752505.928,31.375,454519,454591,2,115.275
1780752505.982,31.428,454519,454591,2,131.149
1780752506.034,31.481,454519,454591,2,38.296
1780752506.086,31.533,454519,454591,2,115.320
1780752506.140,31.586,454519,454591,3,111.389
1780752506.193,31.639,454519,454591,3,37.852
1780752506.245,31.692,454519,454591,3,133.092
1780752506.298,31.745,454519,454591,3,75.659
1780752506.351,31.798,454519,454591,3,37.507
1780752506.404,31.851,454519,454591,3,171.383
1780752506.458,31.905,454519,454591,3,55.043
1780752506.511,31.958,454519,454591,3,75.675
1780752506.564,32.010,454519,454591,3,152.677
1780752506.616,32.063,454519,454591,3,38.361
1780752506.668,32.115,454519,454591,3,115.199
1780752506.721,32.167,454519,454591,0,132.879
1780752506.773,32.219,454519,454591,1,19.198
1780752506.825,32.271,454519,454591,1,115.290
1780752506.880,32.327,454519,454591,1,126.801
1780752506.933,32.379,454519,454591,1,56.931
1780752506.985,32.432,454519,454591,1,113.946
1780752507.041,32.488,454519,454591,1,161.815
1780752507.093,32.540,454519,454591,1,38.286
1780752507.145,32.592,454519,454591,1,134.344
1780752507.198,32.644,454519,454591,1,152.804
1780752507.250,32.696,454519,454591,1,38.370
1780752507.302,32.748,454519,454591,1,153.953
1780752507.354,32.801,454519,454591,1,152.772
1780752507.409,32.855,454519,454591,1,36.666
1780752507.462,32.908,454519,454591,1,188.620
1780752507.515,32.961,454519,454591,1,151.035
1780752507.573,33.020,454519,454591,1,102.868
1780752507.625,33.072,454519,454591,1,172.720
1780752507.678,33.125,454519,454591,1,132.366
1780752507.730,33.177,454519,454591,1,172.538
1780752507.783,33.230,454519,454591,1,150.242
1780752507.838,33.284,454519,454591,1,147.201
1780752507.890,33.337,454519,454591,1,189.905
1780752507.943,33.390,454519,454591,1,170.051
1780752507.996,33.443,454519,454591,1,188.826
1780752508.049,33.495,454519,454591,1,152.385
1780752508.101,33.548,454519,454591,1,229.637
1780752508.153,33.600,454519,454591,1,171.804
1780752508.242,33.689,454519,454591,1,236.060
1780752508.298,33.744,454519,454591,1,235.745
1780752508.350,33.797,454519,454591,1,227.343
1780752508.405,33.852,454519,454591,1,253.803
1780752508.461,33.907,454519,454591,1,235.517
1780752508.515,33.962,454519,454591,1,313.092
1780752508.572,34.018,454519,454591,1,264.334
1780752508.628,34.075,454519,454591,1,317.927
1780752508.689,34.135,454519,454591,0,265.718
1780752508.746,34.192,454519,454591,0,245.658
1780752508.799,34.245,454519,454591,0,301.782
1780752508.855,34.302,454519,454591,0,281.535
1780752508.910,34.357,454519,454591,1,292.741
1780752508.964,34.410,454519,454591,0,205.557
1780752509.021,34.468,454519,454591,0,173.100
1780752509.076,34.522,454519,454591,0,184.350
1780752509.129,34.575,454519,454591,0,225.128
1780752509.184,34.630,454519,454591,0,236.482
1780752509.237,34.683,454519,454591,0,208.404
1780752509.290,34.736,454519,454591,0,188.613
1780752509.343,34.789,454519,454591,0,207.925
1780752509.396,34.843,454519,454591,0,130.220
1780752509.448,34.895,454519,454591,3,172.668
1780752509.502,34.948,454519,454591,3,188.196
1780752509.554,35.001,454519,454591,3,56.733
1780752509.607,35.053,454519,454591,3,171.777
1780752509.659,35.106,454519,454591,3,228.381
1780752509.712,35.159,454519,454591,3,37.993
1780752509.765,35.211,454519,454591,3,209.312
1780752509.819,35.266,454519,454591,3,164.323
1780752509.872,35.319,454519,454591,3,94.335
1780752509.928,35.375,454519,454591,3,214.992
1780752509.980,35.427,454519,454591,3,95.496
1780752510.032,35.479,454519,454591,3,115.375
1780752510.086,35.533,454519,454591,3,224.203
1780752510.138,35.585,454519,454591,3,133.671
1780752510.190,35.637,454519,454591,3,230.324
1780752510.243,35.689,454519,454591,3,229.429
1780752510.295,35.742,454519,454591,3,133.324
1780752510.347,35.794,454519,454591,3,230.122
1780752510.400,35.846,454519,454591,3,229.883
1780752510.452,35.898,454519,454591,3,38.322
1780752510.504,35.951,454519,454591,3,172.930
1780752510.557,36.004,454519,454591,3,206.602
1780752510.609,36.056,454519,454591,3,38.272
1780752510.662,36.109,454519,454591,3,208.967
1780752510.715,36.162,454519,454591,3,131.404
1780752510.769,36.216,454519,454591,3,92.581
1780752510.822,36.268,454519,454591,3,210.391
1780752510.876,36.323,454519,454591,3,91.983
1780752510.928,36.375,454519,454591,3,76.853
1780752510.985,36.432,454519,454591,3,209.733
1780752511.037,36.484,454519,454591,3,57.551
1780752511.089,36.536,454519,454591,3,134.601
1780752511.141,36.588,454519,454591,1,191.742
1780752511.194,36.640,454519,454591,1,38.368
1780752511.248,36.695,454519,454591,1,183.409
1780752511.300,36.747,454519,454591,1,153.476
1780752511.352,36.799,454519,454591,1,57.601
1780752511.405,36.851,454519,454591,1,171.421
1780752511.458,36.905,454519,454591,1,150.863
1780752511.510,36.957,454519,454591,1,38.098
1780752511.563,37.009,454519,454591,1,209.687
1780752511.617,37.063,454519,454591,1,92.666
1780752511.670,37.117,454519,454591,1,74.942
1780752511.722,37.169,454519,454591,1,210.618
1780752511.775,37.222,454519,454591,1,131.955
1780752511.828,37.275,454519,454591,2,189.154
1780752511.883,37.330,454519,454591,2,217.587
1780752511.936,37.382,454519,454591,2,134.308
1780752511.988,37.434,454519,454591,2,210.702
1780752512.040,37.487,454519,454591,2,190.819
1780752512.092,37.539,454519,454591,2,57.579
1780752512.144,37.591,454519,454591,2,153.791
1780752512.197,37.644,454519,454591,2,150.925
1780752512.249,37.696,454519,454591,2,19.207
1780752512.301,37.748,454519,454591,2,172.840
1780752512.354,37.800,454519,454591,2,152.869
1780752512.406,37.852,454519,454591,2,38.428
1780752512.459,37.906,454519,454591,2,207.354
1780752512.512,37.958,454519,454591,2,132.239
1780752512.564,38.011,454519,454591,2,57.547
1780752512.616,38.063,454519,454591,2,191.508
1780752512.670,38.117,454519,454591,2,110.503
1780752512.723,38.170,454519,454591,2,95.130
1780752512.776,38.223,454519,454591,2,188.730
1780752512.828,38.275,454519,454591,2,76.801
1780752512.880,38.327,454519,454591,2,95.922
1780752512.937,38.383,454519,454591,2,212.104
1780752512.989,38.436,454519,454591,2,57.183
1780752513.041,38.488,454519,454591,2,134.594
1780752513.094,38.540,454519,454591,2,171.819
1780752513.147,38.593,454519,454591,2,94.410
1780752513.199,38.645,454519,454591,2,134.095
1780752513.251,38.698,454519,454591,2,190.211
1780752513.304,38.751,454519,454591,2,56.986
1780752513.356,38.803,454519,454591,2,190.931
1780752513.410,38.856,454519,454591,2,262.093
1780752513.464,38.910,454519,454591,2,148.054
1780752513.516,38.963,454519,454591,2,267.125
1780752513.572,39.019,454519,454591,2,215.509
1780752513.624,39.071,454519,454591,2,171.375
1780752513.677,39.124,454519,454591,2,246.943
1780752513.729,39.176,454519,454591,2,191.013
1780752513.782,39.228,454519,454591,2,95.758
1780752513.834,39.280,454519,454591,2,210.972
1780752513.886,39.333,454519,454591,2,114.465
1780752513.938,39.385,454519,454591,2,134.568
1780752513.990,39.437,454519,454591,2,210.873
1780752514.043,39.490,454519,454591,2,75.636
1780752514.095,39.542,454519,454591,2,153.569
1780752514.148,39.595,454519,454591,2,209.086
1780752514.200,39.647,454519,454591,2,95.781
1780752514.253,39.700,454519,454591,2,132.728
1780752514.308,39.755,454519,454591,2,235.410
1780752514.362,39.809,454519,454591,2,129.714
1780752514.416,39.863,454519,454591,2,204.148
1780752514.475,39.922,454519,454591,2,236.038
1780752514.528,39.975,454519,454591,2,208.474
1780752514.583,40.029,454519,454591,2,220.230
1780752514.635,40.082,454519,454591,2,246.311
1780752514.689,40.136,454519,454591,2,258.786
1780752514.743,40.190,454519,454591,2,242.941
1780752514.795,40.242,454519,454591,2,228.680
1780752514.848,40.295,454519,454591,2,209.141
1780752514.903,40.350,454519,454591,2,289.296
1780752514.957,40.404,454519,454591,3,242.038
1780752515.009,40.456,454519,454591,3,230.028
1780752515.063,40.510,454519,454591,3,204.921
1780752515.123,40.570,454519,454591,3,283.369
1780752515.183,40.630,454519,454591,3,214.828
1780752515.237,40.683,454519,454591,3,150.522
1780752515.292,40.739,454519,454591,3,125.892
1780752515.344,40.791,454519,454591,1,134.076
1780752515.396,40.843,454519,454591,1,153.543
1780752515.450,40.897,454519,454591,1,167.241
1780752515.502,40.949,454519,454591,1,173.027
1780752515.555,41.002,454519,454591,1,113.280
1780752515.612,41.059,454519,454591,1,210.816
1780752515.665,41.112,454519,454591,1,131.667
1780752515.718,41.164,454519,454591,2,191.680
1780752515.774,41.221,454519,454591,2,158.991
1780752515.826,41.273,454519,454591,2,191.324
1780752515.879,41.325,454519,454591,2,115.035
1780752515.931,41.377,454519,454591,2,191.736
1780752515.984,41.430,454519,454591,2,151.178
1780752516.037,41.483,454519,454591,2,207.337
1780752516.090,41.537,454519,454591,2,262.078
1780752516.143,41.590,454519,454591,2,206.861
1780752516.196,41.642,454519,454591,2,228.472
1780752516.248,41.695,454519,454591,2,209.869
1780752516.300,41.747,454519,454591,2,249.072
1780752516.353,41.799,454519,454591,2,152.652
1780752516.406,41.853,454519,454591,2,207.285
1780752516.462,41.909,454519,454591,2,142.856
1780752516.518,41.964,454519,454591,2,215.410
1780752516.570,42.017,454519,454591,2,114.154
1780752516.623,42.069,454519,454591,2,229.063
1780752516.676,42.122,454519,454591,2,112.864
1780752516.729,42.176,454519,454591,2,205.591
1780752516.782,42.228,454519,454591,2,114.435
1780752516.834,42.281,454519,454591,2,229.645
1780752516.886,42.333,454519,454591,2,76.880
1780752516.941,42.388,454519,454591,2,218.297
1780752516.993,42.440,454519,454591,2,209.648
1780752517.045,42.492,454519,454591,2,230.621
1780752517.099,42.545,454519,454591,2,206.950
1780752517.152,42.598,454519,454591,2,226.021
1780752517.204,42.651,454519,454591,2,284.917
1780752517.259,42.705,454519,454591,1,238.326
1780752517.311,42.758,454519,454591,1,305.997
1780752517.365,42.811,454519,454591,1,262.178
1780752517.417,42.863,454519,454591,1,286.766
1780752517.469,42.916,454519,454591,1,248.085
1780752517.522,42.969,454519,454591,1,283.428
1780752517.580,43.026,454519,454591,1,243.415
1780752517.633,43.079,454519,454591,1,245.421
1780752517.688,43.134,454519,454591,1,236.128
1780752517.740,43.187,454519,454591,1,229.211
1780752517.793,43.239,454519,454591,1,132.842
1780752517.846,43.292,454519,454591,1,207.684
1780752517.898,43.345,454519,454591,1,153.087
1780752517.951,43.398,454519,454591,1,187.507
1780752518.005,43.451,454519,454591,2,187.457
1780752518.057,43.504,454519,454591,2,208.692
1780752518.110,43.557,454519,454591,2,18.962
1780752518.163,43.609,454519,454591,2,208.562
1780752518.217,43.664,454519,454591,2,166.491
1780752518.270,43.716,454519,454591,2,94.811
1780752518.322,43.768,454519,454591,3,192.322
1780752518.378,43.824,454519,454591,3,160.396
1780752518.431,43.878,454519,454591,3,241.944
1780752518.484,43.931,454519,454591,3,207.918
1780752518.538,43.984,454519,454591,3,262.784
1780752518.590,44.036,454519,454591,3,211.426
1780752518.642,44.089,454519,454591,3,267.767
1780752518.695,44.142,454519,454591,3,225.293
1780752518.748,44.194,454519,454591,3,229.106
1780752518.800,44.247,454519,454591,3,245.947
1780752518.856,44.302,454519,454591,3,234.713
1780752518.909,44.356,454519,454591,3,207.314
1780752518.961,44.408,454519,454591,3,266.829
1780752519.017,44.463,454519,454591,3,252.931
1780752519.079,44.525,454519,454591,3,194.175
1780752519.138,44.585,454519,454591,3,235.145
1780752519.192,44.638,454519,454591,3,149.328
1780752519.247,44.693,454519,454591,3,199.465
1780752519.299,44.746,454519,454591,3,248.785
1780752519.352,44.798,454519,454591,3,209.005
1780752519.410,44.856,454519,454591,3,241.981
1780752519.466,44.913,454519,454591,3,229.703
1780752519.520,44.966,454519,454591,3,261.852
1780752519.575,45.022,454519,454591,3,234.094
1780752519.632,45.079,454519,454591,3,264.042
1780752519.689,45.135,454519,454591,3,316.382
1780752519.764,45.211,454519,454591,3,252.208
1780752519.817,45.263,454519,454591,3,246.856
1780752519.874,45.321,454519,454591,3,208.041
1780752519.927,45.374,454519,454591,3,266.963
1780752519.981,45.427,454519,454591,3,260.019
1780752520.034,45.480,454519,454591,3,188.737
1780752520.088,45.535,454519,454591,3,202.740
1780752520.141,45.587,454519,454591,3,133.180
1780752520.194,45.640,454519,454591,2,94.205
1780752520.246,45.693,454519,454591,2,171.068
1780752520.299,45.746,454519,454591,2,190.019
1780752520.351,45.798,454519,454591,2,153.237
1780752520.404,45.850,454519,454591,2,113.803
1780752520.457,45.904,454519,454591,2,37.554
1780752520.510,45.957,454519,454591,2,206.900
1780752520.576,46.023,454519,454591,2,166.670
1780752520.630,46.076,454519,454591,2,187.092
1780752520.685,46.131,454519,454591,2,253.885
1780752520.743,46.189,454519,454591,2,155.653
1780752520.797,46.244,454519,454591,2,220.156
1780752520.856,46.303,454519,454591,2,220.757
1780752520.915,46.362,454519,454591,2,168.931
1780752520.970,46.417,454519,454591,2,254.981
1780752521.030,46.476,454519,454591,2,184.811
1780752521.090,46.537,454519,454591,2,265.344
1780752521.144,46.591,454519,454591,2,222.293
1780752521.198,46.644,454519,454591,2,223.020
1780752521.250,46.697,454519,454591,0,190.648
1780752521.307,46.754,454519,454591,0,209.428
1780752521.362,46.809,454519,454591,0,367.277
1780752521.422,46.869,454519,454591,0,249.928
1780752521.478,46.925,454519,454591,1,284.121
1780752521.533,46.979,454519,454591,1,275.368
1780752521.591,47.038,454519,454591,1,258.138
1780752521.646,47.093,454519,454591,1,324.029
1780752521.705,47.152,454519,454591,1,255.071
1780752521.766,47.212,454519,454591,0,330.872
1780752521.820,47.267,454519,454591,2,220.104
1780752521.879,47.325,454519,454591,2,274.082
1780752521.933,47.380,454519,454591,2,201.920
1780752521.986,47.433,454519,454591,2,112.925
1780752522.039,47.486,454519,454591,2,245.986
1780752522.091,47.538,454519,454591,2,57.700
1780752522.144,47.591,454519,454591,2,149.683
1780752522.198,47.644,454519,454591,2,244.494
1780752522.251,47.698,454519,454591,2,93.882
1780752522.303,47.750,454519,454591,2,172.776
1780752522.355,47.802,454519,454591,2,190.811
1780752522.408,47.855,454519,454591,2,76.051
1780752522.464,47.911,454519,454591,2,195.841
1780752522.517,47.963,454519,454591,2,228.556
1780752522.573,48.019,454519,454591,2,89.101
1780752522.629,48.075,454519,454591,2,214.233
1780752522.683,48.130,454519,454591,2,110.740
1780752522.736,48.183,454519,454591,2,112.987
1780752522.790,48.237,454519,454591,2,257.444
1780752522.843,48.290,454519,454591,2,170.030
1780752522.896,48.343,454519,454591,2,226.934
1780752522.949,48.395,454519,454591,2,248.423
1780752523.001,48.447,454519,454591,2,153.097
1780752523.053,48.500,454519,454591,2,230.672
1780752523.108,48.555,454519,454591,2,254.183
1780752523.161,48.608,454519,454591,1,244.746
1780752523.226,48.672,454519,454591,2,201.279
1780752523.279,48.725,454519,454591,2,94.198
1780752523.339,48.786,454519,454591,2,164.761
1780752523.396,48.843,454519,454591,2,248.033
1780752523.448,48.895,454519,454591,2,210.876
1780752523.504,48.950,454519,454591,2,269.631
1780752523.557,49.003,454519,454591,3,189.213
1780752523.609,49.056,454519,454591,3,246.108
1780752523.663,49.110,454519,454591,3,204.968
1780752523.716,49.162,454519,454591,3,189.712
1780752523.769,49.216,454519,454591,3,225.723
1780752523.822,49.269,454519,454591,3,224.083
1780752523.875,49.321,454519,454591,3,210.691
1780752523.927,49.374,454519,454591,3,190.589
1780752523.981,49.427,454519,454591,3,223.414
1780752524.044,49.490,454519,454591,3,206.529
1780752524.097,49.543,454519,454591,3,246.078
1780752524.149,49.596,454519,454591,3,228.184
1780752524.203,49.650,454519,454591,3,240.350
1780752524.256,49.702,454519,454591,3,210.001
1780752524.309,49.756,454519,454591,3,168.099
1780752524.362,49.808,454519,454591,3,248.274
1780752524.415,49.862,454519,454591,3,262.217
1780752524.469,49.915,454519,454591,3,112.000
1780752524.522,49.969,454519,454591,3,74.252
1780752524.575,50.021,454519,454591,3,172.495
1780752524.627,50.074,454519,454591,3,209.581
1780752524.680,50.126,454519,454591,3,190.338
1780752524.732,50.179,454519,454591,3,191.284
1780752524.785,50.231,454519,454591,3,227.590
1780752524.837,50.284,454519,454591,3,133.048
1780752524.889,50.336,454519,454591,3,153.230
1780752524.942,50.388,454519,454591,3,210.535
1780752524.997,50.443,454519,454591,3,218.683
1780752525.049,50.495,454519,454591,3,210.644
1780752525.101,50.548,454519,454591,3,229.325
1780752525.155,50.601,454519,454591,3,297.924
1780752525.210,50.657,454519,454591,3,235.803
1780752525.264,50.711,454519,454591,3,331.360
1780752525.324,50.771,454519,454591,3,250.331
1780752525.376,50.823,454519,454591,3,267.702
1780752525.430,50.876,454519,454591,3,263.876
1780752525.487,50.934,454519,454591,1,241.803
1780752525.542,50.989,454519,454591,1,255.000
1780752525.595,51.041,454519,454591,1,229.152
1780752525.647,51.094,454519,454591,1,284.922
1780752525.700,51.147,454519,454591,1,265.938
1780752525.753,51.200,454519,454591,1,319.212
1780752525.810,51.257,454519,454591,2,244.947
1780752525.866,51.312,454519,454591,2,343.035
1780752525.919,51.366,454519,454591,2,319.635
1780752525.979,51.425,454519,454591,2,267.080
1780752526.032,51.478,454519,454591,2,227.888
1780752526.086,51.533,454519,454591,2,275.468
1780752526.141,51.588,454519,454591,2,217.612
1780752526.194,51.640,454519,454591,2,227.828
1780752526.246,51.693,454519,454591,2,248.559
1780752526.299,51.745,454519,454591,2,208.536
1780752526.352,51.798,454519,454591,1,283.189
1780752526.406,51.853,454519,454591,1,258.868
1780752526.464,51.911,454519,454591,1,309.202
1780752526.517,51.963,454519,454591,2,228.739
1780752526.570,52.016,454519,454591,2,300.410
1780752526.634,52.080,454519,454591,3,235.197
1780752526.689,52.136,454519,454591,3,251.020
1780752526.746,52.193,454519,454591,3,282.064
1780752526.800,52.247,454519,454591,3,222.835
1780752526.854,52.301,454519,454591,3,330.853
1780752526.908,52.355,454519,454591,3,277.328
1780752526.964,52.411,454519,454591,3,286.142
1780752527.020,52.466,454519,454591,3,344.315
1780752527.072,52.519,454519,454591,3,321.356
1780752527.128,52.575,454519,454591,3,321.775
1780752527.183,52.630,454519,454591,3,290.607
1780752527.236,52.683,454519,454591,3,341.231
1780752527.302,52.749,454519,454591,3,289.162
1780752527.362,52.809,454519,454591,3,313.983
1780752527.416,52.862,454519,454591,3,262.174
1780752527.474,52.920,454519,454591,3,311.054
1780752527.536,52.982,454519,454591,3,291.072
1780752527.589,53.036,454519,454591,3,279.660
1780752527.644,53.091,454519,454591,3,289.462
1780752527.700,53.146,454519,454591,3,235.255
1780752527.756,53.203,454519,454591,3,247.435
1780752527.810,53.256,454519,454591,0,242.585
1780752527.864,53.310,454519,454591,0,241.946
1780752527.922,53.368,454519,454591,3,224.361
1780752527.977,53.423,454519,454591,3,236.028
1780752528.030,53.477,454519,454591,3,260.964
1780752528.086,53.532,454519,454591,3,235.117
1780752528.144,53.591,454519,454591,2,291.259
1780752528.199,53.646,454519,454591,1,252.681
1780752528.252,53.699,454519,454591,2,301.242
1780752528.305,53.752,454519,454591,1,208.572
1780752528.358,53.805,454519,454591,2,246.559
1780752528.413,53.860,454519,454591,2,306.154
1780752528.471,53.917,454519,454591,2,227.471
1780752528.524,53.971,454519,454591,2,242.224
1780752528.577,54.023,454519,454591,2,285.651
1780752528.631,54.078,454519,454591,2,258.711
1780752528.683,54.130,454519,454591,2,305.243
1780752528.737,54.184,454519,454591,2,297.332
1780752528.794,54.240,454519,454591,0,283.095
1780752528.847,54.294,454519,454591,0,297.218
1780752528.902,54.348,454519,454591,0,239.031
1780752528.957,54.404,454519,454591,0,289.491
1780752529.011,54.458,454519,454591,0,221.880
1780752529.064,54.511,454519,454591,0,283.365
1780752529.119,54.565,454519,454591,0,275.562
1780752529.176,54.623,454519,454591,0,260.535
1780752529.228,54.675,454519,454591,0,306.580
1780752529.282,54.728,454519,454591,0,318.692
1780752529.342,54.788,454519,454591,0,282.756
1780752529.405,54.851,454519,454591,0,269.641
1780752529.461,54.908,454519,454591,1,319.413
1780752529.522,54.969,454519,454591,1,295.424
1780752529.584,55.031,454519,454591,1,305.660
1780752529.637,55.084,454519,454591,1,302.508
1780752529.695,55.142,454519,454591,1,309.328
1780752529.749,55.196,454519,454591,1,260.898
1780752529.812,55.258,454519,454591,1,240.010
1780752529.868,55.315,454519,454591,1,319.000
1780752529.923,55.370,454519,454591,1,218.163
1780752529.982,55.429,454519,454591,1,269.356
1780752530.035,55.482,454519,454591,1,265.743
1780752530.089,55.535,454519,454591,1,242.247
1780752530.144,55.590,454519,454591,1,236.427
1780752530.198,55.645,454519,454591,1,258.249
1780752530.250,55.697,454519,454591,1,247.199
1780752530.303,55.750,454519,454591,1,227.645
1780752530.362,55.809,454519,454591,1,270.863
1780752530.415,55.861,454519,454591,1,229.063
1780752530.468,55.914,454519,454591,1,208.020
1780752530.523,55.969,454519,454591,1,271.836
1780752530.579,56.026,454519,454591,3,229.621
1780752530.632,56.078,454519,454591,2,248.810
1780752530.685,56.132,454519,454591,2,243.914
1780752530.738,56.184,454519,454591,2,189.635
1780752530.790,56.237,454519,454591,2,189.288
1780752530.844,56.290,454519,454591,2,225.563
1780752530.897,56.344,454519,454591,2,222.872
1780752530.951,56.398,454519,454591,2,224.694
1780752531.003,56.450,454519,454591,2,230.126
1780752531.057,56.503,454519,454591,2,167.413
1780752531.110,56.556,454519,454591,2,265.467
1780752531.162,56.609,454519,454591,2,189.159
1780752531.215,56.662,454519,454591,2,227.421
1780752531.274,56.721,454519,454591,2,219.525
1780752531.327,56.774,454519,454591,2,245.641
1780752531.380,56.826,454519,454591,2,171.397
1780752531.433,56.880,454519,454591,2,263.109
1780752531.493,56.940,454519,454591,2,132.703
1780752531.546,56.992,454519,454591,3,266.867
1780752531.599,57.046,454519,454591,3,299.985
1780752531.653,57.100,454519,454591,3,296.710
1780752531.708,57.154,454519,454591,3,329.902
1780752531.761,57.208,454519,454591,3,243.735
1780752531.814,57.261,454519,454591,3,300.203
1780752531.867,57.314,454519,454591,3,245.777
1780752531.920,57.367,454519,454591,3,227.399
1780752531.972,57.419,454519,454591,3,248.031
1780752532.025,57.472,454519,454591,3,227.908
1780752532.083,57.529,454519,454591,2,225.599
1780752532.137,57.583,454519,454591,2,184.421
1780752532.190,57.636,454519,454591,2,246.055
1780752532.242,57.689,454519,454591,2,114.796
1780752532.294,57.741,454519,454591,2,134.202
1780752532.347,57.794,454519,454591,1,227.100
1780752532.400,57.846,454519,454591,1,208.009
1780752532.453,57.899,454519,454591,1,169.668
1780752532.505,57.952,454519,454591,3,228.034
1780752532.558,58.005,454519,454591,3,227.815
1780752532.612,58.058,454519,454591,3,167.902
1780752532.664,58.111,454519,454591,3,228.677
1780752532.717,58.164,454519,454591,3,207.814
1780752532.769,58.216,454519,454591,3,229.662
1780752532.833,58.279,454519,454591,3,237.293
1780752532.885,58.332,454519,454591,3,152.433
1780752532.937,58.384,454519,454591,3,230.413
1780752532.990,58.437,454519,454591,3,187.794
1780752533.043,58.490,454519,454591,3,152.363
1780752533.098,58.545,454519,454591,3,199.793
1780752533.153,58.600,454519,454591,3,271.377
1780752533.207,58.654,454519,454591,3,204.662
1780752533.261,58.707,454519,454591,3,316.457
1780752533.313,58.760,454519,454591,3,247.698
1780752533.369,58.816,454519,454591,3,304.592
1780752533.426,58.873,454519,454591,3,278.701
1780752533.479,58.925,454519,454591,3,267.421
1780752533.533,58.979,454519,454591,3,260.442
1780752533.592,59.039,454519,454591,3,218.917
1780752533.645,59.092,454519,454591,3,263.310
1780752533.697,59.144,454519,454591,3,191.406
1780752533.751,59.198,454519,454591,3,260.916
1780752533.806,59.252,454519,454591,3,219.168
1780752533.860,59.306,454519,454591,3,185.793
1780752533.912,59.359,454519,454591,3,152.448
1780752533.965,59.412,454519,454591,3,225.756
1780752534.020,59.466,454519,454591,3,202.467
1780752534.073,59.520,454519,454591,3,168.584
1780752534.131,59.578,454519,454591,3,222.935
1780752534.185,59.632,454519,454591,3,186.361
1780752534.237,59.684,454519,454591,3,209.674
1780752534.290,59.736,454519,454591,3,247.706
1780752534.346,59.793,454519,454591,1,194.636
1780752534.399,59.846,454519,454591,1,188.737
1780752534.452,59.898,454519,454591,1,171.846
1780752534.508,59.954,454519,454591,1,267.219
1780752534.562,60.008,454519,454591,1,74.263
1780752534.614,60.061,454519,454591,1,191.086
1780752534.671,60.118,454519,454591,1,244.705
1780752534.724,60.171,454519,454591,1,303.568
1780752534.780,60.227,454519,454591,1,231.722
1780752534.833,60.279,454519,454591,1,246.907
1780752534.889,60.335,454519,454591,1,250.764
1780752534.941,60.388,454519,454591,1,247.467
1780752534.994,60.440,454519,454591,1,151.626
1780752535.047,60.494,454519,454591,1,112.221
1780752535.099,60.546,454519,454591,1,134.436
1780752535.152,60.598,454519,454591,1,228.669
1780752535.204,60.651,454519,454591,1,134.083
1780752535.257,60.704,454519,454591,1,188.794
1780752535.311,60.758,454519,454591,1,202.990
1780752535.364,60.810,454519,454591,1,152.562
1780752535.421,60.868,454519,454591,1,104.490
1780752535.474,60.921,454519,454591,1,207.611
1780752535.527,60.974,454519,454591,1,226.150
1780752535.580,61.027,454519,454591,1,170.141
1780752535.635,61.082,454519,454591,1,144.774
1780752535.687,61.134,454519,454591,1,134.322
1780752535.740,61.186,454519,454591,2,191.470
1780752535.793,61.240,454519,454591,2,222.981
1780752535.848,61.294,454519,454591,2,146.920
1780752535.900,61.347,454519,454591,3,172.685
1780752535.956,61.402,454519,454591,1,216.005
1780752536.010,61.457,454519,454591,1,201.652
1780752536.063,61.510,454519,454591,1,168.811
1780752536.116,61.562,454519,454591,1,134.018
1780752536.172,61.619,454519,454591,1,229.508
1780752536.230,61.677,454519,454591,1,223.547
1780752536.288,61.734,454519,454591,1,244.545
1780752536.340,61.787,454519,454591,1,246.178
1780752536.394,61.840,454519,454591,1,244.599
1780752536.447,61.893,454519,454591,1,283.583
1780752536.500,61.947,454519,454591,1,242.239
1780752536.554,62.001,454519,454591,1,313.039
1780752536.609,62.056,454519,454591,1,256.121
1780752536.662,62.109,454519,454591,1,339.851
1780752536.722,62.168,454519,454591,1,268.113
1780752536.782,62.229,454519,454591,1,332.030
1780752536.836,62.283,454519,454591,1,257.414
1780752536.896,62.343,454519,454591,1,267.604
1780752536.950,62.397,454519,454591,1,314.960
1780752537.004,62.451,454519,454591,1,203.561
1780752537.060,62.507,454519,454591,1,322.799
1780752537.113,62.559,454519,454591,1,228.270
1780752537.168,62.614,454519,454591,1,217.790
1780752537.225,62.672,454519,454591,1,190.369
1780752537.279,62.725,454519,454591,1,243.736
1780752537.333,62.779,454519,454591,1,241.468
1780752537.386,62.833,454519,454591,1,150.131
1780752537.438,62.885,454519,454591,1,133.787
1780752537.491,62.937,454519,454591,1,210.358
1780752537.544,62.990,454519,454591,1,225.029
1780752537.597,63.043,454519,454591,1,94.709
1780752537.649,63.095,454519,454591,1,153.683
1780752537.704,63.151,454519,454591,1,216.273
1780752537.763,63.210,454519,454591,1,270.534
1780752537.816,63.262,454519,454591,1,209.934
1780752537.869,63.315,454519,454591,1,320.192
1780752537.924,63.371,454519,454591,1,234.863
1780752537.977,63.424,454519,454591,1,340.601
1780752538.030,63.476,454519,454591,3,285.312
1780752538.086,63.532,454519,454591,0,286.020
1780752538.144,63.591,454519,454591,0,290.883
1780752538.206,63.652,454519,454591,0,291.091
1780752538.266,63.712,454519,454591,0,349.665
1780752538.319,63.765,454519,454591,0,265.442
1780752538.372,63.818,454519,454591,1,339.888
1780752538.432,63.878,454519,454591,1,266.830
1780752538.484,63.930,454519,454591,3,248.384
1780752538.538,63.985,454519,454591,3,183.405
1780752538.591,64.038,454519,454591,3,266.360
1780752538.647,64.094,454519,454591,3,265.947
1780752538.708,64.155,454519,454591,3,313.576
1780752538.761,64.207,454519,454591,3,265.604
1780752538.813,64.260,454519,454591,3,303.473
1780752538.867,64.314,454519,454591,3,332.694
1780752538.923,64.369,454519,454591,3,272.027
1780752538.976,64.422,454519,454591,3,282.579
1780752539.034,64.481,454519,454591,3,240.464
1780752539.087,64.533,454519,454591,1,245.600
1780752539.139,64.586,454519,454591,1,228.254
1780752539.192,64.639,454519,454591,0,228.821
1780752539.245,64.691,454519,454591,0,132.670
1780752539.297,64.743,454519,454591,0,153.639
1780752539.349,64.796,454519,454591,0,171.401
1780752539.402,64.848,454519,454591,0,38.212
1780752539.454,64.900,454519,454591,0,19.207
1780752539.506,64.953,454519,454591,0,171.636
1780752539.559,65.006,454519,454591,0,225.011
1780752539.613,65.060,454519,454591,0,259.488
1780752539.667,65.114,454519,454591,0,205.409
1780752539.721,65.167,454519,454591,1,259.870
1780752539.774,65.221,454519,454591,1,224.081
1780752539.827,65.274,454519,454591,1,226.203
1780752539.881,65.327,454519,454591,1,282.227
1780752539.935,65.382,454519,454591,1,200.831
1780752539.989,65.436,454519,454591,1,221.399
1780752540.043,65.490,454519,454591,1,223.768
1780752540.098,65.544,454519,454591,1,310.964
1780752540.152,65.599,454519,454591,1,221.383
1780752540.205,65.652,454519,454591,1,318.012
1780752540.271,65.718,454519,454591,1,257.642
1780752540.325,65.772,454519,454591,1,277.566
1780752540.383,65.829,454519,454591,1,262.553
1780752540.437,65.884,454519,454591,1,293.871
1780752540.490,65.936,454519,454591,1,265.223
1780752540.552,65.999,454519,454591,1,240.512
1780752540.609,66.055,454519,454591,1,212.085
1780752540.665,66.111,454519,454591,1,214.011
1780752540.723,66.170,454519,454591,1,119.656
1780752540.776,66.222,454519,454591,1,210.866
1780752540.835,66.281,454519,454591,1,219.694
1780752540.887,66.334,454519,454591,1,151.764
1780752540.940,66.386,454519,454591,1,210.479
1780752540.993,66.439,454519,454591,1,189.226
1780752541.046,66.493,454519,454591,1,223.753
1780752541.099,66.546,454519,454591,1,243.657
1780752541.153,66.600,454519,454591,3,297.878
1780752541.207,66.654,454519,454591,3,240.063
1780752541.260,66.707,454519,454591,3,245.799
1780752541.315,66.762,454519,454591,3,235.557
1780752541.368,66.815,454519,454591,3,285.165
1780752541.420,66.867,454519,454591,3,211.043
1780752541.477,66.924,454519,454591,3,263.876
1780752541.530,66.977,454519,454591,3,168.633
1780752541.583,67.029,454519,454591,3,171.482
1780752541.635,67.082,454519,454591,3,153.295
1780752541.687,67.134,454519,454591,3,229.315
1780752541.740,67.186,454519,454591,3,172.492
1780752541.794,67.240,454519,454591,3,129.038
1780752541.846,67.293,454519,454591,1,153.519
1780752541.898,67.345,454519,454591,1,172.856
1780752541.951,67.397,454519,454591,1,246.259
1780752542.003,67.450,454519,454591,1,153.391
1780752542.055,67.502,454519,454591,1,152.687
1780752542.111,67.558,454519,454591,1,196.832
1780752542.164,67.611,454519,454591,1,282.231
1780752542.220,67.667,454519,454591,1,305.670
1780752542.282,67.729,454519,454591,1,223.921
1780752542.335,67.782,454519,454591,1,267.241
1780752542.391,67.838,454519,454591,1,283.811
1780752542.444,67.891,454519,454591,1,265.215
1780752542.497,67.944,454519,454591,3,245.082
1780752542.550,67.996,454519,454591,3,246.987
1780752542.607,68.054,454519,454591,3,226.087
1780752542.662,68.109,454519,454591,3,309.052
1780752542.716,68.163,454519,454591,3,222.789
1780752542.773,68.220,454519,454591,1,280.366
1780752542.828,68.274,454519,454591,1,164.751
1780752542.882,68.329,454519,454591,1,202.597
1780752542.942,68.388,454519,454591,1,235.249
1780752543.001,68.447,454519,454591,2,270.140
1780752543.055,68.502,454519,454591,2,237.838
1780752543.111,68.557,454519,454591,2,253.853
1780752543.178,68.624,454519,454591,2,328.929
1780752543.234,68.680,454519,454591,2,249.469
1780752543.286,68.733,454519,454591,2,303.153
1780752543.341,68.788,454519,454591,2,329.101
1780752543.394,68.841,454519,454591,2,245.085
1780752543.448,68.895,454519,454591,2,259.673
1780752543.506,68.952,454519,454591,1,330.375
1780752543.561,69.008,454519,454591,1,232.424
1780752543.614,69.061,454519,454591,1,264.611
1780752543.673,69.119,454519,454591,1,171.707
1780752543.727,69.174,454519,454591,1,183.863
1780752543.779,69.226,454519,454591,1,191.790
1780752543.832,69.279,454519,454591,3,244.465
1780752543.885,69.332,454519,454591,3,246.532
1780752543.937,69.384,454519,454591,3,230.013
1780752543.993,69.440,454519,454591,3,305.313
1780752544.046,69.493,454519,454591,3,264.478
1780752544.100,69.547,454519,454591,3,293.206
1780752544.159,69.605,454519,454591,3,257.430
1780752544.213,69.659,454519,454591,3,333.213
1780752544.274,69.720,454519,454591,3,262.279
1780752544.327,69.773,454519,454591,3,282.485
1780752544.382,69.828,454519,454591,3,291.482
1780752544.445,69.892,454519,454591,3,235.929
1780752544.500,69.947,454519,454591,3,253.695
1780752544.554,70.001,454519,454591,3,261.631
1780752544.609,70.056,454519,454591,3,254.037
1780752544.665,70.112,454519,454591,3,248.644
1780752544.724,70.171,454519,454591,3,272.358
1780752544.777,70.223,454519,454591,3,228.053
1780752544.829,70.276,454519,454591,3,229.809
1780752544.882,70.329,454519,454591,3,262.925
1780752544.946,70.392,454519,454591,3,268.713
1780752545.000,70.447,454519,454591,2,255.905
1780752545.054,70.500,454519,454591,2,224.454
1780752545.108,70.554,454519,454591,2,277.598
1780752545.160,70.607,454519,454591,2,228.879
1780752545.213,70.660,454519,454591,2,206.899
1780752545.267,70.714,454519,454591,2,167.283
1780752545.320,70.766,454519,454591,2,228.572
1780752545.372,70.818,454519,454591,2,229.759
1780752545.425,70.872,454519,454591,2,225.040
1780752545.478,70.925,454519,454591,2,132.458
1780752545.532,70.978,454519,454591,2,260.260
1780752545.585,71.032,454519,454591,2,281.964
1780752545.638,71.084,454519,454591,2,247.437
1780752545.690,71.137,454519,454591,1,210.124
1780752545.746,71.192,454519,454591,1,286.855
1780752545.800,71.246,454519,454591,1,313.970
1780752545.856,71.303,454519,454591,1,338.372
1780752545.913,71.360,454519,454591,1,278.444
1780752545.975,71.422,454519,454591,1,307.333
1780752546.028,71.475,454519,454591,1,226.916
1780752546.080,71.527,454519,454591,1,324.590
1780752546.135,71.582,454519,454591,1,273.521
1780752546.192,71.639,454519,454591,3,210.035
1780752546.245,71.692,454519,454591,3,247.756
1780752546.297,71.744,454519,454591,3,152.790
1780752546.349,71.796,454519,454591,3,38.400
1780752546.401,71.848,454519,454591,3,172.880
1780752546.455,71.902,454519,454591,3,111.726
1780752546.508,71.954,454519,454591,3,38.053
1780752546.560,72.007,454519,454591,3,190.447
1780752546.613,72.059,454519,454591,3,76.053
1780752546.665,72.112,454519,454591,3,94.920
1780752546.718,72.165,454519,454591,3,210.012
1780752546.770,72.217,454519,454591,3,95.463
1780752546.822,72.269,454519,454591,3,191.853
1780752546.877,72.324,454519,454591,3,145.715
1780752546.930,72.376,454519,454591,1,209.323
1780752546.982,72.429,454519,454591,1,209.053
1780752547.035,72.482,454519,454591,1,246.254
1780752547.092,72.539,454519,454591,1,246.651
1780752547.148,72.595,454519,454591,1,356.085
1780752547.201,72.648,454519,454591,1,262.614
1780752547.263,72.710,454519,454591,1,275.638
1780752547.321,72.768,454519,454591,1,343.337
1780752547.380,72.827,454519,454591,1,321.468
1780752547.437,72.884,454519,454591,1,298.551
1780752547.492,72.939,454519,454591,1,293.241
1780752547.547,72.993,454519,454591,1,256.552
1780752547.600,73.047,454519,454591,1,280.046
1780752547.664,73.110,454519,454591,1,299.171
1780752547.718,73.165,454519,454591,1,275.892
1780752547.774,73.220,454519,454591,1,215.029
1780752547.831,73.278,454519,454591,1,209.562
1780752547.887,73.333,454519,454591,1,251.126
1780752547.940,73.386,454519,454591,1,227.591
1780752547.994,73.440,454519,454591,1,277.858
1780752548.047,73.494,454519,454591,2,186.671
1780752548.101,73.548,454519,454591,2,316.098
1780752548.160,73.607,454519,454591,2,319.105
1780752548.221,73.668,454519,454591,2,264.061
1780752548.326,73.772,454519,454591,2,219.935
1780752548.379,73.825,454519,454591,2,283.452
1780752548.435,73.882,454519,454591,2,230.076
1780752548.488,73.935,454519,454591,2,262.237
1780752548.541,73.988,454519,454591,2,188.581
1780752548.594,74.041,454519,454591,2,207.684
1780752548.647,74.094,454519,454591,1,188.418
1780752548.700,74.147,454519,454591,1,190.172
1780752548.753,74.200,454519,454591,1,170.199
1780752548.805,74.252,454519,454591,1,172.460
1780752548.859,74.306,454519,454591,1,239.563
1780752548.913,74.360,454519,454591,1,148.276
1780752548.966,74.412,454519,454591,1,210.196
1780752549.020,74.467,454519,454591,1,202.093
1780752549.074,74.521,454519,454591,1,257.524
1780752549.128,74.575,454519,454591,1,242.849
1780752549.182,74.628,454519,454591,1,279.289
1780752549.235,74.682,454519,454591,1,318.305
1780752549.298,74.745,454519,454591,1,286.841
1780752549.350,74.797,454519,454591,1,229.469
1780752549.403,74.849,454519,454591,1,247.039
1780752549.458,74.904,454519,454591,1,254.572
1780752549.513,74.960,454519,454591,1,307.375
1780752549.567,75.014,454519,454591,1,239.526
1780752549.624,75.071,454519,454591,1,300.526
1780752549.677,75.124,454519,454591,1,263.940
1780752549.733,75.180,454519,454591,1,338.057
1780752549.786,75.233,454519,454591,1,282.508
1780752549.849,75.295,454519,454591,1,288.611
1780752549.902,75.348,454519,454591,1,300.647
1780752549.958,75.404,454519,454591,1,250.388
1780752550.012,75.458,454519,454591,0,297.154
1780752550.067,75.513,454519,454591,0,254.094
1780752550.124,75.571,454519,454591,0,208.330
1780752550.177,75.623,454519,454591,0,190.924
1780752550.232,75.679,454519,454591,0,198.767
1780752550.284,75.731,454519,454591,0,133.842
1780752550.337,75.783,454519,454591,2,229.501
1780752550.389,75.836,454519,454591,2,95.619
1780752550.442,75.888,454519,454591,2,132.293
1780752550.495,75.942,454519,454591,2,187.021
1780752550.548,75.994,454519,454591,2,152.408
1780752550.600,76.047,454519,454591,2,153.488
1780752550.655,76.101,454519,454591,2,200.286
1780752550.712,76.159,454519,454591,2,190.933
1780752550.765,76.211,454519,454591,3,152.940
1780752550.823,76.270,454519,454591,1,221.428
1780752550.877,76.324,454519,454591,1,280.269
1780752550.929,76.376,454519,454591,1,266.776
1780752550.982,76.429,454519,454591,1,228.655
1780752551.035,76.482,454519,454591,1,300.457
1780752551.098,76.544,454519,454591,1,255.543
1780752551.152,76.598,454519,454591,0,334.677
1780752551.208,76.654,454519,454591,0,267.328
1780752551.262,76.709,454519,454591,0,257.212
1780752551.322,76.768,454519,454591,0,184.323
1780752551.378,76.825,454519,454591,0,195.355
1780752551.431,76.877,454519,454591,0,247.279
1780752551.488,76.935,454519,454591,0,294.141
1780752551.541,76.987,454519,454591,0,229.457
1780752551.594,77.041,454519,454591,0,243.643
1780752551.648,77.094,454519,454591,0,242.686
1780752551.701,77.147,454519,454591,0,227.220
1780752551.755,77.201,454519,454591,0,259.238
1780752551.808,77.254,454519,454591,0,225.670
1780752551.861,77.307,454519,454591,0,188.080
1780752551.915,77.362,454519,454591,0,256.324
1780752551.977,77.424,454519,454591,0,179.175
1780752552.031,77.477,454519,454591,0,223.298
1780752552.086,77.533,454519,454591,0,196.813
1780752552.139,77.586,454519,454591,0,151.441
1780752552.193,77.640,454519,454591,0,223.887
1780752552.245,77.692,454519,454591,0,190.389
1780752552.299,77.746,454519,454591,0,278.808
1780752552.353,77.800,454519,454591,0,222.564
1780752552.410,77.856,454519,454591,0,265.899
1780752552.464,77.910,454519,454591,0,240.146
1780752552.521,77.968,454519,454591,0,279.517
1780752552.580,78.027,454519,454591,0,254.403
1780752552.635,78.081,454519,454591,0,292.367
1780752552.692,78.138,454519,454591,0,228.467
1780752552.758,78.204,454519,454591,0,256.712
1780752552.819,78.266,454519,454591,0,291.584
1780752552.889,78.336,454519,454591,0,229.761
1780752552.951,78.397,454519,454591,0,244.123
1780752553.018,78.465,454519,454591,0,265.941
1780752553.079,78.526,454519,454591,0,295.762
1780752553.152,78.599,454519,454591,0,273.722
1780752553.216,78.663,454519,454591,0,266.426
1780752553.282,78.729,454519,454591,0,270.996
1780752553.347,78.794,454519,454591,0,261.497
1780752553.407,78.853,454519,454591,0,304.357
1780752553.477,78.924,454519,454591,0,269.364
1780752553.530,78.977,454519,454591,0,243.936
1780752553.586,79.033,454519,454591,0,268.513
1780752553.640,79.086,454519,454591,0,205.947
1780752553.692,79.139,454519,454591,0,247.430
1780752553.748,79.195,454519,454591,0,214.583
1780752553.802,79.249,454519,454591,0,185.097
1780752553.856,79.302,454519,454591,0,242.857
1780752553.911,79.358,454519,454591,0,217.254
1780752553.963,79.410,454519,454591,0,152.540
1780752554.023,79.470,454519,454591,0,251.598
1780752554.089,79.536,454519,454591,0,211.011
1780752554.142,79.589,454519,454591,0,226.983
1780752554.195,79.642,454519,454591,2,244.846
1780752554.251,79.698,454519,454591,2,178.026
1780752554.308,79.755,454519,454591,2,263.847
1780752554.361,79.808,454519,454591,1,244.545
1780752554.423,79.869,454519,454591,1,179.906
1780752554.491,79.937,454519,454591,1,264.656
1780752554.574,80.020,454519,454591,2,228.778
1780752554.631,80.077,454519,454591,2,227.640
1780752554.687,80.134,454519,454591,2,265.963
1780752554.740,80.187,454519,454591,2,284.527
1780752554.797,80.243,454519,454591,2,264.575
1780752554.854,80.301,454519,454591,1,277.940
1780752554.915,80.362,454519,454591,1,261.158
1780752554.979,80.426,454519,454591,1,313.773
1780752555.036,80.483,454519,454591,1,315.884
1780752555.091,80.537,454519,454591,1,275.814
1780752555.146,80.593,454519,454591,2,287.586
1780752555.208,80.655,454519,454591,2,256.775
1780752555.280,80.727,454519,454591,2,306.004
1780752555.340,80.787,454519,454591,2,251.001
1780752555.400,80.847,454519,454591,2,233.293
1780752555.459,80.905,454519,454591,2,222.667
1780752555.520,80.967,454519,454591,0,259.622
1780752555.575,81.022,454519,454591,1,217.137
1780752555.632,81.079,454519,454591,1,157.794
1780752555.685,81.132,454519,454591,1,207.605
1780752555.739,81.186,454519,454591,1,204.323
1780752555.793,81.239,454519,454591,1,149.996
1780752555.845,81.292,454519,454591,1,227.064
1780752555.901,81.347,454519,454591,1,198.869
1780752555.956,81.403,454519,454591,1,162.357
1780752556.010,81.456,454519,454591,1,280.882
1780752556.071,81.517,454519,454591,1,179.939
1780752556.123,81.570,454519,454591,1,209.603
1780752556.176,81.622,454519,454591,0,228.701
1780752556.231,81.677,454519,454591,0,145.869
1780752556.283,81.730,454519,454591,0,133.105
1780752556.337,81.783,454519,454591,0,205.598
1780752556.394,81.840,454519,454591,0,263.011
1780752556.448,81.895,454519,454591,0,219.509
1780752556.503,81.950,454519,454591,0,236.695
1780752556.572,82.018,454519,454591,0,277.334
1780752556.635,82.082,454519,454591,2,298.369
1780752556.692,82.138,454519,454591,2,285.006
1780752556.750,82.197,454519,454591,2,239.376
1780752556.807,82.253,454519,454591,2,283.235
1780752556.863,82.310,454519,454591,2,211.361
1780752556.924,82.371,454519,454591,2,246.664
1780752556.977,82.424,454519,454591,2,188.250
1780752557.033,82.479,454519,454591,2,216.641
1780752557.086,82.532,454519,454591,2,207.581
1780752557.140,82.587,454519,454591,2,201.723
1780752557.195,82.642,454519,454591,2,126.977
1780752557.248,82.694,454519,454591,2,247.702
1780752557.305,82.752,454519,454591,2,208.751
1780752557.359,82.805,454519,454591,2,242.736
1780752557.412,82.859,454519,454591,2,150.294
1780752557.471,82.918,454519,454591,2,201.929
1780752557.525,82.971,454519,454591,2,243.877
1780752557.578,83.025,454519,454591,2,168.910
1780752557.630,83.077,454519,454591,2,191.283
1780752557.684,83.131,454519,454591,2,205.561
1780752557.740,83.187,454519,454591,2,230.836
1780752557.794,83.241,454519,454591,2,203.305
1780752557.847,83.294,454519,454591,2,246.838
1780752557.902,83.349,454519,454591,2,199.979
1780752557.956,83.402,454519,454591,2,260.569
1780752558.013,83.460,454519,454591,2,261.126
1780752558.066,83.513,454519,454591,2,227.123
1780752558.126,83.572,454519,454591,3,267.730
1780752558.184,83.631,454519,454591,3,239.743
1780752558.239,83.686,454519,454591,3,289.858
1780752558.306,83.752,454519,454591,3,210.957
1780752558.364,83.811,454519,454591,3,222.440
1780752558.431,83.877,454519,454591,2,240.284
1780752558.483,83.930,454519,454591,2,229.290
1780752558.536,83.983,454519,454591,2,244.971
1780752558.588,84.035,454519,454591,2,248.293
1780752558.644,84.090,454519,454591,2,235.668
1780752558.699,84.146,454519,454591,2,288.764
1780752558.769,84.215,454519,454591,2,258.780
1780752558.827,84.274,454519,454591,2,272.847
1780752558.881,84.328,454519,454591,2,148.421
1780752558.937,84.383,454519,454591,2,251.507
1780752558.996,84.442,454519,454591,2,203.755
1780752559.048,84.495,454519,454591,2,248.942
1780752559.102,84.549,454519,454591,2,184.775
1780752559.155,84.601,454519,454591,2,227.473
1780752559.212,84.658,454519,454591,2,158.426
1780752559.264,84.711,454519,454591,2,95.547
1780752559.316,84.763,454519,454591,2,190.805
1780752559.369,84.815,454519,454591,2,152.716
1780752559.421,84.868,454519,454591,2,95.758
1780752559.474,84.921,454519,454591,2,207.536
1780752559.526,84.973,454519,454591,2,134.343
1780752559.578,85.025,454519,454591,2,115.026
1780752559.631,85.077,454519,454591,2,190.765
1780752559.683,85.130,454519,454591,2,191.395
1780752559.736,85.182,454519,454591,2,245.582
1780752559.788,85.235,454519,454591,2,114.830
1780752559.841,85.287,454519,454591,2,133.377
1780752559.894,85.341,454519,454591,2,205.224
1780752559.946,85.393,454519,454591,2,210.768
1780752560.000,85.447,454519,454591,2,205.464
1780752560.052,85.499,454519,454591,2,229.771
1780752560.106,85.553,454519,454591,2,223.008
1780752560.159,85.606,454519,454591,2,186.865
1780752560.214,85.661,454519,454591,2,218.391
1780752560.267,85.714,454519,454591,2,170.804
1780752560.320,85.766,454519,454591,2,246.934
1780752560.375,85.822,454519,454591,2,198.739
1780752560.429,85.875,454519,454591,2,223.856
1780752560.487,85.933,454519,454591,2,241.951
1780752560.539,85.986,454519,454591,2,133.630
1780752560.591,86.038,454519,454591,2,230.291
1780752560.645,86.092,454519,454591,2,148.069
1780752560.699,86.146,454519,454591,2,73.745
1780752560.752,86.199,454519,454591,2,170.160
1780752560.805,86.252,454519,454591,2,113.242
1780752560.860,86.307,454519,454591,2,54.796
1780752560.916,86.363,454519,454591,2,176.864
1780752560.969,86.415,454519,454591,2,57.601
1780752561.022,86.469,454519,454591,2,93.585
1780752561.080,86.527,454519,454591,2,188.266
1780752561.134,86.580,454519,454591,2,93.764
1780752561.186,86.633,454519,454591,2,134.020
1780752561.240,86.687,454519,454591,2,147.424
1780752561.293,86.739,454519,454591,3,38.163
1780752561.345,86.792,454519,454591,3,190.788
1780752561.400,86.847,454519,454591,3,216.954
1780752561.454,86.901,454519,454591,3,55.908
1780752561.506,86.953,454519,454591,3,190.812
1780752561.559,87.006,454519,454591,3,189.861
1780752561.613,87.060,454519,454591,3,55.174
1780752561.671,87.118,454519,454591,3,208.246
1780752561.729,87.175,454519,454591,3,138.744
1780752561.781,87.228,454519,454591,3,153.266
1780752561.836,87.283,454519,454591,3,199.339
1780752561.889,87.336,454519,454591,3,75.847
1780752561.941,87.388,454519,454591,3,153.697
1780752561.994,87.441,454519,454591,3,207.028
1780752562.048,87.494,454519,454591,1,261.514
1780752562.101,87.547,454519,454591,1,245.002
1780752562.154,87.601,454519,454591,1,241.965
1780752562.207,87.654,454519,454591,1,227.597
1780752562.267,87.714,454519,454591,1,167.130
1780752562.320,87.767,454519,454591,1,280.343
1780752562.379,87.825,454519,454591,1,171.923
1780752562.431,87.878,454519,454591,1,209.026
1780752562.484,87.931,454519,454591,1,244.926
1780752562.543,87.989,454519,454591,1,239.397
1780752562.596,88.043,454519,454591,1,243.705
1780752562.649,88.095,454519,454591,1,190.075
1780752562.701,88.148,454519,454591,1,228.491
1780752562.755,88.202,454519,454591,1,166.134
1780752562.809,88.256,454519,454591,1,259.276
1780752562.863,88.309,454519,454591,1,169.299
1780752562.919,88.366,454519,454591,1,282.773
1780752562.978,88.424,454519,454591,1,153.540
1780752563.031,88.478,454519,454591,1,205.606
1780752563.099,88.545,454519,454591,1,207.915
1780752563.153,88.600,454519,454591,1,147.370
1780752563.208,88.654,454519,454591,1,273.395
1780752563.261,88.707,454519,454591,1,245.624
1780752563.318,88.765,454519,454591,1,156.602
1780752563.376,88.822,454519,454591,1,295.732
1780752563.448,88.895,454519,454591,1,179.480
1780752563.501,88.948,454519,454591,1,245.869
1780752563.555,89.001,454519,454591,1,186.387
1780752563.609,89.055,454519,454591,1,166.479
1780752563.663,89.109,454519,454591,1,259.174
1780752563.722,89.168,454519,454591,1,170.033
1780752563.788,89.234,454519,454591,1,196.748
1780752563.848,89.295,454519,454591,1,215.084
1780752563.901,89.347,454519,454591,1,170.450
1780752563.960,89.406,454519,454591,1,238.111
1780752564.016,89.463,454519,454591,1,247.906
1780752564.079,89.526,454519,454591,1,190.399
1780752564.158,89.605,454519,454591,1,227.677
1780752564.221,89.667,454519,454591,1,239.905
1780752564.282,89.729,454519,454591,1,259.089
1780752564.336,89.782,454519,454591,1,225.113
1780752564.390,89.837,454519,454591,1,238.484
1780752564.464,89.911,454519,454591,1,257.882
1780752564.537,89.984,454519,454591,1,219.342
1780752564.595,90.041,454519,454591,1,241.781
1780752564.649,90.095,454519,454591,1,278.988
1780752564.702,90.149,454519,454591,1,224.167
1780752564.754,90.201,454519,454591,1,133.772
1780752564.809,90.256,454519,454591,1,273.649
1780752564.863,90.309,454519,454591,1,205.365
1780752564.915,90.362,454519,454591,1,114.012
1780752564.968,90.415,454519,454591,1,264.255
1780752565.024,90.470,454519,454591,1,216.569
1780752565.080,90.526,454519,454591,1,178.546
1780752565.138,90.585,454519,454591,1,240.055
1780752565.191,90.638,454519,454591,1,150.255
1780752565.246,90.693,454519,454591,1,257.014
1780752565.306,90.753,454519,454591,1,231.483
1780752565.366,90.813,454519,454591,1,184.271
1780752565.422,90.868,454519,454591,1,286.812
1780752565.480,90.927,454519,454591,1,205.265
1780752565.534,90.980,454519,454591,1,224.140
1780752565.590,91.036,454519,454591,1,214.537
1780752565.648,91.095,454519,454591,1,221.552
1780752565.702,91.149,454519,454591,1,279.384
1780752565.762,91.209,454519,454591,1,249.352
1780752565.827,91.274,454519,454591,1,262.873
1780752565.883,91.330,454519,454591,1,267.483
1780752565.938,91.385,454519,454591,1,235.274
1780752565.992,91.439,454519,454591,1,242.273
1780752566.048,91.494,454519,454591,1,268.640
1780752566.100,91.547,454519,454591,1,190.870
1780752566.155,91.602,454519,454591,1,255.674
1780752566.212,91.659,454519,454591,1,228.089
1780752566.268,91.715,454519,454591,2,300.763
1780752566.335,91.782,454519,454591,1,253.895
1780752566.390,91.836,454519,454591,1,240.015
1780752566.449,91.895,454519,454591,1,271.209
1780752566.503,91.949,454519,454591,1,240.749
1780752566.560,92.007,454519,454591,1,226.868
1780752566.621,92.068,454519,454591,1,245.392
1780752566.687,92.134,454519,454591,1,212.233
1780752566.741,92.188,454519,454591,1,221.858
1780752566.798,92.245,454519,454591,1,209.880
1780752566.853,92.300,454519,454591,1,163.934
1780752566.908,92.355,454519,454591,1,252.839
1780752566.967,92.414,454519,454591,1,238.518
1780752567.031,92.477,454519,454591,1,220.326
1780752567.086,92.532,454519,454591,1,218.752
1780752567.139,92.586,454519,454591,1,186.652
1780752567.192,92.638,454519,454591,1,228.895
1780752567.254,92.700,454519,454591,1,209.379
1780752567.306,92.753,454519,454591,1,265.333
1780752567.360,92.806,454519,454591,1,225.678
1780752567.413,92.859,454519,454591,1,301.351
1780752567.470,92.917,454519,454591,1,207.723
1780752567.524,92.970,454519,454591,1,263.514
1780752567.580,93.027,454519,454591,1,283.416
1780752567.635,93.081,454519,454591,1,255.466
1780752567.695,93.142,454519,454591,1,280.577
1780752567.760,93.207,454519,454591,1,262.638
1780752567.814,93.261,454519,454591,0,295.337
1780752567.870,93.317,454519,454591,0,304.087
1780752567.930,93.376,454519,454591,0,302.302
1780752567.992,93.439,454519,454591,0,320.185
1780752568.051,93.498,454519,454591,0,289.356
1780752568.111,93.558,454519,454591,2,298.338
1780752568.167,93.613,454519,454591,2,288.431
1780752568.233,93.679,454519,454591,2,303.570
1780752568.306,93.752,454519,454591,2,288.057
1780752568.371,93.817,454519,454591,2,322.568
1780752568.436,93.883,454519,454591,2,336.218
1780752568.512,93.958,454519,454591,2,265.169
1780752568.582,94.028,454519,454591,2,313.890
1780752568.636,94.082,454519,454591,0,276.715
1780752568.690,94.136,454519,454591,0,260.456
1780752568.743,94.189,454519,454591,0,244.929
1780752568.797,94.243,454519,454591,0,259.075
1780752568.850,94.297,454519,454591,0,224.832
1780752568.908,94.354,454519,454591,0,260.633
1780752568.962,94.409,454519,454591,0,275.828
1780752569.016,94.463,454519,454591,0,295.318
1780752569.069,94.516,454519,454591,0,188.973
1780752569.124,94.570,454519,454591,0,257.246
1780752569.202,94.649,454519,454591,0,203.577
1780752569.257,94.704,454519,454591,0,289.494
1780752569.315,94.762,454519,454591,0,225.989
1780752569.380,94.826,454519,454591,0,262.906
1780752569.454,94.901,454519,454591,0,255.714
1780752569.518,94.964,454519,454591,0,235.589
1780752569.576,95.023,454519,454591,0,273.169
1780752569.637,95.084,454519,454591,0,312.106
1780752569.726,95.173,454519,454591,0,234.824
1780752569.806,95.253,454519,454591,0,314.786
1780752569.890,95.336,454519,454591,0,297.749
1780752569.953,95.399,454519,454591,0,286.575
1780752570.032,95.478,454519,454591,0,291.288
1780752570.117,95.564,454519,454591,0,222.168
1780752570.178,95.625,454519,454591,0,244.600
1780752570.234,95.680,454519,454591,0,236.006
1780752570.297,95.744,454519,454591,1,220.530
1780752570.350,95.796,454519,454591,1,189.273
1780752570.415,95.862,454519,454591,1,290.897
1780752570.476,95.923,454519,454591,1,295.474
1780752570.531,95.978,454519,454591,1,273.287
1780752570.587,96.034,454519,454591,1,248.652
1780752570.642,96.089,454519,454591,1,311.030
1780752570.699,96.145,454519,454591,1,264.306
1780752570.753,96.200,454519,454591,1,275.168
1780752570.807,96.254,454519,454591,0,239.576
1780752570.868,96.314,454519,454591,0,199.626
1780752570.920,96.367,454519,454591,0,76.398
1780752570.974,96.421,454519,454591,1,220.143
1780752571.029,96.475,454519,454591,1,55.439
1780752571.081,96.527,454519,454591,1,114.789
1780752571.133,96.580,454519,454591,1,209.496
1780752571.186,96.633,454519,454591,1,94.287
1780752571.238,96.685,454519,454591,1,134.411
1780752571.291,96.738,454519,454591,1,190.221
1780752571.345,96.792,454519,454591,1,110.276
1780752571.397,96.844,454519,454591,1,153.705
1780752571.450,96.897,454519,454591,1,189.992
1780752571.504,96.950,454519,454591,1,112.021
1780752571.557,97.003,454519,454591,1,188.470
1780752571.610,97.056,454519,454591,1,207.205
1780752571.664,97.111,454519,454591,1,128.602
1780752571.718,97.165,454519,454591,1,165.940
1780752571.777,97.223,454519,454591,1,206.298
1780752571.831,97.278,454519,454591,1,202.087
1780752571.886,97.332,454519,454591,1,257.023
1780752571.941,97.388,454519,454591,1,232.794
1780752571.994,97.441,454519,454591,1,227.760
1780752572.046,97.493,454519,454591,1,210.016
1780752572.099,97.545,454519,454591,1,249.009
1780752572.151,97.598,454519,454591,1,114.006
1780752572.204,97.650,454519,454591,1,267.536
1780752572.256,97.703,454519,454591,1,228.709
1780752572.309,97.756,454519,454591,1,94.032
1780752572.364,97.811,454519,454591,1,200.288
1780752572.421,97.867,454519,454591,1,159.639
1780752572.473,97.920,454519,454591,1,114.714
1780752572.531,97.978,454519,454591,1,172.232
1780752572.583,98.030,454519,454591,1,171.466
1780752572.636,98.082,454519,454591,1,152.710
1780752572.688,98.135,454519,454591,1,190.575
1780752572.741,98.188,454519,454591,1,190.052
1780752572.795,98.241,454519,454591,1,185.898
1780752572.848,98.295,454519,454591,1,187.602
1780752572.900,98.347,454519,454591,1,172.466
1780752572.955,98.401,454519,454591,0,183.016
1780752573.008,98.454,454519,454591,1,189.612
1780752573.060,98.507,454519,454591,1,208.463
1780752573.113,98.560,454519,454591,1,189.270
1780752573.170,98.617,454519,454591,1,226.754
1780752573.224,98.671,454519,454591,1,242.701
1780752573.279,98.726,454519,454591,1,181.034
1780752573.332,98.778,454519,454591,1,228.982
1780752573.384,98.831,454519,454591,1,228.804
1780752573.437,98.883,454519,454591,1,190.123
1780752573.490,98.936,454519,454591,1,208.036
1780752573.543,98.990,454519,454591,1,148.775
1780752573.596,99.042,454519,454591,1,229.179
1780752573.649,99.095,454519,454591,1,227.214
1780752573.702,99.149,454519,454591,1,243.489
1780752573.757,99.204,454519,454591,1,272.047
1780752573.811,99.258,454519,454591,1,222.674
1780752573.863,99.310,454519,454591,1,247.594
1780752573.920,99.366,454519,454591,1,248.355
1780752573.978,99.425,454519,454591,1,290.772
1780752574.032,99.479,454519,454591,1,223.970
1780752574.090,99.537,454519,454591,1,290.352
1780752574.150,99.597,454519,454591,1,250.980
1780752574.203,99.650,454519,454591,1,227.836
1780752574.261,99.708,454519,454591,1,308.348
1780752574.316,99.763,454519,454591,1,218.311
1780752574.379,99.825,454519,454591,1,224.165
1780752574.434,99.881,454519,454591,1,198.550
1780752574.490,99.937,454519,454591,3,177.399
1780752574.546,99.993,454519,454591,1,233.490
1780752574.602,100.049,454519,454591,0,233.178
1780752574.655,100.102,454519,454591,1,206.429
1780752574.710,100.157,454519,454591,1,308.566
1780752574.766,100.212,454519,454591,1,216.860
1780752574.825,100.271,454519,454591,1,339.093
1780752574.879,100.326,454519,454591,1,330.885
1780752574.935,100.382,454519,454591,1,302.533
1780752574.992,100.438,454519,454591,1,230.665
1780752575.047,100.494,454519,454591,1,252.577
1780752575.100,100.546,454519,454591,1,246.768
1780752575.156,100.603,454519,454591,1,212.969
1780752575.210,100.656,454519,454591,1,260.269
1780752575.265,100.712,454519,454591,1,233.472
1780752575.318,100.764,454519,454591,1,306.861
1780752575.374,100.821,454519,454591,1,210.907
1780752575.427,100.874,454519,454591,1,188.749
1780752575.488,100.934,454519,454591,1,282.377
1780752575.541,100.988,454519,454591,1,280.424
1780752575.598,101.044,454519,454591,1,317.845
1780752575.655,101.102,454519,454591,1,262.498
1780752575.709,101.156,454519,454591,1,295.159
1780752575.762,101.209,454519,454591,1,263.241
1780752575.821,101.268,454519,454591,1,186.090
1780752575.874,101.321,454519,454591,3,169.790
1780752575.935,101.382,454519,454591,3,264.784
1780752575.988,101.434,454519,454591,3,207.776
1780752576.041,101.488,454519,454591,3,298.628
1780752576.104,101.550,454519,454591,3,257.333
1780752576.160,101.607,454519,454591,3,317.089
1780752576.213,101.660,454519,454591,3,152.081
1780752576.266,101.713,454519,454591,3,224.824
1780752576.324,101.771,454519,454591,3,241.996
1780752576.377,101.823,454519,454591,3,247.959
1780752576.429,101.876,454519,454591,1,226.923
1780752576.491,101.938,454519,454591,1,243.404
1780752576.544,101.991,454519,454591,1,226.624
1780752576.597,102.044,454519,454591,1,149.855
1780752576.650,102.097,454519,454591,1,247.786
1780752576.703,102.149,454519,454591,1,226.671
1780752576.758,102.204,454519,454591,1,164.510
1780752576.810,102.257,454519,454591,1,266.299
1780752576.863,102.310,454519,454591,1,207.211
1780752576.916,102.362,454519,454591,1,171.089
1780752576.970,102.416,454519,454591,1,204.282
1780752577.029,102.476,454519,454591,1,217.492
1780752577.084,102.531,454519,454591,1,183.074
1780752577.136,102.583,454519,454591,1,57.625
1780752577.188,102.635,454519,454591,1,134.473
1780752577.240,102.687,454519,454591,1,172.007
1780752577.293,102.740,454519,454591,1,227.863
1780752577.345,102.792,454519,454591,1,134.273
1780752577.398,102.845,454519,454591,1,188.924
1780752577.454,102.901,454519,454591,1,214.573
1780752577.507,102.954,454519,454591,0,187.556
1780752577.564,103.011,454519,454591,1,211.734
1780752577.617,103.063,454519,454591,1,228.815
1780752577.669,103.116,454519,454591,0,209.115
1780752577.724,103.171,454519,454591,0,219.102
1780752577.782,103.228,454519,454591,0,190.775
1780752577.835,103.282,454519,454591,0,74.542
1780752577.888,103.335,454519,454591,0,75.741
1780752577.941,103.388,454519,454591,0,56.714
1780752577.994,103.441,454519,454591,0,56.120
1780752578.047,103.493,454519,454591,0,153.059
1780752578.099,103.546,454519,454591,1,229.030
1780752578.156,103.603,454519,454591,1,192.061
1780752578.209,103.655,454519,454591,1,95.749
1780752578.261,103.707,454519,454591,1,172.429
1780752578.314,103.761,454519,454591,1,242.245
1780752578.367,103.814,454519,454591,1,265.256
1780752578.421,103.867,454519,454591,1,243.544
1780752578.473,103.920,454519,454591,1,265.838
1780752578.526,103.972,454519,454591,1,229.770
1780752578.581,104.027,454519,454591,1,254.498
1780752578.634,104.081,454519,454591,1,261.510
1780752578.687,104.133,454519,454591,1,227.251
1780752578.744,104.191,454519,454591,1,261.629
1780752578.800,104.247,454519,454591,1,196.991
1780752578.855,104.302,454519,454591,2,200.121
1780752578.912,104.359,454519,454591,1,297.420
1780752578.968,104.415,454519,454591,1,267.916
1780752579.021,104.467,454519,454591,1,248.234
1780752579.078,104.524,454519,454591,1,244.659
1780752579.136,104.583,454519,454591,1,255.962
1780752579.191,104.638,454519,454591,1,255.463
1780752579.249,104.696,454519,454591,1,259.131
1780752579.305,104.752,454519,454591,1,267.349
1780752579.379,104.826,454519,454591,1,256.717
1780752579.432,104.879,454519,454591,1,301.639
1780752579.498,104.945,454519,454591,1,241.635
1780752579.562,105.009,454519,454591,1,281.629
1780752579.630,105.077,454519,454591,1,294.422
1780752579.690,105.137,454519,454591,1,217.902
1780752579.750,105.197,454519,454591,3,250.053
1780752579.807,105.253,454519,454591,3,246.965
1780752579.862,105.309,454519,454591,1,288.893
1780752579.921,105.368,454519,454591,1,287.237
1780752580.010,105.457,454519,454591,1,259.189
1780752580.074,105.520,454519,454591,1,298.472
1780752580.132,105.578,454519,454591,1,223.750
1780752580.186,105.633,454519,454591,1,275.590
1780752580.239,105.686,454519,454591,1,245.720
1780752580.293,105.740,454519,454591,1,258.829
1780752580.360,105.807,454519,454591,1,283.312
1780752580.425,105.872,454519,454591,1,277.211
1780752580.496,105.942,454519,454591,1,241.122
1780752580.556,106.003,454519,454591,1,248.018
1780752580.612,106.059,454519,454591,1,268.413
1780752580.669,106.116,454519,454591,1,280.274
1780752580.760,106.207,454519,454591,1,275.178
1780752580.824,106.271,454519,454591,1,295.035
1780752580.897,106.343,454519,454591,1,276.795
1780752580.963,106.409,454519,454591,1,256.646
1780752581.026,106.473,454519,454591,1,268.190
1780752581.086,106.532,454519,454591,1,268.414
1780752581.150,106.597,454519,454591,1,233.148
1780752581.205,106.652,454519,454591,1,254.955
1780752581.261,106.708,454519,454591,1,268.284
1780752581.315,106.762,454519,454591,1,257.426
1780752581.371,106.818,454519,454591,1,233.355
1780752581.433,106.879,454519,454591,1,243.583
1780752581.490,106.937,454519,454591,1,241.957
1780752581.544,106.990,454519,454591,1,282.013
1780752581.598,107.044,454519,454591,1,240.384
1780752581.650,107.097,454519,454591,1,247.102
1780752581.719,107.166,454519,454591,1,320.233
1780752581.776,107.222,454519,454591,1,282.582
1780752581.832,107.278,454519,454591,1,196.629
1780752581.890,107.337,454519,454591,1,221.932
1780752581.944,107.391,454519,454591,1,222.311
1780752582.001,107.448,454519,454591,1,244.956
1780752582.059,107.505,454519,454591,1,226.359
1780752582.140,107.587,454519,454591,1,283.091
1780752582.222,107.668,454519,454591,1,306.083
1780752582.310,107.756,454519,454591,1,284.026
1780752582.396,107.842,454519,454591,1,302.542
1780752582.458,107.904,454519,454591,1,289.544
1780752582.523,107.970,454519,454591,1,306.621
1780752582.578,108.025,454519,454591,1,326.671
1780752582.633,108.080,454519,454591,1,343.841
1780752582.688,108.134,454519,454591,1,312.440
1780752582.744,108.191,454519,454591,3,302.465
1780752582.817,108.263,454519,454591,3,274.849
1780752582.889,108.335,454519,454591,3,319.298
1780752582.954,108.401,454519,454591,3,274.467
1780752583.017,108.463,454519,454591,0,305.085
1780752583.071,108.518,454519,454591,0,275.583
1780752583.128,108.575,454519,454591,0,332.584
1780752583.203,108.649,454519,454591,1,308.849
1780752583.278,108.725,454519,454591,1,331.917
1780752583.375,108.822,454519,454591,1,319.145
1780752583.438,108.884,454519,454591,1,287.487
1780752583.526,108.973,454519,454591,1,316.585
1780752583.604,109.050,454519,454591,1,283.422
1780752583.681,109.127,454519,454591,1,299.609
1780752583.757,109.203,454519,454591,0,249.835
1780752583.823,109.270,454519,454591,0,270.381
1780752583.895,109.341,454519,454591,0,279.174
1780752583.961,109.407,454519,454591,0,228.043
1780752584.016,109.463,454519,454591,0,270.004
1780752584.081,109.528,454519,454591,0,199.289
1780752584.137,109.583,454519,454591,0,307.789
1780752584.204,109.651,454519,454591,0,251.423
1780752584.261,109.708,454519,454591,0,228.921
1780752584.317,109.763,454519,454591,0,252.205
1780752584.382,109.829,454519,454591,0,213.688
1780752584.436,109.882,454519,454591,0,241.789
1780752584.491,109.937,454519,454591,0,236.728
1780752584.547,109.993,454519,454591,0,232.917
1780752584.607,110.054,454519,454591,3,264.519
1780752584.662,110.108,454519,454591,3,183.627
1780752584.723,110.170,454519,454591,3,258.730
1780752584.784,110.230,454519,454591,0,264.563
1780752584.843,110.289,454519,454591,3,221.328
1780752584.897,110.343,454519,454591,0,276.475
1780752584.960,110.407,454519,454591,0,284.072
1780752585.017,110.464,454519,454591,0,228.056
1780752585.078,110.524,454519,454591,0,264.743
1780752585.135,110.582,454519,454591,0,225.298
1780752585.200,110.647,454519,454591,0,261.175
1780752585.262,110.709,454519,454591,0,291.656
1780752585.324,110.771,454519,454591,3,289.608
1780752585.384,110.830,454519,454591,3,286.271
1780752585.439,110.886,454519,454591,3,268.905
1780752585.496,110.942,454519,454591,3,283.739
1780752585.552,110.999,454519,454591,3,301.402
1780752585.608,111.054,454519,454591,3,253.347
1780752585.668,111.114,454519,454591,3,266.084
1780752585.722,111.169,454519,454591,3,312.774
1780752585.777,111.224,454519,454591,3,307.868
1780752585.838,111.285,454519,454591,3,294.278
1780752585.899,111.345,454519,454591,0,314.119
1780752585.976,111.423,454519,454591,0,232.436
1780752586.032,111.479,454519,454591,0,214.567
1780752586.085,111.532,454519,454591,0,264.106
1780752586.148,111.595,454519,454591,1,239.389
1780752586.214,111.661,454519,454591,3,287.643
1780752586.276,111.722,454519,454591,3,259.083
1780752586.344,111.790,454519,454591,0,293.510
1780752586.401,111.848,454519,454591,0,278.904
1780752586.457,111.903,454519,454591,1,234.740
1780752586.524,111.971,454519,454591,1,266.387
1780752586.579,112.026,454519,454591,1,254.270
1780752586.643,112.090,454519,454591,1,249.738
1780752586.698,112.145,454519,454591,0,274.699
1780752586.769,112.216,454519,454591,0,225.314
1780752586.832,112.279,454519,454591,3,204.810
1780752586.885,112.331,454519,454591,3,247.910
1780752586.956,112.403,454519,454591,3,307.229
1780752587.011,112.458,454519,454591,3,311.503
1780752587.068,112.515,454519,454591,3,246.144
1780752587.122,112.569,454519,454591,3,275.742
1780752587.177,112.623,454519,454591,3,275.067
1780752587.230,112.676,454519,454591,3,226.959
1780752587.283,112.729,454519,454591,1,263.323
1780752587.337,112.783,454519,454591,1,185.760
1780752587.391,112.837,454519,454591,1,240.650
1780752587.445,112.892,454519,454591,1,220.812
1780752587.499,112.945,454519,454591,1,223.126
1780752587.553,113.000,454519,454591,1,221.770
1780752587.610,113.057,454519,454591,2,245.621
1780752587.667,113.114,454519,454591,1,226.752
1780752587.724,113.171,454519,454591,1,297.973
1780752587.778,113.225,454519,454591,1,260.073
1780752587.836,113.283,454519,454591,1,310.381
1780752587.892,113.338,454519,454591,1,252.586
1780752587.946,113.393,454519,454591,1,294.655
1780752588.004,113.450,454519,454591,1,294.486
1780752588.067,113.514,454519,454591,1,282.691
1780752588.121,113.568,454519,454591,1,276.651
1780752588.180,113.626,454519,454591,1,274.459
1780752588.232,113.679,454519,454591,0,305.118
1780752588.286,113.733,454519,454591,0,315.948
1780752588.341,113.787,454519,454591,0,292.644
1780752588.407,113.854,454519,454591,0,240.869
1780752588.460,113.907,454519,454591,0,282.339
1780752588.516,113.963,454519,454591,0,267.611
1780752588.576,114.023,454519,454591,0,167.104
1780752588.633,114.079,454519,454591,0,211.740
1780752588.686,114.132,454519,454591,0,207.971
1780752588.739,114.186,454519,454591,0,206.486
1780752588.792,114.238,454519,454591,0,152.213
1780752588.847,114.294,454519,454591,0,179.298
1780752588.902,114.348,454519,454591,0,165.048
1780752588.956,114.403,454519,454591,0,110.614
1780752589.010,114.457,454519,454591,0,185.833
1780752589.063,114.510,454519,454591,0,131.967
1780752589.117,114.563,454519,454591,0,74.552
1780752589.170,114.617,454519,454591,0,205.523
1780752589.223,114.670,454519,454591,0,94.010
1780752589.276,114.722,454519,454591,0,76.633
1780752589.330,114.777,454519,454591,0,183.492
1780752589.384,114.830,454519,454591,0,205.006
1780752589.438,114.884,454519,454591,0,148.287
1780752589.490,114.936,454519,454591,0,230.364
1780752589.548,114.995,454519,454591,0,153.285
1780752589.602,115.049,454519,454591,0,241.817
1780752589.657,115.104,454519,454591,0,292.132
1780752589.710,115.157,454519,454591,0,151.074
1780752589.767,115.214,454519,454591,0,279.919
1780752589.826,115.273,454519,454591,0,202.851
1780752589.884,115.331,454519,454591,0,207.635
1780752589.937,115.384,454519,454591,0,226.939
1780752589.991,115.437,454519,454591,0,167.265
1780752590.045,115.491,454519,454591,0,259.011
1780752590.098,115.544,454519,454591,0,132.512
1780752590.151,115.597,454519,454591,0,150.989
1780752590.207,115.654,454519,454591,0,177.055
1780752590.264,115.710,454519,454591,0,211.548
1780752590.323,115.769,454519,454591,0,204.286
1780752590.376,115.822,454519,454591,0,206.719
1780752590.429,115.876,454519,454591,0,223.642
1780752590.483,115.930,454519,454591,0,185.944
1780752590.535,115.982,454519,454591,0,210.366
1780752590.589,116.036,454519,454591,0,167.930
1780752590.644,116.091,454519,454591,0,254.047
1780752590.697,116.143,454519,454591,0,209.107
1780752590.751,116.198,454519,454591,0,276.491
1780752590.804,116.251,454519,454591,0,207.826
1780752590.857,116.303,454519,454591,0,246.395
1780752590.910,116.357,454519,454591,0,243.725
1780752590.962,116.409,454519,454591,0,267.538
1780752591.016,116.463,454519,454591,0,184.880
1780752591.072,116.518,454519,454591,0,216.821
1780752591.132,116.579,454519,454591,0,198.322
1780752591.186,116.633,454519,454591,0,278.775
1780752591.247,116.693,454519,454591,0,314.400
1780752591.304,116.751,454519,454591,0,312.293
1780752591.358,116.805,454519,454591,0,241.824
1780752591.413,116.859,454519,454591,0,309.856
1780752591.467,116.913,454519,454591,0,278.950
1780752591.524,116.970,454519,454591,0,296.899
1780752591.589,117.036,454519,454591,0,260.877
1780752591.642,117.088,454519,454591,0,247.351
1780752591.696,117.143,454519,454591,0,293.898
1780752591.749,117.195,454519,454591,0,265.243
1780752591.802,117.249,454519,454591,0,207.091
1780752591.865,117.312,454519,454591,2,331.705
1780752591.929,117.376,454519,454591,2,296.744
1780752591.984,117.430,454519,454591,2,239.001
1780752592.045,117.492,454519,454591,2,292.991
1780752592.119,117.566,454519,454591,2,243.128
1780752592.192,117.639,454519,454591,2,274.433
1780752592.246,117.693,454519,454591,0,239.480
1780752592.299,117.746,454519,454591,0,281.909
1780752592.368,117.815,454519,454591,0,247.527
1780752592.422,117.869,454519,454591,0,313.744
1780752592.496,117.942,454519,454591,1,285.584
1780752592.554,118.001,454519,454591,0,258.345
1780752592.607,118.054,454519,454591,1,318.691
1780752592.663,118.109,454519,454591,1,324.406
1780752592.734,118.181,454519,454591,1,293.308
1780752592.792,118.239,454519,454591,0,327.226
1780752592.881,118.328,454519,454591,0,292.375
1780752592.943,118.390,454519,454591,0,276.165
1780752593.000,118.447,454519,454591,0,226.939
1780752593.065,118.512,454519,454591,0,215.611
1780752593.129,118.575,454519,454591,0,235.948
1780752593.184,118.631,454519,454591,0,252.424
1780752593.239,118.686,454519,454591,0,253.177
1780752593.295,118.741,454519,454591,0,253.601
1780752593.352,118.799,454519,454591,0,243.336
1780752593.418,118.864,454519,454591,0,259.146
1780752593.496,118.942,454519,454591,0,231.055
1780752593.553,119.000,454519,454591,2,260.345
1780752593.609,119.055,454519,454591,2,253.527
1780752593.689,119.136,454519,454591,2,222.755
1780752593.755,119.201,454519,454591,2,290.643
1780752593.819,119.265,454519,454591,2,249.583
1780752593.882,119.329,454519,454591,2,237.550
1780752593.938,119.385,454519,454591,2,231.242
1780752593.996,119.442,454519,454591,2,242.778
1780752594.057,119.503,454519,454591,2,230.082
1780752594.116,119.563,454519,454591,2,270.363
1780752594.200,119.647,454519,454591,2,224.652
1780752594.263,119.710,454519,454591,2,238.278
1780752594.332,119.778,454519,454591,2,249.053
1780752594.391,119.837,454519,454591,2,237.387
1780752594.452,119.899,454519,454591,2,243.062
1780752594.518,119.965,454519,454591,2,272.798
1780752594.595,120.042,454519,454591,2,233.646
1780752594.653,120.100,454519,454591,1,242.295
1780752594.718,120.165,454519,454591,0,260.540
1780752594.786,120.233,454519,454591,0,280.661
1780752594.857,120.304,454519,454591,0,224.108
1780752594.922,120.369,454519,454591,0,247.167
1780752594.997,120.444,454519,454591,0,227.544
1780752595.059,120.506,454519,454591,0,255.925
1780752595.117,120.563,454519,454591,0,280.247
1780752595.191,120.637,454519,454591,0,242.926
1780752595.256,120.703,454519,454591,0,258.820
1780752595.317,120.763,454519,454591,0,264.416
1780752595.380,120.826,454519,454591,0,254.089
1780752595.437,120.884,454519,454591,0,278.896
1780752595.499,120.946,454519,454591,0,210.053
1780752595.555,121.001,454519,454591,0,269.101
1780752595.611,121.058,454519,454591,0,266.480
1780752595.670,121.116,454519,454591,0,324.304
1780752595.749,121.196,454519,454591,0,263.502
1780752595.808,121.255,454519,454591,0,306.278
1780752595.880,121.326,454519,454591,0,265.568
1780752595.940,121.386,454519,454591,0,250.602
1780752595.994,121.440,454519,454591,0,203.395
1780752596.047,121.493,454519,454591,0,264.570
1780752596.102,121.548,454519,454591,0,254.398
1780752596.157,121.603,454519,454591,1,217.983
1780752596.209,121.656,454519,454591,1,171.697
1780752596.267,121.714,454519,454591,1,137.484
1780752596.320,121.767,454519,454591,1,150.622
1780752596.374,121.820,454519,454591,1,169.128
1780752596.427,121.874,454519,454591,1,130.921
1780752596.481,121.927,454519,454591,1,149.538
1780752596.533,121.980,454519,454591,1,133.382
1780752596.587,122.033,454519,454591,1,242.654
1780752596.641,122.088,454519,454591,1,274.203
1780752596.697,122.143,454519,454591,1,162.080
1780752596.749,122.196,454519,454591,1,172.241
1780752596.803,122.249,454519,454591,1,149.197
1780752596.855,122.302,454519,454591,1,133.068
1780752596.909,122.356,454519,454591,1,166.329
1780752596.965,122.411,454519,454591,1,180.584
1780752597.031,122.477,454519,454591,1,151.942
1780752597.085,122.531,454519,454591,1,166.502
1780752597.139,122.586,454519,454591,1,145.835
1780752597.194,122.641,454519,454591,1,163.910
1780752597.248,122.694,454519,454591,1,131.179
1780752597.303,122.750,454519,454591,1,163.037
1780752597.362,122.808,454519,454591,1,187.888
1780752597.417,122.864,454519,454591,1,196.926
1780752597.483,122.929,454519,454591,1,138.173
1780752597.536,122.982,454519,454591,1,150.710
1780752597.590,123.037,454519,454591,1,165.718
1780752597.649,123.095,454519,454591,1,255.475
1780752597.713,123.160,454519,454591,1,232.790
1780752597.774,123.220,454519,454591,1,164.471
1780752597.832,123.279,454519,454591,1,154.435
1780752597.885,123.332,454519,454591,1,149.955
1780752597.939,123.385,454519,454591,1,150.711
1780752597.992,123.439,454519,454591,1,149.929
1780752598.045,123.492,454519,454591,1,149.569
1780752598.099,123.545,454519,454591,1,149.986
1780752598.152,123.598,454519,454591,1,169.535
1780752598.205,123.652,454519,454591,1,149.147
1780752598.263,123.710,454519,454591,1,156.168
1780752598.319,123.766,454519,454591,1,195.590
1780752598.387,123.834,454519,454591,1,147.992
1780752598.441,123.888,454519,454591,1,147.372
1780752598.498,123.945,454519,454591,1,158.817
1780752598.553,124.000,454519,454591,1,144.832
1780752598.611,124.058,454519,454591,1,207.212
1780752598.687,124.134,454519,454591,1,196.755
1780752598.742,124.188,454519,454591,1,183.161
1780752598.796,124.242,454519,454591,1,93.050
1780752598.849,124.296,454519,454591,1,111.316
1780752598.903,124.350,454519,454591,1,111.727
1780752598.957,124.404,454519,454591,1,111.339
1780752599.022,124.469,454519,454591,1,107.972
1780752599.074,124.521,454519,454591,1,114.416
1780752599.128,124.575,454519,454591,1,111.619
1780752599.180,124.627,454519,454591,1,95.497
1780752599.234,124.681,454519,454591,1,111.666
1780752599.288,124.734,454519,454591,1,93.245
1780752599.340,124.787,454519,454591,1,114.840
1780752599.399,124.846,454519,454591,1,101.730
1780752599.454,124.900,454519,454591,1,109.852
1780752599.509,124.955,454519,454591,1,109.273
1780752599.563,125.009,454519,454591,1,110.712
1780752599.618,125.065,454519,454591,1,108.507
1780752599.673,125.119,454519,454591,1,91.374
1780752599.727,125.174,454519,454591,1,129.056
1780752599.783,125.230,454519,454591,1,106.232
1780752599.836,125.283,454519,454591,1,94.586
1780752599.891,125.338,454519,454591,1,108.997
1780752599.945,125.391,454519,454591,1,112.462
1780752600.000,125.447,454519,454591,1,108.450
1780752600.055,125.502,454519,454591,1,90.297
1780752600.110,125.557,454519,454591,1,109.719
1780752600.165,125.612,454519,454591,1,109.500
1780752600.220,125.667,454519,454591,1,108.902
1780752600.275,125.721,454519,454591,1,109.888
1780752600.328,125.774,454519,454591,1,94.450
1780752600.382,125.829,454519,454591,1,109.497
1780752600.437,125.884,454519,454591,1,109.689
1780752600.492,125.939,454519,454591,1,109.124
1780752600.545,125.992,454519,454591,1,94.158
1780752600.600,126.047,454519,454591,1,109.198
1780752600.657,126.103,454519,454591,1,123.798
1780752600.711,126.158,454519,454591,1,91.854
1780752600.766,126.212,454519,454591,1,109.515
1780752600.821,126.268,454519,454591,1,127.092
1780752600.874,126.320,454519,454591,1,94.608
1780752600.929,126.375,454519,454591,1,109.587
1780752600.984,126.431,454519,454591,1,108.037
1780752601.037,126.484,454519,454591,1,94.046
1780752601.090,126.536,454519,454591,1,95.591
1780752601.144,126.590,454519,454591,1,129.612
1780752601.199,126.646,454519,454591,1,107.280
1780752601.253,126.699,454519,454591,1,93.750
1780752601.311,126.758,454519,454591,1,103.343
1780752601.365,126.811,454519,454591,1,111.642
1780752601.417,126.863,454519,454591,1,95.741
1780752601.469,126.916,454519,454591,1,114.868
1780752601.524,126.970,454519,454591,1,91.751
1780752601.577,127.024,454519,454591,1,112.550
1780752601.630,127.077,454519,454591,1,111.979
1780752601.686,127.132,454519,454591,1,108.665
1780752601.740,127.186,454519,454591,1,111.332
1780752601.794,127.240,454519,454591,1,92.320
1780752601.847,127.294,454519,454591,1,111.765
1780752601.901,127.348,454519,454591,1,111.943
1780752601.956,127.402,454519,454591,1,109.462
1780752602.013,127.459,454519,454591,1,105.520
1780752602.066,127.512,454519,454591,1,113.432
1780752602.127,127.574,454519,454591,1,113.994
1780752602.183,127.630,454519,454591,1,107.125
1780752602.241,127.687,454519,454591,1,104.188
1780752602.300,127.747,454519,454591,1,100.393
1780752602.357,127.803,454519,454591,1,106.661
1780752602.412,127.859,454519,454591,1,108.522
1780752602.471,127.918,454519,454591,1,100.999
1780752602.529,127.976,454519,454591,1,103.601
1780752602.586,128.032,454519,454591,1,106.241
1780752602.643,128.090,454519,454591,1,104.047
1780752602.697,128.144,454519,454591,1,111.235
1780752602.751,128.198,454519,454591,1,110.964
1780752602.806,128.253,454519,454591,1,109.612
1780752602.866,128.313,454519,454591,1,100.108
1780752602.920,128.366,454519,454591,1,112.135
1780752602.977,128.424,454519,454591,1,121.436
1780752603.035,128.481,454519,454591,1,104.481
1780752603.088,128.534,454519,454591,1,94.339
1780752603.144,128.591,454519,454591,1,123.935
1780752603.202,128.649,454519,454591,1,102.966
1780752603.264,128.710,454519,454591,1,97.940
1780752603.318,128.765,454519,454591,1,109.631
1780752603.373,128.820,454519,454591,1,109.996
1780752603.434,128.880,454519,454591,1,115.490
1780752603.488,128.935,454519,454591,1,91.465
1780752603.547,128.994,454519,454591,1,101.854
1780752603.600,129.047,454519,454591,1,113.620
1780752603.652,129.099,454519,454591,1,114.684
1780752603.704,129.151,454519,454591,1,114.916
1780752603.757,129.203,454519,454591,1,95.638
1780752603.809,129.256,454519,454591,1,95.119
1780752603.863,129.309,454519,454591,1,112.270
1780752603.916,129.363,454519,454591,1,112.080
1780752603.969,129.416,454519,454591,1,95.007
1780752604.021,129.468,454519,454591,1,114.740
1780752604.074,129.520,454519,454591,1,95.207
1780752604.126,129.572,454519,454591,1,115.207
1780752604.178,129.625,454519,454591,1,94.886
1780752604.231,129.678,454519,454591,1,113.878
1780752604.284,129.730,454519,454591,1,95.050
1780752604.336,129.783,454519,454591,1,113.988
1780752604.389,129.835,454519,454591,1,95.348
1780752604.441,129.888,454519,454591,1,114.144
1780752604.494,129.941,454519,454591,1,95.144
1780752604.547,129.993,454519,454591,1,95.119
1780752604.599,130.046,454519,454591,1,95.515
1780752604.652,130.098,454519,454591,1,113.850
1780752604.704,130.151,454519,454591,1,94.989
1780752604.756,130.203,454519,454591,1,114.909
1780752604.812,130.258,454519,454591,1,90.302
1780752604.867,130.314,454519,454591,1,90.570
1780752604.924,130.371,454519,454591,1,105.459
1780752604.977,130.423,454519,454591,1,94.934
1780752605.029,130.476,454519,454591,1,114.418
1780752605.081,130.528,454519,454591,1,95.695
1780752605.133,130.580,454519,454591,1,95.737
1780752605.186,130.632,454519,454591,1,95.776
1780752605.238,130.684,454519,454591,1,96.070
1780752605.290,130.736,454519,454591,1,115.274
1780752605.342,130.789,454519,454591,1,95.625
1780752605.394,130.841,454519,454591,1,95.680
1780752605.447,130.893,454519,454591,1,95.365
1780752605.499,130.946,454519,454591,1,95.532
1780752605.551,130.998,454519,454591,1,114.802
1780752605.604,131.050,454519,454591,1,95.704
1780752605.656,131.103,454519,454591,1,95.585
1780752605.708,131.155,454519,454591,1,114.988
1780752605.761,131.207,454519,454591,1,94.797
1780752605.813,131.260,454519,454591,1,94.973
1780752605.865,131.312,454519,454591,1,96.532
1780752605.917,131.364,454519,454591,1,95.987
1780752605.969,131.416,454519,454591,1,115.353
1780752606.021,131.468,454519,454591,1,96.326
1780752606.073,131.520,454519,454591,1,96.327
1780752606.125,131.572,454519,454591,1,96.228
1780752606.178,131.625,454519,454591,1,94.553
1780752606.230,131.677,454519,454591,1,115.591
1780752606.282,131.729,454519,454591,1,96.265
1780752606.334,131.781,454519,454591,1,95.854
1780752606.386,131.833,454519,454591,1,96.055
1780752606.438,131.885,454519,454591,1,96.381
1780752606.490,131.936,454519,454591,1,58.004
1780752606.542,131.988,454519,454591,1,96.416
1780752606.593,132.040,454519,454591,1,116.228
1780752606.645,132.091,454519,454591,1,96.838
1780752606.696,132.143,454519,454591,1,96.923
1780752606.748,132.195,454519,454591,1,96.940
1780752606.800,132.246,454519,454591,1,96.767
1780752606.851,132.298,454519,454591,1,96.755
1780752606.903,132.350,454519,454591,1,116.117
1780752606.956,132.402,454519,454591,1,95.194
1780752607.008,132.454,454519,454591,1,96.095
1780752607.060,132.507,454519,454591,1,95.220
1780752607.112,132.559,454519,454591,1,114.891
1780752607.165,132.612,454519,454591,1,94.577
1780752607.217,132.664,454519,454591,1,95.858
1780752607.269,132.716,454519,454591,1,96.058
1780752607.322,132.768,454519,454591,1,95.248
1780752607.376,132.823,454519,454591,1,184.197
1780752607.431,132.878,454519,454591,1,363.984
1780752607.484,132.931,454519,454591,1,94.507
1780752607.536,132.983,454519,454591,1,95.911
1780752607.589,133.035,454519,454591,1,171.014
1780752607.649,133.096,454519,454591,1,397.111
1780752607.708,133.155,454519,454591,1,118.949
1780752607.760,133.207,454519,454591,1,114.898
1780752607.812,133.259,454519,454591,1,76.599
1780752607.868,133.315,454519,454591,1,107.912
1780752607.922,133.369,454519,454591,1,111.192
1780752607.975,133.421,454519,454591,1,95.217
1780752608.027,133.474,454519,454591,1,95.498
1780752608.079,133.526,454519,454591,1,95.508
1780752608.131,133.578,454519,454591,1,95.817
1780752608.184,133.630,454519,454591,1,95.436
1780752608.236,133.683,454519,454591,1,114.308
1780752608.289,133.735,454519,454591,1,95.352
1780752608.341,133.788,454519,454591,1,95.401
1780752608.394,133.840,454519,454591,1,95.303
1780752608.446,133.893,454519,454591,1,113.529
1780752608.499,133.946,454519,454591,1,95.229
1780752608.551,133.998,454519,454591,1,95.250
1780752608.604,134.051,454519,454591,1,114.259
1780752608.656,134.103,454519,454591,1,95.242
1780752608.709,134.156,454519,454591,1,95.374
1780752608.761,134.208,454519,454591,1,95.620
1780752608.814,134.260,454519,454591,1,95.280
1780752608.866,134.313,454519,454591,1,114.536
1780752608.919,134.365,454519,454591,1,95.360
1780752608.971,134.418,454519,454591,1,95.227
1780752609.024,134.470,454519,454591,1,95.163
1780752609.076,134.523,454519,454591,1,114.461
1780752609.129,134.575,454519,454591,1,95.050
1780752609.181,134.627,454519,454591,1,95.920
1780752609.233,134.679,454519,454591,1,95.938
1780752609.285,134.732,454519,454591,1,95.359
1780752609.338,134.784,454519,454591,1,114.590
1780752609.390,134.837,454519,454591,1,95.340
1780752609.443,134.889,454519,454591,1,95.300
1780752609.495,134.942,454519,454591,1,95.477
1780752609.547,134.994,454519,454591,1,95.448
1780752609.600,135.046,454519,454591,1,114.398
1780752609.652,135.099,454519,454591,1,95.027
1780752609.707,135.154,454519,454591,1,274.645
1780752609.762,135.209,454519,454591,1,309.482
1780752609.820,135.266,454519,454591,1,225.552
1780752609.872,135.319,454519,454591,1,359.157
1780752609.932,135.378,454519,454591,1,270.247
1780752609.984,135.431,454519,454591,1,95.094
1780752610.036,135.483,454519,454591,1,95.650
1780752610.089,135.535,454519,454591,1,95.866
1780752610.142,135.589,454519,454591,1,111.613
1780752610.195,135.641,454519,454591,1,95.408
1780752610.247,135.694,454519,454591,1,95.525
1780752610.299,135.746,454519,454591,1,96.003
1780752610.351,135.798,454519,454591,1,95.740
1780752610.404,135.851,454519,454591,1,114.133
1780752610.457,135.903,454519,454591,1,95.250
1780752610.509,135.955,454519,454591,1,95.646
1780752610.561,136.008,454519,454591,1,114.303
1780752610.614,136.061,454519,454591,1,94.968
1780752610.667,136.113,454519,454591,1,94.657
1780752610.720,136.166,454519,454591,1,94.783
1780752610.772,136.219,454519,454591,1,95.397
1780752610.824,136.271,454519,454591,1,114.467
1780752610.877,136.323,454519,454591,1,95.555
1780752610.929,136.376,454519,454591,1,95.364
1780752610.982,136.428,454519,454591,1,114.160
1780752611.034,136.481,454519,454591,1,94.861
1780752611.087,136.533,454519,454591,1,95.477
1780752611.140,136.586,454519,454591,1,94.728
1780752611.192,136.639,454519,454591,1,95.336
1780752611.244,136.691,454519,454591,1,114.568
1780752611.297,136.743,454519,454591,1,95.498
1780752611.349,136.796,454519,454591,1,95.132
1780752611.402,136.848,454519,454591,1,114.214
1780752611.454,136.901,454519,454591,1,94.914
1780752611.507,136.953,454519,454591,1,95.522
1780752611.559,137.006,454519,454591,1,95.645
1780752611.612,137.058,454519,454591,1,95.254
1780752611.664,137.111,454519,454591,1,114.316
1780752611.717,137.163,454519,454591,1,95.293
1780752611.769,137.216,454519,454591,1,95.326
1780752611.821,137.268,454519,454591,1,114.360
1780752611.874,137.321,454519,454591,1,170.052
1780752611.934,137.381,454519,454591,1,283.487
1780752611.993,137.440,454519,454591,1,321.489
1780752612.054,137.501,454519,454591,1,246.043
1780752612.113,137.560,454519,454591,1,341.277
1780752612.166,137.612,454519,454591,1,114.214
1780752612.218,137.664,454519,454591,1,96.019
1780752612.270,137.716,454519,454591,1,96.018
1780752612.324,137.771,454519,454591,1,110.380
1780752612.376,137.823,454519,454591,1,95.699
1780752612.429,137.875,454519,454591,1,95.679
1780752612.481,137.927,454519,454591,1,95.982
1780752612.533,137.979,454519,454591,1,95.898
1780752612.585,138.032,454519,454591,1,114.473
1780752612.638,138.084,454519,454591,1,95.378
1780752612.690,138.137,454519,454591,1,95.444
1780752612.743,138.189,454519,454591,1,95.194
1780752612.795,138.242,454519,454591,1,94.924
1780752612.848,138.294,454519,454591,1,114.099
1780752612.900,138.347,454519,454591,1,95.266
1780752612.953,138.399,454519,454591,1,95.287
1780752613.005,138.452,454519,454591,1,114.185
1780752613.058,138.504,454519,454591,1,95.430
1780752613.110,138.557,454519,454591,1,95.330
1780752613.163,138.609,454519,454591,1,95.188
1780752613.215,138.662,454519,454591,1,95.274
1780752613.268,138.714,454519,454591,1,114.485
1780752613.320,138.767,454519,454591,1,95.577
1780752613.372,138.819,454519,454591,1,95.608
1780752613.425,138.871,454519,454591,1,114.358
1780752613.534,138.981,454519,454591,1,91.139
1780752613.587,139.034,454519,454591,1,113.890
1780752613.640,139.086,454519,454591,1,95.243
1780752613.692,139.139,454519,454591,1,95.178
1780752613.744,139.191,454519,454591,1,114.447
1780752613.797,139.244,454519,454591,1,95.442
1780752613.849,139.296,454519,454591,1,95.602
1780752613.902,139.348,454519,454591,1,95.482
1780752613.954,139.401,454519,454591,1,95.287
1780752614.007,139.453,454519,454591,1,113.680
1780752614.060,139.506,454519,454591,1,132.536
1780752614.113,139.560,454519,454591,1,279.473
1780752614.172,139.619,454519,454591,1,389.639
1780752614.227,139.674,454519,454591,1,145.820
1780752614.288,139.735,454519,454591,1,391.410
1780752614.347,139.794,454519,454591,1,169.622
1780752614.400,139.846,454519,454591,1,95.850
1780752614.452,139.898,454519,454591,1,95.811
1780752614.504,139.951,454519,454591,1,113.976
1780752614.557,140.003,454519,454591,1,95.675
1780752614.609,140.056,454519,454591,1,95.710
1780752614.661,140.108,454519,454591,1,95.649
1780752614.713,140.160,454519,454591,1,115.181
1780752614.765,140.212,454519,454591,1,95.935
1780752614.818,140.264,454519,454591,1,95.460
1780752614.870,140.317,454519,454591,1,95.355
1780752614.923,140.369,454519,454591,1,95.297
1780752614.975,140.422,454519,454591,1,114.035
1780752615.028,140.474,454519,454591,1,95.294
1780752615.080,140.527,454519,454591,1,95.570
1780752615.132,140.579,454519,454591,1,115.163
1780752615.185,140.631,454519,454591,1,95.497
1780752615.237,140.683,454519,454591,1,95.910
1780752615.289,140.735,454519,454591,1,96.045
1780752615.341,140.788,454519,454591,1,95.918
1780752615.393,140.840,454519,454591,1,114.964
1780752615.445,140.892,454519,454591,1,95.615
1780752615.498,140.944,454519,454591,1,95.832
1780752615.550,140.996,454519,454591,1,96.200
1780752615.602,141.048,454519,454591,1,96.092
1780752615.654,141.100,454519,454591,1,115.066
1780752615.706,141.152,454519,454591,1,96.073
1780752615.758,141.204,454519,454591,1,96.032
1780752615.810,141.257,454519,454591,1,95.840
1780752615.862,141.309,454519,454591,1,96.034
1780752615.914,141.361,454519,454591,1,115.178
1780752615.967,141.413,454519,454591,1,95.487
1780752616.019,141.465,454519,454591,1,95.667
1780752616.071,141.518,454519,454591,1,95.658
1780752616.123,141.570,454519,454591,1,95.804
1780752616.175,141.622,454519,454591,1,114.885
1780752616.228,141.674,454519,454591,1,95.896
1780752616.280,141.726,454519,454591,1,172.659
1780752616.336,141.783,454519,454591,1,301.249
1780752616.389,141.836,454519,454591,1,357.855
1780752616.452,141.899,454519,454591,1,238.500
1780752616.506,141.953,454519,454591,1,370.265
1780752616.559,142.005,454519,454591,1,95.377
1780752616.611,142.058,454519,454591,1,114.691
1780752616.663,142.110,454519,454591,1,95.739
1780752616.717,142.164,454519,454591,1,92.627
1780752616.769,142.216,454519,454591,1,115.140
1780752616.821,142.268,454519,454591,1,95.958
1780752616.873,142.320,454519,454591,1,96.079
1780752616.926,142.372,454519,454591,1,95.828
1780752616.978,142.425,454519,454591,1,95.513
1780752617.030,142.477,454519,454591,1,114.070
1780752617.083,142.529,454519,454591,1,95.536
1780752617.135,142.582,454519,454591,1,95.825
1780752617.187,142.634,454519,454591,1,95.529
1780752617.240,142.686,454519,454591,1,95.670
1780752617.292,142.738,454519,454591,1,115.019
1780752617.344,142.791,454519,454591,1,95.822
1780752617.396,142.843,454519,454591,1,95.649
1780752617.448,142.895,454519,454591,1,115.072
1780752617.501,142.947,454519,454591,1,95.866
1780752617.553,142.999,454519,454591,1,96.094
1780752617.605,143.051,454519,454591,1,95.925
1780752617.657,143.104,454519,454591,1,95.606
1780752617.709,143.156,454519,454591,1,115.071
1780752617.761,143.208,454519,454591,1,96.012
1780752617.813,143.260,454519,454591,1,95.821
1780752617.865,143.312,454519,454591,1,96.245
1780752617.918,143.364,454519,454591,1,95.745
1780752617.970,143.416,454519,454591,1,114.767
1780752618.022,143.469,454519,454591,1,95.686
1780752618.074,143.521,454519,454591,1,95.385
1780752618.127,143.573,454519,454591,1,95.789
1780752618.179,143.625,454519,454591,1,95.869
1780752618.231,143.678,454519,454591,1,115.120
1780752618.283,143.730,454519,454591,1,95.899
1780752618.335,143.782,454519,454591,1,95.951
1780752618.387,143.834,454519,454591,1,95.941
1780752618.440,143.886,454519,454591,1,95.781
1780752618.492,143.939,454519,454591,1,228.708
1780752618.548,143.995,454519,454591,1,302.753
1780752618.601,144.048,454519,454591,1,319.525
1780752618.660,144.106,454519,454591,1,257.816
1780752618.716,144.163,454519,454591,1,371.016
1780752618.772,144.219,454519,454591,1,107.157
1780752618.825,144.272,454519,454591,1,94.258
1780752618.877,144.324,454519,454591,1,95.888
1780752618.929,144.376,454519,454591,1,96.086
1780752618.982,144.428,454519,454591,1,114.610
1780752619.034,144.481,454519,454591,1,95.321
1780752619.087,144.533,454519,454591,1,95.214
1780752619.139,144.586,454519,454591,1,95.653
1780752619.191,144.638,454519,454591,1,95.403
1780752619.244,144.691,454519,454591,1,114.200
1780752619.296,144.743,454519,454591,1,95.455
1780752619.349,144.795,454519,454591,1,95.155
1780752619.401,144.848,454519,454591,1,114.311
1780752619.454,144.900,454519,454591,1,95.290
1780752619.506,144.953,454519,454591,1,95.467
1780752619.559,145.005,454519,454591,1,95.250
1780752619.611,145.058,454519,454591,1,95.170
1780752619.664,145.110,454519,454591,1,94.979
1780752619.716,145.163,454519,454591,1,114.313
1780752619.769,145.215,454519,454591,1,95.448
1780752619.821,145.268,454519,454591,1,95.127
1780752619.874,145.320,454519,454591,1,95.474
1780752619.926,145.373,454519,454591,1,114.418
1780752619.979,145.425,454519,454591,1,95.165
1780752620.031,145.478,454519,454591,1,94.971
1780752620.084,145.530,454519,454591,1,95.249
1780752620.136,145.583,454519,454591,1,114.441
1780752620.189,145.635,454519,454591,1,95.107
1780752620.241,145.688,454519,454591,1,95.102
1780752620.294,145.740,454519,454591,1,95.438
1780752620.346,145.793,454519,454591,1,114.573
1780752620.399,145.845,454519,454591,1,95.346
1780752620.451,145.898,454519,454591,1,95.412
1780752620.503,145.950,454519,454591,1,95.468
1780752620.556,146.002,454519,454591,1,95.587
1780752620.608,146.055,454519,454591,1,113.809
1780752620.661,146.108,454519,454591,1,94.582
1780752620.714,146.160,454519,454591,1,152.463
1780752620.769,146.216,454519,454591,1,251.725
1780752620.823,146.269,454519,454591,1,93.447
1780752620.876,146.323,454519,454591,1,93.973
1780752620.930,146.377,454519,454591,1,110.782
1780752620.983,146.429,454519,454591,1,95.133
1780752621.035,146.482,454519,454591,1,95.629
1780752621.088,146.534,454519,454591,1,95.018
1780752621.140,146.587,454519,454591,1,95.345
1780752621.193,146.640,454519,454591,1,113.329
1780752621.245,146.692,454519,454591,1,95.862
1780752621.297,146.744,454519,454591,1,95.712
1780752621.350,146.796,454519,454591,1,95.553
1780752621.402,146.849,454519,454591,1,190.161
1780752621.460,146.907,454519,454591,1,329.802
1780752621.513,146.959,454519,454591,1,113.913
1780752621.565,147.011,454519,454591,1,95.832
1780752621.618,147.065,454519,454591,1,206.268
1780752621.677,147.124,454519,454591,1,387.572
1780752621.731,147.178,454519,454591,1,93.003
1780752621.783,147.230,454519,454591,1,115.254
1780752621.835,147.282,454519,454591,1,95.928
1780752621.889,147.336,454519,454591,1,92.729
1780752621.941,147.388,454519,454591,1,115.177
1780752621.994,147.440,454519,454591,1,95.785
1780752622.046,147.493,454519,454591,1,95.693
1780752622.098,147.545,454519,454591,1,95.848
1780752622.150,147.597,454519,454591,1,114.619
1780752622.203,147.649,454519,454591,1,95.380
1780752622.255,147.702,454519,454591,1,95.677
1780752622.307,147.754,454519,454591,1,95.768
1780752622.360,147.806,454519,454591,1,95.690
1780752622.412,147.858,454519,454591,1,95.813
1780752622.464,147.911,454519,454591,1,115.013
1780752622.516,147.963,454519,454591,1,95.215
1780752622.569,148.015,454519,454591,1,95.825
1780752622.621,148.067,454519,454591,1,114.854
1780752622.673,148.120,454519,454591,1,95.637
1780752622.725,148.172,454519,454591,1,95.779
1780752622.777,148.224,454519,454591,1,95.900
1780752622.830,148.276,454519,454591,1,95.975
1780752622.882,148.329,454519,454591,1,114.471
1780752622.935,148.381,454519,454591,1,94.975
1780752622.987,148.434,454519,454591,1,94.578
1780752623.040,148.487,454519,454591,1,95.262
1780752623.092,148.539,454519,454591,1,114.448
1780752623.145,148.591,454519,454591,1,95.634
1780752623.197,148.644,454519,454591,1,95.442
1780752623.249,148.696,454519,454591,1,95.557
1780752623.302,148.748,454519,454591,1,95.422
1780752623.354,148.801,454519,454591,1,114.288
1780752623.407,148.853,454519,454591,1,95.438
1780752623.459,148.906,454519,454591,1,94.822
1780752623.520,148.966,454519,454591,1,265.890
1780752623.573,149.020,454519,454591,1,352.893
1780752623.632,149.079,454519,454591,1,205.223
1780752623.692,149.139,454519,454591,1,396.576
1780752623.750,149.197,454519,454591,1,121.500
1780752623.802,149.249,454519,454591,1,95.336
1780752623.855,149.301,454519,454591,1,114.847
1780752623.907,149.353,454519,454591,1,95.933
1780752623.959,149.406,454519,454591,1,95.634
1780752624.011,149.458,454519,454591,1,96.000
1780752624.063,149.510,454519,454591,1,95.938
1780752624.116,149.562,454519,454591,1,114.351
1780752624.168,149.615,454519,454591,1,95.245
1780752624.221,149.667,454519,454591,1,95.364
1780752624.273,149.720,454519,454591,1,114.528
1780752624.325,149.772,454519,454591,1,95.570
1780752624.378,149.824,454519,454591,1,95.476
1780752624.430,149.877,454519,454591,1,94.905
1780752624.483,149.929,454519,454591,1,95.384
1780752624.535,149.982,454519,454591,1,114.535
1780752624.588,150.034,454519,454591,1,95.211
1780752624.640,150.087,454519,454591,1,95.176
1780752624.693,150.139,454519,454591,1,114.201
1780752624.745,150.192,454519,454591,1,95.548
1780752624.798,150.244,454519,454591,1,95.047
1780752624.850,150.297,454519,454591,1,95.069
1780752624.903,150.349,454519,454591,1,95.451
1780752624.955,150.402,454519,454591,1,114.292
1780752625.008,150.455,454519,454591,1,94.640
1780752625.060,150.507,454519,454591,1,95.416
1780752625.113,150.560,454519,454591,1,95.357
1780752625.166,150.612,454519,454591,1,113.768
1780752625.218,150.665,454519,454591,1,95.229
1780752625.270,150.717,454519,454591,1,95.623
1780752625.323,150.770,454519,454591,1,95.320
1780752625.375,150.822,454519,454591,1,95.169
1780752625.428,150.875,454519,454591,1,114.015
1780752625.481,150.927,454519,454591,1,189.681
1780752625.540,150.986,454519,454591,1,272.065
1780752625.600,151.046,454519,454591,1,299.943
1780752625.656,151.103,454519,454591,1,300.466
1780752625.725,151.172,454519,454591,1,332.270
1780752625.782,151.228,454519,454591,1,88.855
1780752625.834,151.280,454519,454591,1,96.197
1780752625.886,151.332,454519,454591,1,115.517
1780752625.940,151.386,454519,454591,1,92.227
1780752625.992,151.439,454519,454591,1,95.708
1780752626.044,151.491,454519,454591,1,114.696
1780752626.097,151.543,454519,454591,1,95.891
1780752626.149,151.595,454519,454591,1,95.559
1780752626.201,151.648,454519,454591,1,95.488
1780752626.254,151.700,454519,454591,1,95.519
1780752626.306,151.752,454519,454591,1,114.689
1780752626.358,151.805,454519,454591,1,95.295
1780752626.411,151.857,454519,454591,1,95.467
1780752626.463,151.910,454519,454591,1,95.325
1780752626.516,151.962,454519,454591,1,95.466
1780752626.568,152.015,454519,454591,1,114.258
1780752626.621,152.067,454519,454591,1,95.109
1780752626.673,152.120,454519,454591,1,95.097
1780752626.726,152.172,454519,454591,1,114.501
1780752626.778,152.224,454519,454591,1,95.673
1780752626.831,152.277,454519,454591,1,94.779
1780752626.883,152.330,454519,454591,1,95.428
1780752626.936,152.382,454519,454591,1,95.123
1780752626.988,152.435,454519,454591,1,114.135
1780752627.041,152.487,454519,454591,1,95.180
1780752627.093,152.540,454519,454591,1,95.517
1780752627.145,152.592,454519,454591,1,114.771
1780752627.198,152.644,454519,454591,1,95.508
1780752627.250,152.697,454519,454591,1,95.300
1780752627.303,152.749,454519,454591,1,95.367
1780752627.355,152.802,454519,454591,1,94.987
1780752627.408,152.854,454519,454591,1,113.967
1780752627.461,152.907,454519,454591,1,94.656
1780752627.523,152.969,454519,454591,1,273.596
1780752627.575,153.022,454519,454591,1,305.967
1780752627.628,153.075,454519,454591,1,225.523
1780752627.684,153.131,454519,454591,1,375.916
1780752627.740,153.187,454519,454591,1,214.350
1780752627.792,153.239,454519,454591,1,95.676
1780752627.845,153.291,454519,454591,1,95.839
1780752627.897,153.343,454519,454591,1,115.106
1780752627.949,153.395,454519,454591,1,96.040
1780752628.001,153.448,454519,454591,1,95.915
1780752628.053,153.500,454519,454591,1,95.510
1780752628.105,153.552,454519,454591,1,95.706
1780752628.158,153.605,454519,454591,1,114.409
1780752628.210,153.657,454519,454591,1,95.500
1780752628.263,153.709,454519,454591,1,95.698
1780752628.315,153.761,454519,454591,1,95.671
1780752628.367,153.814,454519,454591,1,95.600
1780752628.420,153.866,454519,454591,1,114.229
1780752628.472,153.919,454519,454591,1,95.583
1780752628.524,153.971,454519,454591,1,95.310
1780752628.577,154.023,454519,454591,1,114.673
1780752628.629,154.076,454519,454591,1,95.676
1780752628.681,154.128,454519,454591,1,95.736
1780752628.733,154.180,454519,454591,1,95.953
1780752628.785,154.232,454519,454591,1,96.060
1780752628.838,154.284,454519,454591,1,114.957
1780752628.890,154.336,454519,454591,1,95.798
1780752628.942,154.389,454519,454591,1,95.664
1780752628.994,154.441,454519,454591,1,95.524
1780752629.047,154.493,454519,454591,1,95.683
1780752629.099,154.545,454519,454591,1,114.961
1780752629.151,154.598,454519,454591,1,95.744
1780752629.203,154.650,454519,454591,1,95.637
1780752629.256,154.702,454519,454591,1,95.718
1780752629.308,154.754,454519,454591,1,95.753
1780752629.360,154.807,454519,454591,1,114.961
1780752629.412,154.859,454519,454591,1,95.759
1780752629.464,154.911,454519,454591,1,114.616
1780752629.524,154.970,454519,454591,1,253.153
1780752629.576,155.023,454519,454591,1,113.952
1780752629.630,155.077,454519,454591,1,93.236
1780752629.682,155.129,454519,454591,1,95.762
1780752629.734,155.181,454519,454591,1,95.716
1780752629.787,155.233,454519,454591,1,95.489
1780752629.840,155.286,454519,454591,1,94.905
1780752629.892,155.338,454519,454591,1,114.972
1780752629.944,155.390,454519,454591,1,95.889
1780752629.996,155.442,454519,454591,1,19.297
1780752630.047,155.494,454519,454591,1,0.000
1780752630.098,155.545,454519,454591,1,0.000
1780752630.150,155.596,454519,454591,1,0.000
1780752630.201,155.648,454519,454591,1,0.000
1780752630.252,155.699,454519,454591,1,0.000
1780752630.303,155.750,454519,454591,1,0.000
1780752630.355,155.801,454519,454591,1,0.000
1780752630.406,155.852,454519,454591,1,0.000
1780752630.457,155.904,454519,454591,1,0.000
1780752630.508,155.955,454519,454591,1,0.000
1780752630.559,156.006,454519,454591,1,0.000
1780752630.611,156.057,454519,454591,1,0.000
1780752630.662,156.109,454519,454591,1,0.000
1780752630.713,156.160,454519,454591,1,0.000
1780752630.764,156.211,454519,454591,1,0.000
1780752630.815,156.262,454519,454591,1,0.000
1780752630.867,156.313,454519,454591,1,0.000
1780752630.918,156.364,454519,454591,1,0.000
1780752630.970,156.417,454519,454591,1,38.379
1780752631.023,156.470,454519,454591,3,94.321
1780752631.075,156.522,454519,454591,3,95.084
1780752631.128,156.575,454519,454591,3,114.152
1780752631.182,156.628,454519,454591,3,93.337
1780752631.234,156.681,454519,454591,3,95.145
1780752631.287,156.734,454519,454591,3,94.405
1780752631.340,156.787,454519,454591,3,94.231
1780752631.402,156.849,454519,454591,3,97.165
1780752631.452,156.899,454519,454591,3,0.000
1780752631.503,156.949,454519,454591,3,0.000
1780752631.553,157.000,454519,454591,3,0.000
1780752631.603,157.050,454519,454591,3,0.000
1780752631.653,157.100,454519,454591,3,0.000
1780752631.704,157.150,454519,454591,3,0.000
1780752631.754,157.201,454519,454591,3,0.000
1780752631.804,157.251,454519,454591,3,0.000
1780752631.854,157.301,454519,454591,3,0.000
1780752631.905,157.351,454519,454591,3,0.000
1780752631.955,157.402,454519,454591,3,0.000
1780752632.006,157.452,454519,454591,3,0.000
1780752632.056,157.502,454519,454591,3,0.000
1780752632.106,157.553,454519,454591,3,0.000
1780752632.156,157.603,454519,454591,3,0.000
1780752632.207,157.653,454519,454591,3,0.000
1780752632.257,157.704,454519,454591,3,0.000
1780752632.307,157.754,454519,454591,3,0.000
1780752632.357,157.804,454519,454591,3,0.000
1780752632.408,157.854,454519,454591,3,0.000
1780752632.458,157.905,454519,454591,3,0.000
1780752632.508,157.955,454519,454591,3,0.000
1780752632.558,158.005,454519,454591,3,0.000
1780752632.609,158.055,454519,454591,3,0.000
1780752632.659,158.105,454519,454591,3,0.000
1780752632.709,158.156,454519,454591,3,0.000
1780752632.759,158.206,454519,454591,3,0.000
1780752632.810,158.256,454519,454591,3,0.000
1780752632.860,158.306,454519,454591,3,0.000
1780752632.910,158.357,454519,454591,3,0.000
1780752632.960,158.407,454519,454591,3,0.000
1780752633.011,158.457,454519,454591,3,0.000
1780752633.061,158.507,454519,454591,3,0.000
1780752633.111,158.558,454519,454591,3,0.000
1780752633.161,158.608,454519,454591,3,0.000
1780752633.212,158.658,454519,454591,3,0.000
1780752633.262,158.708,454519,454591,3,0.000
1780752633.312,158.759,454519,454591,3,0.000
1780752633.362,158.809,454519,454591,3,0.000
1780752633.413,158.859,454519,454591,3,0.000
1780752633.463,158.909,454519,454591,3,0.000
1780752633.513,158.960,454519,454591,3,0.000
1780752633.985,159.432,454519,454591,3,2.117
1780752634.036,159.482,454519,454591,3,0.000
1780752634.086,159.533,454519,454591,3,0.000
1780752634.136,159.583,454519,454591,3,0.000
1780752634.187,159.633,454519,454591,3,0.000
1780752634.237,159.684,454519,454591,3,0.000
1780752634.287,159.734,454519,454591,3,0.000
1780752634.337,159.784,454519,454591,3,0.000
1780752634.388,159.834,454519,454591,3,0.000
1780752634.438,159.885,454519,454591,3,0.000
1780752634.488,159.935,454519,454591,3,0.000
1780752634.538,159.985,454519,454591,3,0.000
1780752634.589,160.035,454519,454591,3,0.000
1780752634.639,160.086,454519,454591,3,0.000
1780752634.689,160.136,454519,454591,3,0.000
1780752634.739,160.186,454519,454591,3,0.000
1780752634.790,160.236,454519,454591,3,0.000
1780752634.840,160.287,454519,454591,3,0.000
1780752634.890,160.337,454519,454591,3,0.000
1780752634.940,160.387,454519,454591,3,0.000
1780752634.991,160.437,454519,454591,3,0.000
1780752635.041,160.488,454519,454591,3,0.000
1780752635.091,160.538,454519,454591,3,0.000
1780752635.141,160.588,454519,454591,3,0.000
1780752635.192,160.638,454519,454591,3,0.000
1780752635.242,160.689,454519,454591,3,0.000
1780752635.292,160.739,454519,454591,3,0.000
1780752635.343,160.789,454519,454591,3,0.000
1780752635.393,160.840,454519,454591,3,0.000
1780752635.443,160.890,454519,454591,3,0.000
1780752635.494,160.940,454519,454591,3,0.000
1780752635.544,160.991,454519,454591,3,0.000
1780752635.595,161.041,454519,454591,3,0.000
1780752635.645,161.092,454519,454591,3,0.000
1780752635.695,161.142,454519,454591,3,0.000
1780752635.746,161.192,454519,454591,3,0.000
1780752635.796,161.243,454519,454591,3,0.000
1780752635.846,161.293,454519,454591,3,0.000
1780752635.897,161.343,454519,454591,3,0.000
1780752635.947,161.394,454519,454591,3,0.000
1780752635.997,161.444,454519,454591,3,0.000
1780752636.048,161.494,454519,454591,3,0.000
1780752636.098,161.545,454519,454591,3,0.000
1780752636.149,161.595,454519,454591,3,0.000
1780752636.199,161.646,454519,454591,3,0.000
1780752636.249,161.696,454519,454591,3,0.000
1780752636.300,161.746,454519,454591,3,0.000
1780752636.350,161.797,454519,454591,3,0.000
1780752636.400,161.847,454519,454591,3,0.000
1780752636.451,161.897,454519,454591,3,0.000
1780752636.501,161.948,454519,454591,3,0.000
1780752636.551,161.998,454519,454591,3,0.000
1780752636.602,162.048,454519,454591,3,0.000
1780752636.652,162.099,454519,454591,3,0.000
1780752636.702,162.149,454519,454591,3,0.000
1780752636.753,162.199,454519,454591,3,0.000
1780752636.803,162.250,454519,454591,3,0.000
1780752636.853,162.300,454519,454591,3,0.000
1780752636.904,162.350,454519,454591,3,0.000
1780752636.954,162.401,454519,454591,3,0.000
1780752637.005,162.451,454519,454591,3,0.000
1780752637.055,162.502,454519,454591,3,0.000
1780752637.105,162.552,454519,454591,3,0.000
1780752637.156,162.602,454519,454591,3,0.000
1780752637.206,162.653,454519,454591,3,0.000
1780752637.256,162.703,454519,454591,3,0.000
1780752637.307,162.753,454519,454591,3,0.000
1780752637.357,162.804,454519,454591,3,0.000
1780752637.408,162.854,454519,454591,3,0.000
1780752637.458,162.905,454519,454591,3,0.000
1780752637.508,162.955,454519,454591,3,0.000
1780752637.559,163.005,454519,454591,3,0.000
1780752637.609,163.056,454519,454591,3,0.000
1780752637.659,163.106,454519,454591,3,0.000
1780752637.710,163.156,454519,454591,3,0.000
1780752637.760,163.207,454519,454591,3,0.000
1780752637.810,163.257,454519,454591,3,0.000
1780752637.861,163.307,454519,454591,3,0.000
1780752637.911,163.358,454519,454591,3,0.000
1780752637.961,163.408,454519,454591,3,0.000
1780752638.012,163.458,454519,454591,3,0.000
1780752638.062,163.509,454519,454591,3,0.000
1780752638.112,163.559,454519,454591,3,0.000
1780752638.163,163.609,454519,454591,3,0.000
1780752638.213,163.660,454519,454591,3,0.000
1780752638.264,163.710,454519,454591,3,0.000
1780752638.314,163.761,454519,454591,3,0.000
1780752638.364,163.811,454519,454591,3,0.000
1780752638.415,163.861,454519,454591,3,0.000
1780752638.465,163.912,454519,454591,3,0.000
1780752638.515,163.962,454519,454591,3,0.000
1780752639.590,165.037,454519,454591,3,0.000
1780752662.145,187.592,454519,454591,3,0.044
1780752662.196,187.643,454519,454591,3,0.000
1780752662.246,187.693,454519,454591,3,0.000
1780752662.297,187.743,454519,454591,3,0.000
1780752662.347,187.794,454519,454591,3,0.000
1780752662.397,187.844,454519,454591,3,0.000
1780752662.448,187.894,454519,454591,3,0.000
1780752662.498,187.945,454519,454591,3,0.000
1780752662.549,187.995,454519,454591,3,0.000
1780752662.599,188.046,454519,454591,3,0.000
1780752662.649,188.096,454519,454591,3,0.000
1780752662.700,188.146,454519,454591,3,0.000
1780752662.750,188.197,454519,454591,3,0.000
1780752662.800,188.247,454519,454591,3,0.000
1780752662.851,188.297,454519,454591,3,0.000
1780752662.901,188.348,454519,454591,3,0.000
1780752662.951,188.398,454519,454591,3,0.000
1780752663.002,188.448,454519,454591,3,0.000
1780752663.053,188.500,454519,454591,3,0.000
1780752663.104,188.550,454519,454591,3,0.000
1780752663.154,188.601,454519,454591,3,0.000
1780752663.205,188.651,454519,454591,3,0.000
1780752663.255,188.702,454519,454591,3,0.000
1780752663.305,188.752,454519,454591,3,0.000
1780752663.356,188.802,454519,454591,3,0.000
1780752663.406,188.853,454519,454591,3,0.000
1780752663.456,188.903,454519,454591,3,0.000
1780752663.507,188.953,454519,454591,3,0.000
1780752663.557,189.004,454519,454591,3,0.000
1780752663.607,189.054,454519,454591,3,0.000
1780752663.658,189.104,454519,454591,3,0.000
1780752663.708,189.155,454519,454591,3,0.000
1780752663.758,189.205,454519,454591,3,0.000
1780752663.809,189.255,454519,454591,3,0.000
1780752663.859,189.306,454519,454591,3,0.000
1780752663.910,189.356,454519,454591,3,0.000
1780752663.960,189.407,454519,454591,3,0.000
1780752664.010,189.457,454519,454591,3,0.000
1780752664.061,189.507,454519,454591,3,0.000
1780752664.111,189.558,454519,454591,3,0.000
1780752664.161,189.608,454519,454591,3,0.000
1780752664.212,189.658,454519,454591,3,0.000
1780752664.262,189.709,454519,454591,3,0.000
1780752664.312,189.759,454519,454591,3,0.000
1780752664.363,189.809,454519,454591,3,0.000
1780752664.413,189.860,454519,454591,3,0.000
1780752664.464,189.910,454519,454591,3,0.000
1780752664.514,189.961,454519,454591,3,0.000
1780752664.564,190.011,454519,454591,3,0.000
1780752664.615,190.061,454519,454591,3,0.000
1780752664.665,190.112,454519,454591,3,0.000
1780752664.716,190.162,454519,454591,3,0.000
1780752664.766,190.213,454519,454591,3,0.000
1780752664.817,190.263,454519,454591,3,0.000
1780752664.867,190.314,454519,454591,3,0.000
1780752664.917,190.364,454519,454591,3,0.000
1780752664.968,190.414,454519,454591,3,0.000
1780752665.018,190.465,454519,454591,3,0.000
1780752665.068,190.515,454519,454591,3,0.000
1780752665.119,190.565,454519,454591,3,0.000
1780752665.169,190.616,454519,454591,3,0.000
1780752665.219,190.666,454519,454591,3,0.000
1780752665.270,190.716,454519,454591,3,0.000
1780752665.320,190.767,454519,454591,3,0.000
1780752665.371,190.817,454519,454591,3,0.000
1780752665.421,190.868,454519,454591,3,0.000
1780752665.471,190.918,454519,454591,3,0.000
1780752665.522,190.968,454519,454591,3,0.000
1780752665.572,191.019,454519,454591,3,0.000
1780752665.622,191.069,454519,454591,3,0.000
1780752665.673,191.119,454519,454591,3,0.000
1780752665.723,191.170,454519,454591,3,0.000
1780752665.773,191.220,454519,454591,3,0.000
1780752665.824,191.270,454519,454591,3,0.000
1780752665.874,191.321,454519,454591,3,0.000
1780752665.924,191.371,454519,454591,3,0.000
1780752665.975,191.422,454519,454591,3,0.000
1780752666.025,191.472,454519,454591,3,0.000
1780752666.076,191.522,454519,454591,3,0.000
1780752666.126,191.573,454519,454591,3,0.000
1780752666.176,191.623,454519,454591,3,0.000
1780752666.227,191.673,454519,454591,3,0.000
1780752666.277,191.724,454519,454591,3,0.000
1780752666.327,191.774,454519,454591,3,0.000
1780752666.378,191.824,454519,454591,3,0.000
1780752666.428,191.875,454519,454591,3,0.000
1780752666.478,191.925,454519,454591,3,0.000
1780752666.529,191.975,454519,454591,3,0.000
1780752666.579,192.026,454519,454591,3,0.000
1780752666.629,192.076,454519,454591,3,0.000
1780752666.680,192.126,454519,454591,3,0.000
1780752666.730,192.177,454519,454591,3,0.000
1780752666.781,192.227,454519,454591,3,0.000
1780752666.831,192.277,454519,454591,3,0.000
1780752666.881,192.328,454519,454591,3,0.000
1780752666.932,192.378,454519,454591,3,0.000
1780752666.982,192.429,454519,454591,3,0.000
1780752667.032,192.479,454519,454591,3,0.000
1780752667.083,192.529,454519,454591,3,0.000
1780752667.133,192.580,454519,454591,3,0.000
1780752667.183,192.630,454519,454591,3,0.000
1780752667.234,192.680,454519,454591,3,0.000
1780752667.284,192.731,454519,454591,3,0.000
1780752667.334,192.781,454519,454591,3,0.000
1780752667.385,192.831,454519,454591,3,0.000
1780752667.435,192.882,454519,454591,3,0.000
1780752667.486,192.932,454519,454591,3,0.000
1780752667.536,192.983,454519,454591,3,0.000
1780752667.586,193.033,454519,454591,3,0.000
1780752667.637,193.083,454519,454591,3,0.000
1780752667.687,193.134,454519,454591,3,0.000
1780752667.737,193.184,454519,454591,3,0.000
1780752667.788,193.234,454519,454591,3,0.000
1780752667.838,193.285,454519,454591,3,0.000
1780752667.888,193.335,454519,454591,3,0.000
1780752667.939,193.385,454519,454591,3,0.000
1780752667.989,193.436,454519,454591,3,0.000
1780752668.040,193.486,454519,454591,3,0.000
1780752668.090,193.537,454519,454591,3,0.000
1780752668.140,193.587,454519,454591,3,0.000
1780752668.191,193.637,454519,454591,3,0.000
1780752668.241,193.688,454519,454591,3,0.000
1780752668.291,193.738,454519,454591,3,0.000
1780752668.342,193.788,454519,454591,3,0.000
1780752668.392,193.839,454519,454591,3,0.000
1780752668.442,193.889,454519,454591,3,0.000
1780752668.493,193.939,454519,454591,3,0.000
1780752668.543,193.990,454519,454591,3,0.000
1780752668.593,194.040,454519,454591,3,0.000
1780752668.644,194.090,454519,454591,3,0.000
1780752668.694,194.141,454519,454591,3,0.000
1780752668.745,194.191,454519,454591,3,0.000
1780752668.795,194.242,454519,454591,3,0.000
1780752668.845,194.292,454519,454591,3,0.000
1780752668.896,194.342,454519,454591,3,0.000
1780752668.946,194.393,454519,454591,3,0.000
1780752668.996,194.443,454519,454591,3,0.000
1780752669.047,194.493,454519,454591,3,0.000
1780752669.097,194.544,454519,454591,3,0.000
1780752669.147,194.594,454519,454591,3,0.000
1780752669.198,194.644,454519,454591,3,0.000
1780752669.248,194.695,454519,454591,3,0.000
1780752669.299,194.745,454519,454591,3,0.000
1780752669.349,194.795,454519,454591,3,0.000
1780752669.399,194.846,454519,454591,3,0.000
1780752669.450,194.896,454519,454591,3,0.000
1780752669.500,194.947,454519,454591,3,0.000
1780752669.550,194.997,454519,454591,3,0.000
1780752669.601,195.047,454519,454591,3,0.000
1780752669.651,195.098,454519,454591,3,0.000
1780752669.701,195.148,454519,454591,3,0.000
1780752669.752,195.198,454519,454591,3,0.000
1780752669.802,195.249,454519,454591,3,0.000
1780752669.852,195.299,454519,454591,3,0.000
1780752669.903,195.349,454519,454591,3,19.858
1780752669.953,195.400,454519,454591,3,0.000
1780752670.004,195.450,454519,454591,3,0.000
1780752670.054,195.501,454519,454591,3,0.000
1780752670.104,195.551,454519,454591,3,0.000
1780752670.155,195.601,454519,454591,3,0.000
1780752670.205,195.652,454519,454591,3,0.000
1780752670.255,195.702,454519,454591,3,0.000
1780752670.306,195.752,454519,454591,3,0.000
1780752670.356,195.803,454519,454591,3,0.000
1780752670.406,195.853,454519,454591,3,0.000
1780752670.457,195.903,454519,454591,3,0.000
1780752670.507,195.954,454519,454591,3,0.000
1780752670.558,196.004,454519,454591,3,0.000
1780752670.608,196.055,454519,454591,3,0.000
1780752670.658,196.105,454519,454591,3,0.000
1780752670.709,196.155,454519,454591,3,0.000
1780752670.759,196.206,454519,454591,3,0.000
1780752670.809,196.256,454519,454591,3,0.000
1780752670.860,196.306,454519,454591,3,0.000
1780752670.910,196.357,454519,454591,3,0.000
1780752670.960,196.407,454519,454591,3,0.000
1780752671.011,196.457,454519,454591,3,0.000
1780752671.061,196.508,454519,454591,3,0.000
1780752671.111,196.558,454519,454591,3,0.000
1780752671.162,196.608,454519,454591,3,0.000
1780752671.212,196.659,454519,454591,3,0.000
1780752671.263,196.709,454519,454591,3,0.000
1780752671.313,196.760,454519,454591,3,0.000
1780752671.363,196.810,454519,454591,3,0.000
1780752671.414,196.860,454519,454591,3,0.000
1780752671.464,196.911,454519,454591,3,0.000
1780752671.514,196.961,454519,454591,3,0.000
1780752671.565,197.011,454519,454591,3,0.000
1780752671.615,197.062,454519,454591,3,0.000
1780752671.665,197.112,454519,454591,3,0.000
1780752671.716,197.162,454519,454591,3,0.000
1780752671.766,197.213,454519,454591,3,0.000
1780752671.816,197.263,454519,454591,3,0.000
1780752671.867,197.313,454519,454591,3,0.000
1780752671.917,197.364,454519,454591,3,0.000
1780752671.968,197.414,454519,454591,3,0.000
1780752672.018,197.465,454519,454591,3,0.000
1780752672.068,197.515,454519,454591,3,0.000
1780752672.119,197.565,454519,454591,3,0.000
1780752672.169,197.616,454519,454591,3,0.000
1780752672.219,197.666,454519,454591,3,0.000
1780752672.270,197.716,454519,454591,3,0.000
1780752672.320,197.767,454519,454591,3,0.000
1780752672.371,197.817,454519,454591,3,0.000
1780752672.421,197.868,454519,454591,3,0.000
1780752672.471,197.918,454519,454591,3,0.000
1780752672.522,197.968,454519,454591,3,0.000
1780752672.572,198.019,454519,454591,3,0.000
1780752672.622,198.069,454519,454591,3,0.000
1780752672.673,198.119,454519,454591,3,0.000
1780752672.723,198.170,454519,454591,3,0.000
1780752672.773,198.220,454519,454591,3,0.000
1780752672.824,198.271,454519,454591,3,0.000
1780752672.874,198.321,454519,454591,3,0.000
1780752672.925,198.371,454519,454591,3,0.000
1780752672.975,198.422,454519,454591,3,0.000
1780752673.026,198.472,454519,454591,3,0.000
1780752673.076,198.523,454519,454591,3,0.000
1780752673.126,198.573,454519,454591,3,0.000
1780752673.177,198.623,454519,454591,3,0.000
1780752673.227,198.674,454519,454591,3,0.000
1780752673.277,198.724,454519,454591,3,0.000
1780752673.328,198.774,454519,454591,3,0.000
1780752673.378,198.825,454519,454591,3,0.000
1780752673.428,198.875,454519,454591,3,0.000
1780752673.479,198.925,454519,454591,3,0.000
1780752673.529,198.976,454519,454591,3,0.000
1780752673.579,199.026,454519,454591,3,0.000
1780752673.630,199.076,454519,454591,3,0.000
1780752673.680,199.127,454519,454591,3,0.000
1780752673.731,199.177,454519,454591,3,0.000
1780752673.781,199.228,454519,454591,3,0.000
1780752673.831,199.278,454519,454591,3,0.000
1780752673.882,199.328,454519,454591,3,0.000
1780752673.932,199.379,454519,454591,3,0.000
1780752673.982,199.429,454519,454591,3,0.000
1780752674.033,199.479,454519,454591,3,0.000
1780752674.083,199.530,454519,454591,3,0.000
1780752674.134,199.580,454519,454591,3,0.000
1780752674.184,199.631,454519,454591,3,0.000
1780752674.234,199.681,454519,454591,3,0.000
1780752674.285,199.731,454519,454591,3,0.000
1780752674.335,199.782,454519,454591,3,0.000
1780752674.385,199.832,454519,454591,3,0.000
1780752674.436,199.882,454519,454591,3,0.000
1780752674.486,199.933,454519,454591,3,0.000
1780752674.536,199.983,454519,454591,3,0.000
1780752674.587,200.033,454519,454591,3,0.000
1780752674.637,200.084,454519,454591,3,0.000
1780752674.687,200.134,454519,454591,3,0.000
1780752674.738,200.184,454519,454591,3,0.000
1780752674.788,200.235,454519,454591,3,0.000
1780752674.838,200.285,454519,454591,3,0.000
1780752674.889,200.335,454519,454591,3,0.000
1780752674.939,200.386,454519,454591,3,0.000
1780752674.990,200.436,454519,454591,3,0.000
1780752675.040,200.487,454519,454591,3,0.000
1780752675.090,200.537,454519,454591,3,0.000
1780752675.141,200.587,454519,454591,3,0.000
1780752675.191,200.638,454519,454591,3,0.000
1780752675.241,200.688,454519,454591,3,0.000
1780752675.292,200.738,454519,454591,3,0.000
1780752675.342,200.789,454519,454591,3,0.000
1780752675.393,200.839,454519,454591,3,0.000
1780752675.443,200.890,454519,454591,3,0.000
1780752675.493,200.940,454519,454591,3,0.000
1780752675.544,200.990,454519,454591,3,0.000
1780752675.594,201.041,454519,454591,3,0.000
1780752675.644,201.091,454519,454591,3,0.000
1780752675.695,201.141,454519,454591,3,0.000
1780752675.745,201.192,454519,454591,3,0.000
1780752675.795,201.242,454519,454591,3,0.000
1780752675.846,201.292,454519,454591,3,0.000
1780752675.896,201.343,454519,454591,3,0.000
1780752675.946,201.393,454519,454591,3,0.000
1780752675.997,201.443,454519,454591,3,0.000
1780752676.047,201.494,454519,454591,3,0.000
1780752676.098,201.544,454519,454591,3,0.000
1780752676.148,201.595,454519,454591,3,0.000
1780752676.198,201.645,454519,454591,3,0.000
1780752676.249,201.695,454519,454591,3,0.000
1780752676.299,201.746,454519,454591,3,0.000
1780752676.350,201.796,454519,454591,3,0.000
1780752676.400,201.847,454519,454591,3,0.000
1780752676.450,201.897,454519,454591,3,0.000
1780752676.501,201.947,454519,454591,3,0.000
1780752676.551,201.998,454519,454591,3,0.000
1780752676.601,202.048,454519,454591,3,0.000
1780752676.652,202.098,454519,454591,3,0.000
1780752676.702,202.149,454519,454591,3,0.000
1780752676.752,202.199,454519,454591,3,0.000
1780752676.803,202.249,454519,454591,3,0.000
1780752676.853,202.300,454519,454591,3,0.000
1780752676.903,202.350,454519,454591,3,0.000
1780752676.954,202.401,454519,454591,3,0.000
1780752677.004,202.451,454519,454591,3,0.000
1780752677.055,202.501,454519,454591,3,0.000
1780752677.105,202.552,454519,454591,3,0.000
1780752677.156,202.602,454519,454591,3,0.000
1780752677.206,202.653,454519,454591,3,0.000
1780752677.256,202.703,454519,454591,3,0.000
1780752677.307,202.753,454519,454591,3,0.000
1780752677.357,202.804,454519,454591,3,0.000
1780752677.407,202.854,454519,454591,3,0.000
1780752677.458,202.904,454519,454591,3,0.000
1780752677.508,202.955,454519,454591,3,0.000
1780752700.734,226.180,454519,454591,3,0.000
1780752701.395,226.842,454519,454591,3,0.000
1780752701.446,226.893,454519,454591,3,0.000
1780752701.496,226.943,454519,454591,3,0.000
1780752701.547,226.993,454519,454591,3,0.000
1780752701.597,227.044,454519,454591,3,0.000
1780752701.647,227.094,454519,454591,3,0.000
1780752701.698,227.144,454519,454591,3,0.000
1780752701.748,227.194,454519,454591,3,0.000
1780752701.798,227.245,454519,454591,3,0.000
1780752701.848,227.295,454519,454591,3,0.000
1780752701.899,227.345,454519,454591,3,0.000
1780752701.949,227.396,454519,454591,3,0.000
1780752702.000,227.446,454519,454591,3,0.000
1780752702.050,227.497,454519,454591,3,0.000
1780752702.100,227.547,454519,454591,3,0.000
1780752702.151,227.597,454519,454591,3,0.000
1780752702.201,227.648,454519,454591,3,0.000
1780752702.251,227.698,454519,454591,3,0.000
1780752702.301,227.748,454519,454591,3,0.000
1780752702.352,227.798,454519,454591,3,0.000
1780752702.402,227.849,454519,454591,3,0.000
1780752702.452,227.899,454519,454591,3,0.000
1780752702.503,227.949,454519,454591,3,0.000
1780752702.553,228.000,454519,454591,3,0.000
1780752702.603,228.050,454519,454591,3,0.000
1780752702.654,228.100,454519,454591,3,0.000
1780752702.704,228.151,454519,454591,3,0.000
1780752702.754,228.201,454519,454591,3,0.000
1780752702.805,228.251,454519,454591,3,0.000
1780752702.855,228.302,454519,454591,3,0.000
1780752702.905,228.352,454519,454591,3,0.000
1780752702.956,228.402,454519,454591,3,0.000
1780752703.006,228.453,454519,454591,3,0.000
1780752703.056,228.503,454519,454591,3,0.000
1780752703.107,228.553,454519,454591,3,0.000
1780752703.157,228.604,454519,454591,3,0.000
1780752703.207,228.654,454519,454591,3,0.000
1780752703.258,228.704,454519,454591,3,0.000
1780752703.308,228.754,454519,454591,3,0.000
1780752703.358,228.805,454519,454591,3,0.000
1780752703.408,228.855,454519,454591,3,0.000
1780752703.459,228.905,454519,454591,3,0.000
1780752703.509,228.956,454519,454591,3,0.000
1780752703.559,229.006,454519,454591,3,0.000
1780752703.610,229.056,454519,454591,3,0.000
1780752703.660,229.107,454519,454591,3,0.000
1780752703.710,229.157,454519,454591,3,0.000
1780752703.761,229.207,454519,454591,3,0.000
1780752703.811,229.258,454519,454591,3,0.000
1780752703.861,229.308,454519,454591,3,0.000
1780752703.912,229.358,454519,454591,3,0.000
1780752703.962,229.409,454519,454591,3,0.000
1780752704.012,229.459,454519,454591,3,0.000
1780752704.063,229.509,454519,454591,3,0.000
1780752704.113,229.560,454519,454591,3,0.000
1780752704.163,229.610,454519,454591,3,0.000
1780752704.214,229.660,454519,454591,3,0.000
1780752704.264,229.711,454519,454591,3,0.000
1780752704.314,229.761,454519,454591,3,0.000
1780752704.365,229.811,454519,454591,3,0.000
1780752704.415,229.862,454519,454591,3,0.000
1780752704.465,229.912,454519,454591,3,0.000
1780752704.516,229.962,454519,454591,3,0.000
1780752704.566,230.013,454519,454591,3,0.000
1780752704.616,230.063,454519,454591,3,0.000
1780752704.667,230.113,454519,454591,3,0.000
1780752704.717,230.163,454519,454591,3,0.000
1780752704.767,230.214,454519,454591,3,0.000
1780752704.818,230.264,454519,454591,3,0.000
1780752704.868,230.314,454519,454591,3,0.000
1780752704.918,230.365,454519,454591,3,0.000
1780752704.969,230.415,454519,454591,3,0.000
1780752705.019,230.465,454519,454591,3,0.000
1780752705.069,230.516,454519,454591,3,0.000
1780752705.119,230.566,454519,454591,3,0.000
1780752705.170,230.616,454519,454591,3,0.000
1780752705.220,230.667,454519,454591,3,0.000
1780752705.270,230.717,454519,454591,3,0.000
1780752705.321,230.767,454519,454591,3,0.000
1780752705.371,230.818,454519,454591,3,0.000
1780752705.421,230.868,454519,454591,3,0.000
1780752705.472,230.918,454519,454591,3,0.000
1780752705.522,230.969,454519,454591,3,0.000
1780752705.572,231.019,454519,454591,3,0.000
1780752705.623,231.069,454519,454591,3,0.000
1780752705.673,231.120,454519,454591,3,0.000
1780752705.723,231.170,454519,454591,3,0.000
1780752705.774,231.220,454519,454591,3,0.000
1780752705.824,231.271,454519,454591,3,0.000
1780752705.874,231.321,454519,454591,3,0.000
1780752705.925,231.371,454519,454591,3,0.000
1780752705.975,231.422,454519,454591,3,0.000
1780752706.025,231.472,454519,454591,3,0.000
1780752706.076,231.522,454519,454591,3,0.000
1780752706.126,231.573,454519,454591,3,0.000
1780752706.176,231.623,454519,454591,3,0.000
1780752706.227,231.673,454519,454591,3,0.000
1780752706.277,231.724,454519,454591,3,0.000
1780752706.327,231.774,454519,454591,3,0.000
1780752706.378,231.824,454519,454591,3,19.879
1780752706.428,231.875,454519,454591,3,0.000
1780752706.478,231.925,454519,454591,3,0.000
1780752706.529,231.975,454519,454591,3,0.000
1780752706.579,232.026,454519,454591,3,0.000
1780752706.629,232.076,454519,454591,3,0.000
1780752706.680,232.126,454519,454591,3,0.000
1780752706.730,232.177,454519,454591,3,0.000
1780752706.780,232.227,454519,454591,3,0.000
1780752706.831,232.277,454519,454591,3,0.000
1780752706.881,232.327,454519,454591,3,0.000
1780752706.931,232.378,454519,454591,3,0.000
1780752706.981,232.428,454519,454591,3,0.000
1780752707.032,232.478,454519,454591,3,0.000
1780752707.082,232.529,454519,454591,3,0.000
1780752707.133,232.579,454519,454591,3,0.000
1780752707.183,232.630,454519,454591,3,0.000
1780752707.233,232.680,454519,454591,3,0.000
1780752707.284,232.730,454519,454591,3,0.000
1780752707.334,232.780,454519,454591,3,0.000
1780752707.384,232.831,454519,454591,3,0.000
1780752707.435,232.881,454519,454591,3,0.000
1780752707.485,232.931,454519,454591,3,0.000
1780752707.535,232.982,454519,454591,3,0.000
1780752707.585,233.032,454519,454591,3,0.000
1780752707.636,233.082,454519,454591,3,0.000
1780752707.686,233.133,454519,454591,3,0.000
1780752707.736,233.183,454519,454591,3,0.000
1780752707.787,233.233,454519,454591,3,0.000
1780752707.837,233.284,454519,454591,3,0.000
1780752707.887,233.334,454519,454591,3,0.000
1780752707.938,233.384,454519,454591,3,0.000
1780752707.988,233.435,454519,454591,3,0.000
1780752708.038,233.485,454519,454591,3,0.000
1780752708.089,233.535,454519,454591,3,0.000
1780752708.139,233.586,454519,454591,3,0.000
1780752708.189,233.636,454519,454591,3,0.000
1780752708.240,233.686,454519,454591,3,0.000
1780752708.290,233.737,454519,454591,3,0.000
1780752708.340,233.787,454519,454591,3,0.000
1780752708.391,233.837,454519,454591,3,0.000
1780752708.441,233.888,454519,454591,3,0.000
1780752708.491,233.938,454519,454591,3,0.000
1780752708.542,233.988,454519,454591,3,0.000
1780752708.592,234.039,454519,454591,3,0.000
1780752708.642,234.089,454519,454591,3,0.000
1780752708.693,234.139,454519,454591,3,0.000
1780752708.743,234.190,454519,454591,3,0.000
1780752708.793,234.240,454519,454591,3,0.000
1780752708.843,234.290,454519,454591,3,0.000
1780752708.894,234.340,454519,454591,3,0.000
1780752708.944,234.391,454519,454591,3,0.000
1780752708.994,234.441,454519,454591,3,0.000
1780752709.045,234.491,454519,454591,3,0.000
1780752709.095,234.542,454519,454591,3,0.000
1780752709.145,234.592,454519,454591,3,0.000
1780752709.196,234.642,454519,454591,3,0.000
1780752709.246,234.693,454519,454591,3,0.000
1780752709.296,234.743,454519,454591,3,0.000
1780752709.347,234.793,454519,454591,3,0.000
1780752709.397,234.844,454519,454591,3,0.000
1780752709.447,234.894,454519,454591,3,0.000
1780752709.498,234.944,454519,454591,3,0.000
1780752709.548,234.995,454519,454591,3,0.000
1780752709.598,235.045,454519,454591,3,0.000
1780752709.649,235.095,454519,454591,3,0.000
1780752709.699,235.146,454519,454591,3,0.000
1780752709.750,235.196,454519,454591,3,0.000
1780752709.800,235.247,454519,454591,3,0.000
1780752709.850,235.297,454519,454591,3,0.000
1780752709.901,235.347,454519,454591,3,0.000
1780752709.951,235.397,454519,454591,3,0.000
1780752710.001,235.448,454519,454591,3,0.000
1780752710.052,235.498,454519,454591,3,0.000
1780752710.102,235.549,454519,454591,3,0.000
1780752710.152,235.599,454519,454591,3,0.000
1780752710.203,235.649,454519,454591,3,0.000
1780752710.253,235.699,454519,454591,1,0.000
1780752710.303,235.750,454519,454591,1,0.000
1780752710.353,235.800,454519,454591,1,0.000
1780752710.404,235.850,454519,454591,1,0.000
1780752710.454,235.901,454519,454591,1,0.000
1780752710.504,235.951,454519,454591,1,0.000
1780752710.555,236.001,454519,454591,1,0.000
1780752710.605,236.052,454519,454591,1,0.000
1780752710.655,236.102,454519,454591,1,0.000
1780752710.706,236.152,454519,454591,1,0.000
1780752710.756,236.203,454519,454591,1,0.000
1780752710.806,236.253,454519,454591,1,0.000
1780752710.857,236.303,454519,454591,1,0.000
1780752710.907,236.353,454519,454591,1,0.000
1780752710.957,236.404,454519,454591,1,0.000
1780752711.007,236.454,454519,454591,1,0.000
1780752711.058,236.505,454519,454591,1,0.000
1780752711.108,236.555,454519,454591,1,0.000
1780752711.159,236.605,454519,454591,1,0.000
1780752711.209,236.655,454519,454591,1,0.000
1780752711.259,236.706,454519,454591,1,0.000
1780752711.309,236.756,454519,454591,1,0.000
1780752711.360,236.806,454519,454591,1,0.000
1780752711.410,236.857,454519,454591,1,0.000
1780752711.460,236.907,454519,454591,1,0.000
1780752711.511,236.957,454519,454591,1,0.000
1780752711.561,237.008,454519,454591,1,0.000
1780752711.611,237.058,454519,454591,1,0.000
1780752711.662,237.108,454519,454591,1,0.000
1780752711.712,237.159,454519,454591,1,0.000
1780752711.762,237.209,454519,454591,1,0.000
1780752711.813,237.259,454519,454591,1,0.000
1780752711.863,237.310,454519,454591,1,0.000
1780752711.913,237.360,454519,454591,1,0.000
1780752711.964,237.410,454519,454591,1,0.000
1780752712.014,237.461,454519,454591,1,0.000
1780752712.064,237.511,454519,454591,1,0.000
1780752712.115,237.561,454519,454591,1,0.000
1780752712.165,237.612,454519,454591,1,0.000
1780752712.215,237.662,454519,454591,1,0.000
1780752712.266,237.712,454519,454591,1,0.000
1780752712.316,237.763,454519,454591,1,0.000
1780752712.366,237.813,454519,454591,1,0.000
1780752712.416,237.863,454519,454591,1,0.000
1780752712.467,237.913,454519,454591,1,0.000
1780752712.517,237.964,454519,454591,1,0.000
1780752712.567,238.014,454519,454591,1,0.000
1780752712.618,238.064,454519,454591,1,0.000
1780752712.668,238.115,454519,454591,1,0.000
1780752712.718,238.165,454519,454591,1,0.000
1780752712.769,238.215,454519,454591,1,0.000
1780752712.819,238.266,454519,454591,1,0.000
1780752712.869,238.316,454519,454591,1,0.000
1780752712.920,238.366,454519,454591,1,0.000
1780752712.970,238.417,454519,454591,1,0.000
1780752713.020,238.467,454519,454591,1,0.000
1780752713.071,238.517,454519,454591,1,0.000
1780752713.121,238.568,454519,454591,1,0.000
1780752713.171,238.618,454519,454591,1,0.000
1780752713.222,238.668,454519,454591,1,0.000
1780752713.272,238.719,454519,454591,1,0.000
1780752713.322,238.769,454519,454591,1,0.000
1780752713.373,238.819,454519,454591,1,0.000
1780752713.423,238.869,454519,454591,1,0.000
1780752713.473,238.920,454519,454591,1,0.000
1780752713.523,238.970,454519,454591,1,0.000
1780752713.574,239.020,454519,454591,1,0.000
1780752713.624,239.071,454519,454591,1,0.000
1780752713.674,239.121,454519,454591,1,0.000
1780752713.725,239.171,454519,454591,1,0.000
1780752713.775,239.222,454519,454591,1,0.000
1780752713.825,239.272,454519,454591,1,0.000
1780752713.876,239.322,454519,454591,1,0.000
1780752713.926,239.373,454519,454591,1,0.000
1780752713.976,239.423,454519,454591,1,0.000
1780752714.027,239.473,454519,454591,1,0.000
1780752714.077,239.524,454519,454591,1,0.000
1780752714.127,239.574,454519,454591,1,0.000
1780752714.178,239.624,454519,454591,1,0.000
1780752714.228,239.675,454519,454591,1,0.000
1780752714.278,239.725,454519,454591,1,0.000
1780752714.329,239.775,454519,454591,1,0.000
1780752714.379,239.826,454519,454591,1,0.000
1780752714.429,239.876,454519,454591,1,0.000
1780752714.480,239.926,454519,454591,1,0.000
1780752714.530,239.976,454519,454591,1,0.000
1780752714.580,240.027,454519,454591,1,0.000
1780752714.630,240.077,454519,454591,1,0.000
1780752714.681,240.127,454519,454591,1,0.000
1780752714.731,240.178,454519,454591,1,0.000
1780752714.781,240.228,454519,454591,1,0.000
1780752714.832,240.279,454519,454591,1,0.000
1780752714.882,240.329,454519,454591,1,0.000
1780752714.933,240.379,454519,454591,1,0.000
1780752714.983,240.430,454519,454591,1,0.000
1780752715.033,240.480,454519,454591,1,0.000
1780752715.084,240.530,454519,454591,1,0.000
1780752715.134,240.581,454519,454591,1,0.000
1780752715.184,240.631,454519,454591,1,0.000
1780752715.235,240.681,454519,454591,1,0.000
1780752715.285,240.732,454519,454591,1,0.000
1780752715.335,240.782,454519,454591,1,0.000
1780752715.386,240.832,454519,454591,1,0.000
1780752715.436,240.883,454519,454591,1,0.000
1780752715.486,240.933,454519,454591,1,0.000
1780752715.537,240.983,454519,454591,1,0.000
1780752715.587,241.034,454519,454591,1,0.000
1780752715.637,241.084,454519,454591,1,0.000
1780752715.688,241.134,454519,454591,1,0.000
1780752715.738,241.184,454519,454591,1,0.000
1780752715.788,241.235,454519,454591,1,0.000
1780752715.838,241.285,454519,454591,1,0.000
1780752715.889,241.335,454519,454591,1,0.000
1780752715.939,241.386,454519,454591,1,0.000
1780752715.989,241.436,454519,454591,1,0.000
1780752716.040,241.486,454519,454591,1,0.000
1780752716.090,241.537,454519,454591,1,0.000
1780752716.140,241.587,454519,454591,1,0.000
1780752716.191,241.637,454519,454591,1,0.000
1780752716.241,241.688,454519,454591,1,0.000
1780752716.291,241.738,454519,454591,1,0.000
1780752716.342,241.788,454519,454591,1,0.000
1780752716.392,241.839,454519,454591,1,0.000
1780752716.442,241.889,454519,454591,1,0.000
1780752716.493,241.939,454519,454591,1,0.000
1780752716.543,241.989,454519,454591,1,0.000
1780752716.593,242.040,454519,454591,1,0.000
1780752716.643,242.090,454519,454591,1,0.000
1780752716.694,242.140,454519,454591,1,0.000
1780752716.744,242.191,454519,454591,1,0.000
1780752716.794,242.241,454519,454591,1,0.000
1780752716.845,242.291,454519,454591,1,0.000
1780752716.895,242.342,454519,454591,1,0.000
1780752716.945,242.392,454519,454591,1,0.000
1780752716.996,242.442,454519,454591,1,0.000
1780752717.046,242.493,454519,454591,1,0.000
1780752717.096,242.543,454519,454591,1,0.000
1780752717.147,242.593,454519,454591,1,0.000
1780752717.197,242.644,454519,454591,1,0.000
1780752717.247,242.694,454519,454591,1,0.000
1780752717.298,242.744,454519,454591,1,0.000
1780752717.348,242.794,454519,454591,1,0.000
1780752717.398,242.845,454519,454591,1,0.000
1780752717.448,242.895,454519,454591,1,0.000
1780752717.499,242.945,454519,454591,1,0.000
1780752717.549,242.996,454519,454591,1,0.000
1780752717.599,243.046,454519,454591,1,0.000
1780752717.650,243.096,454519,454591,1,0.000
1780752717.700,243.147,454519,454591,1,0.000
1780752717.750,243.197,454519,454591,1,0.000
1780752717.801,243.247,454519,454591,1,0.000
1780752731.925,257.372,454519,454591,1,0.000
1780752731.976,257.422,454519,454591,1,0.000
1780752732.026,257.473,454519,454591,1,0.000
1780752732.077,257.523,454519,454591,1,0.000
1780752732.127,257.574,454519,454591,1,0.000
1780752732.177,257.624,454519,454591,1,0.000
1780752732.228,257.674,454519,454591,1,0.000
1780752732.278,257.725,454519,454591,1,0.000
1780752732.328,257.775,454519,454591,1,0.000
1780752732.379,257.825,454519,454591,1,0.000
1780752732.429,257.876,454519,454591,1,0.000
1780752732.479,257.926,454519,454591,1,0.000
1780752732.530,257.976,454519,454591,1,0.000
1780752732.580,258.027,454519,454591,1,0.000
1780752732.630,258.077,454519,454591,1,0.000
1780752732.681,258.127,454519,454591,1,0.000
1780752732.731,258.178,454519,454591,1,0.000
1780752732.781,258.228,454519,454591,1,0.000
1780752732.832,258.278,454519,454591,1,0.000
1780752732.882,258.329,454519,454591,1,0.000
1780752732.932,258.379,454519,454591,1,0.000
1780752732.983,258.429,454519,454591,1,0.000
1780752733.033,258.480,454519,454591,1,0.000
1780752733.083,258.530,454519,454591,1,0.000
1780752733.134,258.580,454519,454591,1,0.000
1780752733.184,258.631,454519,454591,1,0.000
1780752733.234,258.681,454519,454591,1,0.000
1780752733.285,258.731,454519,454591,1,0.000
1780752733.335,258.782,454519,454591,1,0.000
1780752733.385,258.832,454519,454591,1,0.000
1780752733.435,258.882,454519,454591,1,0.000
1780752733.486,258.932,454519,454591,1,0.000
1780752733.536,258.983,454519,454591,1,0.000
1780752733.586,259.033,454519,454591,1,0.000
1780752733.637,259.083,454519,454591,1,0.000
1780752733.687,259.134,454519,454591,1,0.000
1780752733.737,259.184,454519,454591,1,0.000
1780752733.788,259.234,454519,454591,1,0.000
1780752733.838,259.285,454519,454591,1,0.000
1780752733.888,259.335,454519,454591,1,0.000
1780752733.939,259.385,454519,454591,1,0.000
1780752733.989,259.436,454519,454591,1,0.000
1780752734.039,259.486,454519,454591,1,0.000
1780752734.090,259.536,454519,454591,1,0.000
1780752734.140,259.587,454519,454591,1,0.000
1780752734.190,259.637,454519,454591,1,0.000
1780752734.241,259.687,454519,454591,1,0.000
1780752734.291,259.737,454519,454591,1,0.000
1780752734.341,259.788,454519,454591,1,0.000
1780752734.391,259.838,454519,454591,1,0.000
1780752734.442,259.888,454519,454591,1,0.000
1780752734.492,259.939,454519,454591,1,0.000
1780752734.542,259.989,454519,454591,1,0.000
1780752734.593,260.039,454519,454591,1,0.000
1780752734.643,260.090,454519,454591,1,0.000
1780752734.693,260.140,454519,454591,1,0.000
1780752734.744,260.190,454519,454591,1,0.000
1780752734.794,260.241,454519,454591,1,0.000
1780752734.844,260.291,454519,454591,1,0.000
1780752734.895,260.341,454519,454591,1,0.000
1780752734.945,260.391,454519,454591,1,0.000
1780752734.995,260.442,454519,454591,1,0.000
1780752735.046,260.492,454519,454591,1,0.000
1780752735.096,260.543,454519,454591,1,0.000
1780752735.146,260.593,454519,454591,1,0.000
1780752735.197,260.643,454519,454591,1,0.000
1780752735.247,260.694,454519,454591,1,0.000
1780752735.297,260.744,454519,454591,1,0.000
1780752735.348,260.794,454519,454591,1,0.000
1780752735.398,260.844,454519,454591,1,0.000
1780752735.448,260.895,454519,454591,1,0.000
1780752735.498,260.945,454519,454591,1,0.000
1780752735.549,260.995,454519,454591,1,0.000
1780752735.599,261.046,454519,454591,1,0.000
1780752735.649,261.096,454519,454591,1,0.000
1780752735.700,261.146,454519,454591,1,0.000
1780752735.750,261.197,454519,454591,1,0.000
1780752735.800,261.247,454519,454591,1,0.000
1780752735.851,261.297,454519,454591,1,0.000
1780752735.901,261.348,454519,454591,1,0.000
1780752735.951,261.398,454519,454591,1,0.000
1780752736.002,261.448,454519,454591,1,0.000
1780752736.052,261.499,454519,454591,1,0.000
1780752748.821,274.268,454519,454591,1,0.078
1780752750.987,276.433,454519,454591,1,0.000
1780752751.037,276.484,454519,454591,1,0.000
1780752751.088,276.534,454519,454591,1,0.000
1780752751.138,276.585,454519,454591,1,0.000
1780752751.188,276.635,454519,454591,1,0.000
1780752751.239,276.685,454519,454591,1,0.000
1780752751.289,276.736,454519,454591,1,0.000
1780752751.339,276.786,454519,454591,1,0.000
1780752751.389,276.836,454519,454591,1,0.000
1780752751.440,276.886,454519,454591,1,0.000
1780752751.490,276.937,454519,454591,1,0.000
1780752751.540,276.987,454519,454591,1,0.000
1780752751.591,277.037,454519,454591,1,0.000
1780752751.641,277.088,454519,454591,1,0.000
1780752751.691,277.138,454519,454591,1,0.000
1780752751.742,277.188,454519,454591,1,0.000
1780752751.792,277.239,454519,454591,1,0.000
1780752751.842,277.289,454519,454591,1,0.000
1780752751.893,277.339,454519,454591,1,0.000
1780752751.943,277.390,454519,454591,1,0.000
1780752751.993,277.440,454519,454591,1,0.000
1780752752.044,277.490,454519,454591,1,0.000
1780752752.094,277.541,454519,454591,1,0.000
1780752752.144,277.591,454519,454591,1,0.000
1780752752.195,277.641,454519,454591,1,0.000
1780752752.245,277.692,454519,454591,1,0.000
1780752752.295,277.742,454519,454591,1,0.000
1780752752.346,277.792,454519,454591,1,0.000
1780752752.396,277.842,454519,454591,1,0.000
1780752752.446,277.893,454519,454591,1,0.000
1780752752.496,277.943,454519,454591,1,0.000
1780752752.547,277.993,454519,454591,1,0.000
1780752752.597,278.044,454519,454591,1,0.000
1780752752.647,278.094,454519,454591,1,0.000
1780752752.698,278.144,454519,454591,1,0.000
1780752752.748,278.195,454519,454591,1,0.000
1780752752.798,278.245,454519,454591,1,0.000
1780752752.849,278.295,454519,454591,1,0.000
1780752752.899,278.346,454519,454591,1,0.000
1780752752.949,278.396,454519,454591,1,0.000
1780752753.000,278.446,454519,454591,1,0.000
1780752753.050,278.497,454519,454591,1,0.000
1780752753.100,278.547,454519,454591,1,0.000
1780752753.151,278.597,454519,454591,1,0.000
1780752753.201,278.648,454519,454591,1,0.000
1780752753.251,278.698,454519,454591,1,0.000
1780752753.302,278.748,454519,454591,1,0.000
1780752753.352,278.799,454519,454591,1,0.000
1780752753.402,278.849,454519,454591,1,0.000
1780752753.453,278.899,454519,454591,1,0.000
1780752753.503,278.950,454519,454591,1,0.000
1780752753.553,279.000,454519,454591,1,0.000
1780752753.604,279.050,454519,454591,1,0.000
1780752753.654,279.100,454519,454591,1,0.000
1780752753.704,279.151,454519,454591,1,0.000
1780752753.754,279.201,454519,454591,1,0.000
1780752753.805,279.251,454519,454591,1,0.000
1780752753.855,279.302,454519,454591,1,0.000
