t_mono_ns,state,cx_px,cy_px,ex_norm,ey_norm,ex_px,ey_px,centroid_err_px,bbox_ratio,conf,vx,vy,vz,wy,wz
59329235399384,APPROACHING,318.5,258,-0.0046875,0.075,-1.5,18,18.0624,0.508333,0.914636,0.125,0.00703125,0,0,0
59329276473798,APPROACHING,318.5,258,-0.0046875,0.075,-1.5,18,18.0624,0.508333,0.914636,0.125,0.00703125,0,0,0
59329309163462,APPROACHING,318.5,258,-0.0046875,0.075,-1.5,18,18.0624,0.508333,0.914636,0.125,0.00703125,0,0,0
59329350559044,APPROACHING,318.5,258,-0.0046875,0.075,-1.5,18,18.0624,0.508333,0.914636,0.125,0.00703125,0,0,0
59329407718585,APPROACHING,318.5,258,-0.0046875,0.075,-1.5,18,18.0624,0.508333,0.914636,0.125,0.00703125,0,0,0
59329479392582,APPROACHING,318.5,258,-0.0046875,0.075,-1.5,18,18.0624,0.508333,0.914636,0.125,0.00703125,0,0,0
59329540057673,APPROACHING,318.5,258,-0.0046875,0.075,-1.5,18,18.0624,0.508333,0.914636,0.125,0.00703125,0,0,0
59329607084728,APPROACHING,318.5,258,-0.0046875,0.075,-1.5,18,18.0624,0.508333,0.914636,0.125,0.00703125,0,0,0
59329738898647,APPROACHING,374.667,273.667,0.170833,0.140278,54.6667,33.6667,64.2019,0.354167,0.557257,0.5875,-0.25625,-0.210417,0,0
59329783733092,APPROACHING,406,281.625,0.26875,0.173437,86,41.625,95.5439,0.276562,0.577785,0.820313,-0.403125,-0.260156,0,0
59329843190364,APPROACHING,427.1,286.5,0.334688,0.19375,107.1,46.5,116.759,0.230417,0.511201,0.95875,-0.502031,-0.290625,0,0
59329915014343,APPROACHING,465.7,296.1,0.455312,0.23375,145.7,56.1,156.127,0.137917,0.511201,1.23625,-0.682969,-0.350625,0,0
59329974377114,APPROACHING,504.3,305.7,0.575937,0.27375,184.3,65.7,195.66,0.0454167,0.511201,1.51375,-0.863906,-0.410625,0,0
59330044938904,APPROACHING,511.9,305.9,0.599687,0.274583,191.9,65.9,202.9,0.0454167,0.438693,1.51375,-0.899531,-0.411875,0,0
59330158921449,APPROACHING,421.6,305.2,0.3175,0.271667,101.6,65.2,120.721,0.0458333,0.484321,1.5125,-0.47625,-0.4075,0,0
59330280294203,APPROACHING,426.5,305.2,0.332813,0.271667,106.5,65.2,124.873,0.0458333,0.622906,1.5125,-0.499219,-0.4075,0,0
59330335623016,APPROACHING,431.3,305,0.347813,0.270833,111.3,65,128.89,0.0458333,0.570847,1.5125,-0.521719,-0.40625,0,0
59330404113410,APPROACHING,436.1,304.8,0.362813,0.27,116.1,64.8,132.96,0.0458333,0.570847,1.5125,-0.544219,-0.405,0,0
59330497541813,APPROACHING,438.2,304.6,0.369375,0.269167,118.2,64.6,134.701,0.0458333,0.570847,1.5125,-0.554062,-0.40375,0,0
59330542389258,APPROACHING,535.6,305.2,0.67375,0.271667,215.6,65.2,225.243,0.0458333,0.570847,1.5125,-1.01063,-0.4075,0,0
59330831029901,APPROACHING,437,304.2,0.365625,0.2675,117,64.2,133.457,0.0458333,0.729159,1.5125,-0.548437,-0.40125,0,0
59330866092814,APPROACHING,338.3,303.3,0.0571875,0.26375,18.3,63.3,65.8922,0.0454167,0.631637,1.51375,-0.0857813,-0.395625,0,0
59330908388510,APPROACHING,239.6,302.4,-0.25125,0.26,-80.4,62.4,101.774,0.045,0.631637,1.515,0.376875,-0.39,0,0
59330979803969,APPROACHING,140.9,301.5,-0.559688,0.25625,-179.1,61.5,189.365,0.0445833,0.631637,1.51625,0.839531,-0.384375,0,0
59331040286188,APPROACHING,41.9,300.4,-0.869063,0.251667,-278.1,60.4,284.584,0.0441667,0.713244,1.5175,1.30359,-0.3775,0,0
59331098361455,APPROACHING,41.1,300.2,-0.871562,0.250833,-278.9,60.2,285.323,0.0441667,0.670958,1.5175,1.30734,-0.37625,0,0
59331166569367,APPROACHING,40.6,300.1,-0.873125,0.250417,-279.4,60.1,285.791,0.0445833,0.67752,1.51625,1.30969,-0.375625,0,0
59331214007376,APPROACHING,40.1,300,-0.874687,0.25,-279.9,60,286.259,0.045,0.63718,1.515,1.31203,-0.375,0,0
59331286593154,APPROACHING,39.5,299.9,-0.876563,0.249583,-280.5,59.9,286.824,0.0454167,0.799986,1.51375,1.31484,-0.374375,0,0
59331360174972,APPROACHING,39.2,300,-0.8775,0.25,-280.8,60,287.139,0.0458333,0.81552,1.5125,1.31625,-0.375,0,0
59331407548259,APPROACHING,39.3,300,-0.877188,0.25,-280.7,60,287.041,0.0458333,0.771608,1.5125,1.31578,-0.375,0,0
59331500947440,APPROACHING,39.8,299.9,-0.875625,0.249583,-280.2,59.9,286.531,0.0454167,0.654939,1.51375,1.31344,-0.374375,0,0
59331533804882,APPROACHING,40.3,299.8,-0.874062,0.249167,-279.7,59.8,286.021,0.045,0.654939,1.515,1.31109,-0.37375,0,0
59331612375587,APPROACHING,41.3,299.6,-0.870937,0.248333,-278.7,59.6,285.001,0.045,0.719918,1.515,1.30641,-0.3725,0,0
59331659920282,APPROACHING,42.5,299.4,-0.867188,0.2475,-277.5,59.4,283.786,0.045,0.698673,1.515,1.30078,-0.37125,0,0
59331738847618,APPROACHING,43.6,299.2,-0.86375,0.246667,-276.4,59.2,282.669,0.045,0.698673,1.515,1.29562,-0.37,0,0
59331798712872,APPROACHING,44.5,299,-0.860938,0.245833,-275.5,59,281.747,0.0458333,0.575233,1.5125,1.29141,-0.36875,0,0
59331842602851,APPROACHING,45.7,298.8,-0.857187,0.245,-274.3,58.8,280.532,0.0466667,0.697413,1.51,1.28578,-0.3675,0,0
59331912333823,APPROACHING,46.7,298.7,-0.854063,0.244583,-273.3,58.7,279.533,0.0470833,0.681748,1.50875,1.28109,-0.366875,0,0
59332150270058,APPROACHING,48.4,298.4,-0.84875,0.243333,-271.6,58.4,277.808,0.0475,0.74762,1.5075,1.27313,-0.365,0,0
59332194053721,APPROACHING,50.1,298.1,-0.843437,0.242083,-269.9,58.1,276.083,0.0479167,0.74762,1.50625,1.26516,-0.363125,0,0
59332237199402,APPROACHING,51.8,297.9,-0.838125,0.24125,-268.2,57.9,274.379,0.0479167,0.687874,1.50625,1.25719,-0.361875,0,0
59332333242109,APPROACHING,155.7,298.3,-0.513437,0.242917,-164.3,58.3,174.337,0.0479167,0.765228,1.50625,0.770156,-0.364375,0,0
59332410876960,APPROACHING,259.4,298.7,-0.189375,0.244583,-60.6,58.7,84.3685,0.0479167,0.765228,1.50625,0.284063,-0.366875,0,0
59332496150946,APPROACHING,363.1,299.2,0.134688,0.246667,43.1,59.2,73.2274,0.0475,0.71202,1.5075,-0.202031,-0.37,0,0
59332538265956,APPROACHING,466.8,299.7,0.45875,0.24875,146.8,59.7,158.475,0.0470833,0.71202,1.50875,-0.688125,-0.373125,0,0
59332603982915,APPROACHING,571,300.1,0.784375,0.250417,251,60.1,258.095,0.0470833,0.689475,1.50875,-1.17656,-0.375625,0,0
59332642053171,APPROACHING,573.1,299.9,0.790938,0.249583,253.1,59.9,260.092,0.0470833,0.56645,1.50875,-1.18641,-0.374375,0,0
59332718251998,APPROACHING,575.6,299.7,0.79875,0.24875,255.6,59.7,262.479,0.0470833,0.75377,1.50875,-1.19813,-0.373125,0,0
59332790166848,APPROACHING,577.9,299.6,0.805937,0.248333,257.9,59.6,264.697,0.0475,0.808683,1.5075,-1.20891,-0.3725,0,0
59332841393333,APPROACHING,580.1,299.4,0.812813,0.2475,260.1,59.4,266.796,0.0483333,0.808683,1.505,-1.21922,-0.37125,0,0
59332934062826,APPROACHING,581.3,299.2,0.816562,0.246667,261.3,59.2,267.922,0.0483333,0.690753,1.505,-1.22484,-0.37,0,0
59332985238644,APPROACHING,582.1,299,0.819063,0.245833,262.1,59,268.659,0.0483333,0.690753,1.505,-1.22859,-0.36875,0,0
59333078958362,APPROACHING,582.2,298.6,0.819375,0.244167,262.2,58.6,268.669,0.0483333,0.759273,1.505,-1.22906,-0.36625,0,0
59333141160087,APPROACHING,581.5,298.2,0.817187,0.2425,261.5,58.2,267.898,0.0483333,0.688515,1.505,-1.22578,-0.36375,0,0
59333187900261,APPROACHING,580.7,297.9,0.814688,0.24125,260.7,57.9,267.052,0.0479167,0.702433,1.50625,-1.22203,-0.361875,0,0
59333258242216,APPROACHING,579.6,297.6,0.81125,0.24,259.6,57.6,265.913,0.0483333,0.607348,1.505,-1.21687,-0.36,0,0
59333471579295,APPROACHING,471.9,296.3,0.474687,0.234583,151.9,56.3,161.998,0.0479167,0.668314,1.50625,-0.712031,-0.351875,0,0
59333512871673,APPROACHING,364,295.1,0.1375,0.229583,44,55.1,70.5125,0.0479167,0.68045,1.50625,-0.20625,-0.344375,0,0
59333623477984,APPROACHING,255.4,293.9,-0.201875,0.224583,-64.6,53.9,84.133,0.0479167,0.784755,1.50625,0.302812,-0.336875,0,0
59333663832822,APPROACHING,146.6,292.7,-0.541875,0.219583,-173.4,52.7,181.231,0.04875,0.760363,1.50375,0.812812,-0.329375,0,0
59333727191069,APPROACHING,37.8,291.4,-0.881875,0.214167,-282.2,51.4,286.843,0.0483333,0.654601,1.505,1.32281,-0.32125,0,0
59333773893909,APPROACHING,35.2,291.2,-0.89,0.213333,-284.8,51.2,289.366,0.0491667,0.773183,1.5025,1.335,-0.32,0,0
59333854818530,APPROACHING,32.8,291.1,-0.8975,0.212917,-287.2,51.1,291.711,0.0495833,0.747338,1.50125,1.34625,-0.319375,0,0
59333901534722,APPROACHING,31,290.9,-0.903125,0.212083,-289,50.9,293.448,0.0504167,0.704614,1.49875,1.35469,-0.318125,0,0
59334031344264,APPROACHING,136.6,291.4,-0.573125,0.214167,-183.4,51.4,190.467,0.05,0.694252,1.5,0.859687,-0.32125,0,0
59334070435468,APPROACHING,242.8,292,-0.24125,0.216667,-77.2,52,93.0798,0.0508333,0.68498,1.4975,0.361875,-0.325,0,0
59334207781405,APPROACHING,242.3,291.6,-0.242812,0.215,-77.7,51.6,93.273,0.0508333,0.70368,1.4975,0.364219,-0.3225,0,0
59334260134134,APPROACHING,242.5,291.2,-0.242188,0.213333,-77.5,51.2,92.8854,0.0508333,0.711407,1.4975,0.363281,-0.32,0,0
59334414767148,APPROACHING,352.2,291.6,0.100625,0.215,32.2,51.6,60.8227,0.0508333,0.64611,1.4975,-0.150937,-0.3225,0,0
59334574973679,APPROACHING,355.4,291.3,0.110625,0.21375,35.4,51.3,62.3286,0.05125,0.688835,1.49625,-0.165937,-0.320625,0,0
59334637467257,APPROACHING,358.6,291,0.120625,0.2125,38.6,51,63.9606,0.0508333,0.762534,1.4975,-0.180938,-0.31875,0,0
59334700668485,APPROACHING,469.1,291.5,0.465938,0.214583,149.1,51.5,157.744,0.05125,0.709871,1.49625,-0.698906,-0.321875,0,0
59334756729986,APPROACHING,579.4,292.1,0.810625,0.217083,259.4,52.1,264.58,0.0520833,0.841379,1.49375,-1.21594,-0.325625,0,0
59334838787462,APPROACHING,580.4,292,0.81375,0.216667,260.4,52,265.541,0.0525,0.803783,1.4925,-1.22063,-0.325,0,0
59334888293145,APPROACHING,580.9,291.8,0.815312,0.215833,260.9,51.8,265.993,0.0525,0.815969,1.4925,-1.22297,-0.32375,0,0
59334940428004,APPROACHING,581.3,291.7,0.816562,0.215417,261.3,51.7,266.366,0.0529167,0.820853,1.49125,-1.22484,-0.323125,0,0
59335037938994,APPROACHING,581.5,291.7,0.817187,0.215417,261.5,51.7,266.562,0.0529167,0.836127,1.49125,-1.22578,-0.323125,0,0
59335092768731,APPROACHING,581.5,291.6,0.817187,0.215,261.5,51.6,266.542,0.0525,0.745642,1.4925,-1.22578,-0.3225,0,0
59335135941115,APPROACHING,581.3,291.5,0.816562,0.214583,261.3,51.5,266.327,0.0520833,0.675231,1.49375,-1.22484,-0.321875,0,0
59335229616852,APPROACHING,580.6,291.4,0.814375,0.214167,260.6,51.4,265.621,0.0525,0.619039,1.4925,-1.22156,-0.32125,0,0
59335265946788,APPROACHING,579.7,291.3,0.811563,0.21375,259.7,51.3,264.718,0.0520833,0.4791,1.49375,-1.21734,-0.320625,0,0
59335335971965,APPROACHING,578.4,291.1,0.8075,0.212917,258.4,51.1,263.404,0.0520833,0.776311,1.49375,-1.21125,-0.319375,0,0
59335476372875,APPROACHING,465.1,290,0.453438,0.208333,145.1,50,153.473,0.0525,0.668314,1.4925,-0.680156,-0.3125,0,0
59335695802122,APPROACHING,462,289.4,0.44375,0.205833,142,49.4,150.347,0.0525,0.748184,1.4925,-0.665625,-0.30875,0,0
59335788896894,APPROACHING,459.4,288.9,0.435625,0.20375,139.4,48.9,147.728,0.0520833,0.726496,1.49375,-0.653437,-0.305625,0,0
59335822496487,APPROACHING,457,288.4,0.428125,0.201667,137,48.4,145.298,0.0525,0.726496,1.4925,-0.642187,-0.3025,0,0
59335891263567,APPROACHING,455,288,0.421875,0.2,135,48,143.279,0.0525,0.626059,1.4925,-0.632812,-0.3,0,0
59335943032424,APPROACHING,565.1,288.5,0.765938,0.202083,245.1,48.5,249.852,0.0520833,0.737918,1.49375,-1.14891,-0.303125,0,0
59336001894693,APPROACHING,565.1,288.5,0.765938,0.202083,245.1,48.5,249.852,0.0520833,0.737918,1.49375,-1.14891,-0.303125,0,0
59336141721306,APPROACHING,453.5,287.7,0.417187,0.19875,133.5,47.7,141.766,0.0520833,0.56865,1.49375,-0.625781,-0.298125,0,0
59336251896616,APPROACHING,453,287.7,0.415625,0.19875,133,47.7,141.295,0.0520833,0.593371,1.49375,-0.623438,-0.298125,0,0
59336354299419,APPROACHING,452.4,287.6,0.41375,0.198333,132.4,47.6,140.697,0.0525,0.372543,1.4925,-0.620625,-0.2975,0,0
59336395504370,APPROACHING,451.7,287.5,0.411562,0.197917,131.7,47.5,140.004,0.0529167,0.372543,1.49125,-0.617344,-0.296875,0,0
59336444335273,APPROACHING,451.1,287.4,0.409688,0.1975,131.1,47.4,139.406,0.0533333,0.390873,1.49,-0.614531,-0.29625,0,0
59336501522907,APPROACHING,562.1,288.1,0.756563,0.200417,242.1,48.1,246.832,0.05375,0.352184,1.48875,-1.13484,-0.300625,0,0
59336582276435,APPROACHING,562.1,288,0.756563,0.2,242.1,48,246.812,0.0541667,0.363165,1.4875,-1.13484,-0.3,0,0
59336628416181,APPROACHING,562.1,288,0.756563,0.2,242.1,48,246.812,0.0541667,0.366627,1.4875,-1.13484,-0.3,0,0
59336716671066,APPROACHING,562,287.9,0.75625,0.199583,242,47.9,246.695,0.0545833,0.405908,1.48625,-1.13437,-0.299375,0,0
59336757185256,APPROACHING,561.8,287.8,0.755625,0.199167,241.8,47.8,246.479,0.055,0.382371,1.485,-1.13344,-0.29875,0,0
59336811913771,APPROACHING,561.6,287.7,0.755,0.19875,241.6,47.7,246.264,0.0554167,0.364548,1.48375,-1.1325,-0.298125,0,0
59336888238413,APPROACHING,561.2,287.6,0.75375,0.198333,241.2,47.6,245.852,0.0558333,0.446431,1.4825,-1.13063,-0.2975,0,0
59336932649116,APPROACHING,560.6,287.4,0.751875,0.1975,240.6,47.4,245.225,0.0558333,0.425498,1.4825,-1.12781,-0.29625,0,0
59336993256947,APPROACHING,559.9,287.3,0.749687,0.197083,239.9,47.3,244.519,0.0554167,0.463097,1.48375,-1.12453,-0.295625,0,0
59337080445607,APPROACHING,558.9,287.2,0.746562,0.196667,238.9,47.2,243.518,0.055,0.519782,1.485,-1.11984,-0.295,0,0
59337123381324,APPROACHING,557.6,287,0.7425,0.195833,237.6,47,242.204,0.055,0.569016,1.485,-1.11375,-0.29375,0,0
59337178877137,APPROACHING,556,286.7,0.7375,0.194583,236,46.7,240.576,0.0545833,0.442374,1.48625,-1.10625,-0.291875,0,0
59337244599226,APPROACHING,554.5,286.5,0.732812,0.19375,234.5,46.5,239.066,0.0545833,0.507468,1.48625,-1.09922,-0.290625,0,0
59337335501065,APPROACHING,552.7,286.3,0.727188,0.192917,232.7,46.3,237.261,0.0545833,0.671617,1.48625,-1.09078,-0.289375,0,0
59337378081021,APPROACHING,551.1,286.1,0.722188,0.192083,231.1,46.1,235.653,0.0545833,0.65965,1.48625,-1.08328,-0.288125,0,0
59337428612892,APPROACHING,549.5,286,0.717187,0.191667,229.5,46,234.065,0.0541667,0.609838,1.4875,-1.07578,-0.2875,0,0
59337510468590,APPROACHING,548,285.8,0.7125,0.190833,228,45.8,232.555,0.0541667,0.358686,1.4875,-1.06875,-0.28625,0,0
59337553998457,APPROACHING,546.4,285.7,0.7075,0.190417,226.4,45.7,230.966,0.0545833,0.479472,1.48625,-1.06125,-0.285625,0,0
59337697663415,APPROACHING,545.2,285.6,0.70375,0.19,225.2,45.6,229.77,0.0541667,0.54284,1.4875,-1.05563,-0.285,0,0
59337737691344,APPROACHING,544.2,285.5,0.700625,0.189583,224.2,45.5,228.77,0.05375,0.54284,1.48875,-1.05094,-0.284375,0,0
59337780591987,APPROACHING,543.5,285.4,0.698438,0.189167,223.5,45.4,228.064,0.0533333,0.54284,1.49,-1.04766,-0.28375,0,0
59337816807903,APPROACHING,543.1,285.5,0.697188,0.189583,223.1,45.5,227.692,0.0529167,0.54284,1.49125,-1.04578,-0.284375,0,0
59337878198385,APPROACHING,542.6,285.4,0.695625,0.189167,222.6,45.4,227.183,0.0525,0.583242,1.4925,-1.04344,-0.28375,0,0
59337947728227,APPROACHING,542.2,285.3,0.694375,0.18875,222.2,45.3,226.771,0.0529167,0.583242,1.49125,-1.04156,-0.283125,0,0
59338040492460,APPROACHING,541.8,285.2,0.693125,0.188333,221.8,45.2,226.359,0.0533333,0.583242,1.49,-1.03969,-0.2825,0,0
59338075831170,APPROACHING,541.4,285.1,0.691875,0.187917,221.4,45.1,225.947,0.05375,0.583242,1.48875,-1.03781,-0.281875,0,0
59338132667396,APPROACHING,541,285,0.690625,0.1875,221,45,225.535,0.0541667,0.583242,1.4875,-1.03594,-0.28125,0,0
59338186698261,APPROACHING,541,285,0.690625,0.1875,221,45,225.535,0.0541667,0.583242,1.4875,-1.03594,-0.28125,0,0
59338253630835,APPROACHING,541,285,0.690625,0.1875,221,45,225.535,0.0541667,0.583242,1.4875,-1.03594,-0.28125,0,0
59338315594596,APPROACHING,540.8,285,0.69,0.1875,220.8,45,225.339,0.0541667,0.470532,1.4875,-1.035,-0.28125,0,0
59338410670504,APPROACHING,540.1,284.8,0.687813,0.186667,220.1,44.8,224.613,0.0541667,0.536532,1.4875,-1.03172,-0.28,0,0
59338445759454,APPROACHING,539.4,284.6,0.685625,0.185833,219.4,44.6,223.887,0.0541667,0.536532,1.4875,-1.02844,-0.27875,0,0
59338505851968,APPROACHING,538.4,284.6,0.6825,0.185833,218.4,44.6,222.907,0.0541667,0.535046,1.4875,-1.02375,-0.27875,0,0
59338574462529,APPROACHING,537.4,284.6,0.679375,0.185833,217.4,44.6,221.928,0.0541667,0.535046,1.4875,-1.01906,-0.27875,0,0
59338637268886,APPROACHING,536.1,284.4,0.675313,0.185,216.1,44.4,220.614,0.0541667,0.823691,1.4875,-1.01297,-0.2775,0,0
59338679392637,APPROACHING,535.1,284.4,0.672188,0.185,215.1,44.4,219.635,0.0541667,0.821511,1.4875,-1.00828,-0.2775,0,0
59338793010625,APPROACHING,533.7,284.3,0.667813,0.184583,213.7,44.3,218.243,0.0545833,0.613032,1.48625,-1.00172,-0.276875,0,0
59338822409278,APPROACHING,532.6,284,0.664375,0.183333,212.6,44,217.105,0.055,0.613032,1.485,-0.996563,-0.275,0,0
59338907092763,APPROACHING,531,283.7,0.659375,0.182083,211,43.7,215.478,0.0554167,0.466069,1.48375,-0.989063,-0.273125,0,0
59338954599254,APPROACHING,529.7,283.6,0.655313,0.181667,209.7,43.6,214.185,0.0558333,0.700556,1.4825,-0.982969,-0.2725,0,0
59338999632052,APPROACHING,528.3,283.4,0.650937,0.180833,208.3,43.4,212.773,0.0566667,0.680125,1.48,-0.976406,-0.27125,0,0
59339066507107,APPROACHING,527.1,283.4,0.647188,0.180833,207.1,43.4,211.599,0.0566667,0.731806,1.48,-0.970781,-0.27125,0,0
59339126905067,APPROACHING,525.3,283.1,0.641562,0.179583,205.3,43.1,209.775,0.0570833,0.648838,1.47875,-0.962344,-0.269375,0,0
59339201613945,APPROACHING,523.8,282.9,0.636875,0.17875,203.8,42.9,208.266,0.0579167,0.64611,1.47625,-0.955312,-0.268125,0,0
59339250136532,APPROACHING,522.3,282.6,0.632187,0.1775,202.3,42.6,206.737,0.0583333,0.543211,1.475,-0.948281,-0.26625,0,0
59339345472181,APPROACHING,520.6,282.4,0.626875,0.176667,200.6,42.4,205.032,0.0583333,0.710793,1.475,-0.940313,-0.265,0,0
59339392685264,APPROACHING,518.9,282,0.621562,0.175,198.9,42,203.286,0.0583333,0.594812,1.475,-0.932344,-0.2625,0,0
59339442202077,APPROACHING,517.5,282,0.617188,0.175,197.5,42,201.916,0.0583333,0.602707,1.475,-0.925781,-0.2625,0,0
59339499845435,APPROACHING,516.1,281.8,0.612813,0.174167,196.1,41.8,200.505,0.0583333,0.511948,1.475,-0.919219,-0.26125,0,0
59339579034216,APPROACHING,514.5,281.6,0.607812,0.173333,194.5,41.6,198.899,0.0583333,0.547285,1.475,-0.911719,-0.26,0,0
59339650607491,APPROACHING,513.1,281.4,0.603438,0.1725,193.1,41.4,197.488,0.0583333,0.689155,1.475,-0.905156,-0.25875,0,0
59339687319964,APPROACHING,511.5,281.3,0.598437,0.172083,191.5,41.3,195.903,0.05875,0.773707,1.47375,-0.897656,-0.258125,0,0
59339750535748,APPROACHING,509.8,281.1,0.593125,0.17125,189.8,41.1,194.199,0.05875,0.600559,1.47375,-0.889687,-0.256875,0,0
59339837687186,APPROACHING,508.2,281,0.588125,0.170833,188.2,41,192.614,0.0583333,0.691391,1.475,-0.882188,-0.25625,0,0
59339879299213,APPROACHING,507,281,0.584375,0.170833,187,41,191.442,0.0583333,0.691391,1.475,-0.876562,-0.25625,0,0
59339944541003,APPROACHING,505.6,280.9,0.58,0.170417,185.6,40.9,190.053,0.05875,0.698673,1.47375,-0.87,-0.255625,0,0
59339997903921,APPROACHING,504.3,280.7,0.575937,0.169583,184.3,40.7,188.741,0.05875,0.757082,1.47375,-0.863906,-0.254375,0,0
59340054304627,APPROACHING,503.1,280.5,0.572188,0.16875,183.1,40.5,187.526,0.05875,0.794432,1.47375,-0.858281,-0.253125,0,0
59340149584666,APPROACHING,501.6,280.3,0.5675,0.167917,181.6,40.3,186.018,0.05875,0.645768,1.47375,-0.85125,-0.251875,0,0
59340202688471,APPROACHING,500,280,0.5625,0.166667,180,40,184.391,0.0591667,0.294144,1.4725,-0.84375,-0.25,0,0
59340259372845,APPROACHING,498.7,279.8,0.558437,0.165833,178.7,39.8,183.078,0.0591667,0.252662,1.4725,-0.837656,-0.24875,0,0
59340374793895,APPROACHING,496.9,279.7,0.552812,0.165417,176.9,39.7,181.3,0.0595833,0.661659,1.47125,-0.829219,-0.248125,0,0
59340439400220,APPROACHING,495.2,279.7,0.5475,0.165417,175.2,39.7,179.642,0.0595833,0.621853,1.47125,-0.82125,-0.248125,0,0
59340488673921,APPROACHING,493.6,279.5,0.5425,0.164583,173.6,39.5,178.037,0.0595833,0.417485,1.47125,-0.81375,-0.246875,0,0
59340581052116,APPROACHING,491.7,279.5,0.536562,0.164583,171.7,39.5,176.185,0.0595833,0.383783,1.47125,-0.804844,-0.246875,0,0
59340631029708,APPROACHING,489.9,279.4,0.530937,0.164167,169.9,39.4,174.409,0.06,0.344723,1.47,-0.796406,-0.24625,0,0
59340686916468,APPROACHING,488.7,279.2,0.527187,0.163333,168.7,39.2,173.194,0.06,0.312126,1.47,-0.790781,-0.245,0,0
59340756229605,APPROACHING,487.4,278.9,0.523125,0.162083,167.4,38.9,171.86,0.0604167,0.614095,1.46875,-0.784687,-0.243125,0,0
59340800491919,APPROACHING,486.1,278.8,0.519063,0.161667,166.1,38.8,170.572,0.0608333,0.565349,1.4675,-0.778594,-0.2425,0,0
59340855900529,APPROACHING,485,278.6,0.515625,0.160833,165,38.6,169.455,0.0608333,0.457531,1.4675,-0.773438,-0.24125,0,0
59341049874451,APPROACHING,483.3,278.3,0.510313,0.159583,163.3,38.3,167.731,0.0620833,0.470381,1.46375,-0.765469,-0.239375,0,0
59341125627850,APPROACHING,481.3,278,0.504063,0.158333,161.3,38,165.716,0.0633333,0.346074,1.46,-0.756094,-0.2375,0,0
59341169930479,APPROACHING,479.4,277.7,0.498125,0.157083,159.4,37.7,163.798,0.0654167,0.446824,1.45375,-0.747187,-0.235625,0,0
59341258796959,APPROACHING,477.4,277.4,0.491875,0.155833,157.4,37.4,161.782,0.0675,0.474815,1.4475,-0.737812,-0.23375,0,0
59341297972274,APPROACHING,475.6,277.1,0.48625,0.154583,155.6,37.1,159.962,0.0695833,0.474815,1.44125,-0.729375,-0.231875,0,0
59341383852300,APPROACHING,474,276.9,0.48125,0.15375,154,36.9,158.359,0.0695833,0.301642,1.44125,-0.721875,-0.230625,0,0
59341428337818,APPROACHING,472.9,276.8,0.477812,0.153333,152.9,36.8,157.266,0.07,0.634499,1.44,-0.716719,-0.23,0,0
59341481024752,APPROACHING,471.7,276.8,0.474062,0.153333,151.7,36.8,156.1,0.07,0.583718,1.44,-0.711094,-0.23,0,0
59341572547149,APPROACHING,470.4,276.8,0.47,0.153333,150.4,36.8,154.837,0.0691667,0.607992,1.4425,-0.705,-0.23,0,0
59341621190940,APPROACHING,468.9,276.8,0.465312,0.153333,148.9,36.8,153.38,0.0683333,0.538474,1.445,-0.697969,-0.23,0,0
59341669315303,APPROACHING,467.7,276.8,0.461562,0.153333,147.7,36.8,152.215,0.0683333,0.337129,1.445,-0.692344,-0.23,0,0
59341770562695,APPROACHING,466.4,276.9,0.4575,0.15375,146.4,36.9,150.979,0.0679167,0.429307,1.44625,-0.68625,-0.230625,0,0
59341797563525,APPROACHING,465.2,276.8,0.45375,0.153333,145.2,36.8,149.791,0.0675,0.510377,1.4475,-0.680625,-0.23,0,0
59341880383856,APPROACHING,464,276.6,0.45,0.1525,144,36.6,148.578,0.0666667,0.372893,1.45,-0.675,-0.22875,0,0
59341921592308,APPROACHING,463,276.4,0.446875,0.151667,143,36.4,147.56,0.0658333,0.372893,1.4525,-0.670313,-0.2275,0,0
59341977696809,APPROACHING,461.9,276.3,0.443437,0.15125,141.9,36.3,146.469,0.0654167,0.564871,1.45375,-0.665156,-0.226875,0,0
59342031202283,APPROACHING,460.7,276.1,0.439687,0.150417,140.7,36.1,145.257,0.0654167,0.701413,1.45375,-0.659531,-0.225625,0,0
59342124692945,APPROACHING,459.3,275.9,0.435313,0.149583,139.3,35.9,143.852,0.0654167,0.620638,1.45375,-0.652969,-0.224375,0,0
59342168887017,APPROACHING,458.3,275.9,0.432188,0.149583,138.3,35.9,142.884,0.0670833,0.739587,1.44875,-0.648281,-0.224375,0,0
59342225892984,APPROACHING,457.1,275.9,0.428438,0.149583,137.1,35.9,141.722,0.06875,0.797383,1.44375,-0.642656,-0.224375,0,0
59342291862407,APPROACHING,456,275.8,0.425,0.149167,136,35.8,140.633,0.0691667,0.718507,1.4425,-0.6375,-0.22375,0,0
59342384032787,APPROACHING,454.6,275.7,0.420625,0.14875,134.6,35.7,139.254,0.0695833,0.624818,1.44125,-0.630938,-0.223125,0,0
59342423359510,APPROACHING,453.3,275.8,0.416563,0.149167,133.3,35.8,138.024,0.0691667,0.610816,1.4425,-0.624844,-0.22375,0,0
59342491406884,APPROACHING,451.9,275.7,0.412187,0.14875,131.9,35.7,136.646,0.06875,0.471858,1.44375,-0.618281,-0.223125,0,0
59342536681535,APPROACHING,450.5,275.5,0.407813,0.147917,130.5,35.5,135.242,0.06875,0.696421,1.44375,-0.611719,-0.221875,0,0
59342620305312,APPROACHING,449,275.4,0.403125,0.1475,129,35.4,133.769,0.0691667,0.670776,1.4425,-0.604688,-0.22125,0,0
59342665414018,APPROACHING,447.9,275.3,0.399687,0.147083,127.9,35.3,132.682,0.0695833,0.692647,1.44125,-0.599531,-0.220625,0,0
59342751906509,APPROACHING,446.8,275,0.39625,0.145833,126.8,35,131.542,0.0708333,0.613632,1.4375,-0.594375,-0.21875,0,0
59342810027035,APPROACHING,445.7,274.7,0.392812,0.144583,125.7,34.7,130.402,0.07125,0.64814,1.43625,-0.589219,-0.216875,0,0
59342854231385,APPROACHING,444.5,274.5,0.389062,0.14375,124.5,34.5,129.192,0.07125,0.670776,1.43625,-0.583594,-0.215625,0,0
59342913092710,APPROACHING,443.5,274.3,0.385937,0.142917,123.5,34.3,128.175,0.07125,0.695166,1.43625,-0.578906,-0.214375,0,0
59342997935955,APPROACHING,442.3,274.1,0.382188,0.142083,122.3,34.1,126.965,0.07125,0.870988,1.43625,-0.573281,-0.213125,0,0
59343046972840,APPROACHING,441.1,274,0.378438,0.141667,121.1,34,125.782,0.0708333,0.826325,1.4375,-0.567656,-0.2125,0,0
59343100422351,APPROACHING,439.9,274,0.374687,0.141667,119.9,34,124.627,0.0708333,0.816763,1.4375,-0.562031,-0.2125,0,0
59343154176770,APPROACHING,438.8,274,0.37125,0.141667,118.8,34,123.57,0.0708333,0.806796,1.4375,-0.556875,-0.2125,0,0
59343254665011,APPROACHING,437.5,274,0.367188,0.141667,117.5,34,122.32,0.0708333,0.766054,1.4375,-0.550781,-0.2125,0,0
59343296352983,APPROACHING,436.5,274,0.364063,0.141667,116.5,34,121.36,0.0708333,0.766054,1.4375,-0.546094,-0.2125,0,0
59343345356868,APPROACHING,435.5,274,0.360938,0.141667,115.5,34,120.4,0.0708333,0.741865,1.4375,-0.541406,-0.2125,0,0
59343405899384,APPROACHING,434.4,273.8,0.3575,0.140833,114.4,33.8,119.289,0.0708333,0.787632,1.4375,-0.53625,-0.21125,0,0
59343480915725,APPROACHING,433.3,273.7,0.354063,0.140417,113.3,33.7,118.206,0.07125,0.799293,1.43625,-0.531094,-0.210625,0,0
59343537527135,APPROACHING,432.3,273.5,0.350938,0.139583,112.3,33.5,117.19,0.07125,0.817648,1.43625,-0.526406,-0.209375,0,0
59343588324823,APPROACHING,431.1,273.3,0.347188,0.13875,111.1,33.3,115.983,0.07125,0.826325,1.43625,-0.520781,-0.208125,0,0
59343679673774,APPROACHING,430,273,0.34375,0.1375,110,33,114.843,0.0716667,0.745258,1.435,-0.515625,-0.20625,0,0
59343717683882,APPROACHING,429.2,272.9,0.34125,0.137083,109.2,32.9,114.048,0.0720833,0.745258,1.43375,-0.511875,-0.205625,0,0
59343806533806,APPROACHING,428.2,272.7,0.338125,0.13625,108.2,32.7,113.033,0.0720833,0.791573,1.43375,-0.507187,-0.204375,0,0
59343854439132,APPROACHING,427.2,272.6,0.335,0.135833,107.2,32.6,112.047,0.0725,0.794493,1.4325,-0.5025,-0.20375,0,0
59343904799095,APPROACHING,426.2,272.5,0.331875,0.135417,106.2,32.5,111.062,0.0729167,0.83054,1.43125,-0.497812,-0.203125,0,0
59344009821000,APPROACHING,425.2,272.5,0.32875,0.135417,105.2,32.5,110.106,0.0729167,0.847355,1.43125,-0.493125,-0.203125,0,0
59344038037093,APPROACHING,423.9,272.5,0.324687,0.135417,103.9,32.5,108.864,0.0729167,0.833029,1.43125,-0.487031,-0.203125,0,0
59344131040569,APPROACHING,422.8,272.5,0.32125,0.135417,102.8,32.5,107.815,0.0729167,0.862074,1.43125,-0.481875,-0.203125,0,0
59344168030988,APPROACHING,421.8,272.5,0.318125,0.135417,101.8,32.5,106.862,0.0729167,0.81941,1.43125,-0.477188,-0.203125,0,0
59344243960425,APPROACHING,420.6,272.4,0.314375,0.135,100.6,32.4,105.689,0.0725,0.753059,1.4325,-0.471563,-0.2025,0,0
59344288762093,APPROACHING,419.4,272.3,0.310625,0.134583,99.4,32.3,104.516,0.0720833,0.664195,1.43375,-0.465937,-0.201875,0,0
59344338811462,APPROACHING,418.3,272.1,0.307188,0.13375,98.3,32.1,103.408,0.0720833,0.708812,1.43375,-0.460781,-0.200625,0,0
59344419782972,APPROACHING,417.4,272,0.304375,0.133333,97.4,32,102.522,0.0725,0.726827,1.4325,-0.456562,-0.2,0,0
59344463742377,APPROACHING,416.5,271.9,0.301563,0.132917,96.5,31.9,101.636,0.0729167,0.660215,1.43125,-0.452344,-0.199375,0,0
59344523854336,APPROACHING,415.9,271.8,0.299687,0.1325,95.9,31.8,101.035,0.0741667,0.728003,1.4275,-0.449531,-0.19875,0,0
59344625283895,APPROACHING,415,271.6,0.296875,0.131667,95,31.6,100.118,0.075,0.757444,1.425,-0.445312,-0.1975,0,0
59344660176048,APPROACHING,414.3,271.6,0.294688,0.131667,94.3,31.6,99.4538,0.075,0.458579,1.425,-0.442031,-0.1975,0,0
59344753788544,APPROACHING,413.4,271.4,0.291875,0.130833,93.4,31.4,98.5369,0.075,0.759617,1.425,-0.437812,-0.19625,0,0
59344781501358,APPROACHING,412.4,271.2,0.28875,0.13,92.4,31.2,97.5254,0.075,0.737296,1.425,-0.433125,-0.195,0,0
59344859652358,APPROACHING,411.2,271.1,0.285,0.129583,91.2,31.1,96.3569,0.0745833,0.818531,1.42625,-0.4275,-0.194375,0,0
59344906833367,APPROACHING,410.3,271.1,0.282188,0.129583,90.3,31.1,95.5055,0.0745833,0.84504,1.42625,-0.423281,-0.194375,0,0
59344968796017,APPROACHING,409.4,271,0.279375,0.129167,89.4,31,94.6222,0.075,0.894827,1.425,-0.419062,-0.19375,0,0
59345032715674,APPROACHING,408.5,271,0.276562,0.129167,88.5,31,93.7723,0.075,0.865562,1.425,-0.414844,-0.19375,0,0
59345083990048,APPROACHING,407.7,270.9,0.274062,0.12875,87.7,30.9,92.9844,0.0754167,0.908481,1.42375,-0.411094,-0.193125,0,0
59345172194489,APPROACHING,406.8,270.8,0.27125,0.128333,86.8,30.8,92.1026,0.0758333,0.84348,1.4225,-0.406875,-0.1925,0,0
59345216380432,APPROACHING,405.9,270.7,0.268437,0.127917,85.9,30.7,91.2212,0.07625,0.822894,1.42125,-0.402656,-0.191875,0,0
59345265937781,APPROACHING,404.9,270.6,0.265312,0.1275,84.9,30.6,90.2462,0.0766667,0.775484,1.42,-0.397969,-0.19125,0,0
59345344138504,APPROACHING,403.8,270.5,0.261875,0.127083,83.8,30.5,89.1779,0.0770833,0.833853,1.41875,-0.392813,-0.190625,0,0
59345423384045,APPROACHING,402.7,270.5,0.258437,0.127083,82.7,30.5,88.145,0.0770833,0.731512,1.41875,-0.387656,-0.190625,0,0
59345459937259,APPROACHING,401.8,270.4,0.255625,0.126667,81.8,30.4,87.2663,0.0766667,0.780605,1.42,-0.383438,-0.19,0,0
59345528432116,APPROACHING,401.1,270.3,0.253438,0.12625,81.1,30.3,86.5754,0.0770833,0.782629,1.41875,-0.380156,-0.189375,0,0
59345575626735,APPROACHING,400.3,270.2,0.250938,0.125833,80.3,30.2,85.7912,0.0775,0.788622,1.4175,-0.376406,-0.18875,0,0
59345674998602,APPROACHING,399.5,270,0.248438,0.125,79.5,30,84.9721,0.0775,0.274352,1.4175,-0.372656,-0.1875,0,0
59345716544518,APPROACHING,398.6,269.8,0.245625,0.124167,78.6,29.8,84.0595,0.0783333,0.270824,1.415,-0.368438,-0.18625,0,0
59345768335894,APPROACHING,397.9,269.7,0.243437,0.12375,77.9,29.7,83.3697,0.07875,0.660215,1.41375,-0.365156,-0.185625,0,0
59345828693261,APPROACHING,397,269.6,0.240625,0.123333,77,29.6,82.4934,0.0783333,0.810467,1.415,-0.360938,-0.185,0,0
59345897799601,APPROACHING,396,269.6,0.2375,0.123333,76,29.6,81.5608,0.0783333,0.838724,1.415,-0.35625,-0.185,0,0
59345950234590,APPROACHING,395.3,269.6,0.235313,0.123333,75.3,29.6,80.9089,0.0783333,0.866251,1.415,-0.352969,-0.185,0,0
59346051542390,APPROACHING,394.4,269.5,0.2325,0.122917,74.4,29.5,80.0351,0.0779167,0.88374,1.41625,-0.34875,-0.184375,0,0
59346088908384,APPROACHING,393.4,269.5,0.229375,0.122917,73.4,29.5,79.1063,0.07875,0.874284,1.41375,-0.344062,-0.184375,0,0
59346138789994,APPROACHING,392.5,269.4,0.226562,0.1225,72.5,29.4,78.2343,0.0791667,0.535525,1.4125,-0.339844,-0.18375,0,0
59346198820786,APPROACHING,391.7,269.3,0.224062,0.122083,71.7,29.3,77.4557,0.0795833,0.610816,1.41125,-0.336094,-0.183125,0,0
59346284250718,APPROACHING,390.7,269.1,0.220937,0.12125,70.7,29.1,76.4546,0.0804167,0.742999,1.40875,-0.331406,-0.181875,0,0
59346358743632,APPROACHING,389.9,269.1,0.218437,0.12125,69.9,29.1,75.7154,0.0804167,0.786638,1.40875,-0.327656,-0.181875,0,0
59346389068659,APPROACHING,389,269,0.215625,0.120833,69,29,74.8465,0.08,0.708812,1.41,-0.323438,-0.18125,0,0
59346439973976,APPROACHING,388,268.9,0.2125,0.120417,68,28.9,73.8865,0.0804167,0.687573,1.40875,-0.31875,-0.180625,0,0
59346507888201,APPROACHING,387.2,268.7,0.21,0.119583,67.2,28.7,73.0721,0.0804167,0.687573,1.40875,-0.315,-0.179375,0,0
59346570252668,APPROACHING,386.6,268.7,0.208125,0.119583,66.6,28.7,72.5207,0.0804167,0.687573,1.40875,-0.312188,-0.179375,0,0
59346631933132,APPROACHING,386.2,268.6,0.206875,0.119167,66.2,28.6,72.1138,0.0808333,0.687573,1.4075,-0.310312,-0.17875,0,0
59346705429209,APPROACHING,386,268.5,0.20625,0.11875,66,28.5,71.8905,0.08125,0.687573,1.40625,-0.309375,-0.178125,0,0
59346750555322,APPROACHING,386,268.5,0.20625,0.11875,66,28.5,71.8905,0.08125,0.687573,1.40625,-0.309375,-0.178125,0,0
59346820919629,APPROACHING,385.8,268.5,0.205625,0.11875,65.8,28.5,71.707,0.08125,0.642711,1.40625,-0.308438,-0.178125,0,0
59346878052430,APPROACHING,385.5,268.5,0.204687,0.11875,65.5,28.5,71.4318,0.08125,0.662871,1.40625,-0.307031,-0.178125,0,0
59346935494640,APPROACHING,385.2,268.5,0.20375,0.11875,65.2,28.5,71.1568,0.08125,0.662871,1.40625,-0.305625,-0.178125,0,0
59347016243611,APPROACHING,384.9,268.5,0.202812,0.11875,64.9,28.5,70.882,0.08125,0.662871,1.40625,-0.304219,-0.178125,0,0
59347062475950,APPROACHING,384.6,268.5,0.201875,0.11875,64.6,28.5,70.6074,0.08125,0.662871,1.40625,-0.302813,-0.178125,0,0
59347129411450,APPROACHING,384.5,268.5,0.201563,0.11875,64.5,28.5,70.516,0.08125,0.662871,1.40625,-0.302344,-0.178125,0,0
59347184526022,APPROACHING,384.5,268.5,0.201563,0.11875,64.5,28.5,70.516,0.08125,0.662871,1.40625,-0.302344,-0.178125,0,0
59347251936746,APPROACHING,384.5,268.5,0.201563,0.11875,64.5,28.5,70.516,0.08125,0.662871,1.40625,-0.302344,-0.178125,0,0
59347312574966,APPROACHING,384.5,268.5,0.201563,0.11875,64.5,28.5,70.516,0.08125,0.662871,1.40625,-0.302344,-0.178125,0,0
59347382823866,APPROACHING,384.5,268.5,0.201563,0.11875,64.5,28.5,70.516,0.08125,0.662871,1.40625,-0.302344,-0.178125,0,0
59347444138162,APPROACHING,384.4,268.5,0.20125,0.11875,64.4,28.5,70.4245,0.08125,0.633122,1.40625,-0.301875,-0.178125,0,0
59347532338195,APPROACHING,384.1,268.4,0.200313,0.118333,64.1,28.4,70.1097,0.0816667,0.741865,1.405,-0.300469,-0.1775,0,0
59347560046361,APPROACHING,383.8,268.3,0.199375,0.117917,63.8,28.3,69.7949,0.0820833,0.741865,1.40375,-0.299063,-0.176875,0,0
59347624454464,APPROACHING,383.4,268.3,0.198125,0.117917,63.4,28.3,69.4295,0.0829167,0.738443,1.40125,-0.297187,-0.176875,0,0
59347689840811,APPROACHING,382.9,268.3,0.196562,0.117917,62.9,28.3,68.9732,0.08375,0.738443,1.39875,-0.294844,-0.176875,0,0
59347771529656,APPROACHING,382.3,268.3,0.194688,0.117917,62.3,28.3,68.4265,0.0845833,0.738443,1.39625,-0.292031,-0.176875,0,0
59347820403578,APPROACHING,381.8,268.4,0.193125,0.118333,61.8,28.4,68.0132,0.0841667,0.504448,1.3975,-0.289688,-0.1775,0,0
59347882791378,APPROACHING,381.1,268.5,0.190938,0.11875,61.1,28.5,67.42,0.08375,0.662871,1.39875,-0.286406,-0.178125,0,0
59347940501736,APPROACHING,380.6,268.5,0.189375,0.11875,60.6,28.5,66.9672,0.0829167,0.417724,1.40125,-0.284063,-0.178125,0,0
59348027684229,APPROACHING,379.8,268.6,0.186875,0.119167,59.8,28.6,66.2873,0.0825,0.803071,1.4025,-0.280313,-0.17875,0,0
59348077520617,APPROACHING,379,268.6,0.184375,0.119167,59,28.6,65.5665,0.0816667,0.763922,1.405,-0.276563,-0.17875,0,0
59348117913899,APPROACHING,378.2,268.5,0.181875,0.11875,58.2,28.5,64.8035,0.0820833,0.657549,1.40375,-0.272812,-0.178125,0,0
59348180780367,APPROACHING,377.5,268.4,0.179688,0.118333,57.5,28.4,64.1312,0.0825,0.784641,1.4025,-0.269531,-0.1775,0,0
59348261466950,APPROACHING,376.6,268.4,0.176875,0.118333,56.6,28.4,63.3255,0.0833333,0.768173,1.4,-0.265313,-0.1775,0,0
59348312421582,APPROACHING,376,268.3,0.175,0.117917,56,28.3,62.7446,0.08375,0.706358,1.39875,-0.2625,-0.176875,0,0
59348372117502,APPROACHING,375.4,268.2,0.173125,0.1175,55.4,28.2,62.1643,0.085,0.731512,1.395,-0.259687,-0.17625,0,0
59348447815143,APPROACHING,374.6,268.3,0.170625,0.117917,54.6,28.3,61.4984,0.0854167,0.761776,1.39375,-0.255938,-0.176875,0,0
59348495300060,APPROACHING,373.7,268.2,0.167812,0.1175,53.7,28.2,60.6542,0.0858333,0.75416,1.3925,-0.251719,-0.17625,0,0
59348552986547,APPROACHING,372.9,268,0.165312,0.116667,52.9,28,59.8532,0.0858333,0.758532,1.3925,-0.247969,-0.175,0,0
59348632110088,APPROACHING,371.9,267.8,0.162187,0.115833,51.9,27.8,58.8766,0.0858333,0.691383,1.3925,-0.243281,-0.17375,0,0
59348674918971,APPROACHING,370.9,267.7,0.159062,0.115417,50.9,27.7,57.9491,0.0854167,0.722092,1.39375,-0.238594,-0.173125,0,0
59348742402362,APPROACHING,370.1,267.4,0.156563,0.114167,50.1,27.4,57.1032,0.0858333,0.716102,1.3925,-0.234844,-0.17125,0,0
59348839136294,APPROACHING,369.3,267.3,0.154063,0.11375,49.3,27.3,56.3541,0.08625,0.74413,1.39125,-0.231094,-0.170625,0,0
59348883449348,APPROACHING,368.5,267.2,0.151562,0.113333,48.5,27.2,55.6066,0.0866667,0.76285,1.39,-0.227344,-0.17,0,0
59348929493612,APPROACHING,368,267.2,0.15,0.113333,48,27.2,55.171,0.0875,0.83054,1.3875,-0.225,-0.17,0,0
59349024314298,APPROACHING,367.4,267.2,0.148125,0.113333,47.4,27.2,54.6498,0.0883333,0.807719,1.385,-0.222187,-0.17,0,0
59349058257670,APPROACHING,366.7,267.2,0.145937,0.113333,46.7,27.2,54.0438,0.0891667,0.783637,1.3825,-0.218906,-0.17,0,0
59349129608295,APPROACHING,366.2,267.2,0.144375,0.113333,46.2,27.2,53.6123,0.09,0.832203,1.38,-0.216562,-0.17,0,0
59349178194475,APPROACHING,365.5,267.1,0.142187,0.112917,45.5,27.1,52.959,0.0904167,0.799293,1.37875,-0.213281,-0.169375,0,0
59349260909861,APPROACHING,364.7,267,0.139687,0.1125,44.7,27,52.2215,0.09,0.821159,1.38,-0.209531,-0.16875,0,0
59349312440440,APPROACHING,364.2,266.9,0.138125,0.112083,44.2,26.9,51.7421,0.0895833,0.859229,1.38125,-0.207187,-0.168125,0,0
59349380674314,APPROACHING,363.8,266.9,0.136875,0.112083,43.8,26.9,51.4009,0.08875,0.847355,1.38375,-0.205313,-0.168125,0,0
59349427248025,APPROACHING,363.1,266.8,0.134688,0.111667,43.1,26.8,50.7528,0.0883333,0.845815,1.385,-0.202031,-0.1675,0,0
59349513577700,APPROACHING,362.5,266.8,0.132812,0.111667,42.5,26.8,50.2443,0.0883333,0.861367,1.385,-0.199219,-0.1675,0,0
59349560688190,APPROACHING,361.8,266.6,0.130625,0.110833,41.8,26.6,49.5459,0.0891667,0.857063,1.3825,-0.195938,-0.16625,0,0
59349607741587,APPROACHING,361.1,266.5,0.128438,0.110417,41.1,26.5,48.9026,0.0895833,0.833853,1.38125,-0.192656,-0.165625,0,0
59349670531351,APPROACHING,360.4,266.5,0.12625,0.110417,40.4,26.5,48.3157,0.0904167,0.766054,1.37875,-0.189375,-0.165625,0,0
59349771317611,APPROACHING,360.1,266.6,0.125313,0.110833,40.1,26.6,48.1204,0.0908333,0.780605,1.3775,-0.187969,-0.16625,0,0
59349799881892,APPROACHING,359.9,266.7,0.124687,0.11125,39.9,26.7,48.0094,0.09125,0.780605,1.37625,-0.187031,-0.166875,0,0
59349866591965,APPROACHING,359.4,266.9,0.123125,0.112083,39.4,26.9,47.7071,0.09125,0.679878,1.37625,-0.184687,-0.168125,0,0
59349915413590,APPROACHING,358.8,267,0.12125,0.1125,38.8,27,47.2699,0.0916667,0.771327,1.375,-0.181875,-0.16875,0,0
59349974927584,APPROACHING,358.1,267,0.119063,0.1125,38.1,27,46.697,0.0916667,0.741865,1.375,-0.178594,-0.16875,0,0
59350072435667,APPROACHING,357.2,267,0.11625,0.1125,37.2,27,45.9656,0.0916667,0.717306,1.375,-0.174375,-0.16875,0,0
59350120165492,APPROACHING,356.2,266.9,0.113125,0.112083,36.2,26.9,45.1004,0.0920833,0.751954,1.37375,-0.169687,-0.168125,0,0
59350181103861,APPROACHING,355.7,266.9,0.111562,0.112083,35.7,26.9,44.7001,0.0920833,0.672085,1.37375,-0.167344,-0.168125,0,0
59350255422830,APPROACHING,354.9,266.7,0.109062,0.11125,34.9,26.7,43.942,0.0920833,0.70017,1.37375,-0.163594,-0.166875,0,0
59350303129526,APPROACHING,354.2,266.5,0.106875,0.110417,34.2,26.5,43.2653,0.0920833,0.708812,1.37375,-0.160312,-0.165625,0,0
59350350632294,APPROACHING,353.5,266.3,0.104688,0.109583,33.5,26.3,42.5904,0.0920833,0.692647,1.37375,-0.157031,-0.164375,0,0
59350446822744,APPROACHING,352.7,266.3,0.102187,0.109583,32.7,26.3,41.964,0.0920833,0.712471,1.37375,-0.153281,-0.164375,0,0
59350491519762,APPROACHING,351.8,266.2,0.099375,0.109167,31.8,26.2,41.2029,0.0925,0.782629,1.3725,-0.149063,-0.16375,0,0
59350536834746,APPROACHING,351.3,266.2,0.0978125,0.109167,31.3,26.2,40.8183,0.0933333,0.776515,1.37,-0.146719,-0.16375,0,0
59350618420832,APPROACHING,350.9,266.2,0.0965625,0.109167,30.9,26.2,40.5123,0.0941667,0.804941,1.3675,-0.144844,-0.16375,0,0
59350690663498,APPROACHING,350.5,266.2,0.0953125,0.109167,30.5,26.2,40.2081,0.095,0.607992,1.365,-0.142969,-0.16375,0,0
59350732322599,APPROACHING,350.2,266.1,0.094375,0.10875,30.2,26.1,39.9155,0.0954167,0.79834,1.36375,-0.141562,-0.163125,0,0
59350796820832,APPROACHING,349.7,266,0.0928125,0.108333,29.7,26,39.4726,0.0958333,0.800243,1.3625,-0.139219,-0.1625,0,0
59350863425868,APPROACHING,349.1,266,0.0909375,0.108333,29.1,26,39.0232,0.0958333,0.788622,1.3625,-0.136406,-0.1625,0,0
59350913955091,APPROACHING,348.5,266,0.0890625,0.108333,28.5,26,38.5778,0.0958333,0.83549,1.3625,-0.133594,-0.1625,0,0
59350976741207,APPROACHING,347.9,266,0.0871875,0.108333,27.9,26,38.1367,0.0958333,0.860657,1.3625,-0.130781,-0.1625,0,0
59351038241874,APPROACHING,347.3,265.9,0.0853125,0.107917,27.3,25.9,37.6311,0.09625,0.849642,1.36125,-0.127969,-0.161875,0,0
59351127409596,APPROACHING,346.9,265.8,0.0840625,0.1075,26.9,25.8,37.2726,0.0966667,0.833853,1.36,-0.126094,-0.16125,0,0
59351171085075,APPROACHING,346.6,265.7,0.083125,0.107083,26.6,25.7,36.9872,0.0970833,0.848883,1.35875,-0.124688,-0.160625,0,0
59351223579730,APPROACHING,346.3,265.5,0.0821875,0.10625,26.3,25.5,36.6325,0.0979167,0.824616,1.35625,-0.123281,-0.159375,0,0
59351320548515,APPROACHING,345.8,265.4,0.080625,0.105833,25.8,25.4,36.205,0.0983333,0.86487,1.355,-0.120938,-0.15875,0,0
59351364021493,APPROACHING,345.3,265.4,0.0790625,0.105833,25.3,25.4,35.8504,0.0983333,0.820286,1.355,-0.118594,-0.15875,0,0
59351412550506,APPROACHING,344.8,265.4,0.0775,0.105833,24.8,25.4,35.4993,0.0983333,0.849642,1.355,-0.11625,-0.15875,0,0
59351503297307,APPROACHING,344.2,265.5,0.075625,0.10625,24.2,25.5,35.1552,0.09875,0.838724,1.35375,-0.113437,-0.159375,0,0
59351542830865,APPROACHING,343.6,265.7,0.07375,0.107083,23.6,25.7,34.892,0.09875,0.803071,1.35375,-0.110625,-0.160625,0,0
59351590654894,APPROACHING,343.2,265.7,0.0725,0.107083,23.2,25.7,34.6227,0.0995833,0.79255,1.35125,-0.10875,-0.160625,0,0
59351671364458,APPROACHING,342.8,265.7,0.07125,0.107083,22.8,25.7,34.3559,0.100417,0.750846,1.34875,-0.106875,-0.160625,0,0
59351711331257,APPROACHING,342.4,265.7,0.07,0.107083,22.4,25.7,34.0918,0.10125,0.784641,1.34625,-0.105,-0.160625,0,0
59351806177795,APPROACHING,342.2,265.6,0.069375,0.106667,22.2,25.6,33.8851,0.101667,0.682455,1.345,-0.104062,-0.16,0,0
59351843392752,APPROACHING,342,265.5,0.06875,0.10625,22,25.5,33.6786,0.102083,0.682455,1.34375,-0.103125,-0.159375,0,0
59351894520551,APPROACHING,341.6,265.5,0.0675,0.10625,21.6,25.5,33.4187,0.102083,0.706358,1.34375,-0.10125,-0.159375,0,0
59351960342955,APPROACHING,341.2,265.4,0.06625,0.105833,21.2,25.4,33.0847,0.1025,0.75416,1.3425,-0.099375,-0.15875,0,0
59352055496752,APPROACHING,340.7,265.3,0.0646875,0.105417,20.7,25.3,32.6891,0.102917,0.797383,1.34125,-0.0970312,-0.158125,0,0
59352102504205,APPROACHING,340.1,265.2,0.0628125,0.105,20.1,25.2,32.2343,0.103333,0.779587,1.34,-0.0942188,-0.1575,0,0
59352152200666,APPROACHING,339.3,265.1,0.0603125,0.104583,19.3,25.1,31.6623,0.10375,0.760698,1.33875,-0.0904688,-0.156875,0,0
59352211174121,APPROACHING,338.7,265.1,0.0584375,0.104583,18.7,25.1,31.3002,0.104583,0.737296,1.33625,-0.0876562,-0.156875,0,0
59352307928757,APPROACHING,338.1,265.2,0.0565625,0.105,18.1,25.2,31.0266,0.105,0.748621,1.335,-0.0848438,-0.1575,0,0
59352348594411,APPROACHING,337.7,265.3,0.0553125,0.105417,17.7,25.3,30.8769,0.105417,0.758532,1.33375,-0.0829687,-0.158125,0,0
59352388400043,APPROACHING,337.2,265.4,0.05375,0.105833,17.2,25.4,30.6757,0.105833,0.790593,1.3325,-0.080625,-0.15875,0,0
59352486410276,APPROACHING,336.6,265.3,0.051875,0.105417,16.6,25.3,30.2597,0.10625,0.746382,1.33125,-0.0778125,-0.158125,0,0
59352533590932,APPROACHING,336,265.1,0.05,0.104583,16,25.1,29.7659,0.10625,0.786638,1.33125,-0.075,-0.156875,0,0
59352571926097,APPROACHING,335.6,265,0.04875,0.104167,15.6,25,29.4679,0.105833,0.845815,1.3325,-0.073125,-0.15625,0,0
59352659194831,APPROACHING,335,264.9,0.046875,0.10375,15,24.9,29.0691,0.105417,0.856335,1.33375,-0.0703125,-0.155625,0,0
59352731955184,APPROACHING,334.4,264.7,0.045,0.102917,14.4,24.7,28.5911,0.105417,0.864176,1.33375,-0.0675,-0.154375,0,0
59352780597419,APPROACHING,334.1,264.7,0.0440625,0.102917,14.1,24.7,28.4412,0.105417,0.867619,1.33375,-0.0660938,-0.154375,0,0
59352846642157,APPROACHING,333.8,264.7,0.043125,0.102917,13.8,24.7,28.2936,0.105417,0.87032,1.33375,-0.0646875,-0.154375,0,0
59352898933831,APPROACHING,333.4,264.5,0.041875,0.102083,13.4,24.5,27.9251,0.10625,0.837113,1.33125,-0.0628125,-0.153125,0,0
59352982119292,APPROACHING,333,264.3,0.040625,0.10125,13,24.3,27.5588,0.107083,0.839525,1.32875,-0.0609375,-0.151875,0,0
59353029321616,APPROACHING,332.8,264.2,0.04,0.100833,12.8,24.2,27.3766,0.1075,0.828864,1.3275,-0.06,-0.15125,0,0
59353071018421,APPROACHING,332.6,264.1,0.039375,0.100417,12.6,24.1,27.195,0.107917,0.824616,1.32625,-0.0590625,-0.150625,0,0
59353169389507,APPROACHING,332.3,264.1,0.0384375,0.100417,12.3,24.1,27.0573,0.10875,0.867619,1.32375,-0.0576563,-0.150625,0,0
59353210017512,APPROACHING,332,264.2,0.0375,0.100833,12,24.2,27.0118,0.109167,0.8819,1.3225,-0.05625,-0.15125,0,0
59353255813924,APPROACHING,331.9,264.3,0.0371875,0.10125,11.9,24.3,27.0573,0.109583,0.8819,1.32125,-0.0557812,-0.151875,0,0
59353315971938,APPROACHING,331.7,264.4,0.0365625,0.101667,11.7,24.4,27.0601,0.11,0.8819,1.32,-0.0548437,-0.1525,0,0
59353389377923,APPROACHING,331.5,264.5,0.0359375,0.102083,11.5,24.5,27.0647,0.110417,0.8819,1.31875,-0.0539062,-0.153125,0,0
59353453170301,APPROACHING,331.5,264.5,0.0359375,0.102083,11.5,24.5,27.0647,0.110417,0.8819,1.31875,-0.0539062,-0.153125,0,0
59353509788971,APPROACHING,331.5,264.5,0.0359375,0.102083,11.5,24.5,27.0647,0.110417,0.8819,1.31875,-0.0539062,-0.153125,0,0
59353572689883,APPROACHING,331.5,264.5,0.0359375,0.102083,11.5,24.5,27.0647,0.110417,0.8819,1.31875,-0.0539062,-0.153125,0,0
59353675159779,APPROACHING,331.3,264.4,0.0353125,0.101667,11.3,24.4,26.8896,0.110833,0.851901,1.3175,-0.0529688,-0.1525,0,0
59353710638878,APPROACHING,330.9,264.3,0.0340625,0.10125,10.9,24.3,26.6327,0.11125,0.861367,1.31625,-0.0510937,-0.151875,0,0
59353765415783,APPROACHING,330.4,264.2,0.0325,0.100833,10.4,24.2,26.3401,0.111667,0.864176,1.315,-0.04875,-0.15125,0,0
59353811697325,APPROACHING,329.9,264.1,0.0309375,0.100417,9.9,24.1,26.0542,0.112083,0.864176,1.31375,-0.0464062,-0.150625,0,0
59353880771592,APPROACHING,329.4,264,0.029375,0.1,9.4,24,25.7752,0.1125,0.864176,1.3125,-0.0440625,-0.15,0,0
59353967114675,APPROACHING,329.1,264,0.0284375,0.1,9.1,24,25.6673,0.1125,0.867619,1.3125,-0.0426563,-0.15,0,0
59354008133959,APPROACHING,328.9,264,0.0278125,0.1,8.9,24,25.5971,0.1125,0.878776,1.3125,-0.0417187,-0.15,0,0
59354102545161,APPROACHING,328.7,264,0.0271875,0.1,8.7,24,25.5282,0.1125,0.872315,1.3125,-0.0407812,-0.15,0,0
59354147935275,APPROACHING,328.5,264,0.0265625,0.1,8.5,24,25.4608,0.1125,0.886753,1.3125,-0.0398437,-0.15,0,0
59354198743351,APPROACHING,328.2,264,0.025625,0.1,8.2,24,25.3622,0.1125,0.870988,1.3125,-0.0384375,-0.15,0,0
59354254508018,APPROACHING,327.8,263.9,0.024375,0.0995833,7.8,23.9,25.1406,0.112917,0.878776,1.31125,-0.0365625,-0.149375,0,0
59354322479059,APPROACHING,327.5,263.8,0.0234375,0.0991667,7.5,23.8,24.9538,0.113333,0.868976,1.31,-0.0351562,-0.14875,0,0
59354414347660,APPROACHING,327.1,263.7,0.0221875,0.09875,7.1,23.7,24.7407,0.11375,0.880034,1.30875,-0.0332813,-0.148125,0,0
59354453026603,APPROACHING,326.7,263.6,0.0209375,0.0983333,6.7,23.6,24.5326,0.114167,0.880034,1.3075,-0.0314062,-0.1475,0,0
59354500813206,APPROACHING,326.4,263.5,0.02,0.0979167,6.4,23.5,24.3559,0.115417,0.872315,1.30375,-0.03,-0.146875,0,0
59354598631290,APPROACHING,325.9,263.5,0.0184375,0.0979167,5.9,23.5,24.2293,0.11625,0.828021,1.30125,-0.0276562,-0.146875,0,0
59354639454222,APPROACHING,325.3,263.5,0.0165625,0.0979167,5.3,23.5,24.0902,0.117083,0.841908,1.29875,-0.0248438,-0.146875,0,0
59354694124552,APPROACHING,325,263.5,0.015625,0.0979167,5,23.5,24.026,0.117917,0.823757,1.29625,-0.0234375,-0.146875,0,0
59354750419517,APPROACHING,324.7,263.4,0.0146875,0.0975,4.7,23.4,23.8673,0.119167,0.848121,1.2925,-0.0220312,-0.14625,0,0
59354825901379,APPROACHING,324.3,263.3,0.0134375,0.0970833,4.3,23.3,23.6935,0.119583,0.861367,1.29125,-0.0201563,-0.145625,0,0
59354874948134,APPROACHING,324.2,263.2,0.013125,0.0966667,4.2,23.2,23.5771,0.12,0.862074,1.29,-0.0196875,-0.145,0,0
59354956945110,APPROACHING,324.2,263.1,0.013125,0.09625,4.2,23.1,23.4787,0.120417,0.862074,1.28875,-0.0196875,-0.144375,0,0
59354995463849,APPROACHING,324.1,263,0.0128125,0.0958333,4.1,23,23.3626,0.120833,0.862074,1.2875,-0.0192188,-0.14375,0,0
59355057522815,APPROACHING,324,263,0.0125,0.0958333,4,23,23.3452,0.120833,0.862074,1.2875,-0.01875,-0.14375,0,0
59355116951290,APPROACHING,324,263,0.0125,0.0958333,4,23,23.3452,0.120833,0.862074,1.2875,-0.01875,-0.14375,0,0
59355174938834,APPROACHING,324,263,0.0125,0.0958333,4,23,23.3452,0.120833,0.862074,1.2875,-0.01875,-0.14375,0,0
59355246334997,APPROACHING,324.1,263,0.0128125,0.0958333,4.1,23,23.3626,0.120833,0.87032,1.2875,-0.0192188,-0.14375,0,0
59355320524262,APPROACHING,324,263,0.0125,0.0958333,4,23,23.3452,0.120833,0.868299,1.2875,-0.01875,-0.14375,0,0
59355366851064,APPROACHING,323.9,263,0.0121875,0.0958333,3.9,23,23.3283,0.120833,0.859229,1.2875,-0.0182812,-0.14375,0,0
59355438069356,APPROACHING,323.8,262.9,0.011875,0.0954167,3.8,22.9,23.2131,0.12125,0.866251,1.28625,-0.0178125,-0.143125,0,0
59355526823818,APPROACHING,323.6,262.8,0.01125,0.095,3.6,22.8,23.0825,0.121667,0.859229,1.285,-0.016875,-0.1425,0,0
59355570578537,APPROACHING,323.3,262.8,0.0103125,0.095,3.3,22.8,23.0376,0.1225,0.859229,1.2825,-0.0154688,-0.1425,0,0
59355621542040,APPROACHING,323.2,262.8,0.01,0.095,3.2,22.8,23.0235,0.123333,0.872974,1.28,-0.015,-0.1425,0,0
59355685874605,APPROACHING,323.1,262.8,0.0096875,0.095,3.1,22.8,23.0098,0.124167,0.874284,1.2775,-0.0145313,-0.1425,0,0
59355788192926,APPROACHING,322.9,262.9,0.0090625,0.0954167,2.9,22.9,23.0829,0.124583,0.892003,1.27625,-0.0135937,-0.143125,0,0
59355827667780,APPROACHING,322.8,263,0.00875,0.0958333,2.8,23,23.1698,0.125,0.874934,1.275,-0.013125,-0.14375,0,0
59355874747769,APPROACHING,322.7,263,0.0084375,0.0958333,2.7,23,23.1579,0.125,0.707587,1.275,-0.0126562,-0.14375,0,0
59355976767867,APPROACHING,322.3,262.9,0.0071875,0.0954167,2.3,22.9,23.0152,0.125417,0.810467,1.27375,-0.0107813,-0.143125,0,0
59355998512014,APPROACHING,321.9,262.8,0.0059375,0.095,1.9,22.8,22.879,0.125833,0.815873,1.2725,-0.00890625,-0.1425,0,0
59356093881275,APPROACHING,321.5,262.7,0.0046875,0.0945833,1.5,22.7,22.7495,0.12625,0.831373,1.27125,-0.00703125,-0.141875,0,0
59356128133315,APPROACHING,321.1,262.6,0.0034375,0.0941667,1.1,22.6,22.6268,0.126667,0.86487,1.27,-0.00515625,-0.14125,0,0
59356217716334,APPROACHING,320.6,262.6,0.001875,0.0941667,0.6,22.6,22.608,0.1275,0.872974,1.2675,-0.0028125,-0.14125,0,0
59356261208738,APPROACHING,320.3,262.7,0.0009375,0.0945833,0.3,22.7,22.702,0.127917,0.888527,1.26625,-0.00140625,-0.141875,0,0
59356309737251,APPROACHING,320,262.8,0,0.095,0,22.8,22.8,0.128333,0.884349,1.265,-0,-0.1425,0,0
59356388853218,APPROACHING,319.7,262.9,-0.0009375,0.0954167,-0.3,22.9,22.902,0.129583,0.874284,1.26125,0.00140625,-0.143125,0,0
59356427278604,APPROACHING,319.4,263,-0.001875,0.0958333,-0.6,23,23.0078,0.130833,0.884954,1.2575,0.0028125,-0.14375,0,0
59356488858994,APPROACHING,319.2,263.1,-0.0025,0.09625,-0.8,23.1,23.1138,0.13125,0.90291,1.25625,0.00375,-0.144375,0,0
59356567899257,APPROACHING,319,263.1,-0.003125,0.09625,-1,23.1,23.1216,0.132083,0.888527,1.25375,0.0046875,-0.144375,0,0
59356614187947,APPROACHING,318.7,263.1,-0.0040625,0.09625,-1.3,23.1,23.1366,0.132917,0.886156,1.25125,0.00609375,-0.144375,0,0
59356678057419,APPROACHING,318.6,263.1,-0.004375,0.09625,-1.4,23.1,23.1424,0.132917,0.887938,1.25125,0.0065625,-0.144375,0,0
59356734639422,APPROACHING,318.4,263.1,-0.005,0.09625,-1.6,23.1,23.1553,0.132917,0.88313,1.25125,0.0075,-0.144375,0,0
59356829660793,APPROACHING,318.3,262.9,-0.0053125,0.0954167,-1.7,22.9,22.963,0.13375,0.891431,1.24875,0.00796875,-0.143125,0,0
59356877350729,APPROACHING,318.1,262.8,-0.0059375,0.095,-1.9,22.8,22.879,0.134167,0.890277,1.2475,0.00890625,-0.1425,0,0
59356932561468,APPROACHING,318.1,262.8,-0.0059375,0.095,-1.9,22.8,22.879,0.135,0.876868,1.245,0.00890625,-0.1425,0,0
59357007550421,APPROACHING,318,262.8,-0.00625,0.095,-2,22.8,22.8876,0.135833,0.881281,1.2425,0.009375,-0.1425,0,0
59357088045818,APPROACHING,317.9,262.6,-0.0065625,0.0941667,-2.1,22.6,22.6974,0.136667,0.88374,1.24,0.00984375,-0.14125,0,0
59357124595254,APPROACHING,317.7,262.5,-0.0071875,0.09375,-2.3,22.5,22.6173,0.137083,0.88374,1.23875,0.0107813,-0.140625,0,0
59357187544759,APPROACHING,317.7,262.5,-0.0071875,0.09375,-2.3,22.5,22.6173,0.137917,0.886753,1.23625,0.0107813,-0.140625,0,0
59357234287081,APPROACHING,317.4,262.4,-0.008125,0.0933333,-2.6,22.4,22.5504,0.138333,0.884954,1.235,0.0121875,-0.14,0,0
59357295821915,APPROACHING,317.1,262.3,-0.0090625,0.0929167,-2.9,22.3,22.4878,0.13875,0.89649,1.23375,0.0135937,-0.139375,0,0
59357358653531,APPROACHING,317,262.4,-0.009375,0.0933333,-3,22.4,22.6,0.139167,0.877507,1.2325,0.0140625,-0.14,0,0
59357451530247,APPROACHING,316.8,262.5,-0.01,0.09375,-3.2,22.5,22.7264,0.139583,0.892003,1.23125,0.015,-0.140625,0,0
59357518708841,APPROACHING,316.5,262.5,-0.0109375,0.09375,-3.5,22.5,22.7706,0.140417,0.892003,1.22875,0.0164062,-0.140625,0,0
59357559933015,APPROACHING,316.5,262.5,-0.0109375,0.09375,-3.5,22.5,22.7706,0.14125,0.884954,1.22625,0.0164062,-0.140625,0,0
59357608526435,APPROACHING,316.3,262.5,-0.0115625,0.09375,-3.7,22.5,22.8022,0.142083,0.882516,1.22375,0.0173437,-0.140625,0,0
59357681505826,APPROACHING,316,262.5,-0.0125,0.09375,-4,22.5,22.8528,0.142917,0.8819,1.22125,0.01875,-0.140625,0,0
59357735106911,APPROACHING,315.8,262.6,-0.013125,0.0941667,-4.2,22.6,22.987,0.144167,0.893141,1.2175,0.0196875,-0.14125,0,0
59357823295500,APPROACHING,315.5,262.6,-0.0140625,0.0941667,-4.5,22.6,23.0437,0.145,0.860657,1.215,0.0210938,-0.14125,0,0
59357870340027,APPROACHING,315.2,262.6,-0.015,0.0941667,-4.8,22.6,23.1041,0.145833,0.870988,1.2125,0.0225,-0.14125,0,0
59357918944022,APPROACHING,315.1,262.5,-0.0153125,0.09375,-4.9,22.5,23.0274,0.147083,0.859229,1.20875,0.0229687,-0.140625,0,0
59357993022360,APPROACHING,314.9,262.5,-0.0159375,0.09375,-5.1,22.5,23.0708,0.147917,0.874284,1.20625,0.0239063,-0.140625,0,0
59358079942890,APPROACHING,314.7,262.3,-0.0165625,0.0929167,-5.3,22.3,22.9212,0.14875,0.886753,1.20375,0.0248438,-0.139375,0,0
59358116781494,APPROACHING,314.7,262.2,-0.0165625,0.0925,-5.3,22.2,22.8239,0.149167,0.886753,1.2025,0.0248438,-0.13875,0,0
59358171070655,APPROACHING,314.5,262.1,-0.0171875,0.0920833,-5.5,22.1,22.7741,0.149583,0.889697,1.20125,0.0257813,-0.138125,0,0
59358256262346,APPROACHING,314.1,262,-0.0184375,0.0916667,-5.9,22,22.7774,0.15,0.890855,1.2,0.0276562,-0.1375,0,0
59358303765096,APPROACHING,313.9,261.9,-0.0190625,0.09125,-6.1,21.9,22.7337,0.15125,0.890855,1.19625,0.0285938,-0.136875,0,0
59358353857503,APPROACHING,313.8,261.9,-0.019375,0.09125,-6.2,21.9,22.7607,0.152083,0.906991,1.19375,0.0290625,-0.136875,0,0
59358451636569,APPROACHING,313.5,261.8,-0.0203125,0.0908333,-6.5,21.8,22.7484,0.153333,0.905985,1.19,0.0304688,-0.13625,0,0
59358484687234,APPROACHING,313.3,261.7,-0.0209375,0.0904167,-6.7,21.7,22.7108,0.154583,0.897585,1.18625,0.0314062,-0.135625,0,0
59358554803319,APPROACHING,313.3,261.7,-0.0209375,0.0904167,-6.7,21.7,22.7108,0.155417,0.923084,1.18375,0.0314062,-0.135625,0,0
59358600083932,APPROACHING,313.2,261.6,-0.02125,0.09,-6.8,21.6,22.6451,0.155833,0.88313,1.1825,0.031875,-0.135,0,0
59358695549953,APPROACHING,312.9,261.5,-0.0221875,0.0895833,-7.1,21.5,22.642,0.157083,0.901865,1.17875,0.0332813,-0.134375,0,0
59358733398523,APPROACHING,312.8,261.5,-0.0225,0.0895833,-7.2,21.5,22.6736,0.157917,0.901865,1.17625,0.03375,-0.134375,0,0
59358814409181,APPROACHING,312.8,261.5,-0.0225,0.0895833,-7.2,21.5,22.6736,0.15875,0.910917,1.17375,0.03375,-0.134375,0,0
59358850297504,APPROACHING,312.8,261.5,-0.0225,0.0895833,-7.2,21.5,22.6736,0.159583,0.893141,1.17125,0.03375,-0.134375,0,0
59358928132652,APPROACHING,312.8,261.5,-0.0225,0.0895833,-7.2,21.5,22.6736,0.160417,0.899746,1.16875,0.03375,-0.134375,0,0
59359005042740,APPROACHING,312.8,261.4,-0.0225,0.0891667,-7.2,21.4,22.5788,0.160833,0.90749,1.1675,0.03375,-0.13375,0,0
59359049528740,APPROACHING,312.8,261.3,-0.0225,0.08875,-7.2,21.3,22.484,0.16125,0.897585,1.16625,0.03375,-0.133125,0,0
59359096333932,APPROACHING,312.7,261.2,-0.0228125,0.0883333,-7.3,21.2,22.4216,0.161667,0.905985,1.165,0.0342188,-0.1325,0,0
59359175485436,APPROACHING,312.5,261.1,-0.0234375,0.0879167,-7.5,21.1,22.3933,0.162083,0.907987,1.16375,0.0351562,-0.131875,0,0
59359211127536,APPROACHING,312.3,261,-0.0240625,0.0875,-7.7,21,22.3672,0.1625,0.907987,1.1625,0.0360937,-0.13125,0,0
59359276901291,APPROACHING,312.2,261,-0.024375,0.0875,-7.8,21,22.4018,0.1625,0.907987,1.1625,0.0365625,-0.13125,0,0
59359348637067,APPROACHING,312.1,261,-0.0246875,0.0875,-7.9,21,22.4368,0.1625,0.907987,1.1625,0.0370312,-0.13125,0,0
59359412524723,APPROACHING,312,261,-0.025,0.0875,-8,21,22.4722,0.1625,0.907987,1.1625,0.0375,-0.13125,0,0
59359469657061,APPROACHING,312,261,-0.025,0.0875,-8,21,22.4722,0.1625,0.907987,1.1625,0.0375,-0.13125,0,0
59359527462938,APPROACHING,312,261,-0.025,0.0875,-8,21,22.4722,0.1625,0.907987,1.1625,0.0375,-0.13125,0,0
59359625532635,APPROACHING,311.9,260.9,-0.0253125,0.0870833,-8.1,20.9,22.4147,0.162917,0.918323,1.16125,0.0379688,-0.130625,0,0
59359671476824,APPROACHING,311.8,260.8,-0.025625,0.0866667,-8.2,20.8,22.358,0.163333,0.909462,1.16,0.0384375,-0.13,0,0
59359719674151,APPROACHING,311.6,260.7,-0.02625,0.08625,-8.4,20.7,22.3394,0.16375,0.913762,1.15875,0.039375,-0.129375,0,0
59359778101215,APPROACHING,311.4,260.6,-0.026875,0.0858333,-8.6,20.6,22.3231,0.164167,0.913762,1.1575,0.0403125,-0.12875,0,0
59359857900981,APPROACHING,311.2,260.5,-0.0275,0.0854167,-8.8,20.5,22.309,0.164583,0.913762,1.15625,0.04125,-0.128125,0,0
59359898623671,APPROACHING,311.1,260.5,-0.0278125,0.0854167,-8.9,20.5,22.3486,0.164583,0.913762,1.15625,0.0417187,-0.128125,0,0
59359961264972,APPROACHING,311,260.5,-0.028125,0.0854167,-9,20.5,22.3886,0.164583,0.913762,1.15625,0.0421875,-0.128125,0,0
59360022896454,APPROACHING,311,260.5,-0.028125,0.0854167,-9,20.5,22.3886,0.164583,0.913762,1.15625,0.0421875,-0.128125,0,0
59360101182048,APPROACHING,311,260.5,-0.028125,0.0854167,-9,20.5,22.3886,0.164583,0.913762,1.15625,0.0421875,-0.128125,0,0
59360145464028,APPROACHING,311,260.5,-0.028125,0.0854167,-9,20.5,22.3886,0.164583,0.917429,1.15625,0.0421875,-0.128125,0,0
59360220186758,APPROACHING,311,260.5,-0.028125,0.0854167,-9,20.5,22.3886,0.164583,0.917429,1.15625,0.0421875,-0.128125,0,0
59360275111144,APPROACHING,311,260.5,-0.028125,0.0854167,-9,20.5,22.3886,0.164583,0.917429,1.15625,0.0421875,-0.128125,0,0
59360338814689,APPROACHING,311,260.6,-0.028125,0.0858333,-9,20.6,22.4802,0.165,0.924752,1.155,0.0421875,-0.12875,0,0
59360398985111,APPROACHING,311,260.7,-0.028125,0.08625,-9,20.7,22.5719,0.165417,0.924752,1.15375,0.0421875,-0.129375,0,0
59360459711479,APPROACHING,311,260.8,-0.028125,0.0866667,-9,20.8,22.6636,0.165833,0.924752,1.1525,0.0421875,-0.13,0,0
59360518017525,APPROACHING,311,260.9,-0.028125,0.0870833,-9,20.9,22.7554,0.16625,0.924752,1.15125,0.0421875,-0.130625,0,0
59360589772393,APPROACHING,311,261,-0.028125,0.0875,-9,21,22.8473,0.166667,0.924752,1.15,0.0421875,-0.13125,0,0
59360652880047,APPROACHING,311,261,-0.028125,0.0875,-9,21,22.8473,0.166667,0.924752,1.15,0.0421875,-0.13125,0,0
59360708445343,APPROACHING,310.9,261,-0.0284375,0.0875,-9.1,21,22.8869,0.166667,0.925573,1.15,0.0426563,-0.13125,0,0
59360804721885,APPROACHING,310.8,260.9,-0.02875,0.0870833,-9.2,20.9,22.8353,0.167083,0.929944,1.14875,0.043125,-0.130625,0,0
59360848861105,APPROACHING,310.7,260.8,-0.0290625,0.0866667,-9.3,20.8,22.7844,0.1675,0.921383,1.1475,0.0435938,-0.13,0,0
59360902700766,APPROACHING,310.6,260.6,-0.029375,0.0858333,-9.4,20.6,22.6433,0.168333,0.922662,1.145,0.0440625,-0.12875,0,0
59360977068457,APPROACHING,310.5,260.4,-0.0296875,0.085,-9.5,20.4,22.5036,0.169167,0.921812,1.1425,0.0445312,-0.1275,0,0
59361019690395,APPROACHING,310.4,260.2,-0.03,0.0841667,-9.6,20.2,22.3652,0.17,0.92679,1.14,0.045,-0.12625,0,0
59361121966957,APPROACHING,310.3,260,-0.0303125,0.0833333,-9.7,20,22.2281,0.170833,0.927191,1.1375,0.0454687,-0.125,0,0
59361156533572,APPROACHING,310.2,259.8,-0.030625,0.0825,-9.8,19.8,22.0925,0.171667,0.927191,1.135,0.0459375,-0.12375,0,0
59361231254320,APPROACHING,310,259.8,-0.03125,0.0825,-10,19.8,22.182,0.1725,0.905985,1.1325,0.046875,-0.12375,0,0
59361274385426,APPROACHING,309.8,259.8,-0.031875,0.0825,-10.2,19.8,22.2729,0.173333,0.905985,1.13,0.0478125,-0.12375,0,0
59361347209483,APPROACHING,309.7,259.8,-0.0321875,0.0825,-10.3,19.8,22.3188,0.174167,0.905985,1.1275,0.0482813,-0.12375,0,0
59361393658211,APPROACHING,309.6,259.9,-0.0325,0.0829167,-10.4,19.9,22.4537,0.174583,0.905985,1.12625,0.04875,-0.124375,0,0
59361460061062,APPROACHING,309.6,260,-0.0325,0.0833333,-10.4,20,22.5424,0.175,0.925573,1.125,0.04875,-0.125,0,0
59361534643995,APPROACHING,309.7,260,-0.0321875,0.0833333,-10.3,20,22.4964,0.175,0.928383,1.125,0.0482813,-0.125,0,0
59361574643090,APPROACHING,309.8,260,-0.031875,0.0833333,-10.2,20,22.4508,0.175833,0.918766,1.1225,0.0478125,-0.125,0,0
59361656067879,APPROACHING,309.9,260,-0.0315625,0.0833333,-10.1,20,22.4056,0.176667,0.918766,1.12,0.0473438,-0.125,0,0
59361717992659,APPROACHING,310,260,-0.03125,0.0833333,-10,20,22.3607,0.1775,0.918766,1.1175,0.046875,-0.125,0,0
59361767095989,APPROACHING,310,260,-0.03125,0.0833333,-10,20,22.3607,0.178333,0.918766,1.115,0.046875,-0.125,0,0
59361827853524,APPROACHING,310,260,-0.03125,0.0833333,-10,20,22.3607,0.179167,0.918766,1.1125,0.046875,-0.125,0,0
59361891035308,APPROACHING,310,260,-0.03125,0.0833333,-10,20,22.3607,0.179167,0.918766,1.1125,0.046875,-0.125,0,0
59361971821780,APPROACHING,310,260,-0.03125,0.0833333,-10,20,22.3607,0.179167,0.918766,1.1125,0.046875,-0.125,0,0
59362014129161,APPROACHING,310,260,-0.03125,0.0833333,-10,20,22.3607,0.179167,0.918766,1.1125,0.046875,-0.125,0,0
59362085388972,APPROACHING,310,260,-0.03125,0.0833333,-10,20,22.3607,0.179167,0.918766,1.1125,0.046875,-0.125,0,0
59362148903276,APPROACHING,310,260,-0.03125,0.0833333,-10,20,22.3607,0.179167,0.918766,1.1125,0.046875,-0.125,0,0
59362204457590,APPROACHING,310,260,-0.03125,0.0833333,-10,20,22.3607,0.179167,0.918766,1.1125,0.046875,-0.125,0,0
59362280597843,APPROACHING,310,260,-0.03125,0.0833333,-10,20,22.3607,0.179167,0.915154,1.1125,0.046875,-0.125,0,0
59362327505184,APPROACHING,309.9,260,-0.0315625,0.0833333,-10.1,20,22.4056,0.179167,0.916071,1.1125,0.0473438,-0.125,0,0
59362392373121,APPROACHING,309.8,260.1,-0.031875,0.08375,-10.2,20.1,22.54,0.179583,0.926386,1.11125,0.0478125,-0.125625,0,0
59362464674399,APPROACHING,309.7,260.2,-0.0321875,0.0841667,-10.3,20.2,22.6744,0.18,0.926386,1.11,0.0482813,-0.12625,0,0
59362545245963,APPROACHING,309.6,260.2,-0.0325,0.0841667,-10.4,20.2,22.72,0.180833,0.924338,1.1075,0.04875,-0.12625,0,0
59362578514481,APPROACHING,309.5,260.2,-0.0328125,0.0841667,-10.5,20.2,22.766,0.181667,0.924338,1.105,0.0492188,-0.12625,0,0
59362656521740,APPROACHING,309.5,260.1,-0.0328125,0.08375,-10.5,20.1,22.6773,0.182917,0.90995,1.10125,0.0492188,-0.125625,0,0
59362706995907,APPROACHING,309.5,260,-0.0328125,0.0833333,-10.5,20,22.5887,0.184167,0.919647,1.0975,0.0492188,-0.125,0,0
59362802783355,APPROACHING,309.7,259.9,-0.0321875,0.0829167,-10.3,19.9,22.4076,0.185417,0.897585,1.09375,0.0482813,-0.124375,0,0
59362830909393,APPROACHING,309.9,259.9,-0.0315625,0.0829167,-10.1,19.9,22.3164,0.18625,0.897585,1.09125,0.0473438,-0.124375,0,0
59362898256598,APPROACHING,310.1,259.9,-0.0309375,0.0829167,-9.9,19.9,22.2266,0.187083,0.897585,1.08875,0.0464062,-0.124375,0,0
59362950023104,APPROACHING,310.3,260,-0.0303125,0.0833333,-9.7,20,22.2281,0.1875,0.897585,1.0875,0.0454687,-0.125,0,0
59363008931910,APPROACHING,310.5,260,-0.0296875,0.0833333,-9.5,20,22.1416,0.1875,0.897585,1.0875,0.0445312,-0.125,0,0
59363080360777,APPROACHING,310.5,260,-0.0296875,0.0833333,-9.5,20,22.1416,0.1875,0.897585,1.0875,0.0445312,-0.125,0,0
59363150499695,APPROACHING,310.5,260,-0.0296875,0.0833333,-9.5,20,22.1416,0.1875,0.897585,1.0875,0.0445312,-0.125,0,0
59363207541774,APPROACHING,310.5,260,-0.0296875,0.0833333,-9.5,20,22.1416,0.1875,0.897585,1.0875,0.0445312,-0.125,0,0
59363256369584,APPROACHING,310.5,260,-0.0296875,0.0833333,-9.5,20,22.1416,0.1875,0.897585,1.0875,0.0445312,-0.125,0,0
59363332527430,APPROACHING,310.5,260,-0.0296875,0.0833333,-9.5,20,22.1416,0.1875,0.897585,1.0875,0.0445312,-0.125,0,0
59363385122493,APPROACHING,310.5,260,-0.0296875,0.0833333,-9.5,20,22.1416,0.1875,0.897585,1.0875,0.0445312,-0.125,0,0
59363447785794,APPROACHING,310.5,260,-0.0296875,0.0833333,-9.5,20,22.1416,0.1875,0.897585,1.0875,0.0445312,-0.125,0,0
59363546300010,APPROACHING,310.4,260,-0.03,0.0833333,-9.6,20,22.1847,0.1875,0.898671,1.0875,0.045,-0.125,0,0
59363581666183,APPROACHING,310.3,260,-0.0303125,0.0833333,-9.7,20,22.2281,0.1875,0.898671,1.0875,0.0454687,-0.125,0,0
59363634001098,APPROACHING,310.3,260,-0.0303125,0.0833333,-9.7,20,22.2281,0.188333,0.91235,1.085,0.0454687,-0.125,0,0
59363711818449,APPROACHING,310.3,260,-0.0303125,0.0833333,-9.7,20,22.2281,0.189167,0.897039,1.0825,0.0454687,-0.125,0,0
59363758454345,APPROACHING,310.3,260,-0.0303125,0.0833333,-9.7,20,22.2281,0.19,0.897039,1.08,0.0454687,-0.125,0,0
59363821024941,APPROACHING,310.4,260,-0.03,0.0833333,-9.6,20,22.1847,0.190833,0.897039,1.0775,0.045,-0.125,0,0
59363890511617,APPROACHING,310.5,260,-0.0296875,0.0833333,-9.5,20,22.1416,0.191667,0.897039,1.075,0.0445312,-0.125,0,0
59363953508678,APPROACHING,310.5,260,-0.0296875,0.0833333,-9.5,20,22.1416,0.191667,0.897039,1.075,0.0445312,-0.125,0,0
59364009762309,APPROACHING,310.5,260,-0.0296875,0.0833333,-9.5,20,22.1416,0.191667,0.897039,1.075,0.0445312,-0.125,0,0
59364067280833,APPROACHING,310.5,260,-0.0296875,0.0833333,-9.5,20,22.1416,0.191667,0.897039,1.075,0.0445312,-0.125,0,0
59364149947682,APPROACHING,310.4,259.9,-0.03,0.0829167,-9.6,19.9,22.0946,0.192083,0.894268,1.07375,0.045,-0.124375,0,0
59364200950870,APPROACHING,310.3,259.8,-0.0303125,0.0825,-9.7,19.8,22.0484,0.1925,0.908481,1.0725,0.0454687,-0.12375,0,0
59364265332028,APPROACHING,310.1,259.7,-0.0309375,0.0820833,-9.9,19.7,22.0477,0.19375,0.90291,1.06875,0.0464062,-0.123125,0,0
59364325904322,APPROACHING,309.9,259.6,-0.0315625,0.0816667,-10.1,19.6,22.0493,0.195,0.90291,1.065,0.0473438,-0.1225,0,0
59364385107574,APPROACHING,309.7,259.5,-0.0321875,0.08125,-10.3,19.5,22.0531,0.19625,0.906991,1.06125,0.0482813,-0.121875,0,0
59364476588508,APPROACHING,309.7,259.4,-0.0321875,0.0808333,-10.3,19.4,21.9647,0.1975,0.88313,1.0575,0.0482813,-0.12125,0,0
59364502496816,APPROACHING,309.7,259.2,-0.0321875,0.08,-10.3,19.2,21.7883,0.199167,0.880659,1.0525,0.0482813,0,0,0
59364591478353,APPROACHING,309.6,259,-0.0325,0.0791667,-10.4,19,21.6601,0.2,0.893706,1.05,0.04875,0,0,0
59364634552477,APPROACHING,309.5,258.8,-0.0328125,0.0783333,-10.5,18.8,21.5335,0.200833,0.893706,1.0475,0.0492188,0,0,0
59364696556146,APPROACHING,309.4,258.6,-0.033125,0.0775,-10.6,18.6,21.4084,0.201667,0.894827,1.045,0.0496875,0,0,0
59364791731851,APPROACHING,309.2,258.4,-0.03375,0.0766667,-10.8,18.4,21.3354,0.2025,0.886753,1.0425,0.050625,0,0,0
59364820299798,APPROACHING,309,258.3,-0.034375,0.07625,-11,18.3,21.3516,0.202917,0.886753,1.04125,0.0515625,0,0,0
59364892469167,APPROACHING,308.9,258.5,-0.0346875,0.0770833,-11.1,18.5,21.5745,0.20375,0.879407,1.03875,0.0520313,0,0,0
59364940983995,APPROACHING,308.8,258.8,-0.035,0.0783333,-11.2,18.8,21.8833,0.205,0.90995,1.035,0.0525,0,0,0
59365000905324,APPROACHING,308.7,259.2,-0.0353125,0.08,-11.3,19.2,22.2785,0.205833,0.898671,1.0325,0.0529688,0,0,0
59365066012244,APPROACHING,308.7,259.8,-0.0353125,0.0825,-11.3,19.8,22.7976,0.206667,0.899209,1.03,0.0529688,-0.12375,0,0
59365149020501,APPROACHING,308.7,260.7,-0.0353125,0.08625,-11.3,20.7,23.5835,0.207917,0.884954,1.02625,0.0529688,-0.129375,0,0
59365219621717,APPROACHING,308.9,261.3,-0.0346875,0.08875,-11.1,21.3,24.0187,0.20875,0.87032,1.02375,0.0520313,-0.133125,0,0
59365256216172,APPROACHING,309.1,261.9,-0.0340625,0.09125,-10.9,21.9,24.4626,0.20875,0.886753,1.02375,0.0510937,-0.136875,0,0
59365332536203,APPROACHING,309.1,262.7,-0.0340625,0.0945833,-10.9,22.7,25.1813,0.209583,0.878776,1.02125,0.0510937,-0.141875,0,0
59365386457975,APPROACHING,309,263.5,-0.034375,0.0979167,-11,23.5,25.9471,0.210417,0.846586,1.01875,0.0515625,-0.146875,0,0
59365434557783,APPROACHING,309,263.9,-0.034375,0.0995833,-11,23.9,26.3099,0.21125,0.296108,1.01625,0.0515625,-0.149375,0,0
59365527850482,APPROACHING,308.8,264.3,-0.035,0.10125,-11.2,24.3,26.7569,0.212083,0.893141,1.01375,0.0525,-0.151875,0,0
59365560312682,APPROACHING,308.6,264.5,-0.035625,0.102083,-11.4,24.5,27.0224,0.21375,0.86487,1.00875,0.0534375,-0.153125,0,0
59365646221690,APPROACHING,308.7,264.4,-0.0353125,0.101667,-11.3,24.4,26.8896,0.215,0.874284,1.005,0.0529688,-0.1525,0,0
59365706670317,APPROACHING,308.8,264.2,-0.035,0.100833,-11.2,24.2,26.6661,0.216667,0.860657,1,0.0525,-0.15125,0,0
59365754668309,APPROACHING,308.8,264,-0.035,0.1,-11.2,24,26.4847,0.218333,0.742999,0.995,0.0525,-0.15,0,0
59365827754645,APPROACHING,309,263.8,-0.034375,0.0991667,-11,23.8,26.2191,0.22,0.698923,0.99,0.0515625,-0.14875,0,0
59365874984987,APPROACHING,309.1,263.7,-0.0340625,0.09875,-10.9,23.7,26.0864,0.22125,0.635873,0.98625,0.0510937,-0.148125,0,0
59365947156060,APPROACHING,309.2,263.6,-0.03375,0.0983333,-10.8,23.6,25.9538,0.2225,0.670776,0.9825,0.050625,-0.1475,0,0
59365993252806,APPROACHING,309.3,263.4,-0.0334375,0.0975,-10.7,23.4,25.7303,0.223333,0.392008,0.98,0.0501562,-0.14625,0,0
59366077676697,APPROACHING,309.4,263.2,-0.033125,0.0966667,-10.6,23.2,25.5069,0.224167,0.477774,0.9775,0.0496875,-0.145,0,0
59366126747120,APPROACHING,309.3,262.9,-0.0334375,0.0954167,-10.7,22.9,25.2765,0.224583,0.269654,0.97625,0.0501562,-0.143125,0,0
59366171944807,APPROACHING,309.3,262.5,-0.0334375,0.09375,-10.7,22.5,24.9147,0.22625,0.25587,0.97125,0.0501562,-0.140625,0,0
59366321436470,APPROACHING,309.3,261.9,-0.0334375,0.09125,-10.7,21.9,24.3742,0.227917,0.693159,0.96625,0.0501562,-0.136875,0,0
59366362204680,APPROACHING,309.2,261.6,-0.03375,0.09,-10.8,21.6,24.1495,0.229167,0.78796,0.9625,0.050625,-0.135,0,0
59366421652859,APPROACHING,309.3,261.3,-0.0334375,0.08875,-10.7,21.3,23.8365,0.230417,0.848461,0.95875,0.0501562,-0.133125,0,0
59366499330913,APPROACHING,309.4,261,-0.033125,0.0875,-10.6,21,23.5236,0.2325,0.839466,0.9525,0.0496875,-0.13125,0,0
59366546655792,APPROACHING,309.5,260.8,-0.0328125,0.0866667,-10.5,20.8,23.3,0.233333,0.847202,0.95,0.0492188,-0.13,0,0
59366614470629,APPROACHING,309.3,260.8,-0.0334375,0.0866667,-10.7,20.8,23.3908,0.235,0.850334,0.945,0.0501562,-0.13,0,0
59366690955661,APPROACHING,309.3,260.6,-0.0334375,0.0858333,-10.7,20.6,23.2131,0.236667,0.824466,0.94,0.0501562,-0.12875,0,0
59366728346563,APPROACHING,309.2,260.3,-0.03375,0.0845833,-10.8,20.3,22.9941,0.237917,0.872976,0.93625,0.050625,-0.126875,0,0
59366828168098,APPROACHING,309.2,260,-0.03375,0.0833333,-10.8,20,22.7297,0.239167,0.856438,0.9325,0.050625,-0.125,0,0
59366862008655,APPROACHING,309.2,259.7,-0.03375,0.0820833,-10.8,19.7,22.4662,0.240417,0.856438,0.92875,0.050625,-0.123125,0,0
59366948204386,APPROACHING,309.3,259.3,-0.0334375,0.0804167,-10.7,19.3,22.0676,0.24125,0.835481,0.92625,0.0501562,-0.120625,0,0
59366995995952,APPROACHING,309.4,258.8,-0.033125,0.0783333,-10.6,18.8,21.5824,0.2425,0.865206,0.9225,0.0496875,0,0,0
59367040242358,APPROACHING,309.2,258.4,-0.03375,0.0766667,-10.8,18.4,21.3354,0.244167,0.852801,0.9175,0.050625,0,0,0
59367143643683,APPROACHING,309.2,258.1,-0.03375,0.0754167,-10.8,18.1,21.0772,0.245417,0.78796,0.91375,0.050625,0,0,0
59367185399729,APPROACHING,309.2,257.7,-0.03375,0.07375,-10.8,17.7,20.7348,0.247083,0.864063,0.90875,0.050625,0,0,0
59367232903369,APPROACHING,309.2,257.5,-0.03375,0.0729167,-10.8,17.5,20.5643,0.24875,0.894942,0.90375,0.050625,0,0,0
59367308686139,APPROACHING,309.2,257.3,-0.03375,0.0720833,-10.8,17.3,20.3944,0.250417,0.887858,0.89875,0.050625,0,0,0
59367355007570,APPROACHING,309.4,257.2,-0.033125,0.0716667,-10.6,17.2,20.204,0.251667,0.881385,0.895,0.0496875,0,0,0
59367465178437,APPROACHING,309.4,257.6,-0.033125,0.0733333,-10.6,17.6,20.5456,0.254167,0.765113,0.8875,0.0496875,0,0,0
59367502002411,APPROACHING,309.4,258.1,-0.033125,0.0754167,-10.6,18.1,20.9755,0.25625,0.765113,0.88125,0.0496875,0,0,0
59367540830929,APPROACHING,309.6,258.6,-0.0325,0.0775,-10.4,18.6,21.3101,0.258333,0.737792,0.875,0.04875,0,0,0
59367636415005,APPROACHING,309.7,259.4,-0.0321875,0.0808333,-10.3,19.4,21.9647,0.260833,0.701399,0.8675,0.0482813,-0.12125,0,0
59367670014987,APPROACHING,309.8,260.2,-0.031875,0.0841667,-10.2,20.2,22.6292,0.263333,0.701399,0.86,0.0478125,-0.12625,0,0
59367739821275,APPROACHING,309.8,260.7,-0.031875,0.08625,-10.2,20.7,23.0766,0.264583,0.75623,0.85625,0.0478125,-0.129375,0,0
59367782798362,APPROACHING,309.9,261.1,-0.0315625,0.0879167,-10.1,21.1,23.3927,0.26625,0.733045,0.85125,0.0473438,-0.131875,0,0
59367858783522,APPROACHING,309.8,261.6,-0.031875,0.09,-10.2,21.6,23.8872,0.268333,0.719465,0.845,0.0478125,-0.135,0,0
59367949754139,APPROACHING,309.6,262.2,-0.0325,0.0925,-10.4,22.2,24.5153,0.269167,0.79915,0.8425,0.04875,-0.13875,0,0
59367992645819,APPROACHING,309.5,262.7,-0.0328125,0.0945833,-10.5,22.7,25.0108,0.27125,0.779693,0.83625,0.0492188,-0.141875,0,0
59368056442660,APPROACHING,309.5,262.9,-0.0328125,0.0954167,-10.5,22.9,25.1925,0.272917,0.787144,0.83125,0.0492188,-0.143125,0,0
59368094777084,APPROACHING,309.4,263.2,-0.033125,0.0966667,-10.6,23.2,25.5069,0.274167,0.772056,0.8275,0.0496875,-0.145,0,0
59368175800020,APPROACHING,309.3,263.3,-0.0334375,0.0970833,-10.7,23.3,25.6394,0.274583,0.840777,0.82625,0.0501562,-0.145625,0,0
59368217160398,APPROACHING,309.5,263.2,-0.0328125,0.0966667,-10.5,23.2,25.4655,0.275833,0.815096,0.8225,0.0492188,-0.145,0,0
59368315224798,APPROACHING,309.6,262.9,-0.0325,0.0954167,-10.4,22.9,25.1509,0.277083,0.775473,0.81875,0.04875,-0.143125,0,0
59368365896540,APPROACHING,309.7,262.5,-0.0321875,0.09375,-10.3,22.5,24.7455,0.27875,0.771196,0.81375,0.0482813,-0.140625,0,0
59368412909474,APPROACHING,309.8,262.1,-0.031875,0.0920833,-10.2,22.1,24.3403,0.280417,0.804577,0.80875,0.0478125,-0.138125,0,0
59368500058967,APPROACHING,309.9,261.6,-0.0315625,0.09,-10.1,21.6,23.8447,0.2825,0.802265,0.8025,0.0473438,-0.135,0,0
59368546999920,APPROACHING,309.8,260.9,-0.031875,0.0870833,-10.2,20.9,23.2562,0.284583,0.79679,0.79625,0.0478125,-0.130625,0,0
59368588512150,APPROACHING,309.8,260.5,-0.031875,0.0854167,-10.2,20.5,22.8974,0.28625,0.785504,0.79125,0.0478125,-0.128125,0,0
59368656672914,APPROACHING,309.7,260.3,-0.0321875,0.0845833,-10.3,20.3,22.7636,0.287917,0.733045,0.78625,0.0482813,-0.126875,0,0
59368754877147,APPROACHING,309.6,259.8,-0.0325,0.0825,-10.4,19.8,22.3652,0.29,0.789586,0.78,0.04875,-0.12375,0,0
59368797856531,APPROACHING,309.8,259.2,-0.031875,0.08,-10.2,19.2,21.7412,0.2925,0.72241,0.7725,0.0478125,0,0,0
59368838827704,APPROACHING,310.1,258.6,-0.0309375,0.0775,-9.9,18.6,21.0706,0.295,0.792008,0.765,0.0464062,0,0,0
59368937316605,APPROACHING,310.4,258,-0.03,0.075,-9.6,18,20.4,0.296667,0.785504,0.76,0.045,0,0,0
59368979811228,APPROACHING,310.8,257.3,-0.02875,0.0720833,-9.2,17.3,19.5941,0.29875,0.80914,0.75375,0.043125,0,0,0
59369027999629,APPROACHING,311.1,256.8,-0.0278125,0.07,-8.9,16.8,19.0118,0.300833,0.807628,0.7475,0.0417187,0,0,0
59369116954147,APPROACHING,311.1,256.3,-0.0278125,0.0679167,-8.9,16.3,18.5715,0.302917,0.79679,0.74125,0.0417187,0,0,0
59369160407013,APPROACHING,311.2,255.9,-0.0275,0.06625,-8.8,15.9,18.1728,0.304583,0.840777,0.73625,0.04125,0,0,0
59369210085326,APPROACHING,311.2,255.6,-0.0275,0.065,-8.8,15.6,17.9109,0.306667,0.8321,0.73,0.04125,0,0,0
59369273256573,APPROACHING,311,255.6,-0.028125,0.065,-9,15.6,18.01,0.308333,0.78796,0.725,0.0421875,0,0,0
59369337232952,APPROACHING,311,255.9,-0.028125,0.06625,-9,15.9,18.2705,0.310417,0.81802,0.71875,0.0421875,0,0,0
59369432848289,APPROACHING,310.9,256.6,-0.0284375,0.0691667,-9.1,16.6,18.9307,0.311667,0.837484,0.715,0.0426563,0,0,0
59369468252536,APPROACHING,310.6,257.3,-0.029375,0.0720833,-9.4,17.3,19.6888,0.312917,0.837484,0.71125,0.0440625,0,0,0
59369525406411,APPROACHING,310.4,258.5,-0.03,0.0770833,-9.6,18.5,20.8425,0.315417,0.899,0.70375,0.045,0,0,0
59369594124473,APPROACHING,310.4,259.7,-0.03,0.0820833,-9.6,19.7,21.9146,0.31875,0.881385,0.69375,0.045,-0.123125,0,0
59369666860103,APPROACHING,310.4,260.8,-0.03,0.0866667,-9.6,20.8,22.9085,0.321667,0.899442,0.685,0.045,-0.13,0,0
59369716746121,APPROACHING,310.6,261.8,-0.029375,0.0908333,-9.4,21.8,23.7403,0.325,0.913486,0.675,0.0440625,-0.13625,0,0
59369763420998,APPROACHING,310.8,263,-0.02875,0.0958333,-9.2,23,24.7718,0.329167,0.889308,0.6625,0.043125,-0.14375,0,0
59369868098568,APPROACHING,310.9,263.7,-0.0284375,0.09875,-9.1,23.7,25.387,0.332083,0.914254,0.65375,0.0426563,-0.148125,0,0
59369903855798,APPROACHING,311,264.2,-0.028125,0.100833,-9,24.2,25.8194,0.334167,0.914254,0.6475,0.0421875,-0.15125,0,0
59369960141281,APPROACHING,311,264.7,-0.028125,0.102917,-9,24.7,26.2886,0.33625,0.91946,0.64125,0.0421875,-0.154375,0,0
59370054378743,APPROACHING,310.9,265.2,-0.0284375,0.105,-9.1,25.2,26.7927,0.338333,0.854629,0.635,0.0426563,-0.1575,0,0
59370092263183,APPROACHING,310.8,265.5,-0.02875,0.10625,-9.2,25.5,27.1089,0.339583,0.854629,0.63125,0.043125,-0.159375,0,0
59370164429034,APPROACHING,310.9,265.7,-0.0284375,0.107083,-9.1,25.7,27.2635,0.340417,0.893557,0.62875,0.0426563,-0.160625,0,0
59370208121142,APPROACHING,310.9,265.9,-0.0284375,0.107917,-9.1,25.9,27.4521,0.34125,0.88341,0.62625,0.0426563,-0.161875,0,0
59370271239963,APPROACHING,311.2,265.6,-0.0275,0.106667,-8.8,25.6,27.0703,0.343333,0.882401,0.62,0.04125,-0.16,0,0
59370345412876,APPROACHING,311.4,265.1,-0.026875,0.104583,-8.6,25.1,26.5324,0.344583,0.844016,0.61625,0.0403125,-0.156875,0,0
59370390135099,APPROACHING,311.7,264.5,-0.0259375,0.102083,-8.3,24.5,25.8677,0.34625,0.832781,0.61125,0.0389063,-0.153125,0,0
59370501060449,APPROACHING,311.8,263.5,-0.025625,0.0979167,-8.2,23.5,24.8896,0.34875,0.793611,0.60375,0.0384375,-0.146875,0,0
59370528351540,APPROACHING,312,262.5,-0.025,0.09375,-8,22.5,23.8799,0.35125,0.793611,0.59625,0.0375,-0.140625,0,0
59370612396819,APPROACHING,311.9,261.7,-0.0253125,0.0904167,-8.1,21.7,23.1625,0.352917,0.836818,0.59125,0.0379688,-0.135625,0,0
59370656351761,APPROACHING,312.1,260.7,-0.0246875,0.08625,-7.9,20.7,22.1563,0.355417,0.763354,0.58375,0.0370312,-0.129375,0,0
59370698523883,APPROACHING,312.1,259.8,-0.0246875,0.0825,-7.9,19.8,21.3178,0.3575,0.743417,0.5775,0.0370312,-0.12375,0,0
59370794527387,APPROACHING,312.1,258.9,-0.0246875,0.07875,-7.9,18.9,20.4846,0.359583,0.772914,0.57125,0.0370312,0,0,0
59370833644628,APPROACHING,312.2,257.9,-0.024375,0.0745833,-7.8,17.9,19.5256,0.362083,0.838808,0.56375,0.0365625,0,0,0
59370893336030,APPROACHING,312.3,257.1,-0.0240625,0.07125,-7.7,17.1,18.7537,0.36375,0.838808,0.55875,0.0360937,0,0,0
59370984735241,APPROACHING,312.4,256.2,-0.02375,0.0675,-7.6,16.2,17.8941,0.365833,0.80149,0.5525,0.035625,0,0,0
59371028559924,APPROACHING,312.5,255.3,-0.0234375,0.06375,-7.5,15.3,17.0394,0.367917,0.834135,0.54625,0.0351562,0,0,0
59371092924527,APPROACHING,312.6,254.7,-0.023125,0.06125,-7.4,14.7,16.4575,0.36875,0.80914,0.54375,0.0346875,0,0,0
59371172353864,APPROACHING,312.8,253.8,-0.0225,0.0575,-7.2,13.8,15.5653,0.370833,0.793611,0.5375,0.03375,0,0,0
59371207291925,APPROACHING,313.2,252.9,-0.02125,0.05375,-6.8,12.9,14.5825,0.37375,0.708504,0.52875,0.031875,0,0,0
59371274115332,APPROACHING,313.7,252.4,-0.0196875,0.0516667,-6.3,12.4,13.9086,0.375833,0.814359,0.5225,0.0295313,0,0,0
59371322823031,APPROACHING,314.3,251.7,-0.0178125,0.04875,-5.7,11.7,13.0146,0.377917,0.848461,0.51625,0.0267187,0,0,0
59371380844594,APPROACHING,314.9,251.2,-0.0159375,0.0466667,-5.1,11.2,12.3065,0.380833,0.700376,0.5075,0.0239063,0,0,0
59371480774630,APPROACHING,315.2,251.3,-0.015,0.0470833,-4.8,11.3,12.2772,0.382083,0.749878,0.50375,0.0225,0,0,0
59371514295482,APPROACHING,315.3,251.4,-0.0146875,0.0475,-4.7,11.4,12.3309,0.3825,0.749878,0.5025,0.0220312,0,0,0
59371566279581,APPROACHING,314.9,251.6,-0.0159375,0.0483333,-5.1,11.6,12.6716,0.383333,0.842727,0.5,0.0239063,0,0,0
59371667202138,APPROACHING,314.5,252,-0.0171875,0.05,-5.5,12,13.2004,0.385,0.849087,0.495,0.0257813,0,0,0
59371705076209,APPROACHING,314.1,252.3,-0.0184375,0.05125,-5.9,12.3,13.6418,0.38625,0.849087,0.49125,0.0276562,0,0,0
59371762688882,APPROACHING,313.8,252.6,-0.019375,0.0525,-6.2,12.6,14.0428,0.3875,0.772914,0.4875,0.0290625,0,0,0
59371817529638,APPROACHING,313.7,253.1,-0.0196875,0.0545833,-6.3,13.1,14.5362,0.389583,0.857634,0.48125,0.0295313,0,0,0
59371900311598,APPROACHING,313.7,253.7,-0.0196875,0.0570833,-6.3,13.7,15.0791,0.392083,0.820189,0.47375,0.0295313,0,0,0
59371943564075,APPROACHING,314,254.4,-0.01875,0.06,-6,14.4,15.6,0.394167,0.870246,0.4675,0.028125,0,0,0
59372001740528,APPROACHING,314.2,255.1,-0.018125,0.0629167,-5.8,15.1,16.1756,0.39625,0.89631,0.46125,0.0271875,0,0,0
59372105553576,APPROACHING,314.4,255.8,-0.0175,0.0658333,-5.6,15.8,16.7631,0.399167,0.88341,0.4525,0.02625,0,0,0
59372134720081,APPROACHING,314.4,256.3,-0.0175,0.0679167,-5.6,16.3,17.2351,0.40125,0.88341,0.44625,0.02625,0,0,0
59372223506579,APPROACHING,314.6,256.9,-0.016875,0.0704167,-5.4,16.9,17.7418,0.402917,0.883912,0.44125,0.0253125,0,0,0
59372265062736,APPROACHING,314.4,257.5,-0.0175,0.0729167,-5.6,17.5,18.3742,0.404583,0.877242,0.43625,0.02625,0,0,0
59372315387014,APPROACHING,314.4,258.1,-0.0175,0.0754167,-5.6,18.1,18.9465,0.40625,0.8859,0.43125,0.02625,0,0,0
59372407363505,APPROACHING,314.4,258.7,-0.0175,0.0779167,-5.6,18.7,19.5205,0.407917,0.875657,0.42625,0.02625,0,0,0
59372459146085,APPROACHING,314.4,259.3,-0.0175,0.0804167,-5.6,19.3,20.096,0.410417,0.884412,0.41875,0.02625,-0.120625,0,0
59372519480600,APPROACHING,314.6,259.7,-0.016875,0.0820833,-5.4,19.7,20.4267,0.412917,0.881894,0.41125,0.0253125,-0.123125,0,0
59372585889691,APPROACHING,314.9,260,-0.0159375,0.0833333,-5.1,20,20.64,0.415,0.881894,0.405,0.0239063,-0.125,0,0
59372642620435,APPROACHING,314.8,260.5,-0.01625,0.0854167,-5.2,20.5,21.1492,0.417083,0.88491,0.39875,0.024375,-0.128125,0,0
59372684636871,APPROACHING,314.8,260.9,-0.01625,0.0870833,-5.2,20.9,21.5372,0.41875,0.882907,0.39375,0.024375,-0.130625,0,0
59372778114811,APPROACHING,315,261.6,-0.015625,0.09,-5,21.6,22.1712,0.42,0.898556,0.39,0.0234375,-0.135,0,0
59372824913855,APPROACHING,314.9,262.2,-0.0159375,0.0925,-5.1,22.2,22.7783,0.420833,0.920894,0.3875,0.0239063,-0.13875,0,0
59372883967515,APPROACHING,314.8,262.9,-0.01625,0.0954167,-5.2,22.9,23.483,0.422083,0.91035,0.38375,0.024375,-0.143125,0,0
59372933659032,APPROACHING,315.1,263.6,-0.0153125,0.0983333,-4.9,23.6,24.1033,0.424167,0.898556,0.3775,0.0229687,-0.1475,0,0
59373002293223,APPROACHING,315.2,264,-0.015,0.1,-4.8,24,24.4753,0.426667,0.897663,0.37,0.0225,-0.15,0,0
59373049761417,APPROACHING,315.4,263.9,-0.014375,0.0995833,-4.6,23.9,24.3387,0.42875,0.903345,0.36375,0.0215625,-0.149375,0,0
59373148378189,APPROACHING,315.5,263.5,-0.0140625,0.0979167,-4.5,23.5,23.927,0.43125,0.876188,0.35625,0.0210938,-0.146875,0,0
59373182090968,APPROACHING,315.6,263,-0.01375,0.0958333,-4.4,23,23.4171,0.433333,0.876188,0.35,0.020625,-0.14375,0,0
59373275728316,APPROACHING,315.7,261.9,-0.0134375,0.09125,-4.3,21.9,22.3182,0.435417,0.830732,0.34375,0.0201563,-0.136875,0,0
59373323951810,APPROACHING,315.8,260.7,-0.013125,0.08625,-4.2,20.7,21.1218,0.437083,0.840123,0.33875,0.0196875,-0.129375,0,0
59373373316992,APPROACHING,315.8,259.5,-0.013125,0.08125,-4.2,19.5,19.9472,0.43875,0.828664,0.33375,0.0196875,-0.121875,0,0
59373469438053,APPROACHING,316,258,-0.0125,0.075,-4,18,18.4391,0.441667,0.841429,0.325,0.01875,0,0,0
59373504437669,APPROACHING,316.2,256.3,-0.011875,0.0679167,-3.8,16.3,16.7371,0.444583,0.846569,0.31625,0.0178125,0,0,0
59373568354789,APPROACHING,316.3,255,-0.0115625,0.0625,-3.7,15,15.4496,0.446667,0.846569,0.31,0.0173437,0,0,0
59373628405729,APPROACHING,316.6,253.6,-0.010625,0.0566667,-3.4,13.6,14.0186,0.449167,0.834135,0.3025,0.0159375,0,0,0
59373681935240,APPROACHING,316.7,252.3,-0.0103125,0.05125,-3.3,12.3,12.735,0.45125,0.880361,0.29625,0.0154688,0,0,0
59373765875797,APPROACHING,316.5,251.2,-0.0109375,0.0466667,-3.5,11.2,11.7341,0.451667,0.880874,0.295,0.0164062,0,0,0
59373802326066,APPROACHING,316.3,250.3,-0.0115625,0.0429167,-3.7,10.3,10.9444,0.452083,0.880874,0.29375,0.0173437,0,0,0
59373893920926,APPROACHING,316.5,248.9,-0.0109375,0.0370833,-3.5,8.9,9.56347,0.45375,0.830732,0.28875,0.0164062,0,0,0
59373955547649,APPROACHING,316.7,247.9,-0.0103125,0.0329167,-3.3,7.9,8.56154,0.454583,0.874591,0.28625,0.0154688,0,0,0
59374002941436,APPROACHING,316.9,247,-0.0096875,0.0291667,-3.1,7,7.65572,0.455833,0.874591,0.2825,0.0145313,0,0,0
59374038541944,APPROACHING,317.4,246.5,-0.008125,0.0270833,-2.6,6.5,7.00071,0.457083,0.874591,0.27875,0.0121875,0,0,0
59374116987501,APPROACHING,317.9,246,-0.0065625,0.025,-2.1,6,6.35689,0.458333,0.874591,0.275,0.00984375,0,0,0
59374179863710,APPROACHING,317.9,245.9,-0.0065625,0.0245833,-2.1,5.9,6.26259,0.45875,0.839466,0.27375,0.00984375,0,0,0
59374249603812,APPROACHING,317.8,245.8,-0.006875,0.0241667,-2.2,5.8,6.20322,0.459167,0.839466,0.2725,0.0103125,0,0,0
59374301004742,APPROACHING,317.7,245.7,-0.0071875,0.02375,-2.3,5.7,6.14654,0.459583,0.839466,0.27125,0.0107813,0,0,0
59374359308584,APPROACHING,317.6,245.6,-0.0075,0.0233333,-2.4,5.6,6.09262,0.46,0.839466,0.27,0.01125,0,0,0
59374412103666,APPROACHING,317.5,245.5,-0.0078125,0.0229167,-2.5,5.5,6.04152,0.460417,0.839466,0.26875,0.0117188,0,0,0
59374479450853,APPROACHING,317.5,245.5,-0.0078125,0.0229167,-2.5,5.5,6.04152,0.460417,0.839466,0.26875,0.0117188,0,0,0
59374549615457,APPROACHING,317.5,245.5,-0.0078125,0.0229167,-2.5,5.5,6.04152,0.460417,0.839466,0.26875,0.0117188,0,0,0
59374609669064,APPROACHING,317.5,245.5,-0.0078125,0.0229167,-2.5,5.5,6.04152,0.460417,0.839466,0.26875,0.0117188,0,0,0
59374670656896,APPROACHING,317.6,245.5,-0.0075,0.0229167,-2.4,5.5,6.00083,0.460417,0.800712,0.26875,0.01125,0,0,0
59374761321586,APPROACHING,317.7,245.7,-0.0071875,0.02375,-2.3,5.7,6.14654,0.46125,0.839466,0.26625,0.0107813,0,0,0
59374797653170,APPROACHING,317.8,245.9,-0.006875,0.0245833,-2.2,5.9,6.29682,0.462083,0.839466,0.26375,0.0103125,0,0,0
59374856530958,APPROACHING,317.8,246,-0.006875,0.025,-2.2,6,6.39062,0.463333,0.842727,0.26,0.0103125,0,0,0
59374913436684,APPROACHING,317.8,246.2,-0.006875,0.0258333,-2.2,6.2,6.57875,0.464167,0.884412,0.2575,0.0103125,0,0,0
59374977647879,APPROACHING,317.6,246.5,-0.0075,0.0270833,-2.4,6.5,6.92892,0.465417,0.887371,0.25375,0.01125,0,0,0
59375051179086,APPROACHING,317.4,246.7,-0.008125,0.0279167,-2.6,6.7,7.18679,0.46625,0.839466,0.25125,0.0121875,0,0,0
59375095866568,APPROACHING,317.1,247.2,-0.0090625,0.03,-2.9,7.2,7.76209,0.4675,0.845297,0.2475,0.0135937,0,0,0
59375179551920,APPROACHING,317,247.7,-0.009375,0.0320833,-3,7.7,8.26378,0.46875,0.906287,0.24375,0.0140625,0,0,0
59375222977694,APPROACHING,316.9,248.1,-0.0096875,0.03375,-3.1,8.1,8.67295,0.470417,0.906287,0.23875,0.0145313,0,0,0
59375312391862,APPROACHING,316.8,248.6,-0.01,0.0358333,-3.2,8.6,9.17606,0.4725,0.875125,0.2325,0.015,0,0,0
59375361487803,APPROACHING,316.7,248.9,-0.0103125,0.0370833,-3.3,8.9,9.4921,0.474583,0.89631,0.22625,0.0154688,0,0,0
59375412561787,APPROACHING,316.7,249,-0.0103125,0.0375,-3.3,9,9.58593,0.476667,0.875657,0.22,0.0154688,0,0,0
59375507430214,APPROACHING,316.7,249.5,-0.0103125,0.0395833,-3.3,9.5,10.0568,0.477917,0.881385,0.21625,0.0154688,0,0,0
59375543738316,APPROACHING,316.8,250,-0.01,0.0416667,-3.2,10,10.4995,0.48,0.892157,0.21,0.015,0,0,0
59375638686613,APPROACHING,316.9,250.4,-0.0096875,0.0433333,-3.1,10.4,10.8522,0.480833,0.877767,0.2075,0.0145313,0,0,0
59375666336056,APPROACHING,317,250.9,-0.009375,0.0454167,-3,10.9,11.3053,0.482083,0.914636,0.20375,0.0140625,0,0,0
59375744996744,APPROACHING,317.1,251.4,-0.0090625,0.0475,-2.9,11.4,11.7631,0.4825,0.855234,0.2025,0.0135937,0,0,0
59375784990821,APPROACHING,317.1,251.5,-0.0090625,0.0479167,-2.9,11.5,11.86,0.48375,0.744346,0.19875,0.0135937,0,0,0
59375847865604,APPROACHING,316.9,251.7,-0.0096875,0.04875,-3.1,11.7,12.1037,0.485417,0.919821,0.19375,0.0145313,0,0,0
59375921129292,APPROACHING,317,251.9,-0.009375,0.0495833,-3,11.9,12.2723,0.487083,0.877242,0.18875,0.0140625,0,0,0
59375962492837,APPROACHING,317,252.2,-0.009375,0.0508333,-3,12.2,12.5634,0.489167,0.885406,0.1825,0.0140625,0,0,0
59376051076076,APPROACHING,316.8,252.5,-0.01,0.0520833,-3.2,12.5,12.9031,0.492083,0.890265,0.17375,0.015,0,0,0
59376103360861,APPROACHING,316.9,253,-0.0096875,0.0541667,-3.1,13,13.3645,0.494167,0.88341,0.1675,0.0145313,0,0,0
59376146661504,APPROACHING,317.1,253.4,-0.0090625,0.0558333,-2.9,13.4,13.7102,0.495,0.895856,0.165,0.0135937,0,0,0
59376234672112,APPROACHING,317,253.7,-0.009375,0.0570833,-3,13.7,14.0246,0.497083,0.906701,0.15875,0.0140625,0,0,0
59376271880606,APPROACHING,317,253.9,-0.009375,0.0579167,-3,13.9,14.2201,0.497917,0.906701,0.15625,0.0140625,0,0,0
59376335116223,APPROACHING,317.2,254,-0.00875,0.0583333,-2.8,14,14.2773,0.498333,0.906701,0.155,0.013125,0,0,0
59376406780258,APPROACHING,317.1,254,-0.0090625,0.0583333,-2.9,14,14.2972,0.499167,0.906701,0.1525,0.0135937,0,0,0
59376462346739,APPROACHING,317,254,-0.009375,0.0583333,-3,14,14.3178,0.5,0.906701,0.15,0.0140625,0,0,0
59376516586197,APPROACHING,317,254,-0.009375,0.0583333,-3,14,14.3178,0.5,0.906701,0.15,0.0140625,0,0,0
59376583730735,APPROACHING,317,254,-0.009375,0.0583333,-3,14,14.3178,0.5,0.906701,0.15,0.0140625,0,0,0
59376647845596,REACHED,317,254,-0.009375,0.0583333,-3,14,14.3178,0.5,0.906701,0,0,0,0,0
59376710722823,REACHED,317.1,254,-0.0090625,0.0583333,-2.9,14,14.2972,0.5,0.87189,0,0,0,0,0
59376803795244,REACHED,317.2,254.1,-0.00875,0.05875,-2.8,14.1,14.3753,0.500417,0.938929,0,0,0,0,0
59376844948695,REACHED,317.3,254.2,-0.0084375,0.0591667,-2.7,14.2,14.4544,0.500833,0.938929,0,0,0,0,0
59376896134236,REACHED,317.4,254.4,-0.008125,0.06,-2.6,14.4,14.6328,0.500833,0.915395,0,0,0,0,0
59376967990363,REACHED,317.5,254.6,-0.0078125,0.0608333,-2.5,14.6,14.8125,0.500833,0.915395,0,0,0,0,0
59377021127003,REACHED,317.6,254.7,-0.0075,0.06125,-2.4,14.7,14.8946,0.500417,0.908745,0,0,0,0,0
59377104422557,REACHED,317.7,254.8,-0.0071875,0.0616667,-2.3,14.8,14.9777,0.5,0.901194,0,0,0,0,0
59377139839805,REACHED,317.8,254.9,-0.006875,0.0620833,-2.2,14.9,15.0615,0.499583,0.897214,0,0,0,0,0
59377209786889,REACHED,317.9,254.8,-0.0065625,0.0616667,-2.1,14.8,14.9482,0.5,0.92573,0,0,0,0,0
59377268846863,REACHED,318,254.9,-0.00625,0.0620833,-2,14.9,15.0336,0.500417,0.914254,0,0,0,0,0
59377333919024,REACHED,318.3,255.1,-0.0053125,0.0629167,-1.7,15.1,15.1954,0.50125,0.457405,0,0,0,0,0
59377431749867,REACHED,318.3,255.2,-0.0053125,0.0633333,-1.7,15.2,15.2948,0.501667,0.921954,0,0,0,0,0
59377467584746,REACHED,318.3,255.3,-0.0053125,0.06375,-1.7,15.3,15.3942,0.502083,0.921954,0,0,0,0,0
59377539001854,REACHED,318.3,255.4,-0.0053125,0.0641667,-1.7,15.4,15.4935,0.5025,0.907932,0,0,0,0,0
59377585157951,REACHED,318.5,255.4,-0.0046875,0.0641667,-1.5,15.4,15.4729,0.5025,0.907113,0,0,0,0,0
59377652407379,REACHED,318.2,255.2,-0.005625,0.0633333,-1.8,15.2,15.3062,0.5025,0.932167,0,0,0,0,0
59377735629396,REACHED,318.3,255.1,-0.0053125,0.0629167,-1.7,15.1,15.1954,0.502083,0.908745,0,0,0,0,0
59377771756201,REACHED,318.4,255.1,-0.005,0.0629167,-1.6,15.1,15.1845,0.502083,0.920538,0,0,0,0,0
59377844883981,REACHED,318.5,255.1,-0.0046875,0.0629167,-1.5,15.1,15.1743,0.50125,0.90249,0,0,0,0,0
59377897363878,REACHED,318.4,255,-0.005,0.0625,-1.6,15,15.0851,0.500833,0.879329,0,0,0,0,0
59377980820637,REACHED,318.4,255.1,-0.005,0.0629167,-1.6,15.1,15.1845,0.500417,0.907523,0,0,0,0,0
59378025372322,REACHED,318.5,255.1,-0.0046875,0.0629167,-1.5,15.1,15.1743,0.50125,0.913099,0,0,0,0,0
59378070339471,REACHED,318.4,254.9,-0.005,0.0620833,-1.6,14.9,14.9857,0.50125,0.928044,0,0,0,0,0
59378172909719,REACHED,318.4,254.9,-0.005,0.0620833,-1.6,14.9,14.9857,0.50125,0.922653,0,0,0,0,0
59378208530912,REACHED,318.4,255,-0.005,0.0625,-1.6,15,15.0851,0.501667,0.917265,0,0,0,0,0
59378311353587,REACHED,318.5,255,-0.0046875,0.0625,-1.5,15,15.0748,0.501667,0.900322,0,0,0,0,0
59378351689388,REACHED,318.2,255,-0.005625,0.0625,-1.8,15,15.1076,0.501667,0.909551,0,0,0,0,0
59378389640977,REACHED,318.2,255.2,-0.005625,0.0633333,-1.8,15.2,15.3062,0.501667,0.913099,0,0,0,0,0
59378446745926,REACHED,318.1,255.1,-0.0059375,0.0629167,-1.9,15.1,15.2191,0.502083,0.943256,0,0,0,0,0
59378509481171,REACHED,318,254.9,-0.00625,0.0620833,-2,14.9,15.0336,0.502083,0.891214,0,0,0,0,0
59378584416291,REACHED,318,254.8,-0.00625,0.0616667,-2,14.8,14.9345,0.5025,0.927061,0,0,0,0,0
59378649439247,REACHED,318.2,254.7,-0.005625,0.06125,-1.8,14.7,14.8098,0.502083,0.881385,0,0,0,0,0
59378726833912,REACHED,318.2,254.7,-0.005625,0.06125,-1.8,14.7,14.8098,0.502083,0.921602,0,0,0,0,0
59378776974116,REACHED,318.4,254.8,-0.005,0.0616667,-1.6,14.8,14.8862,0.501667,0.886883,0,0,0,0,0
59378819362979,REACHED,318.4,254.9,-0.005,0.0620833,-1.6,14.9,14.9857,0.502083,0.892157,0,0,0,0,0
59378916314616,REACHED,318.4,254.9,-0.005,0.0620833,-1.6,14.9,14.9857,0.502083,0.901628,0,0,0,0,0
59378959117184,REACHED,318.3,255,-0.0053125,0.0625,-1.7,15,15.096,0.5025,0.919098,0,0,0,0,0
59379005291171,REACHED,318.4,255,-0.005,0.0625,-1.6,15,15.0851,0.5025,0.907932,0,0,0,0,0
59379077318762,REACHED,318.2,255,-0.005625,0.0625,-1.8,15,15.1076,0.503333,0.875657,0,0,0,0,0
59379149300612,REACHED,318.3,255,-0.0053125,0.0625,-1.7,15,15.096,0.503333,0.918735,0,0,0,0,0
59379199162260,REACHED,318.3,255.1,-0.0053125,0.0629167,-1.7,15.1,15.1954,0.502917,0.892157,0,0,0,0,0
59379257707047,REACHED,318.2,255.2,-0.005625,0.0633333,-1.8,15.2,15.3062,0.5025,0.911538,0,0,0,0,0
59379335205212,REACHED,318.2,255.2,-0.005625,0.0633333,-1.8,15.2,15.3062,0.5025,0.876188,0,0,0,0,0
59379385727602,REACHED,318.1,255.1,-0.0059375,0.0629167,-1.9,15.1,15.2191,0.502083,0.912322,0,0,0,0,0
59379458445029,REACHED,318,255.1,-0.00625,0.0629167,-2,15.1,15.2319,0.502083,0.908339,0,0,0,0,0
59379521949666,REACHED,317.9,255.2,-0.0065625,0.0633333,-2.1,15.2,15.3444,0.5025,0.88491,0,0,0,0,0
59379565078420,REACHED,317.9,255.1,-0.0065625,0.0629167,-2.1,15.1,15.2453,0.502083,0.900322,0,0,0,0,0
59379660216551,REACHED,317.9,255,-0.0065625,0.0625,-2.1,15,15.1463,0.501667,0.900322,0,0,0,0,0
59379699625515,REACHED,318.1,255.1,-0.0059375,0.0629167,-1.9,15.1,15.2191,0.50125,0.900322,0,0,0,0,0
59379756676038,REACHED,318,255.2,-0.00625,0.0633333,-2,15.2,15.331,0.500833,0.903771,0,0,0,0,0
59379820386509,REACHED,318.2,255.2,-0.005625,0.0633333,-1.8,15.2,15.3062,0.500833,0.895856,0,0,0,0,0
59379883068366,REACHED,318.3,255.2,-0.0053125,0.0633333,-1.7,15.2,15.2948,0.500833,0.910748,0,0,0,0,0
59379976729510,REACHED,318.3,255.1,-0.0053125,0.0629167,-1.7,15.1,15.1954,0.50125,0.874054,0,0,0,0,0
59380020209544,REACHED,318.2,255.1,-0.005625,0.0629167,-1.8,15.1,15.2069,0.50125,0.909951,0,0,0,0,0
59380065289879,REACHED,318.4,254.9,-0.005,0.0620833,-1.6,14.9,14.9857,0.50125,0.88341,0,0,0,0,0
59380147114817,REACHED,318.2,254.8,-0.005625,0.0616667,-1.8,14.8,14.9091,0.501667,0.889787,0,0,0,0,0
59380184252311,REACHED,318.2,254.8,-0.005625,0.0616667,-1.8,14.8,14.9091,0.5025,0.866904,0,0,0,0,0
59380249501917,REACHED,318,254.9,-0.00625,0.0620833,-2,14.9,15.0336,0.502917,0.885406,0,0,0,0,0
59380329573720,REACHED,318,254.9,-0.00625,0.0620833,-2,14.9,15.0336,0.502917,0.89074,0,0,0,0,0
59380384570421,REACHED,317.7,254.9,-0.0071875,0.0620833,-2.3,14.9,15.0765,0.502917,0.89074,0,0,0,0,0
59380472727214,REACHED,317.7,255,-0.0071875,0.0625,-2.3,15,15.1753,0.5025,0.900759,0,0,0,0,0
59380506263029,REACHED,317.7,255.1,-0.0071875,0.0629167,-2.3,15.1,15.2742,0.502083,0.900759,0,0,0,0,0
59380577946601,REACHED,317.8,255.2,-0.006875,0.0633333,-2.2,15.2,15.3584,0.501667,0.891214,0,0,0,0,0
59380620433427,REACHED,317.8,255.1,-0.006875,0.0629167,-2.2,15.1,15.2594,0.502083,0.905036,0,0,0,0,0
59380687241427,REACHED,318,255.1,-0.00625,0.0629167,-2,15.1,15.2319,0.502083,0.882907,0,0,0,0,0
59380753802389,REACHED,318,254.9,-0.00625,0.0620833,-2,14.9,15.0336,0.502083,0.89631,0,0,0,0,0
59380845525601,REACHED,318,254.8,-0.00625,0.0616667,-2,14.8,14.9345,0.5025,0.911144,0,0,0,0,0
59380880040235,REACHED,318,254.7,-0.00625,0.06125,-2,14.7,14.8354,0.502917,0.911144,0,0,0,0,0
59380950051560,REACHED,318.1,254.9,-0.0059375,0.0620833,-1.9,14.9,15.0207,0.502083,0.898556,0,0,0,0,0
59380997450310,REACHED,318.1,255,-0.0059375,0.0625,-1.9,15,15.1199,0.501667,0.903771,0,0,0,0,0
59381076157109,REACHED,318.2,255.2,-0.005625,0.0633333,-1.8,15.2,15.3062,0.501667,0.900759,0,0,0,0,0
59381153334124,REACHED,318.3,255.2,-0.0053125,0.0633333,-1.7,15.2,15.2948,0.500833,0.910748,0,0,0,0,0
59381196725472,REACHED,318.4,255.2,-0.005,0.0633333,-1.6,15.2,15.284,0.5,0.887858,0,0,0,0,0
59381248852238,REACHED,318.3,255.2,-0.0053125,0.0633333,-1.7,15.2,15.2948,0.5,0.892626,0,0,0,0,0
59381311561354,REACHED,318.3,255.3,-0.0053125,0.06375,-1.7,15.3,15.3942,0.500417,0.924377,0,0,0,0,0
59381370544217,REACHED,318.1,255.2,-0.0059375,0.0633333,-1.9,15.2,15.3183,0.5,0.930608,0,0,0,0,0
59381468305523,REACHED,317.9,255.2,-0.0065625,0.0633333,-2.1,15.2,15.3444,0.500833,0.917635,0,0,0,0,0
59381491689842,REACHED,317.7,255.2,-0.0071875,0.0633333,-2.3,15.2,15.373,0.501667,0.917635,0,0,0,0,0
59381576941384,REACHED,317.8,255.2,-0.006875,0.0633333,-2.2,15.2,15.3584,0.5025,0.888343,0,0,0,0,0
59381614985270,REACHED,317.9,255.1,-0.0065625,0.0629167,-2.1,15.1,15.2453,0.502083,0.92673,0,0,0,0,0
59381684623261,REACHED,317.9,255.1,-0.0065625,0.0629167,-2.1,15.1,15.2453,0.502917,0.919821,0,0,0,0,0
59381760775884,REACHED,318,255.2,-0.00625,0.0633333,-2,15.2,15.331,0.5025,0.901194,0,0,0,0,0
59381800371627,REACHED,318.2,255.3,-0.005625,0.06375,-1.8,15.3,15.4055,0.502083,0.899883,0,0,0,0,0
59381869825469,REACHED,318.1,255.2,-0.0059375,0.0633333,-1.9,15.2,15.3183,0.501667,0.908745,0,0,0,0,0
59381938066307,REACHED,318,255.3,-0.00625,0.06375,-2,15.3,15.4302,0.502083,0.934595,0,0,0,0,0
59382026112358,REACHED,318.2,255.2,-0.005625,0.0633333,-1.8,15.2,15.3062,0.501667,0.925394,0,0,0,0,0
59382088319473,REACHED,318.2,255.1,-0.005625,0.0629167,-1.8,15.1,15.2069,0.50125,0.898556,0,0,0,0,0
59382127819771,REACHED,318.1,255,-0.0059375,0.0625,-1.9,15,15.1199,0.500833,0.898556,0,0,0,0,0
59382182489286,REACHED,318.2,255,-0.005625,0.0625,-1.8,15,15.1076,0.500833,0.933995,0,0,0,0,0
59382231558856,REACHED,318.2,254.9,-0.005625,0.0620833,-1.8,14.9,15.0083,0.500417,0.920538,0,0,0,0,0
59382315202042,REACHED,318.1,255,-0.0059375,0.0625,-1.9,15,15.1199,0.500833,0.901628,0,0,0,0,0
59382355797028,REACHED,318.1,255.1,-0.0059375,0.0629167,-1.9,15.1,15.2191,0.50125,0.866904,0,0,0,0,0
59382454603375,REACHED,318.1,255.1,-0.0059375,0.0629167,-1.9,15.1,15.2191,0.50125,0.917265,0,0,0,0,0
59382485236273,REACHED,318,255.1,-0.00625,0.0629167,-2,15.1,15.2319,0.50125,0.917265,0,0,0,0,0
59382580357201,REACHED,318.3,255.1,-0.0053125,0.0629167,-1.7,15.1,15.1954,0.502083,0.866904,0,0,0,0,0
59382619905647,REACHED,318.2,255.2,-0.005625,0.0633333,-1.8,15.2,15.3062,0.501667,0.895856,0,0,0,0,0
59382680334662,REACHED,318.3,255.2,-0.0053125,0.0633333,-1.7,15.2,15.2948,0.501667,0.888343,0,0,0,0,0
59382763711551,REACHED,318.2,255.2,-0.005625,0.0633333,-1.8,15.2,15.3062,0.501667,0.891214,0,0,0,0,0
59382810013834,REACHED,318.2,255.2,-0.005625,0.0633333,-1.8,15.2,15.3062,0.5025,0.921602,0,0,0,0,0
59382862613620,REACHED,318,255.2,-0.00625,0.0633333,-2,15.2,15.331,0.501667,0.899883,0,0,0,0,0
59382953668349,REACHED,318.2,255.3,-0.005625,0.06375,-1.8,15.3,15.4055,0.50125,0.884412,0,0,0,0,0
59382995589673,REACHED,318.2,255.3,-0.005625,0.06375,-1.8,15.3,15.4055,0.50125,0.927061,0,0,0,0,0
59383042732941,REACHED,318.5,255.3,-0.0046875,0.06375,-1.5,15.3,15.3734,0.50125,0.892626,0,0,0,0,0
59383106685709,REACHED,318.6,255.3,-0.004375,0.06375,-1.4,15.3,15.3639,0.500417,0.871344,0,0,0,0,0
59383201860544,REACHED,318.6,255.3,-0.004375,0.06375,-1.4,15.3,15.3639,0.500417,0.896763,0,0,0,0,0
59383239361706,REACHED,318.5,255.2,-0.0046875,0.0633333,-1.5,15.2,15.2738,0.500833,0.896763,0,0,0,0,0
59383307719840,REACHED,318.4,255.2,-0.005,0.0633333,-1.6,15.2,15.284,0.500833,0.893557,0,0,0,0,0
59383383334443,REACHED,318.2,255.2,-0.005625,0.0633333,-1.8,15.2,15.3062,0.500833,0.905455,0,0,0,0,0
59383429269948,REACHED,318.1,255.3,-0.0059375,0.06375,-1.9,15.3,15.4175,0.50125,0.879329,0,0,0,0,0
59383482623440,REACHED,318.1,255.4,-0.0059375,0.0641667,-1.9,15.4,15.5168,0.501667,0.888343,0,0,0,0,0
59383570360250,REACHED,318.2,255.4,-0.005625,0.0641667,-1.8,15.4,15.5048,0.501667,0.894021,0,0,0,0,0
59383613981321,REACHED,318.1,255.2,-0.0059375,0.0633333,-1.9,15.2,15.3183,0.501667,0.8859,0,0,0,0,0
59383664247007,REACHED,318.1,255.2,-0.0059375,0.0633333,-1.9,15.2,15.3183,0.501667,0.877242,0,0,0,0,0
59383759314619,REACHED,318.2,255.1,-0.005625,0.0629167,-1.8,15.1,15.2069,0.50125,0.920538,0,0,0,0,0
59383806861129,REACHED,318.1,255,-0.0059375,0.0625,-1.9,15,15.1199,0.500833,0.906701,0,0,0,0,0
59383843714844,REACHED,318,254.9,-0.00625,0.0620833,-2,14.9,15.0336,0.500417,0.906701,0,0,0,0,0
59383936866580,REACHED,318.1,255,-0.0059375,0.0625,-1.9,15,15.1199,0.5,0.906701,0,0,0,0,0
59383990220942,REACHED,318.1,255,-0.0059375,0.0625,-1.9,15,15.1199,0.5,0.906701,0,0,0,0,0
59384037209858,REACHED,318,255,-0.00625,0.0625,-2,15,15.1327,0.5,0.906701,0,0,0,0,0
59384106645773,REACHED,318,255,-0.00625,0.0625,-2,15,15.1327,0.5,0.906701,0,0,0,0,0
59384167393642,REACHED,318,255,-0.00625,0.0625,-2,15,15.1327,0.5,0.906701,0,0,0,0,0
59384228436789,REACHED,318,255,-0.00625,0.0625,-2,15,15.1327,0.5,0.906701,0,0,0,0,0
59384286394556,REACHED,318,255,-0.00625,0.0625,-2,15,15.1327,0.5,0.906701,0,0,0,0,0
59384339914641,REACHED,318,255,-0.00625,0.0625,-2,15,15.1327,0.5,0.906701,0,0,0,0,0
59384419261609,REACHED,318.1,255.1,-0.0059375,0.0629167,-1.9,15.1,15.2191,0.500417,0.899,0,0,0,0,0
59384465100187,REACHED,318.1,255.2,-0.0059375,0.0633333,-1.9,15.2,15.3183,0.500833,0.888826,0,0,0,0,0
59384529577809,REACHED,318.1,255.1,-0.0059375,0.0629167,-1.9,15.1,15.2191,0.50125,0.91035,0,0,0,0,0
59384605476191,REACHED,318.2,255.2,-0.005625,0.0633333,-1.8,15.2,15.3062,0.501667,0.904616,0,0,0,0,0
59384654878651,REACHED,318.4,255.2,-0.005,0.0633333,-1.6,15.2,15.284,0.501667,0.861172,0,0,0,0,0
59384715031147,REACHED,318.3,255.1,-0.0053125,0.0629167,-1.7,15.1,15.1954,0.502083,0.892157,0,0,0,0,0
59384799792744,REACHED,318.4,255.1,-0.005,0.0629167,-1.6,15.1,15.1845,0.502083,0.880874,0,0,0,0,0
59384840985862,REACHED,318.6,255.2,-0.004375,0.0633333,-1.4,15.2,15.2643,0.501667,0.887858,0,0,0,0,0
59384941641586,REACHED,318.5,255.2,-0.0046875,0.0633333,-1.5,15.2,15.2738,0.501667,0.937515,0,0,0,0,0
59385000823857,REACHED,318.5,255.3,-0.0046875,0.06375,-1.5,15.3,15.3734,0.502083,0.905455,0,0,0,0,0
59385041446566,REACHED,318.6,255.3,-0.004375,0.06375,-1.4,15.3,15.3639,0.50125,0.879329,0,0,0,0,0
59385088223277,REACHED,318.5,255.3,-0.0046875,0.06375,-1.5,15.3,15.3734,0.500417,0.909951,0,0,0,0,0
59385154927091,REACHED,318.1,255.3,-0.0059375,0.06375,-1.9,15.3,15.4175,0.500417,0.908745,0,0,0,0,0
59385215889997,REACHED,318.1,255.1,-0.0059375,0.0629167,-1.9,15.1,15.2191,0.500417,0.915016,0,0,0,0,0
59385313598396,REACHED,317.9,255,-0.0065625,0.0625,-2.1,15,15.1463,0.500833,0.897214,0,0,0,0,0
59385347234453,REACHED,317.8,255,-0.006875,0.0625,-2.2,15,15.1605,0.501667,0.897214,0,0,0,0,0
59385419078617,REACHED,317.7,254.8,-0.0071875,0.0616667,-2.3,14.8,14.9777,0.5025,0.905455,0,0,0,0,0
59385467638297,REACHED,317.9,254.7,-0.0065625,0.06125,-2.1,14.7,14.8492,0.502917,0.882907,0,0,0,0,0
59385529662670,REACHED,318,254.7,-0.00625,0.06125,-2,14.7,14.8354,0.502917,0.89074,0,0,0,0,0
59385601307612,REACHED,318.1,254.8,-0.0059375,0.0616667,-1.9,14.8,14.9215,0.5025,0.908745,0,0,0,0,0
59385643414215,REACHED,318.2,254.8,-0.005625,0.0616667,-1.8,14.8,14.9091,0.501667,0.887371,0,0,0,0,0
59385717349331,REACHED,318.4,255,-0.005,0.0625,-1.6,15,15.0851,0.501667,0.929016,0,0,0,0,0
59385779879594,REACHED,318.4,255,-0.005,0.0625,-1.6,15,15.0851,0.501667,0.906701,0,0,0,0,0
59385864592468,REACHED,318.4,255.1,-0.005,0.0629167,-1.6,15.1,15.1845,0.502083,0.907113,0,0,0,0,0
59385909416080,REACHED,318.4,255,-0.005,0.0625,-1.6,15,15.0851,0.5025,0.870246,0,0,0,0,0
59385955024621,REACHED,318.2,254.9,-0.005625,0.0620833,-1.8,14.9,15.0083,0.502917,0.90249,0,0,0,0,0
59386037394635,REACHED,318,254.8,-0.00625,0.0616667,-2,14.8,14.9345,0.5025,0.901628,0,0,0,0,0
59386097265612,REACHED,318.1,254.9,-0.0059375,0.0620833,-1.9,14.9,15.0207,0.502917,0.888343,0,0,0,0,0
59386149116507,REACHED,318,255,-0.00625,0.0625,-2,15,15.1327,0.5025,0.901194,0,0,0,0,0
59386233620343,REACHED,317.9,255,-0.0065625,0.0625,-2.1,15,15.1463,0.5025,0.924377,0,0,0,0,0
59386283193786,REACHED,318,255.2,-0.00625,0.0633333,-2,15.2,15.331,0.5025,0.881385,0,0,0,0,0
59386344327211,REACHED,318.2,255.3,-0.005625,0.06375,-1.8,15.3,15.4055,0.502917,0.897214,0,0,0,0,0
59386392039166,REACHED,318.2,255.4,-0.005625,0.0641667,-1.8,15.4,15.5048,0.5025,0.900322,0,0,0,0,0
59386457916218,REACHED,318.3,255.3,-0.0053125,0.06375,-1.7,15.3,15.3942,0.502083,0.914254,0,0,0,0,0
59386541858423,REACHED,318.3,255.4,-0.0053125,0.0641667,-1.7,15.4,15.4935,0.501667,0.865774,0,0,0,0,0
59386581817464,REACHED,318.3,255.4,-0.0053125,0.0641667,-1.7,15.4,15.4935,0.501667,0.865774,0,0,0,0,0
59386658895831,REACHED,318.4,255.4,-0.005,0.0641667,-1.6,15.4,15.4829,0.501667,0.892157,0,0,0,0,0
59386719161068,REACHED,318.3,255.4,-0.0053125,0.0641667,-1.7,15.4,15.4935,0.501667,0.927718,0,0,0,0,0
59386786882756,REACHED,318.2,255.5,-0.005625,0.0645833,-1.8,15.5,15.6042,0.502083,0.927718,0,0,0,0,0
59386826692815,REACHED,318.2,255.5,-0.005625,0.0645833,-1.8,15.5,15.6042,0.502083,0.927718,0,0,0,0,0
59386885333287,REACHED,318.2,255.5,-0.005625,0.0645833,-1.8,15.5,15.6042,0.502083,0.927718,0,0,0,0,0
59386954466925,REACHED,318,255.5,-0.00625,0.0645833,-2,15.5,15.6285,0.502083,0.927718,0,0,0,0,0
59387015581980,REACHED,318,255.5,-0.00625,0.0645833,-2,15.5,15.6285,0.502083,0.927718,0,0,0,0,0
59387078608300,REACHED,318,255.5,-0.00625,0.0645833,-2,15.5,15.6285,0.502083,0.927718,0,0,0,0,0
59387141381731,REACHED,318,255.5,-0.00625,0.0645833,-2,15.5,15.6285,0.502083,0.899883,0,0,0,0,0
59387218017782,REACHED,318.1,255.4,-0.0059375,0.0641667,-1.9,15.4,15.5168,0.501667,0.893557,0,0,0,0,0
59387258246212,REACHED,318.1,255.4,-0.0059375,0.0641667,-1.9,15.4,15.5168,0.501667,0.915016,0,0,0,0,0
59387322508907,REACHED,318.2,255.3,-0.005625,0.06375,-1.8,15.3,15.4055,0.50125,0.931548,0,0,0,0,0
59387423205649,REACHED,318.2,255.3,-0.005625,0.06375,-1.8,15.3,15.4055,0.50125,0.896763,0,0,0,0,0
59387465592809,REACHED,318.3,255.3,-0.0053125,0.06375,-1.7,15.3,15.3942,0.50125,0.897663,0,0,0,0,0
59387511436720,REACHED,318.1,255.3,-0.0059375,0.06375,-1.9,15.3,15.4175,0.50125,0.907932,0,0,0,0,0
59387610074585,REACHED,318.2,255.2,-0.005625,0.0633333,-1.8,15.2,15.3062,0.501667,0.894021,0,0,0,0,0
59387647441172,REACHED,318.1,255.2,-0.0059375,0.0633333,-1.9,15.2,15.3183,0.5025,0.902919,0,0,0,0,0
59387719752320,REACHED,318.1,255.2,-0.0059375,0.0633333,-1.9,15.2,15.3183,0.5025,0.890265,0,0,0,0,0
59387765892548,REACHED,318.1,255,-0.0059375,0.0625,-1.9,15,15.1199,0.5025,0.892157,0,0,0,0,0
59387852708058,REACHED,318.2,255.1,-0.005625,0.0629167,-1.8,15.1,15.2069,0.502917,0.893557,0,0,0,0,0
59387899452455,REACHED,318.1,255.1,-0.0059375,0.0629167,-1.9,15.1,15.2191,0.502083,0.907932,0,0,0,0,0
59387968175868,REACHED,318.3,255.1,-0.0053125,0.0629167,-1.7,15.1,15.1954,0.50125,0.927061,0,0,0,0,0
59388013117555,REACHED,318.3,255.1,-0.0053125,0.0629167,-1.7,15.1,15.1954,0.500417,0.875657,0,0,0,0,0
59388104847878,REACHED,318.2,255.2,-0.005625,0.0633333,-1.8,15.2,15.3062,0.5,0.89074,0,0,0,0,0
59388128162844,REACHED,318.2,255.1,-0.005625,0.0629167,-1.8,15.1,15.2069,0.499583,0.890265,0,0,0,0,0
59388231863041,REACHED,318.2,255.1,-0.005625,0.0629167,-1.8,15.1,15.2069,0.499583,0.838147,0,0,0,0,0
59388279574977,REACHED,318,255.1,-0.00625,0.0629167,-2,15.1,15.2319,0.500417,0.872434,0,0,0,0,0
59388318782237,REACHED,318,255.1,-0.00625,0.0629167,-2,15.1,15.2319,0.50125,0.893093,0,0,0,0,0
59388416643192,REACHED,318,255.2,-0.00625,0.0633333,-2,15.2,15.331,0.501667,0.915395,0,0,0,0,0
59388461204452,REACHED,318.1,255.2,-0.0059375,0.0633333,-1.9,15.2,15.3183,0.501667,0.921954,0,0,0,0,0
59388505941322,REACHED,318.1,255.2,-0.0059375,0.0633333,-1.9,15.2,15.3183,0.501667,0.907113,0,0,0,0,0
59388566665765,REACHED,318.2,255.3,-0.005625,0.06375,-1.8,15.3,15.4055,0.50125,0.88341,0,0,0,0,0
59388631846204,REACHED,318.2,255.2,-0.005625,0.0633333,-1.8,15.2,15.3062,0.501667,0.90206,0,0,0,0,0
59388740518899,REACHED,318.2,255,-0.005625,0.0625,-1.8,15,15.1076,0.501667,0.886883,0,0,0,0,0
59388770674684,REACHED,318.1,254.9,-0.0059375,0.0620833,-1.9,14.9,15.0207,0.502083,0.886883,0,0,0,0,0
59388816057001,REACHED,318.1,255.1,-0.0059375,0.0629167,-1.9,15.1,15.2191,0.502083,0.905872,0,0,0,0,0
59388883199706,REACHED,318,254.9,-0.00625,0.0620833,-2,14.9,15.0336,0.502083,0.896763,0,0,0,0,0
59388957744028,REACHED,318,255,-0.00625,0.0625,-2,15,15.1327,0.501667,0.876188,0,0,0,0,0
59389011496985,REACHED,318.1,255.1,-0.0059375,0.0629167,-1.9,15.1,15.2191,0.50125,0.896763,0,0,0,0,0
59389066022536,REACHED,318.1,255.2,-0.0059375,0.0633333,-1.9,15.2,15.3183,0.500833,0.915395,0,0,0,0,0
59389166896020,REACHED,318.2,255.1,-0.005625,0.0629167,-1.8,15.1,15.2069,0.50125,0.882907,0,0,0,0,0
59389195053724,REACHED,318.3,255.3,-0.0053125,0.06375,-1.7,15.3,15.3942,0.50125,0.882907,0,0,0,0,0
59389289065944,REACHED,318.3,255.3,-0.0053125,0.06375,-1.7,15.3,15.3942,0.50125,0.894021,0,0,0,0,0
59389333887538,REACHED,318.2,255.3,-0.005625,0.06375,-1.8,15.3,15.4055,0.50125,0.896763,0,0,0,0,0
59389394587573,REACHED,318.3,255.3,-0.0053125,0.06375,-1.7,15.3,15.3942,0.50125,0.922304,0,0,0,0,0
59389465681605,REACHED,318.3,255.3,-0.0053125,0.06375,-1.7,15.3,15.3942,0.50125,0.911144,0,0,0,0,0
59389516468626,REACHED,318.1,255.2,-0.0059375,0.0633333,-1.9,15.2,15.3183,0.501667,0.924377,0,0,0,0,0
59389557756671,REACHED,318,255.1,-0.00625,0.0629167,-2,15.1,15.2319,0.50125,0.922304,0,0,0,0,0
59389652256874,REACHED,318,255.2,-0.00625,0.0633333,-2,15.2,15.331,0.501667,0.887371,0,0,0,0,0
59389702399411,REACHED,318,255.1,-0.00625,0.0629167,-2,15.1,15.2319,0.502083,0.889308,0,0,0,0,0
59389746157186,REACHED,317.9,255,-0.0065625,0.0625,-2.1,15,15.1463,0.5025,0.891687,0,0,0,0,0
59389810934494,REACHED,318.1,255,-0.0059375,0.0625,-1.9,15,15.1199,0.501667,0.913099,0,0,0,0,0
59389869830727,REACHED,318.1,254.9,-0.0059375,0.0620833,-1.9,14.9,15.0207,0.502083,0.92018,0,0,0,0,0
59389986316910,REACHED,318.1,254.8,-0.0059375,0.0616667,-1.9,14.8,14.9215,0.501667,0.904616,0,0,0,0,0
59390023755794,REACHED,318.1,254.9,-0.0059375,0.0620833,-1.9,14.9,15.0207,0.502083,0.909148,0,0,0,0,0
59390088047471,REACHED,318.1,254.9,-0.0059375,0.0620833,-1.9,14.9,15.0207,0.50125,0.91035,0,0,0,0,0
59390132964787,REACHED,318.1,254.8,-0.0059375,0.0616667,-1.9,14.8,14.9215,0.501667,0.91035,0,0,0,0,0
59390182648118,REACHED,318.2,254.9,-0.005625,0.0620833,-1.8,14.9,15.0083,0.50125,0.887371,0,0,0,0,0
59390243054541,REACHED,318.2,255,-0.005625,0.0625,-1.8,15,15.1076,0.501667,0.894021,0,0,0,0,0
59390337526578,REACHED,318.1,255.1,-0.0059375,0.0629167,-1.9,15.1,15.2191,0.50125,0.922304,0,0,0,0,0
59390381827410,REACHED,318.1,255,-0.0059375,0.0625,-1.9,15,15.1199,0.501667,0.907523,0,0,0,0,0
59390436570314,REACHED,318,255.2,-0.00625,0.0633333,-2,15.2,15.331,0.501667,0.900322,0,0,0,0,0
59390496443662,REACHED,318.2,255.3,-0.005625,0.06375,-1.8,15.3,15.4055,0.502083,0.90206,0,0,0,0,0
59390575023312,REACHED,318.2,255.1,-0.005625,0.0629167,-1.8,15.1,15.2069,0.502083,0.87881,0,0,0,0,0
59390623844974,REACHED,318.4,255,-0.005,0.0625,-1.6,15,15.0851,0.501667,0.888826,0,0,0,0,0
59390716083707,REACHED,318.4,255.2,-0.005,0.0633333,-1.6,15.2,15.284,0.501667,0.879329,0,0,0,0,0
59390757560919,REACHED,318.6,255.2,-0.004375,0.0633333,-1.4,15.2,15.2643,0.501667,0.920538,0,0,0,0,0
59390808261161,REACHED,318.5,255,-0.0046875,0.0625,-1.5,15,15.0748,0.501667,0.8954,0,0,0,0,0
59390902100955,REACHED,318.6,255.1,-0.004375,0.0629167,-1.4,15.1,15.1648,0.502083,0.906287,0,0,0,0,0
59390928021948,REACHED,318.3,255.1,-0.0053125,0.0629167,-1.7,15.1,15.1954,0.502083,0.916147,0,0,0,0,0
59390994261742,REACHED,318.4,255.1,-0.005,0.0629167,-1.6,15.1,15.1845,0.502083,0.879329,0,0,0,0,0
59391075101382,REACHED,318.2,255.1,-0.005625,0.0629167,-1.8,15.1,15.2069,0.502083,0.91946,0,0,0,0,0
59391122403520,REACHED,318.1,255.2,-0.0059375,0.0633333,-1.9,15.2,15.3183,0.501667,0.894021,0,0,0,0,0
59391211957874,REACHED,318.2,255.1,-0.005625,0.0629167,-1.8,15.1,15.2069,0.50125,0.91035,0,0,0,0,0
59391248066364,REACHED,318.5,255,-0.0046875,0.0625,-1.5,15,15.0748,0.501667,0.91035,0,0,0,0,0
59391320494031,REACHED,318.5,255,-0.0046875,0.0625,-1.5,15,15.0748,0.501667,0.90206,0,0,0,0,0
59391369512045,REACHED,318.6,254.9,-0.004375,0.0620833,-1.4,14.9,14.9656,0.50125,0.902919,0,0,0,0,0
59391443669681,REACHED,318.6,254.8,-0.004375,0.0616667,-1.4,14.8,14.8661,0.501667,0.918735,0,0,0,0,0
59391524974340,REACHED,318.5,254.9,-0.0046875,0.0620833,-1.5,14.9,14.9753,0.50125,0.908745,0,0,0,0,0
59391569483395,REACHED,318.2,255,-0.005625,0.0625,-1.8,15,15.1076,0.501667,0.909551,0,0,0,0,0
59391634720223,REACHED,318.2,254.9,-0.005625,0.0620833,-1.8,14.9,15.0083,0.50125,0.887371,0,0,0,0,0
59391681998529,REACHED,318,255,-0.00625,0.0625,-2,15,15.1327,0.501667,0.909951,0,0,0,0,0
59391761864665,REACHED,317.9,255.2,-0.0065625,0.0633333,-2.1,15.2,15.3444,0.501667,0.896763,0,0,0,0,0
59391798793880,REACHED,317.7,255.2,-0.0071875,0.0633333,-2.3,15.2,15.373,0.5025,0.892157,0,0,0,0,0
59391862649703,REACHED,317.8,255.3,-0.006875,0.06375,-2.2,15.3,15.4574,0.502083,0.916521,0,0,0,0,0
59391948128117,REACHED,317.8,255.5,-0.006875,0.0645833,-2.2,15.5,15.6554,0.502083,0.885406,0,0,0,0,0
59391989651144,REACHED,317.9,255.5,-0.0065625,0.0645833,-2.1,15.5,15.6416,0.502083,0.937515,0,0,0,0,0
59392087846582,REACHED,317.9,255.5,-0.0065625,0.0645833,-2.1,15.5,15.6416,0.502083,0.905455,0,0,0,0,0
59392125474077,REACHED,318.1,255.5,-0.0059375,0.0645833,-1.9,15.5,15.616,0.50125,0.908745,0,0,0,0,0
59392171660416,REACHED,318.1,255.3,-0.0059375,0.06375,-1.9,15.3,15.4175,0.50125,0.8859,0,0,0,0,0
59392240284700,REACHED,317.9,255.1,-0.0065625,0.0629167,-2.1,15.1,15.2453,0.502083,0.92018,0,0,0,0,0
59392334076993,REACHED,317.9,255,-0.0065625,0.0625,-2.1,15,15.1463,0.5025,0.936362,0,0,0,0,0
59392374835795,REACHED,318.1,255,-0.0059375,0.0625,-1.9,15,15.1199,0.5025,0.899,0,0,0,0,0
59392435300829,REACHED,318,255,-0.00625,0.0625,-2,15,15.1327,0.5025,0.915772,0,0,0,0,0
59392524786701,REACHED,318,255,-0.00625,0.0625,-2,15,15.1327,0.5025,0.89074,0,0,0,0,0
59392560063133,REACHED,318.2,255.1,-0.005625,0.0629167,-1.8,15.1,15.2069,0.502083,0.879329,0,0,0,0,0
59392611215303,REACHED,318.2,255.2,-0.005625,0.0633333,-1.8,15.2,15.3062,0.501667,0.927061,0,0,0,0,0
59392681790649,REACHED,318.1,255.2,-0.0059375,0.0633333,-1.9,15.2,15.3183,0.501667,0.915395,0,0,0,0,0
59392766085818,REACHED,318.2,255.4,-0.005625,0.0641667,-1.8,15.4,15.5048,0.501667,0.879846,0,0,0,0,0
59392812955770,REACHED,318.2,255.4,-0.005625,0.0641667,-1.8,15.4,15.5048,0.501667,0.889308,0,0,0,0,0
59392869696607,REACHED,318.1,255.2,-0.0059375,0.0633333,-1.9,15.2,15.3183,0.501667,0.880874,0,0,0,0,0
59392928529784,REACHED,318.1,255,-0.0059375,0.0625,-1.9,15,15.1199,0.501667,0.880874,0,0,0,0,0
59392978421820,REACHED,318.1,254.8,-0.0059375,0.0616667,-1.9,14.8,14.9215,0.501667,0.880874,0,0,0,0,0
59393056080967,REACHED,318,254.5,-0.00625,0.0604167,-2,14.5,14.6373,0.502083,0.880874,0,0,0,0,0
59393114189901,REACHED,318,254.5,-0.00625,0.0604167,-2,14.5,14.6373,0.502083,0.880874,0,0,0,0,0
59393166728261,REACHED,318,254.5,-0.00625,0.0604167,-2,14.5,14.6373,0.502083,0.880874,0,0,0,0,0
59393243055756,REACHED,318,254.5,-0.00625,0.0604167,-2,14.5,14.6373,0.502083,0.880874,0,0,0,0,0
59393294510427,REACHED,318,254.5,-0.00625,0.0604167,-2,14.5,14.6373,0.502083,0.880874,0,0,0,0,0
59393367049223,REACHED,318.1,254.6,-0.0059375,0.0608333,-1.9,14.6,14.7231,0.501667,0.92673,0,0,0,0,0
59393416434202,REACHED,318.2,254.7,-0.005625,0.06125,-1.8,14.7,14.8098,0.50125,0.92673,0,0,0,0,0
59393483336202,REACHED,318.2,254.9,-0.005625,0.0620833,-1.8,14.9,15.0083,0.50125,0.898556,0,0,0,0,0
59393539599482,REACHED,318.2,255.1,-0.005625,0.0629167,-1.8,15.1,15.2069,0.50125,0.898556,0,0,0,0,0
59393606300426,REACHED,318.2,255.3,-0.005625,0.06375,-1.8,15.3,15.4055,0.50125,0.898556,0,0,0,0,0
59393670359435,REACHED,318.1,255.4,-0.0059375,0.0641667,-1.9,15.4,15.5168,0.501667,0.898556,0,0,0,0,0
59393772933258,REACHED,317.8,255.5,-0.006875,0.0645833,-2.2,15.5,15.6554,0.50125,0.935484,0,0,0,0,0
59393808278264,REACHED,317.7,255.4,-0.0071875,0.0641667,-2.3,15.4,15.5708,0.501667,0.895856,0,0,0,0,0
59393857266853,REACHED,317.7,255.5,-0.0071875,0.0645833,-2.3,15.5,15.6697,0.50125,0.876188,0,0,0,0,0
59393959279859,REACHED,317.8,255.5,-0.006875,0.0645833,-2.2,15.5,15.6554,0.50125,0.886883,0,0,0,0,0
59393985384501,REACHED,317.9,255.4,-0.0065625,0.0641667,-2.1,15.4,15.5425,0.500833,0.89074,0,0,0,0,0
59394083857810,REACHED,318.2,255.3,-0.005625,0.06375,-1.8,15.3,15.4055,0.50125,0.937515,0,0,0,0,0
59394118723593,REACHED,318.3,255.4,-0.0053125,0.0641667,-1.7,15.4,15.4935,0.5,0.894482,0,0,0,0,0
59394196492722,REACHED,318.3,255.1,-0.0053125,0.0629167,-1.7,15.1,15.1954,0.500417,0.912322,0,0,0,0,0
59394237032245,REACHED,318.2,255.1,-0.005625,0.0629167,-1.8,15.1,15.2069,0.500417,0.883912,0,0,0,0,0
59394290323959,REACHED,318.1,255,-0.0059375,0.0625,-1.9,15,15.1199,0.500833,0.916521,0,0,0,0,0
59394387041892,REACHED,318.2,255,-0.005625,0.0625,-1.8,15,15.1076,0.500833,0.898556,0,0,0,0,0
59394423323476,REACHED,318.3,255,-0.0053125,0.0625,-1.7,15,15.096,0.500833,0.903345,0,0,0,0,0
59394494541287,REACHED,318.4,255.2,-0.005,0.0633333,-1.6,15.2,15.284,0.500833,0.895856,0,0,0,0,0
59394576533393,REACHED,318.4,255.2,-0.005,0.0633333,-1.6,15.2,15.284,0.500833,0.890265,0,0,0,0,0
59394611798713,REACHED,318.4,255.3,-0.005,0.06375,-1.6,15.3,15.3834,0.500417,0.916147,0,0,0,0,0
59394680099644,REACHED,318.2,255.3,-0.005625,0.06375,-1.8,15.3,15.4055,0.50125,0.921249,0,0,0,0,0
59394756784325,REACHED,318.2,255.3,-0.005625,0.06375,-1.8,15.3,15.4055,0.50125,0.886392,0,0,0,0,0
59394802493607,REACHED,318.2,255.2,-0.005625,0.0633333,-1.8,15.2,15.3062,0.500833,0.907113,0,0,0,0,0
59394843577021,REACHED,318,255.1,-0.00625,0.0629167,-2,15.1,15.2319,0.500417,0.88491,0,0,0,0,0
59394912358268,REACHED,318,255.2,-0.00625,0.0633333,-2,15.2,15.331,0.500833,0.909551,0,0,0,0,0
59394977432781,REACHED,318.1,255.2,-0.0059375,0.0633333,-1.9,15.2,15.3183,0.500833,0.898556,0,0,0,0,0
59395068311342,REACHED,318.1,255.1,-0.0059375,0.0629167,-1.9,15.1,15.2191,0.50125,0.894482,0,0,0,0,0
59395100309541,REACHED,318.1,255.1,-0.0059375,0.0629167,-1.9,15.1,15.2191,0.50125,0.894482,0,0,0,0,0
59395173874212,REACHED,318.3,255.1,-0.0053125,0.0629167,-1.7,15.1,15.1954,0.50125,0.92018,0,0,0,0,0
59395226463868,REACHED,318.4,255,-0.005,0.0625,-1.6,15,15.0851,0.500833,0.891214,0,0,0,0,0
59395285772084,REACHED,318.3,255.1,-0.0053125,0.0629167,-1.7,15.1,15.1954,0.500417,0.895856,0,0,0,0,0
59395360191202,REACHED,318.2,255.2,-0.005625,0.0633333,-1.8,15.2,15.3062,0.500833,0.888343,0,0,0,0,0
59395406744949,REACHED,318.3,255.3,-0.0053125,0.06375,-1.7,15.3,15.3942,0.50125,0.903345,0,0,0,0,0
59395478312298,REACHED,318.4,255.4,-0.005,0.0641667,-1.6,15.4,15.4829,0.501667,0.876716,0,0,0,0,0
59395530954510,REACHED,318.4,255.5,-0.005,0.0645833,-1.6,15.5,15.5824,0.502083,0.876716,0,0,0,0,0
59395625672140,REACHED,318.5,255.4,-0.0046875,0.0641667,-1.5,15.4,15.4729,0.501667,0.904194,0,0,0,0,0
59395667110759,REACHED,318.5,255.3,-0.0046875,0.06375,-1.5,15.3,15.3734,0.50125,0.903771,0,0,0,0,0
59395718111743,REACHED,318.4,255.2,-0.005,0.0633333,-1.6,15.2,15.284,0.500833,0.913871,0,0,0,0,0
59395783009478,REACHED,318.4,255.2,-0.005,0.0633333,-1.6,15.2,15.284,0.500833,0.925394,0,0,0,0,0
59395870217434,REACHED,318.4,255.1,-0.005,0.0629167,-1.6,15.1,15.1845,0.500417,0.889787,0,0,0,0,0
59395912431390,REACHED,318.4,255.1,-0.005,0.0629167,-1.6,15.1,15.1845,0.500417,0.889787,0,0,0,0,0
59395980237319,REACHED,318.4,255.2,-0.005,0.0633333,-1.6,15.2,15.284,0.500833,0.870796,0,0,0,0,0
59396024721374,REACHED,318.3,255.2,-0.0053125,0.0633333,-1.7,15.2,15.2948,0.501667,0.927061,0,0,0,0,0
59396089420997,REACHED,318.2,255.2,-0.005625,0.0633333,-1.8,15.2,15.3062,0.501667,0.88341,0,0,0,0,0
59396153051708,REACHED,318.2,255.1,-0.005625,0.0629167,-1.8,15.1,15.2069,0.502083,0.92673,0,0,0,0,0
59396236054410,REACHED,318.3,255.1,-0.0053125,0.0629167,-1.7,15.1,15.1954,0.502083,0.890265,0,0,0,0,0
59396277153287,REACHED,318.3,255,-0.0053125,0.0625,-1.7,15,15.096,0.501667,0.927718,0,0,0,0,0
59396330414224,REACHED,318.5,255,-0.0046875,0.0625,-1.5,15,15.0748,0.500833,0.897214,0,0,0,0,0
59396418453128,REACHED,318.6,254.9,-0.004375,0.0620833,-1.4,14.9,14.9656,0.500417,0.891214,0,0,0,0,0
59396461136232,REACHED,318.5,255.1,-0.0046875,0.0629167,-1.5,15.1,15.1743,0.500417,0.91035,0,0,0,0,0
59396524755944,REACHED,318.2,255.2,-0.005625,0.0633333,-1.8,15.2,15.3062,0.500833,0.909148,0,0,0,0,0
59396609359077,REACHED,318.3,255.3,-0.0053125,0.06375,-1.7,15.3,15.3942,0.50125,0.912322,0,0,0,0,0
59396654812395,REACHED,318.1,255.4,-0.0059375,0.0641667,-1.9,15.4,15.5168,0.501667,0.922304,0,0,0,0,0
59396729248513,REACHED,318,255.6,-0.00625,0.065,-2,15.6,15.7277,0.501667,0.905036,0,0,0,0,0
59396770658299,REACHED,318.1,255.5,-0.0059375,0.0645833,-1.9,15.5,15.616,0.50125,0.920538,0,0,0,0,0
59396829411901,REACHED,318.2,255.4,-0.005625,0.0641667,-1.8,15.4,15.5048,0.500833,0.913871,0,0,0,0,0
59396925334257,REACHED,318.1,255.2,-0.0059375,0.0633333,-1.9,15.2,15.3183,0.500833,0.909551,0,0,0,0,0
59396962550751,REACHED,318.1,255,-0.0059375,0.0625,-1.9,15,15.1199,0.500833,0.909551,0,0,0,0,0
59397034842010,REACHED,318.1,254.8,-0.0059375,0.0616667,-1.9,14.8,14.9215,0.501667,0.902919,0,0,0,0,0
59397081410850,REACHED,318,255,-0.00625,0.0625,-2,15,15.1327,0.501667,0.896763,0,0,0,0,0
59397157612381,REACHED,318,255.1,-0.00625,0.0629167,-2,15.1,15.2319,0.50125,0.911931,0,0,0,0,0
59397232918243,REACHED,318,255.1,-0.00625,0.0629167,-2,15.1,15.2319,0.50125,0.891687,0,0,0,0,0
59397277466521,REACHED,318,255.3,-0.00625,0.06375,-2,15.3,15.4302,0.50125,0.927718,0,0,0,0,0
59397337921907,REACHED,318.1,255.4,-0.0059375,0.0641667,-1.9,15.4,15.5168,0.500833,0.92739,0,0,0,0,0
59397399829798,REACHED,318.2,255.1,-0.005625,0.0629167,-1.8,15.1,15.2069,0.50125,0.848461,0,0,0,0,0
59397494440816,REACHED,318.2,255,-0.005625,0.0625,-1.8,15,15.1076,0.501667,0.913486,0,0,0,0,0
59397532619369,REACHED,318.2,255.1,-0.005625,0.0629167,-1.8,15.1,15.2069,0.50125,0.913486,0,0,0,0,0
59397575961643,REACHED,318.3,255,-0.0053125,0.0625,-1.7,15,15.096,0.500833,0.899883,0,0,0,0,0
59397635545878,REACHED,318.2,254.9,-0.005625,0.0620833,-1.8,14.9,15.0083,0.50125,0.911144,0,0,0,0,0
59397711967058,REACHED,318.3,255,-0.0053125,0.0625,-1.7,15,15.096,0.501667,0.870796,0,0,0,0,0
59397764606048,REACHED,318.5,254.9,-0.0046875,0.0620833,-1.5,14.9,14.9753,0.502083,0.89631,0,0,0,0,0
59397857923765,REACHED,318.6,255.1,-0.004375,0.0629167,-1.4,15.1,15.1648,0.502083,0.901628,0,0,0,0,0
59397897200970,REACHED,318.6,255.3,-0.004375,0.06375,-1.4,15.3,15.3639,0.502917,0.914254,0,0,0,0,0
59397951821281,REACHED,318.7,255.4,-0.0040625,0.0641667,-1.3,15.4,15.4548,0.5025,0.918003,0,0,0,0,0
59398023474853,REACHED,318.6,255.5,-0.004375,0.0645833,-1.4,15.5,15.5631,0.502083,0.918003,0,0,0,0,0
59398063905765,REACHED,318.5,255.7,-0.0046875,0.0654167,-1.5,15.7,15.7715,0.502083,0.918003,0,0,0,0,0
59398131827676,REACHED,318.5,255.6,-0.0046875,0.065,-1.5,15.6,15.6719,0.5025,0.918003,0,0,0,0,0
59398196668133,REACHED,318.5,255.5,-0.0046875,0.0645833,-1.5,15.5,15.5724,0.502083,0.918003,0,0,0,0,0
59398263424169,REACHED,318.5,255.5,-0.0046875,0.0645833,-1.5,15.5,15.5724,0.502083,0.918003,0,0,0,0,0
59398347405023,REACHED,318.5,255.5,-0.0046875,0.0645833,-1.5,15.5,15.5724,0.502083,0.919821,0,0,0,0,0
59398379886927,REACHED,318.4,255.4,-0.005,0.0641667,-1.6,15.4,15.4829,0.501667,0.892157,0,0,0,0,0
59398439159365,REACHED,318.3,255.2,-0.0053125,0.0633333,-1.7,15.2,15.2948,0.501667,0.884412,0,0,0,0,0
59398495052143,REACHED,318.2,255,-0.005625,0.0625,-1.8,15,15.1076,0.501667,0.884412,0,0,0,0,0
59398581076929,REACHED,318.1,254.8,-0.0059375,0.0616667,-1.9,14.8,14.9215,0.501667,0.884412,0,0,0,0,0
59398654625748,REACHED,318,254.7,-0.00625,0.06125,-2,14.7,14.8354,0.50125,0.902919,0,0,0,0,0
59398699991436,REACHED,318,254.8,-0.00625,0.0616667,-2,14.8,14.9345,0.501667,0.913099,0,0,0,0,0
59398750993957,REACHED,317.9,254.9,-0.0065625,0.0620833,-2.1,14.9,15.0473,0.502083,0.901628,0,0,0,0,0
59398812809533,REACHED,318,255,-0.00625,0.0625,-2,15,15.1327,0.501667,0.875125,0,0,0,0,0
59398909993301,REACHED,317.9,255.1,-0.0065625,0.0629167,-2.1,15.1,15.2453,0.50125,0.922304,0,0,0,0,0
59398945916179,REACHED,317.8,255.1,-0.006875,0.0629167,-2.2,15.1,15.2594,0.50125,0.922304,0,0,0,0,0
59399012806143,REACHED,317.8,255.1,-0.006875,0.0629167,-2.2,15.1,15.2594,0.50125,0.894482,0,0,0,0,0
59399054272799,REACHED,318,255,-0.00625,0.0625,-2,15,15.1327,0.500833,0.87829,0,0,0,0,0
59399122338747,REACHED,317.9,254.9,-0.0065625,0.0620833,-2.1,14.9,15.0473,0.50125,0.884412,0,0,0,0,0
59399216230560,REACHED,318,254.9,-0.00625,0.0620833,-2,14.9,15.0336,0.50125,0.90206,0,0,0,0,0
59399261006931,REACHED,318.1,254.8,-0.0059375,0.0616667,-1.9,14.8,14.9215,0.501667,0.894021,0,0,0,0,0
59399309070128,REACHED,318.1,254.8,-0.0059375,0.0616667,-1.9,14.8,14.9215,0.501667,0.917265,0,0,0,0,0
59399372068430,REACHED,317.9,254.9,-0.0065625,0.0620833,-2.1,14.9,15.0473,0.50125,0.924377,0,0,0,0,0
59399438994097,REACHED,318,255.1,-0.00625,0.0629167,-2,15.1,15.2319,0.50125,0.892626,0,0,0,0,0
59399527994744,REACHED,318.1,255,-0.0059375,0.0625,-1.9,15,15.1199,0.501667,0.871344,0,0,0,0,0
59399560019795,REACHED,318.2,255,-0.005625,0.0625,-1.8,15,15.1076,0.501667,0.871344,0,0,0,0,0
59399635334712,REACHED,318.1,254.9,-0.0059375,0.0620833,-1.9,14.9,15.0207,0.50125,0.918369,0,0,0,0,0
59399675633272,REACHED,318.1,254.9,-0.0059375,0.0620833,-1.9,14.9,15.0207,0.50125,0.926398,0,0,0,0,0
59399738935131,REACHED,318,254.9,-0.00625,0.0620833,-2,14.9,15.0336,0.50125,0.895856,0,0,0,0,0
59399806915135,REACHED,317.9,255,-0.0065625,0.0625,-2.1,15,15.1463,0.500833,0.921249,0,0,0,0,0
59399897449214,REACHED,317.9,255,-0.0065625,0.0625,-2.1,15,15.1463,0.500833,0.905455,0,0,0,0,0
59399940858451,REACHED,318.1,254.9,-0.0059375,0.0620833,-1.9,14.9,15.0207,0.50125,0.905455,0,0,0,0,0
59399986516565,REACHED,318.2,254.9,-0.005625,0.0620833,-1.8,14.9,15.0083,0.50125,0.881385,0,0,0,0,0
59400051130114,REACHED,318.3,254.9,-0.0053125,0.0620833,-1.7,14.9,14.9967,0.50125,0.923347,0,0,0,0,0
