frame,ts_capture,ts_yolo_shm_read,ts_yolo_preprocess_done,ts_inference_start,ts_inference_done,ts_nms_done,ts_yolo_shm_write,frame_hash,capture_read_ms,preprocess_ms,inference_ms,nms_ms,shmwrite_ms,e2e_capture_to_commit_ms,n_dets
1,59155996259943,59156001770925,59156002536816,59156002540760,59156042815671,59156045050030,59156045108456,2425295639,5.5110,0.7659,40.2749,2.2344,0.0584,48.8485,1
2,59156053432225,59156058004777,59156058400297,59156058401260,59156086651223,59156087831542,59156087869764,2425295639,4.5726,0.3955,28.2500,1.1803,0.0382,34.4375,1
3,59156120071500,59156124648200,59156125051572,59156125052239,59156153963038,59156155615802,59156155642117,2425295639,4.5767,0.4034,28.9108,1.6528,0.0263,35.5706,1
4,59156158547719,59156162264121,59156162645029,59156162646122,59156190758437,59156191798588,59156191824848,2425295639,3.7164,0.3809,28.1123,1.0402,0.0263,33.2771,1
5,59156253122643,59156257062970,59156257464898,59156257465657,59156287777553,59156288902112,59156288929094,2425295639,3.9403,0.4019,30.3119,1.1246,0.0270,35.8065,1
6,59156287158884,59156293684813,59156294206352,59156294207593,59156322436760,59156323522690,59156323550190,2425295639,6.5259,0.5215,28.2292,1.0859,0.0275,36.3913,1
7,59156349692924,59156353596696,59156353981012,59156353981623,59156382142772,59156383241553,59156383268979,2425295639,3.9038,0.3843,28.1611,1.0988,0.0274,33.5761,1
8,59156407279392,59156411174886,59156411559628,59156411560387,59156440745465,59156441978877,59156442009080,2262831064,3.8955,0.3847,29.1851,1.2334,0.0302,34.7297,2
9,59156476161286,59156481453433,59156482027398,59156482028749,59156510721659,59156511996237,59156512052052,2262831064,5.2921,0.5740,28.6929,1.2746,0.0558,35.8908,2
10,59156568603239,59156573126031,59156573804367,59156573805626,59156602876167,59156604308301,59156604343431,3620718696,4.5228,0.6783,29.0705,1.4321,0.0351,35.7402,3
11,59156594287120,59156612128993,59156612710829,59156612711940,59156640611013,59156642268167,59156642296111,559305253,17.8419,0.5818,27.8991,1.6572,0.0279,48.0090,2
12,59156677700913,59156681784816,59156682331669,59156682332447,59156711134838,59156713250234,59156713289753,559305253,4.0839,0.5469,28.8024,2.1154,0.0395,35.5888,2
13,59156719808812,59156723639491,59156724653439,59156724654365,59156752462234,59156753706831,59156753735590,559305253,3.8307,1.0139,27.8079,1.2446,0.0288,33.9268,2
14,59156784233098,59156787940018,59156789214726,59156789215763,59156817461411,59156818657415,59156818685064,559305253,3.7069,1.2747,28.2456,1.1960,0.0276,34.4520,2
15,59156845509560,59156848554162,59156849139571,59156849140331,59156877369128,59156878449705,59156878476446,2336971496,3.0446,0.5854,28.2288,1.0806,0.0267,32.9669,3
16,59156920453066,59156923849392,59156924396875,59156924397653,59156952759098,59156954436771,59156954467530,165327146,3.3963,0.5475,28.3614,1.6777,0.0308,34.0145,3
17,59156969892636,59156972747905,59156973139758,59156973140629,59157001312370,59157002433225,59157002460799,3867416445,2.8553,0.3919,28.1717,1.1209,0.0276,32.5682,3
18,59157027635845,59157030558466,59157031079357,59157031080135,59157060089823,59157061316049,59157061343549,2731376238,2.9226,0.5209,29.0097,1.2262,0.0275,33.7077,3
19,59157085153720,59157088515157,59157089460198,59157089461383,59157117430049,59157118549331,59157118576257,115848984,3.3614,0.9450,27.9687,1.1193,0.0269,33.4225,3
20,59157150620399,59157154032670,59157154440616,59157154441227,59157183039599,59157184170214,59157184198121,115848984,3.4123,0.4079,28.5984,1.1306,0.0279,33.5777,3
21,59157225970092,59157229183140,59157229656327,59157229657142,59157257899272,59157259699667,59157259733518,115848984,3.2130,0.4732,28.2421,1.8004,0.0339,33.7634,3
22,59157275490459,59157278843396,59157279760270,59157279761362,59157308094437,59157309145070,59157309172719,115848984,3.3529,0.9169,28.3331,1.0506,0.0276,33.6823,3
23,59157371898111,59157375926254,59157376592552,59157376593608,59157405171128,59157407260357,59157407296746,1335176279,4.0281,0.6663,28.5775,2.0892,0.0364,35.3986,3
24,59157421426070,59157424658081,59157425240694,59157425241546,59157453637140,59157455119644,59157455250034,3413252619,3.2320,0.5826,28.3956,1.4825,0.1304,33.8240,3
25,59157471337698,59157474265930,59157474647894,59157474648764,59157502997043,59157504186417,59157504213140,3413252619,2.9282,0.3820,28.3483,1.1894,0.0267,32.8754,3
26,59157542374969,59157545396905,59157545991629,59157545992481,59157575300819,59157578224310,59157578410273,2201052123,3.0219,0.5947,29.3083,2.9235,0.1860,36.0353,3
27,59157584956999,59157587957694,59157589270476,59157589272328,59157621441323,59157630416797,59157630459019,745128873,3.0007,1.3128,32.1690,8.9755,0.0422,45.5020,3
28,59157647757317,59157653707411,59157654647580,59157654648784,59157688505396,59157690405272,59157690449180,966102200,5.9501,0.9402,33.8566,1.8999,0.0439,42.6919,3
29,59157712918013,59157717680585,59157718717329,59157718721810,59157749700450,59157751078491,59157751109436,966102200,4.7626,1.0367,30.9786,1.3780,0.0309,38.1914,3
30,59157789554155,59157797158476,59157797841312,59157797842386,59157826312758,59157827707374,59157827740059,2395585860,7.6043,0.6828,28.4704,1.3946,0.0327,38.1859,3
31,59157875889403,59157879416674,59157884497265,59157884498728,59157914768401,59157918668674,59157918721563,1200243340,3.5273,5.0806,30.2697,3.9003,0.0529,42.8322,3
32,59157927586147,59157931664402,59157937131938,59157937135012,59157967152556,59157969140062,59157969227618,4282801069,4.0783,5.4675,30.0175,1.9875,0.0876,41.6415,3
33,59157976076807,59157979637949,59157984559558,59157984560872,59158014415952,59158015862050,59158015897328,785644736,3.5611,4.9216,29.8551,1.4461,0.0353,39.8205,3
34,59158023192667,59158030022874,59158031216323,59158031217952,59158064885378,59158067110663,59158067149960,2490014704,6.8302,1.1934,33.6674,2.2253,0.0393,43.9573,3
35,59158088904569,59158092696414,59158093618695,59158093620714,59158121769899,59158122933014,59158122962755,2490014704,3.7918,0.9223,28.1492,1.1631,0.0297,34.0582,3
36,59158160882510,59158164300780,59158164830041,59158164831115,59158195938551,59158199820583,59158199876879,934788612,3.4183,0.5293,31.1074,3.8820,0.0563,38.9944,3
37,59158210131283,59158216585990,59158217472289,59158217475252,59158249295320,59158250680324,59158250716899,2657259011,6.4547,0.8863,31.8201,1.3850,0.0366,40.5856,3
38,59158299616967,59158303517980,59158308480626,59158308482460,59158337461518,59158338906486,59158338938616,164948157,3.9010,4.9626,28.9791,1.4450,0.0321,39.3216,3
39,59158366688392,59158370972166,59158372890394,59158372929431,59158402296436,59158403682255,59158403715829,2127198829,4.2838,1.9182,29.3670,1.3858,0.0336,37.0274,3
40,59158393277647,59158407065655,59158407880324,59158407881343,59158441113545,59158443606035,59158443646591,1382902537,13.7880,0.8147,33.2322,2.4925,0.0406,50.3689,3
41,59158465228347,59158470838551,59158476230754,59158476233068,59158505262238,59158506666891,59158506699132,1382902537,5.6102,5.3922,29.0292,1.4047,0.0322,41.4708,3
42,59158547155025,59158550812481,59158551429816,59158551431039,59158580090485,59158581569860,59158581601898,2580029742,3.6575,0.6173,28.6594,1.4794,0.0320,34.4469,3
43,59158598138841,59158601256981,59158601965835,59158601967391,59158632193009,59158637955250,59158638005491,1982225315,3.1181,0.7089,30.2256,5.7622,0.0502,39.8666,3
44,59158659102783,59158663004759,59158672400864,59158672403586,59158704382969,59158705766696,59158705800566,98887152,3.9020,9.3961,31.9794,1.3837,0.0339,46.6978,3
45,59158707913703,59158711214751,59158714610355,59158714612336,59158747757297,59158750202731,59158750288084,2080565165,3.3010,3.3956,33.1450,2.4454,0.0854,42.3744,3
46,59158767663011,59158776114447,59158777230135,59158777233932,59158806029064,59158807424531,59158807455883,2080565165,8.4514,1.1157,28.7951,1.3955,0.0314,39.7929,3
47,59158841578366,59158850034876,59158851366917,59158851369732,59158885748086,59158887923612,59158887958797,4033439654,8.4565,1.3320,34.3784,2.1755,0.0352,46.3804,3
48,59158897923274,59158905293762,59158906369043,59158906370710,59158935795603,59158938595112,59158938718502,4033439654,7.3705,1.0753,29.4249,2.7995,0.1234,40.7952,3
49,59158950196743,59158954808518,59158955601224,59158955602428,59158983808687,59158985980657,59158986034232,1311824722,4.6118,0.7927,28.2063,2.1720,0.0536,35.8375,3
50,59159041510655,59159046711173,59159047673917,59159047675120,59159078969872,59159081758085,59159081793714,2784365334,5.2005,0.9627,31.2948,2.7882,0.0356,40.2831,3
51,59159083852369,59159087566807,59159089150720,59159089151942,59159118594354,59159121661401,59159121708198,2784365334,3.7144,1.5839,29.4424,3.0670,0.0468,37.8558,3
52,59159204686694,59159213574668,59159215262932,59159215264766,59159246053441,59159248712061,59159248751154,1485258162,8.8880,1.6883,30.7887,2.6586,0.0391,44.0645,3
53,59159221578249,59159253519040,59159255545473,59159255547973,59159286993910,59159290672848,59159290732811,1485258162,31.9408,2.0264,31.4459,3.6789,0.0600,69.1546,3
54,59159296088810,59159300853363,59159303101444,59159303103518,59159333422507,59159335807311,59159335867478,1838581366,4.7646,2.2481,30.3190,2.3848,0.0602,39.7787,4
55,59159322893991,59159340387901,59159341707794,59159341710090,59159372222191,59159377496245,59159377582449,24574121,17.4939,1.3199,30.5121,5.2741,0.0862,54.6885,3
56,59159417235784,59159422143911,59159425072458,59159425077236,59159465471480,59159469529808,59159469604105,1945764105,4.9081,2.9285,40.3942,4.0583,0.0743,52.3683,3
57,59159477778780,59159483271409,59159484938970,59159484941674,59159515397108,59159517757023,59159517799727,3417924468,5.4926,1.6676,30.4554,2.3599,0.0427,40.0209,3
58,59159514069714,59159522324927,59159523553227,59159523555079,59159552455100,59159554823719,59159554879386,2348335444,8.2552,1.2283,28.9000,2.3686,0.0557,40.8097,4
59,59159585286079,59159588928091,59159589876205,59159589877779,59159620273972,59159623881910,59159623928262,557078442,3.6420,0.9481,30.3962,3.6079,0.0464,38.6422,3
60,59159632789273,59159637480492,59159638227087,59159638228235,59159667903314,59159669979192,59159670009970,357498366,4.6912,0.7466,29.6751,2.0759,0.0308,37.2207,4
61,59159722841977,59159728073550,59159729322313,59159729324424,59159761842106,59159765870175,59159765905638,223416542,5.2316,1.2488,32.5177,4.0281,0.0355,43.0637,4
62,59159788979510,59159794788437,59159797247889,59159797249815,59159828354936,59159829783293,59159829823256,4184791831,5.8089,2.4595,31.1051,1.4284,0.0400,40.8437,3
63,59159816144581,59159836096277,59159837569041,59159837570504,59159868113975,59159871712357,59159871758617,1516793374,19.9517,1.4728,30.5435,3.5984,0.0463,55.6140,3
64,59159902548681,59159908815424,59159910601763,59159910603615,59159942445424,59159946782457,59159946817235,1275473723,6.2667,1.7863,31.8418,4.3370,0.0348,44.2686,3
65,59159967565433,59159973999972,59159975486607,59159975488366,59160006774136,59160010211666,59160010265055,3534740142,6.4345,1.4866,31.2858,3.4375,0.0534,42.6996,3
66,59160035622213,59160040892119,59160041693270,59160041694622,59160071914777,59160074860120,59160074894620,1503611497,5.2699,0.8012,30.2202,2.9453,0.0345,39.2724,3
67,59160112350744,59160124208838,59160125637602,59160125640491,59160158175265,59160159421214,59160159447936,4203459399,11.8581,1.4288,32.5348,1.2459,0.0267,47.0972,3
68,59160182365067,59160190053667,59160190687632,59160190688558,59160220729175,59160224376058,59160224441947,4203459399,7.6886,0.6340,30.0406,3.6469,0.0659,42.0769,3
69,59160230404281,59160238981180,59160240024220,59160240025535,59160270219394,59160272797606,59160272826643,2816848877,8.5769,1.0430,30.1939,2.5782,0.0290,42.4224,3
70,59160278321902,59160282388786,59160282909010,59160282909955,59160312108514,59160314886227,59160314914856,1985157732,4.0669,0.5202,29.1986,2.7777,0.0286,36.5930,3
71,59160325414965,59160330832576,59160332472729,59160332474303,59160360093950,59160361690566,59160361718566,2793830501,5.4176,1.6402,27.6196,1.5966,0.0280,36.3036,3
72,59160413706627,59160419216571,59160420810354,59160420811409,59160450081858,59160451383603,59160451410251,774810119,5.5099,1.5938,29.2704,1.3017,0.0266,37.7036,3
73,59160446314679,59160456413842,59160457426901,59160457428919,59160485182548,59160486962220,59160486989165,1757487253,10.0992,1.0131,27.7536,1.7797,0.0269,40.6745,3
74,59160529967825,59160533436688,59160534014987,59160534016172,59160561496485,59160563524473,59160563629362,4092315953,3.4689,0.5783,27.4803,2.0280,0.1049,33.6615,3
75,59160602020211,59160611053537,59160611814132,59160611815225,59160641181581,59160644071535,59160644105405,1038207239,9.0333,0.7606,29.3664,2.8900,0.0339,42.0852,4
76,59160645523799,59160650052055,59160651714856,59160651716023,59160681116916,59160684397094,59160684463298,845460331,4.5283,1.6628,29.4009,3.2802,0.0662,38.9395,4
77,59160696521189,59160699465107,59160699803922,59160699804534,59160730222930,59160732328752,59160732499660,3515329473,2.9439,0.3388,30.4184,2.1058,0.1709,35.9785,4
78,59160758297208,59160764178283,59160764715933,59160764716748,59160792355209,59160794755754,59160794802254,1236560113,5.8811,0.5376,27.6385,2.4005,0.0465,36.5050,3
79,59160818861593,59160822029974,59160822381068,59160822381864,59160849795510,59160851283107,59160851322348,2400413240,3.1684,0.3511,27.4136,1.4876,0.0392,32.4608,3
80,59160904993785,59160911943141,59160913644739,59160913646091,59160944219358,59160946543311,59160946571755,3019993456,6.9494,1.7016,30.5733,2.3240,0.0284,41.5780,3
81,59160943366559,59160951704124,59160953439889,59160953440833,59160980620590,59160982099965,59160982138613,3019993456,8.3376,1.7358,27.1798,1.4794,0.0386,38.7721,3
82,59161016109207,59161021433354,59161023087637,59161023089193,59161051202082,59161053907387,59161053951406,477247419,5.3241,1.6543,28.1129,2.7053,0.0440,37.8422,4
83,59161065860612,59161070599405,59161072370448,59161072372041,59161099453834,59161100958376,59161100984987,941430911,4.7388,1.7710,27.0818,1.5045,0.0266,35.1244,3
84,59161146572748,59161149481036,59161149832796,59161149833407,59161177149405,59161179020652,59161179048467,437546309,2.9083,0.3518,27.3160,1.8712,0.0278,32.4757,4
85,59161214955863,59161222745055,59161223340372,59161223340983,59161251909300,59161255342163,59161255375367,1471458958,7.7892,0.5953,28.5683,3.4329,0.0332,40.4195,4
86,59161265133269,59161268726577,59161269792081,59161269793192,59161298739824,59161301250259,59161301303685,1927369430,3.5933,1.0655,28.9466,2.5104,0.0534,36.1704,4
87,59161305033864,59161310601938,59161312278851,59161312279814,59161340764056,59161343239545,59161343289675,3739460267,5.5681,1.6769,28.4842,2.4755,0.0501,38.2558,3
88,59161370379820,59161376519081,59161377019490,59161377020212,59161406395124,59161408529816,59161408560816,2951269980,6.1393,0.5004,29.3749,2.1347,0.0310,38.1810,4
89,59161430016813,59161435208664,59161436170944,59161436172019,59161464307908,59161465785061,59161465824190,731676805,5.1919,0.9623,28.1359,1.4772,0.0391,35.8074,3
90,59161520599204,59161523642622,59161523985493,59161523986308,59161556660027,59161559345092,59161559462999,1762585715,3.0434,0.3429,32.6737,2.6851,0.1179,38.8638,4
91,59161560082242,59161566628097,59161568290251,59161568291677,59161595891008,59161598203146,59161598232442,1762585715,6.5459,1.6622,27.5993,2.3121,0.0293,38.1502,4
92,59161637533738,59161643133201,59161644161983,59161644163131,59161672319427,59161674495546,59161674542731,3600441353,5.5995,1.0288,28.1563,2.1761,0.0472,37.0090,4
93,59161678315188,59161684772691,59161686388585,59161686390029,59161713856898,59161716095627,59161716127424,3489511881,6.4575,1.6159,27.4669,2.2387,0.0318,37.8122,4
94,59161741262192,59161746468265,59161747081859,59161747082655,59161775110100,59161776578697,59161776620327,994056683,5.2061,0.6136,28.0274,1.4686,0.0416,35.3581,3
95,59161817167590,59161819973803,59161822555404,59161822556867,59161852763337,59161856253830,59161856423479,3784629345,2.8062,2.5816,30.2065,3.4905,0.1696,39.2559,4
96,59161866636494,59161872684774,59161873247127,59161873247979,59161904244433,59161907236480,59161907270832,2725339643,6.0483,0.5624,30.9965,2.9920,0.0344,40.6343,4
97,59161925294632,59161929971203,59161930627057,59161930628280,59161959491282,59161960911639,59161960946380,1180494486,4.6766,0.6559,28.8630,1.4204,0.0347,35.6517,3
98,59162015327985,59162018163124,59162018533681,59162018534829,59162046605440,59162049124763,59162049172485,3611484813,2.8351,0.3706,28.0706,2.5193,0.0477,33.8445,3
99,59162061891898,59162069335663,59162069961313,59162069962332,59162098038906,59162100225154,59162100252006,4111879361,7.4438,0.6257,28.0766,2.1862,0.0269,38.3601,3
100,59162105440060,59162112270194,59162112780455,59162112781251,59162141827680,59162142890647,59162142919702,2753577568,6.8301,0.5103,29.0464,1.0630,0.0291,37.4796,4
101,59162207249655,59162215139681,59162217287373,59162217288892,59162246600896,59162248673070,59162248789403,3754989416,7.8900,2.1477,29.3120,2.0722,0.1163,41.5397,3
102,59162237707089,59162254092625,59162255367610,59162255369036,59162284193872,59162286609621,59162286648565,1880663020,16.3855,1.2750,28.8248,2.4157,0.0389,48.9415,4
103,59162307251559,59162310536422,59162310880997,59162310881553,59162339061627,59162341457468,59162341489746,1188289664,3.2849,0.3446,28.1801,2.3958,0.0323,34.2382,4
104,59162358875878,59162361985147,59162362335963,59162362336519,59162389512201,59162390948983,59162390977539,2330431705,3.1093,0.3508,27.1757,1.4368,0.0286,32.1017,4
105,59162450527421,59162456589811,59162457834297,59162457835297,59162486939930,59162488984770,59162489203048,1091233708,6.0624,1.2445,29.1046,2.0448,0.2183,38.6756,4
106,59162492760245,59162500345159,59162500912087,59162500912883,59162528645327,59162530970038,59162531035946,3455226095,7.5849,0.5669,27.7324,2.3247,0.0659,38.2757,3
107,59162542596910,59162549586933,59162550064434,59162550065360,59162578019601,59162580515294,59162580551942,2386272250,6.9900,0.4775,27.9542,2.4957,0.0366,37.9550,3
108,59162601149695,59162607819273,59162608414368,59162608415442,59162635467457,59162636947740,59162636985073,2438943243,6.6696,0.5951,27.0520,1.4803,0.0373,35.8354,4
109,59162699570187,59162703170236,59162703703626,59162703704515,59162735716362,59162738228314,59162738257129,3122290152,3.6000,0.5334,32.0118,2.5120,0.0288,38.6869,4
110,59162729041673,59162742800922,59162743137497,59162743138108,59162771244757,59162773552598,59162773585061,3122290152,13.7592,0.3366,28.1066,2.3078,0.0325,44.5434,4
111,59162787885997,59162792912402,59162794292981,59162794294073,59162822073924,59162824524673,59162824575210,705328763,5.0264,1.3806,27.7799,2.4507,0.0505,36.6892,4
112,59162852294209,59162857705098,59162858200321,59162858201247,59162885312115,59162886823064,59162886860953,531025122,5.4109,0.4952,27.1109,1.5109,0.0379,34.5667,4
113,59162928530905,59162933640552,59162934846871,59162934847926,59162964601043,59162967990165,59162968049906,1814815355,5.1096,1.2063,29.7531,3.3891,0.0597,39.5190,4
114,59162978257143,59162981088134,59162981442098,59162981442765,59163014082206,59163016254250,59163016280991,2015906036,2.8310,0.3540,32.6394,2.1720,0.0267,38.0238,3
115,59163065212930,59163070114872,59163072172861,59163072174231,59163099759063,59163102617313,59163102657498,163137468,4.9019,2.0580,27.5848,2.8582,0.0402,37.4446,3
116,59163111747362,59163114771890,59163115160151,59163115160966,59163142481093,59163143946764,59163143975098,1754371882,3.0245,0.3883,27.3201,1.4657,0.0283,32.2277,4
117,59163236659885,59163245291950,59163246218065,59163246219287,59163276910203,59163279781120,59163279830027,857852260,8.6321,0.9261,30.6909,2.8709,0.0489,43.1701,3
118,59163264636718,59163286683902,59163288501074,59163288502723,59163321237590,59163322320927,59163322347816,857852260,22.0472,1.8172,32.7349,1.0833,0.0269,57.7111,3
119,59163299753482,59163327137387,59163327900890,59163327902075,59163358803825,59163361062925,59163361709631,857852260,27.3839,0.7635,30.9017,2.2591,0.6467,61.9561,3
120,59163363352914,59163369591694,59163373629429,59163373630966,59163402171450,59163405380442,59163405408108,857852260,6.2388,4.0377,28.5405,3.2090,0.0277,42.0552,3
121,59163422883073,59163427839942,59163429130020,59163429131335,59163456637518,59163458869618,59163458911840,857852260,4.9569,1.2901,27.5062,2.2321,0.0422,36.0288,3
122,59163484210609,59163487030563,59163487373045,59163487373694,59163516795791,59163519276651,59163519303095,857852260,2.8200,0.3425,29.4221,2.4809,0.0264,35.0925,3
123,59163546122110,59163549012360,59163549367306,59163549368046,59163576720396,59163578194382,59163578232253,857852260,2.8902,0.3549,27.3524,1.4740,0.0379,32.1101,3
124,59163642425835,59163645318826,59163645671827,59163645672605,59163673649345,59163676151150,59163676192946,2074512562,2.8930,0.3530,27.9767,2.5018,0.0418,33.7671,3
125,59163689904603,59163694941212,59163695496417,59163695497214,59163723568010,59163725936055,59163725977981,1444183975,5.0366,0.5552,28.0708,2.3680,0.0419,36.0734,3
126,59163733326376,59163737960391,59163739115839,59163739117135,59163772156041,59163773378897,59163773405656,1190646695,4.6340,1.1554,33.0389,1.2229,0.0268,40.0793,3
127,59163801173525,59163806442728,59163806952989,59163806953970,59163835316305,59163836840050,59163836881921,641843540,5.2692,0.5103,28.3623,1.5237,0.0419,35.7084,3
128,59163881069937,59163884903153,59163885257655,59163885258247,59163912729412,59163914191454,59163914232565,356987761,3.8332,0.3545,27.4712,1.4620,0.0411,33.1626,3
129,59163951707763,59163954553476,59163954895051,59163954895829,59163987744511,59163990129612,59163990156241,981170271,2.8457,0.3416,32.8487,2.3851,0.0266,38.4485,3
130,59163988804996,59163995318629,59163995940020,59163995940668,59164023917149,59164025372135,59164025410469,981170271,6.5136,0.6214,27.9765,1.4550,0.0383,36.6055,3
131,59164061611144,59164066110918,59164067374589,59164067375811,59164098895341,59164101371905,59164101403109,4143500788,4.4998,1.2637,31.5195,2.4766,0.0312,39.7920,3
132,59164115710248,59164121409804,59164124245832,59164124246925,59164152365906,59164154789451,59164154818785,2710195136,5.6996,2.8360,28.1190,2.4235,0.0293,39.1085,2
133,59164175630168,59164180523981,59164181769540,59164181770614,59164209956596,59164211503509,59164211538213,1245169323,4.8938,1.2456,28.1860,1.5469,0.0347,35.9080,2
134,59164250650045,59164255747859,59164256296823,59164256297916,59164284566139,59164286934128,59164286970462,2405004651,5.0978,0.5490,28.2682,2.3680,0.0363,36.3204,3
135,59164299187132,59164302026863,59164302364049,59164302365105,59164329760121,59164331268386,59164331296052,2625731738,2.8397,0.3372,27.3950,1.5083,0.0277,32.1089,2
136,59164378117596,59164381002050,59164381360755,59164381361458,59164411315761,59164415266922,59164415312422,2799213566,2.8845,0.3587,29.9543,3.9512,0.0455,37.1948,2
137,59164423418875,59164429289450,59164429765377,59164429766655,59164458850936,59164462466448,59164462498985,2799213566,5.8706,0.4759,29.0843,3.6155,0.0325,39.0801,2
138,59164485425598,59164489937428,59164490741690,59164490742764,59164518436003,59164520917974,59164520961697,2799213566,4.5118,0.8043,27.6932,2.4820,0.0437,35.5361,2
139,59164547099227,59164549999941,59164550345757,59164550346516,59164577756014,59164579315945,59164579352871,1972586611,2.9007,0.3458,27.4095,1.5599,0.0369,32.2536,2
140,59164626124747,59164633042826,59164633558401,59164633559346,59164661548549,59164663698482,59164663733853,1972586611,6.9181,0.5156,27.9892,2.1499,0.0354,37.6091,2
141,59164673230866,59164677772566,59164679207571,59164679208663,59164707775183,59164710284340,59164710323340,1972586611,4.5417,1.4350,28.5665,2.5092,0.0390,37.0925,2
142,59164734409679,59164737380522,59164737796412,59164737797320,59164769387979,59164771969099,59164771997784,1972586611,2.9708,0.4159,31.5907,2.5811,0.0287,37.5881,2
143,59164797595961,59164802948090,59164803436925,59164803437925,59164834298675,59164835682680,59164835717643,1972586611,5.3521,0.4888,30.8607,1.3840,0.0350,38.1217,2
144,59164866523985,59164872554838,59164873135544,59164873136285,59164900917710,59164903510996,59164903536052,1972586611,6.0309,0.5807,27.7814,2.5933,0.0251,37.0121,2
145,59164924849474,59164927771669,59164932933371,59164932934704,59164961010797,59164963226934,59164963256712,2044012011,2.9222,5.1617,28.0761,2.2161,0.0298,38.4072,2
146,59164985571267,59164988893352,59164989282205,59164989283168,59165016444387,59165018013115,59165018038670,1131320910,3.3221,0.3889,27.1612,1.5687,0.0256,32.4674,2
147,59165059139287,59165061989982,59165062334520,59165062335113,59165091046059,59165093295715,59165093334622,1560203948,2.8507,0.3445,28.7109,2.2497,0.0389,34.1953,2
148,59165103899583,59165106952389,59165107300057,59165107300539,59165138170826,59165139943091,59165139968202,1952352674,3.0528,0.3477,30.8703,1.7723,0.0251,36.0686,2
149,59165173671054,59165177053269,59165177406696,59165177407826,59165205210658,59165207382276,59165207538832,1952352674,3.3822,0.3534,27.8028,2.1716,0.1566,33.8678,2
150,59165232046821,59165235815111,59165237830044,59165237831729,59165266881380,59165268350459,59165268388052,2124786379,3.7683,2.0149,29.0497,1.4691,0.0376,36.3412,2
151,59165327918711,59165334645530,59165335428958,59165335429792,59165366426801,59165368882235,59165368907735,485295564,6.7268,0.7834,30.9970,2.4554,0.0255,40.9890,2
152,59165372037653,59165378063377,59165378894342,59165378895268,59165407313399,59165409871685,59165409904852,4157178265,6.0257,0.8310,28.4181,2.5583,0.0332,37.8672,2
153,59165429174786,59165435091657,59165436483958,59165436485088,59165466251631,59165469246159,59165469275289,3459727299,5.9169,1.3923,29.7665,2.9945,0.0291,40.1005,2
154,59165487889813,59165493296664,59165493802444,59165493803610,59165520985682,59165522504538,59165522529390,466300281,5.4069,0.5058,27.1821,1.5189,0.0249,34.6396,2
155,59165574919045,59165583306684,59165584090131,59165584091668,59165613149615,59165615607846,59165615633642,2638142359,8.3876,0.7834,29.0579,2.4582,0.0258,40.7146,2
156,59165609322640,59165624385726,59165625069044,59165625069988,59165652357319,59165655294199,59165655339792,2638142359,15.0631,0.6833,27.2873,2.9369,0.0456,46.0172,2
157,59165683401736,59165689580331,59165690143592,59165690144499,59165719584763,59165723011756,59165723040126,3871119900,6.1786,0.5633,29.4403,3.4270,0.0284,39.6384,2
158,59165738596511,59165742124930,59165742469931,59165742470505,59165771944417,59165773159051,59165773183606,304251728,3.5284,0.3450,29.4739,1.2146,0.0246,34.5871,2
159,59165794428084,59165800799401,59165802478499,59165802479925,59165831122538,59165833652361,59165833697121,208214108,6.3713,1.6791,28.6426,2.5298,0.0448,39.2690,2
160,59165858031535,59165863120125,59165863574627,59165863575368,59165893872801,59165895372398,59165895411788,2363230138,5.0886,0.4545,30.2974,1.4996,0.0394,37.3803,2
161,59165946460363,59165952648662,59165953627591,59165953628591,59165982746298,59165985203547,59165985231639,4177532122,6.1883,0.9789,29.1177,2.4572,0.0281,38.7713,2
162,59165996244565,59166003882997,59166004477277,59166004478147,59166032632185,59166035128360,59166035171397,4177532122,7.6384,0.5943,28.1540,2.4962,0.0430,38.9268,2
163,59166054285182,59166062310005,59166062819081,59166062819636,59166093094329,59166094515852,59166094548834,3630086323,8.0248,0.5091,30.2747,1.4215,0.0330,40.2637,2
164,59166109808680,59166116478776,59166117044389,59166117045352,59166146552301,59166149936850,59166150297517,3630086323,6.6701,0.5656,29.5069,3.3845,0.3607,40.4888,2
165,59166166883313,59166170001008,59166170346843,59166170347695,59166198772585,59166201347538,59166201382168,544489636,3.1177,0.3458,28.4249,2.5750,0.0346,34.4989,2
166,59166226970067,59166229816317,59166230176800,59166230177485,59166257481667,59166259010487,59166259035061,544489636,2.8462,0.3605,27.3042,1.5288,0.0246,32.0650,2
167,59166290941167,59166296336166,59166296873983,59166296874649,59166325827171,59166327324731,59166327360231,544489636,5.3950,0.5378,28.9525,1.4976,0.0355,36.4191,2
168,59166357207737,59166362649292,59166363166609,59166363167572,59166390658125,59166392101945,59166392126390,544489636,5.4416,0.5173,27.4906,1.4438,0.0244,34.9187,2
169,59166425456388,59166431599075,59166433086228,59166433087414,59166460431300,59166462147510,59166462191473,544489636,6.1427,1.4872,27.3439,1.7162,0.0440,36.7351,2
170,59166492070182,59166498433537,59166499016835,59166499017761,59166528063653,59166530369661,59166530398290,505763201,6.3634,0.5833,29.0459,2.3060,0.0286,38.3281,2
171,59166539747025,59166545853045,59166546395991,59166546396788,59166576038126,59166579303841,59166579388156,130360270,6.1060,0.5429,29.6413,3.2657,0.0843,39.6411,2
172,59166605541742,59166608665715,59166609014735,59166609015568,59166637241143,59166638505203,59166638530425,1130626800,3.1240,0.3490,28.2256,1.2641,0.0252,32.9887,2
173,59166677149349,59166684365835,59166684855504,59166684856411,59166711995649,59166713434228,59166713459450,1698220440,7.2165,0.4897,27.1392,1.4386,0.0252,36.3101,2
174,59166760808014,59166766995423,59166767512332,59166767513128,59166797043911,59166799315900,59166799350715,3705349217,6.1874,0.5169,29.5308,2.2720,0.0348,38.5427,2
175,59166801607296,59166806159478,59166807439353,59166807440927,59166835942076,59166838268473,59166838302121,3435567641,4.5522,1.2799,28.5011,2.3264,0.0336,36.6948,2
176,59166852417353,59166858674133,59166859236190,59166859237061,59166890875128,59166891961872,59166891989391,1962601721,6.2568,0.5621,31.6381,1.0867,0.0275,39.5720,3
177,59166941724296,59166947926724,59166949352654,59166949353747,59166977801248,59166980399831,59166980429164,358910771,6.2024,1.4259,28.4475,2.5986,0.0293,38.7049,2
178,59166988092486,59166994527637,59166996334124,59166996335161,59167024884996,59167027264282,59167027305208,3793433654,6.4352,1.8065,28.5498,2.3793,0.0409,39.2127,2
179,59167033561691,59167038905894,59167039799249,59167039800397,59167068243547,59167069753681,59167069778904,1039171694,5.3442,0.8934,28.4431,1.5101,0.0252,36.2172,2
180,59167117183486,59167122836875,59167124301769,59167124302972,59167152836567,59167155195648,59167155230500,1334582351,5.6534,1.4649,28.5336,2.3591,0.0349,38.0470,2
181,59167160579148,59167165552349,59167166266166,59167166266944,59167195700949,59167198584884,59167198617977,2251457286,4.9732,0.7138,29.4340,2.8839,0.0331,38.0388,2
182,59167220569772,59167225781511,59167228102945,59167228104370,59167256564631,59167258732620,59167258757416,3480094922,5.2117,2.3214,28.4603,2.1680,0.0248,38.1876,2
183,59167302359541,59167308633155,59167310236938,59167310238012,59167338922458,59167341048947,59167341088910,1589195501,6.2736,1.6038,28.6844,2.1265,0.0400,38.7294,2
184,59167347124819,59167354658140,59167355239772,59167355240531,59167382647029,59167384123422,59167384159015,1963774593,7.5333,0.5816,27.4065,1.4764,0.0356,37.0342,2
185,59167438609565,59167445343402,59167447488187,59167447489965,59167479168495,59167481110261,59167481135539,3546507675,6.7338,2.1448,31.6785,1.9418,0.0253,42.5260,2
186,59167482716100,59167489001806,59167489614530,59167489615919,59167520203483,59167523844106,59167523875124,3546507675,6.2857,0.6127,30.5876,3.6406,0.0310,41.1590,2
187,59167547506536,59167553919112,59167556457824,59167556459084,59167584956807,59167587476871,59167587509834,940593624,6.4126,2.5387,28.4977,2.5201,0.0330,40.0033,2
188,59167599158039,59167607538937,59167608125976,59167608127310,59167635348455,59167636845942,59167636871831,2135522600,8.3809,0.5870,27.2211,1.4975,0.0259,37.7138,2
189,59167691309621,59167695302005,59167697900236,59167697901569,59167725714013,59167728215317,59167728257706,3403587751,3.9924,2.5982,27.8124,2.5013,0.0424,36.9481,3
190,59167734980006,59167741320897,59167742522735,59167742523735,59167772739297,59167775609122,59167775638937,811631500,6.3409,1.2018,30.2156,2.8698,0.0298,40.6589,2
191,59167781546067,59167787591995,59167791471693,59167791473396,59167819382340,59167821386958,59167821412532,1841397052,6.0459,3.8797,27.9089,2.0046,0.0256,39.8665,2
192,59167861569442,59167869896118,59167870460120,59167870460916,59167899957254,59167903176654,59167903202580,10728966,8.3267,0.5640,29.4963,3.2194,0.0259,41.6331,1
193,59167907520001,59167913861282,59167914426784,59167914428154,59167942541413,59167944707180,59167944746921,10728966,6.3413,0.5655,28.1133,2.1658,0.0397,37.2269,1
194,59167963877076,59167966754660,59167967109754,59167967110272,59167994765919,59167995886886,59167995909904,10728966,2.8776,0.3551,27.6556,1.1210,0.0230,32.0328,1
195,59168027925454,59168030835594,59168031205150,59168031205947,59168060760970,59168063258627,59168063304312,554335365,2.9101,0.3696,29.5550,2.4977,0.0457,35.3789,2
196,59168087266965,59168090261605,59168090601235,59168090601958,59168118052733,59168119440219,59168119465090,554335365,2.9946,0.3396,27.4508,1.3875,0.0249,32.1981,2
197,59168155846025,59168161860637,59168162436158,59168162436935,59168191189252,59168192670609,59168192711128,554335365,6.0146,0.5755,28.7523,1.4814,0.0405,36.8651,2
198,59168225592940,59168230556123,59168231037977,59168231039217,59168258618975,59168260184628,59168260209110,554335365,4.9632,0.4819,27.5798,1.5657,0.0245,34.6162,2
199,59168310720573,59168315885794,59168317584133,59168317585892,59168346559524,59168348952495,59168348977755,1368719634,5.1652,1.6983,28.9736,2.3930,0.0253,38.2572,2
200,59168357306782,59168360870609,59168361224628,59168361225314,59168389214017,59168391710396,59168391750470,1121464391,3.5638,0.3540,27.9887,2.4964,0.0401,34.4437,2
201,59168406658667,59168409625529,59168409975289,59168409975919,59168439741295,59168442090729,59168443153843,609827657,2.9669,0.3498,29.7654,2.3494,1.0631,36.4952,2
202,59168464389006,59168470290581,59168471985327,59168471986679,59168500244143,59168501771870,59168501795833,3201840395,5.9016,1.6947,28.2575,1.5277,0.0240,37.4068,2
203,59168560491119,59168565918100,59168567370512,59168567371846,59168596394219,59168598756505,59168598800357,3774943448,5.4270,1.4524,29.0224,2.3623,0.0439,38.3092,2
204,59168604634969,59168610956934,59168611688436,59168611689344,59168641544739,59168644579786,59168644729138,3245608238,6.3220,0.7315,29.8554,3.0350,0.1494,40.0942,2
205,59168666209968,59168669126719,59168669477738,59168669478498,59168696657754,59168697942703,59168697978684,4242017865,2.9168,0.3510,27.1793,1.2849,0.0360,31.7687,1
206,59168741799588,59168749166946,59168749745948,59168749747096,59168777896892,59168780203381,59168780245085,4136757317,7.3674,0.5790,28.1498,2.3065,0.0417,38.4455,2
207,59168786419828,59168792589015,59168793194017,59168793194813,59168822653614,59168823762044,59168823787507,2232077872,6.1692,0.6050,29.4588,1.1084,0.0255,37.3677,2
208,59168859228216,59168864783920,59168865508644,59168865509867,59168894555351,59168898106419,59168898137548,3452991007,5.5557,0.7247,29.0455,3.5511,0.0311,38.9093,2
209,59168900245055,59168903070046,59168903413807,59168903414640,59168933585110,59168936058025,59168936098896,3452991007,2.8250,0.3438,30.1705,2.4729,0.0409,35.8538,2
210,59168956149147,59168961543832,59168962057667,59168962058537,59168990919855,59168992808694,59168992839046,3452991007,5.3947,0.5138,28.8613,1.8888,0.0304,36.6899,2
211,59169027838977,59169033293309,59169034512887,59169034514036,59169063352371,59169065763176,59169065803287,3452991007,5.4543,1.2196,28.8383,2.4108,0.0401,37.9643,2
212,59169084826646,59169087771767,59169090027830,59169090031460,59169118339571,59169119787484,59169119825743,3452991007,2.9451,2.2561,28.3081,1.4479,0.0383,34.9991,2
213,59169152572666,59169157624590,59169160610970,59169160612026,59169187601207,59169188879767,59169188902415,4090201428,5.0519,2.9864,26.9892,1.2786,0.0226,36.3297,1
214,59169239974473,59169245567769,59169246853884,59169246855125,59169276877984,59169277869320,59169277893820,1390472484,5.5933,1.2861,30.0229,0.9913,0.0245,37.9193,2
215,59169278114988,59169286947850,59169287537574,59169287538408,59169315689223,59169317964397,59169317988638,1390472484,8.8329,0.5897,28.1508,2.2752,0.0242,39.8736,2
216,59169330366901,59169333344559,59169333720338,59169333721264,59169361091262,59169362539285,59169362563989,2952232430,2.9777,0.3758,27.3700,1.4480,0.0247,32.1971,2
217,59169404898980,59169407929527,59169413171582,59169413172674,59169441490638,59169443835905,59169443871016,2952232430,3.0305,5.2421,28.3180,2.3453,0.0351,38.9720,2
218,59169458708787,59169463708156,59169465425995,59169465427476,59169492592325,59169494052126,59169494076867,990010268,4.9994,1.7178,27.1648,1.4598,0.0247,35.3681,2
219,59169536790971,59169539763833,59169542016488,59169542018451,59169572858386,59169575536766,59169575565284,1329363095,2.9729,2.2527,30.8399,2.6784,0.0285,38.7743,2
220,59169584095720,59169589154959,59169592295099,59169592296339,59169621729788,59169623235849,59169623269312,3965509674,5.0592,3.1401,29.4334,1.5061,0.0335,39.1736,2
221,59169649983604,59169656290495,59169657996056,59169657997390,59169686070464,59169688549101,59169688581157,1971169511,6.3069,1.7056,28.0731,2.4786,0.0321,38.5976,2
222,59169737231558,59169743335319,59169743836321,59169743836951,59169772898602,59169775154813,59169775189758,1971169511,6.1038,0.5010,29.0617,2.2562,0.0349,37.9582,2
223,59169798914577,59169801805401,59169802163569,59169802164310,59169830945960,59169833778488,59169833807285,3651416007,2.8908,0.3582,28.7816,2.8325,0.0288,34.8927,2
224,59169848167869,59169853195886,59169854376390,59169854377704,59169882581446,59169885075361,59169885105324,544399718,5.0280,1.1805,28.2037,2.4939,0.0300,36.9375,2
225,59169897885570,59169900805376,59169901166340,59169901167155,59169929155673,59169931757904,59169931799034,2042442765,2.9198,0.3610,27.9885,2.6022,0.0411,33.9135,2
226,59169958448177,59169964568698,59169965110070,59169965111033,59169995673356,59169997759400,59169997785029,3704430854,6.1205,0.5414,30.5623,2.0860,0.0256,39.3369,2
227,59170035419839,59170038592609,59170038932776,59170038933276,59170066602997,59170068857968,59170069010968,4049231361,3.1728,0.3402,27.6697,2.2550,0.1530,33.5911,2
228,59170095328166,59170100266016,59170100826666,59170100827870,59170128036478,59170129520686,59170129556150,1305118461,4.9379,0.5606,27.2086,1.4842,0.0355,34.2280,2
229,59170171816900,59170174968040,59170175308226,59170175309115,59170205022658,59170207490296,59170207536611,1189132520,3.1511,0.3402,29.7135,2.4676,0.0463,35.7197,2
230,59170217246069,59170222275141,59170223316163,59170223317126,59170251288625,59170253550429,59170253684319,1691748723,5.0291,1.0410,27.9715,2.2618,0.1339,36.4382,2
231,59170269290407,59170274063923,59170274802684,59170274803907,59170304900821,59170305950972,59170305975510,1874604255,4.7735,0.7388,30.0969,1.0502,0.0245,36.6851,2
232,59170350593768,59170356473991,59170357049789,59170357050734,59170385201475,59170389211007,59170389237247,3691139465,5.8802,0.5758,28.1507,4.0095,0.0262,38.6435,2
233,59170390360862,59170396135752,59170397094477,59170397095718,59170425190440,59170426573685,59170426598852,1709001282,5.7749,0.9587,28.0947,1.3832,0.0252,36.2380,2
234,59170480387548,59170488042592,59170488689705,59170488690927,59170517668690,59170520103624,59170520128679,1240579364,7.6550,0.6471,28.9778,2.4349,0.0251,39.7411,2
235,59170514583013,59170525696976,59170527058054,59170527058943,59170555145795,59170557015134,59170557066561,1240579364,11.1140,1.3611,28.0869,1.8693,0.0514,42.4835,2
236,59170578244279,59170585905304,59170586481287,59170586482009,59170613964471,59170616066940,59170616106607,2763795801,7.6610,0.5760,27.4825,2.1025,0.0397,37.8623,2
237,59170639696555,59170644848202,59170646546763,59170646548319,59170675127043,59170677757144,59170677828885,3947512032,5.1516,1.6986,28.5787,2.6301,0.0717,38.1323,2
238,59170699042696,59170703735156,59170704493769,59170704494714,59170733165771,59170734700684,59170734737147,1925190684,4.6925,0.7586,28.6711,1.5349,0.0365,35.6945,2
239,59170777101879,59170782373100,59170783719031,59170783720605,59170813311240,59170816921344,59170817066159,2003055703,5.2712,1.3459,29.5906,3.6101,0.1448,39.9643,2
240,59170823229235,59170826512042,59170826858784,59170826859284,59170855320712,59170857417959,59170857443441,2784378456,3.2828,0.3467,28.4614,2.0972,0.0255,34.2142,2
241,59170896557959,59170901518957,59170902058662,59170902059329,59170930230051,59170932164762,59170932328169,902082511,4.9610,0.5397,28.1707,1.9347,0.1634,35.7702,2
242,59170949210262,59170955848729,59170957255622,59170957344845,59170984950010,59170986202218,59170986237533,902082511,6.6385,1.4069,27.6052,1.2522,0.0353,37.0273,2
243,59171034997786,59171040110896,59171041689901,59171041691419,59171070335125,59171072664818,59171072703318,2745705892,5.1131,1.5790,28.6437,2.3297,0.0385,37.7055,2
244,59171077944224,59171083131630,59171084468320,59171084469820,59171114790364,59171118299320,59171118394061,4059905617,5.1874,1.3367,30.3205,3.5090,0.0947,40.4498,2
245,59171130678435,59171135579155,59171135926953,59171135928045,59171168656079,59171171610256,59171171639607,2845119837,4.9007,0.3478,32.7280,2.9542,0.0294,40.9612,2
246,59171194365534,59171200463091,59171201038130,59171201038964,59171228424925,59171229733133,59171229758429,3282917580,6.0976,0.5750,27.3860,1.3082,0.0253,35.3929,2
247,59171271897549,59171277101678,59171277597772,59171277598605,59171305758291,59171307788242,59171307818020,1105471800,5.2041,0.4961,28.1597,2.0300,0.0298,35.9205,2
248,59171329637092,59171334879628,59171335345981,59171335346944,59171364662856,59171366059249,59171366095953,1549344569,5.2425,0.4664,29.3159,1.3964,0.0367,36.4589,2
249,59171410828675,59171413801703,59171414156000,59171414157056,59171442146852,59171443687098,59171443727339,682799197,2.9730,0.3543,27.9898,1.5402,0.0402,32.8987,2
250,59171455570008,59171460624580,59171461184989,59171461185785,59171492061813,59171495179583,59171495209046,3212374577,5.0546,0.5604,30.8760,3.1178,0.0295,39.6390,2
251,59171506046989,59171510911801,59171511251747,59171511252506,59171542791573,59171545466175,59171545499508,2200536664,4.8648,0.3399,31.5391,2.6746,0.0333,39.4525,2
252,59171568174898,59171574361122,59171576603629,59171576604759,59171603856923,59171605145131,59171605170298,2878308475,6.1862,2.2425,27.2522,1.2882,0.0252,36.9954,2
253,59171657394729,59171664243604,59171664847717,59171664848791,59171692763402,59171695206428,59171695276762,3614546609,6.8489,0.6041,27.9146,2.4430,0.0703,37.8820,2
254,59171698737606,59171705057627,59171705584444,59171705585148,59171733631944,59171735552321,59171735599950,1575614871,6.3200,0.5268,28.0468,1.9204,0.0476,36.8623,2
255,59171749232977,59171754196827,59171755939517,59171755940795,59171783638498,59171786291451,59171786330784,765934278,4.9638,1.7427,27.6977,2.6530,0.0393,37.0978,2
256,59171809889233,59171812818687,59171813181521,59171813182466,59171840517926,59171841862338,59171841887634,3045570476,2.9295,0.3628,27.3355,1.3444,0.0253,31.9984,2
257,59171884888313,59171892520561,59171893017822,59171893018600,59171922634457,59171926189561,59171926222876,2677836414,7.6322,0.4973,29.6159,3.5551,0.0333,41.3346,2
258,59171938955788,59171942061558,59171942410411,59171942411429,59171969936390,59171971707378,59171971734119,164613270,3.1058,0.3489,27.5250,1.7710,0.0267,32.7783,2
259,59172025464907,59172032405041,59172033626971,59172033628008,59172061858416,59172063647811,59172063695978,582040830,6.9401,1.2219,28.2304,1.7894,0.0482,38.2311,2
260,59172071787930,59172074673588,59172075014608,59172075015274,59172102665217,59172104118685,59172104143611,2332403261,2.8857,0.3410,27.6499,1.4535,0.0249,32.3557,2
261,59172125019550,59172129781733,59172130392865,59172130393883,59172157699881,59172159087978,59172159123404,638567392,4.7622,0.6111,27.3060,1.3881,0.0354,34.1039,2
262,59172196764269,59172199742427,59172202053675,59172202055212,59172232707443,59172235739934,59172235772749,297246760,2.9782,2.3112,30.6522,3.0325,0.0328,39.0085,2
263,59172244040480,59172247922975,59172253900235,59172253901680,59172282411237,59172284882800,59172284917486,2201481359,3.8825,5.9773,28.5096,2.4716,0.0347,40.8770,2
264,59172307781987,59172314301194,59172316089422,59172316090607,59172344041051,59172345771279,59172345804576,91008429,6.5192,1.7882,27.9504,1.7302,0.0333,38.0226,2
265,59172388857273,59172395290628,59172396557428,59172396558669,59172424713984,59172426819750,59172426849232,2334795793,6.4334,1.2668,28.1553,2.1058,0.0295,37.9920,2
266,59172432773955,59172438772993,59172439971553,59172439972590,59172468840371,59172470949137,59172470979359,709667315,5.9990,1.1986,28.8678,2.1088,0.0302,38.2054,2
267,59172490153848,59172495204902,59172495686996,59172495687904,59172525594706,59172526914340,59172526948303,2233946807,5.0511,0.4821,29.9068,1.3196,0.0340,36.7945,2
268,59172588084949,59172590915514,59172591262497,59172591263367,59172621542430,59172623537011,59172623567381,389316002,2.8306,0.3470,30.2791,1.9946,0.0304,35.4824,2
269,59172635750236,59172642767389,59172643332780,59172643333576,59172672941322,59172675211274,59172675239830,4044040054,7.0172,0.5654,29.6077,2.2700,0.0286,39.4896,2
270,59172680522754,59172684826713,59172685222844,59172685223566,59172712898769,59172714532107,59172714566182,999727286,4.3040,0.3961,27.6752,1.6333,0.0341,34.0434,2
271,59172743195072,59172749157462,59172750919302,59172750920561,59172779141265,59172780439362,59172780465251,1240763605,5.9624,1.7618,28.2207,1.2981,0.0259,37.2702,2
272,59172835280154,59172842251177,59172843115624,59172843116828,59172872243295,59172874261153,59172874296579,2897384211,6.9710,0.8644,29.1265,2.0179,0.0354,39.0164,2
273,59172881363714,59172888864942,59172889455629,59172889456444,59172917438296,59172919572432,59172919608321,357261432,7.5012,0.5907,27.9819,2.1341,0.0359,38.2446,2
274,59172924490967,59172930649561,59172931234786,59172931235749,59172958693117,59172960729031,59172960768402,3583612092,6.1586,0.5852,27.4574,2.0359,0.0394,36.2774,2
275,59172990784297,59172993716566,59172994079104,59172994079863,59173021201694,59173022129438,59173022155289,1517324004,2.9323,0.3625,27.1218,0.9277,0.0259,31.3710,2
276,59173065437080,59173070104818,59173070927562,59173070928525,59173099555712,59173101590274,59173101626941,3776456068,4.6677,0.8227,28.6272,2.0346,0.0367,36.1899,1
277,59173128984438,59173133994103,59173134452308,59173134453271,59173161667324,59173163011625,59173163034125,2962886771,5.0097,0.4582,27.2141,1.3443,0.0225,34.0497,1
278,59173204764689,59173211989712,59173212554973,59173212555862,59173240685289,59173242997815,59173243040315,3577574511,7.2250,0.5653,28.1294,2.3125,0.0425,38.2756,2
279,59173255160799,59173261208116,59173262561916,59173262562898,59173291495308,59173293597926,59173293753760,3467390278,6.0473,1.3538,28.9324,2.1026,0.1558,38.5930,2
280,59173305715892,59173310541464,59173311693912,59173311695171,59173339509078,59173341742937,59173341868474,2044039683,4.8256,1.1524,27.8139,2.2339,0.1255,36.1526,2
281,59173377657278,59173380597436,59173380952881,59173380953640,59173410213811,59173411921335,59173411945261,3399930860,2.9402,0.3554,29.2602,1.7075,0.0239,34.2880,1
282,59173453809492,59173456848798,59173457205355,59173457206133,59173491013800,59173493162585,59173493193529,3012044463,3.0393,0.3566,33.8077,2.1488,0.0309,39.3840,1
283,59173501134722,59173508187468,59173508780118,59173508781044,59173537577657,59173539348237,59173539376015,2544303147,7.0527,0.5927,28.7966,1.7706,0.0278,38.2413,1
284,59173552772282,59173555786421,59173559181266,59173559182784,59173586205022,59173587485952,59173587509174,3335971597,3.0141,3.3948,27.0222,1.2809,0.0232,34.7369,1
285,59173628199382,59173633837586,59173634360607,59173634361736,59173662496181,59173664626132,59173664653188,747229361,5.6382,0.5230,28.1344,2.1300,0.0271,36.4538,1
286,59173673657458,59173679639071,59173680839353,59173680840482,59173709110946,59173711113360,59173711160582,1993404965,5.9816,1.2003,28.2705,2.0024,0.0472,37.5031,1
287,59173734194695,59173737100835,59173737475836,59173737476632,59173764726574,59173765992708,59173766014634,494384235,2.9061,0.3750,27.2499,1.2661,0.0219,31.8199,1
288,59173812588250,59173818166973,59173819337421,59173819338810,59173847865996,59173849782188,59173849820910,299737046,5.5787,1.1704,28.5272,1.9162,0.0387,37.2327,1
289,59173858092345,59173861976395,59173862352563,59173862353341,59173892754200,59173893947945,59173893977093,3889374698,3.8840,0.3762,30.4009,1.1937,0.0291,35.8847,1
290,59173921671407,59173926526849,59173926982609,59173926983480,59173955462129,59173956565429,59173956588596,4288267212,4.8554,0.4558,28.4786,1.1033,0.0232,34.9172,1
291,59174007088318,59174012957504,59174013544858,59174013546025,59174041407709,59174043345568,59174043378142,3898952644,5.8692,0.5874,27.8617,1.9379,0.0326,36.2898,1
292,59174051389168,59174054788291,59174055135699,59174055136310,59174082359493,59174083585145,59174083608441,1244216767,3.3991,0.3474,27.2232,1.2257,0.0233,32.2193,1
293,59174133371643,59174138112547,59174138736957,59174138737771,59174166630364,59174168779685,59174168899612,1458394786,4.7409,0.6244,27.8926,2.1493,0.1199,35.5280,1
294,59174174867020,59174177742122,59174178091346,59174178091957,59174205760067,59174207057664,59174207080886,1458394786,2.8751,0.3492,27.6681,1.2976,0.0232,32.2139,1
295,59174266855194,59174272502417,59174273037641,59174273038252,59174302587553,59174305554655,59174305577767,1014195955,5.6472,0.5352,29.5493,2.9671,0.0231,38.7226,1
296,59174309021685,59174314753741,59174316468247,59174316469710,59174344561784,59174347639276,59174347666257,344950373,5.7321,1.7145,28.0921,3.0775,0.0270,38.6446,1
297,59174362360454,59174367830509,59174369706441,59174369707738,59174398401036,59174400493450,59174400530858,3796340370,5.4701,1.8759,28.6933,2.0924,0.0374,38.1704,1
298,59174449839261,59174455614540,59174457836491,59174457837806,59174488952168,59174490981916,59174491006934,1942769715,5.7753,2.2220,31.1144,2.0297,0.0250,41.1677,1
299,59174484754636,59174493780425,59174494130574,59174494131296,59174522545205,59174524657953,59174524690564,11007101,9.0258,0.3501,28.4139,2.1127,0.0326,39.9359,1
300,59174543242607,59174546149561,59174546492766,59174546493636,59174573985782,59174575262046,59174575285064,11007101,2.9070,0.3432,27.4921,1.2763,0.0230,32.0425,1
301,59174634839224,59174642563120,59174643055658,59174643056714,59174671251029,59174673283295,59174673317795,2989855186,7.7239,0.4925,28.1943,2.0323,0.0345,38.4786,1
302,59174679721298,59174684592073,59174686795618,59174686796969,59174719216965,59174720436784,59174720463988,3947618613,4.8708,2.2035,32.4200,1.2198,0.0272,40.7427,1
303,59174745132866,59174750438124,59174752261426,59174752262815,59174782814935,59174785463777,59174785492999,2471936153,5.3053,1.8233,30.5521,2.6488,0.0292,40.3601,1
304,59174793512655,59174798768487,59174802097924,59174802099461,59174829209440,59174830728908,59174830753889,2641251092,5.2558,3.3294,27.1100,1.5195,0.0250,37.2412,1
305,59174864967780,59174867827586,59174870889651,59174870891151,59174900173322,59174901887087,59174901915217,1112349287,2.8598,3.0621,29.2822,1.7138,0.0281,36.9474,1
306,59174912094232,59174919682368,59174920287018,59174920288111,59174947689516,59174949145687,59174949180613,969379566,7.5881,0.6047,27.4014,1.4562,0.0349,37.0864,1
307,59174977041316,59174979897122,59174984182081,59174984183655,59175011155059,59175012510971,59175012547156,2926797749,2.8558,4.2850,26.9714,1.3559,0.0362,35.5058,2
308,59175053904718,59175059860257,59175060437203,59175060438073,59175088159887,59175089495040,59175089517928,1386450367,5.9555,0.5769,27.7218,1.3352,0.0229,35.6132,1
309,59175110180960,59175113423859,59175113782546,59175113783305,59175143406421,59175144088794,59175144112461,4276251755,3.2429,0.3587,29.6231,0.6824,0.0237,33.9315,0
310,59175196691282,59175201295260,59175204232178,59175204233844,59175232279048,59175234492759,59175234516333,4189118993,4.6040,2.9369,28.0452,2.2137,0.0236,37.8251,1
311,59175238621865,59175243150250,59175244919071,59175244920164,59175273557073,59175275601450,59175275741432,1357926754,4.5284,1.7688,28.6369,2.0444,0.1400,37.1196,1
312,59175284857758,59175287779527,59175292100801,59175292102208,59175319326039,59175320991119,59175321148582,1508775840,2.9218,4.3213,27.2238,1.6651,0.1575,36.2908,2
313,59175349596639,59175353601708,59175354100839,59175354101432,59175383001545,59175384267790,59175384291272,512379726,4.0051,0.4991,28.9001,1.2662,0.0235,34.6946,1
314,59175443283596,59175446193884,59175446541959,59175446542663,59175474736533,59175476975782,59175477003559,3028791659,2.9103,0.3481,28.1939,2.2392,0.0278,33.7200,1
315,59175489402471,59175496296568,59175496934255,59175496935496,59175524698717,59175526608168,59175526638075,4046701959,6.8941,0.6377,27.7632,1.9095,0.0299,37.2356,1
316,59175564434996,59175570161515,59175571491797,59175571493223,59175599462353,59175600919098,59175600958172,170507778,5.7265,1.3303,27.9691,1.4567,0.0391,36.5232,1
317,59175643261312,59175646969269,59175647492178,59175647493048,59175681078455,59175683629390,59175683674705,223229651,3.7080,0.5229,33.5854,2.5509,0.0453,40.4134,1
318,59175678474447,59175689858855,59175690303523,59175690304319,59175720560086,59175722824482,59175722852556,1787198408,11.3844,0.4447,30.2558,2.2644,0.0281,44.3781,1
319,59175742152990,59175745644039,59175745994003,59175745995114,59175776250251,59175778038016,59175778759852,3456150314,3.4910,0.3500,30.2551,1.7878,0.7218,36.6069,1
320,59175793074158,59175798792399,59175800579646,59175800580683,59175829508723,59175830996413,59175831021691,1887111340,5.7182,1.7872,28.9280,1.4877,0.0253,37.9475,2
321,59175851315906,59175854165860,59175854515454,59175854515972,59175881911452,59175883240438,59175883274327,3106752056,2.8500,0.3496,27.3955,1.3290,0.0339,31.9584,2
322,59175923410274,59175928461902,59175928961292,59175928962088,59175957526683,59175959513893,59175959538430,733272279,5.0516,0.4994,28.5646,1.9872,0.0245,36.1282,2
323,59175965875340,59175971126691,59175972642751,59175972644122,59176000517954,59176001801588,59176001824885,1969912327,5.2514,1.5161,27.8738,1.2836,0.0233,35.9495,1
324,59176043976264,59176047792666,59176050018618,59176050020877,59176079122751,59176081099368,59176081133665,1599273813,3.8164,2.2260,29.1019,1.9766,0.0343,37.1574,1
325,59176090615233,59176095786584,59176096363845,59176096364660,59176123795954,59176125114329,59176125153847,2042295012,5.1714,0.5773,27.4313,1.3184,0.0395,34.5386,1
326,59176154655519,59176157504991,59176157864233,59176157865196,59176187514775,59176188432704,59176188456427,2849294493,2.8495,0.3592,29.6496,0.9179,0.0237,33.8009,1
327,59176239892337,59176246278229,59176247983938,59176247984919,59176275832752,59176277918759,59176277956963,3491599779,6.3859,1.7057,27.8478,2.0860,0.0382,38.0646,1
328,59176288429849,59176295921930,59176296511006,59176296511968,59176323648188,59176324927951,59176324950711,324047746,7.4921,0.5891,27.1362,1.2798,0.0228,36.5209,1
329,59176369139301,59176376164194,59176376871178,59176376872012,59176405379513,59176406288127,59176406311387,884156505,7.0249,0.7070,28.5075,0.9086,0.0233,37.1721,1
330,59176407511279,59176411306755,59176411649978,59176411650756,59176443203582,59176444465327,59176444497290,884156505,3.7955,0.3432,31.5528,1.2617,0.0320,36.9860,1
331,59176478133087,59176480988281,59176481348875,59176481349616,59176509646117,59176511559660,59176511598790,1798029593,2.8552,0.3606,28.2965,1.9135,0.0391,33.4657,1
332,59176524840241,59176531504504,59176532759582,59176532760804,59176560936841,59176562243549,59176562267253,3079359746,6.6643,1.2551,28.1760,1.3067,0.0237,37.4270,1
333,59176593209596,59176598007834,59176599995007,59176599996044,59176627204153,59176628463157,59176628496990,3123612103,4.7982,1.9872,27.2081,1.2590,0.0338,35.2874,1
334,59176681324498,59176685794420,59176686655793,59176686656756,59176715451074,59176718461973,59176718626806,1694717610,4.4699,0.8614,28.7943,3.0109,0.1648,37.3023,1
335,59176727513873,59176732880076,59176736053234,59176736055382,59176766613002,59176769171899,59176769198844,3909256061,5.3662,3.1732,30.5576,2.5589,0.0269,41.6850,1
336,59176777205685,59176783107538,59176784994877,59176784996044,59176816346499,59176818394488,59176818421951,2896931237,5.9019,1.8873,31.3505,2.0480,0.0275,41.2163,1
337,59176843950535,59176850435538,59176851949135,59176851950117,59176879209114,59176880454767,59176880489433,3718000738,6.4850,1.5136,27.2590,1.2457,0.0347,36.5389,1
338,59176939140738,59176947102690,59176947785322,59176947786081,59176978142478,59176979520390,59176979543742,3583705867,7.9620,0.6826,30.3564,1.3779,0.0234,40.4030,1
339,59176967152145,59176985505465,59176986039060,59176986040652,59177014537931,59177016587975,59177016631716,3583705867,18.3533,0.5336,28.4973,2.0500,0.0437,49.4796,1
340,59177022767699,59177025769228,59177026128710,59177026129673,59177053642635,59177054968898,59177054992843,1595526729,3.0015,0.3595,27.5130,1.3263,0.0239,32.2251,1
341,59177113623851,59177121956323,59177123551736,59177123552865,59177153086370,59177154172818,59177154196226,2496746966,8.3325,1.5954,29.5335,1.0864,0.0234,40.5724,1
342,59177144342508,59177160689284,59177161786492,59177161788047,59177189504009,59177190967088,59177190992107,2448116216,16.3468,1.0972,27.7160,1.4631,0.0250,46.6496,2
343,59177235381420,59177238344930,59177238737320,59177238738153,59177268614289,59177271048593,59177271081167,600937459,2.9635,0.3924,29.8761,2.4343,0.0326,35.6997,1
344,59177289592562,59177295709489,59177296984105,59177296985364,59177327544983,59177330161029,59177330190011,2483254765,6.1169,1.2746,30.5596,2.6160,0.0290,40.5974,1
345,59177332762371,59177338595761,59177339484319,59177339485041,59177369268788,59177370701255,59177370725274,2974496960,5.8334,0.8886,29.7837,1.4325,0.0240,37.9629,1
346,59177426632496,59177433436148,59177434451855,59177434452799,59177465001233,59177467515316,59177467539020,4208931062,6.8037,1.0157,30.5484,2.5141,0.0237,40.9065,1
347,59177460128421,59177470487715,59177470832993,59177470833882,59177498004028,59177499280587,59177499303458,2980264443,10.3593,0.3453,27.1701,1.2766,0.0229,39.1750,1
348,59177533207477,59177536958897,59177537343657,59177537344306,59177565064990,59177567115089,59177567151460,4223309970,3.7514,0.3848,27.7207,2.0501,0.0364,33.9440,1
349,59177588730901,59177594482976,59177595744239,59177595831258,59177623622905,59177624881465,59177624904113,612210804,5.7521,1.2613,27.7916,1.2586,0.0226,36.1732,1
350,59177669840039,59177674774130,59177675514354,59177675515540,59177704870396,59177706989958,59177707013032,2750635692,4.9341,0.7402,29.3549,2.1196,0.0231,37.1730,1
351,59177719146184,59177724225515,59177726096929,59177726098466,59177754750690,59177756764382,59177756787715,179640573,5.0793,1.8714,28.6522,2.0137,0.0233,37.6415,1
352,59177769053459,59177772860435,59177773219121,59177773220010,59177800590712,59177801863697,59177801886642,2118608235,3.8070,0.3587,27.3707,1.2730,0.0229,32.8332,1
353,59177846985180,59177853287830,59177853876202,59177853877091,59177881942795,59177884179469,59177884206580,2643011370,6.3026,0.5884,28.0657,2.2367,0.0271,37.2214,1
354,59177889711969,59177894966653,59177896757548,59177896758788,59177926210923,59177927119611,59177927142537,795919763,5.2547,1.7909,29.4521,0.9087,0.0229,37.4306,1
355,59177985603860,59177989976707,59177990378912,59177990379894,59178019675009,59178022181795,59178022204721,524888266,4.3728,0.4022,29.2951,2.5068,0.0229,36.6009,1
356,59178019783065,59178027927759,59178028610113,59178028611242,59178055854906,59178057420837,59178057457912,524888266,8.1447,0.6824,27.2437,1.5659,0.0371,37.6748,1
357,59178087663252,59178090579706,59178090925244,59178090925818,59178118954763,59178121121270,59178121164344,4061371246,2.9165,0.3455,28.0289,2.1665,0.0431,33.5011,1
358,59178138879514,59178143791567,59178145511721,59178145512925,59178172933367,59178174220686,59178174243668,1906336173,4.9121,1.7202,27.4204,1.2873,0.0230,35.3642,1
359,59178234648997,59178240847813,59178241363556,59178241364537,59178269598853,59178271683248,59178271723267,2791992285,6.1988,0.5157,28.2343,2.0844,0.0400,37.0743,1
360,59178282116172,59178286950966,59178287340930,59178287341578,59178319069164,59178321195412,59178321222986,234881234,4.8348,0.3900,31.7276,2.1262,0.0276,39.1068,1
361,59178329266235,59178334013528,59178335770812,59178335772645,59178363285051,59178364580463,59178364603203,2697022045,4.7473,1.7573,27.5124,1.2954,0.0227,35.3370,1
362,59178396796291,59178404482002,59178405021504,59178405022429,59178431977259,59178433434931,59178433458246,4063527269,7.6857,0.5395,26.9548,1.4577,0.0233,36.6620,1
363,59178481277033,59178486565254,59178488183056,59178488184204,59178518383267,59178521508703,59178521532629,145291175,5.2882,1.6178,30.1991,3.1254,0.0239,40.2556,1
364,59178527630834,59178536084621,59178536678364,59178536679475,59178565196514,59178568057783,59178568408154,4224169669,8.4538,0.5937,28.5170,2.8613,0.3504,40.7773,1
365,59178592046639,59178597528769,59178600941539,59178600942743,59178630124321,59178631332436,59178631359510,2004453979,5.4821,3.4128,29.1816,1.2081,0.0271,39.3129,1
366,59178637472864,59178642709529,59178643323661,59178643324420,59178671682143,59178673481519,59178673505094,1194278623,5.2367,0.6141,28.3577,1.7994,0.0236,36.0322,1
367,59178713200706,59178718126389,59178718706669,59178718707410,59178747464097,59178748816009,59178748838676,2579473654,4.9257,0.5803,28.7567,1.3519,0.0227,35.6380,1
368,59178771342935,59178777363881,59178778774960,59178778777071,59178807155313,59178809212486,59178809258838,2615787014,6.0209,1.4111,28.3782,2.0572,0.0464,37.9159,1
369,59178828834921,59178831820042,59178836388372,59178836389576,59178863550091,59178864830614,59178864853596,519438906,2.9851,4.5683,27.1605,1.2805,0.0230,36.0187,1
370,59178918629403,59178925588444,59178926847282,59178926848412,59178956813936,59178958435108,59178958458108,95784023,6.9590,1.2588,29.9655,1.6212,0.0230,39.8287,1
371,59178949882062,59178961953750,59178962307214,59178962308010,59178989707897,59178991070846,59178991107142,4152936931,12.0717,0.3535,27.3999,1.3629,0.0363,41.2251,1
372,59179040830677,59179046908697,59179047480847,59179047481439,59179075444143,59179077486613,59179077527798,519260460,6.0780,0.5722,27.9627,2.0425,0.0412,36.6971,1
373,59179082796889,59179085688195,59179086047715,59179086048345,59179116917132,59179119490418,59179119517677,3438700719,2.8913,0.3595,30.8688,2.5733,0.0273,36.7208,1
374,59179133344593,59179138316295,59179138773463,59179138774315,59179168370820,59179170125900,59179170148715,54181508,4.9717,0.4572,29.5965,1.7551,0.0228,36.8041,1
375,59179195000575,59179201879597,59179202450803,59179202451988,59179230677155,59179232974996,59179233001367,82376264,6.8790,0.5712,28.2252,2.2978,0.0264,38.0008,1
376,59179255383107,59179263252726,59179263812561,59179263813320,59179291313948,59179293368066,59179293409677,144088815,7.8696,0.5598,27.5006,2.0541,0.0416,38.0266,1
377,59179320818749,59179323939297,59179329252296,59179329253499,59179356427367,59179357701056,59179357723704,1258922600,3.1205,5.3130,27.1739,1.2737,0.0226,36.9050,1
378,59179431163577,59179438930621,59179440315848,59179440316977,59179470487651,59179471370450,59179471393172,1496961104,7.7670,1.3852,30.1707,0.8828,0.0227,40.2296,1
379,59179459097706,59179479899349,59179481371187,59179481411613,59179512154529,59179513061403,59179513084384,1496961104,20.8016,1.4718,30.7429,0.9069,0.0230,53.9867,1
380,59179508107886,59179520467816,59179521015781,59179521016577,59179548193222,59179549499541,59179549523467,1867362193,12.3599,0.5480,27.1766,1.3063,0.0239,41.4156,1
381,59179594758506,59179597601145,59179598158961,59179598160276,59179627033779,59179629318675,59179629352564,772442868,2.8426,0.5578,28.8735,2.2849,0.0339,34.5941,1
382,59179634653952,59179640210878,59179640718435,59179640719213,59179669613086,59179670988479,59179671011461,772442868,5.5569,0.5076,28.8939,1.3754,0.0230,36.3575,1
383,59179699987853,59179703615476,59179703968514,59179703969366,59179736474214,59179738762000,59179738790814,1262921174,3.6276,0.3530,32.5048,2.2878,0.0288,38.8030,1
384,59179750898132,59179756500984,59179757687988,59179757689062,59179787448271,59179788956999,59179788984184,3628604240,5.6029,1.1870,29.7592,1.5087,0.0272,38.0861,1
385,59179810247384,59179813357913,59179813716858,59179813717710,59179841161134,59179842459972,59179842482879,510543350,3.1105,0.3589,27.4434,1.2988,0.0229,32.2355,1
386,59179885719096,59179890432500,59179891036873,59179891037743,59179919254651,59179921203583,59179921230843,2710977233,4.7134,0.6044,28.2169,1.9489,0.0273,35.5117,1
387,59179934786943,59179939892219,59179941655095,59179941656169,59179968736555,59179969954226,59179969977041,3153243521,5.1053,1.7629,27.0804,1.2177,0.0228,35.1901,1
388,59180023569995,59180028793679,59180031209669,59180031210928,59180061752881,59180063757147,59180063780295,581593618,5.2237,2.4160,30.5420,2.0043,0.0231,40.2103,1
389,59180061538602,59180069402147,59180071144041,59180071145171,59180098926522,59180100385638,59180100408786,581593618,7.8635,1.7419,27.7814,1.4591,0.0231,38.8702,1
390,59180136514424,59180139463452,59180139801676,59180139802287,59180173816529,59180176033314,59180176056425,2657220906,2.9490,0.3382,34.0142,2.2168,0.0231,39.5420,1
391,59180179487140,59180185707605,59180187168221,59180187169443,59180215134184,59180216529614,59180216567003,329778418,6.2205,1.4606,27.9647,1.3954,0.0374,37.0799,1
392,59180242284292,59180245197042,59180245550784,59180245551302,59180273096153,59180274401898,59180274424472,338571017,2.9127,0.3537,27.5449,1.3057,0.0226,32.1402,1
393,59180314301604,59180320845607,59180322195518,59180322196796,59180350641279,59180352899990,59180352929138,4242128884,6.5440,1.3499,28.4445,2.2587,0.0291,38.6275,1
394,59180363407488,59180366413368,59180366755036,59180366755573,59180394124386,59180395411945,59180395435445,3147999583,3.0059,0.3417,27.3688,1.2876,0.0235,32.0280,1
395,59180472453996,59180479736150,59180484177313,59180484179035,59180511886423,59180513957818,59180513981022,4282872761,7.2822,4.4412,27.7074,2.0714,0.0232,41.5270,1
396,59180502538318,59180519425262,59180520554229,59180520555599,59180548895193,59180550088252,59180550111104,4282872761,16.8869,1.1290,28.3396,1.1931,0.0229,47.5728,1
397,59180587202986,59180592533911,59180594202935,59180594204231,59180623598680,59180625441279,59180625464298,2760021770,5.3309,1.6690,29.3944,1.8426,0.0230,38.2613,1
398,59180626594894,59180631652540,59180634906310,59180634907607,59180663028051,59180665004243,59180665034669,2075276405,5.0576,3.2538,28.1204,1.9762,0.0304,38.4398,1
399,59180675755482,59180678603158,59180678947511,59180678948178,59180706489269,59180707720236,59180707753977,3205435319,2.8477,0.3444,27.5411,1.2310,0.0337,31.9985,1
400,59180769824904,59180780223438,59180780898052,59180780899070,59180809193275,59180810757409,59180810780206,550767569,10.3985,0.6746,28.2942,1.5641,0.0228,40.9553,1
401,59180800741673,59180814354829,59180814697552,59180814698089,59180843673851,59180845673451,59180845699895,2538870462,13.6132,0.3427,28.9758,1.9996,0.0264,44.9582,1
402,59180874861677,59180882100034,59180882694258,59180882695202,59180911975392,59180915092884,59180915121606,3524814462,7.2384,0.5942,29.2802,3.1175,0.0287,40.2599,1
403,59180920552642,59180927050201,59180928502520,59180928503576,59180958392934,59180959293455,59180959317437,179098050,6.4976,1.4523,29.8894,0.9005,0.0240,38.7648,1
404,59181008954434,59181013889913,59181015629030,59181015629956,59181043029454,59181044458033,59181044637571,3088325686,4.9355,1.7391,27.3995,1.4286,0.1795,35.6831,1
405,59181074522317,59181082150972,59181083508958,59181083510088,59181112949111,59181114852154,59181114874988,22828618,7.6287,1.3580,29.4390,1.9030,0.0228,40.3527,1
406,59181102386724,59181120833248,59181122086197,59181122087104,59181150264679,59181152054351,59181152088148,1041041493,18.4465,1.2529,28.1776,1.7897,0.0338,49.7014,1
407,59181182493192,59181185370424,59181185732722,59181185733536,59181214152204,59181216385082,59181216430471,2449073779,2.8772,0.3623,28.4187,2.2329,0.0454,33.9373,1
408,59181223895792,59181228996735,59181229511681,59181229512681,59181257022013,59181258337943,59181258360850,108054719,5.1009,0.5149,27.5093,1.3159,0.0229,34.4651,1
409,59181287407076,59181292442055,59181295791826,59181295793215,59181323024008,59181324337327,59181324360253,775318215,5.0350,3.3498,27.2308,1.3133,0.0229,36.9532,1
410,59181363697439,59181369210698,59181370480591,59181370481683,59181401486897,59181404057535,59181404150591,159193910,5.5133,1.2699,31.0052,2.5706,0.0931,40.4532,1
411,59181421850427,59181425194697,59181425545513,59181425546087,59181454986870,59181458540511,59181458780938,1418422138,3.3443,0.3508,29.4408,3.5536,0.2404,36.9305,1
412,59181481092549,59181488109979,59181488694148,59181488694889,59181516332943,59181518314709,59181518351987,3347129044,7.0174,0.5842,27.6381,1.9818,0.0373,37.2594,1
413,59181552045209,59181557908339,59181558425748,59181558426804,59181586537897,59181588841849,59181588877497,2082625381,5.8631,0.5174,28.1111,2.3040,0.0356,36.8323,1
414,59181598925049,59181601756540,59181602111800,59181602112467,59181629641595,59181630965673,59181630999395,3573630791,2.8315,0.3553,27.5291,1.3241,0.0337,32.0743,1
415,59181695272367,59181703040985,59181704032729,59181704034044,59181734377274,59181736457540,59181736480966,597814808,7.7686,0.9917,30.3432,2.0803,0.0234,41.2086,1
416,59181724440130,59181742018021,59181743181488,59181743182433,59181771039136,59181772313066,59181772336158,597814808,17.5779,1.1635,27.8567,1.2739,0.0231,47.8960,1
417,59181816446712,59181821339024,59181822113212,59181822114045,59181850127063,59181852117607,59181852164496,2911698058,4.8923,0.7742,28.0130,1.9905,0.0469,35.7178,1
418,59181864375888,59181869310182,59181869975055,59181869976185,59181898826317,59181902273458,59181902302810,3487262948,4.9343,0.6649,28.8501,3.4471,0.0294,37.9269,1
419,59181914500276,59181921044575,59181921621522,59181921622355,59181950883618,59181952772754,59181952795865,3065816126,6.5443,0.5769,29.2613,1.8891,0.0231,38.2956,1
420,59182005294113,59182012452266,59182013962419,59182013964049,59182043759240,59182045211356,59182045234189,4209463512,7.1582,1.5102,29.7952,1.4521,0.0228,39.9401,1
421,59182038022239,59182051276598,59182051876748,59182051877378,59182080599139,59182082512368,59182082563090,1973705101,13.2544,0.6001,28.7218,1.9132,0.0507,44.5409,1
422,59182108164045,59182115301717,59182115795015,59182115795626,59182143090883,59182144343887,59182144375035,874223333,7.1377,0.4933,27.2953,1.2530,0.0311,36.2110,1
423,59182192227119,59182198959901,59182199489754,59182199490680,59182229240963,59182231448286,59182231520990,3940442461,6.7328,0.5299,29.7503,2.2073,0.0727,39.2939,1
424,59182239035514,59182241913579,59182242298303,59182242299081,59182269909764,59182272016882,59182272040271,1429675291,2.8781,0.3847,27.6107,2.1071,0.0234,33.0048,1
425,59182300868552,59182303753728,59182307266629,59182307268203,59182335041313,59182337412135,59182337439099,1421322891,2.8852,3.5129,27.7731,2.3708,0.0270,36.5705,1
426,59182346336646,59182352887483,59182353420577,59182353421299,59182381371318,59182383338083,59182383379417,378022303,6.5508,0.5331,27.9500,1.9668,0.0413,37.0428,1
427,59182410499173,59182415537819,59182416096192,59182416097266,59182443202577,59182444497822,59182444521545,2169917731,5.0386,0.5584,27.1053,1.2952,0.0237,34.0224,1
428,59182499742912,59182502991682,59182503389498,59182503390295,59182537391148,59182538297669,59182538321373,365207396,3.2488,0.3978,34.0009,0.9065,0.0237,38.5785,1
429,59182537217703,59182543564427,59182546888753,59182546889735,59182573843898,59182575151217,59182575174309,365207396,6.3467,3.3243,26.9542,1.3073,0.0231,37.9566,1
430,59182614680829,59182620628922,59182621227684,59182621228499,59182652040045,59182654764702,59182654798165,1689174878,5.9481,0.5988,30.8115,2.7247,0.0335,40.1173,1
431,59182666919075,59182670221679,59182670562124,59182670562791,59182699820795,59182700750854,59182700774465,2750419934,3.3026,0.3404,29.2580,0.9301,0.0236,33.8554,1
432,59182757676523,59182762622836,59182763859488,59182763860840,59182794344681,59182796455225,59182796478336,4275914625,4.9463,1.2367,30.4838,2.1105,0.0231,38.8018,1
433,59182798850363,59182803812953,59182806186332,59182806187554,59182835322113,59182837187360,59182837214619,1708269825,4.9626,2.3734,29.1346,1.8652,0.0273,38.3643,1
434,59182840673168,59182847991784,59182848532971,59182848533786,59182875844025,59182877118825,59182877142658,1583693222,7.3186,0.5412,27.3102,1.2748,0.0238,36.4695,1
435,59182921459305,59182926521007,59182928093901,59182928095493,59182955955289,59182957949592,59182958005462,2939332559,5.0617,1.5729,27.8598,1.9943,0.0559,36.5462,1
436,59182965992693,59182968823794,59182969187722,59182969188499,59182996572034,59182998513485,59182998537207,2939332559,2.8311,0.3639,27.3835,1.9415,0.0237,32.5445,1
437,59183025337481,59183030264757,59183030749166,59183030749943,59183058069441,59183059336464,59183059360038,2939332559,4.9273,0.4844,27.3195,1.2670,0.0236,34.0226,1
438,59183101450047,59183105174541,59183105542413,59183105543246,59183137023443,59183138992375,59183139030190,3693640002,3.7245,0.3679,31.4802,1.9689,0.0378,37.5801,1
439,59183147312939,59183150190782,59183150567321,59183150568172,59183178077078,59183179280526,59183179303767,3693640002,2.8778,0.3765,27.5089,1.2034,0.0232,31.9908,1
440,59183225217715,59183232441184,59183232946148,59183232947000,59183261044056,59183263288730,59183263328360,3693640002,7.2235,0.5050,28.0971,2.2447,0.0396,38.1106,1
441,59183272607483,59183280307138,59183280875677,59183280876455,59183308583916,59183310450126,59183310477182,3693640002,7.6997,0.5685,27.7075,1.8662,0.0271,37.8697,1
442,59183335945470,59183339297073,59183339645371,59183339645926,59183369050875,59183371126308,59183371159142,3693640002,3.3516,0.3483,29.4049,2.0754,0.0328,35.2137,1
443,59183396131854,59183401354667,59183403085636,59183403086969,59183431074765,59183432970216,59183433125717,3693640002,5.2228,1.7310,27.9878,1.8955,0.1555,36.9939,1
444,59183460349769,59183463191501,59183463536836,59183463537391,59183495779775,59183497068705,59183497092057,3693640002,2.8417,0.3453,32.2424,1.2889,0.0234,36.7423,1
445,59183534347736,59183540495386,59183541045462,59183541046091,59183568964035,59183570982505,59183571010116,3693640002,6.1476,0.5501,27.9179,2.0185,0.0276,36.6624,1
446,59183584768236,59183590339791,59183591866778,59183591868222,59183619637481,59183621835599,59183621858284,1871366463,5.5716,1.5270,27.7693,2.1981,0.0227,37.0900,1
447,59183645317806,59183651618864,59183652966646,59183652967683,59183680976109,59183682174669,59183682197650,1871366463,6.3011,1.3478,28.0084,1.1986,0.0230,36.8798,1
448,59183730765551,59183735909346,59183736434292,59183736435200,59183765724259,59183767789248,59183767824377,1303504528,5.1438,0.5249,29.2891,2.0650,0.0351,37.0588,1
449,59183775241124,59183780156011,59183780744272,59183780744994,59183808278881,59183810363259,59183810404351,1303504528,4.9149,0.5883,27.5339,2.0844,0.0411,35.1632,1
450,59183835531675,59183838368184,59183838713537,59183838714186,59183866189758,59183867652818,59183867680522,1303504528,2.8365,0.3454,27.4756,1.4631,0.0277,32.1488,1
451,59183897302194,59183903086546,59183904638440,59183904640070,59183932578292,59183933831963,59183933864092,1303504528,5.7844,1.5519,27.9382,1.2537,0.0321,36.5619,1
452,59183991931932,59183994942794,59183995285721,59183995286499,59184027068141,59184029883854,59184029914669,3322472872,3.0109,0.3429,31.7816,2.8157,0.0308,37.9827,1
453,59184043165305,59184046903669,59184047244115,59184047244689,59184080308076,59184083337438,59184083364493,2508226667,3.7384,0.3404,33.0634,3.0294,0.0271,40.1992,1
454,59184092371134,59184098736211,59184102051407,59184102053000,59184129375905,59184130702816,59184130737705,3963050822,6.3651,3.3152,27.3229,1.3269,0.0349,38.3666,1
455,59184181310465,59184188860786,59184190292661,59184190294069,59184219785203,59184222282156,59184222306193,3939752417,7.5503,1.4319,29.4911,2.4970,0.0240,40.9957,1
456,59184212669772,59184227783859,59184229027363,59184229028178,59184256527510,59184257828384,59184257851440,2715937147,15.1141,1.2435,27.4993,1.3009,0.0231,45.1817,1
457,59184303004496,59184309508592,59184311249709,59184311251227,59184340568121,59184341805828,59184342284385,2404476357,6.5041,1.7411,29.3169,1.2377,0.4786,39.2799,1
458,59184337519944,59184348502425,59184349236908,59184349237816,59184377142797,59184378367671,59184378408634,2404476357,10.9825,0.7345,27.9050,1.2249,0.0410,40.8887,1
459,59184409831942,59184415752591,59184416668409,59184416669464,59184445721949,59184447769789,59184447813438,3395403733,5.9206,0.9158,29.0525,2.0478,0.0436,37.9815,1
460,59184458079379,59184465268514,59184465759293,59184465760108,59184493543959,59184495488391,59184495515651,1923831830,7.1891,0.4908,27.7839,1.9444,0.0273,37.4363,1
461,59184525410046,59184529260170,59184529608578,59184529609449,59184557582226,59184559846900,59184559874900,1022320532,3.8501,0.3484,27.9728,2.2647,0.0280,34.4649,1
462,59184581336508,59184586089839,59184587173990,59184587174935,59184614583544,59184615763066,59184615794844,2330747251,4.7533,1.0842,27.4086,1.1795,0.0318,34.4583,1
463,59184666034899,59184673494850,59184673968481,59184673969555,59184703191151,59184705189862,59184705212732,1966376728,7.4600,0.4736,29.2216,1.9987,0.0229,39.1778,1
464,59184706577533,59184709548135,59184709920896,59184709921729,59184740134421,59184741098684,59184741121777,1273962796,2.9706,0.3728,30.2127,0.9643,0.0231,34.5442,1
465,59184802202849,59184807284365,59184807639015,59184807639663,59184838946933,59184840984477,59184841011273,1696149874,5.0815,0.3547,31.3073,2.0375,0.0268,38.8084,1
466,59184846881052,59184853074980,59184853632722,59184853633519,59184882131798,59184883930304,59184883975434,4002374833,6.1939,0.5577,28.4983,1.7985,0.0451,37.0944,1
467,59184892166998,59184898669908,59184899689745,59184899690634,59184927375207,59184928648137,59184928671118,1357762098,6.5029,1.0198,27.6846,1.2729,0.0230,36.5041,1
468,59184984852137,59184990204414,59184990629656,59184990630452,59185021772815,59185023653895,59185023680580,1789163113,5.3523,0.4252,31.1424,1.8811,0.0267,38.8284,1
469,59185032707906,59185040448913,59185040945007,59185040945896,59185068755173,59185070726087,59185070764532,2219910323,7.7410,0.4961,27.8093,1.9709,0.0384,38.0566,1
470,59185076531495,59185081451734,59185082318237,59185082319311,59185110107403,59185111535111,59185111558148,3487740581,4.9202,0.8665,27.7881,1.4277,0.0230,35.0267,1
471,59185145597983,59185150661259,59185151179446,59185151180372,59185180392042,59185181650102,59185181672935,2711080161,5.0633,0.5182,29.2117,1.2581,0.0228,36.0750,1
472,59185239982350,59185245863147,59185247023151,59185247024336,59185278006920,59185281271060,59185281293894,2047191217,5.8808,1.1600,30.9826,3.2641,0.0228,41.3115,1
473,59185282391231,59185285336037,59185285697297,59185285697834,59185314741745,59185316942160,59185316969289,55577666,2.9448,0.3613,29.0439,2.2004,0.0271,34.5781,1
474,59185347180297,59185353797281,59185355490361,59185355491639,59185384200548,59185386241629,59185386264740,3045281765,6.6170,1.6931,28.7089,2.0411,0.0231,39.0844,1
475,59185421403134,59185428163360,59185428755992,59185428757381,59185457293586,59185459676168,59185459712594,3851460992,6.7602,0.5926,28.5362,2.3826,0.0364,38.3095,1
476,59185465457243,59185470427852,59185471036576,59185471037298,59185500152542,59185502105660,59185502137475,3124740735,4.9706,0.6087,29.1152,1.9531,0.0318,36.6802,1
477,59185511283098,59185517349210,59185518034657,59185518036157,59185546138880,59185547426087,59185547461051,661251009,6.0661,0.6854,28.1027,1.2872,0.0350,36.1780,1
478,59185607958287,59185614502883,59185615716646,59185615717776,59185644930409,59185647231250,59185647270547,3691903131,6.5446,1.2138,29.2126,2.3008,0.0393,39.3123,1
479,59185652534990,59185655686575,59185657635526,59185657650007,59185689601705,59185691687101,59185691709990,1841684194,3.1516,1.9490,31.9517,2.0854,0.0229,39.1750,1
480,59185704474106,59185708941102,59185710676460,59185710677460,59185740386762,59185742297750,59185742322676,2331401555,4.4670,1.7354,29.7093,1.9110,0.0249,37.8486,1
481,59185789090349,59185796973060,59185798414694,59185798415787,59185828063625,59185830634060,59185830743393,3779854376,7.8827,1.4416,29.6478,2.5704,0.1093,41.6530,1
482,59185822025587,59185836547135,59185836998933,59185836999840,59185864737672,59185866984958,59185867022439,3521762492,14.5215,0.4518,27.7378,2.2473,0.0375,44.9969,1
483,59185886024076,59185888864511,59185889217235,59185889217938,59185917250698,59185918549017,59185918572295,675698394,2.8404,0.3527,28.0328,1.2983,0.0233,32.5482,1
484,59185947529557,59185952624629,59185953167150,59185953167835,59185980504629,59185981705540,59185981728188,3173330321,5.0951,0.5425,27.3368,1.2009,0.0226,34.1986,1
485,59186022246711,59186027236079,59186027853619,59186027854711,59186058387738,59186060488504,59186060610467,483578826,4.9894,0.6175,30.5330,2.1008,0.1220,38.3638,1
486,59186066314838,59186073375250,59186073961234,59186073962271,59186101334287,59186102678051,59186102699551,338351074,7.0604,0.5860,27.3720,1.3438,0.0215,36.3847,1
487,59186130680088,59186133610949,59186133973728,59186133974543,59186161548338,59186162776731,59186162799360,2889144116,2.9309,0.3628,27.5738,1.2284,0.0226,32.1193,1
488,59186224125082,59186229309543,59186231265772,59186231266883,59186259583736,59186261507149,59186261556483,3271989404,5.1845,1.9562,28.3169,1.9234,0.0493,37.4314,1
489,59186271648942,59186274524211,59186274868175,59186274868860,59186304037901,59186306831632,59186306855466,342642484,2.8753,0.3440,29.1690,2.7937,0.0238,35.2065,1
490,59186318235466,59186324109671,59186327422812,59186327424256,59186355737035,59186356995483,59186357018891,4210800792,5.8742,3.3131,28.3128,1.2584,0.0234,38.7834,1
491,59186411807387,59186418959521,59186420872305,59186420873620,59186452362872,59186453255394,59186453278820,3816125274,7.1521,1.9128,31.4893,0.8925,0.0234,41.4714,1
492,59186446481890,59186455999921,59186459753156,59186459754378,59186487579266,59186489772459,59186489798552,980693017,9.5180,3.7532,27.8249,2.1932,0.0261,43.3167,1
493,59186537844136,59186544216472,59186545759829,59186545760866,59186575236574,59186577799972,59186577823898,2926065235,6.3723,1.5434,29.4757,2.5634,0.0239,39.9798,1
494,59186574520961,59186586725575,59186587319966,59186587320800,59186615008169,59186616948934,59186616976323,129178000,12.2046,0.5944,27.6874,1.9408,0.0274,42.4554,1
495,59186642733945,59186648700947,59186649525079,59186649526486,59186678542749,59186680861923,59186680895609,3501746721,5.9670,0.8241,29.0163,2.3192,0.0337,38.1617,1
496,59186690050694,59186693945763,59186694297338,59186694297875,59186721952633,59186723162507,59186723185859,256351137,3.8951,0.3516,27.6548,1.2099,0.0234,33.1352,1
497,59186756088061,59186761472264,59186762026228,59186762027117,59186789427745,59186790548823,59186790571767,1244260617,5.3842,0.5540,27.4006,1.1211,0.0229,34.4837,1
498,59186848119161,59186853779957,59186855185110,59186855185999,59186884411151,59186886530991,59186886559158,2209098875,5.6608,1.4052,29.2252,2.1198,0.0282,38.4400,1
499,59186893402681,59186899645961,59186900241944,59186900243111,59186931832252,59186934729299,59186934752299,2924007541,6.2433,0.5960,31.5891,2.8970,0.0230,41.3496,1
500,59186938003995,59186944665813,59186945201796,59186945202630,59186973463945,59186974367615,59186974390948,3528136466,6.6618,0.5360,28.2613,0.9037,0.0233,36.3870,1
501,59187033785626,59187039870813,59187040495833,59187040497000,59187068407185,59187070348321,59187070411932,1969019444,6.0852,0.6250,27.9102,1.9411,0.0636,36.6263,1
502,59187091269482,59187096872908,59187097377503,59187097378817,59187129290608,59187130291093,59187130314556,1917571882,5.6034,0.5046,31.9118,1.0005,0.0235,39.0451,1
503,59187129016811,59187137307171,59187137796506,59187137797451,59187164977022,59187166275082,59187166298452,4017151188,8.2904,0.4893,27.1796,1.2981,0.0234,37.2816,1
504,59187219601554,59187222757620,59187223168325,59187223168974,59187251752401,59187253712537,59187253739019,70095846,3.1561,0.4107,28.5834,1.9601,0.0265,34.1375,1
505,59187266454876,59187269597831,59187270014073,59187270014813,59187299918690,59187303198979,59187303235849,1807843625,3.1430,0.4162,29.9039,3.2803,0.0369,36.7810,1
506,59187314812184,59187321882244,59187323574935,59187323576157,59187353045662,59187355353818,59187355381966,1358919645,7.0701,1.6927,29.4695,2.3082,0.0281,40.5698,1
507,59187378252523,59187384453043,59187385064193,59187385064879,59187414257456,59187415984629,59187416032629,2581666199,6.2005,0.6111,29.1926,1.7272,0.0480,37.7801,1
508,59187436771012,59187444519964,59187445013151,59187445014114,59187472830743,59187474964824,59187475036176,2347407427,7.7490,0.4932,27.8166,2.1341,0.0714,38.2652,1
509,59187498595679,59187504762274,59187506010000,59187506011111,59187534003167,59187535266023,59187535288653,3771400746,6.1666,1.2477,27.9921,1.2629,0.0226,36.6930,1
510,59187606830241,59187613831449,59187615187620,59187615189120,59187644915996,59187646894336,59187646917355,4152146281,7.0012,1.3562,29.7269,1.9783,0.0230,40.0871,1
511,59187636480616,59187650040402,59187650385718,59187650386533,59187678560292,59187680853448,59187680888837,4152146281,13.5598,0.3453,28.1738,2.2932,0.0354,44.4082,1
512,59187697356743,59187700868329,59187701228682,59187701229552,59187729404201,59187731408300,59187731446189,128113015,3.5116,0.3604,28.1746,2.0041,0.0379,34.0894,1
513,59187753252150,59187759424874,59187760066025,59187760066691,59187787220448,59187788449489,59187788472600,3783334628,6.1727,0.6412,27.1538,1.2290,0.0231,35.2204,1
514,59187839643917,59187846995145,59187847484498,59187847485313,59187875452443,59187878223581,59187878251082,1299068562,7.3512,0.4894,27.9671,2.7711,0.0275,38.6072,1
515,59187885280179,59187889121654,59187889477989,59187889478785,59187920081831,59187922719673,59187922866507,3722216032,3.8415,0.3563,30.6030,2.6378,0.1468,37.5863,1
516,59187930863866,59187936985794,59187938702503,59187938703466,59187967685599,59187970404034,59187970451405,2727984511,6.1219,1.7167,28.9821,2.7184,0.0474,39.5875,1
517,59187996395527,59188002879901,59188004216831,59188004218109,59188031398569,59188032665554,59188032689092,1995768160,6.4844,1.3369,27.1805,1.2670,0.0235,36.2936,1
518,59188086427547,59188092212603,59188092753068,59188092753920,59188121204754,59188122929279,59188122967316,3870867039,5.7851,0.5405,28.4508,1.7245,0.0380,36.5398,1
519,59188132392569,59188138272903,59188138938350,59188138939220,59188166855294,59188168824949,59188168853430,1300310951,5.8803,0.6654,27.9161,1.9697,0.0285,36.4609,1
520,59188196229132,59188202801653,59188203370266,59188203371063,59188230732857,59188232022880,59188232046472,2423554675,6.5725,0.5686,27.3618,1.2900,0.0236,35.8173,1
521,59188273570424,59188277935994,59188279576018,59188279577574,59188310748528,59188311661050,59188311684124,3600948063,4.3656,1.6400,31.1710,0.9125,0.0231,38.1137,1
522,59188309717932,59188314708245,59188315054598,59188315055320,59188342309133,59188343623915,59188343647322,3352793377,4.9903,0.3464,27.2538,1.3148,0.0234,33.9294,1
523,59188385946444,59188392043167,59188392625429,59188392626243,59188420527928,59188422440842,59188422463879,515459438,6.0967,0.5823,27.9017,1.9129,0.0230,36.5174,1
524,59188435355922,59188438535988,59188438886526,59188438887655,59188466956970,59188469034051,59188469072570,4100591346,3.1801,0.3505,28.0693,2.0771,0.0385,33.7166,1
525,59188489504860,59188495874492,59188496467068,59188496467864,59188524829717,59188526351241,59188526374870,2370609546,6.3696,0.5926,28.3619,1.5215,0.0236,36.8700,1
526,59188580471104,59188583915431,59188587017478,59188587018811,59188617236726,59188619591456,59188619614197,272390947,3.4443,3.1020,30.2179,2.3547,0.0227,39.1431,1
527,59188620478903,59188627306685,59188627815168,59188627816150,59188656973931,59188659284791,59188659319328,272390947,6.8278,0.5085,29.1578,2.3109,0.0345,38.8404,1
528,59188675160991,59188678061149,59188678403298,59188678404076,59188705845963,59188707180708,59188707215245,2155600436,2.9002,0.3421,27.4419,1.3347,0.0345,32.0543,1
529,59188784633334,59188791936488,59188793549808,59188793551345,59188823511759,59188824430095,59188824453596,722928368,7.3032,1.6133,29.9604,0.9183,0.0235,39.8203,1
530,59188818781262,59188829053111,59188829417945,59188829418853,59188857870206,59188860044472,59188860083176,722928368,10.2718,0.3648,28.4514,2.1743,0.0387,41.3019,1
531,59188874037870,59188879116443,59188879476462,59188879477240,59188910119971,59188912355812,59188912379460,958289204,5.0786,0.3600,30.6427,2.2358,0.0236,38.3416,1
532,59188925767541,59188929152497,59188929515609,59188929516294,59188957065367,59188958510094,59188958538446,444216202,3.3850,0.3631,27.5491,1.4447,0.0284,32.7709,1
533,59188995398382,59188999018765,59188999371562,59188999372340,59189030293109,59189031620613,59189031655854,4077189569,3.6204,0.3528,30.9208,1.3275,0.0352,36.2575,1
534,59189063879942,59189066880322,59189067233712,59189067234546,59189098992206,59189102215068,59189102244272,335124089,3.0004,0.3534,31.7577,3.2229,0.0292,38.3643,1
535,59189111063857,59189117286266,59189119080476,59189119081532,59189146565122,59189148783648,59189148808759,4015615335,6.2224,1.7942,27.4836,2.2185,0.0251,37.7449,1
536,59189198736832,59189205197483,59189205837263,59189205838540,59189234999433,59189237203588,59189237226514,1259659801,6.4607,0.6398,29.1609,2.2042,0.0229,38.4897,1
537,59189235762324,59189242348494,59189244364427,59189244365631,59189271968000,59189273278578,59189273314893,1259659801,6.5862,2.0159,27.6024,1.3106,0.0363,37.5526,1
538,59189302612360,59189307382691,59189308611158,59189308612324,59189336267805,59189337527105,59189337565883,2369760480,4.7703,1.2285,27.6555,1.2593,0.0388,34.9535,1
539,59189393796939,59189401860743,59189403491508,59189403493156,59189433433329,59189435904911,59189435928560,2067711978,8.0638,1.6308,29.9402,2.4716,0.0236,42.1316,1
540,59189425801582,59189439473108,59189439825776,59189439826406,59189470764008,59189472754255,59189472777404,2067711978,13.6715,0.3527,30.9376,1.9902,0.0231,46.9758,1
541,59189496349407,59189501569499,59189502083130,59189502083926,59189530935170,59189532899084,59189532941787,4210170262,5.2201,0.5136,28.8512,1.9639,0.0427,36.5924,1
542,59189539570457,59189542424115,59189542772042,59189542772672,59189570165429,59189571459452,59189571482470,327572906,2.8537,0.3479,27.3928,1.2940,0.0230,31.9120,1
543,59189602547240,59189608613778,59189609521800,59189609523133,59189638143265,59189639496343,59189639519288,2843364034,6.0665,0.9080,28.6201,1.3531,0.0229,36.9720,1
544,59189680961350,59189688639728,59189689182378,59189689183285,59189716325986,59189717610064,59189717633046,3144010683,7.6784,0.5426,27.1427,1.2841,0.0230,36.6717,1
545,59189757746678,59189760736244,59189761133300,59189761134004,59189790912973,59189794307410,59189794337336,2769955974,2.9896,0.3971,29.7790,3.3944,0.0299,36.5907,1
546,59189810014999,59189816022278,59189817721191,59189817722524,59189847602716,59189848582404,59189848605441,2769955974,6.0073,1.6989,29.8802,0.9797,0.0230,38.5904,1
547,59189852168546,59189855539186,59189855880743,59189855881410,59189887443032,59189890119115,59189890145930,3890094214,3.3706,0.3416,31.5616,2.6761,0.0268,37.9774,1
548,59189912864635,59189918967007,59189920634086,59189920635531,59189947878269,59189949877183,59189949934628,3890094214,6.1024,1.6671,27.2427,1.9989,0.0574,37.0700,1
549,59189975861769,59189978760871,59189979105409,59189979106039,59190007160835,59190009317583,59190009340157,1408063645,2.8991,0.3445,28.0548,2.1567,0.0226,33.4784,1
550,59190034758000,59190039742535,59190043041750,59190043042880,59190070897101,59190072953164,59190072976886,1408063645,4.9845,3.2992,27.8542,2.0561,0.0237,38.2189,1
551,59190096431815,59190102587891,59190103165449,59190103166152,59190130418391,59190131710302,59190131733617,1408063645,6.1561,0.5776,27.2522,1.2919,0.0233,35.3018,1
552,59190163632889,59190166781214,59190167127215,59190167128141,59190195266716,59190197164759,59190197198778,1408063645,3.1483,0.3460,28.1386,1.8980,0.0340,33.5659,1
553,59190231094427,59190234048085,59190234394586,59190234395271,59190261909751,59190262808254,59190262831439,2755671385,2.9537,0.3465,27.5145,0.8985,0.0232,31.7370,1
554,59190298777724,59190304509577,59190305077727,59190305078708,59190334380509,59190336586831,59190336614627,2520784181,5.7319,0.5682,29.3018,2.2063,0.0278,37.8369,1
555,59190342948055,59190345841102,59190346195751,59190346196474,59190373776805,59190375068458,59190375104699,332688851,2.8930,0.3546,27.5803,1.2917,0.0362,32.1566,1
556,59190408717328,59190411871413,59190415345665,59190415347628,59190443073534,59190445202171,59190445243301,1603864102,3.1541,3.4743,27.7259,2.1286,0.0411,36.5260,1
557,59190471406313,59190476718645,59190478079835,59190478081076,59190506574281,59190508694066,59190508722362,1607557053,5.3123,1.3612,28.4932,2.1198,0.0283,37.3160,1
558,59190535906489,59190540884506,59190542577048,59190542578789,59190569963268,59190571251217,59190571286939,3437594160,4.9780,1.6925,27.3845,1.2879,0.0357,35.3805,1
559,59190613272522,59190619555210,59190620847122,59190620848288,59190649106048,59190651018073,59190651045814,3240925320,6.2827,1.2919,28.2578,1.9120,0.0277,37.7733,1
560,59190653520859,59190658202856,59190659781824,59190659783232,59190689984239,59190691293669,59190691316725,3240925320,4.6820,1.5790,30.2010,1.3094,0.0231,37.7959,1
561,59190730482632,59190737056746,59190737580322,59190737581174,59190767327550,59190770096559,59190770122948,3240925320,6.5741,0.5236,29.7464,2.7690,0.0264,39.6403,1
562,59190780571575,59190785590555,59190787623172,59190787624450,59190818988480,59190821440969,59190821464006,4176922721,5.0190,2.0326,31.3640,2.4525,0.0230,40.8924,1
563,59190842250760,59190846151588,59190846496867,59190846497867,59190873822735,59190875192462,59190875223740,4176922721,3.9008,0.3453,27.3249,1.3697,0.0313,32.9730,1
564,59190905288728,59190910031429,59190910649560,59190910650523,59190939802212,59190941293587,59190941337754,4176922721,4.7427,0.6181,29.1517,1.4914,0.0442,36.0490,1
565,59190971493761,59190974609142,59190974966680,59190974967291,59191002679512,59191004629797,59191004656945,4176922721,3.1154,0.3575,27.7122,1.9503,0.0271,33.1632,1
566,59191031178662,59191037947481,59191038793613,59191038794539,59191066537353,59191068655453,59191068698897,4176922721,6.7688,0.8461,27.7428,2.1181,0.0434,37.5202,1
567,59191092481957,59191098469588,59191099062775,59191099063460,59191127878130,59191129540543,59191129577783,4176922721,5.9876,0.5932,28.8147,1.6624,0.0372,37.0958,1
568,59191154564255,59191159683938,59191161485630,59191161487000,59191190241243,59191192092471,59191192129934,1576050141,5.1197,1.8017,28.7542,1.8512,0.0375,37.5657,1
569,59191220682233,59191226712752,59191227778478,59191227779682,59191256559962,59191258213394,59191258237079,2410532010,6.0305,1.0657,28.7803,1.6534,0.0237,37.5548,1
570,59191278937573,59191284383536,59191285284798,59191285286150,59191314378727,59191315778806,59191315817287,1566857569,5.4460,0.9013,29.0926,1.4001,0.0385,36.8797,1
571,59191360069971,59191366099102,59191366627270,59191366628048,59191395932348,59191397323927,59191397353927,3948117551,6.0291,0.5282,29.3043,1.3916,0.0300,37.2840,0
572,59191404875989,59191412273754,59191412845830,59191412846627,59191440198384,59191441446443,59191441484406,551727283,7.3978,0.5721,27.3518,1.2481,0.0380,36.6084,1
573,59191479522995,59191482785783,59191483131025,59191483131896,59191513459588,59191516854563,59191516946915,3908773487,3.2628,0.3452,30.3277,3.3950,0.0924,37.4239,1
574,59191527844266,59191534451324,59191534993882,59191534994752,59191564055033,59191566859895,59191566887191,3735548055,6.6071,0.5426,29.0603,2.8049,0.0273,39.0429,1
575,59191590162546,59191595890916,59191596888253,59191596889309,59191626991352,59191628278616,59191628316098,1385042513,5.7284,0.9973,30.1020,1.2873,0.0375,38.1536,1
576,59191680739715,59191683609669,59191683962800,59191683963318,59191715792349,59191717888579,59191717938264,12829186,2.8700,0.3531,31.8290,2.0962,0.0497,37.1985,1
577,59191726616459,59191731332623,59191731702328,59191731703106,59191762450652,59191764661937,59191764689270,2483519466,4.7162,0.3697,30.7475,2.2113,0.0273,38.0728,1
578,59191774198135,59191778048685,59191778433427,59191778433982,59191805687535,59191806900076,59191806922669,3873444775,3.8506,0.3847,27.2536,1.2125,0.0226,32.7245,1
579,59191867164164,59191872072458,59191873272666,59191873273703,59191902812356,59191904100027,59191905186438,2415267760,4.9083,1.2002,29.5387,1.2877,1.0864,38.0223,1
580,59191905103234,59191910292122,59191910669826,59191910670604,59191938514974,59191940282535,59191940323554,2042176133,5.1889,0.3777,27.8444,1.7676,0.0410,35.2203,1
581,59191966364270,59191971291990,59191972685365,59191972686605,59192000485864,59192002429574,59192002491834,1722771881,4.9277,1.3934,27.7993,1.9437,0.0623,36.1276,1
582,59192025001871,59192028820809,59192029187940,59192029188774,59192058665760,59192059756930,59192059780689,605367962,3.8189,0.3671,29.4770,1.0912,0.0238,34.7788,1
583,59192101836902,59192109435335,59192110072337,59192110073226,59192140431993,59192142754167,59192142794927,4192737782,7.5984,0.6370,30.3588,2.3222,0.0408,40.9580,1
584,59192144751229,59192147532664,59192147883925,59192147884443,59192179265343,59192180569551,59192180602274,3527419675,2.7814,0.3513,31.3809,1.3042,0.0327,35.8510,1
585,59192221678058,59192226215887,59192227391243,59192227392725,59192255070797,59192256385024,59192256408654,2706298868,4.5378,1.1754,27.6781,1.3142,0.0236,34.7306,1
586,59192302012934,59192307288803,59192308477511,59192308478844,59192336898957,59192338903815,59192338938908,4209365783,5.2759,1.1887,28.4201,2.0049,0.0351,36.9260,1
587,59192346745711,59192353002380,59192353530900,59192353531826,59192381493419,59192383410110,59192383443536,1116044003,6.2567,0.5285,27.9616,1.9167,0.0334,36.6978,1
588,59192394701555,59192400364481,59192401649782,59192401651319,59192428865186,59192430104116,59192430141394,2814165814,5.6629,1.2853,27.2139,1.2389,0.0373,35.4398,1
589,59192491507504,59192495024220,59192495553666,59192495554481,59192531077820,59192531962231,59192531985490,3177170899,3.5167,0.5294,35.5233,0.8844,0.0233,40.4780,1
590,59192523849611,59192534707129,59192535048796,59192535049370,59192563487668,59192565512990,59192565536805,1298760485,10.8575,0.3417,28.4383,2.0253,0.0238,41.6872,1
591,59192599462213,59192605499844,59192607289091,59192607290257,59192635586517,59192637825099,59192637874081,2180300642,6.0376,1.7892,28.2963,2.2386,0.0490,38.4119,1
592,59192661623789,59192666877713,59192668368089,59192668369478,59192695550882,59192696782053,59192696805460,3695904043,5.2539,1.4904,27.1814,1.2312,0.0234,35.1817,1
593,59192736656592,59192742005110,59192743952005,59192743953061,59192773054657,59192775118793,59192775142182,3609833652,5.3485,1.9469,29.1016,2.0641,0.0234,38.4856,1
594,59192781833371,59192785960440,59192786450868,59192786451923,59192814272182,59192815920002,59192815954854,677501042,4.1271,0.4904,27.8203,1.6478,0.0349,34.1215,1
595,59192826420574,59192829339139,59192829701862,59192829702696,59192857102805,59192858342438,59192858378198,3420005938,2.9186,0.3627,27.4001,1.2396,0.0358,31.9576,1
596,59192923625173,59192926606275,59192926951998,59192926952998,59192955955724,59192957806582,59192957829563,4117471236,2.9811,0.3457,29.0027,1.8509,0.0230,34.2044,1
597,59192966539055,59192969433861,59192969791807,59192969792362,59192997886196,59192999834702,59192999882369,3811524040,2.8948,0.3579,28.0938,1.9485,0.0477,33.3433,1
598,59193011906001,59193016997296,59193017472427,59193017473297,59193046661986,59193049509070,59193049531681,3092321421,5.0913,0.4751,29.1887,2.8471,0.0226,37.6257,1
599,59193077366588,59193082679976,59193083325848,59193083327200,59193112266777,59193113175706,59193113198817,58851257,5.3134,0.6459,28.9396,0.9089,0.0231,35.8322,1
600,59193165954492,59193168927687,59193169284577,59193169285114,59193197296966,59193199398287,59193199525028,1640788852,2.9732,0.3569,28.0119,2.1013,0.1267,33.5705,1
601,59193215870879,59193222305807,59193223868831,59193223870461,59193252533981,59193254270839,59193254309932,1623276683,6.4349,1.5630,28.6635,1.7369,0.0391,38.4391,1
602,59193279262366,59193282194265,59193282541395,59193282542080,59193309781096,59193311084712,59193311119434,2840244311,2.9319,0.3471,27.2390,1.3036,0.0347,31.8571,1
603,59193359812391,59193363501978,59193367030156,59193367031637,59193398605260,59193399486670,59193399509763,517336262,3.6896,3.5282,31.5736,0.8814,0.0231,39.6974,1
604,59193388263948,59193404891299,59193405676284,59193405677246,59193433986710,59193435749420,59193435784253,3901457805,16.6274,0.7850,28.3095,1.7627,0.0348,47.5203,1
605,59193447094791,59193454855205,59193455413781,59193455414726,59193482591167,59193483863264,59193483886912,1580195225,7.7604,0.5586,27.1764,1.2721,0.0236,36.7921,1
606,59193544988466,59193547820179,59193551153357,59193551154690,59193581341308,59193584673801,59193584697764,2874282921,2.8317,3.3332,30.1866,3.3325,0.0240,39.7093,1
607,59193589112482,59193595257688,59193597391398,59193597392509,59193627967036,59193630011969,59193630034710,3423232423,6.1452,2.1337,30.5745,2.0449,0.0227,40.9222,1
608,59193635566469,59193638960554,59193639302074,59193639302778,59193672151256,59193674316560,59193674483912,53587487,3.3941,0.3415,32.8485,2.1653,0.1674,38.9174,1
609,59193697425951,59193703165414,59193704458622,59193704459734,59193732742179,59193733930960,59193733955201,3734886242,5.7395,1.2932,28.2824,1.1888,0.0242,36.5292,1
610,59193789133254,59193794226382,59193794772087,59193794772976,59193822789291,59193824747835,59193824791113,3368491037,5.0931,0.5457,28.0163,1.9585,0.0433,35.6579,1
611,59193833524641,59193839352309,59193840219738,59193840220719,59193869179296,59193871185599,59193871333896,1037884685,5.8277,0.8674,28.9586,2.0063,0.1483,37.8093,1
612,59193878786921,59193884644069,59193885600554,59193885601610,59193914207834,59193915792154,59193915815210,2222313036,5.8571,0.9565,28.6062,1.5843,0.0231,37.0283,1
613,59193945245844,59193951176086,59193951725550,59193951726328,59193979901866,59193981185777,59193981209055,129365116,5.9302,0.5495,28.1755,1.2839,0.0233,35.9632,1
614,59194021186650,59194026655816,59194027967284,59194027968284,59194057975883,59194061085060,59194061114541,102643600,5.4692,1.3115,30.0076,3.1092,0.0295,39.9279,1
615,59194084584156,59194089689025,59194091391623,59194091393438,59194120042606,59194121790520,59194121815983,3473234294,5.1049,1.7026,28.6492,1.7479,0.0255,37.2318,1
616,59194160530092,59194163554121,59194163909529,59194163910103,59194195740542,59194197573955,59194197607492,2929224293,3.0240,0.3554,31.8304,1.8334,0.0335,37.0774,1
617,59194207691970,59194210585554,59194210931888,59194210932666,59194239162444,59194241034673,59194241057525,424236785,2.8936,0.3463,28.2298,1.8722,0.0229,33.3656,1
618,59194261273851,59194267425797,59194268017521,59194268018466,59194295078055,59194296347967,59194296371078,3947970927,6.1519,0.5917,27.0596,1.2699,0.0231,35.0972,1
619,59194345876797,59194348846973,59194349200326,59194349201197,59194377341697,59194379650983,59194379690779,2528730266,2.9702,0.3534,28.1405,2.3093,0.0398,33.8140,1
620,59194388855957,59194394049160,59194396106278,59194396107518,59194424544205,59194426468359,59194426498656,2559223932,5.1932,2.0571,28.4367,1.9242,0.0303,37.6427,1
621,59194435884502,59194442423412,59194442990155,59194442990933,59194470721543,59194472816161,59194472841976,307987612,6.5389,0.5667,27.7306,2.0946,0.0258,36.9575,1
622,59194499527267,59194502805075,59194503158168,59194503158872,59194530702815,59194531916208,59194531939578,2310150434,3.2778,0.3531,27.5439,1.2134,0.0234,32.4123,1
623,59194592063425,59194595418547,59194595761252,59194595761937,59194627150874,59194629108603,59194629136251,3774882952,3.3551,0.3427,31.3889,1.9577,0.0276,37.0728,1
624,59194636694424,59194641567922,59194642083942,59194642084794,59194670866148,59194672042115,59194672065226,3178967261,4.8735,0.5160,28.7814,1.1760,0.0231,35.3708,1
625,59194703705423,59194707115472,59194707457158,59194707457788,59194739209800,59194740479767,59194740503045,242803930,3.4100,0.3417,31.7520,1.2700,0.0233,36.7976,1
626,59194782968463,59194790147024,59194791476213,59194791477399,59194821320590,59194823144355,59194823167374,3923280427,7.1786,1.3292,29.8432,1.8238,0.0230,40.1989,1
627,59194815423607,59194826534570,59194826899312,59194826900145,59194854820849,59194856953263,59194856981004,4114099284,11.1110,0.3647,27.9207,2.1324,0.0277,41.5574,1
628,59194873139946,59194878339093,59194879446689,59194879448023,59194907360226,59194908607193,59194908642712,309282585,5.1991,1.1076,27.9122,1.2470,0.0355,35.5028,1
629,59194937824456,59194942965899,59194943672550,59194943673438,59194971912069,59194973219443,59194973242777,3919339706,5.1414,0.7067,28.2386,1.3074,0.0233,35.4183,1
630,59195015301231,59195020670341,59195022075957,59195022077660,59195050771552,59195052969929,59195053020003,146094800,5.3691,1.4056,28.6939,2.1984,0.0501,37.7188,1
631,59195056706886,59195062804999,59195063715298,59195063716835,59195092100577,59195093280210,59195093303248,3619430019,6.0981,0.9103,28.3837,1.1796,0.0230,36.5964,1
632,59195131516096,59195137254485,59195138519156,59195138521064,59195166223840,59195167479585,59195167517104,3862460294,5.7384,1.2647,27.7028,1.2557,0.0375,36.0010,1
633,59195216465266,59195223155491,59195223743530,59195223744512,59195254698281,59195256959233,59195256983140,2620731806,6.6902,0.5880,30.9538,2.2610,0.0239,40.5179,1
634,59195263158012,59195270183925,59195270733667,59195270734463,59195299745874,59195302472920,59195302501198,2109348234,7.0259,0.5497,29.0114,2.7270,0.0283,39.3432,1
635,59195316936246,59195322354912,59195323648694,59195323649972,59195353024957,59195355782281,59195355940467,3822487968,5.4187,1.2938,29.3750,2.7573,0.1582,39.0042,1
636,59195378951765,59195382326480,59195382681537,59195382682222,59195409971109,59195411208150,59195411231205,2991392707,3.3747,0.3551,27.2889,1.2370,0.0231,32.2794,1
637,59195450276075,59195456369854,59195456893264,59195456894078,59195484784282,59195486759510,59195486783288,3091920391,6.0938,0.5234,27.8902,1.9752,0.0238,36.5072,1
638,59195513682007,59195519594730,59195520202769,59195520203973,59195547469211,59195548784400,59195548820623,2816405305,5.9127,0.6080,27.2652,1.3152,0.0362,35.1386,1
639,59195588959811,59195591859821,59195595472795,59195595473944,59195623218739,59195625296987,59195625352542,283862974,2.9000,3.6130,27.7448,2.0782,0.0556,36.3927,1
640,59195633502291,59195638568882,59195639305218,59195639306125,59195668077146,59195670057820,59195670085505,4087197009,5.0666,0.7363,28.7710,1.9807,0.0277,36.5832,1
641,59195680846133,59195685953298,59195688069712,59195688070861,59195717568014,59195720256171,59195720280004,3763138780,5.1072,2.1164,29.4972,2.6882,0.0238,39.4339,1
642,59195745606199,59195752030609,59195753741874,59195753743263,59195782051208,59195783160027,59195783183656,1322096848,6.4244,1.7113,28.3079,1.1088,0.0236,37.5775,1
643,59195830341497,59195833242877,59195833602453,59195833603527,59195862188214,59195864494666,59195864517777,1954536847,2.9014,0.3596,28.5847,2.3065,0.0231,34.1763,1
644,59195871627800,59195875311239,59195875661629,59195875662110,59195906978176,59195908267681,59195908291070,2060325327,3.6834,0.3504,31.3161,1.2895,0.0234,36.6633,1
645,59195964249143,59195971488482,59195972857839,59195972859264,59196001394044,59196003574366,59196003612940,916186617,7.2393,1.3694,28.5348,2.1803,0.0386,39.3638,1
646,59196011173354,59196014061752,59196014411661,59196014412272,59196042816718,59196044923521,59196044950595,2494931430,2.8884,0.3499,28.4044,2.1068,0.0271,33.7772,1
647,59196066482500,59196072473001,59196073578819,59196073579949,59196102025043,59196104060087,59196104100217,2879481412,5.9905,1.1058,28.4451,2.0350,0.0401,37.6177,1
648,59196120418400,59196123540244,59196123904912,59196123905634,59196159785604,59196160750978,59196160773478,2159194874,3.1218,0.3647,35.8800,0.9654,0.0225,40.3551,1
649,59196197954064,59196201339112,59196201688983,59196201689613,59196230601653,59196233726534,59196233756701,1433091397,3.3850,0.3499,28.9120,3.1249,0.0302,35.8026,1
650,59196242944027,59196250656608,59196251238221,59196251239110,59196278863035,59196280757467,59196280784467,1776665444,7.7126,0.5816,27.6239,1.8944,0.0270,37.8404,1
651,59196307671056,59196313678057,59196314263078,59196314264115,59196341541908,59196342776838,59196342799931,4093759196,6.0070,0.5850,27.2778,1.2349,0.0231,35.1289,1
652,59196398675412,59196405542250,59196406052770,59196406053492,59196434667642,59196436687630,59196436714797,440663320,6.8668,0.5105,28.6141,2.0200,0.0272,38.0394,1
653,59196448215965,59196453679334,59196454538671,59196454539726,59196483643008,59196485766478,59196485800755,4050099405,5.4634,0.8593,29.1033,2.1235,0.0343,37.5848,1
654,59196490932976,59196494335561,59196494686914,59196494687692,59196522036727,59196523308546,59196523340916,727048204,3.4026,0.3514,27.3490,1.2718,0.0324,32.4079,1
655,59196586473625,59196594129558,59196595542729,59196595543877,59196625260346,59196626695980,59196626717980,2597797425,7.6559,1.4132,29.7165,1.4356,0.0220,40.2444,1
656,59196617233023,59196629994176,59196630342511,59196630343177,59196659924664,59196661441502,59196661468651,23992788,12.7612,0.3483,29.5815,1.5168,0.0271,44.2356,1
657,59196679845267,59196683139204,59196683483353,59196683484075,59196716409962,59196717627003,59196717649707,2447220383,3.2939,0.3441,32.9259,1.2170,0.0227,37.8044,1
658,59196772699926,59196779554059,59196780669952,59196780671044,59196809009194,59196811145349,59196811267905,3393972775,6.8541,1.1159,28.3381,2.1362,0.1226,38.5680,1
659,59196821854718,59196826995568,59196827507107,59196827508014,59196855451847,59196857503854,59196857551632,3833415750,5.1409,0.5115,27.9438,2.0520,0.0478,35.6969,1
660,59196866356531,59196872108235,59196873382814,59196873384092,59196901115257,59196903281042,59196903319820,168628734,5.7517,1.2746,27.7312,2.1658,0.0388,36.9633,1
661,59196930033297,59196936037484,59196936614023,59196936614782,59196963615853,59196964877912,59196964901079,3863947569,6.0042,0.5765,27.0011,1.2621,0.0232,34.8678,1
662,59197025641576,59197031706541,59197032792859,59197032793840,59197062149900,59197063971147,59197063998684,1406969757,6.0650,1.0863,29.3561,1.8212,0.0275,38.3571,1
663,59197069384295,59197075403796,59197075870131,59197075870872,59197106399435,59197109404575,59197109431834,2776867581,6.0195,0.4663,30.5286,3.0051,0.0273,40.0475,1
664,59197136268553,59197141713589,59197142587648,59197142588592,59197173896084,59197174787698,59197174811791,3220833325,5.4450,0.8741,31.3075,0.8916,0.0241,38.5432,1
665,59197215276666,59197223491433,59197225182587,59197225184217,59197254259017,59197256273653,59197256296246,2714052891,8.2148,1.6912,29.0748,2.0146,0.0226,41.0196,1
666,59197246996067,59197259372348,59197259712386,59197259712849,59197291219898,59197293277071,59197293322720,3010007635,12.3763,0.3400,31.5070,2.0572,0.0456,46.3267,1
667,59197318496821,59197323144355,59197323535523,59197323536134,59197352435267,59197354456329,59197354505126,1861850044,4.6475,0.3912,28.8991,2.0211,0.0488,36.0083,1
668,59197368616394,59197373806115,59197374231839,59197374232413,59197404476902,59197405705035,59197405728202,1837931252,5.1897,0.4257,30.2445,1.2281,0.0232,37.1118,1
669,59197459822955,59197462729020,59197463076614,59197463077429,59197491998839,59197494092235,59197494133754,19512309,2.9061,0.3476,28.9214,2.0934,0.0415,34.3108,1
670,59197503957712,59197506900277,59197507245834,59197507246667,59197537112377,59197539276347,59197539299829,4184916146,2.9426,0.3456,29.8657,2.1640,0.0235,35.3421,1
671,59197554524842,59197557454500,59197557807445,59197557808316,59197585533018,59197587830952,59197587854619,2588630612,2.9297,0.3529,27.7247,2.2979,0.0237,33.3298,1
672,59197632613507,59197636705984,59197637064041,59197637064707,59197665722432,59197668412089,59197668441107,3917538116,4.0925,0.3581,28.6577,2.6897,0.0290,35.8276,1
673,59197676754190,59197681875096,59197682264875,59197682265449,59197709706651,59197711948029,59197711982566,2306398942,5.1209,0.3898,27.4412,2.2414,0.0345,35.2284,1
674,59197740566234,59197745985623,59197747161997,59197747162923,59197774970496,59197776199500,59197776221741,289881987,5.4194,1.1764,27.8076,1.2290,0.0222,35.6555,1
675,59197816519430,59197821947781,59197823649139,59197823650583,59197851404490,59197853049717,59197853072143,2520800967,5.4284,1.7014,27.7539,1.6452,0.0224,36.5527,1
676,59197869159826,59197874566529,59197876531573,59197876532684,59197904140442,59197905405335,59197905428816,545451882,5.4067,1.9650,27.6078,1.2649,0.0235,36.2690,1
677,59197949242905,59197953369475,59197954949183,59197954950665,59197985747841,59197988578424,59197988601535,1917016475,4.1266,1.5797,30.7972,2.8306,0.0231,39.3586,1
678,59197990368597,59197998107585,59197998661754,59197998662958,59198026576809,59198028678816,59198028706742,1917016475,7.7390,0.5542,27.9139,2.1020,0.0279,38.3381,1
679,59198051671059,59198057441596,59198058497637,59198058498766,59198086574378,59198087764733,59198087788159,1917016475,5.7705,1.0560,28.0756,1.1904,0.0234,36.1171,1
680,59198127493513,59198131392563,59198131731842,59198131732397,59198163502447,59198165652269,59198165681769,2861744274,3.8990,0.3393,31.7701,2.1498,0.0295,38.1883,1
681,59198179421814,59198185653557,59198187002728,59198187004172,59198215493581,59198217708681,59198217742404,2213754671,6.2317,1.3492,28.4894,2.2151,0.0337,38.3206,1
682,59198233987735,59198239221975,59198239731865,59198239732717,59198267623550,59198268911110,59198268963073,2213754671,5.2342,0.5099,27.8908,1.2876,0.0520,34.9753,1
683,59198298373189,59198303208501,59198303909096,59198303910096,59198334027066,59198335699849,59198335740108,2213754671,4.8353,0.7006,30.1170,1.6728,0.0403,37.3669,1
684,59198365129446,59198370132666,59198372161136,59198372162506,59198399877005,59198401637030,59198401659641,2213754671,5.0032,2.0285,27.7145,1.7600,0.0226,36.5302,1
685,59198426095999,59198432476483,59198433570191,59198433571450,59198460539613,59198461796710,59198461833062,2483685656,6.3805,1.0937,26.9682,1.2571,0.0364,35.7371,1
686,59198521790353,59198526370571,59198527097944,59198527098833,59198556848191,59198559359051,59198559383736,1478941540,4.5802,0.7274,29.7494,2.5109,0.0247,37.5934,1
687,59198558246566,59198564747291,59198565658405,59198565659572,59198593848109,59198595076910,59198595099280,1478941540,6.5007,0.9111,28.1885,1.2288,0.0224,36.8527,1
688,59198624832749,59198627797777,59198632146051,59198632147439,59198661967001,59198663777618,59198663807933,2042087695,2.9650,4.3483,29.8196,1.8106,0.0303,38.9752,1
689,59198677443997,59198681841233,59198682186920,59198682187679,59198710151512,59198712120759,59198712143778,2968111056,4.3972,0.3457,27.9638,1.9692,0.0230,34.6998,1
690,59198757760151,59198764685044,59198765237324,59198765238083,59198792654655,59198794416272,59198794439309,2225083724,6.9249,0.5523,27.4166,1.7616,0.0230,36.6792,1
691,59198827455992,59198833616531,59198834370404,59198834371163,59198863574945,59198865321932,59198865355914,2121049083,6.1605,0.7539,29.2038,1.7470,0.0340,37.8999,1
692,59198876590173,59198883184528,59198883741289,59198883742030,59198913155942,59198915095485,59198915126023,4183110732,6.5944,0.5568,29.4139,1.9395,0.0305,38.5359,1
693,59198922419399,59198927953695,59198928750586,59198928751679,59198957046735,59198958286350,59198958323351,3757969367,5.5343,0.7969,28.2951,1.2396,0.0370,35.9040,1
694,59198993231818,59198996883404,59198997235035,59198997235609,59199024704070,59199025949463,59199025982611,3806340667,3.6516,0.3516,27.4685,1.2454,0.0331,32.7508,1
695,59199076153036,59199079942308,59199084537082,59199084538286,59199113929642,59199115634481,59199115657593,2658388177,3.7893,4.5948,29.3914,1.7048,0.0231,39.5046,1
696,59199137767295,59199144582170,59199145148449,59199145149412,59199174402139,59199177040721,59199177065333,3678430432,6.8149,0.5663,29.2527,2.6386,0.0246,39.2980,1
697,59199179410377,59199185492453,59199186074103,59199186074918,59199214849106,59199215957109,59199215988591,141650131,6.0821,0.5817,28.7742,1.1080,0.0315,36.5782,1
698,59199238006571,59199242870717,59199243549923,59199243550663,59199271757701,59199273061168,59199273083946,2164897325,4.8641,0.6792,28.2070,1.3035,0.0228,35.0774,1
699,59199310270328,59199313310227,59199313669599,59199313670302,59199340892911,59199342180211,59199342203008,3427078497,3.0399,0.3594,27.2226,1.2873,0.0228,31.9327,1
700,59199375191246,59199378106775,59199378453220,59199378454109,59199405715681,59199407040574,59199407063685,3761844232,2.9155,0.3464,27.2616,1.3249,0.0231,31.8724,1
701,59199450840459,59199456400367,59199456989202,59199456990054,59199486031353,59199487829822,59199487869489,1252779017,5.5599,0.5888,29.0413,1.7985,0.0397,37.0290,1
702,59199496778259,59199501672276,59199503412115,59199503413263,59199532379340,59199534371124,59199534409847,1637083972,4.8940,1.7398,28.9661,1.9918,0.0387,37.6316,1
703,59199541500907,59199546441516,59199547368575,59199547369686,59199574795573,59199576117096,59199576155059,975187458,4.9406,0.9271,27.4259,1.3215,0.0380,34.6542,1
704,59199642019591,59199644981582,59199645356195,59199645356787,59199673514547,59199675568017,59199675601369,4021065189,2.9620,0.3746,28.1578,2.0535,0.0334,33.5818,1
705,59199683419246,59199689718230,59199690282936,59199690283862,59199718280325,59199720143442,59199720192960,1902322821,6.2990,0.5647,27.9965,1.8631,0.0495,36.7737,1
706,59199731426201,59199734310748,59199734661268,59199734661953,59199761986506,59199763250232,59199763273918,4140399524,2.8845,0.3505,27.3246,1.2637,0.0237,31.8477,1
707,59199797287549,59199801845471,59199803281105,59199803282272,59199831299402,59199832521665,59199832557202,4052090983,4.5579,1.4356,28.0171,1.2223,0.0355,35.2697,1
708,59199872054944,59199875051861,59199875400288,59199875401455,59199905342795,59199907271412,59199907315801,2168743885,2.9969,0.3484,29.9413,1.9286,0.0444,35.2609,1
709,59199917044870,59199921735015,59199923107112,59199923108575,59199953019545,59199955674924,59199955758017,3729940194,4.6901,1.3721,29.9110,2.6554,0.0831,38.7131,1
710,59199982806347,59199988454588,59199990079278,59199990080334,59200019822136,59200021694623,59200021717790,3677985648,5.6482,1.6247,29.7418,1.8725,0.0232,38.9114,1
711,59200061544792,59200067346089,59200068517445,59200068518556,59200096482556,59200098526525,59200098555711,1511923046,5.8013,1.1714,27.9640,2.0440,0.0292,37.0109,1
712,59200104537842,59200107721926,59200109768507,59200109771655,59200138126490,59200139381679,59200139415679,2036523042,3.1841,2.0466,28.3548,1.2552,0.0340,34.8778,1
713,59200187506875,59200193549006,59200194103008,59200194103897,59200221522228,59200222780603,59200222803510,793805266,6.0421,0.5540,27.4183,1.2584,0.0229,35.2966,1
714,59200260952655,59200263813312,59200266705266,59200266706637,59200295900289,59200297885888,59200297913369,2677477530,2.8607,2.8920,29.1937,1.9856,0.0275,36.9607,1
715,59200305899840,59200311195376,59200313315235,59200313316680,59200342393128,59200344542857,59200344566061,3617228349,5.2955,2.1199,29.0764,2.1497,0.0232,38.6662,1
716,59200349934208,59200355100040,59200355622801,59200355623486,59200384161488,59200385709511,59200385732345,155120504,5.1658,0.5228,28.5380,1.5480,0.0228,35.7981,1
717,59200420778053,59200428023429,59200428544634,59200428545320,59200456279004,59200458104917,59200458130769,3132228628,7.2454,0.5212,27.7337,1.8259,0.0259,37.3527,1
718,59200478355114,59200484538338,59200485105877,59200485106840,59200513723805,59200514952846,59200514989661,3215607449,6.1832,0.5675,28.6170,1.2290,0.0368,36.6345,1
719,59200570602345,59200579625189,59200580311562,59200580312617,59200609454825,59200611458424,59200611481424,1690800729,9.0228,0.6864,29.1422,2.0036,0.0230,40.8791,1
720,59200604230363,59200620064804,59200620725158,59200620726177,59200648393657,59200650426071,59200650454368,1690800729,15.8344,0.6604,27.6675,2.0324,0.0283,46.2240,1
721,59200680456300,59200685704762,59200686854710,59200686855988,59200715233915,59200717461034,59200717484052,2111296380,5.2485,1.1499,28.3779,2.2271,0.0230,37.0278,1
722,59200728060661,59200730943930,59200731288487,59200731289264,59200760497509,59200761712976,59200761736235,3758575074,2.8833,0.3446,29.2082,1.2155,0.0233,33.6756,1
723,59200809273281,59200814084112,59200817676568,59200817677642,59200844704658,59200845936921,59200845960162,571462089,4.8108,3.5925,27.0270,1.2323,0.0232,36.6869,1
724,59200878750492,59200884552475,59200885124736,59200885125532,59200915279928,59200918472939,59200918498976,1748861420,5.8020,0.5723,30.1544,3.1930,0.0260,39.7485,1
725,59200924428699,59200930326496,59200932171743,59200932172947,59200960212669,59200962380787,59200962403954,1762171265,5.8978,1.8452,28.0397,2.1681,0.0232,37.9753,1
726,59200988925857,59200995089007,59200998487833,59200998488944,59201027801281,59201030423475,59201030450994,1608401767,6.1631,3.3988,29.3123,2.6222,0.0275,41.5251,1
727,59201035842826,59201041870087,59201043549056,59201043550630,59201071581352,59201073419432,59201073575914,1808555491,6.0273,1.6790,28.0307,1.8381,0.1565,37.7331,1
728,59201097563827,59201101160561,59201101518377,59201101519173,59201128940004,59201130240675,59201130263157,1952620539,3.5967,0.3578,27.4208,1.3007,0.0225,32.6993,1
729,59201186132749,59201192535196,59201193874812,59201193876071,59201223309650,59201225175008,59201225218674,4237396765,6.4024,1.3396,29.4336,1.8654,0.0437,39.0859,1
730,59201221580644,59201229872986,59201230227228,59201230227821,59201258041616,59201259305620,59201259328694,4237396765,8.2923,0.3542,27.8138,1.2640,0.0231,37.7480,1
731,59201298525472,59201303591989,59201305019568,59201305020808,59201333241568,59201335338909,59201335371816,678096626,5.0665,1.4276,28.2208,2.0973,0.0329,36.8463,1
732,59201344458698,59201352380169,59201352918282,59201352919115,59201380097575,59201381369876,59201381393042,2265218982,7.9215,0.5381,27.1785,1.2723,0.0232,36.9343,1
733,59201434604088,59201437457505,59201437824710,59201437825414,59201465424024,59201467322104,59201467348919,2149611286,2.8534,0.3672,27.5986,1.8981,0.0268,32.7448,1
734,59201486156370,59201492801929,59201493876988,59201493878340,59201522766880,59201524935109,59201525061221,648841968,6.6456,1.0751,28.8885,2.1682,0.1261,38.9049,1
735,59201531694057,59201537909763,59201538438969,59201538440006,59201567494491,59201569369275,59201569498090,748734898,6.2157,0.5292,29.0545,1.8748,0.1288,37.8040,1
736,59201599941561,59201603820814,59201606504545,59201606505675,59201634184526,59201635527364,59201635554790,4115003729,3.8793,2.6837,27.6789,1.3428,0.0274,35.6132,1
737,59201660693650,59201665706611,59201666214613,59201666215317,59201693506796,59201694731281,59201694753689,720468988,5.0130,0.5080,27.2915,1.2245,0.0224,34.0600,1
738,59201736824198,59201742554791,59201744285149,59201744286390,59201772304797,59201774287859,59201774326952,2199158804,5.7306,1.7304,28.0184,1.9831,0.0391,37.5028,1
739,59201798970867,59201805066535,59201805655333,59201805656166,59201832633848,59201833991501,59201834014612,1905053550,6.0957,0.5888,26.9777,1.3577,0.0231,35.0437,1
740,59201874039948,59201880175616,59201880744896,59201880745692,59201908487191,59201909985919,59201910008974,1937728982,6.1357,0.5693,27.7415,1.4987,0.0231,35.9690,1
741,59201924544707,59201929735410,59201931246544,59201931247952,59201959225933,59201961145365,59201961172477,884859002,5.1907,1.5111,27.9780,1.9194,0.0271,36.6278,1
742,59201966316790,59201973683444,59201974165538,59201974166409,59202001417073,59202002672818,59202002695688,1333563731,7.3667,0.4821,27.2507,1.2557,0.0229,36.3789,1
743,59202064555707,59202070134189,59202070693727,59202070694542,59202098902395,59202100915327,59202100967476,2452474927,5.5785,0.5595,28.2079,2.0129,0.0521,36.4118,1
744,59202106608346,59202112854904,59202113957648,59202113958704,59202141638073,59202143569191,59202143592098,1148393833,6.2466,1.1027,27.6794,1.9311,0.0229,36.9838,1
745,59202152878888,59202155682508,59202158206072,59202158215943,59202185563514,59202186842593,59202186864963,2847926817,2.8036,2.5236,27.3476,1.2791,0.0224,33.9861,1
746,59202254008241,59202261578469,59202262292342,59202262293453,59202292956943,59202293835965,59202293858724,503686625,7.5702,0.7139,30.6635,0.8790,0.0228,39.8505,1
747,59202286355199,59202300641598,59202301235137,59202301235823,59202328497283,59202330311197,59202330336956,699629726,14.2864,0.5935,27.2615,1.8139,0.0258,43.9818,1
748,59202358173363,59202362806285,59202363168861,59202363169472,59202391029786,59202393121330,59202393148089,2357176048,4.6329,0.3626,27.8603,2.0915,0.0268,34.9747,1
749,59202404045181,59202407795712,59202411085760,59202411087019,59202439018463,59202440283541,59202440306579,1248365614,3.7505,3.2900,27.9314,1.2651,0.0230,36.2614,1
750,59202494017923,59202499900090,59202500768723,59202500769723,59202529165298,59202531180675,59202531218934,1804804686,5.8822,0.8686,28.3956,2.0154,0.0383,37.2010,1
751,59202540262501,59202543286974,59202543632290,59202543632976,59202574446114,59202575806897,59202575849823,2879031483,3.0245,0.3453,30.8131,1.3608,0.0429,35.5873,1
752,59202603561562,59202606592276,59202606936203,59202606936870,59202635048592,59202637103858,59202637143136,2863965564,3.0307,0.3439,28.1117,2.0553,0.0393,33.5816,1
753,59202647616523,59202654093433,59202655024677,59202655025899,59202682837102,59202684116088,59202684138903,3396021524,6.4769,0.9312,27.8112,1.2790,0.0228,36.5224,1
754,59202740502534,59202745619921,59202746015792,59202746016348,59202774236182,59202776392522,59202776416615,2674800729,5.1174,0.3959,28.2198,2.1563,0.0241,35.9141,1
755,59202785647775,59202790065494,59202792573891,59202792574891,59202820335279,59202822520416,59202822548823,2111244203,4.4177,2.5084,27.7604,2.1851,0.0284,36.9010,1
756,59202835387903,59202839031026,59202839375471,59202839376490,59202870567630,59202871812838,59202871846653,2323753283,3.6431,0.3444,31.1911,1.2452,0.0338,36.4588,1
757,59202928860063,59202935341677,59202937158998,59202937160054,59202967462543,59202968732103,59202968755251,835679102,6.4816,1.8173,30.3025,1.2696,0.0231,39.8952,1
758,59202960862262,59202977200223,59202977782540,59202977783558,59203005098001,59203006334912,59203006368449,2647705560,16.3380,0.5823,27.3144,1.2369,0.0335,45.5062,1
759,59203055951983,59203058941753,59203059284439,59203059285217,59203089133352,59203091432471,59203091460693,1589269869,2.9898,0.3427,29.8481,2.2991,0.0282,35.5087,1
760,59203098323623,59203103971142,59203105193091,59203105194091,59203134324909,59203136590324,59203136618991,1180715589,5.6475,1.2219,29.1308,2.2654,0.0287,38.2954,1
761,59203146802969,59203149639200,59203149994998,59203149995665,59203177551737,59203178672241,59203178696519,1219351704,2.8362,0.3558,27.5561,1.1205,0.0243,31.8936,1
762,59203208975452,59203212672186,59203213026614,59203213027373,59203240531538,59203241730542,59203241769560,2347591820,3.6967,0.3544,27.5042,1.1990,0.0390,32.7941,1
763,59203286731339,59203292946341,59203294301975,59203294303123,59203323014366,59203325019521,59203325052317,1229384051,6.2150,1.3556,28.7112,2.0052,0.0328,38.3210,1
764,59203334140773,59203339793866,59203341725391,59203341726687,59203369755557,59203371016469,59203371039673,2654271279,5.6531,1.9315,28.0289,1.2609,0.0232,36.8989,1
765,59203419366425,59203422429491,59203422770029,59203422770936,59203450187564,59203451413087,59203451453124,2852356600,3.0631,0.3405,27.4166,1.2255,0.0400,32.0867,1
766,59203489309397,59203493984283,59203496577217,59203496578458,59203524789588,59203526885780,59203526932206,3115343651,4.6749,2.5929,28.2111,2.0962,0.0464,37.6228,1
767,59203534365509,59203540250139,59203541583236,59203541584422,59203570617740,59203572729617,59203572757488,2472705134,5.8846,1.3331,29.0333,2.1119,0.0279,38.3920,1
768,59203576702075,59203581957222,59203583586153,59203583587264,59203611940024,59203614131309,59203614158384,375487306,5.2551,1.6289,28.3528,2.1913,0.0271,37.4563,1
769,59203641467604,59203647756587,59203648285978,59203648287145,59203675719198,59203676994721,59203677030943,1237635162,6.2890,0.5294,27.4321,1.2755,0.0362,35.5633,1
770,59203706450929,59203709285568,59203709641681,59203709642570,59203737172438,59203738356627,59203738387572,2326451073,2.8346,0.3561,27.5299,1.1842,0.0309,31.9366,1
771,59203795408038,59203801830485,59203803368879,59203803370361,59203834456426,59203835358152,59203835381355,2841886837,6.4224,1.5384,31.0861,0.9017,0.0232,39.9733,1
772,59203830560247,59203841632746,59203842388064,59203842389064,59203871482364,59203873425852,59203873454592,2841886837,11.0725,0.7553,29.0933,1.9435,0.0287,42.8943,1
773,59203903077357,59203907859632,59203910450696,59203910451844,59203938769734,59203940945908,59203940969519,3523228296,4.7823,2.5911,28.3179,2.1762,0.0236,37.8922,1
774,59203954735287,59203957802334,59203958158243,59203958158965,59203986455540,59203988468195,59203988503787,3280513544,3.0670,0.3559,28.2966,2.0127,0.0356,33.7685,1
775,59204010124303,59204015320543,59204016449583,59204016450732,59204044567880,59204045795143,59204045818014,1522334553,5.1962,1.1290,28.1171,1.2273,0.0229,35.6937,1
776,59204088740100,59204091794499,59204094075081,59204094076321,59204123341640,59204125401258,59204125439499,1116114726,3.0544,2.2806,29.2653,2.0596,0.0382,36.6994,1
777,59204133661026,59204136631536,59204136989111,59204136989815,59204164491184,59204165725892,59204165763281,908825332,2.9705,0.3576,27.5014,1.2347,0.0374,32.1023,1
778,59204201338324,59204209040794,59204209539462,59204209540055,59204236757941,59204238049057,59204238072353,1625392806,7.7025,0.4987,27.2179,1.2911,0.0233,36.7340,1
779,59204290648804,59204295773618,59204297191530,59204297192826,59204325492679,59204327173536,59204327200018,5044117,5.1248,1.4179,28.2999,1.6809,0.0265,36.5512,1
780,59204341575639,59204346326081,59204346924361,59204346925139,59204374982379,59204376827145,59204376854978,2526783352,4.7504,0.5983,28.0572,1.8448,0.0278,35.2793,1
781,59204385742415,59204391029451,59204392747272,59204392748160,59204420890883,59204422152517,59204422175035,2585738760,5.2870,1.7178,28.1427,1.2616,0.0225,36.4326,1
782,59204480462191,59204487488159,59204490384502,59204490385705,59204518813558,59204520579083,59204521205955,3761951090,7.0260,2.8963,28.4279,1.7655,0.6269,40.7438,1
783,59204515258213,59204526827196,59204527725106,59204527725995,59204560046806,59204561971053,59204562002720,1500838706,11.5690,0.8979,32.3208,1.9242,0.0317,46.7445,1
784,59204572175105,59204580191539,59204580762819,59204580763634,59204608810004,59204610632436,59204610656010,2087535225,8.0164,0.5713,28.0464,1.8224,0.0236,38.4809,1
785,59204632714102,59204639600569,59204640200293,59204640201404,59204668576202,59204669802557,59204669825132,786474422,6.8865,0.5997,28.3748,1.2264,0.0226,37.1110,1
786,59204708581889,59204716041340,59204716639879,59204716640694,59204744712416,59204746744608,59204746782701,727192813,7.4595,0.5985,28.0717,2.0322,0.0381,38.2008,1
787,59204753793020,59204759790318,59204760398005,59204760399042,59204788419283,59204789679250,59204789713009,4184187114,5.9973,0.6077,28.0202,1.2600,0.0338,35.9200,1
788,59204866755820,59204871836336,59204872568839,59204872570135,59204906088764,59204906983397,59204907006119,1756770179,5.0805,0.7325,33.5186,0.8946,0.0227,40.2503,1
789,59204901014025,59204913665271,59204914358125,59204914359255,59204943177165,59204944838948,59204944862448,1756770179,12.6512,0.6929,28.8179,1.6618,0.0235,43.8484,1
790,59204940078580,59204950785560,59204951289617,59204951290266,59204978510207,59204979782082,59204979805249,4262821072,10.7070,0.5041,27.2199,1.2719,0.0232,39.7267,1
791,59205029915599,59205036332639,59205037750588,59205037751977,59205066151960,59205068171930,59205068197837,2098172745,6.4170,1.4179,28.4000,2.0200,0.0259,38.2822,1
792,59205082283273,59205087355882,59205087799106,59205087799791,59205118841319,59205120392084,59205120540380,2098172745,5.0726,0.4432,31.0415,1.5508,0.1483,38.2571,1
793,59205124596931,59205132351845,59205132972681,59205132973847,59205160756976,59205162603223,59205162627001,2098172745,7.7549,0.6208,27.7831,1.8462,0.0238,38.0301,1
794,59205185688262,59205192690045,59205193353177,59205193354121,59205222039160,59205224147464,59205224174464,2098172745,7.0018,0.6631,28.6850,2.1083,0.0270,38.4862,1
795,59205248571322,59205253837321,59205254232137,59205254233156,59205284740812,59205286860838,59205286892967,1093399900,5.2660,0.3948,30.5077,2.1200,0.0321,38.3216,1
796,59205311636623,59205317539254,59205318301830,59205318303127,59205347492168,59205349342137,59205349375711,1093399900,5.9026,0.7626,29.1890,1.8500,0.0336,37.7391,1
797,59205370520003,59205375557834,59205376114133,59205376114892,59205403476390,59205405380803,59205405404359,1093399900,5.0378,0.5563,27.3615,1.9044,0.0236,34.8844,1
798,59205440651198,59205443989579,59205447488517,59205447489776,59205476102463,59205477128281,59205477150781,1093399900,3.3384,3.4989,28.6127,1.0258,0.0225,36.4996,1
799,59205527247817,59205530076123,59205530426994,59205530427846,59205558311605,59205560405186,59205560440686,3064492826,2.8283,0.3509,27.8838,2.0936,0.0355,33.1929,1
800,59205569002326,59205573925397,59205575624940,59205575626440,59205602712826,59205603801867,59205603828959,2739339580,4.9231,1.6995,27.0864,1.0890,0.0271,34.8266,1
801,59205655124203,59205662044355,59205663693639,59205663695194,59205693215273,59205695547207,59205695570429,3933978060,6.9202,1.6493,29.5201,2.3319,0.0232,40.4462,1
802,59205687555532,59205701407578,59205701846579,59205701847191,59205729246355,59205731072991,59205731095972,3933978060,13.8520,0.4390,27.3992,1.8266,0.0230,43.5404,1
803,59205758527193,59205763685821,59205766010180,59205766011866,59205794360107,59205796348577,59205796385096,98338203,5.1586,2.3244,28.3482,1.9885,0.0365,37.8579,1
804,59205806442721,59205809298268,59205809653954,59205809654843,59205837114434,59205838374660,59205838397475,1777810403,2.8555,0.3557,27.4596,1.2602,0.0228,31.9548,1
805,59205900527958,59205906127532,59205906699275,59205906699942,59205935819890,59205937982230,59205938059082,921432522,5.5996,0.5717,29.1199,2.1623,0.0769,37.5311,1
806,59205943634971,59205949218675,59205950343271,59205950344345,59205978930866,59205981102317,59205981130373,2981639805,5.5837,1.1246,28.5865,2.1715,0.0281,37.4954,1
807,59205991872871,59205994675992,59205995016956,59205995017826,59206022442843,59206023687458,59206023710606,1702243812,2.8031,0.3410,27.4250,1.2446,0.0231,31.8377,1
808,59206070292797,59206076634411,59206077524136,59206077525043,59206105753137,59206107017770,59206107040474,302887877,6.3416,0.8897,28.2281,1.2646,0.0227,36.7477,1
809,59206144580006,59206147781183,59206149946783,59206149948579,59206180800977,59206183064337,59206183112540,4102277171,3.2012,2.1656,30.8524,2.2634,0.0482,38.5325,1
810,59206190279786,59206195417248,59206195912120,59206195913175,59206223371933,59206225234531,59206225276421,209516419,5.1375,0.4949,27.4588,1.8626,0.0419,34.9966,1
811,59206255929448,59206258984458,59206259332940,59206259333774,59206288937316,59206291105379,59206291131434,1830716788,3.0550,0.3485,29.6035,2.1681,0.0261,35.2020,1
812,59206301526580,59206305912446,59206306608986,59206306609930,59206333888483,59206335165469,59206335188450,3382681409,4.3859,0.6965,27.2786,1.2770,0.0230,33.6619,1
813,59206395831706,59206399306922,59206399652571,59206399653534,59206431547769,59206433764610,59206433798832,1200764471,3.4752,0.3456,31.8942,2.2168,0.0342,37.9671,1
814,59206437925049,59206440740633,59206441091782,59206441092319,59206469435357,59206471832587,59206471867828,240054279,2.8156,0.3511,28.3430,2.3972,0.0352,33.9428,1
815,59206488283068,59206491782912,59206493818697,59206493820456,59206521621289,59206522873756,59206522909478,1195372262,3.4998,2.0358,27.8008,1.2525,0.0357,34.6264,1
816,59206580403131,59206589082512,59206590625572,59206590626647,59206619064944,59206621313618,59206621337211,1490789778,8.6794,1.5431,28.4383,2.2487,0.0236,40.9341,1
817,59206610865010,59206625825781,59206626196042,59206626196690,59206653517817,59206654859470,59206654882118,2986199634,14.9608,0.3703,27.3211,1.3417,0.0226,44.0171,1
818,59206690914811,59206696411311,59206697752056,59206697753334,59206725628019,59206726813856,59206726848504,3836120632,5.4965,1.3407,27.8747,1.1858,0.0346,35.9337,1
819,59206763886608,59206770330222,59206770889909,59206770890853,59206799180317,59206801447121,59206801472177,504368754,6.4436,0.5597,28.2895,2.2668,0.0251,37.5856,1
820,59206808962850,59206814054885,59206814536368,59206814536942,59206841837995,59206843124000,59206843147129,1929597716,5.0920,0.4815,27.3011,1.2860,0.0231,34.1843,1
821,59206876670185,59206883030502,59206883578374,59206883578930,59206911563781,59206913469714,59206913500084,3616121234,6.3603,0.5479,27.9849,1.9059,0.0304,36.8299,1
822,59206923233098,59206926041644,59206926418608,59206926419164,59206953817810,59206955062703,59206955094796,3166893922,2.8085,0.3770,27.3986,1.2449,0.0321,31.8617,1
823,59207012925079,59207015817904,59207019536694,59207019538268,59207047925880,59207049882035,59207049905498,3971328685,2.8928,3.7188,28.3876,1.9562,0.0235,36.9804,1
824,59207056861910,59207062023131,59207062562243,59207062563077,59207090619318,59207092820195,59207092854344,4207106893,5.1612,0.5391,28.0562,2.2009,0.0341,35.9924,1
825,59207105348533,59207110402827,59207111504127,59207111505609,59207139150311,59207140666872,59207140766057,858552556,5.0543,1.1013,27.6447,1.5166,0.0992,35.4175,1
826,59207178506608,59207182283306,59207182650400,59207182651066,59207210108638,59207211630458,59207211653310,641201645,3.7767,0.3671,27.4576,1.5218,0.0229,33.1467,1
827,59207244658623,59207249859955,59207251045681,59207251046940,59207279364404,59207281434800,59207281472782,1268090404,5.2013,1.1857,28.3175,2.0704,0.0380,36.8142,1
828,59207296365961,59207301853571,59207303023816,59207303024742,59207330210795,59207331485299,59207331508799,1756173101,5.4876,1.1702,27.1861,1.2745,0.0235,35.1428,1
829,59207386188628,59207391184589,59207392601260,59207392603112,59207420986521,59207423145287,59207423188417,898369033,4.9960,1.4167,28.3834,2.1588,0.0431,36.9998,1
830,59207433740822,59207438236967,59207440616289,59207440617363,59207468639789,59207470686981,59207470714037,3576059600,4.4961,2.3793,28.0224,2.0472,0.0271,36.9732,1
831,59207481001497,59207487360296,59207488413762,59207488414855,59207516639059,59207517718785,59207517750044,1411176993,6.3588,1.0535,28.2242,1.0797,0.0313,36.7485,1
832,59207568657879,59207575459642,59207577057925,59207577059111,59207608764382,59207609638052,59207609661329,511702592,6.8018,1.5983,31.7053,0.8737,0.0233,41.0035,1
833,59207603776014,59207613318675,59207613717380,59207613717917,59207640654284,59207641885991,59207641926473,1778541580,9.5427,0.3987,26.9364,1.2317,0.0405,38.1505,1
834,59207684274169,59207689420760,59207690695023,59207690696171,59207719216210,59207721150642,59207721199865,1984861851,5.1466,1.2743,28.5200,1.9344,0.0492,36.9257,1
835,59207728021943,59207734563724,59207735963321,59207735964469,59207763841950,59207765873549,59207765918809,1984861851,6.5418,1.3996,27.8775,2.0316,0.0453,37.8969,1
836,59207790304075,59207797167690,59207797826248,59207797827118,59207826985251,59207829059129,59207829092573,1984861851,6.8636,0.6586,29.1581,2.0739,0.0334,38.7885,1
837,59207851320665,59207856614701,59207857715372,59207857716760,59207885557612,59207886783542,59207886806338,2043783263,5.2940,1.1007,27.8409,1.2259,0.0228,35.4857,1
838,59207929761480,59207937589321,59207938053396,59207938054007,59207966472101,59207968205440,59207968238144,2043783263,7.8278,0.4641,28.4181,1.7333,0.0327,38.4767,1
839,59207977384082,59207984560291,59207985117182,59207985117922,59208012910496,59208015129447,59208015157429,2043783263,7.1762,0.5569,27.7926,2.2190,0.0280,37.7733,1
840,59208039522713,59208045802567,59208046325088,59208046325884,59208074052457,59208076095686,59208076119371,2043783263,6.2799,0.5225,27.7266,2.0432,0.0237,36.5967,1
841,59208102483755,59208108512738,59208109064536,59208109065573,59208136334237,59208137585426,59208137607778,2043783263,6.0290,0.5518,27.2687,1.2512,0.0224,35.1240,1
842,59208185626289,59208192741183,59208193257629,59208193258444,59208221303277,59208223186098,59208223215024,2043783263,7.1149,0.5164,28.0448,1.8828,0.0289,37.5887,1
843,59208240375729,59208243761036,59208245739339,59208245741043,59208274921139,59208276968850,59208277002165,2043783263,3.3853,1.9783,29.1801,2.0477,0.0333,36.6264,1
844,59208288799704,59208295947079,59208296499840,59208296500637,59208323630152,59208324913323,59208324944583,2043783263,7.1474,0.5528,27.1295,1.2832,0.0313,36.1449,1
845,59208382759255,59208385739432,59208386106488,59208386106970,59208414291693,59208416334681,59208416362051,944303803,2.9802,0.3671,28.1847,2.0430,0.0274,33.6028,1
846,59208431445472,59208436522840,59208439029978,59208439031108,59208467171719,59208469213059,59208469251300,3952422129,5.0774,2.5071,28.1406,2.0413,0.0382,37.8058,1
847,59208475964489,59208479803150,59208482678011,59208482679548,59208511527829,59208513600539,59208513636225,490729842,3.8387,2.8749,28.8483,2.0727,0.0357,37.6717,1
848,59208538358825,59208543978881,59208545061625,59208545062588,59208573267644,59208575172021,59208575198706,490729842,5.6201,1.0827,28.2051,1.9044,0.0267,36.8399,1
849,59208598264782,59208601309570,59208601658942,59208601659627,59208629080199,59208630335592,59208630358536,490729842,3.0448,0.3494,27.4206,1.2554,0.0229,32.0938,1
850,59208670115686,59208676439263,59208677439655,59208677440396,59208704761079,59208706069639,59208706092490,490729842,6.3236,1.0004,27.3207,1.3086,0.0229,35.9768,1
851,59208759044703,59208764187905,59208764737814,59208764738629,59208792822888,59208795105266,59208795133581,2184320917,5.1432,0.5499,28.0843,2.2824,0.0283,36.0889,1
852,59208801446028,59208806929009,59208808232902,59208808234236,59208836564403,59208838330335,59208838375576,4111029090,5.4830,1.3039,28.3302,1.7659,0.0452,36.9295,1
853,59208847657755,59208850809247,59208851143674,59208851144414,59208878756320,59208880351196,59208880373363,2218517856,3.1515,0.3344,27.6119,1.5949,0.0222,32.7156,1
854,59208914362309,59208920722885,59208921220239,59208921221109,59208948767848,59208949995278,59208950018130,2301871492,6.3606,0.4974,27.5467,1.2274,0.0229,35.6558,1
855,59209009139714,59209014783363,59209015358735,59209015359698,59209043622199,59209045105667,59209045129111,2470299440,5.6436,0.5754,28.2625,1.4835,0.0234,35.9894,1
856,59209054858940,59209060118346,59209061271183,59209061272609,59209090065426,59209091878247,59209091902062,2630061015,5.2594,1.1528,28.7928,1.8128,0.0238,37.0431,1
857,59209105691793,59209108714877,59209109075915,59209109076508,59209136351153,59209137600528,59209137634769,1517995788,3.0231,0.3610,27.2746,1.2494,0.0342,31.9430,1
858,59209197420244,59209208172965,59209208845634,59209208846819,59209236833800,59209238975215,59209238998678,3326512860,10.7527,0.6727,27.9870,2.1414,0.0235,41.5784,1
859,59209227955067,59209243998583,59209244522233,59209244523141,59209271663490,59209272948086,59209272983253,463126794,16.0435,0.5236,27.1403,1.2846,0.0352,45.0282,1
860,59209323724365,59209326776172,59209331125390,59209331126927,59209362503975,59209363387626,59209363411126,3373970095,3.0518,4.3492,31.3770,0.8837,0.0235,39.6868,1
861,59209356328362,59209366135931,59209366467803,59209366468303,59209393747338,59209395037601,59209395060823,3055411839,9.8076,0.3319,27.2790,1.2903,0.0232,38.7325,1
862,59209441305884,59209444851581,59209445204119,59209445204934,59209474135048,59209476667426,59209476705297,479303565,3.5457,0.3525,28.9301,2.5324,0.0379,35.3994,1
863,59209486261866,59209489275672,59209489633692,59209489634340,59209517652451,59209519726754,59209519749902,3815975759,3.0138,0.3580,28.0181,2.0743,0.0231,33.4880,1
864,59209544356539,59209551828323,59209552330362,59209552331084,59209579532470,59209580807215,59209580830012,4209863387,7.4718,0.5020,27.2014,1.2747,0.0228,36.4735,1
865,59209613258767,59209620737792,59209621277553,59209621278238,59209649385923,59209651419578,59209651466541,209627131,7.4790,0.5398,28.1077,2.0337,0.0470,38.2078,1
866,59209659096789,59209665198827,59209665769959,59209665771070,59209693055031,59209694328701,59209694371720,862920049,6.1020,0.5711,27.2840,1.2737,0.0430,35.2749,1
867,59209757113502,59209763657301,59209765366696,59209765368084,59209793883364,59209795779852,59209795803574,3709220173,6.5438,1.7094,28.5153,1.8965,0.0237,38.6901,1
868,59209799567994,59209805015401,59209805573217,59209805573903,59209834535313,59209836832098,59209836880006,4155418313,5.4474,0.5578,28.9614,2.2968,0.0479,37.3120,1
869,59209847286170,59209850154717,59209850496458,59209850497236,59209877685808,59209879064090,59209879087664,3630696037,2.8685,0.3417,27.1886,1.3783,0.0236,31.8015,1
870,59209911911347,59209914946968,59209915292191,59209915292858,59209944353232,59209946522220,59209946550350,1704043456,3.0356,0.3452,29.0604,2.1690,0.0281,34.6390,1
871,59209970611411,59209973604699,59209973957867,59209973958644,59210001394235,59210002696313,59210002719054,71945913,2.9933,0.3532,27.4356,1.3021,0.0227,32.1076,1
872,59210063936460,59210071443152,59210073174639,59210073175843,59210103299998,59210104713669,59210104736114,1842222911,7.5067,1.7315,30.1242,1.4137,0.0224,40.7997,1
873,59210095349731,59210107696216,59210112136083,59210112137620,59210140299435,59210142471146,59210142504813,1842222911,12.3465,4.4399,28.1618,2.1717,0.0337,47.1551,1
874,59210157941604,59210163167011,59210164554052,59210164555756,59210192312477,59210193491129,59210193522240,3519998619,5.2254,1.3870,27.7567,1.1787,0.0311,35.5806,1
875,59210247268400,59210252559343,59210253080530,59210253081419,59210281365698,59210283306019,59210283345315,1372231014,5.2909,0.5212,28.2843,1.9403,0.0393,36.0769,1
876,59210294715556,59210299908703,59210300484020,59210300485001,59210329590820,59210331671919,59210331712938,945380480,5.1931,0.5753,29.1058,2.0811,0.0410,36.9974,1
877,59210340838839,59210346111615,59210347727028,59210347728658,59210374730506,59210375975121,59210376034029,3380507088,5.2728,1.6154,27.0018,1.2446,0.0589,35.1952,1
878,59210436934656,59210443301103,59210445398351,59210445399573,59210474519429,59210480722949,59210480746745,633266129,6.3664,2.0972,29.1199,6.2035,0.0238,43.8121,1
879,59210467266405,59210483476106,59210483814645,59210483815182,59210511295087,59210512531665,59210512555462,4267450911,16.2097,0.3385,27.4799,1.2366,0.0238,45.2891,1
880,59210547474077,59210552982503,59210553489912,59210553490671,59210583463604,59210585425129,59210585474018,503569486,5.5084,0.5074,29.9729,1.9615,0.0489,37.9999,1
881,59210589363845,59210597096463,59210597585039,59210597585965,59210624716092,59210625952633,59210625975651,3795737878,7.7326,0.4886,27.1301,1.2365,0.0230,36.6118,1
882,59210689800085,59210697980945,59210699660358,59210699661599,59210732160669,59210733142617,59210733165987,1411426993,8.1809,1.6794,32.4991,0.9819,0.0234,43.3659,1
883,59210717221472,59210735871978,59210737273519,59210737274982,59210765522039,59210767537879,59210767564916,1411426993,18.6505,1.4015,28.2471,2.0158,0.0270,50.3434,1
884,59210793109408,59210796839476,59210797380774,59210797381866,59210825539293,59210827666614,59210827704189,2926129507,3.7301,0.5413,28.1574,2.1273,0.0376,34.5948,1
885,59210841292956,59210846036620,59210849459575,59210849461038,59210877165019,59210878943099,59210878970877,1499900272,4.7437,3.4230,27.7040,1.7781,0.0278,37.6779,1
886,59210905484927,59210910921908,59210912804600,59210912806081,59210940974378,59210942201197,59210942223512,1595826958,5.4370,1.8827,28.1683,1.2268,0.0223,36.7386,1
887,59210977010293,59210983021498,59210983564648,59210983565722,59211012999690,59211014943808,59211014971289,3547109711,6.0112,0.5432,29.4340,1.9441,0.0275,37.9610,1
888,59211023547021,59211029643819,59211030999713,59211031000768,59211058654711,59211059933012,59211059956030,2728005141,6.0968,1.3559,27.6539,1.2783,0.0230,36.4090,1
889,59211092909121,59211098578417,59211099499680,59211099500735,59211127672977,59211128926407,59211128949314,888149576,5.6693,0.9213,28.1722,1.2534,0.0229,36.0402,1
890,59211183914588,59211186859969,59211187238655,59211187239692,59211217060439,59211219175372,59211219213520,1708596248,2.9454,0.3787,29.8207,2.1149,0.0381,35.2989,1
891,59211225587282,59211230807040,59211232469730,59211232470953,59211261168733,59211262853553,59211262903701,4259388984,5.2198,1.6627,28.6978,1.6848,0.0501,37.3164,1
892,59211271890213,59211278553883,59211279117829,59211279118866,59211306306382,59211307476108,59211307499238,1003181696,6.6637,0.5639,27.1875,1.1697,0.0231,35.6090,1
893,59211366122487,59211372335100,59211374397181,59211374398255,59211406449583,59211407331179,59211407354049,3169308024,6.2126,2.0621,32.0513,0.8816,0.0229,41.2316,1
894,59211400453638,59211410072280,59211410407356,59211410407893,59211437769872,59211438988135,59211439011061,1253869445,9.6186,0.3351,27.3620,1.2183,0.0229,38.5574,1
895,59211478663341,59211483867098,59211486447385,59211486448477,59211515439777,59211517766599,59211517809025,1142948820,5.2038,2.5803,28.9913,2.3268,0.0424,39.1457,1
896,59211522417374,59211528628506,59211529175841,59211529176748,59211557782935,59211559013680,59211559048291,714403728,6.2111,0.5473,28.6062,1.2307,0.0346,36.6309,1
897,59211613332360,59211617999560,59211618944323,59211618945101,59211648210605,59211650145093,59211650171611,3565610069,4.6672,0.9448,29.2655,1.9345,0.0265,36.8393,1
898,59211660990906,59211666090386,59211666614499,59211666615480,59211694534462,59211696436264,59211696471820,3490107571,5.0995,0.5241,27.9190,1.9018,0.0356,35.4809,1
899,59211709698086,59211712746818,59211713105319,59211713106116,59211740666521,59211741913600,59211741955044,3725765798,3.0487,0.3585,27.5604,1.2471,0.0414,32.2570,1
900,59211790053592,59211796189964,59211796901244,59211796902041,59211825832396,59211828035903,59211828063570,3452560140,6.1364,0.7113,28.9304,2.2035,0.0277,38.0100,1
901,59211838339178,59211844343105,59211844886088,59211844887014,59211872120308,59211873382553,59211873405238,356676643,6.0039,0.5430,27.2333,1.2622,0.0227,35.0661,1
902,59211926488006,59211934117828,59211935716870,59211935718055,59211965893988,59211968070995,59211968094088,4253079690,7.6298,1.5990,30.1759,2.1770,0.0231,41.6061,1
903,59211960310285,59211973628088,59211974113719,59211974114904,59212002650054,59212003935855,59212003958670,4253079690,13.3178,0.4856,28.5352,1.2858,0.0228,43.6484,1
904,59212035211069,59212038182616,59212038533247,59212038533951,59212066885026,59212069010125,59212069041144,1671356996,2.9715,0.3506,28.3511,2.1251,0.0310,33.8301,1
905,59212081648538,59212088454949,59212089016784,59212089017562,59212116118744,59212117389656,59212117413471,3948883474,6.8064,0.5618,27.1012,1.2709,0.0238,35.7649,1
906,59212172822320,59212180383401,59212180837014,59212180837625,59212208766439,59212210675742,59212210698446,1626031403,7.5611,0.4536,27.9288,1.9093,0.0227,37.8761,1
907,59212218759602,59212223855563,59212225811347,59212225812440,59212254058904,59212255893817,59212255942632,2296220598,5.0960,1.9558,28.2465,1.8349,0.0488,37.1830,1
908,59212263702380,59212268802193,59212269332825,59212269333547,59212298050327,59212299638369,59212299752962,3956450285,5.0998,0.5306,28.7168,1.5880,0.1146,36.0506,1
909,59212332607571,59212338529257,59212339086129,59212339086870,59212367398575,59212368695505,59212368717764,2280317041,5.9217,0.5569,28.3117,1.2969,0.0223,36.1102,1
910,59212419233320,59212422264441,59212422598646,59212422599479,59212450862462,59212453082117,59212453115525,2187188429,3.0311,0.3342,28.2630,2.2197,0.0334,33.8822,1
911,59212469522431,59212476588825,59212477349105,59212477350086,59212505399531,59212507341000,59212507364630,3526196170,7.0664,0.7603,28.0494,1.9415,0.0236,37.8422,1
912,59212531908526,59212537280081,59212539156161,59212539157365,59212566959623,59212568247794,59212568270128,1922771164,5.3716,1.8761,27.8023,1.2882,0.0223,36.3616,1
913,59212612402866,59212620351930,59212622191565,59212622192843,59212650490900,59212651363884,59212651386865,1681994083,7.9491,1.8396,28.2981,0.8730,0.0230,38.9840,1
914,59212643438617,59212658011665,59212658403111,59212658403926,59212686465741,59212688612914,59212688640952,3555422311,14.5730,0.3914,28.0618,2.1472,0.0280,45.2023,1
915,59212704425707,59212709195612,59212710045615,59212710046708,59212738138393,59212739406508,59212739430138,2059767021,4.7699,0.8500,28.0917,1.2681,0.0236,35.0044,1
916,59212797811090,59212804767984,59212805293208,59212805293800,59212833554190,59212835635623,59212835676049,1062918064,6.9569,0.5252,28.2604,2.0814,0.0404,37.8650,1
917,59212843026203,59212849117464,59212850292801,59212850293782,59212878949877,59212880913032,59212880944624,267116319,6.0913,1.1753,28.6561,1.9632,0.0316,37.9184,1
918,59212891325844,59212896435435,59212898014384,59212898015459,59212925407623,59212926934221,59212926972184,1553844095,5.1096,1.5789,27.3922,1.5266,0.0380,35.6463,1
919,59212960964167,59212966866538,59212967368706,59212967369595,59212994797075,59212996038690,59212996061597,3768433519,5.9024,0.5022,27.4275,1.2416,0.0229,35.0974,1
920,59213051198224,59213056331852,59213057175059,59213057175985,59213086256933,59213088273495,59213088319921,92260460,5.1336,0.8432,29.0809,2.0166,0.0464,37.1217,1
921,59213094836646,59213099791274,59213100519276,59213100520165,59213129532928,59213131381045,59213131407286,2513012406,4.9546,0.7280,29.0128,1.8481,0.0262,36.5706,1
922,59213147305690,59213150241126,59213150579627,59213150580423,59213177999532,59213179290092,59213179312907,1905924989,2.9354,0.3385,27.4191,1.2906,0.0228,32.0072,1
923,59213217909590,59213222992811,59213224389149,59213224390556,59213252945317,59213255136435,59213255160213,2933460911,5.0832,1.3963,28.5548,2.1911,0.0238,37.2506,1
924,59213283988272,59213290286200,59213290857535,59213290858517,59213318834202,59213320843134,59213320878301,3318214800,6.2979,0.5713,27.9757,2.0089,0.0352,36.8900,1
925,59213348156280,59213353326445,59213353863317,59213353864336,59213381034926,59213382640894,59213382663820,1024434285,5.1702,0.5369,27.1706,1.6060,0.0229,34.5075,1
926,59213421284281,59213425977148,59213426356779,59213426357501,59213454953040,59213456858047,59213456891677,47506911,4.6929,0.3796,28.5955,1.9050,0.0336,35.6074,1
927,59213464657610,59213470723204,59213471211650,59213471212409,59213499526132,59213501339249,59213501365990,190929974,6.0656,0.4884,28.3137,1.8131,0.0267,36.7084,1
928,59213508084994,59213515791075,59213516391003,59213516391910,59213544079539,59213545780804,59213545812915,4238650484,7.7061,0.5999,27.6876,1.7013,0.0321,37.7279,1
929,59213582729111,59213588741409,59213589293948,59213589294873,59213616838761,59213619059194,59213619099176,4193916894,6.0123,0.5525,27.5439,2.2204,0.0400,36.3701,1
930,59213633071518,59213639204150,59213639740892,59213639741429,59213668198857,59213669488472,59213669522879,3870966493,6.1326,0.5367,28.4574,1.2896,0.0344,36.4514,1
931,59213725635009,59213733370035,59213734725817,59213734727373,59213765101492,59213767063850,59213767087221,1257017124,7.7350,1.3558,30.3741,1.9624,0.0234,41.4522,1
932,59213759007120,59213774344856,59213774689375,59213774690023,59213802726524,59213805021976,59213805055790,1257017124,15.3377,0.3445,28.0365,2.2955,0.0338,46.0487,1
933,59213819384727,59213822649978,59213823013868,59213823014794,59213850323403,59213851594444,59213851689778,161166777,3.2653,0.3639,27.3086,1.2710,0.0953,32.3051,1
934,59213899808270,59213905387474,59213907220369,59213907221499,59213935307499,59213936591077,59213936614188,2564836779,5.5792,1.8329,28.0860,1.2836,0.0231,36.8059,1
935,59213982655581,59213990480181,59213991136961,59213991138017,59214021604395,59214023220327,59214023242141,2515386607,7.8246,0.6568,30.4664,1.6159,0.0218,40.5866,1
936,59214013289349,59214028640530,59214030271072,59214030272572,59214058982741,59214061076859,59214061112267,2515386607,15.3512,1.6305,28.7102,2.0941,0.0354,47.8229,1
937,59214083351674,59214089895362,59214091168533,59214091169496,59214119088218,59214121264169,59214121291651,2808643228,6.5437,1.2732,27.9187,2.1760,0.0275,37.9400,1
938,59214133546525,59214139965527,59214141607829,59214141609107,59214169401014,59214170642610,59214170675999,2507117609,6.4190,1.6423,27.7919,1.2416,0.0334,37.1295,1
939,59214203987758,59214210746243,59214211984636,59214211985988,59214239372486,59214240598619,59214240622508,3755170870,6.7585,1.2384,27.3865,1.2261,0.0239,36.6347,1
940,59214288831927,59214296433434,59214296992861,59214296993935,59214324958361,59214326914145,59214326945257,1763065926,7.6015,0.5594,27.9644,1.9558,0.0311,38.1133,1
941,59214334107021,59214340260171,59214340793210,59214340794339,59214368985599,59214371188995,59214371236033,416257548,6.1532,0.5330,28.1913,2.2034,0.0470,37.1290,1
942,59214380108599,59214385391431,59214385883989,59214385884989,59214414981103,59214416259700,59214416293182,1338115774,5.2828,0.4926,29.0961,1.2786,0.0335,36.1846,1
943,59214475625656,59214484195073,59214485944930,59214485945986,59214515951178,59214517477016,59214517499461,1638386077,8.5694,1.7499,30.0052,1.5258,0.0224,41.8738,1
944,59214507248723,59214523022886,59214524776800,59214524778429,59214553327912,59214554418712,59214554441564,2183192665,15.7742,1.7539,28.5495,1.0908,0.0229,47.1928,1
945,59214586131447,59214592752932,59214593684768,59214593685713,59214621518916,59214622826698,59214622850290,2867965396,6.6215,0.9318,27.8332,1.3078,0.0236,36.7188,1
946,59214658902780,59214665091726,59214665666451,59214665667228,59214693917951,59214696179700,59214696208107,3099905034,6.1889,0.5747,28.2507,2.2617,0.0284,37.3053,1
947,59214704691654,59214709191465,59214712476327,59214712477568,59214740591791,59214742617149,59214742650446,4200517381,4.4998,3.2849,28.1142,2.0254,0.0333,37.9588,1
948,59214750477842,59214756893085,59214758750203,59214758751462,59214786455961,59214787678891,59214787701280,3498875543,6.4152,1.8571,27.7045,1.2229,0.0224,37.2234,1
949,59214821706911,59214826654890,59214827116429,59214827117244,59214854329426,59214855568856,59214855602486,2851499636,4.9480,0.4615,27.2122,1.2394,0.0336,33.8956,1
950,59214908378734,59214915738814,59214916350520,59214916351576,59214944371298,59214946541342,59214946578564,126843103,7.3601,0.6117,28.0197,2.1700,0.0372,38.1998,1
951,59214951203061,59214957848176,59214958393511,59214958394455,59214986440344,59214988667296,59214988701648,2943535767,6.6451,0.5453,28.0459,2.2270,0.0344,37.4986,1
952,59215005762779,59215012501523,59215013020692,59215013021488,59215040393726,59215041546786,59215041581675,3943057423,6.7387,0.5192,27.3722,1.1531,0.0349,35.8189,1
953,59215092125046,59215099845164,59215101073094,59215101074186,59215133012088,59215133921610,59215133945665,650109377,7.7201,1.2279,31.9379,0.9095,0.0241,41.8206,1
954,59215122789721,59215138058679,59215139898759,59215139899833,59215167162609,59215168454242,59215168476817,4199955051,15.2690,1.8401,27.2628,1.2916,0.0226,45.6871,1
955,59215224544409,59215231465951,59215232105286,59215232106360,59215264873450,59215265755823,59215265778898,3520451925,6.9215,0.6393,32.7671,0.8824,0.0231,41.2345,1
956,59215255691957,59215271070378,59215271958659,59215271959585,59215300639791,59215301871424,59215301893684,3978804134,15.3784,0.8883,28.6802,1.2316,0.0223,46.2017,1
957,59215340719793,59215348542412,59215349050747,59215349051710,59215377209544,59215379380569,59215379403940,1379633768,7.8226,0.5083,28.1578,2.1710,0.0234,38.6841,1
958,59215384090363,59215389115935,59215389499936,59215389500399,59215420713002,59215422671935,59215422698231,3224765440,5.0256,0.3840,31.2126,1.9589,0.0263,38.6079,1
959,59215434618882,59215437543206,59215437904818,59215437905522,59215465317557,59215466551469,59215466574598,1037061162,2.9243,0.3616,27.4120,1.2339,0.0231,31.9557,1
960,59215511925563,59215518259936,59215518845623,59215518846697,59215547989719,59215550231912,59215550259412,2166090713,6.3344,0.5857,29.1430,2.2422,0.0275,38.3338,1
961,59215557331732,59215564494163,59215565058146,59215565059313,59215592425329,59215593642037,59215593664889,2846298389,7.1624,0.5640,27.3660,1.2167,0.0229,36.3332,1
962,59215652266935,59215656974432,59215657358118,59215657358822,59215685611045,59215687601237,59215687652403,2260868755,4.7075,0.3837,28.2522,1.9902,0.0512,35.3855,1
963,59215699126238,59215704994850,59215705927945,59215705929131,59215734835726,59215736411694,59215736444602,3509511254,5.8686,0.9331,28.9066,1.5760,0.0329,37.3184,1
964,59215752316654,59215758701305,59215760150791,59215760152421,59215788504126,59215790480706,59215790506058,3973729579,6.3847,1.4495,28.3517,1.9766,0.0254,38.1894,1
965,59215808289691,59215813193041,59215813702116,59215813703098,59215841304597,59215842515064,59215842537990,3318179774,4.9033,0.5091,27.6015,1.2105,0.0229,34.2483,1
966,59215882156047,59215887203063,59215887660398,59215887661583,59215918513241,59215920695489,59215920729711,2949170930,5.0470,0.4573,30.8517,2.1822,0.0342,38.5737,1
967,59215927781068,59215930755170,59215931098690,59215931099338,59215958593447,59215959847526,59215959870229,3567727463,2.9741,0.3435,27.4941,1.2541,0.0227,32.0892,1
968,59216009806413,59216015247320,59216017038530,59216017040530,59216044738973,59216046044625,59216046067774,3666594268,5.4409,1.7912,27.6984,1.3057,0.0231,36.2614,1
969,59216085724905,59216089617066,59216089978363,59216089978974,59216118086253,59216120146926,59216120174408,4120720620,3.8922,0.3613,28.1073,2.0607,0.0275,34.4495,1
970,59216131286444,59216139102322,59216139671083,59216139671916,59216167488305,59216169401848,59216169556163,247660366,7.8159,0.5688,27.8164,1.9135,0.1543,38.2697,1
971,59216175701721,59216178557415,59216178929898,59216178930639,59216206099081,59216207360177,59216207396474,4137779888,2.8557,0.3725,27.1684,1.2611,0.0363,31.6948,1
972,59216270578275,59216275731940,59216276272887,59216276273905,59216305166075,59216307193415,59216307243896,1623744567,5.1537,0.5409,28.8922,2.0273,0.0505,36.6656,1
973,59216315413220,59216320661885,59216322140038,59216322141335,59216350235039,59216351728136,59216351776396,2347084092,5.2487,1.4782,28.0937,1.4931,0.0483,36.3632,1
974,59216370904940,59216376119643,59216376723719,59216376724941,59216405280795,59216406565503,59216406598984,3336793272,5.2147,0.6041,28.5559,1.2847,0.0335,35.6940,1
975,59216438532719,59216443877274,59216444793110,59216444794166,59216473279501,59216475251600,59216475291193,4130138323,5.3446,0.9158,28.4853,1.9721,0.0396,36.7585,1
976,59216501345501,59216506835186,59216508072190,59216508073449,59216536991063,59216538980774,59216539016181,750859317,5.4897,1.2370,28.9176,1.9897,0.0354,37.6707,1
977,59216546792318,59216552419818,59216553525544,59216553526433,59216581346006,59216582914697,59216582951993,3191234048,5.6275,1.1057,27.8196,1.5687,0.0373,36.1597,1
978,59216614772191,59216621395213,59216621877677,59216621878548,59216650907181,59216653400522,59216653659449,4129022710,6.6230,0.4825,29.0286,2.4933,0.2589,38.8873,1
979,59216684746070,59216690227477,59216690788387,59216690789313,59216719095684,59216720357985,59216720381892,1079797743,5.4814,0.5609,28.3064,1.2623,0.0239,35.6358,1
980,59216793051262,59216801725068,59216802829739,59216802830702,59216833772915,59216836549924,59216836577221,2059581591,8.6738,1.1047,30.9422,2.7770,0.0273,43.5260,1
981,59216821795320,59216843793374,59216845053656,59216845054656,59216875127718,59216877183003,59216877205207,992538925,21.9981,1.2603,30.0731,2.0553,0.0222,55.4099,1
982,59216859548130,59216882691077,59216883184393,59216883184986,59216911669376,59216913692531,59216913714865,1133382560,23.1429,0.4933,28.4844,2.0232,0.0223,54.1667,1
983,59216928630488,59216935529252,59216936398273,59216936399421,59216964824219,59216966125686,59216966148149,3084120241,6.8988,0.8690,28.4248,1.3015,0.0225,37.5177,1
984,59217001015450,59217004875666,59217005228149,59217005228686,59217033867780,59217035839139,59217035866824,471927009,3.8602,0.3525,28.6391,1.9714,0.0277,34.8514,1
985,59217051010393,59217054047773,59217054395330,59217054396070,59217082530997,59217083829797,59217083863835,1832365797,3.0374,0.3476,28.1349,1.2988,0.0340,32.8534,1
986,59217107516968,59217115294920,59217115845422,59217115846255,59217142792992,59217143973607,59217143997070,862653950,7.7780,0.5505,26.9467,1.1806,0.0235,36.4801,1
987,59217199352531,59217206526907,59217207278706,59217207280113,59217237610213,59217239614127,59217239637072,4294952528,7.1744,0.7518,30.3301,2.0039,0.0229,40.2845,1
988,59217231186766,59217245028979,59217246665410,59217246666558,59217275003170,59217276230600,59217276262137,4294952528,13.8422,1.6364,28.3366,1.2274,0.0315,45.0754,1
989,59217313429779,59217318193720,59217320443283,59217320444969,59217348205931,59217349435639,59217349471046,2199160220,4.7639,2.2496,27.7610,1.2297,0.0354,36.0413,1
990,59217369155537,59217374132998,59217374644518,59217374645407,59217402227091,59217403454317,59217403477373,338176542,4.9775,0.5115,27.5817,1.2272,0.0231,34.3218,1
991,59217445951698,59217451167901,59217453410019,59217453411353,59217483641656,59217484569993,59217484592511,154270923,5.2162,2.2421,30.2303,0.9283,0.0225,38.6408,1
992,59217486164905,59217493233447,59217493728245,59217493728912,59217521457633,59217523560400,59217523617196,154270923,7.0685,0.4948,27.7287,2.1028,0.0568,37.4523,1
993,59217538953987,59217542055868,59217542408573,59217542409314,59217570257591,59217572324098,59217572351431,2135959767,3.1019,0.3527,27.8483,2.0665,0.0273,33.3974,1
994,59217607045750,59217612908880,59217613431808,59217613432826,59217642071643,59217643927872,59217643950890,2383014615,5.8631,0.5229,28.6388,1.8562,0.0230,36.9051,1
995,59217662590248,59217668545009,59217669751272,59217669752346,59217697039899,59217698215810,59217698246440,3420613652,5.9548,1.2063,27.2876,1.1759,0.0306,35.6562,1
996,59217738179202,59217741235527,59217741588602,59217741589232,59217769610954,59217771688294,59217771726350,2916164469,3.0563,0.3531,28.0217,2.0773,0.0381,33.5471,1
997,59217786106471,59217791297526,59217791809953,59217791810546,59217819146673,59217820391325,59217820415159,376393675,5.1911,0.5124,27.3361,1.2447,0.0238,34.3087,1
998,59217854205159,59217857726578,59217858078117,59217858078672,59217885534133,59217886803304,59217886839434,578525362,3.5214,0.3515,27.4555,1.2692,0.0361,32.6343,1
999,59217926321398,59217929282093,59217929635316,59217929635983,59217958020299,59217959926009,59217959952842,736908748,2.9607,0.3532,28.3843,1.9057,0.0268,33.6314,1
1000,59217972567032,59217978921461,59217980093039,59217980094131,59218008373521,59218009640988,59218009663099,1076941080,6.3544,1.1716,28.2794,1.2675,0.0221,37.0961,1
1001,59218064108483,59218071493471,59218073243847,59218073244921,59218105030507,59218105899788,59218105922140,58135737,7.3850,1.7504,31.7856,0.8693,0.0224,41.8137,1
1002,59218099036599,59218109792801,59218110970397,59218110971138,59218137976616,59218139273491,59218139296158,58135737,10.7562,1.1776,27.0055,1.2969,0.0227,40.2596,1
1003,59218192588926,59218195752641,59218197947963,59218197970185,59218228707342,59218230762312,59218230808590,3867905294,3.1637,2.1953,30.7372,2.0550,0.0463,38.2197,1
1004,59218234878270,59218240572215,59218241780904,59218241782330,59218270656759,59218272836062,59218272866266,2432376261,5.6939,1.2087,28.8744,2.1793,0.0302,37.9880,1
1005,59218283972580,59218288865356,59218289740637,59218289741637,59218318078175,59218319311494,59218319334179,2652457068,4.8928,0.8753,28.3365,1.2333,0.0227,35.3616,1
1006,59218374578787,59218381877682,59218382291276,59218382291757,59218410263998,59218412344653,59218412376301,2146250493,7.2989,0.4136,27.9722,2.0807,0.0316,37.7975,1
1007,59218421170775,59218427401407,59218427929908,59218427931019,59218456038983,59218457559229,59218457586599,3688080447,6.2306,0.5285,28.1080,1.5202,0.0274,36.4158,1
1008,59218470418067,59218476162327,59218476766755,59218476767848,59218504043290,59218505295275,59218505328516,2603921996,5.7443,0.6044,27.2754,1.2520,0.0332,34.9104,1
1009,59218551544076,59218555235774,59218555583256,59218555584164,59218586945360,59218588785440,59218588818311,1172299310,3.6917,0.3475,31.3612,1.8401,0.0329,37.2742,1
1010,59218593169029,59218599246623,59218599811680,59218599812940,59218628353349,59218630305318,59218630332966,860228284,6.0776,0.5651,28.5404,1.9520,0.0276,37.1639,1
1011,59218658730079,59218661745663,59218662103849,59218662104460,59218689337162,59218690551443,59218690575147,423772787,3.0156,0.3582,27.2327,1.2143,0.0237,31.8451,1
1012,59218734262569,59218739307031,59218739688050,59218739688754,59218769843613,59218771810249,59218771849342,3835420748,5.0445,0.3810,30.1549,1.9666,0.0391,37.5868,1
1013,59218786090796,59218789176473,59218789534771,59218789535585,59218817734031,59218819949816,59218820084742,1828624431,3.0857,0.3583,28.1984,2.2158,0.1349,33.9939,1
1014,59218843686672,59218849317579,59218850331287,59218850491639,59218878150286,59218879433309,59218879456512,207634844,5.6309,1.0137,27.6586,1.2830,0.0232,35.7698,1
1015,59218938416504,59218941420440,59218941771515,59218941772144,59218970239998,59218972196486,59218972240653,2180606500,3.0039,0.3511,28.4679,1.9565,0.0442,33.8241,1
1016,59218981474905,59218989041301,59218989550876,59218989551858,59219017627580,59219019675921,59219019714273,148156497,7.5664,0.5096,28.0757,2.0483,0.0384,38.2394,1
1017,59219028140949,59219033404559,59219033941949,59219033942857,59219062899693,59219064826403,59219064864626,3043647952,5.2636,0.5374,28.9568,1.9267,0.0382,36.7237,1
1018,59219090130487,59219095311022,59219096382396,59219096383508,59219124384674,59219125636215,59219125667901,3172054198,5.1805,1.0714,28.0012,1.2515,0.0317,35.5374,1
1019,59219164215602,59219170818680,59219172050961,59219172051998,59219199470126,59219200806668,59219200829890,1685424957,6.6031,1.2323,27.4181,1.3365,0.0232,36.6143,1
1020,59219251748447,59219257945079,59219258491803,59219258492395,59219287882215,59219290040574,59219290111130,2548186018,6.1966,0.5467,29.3898,2.1584,0.0706,38.3627,1
1021,59219296607540,59219299461790,59219299804310,59219299804902,59219333150309,59219334075886,59219334099257,2548186018,2.8542,0.3425,33.3454,0.9256,0.0234,37.4917,1
1022,59219335321742,59219338214696,59219338549605,59219338550401,59219366119733,59219367309903,59219367332774,2548186018,2.8930,0.3349,27.5693,1.1902,0.0229,32.0110,1
1023,59219401088052,59219406875331,59219408333372,59219408334835,59219436396687,59219438310064,59219438343527,2548186018,5.7873,1.4580,28.0619,1.9134,0.0335,37.2555,1
1024,59219459721616,59219465080671,59219466109267,59219466110397,59219494534065,59219496731609,59219496754794,1376199101,5.3591,1.0286,28.4237,2.1975,0.0232,37.0332,1
1025,59219520454558,59219525762261,59219526283022,59219526283670,59219553397852,59219554846709,59219554893672,1376199101,5.3077,0.5208,27.1142,1.4489,0.0470,34.4391,1
1026,59219583719045,59219589253193,59219590599882,59219590601179,59219617988047,59219619233829,59219619274070,1376199101,5.5341,1.3467,27.3869,1.2458,0.0402,35.5550,1
1027,59219680849199,59219688693688,59219690474509,59219690475787,59219720311756,59219722141651,59219722164373,3767476831,7.8445,1.7808,29.8360,1.8299,0.0227,41.3152,1
1028,59219717211672,59219728095689,59219728629894,59219728630746,59219757339786,59219759728590,59219759768664,3767476831,10.8840,0.5342,28.7090,2.3888,0.0401,42.5570,1
1029,59219784450616,59219790457803,59219791063638,59219791064471,59219819050786,59219821033330,59219821077052,1287857609,6.0072,0.6058,27.9863,1.9825,0.0437,36.6264,1
1030,59219831600846,59219837167976,59219838869740,59219838870926,59219867010056,59219868268134,59219868291838,3464143819,5.5671,1.7018,28.1391,1.2581,0.0237,36.6910,1
1031,59219926117936,59219932965755,59219934337149,59219934338334,59219964404600,59219968559021,59219968583206,678026390,6.8478,1.3714,30.0663,4.1544,0.0242,42.4653,1
1032,59219956917538,59219971342067,59219971670772,59219971671476,59220000919795,59220002229170,59220002251984,1291226346,14.4245,0.3287,29.2483,1.3094,0.0228,45.3344,1
1033,59220039392385,59220044471198,59220045710258,59220045711369,59220074542298,59220076603860,59220076643545,104297245,5.0788,1.2391,28.8309,2.0616,0.0397,37.2512,1
1034,59220080046964,59220085457260,59220085961021,59220085961669,59220114661097,59220115920064,59220115942823,2948025254,5.4103,0.5038,28.6994,1.2590,0.0228,35.8959,1
1035,59220177506620,59220183352602,59220184164030,59220184165049,59220212539069,59220214644890,59220214672835,3928381344,5.8460,0.8114,28.3740,2.1058,0.0279,37.1662,1
1036,59220219381221,59220224229255,59220224992499,59220224993462,59220253463056,59220254767968,59220254791264,3505012965,4.8480,0.7632,28.4696,1.3049,0.0233,35.4100,1
1037,59220282303096,59220285381476,59220285738755,59220285739422,59220313932922,59220315996485,59220316062263,2981971132,3.0784,0.3573,28.1935,2.0636,0.0658,33.7592,1
1038,59220328873842,59220333974618,59220334576935,59220334578120,59220363918995,59220365707297,59220365739038,4098897137,5.1008,0.6023,29.3409,1.7883,0.0317,36.8652,1
1039,59220387303924,59220390344971,59220390692639,59220390693287,59220418050767,59220419209678,59220419232771,153179111,3.0410,0.3477,27.3575,1.1589,0.0231,31.9288,1
1040,59220482662684,59220492110586,59220492766866,59220492767903,59220521812425,59220523462004,59220523485227,1387707791,9.4479,0.6563,29.0445,1.6496,0.0232,40.8225,1
1041,59220514770846,59220526674126,59220527011683,59220527012053,59220554265865,59220555496999,59220555531944,1387707791,11.9033,0.3376,27.2538,1.2311,0.0349,40.7611,1
1042,59220585886340,59220591750934,59220592406380,59220592407584,59220620352417,59220622274535,59220622321461,3652704289,5.8646,0.6554,27.9448,1.9221,0.0469,36.4351,1
1043,59220633359145,59220639360239,59220639943852,59220639944889,59220666945405,59220668248502,59220668270835,3813776001,6.0011,0.5836,27.0005,1.3031,0.0223,34.9117,1
1044,59220715467602,59220722327495,59220722822404,59220722822997,59220750075309,59220751361110,59220751384314,646698523,6.8599,0.4949,27.2523,1.2858,0.0232,35.9167,1
1045,59220789220957,59220795264625,59220795820960,59220795821923,59220823514015,59220825509966,59220825548096,1798553017,6.0437,0.5563,27.6921,1.9960,0.0381,36.3271,1
1046,59220835314980,59220842222725,59220842582152,59220842582967,59220870904598,59220872966345,59220872998864,2971169645,6.9077,0.3594,28.3216,2.0617,0.0325,37.6839,1
1047,59220879280107,59220882430932,59220882776026,59220882776729,59220910379858,59220911643251,59220911666288,47059589,3.1508,0.3451,27.6031,1.2634,0.0230,32.3862,1
1048,59220947815963,59220953158018,59220953729816,59220953730816,59220981968335,59220983141524,59220983176839,1504861170,5.3421,0.5718,28.2375,1.1732,0.0353,35.3609,1
1049,59221021019483,59221026218871,59221026668816,59221026669539,59221054844687,59221056767416,59221056800990,2229941947,5.1994,0.4499,28.1751,1.9227,0.0336,35.7815,1
1050,59221067338044,59221072363727,59221073816861,59221073818472,59221101573583,59221102850291,59221102886717,218221457,5.0257,1.4531,27.7551,1.2767,0.0364,35.5487,1
1051,59221171731352,59221176620442,59221177629723,59221177630871,59221209302180,59221210204127,59221210227535,1136065852,4.8891,1.0093,31.6713,0.9019,0.0234,38.4962,1
1052,59221209024994,59221215509885,59221216474481,59221216475814,59221245894115,59221247826289,59221247864641,4140655214,6.4849,0.9646,29.4183,1.9322,0.0384,38.8396,1
1053,59221256432780,59221263971360,59221264572677,59221264573511,59221291830064,59221293088901,59221293111827,2560771791,7.5386,0.6013,27.2566,1.2588,0.0229,36.6790,1
1054,59221326598882,59221332994681,59221334406334,59221334407408,59221361718906,59221362983725,59221363006688,769942627,6.3958,1.4117,27.3115,1.2648,0.0230,36.4078,1
1055,59221392654675,59221395663703,59221397667821,59221397669377,59221427316067,59221429623723,59221429647297,3006923958,3.0090,2.0041,29.6467,2.3077,0.0236,36.9926,1
1056,59221437977769,59221444117827,59221444700532,59221444701310,59221471933493,59221473212886,59221473236423,1308024044,6.1401,0.5827,27.2322,1.2794,0.0235,35.2587,1
1057,59221514111002,59221519530613,59221520725172,59221520726228,59221549241878,59221550445845,59221550468937,223861202,5.4196,1.1946,28.5157,1.2040,0.0231,36.3579,1
1058,59221602851111,59221609048705,59221609632966,59221609634003,59221638206283,59221640244771,59221640278160,1945897678,6.1976,0.5843,28.5723,2.0385,0.0334,37.4270,1
1059,59221647598740,59221653509612,59221654926450,59221654927857,59221683367321,59221685481940,59221685530884,3060365223,5.9109,1.4168,28.4395,2.1146,0.0489,37.9321,1
1060,59221687977448,59221695289731,59221695759585,59221695760585,59221722955600,59221724242457,59221724265160,3445304026,7.3123,0.4699,27.1950,1.2869,0.0227,36.2877,1
1061,59221783945654,59221789100616,59221789541284,59221789542228,59221817378635,59221819380142,59221819403475,4079738547,5.1550,0.4407,27.8364,2.0015,0.0233,35.4578,1
1062,59221831817516,59221837292349,59221838589631,59221838591205,59221867610171,59221869237510,59221869264344,851422883,5.4748,1.2973,29.0190,1.6273,0.0268,37.4468,1
1063,59221885141489,59221887986313,59221890660248,59221890661396,59221919734548,59221920976348,59221921013626,184476474,2.8448,2.6739,29.0732,1.2418,0.0373,35.8721,1
1064,59221969115989,59221975456658,59221976707032,59221976708162,59222005258978,59222007486671,59222007514616,3863611909,6.3407,1.2504,28.5508,2.2277,0.0279,38.3986,1
1065,59222016161570,59222021374310,59222021857663,59222021858293,59222049791292,59222051986244,59222052034633,1043662552,5.2127,0.4834,27.9330,2.1950,0.0484,35.8731,1
1066,59222061261756,59222065967994,59222067108572,59222067109442,59222094675608,59222095898482,59222095933927,270228530,4.7062,1.1406,27.5662,1.2229,0.0354,34.6722,1
1067,59222127288938,59222130133095,59222130481985,59222130482670,59222157773612,59222159014487,59222159048469,2484282402,2.8442,0.3489,27.2909,1.2409,0.0340,31.7595,1
1068,59222216449788,59222223046699,59222223580126,59222223581034,59222251677108,59222253640930,59222253679133,1086919750,6.5969,0.5334,28.0961,1.9638,0.0382,37.2293,1
1069,59222265351709,59222270307077,59222272386640,59222272387899,59222300381288,59222302112868,59222302135794,4111615016,4.9554,2.0796,27.9934,1.7316,0.0229,36.7841,1
1070,59222329290624,59222335593645,59222336791038,59222336792130,59222364627148,59222365843449,59222365866801,3735423449,6.3030,1.1974,27.8350,1.2163,0.0234,36.5762,1
1071,59222403329702,59222412156176,59222412846752,59222412848086,59222443052574,59222444969451,59222444993896,4108262093,8.8265,0.6906,30.2045,1.9169,0.0244,41.6642,1
1072,59222438347281,59222449876338,59222450357969,59222450358728,59222477406151,59222478708415,59222478731766,227026022,11.5291,0.4816,27.0474,1.3023,0.0234,40.3845,1
1073,59222514562774,59222520195978,59222521406389,59222521407704,59222549926872,59222552172583,59222552200639,831123669,5.6332,1.2104,28.5192,2.2457,0.0281,37.6379,1
1074,59222564621458,59222567735653,59222569853160,59222569855586,59222599060905,59222600357780,59222600380558,470544740,3.1142,2.1175,29.2053,1.2969,0.0228,35.7591,1
1075,59222655379351,59222661342667,59222662901635,59222662902690,59222691445951,59222693568255,59222693591551,2768291481,5.9633,1.5590,28.5433,2.1223,0.0233,38.2122,1
1076,59222696884840,59222700709186,59222701061946,59222701062817,59222729175687,59222731394787,59222731424065,1632758152,3.8243,0.3528,28.1129,2.2191,0.0293,34.5392,1
1077,59222750445721,59222755731053,59222756291481,59222756292277,59222783404404,59222784672686,59222784694649,2369561783,5.2853,0.5604,27.1121,1.2683,0.0220,34.2489,1
1078,59222846704150,59222852138631,59222853573321,59222853574395,59222881837285,59222883768884,59222883795513,1255822461,5.4345,1.4347,28.2629,1.9316,0.0266,37.0914,1
1079,59222887271136,59222893128841,59222893707880,59222893708713,59222922832143,59222924858149,59222924898223,3015276904,5.8577,0.5790,29.1234,2.0260,0.0401,37.6271,1
1080,59222933293399,59222940460127,59222941011906,59222941012832,59222967944255,59222969232926,59222969256889,2062223283,7.1667,0.5518,26.9314,1.2887,0.0240,35.9635,1
1081,59223030715536,59223038796267,59223040561125,59223040562643,59223070379112,59223072275970,59223072299118,460207926,8.0807,1.7649,29.8165,1.8969,0.0231,41.5836,1
1082,59223063640701,59223078640806,59223078980122,59223078980659,59223106259083,59223107534994,59223107573365,2174016178,15.0001,0.3393,27.2784,1.2759,0.0384,43.9327,1
1083,59223156140729,59223162145490,59223163348994,59223163350382,59223194113706,59223195010709,59223195034321,1595613214,6.0048,1.2035,30.7633,0.8970,0.0236,38.8936,1
1084,59223196209695,59223202419734,59223203256218,59223203257126,59223231398070,59223232599445,59223232622556,1948004461,6.2100,0.8365,28.1409,1.2014,0.0231,36.4129,1
1085,59223276681183,59223282983815,59223284263245,59223284264282,59223312824710,59223314947143,59223314969884,2826249199,6.3026,1.2794,28.5604,2.1224,0.0227,38.2887,1
1086,59223319826770,59223326031606,59223327194443,59223327195906,59223355841649,59223357836840,59223357864952,471435833,6.2048,1.1628,28.6457,1.9952,0.0281,38.0382,1
1087,59223372128906,59223380166266,59223380696527,59223380697601,59223408041414,59223409313363,59223409336566,122358772,8.0374,0.5303,27.3438,1.2719,0.0232,37.2077,1
1088,59223449591181,59223452922396,59223453277804,59223453278675,59223481695454,59223484242370,59223484284481,4176368654,3.3312,0.3554,28.4168,2.5469,0.0421,34.6933,1
1089,59223494672034,59223501492575,59223501962336,59223501963058,59223529308222,59223530522097,59223530545430,4271730894,6.8205,0.4698,27.3452,1.2139,0.0233,35.8734,1
1090,59223585454852,59223592991766,59223593589453,59223593590120,59223621796287,59223623899202,59223623945572,3054791258,7.5369,0.5977,28.2062,2.1029,0.0464,38.4907,1
1091,59223631180356,59223636558873,59223638164305,59223638165656,59223666820066,59223668653757,59223668694424,514924620,5.3785,1.6054,28.6544,1.8337,0.0407,37.5141,1
1092,59223676877062,59223683678918,59223684268309,59223684268957,59223711394936,59223712598384,59223712630273,3392695568,6.8019,0.5894,27.1260,1.2034,0.0319,35.7532,1
1093,59223751132604,59223757601607,59223758077497,59223758078146,59223786221979,59223788220856,59223788247264,4262185717,6.4690,0.4759,28.1438,1.9989,0.0264,37.1147,1
1094,59223801771290,59223806992956,59223807507791,59223807509161,59223835256105,59223837443630,59223837473427,4262185717,5.2217,0.5148,27.7469,2.1875,0.0298,35.7021,1
1095,59223862994252,59223868818438,59223870312017,59223870313239,59223898057053,59223899597040,59223899624817,4262185717,5.8242,1.4936,27.7438,1.5400,0.0278,36.6306,1
1096,59223928265005,59223935114435,59223935614196,59223935615436,59223964923941,59223966974374,59223966997281,4262185717,6.8494,0.4998,29.3085,2.0504,0.0229,38.7323,1
1097,59223990843527,59223993886796,59223994240575,59223994241075,59224021950500,59224023827006,59224023849932,4262185717,3.0433,0.3538,27.7094,1.8765,0.0229,33.0064,1
1098,59224050424927,59224053468123,59224053821013,59224053821698,59224081144455,59224082368292,59224082390996,4262185717,3.0432,0.3529,27.3228,1.2238,0.0227,31.9661,1
1099,59224113499562,59224118768431,59224119978620,59224119979880,59224148270566,59224149520144,59224149552829,3647613592,5.2689,1.2102,28.2907,1.2496,0.0327,36.0533,1
1100,59224209982344,59224218263149,59224219880025,59224219881506,59224249378289,59224251639815,59224251663519,697858470,8.2808,1.6169,29.4968,2.2615,0.0237,41.6812,1
1101,59224238019177,59224257481834,59224258974691,59224258975784,59224286684746,59224287945972,59224287967843,3996442756,19.4627,1.4929,27.7090,1.2612,0.0219,49.9487,1
1102,59224330453298,59224336551762,59224338213379,59224338214601,59224368805036,59224370851154,59224370874524,1615694698,6.0985,1.6616,30.5904,2.0461,0.0234,40.4212,1
1103,59224371768601,59224377628935,59224378166437,59224378167437,59224405559787,59224406840791,59224406863828,1615694698,5.8603,0.5375,27.3924,1.2810,0.0230,35.0952,1
1104,59224437513152,59224442496094,59224442986596,59224442987466,59224473740494,59224475582370,59224475620167,1287391205,4.9829,0.4905,30.7530,1.8419,0.0378,38.1070,1
1105,59224486887519,59224490540309,59224490892643,59224490893551,59224518227234,59224519640590,59224519737128,296692990,3.6528,0.3523,27.3337,1.4134,0.0965,32.8496,1
1106,59224551836030,59224557094640,59224557594438,59224557595401,59224586321311,59224587570463,59224587592778,845255444,5.2586,0.4998,28.7259,1.2492,0.0223,35.7567,1
1107,59224644111094,59224649906632,59224650496838,59224650497838,59224678515671,59224680503567,59224680553974,1792603770,5.7955,0.5902,28.0178,1.9879,0.0504,36.4429,1
1108,59224688513112,59224691787623,59224693920722,59224693922148,59224723632228,59224725593716,59224725631790,3403303947,3.2745,2.1331,29.7101,1.9615,0.0381,37.1187,1
1109,59224751696932,59224757580470,59224758077082,59224758077842,59224785320710,59224786554510,59224786589418,1043668332,5.8835,0.4966,27.2429,1.2338,0.0349,34.8925,1
1110,59224827860832,59224834105760,59224834678706,59224834679484,59224862821299,59224864656491,59224864686935,2045636936,6.2449,0.5729,28.1418,1.8352,0.0304,36.8261,1
1111,59224875354044,59224880668636,59224881600991,59224881601973,59224910426660,59224912401056,59224912444371,3705085047,5.3146,0.9324,28.8247,1.9744,0.0433,37.0903,1
1112,59224920221952,59224925739674,59224926404436,59224926405510,59224954704399,59224955964755,59224955988348,593037476,5.5177,0.6648,28.2989,1.2604,0.0236,35.7664,1
1113,59225015468119,59225018491592,59225018839815,59225018840593,59225046970927,59225048899711,59225048933026,1454202314,3.0235,0.3482,28.1303,1.9288,0.0333,33.4649,1
1114,59225058623373,59225061452308,59225061810791,59225061811402,59225090115514,59225092222984,59225092260891,102458118,2.8289,0.3585,28.3041,2.1075,0.0379,33.6375,1
1115,59225105191768,59225109906968,59225113505721,59225113506943,59225140489218,59225141784574,59225141807389,1680590368,4.7152,3.5988,26.9823,1.2954,0.0228,36.6156,1
1116,59225203675464,59225211984195,59225213402885,59225213403848,59225242704833,59225245096267,59225245122601,1755732154,8.3087,1.4187,29.3010,2.3914,0.0263,41.4471,1
1117,59225239192766,59225250174914,59225250778953,59225250779916,59225278126321,59225279536789,59225279603659,2667039985,10.9821,0.6040,27.3464,1.4105,0.0669,40.4109,1
1118,59225299604670,59225302511179,59225303134070,59225303134941,59225332950780,59225334835860,59225334871768,1280334679,2.9065,0.6229,29.8158,1.8851,0.0359,35.2671,1
1119,59225346916641,59225349735058,59225350089985,59225350090763,59225377450520,59225378635413,59225378672820,1280334679,2.8184,0.3549,27.3598,1.1849,0.0374,31.7562,1
1120,59225407245970,59225413087730,59225413876288,59225413877585,59225442828699,59225445143040,59225445186892,2379886542,5.8418,0.7886,28.9511,2.3143,0.0439,37.9409,1
1121,59225499066848,59225504683774,59225506026501,59225506028630,59225534467373,59225537080992,59225537105011,558687005,5.6169,1.3427,28.4387,2.6136,0.0240,38.0382,1
1122,59225538398774,59225542867474,59225543303698,59225543304439,59225573729076,59225574967155,59225574990284,558687005,4.4687,0.4362,30.4246,1.2381,0.0231,36.5915,1
1123,59225609104971,59225613333152,59225613962969,59225613964043,59225643870901,59225646005501,59225646049501,286054352,4.2282,0.6298,29.9069,2.1346,0.0440,36.9445,1
1124,59225656024700,59225661264662,59225661720516,59225661721367,59225690358518,59225691697207,59225691720615,1759246565,5.2400,0.4559,28.6372,1.3387,0.0234,35.6959,1
1125,59225745448218,59225750053771,59225750588773,59225750589995,59225781156188,59225782052951,59225782076247,1684670390,4.6056,0.5350,30.5662,0.8968,0.0233,36.6280,1
1126,59225780937206,59225786237168,59225786583984,59225786584743,59225813963778,59225815256449,59225815279116,1684670390,5.3000,0.3468,27.3790,1.2927,0.0227,34.3419,1
1127,59225856333067,59225862160456,59225863195441,59225863197145,59225891784314,59225893981599,59225894014302,566959009,5.8274,1.0350,28.5872,2.1973,0.0327,37.6812,1
1128,59225913062384,59225919651498,59225920642779,59225920643983,59225949494542,59225950866139,59225950891324,74729061,6.5891,0.9913,28.8506,1.3716,0.0252,37.8289,1
1129,59225996756864,59226001171398,59226004119944,59226004121574,59226031769240,59226033851598,59226033884765,2841036400,4.4145,2.9485,27.6477,2.0824,0.0332,37.1279,1
1130,59226041003937,59226044902505,59226045368877,59226045369599,59226073584526,59226075511958,59226075535736,235892260,3.8986,0.4664,28.2149,1.9274,0.0238,34.5318,1
1131,59226087825888,59226093604481,59226095319876,59226095321265,59226123912470,59226125554198,59226125587087,1880004608,5.7786,1.7154,28.5912,1.6417,0.0329,37.7612,1
1132,59226148133402,59226150984819,59226151332505,59226151333357,59226183156351,59226184431004,59226184454115,4204283268,2.8514,0.3477,31.8230,1.2747,0.0231,36.3207,1
1133,59226245783966,59226248667253,59226249028495,59226249029106,59226276881384,59226278742427,59226278777760,377162978,2.8833,0.3612,27.8523,1.8610,0.0353,32.9938,1
1134,59226290053872,59226292929344,59226293293456,59226293294160,59226321828569,59226323844354,59226323884002,1647016159,2.8755,0.3641,28.5344,2.0158,0.0396,33.8301,1
1135,59226332635883,59226335480726,59226335830634,59226335831319,59226365321361,59226366616717,59226366639588,3444625025,2.8448,0.3499,29.4900,1.2954,0.0229,34.0037,1
1136,59226432913437,59226437491470,59226438017120,59226438017991,59226467503514,59226469330872,59226469353835,662840419,4.5780,0.5256,29.4855,1.8274,0.0230,36.4404,1
1137,59226460325564,59226475150539,59226476219635,59226476221006,59226504224265,59226505494547,59226505517806,2582091717,14.8250,1.0691,28.0033,1.2703,0.0233,45.1922,1
1138,59226540469681,59226543322432,59226543670155,59226543670933,59226575762483,59226577833823,59226577871212,1105956551,2.8528,0.3477,32.0915,2.0713,0.0374,37.4015,1
1139,59226581270668,59226585687720,59226586242222,59226586242981,59226613599275,59226614869557,59226614892687,2518193554,4.4171,0.5545,27.3563,1.2703,0.0231,33.6220,1
1140,59226673863937,59226676740206,59226677103504,59226677104430,59226704822206,59226707063288,59226707110844,4056393045,2.8763,0.3633,27.7178,2.2411,0.0476,33.2469,1
1141,59226719249421,59226726213851,59226726704538,59226726705242,59226753908758,59226755171428,59226755209725,1647686288,6.9644,0.4907,27.2035,1.2627,0.0383,35.9603,1
1142,59226783848320,59226786816496,59226787162775,59226787163553,59226815428887,59226817521968,59226817545839,5596211,2.9682,0.3463,28.2653,2.0931,0.0239,33.6975,1
1143,59226830699419,59226837547368,59226838015221,59226838016054,59226865262385,59226866515500,59226866547815,2953589680,6.8479,0.4679,27.2463,1.2531,0.0323,35.8484,1
1144,59226909370401,59226916085109,59226916664426,59226916665389,59226945056686,59226947162767,59226947199545,808694178,6.7147,0.5793,28.3913,2.1061,0.0368,37.8291,1
1145,59226952615989,59226955468258,59226955829722,59226955830333,59226985205893,59226986449638,59226986490083,2679606665,2.8523,0.3615,29.3756,1.2437,0.0404,33.8741,1
1146,59227018538300,59227025264489,59227025749046,59227025750120,59227053010914,59227054292288,59227054314974,2769387554,6.7262,0.4846,27.2608,1.2814,0.0227,35.7767,1
1147,59227093505751,59227098074822,59227098944862,59227098947269,59227126306138,59227127547901,59227127580031,3599682370,4.5691,0.8700,27.3589,1.2418,0.0321,34.0743,1
1148,59227147050095,59227149922049,59227150274717,59227150275846,59227178496384,59227180041223,59227180074797,3907934901,2.8720,0.3527,28.2205,1.5448,0.0336,33.0247,1
