wall_time_unix,elapsed_s,launcher_pid,ov2slam_pid,last_cpu,process_cpu_percent
1780760341.291,0.051,489274,489346,0,0.000
1780760341.343,0.104,489274,489346,0,0.000
1780760341.395,0.156,489274,489346,0,38.427
1780760341.447,0.207,489274,489346,0,0.000
1780760341.498,0.259,489274,489346,0,0.000
1780760341.550,0.310,489274,489346,0,0.000
1780760341.601,0.362,489274,489346,0,0.000
1780760341.653,0.413,489274,489346,0,19.453
1780760341.704,0.465,489274,489346,0,0.000
1780760341.756,0.516,489274,489346,0,0.000
1780760341.807,0.568,489274,489346,0,0.000
1780760341.858,0.619,489274,489346,0,19.455
1780760341.910,0.670,489274,489346,0,0.000
1780760341.961,0.722,489274,489346,0,0.000
1780760342.013,0.773,489274,489346,0,0.000
1780760342.064,0.825,489274,489346,0,19.429
1780760342.116,0.876,489274,489346,0,0.000
1780760342.167,0.928,489274,489346,0,0.000
1780760342.219,0.979,489274,489346,0,0.000
1780760342.270,1.031,489274,489346,0,0.000
1780760342.321,1.082,489274,489346,0,0.000
1780760342.373,1.133,489274,489346,0,38.882
1780760342.424,1.185,489274,489346,0,0.000
1780760342.476,1.236,489274,489346,0,0.000
1780760342.527,1.288,489274,489346,0,0.000
1780760342.580,1.340,489274,489346,0,0.000
1780760342.631,1.392,489274,489346,0,0.000
1780760342.683,1.443,489274,489346,0,19.440
1780760342.734,1.495,489274,489346,0,0.000
1780760342.785,1.546,489274,489346,0,0.000
1780760342.837,1.597,489274,489346,0,19.458
1780760342.888,1.649,489274,489346,0,0.000
1780760342.940,1.700,489274,489346,0,0.000
1780760342.991,1.752,489274,489346,0,0.000
1780760343.043,1.803,489274,489346,0,0.000
1780760343.094,1.855,489274,489346,0,19.451
1780760343.146,1.906,489274,489346,0,19.441
1780760343.197,1.957,489274,489346,0,0.000
1780760343.248,2.009,489274,489346,0,0.000
1780760343.300,2.060,489274,489346,0,0.000
1780760343.351,2.112,489274,489346,0,0.000
1780760343.403,2.163,489274,489346,0,0.000
1780760343.454,2.215,489274,489346,0,19.460
1780760343.505,2.266,489274,489346,0,0.000
1780760343.557,2.317,489274,489346,0,0.000
1780760343.608,2.369,489274,489346,0,0.000
1780760343.660,2.420,489274,489346,0,19.464
1780760343.711,2.471,489274,489346,0,0.000
1780760343.762,2.523,489274,489346,0,0.000
1780760343.814,2.574,489274,489346,0,0.000
1780760343.865,2.626,489274,489346,0,19.463
1780760343.917,2.677,489274,489346,0,0.000
1780760343.968,2.729,489274,489346,0,0.000
1780760344.020,2.780,489274,489346,0,0.000
1780760344.071,2.832,489274,489346,0,19.374
1780760344.123,2.883,489274,489346,0,19.409
1780760344.174,2.935,489274,489346,0,0.000
1780760344.226,2.986,489274,489346,0,0.000
1780760344.277,3.038,489274,489346,0,19.450
1780760344.328,3.089,489274,489346,0,0.000
1780760344.380,3.140,489274,489346,0,0.000
1780760344.431,3.192,489274,489346,0,0.000
1780760344.483,3.243,489274,489346,0,0.000
1780760344.534,3.295,489274,489346,0,0.000
1780760344.585,3.346,489274,489346,0,0.000
1780760344.637,3.397,489274,489346,0,38.919
1780760344.688,3.449,489274,489346,0,0.000
1780760344.740,3.500,489274,489346,0,0.000
1780760344.794,3.555,489274,489346,0,0.000
1780760344.846,3.606,489274,489346,0,0.000
1780760344.898,3.658,489274,489346,0,19.246
1780760344.950,3.710,489274,489346,0,0.000
1780760345.002,3.762,489274,489346,0,0.000
1780760345.054,3.815,489274,489346,0,19.211
1780760345.106,3.867,489274,489346,0,0.000
1780760345.158,3.919,489274,489346,0,19.169
1780760345.210,3.971,489274,489346,0,0.000
1780760345.262,4.023,489274,489346,0,0.000
1780760345.314,4.075,489274,489346,0,0.000
1780760345.367,4.127,489274,489346,0,38.379
1780760345.419,4.179,489274,489346,0,0.000
1780760345.471,4.231,489274,489346,0,0.000
1780760345.523,4.283,489274,489346,0,0.000
1780760345.575,4.335,489274,489346,0,19.184
1780760345.627,4.387,489274,489346,0,0.000
1780760345.679,4.440,489274,489346,0,0.000
1780760345.731,4.492,489274,489346,0,19.213
1780760345.783,4.544,489274,489346,0,0.000
1780760345.835,4.596,489274,489346,0,19.218
1780760345.887,4.648,489274,489346,0,0.000
1780760345.939,4.700,489274,489346,0,19.178
1780760345.992,4.752,489274,489346,0,19.137
1780760346.044,4.804,489274,489346,0,0.000
1780760346.096,4.856,489274,489346,0,0.000
1780760346.148,4.909,489274,489346,0,19.185
1780760346.200,4.961,489274,489346,0,0.000
1780760346.252,5.013,489274,489346,0,0.000
1780760346.304,5.065,489274,489346,0,19.217
1780760346.356,5.117,489274,489346,0,0.000
1780760346.408,5.169,489274,489346,0,19.222
1780760346.460,5.221,489274,489346,0,0.000
1780760346.512,5.273,489274,489346,0,0.000
1780760346.565,5.325,489274,489346,0,0.000
1780760346.617,5.377,489274,489346,0,19.215
1780760346.669,5.429,489274,489346,0,0.000
1780760346.721,5.482,489274,489346,0,19.080
1780760346.773,5.534,489274,489346,0,0.000
1780760346.825,5.586,489274,489346,0,0.000
1780760346.877,5.638,489274,489346,0,38.438
1780760346.930,5.690,489274,489346,0,0.000
1780760346.982,5.742,489274,489346,0,0.000
1780760347.034,5.794,489274,489346,0,19.207
1780760347.086,5.847,489274,489346,0,0.000
1780760347.138,5.899,489274,489346,0,0.000
1780760347.190,5.951,489274,489346,0,19.195
1780760347.242,6.003,489274,489346,0,0.000
1780760347.294,6.055,489274,489346,0,0.000
1780760347.346,6.107,489274,489346,0,19.211
1780760347.398,6.159,489274,489346,0,0.000
1780760347.451,6.211,489274,489346,0,19.170
1780760347.503,6.263,489274,489346,0,0.000
1780760347.555,6.315,489274,489346,0,0.000
1780760347.607,6.367,489274,489346,0,19.197
1780760347.659,6.419,489274,489346,0,0.000
1780760347.711,6.471,489274,489346,0,0.000
1780760347.763,6.524,489274,489346,0,19.205
1780760347.815,6.576,489274,489346,0,19.205
1780760347.867,6.628,489274,489346,0,0.000
1780760347.919,6.680,489274,489346,0,19.174
1780760347.972,6.732,489274,489346,0,0.000
1780760348.024,6.784,489274,489346,0,0.000
1780760348.076,6.836,489274,489346,0,19.201
1780760348.128,6.888,489274,489346,0,0.000
1780760348.180,6.941,489274,489346,0,19.200
1780760348.232,6.993,489274,489346,0,0.000
1780760348.284,7.045,489274,489346,0,0.000
1780760348.336,7.097,489274,489346,0,19.218
1780760348.388,7.149,489274,489346,0,0.000
1780760348.440,7.201,489274,489346,0,0.000
1780760348.492,7.253,489274,489346,0,19.223
1780760348.544,7.305,489274,489346,0,0.000
1780760348.596,7.357,489274,489346,0,19.221
1780760348.648,7.409,489274,489346,0,19.228
1780760348.700,7.461,489274,489346,0,0.000
1780760348.752,7.513,489274,489346,0,0.000
1780760348.804,7.565,489274,489346,0,0.000
1780760348.856,7.617,489274,489346,0,0.000
1780760348.908,7.669,489274,489346,0,19.228
1780760348.960,7.721,489274,489346,0,19.189
1780760349.013,7.773,489274,489346,0,0.000
1780760349.065,7.825,489274,489346,0,0.000
1780760349.117,7.877,489274,489346,0,19.214
1780760349.169,7.929,489274,489346,0,0.000
1780760349.221,7.981,489274,489346,0,19.219
1780760349.273,8.033,489274,489346,0,0.000
1780760349.325,8.085,489274,489346,0,0.000
1780760349.377,8.137,489274,489346,0,19.192
1780760349.429,8.190,489274,489346,0,0.000
1780760349.481,8.242,489274,489346,0,0.000
1780760349.533,8.294,489274,489346,0,19.222
1780760349.585,8.346,489274,489346,0,0.000
1780760349.637,8.398,489274,489346,0,0.000
1780760349.689,8.450,489274,489346,0,19.226
1780760349.741,8.502,489274,489346,0,0.000
1780760349.793,8.554,489274,489346,0,19.193
1780760349.845,8.606,489274,489346,0,0.000
1780760349.897,8.658,489274,489346,0,19.217
1780760349.949,8.710,489274,489346,0,0.000
1780760350.002,8.762,489274,489346,0,0.000
1780760350.054,8.814,489274,489346,0,19.112
1780760350.106,8.867,489274,489346,0,0.000
1780760350.158,8.919,489274,489346,0,19.178
1780760350.210,8.971,489274,489346,0,0.000
1780760350.263,9.023,489274,489346,0,0.000
1780760350.315,9.075,489274,489346,0,19.204
1780760350.367,9.127,489274,489346,0,0.000
1780760350.419,9.179,489274,489346,0,19.207
1780760350.471,9.231,489274,489346,0,0.000
1780760350.523,9.283,489274,489346,0,0.000
1780760350.575,9.336,489274,489346,0,19.199
1780760350.627,9.388,489274,489346,0,0.000
1780760350.679,9.440,489274,489346,0,19.185
1780760350.731,9.492,489274,489346,0,19.205
1780760350.784,9.544,489274,489346,0,0.000
1780760350.836,9.596,489274,489346,0,19.191
1780760350.888,9.648,489274,489346,0,0.000
1780760350.940,9.701,489274,489346,0,0.000
1780760350.992,9.753,489274,489346,0,19.165
1780760351.044,9.805,489274,489346,0,0.000
1780760351.096,9.857,489274,489346,0,19.203
1780760351.148,9.909,489274,489346,0,0.000
1780760351.200,9.961,489274,489346,0,19.207
1780760351.253,10.013,489274,489346,0,0.000
1780760351.305,10.065,489274,489346,0,0.000
1780760351.357,10.117,489274,489346,0,0.000
1780760351.409,10.169,489274,489346,0,19.209
1780760351.461,10.221,489274,489346,0,19.187
1780760351.513,10.273,489274,489346,0,0.000
1780760351.565,10.325,489274,489346,0,19.208
1780760351.617,10.378,489274,489346,0,0.000
1780760351.669,10.430,489274,489346,0,0.000
1780760351.721,10.482,489274,489346,0,0.000
1780760351.773,10.534,489274,489346,0,19.215
1780760351.825,10.586,489274,489346,0,0.000
1780760351.877,10.638,489274,489346,0,19.223
1780760351.929,10.690,489274,489346,0,0.000
1780760351.981,10.742,489274,489346,0,0.000
1780760352.034,10.794,489274,489346,0,19.201
1780760352.086,10.846,489274,489346,0,0.000
1780760352.138,10.898,489274,489346,0,19.171
1780760352.190,10.951,489274,489346,0,0.000
1780760352.242,11.003,489274,489346,0,19.189
1780760352.294,11.055,489274,489346,0,0.000
1780760352.346,11.107,489274,489346,0,0.000
1780760352.398,11.159,489274,489346,0,19.208
1780760352.450,11.211,489274,489346,0,0.000
1780760352.503,11.263,489274,489346,0,19.213
1780760352.555,11.315,489274,489346,0,19.211
1780760352.607,11.367,489274,489346,0,0.000
1780760352.659,11.419,489274,489346,0,0.000
1780760352.711,11.471,489274,489346,0,0.000
1780760352.763,11.523,489274,489346,0,0.000
1780760352.815,11.575,489274,489346,0,38.374
1780760352.867,11.627,489274,489346,0,0.000
1780760352.919,11.680,489274,489346,0,0.000
1780760352.971,11.732,489274,489346,0,19.118
1780760353.023,11.784,489274,489346,0,0.000
1780760353.075,11.836,489274,489346,0,0.000
1780760353.128,11.888,489274,489346,0,19.207
1780760353.180,11.940,489274,489346,0,0.000
1780760353.232,11.992,489274,489346,0,0.000
1780760353.284,12.044,489274,489346,0,19.212
1780760353.336,12.096,489274,489346,0,19.217
1780760353.388,12.148,489274,489346,0,0.000
1780760353.440,12.200,489274,489346,0,0.000
1780760353.492,12.252,489274,489346,0,19.218
1780760353.544,12.304,489274,489346,0,0.000
1780760353.596,12.357,489274,489346,0,0.000
1780760353.648,12.409,489274,489346,0,19.221
1780760353.700,12.461,489274,489346,0,0.000
1780760353.752,12.513,489274,489346,0,0.000
1780760353.804,12.565,489274,489346,0,0.000
1780760353.856,12.617,489274,489346,0,19.219
1780760353.908,12.669,489274,489346,0,19.217
1780760353.960,12.721,489274,489346,0,0.000
1780760354.012,12.773,489274,489346,0,19.180
1780760354.065,12.825,489274,489346,0,0.000
1780760354.117,12.877,489274,489346,0,19.185
1780760354.169,12.929,489274,489346,0,0.000
1780760354.221,12.981,489274,489346,0,0.000
1780760354.273,13.033,489274,489346,0,19.223
1780760354.325,13.085,489274,489346,0,0.000
1780760354.377,13.137,489274,489346,0,19.219
1780760354.429,13.189,489274,489346,0,0.000
1780760354.481,13.242,489274,489346,0,0.000
1780760354.533,13.294,489274,489346,0,19.215
1780760354.585,13.346,489274,489346,0,0.000
1780760354.637,13.398,489274,489346,0,19.216
1780760354.689,13.450,489274,489346,0,0.000
1780760354.741,13.502,489274,489346,0,19.220
1780760354.793,13.554,489274,489346,0,0.000
1780760354.845,13.606,489274,489346,0,19.206
1780760354.897,13.658,489274,489346,0,0.000
1780760354.950,13.710,489274,489346,0,0.000
1780760355.002,13.762,489274,489346,0,19.167
1780760355.054,13.814,489274,489346,0,0.000
1780760355.106,13.866,489274,489346,0,19.190
1780760355.158,13.919,489274,489346,0,0.000
1780760355.210,13.971,489274,489346,0,0.000
1780760355.262,14.023,489274,489346,0,0.000
1780760355.314,14.075,489274,489346,0,19.215
1780760355.366,14.127,489274,489346,0,0.000
1780760355.418,14.179,489274,489346,0,19.212
1780760355.470,14.231,489274,489346,0,0.000
1780760355.522,14.283,489274,489346,0,19.197
1780760355.575,14.335,489274,489346,0,0.000
1780760355.627,14.387,489274,489346,0,0.000
1780760355.679,14.439,489274,489346,0,19.179
1780760355.731,14.491,489274,489346,0,0.000
1780760355.783,14.543,489274,489346,0,19.205
1780760355.835,14.595,489274,489346,0,0.000
1780760355.887,14.648,489274,489346,0,19.205
1780760355.939,14.700,489274,489346,0,0.000
1780760355.991,14.752,489274,489346,0,19.176
1780760356.044,14.804,489274,489346,0,0.000
1780760356.096,14.856,489274,489346,0,19.162
1780760356.148,14.908,489274,489346,0,0.000
1780760356.200,14.960,489274,489346,0,0.000
1780760356.252,15.013,489274,489346,0,19.211
1780760356.304,15.065,489274,489346,0,0.000
1780760356.356,15.117,489274,489346,0,19.207
1780760356.408,15.169,489274,489346,0,0.000
1780760356.461,15.221,489274,489346,0,0.000
1780760356.513,15.274,489274,489346,0,0.000
1780760356.566,15.327,489274,489346,0,18.857
1780760356.619,15.379,489274,489346,0,0.000
1780760356.671,15.432,489274,489346,0,0.000
1780760356.723,15.484,489274,489346,0,0.000
1780760356.776,15.536,489274,489346,0,19.133
1780760356.828,15.589,489274,489346,0,18.962
1780760356.880,15.641,489274,489346,0,0.000
1780760356.932,15.693,489274,489346,0,0.000
1780760356.985,15.745,489274,489346,0,19.091
1780760357.036,15.797,489274,489346,0,0.000
1780760357.089,15.849,489274,489346,0,0.000
1780760357.141,15.901,489274,489346,0,19.337
1780760357.197,15.957,489274,489346,0,0.000
1780760357.248,16.009,489274,489346,0,19.319
1780760357.300,16.061,489274,489346,0,0.000
1780760357.352,16.113,489274,489346,0,0.000
1780760357.405,16.165,489274,489346,0,19.020
1780760357.457,16.217,489274,489346,0,0.000
1780760357.513,16.273,489274,489346,0,0.000
1780760357.565,16.325,489274,489346,0,19.216
1780760357.619,16.379,489274,489346,0,0.000
1780760357.672,16.432,489274,489346,0,0.000
1780760357.723,16.484,489274,489346,0,0.000
1780760357.780,16.541,489274,489346,0,17.510
1780760357.833,16.594,489274,489346,0,18.962
1780760357.885,16.646,489274,489346,0,0.000
1780760357.940,16.701,489274,489346,0,72.524
1780760357.993,16.753,489274,489346,2,114.510
1780760358.045,16.806,489274,489346,2,37.853
1780760358.098,16.859,489274,489346,2,37.788
1780760358.150,16.911,489274,489346,2,57.633
1780760358.202,16.963,489274,489346,2,38.452
1780760358.255,17.015,489274,489346,2,38.363
1780760358.306,17.067,489274,489346,2,38.489
1780760358.359,17.119,489274,489346,2,38.404
1780760358.412,17.172,489274,489346,2,56.601
1780760358.464,17.224,489274,489346,2,38.256
1780760358.516,17.276,489274,489346,2,38.448
1780760358.569,17.329,489274,489346,2,56.971
1780760358.621,17.382,489274,489346,2,56.960
1780760358.678,17.438,489274,489346,2,70.649
1780760358.730,17.490,489274,489346,2,38.532
1780760358.783,17.543,489274,489346,2,37.669
1780760358.836,17.596,489274,489346,2,56.592
1780760358.889,17.649,489274,489346,2,37.778
1780760358.943,17.704,489274,489346,2,36.726
1780760358.996,17.756,489274,489346,2,114.249
1780760359.049,17.809,489274,489346,2,56.551
1780760359.101,17.861,489274,489346,2,38.497
1780760359.153,17.913,489274,489346,2,57.715
1780760359.205,17.965,489274,489346,2,38.474
1780760359.257,18.017,489274,489346,2,38.471
1780760359.309,18.070,489274,489346,3,57.171
1780760359.361,18.122,489274,489346,3,38.434
1780760359.413,18.174,489274,489346,3,38.485
1780760359.465,18.226,489274,489346,3,38.484
1780760359.518,18.278,489274,489346,3,37.933
1780760359.570,18.330,489274,489346,3,57.759
1780760359.622,18.382,489274,489346,3,38.437
1780760359.674,18.435,489274,489346,3,38.039
1780760359.728,18.489,489274,489346,3,37.144
1780760359.782,18.543,489274,489346,3,74.435
1780760359.853,18.614,489274,489346,3,28.065
1780760359.905,18.666,489274,489346,3,38.475
1780760359.957,18.718,489274,489346,3,38.495
1780760360.009,18.770,489274,489346,3,57.741
1780760360.062,18.822,489274,489346,3,114.476
1780760360.114,18.875,489274,489346,3,57.202
1780760360.166,18.927,489274,489346,3,38.450
1780760360.218,18.979,489274,489346,3,57.690
1780760360.270,19.031,489274,489346,3,38.447
1780760360.323,19.084,489274,489346,3,37.411
1780760360.376,19.137,489274,489346,3,57.137
1780760360.428,19.189,489274,489346,3,38.323
1780760360.480,19.241,489274,489346,3,57.406
1780760360.537,19.297,489274,489346,3,35.663
1780760360.589,19.350,489274,489346,3,38.025
1780760360.642,19.402,489274,489346,3,38.171
1780760360.694,19.455,489274,489346,3,38.109
1780760360.747,19.507,489274,489346,3,38.097
1780760360.799,19.559,489274,489346,3,57.354
1780760360.851,19.611,489274,489346,3,38.351
1780760360.903,19.663,489274,489346,3,38.499
1780760360.955,19.715,489274,489346,3,38.493
1780760361.007,19.767,489274,489346,3,38.468
1780760361.059,19.819,489274,489346,3,38.489
1780760361.111,19.871,489274,489346,3,134.344
1780760361.163,19.924,489274,489346,3,57.521
1780760361.215,19.976,489274,489346,3,38.480
1780760361.267,20.028,489274,489346,3,57.703
1780760361.319,20.080,489274,489346,3,19.238
1780760361.371,20.132,489274,489346,3,38.461
1780760361.424,20.184,489274,489346,2,56.962
1780760361.476,20.237,489274,489346,2,57.007
1780760361.530,20.290,489274,489346,2,74.639
1780760361.588,20.348,489274,489346,2,51.934
1780760361.641,20.401,489274,489346,2,56.698
1780760361.693,20.454,489274,489346,2,38.144
1780760361.746,20.507,489274,489346,2,75.179
1780760361.799,20.560,489274,489346,2,56.532
1780760361.852,20.612,489274,489346,2,38.013
1780760361.904,20.665,489274,489346,2,38.029
1780760361.957,20.718,489274,489346,2,56.745
1780760362.010,20.770,489274,489346,2,57.068
1780760362.063,20.823,489274,489346,2,75.665
1780760362.115,20.876,489274,489346,2,37.987
1780760362.172,20.933,489274,489346,2,176.353
1780760362.226,20.986,489274,489346,2,111.741
1780760362.279,21.039,489274,489346,2,56.836
1780760362.331,21.092,489274,489346,2,75.772
1780760362.388,21.149,489274,489346,2,52.689
1780760362.441,21.201,489274,489346,2,57.165
1780760362.493,21.254,489274,489346,2,57.158
1780760362.546,21.306,489274,489346,2,95.283
1780760362.599,21.360,489274,489346,2,168.584
1780760362.652,21.413,489274,489346,2,151.092
1780760362.705,21.465,489274,489346,2,76.102
1780760362.757,21.517,489274,489346,2,134.731
1780760362.809,21.569,489274,489346,2,153.229
1780760362.861,21.622,489274,489346,2,114.812
1780760362.913,21.674,489274,489346,0,38.309
1780760362.965,21.726,489274,489346,0,38.422
1780760363.017,21.778,489274,489346,0,173.195
1780760363.070,21.830,489274,489346,0,171.816
1780760363.122,21.883,489274,489346,0,38.230
1780760363.174,21.935,489274,489346,0,57.680
1780760363.227,21.987,489274,489346,0,56.841
1780760363.279,22.040,489274,489346,0,76.339
1780760363.331,22.092,489274,489346,0,57.602
1780760363.383,22.144,489274,489346,0,76.871
1780760363.436,22.196,489274,489346,0,38.311
1780760363.488,22.248,489274,489346,0,210.353
1780760363.541,22.302,489274,489346,0,150.031
1780760363.593,22.354,489274,489346,0,57.424
1780760363.645,22.406,489274,489346,0,76.969
1780760363.698,22.459,489274,489346,0,189.420
1780760363.750,22.511,489274,489346,0,172.128
1780760363.803,22.564,489274,489346,0,151.755
1780760363.860,22.620,489274,489346,0,141.905
1780760363.912,22.673,489274,489346,0,170.127
1780760363.966,22.727,489274,489346,0,185.794
1780760364.023,22.783,489274,489346,0,142.102
1780760364.076,22.836,489274,489346,0,169.440
1780760364.132,22.892,489274,489346,0,125.146
1780760364.184,22.945,489274,489346,0,171.069
1780760364.242,23.002,489274,489346,0,121.652
1780760364.295,23.056,489274,489346,0,150.364
1780760364.348,23.109,489274,489346,0,112.611
1780760364.404,23.165,489274,489346,3,179.153
1780760364.456,23.217,489274,489346,3,153.311
1780760364.509,23.270,489274,489346,3,150.404
1780760364.562,23.322,489274,489346,3,133.679
1780760364.614,23.375,489274,489346,3,152.619
1780760364.667,23.427,489274,489346,3,133.408
1780760364.720,23.480,489274,489346,3,170.143
1780760364.773,23.533,489274,489346,3,169.072
1780760364.827,23.588,489274,489346,3,166.158
1780760364.879,23.640,489274,489346,3,172.425
1780760364.932,23.692,489274,489346,3,133.348
1780760364.984,23.745,489274,489346,3,57.186
1780760365.040,23.801,489274,489346,3,53.432
1780760365.093,23.853,489274,489346,3,57.169
1780760365.145,23.905,489274,489346,3,57.673
1780760365.197,23.957,489274,489346,3,57.734
1780760365.249,24.010,489274,489346,3,189.667
1780760365.303,24.064,489274,489346,3,130.286
1780760365.355,24.116,489274,489346,3,172.259
1780760365.408,24.168,489274,489346,3,114.783
1780760365.460,24.220,489274,489346,3,57.432
1780760365.512,24.273,489274,489346,3,38.383
1780760365.565,24.326,489274,489346,3,150.500
1780760365.617,24.378,489274,489346,2,134.294
1780760365.670,24.430,489274,489346,2,152.255
1780760365.726,24.487,489274,489346,2,159.381
1780760365.780,24.541,489274,489346,2,74.295
1780760365.833,24.594,489274,489346,2,75.492
1780760365.885,24.646,489274,489346,2,172.143
1780760365.938,24.699,489274,489346,2,151.402
1780760365.990,24.751,489274,489346,2,153.588
1780760366.044,24.805,489274,489346,2,149.288
1780760366.097,24.857,489274,489346,2,56.945
1780760366.149,24.909,489274,489346,2,115.384
1780760366.203,24.963,489274,489346,2,129.018
1780760366.256,25.017,489274,489346,2,149.549
1780760366.309,25.069,489274,489346,2,134.272
1780760366.361,25.121,489274,489346,2,133.913
1780760366.413,25.174,489274,489346,2,57.076
1780760366.466,25.226,489274,489346,2,76.445
1780760366.518,25.279,489274,489346,2,38.248
1780760366.570,25.330,489274,489346,2,57.752
1780760366.622,25.383,489274,489346,1,171.432
1780760366.675,25.436,489274,489346,1,132.678
1780760366.728,25.489,489274,489346,1,151.236
1780760366.781,25.541,489274,489346,1,152.138
1780760366.838,25.598,489274,489346,1,140.215
1780760366.894,25.654,489274,489346,1,53.694
1780760366.946,25.706,489274,489346,1,57.721
1780760366.998,25.758,489274,489346,1,57.680
1780760367.050,25.810,489274,489346,1,57.731
1780760367.102,25.862,489274,489346,1,38.486
1780760367.153,25.914,489274,489346,1,57.730
1780760367.205,25.966,489274,489346,1,38.484
1780760367.257,26.018,489274,489346,1,134.660
1780760367.310,26.070,489274,489346,1,153.221
1780760367.363,26.124,489274,489346,1,130.375
1780760367.416,26.176,489274,489346,2,153.274
1780760367.468,26.229,489274,489346,2,151.781
1780760367.521,26.282,489274,489346,2,113.703
1780760367.573,26.334,489274,489346,2,152.864
1780760367.626,26.386,489274,489346,2,171.887
1780760367.679,26.439,489274,489346,2,151.506
1780760367.732,26.492,489274,489346,2,169.715
1780760367.793,26.554,489274,489346,2,129.344
1780760367.846,26.607,489274,489346,2,94.158
1780760367.901,26.661,489274,489346,2,55.416
1780760367.953,26.713,489274,489346,2,38.485
1780760368.005,26.765,489274,489346,2,38.478
1780760368.057,26.817,489274,489346,2,38.487
1780760368.109,26.869,489274,489346,2,57.721
1780760368.161,26.921,489274,489346,1,57.219
1780760368.213,26.973,489274,489346,1,134.584
1780760368.266,27.027,489274,489346,1,131.587
1780760368.319,27.079,489274,489346,1,133.103
1780760368.372,27.133,489274,489346,1,150.055
1780760368.425,27.186,489274,489346,1,149.721
1780760368.478,27.239,489274,489346,0,152.032
1780760368.531,27.291,489274,489346,0,56.905
1780760368.584,27.344,489274,489346,0,18.938
1780760368.636,27.396,489274,489346,0,96.119
1780760368.690,27.451,489274,489346,0,55.151
1780760368.742,27.502,489274,489346,0,57.785
1780760368.794,27.555,489274,489346,0,76.319
1780760368.852,27.613,489274,489346,0,155.112
1780760368.905,27.665,489274,489346,0,152.217
1780760368.958,27.718,489274,489346,0,151.840
1780760369.010,27.771,489274,489346,0,152.476
1780760369.063,27.824,489274,489346,0,150.989
1780760369.115,27.876,489274,489346,0,134.413
1780760369.168,27.929,489274,489346,0,169.603
1780760369.220,27.981,489274,489346,0,153.335
1780760369.274,28.035,489274,489346,0,129.899
1780760369.327,28.088,489274,489346,2,151.053
1780760369.380,28.141,489274,489346,2,189.495
1780760369.432,28.193,489274,489346,2,152.727
1780760369.485,28.245,489274,489346,2,95.194
1780760369.537,28.298,489274,489346,2,172.231
1780760369.592,28.352,489274,489346,2,128.576
1780760369.644,28.404,489274,489346,2,172.233
1780760369.697,28.458,489274,489346,2,130.826
1780760369.750,28.510,489274,489346,2,133.752
1780760369.802,28.562,489274,489346,2,153.588
1780760369.854,28.615,489274,489346,2,153.003
1780760369.906,28.667,489274,489346,2,134.265
1780760369.958,28.719,489274,489346,2,133.964
1780760370.011,28.772,489274,489346,2,151.075
1780760370.064,28.825,489274,489346,2,132.006
1780760370.117,28.877,489274,489346,2,152.785
1780760370.169,28.929,489274,489346,2,134.584
1780760370.221,28.982,489274,489346,2,172.558
1780760370.273,29.034,489274,489346,2,133.694
1780760370.326,29.086,489274,489346,2,152.607
1780760370.379,29.139,489274,489346,2,150.941
1780760370.431,29.192,489274,489346,2,171.107
1780760370.488,29.248,489274,489346,2,160.150
1780760370.540,29.301,489274,489346,2,209.210
1780760370.592,29.353,489274,489346,2,152.896
1780760370.645,29.406,489274,489346,2,132.909
1780760370.697,29.458,489274,489346,2,172.435
1780760370.750,29.511,489274,489346,2,188.750
1780760370.807,29.567,489274,489346,2,141.653
1780760370.859,29.620,489274,489346,2,152.392
1780760370.912,29.672,489274,489346,2,133.860
1780760370.964,29.725,489274,489346,2,152.564
1780760371.017,29.777,489274,489346,2,152.317
1780760371.069,29.829,489274,489346,2,134.176
1780760371.121,29.881,489274,489346,2,115.014
1780760371.173,29.934,489274,489346,2,171.113
1780760371.226,29.987,489274,489346,2,114.282
1780760371.281,30.042,489274,489346,2,180.286
1780760371.334,30.094,489274,489346,2,115.151
1780760371.386,30.146,489274,489346,2,171.775
1780760371.441,30.202,489274,489346,2,235.439
1780760371.493,30.254,489274,489346,2,134.085
1780760371.546,30.307,489274,489346,2,151.912
1780760371.599,30.359,489274,489346,2,151.521
1780760371.651,30.412,489274,489346,2,133.760
1780760371.703,30.464,489274,489346,2,152.920
1780760371.756,30.516,489274,489346,2,133.746
1780760371.809,30.569,489274,489346,2,208.397
1780760371.862,30.622,489274,489346,2,150.573
1780760371.914,30.674,489274,489346,2,134.112
1780760371.967,30.728,489274,489346,2,131.619
1780760372.019,30.780,489274,489346,2,153.238
1780760372.072,30.832,489274,489346,2,133.683
1780760372.126,30.887,489274,489346,2,164.318
1780760372.179,30.940,489274,489346,2,227.316
1780760372.233,30.993,489274,489346,2,148.953
1780760372.287,31.048,489274,489346,2,147.521
1780760372.340,31.101,489274,489346,2,132.217
1780760372.395,31.156,489274,489346,2,108.854
1780760372.447,31.208,489274,489346,2,172.555
1780760372.502,31.262,489274,489346,2,165.308
1780760372.554,31.315,489274,489346,2,134.184
1780760372.608,31.368,489274,489346,2,223.287
1780760372.661,31.422,489274,489346,2,150.287
1780760372.714,31.474,489274,489346,2,151.275
1780760372.766,31.527,489274,489346,2,153.470
1780760372.818,31.579,489274,489346,2,134.038
1780760372.871,31.631,489274,489346,2,153.022
1780760372.923,31.684,489274,489346,2,247.162
1780760372.977,31.737,489274,489346,2,149.355
1780760373.030,31.790,489274,489346,2,168.913
1780760373.083,31.844,489274,489346,2,149.720
1780760373.140,31.900,489274,489346,2,142.275
1780760373.192,31.953,489274,489346,2,152.578
1780760373.246,32.006,489274,489346,2,261.869
1780760373.301,32.061,489274,489346,2,144.251
1780760373.353,32.114,489274,489346,2,172.058
1780760373.407,32.168,489274,489346,2,203.480
1780760373.460,32.221,489274,489346,2,132.515
1780760373.513,32.274,489274,489346,2,151.271
1780760373.565,32.326,489274,489346,2,133.925
1780760373.618,32.378,489274,489346,2,152.770
1780760373.670,32.430,489274,489346,2,134.242
1780760373.724,32.484,489274,489346,2,241.761
1780760373.779,32.540,489274,489346,2,162.011
1780760373.833,32.594,489274,489346,2,147.305
1780760373.887,32.647,489274,489346,2,131.601
1780760373.939,32.699,489274,489346,2,133.875
1780760373.991,32.752,489274,489346,2,152.292
1780760374.044,32.804,489274,489346,2,134.205
1780760374.100,32.861,489274,489346,2,123.830
1780760374.153,32.914,489274,489346,2,131.759
1780760374.206,32.966,489274,489346,2,133.947
1780760374.258,33.019,489274,489346,2,209.076
1780760374.310,33.071,489274,489346,2,134.355
1780760374.363,33.123,489274,489346,2,113.889
1780760374.415,33.176,489274,489346,2,153.206
1780760374.467,33.228,489274,489346,2,153.610
1780760374.519,33.280,489274,489346,2,134.216
1780760374.572,33.332,489274,489346,2,152.842
1780760374.625,33.386,489274,489346,2,130.319
1780760374.678,33.438,489274,489346,2,57.313
1780760374.730,33.491,489274,489346,2,171.328
1780760374.783,33.544,489274,489346,2,151.290
1780760374.836,33.596,489274,489346,2,170.601
1780760374.893,33.653,489274,489346,2,141.033
1780760374.945,33.705,489274,489346,2,191.315
1780760374.998,33.758,489274,489346,2,151.045
1780760375.050,33.811,489274,489346,2,134.398
1780760375.103,33.864,489274,489346,2,225.439
1780760375.159,33.920,489274,489346,2,160.252
1780760375.212,33.973,489274,489346,2,132.313
1780760375.265,34.025,489274,489346,2,171.562
1780760375.317,34.077,489274,489346,2,134.295
1780760375.369,34.129,489274,489346,2,153.690
1780760375.421,34.182,489274,489346,2,134.233
1780760375.474,34.235,489274,489346,2,151.097
1780760375.526,34.287,489274,489346,2,134.298
1780760375.579,34.339,489274,489346,2,133.246
1780760375.631,34.391,489274,489346,2,191.508
1780760375.683,34.444,489274,489346,2,133.355
1780760375.736,34.496,489274,489346,2,152.904
1780760375.788,34.548,489274,489346,2,133.943
1780760375.841,34.601,489274,489346,2,189.650
1780760375.893,34.653,489274,489346,2,153.614
1780760375.945,34.705,489274,489346,2,134.214
1780760375.997,34.758,489274,489346,2,152.455
1780760376.050,34.810,489274,489346,2,172.620
1780760376.102,34.862,489274,489346,2,133.909
1780760376.154,34.915,489274,489346,2,152.641
1780760376.206,34.967,489274,489346,2,134.158
1780760376.259,35.019,489274,489346,2,210.752
1780760376.311,35.071,489274,489346,2,153.417
1780760376.365,35.125,489274,489346,2,147.748
1780760376.417,35.178,489274,489346,2,153.022
1780760376.469,35.230,489274,489346,2,134.409
1780760376.521,35.282,489274,489346,2,172.690
1780760376.574,35.334,489274,489346,2,153.382
1780760376.626,35.387,489274,489346,2,151.999
1780760376.680,35.441,489274,489346,2,166.414
1780760376.733,35.493,489274,489346,2,227.746
1780760376.790,35.550,489274,489346,2,141.099
1780760376.842,35.602,489274,489346,2,153.500
1780760376.894,35.655,489274,489346,2,170.841
1780760376.951,35.712,489274,489346,2,211.778
1780760377.003,35.764,489274,489346,2,153.330
1780760377.055,35.816,489274,489346,2,172.419
1780760377.108,35.868,489274,489346,2,209.482
1780760377.161,35.921,489274,489346,2,171.146
1780760377.215,35.976,489274,489346,2,146.942
1780760377.267,36.028,489274,489346,2,153.273
1780760377.320,36.080,489274,489346,2,133.028
1780760377.372,36.133,489274,489346,2,209.419
1780760377.426,36.186,489274,489346,2,150.028
1780760377.479,36.239,489274,489346,2,169.428
1780760377.532,36.293,489274,489346,2,168.700
1780760377.588,36.349,489274,489346,2,160.684
1780760377.640,36.401,489274,489346,2,191.776
1780760377.692,36.453,489274,489346,2,134.294
1780760377.744,36.505,489274,489346,2,153.688
1780760377.800,36.560,489274,489346,2,127.018
1780760377.852,36.612,489274,489346,2,172.417
1780760377.908,36.668,489274,489346,2,179.059
1780760377.960,36.721,489274,489346,2,152.096
1780760378.013,36.774,489274,489346,2,151.654
1780760378.065,36.826,489274,489346,2,134.138
1780760378.117,36.878,489274,489346,2,172.498
1780760378.170,36.930,489274,489346,2,152.999
1780760378.222,36.983,489274,489346,2,152.327
1780760378.276,37.037,489274,489346,2,147.897
1780760378.331,37.091,489274,489346,2,256.652
1780760378.384,37.144,489274,489346,2,131.719
1780760378.436,37.197,489274,489346,2,172.229
1780760378.489,37.249,489274,489346,2,152.715
1780760378.546,37.306,489274,489346,2,104.993
1780760378.600,37.361,489274,489346,2,183.224
1780760378.655,37.415,489274,489346,2,128.702
1780760378.707,37.467,489274,489346,2,153.759
1780760378.759,37.519,489274,489346,2,115.286
1780760378.812,37.572,489274,489346,2,132.678
1780760378.864,37.624,489274,489346,2,171.776
1780760378.916,37.677,489274,489346,2,153.600
1780760378.969,37.729,489274,489346,2,132.631
1780760379.021,37.781,489274,489346,1,192.080
1780760379.075,37.835,489274,489346,1,184.924
1780760379.129,37.889,489274,489346,1,241.960
1780760379.181,37.942,489274,489346,1,171.117
1780760379.234,37.995,489274,489346,1,262.921
1780760379.290,38.050,489274,489346,1,126.403
1780760379.343,38.103,489274,489346,1,169.639
1780760379.396,38.157,489274,489346,1,224.891
1780760379.452,38.213,489274,489346,1,195.709
1780760379.505,38.265,489274,489346,1,171.468
1780760379.560,38.320,489274,489346,1,219.675
1780760379.613,38.373,489274,489346,1,169.633
1780760379.665,38.426,489274,489346,1,189.434
1780760379.718,38.478,489274,489346,1,133.273
1780760379.771,38.531,489274,489346,1,114.002
1780760379.824,38.585,489274,489346,2,187.221
1780760379.878,38.638,489274,489346,2,167.352
1780760379.931,38.691,489274,489346,2,132.132
1780760379.985,38.745,489274,489346,2,167.152
1780760380.042,38.802,489274,489346,2,193.064
1780760380.104,38.864,489274,489346,2,176.323
1780760380.156,38.917,489274,489346,2,134.149
1780760380.209,38.969,489274,489346,2,152.444
1780760380.262,39.022,489274,489346,0,150.186
1780760380.315,39.075,489274,489346,0,150.756
1780760380.368,39.128,489274,489346,0,152.176
1780760380.420,39.180,489274,489346,0,152.562
1780760380.478,39.238,489274,489346,1,121.242
1780760380.530,39.290,489274,489346,1,172.439
1780760380.586,39.347,489274,489346,1,159.443
1780760380.641,39.401,489274,489346,1,109.923
1780760380.693,39.454,489274,489346,1,171.805
1780760380.745,39.506,489274,489346,1,134.146
1780760380.799,39.559,489274,489346,1,94.225
1780760380.851,39.611,489274,489346,1,115.225
1780760380.903,39.663,489274,489346,1,172.086
1780760380.955,39.716,489274,489346,1,133.679
1780760381.008,39.768,489274,489346,1,95.735
1780760381.060,39.820,489274,489346,1,57.562
1780760381.112,39.872,489274,489346,1,153.042
1780760381.165,39.925,489274,489346,1,132.898
1780760381.217,39.977,489274,489346,1,133.753
1780760381.269,40.029,489274,489346,1,57.679
1780760381.321,40.082,489274,489346,1,38.198
1780760381.376,40.137,489274,489346,1,181.784
1780760381.432,40.193,489274,489346,1,161.138
1780760381.484,40.245,489274,489346,1,134.500
1780760381.538,40.299,489274,489346,1,55.246
1780760381.592,40.353,489274,489346,1,37.060
1780760381.645,40.406,489274,489346,1,57.112
1780760381.698,40.458,489274,489346,1,37.855
1780760381.751,40.512,489274,489346,1,93.714
1780760381.806,40.566,489274,489346,1,182.752
1780760381.858,40.618,489274,489346,1,134.763
1780760381.911,40.671,489274,489346,1,132.857
1780760381.963,40.723,489274,489346,1,57.642
1780760382.015,40.775,489274,489346,1,38.481
1780760382.067,40.827,489274,489346,1,153.892
1780760382.119,40.880,489274,489346,3,152.048
1780760382.172,40.933,489274,489346,3,150.992
1780760382.225,40.985,489274,489346,3,113.755
1780760382.278,41.038,489274,489346,3,56.939
1780760382.330,41.090,489274,489346,3,0.000
1780760382.382,41.142,489274,489346,3,96.231
1780760382.434,41.194,489274,489346,3,173.060
1780760382.486,41.246,489274,489346,3,133.865
1780760382.538,41.298,489274,489346,3,153.890
1780760382.590,41.350,489274,489346,3,96.175
1780760382.642,41.402,489274,489346,3,38.521
1780760382.694,41.454,489274,489346,3,38.537
1780760382.746,41.506,489274,489346,3,57.792
1780760382.798,41.558,489274,489346,3,57.725
1780760382.850,41.610,489274,489346,3,114.541
1780760382.903,41.663,489274,489346,3,151.366
1780760382.956,41.716,489274,489346,3,151.555
1780760383.008,41.769,489274,489346,3,133.274
1780760383.060,41.821,489274,489346,3,57.663
1780760383.113,41.873,489274,489346,3,37.957
1780760383.165,41.925,489274,489346,3,57.672
1780760383.217,41.977,489274,489346,3,57.634
1780760383.269,42.029,489274,489346,3,57.697
1780760383.321,42.082,489274,489346,3,57.319
1780760383.374,42.134,489274,489346,3,152.495
1780760383.427,42.187,489274,489346,3,169.211
1780760383.480,42.240,489274,489346,3,151.506
1780760383.532,42.293,489274,489346,3,114.372
1780760383.587,42.347,489274,489346,3,54.852
1780760383.639,42.399,489274,489346,3,38.498
1780760383.691,42.452,489274,489346,3,57.048
1780760383.744,42.504,489274,489346,3,38.045
1780760383.797,42.557,489274,489346,3,56.857
1780760383.849,42.610,489274,489346,3,56.984
1780760383.902,42.663,489274,489346,3,56.997
1780760383.954,42.714,489274,489346,3,57.727
1780760384.006,42.766,489274,489346,3,38.485
1780760384.058,42.818,489274,489346,3,76.927
1780760384.110,42.871,489274,489346,3,38.129
1780760384.162,42.923,489274,489346,3,57.680
1780760384.214,42.975,489274,489346,3,153.727
1780760384.267,43.028,489274,489346,3,170.703
1780760384.319,43.080,489274,489346,3,152.837
1780760384.376,43.136,489274,489346,3,160.013
1780760384.428,43.189,489274,489346,3,191.131
1780760384.480,43.241,489274,489346,3,153.510
1780760384.535,43.296,489274,489346,3,164.038
1780760384.588,43.348,489274,489346,3,114.256
1780760384.640,43.401,489274,489346,3,57.208
1780760384.692,43.453,489274,489346,3,57.682
1780760384.744,43.504,489274,489346,3,57.731
1780760384.796,43.556,489274,489346,3,57.765
1780760384.848,43.608,489274,489346,3,57.611
1780760384.900,43.660,489274,489346,3,96.234
1780760384.952,43.713,489274,489346,3,171.910
1780760385.005,43.765,489274,489346,3,133.418
1780760385.058,43.819,489274,489346,1,149.826
1780760385.112,43.873,489274,489346,1,166.366
1780760385.164,43.925,489274,489346,1,57.489
1780760385.217,43.978,489274,489346,1,57.034
1780760385.269,44.030,489274,489346,1,57.536
1780760385.322,44.083,489274,489346,1,169.358
1780760385.376,44.136,489274,489346,1,168.906
1780760385.433,44.193,489274,489346,1,175.674
1780760385.489,44.250,489274,489346,1,159.234
1780760385.545,44.305,489274,489346,1,108.117
1780760385.598,44.359,489274,489346,1,186.875
1780760385.650,44.411,489274,489346,1,152.688
1780760385.704,44.464,489274,489346,1,169.438
1780760385.756,44.516,489274,489346,1,152.780
1780760385.808,44.569,489274,489346,1,133.370
1780760385.861,44.622,489274,489346,1,170.781
1780760385.913,44.674,489274,489346,1,153.072
1780760385.966,44.727,489274,489346,1,151.626
1780760386.018,44.779,489274,489346,1,153.387
1780760386.071,44.832,489274,489346,1,75.854
1780760386.124,44.884,489274,489346,1,151.630
1780760386.177,44.937,489274,489346,1,151.334
1780760386.230,44.990,489274,489346,1,150.724
1780760386.282,45.043,489274,489346,1,189.708
1780760386.335,45.095,489274,489346,1,153.209
1780760386.387,45.148,489274,489346,1,189.287
1780760386.440,45.200,489274,489346,1,133.416
1780760386.492,45.252,489274,489346,1,153.895
1780760386.544,45.305,489274,489346,1,152.870
1780760386.596,45.357,489274,489346,1,172.596
1780760386.654,45.415,489274,489346,1,155.207
1780760386.707,45.467,489274,489346,1,152.252
1780760386.759,45.520,489274,489346,1,171.939
1780760386.814,45.574,489274,489346,1,146.371
1780760386.867,45.627,489274,489346,1,114.052
1780760386.919,45.679,489274,489346,1,57.608
1780760386.971,45.731,489274,489346,1,57.620
1780760387.024,45.785,489274,489346,1,186.360
1780760387.078,45.839,489274,489346,1,148.203
1780760387.131,45.891,489274,489346,1,171.799
1780760387.188,45.948,489274,489346,1,158.391
1780760387.244,46.004,489274,489346,1,124.387
1780760387.297,46.058,489274,489346,1,149.311
1780760387.352,46.113,489274,489346,1,164.777
1780760387.404,46.165,489274,489346,1,152.479
1780760387.457,46.217,489274,489346,1,152.662
1780760387.512,46.272,489274,489346,1,164.239
1780760387.564,46.325,489274,489346,1,152.203
1780760387.617,46.378,489274,489346,1,75.662
1780760387.669,46.430,489274,489346,1,38.181
1780760387.723,46.483,489274,489346,1,168.956
1780760387.777,46.538,489274,489346,1,146.622
1780760387.832,46.592,489274,489346,1,147.035
1780760387.887,46.647,489274,489346,1,163.186
1780760387.942,46.703,489274,489346,1,161.851
1780760387.995,46.755,489274,489346,1,153.234
1780760388.048,46.808,489274,489346,1,56.750
1780760388.100,46.861,489274,489346,1,95.035
1780760388.156,46.916,489274,489346,1,162.309
1780760388.208,46.969,489274,489346,1,170.523
1780760388.261,47.021,489274,489346,1,152.258
1780760388.313,47.074,489274,489346,1,134.091
1780760388.365,47.126,489274,489346,1,153.257
1780760388.417,47.178,489274,489346,1,115.071
1780760388.470,47.230,489274,489346,1,57.635
1780760388.522,47.282,489274,489346,0,57.368
1780760388.575,47.335,489274,489346,0,56.573
1780760388.627,47.388,489274,489346,2,171.174
1780760388.681,47.441,489274,489346,2,149.891
1780760388.738,47.498,489274,489346,2,175.219
1780760388.793,47.554,489274,489346,2,144.751
1780760388.847,47.607,489274,489346,2,149.719
1780760388.903,47.664,489274,489346,2,141.225
1780760388.956,47.717,489274,489346,2,170.366
1780760389.008,47.769,489274,489346,0,153.171
1780760389.062,47.823,489274,489346,0,167.608
1780760389.116,47.876,489274,489346,0,129.899
1780760389.168,47.929,489274,489346,0,172.101
1780760389.220,47.981,489274,489346,0,152.854
1780760389.274,48.035,489274,489346,0,130.490
1780760389.330,48.090,489274,489346,2,198.625
1780760389.382,48.143,489274,489346,2,152.254
1780760389.438,48.198,489274,489346,2,162.086
1780760389.490,48.250,489274,489346,2,133.861
1780760389.543,48.304,489274,489346,2,150.343
1780760389.596,48.357,489274,489346,2,150.188
1780760389.649,48.409,489274,489346,2,152.861
1780760389.701,48.461,489274,489346,2,57.667
1780760389.753,48.514,489274,489346,2,57.151
1780760389.805,48.566,489274,489346,2,57.715
1780760389.862,48.623,489274,489346,2,35.195
1780760389.914,48.675,489274,489346,2,57.694
1780760389.966,48.727,489274,489346,2,57.665
1780760390.018,48.779,489274,489346,2,57.679
1780760390.070,48.831,489274,489346,2,153.781
1780760390.122,48.883,489274,489346,2,210.866
1780760390.176,48.936,489274,489346,2,149.521
1780760390.230,48.990,489274,489346,2,167.381
1780760390.284,49.045,489274,489346,2,146.467
1780760390.338,49.098,489274,489346,2,186.827
1780760390.394,49.155,489274,489346,2,123.496
1780760390.448,49.209,489274,489346,2,129.987
1780760390.502,49.262,489274,489346,2,224.047
1780760390.554,49.315,489274,489346,2,248.944
1780760390.607,49.368,489274,489346,2,226.022
1780760390.659,49.420,489274,489346,2,248.676
1780760390.713,49.473,489274,489346,2,263.017
1780760390.765,49.526,489274,489346,2,227.110
1780760390.818,49.578,489274,489346,2,210.644
1780760390.870,49.630,489274,489346,2,172.960
1780760390.926,49.686,489274,489346,2,231.216
1780760390.983,49.744,489274,489346,2,156.705
1780760391.038,49.798,489274,489346,2,146.794
1780760391.090,49.851,489274,489346,2,152.007
1780760391.146,49.907,489274,489346,2,160.613
1780760391.199,49.959,489274,489346,2,133.711
1780760391.252,50.012,489274,489346,2,113.789
1780760391.304,50.064,489274,489346,2,38.458
1780760391.356,50.116,489274,489346,2,57.699
1780760391.408,50.168,489274,489346,2,38.492
1780760391.460,50.220,489274,489346,2,57.536
1780760391.512,50.273,489274,489346,2,114.335
1780760391.565,50.326,489274,489346,2,187.487
1780760391.618,50.378,489274,489346,2,172.107
1780760391.671,50.432,489274,489346,2,169.061
1780760391.724,50.484,489274,489346,2,189.292
1780760391.777,50.538,489274,489346,2,149.357
1780760391.830,50.591,489274,489346,2,170.624
1780760391.882,50.643,489274,489346,2,191.402
1780760391.940,50.701,489274,489346,2,103.904
1780760391.992,50.753,489274,489346,2,172.296
1780760392.045,50.805,489274,489346,2,247.787
1780760392.105,50.865,489274,489346,2,167.114
1780760392.157,50.917,489274,489346,2,134.358
1780760392.209,50.970,489274,489346,2,153.024
1780760392.261,51.022,489274,489346,2,171.997
1780760392.314,51.074,489274,489346,2,134.307
1780760392.367,51.128,489274,489346,2,205.015
1780760392.419,51.180,489274,489346,2,191.580
1780760392.473,51.233,489274,489346,2,205.988
1780760392.527,51.288,489274,489346,2,146.579
1780760392.582,51.342,489274,489346,2,183.454
1780760392.634,51.394,489274,489346,2,172.695
1780760392.693,51.454,489274,489346,2,151.790
1780760392.747,51.507,489274,489346,2,149.208
1780760392.800,51.561,489274,489346,2,150.026
1780760392.854,51.614,489274,489346,2,187.502
1780760392.906,51.666,489274,489346,2,229.449
1780760392.959,51.720,489274,489346,2,131.417
1780760393.012,51.772,489274,489346,2,171.670
1780760393.064,51.824,489274,489346,2,153.220
1780760393.116,51.877,489274,489346,2,132.765
1780760393.170,51.931,489274,489346,2,277.617
1780760393.224,51.984,489274,489346,2,244.783
1780760393.277,52.037,489274,489346,2,169.722
1780760393.329,52.089,489274,489346,2,152.942
1780760393.384,52.145,489274,489346,2,145.178
1780760393.436,52.197,489274,489346,2,172.543
1780760393.491,52.252,489274,489346,2,271.235
1780760393.547,52.307,489274,489346,2,253.143
1780760393.600,52.360,489274,489346,2,151.169
1780760393.652,52.413,489274,489346,2,171.132
1780760393.704,52.465,489274,489346,2,134.202
1780760393.757,52.517,489274,489346,2,172.353
1780760393.809,52.569,489274,489346,2,134.143
1780760393.861,52.622,489274,489346,2,153.402
1780760393.914,52.674,489274,489346,2,247.480
1780760393.970,52.730,489274,489346,2,230.726
1780760394.026,52.786,489274,489346,2,214.592
1780760394.081,52.841,489274,489346,2,146.161
1780760394.134,52.895,489274,489346,2,148.683
1780760394.187,52.948,489274,489346,2,151.786
1780760394.240,53.000,489274,489346,2,266.861
1780760394.293,53.053,489274,489346,2,244.845
1780760394.345,53.106,489274,489346,2,171.869
1780760394.397,53.158,489274,489346,2,229.398
1780760394.450,53.210,489274,489346,3,248.875
1780760394.502,53.262,489274,489346,3,248.663
1780760394.557,53.317,489274,489346,3,237.283
1780760394.610,53.370,489274,489346,3,244.941
1780760394.662,53.423,489274,489346,3,304.792
1780760394.724,53.484,489274,489346,3,291.743
1780760394.780,53.541,489274,489346,3,266.294
1780760394.833,53.594,489274,489346,3,207.783
1780760394.892,53.653,489274,489346,3,135.245
1780760394.950,53.710,489274,489346,3,243.539
1780760395.003,53.764,489274,489346,3,205.209
1780760395.056,53.816,489274,489346,3,172.157
1780760395.108,53.868,489274,489346,3,133.895
1780760395.161,53.921,489274,489346,3,151.505
1780760395.213,53.974,489274,489346,3,133.107
1780760395.266,54.026,489274,489346,3,152.151
1780760395.322,54.082,489274,489346,3,160.792
1780760395.376,54.137,489274,489346,3,165.891
1780760395.428,54.189,489274,489346,3,134.211
1780760395.482,54.242,489274,489346,3,149.975
1780760395.536,54.296,489274,489346,3,129.657
1780760395.588,54.348,489274,489346,3,172.627
1780760395.640,54.401,489274,489346,3,210.014
1780760395.693,54.453,489274,489346,3,228.753
1780760395.745,54.505,489274,489346,3,152.985
1780760395.797,54.558,489274,489346,3,134.320
1780760395.849,54.610,489274,489346,3,152.618
1780760395.902,54.662,489274,489346,3,153.443
1780760395.954,54.714,489274,489346,3,134.283
1780760396.006,54.767,489274,489346,3,151.610
1780760396.059,54.820,489274,489346,3,151.483
1780760396.112,54.872,489274,489346,3,229.331
1780760396.169,54.930,489274,489346,3,173.974
1780760396.221,54.982,489274,489346,3,133.591
1780760396.277,55.037,489274,489346,3,181.331
1780760396.332,55.093,489274,489346,3,162.008
1780760396.385,55.145,489274,489346,3,132.792
1780760396.438,55.199,489274,489346,3,150.564
1780760396.494,55.255,489274,489346,3,231.254
1780760396.549,55.310,489274,489346,3,217.914
1780760396.602,55.362,489274,489346,3,152.298
1780760396.654,55.414,489274,489346,3,153.434
1780760396.706,55.467,489274,489346,3,134.219
1780760396.759,55.519,489274,489346,3,151.996
1780760396.812,55.572,489274,489346,3,150.666
1780760396.864,55.625,489274,489346,3,153.324
1780760396.916,55.677,489274,489346,3,190.705
1780760396.972,55.733,489274,489346,3,215.523
1780760397.025,55.786,489274,489346,3,169.266
1780760397.081,55.841,489274,489346,3,162.174
1780760397.134,55.894,489274,489346,3,150.978
1780760397.186,55.947,489274,489346,3,152.892
1780760397.244,56.005,489274,489346,3,137.309
1780760397.296,56.057,489274,489346,3,153.656
1780760397.350,56.111,489274,489346,3,222.324
1780760397.404,56.164,489274,489346,3,206.580
1780760397.456,56.216,489274,489346,3,153.497
1780760397.508,56.269,489274,489346,3,152.861
1780760397.560,56.321,489274,489346,3,133.861
1780760397.613,56.373,489274,489346,3,153.353
1780760397.665,56.425,489274,489346,3,134.459
1780760397.717,56.478,489274,489346,3,248.081
1780760397.769,56.530,489274,489346,3,209.883
1780760397.824,56.584,489274,489346,3,184.507
1780760397.876,56.637,489274,489346,3,171.401
1780760397.928,56.689,489274,489346,3,172.357
1780760397.985,56.745,489274,489346,3,159.663
1780760398.037,56.797,489274,489346,3,153.497
1780760398.092,56.853,489274,489346,3,162.815
1780760398.144,56.905,489274,489346,3,133.839
1780760398.197,56.958,489274,489346,3,150.879
1780760398.250,57.010,489274,489346,3,134.294
1780760398.302,57.062,489274,489346,3,95.672
1780760398.354,57.115,489274,489346,3,230.169
1780760398.406,57.167,489274,489346,3,229.256
1780760398.459,57.219,489274,489346,3,133.948
1780760398.512,57.273,489274,489346,3,168.391
1780760398.564,57.325,489274,489346,3,153.104
1780760398.616,57.377,489274,489346,3,153.434
1780760398.668,57.429,489274,489346,3,153.657
1780760398.721,57.481,489274,489346,3,171.920
1780760398.775,57.536,489274,489346,3,147.125
1780760398.828,57.589,489274,489346,3,188.504
1780760398.881,57.642,489274,489346,3,151.134
1780760398.933,57.694,489274,489346,3,95.724
1780760398.986,57.746,489274,489346,3,57.609
1780760399.037,57.798,489274,489346,3,38.527
1780760399.089,57.850,489274,489346,3,76.904
1780760399.144,57.905,489274,489346,3,201.047
1780760399.196,57.957,489274,489346,3,248.601
1780760399.250,58.011,489274,489346,3,241.826
1780760399.308,58.069,489274,489346,3,257.434
1780760399.362,58.122,489274,489346,3,243.259
1780760399.415,58.176,489274,489346,3,244.243
1780760399.467,58.228,489274,489346,3,248.622
1780760399.520,58.281,489274,489346,3,264.428
1780760399.578,58.339,489274,489346,3,259.832
1780760399.632,58.393,489274,489346,3,166.298
1780760399.684,58.445,489274,489346,2,172.352
1780760399.738,58.499,489274,489346,2,223.802
1780760399.791,58.552,489274,489346,2,169.085
1780760399.844,58.605,489274,489346,2,169.918
1780760399.960,58.720,489274,489346,2,147.016
1780760400.013,58.774,489274,489346,2,149.952
1780760400.066,58.826,489274,489346,2,152.426
1780760400.120,58.880,489274,489346,3,148.404
1780760400.173,58.934,489274,489346,3,167.288
1780760400.227,58.988,489274,489346,3,185.848
1780760400.281,59.042,489274,489346,3,260.438
1780760400.336,59.096,489274,489346,3,201.668
1780760400.389,59.149,489274,489346,3,149.900
1780760400.445,59.205,489274,489346,3,161.365
1780760400.497,59.258,489274,489346,3,152.548
1780760400.550,59.311,489274,489346,3,150.950
1780760400.603,59.364,489274,489346,3,150.682
1780760400.658,59.419,489274,489346,3,145.954
1780760400.712,59.472,489274,489346,3,168.239
1780760400.764,59.525,489274,489346,3,208.428
1780760400.818,59.578,489274,489346,3,225.070
1780760400.871,59.631,489274,489346,3,169.459
1780760400.927,59.688,489274,489346,3,159.530
1780760400.981,59.741,489274,489346,3,149.519
1780760401.033,59.793,489274,489346,3,210.878
1780760401.092,59.853,489274,489346,3,219.032
1780760401.146,59.906,489274,489346,3,149.250
1780760401.199,59.959,489274,489346,3,169.621
1780760401.252,60.012,489274,489346,3,150.950
1780760401.305,60.066,489274,489346,3,169.118
1780760401.357,60.118,489274,489346,3,57.676
1780760401.409,60.170,489274,489346,3,38.501
1780760401.461,60.222,489274,489346,3,57.506
1780760401.513,60.274,489274,489346,2,76.737
1780760401.565,60.326,489274,489346,2,38.439
1780760401.617,60.378,489274,489346,2,57.669
1780760401.669,60.430,489274,489346,2,57.674
1780760401.722,60.482,489274,489346,2,152.704
1780760401.775,60.536,489274,489346,2,260.850
1780760401.829,60.590,489274,489346,3,166.474
1780760401.882,60.642,489274,489346,3,152.837
1780760401.938,60.698,489274,489346,3,142.860
1780760401.993,60.753,489274,489346,3,163.995
1780760402.046,60.806,489274,489346,3,131.666
1780760402.099,60.859,489274,489346,3,56.912
1780760402.151,60.912,489274,489346,3,76.265
1780760402.203,60.964,489274,489346,3,57.726
1780760402.255,61.016,489274,489346,3,38.426
1780760402.307,61.068,489274,489346,3,134.587
1780760402.359,61.120,489274,489346,3,191.951
1780760402.414,61.174,489274,489346,3,200.757
1780760402.466,61.227,489274,489346,0,172.401
1780760402.518,61.279,489274,489346,0,134.677
1780760402.571,61.331,489274,489346,0,170.993
1780760402.624,61.385,489274,489346,0,149.026
1780760402.679,61.439,489274,489346,0,202.827
1780760402.731,61.492,489274,489346,0,227.812
1780760402.785,61.545,489274,489346,0,169.031
1780760402.837,61.598,489274,489346,0,170.469
1780760402.890,61.651,489274,489346,0,151.250
1780760402.944,61.704,489274,489346,0,168.919
1780760402.999,61.760,489274,489346,0,143.612
1780760403.051,61.812,489274,489346,0,76.835
1780760403.103,61.864,489274,489346,0,38.444
1780760403.155,61.916,489274,489346,0,115.366
1780760403.208,61.968,489274,489346,1,210.335
1780760403.261,62.021,489274,489346,1,225.978
1780760403.313,62.073,489274,489346,1,153.236
1780760403.365,62.126,489274,489346,1,171.662
1780760403.418,62.178,489274,489346,1,171.570
1780760403.470,62.231,489274,489346,1,153.358
1780760403.524,62.285,489274,489346,1,222.273
1780760403.577,62.337,489274,489346,1,208.733
1780760403.630,62.390,489274,489346,1,207.710
1780760403.684,62.445,489274,489346,1,183.512
1780760403.737,62.497,489274,489346,1,152.311
1780760403.791,62.551,489274,489346,1,148.449
1780760403.847,62.607,489274,489346,1,159.800
1780760403.903,62.664,489274,489346,1,178.145
1780760403.955,62.716,489274,489346,1,267.174
1780760404.008,62.769,489274,489346,1,246.041
1780760404.061,62.822,489274,489346,1,262.988
1780760404.115,62.876,489274,489346,1,240.700
1780760404.168,62.929,489274,489346,1,246.290
1780760404.222,62.983,489274,489346,1,278.392
1780760404.275,63.035,489274,489346,1,227.598
1780760404.329,63.090,489274,489346,1,238.254
1780760404.384,63.145,489274,489346,1,164.038
1780760404.437,63.197,489274,489346,1,152.581
1780760404.490,63.250,489274,489346,1,170.569
1780760404.545,63.305,489274,489346,1,181.847
1780760404.597,63.358,489274,489346,1,227.277
1780760404.650,63.411,489274,489346,1,208.747
1780760404.703,63.464,489274,489346,1,131.281
1780760404.757,63.517,489274,489346,1,169.059
1780760404.809,63.569,489274,489346,1,153.274
1780760404.862,63.622,489274,489346,1,151.468
1780760404.914,63.674,489274,489346,2,229.483
1780760404.966,63.727,489274,489346,2,172.115
1780760405.018,63.779,489274,489346,1,191.021
1780760405.071,63.831,489274,489346,1,134.070
1780760405.124,63.884,489274,489346,1,169.076
1780760405.180,63.940,489274,489346,1,125.554
1780760405.232,63.993,489274,489346,1,190.229
1780760405.286,64.046,489274,489346,1,224.151
1780760405.341,64.101,489274,489346,1,236.342
1780760405.395,64.156,489274,489346,1,146.295
1780760405.448,64.209,489274,489346,1,170.458
1780760405.501,64.262,489274,489346,1,151.704
1780760405.553,64.314,489274,489346,1,114.760
1780760405.606,64.366,489274,489346,1,189.928
1780760405.658,64.419,489274,489346,1,210.747
1780760405.712,64.472,489274,489346,1,168.006
1780760405.764,64.524,489274,489346,3,172.335
1780760405.816,64.577,489274,489346,3,114.978
1780760405.868,64.629,489274,489346,3,210.882
1780760405.921,64.681,489274,489346,2,209.938
1780760405.975,64.736,489274,489346,2,164.870
1780760406.028,64.789,489274,489346,2,151.781
1780760406.080,64.841,489274,489346,2,114.820
1780760406.136,64.896,489274,489346,2,216.975
1780760406.189,64.949,489274,489346,2,243.425
1780760406.241,65.002,489274,489346,2,134.297
1780760406.293,65.054,489274,489346,2,153.021
1780760406.345,65.106,489274,489346,2,76.722
1780760406.397,65.158,489274,489346,2,57.798
1780760406.449,65.210,489274,489346,2,96.170
1780760406.502,65.262,489274,489346,2,210.640
1780760406.555,65.315,489274,489346,2,206.538
1780760406.607,65.368,489274,489346,2,114.221
1780760406.660,65.420,489274,489346,2,76.168
1780760406.712,65.473,489274,489346,2,38.345
1780760406.764,65.525,489274,489346,2,153.612
1780760406.817,65.577,489274,489346,2,228.211
1780760406.869,65.630,489274,489346,2,132.640
1780760406.923,65.683,489274,489346,2,131.986
1780760406.975,65.735,489274,489346,2,114.906
1780760407.027,65.788,489274,489346,2,38.161
1780760407.079,65.840,489274,489346,2,76.749
1780760407.131,65.892,489274,489346,2,57.476
1780760407.184,65.945,489274,489346,2,170.907
1780760407.237,65.997,489274,489346,2,266.734
1780760407.291,66.052,489274,489346,2,238.065
1780760407.345,66.105,489274,489346,2,280.940
1780760407.399,66.159,489274,489346,2,277.900
1780760407.451,66.211,489274,489346,2,248.865
1780760407.503,66.264,489274,489346,2,286.255
1780760407.556,66.317,489274,489346,2,301.948
1780760407.609,66.369,489274,489346,2,228.306
1780760407.662,66.423,489274,489346,2,205.780
1780760407.714,66.475,489274,489346,2,134.153
1780760407.767,66.527,489274,489346,2,172.419
1780760407.820,66.581,489274,489346,2,242.222
1780760407.873,66.634,489274,489346,2,151.176
1780760407.928,66.688,489274,489346,2,128.538
1780760407.986,66.747,489274,489346,2,51.442
1780760408.038,66.799,489274,489346,2,191.538
1780760408.091,66.852,489274,489346,2,263.102
1780760408.148,66.909,489274,489346,2,140.429
1780760408.200,66.961,489274,489346,2,38.458
1780760408.252,67.013,489274,489346,2,115.290
1780760408.305,67.065,489274,489346,2,230.103
1780760408.357,67.118,489274,489346,2,190.383
1780760408.410,67.171,489274,489346,2,93.917
1780760408.462,67.223,489274,489346,2,38.407
1780760408.514,67.275,489274,489346,2,172.950
1780760408.567,67.327,489274,489346,2,229.220
1780760408.621,67.382,489274,489346,2,165.032
1780760408.674,67.435,489274,489346,2,113.294
1780760408.726,67.487,489274,489346,2,57.487
1780760408.779,67.540,489274,489346,2,209.482
1780760408.834,67.594,489274,489346,2,255.967
1780760408.890,67.650,489274,489346,2,106.877
1780760408.942,67.703,489274,489346,2,95.387
1780760408.999,67.759,489274,489346,2,194.365
1780760409.051,67.812,489274,489346,2,229.441
1780760409.104,67.864,489274,489346,2,132.742
1780760409.156,67.917,489274,489346,2,134.146
1780760409.209,67.969,489274,489346,2,209.729
1780760409.262,68.023,489274,489346,2,185.442
1780760409.315,68.075,489274,489346,2,133.918
1780760409.367,68.128,489274,489346,2,152.125
1780760409.420,68.180,489274,489346,2,247.694
1780760409.477,68.237,489274,489346,2,245.129
1780760409.530,68.291,489274,489346,2,319.397
1780760409.584,68.344,489274,489346,2,242.735
1780760409.639,68.399,489274,489346,2,235.648
1780760409.692,68.453,489274,489346,2,300.367
1780760409.753,68.513,489274,489346,2,230.424
1780760409.806,68.567,489274,489346,2,244.610
1780760409.859,68.620,489274,489346,2,206.646
1780760409.913,68.674,489274,489346,2,204.117
1780760409.966,68.726,489274,489346,2,151.526
1780760410.018,68.778,489274,489346,2,134.617
1780760410.071,68.831,489274,489346,2,247.200
1780760410.123,68.884,489274,489346,2,152.235
1780760410.175,68.936,489274,489346,2,95.706
1780760410.228,68.988,489274,489346,2,57.253
1780760410.280,69.040,489274,489346,2,211.239
1780760410.333,69.093,489274,489346,2,245.088
1780760410.393,69.154,489274,489346,2,149.009
1780760410.447,69.208,489274,489346,2,129.300
1780760410.501,69.262,489274,489346,2,222.740
1780760410.557,69.318,489274,489346,2,213.505
1780760410.610,69.371,489274,489346,2,132.448
1780760410.668,69.429,489274,489346,2,155.533
1780760410.721,69.481,489274,489346,2,229.032
1780760410.778,69.538,489274,489346,2,191.985
1780760410.830,69.591,489274,489346,2,133.416
1780760410.883,69.643,489274,489346,2,190.742
1780760410.939,69.699,489274,489346,2,213.770
1780760410.996,69.757,489274,489346,2,139.875
1780760411.049,69.810,489274,489346,0,206.874
1780760411.102,69.863,489274,489346,0,208.112
1780760411.155,69.916,489274,489346,0,225.673
1780760411.207,69.968,489274,489346,0,114.954
1780760411.260,70.020,489274,489346,0,172.448
1780760411.313,70.074,489274,489346,1,205.668
1780760411.366,70.127,489274,489346,1,227.048
1780760411.418,70.179,489274,489346,1,95.828
1780760411.471,70.232,489274,489346,2,206.952
1780760411.525,70.286,489274,489346,2,258.599
1780760411.580,70.341,489274,489346,2,255.471
1780760411.634,70.394,489274,489346,2,298.255
1780760411.688,70.448,489274,489346,2,223.296
1780760411.740,70.501,489274,489346,2,247.655
1780760411.793,70.554,489274,489346,2,225.729
1780760411.848,70.608,489274,489346,2,293.344
1780760411.902,70.662,489274,489346,2,259.205
1780760411.956,70.716,489274,489346,2,242.231
1780760412.012,70.773,489274,489346,2,263.608
1780760412.065,70.826,489274,489346,2,170.019
1780760412.118,70.878,489274,489346,2,229.802
1780760412.172,70.933,489274,489346,2,238.898
1780760412.228,70.989,489274,489346,2,213.509
1780760412.283,71.044,489274,489346,2,217.874
1780760412.349,71.110,489274,489346,2,197.250
1780760412.402,71.163,489274,489346,2,189.318
1780760412.454,71.215,489274,489346,2,210.264
1780760412.508,71.269,489274,489346,2,148.256
1780760412.561,71.321,489274,489346,2,171.665
1780760412.615,71.375,489274,489346,2,221.808
1780760412.667,71.428,489274,489346,2,95.433
1780760412.719,71.480,489274,489346,2,173.038
1780760412.773,71.533,489274,489346,0,205.044
1780760412.826,71.587,489274,489346,0,112.545
1780760412.878,71.639,489274,489346,0,57.351
1780760412.931,71.691,489274,489346,0,38.383
1780760412.983,71.744,489274,489346,0,208.446
1780760413.043,71.804,489274,489346,0,183.622
1780760413.095,71.856,489274,489346,0,57.432
1780760413.148,71.908,489274,489346,0,38.383
1780760413.200,71.960,489274,489346,0,153.847
1780760413.252,72.012,489274,489346,0,210.161
1780760413.305,72.065,489274,489346,0,226.801
1780760413.357,72.118,489274,489346,0,171.343
1780760413.410,72.170,489274,489346,0,210.980
1780760413.462,72.222,489274,489346,0,249.150
1780760413.515,72.275,489274,489346,0,244.928
1780760413.567,72.328,489274,489346,0,172.255
1780760413.619,72.380,489274,489346,0,76.647
1780760413.672,72.433,489274,489346,1,170.352
1780760413.726,72.486,489274,489346,1,224.074
1780760413.781,72.542,489274,489346,1,180.547
1780760413.836,72.597,489274,489346,1,72.735
1780760413.891,72.652,489274,489346,1,72.536
1780760413.943,72.704,489274,489346,2,191.778
1780760414.005,72.765,489274,489346,0,244.582
1780760414.057,72.818,489274,489346,0,132.464
1780760414.109,72.870,489274,489346,0,57.691
1780760414.162,72.923,489274,489346,0,114.144
1780760414.215,72.975,489274,489346,0,227.976
1780760414.267,73.028,489274,489346,0,208.979
1780760414.320,73.080,489274,489346,0,133.822
1780760414.372,73.132,489274,489346,0,57.610
1780760414.424,73.185,489274,489346,0,57.225
1780760414.476,73.237,489274,489346,0,38.324
1780760414.529,73.289,489274,489346,0,57.362
1780760414.581,73.341,489274,489346,0,191.953
1780760414.634,73.394,489274,489346,0,244.357
1780760414.693,73.454,489274,489346,0,184.749
1780760414.746,73.507,489274,489346,0,132.908
1780760414.798,73.559,489274,489346,0,115.060
1780760414.851,73.612,489274,489346,0,207.562
1780760414.905,73.666,489274,489346,0,222.945
1780760414.957,73.718,489274,489346,0,134.062
1780760415.010,73.770,489274,489346,0,191.009
1780760415.062,73.823,489274,489346,1,208.226
1780760415.115,73.875,489274,489346,3,229.162
1780760415.168,73.928,489274,489346,3,132.186
1780760415.220,73.980,489274,489346,1,210.718
1780760415.274,74.034,489274,489346,2,205.314
1780760415.326,74.086,489274,489346,2,248.323
1780760415.379,74.139,489274,489346,2,151.135
1780760415.431,74.192,489274,489346,2,229.576
1780760415.486,74.247,489274,489346,2,236.501
1780760415.538,74.299,489274,489346,2,210.043
1780760415.594,74.354,489274,489346,2,163.326
1780760415.646,74.406,489274,489346,2,229.553
1780760415.699,74.460,489274,489346,2,244.010
1780760415.752,74.512,489274,489346,2,247.994
1780760415.805,74.565,489274,489346,2,244.248
1780760415.858,74.619,489274,489346,2,243.962
1780760415.911,74.671,489274,489346,2,247.406
1780760415.963,74.723,489274,489346,2,248.851
1780760416.015,74.776,489274,489346,2,248.957
1780760416.067,74.828,489274,489346,2,248.901
1780760416.120,74.881,489274,489346,2,188.822
1780760416.173,74.934,489274,489346,1,56.394
1780760416.226,74.986,489274,489346,1,57.564
1780760416.278,75.038,489274,489346,1,171.823
1780760416.330,75.091,489274,489346,1,210.085
1780760416.383,75.144,489274,489346,1,244.476
1780760416.440,75.201,489274,489346,1,141.130
1780760416.498,75.258,489274,489346,1,173.411
1780760416.550,75.311,489274,489346,1,210.357
1780760416.602,75.363,489274,489346,1,267.271
1780760416.655,75.415,489274,489346,1,209.742
1780760416.707,75.468,489274,489346,1,152.377
1780760416.760,75.520,489274,489346,1,152.409
1780760416.812,75.573,489274,489346,1,191.462
1780760416.864,75.625,489274,489346,1,192.292
1780760416.916,75.677,489274,489346,1,229.665
1780760416.969,75.729,489274,489346,1,133.545
1780760417.022,75.783,489274,489346,1,149.571
1780760417.076,75.837,489274,489346,1,258.534
1780760417.129,75.890,489274,489346,1,208.523
1780760417.186,75.947,489274,489346,1,246.436
1780760417.243,76.004,489274,489346,1,156.810
1780760417.296,76.056,489274,489346,1,152.183
1780760417.356,76.116,489274,489346,1,217.250
1780760417.410,76.171,489274,489346,1,257.285
1780760417.465,76.226,489274,489346,1,182.491
1780760417.517,76.278,489274,489346,1,248.974
1780760417.570,76.331,489274,489346,1,225.748
1780760417.625,76.386,489274,489346,1,236.595
1780760417.678,76.438,489274,489346,1,171.042
1780760417.731,76.491,489274,489346,1,132.872
1780760417.785,76.546,489274,489346,1,275.246
1780760417.841,76.602,489274,489346,1,250.128
1780760417.901,76.661,489274,489346,1,234.902
1780760417.953,76.714,489274,489346,1,152.877
1780760418.009,76.770,489274,489346,1,248.149
1780760418.062,76.823,489274,489346,1,247.123
1780760418.114,76.875,489274,489346,1,191.297
1780760418.167,76.927,489274,489346,1,152.885
1780760418.219,76.979,489274,489346,1,230.259
1780760418.272,77.033,489274,489346,1,243.276
1780760418.328,77.089,489274,489346,1,286.071
1780760418.381,77.141,489274,489346,1,227.326
1780760418.435,77.195,489274,489346,1,279.187
1780760418.488,77.249,489274,489346,1,298.036
1780760418.550,77.310,489274,489346,1,260.728
1780760418.602,77.363,489274,489346,1,247.154
1780760418.655,77.415,489274,489346,1,246.974
1780760418.712,77.473,489274,489346,1,295.523
1780760418.773,77.534,489274,489346,1,263.307
1780760418.826,77.587,489274,489346,1,244.794
1780760418.880,77.641,489274,489346,1,222.651
1780760418.934,77.695,489274,489346,1,184.282
1780760418.987,77.748,489274,489346,1,283.051
1780760419.047,77.808,489274,489346,1,233.848
1780760419.102,77.863,489274,489346,1,219.196
1780760419.154,77.915,489274,489346,1,133.629
1780760419.207,77.968,489274,489346,1,246.434
1780760419.262,78.022,489274,489346,1,238.389
1780760419.314,78.075,489274,489346,1,229.058
1780760419.367,78.128,489274,489346,1,301.113
1780760419.421,78.181,489274,489346,1,224.975
1780760419.478,78.238,489274,489346,1,262.599
1780760419.534,78.294,489274,489346,1,214.718
1780760419.590,78.351,489274,489346,1,283.903
1780760419.648,78.408,489274,489346,1,207.320
1780760419.701,78.462,489274,489346,1,244.821
1780760419.753,78.514,489274,489346,1,152.831
1780760419.809,78.569,489274,489346,3,253.603
1780760419.864,78.625,489274,489346,3,233.683
1780760419.918,78.678,489274,489346,3,187.244
1780760419.974,78.735,489274,489346,3,228.506
1780760420.027,78.787,489274,489346,2,228.870
1780760420.086,78.846,489274,489346,1,254.253
1780760420.142,78.902,489274,489346,1,142.786
1780760420.194,78.955,489274,489346,1,152.750
1780760420.250,79.011,489274,489346,1,160.953
1780760420.302,79.063,489274,489346,1,134.000
1780760420.355,79.115,489274,489346,1,153.144
1780760420.407,79.168,489274,489346,1,113.960
1780760420.460,79.220,489274,489346,1,229.332
1780760420.516,79.276,489274,489346,1,196.635
1780760420.568,79.329,489274,489346,1,285.969
1780760420.625,79.386,489274,489346,1,209.065
1780760420.679,79.440,489274,489346,1,185.963
1780760420.733,79.494,489274,489346,1,166.526
1780760420.786,79.547,489274,489346,1,151.236
1780760420.844,79.605,489274,489346,1,189.115
1780760420.897,79.657,489274,489346,1,171.177
1780760420.950,79.710,489274,489346,1,264.533
1780760421.004,79.764,489274,489346,1,242.055
1780760421.057,79.817,489274,489346,1,262.618
1780760421.111,79.871,489274,489346,1,242.210
1780760421.163,79.923,489274,489346,1,248.707
1780760421.215,79.975,489274,489346,1,249.235
1780760421.268,80.029,489274,489346,1,245.000
1780760421.321,80.081,489274,489346,1,226.760
1780760421.374,80.134,489274,489346,1,283.113
1780760421.427,80.188,489274,489346,1,187.814
1780760421.481,80.241,489274,489346,1,186.180
1780760421.533,80.294,489274,489346,1,172.012
1780760421.585,80.346,489274,489346,1,210.517
1780760421.642,80.402,489274,489346,1,266.756
1780760421.700,80.460,489274,489346,1,155.439
1780760421.752,80.513,489274,489346,1,152.479
1780760421.804,80.565,489274,489346,1,191.226
1780760421.860,80.620,489274,489346,1,235.282
1780760421.913,80.674,489274,489346,1,242.004
1780760421.969,80.729,489274,489346,1,234.531
1780760422.021,80.782,489274,489346,1,170.979
1780760422.077,80.837,489274,489346,1,180.772
1780760422.132,80.892,489274,489346,1,182.284
1780760422.184,80.945,489274,489346,1,56.905
1780760422.241,81.001,489274,489346,1,195.643
1780760422.293,81.053,489274,489346,1,209.955
1780760422.348,81.108,489274,489346,1,237.990
1780760422.400,81.160,489274,489346,1,153.175
1780760422.453,81.214,489274,489346,1,150.060
1780760422.505,81.266,489274,489346,1,172.663
1780760422.558,81.318,489274,489346,1,133.742
1780760422.610,81.370,489274,489346,1,57.634
1780760422.662,81.422,489274,489346,1,57.499
1780760422.714,81.474,489274,489346,1,76.911
1780760422.766,81.526,489274,489346,1,38.463
1780760422.818,81.578,489274,489346,1,57.590
1780760422.870,81.631,489274,489346,1,76.264
1780760422.924,81.685,489274,489346,1,55.708
1780760422.977,81.738,489274,489346,1,169.243
1780760423.030,81.791,489274,489346,1,225.774
1780760423.085,81.846,489274,489346,1,254.935
1780760423.144,81.905,489274,489346,1,186.680
1780760423.199,81.959,489274,489346,1,164.744
1780760423.252,82.012,489274,489346,1,151.316
1780760423.304,82.065,489274,489346,1,95.342
1780760423.356,82.117,489274,489346,1,57.700
1780760423.408,82.169,489274,489346,1,76.841
1780760423.460,82.221,489274,489346,1,57.688
1780760423.512,82.273,489274,489346,1,76.914
1780760423.564,82.325,489274,489346,1,38.362
1780760423.616,82.377,489274,489346,1,57.684
1780760423.668,82.429,489274,489346,1,57.678
1780760423.720,82.481,489274,489346,1,153.819
1780760423.774,82.535,489274,489346,1,204.077
1780760423.829,82.590,489274,489346,1,254.578
1780760423.884,82.645,489274,489346,1,200.402
1780760423.937,82.697,489274,489346,1,152.293
1780760423.990,82.750,489274,489346,1,169.581
1780760424.046,82.807,489274,489346,1,177.849
1780760424.099,82.859,489274,489346,1,208.473
1780760424.155,82.915,489274,489346,1,250.667
1780760424.208,82.969,489274,489346,1,224.213
1780760424.261,83.021,489274,489346,1,132.916
1780760424.314,83.075,489274,489346,1,167.946
1780760424.367,83.128,489274,489346,1,247.411
1780760424.419,83.180,489274,489346,1,172.396
1780760424.472,83.233,489274,489346,1,245.714
1780760424.526,83.286,489274,489346,1,223.999
1780760424.578,83.339,489274,489346,1,153.084
1780760424.632,83.393,489274,489346,1,185.078
1780760424.685,83.446,489274,489346,1,168.905
1780760424.743,83.503,489274,489346,1,209.378
1780760424.796,83.557,489274,489346,2,260.430
1780760424.859,83.619,489274,489346,2,192.213
1780760424.911,83.672,489274,489346,2,171.158
1780760424.964,83.725,489274,489346,2,171.001
1780760425.016,83.777,489274,489346,2,229.594
1780760425.069,83.829,489274,489346,2,247.388
1780760425.121,83.882,489274,489346,2,248.279
1780760425.175,83.936,489274,489346,2,259.385
1780760425.229,83.990,489274,489346,2,276.549
1780760425.285,84.046,489274,489346,2,268.014
1780760425.340,84.100,489274,489346,2,238.750
1780760425.392,84.153,489274,489346,2,287.509
1780760425.445,84.205,489274,489346,2,266.172
1780760425.500,84.260,489274,489346,2,234.960
1780760425.552,84.313,489274,489346,2,266.422
1780760425.605,84.366,489274,489346,2,209.406
1780760425.657,84.418,489274,489346,2,153.265
1780760425.710,84.470,489274,489346,2,190.828
1780760425.762,84.523,489274,489346,3,189.510
1780760425.815,84.575,489274,489346,3,248.312
1780760425.867,84.628,489274,489346,3,190.663
1780760425.919,84.680,489274,489346,3,172.250
1780760425.978,84.739,489274,489346,1,187.830
1780760426.031,84.791,489274,489346,1,170.220
1780760426.083,84.844,489274,489346,1,114.793
1780760426.135,84.896,489274,489346,1,57.470
1780760426.188,84.948,489274,489346,1,171.571
1780760426.240,85.001,489274,489346,1,248.012
1780760426.305,85.066,489274,489346,0,200.523
1780760426.358,85.119,489274,489346,0,149.940
1780760426.411,85.172,489274,489346,0,152.096
1780760426.464,85.224,489274,489346,0,171.299
1780760426.517,85.278,489274,489346,0,243.078
1780760426.569,85.330,489274,489346,0,153.345
1780760426.623,85.384,489274,489346,0,258.162
1780760426.683,85.444,489274,489346,0,234.326
1780760426.735,85.496,489274,489346,0,172.401
1780760426.789,85.549,489274,489346,0,187.221
1780760426.846,85.606,489274,489346,0,122.638
1780760426.900,85.661,489274,489346,0,202.119
1780760426.954,85.714,489274,489346,0,168.225
1780760427.006,85.767,489274,489346,0,267.208
1780760427.063,85.823,489274,489346,0,176.807
1780760427.115,85.875,489274,489346,0,153.101
1780760427.167,85.928,489274,489346,0,152.476
1780760427.220,85.981,489274,489346,0,170.783
1780760427.275,86.036,489274,489346,0,253.608
1780760427.328,86.089,489274,489346,0,227.126
1780760427.382,86.143,489274,489346,0,259.285
1780760427.435,86.196,489274,489346,0,169.471
1780760427.490,86.250,489274,489346,0,128.836
1780760427.544,86.304,489274,489346,0,184.300
1780760427.597,86.357,489274,489346,0,208.422
1780760427.649,86.410,489274,489346,0,189.953
1780760427.706,86.466,489274,489346,0,248.858
1780760427.761,86.521,489274,489346,0,236.127
1780760427.813,86.573,489274,489346,0,153.294
1780760427.868,86.628,489274,489346,0,163.874
1780760427.920,86.680,489274,489346,0,115.069
1780760427.972,86.733,489274,489346,0,209.614
1780760428.025,86.786,489274,489346,2,189.720
1780760428.082,86.842,489274,489346,2,246.193
1780760428.142,86.902,489274,489346,2,200.851
1780760428.195,86.955,489274,489346,2,150.443
1780760428.247,87.008,489274,489346,2,152.481
1780760428.300,87.060,489274,489346,2,190.005
1780760428.356,87.117,489274,489346,2,213.366
1780760428.409,87.169,489274,489346,2,247.372
1780760428.461,87.221,489274,489346,2,191.727
1780760428.513,87.273,489274,489346,2,153.532
1780760428.566,87.326,489274,489346,2,151.311
1780760428.618,87.379,489274,489346,2,153.440
1780760428.670,87.431,489274,489346,2,153.804
1780760428.723,87.484,489274,489346,2,187.381
1780760428.777,87.537,489274,489346,2,298.706
1780760428.830,87.590,489274,489346,2,247.141
1780760428.883,87.644,489274,489346,2,259.974
1780760428.942,87.703,489274,489346,2,237.683
1780760428.996,87.756,489274,489346,2,261.412
1780760429.048,87.809,489274,489346,2,210.219
1780760429.104,87.865,489274,489346,2,232.275
1780760429.157,87.917,489274,489346,2,228.060
1780760429.209,87.969,489274,489346,2,249.661
1780760429.263,88.023,489274,489346,2,203.649
1780760429.319,88.080,489274,489346,2,159.890
1780760429.375,88.135,489274,489346,2,251.058
1780760429.427,88.188,489274,489346,2,210.239
1780760429.481,88.242,489274,489346,2,276.400
1780760429.539,88.299,489274,489346,2,210.374
1780760429.591,88.351,489274,489346,2,153.074
1780760429.644,88.405,489274,489346,2,168.978
1780760429.697,88.457,489274,489346,2,170.069
1780760429.752,88.513,489274,489346,1,217.499
1780760429.805,88.565,489274,489346,1,228.599
1780760429.860,88.621,489274,489346,1,198.111
1780760429.913,88.674,489274,489346,1,169.506
1780760429.968,88.729,489274,489346,1,163.379
1780760430.024,88.785,489274,489346,1,179.074
1780760430.078,88.839,489274,489346,1,240.797
1780760430.135,88.896,489274,489346,1,227.348
1780760430.191,88.951,489274,489346,1,252.752
1780760430.251,89.011,489274,489346,1,183.095
1780760430.303,89.064,489274,489346,1,152.854
1780760430.355,89.116,489274,489346,1,153.509
1780760430.408,89.168,489274,489346,1,152.451
1780760430.461,89.222,489274,489346,1,149.724
1780760430.513,89.274,489274,489346,1,172.301
1780760430.566,89.326,489274,489346,1,191.851
1780760430.618,89.379,489274,489346,1,247.882
1780760430.672,89.433,489274,489346,1,165.865
1780760430.726,89.487,489274,489346,1,148.824
1780760430.780,89.541,489274,489346,1,184.549
1780760430.833,89.593,489274,489346,1,133.383
1780760430.888,89.648,489274,489346,1,272.703
1780760430.946,89.706,489274,489346,1,223.184
1780760431.001,89.761,489274,489346,1,237.982
1780760431.054,89.814,489274,489346,1,169.047
1780760431.106,89.866,489274,489346,1,230.359
1780760431.161,89.921,489274,489346,1,164.471
1780760431.216,89.976,489274,489346,1,235.509
1780760431.275,90.036,489274,489346,1,218.261
1780760431.329,90.089,489274,489346,1,261.999
1780760431.382,90.143,489274,489346,0,225.411
1780760431.442,90.203,489274,489346,0,249.623
1780760431.498,90.259,489274,489346,0,142.747
1780760431.550,90.311,489274,489346,0,210.609
1780760431.604,90.364,489274,489346,0,225.615
1780760431.656,90.417,489274,489346,0,266.801
1780760431.710,90.471,489274,489346,0,202.429
1780760431.763,90.523,489274,489346,0,210.174
1780760431.816,90.577,489274,489346,0,205.930
1780760431.868,90.629,489274,489346,0,248.382
1780760431.922,90.682,489274,489346,0,261.874
1780760431.979,90.739,489274,489346,0,263.895
1780760432.031,90.792,489274,489346,3,305.354
1780760432.084,90.845,489274,489346,3,244.345
1780760432.138,90.898,489274,489346,3,243.880
1780760432.197,90.958,489274,489346,3,252.332
1780760432.252,91.013,489274,489346,0,235.593
1780760432.305,91.065,489274,489346,2,247.963
1780760432.357,91.118,489274,489346,2,229.363
1780760432.412,91.172,489274,489346,2,255.881
1780760432.465,91.225,489274,489346,2,245.257
1780760432.518,91.278,489274,489346,2,225.994
1780760432.571,91.331,489274,489346,2,227.337
1780760432.628,91.389,489274,489346,2,225.840
1780760432.688,91.449,489274,489346,2,150.203
1780760432.741,91.501,489274,489346,2,209.597
1780760432.794,91.554,489274,489346,0,225.965
1780760432.846,91.607,489274,489346,0,191.138
1780760432.899,91.659,489274,489346,0,133.430
1780760432.951,91.711,489274,489346,0,210.682
1780760433.003,91.764,489274,489346,0,170.713
1780760433.057,91.818,489274,489346,2,259.931
1780760433.111,91.872,489274,489346,2,166.309
1780760433.164,91.924,489274,489346,2,114.547
1780760433.216,91.976,489274,489346,2,268.599
1780760433.269,92.030,489274,489346,2,169.374
1780760433.324,92.085,489274,489346,2,217.733
1780760433.378,92.139,489274,489346,1,148.510
1780760433.430,92.191,489274,489346,1,134.118
1780760433.483,92.243,489274,489346,1,246.702
1780760433.540,92.301,489274,489346,1,192.267
1780760433.598,92.359,489274,489346,1,189.682
1780760433.651,92.411,489274,489346,1,189.868
1780760433.704,92.464,489274,489346,1,225.787
1780760433.756,92.517,489274,489346,1,209.978
1780760433.809,92.569,489274,489346,1,190.491
1780760433.861,92.622,489274,489346,1,229.474
1780760433.914,92.674,489274,489346,1,208.668
1780760433.966,92.727,489274,489346,1,228.744
1780760434.019,92.780,489274,489346,1,188.867
1780760434.073,92.833,489274,489346,1,168.780
1780760434.125,92.886,489274,489346,1,113.472
1780760434.178,92.938,489274,489346,1,57.622
1780760434.230,92.990,489274,489346,1,172.837
1780760434.284,93.044,489274,489346,1,222.256
1780760434.339,93.099,489274,489346,1,236.483
1780760434.396,93.156,489274,489346,1,227.201
1780760434.448,93.209,489274,489346,1,286.631
1780760434.501,93.261,489274,489346,0,228.505
1780760434.553,93.313,489274,489346,1,230.146
1780760434.605,93.365,489274,489346,1,249.482
1780760434.657,93.418,489274,489346,1,268.471
1780760434.709,93.470,489274,489346,1,248.234
1780760434.762,93.522,489274,489346,1,76.510
1780760434.814,93.574,489274,489346,1,134.699
1780760434.868,93.629,489274,489346,1,219.850
1780760434.926,93.686,489274,489346,1,174.049
1780760434.979,93.740,489274,489346,1,149.595
1780760435.032,93.792,489274,489346,1,171.092
1780760435.084,93.845,489274,489346,1,114.036
1780760435.137,93.898,489274,489346,1,75.836
1780760435.192,93.953,489274,489346,1,145.319
1780760435.246,94.006,489274,489346,1,243.168
1780760435.299,94.060,489274,489346,1,168.430
1780760435.353,94.113,489274,489346,1,149.290
1780760435.406,94.166,489274,489346,1,151.248
1780760435.459,94.219,489274,489346,1,75.230
1780760435.511,94.272,489274,489346,1,56.934
1780760435.564,94.325,489274,489346,1,37.752
1780760435.617,94.378,489274,489346,1,152.055
1780760435.672,94.432,489274,489346,3,182.284
1780760435.728,94.488,489274,489346,3,215.385
1780760435.782,94.542,489274,489346,3,147.440
1780760435.843,94.604,489274,489346,3,146.970
1780760435.895,94.656,489274,489346,3,38.384
1780760435.947,94.708,489274,489346,3,57.716
1780760435.999,94.760,489274,489346,3,38.436
1780760436.051,94.812,489274,489346,3,115.400
1780760436.103,94.864,489274,489346,3,191.431
1780760436.156,94.916,489274,489346,3,210.301
1780760436.211,94.971,489274,489346,3,164.262
1780760436.263,95.024,489274,489346,3,132.492
1780760436.316,95.076,489274,489346,3,114.155
1780760436.369,95.129,489274,489346,3,56.667
1780760436.421,95.182,489274,489346,3,57.078
1780760436.474,95.235,489274,489346,3,56.583
1780760436.527,95.287,489274,489346,3,172.293
1780760436.579,95.340,489274,489346,3,228.095
1780760436.636,95.397,489274,489346,3,193.440
1780760436.690,95.451,489274,489346,3,148.472
1780760436.743,95.503,489274,489346,3,151.491
1780760436.795,95.555,489274,489346,3,38.392
1780760436.847,95.607,489274,489346,3,57.647
1780760436.899,95.660,489274,489346,3,38.380
1780760436.951,95.712,489274,489346,3,134.753
1780760437.003,95.764,489274,489346,3,152.955
1780760437.056,95.816,489274,489346,3,229.300
1780760437.108,95.868,489274,489346,3,172.303
1780760437.161,95.921,489274,489346,3,150.781
1780760437.213,95.974,489274,489346,3,152.499
1780760437.265,96.026,489274,489346,3,38.393
1780760437.317,96.078,489274,489346,3,38.458
1780760437.370,96.130,489274,489346,3,57.684
1780760437.424,96.185,489274,489346,3,164.636
1780760437.480,96.241,489274,489346,3,232.154
1780760437.533,96.293,489274,489346,3,190.681
1780760437.588,96.348,489274,489346,3,126.836
1780760437.643,96.403,489274,489346,3,145.753
1780760437.695,96.456,489274,489346,3,114.195
1780760437.748,96.508,489274,489346,3,57.157
1780760437.800,96.560,489274,489346,3,115.074
1780760437.852,96.613,489274,489346,3,190.892
1780760437.906,96.667,489274,489346,3,204.242
1780760437.959,96.720,489274,489346,3,169.374
1780760438.012,96.773,489274,489346,3,151.249
1780760438.064,96.825,489274,489346,3,134.612
1780760438.117,96.878,489274,489346,3,244.863
1780760438.169,96.930,489274,489346,3,191.299
1780760438.234,96.995,489274,489346,3,247.965
1780760438.289,97.049,489274,489346,3,219.685
1780760438.343,97.104,489274,489346,3,237.223
1780760438.396,97.157,489274,489346,3,227.471
1780760438.449,97.209,489274,489346,3,170.850
1780760438.501,97.262,489274,489346,0,114.745
1780760438.554,97.314,489274,489346,0,38.083
1780760438.606,97.367,489274,489346,0,0.000
1780760438.658,97.419,489274,489346,0,96.117
1780760438.710,97.471,489274,489346,0,191.499
1780760438.763,97.524,489274,489346,0,227.715
1780760438.816,97.577,489274,489346,0,151.000
1780760438.872,97.632,489274,489346,0,161.469
1780760438.925,97.686,489274,489346,0,168.667
1780760438.978,97.738,489274,489346,0,132.851
1780760439.030,97.790,489274,489346,0,192.027
1780760439.086,97.847,489274,489346,0,230.491
1780760439.144,97.905,489274,489346,0,189.991
1780760439.196,97.957,489274,489346,0,153.386
1780760439.249,98.009,489274,489346,0,152.525
1780760439.301,98.062,489274,489346,0,95.519
1780760439.353,98.114,489274,489346,0,57.639
1780760439.405,98.166,489274,489346,0,115.435
1780760439.457,98.218,489274,489346,0,229.917
1780760439.511,98.272,489274,489346,0,204.581
1780760439.563,98.324,489274,489346,0,153.422
1780760439.616,98.376,489274,489346,0,151.970
1780760439.668,98.429,489274,489346,0,153.359
1780760439.721,98.481,489274,489346,0,95.245
1780760439.773,98.533,489274,489346,0,38.193
1780760439.825,98.586,489274,489346,0,191.801
1780760439.877,98.638,489274,489346,0,190.985
1780760439.935,98.696,489274,489346,0,259.210
1780760439.993,98.754,489274,489346,0,137.847
1780760440.101,98.861,489274,489346,0,139.524
1780760440.153,98.914,489274,489346,0,190.528
1780760440.206,98.966,489274,489346,0,172.209
1780760440.259,99.019,489274,489346,0,244.620
1780760440.312,99.073,489274,489346,0,186.317
1780760440.365,99.125,489274,489346,0,172.431
1780760440.417,99.178,489274,489346,0,152.235
1780760440.470,99.231,489274,489346,0,132.448
1780760440.523,99.284,489274,489346,0,188.185
1780760440.578,99.339,489274,489346,0,218.277
1780760440.637,99.397,489274,489346,0,239.701
1780760440.689,99.450,489274,489346,0,151.965
1780760440.745,99.505,489274,489346,0,161.489
1780760440.797,99.558,489274,489346,0,133.745
1780760440.850,99.611,489274,489346,0,188.196
1780760440.905,99.666,489274,489346,0,183.040
1780760440.958,99.718,489274,489346,0,228.494
1780760441.013,99.774,489274,489346,0,198.121
1780760441.065,99.826,489274,489346,0,153.537
1780760441.117,99.878,489274,489346,0,153.346
1780760441.172,99.932,489274,489346,0,183.180
1780760441.224,99.985,489274,489346,0,114.499
1780760441.277,100.037,489274,489346,0,190.248
1780760441.329,100.090,489274,489346,2,229.539
1780760441.385,100.146,489274,489346,2,213.484
1780760441.442,100.203,489274,489346,2,141.118
1780760441.498,100.258,489274,489346,2,143.346
1780760441.555,100.315,489274,489346,2,158.747
1780760441.607,100.368,489274,489346,2,132.866
1780760441.661,100.422,489274,489346,0,185.574
1780760441.714,100.474,489274,489346,0,189.553
1780760441.766,100.527,489274,489346,0,248.105
1780760441.820,100.580,489274,489346,0,187.360
1780760441.873,100.633,489274,489346,0,151.326
1780760441.926,100.686,489274,489346,0,168.976
1780760441.978,100.739,489274,489346,0,171.794
1780760442.030,100.791,489274,489346,0,172.547
1780760442.087,100.847,489274,489346,0,194.751
1780760442.141,100.901,489274,489346,0,203.929
1780760442.193,100.954,489274,489346,0,265.545
1780760442.253,101.013,489274,489346,0,219.269
1780760442.305,101.066,489274,489346,2,247.582
1780760442.358,101.118,489274,489346,2,266.688
1780760442.411,101.171,489274,489346,2,226.627
1780760442.463,101.224,489274,489346,2,265.238
1780760442.516,101.276,489274,489346,2,267.295
1780760442.568,101.329,489274,489346,2,172.199
1780760442.620,101.381,489274,489346,2,248.286
1780760442.678,101.439,489274,489346,2,190.819
1780760442.730,101.491,489274,489346,2,153.152
1780760442.783,101.543,489274,489346,2,172.208
1780760442.835,101.595,489274,489346,2,172.400
1780760442.892,101.652,489274,489346,2,140.260
1780760442.945,101.705,489274,489346,2,208.372
1780760443.003,101.763,489274,489346,3,223.459
1780760443.058,101.818,489274,489346,3,218.387
1780760443.111,101.871,489274,489346,3,150.728
1780760443.163,101.924,489274,489346,3,153.373
1780760443.215,101.976,489274,489346,3,153.346
1780760443.268,102.028,489274,489346,0,247.112
1780760443.320,102.080,489274,489346,0,192.023
1780760443.374,102.134,489274,489346,2,222.636
1780760443.429,102.189,489274,489346,2,199.531
1780760443.482,102.242,489274,489346,2,151.258
1780760443.535,102.295,489274,489346,2,151.562
1780760443.590,102.350,489274,489346,2,163.801
1780760443.646,102.407,489274,489346,2,123.534
1780760443.702,102.463,489274,489346,2,160.338
1780760443.755,102.515,489274,489346,2,247.878
1780760443.809,102.570,489274,489346,2,165.966
1780760443.861,102.622,489274,489346,2,153.578
1780760443.913,102.674,489274,489346,2,172.777
1780760443.966,102.726,489274,489346,2,151.790
1780760444.018,102.779,489274,489346,2,114.883
1780760444.070,102.831,489274,489346,2,57.296
1780760444.123,102.884,489274,489346,1,170.652
1780760444.176,102.936,489274,489346,1,209.477
1780760444.229,102.989,489274,489346,1,188.391
1780760444.282,103.043,489274,489346,1,168.518
1780760444.335,103.095,489274,489346,1,190.763
1780760444.395,103.155,489274,489346,1,133.120
1780760444.448,103.209,489274,489346,1,187.613
1780760444.503,103.264,489274,489346,0,181.380
1780760444.555,103.316,489274,489346,0,210.246
1780760444.609,103.370,489274,489346,0,185.657
1780760444.662,103.422,489274,489346,0,152.818
1780760444.714,103.475,489274,489346,0,133.496
1780760444.767,103.527,489274,489346,0,114.512
1780760444.819,103.579,489274,489346,0,190.949
1780760444.872,103.632,489274,489346,2,208.655
1780760444.925,103.685,489274,489346,2,224.996
1780760444.982,103.743,489274,489346,2,174.928
1780760445.034,103.795,489274,489346,2,153.226
1780760445.088,103.849,489274,489346,2,167.059
1780760445.141,103.902,489274,489346,2,132.267
1780760445.196,103.957,489274,489346,2,235.470
1780760445.249,104.010,489274,489346,2,246.587
1780760445.302,104.063,489274,489346,2,206.296
1780760445.355,104.115,489274,489346,2,153.404
1780760445.408,104.168,489274,489346,2,150.775
1780760445.460,104.220,489274,489346,2,153.068
1780760445.512,104.273,489274,489346,2,95.896
1780760445.564,104.325,489274,489346,2,172.339
1780760445.620,104.380,489274,489346,3,216.525
1780760445.672,104.433,489274,489346,3,228.723
1780760445.725,104.485,489274,489346,3,152.563
1780760445.777,104.537,489274,489346,3,133.544
1780760445.829,104.590,489274,489346,3,171.542
1780760445.882,104.642,489274,489346,3,153.145
1780760445.934,104.695,489274,489346,3,228.990
1780760445.986,104.747,489274,489346,3,248.798
1780760446.047,104.808,489274,489346,3,228.899
1780760446.100,104.861,489274,489346,3,266.659
1780760446.153,104.914,489274,489346,3,245.168
1780760446.206,104.966,489274,489346,3,245.595
1780760446.258,105.019,489274,489346,3,286.740
1780760446.311,105.071,489274,489346,3,248.456
1780760446.363,105.123,489274,489346,3,229.728
1780760446.418,105.178,489274,489346,3,235.966
1780760446.472,105.232,489274,489346,3,260.437
1780760446.524,105.285,489274,489346,3,151.867
1780760446.577,105.338,489274,489346,3,208.877
1780760446.631,105.391,489274,489346,2,242.111
1780760446.691,105.451,489274,489346,2,182.952
1780760446.743,105.504,489274,489346,2,134.144
1780760446.797,105.557,489274,489346,2,185.911
1780760446.849,105.610,489274,489346,2,95.580
1780760446.901,105.662,489274,489346,2,133.819
1780760446.954,105.714,489274,489346,3,171.343
1780760447.011,105.772,489274,489346,1,227.792
1780760447.063,105.824,489274,489346,1,172.829
1780760447.117,105.877,489274,489346,1,149.246
1780760447.171,105.932,489274,489346,1,165.685
1780760447.223,105.984,489274,489346,1,228.687
1780760447.277,106.037,489274,489346,1,224.569
1780760447.334,106.095,489274,489346,1,244.093
1780760447.389,106.150,489274,489346,1,272.595
1780760447.446,106.206,489274,489346,1,231.079
1780760447.500,106.260,489274,489346,1,220.611
1780760447.556,106.317,489274,489346,1,213.473
1780760447.610,106.371,489274,489346,1,258.235
1780760447.665,106.426,489274,489346,1,254.307
1780760447.718,106.478,489274,489346,1,152.416
1780760447.771,106.532,489274,489346,1,150.380
1780760447.824,106.585,489274,489346,1,169.416
1780760447.878,106.638,489274,489346,1,280.525
1780760447.930,106.691,489274,489346,1,229.042
1780760447.983,106.743,489274,489346,1,208.065
1780760448.038,106.798,489274,489346,1,164.297
1780760448.090,106.851,489274,489346,1,151.670
1780760448.144,106.904,489274,489346,1,150.549
1780760448.197,106.957,489274,489346,1,150.125
1780760448.250,107.011,489274,489346,1,131.138
1780760448.303,107.063,489274,489346,1,133.717
1780760448.360,107.120,489274,489346,1,193.129
1780760448.413,107.173,489274,489346,1,225.364
1780760448.466,107.226,489274,489346,1,170.152
1780760448.519,107.279,489274,489346,1,132.508
1780760448.571,107.331,489274,489346,1,210.928
1780760448.623,107.383,489274,489346,1,211.221
1780760448.681,107.441,489274,489346,1,276.203
1780760448.733,107.494,489274,489346,1,152.462
1780760448.785,107.546,489274,489346,1,153.232
1780760448.841,107.601,489274,489346,1,144.488
1780760448.893,107.654,489274,489346,1,191.413
1780760448.946,107.706,489274,489346,1,246.309
1780760448.998,107.759,489274,489346,1,248.725
1780760449.051,107.812,489274,489346,1,263.157
1780760449.104,107.864,489274,489346,1,210.020
1780760449.156,107.917,489274,489346,1,228.053
1780760449.208,107.969,489274,489346,1,249.265
1780760449.261,108.022,489274,489346,1,244.884
1780760449.314,108.074,489274,489346,0,229.559
1780760449.366,108.127,489274,489346,0,248.989
1780760449.418,108.179,489274,489346,0,247.726
1780760449.474,108.235,489274,489346,0,232.287
1780760449.529,108.289,489274,489346,0,276.465
1780760449.581,108.341,489274,489346,0,172.238
1780760449.634,108.394,489274,489346,0,94.474
1780760449.686,108.447,489274,489346,0,191.787
1780760449.738,108.499,489274,489346,0,229.194
1780760449.794,108.555,489274,489346,0,249.709
1780760449.847,108.607,489274,489346,0,247.970
1780760449.900,108.660,489274,489346,0,226.109
1780760449.953,108.713,489274,489346,0,245.613
1780760450.005,108.766,489274,489346,0,133.593
1780760450.057,108.818,489274,489346,0,153.129
1780760450.111,108.871,489274,489346,2,207.023
1780760450.164,108.924,489274,489346,2,226.825
1780760450.217,108.977,489274,489346,2,149.778
1780760450.269,109.030,489274,489346,2,114.565
1780760450.321,109.082,489274,489346,2,76.861
1780760450.374,109.134,489274,489346,0,172.277
1780760450.426,109.187,489274,489346,0,247.413
1780760450.481,109.242,489274,489346,0,218.707
1780760450.535,109.296,489274,489346,0,165.628
1780760450.588,109.348,489274,489346,0,191.373
1780760450.640,109.401,489274,489346,0,228.445
1780760450.697,109.457,489274,489346,0,194.551
1780760450.749,109.509,489274,489346,0,133.863
1780760450.801,109.562,489274,489346,0,153.007
1780760450.853,109.614,489274,489346,0,172.457
1780760450.907,109.668,489274,489346,0,242.327
1780760450.959,109.720,489274,489346,0,172.073
1780760451.013,109.774,489274,489346,0,241.539
1780760451.067,109.827,489274,489346,2,167.572
1780760451.122,109.883,489274,489346,2,253.423
1780760451.175,109.936,489274,489346,2,169.220
1780760451.228,109.988,489274,489346,2,114.183
1780760451.280,110.041,489274,489346,2,209.229
1780760451.334,110.095,489274,489346,2,242.120
1780760451.387,110.148,489274,489346,2,243.827
1780760451.445,110.205,489274,489346,2,263.021
1780760451.502,110.263,489274,489346,2,241.675
1780760451.555,110.316,489274,489346,2,245.536
1780760451.610,110.370,489274,489346,2,239.307
1780760451.662,110.422,489274,489346,2,249.126
1780760451.715,110.476,489274,489346,2,244.077
1780760451.768,110.528,489274,489346,2,247.560
1780760451.821,110.582,489274,489346,2,262.113
1780760451.875,110.635,489274,489346,2,223.333
1780760451.929,110.689,489274,489346,2,240.651
1780760451.982,110.742,489274,489346,2,301.692
1780760452.035,110.796,489274,489346,2,244.527
1780760452.089,110.850,489274,489346,2,203.237
1780760452.142,110.902,489274,489346,2,171.345
1780760452.195,110.955,489274,489346,2,226.287
1780760452.247,111.008,489274,489346,2,229.121
1780760452.300,111.061,489274,489346,2,150.801
1780760452.352,111.113,489274,489346,2,153.596
1780760452.407,111.168,489274,489346,2,235.689
1780760452.460,111.221,489274,489346,2,189.057
1780760452.512,111.273,489274,489346,2,210.747
1780760452.568,111.329,489274,489346,2,215.488
1780760452.621,111.381,489274,489346,2,208.956
1780760452.675,111.436,489274,489346,2,165.426
1780760452.728,111.488,489274,489346,2,190.395
1780760452.781,111.541,489274,489346,2,226.047
1780760452.842,111.602,489274,489346,2,181.095
1780760452.895,111.656,489274,489346,2,167.337
1780760452.948,111.709,489274,489346,2,208.236
1780760453.001,111.762,489274,489346,2,244.948
1780760453.054,111.814,489274,489346,2,151.938
1780760453.106,111.867,489274,489346,2,95.951
1780760453.158,111.918,489274,489346,2,96.211
1780760453.212,111.973,489274,489346,2,221.455
1780760453.268,112.028,489274,489346,2,198.069
1780760453.321,112.082,489274,489346,2,187.386
1780760453.373,112.134,489274,489346,2,210.310
1780760453.428,112.189,489274,489346,2,218.996
1780760453.480,112.241,489274,489346,2,229.884
1780760453.533,112.293,489274,489346,2,249.018
1780760453.593,112.354,489274,489346,2,313.686
1780760453.646,112.407,489274,489346,2,264.869
1780760453.699,112.460,489274,489346,1,224.487
1780760453.754,112.514,489274,489346,1,313.208
1780760453.811,112.572,489274,489346,3,277.680
1780760453.865,112.625,489274,489346,3,263.106
1780760453.917,112.677,489274,489346,3,229.383
1780760453.974,112.734,489274,489346,3,175.504
1780760454.027,112.788,489274,489346,3,280.027
1780760454.081,112.841,489274,489346,3,187.063
1780760454.143,112.903,489274,489346,3,225.611
1780760454.195,112.956,489274,489346,3,190.356
1780760454.248,113.009,489274,489346,3,207.651
1780760454.305,113.066,489274,489346,3,193.508
1780760454.359,113.119,489274,489346,3,242.858
1780760454.411,113.172,489274,489346,3,209.387
1780760454.463,113.224,489274,489346,3,153.441
1780760454.516,113.276,489274,489346,3,229.399
1780760454.569,113.329,489274,489346,3,207.003
1780760454.627,113.388,489274,489346,3,273.183
1780760454.683,113.443,489274,489346,3,199.738
1780760454.738,113.498,489274,489346,3,162.561
1780760454.791,113.552,489274,489346,3,168.952
1780760454.845,113.605,489274,489346,3,261.310
1780760454.902,113.662,489274,489346,3,227.673
1780760454.955,113.715,489274,489346,3,113.134
1780760455.007,113.768,489274,489346,3,191.453
1780760455.059,113.820,489274,489346,1,210.950
1780760455.112,113.872,489274,489346,1,247.918
1780760455.165,113.926,489274,489346,1,185.935
1780760455.218,113.979,489274,489346,1,113.977
1780760455.270,114.031,489274,489346,1,153.154
1780760455.323,114.083,489274,489346,0,210.001
1780760455.376,114.136,489274,489346,0,245.928
1780760455.431,114.191,489274,489346,0,199.867
1780760455.484,114.244,489274,489346,0,226.151
1780760455.537,114.298,489274,489346,0,224.766
1780760455.592,114.353,489274,489346,0,235.879
1780760455.649,114.409,489274,489346,0,194.741
1780760455.702,114.463,489274,489346,0,168.127
1780760455.756,114.517,489274,489346,0,204.373
1780760455.811,114.571,489274,489346,0,237.314
1780760455.865,114.626,489274,489346,0,221.271
1780760455.918,114.678,489274,489346,0,133.121
1780760455.974,114.734,489274,489346,0,125.230
1780760456.027,114.787,489274,489346,0,56.162
1780760456.079,114.840,489274,489346,0,76.551
1780760456.132,114.892,489274,489346,0,171.890
1780760456.184,114.945,489274,489346,0,209.419
1780760456.239,114.999,489274,489346,0,256.776
1780760456.294,115.054,489274,489346,0,253.209
1780760456.348,115.108,489274,489346,0,240.730
1780760456.400,115.161,489274,489346,0,152.606
1780760456.452,115.213,489274,489346,0,172.566
1780760456.505,115.265,489274,489346,0,191.981
1780760456.557,115.318,489274,489346,0,246.968
1780760456.611,115.372,489274,489346,0,223.204
1780760456.664,115.425,489274,489346,0,262.192
1780760456.721,115.482,489274,489346,0,192.626
1780760456.778,115.538,489274,489346,0,177.137
1780760456.831,115.591,489274,489346,0,57.035
1780760456.883,115.644,489274,489346,0,56.767
1780760456.936,115.696,489274,489346,0,209.376
1780760456.991,115.751,489274,489346,0,218.877
1780760457.045,115.806,489274,489346,0,238.472
1780760457.099,115.859,489274,489346,0,187.385
1780760457.151,115.912,489274,489346,0,133.251
1780760457.203,115.964,489274,489346,0,172.020
1780760457.256,116.016,489274,489346,0,172.434
1780760457.312,116.073,489274,489346,0,230.219
1780760457.364,116.125,489274,489346,0,230.096
1780760457.417,116.177,489274,489346,0,153.221
1780760457.470,116.230,489274,489346,0,150.405
1780760457.523,116.284,489274,489346,0,224.111
1780760457.578,116.339,489274,489346,0,199.763
1780760457.640,116.400,489274,489346,0,260.699
1780760457.694,116.454,489274,489346,0,148.111
1780760457.747,116.508,489274,489346,0,112.288
1780760457.799,116.560,489274,489346,0,190.979
1780760457.852,116.613,489274,489346,0,228.167
1780760457.904,116.665,489274,489346,0,267.629
1780760457.960,116.720,489274,489346,0,198.833
1780760458.012,116.772,489274,489346,0,153.484
1780760458.064,116.825,489274,489346,0,152.294
1780760458.118,116.878,489274,489346,0,225.038
1780760458.171,116.932,489274,489346,0,224.364
1780760458.225,116.986,489274,489346,0,259.027
1780760458.278,117.039,489274,489346,0,169.232
1780760458.331,117.092,489274,489346,0,151.309
1780760458.384,117.144,489274,489346,0,152.668
1780760458.436,117.197,489274,489346,0,38.214
1780760458.488,117.249,489274,489346,0,96.148
1780760458.541,117.301,489274,489346,0,209.272
1780760458.593,117.354,489274,489346,0,247.622
1780760458.646,117.407,489274,489346,0,170.153
1780760458.699,117.459,489274,489346,0,151.302
1780760458.751,117.512,489274,489346,0,209.958
1780760458.804,117.564,489274,489346,0,171.093
1780760458.858,117.618,489274,489346,0,222.868
1780760458.912,117.673,489274,489346,0,202.208
1780760458.966,117.726,489274,489346,0,130.611
1780760459.021,117.781,489274,489346,0,163.590
1780760459.074,117.834,489274,489346,0,244.473
1780760459.127,117.887,489274,489346,0,208.946
1780760459.180,117.941,489274,489346,0,261.509
1780760459.233,117.994,489274,489346,0,207.574
1780760459.290,118.051,489274,489346,0,140.070
1780760459.344,118.105,489274,489346,0,185.138
1780760459.401,118.161,489274,489346,0,211.754
1780760459.453,118.214,489274,489346,0,229.730
1780760459.506,118.267,489274,489346,0,245.390
1780760459.560,118.320,489274,489346,0,241.196
1780760459.614,118.374,489274,489346,0,241.122
1780760459.669,118.430,489274,489346,0,288.273
1780760459.725,118.485,489274,489346,0,234.388
1780760459.781,118.541,489274,489346,0,267.899
1780760459.840,118.601,489274,489346,0,235.464
1780760459.894,118.654,489274,489346,0,224.517
1780760459.947,118.707,489274,489346,0,206.985
1780760460.002,118.763,489274,489346,0,163.016
1780760460.055,118.815,489274,489346,0,228.552
1780760460.109,118.870,489274,489346,0,237.769
1780760460.162,118.922,489274,489346,0,151.800
1780760460.215,118.976,489274,489346,0,149.587
1780760460.269,119.029,489274,489346,0,130.794
1780760460.321,119.082,489274,489346,0,191.825
1780760460.373,119.134,489274,489346,0,229.238
1780760460.432,119.192,489274,489346,0,188.170
1780760460.487,119.247,489274,489346,0,182.678
1780760460.539,119.300,489274,489346,0,132.685
1780760460.592,119.352,489274,489346,0,172.630
1780760460.644,119.405,489274,489346,0,227.454
1780760460.697,119.457,489274,489346,0,229.531
1780760460.749,119.510,489274,489346,1,228.165
1780760460.801,119.562,489274,489346,1,134.438
1780760460.854,119.615,489274,489346,1,170.112
1780760460.906,119.667,489274,489346,1,229.320
1780760460.959,119.719,489274,489346,1,210.134
1780760461.014,119.775,489274,489346,1,252.848
1780760461.068,119.828,489274,489346,1,186.968
1780760461.120,119.881,489274,489346,1,190.581
1780760461.173,119.933,489274,489346,1,133.219
1780760461.226,119.986,489274,489346,1,207.064
1780760461.280,120.040,489274,489346,1,258.920
1780760461.346,120.107,489274,489346,1,165.217
1780760461.399,120.160,489274,489346,1,150.997
1780760461.454,120.215,489274,489346,1,236.592
1780760461.509,120.270,489274,489346,1,217.996
1780760461.562,120.323,489274,489346,1,245.812
1780760461.618,120.378,489274,489346,1,162.781
1780760461.671,120.431,489274,489346,2,283.207
1780760461.732,120.492,489274,489346,2,211.813
1780760461.788,120.548,489274,489346,2,251.111
1780760461.842,120.602,489274,489346,2,129.745
1780760461.894,120.655,489274,489346,2,227.466
1780760461.951,120.712,489274,489346,2,229.636
1780760462.006,120.766,489274,489346,2,255.631
1780760462.059,120.819,489274,489346,2,170.057
1780760462.114,120.875,489274,489346,2,143.761
1780760462.167,120.928,489274,489346,2,264.900
1780760462.226,120.986,489274,489346,2,256.994
1780760462.281,121.041,489274,489346,2,253.652
1780760462.336,121.096,489274,489346,2,326.688
1780760462.393,121.154,489274,489346,2,296.354
1780760462.450,121.210,489274,489346,2,230.481
1780760462.506,121.266,489274,489346,2,285.412
1780760462.564,121.325,489274,489346,2,306.752
1780760462.620,121.380,489274,489346,2,253.201
1780760462.673,121.434,489274,489346,2,261.074
1780760462.729,121.489,489274,489346,0,288.654
1780760462.783,121.543,489274,489346,0,204.189
1780760462.835,121.596,489274,489346,0,152.481
1780760462.888,121.648,489274,489346,0,133.464
1780760462.940,121.701,489274,489346,0,227.513
1780760462.997,121.757,489274,489346,0,212.015
1780760463.050,121.810,489274,489346,0,151.197
1780760463.102,121.863,489274,489346,0,152.481
1780760463.156,121.916,489274,489346,0,224.942
1780760463.208,121.969,489274,489346,0,227.622
1780760463.261,122.022,489274,489346,0,132.790
1780760463.314,122.075,489274,489346,0,131.902
1780760463.367,122.127,489274,489346,0,246.619
1780760463.421,122.181,489274,489346,0,223.259
1780760463.474,122.235,489274,489346,0,166.900
1780760463.527,122.288,489274,489346,0,133.203
1780760463.581,122.341,489274,489346,0,298.652
1780760463.638,122.398,489274,489346,0,140.332
1780760463.690,122.451,489274,489346,0,151.698
1780760463.743,122.504,489274,489346,0,208.468
1780760463.808,122.568,489274,489346,0,185.463
1780760463.861,122.621,489274,489346,0,189.282
1780760463.914,122.675,489274,489346,0,130.297
1780760463.968,122.728,489274,489346,0,243.175
1780760464.021,122.782,489274,489346,0,187.385
1780760464.076,122.836,489274,489346,0,165.145
1780760464.129,122.890,489274,489346,0,168.838
1780760464.186,122.947,489274,489346,0,261.638
1780760464.242,123.002,489274,489346,0,162.370
1780760464.295,123.055,489274,489346,0,150.435
1780760464.348,123.109,489274,489346,0,168.188
1780760464.402,123.163,489274,489346,0,204.508
1780760464.461,123.222,489274,489346,0,203.426
1780760464.515,123.275,489274,489346,0,150.091
1780760464.573,123.334,489274,489346,0,170.654
1780760464.626,123.387,489274,489346,0,264.076
1780760464.681,123.442,489274,489346,0,164.042
1780760464.737,123.497,489274,489346,0,160.784
1780760464.790,123.550,489274,489346,0,132.078
1780760464.843,123.604,489274,489346,0,207.011
1780760464.898,123.658,489274,489346,0,200.800
1780760464.952,123.712,489274,489346,0,167.380
1780760465.007,123.767,489274,489346,0,126.558
1780760465.060,123.821,489274,489346,0,150.427
1780760465.120,123.880,489274,489346,0,167.465
1780760465.178,123.938,489274,489346,0,138.457
1780760465.234,123.995,489274,489346,0,177.180
1780760465.288,124.048,489274,489346,0,241.387
1780760465.340,124.101,489274,489346,0,228.310
1780760465.401,124.162,489274,489346,0,229.570
1780760465.456,124.216,489274,489346,0,203.213
1780760465.510,124.271,489274,489346,0,238.002
1780760465.563,124.323,489274,489346,0,305.344
1780760465.622,124.382,489274,489346,0,304.498
1780760465.676,124.437,489274,489346,0,239.036
1780760465.731,124.492,489274,489346,0,328.200
1780760465.792,124.553,489274,489346,0,261.593
1780760465.850,124.610,489274,489346,0,329.450
1780760465.908,124.669,489274,489346,3,290.727
1780760465.967,124.728,489274,489346,3,270.573
1780760466.034,124.795,489274,489346,3,298.429
1780760466.093,124.854,489274,489346,3,323.163
1780760466.155,124.915,489274,489346,3,292.917
1780760466.215,124.975,489274,489346,3,283.459
1780760466.277,125.037,489274,489346,3,321.273
1780760466.339,125.099,489274,489346,3,339.308
1780760466.397,125.158,489274,489346,3,323.965
1780760466.463,125.224,489274,489346,3,272.537
1780760466.529,125.290,489274,489346,3,349.906
1780760466.588,125.348,489274,489346,3,358.725
1780760466.644,125.405,489274,489346,3,247.679
1780760466.699,125.460,489274,489346,3,181.864
1780760466.752,125.512,489274,489346,0,228.399
1780760466.805,125.565,489274,489346,0,302.410
1780760466.863,125.624,489274,489346,0,290.374
1780760466.921,125.681,489274,489346,0,331.461
1780760466.978,125.739,489274,489346,0,259.861
1780760467.032,125.793,489274,489346,0,334.280
1780760467.092,125.853,489274,489346,0,332.759
1780760467.179,125.939,489274,489346,0,300.664
1780760467.246,126.006,489274,489346,0,284.395
1780760467.309,126.069,489274,489346,0,205.910
1780760467.371,126.132,489274,489346,0,240.134
1780760467.431,126.192,489274,489346,0,183.549
1780760467.498,126.259,489274,489346,0,133.855
1780760467.552,126.312,489274,489346,0,149.319
1780760467.606,126.366,489274,489346,0,167.467
1780760467.661,126.422,489274,489346,0,144.131
1780760467.714,126.474,489274,489346,0,133.333
1780760467.767,126.527,489274,489346,0,169.857
1780760467.822,126.582,489274,489346,0,145.693
1780760467.880,126.640,489274,489346,0,172.035
1780760467.950,126.710,489274,489346,0,157.343
1780760468.002,126.763,489274,489346,0,133.574
1780760468.054,126.815,489274,489346,0,133.977
1780760468.107,126.867,489274,489346,0,152.488
1780760468.160,126.921,489274,489346,0,130.973
1780760468.213,126.973,489274,489346,0,152.260
1780760468.268,127.028,489274,489346,0,144.698
1780760468.323,127.083,489274,489346,0,145.580
1780760468.377,127.137,489274,489346,0,277.619
1780760468.431,127.192,489274,489346,0,129.007
1780760468.485,127.246,489274,489346,0,148.655
1780760468.538,127.298,489274,489346,0,170.202
1780760468.594,127.354,489274,489346,0,143.851
1780760468.646,127.407,489274,489346,0,151.181
1780760468.700,127.461,489274,489346,0,167.718
1780760468.753,127.513,489274,489346,0,151.664
1780760468.806,127.567,489274,489346,0,150.264
1780760468.860,127.621,489274,489346,0,147.265
1780760468.914,127.674,489274,489346,0,149.690
1780760468.968,127.728,489274,489346,0,148.218
1780760469.028,127.788,489274,489346,0,166.831
1780760469.092,127.853,489274,489346,0,170.204
1780760469.146,127.906,489274,489346,0,131.348
1780760469.202,127.963,489274,489346,0,159.112
1780760469.256,128.016,489274,489346,0,131.368
1780760469.311,128.071,489274,489346,0,162.705
1780760469.363,128.124,489274,489346,0,152.284
1780760469.416,128.177,489274,489346,0,265.371
1780760469.469,128.229,489274,489346,0,152.563
1780760469.521,128.281,489274,489346,0,152.898
1780760469.575,128.335,489274,489346,0,185.874
1780760469.628,128.388,489274,489346,0,169.300
1780760469.682,128.442,489274,489346,0,148.668
1780760469.735,128.495,489274,489346,0,131.886
1780760469.787,128.548,489274,489346,0,152.670
1780760469.840,128.600,489274,489346,0,133.325
1780760469.893,128.654,489274,489346,0,149.941
1780760469.946,128.706,489274,489346,0,152.090
1780760469.999,128.760,489274,489346,0,167.478
1780760470.053,128.813,489274,489346,0,150.090
1780760470.106,128.866,489274,489346,0,150.766
1780760470.160,128.921,489274,489346,0,147.099
1780760470.213,128.974,489274,489346,0,169.059
1780760470.266,129.027,489274,489346,0,151.936
1780760470.321,129.082,489274,489346,0,163.553
1780760470.376,129.137,489274,489346,0,180.319
1780760470.434,129.194,489274,489346,0,157.367
1780760470.489,129.250,489274,489346,0,270.842
1780760470.551,129.312,489274,489346,0,144.924
1780760470.605,129.365,489274,489346,0,168.023
1780760470.658,129.418,489274,489346,0,131.678
1780760470.710,129.471,489274,489346,0,151.989
1780760470.763,129.524,489274,489346,0,171.300
1780760470.815,129.576,489274,489346,0,133.974
1780760470.868,129.629,489274,489346,0,169.197
1780760470.921,129.681,489274,489346,0,152.699
1780760470.974,129.735,489274,489346,0,167.857
1780760471.031,129.791,489274,489346,0,142.491
1780760471.084,129.845,489274,489346,0,148.872
1780760471.137,129.897,489274,489346,0,133.482
1780760471.189,129.950,489274,489346,0,152.681
1780760471.242,130.003,489274,489346,0,150.886
1780760471.295,130.056,489274,489346,0,150.263
1780760471.349,130.110,489274,489346,0,149.053
1780760471.402,130.163,489274,489346,0,151.035
1780760471.455,130.216,489274,489346,0,131.913
1780760471.510,130.271,489274,489346,0,236.436
1780760471.563,130.324,489274,489346,0,225.144
1780760471.617,130.377,489274,489346,0,168.575
1780760471.675,130.435,489274,489346,0,155.181
1780760471.731,130.492,489274,489346,0,159.166
1780760471.788,130.549,489274,489346,0,157.834
1780760471.841,130.602,489274,489346,0,170.750
1780760471.894,130.655,489274,489346,0,131.584
1780760471.947,130.708,489274,489346,0,94.538
1780760471.999,130.760,489274,489346,0,134.544
1780760472.052,130.813,489274,489346,0,113.725
1780760472.104,130.865,489274,489346,0,114.763
1780760472.157,130.917,489274,489346,0,95.580
1780760472.213,130.973,489274,489346,0,107.176
1780760472.266,131.027,489274,489346,0,93.303
1780760472.319,131.079,489274,489346,0,114.518
1780760472.371,131.131,489274,489346,0,95.801
1780760472.423,131.183,489274,489346,0,114.928
1780760472.475,131.236,489274,489346,0,96.048
1780760472.529,131.289,489274,489346,0,111.972
1780760472.581,131.342,489274,489346,0,94.852
1780760472.634,131.395,489274,489346,0,113.225
1780760472.690,131.450,489274,489346,0,108.458
1780760472.745,131.505,489274,489346,0,108.445
1780760472.799,131.559,489274,489346,0,92.656
1780760472.852,131.613,489274,489346,0,112.053
1780760472.905,131.666,489274,489346,0,113.487
1780760472.958,131.719,489274,489346,0,113.726
1780760473.015,131.776,489274,489346,0,105.020
1780760473.076,131.837,489274,489346,0,114.411
1780760473.133,131.893,489274,489346,0,106.901
1780760473.191,131.951,489274,489346,0,102.968
1780760473.255,132.016,489274,489346,0,108.312
1780760473.309,132.069,489274,489346,0,93.731
1780760473.362,132.122,489274,489346,0,131.862
1780760473.419,132.179,489274,489346,0,105.102
1780760473.473,132.233,489274,489346,0,92.884
1780760473.536,132.296,489274,489346,0,126.696
1780760473.602,132.363,489274,489346,0,120.161
1780760473.666,132.426,489274,489346,0,94.609
1780760473.719,132.479,489274,489346,0,94.858
1780760473.782,132.543,489274,489346,0,110.084
1780760473.840,132.601,489274,489346,0,103.559
1780760473.892,132.653,489274,489346,0,114.862
1780760473.946,132.707,489274,489346,0,93.195
1780760474.000,132.761,489274,489346,0,110.158
1780760474.053,132.814,489274,489346,0,113.373
1780760474.106,132.866,489274,489346,0,76.665
1780760474.158,132.918,489274,489346,0,0.000
1780760474.210,132.970,489274,489346,0,0.000
1780760474.261,133.022,489274,489346,0,0.000
1780760474.313,133.074,489274,489346,0,0.000
1780760474.365,133.126,489274,489346,0,19.228
1780760474.418,133.178,489274,489346,0,0.000
1780760474.470,133.230,489274,489346,0,0.000
1780760474.521,133.282,489274,489346,0,0.000
1780760474.573,133.334,489274,489346,0,19.326
1780760474.625,133.385,489274,489346,0,19.336
1780760474.676,133.437,489274,489346,0,0.000
1780760474.728,133.489,489274,489346,0,0.000
1780760474.780,133.540,489274,489346,0,0.000
1780760474.831,133.592,489274,489346,0,19.363
1780760474.883,133.644,489274,489346,0,0.000
1780760474.935,133.695,489274,489346,0,58.041
1780760474.987,133.747,489274,489346,0,95.994
1780760475.039,133.799,489274,489346,0,96.642
1780760475.091,133.851,489274,489346,0,115.339
1780760475.201,133.962,489274,489346,0,90.479
1780760475.254,134.014,489274,489346,0,114.529
1780760475.306,134.066,489274,489346,0,95.965
1780760475.359,134.120,489274,489346,0,112.406
1780760475.411,134.172,489274,489346,0,76.754
1780760475.464,134.224,489274,489346,0,114.131
1780760475.520,134.280,489274,489346,0,106.824
1780760475.573,134.334,489274,489346,0,93.480
1780760475.625,134.386,489274,489346,0,96.113
1780760475.678,134.439,489274,489346,0,113.008
1780760475.736,134.497,489274,489346,0,156.098
1780760475.789,134.549,489274,489346,0,267.288
1780760475.844,134.605,489274,489346,0,125.876
1780760475.896,134.657,489274,489346,0,96.165
1780760475.949,134.710,489274,489346,0,131.614
1780760476.007,134.767,489274,489346,0,366.282
1780760476.064,134.825,489274,489346,0,156.752
1780760476.116,134.877,489274,489346,0,95.688
1780760476.169,134.930,489274,489346,0,94.902
1780760476.221,134.982,489274,489346,0,95.568
1780760476.274,135.034,489274,489346,0,114.928
1780760476.326,135.086,489274,489346,0,95.774
1780760476.378,135.139,489274,489346,0,95.689
1780760476.431,135.191,489274,489346,0,95.191
1780760476.483,135.243,489274,489346,0,95.546
1780760476.535,135.296,489274,489346,0,114.715
1780760476.588,135.348,489274,489346,0,95.429
1780760476.640,135.400,489274,489346,0,95.543
1780760476.692,135.453,489274,489346,0,114.414
1780760476.745,135.505,489274,489346,0,95.576
1780760476.797,135.558,489274,489346,0,95.338
1780760476.850,135.611,489274,489346,0,150.097
1780760476.908,135.669,489274,489346,0,294.082
1780760476.968,135.729,489274,489346,0,283.810
1780760477.027,135.788,489274,489346,0,286.275
1780760477.084,135.844,489274,489346,0,249.304
1780760477.136,135.896,489274,489346,0,95.721
1780760477.188,135.949,489274,489346,0,115.054
1780760477.241,136.001,489274,489346,0,94.959
1780760477.293,136.054,489274,489346,0,95.412
1780760477.346,136.106,489274,489346,0,113.412
1780760477.398,136.159,489274,489346,0,95.289
1780760477.451,136.211,489274,489346,0,95.452
1780760477.503,136.264,489274,489346,0,95.479
1780760477.556,136.316,489274,489346,0,95.438
1780760477.608,136.369,489274,489346,0,114.444
1780760477.661,136.421,489274,489346,0,95.062
1780760477.713,136.473,489274,489346,0,95.484
1780760477.765,136.526,489274,489346,0,114.593
1780760477.818,136.578,489274,489346,0,95.605
1780760477.870,136.631,489274,489346,0,133.234
1780760477.928,136.688,489274,489346,0,277.548
1780760477.987,136.748,489274,489346,0,319.510
1780760478.051,136.811,489274,489346,0,267.876
1780760478.106,136.866,489274,489346,0,308.881
1780760478.158,136.918,489274,489346,0,95.899
1780760478.210,136.971,489274,489346,0,96.004
1780760478.263,137.023,489274,489346,0,95.224
1780760478.315,137.075,489274,489346,0,114.880
1780760478.367,137.128,489274,489346,0,95.620
1780760478.419,137.180,489274,489346,0,95.662
1780760478.472,137.232,489274,489346,0,95.548
1780760478.524,137.284,489274,489346,0,95.651
1780760478.576,137.337,489274,489346,0,114.398
1780760478.629,137.389,489274,489346,0,95.387
1780760478.681,137.442,489274,489346,0,95.686
1780760478.733,137.494,489274,489346,0,114.722
1780760478.786,137.546,489274,489346,0,95.769
1780760478.838,137.598,489274,489346,0,95.658
1780760478.890,137.651,489274,489346,0,133.601
1780760478.944,137.704,489274,489346,0,242.444
1780760479.002,137.763,489274,489346,0,375.377
1780760479.059,137.819,489274,489346,0,195.492
1780760479.116,137.877,489274,489346,0,365.518
1780760479.168,137.929,489274,489346,0,95.682
1780760479.221,137.981,489274,489346,0,95.672
1780760479.274,138.034,489274,489346,0,93.969
1780760479.326,138.087,489274,489346,0,115.109
1780760479.378,138.139,489274,489346,0,95.712
1780760479.430,138.191,489274,489346,0,95.874
1780760479.483,138.243,489274,489346,0,95.920
1780760479.535,138.295,489274,489346,0,95.984
1780760479.587,138.347,489274,489346,0,114.645
1780760479.639,138.400,489274,489346,0,95.749
1780760479.691,138.452,489274,489346,0,95.881
1780760479.744,138.504,489274,489346,0,95.784
1780760479.796,138.556,489274,489346,0,95.818
1780760479.848,138.608,489274,489346,0,115.058
1780760479.900,138.661,489274,489346,0,95.736
1780760479.952,138.713,489274,489346,0,287.491
1780760480.008,138.769,489274,489346,0,339.790
1780760480.063,138.824,489274,489346,0,199.481
1780760480.120,138.881,489274,489346,0,351.841
1780760480.174,138.935,489274,489346,0,129.184
1780760480.227,138.987,489274,489346,0,95.660
1780760480.280,139.041,489274,489346,0,111.787
1780760480.333,139.093,489274,489346,0,95.653
1780760480.385,139.145,489274,489346,0,95.741
1780760480.437,139.197,489274,489346,0,95.827
1780760480.489,139.250,489274,489346,0,115.234
1780760480.541,139.302,489274,489346,0,95.819
1780760480.594,139.354,489274,489346,0,95.463
1780760480.646,139.406,489274,489346,0,95.831
1780760480.698,139.459,489274,489346,0,95.199
1780760480.751,139.511,489274,489346,0,114.471
1780760480.803,139.563,489274,489346,0,95.889
1780760480.855,139.616,489274,489346,0,95.794
1780760480.907,139.668,489274,489346,0,95.399
1780760480.964,139.725,489274,489346,0,264.467
1780760481.017,139.777,489274,489346,0,303.854
1780760481.070,139.830,489274,489346,0,207.817
1780760481.122,139.883,489274,489346,0,362.905
1780760481.175,139.936,489274,489346,0,283.393
1780760481.227,139.988,489274,489346,0,95.726
1780760481.279,140.040,489274,489346,0,96.265
1780760481.331,140.092,489274,489346,0,95.728
1780760481.384,140.144,489274,489346,0,95.734
1780760481.436,140.196,489274,489346,0,114.977
1780760481.488,140.249,489274,489346,0,95.219
1780760481.541,140.301,489274,489346,0,95.534
1780760481.593,140.354,489274,489346,0,114.600
1780760481.645,140.406,489274,489346,0,95.612
1780760481.698,140.458,489274,489346,0,95.748
1780760481.750,140.510,489274,489346,0,95.623
1780760481.802,140.563,489274,489346,0,95.862
1780760481.854,140.615,489274,489346,0,95.959
1780760481.906,140.667,489274,489346,0,114.969
1780760481.959,140.719,489274,489346,0,133.506
1780760482.016,140.777,489274,489346,0,295.861
1780760482.069,140.830,489274,489346,0,339.578
1780760482.128,140.888,489274,489346,0,238.318
1780760482.181,140.941,489274,489346,0,341.302
1780760482.233,140.994,489274,489346,0,114.530
1780760482.285,141.046,489274,489346,0,96.323
1780760482.337,141.098,489274,489346,0,95.828
1780760482.389,141.150,489274,489346,0,95.893
1780760482.441,141.202,489274,489346,0,95.966
1780760482.494,141.254,489274,489346,0,115.087
1780760482.546,141.306,489274,489346,0,95.847
1780760482.598,141.359,489274,489346,0,95.334
1780760482.650,141.411,489274,489346,0,95.766
1780760482.703,141.463,489274,489346,0,95.813
1780760482.755,141.515,489274,489346,0,114.778
1780760482.807,141.568,489274,489346,0,95.731
1780760482.859,141.620,489274,489346,0,95.678
1780760482.911,141.672,489274,489346,0,96.025
1780760482.968,141.729,489274,489346,0,140.878
1780760483.020,141.781,489274,489346,0,229.912
1780760483.074,141.834,489274,489346,0,112.840
1780760483.126,141.886,489274,489346,0,95.709
1780760483.178,141.939,489274,489346,0,95.437
1780760483.230,141.991,489274,489346,0,96.186
1780760483.283,142.044,489274,489346,0,94.048
1780760483.337,142.097,489274,489346,0,112.208
1780760483.389,142.149,489274,489346,0,96.179
1780760483.441,142.202,489274,489346,0,95.718
1780760483.494,142.254,489274,489346,0,94.867
1780760483.548,142.309,489274,489346,0,220.413
1780760483.601,142.362,489274,489346,0,282.549
1780760483.658,142.419,489274,489346,0,105.593
1780760483.710,142.470,489274,489346,0,96.324
1780760483.764,142.525,489274,489346,0,350.707
1780760483.817,142.577,489274,489346,0,266.424
1780760483.869,142.629,489274,489346,0,95.907
1780760483.921,142.681,489274,489346,0,96.236
1780760483.973,142.733,489274,489346,0,115.283
1780760484.025,142.786,489274,489346,0,95.660
1780760484.077,142.838,489274,489346,0,95.743
1780760484.129,142.890,489274,489346,0,95.923
1780760484.182,142.942,489274,489346,0,95.421
1780760484.234,142.995,489274,489346,0,114.488
1780760484.287,143.047,489274,489346,0,95.575
1780760484.339,143.099,489274,489346,0,95.850
1780760484.391,143.151,489274,489346,0,95.759
1780760484.443,143.204,489274,489346,0,95.900
1780760484.495,143.256,489274,489346,0,115.222
1780760484.547,143.308,489274,489346,0,95.771
1780760484.600,143.360,489274,489346,0,95.564
1780760484.652,143.413,489274,489346,0,248.196
1780760484.708,143.469,489274,489346,0,303.093
1780760484.761,143.522,489274,489346,0,207.267
1780760484.816,143.577,489274,489346,0,382.354
1780760484.868,143.629,489274,489346,0,191.692
1780760484.921,143.681,489274,489346,0,114.963
1780760484.973,143.733,489274,489346,0,96.057
1780760485.025,143.785,489274,489346,0,95.714
1780760485.077,143.837,489274,489346,0,95.935
1780760485.129,143.890,489274,489346,0,95.764
1780760485.235,143.996,489274,489346,0,103.672
1780760485.288,144.048,489274,489346,0,95.203
1780760485.340,144.101,489274,489346,0,114.664
1780760485.393,144.153,489274,489346,0,95.140
1780760485.445,144.205,489274,489346,0,95.779
1780760485.497,144.258,489274,489346,0,95.814
1780760485.549,144.310,489274,489346,0,95.723
1780760485.602,144.362,489274,489346,0,114.740
1780760485.654,144.414,489274,489346,0,133.826
1780760485.708,144.468,489274,489346,0,279.300
1780760485.761,144.521,489274,489346,0,376.684
1780760485.819,144.580,489274,489346,0,221.672
1780760485.872,144.633,489274,489346,0,338.532
1780760485.925,144.685,489274,489346,0,96.044
1780760485.976,144.737,489274,489346,0,96.322
1780760486.029,144.789,489274,489346,0,95.545
1780760486.081,144.842,489274,489346,0,114.796
1780760486.133,144.894,489274,489346,0,95.494
1780760486.186,144.946,489274,489346,0,95.760
1780760486.238,144.998,489274,489346,0,95.636
1780760486.290,145.051,489274,489346,0,95.709
1780760486.342,145.103,489274,489346,0,114.812
1780760486.395,145.155,489274,489346,0,95.684
1780760486.447,145.207,489274,489346,0,95.912
1780760486.499,145.259,489274,489346,0,95.941
1780760486.551,145.312,489274,489346,0,95.838
1780760486.603,145.364,489274,489346,0,114.791
1780760486.656,145.416,489274,489346,0,95.622
1780760486.708,145.468,489274,489346,0,268.158
1780760486.764,145.525,489274,489346,0,372.854
1780760486.817,145.578,489274,489346,0,188.577
1780760486.871,145.631,489274,489346,0,392.622
1780760486.924,145.684,489274,489346,0,112.647
1780760486.976,145.737,489274,489346,0,114.713
1780760487.029,145.789,489274,489346,0,95.478
1780760487.081,145.841,489274,489346,0,95.685
1780760487.133,145.893,489274,489346,0,95.967
1780760487.185,145.946,489274,489346,0,114.949
1780760487.238,145.998,489274,489346,0,95.277
1780760487.290,146.051,489274,489346,0,95.470
1780760487.342,146.103,489274,489346,0,95.363
1780760487.395,146.155,489274,489346,0,95.570
1780760487.447,146.208,489274,489346,0,114.670
1780760487.499,146.260,489274,489346,0,95.650
1780760487.552,146.312,489274,489346,0,95.718
1780760487.604,146.365,489274,489346,0,113.900
1780760487.656,146.417,489274,489346,0,95.815
1780760487.710,146.470,489274,489346,0,205.662
1780760487.767,146.528,489274,489346,0,296.227
1780760487.827,146.588,489274,489346,0,217.466
1780760487.879,146.640,489274,489346,0,382.318
1780760487.935,146.696,489274,489346,0,286.584
1780760487.988,146.748,489274,489346,0,95.526
1780760488.040,146.800,489274,489346,0,95.692
1780760488.092,146.853,489274,489346,0,114.454
1780760488.145,146.905,489274,489346,0,95.485
1780760488.197,146.958,489274,489346,0,95.470
1780760488.249,147.010,489274,489346,0,95.622
1780760488.302,147.062,489274,489346,0,95.494
1780760488.354,147.114,489274,489346,0,114.716
1780760488.406,147.167,489274,489346,0,95.193
1780760488.459,147.219,489274,489346,0,95.539
1780760488.511,147.272,489274,489346,0,95.523
1780760488.563,147.324,489274,489346,0,95.583
1780760488.616,147.376,489274,489346,0,114.333
1780760488.668,147.429,489274,489346,0,95.472
1780760488.722,147.482,489274,489346,0,112.108
1780760488.779,147.540,489274,489346,0,243.917
1780760488.833,147.593,489274,489346,0,112.582
1780760488.885,147.645,489274,489346,0,96.062
1780760488.937,147.697,489274,489346,0,95.917
1780760488.989,147.750,489274,489346,0,95.658
1780760489.041,147.802,489274,489346,0,115.367
1780760489.094,147.854,489274,489346,0,95.181
1780760489.146,147.906,489274,489346,0,38.281
1780760489.197,147.958,489274,489346,0,0.000
1780760489.249,148.009,489274,489346,0,0.000
1780760489.300,148.060,489274,489346,0,0.000
1780760489.351,148.112,489274,489346,0,0.000
1780760489.402,148.163,489274,489346,0,0.000
1780760489.453,148.214,489274,489346,0,0.000
1780760489.505,148.265,489274,489346,0,0.000
1780760489.556,148.316,489274,489346,0,0.000
1780760489.607,148.368,489274,489346,0,0.000
1780760489.658,148.419,489274,489346,0,0.000
1780760489.709,148.470,489274,489346,0,0.000
1780760489.761,148.521,489274,489346,0,0.000
1780760489.812,148.572,489274,489346,0,0.000
1780760489.863,148.623,489274,489346,0,0.000
1780760489.914,148.675,489274,489346,0,0.000
1780760489.965,148.726,489274,489346,0,0.000
1780760490.016,148.777,489274,489346,0,0.000
1780760490.068,148.828,489274,489346,0,0.000
1780760490.119,148.879,489274,489346,0,19.530
1780760490.228,148.989,489274,489346,2,45.670
1780760490.281,149.042,489274,489346,2,94.553
1780760490.334,149.094,489274,489346,2,95.010
1780760490.389,149.150,489274,489346,2,108.116
1780760490.442,149.203,489274,489346,2,94.962
1780760490.495,149.255,489274,489346,0,57.146
1780760490.545,149.306,489274,489346,0,0.000
1780760490.595,149.356,489274,489346,0,0.000
1780760490.646,149.406,489274,489346,0,0.000
1780760490.696,149.457,489274,489346,0,0.000
1780760490.746,149.507,489274,489346,0,0.000
1780760490.797,149.557,489274,489346,0,0.000
1780760490.847,149.607,489274,489346,0,0.000
1780760490.897,149.658,489274,489346,0,0.000
1780760490.947,149.708,489274,489346,0,0.000
1780760490.998,149.758,489274,489346,0,0.000
1780760491.048,149.808,489274,489346,0,0.000
1780760491.098,149.859,489274,489346,0,0.000
1780760491.149,149.909,489274,489346,0,0.000
1780760491.199,149.959,489274,489346,0,0.000
1780760491.249,150.010,489274,489346,0,0.000
1780760491.299,150.060,489274,489346,0,0.000
1780760491.349,150.110,489274,489346,0,0.000
1780760491.400,150.160,489274,489346,0,0.000
1780760491.450,150.211,489274,489346,0,0.000
1780760491.500,150.261,489274,489346,0,0.000
1780760491.551,150.311,489274,489346,0,0.000
1780760491.601,150.361,489274,489346,0,0.000
1780760491.651,150.412,489274,489346,0,0.000
1780760491.701,150.462,489274,489346,0,0.000
1780760491.751,150.512,489274,489346,0,0.000
1780760491.802,150.562,489274,489346,0,0.000
1780760491.852,150.613,489274,489346,0,0.000
1780760491.902,150.663,489274,489346,0,0.000
1780760491.953,150.713,489274,489346,0,0.000
1780760492.003,150.763,489274,489346,0,0.000
1780760492.053,150.814,489274,489346,0,0.000
1780760492.103,150.864,489274,489346,0,0.000
1780760492.154,150.914,489274,489346,0,0.000
1780760492.204,150.965,489274,489346,0,0.000
1780760492.254,151.015,489274,489346,0,0.000
1780760492.305,151.065,489274,489346,0,0.000
1780760492.355,151.115,489274,489346,0,0.000
1780760492.405,151.166,489274,489346,0,0.000
1780760492.455,151.216,489274,489346,0,0.000
1780760492.506,151.266,489274,489346,0,0.000
1780760492.556,151.317,489274,489346,0,0.000
1780760492.608,151.369,489274,489346,0,0.000
1780760492.659,151.419,489274,489346,0,0.000
1780760492.709,151.470,489274,489346,0,0.000
1780760492.759,151.520,489274,489346,0,0.000
1780760492.810,151.570,489274,489346,0,0.000
1780760492.860,151.620,489274,489346,0,0.000
1780760492.910,151.671,489274,489346,0,0.000
1780760492.961,151.721,489274,489346,0,0.000
1780760493.011,151.771,489274,489346,0,0.000
1780760493.061,151.822,489274,489346,0,0.000
1780760493.112,151.872,489274,489346,0,0.000
1780760493.162,151.922,489274,489346,0,0.000
1780760493.212,151.973,489274,489346,0,0.000
1780760493.263,152.023,489274,489346,0,0.000
1780760493.313,152.074,489274,489346,0,0.000
1780760493.364,152.124,489274,489346,0,0.000
1780760493.414,152.175,489274,489346,0,0.000
1780760493.465,152.225,489274,489346,0,0.000
1780760493.515,152.276,489274,489346,0,0.000
1780760493.565,152.326,489274,489346,0,0.000
1780760493.616,152.377,489274,489346,0,0.000
1780760493.666,152.427,489274,489346,0,0.000
1780760493.717,152.477,489274,489346,0,0.000
1780760493.767,152.528,489274,489346,0,0.000
1780760493.817,152.578,489274,489346,0,0.000
1780760493.868,152.628,489274,489346,0,0.000
1780760493.918,152.679,489274,489346,0,0.000
1780760493.969,152.729,489274,489346,0,0.000
1780760494.019,152.779,489274,489346,0,0.000
1780760494.069,152.830,489274,489346,0,0.000
1780760494.120,152.880,489274,489346,0,0.000
1780760494.170,152.931,489274,489346,0,0.000
1780760494.221,152.981,489274,489346,0,0.000
1780760494.271,153.032,489274,489346,0,0.000
1780760494.321,153.082,489274,489346,0,0.000
1780760494.372,153.132,489274,489346,0,0.000
1780760494.422,153.183,489274,489346,0,0.000
1780760494.472,153.233,489274,489346,0,0.000
1780760494.523,153.283,489274,489346,0,0.000
1780760494.573,153.334,489274,489346,0,0.000
1780760494.624,153.384,489274,489346,0,0.000
1780760494.674,153.434,489274,489346,0,0.000
1780760494.724,153.485,489274,489346,0,0.000
1780760494.775,153.535,489274,489346,0,0.000
1780760494.825,153.585,489274,489346,0,0.000
1780760494.875,153.636,489274,489346,0,0.000
1780760494.926,153.686,489274,489346,0,0.000
1780760494.976,153.737,489274,489346,0,0.000
1780760495.026,153.787,489274,489346,0,0.000
1780760495.077,153.837,489274,489346,0,0.000
1780760495.127,153.888,489274,489346,0,0.000
1780760495.361,154.121,489274,489346,0,4.278
1780760495.411,154.172,489274,489346,0,0.000
1780760495.462,154.222,489274,489346,0,0.000
1780760495.512,154.273,489274,489346,0,0.000
1780760495.563,154.323,489274,489346,0,0.000
1780760495.613,154.373,489274,489346,0,0.000
1780760495.663,154.424,489274,489346,0,0.000
1780760495.714,154.474,489274,489346,0,0.000
1780760495.764,154.524,489274,489346,0,0.000
1780760495.814,154.575,489274,489346,0,0.000
1780760495.865,154.625,489274,489346,0,0.000
1780760495.915,154.676,489274,489346,0,0.000
1780760495.965,154.726,489274,489346,0,0.000
1780760496.016,154.776,489274,489346,0,0.000
1780760496.066,154.827,489274,489346,0,0.000
1780760496.116,154.877,489274,489346,0,0.000
1780760496.167,154.927,489274,489346,0,0.000
1780760496.217,154.978,489274,489346,0,0.000
1780760496.268,155.028,489274,489346,0,0.000
1780760496.318,155.079,489274,489346,0,0.000
1780760496.368,155.129,489274,489346,0,0.000
1780760496.419,155.179,489274,489346,0,0.000
1780760496.469,155.230,489274,489346,0,0.000
1780760496.519,155.280,489274,489346,0,0.000
1780760496.570,155.330,489274,489346,0,0.000
1780760496.620,155.381,489274,489346,0,0.000
1780760496.670,155.431,489274,489346,0,0.000
1780760496.721,155.481,489274,489346,0,0.000
1780760496.771,155.532,489274,489346,0,0.000
1780760496.821,155.582,489274,489346,0,0.000
1780760496.872,155.632,489274,489346,0,0.000
1780760496.922,155.683,489274,489346,0,0.000
1780760496.973,155.733,489274,489346,0,0.000
1780760497.023,155.783,489274,489346,0,0.000
1780760497.073,155.834,489274,489346,0,0.000
1780760497.124,155.884,489274,489346,0,0.000
1780760497.174,155.935,489274,489346,0,0.000
1780760497.224,155.985,489274,489346,0,0.000
1780760497.275,156.035,489274,489346,0,0.000
1780760497.325,156.086,489274,489346,0,0.000
1780760497.375,156.136,489274,489346,0,0.000
1780760497.426,156.186,489274,489346,0,0.000
1780760497.476,156.237,489274,489346,0,0.000
1780760497.526,156.287,489274,489346,0,0.000
1780760497.577,156.337,489274,489346,0,0.000
1780760497.627,156.388,489274,489346,0,0.000
1780760497.677,156.438,489274,489346,0,0.000
1780760497.728,156.488,489274,489346,0,0.000
1780760497.778,156.539,489274,489346,0,0.000
1780760497.829,156.589,489274,489346,0,0.000
1780760497.879,156.639,489274,489346,0,0.000
1780760497.929,156.690,489274,489346,0,0.000
1780760497.980,156.740,489274,489346,0,0.000
1780760498.030,156.791,489274,489346,0,0.000
1780760498.080,156.841,489274,489346,0,0.000
1780760498.131,156.891,489274,489346,0,0.000
1780760498.181,156.942,489274,489346,0,0.000
1780760498.231,156.992,489274,489346,0,0.000
1780760498.282,157.042,489274,489346,0,0.000
1780760498.332,157.093,489274,489346,0,0.000
1780760498.383,157.143,489274,489346,0,0.000
1780760498.433,157.193,489274,489346,0,0.000
1780760498.483,157.244,489274,489346,0,0.000
1780760498.534,157.294,489274,489346,0,0.000
1780760498.584,157.344,489274,489346,0,0.000
1780760498.634,157.395,489274,489346,0,0.000
1780760498.688,157.449,489274,489346,0,0.000
1780760498.739,157.499,489274,489346,0,0.000
1780760498.789,157.550,489274,489346,0,0.000
1780760498.840,157.600,489274,489346,0,0.000
1780760498.890,157.650,489274,489346,0,0.000
1780760498.940,157.701,489274,489346,0,0.000
1780760498.990,157.751,489274,489346,0,0.000
1780760499.041,157.801,489274,489346,0,0.000
1780760499.091,157.852,489274,489346,0,0.000
1780760499.141,157.902,489274,489346,0,0.000
1780760499.192,157.952,489274,489346,0,0.000
1780760499.242,158.002,489274,489346,0,0.000
1780760499.292,158.053,489274,489346,0,0.000
1780760499.343,158.103,489274,489346,0,0.000
1780760499.393,158.153,489274,489346,0,0.000
1780760499.443,158.204,489274,489346,0,0.000
1780760499.493,158.254,489274,489346,0,0.000
1780760499.544,158.304,489274,489346,0,0.000
1780760499.594,158.355,489274,489346,0,0.000
1780760499.644,158.405,489274,489346,0,0.000
1780760499.695,158.455,489274,489346,0,0.000
1780760499.745,158.505,489274,489346,0,0.000
1780760499.795,158.556,489274,489346,0,0.000
1780760499.846,158.606,489274,489346,0,0.000
1780760499.896,158.656,489274,489346,0,0.000
1780760499.946,158.707,489274,489346,0,0.000
1780760499.996,158.757,489274,489346,0,0.000
1780760500.047,158.807,489274,489346,0,0.000
1780760500.097,158.858,489274,489346,0,0.000
1780760500.147,158.908,489274,489346,0,0.000
1780760502.421,161.181,489274,489346,0,0.000
1780760502.471,161.232,489274,489346,0,0.000
1780760502.521,161.282,489274,489346,0,0.000
1780760502.572,161.332,489274,489346,0,0.000
1780760502.622,161.383,489274,489346,0,0.000
1780760502.672,161.433,489274,489346,0,0.000
1780760502.723,161.483,489274,489346,0,0.000
1780760502.773,161.533,489274,489346,0,0.000
1780760502.823,161.584,489274,489346,0,0.000
1780760502.874,161.634,489274,489346,0,0.000
1780760502.924,161.684,489274,489346,0,0.000
1780760502.974,161.735,489274,489346,0,0.000
1780760503.025,161.785,489274,489346,0,0.000
1780760503.075,161.835,489274,489346,0,0.000
1780760503.125,161.886,489274,489346,0,0.000
1780760503.175,161.936,489274,489346,0,0.000
1780760503.226,161.986,489274,489346,0,0.000
1780760503.276,162.037,489274,489346,0,0.000
1780760503.326,162.087,489274,489346,0,0.000
1780760503.377,162.137,489274,489346,0,0.000
1780760503.427,162.187,489274,489346,0,0.000
1780760503.477,162.238,489274,489346,0,0.000
1780760503.528,162.288,489274,489346,0,0.000
1780760503.578,162.338,489274,489346,0,0.000
1780760503.628,162.389,489274,489346,0,0.000
1780760503.678,162.439,489274,489346,0,0.000
1780760503.729,162.489,489274,489346,0,0.000
1780760503.779,162.540,489274,489346,0,0.000
1780760503.829,162.590,489274,489346,0,0.000
1780760503.880,162.640,489274,489346,0,0.000
1780760503.930,162.690,489274,489346,0,0.000
1780760503.980,162.741,489274,489346,0,0.000
1780760504.031,162.791,489274,489346,0,0.000
1780760504.081,162.841,489274,489346,0,0.000
1780760504.131,162.892,489274,489346,0,0.000
1780760504.181,162.942,489274,489346,0,0.000
1780760504.232,162.992,489274,489346,0,0.000
1780760504.282,163.043,489274,489346,0,0.000
1780760504.332,163.093,489274,489346,0,0.000
1780760504.383,163.143,489274,489346,0,0.000
1780760504.433,163.193,489274,489346,0,0.000
1780760504.483,163.244,489274,489346,0,0.000
1780760504.534,163.294,489274,489346,0,0.000
1780760504.584,163.344,489274,489346,0,0.000
1780760504.634,163.395,489274,489346,0,0.000
1780760504.684,163.445,489274,489346,0,0.000
1780760504.735,163.495,489274,489346,0,0.000
1780760504.785,163.546,489274,489346,0,0.000
1780760504.835,163.596,489274,489346,0,0.000
1780760504.886,163.646,489274,489346,0,0.000
1780760504.936,163.696,489274,489346,0,0.000
1780760504.986,163.747,489274,489346,0,0.000
1780760505.036,163.797,489274,489346,0,0.000
1780760505.087,163.847,489274,489346,0,0.000
1780760505.137,163.898,489274,489346,0,0.000
1780760505.187,163.948,489274,489346,0,0.000
1780760505.238,163.998,489274,489346,0,0.000
1780760505.288,164.048,489274,489346,0,0.000
1780760505.338,164.099,489274,489346,0,0.000
1780760505.389,164.149,489274,489346,0,0.000
1780760505.439,164.199,489274,489346,0,0.000
1780760505.489,164.250,489274,489346,0,0.000
1780760505.539,164.300,489274,489346,0,0.000
1780760505.590,164.350,489274,489346,0,0.000
1780760505.640,164.401,489274,489346,0,0.000
1780760505.690,164.451,489274,489346,0,0.000
1780760505.741,164.501,489274,489346,0,0.000
1780760505.791,164.551,489274,489346,0,0.000
1780760505.841,164.602,489274,489346,0,0.000
1780760505.892,164.652,489274,489346,0,0.000
1780760505.942,164.702,489274,489346,0,0.000
1780760505.992,164.753,489274,489346,0,0.000
1780760506.043,164.803,489274,489346,0,0.000
1780760506.093,164.853,489274,489346,0,0.000
1780760506.143,164.904,489274,489346,0,0.000
1780760506.193,164.954,489274,489346,0,0.000
1780760506.244,165.004,489274,489346,0,0.000
1780760506.294,165.055,489274,489346,0,0.000
1780760506.344,165.105,489274,489346,0,0.000
1780760506.395,165.155,489274,489346,0,0.000
1780760506.445,165.205,489274,489346,0,0.000
1780760506.495,165.256,489274,489346,0,0.000
1780760506.546,165.306,489274,489346,0,0.000
1780760506.596,165.356,489274,489346,0,0.000
1780760506.646,165.407,489274,489346,0,0.000
1780760506.696,165.457,489274,489346,0,0.000
1780760506.747,165.507,489274,489346,0,0.000
1780760506.797,165.558,489274,489346,0,0.000
1780760506.847,165.608,489274,489346,0,0.000
1780760506.898,165.658,489274,489346,0,0.000
1780760506.948,165.709,489274,489346,0,0.000
1780760506.999,165.759,489274,489346,0,0.000
1780760507.049,165.809,489274,489346,0,0.000
1780760507.099,165.860,489274,489346,0,0.000
1780760507.149,165.910,489274,489346,0,0.000
1780760507.200,165.960,489274,489346,0,0.000
1780760507.250,166.011,489274,489346,0,0.000
1780760507.300,166.061,489274,489346,0,0.000
1780760507.351,166.111,489274,489346,0,0.000
1780760507.401,166.161,489274,489346,0,0.000
1780760507.451,166.212,489274,489346,0,0.000
1780760507.502,166.262,489274,489346,0,0.000
1780760507.552,166.312,489274,489346,0,0.000
1780760507.602,166.363,489274,489346,0,0.000
1780760507.652,166.413,489274,489346,0,0.000
1780760507.703,166.463,489274,489346,0,0.000
1780760507.753,166.514,489274,489346,0,0.000
1780760507.803,166.564,489274,489346,0,0.000
1780760507.854,166.614,489274,489346,0,0.000
1780760507.904,166.664,489274,489346,0,0.000
1780760507.954,166.715,489274,489346,0,0.000
1780760508.005,166.765,489274,489346,0,0.000
1780760508.055,166.815,489274,489346,0,0.000
1780760508.105,166.866,489274,489346,0,0.000
1780760508.155,166.916,489274,489346,0,0.000
1780760508.206,166.966,489274,489346,0,0.000
1780760508.256,167.017,489274,489346,0,0.000
1780760508.306,167.067,489274,489346,0,0.000
1780760508.357,167.117,489274,489346,0,0.000
1780760508.407,167.167,489274,489346,0,0.000
1780760508.457,167.218,489274,489346,0,0.000
1780760508.507,167.268,489274,489346,0,0.000
1780760509.059,167.820,489274,489346,0,1.812
1780760509.110,167.870,489274,489346,0,0.000
1780760509.160,167.921,489274,489346,0,0.000
1780760509.210,167.971,489274,489346,0,0.000
1780760509.261,168.021,489274,489346,0,0.000
1780760509.311,168.072,489274,489346,0,0.000
1780760509.361,168.122,489274,489346,0,0.000
1780760509.412,168.172,489274,489346,0,0.000
1780760509.462,168.222,489274,489346,0,0.000
1780760509.512,168.273,489274,489346,0,0.000
1780760509.563,168.323,489274,489346,0,0.000
1780760509.613,168.373,489274,489346,0,0.000
1780760509.663,168.424,489274,489346,0,0.000
1780760509.713,168.474,489274,489346,0,0.000
1780760509.764,168.524,489274,489346,0,0.000
1780760509.814,168.575,489274,489346,0,0.000
1780760509.864,168.625,489274,489346,0,0.000
1780760509.915,168.675,489274,489346,0,0.000
1780760509.965,168.725,489274,489346,0,0.000
1780760510.015,168.776,489274,489346,0,0.000
1780760510.066,168.826,489274,489346,0,0.000
1780760510.116,168.876,489274,489346,0,0.000
1780760510.166,168.927,489274,489346,0,0.000
1780760510.216,168.977,489274,489346,0,0.000
1780760510.267,169.027,489274,489346,0,0.000
1780760510.317,169.078,489274,489346,0,0.000
1780760510.367,169.128,489274,489346,0,0.000
1780760510.418,169.178,489274,489346,0,0.000
1780760510.468,169.228,489274,489346,0,0.000
1780760510.518,169.279,489274,489346,0,0.000
1780760510.568,169.329,489274,489346,0,0.000
1780760510.619,169.379,489274,489346,0,0.000
1780760510.669,169.430,489274,489346,0,0.000
1780760510.719,169.480,489274,489346,0,0.000
1780760510.770,169.530,489274,489346,0,0.000
1780760510.820,169.581,489274,489346,0,0.000
1780760510.870,169.631,489274,489346,0,0.000
1780760510.921,169.681,489274,489346,0,0.000
1780760510.971,169.731,489274,489346,0,0.000
1780760511.021,169.782,489274,489346,0,0.000
1780760511.072,169.832,489274,489346,0,0.000
1780760511.122,169.883,489274,489346,0,0.000
1780760511.172,169.933,489274,489346,0,0.000
1780760511.223,169.983,489274,489346,0,0.000
1780760511.273,170.033,489274,489346,0,0.000
1780760511.323,170.084,489274,489346,0,0.000
1780760511.374,170.134,489274,489346,0,0.000
1780760511.424,170.184,489274,489346,0,0.000
1780760511.474,170.235,489274,489346,0,0.000
1780760511.524,170.285,489274,489346,0,0.000
1780760511.575,170.335,489274,489346,0,0.000
1780760511.625,170.386,489274,489346,0,0.000
1780760511.675,170.436,489274,489346,0,0.000
1780760511.726,170.486,489274,489346,0,0.000
1780760511.776,170.536,489274,489346,0,0.000
1780760511.826,170.587,489274,489346,0,0.000
1780760511.877,170.637,489274,489346,0,0.000
1780760511.927,170.687,489274,489346,0,0.000
1780760511.977,170.738,489274,489346,0,0.000
1780760512.027,170.788,489274,489346,0,0.000
1780760512.078,170.838,489274,489346,0,0.000
1780760512.128,170.889,489274,489346,0,0.000
1780760512.178,170.939,489274,489346,0,0.000
1780760512.229,170.989,489274,489346,0,0.000
1780760512.279,171.039,489274,489346,0,0.000
1780760512.329,171.090,489274,489346,0,0.000
1780760512.380,171.140,489274,489346,0,19.882
1780760512.430,171.191,489274,489346,0,0.000
1780760512.480,171.241,489274,489346,0,0.000
1780760512.531,171.291,489274,489346,0,0.000
1780760512.581,171.341,489274,489346,0,0.000
1780760512.631,171.392,489274,489346,0,0.000
1780760512.681,171.442,489274,489346,0,0.000
1780760512.732,171.492,489274,489346,0,0.000
1780760512.782,171.543,489274,489346,0,0.000
1780760512.832,171.593,489274,489346,0,0.000
1780760512.883,171.643,489274,489346,0,0.000
1780760512.933,171.693,489274,489346,0,0.000
1780760512.983,171.744,489274,489346,0,0.000
1780760513.034,171.794,489274,489346,0,0.000
1780760513.084,171.844,489274,489346,0,0.000
1780760513.134,171.895,489274,489346,0,0.000
1780760513.184,171.945,489274,489346,0,0.000
1780760513.235,171.995,489274,489346,0,0.000
1780760513.285,172.046,489274,489346,0,0.000
1780760513.335,172.096,489274,489346,0,0.000
1780760513.386,172.146,489274,489346,0,0.000
1780760513.436,172.196,489274,489346,0,0.000
1780760513.486,172.247,489274,489346,0,0.000
1780760514.727,173.487,489274,489346,0,0.000
1780760514.777,173.538,489274,489346,0,0.000
1780760514.828,173.588,489274,489346,0,0.000
1780760514.878,173.639,489274,489346,0,0.000
1780760514.928,173.689,489274,489346,0,0.000
1780760514.979,173.739,489274,489346,0,0.000
1780760515.029,173.790,489274,489346,0,0.000
1780760515.079,173.840,489274,489346,0,0.000
1780760515.130,173.890,489274,489346,0,0.000
1780760515.180,173.941,489274,489346,0,0.000
1780760515.230,173.991,489274,489346,0,0.000
1780760515.281,174.041,489274,489346,0,0.000
1780760515.331,174.091,489274,489346,0,0.000
1780760515.381,174.142,489274,489346,0,0.000
1780760515.431,174.192,489274,489346,0,0.000
1780760515.482,174.242,489274,489346,0,0.000
1780760515.532,174.293,489274,489346,0,0.000
1780760515.582,174.343,489274,489346,0,0.000
1780760515.633,174.393,489274,489346,0,0.000
1780760515.683,174.444,489274,489346,0,0.000
1780760515.733,174.494,489274,489346,0,0.000
1780760515.784,174.544,489274,489346,0,0.000
1780760515.834,174.594,489274,489346,0,0.000
1780760515.884,174.645,489274,489346,0,0.000
1780760540.461,199.222,489274,489346,0,0.041
1780760540.512,199.273,489274,489346,0,0.000
1780760540.562,199.323,489274,489346,0,0.000
1780760540.613,199.373,489274,489346,0,0.000
1780760540.663,199.424,489274,489346,0,0.000
1780760540.713,199.474,489274,489346,0,0.000
1780760540.764,199.524,489274,489346,0,0.000
1780760540.814,199.574,489274,489346,0,0.000
1780760540.864,199.625,489274,489346,0,0.000
1780760540.914,199.675,489274,489346,0,0.000
1780760540.965,199.725,489274,489346,0,0.000
1780760541.015,199.776,489274,489346,0,0.000
1780760541.065,199.826,489274,489346,0,0.000
1780760541.116,199.876,489274,489346,0,0.000
1780760541.166,199.927,489274,489346,0,0.000
1780760541.216,199.977,489274,489346,0,0.000
1780760541.267,200.027,489274,489346,0,0.000
1780760541.317,200.077,489274,489346,0,0.000
1780760541.367,200.128,489274,489346,0,0.000
1780760541.417,200.178,489274,489346,0,0.000
1780760541.468,200.228,489274,489346,0,0.000
1780760541.518,200.279,489274,489346,0,0.000
1780760541.568,200.329,489274,489346,0,0.000
1780760541.619,200.379,489274,489346,0,0.000
1780760541.669,200.429,489274,489346,0,0.000
1780760541.719,200.480,489274,489346,0,0.000
1780760541.770,200.530,489274,489346,0,0.000
1780760541.820,200.580,489274,489346,0,0.000
1780760543.591,202.351,489274,489346,0,0.000
1780760543.641,202.402,489274,489346,0,0.000
1780760543.692,202.452,489274,489346,0,0.000
1780760543.742,202.502,489274,489346,0,0.000
1780760543.792,202.553,489274,489346,0,0.000
1780760543.842,202.603,489274,489346,0,0.000
1780760543.893,202.653,489274,489346,0,0.000
1780760543.943,202.704,489274,489346,0,0.000
1780760543.993,202.754,489274,489346,0,0.000
1780760544.044,202.804,489274,489346,0,0.000
1780760544.094,202.855,489274,489346,0,0.000
1780760544.144,202.905,489274,489346,0,0.000
1780760544.195,202.955,489274,489346,0,0.000
1780760544.245,203.005,489274,489346,0,0.000
1780760544.295,203.056,489274,489346,0,0.000
1780760544.345,203.106,489274,489346,0,0.000
1780760544.396,203.156,489274,489346,0,0.000
1780760544.446,203.207,489274,489346,0,0.000
1780760544.496,203.257,489274,489346,0,0.000
1780760544.547,203.307,489274,489346,0,0.000
1780760544.597,203.357,489274,489346,0,0.000
1780760544.647,203.408,489274,489346,0,0.000
1780760544.698,203.458,489274,489346,0,0.000
1780760544.748,203.508,489274,489346,0,0.000
1780760544.798,203.559,489274,489346,0,0.000
1780760544.849,203.609,489274,489346,0,0.000
1780760544.899,203.659,489274,489346,0,0.000
1780760544.949,203.710,489274,489346,0,0.000
1780760545.000,203.760,489274,489346,0,0.000
1780760545.050,203.810,489274,489346,0,0.000
1780760545.100,203.861,489274,489346,0,0.000
1780760545.151,203.911,489274,489346,0,0.000
1780760545.201,203.961,489274,489346,0,0.000
1780760545.251,204.012,489274,489346,0,0.000
1780760545.301,204.062,489274,489346,0,0.000
1780760545.352,204.112,489274,489346,0,0.000
1780760545.402,204.163,489274,489346,0,0.000
1780760545.452,204.213,489274,489346,0,0.000
1780760545.503,204.263,489274,489346,0,0.000
1780760545.553,204.313,489274,489346,0,0.000
1780760545.603,204.364,489274,489346,0,0.000
1780760545.654,204.414,489274,489346,0,0.000
1780760545.704,204.464,489274,489346,0,0.000
1780760545.754,204.515,489274,489346,0,0.000
1780760545.804,204.565,489274,489346,0,0.000
1780760545.855,204.615,489274,489346,0,0.000
1780760545.905,204.666,489274,489346,0,0.000
1780760545.955,204.716,489274,489346,0,0.000
1780760546.006,204.766,489274,489346,0,0.000
1780760546.056,204.816,489274,489346,0,0.000
1780760546.106,204.867,489274,489346,0,0.000
1780760546.157,204.917,489274,489346,0,0.000
1780760546.207,204.967,489274,489346,0,0.000
1780760546.257,205.018,489274,489346,0,0.000
1780760546.307,205.068,489274,489346,0,0.000
1780760546.358,205.118,489274,489346,0,0.000
1780760546.408,205.169,489274,489346,0,0.000
1780760546.458,205.219,489274,489346,0,0.000
1780760546.509,205.269,489274,489346,0,0.000
1780760546.559,205.319,489274,489346,0,0.000
1780760546.609,205.370,489274,489346,0,0.000
1780760546.659,205.420,489274,489346,0,0.000
1780760546.710,205.470,489274,489346,0,0.000
1780760546.760,205.521,489274,489346,0,0.000
1780760546.810,205.571,489274,489346,0,0.000
1780760546.861,205.621,489274,489346,0,0.000
1780760546.911,205.672,489274,489346,0,0.000
1780760546.961,205.722,489274,489346,0,0.000
1780760547.012,205.772,489274,489346,0,0.000
1780760547.062,205.823,489274,489346,0,0.000
1780760547.112,205.873,489274,489346,0,0.000
1780760547.163,205.923,489274,489346,0,0.000
1780760547.213,205.973,489274,489346,0,0.000
1780760547.263,206.024,489274,489346,0,0.000
1780760547.313,206.074,489274,489346,0,0.000
1780760547.364,206.124,489274,489346,0,0.000
1780760547.414,206.175,489274,489346,0,0.000
1780760547.465,206.225,489274,489346,0,0.000
1780760547.515,206.275,489274,489346,0,0.000
1780760547.565,206.326,489274,489346,0,0.000
1780760547.615,206.376,489274,489346,0,0.000
1780760547.666,206.426,489274,489346,0,0.000
1780760547.716,206.477,489274,489346,0,0.000
1780760547.766,206.527,489274,489346,0,0.000
1780760547.817,206.577,489274,489346,0,0.000
1780760547.867,206.627,489274,489346,0,0.000
1780760547.917,206.678,489274,489346,0,0.000
1780760547.968,206.728,489274,489346,0,0.000
1780760548.018,206.778,489274,489346,0,0.000
1780760548.068,206.829,489274,489346,0,0.000
1780760548.119,206.879,489274,489346,0,0.000
1780760548.169,206.929,489274,489346,0,0.000
1780760548.219,206.980,489274,489346,0,0.000
1780760548.269,207.030,489274,489346,0,0.000
1780760548.320,207.080,489274,489346,0,0.000
1780760548.370,207.131,489274,489346,0,0.000
1780760548.421,207.181,489274,489346,0,0.000
1780760548.471,207.231,489274,489346,0,0.000
1780760548.521,207.282,489274,489346,0,0.000
1780760548.571,207.332,489274,489346,0,0.000
1780760548.622,207.382,489274,489346,0,0.000
1780760548.672,207.433,489274,489346,0,0.000
1780760548.722,207.483,489274,489346,0,0.000
1780760548.773,207.533,489274,489346,0,0.000
1780760548.823,207.583,489274,489346,0,0.000
1780760548.873,207.634,489274,489346,0,0.000
1780760548.924,207.684,489274,489346,0,0.000
1780760548.974,207.734,489274,489346,0,0.000
1780760549.024,207.785,489274,489346,0,0.000
1780760549.074,207.835,489274,489346,0,0.000
1780760549.125,207.885,489274,489346,0,0.000
1780760549.175,207.936,489274,489346,0,0.000
1780760549.225,207.986,489274,489346,0,0.000
1780760549.276,208.036,489274,489346,0,0.000
1780760549.326,208.086,489274,489346,0,0.000
1780760549.376,208.137,489274,489346,0,0.000
1780760549.427,208.187,489274,489346,0,0.000
1780760549.477,208.237,489274,489346,0,0.000
1780760549.527,208.288,489274,489346,0,0.000
1780760549.577,208.338,489274,489346,0,0.000
1780760549.628,208.388,489274,489346,0,0.000
1780760549.678,208.439,489274,489346,0,0.000
1780760549.728,208.489,489274,489346,0,0.000
1780760549.779,208.539,489274,489346,0,0.000
1780760549.829,208.589,489274,489346,0,0.000
1780760549.879,208.640,489274,489346,0,0.000
1780760549.929,208.690,489274,489346,0,0.000
1780760549.980,208.740,489274,489346,0,0.000
1780760550.030,208.791,489274,489346,0,0.000
1780760550.080,208.841,489274,489346,0,0.000
1780760550.131,208.891,489274,489346,0,0.000
1780760550.181,208.942,489274,489346,0,0.000
1780760550.231,208.992,489274,489346,0,0.000
1780760550.282,209.042,489274,489346,0,0.000
1780760550.332,209.092,489274,489346,0,0.000
1780760550.382,209.143,489274,489346,0,0.000
1780760550.432,209.193,489274,489346,0,0.000
1780760550.483,209.243,489274,489346,0,0.000
1780760550.533,209.294,489274,489346,0,0.000
1780760550.583,209.344,489274,489346,0,0.000
1780760550.634,209.394,489274,489346,0,0.000
1780760550.684,209.444,489274,489346,0,0.000
1780760550.734,209.495,489274,489346,0,0.000
1780760550.785,209.545,489274,489346,0,0.000
1780760550.835,209.595,489274,489346,0,0.000
1780760550.885,209.646,489274,489346,0,0.000
1780760550.935,209.696,489274,489346,0,0.000
1780760550.986,209.746,489274,489346,0,0.000
1780760551.036,209.797,489274,489346,0,0.000
1780760551.086,209.847,489274,489346,0,0.000
1780760551.137,209.897,489274,489346,0,0.000
1780760551.187,209.948,489274,489346,0,0.000
1780760551.237,209.998,489274,489346,0,0.000
1780760551.288,210.048,489274,489346,0,0.000
1780760551.338,210.098,489274,489346,0,0.000
1780760551.388,210.149,489274,489346,0,0.000
1780760551.438,210.199,489274,489346,0,0.000
1780760551.489,210.249,489274,489346,0,0.000
1780760551.539,210.300,489274,489346,0,0.000
1780760551.589,210.350,489274,489346,0,0.000
1780760551.640,210.400,489274,489346,0,0.000
1780760551.690,210.450,489274,489346,0,0.000
1780760551.740,210.501,489274,489346,0,0.000
1780760551.791,210.551,489274,489346,0,0.000
1780760551.841,210.601,489274,489346,0,0.000
1780760551.891,210.652,489274,489346,0,0.000
1780760551.941,210.702,489274,489346,0,0.000
1780760551.992,210.752,489274,489346,0,0.000
1780760552.042,210.803,489274,489346,0,0.000
1780760552.092,210.853,489274,489346,0,0.000
1780760552.143,210.903,489274,489346,0,0.000
1780760552.193,210.953,489274,489346,0,0.000
1780760552.243,211.004,489274,489346,0,0.000
1780760552.294,211.054,489274,489346,0,0.000
1780760552.344,211.104,489274,489346,0,0.000
1780760552.394,211.155,489274,489346,0,0.000
1780760552.444,211.205,489274,489346,0,0.000
1780760552.495,211.255,489274,489346,0,0.000
1780760552.545,211.306,489274,489346,0,0.000
1780760552.595,211.356,489274,489346,0,0.000
1780760552.646,211.406,489274,489346,0,0.000
1780760552.696,211.456,489274,489346,0,0.000
1780760552.746,211.507,489274,489346,0,0.000
1780760552.797,211.557,489274,489346,0,0.000
1780760552.847,211.607,489274,489346,0,0.000
1780760552.897,211.658,489274,489346,0,0.000
1780760552.947,211.708,489274,489346,0,0.000
1780760552.998,211.758,489274,489346,0,0.000
1780760553.048,211.809,489274,489346,0,0.000
1780760553.098,211.859,489274,489346,0,0.000
1780760553.149,211.909,489274,489346,0,0.000
1780760553.199,211.959,489274,489346,0,0.000
1780760553.249,212.010,489274,489346,0,0.000
1780760553.300,212.060,489274,489346,0,0.000
1780760553.350,212.110,489274,489346,0,0.000
1780760553.400,212.161,489274,489346,0,0.000
1780760553.450,212.211,489274,489346,0,0.000
1780760553.501,212.261,489274,489346,0,0.000
1780760553.551,212.312,489274,489346,0,0.000
1780760553.601,212.362,489274,489346,0,0.000
1780760553.652,212.412,489274,489346,0,0.000
1780760553.702,212.462,489274,489346,0,0.000
1780760553.752,212.513,489274,489346,0,0.000
1780760553.802,212.563,489274,489346,0,0.000
1780760553.853,212.613,489274,489346,0,0.000
1780760553.903,212.664,489274,489346,0,0.000
1780760553.953,212.714,489274,489346,0,0.000
1780760554.004,212.764,489274,489346,0,0.000
1780760554.054,212.815,489274,489346,0,0.000
1780760554.104,212.865,489274,489346,0,0.000
1780760554.155,212.915,489274,489346,0,0.000
1780760554.205,212.965,489274,489346,0,0.000
1780760554.255,213.016,489274,489346,0,0.000
1780760554.306,213.066,489274,489346,0,0.000
1780760554.356,213.116,489274,489346,0,0.000
1780760554.406,213.167,489274,489346,0,0.000
1780760554.456,213.217,489274,489346,0,0.000
1780760554.507,213.267,489274,489346,0,0.000
1780760554.557,213.318,489274,489346,0,0.000
1780760554.607,213.368,489274,489346,0,0.000
1780760554.658,213.418,489274,489346,0,0.000
1780760554.708,213.468,489274,489346,0,0.000
1780760554.758,213.519,489274,489346,0,0.000
1780760554.808,213.569,489274,489346,0,0.000
1780760554.859,213.619,489274,489346,0,0.000
1780760554.909,213.670,489274,489346,0,0.000
1780760554.959,213.720,489274,489346,0,0.000
1780760555.010,213.770,489274,489346,0,0.000
1780760555.060,213.821,489274,489346,0,0.000
1780760555.110,213.871,489274,489346,0,0.000
1780760555.161,213.921,489274,489346,0,0.000
1780760555.211,213.972,489274,489346,0,0.000
1780760555.261,214.022,489274,489346,0,0.000
1780760555.312,214.072,489274,489346,0,0.000
1780760555.362,214.122,489274,489346,0,0.000
1780760555.412,214.173,489274,489346,0,0.000
1780760555.463,214.223,489274,489346,0,0.000
1780760555.513,214.273,489274,489346,0,0.000
1780760555.563,214.324,489274,489346,0,0.000
1780760555.613,214.374,489274,489346,0,0.000
1780760555.664,214.424,489274,489346,0,0.000
1780760555.714,214.475,489274,489346,0,0.000
1780760555.764,214.525,489274,489346,0,0.000
1780760555.815,214.575,489274,489346,0,0.000
1780760555.865,214.625,489274,489346,0,0.000
1780760555.915,214.676,489274,489346,0,0.000
1780760555.966,214.726,489274,489346,0,0.000
1780760556.016,214.777,489274,489346,0,0.000
1780760556.066,214.827,489274,489346,0,0.000
1780760556.117,214.877,489274,489346,0,0.000
1780760556.167,214.927,489274,489346,0,0.000
1780760556.217,214.978,489274,489346,0,0.000
1780760556.268,215.028,489274,489346,0,0.000
1780760556.318,215.078,489274,489346,0,0.000
1780760556.368,215.129,489274,489346,0,0.000
1780760556.418,215.179,489274,489346,0,0.000
1780760556.469,215.229,489274,489346,0,0.000
1780760556.519,215.280,489274,489346,0,0.000
1780760556.569,215.330,489274,489346,0,0.000
1780760556.620,215.380,489274,489346,0,0.000
1780760556.670,215.430,489274,489346,0,0.000
1780760556.720,215.481,489274,489346,0,0.000
1780760556.770,215.531,489274,489346,0,0.000
1780760556.821,215.581,489274,489346,0,0.000
1780760556.871,215.632,489274,489346,0,0.000
1780760556.921,215.682,489274,489346,0,0.000
1780760556.972,215.732,489274,489346,0,0.000
1780760557.022,215.783,489274,489346,0,0.000
1780760557.072,215.833,489274,489346,0,0.000
1780760557.123,215.883,489274,489346,0,0.000
1780760557.173,215.934,489274,489346,0,0.000
1780760557.223,215.984,489274,489346,0,0.000
1780760557.274,216.034,489274,489346,0,0.000
1780760557.324,216.084,489274,489346,0,0.000
1780760557.374,216.135,489274,489346,0,0.000
1780760557.424,216.185,489274,489346,0,0.000
1780760557.475,216.235,489274,489346,0,0.000
1780760557.525,216.286,489274,489346,0,0.000
1780760557.575,216.336,489274,489346,0,0.000
1780760557.626,216.386,489274,489346,0,0.000
1780760560.289,219.049,489274,489346,0,0.000
1780760560.339,219.100,489274,489346,0,0.000
1780760560.389,219.150,489274,489346,0,0.000
1780760560.440,219.200,489274,489346,0,0.000
1780760560.490,219.250,489274,489346,0,0.000
1780760560.540,219.301,489274,489346,0,0.000
1780760560.591,219.351,489274,489346,0,0.000
1780760560.641,219.401,489274,489346,0,0.000
1780760560.691,219.452,489274,489346,0,0.000
1780760560.741,219.502,489274,489346,0,0.000
1780760560.792,219.552,489274,489346,0,0.000
1780760560.842,219.603,489274,489346,0,0.000
1780760560.892,219.653,489274,489346,0,0.000
1780760560.943,219.703,489274,489346,0,0.000
1780760560.993,219.753,489274,489346,0,0.000
1780760561.043,219.804,489274,489346,0,0.000
1780760561.094,219.854,489274,489346,0,0.000
1780760561.144,219.904,489274,489346,0,0.000
1780760561.194,219.955,489274,489346,0,0.000
1780760561.244,220.005,489274,489346,0,0.000
1780760561.295,220.055,489274,489346,0,0.000
1780760561.345,220.106,489274,489346,0,0.000
1780760561.395,220.156,489274,489346,0,0.000
1780760561.446,220.206,489274,489346,0,0.000
1780760561.496,220.256,489274,489346,0,0.000
1780760561.546,220.307,489274,489346,0,0.000
1780760561.596,220.357,489274,489346,0,0.000
1780760561.647,220.407,489274,489346,0,0.000
1780760561.697,220.458,489274,489346,0,0.000
1780760561.747,220.508,489274,489346,0,0.000
1780760561.798,220.558,489274,489346,0,0.000
1780760561.848,220.609,489274,489346,0,0.000
1780760561.898,220.659,489274,489346,0,0.000
1780760561.949,220.709,489274,489346,0,0.000
1780760561.999,220.760,489274,489346,0,0.000
1780760562.049,220.810,489274,489346,0,0.000
1780760562.100,220.860,489274,489346,0,0.000
1780760562.150,220.910,489274,489346,0,0.000
1780760562.200,220.961,489274,489346,0,0.000
1780760562.251,221.011,489274,489346,0,0.000
1780760562.301,221.061,489274,489346,0,0.000
1780760562.351,221.112,489274,489346,0,0.000
1780760562.401,221.162,489274,489346,0,0.000
1780760562.452,221.212,489274,489346,0,0.000
1780760562.502,221.263,489274,489346,0,0.000
1780760562.552,221.313,489274,489346,0,0.000
1780760562.603,221.363,489274,489346,0,0.000
1780760562.653,221.413,489274,489346,0,0.000
1780760562.703,221.464,489274,489346,0,0.000
1780760562.753,221.514,489274,489346,0,0.000
1780760562.804,221.564,489274,489346,0,0.000
1780760562.854,221.615,489274,489346,0,0.000
1780760562.904,221.665,489274,489346,0,0.000
1780760562.955,221.715,489274,489346,0,0.000
1780760563.005,221.766,489274,489346,0,0.000
1780760563.055,221.816,489274,489346,0,0.000
1780760563.106,221.866,489274,489346,0,0.000
1780760563.156,221.916,489274,489346,0,0.000
1780760563.206,221.967,489274,489346,0,0.000
1780760563.257,222.017,489274,489346,0,0.000
1780760563.307,222.067,489274,489346,0,0.000
1780760563.357,222.118,489274,489346,0,0.000
1780760563.407,222.168,489274,489346,0,0.000
1780760563.458,222.218,489274,489346,0,0.000
1780760563.508,222.269,489274,489346,0,0.000
1780760563.558,222.319,489274,489346,0,0.000
1780760563.609,222.369,489274,489346,0,0.000
1780760563.659,222.419,489274,489346,0,0.000
1780760563.709,222.470,489274,489346,0,0.000
1780760563.760,222.520,489274,489346,0,0.000
1780760563.810,222.570,489274,489346,0,0.000
1780760563.860,222.621,489274,489346,0,0.000
1780760563.910,222.671,489274,489346,0,0.000
1780760563.961,222.721,489274,489346,0,0.000
1780760564.011,222.772,489274,489346,0,0.000
1780760564.061,222.822,489274,489346,0,0.000
1780760564.112,222.872,489274,489346,0,0.000
1780760564.162,222.923,489274,489346,0,0.000
1780760564.212,222.973,489274,489346,0,0.000
1780760564.263,223.023,489274,489346,0,0.000
1780760564.313,223.074,489274,489346,0,0.000
1780760564.363,223.124,489274,489346,0,0.000
1780760564.414,223.174,489274,489346,0,0.000
1780760564.464,223.224,489274,489346,0,0.000
1780760564.514,223.275,489274,489346,0,0.000
1780760564.564,223.325,489274,489346,0,0.000
1780760564.615,223.375,489274,489346,0,0.000
1780760564.665,223.426,489274,489346,0,0.000
1780760564.715,223.476,489274,489346,0,0.000
1780760564.766,223.526,489274,489346,0,0.000
1780760564.816,223.576,489274,489346,0,0.000
1780760564.866,223.627,489274,489346,0,0.000
1780760564.917,223.677,489274,489346,0,0.000
1780760564.967,223.727,489274,489346,0,0.000
1780760565.017,223.778,489274,489346,0,0.000
1780760565.068,223.828,489274,489346,0,0.000
1780760565.118,223.878,489274,489346,0,0.000
1780760565.168,223.929,489274,489346,0,0.000
1780760565.218,223.979,489274,489346,0,0.000
1780760565.269,224.029,489274,489346,0,0.000
1780760565.319,224.080,489274,489346,0,0.000
1780760565.369,224.130,489274,489346,0,0.000
1780760565.420,224.180,489274,489346,0,0.000
1780760565.470,224.230,489274,489346,0,0.000
1780760565.520,224.281,489274,489346,0,0.000
1780760565.570,224.331,489274,489346,0,0.000
1780760565.621,224.381,489274,489346,0,0.000
1780760565.671,224.432,489274,489346,0,0.000
1780760565.721,224.482,489274,489346,0,0.000
1780760565.772,224.532,489274,489346,0,0.000
1780760565.822,224.582,489274,489346,0,0.000
1780760565.872,224.633,489274,489346,0,0.000
1780760565.923,224.683,489274,489346,0,0.000
1780760565.973,224.733,489274,489346,0,0.000
1780760566.023,224.784,489274,489346,0,0.000
1780760566.074,224.834,489274,489346,0,0.000
1780760566.124,224.884,489274,489346,0,0.000
1780760566.174,224.935,489274,489346,0,0.000
1780760566.224,224.985,489274,489346,0,0.000
1780760566.275,225.035,489274,489346,0,0.000
1780760566.325,225.086,489274,489346,0,0.000
1780760566.375,225.136,489274,489346,0,0.000
1780760566.426,225.186,489274,489346,0,0.000
1780760566.476,225.236,489274,489346,0,0.000
1780760566.526,225.287,489274,489346,0,0.000
1780760566.576,225.337,489274,489346,0,0.000
1780760566.627,225.387,489274,489346,0,0.000
1780760566.677,225.438,489274,489346,0,0.000
1780760566.727,225.488,489274,489346,0,0.000
1780760566.778,225.538,489274,489346,0,0.000
1780760566.828,225.588,489274,489346,0,0.000
1780760566.878,225.639,489274,489346,0,0.000
1780760566.929,225.689,489274,489346,0,19.876
1780760567.806,226.566,489274,489346,0,0.000
1780760567.856,226.617,489274,489346,0,0.000
1780760567.906,226.667,489274,489346,0,0.000
1780760567.957,226.717,489274,489346,0,0.000
1780760568.007,226.768,489274,489346,0,0.000
1780760568.057,226.818,489274,489346,0,0.000
1780760568.108,226.868,489274,489346,0,0.000
1780760568.158,226.918,489274,489346,0,0.000
1780760568.208,226.969,489274,489346,0,0.000
1780760568.259,227.019,489274,489346,0,0.000
1780760568.309,227.069,489274,489346,0,0.000
1780760568.359,227.120,489274,489346,0,0.000
1780760568.409,227.170,489274,489346,0,0.000
1780760568.460,227.220,489274,489346,0,0.000
1780760568.510,227.271,489274,489346,0,0.000
1780760568.560,227.321,489274,489346,0,0.000
1780760568.611,227.371,489274,489346,0,0.000
1780760568.661,227.421,489274,489346,0,0.000
1780760568.711,227.472,489274,489346,0,0.000
1780760568.761,227.522,489274,489346,0,0.000
1780760568.812,227.572,489274,489346,0,0.000
1780760568.862,227.623,489274,489346,0,0.000
1780760568.912,227.673,489274,489346,0,0.000
1780760568.963,227.723,489274,489346,0,0.000
1780760569.013,227.774,489274,489346,0,0.000
1780760569.063,227.824,489274,489346,0,0.000
1780760569.114,227.874,489274,489346,0,0.000
1780760569.164,227.924,489274,489346,0,0.000
1780760569.214,227.975,489274,489346,0,0.000
1780760569.264,228.025,489274,489346,0,0.000
1780760569.315,228.075,489274,489346,0,0.000
1780760569.365,228.126,489274,489346,0,0.000
1780760569.415,228.176,489274,489346,0,0.000
1780760569.466,228.226,489274,489346,0,0.000
1780760569.516,228.276,489274,489346,0,0.000
1780760569.566,228.327,489274,489346,0,0.000
1780760569.617,228.377,489274,489346,0,0.000
1780760569.667,228.427,489274,489346,0,0.000
1780760569.717,228.478,489274,489346,0,0.000
1780760569.767,228.528,489274,489346,0,0.000
1780760569.818,228.578,489274,489346,0,0.000
1780760569.868,228.629,489274,489346,0,0.000
1780760569.918,228.679,489274,489346,0,0.000
1780760569.969,228.729,489274,489346,0,0.000
1780760570.019,228.780,489274,489346,0,0.000
1780760570.069,228.830,489274,489346,0,0.000
1780760570.120,228.880,489274,489346,0,0.000
1780760570.170,228.930,489274,489346,0,0.000
1780760570.220,228.981,489274,489346,0,0.000
1780760570.270,229.031,489274,489346,0,0.000
1780760570.321,229.081,489274,489346,0,0.000
1780760570.371,229.132,489274,489346,0,0.000
1780760570.421,229.182,489274,489346,0,0.000
1780760570.472,229.232,489274,489346,0,0.000
1780760570.522,229.282,489274,489346,0,0.000
1780760570.572,229.333,489274,489346,3,0.000
1780760570.623,229.383,489274,489346,3,0.000
1780760570.673,229.433,489274,489346,3,0.000
1780760570.723,229.484,489274,489346,3,0.000
1780760570.774,229.534,489274,489346,3,0.000
1780760570.824,229.584,489274,489346,3,0.000
1780760570.874,229.635,489274,489346,3,0.000
1780760570.924,229.685,489274,489346,3,0.000
1780760570.975,229.735,489274,489346,3,0.000
1780760571.025,229.786,489274,489346,3,0.000
1780760571.075,229.836,489274,489346,3,0.000
1780760571.126,229.886,489274,489346,3,0.000
1780760571.176,229.937,489274,489346,3,0.000
1780760571.226,229.987,489274,489346,3,0.000
1780760571.277,230.037,489274,489346,3,0.000
1780760571.327,230.087,489274,489346,3,0.000
1780760571.377,230.138,489274,489346,3,0.000
1780760571.427,230.188,489274,489346,3,0.000
1780760571.478,230.238,489274,489346,3,0.000
1780760571.528,230.289,489274,489346,3,0.000
1780760571.578,230.339,489274,489346,3,0.000
1780760571.629,230.389,489274,489346,3,0.000
1780760571.679,230.439,489274,489346,3,0.000
1780760571.729,230.490,489274,489346,3,0.000
1780760571.780,230.540,489274,489346,3,0.000
1780760571.830,230.590,489274,489346,3,0.000
1780760571.880,230.641,489274,489346,3,0.000
1780760571.930,230.691,489274,489346,3,0.000
1780760571.981,230.741,489274,489346,3,0.000
1780760572.031,230.792,489274,489346,3,0.000
1780760572.082,230.842,489274,489346,3,0.000
1780760572.132,230.892,489274,489346,3,0.000
1780760572.182,230.943,489274,489346,3,0.000
1780760572.232,230.993,489274,489346,3,0.000
1780760572.283,231.043,489274,489346,3,0.000
1780760572.333,231.094,489274,489346,3,0.000
1780760572.383,231.144,489274,489346,3,0.000
1780760572.434,231.194,489274,489346,3,0.000
1780760572.484,231.244,489274,489346,3,0.000
1780760584.510,243.271,489274,489346,2,0.000
1780760584.561,243.321,489274,489346,2,0.000
1780760584.611,243.372,489274,489346,2,0.000
1780760584.661,243.422,489274,489346,2,0.000
1780760584.712,243.472,489274,489346,2,0.000
1780760584.762,243.522,489274,489346,2,0.000
1780760584.812,243.573,489274,489346,2,0.000
1780760584.862,243.623,489274,489346,2,0.000
1780760584.913,243.673,489274,489346,2,0.000
1780760584.963,243.724,489274,489346,2,0.000
1780760585.013,243.774,489274,489346,2,0.000
1780760585.064,243.824,489274,489346,2,0.000
1780760585.114,243.875,489274,489346,2,0.000
1780760585.164,243.925,489274,489346,2,0.000
1780760585.215,243.975,489274,489346,2,0.000
1780760585.265,244.025,489274,489346,2,0.000
1780760585.315,244.076,489274,489346,2,0.000
1780760585.365,244.126,489274,489346,2,0.000
1780760585.416,244.176,489274,489346,2,0.000
1780760585.466,244.227,489274,489346,2,0.000
1780760585.516,244.277,489274,489346,2,0.000
1780760585.567,244.327,489274,489346,2,0.000
1780760585.617,244.377,489274,489346,2,0.000
1780760585.667,244.428,489274,489346,2,0.000
1780760585.718,244.478,489274,489346,2,0.000
1780760585.768,244.528,489274,489346,2,0.000
1780760585.818,244.579,489274,489346,2,0.000
1780760585.868,244.629,489274,489346,2,0.000
1780760585.919,244.679,489274,489346,2,0.000
1780760585.969,244.730,489274,489346,2,0.000
1780760586.019,244.780,489274,489346,2,0.000
1780760586.070,244.830,489274,489346,2,0.000
1780760586.120,244.880,489274,489346,2,0.000
1780760586.170,244.931,489274,489346,2,0.000
1780760586.221,244.981,489274,489346,2,0.000
1780760586.271,245.031,489274,489346,2,0.000
1780760586.321,245.082,489274,489346,2,0.000
1780760586.371,245.132,489274,489346,2,0.000
1780760586.422,245.182,489274,489346,2,0.000
1780760586.472,245.233,489274,489346,2,0.000
1780760586.522,245.283,489274,489346,2,0.000
1780760586.573,245.333,489274,489346,2,0.000
1780760586.623,245.384,489274,489346,2,0.000
1780760586.673,245.434,489274,489346,2,0.000
1780760586.724,245.484,489274,489346,2,0.000
1780760586.774,245.534,489274,489346,2,0.000
1780760586.824,245.585,489274,489346,2,0.000
1780760586.874,245.635,489274,489346,2,0.000
1780760586.925,245.685,489274,489346,2,0.000
1780760586.975,245.736,489274,489346,2,0.000
1780760587.025,245.786,489274,489346,2,0.000
1780760587.076,245.836,489274,489346,2,0.000
1780760587.126,245.887,489274,489346,2,0.000
1780760587.176,245.937,489274,489346,2,0.000
1780760587.227,245.987,489274,489346,2,0.000
1780760587.277,246.037,489274,489346,2,0.000
1780760587.327,246.088,489274,489346,2,0.000
1780760587.378,246.138,489274,489346,2,0.000
1780760587.428,246.188,489274,489346,2,0.000
1780760587.478,246.239,489274,489346,2,0.000
1780760587.528,246.289,489274,489346,2,0.000
1780760587.579,246.339,489274,489346,2,0.000
1780760587.629,246.390,489274,489346,2,0.000
1780760587.679,246.440,489274,489346,2,0.000
1780760587.730,246.490,489274,489346,2,0.000
1780760587.780,246.540,489274,489346,2,0.000
1780760587.830,246.591,489274,489346,2,0.000
1780760587.881,246.641,489274,489346,2,0.000
1780760587.931,246.691,489274,489346,2,0.000
1780760587.981,246.742,489274,489346,2,0.000
1780760588.031,246.792,489274,489346,2,0.000
1780760588.082,246.842,489274,489346,2,0.000
1780760588.132,246.893,489274,489346,2,0.000
1780760588.182,246.943,489274,489346,2,0.000
1780760588.233,246.993,489274,489346,2,0.000
1780760588.283,247.043,489274,489346,2,0.000
1780760588.333,247.094,489274,489346,2,0.000
1780760588.384,247.144,489274,489346,2,0.000
1780760588.434,247.194,489274,489346,2,0.000
1780760588.484,247.245,489274,489346,2,0.000
1780760588.534,247.295,489274,489346,2,0.000
1780760588.585,247.345,489274,489346,2,0.000
1780760588.635,247.396,489274,489346,2,0.000
1780760588.685,247.446,489274,489346,2,0.000
1780760588.736,247.496,489274,489346,2,0.000
1780760588.786,247.546,489274,489346,2,0.000
1780760588.836,247.597,489274,489346,2,0.000
1780760588.886,247.647,489274,489346,2,0.000
1780760588.937,247.697,489274,489346,2,0.000
1780760588.987,247.748,489274,489346,2,0.000
1780760589.037,247.798,489274,489346,2,0.000
1780760589.088,247.848,489274,489346,2,0.000
1780760589.138,247.899,489274,489346,2,0.000
1780760589.188,247.949,489274,489346,2,0.000
1780760589.239,247.999,489274,489346,2,0.000
1780760589.289,248.049,489274,489346,2,0.000
1780760589.339,248.100,489274,489346,2,0.000
1780760589.389,248.150,489274,489346,2,0.000
1780760589.440,248.200,489274,489346,2,0.000
1780760589.490,248.251,489274,489346,2,0.000
1780760589.540,248.301,489274,489346,2,0.000
1780760589.591,248.351,489274,489346,2,0.000
1780760589.641,248.401,489274,489346,2,0.000
1780760589.691,248.452,489274,489346,2,0.000
1780760589.742,248.502,489274,489346,2,0.000
1780760589.792,248.552,489274,489346,2,0.000
1780760589.842,248.603,489274,489346,2,0.000
1780760589.892,248.653,489274,489346,2,0.000
1780760589.943,248.703,489274,489346,2,0.000
1780760589.993,248.754,489274,489346,2,0.000
1780760590.043,248.804,489274,489346,2,0.000
1780760590.094,248.854,489274,489346,2,0.000
1780760590.144,248.905,489274,489346,2,0.000
1780760590.194,248.955,489274,489346,2,0.000
1780760590.245,249.005,489274,489346,2,0.000
1780760590.295,249.055,489274,489346,2,0.000
1780760590.345,249.106,489274,489346,2,0.000
1780760590.396,249.156,489274,489346,2,0.000
1780760590.446,249.207,489274,489346,2,0.000
1780760590.496,249.257,489274,489346,2,0.000
1780760590.547,249.307,489274,489346,2,0.000
1780760590.597,249.357,489274,489346,2,0.000
1780760590.647,249.408,489274,489346,2,0.000
1780760590.697,249.458,489274,489346,2,0.000
1780760590.748,249.508,489274,489346,2,0.000
1780760590.798,249.559,489274,489346,2,0.000
1780760590.848,249.609,489274,489346,2,0.000
1780760590.899,249.659,489274,489346,2,0.000
1780760590.949,249.709,489274,489346,2,0.000
1780760590.999,249.760,489274,489346,2,0.000
1780760591.050,249.810,489274,489346,2,0.000
1780760591.100,249.860,489274,489346,2,0.000
1780760591.150,249.911,489274,489346,2,0.000
1780760591.201,249.961,489274,489346,2,0.000
1780760591.251,250.011,489274,489346,2,0.000
1780760591.301,250.062,489274,489346,2,0.000
1780760591.351,250.112,489274,489346,2,0.000
1780760591.402,250.162,489274,489346,2,0.000
1780760591.452,250.213,489274,489346,2,0.000
1780760591.502,250.263,489274,489346,2,0.000
1780760591.553,250.313,489274,489346,2,0.000
1780760591.603,250.363,489274,489346,2,0.000
1780760591.653,250.414,489274,489346,2,0.000
1780760591.703,250.464,489274,489346,2,0.000
