wall_time_unix,elapsed_s,launcher_pid,ov2slam_pid,last_cpu,process_cpu_percent
1780747772.499,0.052,430839,430911,2,19.412
1780747772.552,0.104,430839,430911,2,0.000
1780747772.604,0.156,430839,430911,2,19.363
1780747772.655,0.208,430839,430911,2,0.000
1780747772.707,0.259,430839,430911,2,0.000
1780747772.758,0.311,430839,430911,2,0.000
1780747772.810,0.362,430839,430911,2,0.000
1780747772.861,0.414,430839,430911,2,19.450
1780747772.913,0.466,430839,430911,2,19.238
1780747772.965,0.517,430839,430911,2,0.000
1780747773.016,0.569,430839,430911,2,0.000
1780747773.068,0.620,430839,430911,2,0.000
1780747773.119,0.672,430839,430911,2,0.000
1780747773.171,0.723,430839,430911,2,19.442
1780747773.222,0.774,430839,430911,2,0.000
1780747773.273,0.826,430839,430911,2,0.000
1780747773.325,0.877,430839,430911,2,0.000
1780747773.376,0.929,430839,430911,2,0.000
1780747773.428,0.980,430839,430911,2,19.461
1780747773.479,1.032,430839,430911,2,19.444
1780747773.531,1.083,430839,430911,2,0.000
1780747773.582,1.134,430839,430911,2,0.000
1780747773.633,1.186,430839,430911,2,0.000
1780747773.685,1.237,430839,430911,2,0.000
1780747773.736,1.289,430839,430911,2,19.458
1780747773.788,1.340,430839,430911,2,0.000
1780747773.839,1.391,430839,430911,2,19.449
1780747773.890,1.443,430839,430911,2,0.000
1780747773.942,1.494,430839,430911,2,0.000
1780747773.993,1.546,430839,430911,2,19.419
1780747774.045,1.597,430839,430911,2,0.000
1780747774.096,1.649,430839,430911,2,0.000
1780747774.148,1.700,430839,430911,2,0.000
1780747774.199,1.752,430839,430911,2,0.000
1780747774.251,1.803,430839,430911,2,0.000
1780747774.302,1.854,430839,430911,2,19.455
1780747774.353,1.906,430839,430911,2,0.000
1780747774.405,1.957,430839,430911,2,0.000
1780747774.456,2.009,430839,430911,2,0.000
1780747774.508,2.060,430839,430911,2,19.439
1780747774.559,2.111,430839,430911,2,0.000
1780747774.611,2.163,430839,430911,2,0.000
1780747774.662,2.214,430839,430911,2,19.451
1780747774.713,2.266,430839,430911,2,0.000
1780747774.765,2.317,430839,430911,2,0.000
1780747774.816,2.369,430839,430911,2,0.000
1780747774.868,2.420,430839,430911,2,0.000
1780747774.919,2.471,430839,430911,2,19.443
1780747774.971,2.523,430839,430911,2,19.402
1780747775.022,2.574,430839,430911,2,0.000
1780747775.073,2.626,430839,430911,2,0.000
1780747775.125,2.677,430839,430911,2,0.000
1780747775.176,2.729,430839,430911,2,19.450
1780747775.228,2.780,430839,430911,2,0.000
1780747775.279,2.832,430839,430911,2,0.000
1780747775.331,2.883,430839,430911,2,0.000
1780747775.382,2.934,430839,430911,2,0.000
1780747775.433,2.986,430839,430911,2,19.452
1780747775.485,3.037,430839,430911,2,19.454
1780747775.536,3.089,430839,430911,2,0.000
1780747775.588,3.140,430839,430911,2,0.000
1780747775.639,3.192,430839,430911,2,0.000
1780747775.691,3.243,430839,430911,2,19.452
1780747775.742,3.294,430839,430911,2,0.000
1780747775.793,3.346,430839,430911,2,0.000
1780747775.845,3.397,430839,430911,2,0.000
1780747775.896,3.449,430839,430911,2,0.000
1780747775.948,3.500,430839,430911,2,19.458
1780747776.003,3.555,430839,430911,2,18.067
1780747776.054,3.607,430839,430911,2,0.000
1780747776.106,3.659,430839,430911,2,0.000
1780747776.158,3.711,430839,430911,2,19.233
1780747776.211,3.763,430839,430911,2,0.000
1780747776.263,3.815,430839,430911,2,0.000
1780747776.315,3.867,430839,430911,2,19.204
1780747776.367,3.919,430839,430911,2,0.000
1780747776.419,3.971,430839,430911,2,19.202
1780747776.471,4.023,430839,430911,2,0.000
1780747776.523,4.075,430839,430911,2,0.000
1780747776.575,4.128,430839,430911,2,19.186
1780747776.627,4.180,430839,430911,2,0.000
1780747776.679,4.232,430839,430911,2,0.000
1780747776.731,4.284,430839,430911,2,0.000
1780747776.783,4.336,430839,430911,2,38.415
1780747776.836,4.388,430839,430911,2,0.000
1780747776.888,4.440,430839,430911,2,0.000
1780747776.940,4.492,430839,430911,2,19.199
1780747776.992,4.544,430839,430911,2,0.000
1780747777.044,4.596,430839,430911,2,0.000
1780747777.096,4.649,430839,430911,2,0.000
1780747777.148,4.701,430839,430911,2,19.195
1780747777.200,4.753,430839,430911,2,0.000
1780747777.252,4.805,430839,430911,2,0.000
1780747777.304,4.857,430839,430911,2,19.216
1780747777.356,4.909,430839,430911,2,0.000
1780747777.408,4.961,430839,430911,2,19.219
1780747777.460,5.013,430839,430911,2,0.000
1780747777.513,5.065,430839,430911,2,19.193
1780747777.565,5.117,430839,430911,2,0.000
1780747777.617,5.169,430839,430911,2,19.198
1780747777.669,5.221,430839,430911,2,0.000
1780747777.721,5.273,430839,430911,2,0.000
1780747777.773,5.325,430839,430911,2,19.219
1780747777.825,5.377,430839,430911,2,19.217
1780747777.877,5.429,430839,430911,2,0.000
1780747777.929,5.481,430839,430911,2,0.000
1780747777.981,5.534,430839,430911,2,19.173
1780747778.033,5.586,430839,430911,2,0.000
1780747778.085,5.638,430839,430911,2,0.000
1780747778.137,5.690,430839,430911,2,19.196
1780747778.190,5.742,430839,430911,2,0.000
1780747778.242,5.794,430839,430911,2,0.000
1780747778.294,5.846,430839,430911,2,19.216
1780747778.346,5.898,430839,430911,2,19.214
1780747778.398,5.950,430839,430911,2,0.000
1780747778.450,6.002,430839,430911,2,19.216
1780747778.502,6.054,430839,430911,2,0.000
1780747778.554,6.106,430839,430911,2,0.000
1780747778.606,6.159,430839,430911,2,19.090
1780747778.658,6.211,430839,430911,2,0.000
1780747778.710,6.263,430839,430911,2,0.000
1780747778.762,6.315,430839,430911,2,19.207
1780747778.815,6.367,430839,430911,2,0.000
1780747778.867,6.419,430839,430911,2,0.000
1780747778.919,6.471,430839,430911,2,19.197
1780747778.971,6.523,430839,430911,2,0.000
1780747779.023,6.575,430839,430911,2,19.183
1780747779.075,6.628,430839,430911,2,0.000
1780747779.127,6.680,430839,430911,2,0.000
1780747779.179,6.732,430839,430911,2,19.194
1780747779.232,6.784,430839,430911,2,0.000
1780747779.284,6.836,430839,430911,2,19.127
1780747779.336,6.889,430839,430911,2,0.000
1780747779.388,6.941,430839,430911,2,0.000
1780747779.440,6.993,430839,430911,2,19.201
1780747779.492,7.045,430839,430911,2,0.000
1780747779.545,7.097,430839,430911,2,19.205
1780747779.597,7.149,430839,430911,2,0.000
1780747779.649,7.201,430839,430911,2,0.000
1780747779.701,7.253,430839,430911,2,19.181
1780747779.753,7.305,430839,430911,2,0.000
1780747779.805,7.358,430839,430911,2,19.218
1780747779.857,7.410,430839,430911,2,19.217
1780747779.909,7.462,430839,430911,2,0.000
1780747779.961,7.514,430839,430911,2,19.198
1780747780.013,7.566,430839,430911,2,0.000
1780747780.066,7.618,430839,430911,2,0.000
1780747780.118,7.670,430839,430911,2,19.196
1780747780.170,7.722,430839,430911,2,0.000
1780747780.222,7.774,430839,430911,2,0.000
1780747780.274,7.826,430839,430911,2,19.199
1780747780.326,7.878,430839,430911,2,0.000
1780747780.378,7.930,430839,430911,2,0.000
1780747780.430,7.983,430839,430911,2,19.217
1780747780.482,8.035,430839,430911,2,0.000
1780747780.534,8.087,430839,430911,2,19.196
1780747780.587,8.139,430839,430911,2,0.000
1780747780.639,8.191,430839,430911,2,0.000
1780747780.691,8.243,430839,430911,2,19.198
1780747780.743,8.295,430839,430911,2,0.000
1780747780.795,8.347,430839,430911,2,0.000
1780747780.847,8.399,430839,430911,2,19.189
1780747780.899,8.451,430839,430911,2,0.000
1780747780.951,8.504,430839,430911,2,19.184
1780747781.003,8.556,430839,430911,2,0.000
1780747781.056,8.608,430839,430911,2,19.186
1780747781.108,8.661,430839,430911,2,0.000
1780747781.160,8.713,430839,430911,2,0.000
1780747781.212,8.765,430839,430911,2,19.212
1780747781.264,8.817,430839,430911,2,0.000
1780747781.316,8.869,430839,430911,2,19.217
1780747781.368,8.921,430839,430911,2,19.210
1780747781.420,8.973,430839,430911,2,0.000
1780747781.472,9.025,430839,430911,2,19.214
1780747781.525,9.077,430839,430911,2,0.000
1780747781.577,9.129,430839,430911,2,0.000
1780747781.629,9.181,430839,430911,2,19.201
1780747781.681,9.233,430839,430911,2,0.000
1780747781.733,9.285,430839,430911,2,19.210
1780747781.785,9.337,430839,430911,2,0.000
1780747781.837,9.389,430839,430911,2,0.000
1780747781.889,9.441,430839,430911,2,0.000
1780747781.941,9.494,430839,430911,2,19.197
1780747781.993,9.546,430839,430911,2,0.000
1780747782.045,9.598,430839,430911,2,0.000
1780747782.097,9.650,430839,430911,2,19.187
1780747782.150,9.702,430839,430911,2,0.000
1780747782.202,9.754,430839,430911,2,19.215
1780747782.254,9.806,430839,430911,2,0.000
1780747782.306,9.858,430839,430911,2,0.000
1780747782.358,9.910,430839,430911,2,19.214
1780747782.410,9.962,430839,430911,2,0.000
1780747782.462,10.014,430839,430911,2,0.000
1780747782.514,10.066,430839,430911,2,19.189
1780747782.566,10.118,430839,430911,2,0.000
1780747782.618,10.171,430839,430911,2,19.205
1780747782.670,10.223,430839,430911,2,0.000
1780747782.722,10.275,430839,430911,2,0.000
1780747782.774,10.327,430839,430911,2,19.206
1780747782.826,10.379,430839,430911,2,0.000
1780747782.878,10.431,430839,430911,2,19.189
1780747782.931,10.483,430839,430911,2,19.182
1780747782.983,10.535,430839,430911,2,0.000
1780747783.035,10.587,430839,430911,2,0.000
1780747783.087,10.639,430839,430911,2,19.183
1780747783.139,10.692,430839,430911,2,0.000
1780747783.191,10.744,430839,430911,2,0.000
1780747783.243,10.796,430839,430911,2,19.200
1780747783.295,10.848,430839,430911,2,19.205
1780747783.347,10.900,430839,430911,2,0.000
1780747783.400,10.952,430839,430911,2,0.000
1780747783.452,11.004,430839,430911,2,19.199
1780747783.504,11.056,430839,430911,2,0.000
1780747783.556,11.108,430839,430911,2,0.000
1780747783.608,11.161,430839,430911,2,19.026
1780747783.660,11.213,430839,430911,2,0.000
1780747783.712,11.265,430839,430911,2,0.000
1780747783.765,11.317,430839,430911,2,38.402
1780747783.817,11.369,430839,430911,2,0.000
1780747783.869,11.421,430839,430911,2,0.000
1780747783.921,11.473,430839,430911,2,19.212
1780747783.973,11.525,430839,430911,2,0.000
1780747784.025,11.577,430839,430911,2,19.187
1780747784.077,11.630,430839,430911,2,0.000
1780747784.129,11.682,430839,430911,2,0.000
1780747784.181,11.734,430839,430911,2,19.199
1780747784.233,11.786,430839,430911,2,0.000
1780747784.285,11.838,430839,430911,2,0.000
1780747784.337,11.890,430839,430911,2,19.213
1780747784.390,11.942,430839,430911,2,0.000
1780747784.442,11.994,430839,430911,2,0.000
1780747784.494,12.046,430839,430911,2,19.220
1780747784.546,12.098,430839,430911,2,0.000
1780747784.598,12.150,430839,430911,2,19.192
1780747784.650,12.202,430839,430911,2,0.000
1780747784.702,12.254,430839,430911,2,19.211
1780747784.754,12.306,430839,430911,2,0.000
1780747784.806,12.358,430839,430911,2,19.210
1780747784.858,12.410,430839,430911,2,0.000
1780747784.910,12.463,430839,430911,2,0.000
1780747784.962,12.515,430839,430911,2,19.179
1780747785.014,12.567,430839,430911,2,0.000
1780747785.067,12.619,430839,430911,2,0.000
1780747785.119,12.671,430839,430911,2,19.192
1780747785.171,12.723,430839,430911,2,19.197
1780747785.223,12.775,430839,430911,2,0.000
1780747785.275,12.827,430839,430911,2,0.000
1780747785.327,12.879,430839,430911,2,0.000
1780747785.379,12.932,430839,430911,2,19.201
1780747785.431,12.984,430839,430911,2,0.000
1780747785.483,13.036,430839,430911,2,19.198
1780747785.535,13.088,430839,430911,2,0.000
1780747785.588,13.140,430839,430911,2,0.000
1780747785.640,13.192,430839,430911,2,19.199
1780747785.692,13.244,430839,430911,2,0.000
1780747785.744,13.296,430839,430911,2,19.203
1780747785.796,13.348,430839,430911,2,0.000
1780747785.848,13.400,430839,430911,2,0.000
1780747785.900,13.452,430839,430911,2,19.190
1780747785.952,13.505,430839,430911,2,19.184
1780747786.004,13.557,430839,430911,2,0.000
1780747786.057,13.609,430839,430911,2,19.141
1780747786.109,13.661,430839,430911,2,0.000
1780747786.161,13.713,430839,430911,2,0.000
1780747786.213,13.765,430839,430911,2,19.208
1780747786.265,13.817,430839,430911,2,0.000
1780747786.317,13.870,430839,430911,2,0.000
1780747786.369,13.922,430839,430911,2,19.211
1780747786.421,13.974,430839,430911,2,0.000
1780747786.473,14.026,430839,430911,2,0.000
1780747786.525,14.078,430839,430911,2,19.208
1780747786.577,14.130,430839,430911,2,0.000
1780747786.630,14.182,430839,430911,2,19.199
1780747786.682,14.234,430839,430911,2,0.000
1780747786.734,14.286,430839,430911,2,0.000
1780747786.786,14.338,430839,430911,2,38.431
1780747786.838,14.390,430839,430911,2,0.000
1780747786.890,14.442,430839,430911,2,0.000
1780747786.942,14.494,430839,430911,2,0.000
1780747786.994,14.546,430839,430911,2,19.175
1780747787.046,14.599,430839,430911,2,0.000
1780747787.098,14.651,430839,430911,2,19.177
1780747787.150,14.703,430839,430911,2,0.000
1780747787.203,14.755,430839,430911,2,19.192
1780747787.255,14.807,430839,430911,2,0.000
1780747787.307,14.859,430839,430911,2,19.150
1780747787.359,14.911,430839,430911,2,0.000
1780747787.411,14.963,430839,430911,2,0.000
1780747787.463,15.016,430839,430911,2,19.167
1780747787.515,15.068,430839,430911,2,0.000
1780747787.567,15.120,430839,430911,2,0.000
1780747787.622,15.175,430839,430911,2,18.284
1780747787.675,15.227,430839,430911,2,0.000
1780747787.726,15.279,430839,430911,2,19.333
1780747787.779,15.331,430839,430911,2,0.000
1780747787.831,15.383,430839,430911,2,0.000
1780747787.883,15.435,430839,430911,2,19.351
1780747787.935,15.487,430839,430911,2,0.000
1780747787.987,15.539,430839,430911,2,0.000
1780747788.038,15.591,430839,430911,2,0.000
1780747788.090,15.643,430839,430911,2,19.276
1780747788.142,15.695,430839,430911,2,0.000
1780747788.194,15.746,430839,430911,2,0.000
1780747788.246,15.798,430839,430911,2,0.000
1780747788.298,15.850,430839,430911,2,19.234
1780747788.353,15.905,430839,430911,2,0.000
1780747788.405,15.957,430839,430911,2,0.000
1780747788.456,16.009,430839,430911,2,0.000
1780747788.508,16.060,430839,430911,2,19.324
1780747788.560,16.112,430839,430911,2,0.000
1780747788.613,16.165,430839,430911,2,0.000
1780747788.664,16.217,430839,430911,2,19.284
1780747788.717,16.269,430839,430911,2,0.000
1780747788.769,16.321,430839,430911,2,0.000
1780747788.822,16.375,430839,430911,2,0.000
1780747788.875,16.427,430839,430911,2,19.075
1780747788.927,16.480,430839,430911,2,0.000
1780747788.981,16.533,430839,430911,2,18.663
1780747789.034,16.587,430839,430911,2,0.000
1780747789.087,16.639,430839,430911,2,19.180
1780747789.140,16.692,430839,430911,2,0.000
1780747789.192,16.744,430839,430911,2,76.359
1780747789.246,16.799,430839,430911,2,128.321
1780747789.300,16.852,430839,430911,2,37.456
1780747789.353,16.905,430839,430911,2,37.739
1780747789.411,16.964,430839,430911,2,34.118
1780747789.464,17.016,430839,430911,2,38.021
1780747789.517,17.069,430839,430911,1,18.909
1780747789.570,17.122,430839,430911,1,37.735
1780747789.622,17.175,430839,430911,1,57.469
1780747789.675,17.228,430839,430911,1,37.520
1780747789.729,17.281,430839,430911,1,18.828
1780747789.782,17.334,430839,430911,1,37.485
1780747789.836,17.388,430839,430911,1,55.709
1780747789.888,17.440,430839,430911,1,114.994
1780747789.945,17.497,430839,430911,1,52.624
1780747790.000,17.552,430839,430911,1,36.563
1780747790.052,17.604,430839,430911,1,57.377
1780747790.105,17.658,430839,430911,1,37.607
1780747790.158,17.710,430839,430911,1,19.010
1780747790.211,17.763,430839,430911,1,37.833
1780747790.263,17.816,430839,430911,1,37.991
1780747790.315,17.868,430839,430911,1,38.269
1780747790.368,17.921,430839,430911,1,37.832
1780747790.421,17.973,430839,430911,1,37.999
1780747790.475,18.027,430839,430911,1,130.288
1780747790.527,18.080,430839,430911,1,38.023
1780747790.579,18.132,430839,430911,1,38.355
1780747790.632,18.185,430839,430911,2,37.821
1780747790.685,18.237,430839,430911,2,57.003
1780747790.737,18.290,430839,430911,2,57.453
1780747790.791,18.344,430839,430911,2,37.065
1780747790.845,18.398,430839,430911,2,55.362
1780747790.902,18.454,430839,430911,2,70.991
1780747790.954,18.506,430839,430911,0,96.128
1780747791.007,18.559,430839,430911,0,37.876
1780747791.059,18.612,430839,430911,0,37.945
1780747791.112,18.664,430839,430911,0,37.908
1780747791.165,18.717,430839,430911,0,37.870
1780747791.217,18.769,430839,430911,0,57.735
1780747791.270,18.822,430839,430911,0,37.752
1780747791.322,18.874,430839,430911,0,19.216
1780747791.375,18.928,430839,430911,0,37.462
1780747791.427,18.980,430839,430911,0,38.383
1780747791.479,19.032,430839,430911,0,38.396
1780747791.532,19.085,430839,430911,2,150.604
1780747791.585,19.138,430839,430911,2,56.913
1780747791.638,19.190,430839,430911,2,38.150
1780747791.690,19.243,430839,430911,2,56.755
1780747791.743,19.295,430839,430911,2,19.156
1780747791.795,19.348,430839,430911,2,57.197
1780747791.847,19.400,430839,430911,2,57.610
1780747791.899,19.452,430839,430911,2,38.461
1780747791.951,19.504,430839,430911,2,38.443
1780747792.003,19.556,430839,430911,2,76.880
1780747792.056,19.609,430839,430911,2,132.100
1780747792.108,19.661,430839,430911,2,38.479
1780747792.160,19.713,430839,430911,2,19.229
1780747792.212,19.765,430839,430911,2,57.710
1780747792.264,19.817,430839,430911,2,19.228
1780747792.316,19.869,430839,430911,2,38.467
1780747792.368,19.921,430839,430911,2,38.478
1780747792.420,19.973,430839,430911,2,38.441
1780747792.472,20.025,430839,430911,2,38.477
1780747792.525,20.077,430839,430911,2,38.203
1780747792.577,20.129,430839,430911,2,38.449
1780747792.629,20.181,430839,430911,2,38.442
1780747792.681,20.233,430839,430911,2,57.165
1780747792.734,20.287,430839,430911,2,56.267
1780747792.788,20.340,430839,430911,2,169.222
1780747792.842,20.394,430839,430911,2,110.994
1780747792.894,20.447,430839,430911,2,38.068
1780747792.947,20.499,430839,430911,2,57.241
1780747792.999,20.551,430839,430911,2,38.144
1780747793.052,20.605,430839,430911,2,74.972
1780747793.106,20.658,430839,430911,2,37.466
1780747793.159,20.711,430839,430911,2,56.597
1780747793.211,20.764,430839,430911,2,37.990
1780747793.264,20.816,430839,430911,2,37.960
1780747793.317,20.869,430839,430911,2,152.214
1780747793.371,20.923,430839,430911,3,92.195
1780747793.423,20.975,430839,430911,3,38.350
1780747793.476,21.028,430839,430911,3,56.661
1780747793.528,21.080,430839,430911,3,38.438
1780747793.580,21.132,430839,430911,3,38.430
1780747793.633,21.185,430839,430911,3,37.958
1780747793.685,21.238,430839,430911,3,38.163
1780747793.738,21.290,430839,430911,3,37.964
1780747793.791,21.343,430839,430911,3,56.577
1780747793.843,21.395,430839,430911,3,38.446
1780747793.895,21.448,430839,430911,3,38.253
1780747793.947,21.499,430839,430911,3,38.503
1780747794.000,21.552,430839,430911,3,18.946
1780747794.052,21.604,430839,430911,3,57.622
1780747794.104,21.656,430839,430911,3,38.449
1780747794.156,21.708,430839,430911,3,19.222
1780747794.208,21.760,430839,430911,3,38.450
1780747794.260,21.812,430839,430911,3,38.468
1780747794.312,21.864,430839,430911,3,38.449
1780747794.364,21.916,430839,430911,3,134.584
1780747794.416,21.969,430839,430911,3,95.839
1780747794.468,22.021,430839,430911,3,38.435
1780747794.520,22.073,430839,430911,3,38.292
1780747794.573,22.125,430839,430911,3,57.565
1780747794.625,22.177,430839,430911,3,38.101
1780747794.678,22.230,430839,430911,3,37.933
1780747794.730,22.283,430839,430911,3,38.113
1780747794.785,22.337,430839,430911,3,54.989
1780747794.837,22.389,430839,430911,3,38.470
1780747794.889,22.441,430839,430911,3,57.718
1780747794.942,22.494,430839,430911,3,151.139
1780747794.994,22.546,430839,430911,3,38.389
1780747795.046,22.598,430839,430911,3,57.726
1780747795.098,22.650,430839,430911,3,38.470
1780747795.150,22.702,430839,430911,3,38.435
1780747795.202,22.754,430839,430911,3,19.234
1780747795.255,22.807,430839,430911,3,56.903
1780747795.307,22.860,430839,430911,3,37.789
1780747795.360,22.913,430839,430911,3,37.944
1780747795.413,22.965,430839,430911,3,38.035
1780747795.466,23.018,430839,430911,3,37.642
1780747795.519,23.071,430839,430911,3,18.921
1780747795.572,23.124,430839,430911,3,56.717
1780747795.624,23.177,430839,430911,3,37.878
1780747795.677,23.229,430839,430911,0,172.073
1780747795.730,23.282,430839,430911,0,112.872
1780747795.782,23.334,430839,430911,0,76.604
1780747795.836,23.389,430839,430911,0,18.406
1780747795.888,23.441,430839,430911,0,57.697
1780747795.940,23.493,430839,430911,0,19.246
1780747795.992,23.545,430839,430911,0,57.740
1780747796.044,23.597,430839,430911,0,76.857
1780747796.097,23.649,430839,430911,0,152.359
1780747796.149,23.702,430839,430911,0,133.993
1780747796.201,23.754,430839,430911,0,134.198
1780747796.256,23.809,430839,430911,0,164.018
1780747796.308,23.861,430839,430911,0,115.316
1780747796.360,23.913,430839,430911,0,38.444
1780747796.413,23.965,430839,430911,0,38.001
1780747796.466,24.018,430839,430911,0,150.404
1780747796.521,24.073,430839,430911,0,128.412
1780747796.573,24.125,430839,430911,0,114.242
1780747796.626,24.179,430839,430911,0,37.633
1780747796.679,24.232,430839,430911,0,151.209
1780747796.733,24.286,430839,430911,1,183.840
1780747796.788,24.340,430839,430911,1,91.863
1780747796.840,24.393,430839,430911,1,172.166
1780747796.897,24.450,430839,430911,1,140.506
1780747796.950,24.502,430839,430911,1,113.544
1780747797.007,24.560,430839,430911,0,175.108
1780747797.060,24.612,430839,430911,0,132.676
1780747797.113,24.665,430839,430911,1,75.634
1780747797.165,24.718,430839,430911,1,151.966
1780747797.218,24.770,430839,430911,1,132.915
1780747797.270,24.823,430839,430911,0,171.817
1780747797.323,24.875,430839,430911,0,76.494
1780747797.375,24.927,430839,430911,0,172.821
1780747797.428,24.980,430839,430911,0,151.759
1780747797.480,25.032,430839,430911,0,171.780
1780747797.532,25.085,430839,430911,0,133.160
1780747797.585,25.137,430839,430911,0,172.431
1780747797.640,25.193,430839,430911,0,143.811
1780747797.697,25.249,430839,430911,0,141.937
1780747797.750,25.302,430839,430911,0,169.629
1780747797.802,25.354,430839,430911,0,134.151
1780747797.854,25.406,430839,430911,0,172.447
1780747797.908,25.461,430839,430911,0,147.447
1780747797.961,25.513,430839,430911,0,133.348
1780747798.013,25.565,430839,430911,0,172.443
1780747798.066,25.618,430839,430911,0,151.820
1780747798.119,25.671,430839,430911,0,131.577
1780747798.171,25.723,430839,430911,0,230.055
1780747798.223,25.776,430839,430911,0,153.366
1780747798.276,25.829,430839,430911,0,131.726
1780747798.329,25.881,430839,430911,0,151.921
1780747798.382,25.934,430839,430911,0,171.071
1780747798.436,25.988,430839,430911,0,165.693
1780747798.497,26.049,430839,430911,0,247.214
1780747798.549,26.101,430839,430911,0,152.749
1780747798.602,26.154,430839,430911,0,188.612
1780747798.657,26.210,430839,430911,0,181.669
1780747798.710,26.263,430839,430911,0,131.427
1780747798.763,26.315,430839,430911,0,153.202
1780747798.818,26.371,430839,430911,0,215.956
1780747798.871,26.423,430839,430911,0,151.810
1780747798.923,26.476,430839,430911,0,132.940
1780747798.977,26.530,430839,430911,0,186.345
1780747799.030,26.582,430839,430911,0,171.654
1780747799.082,26.634,430839,430911,0,134.003
1780747799.139,26.691,430839,430911,0,104.878
1780747799.191,26.744,430839,430911,0,114.759
1780747799.244,26.797,430839,430911,0,151.153
1780747799.297,26.850,430839,430911,0,112.878
1780747799.350,26.902,430839,430911,0,152.270
1780747799.402,26.954,430839,430911,0,95.998
1780747799.454,27.006,430839,430911,0,134.866
1780747799.507,27.059,430839,430911,0,131.702
1780747799.560,27.112,430839,430911,0,152.492
1780747799.612,27.165,430839,430911,0,132.971
1780747799.666,27.218,430839,430911,1,205.777
1780747799.718,27.270,430839,430911,1,134.227
1780747799.770,27.322,430839,430911,1,230.434
1780747799.826,27.378,430839,430911,1,214.802
1780747799.879,27.432,430839,430911,1,261.262
1780747799.931,27.484,430839,430911,1,249.200
1780747799.984,27.536,430839,430911,1,229.106
1780747800.037,27.589,430839,430911,1,169.744
1780747800.090,27.642,430839,430911,1,225.692
1780747800.143,27.695,430839,430911,1,171.287
1780747800.195,27.748,430839,430911,3,209.259
1780747800.248,27.800,430839,430911,3,189.743
1780747800.311,27.863,430839,430911,3,238.638
1780747800.364,27.916,430839,430911,3,151.063
1780747800.416,27.969,430839,430911,3,246.538
1780747800.469,28.022,430839,430911,3,264.241
1780747800.525,28.077,430839,430911,3,253.800
1780747800.580,28.133,430839,430911,3,268.794
1780747800.642,28.194,430839,430911,3,261.007
1780747800.699,28.251,430839,430911,3,191.558
1780747800.759,28.312,430839,430911,3,249.313
1780747800.812,28.364,430839,430911,3,267.254
1780747800.871,28.423,430839,430911,3,269.197
1780747800.925,28.477,430839,430911,3,280.567
1780747800.977,28.530,430839,430911,3,265.059
1780747801.033,28.586,430839,430911,3,267.339
1780747801.096,28.648,430839,430911,3,287.567
1780747801.156,28.708,430839,430911,3,251.985
1780747801.222,28.775,430839,430911,3,285.021
1780747801.279,28.832,430839,430911,3,262.026
1780747801.334,28.886,430839,430911,2,275.045
1780747801.389,28.942,430839,430911,2,234.445
1780747801.443,28.995,430839,430911,2,280.660
1780747801.496,29.049,430839,430911,2,262.251
1780747801.555,29.108,430839,430911,2,203.992
1780747801.609,29.161,430839,430911,2,261.155
1780747801.662,29.214,430839,430911,2,225.502
1780747801.715,29.267,430839,430911,2,227.351
1780747801.768,29.320,430839,430911,2,264.289
1780747801.828,29.381,430839,430911,2,281.292
1780747801.883,29.435,430839,430911,2,183.355
1780747801.936,29.488,430839,430911,2,207.907
1780747801.990,29.542,430839,430911,2,165.448
1780747802.043,29.596,430839,430911,1,244.549
1780747802.100,29.653,430839,430911,1,157.265
1780747802.153,29.705,430839,430911,1,134.093
1780747802.205,29.757,430839,430911,1,191.274
1780747802.258,29.811,430839,430911,1,168.860
1780747802.311,29.863,430839,430911,1,152.312
1780747802.363,29.915,430839,430911,1,172.395
1780747802.415,29.968,430839,430911,1,171.959
1780747802.468,30.020,430839,430911,1,152.955
1780747802.521,30.073,430839,430911,1,113.054
1780747802.574,30.127,430839,430911,1,130.559
1780747802.627,30.179,430839,430911,1,151.828
1780747802.679,30.232,430839,430911,1,171.566
1780747802.734,30.286,430839,430911,1,182.890
1780747802.788,30.340,430839,430911,1,185.378
1780747802.840,30.393,430839,430911,1,133.380
1780747802.894,30.446,430839,430911,1,112.947
1780747802.946,30.498,430839,430911,1,172.438
1780747803.006,30.558,430839,430911,1,165.955
1780747803.059,30.611,430839,430911,1,188.786
1780747803.111,30.664,430839,430911,1,153.305
1780747803.164,30.716,430839,430911,1,229.166
1780747803.217,30.769,430839,430911,1,168.779
1780747803.272,30.824,430839,430911,1,219.576
1780747803.325,30.878,430839,430911,1,130.013
1780747803.378,30.930,430839,430911,1,152.768
1780747803.430,30.982,430839,430911,1,172.551
1780747803.484,31.036,430839,430911,1,111.414
1780747803.536,31.089,430839,430911,1,190.015
1780747803.589,31.142,430839,430911,1,94.517
1780747803.642,31.194,430839,430911,1,38.225
1780747803.694,31.246,430839,430911,1,172.128
1780747803.746,31.299,430839,430911,1,95.635
1780747803.800,31.352,430839,430911,1,74.759
1780747803.854,31.407,430839,430911,1,165.193
1780747803.906,31.459,430839,430911,1,57.420
1780747803.959,31.511,430839,430911,1,114.505
1780747804.011,31.564,430839,430911,1,95.497
1780747804.063,31.616,430839,430911,1,19.208
1780747804.116,31.668,430839,430911,1,152.362
1780747804.168,31.721,430839,430911,1,75.966
1780747804.220,31.773,430839,430911,1,0.000
1780747804.272,31.825,430839,430911,1,153.759
1780747804.325,31.877,430839,430911,1,57.410
1780747804.378,31.930,430839,430911,1,56.209
1780747804.430,31.983,430839,430911,1,172.100
1780747804.483,32.035,430839,430911,1,76.055
1780747804.537,32.090,430839,430911,1,55.056
1780747804.590,32.142,430839,430911,1,153.039
1780747804.645,32.198,430839,430911,1,54.165
1780747804.698,32.250,430839,430911,1,95.284
1780747804.753,32.306,430839,430911,1,143.841
1780747804.805,32.358,430839,430911,1,57.631
1780747804.857,32.410,430839,430911,1,115.383
1780747804.911,32.463,430839,430911,1,112.660
1780747804.963,32.515,430839,430911,1,76.511
1780747805.015,32.568,430839,430911,1,114.190
1780747805.069,32.621,430839,430911,1,150.072
1780747805.121,32.673,430839,430911,1,172.190
1780747805.173,32.726,430839,430911,1,114.177
1780747805.226,32.778,430839,430911,1,38.384
1780747805.278,32.830,430839,430911,1,134.514
1780747805.330,32.882,430839,430911,1,153.153
1780747805.383,32.935,430839,430911,1,56.466
1780747805.435,32.988,430839,430911,1,133.607
1780747805.490,33.042,430839,430911,1,165.347
1780747805.546,33.099,430839,430911,1,159.296
1780747805.599,33.151,430839,430911,1,114.721
1780747805.651,33.203,430839,430911,1,96.098
1780747805.703,33.255,430839,430911,3,172.096
1780747805.756,33.308,430839,430911,3,94.799
1780747805.811,33.363,430839,430911,3,182.216
1780747805.863,33.415,430839,430911,3,133.913
1780747805.915,33.467,430839,430911,3,153.296
1780747805.967,33.520,430839,430911,3,153.171
1780747806.019,33.572,430839,430911,3,172.476
1780747806.075,33.628,430839,430911,3,179.137
1780747806.128,33.680,430839,430911,3,170.589
1780747806.180,33.733,430839,430911,3,153.396
1780747806.233,33.786,430839,430911,3,132.012
1780747806.288,33.841,430839,430911,2,236.413
1780747806.343,33.895,430839,430911,2,219.068
1780747806.398,33.951,430839,430911,1,234.189
1780747806.454,34.006,430839,430911,3,235.099
1780747806.506,34.058,430839,430911,3,269.073
1780747806.560,34.113,430839,430911,1,275.675
1780747806.616,34.168,430839,430911,1,250.735
1780747806.668,34.221,430839,430911,1,266.897
1780747806.721,34.273,430839,430911,1,248.814
1780747806.780,34.333,430839,430911,1,252.399
1780747806.834,34.387,430839,430911,1,203.613
1780747806.887,34.439,430839,430911,1,208.429
1780747806.941,34.494,430839,430911,1,184.171
1780747806.995,34.547,430839,430911,1,206.001
1780747807.048,34.600,430839,430911,1,188.586
1780747807.104,34.657,430839,430911,1,212.365
1780747807.157,34.709,430839,430911,1,246.547
1780747807.211,34.764,430839,430911,1,220.284
1780747807.264,34.816,430839,430911,1,57.106
1780747807.316,34.868,430839,430911,1,134.305
1780747807.370,34.922,430839,430911,1,204.600
1780747807.422,34.975,430839,430911,1,19.010
1780747807.474,35.027,430839,430911,1,172.916
1780747807.527,35.079,430839,430911,1,171.732
1780747807.579,35.131,430839,430911,1,38.388
1780747807.631,35.183,430839,430911,1,172.982
1780747807.686,35.239,430839,430911,1,180.960
1780747807.741,35.294,430839,430911,1,72.414
1780747807.795,35.347,430839,430911,1,207.453
1780747807.849,35.401,430839,430911,1,147.179
1780747807.902,35.454,430839,430911,1,189.348
1780747807.956,35.509,430839,430911,1,238.800
1780747808.008,35.561,430839,430911,1,115.267
1780747808.060,35.613,430839,430911,0,211.521
1780747808.113,35.666,430839,430911,0,207.685
1780747808.165,35.718,430839,430911,0,96.067
1780747808.218,35.770,430839,430911,0,151.430
1780747808.274,35.827,430839,430911,0,123.939
1780747808.327,35.879,430839,430911,0,57.555
1780747808.379,35.931,430839,430911,0,153.505
1780747808.436,35.988,430839,430911,0,139.661
1780747808.491,36.043,430839,430911,0,36.692
1780747808.544,36.097,430839,430911,3,223.824
1780747808.598,36.150,430839,430911,3,111.675
1780747808.650,36.202,430839,430911,3,76.736
1780747808.702,36.254,430839,430911,3,211.405
1780747808.756,36.308,430839,430911,3,92.713
1780747808.808,36.361,430839,430911,3,95.688
1780747808.862,36.414,430839,430911,3,205.977
1780747808.914,36.466,430839,430911,3,38.463
1780747808.966,36.518,430839,430911,3,134.619
1780747809.018,36.571,430839,430911,3,208.254
1780747809.071,36.624,430839,430911,3,18.956
1780747809.123,36.676,430839,430911,3,172.228
1780747809.176,36.728,430839,430911,3,152.849
1780747809.228,36.781,430839,430911,3,38.211
1780747809.280,36.833,430839,430911,3,191.642
1780747809.333,36.886,430839,430911,3,132.525
1780747809.385,36.938,430839,430911,3,38.289
1780747809.438,36.991,430839,430911,3,207.597
1780747809.491,37.044,430839,430911,3,169.650
1780747809.545,37.097,430839,430911,3,167.840
1780747809.597,37.150,430839,430911,3,249.645
1780747809.649,37.201,430839,430911,3,134.643
1780747809.701,37.254,430839,430911,3,192.245
1780747809.756,37.308,430839,430911,3,236.846
1780747809.808,37.361,430839,430911,3,38.260
1780747809.860,37.413,430839,430911,3,134.686
1780747809.912,37.465,430839,430911,3,172.892
1780747809.965,37.517,430839,430911,3,38.192
1780747810.017,37.569,430839,430911,3,134.679
1780747810.072,37.624,430839,430911,3,144.724
1780747810.124,37.677,430839,430911,3,57.131
1780747810.177,37.729,430839,430911,3,152.691
1780747810.230,37.782,430839,430911,3,150.904
1780747810.282,37.834,430839,430911,3,38.425
1780747810.335,37.887,430839,430911,3,208.486
1780747810.387,37.940,430839,430911,3,132.526
1780747810.442,37.995,430839,430911,3,54.612
1780747810.499,38.051,430839,430911,1,194.951
1780747810.551,38.103,430839,430911,1,95.767
1780747810.604,38.156,430839,430911,2,76.221
1780747810.658,38.211,430839,430911,1,200.751
1780747810.710,38.263,430839,430911,1,57.479
1780747810.763,38.316,430839,430911,1,132.949
1780747810.816,38.369,430839,430911,1,188.725
1780747810.869,38.421,430839,430911,1,57.253
1780747810.921,38.473,430839,430911,1,153.662
1780747810.973,38.525,430839,430911,1,229.316
1780747811.026,38.578,430839,430911,1,170.784
1780747811.078,38.630,430839,430911,1,230.747
1780747811.130,38.682,430839,430911,1,249.207
1780747811.185,38.738,430839,430911,1,162.497
1780747811.237,38.790,430839,430911,1,268.913
1780747811.290,38.842,430839,430911,1,189.455
1780747811.343,38.895,430839,430911,1,76.086
1780747811.398,38.951,430839,430911,1,233.388
1780747811.451,39.003,430839,430911,1,113.767
1780747811.503,39.056,430839,430911,1,76.787
1780747811.556,39.109,430839,430911,1,226.157
1780747811.609,39.162,430839,430911,1,94.424
1780747811.661,39.214,430839,430911,1,134.606
1780747811.715,39.267,430839,430911,1,204.884
1780747811.767,39.319,430839,430911,1,95.924
1780747811.819,39.371,430839,430911,1,134.526
1780747811.871,39.423,430839,430911,1,211.214
1780747811.924,39.477,430839,430911,1,94.217
1780747811.976,39.529,430839,430911,1,153.869
1780747812.029,39.581,430839,430911,1,208.616
1780747812.081,39.634,430839,430911,1,95.309
1780747812.135,39.687,430839,430911,1,149.347
1780747812.188,39.740,430839,430911,1,208.188
1780747812.241,39.794,430839,430911,1,168.513
1780747812.293,39.846,430839,430911,1,210.330
1780747812.353,39.905,430839,430911,1,202.766
1780747812.405,39.957,430839,430911,1,171.803
1780747812.459,40.012,430839,430911,1,221.460
1780747812.512,40.065,430839,430911,1,244.953
1780747812.566,40.118,430839,430911,3,299.549
1780747812.623,40.176,430839,430911,3,242.471
1780747812.676,40.228,430839,430911,3,266.699
1780747812.728,40.281,430839,430911,3,247.662
1780747812.781,40.333,430839,430911,3,306.072
1780747812.834,40.386,430839,430911,0,244.908
1780747812.887,40.440,430839,430911,0,242.552
1780747812.940,40.493,430839,430911,0,265.230
1780747812.993,40.546,430839,430911,0,206.251
1780747813.047,40.599,430839,430911,0,169.195
1780747813.099,40.652,430839,430911,0,208.848
1780747813.152,40.704,430839,430911,0,114.907
1780747813.208,40.760,430839,430911,0,212.759
1780747813.260,40.813,430839,430911,0,134.139
1780747813.313,40.865,430839,430911,0,209.924
1780747813.365,40.917,430839,430911,0,190.889
1780747813.417,40.970,430839,430911,0,210.102
1780747813.470,41.022,430839,430911,0,133.204
1780747813.524,41.076,430839,430911,0,204.592
1780747813.576,41.128,430839,430911,0,191.636
1780747813.629,41.181,430839,430911,0,206.747
1780747813.681,41.234,430839,430911,0,190.471
1780747813.736,41.288,430839,430911,0,220.647
1780747813.789,41.342,430839,430911,0,298.893
1780747813.842,41.395,430839,430911,0,284.493
1780747813.902,41.455,430839,430911,0,198.966
1780747813.956,41.508,430839,430911,0,263.487
1780747814.013,41.566,430839,430911,0,224.893
1780747814.067,41.619,430839,430911,0,168.007
1780747814.120,41.672,430839,430911,0,189.744
1780747814.172,41.724,430839,430911,0,172.606
1780747814.224,41.777,430839,430911,0,152.386
1780747814.276,41.829,430839,430911,0,192.078
1780747814.329,41.882,430839,430911,0,150.765
1780747814.382,41.934,430839,430911,3,190.355
1780747814.436,41.988,430839,430911,3,166.809
1780747814.488,42.041,430839,430911,3,228.798
1780747814.544,42.097,430839,430911,3,161.303
1780747814.597,42.149,430839,430911,3,208.154
1780747814.653,42.206,430839,430911,3,177.659
1780747814.706,42.258,430839,430911,3,228.738
1780747814.758,42.311,430839,430911,3,190.235
1780747814.811,42.364,430839,430911,3,263.937
1780747814.864,42.416,430839,430911,3,228.827
1780747814.916,42.469,430839,430911,3,248.309
1780747814.969,42.522,430839,430911,3,244.155
1780747815.022,42.574,430839,430911,3,248.586
1780747815.074,42.626,430839,430911,3,286.303
1780747815.127,42.679,430839,430911,3,208.993
1780747815.181,42.733,430839,430911,3,240.974
1780747815.237,42.790,430839,430911,3,246.555
1780747815.290,42.842,430839,430911,3,210.240
1780747815.343,42.896,430839,430911,1,223.833
1780747815.399,42.951,430839,430911,1,234.942
1780747815.461,43.014,430839,430911,1,223.656
1780747815.515,43.067,430839,430911,1,224.068
1780747815.568,43.120,430839,430911,2,244.810
1780747815.621,43.173,430839,430911,2,208.060
1780747815.673,43.225,430839,430911,2,191.773
1780747815.726,43.278,430839,430911,2,188.961
1780747815.778,43.330,430839,430911,2,191.774
1780747815.833,43.386,430839,430911,2,198.894
1780747815.887,43.439,430839,430911,2,205.415
1780747815.943,43.496,430839,430911,2,195.268
1780747815.996,43.549,430839,430911,2,150.707
1780747816.049,43.601,430839,430911,2,266.137
1780747816.101,43.653,430839,430911,2,134.333
1780747816.153,43.706,430839,430911,2,191.215
1780747816.209,43.762,430839,430911,2,233.026
1780747816.261,43.814,430839,430911,2,211.119
1780747816.315,43.867,430839,430911,2,224.014
1780747816.367,43.919,430839,430911,2,172.530
1780747816.420,43.973,430839,430911,2,206.274
1780747816.473,44.025,430839,430911,2,170.994
1780747816.526,44.078,430839,430911,2,170.753
1780747816.578,44.130,430839,430911,3,172.893
1780747816.630,44.183,430839,430911,3,152.350
1780747816.684,44.236,430839,430911,3,186.718
1780747816.736,44.289,430839,430911,3,170.730
1780747816.789,44.341,430839,430911,3,209.106
1780747816.842,44.394,430839,430911,3,152.400
1780747816.894,44.446,430839,430911,3,229.171
1780747816.947,44.499,430839,430911,3,131.665
1780747817.000,44.552,430839,430911,3,226.355
1780747817.056,44.608,430839,430911,3,125.811
1780747817.108,44.660,430839,430911,3,211.035
1780747817.163,44.716,430839,430911,3,271.029
1780747817.218,44.770,430839,430911,3,239.306
1780747817.272,44.824,430839,430911,3,312.163
1780747817.325,44.878,430839,430911,1,244.397
1780747817.378,44.930,430839,430911,1,323.969
1780747817.431,44.983,430839,430911,2,244.798
1780747817.488,45.040,430839,430911,2,263.654
1780747817.540,45.093,430839,430911,2,246.695
1780747817.599,45.151,430839,430911,2,274.575
1780747817.658,45.210,430839,430911,2,151.663
1780747817.711,45.263,430839,430911,2,94.476
1780747817.763,45.315,430839,430911,2,134.382
1780747817.815,45.368,430839,430911,2,230.110
1780747817.867,45.420,430839,430911,2,133.745
1780747817.920,45.472,430839,430911,2,152.383
1780747817.973,45.525,430839,430911,2,226.903
1780747818.025,45.578,430839,430911,2,133.946
1780747818.077,45.630,430839,430911,2,76.667
1780747818.132,45.685,430839,430911,2,182.221
1780747818.185,45.737,430839,430911,2,189.850
1780747818.237,45.790,430839,430911,2,114.172
1780747818.290,45.842,430839,430911,1,114.266
1780747818.344,45.896,430839,430911,1,222.411
1780747818.401,45.953,430839,430911,1,157.254
1780747818.456,46.009,430839,430911,0,163.403
1780747818.511,46.063,430839,430911,0,255.304
1780747818.563,46.116,430839,430911,0,152.836
1780747818.616,46.169,430839,430911,0,208.347
1780747818.675,46.227,430839,430911,0,221.966
1780747818.727,46.279,430839,430911,0,134.038
1780747818.780,46.332,430839,430911,0,264.965
1780747818.837,46.389,430839,430911,0,244.422
1780747818.892,46.445,430839,430911,0,344.758
1780747818.948,46.501,430839,430911,0,250.036
1780747819.000,46.553,430839,430911,2,344.317
1780747819.061,46.613,430839,430911,2,231.293
1780747819.114,46.666,430839,430911,2,301.490
1780747819.167,46.720,430839,430911,2,262.668
1780747819.225,46.777,430839,430911,2,244.123
1780747819.278,46.830,430839,430911,2,338.815
1780747819.335,46.887,430839,430911,2,228.963
1780747819.387,46.940,430839,430911,0,322.627
1780747819.449,47.002,430839,430911,0,290.883
1780747819.503,47.055,430839,430911,0,223.381
1780747819.557,47.109,430839,430911,0,297.707
1780747819.615,47.168,430839,430911,0,255.811
1780747819.670,47.222,430839,430911,0,310.646
1780747819.726,47.279,430839,430911,0,213.289
1780747819.779,47.331,430839,430911,0,171.764
1780747819.831,47.384,430839,430911,0,209.523
1780747819.885,47.438,430839,430911,0,185.133
1780747819.939,47.491,430839,430911,0,37.282
1780747819.992,47.545,430839,430911,0,206.034
1780747820.049,47.602,430839,430911,0,122.765
1780747820.101,47.654,430839,430911,0,96.096
1780747820.154,47.706,430839,430911,0,209.640
1780747820.206,47.758,430839,430911,0,134.240
1780747820.259,47.811,430839,430911,0,189.273
1780747820.312,47.864,430839,430911,0,263.043
1780747820.364,47.917,430839,430911,0,152.965
1780747820.416,47.969,430839,430911,0,230.522
1780747820.469,48.022,430839,430911,0,226.227
1780747820.522,48.074,430839,430911,0,114.156
1780747820.575,48.127,430839,430911,1,151.208
1780747820.628,48.180,430839,430911,1,245.484
1780747820.682,48.234,430839,430911,1,92.916
1780747820.735,48.288,430839,430911,1,185.634
1780747820.790,48.342,430839,430911,1,220.739
1780747820.846,48.399,430839,430911,1,52.941
1780747820.899,48.452,430839,430911,1,227.457
1780747820.953,48.506,430839,430911,1,147.934
1780747821.007,48.559,430839,430911,1,111.745
1780747821.060,48.612,430839,430911,1,189.236
1780747821.130,48.682,430839,430911,1,171.946
1780747821.185,48.737,430839,430911,1,200.240
1780747821.237,48.790,430839,430911,1,246.833
1780747821.290,48.842,430839,430911,0,191.104
1780747821.343,48.895,430839,430911,0,245.223
1780747821.396,48.948,430839,430911,0,225.731
1780747821.452,49.004,430839,430911,0,214.430
1780747821.508,49.060,430839,430911,0,250.576
1780747821.561,49.113,430839,430911,0,282.847
1780747821.616,49.169,430839,430911,0,269.935
1780747821.668,49.221,430839,430911,0,269.062
1780747821.720,49.273,430839,430911,0,286.633
1780747821.773,49.325,430839,430911,0,267.459
1780747821.826,49.379,430839,430911,0,317.233
1780747821.880,49.432,430839,430911,0,242.388
1780747821.936,49.488,430839,430911,0,287.805
1780747821.992,49.544,430839,430911,3,214.064
1780747822.050,49.602,430839,430911,3,154.919
1780747822.108,49.660,430839,430911,3,189.243
1780747822.161,49.714,430839,430911,0,149.949
1780747822.214,49.767,430839,430911,0,56.789
1780747822.267,49.819,430839,430911,0,57.037
1780747822.319,49.872,430839,430911,0,57.062
1780747822.371,49.924,430839,430911,0,134.209
1780747822.424,49.976,430839,430911,2,229.570
1780747822.476,50.029,430839,430911,0,170.571
1780747822.529,50.082,430839,430911,0,151.885
1780747822.584,50.136,430839,430911,0,220.711
1780747822.637,50.189,430839,430911,0,205.571
1780747822.690,50.243,430839,430911,1,206.737
1780747822.749,50.301,430839,430911,1,255.601
1780747822.803,50.356,430839,430911,1,110.346
1780747822.856,50.408,430839,430911,1,132.814
1780747822.909,50.462,430839,430911,1,224.678
1780747822.962,50.515,430839,430911,1,244.934
1780747823.020,50.573,430839,430911,1,225.201
1780747823.075,50.627,430839,430911,1,293.365
1780747823.130,50.682,430839,430911,1,198.809
1780747823.186,50.738,430839,430911,1,288.651
1780747823.242,50.794,430839,430911,1,249.497
1780747823.296,50.848,430839,430911,1,331.454
1780747823.353,50.906,430839,430911,1,279.378
1780747823.406,50.959,430839,430911,1,282.027
1780747823.459,51.012,430839,430911,1,283.298
1780747823.517,51.070,430839,430911,1,294.130
1780747823.570,51.123,430839,430911,1,282.317
1780747823.624,51.177,430839,430911,1,259.622
1780747823.677,51.230,430839,430911,1,300.443
1780747823.730,51.283,430839,430911,1,245.126
1780747823.787,51.339,430839,430911,1,319.692
1780747823.841,51.393,430839,430911,1,240.063
1780747823.894,51.447,430839,430911,1,299.209
1780747823.948,51.501,430839,430911,1,260.549
1780747824.003,51.556,430839,430911,1,270.982
1780747824.058,51.610,430839,430911,1,238.590
1780747824.112,51.664,430839,430911,1,203.556
1780747824.170,51.723,430839,430911,1,223.800
1780747824.223,51.776,430839,430911,1,319.342
1780747824.278,51.830,430839,430911,1,239.209
1780747824.333,51.885,430839,430911,1,272.755
1780747824.386,51.938,430839,430911,1,205.983
1780747824.439,51.992,430839,430911,1,301.109
1780747824.499,52.052,430839,430911,1,248.886
1780747824.555,52.107,430839,430911,1,361.995
1780747824.615,52.167,430839,430911,1,266.089
1780747824.670,52.222,430839,430911,1,272.544
1780747824.724,52.277,430839,430911,1,330.942
1780747824.779,52.331,430839,430911,1,221.207
1780747824.832,52.384,430839,430911,1,320.940
1780747824.887,52.439,430839,430911,2,254.011
1780747824.945,52.498,430839,430911,2,307.142
1780747825.000,52.552,430839,430911,2,292.216
1780747825.054,52.606,430839,430911,2,314.983
1780747825.115,52.668,430839,430911,2,326.517
1780747825.175,52.727,430839,430911,2,286.697
1780747825.228,52.780,430839,430911,2,318.517
1780747825.282,52.834,430839,430911,2,276.848
1780747825.335,52.887,430839,430911,2,247.547
1780747825.388,52.940,430839,430911,2,299.870
1780747825.442,52.994,430839,430911,2,240.605
1780747825.503,53.055,430839,430911,2,313.588
1780747825.555,53.107,430839,430911,0,229.035
1780747825.607,53.160,430839,430911,0,285.626
1780747825.660,53.212,430839,430911,0,229.018
1780747825.714,53.266,430839,430911,0,204.710
1780747825.766,53.318,430839,430911,0,172.388
1780747825.818,53.371,430839,430911,0,228.696
1780747825.872,53.425,430839,430911,0,295.263
1780747825.926,53.478,430839,430911,0,262.902
1780747825.978,53.530,430839,430911,0,306.543
1780747826.035,53.587,430839,430911,0,299.262
1780747826.088,53.640,430839,430911,0,321.608
1780747826.141,53.694,430839,430911,0,278.249
1780747826.201,53.753,430839,430911,0,202.669
1780747826.253,53.805,430839,430911,0,191.232
1780747826.307,53.859,430839,430911,0,224.197
1780747826.359,53.912,430839,430911,0,170.981
1780747826.411,53.964,430839,430911,0,210.736
1780747826.465,54.017,430839,430911,0,205.667
1780747826.520,54.072,430839,430911,0,219.166
1780747826.573,54.125,430839,430911,0,282.717
1780747826.625,54.178,430839,430911,0,246.058
1780747826.678,54.231,430839,430911,0,264.484
1780747826.732,54.284,430839,430911,0,263.383
1780747826.792,54.345,430839,430911,0,313.258
1780747826.850,54.402,430839,430911,0,329.277
1780747826.911,54.463,430839,430911,0,262.973
1780747826.970,54.523,430839,430911,0,268.042
1780747827.028,54.580,430839,430911,0,280.369
1780747827.084,54.637,430839,430911,0,300.015
1780747827.139,54.691,430839,430911,0,310.583
1780747827.195,54.747,430839,430911,0,356.263
1780747827.248,54.801,430839,430911,0,337.624
1780747827.301,54.853,430839,430911,0,323.864
1780747827.358,54.910,430839,430911,0,299.953
1780747827.410,54.962,430839,430911,2,323.794
1780747827.466,55.019,430839,430911,2,266.531
1780747827.521,55.073,430839,430911,2,331.075
1780747827.578,55.130,430839,430911,2,246.373
1780747827.631,55.184,430839,430911,2,278.425
1780747827.685,55.237,430839,430911,2,280.537
1780747827.739,55.291,430839,430911,2,278.519
1780747827.794,55.346,430839,430911,2,216.863
1780747827.847,55.399,430839,430911,2,245.495
1780747827.904,55.457,430839,430911,2,260.899
1780747827.959,55.511,430839,430911,2,259.047
1780747828.016,55.568,430839,430911,2,209.140
1780747828.070,55.622,430839,430911,2,277.423
1780747828.128,55.680,430839,430911,2,241.703
1780747828.182,55.734,430839,430911,2,317.104
1780747828.235,55.788,430839,430911,2,259.451
1780747828.288,55.841,430839,430911,0,322.459
1780747828.341,55.893,430839,430911,0,189.501
1780747828.394,55.946,430839,430911,0,320.391
1780747828.453,56.006,430839,430911,0,252.639
1780747828.506,56.059,430839,430911,0,264.115
1780747828.565,56.117,430839,430911,0,275.309
1780747828.619,56.171,430839,430911,3,184.725
1780747828.671,56.224,430839,430911,3,152.381
1780747828.724,56.277,430839,430911,0,187.698
1780747828.777,56.330,430839,430911,0,227.311
1780747828.830,56.382,430839,430911,0,190.162
1780747828.883,56.435,430839,430911,0,170.799
1780747828.936,56.489,430839,430911,0,185.888
1780747828.989,56.542,430839,430911,0,226.634
1780747829.044,56.597,430839,430911,0,218.636
1780747829.103,56.656,430839,430911,0,220.200
1780747829.158,56.710,430839,430911,0,200.930
1780747829.213,56.766,430839,430911,0,198.639
1780747829.266,56.818,430839,430911,0,247.940
1780747829.319,56.871,430839,430911,0,226.865
1780747829.371,56.924,430839,430911,0,247.562
1780747829.425,56.978,430839,430911,0,258.915
1780747829.478,57.030,430839,430911,0,286.426
1780747829.535,57.087,430839,430911,0,296.474
1780747829.589,57.142,430839,430911,0,311.721
1780747829.642,57.194,430839,430911,0,247.115
1780747829.699,57.251,430839,430911,0,318.222
1780747829.752,57.304,430839,430911,0,187.988
1780747829.807,57.359,430839,430911,0,182.661
1780747829.869,57.421,430839,430911,0,208.753
1780747829.927,57.480,430839,430911,2,223.145
1780747829.984,57.537,430839,430911,2,313.815
1780747830.037,57.590,430839,430911,2,264.348
1780747830.091,57.644,430839,430911,2,240.390
1780747830.148,57.701,430839,430911,2,211.451
1780747830.204,57.757,430839,430911,2,284.850
1780747830.258,57.811,430839,430911,3,241.989
1780747830.332,57.885,430839,430911,3,215.658
1780747830.386,57.939,430839,430911,3,221.975
1780747830.441,57.994,430839,430911,3,309.586
1780747830.501,58.053,430839,430911,3,217.890
1780747830.554,58.106,430839,430911,3,246.312
1780747830.607,58.160,430839,430911,3,223.538
1780747830.663,58.215,430839,430911,3,251.847
1780747830.725,58.277,430839,430911,3,210.498
1780747830.777,58.330,430839,430911,3,248.067
1780747830.830,58.382,430839,430911,3,227.838
1780747830.888,58.441,430839,430911,3,240.100
1780747830.943,58.495,430839,430911,3,237.016
1780747831.004,58.556,430839,430911,3,262.657
1780747831.065,58.618,430839,430911,3,243.747
1780747831.118,58.670,430839,430911,3,267.490
1780747831.174,58.727,430839,430911,3,318.774
1780747831.231,58.784,430839,430911,3,228.139
1780747831.289,58.841,430839,430911,3,294.078
1780747831.356,58.909,430839,430911,0,281.907
1780747831.410,58.962,430839,430911,0,282.534
1780747831.487,59.040,430839,430911,3,270.306
1780747831.541,59.094,430839,430911,3,240.473
1780747831.598,59.150,430839,430911,3,283.451
1780747831.659,59.212,430839,430911,3,292.396
1780747831.714,59.266,430839,430911,3,256.770
1780747831.767,59.320,430839,430911,3,261.999
1780747831.826,59.378,430839,430911,3,255.698
1780747831.880,59.433,430839,430911,3,258.167
1780747831.937,59.489,430839,430911,3,246.674
1780747831.989,59.542,430839,430911,3,267.632
1780747832.042,59.595,430839,430911,3,226.958
1780747832.097,59.649,430839,430911,3,330.607
1780747832.161,59.713,430839,430911,3,232.492
1780747832.215,59.767,430839,430911,3,297.970
1780747832.292,59.844,430839,430911,3,259.083
1780747832.355,59.907,430839,430911,3,237.932
1780747832.408,59.960,430839,430911,3,227.108
1780747832.460,60.013,430839,430911,3,228.276
1780747832.513,60.066,430839,430911,3,227.203
1780747832.567,60.119,430839,430911,3,242.438
1780747832.621,60.173,430839,430911,3,259.376
1780747832.677,60.229,430839,430911,3,232.878
1780747832.737,60.290,430839,430911,3,264.192
1780747832.792,60.344,430839,430911,3,256.652
1780747832.847,60.400,430839,430911,3,252.859
1780747832.910,60.462,430839,430911,3,301.835
1780747832.984,60.537,430839,430911,3,242.776
1780747833.038,60.590,430839,430911,3,224.035
1780747833.097,60.650,430839,430911,3,301.951
1780747833.165,60.717,430839,430911,3,207.202
1780747833.219,60.772,430839,430911,3,239.996
1780747833.274,60.826,430839,430911,1,237.350
1780747833.336,60.889,430839,430911,1,256.876
1780747833.410,60.962,430839,430911,1,258.879
1780747833.465,61.017,430839,430911,1,270.556
1780747833.530,61.083,430839,430911,3,229.359
1780747833.595,61.147,430839,430911,3,263.786
1780747833.649,61.202,430839,430911,3,258.026
1780747833.720,61.273,430839,430911,3,239.269
1780747833.778,61.331,430839,430911,3,206.763
1780747833.832,61.385,430839,430911,3,166.854
1780747833.886,61.439,430839,430911,3,147.755
1780747833.940,61.493,430839,430911,3,185.642
1780747833.995,61.547,430839,430911,3,257.527
1780747834.048,61.600,430839,430911,3,263.860
1780747834.100,61.653,430839,430911,3,340.974
1780747834.159,61.711,430839,430911,3,257.151
1780747834.218,61.770,430839,430911,3,270.881
1780747834.271,61.824,430839,430911,3,280.212
1780747834.330,61.882,430839,430911,3,222.340
1780747834.384,61.936,430839,430911,3,314.534
1780747834.437,61.989,430839,430911,3,244.865
1780747834.492,62.045,430839,430911,3,307.428
1780747834.548,62.101,430839,430911,3,285.851
1780747834.601,62.154,430839,430911,3,300.082
1780747834.664,62.216,430839,430911,3,288.985
1780747834.724,62.276,430839,430911,3,249.483
1780747834.777,62.329,430839,430911,3,283.585
1780747834.840,62.393,430839,430911,3,268.307
1780747834.893,62.446,430839,430911,3,301.776
1780747834.948,62.501,430839,430911,3,253.826
1780747835.002,62.554,430839,430911,3,318.806
1780747835.055,62.608,430839,430911,3,223.276
1780747835.113,62.665,430839,430911,3,260.847
1780747835.170,62.722,430839,430911,3,228.668
1780747835.224,62.776,430839,430911,3,222.445
1780747835.277,62.830,430839,430911,3,223.547
1780747835.331,62.883,430839,430911,3,244.581
1780747835.384,62.936,430839,430911,3,262.023
1780747835.440,62.992,430839,430911,3,231.968
1780747835.496,63.049,430839,430911,3,212.578
1780747835.565,63.118,430839,430911,3,262.239
1780747835.622,63.174,430839,430911,3,210.592
1780747835.675,63.227,430839,430911,3,285.580
1780747835.740,63.293,430839,430911,3,259.265
1780747835.800,63.352,430839,430911,3,317.822
1780747835.856,63.408,430839,430911,3,251.573
1780747835.912,63.465,430839,430911,3,317.186
1780747835.965,63.518,430839,430911,3,282.553
1780747836.023,63.575,430839,430911,3,277.607
1780747836.076,63.629,430839,430911,3,262.801
1780747836.130,63.682,430839,430911,3,281.623
1780747836.184,63.736,430839,430911,3,312.510
1780747836.244,63.797,430839,430911,3,264.851
1780747836.306,63.859,430839,430911,3,242.248
1780747836.362,63.914,430839,430911,3,197.331
1780747836.420,63.972,430839,430911,3,241.830
1780747836.479,64.031,430839,430911,3,289.004
1780747836.536,64.089,430839,430911,3,278.740
1780747836.590,64.142,430839,430911,3,317.502
1780747836.645,64.198,430839,430911,3,341.156
1780747836.703,64.255,430839,430911,3,260.799
1780747836.756,64.309,430839,430911,3,262.226
1780747836.810,64.362,430839,430911,3,280.198
1780747836.862,64.415,430839,430911,3,209.058
1780747836.916,64.468,430839,430911,3,207.360
1780747836.969,64.521,430839,430911,3,168.124
1780747837.023,64.575,430839,430911,3,149.538
1780747837.076,64.629,430839,430911,3,148.952
1780747837.131,64.683,430839,430911,3,182.447
1780747837.185,64.737,430839,430911,3,149.347
1780747837.240,64.793,430839,430911,3,89.795
1780747837.293,64.845,430839,430911,3,171.467
1780747837.353,64.905,430839,430911,3,99.637
1780747837.405,64.958,430839,430911,3,115.190
1780747837.458,65.010,430839,430911,3,208.761
1780747837.515,65.067,430839,430911,3,122.581
1780747837.571,65.124,430839,430911,3,177.803
1780747837.623,65.176,430839,430911,3,153.135
1780747837.676,65.229,430839,430911,3,189.679
1780747837.728,65.281,430839,430911,3,210.529
1780747837.781,65.333,430839,430911,3,228.980
1780747837.834,65.386,430839,430911,3,188.048
1780747837.887,65.439,430839,430911,3,265.999
1780747837.942,65.495,430839,430911,3,287.765
1780747837.996,65.549,430839,430911,2,259.255
1780747838.056,65.608,430839,430911,2,334.292
1780747838.108,65.661,430839,430911,2,286.879
1780747838.162,65.714,430839,430911,2,299.797
1780747838.219,65.772,430839,430911,2,294.816
1780747838.279,65.832,430839,430911,2,284.410
1780747838.332,65.885,430839,430911,2,226.487
1780747838.385,65.937,430839,430911,2,246.185
1780747838.438,65.990,430839,430911,2,245.582
1780747838.493,66.046,430839,430911,2,198.644
1780747838.548,66.100,430839,430911,2,164.836
1780747838.602,66.154,430839,430911,2,204.031
1780747838.661,66.213,430839,430911,2,202.902
1780747838.716,66.268,430839,430911,2,128.051
1780747838.770,66.322,430839,430911,2,183.533
1780747838.824,66.377,430839,430911,2,184.762
1780747838.877,66.430,430839,430911,2,150.582
1780747838.932,66.484,430839,430911,2,128.257
1780747838.985,66.537,430839,430911,2,208.904
1780747839.039,66.592,430839,430911,2,219.640
1780747839.095,66.647,430839,430911,2,179.605
1780747839.149,66.701,430839,430911,2,167.293
1780747839.201,66.754,430839,430911,2,170.558
1780747839.255,66.808,430839,430911,2,223.429
1780747839.307,66.860,430839,430911,2,153.156
1780747839.360,66.912,430839,430911,2,133.997
1780747839.412,66.964,430839,430911,2,134.065
1780747839.469,67.022,430839,430911,2,190.593
1780747839.523,67.075,430839,430911,2,206.722
1780747839.576,67.129,430839,430911,2,149.486
1780747839.628,67.181,430839,430911,2,230.119
1780747839.681,67.233,430839,430911,2,172.121
1780747839.733,67.286,430839,430911,2,266.694
1780747839.789,67.342,430839,430911,2,178.226
1780747839.843,67.396,430839,430911,2,277.131
1780747839.900,67.453,430839,430911,2,211.304
1780747839.958,67.510,430839,430911,2,260.100
1780747840.013,67.566,430839,430911,2,270.329
1780747840.071,67.624,430839,430911,2,292.961
1780747840.124,67.676,430839,430911,2,267.003
1780747840.177,67.729,430839,430911,2,321.974
1780747840.237,67.790,430839,430911,2,296.661
1780747840.291,67.844,430839,430911,2,314.154
1780747840.345,67.898,430839,430911,2,278.834
1780747840.398,67.950,430839,430911,2,246.803
1780747840.458,68.010,430839,430911,2,301.565
1780747840.510,68.062,430839,430911,2,304.642
1780747840.563,68.115,430839,430911,2,265.311
1780747840.617,68.170,430839,430911,2,348.437
1780747840.672,68.225,430839,430911,1,200.148
1780747840.728,68.280,430839,430911,2,251.636
1780747840.782,68.334,430839,430911,2,277.804
1780747840.837,68.389,430839,430911,2,255.407
1780747840.891,68.443,430839,430911,2,240.437
1780747840.953,68.506,430839,430911,2,175.595
1780747841.007,68.560,430839,430911,2,204.546
1780747841.067,68.619,430839,430911,2,250.827
1780747841.121,68.674,430839,430911,2,240.425
1780747841.177,68.730,430839,430911,2,249.184
1780747841.236,68.788,430839,430911,2,257.282
1780747841.288,68.841,430839,430911,2,285.124
1780747841.345,68.897,430839,430911,2,176.558
1780747841.401,68.953,430839,430911,2,178.766
1780747841.455,69.007,430839,430911,2,240.706
1780747841.511,69.064,430839,430911,2,247.375
1780747841.567,69.119,430839,430911,2,217.526
1780747841.621,69.173,430839,430911,2,165.168
1780747841.676,69.228,430839,430911,2,219.634
1780747841.729,69.281,430839,430911,2,245.426
1780747841.783,69.336,430839,430911,2,311.115
1780747841.837,69.389,430839,430911,2,242.471
1780747841.892,69.445,430839,430911,2,341.957
1780747841.962,69.514,430839,430911,2,274.660
1780747842.018,69.570,430839,430911,2,266.469
1780747842.072,69.624,430839,430911,2,298.783
1780747842.125,69.677,430839,430911,2,301.709
1780747842.180,69.732,430839,430911,2,290.808
1780747842.237,69.790,430839,430911,2,276.468
1780747842.294,69.846,430839,430911,2,338.652
1780747842.350,69.903,430839,430911,2,229.311
1780747842.405,69.957,430839,430911,2,256.944
1780747842.465,70.018,430839,430911,2,264.528
1780747842.518,70.070,430839,430911,2,247.784
1780747842.572,70.125,430839,430911,2,164.768
1780747842.626,70.178,430839,430911,2,187.796
1780747842.679,70.232,430839,430911,2,242.099
1780747842.734,70.286,430839,430911,2,200.576
1780747842.788,70.340,430839,430911,2,186.165
1780747842.843,70.396,430839,430911,2,215.765
1780747842.897,70.450,430839,430911,2,148.722
1780747842.949,70.502,430839,430911,2,248.979
1780747843.002,70.554,430839,430911,2,228.674
1780747843.055,70.607,430839,430911,2,189.758
1780747843.108,70.660,430839,430911,2,206.941
1780747843.161,70.714,430839,430911,2,261.374
1780747843.216,70.768,430839,430911,2,219.788
1780747843.269,70.821,430839,430911,2,131.792
1780747843.321,70.874,430839,430911,2,228.927
1780747843.374,70.926,430839,430911,2,209.665
1780747843.429,70.982,430839,430911,2,198.851
1780747843.482,71.035,430839,430911,2,188.995
1780747843.535,71.087,430839,430911,2,227.313
1780747843.591,71.144,430839,430911,2,302.127
1780747843.648,71.200,430839,430911,2,281.769
1780747843.706,71.258,430839,430911,2,311.223
1780747843.760,71.313,430839,430911,2,294.232
1780747843.816,71.369,430839,430911,2,268.035
1780747843.868,71.421,430839,430911,2,248.360
1780747843.921,71.473,430839,430911,2,268.128
1780747843.977,71.530,430839,430911,2,264.725
1780747844.031,71.584,430839,430911,0,278.321
1780747844.084,71.637,430839,430911,0,225.399
1780747844.137,71.690,430839,430911,0,245.448
1780747844.192,71.744,430839,430911,0,239.509
1780747844.248,71.800,430839,430911,0,53.426
1780747844.301,71.854,430839,430911,0,206.026
1780747844.354,71.906,430839,430911,0,114.302
1780747844.406,71.958,430839,430911,0,114.732
1780747844.458,72.011,430839,430911,0,191.870
1780747844.511,72.063,430839,430911,0,95.193
1780747844.563,72.115,430839,430911,0,115.375
1780747844.615,72.167,430839,430911,0,211.237
1780747844.667,72.220,430839,430911,0,190.627
1780747844.720,72.272,430839,430911,0,191.201
1780747844.772,72.324,430839,430911,0,191.656
1780747844.825,72.377,430839,430911,0,245.293
1780747844.877,72.430,430839,430911,0,152.644
1780747844.930,72.483,430839,430911,0,281.438
1780747844.988,72.540,430839,430911,0,260.536
1780747845.042,72.594,430839,430911,0,333.741
1780747845.102,72.655,430839,430911,0,298.194
1780747845.159,72.712,430839,430911,0,315.944
1780747845.218,72.770,430839,430911,0,306.356
1780747845.280,72.833,430839,430911,0,289.472
1780747845.333,72.886,430839,430911,0,301.146
1780747845.387,72.939,430839,430911,3,318.712
1780747845.445,72.997,430839,430911,3,259.413
1780747845.498,73.051,430839,430911,3,260.923
1780747845.551,73.103,430839,430911,3,246.142
1780747845.606,73.159,430839,430911,3,235.796
1780747845.665,73.217,430839,430911,3,239.594
1780747845.717,73.270,430839,430911,3,189.133
1780747845.772,73.324,430839,430911,3,166.398
1780747845.825,73.378,430839,430911,3,240.884
1780747845.878,73.431,430839,430911,1,226.702
1780747845.933,73.486,430839,430911,1,200.265
1780747845.988,73.541,430839,430911,1,308.481
1780747846.043,73.595,430839,430911,1,257.308
1780747846.104,73.656,430839,430911,1,246.722
1780747846.166,73.718,430839,430911,1,224.384
1780747846.219,73.771,430839,430911,1,227.237
1780747846.273,73.825,430839,430911,1,260.542
1780747846.326,73.878,430839,430911,1,226.421
1780747846.378,73.931,430839,430911,1,209.374
1780747846.433,73.986,430839,430911,1,217.005
1780747846.487,74.039,430839,430911,1,149.370
1780747846.540,74.092,430839,430911,1,226.877
1780747846.596,74.149,430839,430911,1,230.980
1780747846.649,74.201,430839,430911,1,170.047
1780747846.702,74.254,430839,430911,1,267.039
1780747846.757,74.310,430839,430911,1,233.398
1780747846.815,74.367,430839,430911,1,173.558
1780747846.867,74.420,430839,430911,1,229.094
1780747846.921,74.474,430839,430911,1,203.565
1780747846.975,74.527,430839,430911,1,242.228
1780747847.030,74.582,430839,430911,1,310.860
1780747847.090,74.643,430839,430911,1,313.476
1780747847.149,74.701,430839,430911,1,256.363
1780747847.202,74.754,430839,430911,0,319.013
1780747847.259,74.811,430839,430911,0,264.264
1780747847.311,74.864,430839,430911,0,247.617
1780747847.365,74.917,430839,430911,0,279.242
1780747847.420,74.973,430839,430911,0,253.582
1780747847.473,75.025,430839,430911,0,246.262
1780747847.527,75.079,430839,430911,0,316.644
1780747847.582,75.135,430839,430911,0,251.652
1780747847.637,75.189,430839,430911,0,275.474
1780747847.691,75.243,430839,430911,0,332.624
1780747847.763,75.316,430839,430911,0,221.159
1780747847.818,75.370,430839,430911,0,275.068
1780747847.876,75.429,430839,430911,0,307.962
1780747847.934,75.486,430839,430911,0,243.922
1780747847.987,75.540,430839,430911,0,223.950
1780747848.042,75.595,430839,430911,2,254.236
1780747848.098,75.651,430839,430911,3,231.437
1780747848.152,75.704,430839,430911,3,168.327
1780747848.206,75.759,430839,430911,1,221.243
1780747848.258,75.811,430839,430911,1,134.022
1780747848.311,75.863,430839,430911,1,95.862
1780747848.363,75.915,430839,430911,1,210.252
1780747848.415,75.968,430839,430911,1,228.322
1780747848.469,76.021,430839,430911,2,244.458
1780747848.523,76.076,430839,430911,2,218.870
1780747848.577,76.129,430839,430911,2,223.969
1780747848.632,76.185,430839,430911,2,271.737
1780747848.685,76.237,430839,430911,2,248.299
1780747848.738,76.291,430839,430911,2,240.849
1780747848.793,76.346,430839,430911,2,237.098
1780747848.851,76.403,430839,430911,2,191.883
1780747848.906,76.459,430839,430911,2,179.145
1780747848.961,76.513,430839,430911,3,184.787
1780747849.021,76.573,430839,430911,3,300.097
1780747849.079,76.632,430839,430911,2,203.702
1780747849.133,76.685,430839,430911,2,300.277
1780747849.186,76.738,430839,430911,2,226.133
1780747849.249,76.801,430839,430911,2,270.960
1780747849.303,76.855,430839,430911,2,220.263
1780747849.360,76.913,430839,430911,2,262.041
1780747849.413,76.966,430839,430911,0,244.661
1780747849.466,77.019,430839,430911,0,208.596
1780747849.519,77.071,430839,430911,0,152.591
1780747849.571,77.124,430839,430911,0,189.395
1780747849.624,77.176,430839,430911,0,153.187
1780747849.676,77.229,430839,430911,0,228.543
1780747849.730,77.283,430839,430911,0,148.086
1780747849.783,77.336,430839,430911,0,263.248
1780747849.838,77.390,430839,430911,0,183.988
1780747849.892,77.445,430839,430911,0,165.274
1780747849.946,77.499,430839,430911,0,277.430
1780747850.000,77.553,430839,430911,1,129.307
1780747850.054,77.606,430839,430911,1,187.376
1780747850.112,77.665,430839,430911,1,188.220
1780747850.165,77.717,430839,430911,1,245.960
1780747850.219,77.771,430839,430911,1,223.560
1780747850.271,77.824,430839,430911,1,246.628
1780747850.324,77.876,430839,430911,1,171.845
1780747850.376,77.929,430839,430911,1,284.543
1780747850.429,77.981,430839,430911,1,209.648
1780747850.483,78.036,430839,430911,1,275.186
1780747850.537,78.089,430839,430911,1,224.550
1780747850.591,78.144,430839,430911,1,276.502
1780747850.650,78.203,430839,430911,1,253.046
1780747850.704,78.256,430839,430911,1,206.545
1780747850.764,78.316,430839,430911,1,231.781
1780747850.820,78.372,430839,430911,1,161.237
1780747850.873,78.425,430839,430911,1,170.893
1780747850.927,78.479,430839,430911,1,203.491
1780747850.980,78.533,430839,430911,1,167.749
1780747851.034,78.587,430839,430911,1,222.123
1780747851.088,78.640,430839,430911,1,244.180
1780747851.140,78.692,430839,430911,1,285.661
1780747851.193,78.745,430839,430911,1,208.834
1780747851.246,78.799,430839,430911,1,242.016
1780747851.300,78.852,430839,430911,1,243.833
1780747851.352,78.904,430839,430911,1,211.014
1780747851.405,78.957,430839,430911,1,132.906
1780747851.460,79.013,430839,430911,1,233.874
1780747851.515,79.068,430839,430911,1,217.882
1780747851.568,79.121,430839,430911,1,132.197
1780747851.622,79.174,430839,430911,1,186.761
1780747851.674,79.226,430839,430911,1,57.554
1780747851.726,79.278,430839,430911,1,153.843
1780747851.780,79.332,430839,430911,1,221.502
1780747851.833,79.385,430839,430911,1,38.019
1780747851.887,79.439,430839,430911,1,184.540
1780747851.943,79.496,430839,430911,1,159.147
1780747851.995,79.548,430839,430911,1,76.727
1780747852.054,79.606,430839,430911,1,172.354
1780747852.106,79.658,430839,430911,3,152.637
1780747852.158,79.711,430839,430911,3,152.347
1780747852.211,79.763,430839,430911,3,172.374
1780747852.263,79.815,430839,430911,3,133.973
1780747852.315,79.868,430839,430911,3,172.317
1780747852.367,79.920,430839,430911,3,191.634
1780747852.420,79.972,430839,430911,3,171.418
1780747852.473,80.025,430839,430911,3,151.283
1780747852.527,80.079,430839,430911,3,204.191
1780747852.581,80.133,430839,430911,3,184.628
1780747852.633,80.186,430839,430911,1,170.630
1780747852.688,80.241,430839,430911,1,219.367
1780747852.741,80.293,430839,430911,1,284.549
1780747852.795,80.347,430839,430911,1,205.087
1780747852.856,80.408,430839,430911,2,278.628
1780747852.909,80.461,430839,430911,1,263.110
1780747852.967,80.519,430839,430911,2,258.572
1780747853.021,80.574,430839,430911,1,256.279
1780747853.076,80.628,430839,430911,1,238.392
1780747853.130,80.683,430839,430911,0,257.281
1780747853.184,80.736,430839,430911,2,206.537
1780747853.237,80.789,430839,430911,3,207.467
1780747853.293,80.845,430839,430911,3,106.788
1780747853.346,80.898,430839,430911,3,75.378
1780747853.398,80.950,430839,430911,3,191.702
1780747853.452,81.004,430839,430911,3,111.751
1780747853.504,81.056,430839,430911,3,114.822
1780747853.557,81.109,430839,430911,3,208.513
1780747853.609,81.162,430839,430911,3,38.191
1780747853.661,81.214,430839,430911,3,115.110
1780747853.713,81.266,430839,430911,3,191.969
1780747853.765,81.318,430839,430911,3,19.197
1780747853.817,81.370,430839,430911,3,134.431
1780747853.871,81.423,430839,430911,0,150.826
1780747853.923,81.475,430839,430911,0,76.503
1780747853.975,81.527,430839,430911,2,172.430
1780747854.029,81.581,430839,430911,2,167.986
1780747854.081,81.633,430839,430911,2,57.414
1780747854.134,81.686,430839,430911,0,169.773
1780747854.188,81.740,430839,430911,0,202.875
1780747854.243,81.795,430839,430911,0,164.792
1780747854.298,81.850,430839,430911,0,271.014
1780747854.353,81.905,430839,430911,0,200.077
1780747854.406,81.958,430839,430911,0,169.558
1780747854.460,82.012,430839,430911,0,278.355
1780747854.513,82.065,430839,430911,0,247.419
1780747854.566,82.118,430839,430911,0,281.594
1780747854.619,82.171,430839,430911,0,264.093
1780747854.672,82.224,430839,430911,0,245.350
1780747854.725,82.277,430839,430911,0,263.681
1780747854.778,82.330,430839,430911,0,169.956
1780747854.830,82.383,430839,430911,2,210.273
1780747854.886,82.438,430839,430911,2,197.885
1780747854.944,82.497,430839,430911,0,222.469
1780747854.997,82.549,430839,430911,0,75.966
1780747855.049,82.602,430839,430911,3,76.469
1780747855.102,82.654,430839,430911,3,151.681
1780747855.154,82.706,430839,430911,3,76.730
1780747855.206,82.758,430839,430911,3,115.347
1780747855.259,82.812,430839,430911,2,131.285
1780747855.312,82.864,430839,430911,2,38.072
1780747855.364,82.917,430839,430911,2,133.185
1780747855.417,82.969,430839,430911,2,133.753
1780747855.469,83.022,430839,430911,2,57.083
1780747855.522,83.074,430839,430911,2,172.424
1780747855.574,83.126,430839,430911,2,133.492
1780747855.627,83.180,430839,430911,2,187.934
1780747855.681,83.233,430839,430911,2,167.424
1780747855.733,83.286,430839,430911,2,248.162
1780747855.789,83.342,430839,430911,2,179.050
1780747855.843,83.396,430839,430911,2,239.230
1780747855.897,83.449,430839,430911,2,149.766
1780747855.954,83.507,430839,430911,2,261.062
1780747856.010,83.562,430839,430911,2,216.508
1780747856.064,83.617,430839,430911,2,219.396
1780747856.117,83.669,430839,430911,2,248.317
1780747856.170,83.723,430839,430911,2,205.113
1780747856.223,83.775,430839,430911,2,153.366
1780747856.275,83.827,430839,430911,2,248.970
1780747856.328,83.880,430839,430911,3,226.335
1780747856.380,83.933,430839,430911,3,152.078
1780747856.433,83.985,430839,430911,3,190.416
1780747856.486,84.038,430839,430911,3,188.827
1780747856.539,84.091,430839,430911,3,227.198
1780747856.591,84.144,430839,430911,3,228.392
1780747856.644,84.196,430839,430911,3,265.740
1780747856.697,84.249,430839,430911,3,209.161
1780747856.750,84.302,430839,430911,3,245.586
1780747856.803,84.355,430839,430911,3,188.606
1780747856.855,84.407,430839,430911,3,211.033
1780747856.908,84.461,430839,430911,3,205.662
1780747856.960,84.513,430839,430911,3,192.093
1780747857.012,84.565,430839,430911,3,211.216
1780747857.064,84.617,430839,430911,3,172.581
1780747857.117,84.669,430839,430911,3,133.788
1780747857.169,84.721,430839,430911,3,230.438
1780747857.222,84.774,430839,430911,3,189.623
1780747857.274,84.826,430839,430911,3,115.298
1780747857.326,84.878,430839,430911,3,249.815
1780747857.381,84.934,430839,430911,3,179.199
1780747857.435,84.988,430839,430911,3,92.925
1780747857.488,85.040,430839,430911,3,189.328
1780747857.545,85.097,430839,430911,3,158.361
1780747857.597,85.149,430839,430911,3,76.936
1780747857.651,85.203,430839,430911,3,184.929
1780747857.704,85.257,430839,430911,3,169.055
1780747857.763,85.315,430839,430911,3,222.178
1780747857.815,85.367,430839,430911,3,191.799
1780747857.869,85.421,430839,430911,3,222.856
1780747857.921,85.473,430839,430911,3,210.750
1780747857.973,85.526,430839,430911,3,229.080
1780747858.025,85.578,430839,430911,3,229.897
1780747858.079,85.631,430839,430911,3,205.389
1780747858.131,85.684,430839,430911,3,248.988
1780747858.187,85.739,430839,430911,3,234.652
1780747858.239,85.791,430839,430911,3,153.320
1780747858.291,85.843,430839,430911,3,211.112
1780747858.344,85.896,430839,430911,3,170.376
1780747858.397,85.950,430839,430911,3,168.040
1780747858.451,86.003,430839,430911,3,260.469
1780747858.504,86.056,430839,430911,3,208.484
1780747858.556,86.109,430839,430911,3,191.171
1780747858.608,86.161,430839,430911,3,192.027
1780747858.660,86.213,430839,430911,3,172.309
1780747858.713,86.265,430839,430911,3,115.209
1780747858.765,86.318,430839,430911,3,132.967
1780747858.818,86.371,430839,430911,3,150.446
1780747858.870,86.423,430839,430911,3,38.380
1780747858.924,86.476,430839,430911,3,168.727
1780747858.977,86.529,430839,430911,3,94.758
1780747859.029,86.581,430839,430911,3,76.408
1780747859.081,86.634,430839,430911,3,171.160
1780747859.134,86.686,430839,430911,2,114.139
1780747859.186,86.738,430839,430911,2,57.699
1780747859.238,86.791,430839,430911,0,229.283
1780747859.292,86.845,430839,430911,0,74.050
1780747859.345,86.897,430839,430911,0,95.880
1780747859.397,86.950,430839,430911,3,227.420
1780747859.450,87.002,430839,430911,3,38.229
1780747859.502,87.054,430839,430911,3,95.868
1780747859.555,87.107,430839,430911,3,207.785
1780747859.607,87.159,430839,430911,3,57.458
1780747859.659,87.211,430839,430911,3,134.405
1780747859.712,87.264,430839,430911,3,188.972
1780747859.764,87.317,430839,430911,3,57.274
1780747859.816,87.369,430839,430911,3,153.952
1780747859.871,87.423,430839,430911,3,220.243
1780747859.923,87.475,430839,430911,3,191.541
1780747859.977,87.530,430839,430911,3,239.823
1780747860.030,87.582,430839,430911,3,247.602
1780747860.083,87.636,430839,430911,3,242.832
1780747860.138,87.691,430839,430911,3,163.081
1780747860.191,87.744,430839,430911,3,264.054
1780747860.248,87.801,430839,430911,3,176.391
1780747860.301,87.853,430839,430911,3,188.982
1780747860.355,87.907,430839,430911,3,205.538
1780747860.407,87.960,430839,430911,3,169.973
1780747860.462,88.014,430839,430911,3,295.492
1780747860.515,88.067,430839,430911,3,226.528
1780747860.568,88.120,430839,430911,3,244.694
1780747860.623,88.175,430839,430911,3,164.156
1780747860.675,88.227,430839,430911,3,248.450
1780747860.735,88.288,430839,430911,3,165.251
1780747860.789,88.341,430839,430911,3,263.664
1780747860.844,88.396,430839,430911,0,218.183
1780747860.896,88.449,430839,430911,0,208.468
1780747860.954,88.506,430839,430911,0,243.995
1780747861.011,88.564,430839,430911,0,156.534
1780747861.064,88.616,430839,430911,0,228.827
1780747861.117,88.670,430839,430911,0,222.805
1780747861.171,88.723,430839,430911,0,149.364
1780747861.223,88.776,430839,430911,0,266.780
1780747861.277,88.830,430839,430911,0,185.202
1780747861.330,88.882,430839,430911,0,153.390
1780747861.383,88.936,430839,430911,0,242.790
1780747861.438,88.991,430839,430911,0,235.136
1780747861.501,89.054,430839,430911,0,174.982
1780747861.571,89.123,430839,430911,0,229.821
1780747861.625,89.177,430839,430911,0,148.293
1780747861.679,89.231,430839,430911,0,241.484
1780747861.740,89.292,430839,430911,0,229.869
1780747861.800,89.353,430839,430911,0,181.580
1780747861.860,89.412,430839,430911,0,235.750
1780747861.917,89.469,430839,430911,0,262.720
1780747861.971,89.524,430839,430911,0,220.349
1780747862.024,89.576,430839,430911,0,247.580
1780747862.078,89.630,430839,430911,0,222.090
1780747862.132,89.684,430839,430911,0,166.797
1780747862.188,89.740,430839,430911,0,250.352
1780747862.242,89.794,430839,430911,0,221.424
1780747862.298,89.851,430839,430911,0,176.746
1780747862.353,89.905,430839,430911,0,275.441
1780747862.414,89.966,430839,430911,0,180.462
1780747862.467,90.019,430839,430911,0,227.032
1780747862.523,90.076,430839,430911,0,247.521
1780747862.580,90.132,430839,430911,0,159.774
1780747862.633,90.185,430839,430911,0,224.497
1780747862.692,90.245,430839,430911,0,236.457
1780747862.751,90.303,430839,430911,0,238.428
1780747862.809,90.361,430839,430911,0,189.183
1780747862.863,90.415,430839,430911,0,185.027
1780747862.916,90.469,430839,430911,0,206.586
1780747862.970,90.522,430839,430911,0,149.838
1780747863.024,90.577,430839,430911,0,237.345
1780747863.077,90.630,430839,430911,0,151.738
1780747863.130,90.682,430839,430911,0,170.479
1780747863.184,90.736,430839,430911,0,259.399
1780747863.246,90.798,430839,430911,0,177.670
1780747863.299,90.851,430839,430911,0,188.449
1780747863.360,90.913,430839,430911,0,228.494
1780747863.416,90.968,430839,430911,0,179.916
1780747863.472,91.024,430839,430911,0,233.349
1780747863.530,91.082,430839,430911,0,222.294
1780747863.591,91.143,430839,430911,0,213.903
1780747863.646,91.199,430839,430911,0,289.036
1780747863.726,91.278,430839,430911,0,163.029
1780747863.778,91.331,430839,430911,0,247.182
1780747863.835,91.387,430839,430911,0,247.938
1780747863.888,91.440,430839,430911,0,151.835
1780747863.946,91.498,430839,430911,0,293.128
1780747864.000,91.553,430839,430911,0,274.909
1780747864.056,91.609,430839,430911,0,267.147
1780747864.109,91.661,430839,430911,0,246.623
1780747864.162,91.714,430839,430911,0,246.147
1780747864.215,91.768,430839,430911,0,243.412
1780747864.274,91.827,430839,430911,0,203.774
1780747864.338,91.890,430839,430911,0,281.830
1780747864.403,91.956,430839,430911,0,275.995
1780747864.459,92.011,430839,430911,0,270.988
1780747864.530,92.082,430839,430911,0,225.029
1780747864.587,92.139,430839,430911,1,279.804
1780747864.642,92.195,430839,430911,1,233.755
1780747864.711,92.264,430839,430911,1,203.484
1780747864.781,92.334,430839,430911,3,229.202
1780747864.837,92.389,430839,430911,3,179.238
1780747864.891,92.443,430839,430911,3,259.508
1780747864.970,92.522,430839,430911,3,164.601
1780747865.022,92.574,430839,430911,3,229.904
1780747865.078,92.631,430839,430911,3,195.836
1780747865.132,92.684,430839,430911,3,243.113
1780747865.194,92.747,430839,430911,3,255.215
1780747865.260,92.812,430839,430911,3,199.221
1780747865.333,92.885,430839,430911,3,245.014
1780747865.396,92.949,430839,430911,3,300.467
1780747865.453,93.006,430839,430911,3,244.841
1780747865.512,93.064,430839,430911,3,307.754
1780747865.572,93.125,430839,430911,3,231.341
1780747865.646,93.198,430839,430911,3,299.227
1780747865.712,93.265,430839,430911,3,287.268
1780747865.772,93.325,430839,430911,3,298.640
1780747865.838,93.391,430839,430911,3,303.019
1780747865.892,93.445,430839,430911,3,279.237
1780747865.950,93.503,430839,430911,3,292.102
1780747866.013,93.566,430839,430911,1,285.869
1780747866.068,93.620,430839,430911,1,257.785
1780747866.121,93.674,430839,430911,1,149.291
1780747866.187,93.740,430839,430911,0,256.471
1780747866.242,93.795,430839,430911,0,310.280
1780747866.303,93.855,430839,430911,0,281.778
1780747866.365,93.917,430839,430911,0,257.169
1780747866.420,93.972,430839,430911,0,273.029
1780747866.474,94.026,430839,430911,0,203.040
1780747866.528,94.080,430839,430911,0,184.746
1780747866.583,94.135,430839,430911,0,218.370
1780747866.639,94.191,430839,430911,0,269.738
1780747866.693,94.246,430839,430911,0,109.792
1780747866.746,94.299,430839,430911,0,187.964
1780747866.802,94.354,430839,430911,0,217.934
1780747866.855,94.407,430839,430911,0,112.818
1780747866.912,94.464,430839,430911,0,210.191
1780747866.965,94.517,430839,430911,0,225.942
1780747867.017,94.570,430839,430911,0,153.266
1780747867.069,94.622,430839,430911,0,229.447
1780747867.123,94.675,430839,430911,0,187.061
1780747867.175,94.728,430839,430911,0,57.359
1780747867.228,94.780,430839,430911,0,170.122
1780747867.281,94.834,430839,430911,0,245.009
1780747867.335,94.887,430839,430911,0,167.878
1780747867.388,94.941,430839,430911,0,187.198
1780747867.443,94.995,430839,430911,1,292.090
1780747867.499,95.052,430839,430911,1,265.575
1780747867.552,95.105,430839,430911,1,245.562
1780747867.606,95.159,430839,430911,1,185.895
1780747867.662,95.214,430839,430911,2,233.549
1780747867.715,95.267,430839,430911,1,226.033
1780747867.771,95.323,430839,430911,0,287.200
1780747867.825,95.377,430839,430911,1,222.133
1780747867.877,95.429,430839,430911,1,248.882
1780747867.930,95.482,430839,430911,1,189.317
1780747867.985,95.537,430839,430911,1,252.812
1780747868.038,95.590,430839,430911,1,226.467
1780747868.095,95.647,430839,430911,1,158.015
1780747868.148,95.700,430839,430911,1,228.475
1780747868.204,95.757,430839,430911,1,176.651
1780747868.259,95.811,430839,430911,1,309.969
1780747868.312,95.865,430839,430911,1,300.053
1780747868.367,95.919,430839,430911,1,292.602
1780747868.425,95.977,430839,430911,2,276.819
1780747868.481,96.033,430839,430911,1,250.590
1780747868.535,96.087,430839,430911,1,239.433
1780747868.604,96.156,430839,430911,0,275.006
1780747868.669,96.221,430839,430911,1,201.628
1780747868.724,96.276,430839,430911,1,254.020
1780747868.779,96.332,430839,430911,1,251.626
1780747868.834,96.386,430839,430911,1,183.032
1780747868.887,96.439,430839,430911,3,263.624
1780747868.943,96.496,430839,430911,3,249.434
1780747868.996,96.548,430839,430911,3,171.517
1780747869.054,96.607,430839,430911,3,238.666
1780747869.108,96.661,430839,430911,3,185.741
1780747869.163,96.716,430839,430911,3,218.286
1780747869.217,96.769,430839,430911,3,243.185
1780747869.274,96.827,430839,430911,3,259.648
1780747869.332,96.885,430839,430911,3,258.669
1780747869.388,96.940,430839,430911,3,234.592
1780747869.440,96.993,430839,430911,3,190.432
1780747869.496,97.048,430839,430911,3,251.722
1780747869.561,97.113,430839,430911,3,245.352
1780747869.616,97.169,430839,430911,3,253.265
1780747869.676,97.228,430839,430911,3,234.638
1780747869.755,97.307,430839,430911,3,266.779
1780747869.818,97.370,430839,430911,3,222.146
1780747869.877,97.429,430839,430911,3,254.816
1780747869.934,97.486,430839,430911,3,228.268
1780747869.991,97.543,430839,430911,3,192.170
1780747870.059,97.611,430839,430911,3,279.406
1780747870.123,97.676,430839,430911,3,201.461
1780747870.176,97.728,430839,430911,3,248.180
1780747870.229,97.781,430839,430911,3,208.155
1780747870.284,97.837,430839,430911,3,161.952
1780747870.336,97.889,430839,430911,0,249.282
1780747870.389,97.941,430839,430911,0,209.969
1780747870.450,98.002,430839,430911,0,163.661
1780747870.506,98.058,430839,430911,1,267.076
1780747870.559,98.111,430839,430911,1,133.178
1780747870.614,98.166,430839,430911,1,235.117
1780747870.669,98.221,430839,430911,1,253.815
1780747870.727,98.279,430839,430911,1,207.639
1780747870.781,98.333,430839,430911,1,241.512
1780747870.838,98.391,430839,430911,1,242.221
1780747870.896,98.449,430839,430911,0,259.636
1780747870.957,98.509,430839,430911,0,262.938
1780747871.020,98.573,430839,430911,2,237.437
1780747871.076,98.629,430839,430911,2,267.914
1780747871.142,98.694,430839,430911,2,259.537
1780747871.200,98.752,430839,430911,0,241.540
1780747871.255,98.807,430839,430911,1,254.069
1780747871.310,98.862,430839,430911,1,255.492
1780747871.364,98.916,430839,430911,1,222.054
1780747871.418,98.970,430839,430911,1,240.712
1780747871.472,99.025,430839,430911,1,274.854
1780747871.526,99.078,430839,430911,0,262.324
1780747871.585,99.138,430839,430911,0,250.650
1780747871.640,99.192,430839,430911,0,311.493
1780747871.694,99.246,430839,430911,0,222.202
1780747871.758,99.310,430839,430911,0,296.707
1780747871.821,99.374,430839,430911,2,189.270
1780747871.878,99.430,430839,430911,3,334.888
1780747871.942,99.494,430839,430911,3,219.673
1780747872.009,99.562,430839,430911,3,324.926
1780747872.088,99.641,430839,430911,1,253.596
1780747872.147,99.699,430839,430911,1,307.154
1780747872.211,99.764,430839,430911,1,248.446
1780747872.283,99.835,430839,430911,1,252.971
1780747872.345,99.898,430839,430911,1,271.103
1780747872.400,99.953,430839,430911,1,272.326
1780747872.460,100.012,430839,430911,1,318.373
1780747872.521,100.074,430839,430911,1,294.581
1780747872.576,100.129,430839,430911,1,236.202
1780747872.632,100.185,430839,430911,2,303.700
1780747872.693,100.245,430839,430911,3,296.987
1780747872.748,100.300,430839,430911,3,326.719
1780747872.813,100.365,430839,430911,3,231.351
1780747872.867,100.420,430839,430911,3,220.175
1780747872.924,100.476,430839,430911,3,194.410
1780747872.976,100.528,430839,430911,3,152.994
1780747873.029,100.581,430839,430911,3,245.418
1780747873.084,100.637,430839,430911,3,253.165
1780747873.146,100.698,430839,430911,3,244.723
1780747873.204,100.756,430839,430911,3,275.677
1780747873.263,100.815,430839,430911,3,219.163
1780747873.318,100.871,430839,430911,3,252.896
1780747873.384,100.936,430839,430911,3,260.450
1780747873.445,100.998,430839,430911,2,291.857
1780747873.507,101.059,430839,430911,2,260.948
1780747873.561,101.113,430839,430911,2,277.108
1780747873.613,101.166,430839,430911,2,247.894
1780747873.666,101.219,430839,430911,2,187.689
1780747873.719,101.271,430839,430911,2,247.793
1780747873.772,101.324,430839,430911,2,266.051
1780747873.824,101.377,430839,430911,2,245.833
1780747873.877,101.429,430839,430911,2,229.256
1780747873.931,101.484,430839,430911,2,256.139
1780747873.987,101.540,430839,430911,2,303.399
1780747874.041,101.593,430839,430911,2,244.824
1780747874.100,101.653,430839,430911,0,301.187
1780747874.163,101.715,430839,430911,0,304.973
1780747874.223,101.775,430839,430911,0,282.327
1780747874.322,101.874,430839,430911,0,272.844
1780747874.399,101.951,430839,430911,0,247.162
1780747874.461,102.014,430839,430911,0,287.915
1780747874.521,102.073,430839,430911,0,217.831
1780747874.581,102.133,430839,430911,0,200.190
1780747874.643,102.195,430839,430911,0,258.859
1780747874.717,102.269,430839,430911,0,202.932
1780747874.772,102.324,430839,430911,0,253.860
1780747874.827,102.380,430839,430911,0,233.714
1780747874.882,102.434,430839,430911,0,165.413
1780747874.936,102.489,430839,430911,0,274.290
1780747874.990,102.542,430839,430911,0,168.388
1780747875.046,102.599,430839,430911,0,266.708
1780747875.110,102.663,430839,430911,0,202.701
1780747875.164,102.716,430839,430911,0,223.002
1780747875.218,102.770,430839,430911,0,204.408
1780747875.273,102.825,430839,430911,0,255.354
1780747875.326,102.879,430839,430911,0,224.057
1780747875.381,102.933,430839,430911,0,219.484
1780747875.434,102.986,430839,430911,0,246.743
1780747875.486,103.039,430839,430911,0,209.063
1780747875.540,103.092,430839,430911,0,241.295
1780747875.593,103.145,430839,430911,0,189.722
1780747875.646,103.198,430839,430911,0,56.729
1780747875.703,103.255,430839,430911,0,52.442
1780747875.755,103.307,430839,430911,0,76.734
1780747875.808,103.360,430839,430911,0,190.358
1780747875.860,103.412,430839,430911,0,247.635
1780747875.913,103.466,430839,430911,0,150.791
1780747875.965,103.518,430839,430911,0,76.438
1780747876.017,103.570,430839,430911,0,38.409
1780747876.070,103.622,430839,430911,0,153.441
1780747876.122,103.674,430839,430911,0,191.332
1780747876.175,103.727,430839,430911,0,226.347
1780747876.232,103.784,430839,430911,0,175.012
1780747876.284,103.837,430839,430911,0,152.686
1780747876.337,103.890,430839,430911,0,246.925
1780747876.390,103.942,430839,430911,0,170.017
1780747876.443,103.995,430839,430911,3,151.392
1780747876.495,104.048,430839,430911,3,95.678
1780747876.548,104.101,430839,430911,3,169.786
1780747876.601,104.153,430839,430911,1,227.688
1780747876.653,104.206,430839,430911,1,247.862
1780747876.711,104.263,430839,430911,1,156.997
1780747876.763,104.315,430839,430911,1,133.748
1780747876.816,104.369,430839,430911,1,131.485
1780747876.873,104.425,430839,430911,1,195.099
1780747876.925,104.477,430839,430911,1,249.114
1780747876.978,104.530,430839,430911,1,151.421
1780747877.032,104.584,430839,430911,1,185.360
1780747877.087,104.639,430839,430911,1,181.610
1780747877.140,104.693,430839,430911,1,224.058
1780747877.195,104.748,430839,430911,1,234.940
1780747877.252,104.805,430839,430911,1,176.521
1780747877.311,104.863,430839,430911,1,136.588
1780747877.363,104.915,430839,430911,3,172.494
1780747877.418,104.970,430839,430911,3,181.576
1780747877.471,105.024,430839,430911,3,263.464
1780747877.525,105.077,430839,430911,2,259.826
1780747877.578,105.130,430839,430911,2,264.731
1780747877.640,105.193,430839,430911,2,288.900
1780747877.695,105.248,430839,430911,2,308.023
1780747877.750,105.303,430839,430911,2,273.497
1780747877.806,105.358,430839,430911,2,252.636
1780747877.858,105.411,430839,430911,2,265.932
1780747877.911,105.463,430839,430911,2,247.401
1780747877.970,105.522,430839,430911,2,170.134
1780747878.022,105.575,430839,430911,2,227.737
1780747878.079,105.632,430839,430911,2,193.601
1780747878.134,105.686,430839,430911,2,293.257
1780747878.204,105.756,430839,430911,2,285.303
1780747878.259,105.812,430839,430911,2,251.920
1780747878.312,105.864,430839,430911,2,247.528
1780747878.366,105.918,430839,430911,2,279.050
1780747878.419,105.972,430839,430911,2,261.157
1780747878.473,106.025,430839,430911,2,242.542
1780747878.526,106.078,430839,430911,2,264.974
1780747878.580,106.132,430839,430911,2,239.013
1780747878.634,106.186,430839,430911,2,277.919
1780747878.697,106.249,430839,430911,2,286.460
1780747878.763,106.315,430839,430911,2,287.006
1780747878.816,106.368,430839,430911,2,227.770
1780747878.908,106.461,430839,430911,0,238.056
1780747878.962,106.514,430839,430911,0,223.902
1780747879.025,106.577,430839,430911,2,222.996
1780747879.079,106.631,430839,430911,2,258.533
1780747879.137,106.690,430839,430911,2,290.709
1780747879.196,106.748,430839,430911,2,273.938
1780747879.251,106.803,430839,430911,2,288.890
1780747879.307,106.859,430839,430911,2,285.518
1780747879.369,106.921,430839,430911,2,259.532
1780747879.424,106.976,430839,430911,0,236.053
1780747879.476,107.029,430839,430911,0,247.249
1780747879.546,107.098,430839,430911,0,274.307
1780747879.599,107.151,430839,430911,1,281.190
1780747879.653,107.206,430839,430911,1,276.134
1780747879.715,107.267,430839,430911,1,276.708
1780747879.771,107.324,430839,430911,1,229.462
1780747879.825,107.377,430839,430911,1,260.964
1780747879.884,107.437,430839,430911,1,287.180
1780747879.943,107.495,430839,430911,1,238.838
1780747879.996,107.549,430839,430911,1,280.403
1780747880.063,107.616,430839,430911,1,238.426
1780747880.154,107.706,430839,430911,1,309.064
1780747880.249,107.801,430839,430911,1,274.848
1780747880.322,107.874,430839,430911,0,312.996
1780747880.402,107.955,430839,430911,0,310.768
1780747880.483,108.035,430839,430911,1,285.662
1780747880.546,108.099,430839,430911,1,269.465
1780747880.602,108.154,430839,430911,1,303.702
1780747880.674,108.226,430839,430911,1,236.784
1780747880.736,108.288,430839,430911,1,290.776
1780747880.809,108.361,430839,430911,1,302.356
1780747880.893,108.445,430839,430911,1,309.151
1780747880.959,108.511,430839,430911,1,316.061
1780747881.034,108.587,430839,430911,1,292.861
1780747881.100,108.653,430839,430911,1,302.276
1780747881.167,108.719,430839,430911,1,315.615
1780747881.232,108.785,430839,430911,1,337.185
1780747881.293,108.845,430839,430911,1,296.432
1780747881.371,108.923,430839,430911,1,294.425
1780747881.436,108.989,430839,430911,1,245.430
1780747881.497,109.050,430839,430911,1,294.071
1780747881.559,109.112,430839,430911,1,209.476
1780747881.615,109.167,430839,430911,1,216.665
1780747881.672,109.225,430839,430911,1,226.340
1780747881.725,109.277,430839,430911,1,151.675
1780747881.784,109.336,430839,430911,1,271.138
1780747881.846,109.398,430839,430911,1,243.858
1780747881.901,109.454,430839,430911,1,268.201
1780747881.964,109.517,430839,430911,1,271.123
1780747882.030,109.583,430839,430911,1,211.073
1780747882.084,109.636,430839,430911,1,262.492
1780747882.137,109.690,430839,430911,1,224.448
1780747882.193,109.745,430839,430911,1,307.063
1780747882.260,109.813,430839,430911,1,222.173
1780747882.330,109.883,430839,430911,1,227.554
1780747882.384,109.936,430839,430911,1,261.275
1780747882.440,109.993,430839,430911,1,178.313
1780747882.493,110.045,430839,430911,1,265.302
1780747882.549,110.101,430839,430911,1,179.660
1780747882.601,110.154,430839,430911,1,246.976
1780747882.654,110.206,430839,430911,1,210.224
1780747882.707,110.259,430839,430911,1,225.365
1780747882.762,110.314,430839,430911,1,236.613
1780747882.817,110.370,430839,430911,1,215.881
1780747882.872,110.424,430839,430911,1,256.334
1780747882.928,110.480,430839,430911,1,285.589
1780747882.990,110.542,430839,430911,1,243.666
1780747883.048,110.600,430839,430911,1,308.128
1780747883.112,110.665,430839,430911,2,280.387
1780747883.169,110.722,430839,430911,2,296.859
1780747883.238,110.790,430839,430911,2,278.970
1780747883.300,110.853,430839,430911,2,303.341
1780747883.375,110.927,430839,430911,2,267.095
1780747883.432,110.984,430839,430911,2,263.997
1780747883.508,111.060,430839,430911,2,289.007
1780747883.567,111.120,430839,430911,2,286.109
1780747883.645,111.197,430839,430911,1,283.685
1780747883.737,111.290,430839,430911,2,281.549
1780747883.792,111.344,430839,430911,2,292.317
1780747883.852,111.404,430839,430911,2,234.219
1780747883.908,111.460,430839,430911,1,267.789
1780747883.970,111.523,430839,430911,3,255.465
1780747884.035,111.588,430839,430911,3,247.333
1780747884.100,111.653,430839,430911,3,307.522
1780747884.164,111.716,430839,430911,3,236.237
1780747884.225,111.778,430839,430911,2,258.869
1780747884.280,111.833,430839,430911,2,219.114
1780747884.333,111.886,430839,430911,2,263.132
1780747884.388,111.940,430839,430911,2,256.836
1780747884.449,112.002,430839,430911,2,179.411
1780747884.503,112.056,430839,430911,2,259.517
1780747884.577,112.130,430839,430911,2,215.902
1780747884.634,112.187,430839,430911,2,228.912
1780747884.688,112.240,430839,430911,2,279.818
1780747884.745,112.297,430839,430911,2,245.399
1780747884.803,112.356,430839,430911,2,290.728
1780747884.858,112.411,430839,430911,2,254.228
1780747884.913,112.466,430839,430911,2,255.473
1780747884.966,112.518,430839,430911,2,246.187
1780747885.021,112.574,430839,430911,2,271.049
1780747885.092,112.645,430839,430911,1,253.652
1780747885.151,112.704,430839,430911,1,270.612
1780747885.220,112.772,430839,430911,1,320.746
1780747885.292,112.845,430839,430911,1,276.496
1780747885.363,112.915,430839,430911,1,325.915
1780747885.430,112.982,430839,430911,2,299.748
1780747885.500,113.052,430839,430911,2,314.041
1780747885.574,113.127,430839,430911,2,307.320
1780747885.640,113.192,430839,430911,1,307.241
1780747885.710,113.263,430839,430911,1,311.763
1780747885.783,113.335,430839,430911,1,274.488
1780747885.845,113.398,430839,430911,1,303.903
1780747885.910,113.462,430839,430911,1,311.903
1780747885.967,113.519,430839,430911,1,313.451
1780747886.022,113.574,430839,430911,1,272.890
1780747886.079,113.631,430839,430911,1,246.397
1780747886.140,113.692,430839,430911,1,311.167
1780747886.201,113.753,430839,430911,1,294.295
1780747886.264,113.817,430839,430911,3,284.925
1780747886.335,113.888,430839,430911,3,310.380
1780747886.391,113.943,430839,430911,3,306.555
1780747886.449,114.002,430839,430911,3,290.257
1780747886.510,114.062,430839,430911,3,264.931
1780747886.565,114.118,430839,430911,3,251.504
1780747886.625,114.177,430839,430911,3,218.671
1780747886.679,114.232,430839,430911,1,145.844
1780747886.733,114.286,430839,430911,1,240.963
1780747886.794,114.346,430839,430911,1,132.156
1780747886.847,114.400,430839,430911,1,187.698
1780747886.901,114.454,430839,430911,1,241.038
1780747886.956,114.508,430839,430911,1,164.085
1780747887.009,114.561,430839,430911,1,209.431
1780747887.061,114.614,430839,430911,1,208.381
1780747887.114,114.666,430839,430911,1,133.021
1780747887.168,114.720,430839,430911,1,224.055
1780747887.223,114.776,430839,430911,1,268.445
1780747887.278,114.830,430839,430911,1,257.676
1780747887.333,114.885,430839,430911,1,217.661
1780747887.392,114.945,430839,430911,1,285.918
1780747887.457,115.009,430839,430911,1,216.512
1780747887.520,115.073,430839,430911,1,251.970
1780747887.578,115.131,430839,430911,1,208.283
1780747887.633,115.185,430839,430911,2,273.886
1780747887.688,115.240,430839,430911,2,181.669
1780747887.761,115.313,430839,430911,2,192.288
1780747887.840,115.393,430839,430911,2,276.926
1780747887.903,115.455,430839,430911,1,270.318
1780747887.972,115.524,430839,430911,1,277.066
1780747888.031,115.583,430839,430911,1,237.329
1780747888.086,115.638,430839,430911,1,271.231
1780747888.142,115.694,430839,430911,1,268.824
1780747888.198,115.751,430839,430911,1,247.453
1780747888.258,115.811,430839,430911,1,284.050
1780747888.321,115.873,430839,430911,1,254.705
1780747888.384,115.937,430839,430911,1,284.908
1780747888.439,115.992,430839,430911,1,253.414
1780747888.505,116.057,430839,430911,1,275.481
1780747888.559,116.112,430839,430911,1,275.486
1780747888.621,116.174,430839,430911,1,241.575
1780747888.685,116.237,430839,430911,1,315.313
1780747888.750,116.302,430839,430911,1,229.928
1780747888.814,116.366,430839,430911,1,298.779
1780747888.881,116.433,430839,430911,0,281.560
1780747888.939,116.491,430839,430911,0,277.053
1780747888.996,116.549,430839,430911,0,278.431
1780747889.059,116.612,430839,430911,0,317.089
1780747889.142,116.694,430839,430911,0,265.848
1780747889.196,116.748,430839,430911,0,205.400
1780747889.253,116.806,430839,430911,0,294.744
1780747889.311,116.863,430839,430911,0,225.544
1780747889.364,116.917,430839,430911,0,187.713
1780747889.417,116.969,430839,430911,0,151.511
1780747889.471,117.024,430839,430911,0,221.599
1780747889.524,117.076,430839,430911,0,170.410
1780747889.582,117.134,430839,430911,0,258.525
1780747889.651,117.203,430839,430911,0,261.511
1780747889.723,117.276,430839,430911,0,303.013
1780747889.786,117.338,430839,430911,2,257.243
1780747889.849,117.401,430839,430911,2,253.096
1780747889.902,117.454,430839,430911,0,284.514
1780747889.956,117.508,430839,430911,2,238.664
1780747890.009,117.561,430839,430911,2,247.329
1780747890.066,117.618,430839,430911,2,192.281
1780747890.123,117.675,430839,430911,2,245.382
1780747890.176,117.729,430839,430911,2,243.212
1780747890.230,117.782,430839,430911,2,130.401
1780747890.284,117.836,430839,430911,2,241.291
1780747890.340,117.893,430839,430911,2,194.412
1780747890.396,117.948,430839,430911,2,216.371
1780747890.451,118.003,430839,430911,2,182.848
1780747890.504,118.056,430839,430911,2,243.224
1780747890.556,118.109,430839,430911,2,210.923
1780747890.608,118.161,430839,430911,2,134.142
1780747890.661,118.213,430839,430911,2,133.840
1780747890.713,118.265,430839,430911,2,191.254
1780747890.765,118.318,430839,430911,2,191.440
1780747890.819,118.371,430839,430911,2,149.946
1780747890.871,118.424,430839,430911,2,151.786
1780747890.924,118.476,430839,430911,2,170.397
1780747890.977,118.529,430839,430911,3,208.237
1780747891.030,118.582,430839,430911,3,189.349
1780747891.086,118.638,430839,430911,3,160.526
1780747891.139,118.691,430839,430911,3,189.328
1780747891.191,118.744,430839,430911,3,209.134
1780747891.251,118.803,430839,430911,3,150.919
1780747891.304,118.856,430839,430911,3,189.348
1780747891.356,118.909,430839,430911,2,208.248
1780747891.410,118.962,430839,430911,2,149.251
1780747891.463,119.015,430839,430911,2,133.150
1780747891.515,119.068,430839,430911,2,114.198
1780747891.569,119.121,430839,430911,2,185.817
1780747891.622,119.175,430839,430911,2,225.227
1780747891.676,119.228,430839,430911,2,223.996
1780747891.729,119.281,430839,430911,0,207.059
1780747891.782,119.335,430839,430911,0,243.628
1780747891.836,119.388,430839,430911,0,281.173
1780747891.888,119.441,430839,430911,0,247.406
1780747891.948,119.501,430839,430911,0,232.460
1780747892.002,119.554,430839,430911,0,242.591
1780747892.055,119.608,430839,430911,0,225.855
1780747892.108,119.660,430839,430911,0,209.268
1780747892.162,119.714,430839,430911,0,259.719
1780747892.214,119.767,430839,430911,0,132.459
1780747892.267,119.819,430839,430911,0,190.718
1780747892.323,119.875,430839,430911,0,304.297
1780747892.377,119.929,430839,430911,0,297.425
1780747892.432,119.984,430839,430911,0,252.889
1780747892.486,120.038,430839,430911,0,167.007
1780747892.539,120.092,430839,430911,0,224.307
1780747892.595,120.148,430839,430911,0,250.572
1780747892.654,120.206,430839,430911,0,274.057
1780747892.707,120.260,430839,430911,0,298.843
1780747892.763,120.315,430839,430911,0,232.722
1780747892.816,120.369,430839,430911,0,300.763
1780747892.879,120.432,430839,430911,0,284.998
1780747892.933,120.486,430839,430911,0,314.180
1780747892.991,120.544,430839,430911,0,242.637
1780747893.048,120.601,430839,430911,0,332.855
1780747893.120,120.673,430839,430911,0,290.666
1780747893.187,120.740,430839,430911,0,299.923
1780747893.251,120.804,430839,430911,0,326.447
1780747893.313,120.865,430839,430911,0,293.973
1780747893.368,120.920,430839,430911,0,271.335
1780747893.425,120.977,430839,430911,0,265.423
1780747893.486,121.039,430839,430911,0,306.600
1780747893.545,121.097,430839,430911,0,344.512
1780747893.612,121.164,430839,430911,0,282.636
1780747893.666,121.219,430839,430911,0,257.251
1780747893.721,121.274,430839,430911,0,235.104
1780747893.778,121.330,430839,430911,0,213.935
1780747893.833,121.386,430839,430911,2,252.033
1780747893.886,121.438,430839,430911,2,227.666
1780747893.952,121.505,430839,430911,2,195.524
1780747894.008,121.561,430839,430911,2,249.469
1780747894.061,121.613,430839,430911,2,190.732
1780747894.113,121.666,430839,430911,2,133.371
1780747894.167,121.720,430839,430911,2,240.157
1780747894.221,121.773,430839,430911,2,187.160
1780747894.273,121.826,430839,430911,2,152.885
1780747894.326,121.878,430839,430911,2,133.721
1780747894.378,121.930,430839,430911,2,153.044
1780747894.431,121.983,430839,430911,2,132.760
1780747894.483,122.035,430839,430911,2,171.952
1780747894.538,122.091,430839,430911,2,199.242
1780747894.606,122.159,430839,430911,2,117.496
1780747894.660,122.212,430839,430911,2,149.527
1780747894.713,122.265,430839,430911,2,151.387
1780747894.766,122.318,430839,430911,2,150.036
1780747894.820,122.372,430839,430911,2,129.626
1780747894.874,122.427,430839,430911,2,164.994
1780747894.931,122.484,430839,430911,2,141.000
1780747894.984,122.537,430839,430911,2,150.656
1780747895.040,122.593,430839,430911,2,178.823
1780747895.100,122.653,430839,430911,2,133.473
1780747895.153,122.706,430839,430911,2,151.041
1780747895.208,122.761,430839,430911,2,234.827
1780747895.272,122.825,430839,430911,2,218.605
1780747895.325,122.878,430839,430911,2,151.241
1780747895.384,122.936,430839,430911,2,136.978
1780747895.440,122.993,430839,430911,2,176.911
1780747895.495,123.047,430839,430911,2,146.175
1780747895.549,123.101,430839,430911,2,129.946
1780747895.602,123.154,430839,430911,2,151.225
1780747895.656,123.209,430839,430911,2,147.068
1780747895.709,123.262,430839,430911,2,151.191
1780747895.763,123.316,430839,430911,2,148.195
1780747895.817,123.370,430839,430911,2,129.628
1780747895.873,123.425,430839,430911,2,144.295
1780747895.927,123.479,430839,430911,2,129.155
1780747895.980,123.533,430839,430911,2,148.848
1780747896.041,123.594,430839,430911,2,180.680
1780747896.103,123.655,430839,430911,2,129.754
1780747896.156,123.708,430839,430911,2,132.431
1780747896.209,123.762,430839,430911,2,149.601
1780747896.264,123.816,430839,430911,2,239.069
1780747896.323,123.875,430839,430911,2,237.128
1780747896.375,123.928,430839,430911,2,133.561
1780747896.428,123.980,430839,430911,2,133.626
1780747896.480,124.033,430839,430911,2,189.907
1780747896.536,124.088,430839,430911,2,161.659
1780747896.594,124.146,430839,430911,2,103.549
1780747896.646,124.199,430839,430911,2,114.137
1780747896.699,124.251,430839,430911,2,95.487
1780747896.751,124.303,430839,430911,2,114.822
1780747896.804,124.356,430839,430911,2,94.353
1780747896.857,124.410,430839,430911,2,113.055
1780747896.921,124.473,430839,430911,2,109.866
1780747896.973,124.526,430839,430911,2,114.354
1780747897.027,124.579,430839,430911,2,93.530
1780747897.079,124.632,430839,430911,2,114.169
1780747897.133,124.685,430839,430911,2,93.043
1780747897.187,124.739,430839,430911,2,111.107
1780747897.241,124.793,430839,430911,2,111.475
1780747897.295,124.848,430839,430911,2,91.671
1780747897.348,124.901,430839,430911,2,113.838
1780747897.402,124.954,430839,430911,2,92.876
1780747897.456,125.008,430839,430911,2,111.544
1780747897.508,125.061,430839,430911,2,94.919
1780747897.561,125.114,430839,430911,2,132.833
1780747897.615,125.167,430839,430911,2,92.801
1780747897.670,125.222,430839,430911,2,91.705
1780747897.724,125.276,430839,430911,2,110.005
1780747897.779,125.332,430839,430911,2,108.931
1780747897.833,125.385,430839,430911,2,112.314
1780747897.887,125.439,430839,430911,2,92.580
1780747897.941,125.493,430839,430911,2,111.051
1780747897.994,125.547,430839,430911,2,111.454
1780747898.049,125.601,430839,430911,2,92.249
1780747898.103,125.655,430839,430911,2,92.128
1780747898.157,125.709,430839,430911,2,130.344
1780747898.211,125.764,430839,430911,2,91.652
1780747898.264,125.817,430839,430911,2,112.857
1780747898.317,125.870,430839,430911,2,112.973
1780747898.371,125.924,430839,430911,2,93.001
1780747898.423,125.976,430839,430911,2,95.829
1780747898.476,126.029,430839,430911,2,132.355
1780747898.529,126.082,430839,430911,2,94.376
1780747898.600,126.152,430839,430911,2,99.145
1780747898.652,126.205,430839,430911,2,114.621
1780747898.706,126.258,430839,430911,2,112.462
1780747898.759,126.311,430839,430911,2,93.780
1780747898.811,126.364,430839,430911,2,114.815
1780747898.864,126.417,430839,430911,2,112.874
1780747898.918,126.470,430839,430911,2,112.636
1780747898.970,126.523,430839,430911,2,94.755
1780747899.026,126.579,430839,430911,2,107.562
1780747899.081,126.634,430839,430911,2,108.420
1780747899.136,126.688,430839,430911,2,110.678
1780747899.188,126.741,430839,430911,2,114.135
1780747899.242,126.794,430839,430911,2,111.510
1780747899.300,126.853,430839,430911,2,102.844
1780747899.366,126.918,430839,430911,2,107.066
1780747899.422,126.974,430839,430911,2,107.544
1780747899.477,127.030,430839,430911,2,90.002
1780747899.530,127.082,430839,430911,2,114.233
1780747899.583,127.136,430839,430911,2,111.757
1780747899.637,127.190,430839,430911,2,110.851
1780747899.693,127.245,430839,430911,2,108.580
1780747899.746,127.298,430839,430911,2,112.400
1780747899.799,127.351,430839,430911,2,94.377
1780747899.864,127.416,430839,430911,2,108.167
1780747899.917,127.469,430839,430911,2,113.623
1780747899.970,127.522,430839,430911,2,112.268
1780747900.028,127.580,430839,430911,2,103.373
1780747900.084,127.636,430839,430911,2,107.731
1780747900.137,127.690,430839,430911,2,111.758
1780747900.192,127.745,430839,430911,2,109.188
1780747900.251,127.804,430839,430911,2,102.112
1780747900.307,127.859,430839,430911,2,107.645
1780747900.362,127.914,430839,430911,2,109.560
1780747900.425,127.977,430839,430911,2,110.635
1780747900.485,128.038,430839,430911,2,115.851
1780747900.538,128.090,430839,430911,2,114.992
1780747900.590,128.143,430839,430911,2,94.650
1780747900.643,128.195,430839,430911,2,113.795
1780747900.696,128.248,430839,430911,2,95.346
1780747900.748,128.300,430839,430911,2,114.346
1780747900.804,128.356,430839,430911,2,108.009
1780747900.857,128.409,430839,430911,2,113.074
1780747900.910,128.463,430839,430911,2,93.385
1780747900.964,128.517,430839,430911,2,110.421
1780747901.019,128.571,430839,430911,2,128.352
1780747901.073,128.626,430839,430911,2,110.708
1780747901.127,128.679,430839,430911,2,74.918
1780747901.179,128.732,430839,430911,2,133.121
1780747901.236,128.789,430839,430911,2,122.421
1780747901.293,128.846,430839,430911,2,105.757
1780747901.347,128.900,430839,430911,2,92.126
1780747901.401,128.954,430839,430911,2,110.955
1780747901.459,129.011,430839,430911,2,105.008
1780747901.515,129.068,430839,430911,2,105.978
1780747901.569,129.121,430839,430911,2,111.653
1780747901.624,129.177,430839,430911,2,126.236
1780747901.684,129.236,430839,430911,2,100.620
1780747901.738,129.290,430839,430911,2,93.030
1780747901.792,129.344,430839,430911,2,111.337
1780747901.846,129.398,430839,430911,2,110.910
1780747901.899,129.451,430839,430911,2,93.826
1780747901.954,129.506,430839,430911,2,109.663
1780747902.008,129.561,430839,430911,2,109.976
1780747902.061,129.614,430839,430911,2,113.031
1780747902.114,129.667,430839,430911,2,94.172
1780747902.168,129.720,430839,430911,2,113.117
1780747902.220,129.772,430839,430911,2,114.222
1780747902.272,129.825,430839,430911,2,95.909
1780747902.324,129.877,430839,430911,2,95.626
1780747902.377,129.929,430839,430911,2,95.925
1780747902.429,129.981,430839,430911,2,115.137
1780747902.481,130.033,430839,430911,2,96.100
1780747902.538,130.091,430839,430911,2,87.120
1780747902.596,130.148,430839,430911,2,104.023
1780747902.649,130.202,430839,430911,2,112.039
1780747902.702,130.254,430839,430911,2,95.864
1780747902.754,130.306,430839,430911,2,96.209
1780747902.805,130.358,430839,430911,2,96.213
1780747902.857,130.410,430839,430911,2,96.210
1780747902.909,130.462,430839,430911,2,115.491
1780747902.962,130.514,430839,430911,2,95.834
1780747903.014,130.566,430839,430911,2,96.002
1780747903.066,130.618,430839,430911,2,95.894
1780747903.118,130.670,430839,430911,2,95.996
1780747903.170,130.722,430839,430911,2,96.251
1780747903.222,130.774,430839,430911,2,115.429
1780747903.274,130.826,430839,430911,2,96.107
1780747903.331,130.883,430839,430911,2,87.874
1780747903.383,130.935,430839,430911,2,115.223
1780747903.435,130.987,430839,430911,2,95.926
1780747903.487,131.040,430839,430911,2,95.836
1780747903.539,131.092,430839,430911,2,95.810
1780747903.591,131.144,430839,430911,2,95.819
1780747903.644,131.196,430839,430911,2,114.643
1780747903.696,131.249,430839,430911,2,95.337
1780747903.749,131.301,430839,430911,2,95.649
1780747903.801,131.353,430839,430911,2,114.752
1780747903.853,131.406,430839,430911,2,95.607
1780747903.905,131.458,430839,430911,2,95.724
1780747903.958,131.510,430839,430911,2,95.270
1780747904.010,131.563,430839,430911,2,95.168
1780747904.063,131.615,430839,430911,2,114.707
1780747904.115,131.667,430839,430911,2,95.411
1780747904.167,131.720,430839,430911,2,95.578
1780747904.220,131.772,430839,430911,2,95.452
1780747904.272,131.825,430839,430911,2,114.537
1780747904.325,131.877,430839,430911,2,95.502
1780747904.377,131.929,430839,430911,2,95.712
1780747904.429,131.981,430839,430911,2,95.800
1780747904.481,132.034,430839,430911,2,114.941
1780747904.534,132.086,430839,430911,2,95.326
1780747904.586,132.138,430839,430911,2,95.618
1780747904.638,132.190,430839,430911,2,96.131
1780747904.690,132.242,430839,430911,2,96.228
1780747904.742,132.294,430839,430911,2,115.288
1780747904.794,132.346,430839,430911,2,96.135
1780747904.846,132.398,430839,430911,2,96.131
1780747904.905,132.458,430839,430911,2,101.077
1780747904.958,132.510,430839,430911,2,95.456
1780747905.011,132.563,430839,430911,2,93.821
1780747905.063,132.616,430839,430911,2,114.579
1780747905.115,132.668,430839,430911,2,95.930
1780747905.168,132.720,430839,430911,2,95.341
1780747905.220,132.772,430839,430911,2,115.043
1780747905.272,132.825,430839,430911,2,95.918
1780747905.324,132.877,430839,430911,2,38.278
1780747905.376,132.929,430839,430911,2,0.000
1780747905.428,132.980,430839,430911,2,0.000
1780747905.479,133.031,430839,430911,2,0.000
1780747905.531,133.083,430839,430911,2,0.000
1780747905.582,133.134,430839,430911,2,0.000
1780747905.633,133.186,430839,430911,2,0.000
1780747905.685,133.237,430839,430911,2,0.000
1780747905.736,133.289,430839,430911,2,0.000
1780747905.788,133.340,430839,430911,2,0.000
1780747905.839,133.391,430839,430911,2,0.000
1780747905.890,133.443,430839,430911,2,0.000
1780747905.942,133.494,430839,430911,2,0.000
1780747905.993,133.546,430839,430911,2,0.000
1780747906.045,133.597,430839,430911,2,0.000
1780747906.096,133.648,430839,430911,2,0.000
1780747906.147,133.700,430839,430911,2,19.469
1780747906.199,133.751,430839,430911,2,96.864
1780747906.251,133.803,430839,430911,2,96.418
1780747906.302,133.855,430839,430911,2,116.250
1780747906.354,133.907,430839,430911,2,77.207
1780747906.406,133.958,430839,430911,2,116.090
1780747906.458,134.010,430839,430911,2,77.538
1780747906.509,134.062,430839,430911,2,96.903
1780747906.561,134.113,430839,430911,2,116.084
1780747906.612,134.165,430839,430911,2,96.897
1780747906.665,134.217,430839,430911,2,95.729
1780747906.717,134.269,430839,430911,2,95.885
1780747906.769,134.321,430839,430911,2,115.591
1780747906.822,134.375,430839,430911,2,74.519
1780747906.875,134.427,430839,430911,2,114.730
1780747906.928,134.480,430839,430911,2,94.295
1780747906.980,134.532,430839,430911,2,95.685
1780747907.032,134.585,430839,430911,2,95.785
1780747907.085,134.637,430839,430911,2,113.488
1780747907.140,134.693,430839,430911,2,126.937
1780747907.199,134.751,430839,430911,2,377.144
1780747907.251,134.804,430839,430911,2,113.373
1780747907.304,134.856,430839,430911,2,95.702
1780747907.356,134.908,430839,430911,2,115.390
1780747907.408,134.960,430839,430911,2,364.686
1780747907.460,135.013,430839,430911,2,248.418
1780747907.512,135.065,430839,430911,2,95.781
1780747907.564,135.117,430839,430911,2,115.548
1780747907.616,135.168,430839,430911,2,96.450
1780747907.668,135.220,430839,430911,2,96.146
1780747907.720,135.272,430839,430911,2,96.214
1780747907.772,135.325,430839,430911,2,95.574
1780747907.824,135.377,430839,430911,2,115.145
1780747907.877,135.429,430839,430911,2,96.002
1780747907.929,135.481,430839,430911,2,95.696
1780747907.981,135.533,430839,430911,2,76.791
1780747908.033,135.585,430839,430911,2,114.994
1780747908.085,135.638,430839,430911,2,96.011
1780747908.137,135.690,430839,430911,2,76.525
1780747908.190,135.742,430839,430911,2,95.675
1780747908.242,135.794,430839,430911,2,114.558
1780747908.294,135.847,430839,430911,2,95.512
1780747908.347,135.899,430839,430911,2,95.461
1780747908.399,135.951,430839,430911,2,95.690
1780747908.451,136.004,430839,430911,2,115.041
1780747908.504,136.056,430839,430911,2,94.922
1780747908.556,136.109,430839,430911,2,95.346
1780747908.609,136.161,430839,430911,2,114.471
1780747908.661,136.213,430839,430911,2,95.789
1780747908.713,136.266,430839,430911,2,95.678
1780747908.765,136.318,430839,430911,2,95.590
1780747908.818,136.370,430839,430911,2,153.247
1780747908.875,136.428,430839,430911,2,278.096
1780747908.932,136.485,430839,430911,2,386.303
1780747908.986,136.538,430839,430911,2,130.411
1780747909.040,136.592,430839,430911,2,333.472
1780747909.094,136.646,430839,430911,2,277.210
1780747909.146,136.699,430839,430911,2,95.654
1780747909.198,136.751,430839,430911,2,96.296
1780747909.250,136.802,430839,430911,2,96.260
1780747909.302,136.854,430839,430911,2,96.169
1780747909.354,136.907,430839,430911,2,96.044
1780747909.408,136.961,430839,430911,2,111.086
1780747909.460,137.013,430839,430911,2,96.036
1780747909.512,137.065,430839,430911,2,95.731
1780747909.565,137.117,430839,430911,2,95.584
1780747909.617,137.169,430839,430911,2,95.820
1780747909.669,137.221,430839,430911,2,114.998
1780747909.721,137.274,430839,430911,2,95.446
1780747909.774,137.326,430839,430911,2,95.825
1780747909.826,137.378,430839,430911,2,95.948
1780747909.878,137.430,430839,430911,2,95.701
1780747909.931,137.483,430839,430911,2,113.827
1780747909.983,137.536,430839,430911,2,95.235
1780747910.036,137.588,430839,430911,2,95.566
1780747910.088,137.640,430839,430911,2,114.400
1780747910.141,137.693,430839,430911,2,95.106
1780747910.193,137.745,430839,430911,2,95.557
1780747910.245,137.797,430839,430911,2,95.791
1780747910.297,137.850,430839,430911,2,95.985
1780747910.350,137.902,430839,430911,2,114.621
1780747910.402,137.955,430839,430911,2,227.524
1780747910.460,138.013,430839,430911,2,292.109
1780747910.518,138.070,430839,430911,2,295.298
1780747910.580,138.132,430839,430911,2,227.023
1780747910.638,138.191,430839,430911,2,393.887
1780747910.691,138.243,430839,430911,2,95.204
1780747910.743,138.295,430839,430911,2,95.890
1780747910.795,138.347,430839,430911,2,96.039
1780747910.850,138.403,430839,430911,2,108.517
1780747910.902,138.455,430839,430911,2,96.110
1780747910.954,138.507,430839,430911,2,95.964
1780747911.007,138.559,430839,430911,2,95.487
1780747911.059,138.611,430839,430911,2,115.113
1780747911.111,138.663,430839,430911,2,95.476
1780747911.163,138.716,430839,430911,2,95.478
1780747911.216,138.769,430839,430911,2,113.921
1780747911.269,138.821,430839,430911,2,95.157
1780747911.321,138.873,430839,430911,2,95.688
1780747911.374,138.926,430839,430911,2,95.025
1780747911.426,138.978,430839,430911,2,95.314
1780747911.479,139.031,430839,430911,2,114.166
1780747911.531,139.083,430839,430911,2,95.461
1780747911.583,139.136,430839,430911,2,95.477
1780747911.636,139.188,430839,430911,2,95.450
1780747911.688,139.241,430839,430911,2,114.382
1780747911.740,139.293,430839,430911,2,95.530
1780747911.793,139.345,430839,430911,2,95.709
1780747911.845,139.397,430839,430911,2,95.630
1780747911.897,139.450,430839,430911,2,114.557
1780747911.950,139.502,430839,430911,2,286.312
1780747912.006,139.558,430839,430911,2,284.635
1780747912.065,139.618,430839,430911,2,236.013
1780747912.127,139.679,430839,430911,2,243.810
1780747912.192,139.744,430839,430911,2,322.119
1780747912.245,139.798,430839,430911,2,94.162
1780747912.297,139.850,430839,430911,2,95.960
1780747912.349,139.902,430839,430911,2,95.849
1780747912.403,139.956,430839,430911,2,92.661
1780747912.456,140.008,430839,430911,2,114.926
1780747912.508,140.060,430839,430911,2,95.841
1780747912.560,140.112,430839,430911,2,95.950
1780747912.612,140.164,430839,430911,2,114.906
1780747912.664,140.217,430839,430911,2,95.488
1780747912.717,140.269,430839,430911,2,94.960
1780747912.769,140.322,430839,430911,2,95.441
1780747912.822,140.374,430839,430911,2,95.129
1780747912.875,140.427,430839,430911,2,113.900
1780747912.927,140.479,430839,430911,2,95.442
1780747912.980,140.532,430839,430911,2,95.191
1780747913.032,140.584,430839,430911,2,95.617
1780747913.084,140.637,430839,430911,2,114.430
1780747913.136,140.689,430839,430911,2,96.024
1780747913.189,140.741,430839,430911,2,95.457
1780747913.241,140.793,430839,430911,2,95.912
1780747913.293,140.846,430839,430911,2,114.826
1780747913.346,140.898,430839,430911,2,95.496
1780747913.398,140.950,430839,430911,2,95.699
1780747913.450,141.002,430839,430911,2,95.689
1780747913.504,141.056,430839,430911,2,204.697
1780747913.562,141.114,430839,430911,2,311.192
1780747913.621,141.173,430839,430911,2,319.997
1780747913.680,141.232,430839,430911,2,169.554
1780747913.740,141.293,430839,430911,2,397.053
1780747913.795,141.348,430839,430911,2,109.375
1780747913.847,141.400,430839,430911,2,96.025
1780747913.899,141.452,430839,430911,2,95.971
1780747913.952,141.504,430839,430911,2,114.623
1780747914.004,141.556,430839,430911,2,95.618
1780747914.056,141.609,430839,430911,2,95.765
1780747914.108,141.661,430839,430911,2,115.033
1780747914.161,141.713,430839,430911,2,95.671
1780747914.213,141.766,430839,430911,2,95.260
1780747914.266,141.818,430839,430911,2,94.991
1780747914.318,141.871,430839,430911,2,95.654
1780747914.371,141.923,430839,430911,2,114.252
1780747914.423,141.975,430839,430911,2,95.622
1780747914.475,142.028,430839,430911,2,95.674
1780747914.528,142.080,430839,430911,2,95.096
1780747914.580,142.133,430839,430911,2,114.146
1780747914.633,142.185,430839,430911,2,95.762
1780747914.685,142.237,430839,430911,2,95.626
1780747914.740,142.293,430839,430911,2,108.449
1780747914.793,142.345,430839,430911,2,95.087
1780747914.845,142.398,430839,430911,2,95.364
1780747914.897,142.450,430839,430911,2,95.583
1780747914.950,142.502,430839,430911,2,114.634
1780747915.002,142.555,430839,430911,2,95.282
1780747915.055,142.607,430839,430911,2,151.647
1780747915.107,142.660,430839,430911,2,267.904
1780747915.164,142.717,430839,430911,2,404.346
1780747915.217,142.770,430839,430911,2,112.871
1780747915.272,142.825,430839,430911,2,364.805
1780747915.325,142.877,430839,430911,2,284.555
1780747915.377,142.930,430839,430911,2,114.825
1780747915.429,142.982,430839,430911,2,96.169
1780747915.481,143.033,430839,430911,2,96.213
1780747915.535,143.087,430839,430911,2,93.141
1780747915.587,143.140,430839,430911,2,95.440
1780747915.639,143.192,430839,430911,2,115.257
1780747915.691,143.244,430839,430911,2,95.668
1780747915.744,143.296,430839,430911,2,95.499
1780747915.796,143.349,430839,430911,2,114.708
1780747915.849,143.401,430839,430911,2,95.459
1780747915.901,143.453,430839,430911,2,95.559
1780747915.953,143.506,430839,430911,2,95.203
1780747916.006,143.558,430839,430911,2,95.253
1780747916.058,143.611,430839,430911,2,114.722
1780747916.111,143.663,430839,430911,2,95.216
1780747916.163,143.716,430839,430911,2,95.181
1780747916.216,143.768,430839,430911,2,95.164
1780747916.268,143.821,430839,430911,2,114.442
1780747916.320,143.873,430839,430911,2,95.583
1780747916.375,143.928,430839,430911,2,91.168
1780747916.428,143.980,430839,430911,2,95.482
1780747916.480,144.033,430839,430911,2,114.481
1780747916.532,144.085,430839,430911,2,95.465
1780747916.585,144.137,430839,430911,2,95.290
1780747916.640,144.193,430839,430911,2,199.232
1780747916.696,144.249,430839,430911,2,285.653
1780747916.752,144.305,430839,430911,2,375.162
1780747916.804,144.357,430839,430911,2,95.718
1780747916.858,144.410,430839,430911,2,392.013
1780747916.916,144.468,430839,430911,2,225.512
1780747916.968,144.520,430839,430911,2,95.863
1780747917.020,144.572,430839,430911,2,95.716
1780747917.072,144.624,430839,430911,2,96.224
1780747917.124,144.677,430839,430911,2,114.792
1780747917.177,144.729,430839,430911,2,95.493
1780747917.229,144.781,430839,430911,2,95.481
1780747917.281,144.833,430839,430911,2,96.003
1780747917.333,144.886,430839,430911,2,114.991
1780747917.386,144.938,430839,430911,2,95.402
1780747917.438,144.990,430839,430911,2,95.618
1780747917.491,145.043,430839,430911,2,95.005
1780747917.543,145.096,430839,430911,2,95.052
1780747917.595,145.148,430839,430911,2,114.599
1780747917.648,145.200,430839,430911,2,95.383
1780747917.700,145.253,430839,430911,2,95.184
1780747917.753,145.305,430839,430911,2,114.404
1780747917.805,145.357,430839,430911,2,95.794
1780747917.857,145.410,430839,430911,2,95.937
1780747917.909,145.462,430839,430911,2,95.832
1780747917.962,145.514,430839,430911,2,95.461
1780747918.014,145.566,430839,430911,2,114.798
1780747918.067,145.619,430839,430911,2,95.108
1780747918.119,145.671,430839,430911,2,95.486
1780747918.172,145.724,430839,430911,2,94.999
1780747918.228,145.781,430839,430911,2,282.868
1780747918.281,145.834,430839,430911,2,263.122
1780747918.339,145.892,430839,430911,2,310.830
1780747918.404,145.957,430839,430911,2,231.160
1780747918.460,146.013,430839,430911,2,375.052
1780747918.512,146.065,430839,430911,2,95.819
1780747918.565,146.118,430839,430911,2,94.307
1780747918.618,146.171,430839,430911,2,94.734
1780747918.670,146.222,430839,430911,2,96.239
1780747918.722,146.275,430839,430911,2,95.730
1780747918.775,146.327,430839,430911,2,114.659
1780747918.827,146.379,430839,430911,2,95.995
1780747918.879,146.431,430839,430911,2,95.877
1780747918.931,146.483,430839,430911,2,95.858
1780747918.984,146.536,430839,430911,2,94.981
1780747919.036,146.589,430839,430911,2,114.190
1780747919.088,146.641,430839,430911,2,95.703
1780747919.141,146.693,430839,430911,2,95.633
1780747919.193,146.746,430839,430911,2,114.445
1780747919.246,146.798,430839,430911,2,95.029
1780747919.298,146.850,430839,430911,2,95.674
1780747919.350,146.903,430839,430911,2,95.390
1780747919.403,146.955,430839,430911,2,95.641
1780747919.455,147.008,430839,430911,2,114.441
1780747919.508,147.060,430839,430911,2,95.203
1780747919.560,147.113,430839,430911,2,95.305
1780747919.612,147.165,430839,430911,2,114.934
1780747919.665,147.217,430839,430911,2,95.790
1780747919.717,147.269,430839,430911,2,95.342
1780747919.769,147.322,430839,430911,2,95.282
1780747919.824,147.377,430839,430911,2,237.838
1780747919.877,147.430,430839,430911,2,150.804
1780747919.931,147.483,430839,430911,2,93.102
1780747919.984,147.537,430839,430911,2,111.971
1780747920.037,147.589,430839,430911,2,95.110
1780747920.089,147.641,430839,430911,2,96.206
1780747920.141,147.694,430839,430911,2,95.679
1780747920.194,147.746,430839,430911,2,114.098
1780747920.249,147.802,430839,430911,2,90.192
1780747920.301,147.854,430839,430911,2,95.927
1780747920.354,147.906,430839,430911,2,115.135
1780747920.406,147.958,430839,430911,2,95.640
1780747920.458,148.010,430839,430911,2,268.194
1780747920.514,148.066,430839,430911,2,250.060
1780747920.572,148.125,430839,430911,2,103.101
1780747920.624,148.177,430839,430911,2,115.442
1780747920.680,148.233,430839,430911,2,250.073
1780747920.739,148.292,430839,430911,2,372.475
1780747920.793,148.346,430839,430911,2,148.498
1780747920.845,148.398,430839,430911,2,95.891
1780747920.897,148.450,430839,430911,2,96.096
1780747920.952,148.505,430839,430911,2,109.091
1780747921.011,148.564,430839,430911,2,101.975
1780747921.063,148.616,430839,430911,2,95.879
1780747921.115,148.668,430839,430911,2,96.019
1780747921.168,148.720,430839,430911,2,95.810
1780747921.220,148.772,430839,430911,2,95.506
1780747921.272,148.825,430839,430911,2,114.711
1780747921.324,148.877,430839,430911,2,95.614
1780747921.434,148.986,430839,430911,2,100.568
1780747921.486,149.039,430839,430911,2,95.129
1780747921.539,149.091,430839,430911,2,95.080
1780747921.592,149.144,430839,430911,2,114.196
1780747921.644,149.196,430839,430911,2,95.655
1780747921.696,149.248,430839,430911,2,95.751
1780747921.748,149.301,430839,430911,2,114.556
1780747921.801,149.353,430839,430911,2,95.532
1780747921.853,149.405,430839,430911,2,95.815
1780747921.905,149.457,430839,430911,2,95.977
1780747921.957,149.510,430839,430911,2,95.543
1780747922.010,149.562,430839,430911,2,114.258
1780747922.062,149.615,430839,430911,2,95.037
1780747922.115,149.667,430839,430911,2,267.465
1780747922.168,149.720,430839,430911,2,320.078
1780747922.225,149.778,430839,430911,2,243.938
1780747922.284,149.836,430839,430911,2,255.814
1780747922.347,149.899,430839,430911,2,381.472
1780747922.400,149.952,430839,430911,2,112.903
1780747922.453,150.006,430839,430911,2,112.975
1780747922.505,150.058,430839,430911,2,96.068
1780747922.557,150.110,430839,430911,2,115.332
1780747922.609,150.162,430839,430911,2,95.886
1780747922.662,150.214,430839,430911,2,95.649
1780747922.714,150.266,430839,430911,2,95.687
1780747922.766,150.318,430839,430911,2,95.807
1780747922.819,150.371,430839,430911,2,114.340
1780747922.871,150.424,430839,430911,2,95.057
1780747922.924,150.476,430839,430911,2,95.131
1780747922.976,150.529,430839,430911,2,114.098
1780747923.029,150.581,430839,430911,2,95.379
1780747923.081,150.633,430839,430911,2,95.463
1780747923.133,150.686,430839,430911,2,95.535
1780747923.186,150.738,430839,430911,2,95.431
1780747923.238,150.791,430839,430911,2,114.423
1780747923.291,150.843,430839,430911,2,95.017
1780747923.343,150.896,430839,430911,2,95.207
1780747923.396,150.948,430839,430911,2,95.333
1780747923.448,151.000,430839,430911,2,114.829
1780747923.500,151.053,430839,430911,2,95.478
1780747923.553,151.105,430839,430911,2,95.442
1780747923.605,151.158,430839,430911,2,95.393
1780747923.658,151.210,430839,430911,2,152.699
1780747923.715,151.268,430839,430911,2,278.204
1780747923.772,151.325,430839,430911,2,403.541
1780747923.825,151.378,430839,430911,2,112.512
1780747923.880,151.432,430839,430911,2,369.220
1780747923.933,151.485,430839,430911,2,337.478
1780747923.987,151.539,430839,430911,2,92.949
1780747924.039,151.591,430839,430911,2,95.628
1780747924.091,151.644,430839,430911,2,95.842
1780747924.146,151.698,430839,430911,2,110.472
1780747924.198,151.750,430839,430911,2,95.533
1780747924.250,151.802,430839,430911,2,95.820
1780747924.302,151.855,430839,430911,2,95.357
1780747924.355,151.907,430839,430911,2,114.410
1780747924.407,151.960,430839,430911,2,95.467
1780747924.460,152.012,430839,430911,2,95.468
1780747924.512,152.065,430839,430911,2,113.920
1780747924.565,152.117,430839,430911,2,95.068
1780747924.617,152.170,430839,430911,2,95.220
1780747924.670,152.222,430839,430911,2,95.599
1780747924.722,152.275,430839,430911,2,94.931
1780747924.775,152.327,430839,430911,2,114.240
1780747924.827,152.380,430839,430911,2,95.296
1780747924.880,152.432,430839,430911,2,95.286
1780747924.933,152.485,430839,430911,2,113.782
1780747924.985,152.538,430839,430911,2,95.010
1780747925.038,152.590,430839,430911,2,95.568
1780747925.090,152.642,430839,430911,2,95.695
1780747925.142,152.694,430839,430911,2,95.759
1780747925.195,152.747,430839,430911,2,114.348
1780747925.247,152.800,430839,430911,2,209.134
1780747925.304,152.857,430839,430911,2,298.013
1780747925.357,152.910,430839,430911,2,319.088
1780747925.420,152.973,430839,430911,2,223.122
1780747925.479,153.032,430839,430911,2,388.197
1780747925.539,153.091,430839,430911,2,117.709
1780747925.591,153.144,430839,430911,2,114.827
1780747925.643,153.196,430839,430911,2,96.015
1780747925.698,153.250,430839,430911,2,92.075
1780747925.750,153.302,430839,430911,2,114.509
1780747925.802,153.355,430839,430911,2,95.527
1780747925.855,153.407,430839,430911,2,95.615
1780747925.907,153.459,430839,430911,2,95.916
1780747925.959,153.511,430839,430911,2,95.460
1780747926.012,153.564,430839,430911,2,113.689
1780747926.064,153.617,430839,430911,2,95.275
1780747926.117,153.669,430839,430911,2,95.410
1780747926.169,153.722,430839,430911,2,114.204
1780747926.222,153.774,430839,430911,2,95.384
1780747926.274,153.827,430839,430911,2,95.327
1780747926.327,153.879,430839,430911,2,95.383
1780747926.381,153.934,430839,430911,2,109.500
1780747926.434,153.986,430839,430911,2,95.566
1780747926.486,154.038,430839,430911,2,95.636
1780747926.538,154.091,430839,430911,2,95.373
1780747926.591,154.143,430839,430911,2,114.602
1780747926.643,154.195,430839,430911,2,95.691
1780747926.695,154.248,430839,430911,2,95.463
1780747926.748,154.300,430839,430911,2,95.097
1780747926.804,154.357,430839,430911,2,284.606
1780747926.857,154.410,430839,430911,2,282.929
1780747926.915,154.467,430839,430911,2,260.003
1780747926.973,154.525,430839,430911,2,275.448
1780747927.028,154.581,430839,430911,2,380.434
1780747927.081,154.633,430839,430911,2,95.226
1780747927.134,154.686,430839,430911,2,112.928
1780747927.187,154.739,430839,430911,2,94.378
1780747927.239,154.791,430839,430911,2,95.903
1780747927.291,154.843,430839,430911,2,95.899
1780747927.343,154.896,430839,430911,2,95.815
1780747927.395,154.948,430839,430911,2,114.808
1780747927.448,155.000,430839,430911,2,95.740
1780747927.500,155.052,430839,430911,2,95.656
1780747927.552,155.105,430839,430911,2,114.778
1780747927.605,155.157,430839,430911,2,95.372
1780747927.657,155.209,430839,430911,2,95.588
1780747927.709,155.262,430839,430911,2,95.422
1780747927.762,155.314,430839,430911,2,95.280
1780747927.814,155.367,430839,430911,2,114.207
1780747927.867,155.419,430839,430911,2,95.423
1780747927.919,155.472,430839,430911,2,95.215
1780747927.972,155.524,430839,430911,2,94.973
1780747928.024,155.577,430839,430911,2,114.251
1780747928.077,155.629,430839,430911,2,95.587
1780747928.129,155.681,430839,430911,2,95.844
1780747928.181,155.734,430839,430911,2,95.552
1780747928.234,155.786,430839,430911,2,114.630
1780747928.286,155.838,430839,430911,2,95.407
1780747928.338,155.891,430839,430911,2,153.072
1780747928.392,155.944,430839,430911,2,241.711
1780747928.445,155.997,430839,430911,2,113.342
1780747928.497,156.050,430839,430911,2,95.876
1780747928.549,156.102,430839,430911,2,96.132
1780747928.601,156.154,430839,430911,2,95.784
1780747928.653,156.206,430839,430911,2,96.009
1780747928.706,156.258,430839,430911,2,115.069
1780747928.758,156.310,430839,430911,2,76.873
1780747928.809,156.362,430839,430911,2,77.117
1780747928.861,156.413,430839,430911,2,0.000
1780747928.912,156.465,430839,430911,2,0.000
1780747928.964,156.516,430839,430911,2,0.000
1780747929.015,156.567,430839,430911,2,0.000
1780747929.066,156.618,430839,430911,2,0.000
1780747929.117,156.670,430839,430911,2,0.000
1780747929.168,156.721,430839,430911,2,0.000
1780747929.220,156.772,430839,430911,2,0.000
1780747929.271,156.823,430839,430911,2,0.000
1780747929.322,156.874,430839,430911,2,0.000
1780747929.373,156.925,430839,430911,2,0.000
1780747929.424,156.977,430839,430911,2,0.000
1780747929.475,157.028,430839,430911,2,0.000
1780747929.526,157.079,430839,430911,2,0.000
1780747929.578,157.130,430839,430911,2,0.000
1780747929.629,157.181,430839,430911,2,0.000
1780747929.680,157.232,430839,430911,2,0.000
1780747929.731,157.283,430839,430911,2,0.000
1780747929.782,157.335,430839,430911,2,0.000
1780747929.833,157.386,430839,430911,1,78.174
1780747929.886,157.438,430839,430911,1,95.324
1780747929.939,157.491,430839,430911,1,94.389
1780747929.993,157.545,430839,430911,1,92.932
1780747930.047,157.599,430839,430911,1,111.216
1780747930.100,157.653,430839,430911,3,92.800
1780747930.154,157.706,430839,430911,3,93.311
1780747930.208,157.761,430839,430911,3,91.892
1780747930.262,157.814,430839,430911,3,93.260
1780747930.315,157.867,430839,430911,3,94.348
1780747930.368,157.920,430839,430911,3,113.199
1780747930.421,157.973,430839,430911,3,75.996
1780747930.471,158.024,430839,430911,3,0.000
1780747930.522,158.074,430839,430911,3,0.000
1780747930.572,158.124,430839,430911,3,0.000
1780747930.622,158.174,430839,430911,3,0.000
1780747930.672,158.225,430839,430911,3,0.000
1780747930.722,158.275,430839,430911,3,0.000
1780747930.773,158.325,430839,430911,3,0.000
1780747930.823,158.375,430839,430911,3,0.000
1780747930.873,158.426,430839,430911,3,0.000
1780747930.923,158.476,430839,430911,3,0.000
1780747930.974,158.526,430839,430911,3,0.000
1780747931.024,158.576,430839,430911,3,0.000
1780747931.074,158.627,430839,430911,3,0.000
1780747931.124,158.677,430839,430911,3,0.000
1780747931.175,158.727,430839,430911,3,0.000
1780747931.225,158.777,430839,430911,3,0.000
1780747931.275,158.828,430839,430911,3,0.000
1780747931.325,158.878,430839,430911,3,0.000
1780747931.376,158.928,430839,430911,3,0.000
1780747931.628,159.181,430839,430911,3,0.000
1780747931.678,159.231,430839,430911,3,0.000
1780747931.729,159.281,430839,430911,3,0.000
1780747931.779,159.331,430839,430911,3,0.000
1780747931.829,159.382,430839,430911,3,0.000
1780747931.880,159.432,430839,430911,3,0.000
1780747931.930,159.482,430839,430911,3,0.000
1780747931.980,159.532,430839,430911,3,0.000
1780747932.030,159.583,430839,430911,3,0.000
1780747932.081,159.633,430839,430911,3,0.000
1780747932.131,159.683,430839,430911,3,0.000
1780747932.181,159.733,430839,430911,3,0.000
1780747932.231,159.784,430839,430911,3,0.000
1780747932.282,159.834,430839,430911,3,0.000
1780747932.332,159.884,430839,430911,3,0.000
1780747932.382,159.935,430839,430911,3,0.000
1780747932.433,159.985,430839,430911,3,0.000
1780747932.483,160.035,430839,430911,3,0.000
1780747932.533,160.085,430839,430911,3,0.000
1780747932.583,160.136,430839,430911,3,0.000
1780747932.633,160.186,430839,430911,3,0.000
1780747932.684,160.236,430839,430911,3,0.000
1780747932.734,160.286,430839,430911,3,0.000
1780747932.784,160.337,430839,430911,3,0.000
1780747932.834,160.387,430839,430911,3,0.000
1780747932.885,160.437,430839,430911,3,0.000
1780747932.935,160.487,430839,430911,3,0.000
1780747932.985,160.538,430839,430911,3,0.000
1780747933.035,160.588,430839,430911,3,0.000
1780747933.086,160.638,430839,430911,3,0.000
1780747933.136,160.688,430839,430911,3,0.000
1780747933.186,160.739,430839,430911,3,0.000
1780747933.236,160.789,430839,430911,3,0.000
1780747933.287,160.839,430839,430911,3,0.000
1780747933.337,160.889,430839,430911,3,0.000
1780747933.387,160.939,430839,430911,3,0.000
1780747933.437,160.990,430839,430911,3,0.000
1780747933.487,161.040,430839,430911,3,0.000
1780747933.538,161.090,430839,430911,3,0.000
1780747933.588,161.140,430839,430911,3,0.000
1780747933.638,161.191,430839,430911,3,0.000
1780747933.689,161.241,430839,430911,3,0.000
1780747933.739,161.291,430839,430911,3,0.000
1780747933.789,161.342,430839,430911,3,0.000
1780747933.840,161.392,430839,430911,3,0.000
1780747933.890,161.443,430839,430911,3,0.000
1780747933.940,161.493,430839,430911,3,0.000
1780747933.991,161.543,430839,430911,3,0.000
1780747934.041,161.594,430839,430911,3,0.000
1780747934.091,161.644,430839,430911,3,0.000
1780747934.142,161.694,430839,430911,3,0.000
1780747934.192,161.745,430839,430911,3,0.000
1780747934.242,161.795,430839,430911,3,0.000
1780747934.293,161.845,430839,430911,3,0.000
1780747934.343,161.896,430839,430911,3,0.000
1780747934.394,161.946,430839,430911,3,0.000
1780747934.444,161.996,430839,430911,3,0.000
1780747934.494,162.047,430839,430911,3,0.000
1780747934.544,162.097,430839,430911,3,0.000
1780747934.595,162.147,430839,430911,3,0.000
1780747934.645,162.198,430839,430911,3,0.000
1780747934.696,162.248,430839,430911,3,0.000
1780747934.746,162.298,430839,430911,3,0.000
1780747934.796,162.349,430839,430911,3,0.000
1780747934.847,162.399,430839,430911,3,0.000
1780747934.897,162.449,430839,430911,3,0.000
1780747934.947,162.500,430839,430911,3,0.000
1780747934.998,162.550,430839,430911,3,0.000
1780747935.048,162.600,430839,430911,3,0.000
1780747935.098,162.651,430839,430911,3,0.000
1780747935.149,162.701,430839,430911,3,0.000
1780747935.199,162.751,430839,430911,3,0.000
1780747935.249,162.802,430839,430911,3,0.000
1780747935.300,162.852,430839,430911,3,0.000
1780747935.350,162.902,430839,430911,3,0.000
1780747935.400,162.953,430839,430911,3,0.000
1780747935.451,163.003,430839,430911,3,0.000
1780747935.501,163.053,430839,430911,3,0.000
1780747935.551,163.104,430839,430911,3,0.000
1780747935.602,163.154,430839,430911,3,0.000
1780747935.652,163.204,430839,430911,3,0.000
1780747935.702,163.255,430839,430911,3,0.000
1780747935.753,163.305,430839,430911,3,0.000
1780747935.803,163.355,430839,430911,3,0.000
1780747935.853,163.406,430839,430911,3,0.000
1780747935.904,163.456,430839,430911,3,0.000
1780747935.954,163.506,430839,430911,3,0.000
1780747936.004,163.557,430839,430911,3,0.000
1780747936.055,163.607,430839,430911,3,0.000
1780747936.105,163.657,430839,430911,3,0.000
1780747936.155,163.708,430839,430911,3,0.000
1780747936.206,163.758,430839,430911,3,0.000
1780747936.256,163.808,430839,430911,3,0.000
1780747936.307,163.859,430839,430911,3,0.000
1780747936.357,163.909,430839,430911,3,0.000
1780747936.407,163.960,430839,430911,3,0.000
1780747936.862,164.414,430839,430911,3,2.200
1780747936.912,164.465,430839,430911,3,0.000
1780747936.963,164.515,430839,430911,3,0.000
1780747937.013,164.565,430839,430911,3,0.000
1780747937.063,164.616,430839,430911,3,0.000
1780747937.114,164.666,430839,430911,3,0.000
1780747937.164,164.716,430839,430911,3,0.000
1780747937.214,164.767,430839,430911,3,0.000
1780747937.265,164.817,430839,430911,3,0.000
1780747937.315,164.867,430839,430911,3,0.000
1780747937.365,164.918,430839,430911,3,0.000
1780747937.416,164.968,430839,430911,3,0.000
1780747937.466,165.018,430839,430911,3,0.000
1780747937.516,165.069,430839,430911,3,0.000
1780747937.567,165.119,430839,430911,3,0.000
1780747937.617,165.169,430839,430911,3,0.000
1780747937.667,165.220,430839,430911,3,0.000
1780747937.718,165.270,430839,430911,3,0.000
1780747937.768,165.320,430839,430911,3,0.000
1780747937.818,165.371,430839,430911,3,0.000
1780747937.869,165.421,430839,430911,3,0.000
1780747937.919,165.471,430839,430911,3,0.000
1780747937.969,165.522,430839,430911,3,0.000
1780747938.020,165.572,430839,430911,3,0.000
1780747938.070,165.622,430839,430911,3,0.000
1780747938.120,165.673,430839,430911,3,0.000
1780747938.171,165.723,430839,430911,3,0.000
1780747938.221,165.774,430839,430911,3,0.000
1780747938.271,165.824,430839,430911,3,0.000
1780747938.322,165.874,430839,430911,3,0.000
1780747938.374,165.926,430839,430911,3,38.647
1780747938.424,165.977,430839,430911,3,0.000
1780747938.474,166.027,430839,430911,3,0.000
1780747938.525,166.077,430839,430911,3,0.000
1780747938.575,166.128,430839,430911,3,0.000
1780747938.625,166.178,430839,430911,3,0.000
1780747938.676,166.228,430839,430911,3,0.000
1780747938.726,166.279,430839,430911,0,0.000
1780747938.776,166.329,430839,430911,0,0.000
1780747938.827,166.379,430839,430911,0,0.000
1780747938.877,166.430,430839,430911,0,0.000
1780747938.927,166.480,430839,430911,0,0.000
1780747938.978,166.530,430839,430911,0,0.000
1780747939.028,166.581,430839,430911,0,0.000
1780747939.079,166.631,430839,430911,0,0.000
1780747939.129,166.681,430839,430911,0,0.000
1780747939.179,166.732,430839,430911,0,0.000
1780747939.230,166.782,430839,430911,0,0.000
1780747939.280,166.832,430839,430911,0,0.000
1780747939.330,166.883,430839,430911,0,0.000
1780747939.381,166.933,430839,430911,0,0.000
1780747939.431,166.983,430839,430911,0,0.000
1780747939.481,167.034,430839,430911,0,0.000
1780747939.532,167.084,430839,430911,0,0.000
1780747939.582,167.134,430839,430911,0,0.000
1780747939.632,167.185,430839,430911,0,0.000
1780747939.683,167.235,430839,430911,0,0.000
1780747939.733,167.285,430839,430911,0,0.000
1780747939.783,167.336,430839,430911,0,0.000
1780747939.834,167.386,430839,430911,0,0.000
1780747939.884,167.436,430839,430911,0,0.000
1780747939.934,167.487,430839,430911,0,0.000
1780747939.985,167.537,430839,430911,0,0.000
1780747940.035,167.587,430839,430911,0,0.000
1780747940.085,167.638,430839,430911,0,0.000
1780747940.136,167.688,430839,430911,0,0.000
1780747940.186,167.738,430839,430911,0,0.000
1780747940.236,167.789,430839,430911,0,0.000
1780747940.287,167.839,430839,430911,0,0.000
1780747940.337,167.889,430839,430911,0,0.000
1780747940.387,167.940,430839,430911,0,0.000
1780747940.438,167.990,430839,430911,0,0.000
1780747940.488,168.041,430839,430911,0,0.000
1780747940.539,168.091,430839,430911,0,0.000
1780747940.589,168.141,430839,430911,0,0.000
1780747940.639,168.192,430839,430911,0,0.000
1780747940.690,168.242,430839,430911,0,0.000
1780747940.740,168.292,430839,430911,0,0.000
1780747940.790,168.343,430839,430911,0,0.000
1780747940.841,168.393,430839,430911,0,0.000
1780747940.891,168.443,430839,430911,0,0.000
1780747940.941,168.494,430839,430911,0,0.000
1780747940.992,168.544,430839,430911,0,0.000
1780747941.042,168.594,430839,430911,0,0.000
1780747941.092,168.645,430839,430911,0,0.000
1780747941.143,168.695,430839,430911,0,0.000
1780747941.193,168.745,430839,430911,0,0.000
1780747941.243,168.796,430839,430911,0,0.000
1780747941.294,168.846,430839,430911,0,0.000
1780747941.344,168.896,430839,430911,0,0.000
1780747941.394,168.947,430839,430911,0,0.000
1780747941.445,168.997,430839,430911,0,0.000
1780747964.768,192.321,430839,430911,0,0.000
1780747964.848,192.401,430839,430911,0,0.000
1780747964.899,192.451,430839,430911,0,0.000
1780747964.949,192.501,430839,430911,0,0.000
1780747964.999,192.552,430839,430911,0,0.000
1780747965.050,192.602,430839,430911,0,0.000
1780747965.100,192.652,430839,430911,0,0.000
1780747965.150,192.703,430839,430911,0,0.000
1780747965.201,192.753,430839,430911,0,0.000
1780747965.251,192.803,430839,430911,0,0.000
1780747965.301,192.854,430839,430911,0,0.000
1780747965.352,192.904,430839,430911,0,0.000
1780747965.402,192.954,430839,430911,0,0.000
1780747965.452,193.005,430839,430911,0,0.000
1780747965.503,193.055,430839,430911,0,0.000
1780747965.553,193.105,430839,430911,0,0.000
1780747965.603,193.156,430839,430911,0,0.000
1780747965.654,193.206,430839,430911,0,0.000
1780747965.704,193.256,430839,430911,0,0.000
1780747965.754,193.307,430839,430911,0,0.000
1780747965.805,193.357,430839,430911,0,0.000
1780747965.855,193.407,430839,430911,0,0.000
1780747965.905,193.458,430839,430911,0,0.000
1780747965.955,193.508,430839,430911,0,0.000
1780747966.006,193.558,430839,430911,0,0.000
1780747966.056,193.609,430839,430911,0,0.000
1780747966.106,193.659,430839,430911,0,0.000
1780747966.157,193.709,430839,430911,0,0.000
1780747966.207,193.760,430839,430911,0,0.000
1780747966.257,193.810,430839,430911,0,0.000
1780747966.308,193.860,430839,430911,0,0.000
1780747966.358,193.910,430839,430911,0,0.000
1780747966.408,193.961,430839,430911,0,0.000
1780747966.459,194.011,430839,430911,0,0.000
1780747966.509,194.061,430839,430911,0,0.000
1780747966.559,194.112,430839,430911,0,0.000
1780747966.610,194.162,430839,430911,0,0.000
1780747966.660,194.212,430839,430911,0,0.000
1780747966.710,194.263,430839,430911,0,0.000
1780747966.761,194.313,430839,430911,0,0.000
1780747966.811,194.363,430839,430911,0,0.000
1780747966.861,194.414,430839,430911,0,0.000
1780747966.912,194.464,430839,430911,0,0.000
1780747966.962,194.514,430839,430911,0,0.000
1780747967.012,194.565,430839,430911,0,0.000
1780747967.063,194.615,430839,430911,0,0.000
1780747967.113,194.665,430839,430911,0,0.000
1780747967.163,194.716,430839,430911,0,0.000
1780747967.214,194.766,430839,430911,0,0.000
1780747967.264,194.816,430839,430911,0,0.000
1780747967.314,194.867,430839,430911,0,0.000
1780747967.365,194.917,430839,430911,0,0.000
1780747967.415,194.967,430839,430911,0,0.000
1780747967.465,195.018,430839,430911,0,0.000
1780747967.515,195.068,430839,430911,0,0.000
1780747967.566,195.118,430839,430911,0,0.000
1780747967.616,195.168,430839,430911,0,0.000
1780747967.666,195.219,430839,430911,0,0.000
1780747967.717,195.269,430839,430911,0,0.000
1780747967.767,195.319,430839,430911,0,0.000
1780747967.817,195.370,430839,430911,0,0.000
1780747967.868,195.420,430839,430911,0,0.000
1780747967.918,195.470,430839,430911,0,0.000
1780747967.968,195.521,430839,430911,0,0.000
1780747968.019,195.571,430839,430911,0,0.000
1780747968.069,195.621,430839,430911,0,0.000
1780747968.119,195.672,430839,430911,0,0.000
1780747968.170,195.722,430839,430911,0,0.000
1780747968.220,195.772,430839,430911,0,0.000
1780747968.270,195.823,430839,430911,0,0.000
1780747968.321,195.873,430839,430911,0,0.000
1780747968.371,195.923,430839,430911,0,0.000
1780747968.421,195.974,430839,430911,0,0.000
1780747968.471,196.024,430839,430911,0,0.000
1780747968.522,196.074,430839,430911,0,0.000
1780747968.572,196.125,430839,430911,0,0.000
1780747968.623,196.175,430839,430911,0,0.000
1780747968.673,196.225,430839,430911,0,0.000
1780747968.723,196.276,430839,430911,0,39.710
1780747968.774,196.326,430839,430911,0,0.000
1780747968.824,196.377,430839,430911,0,0.000
1780747968.874,196.427,430839,430911,0,0.000
1780747968.925,196.477,430839,430911,0,0.000
1780747968.975,196.528,430839,430911,0,0.000
1780747969.026,196.578,430839,430911,0,0.000
1780747969.076,196.628,430839,430911,0,0.000
1780747969.126,196.679,430839,430911,0,0.000
1780747969.176,196.729,430839,430911,0,0.000
1780747969.227,196.779,430839,430911,0,0.000
1780747969.277,196.830,430839,430911,0,0.000
1780747969.327,196.880,430839,430911,0,0.000
1780747969.378,196.930,430839,430911,0,0.000
1780747969.428,196.980,430839,430911,0,0.000
1780747969.478,197.031,430839,430911,0,0.000
1780747969.529,197.081,430839,430911,0,0.000
1780747969.579,197.131,430839,430911,0,0.000
1780747969.629,197.182,430839,430911,0,0.000
1780747969.680,197.232,430839,430911,0,0.000
1780747969.730,197.282,430839,430911,0,0.000
1780747969.780,197.333,430839,430911,0,0.000
1780747969.831,197.383,430839,430911,0,0.000
1780747994.812,222.364,430839,430911,0,0.000
1780748000.060,227.613,430839,430911,0,0.191
1780748008.992,236.544,430839,430911,0,0.000
1780748009.364,236.916,430839,430911,0,0.000
1780748009.414,236.967,430839,430911,0,0.000
1780748009.464,237.017,430839,430911,0,0.000
1780748009.515,237.067,430839,430911,0,0.000
1780748009.565,237.118,430839,430911,0,0.000
1780748009.616,237.168,430839,430911,0,0.000
1780748009.666,237.218,430839,430911,0,0.000
1780748009.716,237.269,430839,430911,0,0.000
1780748009.767,237.319,430839,430911,0,0.000
1780748009.817,237.369,430839,430911,0,0.000
1780748009.867,237.420,430839,430911,0,0.000
1780748009.918,237.470,430839,430911,0,0.000
1780748009.968,237.521,430839,430911,0,0.000
1780748010.018,237.571,430839,430911,0,0.000
1780748010.069,237.621,430839,430911,0,0.000
1780748010.119,237.672,430839,430911,0,0.000
1780748010.169,237.722,430839,430911,0,0.000
1780748010.220,237.772,430839,430911,0,0.000
1780748010.270,237.823,430839,430911,0,0.000
1780748010.320,237.873,430839,430911,0,0.000
1780748010.371,237.923,430839,430911,3,0.000
1780748010.421,237.974,430839,430911,3,0.000
1780748010.471,238.024,430839,430911,3,0.000
1780748010.522,238.074,430839,430911,3,0.000
1780748010.572,238.125,430839,430911,3,0.000
1780748010.622,238.175,430839,430911,3,0.000
1780748010.673,238.225,430839,430911,3,0.000
1780748010.723,238.276,430839,430911,3,0.000
1780748010.773,238.326,430839,430911,3,0.000
1780748010.824,238.376,430839,430911,3,0.000
1780748010.874,238.427,430839,430911,3,0.000
1780748010.924,238.477,430839,430911,3,0.000
1780748010.975,238.527,430839,430911,3,0.000
1780748011.025,238.578,430839,430911,3,0.000
1780748011.075,238.628,430839,430911,3,0.000
1780748011.126,238.678,430839,430911,3,0.000
1780748011.176,238.728,430839,430911,3,0.000
1780748011.226,238.779,430839,430911,3,0.000
1780748011.277,238.829,430839,430911,3,0.000
1780748011.327,238.880,430839,430911,3,0.000
1780748011.377,238.930,430839,430911,3,0.000
1780748011.428,238.980,430839,430911,3,0.000
1780748011.478,239.030,430839,430911,3,0.000
1780748011.528,239.081,430839,430911,3,0.000
1780748011.579,239.131,430839,430911,3,0.000
1780748011.629,239.181,430839,430911,3,0.000
1780748011.679,239.232,430839,430911,3,0.000
1780748011.730,239.282,430839,430911,3,0.000
1780748011.780,239.332,430839,430911,3,0.000
1780748011.830,239.383,430839,430911,3,0.000
1780748011.881,239.433,430839,430911,3,0.000
1780748011.931,239.483,430839,430911,3,0.000
1780748011.981,239.534,430839,430911,3,0.000
1780748012.032,239.584,430839,430911,3,0.000
1780748012.082,239.634,430839,430911,3,0.000
1780748012.132,239.685,430839,430911,3,0.000
1780748012.183,239.735,430839,430911,3,0.000
1780748012.233,239.785,430839,430911,3,0.000
1780748012.283,239.836,430839,430911,3,0.000
1780748012.334,239.886,430839,430911,3,0.000
1780748012.384,239.936,430839,430911,3,0.000
1780748012.434,239.987,430839,430911,3,0.000
1780748012.485,240.037,430839,430911,3,0.000
1780748012.535,240.087,430839,430911,3,0.000
1780748012.585,240.138,430839,430911,3,0.000
1780748012.636,240.188,430839,430911,3,0.000
1780748012.686,240.238,430839,430911,3,0.000
1780748012.736,240.289,430839,430911,3,0.000
1780748012.787,240.339,430839,430911,3,0.000
1780748012.837,240.389,430839,430911,3,0.000
1780748012.887,240.440,430839,430911,3,0.000
1780748012.937,240.490,430839,430911,3,0.000
1780748012.988,240.540,430839,430911,3,0.000
1780748013.038,240.591,430839,430911,3,0.000
1780748013.089,240.641,430839,430911,3,0.000
1780748013.139,240.691,430839,430911,3,0.000
1780748013.189,240.742,430839,430911,3,0.000
1780748013.239,240.792,430839,430911,3,0.000
1780748013.290,240.842,430839,430911,3,0.000
1780748013.340,240.893,430839,430911,3,0.000
1780748013.390,240.943,430839,430911,3,0.000
1780748013.441,240.993,430839,430911,3,0.000
1780748013.491,241.044,430839,430911,3,0.000
1780748013.541,241.094,430839,430911,3,0.000
1780748013.592,241.144,430839,430911,3,0.000
1780748013.642,241.194,430839,430911,3,0.000
1780748013.692,241.245,430839,430911,3,0.000
1780748013.743,241.295,430839,430911,3,0.000
1780748013.793,241.345,430839,430911,3,0.000
1780748013.843,241.396,430839,430911,3,0.000
1780748013.894,241.446,430839,430911,3,0.000
1780748013.944,241.496,430839,430911,3,0.000
1780748013.994,241.547,430839,430911,3,0.000
1780748014.045,241.597,430839,430911,3,0.000
1780748014.095,241.648,430839,430911,3,0.000
1780748014.145,241.698,430839,430911,3,0.000
1780748014.196,241.748,430839,430911,3,0.000
1780748014.246,241.798,430839,430911,3,0.000
1780748014.296,241.849,430839,430911,3,0.000
1780748014.347,241.899,430839,430911,3,0.000
1780748014.397,241.949,430839,430911,3,0.000
1780748014.447,242.000,430839,430911,3,0.000
1780748014.498,242.050,430839,430911,3,0.000
1780748014.548,242.100,430839,430911,3,0.000
1780748014.598,242.151,430839,430911,3,0.000
1780748014.649,242.201,430839,430911,3,0.000
1780748014.699,242.251,430839,430911,3,0.000
1780748014.749,242.302,430839,430911,3,0.000
1780748014.800,242.352,430839,430911,3,0.000
1780748014.850,242.402,430839,430911,3,0.000
1780748014.900,242.453,430839,430911,3,0.000
1780748014.951,242.503,430839,430911,3,0.000
1780748015.001,242.554,430839,430911,3,0.000
1780748015.051,242.604,430839,430911,3,0.000
1780748015.102,242.654,430839,430911,3,0.000
1780748015.152,242.704,430839,430911,3,0.000
1780748015.202,242.755,430839,430911,3,0.000
1780748015.253,242.805,430839,430911,3,0.000
1780748015.303,242.855,430839,430911,3,0.000
1780748015.519,243.071,430839,430911,3,0.000
1780748015.569,243.122,430839,430911,3,0.000
1780748015.620,243.172,430839,430911,3,0.000
1780748015.670,243.222,430839,430911,3,0.000
1780748015.720,243.273,430839,430911,3,0.000
1780748015.771,243.323,430839,430911,3,0.000
1780748015.821,243.373,430839,430911,3,0.000
1780748015.871,243.424,430839,430911,3,0.000
1780748015.922,243.474,430839,430911,3,0.000
1780748015.972,243.524,430839,430911,3,0.000
1780748016.022,243.575,430839,430911,3,0.000
1780748016.073,243.625,430839,430911,3,0.000
1780748016.123,243.675,430839,430911,3,0.000
1780748016.173,243.726,430839,430911,3,0.000
1780748016.224,243.776,430839,430911,3,0.000
1780748016.274,243.826,430839,430911,3,0.000
1780748016.324,243.877,430839,430911,3,0.000
1780748016.375,243.927,430839,430911,3,0.000
1780748016.425,243.977,430839,430911,3,0.000
1780748016.475,244.028,430839,430911,3,0.000
1780748016.526,244.078,430839,430911,3,0.000
1780748016.576,244.128,430839,430911,3,0.000
1780748016.626,244.179,430839,430911,3,0.000
1780748016.676,244.229,430839,430911,3,0.000
1780748016.727,244.279,430839,430911,3,0.000
1780748016.777,244.329,430839,430911,3,0.000
1780748016.827,244.380,430839,430911,3,0.000
1780748016.878,244.430,430839,430911,3,0.000
1780748016.928,244.480,430839,430911,3,0.000
1780748016.978,244.531,430839,430911,3,0.000
1780748017.029,244.581,430839,430911,3,0.000
1780748017.079,244.632,430839,430911,3,0.000
1780748017.129,244.682,430839,430911,3,0.000
1780748017.180,244.732,430839,430911,3,0.000
1780748017.230,244.782,430839,430911,3,0.000
1780748017.280,244.833,430839,430911,3,0.000
1780748017.331,244.883,430839,430911,3,0.000
1780748017.381,244.933,430839,430911,3,0.000
1780748017.431,244.984,430839,430911,3,0.000
1780748017.482,245.034,430839,430911,3,0.000
1780748017.532,245.084,430839,430911,3,0.000
1780748017.582,245.135,430839,430911,3,0.000
1780748017.633,245.185,430839,430911,3,0.000
1780748017.683,245.235,430839,430911,3,0.000
1780748017.733,245.286,430839,430911,3,0.000
1780748017.784,245.336,430839,430911,3,0.000
1780748017.834,245.386,430839,430911,3,0.000
1780748017.884,245.437,430839,430911,3,0.000
1780748017.935,245.487,430839,430911,3,0.000
1780748017.985,245.537,430839,430911,3,0.000
1780748018.035,245.588,430839,430911,3,0.000
1780748018.086,245.638,430839,430911,3,0.000
1780748018.136,245.688,430839,430911,3,0.000
1780748018.186,245.739,430839,430911,3,0.000
1780748018.237,245.789,430839,430911,3,0.000
1780748018.287,245.839,430839,430911,3,0.000
1780748018.337,245.890,430839,430911,3,0.000
1780748018.388,245.940,430839,430911,3,0.000
1780748018.438,245.990,430839,430911,3,0.000
1780748018.488,246.041,430839,430911,3,0.000
1780748018.539,246.091,430839,430911,3,0.000
1780748018.589,246.141,430839,430911,3,0.000
1780748018.639,246.192,430839,430911,3,0.000
1780748018.689,246.242,430839,430911,3,0.000
1780748018.740,246.292,430839,430911,3,0.000
1780748018.790,246.342,430839,430911,3,0.000
1780748018.840,246.393,430839,430911,3,0.000
1780748018.891,246.443,430839,430911,3,0.000
1780748018.941,246.493,430839,430911,3,0.000
1780748018.991,246.544,430839,430911,3,0.000
1780748019.042,246.594,430839,430911,3,0.000
1780748019.092,246.644,430839,430911,3,0.000
1780748019.142,246.695,430839,430911,3,0.000
1780748019.193,246.745,430839,430911,3,0.000
1780748019.243,246.795,430839,430911,3,0.000
1780748019.293,246.846,430839,430911,3,0.000
1780748019.344,246.896,430839,430911,3,0.000
1780748019.394,246.947,430839,430911,3,0.000
1780748019.444,246.997,430839,430911,3,0.000
1780748019.495,247.047,430839,430911,3,0.000
1780748019.545,247.098,430839,430911,3,0.000
1780748019.595,247.148,430839,430911,3,0.000
1780748019.646,247.198,430839,430911,3,0.000
1780748019.696,247.248,430839,430911,3,0.000
1780748019.746,247.299,430839,430911,3,0.000
1780748019.797,247.349,430839,430911,3,0.000
1780748019.847,247.400,430839,430911,3,0.000
1780748019.897,247.450,430839,430911,3,0.000
1780748019.948,247.500,430839,430911,3,0.000
1780748019.998,247.551,430839,430911,3,0.000
1780748020.049,247.601,430839,430911,3,0.000
1780748020.099,247.651,430839,430911,3,0.000
1780748020.149,247.702,430839,430911,3,0.000
1780748020.200,247.752,430839,430911,3,0.000
1780748020.250,247.802,430839,430911,3,0.000
1780748020.300,247.853,430839,430911,3,0.000
1780748020.351,247.903,430839,430911,3,0.000
1780748020.401,247.953,430839,430911,3,0.000
1780748020.451,248.004,430839,430911,3,0.000
1780748020.501,248.054,430839,430911,3,0.000
1780748020.552,248.104,430839,430911,3,0.000
1780748020.602,248.155,430839,430911,3,0.000
1780748020.652,248.205,430839,430911,3,0.000
1780748020.703,248.255,430839,430911,3,0.000
1780748020.753,248.305,430839,430911,3,0.000
1780748020.803,248.356,430839,430911,3,0.000
1780748020.854,248.406,430839,430911,3,0.000
1780748020.904,248.456,430839,430911,3,0.000
1780748020.954,248.507,430839,430911,3,0.000
1780748021.005,248.557,430839,430911,3,0.000
1780748021.055,248.608,430839,430911,3,0.000
1780748021.105,248.658,430839,430911,3,0.000
1780748021.156,248.708,430839,430911,3,0.000
1780748021.206,248.758,430839,430911,3,0.000
1780748021.256,248.809,430839,430911,3,0.000
1780748021.307,248.859,430839,430911,3,0.000
1780748021.357,248.909,430839,430911,3,0.000
1780748021.407,248.960,430839,430911,3,0.000
1780748021.458,249.010,430839,430911,3,0.000
1780748021.508,249.060,430839,430911,3,0.000
1780748021.558,249.111,430839,430911,3,0.000
1780748021.609,249.161,430839,430911,3,0.000
1780748021.659,249.211,430839,430911,3,0.000
1780748021.709,249.262,430839,430911,3,0.000
1780748021.760,249.312,430839,430911,3,0.000
1780748021.810,249.362,430839,430911,3,0.000
1780748021.860,249.413,430839,430911,3,0.000
1780748021.911,249.463,430839,430911,3,0.000
1780748021.961,249.513,430839,430911,3,0.000
1780748022.011,249.564,430839,430911,3,0.000
1780748022.062,249.614,430839,430911,3,0.000
1780748022.112,249.664,430839,430911,3,0.000
1780748022.162,249.715,430839,430911,3,0.000
1780748022.213,249.765,430839,430911,3,0.000
1780748022.263,249.815,430839,430911,3,0.000
1780748022.313,249.866,430839,430911,3,0.000
1780748022.363,249.916,430839,430911,3,0.000
1780748022.414,249.966,430839,430911,3,0.000
1780748022.464,250.016,430839,430911,3,0.000
1780748022.514,250.067,430839,430911,3,0.000
1780748022.565,250.117,430839,430911,3,0.000
1780748022.615,250.167,430839,430911,3,0.000
1780748022.665,250.218,430839,430911,3,0.000
1780748022.716,250.268,430839,430911,3,0.000
1780748022.766,250.318,430839,430911,3,0.000
1780748022.816,250.369,430839,430911,3,0.000
1780748022.867,250.419,430839,430911,3,0.000
1780748022.917,250.469,430839,430911,3,0.000
1780748022.967,250.520,430839,430911,3,0.000
1780748023.018,250.570,430839,430911,3,0.000
1780748023.068,250.620,430839,430911,3,0.000
1780748023.118,250.671,430839,430911,3,0.000
1780748023.169,250.721,430839,430911,3,0.000
1780748023.219,250.771,430839,430911,3,0.000
1780748023.269,250.822,430839,430911,3,0.000
1780748023.320,250.872,430839,430911,3,0.000
1780748023.370,250.922,430839,430911,3,0.000
1780748023.420,250.973,430839,430911,3,0.000
1780748023.470,251.023,430839,430911,3,0.000
1780748023.521,251.073,430839,430911,3,0.000
1780748023.571,251.124,430839,430911,3,0.000
1780748023.621,251.174,430839,430911,3,0.000
1780748023.672,251.224,430839,430911,3,0.000
1780748023.722,251.274,430839,430911,3,0.000
1780748023.772,251.325,430839,430911,3,0.000
1780748023.823,251.375,430839,430911,3,0.000
1780748023.873,251.425,430839,430911,3,0.000
1780748023.923,251.476,430839,430911,3,0.000
1780748023.974,251.526,430839,430911,3,0.000
1780748024.024,251.576,430839,430911,3,0.000
1780748024.074,251.627,430839,430911,3,0.000
1780748024.125,251.677,430839,430911,3,0.000
1780748024.175,251.727,430839,430911,3,0.000
1780748024.225,251.778,430839,430911,3,0.000
1780748024.276,251.828,430839,430911,3,0.000
1780748024.326,251.878,430839,430911,3,0.000
1780748024.376,251.929,430839,430911,3,0.000
1780748024.427,251.979,430839,430911,3,0.000
1780748024.477,252.029,430839,430911,3,0.000
1780748024.527,252.080,430839,430911,3,0.000
1780748024.578,252.130,430839,430911,3,0.000
1780748024.628,252.180,430839,430911,3,0.000
1780748024.678,252.231,430839,430911,3,0.000
1780748024.728,252.281,430839,430911,3,0.000
1780748024.779,252.331,430839,430911,3,0.000
1780748024.829,252.382,430839,430911,3,0.000
1780748024.879,252.432,430839,430911,3,0.000
1780748024.930,252.482,430839,430911,3,0.000
1780748024.980,252.533,430839,430911,3,0.000
1780748025.030,252.583,430839,430911,3,0.000
1780748025.081,252.633,430839,430911,3,0.000
1780748025.131,252.683,430839,430911,3,0.000
1780748025.181,252.734,430839,430911,3,0.000
1780748025.232,252.784,430839,430911,3,0.000
1780748025.282,252.834,430839,430911,3,0.000
1780748025.332,252.885,430839,430911,3,0.000
1780748025.383,252.935,430839,430911,3,0.000
1780748025.433,252.985,430839,430911,3,0.000
1780748025.483,253.036,430839,430911,3,0.000
1780748025.534,253.086,430839,430911,3,0.000
1780748025.584,253.136,430839,430911,3,0.000
1780748025.634,253.187,430839,430911,3,0.000
1780748025.684,253.237,430839,430911,3,0.000
1780748025.735,253.287,430839,430911,3,0.000
1780748025.785,253.337,430839,430911,3,0.000
1780748025.835,253.388,430839,430911,3,0.000
1780748025.886,253.438,430839,430911,3,0.000
1780748025.936,253.488,430839,430911,3,0.000
1780748025.986,253.539,430839,430911,3,0.000
1780748026.037,253.589,430839,430911,3,0.000
1780748026.087,253.640,430839,430911,3,0.000
1780748026.137,253.690,430839,430911,3,0.000
1780748026.188,253.740,430839,430911,3,0.000
1780748026.238,253.790,430839,430911,3,0.000
1780748026.288,253.841,430839,430911,3,0.000
1780748026.339,253.891,430839,430911,3,0.000
1780748026.389,253.941,430839,430911,3,0.000
1780748026.439,253.992,430839,430911,3,0.000
1780748026.490,254.042,430839,430911,3,0.000
1780748026.540,254.092,430839,430911,3,0.000
1780748026.590,254.143,430839,430911,3,0.000
1780748026.641,254.193,430839,430911,3,0.000
1780748026.691,254.243,430839,430911,3,0.000
1780748026.741,254.294,430839,430911,3,0.000
1780748026.791,254.344,430839,430911,3,0.000
1780748026.842,254.394,430839,430911,3,0.000
1780748026.892,254.445,430839,430911,3,0.000
1780748026.942,254.495,430839,430911,3,0.000
1780748026.993,254.545,430839,430911,3,0.000
1780748027.043,254.596,430839,430911,3,0.000
1780748027.093,254.646,430839,430911,3,0.000
1780748027.144,254.696,430839,430911,3,0.000
1780748027.194,254.746,430839,430911,3,0.000
1780748027.244,254.797,430839,430911,3,0.000
1780748027.295,254.847,430839,430911,3,0.000
1780748027.345,254.897,430839,430911,3,0.000
1780748027.395,254.948,430839,430911,3,0.000
1780748027.446,254.998,430839,430911,3,0.000
1780748027.496,255.048,430839,430911,3,0.000
1780748027.546,255.099,430839,430911,3,0.000
1780748027.597,255.149,430839,430911,3,0.000
1780748027.647,255.199,430839,430911,3,0.000
1780748027.697,255.250,430839,430911,3,0.000
1780748027.747,255.300,430839,430911,3,0.000
1780748027.798,255.350,430839,430911,3,0.000
1780748027.848,255.401,430839,430911,3,0.000
1780748027.898,255.451,430839,430911,3,0.000
1780748027.949,255.501,430839,430911,3,0.000
1780748027.999,255.552,430839,430911,3,0.000
1780748028.049,255.602,430839,430911,3,0.000
1780748028.100,255.652,430839,430911,3,0.000
1780748028.150,255.702,430839,430911,3,0.000
1780748028.200,255.753,430839,430911,3,0.000
1780748028.251,255.803,430839,430911,3,0.000
1780748028.301,255.853,430839,430911,3,0.000
1780748028.351,255.904,430839,430911,3,0.000
1780748028.402,255.954,430839,430911,3,0.000
1780748028.452,256.004,430839,430911,3,0.000
1780748028.502,256.055,430839,430911,3,0.000
1780748028.552,256.105,430839,430911,3,0.000
1780748028.603,256.155,430839,430911,3,0.000
1780748028.653,256.206,430839,430911,3,0.000
1780748028.703,256.256,430839,430911,3,0.000
1780748028.754,256.306,430839,430911,3,0.000
1780748028.804,256.356,430839,430911,3,0.000
1780748028.854,256.407,430839,430911,3,0.000
1780748028.905,256.457,430839,430911,3,0.000
1780748028.955,256.507,430839,430911,3,0.000
1780748029.005,256.558,430839,430911,3,0.000
1780748029.056,256.608,430839,430911,3,0.000
1780748029.106,256.658,430839,430911,3,0.000
1780748029.156,256.709,430839,430911,3,0.000
1780748029.207,256.759,430839,430911,3,0.000
1780748029.257,256.809,430839,430911,3,0.000
1780748029.307,256.860,430839,430911,3,0.000
1780748029.358,256.910,430839,430911,3,0.000
1780748029.408,256.960,430839,430911,3,0.000
1780748029.458,257.011,430839,430911,3,0.000
1780748029.509,257.061,430839,430911,3,0.000
1780748029.559,257.111,430839,430911,3,0.000
1780748029.609,257.162,430839,430911,3,0.000
1780748029.659,257.212,430839,430911,3,0.000
1780748029.710,257.262,430839,430911,3,0.000
1780748029.760,257.312,430839,430911,3,0.000
1780748029.810,257.363,430839,430911,3,0.000
1780748029.861,257.413,430839,430911,3,0.000
1780748029.911,257.463,430839,430911,3,0.000
1780748029.961,257.514,430839,430911,3,0.000
1780748030.012,257.564,430839,430911,3,0.000
1780748030.062,257.615,430839,430911,3,0.000
1780748030.113,257.665,430839,430911,3,0.000
1780748030.163,257.715,430839,430911,3,0.000
1780748030.213,257.766,430839,430911,3,0.000
1780748030.264,257.816,430839,430911,3,0.000
1780748030.314,257.866,430839,430911,3,0.000
1780748030.364,257.917,430839,430911,3,0.000
1780748030.415,257.967,430839,430911,3,0.000
1780748030.465,258.017,430839,430911,3,0.000
1780748030.515,258.068,430839,430911,3,0.000
1780748030.565,258.118,430839,430911,3,0.000
1780748030.616,258.168,430839,430911,3,0.000
1780748030.666,258.218,430839,430911,3,0.000
1780748030.716,258.269,430839,430911,3,0.000
1780748030.767,258.319,430839,430911,3,0.000
1780748030.817,258.369,430839,430911,3,0.000
1780748030.867,258.420,430839,430911,3,0.000
1780748030.918,258.470,430839,430911,3,0.000
1780748030.968,258.520,430839,430911,3,0.000
1780748031.018,258.571,430839,430911,3,0.000
1780748031.069,258.621,430839,430911,3,0.000
1780748031.119,258.671,430839,430911,3,0.000
1780748031.169,258.722,430839,430911,3,0.000
1780748031.220,258.772,430839,430911,3,0.000
1780748031.270,258.822,430839,430911,3,0.000
1780748031.320,258.873,430839,430911,3,0.000
1780748031.371,258.923,430839,430911,3,0.000
1780748031.421,258.973,430839,430911,3,0.000
1780748031.471,259.024,430839,430911,3,0.000
1780748031.522,259.074,430839,430911,3,0.000
1780748031.572,259.124,430839,430911,3,0.000
1780748031.622,259.175,430839,430911,3,0.000
1780748031.672,259.225,430839,430911,3,0.000
1780748031.723,259.275,430839,430911,3,0.000
1780748031.773,259.325,430839,430911,3,0.000
1780748031.823,259.376,430839,430911,3,0.000
1780748031.874,259.426,430839,430911,3,0.000
1780748031.924,259.476,430839,430911,3,0.000
1780748031.974,259.527,430839,430911,3,0.000
1780748032.025,259.577,430839,430911,3,0.000
1780748032.075,259.628,430839,430911,3,0.000
1780748032.126,259.678,430839,430911,3,0.000
1780748032.176,259.728,430839,430911,3,0.000
1780748032.226,259.779,430839,430911,3,0.000
1780748032.277,259.829,430839,430911,3,0.000
1780748032.327,259.879,430839,430911,3,0.000
1780748032.377,259.930,430839,430911,3,0.000
1780748032.427,259.980,430839,430911,3,0.000
1780748032.478,260.030,430839,430911,3,0.000
1780748032.528,260.081,430839,430911,3,0.000
1780748032.578,260.131,430839,430911,3,0.000
1780748032.629,260.181,430839,430911,3,0.000
1780748032.679,260.231,430839,430911,3,0.000
1780748032.729,260.282,430839,430911,3,0.000
1780748032.780,260.332,430839,430911,3,0.000
1780748032.830,260.382,430839,430911,3,0.000
1780748032.880,260.433,430839,430911,3,0.000
1780748032.931,260.483,430839,430911,3,0.000
1780748032.981,260.533,430839,430911,3,0.000
1780748033.031,260.584,430839,430911,3,0.000
1780748033.082,260.634,430839,430911,3,0.000
1780748033.132,260.684,430839,430911,3,0.000
1780748033.182,260.735,430839,430911,3,0.000
1780748033.233,260.785,430839,430911,3,0.000
1780748033.283,260.835,430839,430911,3,0.000
1780748033.333,260.886,430839,430911,3,0.000
1780748033.384,260.936,430839,430911,3,0.000
1780748033.434,260.986,430839,430911,3,0.000
1780748033.484,261.037,430839,430911,3,0.000
1780748033.534,261.087,430839,430911,3,0.000
1780748033.585,261.137,430839,430911,3,0.000
1780748033.635,261.188,430839,430911,3,0.000
1780748033.685,261.238,430839,430911,3,0.000
1780748033.736,261.288,430839,430911,3,0.000
1780748033.786,261.338,430839,430911,3,0.000
1780748033.836,261.389,430839,430911,3,0.000
1780748033.887,261.439,430839,430911,3,0.000
1780748033.937,261.489,430839,430911,3,0.000
1780748033.987,261.540,430839,430911,3,0.000
1780748034.038,261.590,430839,430911,3,0.000
1780748034.088,261.640,430839,430911,3,0.000
1780748034.138,261.691,430839,430911,3,0.000
1780748034.189,261.741,430839,430911,3,0.000
1780748034.239,261.791,430839,430911,3,0.000
1780748034.289,261.842,430839,430911,3,0.000
1780748034.340,261.892,430839,430911,3,0.000
1780748034.390,261.942,430839,430911,3,0.000
1780748034.440,261.993,430839,430911,3,0.000
1780748034.491,262.043,430839,430911,3,0.000
1780748034.541,262.093,430839,430911,3,0.000
1780748034.591,262.144,430839,430911,3,0.000
1780748034.641,262.194,430839,430911,3,0.000
1780748034.692,262.244,430839,430911,3,0.000
1780748034.742,262.295,430839,430911,3,0.000
1780748034.793,262.345,430839,430911,3,0.000
1780748034.843,262.395,430839,430911,3,0.000
1780748034.893,262.446,430839,430911,3,0.000
1780748034.944,262.496,430839,430911,3,0.000
1780748034.994,262.546,430839,430911,3,0.000
1780748035.044,262.597,430839,430911,3,0.000
1780748035.095,262.647,430839,430911,3,0.000
1780748035.145,262.697,430839,430911,3,0.000
1780748035.195,262.748,430839,430911,3,0.000
1780748035.246,262.798,430839,430911,3,0.000
1780748035.296,262.848,430839,430911,3,0.000
1780748035.346,262.899,430839,430911,3,0.000
1780748035.397,262.949,430839,430911,3,0.000
1780748035.447,262.999,430839,430911,3,0.000
1780748035.497,263.050,430839,430911,3,0.000
1780748035.547,263.100,430839,430911,3,0.000
1780748035.598,263.150,430839,430911,3,0.000
1780748035.648,263.200,430839,430911,3,0.000
1780748035.698,263.251,430839,430911,3,0.000
1780748035.749,263.301,430839,430911,3,0.000
1780748035.799,263.351,430839,430911,3,0.000
1780748035.849,263.402,430839,430911,3,0.000
1780748035.900,263.452,430839,430911,3,0.000
1780748035.950,263.502,430839,430911,3,0.000
1780748036.000,263.553,430839,430911,3,0.000
1780748036.051,263.603,430839,430911,3,0.000
1780748036.101,263.653,430839,430911,3,0.000
1780748036.151,263.704,430839,430911,3,0.000
1780748036.202,263.754,430839,430911,3,0.000
1780748036.252,263.804,430839,430911,3,0.000
1780748036.302,263.855,430839,430911,3,0.000
1780748036.353,263.905,430839,430911,3,0.000
1780748036.403,263.955,430839,430911,3,0.000
1780748036.453,264.006,430839,430911,3,0.000
1780748036.504,264.056,430839,430911,3,0.000
1780748036.554,264.106,430839,430911,3,0.000
1780748036.604,264.157,430839,430911,3,0.000
1780748036.654,264.207,430839,430911,3,0.000
1780748036.705,264.257,430839,430911,3,0.000
1780748036.755,264.307,430839,430911,3,0.000
1780748036.805,264.358,430839,430911,3,0.000
1780748036.856,264.408,430839,430911,3,0.000
1780748036.906,264.458,430839,430911,3,0.000
1780748036.956,264.509,430839,430911,3,0.000
1780748037.007,264.559,430839,430911,3,0.000
1780748037.057,264.609,430839,430911,3,0.000
1780748037.107,264.660,430839,430911,3,0.000
1780748037.158,264.710,430839,430911,3,0.000
1780748037.208,264.760,430839,430911,3,0.000
1780748037.258,264.811,430839,430911,3,0.000
1780748037.309,264.861,430839,430911,3,0.000
1780748037.359,264.911,430839,430911,3,0.000
1780748037.409,264.962,430839,430911,3,0.000
1780748037.459,265.012,430839,430911,3,0.000
1780748037.510,265.062,430839,430911,3,0.000
1780748037.560,265.113,430839,430911,3,0.000
1780748037.610,265.163,430839,430911,3,0.000
1780748037.661,265.213,430839,430911,3,0.000
1780748037.711,265.263,430839,430911,3,0.000
1780748037.761,265.314,430839,430911,3,0.000
1780748037.812,265.364,430839,430911,3,0.000
1780748037.862,265.414,430839,430911,3,0.000
1780748037.912,265.465,430839,430911,3,0.000
1780748037.963,265.515,430839,430911,3,0.000
1780748038.013,265.565,430839,430911,3,0.000
1780748038.063,265.616,430839,430911,3,0.000
1780748038.114,265.666,430839,430911,3,0.000
1780748038.164,265.716,430839,430911,3,0.000
1780748038.214,265.767,430839,430911,3,0.000
1780748038.265,265.817,430839,430911,3,0.000
1780748038.315,265.867,430839,430911,3,0.000
1780748038.365,265.918,430839,430911,3,19.875
1780748038.416,265.968,430839,430911,3,0.000
1780748038.466,266.019,430839,430911,3,0.000
1780748038.517,266.069,430839,430911,3,0.000
1780748038.567,266.119,430839,430911,3,0.000
1780748038.617,266.170,430839,430911,3,0.000
1780748038.668,266.220,430839,430911,3,0.000
1780748038.718,266.270,430839,430911,3,0.000
1780748039.300,266.852,430839,430911,3,1.718
1780748039.351,266.903,430839,430911,3,0.000
1780748039.401,266.953,430839,430911,3,0.000
1780748039.451,267.004,430839,430911,3,0.000
1780748039.502,267.054,430839,430911,3,0.000
1780748039.552,267.104,430839,430911,3,0.000
1780748039.602,267.155,430839,430911,3,0.000
1780748039.652,267.205,430839,430911,3,0.000
1780748039.703,267.255,430839,430911,3,0.000
1780748039.753,267.306,430839,430911,3,0.000
1780748039.803,267.356,430839,430911,3,0.000
1780748039.854,267.406,430839,430911,3,0.000
1780748039.904,267.457,430839,430911,3,0.000
1780748039.954,267.507,430839,430911,3,0.000
1780748040.005,267.557,430839,430911,3,0.000
1780748040.055,267.608,430839,430911,3,0.000
1780748040.105,267.658,430839,430911,3,0.000
1780748040.156,267.708,430839,430911,3,0.000
1780748040.206,267.758,430839,430911,3,0.000
1780748040.256,267.809,430839,430911,3,0.000
1780748040.307,267.859,430839,430911,3,0.000
1780748040.357,267.909,430839,430911,3,0.000
1780748040.407,267.960,430839,430911,3,0.000
1780748040.458,268.010,430839,430911,3,0.000
1780748040.508,268.060,430839,430911,3,0.000
1780748040.558,268.111,430839,430911,3,0.000
1780748040.609,268.161,430839,430911,3,0.000
1780748040.659,268.211,430839,430911,3,0.000
1780748040.709,268.262,430839,430911,3,0.000
1780748040.760,268.312,430839,430911,3,0.000
1780748040.810,268.362,430839,430911,3,0.000
1780748040.860,268.413,430839,430911,3,0.000
1780748040.911,268.463,430839,430911,3,0.000
1780748040.961,268.513,430839,430911,3,0.000
1780748041.011,268.564,430839,430911,3,0.000
1780748041.062,268.614,430839,430911,3,0.000
1780748041.112,268.664,430839,430911,3,0.000
1780748041.162,268.715,430839,430911,3,0.000
1780748041.213,268.765,430839,430911,3,0.000
1780748041.263,268.815,430839,430911,3,0.000
1780748041.313,268.866,430839,430911,3,0.000
1780748041.363,268.916,430839,430911,3,0.000
1780748041.414,268.966,430839,430911,3,0.000
1780748041.464,269.016,430839,430911,3,0.000
1780748041.514,269.067,430839,430911,3,0.000
1780748041.565,269.117,430839,430911,3,0.000
1780748041.615,269.167,430839,430911,3,0.000
1780748041.665,269.218,430839,430911,3,0.000
1780748041.716,269.268,430839,430911,3,0.000
1780748041.766,269.318,430839,430911,1,0.000
1780748041.816,269.369,430839,430911,1,0.000
1780748041.867,269.419,430839,430911,1,0.000
1780748041.917,269.469,430839,430911,1,0.000
1780748041.967,269.520,430839,430911,1,0.000
1780748042.018,269.570,430839,430911,1,0.000
1780748042.068,269.620,430839,430911,1,0.000
1780748042.118,269.671,430839,430911,1,0.000
1780748042.169,269.721,430839,430911,1,0.000
1780748042.219,269.771,430839,430911,1,0.000
1780748042.269,269.822,430839,430911,1,0.000
1780748042.320,269.872,430839,430911,1,0.000
1780748042.370,269.922,430839,430911,1,0.000
1780748042.420,269.973,430839,430911,1,0.000
1780748042.471,270.023,430839,430911,1,0.000
1780748042.521,270.073,430839,430911,1,0.000
1780748042.571,270.124,430839,430911,1,0.000
1780748042.622,270.174,430839,430911,1,0.000
1780748042.672,270.224,430839,430911,1,0.000
1780748042.722,270.275,430839,430911,1,0.000
1780748042.773,270.325,430839,430911,1,0.000
1780748042.823,270.375,430839,430911,1,0.000
1780748042.873,270.426,430839,430911,1,0.000
1780748042.924,270.476,430839,430911,1,0.000
1780748042.974,270.526,430839,430911,1,0.000
1780748043.024,270.577,430839,430911,1,0.000
1780748043.075,270.627,430839,430911,1,0.000
1780748043.125,270.677,430839,430911,1,0.000
1780748043.175,270.728,430839,430911,1,0.000
1780748043.226,270.778,430839,430911,1,0.000
1780748043.276,270.828,430839,430911,1,0.000
1780748043.326,270.879,430839,430911,1,0.000
1780748043.377,270.929,430839,430911,1,0.000
1780748043.427,270.979,430839,430911,1,0.000
1780748043.477,271.030,430839,430911,1,0.000
1780748043.528,271.080,430839,430911,1,0.000
1780748043.578,271.130,430839,430911,1,0.000
1780748043.628,271.181,430839,430911,1,0.000
1780748043.678,271.231,430839,430911,1,0.000
1780748043.729,271.281,430839,430911,1,0.000
1780748044.924,272.476,430839,430911,1,0.000
