wall_time_unix,elapsed_s,launcher_pid,ov2slam_pid,tid,comm,last_cpu,thread_cpu_percent
1781208247.123,0.051,9382,9454,9454,ov2slam_node,3,0.000
1781208247.123,0.051,9382,9454,9455,ov2slam_nod-ust,1,0.000
1781208247.123,0.051,9382,9454,9456,ov2slam_nod-ust,2,0.000
1781208247.123,0.051,9382,9454,9457,ov2slam_node,1,0.000
1781208247.123,0.051,9382,9454,9458,ov2slam_node,2,0.000
1781208247.123,0.051,9382,9454,9459,gc,1,0.000
1781208247.123,0.051,9382,9454,9460,dq.builtins,2,0.000
1781208247.123,0.051,9382,9454,9461,dq.user,1,0.000
1781208247.123,0.051,9382,9454,9462,tev,2,0.000
1781208247.123,0.051,9382,9454,9463,recv,1,0.000
1781208247.123,0.051,9382,9454,9464,recvUC,2,0.000
1781208247.123,0.051,9382,9454,9465,ov2slam_node,1,0.000
1781208247.123,0.051,9382,9454,9466,ov2slam_node,1,0.000
1781208247.123,0.051,9382,9454,9467,ov2_map,1,0.000
1781208247.123,0.051,9382,9454,9468,ov2_est,2,0.000
1781208247.123,0.051,9382,9454,9470,ov2_main,1,0.000
1781208247.123,0.051,9382,9454,9471,ov2_feed,2,0.000
1781208247.175,0.103,9382,9454,9454,ov2slam_node,3,0.000
1781208247.175,0.103,9382,9454,9455,ov2slam_nod-ust,1,0.000
1781208247.175,0.103,9382,9454,9456,ov2slam_nod-ust,2,0.000
1781208247.175,0.103,9382,9454,9457,ov2slam_node,1,0.000
1781208247.175,0.103,9382,9454,9458,ov2slam_node,2,0.000
1781208247.175,0.103,9382,9454,9459,gc,1,0.000
1781208247.175,0.103,9382,9454,9460,dq.builtins,2,0.000
1781208247.175,0.103,9382,9454,9461,dq.user,1,0.000
1781208247.175,0.103,9382,9454,9462,tev,2,0.000
1781208247.175,0.103,9382,9454,9463,recv,1,0.000
1781208247.175,0.103,9382,9454,9464,recvUC,2,0.000
1781208247.175,0.103,9382,9454,9465,ov2slam_node,1,0.000
1781208247.175,0.103,9382,9454,9466,ov2slam_node,1,0.000
1781208247.175,0.103,9382,9454,9467,ov2_map,1,0.000
1781208247.175,0.103,9382,9454,9468,ov2_est,2,0.000
1781208247.175,0.103,9382,9454,9470,ov2_main,1,0.000
1781208247.175,0.103,9382,9454,9471,ov2_feed,2,0.000
1781208247.227,0.155,9382,9454,9454,ov2slam_node,3,0.000
1781208247.227,0.155,9382,9454,9455,ov2slam_nod-ust,1,0.000
1781208247.227,0.155,9382,9454,9456,ov2slam_nod-ust,2,0.000
1781208247.227,0.155,9382,9454,9457,ov2slam_node,1,0.000
1781208247.227,0.155,9382,9454,9458,ov2slam_node,2,0.000
1781208247.227,0.155,9382,9454,9459,gc,1,0.000
1781208247.227,0.155,9382,9454,9460,dq.builtins,2,0.000
1781208247.227,0.155,9382,9454,9461,dq.user,1,0.000
1781208247.227,0.155,9382,9454,9462,tev,2,0.000
1781208247.227,0.155,9382,9454,9463,recv,1,0.000
1781208247.227,0.155,9382,9454,9464,recvUC,2,0.000
1781208247.227,0.155,9382,9454,9465,ov2slam_node,1,0.000
1781208247.227,0.155,9382,9454,9466,ov2slam_node,1,0.000
1781208247.227,0.155,9382,9454,9467,ov2_map,1,0.000
1781208247.227,0.155,9382,9454,9468,ov2_est,2,0.000
1781208247.227,0.155,9382,9454,9470,ov2_main,1,0.000
1781208247.227,0.155,9382,9454,9471,ov2_feed,2,0.000
1781208247.278,0.206,9382,9454,9454,ov2slam_node,3,0.000
1781208247.278,0.206,9382,9454,9455,ov2slam_nod-ust,1,0.000
1781208247.278,0.206,9382,9454,9456,ov2slam_nod-ust,2,0.000
1781208247.278,0.206,9382,9454,9457,ov2slam_node,1,0.000
1781208247.278,0.206,9382,9454,9458,ov2slam_node,2,0.000
1781208247.278,0.206,9382,9454,9459,gc,1,0.000
1781208247.278,0.206,9382,9454,9460,dq.builtins,2,0.000
1781208247.278,0.206,9382,9454,9461,dq.user,1,0.000
1781208247.278,0.206,9382,9454,9462,tev,2,0.000
1781208247.278,0.206,9382,9454,9463,recv,1,0.000
1781208247.278,0.206,9382,9454,9464,recvUC,2,0.000
1781208247.278,0.206,9382,9454,9465,ov2slam_node,1,0.000
1781208247.278,0.206,9382,9454,9466,ov2slam_node,1,0.000
1781208247.278,0.206,9382,9454,9467,ov2_map,1,0.000
1781208247.278,0.206,9382,9454,9468,ov2_est,2,0.000
1781208247.278,0.206,9382,9454,9470,ov2_main,1,0.000
1781208247.278,0.206,9382,9454,9471,ov2_feed,2,0.000
1781208247.329,0.257,9382,9454,9454,ov2slam_node,3,0.000
1781208247.329,0.257,9382,9454,9455,ov2slam_nod-ust,1,0.000
1781208247.329,0.257,9382,9454,9456,ov2slam_nod-ust,2,0.000
1781208247.329,0.257,9382,9454,9457,ov2slam_node,1,0.000
1781208247.329,0.257,9382,9454,9458,ov2slam_node,2,0.000
1781208247.329,0.257,9382,9454,9459,gc,1,0.000
1781208247.329,0.257,9382,9454,9460,dq.builtins,2,0.000
1781208247.329,0.257,9382,9454,9461,dq.user,1,0.000
1781208247.329,0.257,9382,9454,9462,tev,2,0.000
1781208247.329,0.257,9382,9454,9463,recv,1,0.000
1781208247.329,0.257,9382,9454,9464,recvUC,2,0.000
1781208247.329,0.257,9382,9454,9465,ov2slam_node,1,0.000
1781208247.329,0.257,9382,9454,9466,ov2slam_node,1,0.000
1781208247.329,0.257,9382,9454,9467,ov2_map,1,0.000
1781208247.329,0.257,9382,9454,9468,ov2_est,2,0.000
1781208247.329,0.257,9382,9454,9470,ov2_main,1,0.000
1781208247.329,0.257,9382,9454,9471,ov2_feed,2,0.000
1781208247.381,0.309,9382,9454,9454,ov2slam_node,3,0.000
1781208247.381,0.309,9382,9454,9455,ov2slam_nod-ust,1,0.000
1781208247.381,0.309,9382,9454,9456,ov2slam_nod-ust,2,0.000
1781208247.381,0.309,9382,9454,9457,ov2slam_node,1,0.000
1781208247.381,0.309,9382,9454,9458,ov2slam_node,2,0.000
1781208247.381,0.309,9382,9454,9459,gc,1,0.000
1781208247.381,0.309,9382,9454,9460,dq.builtins,2,0.000
1781208247.381,0.309,9382,9454,9461,dq.user,1,0.000
1781208247.381,0.309,9382,9454,9462,tev,2,0.000
1781208247.381,0.309,9382,9454,9463,recv,1,0.000
1781208247.381,0.309,9382,9454,9464,recvUC,2,0.000
1781208247.381,0.309,9382,9454,9465,ov2slam_node,1,0.000
1781208247.381,0.309,9382,9454,9466,ov2slam_node,1,0.000
1781208247.381,0.309,9382,9454,9467,ov2_map,1,0.000
1781208247.381,0.309,9382,9454,9468,ov2_est,2,0.000
1781208247.381,0.309,9382,9454,9470,ov2_main,1,0.000
1781208247.381,0.309,9382,9454,9471,ov2_feed,2,0.000
1781208247.432,0.360,9382,9454,9454,ov2slam_node,3,0.000
1781208247.432,0.360,9382,9454,9455,ov2slam_nod-ust,1,0.000
1781208247.432,0.360,9382,9454,9456,ov2slam_nod-ust,2,0.000
1781208247.432,0.360,9382,9454,9457,ov2slam_node,1,0.000
1781208247.432,0.360,9382,9454,9458,ov2slam_node,2,0.000
1781208247.432,0.360,9382,9454,9459,gc,1,0.000
1781208247.432,0.360,9382,9454,9460,dq.builtins,2,0.000
1781208247.432,0.360,9382,9454,9461,dq.user,1,0.000
1781208247.432,0.360,9382,9454,9462,tev,2,0.000
1781208247.432,0.360,9382,9454,9463,recv,1,0.000
1781208247.432,0.360,9382,9454,9464,recvUC,2,0.000
1781208247.432,0.360,9382,9454,9465,ov2slam_node,1,0.000
1781208247.432,0.360,9382,9454,9466,ov2slam_node,1,0.000
1781208247.432,0.360,9382,9454,9467,ov2_map,1,0.000
1781208247.432,0.360,9382,9454,9468,ov2_est,2,19.472
1781208247.432,0.360,9382,9454,9470,ov2_main,1,0.000
1781208247.432,0.360,9382,9454,9471,ov2_feed,2,0.000
1781208247.484,0.412,9382,9454,9454,ov2slam_node,3,0.000
1781208247.484,0.412,9382,9454,9455,ov2slam_nod-ust,1,0.000
1781208247.484,0.412,9382,9454,9456,ov2slam_nod-ust,2,0.000
1781208247.484,0.412,9382,9454,9457,ov2slam_node,1,0.000
1781208247.484,0.412,9382,9454,9458,ov2slam_node,2,0.000
1781208247.484,0.412,9382,9454,9459,gc,1,0.000
1781208247.484,0.412,9382,9454,9460,dq.builtins,2,0.000
1781208247.484,0.412,9382,9454,9461,dq.user,1,0.000
1781208247.484,0.412,9382,9454,9462,tev,2,0.000
1781208247.484,0.412,9382,9454,9463,recv,1,0.000
1781208247.484,0.412,9382,9454,9464,recvUC,2,0.000
1781208247.484,0.412,9382,9454,9465,ov2slam_node,1,0.000
1781208247.484,0.412,9382,9454,9466,ov2slam_node,1,0.000
1781208247.484,0.412,9382,9454,9467,ov2_map,1,0.000
1781208247.484,0.412,9382,9454,9468,ov2_est,2,0.000
1781208247.484,0.412,9382,9454,9470,ov2_main,1,0.000
1781208247.484,0.412,9382,9454,9471,ov2_feed,2,0.000
1781208247.535,0.463,9382,9454,9454,ov2slam_node,3,0.000
1781208247.535,0.463,9382,9454,9455,ov2slam_nod-ust,1,0.000
1781208247.535,0.463,9382,9454,9456,ov2slam_nod-ust,2,0.000
1781208247.535,0.463,9382,9454,9457,ov2slam_node,1,0.000
1781208247.535,0.463,9382,9454,9458,ov2slam_node,2,0.000
1781208247.535,0.463,9382,9454,9459,gc,1,0.000
1781208247.535,0.463,9382,9454,9460,dq.builtins,2,0.000
1781208247.535,0.463,9382,9454,9461,dq.user,1,0.000
1781208247.535,0.463,9382,9454,9462,tev,2,0.000
1781208247.535,0.463,9382,9454,9463,recv,1,0.000
1781208247.535,0.463,9382,9454,9464,recvUC,2,0.000
1781208247.535,0.463,9382,9454,9465,ov2slam_node,1,0.000
1781208247.535,0.463,9382,9454,9466,ov2slam_node,1,0.000
1781208247.535,0.463,9382,9454,9467,ov2_map,1,0.000
1781208247.535,0.463,9382,9454,9468,ov2_est,2,0.000
1781208247.535,0.463,9382,9454,9470,ov2_main,1,0.000
1781208247.535,0.463,9382,9454,9471,ov2_feed,2,0.000
1781208247.586,0.514,9382,9454,9454,ov2slam_node,3,0.000
1781208247.586,0.514,9382,9454,9455,ov2slam_nod-ust,1,0.000
1781208247.586,0.514,9382,9454,9456,ov2slam_nod-ust,2,0.000
1781208247.586,0.514,9382,9454,9457,ov2slam_node,1,0.000
1781208247.586,0.514,9382,9454,9458,ov2slam_node,2,0.000
1781208247.586,0.514,9382,9454,9459,gc,1,0.000
1781208247.586,0.514,9382,9454,9460,dq.builtins,2,0.000
1781208247.586,0.514,9382,9454,9461,dq.user,1,0.000
1781208247.586,0.514,9382,9454,9462,tev,2,0.000
1781208247.586,0.514,9382,9454,9463,recv,1,0.000
1781208247.586,0.514,9382,9454,9464,recvUC,2,0.000
1781208247.586,0.514,9382,9454,9465,ov2slam_node,1,0.000
1781208247.586,0.514,9382,9454,9466,ov2slam_node,1,0.000
1781208247.586,0.514,9382,9454,9467,ov2_map,1,0.000
1781208247.586,0.514,9382,9454,9468,ov2_est,2,0.000
1781208247.586,0.514,9382,9454,9470,ov2_main,1,0.000
1781208247.586,0.514,9382,9454,9471,ov2_feed,2,0.000
1781208247.638,0.566,9382,9454,9454,ov2slam_node,3,0.000
1781208247.638,0.566,9382,9454,9455,ov2slam_nod-ust,1,0.000
1781208247.638,0.566,9382,9454,9456,ov2slam_nod-ust,2,0.000
1781208247.638,0.566,9382,9454,9457,ov2slam_node,1,0.000
1781208247.638,0.566,9382,9454,9458,ov2slam_node,2,0.000
1781208247.638,0.566,9382,9454,9459,gc,1,0.000
1781208247.638,0.566,9382,9454,9460,dq.builtins,2,0.000
1781208247.638,0.566,9382,9454,9461,dq.user,1,0.000
1781208247.638,0.566,9382,9454,9462,tev,2,0.000
1781208247.638,0.566,9382,9454,9463,recv,1,0.000
1781208247.638,0.566,9382,9454,9464,recvUC,2,0.000
1781208247.638,0.566,9382,9454,9465,ov2slam_node,1,0.000
1781208247.638,0.566,9382,9454,9466,ov2slam_node,1,0.000
1781208247.638,0.566,9382,9454,9467,ov2_map,1,0.000
1781208247.638,0.566,9382,9454,9468,ov2_est,2,0.000
1781208247.638,0.566,9382,9454,9470,ov2_main,1,0.000
1781208247.638,0.566,9382,9454,9471,ov2_feed,2,0.000
1781208247.689,0.617,9382,9454,9454,ov2slam_node,3,0.000
1781208247.689,0.617,9382,9454,9455,ov2slam_nod-ust,1,0.000
1781208247.689,0.617,9382,9454,9456,ov2slam_nod-ust,2,0.000
1781208247.689,0.617,9382,9454,9457,ov2slam_node,1,0.000
1781208247.689,0.617,9382,9454,9458,ov2slam_node,2,0.000
1781208247.689,0.617,9382,9454,9459,gc,1,0.000
1781208247.689,0.617,9382,9454,9460,dq.builtins,2,0.000
1781208247.689,0.617,9382,9454,9461,dq.user,1,0.000
1781208247.689,0.617,9382,9454,9462,tev,2,0.000
1781208247.689,0.617,9382,9454,9463,recv,1,0.000
1781208247.689,0.617,9382,9454,9464,recvUC,2,0.000
1781208247.689,0.617,9382,9454,9465,ov2slam_node,1,0.000
1781208247.689,0.617,9382,9454,9466,ov2slam_node,1,0.000
1781208247.689,0.617,9382,9454,9467,ov2_map,1,0.000
1781208247.689,0.617,9382,9454,9468,ov2_est,2,0.000
1781208247.689,0.617,9382,9454,9470,ov2_main,1,0.000
1781208247.689,0.617,9382,9454,9471,ov2_feed,2,0.000
1781208247.741,0.668,9382,9454,9454,ov2slam_node,3,0.000
1781208247.741,0.668,9382,9454,9455,ov2slam_nod-ust,1,0.000
1781208247.741,0.668,9382,9454,9456,ov2slam_nod-ust,2,0.000
1781208247.741,0.668,9382,9454,9457,ov2slam_node,1,0.000
1781208247.741,0.668,9382,9454,9458,ov2slam_node,2,0.000
1781208247.741,0.668,9382,9454,9459,gc,1,0.000
1781208247.741,0.668,9382,9454,9460,dq.builtins,2,0.000
1781208247.741,0.668,9382,9454,9461,dq.user,1,0.000
1781208247.741,0.668,9382,9454,9462,tev,2,0.000
1781208247.741,0.668,9382,9454,9463,recv,1,0.000
1781208247.741,0.668,9382,9454,9464,recvUC,2,0.000
1781208247.741,0.668,9382,9454,9465,ov2slam_node,1,0.000
1781208247.741,0.668,9382,9454,9466,ov2slam_node,1,0.000
1781208247.741,0.668,9382,9454,9467,ov2_map,1,0.000
1781208247.741,0.668,9382,9454,9468,ov2_est,2,0.000
1781208247.741,0.668,9382,9454,9470,ov2_main,1,0.000
1781208247.741,0.668,9382,9454,9471,ov2_feed,2,0.000
1781208247.792,0.720,9382,9454,9454,ov2slam_node,3,0.000
1781208247.792,0.720,9382,9454,9455,ov2slam_nod-ust,1,0.000
1781208247.792,0.720,9382,9454,9456,ov2slam_nod-ust,2,0.000
1781208247.792,0.720,9382,9454,9457,ov2slam_node,1,0.000
1781208247.792,0.720,9382,9454,9458,ov2slam_node,2,0.000
1781208247.792,0.720,9382,9454,9459,gc,1,0.000
1781208247.792,0.720,9382,9454,9460,dq.builtins,2,0.000
1781208247.792,0.720,9382,9454,9461,dq.user,1,0.000
1781208247.792,0.720,9382,9454,9462,tev,2,0.000
1781208247.792,0.720,9382,9454,9463,recv,1,0.000
1781208247.792,0.720,9382,9454,9464,recvUC,2,0.000
1781208247.792,0.720,9382,9454,9465,ov2slam_node,1,0.000
1781208247.792,0.720,9382,9454,9466,ov2slam_node,1,0.000
1781208247.792,0.720,9382,9454,9467,ov2_map,1,19.467
1781208247.792,0.720,9382,9454,9468,ov2_est,2,19.467
1781208247.792,0.720,9382,9454,9470,ov2_main,1,0.000
1781208247.792,0.720,9382,9454,9471,ov2_feed,2,0.000
1781208247.843,0.771,9382,9454,9454,ov2slam_node,3,0.000
1781208247.843,0.771,9382,9454,9455,ov2slam_nod-ust,1,0.000
1781208247.843,0.771,9382,9454,9456,ov2slam_nod-ust,2,0.000
1781208247.843,0.771,9382,9454,9457,ov2slam_node,1,0.000
1781208247.843,0.771,9382,9454,9458,ov2slam_node,2,0.000
1781208247.843,0.771,9382,9454,9459,gc,1,0.000
1781208247.843,0.771,9382,9454,9460,dq.builtins,2,0.000
1781208247.843,0.771,9382,9454,9461,dq.user,1,0.000
1781208247.843,0.771,9382,9454,9462,tev,2,0.000
1781208247.843,0.771,9382,9454,9463,recv,1,0.000
1781208247.843,0.771,9382,9454,9464,recvUC,2,0.000
1781208247.843,0.771,9382,9454,9465,ov2slam_node,1,0.000
1781208247.843,0.771,9382,9454,9466,ov2slam_node,1,0.000
1781208247.843,0.771,9382,9454,9467,ov2_map,1,0.000
1781208247.843,0.771,9382,9454,9468,ov2_est,2,0.000
1781208247.843,0.771,9382,9454,9470,ov2_main,1,0.000
1781208247.843,0.771,9382,9454,9471,ov2_feed,2,0.000
1781208247.895,0.823,9382,9454,9454,ov2slam_node,3,0.000
1781208247.895,0.823,9382,9454,9455,ov2slam_nod-ust,1,0.000
1781208247.895,0.823,9382,9454,9456,ov2slam_nod-ust,2,0.000
1781208247.895,0.823,9382,9454,9457,ov2slam_node,1,0.000
1781208247.895,0.823,9382,9454,9458,ov2slam_node,2,0.000
1781208247.895,0.823,9382,9454,9459,gc,1,0.000
1781208247.895,0.823,9382,9454,9460,dq.builtins,2,0.000
1781208247.895,0.823,9382,9454,9461,dq.user,1,0.000
1781208247.895,0.823,9382,9454,9462,tev,2,0.000
1781208247.895,0.823,9382,9454,9463,recv,1,0.000
1781208247.895,0.823,9382,9454,9464,recvUC,2,0.000
1781208247.895,0.823,9382,9454,9465,ov2slam_node,1,0.000
1781208247.895,0.823,9382,9454,9466,ov2slam_node,1,0.000
1781208247.895,0.823,9382,9454,9467,ov2_map,1,0.000
1781208247.895,0.823,9382,9454,9468,ov2_est,2,0.000
1781208247.895,0.823,9382,9454,9470,ov2_main,1,0.000
1781208247.895,0.823,9382,9454,9471,ov2_feed,2,0.000
1781208247.946,0.874,9382,9454,9454,ov2slam_node,3,0.000
1781208247.946,0.874,9382,9454,9455,ov2slam_nod-ust,1,0.000
1781208247.946,0.874,9382,9454,9456,ov2slam_nod-ust,2,0.000
1781208247.946,0.874,9382,9454,9457,ov2slam_node,1,0.000
1781208247.946,0.874,9382,9454,9458,ov2slam_node,2,0.000
1781208247.946,0.874,9382,9454,9459,gc,1,0.000
1781208247.946,0.874,9382,9454,9460,dq.builtins,2,0.000
1781208247.946,0.874,9382,9454,9461,dq.user,1,0.000
1781208247.946,0.874,9382,9454,9462,tev,2,0.000
1781208247.946,0.874,9382,9454,9463,recv,1,0.000
1781208247.946,0.874,9382,9454,9464,recvUC,2,0.000
1781208247.946,0.874,9382,9454,9465,ov2slam_node,1,0.000
1781208247.946,0.874,9382,9454,9466,ov2slam_node,1,0.000
1781208247.946,0.874,9382,9454,9467,ov2_map,1,0.000
1781208247.946,0.874,9382,9454,9468,ov2_est,2,0.000
1781208247.946,0.874,9382,9454,9470,ov2_main,1,0.000
1781208247.946,0.874,9382,9454,9471,ov2_feed,2,0.000
1781208247.997,0.925,9382,9454,9454,ov2slam_node,3,0.000
1781208247.997,0.925,9382,9454,9455,ov2slam_nod-ust,1,0.000
1781208247.997,0.925,9382,9454,9456,ov2slam_nod-ust,2,0.000
1781208247.997,0.925,9382,9454,9457,ov2slam_node,1,0.000
1781208247.997,0.925,9382,9454,9458,ov2slam_node,2,0.000
1781208247.997,0.925,9382,9454,9459,gc,1,0.000
1781208247.997,0.925,9382,9454,9460,dq.builtins,2,0.000
1781208247.997,0.925,9382,9454,9461,dq.user,1,0.000
1781208247.997,0.925,9382,9454,9462,tev,2,0.000
1781208247.997,0.925,9382,9454,9463,recv,1,0.000
1781208247.997,0.925,9382,9454,9464,recvUC,2,0.000
1781208247.997,0.925,9382,9454,9465,ov2slam_node,1,0.000
1781208247.997,0.925,9382,9454,9466,ov2slam_node,1,0.000
1781208247.997,0.925,9382,9454,9467,ov2_map,1,0.000
1781208247.997,0.925,9382,9454,9468,ov2_est,2,0.000
1781208247.997,0.925,9382,9454,9470,ov2_main,1,0.000
1781208247.997,0.925,9382,9454,9471,ov2_feed,2,0.000
1781208248.049,0.977,9382,9454,9454,ov2slam_node,3,0.000
1781208248.049,0.977,9382,9454,9455,ov2slam_nod-ust,1,0.000
1781208248.049,0.977,9382,9454,9456,ov2slam_nod-ust,2,0.000
1781208248.049,0.977,9382,9454,9457,ov2slam_node,1,0.000
1781208248.049,0.977,9382,9454,9458,ov2slam_node,2,0.000
1781208248.049,0.977,9382,9454,9459,gc,1,0.000
1781208248.049,0.977,9382,9454,9460,dq.builtins,2,0.000
1781208248.049,0.977,9382,9454,9461,dq.user,1,0.000
1781208248.049,0.977,9382,9454,9462,tev,2,0.000
1781208248.049,0.977,9382,9454,9463,recv,1,0.000
1781208248.049,0.977,9382,9454,9464,recvUC,2,0.000
1781208248.049,0.977,9382,9454,9465,ov2slam_node,1,0.000
1781208248.049,0.977,9382,9454,9466,ov2slam_node,1,0.000
1781208248.049,0.977,9382,9454,9467,ov2_map,1,0.000
1781208248.049,0.977,9382,9454,9468,ov2_est,2,0.000
1781208248.049,0.977,9382,9454,9470,ov2_main,1,0.000
1781208248.049,0.977,9382,9454,9471,ov2_feed,2,0.000
1781208248.100,1.028,9382,9454,9454,ov2slam_node,3,0.000
1781208248.100,1.028,9382,9454,9455,ov2slam_nod-ust,1,0.000
1781208248.100,1.028,9382,9454,9456,ov2slam_nod-ust,2,0.000
1781208248.100,1.028,9382,9454,9457,ov2slam_node,1,0.000
1781208248.100,1.028,9382,9454,9458,ov2slam_node,2,0.000
1781208248.100,1.028,9382,9454,9459,gc,1,0.000
1781208248.100,1.028,9382,9454,9460,dq.builtins,2,0.000
1781208248.100,1.028,9382,9454,9461,dq.user,1,0.000
1781208248.100,1.028,9382,9454,9462,tev,2,0.000
1781208248.100,1.028,9382,9454,9463,recv,1,0.000
1781208248.100,1.028,9382,9454,9464,recvUC,2,0.000
1781208248.100,1.028,9382,9454,9465,ov2slam_node,1,0.000
1781208248.100,1.028,9382,9454,9466,ov2slam_node,1,0.000
1781208248.100,1.028,9382,9454,9467,ov2_map,1,0.000
1781208248.100,1.028,9382,9454,9468,ov2_est,2,19.457
1781208248.100,1.028,9382,9454,9470,ov2_main,1,0.000
1781208248.100,1.028,9382,9454,9471,ov2_feed,2,0.000
1781208248.152,1.079,9382,9454,9454,ov2slam_node,3,0.000
1781208248.152,1.079,9382,9454,9455,ov2slam_nod-ust,1,0.000
1781208248.152,1.079,9382,9454,9456,ov2slam_nod-ust,2,0.000
1781208248.152,1.079,9382,9454,9457,ov2slam_node,1,0.000
1781208248.152,1.079,9382,9454,9458,ov2slam_node,2,0.000
1781208248.152,1.079,9382,9454,9459,gc,1,0.000
1781208248.152,1.079,9382,9454,9460,dq.builtins,2,0.000
1781208248.152,1.079,9382,9454,9461,dq.user,1,0.000
1781208248.152,1.079,9382,9454,9462,tev,2,0.000
1781208248.152,1.079,9382,9454,9463,recv,1,0.000
1781208248.152,1.079,9382,9454,9464,recvUC,2,0.000
1781208248.152,1.079,9382,9454,9465,ov2slam_node,1,0.000
1781208248.152,1.079,9382,9454,9466,ov2slam_node,1,0.000
1781208248.152,1.079,9382,9454,9467,ov2_map,1,0.000
1781208248.152,1.079,9382,9454,9468,ov2_est,2,0.000
1781208248.152,1.079,9382,9454,9470,ov2_main,1,0.000
1781208248.152,1.079,9382,9454,9471,ov2_feed,2,0.000
1781208248.203,1.131,9382,9454,9454,ov2slam_node,3,0.000
1781208248.203,1.131,9382,9454,9455,ov2slam_nod-ust,1,0.000
1781208248.203,1.131,9382,9454,9456,ov2slam_nod-ust,2,0.000
1781208248.203,1.131,9382,9454,9457,ov2slam_node,1,0.000
1781208248.203,1.131,9382,9454,9458,ov2slam_node,2,0.000
1781208248.203,1.131,9382,9454,9459,gc,1,0.000
1781208248.203,1.131,9382,9454,9460,dq.builtins,2,0.000
1781208248.203,1.131,9382,9454,9461,dq.user,1,0.000
1781208248.203,1.131,9382,9454,9462,tev,2,0.000
1781208248.203,1.131,9382,9454,9463,recv,1,0.000
1781208248.203,1.131,9382,9454,9464,recvUC,2,0.000
1781208248.203,1.131,9382,9454,9465,ov2slam_node,1,0.000
1781208248.203,1.131,9382,9454,9466,ov2slam_node,1,0.000
1781208248.203,1.131,9382,9454,9467,ov2_map,1,0.000
1781208248.203,1.131,9382,9454,9468,ov2_est,2,0.000
1781208248.203,1.131,9382,9454,9470,ov2_main,1,0.000
1781208248.203,1.131,9382,9454,9471,ov2_feed,2,0.000
1781208248.254,1.182,9382,9454,9454,ov2slam_node,3,0.000
1781208248.254,1.182,9382,9454,9455,ov2slam_nod-ust,1,0.000
1781208248.254,1.182,9382,9454,9456,ov2slam_nod-ust,2,0.000
1781208248.254,1.182,9382,9454,9457,ov2slam_node,1,0.000
1781208248.254,1.182,9382,9454,9458,ov2slam_node,2,0.000
1781208248.254,1.182,9382,9454,9459,gc,1,0.000
1781208248.254,1.182,9382,9454,9460,dq.builtins,2,0.000
1781208248.254,1.182,9382,9454,9461,dq.user,1,0.000
1781208248.254,1.182,9382,9454,9462,tev,2,0.000
1781208248.254,1.182,9382,9454,9463,recv,1,0.000
1781208248.254,1.182,9382,9454,9464,recvUC,2,0.000
1781208248.254,1.182,9382,9454,9465,ov2slam_node,1,0.000
1781208248.254,1.182,9382,9454,9466,ov2slam_node,1,0.000
1781208248.254,1.182,9382,9454,9467,ov2_map,1,0.000
1781208248.254,1.182,9382,9454,9468,ov2_est,2,0.000
1781208248.254,1.182,9382,9454,9470,ov2_main,1,0.000
1781208248.254,1.182,9382,9454,9471,ov2_feed,2,0.000
1781208248.306,1.234,9382,9454,9454,ov2slam_node,3,0.000
1781208248.306,1.234,9382,9454,9455,ov2slam_nod-ust,1,0.000
1781208248.306,1.234,9382,9454,9456,ov2slam_nod-ust,2,0.000
1781208248.306,1.234,9382,9454,9457,ov2slam_node,1,0.000
1781208248.306,1.234,9382,9454,9458,ov2slam_node,2,0.000
1781208248.306,1.234,9382,9454,9459,gc,1,0.000
1781208248.306,1.234,9382,9454,9460,dq.builtins,2,0.000
1781208248.306,1.234,9382,9454,9461,dq.user,1,0.000
1781208248.306,1.234,9382,9454,9462,tev,2,0.000
1781208248.306,1.234,9382,9454,9463,recv,1,0.000
1781208248.306,1.234,9382,9454,9464,recvUC,2,0.000
1781208248.306,1.234,9382,9454,9465,ov2slam_node,1,0.000
1781208248.306,1.234,9382,9454,9466,ov2slam_node,1,0.000
1781208248.306,1.234,9382,9454,9467,ov2_map,1,0.000
1781208248.306,1.234,9382,9454,9468,ov2_est,2,0.000
1781208248.306,1.234,9382,9454,9470,ov2_main,1,0.000
1781208248.306,1.234,9382,9454,9471,ov2_feed,2,0.000
1781208248.357,1.285,9382,9454,9454,ov2slam_node,3,0.000
1781208248.357,1.285,9382,9454,9455,ov2slam_nod-ust,1,0.000
1781208248.357,1.285,9382,9454,9456,ov2slam_nod-ust,2,0.000
1781208248.357,1.285,9382,9454,9457,ov2slam_node,1,0.000
1781208248.357,1.285,9382,9454,9458,ov2slam_node,2,0.000
1781208248.357,1.285,9382,9454,9459,gc,1,0.000
1781208248.357,1.285,9382,9454,9460,dq.builtins,2,0.000
1781208248.357,1.285,9382,9454,9461,dq.user,1,0.000
1781208248.357,1.285,9382,9454,9462,tev,2,0.000
1781208248.357,1.285,9382,9454,9463,recv,1,0.000
1781208248.357,1.285,9382,9454,9464,recvUC,2,0.000
1781208248.357,1.285,9382,9454,9465,ov2slam_node,1,0.000
1781208248.357,1.285,9382,9454,9466,ov2slam_node,1,0.000
1781208248.357,1.285,9382,9454,9467,ov2_map,1,0.000
1781208248.357,1.285,9382,9454,9468,ov2_est,2,0.000
1781208248.357,1.285,9382,9454,9470,ov2_main,1,0.000
1781208248.357,1.285,9382,9454,9471,ov2_feed,2,0.000
1781208248.408,1.336,9382,9454,9454,ov2slam_node,3,0.000
1781208248.408,1.336,9382,9454,9455,ov2slam_nod-ust,1,0.000
1781208248.408,1.336,9382,9454,9456,ov2slam_nod-ust,2,0.000
1781208248.408,1.336,9382,9454,9457,ov2slam_node,1,0.000
1781208248.408,1.336,9382,9454,9458,ov2slam_node,2,0.000
1781208248.408,1.336,9382,9454,9459,gc,1,0.000
1781208248.408,1.336,9382,9454,9460,dq.builtins,2,0.000
1781208248.408,1.336,9382,9454,9461,dq.user,1,0.000
1781208248.408,1.336,9382,9454,9462,tev,2,0.000
1781208248.408,1.336,9382,9454,9463,recv,1,0.000
1781208248.408,1.336,9382,9454,9464,recvUC,2,0.000
1781208248.408,1.336,9382,9454,9465,ov2slam_node,1,0.000
1781208248.408,1.336,9382,9454,9466,ov2slam_node,1,0.000
1781208248.408,1.336,9382,9454,9467,ov2_map,1,0.000
1781208248.408,1.336,9382,9454,9468,ov2_est,2,0.000
1781208248.408,1.336,9382,9454,9470,ov2_main,1,0.000
1781208248.408,1.336,9382,9454,9471,ov2_feed,2,0.000
1781208248.460,1.388,9382,9454,9454,ov2slam_node,3,0.000
1781208248.460,1.388,9382,9454,9455,ov2slam_nod-ust,1,0.000
1781208248.460,1.388,9382,9454,9456,ov2slam_nod-ust,2,0.000
1781208248.460,1.388,9382,9454,9457,ov2slam_node,1,0.000
1781208248.460,1.388,9382,9454,9458,ov2slam_node,2,0.000
1781208248.460,1.388,9382,9454,9459,gc,1,0.000
1781208248.460,1.388,9382,9454,9460,dq.builtins,2,0.000
1781208248.460,1.388,9382,9454,9461,dq.user,1,0.000
1781208248.460,1.388,9382,9454,9462,tev,2,0.000
1781208248.460,1.388,9382,9454,9463,recv,1,0.000
1781208248.460,1.388,9382,9454,9464,recvUC,2,0.000
1781208248.460,1.388,9382,9454,9465,ov2slam_node,1,0.000
1781208248.460,1.388,9382,9454,9466,ov2slam_node,1,0.000
1781208248.460,1.388,9382,9454,9467,ov2_map,1,0.000
1781208248.460,1.388,9382,9454,9468,ov2_est,2,19.478
1781208248.460,1.388,9382,9454,9470,ov2_main,1,0.000
1781208248.460,1.388,9382,9454,9471,ov2_feed,2,0.000
1781208248.511,1.439,9382,9454,9454,ov2slam_node,3,0.000
1781208248.511,1.439,9382,9454,9455,ov2slam_nod-ust,1,0.000
1781208248.511,1.439,9382,9454,9456,ov2slam_nod-ust,2,0.000
1781208248.511,1.439,9382,9454,9457,ov2slam_node,1,0.000
1781208248.511,1.439,9382,9454,9458,ov2slam_node,2,0.000
1781208248.511,1.439,9382,9454,9459,gc,1,0.000
1781208248.511,1.439,9382,9454,9460,dq.builtins,2,0.000
1781208248.511,1.439,9382,9454,9461,dq.user,1,0.000
1781208248.511,1.439,9382,9454,9462,tev,2,0.000
1781208248.511,1.439,9382,9454,9463,recv,1,0.000
1781208248.511,1.439,9382,9454,9464,recvUC,2,0.000
1781208248.511,1.439,9382,9454,9465,ov2slam_node,1,0.000
1781208248.511,1.439,9382,9454,9466,ov2slam_node,1,0.000
1781208248.511,1.439,9382,9454,9467,ov2_map,1,19.475
1781208248.511,1.439,9382,9454,9468,ov2_est,2,0.000
1781208248.511,1.439,9382,9454,9470,ov2_main,1,0.000
1781208248.511,1.439,9382,9454,9471,ov2_feed,2,0.000
1781208248.563,1.490,9382,9454,9454,ov2slam_node,3,0.000
1781208248.563,1.490,9382,9454,9455,ov2slam_nod-ust,1,0.000
1781208248.563,1.490,9382,9454,9456,ov2slam_nod-ust,2,0.000
1781208248.563,1.490,9382,9454,9457,ov2slam_node,1,0.000
1781208248.563,1.490,9382,9454,9458,ov2slam_node,2,0.000
1781208248.563,1.490,9382,9454,9459,gc,1,0.000
1781208248.563,1.490,9382,9454,9460,dq.builtins,2,0.000
1781208248.563,1.490,9382,9454,9461,dq.user,1,0.000
1781208248.563,1.490,9382,9454,9462,tev,2,0.000
1781208248.563,1.490,9382,9454,9463,recv,1,0.000
1781208248.563,1.490,9382,9454,9464,recvUC,2,0.000
1781208248.563,1.490,9382,9454,9465,ov2slam_node,1,0.000
1781208248.563,1.490,9382,9454,9466,ov2slam_node,1,0.000
1781208248.563,1.490,9382,9454,9467,ov2_map,1,0.000
1781208248.563,1.490,9382,9454,9468,ov2_est,2,0.000
1781208248.563,1.490,9382,9454,9470,ov2_main,1,0.000
1781208248.563,1.490,9382,9454,9471,ov2_feed,2,0.000
1781208248.614,1.542,9382,9454,9454,ov2slam_node,3,0.000
1781208248.614,1.542,9382,9454,9455,ov2slam_nod-ust,1,0.000
1781208248.614,1.542,9382,9454,9456,ov2slam_nod-ust,2,0.000
1781208248.614,1.542,9382,9454,9457,ov2slam_node,1,0.000
1781208248.614,1.542,9382,9454,9458,ov2slam_node,2,0.000
1781208248.614,1.542,9382,9454,9459,gc,1,0.000
1781208248.614,1.542,9382,9454,9460,dq.builtins,2,0.000
1781208248.614,1.542,9382,9454,9461,dq.user,1,0.000
1781208248.614,1.542,9382,9454,9462,tev,2,0.000
1781208248.614,1.542,9382,9454,9463,recv,1,0.000
1781208248.614,1.542,9382,9454,9464,recvUC,2,0.000
1781208248.614,1.542,9382,9454,9465,ov2slam_node,1,0.000
1781208248.614,1.542,9382,9454,9466,ov2slam_node,1,0.000
1781208248.614,1.542,9382,9454,9467,ov2_map,1,0.000
1781208248.614,1.542,9382,9454,9468,ov2_est,2,0.000
1781208248.614,1.542,9382,9454,9470,ov2_main,1,0.000
1781208248.614,1.542,9382,9454,9471,ov2_feed,2,0.000
1781208248.665,1.593,9382,9454,9454,ov2slam_node,3,0.000
1781208248.665,1.593,9382,9454,9455,ov2slam_nod-ust,1,0.000
1781208248.665,1.593,9382,9454,9456,ov2slam_nod-ust,2,0.000
1781208248.665,1.593,9382,9454,9457,ov2slam_node,1,0.000
1781208248.665,1.593,9382,9454,9458,ov2slam_node,2,0.000
1781208248.665,1.593,9382,9454,9459,gc,1,0.000
1781208248.665,1.593,9382,9454,9460,dq.builtins,2,0.000
1781208248.665,1.593,9382,9454,9461,dq.user,1,0.000
1781208248.665,1.593,9382,9454,9462,tev,2,0.000
1781208248.665,1.593,9382,9454,9463,recv,1,0.000
1781208248.665,1.593,9382,9454,9464,recvUC,2,0.000
1781208248.665,1.593,9382,9454,9465,ov2slam_node,1,0.000
1781208248.665,1.593,9382,9454,9466,ov2slam_node,1,0.000
1781208248.665,1.593,9382,9454,9467,ov2_map,1,0.000
1781208248.665,1.593,9382,9454,9468,ov2_est,2,0.000
1781208248.665,1.593,9382,9454,9470,ov2_main,1,0.000
1781208248.665,1.593,9382,9454,9471,ov2_feed,2,0.000
1781208248.717,1.644,9382,9454,9454,ov2slam_node,3,0.000
1781208248.717,1.644,9382,9454,9455,ov2slam_nod-ust,1,0.000
1781208248.717,1.644,9382,9454,9456,ov2slam_nod-ust,2,0.000
1781208248.717,1.644,9382,9454,9457,ov2slam_node,1,0.000
1781208248.717,1.644,9382,9454,9458,ov2slam_node,2,0.000
1781208248.717,1.644,9382,9454,9459,gc,1,0.000
1781208248.717,1.644,9382,9454,9460,dq.builtins,2,0.000
1781208248.717,1.644,9382,9454,9461,dq.user,1,0.000
1781208248.717,1.644,9382,9454,9462,tev,2,0.000
1781208248.717,1.644,9382,9454,9463,recv,1,0.000
1781208248.717,1.644,9382,9454,9464,recvUC,2,0.000
1781208248.717,1.644,9382,9454,9465,ov2slam_node,1,0.000
1781208248.717,1.644,9382,9454,9466,ov2slam_node,1,0.000
1781208248.717,1.644,9382,9454,9467,ov2_map,1,0.000
1781208248.717,1.644,9382,9454,9468,ov2_est,2,0.000
1781208248.717,1.644,9382,9454,9470,ov2_main,1,0.000
1781208248.717,1.644,9382,9454,9471,ov2_feed,2,0.000
1781208248.768,1.696,9382,9454,9454,ov2slam_node,3,0.000
1781208248.768,1.696,9382,9454,9455,ov2slam_nod-ust,1,0.000
1781208248.768,1.696,9382,9454,9456,ov2slam_nod-ust,2,0.000
1781208248.768,1.696,9382,9454,9457,ov2slam_node,1,0.000
1781208248.768,1.696,9382,9454,9458,ov2slam_node,2,0.000
1781208248.768,1.696,9382,9454,9459,gc,1,0.000
1781208248.768,1.696,9382,9454,9460,dq.builtins,2,0.000
1781208248.768,1.696,9382,9454,9461,dq.user,1,0.000
1781208248.768,1.696,9382,9454,9462,tev,2,0.000
1781208248.768,1.696,9382,9454,9463,recv,1,0.000
1781208248.768,1.696,9382,9454,9464,recvUC,2,0.000
1781208248.768,1.696,9382,9454,9465,ov2slam_node,1,0.000
1781208248.768,1.696,9382,9454,9466,ov2slam_node,1,0.000
1781208248.768,1.696,9382,9454,9467,ov2_map,1,0.000
1781208248.768,1.696,9382,9454,9468,ov2_est,2,0.000
1781208248.768,1.696,9382,9454,9470,ov2_main,1,0.000
1781208248.768,1.696,9382,9454,9471,ov2_feed,2,0.000
1781208248.819,1.747,9382,9454,9454,ov2slam_node,3,0.000
1781208248.819,1.747,9382,9454,9455,ov2slam_nod-ust,1,0.000
1781208248.819,1.747,9382,9454,9456,ov2slam_nod-ust,2,0.000
1781208248.819,1.747,9382,9454,9457,ov2slam_node,1,0.000
1781208248.819,1.747,9382,9454,9458,ov2slam_node,2,0.000
1781208248.819,1.747,9382,9454,9459,gc,1,0.000
1781208248.819,1.747,9382,9454,9460,dq.builtins,2,0.000
1781208248.819,1.747,9382,9454,9461,dq.user,1,0.000
1781208248.819,1.747,9382,9454,9462,tev,2,0.000
1781208248.819,1.747,9382,9454,9463,recv,1,0.000
1781208248.819,1.747,9382,9454,9464,recvUC,2,0.000
1781208248.819,1.747,9382,9454,9465,ov2slam_node,1,0.000
1781208248.819,1.747,9382,9454,9466,ov2slam_node,1,0.000
1781208248.819,1.747,9382,9454,9467,ov2_map,1,0.000
1781208248.819,1.747,9382,9454,9468,ov2_est,2,19.472
1781208248.819,1.747,9382,9454,9470,ov2_main,1,0.000
1781208248.819,1.747,9382,9454,9471,ov2_feed,2,0.000
1781208248.871,1.799,9382,9454,9454,ov2slam_node,3,0.000
1781208248.871,1.799,9382,9454,9455,ov2slam_nod-ust,1,0.000
1781208248.871,1.799,9382,9454,9456,ov2slam_nod-ust,2,0.000
1781208248.871,1.799,9382,9454,9457,ov2slam_node,1,0.000
1781208248.871,1.799,9382,9454,9458,ov2slam_node,2,0.000
1781208248.871,1.799,9382,9454,9459,gc,1,0.000
1781208248.871,1.799,9382,9454,9460,dq.builtins,2,0.000
1781208248.871,1.799,9382,9454,9461,dq.user,1,0.000
1781208248.871,1.799,9382,9454,9462,tev,2,0.000
1781208248.871,1.799,9382,9454,9463,recv,1,0.000
1781208248.871,1.799,9382,9454,9464,recvUC,2,0.000
1781208248.871,1.799,9382,9454,9465,ov2slam_node,1,0.000
1781208248.871,1.799,9382,9454,9466,ov2slam_node,1,0.000
1781208248.871,1.799,9382,9454,9467,ov2_map,1,0.000
1781208248.871,1.799,9382,9454,9468,ov2_est,2,0.000
1781208248.871,1.799,9382,9454,9470,ov2_main,1,0.000
1781208248.871,1.799,9382,9454,9471,ov2_feed,2,0.000
1781208248.922,1.850,9382,9454,9454,ov2slam_node,3,0.000
1781208248.922,1.850,9382,9454,9455,ov2slam_nod-ust,1,0.000
1781208248.922,1.850,9382,9454,9456,ov2slam_nod-ust,2,0.000
1781208248.922,1.850,9382,9454,9457,ov2slam_node,1,0.000
1781208248.922,1.850,9382,9454,9458,ov2slam_node,2,0.000
1781208248.922,1.850,9382,9454,9459,gc,1,0.000
1781208248.922,1.850,9382,9454,9460,dq.builtins,2,0.000
1781208248.922,1.850,9382,9454,9461,dq.user,1,0.000
1781208248.922,1.850,9382,9454,9462,tev,2,0.000
1781208248.922,1.850,9382,9454,9463,recv,1,0.000
1781208248.922,1.850,9382,9454,9464,recvUC,2,0.000
1781208248.922,1.850,9382,9454,9465,ov2slam_node,1,0.000
1781208248.922,1.850,9382,9454,9466,ov2slam_node,1,0.000
1781208248.922,1.850,9382,9454,9467,ov2_map,1,0.000
1781208248.922,1.850,9382,9454,9468,ov2_est,2,0.000
1781208248.922,1.850,9382,9454,9470,ov2_main,1,0.000
1781208248.922,1.850,9382,9454,9471,ov2_feed,2,0.000
1781208248.973,1.901,9382,9454,9454,ov2slam_node,3,0.000
1781208248.973,1.901,9382,9454,9455,ov2slam_nod-ust,1,0.000
1781208248.973,1.901,9382,9454,9456,ov2slam_nod-ust,2,0.000
1781208248.973,1.901,9382,9454,9457,ov2slam_node,1,0.000
1781208248.973,1.901,9382,9454,9458,ov2slam_node,2,0.000
1781208248.973,1.901,9382,9454,9459,gc,1,0.000
1781208248.973,1.901,9382,9454,9460,dq.builtins,2,0.000
1781208248.973,1.901,9382,9454,9461,dq.user,1,0.000
1781208248.973,1.901,9382,9454,9462,tev,2,0.000
1781208248.973,1.901,9382,9454,9463,recv,1,0.000
1781208248.973,1.901,9382,9454,9464,recvUC,2,0.000
1781208248.973,1.901,9382,9454,9465,ov2slam_node,1,0.000
1781208248.973,1.901,9382,9454,9466,ov2slam_node,1,0.000
1781208248.973,1.901,9382,9454,9467,ov2_map,1,0.000
1781208248.973,1.901,9382,9454,9468,ov2_est,2,0.000
1781208248.973,1.901,9382,9454,9470,ov2_main,1,0.000
1781208248.973,1.901,9382,9454,9471,ov2_feed,2,0.000
1781208249.025,1.953,9382,9454,9454,ov2slam_node,3,0.000
1781208249.025,1.953,9382,9454,9455,ov2slam_nod-ust,1,0.000
1781208249.025,1.953,9382,9454,9456,ov2slam_nod-ust,2,0.000
1781208249.025,1.953,9382,9454,9457,ov2slam_node,1,0.000
1781208249.025,1.953,9382,9454,9458,ov2slam_node,2,0.000
1781208249.025,1.953,9382,9454,9459,gc,1,0.000
1781208249.025,1.953,9382,9454,9460,dq.builtins,2,0.000
1781208249.025,1.953,9382,9454,9461,dq.user,1,0.000
1781208249.025,1.953,9382,9454,9462,tev,2,0.000
1781208249.025,1.953,9382,9454,9463,recv,1,0.000
1781208249.025,1.953,9382,9454,9464,recvUC,2,0.000
1781208249.025,1.953,9382,9454,9465,ov2slam_node,1,0.000
1781208249.025,1.953,9382,9454,9466,ov2slam_node,1,0.000
1781208249.025,1.953,9382,9454,9467,ov2_map,1,0.000
1781208249.025,1.953,9382,9454,9468,ov2_est,2,0.000
1781208249.025,1.953,9382,9454,9470,ov2_main,1,0.000
1781208249.025,1.953,9382,9454,9471,ov2_feed,2,0.000
1781208249.076,2.004,9382,9454,9454,ov2slam_node,3,0.000
1781208249.076,2.004,9382,9454,9455,ov2slam_nod-ust,1,0.000
1781208249.076,2.004,9382,9454,9456,ov2slam_nod-ust,2,0.000
1781208249.076,2.004,9382,9454,9457,ov2slam_node,1,0.000
1781208249.076,2.004,9382,9454,9458,ov2slam_node,2,0.000
1781208249.076,2.004,9382,9454,9459,gc,1,0.000
1781208249.076,2.004,9382,9454,9460,dq.builtins,2,0.000
1781208249.076,2.004,9382,9454,9461,dq.user,1,0.000
1781208249.076,2.004,9382,9454,9462,tev,2,0.000
1781208249.076,2.004,9382,9454,9463,recv,1,0.000
1781208249.076,2.004,9382,9454,9464,recvUC,2,0.000
1781208249.076,2.004,9382,9454,9465,ov2slam_node,1,0.000
1781208249.076,2.004,9382,9454,9466,ov2slam_node,1,0.000
1781208249.076,2.004,9382,9454,9467,ov2_map,1,0.000
1781208249.076,2.004,9382,9454,9468,ov2_est,2,0.000
1781208249.076,2.004,9382,9454,9470,ov2_main,1,0.000
1781208249.076,2.004,9382,9454,9471,ov2_feed,2,0.000
1781208249.127,2.055,9382,9454,9454,ov2slam_node,3,0.000
1781208249.127,2.055,9382,9454,9455,ov2slam_nod-ust,1,0.000
1781208249.127,2.055,9382,9454,9456,ov2slam_nod-ust,2,0.000
1781208249.127,2.055,9382,9454,9457,ov2slam_node,1,0.000
1781208249.127,2.055,9382,9454,9458,ov2slam_node,2,0.000
1781208249.127,2.055,9382,9454,9459,gc,1,0.000
1781208249.127,2.055,9382,9454,9460,dq.builtins,2,0.000
1781208249.127,2.055,9382,9454,9461,dq.user,1,0.000
1781208249.127,2.055,9382,9454,9462,tev,2,0.000
1781208249.127,2.055,9382,9454,9463,recv,1,0.000
1781208249.127,2.055,9382,9454,9464,recvUC,2,0.000
1781208249.127,2.055,9382,9454,9465,ov2slam_node,1,0.000
1781208249.127,2.055,9382,9454,9466,ov2slam_node,1,0.000
1781208249.127,2.055,9382,9454,9467,ov2_map,1,0.000
1781208249.127,2.055,9382,9454,9468,ov2_est,2,0.000
1781208249.127,2.055,9382,9454,9470,ov2_main,1,0.000
1781208249.127,2.055,9382,9454,9471,ov2_feed,2,0.000
1781208249.179,2.107,9382,9454,9454,ov2slam_node,3,0.000
1781208249.179,2.107,9382,9454,9455,ov2slam_nod-ust,1,0.000
1781208249.179,2.107,9382,9454,9456,ov2slam_nod-ust,2,0.000
1781208249.179,2.107,9382,9454,9457,ov2slam_node,1,0.000
1781208249.179,2.107,9382,9454,9458,ov2slam_node,2,0.000
1781208249.179,2.107,9382,9454,9459,gc,1,0.000
1781208249.179,2.107,9382,9454,9460,dq.builtins,2,0.000
1781208249.179,2.107,9382,9454,9461,dq.user,1,0.000
1781208249.179,2.107,9382,9454,9462,tev,2,0.000
1781208249.179,2.107,9382,9454,9463,recv,1,0.000
1781208249.179,2.107,9382,9454,9464,recvUC,2,0.000
1781208249.179,2.107,9382,9454,9465,ov2slam_node,1,0.000
1781208249.179,2.107,9382,9454,9466,ov2slam_node,1,0.000
1781208249.179,2.107,9382,9454,9467,ov2_map,1,0.000
1781208249.179,2.107,9382,9454,9468,ov2_est,2,19.283
1781208249.179,2.107,9382,9454,9470,ov2_main,1,0.000
1781208249.179,2.107,9382,9454,9471,ov2_feed,2,0.000
1781208249.231,2.159,9382,9454,9454,ov2slam_node,3,0.000
1781208249.231,2.159,9382,9454,9455,ov2slam_nod-ust,1,0.000
1781208249.231,2.159,9382,9454,9456,ov2slam_nod-ust,2,0.000
1781208249.231,2.159,9382,9454,9457,ov2slam_node,1,0.000
1781208249.231,2.159,9382,9454,9458,ov2slam_node,2,0.000
1781208249.231,2.159,9382,9454,9459,gc,1,0.000
1781208249.231,2.159,9382,9454,9460,dq.builtins,2,0.000
1781208249.231,2.159,9382,9454,9461,dq.user,1,0.000
1781208249.231,2.159,9382,9454,9462,tev,2,0.000
1781208249.231,2.159,9382,9454,9463,recv,1,0.000
1781208249.231,2.159,9382,9454,9464,recvUC,2,0.000
1781208249.231,2.159,9382,9454,9465,ov2slam_node,1,0.000
1781208249.231,2.159,9382,9454,9466,ov2slam_node,1,0.000
1781208249.231,2.159,9382,9454,9467,ov2_map,1,19.407
1781208249.231,2.159,9382,9454,9468,ov2_est,2,0.000
1781208249.231,2.159,9382,9454,9470,ov2_main,1,0.000
1781208249.231,2.159,9382,9454,9471,ov2_feed,2,0.000
1781208249.282,2.210,9382,9454,9454,ov2slam_node,3,0.000
1781208249.282,2.210,9382,9454,9455,ov2slam_nod-ust,1,0.000
1781208249.282,2.210,9382,9454,9456,ov2slam_nod-ust,2,0.000
1781208249.282,2.210,9382,9454,9457,ov2slam_node,1,0.000
1781208249.282,2.210,9382,9454,9458,ov2slam_node,2,0.000
1781208249.282,2.210,9382,9454,9459,gc,1,0.000
1781208249.282,2.210,9382,9454,9460,dq.builtins,2,0.000
1781208249.282,2.210,9382,9454,9461,dq.user,1,0.000
1781208249.282,2.210,9382,9454,9462,tev,2,0.000
1781208249.282,2.210,9382,9454,9463,recv,1,0.000
1781208249.282,2.210,9382,9454,9464,recvUC,2,0.000
1781208249.282,2.210,9382,9454,9465,ov2slam_node,1,0.000
1781208249.282,2.210,9382,9454,9466,ov2slam_node,1,0.000
1781208249.282,2.210,9382,9454,9467,ov2_map,1,0.000
1781208249.282,2.210,9382,9454,9468,ov2_est,2,0.000
1781208249.282,2.210,9382,9454,9470,ov2_main,1,0.000
1781208249.282,2.210,9382,9454,9471,ov2_feed,2,0.000
1781208249.334,2.261,9382,9454,9454,ov2slam_node,3,0.000
1781208249.334,2.261,9382,9454,9455,ov2slam_nod-ust,1,0.000
1781208249.334,2.261,9382,9454,9456,ov2slam_nod-ust,2,0.000
1781208249.334,2.261,9382,9454,9457,ov2slam_node,1,0.000
1781208249.334,2.261,9382,9454,9458,ov2slam_node,2,0.000
1781208249.334,2.261,9382,9454,9459,gc,1,0.000
1781208249.334,2.261,9382,9454,9460,dq.builtins,2,0.000
1781208249.334,2.261,9382,9454,9461,dq.user,1,0.000
1781208249.334,2.261,9382,9454,9462,tev,2,0.000
1781208249.334,2.261,9382,9454,9463,recv,1,0.000
1781208249.334,2.261,9382,9454,9464,recvUC,2,0.000
1781208249.334,2.261,9382,9454,9465,ov2slam_node,1,0.000
1781208249.334,2.261,9382,9454,9466,ov2slam_node,1,0.000
1781208249.334,2.261,9382,9454,9467,ov2_map,1,0.000
1781208249.334,2.261,9382,9454,9468,ov2_est,2,0.000
1781208249.334,2.261,9382,9454,9470,ov2_main,1,0.000
1781208249.334,2.261,9382,9454,9471,ov2_feed,2,0.000
1781208249.385,2.313,9382,9454,9454,ov2slam_node,3,0.000
1781208249.385,2.313,9382,9454,9455,ov2slam_nod-ust,1,0.000
1781208249.385,2.313,9382,9454,9456,ov2slam_nod-ust,2,0.000
1781208249.385,2.313,9382,9454,9457,ov2slam_node,1,0.000
1781208249.385,2.313,9382,9454,9458,ov2slam_node,2,0.000
1781208249.385,2.313,9382,9454,9459,gc,1,0.000
1781208249.385,2.313,9382,9454,9460,dq.builtins,2,0.000
1781208249.385,2.313,9382,9454,9461,dq.user,1,0.000
1781208249.385,2.313,9382,9454,9462,tev,2,0.000
1781208249.385,2.313,9382,9454,9463,recv,1,0.000
1781208249.385,2.313,9382,9454,9464,recvUC,2,0.000
1781208249.385,2.313,9382,9454,9465,ov2slam_node,1,0.000
1781208249.385,2.313,9382,9454,9466,ov2slam_node,1,0.000
1781208249.385,2.313,9382,9454,9467,ov2_map,1,0.000
1781208249.385,2.313,9382,9454,9468,ov2_est,2,0.000
1781208249.385,2.313,9382,9454,9470,ov2_main,1,0.000
1781208249.385,2.313,9382,9454,9471,ov2_feed,2,0.000
1781208249.437,2.365,9382,9454,9454,ov2slam_node,3,0.000
1781208249.437,2.365,9382,9454,9455,ov2slam_nod-ust,1,0.000
1781208249.437,2.365,9382,9454,9456,ov2slam_nod-ust,2,0.000
1781208249.437,2.365,9382,9454,9457,ov2slam_node,1,0.000
1781208249.437,2.365,9382,9454,9458,ov2slam_node,2,0.000
1781208249.437,2.365,9382,9454,9459,gc,1,0.000
1781208249.437,2.365,9382,9454,9460,dq.builtins,2,0.000
1781208249.437,2.365,9382,9454,9461,dq.user,1,0.000
1781208249.437,2.365,9382,9454,9462,tev,2,0.000
1781208249.437,2.365,9382,9454,9463,recv,1,0.000
1781208249.437,2.365,9382,9454,9464,recvUC,2,0.000
1781208249.437,2.365,9382,9454,9465,ov2slam_node,1,0.000
1781208249.437,2.365,9382,9454,9466,ov2slam_node,1,0.000
1781208249.437,2.365,9382,9454,9467,ov2_map,1,0.000
1781208249.437,2.365,9382,9454,9468,ov2_est,2,0.000
1781208249.437,2.365,9382,9454,9470,ov2_main,1,0.000
1781208249.437,2.365,9382,9454,9471,ov2_feed,2,0.000
1781208249.488,2.416,9382,9454,9454,ov2slam_node,3,0.000
1781208249.488,2.416,9382,9454,9455,ov2slam_nod-ust,1,0.000
1781208249.488,2.416,9382,9454,9456,ov2slam_nod-ust,2,0.000
1781208249.488,2.416,9382,9454,9457,ov2slam_node,1,0.000
1781208249.488,2.416,9382,9454,9458,ov2slam_node,2,0.000
1781208249.488,2.416,9382,9454,9459,gc,1,0.000
1781208249.488,2.416,9382,9454,9460,dq.builtins,2,0.000
1781208249.488,2.416,9382,9454,9461,dq.user,1,0.000
1781208249.488,2.416,9382,9454,9462,tev,2,0.000
1781208249.488,2.416,9382,9454,9463,recv,1,0.000
1781208249.488,2.416,9382,9454,9464,recvUC,2,0.000
1781208249.488,2.416,9382,9454,9465,ov2slam_node,1,0.000
1781208249.488,2.416,9382,9454,9466,ov2slam_node,1,0.000
1781208249.488,2.416,9382,9454,9467,ov2_map,1,0.000
1781208249.488,2.416,9382,9454,9468,ov2_est,2,0.000
1781208249.488,2.416,9382,9454,9470,ov2_main,1,0.000
1781208249.488,2.416,9382,9454,9471,ov2_feed,2,0.000
1781208249.539,2.467,9382,9454,9454,ov2slam_node,3,0.000
1781208249.539,2.467,9382,9454,9455,ov2slam_nod-ust,1,0.000
1781208249.539,2.467,9382,9454,9456,ov2slam_nod-ust,2,0.000
1781208249.539,2.467,9382,9454,9457,ov2slam_node,1,0.000
1781208249.539,2.467,9382,9454,9458,ov2slam_node,2,0.000
1781208249.539,2.467,9382,9454,9459,gc,1,0.000
1781208249.539,2.467,9382,9454,9460,dq.builtins,2,0.000
1781208249.539,2.467,9382,9454,9461,dq.user,1,0.000
1781208249.539,2.467,9382,9454,9462,tev,2,0.000
1781208249.539,2.467,9382,9454,9463,recv,1,0.000
1781208249.539,2.467,9382,9454,9464,recvUC,2,0.000
1781208249.539,2.467,9382,9454,9465,ov2slam_node,1,0.000
1781208249.539,2.467,9382,9454,9466,ov2slam_node,1,0.000
1781208249.539,2.467,9382,9454,9467,ov2_map,1,0.000
1781208249.539,2.467,9382,9454,9468,ov2_est,2,19.453
1781208249.539,2.467,9382,9454,9470,ov2_main,1,0.000
1781208249.539,2.467,9382,9454,9471,ov2_feed,2,0.000
1781208249.591,2.519,9382,9454,9454,ov2slam_node,3,0.000
1781208249.591,2.519,9382,9454,9455,ov2slam_nod-ust,1,0.000
1781208249.591,2.519,9382,9454,9456,ov2slam_nod-ust,2,0.000
1781208249.591,2.519,9382,9454,9457,ov2slam_node,1,0.000
1781208249.591,2.519,9382,9454,9458,ov2slam_node,2,0.000
1781208249.591,2.519,9382,9454,9459,gc,1,0.000
1781208249.591,2.519,9382,9454,9460,dq.builtins,2,0.000
1781208249.591,2.519,9382,9454,9461,dq.user,1,0.000
1781208249.591,2.519,9382,9454,9462,tev,2,0.000
1781208249.591,2.519,9382,9454,9463,recv,1,0.000
1781208249.591,2.519,9382,9454,9464,recvUC,2,0.000
1781208249.591,2.519,9382,9454,9465,ov2slam_node,1,0.000
1781208249.591,2.519,9382,9454,9466,ov2slam_node,1,0.000
1781208249.591,2.519,9382,9454,9467,ov2_map,1,0.000
1781208249.591,2.519,9382,9454,9468,ov2_est,2,0.000
1781208249.591,2.519,9382,9454,9470,ov2_main,1,0.000
1781208249.591,2.519,9382,9454,9471,ov2_feed,2,0.000
1781208249.642,2.570,9382,9454,9454,ov2slam_node,3,0.000
1781208249.642,2.570,9382,9454,9455,ov2slam_nod-ust,1,0.000
1781208249.642,2.570,9382,9454,9456,ov2slam_nod-ust,2,0.000
1781208249.642,2.570,9382,9454,9457,ov2slam_node,1,0.000
1781208249.642,2.570,9382,9454,9458,ov2slam_node,2,0.000
1781208249.642,2.570,9382,9454,9459,gc,1,0.000
1781208249.642,2.570,9382,9454,9460,dq.builtins,2,0.000
1781208249.642,2.570,9382,9454,9461,dq.user,1,0.000
1781208249.642,2.570,9382,9454,9462,tev,2,0.000
1781208249.642,2.570,9382,9454,9463,recv,1,0.000
1781208249.642,2.570,9382,9454,9464,recvUC,2,0.000
1781208249.642,2.570,9382,9454,9465,ov2slam_node,1,0.000
1781208249.642,2.570,9382,9454,9466,ov2slam_node,1,0.000
1781208249.642,2.570,9382,9454,9467,ov2_map,1,0.000
1781208249.642,2.570,9382,9454,9468,ov2_est,2,0.000
1781208249.642,2.570,9382,9454,9470,ov2_main,1,0.000
1781208249.642,2.570,9382,9454,9471,ov2_feed,2,0.000
1781208249.694,2.622,9382,9454,9454,ov2slam_node,3,0.000
1781208249.694,2.622,9382,9454,9455,ov2slam_nod-ust,1,0.000
1781208249.694,2.622,9382,9454,9456,ov2slam_nod-ust,2,0.000
1781208249.694,2.622,9382,9454,9457,ov2slam_node,1,0.000
1781208249.694,2.622,9382,9454,9458,ov2slam_node,2,0.000
1781208249.694,2.622,9382,9454,9459,gc,1,0.000
1781208249.694,2.622,9382,9454,9460,dq.builtins,2,0.000
1781208249.694,2.622,9382,9454,9461,dq.user,1,0.000
1781208249.694,2.622,9382,9454,9462,tev,2,0.000
1781208249.694,2.622,9382,9454,9463,recv,1,0.000
1781208249.694,2.622,9382,9454,9464,recvUC,2,0.000
1781208249.694,2.622,9382,9454,9465,ov2slam_node,1,0.000
1781208249.694,2.622,9382,9454,9466,ov2slam_node,1,0.000
1781208249.694,2.622,9382,9454,9467,ov2_map,1,0.000
1781208249.694,2.622,9382,9454,9468,ov2_est,2,0.000
1781208249.694,2.622,9382,9454,9470,ov2_main,1,0.000
1781208249.694,2.622,9382,9454,9471,ov2_feed,2,0.000
1781208249.745,2.673,9382,9454,9454,ov2slam_node,3,0.000
1781208249.745,2.673,9382,9454,9455,ov2slam_nod-ust,1,0.000
1781208249.745,2.673,9382,9454,9456,ov2slam_nod-ust,2,0.000
1781208249.745,2.673,9382,9454,9457,ov2slam_node,1,0.000
1781208249.745,2.673,9382,9454,9458,ov2slam_node,2,0.000
1781208249.745,2.673,9382,9454,9459,gc,1,0.000
1781208249.745,2.673,9382,9454,9460,dq.builtins,2,0.000
1781208249.745,2.673,9382,9454,9461,dq.user,1,0.000
1781208249.745,2.673,9382,9454,9462,tev,2,0.000
1781208249.745,2.673,9382,9454,9463,recv,1,0.000
1781208249.745,2.673,9382,9454,9464,recvUC,2,0.000
1781208249.745,2.673,9382,9454,9465,ov2slam_node,1,0.000
1781208249.745,2.673,9382,9454,9466,ov2slam_node,1,0.000
1781208249.745,2.673,9382,9454,9467,ov2_map,1,0.000
1781208249.745,2.673,9382,9454,9468,ov2_est,2,0.000
1781208249.745,2.673,9382,9454,9470,ov2_main,1,0.000
1781208249.745,2.673,9382,9454,9471,ov2_feed,2,0.000
1781208249.796,2.724,9382,9454,9454,ov2slam_node,3,0.000
1781208249.796,2.724,9382,9454,9455,ov2slam_nod-ust,1,0.000
1781208249.796,2.724,9382,9454,9456,ov2slam_nod-ust,2,0.000
1781208249.796,2.724,9382,9454,9457,ov2slam_node,1,0.000
1781208249.796,2.724,9382,9454,9458,ov2slam_node,2,0.000
1781208249.796,2.724,9382,9454,9459,gc,1,0.000
1781208249.796,2.724,9382,9454,9460,dq.builtins,2,0.000
1781208249.796,2.724,9382,9454,9461,dq.user,1,0.000
1781208249.796,2.724,9382,9454,9462,tev,2,0.000
1781208249.796,2.724,9382,9454,9463,recv,1,0.000
1781208249.796,2.724,9382,9454,9464,recvUC,2,0.000
1781208249.796,2.724,9382,9454,9465,ov2slam_node,1,0.000
1781208249.796,2.724,9382,9454,9466,ov2slam_node,1,0.000
1781208249.796,2.724,9382,9454,9467,ov2_map,1,0.000
1781208249.796,2.724,9382,9454,9468,ov2_est,2,0.000
1781208249.796,2.724,9382,9454,9470,ov2_main,1,0.000
1781208249.796,2.724,9382,9454,9471,ov2_feed,2,0.000
1781208249.848,2.776,9382,9454,9454,ov2slam_node,3,0.000
1781208249.848,2.776,9382,9454,9455,ov2slam_nod-ust,1,0.000
1781208249.848,2.776,9382,9454,9456,ov2slam_nod-ust,2,0.000
1781208249.848,2.776,9382,9454,9457,ov2slam_node,1,0.000
1781208249.848,2.776,9382,9454,9458,ov2slam_node,2,0.000
1781208249.848,2.776,9382,9454,9459,gc,1,0.000
1781208249.848,2.776,9382,9454,9460,dq.builtins,2,0.000
1781208249.848,2.776,9382,9454,9461,dq.user,1,0.000
1781208249.848,2.776,9382,9454,9462,tev,2,0.000
1781208249.848,2.776,9382,9454,9463,recv,1,0.000
1781208249.848,2.776,9382,9454,9464,recvUC,2,0.000
1781208249.848,2.776,9382,9454,9465,ov2slam_node,1,0.000
1781208249.848,2.776,9382,9454,9466,ov2slam_node,1,0.000
1781208249.848,2.776,9382,9454,9467,ov2_map,1,0.000
1781208249.848,2.776,9382,9454,9468,ov2_est,2,0.000
1781208249.848,2.776,9382,9454,9470,ov2_main,1,0.000
1781208249.848,2.776,9382,9454,9471,ov2_feed,2,0.000
1781208249.899,2.827,9382,9454,9454,ov2slam_node,3,0.000
1781208249.899,2.827,9382,9454,9455,ov2slam_nod-ust,1,0.000
1781208249.899,2.827,9382,9454,9456,ov2slam_nod-ust,2,0.000
1781208249.899,2.827,9382,9454,9457,ov2slam_node,1,0.000
1781208249.899,2.827,9382,9454,9458,ov2slam_node,2,0.000
1781208249.899,2.827,9382,9454,9459,gc,1,0.000
1781208249.899,2.827,9382,9454,9460,dq.builtins,2,0.000
1781208249.899,2.827,9382,9454,9461,dq.user,1,0.000
1781208249.899,2.827,9382,9454,9462,tev,2,0.000
1781208249.899,2.827,9382,9454,9463,recv,1,0.000
1781208249.899,2.827,9382,9454,9464,recvUC,2,0.000
1781208249.899,2.827,9382,9454,9465,ov2slam_node,1,0.000
1781208249.899,2.827,9382,9454,9466,ov2slam_node,1,0.000
1781208249.899,2.827,9382,9454,9467,ov2_map,1,0.000
1781208249.899,2.827,9382,9454,9468,ov2_est,2,19.448
1781208249.899,2.827,9382,9454,9470,ov2_main,1,0.000
1781208249.899,2.827,9382,9454,9471,ov2_feed,2,0.000
1781208249.951,2.879,9382,9454,9454,ov2slam_node,3,0.000
1781208249.951,2.879,9382,9454,9455,ov2slam_nod-ust,1,0.000
1781208249.951,2.879,9382,9454,9456,ov2slam_nod-ust,2,0.000
1781208249.951,2.879,9382,9454,9457,ov2slam_node,1,0.000
1781208249.951,2.879,9382,9454,9458,ov2slam_node,2,0.000
1781208249.951,2.879,9382,9454,9459,gc,1,0.000
1781208249.951,2.879,9382,9454,9460,dq.builtins,2,0.000
1781208249.951,2.879,9382,9454,9461,dq.user,1,0.000
1781208249.951,2.879,9382,9454,9462,tev,2,0.000
1781208249.951,2.879,9382,9454,9463,recv,1,0.000
1781208249.951,2.879,9382,9454,9464,recvUC,2,0.000
1781208249.951,2.879,9382,9454,9465,ov2slam_node,1,0.000
1781208249.951,2.879,9382,9454,9466,ov2slam_node,1,0.000
1781208249.951,2.879,9382,9454,9467,ov2_map,1,19.454
1781208249.951,2.879,9382,9454,9468,ov2_est,2,0.000
1781208249.951,2.879,9382,9454,9470,ov2_main,1,0.000
1781208249.951,2.879,9382,9454,9471,ov2_feed,2,0.000
1781208250.002,2.930,9382,9454,9454,ov2slam_node,3,0.000
1781208250.002,2.930,9382,9454,9455,ov2slam_nod-ust,1,0.000
1781208250.002,2.930,9382,9454,9456,ov2slam_nod-ust,2,0.000
1781208250.002,2.930,9382,9454,9457,ov2slam_node,1,0.000
1781208250.002,2.930,9382,9454,9458,ov2slam_node,2,0.000
1781208250.002,2.930,9382,9454,9459,gc,1,0.000
1781208250.002,2.930,9382,9454,9460,dq.builtins,2,0.000
1781208250.002,2.930,9382,9454,9461,dq.user,1,0.000
1781208250.002,2.930,9382,9454,9462,tev,2,0.000
1781208250.002,2.930,9382,9454,9463,recv,1,0.000
1781208250.002,2.930,9382,9454,9464,recvUC,2,0.000
1781208250.002,2.930,9382,9454,9465,ov2slam_node,1,0.000
1781208250.002,2.930,9382,9454,9466,ov2slam_node,1,0.000
1781208250.002,2.930,9382,9454,9467,ov2_map,1,0.000
1781208250.002,2.930,9382,9454,9468,ov2_est,2,0.000
1781208250.002,2.930,9382,9454,9470,ov2_main,0,0.000
1781208250.002,2.930,9382,9454,9471,ov2_feed,2,0.000
1781208250.054,2.982,9382,9454,9454,ov2slam_node,3,0.000
1781208250.054,2.982,9382,9454,9455,ov2slam_nod-ust,1,0.000
1781208250.054,2.982,9382,9454,9456,ov2slam_nod-ust,2,0.000
1781208250.054,2.982,9382,9454,9457,ov2slam_node,1,0.000
1781208250.054,2.982,9382,9454,9458,ov2slam_node,2,0.000
1781208250.054,2.982,9382,9454,9459,gc,1,0.000
1781208250.054,2.982,9382,9454,9460,dq.builtins,2,0.000
1781208250.054,2.982,9382,9454,9461,dq.user,1,0.000
1781208250.054,2.982,9382,9454,9462,tev,2,0.000
1781208250.054,2.982,9382,9454,9463,recv,1,0.000
1781208250.054,2.982,9382,9454,9464,recvUC,2,0.000
1781208250.054,2.982,9382,9454,9465,ov2slam_node,1,0.000
1781208250.054,2.982,9382,9454,9466,ov2slam_node,1,0.000
1781208250.054,2.982,9382,9454,9467,ov2_map,1,0.000
1781208250.054,2.982,9382,9454,9468,ov2_est,2,0.000
1781208250.054,2.982,9382,9454,9470,ov2_main,0,0.000
1781208250.054,2.982,9382,9454,9471,ov2_feed,2,0.000
1781208250.105,3.033,9382,9454,9454,ov2slam_node,3,0.000
1781208250.105,3.033,9382,9454,9455,ov2slam_nod-ust,1,0.000
1781208250.105,3.033,9382,9454,9456,ov2slam_nod-ust,2,0.000
1781208250.105,3.033,9382,9454,9457,ov2slam_node,1,0.000
1781208250.105,3.033,9382,9454,9458,ov2slam_node,2,0.000
1781208250.105,3.033,9382,9454,9459,gc,1,0.000
1781208250.105,3.033,9382,9454,9460,dq.builtins,2,0.000
1781208250.105,3.033,9382,9454,9461,dq.user,1,0.000
1781208250.105,3.033,9382,9454,9462,tev,2,0.000
1781208250.105,3.033,9382,9454,9463,recv,1,0.000
1781208250.105,3.033,9382,9454,9464,recvUC,2,0.000
1781208250.105,3.033,9382,9454,9465,ov2slam_node,1,0.000
1781208250.105,3.033,9382,9454,9466,ov2slam_node,1,0.000
1781208250.105,3.033,9382,9454,9467,ov2_map,1,0.000
1781208250.105,3.033,9382,9454,9468,ov2_est,2,0.000
1781208250.105,3.033,9382,9454,9470,ov2_main,0,0.000
1781208250.105,3.033,9382,9454,9471,ov2_feed,2,0.000
1781208250.156,3.084,9382,9454,9454,ov2slam_node,3,0.000
1781208250.156,3.084,9382,9454,9455,ov2slam_nod-ust,1,0.000
1781208250.156,3.084,9382,9454,9456,ov2slam_nod-ust,2,0.000
1781208250.156,3.084,9382,9454,9457,ov2slam_node,1,0.000
1781208250.156,3.084,9382,9454,9458,ov2slam_node,2,0.000
1781208250.156,3.084,9382,9454,9459,gc,1,0.000
1781208250.156,3.084,9382,9454,9460,dq.builtins,2,0.000
1781208250.156,3.084,9382,9454,9461,dq.user,1,0.000
1781208250.156,3.084,9382,9454,9462,tev,2,0.000
1781208250.156,3.084,9382,9454,9463,recv,1,0.000
1781208250.156,3.084,9382,9454,9464,recvUC,2,0.000
1781208250.156,3.084,9382,9454,9465,ov2slam_node,1,0.000
1781208250.156,3.084,9382,9454,9466,ov2slam_node,1,0.000
1781208250.156,3.084,9382,9454,9467,ov2_map,1,0.000
1781208250.156,3.084,9382,9454,9468,ov2_est,2,0.000
1781208250.156,3.084,9382,9454,9470,ov2_main,0,0.000
1781208250.156,3.084,9382,9454,9471,ov2_feed,2,0.000
1781208250.208,3.136,9382,9454,9454,ov2slam_node,3,0.000
1781208250.208,3.136,9382,9454,9455,ov2slam_nod-ust,1,0.000
1781208250.208,3.136,9382,9454,9456,ov2slam_nod-ust,2,0.000
1781208250.208,3.136,9382,9454,9457,ov2slam_node,1,0.000
1781208250.208,3.136,9382,9454,9458,ov2slam_node,2,0.000
1781208250.208,3.136,9382,9454,9459,gc,1,0.000
1781208250.208,3.136,9382,9454,9460,dq.builtins,2,0.000
1781208250.208,3.136,9382,9454,9461,dq.user,1,0.000
1781208250.208,3.136,9382,9454,9462,tev,2,0.000
1781208250.208,3.136,9382,9454,9463,recv,1,0.000
1781208250.208,3.136,9382,9454,9464,recvUC,2,0.000
1781208250.208,3.136,9382,9454,9465,ov2slam_node,1,0.000
1781208250.208,3.136,9382,9454,9466,ov2slam_node,1,0.000
1781208250.208,3.136,9382,9454,9467,ov2_map,1,0.000
1781208250.208,3.136,9382,9454,9468,ov2_est,2,0.000
1781208250.208,3.136,9382,9454,9470,ov2_main,0,0.000
1781208250.208,3.136,9382,9454,9471,ov2_feed,2,0.000
1781208250.259,3.187,9382,9454,9454,ov2slam_node,3,0.000
1781208250.259,3.187,9382,9454,9455,ov2slam_nod-ust,1,0.000
1781208250.259,3.187,9382,9454,9456,ov2slam_nod-ust,2,0.000
1781208250.259,3.187,9382,9454,9457,ov2slam_node,1,0.000
1781208250.259,3.187,9382,9454,9458,ov2slam_node,2,0.000
1781208250.259,3.187,9382,9454,9459,gc,1,0.000
1781208250.259,3.187,9382,9454,9460,dq.builtins,2,0.000
1781208250.259,3.187,9382,9454,9461,dq.user,1,0.000
1781208250.259,3.187,9382,9454,9462,tev,2,0.000
1781208250.259,3.187,9382,9454,9463,recv,1,0.000
1781208250.259,3.187,9382,9454,9464,recvUC,2,0.000
1781208250.259,3.187,9382,9454,9465,ov2slam_node,1,0.000
1781208250.259,3.187,9382,9454,9466,ov2slam_node,1,0.000
1781208250.259,3.187,9382,9454,9467,ov2_map,1,0.000
1781208250.259,3.187,9382,9454,9468,ov2_est,2,0.000
1781208250.259,3.187,9382,9454,9470,ov2_main,0,0.000
1781208250.259,3.187,9382,9454,9471,ov2_feed,2,0.000
1781208250.311,3.239,9382,9454,9454,ov2slam_node,3,0.000
1781208250.311,3.239,9382,9454,9455,ov2slam_nod-ust,1,0.000
1781208250.311,3.239,9382,9454,9456,ov2slam_nod-ust,2,0.000
1781208250.311,3.239,9382,9454,9457,ov2slam_node,1,0.000
1781208250.311,3.239,9382,9454,9458,ov2slam_node,2,0.000
1781208250.311,3.239,9382,9454,9459,gc,1,0.000
1781208250.311,3.239,9382,9454,9460,dq.builtins,2,0.000
1781208250.311,3.239,9382,9454,9461,dq.user,1,0.000
1781208250.311,3.239,9382,9454,9462,tev,2,0.000
1781208250.311,3.239,9382,9454,9463,recv,1,0.000
1781208250.311,3.239,9382,9454,9464,recvUC,2,0.000
1781208250.311,3.239,9382,9454,9465,ov2slam_node,1,0.000
1781208250.311,3.239,9382,9454,9466,ov2slam_node,1,0.000
1781208250.311,3.239,9382,9454,9467,ov2_map,1,0.000
1781208250.311,3.239,9382,9454,9468,ov2_est,2,0.000
1781208250.311,3.239,9382,9454,9470,ov2_main,0,0.000
1781208250.311,3.239,9382,9454,9471,ov2_feed,2,0.000
1781208250.362,3.290,9382,9454,9454,ov2slam_node,3,0.000
1781208250.362,3.290,9382,9454,9455,ov2slam_nod-ust,1,0.000
1781208250.362,3.290,9382,9454,9456,ov2slam_nod-ust,2,0.000
1781208250.362,3.290,9382,9454,9457,ov2slam_node,1,0.000
1781208250.362,3.290,9382,9454,9458,ov2slam_node,2,0.000
1781208250.362,3.290,9382,9454,9459,gc,1,0.000
1781208250.362,3.290,9382,9454,9460,dq.builtins,2,0.000
1781208250.362,3.290,9382,9454,9461,dq.user,1,0.000
1781208250.362,3.290,9382,9454,9462,tev,2,0.000
1781208250.362,3.290,9382,9454,9463,recv,1,0.000
1781208250.362,3.290,9382,9454,9464,recvUC,2,0.000
1781208250.362,3.290,9382,9454,9465,ov2slam_node,1,0.000
1781208250.362,3.290,9382,9454,9466,ov2slam_node,1,0.000
1781208250.362,3.290,9382,9454,9467,ov2_map,1,0.000
1781208250.362,3.290,9382,9454,9468,ov2_est,2,0.000
1781208250.362,3.290,9382,9454,9470,ov2_main,0,0.000
1781208250.362,3.290,9382,9454,9471,ov2_feed,2,0.000
1781208250.413,3.341,9382,9454,9454,ov2slam_node,3,0.000
1781208250.413,3.341,9382,9454,9455,ov2slam_nod-ust,1,0.000
1781208250.413,3.341,9382,9454,9456,ov2slam_nod-ust,2,0.000
1781208250.413,3.341,9382,9454,9457,ov2slam_node,1,0.000
1781208250.413,3.341,9382,9454,9458,ov2slam_node,2,0.000
1781208250.413,3.341,9382,9454,9459,gc,1,0.000
1781208250.413,3.341,9382,9454,9460,dq.builtins,2,0.000
1781208250.413,3.341,9382,9454,9461,dq.user,1,0.000
1781208250.413,3.341,9382,9454,9462,tev,2,0.000
1781208250.413,3.341,9382,9454,9463,recv,1,0.000
1781208250.413,3.341,9382,9454,9464,recvUC,2,0.000
1781208250.413,3.341,9382,9454,9465,ov2slam_node,1,0.000
1781208250.413,3.341,9382,9454,9466,ov2slam_node,1,0.000
1781208250.413,3.341,9382,9454,9467,ov2_map,1,0.000
1781208250.413,3.341,9382,9454,9468,ov2_est,2,0.000
1781208250.413,3.341,9382,9454,9470,ov2_main,0,0.000
1781208250.413,3.341,9382,9454,9471,ov2_feed,2,0.000
1781208250.465,3.393,9382,9454,9454,ov2slam_node,3,0.000
1781208250.465,3.393,9382,9454,9455,ov2slam_nod-ust,1,0.000
1781208250.465,3.393,9382,9454,9456,ov2slam_nod-ust,2,0.000
1781208250.465,3.393,9382,9454,9457,ov2slam_node,1,0.000
1781208250.465,3.393,9382,9454,9458,ov2slam_node,2,0.000
1781208250.465,3.393,9382,9454,9459,gc,1,0.000
1781208250.465,3.393,9382,9454,9460,dq.builtins,2,0.000
1781208250.465,3.393,9382,9454,9461,dq.user,1,0.000
1781208250.465,3.393,9382,9454,9462,tev,2,0.000
1781208250.465,3.393,9382,9454,9463,recv,1,0.000
1781208250.465,3.393,9382,9454,9464,recvUC,2,0.000
1781208250.465,3.393,9382,9454,9465,ov2slam_node,1,0.000
1781208250.465,3.393,9382,9454,9466,ov2slam_node,1,0.000
1781208250.465,3.393,9382,9454,9467,ov2_map,1,0.000
1781208250.465,3.393,9382,9454,9468,ov2_est,2,0.000
1781208250.465,3.393,9382,9454,9470,ov2_main,0,0.000
1781208250.465,3.393,9382,9454,9471,ov2_feed,2,0.000
1781208250.516,3.444,9382,9454,9454,ov2slam_node,3,0.000
1781208250.516,3.444,9382,9454,9455,ov2slam_nod-ust,1,0.000
1781208250.516,3.444,9382,9454,9456,ov2slam_nod-ust,2,0.000
1781208250.516,3.444,9382,9454,9457,ov2slam_node,1,0.000
1781208250.516,3.444,9382,9454,9458,ov2slam_node,2,0.000
1781208250.516,3.444,9382,9454,9459,gc,1,0.000
1781208250.516,3.444,9382,9454,9460,dq.builtins,2,0.000
1781208250.516,3.444,9382,9454,9461,dq.user,1,0.000
1781208250.516,3.444,9382,9454,9462,tev,2,0.000
1781208250.516,3.444,9382,9454,9463,recv,1,0.000
1781208250.516,3.444,9382,9454,9464,recvUC,2,0.000
1781208250.516,3.444,9382,9454,9465,ov2slam_node,1,0.000
1781208250.516,3.444,9382,9454,9466,ov2slam_node,1,0.000
1781208250.516,3.444,9382,9454,9467,ov2_map,1,0.000
1781208250.516,3.444,9382,9454,9468,ov2_est,2,0.000
1781208250.516,3.444,9382,9454,9470,ov2_main,0,0.000
1781208250.516,3.444,9382,9454,9471,ov2_feed,2,0.000
1781208250.568,3.495,9382,9454,9454,ov2slam_node,3,0.000
1781208250.568,3.495,9382,9454,9455,ov2slam_nod-ust,1,0.000
1781208250.568,3.495,9382,9454,9456,ov2slam_nod-ust,2,0.000
1781208250.568,3.495,9382,9454,9457,ov2slam_node,1,0.000
1781208250.568,3.495,9382,9454,9458,ov2slam_node,2,0.000
1781208250.568,3.495,9382,9454,9459,gc,1,0.000
1781208250.568,3.495,9382,9454,9460,dq.builtins,2,0.000
1781208250.568,3.495,9382,9454,9461,dq.user,1,0.000
1781208250.568,3.495,9382,9454,9462,tev,2,0.000
1781208250.568,3.495,9382,9454,9463,recv,1,0.000
1781208250.568,3.495,9382,9454,9464,recvUC,2,0.000
1781208250.568,3.495,9382,9454,9465,ov2slam_node,1,0.000
1781208250.568,3.495,9382,9454,9466,ov2slam_node,1,0.000
1781208250.568,3.495,9382,9454,9467,ov2_map,1,0.000
1781208250.568,3.495,9382,9454,9468,ov2_est,2,19.460
1781208250.568,3.495,9382,9454,9470,ov2_main,0,0.000
1781208250.568,3.495,9382,9454,9471,ov2_feed,2,0.000
1781208250.622,3.550,9382,9454,9454,ov2slam_node,3,0.000
1781208250.622,3.550,9382,9454,9455,ov2slam_nod-ust,1,0.000
1781208250.622,3.550,9382,9454,9456,ov2slam_nod-ust,2,0.000
1781208250.622,3.550,9382,9454,9457,ov2slam_node,1,0.000
1781208250.622,3.550,9382,9454,9458,ov2slam_node,2,0.000
1781208250.622,3.550,9382,9454,9459,gc,1,0.000
1781208250.622,3.550,9382,9454,9460,dq.builtins,2,0.000
1781208250.622,3.550,9382,9454,9461,dq.user,1,0.000
1781208250.622,3.550,9382,9454,9462,tev,2,0.000
1781208250.622,3.550,9382,9454,9463,recv,1,0.000
1781208250.622,3.550,9382,9454,9464,recvUC,2,0.000
1781208250.622,3.550,9382,9454,9465,ov2slam_node,1,0.000
1781208250.622,3.550,9382,9454,9466,ov2slam_node,1,0.000
1781208250.622,3.550,9382,9454,9467,ov2_map,1,18.446
1781208250.622,3.550,9382,9454,9468,ov2_est,2,0.000
1781208250.622,3.550,9382,9454,9470,ov2_main,0,0.000
1781208250.622,3.550,9382,9454,9471,ov2_feed,2,0.000
1781208250.674,3.601,9382,9454,9454,ov2slam_node,3,0.000
1781208250.674,3.601,9382,9454,9455,ov2slam_nod-ust,1,0.000
1781208250.674,3.601,9382,9454,9456,ov2slam_nod-ust,2,0.000
1781208250.674,3.601,9382,9454,9457,ov2slam_node,1,0.000
1781208250.674,3.601,9382,9454,9458,ov2slam_node,2,0.000
1781208250.674,3.601,9382,9454,9459,gc,1,0.000
1781208250.674,3.601,9382,9454,9460,dq.builtins,2,0.000
1781208250.674,3.601,9382,9454,9461,dq.user,1,0.000
1781208250.674,3.601,9382,9454,9462,tev,2,0.000
1781208250.674,3.601,9382,9454,9463,recv,1,0.000
1781208250.674,3.601,9382,9454,9464,recvUC,2,0.000
1781208250.674,3.601,9382,9454,9465,ov2slam_node,1,0.000
1781208250.674,3.601,9382,9454,9466,ov2slam_node,1,0.000
1781208250.674,3.601,9382,9454,9467,ov2_map,1,0.000
1781208250.674,3.601,9382,9454,9468,ov2_est,2,0.000
1781208250.674,3.601,9382,9454,9470,ov2_main,0,0.000
1781208250.674,3.601,9382,9454,9471,ov2_feed,2,0.000
1781208250.726,3.653,9382,9454,9454,ov2slam_node,3,0.000
1781208250.726,3.653,9382,9454,9455,ov2slam_nod-ust,1,0.000
1781208250.726,3.653,9382,9454,9456,ov2slam_nod-ust,2,0.000
1781208250.726,3.653,9382,9454,9457,ov2slam_node,1,0.000
1781208250.726,3.653,9382,9454,9458,ov2slam_node,2,0.000
1781208250.726,3.653,9382,9454,9459,gc,1,0.000
1781208250.726,3.653,9382,9454,9460,dq.builtins,2,0.000
1781208250.726,3.653,9382,9454,9461,dq.user,1,0.000
1781208250.726,3.653,9382,9454,9462,tev,2,0.000
1781208250.726,3.653,9382,9454,9463,recv,1,0.000
1781208250.726,3.653,9382,9454,9464,recvUC,2,0.000
1781208250.726,3.653,9382,9454,9465,ov2slam_node,1,0.000
1781208250.726,3.653,9382,9454,9466,ov2slam_node,1,0.000
1781208250.726,3.653,9382,9454,9467,ov2_map,1,0.000
1781208250.726,3.653,9382,9454,9468,ov2_est,2,0.000
1781208250.726,3.653,9382,9454,9470,ov2_main,0,0.000
1781208250.726,3.653,9382,9454,9471,ov2_feed,2,0.000
1781208250.778,3.705,9382,9454,9454,ov2slam_node,3,0.000
1781208250.778,3.705,9382,9454,9455,ov2slam_nod-ust,1,0.000
1781208250.778,3.705,9382,9454,9456,ov2slam_nod-ust,2,0.000
1781208250.778,3.705,9382,9454,9457,ov2slam_node,1,0.000
1781208250.778,3.705,9382,9454,9458,ov2slam_node,2,0.000
1781208250.778,3.705,9382,9454,9459,gc,1,0.000
1781208250.778,3.705,9382,9454,9460,dq.builtins,2,0.000
1781208250.778,3.705,9382,9454,9461,dq.user,1,0.000
1781208250.778,3.705,9382,9454,9462,tev,2,0.000
1781208250.778,3.705,9382,9454,9463,recv,1,0.000
1781208250.778,3.705,9382,9454,9464,recvUC,2,0.000
1781208250.778,3.705,9382,9454,9465,ov2slam_node,1,0.000
1781208250.778,3.705,9382,9454,9466,ov2slam_node,1,0.000
1781208250.778,3.705,9382,9454,9467,ov2_map,1,0.000
1781208250.778,3.705,9382,9454,9468,ov2_est,2,0.000
1781208250.778,3.705,9382,9454,9470,ov2_main,0,0.000
1781208250.778,3.705,9382,9454,9471,ov2_feed,2,0.000
1781208250.830,3.757,9382,9454,9454,ov2slam_node,3,0.000
1781208250.830,3.757,9382,9454,9455,ov2slam_nod-ust,1,0.000
1781208250.830,3.757,9382,9454,9456,ov2slam_nod-ust,2,0.000
1781208250.830,3.757,9382,9454,9457,ov2slam_node,1,0.000
1781208250.830,3.757,9382,9454,9458,ov2slam_node,2,0.000
1781208250.830,3.757,9382,9454,9459,gc,1,0.000
1781208250.830,3.757,9382,9454,9460,dq.builtins,2,0.000
1781208250.830,3.757,9382,9454,9461,dq.user,1,0.000
1781208250.830,3.757,9382,9454,9462,tev,2,0.000
1781208250.830,3.757,9382,9454,9463,recv,1,0.000
1781208250.830,3.757,9382,9454,9464,recvUC,2,0.000
1781208250.830,3.757,9382,9454,9465,ov2slam_node,1,0.000
1781208250.830,3.757,9382,9454,9466,ov2slam_node,1,0.000
1781208250.830,3.757,9382,9454,9467,ov2_map,1,0.000
1781208250.830,3.757,9382,9454,9468,ov2_est,2,19.238
1781208250.830,3.757,9382,9454,9470,ov2_main,0,0.000
1781208250.830,3.757,9382,9454,9471,ov2_feed,2,0.000
1781208250.882,3.809,9382,9454,9454,ov2slam_node,3,0.000
1781208250.882,3.809,9382,9454,9455,ov2slam_nod-ust,1,0.000
1781208250.882,3.809,9382,9454,9456,ov2slam_nod-ust,2,0.000
1781208250.882,3.809,9382,9454,9457,ov2slam_node,1,0.000
1781208250.882,3.809,9382,9454,9458,ov2slam_node,2,0.000
1781208250.882,3.809,9382,9454,9459,gc,1,0.000
1781208250.882,3.809,9382,9454,9460,dq.builtins,2,0.000
1781208250.882,3.809,9382,9454,9461,dq.user,1,0.000
1781208250.882,3.809,9382,9454,9462,tev,2,0.000
1781208250.882,3.809,9382,9454,9463,recv,1,0.000
1781208250.882,3.809,9382,9454,9464,recvUC,2,0.000
1781208250.882,3.809,9382,9454,9465,ov2slam_node,1,0.000
1781208250.882,3.809,9382,9454,9466,ov2slam_node,1,0.000
1781208250.882,3.809,9382,9454,9467,ov2_map,1,0.000
1781208250.882,3.809,9382,9454,9468,ov2_est,2,0.000
1781208250.882,3.809,9382,9454,9470,ov2_main,0,0.000
1781208250.882,3.809,9382,9454,9471,ov2_feed,2,0.000
1781208250.934,3.861,9382,9454,9454,ov2slam_node,3,0.000
1781208250.934,3.861,9382,9454,9455,ov2slam_nod-ust,1,0.000
1781208250.934,3.861,9382,9454,9456,ov2slam_nod-ust,2,0.000
1781208250.934,3.861,9382,9454,9457,ov2slam_node,1,0.000
1781208250.934,3.861,9382,9454,9458,ov2slam_node,2,0.000
1781208250.934,3.861,9382,9454,9459,gc,1,0.000
1781208250.934,3.861,9382,9454,9460,dq.builtins,2,0.000
1781208250.934,3.861,9382,9454,9461,dq.user,1,0.000
1781208250.934,3.861,9382,9454,9462,tev,2,0.000
1781208250.934,3.861,9382,9454,9463,recv,1,0.000
1781208250.934,3.861,9382,9454,9464,recvUC,2,0.000
1781208250.934,3.861,9382,9454,9465,ov2slam_node,1,0.000
1781208250.934,3.861,9382,9454,9466,ov2slam_node,1,0.000
1781208250.934,3.861,9382,9454,9467,ov2_map,1,0.000
1781208250.934,3.861,9382,9454,9468,ov2_est,2,0.000
1781208250.934,3.861,9382,9454,9470,ov2_main,0,0.000
1781208250.934,3.861,9382,9454,9471,ov2_feed,2,0.000
1781208250.986,3.913,9382,9454,9454,ov2slam_node,3,0.000
1781208250.986,3.913,9382,9454,9455,ov2slam_nod-ust,1,0.000
1781208250.986,3.913,9382,9454,9456,ov2slam_nod-ust,2,0.000
1781208250.986,3.913,9382,9454,9457,ov2slam_node,1,0.000
1781208250.986,3.913,9382,9454,9458,ov2slam_node,2,0.000
1781208250.986,3.913,9382,9454,9459,gc,1,0.000
1781208250.986,3.913,9382,9454,9460,dq.builtins,2,0.000
1781208250.986,3.913,9382,9454,9461,dq.user,1,0.000
1781208250.986,3.913,9382,9454,9462,tev,2,0.000
1781208250.986,3.913,9382,9454,9463,recv,1,0.000
1781208250.986,3.913,9382,9454,9464,recvUC,2,0.000
1781208250.986,3.913,9382,9454,9465,ov2slam_node,1,0.000
1781208250.986,3.913,9382,9454,9466,ov2slam_node,1,0.000
1781208250.986,3.913,9382,9454,9467,ov2_map,1,0.000
1781208250.986,3.913,9382,9454,9468,ov2_est,2,0.000
1781208250.986,3.913,9382,9454,9470,ov2_main,0,0.000
1781208250.986,3.913,9382,9454,9471,ov2_feed,2,0.000
1781208251.038,3.965,9382,9454,9454,ov2slam_node,3,0.000
1781208251.038,3.965,9382,9454,9455,ov2slam_nod-ust,1,0.000
1781208251.038,3.965,9382,9454,9456,ov2slam_nod-ust,2,0.000
1781208251.038,3.965,9382,9454,9457,ov2slam_node,1,0.000
1781208251.038,3.965,9382,9454,9458,ov2slam_node,2,0.000
1781208251.038,3.965,9382,9454,9459,gc,1,0.000
1781208251.038,3.965,9382,9454,9460,dq.builtins,2,0.000
1781208251.038,3.965,9382,9454,9461,dq.user,1,0.000
1781208251.038,3.965,9382,9454,9462,tev,2,0.000
1781208251.038,3.965,9382,9454,9463,recv,1,0.000
1781208251.038,3.965,9382,9454,9464,recvUC,2,0.000
1781208251.038,3.965,9382,9454,9465,ov2slam_node,1,0.000
1781208251.038,3.965,9382,9454,9466,ov2slam_node,1,0.000
1781208251.038,3.965,9382,9454,9467,ov2_map,1,0.000
1781208251.038,3.965,9382,9454,9468,ov2_est,2,0.000
1781208251.038,3.965,9382,9454,9470,ov2_main,0,0.000
1781208251.038,3.965,9382,9454,9471,ov2_feed,2,0.000
1781208251.090,4.017,9382,9454,9454,ov2slam_node,3,0.000
1781208251.090,4.017,9382,9454,9455,ov2slam_nod-ust,1,0.000
1781208251.090,4.017,9382,9454,9456,ov2slam_nod-ust,2,0.000
1781208251.090,4.017,9382,9454,9457,ov2slam_node,1,0.000
1781208251.090,4.017,9382,9454,9458,ov2slam_node,2,0.000
1781208251.090,4.017,9382,9454,9459,gc,1,0.000
1781208251.090,4.017,9382,9454,9460,dq.builtins,2,0.000
1781208251.090,4.017,9382,9454,9461,dq.user,1,0.000
1781208251.090,4.017,9382,9454,9462,tev,2,0.000
1781208251.090,4.017,9382,9454,9463,recv,1,0.000
1781208251.090,4.017,9382,9454,9464,recvUC,2,0.000
1781208251.090,4.017,9382,9454,9465,ov2slam_node,1,0.000
1781208251.090,4.017,9382,9454,9466,ov2slam_node,1,0.000
1781208251.090,4.017,9382,9454,9467,ov2_map,1,0.000
1781208251.090,4.017,9382,9454,9468,ov2_est,2,19.240
1781208251.090,4.017,9382,9454,9470,ov2_main,0,0.000
1781208251.090,4.017,9382,9454,9471,ov2_feed,2,0.000
1781208251.142,4.069,9382,9454,9454,ov2slam_node,3,0.000
1781208251.142,4.069,9382,9454,9455,ov2slam_nod-ust,1,0.000
1781208251.142,4.069,9382,9454,9456,ov2slam_nod-ust,2,0.000
1781208251.142,4.069,9382,9454,9457,ov2slam_node,1,0.000
1781208251.142,4.069,9382,9454,9458,ov2slam_node,2,0.000
1781208251.142,4.069,9382,9454,9459,gc,1,0.000
1781208251.142,4.069,9382,9454,9460,dq.builtins,2,0.000
1781208251.142,4.069,9382,9454,9461,dq.user,1,0.000
1781208251.142,4.069,9382,9454,9462,tev,2,0.000
1781208251.142,4.069,9382,9454,9463,recv,1,0.000
1781208251.142,4.069,9382,9454,9464,recvUC,2,0.000
1781208251.142,4.069,9382,9454,9465,ov2slam_node,1,0.000
1781208251.142,4.069,9382,9454,9466,ov2slam_node,1,0.000
1781208251.142,4.069,9382,9454,9467,ov2_map,1,0.000
1781208251.142,4.069,9382,9454,9468,ov2_est,2,0.000
1781208251.142,4.069,9382,9454,9470,ov2_main,0,0.000
1781208251.142,4.069,9382,9454,9471,ov2_feed,2,0.000
1781208251.193,4.121,9382,9454,9454,ov2slam_node,3,0.000
1781208251.193,4.121,9382,9454,9455,ov2slam_nod-ust,1,0.000
1781208251.193,4.121,9382,9454,9456,ov2slam_nod-ust,2,0.000
1781208251.193,4.121,9382,9454,9457,ov2slam_node,1,0.000
1781208251.193,4.121,9382,9454,9458,ov2slam_node,2,0.000
1781208251.193,4.121,9382,9454,9459,gc,1,0.000
1781208251.193,4.121,9382,9454,9460,dq.builtins,2,0.000
1781208251.193,4.121,9382,9454,9461,dq.user,1,0.000
1781208251.193,4.121,9382,9454,9462,tev,2,0.000
1781208251.193,4.121,9382,9454,9463,recv,1,0.000
1781208251.193,4.121,9382,9454,9464,recvUC,2,0.000
1781208251.193,4.121,9382,9454,9465,ov2slam_node,1,0.000
1781208251.193,4.121,9382,9454,9466,ov2slam_node,1,0.000
1781208251.193,4.121,9382,9454,9467,ov2_map,1,0.000
1781208251.193,4.121,9382,9454,9468,ov2_est,2,0.000
1781208251.193,4.121,9382,9454,9470,ov2_main,0,0.000
1781208251.193,4.121,9382,9454,9471,ov2_feed,2,0.000
1781208251.245,4.173,9382,9454,9454,ov2slam_node,3,0.000
1781208251.245,4.173,9382,9454,9455,ov2slam_nod-ust,1,0.000
1781208251.245,4.173,9382,9454,9456,ov2slam_nod-ust,2,0.000
1781208251.245,4.173,9382,9454,9457,ov2slam_node,1,0.000
1781208251.245,4.173,9382,9454,9458,ov2slam_node,2,0.000
1781208251.245,4.173,9382,9454,9459,gc,1,0.000
1781208251.245,4.173,9382,9454,9460,dq.builtins,2,0.000
1781208251.245,4.173,9382,9454,9461,dq.user,1,0.000
1781208251.245,4.173,9382,9454,9462,tev,2,0.000
1781208251.245,4.173,9382,9454,9463,recv,1,0.000
1781208251.245,4.173,9382,9454,9464,recvUC,2,0.000
1781208251.245,4.173,9382,9454,9465,ov2slam_node,1,0.000
1781208251.245,4.173,9382,9454,9466,ov2slam_node,1,0.000
1781208251.245,4.173,9382,9454,9467,ov2_map,1,19.236
1781208251.245,4.173,9382,9454,9468,ov2_est,2,0.000
1781208251.245,4.173,9382,9454,9470,ov2_main,0,0.000
1781208251.245,4.173,9382,9454,9471,ov2_feed,2,0.000
1781208251.298,4.225,9382,9454,9454,ov2slam_node,3,0.000
1781208251.298,4.225,9382,9454,9455,ov2slam_nod-ust,1,0.000
1781208251.298,4.225,9382,9454,9456,ov2slam_nod-ust,2,0.000
1781208251.298,4.225,9382,9454,9457,ov2slam_node,1,0.000
1781208251.298,4.225,9382,9454,9458,ov2slam_node,2,0.000
1781208251.298,4.225,9382,9454,9459,gc,1,0.000
1781208251.298,4.225,9382,9454,9460,dq.builtins,2,0.000
1781208251.298,4.225,9382,9454,9461,dq.user,1,0.000
1781208251.298,4.225,9382,9454,9462,tev,2,0.000
1781208251.298,4.225,9382,9454,9463,recv,1,0.000
1781208251.298,4.225,9382,9454,9464,recvUC,2,0.000
1781208251.298,4.225,9382,9454,9465,ov2slam_node,1,0.000
1781208251.298,4.225,9382,9454,9466,ov2slam_node,1,0.000
1781208251.298,4.225,9382,9454,9467,ov2_map,1,0.000
1781208251.298,4.225,9382,9454,9468,ov2_est,2,0.000
1781208251.298,4.225,9382,9454,9470,ov2_main,0,0.000
1781208251.298,4.225,9382,9454,9471,ov2_feed,2,0.000
1781208251.350,4.277,9382,9454,9454,ov2slam_node,3,0.000
1781208251.350,4.277,9382,9454,9455,ov2slam_nod-ust,1,0.000
1781208251.350,4.277,9382,9454,9456,ov2slam_nod-ust,2,0.000
1781208251.350,4.277,9382,9454,9457,ov2slam_node,1,0.000
1781208251.350,4.277,9382,9454,9458,ov2slam_node,2,0.000
1781208251.350,4.277,9382,9454,9459,gc,1,0.000
1781208251.350,4.277,9382,9454,9460,dq.builtins,2,0.000
1781208251.350,4.277,9382,9454,9461,dq.user,1,0.000
1781208251.350,4.277,9382,9454,9462,tev,2,0.000
1781208251.350,4.277,9382,9454,9463,recv,1,0.000
1781208251.350,4.277,9382,9454,9464,recvUC,2,0.000
1781208251.350,4.277,9382,9454,9465,ov2slam_node,1,0.000
1781208251.350,4.277,9382,9454,9466,ov2slam_node,1,0.000
1781208251.350,4.277,9382,9454,9467,ov2_map,1,0.000
1781208251.350,4.277,9382,9454,9468,ov2_est,2,19.216
1781208251.350,4.277,9382,9454,9470,ov2_main,0,0.000
1781208251.350,4.277,9382,9454,9471,ov2_feed,2,0.000
1781208251.402,4.329,9382,9454,9454,ov2slam_node,3,0.000
1781208251.402,4.329,9382,9454,9455,ov2slam_nod-ust,1,0.000
1781208251.402,4.329,9382,9454,9456,ov2slam_nod-ust,2,0.000
1781208251.402,4.329,9382,9454,9457,ov2slam_node,1,0.000
1781208251.402,4.329,9382,9454,9458,ov2slam_node,2,0.000
1781208251.402,4.329,9382,9454,9459,gc,1,0.000
1781208251.402,4.329,9382,9454,9460,dq.builtins,2,0.000
1781208251.402,4.329,9382,9454,9461,dq.user,1,0.000
1781208251.402,4.329,9382,9454,9462,tev,2,0.000
1781208251.402,4.329,9382,9454,9463,recv,1,0.000
1781208251.402,4.329,9382,9454,9464,recvUC,2,0.000
1781208251.402,4.329,9382,9454,9465,ov2slam_node,1,0.000
1781208251.402,4.329,9382,9454,9466,ov2slam_node,1,0.000
1781208251.402,4.329,9382,9454,9467,ov2_map,1,0.000
1781208251.402,4.329,9382,9454,9468,ov2_est,2,0.000
1781208251.402,4.329,9382,9454,9470,ov2_main,0,0.000
1781208251.402,4.329,9382,9454,9471,ov2_feed,2,0.000
1781208251.454,4.381,9382,9454,9454,ov2slam_node,3,0.000
1781208251.454,4.381,9382,9454,9455,ov2slam_nod-ust,1,0.000
1781208251.454,4.381,9382,9454,9456,ov2slam_nod-ust,2,0.000
1781208251.454,4.381,9382,9454,9457,ov2slam_node,1,0.000
1781208251.454,4.381,9382,9454,9458,ov2slam_node,2,0.000
1781208251.454,4.381,9382,9454,9459,gc,1,0.000
1781208251.454,4.381,9382,9454,9460,dq.builtins,2,0.000
1781208251.454,4.381,9382,9454,9461,dq.user,1,0.000
1781208251.454,4.381,9382,9454,9462,tev,2,0.000
1781208251.454,4.381,9382,9454,9463,recv,1,0.000
1781208251.454,4.381,9382,9454,9464,recvUC,2,0.000
1781208251.454,4.381,9382,9454,9465,ov2slam_node,1,0.000
1781208251.454,4.381,9382,9454,9466,ov2slam_node,1,0.000
1781208251.454,4.381,9382,9454,9467,ov2_map,1,0.000
1781208251.454,4.381,9382,9454,9468,ov2_est,2,0.000
1781208251.454,4.381,9382,9454,9470,ov2_main,0,0.000
1781208251.454,4.381,9382,9454,9471,ov2_feed,2,0.000
1781208251.505,4.433,9382,9454,9454,ov2slam_node,3,0.000
1781208251.505,4.433,9382,9454,9455,ov2slam_nod-ust,1,0.000
1781208251.505,4.433,9382,9454,9456,ov2slam_nod-ust,2,0.000
1781208251.505,4.433,9382,9454,9457,ov2slam_node,1,0.000
1781208251.505,4.433,9382,9454,9458,ov2slam_node,2,0.000
1781208251.505,4.433,9382,9454,9459,gc,1,0.000
1781208251.505,4.433,9382,9454,9460,dq.builtins,2,0.000
1781208251.505,4.433,9382,9454,9461,dq.user,1,0.000
1781208251.505,4.433,9382,9454,9462,tev,2,0.000
1781208251.505,4.433,9382,9454,9463,recv,1,0.000
1781208251.505,4.433,9382,9454,9464,recvUC,2,0.000
1781208251.505,4.433,9382,9454,9465,ov2slam_node,1,0.000
1781208251.505,4.433,9382,9454,9466,ov2slam_node,1,0.000
1781208251.505,4.433,9382,9454,9467,ov2_map,1,0.000
1781208251.505,4.433,9382,9454,9468,ov2_est,2,0.000
1781208251.505,4.433,9382,9454,9470,ov2_main,0,0.000
1781208251.505,4.433,9382,9454,9471,ov2_feed,2,0.000
1781208251.557,4.485,9382,9454,9454,ov2slam_node,3,0.000
1781208251.557,4.485,9382,9454,9455,ov2slam_nod-ust,1,0.000
1781208251.557,4.485,9382,9454,9456,ov2slam_nod-ust,2,0.000
1781208251.557,4.485,9382,9454,9457,ov2slam_node,1,0.000
1781208251.557,4.485,9382,9454,9458,ov2slam_node,2,0.000
1781208251.557,4.485,9382,9454,9459,gc,1,0.000
1781208251.557,4.485,9382,9454,9460,dq.builtins,2,0.000
1781208251.557,4.485,9382,9454,9461,dq.user,1,0.000
1781208251.557,4.485,9382,9454,9462,tev,2,0.000
1781208251.557,4.485,9382,9454,9463,recv,1,0.000
1781208251.557,4.485,9382,9454,9464,recvUC,2,0.000
1781208251.557,4.485,9382,9454,9465,ov2slam_node,1,0.000
1781208251.557,4.485,9382,9454,9466,ov2slam_node,1,0.000
1781208251.557,4.485,9382,9454,9467,ov2_map,1,0.000
1781208251.557,4.485,9382,9454,9468,ov2_est,2,19.231
1781208251.557,4.485,9382,9454,9470,ov2_main,0,0.000
1781208251.557,4.485,9382,9454,9471,ov2_feed,2,0.000
1781208251.609,4.537,9382,9454,9454,ov2slam_node,3,0.000
1781208251.609,4.537,9382,9454,9455,ov2slam_nod-ust,1,0.000
1781208251.609,4.537,9382,9454,9456,ov2slam_nod-ust,2,0.000
1781208251.609,4.537,9382,9454,9457,ov2slam_node,1,0.000
1781208251.609,4.537,9382,9454,9458,ov2slam_node,2,0.000
1781208251.609,4.537,9382,9454,9459,gc,1,0.000
1781208251.609,4.537,9382,9454,9460,dq.builtins,2,0.000
1781208251.609,4.537,9382,9454,9461,dq.user,1,0.000
1781208251.609,4.537,9382,9454,9462,tev,2,0.000
1781208251.609,4.537,9382,9454,9463,recv,1,0.000
1781208251.609,4.537,9382,9454,9464,recvUC,2,0.000
1781208251.609,4.537,9382,9454,9465,ov2slam_node,1,0.000
1781208251.609,4.537,9382,9454,9466,ov2slam_node,1,0.000
1781208251.609,4.537,9382,9454,9467,ov2_map,1,0.000
1781208251.609,4.537,9382,9454,9468,ov2_est,2,0.000
1781208251.609,4.537,9382,9454,9470,ov2_main,0,0.000
1781208251.609,4.537,9382,9454,9471,ov2_feed,2,0.000
1781208251.661,4.589,9382,9454,9454,ov2slam_node,3,0.000
1781208251.661,4.589,9382,9454,9455,ov2slam_nod-ust,1,0.000
1781208251.661,4.589,9382,9454,9456,ov2slam_nod-ust,2,0.000
1781208251.661,4.589,9382,9454,9457,ov2slam_node,1,0.000
1781208251.661,4.589,9382,9454,9458,ov2slam_node,2,0.000
1781208251.661,4.589,9382,9454,9459,gc,1,0.000
1781208251.661,4.589,9382,9454,9460,dq.builtins,2,0.000
1781208251.661,4.589,9382,9454,9461,dq.user,1,0.000
1781208251.661,4.589,9382,9454,9462,tev,2,0.000
1781208251.661,4.589,9382,9454,9463,recv,1,0.000
1781208251.661,4.589,9382,9454,9464,recvUC,2,0.000
1781208251.661,4.589,9382,9454,9465,ov2slam_node,1,0.000
1781208251.661,4.589,9382,9454,9466,ov2slam_node,1,0.000
1781208251.661,4.589,9382,9454,9467,ov2_map,1,19.243
1781208251.661,4.589,9382,9454,9468,ov2_est,2,0.000
1781208251.661,4.589,9382,9454,9470,ov2_main,0,0.000
1781208251.661,4.589,9382,9454,9471,ov2_feed,2,0.000
1781208251.713,4.641,9382,9454,9454,ov2slam_node,3,0.000
1781208251.713,4.641,9382,9454,9455,ov2slam_nod-ust,1,0.000
1781208251.713,4.641,9382,9454,9456,ov2slam_nod-ust,2,0.000
1781208251.713,4.641,9382,9454,9457,ov2slam_node,1,0.000
1781208251.713,4.641,9382,9454,9458,ov2slam_node,2,0.000
1781208251.713,4.641,9382,9454,9459,gc,1,0.000
1781208251.713,4.641,9382,9454,9460,dq.builtins,2,0.000
1781208251.713,4.641,9382,9454,9461,dq.user,1,0.000
1781208251.713,4.641,9382,9454,9462,tev,2,0.000
1781208251.713,4.641,9382,9454,9463,recv,1,0.000
1781208251.713,4.641,9382,9454,9464,recvUC,2,0.000
1781208251.713,4.641,9382,9454,9465,ov2slam_node,1,0.000
1781208251.713,4.641,9382,9454,9466,ov2slam_node,1,0.000
1781208251.713,4.641,9382,9454,9467,ov2_map,1,0.000
1781208251.713,4.641,9382,9454,9468,ov2_est,2,0.000
1781208251.713,4.641,9382,9454,9470,ov2_main,0,0.000
1781208251.713,4.641,9382,9454,9471,ov2_feed,2,0.000
1781208251.765,4.693,9382,9454,9454,ov2slam_node,3,0.000
1781208251.765,4.693,9382,9454,9455,ov2slam_nod-ust,1,0.000
1781208251.765,4.693,9382,9454,9456,ov2slam_nod-ust,2,0.000
1781208251.765,4.693,9382,9454,9457,ov2slam_node,1,0.000
1781208251.765,4.693,9382,9454,9458,ov2slam_node,2,0.000
1781208251.765,4.693,9382,9454,9459,gc,1,0.000
1781208251.765,4.693,9382,9454,9460,dq.builtins,2,0.000
1781208251.765,4.693,9382,9454,9461,dq.user,1,0.000
1781208251.765,4.693,9382,9454,9462,tev,2,0.000
1781208251.765,4.693,9382,9454,9463,recv,1,0.000
1781208251.765,4.693,9382,9454,9464,recvUC,2,0.000
1781208251.765,4.693,9382,9454,9465,ov2slam_node,1,0.000
1781208251.765,4.693,9382,9454,9466,ov2slam_node,1,0.000
1781208251.765,4.693,9382,9454,9467,ov2_map,1,0.000
1781208251.765,4.693,9382,9454,9468,ov2_est,2,0.000
1781208251.765,4.693,9382,9454,9470,ov2_main,0,0.000
1781208251.765,4.693,9382,9454,9471,ov2_feed,2,0.000
1781208251.817,4.745,9382,9454,9454,ov2slam_node,3,0.000
1781208251.817,4.745,9382,9454,9455,ov2slam_nod-ust,1,0.000
1781208251.817,4.745,9382,9454,9456,ov2slam_nod-ust,2,0.000
1781208251.817,4.745,9382,9454,9457,ov2slam_node,1,0.000
1781208251.817,4.745,9382,9454,9458,ov2slam_node,2,0.000
1781208251.817,4.745,9382,9454,9459,gc,1,0.000
1781208251.817,4.745,9382,9454,9460,dq.builtins,2,0.000
1781208251.817,4.745,9382,9454,9461,dq.user,1,0.000
1781208251.817,4.745,9382,9454,9462,tev,2,0.000
1781208251.817,4.745,9382,9454,9463,recv,1,0.000
1781208251.817,4.745,9382,9454,9464,recvUC,2,0.000
1781208251.817,4.745,9382,9454,9465,ov2slam_node,1,0.000
1781208251.817,4.745,9382,9454,9466,ov2slam_node,1,0.000
1781208251.817,4.745,9382,9454,9467,ov2_map,1,0.000
1781208251.817,4.745,9382,9454,9468,ov2_est,2,19.250
1781208251.817,4.745,9382,9454,9470,ov2_main,0,0.000
1781208251.817,4.745,9382,9454,9471,ov2_feed,2,0.000
1781208251.869,4.797,9382,9454,9454,ov2slam_node,3,0.000
1781208251.869,4.797,9382,9454,9455,ov2slam_nod-ust,1,0.000
1781208251.869,4.797,9382,9454,9456,ov2slam_nod-ust,2,0.000
1781208251.869,4.797,9382,9454,9457,ov2slam_node,1,0.000
1781208251.869,4.797,9382,9454,9458,ov2slam_node,2,0.000
1781208251.869,4.797,9382,9454,9459,gc,1,0.000
1781208251.869,4.797,9382,9454,9460,dq.builtins,2,0.000
1781208251.869,4.797,9382,9454,9461,dq.user,1,0.000
1781208251.869,4.797,9382,9454,9462,tev,2,0.000
1781208251.869,4.797,9382,9454,9463,recv,1,0.000
1781208251.869,4.797,9382,9454,9464,recvUC,2,0.000
1781208251.869,4.797,9382,9454,9465,ov2slam_node,1,0.000
1781208251.869,4.797,9382,9454,9466,ov2slam_node,1,0.000
1781208251.869,4.797,9382,9454,9467,ov2_map,1,0.000
1781208251.869,4.797,9382,9454,9468,ov2_est,2,0.000
1781208251.869,4.797,9382,9454,9470,ov2_main,0,0.000
1781208251.869,4.797,9382,9454,9471,ov2_feed,2,0.000
1781208251.921,4.849,9382,9454,9454,ov2slam_node,3,0.000
1781208251.921,4.849,9382,9454,9455,ov2slam_nod-ust,1,0.000
1781208251.921,4.849,9382,9454,9456,ov2slam_nod-ust,2,0.000
1781208251.921,4.849,9382,9454,9457,ov2slam_node,1,0.000
1781208251.921,4.849,9382,9454,9458,ov2slam_node,2,0.000
1781208251.921,4.849,9382,9454,9459,gc,1,0.000
1781208251.921,4.849,9382,9454,9460,dq.builtins,2,0.000
1781208251.921,4.849,9382,9454,9461,dq.user,1,0.000
1781208251.921,4.849,9382,9454,9462,tev,2,0.000
1781208251.921,4.849,9382,9454,9463,recv,1,0.000
1781208251.921,4.849,9382,9454,9464,recvUC,2,0.000
1781208251.921,4.849,9382,9454,9465,ov2slam_node,1,0.000
1781208251.921,4.849,9382,9454,9466,ov2slam_node,1,0.000
1781208251.921,4.849,9382,9454,9467,ov2_map,1,0.000
1781208251.921,4.849,9382,9454,9468,ov2_est,2,0.000
1781208251.921,4.849,9382,9454,9470,ov2_main,0,0.000
1781208251.921,4.849,9382,9454,9471,ov2_feed,2,0.000
1781208251.973,4.901,9382,9454,9454,ov2slam_node,3,0.000
1781208251.973,4.901,9382,9454,9455,ov2slam_nod-ust,1,0.000
1781208251.973,4.901,9382,9454,9456,ov2slam_nod-ust,2,0.000
1781208251.973,4.901,9382,9454,9457,ov2slam_node,1,0.000
1781208251.973,4.901,9382,9454,9458,ov2slam_node,2,0.000
1781208251.973,4.901,9382,9454,9459,gc,1,0.000
1781208251.973,4.901,9382,9454,9460,dq.builtins,2,0.000
1781208251.973,4.901,9382,9454,9461,dq.user,1,0.000
1781208251.973,4.901,9382,9454,9462,tev,2,0.000
1781208251.973,4.901,9382,9454,9463,recv,1,0.000
1781208251.973,4.901,9382,9454,9464,recvUC,2,0.000
1781208251.973,4.901,9382,9454,9465,ov2slam_node,1,0.000
1781208251.973,4.901,9382,9454,9466,ov2slam_node,1,0.000
1781208251.973,4.901,9382,9454,9467,ov2_map,1,0.000
1781208251.973,4.901,9382,9454,9468,ov2_est,2,0.000
1781208251.973,4.901,9382,9454,9470,ov2_main,0,0.000
1781208251.973,4.901,9382,9454,9471,ov2_feed,2,0.000
1781208252.025,4.953,9382,9454,9454,ov2slam_node,3,0.000
1781208252.025,4.953,9382,9454,9455,ov2slam_nod-ust,1,0.000
1781208252.025,4.953,9382,9454,9456,ov2slam_nod-ust,2,0.000
1781208252.025,4.953,9382,9454,9457,ov2slam_node,1,0.000
1781208252.025,4.953,9382,9454,9458,ov2slam_node,2,0.000
1781208252.025,4.953,9382,9454,9459,gc,1,0.000
1781208252.025,4.953,9382,9454,9460,dq.builtins,2,0.000
1781208252.025,4.953,9382,9454,9461,dq.user,1,0.000
1781208252.025,4.953,9382,9454,9462,tev,2,0.000
1781208252.025,4.953,9382,9454,9463,recv,1,0.000
1781208252.025,4.953,9382,9454,9464,recvUC,2,0.000
1781208252.025,4.953,9382,9454,9465,ov2slam_node,1,0.000
1781208252.025,4.953,9382,9454,9466,ov2slam_node,1,0.000
1781208252.025,4.953,9382,9454,9467,ov2_map,1,0.000
1781208252.025,4.953,9382,9454,9468,ov2_est,2,19.241
1781208252.025,4.953,9382,9454,9470,ov2_main,0,0.000
1781208252.025,4.953,9382,9454,9471,ov2_feed,2,0.000
1781208252.077,5.005,9382,9454,9454,ov2slam_node,3,0.000
1781208252.077,5.005,9382,9454,9455,ov2slam_nod-ust,1,0.000
1781208252.077,5.005,9382,9454,9456,ov2slam_nod-ust,2,0.000
1781208252.077,5.005,9382,9454,9457,ov2slam_node,1,0.000
1781208252.077,5.005,9382,9454,9458,ov2slam_node,2,0.000
1781208252.077,5.005,9382,9454,9459,gc,1,0.000
1781208252.077,5.005,9382,9454,9460,dq.builtins,2,0.000
1781208252.077,5.005,9382,9454,9461,dq.user,1,0.000
1781208252.077,5.005,9382,9454,9462,tev,2,0.000
1781208252.077,5.005,9382,9454,9463,recv,1,0.000
1781208252.077,5.005,9382,9454,9464,recvUC,2,0.000
1781208252.077,5.005,9382,9454,9465,ov2slam_node,1,0.000
1781208252.077,5.005,9382,9454,9466,ov2slam_node,1,0.000
1781208252.077,5.005,9382,9454,9467,ov2_map,1,0.000
1781208252.077,5.005,9382,9454,9468,ov2_est,2,0.000
1781208252.077,5.005,9382,9454,9470,ov2_main,0,0.000
1781208252.077,5.005,9382,9454,9471,ov2_feed,2,0.000
1781208252.130,5.057,9382,9454,9454,ov2slam_node,3,0.000
1781208252.130,5.057,9382,9454,9455,ov2slam_nod-ust,1,0.000
1781208252.130,5.057,9382,9454,9456,ov2slam_nod-ust,2,0.000
1781208252.130,5.057,9382,9454,9457,ov2slam_node,1,0.000
1781208252.130,5.057,9382,9454,9458,ov2slam_node,2,0.000
1781208252.130,5.057,9382,9454,9459,gc,1,0.000
1781208252.130,5.057,9382,9454,9460,dq.builtins,2,0.000
1781208252.130,5.057,9382,9454,9461,dq.user,1,0.000
1781208252.130,5.057,9382,9454,9462,tev,2,0.000
1781208252.130,5.057,9382,9454,9463,recv,1,0.000
1781208252.130,5.057,9382,9454,9464,recvUC,2,0.000
1781208252.130,5.057,9382,9454,9465,ov2slam_node,1,0.000
1781208252.130,5.057,9382,9454,9466,ov2slam_node,1,0.000
1781208252.130,5.057,9382,9454,9467,ov2_map,1,19.221
1781208252.130,5.057,9382,9454,9468,ov2_est,2,0.000
1781208252.130,5.057,9382,9454,9470,ov2_main,0,0.000
1781208252.130,5.057,9382,9454,9471,ov2_feed,2,0.000
1781208252.182,5.109,9382,9454,9454,ov2slam_node,3,0.000
1781208252.182,5.109,9382,9454,9455,ov2slam_nod-ust,1,0.000
1781208252.182,5.109,9382,9454,9456,ov2slam_nod-ust,2,0.000
1781208252.182,5.109,9382,9454,9457,ov2slam_node,1,0.000
1781208252.182,5.109,9382,9454,9458,ov2slam_node,2,0.000
1781208252.182,5.109,9382,9454,9459,gc,1,0.000
1781208252.182,5.109,9382,9454,9460,dq.builtins,2,0.000
1781208252.182,5.109,9382,9454,9461,dq.user,1,0.000
1781208252.182,5.109,9382,9454,9462,tev,2,0.000
1781208252.182,5.109,9382,9454,9463,recv,1,0.000
1781208252.182,5.109,9382,9454,9464,recvUC,2,0.000
1781208252.182,5.109,9382,9454,9465,ov2slam_node,1,0.000
1781208252.182,5.109,9382,9454,9466,ov2slam_node,1,0.000
1781208252.182,5.109,9382,9454,9467,ov2_map,1,0.000
1781208252.182,5.109,9382,9454,9468,ov2_est,2,0.000
1781208252.182,5.109,9382,9454,9470,ov2_main,0,0.000
1781208252.182,5.109,9382,9454,9471,ov2_feed,2,0.000
1781208252.234,5.161,9382,9454,9454,ov2slam_node,3,0.000
1781208252.234,5.161,9382,9454,9455,ov2slam_nod-ust,1,0.000
1781208252.234,5.161,9382,9454,9456,ov2slam_nod-ust,2,0.000
1781208252.234,5.161,9382,9454,9457,ov2slam_node,1,0.000
1781208252.234,5.161,9382,9454,9458,ov2slam_node,2,0.000
1781208252.234,5.161,9382,9454,9459,gc,1,0.000
1781208252.234,5.161,9382,9454,9460,dq.builtins,2,0.000
1781208252.234,5.161,9382,9454,9461,dq.user,1,0.000
1781208252.234,5.161,9382,9454,9462,tev,2,0.000
1781208252.234,5.161,9382,9454,9463,recv,1,0.000
1781208252.234,5.161,9382,9454,9464,recvUC,2,0.000
1781208252.234,5.161,9382,9454,9465,ov2slam_node,1,0.000
1781208252.234,5.161,9382,9454,9466,ov2slam_node,1,0.000
1781208252.234,5.161,9382,9454,9467,ov2_map,1,0.000
1781208252.234,5.161,9382,9454,9468,ov2_est,2,0.000
1781208252.234,5.161,9382,9454,9470,ov2_main,0,0.000
1781208252.234,5.161,9382,9454,9471,ov2_feed,2,0.000
1781208252.286,5.214,9382,9454,9454,ov2slam_node,3,0.000
1781208252.286,5.214,9382,9454,9455,ov2slam_nod-ust,1,0.000
1781208252.286,5.214,9382,9454,9456,ov2slam_nod-ust,2,0.000
1781208252.286,5.214,9382,9454,9457,ov2slam_node,1,0.000
1781208252.286,5.214,9382,9454,9458,ov2slam_node,2,0.000
1781208252.286,5.214,9382,9454,9459,gc,1,0.000
1781208252.286,5.214,9382,9454,9460,dq.builtins,2,0.000
1781208252.286,5.214,9382,9454,9461,dq.user,1,0.000
1781208252.286,5.214,9382,9454,9462,tev,2,0.000
1781208252.286,5.214,9382,9454,9463,recv,1,0.000
1781208252.286,5.214,9382,9454,9464,recvUC,2,0.000
1781208252.286,5.214,9382,9454,9465,ov2slam_node,1,0.000
1781208252.286,5.214,9382,9454,9466,ov2slam_node,1,0.000
1781208252.286,5.214,9382,9454,9467,ov2_map,1,0.000
1781208252.286,5.214,9382,9454,9468,ov2_est,2,19.211
1781208252.286,5.214,9382,9454,9470,ov2_main,0,0.000
1781208252.286,5.214,9382,9454,9471,ov2_feed,2,0.000
1781208252.338,5.266,9382,9454,9454,ov2slam_node,3,0.000
1781208252.338,5.266,9382,9454,9455,ov2slam_nod-ust,1,0.000
1781208252.338,5.266,9382,9454,9456,ov2slam_nod-ust,2,0.000
1781208252.338,5.266,9382,9454,9457,ov2slam_node,1,0.000
1781208252.338,5.266,9382,9454,9458,ov2slam_node,2,0.000
1781208252.338,5.266,9382,9454,9459,gc,1,0.000
1781208252.338,5.266,9382,9454,9460,dq.builtins,2,0.000
1781208252.338,5.266,9382,9454,9461,dq.user,1,0.000
1781208252.338,5.266,9382,9454,9462,tev,2,0.000
1781208252.338,5.266,9382,9454,9463,recv,1,0.000
1781208252.338,5.266,9382,9454,9464,recvUC,2,0.000
1781208252.338,5.266,9382,9454,9465,ov2slam_node,1,0.000
1781208252.338,5.266,9382,9454,9466,ov2slam_node,1,0.000
1781208252.338,5.266,9382,9454,9467,ov2_map,1,0.000
1781208252.338,5.266,9382,9454,9468,ov2_est,2,0.000
1781208252.338,5.266,9382,9454,9470,ov2_main,0,0.000
1781208252.338,5.266,9382,9454,9471,ov2_feed,2,0.000
1781208252.390,5.318,9382,9454,9454,ov2slam_node,3,0.000
1781208252.390,5.318,9382,9454,9455,ov2slam_nod-ust,1,0.000
1781208252.390,5.318,9382,9454,9456,ov2slam_nod-ust,2,0.000
1781208252.390,5.318,9382,9454,9457,ov2slam_node,1,0.000
1781208252.390,5.318,9382,9454,9458,ov2slam_node,2,0.000
1781208252.390,5.318,9382,9454,9459,gc,1,0.000
1781208252.390,5.318,9382,9454,9460,dq.builtins,2,0.000
1781208252.390,5.318,9382,9454,9461,dq.user,1,0.000
1781208252.390,5.318,9382,9454,9462,tev,2,0.000
1781208252.390,5.318,9382,9454,9463,recv,1,0.000
1781208252.390,5.318,9382,9454,9464,recvUC,2,0.000
1781208252.390,5.318,9382,9454,9465,ov2slam_node,1,0.000
1781208252.390,5.318,9382,9454,9466,ov2slam_node,1,0.000
1781208252.390,5.318,9382,9454,9467,ov2_map,1,0.000
1781208252.390,5.318,9382,9454,9468,ov2_est,2,0.000
1781208252.390,5.318,9382,9454,9470,ov2_main,0,0.000
1781208252.390,5.318,9382,9454,9471,ov2_feed,2,0.000
1781208252.442,5.370,9382,9454,9454,ov2slam_node,3,0.000
1781208252.442,5.370,9382,9454,9455,ov2slam_nod-ust,1,0.000
1781208252.442,5.370,9382,9454,9456,ov2slam_nod-ust,2,0.000
1781208252.442,5.370,9382,9454,9457,ov2slam_node,1,0.000
1781208252.442,5.370,9382,9454,9458,ov2slam_node,2,0.000
1781208252.442,5.370,9382,9454,9459,gc,1,0.000
1781208252.442,5.370,9382,9454,9460,dq.builtins,2,0.000
1781208252.442,5.370,9382,9454,9461,dq.user,1,0.000
1781208252.442,5.370,9382,9454,9462,tev,2,0.000
1781208252.442,5.370,9382,9454,9463,recv,1,0.000
1781208252.442,5.370,9382,9454,9464,recvUC,2,0.000
1781208252.442,5.370,9382,9454,9465,ov2slam_node,1,0.000
1781208252.442,5.370,9382,9454,9466,ov2slam_node,1,0.000
1781208252.442,5.370,9382,9454,9467,ov2_map,1,0.000
1781208252.442,5.370,9382,9454,9468,ov2_est,2,0.000
1781208252.442,5.370,9382,9454,9470,ov2_main,0,0.000
1781208252.442,5.370,9382,9454,9471,ov2_feed,2,0.000
1781208252.494,5.422,9382,9454,9454,ov2slam_node,3,0.000
1781208252.494,5.422,9382,9454,9455,ov2slam_nod-ust,1,0.000
1781208252.494,5.422,9382,9454,9456,ov2slam_nod-ust,2,0.000
1781208252.494,5.422,9382,9454,9457,ov2slam_node,1,0.000
1781208252.494,5.422,9382,9454,9458,ov2slam_node,2,0.000
1781208252.494,5.422,9382,9454,9459,gc,1,0.000
1781208252.494,5.422,9382,9454,9460,dq.builtins,2,0.000
1781208252.494,5.422,9382,9454,9461,dq.user,1,0.000
1781208252.494,5.422,9382,9454,9462,tev,2,0.000
1781208252.494,5.422,9382,9454,9463,recv,1,0.000
1781208252.494,5.422,9382,9454,9464,recvUC,2,0.000
1781208252.494,5.422,9382,9454,9465,ov2slam_node,1,0.000
1781208252.494,5.422,9382,9454,9466,ov2slam_node,1,0.000
1781208252.494,5.422,9382,9454,9467,ov2_map,1,0.000
1781208252.494,5.422,9382,9454,9468,ov2_est,2,19.246
1781208252.494,5.422,9382,9454,9470,ov2_main,0,0.000
1781208252.494,5.422,9382,9454,9471,ov2_feed,2,0.000
1781208252.546,5.474,9382,9454,9454,ov2slam_node,3,0.000
1781208252.546,5.474,9382,9454,9455,ov2slam_nod-ust,1,0.000
1781208252.546,5.474,9382,9454,9456,ov2slam_nod-ust,2,0.000
1781208252.546,5.474,9382,9454,9457,ov2slam_node,1,0.000
1781208252.546,5.474,9382,9454,9458,ov2slam_node,2,0.000
1781208252.546,5.474,9382,9454,9459,gc,1,0.000
1781208252.546,5.474,9382,9454,9460,dq.builtins,2,0.000
1781208252.546,5.474,9382,9454,9461,dq.user,1,0.000
1781208252.546,5.474,9382,9454,9462,tev,2,0.000
1781208252.546,5.474,9382,9454,9463,recv,1,0.000
1781208252.546,5.474,9382,9454,9464,recvUC,2,0.000
1781208252.546,5.474,9382,9454,9465,ov2slam_node,1,0.000
1781208252.546,5.474,9382,9454,9466,ov2slam_node,1,0.000
1781208252.546,5.474,9382,9454,9467,ov2_map,1,19.227
1781208252.546,5.474,9382,9454,9468,ov2_est,2,0.000
1781208252.546,5.474,9382,9454,9470,ov2_main,0,0.000
1781208252.546,5.474,9382,9454,9471,ov2_feed,2,0.000
1781208252.598,5.526,9382,9454,9454,ov2slam_node,3,0.000
1781208252.598,5.526,9382,9454,9455,ov2slam_nod-ust,1,0.000
1781208252.598,5.526,9382,9454,9456,ov2slam_nod-ust,2,0.000
1781208252.598,5.526,9382,9454,9457,ov2slam_node,1,0.000
1781208252.598,5.526,9382,9454,9458,ov2slam_node,2,0.000
1781208252.598,5.526,9382,9454,9459,gc,1,0.000
1781208252.598,5.526,9382,9454,9460,dq.builtins,2,0.000
1781208252.598,5.526,9382,9454,9461,dq.user,1,0.000
1781208252.598,5.526,9382,9454,9462,tev,2,0.000
1781208252.598,5.526,9382,9454,9463,recv,1,0.000
1781208252.598,5.526,9382,9454,9464,recvUC,2,0.000
1781208252.598,5.526,9382,9454,9465,ov2slam_node,1,0.000
1781208252.598,5.526,9382,9454,9466,ov2slam_node,1,0.000
1781208252.598,5.526,9382,9454,9467,ov2_map,1,0.000
1781208252.598,5.526,9382,9454,9468,ov2_est,2,0.000
1781208252.598,5.526,9382,9454,9470,ov2_main,0,19.221
1781208252.598,5.526,9382,9454,9471,ov2_feed,2,0.000
1781208252.650,5.578,9382,9454,9454,ov2slam_node,3,0.000
1781208252.650,5.578,9382,9454,9455,ov2slam_nod-ust,1,0.000
1781208252.650,5.578,9382,9454,9456,ov2slam_nod-ust,2,0.000
1781208252.650,5.578,9382,9454,9457,ov2slam_node,1,0.000
1781208252.650,5.578,9382,9454,9458,ov2slam_node,2,0.000
1781208252.650,5.578,9382,9454,9459,gc,1,0.000
1781208252.650,5.578,9382,9454,9460,dq.builtins,2,0.000
1781208252.650,5.578,9382,9454,9461,dq.user,1,0.000
1781208252.650,5.578,9382,9454,9462,tev,2,0.000
1781208252.650,5.578,9382,9454,9463,recv,1,0.000
1781208252.650,5.578,9382,9454,9464,recvUC,2,0.000
1781208252.650,5.578,9382,9454,9465,ov2slam_node,1,0.000
1781208252.650,5.578,9382,9454,9466,ov2slam_node,1,0.000
1781208252.650,5.578,9382,9454,9467,ov2_map,1,0.000
1781208252.650,5.578,9382,9454,9468,ov2_est,2,0.000
1781208252.650,5.578,9382,9454,9470,ov2_main,0,0.000
1781208252.650,5.578,9382,9454,9471,ov2_feed,2,0.000
1781208252.702,5.629,9382,9454,9454,ov2slam_node,3,0.000
1781208252.702,5.629,9382,9454,9455,ov2slam_nod-ust,1,0.000
1781208252.702,5.629,9382,9454,9456,ov2slam_nod-ust,2,0.000
1781208252.702,5.629,9382,9454,9457,ov2slam_node,1,0.000
1781208252.702,5.629,9382,9454,9458,ov2slam_node,2,0.000
1781208252.702,5.629,9382,9454,9459,gc,1,0.000
1781208252.702,5.629,9382,9454,9460,dq.builtins,2,0.000
1781208252.702,5.629,9382,9454,9461,dq.user,1,0.000
1781208252.702,5.629,9382,9454,9462,tev,2,0.000
1781208252.702,5.629,9382,9454,9463,recv,1,0.000
1781208252.702,5.629,9382,9454,9464,recvUC,2,0.000
1781208252.702,5.629,9382,9454,9465,ov2slam_node,1,0.000
1781208252.702,5.629,9382,9454,9466,ov2slam_node,1,0.000
1781208252.702,5.629,9382,9454,9467,ov2_map,1,0.000
1781208252.702,5.629,9382,9454,9468,ov2_est,2,0.000
1781208252.702,5.629,9382,9454,9470,ov2_main,0,0.000
1781208252.702,5.629,9382,9454,9471,ov2_feed,2,0.000
1781208252.754,5.681,9382,9454,9454,ov2slam_node,3,0.000
1781208252.754,5.681,9382,9454,9455,ov2slam_nod-ust,1,0.000
1781208252.754,5.681,9382,9454,9456,ov2slam_nod-ust,2,0.000
1781208252.754,5.681,9382,9454,9457,ov2slam_node,1,0.000
1781208252.754,5.681,9382,9454,9458,ov2slam_node,2,0.000
1781208252.754,5.681,9382,9454,9459,gc,1,0.000
1781208252.754,5.681,9382,9454,9460,dq.builtins,2,0.000
1781208252.754,5.681,9382,9454,9461,dq.user,1,0.000
1781208252.754,5.681,9382,9454,9462,tev,2,0.000
1781208252.754,5.681,9382,9454,9463,recv,1,0.000
1781208252.754,5.681,9382,9454,9464,recvUC,2,0.000
1781208252.754,5.681,9382,9454,9465,ov2slam_node,1,0.000
1781208252.754,5.681,9382,9454,9466,ov2slam_node,1,0.000
1781208252.754,5.681,9382,9454,9467,ov2_map,1,0.000
1781208252.754,5.681,9382,9454,9468,ov2_est,2,19.233
1781208252.754,5.681,9382,9454,9470,ov2_main,0,0.000
1781208252.754,5.681,9382,9454,9471,ov2_feed,2,0.000
1781208252.806,5.733,9382,9454,9454,ov2slam_node,3,0.000
1781208252.806,5.733,9382,9454,9455,ov2slam_nod-ust,1,0.000
1781208252.806,5.733,9382,9454,9456,ov2slam_nod-ust,2,0.000
1781208252.806,5.733,9382,9454,9457,ov2slam_node,1,0.000
1781208252.806,5.733,9382,9454,9458,ov2slam_node,2,0.000
1781208252.806,5.733,9382,9454,9459,gc,1,0.000
1781208252.806,5.733,9382,9454,9460,dq.builtins,2,0.000
1781208252.806,5.733,9382,9454,9461,dq.user,1,0.000
1781208252.806,5.733,9382,9454,9462,tev,2,0.000
1781208252.806,5.733,9382,9454,9463,recv,1,0.000
1781208252.806,5.733,9382,9454,9464,recvUC,2,0.000
1781208252.806,5.733,9382,9454,9465,ov2slam_node,1,0.000
1781208252.806,5.733,9382,9454,9466,ov2slam_node,1,0.000
1781208252.806,5.733,9382,9454,9467,ov2_map,1,0.000
1781208252.806,5.733,9382,9454,9468,ov2_est,2,0.000
1781208252.806,5.733,9382,9454,9470,ov2_main,0,0.000
1781208252.806,5.733,9382,9454,9471,ov2_feed,2,0.000
1781208252.858,5.785,9382,9454,9454,ov2slam_node,3,0.000
1781208252.858,5.785,9382,9454,9455,ov2slam_nod-ust,1,0.000
1781208252.858,5.785,9382,9454,9456,ov2slam_nod-ust,2,0.000
1781208252.858,5.785,9382,9454,9457,ov2slam_node,1,0.000
1781208252.858,5.785,9382,9454,9458,ov2slam_node,2,0.000
1781208252.858,5.785,9382,9454,9459,gc,1,0.000
1781208252.858,5.785,9382,9454,9460,dq.builtins,2,0.000
1781208252.858,5.785,9382,9454,9461,dq.user,1,0.000
1781208252.858,5.785,9382,9454,9462,tev,2,0.000
1781208252.858,5.785,9382,9454,9463,recv,1,0.000
1781208252.858,5.785,9382,9454,9464,recvUC,2,0.000
1781208252.858,5.785,9382,9454,9465,ov2slam_node,1,0.000
1781208252.858,5.785,9382,9454,9466,ov2slam_node,1,0.000
1781208252.858,5.785,9382,9454,9467,ov2_map,1,0.000
1781208252.858,5.785,9382,9454,9468,ov2_est,2,0.000
1781208252.858,5.785,9382,9454,9470,ov2_main,0,0.000
1781208252.858,5.785,9382,9454,9471,ov2_feed,2,0.000
1781208252.910,5.837,9382,9454,9454,ov2slam_node,3,0.000
1781208252.910,5.837,9382,9454,9455,ov2slam_nod-ust,1,0.000
1781208252.910,5.837,9382,9454,9456,ov2slam_nod-ust,2,0.000
1781208252.910,5.837,9382,9454,9457,ov2slam_node,1,0.000
1781208252.910,5.837,9382,9454,9458,ov2slam_node,2,0.000
1781208252.910,5.837,9382,9454,9459,gc,1,0.000
1781208252.910,5.837,9382,9454,9460,dq.builtins,2,0.000
1781208252.910,5.837,9382,9454,9461,dq.user,1,0.000
1781208252.910,5.837,9382,9454,9462,tev,2,0.000
1781208252.910,5.837,9382,9454,9463,recv,1,0.000
1781208252.910,5.837,9382,9454,9464,recvUC,2,0.000
1781208252.910,5.837,9382,9454,9465,ov2slam_node,1,0.000
1781208252.910,5.837,9382,9454,9466,ov2slam_node,1,0.000
1781208252.910,5.837,9382,9454,9467,ov2_map,1,0.000
1781208252.910,5.837,9382,9454,9468,ov2_est,2,0.000
1781208252.910,5.837,9382,9454,9470,ov2_main,0,0.000
1781208252.910,5.837,9382,9454,9471,ov2_feed,2,19.237
1781208252.962,5.889,9382,9454,9454,ov2slam_node,3,0.000
1781208252.962,5.889,9382,9454,9455,ov2slam_nod-ust,1,0.000
1781208252.962,5.889,9382,9454,9456,ov2slam_nod-ust,2,0.000
1781208252.962,5.889,9382,9454,9457,ov2slam_node,1,0.000
1781208252.962,5.889,9382,9454,9458,ov2slam_node,2,0.000
1781208252.962,5.889,9382,9454,9459,gc,1,0.000
1781208252.962,5.889,9382,9454,9460,dq.builtins,2,0.000
1781208252.962,5.889,9382,9454,9461,dq.user,1,0.000
1781208252.962,5.889,9382,9454,9462,tev,2,0.000
1781208252.962,5.889,9382,9454,9463,recv,1,0.000
1781208252.962,5.889,9382,9454,9464,recvUC,2,0.000
1781208252.962,5.889,9382,9454,9465,ov2slam_node,1,0.000
1781208252.962,5.889,9382,9454,9466,ov2slam_node,1,0.000
1781208252.962,5.889,9382,9454,9467,ov2_map,1,19.234
1781208252.962,5.889,9382,9454,9468,ov2_est,2,0.000
1781208252.962,5.889,9382,9454,9470,ov2_main,0,0.000
1781208252.962,5.889,9382,9454,9471,ov2_feed,2,0.000
1781208253.013,5.941,9382,9454,9454,ov2slam_node,3,0.000
1781208253.013,5.941,9382,9454,9455,ov2slam_nod-ust,1,0.000
1781208253.013,5.941,9382,9454,9456,ov2slam_nod-ust,2,0.000
1781208253.013,5.941,9382,9454,9457,ov2slam_node,1,0.000
1781208253.013,5.941,9382,9454,9458,ov2slam_node,2,0.000
1781208253.013,5.941,9382,9454,9459,gc,1,0.000
1781208253.013,5.941,9382,9454,9460,dq.builtins,2,0.000
1781208253.013,5.941,9382,9454,9461,dq.user,1,0.000
1781208253.013,5.941,9382,9454,9462,tev,2,0.000
1781208253.013,5.941,9382,9454,9463,recv,1,0.000
1781208253.013,5.941,9382,9454,9464,recvUC,2,0.000
1781208253.013,5.941,9382,9454,9465,ov2slam_node,1,0.000
1781208253.013,5.941,9382,9454,9466,ov2slam_node,1,0.000
1781208253.013,5.941,9382,9454,9467,ov2_map,1,0.000
1781208253.013,5.941,9382,9454,9468,ov2_est,2,19.244
1781208253.013,5.941,9382,9454,9470,ov2_main,0,0.000
1781208253.013,5.941,9382,9454,9471,ov2_feed,2,0.000
1781208253.065,5.993,9382,9454,9454,ov2slam_node,3,0.000
1781208253.065,5.993,9382,9454,9455,ov2slam_nod-ust,1,0.000
1781208253.065,5.993,9382,9454,9456,ov2slam_nod-ust,2,0.000
1781208253.065,5.993,9382,9454,9457,ov2slam_node,1,0.000
1781208253.065,5.993,9382,9454,9458,ov2slam_node,2,0.000
1781208253.065,5.993,9382,9454,9459,gc,1,0.000
1781208253.065,5.993,9382,9454,9460,dq.builtins,2,0.000
1781208253.065,5.993,9382,9454,9461,dq.user,1,0.000
1781208253.065,5.993,9382,9454,9462,tev,2,0.000
1781208253.065,5.993,9382,9454,9463,recv,1,0.000
1781208253.065,5.993,9382,9454,9464,recvUC,2,0.000
1781208253.065,5.993,9382,9454,9465,ov2slam_node,1,0.000
1781208253.065,5.993,9382,9454,9466,ov2slam_node,1,0.000
1781208253.065,5.993,9382,9454,9467,ov2_map,1,0.000
1781208253.065,5.993,9382,9454,9468,ov2_est,2,0.000
1781208253.065,5.993,9382,9454,9470,ov2_main,0,0.000
1781208253.065,5.993,9382,9454,9471,ov2_feed,2,0.000
1781208253.117,6.045,9382,9454,9454,ov2slam_node,3,0.000
1781208253.117,6.045,9382,9454,9455,ov2slam_nod-ust,1,0.000
1781208253.117,6.045,9382,9454,9456,ov2slam_nod-ust,2,0.000
1781208253.117,6.045,9382,9454,9457,ov2slam_node,1,0.000
1781208253.117,6.045,9382,9454,9458,ov2slam_node,2,0.000
1781208253.117,6.045,9382,9454,9459,gc,1,0.000
1781208253.117,6.045,9382,9454,9460,dq.builtins,2,0.000
1781208253.117,6.045,9382,9454,9461,dq.user,1,0.000
1781208253.117,6.045,9382,9454,9462,tev,2,0.000
1781208253.117,6.045,9382,9454,9463,recv,1,0.000
1781208253.117,6.045,9382,9454,9464,recvUC,2,0.000
1781208253.117,6.045,9382,9454,9465,ov2slam_node,1,0.000
1781208253.117,6.045,9382,9454,9466,ov2slam_node,1,0.000
1781208253.117,6.045,9382,9454,9467,ov2_map,1,0.000
1781208253.117,6.045,9382,9454,9468,ov2_est,2,0.000
1781208253.117,6.045,9382,9454,9470,ov2_main,0,0.000
1781208253.117,6.045,9382,9454,9471,ov2_feed,2,0.000
1781208253.169,6.097,9382,9454,9454,ov2slam_node,3,0.000
1781208253.169,6.097,9382,9454,9455,ov2slam_nod-ust,1,0.000
1781208253.169,6.097,9382,9454,9456,ov2slam_nod-ust,2,0.000
1781208253.169,6.097,9382,9454,9457,ov2slam_node,1,0.000
1781208253.169,6.097,9382,9454,9458,ov2slam_node,2,0.000
1781208253.169,6.097,9382,9454,9459,gc,1,0.000
1781208253.169,6.097,9382,9454,9460,dq.builtins,2,0.000
1781208253.169,6.097,9382,9454,9461,dq.user,1,0.000
1781208253.169,6.097,9382,9454,9462,tev,2,0.000
1781208253.169,6.097,9382,9454,9463,recv,1,0.000
1781208253.169,6.097,9382,9454,9464,recvUC,2,0.000
1781208253.169,6.097,9382,9454,9465,ov2slam_node,1,0.000
1781208253.169,6.097,9382,9454,9466,ov2slam_node,1,0.000
1781208253.169,6.097,9382,9454,9467,ov2_map,1,0.000
1781208253.169,6.097,9382,9454,9468,ov2_est,2,0.000
1781208253.169,6.097,9382,9454,9470,ov2_main,0,0.000
1781208253.169,6.097,9382,9454,9471,ov2_feed,2,0.000
1781208253.221,6.149,9382,9454,9454,ov2slam_node,3,0.000
1781208253.221,6.149,9382,9454,9455,ov2slam_nod-ust,1,0.000
1781208253.221,6.149,9382,9454,9456,ov2slam_nod-ust,2,0.000
1781208253.221,6.149,9382,9454,9457,ov2slam_node,1,0.000
1781208253.221,6.149,9382,9454,9458,ov2slam_node,2,0.000
1781208253.221,6.149,9382,9454,9459,gc,1,0.000
1781208253.221,6.149,9382,9454,9460,dq.builtins,2,0.000
1781208253.221,6.149,9382,9454,9461,dq.user,1,0.000
1781208253.221,6.149,9382,9454,9462,tev,2,0.000
1781208253.221,6.149,9382,9454,9463,recv,1,0.000
1781208253.221,6.149,9382,9454,9464,recvUC,2,0.000
1781208253.221,6.149,9382,9454,9465,ov2slam_node,1,0.000
1781208253.221,6.149,9382,9454,9466,ov2slam_node,1,0.000
1781208253.221,6.149,9382,9454,9467,ov2_map,1,0.000
1781208253.221,6.149,9382,9454,9468,ov2_est,2,19.246
1781208253.221,6.149,9382,9454,9470,ov2_main,0,0.000
1781208253.221,6.149,9382,9454,9471,ov2_feed,2,0.000
1781208253.273,6.201,9382,9454,9454,ov2slam_node,3,0.000
1781208253.273,6.201,9382,9454,9455,ov2slam_nod-ust,1,0.000
1781208253.273,6.201,9382,9454,9456,ov2slam_nod-ust,2,0.000
1781208253.273,6.201,9382,9454,9457,ov2slam_node,1,0.000
1781208253.273,6.201,9382,9454,9458,ov2slam_node,2,0.000
1781208253.273,6.201,9382,9454,9459,gc,1,0.000
1781208253.273,6.201,9382,9454,9460,dq.builtins,2,0.000
1781208253.273,6.201,9382,9454,9461,dq.user,1,0.000
1781208253.273,6.201,9382,9454,9462,tev,2,0.000
1781208253.273,6.201,9382,9454,9463,recv,1,0.000
1781208253.273,6.201,9382,9454,9464,recvUC,2,0.000
1781208253.273,6.201,9382,9454,9465,ov2slam_node,1,0.000
1781208253.273,6.201,9382,9454,9466,ov2slam_node,1,0.000
1781208253.273,6.201,9382,9454,9467,ov2_map,1,0.000
1781208253.273,6.201,9382,9454,9468,ov2_est,2,0.000
1781208253.273,6.201,9382,9454,9470,ov2_main,0,0.000
1781208253.273,6.201,9382,9454,9471,ov2_feed,2,0.000
1781208253.325,6.253,9382,9454,9454,ov2slam_node,3,0.000
1781208253.325,6.253,9382,9454,9455,ov2slam_nod-ust,1,0.000
1781208253.325,6.253,9382,9454,9456,ov2slam_nod-ust,2,0.000
1781208253.325,6.253,9382,9454,9457,ov2slam_node,1,0.000
1781208253.325,6.253,9382,9454,9458,ov2slam_node,2,0.000
1781208253.325,6.253,9382,9454,9459,gc,1,0.000
1781208253.325,6.253,9382,9454,9460,dq.builtins,2,0.000
1781208253.325,6.253,9382,9454,9461,dq.user,1,0.000
1781208253.325,6.253,9382,9454,9462,tev,2,0.000
1781208253.325,6.253,9382,9454,9463,recv,1,0.000
1781208253.325,6.253,9382,9454,9464,recvUC,2,0.000
1781208253.325,6.253,9382,9454,9465,ov2slam_node,1,0.000
1781208253.325,6.253,9382,9454,9466,ov2slam_node,1,0.000
1781208253.325,6.253,9382,9454,9467,ov2_map,1,0.000
1781208253.325,6.253,9382,9454,9468,ov2_est,2,0.000
1781208253.325,6.253,9382,9454,9470,ov2_main,0,0.000
1781208253.325,6.253,9382,9454,9471,ov2_feed,2,0.000
1781208253.377,6.305,9382,9454,9454,ov2slam_node,3,0.000
1781208253.377,6.305,9382,9454,9455,ov2slam_nod-ust,1,0.000
1781208253.377,6.305,9382,9454,9456,ov2slam_nod-ust,2,0.000
1781208253.377,6.305,9382,9454,9457,ov2slam_node,1,0.000
1781208253.377,6.305,9382,9454,9458,ov2slam_node,2,0.000
1781208253.377,6.305,9382,9454,9459,gc,1,0.000
1781208253.377,6.305,9382,9454,9460,dq.builtins,2,0.000
1781208253.377,6.305,9382,9454,9461,dq.user,1,0.000
1781208253.377,6.305,9382,9454,9462,tev,2,0.000
1781208253.377,6.305,9382,9454,9463,recv,1,0.000
1781208253.377,6.305,9382,9454,9464,recvUC,2,0.000
1781208253.377,6.305,9382,9454,9465,ov2slam_node,1,0.000
1781208253.377,6.305,9382,9454,9466,ov2slam_node,1,0.000
1781208253.377,6.305,9382,9454,9467,ov2_map,1,0.000
1781208253.377,6.305,9382,9454,9468,ov2_est,2,0.000
1781208253.377,6.305,9382,9454,9470,ov2_main,0,0.000
1781208253.377,6.305,9382,9454,9471,ov2_feed,2,0.000
1781208253.429,6.357,9382,9454,9454,ov2slam_node,3,0.000
1781208253.429,6.357,9382,9454,9455,ov2slam_nod-ust,1,0.000
1781208253.429,6.357,9382,9454,9456,ov2slam_nod-ust,2,0.000
1781208253.429,6.357,9382,9454,9457,ov2slam_node,1,0.000
1781208253.429,6.357,9382,9454,9458,ov2slam_node,2,0.000
1781208253.429,6.357,9382,9454,9459,gc,1,0.000
1781208253.429,6.357,9382,9454,9460,dq.builtins,2,0.000
1781208253.429,6.357,9382,9454,9461,dq.user,1,0.000
1781208253.429,6.357,9382,9454,9462,tev,2,0.000
1781208253.429,6.357,9382,9454,9463,recv,1,0.000
1781208253.429,6.357,9382,9454,9464,recvUC,2,0.000
1781208253.429,6.357,9382,9454,9465,ov2slam_node,1,0.000
1781208253.429,6.357,9382,9454,9466,ov2slam_node,1,0.000
1781208253.429,6.357,9382,9454,9467,ov2_map,1,19.243
1781208253.429,6.357,9382,9454,9468,ov2_est,2,0.000
1781208253.429,6.357,9382,9454,9470,ov2_main,0,0.000
1781208253.429,6.357,9382,9454,9471,ov2_feed,2,0.000
1781208253.481,6.409,9382,9454,9454,ov2slam_node,3,0.000
1781208253.481,6.409,9382,9454,9455,ov2slam_nod-ust,1,0.000
1781208253.481,6.409,9382,9454,9456,ov2slam_nod-ust,2,0.000
1781208253.481,6.409,9382,9454,9457,ov2slam_node,1,0.000
1781208253.481,6.409,9382,9454,9458,ov2slam_node,2,0.000
1781208253.481,6.409,9382,9454,9459,gc,1,0.000
1781208253.481,6.409,9382,9454,9460,dq.builtins,2,0.000
1781208253.481,6.409,9382,9454,9461,dq.user,1,0.000
1781208253.481,6.409,9382,9454,9462,tev,2,0.000
1781208253.481,6.409,9382,9454,9463,recv,1,0.000
1781208253.481,6.409,9382,9454,9464,recvUC,2,0.000
1781208253.481,6.409,9382,9454,9465,ov2slam_node,1,0.000
1781208253.481,6.409,9382,9454,9466,ov2slam_node,1,0.000
1781208253.481,6.409,9382,9454,9467,ov2_map,1,0.000
1781208253.481,6.409,9382,9454,9468,ov2_est,2,19.247
1781208253.481,6.409,9382,9454,9470,ov2_main,0,0.000
1781208253.481,6.409,9382,9454,9471,ov2_feed,2,0.000
1781208253.533,6.461,9382,9454,9454,ov2slam_node,3,0.000
1781208253.533,6.461,9382,9454,9455,ov2slam_nod-ust,1,0.000
1781208253.533,6.461,9382,9454,9456,ov2slam_nod-ust,2,0.000
1781208253.533,6.461,9382,9454,9457,ov2slam_node,1,0.000
1781208253.533,6.461,9382,9454,9458,ov2slam_node,2,0.000
1781208253.533,6.461,9382,9454,9459,gc,1,0.000
1781208253.533,6.461,9382,9454,9460,dq.builtins,2,0.000
1781208253.533,6.461,9382,9454,9461,dq.user,1,0.000
1781208253.533,6.461,9382,9454,9462,tev,2,0.000
1781208253.533,6.461,9382,9454,9463,recv,1,0.000
1781208253.533,6.461,9382,9454,9464,recvUC,2,0.000
1781208253.533,6.461,9382,9454,9465,ov2slam_node,1,0.000
1781208253.533,6.461,9382,9454,9466,ov2slam_node,1,0.000
1781208253.533,6.461,9382,9454,9467,ov2_map,1,0.000
1781208253.533,6.461,9382,9454,9468,ov2_est,2,0.000
1781208253.533,6.461,9382,9454,9470,ov2_main,0,0.000
1781208253.533,6.461,9382,9454,9471,ov2_feed,2,0.000
1781208253.585,6.513,9382,9454,9454,ov2slam_node,3,0.000
1781208253.585,6.513,9382,9454,9455,ov2slam_nod-ust,1,0.000
1781208253.585,6.513,9382,9454,9456,ov2slam_nod-ust,2,0.000
1781208253.585,6.513,9382,9454,9457,ov2slam_node,1,0.000
1781208253.585,6.513,9382,9454,9458,ov2slam_node,2,0.000
1781208253.585,6.513,9382,9454,9459,gc,1,0.000
1781208253.585,6.513,9382,9454,9460,dq.builtins,2,0.000
1781208253.585,6.513,9382,9454,9461,dq.user,1,0.000
1781208253.585,6.513,9382,9454,9462,tev,2,0.000
1781208253.585,6.513,9382,9454,9463,recv,1,0.000
1781208253.585,6.513,9382,9454,9464,recvUC,2,0.000
1781208253.585,6.513,9382,9454,9465,ov2slam_node,1,0.000
1781208253.585,6.513,9382,9454,9466,ov2slam_node,1,0.000
1781208253.585,6.513,9382,9454,9467,ov2_map,1,0.000
1781208253.585,6.513,9382,9454,9468,ov2_est,2,0.000
1781208253.585,6.513,9382,9454,9470,ov2_main,0,0.000
1781208253.585,6.513,9382,9454,9471,ov2_feed,2,0.000
1781208253.637,6.565,9382,9454,9454,ov2slam_node,3,0.000
1781208253.637,6.565,9382,9454,9455,ov2slam_nod-ust,1,0.000
1781208253.637,6.565,9382,9454,9456,ov2slam_nod-ust,2,0.000
1781208253.637,6.565,9382,9454,9457,ov2slam_node,1,0.000
1781208253.637,6.565,9382,9454,9458,ov2slam_node,2,0.000
1781208253.637,6.565,9382,9454,9459,gc,1,0.000
1781208253.637,6.565,9382,9454,9460,dq.builtins,2,0.000
1781208253.637,6.565,9382,9454,9461,dq.user,1,0.000
1781208253.637,6.565,9382,9454,9462,tev,2,0.000
1781208253.637,6.565,9382,9454,9463,recv,1,0.000
1781208253.637,6.565,9382,9454,9464,recvUC,2,0.000
1781208253.637,6.565,9382,9454,9465,ov2slam_node,1,0.000
1781208253.637,6.565,9382,9454,9466,ov2slam_node,1,0.000
1781208253.637,6.565,9382,9454,9467,ov2_map,1,0.000
1781208253.637,6.565,9382,9454,9468,ov2_est,2,0.000
1781208253.637,6.565,9382,9454,9470,ov2_main,0,0.000
1781208253.637,6.565,9382,9454,9471,ov2_feed,2,0.000
1781208253.689,6.617,9382,9454,9454,ov2slam_node,3,0.000
1781208253.689,6.617,9382,9454,9455,ov2slam_nod-ust,1,0.000
1781208253.689,6.617,9382,9454,9456,ov2slam_nod-ust,2,0.000
1781208253.689,6.617,9382,9454,9457,ov2slam_node,1,0.000
1781208253.689,6.617,9382,9454,9458,ov2slam_node,2,0.000
1781208253.689,6.617,9382,9454,9459,gc,1,0.000
1781208253.689,6.617,9382,9454,9460,dq.builtins,2,0.000
1781208253.689,6.617,9382,9454,9461,dq.user,1,0.000
1781208253.689,6.617,9382,9454,9462,tev,2,0.000
1781208253.689,6.617,9382,9454,9463,recv,1,0.000
1781208253.689,6.617,9382,9454,9464,recvUC,2,0.000
1781208253.689,6.617,9382,9454,9465,ov2slam_node,1,0.000
1781208253.689,6.617,9382,9454,9466,ov2slam_node,1,0.000
1781208253.689,6.617,9382,9454,9467,ov2_map,1,0.000
1781208253.689,6.617,9382,9454,9468,ov2_est,2,0.000
1781208253.689,6.617,9382,9454,9470,ov2_main,0,0.000
1781208253.689,6.617,9382,9454,9471,ov2_feed,2,0.000
1781208253.741,6.669,9382,9454,9454,ov2slam_node,3,0.000
1781208253.741,6.669,9382,9454,9455,ov2slam_nod-ust,1,0.000
1781208253.741,6.669,9382,9454,9456,ov2slam_nod-ust,2,0.000
1781208253.741,6.669,9382,9454,9457,ov2slam_node,1,0.000
1781208253.741,6.669,9382,9454,9458,ov2slam_node,2,0.000
1781208253.741,6.669,9382,9454,9459,gc,1,0.000
1781208253.741,6.669,9382,9454,9460,dq.builtins,2,0.000
1781208253.741,6.669,9382,9454,9461,dq.user,1,0.000
1781208253.741,6.669,9382,9454,9462,tev,2,0.000
1781208253.741,6.669,9382,9454,9463,recv,1,0.000
1781208253.741,6.669,9382,9454,9464,recvUC,2,0.000
1781208253.741,6.669,9382,9454,9465,ov2slam_node,1,0.000
1781208253.741,6.669,9382,9454,9466,ov2slam_node,1,0.000
1781208253.741,6.669,9382,9454,9467,ov2_map,1,0.000
1781208253.741,6.669,9382,9454,9468,ov2_est,2,19.239
1781208253.741,6.669,9382,9454,9470,ov2_main,0,0.000
1781208253.741,6.669,9382,9454,9471,ov2_feed,2,0.000
1781208253.793,6.721,9382,9454,9454,ov2slam_node,3,0.000
1781208253.793,6.721,9382,9454,9455,ov2slam_nod-ust,1,0.000
1781208253.793,6.721,9382,9454,9456,ov2slam_nod-ust,2,0.000
1781208253.793,6.721,9382,9454,9457,ov2slam_node,1,0.000
1781208253.793,6.721,9382,9454,9458,ov2slam_node,2,0.000
1781208253.793,6.721,9382,9454,9459,gc,1,0.000
1781208253.793,6.721,9382,9454,9460,dq.builtins,2,0.000
1781208253.793,6.721,9382,9454,9461,dq.user,1,0.000
1781208253.793,6.721,9382,9454,9462,tev,2,0.000
1781208253.793,6.721,9382,9454,9463,recv,1,0.000
1781208253.793,6.721,9382,9454,9464,recvUC,2,0.000
1781208253.793,6.721,9382,9454,9465,ov2slam_node,1,0.000
1781208253.793,6.721,9382,9454,9466,ov2slam_node,1,0.000
1781208253.793,6.721,9382,9454,9467,ov2_map,1,0.000
1781208253.793,6.721,9382,9454,9468,ov2_est,2,0.000
1781208253.793,6.721,9382,9454,9470,ov2_main,0,0.000
1781208253.793,6.721,9382,9454,9471,ov2_feed,2,0.000
1781208253.845,6.773,9382,9454,9454,ov2slam_node,3,0.000
1781208253.845,6.773,9382,9454,9455,ov2slam_nod-ust,1,0.000
1781208253.845,6.773,9382,9454,9456,ov2slam_nod-ust,2,0.000
1781208253.845,6.773,9382,9454,9457,ov2slam_node,1,0.000
1781208253.845,6.773,9382,9454,9458,ov2slam_node,2,0.000
1781208253.845,6.773,9382,9454,9459,gc,1,0.000
1781208253.845,6.773,9382,9454,9460,dq.builtins,2,0.000
1781208253.845,6.773,9382,9454,9461,dq.user,1,0.000
1781208253.845,6.773,9382,9454,9462,tev,2,0.000
1781208253.845,6.773,9382,9454,9463,recv,1,0.000
1781208253.845,6.773,9382,9454,9464,recvUC,2,0.000
1781208253.845,6.773,9382,9454,9465,ov2slam_node,1,0.000
1781208253.845,6.773,9382,9454,9466,ov2slam_node,1,0.000
1781208253.845,6.773,9382,9454,9467,ov2_map,1,19.248
1781208253.845,6.773,9382,9454,9468,ov2_est,2,0.000
1781208253.845,6.773,9382,9454,9470,ov2_main,0,0.000
1781208253.845,6.773,9382,9454,9471,ov2_feed,2,0.000
1781208253.897,6.825,9382,9454,9454,ov2slam_node,3,0.000
1781208253.897,6.825,9382,9454,9455,ov2slam_nod-ust,1,0.000
1781208253.897,6.825,9382,9454,9456,ov2slam_nod-ust,2,0.000
1781208253.897,6.825,9382,9454,9457,ov2slam_node,1,0.000
1781208253.897,6.825,9382,9454,9458,ov2slam_node,2,0.000
1781208253.897,6.825,9382,9454,9459,gc,1,0.000
1781208253.897,6.825,9382,9454,9460,dq.builtins,2,0.000
1781208253.897,6.825,9382,9454,9461,dq.user,1,0.000
1781208253.897,6.825,9382,9454,9462,tev,2,0.000
1781208253.897,6.825,9382,9454,9463,recv,1,0.000
1781208253.897,6.825,9382,9454,9464,recvUC,2,0.000
1781208253.897,6.825,9382,9454,9465,ov2slam_node,1,0.000
1781208253.897,6.825,9382,9454,9466,ov2slam_node,1,0.000
1781208253.897,6.825,9382,9454,9467,ov2_map,1,0.000
1781208253.897,6.825,9382,9454,9468,ov2_est,2,0.000
1781208253.897,6.825,9382,9454,9470,ov2_main,0,0.000
1781208253.897,6.825,9382,9454,9471,ov2_feed,2,0.000
1781208253.949,6.877,9382,9454,9454,ov2slam_node,3,0.000
1781208253.949,6.877,9382,9454,9455,ov2slam_nod-ust,1,0.000
1781208253.949,6.877,9382,9454,9456,ov2slam_nod-ust,2,0.000
1781208253.949,6.877,9382,9454,9457,ov2slam_node,1,0.000
1781208253.949,6.877,9382,9454,9458,ov2slam_node,2,0.000
1781208253.949,6.877,9382,9454,9459,gc,1,0.000
1781208253.949,6.877,9382,9454,9460,dq.builtins,2,0.000
1781208253.949,6.877,9382,9454,9461,dq.user,1,0.000
1781208253.949,6.877,9382,9454,9462,tev,2,0.000
1781208253.949,6.877,9382,9454,9463,recv,1,0.000
1781208253.949,6.877,9382,9454,9464,recvUC,2,0.000
1781208253.949,6.877,9382,9454,9465,ov2slam_node,1,0.000
1781208253.949,6.877,9382,9454,9466,ov2slam_node,1,0.000
1781208253.949,6.877,9382,9454,9467,ov2_map,1,0.000
1781208253.949,6.877,9382,9454,9468,ov2_est,2,19.231
1781208253.949,6.877,9382,9454,9470,ov2_main,0,0.000
1781208253.949,6.877,9382,9454,9471,ov2_feed,2,0.000
1781208254.001,6.929,9382,9454,9454,ov2slam_node,3,0.000
1781208254.001,6.929,9382,9454,9455,ov2slam_nod-ust,1,0.000
1781208254.001,6.929,9382,9454,9456,ov2slam_nod-ust,2,0.000
1781208254.001,6.929,9382,9454,9457,ov2slam_node,1,0.000
1781208254.001,6.929,9382,9454,9458,ov2slam_node,2,0.000
1781208254.001,6.929,9382,9454,9459,gc,1,0.000
1781208254.001,6.929,9382,9454,9460,dq.builtins,2,0.000
1781208254.001,6.929,9382,9454,9461,dq.user,1,0.000
1781208254.001,6.929,9382,9454,9462,tev,2,0.000
1781208254.001,6.929,9382,9454,9463,recv,1,0.000
1781208254.001,6.929,9382,9454,9464,recvUC,2,0.000
1781208254.001,6.929,9382,9454,9465,ov2slam_node,1,0.000
1781208254.001,6.929,9382,9454,9466,ov2slam_node,1,0.000
1781208254.001,6.929,9382,9454,9467,ov2_map,1,0.000
1781208254.001,6.929,9382,9454,9468,ov2_est,2,0.000
1781208254.001,6.929,9382,9454,9470,ov2_main,0,0.000
1781208254.001,6.929,9382,9454,9471,ov2_feed,2,0.000
1781208254.053,6.981,9382,9454,9454,ov2slam_node,3,0.000
1781208254.053,6.981,9382,9454,9455,ov2slam_nod-ust,1,0.000
1781208254.053,6.981,9382,9454,9456,ov2slam_nod-ust,2,0.000
1781208254.053,6.981,9382,9454,9457,ov2slam_node,1,0.000
1781208254.053,6.981,9382,9454,9458,ov2slam_node,2,0.000
1781208254.053,6.981,9382,9454,9459,gc,1,0.000
1781208254.053,6.981,9382,9454,9460,dq.builtins,2,0.000
1781208254.053,6.981,9382,9454,9461,dq.user,1,0.000
1781208254.053,6.981,9382,9454,9462,tev,2,0.000
1781208254.053,6.981,9382,9454,9463,recv,1,0.000
1781208254.053,6.981,9382,9454,9464,recvUC,2,0.000
1781208254.053,6.981,9382,9454,9465,ov2slam_node,1,0.000
1781208254.053,6.981,9382,9454,9466,ov2slam_node,1,0.000
1781208254.053,6.981,9382,9454,9467,ov2_map,1,0.000
1781208254.053,6.981,9382,9454,9468,ov2_est,2,0.000
1781208254.053,6.981,9382,9454,9470,ov2_main,0,0.000
1781208254.053,6.981,9382,9454,9471,ov2_feed,2,0.000
1781208254.105,7.033,9382,9454,9454,ov2slam_node,3,0.000
1781208254.105,7.033,9382,9454,9455,ov2slam_nod-ust,1,0.000
1781208254.105,7.033,9382,9454,9456,ov2slam_nod-ust,2,0.000
1781208254.105,7.033,9382,9454,9457,ov2slam_node,1,0.000
1781208254.105,7.033,9382,9454,9458,ov2slam_node,2,0.000
1781208254.105,7.033,9382,9454,9459,gc,1,0.000
1781208254.105,7.033,9382,9454,9460,dq.builtins,2,0.000
1781208254.105,7.033,9382,9454,9461,dq.user,1,0.000
1781208254.105,7.033,9382,9454,9462,tev,2,0.000
1781208254.105,7.033,9382,9454,9463,recv,1,0.000
1781208254.105,7.033,9382,9454,9464,recvUC,2,0.000
1781208254.105,7.033,9382,9454,9465,ov2slam_node,1,0.000
1781208254.105,7.033,9382,9454,9466,ov2slam_node,1,0.000
1781208254.105,7.033,9382,9454,9467,ov2_map,1,0.000
1781208254.105,7.033,9382,9454,9468,ov2_est,2,0.000
1781208254.105,7.033,9382,9454,9470,ov2_main,0,0.000
1781208254.105,7.033,9382,9454,9471,ov2_feed,2,0.000
1781208254.157,7.085,9382,9454,9454,ov2slam_node,3,0.000
1781208254.157,7.085,9382,9454,9455,ov2slam_nod-ust,1,0.000
1781208254.157,7.085,9382,9454,9456,ov2slam_nod-ust,2,0.000
1781208254.157,7.085,9382,9454,9457,ov2slam_node,1,0.000
1781208254.157,7.085,9382,9454,9458,ov2slam_node,2,0.000
1781208254.157,7.085,9382,9454,9459,gc,1,0.000
1781208254.157,7.085,9382,9454,9460,dq.builtins,2,0.000
1781208254.157,7.085,9382,9454,9461,dq.user,1,0.000
1781208254.157,7.085,9382,9454,9462,tev,2,0.000
1781208254.157,7.085,9382,9454,9463,recv,1,0.000
1781208254.157,7.085,9382,9454,9464,recvUC,2,0.000
1781208254.157,7.085,9382,9454,9465,ov2slam_node,1,0.000
1781208254.157,7.085,9382,9454,9466,ov2slam_node,1,0.000
1781208254.157,7.085,9382,9454,9467,ov2_map,1,0.000
1781208254.157,7.085,9382,9454,9468,ov2_est,2,0.000
1781208254.157,7.085,9382,9454,9470,ov2_main,0,0.000
1781208254.157,7.085,9382,9454,9471,ov2_feed,2,0.000
1781208254.209,7.137,9382,9454,9454,ov2slam_node,3,0.000
1781208254.209,7.137,9382,9454,9455,ov2slam_nod-ust,1,0.000
1781208254.209,7.137,9382,9454,9456,ov2slam_nod-ust,2,0.000
1781208254.209,7.137,9382,9454,9457,ov2slam_node,1,0.000
1781208254.209,7.137,9382,9454,9458,ov2slam_node,2,0.000
1781208254.209,7.137,9382,9454,9459,gc,1,0.000
1781208254.209,7.137,9382,9454,9460,dq.builtins,2,0.000
1781208254.209,7.137,9382,9454,9461,dq.user,1,0.000
1781208254.209,7.137,9382,9454,9462,tev,2,0.000
1781208254.209,7.137,9382,9454,9463,recv,1,0.000
1781208254.209,7.137,9382,9454,9464,recvUC,2,0.000
1781208254.209,7.137,9382,9454,9465,ov2slam_node,1,0.000
1781208254.209,7.137,9382,9454,9466,ov2slam_node,1,0.000
1781208254.209,7.137,9382,9454,9467,ov2_map,1,0.000
1781208254.209,7.137,9382,9454,9468,ov2_est,2,19.238
1781208254.209,7.137,9382,9454,9470,ov2_main,0,0.000
1781208254.209,7.137,9382,9454,9471,ov2_feed,2,0.000
1781208254.261,7.189,9382,9454,9454,ov2slam_node,3,0.000
1781208254.261,7.189,9382,9454,9455,ov2slam_nod-ust,1,0.000
1781208254.261,7.189,9382,9454,9456,ov2slam_nod-ust,2,0.000
1781208254.261,7.189,9382,9454,9457,ov2slam_node,1,0.000
1781208254.261,7.189,9382,9454,9458,ov2slam_node,2,0.000
1781208254.261,7.189,9382,9454,9459,gc,1,0.000
1781208254.261,7.189,9382,9454,9460,dq.builtins,2,0.000
1781208254.261,7.189,9382,9454,9461,dq.user,1,0.000
1781208254.261,7.189,9382,9454,9462,tev,2,0.000
1781208254.261,7.189,9382,9454,9463,recv,1,0.000
1781208254.261,7.189,9382,9454,9464,recvUC,2,0.000
1781208254.261,7.189,9382,9454,9465,ov2slam_node,1,0.000
1781208254.261,7.189,9382,9454,9466,ov2slam_node,1,0.000
1781208254.261,7.189,9382,9454,9467,ov2_map,1,0.000
1781208254.261,7.189,9382,9454,9468,ov2_est,2,0.000
1781208254.261,7.189,9382,9454,9470,ov2_main,0,0.000
1781208254.261,7.189,9382,9454,9471,ov2_feed,2,0.000
1781208254.313,7.241,9382,9454,9454,ov2slam_node,3,0.000
1781208254.313,7.241,9382,9454,9455,ov2slam_nod-ust,1,0.000
1781208254.313,7.241,9382,9454,9456,ov2slam_nod-ust,2,0.000
1781208254.313,7.241,9382,9454,9457,ov2slam_node,1,0.000
1781208254.313,7.241,9382,9454,9458,ov2slam_node,2,0.000
1781208254.313,7.241,9382,9454,9459,gc,1,0.000
1781208254.313,7.241,9382,9454,9460,dq.builtins,2,0.000
1781208254.313,7.241,9382,9454,9461,dq.user,1,0.000
1781208254.313,7.241,9382,9454,9462,tev,2,0.000
1781208254.313,7.241,9382,9454,9463,recv,1,0.000
1781208254.313,7.241,9382,9454,9464,recvUC,2,0.000
1781208254.313,7.241,9382,9454,9465,ov2slam_node,1,0.000
1781208254.313,7.241,9382,9454,9466,ov2slam_node,1,0.000
1781208254.313,7.241,9382,9454,9467,ov2_map,1,19.222
1781208254.313,7.241,9382,9454,9468,ov2_est,2,0.000
1781208254.313,7.241,9382,9454,9470,ov2_main,0,0.000
1781208254.313,7.241,9382,9454,9471,ov2_feed,2,0.000
1781208254.365,7.293,9382,9454,9454,ov2slam_node,3,0.000
1781208254.365,7.293,9382,9454,9455,ov2slam_nod-ust,1,0.000
1781208254.365,7.293,9382,9454,9456,ov2slam_nod-ust,2,0.000
1781208254.365,7.293,9382,9454,9457,ov2slam_node,1,0.000
1781208254.365,7.293,9382,9454,9458,ov2slam_node,2,0.000
1781208254.365,7.293,9382,9454,9459,gc,1,0.000
1781208254.365,7.293,9382,9454,9460,dq.builtins,2,0.000
1781208254.365,7.293,9382,9454,9461,dq.user,1,0.000
1781208254.365,7.293,9382,9454,9462,tev,2,0.000
1781208254.365,7.293,9382,9454,9463,recv,1,0.000
1781208254.365,7.293,9382,9454,9464,recvUC,2,0.000
1781208254.365,7.293,9382,9454,9465,ov2slam_node,1,0.000
1781208254.365,7.293,9382,9454,9466,ov2slam_node,1,0.000
1781208254.365,7.293,9382,9454,9467,ov2_map,1,0.000
1781208254.365,7.293,9382,9454,9468,ov2_est,2,0.000
1781208254.365,7.293,9382,9454,9470,ov2_main,0,0.000
1781208254.365,7.293,9382,9454,9471,ov2_feed,2,0.000
1781208254.417,7.345,9382,9454,9454,ov2slam_node,3,0.000
1781208254.417,7.345,9382,9454,9455,ov2slam_nod-ust,1,0.000
1781208254.417,7.345,9382,9454,9456,ov2slam_nod-ust,2,0.000
1781208254.417,7.345,9382,9454,9457,ov2slam_node,1,0.000
1781208254.417,7.345,9382,9454,9458,ov2slam_node,2,0.000
1781208254.417,7.345,9382,9454,9459,gc,1,0.000
1781208254.417,7.345,9382,9454,9460,dq.builtins,2,0.000
1781208254.417,7.345,9382,9454,9461,dq.user,1,0.000
1781208254.417,7.345,9382,9454,9462,tev,2,0.000
1781208254.417,7.345,9382,9454,9463,recv,1,0.000
1781208254.417,7.345,9382,9454,9464,recvUC,2,0.000
1781208254.417,7.345,9382,9454,9465,ov2slam_node,1,0.000
1781208254.417,7.345,9382,9454,9466,ov2slam_node,1,0.000
1781208254.417,7.345,9382,9454,9467,ov2_map,1,0.000
1781208254.417,7.345,9382,9454,9468,ov2_est,2,19.239
1781208254.417,7.345,9382,9454,9470,ov2_main,0,0.000
1781208254.417,7.345,9382,9454,9471,ov2_feed,2,0.000
1781208254.469,7.397,9382,9454,9454,ov2slam_node,3,0.000
1781208254.469,7.397,9382,9454,9455,ov2slam_nod-ust,1,0.000
1781208254.469,7.397,9382,9454,9456,ov2slam_nod-ust,2,0.000
1781208254.469,7.397,9382,9454,9457,ov2slam_node,1,0.000
1781208254.469,7.397,9382,9454,9458,ov2slam_node,2,0.000
1781208254.469,7.397,9382,9454,9459,gc,1,0.000
1781208254.469,7.397,9382,9454,9460,dq.builtins,2,0.000
1781208254.469,7.397,9382,9454,9461,dq.user,1,0.000
1781208254.469,7.397,9382,9454,9462,tev,2,0.000
1781208254.469,7.397,9382,9454,9463,recv,1,0.000
1781208254.469,7.397,9382,9454,9464,recvUC,2,0.000
1781208254.469,7.397,9382,9454,9465,ov2slam_node,1,0.000
1781208254.469,7.397,9382,9454,9466,ov2slam_node,1,0.000
1781208254.469,7.397,9382,9454,9467,ov2_map,1,0.000
1781208254.469,7.397,9382,9454,9468,ov2_est,2,0.000
1781208254.469,7.397,9382,9454,9470,ov2_main,0,0.000
1781208254.469,7.397,9382,9454,9471,ov2_feed,2,0.000
1781208254.521,7.449,9382,9454,9454,ov2slam_node,3,0.000
1781208254.521,7.449,9382,9454,9455,ov2slam_nod-ust,1,0.000
1781208254.521,7.449,9382,9454,9456,ov2slam_nod-ust,2,0.000
1781208254.521,7.449,9382,9454,9457,ov2slam_node,1,0.000
1781208254.521,7.449,9382,9454,9458,ov2slam_node,2,0.000
1781208254.521,7.449,9382,9454,9459,gc,1,0.000
1781208254.521,7.449,9382,9454,9460,dq.builtins,2,0.000
1781208254.521,7.449,9382,9454,9461,dq.user,1,0.000
1781208254.521,7.449,9382,9454,9462,tev,2,0.000
1781208254.521,7.449,9382,9454,9463,recv,1,0.000
1781208254.521,7.449,9382,9454,9464,recvUC,2,0.000
1781208254.521,7.449,9382,9454,9465,ov2slam_node,1,0.000
1781208254.521,7.449,9382,9454,9466,ov2slam_node,1,0.000
1781208254.521,7.449,9382,9454,9467,ov2_map,1,0.000
1781208254.521,7.449,9382,9454,9468,ov2_est,2,0.000
1781208254.521,7.449,9382,9454,9470,ov2_main,0,0.000
1781208254.521,7.449,9382,9454,9471,ov2_feed,2,0.000
1781208254.573,7.501,9382,9454,9454,ov2slam_node,3,0.000
1781208254.573,7.501,9382,9454,9455,ov2slam_nod-ust,1,0.000
1781208254.573,7.501,9382,9454,9456,ov2slam_nod-ust,2,0.000
1781208254.573,7.501,9382,9454,9457,ov2slam_node,1,0.000
1781208254.573,7.501,9382,9454,9458,ov2slam_node,2,0.000
1781208254.573,7.501,9382,9454,9459,gc,1,0.000
1781208254.573,7.501,9382,9454,9460,dq.builtins,2,0.000
1781208254.573,7.501,9382,9454,9461,dq.user,1,0.000
1781208254.573,7.501,9382,9454,9462,tev,2,0.000
1781208254.573,7.501,9382,9454,9463,recv,1,0.000
1781208254.573,7.501,9382,9454,9464,recvUC,2,0.000
1781208254.573,7.501,9382,9454,9465,ov2slam_node,1,0.000
1781208254.573,7.501,9382,9454,9466,ov2slam_node,1,0.000
1781208254.573,7.501,9382,9454,9467,ov2_map,1,0.000
1781208254.573,7.501,9382,9454,9468,ov2_est,2,0.000
1781208254.573,7.501,9382,9454,9470,ov2_main,0,0.000
1781208254.573,7.501,9382,9454,9471,ov2_feed,2,0.000
1781208254.625,7.553,9382,9454,9454,ov2slam_node,3,0.000
1781208254.625,7.553,9382,9454,9455,ov2slam_nod-ust,1,0.000
1781208254.625,7.553,9382,9454,9456,ov2slam_nod-ust,2,0.000
1781208254.625,7.553,9382,9454,9457,ov2slam_node,1,0.000
1781208254.625,7.553,9382,9454,9458,ov2slam_node,2,0.000
1781208254.625,7.553,9382,9454,9459,gc,1,0.000
1781208254.625,7.553,9382,9454,9460,dq.builtins,2,0.000
1781208254.625,7.553,9382,9454,9461,dq.user,1,0.000
1781208254.625,7.553,9382,9454,9462,tev,2,0.000
1781208254.625,7.553,9382,9454,9463,recv,1,0.000
1781208254.625,7.553,9382,9454,9464,recvUC,2,0.000
1781208254.625,7.553,9382,9454,9465,ov2slam_node,1,0.000
1781208254.625,7.553,9382,9454,9466,ov2slam_node,1,0.000
1781208254.625,7.553,9382,9454,9467,ov2_map,1,0.000
1781208254.625,7.553,9382,9454,9468,ov2_est,2,0.000
1781208254.625,7.553,9382,9454,9470,ov2_main,0,0.000
1781208254.625,7.553,9382,9454,9471,ov2_feed,2,0.000
1781208254.677,7.605,9382,9454,9454,ov2slam_node,3,0.000
1781208254.677,7.605,9382,9454,9455,ov2slam_nod-ust,1,0.000
1781208254.677,7.605,9382,9454,9456,ov2slam_nod-ust,2,0.000
1781208254.677,7.605,9382,9454,9457,ov2slam_node,1,0.000
1781208254.677,7.605,9382,9454,9458,ov2slam_node,2,0.000
1781208254.677,7.605,9382,9454,9459,gc,1,0.000
1781208254.677,7.605,9382,9454,9460,dq.builtins,2,0.000
1781208254.677,7.605,9382,9454,9461,dq.user,1,0.000
1781208254.677,7.605,9382,9454,9462,tev,2,0.000
1781208254.677,7.605,9382,9454,9463,recv,1,0.000
1781208254.677,7.605,9382,9454,9464,recvUC,2,0.000
1781208254.677,7.605,9382,9454,9465,ov2slam_node,1,0.000
1781208254.677,7.605,9382,9454,9466,ov2slam_node,1,0.000
1781208254.677,7.605,9382,9454,9467,ov2_map,1,0.000
1781208254.677,7.605,9382,9454,9468,ov2_est,2,19.225
1781208254.677,7.605,9382,9454,9470,ov2_main,0,0.000
1781208254.677,7.605,9382,9454,9471,ov2_feed,2,0.000
1781208254.729,7.657,9382,9454,9454,ov2slam_node,3,0.000
1781208254.729,7.657,9382,9454,9455,ov2slam_nod-ust,1,0.000
1781208254.729,7.657,9382,9454,9456,ov2slam_nod-ust,2,0.000
1781208254.729,7.657,9382,9454,9457,ov2slam_node,1,0.000
1781208254.729,7.657,9382,9454,9458,ov2slam_node,2,0.000
1781208254.729,7.657,9382,9454,9459,gc,1,0.000
1781208254.729,7.657,9382,9454,9460,dq.builtins,2,0.000
1781208254.729,7.657,9382,9454,9461,dq.user,1,0.000
1781208254.729,7.657,9382,9454,9462,tev,2,0.000
1781208254.729,7.657,9382,9454,9463,recv,1,0.000
1781208254.729,7.657,9382,9454,9464,recvUC,2,0.000
1781208254.729,7.657,9382,9454,9465,ov2slam_node,1,0.000
1781208254.729,7.657,9382,9454,9466,ov2slam_node,1,0.000
1781208254.729,7.657,9382,9454,9467,ov2_map,1,19.243
1781208254.729,7.657,9382,9454,9468,ov2_est,2,0.000
1781208254.729,7.657,9382,9454,9470,ov2_main,0,0.000
1781208254.729,7.657,9382,9454,9471,ov2_feed,2,0.000
1781208254.781,7.709,9382,9454,9454,ov2slam_node,3,0.000
1781208254.781,7.709,9382,9454,9455,ov2slam_nod-ust,1,0.000
1781208254.781,7.709,9382,9454,9456,ov2slam_nod-ust,2,0.000
1781208254.781,7.709,9382,9454,9457,ov2slam_node,1,0.000
1781208254.781,7.709,9382,9454,9458,ov2slam_node,2,0.000
1781208254.781,7.709,9382,9454,9459,gc,1,0.000
1781208254.781,7.709,9382,9454,9460,dq.builtins,2,0.000
1781208254.781,7.709,9382,9454,9461,dq.user,1,0.000
1781208254.781,7.709,9382,9454,9462,tev,2,0.000
1781208254.781,7.709,9382,9454,9463,recv,1,0.000
1781208254.781,7.709,9382,9454,9464,recvUC,2,0.000
1781208254.781,7.709,9382,9454,9465,ov2slam_node,1,0.000
1781208254.781,7.709,9382,9454,9466,ov2slam_node,1,0.000
1781208254.781,7.709,9382,9454,9467,ov2_map,1,0.000
1781208254.781,7.709,9382,9454,9468,ov2_est,2,0.000
1781208254.781,7.709,9382,9454,9470,ov2_main,0,0.000
1781208254.781,7.709,9382,9454,9471,ov2_feed,2,0.000
1781208254.833,7.761,9382,9454,9454,ov2slam_node,3,0.000
1781208254.833,7.761,9382,9454,9455,ov2slam_nod-ust,1,0.000
1781208254.833,7.761,9382,9454,9456,ov2slam_nod-ust,2,0.000
1781208254.833,7.761,9382,9454,9457,ov2slam_node,1,0.000
1781208254.833,7.761,9382,9454,9458,ov2slam_node,2,0.000
1781208254.833,7.761,9382,9454,9459,gc,1,0.000
1781208254.833,7.761,9382,9454,9460,dq.builtins,2,0.000
1781208254.833,7.761,9382,9454,9461,dq.user,1,0.000
1781208254.833,7.761,9382,9454,9462,tev,2,0.000
1781208254.833,7.761,9382,9454,9463,recv,1,0.000
1781208254.833,7.761,9382,9454,9464,recvUC,2,0.000
1781208254.833,7.761,9382,9454,9465,ov2slam_node,1,0.000
1781208254.833,7.761,9382,9454,9466,ov2slam_node,1,0.000
1781208254.833,7.761,9382,9454,9467,ov2_map,1,0.000
1781208254.833,7.761,9382,9454,9468,ov2_est,2,0.000
1781208254.833,7.761,9382,9454,9470,ov2_main,0,0.000
1781208254.833,7.761,9382,9454,9471,ov2_feed,2,0.000
1781208254.885,7.813,9382,9454,9454,ov2slam_node,3,0.000
1781208254.885,7.813,9382,9454,9455,ov2slam_nod-ust,1,0.000
1781208254.885,7.813,9382,9454,9456,ov2slam_nod-ust,2,0.000
1781208254.885,7.813,9382,9454,9457,ov2slam_node,1,0.000
1781208254.885,7.813,9382,9454,9458,ov2slam_node,2,0.000
1781208254.885,7.813,9382,9454,9459,gc,1,0.000
1781208254.885,7.813,9382,9454,9460,dq.builtins,2,0.000
1781208254.885,7.813,9382,9454,9461,dq.user,1,0.000
1781208254.885,7.813,9382,9454,9462,tev,2,0.000
1781208254.885,7.813,9382,9454,9463,recv,1,0.000
1781208254.885,7.813,9382,9454,9464,recvUC,2,0.000
1781208254.885,7.813,9382,9454,9465,ov2slam_node,1,0.000
1781208254.885,7.813,9382,9454,9466,ov2slam_node,1,0.000
1781208254.885,7.813,9382,9454,9467,ov2_map,1,0.000
1781208254.885,7.813,9382,9454,9468,ov2_est,2,0.000
1781208254.885,7.813,9382,9454,9470,ov2_main,0,0.000
1781208254.885,7.813,9382,9454,9471,ov2_feed,2,0.000
1781208254.937,7.865,9382,9454,9454,ov2slam_node,3,0.000
1781208254.937,7.865,9382,9454,9455,ov2slam_nod-ust,1,0.000
1781208254.937,7.865,9382,9454,9456,ov2slam_nod-ust,2,0.000
1781208254.937,7.865,9382,9454,9457,ov2slam_node,1,0.000
1781208254.937,7.865,9382,9454,9458,ov2slam_node,2,0.000
1781208254.937,7.865,9382,9454,9459,gc,1,0.000
1781208254.937,7.865,9382,9454,9460,dq.builtins,2,0.000
1781208254.937,7.865,9382,9454,9461,dq.user,1,0.000
1781208254.937,7.865,9382,9454,9462,tev,2,0.000
1781208254.937,7.865,9382,9454,9463,recv,1,0.000
1781208254.937,7.865,9382,9454,9464,recvUC,2,0.000
1781208254.937,7.865,9382,9454,9465,ov2slam_node,1,0.000
1781208254.937,7.865,9382,9454,9466,ov2slam_node,1,0.000
1781208254.937,7.865,9382,9454,9467,ov2_map,1,0.000
1781208254.937,7.865,9382,9454,9468,ov2_est,2,19.247
1781208254.937,7.865,9382,9454,9470,ov2_main,0,0.000
1781208254.937,7.865,9382,9454,9471,ov2_feed,2,0.000
1781208254.989,7.917,9382,9454,9454,ov2slam_node,3,0.000
1781208254.989,7.917,9382,9454,9455,ov2slam_nod-ust,1,0.000
1781208254.989,7.917,9382,9454,9456,ov2slam_nod-ust,2,0.000
1781208254.989,7.917,9382,9454,9457,ov2slam_node,1,0.000
1781208254.989,7.917,9382,9454,9458,ov2slam_node,2,0.000
1781208254.989,7.917,9382,9454,9459,gc,1,0.000
1781208254.989,7.917,9382,9454,9460,dq.builtins,2,0.000
1781208254.989,7.917,9382,9454,9461,dq.user,1,0.000
1781208254.989,7.917,9382,9454,9462,tev,2,0.000
1781208254.989,7.917,9382,9454,9463,recv,1,0.000
1781208254.989,7.917,9382,9454,9464,recvUC,2,0.000
1781208254.989,7.917,9382,9454,9465,ov2slam_node,1,0.000
1781208254.989,7.917,9382,9454,9466,ov2slam_node,1,0.000
1781208254.989,7.917,9382,9454,9467,ov2_map,1,0.000
1781208254.989,7.917,9382,9454,9468,ov2_est,2,0.000
1781208254.989,7.917,9382,9454,9470,ov2_main,3,0.000
1781208254.989,7.917,9382,9454,9471,ov2_feed,2,0.000
1781208255.041,7.969,9382,9454,9454,ov2slam_node,3,0.000
1781208255.041,7.969,9382,9454,9455,ov2slam_nod-ust,1,0.000
1781208255.041,7.969,9382,9454,9456,ov2slam_nod-ust,2,0.000
1781208255.041,7.969,9382,9454,9457,ov2slam_node,1,0.000
1781208255.041,7.969,9382,9454,9458,ov2slam_node,2,0.000
1781208255.041,7.969,9382,9454,9459,gc,1,0.000
1781208255.041,7.969,9382,9454,9460,dq.builtins,2,0.000
1781208255.041,7.969,9382,9454,9461,dq.user,1,0.000
1781208255.041,7.969,9382,9454,9462,tev,2,0.000
1781208255.041,7.969,9382,9454,9463,recv,1,0.000
1781208255.041,7.969,9382,9454,9464,recvUC,2,0.000
1781208255.041,7.969,9382,9454,9465,ov2slam_node,1,0.000
1781208255.041,7.969,9382,9454,9466,ov2slam_node,1,0.000
1781208255.041,7.969,9382,9454,9467,ov2_map,1,0.000
1781208255.041,7.969,9382,9454,9468,ov2_est,2,0.000
1781208255.041,7.969,9382,9454,9470,ov2_main,3,0.000
1781208255.041,7.969,9382,9454,9471,ov2_feed,2,0.000
1781208255.093,8.021,9382,9454,9454,ov2slam_node,3,0.000
1781208255.093,8.021,9382,9454,9455,ov2slam_nod-ust,1,0.000
1781208255.093,8.021,9382,9454,9456,ov2slam_nod-ust,2,0.000
1781208255.093,8.021,9382,9454,9457,ov2slam_node,1,0.000
1781208255.093,8.021,9382,9454,9458,ov2slam_node,2,0.000
1781208255.093,8.021,9382,9454,9459,gc,1,0.000
1781208255.093,8.021,9382,9454,9460,dq.builtins,2,0.000
1781208255.093,8.021,9382,9454,9461,dq.user,1,0.000
1781208255.093,8.021,9382,9454,9462,tev,2,0.000
1781208255.093,8.021,9382,9454,9463,recv,1,0.000
1781208255.093,8.021,9382,9454,9464,recvUC,2,0.000
1781208255.093,8.021,9382,9454,9465,ov2slam_node,1,0.000
1781208255.093,8.021,9382,9454,9466,ov2slam_node,1,0.000
1781208255.093,8.021,9382,9454,9467,ov2_map,1,0.000
1781208255.093,8.021,9382,9454,9468,ov2_est,2,0.000
1781208255.093,8.021,9382,9454,9470,ov2_main,3,0.000
1781208255.093,8.021,9382,9454,9471,ov2_feed,2,0.000
1781208255.145,8.073,9382,9454,9454,ov2slam_node,3,0.000
1781208255.145,8.073,9382,9454,9455,ov2slam_nod-ust,1,0.000
1781208255.145,8.073,9382,9454,9456,ov2slam_nod-ust,2,0.000
1781208255.145,8.073,9382,9454,9457,ov2slam_node,1,0.000
1781208255.145,8.073,9382,9454,9458,ov2slam_node,2,0.000
1781208255.145,8.073,9382,9454,9459,gc,1,0.000
1781208255.145,8.073,9382,9454,9460,dq.builtins,2,0.000
1781208255.145,8.073,9382,9454,9461,dq.user,1,0.000
1781208255.145,8.073,9382,9454,9462,tev,2,0.000
1781208255.145,8.073,9382,9454,9463,recv,1,0.000
1781208255.145,8.073,9382,9454,9464,recvUC,2,0.000
1781208255.145,8.073,9382,9454,9465,ov2slam_node,1,0.000
1781208255.145,8.073,9382,9454,9466,ov2slam_node,1,0.000
1781208255.145,8.073,9382,9454,9467,ov2_map,1,0.000
1781208255.145,8.073,9382,9454,9468,ov2_est,2,19.223
1781208255.145,8.073,9382,9454,9470,ov2_main,2,0.000
1781208255.145,8.073,9382,9454,9471,ov2_feed,2,0.000
1781208255.197,8.125,9382,9454,9454,ov2slam_node,3,0.000
1781208255.197,8.125,9382,9454,9455,ov2slam_nod-ust,1,0.000
1781208255.197,8.125,9382,9454,9456,ov2slam_nod-ust,2,0.000
1781208255.197,8.125,9382,9454,9457,ov2slam_node,1,0.000
1781208255.197,8.125,9382,9454,9458,ov2slam_node,2,0.000
1781208255.197,8.125,9382,9454,9459,gc,1,0.000
1781208255.197,8.125,9382,9454,9460,dq.builtins,2,0.000
1781208255.197,8.125,9382,9454,9461,dq.user,1,0.000
1781208255.197,8.125,9382,9454,9462,tev,2,0.000
1781208255.197,8.125,9382,9454,9463,recv,1,0.000
1781208255.197,8.125,9382,9454,9464,recvUC,2,0.000
1781208255.197,8.125,9382,9454,9465,ov2slam_node,1,0.000
1781208255.197,8.125,9382,9454,9466,ov2slam_node,1,0.000
1781208255.197,8.125,9382,9454,9467,ov2_map,1,19.210
1781208255.197,8.125,9382,9454,9468,ov2_est,2,0.000
1781208255.197,8.125,9382,9454,9470,ov2_main,2,0.000
1781208255.197,8.125,9382,9454,9471,ov2_feed,2,0.000
1781208255.249,8.177,9382,9454,9454,ov2slam_node,3,0.000
1781208255.249,8.177,9382,9454,9455,ov2slam_nod-ust,1,0.000
1781208255.249,8.177,9382,9454,9456,ov2slam_nod-ust,2,0.000
1781208255.249,8.177,9382,9454,9457,ov2slam_node,1,0.000
1781208255.249,8.177,9382,9454,9458,ov2slam_node,2,0.000
1781208255.249,8.177,9382,9454,9459,gc,1,0.000
1781208255.249,8.177,9382,9454,9460,dq.builtins,2,0.000
1781208255.249,8.177,9382,9454,9461,dq.user,1,0.000
1781208255.249,8.177,9382,9454,9462,tev,2,0.000
1781208255.249,8.177,9382,9454,9463,recv,1,0.000
1781208255.249,8.177,9382,9454,9464,recvUC,2,0.000
1781208255.249,8.177,9382,9454,9465,ov2slam_node,1,0.000
1781208255.249,8.177,9382,9454,9466,ov2slam_node,1,0.000
1781208255.249,8.177,9382,9454,9467,ov2_map,2,0.000
1781208255.249,8.177,9382,9454,9468,ov2_est,2,0.000
1781208255.249,8.177,9382,9454,9470,ov2_main,2,0.000
1781208255.249,8.177,9382,9454,9471,ov2_feed,2,0.000
1781208255.302,8.230,9382,9454,9454,ov2slam_node,3,0.000
1781208255.302,8.230,9382,9454,9455,ov2slam_nod-ust,1,0.000
1781208255.302,8.230,9382,9454,9456,ov2slam_nod-ust,2,0.000
1781208255.302,8.230,9382,9454,9457,ov2slam_node,1,0.000
1781208255.302,8.230,9382,9454,9458,ov2slam_node,2,0.000
1781208255.302,8.230,9382,9454,9459,gc,1,0.000
1781208255.302,8.230,9382,9454,9460,dq.builtins,2,0.000
1781208255.302,8.230,9382,9454,9461,dq.user,1,0.000
1781208255.302,8.230,9382,9454,9462,tev,2,0.000
1781208255.302,8.230,9382,9454,9463,recv,1,0.000
1781208255.302,8.230,9382,9454,9464,recvUC,2,0.000
1781208255.302,8.230,9382,9454,9465,ov2slam_node,1,0.000
1781208255.302,8.230,9382,9454,9466,ov2slam_node,1,0.000
1781208255.302,8.230,9382,9454,9467,ov2_map,2,0.000
1781208255.302,8.230,9382,9454,9468,ov2_est,2,0.000
1781208255.302,8.230,9382,9454,9470,ov2_main,2,0.000
1781208255.302,8.230,9382,9454,9471,ov2_feed,2,0.000
1781208255.354,8.282,9382,9454,9454,ov2slam_node,3,0.000
1781208255.354,8.282,9382,9454,9455,ov2slam_nod-ust,1,0.000
1781208255.354,8.282,9382,9454,9456,ov2slam_nod-ust,2,0.000
1781208255.354,8.282,9382,9454,9457,ov2slam_node,1,0.000
1781208255.354,8.282,9382,9454,9458,ov2slam_node,2,0.000
1781208255.354,8.282,9382,9454,9459,gc,1,0.000
1781208255.354,8.282,9382,9454,9460,dq.builtins,2,0.000
1781208255.354,8.282,9382,9454,9461,dq.user,1,0.000
1781208255.354,8.282,9382,9454,9462,tev,2,0.000
1781208255.354,8.282,9382,9454,9463,recv,1,0.000
1781208255.354,8.282,9382,9454,9464,recvUC,2,0.000
1781208255.354,8.282,9382,9454,9465,ov2slam_node,1,0.000
1781208255.354,8.282,9382,9454,9466,ov2slam_node,1,0.000
1781208255.354,8.282,9382,9454,9467,ov2_map,2,0.000
1781208255.354,8.282,9382,9454,9468,ov2_est,2,0.000
1781208255.354,8.282,9382,9454,9470,ov2_main,2,19.211
1781208255.354,8.282,9382,9454,9471,ov2_feed,2,0.000
1781208255.406,8.334,9382,9454,9454,ov2slam_node,3,0.000
1781208255.406,8.334,9382,9454,9455,ov2slam_nod-ust,1,0.000
1781208255.406,8.334,9382,9454,9456,ov2slam_nod-ust,2,0.000
1781208255.406,8.334,9382,9454,9457,ov2slam_node,1,0.000
1781208255.406,8.334,9382,9454,9458,ov2slam_node,2,0.000
1781208255.406,8.334,9382,9454,9459,gc,1,0.000
1781208255.406,8.334,9382,9454,9460,dq.builtins,2,0.000
1781208255.406,8.334,9382,9454,9461,dq.user,1,0.000
1781208255.406,8.334,9382,9454,9462,tev,2,0.000
1781208255.406,8.334,9382,9454,9463,recv,1,0.000
1781208255.406,8.334,9382,9454,9464,recvUC,2,0.000
1781208255.406,8.334,9382,9454,9465,ov2slam_node,1,0.000
1781208255.406,8.334,9382,9454,9466,ov2slam_node,1,0.000
1781208255.406,8.334,9382,9454,9467,ov2_map,2,0.000
1781208255.406,8.334,9382,9454,9468,ov2_est,2,19.199
1781208255.406,8.334,9382,9454,9470,ov2_main,2,0.000
1781208255.406,8.334,9382,9454,9471,ov2_feed,2,0.000
1781208255.458,8.386,9382,9454,9454,ov2slam_node,3,0.000
1781208255.458,8.386,9382,9454,9455,ov2slam_nod-ust,1,0.000
1781208255.458,8.386,9382,9454,9456,ov2slam_nod-ust,2,0.000
1781208255.458,8.386,9382,9454,9457,ov2slam_node,1,0.000
1781208255.458,8.386,9382,9454,9458,ov2slam_node,2,0.000
1781208255.458,8.386,9382,9454,9459,gc,1,0.000
1781208255.458,8.386,9382,9454,9460,dq.builtins,2,0.000
1781208255.458,8.386,9382,9454,9461,dq.user,1,0.000
1781208255.458,8.386,9382,9454,9462,tev,2,0.000
1781208255.458,8.386,9382,9454,9463,recv,1,0.000
1781208255.458,8.386,9382,9454,9464,recvUC,2,0.000
1781208255.458,8.386,9382,9454,9465,ov2slam_node,1,0.000
1781208255.458,8.386,9382,9454,9466,ov2slam_node,1,0.000
1781208255.458,8.386,9382,9454,9467,ov2_map,2,0.000
1781208255.458,8.386,9382,9454,9468,ov2_est,2,0.000
1781208255.458,8.386,9382,9454,9470,ov2_main,2,0.000
1781208255.458,8.386,9382,9454,9471,ov2_feed,2,0.000
1781208255.510,8.438,9382,9454,9454,ov2slam_node,3,0.000
1781208255.510,8.438,9382,9454,9455,ov2slam_nod-ust,1,0.000
1781208255.510,8.438,9382,9454,9456,ov2slam_nod-ust,2,0.000
1781208255.510,8.438,9382,9454,9457,ov2slam_node,1,0.000
1781208255.510,8.438,9382,9454,9458,ov2slam_node,2,0.000
1781208255.510,8.438,9382,9454,9459,gc,1,0.000
1781208255.510,8.438,9382,9454,9460,dq.builtins,2,0.000
1781208255.510,8.438,9382,9454,9461,dq.user,1,0.000
1781208255.510,8.438,9382,9454,9462,tev,2,0.000
1781208255.510,8.438,9382,9454,9463,recv,1,0.000
1781208255.510,8.438,9382,9454,9464,recvUC,2,0.000
1781208255.510,8.438,9382,9454,9465,ov2slam_node,1,0.000
1781208255.510,8.438,9382,9454,9466,ov2slam_node,1,0.000
1781208255.510,8.438,9382,9454,9467,ov2_map,2,0.000
1781208255.510,8.438,9382,9454,9468,ov2_est,2,0.000
1781208255.510,8.438,9382,9454,9470,ov2_main,2,0.000
1781208255.510,8.438,9382,9454,9471,ov2_feed,2,0.000
1781208255.562,8.490,9382,9454,9454,ov2slam_node,3,0.000
1781208255.562,8.490,9382,9454,9455,ov2slam_nod-ust,1,0.000
1781208255.562,8.490,9382,9454,9456,ov2slam_nod-ust,2,0.000
1781208255.562,8.490,9382,9454,9457,ov2slam_node,1,0.000
1781208255.562,8.490,9382,9454,9458,ov2slam_node,2,0.000
1781208255.562,8.490,9382,9454,9459,gc,1,0.000
1781208255.562,8.490,9382,9454,9460,dq.builtins,2,0.000
1781208255.562,8.490,9382,9454,9461,dq.user,1,0.000
1781208255.562,8.490,9382,9454,9462,tev,2,0.000
1781208255.562,8.490,9382,9454,9463,recv,1,0.000
1781208255.562,8.490,9382,9454,9464,recvUC,2,0.000
1781208255.562,8.490,9382,9454,9465,ov2slam_node,1,0.000
1781208255.562,8.490,9382,9454,9466,ov2slam_node,1,0.000
1781208255.562,8.490,9382,9454,9467,ov2_map,2,0.000
1781208255.562,8.490,9382,9454,9468,ov2_est,2,0.000
1781208255.562,8.490,9382,9454,9470,ov2_main,2,0.000
1781208255.562,8.490,9382,9454,9471,ov2_feed,2,0.000
1781208255.614,8.542,9382,9454,9454,ov2slam_node,3,0.000
1781208255.614,8.542,9382,9454,9455,ov2slam_nod-ust,1,0.000
1781208255.614,8.542,9382,9454,9456,ov2slam_nod-ust,2,0.000
1781208255.614,8.542,9382,9454,9457,ov2slam_node,1,0.000
1781208255.614,8.542,9382,9454,9458,ov2slam_node,2,0.000
1781208255.614,8.542,9382,9454,9459,gc,1,0.000
1781208255.614,8.542,9382,9454,9460,dq.builtins,2,0.000
1781208255.614,8.542,9382,9454,9461,dq.user,1,0.000
1781208255.614,8.542,9382,9454,9462,tev,2,0.000
1781208255.614,8.542,9382,9454,9463,recv,1,0.000
1781208255.614,8.542,9382,9454,9464,recvUC,2,0.000
1781208255.614,8.542,9382,9454,9465,ov2slam_node,1,0.000
1781208255.614,8.542,9382,9454,9466,ov2slam_node,1,0.000
1781208255.614,8.542,9382,9454,9467,ov2_map,2,0.000
1781208255.614,8.542,9382,9454,9468,ov2_est,2,0.000
1781208255.614,8.542,9382,9454,9470,ov2_main,2,0.000
1781208255.614,8.542,9382,9454,9471,ov2_feed,2,0.000
1781208255.666,8.594,9382,9454,9454,ov2slam_node,3,0.000
1781208255.666,8.594,9382,9454,9455,ov2slam_nod-ust,1,0.000
1781208255.666,8.594,9382,9454,9456,ov2slam_nod-ust,2,0.000
1781208255.666,8.594,9382,9454,9457,ov2slam_node,1,0.000
1781208255.666,8.594,9382,9454,9458,ov2slam_node,2,0.000
1781208255.666,8.594,9382,9454,9459,gc,1,0.000
1781208255.666,8.594,9382,9454,9460,dq.builtins,2,0.000
1781208255.666,8.594,9382,9454,9461,dq.user,1,0.000
1781208255.666,8.594,9382,9454,9462,tev,2,0.000
1781208255.666,8.594,9382,9454,9463,recv,1,0.000
1781208255.666,8.594,9382,9454,9464,recvUC,2,0.000
1781208255.666,8.594,9382,9454,9465,ov2slam_node,1,0.000
1781208255.666,8.594,9382,9454,9466,ov2slam_node,1,0.000
1781208255.666,8.594,9382,9454,9467,ov2_map,2,0.000
1781208255.666,8.594,9382,9454,9468,ov2_est,2,0.000
1781208255.666,8.594,9382,9454,9470,ov2_main,2,0.000
1781208255.666,8.594,9382,9454,9471,ov2_feed,2,0.000
1781208255.718,8.646,9382,9454,9454,ov2slam_node,3,0.000
1781208255.718,8.646,9382,9454,9455,ov2slam_nod-ust,1,0.000
1781208255.718,8.646,9382,9454,9456,ov2slam_nod-ust,2,0.000
1781208255.718,8.646,9382,9454,9457,ov2slam_node,1,0.000
1781208255.718,8.646,9382,9454,9458,ov2slam_node,2,0.000
1781208255.718,8.646,9382,9454,9459,gc,1,0.000
1781208255.718,8.646,9382,9454,9460,dq.builtins,2,0.000
1781208255.718,8.646,9382,9454,9461,dq.user,1,0.000
1781208255.718,8.646,9382,9454,9462,tev,2,0.000
1781208255.718,8.646,9382,9454,9463,recv,1,0.000
1781208255.718,8.646,9382,9454,9464,recvUC,2,0.000
1781208255.718,8.646,9382,9454,9465,ov2slam_node,1,0.000
1781208255.718,8.646,9382,9454,9466,ov2slam_node,1,0.000
1781208255.718,8.646,9382,9454,9467,ov2_map,2,0.000
1781208255.718,8.646,9382,9454,9468,ov2_est,2,19.225
1781208255.718,8.646,9382,9454,9470,ov2_main,2,0.000
1781208255.718,8.646,9382,9454,9471,ov2_feed,2,0.000
1781208255.770,8.698,9382,9454,9454,ov2slam_node,3,0.000
1781208255.770,8.698,9382,9454,9455,ov2slam_nod-ust,1,0.000
1781208255.770,8.698,9382,9454,9456,ov2slam_nod-ust,2,0.000
1781208255.770,8.698,9382,9454,9457,ov2slam_node,1,0.000
1781208255.770,8.698,9382,9454,9458,ov2slam_node,2,0.000
1781208255.770,8.698,9382,9454,9459,gc,1,0.000
1781208255.770,8.698,9382,9454,9460,dq.builtins,2,0.000
1781208255.770,8.698,9382,9454,9461,dq.user,1,0.000
1781208255.770,8.698,9382,9454,9462,tev,2,0.000
1781208255.770,8.698,9382,9454,9463,recv,1,0.000
1781208255.770,8.698,9382,9454,9464,recvUC,2,0.000
1781208255.770,8.698,9382,9454,9465,ov2slam_node,1,0.000
1781208255.770,8.698,9382,9454,9466,ov2slam_node,1,0.000
1781208255.770,8.698,9382,9454,9467,ov2_map,2,0.000
1781208255.770,8.698,9382,9454,9468,ov2_est,2,0.000
1781208255.770,8.698,9382,9454,9470,ov2_main,2,0.000
1781208255.770,8.698,9382,9454,9471,ov2_feed,1,0.000
1781208255.822,8.750,9382,9454,9454,ov2slam_node,3,0.000
1781208255.822,8.750,9382,9454,9455,ov2slam_nod-ust,1,0.000
1781208255.822,8.750,9382,9454,9456,ov2slam_nod-ust,2,0.000
1781208255.822,8.750,9382,9454,9457,ov2slam_node,1,0.000
1781208255.822,8.750,9382,9454,9458,ov2slam_node,2,0.000
1781208255.822,8.750,9382,9454,9459,gc,1,0.000
1781208255.822,8.750,9382,9454,9460,dq.builtins,2,0.000
1781208255.822,8.750,9382,9454,9461,dq.user,1,0.000
1781208255.822,8.750,9382,9454,9462,tev,2,0.000
1781208255.822,8.750,9382,9454,9463,recv,1,0.000
1781208255.822,8.750,9382,9454,9464,recvUC,2,0.000
1781208255.822,8.750,9382,9454,9465,ov2slam_node,1,0.000
1781208255.822,8.750,9382,9454,9466,ov2slam_node,1,0.000
1781208255.822,8.750,9382,9454,9467,ov2_map,2,19.236
1781208255.822,8.750,9382,9454,9468,ov2_est,2,0.000
1781208255.822,8.750,9382,9454,9470,ov2_main,2,0.000
1781208255.822,8.750,9382,9454,9471,ov2_feed,1,0.000
1781208255.874,8.802,9382,9454,9454,ov2slam_node,3,0.000
1781208255.874,8.802,9382,9454,9455,ov2slam_nod-ust,1,0.000
1781208255.874,8.802,9382,9454,9456,ov2slam_nod-ust,2,0.000
1781208255.874,8.802,9382,9454,9457,ov2slam_node,1,0.000
1781208255.874,8.802,9382,9454,9458,ov2slam_node,2,0.000
1781208255.874,8.802,9382,9454,9459,gc,1,0.000
1781208255.874,8.802,9382,9454,9460,dq.builtins,2,0.000
1781208255.874,8.802,9382,9454,9461,dq.user,1,0.000
1781208255.874,8.802,9382,9454,9462,tev,2,0.000
1781208255.874,8.802,9382,9454,9463,recv,1,0.000
1781208255.874,8.802,9382,9454,9464,recvUC,2,0.000
1781208255.874,8.802,9382,9454,9465,ov2slam_node,1,0.000
1781208255.874,8.802,9382,9454,9466,ov2slam_node,1,0.000
1781208255.874,8.802,9382,9454,9467,ov2_map,2,0.000
1781208255.874,8.802,9382,9454,9468,ov2_est,2,0.000
1781208255.874,8.802,9382,9454,9470,ov2_main,2,0.000
1781208255.874,8.802,9382,9454,9471,ov2_feed,1,0.000
1781208255.926,8.854,9382,9454,9454,ov2slam_node,3,0.000
1781208255.926,8.854,9382,9454,9455,ov2slam_nod-ust,1,0.000
1781208255.926,8.854,9382,9454,9456,ov2slam_nod-ust,2,0.000
1781208255.926,8.854,9382,9454,9457,ov2slam_node,1,0.000
1781208255.926,8.854,9382,9454,9458,ov2slam_node,2,0.000
1781208255.926,8.854,9382,9454,9459,gc,1,0.000
1781208255.926,8.854,9382,9454,9460,dq.builtins,2,0.000
1781208255.926,8.854,9382,9454,9461,dq.user,1,0.000
1781208255.926,8.854,9382,9454,9462,tev,2,0.000
1781208255.926,8.854,9382,9454,9463,recv,1,0.000
1781208255.926,8.854,9382,9454,9464,recvUC,2,0.000
1781208255.926,8.854,9382,9454,9465,ov2slam_node,1,0.000
1781208255.926,8.854,9382,9454,9466,ov2slam_node,1,0.000
1781208255.926,8.854,9382,9454,9467,ov2_map,2,0.000
1781208255.926,8.854,9382,9454,9468,ov2_est,2,0.000
1781208255.926,8.854,9382,9454,9470,ov2_main,2,0.000
1781208255.926,8.854,9382,9454,9471,ov2_feed,1,0.000
1781208255.978,8.906,9382,9454,9454,ov2slam_node,3,0.000
1781208255.978,8.906,9382,9454,9455,ov2slam_nod-ust,1,0.000
1781208255.978,8.906,9382,9454,9456,ov2slam_nod-ust,2,0.000
1781208255.978,8.906,9382,9454,9457,ov2slam_node,1,0.000
1781208255.978,8.906,9382,9454,9458,ov2slam_node,2,0.000
1781208255.978,8.906,9382,9454,9459,gc,1,0.000
1781208255.978,8.906,9382,9454,9460,dq.builtins,2,0.000
1781208255.978,8.906,9382,9454,9461,dq.user,1,0.000
1781208255.978,8.906,9382,9454,9462,tev,2,0.000
1781208255.978,8.906,9382,9454,9463,recv,1,0.000
1781208255.978,8.906,9382,9454,9464,recvUC,2,0.000
1781208255.978,8.906,9382,9454,9465,ov2slam_node,1,0.000
1781208255.978,8.906,9382,9454,9466,ov2slam_node,1,0.000
1781208255.978,8.906,9382,9454,9467,ov2_map,2,0.000
1781208255.978,8.906,9382,9454,9468,ov2_est,2,19.232
1781208255.978,8.906,9382,9454,9470,ov2_main,2,0.000
1781208255.978,8.906,9382,9454,9471,ov2_feed,1,0.000
1781208256.030,8.958,9382,9454,9454,ov2slam_node,3,0.000
1781208256.030,8.958,9382,9454,9455,ov2slam_nod-ust,1,0.000
1781208256.030,8.958,9382,9454,9456,ov2slam_nod-ust,2,0.000
1781208256.030,8.958,9382,9454,9457,ov2slam_node,1,0.000
1781208256.030,8.958,9382,9454,9458,ov2slam_node,2,0.000
1781208256.030,8.958,9382,9454,9459,gc,1,0.000
1781208256.030,8.958,9382,9454,9460,dq.builtins,2,0.000
1781208256.030,8.958,9382,9454,9461,dq.user,1,0.000
1781208256.030,8.958,9382,9454,9462,tev,2,0.000
1781208256.030,8.958,9382,9454,9463,recv,1,0.000
1781208256.030,8.958,9382,9454,9464,recvUC,2,0.000
1781208256.030,8.958,9382,9454,9465,ov2slam_node,1,0.000
1781208256.030,8.958,9382,9454,9466,ov2slam_node,1,0.000
1781208256.030,8.958,9382,9454,9467,ov2_map,2,0.000
1781208256.030,8.958,9382,9454,9468,ov2_est,2,0.000
1781208256.030,8.958,9382,9454,9470,ov2_main,2,0.000
1781208256.030,8.958,9382,9454,9471,ov2_feed,1,0.000
1781208256.082,9.010,9382,9454,9454,ov2slam_node,3,0.000
1781208256.082,9.010,9382,9454,9455,ov2slam_nod-ust,1,0.000
1781208256.082,9.010,9382,9454,9456,ov2slam_nod-ust,2,0.000
1781208256.082,9.010,9382,9454,9457,ov2slam_node,1,0.000
1781208256.082,9.010,9382,9454,9458,ov2slam_node,2,0.000
1781208256.082,9.010,9382,9454,9459,gc,1,0.000
1781208256.082,9.010,9382,9454,9460,dq.builtins,2,0.000
1781208256.082,9.010,9382,9454,9461,dq.user,1,0.000
1781208256.082,9.010,9382,9454,9462,tev,2,0.000
1781208256.082,9.010,9382,9454,9463,recv,1,0.000
1781208256.082,9.010,9382,9454,9464,recvUC,2,0.000
1781208256.082,9.010,9382,9454,9465,ov2slam_node,1,0.000
1781208256.082,9.010,9382,9454,9466,ov2slam_node,1,0.000
1781208256.082,9.010,9382,9454,9467,ov2_map,2,0.000
1781208256.082,9.010,9382,9454,9468,ov2_est,2,0.000
1781208256.082,9.010,9382,9454,9470,ov2_main,2,0.000
1781208256.082,9.010,9382,9454,9471,ov2_feed,1,0.000
1781208256.134,9.062,9382,9454,9454,ov2slam_node,3,0.000
1781208256.134,9.062,9382,9454,9455,ov2slam_nod-ust,1,0.000
1781208256.134,9.062,9382,9454,9456,ov2slam_nod-ust,2,0.000
1781208256.134,9.062,9382,9454,9457,ov2slam_node,1,0.000
1781208256.134,9.062,9382,9454,9458,ov2slam_node,2,0.000
1781208256.134,9.062,9382,9454,9459,gc,1,0.000
1781208256.134,9.062,9382,9454,9460,dq.builtins,2,0.000
1781208256.134,9.062,9382,9454,9461,dq.user,1,0.000
1781208256.134,9.062,9382,9454,9462,tev,2,0.000
1781208256.134,9.062,9382,9454,9463,recv,1,0.000
1781208256.134,9.062,9382,9454,9464,recvUC,2,0.000
1781208256.134,9.062,9382,9454,9465,ov2slam_node,1,0.000
1781208256.134,9.062,9382,9454,9466,ov2slam_node,1,0.000
1781208256.134,9.062,9382,9454,9467,ov2_map,2,0.000
1781208256.134,9.062,9382,9454,9468,ov2_est,2,0.000
1781208256.134,9.062,9382,9454,9470,ov2_main,2,0.000
1781208256.134,9.062,9382,9454,9471,ov2_feed,1,0.000
1781208256.186,9.114,9382,9454,9454,ov2slam_node,3,0.000
1781208256.186,9.114,9382,9454,9455,ov2slam_nod-ust,1,0.000
1781208256.186,9.114,9382,9454,9456,ov2slam_nod-ust,2,0.000
1781208256.186,9.114,9382,9454,9457,ov2slam_node,1,0.000
1781208256.186,9.114,9382,9454,9458,ov2slam_node,2,0.000
1781208256.186,9.114,9382,9454,9459,gc,1,0.000
1781208256.186,9.114,9382,9454,9460,dq.builtins,2,0.000
1781208256.186,9.114,9382,9454,9461,dq.user,1,0.000
1781208256.186,9.114,9382,9454,9462,tev,2,0.000
1781208256.186,9.114,9382,9454,9463,recv,1,0.000
1781208256.186,9.114,9382,9454,9464,recvUC,2,0.000
1781208256.186,9.114,9382,9454,9465,ov2slam_node,1,0.000
1781208256.186,9.114,9382,9454,9466,ov2slam_node,1,0.000
1781208256.186,9.114,9382,9454,9467,ov2_map,2,0.000
1781208256.186,9.114,9382,9454,9468,ov2_est,2,0.000
1781208256.186,9.114,9382,9454,9470,ov2_main,2,0.000
1781208256.186,9.114,9382,9454,9471,ov2_feed,1,0.000
1781208256.238,9.166,9382,9454,9454,ov2slam_node,3,0.000
1781208256.238,9.166,9382,9454,9455,ov2slam_nod-ust,1,0.000
1781208256.238,9.166,9382,9454,9456,ov2slam_nod-ust,2,0.000
1781208256.238,9.166,9382,9454,9457,ov2slam_node,1,0.000
1781208256.238,9.166,9382,9454,9458,ov2slam_node,2,0.000
1781208256.238,9.166,9382,9454,9459,gc,1,0.000
1781208256.238,9.166,9382,9454,9460,dq.builtins,2,0.000
1781208256.238,9.166,9382,9454,9461,dq.user,1,0.000
1781208256.238,9.166,9382,9454,9462,tev,2,0.000
1781208256.238,9.166,9382,9454,9463,recv,1,0.000
1781208256.238,9.166,9382,9454,9464,recvUC,2,0.000
1781208256.238,9.166,9382,9454,9465,ov2slam_node,1,0.000
1781208256.238,9.166,9382,9454,9466,ov2slam_node,1,0.000
1781208256.238,9.166,9382,9454,9467,ov2_map,2,0.000
1781208256.238,9.166,9382,9454,9468,ov2_est,2,19.236
1781208256.238,9.166,9382,9454,9470,ov2_main,2,0.000
1781208256.238,9.166,9382,9454,9471,ov2_feed,1,0.000
1781208256.290,9.218,9382,9454,9454,ov2slam_node,3,0.000
1781208256.290,9.218,9382,9454,9455,ov2slam_nod-ust,1,0.000
1781208256.290,9.218,9382,9454,9456,ov2slam_nod-ust,2,0.000
1781208256.290,9.218,9382,9454,9457,ov2slam_node,1,0.000
1781208256.290,9.218,9382,9454,9458,ov2slam_node,2,0.000
1781208256.290,9.218,9382,9454,9459,gc,1,0.000
1781208256.290,9.218,9382,9454,9460,dq.builtins,2,0.000
1781208256.290,9.218,9382,9454,9461,dq.user,1,0.000
1781208256.290,9.218,9382,9454,9462,tev,2,0.000
1781208256.290,9.218,9382,9454,9463,recv,1,0.000
1781208256.290,9.218,9382,9454,9464,recvUC,2,0.000
1781208256.290,9.218,9382,9454,9465,ov2slam_node,1,0.000
1781208256.290,9.218,9382,9454,9466,ov2slam_node,1,0.000
1781208256.290,9.218,9382,9454,9467,ov2_map,2,0.000
1781208256.290,9.218,9382,9454,9468,ov2_est,2,0.000
1781208256.290,9.218,9382,9454,9470,ov2_main,2,0.000
1781208256.290,9.218,9382,9454,9471,ov2_feed,1,0.000
1781208256.342,9.270,9382,9454,9454,ov2slam_node,3,0.000
1781208256.342,9.270,9382,9454,9455,ov2slam_nod-ust,1,0.000
1781208256.342,9.270,9382,9454,9456,ov2slam_nod-ust,2,0.000
1781208256.342,9.270,9382,9454,9457,ov2slam_node,1,0.000
1781208256.342,9.270,9382,9454,9458,ov2slam_node,2,0.000
1781208256.342,9.270,9382,9454,9459,gc,1,0.000
1781208256.342,9.270,9382,9454,9460,dq.builtins,2,0.000
1781208256.342,9.270,9382,9454,9461,dq.user,1,0.000
1781208256.342,9.270,9382,9454,9462,tev,2,0.000
1781208256.342,9.270,9382,9454,9463,recv,1,0.000
1781208256.342,9.270,9382,9454,9464,recvUC,2,0.000
1781208256.342,9.270,9382,9454,9465,ov2slam_node,1,0.000
1781208256.342,9.270,9382,9454,9466,ov2slam_node,1,0.000
1781208256.342,9.270,9382,9454,9467,ov2_map,2,0.000
1781208256.342,9.270,9382,9454,9468,ov2_est,2,0.000
1781208256.342,9.270,9382,9454,9470,ov2_main,2,0.000
1781208256.342,9.270,9382,9454,9471,ov2_feed,1,0.000
1781208256.394,9.322,9382,9454,9454,ov2slam_node,3,0.000
1781208256.394,9.322,9382,9454,9455,ov2slam_nod-ust,1,0.000
1781208256.394,9.322,9382,9454,9456,ov2slam_nod-ust,2,0.000
1781208256.394,9.322,9382,9454,9457,ov2slam_node,1,0.000
1781208256.394,9.322,9382,9454,9458,ov2slam_node,2,0.000
1781208256.394,9.322,9382,9454,9459,gc,1,0.000
1781208256.394,9.322,9382,9454,9460,dq.builtins,2,0.000
1781208256.394,9.322,9382,9454,9461,dq.user,1,0.000
1781208256.394,9.322,9382,9454,9462,tev,2,0.000
1781208256.394,9.322,9382,9454,9463,recv,1,0.000
1781208256.394,9.322,9382,9454,9464,recvUC,2,0.000
1781208256.394,9.322,9382,9454,9465,ov2slam_node,1,0.000
1781208256.394,9.322,9382,9454,9466,ov2slam_node,1,0.000
1781208256.394,9.322,9382,9454,9467,ov2_map,2,0.000
1781208256.394,9.322,9382,9454,9468,ov2_est,2,0.000
1781208256.394,9.322,9382,9454,9470,ov2_main,1,0.000
1781208256.394,9.322,9382,9454,9471,ov2_feed,1,0.000
1781208256.446,9.374,9382,9454,9454,ov2slam_node,3,0.000
1781208256.446,9.374,9382,9454,9455,ov2slam_nod-ust,1,0.000
1781208256.446,9.374,9382,9454,9456,ov2slam_nod-ust,2,0.000
1781208256.446,9.374,9382,9454,9457,ov2slam_node,1,0.000
1781208256.446,9.374,9382,9454,9458,ov2slam_node,2,0.000
1781208256.446,9.374,9382,9454,9459,gc,1,0.000
1781208256.446,9.374,9382,9454,9460,dq.builtins,2,0.000
1781208256.446,9.374,9382,9454,9461,dq.user,1,0.000
1781208256.446,9.374,9382,9454,9462,tev,2,0.000
1781208256.446,9.374,9382,9454,9463,recv,1,0.000
1781208256.446,9.374,9382,9454,9464,recvUC,2,0.000
1781208256.446,9.374,9382,9454,9465,ov2slam_node,1,0.000
1781208256.446,9.374,9382,9454,9466,ov2slam_node,1,0.000
1781208256.446,9.374,9382,9454,9467,ov2_map,2,19.242
1781208256.446,9.374,9382,9454,9468,ov2_est,2,0.000
1781208256.446,9.374,9382,9454,9470,ov2_main,1,0.000
1781208256.446,9.374,9382,9454,9471,ov2_feed,1,0.000
1781208256.498,9.426,9382,9454,9454,ov2slam_node,3,0.000
1781208256.498,9.426,9382,9454,9455,ov2slam_nod-ust,1,0.000
1781208256.498,9.426,9382,9454,9456,ov2slam_nod-ust,2,0.000
1781208256.498,9.426,9382,9454,9457,ov2slam_node,1,0.000
1781208256.498,9.426,9382,9454,9458,ov2slam_node,2,0.000
1781208256.498,9.426,9382,9454,9459,gc,1,0.000
1781208256.498,9.426,9382,9454,9460,dq.builtins,2,0.000
1781208256.498,9.426,9382,9454,9461,dq.user,1,0.000
1781208256.498,9.426,9382,9454,9462,tev,2,0.000
1781208256.498,9.426,9382,9454,9463,recv,1,0.000
1781208256.498,9.426,9382,9454,9464,recvUC,2,0.000
1781208256.498,9.426,9382,9454,9465,ov2slam_node,1,0.000
1781208256.498,9.426,9382,9454,9466,ov2slam_node,1,0.000
1781208256.498,9.426,9382,9454,9467,ov2_map,2,0.000
1781208256.498,9.426,9382,9454,9468,ov2_est,2,0.000
1781208256.498,9.426,9382,9454,9470,ov2_main,1,0.000
1781208256.498,9.426,9382,9454,9471,ov2_feed,1,0.000
1781208256.550,9.478,9382,9454,9454,ov2slam_node,3,0.000
1781208256.550,9.478,9382,9454,9455,ov2slam_nod-ust,1,0.000
1781208256.550,9.478,9382,9454,9456,ov2slam_nod-ust,2,0.000
1781208256.550,9.478,9382,9454,9457,ov2slam_node,1,0.000
1781208256.550,9.478,9382,9454,9458,ov2slam_node,2,0.000
1781208256.550,9.478,9382,9454,9459,gc,1,0.000
1781208256.550,9.478,9382,9454,9460,dq.builtins,2,0.000
1781208256.550,9.478,9382,9454,9461,dq.user,1,0.000
1781208256.550,9.478,9382,9454,9462,tev,2,0.000
1781208256.550,9.478,9382,9454,9463,recv,1,0.000
1781208256.550,9.478,9382,9454,9464,recvUC,2,0.000
1781208256.550,9.478,9382,9454,9465,ov2slam_node,1,0.000
1781208256.550,9.478,9382,9454,9466,ov2slam_node,1,0.000
1781208256.550,9.478,9382,9454,9467,ov2_map,2,0.000
1781208256.550,9.478,9382,9454,9468,ov2_est,2,19.231
1781208256.550,9.478,9382,9454,9470,ov2_main,1,0.000
1781208256.550,9.478,9382,9454,9471,ov2_feed,1,0.000
1781208256.602,9.530,9382,9454,9454,ov2slam_node,3,0.000
1781208256.602,9.530,9382,9454,9455,ov2slam_nod-ust,1,0.000
1781208256.602,9.530,9382,9454,9456,ov2slam_nod-ust,2,0.000
1781208256.602,9.530,9382,9454,9457,ov2slam_node,1,0.000
1781208256.602,9.530,9382,9454,9458,ov2slam_node,2,0.000
1781208256.602,9.530,9382,9454,9459,gc,1,0.000
1781208256.602,9.530,9382,9454,9460,dq.builtins,2,0.000
1781208256.602,9.530,9382,9454,9461,dq.user,1,0.000
1781208256.602,9.530,9382,9454,9462,tev,2,0.000
1781208256.602,9.530,9382,9454,9463,recv,1,0.000
1781208256.602,9.530,9382,9454,9464,recvUC,2,0.000
1781208256.602,9.530,9382,9454,9465,ov2slam_node,1,0.000
1781208256.602,9.530,9382,9454,9466,ov2slam_node,1,0.000
1781208256.602,9.530,9382,9454,9467,ov2_map,2,0.000
1781208256.602,9.530,9382,9454,9468,ov2_est,2,0.000
1781208256.602,9.530,9382,9454,9470,ov2_main,1,0.000
1781208256.602,9.530,9382,9454,9471,ov2_feed,1,0.000
1781208256.654,9.582,9382,9454,9454,ov2slam_node,3,0.000
1781208256.654,9.582,9382,9454,9455,ov2slam_nod-ust,1,0.000
1781208256.654,9.582,9382,9454,9456,ov2slam_nod-ust,2,0.000
1781208256.654,9.582,9382,9454,9457,ov2slam_node,1,0.000
1781208256.654,9.582,9382,9454,9458,ov2slam_node,2,0.000
1781208256.654,9.582,9382,9454,9459,gc,1,0.000
1781208256.654,9.582,9382,9454,9460,dq.builtins,2,0.000
1781208256.654,9.582,9382,9454,9461,dq.user,1,0.000
1781208256.654,9.582,9382,9454,9462,tev,2,0.000
1781208256.654,9.582,9382,9454,9463,recv,1,0.000
1781208256.654,9.582,9382,9454,9464,recvUC,2,0.000
1781208256.654,9.582,9382,9454,9465,ov2slam_node,1,0.000
1781208256.654,9.582,9382,9454,9466,ov2slam_node,1,0.000
1781208256.654,9.582,9382,9454,9467,ov2_map,2,0.000
1781208256.654,9.582,9382,9454,9468,ov2_est,2,0.000
1781208256.654,9.582,9382,9454,9470,ov2_main,1,0.000
1781208256.654,9.582,9382,9454,9471,ov2_feed,1,0.000
1781208256.706,9.634,9382,9454,9454,ov2slam_node,3,0.000
1781208256.706,9.634,9382,9454,9455,ov2slam_nod-ust,1,0.000
1781208256.706,9.634,9382,9454,9456,ov2slam_nod-ust,2,0.000
1781208256.706,9.634,9382,9454,9457,ov2slam_node,1,0.000
1781208256.706,9.634,9382,9454,9458,ov2slam_node,2,0.000
1781208256.706,9.634,9382,9454,9459,gc,1,0.000
1781208256.706,9.634,9382,9454,9460,dq.builtins,2,0.000
1781208256.706,9.634,9382,9454,9461,dq.user,1,0.000
1781208256.706,9.634,9382,9454,9462,tev,2,0.000
1781208256.706,9.634,9382,9454,9463,recv,1,0.000
1781208256.706,9.634,9382,9454,9464,recvUC,2,0.000
1781208256.706,9.634,9382,9454,9465,ov2slam_node,1,0.000
1781208256.706,9.634,9382,9454,9466,ov2slam_node,1,0.000
1781208256.706,9.634,9382,9454,9467,ov2_map,2,0.000
1781208256.706,9.634,9382,9454,9468,ov2_est,2,0.000
1781208256.706,9.634,9382,9454,9470,ov2_main,1,0.000
1781208256.706,9.634,9382,9454,9471,ov2_feed,1,0.000
1781208256.758,9.686,9382,9454,9454,ov2slam_node,3,0.000
1781208256.758,9.686,9382,9454,9455,ov2slam_nod-ust,1,0.000
1781208256.758,9.686,9382,9454,9456,ov2slam_nod-ust,2,0.000
1781208256.758,9.686,9382,9454,9457,ov2slam_node,1,0.000
1781208256.758,9.686,9382,9454,9458,ov2slam_node,2,0.000
1781208256.758,9.686,9382,9454,9459,gc,1,0.000
1781208256.758,9.686,9382,9454,9460,dq.builtins,2,0.000
1781208256.758,9.686,9382,9454,9461,dq.user,1,0.000
1781208256.758,9.686,9382,9454,9462,tev,2,0.000
1781208256.758,9.686,9382,9454,9463,recv,1,0.000
1781208256.758,9.686,9382,9454,9464,recvUC,2,0.000
1781208256.758,9.686,9382,9454,9465,ov2slam_node,1,0.000
1781208256.758,9.686,9382,9454,9466,ov2slam_node,1,0.000
1781208256.758,9.686,9382,9454,9467,ov2_map,2,0.000
1781208256.758,9.686,9382,9454,9468,ov2_est,2,0.000
1781208256.758,9.686,9382,9454,9470,ov2_main,1,0.000
1781208256.758,9.686,9382,9454,9471,ov2_feed,1,0.000
1781208256.810,9.738,9382,9454,9454,ov2slam_node,3,0.000
1781208256.810,9.738,9382,9454,9455,ov2slam_nod-ust,1,0.000
1781208256.810,9.738,9382,9454,9456,ov2slam_nod-ust,2,0.000
1781208256.810,9.738,9382,9454,9457,ov2slam_node,1,0.000
1781208256.810,9.738,9382,9454,9458,ov2slam_node,2,0.000
1781208256.810,9.738,9382,9454,9459,gc,1,0.000
1781208256.810,9.738,9382,9454,9460,dq.builtins,2,0.000
1781208256.810,9.738,9382,9454,9461,dq.user,1,0.000
1781208256.810,9.738,9382,9454,9462,tev,2,0.000
1781208256.810,9.738,9382,9454,9463,recv,1,0.000
1781208256.810,9.738,9382,9454,9464,recvUC,2,0.000
1781208256.810,9.738,9382,9454,9465,ov2slam_node,1,0.000
1781208256.810,9.738,9382,9454,9466,ov2slam_node,1,0.000
1781208256.810,9.738,9382,9454,9467,ov2_map,2,0.000
1781208256.810,9.738,9382,9454,9468,ov2_est,2,19.246
1781208256.810,9.738,9382,9454,9470,ov2_main,1,0.000
1781208256.810,9.738,9382,9454,9471,ov2_feed,1,0.000
1781208256.862,9.790,9382,9454,9454,ov2slam_node,3,0.000
1781208256.862,9.790,9382,9454,9455,ov2slam_nod-ust,1,0.000
1781208256.862,9.790,9382,9454,9456,ov2slam_nod-ust,2,0.000
1781208256.862,9.790,9382,9454,9457,ov2slam_node,1,0.000
1781208256.862,9.790,9382,9454,9458,ov2slam_node,2,0.000
1781208256.862,9.790,9382,9454,9459,gc,1,0.000
1781208256.862,9.790,9382,9454,9460,dq.builtins,2,0.000
1781208256.862,9.790,9382,9454,9461,dq.user,1,0.000
1781208256.862,9.790,9382,9454,9462,tev,2,0.000
1781208256.862,9.790,9382,9454,9463,recv,1,0.000
1781208256.862,9.790,9382,9454,9464,recvUC,2,0.000
1781208256.862,9.790,9382,9454,9465,ov2slam_node,1,0.000
1781208256.862,9.790,9382,9454,9466,ov2slam_node,1,0.000
1781208256.862,9.790,9382,9454,9467,ov2_map,2,0.000
1781208256.862,9.790,9382,9454,9468,ov2_est,2,0.000
1781208256.862,9.790,9382,9454,9470,ov2_main,1,0.000
1781208256.862,9.790,9382,9454,9471,ov2_feed,1,0.000
1781208256.914,9.842,9382,9454,9454,ov2slam_node,3,0.000
1781208256.914,9.842,9382,9454,9455,ov2slam_nod-ust,1,0.000
1781208256.914,9.842,9382,9454,9456,ov2slam_nod-ust,2,0.000
1781208256.914,9.842,9382,9454,9457,ov2slam_node,1,0.000
1781208256.914,9.842,9382,9454,9458,ov2slam_node,2,0.000
1781208256.914,9.842,9382,9454,9459,gc,1,0.000
1781208256.914,9.842,9382,9454,9460,dq.builtins,2,0.000
1781208256.914,9.842,9382,9454,9461,dq.user,1,0.000
1781208256.914,9.842,9382,9454,9462,tev,2,0.000
1781208256.914,9.842,9382,9454,9463,recv,1,0.000
1781208256.914,9.842,9382,9454,9464,recvUC,2,0.000
1781208256.914,9.842,9382,9454,9465,ov2slam_node,1,0.000
1781208256.914,9.842,9382,9454,9466,ov2slam_node,1,0.000
1781208256.914,9.842,9382,9454,9467,ov2_map,2,0.000
1781208256.914,9.842,9382,9454,9468,ov2_est,2,0.000
1781208256.914,9.842,9382,9454,9470,ov2_main,1,0.000
1781208256.914,9.842,9382,9454,9471,ov2_feed,1,0.000
1781208256.966,9.894,9382,9454,9454,ov2slam_node,3,0.000
1781208256.966,9.894,9382,9454,9455,ov2slam_nod-ust,1,0.000
1781208256.966,9.894,9382,9454,9456,ov2slam_nod-ust,2,0.000
1781208256.966,9.894,9382,9454,9457,ov2slam_node,1,0.000
1781208256.966,9.894,9382,9454,9458,ov2slam_node,2,0.000
1781208256.966,9.894,9382,9454,9459,gc,1,0.000
1781208256.966,9.894,9382,9454,9460,dq.builtins,2,0.000
1781208256.966,9.894,9382,9454,9461,dq.user,1,0.000
1781208256.966,9.894,9382,9454,9462,tev,2,0.000
1781208256.966,9.894,9382,9454,9463,recv,1,0.000
1781208256.966,9.894,9382,9454,9464,recvUC,2,0.000
1781208256.966,9.894,9382,9454,9465,ov2slam_node,1,0.000
1781208256.966,9.894,9382,9454,9466,ov2slam_node,1,0.000
1781208256.966,9.894,9382,9454,9467,ov2_map,2,0.000
1781208256.966,9.894,9382,9454,9468,ov2_est,2,0.000
1781208256.966,9.894,9382,9454,9470,ov2_main,1,0.000
1781208256.966,9.894,9382,9454,9471,ov2_feed,1,0.000
1781208257.018,9.945,9382,9454,9454,ov2slam_node,3,0.000
1781208257.018,9.945,9382,9454,9455,ov2slam_nod-ust,1,0.000
1781208257.018,9.945,9382,9454,9456,ov2slam_nod-ust,2,0.000
1781208257.018,9.945,9382,9454,9457,ov2slam_node,1,0.000
1781208257.018,9.945,9382,9454,9458,ov2slam_node,2,0.000
1781208257.018,9.945,9382,9454,9459,gc,1,0.000
1781208257.018,9.945,9382,9454,9460,dq.builtins,2,0.000
1781208257.018,9.945,9382,9454,9461,dq.user,1,0.000
1781208257.018,9.945,9382,9454,9462,tev,2,0.000
1781208257.018,9.945,9382,9454,9463,recv,1,0.000
1781208257.018,9.945,9382,9454,9464,recvUC,2,0.000
1781208257.018,9.945,9382,9454,9465,ov2slam_node,1,0.000
1781208257.018,9.945,9382,9454,9466,ov2slam_node,1,0.000
1781208257.018,9.945,9382,9454,9467,ov2_map,2,0.000
1781208257.018,9.945,9382,9454,9468,ov2_est,2,0.000
1781208257.018,9.945,9382,9454,9470,ov2_main,1,0.000
1781208257.018,9.945,9382,9454,9471,ov2_feed,1,0.000
1781208257.070,9.997,9382,9454,9454,ov2slam_node,3,0.000
1781208257.070,9.997,9382,9454,9455,ov2slam_nod-ust,1,0.000
1781208257.070,9.997,9382,9454,9456,ov2slam_nod-ust,2,0.000
1781208257.070,9.997,9382,9454,9457,ov2slam_node,1,0.000
1781208257.070,9.997,9382,9454,9458,ov2slam_node,2,0.000
1781208257.070,9.997,9382,9454,9459,gc,1,0.000
1781208257.070,9.997,9382,9454,9460,dq.builtins,2,0.000
1781208257.070,9.997,9382,9454,9461,dq.user,1,0.000
1781208257.070,9.997,9382,9454,9462,tev,2,0.000
1781208257.070,9.997,9382,9454,9463,recv,1,0.000
1781208257.070,9.997,9382,9454,9464,recvUC,2,0.000
1781208257.070,9.997,9382,9454,9465,ov2slam_node,1,0.000
1781208257.070,9.997,9382,9454,9466,ov2slam_node,1,0.000
1781208257.070,9.997,9382,9454,9467,ov2_map,2,19.251
1781208257.070,9.997,9382,9454,9468,ov2_est,2,19.251
1781208257.070,9.997,9382,9454,9470,ov2_main,1,0.000
1781208257.070,9.997,9382,9454,9471,ov2_feed,1,0.000
1781208257.121,10.049,9382,9454,9454,ov2slam_node,3,0.000
1781208257.121,10.049,9382,9454,9455,ov2slam_nod-ust,1,0.000
1781208257.121,10.049,9382,9454,9456,ov2slam_nod-ust,2,0.000
1781208257.121,10.049,9382,9454,9457,ov2slam_node,1,0.000
1781208257.121,10.049,9382,9454,9458,ov2slam_node,2,0.000
1781208257.121,10.049,9382,9454,9459,gc,1,0.000
1781208257.121,10.049,9382,9454,9460,dq.builtins,2,0.000
1781208257.121,10.049,9382,9454,9461,dq.user,1,0.000
1781208257.121,10.049,9382,9454,9462,tev,2,0.000
1781208257.121,10.049,9382,9454,9463,recv,1,0.000
1781208257.121,10.049,9382,9454,9464,recvUC,2,0.000
1781208257.121,10.049,9382,9454,9465,ov2slam_node,1,0.000
1781208257.121,10.049,9382,9454,9466,ov2slam_node,1,0.000
1781208257.121,10.049,9382,9454,9467,ov2_map,2,0.000
1781208257.121,10.049,9382,9454,9468,ov2_est,2,0.000
1781208257.121,10.049,9382,9454,9470,ov2_main,1,0.000
1781208257.121,10.049,9382,9454,9471,ov2_feed,1,0.000
1781208257.174,10.101,9382,9454,9454,ov2slam_node,3,0.000
1781208257.174,10.101,9382,9454,9455,ov2slam_nod-ust,1,0.000
1781208257.174,10.101,9382,9454,9456,ov2slam_nod-ust,2,0.000
1781208257.174,10.101,9382,9454,9457,ov2slam_node,1,0.000
1781208257.174,10.101,9382,9454,9458,ov2slam_node,2,0.000
1781208257.174,10.101,9382,9454,9459,gc,1,0.000
1781208257.174,10.101,9382,9454,9460,dq.builtins,2,0.000
1781208257.174,10.101,9382,9454,9461,dq.user,1,0.000
1781208257.174,10.101,9382,9454,9462,tev,2,0.000
1781208257.174,10.101,9382,9454,9463,recv,1,0.000
1781208257.174,10.101,9382,9454,9464,recvUC,2,0.000
1781208257.174,10.101,9382,9454,9465,ov2slam_node,1,0.000
1781208257.174,10.101,9382,9454,9466,ov2slam_node,1,0.000
1781208257.174,10.101,9382,9454,9467,ov2_map,2,0.000
1781208257.174,10.101,9382,9454,9468,ov2_est,2,0.000
1781208257.174,10.101,9382,9454,9470,ov2_main,1,0.000
1781208257.174,10.101,9382,9454,9471,ov2_feed,1,0.000
1781208257.225,10.153,9382,9454,9454,ov2slam_node,3,0.000
1781208257.225,10.153,9382,9454,9455,ov2slam_nod-ust,1,0.000
1781208257.225,10.153,9382,9454,9456,ov2slam_nod-ust,2,0.000
1781208257.225,10.153,9382,9454,9457,ov2slam_node,1,0.000
1781208257.225,10.153,9382,9454,9458,ov2slam_node,2,0.000
1781208257.225,10.153,9382,9454,9459,gc,1,0.000
1781208257.225,10.153,9382,9454,9460,dq.builtins,2,0.000
1781208257.225,10.153,9382,9454,9461,dq.user,1,0.000
1781208257.225,10.153,9382,9454,9462,tev,2,0.000
1781208257.225,10.153,9382,9454,9463,recv,1,0.000
1781208257.225,10.153,9382,9454,9464,recvUC,2,0.000
1781208257.225,10.153,9382,9454,9465,ov2slam_node,1,0.000
1781208257.225,10.153,9382,9454,9466,ov2slam_node,1,0.000
1781208257.225,10.153,9382,9454,9467,ov2_map,2,0.000
1781208257.225,10.153,9382,9454,9468,ov2_est,2,0.000
1781208257.225,10.153,9382,9454,9470,ov2_main,1,0.000
1781208257.225,10.153,9382,9454,9471,ov2_feed,1,0.000
1781208257.277,10.205,9382,9454,9454,ov2slam_node,3,0.000
1781208257.277,10.205,9382,9454,9455,ov2slam_nod-ust,1,0.000
1781208257.277,10.205,9382,9454,9456,ov2slam_nod-ust,2,0.000
1781208257.277,10.205,9382,9454,9457,ov2slam_node,1,0.000
1781208257.277,10.205,9382,9454,9458,ov2slam_node,2,0.000
1781208257.277,10.205,9382,9454,9459,gc,1,0.000
1781208257.277,10.205,9382,9454,9460,dq.builtins,2,0.000
1781208257.277,10.205,9382,9454,9461,dq.user,1,0.000
1781208257.277,10.205,9382,9454,9462,tev,2,0.000
1781208257.277,10.205,9382,9454,9463,recv,1,0.000
1781208257.277,10.205,9382,9454,9464,recvUC,2,0.000
1781208257.277,10.205,9382,9454,9465,ov2slam_node,1,0.000
1781208257.277,10.205,9382,9454,9466,ov2slam_node,1,0.000
1781208257.277,10.205,9382,9454,9467,ov2_map,2,0.000
1781208257.277,10.205,9382,9454,9468,ov2_est,2,0.000
1781208257.277,10.205,9382,9454,9470,ov2_main,1,0.000
1781208257.277,10.205,9382,9454,9471,ov2_feed,1,0.000
1781208257.329,10.257,9382,9454,9454,ov2slam_node,3,0.000
1781208257.329,10.257,9382,9454,9455,ov2slam_nod-ust,1,0.000
1781208257.329,10.257,9382,9454,9456,ov2slam_nod-ust,2,0.000
1781208257.329,10.257,9382,9454,9457,ov2slam_node,1,0.000
1781208257.329,10.257,9382,9454,9458,ov2slam_node,2,0.000
1781208257.329,10.257,9382,9454,9459,gc,1,0.000
1781208257.329,10.257,9382,9454,9460,dq.builtins,2,0.000
1781208257.329,10.257,9382,9454,9461,dq.user,1,0.000
1781208257.329,10.257,9382,9454,9462,tev,2,0.000
1781208257.329,10.257,9382,9454,9463,recv,1,0.000
1781208257.329,10.257,9382,9454,9464,recvUC,2,0.000
1781208257.329,10.257,9382,9454,9465,ov2slam_node,1,0.000
1781208257.329,10.257,9382,9454,9466,ov2slam_node,1,0.000
1781208257.329,10.257,9382,9454,9467,ov2_map,2,0.000
1781208257.329,10.257,9382,9454,9468,ov2_est,2,19.215
1781208257.329,10.257,9382,9454,9470,ov2_main,1,0.000
1781208257.329,10.257,9382,9454,9471,ov2_feed,1,0.000
1781208257.382,10.309,9382,9454,9454,ov2slam_node,3,0.000
1781208257.382,10.309,9382,9454,9455,ov2slam_nod-ust,1,0.000
1781208257.382,10.309,9382,9454,9456,ov2slam_nod-ust,2,0.000
1781208257.382,10.309,9382,9454,9457,ov2slam_node,1,0.000
1781208257.382,10.309,9382,9454,9458,ov2slam_node,2,0.000
1781208257.382,10.309,9382,9454,9459,gc,1,0.000
1781208257.382,10.309,9382,9454,9460,dq.builtins,2,0.000
1781208257.382,10.309,9382,9454,9461,dq.user,1,0.000
1781208257.382,10.309,9382,9454,9462,tev,2,0.000
1781208257.382,10.309,9382,9454,9463,recv,1,0.000
1781208257.382,10.309,9382,9454,9464,recvUC,2,0.000
1781208257.382,10.309,9382,9454,9465,ov2slam_node,1,0.000
1781208257.382,10.309,9382,9454,9466,ov2slam_node,1,0.000
1781208257.382,10.309,9382,9454,9467,ov2_map,2,0.000
1781208257.382,10.309,9382,9454,9468,ov2_est,2,0.000
1781208257.382,10.309,9382,9454,9470,ov2_main,1,0.000
1781208257.382,10.309,9382,9454,9471,ov2_feed,1,0.000
1781208257.433,10.361,9382,9454,9454,ov2slam_node,3,0.000
1781208257.433,10.361,9382,9454,9455,ov2slam_nod-ust,1,0.000
1781208257.433,10.361,9382,9454,9456,ov2slam_nod-ust,2,0.000
1781208257.433,10.361,9382,9454,9457,ov2slam_node,1,0.000
1781208257.433,10.361,9382,9454,9458,ov2slam_node,2,0.000
1781208257.433,10.361,9382,9454,9459,gc,1,0.000
1781208257.433,10.361,9382,9454,9460,dq.builtins,2,0.000
1781208257.433,10.361,9382,9454,9461,dq.user,1,0.000
1781208257.433,10.361,9382,9454,9462,tev,2,0.000
1781208257.433,10.361,9382,9454,9463,recv,1,0.000
1781208257.433,10.361,9382,9454,9464,recvUC,2,0.000
1781208257.433,10.361,9382,9454,9465,ov2slam_node,1,0.000
1781208257.433,10.361,9382,9454,9466,ov2slam_node,1,0.000
1781208257.433,10.361,9382,9454,9467,ov2_map,2,0.000
1781208257.433,10.361,9382,9454,9468,ov2_est,2,0.000
1781208257.433,10.361,9382,9454,9470,ov2_main,1,0.000
1781208257.433,10.361,9382,9454,9471,ov2_feed,1,0.000
1781208257.485,10.413,9382,9454,9454,ov2slam_node,3,0.000
1781208257.485,10.413,9382,9454,9455,ov2slam_nod-ust,1,0.000
1781208257.485,10.413,9382,9454,9456,ov2slam_nod-ust,2,0.000
1781208257.485,10.413,9382,9454,9457,ov2slam_node,1,0.000
1781208257.485,10.413,9382,9454,9458,ov2slam_node,2,0.000
1781208257.485,10.413,9382,9454,9459,gc,1,0.000
1781208257.485,10.413,9382,9454,9460,dq.builtins,2,0.000
1781208257.485,10.413,9382,9454,9461,dq.user,1,0.000
1781208257.485,10.413,9382,9454,9462,tev,2,0.000
1781208257.485,10.413,9382,9454,9463,recv,1,0.000
1781208257.485,10.413,9382,9454,9464,recvUC,2,0.000
1781208257.485,10.413,9382,9454,9465,ov2slam_node,1,0.000
1781208257.485,10.413,9382,9454,9466,ov2slam_node,1,0.000
1781208257.485,10.413,9382,9454,9467,ov2_map,2,0.000
1781208257.485,10.413,9382,9454,9468,ov2_est,2,0.000
1781208257.485,10.413,9382,9454,9470,ov2_main,1,0.000
1781208257.485,10.413,9382,9454,9471,ov2_feed,1,0.000
1781208257.537,10.465,9382,9454,9454,ov2slam_node,3,0.000
1781208257.537,10.465,9382,9454,9455,ov2slam_nod-ust,1,0.000
1781208257.537,10.465,9382,9454,9456,ov2slam_nod-ust,2,0.000
1781208257.537,10.465,9382,9454,9457,ov2slam_node,1,0.000
1781208257.537,10.465,9382,9454,9458,ov2slam_node,2,0.000
1781208257.537,10.465,9382,9454,9459,gc,1,0.000
1781208257.537,10.465,9382,9454,9460,dq.builtins,2,0.000
1781208257.537,10.465,9382,9454,9461,dq.user,1,0.000
1781208257.537,10.465,9382,9454,9462,tev,2,0.000
1781208257.537,10.465,9382,9454,9463,recv,1,0.000
1781208257.537,10.465,9382,9454,9464,recvUC,2,0.000
1781208257.537,10.465,9382,9454,9465,ov2slam_node,1,0.000
1781208257.537,10.465,9382,9454,9466,ov2slam_node,1,0.000
1781208257.537,10.465,9382,9454,9467,ov2_map,2,0.000
1781208257.537,10.465,9382,9454,9468,ov2_est,2,0.000
1781208257.537,10.465,9382,9454,9470,ov2_main,1,0.000
1781208257.537,10.465,9382,9454,9471,ov2_feed,1,0.000
1781208257.589,10.517,9382,9454,9454,ov2slam_node,3,0.000
1781208257.589,10.517,9382,9454,9455,ov2slam_nod-ust,1,0.000
1781208257.589,10.517,9382,9454,9456,ov2slam_nod-ust,2,0.000
1781208257.589,10.517,9382,9454,9457,ov2slam_node,1,0.000
1781208257.589,10.517,9382,9454,9458,ov2slam_node,2,0.000
1781208257.589,10.517,9382,9454,9459,gc,1,0.000
1781208257.589,10.517,9382,9454,9460,dq.builtins,2,0.000
1781208257.589,10.517,9382,9454,9461,dq.user,1,0.000
1781208257.589,10.517,9382,9454,9462,tev,2,0.000
1781208257.589,10.517,9382,9454,9463,recv,1,0.000
1781208257.589,10.517,9382,9454,9464,recvUC,2,0.000
1781208257.589,10.517,9382,9454,9465,ov2slam_node,1,0.000
1781208257.589,10.517,9382,9454,9466,ov2slam_node,1,0.000
1781208257.589,10.517,9382,9454,9467,ov2_map,2,0.000
1781208257.589,10.517,9382,9454,9468,ov2_est,2,0.000
1781208257.589,10.517,9382,9454,9470,ov2_main,1,0.000
1781208257.589,10.517,9382,9454,9471,ov2_feed,1,0.000
1781208257.641,10.569,9382,9454,9454,ov2slam_node,3,0.000
1781208257.641,10.569,9382,9454,9455,ov2slam_nod-ust,1,0.000
1781208257.641,10.569,9382,9454,9456,ov2slam_nod-ust,2,0.000
1781208257.641,10.569,9382,9454,9457,ov2slam_node,1,0.000
1781208257.641,10.569,9382,9454,9458,ov2slam_node,2,0.000
1781208257.641,10.569,9382,9454,9459,gc,1,0.000
1781208257.641,10.569,9382,9454,9460,dq.builtins,2,0.000
1781208257.641,10.569,9382,9454,9461,dq.user,1,0.000
1781208257.641,10.569,9382,9454,9462,tev,2,0.000
1781208257.641,10.569,9382,9454,9463,recv,1,0.000
1781208257.641,10.569,9382,9454,9464,recvUC,2,0.000
1781208257.641,10.569,9382,9454,9465,ov2slam_node,1,0.000
1781208257.641,10.569,9382,9454,9466,ov2slam_node,1,0.000
1781208257.641,10.569,9382,9454,9467,ov2_map,2,0.000
1781208257.641,10.569,9382,9454,9468,ov2_est,2,19.248
1781208257.641,10.569,9382,9454,9470,ov2_main,1,0.000
1781208257.641,10.569,9382,9454,9471,ov2_feed,1,0.000
1781208257.693,10.621,9382,9454,9454,ov2slam_node,3,0.000
1781208257.693,10.621,9382,9454,9455,ov2slam_nod-ust,1,0.000
1781208257.693,10.621,9382,9454,9456,ov2slam_nod-ust,2,0.000
1781208257.693,10.621,9382,9454,9457,ov2slam_node,1,0.000
1781208257.693,10.621,9382,9454,9458,ov2slam_node,2,0.000
1781208257.693,10.621,9382,9454,9459,gc,1,0.000
1781208257.693,10.621,9382,9454,9460,dq.builtins,2,0.000
1781208257.693,10.621,9382,9454,9461,dq.user,1,0.000
1781208257.693,10.621,9382,9454,9462,tev,2,0.000
1781208257.693,10.621,9382,9454,9463,recv,1,0.000
1781208257.693,10.621,9382,9454,9464,recvUC,2,0.000
1781208257.693,10.621,9382,9454,9465,ov2slam_node,1,0.000
1781208257.693,10.621,9382,9454,9466,ov2slam_node,1,0.000
1781208257.693,10.621,9382,9454,9467,ov2_map,2,0.000
1781208257.693,10.621,9382,9454,9468,ov2_est,2,0.000
1781208257.693,10.621,9382,9454,9470,ov2_main,1,0.000
1781208257.693,10.621,9382,9454,9471,ov2_feed,1,0.000
1781208257.745,10.673,9382,9454,9454,ov2slam_node,3,0.000
1781208257.745,10.673,9382,9454,9455,ov2slam_nod-ust,1,0.000
1781208257.745,10.673,9382,9454,9456,ov2slam_nod-ust,2,0.000
1781208257.745,10.673,9382,9454,9457,ov2slam_node,1,0.000
1781208257.745,10.673,9382,9454,9458,ov2slam_node,2,0.000
1781208257.745,10.673,9382,9454,9459,gc,1,0.000
1781208257.745,10.673,9382,9454,9460,dq.builtins,2,0.000
1781208257.745,10.673,9382,9454,9461,dq.user,1,0.000
1781208257.745,10.673,9382,9454,9462,tev,2,0.000
1781208257.745,10.673,9382,9454,9463,recv,1,0.000
1781208257.745,10.673,9382,9454,9464,recvUC,2,0.000
1781208257.745,10.673,9382,9454,9465,ov2slam_node,1,0.000
1781208257.745,10.673,9382,9454,9466,ov2slam_node,1,0.000
1781208257.745,10.673,9382,9454,9467,ov2_map,2,19.246
1781208257.745,10.673,9382,9454,9468,ov2_est,2,0.000
1781208257.745,10.673,9382,9454,9470,ov2_main,1,0.000
1781208257.745,10.673,9382,9454,9471,ov2_feed,1,0.000
1781208257.797,10.725,9382,9454,9454,ov2slam_node,3,0.000
1781208257.797,10.725,9382,9454,9455,ov2slam_nod-ust,1,0.000
1781208257.797,10.725,9382,9454,9456,ov2slam_nod-ust,2,0.000
1781208257.797,10.725,9382,9454,9457,ov2slam_node,1,0.000
1781208257.797,10.725,9382,9454,9458,ov2slam_node,2,0.000
1781208257.797,10.725,9382,9454,9459,gc,1,0.000
1781208257.797,10.725,9382,9454,9460,dq.builtins,2,0.000
1781208257.797,10.725,9382,9454,9461,dq.user,1,0.000
1781208257.797,10.725,9382,9454,9462,tev,2,0.000
1781208257.797,10.725,9382,9454,9463,recv,1,0.000
1781208257.797,10.725,9382,9454,9464,recvUC,2,0.000
1781208257.797,10.725,9382,9454,9465,ov2slam_node,1,0.000
1781208257.797,10.725,9382,9454,9466,ov2slam_node,1,0.000
1781208257.797,10.725,9382,9454,9467,ov2_map,2,0.000
1781208257.797,10.725,9382,9454,9468,ov2_est,2,0.000
1781208257.797,10.725,9382,9454,9470,ov2_main,1,0.000
1781208257.797,10.725,9382,9454,9471,ov2_feed,1,0.000
1781208257.849,10.777,9382,9454,9454,ov2slam_node,3,0.000
1781208257.849,10.777,9382,9454,9455,ov2slam_nod-ust,1,0.000
1781208257.849,10.777,9382,9454,9456,ov2slam_nod-ust,2,0.000
1781208257.849,10.777,9382,9454,9457,ov2slam_node,1,0.000
1781208257.849,10.777,9382,9454,9458,ov2slam_node,2,0.000
1781208257.849,10.777,9382,9454,9459,gc,1,0.000
1781208257.849,10.777,9382,9454,9460,dq.builtins,2,0.000
1781208257.849,10.777,9382,9454,9461,dq.user,1,0.000
1781208257.849,10.777,9382,9454,9462,tev,2,0.000
1781208257.849,10.777,9382,9454,9463,recv,1,0.000
1781208257.849,10.777,9382,9454,9464,recvUC,2,0.000
1781208257.849,10.777,9382,9454,9465,ov2slam_node,1,0.000
1781208257.849,10.777,9382,9454,9466,ov2slam_node,1,0.000
1781208257.849,10.777,9382,9454,9467,ov2_map,2,0.000
1781208257.849,10.777,9382,9454,9468,ov2_est,2,0.000
1781208257.849,10.777,9382,9454,9470,ov2_main,1,0.000
1781208257.849,10.777,9382,9454,9471,ov2_feed,1,0.000
1781208257.901,10.829,9382,9454,9454,ov2slam_node,3,0.000
1781208257.901,10.829,9382,9454,9455,ov2slam_nod-ust,1,0.000
1781208257.901,10.829,9382,9454,9456,ov2slam_nod-ust,2,0.000
1781208257.901,10.829,9382,9454,9457,ov2slam_node,1,0.000
1781208257.901,10.829,9382,9454,9458,ov2slam_node,2,0.000
1781208257.901,10.829,9382,9454,9459,gc,1,0.000
1781208257.901,10.829,9382,9454,9460,dq.builtins,2,0.000
1781208257.901,10.829,9382,9454,9461,dq.user,1,0.000
1781208257.901,10.829,9382,9454,9462,tev,2,0.000
1781208257.901,10.829,9382,9454,9463,recv,1,0.000
1781208257.901,10.829,9382,9454,9464,recvUC,2,0.000
1781208257.901,10.829,9382,9454,9465,ov2slam_node,1,0.000
1781208257.901,10.829,9382,9454,9466,ov2slam_node,1,0.000
1781208257.901,10.829,9382,9454,9467,ov2_map,2,0.000
1781208257.901,10.829,9382,9454,9468,ov2_est,2,19.234
1781208257.901,10.829,9382,9454,9470,ov2_main,1,0.000
1781208257.901,10.829,9382,9454,9471,ov2_feed,1,0.000
1781208257.953,10.881,9382,9454,9454,ov2slam_node,3,0.000
1781208257.953,10.881,9382,9454,9455,ov2slam_nod-ust,1,0.000
1781208257.953,10.881,9382,9454,9456,ov2slam_nod-ust,2,0.000
1781208257.953,10.881,9382,9454,9457,ov2slam_node,1,0.000
1781208257.953,10.881,9382,9454,9458,ov2slam_node,2,0.000
1781208257.953,10.881,9382,9454,9459,gc,1,0.000
1781208257.953,10.881,9382,9454,9460,dq.builtins,2,0.000
1781208257.953,10.881,9382,9454,9461,dq.user,1,0.000
1781208257.953,10.881,9382,9454,9462,tev,2,0.000
1781208257.953,10.881,9382,9454,9463,recv,1,0.000
1781208257.953,10.881,9382,9454,9464,recvUC,2,0.000
1781208257.953,10.881,9382,9454,9465,ov2slam_node,1,0.000
1781208257.953,10.881,9382,9454,9466,ov2slam_node,1,0.000
1781208257.953,10.881,9382,9454,9467,ov2_map,2,0.000
1781208257.953,10.881,9382,9454,9468,ov2_est,2,0.000
1781208257.953,10.881,9382,9454,9470,ov2_main,1,0.000
1781208257.953,10.881,9382,9454,9471,ov2_feed,1,0.000
1781208258.005,10.933,9382,9454,9454,ov2slam_node,3,0.000
1781208258.005,10.933,9382,9454,9455,ov2slam_nod-ust,1,0.000
1781208258.005,10.933,9382,9454,9456,ov2slam_nod-ust,2,0.000
1781208258.005,10.933,9382,9454,9457,ov2slam_node,1,0.000
1781208258.005,10.933,9382,9454,9458,ov2slam_node,2,0.000
1781208258.005,10.933,9382,9454,9459,gc,1,0.000
1781208258.005,10.933,9382,9454,9460,dq.builtins,2,0.000
1781208258.005,10.933,9382,9454,9461,dq.user,1,0.000
1781208258.005,10.933,9382,9454,9462,tev,2,0.000
1781208258.005,10.933,9382,9454,9463,recv,1,0.000
1781208258.005,10.933,9382,9454,9464,recvUC,2,0.000
1781208258.005,10.933,9382,9454,9465,ov2slam_node,1,0.000
1781208258.005,10.933,9382,9454,9466,ov2slam_node,1,0.000
1781208258.005,10.933,9382,9454,9467,ov2_map,2,0.000
1781208258.005,10.933,9382,9454,9468,ov2_est,2,0.000
1781208258.005,10.933,9382,9454,9470,ov2_main,1,0.000
1781208258.005,10.933,9382,9454,9471,ov2_feed,1,0.000
1781208258.057,10.985,9382,9454,9454,ov2slam_node,3,0.000
1781208258.057,10.985,9382,9454,9455,ov2slam_nod-ust,1,0.000
1781208258.057,10.985,9382,9454,9456,ov2slam_nod-ust,2,0.000
1781208258.057,10.985,9382,9454,9457,ov2slam_node,1,0.000
1781208258.057,10.985,9382,9454,9458,ov2slam_node,2,0.000
1781208258.057,10.985,9382,9454,9459,gc,1,0.000
1781208258.057,10.985,9382,9454,9460,dq.builtins,2,0.000
1781208258.057,10.985,9382,9454,9461,dq.user,1,0.000
1781208258.057,10.985,9382,9454,9462,tev,2,0.000
1781208258.057,10.985,9382,9454,9463,recv,1,0.000
1781208258.057,10.985,9382,9454,9464,recvUC,2,0.000
1781208258.057,10.985,9382,9454,9465,ov2slam_node,1,0.000
1781208258.057,10.985,9382,9454,9466,ov2slam_node,1,0.000
1781208258.057,10.985,9382,9454,9467,ov2_map,2,0.000
1781208258.057,10.985,9382,9454,9468,ov2_est,2,0.000
1781208258.057,10.985,9382,9454,9470,ov2_main,1,0.000
1781208258.057,10.985,9382,9454,9471,ov2_feed,1,0.000
1781208258.109,11.037,9382,9454,9454,ov2slam_node,3,0.000
1781208258.109,11.037,9382,9454,9455,ov2slam_nod-ust,1,0.000
1781208258.109,11.037,9382,9454,9456,ov2slam_nod-ust,2,0.000
1781208258.109,11.037,9382,9454,9457,ov2slam_node,1,0.000
1781208258.109,11.037,9382,9454,9458,ov2slam_node,2,0.000
1781208258.109,11.037,9382,9454,9459,gc,1,0.000
1781208258.109,11.037,9382,9454,9460,dq.builtins,2,0.000
1781208258.109,11.037,9382,9454,9461,dq.user,1,0.000
1781208258.109,11.037,9382,9454,9462,tev,2,0.000
1781208258.109,11.037,9382,9454,9463,recv,1,0.000
1781208258.109,11.037,9382,9454,9464,recvUC,2,0.000
1781208258.109,11.037,9382,9454,9465,ov2slam_node,1,0.000
1781208258.109,11.037,9382,9454,9466,ov2slam_node,1,0.000
1781208258.109,11.037,9382,9454,9467,ov2_map,2,0.000
1781208258.109,11.037,9382,9454,9468,ov2_est,2,0.000
1781208258.109,11.037,9382,9454,9470,ov2_main,1,0.000
1781208258.109,11.037,9382,9454,9471,ov2_feed,0,0.000
1781208258.161,11.089,9382,9454,9454,ov2slam_node,3,0.000
1781208258.161,11.089,9382,9454,9455,ov2slam_nod-ust,1,0.000
1781208258.161,11.089,9382,9454,9456,ov2slam_nod-ust,2,0.000
1781208258.161,11.089,9382,9454,9457,ov2slam_node,1,0.000
1781208258.161,11.089,9382,9454,9458,ov2slam_node,2,0.000
1781208258.161,11.089,9382,9454,9459,gc,1,0.000
1781208258.161,11.089,9382,9454,9460,dq.builtins,2,0.000
1781208258.161,11.089,9382,9454,9461,dq.user,1,0.000
1781208258.161,11.089,9382,9454,9462,tev,2,0.000
1781208258.161,11.089,9382,9454,9463,recv,1,0.000
1781208258.161,11.089,9382,9454,9464,recvUC,2,0.000
1781208258.161,11.089,9382,9454,9465,ov2slam_node,1,0.000
1781208258.161,11.089,9382,9454,9466,ov2slam_node,1,0.000
1781208258.161,11.089,9382,9454,9467,ov2_map,2,0.000
1781208258.161,11.089,9382,9454,9468,ov2_est,2,19.228
1781208258.161,11.089,9382,9454,9470,ov2_main,1,0.000
1781208258.161,11.089,9382,9454,9471,ov2_feed,0,0.000
1781208258.213,11.141,9382,9454,9454,ov2slam_node,3,0.000
1781208258.213,11.141,9382,9454,9455,ov2slam_nod-ust,1,0.000
1781208258.213,11.141,9382,9454,9456,ov2slam_nod-ust,2,0.000
1781208258.213,11.141,9382,9454,9457,ov2slam_node,1,0.000
1781208258.213,11.141,9382,9454,9458,ov2slam_node,2,0.000
1781208258.213,11.141,9382,9454,9459,gc,1,0.000
1781208258.213,11.141,9382,9454,9460,dq.builtins,2,0.000
1781208258.213,11.141,9382,9454,9461,dq.user,1,0.000
1781208258.213,11.141,9382,9454,9462,tev,2,0.000
1781208258.213,11.141,9382,9454,9463,recv,1,0.000
1781208258.213,11.141,9382,9454,9464,recvUC,2,0.000
1781208258.213,11.141,9382,9454,9465,ov2slam_node,1,0.000
1781208258.213,11.141,9382,9454,9466,ov2slam_node,1,0.000
1781208258.213,11.141,9382,9454,9467,ov2_map,2,0.000
1781208258.213,11.141,9382,9454,9468,ov2_est,2,0.000
1781208258.213,11.141,9382,9454,9470,ov2_main,1,0.000
1781208258.213,11.141,9382,9454,9471,ov2_feed,0,0.000
1781208258.265,11.193,9382,9454,9454,ov2slam_node,3,0.000
1781208258.265,11.193,9382,9454,9455,ov2slam_nod-ust,1,0.000
1781208258.265,11.193,9382,9454,9456,ov2slam_nod-ust,2,0.000
1781208258.265,11.193,9382,9454,9457,ov2slam_node,1,0.000
1781208258.265,11.193,9382,9454,9458,ov2slam_node,2,0.000
1781208258.265,11.193,9382,9454,9459,gc,1,0.000
1781208258.265,11.193,9382,9454,9460,dq.builtins,2,0.000
1781208258.265,11.193,9382,9454,9461,dq.user,1,0.000
1781208258.265,11.193,9382,9454,9462,tev,2,0.000
1781208258.265,11.193,9382,9454,9463,recv,1,0.000
1781208258.265,11.193,9382,9454,9464,recvUC,2,0.000
1781208258.265,11.193,9382,9454,9465,ov2slam_node,1,0.000
1781208258.265,11.193,9382,9454,9466,ov2slam_node,1,0.000
1781208258.265,11.193,9382,9454,9467,ov2_map,2,0.000
1781208258.265,11.193,9382,9454,9468,ov2_est,2,0.000
1781208258.265,11.193,9382,9454,9470,ov2_main,1,0.000
1781208258.265,11.193,9382,9454,9471,ov2_feed,0,0.000
1781208258.317,11.245,9382,9454,9454,ov2slam_node,3,0.000
1781208258.317,11.245,9382,9454,9455,ov2slam_nod-ust,1,0.000
1781208258.317,11.245,9382,9454,9456,ov2slam_nod-ust,2,0.000
1781208258.317,11.245,9382,9454,9457,ov2slam_node,1,0.000
1781208258.317,11.245,9382,9454,9458,ov2slam_node,2,0.000
1781208258.317,11.245,9382,9454,9459,gc,1,0.000
1781208258.317,11.245,9382,9454,9460,dq.builtins,2,0.000
1781208258.317,11.245,9382,9454,9461,dq.user,1,0.000
1781208258.317,11.245,9382,9454,9462,tev,2,0.000
1781208258.317,11.245,9382,9454,9463,recv,1,0.000
1781208258.317,11.245,9382,9454,9464,recvUC,2,0.000
1781208258.317,11.245,9382,9454,9465,ov2slam_node,1,0.000
1781208258.317,11.245,9382,9454,9466,ov2slam_node,1,0.000
1781208258.317,11.245,9382,9454,9467,ov2_map,2,0.000
1781208258.317,11.245,9382,9454,9468,ov2_est,2,0.000
1781208258.317,11.245,9382,9454,9470,ov2_main,1,0.000
1781208258.317,11.245,9382,9454,9471,ov2_feed,0,0.000
1781208258.369,11.297,9382,9454,9454,ov2slam_node,3,0.000
1781208258.369,11.297,9382,9454,9455,ov2slam_nod-ust,1,0.000
1781208258.369,11.297,9382,9454,9456,ov2slam_nod-ust,2,0.000
1781208258.369,11.297,9382,9454,9457,ov2slam_node,1,0.000
1781208258.369,11.297,9382,9454,9458,ov2slam_node,2,0.000
1781208258.369,11.297,9382,9454,9459,gc,1,0.000
1781208258.369,11.297,9382,9454,9460,dq.builtins,2,0.000
1781208258.369,11.297,9382,9454,9461,dq.user,1,0.000
1781208258.369,11.297,9382,9454,9462,tev,2,0.000
1781208258.369,11.297,9382,9454,9463,recv,1,0.000
1781208258.369,11.297,9382,9454,9464,recvUC,2,0.000
1781208258.369,11.297,9382,9454,9465,ov2slam_node,1,0.000
1781208258.369,11.297,9382,9454,9466,ov2slam_node,1,0.000
1781208258.369,11.297,9382,9454,9467,ov2_map,2,19.218
1781208258.369,11.297,9382,9454,9468,ov2_est,2,0.000
1781208258.369,11.297,9382,9454,9470,ov2_main,1,19.218
1781208258.369,11.297,9382,9454,9471,ov2_feed,0,0.000
1781208258.421,11.349,9382,9454,9454,ov2slam_node,3,0.000
1781208258.421,11.349,9382,9454,9455,ov2slam_nod-ust,1,0.000
1781208258.421,11.349,9382,9454,9456,ov2slam_nod-ust,2,0.000
1781208258.421,11.349,9382,9454,9457,ov2slam_node,1,0.000
1781208258.421,11.349,9382,9454,9458,ov2slam_node,2,0.000
1781208258.421,11.349,9382,9454,9459,gc,1,0.000
1781208258.421,11.349,9382,9454,9460,dq.builtins,2,0.000
1781208258.421,11.349,9382,9454,9461,dq.user,1,0.000
1781208258.421,11.349,9382,9454,9462,tev,2,0.000
1781208258.421,11.349,9382,9454,9463,recv,1,0.000
1781208258.421,11.349,9382,9454,9464,recvUC,2,0.000
1781208258.421,11.349,9382,9454,9465,ov2slam_node,1,0.000
1781208258.421,11.349,9382,9454,9466,ov2slam_node,1,0.000
1781208258.421,11.349,9382,9454,9467,ov2_map,2,0.000
1781208258.421,11.349,9382,9454,9468,ov2_est,2,19.243
1781208258.421,11.349,9382,9454,9470,ov2_main,1,0.000
1781208258.421,11.349,9382,9454,9471,ov2_feed,0,0.000
1781208258.473,11.401,9382,9454,9454,ov2slam_node,3,0.000
1781208258.473,11.401,9382,9454,9455,ov2slam_nod-ust,1,0.000
1781208258.473,11.401,9382,9454,9456,ov2slam_nod-ust,2,0.000
1781208258.473,11.401,9382,9454,9457,ov2slam_node,1,0.000
1781208258.473,11.401,9382,9454,9458,ov2slam_node,2,0.000
1781208258.473,11.401,9382,9454,9459,gc,1,0.000
1781208258.473,11.401,9382,9454,9460,dq.builtins,2,0.000
1781208258.473,11.401,9382,9454,9461,dq.user,1,0.000
1781208258.473,11.401,9382,9454,9462,tev,2,0.000
1781208258.473,11.401,9382,9454,9463,recv,1,0.000
1781208258.473,11.401,9382,9454,9464,recvUC,2,0.000
1781208258.473,11.401,9382,9454,9465,ov2slam_node,1,0.000
1781208258.473,11.401,9382,9454,9466,ov2slam_node,1,0.000
1781208258.473,11.401,9382,9454,9467,ov2_map,2,0.000
1781208258.473,11.401,9382,9454,9468,ov2_est,2,0.000
1781208258.473,11.401,9382,9454,9470,ov2_main,1,0.000
1781208258.473,11.401,9382,9454,9471,ov2_feed,0,0.000
1781208258.525,11.453,9382,9454,9454,ov2slam_node,3,0.000
1781208258.525,11.453,9382,9454,9455,ov2slam_nod-ust,1,0.000
1781208258.525,11.453,9382,9454,9456,ov2slam_nod-ust,2,0.000
1781208258.525,11.453,9382,9454,9457,ov2slam_node,1,0.000
1781208258.525,11.453,9382,9454,9458,ov2slam_node,2,0.000
1781208258.525,11.453,9382,9454,9459,gc,1,0.000
1781208258.525,11.453,9382,9454,9460,dq.builtins,2,0.000
1781208258.525,11.453,9382,9454,9461,dq.user,1,0.000
1781208258.525,11.453,9382,9454,9462,tev,2,0.000
1781208258.525,11.453,9382,9454,9463,recv,1,0.000
1781208258.525,11.453,9382,9454,9464,recvUC,2,0.000
1781208258.525,11.453,9382,9454,9465,ov2slam_node,1,0.000
1781208258.525,11.453,9382,9454,9466,ov2slam_node,1,0.000
1781208258.525,11.453,9382,9454,9467,ov2_map,2,0.000
1781208258.525,11.453,9382,9454,9468,ov2_est,2,0.000
1781208258.525,11.453,9382,9454,9470,ov2_main,1,0.000
1781208258.525,11.453,9382,9454,9471,ov2_feed,0,0.000
1781208258.577,11.505,9382,9454,9454,ov2slam_node,3,0.000
1781208258.577,11.505,9382,9454,9455,ov2slam_nod-ust,1,0.000
1781208258.577,11.505,9382,9454,9456,ov2slam_nod-ust,2,0.000
1781208258.577,11.505,9382,9454,9457,ov2slam_node,1,0.000
1781208258.577,11.505,9382,9454,9458,ov2slam_node,2,0.000
1781208258.577,11.505,9382,9454,9459,gc,1,0.000
1781208258.577,11.505,9382,9454,9460,dq.builtins,2,0.000
1781208258.577,11.505,9382,9454,9461,dq.user,1,0.000
1781208258.577,11.505,9382,9454,9462,tev,2,0.000
1781208258.577,11.505,9382,9454,9463,recv,1,0.000
1781208258.577,11.505,9382,9454,9464,recvUC,2,0.000
1781208258.577,11.505,9382,9454,9465,ov2slam_node,1,0.000
1781208258.577,11.505,9382,9454,9466,ov2slam_node,1,0.000
1781208258.577,11.505,9382,9454,9467,ov2_map,2,0.000
1781208258.577,11.505,9382,9454,9468,ov2_est,2,0.000
1781208258.577,11.505,9382,9454,9470,ov2_main,1,0.000
1781208258.577,11.505,9382,9454,9471,ov2_feed,0,19.224
1781208258.629,11.557,9382,9454,9454,ov2slam_node,3,0.000
1781208258.629,11.557,9382,9454,9455,ov2slam_nod-ust,1,0.000
1781208258.629,11.557,9382,9454,9456,ov2slam_nod-ust,2,0.000
1781208258.629,11.557,9382,9454,9457,ov2slam_node,1,0.000
1781208258.629,11.557,9382,9454,9458,ov2slam_node,2,0.000
1781208258.629,11.557,9382,9454,9459,gc,1,0.000
1781208258.629,11.557,9382,9454,9460,dq.builtins,2,0.000
1781208258.629,11.557,9382,9454,9461,dq.user,1,0.000
1781208258.629,11.557,9382,9454,9462,tev,2,0.000
1781208258.629,11.557,9382,9454,9463,recv,1,0.000
1781208258.629,11.557,9382,9454,9464,recvUC,2,0.000
1781208258.629,11.557,9382,9454,9465,ov2slam_node,1,0.000
1781208258.629,11.557,9382,9454,9466,ov2slam_node,1,0.000
1781208258.629,11.557,9382,9454,9467,ov2_map,2,0.000
1781208258.629,11.557,9382,9454,9468,ov2_est,2,0.000
1781208258.629,11.557,9382,9454,9470,ov2_main,1,0.000
1781208258.629,11.557,9382,9454,9471,ov2_feed,0,0.000
1781208258.681,11.609,9382,9454,9454,ov2slam_node,3,0.000
1781208258.681,11.609,9382,9454,9455,ov2slam_nod-ust,1,0.000
1781208258.681,11.609,9382,9454,9456,ov2slam_nod-ust,2,0.000
1781208258.681,11.609,9382,9454,9457,ov2slam_node,1,0.000
1781208258.681,11.609,9382,9454,9458,ov2slam_node,2,0.000
1781208258.681,11.609,9382,9454,9459,gc,1,0.000
1781208258.681,11.609,9382,9454,9460,dq.builtins,2,0.000
1781208258.681,11.609,9382,9454,9461,dq.user,1,0.000
1781208258.681,11.609,9382,9454,9462,tev,2,0.000
1781208258.681,11.609,9382,9454,9463,recv,1,0.000
1781208258.681,11.609,9382,9454,9464,recvUC,2,0.000
1781208258.681,11.609,9382,9454,9465,ov2slam_node,1,0.000
1781208258.681,11.609,9382,9454,9466,ov2slam_node,1,0.000
1781208258.681,11.609,9382,9454,9467,ov2_map,2,0.000
1781208258.681,11.609,9382,9454,9468,ov2_est,2,0.000
1781208258.681,11.609,9382,9454,9470,ov2_main,1,0.000
1781208258.681,11.609,9382,9454,9471,ov2_feed,0,0.000
1781208258.733,11.661,9382,9454,9454,ov2slam_node,3,0.000
1781208258.733,11.661,9382,9454,9455,ov2slam_nod-ust,1,0.000
1781208258.733,11.661,9382,9454,9456,ov2slam_nod-ust,2,0.000
1781208258.733,11.661,9382,9454,9457,ov2slam_node,1,0.000
1781208258.733,11.661,9382,9454,9458,ov2slam_node,2,0.000
1781208258.733,11.661,9382,9454,9459,gc,1,0.000
1781208258.733,11.661,9382,9454,9460,dq.builtins,2,0.000
1781208258.733,11.661,9382,9454,9461,dq.user,1,0.000
1781208258.733,11.661,9382,9454,9462,tev,2,0.000
1781208258.733,11.661,9382,9454,9463,recv,1,0.000
1781208258.733,11.661,9382,9454,9464,recvUC,2,0.000
1781208258.733,11.661,9382,9454,9465,ov2slam_node,1,0.000
1781208258.733,11.661,9382,9454,9466,ov2slam_node,1,0.000
1781208258.733,11.661,9382,9454,9467,ov2_map,2,0.000
1781208258.733,11.661,9382,9454,9468,ov2_est,2,19.238
1781208258.733,11.661,9382,9454,9470,ov2_main,1,0.000
1781208258.733,11.661,9382,9454,9471,ov2_feed,0,0.000
1781208258.785,11.713,9382,9454,9454,ov2slam_node,3,0.000
1781208258.785,11.713,9382,9454,9455,ov2slam_nod-ust,1,0.000
1781208258.785,11.713,9382,9454,9456,ov2slam_nod-ust,2,0.000
1781208258.785,11.713,9382,9454,9457,ov2slam_node,1,0.000
1781208258.785,11.713,9382,9454,9458,ov2slam_node,2,0.000
1781208258.785,11.713,9382,9454,9459,gc,1,0.000
1781208258.785,11.713,9382,9454,9460,dq.builtins,2,0.000
1781208258.785,11.713,9382,9454,9461,dq.user,1,0.000
1781208258.785,11.713,9382,9454,9462,tev,2,0.000
1781208258.785,11.713,9382,9454,9463,recv,1,0.000
1781208258.785,11.713,9382,9454,9464,recvUC,2,0.000
1781208258.785,11.713,9382,9454,9465,ov2slam_node,1,0.000
1781208258.785,11.713,9382,9454,9466,ov2slam_node,1,0.000
1781208258.785,11.713,9382,9454,9467,ov2_map,2,0.000
1781208258.785,11.713,9382,9454,9468,ov2_est,2,0.000
1781208258.785,11.713,9382,9454,9470,ov2_main,1,0.000
1781208258.785,11.713,9382,9454,9471,ov2_feed,0,0.000
1781208258.837,11.765,9382,9454,9454,ov2slam_node,3,0.000
1781208258.837,11.765,9382,9454,9455,ov2slam_nod-ust,1,0.000
1781208258.837,11.765,9382,9454,9456,ov2slam_nod-ust,2,0.000
1781208258.837,11.765,9382,9454,9457,ov2slam_node,1,0.000
1781208258.837,11.765,9382,9454,9458,ov2slam_node,2,0.000
1781208258.837,11.765,9382,9454,9459,gc,1,0.000
1781208258.837,11.765,9382,9454,9460,dq.builtins,2,0.000
1781208258.837,11.765,9382,9454,9461,dq.user,1,0.000
1781208258.837,11.765,9382,9454,9462,tev,2,0.000
1781208258.837,11.765,9382,9454,9463,recv,1,0.000
1781208258.837,11.765,9382,9454,9464,recvUC,2,0.000
1781208258.837,11.765,9382,9454,9465,ov2slam_node,1,0.000
1781208258.837,11.765,9382,9454,9466,ov2slam_node,1,0.000
1781208258.837,11.765,9382,9454,9467,ov2_map,2,0.000
1781208258.837,11.765,9382,9454,9468,ov2_est,2,0.000
1781208258.837,11.765,9382,9454,9470,ov2_main,1,0.000
1781208258.837,11.765,9382,9454,9471,ov2_feed,0,0.000
1781208258.889,11.817,9382,9454,9454,ov2slam_node,3,0.000
1781208258.889,11.817,9382,9454,9455,ov2slam_nod-ust,1,0.000
1781208258.889,11.817,9382,9454,9456,ov2slam_nod-ust,2,0.000
1781208258.889,11.817,9382,9454,9457,ov2slam_node,1,0.000
1781208258.889,11.817,9382,9454,9458,ov2slam_node,2,0.000
1781208258.889,11.817,9382,9454,9459,gc,1,0.000
1781208258.889,11.817,9382,9454,9460,dq.builtins,2,0.000
1781208258.889,11.817,9382,9454,9461,dq.user,1,0.000
1781208258.889,11.817,9382,9454,9462,tev,2,0.000
1781208258.889,11.817,9382,9454,9463,recv,1,0.000
1781208258.889,11.817,9382,9454,9464,recvUC,2,0.000
1781208258.889,11.817,9382,9454,9465,ov2slam_node,1,0.000
1781208258.889,11.817,9382,9454,9466,ov2slam_node,1,0.000
1781208258.889,11.817,9382,9454,9467,ov2_map,2,0.000
1781208258.889,11.817,9382,9454,9468,ov2_est,2,0.000
1781208258.889,11.817,9382,9454,9470,ov2_main,1,0.000
1781208258.889,11.817,9382,9454,9471,ov2_feed,0,0.000
1781208258.941,11.869,9382,9454,9454,ov2slam_node,3,0.000
1781208258.941,11.869,9382,9454,9455,ov2slam_nod-ust,1,0.000
1781208258.941,11.869,9382,9454,9456,ov2slam_nod-ust,2,0.000
1781208258.941,11.869,9382,9454,9457,ov2slam_node,1,0.000
1781208258.941,11.869,9382,9454,9458,ov2slam_node,2,0.000
1781208258.941,11.869,9382,9454,9459,gc,1,0.000
1781208258.941,11.869,9382,9454,9460,dq.builtins,2,0.000
1781208258.941,11.869,9382,9454,9461,dq.user,1,0.000
1781208258.941,11.869,9382,9454,9462,tev,2,0.000
1781208258.941,11.869,9382,9454,9463,recv,1,0.000
1781208258.941,11.869,9382,9454,9464,recvUC,2,0.000
1781208258.941,11.869,9382,9454,9465,ov2slam_node,1,0.000
1781208258.941,11.869,9382,9454,9466,ov2slam_node,1,0.000
1781208258.941,11.869,9382,9454,9467,ov2_map,2,0.000
1781208258.941,11.869,9382,9454,9468,ov2_est,2,0.000
1781208258.941,11.869,9382,9454,9470,ov2_main,1,0.000
1781208258.941,11.869,9382,9454,9471,ov2_feed,0,0.000
1781208258.993,11.921,9382,9454,9454,ov2slam_node,3,0.000
1781208258.993,11.921,9382,9454,9455,ov2slam_nod-ust,1,0.000
1781208258.993,11.921,9382,9454,9456,ov2slam_nod-ust,2,0.000
1781208258.993,11.921,9382,9454,9457,ov2slam_node,1,0.000
1781208258.993,11.921,9382,9454,9458,ov2slam_node,2,0.000
1781208258.993,11.921,9382,9454,9459,gc,1,0.000
1781208258.993,11.921,9382,9454,9460,dq.builtins,2,0.000
1781208258.993,11.921,9382,9454,9461,dq.user,1,0.000
1781208258.993,11.921,9382,9454,9462,tev,2,0.000
1781208258.993,11.921,9382,9454,9463,recv,1,0.000
1781208258.993,11.921,9382,9454,9464,recvUC,2,0.000
1781208258.993,11.921,9382,9454,9465,ov2slam_node,1,0.000
1781208258.993,11.921,9382,9454,9466,ov2slam_node,1,0.000
1781208258.993,11.921,9382,9454,9467,ov2_map,2,19.235
1781208258.993,11.921,9382,9454,9468,ov2_est,2,19.235
1781208258.993,11.921,9382,9454,9470,ov2_main,1,0.000
1781208258.993,11.921,9382,9454,9471,ov2_feed,0,0.000
1781208259.045,11.973,9382,9454,9454,ov2slam_node,3,0.000
1781208259.045,11.973,9382,9454,9455,ov2slam_nod-ust,1,0.000
1781208259.045,11.973,9382,9454,9456,ov2slam_nod-ust,2,0.000
1781208259.045,11.973,9382,9454,9457,ov2slam_node,1,0.000
1781208259.045,11.973,9382,9454,9458,ov2slam_node,2,0.000
1781208259.045,11.973,9382,9454,9459,gc,1,0.000
1781208259.045,11.973,9382,9454,9460,dq.builtins,2,0.000
1781208259.045,11.973,9382,9454,9461,dq.user,1,0.000
1781208259.045,11.973,9382,9454,9462,tev,2,0.000
1781208259.045,11.973,9382,9454,9463,recv,1,0.000
1781208259.045,11.973,9382,9454,9464,recvUC,2,0.000
1781208259.045,11.973,9382,9454,9465,ov2slam_node,1,0.000
1781208259.045,11.973,9382,9454,9466,ov2slam_node,1,0.000
1781208259.045,11.973,9382,9454,9467,ov2_map,2,0.000
1781208259.045,11.973,9382,9454,9468,ov2_est,2,0.000
1781208259.045,11.973,9382,9454,9470,ov2_main,1,0.000
1781208259.045,11.973,9382,9454,9471,ov2_feed,0,0.000
1781208259.097,12.025,9382,9454,9454,ov2slam_node,3,0.000
1781208259.097,12.025,9382,9454,9455,ov2slam_nod-ust,1,0.000
1781208259.097,12.025,9382,9454,9456,ov2slam_nod-ust,2,0.000
1781208259.097,12.025,9382,9454,9457,ov2slam_node,1,0.000
1781208259.097,12.025,9382,9454,9458,ov2slam_node,2,0.000
1781208259.097,12.025,9382,9454,9459,gc,1,0.000
1781208259.097,12.025,9382,9454,9460,dq.builtins,2,0.000
1781208259.097,12.025,9382,9454,9461,dq.user,1,0.000
1781208259.097,12.025,9382,9454,9462,tev,2,0.000
1781208259.097,12.025,9382,9454,9463,recv,1,0.000
1781208259.097,12.025,9382,9454,9464,recvUC,2,0.000
1781208259.097,12.025,9382,9454,9465,ov2slam_node,1,0.000
1781208259.097,12.025,9382,9454,9466,ov2slam_node,1,0.000
1781208259.097,12.025,9382,9454,9467,ov2_map,2,0.000
1781208259.097,12.025,9382,9454,9468,ov2_est,2,0.000
1781208259.097,12.025,9382,9454,9470,ov2_main,1,0.000
1781208259.097,12.025,9382,9454,9471,ov2_feed,0,0.000
1781208259.149,12.077,9382,9454,9454,ov2slam_node,3,0.000
1781208259.149,12.077,9382,9454,9455,ov2slam_nod-ust,1,0.000
1781208259.149,12.077,9382,9454,9456,ov2slam_nod-ust,2,0.000
1781208259.149,12.077,9382,9454,9457,ov2slam_node,1,0.000
1781208259.149,12.077,9382,9454,9458,ov2slam_node,2,0.000
1781208259.149,12.077,9382,9454,9459,gc,1,0.000
1781208259.149,12.077,9382,9454,9460,dq.builtins,2,0.000
1781208259.149,12.077,9382,9454,9461,dq.user,1,0.000
1781208259.149,12.077,9382,9454,9462,tev,2,0.000
1781208259.149,12.077,9382,9454,9463,recv,1,0.000
1781208259.149,12.077,9382,9454,9464,recvUC,2,0.000
1781208259.149,12.077,9382,9454,9465,ov2slam_node,1,0.000
1781208259.149,12.077,9382,9454,9466,ov2slam_node,1,0.000
1781208259.149,12.077,9382,9454,9467,ov2_map,2,0.000
1781208259.149,12.077,9382,9454,9468,ov2_est,2,0.000
1781208259.149,12.077,9382,9454,9470,ov2_main,1,0.000
1781208259.149,12.077,9382,9454,9471,ov2_feed,0,0.000
1781208259.201,12.129,9382,9454,9454,ov2slam_node,3,0.000
1781208259.201,12.129,9382,9454,9455,ov2slam_nod-ust,1,0.000
1781208259.201,12.129,9382,9454,9456,ov2slam_nod-ust,2,0.000
1781208259.201,12.129,9382,9454,9457,ov2slam_node,1,0.000
1781208259.201,12.129,9382,9454,9458,ov2slam_node,2,0.000
1781208259.201,12.129,9382,9454,9459,gc,1,0.000
1781208259.201,12.129,9382,9454,9460,dq.builtins,2,0.000
1781208259.201,12.129,9382,9454,9461,dq.user,1,0.000
1781208259.201,12.129,9382,9454,9462,tev,2,0.000
1781208259.201,12.129,9382,9454,9463,recv,1,0.000
1781208259.201,12.129,9382,9454,9464,recvUC,2,0.000
1781208259.201,12.129,9382,9454,9465,ov2slam_node,1,0.000
1781208259.201,12.129,9382,9454,9466,ov2slam_node,1,0.000
1781208259.201,12.129,9382,9454,9467,ov2_map,2,0.000
1781208259.201,12.129,9382,9454,9468,ov2_est,2,0.000
1781208259.201,12.129,9382,9454,9470,ov2_main,1,0.000
1781208259.201,12.129,9382,9454,9471,ov2_feed,0,0.000
1781208259.253,12.181,9382,9454,9454,ov2slam_node,3,0.000
1781208259.253,12.181,9382,9454,9455,ov2slam_nod-ust,1,0.000
1781208259.253,12.181,9382,9454,9456,ov2slam_nod-ust,2,0.000
1781208259.253,12.181,9382,9454,9457,ov2slam_node,1,0.000
1781208259.253,12.181,9382,9454,9458,ov2slam_node,2,0.000
1781208259.253,12.181,9382,9454,9459,gc,1,0.000
1781208259.253,12.181,9382,9454,9460,dq.builtins,2,0.000
1781208259.253,12.181,9382,9454,9461,dq.user,1,0.000
1781208259.253,12.181,9382,9454,9462,tev,2,0.000
1781208259.253,12.181,9382,9454,9463,recv,1,0.000
1781208259.253,12.181,9382,9454,9464,recvUC,2,0.000
1781208259.253,12.181,9382,9454,9465,ov2slam_node,1,0.000
1781208259.253,12.181,9382,9454,9466,ov2slam_node,1,0.000
1781208259.253,12.181,9382,9454,9467,ov2_map,2,0.000
1781208259.253,12.181,9382,9454,9468,ov2_est,2,19.242
1781208259.253,12.181,9382,9454,9470,ov2_main,1,0.000
1781208259.253,12.181,9382,9454,9471,ov2_feed,0,0.000
1781208259.305,12.233,9382,9454,9454,ov2slam_node,3,0.000
1781208259.305,12.233,9382,9454,9455,ov2slam_nod-ust,1,0.000
1781208259.305,12.233,9382,9454,9456,ov2slam_nod-ust,2,0.000
1781208259.305,12.233,9382,9454,9457,ov2slam_node,1,0.000
1781208259.305,12.233,9382,9454,9458,ov2slam_node,2,0.000
1781208259.305,12.233,9382,9454,9459,gc,1,0.000
1781208259.305,12.233,9382,9454,9460,dq.builtins,2,0.000
1781208259.305,12.233,9382,9454,9461,dq.user,1,0.000
1781208259.305,12.233,9382,9454,9462,tev,2,0.000
1781208259.305,12.233,9382,9454,9463,recv,1,0.000
1781208259.305,12.233,9382,9454,9464,recvUC,2,0.000
1781208259.305,12.233,9382,9454,9465,ov2slam_node,1,0.000
1781208259.305,12.233,9382,9454,9466,ov2slam_node,1,0.000
1781208259.305,12.233,9382,9454,9467,ov2_map,2,0.000
1781208259.305,12.233,9382,9454,9468,ov2_est,2,0.000
1781208259.305,12.233,9382,9454,9470,ov2_main,1,0.000
1781208259.305,12.233,9382,9454,9471,ov2_feed,0,0.000
1781208259.357,12.285,9382,9454,9454,ov2slam_node,3,0.000
1781208259.357,12.285,9382,9454,9455,ov2slam_nod-ust,1,0.000
1781208259.357,12.285,9382,9454,9456,ov2slam_nod-ust,2,0.000
1781208259.357,12.285,9382,9454,9457,ov2slam_node,1,0.000
1781208259.357,12.285,9382,9454,9458,ov2slam_node,2,0.000
1781208259.357,12.285,9382,9454,9459,gc,1,0.000
1781208259.357,12.285,9382,9454,9460,dq.builtins,2,0.000
1781208259.357,12.285,9382,9454,9461,dq.user,1,0.000
1781208259.357,12.285,9382,9454,9462,tev,2,0.000
1781208259.357,12.285,9382,9454,9463,recv,1,0.000
1781208259.357,12.285,9382,9454,9464,recvUC,2,0.000
1781208259.357,12.285,9382,9454,9465,ov2slam_node,1,0.000
1781208259.357,12.285,9382,9454,9466,ov2slam_node,1,0.000
1781208259.357,12.285,9382,9454,9467,ov2_map,2,0.000
1781208259.357,12.285,9382,9454,9468,ov2_est,2,0.000
1781208259.357,12.285,9382,9454,9470,ov2_main,1,0.000
1781208259.357,12.285,9382,9454,9471,ov2_feed,0,0.000
1781208259.409,12.337,9382,9454,9454,ov2slam_node,3,0.000
1781208259.409,12.337,9382,9454,9455,ov2slam_nod-ust,1,0.000
1781208259.409,12.337,9382,9454,9456,ov2slam_nod-ust,2,0.000
1781208259.409,12.337,9382,9454,9457,ov2slam_node,1,0.000
1781208259.409,12.337,9382,9454,9458,ov2slam_node,2,0.000
1781208259.409,12.337,9382,9454,9459,gc,1,0.000
1781208259.409,12.337,9382,9454,9460,dq.builtins,2,0.000
1781208259.409,12.337,9382,9454,9461,dq.user,1,0.000
1781208259.409,12.337,9382,9454,9462,tev,2,0.000
1781208259.409,12.337,9382,9454,9463,recv,1,0.000
1781208259.409,12.337,9382,9454,9464,recvUC,2,0.000
1781208259.409,12.337,9382,9454,9465,ov2slam_node,1,0.000
1781208259.409,12.337,9382,9454,9466,ov2slam_node,1,0.000
1781208259.409,12.337,9382,9454,9467,ov2_map,2,0.000
1781208259.409,12.337,9382,9454,9468,ov2_est,2,0.000
1781208259.409,12.337,9382,9454,9470,ov2_main,1,0.000
1781208259.409,12.337,9382,9454,9471,ov2_feed,0,0.000
1781208259.461,12.389,9382,9454,9454,ov2slam_node,3,0.000
1781208259.461,12.389,9382,9454,9455,ov2slam_nod-ust,1,0.000
1781208259.461,12.389,9382,9454,9456,ov2slam_nod-ust,2,0.000
1781208259.461,12.389,9382,9454,9457,ov2slam_node,1,0.000
1781208259.461,12.389,9382,9454,9458,ov2slam_node,2,0.000
1781208259.461,12.389,9382,9454,9459,gc,1,0.000
1781208259.461,12.389,9382,9454,9460,dq.builtins,2,0.000
1781208259.461,12.389,9382,9454,9461,dq.user,1,0.000
1781208259.461,12.389,9382,9454,9462,tev,2,0.000
1781208259.461,12.389,9382,9454,9463,recv,1,0.000
1781208259.461,12.389,9382,9454,9464,recvUC,2,0.000
1781208259.461,12.389,9382,9454,9465,ov2slam_node,1,0.000
1781208259.461,12.389,9382,9454,9466,ov2slam_node,1,0.000
1781208259.461,12.389,9382,9454,9467,ov2_map,2,0.000
1781208259.461,12.389,9382,9454,9468,ov2_est,2,0.000
1781208259.461,12.389,9382,9454,9470,ov2_main,1,0.000
1781208259.461,12.389,9382,9454,9471,ov2_feed,0,0.000
1781208259.513,12.441,9382,9454,9454,ov2slam_node,3,0.000
1781208259.513,12.441,9382,9454,9455,ov2slam_nod-ust,1,0.000
1781208259.513,12.441,9382,9454,9456,ov2slam_nod-ust,2,0.000
1781208259.513,12.441,9382,9454,9457,ov2slam_node,1,0.000
1781208259.513,12.441,9382,9454,9458,ov2slam_node,2,0.000
1781208259.513,12.441,9382,9454,9459,gc,1,0.000
1781208259.513,12.441,9382,9454,9460,dq.builtins,2,0.000
1781208259.513,12.441,9382,9454,9461,dq.user,1,0.000
1781208259.513,12.441,9382,9454,9462,tev,2,0.000
1781208259.513,12.441,9382,9454,9463,recv,1,0.000
1781208259.513,12.441,9382,9454,9464,recvUC,2,0.000
1781208259.513,12.441,9382,9454,9465,ov2slam_node,1,0.000
1781208259.513,12.441,9382,9454,9466,ov2slam_node,1,0.000
1781208259.513,12.441,9382,9454,9467,ov2_map,2,0.000
1781208259.513,12.441,9382,9454,9468,ov2_est,2,19.260
1781208259.513,12.441,9382,9454,9470,ov2_main,1,0.000
1781208259.513,12.441,9382,9454,9471,ov2_feed,0,0.000
1781208259.565,12.493,9382,9454,9454,ov2slam_node,3,0.000
1781208259.565,12.493,9382,9454,9455,ov2slam_nod-ust,1,0.000
1781208259.565,12.493,9382,9454,9456,ov2slam_nod-ust,2,0.000
1781208259.565,12.493,9382,9454,9457,ov2slam_node,1,0.000
1781208259.565,12.493,9382,9454,9458,ov2slam_node,2,0.000
1781208259.565,12.493,9382,9454,9459,gc,1,0.000
1781208259.565,12.493,9382,9454,9460,dq.builtins,2,0.000
1781208259.565,12.493,9382,9454,9461,dq.user,1,0.000
1781208259.565,12.493,9382,9454,9462,tev,2,0.000
1781208259.565,12.493,9382,9454,9463,recv,1,0.000
1781208259.565,12.493,9382,9454,9464,recvUC,2,0.000
1781208259.565,12.493,9382,9454,9465,ov2slam_node,1,0.000
1781208259.565,12.493,9382,9454,9466,ov2slam_node,1,0.000
1781208259.565,12.493,9382,9454,9467,ov2_map,2,0.000
1781208259.565,12.493,9382,9454,9468,ov2_est,2,0.000
1781208259.565,12.493,9382,9454,9470,ov2_main,1,0.000
1781208259.565,12.493,9382,9454,9471,ov2_feed,0,0.000
1781208259.617,12.545,9382,9454,9454,ov2slam_node,3,0.000
1781208259.617,12.545,9382,9454,9455,ov2slam_nod-ust,1,0.000
1781208259.617,12.545,9382,9454,9456,ov2slam_nod-ust,2,0.000
1781208259.617,12.545,9382,9454,9457,ov2slam_node,1,0.000
1781208259.617,12.545,9382,9454,9458,ov2slam_node,2,0.000
1781208259.617,12.545,9382,9454,9459,gc,1,0.000
1781208259.617,12.545,9382,9454,9460,dq.builtins,2,0.000
1781208259.617,12.545,9382,9454,9461,dq.user,1,0.000
1781208259.617,12.545,9382,9454,9462,tev,2,0.000
1781208259.617,12.545,9382,9454,9463,recv,1,0.000
1781208259.617,12.545,9382,9454,9464,recvUC,2,0.000
1781208259.617,12.545,9382,9454,9465,ov2slam_node,1,0.000
1781208259.617,12.545,9382,9454,9466,ov2slam_node,1,0.000
1781208259.617,12.545,9382,9454,9467,ov2_map,2,19.236
1781208259.617,12.545,9382,9454,9468,ov2_est,2,0.000
1781208259.617,12.545,9382,9454,9470,ov2_main,1,0.000
1781208259.617,12.545,9382,9454,9471,ov2_feed,0,0.000
1781208259.669,12.597,9382,9454,9454,ov2slam_node,3,0.000
1781208259.669,12.597,9382,9454,9455,ov2slam_nod-ust,1,0.000
1781208259.669,12.597,9382,9454,9456,ov2slam_nod-ust,2,0.000
1781208259.669,12.597,9382,9454,9457,ov2slam_node,1,0.000
1781208259.669,12.597,9382,9454,9458,ov2slam_node,2,0.000
1781208259.669,12.597,9382,9454,9459,gc,1,0.000
1781208259.669,12.597,9382,9454,9460,dq.builtins,2,0.000
1781208259.669,12.597,9382,9454,9461,dq.user,1,0.000
1781208259.669,12.597,9382,9454,9462,tev,2,0.000
1781208259.669,12.597,9382,9454,9463,recv,1,0.000
1781208259.669,12.597,9382,9454,9464,recvUC,2,0.000
1781208259.669,12.597,9382,9454,9465,ov2slam_node,1,0.000
1781208259.669,12.597,9382,9454,9466,ov2slam_node,1,0.000
1781208259.669,12.597,9382,9454,9467,ov2_map,2,0.000
1781208259.669,12.597,9382,9454,9468,ov2_est,2,0.000
1781208259.669,12.597,9382,9454,9470,ov2_main,1,0.000
1781208259.669,12.597,9382,9454,9471,ov2_feed,0,0.000
1781208259.721,12.649,9382,9454,9454,ov2slam_node,3,0.000
1781208259.721,12.649,9382,9454,9455,ov2slam_nod-ust,1,0.000
1781208259.721,12.649,9382,9454,9456,ov2slam_nod-ust,2,0.000
1781208259.721,12.649,9382,9454,9457,ov2slam_node,1,0.000
1781208259.721,12.649,9382,9454,9458,ov2slam_node,2,0.000
1781208259.721,12.649,9382,9454,9459,gc,1,0.000
1781208259.721,12.649,9382,9454,9460,dq.builtins,2,0.000
1781208259.721,12.649,9382,9454,9461,dq.user,1,0.000
1781208259.721,12.649,9382,9454,9462,tev,2,0.000
1781208259.721,12.649,9382,9454,9463,recv,1,0.000
1781208259.721,12.649,9382,9454,9464,recvUC,2,0.000
1781208259.721,12.649,9382,9454,9465,ov2slam_node,1,0.000
1781208259.721,12.649,9382,9454,9466,ov2slam_node,1,0.000
1781208259.721,12.649,9382,9454,9467,ov2_map,2,0.000
1781208259.721,12.649,9382,9454,9468,ov2_est,2,0.000
1781208259.721,12.649,9382,9454,9470,ov2_main,1,0.000
1781208259.721,12.649,9382,9454,9471,ov2_feed,0,0.000
1781208259.773,12.701,9382,9454,9454,ov2slam_node,3,0.000
1781208259.773,12.701,9382,9454,9455,ov2slam_nod-ust,1,0.000
1781208259.773,12.701,9382,9454,9456,ov2slam_nod-ust,2,0.000
1781208259.773,12.701,9382,9454,9457,ov2slam_node,1,0.000
1781208259.773,12.701,9382,9454,9458,ov2slam_node,2,0.000
1781208259.773,12.701,9382,9454,9459,gc,1,0.000
1781208259.773,12.701,9382,9454,9460,dq.builtins,2,0.000
1781208259.773,12.701,9382,9454,9461,dq.user,1,0.000
1781208259.773,12.701,9382,9454,9462,tev,2,0.000
1781208259.773,12.701,9382,9454,9463,recv,1,0.000
1781208259.773,12.701,9382,9454,9464,recvUC,2,0.000
1781208259.773,12.701,9382,9454,9465,ov2slam_node,1,0.000
1781208259.773,12.701,9382,9454,9466,ov2slam_node,1,0.000
1781208259.773,12.701,9382,9454,9467,ov2_map,2,0.000
1781208259.773,12.701,9382,9454,9468,ov2_est,2,0.000
1781208259.773,12.701,9382,9454,9470,ov2_main,1,0.000
1781208259.773,12.701,9382,9454,9471,ov2_feed,0,0.000
1781208259.825,12.753,9382,9454,9454,ov2slam_node,3,0.000
1781208259.825,12.753,9382,9454,9455,ov2slam_nod-ust,1,0.000
1781208259.825,12.753,9382,9454,9456,ov2slam_nod-ust,2,0.000
1781208259.825,12.753,9382,9454,9457,ov2slam_node,1,0.000
1781208259.825,12.753,9382,9454,9458,ov2slam_node,2,0.000
1781208259.825,12.753,9382,9454,9459,gc,1,0.000
1781208259.825,12.753,9382,9454,9460,dq.builtins,2,0.000
1781208259.825,12.753,9382,9454,9461,dq.user,1,0.000
1781208259.825,12.753,9382,9454,9462,tev,2,0.000
1781208259.825,12.753,9382,9454,9463,recv,1,0.000
1781208259.825,12.753,9382,9454,9464,recvUC,2,0.000
1781208259.825,12.753,9382,9454,9465,ov2slam_node,1,0.000
1781208259.825,12.753,9382,9454,9466,ov2slam_node,1,0.000
1781208259.825,12.753,9382,9454,9467,ov2_map,2,0.000
1781208259.825,12.753,9382,9454,9468,ov2_est,2,19.188
1781208259.825,12.753,9382,9454,9470,ov2_main,1,0.000
1781208259.825,12.753,9382,9454,9471,ov2_feed,0,0.000
1781208259.877,12.805,9382,9454,9454,ov2slam_node,3,0.000
1781208259.877,12.805,9382,9454,9455,ov2slam_nod-ust,1,0.000
1781208259.877,12.805,9382,9454,9456,ov2slam_nod-ust,2,0.000
1781208259.877,12.805,9382,9454,9457,ov2slam_node,1,0.000
1781208259.877,12.805,9382,9454,9458,ov2slam_node,2,0.000
1781208259.877,12.805,9382,9454,9459,gc,1,0.000
1781208259.877,12.805,9382,9454,9460,dq.builtins,2,0.000
1781208259.877,12.805,9382,9454,9461,dq.user,1,0.000
1781208259.877,12.805,9382,9454,9462,tev,2,0.000
1781208259.877,12.805,9382,9454,9463,recv,1,0.000
1781208259.877,12.805,9382,9454,9464,recvUC,2,0.000
1781208259.877,12.805,9382,9454,9465,ov2slam_node,1,0.000
1781208259.877,12.805,9382,9454,9466,ov2slam_node,1,0.000
1781208259.877,12.805,9382,9454,9467,ov2_map,2,0.000
1781208259.877,12.805,9382,9454,9468,ov2_est,2,0.000
1781208259.877,12.805,9382,9454,9470,ov2_main,1,0.000
1781208259.877,12.805,9382,9454,9471,ov2_feed,0,0.000
1781208259.929,12.857,9382,9454,9454,ov2slam_node,3,0.000
1781208259.929,12.857,9382,9454,9455,ov2slam_nod-ust,1,0.000
1781208259.929,12.857,9382,9454,9456,ov2slam_nod-ust,2,0.000
1781208259.929,12.857,9382,9454,9457,ov2slam_node,1,0.000
1781208259.929,12.857,9382,9454,9458,ov2slam_node,2,0.000
1781208259.929,12.857,9382,9454,9459,gc,1,0.000
1781208259.929,12.857,9382,9454,9460,dq.builtins,2,0.000
1781208259.929,12.857,9382,9454,9461,dq.user,1,0.000
1781208259.929,12.857,9382,9454,9462,tev,2,0.000
1781208259.929,12.857,9382,9454,9463,recv,1,0.000
1781208259.929,12.857,9382,9454,9464,recvUC,2,0.000
1781208259.929,12.857,9382,9454,9465,ov2slam_node,1,0.000
1781208259.929,12.857,9382,9454,9466,ov2slam_node,1,0.000
1781208259.929,12.857,9382,9454,9467,ov2_map,2,0.000
1781208259.929,12.857,9382,9454,9468,ov2_est,2,0.000
1781208259.929,12.857,9382,9454,9470,ov2_main,1,0.000
1781208259.929,12.857,9382,9454,9471,ov2_feed,0,0.000
1781208259.981,12.909,9382,9454,9454,ov2slam_node,3,0.000
1781208259.981,12.909,9382,9454,9455,ov2slam_nod-ust,1,0.000
1781208259.981,12.909,9382,9454,9456,ov2slam_nod-ust,2,0.000
1781208259.981,12.909,9382,9454,9457,ov2slam_node,1,0.000
1781208259.981,12.909,9382,9454,9458,ov2slam_node,2,0.000
1781208259.981,12.909,9382,9454,9459,gc,1,0.000
1781208259.981,12.909,9382,9454,9460,dq.builtins,2,0.000
1781208259.981,12.909,9382,9454,9461,dq.user,1,0.000
1781208259.981,12.909,9382,9454,9462,tev,2,0.000
1781208259.981,12.909,9382,9454,9463,recv,1,0.000
1781208259.981,12.909,9382,9454,9464,recvUC,2,0.000
1781208259.981,12.909,9382,9454,9465,ov2slam_node,1,0.000
1781208259.981,12.909,9382,9454,9466,ov2slam_node,1,0.000
1781208259.981,12.909,9382,9454,9467,ov2_map,2,0.000
1781208259.981,12.909,9382,9454,9468,ov2_est,2,0.000
1781208259.981,12.909,9382,9454,9470,ov2_main,1,0.000
1781208259.981,12.909,9382,9454,9471,ov2_feed,0,0.000
1781208260.033,12.961,9382,9454,9454,ov2slam_node,3,0.000
1781208260.033,12.961,9382,9454,9455,ov2slam_nod-ust,1,0.000
1781208260.033,12.961,9382,9454,9456,ov2slam_nod-ust,2,0.000
1781208260.033,12.961,9382,9454,9457,ov2slam_node,1,0.000
1781208260.033,12.961,9382,9454,9458,ov2slam_node,2,0.000
1781208260.033,12.961,9382,9454,9459,gc,1,0.000
1781208260.033,12.961,9382,9454,9460,dq.builtins,2,0.000
1781208260.033,12.961,9382,9454,9461,dq.user,1,0.000
1781208260.033,12.961,9382,9454,9462,tev,2,0.000
1781208260.033,12.961,9382,9454,9463,recv,1,0.000
1781208260.033,12.961,9382,9454,9464,recvUC,2,0.000
1781208260.033,12.961,9382,9454,9465,ov2slam_node,1,0.000
1781208260.033,12.961,9382,9454,9466,ov2slam_node,1,0.000
1781208260.033,12.961,9382,9454,9467,ov2_map,2,0.000
1781208260.033,12.961,9382,9454,9468,ov2_est,2,0.000
1781208260.033,12.961,9382,9454,9470,ov2_main,1,0.000
1781208260.033,12.961,9382,9454,9471,ov2_feed,0,0.000
1781208260.085,13.013,9382,9454,9454,ov2slam_node,3,0.000
1781208260.085,13.013,9382,9454,9455,ov2slam_nod-ust,1,0.000
1781208260.085,13.013,9382,9454,9456,ov2slam_nod-ust,2,0.000
1781208260.085,13.013,9382,9454,9457,ov2slam_node,1,0.000
1781208260.085,13.013,9382,9454,9458,ov2slam_node,2,0.000
1781208260.085,13.013,9382,9454,9459,gc,1,0.000
1781208260.085,13.013,9382,9454,9460,dq.builtins,2,0.000
1781208260.085,13.013,9382,9454,9461,dq.user,1,0.000
1781208260.085,13.013,9382,9454,9462,tev,2,0.000
1781208260.085,13.013,9382,9454,9463,recv,1,0.000
1781208260.085,13.013,9382,9454,9464,recvUC,2,0.000
1781208260.085,13.013,9382,9454,9465,ov2slam_node,1,0.000
1781208260.085,13.013,9382,9454,9466,ov2slam_node,1,0.000
1781208260.085,13.013,9382,9454,9467,ov2_map,2,0.000
1781208260.085,13.013,9382,9454,9468,ov2_est,2,19.250
1781208260.085,13.013,9382,9454,9470,ov2_main,1,0.000
1781208260.085,13.013,9382,9454,9471,ov2_feed,0,0.000
1781208260.137,13.065,9382,9454,9454,ov2slam_node,3,0.000
1781208260.137,13.065,9382,9454,9455,ov2slam_nod-ust,1,0.000
1781208260.137,13.065,9382,9454,9456,ov2slam_nod-ust,2,0.000
1781208260.137,13.065,9382,9454,9457,ov2slam_node,1,0.000
1781208260.137,13.065,9382,9454,9458,ov2slam_node,2,0.000
1781208260.137,13.065,9382,9454,9459,gc,1,0.000
1781208260.137,13.065,9382,9454,9460,dq.builtins,2,0.000
1781208260.137,13.065,9382,9454,9461,dq.user,1,0.000
1781208260.137,13.065,9382,9454,9462,tev,2,0.000
1781208260.137,13.065,9382,9454,9463,recv,1,0.000
1781208260.137,13.065,9382,9454,9464,recvUC,2,0.000
1781208260.137,13.065,9382,9454,9465,ov2slam_node,1,0.000
1781208260.137,13.065,9382,9454,9466,ov2slam_node,1,0.000
1781208260.137,13.065,9382,9454,9467,ov2_map,2,0.000
1781208260.137,13.065,9382,9454,9468,ov2_est,2,0.000
1781208260.137,13.065,9382,9454,9470,ov2_main,1,0.000
1781208260.137,13.065,9382,9454,9471,ov2_feed,0,0.000
1781208260.189,13.117,9382,9454,9454,ov2slam_node,3,0.000
1781208260.189,13.117,9382,9454,9455,ov2slam_nod-ust,1,0.000
1781208260.189,13.117,9382,9454,9456,ov2slam_nod-ust,2,0.000
1781208260.189,13.117,9382,9454,9457,ov2slam_node,1,0.000
1781208260.189,13.117,9382,9454,9458,ov2slam_node,2,0.000
1781208260.189,13.117,9382,9454,9459,gc,1,0.000
1781208260.189,13.117,9382,9454,9460,dq.builtins,2,0.000
1781208260.189,13.117,9382,9454,9461,dq.user,1,0.000
1781208260.189,13.117,9382,9454,9462,tev,2,0.000
1781208260.189,13.117,9382,9454,9463,recv,1,0.000
1781208260.189,13.117,9382,9454,9464,recvUC,2,0.000
1781208260.189,13.117,9382,9454,9465,ov2slam_node,1,0.000
1781208260.189,13.117,9382,9454,9466,ov2slam_node,1,0.000
1781208260.189,13.117,9382,9454,9467,ov2_map,2,0.000
1781208260.189,13.117,9382,9454,9468,ov2_est,2,0.000
1781208260.189,13.117,9382,9454,9470,ov2_main,1,0.000
1781208260.189,13.117,9382,9454,9471,ov2_feed,0,0.000
1781208260.241,13.169,9382,9454,9454,ov2slam_node,3,0.000
1781208260.241,13.169,9382,9454,9455,ov2slam_nod-ust,1,0.000
1781208260.241,13.169,9382,9454,9456,ov2slam_nod-ust,2,0.000
1781208260.241,13.169,9382,9454,9457,ov2slam_node,1,0.000
1781208260.241,13.169,9382,9454,9458,ov2slam_node,2,0.000
1781208260.241,13.169,9382,9454,9459,gc,1,0.000
1781208260.241,13.169,9382,9454,9460,dq.builtins,2,0.000
1781208260.241,13.169,9382,9454,9461,dq.user,1,0.000
1781208260.241,13.169,9382,9454,9462,tev,2,0.000
1781208260.241,13.169,9382,9454,9463,recv,1,0.000
1781208260.241,13.169,9382,9454,9464,recvUC,2,0.000
1781208260.241,13.169,9382,9454,9465,ov2slam_node,1,0.000
1781208260.241,13.169,9382,9454,9466,ov2slam_node,1,0.000
1781208260.241,13.169,9382,9454,9467,ov2_map,2,19.241
1781208260.241,13.169,9382,9454,9468,ov2_est,2,0.000
1781208260.241,13.169,9382,9454,9470,ov2_main,1,0.000
1781208260.241,13.169,9382,9454,9471,ov2_feed,0,0.000
1781208260.293,13.221,9382,9454,9454,ov2slam_node,3,0.000
1781208260.293,13.221,9382,9454,9455,ov2slam_nod-ust,1,0.000
1781208260.293,13.221,9382,9454,9456,ov2slam_nod-ust,2,0.000
1781208260.293,13.221,9382,9454,9457,ov2slam_node,1,0.000
1781208260.293,13.221,9382,9454,9458,ov2slam_node,2,0.000
1781208260.293,13.221,9382,9454,9459,gc,1,0.000
1781208260.293,13.221,9382,9454,9460,dq.builtins,2,0.000
1781208260.293,13.221,9382,9454,9461,dq.user,1,0.000
1781208260.293,13.221,9382,9454,9462,tev,2,0.000
1781208260.293,13.221,9382,9454,9463,recv,1,0.000
1781208260.293,13.221,9382,9454,9464,recvUC,2,0.000
1781208260.293,13.221,9382,9454,9465,ov2slam_node,1,0.000
1781208260.293,13.221,9382,9454,9466,ov2slam_node,1,0.000
1781208260.293,13.221,9382,9454,9467,ov2_map,2,0.000
1781208260.293,13.221,9382,9454,9468,ov2_est,2,0.000
1781208260.293,13.221,9382,9454,9470,ov2_main,1,0.000
1781208260.293,13.221,9382,9454,9471,ov2_feed,0,0.000
1781208260.345,13.273,9382,9454,9454,ov2slam_node,3,0.000
1781208260.345,13.273,9382,9454,9455,ov2slam_nod-ust,1,0.000
1781208260.345,13.273,9382,9454,9456,ov2slam_nod-ust,2,0.000
1781208260.345,13.273,9382,9454,9457,ov2slam_node,1,0.000
1781208260.345,13.273,9382,9454,9458,ov2slam_node,2,0.000
1781208260.345,13.273,9382,9454,9459,gc,1,0.000
1781208260.345,13.273,9382,9454,9460,dq.builtins,2,0.000
1781208260.345,13.273,9382,9454,9461,dq.user,1,0.000
1781208260.345,13.273,9382,9454,9462,tev,2,0.000
1781208260.345,13.273,9382,9454,9463,recv,1,0.000
1781208260.345,13.273,9382,9454,9464,recvUC,2,0.000
1781208260.345,13.273,9382,9454,9465,ov2slam_node,1,0.000
1781208260.345,13.273,9382,9454,9466,ov2slam_node,1,0.000
1781208260.345,13.273,9382,9454,9467,ov2_map,2,0.000
1781208260.345,13.273,9382,9454,9468,ov2_est,2,19.221
1781208260.345,13.273,9382,9454,9470,ov2_main,1,0.000
1781208260.345,13.273,9382,9454,9471,ov2_feed,0,0.000
1781208260.397,13.325,9382,9454,9454,ov2slam_node,3,0.000
1781208260.397,13.325,9382,9454,9455,ov2slam_nod-ust,1,0.000
1781208260.397,13.325,9382,9454,9456,ov2slam_nod-ust,2,0.000
1781208260.397,13.325,9382,9454,9457,ov2slam_node,1,0.000
1781208260.397,13.325,9382,9454,9458,ov2slam_node,2,0.000
1781208260.397,13.325,9382,9454,9459,gc,1,0.000
1781208260.397,13.325,9382,9454,9460,dq.builtins,2,0.000
1781208260.397,13.325,9382,9454,9461,dq.user,1,0.000
1781208260.397,13.325,9382,9454,9462,tev,2,0.000
1781208260.397,13.325,9382,9454,9463,recv,1,0.000
1781208260.397,13.325,9382,9454,9464,recvUC,2,0.000
1781208260.397,13.325,9382,9454,9465,ov2slam_node,1,0.000
1781208260.397,13.325,9382,9454,9466,ov2slam_node,1,0.000
1781208260.397,13.325,9382,9454,9467,ov2_map,2,0.000
1781208260.397,13.325,9382,9454,9468,ov2_est,2,0.000
1781208260.397,13.325,9382,9454,9470,ov2_main,1,0.000
1781208260.397,13.325,9382,9454,9471,ov2_feed,0,0.000
1781208260.449,13.377,9382,9454,9454,ov2slam_node,3,0.000
1781208260.449,13.377,9382,9454,9455,ov2slam_nod-ust,1,0.000
1781208260.449,13.377,9382,9454,9456,ov2slam_nod-ust,2,0.000
1781208260.449,13.377,9382,9454,9457,ov2slam_node,1,0.000
1781208260.449,13.377,9382,9454,9458,ov2slam_node,2,0.000
1781208260.449,13.377,9382,9454,9459,gc,1,0.000
1781208260.449,13.377,9382,9454,9460,dq.builtins,2,0.000
1781208260.449,13.377,9382,9454,9461,dq.user,1,0.000
1781208260.449,13.377,9382,9454,9462,tev,2,0.000
1781208260.449,13.377,9382,9454,9463,recv,1,0.000
1781208260.449,13.377,9382,9454,9464,recvUC,2,0.000
1781208260.449,13.377,9382,9454,9465,ov2slam_node,1,0.000
1781208260.449,13.377,9382,9454,9466,ov2slam_node,1,0.000
1781208260.449,13.377,9382,9454,9467,ov2_map,2,0.000
1781208260.449,13.377,9382,9454,9468,ov2_est,2,0.000
1781208260.449,13.377,9382,9454,9470,ov2_main,1,0.000
1781208260.449,13.377,9382,9454,9471,ov2_feed,0,0.000
1781208260.501,13.429,9382,9454,9454,ov2slam_node,3,0.000
1781208260.501,13.429,9382,9454,9455,ov2slam_nod-ust,1,0.000
1781208260.501,13.429,9382,9454,9456,ov2slam_nod-ust,2,0.000
1781208260.501,13.429,9382,9454,9457,ov2slam_node,1,0.000
1781208260.501,13.429,9382,9454,9458,ov2slam_node,2,0.000
1781208260.501,13.429,9382,9454,9459,gc,1,0.000
1781208260.501,13.429,9382,9454,9460,dq.builtins,2,0.000
1781208260.501,13.429,9382,9454,9461,dq.user,1,0.000
1781208260.501,13.429,9382,9454,9462,tev,2,0.000
1781208260.501,13.429,9382,9454,9463,recv,1,0.000
1781208260.501,13.429,9382,9454,9464,recvUC,2,0.000
1781208260.501,13.429,9382,9454,9465,ov2slam_node,1,0.000
1781208260.501,13.429,9382,9454,9466,ov2slam_node,1,0.000
1781208260.501,13.429,9382,9454,9467,ov2_map,2,0.000
1781208260.501,13.429,9382,9454,9468,ov2_est,2,0.000
1781208260.501,13.429,9382,9454,9470,ov2_main,1,0.000
1781208260.501,13.429,9382,9454,9471,ov2_feed,0,0.000
1781208260.553,13.481,9382,9454,9454,ov2slam_node,3,0.000
1781208260.553,13.481,9382,9454,9455,ov2slam_nod-ust,1,0.000
1781208260.553,13.481,9382,9454,9456,ov2slam_nod-ust,2,0.000
1781208260.553,13.481,9382,9454,9457,ov2slam_node,1,0.000
1781208260.553,13.481,9382,9454,9458,ov2slam_node,2,0.000
1781208260.553,13.481,9382,9454,9459,gc,1,0.000
1781208260.553,13.481,9382,9454,9460,dq.builtins,2,0.000
1781208260.553,13.481,9382,9454,9461,dq.user,1,0.000
1781208260.553,13.481,9382,9454,9462,tev,2,0.000
1781208260.553,13.481,9382,9454,9463,recv,1,0.000
1781208260.553,13.481,9382,9454,9464,recvUC,2,0.000
1781208260.553,13.481,9382,9454,9465,ov2slam_node,1,0.000
1781208260.553,13.481,9382,9454,9466,ov2slam_node,1,0.000
1781208260.553,13.481,9382,9454,9467,ov2_map,2,0.000
1781208260.553,13.481,9382,9454,9468,ov2_est,2,0.000
1781208260.553,13.481,9382,9454,9470,ov2_main,1,0.000
1781208260.553,13.481,9382,9454,9471,ov2_feed,0,0.000
1781208260.605,13.533,9382,9454,9454,ov2slam_node,3,0.000
1781208260.605,13.533,9382,9454,9455,ov2slam_nod-ust,1,0.000
1781208260.605,13.533,9382,9454,9456,ov2slam_nod-ust,2,0.000
1781208260.605,13.533,9382,9454,9457,ov2slam_node,1,0.000
1781208260.605,13.533,9382,9454,9458,ov2slam_node,2,0.000
1781208260.605,13.533,9382,9454,9459,gc,1,0.000
1781208260.605,13.533,9382,9454,9460,dq.builtins,2,0.000
1781208260.605,13.533,9382,9454,9461,dq.user,1,0.000
1781208260.605,13.533,9382,9454,9462,tev,2,0.000
1781208260.605,13.533,9382,9454,9463,recv,1,0.000
1781208260.605,13.533,9382,9454,9464,recvUC,2,0.000
1781208260.605,13.533,9382,9454,9465,ov2slam_node,1,0.000
1781208260.605,13.533,9382,9454,9466,ov2slam_node,1,0.000
1781208260.605,13.533,9382,9454,9467,ov2_map,2,0.000
1781208260.605,13.533,9382,9454,9468,ov2_est,2,19.231
1781208260.605,13.533,9382,9454,9470,ov2_main,1,0.000
1781208260.605,13.533,9382,9454,9471,ov2_feed,0,0.000
1781208260.657,13.585,9382,9454,9454,ov2slam_node,3,0.000
1781208260.657,13.585,9382,9454,9455,ov2slam_nod-ust,1,0.000
1781208260.657,13.585,9382,9454,9456,ov2slam_nod-ust,2,0.000
1781208260.657,13.585,9382,9454,9457,ov2slam_node,1,0.000
1781208260.657,13.585,9382,9454,9458,ov2slam_node,2,0.000
1781208260.657,13.585,9382,9454,9459,gc,1,0.000
1781208260.657,13.585,9382,9454,9460,dq.builtins,2,0.000
1781208260.657,13.585,9382,9454,9461,dq.user,1,0.000
1781208260.657,13.585,9382,9454,9462,tev,2,0.000
1781208260.657,13.585,9382,9454,9463,recv,1,0.000
1781208260.657,13.585,9382,9454,9464,recvUC,2,0.000
1781208260.657,13.585,9382,9454,9465,ov2slam_node,1,0.000
1781208260.657,13.585,9382,9454,9466,ov2slam_node,1,0.000
1781208260.657,13.585,9382,9454,9467,ov2_map,2,0.000
1781208260.657,13.585,9382,9454,9468,ov2_est,2,0.000
1781208260.657,13.585,9382,9454,9470,ov2_main,1,0.000
1781208260.657,13.585,9382,9454,9471,ov2_feed,0,0.000
1781208260.709,13.637,9382,9454,9454,ov2slam_node,3,0.000
1781208260.709,13.637,9382,9454,9455,ov2slam_nod-ust,1,0.000
1781208260.709,13.637,9382,9454,9456,ov2slam_nod-ust,2,0.000
1781208260.709,13.637,9382,9454,9457,ov2slam_node,1,0.000
1781208260.709,13.637,9382,9454,9458,ov2slam_node,2,0.000
1781208260.709,13.637,9382,9454,9459,gc,1,0.000
1781208260.709,13.637,9382,9454,9460,dq.builtins,2,0.000
1781208260.709,13.637,9382,9454,9461,dq.user,1,0.000
1781208260.709,13.637,9382,9454,9462,tev,2,0.000
1781208260.709,13.637,9382,9454,9463,recv,1,0.000
1781208260.709,13.637,9382,9454,9464,recvUC,2,0.000
1781208260.709,13.637,9382,9454,9465,ov2slam_node,1,0.000
1781208260.709,13.637,9382,9454,9466,ov2slam_node,1,0.000
1781208260.709,13.637,9382,9454,9467,ov2_map,2,0.000
1781208260.709,13.637,9382,9454,9468,ov2_est,2,0.000
1781208260.709,13.637,9382,9454,9470,ov2_main,1,0.000
1781208260.709,13.637,9382,9454,9471,ov2_feed,0,0.000
1781208260.761,13.689,9382,9454,9454,ov2slam_node,3,0.000
1781208260.761,13.689,9382,9454,9455,ov2slam_nod-ust,1,0.000
1781208260.761,13.689,9382,9454,9456,ov2slam_nod-ust,2,0.000
1781208260.761,13.689,9382,9454,9457,ov2slam_node,1,0.000
1781208260.761,13.689,9382,9454,9458,ov2slam_node,2,0.000
1781208260.761,13.689,9382,9454,9459,gc,1,0.000
1781208260.761,13.689,9382,9454,9460,dq.builtins,2,0.000
1781208260.761,13.689,9382,9454,9461,dq.user,1,0.000
1781208260.761,13.689,9382,9454,9462,tev,2,0.000
1781208260.761,13.689,9382,9454,9463,recv,1,0.000
1781208260.761,13.689,9382,9454,9464,recvUC,2,0.000
1781208260.761,13.689,9382,9454,9465,ov2slam_node,1,0.000
1781208260.761,13.689,9382,9454,9466,ov2slam_node,1,0.000
1781208260.761,13.689,9382,9454,9467,ov2_map,2,0.000
1781208260.761,13.689,9382,9454,9468,ov2_est,2,0.000
1781208260.761,13.689,9382,9454,9470,ov2_main,1,0.000
1781208260.761,13.689,9382,9454,9471,ov2_feed,0,0.000
1781208260.813,13.741,9382,9454,9454,ov2slam_node,3,0.000
1781208260.813,13.741,9382,9454,9455,ov2slam_nod-ust,1,0.000
1781208260.813,13.741,9382,9454,9456,ov2slam_nod-ust,2,0.000
1781208260.813,13.741,9382,9454,9457,ov2slam_node,1,0.000
1781208260.813,13.741,9382,9454,9458,ov2slam_node,2,0.000
1781208260.813,13.741,9382,9454,9459,gc,1,0.000
1781208260.813,13.741,9382,9454,9460,dq.builtins,2,0.000
1781208260.813,13.741,9382,9454,9461,dq.user,1,0.000
1781208260.813,13.741,9382,9454,9462,tev,2,0.000
1781208260.813,13.741,9382,9454,9463,recv,1,0.000
1781208260.813,13.741,9382,9454,9464,recvUC,2,0.000
1781208260.813,13.741,9382,9454,9465,ov2slam_node,1,0.000
1781208260.813,13.741,9382,9454,9466,ov2slam_node,1,0.000
1781208260.813,13.741,9382,9454,9467,ov2_map,2,0.000
1781208260.813,13.741,9382,9454,9468,ov2_est,2,0.000
1781208260.813,13.741,9382,9454,9470,ov2_main,1,0.000
1781208260.813,13.741,9382,9454,9471,ov2_feed,2,0.000
1781208260.865,13.793,9382,9454,9454,ov2slam_node,3,0.000
1781208260.865,13.793,9382,9454,9455,ov2slam_nod-ust,1,0.000
1781208260.865,13.793,9382,9454,9456,ov2slam_nod-ust,2,0.000
1781208260.865,13.793,9382,9454,9457,ov2slam_node,1,0.000
1781208260.865,13.793,9382,9454,9458,ov2slam_node,2,0.000
1781208260.865,13.793,9382,9454,9459,gc,1,0.000
1781208260.865,13.793,9382,9454,9460,dq.builtins,2,0.000
1781208260.865,13.793,9382,9454,9461,dq.user,1,0.000
1781208260.865,13.793,9382,9454,9462,tev,2,0.000
1781208260.865,13.793,9382,9454,9463,recv,1,0.000
1781208260.865,13.793,9382,9454,9464,recvUC,2,0.000
1781208260.865,13.793,9382,9454,9465,ov2slam_node,1,0.000
1781208260.865,13.793,9382,9454,9466,ov2slam_node,1,0.000
1781208260.865,13.793,9382,9454,9467,ov2_map,2,0.000
1781208260.865,13.793,9382,9454,9468,ov2_est,2,0.000
1781208260.865,13.793,9382,9454,9470,ov2_main,1,0.000
1781208260.865,13.793,9382,9454,9471,ov2_feed,2,0.000
1781208260.917,13.845,9382,9454,9454,ov2slam_node,3,0.000
1781208260.917,13.845,9382,9454,9455,ov2slam_nod-ust,1,0.000
1781208260.917,13.845,9382,9454,9456,ov2slam_nod-ust,2,0.000
1781208260.917,13.845,9382,9454,9457,ov2slam_node,1,0.000
1781208260.917,13.845,9382,9454,9458,ov2slam_node,2,0.000
1781208260.917,13.845,9382,9454,9459,gc,1,0.000
1781208260.917,13.845,9382,9454,9460,dq.builtins,2,0.000
1781208260.917,13.845,9382,9454,9461,dq.user,1,0.000
1781208260.917,13.845,9382,9454,9462,tev,2,0.000
1781208260.917,13.845,9382,9454,9463,recv,1,0.000
1781208260.917,13.845,9382,9454,9464,recvUC,2,0.000
1781208260.917,13.845,9382,9454,9465,ov2slam_node,1,0.000
1781208260.917,13.845,9382,9454,9466,ov2slam_node,1,0.000
1781208260.917,13.845,9382,9454,9467,ov2_map,2,19.229
1781208260.917,13.845,9382,9454,9468,ov2_est,2,19.229
1781208260.917,13.845,9382,9454,9470,ov2_main,1,0.000
1781208260.917,13.845,9382,9454,9471,ov2_feed,2,0.000
1781208260.969,13.897,9382,9454,9454,ov2slam_node,3,0.000
1781208260.969,13.897,9382,9454,9455,ov2slam_nod-ust,1,0.000
1781208260.969,13.897,9382,9454,9456,ov2slam_nod-ust,2,0.000
1781208260.969,13.897,9382,9454,9457,ov2slam_node,1,0.000
1781208260.969,13.897,9382,9454,9458,ov2slam_node,2,0.000
1781208260.969,13.897,9382,9454,9459,gc,1,0.000
1781208260.969,13.897,9382,9454,9460,dq.builtins,2,0.000
1781208260.969,13.897,9382,9454,9461,dq.user,1,0.000
1781208260.969,13.897,9382,9454,9462,tev,2,0.000
1781208260.969,13.897,9382,9454,9463,recv,1,0.000
1781208260.969,13.897,9382,9454,9464,recvUC,2,0.000
1781208260.969,13.897,9382,9454,9465,ov2slam_node,1,0.000
1781208260.969,13.897,9382,9454,9466,ov2slam_node,1,0.000
1781208260.969,13.897,9382,9454,9467,ov2_map,1,0.000
1781208260.969,13.897,9382,9454,9468,ov2_est,3,0.000
1781208260.969,13.897,9382,9454,9470,ov2_main,1,0.000
1781208260.969,13.897,9382,9454,9471,ov2_feed,0,0.000
1781208261.021,13.949,9382,9454,9454,ov2slam_node,3,0.000
1781208261.021,13.949,9382,9454,9455,ov2slam_nod-ust,1,0.000
1781208261.021,13.949,9382,9454,9456,ov2slam_nod-ust,2,0.000
1781208261.021,13.949,9382,9454,9457,ov2slam_node,1,0.000
1781208261.021,13.949,9382,9454,9458,ov2slam_node,2,0.000
1781208261.021,13.949,9382,9454,9459,gc,1,0.000
1781208261.021,13.949,9382,9454,9460,dq.builtins,2,0.000
1781208261.021,13.949,9382,9454,9461,dq.user,1,0.000
1781208261.021,13.949,9382,9454,9462,tev,2,0.000
1781208261.021,13.949,9382,9454,9463,recv,1,0.000
1781208261.021,13.949,9382,9454,9464,recvUC,2,0.000
1781208261.021,13.949,9382,9454,9465,ov2slam_node,1,0.000
1781208261.021,13.949,9382,9454,9466,ov2slam_node,1,0.000
1781208261.021,13.949,9382,9454,9467,ov2_map,1,0.000
1781208261.021,13.949,9382,9454,9468,ov2_est,3,0.000
1781208261.021,13.949,9382,9454,9470,ov2_main,1,0.000
1781208261.021,13.949,9382,9454,9471,ov2_feed,0,0.000
1781208261.074,14.002,9382,9454,9454,ov2slam_node,3,0.000
1781208261.074,14.002,9382,9454,9455,ov2slam_nod-ust,1,0.000
1781208261.074,14.002,9382,9454,9456,ov2slam_nod-ust,2,0.000
1781208261.074,14.002,9382,9454,9457,ov2slam_node,1,0.000
1781208261.074,14.002,9382,9454,9458,ov2slam_node,2,0.000
1781208261.074,14.002,9382,9454,9459,gc,1,0.000
1781208261.074,14.002,9382,9454,9460,dq.builtins,2,0.000
1781208261.074,14.002,9382,9454,9461,dq.user,1,0.000
1781208261.074,14.002,9382,9454,9462,tev,2,0.000
1781208261.074,14.002,9382,9454,9463,recv,1,0.000
1781208261.074,14.002,9382,9454,9464,recvUC,2,0.000
1781208261.074,14.002,9382,9454,9465,ov2slam_node,1,0.000
1781208261.074,14.002,9382,9454,9466,ov2slam_node,1,0.000
1781208261.074,14.002,9382,9454,9467,ov2_map,1,0.000
1781208261.074,14.002,9382,9454,9468,ov2_est,0,0.000
1781208261.074,14.002,9382,9454,9470,ov2_main,1,18.882
1781208261.074,14.002,9382,9454,9471,ov2_feed,0,0.000
1781208261.126,14.054,9382,9454,9454,ov2slam_node,3,0.000
1781208261.126,14.054,9382,9454,9455,ov2slam_nod-ust,1,0.000
1781208261.126,14.054,9382,9454,9456,ov2slam_nod-ust,2,0.000
1781208261.126,14.054,9382,9454,9457,ov2slam_node,1,0.000
1781208261.126,14.054,9382,9454,9458,ov2slam_node,2,0.000
1781208261.126,14.054,9382,9454,9459,gc,1,0.000
1781208261.126,14.054,9382,9454,9460,dq.builtins,2,0.000
1781208261.126,14.054,9382,9454,9461,dq.user,1,0.000
1781208261.126,14.054,9382,9454,9462,tev,2,0.000
1781208261.126,14.054,9382,9454,9463,recv,1,0.000
1781208261.126,14.054,9382,9454,9464,recvUC,2,0.000
1781208261.126,14.054,9382,9454,9465,ov2slam_node,1,0.000
1781208261.126,14.054,9382,9454,9466,ov2slam_node,1,0.000
1781208261.126,14.054,9382,9454,9467,ov2_map,1,0.000
1781208261.126,14.054,9382,9454,9468,ov2_est,0,19.173
1781208261.126,14.054,9382,9454,9470,ov2_main,1,0.000
1781208261.126,14.054,9382,9454,9471,ov2_feed,0,0.000
1781208261.178,14.106,9382,9454,9454,ov2slam_node,3,0.000
1781208261.178,14.106,9382,9454,9455,ov2slam_nod-ust,1,0.000
1781208261.178,14.106,9382,9454,9456,ov2slam_nod-ust,2,0.000
1781208261.178,14.106,9382,9454,9457,ov2slam_node,1,0.000
1781208261.178,14.106,9382,9454,9458,ov2slam_node,2,0.000
1781208261.178,14.106,9382,9454,9459,gc,1,0.000
1781208261.178,14.106,9382,9454,9460,dq.builtins,2,0.000
1781208261.178,14.106,9382,9454,9461,dq.user,1,0.000
1781208261.178,14.106,9382,9454,9462,tev,2,0.000
1781208261.178,14.106,9382,9454,9463,recv,1,0.000
1781208261.178,14.106,9382,9454,9464,recvUC,2,0.000
1781208261.178,14.106,9382,9454,9465,ov2slam_node,1,0.000
1781208261.178,14.106,9382,9454,9466,ov2slam_node,1,0.000
1781208261.178,14.106,9382,9454,9467,ov2_map,1,0.000
1781208261.178,14.106,9382,9454,9468,ov2_est,0,0.000
1781208261.178,14.106,9382,9454,9470,ov2_main,1,0.000
1781208261.178,14.106,9382,9454,9471,ov2_feed,0,0.000
1781208261.230,14.158,9382,9454,9454,ov2slam_node,3,0.000
1781208261.230,14.158,9382,9454,9455,ov2slam_nod-ust,1,0.000
1781208261.230,14.158,9382,9454,9456,ov2slam_nod-ust,2,0.000
1781208261.230,14.158,9382,9454,9457,ov2slam_node,1,0.000
1781208261.230,14.158,9382,9454,9458,ov2slam_node,2,0.000
1781208261.230,14.158,9382,9454,9459,gc,1,0.000
1781208261.230,14.158,9382,9454,9460,dq.builtins,2,0.000
1781208261.230,14.158,9382,9454,9461,dq.user,1,0.000
1781208261.230,14.158,9382,9454,9462,tev,2,0.000
1781208261.230,14.158,9382,9454,9463,recv,1,0.000
1781208261.230,14.158,9382,9454,9464,recvUC,2,0.000
1781208261.230,14.158,9382,9454,9465,ov2slam_node,1,0.000
1781208261.230,14.158,9382,9454,9466,ov2slam_node,1,0.000
1781208261.230,14.158,9382,9454,9467,ov2_map,1,0.000
1781208261.230,14.158,9382,9454,9468,ov2_est,0,0.000
1781208261.230,14.158,9382,9454,9470,ov2_main,1,0.000
1781208261.230,14.158,9382,9454,9471,ov2_feed,0,0.000
1781208261.282,14.210,9382,9454,9454,ov2slam_node,3,0.000
1781208261.282,14.210,9382,9454,9455,ov2slam_nod-ust,1,0.000
1781208261.282,14.210,9382,9454,9456,ov2slam_nod-ust,2,0.000
1781208261.282,14.210,9382,9454,9457,ov2slam_node,1,0.000
1781208261.282,14.210,9382,9454,9458,ov2slam_node,2,0.000
1781208261.282,14.210,9382,9454,9459,gc,1,0.000
1781208261.282,14.210,9382,9454,9460,dq.builtins,2,0.000
1781208261.282,14.210,9382,9454,9461,dq.user,1,0.000
1781208261.282,14.210,9382,9454,9462,tev,2,0.000
1781208261.282,14.210,9382,9454,9463,recv,1,0.000
1781208261.282,14.210,9382,9454,9464,recvUC,2,0.000
1781208261.282,14.210,9382,9454,9465,ov2slam_node,1,0.000
1781208261.282,14.210,9382,9454,9466,ov2slam_node,1,0.000
1781208261.282,14.210,9382,9454,9467,ov2_map,0,0.000
1781208261.282,14.210,9382,9454,9468,ov2_est,0,0.000
1781208261.282,14.210,9382,9454,9470,ov2_main,1,0.000
1781208261.282,14.210,9382,9454,9471,ov2_feed,0,0.000
1781208261.334,14.262,9382,9454,9454,ov2slam_node,3,0.000
1781208261.334,14.262,9382,9454,9455,ov2slam_nod-ust,1,0.000
1781208261.334,14.262,9382,9454,9456,ov2slam_nod-ust,2,0.000
1781208261.334,14.262,9382,9454,9457,ov2slam_node,1,0.000
1781208261.334,14.262,9382,9454,9458,ov2slam_node,2,0.000
1781208261.334,14.262,9382,9454,9459,gc,1,0.000
1781208261.334,14.262,9382,9454,9460,dq.builtins,2,0.000
1781208261.334,14.262,9382,9454,9461,dq.user,1,0.000
1781208261.334,14.262,9382,9454,9462,tev,2,0.000
1781208261.334,14.262,9382,9454,9463,recv,1,0.000
1781208261.334,14.262,9382,9454,9464,recvUC,2,0.000
1781208261.334,14.262,9382,9454,9465,ov2slam_node,1,0.000
1781208261.334,14.262,9382,9454,9466,ov2slam_node,1,0.000
1781208261.334,14.262,9382,9454,9467,ov2_map,0,0.000
1781208261.334,14.262,9382,9454,9468,ov2_est,0,0.000
1781208261.334,14.262,9382,9454,9470,ov2_main,1,0.000
1781208261.334,14.262,9382,9454,9471,ov2_feed,0,0.000
1781208261.387,14.314,9382,9454,9454,ov2slam_node,3,0.000
1781208261.387,14.314,9382,9454,9455,ov2slam_nod-ust,1,0.000
1781208261.387,14.314,9382,9454,9456,ov2slam_nod-ust,2,0.000
1781208261.387,14.314,9382,9454,9457,ov2slam_node,1,0.000
1781208261.387,14.314,9382,9454,9458,ov2slam_node,2,0.000
1781208261.387,14.314,9382,9454,9459,gc,1,0.000
1781208261.387,14.314,9382,9454,9460,dq.builtins,2,0.000
1781208261.387,14.314,9382,9454,9461,dq.user,1,0.000
1781208261.387,14.314,9382,9454,9462,tev,2,0.000
1781208261.387,14.314,9382,9454,9463,recv,1,0.000
1781208261.387,14.314,9382,9454,9464,recvUC,2,0.000
1781208261.387,14.314,9382,9454,9465,ov2slam_node,1,0.000
1781208261.387,14.314,9382,9454,9466,ov2slam_node,1,0.000
1781208261.387,14.314,9382,9454,9467,ov2_map,0,0.000
1781208261.387,14.314,9382,9454,9468,ov2_est,0,19.180
1781208261.387,14.314,9382,9454,9470,ov2_main,1,0.000
1781208261.387,14.314,9382,9454,9471,ov2_feed,0,0.000
1781208261.439,14.366,9382,9454,9454,ov2slam_node,3,0.000
1781208261.439,14.366,9382,9454,9455,ov2slam_nod-ust,1,0.000
1781208261.439,14.366,9382,9454,9456,ov2slam_nod-ust,2,0.000
1781208261.439,14.366,9382,9454,9457,ov2slam_node,1,0.000
1781208261.439,14.366,9382,9454,9458,ov2slam_node,2,0.000
1781208261.439,14.366,9382,9454,9459,gc,1,0.000
1781208261.439,14.366,9382,9454,9460,dq.builtins,2,0.000
1781208261.439,14.366,9382,9454,9461,dq.user,1,0.000
1781208261.439,14.366,9382,9454,9462,tev,2,0.000
1781208261.439,14.366,9382,9454,9463,recv,1,0.000
1781208261.439,14.366,9382,9454,9464,recvUC,2,0.000
1781208261.439,14.366,9382,9454,9465,ov2slam_node,1,0.000
1781208261.439,14.366,9382,9454,9466,ov2slam_node,1,0.000
1781208261.439,14.366,9382,9454,9467,ov2_map,0,0.000
1781208261.439,14.366,9382,9454,9468,ov2_est,0,0.000
1781208261.439,14.366,9382,9454,9470,ov2_main,1,0.000
1781208261.439,14.366,9382,9454,9471,ov2_feed,0,0.000
1781208261.491,14.418,9382,9454,9454,ov2slam_node,3,0.000
1781208261.491,14.418,9382,9454,9455,ov2slam_nod-ust,1,0.000
1781208261.491,14.418,9382,9454,9456,ov2slam_nod-ust,2,0.000
1781208261.491,14.418,9382,9454,9457,ov2slam_node,1,0.000
1781208261.491,14.418,9382,9454,9458,ov2slam_node,2,0.000
1781208261.491,14.418,9382,9454,9459,gc,1,0.000
1781208261.491,14.418,9382,9454,9460,dq.builtins,2,0.000
1781208261.491,14.418,9382,9454,9461,dq.user,1,0.000
1781208261.491,14.418,9382,9454,9462,tev,2,0.000
1781208261.491,14.418,9382,9454,9463,recv,1,0.000
1781208261.491,14.418,9382,9454,9464,recvUC,2,0.000
1781208261.491,14.418,9382,9454,9465,ov2slam_node,1,0.000
1781208261.491,14.418,9382,9454,9466,ov2slam_node,1,0.000
1781208261.491,14.418,9382,9454,9467,ov2_map,0,19.243
1781208261.491,14.418,9382,9454,9468,ov2_est,0,0.000
1781208261.491,14.418,9382,9454,9470,ov2_main,1,0.000
1781208261.491,14.418,9382,9454,9471,ov2_feed,0,0.000
1781208261.543,14.470,9382,9454,9454,ov2slam_node,3,0.000
1781208261.543,14.470,9382,9454,9455,ov2slam_nod-ust,1,0.000
1781208261.543,14.470,9382,9454,9456,ov2slam_nod-ust,2,0.000
1781208261.543,14.470,9382,9454,9457,ov2slam_node,1,0.000
1781208261.543,14.470,9382,9454,9458,ov2slam_node,2,0.000
1781208261.543,14.470,9382,9454,9459,gc,1,0.000
1781208261.543,14.470,9382,9454,9460,dq.builtins,2,0.000
1781208261.543,14.470,9382,9454,9461,dq.user,1,0.000
1781208261.543,14.470,9382,9454,9462,tev,2,0.000
1781208261.543,14.470,9382,9454,9463,recv,1,0.000
1781208261.543,14.470,9382,9454,9464,recvUC,2,0.000
1781208261.543,14.470,9382,9454,9465,ov2slam_node,1,0.000
1781208261.543,14.470,9382,9454,9466,ov2slam_node,1,0.000
1781208261.543,14.470,9382,9454,9467,ov2_map,0,0.000
1781208261.543,14.470,9382,9454,9468,ov2_est,0,0.000
1781208261.543,14.470,9382,9454,9470,ov2_main,1,0.000
1781208261.543,14.470,9382,9454,9471,ov2_feed,0,0.000
1781208261.595,14.522,9382,9454,9454,ov2slam_node,3,0.000
1781208261.595,14.522,9382,9454,9455,ov2slam_nod-ust,1,0.000
1781208261.595,14.522,9382,9454,9456,ov2slam_nod-ust,2,0.000
1781208261.595,14.522,9382,9454,9457,ov2slam_node,1,0.000
1781208261.595,14.522,9382,9454,9458,ov2slam_node,2,0.000
1781208261.595,14.522,9382,9454,9459,gc,1,0.000
1781208261.595,14.522,9382,9454,9460,dq.builtins,2,0.000
1781208261.595,14.522,9382,9454,9461,dq.user,1,0.000
1781208261.595,14.522,9382,9454,9462,tev,2,0.000
1781208261.595,14.522,9382,9454,9463,recv,1,0.000
1781208261.595,14.522,9382,9454,9464,recvUC,2,0.000
1781208261.595,14.522,9382,9454,9465,ov2slam_node,1,0.000
1781208261.595,14.522,9382,9454,9466,ov2slam_node,1,0.000
1781208261.595,14.522,9382,9454,9467,ov2_map,0,0.000
1781208261.595,14.522,9382,9454,9468,ov2_est,0,0.000
1781208261.595,14.522,9382,9454,9470,ov2_main,1,0.000
1781208261.595,14.522,9382,9454,9471,ov2_feed,0,0.000
1781208261.647,14.574,9382,9454,9454,ov2slam_node,3,0.000
1781208261.647,14.574,9382,9454,9455,ov2slam_nod-ust,1,0.000
1781208261.647,14.574,9382,9454,9456,ov2slam_nod-ust,2,0.000
1781208261.647,14.574,9382,9454,9457,ov2slam_node,1,0.000
1781208261.647,14.574,9382,9454,9458,ov2slam_node,2,0.000
1781208261.647,14.574,9382,9454,9459,gc,1,0.000
1781208261.647,14.574,9382,9454,9460,dq.builtins,2,0.000
1781208261.647,14.574,9382,9454,9461,dq.user,1,0.000
1781208261.647,14.574,9382,9454,9462,tev,2,0.000
1781208261.647,14.574,9382,9454,9463,recv,1,0.000
1781208261.647,14.574,9382,9454,9464,recvUC,2,0.000
1781208261.647,14.574,9382,9454,9465,ov2slam_node,1,0.000
1781208261.647,14.574,9382,9454,9466,ov2slam_node,1,0.000
1781208261.647,14.574,9382,9454,9467,ov2_map,0,0.000
1781208261.647,14.574,9382,9454,9468,ov2_est,0,0.000
1781208261.647,14.574,9382,9454,9470,ov2_main,1,0.000
1781208261.647,14.574,9382,9454,9471,ov2_feed,0,0.000
1781208261.699,14.626,9382,9454,9454,ov2slam_node,3,0.000
1781208261.699,14.626,9382,9454,9455,ov2slam_nod-ust,1,0.000
1781208261.699,14.626,9382,9454,9456,ov2slam_nod-ust,2,0.000
1781208261.699,14.626,9382,9454,9457,ov2slam_node,1,0.000
1781208261.699,14.626,9382,9454,9458,ov2slam_node,2,0.000
1781208261.699,14.626,9382,9454,9459,gc,1,0.000
1781208261.699,14.626,9382,9454,9460,dq.builtins,2,0.000
1781208261.699,14.626,9382,9454,9461,dq.user,1,0.000
1781208261.699,14.626,9382,9454,9462,tev,2,0.000
1781208261.699,14.626,9382,9454,9463,recv,1,0.000
1781208261.699,14.626,9382,9454,9464,recvUC,2,0.000
1781208261.699,14.626,9382,9454,9465,ov2slam_node,1,0.000
1781208261.699,14.626,9382,9454,9466,ov2slam_node,1,0.000
1781208261.699,14.626,9382,9454,9467,ov2_map,0,0.000
1781208261.699,14.626,9382,9454,9468,ov2_est,0,19.223
1781208261.699,14.626,9382,9454,9470,ov2_main,1,0.000
1781208261.699,14.626,9382,9454,9471,ov2_feed,0,0.000
1781208261.751,14.678,9382,9454,9454,ov2slam_node,3,0.000
1781208261.751,14.678,9382,9454,9455,ov2slam_nod-ust,1,0.000
1781208261.751,14.678,9382,9454,9456,ov2slam_nod-ust,2,0.000
1781208261.751,14.678,9382,9454,9457,ov2slam_node,1,0.000
1781208261.751,14.678,9382,9454,9458,ov2slam_node,2,0.000
1781208261.751,14.678,9382,9454,9459,gc,1,0.000
1781208261.751,14.678,9382,9454,9460,dq.builtins,2,0.000
1781208261.751,14.678,9382,9454,9461,dq.user,1,0.000
1781208261.751,14.678,9382,9454,9462,tev,2,0.000
1781208261.751,14.678,9382,9454,9463,recv,1,0.000
1781208261.751,14.678,9382,9454,9464,recvUC,2,0.000
1781208261.751,14.678,9382,9454,9465,ov2slam_node,1,0.000
1781208261.751,14.678,9382,9454,9466,ov2slam_node,1,0.000
1781208261.751,14.678,9382,9454,9467,ov2_map,0,0.000
1781208261.751,14.678,9382,9454,9468,ov2_est,0,0.000
1781208261.751,14.678,9382,9454,9470,ov2_main,1,0.000
1781208261.751,14.678,9382,9454,9471,ov2_feed,0,0.000
1781208261.803,14.730,9382,9454,9454,ov2slam_node,3,0.000
1781208261.803,14.730,9382,9454,9455,ov2slam_nod-ust,1,0.000
1781208261.803,14.730,9382,9454,9456,ov2slam_nod-ust,2,0.000
1781208261.803,14.730,9382,9454,9457,ov2slam_node,1,0.000
1781208261.803,14.730,9382,9454,9458,ov2slam_node,2,0.000
1781208261.803,14.730,9382,9454,9459,gc,1,0.000
1781208261.803,14.730,9382,9454,9460,dq.builtins,2,0.000
1781208261.803,14.730,9382,9454,9461,dq.user,1,0.000
1781208261.803,14.730,9382,9454,9462,tev,2,0.000
1781208261.803,14.730,9382,9454,9463,recv,1,0.000
1781208261.803,14.730,9382,9454,9464,recvUC,2,0.000
1781208261.803,14.730,9382,9454,9465,ov2slam_node,1,0.000
1781208261.803,14.730,9382,9454,9466,ov2slam_node,1,0.000
1781208261.803,14.730,9382,9454,9467,ov2_map,0,0.000
1781208261.803,14.730,9382,9454,9468,ov2_est,0,0.000
1781208261.803,14.730,9382,9454,9470,ov2_main,1,0.000
1781208261.803,14.730,9382,9454,9471,ov2_feed,0,0.000
1781208261.855,14.782,9382,9454,9454,ov2slam_node,3,0.000
1781208261.855,14.782,9382,9454,9455,ov2slam_nod-ust,1,0.000
1781208261.855,14.782,9382,9454,9456,ov2slam_nod-ust,2,0.000
1781208261.855,14.782,9382,9454,9457,ov2slam_node,1,0.000
1781208261.855,14.782,9382,9454,9458,ov2slam_node,2,0.000
1781208261.855,14.782,9382,9454,9459,gc,1,0.000
1781208261.855,14.782,9382,9454,9460,dq.builtins,2,0.000
1781208261.855,14.782,9382,9454,9461,dq.user,1,0.000
1781208261.855,14.782,9382,9454,9462,tev,2,0.000
1781208261.855,14.782,9382,9454,9463,recv,1,0.000
1781208261.855,14.782,9382,9454,9464,recvUC,2,0.000
1781208261.855,14.782,9382,9454,9465,ov2slam_node,1,0.000
1781208261.855,14.782,9382,9454,9466,ov2slam_node,1,0.000
1781208261.855,14.782,9382,9454,9467,ov2_map,0,0.000
1781208261.855,14.782,9382,9454,9468,ov2_est,0,0.000
1781208261.855,14.782,9382,9454,9470,ov2_main,1,0.000
1781208261.855,14.782,9382,9454,9471,ov2_feed,0,19.222
1781208261.907,14.835,9382,9454,9454,ov2slam_node,3,0.000
1781208261.907,14.835,9382,9454,9455,ov2slam_nod-ust,1,0.000
1781208261.907,14.835,9382,9454,9456,ov2slam_nod-ust,2,0.000
1781208261.907,14.835,9382,9454,9457,ov2slam_node,1,0.000
1781208261.907,14.835,9382,9454,9458,ov2slam_node,2,0.000
1781208261.907,14.835,9382,9454,9459,gc,1,0.000
1781208261.907,14.835,9382,9454,9460,dq.builtins,2,0.000
1781208261.907,14.835,9382,9454,9461,dq.user,1,0.000
1781208261.907,14.835,9382,9454,9462,tev,2,0.000
1781208261.907,14.835,9382,9454,9463,recv,1,0.000
1781208261.907,14.835,9382,9454,9464,recvUC,2,0.000
1781208261.907,14.835,9382,9454,9465,ov2slam_node,1,0.000
1781208261.907,14.835,9382,9454,9466,ov2slam_node,1,0.000
1781208261.907,14.835,9382,9454,9467,ov2_map,0,0.000
1781208261.907,14.835,9382,9454,9468,ov2_est,0,0.000
1781208261.907,14.835,9382,9454,9470,ov2_main,1,0.000
1781208261.907,14.835,9382,9454,9471,ov2_feed,0,0.000
1781208261.959,14.887,9382,9454,9454,ov2slam_node,3,0.000
1781208261.959,14.887,9382,9454,9455,ov2slam_nod-ust,1,0.000
1781208261.959,14.887,9382,9454,9456,ov2slam_nod-ust,2,0.000
1781208261.959,14.887,9382,9454,9457,ov2slam_node,1,0.000
1781208261.959,14.887,9382,9454,9458,ov2slam_node,2,0.000
1781208261.959,14.887,9382,9454,9459,gc,1,0.000
1781208261.959,14.887,9382,9454,9460,dq.builtins,2,0.000
1781208261.959,14.887,9382,9454,9461,dq.user,1,0.000
1781208261.959,14.887,9382,9454,9462,tev,2,0.000
1781208261.959,14.887,9382,9454,9463,recv,1,0.000
1781208261.959,14.887,9382,9454,9464,recvUC,2,0.000
1781208261.959,14.887,9382,9454,9465,ov2slam_node,1,0.000
1781208261.959,14.887,9382,9454,9466,ov2slam_node,1,0.000
1781208261.959,14.887,9382,9454,9467,ov2_map,0,0.000
1781208261.959,14.887,9382,9454,9468,ov2_est,0,19.223
1781208261.959,14.887,9382,9454,9470,ov2_main,1,0.000
1781208261.959,14.887,9382,9454,9471,ov2_feed,0,0.000
1781208262.011,14.938,9382,9454,9454,ov2slam_node,3,0.000
1781208262.011,14.938,9382,9454,9455,ov2slam_nod-ust,1,0.000
1781208262.011,14.938,9382,9454,9456,ov2slam_nod-ust,2,0.000
1781208262.011,14.938,9382,9454,9457,ov2slam_node,1,0.000
1781208262.011,14.938,9382,9454,9458,ov2slam_node,2,0.000
1781208262.011,14.938,9382,9454,9459,gc,1,0.000
1781208262.011,14.938,9382,9454,9460,dq.builtins,2,0.000
1781208262.011,14.938,9382,9454,9461,dq.user,1,0.000
1781208262.011,14.938,9382,9454,9462,tev,2,0.000
1781208262.011,14.938,9382,9454,9463,recv,1,0.000
1781208262.011,14.938,9382,9454,9464,recvUC,2,0.000
1781208262.011,14.938,9382,9454,9465,ov2slam_node,1,0.000
1781208262.011,14.938,9382,9454,9466,ov2slam_node,1,0.000
1781208262.011,14.938,9382,9454,9467,ov2_map,2,0.000
1781208262.011,14.938,9382,9454,9468,ov2_est,0,0.000
1781208262.011,14.938,9382,9454,9470,ov2_main,1,0.000
1781208262.011,14.938,9382,9454,9471,ov2_feed,0,0.000
1781208262.063,14.990,9382,9454,9454,ov2slam_node,3,0.000
1781208262.063,14.990,9382,9454,9455,ov2slam_nod-ust,1,0.000
1781208262.063,14.990,9382,9454,9456,ov2slam_nod-ust,2,0.000
1781208262.063,14.990,9382,9454,9457,ov2slam_node,1,0.000
1781208262.063,14.990,9382,9454,9458,ov2slam_node,2,0.000
1781208262.063,14.990,9382,9454,9459,gc,1,0.000
1781208262.063,14.990,9382,9454,9460,dq.builtins,2,0.000
1781208262.063,14.990,9382,9454,9461,dq.user,1,0.000
1781208262.063,14.990,9382,9454,9462,tev,2,0.000
1781208262.063,14.990,9382,9454,9463,recv,1,0.000
1781208262.063,14.990,9382,9454,9464,recvUC,2,0.000
1781208262.063,14.990,9382,9454,9465,ov2slam_node,1,0.000
1781208262.063,14.990,9382,9454,9466,ov2slam_node,1,0.000
1781208262.063,14.990,9382,9454,9467,ov2_map,2,0.000
1781208262.063,14.990,9382,9454,9468,ov2_est,0,0.000
1781208262.063,14.990,9382,9454,9470,ov2_main,1,0.000
1781208262.063,14.990,9382,9454,9471,ov2_feed,0,0.000
1781208262.115,15.042,9382,9454,9454,ov2slam_node,3,0.000
1781208262.115,15.042,9382,9454,9455,ov2slam_nod-ust,1,0.000
1781208262.115,15.042,9382,9454,9456,ov2slam_nod-ust,2,0.000
1781208262.115,15.042,9382,9454,9457,ov2slam_node,1,0.000
1781208262.115,15.042,9382,9454,9458,ov2slam_node,2,0.000
1781208262.115,15.042,9382,9454,9459,gc,1,0.000
1781208262.115,15.042,9382,9454,9460,dq.builtins,2,0.000
1781208262.115,15.042,9382,9454,9461,dq.user,1,0.000
1781208262.115,15.042,9382,9454,9462,tev,2,0.000
1781208262.115,15.042,9382,9454,9463,recv,1,0.000
1781208262.115,15.042,9382,9454,9464,recvUC,2,0.000
1781208262.115,15.042,9382,9454,9465,ov2slam_node,1,0.000
1781208262.115,15.042,9382,9454,9466,ov2slam_node,1,0.000
1781208262.115,15.042,9382,9454,9467,ov2_map,2,19.235
1781208262.115,15.042,9382,9454,9468,ov2_est,0,0.000
1781208262.115,15.042,9382,9454,9470,ov2_main,1,0.000
1781208262.115,15.042,9382,9454,9471,ov2_feed,0,0.000
1781208262.167,15.094,9382,9454,9454,ov2slam_node,3,0.000
1781208262.167,15.094,9382,9454,9455,ov2slam_nod-ust,1,0.000
1781208262.167,15.094,9382,9454,9456,ov2slam_nod-ust,2,0.000
1781208262.167,15.094,9382,9454,9457,ov2slam_node,1,0.000
1781208262.167,15.094,9382,9454,9458,ov2slam_node,2,0.000
1781208262.167,15.094,9382,9454,9459,gc,1,0.000
1781208262.167,15.094,9382,9454,9460,dq.builtins,2,0.000
1781208262.167,15.094,9382,9454,9461,dq.user,1,0.000
1781208262.167,15.094,9382,9454,9462,tev,2,0.000
1781208262.167,15.094,9382,9454,9463,recv,1,0.000
1781208262.167,15.094,9382,9454,9464,recvUC,2,0.000
1781208262.167,15.094,9382,9454,9465,ov2slam_node,1,0.000
1781208262.167,15.094,9382,9454,9466,ov2slam_node,1,0.000
1781208262.167,15.094,9382,9454,9467,ov2_map,2,0.000
1781208262.167,15.094,9382,9454,9468,ov2_est,0,0.000
1781208262.167,15.094,9382,9454,9470,ov2_main,1,0.000
1781208262.167,15.094,9382,9454,9471,ov2_feed,0,0.000
1781208262.219,15.146,9382,9454,9454,ov2slam_node,3,0.000
1781208262.219,15.146,9382,9454,9455,ov2slam_nod-ust,1,0.000
1781208262.219,15.146,9382,9454,9456,ov2slam_nod-ust,2,0.000
1781208262.219,15.146,9382,9454,9457,ov2slam_node,1,0.000
1781208262.219,15.146,9382,9454,9458,ov2slam_node,2,0.000
1781208262.219,15.146,9382,9454,9459,gc,1,0.000
1781208262.219,15.146,9382,9454,9460,dq.builtins,2,0.000
1781208262.219,15.146,9382,9454,9461,dq.user,1,0.000
1781208262.219,15.146,9382,9454,9462,tev,2,0.000
1781208262.219,15.146,9382,9454,9463,recv,1,0.000
1781208262.219,15.146,9382,9454,9464,recvUC,2,0.000
1781208262.219,15.146,9382,9454,9465,ov2slam_node,1,0.000
1781208262.219,15.146,9382,9454,9466,ov2slam_node,1,0.000
1781208262.219,15.146,9382,9454,9467,ov2_map,2,0.000
1781208262.219,15.146,9382,9454,9468,ov2_est,0,19.222
1781208262.219,15.146,9382,9454,9470,ov2_main,2,0.000
1781208262.219,15.146,9382,9454,9471,ov2_feed,0,0.000
1781208262.271,15.199,9382,9454,9454,ov2slam_node,3,0.000
1781208262.271,15.199,9382,9454,9455,ov2slam_nod-ust,1,0.000
1781208262.271,15.199,9382,9454,9456,ov2slam_nod-ust,2,0.000
1781208262.271,15.199,9382,9454,9457,ov2slam_node,1,0.000
1781208262.271,15.199,9382,9454,9458,ov2slam_node,2,0.000
1781208262.271,15.199,9382,9454,9459,gc,1,0.000
1781208262.271,15.199,9382,9454,9460,dq.builtins,2,0.000
1781208262.271,15.199,9382,9454,9461,dq.user,1,0.000
1781208262.271,15.199,9382,9454,9462,tev,2,0.000
1781208262.271,15.199,9382,9454,9463,recv,1,0.000
1781208262.271,15.199,9382,9454,9464,recvUC,2,0.000
1781208262.271,15.199,9382,9454,9465,ov2slam_node,1,0.000
1781208262.271,15.199,9382,9454,9466,ov2slam_node,1,0.000
1781208262.271,15.199,9382,9454,9467,ov2_map,2,0.000
1781208262.271,15.199,9382,9454,9468,ov2_est,2,0.000
1781208262.271,15.199,9382,9454,9470,ov2_main,2,0.000
1781208262.271,15.199,9382,9454,9471,ov2_feed,2,0.000
1781208262.323,15.251,9382,9454,9454,ov2slam_node,3,0.000
1781208262.323,15.251,9382,9454,9455,ov2slam_nod-ust,1,0.000
1781208262.323,15.251,9382,9454,9456,ov2slam_nod-ust,2,0.000
1781208262.323,15.251,9382,9454,9457,ov2slam_node,1,0.000
1781208262.323,15.251,9382,9454,9458,ov2slam_node,2,0.000
1781208262.323,15.251,9382,9454,9459,gc,1,0.000
1781208262.323,15.251,9382,9454,9460,dq.builtins,2,0.000
1781208262.323,15.251,9382,9454,9461,dq.user,1,0.000
1781208262.323,15.251,9382,9454,9462,tev,2,0.000
1781208262.323,15.251,9382,9454,9463,recv,1,0.000
1781208262.323,15.251,9382,9454,9464,recvUC,2,0.000
1781208262.323,15.251,9382,9454,9465,ov2slam_node,1,0.000
1781208262.323,15.251,9382,9454,9466,ov2slam_node,1,0.000
1781208262.323,15.251,9382,9454,9467,ov2_map,0,0.000
1781208262.323,15.251,9382,9454,9468,ov2_est,0,0.000
1781208262.323,15.251,9382,9454,9470,ov2_main,1,0.000
1781208262.323,15.251,9382,9454,9471,ov2_feed,1,0.000
1781208262.375,15.302,9382,9454,9454,ov2slam_node,3,0.000
1781208262.375,15.302,9382,9454,9455,ov2slam_nod-ust,1,0.000
1781208262.375,15.302,9382,9454,9456,ov2slam_nod-ust,2,0.000
1781208262.375,15.302,9382,9454,9457,ov2slam_node,1,0.000
1781208262.375,15.302,9382,9454,9458,ov2slam_node,2,0.000
1781208262.375,15.302,9382,9454,9459,gc,1,0.000
1781208262.375,15.302,9382,9454,9460,dq.builtins,2,0.000
1781208262.375,15.302,9382,9454,9461,dq.user,1,0.000
1781208262.375,15.302,9382,9454,9462,tev,2,0.000
1781208262.375,15.302,9382,9454,9463,recv,1,0.000
1781208262.375,15.302,9382,9454,9464,recvUC,2,0.000
1781208262.375,15.302,9382,9454,9465,ov2slam_node,1,0.000
1781208262.375,15.302,9382,9454,9466,ov2slam_node,1,0.000
1781208262.375,15.302,9382,9454,9467,ov2_map,0,0.000
1781208262.375,15.302,9382,9454,9468,ov2_est,0,0.000
1781208262.375,15.302,9382,9454,9470,ov2_main,1,0.000
1781208262.375,15.302,9382,9454,9471,ov2_feed,1,0.000
1781208262.426,15.354,9382,9454,9454,ov2slam_node,3,0.000
1781208262.426,15.354,9382,9454,9455,ov2slam_nod-ust,1,0.000
1781208262.426,15.354,9382,9454,9456,ov2slam_nod-ust,2,0.000
1781208262.426,15.354,9382,9454,9457,ov2slam_node,1,0.000
1781208262.426,15.354,9382,9454,9458,ov2slam_node,2,0.000
1781208262.426,15.354,9382,9454,9459,gc,1,0.000
1781208262.426,15.354,9382,9454,9460,dq.builtins,2,0.000
1781208262.426,15.354,9382,9454,9461,dq.user,1,0.000
1781208262.426,15.354,9382,9454,9462,tev,2,0.000
1781208262.426,15.354,9382,9454,9463,recv,1,0.000
1781208262.426,15.354,9382,9454,9464,recvUC,2,0.000
1781208262.426,15.354,9382,9454,9465,ov2slam_node,1,0.000
1781208262.426,15.354,9382,9454,9466,ov2slam_node,1,0.000
1781208262.426,15.354,9382,9454,9467,ov2_map,0,0.000
1781208262.426,15.354,9382,9454,9468,ov2_est,0,0.000
1781208262.426,15.354,9382,9454,9470,ov2_main,1,0.000
1781208262.426,15.354,9382,9454,9471,ov2_feed,1,0.000
1781208262.478,15.406,9382,9454,9454,ov2slam_node,3,0.000
1781208262.478,15.406,9382,9454,9455,ov2slam_nod-ust,1,0.000
1781208262.478,15.406,9382,9454,9456,ov2slam_nod-ust,2,0.000
1781208262.478,15.406,9382,9454,9457,ov2slam_node,1,0.000
1781208262.478,15.406,9382,9454,9458,ov2slam_node,2,0.000
1781208262.478,15.406,9382,9454,9459,gc,1,0.000
1781208262.478,15.406,9382,9454,9460,dq.builtins,2,0.000
1781208262.478,15.406,9382,9454,9461,dq.user,1,0.000
1781208262.478,15.406,9382,9454,9462,tev,2,0.000
1781208262.478,15.406,9382,9454,9463,recv,1,0.000
1781208262.478,15.406,9382,9454,9464,recvUC,2,0.000
1781208262.478,15.406,9382,9454,9465,ov2slam_node,1,0.000
1781208262.478,15.406,9382,9454,9466,ov2slam_node,1,0.000
1781208262.478,15.406,9382,9454,9467,ov2_map,0,0.000
1781208262.478,15.406,9382,9454,9468,ov2_est,0,19.347
1781208262.478,15.406,9382,9454,9470,ov2_main,1,0.000
1781208262.478,15.406,9382,9454,9471,ov2_feed,1,0.000
1781208262.532,15.460,9382,9454,9454,ov2slam_node,3,0.000
1781208262.532,15.460,9382,9454,9455,ov2slam_nod-ust,1,0.000
1781208262.532,15.460,9382,9454,9456,ov2slam_nod-ust,2,0.000
1781208262.532,15.460,9382,9454,9457,ov2slam_node,1,0.000
1781208262.532,15.460,9382,9454,9458,ov2slam_node,2,0.000
1781208262.532,15.460,9382,9454,9459,gc,1,0.000
1781208262.532,15.460,9382,9454,9460,dq.builtins,2,0.000
1781208262.532,15.460,9382,9454,9461,dq.user,1,0.000
1781208262.532,15.460,9382,9454,9462,tev,2,0.000
1781208262.532,15.460,9382,9454,9463,recv,1,0.000
1781208262.532,15.460,9382,9454,9464,recvUC,2,0.000
1781208262.532,15.460,9382,9454,9465,ov2slam_node,1,0.000
1781208262.532,15.460,9382,9454,9466,ov2slam_node,1,0.000
1781208262.532,15.460,9382,9454,9467,ov2_map,0,0.000
1781208262.532,15.460,9382,9454,9468,ov2_est,0,0.000
1781208262.532,15.460,9382,9454,9470,ov2_main,1,0.000
1781208262.532,15.460,9382,9454,9471,ov2_feed,1,0.000
1781208262.584,15.512,9382,9454,9454,ov2slam_node,3,0.000
1781208262.584,15.512,9382,9454,9455,ov2slam_nod-ust,1,0.000
1781208262.584,15.512,9382,9454,9456,ov2slam_nod-ust,2,0.000
1781208262.584,15.512,9382,9454,9457,ov2slam_node,1,0.000
1781208262.584,15.512,9382,9454,9458,ov2slam_node,2,0.000
1781208262.584,15.512,9382,9454,9459,gc,1,0.000
1781208262.584,15.512,9382,9454,9460,dq.builtins,2,0.000
1781208262.584,15.512,9382,9454,9461,dq.user,1,0.000
1781208262.584,15.512,9382,9454,9462,tev,2,0.000
1781208262.584,15.512,9382,9454,9463,recv,1,0.000
1781208262.584,15.512,9382,9454,9464,recvUC,2,0.000
1781208262.584,15.512,9382,9454,9465,ov2slam_node,1,0.000
1781208262.584,15.512,9382,9454,9466,ov2slam_node,1,0.000
1781208262.584,15.512,9382,9454,9467,ov2_map,0,0.000
1781208262.584,15.512,9382,9454,9468,ov2_est,0,0.000
1781208262.584,15.512,9382,9454,9470,ov2_main,1,0.000
1781208262.584,15.512,9382,9454,9471,ov2_feed,1,0.000
1781208262.636,15.563,9382,9454,9454,ov2slam_node,3,0.000
1781208262.636,15.563,9382,9454,9455,ov2slam_nod-ust,1,0.000
1781208262.636,15.563,9382,9454,9456,ov2slam_nod-ust,2,0.000
1781208262.636,15.563,9382,9454,9457,ov2slam_node,1,0.000
1781208262.636,15.563,9382,9454,9458,ov2slam_node,2,0.000
1781208262.636,15.563,9382,9454,9459,gc,1,0.000
1781208262.636,15.563,9382,9454,9460,dq.builtins,2,0.000
1781208262.636,15.563,9382,9454,9461,dq.user,1,0.000
1781208262.636,15.563,9382,9454,9462,tev,2,0.000
1781208262.636,15.563,9382,9454,9463,recv,1,0.000
1781208262.636,15.563,9382,9454,9464,recvUC,2,0.000
1781208262.636,15.563,9382,9454,9465,ov2slam_node,1,0.000
1781208262.636,15.563,9382,9454,9466,ov2slam_node,1,0.000
1781208262.636,15.563,9382,9454,9467,ov2_map,0,0.000
1781208262.636,15.563,9382,9454,9468,ov2_est,0,0.000
1781208262.636,15.563,9382,9454,9470,ov2_main,1,0.000
1781208262.636,15.563,9382,9454,9471,ov2_feed,0,0.000
1781208262.687,15.615,9382,9454,9454,ov2slam_node,3,0.000
1781208262.687,15.615,9382,9454,9455,ov2slam_nod-ust,1,0.000
1781208262.687,15.615,9382,9454,9456,ov2slam_nod-ust,2,0.000
1781208262.687,15.615,9382,9454,9457,ov2slam_node,1,0.000
1781208262.687,15.615,9382,9454,9458,ov2slam_node,2,0.000
1781208262.687,15.615,9382,9454,9459,gc,1,0.000
1781208262.687,15.615,9382,9454,9460,dq.builtins,2,0.000
1781208262.687,15.615,9382,9454,9461,dq.user,1,0.000
1781208262.687,15.615,9382,9454,9462,tev,2,0.000
1781208262.687,15.615,9382,9454,9463,recv,1,0.000
1781208262.687,15.615,9382,9454,9464,recvUC,2,0.000
1781208262.687,15.615,9382,9454,9465,ov2slam_node,1,0.000
1781208262.687,15.615,9382,9454,9466,ov2slam_node,1,0.000
1781208262.687,15.615,9382,9454,9467,ov2_map,0,0.000
1781208262.687,15.615,9382,9454,9468,ov2_est,0,0.000
1781208262.687,15.615,9382,9454,9470,ov2_main,0,0.000
1781208262.687,15.615,9382,9454,9471,ov2_feed,0,0.000
1781208262.739,15.667,9382,9454,9454,ov2slam_node,3,0.000
1781208262.739,15.667,9382,9454,9455,ov2slam_nod-ust,1,0.000
1781208262.739,15.667,9382,9454,9456,ov2slam_nod-ust,2,0.000
1781208262.739,15.667,9382,9454,9457,ov2slam_node,1,0.000
1781208262.739,15.667,9382,9454,9458,ov2slam_node,2,0.000
1781208262.739,15.667,9382,9454,9459,gc,1,0.000
1781208262.739,15.667,9382,9454,9460,dq.builtins,2,0.000
1781208262.739,15.667,9382,9454,9461,dq.user,1,0.000
1781208262.739,15.667,9382,9454,9462,tev,2,0.000
1781208262.739,15.667,9382,9454,9463,recv,1,0.000
1781208262.739,15.667,9382,9454,9464,recvUC,2,0.000
1781208262.739,15.667,9382,9454,9465,ov2slam_node,1,0.000
1781208262.739,15.667,9382,9454,9466,ov2slam_node,1,0.000
1781208262.739,15.667,9382,9454,9467,ov2_map,3,0.000
1781208262.739,15.667,9382,9454,9468,ov2_est,3,19.333
1781208262.739,15.667,9382,9454,9470,ov2_main,0,0.000
1781208262.739,15.667,9382,9454,9471,ov2_feed,0,0.000
1781208262.791,15.718,9382,9454,9454,ov2slam_node,3,0.000
1781208262.791,15.718,9382,9454,9455,ov2slam_nod-ust,1,0.000
1781208262.791,15.718,9382,9454,9456,ov2slam_nod-ust,2,0.000
1781208262.791,15.718,9382,9454,9457,ov2slam_node,1,0.000
1781208262.791,15.718,9382,9454,9458,ov2slam_node,2,0.000
1781208262.791,15.718,9382,9454,9459,gc,1,0.000
1781208262.791,15.718,9382,9454,9460,dq.builtins,2,0.000
1781208262.791,15.718,9382,9454,9461,dq.user,1,0.000
1781208262.791,15.718,9382,9454,9462,tev,2,0.000
1781208262.791,15.718,9382,9454,9463,recv,1,0.000
1781208262.791,15.718,9382,9454,9464,recvUC,2,0.000
1781208262.791,15.718,9382,9454,9465,ov2slam_node,1,0.000
1781208262.791,15.718,9382,9454,9466,ov2slam_node,1,0.000
1781208262.791,15.718,9382,9454,9467,ov2_map,3,0.000
1781208262.791,15.718,9382,9454,9468,ov2_est,3,0.000
1781208262.791,15.718,9382,9454,9470,ov2_main,0,0.000
1781208262.791,15.718,9382,9454,9471,ov2_feed,0,0.000
1781208262.842,15.770,9382,9454,9454,ov2slam_node,3,0.000
1781208262.842,15.770,9382,9454,9455,ov2slam_nod-ust,1,0.000
1781208262.842,15.770,9382,9454,9456,ov2slam_nod-ust,2,0.000
1781208262.842,15.770,9382,9454,9457,ov2slam_node,1,0.000
1781208262.842,15.770,9382,9454,9458,ov2slam_node,2,0.000
1781208262.842,15.770,9382,9454,9459,gc,1,0.000
1781208262.842,15.770,9382,9454,9460,dq.builtins,2,0.000
1781208262.842,15.770,9382,9454,9461,dq.user,1,0.000
1781208262.842,15.770,9382,9454,9462,tev,2,0.000
1781208262.842,15.770,9382,9454,9463,recv,1,0.000
1781208262.842,15.770,9382,9454,9464,recvUC,2,0.000
1781208262.842,15.770,9382,9454,9465,ov2slam_node,1,0.000
1781208262.842,15.770,9382,9454,9466,ov2slam_node,1,0.000
1781208262.842,15.770,9382,9454,9467,ov2_map,3,19.284
1781208262.842,15.770,9382,9454,9468,ov2_est,3,0.000
1781208262.842,15.770,9382,9454,9470,ov2_main,0,0.000
1781208262.842,15.770,9382,9454,9471,ov2_feed,0,0.000
1781208262.894,15.822,9382,9454,9454,ov2slam_node,3,0.000
1781208262.894,15.822,9382,9454,9455,ov2slam_nod-ust,1,0.000
1781208262.894,15.822,9382,9454,9456,ov2slam_nod-ust,2,0.000
1781208262.894,15.822,9382,9454,9457,ov2slam_node,1,0.000
1781208262.894,15.822,9382,9454,9458,ov2slam_node,2,0.000
1781208262.894,15.822,9382,9454,9459,gc,1,0.000
1781208262.894,15.822,9382,9454,9460,dq.builtins,2,0.000
1781208262.894,15.822,9382,9454,9461,dq.user,1,0.000
1781208262.894,15.822,9382,9454,9462,tev,2,0.000
1781208262.894,15.822,9382,9454,9463,recv,1,0.000
1781208262.894,15.822,9382,9454,9464,recvUC,2,0.000
1781208262.894,15.822,9382,9454,9465,ov2slam_node,1,0.000
1781208262.894,15.822,9382,9454,9466,ov2slam_node,1,0.000
1781208262.894,15.822,9382,9454,9467,ov2_map,3,0.000
1781208262.894,15.822,9382,9454,9468,ov2_est,3,0.000
1781208262.894,15.822,9382,9454,9470,ov2_main,0,0.000
1781208262.894,15.822,9382,9454,9471,ov2_feed,0,0.000
1781208262.946,15.874,9382,9454,9454,ov2slam_node,3,0.000
1781208262.946,15.874,9382,9454,9455,ov2slam_nod-ust,1,0.000
1781208262.946,15.874,9382,9454,9456,ov2slam_nod-ust,2,0.000
1781208262.946,15.874,9382,9454,9457,ov2slam_node,1,0.000
1781208262.946,15.874,9382,9454,9458,ov2slam_node,2,0.000
1781208262.946,15.874,9382,9454,9459,gc,1,0.000
1781208262.946,15.874,9382,9454,9460,dq.builtins,2,0.000
1781208262.946,15.874,9382,9454,9461,dq.user,1,0.000
1781208262.946,15.874,9382,9454,9462,tev,2,0.000
1781208262.946,15.874,9382,9454,9463,recv,1,0.000
1781208262.946,15.874,9382,9454,9464,recvUC,2,0.000
1781208262.946,15.874,9382,9454,9465,ov2slam_node,1,0.000
1781208262.946,15.874,9382,9454,9466,ov2slam_node,1,0.000
1781208262.946,15.874,9382,9454,9467,ov2_map,3,0.000
1781208262.946,15.874,9382,9454,9468,ov2_est,3,0.000
1781208262.946,15.874,9382,9454,9470,ov2_main,0,0.000
1781208262.946,15.874,9382,9454,9471,ov2_feed,0,0.000
1781208262.998,15.926,9382,9454,9454,ov2slam_node,3,0.000
1781208262.998,15.926,9382,9454,9455,ov2slam_nod-ust,1,0.000
1781208262.998,15.926,9382,9454,9456,ov2slam_nod-ust,2,0.000
1781208262.998,15.926,9382,9454,9457,ov2slam_node,1,0.000
1781208262.998,15.926,9382,9454,9458,ov2slam_node,2,0.000
1781208262.998,15.926,9382,9454,9459,gc,1,0.000
1781208262.998,15.926,9382,9454,9460,dq.builtins,2,0.000
1781208262.998,15.926,9382,9454,9461,dq.user,1,0.000
1781208262.998,15.926,9382,9454,9462,tev,2,0.000
1781208262.998,15.926,9382,9454,9463,recv,1,0.000
1781208262.998,15.926,9382,9454,9464,recvUC,2,0.000
1781208262.998,15.926,9382,9454,9465,ov2slam_node,1,0.000
1781208262.998,15.926,9382,9454,9466,ov2slam_node,1,0.000
1781208262.998,15.926,9382,9454,9467,ov2_map,3,0.000
1781208262.998,15.926,9382,9454,9468,ov2_est,3,0.000
1781208262.998,15.926,9382,9454,9470,ov2_main,3,0.000
1781208262.998,15.926,9382,9454,9471,ov2_feed,3,0.000
1781208263.049,15.977,9382,9454,9454,ov2slam_node,3,0.000
1781208263.049,15.977,9382,9454,9455,ov2slam_nod-ust,1,0.000
1781208263.049,15.977,9382,9454,9456,ov2slam_nod-ust,2,0.000
1781208263.049,15.977,9382,9454,9457,ov2slam_node,1,0.000
1781208263.049,15.977,9382,9454,9458,ov2slam_node,2,0.000
1781208263.049,15.977,9382,9454,9459,gc,1,0.000
1781208263.049,15.977,9382,9454,9460,dq.builtins,2,0.000
1781208263.049,15.977,9382,9454,9461,dq.user,1,0.000
1781208263.049,15.977,9382,9454,9462,tev,2,0.000
1781208263.049,15.977,9382,9454,9463,recv,1,0.000
1781208263.049,15.977,9382,9454,9464,recvUC,2,0.000
1781208263.049,15.977,9382,9454,9465,ov2slam_node,1,0.000
1781208263.049,15.977,9382,9454,9466,ov2slam_node,1,0.000
1781208263.049,15.977,9382,9454,9467,ov2_map,3,0.000
1781208263.049,15.977,9382,9454,9468,ov2_est,3,0.000
1781208263.049,15.977,9382,9454,9470,ov2_main,3,0.000
1781208263.049,15.977,9382,9454,9471,ov2_feed,3,19.396
1781208263.101,16.029,9382,9454,9454,ov2slam_node,3,0.000
1781208263.101,16.029,9382,9454,9455,ov2slam_nod-ust,1,0.000
1781208263.101,16.029,9382,9454,9456,ov2slam_nod-ust,2,0.000
1781208263.101,16.029,9382,9454,9457,ov2slam_node,1,0.000
1781208263.101,16.029,9382,9454,9458,ov2slam_node,2,0.000
1781208263.101,16.029,9382,9454,9459,gc,1,0.000
1781208263.101,16.029,9382,9454,9460,dq.builtins,2,0.000
1781208263.101,16.029,9382,9454,9461,dq.user,1,0.000
1781208263.101,16.029,9382,9454,9462,tev,2,0.000
1781208263.101,16.029,9382,9454,9463,recv,1,0.000
1781208263.101,16.029,9382,9454,9464,recvUC,2,0.000
1781208263.101,16.029,9382,9454,9465,ov2slam_node,1,0.000
1781208263.101,16.029,9382,9454,9466,ov2slam_node,1,0.000
1781208263.101,16.029,9382,9454,9467,ov2_map,3,0.000
1781208263.101,16.029,9382,9454,9468,ov2_est,3,0.000
1781208263.101,16.029,9382,9454,9470,ov2_main,3,0.000
1781208263.101,16.029,9382,9454,9471,ov2_feed,3,0.000
1781208263.153,16.081,9382,9454,9454,ov2slam_node,3,0.000
1781208263.153,16.081,9382,9454,9455,ov2slam_nod-ust,1,0.000
1781208263.153,16.081,9382,9454,9456,ov2slam_nod-ust,2,0.000
1781208263.153,16.081,9382,9454,9457,ov2slam_node,1,0.000
1781208263.153,16.081,9382,9454,9458,ov2slam_node,2,0.000
1781208263.153,16.081,9382,9454,9459,gc,1,0.000
1781208263.153,16.081,9382,9454,9460,dq.builtins,3,0.000
1781208263.153,16.081,9382,9454,9461,dq.user,1,0.000
1781208263.153,16.081,9382,9454,9462,tev,3,0.000
1781208263.153,16.081,9382,9454,9463,recv,1,0.000
1781208263.153,16.081,9382,9454,9464,recvUC,2,0.000
1781208263.153,16.081,9382,9454,9465,ov2slam_node,1,0.000
1781208263.153,16.081,9382,9454,9466,ov2slam_node,1,0.000
1781208263.153,16.081,9382,9454,9467,ov2_map,2,0.000
1781208263.153,16.081,9382,9454,9468,ov2_est,2,19.290
1781208263.153,16.081,9382,9454,9470,ov2_main,0,0.000
1781208263.153,16.081,9382,9454,9471,ov2_feed,0,0.000
1781208263.205,16.133,9382,9454,9454,ov2slam_node,3,0.000
1781208263.205,16.133,9382,9454,9455,ov2slam_nod-ust,1,0.000
1781208263.205,16.133,9382,9454,9456,ov2slam_nod-ust,2,0.000
1781208263.205,16.133,9382,9454,9457,ov2slam_node,1,0.000
1781208263.205,16.133,9382,9454,9458,ov2slam_node,2,0.000
1781208263.205,16.133,9382,9454,9459,gc,1,0.000
1781208263.205,16.133,9382,9454,9460,dq.builtins,3,0.000
1781208263.205,16.133,9382,9454,9461,dq.user,1,0.000
1781208263.205,16.133,9382,9454,9462,tev,3,0.000
1781208263.205,16.133,9382,9454,9463,recv,1,0.000
1781208263.205,16.133,9382,9454,9464,recvUC,2,0.000
1781208263.205,16.133,9382,9454,9465,ov2slam_node,1,0.000
1781208263.205,16.133,9382,9454,9466,ov2slam_node,1,0.000
1781208263.205,16.133,9382,9454,9467,ov2_map,2,0.000
1781208263.205,16.133,9382,9454,9468,ov2_est,2,0.000
1781208263.205,16.133,9382,9454,9470,ov2_main,0,0.000
1781208263.205,16.133,9382,9454,9471,ov2_feed,2,0.000
1781208263.256,16.184,9382,9454,9454,ov2slam_node,3,0.000
1781208263.256,16.184,9382,9454,9455,ov2slam_nod-ust,1,0.000
1781208263.256,16.184,9382,9454,9456,ov2slam_nod-ust,2,0.000
1781208263.256,16.184,9382,9454,9457,ov2slam_node,1,0.000
1781208263.256,16.184,9382,9454,9458,ov2slam_node,2,0.000
1781208263.256,16.184,9382,9454,9459,gc,1,0.000
1781208263.256,16.184,9382,9454,9460,dq.builtins,3,0.000
1781208263.256,16.184,9382,9454,9461,dq.user,1,0.000
1781208263.256,16.184,9382,9454,9462,tev,3,0.000
1781208263.256,16.184,9382,9454,9463,recv,1,0.000
1781208263.256,16.184,9382,9454,9464,recvUC,2,0.000
1781208263.256,16.184,9382,9454,9465,ov2slam_node,1,0.000
1781208263.256,16.184,9382,9454,9466,ov2slam_node,1,0.000
1781208263.256,16.184,9382,9454,9467,ov2_map,2,0.000
1781208263.256,16.184,9382,9454,9468,ov2_est,2,0.000
1781208263.256,16.184,9382,9454,9470,ov2_main,0,0.000
1781208263.256,16.184,9382,9454,9471,ov2_feed,2,0.000
1781208263.308,16.236,9382,9454,9454,ov2slam_node,3,0.000
1781208263.308,16.236,9382,9454,9455,ov2slam_nod-ust,1,0.000
1781208263.308,16.236,9382,9454,9456,ov2slam_nod-ust,2,0.000
1781208263.308,16.236,9382,9454,9457,ov2slam_node,1,0.000
1781208263.308,16.236,9382,9454,9458,ov2slam_node,2,0.000
1781208263.308,16.236,9382,9454,9459,gc,1,0.000
1781208263.308,16.236,9382,9454,9460,dq.builtins,3,0.000
1781208263.308,16.236,9382,9454,9461,dq.user,1,0.000
1781208263.308,16.236,9382,9454,9462,tev,3,0.000
1781208263.308,16.236,9382,9454,9463,recv,1,0.000
1781208263.308,16.236,9382,9454,9464,recvUC,2,0.000
1781208263.308,16.236,9382,9454,9465,ov2slam_node,1,0.000
1781208263.308,16.236,9382,9454,9466,ov2slam_node,1,0.000
1781208263.308,16.236,9382,9454,9467,ov2_map,2,0.000
1781208263.308,16.236,9382,9454,9468,ov2_est,2,0.000
1781208263.308,16.236,9382,9454,9470,ov2_main,0,0.000
1781208263.308,16.236,9382,9454,9471,ov2_feed,2,0.000
1781208263.360,16.288,9382,9454,9454,ov2slam_node,3,0.000
1781208263.360,16.288,9382,9454,9455,ov2slam_nod-ust,1,0.000
1781208263.360,16.288,9382,9454,9456,ov2slam_nod-ust,2,0.000
1781208263.360,16.288,9382,9454,9457,ov2slam_node,1,0.000
1781208263.360,16.288,9382,9454,9458,ov2slam_node,2,0.000
1781208263.360,16.288,9382,9454,9459,gc,1,0.000
1781208263.360,16.288,9382,9454,9460,dq.builtins,3,0.000
1781208263.360,16.288,9382,9454,9461,dq.user,1,0.000
1781208263.360,16.288,9382,9454,9462,tev,3,0.000
1781208263.360,16.288,9382,9454,9463,recv,1,0.000
1781208263.360,16.288,9382,9454,9464,recvUC,2,0.000
1781208263.360,16.288,9382,9454,9465,ov2slam_node,1,0.000
1781208263.360,16.288,9382,9454,9466,ov2slam_node,1,0.000
1781208263.360,16.288,9382,9454,9467,ov2_map,2,0.000
1781208263.360,16.288,9382,9454,9468,ov2_est,2,0.000
1781208263.360,16.288,9382,9454,9470,ov2_main,0,0.000
1781208263.360,16.288,9382,9454,9471,ov2_feed,2,0.000
1781208263.412,16.339,9382,9454,9454,ov2slam_node,3,0.000
1781208263.412,16.339,9382,9454,9455,ov2slam_nod-ust,1,0.000
1781208263.412,16.339,9382,9454,9456,ov2slam_nod-ust,2,0.000
1781208263.412,16.339,9382,9454,9457,ov2slam_node,1,0.000
1781208263.412,16.339,9382,9454,9458,ov2slam_node,2,0.000
1781208263.412,16.339,9382,9454,9459,gc,1,0.000
1781208263.412,16.339,9382,9454,9460,dq.builtins,3,0.000
1781208263.412,16.339,9382,9454,9461,dq.user,1,0.000
1781208263.412,16.339,9382,9454,9462,tev,3,0.000
1781208263.412,16.339,9382,9454,9463,recv,1,0.000
1781208263.412,16.339,9382,9454,9464,recvUC,2,0.000
1781208263.412,16.339,9382,9454,9465,ov2slam_node,1,0.000
1781208263.412,16.339,9382,9454,9466,ov2slam_node,1,0.000
1781208263.412,16.339,9382,9454,9467,ov2_map,2,0.000
1781208263.412,16.339,9382,9454,9468,ov2_est,2,0.000
1781208263.412,16.339,9382,9454,9470,ov2_main,0,19.319
1781208263.412,16.339,9382,9454,9471,ov2_feed,2,0.000
1781208263.463,16.391,9382,9454,9454,ov2slam_node,3,0.000
1781208263.463,16.391,9382,9454,9455,ov2slam_nod-ust,1,0.000
1781208263.463,16.391,9382,9454,9456,ov2slam_nod-ust,2,0.000
1781208263.463,16.391,9382,9454,9457,ov2slam_node,1,0.000
1781208263.463,16.391,9382,9454,9458,ov2slam_node,2,0.000
1781208263.463,16.391,9382,9454,9459,gc,1,0.000
1781208263.463,16.391,9382,9454,9460,dq.builtins,3,0.000
1781208263.463,16.391,9382,9454,9461,dq.user,1,0.000
1781208263.463,16.391,9382,9454,9462,tev,3,0.000
1781208263.463,16.391,9382,9454,9463,recv,1,0.000
1781208263.463,16.391,9382,9454,9464,recvUC,2,0.000
1781208263.463,16.391,9382,9454,9465,ov2slam_node,1,0.000
1781208263.463,16.391,9382,9454,9466,ov2slam_node,1,0.000
1781208263.463,16.391,9382,9454,9467,ov2_map,2,0.000
1781208263.463,16.391,9382,9454,9468,ov2_est,2,0.000
1781208263.463,16.391,9382,9454,9470,ov2_main,2,0.000
1781208263.463,16.391,9382,9454,9471,ov2_feed,2,0.000
1781208263.515,16.443,9382,9454,9454,ov2slam_node,3,0.000
1781208263.515,16.443,9382,9454,9455,ov2slam_nod-ust,1,0.000
1781208263.515,16.443,9382,9454,9456,ov2slam_nod-ust,2,0.000
1781208263.515,16.443,9382,9454,9457,ov2slam_node,1,0.000
1781208263.515,16.443,9382,9454,9458,ov2slam_node,2,0.000
1781208263.515,16.443,9382,9454,9459,gc,1,0.000
1781208263.515,16.443,9382,9454,9460,dq.builtins,3,0.000
1781208263.515,16.443,9382,9454,9461,dq.user,1,0.000
1781208263.515,16.443,9382,9454,9462,tev,3,0.000
1781208263.515,16.443,9382,9454,9463,recv,1,0.000
1781208263.515,16.443,9382,9454,9464,recvUC,2,0.000
1781208263.515,16.443,9382,9454,9465,ov2slam_node,2,0.000
1781208263.515,16.443,9382,9454,9466,ov2slam_node,1,0.000
1781208263.515,16.443,9382,9454,9467,ov2_map,2,0.000
1781208263.515,16.443,9382,9454,9468,ov2_est,2,19.197
1781208263.515,16.443,9382,9454,9470,ov2_main,2,0.000
1781208263.515,16.443,9382,9454,9471,ov2_feed,2,0.000
1781208263.568,16.495,9382,9454,9454,ov2slam_node,3,0.000
1781208263.568,16.495,9382,9454,9455,ov2slam_nod-ust,1,0.000
1781208263.568,16.495,9382,9454,9456,ov2slam_nod-ust,2,0.000
1781208263.568,16.495,9382,9454,9457,ov2slam_node,1,0.000
1781208263.568,16.495,9382,9454,9458,ov2slam_node,2,0.000
1781208263.568,16.495,9382,9454,9459,gc,1,0.000
1781208263.568,16.495,9382,9454,9460,dq.builtins,3,0.000
1781208263.568,16.495,9382,9454,9461,dq.user,1,0.000
1781208263.568,16.495,9382,9454,9462,tev,3,0.000
1781208263.568,16.495,9382,9454,9463,recv,1,0.000
1781208263.568,16.495,9382,9454,9464,recvUC,2,0.000
1781208263.568,16.495,9382,9454,9465,ov2slam_node,2,0.000
1781208263.568,16.495,9382,9454,9466,ov2slam_node,1,0.000
1781208263.568,16.495,9382,9454,9467,ov2_map,2,0.000
1781208263.568,16.495,9382,9454,9468,ov2_est,2,0.000
1781208263.568,16.495,9382,9454,9470,ov2_main,2,0.000
1781208263.568,16.495,9382,9454,9471,ov2_feed,2,0.000
1781208263.620,16.548,9382,9454,9454,ov2slam_node,3,0.000
1781208263.620,16.548,9382,9454,9455,ov2slam_nod-ust,1,0.000
1781208263.620,16.548,9382,9454,9456,ov2slam_nod-ust,2,0.000
1781208263.620,16.548,9382,9454,9457,ov2slam_node,1,0.000
1781208263.620,16.548,9382,9454,9458,ov2slam_node,2,0.000
1781208263.620,16.548,9382,9454,9459,gc,1,0.000
1781208263.620,16.548,9382,9454,9460,dq.builtins,3,0.000
1781208263.620,16.548,9382,9454,9461,dq.user,1,0.000
1781208263.620,16.548,9382,9454,9462,tev,3,0.000
1781208263.620,16.548,9382,9454,9463,recv,1,0.000
1781208263.620,16.548,9382,9454,9464,recvUC,2,0.000
1781208263.620,16.548,9382,9454,9465,ov2slam_node,2,0.000
1781208263.620,16.548,9382,9454,9466,ov2slam_node,1,0.000
1781208263.620,16.548,9382,9454,9467,ov2_map,2,0.000
1781208263.620,16.548,9382,9454,9468,ov2_est,2,0.000
1781208263.620,16.548,9382,9454,9470,ov2_main,2,0.000
1781208263.620,16.548,9382,9454,9471,ov2_feed,2,0.000
1781208263.671,16.599,9382,9454,9454,ov2slam_node,3,0.000
1781208263.671,16.599,9382,9454,9455,ov2slam_nod-ust,1,0.000
1781208263.671,16.599,9382,9454,9456,ov2slam_nod-ust,2,0.000
1781208263.671,16.599,9382,9454,9457,ov2slam_node,1,0.000
1781208263.671,16.599,9382,9454,9458,ov2slam_node,2,0.000
1781208263.671,16.599,9382,9454,9459,gc,1,0.000
1781208263.671,16.599,9382,9454,9460,dq.builtins,3,0.000
1781208263.671,16.599,9382,9454,9461,dq.user,1,0.000
1781208263.671,16.599,9382,9454,9462,tev,3,0.000
1781208263.671,16.599,9382,9454,9463,recv,1,0.000
1781208263.671,16.599,9382,9454,9464,recvUC,2,0.000
1781208263.671,16.599,9382,9454,9465,ov2slam_node,2,0.000
1781208263.671,16.599,9382,9454,9466,ov2slam_node,1,0.000
1781208263.671,16.599,9382,9454,9467,ov2_map,2,19.339
1781208263.671,16.599,9382,9454,9468,ov2_est,2,0.000
1781208263.671,16.599,9382,9454,9470,ov2_main,2,0.000
1781208263.671,16.599,9382,9454,9471,ov2_feed,2,0.000
1781208263.723,16.651,9382,9454,9454,ov2slam_node,3,0.000
1781208263.723,16.651,9382,9454,9455,ov2slam_nod-ust,1,0.000
1781208263.723,16.651,9382,9454,9456,ov2slam_nod-ust,2,0.000
1781208263.723,16.651,9382,9454,9457,ov2slam_node,1,0.000
1781208263.723,16.651,9382,9454,9458,ov2slam_node,2,0.000
1781208263.723,16.651,9382,9454,9459,gc,1,0.000
1781208263.723,16.651,9382,9454,9460,dq.builtins,3,0.000
1781208263.723,16.651,9382,9454,9461,dq.user,1,0.000
1781208263.723,16.651,9382,9454,9462,tev,3,0.000
1781208263.723,16.651,9382,9454,9463,recv,1,0.000
1781208263.723,16.651,9382,9454,9464,recvUC,2,0.000
1781208263.723,16.651,9382,9454,9465,ov2slam_node,2,0.000
1781208263.723,16.651,9382,9454,9466,ov2slam_node,1,0.000
1781208263.723,16.651,9382,9454,9467,ov2_map,2,0.000
1781208263.723,16.651,9382,9454,9468,ov2_est,2,0.000
1781208263.723,16.651,9382,9454,9470,ov2_main,2,0.000
1781208263.723,16.651,9382,9454,9471,ov2_feed,2,0.000
1781208263.775,16.703,9382,9454,9454,ov2slam_node,3,0.000
1781208263.775,16.703,9382,9454,9455,ov2slam_nod-ust,1,0.000
1781208263.775,16.703,9382,9454,9456,ov2slam_nod-ust,2,0.000
1781208263.775,16.703,9382,9454,9457,ov2slam_node,1,0.000
1781208263.775,16.703,9382,9454,9458,ov2slam_node,2,0.000
1781208263.775,16.703,9382,9454,9459,gc,1,0.000
1781208263.775,16.703,9382,9454,9460,dq.builtins,3,0.000
1781208263.775,16.703,9382,9454,9461,dq.user,1,0.000
1781208263.775,16.703,9382,9454,9462,tev,3,0.000
1781208263.775,16.703,9382,9454,9463,recv,1,0.000
1781208263.775,16.703,9382,9454,9464,recvUC,2,0.000
1781208263.775,16.703,9382,9454,9465,ov2slam_node,2,0.000
1781208263.775,16.703,9382,9454,9466,ov2slam_node,1,0.000
1781208263.775,16.703,9382,9454,9467,ov2_map,2,0.000
1781208263.775,16.703,9382,9454,9468,ov2_est,2,0.000
1781208263.775,16.703,9382,9454,9470,ov2_main,2,0.000
1781208263.775,16.703,9382,9454,9471,ov2_feed,0,0.000
1781208263.827,16.754,9382,9454,9454,ov2slam_node,3,0.000
1781208263.827,16.754,9382,9454,9455,ov2slam_nod-ust,1,0.000
1781208263.827,16.754,9382,9454,9456,ov2slam_nod-ust,2,0.000
1781208263.827,16.754,9382,9454,9457,ov2slam_node,1,0.000
1781208263.827,16.754,9382,9454,9458,ov2slam_node,2,0.000
1781208263.827,16.754,9382,9454,9459,gc,1,0.000
1781208263.827,16.754,9382,9454,9460,dq.builtins,3,0.000
1781208263.827,16.754,9382,9454,9461,dq.user,1,0.000
1781208263.827,16.754,9382,9454,9462,tev,3,0.000
1781208263.827,16.754,9382,9454,9463,recv,1,0.000
1781208263.827,16.754,9382,9454,9464,recvUC,2,0.000
1781208263.827,16.754,9382,9454,9465,ov2slam_node,2,0.000
1781208263.827,16.754,9382,9454,9466,ov2slam_node,1,0.000
1781208263.827,16.754,9382,9454,9467,ov2_map,2,0.000
1781208263.827,16.754,9382,9454,9468,ov2_est,2,19.367
1781208263.827,16.754,9382,9454,9470,ov2_main,2,0.000
1781208263.827,16.754,9382,9454,9471,ov2_feed,3,0.000
1781208263.878,16.806,9382,9454,9454,ov2slam_node,3,0.000
1781208263.878,16.806,9382,9454,9455,ov2slam_nod-ust,1,0.000
1781208263.878,16.806,9382,9454,9456,ov2slam_nod-ust,2,0.000
1781208263.878,16.806,9382,9454,9457,ov2slam_node,1,0.000
1781208263.878,16.806,9382,9454,9458,ov2slam_node,2,0.000
1781208263.878,16.806,9382,9454,9459,gc,1,0.000
1781208263.878,16.806,9382,9454,9460,dq.builtins,3,0.000
1781208263.878,16.806,9382,9454,9461,dq.user,1,0.000
1781208263.878,16.806,9382,9454,9462,tev,3,0.000
1781208263.878,16.806,9382,9454,9463,recv,1,0.000
1781208263.878,16.806,9382,9454,9464,recvUC,2,0.000
1781208263.878,16.806,9382,9454,9465,ov2slam_node,2,0.000
1781208263.878,16.806,9382,9454,9466,ov2slam_node,1,0.000
1781208263.878,16.806,9382,9454,9467,ov2_map,2,0.000
1781208263.878,16.806,9382,9454,9468,ov2_est,2,0.000
1781208263.878,16.806,9382,9454,9470,ov2_main,2,0.000
1781208263.878,16.806,9382,9454,9471,ov2_feed,2,0.000
1781208263.930,16.858,9382,9454,9454,ov2slam_node,3,0.000
1781208263.930,16.858,9382,9454,9455,ov2slam_nod-ust,1,0.000
1781208263.930,16.858,9382,9454,9456,ov2slam_nod-ust,2,0.000
1781208263.930,16.858,9382,9454,9457,ov2slam_node,1,0.000
1781208263.930,16.858,9382,9454,9458,ov2slam_node,2,0.000
1781208263.930,16.858,9382,9454,9459,gc,1,0.000
1781208263.930,16.858,9382,9454,9460,dq.builtins,3,0.000
1781208263.930,16.858,9382,9454,9461,dq.user,1,0.000
1781208263.930,16.858,9382,9454,9462,tev,3,0.000
1781208263.930,16.858,9382,9454,9463,recv,1,0.000
1781208263.930,16.858,9382,9454,9464,recvUC,2,0.000
1781208263.930,16.858,9382,9454,9465,ov2slam_node,2,0.000
1781208263.930,16.858,9382,9454,9466,ov2slam_node,1,0.000
1781208263.930,16.858,9382,9454,9467,ov2_map,2,0.000
1781208263.930,16.858,9382,9454,9468,ov2_est,2,0.000
1781208263.930,16.858,9382,9454,9470,ov2_main,2,0.000
1781208263.930,16.858,9382,9454,9471,ov2_feed,2,0.000
1781208263.982,16.910,9382,9454,9454,ov2slam_node,3,0.000
1781208263.982,16.910,9382,9454,9455,ov2slam_nod-ust,1,0.000
1781208263.982,16.910,9382,9454,9456,ov2slam_nod-ust,2,0.000
1781208263.982,16.910,9382,9454,9457,ov2slam_node,1,0.000
1781208263.982,16.910,9382,9454,9458,ov2slam_node,2,0.000
1781208263.982,16.910,9382,9454,9459,gc,1,0.000
1781208263.982,16.910,9382,9454,9460,dq.builtins,3,0.000
1781208263.982,16.910,9382,9454,9461,dq.user,1,0.000
1781208263.982,16.910,9382,9454,9462,tev,3,0.000
1781208263.982,16.910,9382,9454,9463,recv,1,0.000
1781208263.982,16.910,9382,9454,9464,recvUC,2,0.000
1781208263.982,16.910,9382,9454,9465,ov2slam_node,2,0.000
1781208263.982,16.910,9382,9454,9466,ov2slam_node,1,0.000
1781208263.982,16.910,9382,9454,9467,ov2_map,2,0.000
1781208263.982,16.910,9382,9454,9468,ov2_est,2,0.000
1781208263.982,16.910,9382,9454,9470,ov2_main,2,0.000
1781208263.982,16.910,9382,9454,9471,ov2_feed,2,0.000
1781208264.034,16.962,9382,9454,9454,ov2slam_node,3,0.000
1781208264.034,16.962,9382,9454,9455,ov2slam_nod-ust,1,0.000
1781208264.034,16.962,9382,9454,9456,ov2slam_nod-ust,2,0.000
1781208264.034,16.962,9382,9454,9457,ov2slam_node,1,0.000
1781208264.034,16.962,9382,9454,9458,ov2slam_node,2,0.000
1781208264.034,16.962,9382,9454,9459,gc,1,0.000
1781208264.034,16.962,9382,9454,9460,dq.builtins,3,0.000
1781208264.034,16.962,9382,9454,9461,dq.user,1,0.000
1781208264.034,16.962,9382,9454,9462,tev,3,0.000
1781208264.034,16.962,9382,9454,9463,recv,1,0.000
1781208264.034,16.962,9382,9454,9464,recvUC,2,0.000
1781208264.034,16.962,9382,9454,9465,ov2slam_node,2,0.000
1781208264.034,16.962,9382,9454,9466,ov2slam_node,1,0.000
1781208264.034,16.962,9382,9454,9467,ov2_map,2,0.000
1781208264.034,16.962,9382,9454,9468,ov2_est,2,0.000
1781208264.034,16.962,9382,9454,9470,ov2_main,2,0.000
1781208264.034,16.962,9382,9454,9471,ov2_feed,2,0.000
1781208264.085,17.013,9382,9454,9454,ov2slam_node,3,0.000
1781208264.085,17.013,9382,9454,9455,ov2slam_nod-ust,1,0.000
1781208264.085,17.013,9382,9454,9456,ov2slam_nod-ust,2,0.000
1781208264.085,17.013,9382,9454,9457,ov2slam_node,1,0.000
1781208264.085,17.013,9382,9454,9458,ov2slam_node,2,0.000
1781208264.085,17.013,9382,9454,9459,gc,1,0.000
1781208264.085,17.013,9382,9454,9460,dq.builtins,3,0.000
1781208264.085,17.013,9382,9454,9461,dq.user,1,0.000
1781208264.085,17.013,9382,9454,9462,tev,3,0.000
1781208264.085,17.013,9382,9454,9463,recv,1,0.000
1781208264.085,17.013,9382,9454,9464,recvUC,2,0.000
1781208264.085,17.013,9382,9454,9465,ov2slam_node,2,0.000
1781208264.085,17.013,9382,9454,9466,ov2slam_node,1,0.000
1781208264.085,17.013,9382,9454,9467,ov2_map,2,0.000
1781208264.085,17.013,9382,9454,9468,ov2_est,1,19.360
1781208264.085,17.013,9382,9454,9470,ov2_main,2,0.000
1781208264.085,17.013,9382,9454,9471,ov2_feed,2,0.000
1781208264.138,17.066,9382,9454,9454,ov2slam_node,3,0.000
1781208264.138,17.066,9382,9454,9455,ov2slam_nod-ust,1,0.000
1781208264.138,17.066,9382,9454,9456,ov2slam_nod-ust,2,0.000
1781208264.138,17.066,9382,9454,9457,ov2slam_node,1,0.000
1781208264.138,17.066,9382,9454,9458,ov2slam_node,2,0.000
1781208264.138,17.066,9382,9454,9459,gc,1,0.000
1781208264.138,17.066,9382,9454,9460,dq.builtins,3,0.000
1781208264.138,17.066,9382,9454,9461,dq.user,1,0.000
1781208264.138,17.066,9382,9454,9462,tev,3,0.000
1781208264.138,17.066,9382,9454,9463,recv,1,0.000
1781208264.138,17.066,9382,9454,9464,recvUC,2,0.000
1781208264.138,17.066,9382,9454,9465,ov2slam_node,2,0.000
1781208264.138,17.066,9382,9454,9466,ov2slam_node,1,0.000
1781208264.138,17.066,9382,9454,9467,ov2_map,2,0.000
1781208264.138,17.066,9382,9454,9468,ov2_est,2,0.000
1781208264.138,17.066,9382,9454,9470,ov2_main,1,0.000
1781208264.138,17.066,9382,9454,9471,ov2_feed,2,0.000
1781208264.191,17.119,9382,9454,9454,ov2slam_node,3,0.000
1781208264.191,17.119,9382,9454,9455,ov2slam_nod-ust,1,0.000
1781208264.191,17.119,9382,9454,9456,ov2slam_nod-ust,2,0.000
1781208264.191,17.119,9382,9454,9457,ov2slam_node,1,0.000
1781208264.191,17.119,9382,9454,9458,ov2slam_node,2,0.000
1781208264.191,17.119,9382,9454,9459,gc,1,0.000
1781208264.191,17.119,9382,9454,9460,dq.builtins,3,0.000
1781208264.191,17.119,9382,9454,9461,dq.user,1,0.000
1781208264.191,17.119,9382,9454,9462,tev,3,0.000
1781208264.191,17.119,9382,9454,9463,recv,1,0.000
1781208264.191,17.119,9382,9454,9464,recvUC,2,0.000
1781208264.191,17.119,9382,9454,9465,ov2slam_node,2,0.000
1781208264.191,17.119,9382,9454,9466,ov2slam_node,1,0.000
1781208264.191,17.119,9382,9454,9467,ov2_map,2,0.000
1781208264.191,17.119,9382,9454,9468,ov2_est,2,0.000
1781208264.191,17.119,9382,9454,9470,ov2_main,1,0.000
1781208264.191,17.119,9382,9454,9471,ov2_feed,2,0.000
1781208264.243,17.171,9382,9454,9454,ov2slam_node,3,0.000
1781208264.243,17.171,9382,9454,9455,ov2slam_nod-ust,1,0.000
1781208264.243,17.171,9382,9454,9456,ov2slam_nod-ust,2,0.000
1781208264.243,17.171,9382,9454,9457,ov2slam_node,1,0.000
1781208264.243,17.171,9382,9454,9458,ov2slam_node,2,0.000
1781208264.243,17.171,9382,9454,9459,gc,1,0.000
1781208264.243,17.171,9382,9454,9460,dq.builtins,3,0.000
1781208264.243,17.171,9382,9454,9461,dq.user,1,0.000
1781208264.243,17.171,9382,9454,9462,tev,3,0.000
1781208264.243,17.171,9382,9454,9463,recv,1,0.000
1781208264.243,17.171,9382,9454,9464,recvUC,2,0.000
1781208264.243,17.171,9382,9454,9465,ov2slam_node,2,0.000
1781208264.243,17.171,9382,9454,9466,ov2slam_node,1,0.000
1781208264.243,17.171,9382,9454,9467,ov2_map,2,0.000
1781208264.243,17.171,9382,9454,9468,ov2_est,2,0.000
1781208264.243,17.171,9382,9454,9470,ov2_main,1,0.000
1781208264.243,17.171,9382,9454,9471,ov2_feed,2,0.000
1781208264.296,17.224,9382,9454,9454,ov2slam_node,3,0.000
1781208264.296,17.224,9382,9454,9455,ov2slam_nod-ust,1,0.000
1781208264.296,17.224,9382,9454,9456,ov2slam_nod-ust,2,0.000
1781208264.296,17.224,9382,9454,9457,ov2slam_node,1,0.000
1781208264.296,17.224,9382,9454,9458,ov2slam_node,2,0.000
1781208264.296,17.224,9382,9454,9459,gc,1,0.000
1781208264.296,17.224,9382,9454,9460,dq.builtins,3,0.000
1781208264.296,17.224,9382,9454,9461,dq.user,1,0.000
1781208264.296,17.224,9382,9454,9462,tev,3,0.000
1781208264.296,17.224,9382,9454,9463,recv,1,0.000
1781208264.296,17.224,9382,9454,9464,recvUC,2,0.000
1781208264.296,17.224,9382,9454,9465,ov2slam_node,2,0.000
1781208264.296,17.224,9382,9454,9466,ov2slam_node,1,0.000
1781208264.296,17.224,9382,9454,9467,ov2_map,2,0.000
1781208264.296,17.224,9382,9454,9468,ov2_est,2,0.000
1781208264.296,17.224,9382,9454,9470,ov2_main,1,0.000
1781208264.296,17.224,9382,9454,9471,ov2_feed,2,0.000
1781208264.348,17.276,9382,9454,9454,ov2slam_node,3,0.000
1781208264.348,17.276,9382,9454,9455,ov2slam_nod-ust,1,0.000
1781208264.348,17.276,9382,9454,9456,ov2slam_nod-ust,2,0.000
1781208264.348,17.276,9382,9454,9457,ov2slam_node,1,0.000
1781208264.348,17.276,9382,9454,9458,ov2slam_node,2,0.000
1781208264.348,17.276,9382,9454,9459,gc,1,0.000
1781208264.348,17.276,9382,9454,9460,dq.builtins,3,0.000
1781208264.348,17.276,9382,9454,9461,dq.user,1,0.000
1781208264.348,17.276,9382,9454,9462,tev,3,0.000
1781208264.348,17.276,9382,9454,9463,recv,1,0.000
1781208264.348,17.276,9382,9454,9464,recvUC,2,0.000
1781208264.348,17.276,9382,9454,9465,ov2slam_node,2,0.000
1781208264.348,17.276,9382,9454,9466,ov2slam_node,1,0.000
1781208264.348,17.276,9382,9454,9467,ov2_map,2,0.000
1781208264.348,17.276,9382,9454,9468,ov2_est,2,0.000
1781208264.348,17.276,9382,9454,9470,ov2_main,1,0.000
1781208264.348,17.276,9382,9454,9471,ov2_feed,2,0.000
1781208264.400,17.328,9382,9454,9454,ov2slam_node,3,0.000
1781208264.400,17.328,9382,9454,9455,ov2slam_nod-ust,1,0.000
1781208264.400,17.328,9382,9454,9456,ov2slam_nod-ust,2,0.000
1781208264.400,17.328,9382,9454,9457,ov2slam_node,1,0.000
1781208264.400,17.328,9382,9454,9458,ov2slam_node,2,0.000
1781208264.400,17.328,9382,9454,9459,gc,1,0.000
1781208264.400,17.328,9382,9454,9460,dq.builtins,3,0.000
1781208264.400,17.328,9382,9454,9461,dq.user,1,0.000
1781208264.400,17.328,9382,9454,9462,tev,3,0.000
1781208264.400,17.328,9382,9454,9463,recv,1,0.000
1781208264.400,17.328,9382,9454,9464,recvUC,2,0.000
1781208264.400,17.328,9382,9454,9465,ov2slam_node,2,0.000
1781208264.400,17.328,9382,9454,9466,ov2slam_node,1,0.000
1781208264.400,17.328,9382,9454,9467,ov2_map,2,0.000
1781208264.400,17.328,9382,9454,9468,ov2_est,2,0.000
1781208264.400,17.328,9382,9454,9470,ov2_main,1,0.000
1781208264.400,17.328,9382,9454,9471,ov2_feed,2,0.000
1781208264.453,17.380,9382,9454,9454,ov2slam_node,3,0.000
1781208264.453,17.380,9382,9454,9455,ov2slam_nod-ust,1,0.000
1781208264.453,17.380,9382,9454,9456,ov2slam_nod-ust,2,0.000
1781208264.453,17.380,9382,9454,9457,ov2slam_node,1,0.000
1781208264.453,17.380,9382,9454,9458,ov2slam_node,2,0.000
1781208264.453,17.380,9382,9454,9459,gc,1,0.000
1781208264.453,17.380,9382,9454,9460,dq.builtins,3,0.000
1781208264.453,17.380,9382,9454,9461,dq.user,1,0.000
1781208264.453,17.380,9382,9454,9462,tev,3,0.000
1781208264.453,17.380,9382,9454,9463,recv,1,0.000
1781208264.453,17.380,9382,9454,9464,recvUC,2,0.000
1781208264.453,17.380,9382,9454,9465,ov2slam_node,2,0.000
1781208264.453,17.380,9382,9454,9466,ov2slam_node,1,0.000
1781208264.453,17.380,9382,9454,9467,ov2_map,2,0.000
1781208264.453,17.380,9382,9454,9468,ov2_est,2,0.000
1781208264.453,17.380,9382,9454,9470,ov2_main,1,0.000
1781208264.453,17.380,9382,9454,9471,ov2_feed,2,0.000
1781208264.504,17.432,9382,9454,9454,ov2slam_node,3,0.000
1781208264.504,17.432,9382,9454,9455,ov2slam_nod-ust,1,0.000
1781208264.504,17.432,9382,9454,9456,ov2slam_nod-ust,2,0.000
1781208264.504,17.432,9382,9454,9457,ov2slam_node,1,0.000
1781208264.504,17.432,9382,9454,9458,ov2slam_node,2,0.000
1781208264.504,17.432,9382,9454,9459,gc,1,0.000
1781208264.504,17.432,9382,9454,9460,dq.builtins,3,0.000
1781208264.504,17.432,9382,9454,9461,dq.user,1,0.000
1781208264.504,17.432,9382,9454,9462,tev,3,0.000
1781208264.504,17.432,9382,9454,9463,recv,1,0.000
1781208264.504,17.432,9382,9454,9464,recvUC,2,0.000
1781208264.504,17.432,9382,9454,9465,ov2slam_node,2,0.000
1781208264.504,17.432,9382,9454,9466,ov2slam_node,1,0.000
1781208264.504,17.432,9382,9454,9467,ov2_map,2,0.000
1781208264.504,17.432,9382,9454,9468,ov2_est,2,19.370
1781208264.504,17.432,9382,9454,9470,ov2_main,1,0.000
1781208264.504,17.432,9382,9454,9471,ov2_feed,2,0.000
1781208264.557,17.485,9382,9454,9454,ov2slam_node,3,0.000
1781208264.557,17.485,9382,9454,9455,ov2slam_nod-ust,1,0.000
1781208264.557,17.485,9382,9454,9456,ov2slam_nod-ust,2,0.000
1781208264.557,17.485,9382,9454,9457,ov2slam_node,1,0.000
1781208264.557,17.485,9382,9454,9458,ov2slam_node,2,0.000
1781208264.557,17.485,9382,9454,9459,gc,1,0.000
1781208264.557,17.485,9382,9454,9460,dq.builtins,3,0.000
1781208264.557,17.485,9382,9454,9461,dq.user,1,0.000
1781208264.557,17.485,9382,9454,9462,tev,3,0.000
1781208264.557,17.485,9382,9454,9463,recv,1,0.000
1781208264.557,17.485,9382,9454,9464,recvUC,2,0.000
1781208264.557,17.485,9382,9454,9465,ov2slam_node,2,0.000
1781208264.557,17.485,9382,9454,9466,ov2slam_node,1,0.000
1781208264.557,17.485,9382,9454,9467,ov2_map,2,18.924
1781208264.557,17.485,9382,9454,9468,ov2_est,2,0.000
1781208264.557,17.485,9382,9454,9470,ov2_main,1,18.924
1781208264.557,17.485,9382,9454,9471,ov2_feed,3,0.000
1781208264.557,17.485,9382,9454,9565,ov2_main,3,0.000
1781208264.557,17.485,9382,9454,9566,ov2_main,2,0.000
1781208264.557,17.485,9382,9454,9567,ov2_main,3,0.000
1781208264.612,17.539,9382,9454,9454,ov2slam_node,3,0.000
1781208264.612,17.539,9382,9454,9455,ov2slam_nod-ust,1,0.000
1781208264.612,17.539,9382,9454,9456,ov2slam_nod-ust,2,0.000
1781208264.612,17.539,9382,9454,9457,ov2slam_node,1,0.000
1781208264.612,17.539,9382,9454,9458,ov2slam_node,2,0.000
1781208264.612,17.539,9382,9454,9459,gc,1,0.000
1781208264.612,17.539,9382,9454,9460,dq.builtins,3,0.000
1781208264.612,17.539,9382,9454,9461,dq.user,1,0.000
1781208264.612,17.539,9382,9454,9462,tev,3,0.000
1781208264.612,17.539,9382,9454,9463,recv,1,0.000
1781208264.612,17.539,9382,9454,9464,recvUC,2,0.000
1781208264.612,17.539,9382,9454,9465,ov2slam_node,2,0.000
1781208264.612,17.539,9382,9454,9466,ov2slam_node,1,0.000
1781208264.612,17.539,9382,9454,9467,ov2_map,2,0.000
1781208264.612,17.539,9382,9454,9468,ov2_est,2,0.000
1781208264.612,17.539,9382,9454,9470,ov2_main,1,18.351
1781208264.612,17.539,9382,9454,9471,ov2_feed,3,0.000
1781208264.612,17.539,9382,9454,9565,ov2_main,3,0.000
1781208264.612,17.539,9382,9454,9566,ov2_main,2,0.000
1781208264.612,17.539,9382,9454,9567,ov2_main,3,0.000
1781208264.664,17.592,9382,9454,9454,ov2slam_node,3,0.000
1781208264.664,17.592,9382,9454,9455,ov2slam_nod-ust,1,0.000
1781208264.664,17.592,9382,9454,9456,ov2slam_nod-ust,2,0.000
1781208264.664,17.592,9382,9454,9457,ov2slam_node,1,0.000
1781208264.664,17.592,9382,9454,9458,ov2slam_node,2,0.000
1781208264.664,17.592,9382,9454,9459,gc,1,0.000
1781208264.664,17.592,9382,9454,9460,dq.builtins,3,0.000
1781208264.664,17.592,9382,9454,9461,dq.user,1,0.000
1781208264.664,17.592,9382,9454,9462,tev,3,0.000
1781208264.664,17.592,9382,9454,9463,recv,1,0.000
1781208264.664,17.592,9382,9454,9464,recvUC,3,0.000
1781208264.664,17.592,9382,9454,9465,ov2slam_node,2,0.000
1781208264.664,17.592,9382,9454,9466,ov2slam_node,1,0.000
1781208264.664,17.592,9382,9454,9467,ov2_map,2,0.000
1781208264.664,17.592,9382,9454,9468,ov2_est,2,0.000
1781208264.664,17.592,9382,9454,9470,ov2_main,1,0.000
1781208264.664,17.592,9382,9454,9471,ov2_feed,3,0.000
1781208264.664,17.592,9382,9454,9565,ov2_main,0,0.000
1781208264.664,17.592,9382,9454,9566,ov2_main,2,0.000
1781208264.664,17.592,9382,9454,9567,ov2_main,0,0.000
1781208264.716,17.644,9382,9454,9454,ov2slam_node,3,0.000
1781208264.716,17.644,9382,9454,9455,ov2slam_nod-ust,1,0.000
1781208264.716,17.644,9382,9454,9456,ov2slam_nod-ust,2,0.000
1781208264.716,17.644,9382,9454,9457,ov2slam_node,1,0.000
1781208264.716,17.644,9382,9454,9458,ov2slam_node,2,0.000
1781208264.716,17.644,9382,9454,9459,gc,1,0.000
1781208264.716,17.644,9382,9454,9460,dq.builtins,3,0.000
1781208264.716,17.644,9382,9454,9461,dq.user,1,0.000
1781208264.716,17.644,9382,9454,9462,tev,3,0.000
1781208264.716,17.644,9382,9454,9463,recv,1,0.000
1781208264.716,17.644,9382,9454,9464,recvUC,3,0.000
1781208264.716,17.644,9382,9454,9465,ov2slam_node,2,0.000
1781208264.716,17.644,9382,9454,9466,ov2slam_node,3,0.000
1781208264.716,17.644,9382,9454,9467,ov2_map,3,0.000
1781208264.716,17.644,9382,9454,9468,ov2_est,3,0.000
1781208264.716,17.644,9382,9454,9470,ov2_main,0,19.284
1781208264.716,17.644,9382,9454,9471,ov2_feed,3,0.000
1781208264.716,17.644,9382,9454,9565,ov2_main,3,0.000
1781208264.716,17.644,9382,9454,9566,ov2_main,2,0.000
1781208264.716,17.644,9382,9454,9567,ov2_main,3,0.000
1781208264.769,17.697,9382,9454,9454,ov2slam_node,3,0.000
1781208264.769,17.697,9382,9454,9455,ov2slam_nod-ust,1,0.000
1781208264.769,17.697,9382,9454,9456,ov2slam_nod-ust,2,0.000
1781208264.769,17.697,9382,9454,9457,ov2slam_node,1,0.000
1781208264.769,17.697,9382,9454,9458,ov2slam_node,2,0.000
1781208264.769,17.697,9382,9454,9459,gc,1,0.000
1781208264.769,17.697,9382,9454,9460,dq.builtins,3,0.000
1781208264.769,17.697,9382,9454,9461,dq.user,1,0.000
1781208264.769,17.697,9382,9454,9462,tev,3,0.000
1781208264.769,17.697,9382,9454,9463,recv,1,0.000
1781208264.769,17.697,9382,9454,9464,recvUC,3,0.000
1781208264.769,17.697,9382,9454,9465,ov2slam_node,2,0.000
1781208264.769,17.697,9382,9454,9466,ov2slam_node,3,0.000
1781208264.769,17.697,9382,9454,9467,ov2_map,3,0.000
1781208264.769,17.697,9382,9454,9468,ov2_est,3,0.000
1781208264.769,17.697,9382,9454,9470,ov2_main,0,18.693
1781208264.769,17.697,9382,9454,9471,ov2_feed,3,0.000
1781208264.769,17.697,9382,9454,9565,ov2_main,3,18.693
1781208264.769,17.697,9382,9454,9566,ov2_main,2,18.693
1781208264.769,17.697,9382,9454,9567,ov2_main,3,18.693
1781208264.821,17.749,9382,9454,9454,ov2slam_node,3,0.000
1781208264.821,17.749,9382,9454,9455,ov2slam_nod-ust,1,0.000
1781208264.821,17.749,9382,9454,9456,ov2slam_nod-ust,2,0.000
1781208264.821,17.749,9382,9454,9457,ov2slam_node,1,0.000
1781208264.821,17.749,9382,9454,9458,ov2slam_node,2,0.000
1781208264.821,17.749,9382,9454,9459,gc,1,0.000
1781208264.821,17.749,9382,9454,9460,dq.builtins,3,0.000
1781208264.821,17.749,9382,9454,9461,dq.user,1,0.000
1781208264.821,17.749,9382,9454,9462,tev,3,0.000
1781208264.821,17.749,9382,9454,9463,recv,1,0.000
1781208264.821,17.749,9382,9454,9464,recvUC,3,0.000
1781208264.821,17.749,9382,9454,9465,ov2slam_node,2,0.000
1781208264.821,17.749,9382,9454,9466,ov2slam_node,3,0.000
1781208264.821,17.749,9382,9454,9467,ov2_map,3,0.000
1781208264.821,17.749,9382,9454,9468,ov2_est,3,0.000
1781208264.821,17.749,9382,9454,9470,ov2_main,0,19.170
1781208264.821,17.749,9382,9454,9471,ov2_feed,0,0.000
1781208264.821,17.749,9382,9454,9565,ov2_main,3,0.000
1781208264.821,17.749,9382,9454,9566,ov2_main,2,0.000
1781208264.821,17.749,9382,9454,9567,ov2_main,3,0.000
1781208264.873,17.801,9382,9454,9454,ov2slam_node,3,0.000
1781208264.873,17.801,9382,9454,9455,ov2slam_nod-ust,1,0.000
1781208264.873,17.801,9382,9454,9456,ov2slam_nod-ust,2,0.000
1781208264.873,17.801,9382,9454,9457,ov2slam_node,1,0.000
1781208264.873,17.801,9382,9454,9458,ov2slam_node,2,0.000
1781208264.873,17.801,9382,9454,9459,gc,1,0.000
1781208264.873,17.801,9382,9454,9460,dq.builtins,3,0.000
1781208264.873,17.801,9382,9454,9461,dq.user,1,0.000
1781208264.873,17.801,9382,9454,9462,tev,3,0.000
1781208264.873,17.801,9382,9454,9463,recv,1,0.000
1781208264.873,17.801,9382,9454,9464,recvUC,3,0.000
1781208264.873,17.801,9382,9454,9465,ov2slam_node,2,0.000
1781208264.873,17.801,9382,9454,9466,ov2slam_node,3,0.000
1781208264.873,17.801,9382,9454,9467,ov2_map,3,0.000
1781208264.873,17.801,9382,9454,9468,ov2_est,3,19.268
1781208264.873,17.801,9382,9454,9470,ov2_main,0,19.268
1781208264.873,17.801,9382,9454,9471,ov2_feed,0,0.000
1781208264.873,17.801,9382,9454,9565,ov2_main,3,0.000
1781208264.873,17.801,9382,9454,9566,ov2_main,2,0.000
1781208264.873,17.801,9382,9454,9567,ov2_main,3,0.000
1781208264.925,17.853,9382,9454,9454,ov2slam_node,3,0.000
1781208264.925,17.853,9382,9454,9455,ov2slam_nod-ust,1,0.000
1781208264.925,17.853,9382,9454,9456,ov2slam_nod-ust,2,0.000
1781208264.925,17.853,9382,9454,9457,ov2slam_node,1,0.000
1781208264.925,17.853,9382,9454,9458,ov2slam_node,2,0.000
1781208264.925,17.853,9382,9454,9459,gc,1,0.000
1781208264.925,17.853,9382,9454,9460,dq.builtins,3,0.000
1781208264.925,17.853,9382,9454,9461,dq.user,1,0.000
1781208264.925,17.853,9382,9454,9462,tev,3,0.000
1781208264.925,17.853,9382,9454,9463,recv,1,0.000
1781208264.925,17.853,9382,9454,9464,recvUC,3,0.000
1781208264.925,17.853,9382,9454,9465,ov2slam_node,2,0.000
1781208264.925,17.853,9382,9454,9466,ov2slam_node,3,0.000
1781208264.925,17.853,9382,9454,9467,ov2_map,3,0.000
1781208264.925,17.853,9382,9454,9468,ov2_est,0,0.000
1781208264.925,17.853,9382,9454,9470,ov2_main,0,19.291
1781208264.925,17.853,9382,9454,9471,ov2_feed,0,0.000
1781208264.925,17.853,9382,9454,9565,ov2_main,1,0.000
1781208264.925,17.853,9382,9454,9566,ov2_main,2,19.291
1781208264.925,17.853,9382,9454,9567,ov2_main,3,0.000
1781208264.977,17.905,9382,9454,9454,ov2slam_node,3,0.000
1781208264.977,17.905,9382,9454,9455,ov2slam_nod-ust,1,0.000
1781208264.977,17.905,9382,9454,9456,ov2slam_nod-ust,2,0.000
1781208264.977,17.905,9382,9454,9457,ov2slam_node,1,0.000
1781208264.977,17.905,9382,9454,9458,ov2slam_node,2,0.000
1781208264.977,17.905,9382,9454,9459,gc,1,0.000
1781208264.977,17.905,9382,9454,9460,dq.builtins,3,0.000
1781208264.977,17.905,9382,9454,9461,dq.user,1,0.000
1781208264.977,17.905,9382,9454,9462,tev,3,0.000
1781208264.977,17.905,9382,9454,9463,recv,1,0.000
1781208264.977,17.905,9382,9454,9464,recvUC,3,0.000
1781208264.977,17.905,9382,9454,9465,ov2slam_node,2,0.000
1781208264.977,17.905,9382,9454,9466,ov2slam_node,3,0.000
1781208264.977,17.905,9382,9454,9467,ov2_map,3,0.000
1781208264.977,17.905,9382,9454,9468,ov2_est,0,0.000
1781208264.977,17.905,9382,9454,9470,ov2_main,3,0.000
1781208264.977,17.905,9382,9454,9471,ov2_feed,0,0.000
1781208264.977,17.905,9382,9454,9565,ov2_main,1,0.000
1781208264.977,17.905,9382,9454,9566,ov2_main,2,0.000
1781208264.977,17.905,9382,9454,9567,ov2_main,3,0.000
1781208265.029,17.957,9382,9454,9454,ov2slam_node,3,0.000
1781208265.029,17.957,9382,9454,9455,ov2slam_nod-ust,1,0.000
1781208265.029,17.957,9382,9454,9456,ov2slam_nod-ust,2,0.000
1781208265.029,17.957,9382,9454,9457,ov2slam_node,1,0.000
1781208265.029,17.957,9382,9454,9458,ov2slam_node,2,0.000
1781208265.029,17.957,9382,9454,9459,gc,1,0.000
1781208265.029,17.957,9382,9454,9460,dq.builtins,3,0.000
1781208265.029,17.957,9382,9454,9461,dq.user,1,0.000
1781208265.029,17.957,9382,9454,9462,tev,3,0.000
1781208265.029,17.957,9382,9454,9463,recv,1,0.000
1781208265.029,17.957,9382,9454,9464,recvUC,3,0.000
1781208265.029,17.957,9382,9454,9465,ov2slam_node,2,0.000
1781208265.029,17.957,9382,9454,9466,ov2slam_node,3,0.000
1781208265.029,17.957,9382,9454,9467,ov2_map,3,0.000
1781208265.029,17.957,9382,9454,9468,ov2_est,0,0.000
1781208265.029,17.957,9382,9454,9470,ov2_main,3,19.268
1781208265.029,17.957,9382,9454,9471,ov2_feed,0,0.000
1781208265.029,17.957,9382,9454,9565,ov2_main,1,19.268
1781208265.029,17.957,9382,9454,9566,ov2_main,2,0.000
1781208265.029,17.957,9382,9454,9567,ov2_main,0,19.268
1781208265.081,18.009,9382,9454,9454,ov2slam_node,3,0.000
1781208265.081,18.009,9382,9454,9455,ov2slam_nod-ust,1,0.000
1781208265.081,18.009,9382,9454,9456,ov2slam_nod-ust,2,0.000
1781208265.081,18.009,9382,9454,9457,ov2slam_node,1,0.000
1781208265.081,18.009,9382,9454,9458,ov2slam_node,2,0.000
1781208265.081,18.009,9382,9454,9459,gc,1,0.000
1781208265.081,18.009,9382,9454,9460,dq.builtins,3,0.000
1781208265.081,18.009,9382,9454,9461,dq.user,1,0.000
1781208265.081,18.009,9382,9454,9462,tev,3,0.000
1781208265.081,18.009,9382,9454,9463,recv,1,0.000
1781208265.081,18.009,9382,9454,9464,recvUC,3,0.000
1781208265.081,18.009,9382,9454,9465,ov2slam_node,2,0.000
1781208265.081,18.009,9382,9454,9466,ov2slam_node,3,0.000
1781208265.081,18.009,9382,9454,9467,ov2_map,3,0.000
1781208265.081,18.009,9382,9454,9468,ov2_est,0,0.000
1781208265.081,18.009,9382,9454,9470,ov2_main,3,0.000
1781208265.081,18.009,9382,9454,9471,ov2_feed,0,0.000
1781208265.081,18.009,9382,9454,9565,ov2_main,1,0.000
1781208265.081,18.009,9382,9454,9566,ov2_main,2,19.288
1781208265.081,18.009,9382,9454,9567,ov2_main,0,0.000
1781208265.133,18.061,9382,9454,9454,ov2slam_node,3,0.000
1781208265.133,18.061,9382,9454,9455,ov2slam_nod-ust,1,0.000
1781208265.133,18.061,9382,9454,9456,ov2slam_nod-ust,2,0.000
1781208265.133,18.061,9382,9454,9457,ov2slam_node,1,0.000
1781208265.133,18.061,9382,9454,9458,ov2slam_node,2,0.000
1781208265.133,18.061,9382,9454,9459,gc,1,0.000
1781208265.133,18.061,9382,9454,9460,dq.builtins,3,0.000
1781208265.133,18.061,9382,9454,9461,dq.user,1,0.000
1781208265.133,18.061,9382,9454,9462,tev,3,0.000
1781208265.133,18.061,9382,9454,9463,recv,1,0.000
1781208265.133,18.061,9382,9454,9464,recvUC,3,0.000
1781208265.133,18.061,9382,9454,9465,ov2slam_node,2,0.000
1781208265.133,18.061,9382,9454,9466,ov2slam_node,3,0.000
1781208265.133,18.061,9382,9454,9467,ov2_map,3,0.000
1781208265.133,18.061,9382,9454,9468,ov2_est,0,19.234
1781208265.133,18.061,9382,9454,9470,ov2_main,3,19.234
1781208265.133,18.061,9382,9454,9471,ov2_feed,0,0.000
1781208265.133,18.061,9382,9454,9565,ov2_main,1,19.234
1781208265.133,18.061,9382,9454,9566,ov2_main,2,0.000
1781208265.133,18.061,9382,9454,9567,ov2_main,0,0.000
1781208265.185,18.113,9382,9454,9454,ov2slam_node,3,0.000
1781208265.185,18.113,9382,9454,9455,ov2slam_nod-ust,1,0.000
1781208265.185,18.113,9382,9454,9456,ov2slam_nod-ust,2,0.000
1781208265.185,18.113,9382,9454,9457,ov2slam_node,1,0.000
1781208265.185,18.113,9382,9454,9458,ov2slam_node,2,0.000
1781208265.185,18.113,9382,9454,9459,gc,1,0.000
1781208265.185,18.113,9382,9454,9460,dq.builtins,3,0.000
1781208265.185,18.113,9382,9454,9461,dq.user,1,0.000
1781208265.185,18.113,9382,9454,9462,tev,3,0.000
1781208265.185,18.113,9382,9454,9463,recv,1,0.000
1781208265.185,18.113,9382,9454,9464,recvUC,3,0.000
1781208265.185,18.113,9382,9454,9465,ov2slam_node,2,0.000
1781208265.185,18.113,9382,9454,9466,ov2slam_node,3,0.000
1781208265.185,18.113,9382,9454,9467,ov2_map,3,0.000
1781208265.185,18.113,9382,9454,9468,ov2_est,0,19.277
1781208265.185,18.113,9382,9454,9470,ov2_main,3,19.277
1781208265.185,18.113,9382,9454,9471,ov2_feed,0,0.000
1781208265.185,18.113,9382,9454,9565,ov2_main,1,0.000
1781208265.185,18.113,9382,9454,9566,ov2_main,2,19.277
1781208265.185,18.113,9382,9454,9567,ov2_main,0,19.277
1781208265.237,18.164,9382,9454,9454,ov2slam_node,3,0.000
1781208265.237,18.164,9382,9454,9455,ov2slam_nod-ust,1,0.000
1781208265.237,18.164,9382,9454,9456,ov2slam_nod-ust,2,0.000
1781208265.237,18.164,9382,9454,9457,ov2slam_node,1,0.000
1781208265.237,18.164,9382,9454,9458,ov2slam_node,2,0.000
1781208265.237,18.164,9382,9454,9459,gc,1,0.000
1781208265.237,18.164,9382,9454,9460,dq.builtins,3,0.000
1781208265.237,18.164,9382,9454,9461,dq.user,1,0.000
1781208265.237,18.164,9382,9454,9462,tev,3,0.000
1781208265.237,18.164,9382,9454,9463,recv,1,0.000
1781208265.237,18.164,9382,9454,9464,recvUC,3,0.000
1781208265.237,18.164,9382,9454,9465,ov2slam_node,2,0.000
1781208265.237,18.164,9382,9454,9466,ov2slam_node,3,0.000
1781208265.237,18.164,9382,9454,9467,ov2_map,3,0.000
1781208265.237,18.164,9382,9454,9468,ov2_est,0,0.000
1781208265.237,18.164,9382,9454,9470,ov2_main,3,0.000
1781208265.237,18.164,9382,9454,9471,ov2_feed,0,0.000
1781208265.237,18.164,9382,9454,9565,ov2_main,1,0.000
1781208265.237,18.164,9382,9454,9566,ov2_main,2,0.000
1781208265.237,18.164,9382,9454,9567,ov2_main,0,0.000
1781208265.288,18.216,9382,9454,9454,ov2slam_node,3,0.000
1781208265.288,18.216,9382,9454,9455,ov2slam_nod-ust,1,0.000
1781208265.288,18.216,9382,9454,9456,ov2slam_nod-ust,2,0.000
1781208265.288,18.216,9382,9454,9457,ov2slam_node,1,0.000
1781208265.288,18.216,9382,9454,9458,ov2slam_node,2,0.000
1781208265.288,18.216,9382,9454,9459,gc,1,0.000
1781208265.288,18.216,9382,9454,9460,dq.builtins,3,0.000
1781208265.288,18.216,9382,9454,9461,dq.user,1,0.000
1781208265.288,18.216,9382,9454,9462,tev,3,0.000
1781208265.288,18.216,9382,9454,9463,recv,1,0.000
1781208265.288,18.216,9382,9454,9464,recvUC,3,0.000
1781208265.288,18.216,9382,9454,9465,ov2slam_node,2,0.000
1781208265.288,18.216,9382,9454,9466,ov2slam_node,3,0.000
1781208265.288,18.216,9382,9454,9467,ov2_map,3,0.000
1781208265.288,18.216,9382,9454,9468,ov2_est,0,0.000
1781208265.288,18.216,9382,9454,9470,ov2_main,3,19.278
1781208265.288,18.216,9382,9454,9471,ov2_feed,0,0.000
1781208265.288,18.216,9382,9454,9565,ov2_main,1,19.278
1781208265.288,18.216,9382,9454,9566,ov2_main,2,0.000
1781208265.288,18.216,9382,9454,9567,ov2_main,0,0.000
1781208265.341,18.269,9382,9454,9454,ov2slam_node,3,0.000
1781208265.341,18.269,9382,9454,9455,ov2slam_nod-ust,1,0.000
1781208265.341,18.269,9382,9454,9456,ov2slam_nod-ust,2,0.000
1781208265.341,18.269,9382,9454,9457,ov2slam_node,1,0.000
1781208265.341,18.269,9382,9454,9458,ov2slam_node,2,0.000
1781208265.341,18.269,9382,9454,9459,gc,1,0.000
1781208265.341,18.269,9382,9454,9460,dq.builtins,3,0.000
1781208265.341,18.269,9382,9454,9461,dq.user,1,0.000
1781208265.341,18.269,9382,9454,9462,tev,3,0.000
1781208265.341,18.269,9382,9454,9463,recv,1,0.000
1781208265.341,18.269,9382,9454,9464,recvUC,3,0.000
1781208265.341,18.269,9382,9454,9465,ov2slam_node,2,0.000
1781208265.341,18.269,9382,9454,9466,ov2slam_node,3,0.000
1781208265.341,18.269,9382,9454,9467,ov2_map,3,0.000
1781208265.341,18.269,9382,9454,9468,ov2_est,2,0.000
1781208265.341,18.269,9382,9454,9470,ov2_main,3,0.000
1781208265.341,18.269,9382,9454,9471,ov2_feed,2,0.000
1781208265.341,18.269,9382,9454,9565,ov2_main,1,0.000
1781208265.341,18.269,9382,9454,9566,ov2_main,2,18.894
1781208265.341,18.269,9382,9454,9567,ov2_main,2,18.894
1781208265.394,18.322,9382,9454,9454,ov2slam_node,3,0.000
1781208265.394,18.322,9382,9454,9455,ov2slam_nod-ust,1,0.000
1781208265.394,18.322,9382,9454,9456,ov2slam_nod-ust,2,0.000
1781208265.394,18.322,9382,9454,9457,ov2slam_node,1,0.000
1781208265.394,18.322,9382,9454,9458,ov2slam_node,2,0.000
1781208265.394,18.322,9382,9454,9459,gc,1,0.000
1781208265.394,18.322,9382,9454,9460,dq.builtins,3,0.000
1781208265.394,18.322,9382,9454,9461,dq.user,1,0.000
1781208265.394,18.322,9382,9454,9462,tev,3,0.000
1781208265.394,18.322,9382,9454,9463,recv,1,0.000
1781208265.394,18.322,9382,9454,9464,recvUC,3,0.000
1781208265.394,18.322,9382,9454,9465,ov2slam_node,2,0.000
1781208265.394,18.322,9382,9454,9466,ov2slam_node,3,0.000
1781208265.394,18.322,9382,9454,9467,ov2_map,3,18.824
1781208265.394,18.322,9382,9454,9468,ov2_est,2,18.824
1781208265.394,18.322,9382,9454,9470,ov2_main,3,37.647
1781208265.394,18.322,9382,9454,9471,ov2_feed,2,0.000
1781208265.394,18.322,9382,9454,9565,ov2_main,1,18.824
1781208265.394,18.322,9382,9454,9566,ov2_main,2,0.000
1781208265.394,18.322,9382,9454,9567,ov2_main,2,0.000
1781208265.448,18.376,9382,9454,9454,ov2slam_node,3,0.000
1781208265.448,18.376,9382,9454,9455,ov2slam_nod-ust,1,0.000
1781208265.448,18.376,9382,9454,9456,ov2slam_nod-ust,2,0.000
1781208265.448,18.376,9382,9454,9457,ov2slam_node,1,0.000
1781208265.448,18.376,9382,9454,9458,ov2slam_node,2,0.000
1781208265.448,18.376,9382,9454,9459,gc,1,0.000
1781208265.448,18.376,9382,9454,9460,dq.builtins,3,0.000
1781208265.448,18.376,9382,9454,9461,dq.user,1,0.000
1781208265.448,18.376,9382,9454,9462,tev,3,0.000
1781208265.448,18.376,9382,9454,9463,recv,1,0.000
1781208265.448,18.376,9382,9454,9464,recvUC,3,0.000
1781208265.448,18.376,9382,9454,9465,ov2slam_node,2,0.000
1781208265.448,18.376,9382,9454,9466,ov2slam_node,3,0.000
1781208265.448,18.376,9382,9454,9467,ov2_map,3,0.000
1781208265.448,18.376,9382,9454,9468,ov2_est,2,0.000
1781208265.448,18.376,9382,9454,9470,ov2_main,3,18.746
1781208265.448,18.376,9382,9454,9471,ov2_feed,2,0.000
1781208265.448,18.376,9382,9454,9565,ov2_main,1,0.000
1781208265.448,18.376,9382,9454,9566,ov2_main,2,18.746
1781208265.448,18.376,9382,9454,9567,ov2_main,2,18.746
1781208265.501,18.429,9382,9454,9454,ov2slam_node,3,0.000
1781208265.501,18.429,9382,9454,9455,ov2slam_nod-ust,1,0.000
1781208265.501,18.429,9382,9454,9456,ov2slam_nod-ust,2,0.000
1781208265.501,18.429,9382,9454,9457,ov2slam_node,1,0.000
1781208265.501,18.429,9382,9454,9458,ov2slam_node,2,0.000
1781208265.501,18.429,9382,9454,9459,gc,1,0.000
1781208265.501,18.429,9382,9454,9460,dq.builtins,3,0.000
1781208265.501,18.429,9382,9454,9461,dq.user,1,0.000
1781208265.501,18.429,9382,9454,9462,tev,3,0.000
1781208265.501,18.429,9382,9454,9463,recv,1,0.000
1781208265.501,18.429,9382,9454,9464,recvUC,3,0.000
1781208265.501,18.429,9382,9454,9465,ov2slam_node,2,0.000
1781208265.501,18.429,9382,9454,9466,ov2slam_node,3,0.000
1781208265.501,18.429,9382,9454,9467,ov2_map,3,0.000
1781208265.501,18.429,9382,9454,9468,ov2_est,2,0.000
1781208265.501,18.429,9382,9454,9470,ov2_main,3,18.849
1781208265.501,18.429,9382,9454,9471,ov2_feed,3,0.000
1781208265.501,18.429,9382,9454,9565,ov2_main,1,18.849
1781208265.501,18.429,9382,9454,9566,ov2_main,2,0.000
1781208265.501,18.429,9382,9454,9567,ov2_main,0,18.849
1781208265.556,18.484,9382,9454,9454,ov2slam_node,3,0.000
1781208265.556,18.484,9382,9454,9455,ov2slam_nod-ust,1,0.000
1781208265.556,18.484,9382,9454,9456,ov2slam_nod-ust,2,0.000
1781208265.556,18.484,9382,9454,9457,ov2slam_node,1,0.000
1781208265.556,18.484,9382,9454,9458,ov2slam_node,2,0.000
1781208265.556,18.484,9382,9454,9459,gc,1,0.000
1781208265.556,18.484,9382,9454,9460,dq.builtins,3,0.000
1781208265.556,18.484,9382,9454,9461,dq.user,1,0.000
1781208265.556,18.484,9382,9454,9462,tev,3,0.000
1781208265.556,18.484,9382,9454,9463,recv,1,0.000
1781208265.556,18.484,9382,9454,9464,recvUC,3,0.000
1781208265.556,18.484,9382,9454,9465,ov2slam_node,2,0.000
1781208265.556,18.484,9382,9454,9466,ov2slam_node,3,0.000
1781208265.556,18.484,9382,9454,9467,ov2_map,3,0.000
1781208265.556,18.484,9382,9454,9468,ov2_est,2,18.115
1781208265.556,18.484,9382,9454,9470,ov2_main,3,18.115
1781208265.556,18.484,9382,9454,9471,ov2_feed,3,0.000
1781208265.556,18.484,9382,9454,9565,ov2_main,1,0.000
1781208265.556,18.484,9382,9454,9566,ov2_main,2,0.000
1781208265.556,18.484,9382,9454,9567,ov2_main,0,0.000
1781208265.608,18.536,9382,9454,9454,ov2slam_node,3,0.000
1781208265.608,18.536,9382,9454,9455,ov2slam_nod-ust,1,0.000
1781208265.608,18.536,9382,9454,9456,ov2slam_nod-ust,2,0.000
1781208265.608,18.536,9382,9454,9457,ov2slam_node,1,0.000
1781208265.608,18.536,9382,9454,9458,ov2slam_node,2,0.000
1781208265.608,18.536,9382,9454,9459,gc,1,0.000
1781208265.608,18.536,9382,9454,9460,dq.builtins,3,0.000
1781208265.608,18.536,9382,9454,9461,dq.user,1,0.000
1781208265.608,18.536,9382,9454,9462,tev,3,0.000
1781208265.608,18.536,9382,9454,9463,recv,1,0.000
1781208265.608,18.536,9382,9454,9464,recvUC,3,19.278
1781208265.608,18.536,9382,9454,9465,ov2slam_node,2,0.000
1781208265.608,18.536,9382,9454,9466,ov2slam_node,3,0.000
1781208265.608,18.536,9382,9454,9467,ov2_map,3,0.000
1781208265.608,18.536,9382,9454,9468,ov2_est,2,19.278
1781208265.608,18.536,9382,9454,9470,ov2_main,3,0.000
1781208265.608,18.536,9382,9454,9471,ov2_feed,3,0.000
1781208265.608,18.536,9382,9454,9565,ov2_main,1,0.000
1781208265.608,18.536,9382,9454,9566,ov2_main,2,19.278
1781208265.608,18.536,9382,9454,9567,ov2_main,0,0.000
1781208265.660,18.588,9382,9454,9454,ov2slam_node,3,0.000
1781208265.660,18.588,9382,9454,9455,ov2slam_nod-ust,1,0.000
1781208265.660,18.588,9382,9454,9456,ov2slam_nod-ust,2,0.000
1781208265.660,18.588,9382,9454,9457,ov2slam_node,1,0.000
1781208265.660,18.588,9382,9454,9458,ov2slam_node,2,0.000
1781208265.660,18.588,9382,9454,9459,gc,1,0.000
1781208265.660,18.588,9382,9454,9460,dq.builtins,3,0.000
1781208265.660,18.588,9382,9454,9461,dq.user,1,0.000
1781208265.660,18.588,9382,9454,9462,tev,3,0.000
1781208265.660,18.588,9382,9454,9463,recv,1,0.000
1781208265.660,18.588,9382,9454,9464,recvUC,3,0.000
1781208265.660,18.588,9382,9454,9465,ov2slam_node,2,0.000
1781208265.660,18.588,9382,9454,9466,ov2slam_node,3,0.000
1781208265.660,18.588,9382,9454,9467,ov2_map,3,0.000
1781208265.660,18.588,9382,9454,9468,ov2_est,2,19.132
1781208265.660,18.588,9382,9454,9470,ov2_main,3,19.132
1781208265.660,18.588,9382,9454,9471,ov2_feed,3,0.000
1781208265.660,18.588,9382,9454,9565,ov2_main,1,19.132
1781208265.660,18.588,9382,9454,9566,ov2_main,2,0.000
1781208265.660,18.588,9382,9454,9567,ov2_main,0,19.132
1781208265.712,18.640,9382,9454,9454,ov2slam_node,3,0.000
1781208265.712,18.640,9382,9454,9455,ov2slam_nod-ust,1,0.000
1781208265.712,18.640,9382,9454,9456,ov2slam_nod-ust,2,0.000
1781208265.712,18.640,9382,9454,9457,ov2slam_node,1,0.000
1781208265.712,18.640,9382,9454,9458,ov2slam_node,2,0.000
1781208265.712,18.640,9382,9454,9459,gc,1,0.000
1781208265.712,18.640,9382,9454,9460,dq.builtins,3,0.000
1781208265.712,18.640,9382,9454,9461,dq.user,1,0.000
1781208265.712,18.640,9382,9454,9462,tev,3,0.000
1781208265.712,18.640,9382,9454,9463,recv,1,0.000
1781208265.712,18.640,9382,9454,9464,recvUC,3,0.000
1781208265.712,18.640,9382,9454,9465,ov2slam_node,2,0.000
1781208265.712,18.640,9382,9454,9466,ov2slam_node,3,0.000
1781208265.712,18.640,9382,9454,9467,ov2_map,3,0.000
1781208265.712,18.640,9382,9454,9468,ov2_est,2,0.000
1781208265.712,18.640,9382,9454,9470,ov2_main,3,19.284
1781208265.712,18.640,9382,9454,9471,ov2_feed,3,0.000
1781208265.712,18.640,9382,9454,9565,ov2_main,1,0.000
1781208265.712,18.640,9382,9454,9566,ov2_main,2,0.000
1781208265.712,18.640,9382,9454,9567,ov2_main,0,0.000
1781208265.768,18.696,9382,9454,9454,ov2slam_node,3,0.000
1781208265.768,18.696,9382,9454,9455,ov2slam_nod-ust,1,0.000
1781208265.768,18.696,9382,9454,9456,ov2slam_nod-ust,2,0.000
1781208265.768,18.696,9382,9454,9457,ov2slam_node,1,0.000
1781208265.768,18.696,9382,9454,9458,ov2slam_node,2,0.000
1781208265.768,18.696,9382,9454,9459,gc,1,0.000
1781208265.768,18.696,9382,9454,9460,dq.builtins,3,0.000
1781208265.768,18.696,9382,9454,9461,dq.user,1,0.000
1781208265.768,18.696,9382,9454,9462,tev,3,0.000
1781208265.768,18.696,9382,9454,9463,recv,1,0.000
1781208265.768,18.696,9382,9454,9464,recvUC,3,0.000
1781208265.768,18.696,9382,9454,9465,ov2slam_node,2,0.000
1781208265.768,18.696,9382,9454,9466,ov2slam_node,3,0.000
1781208265.768,18.696,9382,9454,9467,ov2_map,3,17.872
1781208265.768,18.696,9382,9454,9468,ov2_est,2,17.872
1781208265.768,18.696,9382,9454,9470,ov2_main,3,17.872
1781208265.768,18.696,9382,9454,9471,ov2_feed,3,0.000
1781208265.768,18.696,9382,9454,9565,ov2_main,1,17.872
1781208265.768,18.696,9382,9454,9566,ov2_main,2,0.000
1781208265.768,18.696,9382,9454,9567,ov2_main,0,0.000
1781208265.820,18.748,9382,9454,9454,ov2slam_node,3,0.000
1781208265.820,18.748,9382,9454,9455,ov2slam_nod-ust,1,0.000
1781208265.820,18.748,9382,9454,9456,ov2slam_nod-ust,2,0.000
1781208265.820,18.748,9382,9454,9457,ov2slam_node,1,0.000
1781208265.820,18.748,9382,9454,9458,ov2slam_node,2,0.000
1781208265.820,18.748,9382,9454,9459,gc,1,0.000
1781208265.820,18.748,9382,9454,9460,dq.builtins,3,0.000
1781208265.820,18.748,9382,9454,9461,dq.user,1,0.000
1781208265.820,18.748,9382,9454,9462,tev,3,0.000
1781208265.820,18.748,9382,9454,9463,recv,1,0.000
1781208265.820,18.748,9382,9454,9464,recvUC,3,0.000
1781208265.820,18.748,9382,9454,9465,ov2slam_node,2,0.000
1781208265.820,18.748,9382,9454,9466,ov2slam_node,3,0.000
1781208265.820,18.748,9382,9454,9467,ov2_map,3,0.000
1781208265.820,18.748,9382,9454,9468,ov2_est,2,19.215
1781208265.820,18.748,9382,9454,9470,ov2_main,3,19.215
1781208265.820,18.748,9382,9454,9471,ov2_feed,3,0.000
1781208265.820,18.748,9382,9454,9565,ov2_main,1,0.000
1781208265.820,18.748,9382,9454,9566,ov2_main,2,38.430
1781208265.820,18.748,9382,9454,9567,ov2_main,0,0.000
1781208265.872,18.800,9382,9454,9454,ov2slam_node,3,0.000
1781208265.872,18.800,9382,9454,9455,ov2slam_nod-ust,1,0.000
1781208265.872,18.800,9382,9454,9456,ov2slam_nod-ust,2,0.000
1781208265.872,18.800,9382,9454,9457,ov2slam_node,1,0.000
1781208265.872,18.800,9382,9454,9458,ov2slam_node,2,0.000
1781208265.872,18.800,9382,9454,9459,gc,1,0.000
1781208265.872,18.800,9382,9454,9460,dq.builtins,3,0.000
1781208265.872,18.800,9382,9454,9461,dq.user,1,0.000
1781208265.872,18.800,9382,9454,9462,tev,3,0.000
1781208265.872,18.800,9382,9454,9463,recv,1,0.000
1781208265.872,18.800,9382,9454,9464,recvUC,3,0.000
1781208265.872,18.800,9382,9454,9465,ov2slam_node,2,0.000
1781208265.872,18.800,9382,9454,9466,ov2slam_node,3,0.000
1781208265.872,18.800,9382,9454,9467,ov2_map,3,19.273
1781208265.872,18.800,9382,9454,9468,ov2_est,2,0.000
1781208265.872,18.800,9382,9454,9470,ov2_main,3,0.000
1781208265.872,18.800,9382,9454,9471,ov2_feed,3,0.000
1781208265.872,18.800,9382,9454,9565,ov2_main,1,0.000
1781208265.872,18.800,9382,9454,9566,ov2_main,2,0.000
1781208265.872,18.800,9382,9454,9567,ov2_main,0,19.273
1781208265.924,18.852,9382,9454,9454,ov2slam_node,3,0.000
1781208265.924,18.852,9382,9454,9455,ov2slam_nod-ust,1,0.000
1781208265.924,18.852,9382,9454,9456,ov2slam_nod-ust,2,0.000
1781208265.924,18.852,9382,9454,9457,ov2slam_node,1,0.000
1781208265.924,18.852,9382,9454,9458,ov2slam_node,2,0.000
1781208265.924,18.852,9382,9454,9459,gc,1,0.000
1781208265.924,18.852,9382,9454,9460,dq.builtins,3,0.000
1781208265.924,18.852,9382,9454,9461,dq.user,1,0.000
1781208265.924,18.852,9382,9454,9462,tev,3,0.000
1781208265.924,18.852,9382,9454,9463,recv,1,0.000
1781208265.924,18.852,9382,9454,9464,recvUC,3,0.000
1781208265.924,18.852,9382,9454,9465,ov2slam_node,2,0.000
1781208265.924,18.852,9382,9454,9466,ov2slam_node,3,0.000
1781208265.924,18.852,9382,9454,9467,ov2_map,3,0.000
1781208265.924,18.852,9382,9454,9468,ov2_est,2,38.545
1781208265.924,18.852,9382,9454,9470,ov2_main,1,19.273
1781208265.924,18.852,9382,9454,9471,ov2_feed,1,0.000
1781208265.924,18.852,9382,9454,9565,ov2_main,1,19.273
1781208265.924,18.852,9382,9454,9566,ov2_main,2,19.273
1781208265.924,18.852,9382,9454,9567,ov2_main,0,0.000
1781208265.976,18.904,9382,9454,9454,ov2slam_node,3,0.000
1781208265.976,18.904,9382,9454,9455,ov2slam_nod-ust,1,0.000
1781208265.976,18.904,9382,9454,9456,ov2slam_nod-ust,2,0.000
1781208265.976,18.904,9382,9454,9457,ov2slam_node,1,0.000
1781208265.976,18.904,9382,9454,9458,ov2slam_node,2,0.000
1781208265.976,18.904,9382,9454,9459,gc,1,0.000
1781208265.976,18.904,9382,9454,9460,dq.builtins,3,0.000
1781208265.976,18.904,9382,9454,9461,dq.user,1,0.000
1781208265.976,18.904,9382,9454,9462,tev,3,0.000
1781208265.976,18.904,9382,9454,9463,recv,1,0.000
1781208265.976,18.904,9382,9454,9464,recvUC,3,0.000
1781208265.976,18.904,9382,9454,9465,ov2slam_node,2,0.000
1781208265.976,18.904,9382,9454,9466,ov2slam_node,3,0.000
1781208265.976,18.904,9382,9454,9467,ov2_map,3,0.000
1781208265.976,18.904,9382,9454,9468,ov2_est,2,0.000
1781208265.976,18.904,9382,9454,9470,ov2_main,1,19.208
1781208265.976,18.904,9382,9454,9471,ov2_feed,1,0.000
1781208265.976,18.904,9382,9454,9565,ov2_main,3,0.000
1781208265.976,18.904,9382,9454,9566,ov2_main,2,0.000
1781208265.976,18.904,9382,9454,9567,ov2_main,0,19.208
1781208266.028,18.956,9382,9454,9454,ov2slam_node,3,0.000
1781208266.028,18.956,9382,9454,9455,ov2slam_nod-ust,1,0.000
1781208266.028,18.956,9382,9454,9456,ov2slam_nod-ust,2,0.000
1781208266.028,18.956,9382,9454,9457,ov2slam_node,1,0.000
1781208266.028,18.956,9382,9454,9458,ov2slam_node,2,0.000
1781208266.028,18.956,9382,9454,9459,gc,1,0.000
1781208266.028,18.956,9382,9454,9460,dq.builtins,3,0.000
1781208266.028,18.956,9382,9454,9461,dq.user,1,0.000
1781208266.028,18.956,9382,9454,9462,tev,3,0.000
1781208266.028,18.956,9382,9454,9463,recv,1,0.000
1781208266.028,18.956,9382,9454,9464,recvUC,3,0.000
1781208266.028,18.956,9382,9454,9465,ov2slam_node,2,0.000
1781208266.028,18.956,9382,9454,9466,ov2slam_node,3,0.000
1781208266.028,18.956,9382,9454,9467,ov2_map,3,0.000
1781208266.028,18.956,9382,9454,9468,ov2_est,2,0.000
1781208266.028,18.956,9382,9454,9470,ov2_main,1,19.278
1781208266.028,18.956,9382,9454,9471,ov2_feed,1,0.000
1781208266.028,18.956,9382,9454,9565,ov2_main,3,19.278
1781208266.028,18.956,9382,9454,9566,ov2_main,2,0.000
1781208266.028,18.956,9382,9454,9567,ov2_main,0,19.278
1781208266.080,19.008,9382,9454,9454,ov2slam_node,3,0.000
1781208266.080,19.008,9382,9454,9455,ov2slam_nod-ust,1,0.000
1781208266.080,19.008,9382,9454,9456,ov2slam_nod-ust,2,0.000
1781208266.080,19.008,9382,9454,9457,ov2slam_node,1,0.000
1781208266.080,19.008,9382,9454,9458,ov2slam_node,2,0.000
1781208266.080,19.008,9382,9454,9459,gc,1,0.000
1781208266.080,19.008,9382,9454,9460,dq.builtins,3,0.000
1781208266.080,19.008,9382,9454,9461,dq.user,1,0.000
1781208266.080,19.008,9382,9454,9462,tev,3,0.000
1781208266.080,19.008,9382,9454,9463,recv,1,0.000
1781208266.080,19.008,9382,9454,9464,recvUC,3,0.000
1781208266.080,19.008,9382,9454,9465,ov2slam_node,2,0.000
1781208266.080,19.008,9382,9454,9466,ov2slam_node,3,0.000
1781208266.080,19.008,9382,9454,9467,ov2_map,3,0.000
1781208266.080,19.008,9382,9454,9468,ov2_est,2,0.000
1781208266.080,19.008,9382,9454,9470,ov2_main,1,0.000
1781208266.080,19.008,9382,9454,9471,ov2_feed,3,0.000
1781208266.080,19.008,9382,9454,9565,ov2_main,3,0.000
1781208266.080,19.008,9382,9454,9566,ov2_main,2,0.000
1781208266.080,19.008,9382,9454,9567,ov2_main,0,0.000
1781208266.132,19.060,9382,9454,9454,ov2slam_node,3,0.000
1781208266.132,19.060,9382,9454,9455,ov2slam_nod-ust,1,0.000
1781208266.132,19.060,9382,9454,9456,ov2slam_nod-ust,2,0.000
1781208266.132,19.060,9382,9454,9457,ov2slam_node,1,0.000
1781208266.132,19.060,9382,9454,9458,ov2slam_node,2,0.000
1781208266.132,19.060,9382,9454,9459,gc,1,0.000
1781208266.132,19.060,9382,9454,9460,dq.builtins,3,0.000
1781208266.132,19.060,9382,9454,9461,dq.user,1,0.000
1781208266.132,19.060,9382,9454,9462,tev,3,0.000
1781208266.132,19.060,9382,9454,9463,recv,1,0.000
1781208266.132,19.060,9382,9454,9464,recvUC,1,0.000
1781208266.132,19.060,9382,9454,9465,ov2slam_node,2,0.000
1781208266.132,19.060,9382,9454,9466,ov2slam_node,3,0.000
1781208266.132,19.060,9382,9454,9467,ov2_map,3,0.000
1781208266.132,19.060,9382,9454,9468,ov2_est,2,19.182
1781208266.132,19.060,9382,9454,9470,ov2_main,1,19.182
1781208266.132,19.060,9382,9454,9471,ov2_feed,3,0.000
1781208266.132,19.060,9382,9454,9565,ov2_main,3,0.000
1781208266.132,19.060,9382,9454,9566,ov2_main,2,0.000
1781208266.132,19.060,9382,9454,9567,ov2_main,0,0.000
1781208266.184,19.112,9382,9454,9454,ov2slam_node,3,0.000
1781208266.184,19.112,9382,9454,9455,ov2slam_nod-ust,1,0.000
1781208266.184,19.112,9382,9454,9456,ov2slam_nod-ust,2,0.000
1781208266.184,19.112,9382,9454,9457,ov2slam_node,1,0.000
1781208266.184,19.112,9382,9454,9458,ov2slam_node,2,0.000
1781208266.184,19.112,9382,9454,9459,gc,1,0.000
1781208266.184,19.112,9382,9454,9460,dq.builtins,3,0.000
1781208266.184,19.112,9382,9454,9461,dq.user,1,0.000
1781208266.184,19.112,9382,9454,9462,tev,3,0.000
1781208266.184,19.112,9382,9454,9463,recv,1,0.000
1781208266.184,19.112,9382,9454,9464,recvUC,1,0.000
1781208266.184,19.112,9382,9454,9465,ov2slam_node,2,0.000
1781208266.184,19.112,9382,9454,9466,ov2slam_node,3,0.000
1781208266.184,19.112,9382,9454,9467,ov2_map,3,0.000
1781208266.184,19.112,9382,9454,9468,ov2_est,2,0.000
1781208266.184,19.112,9382,9454,9470,ov2_main,1,0.000
1781208266.184,19.112,9382,9454,9471,ov2_feed,3,0.000
1781208266.184,19.112,9382,9454,9565,ov2_main,3,19.278
1781208266.184,19.112,9382,9454,9566,ov2_main,2,0.000
1781208266.184,19.112,9382,9454,9567,ov2_main,0,19.278
1781208266.236,19.164,9382,9454,9454,ov2slam_node,3,0.000
1781208266.236,19.164,9382,9454,9455,ov2slam_nod-ust,1,0.000
1781208266.236,19.164,9382,9454,9456,ov2slam_nod-ust,2,0.000
1781208266.236,19.164,9382,9454,9457,ov2slam_node,1,0.000
1781208266.236,19.164,9382,9454,9458,ov2slam_node,2,0.000
1781208266.236,19.164,9382,9454,9459,gc,1,0.000
1781208266.236,19.164,9382,9454,9460,dq.builtins,3,0.000
1781208266.236,19.164,9382,9454,9461,dq.user,1,0.000
1781208266.236,19.164,9382,9454,9462,tev,3,0.000
1781208266.236,19.164,9382,9454,9463,recv,1,0.000
1781208266.236,19.164,9382,9454,9464,recvUC,1,0.000
1781208266.236,19.164,9382,9454,9465,ov2slam_node,2,0.000
1781208266.236,19.164,9382,9454,9466,ov2slam_node,3,0.000
1781208266.236,19.164,9382,9454,9467,ov2_map,3,0.000
1781208266.236,19.164,9382,9454,9468,ov2_est,2,0.000
1781208266.236,19.164,9382,9454,9470,ov2_main,3,19.260
1781208266.236,19.164,9382,9454,9471,ov2_feed,3,0.000
1781208266.236,19.164,9382,9454,9565,ov2_main,3,0.000
1781208266.236,19.164,9382,9454,9566,ov2_main,2,19.260
1781208266.236,19.164,9382,9454,9567,ov2_main,0,0.000
1781208266.288,19.215,9382,9454,9454,ov2slam_node,3,0.000
1781208266.288,19.215,9382,9454,9455,ov2slam_nod-ust,1,0.000
1781208266.288,19.215,9382,9454,9456,ov2slam_nod-ust,2,0.000
1781208266.288,19.215,9382,9454,9457,ov2slam_node,1,0.000
1781208266.288,19.215,9382,9454,9458,ov2slam_node,2,0.000
1781208266.288,19.215,9382,9454,9459,gc,1,0.000
1781208266.288,19.215,9382,9454,9460,dq.builtins,3,0.000
1781208266.288,19.215,9382,9454,9461,dq.user,1,0.000
1781208266.288,19.215,9382,9454,9462,tev,3,0.000
1781208266.288,19.215,9382,9454,9463,recv,1,0.000
1781208266.288,19.215,9382,9454,9464,recvUC,3,0.000
1781208266.288,19.215,9382,9454,9465,ov2slam_node,2,0.000
1781208266.288,19.215,9382,9454,9466,ov2slam_node,3,0.000
1781208266.288,19.215,9382,9454,9467,ov2_map,3,0.000
1781208266.288,19.215,9382,9454,9468,ov2_est,2,0.000
1781208266.288,19.215,9382,9454,9470,ov2_main,3,0.000
1781208266.288,19.215,9382,9454,9471,ov2_feed,3,0.000
1781208266.288,19.215,9382,9454,9565,ov2_main,3,0.000
1781208266.288,19.215,9382,9454,9566,ov2_main,2,0.000
1781208266.288,19.215,9382,9454,9567,ov2_main,0,0.000
1781208266.339,19.267,9382,9454,9454,ov2slam_node,3,0.000
1781208266.339,19.267,9382,9454,9455,ov2slam_nod-ust,1,0.000
1781208266.339,19.267,9382,9454,9456,ov2slam_nod-ust,2,0.000
1781208266.339,19.267,9382,9454,9457,ov2slam_node,1,0.000
1781208266.339,19.267,9382,9454,9458,ov2slam_node,2,0.000
1781208266.339,19.267,9382,9454,9459,gc,1,0.000
1781208266.339,19.267,9382,9454,9460,dq.builtins,3,0.000
1781208266.339,19.267,9382,9454,9461,dq.user,1,0.000
1781208266.339,19.267,9382,9454,9462,tev,3,0.000
1781208266.339,19.267,9382,9454,9463,recv,1,0.000
1781208266.339,19.267,9382,9454,9464,recvUC,3,0.000
1781208266.339,19.267,9382,9454,9465,ov2slam_node,2,0.000
1781208266.339,19.267,9382,9454,9466,ov2slam_node,3,0.000
1781208266.339,19.267,9382,9454,9467,ov2_map,3,0.000
1781208266.339,19.267,9382,9454,9468,ov2_est,2,0.000
1781208266.339,19.267,9382,9454,9470,ov2_main,3,19.269
1781208266.339,19.267,9382,9454,9471,ov2_feed,1,0.000
1781208266.339,19.267,9382,9454,9565,ov2_main,1,0.000
1781208266.339,19.267,9382,9454,9566,ov2_main,2,0.000
1781208266.339,19.267,9382,9454,9567,ov2_main,0,0.000
1781208266.391,19.319,9382,9454,9454,ov2slam_node,3,0.000
1781208266.391,19.319,9382,9454,9455,ov2slam_nod-ust,1,0.000
1781208266.391,19.319,9382,9454,9456,ov2slam_nod-ust,2,0.000
1781208266.391,19.319,9382,9454,9457,ov2slam_node,1,0.000
1781208266.391,19.319,9382,9454,9458,ov2slam_node,2,0.000
1781208266.391,19.319,9382,9454,9459,gc,1,0.000
1781208266.391,19.319,9382,9454,9460,dq.builtins,3,0.000
1781208266.391,19.319,9382,9454,9461,dq.user,1,0.000
1781208266.391,19.319,9382,9454,9462,tev,3,0.000
1781208266.391,19.319,9382,9454,9463,recv,1,0.000
1781208266.391,19.319,9382,9454,9464,recvUC,3,0.000
1781208266.391,19.319,9382,9454,9465,ov2slam_node,2,0.000
1781208266.391,19.319,9382,9454,9466,ov2slam_node,3,0.000
1781208266.391,19.319,9382,9454,9467,ov2_map,3,0.000
1781208266.391,19.319,9382,9454,9468,ov2_est,2,0.000
1781208266.391,19.319,9382,9454,9470,ov2_main,3,0.000
1781208266.391,19.319,9382,9454,9471,ov2_feed,1,0.000
1781208266.391,19.319,9382,9454,9565,ov2_main,1,19.227
1781208266.391,19.319,9382,9454,9566,ov2_main,2,19.227
1781208266.391,19.319,9382,9454,9567,ov2_main,0,19.227
1781208266.443,19.371,9382,9454,9454,ov2slam_node,2,0.000
1781208266.443,19.371,9382,9454,9455,ov2slam_nod-ust,1,0.000
1781208266.443,19.371,9382,9454,9456,ov2slam_nod-ust,2,0.000
1781208266.443,19.371,9382,9454,9457,ov2slam_node,1,0.000
1781208266.443,19.371,9382,9454,9458,ov2slam_node,2,0.000
1781208266.443,19.371,9382,9454,9459,gc,1,0.000
1781208266.443,19.371,9382,9454,9460,dq.builtins,3,0.000
1781208266.443,19.371,9382,9454,9461,dq.user,1,0.000
1781208266.443,19.371,9382,9454,9462,tev,3,0.000
1781208266.443,19.371,9382,9454,9463,recv,1,0.000
1781208266.443,19.371,9382,9454,9464,recvUC,2,0.000
1781208266.443,19.371,9382,9454,9465,ov2slam_node,2,0.000
1781208266.443,19.371,9382,9454,9466,ov2slam_node,3,0.000
1781208266.443,19.371,9382,9454,9467,ov2_map,2,0.000
1781208266.443,19.371,9382,9454,9468,ov2_est,2,0.000
1781208266.443,19.371,9382,9454,9470,ov2_main,1,0.000
1781208266.443,19.371,9382,9454,9471,ov2_feed,1,0.000
1781208266.443,19.371,9382,9454,9565,ov2_main,1,0.000
1781208266.443,19.371,9382,9454,9566,ov2_main,2,19.270
1781208266.443,19.371,9382,9454,9567,ov2_main,0,0.000
1781208266.495,19.423,9382,9454,9454,ov2slam_node,2,0.000
1781208266.495,19.423,9382,9454,9455,ov2slam_nod-ust,1,0.000
1781208266.495,19.423,9382,9454,9456,ov2slam_nod-ust,2,0.000
1781208266.495,19.423,9382,9454,9457,ov2slam_node,1,0.000
1781208266.495,19.423,9382,9454,9458,ov2slam_node,2,0.000
1781208266.495,19.423,9382,9454,9459,gc,1,0.000
1781208266.495,19.423,9382,9454,9460,dq.builtins,3,0.000
1781208266.495,19.423,9382,9454,9461,dq.user,1,0.000
1781208266.495,19.423,9382,9454,9462,tev,3,0.000
1781208266.495,19.423,9382,9454,9463,recv,1,0.000
1781208266.495,19.423,9382,9454,9464,recvUC,2,0.000
1781208266.495,19.423,9382,9454,9465,ov2slam_node,2,0.000
1781208266.495,19.423,9382,9454,9466,ov2slam_node,3,0.000
1781208266.495,19.423,9382,9454,9467,ov2_map,2,0.000
1781208266.495,19.423,9382,9454,9468,ov2_est,2,19.271
1781208266.495,19.423,9382,9454,9470,ov2_main,0,19.271
1781208266.495,19.423,9382,9454,9471,ov2_feed,3,0.000
1781208266.495,19.423,9382,9454,9565,ov2_main,0,0.000
1781208266.495,19.423,9382,9454,9566,ov2_main,2,0.000
1781208266.495,19.423,9382,9454,9567,ov2_main,0,19.271
1781208266.548,19.476,9382,9454,9454,ov2slam_node,2,0.000
1781208266.548,19.476,9382,9454,9455,ov2slam_nod-ust,1,0.000
1781208266.548,19.476,9382,9454,9456,ov2slam_nod-ust,2,0.000
1781208266.548,19.476,9382,9454,9457,ov2slam_node,1,0.000
1781208266.548,19.476,9382,9454,9458,ov2slam_node,2,0.000
1781208266.548,19.476,9382,9454,9459,gc,1,0.000
1781208266.548,19.476,9382,9454,9460,dq.builtins,3,0.000
1781208266.548,19.476,9382,9454,9461,dq.user,1,0.000
1781208266.548,19.476,9382,9454,9462,tev,3,0.000
1781208266.548,19.476,9382,9454,9463,recv,1,0.000
1781208266.548,19.476,9382,9454,9464,recvUC,2,0.000
1781208266.548,19.476,9382,9454,9465,ov2slam_node,2,0.000
1781208266.548,19.476,9382,9454,9466,ov2slam_node,3,0.000
1781208266.548,19.476,9382,9454,9467,ov2_map,2,0.000
1781208266.548,19.476,9382,9454,9468,ov2_est,1,0.000
1781208266.548,19.476,9382,9454,9470,ov2_main,0,18.989
1781208266.548,19.476,9382,9454,9471,ov2_feed,3,0.000
1781208266.548,19.476,9382,9454,9565,ov2_main,0,0.000
1781208266.548,19.476,9382,9454,9566,ov2_main,2,0.000
1781208266.548,19.476,9382,9454,9567,ov2_main,0,0.000
1781208266.600,19.528,9382,9454,9454,ov2slam_node,2,0.000
1781208266.600,19.528,9382,9454,9455,ov2slam_nod-ust,1,0.000
1781208266.600,19.528,9382,9454,9456,ov2slam_nod-ust,2,0.000
1781208266.600,19.528,9382,9454,9457,ov2slam_node,1,0.000
1781208266.600,19.528,9382,9454,9458,ov2slam_node,2,0.000
1781208266.600,19.528,9382,9454,9459,gc,1,0.000
1781208266.600,19.528,9382,9454,9460,dq.builtins,3,0.000
1781208266.600,19.528,9382,9454,9461,dq.user,1,0.000
1781208266.600,19.528,9382,9454,9462,tev,3,0.000
1781208266.600,19.528,9382,9454,9463,recv,1,0.000
1781208266.600,19.528,9382,9454,9464,recvUC,2,0.000
1781208266.600,19.528,9382,9454,9465,ov2slam_node,2,0.000
1781208266.600,19.528,9382,9454,9466,ov2slam_node,3,0.000
1781208266.600,19.528,9382,9454,9467,ov2_map,2,0.000
1781208266.600,19.528,9382,9454,9468,ov2_est,1,0.000
1781208266.600,19.528,9382,9454,9470,ov2_main,0,0.000
1781208266.600,19.528,9382,9454,9471,ov2_feed,3,0.000
1781208266.600,19.528,9382,9454,9565,ov2_main,0,0.000
1781208266.600,19.528,9382,9454,9566,ov2_main,2,0.000
1781208266.600,19.528,9382,9454,9567,ov2_main,0,0.000
1781208266.652,19.580,9382,9454,9454,ov2slam_node,2,0.000
1781208266.652,19.580,9382,9454,9455,ov2slam_nod-ust,1,0.000
1781208266.652,19.580,9382,9454,9456,ov2slam_nod-ust,2,0.000
1781208266.652,19.580,9382,9454,9457,ov2slam_node,1,0.000
1781208266.652,19.580,9382,9454,9458,ov2slam_node,2,0.000
1781208266.652,19.580,9382,9454,9459,gc,1,0.000
1781208266.652,19.580,9382,9454,9460,dq.builtins,3,0.000
1781208266.652,19.580,9382,9454,9461,dq.user,1,0.000
1781208266.652,19.580,9382,9454,9462,tev,3,0.000
1781208266.652,19.580,9382,9454,9463,recv,1,0.000
1781208266.652,19.580,9382,9454,9464,recvUC,2,0.000
1781208266.652,19.580,9382,9454,9465,ov2slam_node,2,0.000
1781208266.652,19.580,9382,9454,9466,ov2slam_node,3,0.000
1781208266.652,19.580,9382,9454,9467,ov2_map,2,0.000
1781208266.652,19.580,9382,9454,9468,ov2_est,1,0.000
1781208266.652,19.580,9382,9454,9470,ov2_main,0,0.000
1781208266.652,19.580,9382,9454,9471,ov2_feed,3,0.000
1781208266.652,19.580,9382,9454,9565,ov2_main,0,0.000
1781208266.652,19.580,9382,9454,9566,ov2_main,2,0.000
1781208266.652,19.580,9382,9454,9567,ov2_main,0,0.000
1781208266.704,19.632,9382,9454,9454,ov2slam_node,2,0.000
1781208266.704,19.632,9382,9454,9455,ov2slam_nod-ust,1,0.000
1781208266.704,19.632,9382,9454,9456,ov2slam_nod-ust,2,0.000
1781208266.704,19.632,9382,9454,9457,ov2slam_node,1,0.000
1781208266.704,19.632,9382,9454,9458,ov2slam_node,2,0.000
1781208266.704,19.632,9382,9454,9459,gc,1,0.000
1781208266.704,19.632,9382,9454,9460,dq.builtins,3,0.000
1781208266.704,19.632,9382,9454,9461,dq.user,1,0.000
1781208266.704,19.632,9382,9454,9462,tev,3,0.000
1781208266.704,19.632,9382,9454,9463,recv,1,0.000
1781208266.704,19.632,9382,9454,9464,recvUC,2,0.000
1781208266.704,19.632,9382,9454,9465,ov2slam_node,2,0.000
1781208266.704,19.632,9382,9454,9466,ov2slam_node,3,0.000
1781208266.704,19.632,9382,9454,9467,ov2_map,2,0.000
1781208266.704,19.632,9382,9454,9468,ov2_est,1,0.000
1781208266.704,19.632,9382,9454,9470,ov2_main,0,0.000
1781208266.704,19.632,9382,9454,9471,ov2_feed,3,0.000
1781208266.704,19.632,9382,9454,9565,ov2_main,0,0.000
1781208266.704,19.632,9382,9454,9566,ov2_main,2,0.000
1781208266.704,19.632,9382,9454,9567,ov2_main,0,0.000
1781208266.756,19.684,9382,9454,9454,ov2slam_node,2,0.000
1781208266.756,19.684,9382,9454,9455,ov2slam_nod-ust,1,0.000
1781208266.756,19.684,9382,9454,9456,ov2slam_nod-ust,2,0.000
1781208266.756,19.684,9382,9454,9457,ov2slam_node,1,0.000
1781208266.756,19.684,9382,9454,9458,ov2slam_node,2,0.000
1781208266.756,19.684,9382,9454,9459,gc,1,0.000
1781208266.756,19.684,9382,9454,9460,dq.builtins,3,0.000
1781208266.756,19.684,9382,9454,9461,dq.user,1,0.000
1781208266.756,19.684,9382,9454,9462,tev,3,0.000
1781208266.756,19.684,9382,9454,9463,recv,1,0.000
1781208266.756,19.684,9382,9454,9464,recvUC,1,0.000
1781208266.756,19.684,9382,9454,9465,ov2slam_node,2,0.000
1781208266.756,19.684,9382,9454,9466,ov2slam_node,3,0.000
1781208266.756,19.684,9382,9454,9467,ov2_map,2,0.000
1781208266.756,19.684,9382,9454,9468,ov2_est,1,0.000
1781208266.756,19.684,9382,9454,9470,ov2_main,0,0.000
1781208266.756,19.684,9382,9454,9471,ov2_feed,3,0.000
1781208266.756,19.684,9382,9454,9565,ov2_main,0,0.000
1781208266.756,19.684,9382,9454,9566,ov2_main,2,0.000
1781208266.756,19.684,9382,9454,9567,ov2_main,0,0.000
1781208266.808,19.736,9382,9454,9454,ov2slam_node,2,19.125
1781208266.808,19.736,9382,9454,9455,ov2slam_nod-ust,1,0.000
1781208266.808,19.736,9382,9454,9456,ov2slam_nod-ust,2,0.000
1781208266.808,19.736,9382,9454,9457,ov2slam_node,1,0.000
1781208266.808,19.736,9382,9454,9458,ov2slam_node,2,0.000
1781208266.808,19.736,9382,9454,9459,gc,1,0.000
1781208266.808,19.736,9382,9454,9460,dq.builtins,3,0.000
1781208266.808,19.736,9382,9454,9461,dq.user,1,0.000
1781208266.808,19.736,9382,9454,9462,tev,3,0.000
1781208266.808,19.736,9382,9454,9463,recv,1,0.000
1781208266.808,19.736,9382,9454,9464,recvUC,1,0.000
1781208266.808,19.736,9382,9454,9465,ov2slam_node,2,0.000
1781208266.808,19.736,9382,9454,9466,ov2slam_node,3,0.000
1781208266.808,19.736,9382,9454,9467,ov2_map,2,19.125
1781208266.808,19.736,9382,9454,9468,ov2_est,1,0.000
1781208266.808,19.736,9382,9454,9470,ov2_main,0,19.125
1781208266.808,19.736,9382,9454,9471,ov2_feed,3,0.000
1781208266.808,19.736,9382,9454,9565,ov2_main,1,0.000
1781208266.808,19.736,9382,9454,9566,ov2_main,2,19.125
1781208266.808,19.736,9382,9454,9567,ov2_main,3,0.000
1781208266.864,19.792,9382,9454,9454,ov2slam_node,2,0.000
1781208266.864,19.792,9382,9454,9455,ov2slam_nod-ust,1,0.000
1781208266.864,19.792,9382,9454,9456,ov2slam_nod-ust,2,0.000
1781208266.864,19.792,9382,9454,9457,ov2slam_node,1,0.000
1781208266.864,19.792,9382,9454,9458,ov2slam_node,2,0.000
1781208266.864,19.792,9382,9454,9459,gc,1,0.000
1781208266.864,19.792,9382,9454,9460,dq.builtins,3,0.000
1781208266.864,19.792,9382,9454,9461,dq.user,1,0.000
1781208266.864,19.792,9382,9454,9462,tev,3,0.000
1781208266.864,19.792,9382,9454,9463,recv,1,0.000
1781208266.864,19.792,9382,9454,9464,recvUC,1,0.000
1781208266.864,19.792,9382,9454,9465,ov2slam_node,2,0.000
1781208266.864,19.792,9382,9454,9466,ov2slam_node,3,0.000
1781208266.864,19.792,9382,9454,9467,ov2_map,2,0.000
1781208266.864,19.792,9382,9454,9468,ov2_est,3,35.951
1781208266.864,19.792,9382,9454,9470,ov2_main,0,0.000
1781208266.864,19.792,9382,9454,9471,ov2_feed,2,0.000
1781208266.864,19.792,9382,9454,9565,ov2_main,1,0.000
1781208266.864,19.792,9382,9454,9566,ov2_main,2,0.000
1781208266.864,19.792,9382,9454,9567,ov2_main,3,0.000
1781208266.916,19.844,9382,9454,9454,ov2slam_node,2,0.000
1781208266.916,19.844,9382,9454,9455,ov2slam_nod-ust,1,0.000
1781208266.916,19.844,9382,9454,9456,ov2slam_nod-ust,2,0.000
1781208266.916,19.844,9382,9454,9457,ov2slam_node,1,0.000
1781208266.916,19.844,9382,9454,9458,ov2slam_node,2,0.000
1781208266.916,19.844,9382,9454,9459,gc,1,0.000
1781208266.916,19.844,9382,9454,9460,dq.builtins,3,0.000
1781208266.916,19.844,9382,9454,9461,dq.user,1,0.000
1781208266.916,19.844,9382,9454,9462,tev,3,0.000
1781208266.916,19.844,9382,9454,9463,recv,1,0.000
1781208266.916,19.844,9382,9454,9464,recvUC,1,0.000
1781208266.916,19.844,9382,9454,9465,ov2slam_node,2,0.000
1781208266.916,19.844,9382,9454,9466,ov2slam_node,3,0.000
1781208266.916,19.844,9382,9454,9467,ov2_map,2,0.000
1781208266.916,19.844,9382,9454,9468,ov2_est,3,0.000
1781208266.916,19.844,9382,9454,9470,ov2_main,0,19.113
1781208266.916,19.844,9382,9454,9471,ov2_feed,2,0.000
1781208266.916,19.844,9382,9454,9565,ov2_main,1,19.113
1781208266.916,19.844,9382,9454,9566,ov2_main,2,0.000
1781208266.916,19.844,9382,9454,9567,ov2_main,3,0.000
1781208266.968,19.896,9382,9454,9454,ov2slam_node,2,0.000
1781208266.968,19.896,9382,9454,9455,ov2slam_nod-ust,1,0.000
1781208266.968,19.896,9382,9454,9456,ov2slam_nod-ust,2,0.000
1781208266.968,19.896,9382,9454,9457,ov2slam_node,1,0.000
1781208266.968,19.896,9382,9454,9458,ov2slam_node,2,0.000
1781208266.968,19.896,9382,9454,9459,gc,1,0.000
1781208266.968,19.896,9382,9454,9460,dq.builtins,3,0.000
1781208266.968,19.896,9382,9454,9461,dq.user,1,0.000
1781208266.968,19.896,9382,9454,9462,tev,3,0.000
1781208266.968,19.896,9382,9454,9463,recv,1,0.000
1781208266.968,19.896,9382,9454,9464,recvUC,1,0.000
1781208266.968,19.896,9382,9454,9465,ov2slam_node,2,0.000
1781208266.968,19.896,9382,9454,9466,ov2slam_node,3,0.000
1781208266.968,19.896,9382,9454,9467,ov2_map,1,0.000
1781208266.968,19.896,9382,9454,9468,ov2_est,3,0.000
1781208266.968,19.896,9382,9454,9470,ov2_main,0,0.000
1781208266.968,19.896,9382,9454,9471,ov2_feed,2,0.000
1781208266.968,19.896,9382,9454,9565,ov2_main,1,0.000
1781208266.968,19.896,9382,9454,9566,ov2_main,2,19.308
1781208266.968,19.896,9382,9454,9567,ov2_main,3,19.308
1781208267.020,19.948,9382,9454,9454,ov2slam_node,2,0.000
1781208267.020,19.948,9382,9454,9455,ov2slam_nod-ust,1,0.000
1781208267.020,19.948,9382,9454,9456,ov2slam_nod-ust,2,0.000
1781208267.020,19.948,9382,9454,9457,ov2slam_node,1,0.000
1781208267.020,19.948,9382,9454,9458,ov2slam_node,2,0.000
1781208267.020,19.948,9382,9454,9459,gc,1,0.000
1781208267.020,19.948,9382,9454,9460,dq.builtins,3,0.000
1781208267.020,19.948,9382,9454,9461,dq.user,1,0.000
1781208267.020,19.948,9382,9454,9462,tev,3,0.000
1781208267.020,19.948,9382,9454,9463,recv,1,0.000
1781208267.020,19.948,9382,9454,9464,recvUC,1,0.000
1781208267.020,19.948,9382,9454,9465,ov2slam_node,2,0.000
1781208267.020,19.948,9382,9454,9466,ov2slam_node,3,0.000
1781208267.020,19.948,9382,9454,9467,ov2_map,1,0.000
1781208267.020,19.948,9382,9454,9468,ov2_est,3,0.000
1781208267.020,19.948,9382,9454,9470,ov2_main,0,19.283
1781208267.020,19.948,9382,9454,9471,ov2_feed,2,0.000
1781208267.020,19.948,9382,9454,9565,ov2_main,1,0.000
1781208267.020,19.948,9382,9454,9566,ov2_main,2,0.000
1781208267.020,19.948,9382,9454,9567,ov2_main,3,0.000
1781208267.071,19.999,9382,9454,9454,ov2slam_node,2,0.000
1781208267.071,19.999,9382,9454,9455,ov2slam_nod-ust,1,0.000
1781208267.071,19.999,9382,9454,9456,ov2slam_nod-ust,2,0.000
1781208267.071,19.999,9382,9454,9457,ov2slam_node,1,0.000
1781208267.071,19.999,9382,9454,9458,ov2slam_node,2,0.000
1781208267.071,19.999,9382,9454,9459,gc,1,0.000
1781208267.071,19.999,9382,9454,9460,dq.builtins,3,0.000
1781208267.071,19.999,9382,9454,9461,dq.user,1,0.000
1781208267.071,19.999,9382,9454,9462,tev,3,0.000
1781208267.071,19.999,9382,9454,9463,recv,1,0.000
1781208267.071,19.999,9382,9454,9464,recvUC,1,0.000
1781208267.071,19.999,9382,9454,9465,ov2slam_node,2,0.000
1781208267.071,19.999,9382,9454,9466,ov2slam_node,3,0.000
1781208267.071,19.999,9382,9454,9467,ov2_map,1,19.285
1781208267.071,19.999,9382,9454,9468,ov2_est,3,19.285
1781208267.071,19.999,9382,9454,9470,ov2_main,0,19.285
1781208267.071,19.999,9382,9454,9471,ov2_feed,0,0.000
1781208267.071,19.999,9382,9454,9565,ov2_main,1,0.000
1781208267.071,19.999,9382,9454,9566,ov2_main,2,0.000
1781208267.071,19.999,9382,9454,9567,ov2_main,3,0.000
1781208267.124,20.051,9382,9454,9454,ov2slam_node,2,0.000
1781208267.124,20.051,9382,9454,9455,ov2slam_nod-ust,1,0.000
1781208267.124,20.051,9382,9454,9456,ov2slam_nod-ust,2,0.000
1781208267.124,20.051,9382,9454,9457,ov2slam_node,1,0.000
1781208267.124,20.051,9382,9454,9458,ov2slam_node,2,0.000
1781208267.124,20.051,9382,9454,9459,gc,1,0.000
1781208267.124,20.051,9382,9454,9460,dq.builtins,3,0.000
1781208267.124,20.051,9382,9454,9461,dq.user,1,0.000
1781208267.124,20.051,9382,9454,9462,tev,3,0.000
1781208267.124,20.051,9382,9454,9463,recv,1,0.000
1781208267.124,20.051,9382,9454,9464,recvUC,1,0.000
1781208267.124,20.051,9382,9454,9465,ov2slam_node,2,0.000
1781208267.124,20.051,9382,9454,9466,ov2slam_node,3,0.000
1781208267.124,20.051,9382,9454,9467,ov2_map,1,0.000
1781208267.124,20.051,9382,9454,9468,ov2_est,3,38.438
1781208267.124,20.051,9382,9454,9470,ov2_main,0,0.000
1781208267.124,20.051,9382,9454,9471,ov2_feed,0,0.000
1781208267.124,20.051,9382,9454,9565,ov2_main,1,19.219
1781208267.124,20.051,9382,9454,9566,ov2_main,2,19.219
1781208267.124,20.051,9382,9454,9567,ov2_main,3,0.000
1781208267.175,20.103,9382,9454,9454,ov2slam_node,2,0.000
1781208267.175,20.103,9382,9454,9455,ov2slam_nod-ust,1,0.000
1781208267.175,20.103,9382,9454,9456,ov2slam_nod-ust,2,0.000
1781208267.175,20.103,9382,9454,9457,ov2slam_node,1,0.000
1781208267.175,20.103,9382,9454,9458,ov2slam_node,2,0.000
1781208267.175,20.103,9382,9454,9459,gc,1,0.000
1781208267.175,20.103,9382,9454,9460,dq.builtins,3,0.000
1781208267.175,20.103,9382,9454,9461,dq.user,1,0.000
1781208267.175,20.103,9382,9454,9462,tev,3,0.000
1781208267.175,20.103,9382,9454,9463,recv,1,0.000
1781208267.175,20.103,9382,9454,9464,recvUC,1,0.000
1781208267.175,20.103,9382,9454,9465,ov2slam_node,2,0.000
1781208267.175,20.103,9382,9454,9466,ov2slam_node,3,0.000
1781208267.175,20.103,9382,9454,9467,ov2_map,1,0.000
1781208267.175,20.103,9382,9454,9468,ov2_est,3,0.000
1781208267.175,20.103,9382,9454,9470,ov2_main,0,0.000
1781208267.175,20.103,9382,9454,9471,ov2_feed,0,0.000
1781208267.175,20.103,9382,9454,9565,ov2_main,1,0.000
1781208267.175,20.103,9382,9454,9566,ov2_main,2,19.292
1781208267.175,20.103,9382,9454,9567,ov2_main,3,19.292
1781208267.227,20.155,9382,9454,9454,ov2slam_node,2,0.000
1781208267.227,20.155,9382,9454,9455,ov2slam_nod-ust,1,0.000
1781208267.227,20.155,9382,9454,9456,ov2slam_nod-ust,2,0.000
1781208267.227,20.155,9382,9454,9457,ov2slam_node,1,0.000
1781208267.227,20.155,9382,9454,9458,ov2slam_node,2,0.000
1781208267.227,20.155,9382,9454,9459,gc,1,0.000
1781208267.227,20.155,9382,9454,9460,dq.builtins,3,0.000
1781208267.227,20.155,9382,9454,9461,dq.user,1,0.000
1781208267.227,20.155,9382,9454,9462,tev,3,0.000
1781208267.227,20.155,9382,9454,9463,recv,1,0.000
1781208267.227,20.155,9382,9454,9464,recvUC,1,0.000
1781208267.227,20.155,9382,9454,9465,ov2slam_node,2,0.000
1781208267.227,20.155,9382,9454,9466,ov2slam_node,1,0.000
1781208267.227,20.155,9382,9454,9467,ov2_map,1,0.000
1781208267.227,20.155,9382,9454,9468,ov2_est,3,0.000
1781208267.227,20.155,9382,9454,9470,ov2_main,0,19.286
1781208267.227,20.155,9382,9454,9471,ov2_feed,0,0.000
1781208267.227,20.155,9382,9454,9565,ov2_main,1,19.286
1781208267.227,20.155,9382,9454,9566,ov2_main,2,0.000
1781208267.227,20.155,9382,9454,9567,ov2_main,3,0.000
1781208267.279,20.207,9382,9454,9454,ov2slam_node,2,0.000
1781208267.279,20.207,9382,9454,9455,ov2slam_nod-ust,1,0.000
1781208267.279,20.207,9382,9454,9456,ov2slam_nod-ust,2,0.000
1781208267.279,20.207,9382,9454,9457,ov2slam_node,1,0.000
1781208267.279,20.207,9382,9454,9458,ov2slam_node,2,0.000
1781208267.279,20.207,9382,9454,9459,gc,1,0.000
1781208267.279,20.207,9382,9454,9460,dq.builtins,3,0.000
1781208267.279,20.207,9382,9454,9461,dq.user,1,0.000
1781208267.279,20.207,9382,9454,9462,tev,3,0.000
1781208267.279,20.207,9382,9454,9463,recv,1,0.000
1781208267.279,20.207,9382,9454,9464,recvUC,1,0.000
1781208267.279,20.207,9382,9454,9465,ov2slam_node,2,0.000
1781208267.279,20.207,9382,9454,9466,ov2slam_node,1,0.000
1781208267.279,20.207,9382,9454,9467,ov2_map,1,0.000
1781208267.279,20.207,9382,9454,9468,ov2_est,3,19.286
1781208267.279,20.207,9382,9454,9470,ov2_main,0,19.286
1781208267.279,20.207,9382,9454,9471,ov2_feed,2,0.000
1781208267.279,20.207,9382,9454,9565,ov2_main,1,0.000
1781208267.279,20.207,9382,9454,9566,ov2_main,2,0.000
1781208267.279,20.207,9382,9454,9567,ov2_main,3,19.286
1781208267.331,20.259,9382,9454,9454,ov2slam_node,2,0.000
1781208267.331,20.259,9382,9454,9455,ov2slam_nod-ust,1,0.000
1781208267.331,20.259,9382,9454,9456,ov2slam_nod-ust,2,0.000
1781208267.331,20.259,9382,9454,9457,ov2slam_node,1,0.000
1781208267.331,20.259,9382,9454,9458,ov2slam_node,2,0.000
1781208267.331,20.259,9382,9454,9459,gc,1,0.000
1781208267.331,20.259,9382,9454,9460,dq.builtins,3,0.000
1781208267.331,20.259,9382,9454,9461,dq.user,1,0.000
1781208267.331,20.259,9382,9454,9462,tev,3,0.000
1781208267.331,20.259,9382,9454,9463,recv,1,0.000
1781208267.331,20.259,9382,9454,9464,recvUC,1,0.000
1781208267.331,20.259,9382,9454,9465,ov2slam_node,2,0.000
1781208267.331,20.259,9382,9454,9466,ov2slam_node,1,0.000
1781208267.331,20.259,9382,9454,9467,ov2_map,1,0.000
1781208267.331,20.259,9382,9454,9468,ov2_est,3,38.187
1781208267.331,20.259,9382,9454,9470,ov2_main,0,19.094
1781208267.331,20.259,9382,9454,9471,ov2_feed,1,0.000
1781208267.331,20.259,9382,9454,9565,ov2_main,1,19.094
1781208267.331,20.259,9382,9454,9566,ov2_main,2,19.094
1781208267.331,20.259,9382,9454,9567,ov2_main,3,0.000
1781208267.384,20.312,9382,9454,9454,ov2slam_node,2,0.000
1781208267.384,20.312,9382,9454,9455,ov2slam_nod-ust,1,0.000
1781208267.384,20.312,9382,9454,9456,ov2slam_nod-ust,2,0.000
1781208267.384,20.312,9382,9454,9457,ov2slam_node,1,0.000
1781208267.384,20.312,9382,9454,9458,ov2slam_node,2,0.000
1781208267.384,20.312,9382,9454,9459,gc,1,0.000
1781208267.384,20.312,9382,9454,9460,dq.builtins,3,0.000
1781208267.384,20.312,9382,9454,9461,dq.user,1,0.000
1781208267.384,20.312,9382,9454,9462,tev,3,0.000
1781208267.384,20.312,9382,9454,9463,recv,1,0.000
1781208267.384,20.312,9382,9454,9464,recvUC,1,0.000
1781208267.384,20.312,9382,9454,9465,ov2slam_node,2,0.000
1781208267.384,20.312,9382,9454,9466,ov2slam_node,1,0.000
1781208267.384,20.312,9382,9454,9467,ov2_map,1,0.000
1781208267.384,20.312,9382,9454,9468,ov2_est,3,0.000
1781208267.384,20.312,9382,9454,9470,ov2_main,0,19.104
1781208267.384,20.312,9382,9454,9471,ov2_feed,1,0.000
1781208267.384,20.312,9382,9454,9565,ov2_main,1,0.000
1781208267.384,20.312,9382,9454,9566,ov2_main,2,0.000
1781208267.384,20.312,9382,9454,9567,ov2_main,3,19.104
1781208267.436,20.364,9382,9454,9454,ov2slam_node,2,0.000
1781208267.436,20.364,9382,9454,9455,ov2slam_nod-ust,1,0.000
1781208267.436,20.364,9382,9454,9456,ov2slam_nod-ust,2,0.000
1781208267.436,20.364,9382,9454,9457,ov2slam_node,1,0.000
1781208267.436,20.364,9382,9454,9458,ov2slam_node,2,0.000
1781208267.436,20.364,9382,9454,9459,gc,1,0.000
1781208267.436,20.364,9382,9454,9460,dq.builtins,3,0.000
1781208267.436,20.364,9382,9454,9461,dq.user,1,0.000
1781208267.436,20.364,9382,9454,9462,tev,3,0.000
1781208267.436,20.364,9382,9454,9463,recv,1,0.000
1781208267.436,20.364,9382,9454,9464,recvUC,1,0.000
1781208267.436,20.364,9382,9454,9465,ov2slam_node,2,0.000
1781208267.436,20.364,9382,9454,9466,ov2slam_node,1,0.000
1781208267.436,20.364,9382,9454,9467,ov2_map,1,0.000
1781208267.436,20.364,9382,9454,9468,ov2_est,3,38.260
1781208267.436,20.364,9382,9454,9470,ov2_main,0,19.130
1781208267.436,20.364,9382,9454,9471,ov2_feed,1,19.130
1781208267.436,20.364,9382,9454,9565,ov2_main,1,19.130
1781208267.436,20.364,9382,9454,9566,ov2_main,2,19.130
1781208267.436,20.364,9382,9454,9567,ov2_main,3,19.130
1781208267.488,20.416,9382,9454,9454,ov2slam_node,2,0.000
1781208267.488,20.416,9382,9454,9455,ov2slam_nod-ust,1,0.000
1781208267.488,20.416,9382,9454,9456,ov2slam_nod-ust,2,0.000
1781208267.488,20.416,9382,9454,9457,ov2slam_node,1,0.000
1781208267.488,20.416,9382,9454,9458,ov2slam_node,2,0.000
1781208267.488,20.416,9382,9454,9459,gc,1,0.000
1781208267.488,20.416,9382,9454,9460,dq.builtins,3,0.000
1781208267.488,20.416,9382,9454,9461,dq.user,1,0.000
1781208267.488,20.416,9382,9454,9462,tev,3,0.000
1781208267.488,20.416,9382,9454,9463,recv,1,0.000
1781208267.488,20.416,9382,9454,9464,recvUC,1,0.000
1781208267.488,20.416,9382,9454,9465,ov2slam_node,2,0.000
1781208267.488,20.416,9382,9454,9466,ov2slam_node,1,0.000
1781208267.488,20.416,9382,9454,9467,ov2_map,1,0.000
1781208267.488,20.416,9382,9454,9468,ov2_est,3,0.000
1781208267.488,20.416,9382,9454,9470,ov2_main,1,19.113
1781208267.488,20.416,9382,9454,9471,ov2_feed,1,0.000
1781208267.488,20.416,9382,9454,9565,ov2_main,1,0.000
1781208267.488,20.416,9382,9454,9566,ov2_main,2,0.000
1781208267.488,20.416,9382,9454,9567,ov2_main,3,0.000
1781208267.541,20.469,9382,9454,9454,ov2slam_node,2,0.000
1781208267.541,20.469,9382,9454,9455,ov2slam_nod-ust,1,0.000
1781208267.541,20.469,9382,9454,9456,ov2slam_nod-ust,2,0.000
1781208267.541,20.469,9382,9454,9457,ov2slam_node,1,0.000
1781208267.541,20.469,9382,9454,9458,ov2slam_node,2,0.000
1781208267.541,20.469,9382,9454,9459,gc,1,0.000
1781208267.541,20.469,9382,9454,9460,dq.builtins,3,0.000
1781208267.541,20.469,9382,9454,9461,dq.user,1,0.000
1781208267.541,20.469,9382,9454,9462,tev,3,0.000
1781208267.541,20.469,9382,9454,9463,recv,1,0.000
1781208267.541,20.469,9382,9454,9464,recvUC,1,0.000
1781208267.541,20.469,9382,9454,9465,ov2slam_node,2,0.000
1781208267.541,20.469,9382,9454,9466,ov2slam_node,1,0.000
1781208267.541,20.469,9382,9454,9467,ov2_map,0,0.000
1781208267.541,20.469,9382,9454,9468,ov2_est,3,0.000
1781208267.541,20.469,9382,9454,9470,ov2_main,1,0.000
1781208267.541,20.469,9382,9454,9471,ov2_feed,1,0.000
1781208267.541,20.469,9382,9454,9565,ov2_main,0,19.071
1781208267.541,20.469,9382,9454,9566,ov2_main,2,19.071
1781208267.541,20.469,9382,9454,9567,ov2_main,3,0.000
1781208267.593,20.521,9382,9454,9454,ov2slam_node,2,0.000
1781208267.593,20.521,9382,9454,9455,ov2slam_nod-ust,1,0.000
1781208267.593,20.521,9382,9454,9456,ov2slam_nod-ust,2,0.000
1781208267.593,20.521,9382,9454,9457,ov2slam_node,1,0.000
1781208267.593,20.521,9382,9454,9458,ov2slam_node,2,0.000
1781208267.593,20.521,9382,9454,9459,gc,1,0.000
1781208267.593,20.521,9382,9454,9460,dq.builtins,3,0.000
1781208267.593,20.521,9382,9454,9461,dq.user,1,0.000
1781208267.593,20.521,9382,9454,9462,tev,3,0.000
1781208267.593,20.521,9382,9454,9463,recv,1,0.000
1781208267.593,20.521,9382,9454,9464,recvUC,1,0.000
1781208267.593,20.521,9382,9454,9465,ov2slam_node,2,0.000
1781208267.593,20.521,9382,9454,9466,ov2slam_node,1,0.000
1781208267.593,20.521,9382,9454,9467,ov2_map,0,19.114
1781208267.593,20.521,9382,9454,9468,ov2_est,3,76.457
1781208267.593,20.521,9382,9454,9470,ov2_main,1,38.229
1781208267.593,20.521,9382,9454,9471,ov2_feed,1,0.000
1781208267.593,20.521,9382,9454,9565,ov2_main,0,19.114
1781208267.593,20.521,9382,9454,9566,ov2_main,2,0.000
1781208267.593,20.521,9382,9454,9567,ov2_main,3,19.114
1781208267.646,20.574,9382,9454,9454,ov2slam_node,2,0.000
1781208267.646,20.574,9382,9454,9455,ov2slam_nod-ust,1,0.000
1781208267.646,20.574,9382,9454,9456,ov2slam_nod-ust,2,0.000
1781208267.646,20.574,9382,9454,9457,ov2slam_node,1,0.000
1781208267.646,20.574,9382,9454,9458,ov2slam_node,2,0.000
1781208267.646,20.574,9382,9454,9459,gc,1,0.000
1781208267.646,20.574,9382,9454,9460,dq.builtins,3,0.000
1781208267.646,20.574,9382,9454,9461,dq.user,1,0.000
1781208267.646,20.574,9382,9454,9462,tev,3,0.000
1781208267.646,20.574,9382,9454,9463,recv,1,0.000
1781208267.646,20.574,9382,9454,9464,recvUC,1,0.000
1781208267.646,20.574,9382,9454,9465,ov2slam_node,2,0.000
1781208267.646,20.574,9382,9454,9466,ov2slam_node,1,0.000
1781208267.646,20.574,9382,9454,9467,ov2_map,0,0.000
1781208267.646,20.574,9382,9454,9468,ov2_est,3,0.000
1781208267.646,20.574,9382,9454,9470,ov2_main,1,0.000
1781208267.646,20.574,9382,9454,9471,ov2_feed,1,0.000
1781208267.646,20.574,9382,9454,9565,ov2_main,0,0.000
1781208267.646,20.574,9382,9454,9566,ov2_main,2,0.000
1781208267.646,20.574,9382,9454,9567,ov2_main,3,0.000
1781208267.699,20.627,9382,9454,9454,ov2slam_node,2,0.000
1781208267.699,20.627,9382,9454,9455,ov2slam_nod-ust,1,0.000
1781208267.699,20.627,9382,9454,9456,ov2slam_nod-ust,2,0.000
1781208267.699,20.627,9382,9454,9457,ov2slam_node,1,0.000
1781208267.699,20.627,9382,9454,9458,ov2slam_node,2,0.000
1781208267.699,20.627,9382,9454,9459,gc,1,0.000
1781208267.699,20.627,9382,9454,9460,dq.builtins,3,0.000
1781208267.699,20.627,9382,9454,9461,dq.user,1,0.000
1781208267.699,20.627,9382,9454,9462,tev,3,0.000
1781208267.699,20.627,9382,9454,9463,recv,1,0.000
1781208267.699,20.627,9382,9454,9464,recvUC,1,0.000
1781208267.699,20.627,9382,9454,9465,ov2slam_node,2,0.000
1781208267.699,20.627,9382,9454,9466,ov2slam_node,1,0.000
1781208267.699,20.627,9382,9454,9467,ov2_map,1,0.000
1781208267.699,20.627,9382,9454,9468,ov2_est,3,0.000
1781208267.699,20.627,9382,9454,9470,ov2_main,1,0.000
1781208267.699,20.627,9382,9454,9471,ov2_feed,3,0.000
1781208267.699,20.627,9382,9454,9565,ov2_main,0,0.000
1781208267.699,20.627,9382,9454,9566,ov2_main,2,0.000
1781208267.699,20.627,9382,9454,9567,ov2_main,3,0.000
1781208267.751,20.679,9382,9454,9454,ov2slam_node,2,0.000
1781208267.751,20.679,9382,9454,9455,ov2slam_nod-ust,1,0.000
1781208267.751,20.679,9382,9454,9456,ov2slam_nod-ust,2,0.000
1781208267.751,20.679,9382,9454,9457,ov2slam_node,1,0.000
1781208267.751,20.679,9382,9454,9458,ov2slam_node,2,0.000
1781208267.751,20.679,9382,9454,9459,gc,1,0.000
1781208267.751,20.679,9382,9454,9460,dq.builtins,3,0.000
1781208267.751,20.679,9382,9454,9461,dq.user,1,0.000
1781208267.751,20.679,9382,9454,9462,tev,3,0.000
1781208267.751,20.679,9382,9454,9463,recv,1,0.000
1781208267.751,20.679,9382,9454,9464,recvUC,1,0.000
1781208267.751,20.679,9382,9454,9465,ov2slam_node,2,0.000
1781208267.751,20.679,9382,9454,9466,ov2slam_node,1,0.000
1781208267.751,20.679,9382,9454,9467,ov2_map,1,0.000
1781208267.751,20.679,9382,9454,9468,ov2_est,3,0.000
1781208267.751,20.679,9382,9454,9470,ov2_main,1,0.000
1781208267.751,20.679,9382,9454,9471,ov2_feed,3,0.000
1781208267.751,20.679,9382,9454,9565,ov2_main,0,0.000
1781208267.751,20.679,9382,9454,9566,ov2_main,2,0.000
1781208267.751,20.679,9382,9454,9567,ov2_main,3,0.000
1781208267.804,20.731,9382,9454,9454,ov2slam_node,2,0.000
1781208267.804,20.731,9382,9454,9455,ov2slam_nod-ust,1,0.000
1781208267.804,20.731,9382,9454,9456,ov2slam_nod-ust,2,0.000
1781208267.804,20.731,9382,9454,9457,ov2slam_node,1,0.000
1781208267.804,20.731,9382,9454,9458,ov2slam_node,2,0.000
1781208267.804,20.731,9382,9454,9459,gc,1,0.000
1781208267.804,20.731,9382,9454,9460,dq.builtins,3,0.000
1781208267.804,20.731,9382,9454,9461,dq.user,1,0.000
1781208267.804,20.731,9382,9454,9462,tev,3,0.000
1781208267.804,20.731,9382,9454,9463,recv,1,0.000
1781208267.804,20.731,9382,9454,9464,recvUC,3,0.000
1781208267.804,20.731,9382,9454,9465,ov2slam_node,2,0.000
1781208267.804,20.731,9382,9454,9466,ov2slam_node,3,0.000
1781208267.804,20.731,9382,9454,9467,ov2_map,1,18.978
1781208267.804,20.731,9382,9454,9468,ov2_est,3,18.978
1781208267.804,20.731,9382,9454,9470,ov2_main,3,18.978
1781208267.804,20.731,9382,9454,9471,ov2_feed,3,0.000
1781208267.804,20.731,9382,9454,9565,ov2_main,0,0.000
1781208267.804,20.731,9382,9454,9566,ov2_main,2,18.978
1781208267.804,20.731,9382,9454,9567,ov2_main,1,0.000
1781208267.857,20.785,9382,9454,9454,ov2slam_node,2,0.000
1781208267.857,20.785,9382,9454,9455,ov2slam_nod-ust,1,0.000
1781208267.857,20.785,9382,9454,9456,ov2slam_nod-ust,2,0.000
1781208267.857,20.785,9382,9454,9457,ov2slam_node,1,0.000
1781208267.857,20.785,9382,9454,9458,ov2slam_node,2,0.000
1781208267.857,20.785,9382,9454,9459,gc,1,0.000
1781208267.857,20.785,9382,9454,9460,dq.builtins,3,0.000
1781208267.857,20.785,9382,9454,9461,dq.user,1,0.000
1781208267.857,20.785,9382,9454,9462,tev,3,0.000
1781208267.857,20.785,9382,9454,9463,recv,1,0.000
1781208267.857,20.785,9382,9454,9464,recvUC,3,0.000
1781208267.857,20.785,9382,9454,9465,ov2slam_node,2,0.000
1781208267.857,20.785,9382,9454,9466,ov2slam_node,1,0.000
1781208267.857,20.785,9382,9454,9467,ov2_map,3,18.852
1781208267.857,20.785,9382,9454,9468,ov2_est,0,56.557
1781208267.857,20.785,9382,9454,9470,ov2_main,3,37.705
1781208267.857,20.785,9382,9454,9471,ov2_feed,3,0.000
1781208267.857,20.785,9382,9454,9565,ov2_main,1,0.000
1781208267.857,20.785,9382,9454,9566,ov2_main,2,0.000
1781208267.857,20.785,9382,9454,9567,ov2_main,1,18.852
1781208267.909,20.837,9382,9454,9454,ov2slam_node,2,0.000
1781208267.909,20.837,9382,9454,9455,ov2slam_nod-ust,1,0.000
1781208267.909,20.837,9382,9454,9456,ov2slam_nod-ust,2,0.000
1781208267.909,20.837,9382,9454,9457,ov2slam_node,1,0.000
1781208267.909,20.837,9382,9454,9458,ov2slam_node,2,0.000
1781208267.909,20.837,9382,9454,9459,gc,1,0.000
1781208267.909,20.837,9382,9454,9460,dq.builtins,3,0.000
1781208267.909,20.837,9382,9454,9461,dq.user,1,0.000
1781208267.909,20.837,9382,9454,9462,tev,3,0.000
1781208267.909,20.837,9382,9454,9463,recv,1,0.000
1781208267.909,20.837,9382,9454,9464,recvUC,3,0.000
1781208267.909,20.837,9382,9454,9465,ov2slam_node,2,0.000
1781208267.909,20.837,9382,9454,9466,ov2slam_node,3,0.000
1781208267.909,20.837,9382,9454,9467,ov2_map,3,0.000
1781208267.909,20.837,9382,9454,9468,ov2_est,0,19.100
1781208267.909,20.837,9382,9454,9470,ov2_main,0,0.000
1781208267.909,20.837,9382,9454,9471,ov2_feed,0,0.000
1781208267.909,20.837,9382,9454,9565,ov2_main,1,19.100
1781208267.909,20.837,9382,9454,9566,ov2_main,2,19.100
1781208267.909,20.837,9382,9454,9567,ov2_main,0,19.100
1781208267.961,20.889,9382,9454,9454,ov2slam_node,2,0.000
1781208267.961,20.889,9382,9454,9455,ov2slam_nod-ust,1,0.000
1781208267.961,20.889,9382,9454,9456,ov2slam_nod-ust,2,0.000
1781208267.961,20.889,9382,9454,9457,ov2slam_node,1,0.000
1781208267.961,20.889,9382,9454,9458,ov2slam_node,2,0.000
1781208267.961,20.889,9382,9454,9459,gc,1,0.000
1781208267.961,20.889,9382,9454,9460,dq.builtins,3,0.000
1781208267.961,20.889,9382,9454,9461,dq.user,1,0.000
1781208267.961,20.889,9382,9454,9462,tev,3,0.000
1781208267.961,20.889,9382,9454,9463,recv,1,0.000
1781208267.961,20.889,9382,9454,9464,recvUC,0,0.000
1781208267.961,20.889,9382,9454,9465,ov2slam_node,2,0.000
1781208267.961,20.889,9382,9454,9466,ov2slam_node,3,0.000
1781208267.961,20.889,9382,9454,9467,ov2_map,3,0.000
1781208267.961,20.889,9382,9454,9468,ov2_est,3,0.000
1781208267.961,20.889,9382,9454,9470,ov2_main,0,19.113
1781208267.961,20.889,9382,9454,9471,ov2_feed,3,0.000
1781208267.961,20.889,9382,9454,9565,ov2_main,1,19.113
1781208267.961,20.889,9382,9454,9566,ov2_main,2,19.113
1781208267.961,20.889,9382,9454,9567,ov2_main,3,0.000
1781208268.017,20.945,9382,9454,9454,ov2slam_node,2,0.000
1781208268.017,20.945,9382,9454,9455,ov2slam_nod-ust,1,0.000
1781208268.017,20.945,9382,9454,9456,ov2slam_nod-ust,2,0.000
1781208268.017,20.945,9382,9454,9457,ov2slam_node,1,0.000
1781208268.017,20.945,9382,9454,9458,ov2slam_node,2,0.000
1781208268.017,20.945,9382,9454,9459,gc,1,0.000
1781208268.017,20.945,9382,9454,9460,dq.builtins,3,0.000
1781208268.017,20.945,9382,9454,9461,dq.user,1,0.000
1781208268.017,20.945,9382,9454,9462,tev,3,0.000
1781208268.017,20.945,9382,9454,9463,recv,1,0.000
1781208268.017,20.945,9382,9454,9464,recvUC,0,0.000
1781208268.017,20.945,9382,9454,9465,ov2slam_node,2,0.000
1781208268.017,20.945,9382,9454,9466,ov2slam_node,3,0.000
1781208268.017,20.945,9382,9454,9467,ov2_map,3,0.000
1781208268.017,20.945,9382,9454,9468,ov2_est,2,0.000
1781208268.017,20.945,9382,9454,9470,ov2_main,1,17.998
1781208268.017,20.945,9382,9454,9471,ov2_feed,0,0.000
1781208268.017,20.945,9382,9454,9565,ov2_main,1,0.000
1781208268.017,20.945,9382,9454,9566,ov2_main,2,0.000
1781208268.017,20.945,9382,9454,9567,ov2_main,3,17.998
1781208268.070,20.998,9382,9454,9454,ov2slam_node,2,0.000
1781208268.070,20.998,9382,9454,9455,ov2slam_nod-ust,1,0.000
1781208268.070,20.998,9382,9454,9456,ov2slam_nod-ust,2,0.000
1781208268.070,20.998,9382,9454,9457,ov2slam_node,1,0.000
1781208268.070,20.998,9382,9454,9458,ov2slam_node,2,0.000
1781208268.070,20.998,9382,9454,9459,gc,1,0.000
1781208268.070,20.998,9382,9454,9460,dq.builtins,3,0.000
1781208268.070,20.998,9382,9454,9461,dq.user,1,0.000
1781208268.070,20.998,9382,9454,9462,tev,3,0.000
1781208268.070,20.998,9382,9454,9463,recv,1,0.000
1781208268.070,20.998,9382,9454,9464,recvUC,0,0.000
1781208268.070,20.998,9382,9454,9465,ov2slam_node,2,0.000
1781208268.070,20.998,9382,9454,9466,ov2slam_node,1,0.000
1781208268.070,20.998,9382,9454,9467,ov2_map,3,0.000
1781208268.070,20.998,9382,9454,9468,ov2_est,2,0.000
1781208268.070,20.998,9382,9454,9470,ov2_main,0,0.000
1781208268.070,20.998,9382,9454,9471,ov2_feed,0,0.000
1781208268.070,20.998,9382,9454,9565,ov2_main,1,0.000
1781208268.070,20.998,9382,9454,9566,ov2_main,2,18.663
1781208268.070,20.998,9382,9454,9567,ov2_main,0,0.000
1781208268.124,21.052,9382,9454,9454,ov2slam_node,2,0.000
1781208268.124,21.052,9382,9454,9455,ov2slam_nod-ust,1,0.000
1781208268.124,21.052,9382,9454,9456,ov2slam_nod-ust,2,0.000
1781208268.124,21.052,9382,9454,9457,ov2slam_node,1,0.000
1781208268.124,21.052,9382,9454,9458,ov2slam_node,2,0.000
1781208268.124,21.052,9382,9454,9459,gc,1,0.000
1781208268.124,21.052,9382,9454,9460,dq.builtins,3,0.000
1781208268.124,21.052,9382,9454,9461,dq.user,1,0.000
1781208268.124,21.052,9382,9454,9462,tev,3,0.000
1781208268.124,21.052,9382,9454,9463,recv,1,0.000
1781208268.124,21.052,9382,9454,9464,recvUC,0,0.000
1781208268.124,21.052,9382,9454,9465,ov2slam_node,2,0.000
1781208268.124,21.052,9382,9454,9466,ov2slam_node,1,0.000
1781208268.124,21.052,9382,9454,9467,ov2_map,3,0.000
1781208268.124,21.052,9382,9454,9468,ov2_est,2,18.675
1781208268.124,21.052,9382,9454,9470,ov2_main,1,0.000
1781208268.124,21.052,9382,9454,9471,ov2_feed,0,0.000
1781208268.124,21.052,9382,9454,9565,ov2_main,1,0.000
1781208268.124,21.052,9382,9454,9566,ov2_main,2,0.000
1781208268.124,21.052,9382,9454,9567,ov2_main,3,0.000
1781208268.178,21.106,9382,9454,9454,ov2slam_node,2,0.000
1781208268.178,21.106,9382,9454,9455,ov2slam_nod-ust,1,0.000
1781208268.178,21.106,9382,9454,9456,ov2slam_nod-ust,2,0.000
1781208268.178,21.106,9382,9454,9457,ov2slam_node,1,0.000
1781208268.178,21.106,9382,9454,9458,ov2slam_node,2,0.000
1781208268.178,21.106,9382,9454,9459,gc,1,0.000
1781208268.178,21.106,9382,9454,9460,dq.builtins,3,0.000
1781208268.178,21.106,9382,9454,9461,dq.user,1,0.000
1781208268.178,21.106,9382,9454,9462,tev,3,0.000
1781208268.178,21.106,9382,9454,9463,recv,1,0.000
1781208268.178,21.106,9382,9454,9464,recvUC,0,0.000
1781208268.178,21.106,9382,9454,9465,ov2slam_node,2,0.000
1781208268.178,21.106,9382,9454,9466,ov2slam_node,0,0.000
1781208268.178,21.106,9382,9454,9467,ov2_map,3,0.000
1781208268.178,21.106,9382,9454,9468,ov2_est,0,0.000
1781208268.178,21.106,9382,9454,9470,ov2_main,1,18.636
1781208268.178,21.106,9382,9454,9471,ov2_feed,3,0.000
1781208268.178,21.106,9382,9454,9565,ov2_main,0,18.636
1781208268.178,21.106,9382,9454,9566,ov2_main,2,0.000
1781208268.178,21.106,9382,9454,9567,ov2_main,3,0.000
1781208268.230,21.158,9382,9454,9454,ov2slam_node,2,0.000
1781208268.230,21.158,9382,9454,9455,ov2slam_nod-ust,1,0.000
1781208268.230,21.158,9382,9454,9456,ov2slam_nod-ust,2,0.000
1781208268.230,21.158,9382,9454,9457,ov2slam_node,1,0.000
1781208268.230,21.158,9382,9454,9458,ov2slam_node,2,0.000
1781208268.230,21.158,9382,9454,9459,gc,1,0.000
1781208268.230,21.158,9382,9454,9460,dq.builtins,3,0.000
1781208268.230,21.158,9382,9454,9461,dq.user,1,0.000
1781208268.230,21.158,9382,9454,9462,tev,3,0.000
1781208268.230,21.158,9382,9454,9463,recv,1,0.000
1781208268.230,21.158,9382,9454,9464,recvUC,0,0.000
1781208268.230,21.158,9382,9454,9465,ov2slam_node,2,0.000
1781208268.230,21.158,9382,9454,9466,ov2slam_node,0,0.000
1781208268.230,21.158,9382,9454,9467,ov2_map,3,0.000
1781208268.230,21.158,9382,9454,9468,ov2_est,0,0.000
1781208268.230,21.158,9382,9454,9470,ov2_main,1,19.073
1781208268.230,21.158,9382,9454,9471,ov2_feed,0,0.000
1781208268.230,21.158,9382,9454,9565,ov2_main,0,0.000
1781208268.230,21.158,9382,9454,9566,ov2_main,2,19.073
1781208268.230,21.158,9382,9454,9567,ov2_main,3,19.073
1781208268.283,21.211,9382,9454,9454,ov2slam_node,2,0.000
1781208268.283,21.211,9382,9454,9455,ov2slam_nod-ust,1,0.000
1781208268.283,21.211,9382,9454,9456,ov2slam_nod-ust,2,0.000
1781208268.283,21.211,9382,9454,9457,ov2slam_node,1,0.000
1781208268.283,21.211,9382,9454,9458,ov2slam_node,2,0.000
1781208268.283,21.211,9382,9454,9459,gc,1,0.000
1781208268.283,21.211,9382,9454,9460,dq.builtins,3,0.000
1781208268.283,21.211,9382,9454,9461,dq.user,1,0.000
1781208268.283,21.211,9382,9454,9462,tev,3,0.000
1781208268.283,21.211,9382,9454,9463,recv,1,0.000
1781208268.283,21.211,9382,9454,9464,recvUC,0,0.000
1781208268.283,21.211,9382,9454,9465,ov2slam_node,2,0.000
1781208268.283,21.211,9382,9454,9466,ov2slam_node,0,0.000
1781208268.283,21.211,9382,9454,9467,ov2_map,0,0.000
1781208268.283,21.211,9382,9454,9468,ov2_est,0,0.000
1781208268.283,21.211,9382,9454,9470,ov2_main,1,19.039
1781208268.283,21.211,9382,9454,9471,ov2_feed,0,0.000
1781208268.283,21.211,9382,9454,9565,ov2_main,0,0.000
1781208268.283,21.211,9382,9454,9566,ov2_main,2,0.000
1781208268.283,21.211,9382,9454,9567,ov2_main,3,19.039
1781208268.335,21.263,9382,9454,9454,ov2slam_node,2,0.000
1781208268.335,21.263,9382,9454,9455,ov2slam_nod-ust,1,0.000
1781208268.335,21.263,9382,9454,9456,ov2slam_nod-ust,2,0.000
1781208268.335,21.263,9382,9454,9457,ov2slam_node,1,0.000
1781208268.335,21.263,9382,9454,9458,ov2slam_node,2,0.000
1781208268.335,21.263,9382,9454,9459,gc,1,0.000
1781208268.335,21.263,9382,9454,9460,dq.builtins,3,0.000
1781208268.335,21.263,9382,9454,9461,dq.user,1,0.000
1781208268.335,21.263,9382,9454,9462,tev,3,0.000
1781208268.335,21.263,9382,9454,9463,recv,1,0.000
1781208268.335,21.263,9382,9454,9464,recvUC,2,0.000
1781208268.335,21.263,9382,9454,9465,ov2slam_node,2,0.000
1781208268.335,21.263,9382,9454,9466,ov2slam_node,3,0.000
1781208268.335,21.263,9382,9454,9467,ov2_map,0,0.000
1781208268.335,21.263,9382,9454,9468,ov2_est,0,0.000
1781208268.335,21.263,9382,9454,9470,ov2_main,1,0.000
1781208268.335,21.263,9382,9454,9471,ov2_feed,3,0.000
1781208268.335,21.263,9382,9454,9565,ov2_main,0,19.050
1781208268.335,21.263,9382,9454,9566,ov2_main,2,0.000
1781208268.335,21.263,9382,9454,9567,ov2_main,3,0.000
1781208268.388,21.315,9382,9454,9454,ov2slam_node,2,0.000
1781208268.388,21.315,9382,9454,9455,ov2slam_nod-ust,1,0.000
1781208268.388,21.315,9382,9454,9456,ov2slam_nod-ust,2,0.000
1781208268.388,21.315,9382,9454,9457,ov2slam_node,1,0.000
1781208268.388,21.315,9382,9454,9458,ov2slam_node,2,0.000
1781208268.388,21.315,9382,9454,9459,gc,1,0.000
1781208268.388,21.315,9382,9454,9460,dq.builtins,3,0.000
1781208268.388,21.315,9382,9454,9461,dq.user,1,0.000
1781208268.388,21.315,9382,9454,9462,tev,3,0.000
1781208268.388,21.315,9382,9454,9463,recv,1,0.000
1781208268.388,21.315,9382,9454,9464,recvUC,3,0.000
1781208268.388,21.315,9382,9454,9465,ov2slam_node,2,0.000
1781208268.388,21.315,9382,9454,9466,ov2slam_node,3,0.000
1781208268.388,21.315,9382,9454,9467,ov2_map,0,0.000
1781208268.388,21.315,9382,9454,9468,ov2_est,0,19.062
1781208268.388,21.315,9382,9454,9470,ov2_main,1,0.000
1781208268.388,21.315,9382,9454,9471,ov2_feed,3,0.000
1781208268.388,21.315,9382,9454,9565,ov2_main,0,0.000
1781208268.388,21.315,9382,9454,9566,ov2_main,2,0.000
1781208268.388,21.315,9382,9454,9567,ov2_main,3,0.000
1781208268.440,21.368,9382,9454,9454,ov2slam_node,2,0.000
1781208268.440,21.368,9382,9454,9455,ov2slam_nod-ust,1,0.000
1781208268.440,21.368,9382,9454,9456,ov2slam_nod-ust,2,0.000
1781208268.440,21.368,9382,9454,9457,ov2slam_node,1,0.000
1781208268.440,21.368,9382,9454,9458,ov2slam_node,2,0.000
1781208268.440,21.368,9382,9454,9459,gc,1,0.000
1781208268.440,21.368,9382,9454,9460,dq.builtins,3,0.000
1781208268.440,21.368,9382,9454,9461,dq.user,1,0.000
1781208268.440,21.368,9382,9454,9462,tev,3,0.000
1781208268.440,21.368,9382,9454,9463,recv,1,0.000
1781208268.440,21.368,9382,9454,9464,recvUC,3,0.000
1781208268.440,21.368,9382,9454,9465,ov2slam_node,2,0.000
1781208268.440,21.368,9382,9454,9466,ov2slam_node,3,0.000
1781208268.440,21.368,9382,9454,9467,ov2_map,0,0.000
1781208268.440,21.368,9382,9454,9468,ov2_est,0,0.000
1781208268.440,21.368,9382,9454,9470,ov2_main,1,0.000
1781208268.440,21.368,9382,9454,9471,ov2_feed,3,0.000
1781208268.440,21.368,9382,9454,9565,ov2_main,0,0.000
1781208268.440,21.368,9382,9454,9566,ov2_main,2,0.000
1781208268.440,21.368,9382,9454,9567,ov2_main,3,0.000
1781208268.493,21.420,9382,9454,9454,ov2slam_node,2,0.000
1781208268.493,21.420,9382,9454,9455,ov2slam_nod-ust,1,0.000
1781208268.493,21.420,9382,9454,9456,ov2slam_nod-ust,2,0.000
1781208268.493,21.420,9382,9454,9457,ov2slam_node,1,0.000
1781208268.493,21.420,9382,9454,9458,ov2slam_node,2,0.000
1781208268.493,21.420,9382,9454,9459,gc,1,0.000
1781208268.493,21.420,9382,9454,9460,dq.builtins,3,0.000
1781208268.493,21.420,9382,9454,9461,dq.user,1,0.000
1781208268.493,21.420,9382,9454,9462,tev,3,0.000
1781208268.493,21.420,9382,9454,9463,recv,1,0.000
1781208268.493,21.420,9382,9454,9464,recvUC,3,0.000
1781208268.493,21.420,9382,9454,9465,ov2slam_node,2,0.000
1781208268.493,21.420,9382,9454,9466,ov2slam_node,3,0.000
1781208268.493,21.420,9382,9454,9467,ov2_map,0,19.092
1781208268.493,21.420,9382,9454,9468,ov2_est,1,57.277
1781208268.493,21.420,9382,9454,9470,ov2_main,1,38.184
1781208268.493,21.420,9382,9454,9471,ov2_feed,0,0.000
1781208268.493,21.420,9382,9454,9565,ov2_main,0,0.000
1781208268.493,21.420,9382,9454,9566,ov2_main,2,19.092
1781208268.493,21.420,9382,9454,9567,ov2_main,3,19.092
1781208268.546,21.474,9382,9454,9454,ov2slam_node,2,0.000
1781208268.546,21.474,9382,9454,9455,ov2slam_nod-ust,1,0.000
1781208268.546,21.474,9382,9454,9456,ov2slam_nod-ust,2,0.000
1781208268.546,21.474,9382,9454,9457,ov2slam_node,1,0.000
1781208268.546,21.474,9382,9454,9458,ov2slam_node,2,0.000
1781208268.546,21.474,9382,9454,9459,gc,1,0.000
1781208268.546,21.474,9382,9454,9460,dq.builtins,3,0.000
1781208268.546,21.474,9382,9454,9461,dq.user,1,0.000
1781208268.546,21.474,9382,9454,9462,tev,3,0.000
1781208268.546,21.474,9382,9454,9463,recv,1,0.000
1781208268.546,21.474,9382,9454,9464,recvUC,3,18.760
1781208268.546,21.474,9382,9454,9465,ov2slam_node,2,0.000
1781208268.546,21.474,9382,9454,9466,ov2slam_node,3,0.000
1781208268.546,21.474,9382,9454,9467,ov2_map,0,0.000
1781208268.546,21.474,9382,9454,9468,ov2_est,1,18.760
1781208268.546,21.474,9382,9454,9470,ov2_main,3,0.000
1781208268.546,21.474,9382,9454,9471,ov2_feed,0,0.000
1781208268.546,21.474,9382,9454,9565,ov2_main,0,37.519
1781208268.546,21.474,9382,9454,9566,ov2_main,1,0.000
1781208268.546,21.474,9382,9454,9567,ov2_main,1,0.000
1781208268.599,21.527,9382,9454,9454,ov2slam_node,2,0.000
1781208268.599,21.527,9382,9454,9455,ov2slam_nod-ust,1,0.000
1781208268.599,21.527,9382,9454,9456,ov2slam_nod-ust,2,0.000
1781208268.599,21.527,9382,9454,9457,ov2slam_node,1,0.000
1781208268.599,21.527,9382,9454,9458,ov2slam_node,2,0.000
1781208268.599,21.527,9382,9454,9459,gc,1,0.000
1781208268.599,21.527,9382,9454,9460,dq.builtins,3,0.000
1781208268.599,21.527,9382,9454,9461,dq.user,1,0.000
1781208268.599,21.527,9382,9454,9462,tev,3,0.000
1781208268.599,21.527,9382,9454,9463,recv,1,0.000
1781208268.599,21.527,9382,9454,9464,recvUC,3,0.000
1781208268.599,21.527,9382,9454,9465,ov2slam_node,2,0.000
1781208268.599,21.527,9382,9454,9466,ov2slam_node,3,0.000
1781208268.599,21.527,9382,9454,9467,ov2_map,0,0.000
1781208268.599,21.527,9382,9454,9468,ov2_est,1,0.000
1781208268.599,21.527,9382,9454,9470,ov2_main,3,18.809
1781208268.599,21.527,9382,9454,9471,ov2_feed,0,0.000
1781208268.599,21.527,9382,9454,9565,ov2_main,0,0.000
1781208268.599,21.527,9382,9454,9566,ov2_main,1,0.000
1781208268.599,21.527,9382,9454,9567,ov2_main,1,0.000
1781208268.652,21.580,9382,9454,9454,ov2slam_node,2,0.000
1781208268.652,21.580,9382,9454,9455,ov2slam_nod-ust,1,0.000
1781208268.652,21.580,9382,9454,9456,ov2slam_nod-ust,2,0.000
1781208268.652,21.580,9382,9454,9457,ov2slam_node,1,0.000
1781208268.652,21.580,9382,9454,9458,ov2slam_node,2,0.000
1781208268.652,21.580,9382,9454,9459,gc,1,0.000
1781208268.652,21.580,9382,9454,9460,dq.builtins,3,0.000
1781208268.652,21.580,9382,9454,9461,dq.user,1,0.000
1781208268.652,21.580,9382,9454,9462,tev,3,0.000
1781208268.652,21.580,9382,9454,9463,recv,1,0.000
1781208268.652,21.580,9382,9454,9464,recvUC,3,0.000
1781208268.652,21.580,9382,9454,9465,ov2slam_node,2,0.000
1781208268.652,21.580,9382,9454,9466,ov2slam_node,3,0.000
1781208268.652,21.580,9382,9454,9467,ov2_map,0,0.000
1781208268.652,21.580,9382,9454,9468,ov2_est,1,18.705
1781208268.652,21.580,9382,9454,9470,ov2_main,3,18.705
1781208268.652,21.580,9382,9454,9471,ov2_feed,0,0.000
1781208268.652,21.580,9382,9454,9565,ov2_main,0,0.000
1781208268.652,21.580,9382,9454,9566,ov2_main,1,18.705
1781208268.652,21.580,9382,9454,9567,ov2_main,1,18.705
1781208268.705,21.633,9382,9454,9454,ov2slam_node,2,0.000
1781208268.705,21.633,9382,9454,9455,ov2slam_nod-ust,1,0.000
1781208268.705,21.633,9382,9454,9456,ov2slam_nod-ust,2,0.000
1781208268.705,21.633,9382,9454,9457,ov2slam_node,1,0.000
1781208268.705,21.633,9382,9454,9458,ov2slam_node,2,0.000
1781208268.705,21.633,9382,9454,9459,gc,1,0.000
1781208268.705,21.633,9382,9454,9460,dq.builtins,3,0.000
1781208268.705,21.633,9382,9454,9461,dq.user,1,0.000
1781208268.705,21.633,9382,9454,9462,tev,3,0.000
1781208268.705,21.633,9382,9454,9463,recv,1,0.000
1781208268.705,21.633,9382,9454,9464,recvUC,3,0.000
1781208268.705,21.633,9382,9454,9465,ov2slam_node,2,0.000
1781208268.705,21.633,9382,9454,9466,ov2slam_node,3,0.000
1781208268.705,21.633,9382,9454,9467,ov2_map,2,19.165
1781208268.705,21.633,9382,9454,9468,ov2_est,1,57.494
1781208268.705,21.633,9382,9454,9470,ov2_main,3,19.165
1781208268.705,21.633,9382,9454,9471,ov2_feed,1,0.000
1781208268.705,21.633,9382,9454,9565,ov2_main,0,19.165
1781208268.705,21.633,9382,9454,9566,ov2_main,2,19.165
1781208268.705,21.633,9382,9454,9567,ov2_main,1,0.000
1781208268.757,21.685,9382,9454,9454,ov2slam_node,2,0.000
1781208268.757,21.685,9382,9454,9455,ov2slam_nod-ust,1,0.000
1781208268.757,21.685,9382,9454,9456,ov2slam_nod-ust,2,0.000
1781208268.757,21.685,9382,9454,9457,ov2slam_node,1,0.000
1781208268.757,21.685,9382,9454,9458,ov2slam_node,2,0.000
1781208268.757,21.685,9382,9454,9459,gc,1,0.000
1781208268.757,21.685,9382,9454,9460,dq.builtins,3,0.000
1781208268.757,21.685,9382,9454,9461,dq.user,1,0.000
1781208268.757,21.685,9382,9454,9462,tev,3,0.000
1781208268.757,21.685,9382,9454,9463,recv,1,0.000
1781208268.757,21.685,9382,9454,9464,recvUC,3,19.121
1781208268.757,21.685,9382,9454,9465,ov2slam_node,2,0.000
1781208268.757,21.685,9382,9454,9466,ov2slam_node,3,0.000
1781208268.757,21.685,9382,9454,9467,ov2_map,1,0.000
1781208268.757,21.685,9382,9454,9468,ov2_est,1,0.000
1781208268.757,21.685,9382,9454,9470,ov2_main,1,19.121
1781208268.757,21.685,9382,9454,9471,ov2_feed,1,0.000
1781208268.757,21.685,9382,9454,9565,ov2_main,0,0.000
1781208268.757,21.685,9382,9454,9566,ov2_main,2,0.000
1781208268.757,21.685,9382,9454,9567,ov2_main,1,0.000
1781208268.809,21.737,9382,9454,9454,ov2slam_node,2,0.000
1781208268.809,21.737,9382,9454,9455,ov2slam_nod-ust,1,0.000
1781208268.809,21.737,9382,9454,9456,ov2slam_nod-ust,2,0.000
1781208268.809,21.737,9382,9454,9457,ov2slam_node,1,0.000
1781208268.809,21.737,9382,9454,9458,ov2slam_node,2,0.000
1781208268.809,21.737,9382,9454,9459,gc,1,0.000
1781208268.809,21.737,9382,9454,9460,dq.builtins,3,0.000
1781208268.809,21.737,9382,9454,9461,dq.user,1,0.000
1781208268.809,21.737,9382,9454,9462,tev,3,0.000
1781208268.809,21.737,9382,9454,9463,recv,1,0.000
1781208268.809,21.737,9382,9454,9464,recvUC,3,0.000
1781208268.809,21.737,9382,9454,9465,ov2slam_node,2,0.000
1781208268.809,21.737,9382,9454,9466,ov2slam_node,3,0.000
1781208268.809,21.737,9382,9454,9467,ov2_map,1,0.000
1781208268.809,21.737,9382,9454,9468,ov2_est,1,0.000
1781208268.809,21.737,9382,9454,9470,ov2_main,1,0.000
1781208268.809,21.737,9382,9454,9471,ov2_feed,1,0.000
1781208268.809,21.737,9382,9454,9565,ov2_main,0,0.000
1781208268.809,21.737,9382,9454,9566,ov2_main,2,0.000
1781208268.809,21.737,9382,9454,9567,ov2_main,1,0.000
1781208268.861,21.789,9382,9454,9454,ov2slam_node,2,0.000
1781208268.861,21.789,9382,9454,9455,ov2slam_nod-ust,1,0.000
1781208268.861,21.789,9382,9454,9456,ov2slam_nod-ust,2,0.000
1781208268.861,21.789,9382,9454,9457,ov2slam_node,1,0.000
1781208268.861,21.789,9382,9454,9458,ov2slam_node,2,0.000
1781208268.861,21.789,9382,9454,9459,gc,1,0.000
1781208268.861,21.789,9382,9454,9460,dq.builtins,3,0.000
1781208268.861,21.789,9382,9454,9461,dq.user,1,0.000
1781208268.861,21.789,9382,9454,9462,tev,3,0.000
1781208268.861,21.789,9382,9454,9463,recv,1,0.000
1781208268.861,21.789,9382,9454,9464,recvUC,3,0.000
1781208268.861,21.789,9382,9454,9465,ov2slam_node,2,0.000
1781208268.861,21.789,9382,9454,9466,ov2slam_node,3,0.000
1781208268.861,21.789,9382,9454,9467,ov2_map,1,0.000
1781208268.861,21.789,9382,9454,9468,ov2_est,1,0.000
1781208268.861,21.789,9382,9454,9470,ov2_main,1,0.000
1781208268.861,21.789,9382,9454,9471,ov2_feed,1,0.000
1781208268.861,21.789,9382,9454,9565,ov2_main,0,0.000
1781208268.861,21.789,9382,9454,9566,ov2_main,2,0.000
1781208268.861,21.789,9382,9454,9567,ov2_main,2,19.124
1781208268.913,21.841,9382,9454,9454,ov2slam_node,2,0.000
1781208268.913,21.841,9382,9454,9455,ov2slam_nod-ust,1,0.000
1781208268.913,21.841,9382,9454,9456,ov2slam_nod-ust,2,0.000
1781208268.913,21.841,9382,9454,9457,ov2slam_node,1,0.000
1781208268.913,21.841,9382,9454,9458,ov2slam_node,2,0.000
1781208268.913,21.841,9382,9454,9459,gc,1,0.000
1781208268.913,21.841,9382,9454,9460,dq.builtins,3,0.000
1781208268.913,21.841,9382,9454,9461,dq.user,1,0.000
1781208268.913,21.841,9382,9454,9462,tev,3,0.000
1781208268.913,21.841,9382,9454,9463,recv,1,0.000
1781208268.913,21.841,9382,9454,9464,recvUC,3,0.000
1781208268.913,21.841,9382,9454,9465,ov2slam_node,2,0.000
1781208268.913,21.841,9382,9454,9466,ov2slam_node,3,0.000
1781208268.913,21.841,9382,9454,9467,ov2_map,1,0.000
1781208268.913,21.841,9382,9454,9468,ov2_est,2,19.210
1781208268.913,21.841,9382,9454,9470,ov2_main,3,19.210
1781208268.913,21.841,9382,9454,9471,ov2_feed,3,0.000
1781208268.913,21.841,9382,9454,9565,ov2_main,0,19.210
1781208268.913,21.841,9382,9454,9566,ov2_main,2,0.000
1781208268.913,21.841,9382,9454,9567,ov2_main,3,0.000
1781208268.966,21.894,9382,9454,9454,ov2slam_node,3,0.000
1781208268.966,21.894,9382,9454,9455,ov2slam_nod-ust,1,0.000
1781208268.966,21.894,9382,9454,9456,ov2slam_nod-ust,2,0.000
1781208268.966,21.894,9382,9454,9457,ov2slam_node,1,0.000
1781208268.966,21.894,9382,9454,9458,ov2slam_node,2,0.000
1781208268.966,21.894,9382,9454,9459,gc,1,0.000
1781208268.966,21.894,9382,9454,9460,dq.builtins,3,0.000
1781208268.966,21.894,9382,9454,9461,dq.user,1,0.000
1781208268.966,21.894,9382,9454,9462,tev,3,0.000
1781208268.966,21.894,9382,9454,9463,recv,1,0.000
1781208268.966,21.894,9382,9454,9464,recvUC,2,0.000
1781208268.966,21.894,9382,9454,9465,ov2slam_node,2,0.000
1781208268.966,21.894,9382,9454,9466,ov2slam_node,3,0.000
1781208268.966,21.894,9382,9454,9467,ov2_map,3,0.000
1781208268.966,21.894,9382,9454,9468,ov2_est,2,56.846
1781208268.966,21.894,9382,9454,9470,ov2_main,3,18.949
1781208268.966,21.894,9382,9454,9471,ov2_feed,3,0.000
1781208268.966,21.894,9382,9454,9565,ov2_main,0,0.000
1781208268.966,21.894,9382,9454,9566,ov2_main,1,0.000
1781208268.966,21.894,9382,9454,9567,ov2_main,1,0.000
1781208269.018,21.946,9382,9454,9454,ov2slam_node,3,0.000
1781208269.018,21.946,9382,9454,9455,ov2slam_nod-ust,1,0.000
1781208269.018,21.946,9382,9454,9456,ov2slam_nod-ust,2,0.000
1781208269.018,21.946,9382,9454,9457,ov2slam_node,1,0.000
1781208269.018,21.946,9382,9454,9458,ov2slam_node,2,0.000
1781208269.018,21.946,9382,9454,9459,gc,1,0.000
1781208269.018,21.946,9382,9454,9460,dq.builtins,3,0.000
1781208269.018,21.946,9382,9454,9461,dq.user,1,0.000
1781208269.018,21.946,9382,9454,9462,tev,3,0.000
1781208269.018,21.946,9382,9454,9463,recv,1,0.000
1781208269.018,21.946,9382,9454,9464,recvUC,2,0.000
1781208269.018,21.946,9382,9454,9465,ov2slam_node,2,0.000
1781208269.018,21.946,9382,9454,9466,ov2slam_node,3,0.000
1781208269.018,21.946,9382,9454,9467,ov2_map,2,0.000
1781208269.018,21.946,9382,9454,9468,ov2_est,2,0.000
1781208269.018,21.946,9382,9454,9470,ov2_main,3,0.000
1781208269.018,21.946,9382,9454,9471,ov2_feed,3,0.000
1781208269.018,21.946,9382,9454,9565,ov2_main,0,19.279
1781208269.018,21.946,9382,9454,9566,ov2_main,1,19.279
1781208269.018,21.946,9382,9454,9567,ov2_main,1,0.000
1781208269.070,21.998,9382,9454,9454,ov2slam_node,3,0.000
1781208269.070,21.998,9382,9454,9455,ov2slam_nod-ust,1,0.000
1781208269.070,21.998,9382,9454,9456,ov2slam_nod-ust,2,0.000
1781208269.070,21.998,9382,9454,9457,ov2slam_node,1,0.000
1781208269.070,21.998,9382,9454,9458,ov2slam_node,2,0.000
1781208269.070,21.998,9382,9454,9459,gc,1,0.000
1781208269.070,21.998,9382,9454,9460,dq.builtins,3,0.000
1781208269.070,21.998,9382,9454,9461,dq.user,1,0.000
1781208269.070,21.998,9382,9454,9462,tev,3,0.000
1781208269.070,21.998,9382,9454,9463,recv,1,0.000
1781208269.070,21.998,9382,9454,9464,recvUC,1,0.000
1781208269.070,21.998,9382,9454,9465,ov2slam_node,2,0.000
1781208269.070,21.998,9382,9454,9466,ov2slam_node,3,0.000
1781208269.070,21.998,9382,9454,9467,ov2_map,2,0.000
1781208269.070,21.998,9382,9454,9468,ov2_est,2,19.290
1781208269.070,21.998,9382,9454,9470,ov2_main,3,19.290
1781208269.070,21.998,9382,9454,9471,ov2_feed,0,0.000
1781208269.070,21.998,9382,9454,9565,ov2_main,0,0.000
1781208269.070,21.998,9382,9454,9566,ov2_main,2,0.000
1781208269.070,21.998,9382,9454,9567,ov2_main,1,0.000
1781208269.121,22.049,9382,9454,9454,ov2slam_node,3,0.000
1781208269.121,22.049,9382,9454,9455,ov2slam_nod-ust,1,0.000
1781208269.121,22.049,9382,9454,9456,ov2slam_nod-ust,2,0.000
1781208269.121,22.049,9382,9454,9457,ov2slam_node,1,0.000
1781208269.121,22.049,9382,9454,9458,ov2slam_node,2,0.000
1781208269.121,22.049,9382,9454,9459,gc,1,0.000
1781208269.121,22.049,9382,9454,9460,dq.builtins,3,0.000
1781208269.121,22.049,9382,9454,9461,dq.user,1,0.000
1781208269.121,22.049,9382,9454,9462,tev,3,0.000
1781208269.121,22.049,9382,9454,9463,recv,1,0.000
1781208269.121,22.049,9382,9454,9464,recvUC,1,0.000
1781208269.121,22.049,9382,9454,9465,ov2slam_node,2,0.000
1781208269.121,22.049,9382,9454,9466,ov2slam_node,3,0.000
1781208269.121,22.049,9382,9454,9467,ov2_map,2,0.000
1781208269.121,22.049,9382,9454,9468,ov2_est,2,0.000
1781208269.121,22.049,9382,9454,9470,ov2_main,3,0.000
1781208269.121,22.049,9382,9454,9471,ov2_feed,0,0.000
1781208269.121,22.049,9382,9454,9565,ov2_main,0,0.000
1781208269.121,22.049,9382,9454,9566,ov2_main,2,0.000
1781208269.121,22.049,9382,9454,9567,ov2_main,1,0.000
1781208269.173,22.101,9382,9454,9454,ov2slam_node,3,0.000
1781208269.173,22.101,9382,9454,9455,ov2slam_nod-ust,1,0.000
1781208269.173,22.101,9382,9454,9456,ov2slam_nod-ust,2,0.000
1781208269.173,22.101,9382,9454,9457,ov2slam_node,1,0.000
1781208269.173,22.101,9382,9454,9458,ov2slam_node,2,0.000
1781208269.173,22.101,9382,9454,9459,gc,1,0.000
1781208269.173,22.101,9382,9454,9460,dq.builtins,3,0.000
1781208269.173,22.101,9382,9454,9461,dq.user,1,0.000
1781208269.173,22.101,9382,9454,9462,tev,3,0.000
1781208269.173,22.101,9382,9454,9463,recv,1,0.000
1781208269.173,22.101,9382,9454,9464,recvUC,2,0.000
1781208269.173,22.101,9382,9454,9465,ov2slam_node,2,0.000
1781208269.173,22.101,9382,9454,9466,ov2slam_node,3,0.000
1781208269.173,22.101,9382,9454,9467,ov2_map,2,0.000
1781208269.173,22.101,9382,9454,9468,ov2_est,2,0.000
1781208269.173,22.101,9382,9454,9470,ov2_main,3,0.000
1781208269.173,22.101,9382,9454,9471,ov2_feed,0,0.000
1781208269.173,22.101,9382,9454,9565,ov2_main,0,0.000
1781208269.173,22.101,9382,9454,9566,ov2_main,2,0.000
1781208269.173,22.101,9382,9454,9567,ov2_main,1,0.000
1781208269.226,22.154,9382,9454,9454,ov2slam_node,3,0.000
1781208269.226,22.154,9382,9454,9455,ov2slam_nod-ust,1,0.000
1781208269.226,22.154,9382,9454,9456,ov2slam_nod-ust,2,0.000
1781208269.226,22.154,9382,9454,9457,ov2slam_node,1,0.000
1781208269.226,22.154,9382,9454,9458,ov2slam_node,2,0.000
1781208269.226,22.154,9382,9454,9459,gc,1,0.000
1781208269.226,22.154,9382,9454,9460,dq.builtins,3,0.000
1781208269.226,22.154,9382,9454,9461,dq.user,1,0.000
1781208269.226,22.154,9382,9454,9462,tev,3,0.000
1781208269.226,22.154,9382,9454,9463,recv,1,0.000
1781208269.226,22.154,9382,9454,9464,recvUC,2,0.000
1781208269.226,22.154,9382,9454,9465,ov2slam_node,2,0.000
1781208269.226,22.154,9382,9454,9466,ov2slam_node,3,0.000
1781208269.226,22.154,9382,9454,9467,ov2_map,2,19.033
1781208269.226,22.154,9382,9454,9468,ov2_est,1,19.033
1781208269.226,22.154,9382,9454,9470,ov2_main,3,19.033
1781208269.226,22.154,9382,9454,9471,ov2_feed,0,0.000
1781208269.226,22.154,9382,9454,9565,ov2_main,0,19.033
1781208269.226,22.154,9382,9454,9566,ov2_main,2,19.033
1781208269.226,22.154,9382,9454,9567,ov2_main,1,19.033
1781208269.278,22.206,9382,9454,9454,ov2slam_node,3,0.000
1781208269.278,22.206,9382,9454,9455,ov2slam_nod-ust,1,0.000
1781208269.278,22.206,9382,9454,9456,ov2slam_nod-ust,2,0.000
1781208269.278,22.206,9382,9454,9457,ov2slam_node,1,0.000
1781208269.278,22.206,9382,9454,9458,ov2slam_node,2,0.000
1781208269.278,22.206,9382,9454,9459,gc,1,0.000
1781208269.278,22.206,9382,9454,9460,dq.builtins,3,0.000
1781208269.278,22.206,9382,9454,9461,dq.user,1,0.000
1781208269.278,22.206,9382,9454,9462,tev,3,0.000
1781208269.278,22.206,9382,9454,9463,recv,1,0.000
1781208269.278,22.206,9382,9454,9464,recvUC,2,0.000
1781208269.278,22.206,9382,9454,9465,ov2slam_node,2,0.000
1781208269.278,22.206,9382,9454,9466,ov2slam_node,3,0.000
1781208269.278,22.206,9382,9454,9467,ov2_map,2,0.000
1781208269.278,22.206,9382,9454,9468,ov2_est,1,57.689
1781208269.278,22.206,9382,9454,9470,ov2_main,3,19.230
1781208269.278,22.206,9382,9454,9471,ov2_feed,0,0.000
1781208269.278,22.206,9382,9454,9565,ov2_main,0,0.000
1781208269.278,22.206,9382,9454,9566,ov2_main,2,0.000
1781208269.278,22.206,9382,9454,9567,ov2_main,1,19.230
1781208269.330,22.258,9382,9454,9454,ov2slam_node,3,0.000
1781208269.330,22.258,9382,9454,9455,ov2slam_nod-ust,1,0.000
1781208269.330,22.258,9382,9454,9456,ov2slam_nod-ust,2,0.000
1781208269.330,22.258,9382,9454,9457,ov2slam_node,1,0.000
1781208269.330,22.258,9382,9454,9458,ov2slam_node,2,0.000
1781208269.330,22.258,9382,9454,9459,gc,1,0.000
1781208269.330,22.258,9382,9454,9460,dq.builtins,3,0.000
1781208269.330,22.258,9382,9454,9461,dq.user,1,0.000
1781208269.330,22.258,9382,9454,9462,tev,3,0.000
1781208269.330,22.258,9382,9454,9463,recv,1,0.000
1781208269.330,22.258,9382,9454,9464,recvUC,2,0.000
1781208269.330,22.258,9382,9454,9465,ov2slam_node,2,0.000
1781208269.330,22.258,9382,9454,9466,ov2slam_node,3,0.000
1781208269.330,22.258,9382,9454,9467,ov2_map,1,0.000
1781208269.330,22.258,9382,9454,9468,ov2_est,1,0.000
1781208269.330,22.258,9382,9454,9470,ov2_main,3,0.000
1781208269.330,22.258,9382,9454,9471,ov2_feed,1,0.000
1781208269.330,22.258,9382,9454,9565,ov2_main,0,19.074
1781208269.330,22.258,9382,9454,9566,ov2_main,2,0.000
1781208269.330,22.258,9382,9454,9567,ov2_main,1,0.000
1781208269.382,22.310,9382,9454,9454,ov2slam_node,3,0.000
1781208269.382,22.310,9382,9454,9455,ov2slam_nod-ust,1,0.000
1781208269.382,22.310,9382,9454,9456,ov2slam_nod-ust,2,0.000
1781208269.382,22.310,9382,9454,9457,ov2slam_node,1,0.000
1781208269.382,22.310,9382,9454,9458,ov2slam_node,2,0.000
1781208269.382,22.310,9382,9454,9459,gc,1,0.000
1781208269.382,22.310,9382,9454,9460,dq.builtins,3,0.000
1781208269.382,22.310,9382,9454,9461,dq.user,1,0.000
1781208269.382,22.310,9382,9454,9462,tev,3,0.000
1781208269.382,22.310,9382,9454,9463,recv,1,0.000
1781208269.382,22.310,9382,9454,9464,recvUC,2,0.000
1781208269.382,22.310,9382,9454,9465,ov2slam_node,2,0.000
1781208269.382,22.310,9382,9454,9466,ov2slam_node,3,0.000
1781208269.382,22.310,9382,9454,9467,ov2_map,1,0.000
1781208269.382,22.310,9382,9454,9468,ov2_est,1,0.000
1781208269.382,22.310,9382,9454,9470,ov2_main,3,0.000
1781208269.382,22.310,9382,9454,9471,ov2_feed,1,0.000
1781208269.382,22.310,9382,9454,9565,ov2_main,0,0.000
1781208269.382,22.310,9382,9454,9566,ov2_main,2,0.000
1781208269.382,22.310,9382,9454,9567,ov2_main,1,0.000
1781208269.434,22.362,9382,9454,9454,ov2slam_node,3,0.000
1781208269.434,22.362,9382,9454,9455,ov2slam_nod-ust,1,0.000
1781208269.434,22.362,9382,9454,9456,ov2slam_nod-ust,2,0.000
1781208269.434,22.362,9382,9454,9457,ov2slam_node,1,0.000
1781208269.434,22.362,9382,9454,9458,ov2slam_node,2,0.000
1781208269.434,22.362,9382,9454,9459,gc,1,0.000
1781208269.434,22.362,9382,9454,9460,dq.builtins,3,0.000
1781208269.434,22.362,9382,9454,9461,dq.user,1,0.000
1781208269.434,22.362,9382,9454,9462,tev,3,0.000
1781208269.434,22.362,9382,9454,9463,recv,1,0.000
1781208269.434,22.362,9382,9454,9464,recvUC,2,0.000
1781208269.434,22.362,9382,9454,9465,ov2slam_node,2,0.000
1781208269.434,22.362,9382,9454,9466,ov2slam_node,3,0.000
1781208269.434,22.362,9382,9454,9467,ov2_map,1,0.000
1781208269.434,22.362,9382,9454,9468,ov2_est,2,19.284
1781208269.434,22.362,9382,9454,9470,ov2_main,0,38.568
1781208269.434,22.362,9382,9454,9471,ov2_feed,3,0.000
1781208269.434,22.362,9382,9454,9565,ov2_main,0,0.000
1781208269.434,22.362,9382,9454,9566,ov2_main,2,19.284
1781208269.434,22.362,9382,9454,9567,ov2_main,0,0.000
1781208269.486,22.414,9382,9454,9454,ov2slam_node,3,0.000
1781208269.486,22.414,9382,9454,9455,ov2slam_nod-ust,1,0.000
1781208269.486,22.414,9382,9454,9456,ov2slam_nod-ust,2,0.000
1781208269.486,22.414,9382,9454,9457,ov2slam_node,1,0.000
1781208269.486,22.414,9382,9454,9458,ov2slam_node,2,0.000
1781208269.486,22.414,9382,9454,9459,gc,1,0.000
1781208269.486,22.414,9382,9454,9460,dq.builtins,3,0.000
1781208269.486,22.414,9382,9454,9461,dq.user,1,0.000
1781208269.486,22.414,9382,9454,9462,tev,3,0.000
1781208269.486,22.414,9382,9454,9463,recv,1,0.000
1781208269.486,22.414,9382,9454,9464,recvUC,3,0.000
1781208269.486,22.414,9382,9454,9465,ov2slam_node,2,0.000
1781208269.486,22.414,9382,9454,9466,ov2slam_node,3,0.000
1781208269.486,22.414,9382,9454,9467,ov2_map,1,0.000
1781208269.486,22.414,9382,9454,9468,ov2_est,2,38.503
1781208269.486,22.414,9382,9454,9470,ov2_main,0,0.000
1781208269.486,22.414,9382,9454,9471,ov2_feed,3,0.000
1781208269.486,22.414,9382,9454,9565,ov2_main,1,0.000
1781208269.486,22.414,9382,9454,9566,ov2_main,1,0.000
1781208269.486,22.414,9382,9454,9567,ov2_main,3,0.000
1781208269.538,22.466,9382,9454,9454,ov2slam_node,3,0.000
1781208269.538,22.466,9382,9454,9455,ov2slam_nod-ust,1,0.000
1781208269.538,22.466,9382,9454,9456,ov2slam_nod-ust,2,0.000
1781208269.538,22.466,9382,9454,9457,ov2slam_node,1,0.000
1781208269.538,22.466,9382,9454,9458,ov2slam_node,2,0.000
1781208269.538,22.466,9382,9454,9459,gc,1,0.000
1781208269.538,22.466,9382,9454,9460,dq.builtins,3,0.000
1781208269.538,22.466,9382,9454,9461,dq.user,1,0.000
1781208269.538,22.466,9382,9454,9462,tev,3,0.000
1781208269.538,22.466,9382,9454,9463,recv,1,0.000
1781208269.538,22.466,9382,9454,9464,recvUC,3,0.000
1781208269.538,22.466,9382,9454,9465,ov2slam_node,2,0.000
1781208269.538,22.466,9382,9454,9466,ov2slam_node,3,0.000
1781208269.538,22.466,9382,9454,9467,ov2_map,1,0.000
1781208269.538,22.466,9382,9454,9468,ov2_est,2,0.000
1781208269.538,22.466,9382,9454,9470,ov2_main,0,19.273
1781208269.538,22.466,9382,9454,9471,ov2_feed,2,0.000
1781208269.538,22.466,9382,9454,9565,ov2_main,1,19.273
1781208269.538,22.466,9382,9454,9566,ov2_main,1,0.000
1781208269.538,22.466,9382,9454,9567,ov2_main,3,0.000
1781208269.591,22.519,9382,9454,9454,ov2slam_node,3,0.000
1781208269.591,22.519,9382,9454,9455,ov2slam_nod-ust,1,0.000
1781208269.591,22.519,9382,9454,9456,ov2slam_nod-ust,2,0.000
1781208269.591,22.519,9382,9454,9457,ov2slam_node,1,0.000
1781208269.591,22.519,9382,9454,9458,ov2slam_node,2,0.000
1781208269.591,22.519,9382,9454,9459,gc,1,0.000
1781208269.591,22.519,9382,9454,9460,dq.builtins,3,0.000
1781208269.591,22.519,9382,9454,9461,dq.user,1,0.000
1781208269.591,22.519,9382,9454,9462,tev,3,0.000
1781208269.591,22.519,9382,9454,9463,recv,1,0.000
1781208269.591,22.519,9382,9454,9464,recvUC,3,0.000
1781208269.591,22.519,9382,9454,9465,ov2slam_node,2,0.000
1781208269.591,22.519,9382,9454,9466,ov2slam_node,3,0.000
1781208269.591,22.519,9382,9454,9467,ov2_map,1,0.000
1781208269.591,22.519,9382,9454,9468,ov2_est,2,0.000
1781208269.591,22.519,9382,9454,9470,ov2_main,1,18.966
1781208269.591,22.519,9382,9454,9471,ov2_feed,2,0.000
1781208269.591,22.519,9382,9454,9565,ov2_main,1,0.000
1781208269.591,22.519,9382,9454,9566,ov2_main,1,0.000
1781208269.591,22.519,9382,9454,9567,ov2_main,3,18.966
1781208269.643,22.571,9382,9454,9454,ov2slam_node,3,0.000
1781208269.643,22.571,9382,9454,9455,ov2slam_nod-ust,1,0.000
1781208269.643,22.571,9382,9454,9456,ov2slam_nod-ust,2,0.000
1781208269.643,22.571,9382,9454,9457,ov2slam_node,1,0.000
1781208269.643,22.571,9382,9454,9458,ov2slam_node,2,0.000
1781208269.643,22.571,9382,9454,9459,gc,1,0.000
1781208269.643,22.571,9382,9454,9460,dq.builtins,3,0.000
1781208269.643,22.571,9382,9454,9461,dq.user,1,0.000
1781208269.643,22.571,9382,9454,9462,tev,3,0.000
1781208269.643,22.571,9382,9454,9463,recv,1,0.000
1781208269.643,22.571,9382,9454,9464,recvUC,1,0.000
1781208269.643,22.571,9382,9454,9465,ov2slam_node,2,0.000
1781208269.643,22.571,9382,9454,9466,ov2slam_node,3,0.000
1781208269.643,22.571,9382,9454,9467,ov2_map,1,18.923
1781208269.643,22.571,9382,9454,9468,ov2_est,2,75.692
1781208269.643,22.571,9382,9454,9470,ov2_main,1,18.923
1781208269.643,22.571,9382,9454,9471,ov2_feed,2,0.000
1781208269.643,22.571,9382,9454,9565,ov2_main,2,0.000
1781208269.643,22.571,9382,9454,9566,ov2_main,0,18.923
1781208269.643,22.571,9382,9454,9567,ov2_main,3,0.000
1781208269.697,22.625,9382,9454,9454,ov2slam_node,1,0.000
1781208269.697,22.625,9382,9454,9455,ov2slam_nod-ust,1,0.000
1781208269.697,22.625,9382,9454,9456,ov2slam_nod-ust,2,0.000
1781208269.697,22.625,9382,9454,9457,ov2slam_node,1,0.000
1781208269.697,22.625,9382,9454,9458,ov2slam_node,2,0.000
1781208269.697,22.625,9382,9454,9459,gc,1,0.000
1781208269.697,22.625,9382,9454,9460,dq.builtins,3,0.000
1781208269.697,22.625,9382,9454,9461,dq.user,1,0.000
1781208269.697,22.625,9382,9454,9462,tev,3,0.000
1781208269.697,22.625,9382,9454,9463,recv,1,0.000
1781208269.697,22.625,9382,9454,9464,recvUC,1,0.000
1781208269.697,22.625,9382,9454,9465,ov2slam_node,2,0.000
1781208269.697,22.625,9382,9454,9466,ov2slam_node,3,0.000
1781208269.697,22.625,9382,9454,9467,ov2_map,1,0.000
1781208269.697,22.625,9382,9454,9468,ov2_est,2,18.737
1781208269.697,22.625,9382,9454,9470,ov2_main,1,0.000
1781208269.697,22.625,9382,9454,9471,ov2_feed,2,0.000
1781208269.697,22.625,9382,9454,9565,ov2_main,3,0.000
1781208269.697,22.625,9382,9454,9566,ov2_main,0,18.737
1781208269.697,22.625,9382,9454,9567,ov2_main,3,18.737
1781208269.749,22.677,9382,9454,9454,ov2slam_node,1,0.000
1781208269.749,22.677,9382,9454,9455,ov2slam_nod-ust,1,0.000
1781208269.749,22.677,9382,9454,9456,ov2slam_nod-ust,2,0.000
1781208269.749,22.677,9382,9454,9457,ov2slam_node,1,0.000
1781208269.749,22.677,9382,9454,9458,ov2slam_node,2,0.000
1781208269.749,22.677,9382,9454,9459,gc,1,0.000
1781208269.749,22.677,9382,9454,9460,dq.builtins,3,0.000
1781208269.749,22.677,9382,9454,9461,dq.user,1,0.000
1781208269.749,22.677,9382,9454,9462,tev,3,0.000
1781208269.749,22.677,9382,9454,9463,recv,1,0.000
1781208269.749,22.677,9382,9454,9464,recvUC,1,0.000
1781208269.749,22.677,9382,9454,9465,ov2slam_node,2,0.000
1781208269.749,22.677,9382,9454,9466,ov2slam_node,3,0.000
1781208269.749,22.677,9382,9454,9467,ov2_map,1,0.000
1781208269.749,22.677,9382,9454,9468,ov2_est,2,0.000
1781208269.749,22.677,9382,9454,9470,ov2_main,1,0.000
1781208269.749,22.677,9382,9454,9471,ov2_feed,2,19.274
1781208269.749,22.677,9382,9454,9565,ov2_main,3,0.000
1781208269.749,22.677,9382,9454,9566,ov2_main,0,0.000
1781208269.749,22.677,9382,9454,9567,ov2_main,3,0.000
1781208269.801,22.729,9382,9454,9454,ov2slam_node,1,0.000
1781208269.801,22.729,9382,9454,9455,ov2slam_nod-ust,1,0.000
1781208269.801,22.729,9382,9454,9456,ov2slam_nod-ust,2,0.000
1781208269.801,22.729,9382,9454,9457,ov2slam_node,1,0.000
1781208269.801,22.729,9382,9454,9458,ov2slam_node,2,0.000
1781208269.801,22.729,9382,9454,9459,gc,1,0.000
1781208269.801,22.729,9382,9454,9460,dq.builtins,3,0.000
1781208269.801,22.729,9382,9454,9461,dq.user,1,0.000
1781208269.801,22.729,9382,9454,9462,tev,3,0.000
1781208269.801,22.729,9382,9454,9463,recv,1,0.000
1781208269.801,22.729,9382,9454,9464,recvUC,1,0.000
1781208269.801,22.729,9382,9454,9465,ov2slam_node,2,0.000
1781208269.801,22.729,9382,9454,9466,ov2slam_node,3,0.000
1781208269.801,22.729,9382,9454,9467,ov2_map,1,0.000
1781208269.801,22.729,9382,9454,9468,ov2_est,2,0.000
1781208269.801,22.729,9382,9454,9470,ov2_main,1,0.000
1781208269.801,22.729,9382,9454,9471,ov2_feed,2,0.000
1781208269.801,22.729,9382,9454,9565,ov2_main,3,0.000
1781208269.801,22.729,9382,9454,9566,ov2_main,0,0.000
1781208269.801,22.729,9382,9454,9567,ov2_main,3,0.000
1781208269.853,22.781,9382,9454,9454,ov2slam_node,1,0.000
1781208269.853,22.781,9382,9454,9455,ov2slam_nod-ust,1,0.000
1781208269.853,22.781,9382,9454,9456,ov2slam_nod-ust,2,0.000
1781208269.853,22.781,9382,9454,9457,ov2slam_node,1,0.000
1781208269.853,22.781,9382,9454,9458,ov2slam_node,2,0.000
1781208269.853,22.781,9382,9454,9459,gc,1,0.000
1781208269.853,22.781,9382,9454,9460,dq.builtins,3,0.000
1781208269.853,22.781,9382,9454,9461,dq.user,1,0.000
1781208269.853,22.781,9382,9454,9462,tev,3,0.000
1781208269.853,22.781,9382,9454,9463,recv,1,0.000
1781208269.853,22.781,9382,9454,9464,recvUC,1,0.000
1781208269.853,22.781,9382,9454,9465,ov2slam_node,2,0.000
1781208269.853,22.781,9382,9454,9466,ov2slam_node,3,0.000
1781208269.853,22.781,9382,9454,9467,ov2_map,1,0.000
1781208269.853,22.781,9382,9454,9468,ov2_est,2,19.216
1781208269.853,22.781,9382,9454,9470,ov2_main,2,0.000
1781208269.853,22.781,9382,9454,9471,ov2_feed,1,0.000
1781208269.853,22.781,9382,9454,9565,ov2_main,3,0.000
1781208269.853,22.781,9382,9454,9566,ov2_main,0,0.000
1781208269.853,22.781,9382,9454,9567,ov2_main,3,0.000
1781208269.904,22.832,9382,9454,9454,ov2slam_node,1,0.000
1781208269.904,22.832,9382,9454,9455,ov2slam_nod-ust,1,0.000
1781208269.904,22.832,9382,9454,9456,ov2slam_nod-ust,2,0.000
1781208269.904,22.832,9382,9454,9457,ov2slam_node,1,0.000
1781208269.904,22.832,9382,9454,9458,ov2slam_node,2,0.000
1781208269.904,22.832,9382,9454,9459,gc,1,0.000
1781208269.904,22.832,9382,9454,9460,dq.builtins,3,0.000
1781208269.904,22.832,9382,9454,9461,dq.user,1,0.000
1781208269.904,22.832,9382,9454,9462,tev,3,0.000
1781208269.904,22.832,9382,9454,9463,recv,1,0.000
1781208269.904,22.832,9382,9454,9464,recvUC,2,0.000
1781208269.904,22.832,9382,9454,9465,ov2slam_node,2,0.000
1781208269.904,22.832,9382,9454,9466,ov2slam_node,3,0.000
1781208269.904,22.832,9382,9454,9467,ov2_map,1,0.000
1781208269.904,22.832,9382,9454,9468,ov2_est,2,0.000
1781208269.904,22.832,9382,9454,9470,ov2_main,2,0.000
1781208269.904,22.832,9382,9454,9471,ov2_feed,2,0.000
1781208269.904,22.832,9382,9454,9565,ov2_main,3,0.000
1781208269.904,22.832,9382,9454,9566,ov2_main,0,0.000
1781208269.904,22.832,9382,9454,9567,ov2_main,3,0.000
1781208269.956,22.884,9382,9454,9454,ov2slam_node,1,0.000
1781208269.956,22.884,9382,9454,9455,ov2slam_nod-ust,1,0.000
1781208269.956,22.884,9382,9454,9456,ov2slam_nod-ust,2,0.000
1781208269.956,22.884,9382,9454,9457,ov2slam_node,1,0.000
1781208269.956,22.884,9382,9454,9458,ov2slam_node,2,0.000
1781208269.956,22.884,9382,9454,9459,gc,1,0.000
1781208269.956,22.884,9382,9454,9460,dq.builtins,3,0.000
1781208269.956,22.884,9382,9454,9461,dq.user,1,0.000
1781208269.956,22.884,9382,9454,9462,tev,3,0.000
1781208269.956,22.884,9382,9454,9463,recv,1,0.000
1781208269.956,22.884,9382,9454,9464,recvUC,2,0.000
1781208269.956,22.884,9382,9454,9465,ov2slam_node,2,0.000
1781208269.956,22.884,9382,9454,9466,ov2slam_node,3,0.000
1781208269.956,22.884,9382,9454,9467,ov2_map,1,0.000
1781208269.956,22.884,9382,9454,9468,ov2_est,2,0.000
1781208269.956,22.884,9382,9454,9470,ov2_main,2,19.270
1781208269.956,22.884,9382,9454,9471,ov2_feed,2,0.000
1781208269.956,22.884,9382,9454,9565,ov2_main,3,19.270
1781208269.956,22.884,9382,9454,9566,ov2_main,0,0.000
1781208269.956,22.884,9382,9454,9567,ov2_main,3,19.270
1781208270.011,22.938,9382,9454,9454,ov2slam_node,1,0.000
1781208270.011,22.938,9382,9454,9455,ov2slam_nod-ust,1,0.000
1781208270.011,22.938,9382,9454,9456,ov2slam_nod-ust,2,0.000
1781208270.011,22.938,9382,9454,9457,ov2slam_node,1,0.000
1781208270.011,22.938,9382,9454,9458,ov2slam_node,2,0.000
1781208270.011,22.938,9382,9454,9459,gc,1,0.000
1781208270.011,22.938,9382,9454,9460,dq.builtins,3,0.000
1781208270.011,22.938,9382,9454,9461,dq.user,1,0.000
1781208270.011,22.938,9382,9454,9462,tev,3,0.000
1781208270.011,22.938,9382,9454,9463,recv,1,0.000
1781208270.011,22.938,9382,9454,9464,recvUC,2,0.000
1781208270.011,22.938,9382,9454,9465,ov2slam_node,2,0.000
1781208270.011,22.938,9382,9454,9466,ov2slam_node,3,0.000
1781208270.011,22.938,9382,9454,9467,ov2_map,1,0.000
1781208270.011,22.938,9382,9454,9468,ov2_est,2,0.000
1781208270.011,22.938,9382,9454,9470,ov2_main,2,18.454
1781208270.011,22.938,9382,9454,9471,ov2_feed,2,0.000
1781208270.011,22.938,9382,9454,9565,ov2_main,3,0.000
1781208270.011,22.938,9382,9454,9566,ov2_main,0,18.454
1781208270.011,22.938,9382,9454,9567,ov2_main,3,0.000
1781208270.062,22.990,9382,9454,9454,ov2slam_node,1,0.000
1781208270.062,22.990,9382,9454,9455,ov2slam_nod-ust,1,0.000
1781208270.062,22.990,9382,9454,9456,ov2slam_nod-ust,2,0.000
1781208270.062,22.990,9382,9454,9457,ov2slam_node,1,0.000
1781208270.062,22.990,9382,9454,9458,ov2slam_node,2,0.000
1781208270.062,22.990,9382,9454,9459,gc,1,0.000
1781208270.062,22.990,9382,9454,9460,dq.builtins,3,0.000
1781208270.062,22.990,9382,9454,9461,dq.user,1,0.000
1781208270.062,22.990,9382,9454,9462,tev,3,0.000
1781208270.062,22.990,9382,9454,9463,recv,1,0.000
1781208270.062,22.990,9382,9454,9464,recvUC,2,0.000
1781208270.062,22.990,9382,9454,9465,ov2slam_node,2,0.000
1781208270.062,22.990,9382,9454,9466,ov2slam_node,3,0.000
1781208270.062,22.990,9382,9454,9467,ov2_map,1,0.000
1781208270.062,22.990,9382,9454,9468,ov2_est,2,0.000
1781208270.062,22.990,9382,9454,9470,ov2_main,2,19.263
1781208270.062,22.990,9382,9454,9471,ov2_feed,1,0.000
1781208270.062,22.990,9382,9454,9565,ov2_main,2,19.263
1781208270.062,22.990,9382,9454,9566,ov2_main,0,0.000
1781208270.062,22.990,9382,9454,9567,ov2_main,2,0.000
1781208270.116,23.044,9382,9454,9454,ov2slam_node,1,18.755
1781208270.116,23.044,9382,9454,9455,ov2slam_nod-ust,1,0.000
1781208270.116,23.044,9382,9454,9456,ov2slam_nod-ust,2,0.000
1781208270.116,23.044,9382,9454,9457,ov2slam_node,1,0.000
1781208270.116,23.044,9382,9454,9458,ov2slam_node,2,0.000
1781208270.116,23.044,9382,9454,9459,gc,1,0.000
1781208270.116,23.044,9382,9454,9460,dq.builtins,3,0.000
1781208270.116,23.044,9382,9454,9461,dq.user,1,0.000
1781208270.116,23.044,9382,9454,9462,tev,3,0.000
1781208270.116,23.044,9382,9454,9463,recv,1,0.000
1781208270.116,23.044,9382,9454,9464,recvUC,2,0.000
1781208270.116,23.044,9382,9454,9465,ov2slam_node,2,0.000
1781208270.116,23.044,9382,9454,9466,ov2slam_node,3,0.000
1781208270.116,23.044,9382,9454,9467,ov2_map,1,0.000
1781208270.116,23.044,9382,9454,9468,ov2_est,2,0.000
1781208270.116,23.044,9382,9454,9470,ov2_main,2,0.000
1781208270.116,23.044,9382,9454,9471,ov2_feed,1,0.000
1781208270.116,23.044,9382,9454,9565,ov2_main,3,0.000
1781208270.116,23.044,9382,9454,9566,ov2_main,0,0.000
1781208270.116,23.044,9382,9454,9567,ov2_main,3,0.000
1781208270.169,23.097,9382,9454,9454,ov2slam_node,1,0.000
1781208270.169,23.097,9382,9454,9455,ov2slam_nod-ust,1,0.000
1781208270.169,23.097,9382,9454,9456,ov2slam_nod-ust,2,0.000
1781208270.169,23.097,9382,9454,9457,ov2slam_node,1,0.000
1781208270.169,23.097,9382,9454,9458,ov2slam_node,2,0.000
1781208270.169,23.097,9382,9454,9459,gc,1,0.000
1781208270.169,23.097,9382,9454,9460,dq.builtins,3,0.000
1781208270.169,23.097,9382,9454,9461,dq.user,1,0.000
1781208270.169,23.097,9382,9454,9462,tev,3,0.000
1781208270.169,23.097,9382,9454,9463,recv,1,0.000
1781208270.169,23.097,9382,9454,9464,recvUC,2,0.000
1781208270.169,23.097,9382,9454,9465,ov2slam_node,2,0.000
1781208270.169,23.097,9382,9454,9466,ov2slam_node,3,0.000
1781208270.169,23.097,9382,9454,9467,ov2_map,1,18.735
1781208270.169,23.097,9382,9454,9468,ov2_est,1,18.735
1781208270.169,23.097,9382,9454,9470,ov2_main,2,18.735
1781208270.169,23.097,9382,9454,9471,ov2_feed,1,0.000
1781208270.169,23.097,9382,9454,9565,ov2_main,3,18.735
1781208270.169,23.097,9382,9454,9566,ov2_main,0,18.735
1781208270.169,23.097,9382,9454,9567,ov2_main,1,0.000
1781208270.221,23.149,9382,9454,9454,ov2slam_node,2,0.000
1781208270.221,23.149,9382,9454,9455,ov2slam_nod-ust,1,0.000
1781208270.221,23.149,9382,9454,9456,ov2slam_nod-ust,2,0.000
1781208270.221,23.149,9382,9454,9457,ov2slam_node,1,0.000
1781208270.221,23.149,9382,9454,9458,ov2slam_node,2,0.000
1781208270.221,23.149,9382,9454,9459,gc,1,0.000
1781208270.221,23.149,9382,9454,9460,dq.builtins,3,0.000
1781208270.221,23.149,9382,9454,9461,dq.user,1,0.000
1781208270.221,23.149,9382,9454,9462,tev,3,0.000
1781208270.221,23.149,9382,9454,9463,recv,1,0.000
1781208270.221,23.149,9382,9454,9464,recvUC,2,0.000
1781208270.221,23.149,9382,9454,9465,ov2slam_node,2,0.000
1781208270.221,23.149,9382,9454,9466,ov2slam_node,3,0.000
1781208270.221,23.149,9382,9454,9467,ov2_map,2,0.000
1781208270.221,23.149,9382,9454,9468,ov2_est,1,95.983
1781208270.221,23.149,9382,9454,9470,ov2_main,2,19.197
1781208270.221,23.149,9382,9454,9471,ov2_feed,0,0.000
1781208270.221,23.149,9382,9454,9565,ov2_main,3,0.000
1781208270.221,23.149,9382,9454,9566,ov2_main,0,0.000
1781208270.221,23.149,9382,9454,9567,ov2_main,3,0.000
1781208270.273,23.201,9382,9454,9454,ov2slam_node,2,0.000
1781208270.273,23.201,9382,9454,9455,ov2slam_nod-ust,1,0.000
1781208270.273,23.201,9382,9454,9456,ov2slam_nod-ust,2,0.000
1781208270.273,23.201,9382,9454,9457,ov2slam_node,1,0.000
1781208270.273,23.201,9382,9454,9458,ov2slam_node,2,0.000
1781208270.273,23.201,9382,9454,9459,gc,1,0.000
1781208270.273,23.201,9382,9454,9460,dq.builtins,3,0.000
1781208270.273,23.201,9382,9454,9461,dq.user,1,0.000
1781208270.273,23.201,9382,9454,9462,tev,3,0.000
1781208270.273,23.201,9382,9454,9463,recv,1,0.000
1781208270.273,23.201,9382,9454,9464,recvUC,2,0.000
1781208270.273,23.201,9382,9454,9465,ov2slam_node,2,0.000
1781208270.273,23.201,9382,9454,9466,ov2slam_node,3,0.000
1781208270.273,23.201,9382,9454,9467,ov2_map,2,0.000
1781208270.273,23.201,9382,9454,9468,ov2_est,1,0.000
1781208270.273,23.201,9382,9454,9470,ov2_main,2,0.000
1781208270.273,23.201,9382,9454,9471,ov2_feed,1,0.000
1781208270.273,23.201,9382,9454,9565,ov2_main,3,0.000
1781208270.273,23.201,9382,9454,9566,ov2_main,0,0.000
1781208270.273,23.201,9382,9454,9567,ov2_main,3,0.000
1781208270.325,23.253,9382,9454,9454,ov2slam_node,2,0.000
1781208270.325,23.253,9382,9454,9455,ov2slam_nod-ust,1,0.000
1781208270.325,23.253,9382,9454,9456,ov2slam_nod-ust,2,0.000
1781208270.325,23.253,9382,9454,9457,ov2slam_node,1,0.000
1781208270.325,23.253,9382,9454,9458,ov2slam_node,2,0.000
1781208270.325,23.253,9382,9454,9459,gc,1,0.000
1781208270.325,23.253,9382,9454,9460,dq.builtins,3,0.000
1781208270.325,23.253,9382,9454,9461,dq.user,1,0.000
1781208270.325,23.253,9382,9454,9462,tev,3,0.000
1781208270.325,23.253,9382,9454,9463,recv,1,0.000
1781208270.325,23.253,9382,9454,9464,recvUC,2,0.000
1781208270.325,23.253,9382,9454,9465,ov2slam_node,2,0.000
1781208270.325,23.253,9382,9454,9466,ov2slam_node,3,0.000
1781208270.325,23.253,9382,9454,9467,ov2_map,2,0.000
1781208270.325,23.253,9382,9454,9468,ov2_est,1,0.000
1781208270.325,23.253,9382,9454,9470,ov2_main,2,0.000
1781208270.325,23.253,9382,9454,9471,ov2_feed,1,0.000
1781208270.325,23.253,9382,9454,9565,ov2_main,3,0.000
1781208270.325,23.253,9382,9454,9566,ov2_main,0,0.000
1781208270.325,23.253,9382,9454,9567,ov2_main,3,0.000
1781208270.377,23.305,9382,9454,9454,ov2slam_node,2,0.000
1781208270.377,23.305,9382,9454,9455,ov2slam_nod-ust,1,0.000
1781208270.377,23.305,9382,9454,9456,ov2slam_nod-ust,2,0.000
1781208270.377,23.305,9382,9454,9457,ov2slam_node,1,0.000
1781208270.377,23.305,9382,9454,9458,ov2slam_node,2,0.000
1781208270.377,23.305,9382,9454,9459,gc,1,0.000
1781208270.377,23.305,9382,9454,9460,dq.builtins,3,0.000
1781208270.377,23.305,9382,9454,9461,dq.user,1,0.000
1781208270.377,23.305,9382,9454,9462,tev,3,0.000
1781208270.377,23.305,9382,9454,9463,recv,1,0.000
1781208270.377,23.305,9382,9454,9464,recvUC,2,0.000
1781208270.377,23.305,9382,9454,9465,ov2slam_node,2,0.000
1781208270.377,23.305,9382,9454,9466,ov2slam_node,3,0.000
1781208270.377,23.305,9382,9454,9467,ov2_map,2,0.000
1781208270.377,23.305,9382,9454,9468,ov2_est,1,0.000
1781208270.377,23.305,9382,9454,9470,ov2_main,2,0.000
1781208270.377,23.305,9382,9454,9471,ov2_feed,1,0.000
1781208270.377,23.305,9382,9454,9565,ov2_main,3,0.000
1781208270.377,23.305,9382,9454,9566,ov2_main,0,0.000
1781208270.377,23.305,9382,9454,9567,ov2_main,3,0.000
1781208270.429,23.357,9382,9454,9454,ov2slam_node,2,0.000
1781208270.429,23.357,9382,9454,9455,ov2slam_nod-ust,1,0.000
1781208270.429,23.357,9382,9454,9456,ov2slam_nod-ust,2,0.000
1781208270.429,23.357,9382,9454,9457,ov2slam_node,1,0.000
1781208270.429,23.357,9382,9454,9458,ov2slam_node,2,0.000
1781208270.429,23.357,9382,9454,9459,gc,1,0.000
1781208270.429,23.357,9382,9454,9460,dq.builtins,3,0.000
1781208270.429,23.357,9382,9454,9461,dq.user,1,0.000
1781208270.429,23.357,9382,9454,9462,tev,3,0.000
1781208270.429,23.357,9382,9454,9463,recv,1,0.000
1781208270.429,23.357,9382,9454,9464,recvUC,2,0.000
1781208270.429,23.357,9382,9454,9465,ov2slam_node,2,0.000
1781208270.429,23.357,9382,9454,9466,ov2slam_node,3,0.000
1781208270.429,23.357,9382,9454,9467,ov2_map,2,0.000
1781208270.429,23.357,9382,9454,9468,ov2_est,1,0.000
1781208270.429,23.357,9382,9454,9470,ov2_main,2,0.000
1781208270.429,23.357,9382,9454,9471,ov2_feed,1,0.000
1781208270.429,23.357,9382,9454,9565,ov2_main,3,0.000
1781208270.429,23.357,9382,9454,9566,ov2_main,0,0.000
1781208270.429,23.357,9382,9454,9567,ov2_main,3,0.000
1781208270.481,23.408,9382,9454,9454,ov2slam_node,2,0.000
1781208270.481,23.408,9382,9454,9455,ov2slam_nod-ust,1,0.000
1781208270.481,23.408,9382,9454,9456,ov2slam_nod-ust,2,0.000
1781208270.481,23.408,9382,9454,9457,ov2slam_node,1,0.000
1781208270.481,23.408,9382,9454,9458,ov2slam_node,2,0.000
1781208270.481,23.408,9382,9454,9459,gc,1,0.000
1781208270.481,23.408,9382,9454,9460,dq.builtins,3,0.000
1781208270.481,23.408,9382,9454,9461,dq.user,1,0.000
1781208270.481,23.408,9382,9454,9462,tev,3,0.000
1781208270.481,23.408,9382,9454,9463,recv,1,0.000
1781208270.481,23.408,9382,9454,9464,recvUC,2,0.000
1781208270.481,23.408,9382,9454,9465,ov2slam_node,2,0.000
1781208270.481,23.408,9382,9454,9466,ov2slam_node,3,0.000
1781208270.481,23.408,9382,9454,9467,ov2_map,2,0.000
1781208270.481,23.408,9382,9454,9468,ov2_est,1,0.000
1781208270.481,23.408,9382,9454,9470,ov2_main,2,0.000
1781208270.481,23.408,9382,9454,9471,ov2_feed,1,0.000
1781208270.481,23.408,9382,9454,9565,ov2_main,3,0.000
1781208270.481,23.408,9382,9454,9566,ov2_main,0,0.000
1781208270.481,23.408,9382,9454,9567,ov2_main,3,0.000
1781208270.532,23.460,9382,9454,9454,ov2slam_node,2,0.000
1781208270.532,23.460,9382,9454,9455,ov2slam_nod-ust,1,0.000
1781208270.532,23.460,9382,9454,9456,ov2slam_nod-ust,2,0.000
1781208270.532,23.460,9382,9454,9457,ov2slam_node,1,0.000
1781208270.532,23.460,9382,9454,9458,ov2slam_node,2,0.000
1781208270.532,23.460,9382,9454,9459,gc,1,0.000
1781208270.532,23.460,9382,9454,9460,dq.builtins,3,0.000
1781208270.532,23.460,9382,9454,9461,dq.user,1,0.000
1781208270.532,23.460,9382,9454,9462,tev,3,0.000
1781208270.532,23.460,9382,9454,9463,recv,1,0.000
1781208270.532,23.460,9382,9454,9464,recvUC,2,0.000
1781208270.532,23.460,9382,9454,9465,ov2slam_node,2,0.000
1781208270.532,23.460,9382,9454,9466,ov2slam_node,3,0.000
1781208270.532,23.460,9382,9454,9467,ov2_map,2,19.304
1781208270.532,23.460,9382,9454,9468,ov2_est,1,0.000
1781208270.532,23.460,9382,9454,9470,ov2_main,2,0.000
1781208270.532,23.460,9382,9454,9471,ov2_feed,1,0.000
1781208270.532,23.460,9382,9454,9565,ov2_main,3,0.000
1781208270.532,23.460,9382,9454,9566,ov2_main,0,0.000
1781208270.532,23.460,9382,9454,9567,ov2_main,3,0.000
1781208270.585,23.513,9382,9454,9454,ov2slam_node,2,0.000
1781208270.585,23.513,9382,9454,9455,ov2slam_nod-ust,1,0.000
1781208270.585,23.513,9382,9454,9456,ov2slam_nod-ust,2,0.000
1781208270.585,23.513,9382,9454,9457,ov2slam_node,1,0.000
1781208270.585,23.513,9382,9454,9458,ov2slam_node,2,0.000
1781208270.585,23.513,9382,9454,9459,gc,1,0.000
1781208270.585,23.513,9382,9454,9460,dq.builtins,3,0.000
1781208270.585,23.513,9382,9454,9461,dq.user,1,0.000
1781208270.585,23.513,9382,9454,9462,tev,3,0.000
1781208270.585,23.513,9382,9454,9463,recv,1,0.000
1781208270.585,23.513,9382,9454,9464,recvUC,2,0.000
1781208270.585,23.513,9382,9454,9465,ov2slam_node,2,0.000
1781208270.585,23.513,9382,9454,9466,ov2slam_node,3,0.000
1781208270.585,23.513,9382,9454,9467,ov2_map,2,0.000
1781208270.585,23.513,9382,9454,9468,ov2_est,1,19.122
1781208270.585,23.513,9382,9454,9470,ov2_main,2,0.000
1781208270.585,23.513,9382,9454,9471,ov2_feed,1,0.000
1781208270.585,23.513,9382,9454,9565,ov2_main,3,0.000
1781208270.585,23.513,9382,9454,9566,ov2_main,0,0.000
1781208270.585,23.513,9382,9454,9567,ov2_main,3,0.000
1781208270.636,23.564,9382,9454,9454,ov2slam_node,2,0.000
1781208270.636,23.564,9382,9454,9455,ov2slam_nod-ust,1,0.000
1781208270.636,23.564,9382,9454,9456,ov2slam_nod-ust,2,0.000
1781208270.636,23.564,9382,9454,9457,ov2slam_node,1,0.000
1781208270.636,23.564,9382,9454,9458,ov2slam_node,2,0.000
1781208270.636,23.564,9382,9454,9459,gc,1,0.000
1781208270.636,23.564,9382,9454,9460,dq.builtins,3,0.000
1781208270.636,23.564,9382,9454,9461,dq.user,1,0.000
1781208270.636,23.564,9382,9454,9462,tev,3,0.000
1781208270.636,23.564,9382,9454,9463,recv,1,0.000
1781208270.636,23.564,9382,9454,9464,recvUC,2,0.000
1781208270.636,23.564,9382,9454,9465,ov2slam_node,2,0.000
1781208270.636,23.564,9382,9454,9466,ov2slam_node,3,0.000
1781208270.636,23.564,9382,9454,9467,ov2_map,2,0.000
1781208270.636,23.564,9382,9454,9468,ov2_est,1,0.000
1781208270.636,23.564,9382,9454,9470,ov2_main,2,0.000
1781208270.636,23.564,9382,9454,9471,ov2_feed,1,0.000
1781208270.636,23.564,9382,9454,9565,ov2_main,3,0.000
1781208270.636,23.564,9382,9454,9566,ov2_main,0,0.000
1781208270.636,23.564,9382,9454,9567,ov2_main,3,0.000
1781208270.688,23.616,9382,9454,9454,ov2slam_node,2,0.000
1781208270.688,23.616,9382,9454,9455,ov2slam_nod-ust,1,0.000
1781208270.688,23.616,9382,9454,9456,ov2slam_nod-ust,2,0.000
1781208270.688,23.616,9382,9454,9457,ov2slam_node,1,0.000
1781208270.688,23.616,9382,9454,9458,ov2slam_node,2,0.000
1781208270.688,23.616,9382,9454,9459,gc,1,0.000
1781208270.688,23.616,9382,9454,9460,dq.builtins,3,0.000
1781208270.688,23.616,9382,9454,9461,dq.user,1,0.000
1781208270.688,23.616,9382,9454,9462,tev,3,0.000
1781208270.688,23.616,9382,9454,9463,recv,1,0.000
1781208270.688,23.616,9382,9454,9464,recvUC,2,0.000
1781208270.688,23.616,9382,9454,9465,ov2slam_node,2,0.000
1781208270.688,23.616,9382,9454,9466,ov2slam_node,3,0.000
1781208270.688,23.616,9382,9454,9467,ov2_map,2,0.000
1781208270.688,23.616,9382,9454,9468,ov2_est,1,0.000
1781208270.688,23.616,9382,9454,9470,ov2_main,2,0.000
1781208270.688,23.616,9382,9454,9471,ov2_feed,1,0.000
1781208270.688,23.616,9382,9454,9565,ov2_main,3,0.000
1781208270.688,23.616,9382,9454,9566,ov2_main,0,0.000
1781208270.688,23.616,9382,9454,9567,ov2_main,3,0.000
1781208270.740,23.668,9382,9454,9454,ov2slam_node,2,0.000
1781208270.740,23.668,9382,9454,9455,ov2slam_nod-ust,1,0.000
1781208270.740,23.668,9382,9454,9456,ov2slam_nod-ust,2,0.000
1781208270.740,23.668,9382,9454,9457,ov2slam_node,1,0.000
1781208270.740,23.668,9382,9454,9458,ov2slam_node,2,0.000
1781208270.740,23.668,9382,9454,9459,gc,1,0.000
1781208270.740,23.668,9382,9454,9460,dq.builtins,3,0.000
1781208270.740,23.668,9382,9454,9461,dq.user,1,0.000
1781208270.740,23.668,9382,9454,9462,tev,3,0.000
1781208270.740,23.668,9382,9454,9463,recv,1,0.000
1781208270.740,23.668,9382,9454,9464,recvUC,2,0.000
1781208270.740,23.668,9382,9454,9465,ov2slam_node,2,0.000
1781208270.740,23.668,9382,9454,9466,ov2slam_node,3,0.000
1781208270.740,23.668,9382,9454,9467,ov2_map,2,0.000
1781208270.740,23.668,9382,9454,9468,ov2_est,1,0.000
1781208270.740,23.668,9382,9454,9470,ov2_main,2,0.000
1781208270.740,23.668,9382,9454,9471,ov2_feed,1,0.000
1781208270.740,23.668,9382,9454,9565,ov2_main,3,0.000
1781208270.740,23.668,9382,9454,9566,ov2_main,0,0.000
1781208270.740,23.668,9382,9454,9567,ov2_main,3,0.000
1781208270.792,23.720,9382,9454,9454,ov2slam_node,2,0.000
1781208270.792,23.720,9382,9454,9455,ov2slam_nod-ust,1,0.000
1781208270.792,23.720,9382,9454,9456,ov2slam_nod-ust,2,0.000
1781208270.792,23.720,9382,9454,9457,ov2slam_node,1,0.000
1781208270.792,23.720,9382,9454,9458,ov2slam_node,2,0.000
1781208270.792,23.720,9382,9454,9459,gc,1,0.000
1781208270.792,23.720,9382,9454,9460,dq.builtins,3,0.000
1781208270.792,23.720,9382,9454,9461,dq.user,1,0.000
1781208270.792,23.720,9382,9454,9462,tev,3,0.000
1781208270.792,23.720,9382,9454,9463,recv,1,0.000
1781208270.792,23.720,9382,9454,9464,recvUC,2,0.000
1781208270.792,23.720,9382,9454,9465,ov2slam_node,2,0.000
1781208270.792,23.720,9382,9454,9466,ov2slam_node,3,0.000
1781208270.792,23.720,9382,9454,9467,ov2_map,2,0.000
1781208270.792,23.720,9382,9454,9468,ov2_est,1,0.000
1781208270.792,23.720,9382,9454,9470,ov2_main,2,0.000
1781208270.792,23.720,9382,9454,9471,ov2_feed,1,0.000
1781208270.792,23.720,9382,9454,9565,ov2_main,3,0.000
1781208270.792,23.720,9382,9454,9566,ov2_main,0,0.000
1781208270.792,23.720,9382,9454,9567,ov2_main,3,0.000
1781208270.844,23.772,9382,9454,9454,ov2slam_node,2,0.000
1781208270.844,23.772,9382,9454,9455,ov2slam_nod-ust,1,0.000
1781208270.844,23.772,9382,9454,9456,ov2slam_nod-ust,2,0.000
1781208270.844,23.772,9382,9454,9457,ov2slam_node,1,0.000
1781208270.844,23.772,9382,9454,9458,ov2slam_node,2,0.000
1781208270.844,23.772,9382,9454,9459,gc,1,0.000
1781208270.844,23.772,9382,9454,9460,dq.builtins,3,0.000
1781208270.844,23.772,9382,9454,9461,dq.user,1,0.000
1781208270.844,23.772,9382,9454,9462,tev,3,0.000
1781208270.844,23.772,9382,9454,9463,recv,1,0.000
1781208270.844,23.772,9382,9454,9464,recvUC,2,0.000
1781208270.844,23.772,9382,9454,9465,ov2slam_node,2,0.000
1781208270.844,23.772,9382,9454,9466,ov2slam_node,3,0.000
1781208270.844,23.772,9382,9454,9467,ov2_map,2,0.000
1781208270.844,23.772,9382,9454,9468,ov2_est,1,0.000
1781208270.844,23.772,9382,9454,9470,ov2_main,2,0.000
1781208270.844,23.772,9382,9454,9471,ov2_feed,1,0.000
1781208270.844,23.772,9382,9454,9565,ov2_main,3,0.000
1781208270.844,23.772,9382,9454,9566,ov2_main,0,0.000
1781208270.844,23.772,9382,9454,9567,ov2_main,3,0.000
1781208270.896,23.824,9382,9454,9454,ov2slam_node,2,0.000
1781208270.896,23.824,9382,9454,9455,ov2slam_nod-ust,1,0.000
1781208270.896,23.824,9382,9454,9456,ov2slam_nod-ust,2,0.000
1781208270.896,23.824,9382,9454,9457,ov2slam_node,1,0.000
1781208270.896,23.824,9382,9454,9458,ov2slam_node,2,0.000
1781208270.896,23.824,9382,9454,9459,gc,1,0.000
1781208270.896,23.824,9382,9454,9460,dq.builtins,3,0.000
1781208270.896,23.824,9382,9454,9461,dq.user,1,0.000
1781208270.896,23.824,9382,9454,9462,tev,3,0.000
1781208270.896,23.824,9382,9454,9463,recv,1,0.000
1781208270.896,23.824,9382,9454,9464,recvUC,2,0.000
1781208270.896,23.824,9382,9454,9465,ov2slam_node,2,0.000
1781208270.896,23.824,9382,9454,9466,ov2slam_node,3,0.000
1781208270.896,23.824,9382,9454,9467,ov2_map,2,0.000
1781208270.896,23.824,9382,9454,9468,ov2_est,1,19.290
1781208270.896,23.824,9382,9454,9470,ov2_main,2,0.000
1781208270.896,23.824,9382,9454,9471,ov2_feed,1,0.000
1781208270.896,23.824,9382,9454,9565,ov2_main,3,0.000
1781208270.896,23.824,9382,9454,9566,ov2_main,0,0.000
1781208270.896,23.824,9382,9454,9567,ov2_main,3,0.000
1781208270.948,23.876,9382,9454,9454,ov2slam_node,2,0.000
1781208270.948,23.876,9382,9454,9455,ov2slam_nod-ust,1,0.000
1781208270.948,23.876,9382,9454,9456,ov2slam_nod-ust,2,0.000
1781208270.948,23.876,9382,9454,9457,ov2slam_node,1,0.000
1781208270.948,23.876,9382,9454,9458,ov2slam_node,2,0.000
1781208270.948,23.876,9382,9454,9459,gc,1,0.000
1781208270.948,23.876,9382,9454,9460,dq.builtins,3,0.000
1781208270.948,23.876,9382,9454,9461,dq.user,1,0.000
1781208270.948,23.876,9382,9454,9462,tev,3,0.000
1781208270.948,23.876,9382,9454,9463,recv,1,0.000
1781208270.948,23.876,9382,9454,9464,recvUC,2,0.000
1781208270.948,23.876,9382,9454,9465,ov2slam_node,2,0.000
1781208270.948,23.876,9382,9454,9466,ov2slam_node,3,0.000
1781208270.948,23.876,9382,9454,9467,ov2_map,2,0.000
1781208270.948,23.876,9382,9454,9468,ov2_est,1,0.000
1781208270.948,23.876,9382,9454,9470,ov2_main,2,0.000
1781208270.948,23.876,9382,9454,9471,ov2_feed,1,0.000
1781208270.948,23.876,9382,9454,9565,ov2_main,3,0.000
1781208270.948,23.876,9382,9454,9566,ov2_main,0,0.000
1781208270.948,23.876,9382,9454,9567,ov2_main,3,0.000
1781208270.999,23.927,9382,9454,9454,ov2slam_node,2,0.000
1781208270.999,23.927,9382,9454,9455,ov2slam_nod-ust,1,0.000
1781208270.999,23.927,9382,9454,9456,ov2slam_nod-ust,2,0.000
1781208270.999,23.927,9382,9454,9457,ov2slam_node,1,0.000
1781208270.999,23.927,9382,9454,9458,ov2slam_node,2,0.000
1781208270.999,23.927,9382,9454,9459,gc,1,0.000
1781208270.999,23.927,9382,9454,9460,dq.builtins,3,0.000
1781208270.999,23.927,9382,9454,9461,dq.user,1,0.000
1781208270.999,23.927,9382,9454,9462,tev,3,0.000
1781208270.999,23.927,9382,9454,9463,recv,1,0.000
1781208270.999,23.927,9382,9454,9464,recvUC,2,0.000
1781208270.999,23.927,9382,9454,9465,ov2slam_node,2,0.000
1781208270.999,23.927,9382,9454,9466,ov2slam_node,3,0.000
1781208270.999,23.927,9382,9454,9467,ov2_map,2,0.000
1781208270.999,23.927,9382,9454,9468,ov2_est,1,0.000
1781208270.999,23.927,9382,9454,9470,ov2_main,2,0.000
1781208270.999,23.927,9382,9454,9471,ov2_feed,1,0.000
1781208270.999,23.927,9382,9454,9565,ov2_main,3,0.000
1781208270.999,23.927,9382,9454,9566,ov2_main,0,0.000
1781208270.999,23.927,9382,9454,9567,ov2_main,3,0.000
1781208271.051,23.979,9382,9454,9454,ov2slam_node,2,0.000
1781208271.051,23.979,9382,9454,9455,ov2slam_nod-ust,1,0.000
1781208271.051,23.979,9382,9454,9456,ov2slam_nod-ust,2,0.000
1781208271.051,23.979,9382,9454,9457,ov2slam_node,1,0.000
1781208271.051,23.979,9382,9454,9458,ov2slam_node,2,0.000
1781208271.051,23.979,9382,9454,9459,gc,1,0.000
1781208271.051,23.979,9382,9454,9460,dq.builtins,3,0.000
1781208271.051,23.979,9382,9454,9461,dq.user,1,0.000
1781208271.051,23.979,9382,9454,9462,tev,3,0.000
1781208271.051,23.979,9382,9454,9463,recv,1,0.000
1781208271.051,23.979,9382,9454,9464,recvUC,1,0.000
1781208271.051,23.979,9382,9454,9465,ov2slam_node,2,0.000
1781208271.051,23.979,9382,9454,9466,ov2slam_node,3,0.000
1781208271.051,23.979,9382,9454,9467,ov2_map,2,0.000
1781208271.051,23.979,9382,9454,9468,ov2_est,1,0.000
1781208271.051,23.979,9382,9454,9470,ov2_main,2,19.290
1781208271.051,23.979,9382,9454,9471,ov2_feed,1,0.000
1781208271.051,23.979,9382,9454,9565,ov2_main,1,19.290
1781208271.051,23.979,9382,9454,9566,ov2_main,0,19.290
1781208271.051,23.979,9382,9454,9567,ov2_main,0,0.000
1781208271.103,24.031,9382,9454,9454,ov2slam_node,2,0.000
1781208271.103,24.031,9382,9454,9455,ov2slam_nod-ust,1,0.000
1781208271.103,24.031,9382,9454,9456,ov2slam_nod-ust,2,0.000
1781208271.103,24.031,9382,9454,9457,ov2slam_node,1,0.000
1781208271.103,24.031,9382,9454,9458,ov2slam_node,2,0.000
1781208271.103,24.031,9382,9454,9459,gc,1,0.000
1781208271.103,24.031,9382,9454,9460,dq.builtins,3,0.000
1781208271.103,24.031,9382,9454,9461,dq.user,1,0.000
1781208271.103,24.031,9382,9454,9462,tev,3,0.000
1781208271.103,24.031,9382,9454,9463,recv,1,0.000
1781208271.103,24.031,9382,9454,9464,recvUC,1,0.000
1781208271.103,24.031,9382,9454,9465,ov2slam_node,2,0.000
1781208271.103,24.031,9382,9454,9466,ov2slam_node,3,0.000
1781208271.103,24.031,9382,9454,9467,ov2_map,2,0.000
1781208271.103,24.031,9382,9454,9468,ov2_est,1,0.000
1781208271.103,24.031,9382,9454,9470,ov2_main,2,19.229
1781208271.103,24.031,9382,9454,9471,ov2_feed,3,0.000
1781208271.103,24.031,9382,9454,9565,ov2_main,1,0.000
1781208271.103,24.031,9382,9454,9566,ov2_main,0,0.000
1781208271.103,24.031,9382,9454,9567,ov2_main,0,0.000
1781208271.156,24.084,9382,9454,9454,ov2slam_node,2,0.000
1781208271.156,24.084,9382,9454,9455,ov2slam_nod-ust,1,0.000
1781208271.156,24.084,9382,9454,9456,ov2slam_nod-ust,2,0.000
1781208271.156,24.084,9382,9454,9457,ov2slam_node,1,0.000
1781208271.156,24.084,9382,9454,9458,ov2slam_node,2,0.000
1781208271.156,24.084,9382,9454,9459,gc,1,0.000
1781208271.156,24.084,9382,9454,9460,dq.builtins,3,0.000
1781208271.156,24.084,9382,9454,9461,dq.user,1,0.000
1781208271.156,24.084,9382,9454,9462,tev,3,0.000
1781208271.156,24.084,9382,9454,9463,recv,1,0.000
1781208271.156,24.084,9382,9454,9464,recvUC,3,0.000
1781208271.156,24.084,9382,9454,9465,ov2slam_node,2,0.000
1781208271.156,24.084,9382,9454,9466,ov2slam_node,3,0.000
1781208271.156,24.084,9382,9454,9467,ov2_map,2,0.000
1781208271.156,24.084,9382,9454,9468,ov2_est,2,0.000
1781208271.156,24.084,9382,9454,9470,ov2_main,1,18.946
1781208271.156,24.084,9382,9454,9471,ov2_feed,0,0.000
1781208271.156,24.084,9382,9454,9565,ov2_main,2,0.000
1781208271.156,24.084,9382,9454,9566,ov2_main,0,18.946
1781208271.156,24.084,9382,9454,9567,ov2_main,0,0.000
1781208271.208,24.136,9382,9454,9454,ov2slam_node,2,0.000
1781208271.208,24.136,9382,9454,9455,ov2slam_nod-ust,1,0.000
1781208271.208,24.136,9382,9454,9456,ov2slam_nod-ust,2,0.000
1781208271.208,24.136,9382,9454,9457,ov2slam_node,1,0.000
1781208271.208,24.136,9382,9454,9458,ov2slam_node,2,0.000
1781208271.208,24.136,9382,9454,9459,gc,1,0.000
1781208271.208,24.136,9382,9454,9460,dq.builtins,3,0.000
1781208271.208,24.136,9382,9454,9461,dq.user,1,0.000
1781208271.208,24.136,9382,9454,9462,tev,3,0.000
1781208271.208,24.136,9382,9454,9463,recv,1,0.000
1781208271.208,24.136,9382,9454,9464,recvUC,3,0.000
1781208271.208,24.136,9382,9454,9465,ov2slam_node,2,0.000
1781208271.208,24.136,9382,9454,9466,ov2slam_node,3,0.000
1781208271.208,24.136,9382,9454,9467,ov2_map,2,0.000
1781208271.208,24.136,9382,9454,9468,ov2_est,2,19.203
1781208271.208,24.136,9382,9454,9470,ov2_main,1,38.407
1781208271.208,24.136,9382,9454,9471,ov2_feed,0,0.000
1781208271.208,24.136,9382,9454,9565,ov2_main,2,19.203
1781208271.208,24.136,9382,9454,9566,ov2_main,0,19.203
1781208271.208,24.136,9382,9454,9567,ov2_main,0,19.203
1781208271.260,24.188,9382,9454,9454,ov2slam_node,2,0.000
1781208271.260,24.188,9382,9454,9455,ov2slam_nod-ust,1,0.000
1781208271.260,24.188,9382,9454,9456,ov2slam_nod-ust,2,0.000
1781208271.260,24.188,9382,9454,9457,ov2slam_node,1,0.000
1781208271.260,24.188,9382,9454,9458,ov2slam_node,2,0.000
1781208271.260,24.188,9382,9454,9459,gc,1,0.000
1781208271.260,24.188,9382,9454,9460,dq.builtins,3,0.000
1781208271.260,24.188,9382,9454,9461,dq.user,1,0.000
1781208271.260,24.188,9382,9454,9462,tev,3,0.000
1781208271.260,24.188,9382,9454,9463,recv,1,0.000
1781208271.260,24.188,9382,9454,9464,recvUC,3,0.000
1781208271.260,24.188,9382,9454,9465,ov2slam_node,2,0.000
1781208271.260,24.188,9382,9454,9466,ov2slam_node,3,0.000
1781208271.260,24.188,9382,9454,9467,ov2_map,2,0.000
1781208271.260,24.188,9382,9454,9468,ov2_est,2,0.000
1781208271.260,24.188,9382,9454,9470,ov2_main,2,19.274
1781208271.260,24.188,9382,9454,9471,ov2_feed,0,0.000
1781208271.260,24.188,9382,9454,9565,ov2_main,2,19.274
1781208271.260,24.188,9382,9454,9566,ov2_main,0,0.000
1781208271.260,24.188,9382,9454,9567,ov2_main,0,0.000
1781208271.312,24.240,9382,9454,9454,ov2slam_node,2,0.000
1781208271.312,24.240,9382,9454,9455,ov2slam_nod-ust,1,0.000
1781208271.312,24.240,9382,9454,9456,ov2slam_nod-ust,2,0.000
1781208271.312,24.240,9382,9454,9457,ov2slam_node,1,0.000
1781208271.312,24.240,9382,9454,9458,ov2slam_node,2,0.000
1781208271.312,24.240,9382,9454,9459,gc,1,0.000
1781208271.312,24.240,9382,9454,9460,dq.builtins,3,0.000
1781208271.312,24.240,9382,9454,9461,dq.user,1,0.000
1781208271.312,24.240,9382,9454,9462,tev,3,0.000
1781208271.312,24.240,9382,9454,9463,recv,1,0.000
1781208271.312,24.240,9382,9454,9464,recvUC,1,0.000
1781208271.312,24.240,9382,9454,9465,ov2slam_node,2,0.000
1781208271.312,24.240,9382,9454,9466,ov2slam_node,3,0.000
1781208271.312,24.240,9382,9454,9467,ov2_map,2,0.000
1781208271.312,24.240,9382,9454,9468,ov2_est,2,0.000
1781208271.312,24.240,9382,9454,9470,ov2_main,0,19.267
1781208271.312,24.240,9382,9454,9471,ov2_feed,1,0.000
1781208271.312,24.240,9382,9454,9565,ov2_main,3,0.000
1781208271.312,24.240,9382,9454,9566,ov2_main,1,0.000
1781208271.312,24.240,9382,9454,9567,ov2_main,1,19.267
1781208271.366,24.294,9382,9454,9454,ov2slam_node,2,0.000
1781208271.366,24.294,9382,9454,9455,ov2slam_nod-ust,1,0.000
1781208271.366,24.294,9382,9454,9456,ov2slam_nod-ust,2,0.000
1781208271.366,24.294,9382,9454,9457,ov2slam_node,1,0.000
1781208271.366,24.294,9382,9454,9458,ov2slam_node,2,0.000
1781208271.366,24.294,9382,9454,9459,gc,1,0.000
1781208271.366,24.294,9382,9454,9460,dq.builtins,3,0.000
1781208271.366,24.294,9382,9454,9461,dq.user,1,0.000
1781208271.366,24.294,9382,9454,9462,tev,3,0.000
1781208271.366,24.294,9382,9454,9463,recv,1,0.000
1781208271.366,24.294,9382,9454,9464,recvUC,1,0.000
1781208271.366,24.294,9382,9454,9465,ov2slam_node,2,0.000
1781208271.366,24.294,9382,9454,9466,ov2slam_node,3,0.000
1781208271.366,24.294,9382,9454,9467,ov2_map,2,18.396
1781208271.366,24.294,9382,9454,9468,ov2_est,2,18.396
1781208271.366,24.294,9382,9454,9470,ov2_main,0,18.396
1781208271.366,24.294,9382,9454,9471,ov2_feed,2,0.000
1781208271.366,24.294,9382,9454,9565,ov2_main,3,0.000
1781208271.366,24.294,9382,9454,9566,ov2_main,1,0.000
1781208271.366,24.294,9382,9454,9567,ov2_main,2,0.000
1781208271.418,24.346,9382,9454,9454,ov2slam_node,2,0.000
1781208271.418,24.346,9382,9454,9455,ov2slam_nod-ust,1,0.000
1781208271.418,24.346,9382,9454,9456,ov2slam_nod-ust,2,0.000
1781208271.418,24.346,9382,9454,9457,ov2slam_node,1,0.000
1781208271.418,24.346,9382,9454,9458,ov2slam_node,2,0.000
1781208271.418,24.346,9382,9454,9459,gc,1,0.000
1781208271.418,24.346,9382,9454,9460,dq.builtins,3,0.000
1781208271.418,24.346,9382,9454,9461,dq.user,1,0.000
1781208271.418,24.346,9382,9454,9462,tev,3,0.000
1781208271.418,24.346,9382,9454,9463,recv,1,0.000
1781208271.418,24.346,9382,9454,9464,recvUC,1,19.278
1781208271.418,24.346,9382,9454,9465,ov2slam_node,2,0.000
1781208271.418,24.346,9382,9454,9466,ov2slam_node,3,0.000
1781208271.418,24.346,9382,9454,9467,ov2_map,0,0.000
1781208271.418,24.346,9382,9454,9468,ov2_est,0,0.000
1781208271.418,24.346,9382,9454,9470,ov2_main,2,0.000
1781208271.418,24.346,9382,9454,9471,ov2_feed,1,0.000
1781208271.418,24.346,9382,9454,9565,ov2_main,3,19.278
1781208271.418,24.346,9382,9454,9566,ov2_main,1,0.000
1781208271.418,24.346,9382,9454,9567,ov2_main,1,0.000
1781208271.470,24.398,9382,9454,9454,ov2slam_node,2,0.000
1781208271.470,24.398,9382,9454,9455,ov2slam_nod-ust,1,0.000
1781208271.470,24.398,9382,9454,9456,ov2slam_nod-ust,2,0.000
1781208271.470,24.398,9382,9454,9457,ov2slam_node,1,0.000
1781208271.470,24.398,9382,9454,9458,ov2slam_node,2,0.000
1781208271.470,24.398,9382,9454,9459,gc,1,0.000
1781208271.470,24.398,9382,9454,9460,dq.builtins,3,0.000
1781208271.470,24.398,9382,9454,9461,dq.user,1,0.000
1781208271.470,24.398,9382,9454,9462,tev,1,0.000
1781208271.470,24.398,9382,9454,9463,recv,1,0.000
1781208271.470,24.398,9382,9454,9464,recvUC,1,0.000
1781208271.470,24.398,9382,9454,9465,ov2slam_node,2,0.000
1781208271.470,24.398,9382,9454,9466,ov2slam_node,1,0.000
1781208271.470,24.398,9382,9454,9467,ov2_map,0,0.000
1781208271.470,24.398,9382,9454,9468,ov2_est,0,0.000
1781208271.470,24.398,9382,9454,9470,ov2_main,2,0.000
1781208271.470,24.398,9382,9454,9471,ov2_feed,2,0.000
1781208271.470,24.398,9382,9454,9565,ov2_main,3,0.000
1781208271.470,24.398,9382,9454,9566,ov2_main,1,0.000
1781208271.470,24.398,9382,9454,9567,ov2_main,1,0.000
1781208271.522,24.450,9382,9454,9454,ov2slam_node,2,0.000
1781208271.522,24.450,9382,9454,9455,ov2slam_nod-ust,1,0.000
1781208271.522,24.450,9382,9454,9456,ov2slam_nod-ust,2,0.000
1781208271.522,24.450,9382,9454,9457,ov2slam_node,1,0.000
1781208271.522,24.450,9382,9454,9458,ov2slam_node,2,0.000
1781208271.522,24.450,9382,9454,9459,gc,1,0.000
1781208271.522,24.450,9382,9454,9460,dq.builtins,3,0.000
1781208271.522,24.450,9382,9454,9461,dq.user,1,0.000
1781208271.522,24.450,9382,9454,9462,tev,1,0.000
1781208271.522,24.450,9382,9454,9463,recv,1,0.000
1781208271.522,24.450,9382,9454,9464,recvUC,1,0.000
1781208271.522,24.450,9382,9454,9465,ov2slam_node,2,0.000
1781208271.522,24.450,9382,9454,9466,ov2slam_node,1,0.000
1781208271.522,24.450,9382,9454,9467,ov2_map,0,0.000
1781208271.522,24.450,9382,9454,9468,ov2_est,0,0.000
1781208271.522,24.450,9382,9454,9470,ov2_main,2,0.000
1781208271.522,24.450,9382,9454,9471,ov2_feed,2,0.000
1781208271.522,24.450,9382,9454,9565,ov2_main,3,0.000
1781208271.522,24.450,9382,9454,9566,ov2_main,1,0.000
1781208271.522,24.450,9382,9454,9567,ov2_main,1,0.000
1781208271.574,24.502,9382,9454,9454,ov2slam_node,2,0.000
1781208271.574,24.502,9382,9454,9455,ov2slam_nod-ust,1,0.000
1781208271.574,24.502,9382,9454,9456,ov2slam_nod-ust,2,0.000
1781208271.574,24.502,9382,9454,9457,ov2slam_node,1,0.000
1781208271.574,24.502,9382,9454,9458,ov2slam_node,2,0.000
1781208271.574,24.502,9382,9454,9459,gc,1,0.000
1781208271.574,24.502,9382,9454,9460,dq.builtins,3,0.000
1781208271.574,24.502,9382,9454,9461,dq.user,1,0.000
1781208271.574,24.502,9382,9454,9462,tev,1,0.000
1781208271.574,24.502,9382,9454,9463,recv,1,0.000
1781208271.574,24.502,9382,9454,9464,recvUC,1,0.000
1781208271.574,24.502,9382,9454,9465,ov2slam_node,2,0.000
1781208271.574,24.502,9382,9454,9466,ov2slam_node,1,0.000
1781208271.574,24.502,9382,9454,9467,ov2_map,0,0.000
1781208271.574,24.502,9382,9454,9468,ov2_est,0,0.000
1781208271.574,24.502,9382,9454,9470,ov2_main,2,0.000
1781208271.574,24.502,9382,9454,9471,ov2_feed,2,0.000
1781208271.574,24.502,9382,9454,9565,ov2_main,3,0.000
1781208271.574,24.502,9382,9454,9566,ov2_main,1,0.000
1781208271.574,24.502,9382,9454,9567,ov2_main,1,0.000
1781208271.626,24.553,9382,9454,9454,ov2slam_node,2,0.000
1781208271.626,24.553,9382,9454,9455,ov2slam_nod-ust,1,0.000
1781208271.626,24.553,9382,9454,9456,ov2slam_nod-ust,2,0.000
1781208271.626,24.553,9382,9454,9457,ov2slam_node,1,0.000
1781208271.626,24.553,9382,9454,9458,ov2slam_node,2,0.000
1781208271.626,24.553,9382,9454,9459,gc,1,0.000
1781208271.626,24.553,9382,9454,9460,dq.builtins,3,0.000
1781208271.626,24.553,9382,9454,9461,dq.user,1,0.000
1781208271.626,24.553,9382,9454,9462,tev,1,0.000
1781208271.626,24.553,9382,9454,9463,recv,1,0.000
1781208271.626,24.553,9382,9454,9464,recvUC,1,0.000
1781208271.626,24.553,9382,9454,9465,ov2slam_node,2,0.000
1781208271.626,24.553,9382,9454,9466,ov2slam_node,3,0.000
1781208271.626,24.553,9382,9454,9467,ov2_map,0,0.000
1781208271.626,24.553,9382,9454,9468,ov2_est,0,0.000
1781208271.626,24.553,9382,9454,9470,ov2_main,2,0.000
1781208271.626,24.553,9382,9454,9471,ov2_feed,2,0.000
1781208271.626,24.553,9382,9454,9565,ov2_main,3,0.000
1781208271.626,24.553,9382,9454,9566,ov2_main,1,0.000
1781208271.626,24.553,9382,9454,9567,ov2_main,1,0.000
1781208271.677,24.605,9382,9454,9454,ov2slam_node,2,0.000
1781208271.677,24.605,9382,9454,9455,ov2slam_nod-ust,1,0.000
1781208271.677,24.605,9382,9454,9456,ov2slam_nod-ust,2,0.000
1781208271.677,24.605,9382,9454,9457,ov2slam_node,1,0.000
1781208271.677,24.605,9382,9454,9458,ov2slam_node,2,0.000
1781208271.677,24.605,9382,9454,9459,gc,1,0.000
1781208271.677,24.605,9382,9454,9460,dq.builtins,3,0.000
1781208271.677,24.605,9382,9454,9461,dq.user,1,0.000
1781208271.677,24.605,9382,9454,9462,tev,1,0.000
1781208271.677,24.605,9382,9454,9463,recv,1,0.000
1781208271.677,24.605,9382,9454,9464,recvUC,2,0.000
1781208271.677,24.605,9382,9454,9465,ov2slam_node,2,0.000
1781208271.677,24.605,9382,9454,9466,ov2slam_node,3,0.000
1781208271.677,24.605,9382,9454,9467,ov2_map,0,0.000
1781208271.677,24.605,9382,9454,9468,ov2_est,0,0.000
1781208271.677,24.605,9382,9454,9470,ov2_main,2,0.000
1781208271.677,24.605,9382,9454,9471,ov2_feed,2,0.000
1781208271.677,24.605,9382,9454,9565,ov2_main,3,0.000
1781208271.677,24.605,9382,9454,9566,ov2_main,1,0.000
1781208271.677,24.605,9382,9454,9567,ov2_main,1,0.000
1781208271.729,24.657,9382,9454,9454,ov2slam_node,2,0.000
1781208271.729,24.657,9382,9454,9455,ov2slam_nod-ust,1,0.000
1781208271.729,24.657,9382,9454,9456,ov2slam_nod-ust,2,0.000
1781208271.729,24.657,9382,9454,9457,ov2slam_node,1,0.000
1781208271.729,24.657,9382,9454,9458,ov2slam_node,2,0.000
1781208271.729,24.657,9382,9454,9459,gc,1,0.000
1781208271.729,24.657,9382,9454,9460,dq.builtins,3,0.000
1781208271.729,24.657,9382,9454,9461,dq.user,1,0.000
1781208271.729,24.657,9382,9454,9462,tev,1,0.000
1781208271.729,24.657,9382,9454,9463,recv,1,0.000
1781208271.729,24.657,9382,9454,9464,recvUC,1,0.000
1781208271.729,24.657,9382,9454,9465,ov2slam_node,2,0.000
1781208271.729,24.657,9382,9454,9466,ov2slam_node,3,0.000
1781208271.729,24.657,9382,9454,9467,ov2_map,0,0.000
1781208271.729,24.657,9382,9454,9468,ov2_est,0,19.301
1781208271.729,24.657,9382,9454,9470,ov2_main,1,38.602
1781208271.729,24.657,9382,9454,9471,ov2_feed,2,19.301
1781208271.729,24.657,9382,9454,9565,ov2_main,3,0.000
1781208271.729,24.657,9382,9454,9566,ov2_main,1,19.301
1781208271.729,24.657,9382,9454,9567,ov2_main,1,19.301
1781208271.781,24.709,9382,9454,9454,ov2slam_node,2,0.000
1781208271.781,24.709,9382,9454,9455,ov2slam_nod-ust,1,0.000
1781208271.781,24.709,9382,9454,9456,ov2slam_nod-ust,2,0.000
1781208271.781,24.709,9382,9454,9457,ov2slam_node,1,0.000
1781208271.781,24.709,9382,9454,9458,ov2slam_node,2,0.000
1781208271.781,24.709,9382,9454,9459,gc,1,0.000
1781208271.781,24.709,9382,9454,9460,dq.builtins,3,0.000
1781208271.781,24.709,9382,9454,9461,dq.user,1,0.000
1781208271.781,24.709,9382,9454,9462,tev,1,0.000
1781208271.781,24.709,9382,9454,9463,recv,1,0.000
1781208271.781,24.709,9382,9454,9464,recvUC,1,0.000
1781208271.781,24.709,9382,9454,9465,ov2slam_node,2,0.000
1781208271.781,24.709,9382,9454,9466,ov2slam_node,3,0.000
1781208271.781,24.709,9382,9454,9467,ov2_map,0,0.000
1781208271.781,24.709,9382,9454,9468,ov2_est,0,0.000
1781208271.781,24.709,9382,9454,9470,ov2_main,1,0.000
1781208271.781,24.709,9382,9454,9471,ov2_feed,2,0.000
1781208271.781,24.709,9382,9454,9565,ov2_main,3,0.000
1781208271.781,24.709,9382,9454,9566,ov2_main,1,0.000
1781208271.781,24.709,9382,9454,9567,ov2_main,1,0.000
1781208271.833,24.761,9382,9454,9454,ov2slam_node,2,0.000
1781208271.833,24.761,9382,9454,9455,ov2slam_nod-ust,1,0.000
1781208271.833,24.761,9382,9454,9456,ov2slam_nod-ust,2,0.000
1781208271.833,24.761,9382,9454,9457,ov2slam_node,1,0.000
1781208271.833,24.761,9382,9454,9458,ov2slam_node,2,0.000
1781208271.833,24.761,9382,9454,9459,gc,1,0.000
1781208271.833,24.761,9382,9454,9460,dq.builtins,3,0.000
1781208271.833,24.761,9382,9454,9461,dq.user,1,0.000
1781208271.833,24.761,9382,9454,9462,tev,1,0.000
1781208271.833,24.761,9382,9454,9463,recv,1,0.000
1781208271.833,24.761,9382,9454,9464,recvUC,1,0.000
1781208271.833,24.761,9382,9454,9465,ov2slam_node,2,0.000
1781208271.833,24.761,9382,9454,9466,ov2slam_node,3,0.000
1781208271.833,24.761,9382,9454,9467,ov2_map,0,0.000
1781208271.833,24.761,9382,9454,9468,ov2_est,0,19.278
1781208271.833,24.761,9382,9454,9470,ov2_main,1,0.000
1781208271.833,24.761,9382,9454,9471,ov2_feed,2,0.000
1781208271.833,24.761,9382,9454,9565,ov2_main,3,0.000
1781208271.833,24.761,9382,9454,9566,ov2_main,1,0.000
1781208271.833,24.761,9382,9454,9567,ov2_main,1,0.000
1781208271.885,24.813,9382,9454,9454,ov2slam_node,2,0.000
1781208271.885,24.813,9382,9454,9455,ov2slam_nod-ust,1,0.000
1781208271.885,24.813,9382,9454,9456,ov2slam_nod-ust,2,0.000
1781208271.885,24.813,9382,9454,9457,ov2slam_node,1,0.000
1781208271.885,24.813,9382,9454,9458,ov2slam_node,2,0.000
1781208271.885,24.813,9382,9454,9459,gc,1,0.000
1781208271.885,24.813,9382,9454,9460,dq.builtins,3,0.000
1781208271.885,24.813,9382,9454,9461,dq.user,1,0.000
1781208271.885,24.813,9382,9454,9462,tev,1,0.000
1781208271.885,24.813,9382,9454,9463,recv,1,0.000
1781208271.885,24.813,9382,9454,9464,recvUC,1,0.000
1781208271.885,24.813,9382,9454,9465,ov2slam_node,2,0.000
1781208271.885,24.813,9382,9454,9466,ov2slam_node,3,0.000
1781208271.885,24.813,9382,9454,9467,ov2_map,0,0.000
1781208271.885,24.813,9382,9454,9468,ov2_est,0,0.000
1781208271.885,24.813,9382,9454,9470,ov2_main,1,19.282
1781208271.885,24.813,9382,9454,9471,ov2_feed,2,0.000
1781208271.885,24.813,9382,9454,9565,ov2_main,3,0.000
1781208271.885,24.813,9382,9454,9566,ov2_main,1,0.000
1781208271.885,24.813,9382,9454,9567,ov2_main,1,0.000
1781208271.937,24.865,9382,9454,9454,ov2slam_node,2,0.000
1781208271.937,24.865,9382,9454,9455,ov2slam_nod-ust,1,0.000
1781208271.937,24.865,9382,9454,9456,ov2slam_nod-ust,2,0.000
1781208271.937,24.865,9382,9454,9457,ov2slam_node,1,0.000
1781208271.937,24.865,9382,9454,9458,ov2slam_node,2,0.000
1781208271.937,24.865,9382,9454,9459,gc,1,0.000
1781208271.937,24.865,9382,9454,9460,dq.builtins,3,0.000
1781208271.937,24.865,9382,9454,9461,dq.user,1,0.000
1781208271.937,24.865,9382,9454,9462,tev,1,0.000
1781208271.937,24.865,9382,9454,9463,recv,1,0.000
1781208271.937,24.865,9382,9454,9464,recvUC,1,0.000
1781208271.937,24.865,9382,9454,9465,ov2slam_node,2,0.000
1781208271.937,24.865,9382,9454,9466,ov2slam_node,3,0.000
1781208271.937,24.865,9382,9454,9467,ov2_map,0,0.000
1781208271.937,24.865,9382,9454,9468,ov2_est,0,0.000
1781208271.937,24.865,9382,9454,9470,ov2_main,1,0.000
1781208271.937,24.865,9382,9454,9471,ov2_feed,3,0.000
1781208271.937,24.865,9382,9454,9565,ov2_main,3,0.000
1781208271.937,24.865,9382,9454,9566,ov2_main,1,0.000
1781208271.937,24.865,9382,9454,9567,ov2_main,1,0.000
1781208271.988,24.916,9382,9454,9454,ov2slam_node,2,0.000
1781208271.988,24.916,9382,9454,9455,ov2slam_nod-ust,1,0.000
1781208271.988,24.916,9382,9454,9456,ov2slam_nod-ust,2,0.000
1781208271.988,24.916,9382,9454,9457,ov2slam_node,1,0.000
1781208271.988,24.916,9382,9454,9458,ov2slam_node,2,0.000
1781208271.988,24.916,9382,9454,9459,gc,1,0.000
1781208271.988,24.916,9382,9454,9460,dq.builtins,3,0.000
1781208271.988,24.916,9382,9454,9461,dq.user,1,0.000
1781208271.988,24.916,9382,9454,9462,tev,1,0.000
1781208271.988,24.916,9382,9454,9463,recv,1,0.000
1781208271.988,24.916,9382,9454,9464,recvUC,1,0.000
1781208271.988,24.916,9382,9454,9465,ov2slam_node,2,0.000
1781208271.988,24.916,9382,9454,9466,ov2slam_node,3,0.000
1781208271.988,24.916,9382,9454,9467,ov2_map,0,0.000
1781208271.988,24.916,9382,9454,9468,ov2_est,0,0.000
1781208271.988,24.916,9382,9454,9470,ov2_main,1,0.000
1781208271.988,24.916,9382,9454,9471,ov2_feed,3,0.000
1781208271.988,24.916,9382,9454,9565,ov2_main,3,0.000
1781208271.988,24.916,9382,9454,9566,ov2_main,1,0.000
1781208271.988,24.916,9382,9454,9567,ov2_main,1,0.000
1781208272.040,24.968,9382,9454,9454,ov2slam_node,2,0.000
1781208272.040,24.968,9382,9454,9455,ov2slam_nod-ust,1,0.000
1781208272.040,24.968,9382,9454,9456,ov2slam_nod-ust,2,0.000
1781208272.040,24.968,9382,9454,9457,ov2slam_node,1,0.000
1781208272.040,24.968,9382,9454,9458,ov2slam_node,2,0.000
1781208272.040,24.968,9382,9454,9459,gc,1,0.000
1781208272.040,24.968,9382,9454,9460,dq.builtins,3,0.000
1781208272.040,24.968,9382,9454,9461,dq.user,1,0.000
1781208272.040,24.968,9382,9454,9462,tev,1,0.000
1781208272.040,24.968,9382,9454,9463,recv,1,0.000
1781208272.040,24.968,9382,9454,9464,recvUC,1,0.000
1781208272.040,24.968,9382,9454,9465,ov2slam_node,2,0.000
1781208272.040,24.968,9382,9454,9466,ov2slam_node,3,0.000
1781208272.040,24.968,9382,9454,9467,ov2_map,0,0.000
1781208272.040,24.968,9382,9454,9468,ov2_est,0,0.000
1781208272.040,24.968,9382,9454,9470,ov2_main,3,0.000
1781208272.040,24.968,9382,9454,9471,ov2_feed,3,0.000
1781208272.040,24.968,9382,9454,9565,ov2_main,3,0.000
1781208272.040,24.968,9382,9454,9566,ov2_main,1,0.000
1781208272.040,24.968,9382,9454,9567,ov2_main,1,0.000
1781208272.092,25.020,9382,9454,9454,ov2slam_node,2,0.000
1781208272.092,25.020,9382,9454,9455,ov2slam_nod-ust,1,0.000
1781208272.092,25.020,9382,9454,9456,ov2slam_nod-ust,2,0.000
1781208272.092,25.020,9382,9454,9457,ov2slam_node,1,0.000
1781208272.092,25.020,9382,9454,9458,ov2slam_node,2,0.000
1781208272.092,25.020,9382,9454,9459,gc,1,0.000
1781208272.092,25.020,9382,9454,9460,dq.builtins,3,0.000
1781208272.092,25.020,9382,9454,9461,dq.user,1,0.000
1781208272.092,25.020,9382,9454,9462,tev,1,0.000
1781208272.092,25.020,9382,9454,9463,recv,1,0.000
1781208272.092,25.020,9382,9454,9464,recvUC,1,0.000
1781208272.092,25.020,9382,9454,9465,ov2slam_node,2,0.000
1781208272.092,25.020,9382,9454,9466,ov2slam_node,3,0.000
1781208272.092,25.020,9382,9454,9467,ov2_map,0,0.000
1781208272.092,25.020,9382,9454,9468,ov2_est,0,0.000
1781208272.092,25.020,9382,9454,9470,ov2_main,3,0.000
1781208272.092,25.020,9382,9454,9471,ov2_feed,3,0.000
1781208272.092,25.020,9382,9454,9565,ov2_main,3,0.000
1781208272.092,25.020,9382,9454,9566,ov2_main,1,0.000
1781208272.092,25.020,9382,9454,9567,ov2_main,1,0.000
1781208272.144,25.072,9382,9454,9454,ov2slam_node,2,0.000
1781208272.144,25.072,9382,9454,9455,ov2slam_nod-ust,1,0.000
1781208272.144,25.072,9382,9454,9456,ov2slam_nod-ust,2,0.000
1781208272.144,25.072,9382,9454,9457,ov2slam_node,1,0.000
1781208272.144,25.072,9382,9454,9458,ov2slam_node,2,0.000
1781208272.144,25.072,9382,9454,9459,gc,1,0.000
1781208272.144,25.072,9382,9454,9460,dq.builtins,3,0.000
1781208272.144,25.072,9382,9454,9461,dq.user,1,0.000
1781208272.144,25.072,9382,9454,9462,tev,1,0.000
1781208272.144,25.072,9382,9454,9463,recv,1,0.000
1781208272.144,25.072,9382,9454,9464,recvUC,1,0.000
1781208272.144,25.072,9382,9454,9465,ov2slam_node,2,0.000
1781208272.144,25.072,9382,9454,9466,ov2slam_node,3,0.000
1781208272.144,25.072,9382,9454,9467,ov2_map,0,0.000
1781208272.144,25.072,9382,9454,9468,ov2_est,0,0.000
1781208272.144,25.072,9382,9454,9470,ov2_main,3,0.000
1781208272.144,25.072,9382,9454,9471,ov2_feed,3,0.000
1781208272.144,25.072,9382,9454,9565,ov2_main,3,0.000
1781208272.144,25.072,9382,9454,9566,ov2_main,1,0.000
1781208272.144,25.072,9382,9454,9567,ov2_main,1,0.000
1781208272.196,25.124,9382,9454,9454,ov2slam_node,2,0.000
1781208272.196,25.124,9382,9454,9455,ov2slam_nod-ust,1,0.000
1781208272.196,25.124,9382,9454,9456,ov2slam_nod-ust,2,0.000
1781208272.196,25.124,9382,9454,9457,ov2slam_node,1,0.000
1781208272.196,25.124,9382,9454,9458,ov2slam_node,2,0.000
1781208272.196,25.124,9382,9454,9459,gc,1,0.000
1781208272.196,25.124,9382,9454,9460,dq.builtins,3,0.000
1781208272.196,25.124,9382,9454,9461,dq.user,1,0.000
1781208272.196,25.124,9382,9454,9462,tev,1,0.000
1781208272.196,25.124,9382,9454,9463,recv,1,0.000
1781208272.196,25.124,9382,9454,9464,recvUC,1,0.000
1781208272.196,25.124,9382,9454,9465,ov2slam_node,2,0.000
1781208272.196,25.124,9382,9454,9466,ov2slam_node,3,0.000
1781208272.196,25.124,9382,9454,9467,ov2_map,0,0.000
1781208272.196,25.124,9382,9454,9468,ov2_est,0,0.000
1781208272.196,25.124,9382,9454,9470,ov2_main,3,0.000
1781208272.196,25.124,9382,9454,9471,ov2_feed,1,0.000
1781208272.196,25.124,9382,9454,9565,ov2_main,3,0.000
1781208272.196,25.124,9382,9454,9566,ov2_main,1,0.000
1781208272.196,25.124,9382,9454,9567,ov2_main,1,0.000
1781208272.248,25.176,9382,9454,9454,ov2slam_node,2,0.000
1781208272.248,25.176,9382,9454,9455,ov2slam_nod-ust,1,0.000
1781208272.248,25.176,9382,9454,9456,ov2slam_nod-ust,2,0.000
1781208272.248,25.176,9382,9454,9457,ov2slam_node,1,0.000
1781208272.248,25.176,9382,9454,9458,ov2slam_node,2,0.000
1781208272.248,25.176,9382,9454,9459,gc,1,0.000
1781208272.248,25.176,9382,9454,9460,dq.builtins,3,0.000
1781208272.248,25.176,9382,9454,9461,dq.user,1,0.000
1781208272.248,25.176,9382,9454,9462,tev,1,0.000
1781208272.248,25.176,9382,9454,9463,recv,1,0.000
1781208272.248,25.176,9382,9454,9464,recvUC,1,0.000
1781208272.248,25.176,9382,9454,9465,ov2slam_node,2,0.000
1781208272.248,25.176,9382,9454,9466,ov2slam_node,3,0.000
1781208272.248,25.176,9382,9454,9467,ov2_map,0,0.000
1781208272.248,25.176,9382,9454,9468,ov2_est,0,19.272
1781208272.248,25.176,9382,9454,9470,ov2_main,3,0.000
1781208272.248,25.176,9382,9454,9471,ov2_feed,1,0.000
1781208272.248,25.176,9382,9454,9565,ov2_main,3,0.000
1781208272.248,25.176,9382,9454,9566,ov2_main,1,0.000
1781208272.248,25.176,9382,9454,9567,ov2_main,1,0.000
1781208272.300,25.228,9382,9454,9454,ov2slam_node,2,0.000
1781208272.300,25.228,9382,9454,9455,ov2slam_nod-ust,1,0.000
1781208272.300,25.228,9382,9454,9456,ov2slam_nod-ust,2,0.000
1781208272.300,25.228,9382,9454,9457,ov2slam_node,1,0.000
1781208272.300,25.228,9382,9454,9458,ov2slam_node,2,0.000
1781208272.300,25.228,9382,9454,9459,gc,1,0.000
1781208272.300,25.228,9382,9454,9460,dq.builtins,3,0.000
1781208272.300,25.228,9382,9454,9461,dq.user,1,0.000
1781208272.300,25.228,9382,9454,9462,tev,1,0.000
1781208272.300,25.228,9382,9454,9463,recv,1,0.000
1781208272.300,25.228,9382,9454,9464,recvUC,1,0.000
1781208272.300,25.228,9382,9454,9465,ov2slam_node,2,0.000
1781208272.300,25.228,9382,9454,9466,ov2slam_node,3,0.000
1781208272.300,25.228,9382,9454,9467,ov2_map,0,0.000
1781208272.300,25.228,9382,9454,9468,ov2_est,0,0.000
1781208272.300,25.228,9382,9454,9470,ov2_main,3,0.000
1781208272.300,25.228,9382,9454,9471,ov2_feed,1,0.000
1781208272.300,25.228,9382,9454,9565,ov2_main,3,0.000
1781208272.300,25.228,9382,9454,9566,ov2_main,1,0.000
1781208272.300,25.228,9382,9454,9567,ov2_main,1,0.000
1781208272.352,25.280,9382,9454,9454,ov2slam_node,2,0.000
1781208272.352,25.280,9382,9454,9455,ov2slam_nod-ust,1,0.000
1781208272.352,25.280,9382,9454,9456,ov2slam_nod-ust,2,0.000
1781208272.352,25.280,9382,9454,9457,ov2slam_node,1,0.000
1781208272.352,25.280,9382,9454,9458,ov2slam_node,2,0.000
1781208272.352,25.280,9382,9454,9459,gc,1,0.000
1781208272.352,25.280,9382,9454,9460,dq.builtins,3,0.000
1781208272.352,25.280,9382,9454,9461,dq.user,1,0.000
1781208272.352,25.280,9382,9454,9462,tev,1,0.000
1781208272.352,25.280,9382,9454,9463,recv,1,0.000
1781208272.352,25.280,9382,9454,9464,recvUC,1,0.000
1781208272.352,25.280,9382,9454,9465,ov2slam_node,2,0.000
1781208272.352,25.280,9382,9454,9466,ov2slam_node,3,0.000
1781208272.352,25.280,9382,9454,9467,ov2_map,0,19.205
1781208272.352,25.280,9382,9454,9468,ov2_est,0,0.000
1781208272.352,25.280,9382,9454,9470,ov2_main,3,0.000
1781208272.352,25.280,9382,9454,9471,ov2_feed,0,0.000
1781208272.352,25.280,9382,9454,9565,ov2_main,3,0.000
1781208272.352,25.280,9382,9454,9566,ov2_main,1,0.000
1781208272.352,25.280,9382,9454,9567,ov2_main,1,0.000
1781208272.404,25.332,9382,9454,9454,ov2slam_node,2,0.000
1781208272.404,25.332,9382,9454,9455,ov2slam_nod-ust,1,0.000
1781208272.404,25.332,9382,9454,9456,ov2slam_nod-ust,2,0.000
1781208272.404,25.332,9382,9454,9457,ov2slam_node,1,0.000
1781208272.404,25.332,9382,9454,9458,ov2slam_node,2,0.000
1781208272.404,25.332,9382,9454,9459,gc,1,0.000
1781208272.404,25.332,9382,9454,9460,dq.builtins,3,0.000
1781208272.404,25.332,9382,9454,9461,dq.user,1,0.000
1781208272.404,25.332,9382,9454,9462,tev,1,0.000
1781208272.404,25.332,9382,9454,9463,recv,1,0.000
1781208272.404,25.332,9382,9454,9464,recvUC,0,0.000
1781208272.404,25.332,9382,9454,9465,ov2slam_node,2,0.000
1781208272.404,25.332,9382,9454,9466,ov2slam_node,0,0.000
1781208272.404,25.332,9382,9454,9467,ov2_map,0,0.000
1781208272.404,25.332,9382,9454,9468,ov2_est,0,0.000
1781208272.404,25.332,9382,9454,9470,ov2_main,3,0.000
1781208272.404,25.332,9382,9454,9471,ov2_feed,0,0.000
1781208272.404,25.332,9382,9454,9565,ov2_main,3,0.000
1781208272.404,25.332,9382,9454,9566,ov2_main,1,0.000
1781208272.404,25.332,9382,9454,9567,ov2_main,1,0.000
1781208272.455,25.383,9382,9454,9454,ov2slam_node,2,0.000
1781208272.455,25.383,9382,9454,9455,ov2slam_nod-ust,1,0.000
1781208272.455,25.383,9382,9454,9456,ov2slam_nod-ust,2,0.000
1781208272.455,25.383,9382,9454,9457,ov2slam_node,1,0.000
1781208272.455,25.383,9382,9454,9458,ov2slam_node,2,0.000
1781208272.455,25.383,9382,9454,9459,gc,1,0.000
1781208272.455,25.383,9382,9454,9460,dq.builtins,3,0.000
1781208272.455,25.383,9382,9454,9461,dq.user,1,0.000
1781208272.455,25.383,9382,9454,9462,tev,1,0.000
1781208272.455,25.383,9382,9454,9463,recv,1,0.000
1781208272.455,25.383,9382,9454,9464,recvUC,0,0.000
1781208272.455,25.383,9382,9454,9465,ov2slam_node,2,0.000
1781208272.455,25.383,9382,9454,9466,ov2slam_node,0,0.000
1781208272.455,25.383,9382,9454,9467,ov2_map,0,0.000
1781208272.455,25.383,9382,9454,9468,ov2_est,0,0.000
1781208272.455,25.383,9382,9454,9470,ov2_main,3,0.000
1781208272.455,25.383,9382,9454,9471,ov2_feed,0,0.000
1781208272.455,25.383,9382,9454,9565,ov2_main,3,0.000
1781208272.455,25.383,9382,9454,9566,ov2_main,1,0.000
1781208272.455,25.383,9382,9454,9567,ov2_main,1,0.000
1781208272.507,25.435,9382,9454,9454,ov2slam_node,2,0.000
1781208272.507,25.435,9382,9454,9455,ov2slam_nod-ust,1,0.000
1781208272.507,25.435,9382,9454,9456,ov2slam_nod-ust,2,0.000
1781208272.507,25.435,9382,9454,9457,ov2slam_node,1,0.000
1781208272.507,25.435,9382,9454,9458,ov2slam_node,2,0.000
1781208272.507,25.435,9382,9454,9459,gc,1,0.000
1781208272.507,25.435,9382,9454,9460,dq.builtins,3,0.000
1781208272.507,25.435,9382,9454,9461,dq.user,1,0.000
1781208272.507,25.435,9382,9454,9462,tev,1,0.000
1781208272.507,25.435,9382,9454,9463,recv,1,0.000
1781208272.507,25.435,9382,9454,9464,recvUC,0,0.000
1781208272.507,25.435,9382,9454,9465,ov2slam_node,2,0.000
1781208272.507,25.435,9382,9454,9466,ov2slam_node,0,0.000
1781208272.507,25.435,9382,9454,9467,ov2_map,0,0.000
1781208272.507,25.435,9382,9454,9468,ov2_est,0,0.000
1781208272.507,25.435,9382,9454,9470,ov2_main,0,0.000
1781208272.507,25.435,9382,9454,9471,ov2_feed,0,0.000
1781208272.507,25.435,9382,9454,9565,ov2_main,3,0.000
1781208272.507,25.435,9382,9454,9566,ov2_main,1,0.000
1781208272.507,25.435,9382,9454,9567,ov2_main,1,0.000
1781208272.559,25.487,9382,9454,9454,ov2slam_node,2,0.000
1781208272.559,25.487,9382,9454,9455,ov2slam_nod-ust,1,0.000
1781208272.559,25.487,9382,9454,9456,ov2slam_nod-ust,2,0.000
1781208272.559,25.487,9382,9454,9457,ov2slam_node,1,0.000
1781208272.559,25.487,9382,9454,9458,ov2slam_node,2,0.000
1781208272.559,25.487,9382,9454,9459,gc,1,0.000
1781208272.559,25.487,9382,9454,9460,dq.builtins,3,0.000
1781208272.559,25.487,9382,9454,9461,dq.user,1,0.000
1781208272.559,25.487,9382,9454,9462,tev,1,0.000
1781208272.559,25.487,9382,9454,9463,recv,1,0.000
1781208272.559,25.487,9382,9454,9464,recvUC,0,0.000
1781208272.559,25.487,9382,9454,9465,ov2slam_node,2,0.000
1781208272.559,25.487,9382,9454,9466,ov2slam_node,0,0.000
1781208272.559,25.487,9382,9454,9467,ov2_map,0,0.000
1781208272.559,25.487,9382,9454,9468,ov2_est,0,0.000
1781208272.559,25.487,9382,9454,9470,ov2_main,0,19.265
1781208272.559,25.487,9382,9454,9471,ov2_feed,0,0.000
1781208272.559,25.487,9382,9454,9565,ov2_main,3,38.530
1781208272.559,25.487,9382,9454,9566,ov2_main,1,0.000
1781208272.559,25.487,9382,9454,9567,ov2_main,1,19.265
1781208272.613,25.541,9382,9454,9454,ov2slam_node,2,0.000
1781208272.613,25.541,9382,9454,9455,ov2slam_nod-ust,1,0.000
1781208272.613,25.541,9382,9454,9456,ov2slam_nod-ust,2,0.000
1781208272.613,25.541,9382,9454,9457,ov2slam_node,1,0.000
1781208272.613,25.541,9382,9454,9458,ov2slam_node,2,0.000
1781208272.613,25.541,9382,9454,9459,gc,1,0.000
1781208272.613,25.541,9382,9454,9460,dq.builtins,3,0.000
1781208272.613,25.541,9382,9454,9461,dq.user,1,0.000
1781208272.613,25.541,9382,9454,9462,tev,1,0.000
1781208272.613,25.541,9382,9454,9463,recv,1,0.000
1781208272.613,25.541,9382,9454,9464,recvUC,0,0.000
1781208272.613,25.541,9382,9454,9465,ov2slam_node,2,0.000
1781208272.613,25.541,9382,9454,9466,ov2slam_node,0,0.000
1781208272.613,25.541,9382,9454,9467,ov2_map,0,0.000
1781208272.613,25.541,9382,9454,9468,ov2_est,0,0.000
1781208272.613,25.541,9382,9454,9470,ov2_main,0,0.000
1781208272.613,25.541,9382,9454,9471,ov2_feed,0,0.000
1781208272.613,25.541,9382,9454,9565,ov2_main,3,0.000
1781208272.613,25.541,9382,9454,9566,ov2_main,1,0.000
1781208272.613,25.541,9382,9454,9567,ov2_main,1,0.000
1781208272.665,25.593,9382,9454,9454,ov2slam_node,2,0.000
1781208272.665,25.593,9382,9454,9455,ov2slam_nod-ust,1,0.000
1781208272.665,25.593,9382,9454,9456,ov2slam_nod-ust,2,0.000
1781208272.665,25.593,9382,9454,9457,ov2slam_node,1,0.000
1781208272.665,25.593,9382,9454,9458,ov2slam_node,2,0.000
1781208272.665,25.593,9382,9454,9459,gc,1,0.000
1781208272.665,25.593,9382,9454,9460,dq.builtins,3,0.000
1781208272.665,25.593,9382,9454,9461,dq.user,1,0.000
1781208272.665,25.593,9382,9454,9462,tev,1,0.000
1781208272.665,25.593,9382,9454,9463,recv,1,0.000
1781208272.665,25.593,9382,9454,9464,recvUC,2,0.000
1781208272.665,25.593,9382,9454,9465,ov2slam_node,2,0.000
1781208272.665,25.593,9382,9454,9466,ov2slam_node,3,0.000
1781208272.665,25.593,9382,9454,9467,ov2_map,0,0.000
1781208272.665,25.593,9382,9454,9468,ov2_est,0,19.251
1781208272.665,25.593,9382,9454,9470,ov2_main,0,0.000
1781208272.665,25.593,9382,9454,9471,ov2_feed,2,0.000
1781208272.665,25.593,9382,9454,9565,ov2_main,3,0.000
1781208272.665,25.593,9382,9454,9566,ov2_main,1,0.000
1781208272.665,25.593,9382,9454,9567,ov2_main,1,0.000
1781208272.717,25.645,9382,9454,9454,ov2slam_node,2,0.000
1781208272.717,25.645,9382,9454,9455,ov2slam_nod-ust,1,0.000
1781208272.717,25.645,9382,9454,9456,ov2slam_nod-ust,2,0.000
1781208272.717,25.645,9382,9454,9457,ov2slam_node,1,0.000
1781208272.717,25.645,9382,9454,9458,ov2slam_node,2,0.000
1781208272.717,25.645,9382,9454,9459,gc,1,0.000
1781208272.717,25.645,9382,9454,9460,dq.builtins,3,0.000
1781208272.717,25.645,9382,9454,9461,dq.user,1,0.000
1781208272.717,25.645,9382,9454,9462,tev,1,0.000
1781208272.717,25.645,9382,9454,9463,recv,1,0.000
1781208272.717,25.645,9382,9454,9464,recvUC,2,0.000
1781208272.717,25.645,9382,9454,9465,ov2slam_node,2,0.000
1781208272.717,25.645,9382,9454,9466,ov2slam_node,3,0.000
1781208272.717,25.645,9382,9454,9467,ov2_map,0,0.000
1781208272.717,25.645,9382,9454,9468,ov2_est,0,0.000
1781208272.717,25.645,9382,9454,9470,ov2_main,2,19.261
1781208272.717,25.645,9382,9454,9471,ov2_feed,2,0.000
1781208272.717,25.645,9382,9454,9565,ov2_main,3,0.000
1781208272.717,25.645,9382,9454,9566,ov2_main,0,0.000
1781208272.717,25.645,9382,9454,9567,ov2_main,1,0.000
1781208272.769,25.697,9382,9454,9454,ov2slam_node,2,0.000
1781208272.769,25.697,9382,9454,9455,ov2slam_nod-ust,1,0.000
1781208272.769,25.697,9382,9454,9456,ov2slam_nod-ust,2,0.000
1781208272.769,25.697,9382,9454,9457,ov2slam_node,1,0.000
1781208272.769,25.697,9382,9454,9458,ov2slam_node,2,0.000
1781208272.769,25.697,9382,9454,9459,gc,1,0.000
1781208272.769,25.697,9382,9454,9460,dq.builtins,3,0.000
1781208272.769,25.697,9382,9454,9461,dq.user,1,0.000
1781208272.769,25.697,9382,9454,9462,tev,1,0.000
1781208272.769,25.697,9382,9454,9463,recv,1,0.000
1781208272.769,25.697,9382,9454,9464,recvUC,2,0.000
1781208272.769,25.697,9382,9454,9465,ov2slam_node,2,0.000
1781208272.769,25.697,9382,9454,9466,ov2slam_node,3,0.000
1781208272.769,25.697,9382,9454,9467,ov2_map,0,0.000
1781208272.769,25.697,9382,9454,9468,ov2_est,0,0.000
1781208272.769,25.697,9382,9454,9470,ov2_main,1,19.285
1781208272.769,25.697,9382,9454,9471,ov2_feed,2,0.000
1781208272.769,25.697,9382,9454,9565,ov2_main,3,0.000
1781208272.769,25.697,9382,9454,9566,ov2_main,0,19.285
1781208272.769,25.697,9382,9454,9567,ov2_main,0,0.000
1781208272.821,25.749,9382,9454,9454,ov2slam_node,2,0.000
1781208272.821,25.749,9382,9454,9455,ov2slam_nod-ust,1,0.000
1781208272.821,25.749,9382,9454,9456,ov2slam_nod-ust,2,0.000
1781208272.821,25.749,9382,9454,9457,ov2slam_node,1,0.000
1781208272.821,25.749,9382,9454,9458,ov2slam_node,2,0.000
1781208272.821,25.749,9382,9454,9459,gc,1,0.000
1781208272.821,25.749,9382,9454,9460,dq.builtins,3,0.000
1781208272.821,25.749,9382,9454,9461,dq.user,1,0.000
1781208272.821,25.749,9382,9454,9462,tev,1,0.000
1781208272.821,25.749,9382,9454,9463,recv,1,0.000
1781208272.821,25.749,9382,9454,9464,recvUC,2,0.000
1781208272.821,25.749,9382,9454,9465,ov2slam_node,2,0.000
1781208272.821,25.749,9382,9454,9466,ov2slam_node,3,0.000
1781208272.821,25.749,9382,9454,9467,ov2_map,0,0.000
1781208272.821,25.749,9382,9454,9468,ov2_est,0,0.000
1781208272.821,25.749,9382,9454,9470,ov2_main,1,19.257
1781208272.821,25.749,9382,9454,9471,ov2_feed,2,0.000
1781208272.821,25.749,9382,9454,9565,ov2_main,3,0.000
1781208272.821,25.749,9382,9454,9566,ov2_main,0,0.000
1781208272.821,25.749,9382,9454,9567,ov2_main,2,19.257
1781208272.873,25.801,9382,9454,9454,ov2slam_node,2,0.000
1781208272.873,25.801,9382,9454,9455,ov2slam_nod-ust,1,0.000
1781208272.873,25.801,9382,9454,9456,ov2slam_nod-ust,2,0.000
1781208272.873,25.801,9382,9454,9457,ov2slam_node,1,0.000
1781208272.873,25.801,9382,9454,9458,ov2slam_node,2,0.000
1781208272.873,25.801,9382,9454,9459,gc,1,0.000
1781208272.873,25.801,9382,9454,9460,dq.builtins,3,0.000
1781208272.873,25.801,9382,9454,9461,dq.user,1,0.000
1781208272.873,25.801,9382,9454,9462,tev,1,0.000
1781208272.873,25.801,9382,9454,9463,recv,1,0.000
1781208272.873,25.801,9382,9454,9464,recvUC,2,0.000
1781208272.873,25.801,9382,9454,9465,ov2slam_node,2,0.000
1781208272.873,25.801,9382,9454,9466,ov2slam_node,3,0.000
1781208272.873,25.801,9382,9454,9467,ov2_map,0,0.000
1781208272.873,25.801,9382,9454,9468,ov2_est,0,0.000
1781208272.873,25.801,9382,9454,9470,ov2_main,1,0.000
1781208272.873,25.801,9382,9454,9471,ov2_feed,2,0.000
1781208272.873,25.801,9382,9454,9565,ov2_main,3,19.255
1781208272.873,25.801,9382,9454,9566,ov2_main,0,19.255
1781208272.873,25.801,9382,9454,9567,ov2_main,2,0.000
1781208272.925,25.853,9382,9454,9454,ov2slam_node,2,0.000
1781208272.925,25.853,9382,9454,9455,ov2slam_nod-ust,1,0.000
1781208272.925,25.853,9382,9454,9456,ov2slam_nod-ust,2,0.000
1781208272.925,25.853,9382,9454,9457,ov2slam_node,1,0.000
1781208272.925,25.853,9382,9454,9458,ov2slam_node,2,0.000
1781208272.925,25.853,9382,9454,9459,gc,1,0.000
1781208272.925,25.853,9382,9454,9460,dq.builtins,3,0.000
1781208272.925,25.853,9382,9454,9461,dq.user,1,0.000
1781208272.925,25.853,9382,9454,9462,tev,1,0.000
1781208272.925,25.853,9382,9454,9463,recv,1,0.000
1781208272.925,25.853,9382,9454,9464,recvUC,2,0.000
1781208272.925,25.853,9382,9454,9465,ov2slam_node,2,0.000
1781208272.925,25.853,9382,9454,9466,ov2slam_node,3,0.000
1781208272.925,25.853,9382,9454,9467,ov2_map,0,0.000
1781208272.925,25.853,9382,9454,9468,ov2_est,0,0.000
1781208272.925,25.853,9382,9454,9470,ov2_main,0,19.278
1781208272.925,25.853,9382,9454,9471,ov2_feed,2,0.000
1781208272.925,25.853,9382,9454,9565,ov2_main,3,19.278
1781208272.925,25.853,9382,9454,9566,ov2_main,0,0.000
1781208272.925,25.853,9382,9454,9567,ov2_main,2,0.000
1781208272.977,25.905,9382,9454,9454,ov2slam_node,2,0.000
1781208272.977,25.905,9382,9454,9455,ov2slam_nod-ust,1,0.000
1781208272.977,25.905,9382,9454,9456,ov2slam_nod-ust,2,0.000
1781208272.977,25.905,9382,9454,9457,ov2slam_node,1,0.000
1781208272.977,25.905,9382,9454,9458,ov2slam_node,2,0.000
1781208272.977,25.905,9382,9454,9459,gc,1,0.000
1781208272.977,25.905,9382,9454,9460,dq.builtins,3,0.000
1781208272.977,25.905,9382,9454,9461,dq.user,1,0.000
1781208272.977,25.905,9382,9454,9462,tev,1,0.000
1781208272.977,25.905,9382,9454,9463,recv,1,0.000
1781208272.977,25.905,9382,9454,9464,recvUC,2,0.000
1781208272.977,25.905,9382,9454,9465,ov2slam_node,2,0.000
1781208272.977,25.905,9382,9454,9466,ov2slam_node,1,0.000
1781208272.977,25.905,9382,9454,9467,ov2_map,0,0.000
1781208272.977,25.905,9382,9454,9468,ov2_est,0,19.301
1781208272.977,25.905,9382,9454,9470,ov2_main,1,19.301
1781208272.977,25.905,9382,9454,9471,ov2_feed,1,0.000
1781208272.977,25.905,9382,9454,9565,ov2_main,3,0.000
1781208272.977,25.905,9382,9454,9566,ov2_main,1,19.301
1781208272.977,25.905,9382,9454,9567,ov2_main,2,0.000
1781208273.029,25.957,9382,9454,9454,ov2slam_node,2,0.000
1781208273.029,25.957,9382,9454,9455,ov2slam_nod-ust,1,0.000
1781208273.029,25.957,9382,9454,9456,ov2slam_nod-ust,2,0.000
1781208273.029,25.957,9382,9454,9457,ov2slam_node,1,0.000
1781208273.029,25.957,9382,9454,9458,ov2slam_node,2,0.000
1781208273.029,25.957,9382,9454,9459,gc,1,0.000
1781208273.029,25.957,9382,9454,9460,dq.builtins,3,0.000
1781208273.029,25.957,9382,9454,9461,dq.user,1,0.000
1781208273.029,25.957,9382,9454,9462,tev,1,0.000
1781208273.029,25.957,9382,9454,9463,recv,1,0.000
1781208273.029,25.957,9382,9454,9464,recvUC,2,0.000
1781208273.029,25.957,9382,9454,9465,ov2slam_node,2,0.000
1781208273.029,25.957,9382,9454,9466,ov2slam_node,1,0.000
1781208273.029,25.957,9382,9454,9467,ov2_map,0,0.000
1781208273.029,25.957,9382,9454,9468,ov2_est,0,0.000
1781208273.029,25.957,9382,9454,9470,ov2_main,1,0.000
1781208273.029,25.957,9382,9454,9471,ov2_feed,2,0.000
1781208273.029,25.957,9382,9454,9565,ov2_main,3,0.000
1781208273.029,25.957,9382,9454,9566,ov2_main,0,0.000
1781208273.029,25.957,9382,9454,9567,ov2_main,2,0.000
1781208273.081,26.009,9382,9454,9454,ov2slam_node,2,0.000
1781208273.081,26.009,9382,9454,9455,ov2slam_nod-ust,1,0.000
1781208273.081,26.009,9382,9454,9456,ov2slam_nod-ust,2,0.000
1781208273.081,26.009,9382,9454,9457,ov2slam_node,1,0.000
1781208273.081,26.009,9382,9454,9458,ov2slam_node,2,0.000
1781208273.081,26.009,9382,9454,9459,gc,1,0.000
1781208273.081,26.009,9382,9454,9460,dq.builtins,3,0.000
1781208273.081,26.009,9382,9454,9461,dq.user,1,0.000
1781208273.081,26.009,9382,9454,9462,tev,1,0.000
1781208273.081,26.009,9382,9454,9463,recv,1,0.000
1781208273.081,26.009,9382,9454,9464,recvUC,2,0.000
1781208273.081,26.009,9382,9454,9465,ov2slam_node,2,0.000
1781208273.081,26.009,9382,9454,9466,ov2slam_node,1,19.273
1781208273.081,26.009,9382,9454,9467,ov2_map,0,0.000
1781208273.081,26.009,9382,9454,9468,ov2_est,0,0.000
1781208273.081,26.009,9382,9454,9470,ov2_main,1,19.273
1781208273.081,26.009,9382,9454,9471,ov2_feed,2,0.000
1781208273.081,26.009,9382,9454,9565,ov2_main,3,0.000
1781208273.081,26.009,9382,9454,9566,ov2_main,0,0.000
1781208273.081,26.009,9382,9454,9567,ov2_main,2,19.273
1781208273.133,26.060,9382,9454,9454,ov2slam_node,2,0.000
1781208273.133,26.060,9382,9454,9455,ov2slam_nod-ust,1,0.000
1781208273.133,26.060,9382,9454,9456,ov2slam_nod-ust,2,0.000
1781208273.133,26.060,9382,9454,9457,ov2slam_node,1,0.000
1781208273.133,26.060,9382,9454,9458,ov2slam_node,2,0.000
1781208273.133,26.060,9382,9454,9459,gc,1,0.000
1781208273.133,26.060,9382,9454,9460,dq.builtins,3,0.000
1781208273.133,26.060,9382,9454,9461,dq.user,1,0.000
1781208273.133,26.060,9382,9454,9462,tev,1,0.000
1781208273.133,26.060,9382,9454,9463,recv,1,0.000
1781208273.133,26.060,9382,9454,9464,recvUC,2,0.000
1781208273.133,26.060,9382,9454,9465,ov2slam_node,2,0.000
1781208273.133,26.060,9382,9454,9466,ov2slam_node,1,0.000
1781208273.133,26.060,9382,9454,9467,ov2_map,0,0.000
1781208273.133,26.060,9382,9454,9468,ov2_est,0,0.000
1781208273.133,26.060,9382,9454,9470,ov2_main,1,0.000
1781208273.133,26.060,9382,9454,9471,ov2_feed,2,0.000
1781208273.133,26.060,9382,9454,9565,ov2_main,3,19.283
1781208273.133,26.060,9382,9454,9566,ov2_main,0,0.000
1781208273.133,26.060,9382,9454,9567,ov2_main,2,19.283
1781208273.184,26.112,9382,9454,9454,ov2slam_node,2,0.000
1781208273.184,26.112,9382,9454,9455,ov2slam_nod-ust,1,0.000
1781208273.184,26.112,9382,9454,9456,ov2slam_nod-ust,2,0.000
1781208273.184,26.112,9382,9454,9457,ov2slam_node,1,0.000
1781208273.184,26.112,9382,9454,9458,ov2slam_node,2,0.000
1781208273.184,26.112,9382,9454,9459,gc,1,0.000
1781208273.184,26.112,9382,9454,9460,dq.builtins,3,0.000
1781208273.184,26.112,9382,9454,9461,dq.user,1,0.000
1781208273.184,26.112,9382,9454,9462,tev,1,0.000
1781208273.184,26.112,9382,9454,9463,recv,1,0.000
1781208273.184,26.112,9382,9454,9464,recvUC,2,0.000
1781208273.184,26.112,9382,9454,9465,ov2slam_node,2,0.000
1781208273.184,26.112,9382,9454,9466,ov2slam_node,1,0.000
1781208273.184,26.112,9382,9454,9467,ov2_map,0,19.272
1781208273.184,26.112,9382,9454,9468,ov2_est,0,19.272
1781208273.184,26.112,9382,9454,9470,ov2_main,1,0.000
1781208273.184,26.112,9382,9454,9471,ov2_feed,2,0.000
1781208273.184,26.112,9382,9454,9565,ov2_main,3,0.000
1781208273.184,26.112,9382,9454,9566,ov2_main,0,0.000
1781208273.184,26.112,9382,9454,9567,ov2_main,2,0.000
1781208273.236,26.164,9382,9454,9454,ov2slam_node,2,0.000
1781208273.236,26.164,9382,9454,9455,ov2slam_nod-ust,1,0.000
1781208273.236,26.164,9382,9454,9456,ov2slam_nod-ust,2,0.000
1781208273.236,26.164,9382,9454,9457,ov2slam_node,1,0.000
1781208273.236,26.164,9382,9454,9458,ov2slam_node,2,0.000
1781208273.236,26.164,9382,9454,9459,gc,1,0.000
1781208273.236,26.164,9382,9454,9460,dq.builtins,3,0.000
1781208273.236,26.164,9382,9454,9461,dq.user,1,0.000
1781208273.236,26.164,9382,9454,9462,tev,1,0.000
1781208273.236,26.164,9382,9454,9463,recv,1,0.000
1781208273.236,26.164,9382,9454,9464,recvUC,2,0.000
1781208273.236,26.164,9382,9454,9465,ov2slam_node,2,0.000
1781208273.236,26.164,9382,9454,9466,ov2slam_node,2,0.000
1781208273.236,26.164,9382,9454,9467,ov2_map,0,0.000
1781208273.236,26.164,9382,9454,9468,ov2_est,0,0.000
1781208273.236,26.164,9382,9454,9470,ov2_main,1,19.285
1781208273.236,26.164,9382,9454,9471,ov2_feed,2,0.000
1781208273.236,26.164,9382,9454,9565,ov2_main,3,0.000
1781208273.236,26.164,9382,9454,9566,ov2_main,0,0.000
1781208273.236,26.164,9382,9454,9567,ov2_main,2,0.000
1781208273.288,26.216,9382,9454,9454,ov2slam_node,2,0.000
1781208273.288,26.216,9382,9454,9455,ov2slam_nod-ust,1,0.000
1781208273.288,26.216,9382,9454,9456,ov2slam_nod-ust,2,0.000
1781208273.288,26.216,9382,9454,9457,ov2slam_node,1,0.000
1781208273.288,26.216,9382,9454,9458,ov2slam_node,2,0.000
1781208273.288,26.216,9382,9454,9459,gc,1,0.000
1781208273.288,26.216,9382,9454,9460,dq.builtins,3,0.000
1781208273.288,26.216,9382,9454,9461,dq.user,1,0.000
1781208273.288,26.216,9382,9454,9462,tev,1,0.000
1781208273.288,26.216,9382,9454,9463,recv,1,0.000
1781208273.288,26.216,9382,9454,9464,recvUC,2,0.000
1781208273.288,26.216,9382,9454,9465,ov2slam_node,2,0.000
1781208273.288,26.216,9382,9454,9466,ov2slam_node,2,0.000
1781208273.288,26.216,9382,9454,9467,ov2_map,0,0.000
1781208273.288,26.216,9382,9454,9468,ov2_est,0,0.000
1781208273.288,26.216,9382,9454,9470,ov2_main,1,0.000
1781208273.288,26.216,9382,9454,9471,ov2_feed,2,0.000
1781208273.288,26.216,9382,9454,9565,ov2_main,3,19.281
1781208273.288,26.216,9382,9454,9566,ov2_main,0,0.000
1781208273.288,26.216,9382,9454,9567,ov2_main,2,0.000
1781208273.340,26.268,9382,9454,9454,ov2slam_node,2,0.000
1781208273.340,26.268,9382,9454,9455,ov2slam_nod-ust,1,0.000
1781208273.340,26.268,9382,9454,9456,ov2slam_nod-ust,2,0.000
1781208273.340,26.268,9382,9454,9457,ov2slam_node,1,0.000
1781208273.340,26.268,9382,9454,9458,ov2slam_node,2,0.000
1781208273.340,26.268,9382,9454,9459,gc,1,0.000
1781208273.340,26.268,9382,9454,9460,dq.builtins,3,0.000
1781208273.340,26.268,9382,9454,9461,dq.user,1,0.000
1781208273.340,26.268,9382,9454,9462,tev,1,0.000
1781208273.340,26.268,9382,9454,9463,recv,1,0.000
1781208273.340,26.268,9382,9454,9464,recvUC,2,0.000
1781208273.340,26.268,9382,9454,9465,ov2slam_node,2,0.000
1781208273.340,26.268,9382,9454,9466,ov2slam_node,1,0.000
1781208273.340,26.268,9382,9454,9467,ov2_map,0,0.000
1781208273.340,26.268,9382,9454,9468,ov2_est,0,0.000
1781208273.340,26.268,9382,9454,9470,ov2_main,1,19.192
1781208273.340,26.268,9382,9454,9471,ov2_feed,2,0.000
1781208273.340,26.268,9382,9454,9565,ov2_main,3,19.192
1781208273.340,26.268,9382,9454,9566,ov2_main,0,38.384
1781208273.340,26.268,9382,9454,9567,ov2_main,2,0.000
1781208273.392,26.320,9382,9454,9454,ov2slam_node,2,0.000
1781208273.392,26.320,9382,9454,9455,ov2slam_nod-ust,1,0.000
1781208273.392,26.320,9382,9454,9456,ov2slam_nod-ust,2,0.000
1781208273.392,26.320,9382,9454,9457,ov2slam_node,1,0.000
1781208273.392,26.320,9382,9454,9458,ov2slam_node,2,0.000
1781208273.392,26.320,9382,9454,9459,gc,1,0.000
1781208273.392,26.320,9382,9454,9460,dq.builtins,3,0.000
1781208273.392,26.320,9382,9454,9461,dq.user,1,0.000
1781208273.392,26.320,9382,9454,9462,tev,1,0.000
1781208273.392,26.320,9382,9454,9463,recv,1,0.000
1781208273.392,26.320,9382,9454,9464,recvUC,2,0.000
1781208273.392,26.320,9382,9454,9465,ov2slam_node,2,0.000
1781208273.392,26.320,9382,9454,9466,ov2slam_node,1,0.000
1781208273.392,26.320,9382,9454,9467,ov2_map,0,0.000
1781208273.392,26.320,9382,9454,9468,ov2_est,0,0.000
1781208273.392,26.320,9382,9454,9470,ov2_main,1,19.274
1781208273.392,26.320,9382,9454,9471,ov2_feed,2,0.000
1781208273.392,26.320,9382,9454,9565,ov2_main,3,0.000
1781208273.392,26.320,9382,9454,9566,ov2_main,0,0.000
1781208273.392,26.320,9382,9454,9567,ov2_main,2,19.274
1781208273.444,26.372,9382,9454,9454,ov2slam_node,2,0.000
1781208273.444,26.372,9382,9454,9455,ov2slam_nod-ust,1,0.000
1781208273.444,26.372,9382,9454,9456,ov2slam_nod-ust,2,0.000
1781208273.444,26.372,9382,9454,9457,ov2slam_node,1,0.000
1781208273.444,26.372,9382,9454,9458,ov2slam_node,2,0.000
1781208273.444,26.372,9382,9454,9459,gc,1,0.000
1781208273.444,26.372,9382,9454,9460,dq.builtins,3,0.000
1781208273.444,26.372,9382,9454,9461,dq.user,1,0.000
1781208273.444,26.372,9382,9454,9462,tev,1,0.000
1781208273.444,26.372,9382,9454,9463,recv,1,0.000
1781208273.444,26.372,9382,9454,9464,recvUC,2,0.000
1781208273.444,26.372,9382,9454,9465,ov2slam_node,2,0.000
1781208273.444,26.372,9382,9454,9466,ov2slam_node,1,0.000
1781208273.444,26.372,9382,9454,9467,ov2_map,0,0.000
1781208273.444,26.372,9382,9454,9468,ov2_est,0,0.000
1781208273.444,26.372,9382,9454,9470,ov2_main,0,0.000
1781208273.444,26.372,9382,9454,9471,ov2_feed,2,0.000
1781208273.444,26.372,9382,9454,9565,ov2_main,3,0.000
1781208273.444,26.372,9382,9454,9566,ov2_main,0,0.000
1781208273.444,26.372,9382,9454,9567,ov2_main,2,0.000
1781208273.497,26.425,9382,9454,9454,ov2slam_node,2,0.000
1781208273.497,26.425,9382,9454,9455,ov2slam_nod-ust,1,0.000
1781208273.497,26.425,9382,9454,9456,ov2slam_nod-ust,2,0.000
1781208273.497,26.425,9382,9454,9457,ov2slam_node,1,0.000
1781208273.497,26.425,9382,9454,9458,ov2slam_node,2,0.000
1781208273.497,26.425,9382,9454,9459,gc,1,0.000
1781208273.497,26.425,9382,9454,9460,dq.builtins,3,0.000
1781208273.497,26.425,9382,9454,9461,dq.user,1,0.000
1781208273.497,26.425,9382,9454,9462,tev,1,0.000
1781208273.497,26.425,9382,9454,9463,recv,1,0.000
1781208273.497,26.425,9382,9454,9464,recvUC,2,0.000
1781208273.497,26.425,9382,9454,9465,ov2slam_node,2,0.000
1781208273.497,26.425,9382,9454,9466,ov2slam_node,1,0.000
1781208273.497,26.425,9382,9454,9467,ov2_map,0,0.000
1781208273.497,26.425,9382,9454,9468,ov2_est,2,0.000
1781208273.497,26.425,9382,9454,9470,ov2_main,0,19.027
1781208273.497,26.425,9382,9454,9471,ov2_feed,2,0.000
1781208273.497,26.425,9382,9454,9565,ov2_main,3,0.000
1781208273.497,26.425,9382,9454,9566,ov2_main,1,0.000
1781208273.497,26.425,9382,9454,9567,ov2_main,2,19.027
1781208273.549,26.477,9382,9454,9454,ov2slam_node,2,0.000
1781208273.549,26.477,9382,9454,9455,ov2slam_nod-ust,1,0.000
1781208273.549,26.477,9382,9454,9456,ov2slam_nod-ust,2,0.000
1781208273.549,26.477,9382,9454,9457,ov2slam_node,1,0.000
1781208273.549,26.477,9382,9454,9458,ov2slam_node,2,0.000
1781208273.549,26.477,9382,9454,9459,gc,1,0.000
1781208273.549,26.477,9382,9454,9460,dq.builtins,3,0.000
1781208273.549,26.477,9382,9454,9461,dq.user,1,0.000
1781208273.549,26.477,9382,9454,9462,tev,1,0.000
1781208273.549,26.477,9382,9454,9463,recv,1,0.000
1781208273.549,26.477,9382,9454,9464,recvUC,0,0.000
1781208273.549,26.477,9382,9454,9465,ov2slam_node,2,0.000
1781208273.549,26.477,9382,9454,9466,ov2slam_node,1,0.000
1781208273.549,26.477,9382,9454,9467,ov2_map,0,0.000
1781208273.549,26.477,9382,9454,9468,ov2_est,2,18.986
1781208273.549,26.477,9382,9454,9470,ov2_main,0,18.986
1781208273.549,26.477,9382,9454,9471,ov2_feed,2,0.000
1781208273.549,26.477,9382,9454,9565,ov2_main,3,18.986
1781208273.549,26.477,9382,9454,9566,ov2_main,1,0.000
1781208273.549,26.477,9382,9454,9567,ov2_main,2,18.986
1781208273.603,26.530,9382,9454,9454,ov2slam_node,2,0.000
1781208273.603,26.530,9382,9454,9455,ov2slam_nod-ust,1,0.000
1781208273.603,26.530,9382,9454,9456,ov2slam_nod-ust,2,0.000
1781208273.603,26.530,9382,9454,9457,ov2slam_node,1,0.000
1781208273.603,26.530,9382,9454,9458,ov2slam_node,2,0.000
1781208273.603,26.530,9382,9454,9459,gc,1,0.000
1781208273.603,26.530,9382,9454,9460,dq.builtins,3,0.000
1781208273.603,26.530,9382,9454,9461,dq.user,1,0.000
1781208273.603,26.530,9382,9454,9462,tev,1,0.000
1781208273.603,26.530,9382,9454,9463,recv,1,0.000
1781208273.603,26.530,9382,9454,9464,recvUC,0,0.000
1781208273.603,26.530,9382,9454,9465,ov2slam_node,2,0.000
1781208273.603,26.530,9382,9454,9466,ov2slam_node,1,0.000
1781208273.603,26.530,9382,9454,9467,ov2_map,0,0.000
1781208273.603,26.530,9382,9454,9468,ov2_est,2,0.000
1781208273.603,26.530,9382,9454,9470,ov2_main,0,18.816
1781208273.603,26.530,9382,9454,9471,ov2_feed,0,0.000
1781208273.603,26.530,9382,9454,9565,ov2_main,3,0.000
1781208273.603,26.530,9382,9454,9566,ov2_main,1,0.000
1781208273.603,26.530,9382,9454,9567,ov2_main,2,0.000
1781208273.655,26.583,9382,9454,9454,ov2slam_node,2,0.000
1781208273.655,26.583,9382,9454,9455,ov2slam_nod-ust,1,0.000
1781208273.655,26.583,9382,9454,9456,ov2slam_nod-ust,2,0.000
1781208273.655,26.583,9382,9454,9457,ov2slam_node,1,0.000
1781208273.655,26.583,9382,9454,9458,ov2slam_node,2,0.000
1781208273.655,26.583,9382,9454,9459,gc,1,0.000
1781208273.655,26.583,9382,9454,9460,dq.builtins,3,0.000
1781208273.655,26.583,9382,9454,9461,dq.user,1,0.000
1781208273.655,26.583,9382,9454,9462,tev,1,0.000
1781208273.655,26.583,9382,9454,9463,recv,1,0.000
1781208273.655,26.583,9382,9454,9464,recvUC,0,0.000
1781208273.655,26.583,9382,9454,9465,ov2slam_node,2,0.000
1781208273.655,26.583,9382,9454,9466,ov2slam_node,1,0.000
1781208273.655,26.583,9382,9454,9467,ov2_map,0,0.000
1781208273.655,26.583,9382,9454,9468,ov2_est,2,37.909
1781208273.655,26.583,9382,9454,9470,ov2_main,0,37.909
1781208273.655,26.583,9382,9454,9471,ov2_feed,0,0.000
1781208273.655,26.583,9382,9454,9565,ov2_main,3,18.954
1781208273.655,26.583,9382,9454,9566,ov2_main,1,37.909
1781208273.655,26.583,9382,9454,9567,ov2_main,2,18.954
1781208273.708,26.636,9382,9454,9454,ov2slam_node,2,0.000
1781208273.708,26.636,9382,9454,9455,ov2slam_nod-ust,1,0.000
1781208273.708,26.636,9382,9454,9456,ov2slam_nod-ust,2,0.000
1781208273.708,26.636,9382,9454,9457,ov2slam_node,1,0.000
1781208273.708,26.636,9382,9454,9458,ov2slam_node,2,0.000
1781208273.708,26.636,9382,9454,9459,gc,1,0.000
1781208273.708,26.636,9382,9454,9460,dq.builtins,3,0.000
1781208273.708,26.636,9382,9454,9461,dq.user,1,0.000
1781208273.708,26.636,9382,9454,9462,tev,1,0.000
1781208273.708,26.636,9382,9454,9463,recv,1,0.000
1781208273.708,26.636,9382,9454,9464,recvUC,0,18.986
1781208273.708,26.636,9382,9454,9465,ov2slam_node,2,0.000
1781208273.708,26.636,9382,9454,9466,ov2slam_node,1,0.000
1781208273.708,26.636,9382,9454,9467,ov2_map,0,18.986
1781208273.708,26.636,9382,9454,9468,ov2_est,2,0.000
1781208273.708,26.636,9382,9454,9470,ov2_main,2,18.986
1781208273.708,26.636,9382,9454,9471,ov2_feed,3,0.000
1781208273.708,26.636,9382,9454,9565,ov2_main,3,18.986
1781208273.708,26.636,9382,9454,9566,ov2_main,1,0.000
1781208273.708,26.636,9382,9454,9567,ov2_main,2,0.000
1781208273.761,26.689,9382,9454,9454,ov2slam_node,2,0.000
1781208273.761,26.689,9382,9454,9455,ov2slam_nod-ust,1,0.000
1781208273.761,26.689,9382,9454,9456,ov2slam_nod-ust,2,0.000
1781208273.761,26.689,9382,9454,9457,ov2slam_node,1,0.000
1781208273.761,26.689,9382,9454,9458,ov2slam_node,2,0.000
1781208273.761,26.689,9382,9454,9459,gc,1,0.000
1781208273.761,26.689,9382,9454,9460,dq.builtins,3,0.000
1781208273.761,26.689,9382,9454,9461,dq.user,1,0.000
1781208273.761,26.689,9382,9454,9462,tev,1,0.000
1781208273.761,26.689,9382,9454,9463,recv,1,0.000
1781208273.761,26.689,9382,9454,9464,recvUC,0,0.000
1781208273.761,26.689,9382,9454,9465,ov2slam_node,2,0.000
1781208273.761,26.689,9382,9454,9466,ov2slam_node,1,0.000
1781208273.761,26.689,9382,9454,9467,ov2_map,0,18.925
1781208273.761,26.689,9382,9454,9468,ov2_est,2,18.925
1781208273.761,26.689,9382,9454,9470,ov2_main,2,18.925
1781208273.761,26.689,9382,9454,9471,ov2_feed,0,0.000
1781208273.761,26.689,9382,9454,9565,ov2_main,3,18.925
1781208273.761,26.689,9382,9454,9566,ov2_main,1,0.000
1781208273.761,26.689,9382,9454,9567,ov2_main,2,0.000
1781208273.815,26.743,9382,9454,9454,ov2slam_node,2,0.000
1781208273.815,26.743,9382,9454,9455,ov2slam_nod-ust,1,0.000
1781208273.815,26.743,9382,9454,9456,ov2slam_nod-ust,2,0.000
1781208273.815,26.743,9382,9454,9457,ov2slam_node,1,0.000
1781208273.815,26.743,9382,9454,9458,ov2slam_node,2,0.000
1781208273.815,26.743,9382,9454,9459,gc,1,0.000
1781208273.815,26.743,9382,9454,9460,dq.builtins,3,0.000
1781208273.815,26.743,9382,9454,9461,dq.user,1,0.000
1781208273.815,26.743,9382,9454,9462,tev,1,0.000
1781208273.815,26.743,9382,9454,9463,recv,1,0.000
1781208273.815,26.743,9382,9454,9464,recvUC,0,0.000
1781208273.815,26.743,9382,9454,9465,ov2slam_node,2,0.000
1781208273.815,26.743,9382,9454,9466,ov2slam_node,1,0.000
1781208273.815,26.743,9382,9454,9467,ov2_map,0,0.000
1781208273.815,26.743,9382,9454,9468,ov2_est,0,18.545
1781208273.815,26.743,9382,9454,9470,ov2_main,2,18.545
1781208273.815,26.743,9382,9454,9471,ov2_feed,0,0.000
1781208273.815,26.743,9382,9454,9565,ov2_main,3,0.000
1781208273.815,26.743,9382,9454,9566,ov2_main,1,18.545
1781208273.815,26.743,9382,9454,9567,ov2_main,0,18.545
1781208273.870,26.798,9382,9454,9454,ov2slam_node,2,0.000
1781208273.870,26.798,9382,9454,9455,ov2slam_nod-ust,1,0.000
1781208273.870,26.798,9382,9454,9456,ov2slam_nod-ust,2,0.000
1781208273.870,26.798,9382,9454,9457,ov2slam_node,1,0.000
1781208273.870,26.798,9382,9454,9458,ov2slam_node,2,0.000
1781208273.870,26.798,9382,9454,9459,gc,1,0.000
1781208273.870,26.798,9382,9454,9460,dq.builtins,3,0.000
1781208273.870,26.798,9382,9454,9461,dq.user,1,0.000
1781208273.870,26.798,9382,9454,9462,tev,1,0.000
1781208273.870,26.798,9382,9454,9463,recv,1,0.000
1781208273.870,26.798,9382,9454,9464,recvUC,2,0.000
1781208273.870,26.798,9382,9454,9465,ov2slam_node,2,0.000
1781208273.870,26.798,9382,9454,9466,ov2slam_node,1,0.000
1781208273.870,26.798,9382,9454,9467,ov2_map,1,0.000
1781208273.870,26.798,9382,9454,9468,ov2_est,3,35.865
1781208273.870,26.798,9382,9454,9470,ov2_main,1,17.933
1781208273.870,26.798,9382,9454,9471,ov2_feed,3,0.000
1781208273.870,26.798,9382,9454,9565,ov2_main,3,0.000
1781208273.870,26.798,9382,9454,9566,ov2_main,1,17.933
1781208273.870,26.798,9382,9454,9567,ov2_main,0,17.933
1781208273.923,26.851,9382,9454,9454,ov2slam_node,2,0.000
1781208273.923,26.851,9382,9454,9455,ov2slam_nod-ust,1,0.000
1781208273.923,26.851,9382,9454,9456,ov2slam_nod-ust,2,0.000
1781208273.923,26.851,9382,9454,9457,ov2slam_node,1,0.000
1781208273.923,26.851,9382,9454,9458,ov2slam_node,2,0.000
1781208273.923,26.851,9382,9454,9459,gc,1,0.000
1781208273.923,26.851,9382,9454,9460,dq.builtins,3,0.000
1781208273.923,26.851,9382,9454,9461,dq.user,1,0.000
1781208273.923,26.851,9382,9454,9462,tev,1,0.000
1781208273.923,26.851,9382,9454,9463,recv,1,0.000
1781208273.923,26.851,9382,9454,9464,recvUC,2,0.000
1781208273.923,26.851,9382,9454,9465,ov2slam_node,2,0.000
1781208273.923,26.851,9382,9454,9466,ov2slam_node,1,0.000
1781208273.923,26.851,9382,9454,9467,ov2_map,2,0.000
1781208273.923,26.851,9382,9454,9468,ov2_est,3,19.069
1781208273.923,26.851,9382,9454,9470,ov2_main,1,19.069
1781208273.923,26.851,9382,9454,9471,ov2_feed,3,0.000
1781208273.923,26.851,9382,9454,9565,ov2_main,3,38.138
1781208273.923,26.851,9382,9454,9566,ov2_main,2,0.000
1781208273.923,26.851,9382,9454,9567,ov2_main,0,0.000
1781208273.975,26.903,9382,9454,9454,ov2slam_node,2,0.000
1781208273.975,26.903,9382,9454,9455,ov2slam_nod-ust,1,0.000
1781208273.975,26.903,9382,9454,9456,ov2slam_nod-ust,2,0.000
1781208273.975,26.903,9382,9454,9457,ov2slam_node,1,0.000
1781208273.975,26.903,9382,9454,9458,ov2slam_node,2,0.000
1781208273.975,26.903,9382,9454,9459,gc,1,0.000
1781208273.975,26.903,9382,9454,9460,dq.builtins,3,0.000
1781208273.975,26.903,9382,9454,9461,dq.user,1,0.000
1781208273.975,26.903,9382,9454,9462,tev,1,0.000
1781208273.975,26.903,9382,9454,9463,recv,1,0.000
1781208273.975,26.903,9382,9454,9464,recvUC,2,0.000
1781208273.975,26.903,9382,9454,9465,ov2slam_node,2,0.000
1781208273.975,26.903,9382,9454,9466,ov2slam_node,1,0.000
1781208273.975,26.903,9382,9454,9467,ov2_map,2,0.000
1781208273.975,26.903,9382,9454,9468,ov2_est,3,19.023
1781208273.975,26.903,9382,9454,9470,ov2_main,1,19.023
1781208273.975,26.903,9382,9454,9471,ov2_feed,3,0.000
1781208273.975,26.903,9382,9454,9565,ov2_main,3,0.000
1781208273.975,26.903,9382,9454,9566,ov2_main,2,19.023
1781208273.975,26.903,9382,9454,9567,ov2_main,0,19.023
1781208274.028,26.956,9382,9454,9454,ov2slam_node,2,0.000
1781208274.028,26.956,9382,9454,9455,ov2slam_nod-ust,1,0.000
1781208274.028,26.956,9382,9454,9456,ov2slam_nod-ust,2,0.000
1781208274.028,26.956,9382,9454,9457,ov2slam_node,1,0.000
1781208274.028,26.956,9382,9454,9458,ov2slam_node,2,0.000
1781208274.028,26.956,9382,9454,9459,gc,1,0.000
1781208274.028,26.956,9382,9454,9460,dq.builtins,3,0.000
1781208274.028,26.956,9382,9454,9461,dq.user,1,0.000
1781208274.028,26.956,9382,9454,9462,tev,1,0.000
1781208274.028,26.956,9382,9454,9463,recv,1,0.000
1781208274.028,26.956,9382,9454,9464,recvUC,2,0.000
1781208274.028,26.956,9382,9454,9465,ov2slam_node,2,0.000
1781208274.028,26.956,9382,9454,9466,ov2slam_node,1,0.000
1781208274.028,26.956,9382,9454,9467,ov2_map,2,0.000
1781208274.028,26.956,9382,9454,9468,ov2_est,3,0.000
1781208274.028,26.956,9382,9454,9470,ov2_main,1,0.000
1781208274.028,26.956,9382,9454,9471,ov2_feed,2,0.000
1781208274.028,26.956,9382,9454,9565,ov2_main,3,0.000
1781208274.028,26.956,9382,9454,9566,ov2_main,2,0.000
1781208274.028,26.956,9382,9454,9567,ov2_main,0,0.000
1781208274.080,27.008,9382,9454,9454,ov2slam_node,2,0.000
1781208274.080,27.008,9382,9454,9455,ov2slam_nod-ust,1,0.000
1781208274.080,27.008,9382,9454,9456,ov2slam_nod-ust,2,0.000
1781208274.080,27.008,9382,9454,9457,ov2slam_node,1,0.000
1781208274.080,27.008,9382,9454,9458,ov2slam_node,2,0.000
1781208274.080,27.008,9382,9454,9459,gc,1,0.000
1781208274.080,27.008,9382,9454,9460,dq.builtins,3,0.000
1781208274.080,27.008,9382,9454,9461,dq.user,1,0.000
1781208274.080,27.008,9382,9454,9462,tev,1,0.000
1781208274.080,27.008,9382,9454,9463,recv,1,0.000
1781208274.080,27.008,9382,9454,9464,recvUC,2,0.000
1781208274.080,27.008,9382,9454,9465,ov2slam_node,2,0.000
1781208274.080,27.008,9382,9454,9466,ov2slam_node,1,0.000
1781208274.080,27.008,9382,9454,9467,ov2_map,2,0.000
1781208274.080,27.008,9382,9454,9468,ov2_est,3,0.000
1781208274.080,27.008,9382,9454,9470,ov2_main,1,0.000
1781208274.080,27.008,9382,9454,9471,ov2_feed,2,0.000
1781208274.080,27.008,9382,9454,9565,ov2_main,3,0.000
1781208274.080,27.008,9382,9454,9566,ov2_main,2,0.000
1781208274.080,27.008,9382,9454,9567,ov2_main,0,0.000
1781208274.133,27.061,9382,9454,9454,ov2slam_node,2,0.000
1781208274.133,27.061,9382,9454,9455,ov2slam_nod-ust,1,0.000
1781208274.133,27.061,9382,9454,9456,ov2slam_nod-ust,2,0.000
1781208274.133,27.061,9382,9454,9457,ov2slam_node,1,0.000
1781208274.133,27.061,9382,9454,9458,ov2slam_node,2,0.000
1781208274.133,27.061,9382,9454,9459,gc,1,0.000
1781208274.133,27.061,9382,9454,9460,dq.builtins,3,0.000
1781208274.133,27.061,9382,9454,9461,dq.user,1,0.000
1781208274.133,27.061,9382,9454,9462,tev,1,0.000
1781208274.133,27.061,9382,9454,9463,recv,1,0.000
1781208274.133,27.061,9382,9454,9464,recvUC,2,0.000
1781208274.133,27.061,9382,9454,9465,ov2slam_node,2,0.000
1781208274.133,27.061,9382,9454,9466,ov2slam_node,1,0.000
1781208274.133,27.061,9382,9454,9467,ov2_map,2,0.000
1781208274.133,27.061,9382,9454,9468,ov2_est,3,19.013
1781208274.133,27.061,9382,9454,9470,ov2_main,1,0.000
1781208274.133,27.061,9382,9454,9471,ov2_feed,1,0.000
1781208274.133,27.061,9382,9454,9565,ov2_main,3,0.000
1781208274.133,27.061,9382,9454,9566,ov2_main,2,0.000
1781208274.133,27.061,9382,9454,9567,ov2_main,0,0.000
1781208274.185,27.113,9382,9454,9454,ov2slam_node,2,0.000
1781208274.185,27.113,9382,9454,9455,ov2slam_nod-ust,1,0.000
1781208274.185,27.113,9382,9454,9456,ov2slam_nod-ust,2,0.000
1781208274.185,27.113,9382,9454,9457,ov2slam_node,1,0.000
1781208274.185,27.113,9382,9454,9458,ov2slam_node,2,0.000
1781208274.185,27.113,9382,9454,9459,gc,1,0.000
1781208274.185,27.113,9382,9454,9460,dq.builtins,3,0.000
1781208274.185,27.113,9382,9454,9461,dq.user,1,0.000
1781208274.185,27.113,9382,9454,9462,tev,1,0.000
1781208274.185,27.113,9382,9454,9463,recv,1,0.000
1781208274.185,27.113,9382,9454,9464,recvUC,2,0.000
1781208274.185,27.113,9382,9454,9465,ov2slam_node,2,0.000
1781208274.185,27.113,9382,9454,9466,ov2slam_node,2,0.000
1781208274.185,27.113,9382,9454,9467,ov2_map,2,0.000
1781208274.185,27.113,9382,9454,9468,ov2_est,3,18.985
1781208274.185,27.113,9382,9454,9470,ov2_main,1,37.970
1781208274.185,27.113,9382,9454,9471,ov2_feed,1,0.000
1781208274.185,27.113,9382,9454,9565,ov2_main,3,18.985
1781208274.185,27.113,9382,9454,9566,ov2_main,2,0.000
1781208274.185,27.113,9382,9454,9567,ov2_main,0,18.985
1781208274.238,27.166,9382,9454,9454,ov2slam_node,2,0.000
1781208274.238,27.166,9382,9454,9455,ov2slam_nod-ust,1,0.000
1781208274.238,27.166,9382,9454,9456,ov2slam_nod-ust,2,0.000
1781208274.238,27.166,9382,9454,9457,ov2slam_node,1,0.000
1781208274.238,27.166,9382,9454,9458,ov2slam_node,2,0.000
1781208274.238,27.166,9382,9454,9459,gc,1,0.000
1781208274.238,27.166,9382,9454,9460,dq.builtins,3,0.000
1781208274.238,27.166,9382,9454,9461,dq.user,1,0.000
1781208274.238,27.166,9382,9454,9462,tev,1,0.000
1781208274.238,27.166,9382,9454,9463,recv,1,0.000
1781208274.238,27.166,9382,9454,9464,recvUC,3,0.000
1781208274.238,27.166,9382,9454,9465,ov2slam_node,2,0.000
1781208274.238,27.166,9382,9454,9466,ov2slam_node,2,0.000
1781208274.238,27.166,9382,9454,9467,ov2_map,2,0.000
1781208274.238,27.166,9382,9454,9468,ov2_est,3,18.949
1781208274.238,27.166,9382,9454,9470,ov2_main,1,0.000
1781208274.238,27.166,9382,9454,9471,ov2_feed,1,0.000
1781208274.238,27.166,9382,9454,9565,ov2_main,3,0.000
1781208274.238,27.166,9382,9454,9566,ov2_main,2,0.000
1781208274.238,27.166,9382,9454,9567,ov2_main,0,0.000
1781208274.291,27.219,9382,9454,9454,ov2slam_node,2,0.000
1781208274.291,27.219,9382,9454,9455,ov2slam_nod-ust,1,0.000
1781208274.291,27.219,9382,9454,9456,ov2slam_nod-ust,2,0.000
1781208274.291,27.219,9382,9454,9457,ov2slam_node,1,0.000
1781208274.291,27.219,9382,9454,9458,ov2slam_node,2,0.000
1781208274.291,27.219,9382,9454,9459,gc,1,0.000
1781208274.291,27.219,9382,9454,9460,dq.builtins,3,0.000
1781208274.291,27.219,9382,9454,9461,dq.user,1,0.000
1781208274.291,27.219,9382,9454,9462,tev,1,0.000
1781208274.291,27.219,9382,9454,9463,recv,1,0.000
1781208274.291,27.219,9382,9454,9464,recvUC,3,0.000
1781208274.291,27.219,9382,9454,9465,ov2slam_node,2,0.000
1781208274.291,27.219,9382,9454,9466,ov2slam_node,3,0.000
1781208274.291,27.219,9382,9454,9467,ov2_map,3,0.000
1781208274.291,27.219,9382,9454,9468,ov2_est,3,18.965
1781208274.291,27.219,9382,9454,9470,ov2_main,1,0.000
1781208274.291,27.219,9382,9454,9471,ov2_feed,1,0.000
1781208274.291,27.219,9382,9454,9565,ov2_main,3,0.000
1781208274.291,27.219,9382,9454,9566,ov2_main,2,0.000
1781208274.291,27.219,9382,9454,9567,ov2_main,0,0.000
1781208274.343,27.271,9382,9454,9454,ov2slam_node,2,0.000
1781208274.343,27.271,9382,9454,9455,ov2slam_nod-ust,1,0.000
1781208274.343,27.271,9382,9454,9456,ov2slam_nod-ust,2,0.000
1781208274.343,27.271,9382,9454,9457,ov2slam_node,1,0.000
1781208274.343,27.271,9382,9454,9458,ov2slam_node,2,0.000
1781208274.343,27.271,9382,9454,9459,gc,1,0.000
1781208274.343,27.271,9382,9454,9460,dq.builtins,3,0.000
1781208274.343,27.271,9382,9454,9461,dq.user,1,0.000
1781208274.343,27.271,9382,9454,9462,tev,1,0.000
1781208274.343,27.271,9382,9454,9463,recv,1,0.000
1781208274.343,27.271,9382,9454,9464,recvUC,0,0.000
1781208274.343,27.271,9382,9454,9465,ov2slam_node,2,0.000
1781208274.343,27.271,9382,9454,9466,ov2slam_node,0,0.000
1781208274.343,27.271,9382,9454,9467,ov2_map,0,19.150
1781208274.343,27.271,9382,9454,9468,ov2_est,3,38.301
1781208274.343,27.271,9382,9454,9470,ov2_main,1,19.150
1781208274.343,27.271,9382,9454,9471,ov2_feed,1,0.000
1781208274.343,27.271,9382,9454,9565,ov2_main,3,0.000
1781208274.343,27.271,9382,9454,9566,ov2_main,2,19.150
1781208274.343,27.271,9382,9454,9567,ov2_main,0,0.000
1781208274.396,27.324,9382,9454,9454,ov2slam_node,2,0.000
1781208274.396,27.324,9382,9454,9455,ov2slam_nod-ust,1,0.000
1781208274.396,27.324,9382,9454,9456,ov2slam_nod-ust,2,0.000
1781208274.396,27.324,9382,9454,9457,ov2slam_node,1,0.000
1781208274.396,27.324,9382,9454,9458,ov2slam_node,2,0.000
1781208274.396,27.324,9382,9454,9459,gc,1,0.000
1781208274.396,27.324,9382,9454,9460,dq.builtins,3,0.000
1781208274.396,27.324,9382,9454,9461,dq.user,1,0.000
1781208274.396,27.324,9382,9454,9462,tev,1,0.000
1781208274.396,27.324,9382,9454,9463,recv,1,0.000
1781208274.396,27.324,9382,9454,9464,recvUC,0,0.000
1781208274.396,27.324,9382,9454,9465,ov2slam_node,2,0.000
1781208274.396,27.324,9382,9454,9466,ov2slam_node,2,0.000
1781208274.396,27.324,9382,9454,9467,ov2_map,0,0.000
1781208274.396,27.324,9382,9454,9468,ov2_est,3,18.845
1781208274.396,27.324,9382,9454,9470,ov2_main,1,18.845
1781208274.396,27.324,9382,9454,9471,ov2_feed,1,0.000
1781208274.396,27.324,9382,9454,9565,ov2_main,3,18.845
1781208274.396,27.324,9382,9454,9566,ov2_main,2,0.000
1781208274.396,27.324,9382,9454,9567,ov2_main,3,18.845
1781208274.449,27.377,9382,9454,9454,ov2slam_node,2,0.000
1781208274.449,27.377,9382,9454,9455,ov2slam_nod-ust,1,0.000
1781208274.449,27.377,9382,9454,9456,ov2slam_nod-ust,2,0.000
1781208274.449,27.377,9382,9454,9457,ov2slam_node,1,0.000
1781208274.449,27.377,9382,9454,9458,ov2slam_node,2,0.000
1781208274.449,27.377,9382,9454,9459,gc,1,0.000
1781208274.449,27.377,9382,9454,9460,dq.builtins,3,0.000
1781208274.449,27.377,9382,9454,9461,dq.user,1,0.000
1781208274.449,27.377,9382,9454,9462,tev,1,0.000
1781208274.449,27.377,9382,9454,9463,recv,1,0.000
1781208274.449,27.377,9382,9454,9464,recvUC,0,0.000
1781208274.449,27.377,9382,9454,9465,ov2slam_node,2,0.000
1781208274.449,27.377,9382,9454,9466,ov2slam_node,2,0.000
1781208274.449,27.377,9382,9454,9467,ov2_map,2,18.957
1781208274.449,27.377,9382,9454,9468,ov2_est,3,37.913
1781208274.449,27.377,9382,9454,9470,ov2_main,1,18.957
1781208274.449,27.377,9382,9454,9471,ov2_feed,2,0.000
1781208274.449,27.377,9382,9454,9565,ov2_main,3,0.000
1781208274.449,27.377,9382,9454,9566,ov2_main,2,18.957
1781208274.449,27.377,9382,9454,9567,ov2_main,3,18.957
1781208274.504,27.432,9382,9454,9454,ov2slam_node,2,0.000
1781208274.504,27.432,9382,9454,9455,ov2slam_nod-ust,1,0.000
1781208274.504,27.432,9382,9454,9456,ov2slam_nod-ust,2,0.000
1781208274.504,27.432,9382,9454,9457,ov2slam_node,1,0.000
1781208274.504,27.432,9382,9454,9458,ov2slam_node,2,0.000
1781208274.504,27.432,9382,9454,9459,gc,1,0.000
1781208274.504,27.432,9382,9454,9460,dq.builtins,3,0.000
1781208274.504,27.432,9382,9454,9461,dq.user,1,0.000
1781208274.504,27.432,9382,9454,9462,tev,1,0.000
1781208274.504,27.432,9382,9454,9463,recv,1,0.000
1781208274.504,27.432,9382,9454,9464,recvUC,0,0.000
1781208274.504,27.432,9382,9454,9465,ov2slam_node,2,0.000
1781208274.504,27.432,9382,9454,9466,ov2slam_node,2,0.000
1781208274.504,27.432,9382,9454,9467,ov2_map,2,0.000
1781208274.504,27.432,9382,9454,9468,ov2_est,3,0.000
1781208274.504,27.432,9382,9454,9470,ov2_main,1,18.039
1781208274.504,27.432,9382,9454,9471,ov2_feed,2,0.000
1781208274.504,27.432,9382,9454,9565,ov2_main,2,18.039
1781208274.504,27.432,9382,9454,9566,ov2_main,3,0.000
1781208274.504,27.432,9382,9454,9567,ov2_main,2,0.000
1781208274.557,27.485,9382,9454,9454,ov2slam_node,2,0.000
1781208274.557,27.485,9382,9454,9455,ov2slam_nod-ust,1,0.000
1781208274.557,27.485,9382,9454,9456,ov2slam_nod-ust,2,0.000
1781208274.557,27.485,9382,9454,9457,ov2slam_node,1,0.000
1781208274.557,27.485,9382,9454,9458,ov2slam_node,2,0.000
1781208274.557,27.485,9382,9454,9459,gc,1,0.000
1781208274.557,27.485,9382,9454,9460,dq.builtins,0,0.000
1781208274.557,27.485,9382,9454,9461,dq.user,1,0.000
1781208274.557,27.485,9382,9454,9462,tev,1,0.000
1781208274.557,27.485,9382,9454,9463,recv,1,0.000
1781208274.557,27.485,9382,9454,9464,recvUC,0,0.000
1781208274.557,27.485,9382,9454,9465,ov2slam_node,2,0.000
1781208274.557,27.485,9382,9454,9466,ov2slam_node,2,0.000
1781208274.557,27.485,9382,9454,9467,ov2_map,0,0.000
1781208274.557,27.485,9382,9454,9468,ov2_est,0,56.494
1781208274.557,27.485,9382,9454,9470,ov2_main,1,18.831
1781208274.557,27.485,9382,9454,9471,ov2_feed,2,0.000
1781208274.557,27.485,9382,9454,9565,ov2_main,2,0.000
1781208274.557,27.485,9382,9454,9566,ov2_main,3,18.831
1781208274.557,27.485,9382,9454,9567,ov2_main,0,0.000
1781208274.610,27.538,9382,9454,9454,ov2slam_node,2,0.000
1781208274.610,27.538,9382,9454,9455,ov2slam_nod-ust,1,0.000
1781208274.610,27.538,9382,9454,9456,ov2slam_nod-ust,2,0.000
1781208274.610,27.538,9382,9454,9457,ov2slam_node,1,0.000
1781208274.610,27.538,9382,9454,9458,ov2slam_node,2,0.000
1781208274.610,27.538,9382,9454,9459,gc,1,0.000
1781208274.610,27.538,9382,9454,9460,dq.builtins,0,0.000
1781208274.610,27.538,9382,9454,9461,dq.user,1,0.000
1781208274.610,27.538,9382,9454,9462,tev,1,0.000
1781208274.610,27.538,9382,9454,9463,recv,1,0.000
1781208274.610,27.538,9382,9454,9464,recvUC,0,0.000
1781208274.610,27.538,9382,9454,9465,ov2slam_node,2,0.000
1781208274.610,27.538,9382,9454,9466,ov2slam_node,2,0.000
1781208274.610,27.538,9382,9454,9467,ov2_map,0,0.000
1781208274.610,27.538,9382,9454,9468,ov2_est,3,0.000
1781208274.610,27.538,9382,9454,9470,ov2_main,1,19.039
1781208274.610,27.538,9382,9454,9471,ov2_feed,1,0.000
1781208274.610,27.538,9382,9454,9565,ov2_main,2,19.039
1781208274.610,27.538,9382,9454,9566,ov2_main,3,0.000
1781208274.610,27.538,9382,9454,9567,ov2_main,0,19.039
1781208274.662,27.590,9382,9454,9454,ov2slam_node,2,0.000
1781208274.662,27.590,9382,9454,9455,ov2slam_nod-ust,1,0.000
1781208274.662,27.590,9382,9454,9456,ov2slam_nod-ust,2,0.000
1781208274.662,27.590,9382,9454,9457,ov2slam_node,1,0.000
1781208274.662,27.590,9382,9454,9458,ov2slam_node,2,0.000
1781208274.662,27.590,9382,9454,9459,gc,1,0.000
1781208274.662,27.590,9382,9454,9460,dq.builtins,0,0.000
1781208274.662,27.590,9382,9454,9461,dq.user,1,0.000
1781208274.662,27.590,9382,9454,9462,tev,1,0.000
1781208274.662,27.590,9382,9454,9463,recv,1,0.000
1781208274.662,27.590,9382,9454,9464,recvUC,0,0.000
1781208274.662,27.590,9382,9454,9465,ov2slam_node,2,0.000
1781208274.662,27.590,9382,9454,9466,ov2slam_node,2,0.000
1781208274.662,27.590,9382,9454,9467,ov2_map,3,0.000
1781208274.662,27.590,9382,9454,9468,ov2_est,3,57.328
1781208274.662,27.590,9382,9454,9470,ov2_main,1,0.000
1781208274.662,27.590,9382,9454,9471,ov2_feed,2,0.000
1781208274.662,27.590,9382,9454,9565,ov2_main,2,0.000
1781208274.662,27.590,9382,9454,9566,ov2_main,3,19.109
1781208274.662,27.590,9382,9454,9567,ov2_main,0,0.000
1781208274.714,27.642,9382,9454,9454,ov2slam_node,2,0.000
1781208274.714,27.642,9382,9454,9455,ov2slam_nod-ust,1,0.000
1781208274.714,27.642,9382,9454,9456,ov2slam_nod-ust,2,0.000
1781208274.714,27.642,9382,9454,9457,ov2slam_node,1,0.000
1781208274.714,27.642,9382,9454,9458,ov2slam_node,2,0.000
1781208274.714,27.642,9382,9454,9459,gc,1,0.000
1781208274.714,27.642,9382,9454,9460,dq.builtins,0,0.000
1781208274.714,27.642,9382,9454,9461,dq.user,1,0.000
1781208274.714,27.642,9382,9454,9462,tev,1,0.000
1781208274.714,27.642,9382,9454,9463,recv,1,0.000
1781208274.714,27.642,9382,9454,9464,recvUC,2,0.000
1781208274.714,27.642,9382,9454,9465,ov2slam_node,2,0.000
1781208274.714,27.642,9382,9454,9466,ov2slam_node,2,0.000
1781208274.714,27.642,9382,9454,9467,ov2_map,2,19.256
1781208274.714,27.642,9382,9454,9468,ov2_est,3,0.000
1781208274.714,27.642,9382,9454,9470,ov2_main,1,38.512
1781208274.714,27.642,9382,9454,9471,ov2_feed,2,19.256
1781208274.714,27.642,9382,9454,9565,ov2_main,2,0.000
1781208274.714,27.642,9382,9454,9566,ov2_main,3,19.256
1781208274.714,27.642,9382,9454,9567,ov2_main,0,0.000
1781208274.767,27.694,9382,9454,9454,ov2slam_node,2,0.000
1781208274.767,27.694,9382,9454,9455,ov2slam_nod-ust,1,0.000
1781208274.767,27.694,9382,9454,9456,ov2slam_nod-ust,2,0.000
1781208274.767,27.694,9382,9454,9457,ov2slam_node,1,0.000
1781208274.767,27.694,9382,9454,9458,ov2slam_node,2,0.000
1781208274.767,27.694,9382,9454,9459,gc,1,0.000
1781208274.767,27.694,9382,9454,9460,dq.builtins,0,0.000
1781208274.767,27.694,9382,9454,9461,dq.user,1,0.000
1781208274.767,27.694,9382,9454,9462,tev,1,0.000
1781208274.767,27.694,9382,9454,9463,recv,1,0.000
1781208274.767,27.694,9382,9454,9464,recvUC,0,0.000
1781208274.767,27.694,9382,9454,9465,ov2slam_node,2,0.000
1781208274.767,27.694,9382,9454,9466,ov2slam_node,2,0.000
1781208274.767,27.694,9382,9454,9467,ov2_map,1,0.000
1781208274.767,27.694,9382,9454,9468,ov2_est,3,76.414
1781208274.767,27.694,9382,9454,9470,ov2_main,1,0.000
1781208274.767,27.694,9382,9454,9471,ov2_feed,2,0.000
1781208274.767,27.694,9382,9454,9565,ov2_main,2,0.000
1781208274.767,27.694,9382,9454,9566,ov2_main,3,0.000
1781208274.767,27.694,9382,9454,9567,ov2_main,0,0.000
1781208274.819,27.746,9382,9454,9454,ov2slam_node,2,0.000
1781208274.819,27.746,9382,9454,9455,ov2slam_nod-ust,1,0.000
1781208274.819,27.746,9382,9454,9456,ov2slam_nod-ust,2,0.000
1781208274.819,27.746,9382,9454,9457,ov2slam_node,1,0.000
1781208274.819,27.746,9382,9454,9458,ov2slam_node,2,0.000
1781208274.819,27.746,9382,9454,9459,gc,1,0.000
1781208274.819,27.746,9382,9454,9460,dq.builtins,0,0.000
1781208274.819,27.746,9382,9454,9461,dq.user,1,0.000
1781208274.819,27.746,9382,9454,9462,tev,1,0.000
1781208274.819,27.746,9382,9454,9463,recv,1,0.000
1781208274.819,27.746,9382,9454,9464,recvUC,0,0.000
1781208274.819,27.746,9382,9454,9465,ov2slam_node,2,0.000
1781208274.819,27.746,9382,9454,9466,ov2slam_node,2,0.000
1781208274.819,27.746,9382,9454,9467,ov2_map,1,0.000
1781208274.819,27.746,9382,9454,9468,ov2_est,3,0.000
1781208274.819,27.746,9382,9454,9470,ov2_main,1,0.000
1781208274.819,27.746,9382,9454,9471,ov2_feed,3,0.000
1781208274.819,27.746,9382,9454,9565,ov2_main,2,0.000
1781208274.819,27.746,9382,9454,9566,ov2_main,3,0.000
1781208274.819,27.746,9382,9454,9567,ov2_main,0,0.000
1781208274.870,27.798,9382,9454,9454,ov2slam_node,2,0.000
1781208274.870,27.798,9382,9454,9455,ov2slam_nod-ust,1,0.000
1781208274.870,27.798,9382,9454,9456,ov2slam_nod-ust,2,0.000
1781208274.870,27.798,9382,9454,9457,ov2slam_node,1,0.000
1781208274.870,27.798,9382,9454,9458,ov2slam_node,2,0.000
1781208274.870,27.798,9382,9454,9459,gc,1,0.000
1781208274.870,27.798,9382,9454,9460,dq.builtins,0,0.000
1781208274.870,27.798,9382,9454,9461,dq.user,1,0.000
1781208274.870,27.798,9382,9454,9462,tev,1,0.000
1781208274.870,27.798,9382,9454,9463,recv,1,0.000
1781208274.870,27.798,9382,9454,9464,recvUC,0,0.000
1781208274.870,27.798,9382,9454,9465,ov2slam_node,2,0.000
1781208274.870,27.798,9382,9454,9466,ov2slam_node,2,0.000
1781208274.870,27.798,9382,9454,9467,ov2_map,1,0.000
1781208274.870,27.798,9382,9454,9468,ov2_est,3,0.000
1781208274.870,27.798,9382,9454,9470,ov2_main,1,0.000
1781208274.870,27.798,9382,9454,9471,ov2_feed,3,0.000
1781208274.870,27.798,9382,9454,9565,ov2_main,2,38.491
1781208274.870,27.798,9382,9454,9566,ov2_main,3,0.000
1781208274.870,27.798,9382,9454,9567,ov2_main,0,38.491
1781208274.922,27.850,9382,9454,9454,ov2slam_node,2,0.000
1781208274.922,27.850,9382,9454,9455,ov2slam_nod-ust,1,0.000
1781208274.922,27.850,9382,9454,9456,ov2slam_nod-ust,2,0.000
1781208274.922,27.850,9382,9454,9457,ov2slam_node,1,0.000
1781208274.922,27.850,9382,9454,9458,ov2slam_node,2,0.000
1781208274.922,27.850,9382,9454,9459,gc,1,0.000
1781208274.922,27.850,9382,9454,9460,dq.builtins,0,0.000
1781208274.922,27.850,9382,9454,9461,dq.user,1,0.000
1781208274.922,27.850,9382,9454,9462,tev,1,0.000
1781208274.922,27.850,9382,9454,9463,recv,1,0.000
1781208274.922,27.850,9382,9454,9464,recvUC,0,0.000
1781208274.922,27.850,9382,9454,9465,ov2slam_node,2,0.000
1781208274.922,27.850,9382,9454,9466,ov2slam_node,2,0.000
1781208274.922,27.850,9382,9454,9467,ov2_map,1,0.000
1781208274.922,27.850,9382,9454,9468,ov2_est,3,19.276
1781208274.922,27.850,9382,9454,9470,ov2_main,1,38.552
1781208274.922,27.850,9382,9454,9471,ov2_feed,2,0.000
1781208274.922,27.850,9382,9454,9565,ov2_main,2,0.000
1781208274.922,27.850,9382,9454,9566,ov2_main,3,0.000
1781208274.922,27.850,9382,9454,9567,ov2_main,0,0.000
1781208274.974,27.902,9382,9454,9454,ov2slam_node,2,0.000
1781208274.974,27.902,9382,9454,9455,ov2slam_nod-ust,1,0.000
1781208274.974,27.902,9382,9454,9456,ov2slam_nod-ust,2,0.000
1781208274.974,27.902,9382,9454,9457,ov2slam_node,1,0.000
1781208274.974,27.902,9382,9454,9458,ov2slam_node,2,0.000
1781208274.974,27.902,9382,9454,9459,gc,1,0.000
1781208274.974,27.902,9382,9454,9460,dq.builtins,0,0.000
1781208274.974,27.902,9382,9454,9461,dq.user,1,0.000
1781208274.974,27.902,9382,9454,9462,tev,1,0.000
1781208274.974,27.902,9382,9454,9463,recv,1,0.000
1781208274.974,27.902,9382,9454,9464,recvUC,0,0.000
1781208274.974,27.902,9382,9454,9465,ov2slam_node,2,0.000
1781208274.974,27.902,9382,9454,9466,ov2slam_node,2,0.000
1781208274.974,27.902,9382,9454,9467,ov2_map,1,0.000
1781208274.974,27.902,9382,9454,9468,ov2_est,3,38.514
1781208274.974,27.902,9382,9454,9470,ov2_main,1,19.257
1781208274.974,27.902,9382,9454,9471,ov2_feed,2,0.000
1781208274.974,27.902,9382,9454,9565,ov2_main,2,0.000
1781208274.974,27.902,9382,9454,9566,ov2_main,3,19.257
1781208274.974,27.902,9382,9454,9567,ov2_main,0,19.257
1781208275.026,27.954,9382,9454,9454,ov2slam_node,2,0.000
1781208275.026,27.954,9382,9454,9455,ov2slam_nod-ust,1,0.000
1781208275.026,27.954,9382,9454,9456,ov2slam_nod-ust,2,0.000
1781208275.026,27.954,9382,9454,9457,ov2slam_node,1,0.000
1781208275.026,27.954,9382,9454,9458,ov2slam_node,2,0.000
1781208275.026,27.954,9382,9454,9459,gc,1,0.000
1781208275.026,27.954,9382,9454,9460,dq.builtins,0,0.000
1781208275.026,27.954,9382,9454,9461,dq.user,1,0.000
1781208275.026,27.954,9382,9454,9462,tev,1,0.000
1781208275.026,27.954,9382,9454,9463,recv,1,0.000
1781208275.026,27.954,9382,9454,9464,recvUC,0,0.000
1781208275.026,27.954,9382,9454,9465,ov2slam_node,2,0.000
1781208275.026,27.954,9382,9454,9466,ov2slam_node,2,0.000
1781208275.026,27.954,9382,9454,9467,ov2_map,1,0.000
1781208275.026,27.954,9382,9454,9468,ov2_est,3,0.000
1781208275.026,27.954,9382,9454,9470,ov2_main,1,0.000
1781208275.026,27.954,9382,9454,9471,ov2_feed,3,0.000
1781208275.026,27.954,9382,9454,9565,ov2_main,2,0.000
1781208275.026,27.954,9382,9454,9566,ov2_main,3,0.000
1781208275.026,27.954,9382,9454,9567,ov2_main,0,0.000
1781208275.078,28.006,9382,9454,9454,ov2slam_node,2,19.264
1781208275.078,28.006,9382,9454,9455,ov2slam_nod-ust,1,0.000
1781208275.078,28.006,9382,9454,9456,ov2slam_nod-ust,2,0.000
1781208275.078,28.006,9382,9454,9457,ov2slam_node,1,0.000
1781208275.078,28.006,9382,9454,9458,ov2slam_node,2,0.000
1781208275.078,28.006,9382,9454,9459,gc,1,0.000
1781208275.078,28.006,9382,9454,9460,dq.builtins,0,0.000
1781208275.078,28.006,9382,9454,9461,dq.user,1,0.000
1781208275.078,28.006,9382,9454,9462,tev,1,0.000
1781208275.078,28.006,9382,9454,9463,recv,1,0.000
1781208275.078,28.006,9382,9454,9464,recvUC,0,0.000
1781208275.078,28.006,9382,9454,9465,ov2slam_node,2,0.000
1781208275.078,28.006,9382,9454,9466,ov2slam_node,2,0.000
1781208275.078,28.006,9382,9454,9467,ov2_map,1,0.000
1781208275.078,28.006,9382,9454,9468,ov2_est,3,19.264
1781208275.078,28.006,9382,9454,9470,ov2_main,1,0.000
1781208275.078,28.006,9382,9454,9471,ov2_feed,3,0.000
1781208275.078,28.006,9382,9454,9565,ov2_main,2,19.264
1781208275.078,28.006,9382,9454,9566,ov2_main,3,0.000
1781208275.078,28.006,9382,9454,9567,ov2_main,0,0.000
1781208275.130,28.058,9382,9454,9454,ov2slam_node,2,0.000
1781208275.130,28.058,9382,9454,9455,ov2slam_nod-ust,1,0.000
1781208275.130,28.058,9382,9454,9456,ov2slam_nod-ust,2,0.000
1781208275.130,28.058,9382,9454,9457,ov2slam_node,1,0.000
1781208275.130,28.058,9382,9454,9458,ov2slam_node,2,0.000
1781208275.130,28.058,9382,9454,9459,gc,1,0.000
1781208275.130,28.058,9382,9454,9460,dq.builtins,0,0.000
1781208275.130,28.058,9382,9454,9461,dq.user,1,0.000
1781208275.130,28.058,9382,9454,9462,tev,1,0.000
1781208275.130,28.058,9382,9454,9463,recv,1,0.000
1781208275.130,28.058,9382,9454,9464,recvUC,0,0.000
1781208275.130,28.058,9382,9454,9465,ov2slam_node,2,0.000
1781208275.130,28.058,9382,9454,9466,ov2slam_node,0,0.000
1781208275.130,28.058,9382,9454,9467,ov2_map,1,0.000
1781208275.130,28.058,9382,9454,9468,ov2_est,3,0.000
1781208275.130,28.058,9382,9454,9470,ov2_main,1,19.195
1781208275.130,28.058,9382,9454,9471,ov2_feed,3,0.000
1781208275.130,28.058,9382,9454,9565,ov2_main,2,0.000
1781208275.130,28.058,9382,9454,9566,ov2_main,3,19.195
1781208275.130,28.058,9382,9454,9567,ov2_main,0,0.000
1781208275.182,28.110,9382,9454,9454,ov2slam_node,2,0.000
1781208275.182,28.110,9382,9454,9455,ov2slam_nod-ust,1,0.000
1781208275.182,28.110,9382,9454,9456,ov2slam_nod-ust,2,0.000
1781208275.182,28.110,9382,9454,9457,ov2slam_node,1,0.000
1781208275.182,28.110,9382,9454,9458,ov2slam_node,2,0.000
1781208275.182,28.110,9382,9454,9459,gc,1,0.000
1781208275.182,28.110,9382,9454,9460,dq.builtins,0,0.000
1781208275.182,28.110,9382,9454,9461,dq.user,1,0.000
1781208275.182,28.110,9382,9454,9462,tev,1,0.000
1781208275.182,28.110,9382,9454,9463,recv,1,0.000
1781208275.182,28.110,9382,9454,9464,recvUC,0,0.000
1781208275.182,28.110,9382,9454,9465,ov2slam_node,2,0.000
1781208275.182,28.110,9382,9454,9466,ov2slam_node,2,0.000
1781208275.182,28.110,9382,9454,9467,ov2_map,1,19.286
1781208275.182,28.110,9382,9454,9468,ov2_est,3,0.000
1781208275.182,28.110,9382,9454,9470,ov2_main,1,19.286
1781208275.182,28.110,9382,9454,9471,ov2_feed,3,0.000
1781208275.182,28.110,9382,9454,9565,ov2_main,2,0.000
1781208275.182,28.110,9382,9454,9566,ov2_main,3,19.286
1781208275.182,28.110,9382,9454,9567,ov2_main,0,0.000
1781208275.234,28.162,9382,9454,9454,ov2slam_node,2,0.000
1781208275.234,28.162,9382,9454,9455,ov2slam_nod-ust,1,0.000
1781208275.234,28.162,9382,9454,9456,ov2slam_nod-ust,2,0.000
1781208275.234,28.162,9382,9454,9457,ov2slam_node,1,0.000
1781208275.234,28.162,9382,9454,9458,ov2slam_node,2,0.000
1781208275.234,28.162,9382,9454,9459,gc,1,0.000
1781208275.234,28.162,9382,9454,9460,dq.builtins,0,0.000
1781208275.234,28.162,9382,9454,9461,dq.user,1,0.000
1781208275.234,28.162,9382,9454,9462,tev,1,0.000
1781208275.234,28.162,9382,9454,9463,recv,1,0.000
1781208275.234,28.162,9382,9454,9464,recvUC,0,0.000
1781208275.234,28.162,9382,9454,9465,ov2slam_node,2,0.000
1781208275.234,28.162,9382,9454,9466,ov2slam_node,2,0.000
1781208275.234,28.162,9382,9454,9467,ov2_map,1,0.000
1781208275.234,28.162,9382,9454,9468,ov2_est,3,0.000
1781208275.234,28.162,9382,9454,9470,ov2_main,1,0.000
1781208275.234,28.162,9382,9454,9471,ov2_feed,3,0.000
1781208275.234,28.162,9382,9454,9565,ov2_main,2,0.000
1781208275.234,28.162,9382,9454,9566,ov2_main,3,0.000
1781208275.234,28.162,9382,9454,9567,ov2_main,0,0.000
1781208275.286,28.214,9382,9454,9454,ov2slam_node,2,0.000
1781208275.286,28.214,9382,9454,9455,ov2slam_nod-ust,1,0.000
1781208275.286,28.214,9382,9454,9456,ov2slam_nod-ust,2,0.000
1781208275.286,28.214,9382,9454,9457,ov2slam_node,1,0.000
1781208275.286,28.214,9382,9454,9458,ov2slam_node,2,0.000
1781208275.286,28.214,9382,9454,9459,gc,1,0.000
1781208275.286,28.214,9382,9454,9460,dq.builtins,0,0.000
1781208275.286,28.214,9382,9454,9461,dq.user,1,0.000
1781208275.286,28.214,9382,9454,9462,tev,1,0.000
1781208275.286,28.214,9382,9454,9463,recv,1,0.000
1781208275.286,28.214,9382,9454,9464,recvUC,0,0.000
1781208275.286,28.214,9382,9454,9465,ov2slam_node,2,0.000
1781208275.286,28.214,9382,9454,9466,ov2slam_node,2,0.000
1781208275.286,28.214,9382,9454,9467,ov2_map,1,0.000
1781208275.286,28.214,9382,9454,9468,ov2_est,3,57.863
1781208275.286,28.214,9382,9454,9470,ov2_main,3,19.288
1781208275.286,28.214,9382,9454,9471,ov2_feed,0,0.000
1781208275.286,28.214,9382,9454,9565,ov2_main,2,19.288
1781208275.286,28.214,9382,9454,9566,ov2_main,3,0.000
1781208275.286,28.214,9382,9454,9567,ov2_main,0,19.288
1781208275.338,28.266,9382,9454,9454,ov2slam_node,2,0.000
1781208275.338,28.266,9382,9454,9455,ov2slam_nod-ust,1,0.000
1781208275.338,28.266,9382,9454,9456,ov2slam_nod-ust,2,0.000
1781208275.338,28.266,9382,9454,9457,ov2slam_node,1,0.000
1781208275.338,28.266,9382,9454,9458,ov2slam_node,2,0.000
1781208275.338,28.266,9382,9454,9459,gc,1,0.000
1781208275.338,28.266,9382,9454,9460,dq.builtins,0,0.000
1781208275.338,28.266,9382,9454,9461,dq.user,1,0.000
1781208275.338,28.266,9382,9454,9462,tev,1,0.000
1781208275.338,28.266,9382,9454,9463,recv,1,0.000
1781208275.338,28.266,9382,9454,9464,recvUC,0,0.000
1781208275.338,28.266,9382,9454,9465,ov2slam_node,2,0.000
1781208275.338,28.266,9382,9454,9466,ov2slam_node,2,0.000
1781208275.338,28.266,9382,9454,9467,ov2_map,0,0.000
1781208275.338,28.266,9382,9454,9468,ov2_est,3,19.207
1781208275.338,28.266,9382,9454,9470,ov2_main,3,19.207
1781208275.338,28.266,9382,9454,9471,ov2_feed,0,0.000
1781208275.338,28.266,9382,9454,9565,ov2_main,2,0.000
1781208275.338,28.266,9382,9454,9566,ov2_main,0,0.000
1781208275.338,28.266,9382,9454,9567,ov2_main,0,0.000
1781208275.390,28.318,9382,9454,9454,ov2slam_node,2,0.000
1781208275.390,28.318,9382,9454,9455,ov2slam_nod-ust,1,0.000
1781208275.390,28.318,9382,9454,9456,ov2slam_nod-ust,2,0.000
1781208275.390,28.318,9382,9454,9457,ov2slam_node,1,0.000
1781208275.390,28.318,9382,9454,9458,ov2slam_node,2,0.000
1781208275.390,28.318,9382,9454,9459,gc,1,0.000
1781208275.390,28.318,9382,9454,9460,dq.builtins,0,0.000
1781208275.390,28.318,9382,9454,9461,dq.user,1,0.000
1781208275.390,28.318,9382,9454,9462,tev,1,0.000
1781208275.390,28.318,9382,9454,9463,recv,1,0.000
1781208275.390,28.318,9382,9454,9464,recvUC,0,0.000
1781208275.390,28.318,9382,9454,9465,ov2slam_node,2,0.000
1781208275.390,28.318,9382,9454,9466,ov2slam_node,2,0.000
1781208275.390,28.318,9382,9454,9467,ov2_map,1,0.000
1781208275.390,28.318,9382,9454,9468,ov2_est,3,57.233
1781208275.390,28.318,9382,9454,9470,ov2_main,3,19.078
1781208275.390,28.318,9382,9454,9471,ov2_feed,0,0.000
1781208275.390,28.318,9382,9454,9565,ov2_main,2,19.078
1781208275.390,28.318,9382,9454,9566,ov2_main,0,19.078
1781208275.390,28.318,9382,9454,9567,ov2_main,1,19.078
1781208275.442,28.370,9382,9454,9454,ov2slam_node,2,0.000
1781208275.442,28.370,9382,9454,9455,ov2slam_nod-ust,1,0.000
1781208275.442,28.370,9382,9454,9456,ov2slam_nod-ust,2,0.000
1781208275.442,28.370,9382,9454,9457,ov2slam_node,1,0.000
1781208275.442,28.370,9382,9454,9458,ov2slam_node,2,0.000
1781208275.442,28.370,9382,9454,9459,gc,1,0.000
1781208275.442,28.370,9382,9454,9460,dq.builtins,0,0.000
1781208275.442,28.370,9382,9454,9461,dq.user,1,0.000
1781208275.442,28.370,9382,9454,9462,tev,1,0.000
1781208275.442,28.370,9382,9454,9463,recv,1,0.000
1781208275.442,28.370,9382,9454,9464,recvUC,0,0.000
1781208275.442,28.370,9382,9454,9465,ov2slam_node,2,0.000
1781208275.442,28.370,9382,9454,9466,ov2slam_node,2,0.000
1781208275.442,28.370,9382,9454,9467,ov2_map,1,0.000
1781208275.442,28.370,9382,9454,9468,ov2_est,3,19.200
1781208275.442,28.370,9382,9454,9470,ov2_main,0,19.200
1781208275.442,28.370,9382,9454,9471,ov2_feed,1,0.000
1781208275.442,28.370,9382,9454,9565,ov2_main,2,19.200
1781208275.442,28.370,9382,9454,9566,ov2_main,0,0.000
1781208275.442,28.370,9382,9454,9567,ov2_main,1,0.000
1781208275.494,28.422,9382,9454,9454,ov2slam_node,2,0.000
1781208275.494,28.422,9382,9454,9455,ov2slam_nod-ust,1,0.000
1781208275.494,28.422,9382,9454,9456,ov2slam_nod-ust,2,0.000
1781208275.494,28.422,9382,9454,9457,ov2slam_node,1,0.000
1781208275.494,28.422,9382,9454,9458,ov2slam_node,2,0.000
1781208275.494,28.422,9382,9454,9459,gc,1,0.000
1781208275.494,28.422,9382,9454,9460,dq.builtins,0,0.000
1781208275.494,28.422,9382,9454,9461,dq.user,1,0.000
1781208275.494,28.422,9382,9454,9462,tev,1,0.000
1781208275.494,28.422,9382,9454,9463,recv,1,0.000
1781208275.494,28.422,9382,9454,9464,recvUC,0,19.255
1781208275.494,28.422,9382,9454,9465,ov2slam_node,2,0.000
1781208275.494,28.422,9382,9454,9466,ov2slam_node,2,0.000
1781208275.494,28.422,9382,9454,9467,ov2_map,1,19.255
1781208275.494,28.422,9382,9454,9468,ov2_est,3,57.766
1781208275.494,28.422,9382,9454,9470,ov2_main,1,19.255
1781208275.494,28.422,9382,9454,9471,ov2_feed,1,0.000
1781208275.494,28.422,9382,9454,9565,ov2_main,2,0.000
1781208275.494,28.422,9382,9454,9566,ov2_main,0,19.255
1781208275.494,28.422,9382,9454,9567,ov2_main,1,0.000
1781208275.547,28.475,9382,9454,9454,ov2slam_node,2,0.000
1781208275.547,28.475,9382,9454,9455,ov2slam_nod-ust,1,0.000
1781208275.547,28.475,9382,9454,9456,ov2slam_nod-ust,2,0.000
1781208275.547,28.475,9382,9454,9457,ov2slam_node,1,0.000
1781208275.547,28.475,9382,9454,9458,ov2slam_node,2,0.000
1781208275.547,28.475,9382,9454,9459,gc,1,0.000
1781208275.547,28.475,9382,9454,9460,dq.builtins,0,0.000
1781208275.547,28.475,9382,9454,9461,dq.user,1,0.000
1781208275.547,28.475,9382,9454,9462,tev,1,0.000
1781208275.547,28.475,9382,9454,9463,recv,1,0.000
1781208275.547,28.475,9382,9454,9464,recvUC,0,0.000
1781208275.547,28.475,9382,9454,9465,ov2slam_node,2,0.000
1781208275.547,28.475,9382,9454,9466,ov2slam_node,2,0.000
1781208275.547,28.475,9382,9454,9467,ov2_map,1,0.000
1781208275.547,28.475,9382,9454,9468,ov2_est,3,38.070
1781208275.547,28.475,9382,9454,9470,ov2_main,1,19.035
1781208275.547,28.475,9382,9454,9471,ov2_feed,1,0.000
1781208275.547,28.475,9382,9454,9565,ov2_main,2,19.035
1781208275.547,28.475,9382,9454,9566,ov2_main,0,0.000
1781208275.547,28.475,9382,9454,9567,ov2_main,1,19.035
1781208275.599,28.527,9382,9454,9454,ov2slam_node,2,0.000
1781208275.599,28.527,9382,9454,9455,ov2slam_nod-ust,1,0.000
1781208275.599,28.527,9382,9454,9456,ov2slam_nod-ust,2,0.000
1781208275.599,28.527,9382,9454,9457,ov2slam_node,1,0.000
1781208275.599,28.527,9382,9454,9458,ov2slam_node,2,0.000
1781208275.599,28.527,9382,9454,9459,gc,1,0.000
1781208275.599,28.527,9382,9454,9460,dq.builtins,0,0.000
1781208275.599,28.527,9382,9454,9461,dq.user,1,0.000
1781208275.599,28.527,9382,9454,9462,tev,1,0.000
1781208275.599,28.527,9382,9454,9463,recv,1,0.000
1781208275.599,28.527,9382,9454,9464,recvUC,0,0.000
1781208275.599,28.527,9382,9454,9465,ov2slam_node,2,0.000
1781208275.599,28.527,9382,9454,9466,ov2slam_node,0,0.000
1781208275.599,28.527,9382,9454,9467,ov2_map,1,0.000
1781208275.599,28.527,9382,9454,9468,ov2_est,3,76.325
1781208275.599,28.527,9382,9454,9470,ov2_main,2,19.081
1781208275.599,28.527,9382,9454,9471,ov2_feed,2,0.000
1781208275.599,28.527,9382,9454,9565,ov2_main,2,0.000
1781208275.599,28.527,9382,9454,9566,ov2_main,0,0.000
1781208275.599,28.527,9382,9454,9567,ov2_main,3,0.000
1781208275.651,28.579,9382,9454,9454,ov2slam_node,2,0.000
1781208275.651,28.579,9382,9454,9455,ov2slam_nod-ust,1,0.000
1781208275.651,28.579,9382,9454,9456,ov2slam_nod-ust,2,0.000
1781208275.651,28.579,9382,9454,9457,ov2slam_node,1,0.000
1781208275.651,28.579,9382,9454,9458,ov2slam_node,2,0.000
1781208275.651,28.579,9382,9454,9459,gc,1,0.000
1781208275.651,28.579,9382,9454,9460,dq.builtins,0,0.000
1781208275.651,28.579,9382,9454,9461,dq.user,1,0.000
1781208275.651,28.579,9382,9454,9462,tev,1,0.000
1781208275.651,28.579,9382,9454,9463,recv,1,0.000
1781208275.651,28.579,9382,9454,9464,recvUC,0,0.000
1781208275.651,28.579,9382,9454,9465,ov2slam_node,2,0.000
1781208275.651,28.579,9382,9454,9466,ov2slam_node,2,0.000
1781208275.651,28.579,9382,9454,9467,ov2_map,1,0.000
1781208275.651,28.579,9382,9454,9468,ov2_est,3,19.200
1781208275.651,28.579,9382,9454,9470,ov2_main,2,19.200
1781208275.651,28.579,9382,9454,9471,ov2_feed,1,0.000
1781208275.651,28.579,9382,9454,9565,ov2_main,1,19.200
1781208275.651,28.579,9382,9454,9566,ov2_main,0,38.400
1781208275.651,28.579,9382,9454,9567,ov2_main,3,19.200
1781208275.704,28.632,9382,9454,9454,ov2slam_node,2,0.000
1781208275.704,28.632,9382,9454,9455,ov2slam_nod-ust,1,0.000
1781208275.704,28.632,9382,9454,9456,ov2slam_nod-ust,2,0.000
1781208275.704,28.632,9382,9454,9457,ov2slam_node,1,0.000
1781208275.704,28.632,9382,9454,9458,ov2slam_node,2,0.000
1781208275.704,28.632,9382,9454,9459,gc,1,0.000
1781208275.704,28.632,9382,9454,9460,dq.builtins,0,0.000
1781208275.704,28.632,9382,9454,9461,dq.user,1,0.000
1781208275.704,28.632,9382,9454,9462,tev,1,0.000
1781208275.704,28.632,9382,9454,9463,recv,1,0.000
1781208275.704,28.632,9382,9454,9464,recvUC,0,0.000
1781208275.704,28.632,9382,9454,9465,ov2slam_node,2,0.000
1781208275.704,28.632,9382,9454,9466,ov2slam_node,2,0.000
1781208275.704,28.632,9382,9454,9467,ov2_map,2,19.051
1781208275.704,28.632,9382,9454,9468,ov2_est,3,76.204
1781208275.704,28.632,9382,9454,9470,ov2_main,2,19.051
1781208275.704,28.632,9382,9454,9471,ov2_feed,1,0.000
1781208275.704,28.632,9382,9454,9565,ov2_main,1,0.000
1781208275.704,28.632,9382,9454,9566,ov2_main,0,0.000
1781208275.704,28.632,9382,9454,9567,ov2_main,3,0.000
1781208275.757,28.685,9382,9454,9454,ov2slam_node,2,0.000
1781208275.757,28.685,9382,9454,9455,ov2slam_nod-ust,1,0.000
1781208275.757,28.685,9382,9454,9456,ov2slam_nod-ust,2,0.000
1781208275.757,28.685,9382,9454,9457,ov2slam_node,1,0.000
1781208275.757,28.685,9382,9454,9458,ov2slam_node,2,0.000
1781208275.757,28.685,9382,9454,9459,gc,1,0.000
1781208275.757,28.685,9382,9454,9460,dq.builtins,0,0.000
1781208275.757,28.685,9382,9454,9461,dq.user,1,0.000
1781208275.757,28.685,9382,9454,9462,tev,1,0.000
1781208275.757,28.685,9382,9454,9463,recv,1,0.000
1781208275.757,28.685,9382,9454,9464,recvUC,0,0.000
1781208275.757,28.685,9382,9454,9465,ov2slam_node,2,0.000
1781208275.757,28.685,9382,9454,9466,ov2slam_node,2,0.000
1781208275.757,28.685,9382,9454,9467,ov2_map,2,0.000
1781208275.757,28.685,9382,9454,9468,ov2_est,3,37.761
1781208275.757,28.685,9382,9454,9470,ov2_main,2,0.000
1781208275.757,28.685,9382,9454,9471,ov2_feed,1,0.000
1781208275.757,28.685,9382,9454,9565,ov2_main,1,0.000
1781208275.757,28.685,9382,9454,9566,ov2_main,0,0.000
1781208275.757,28.685,9382,9454,9567,ov2_main,3,0.000
1781208275.809,28.737,9382,9454,9454,ov2slam_node,2,0.000
1781208275.809,28.737,9382,9454,9455,ov2slam_nod-ust,1,0.000
1781208275.809,28.737,9382,9454,9456,ov2slam_nod-ust,2,0.000
1781208275.809,28.737,9382,9454,9457,ov2slam_node,1,0.000
1781208275.809,28.737,9382,9454,9458,ov2slam_node,2,0.000
1781208275.809,28.737,9382,9454,9459,gc,1,0.000
1781208275.809,28.737,9382,9454,9460,dq.builtins,0,0.000
1781208275.809,28.737,9382,9454,9461,dq.user,1,0.000
1781208275.809,28.737,9382,9454,9462,tev,1,0.000
1781208275.809,28.737,9382,9454,9463,recv,1,0.000
1781208275.809,28.737,9382,9454,9464,recvUC,0,0.000
1781208275.809,28.737,9382,9454,9465,ov2slam_node,2,0.000
1781208275.809,28.737,9382,9454,9466,ov2slam_node,2,0.000
1781208275.809,28.737,9382,9454,9467,ov2_map,2,0.000
1781208275.809,28.737,9382,9454,9468,ov2_est,3,0.000
1781208275.809,28.737,9382,9454,9470,ov2_main,2,0.000
1781208275.809,28.737,9382,9454,9471,ov2_feed,1,0.000
1781208275.809,28.737,9382,9454,9565,ov2_main,1,0.000
1781208275.809,28.737,9382,9454,9566,ov2_main,2,0.000
1781208275.809,28.737,9382,9454,9567,ov2_main,3,0.000
1781208275.861,28.789,9382,9454,9454,ov2slam_node,2,0.000
1781208275.861,28.789,9382,9454,9455,ov2slam_nod-ust,1,0.000
1781208275.861,28.789,9382,9454,9456,ov2slam_nod-ust,2,0.000
1781208275.861,28.789,9382,9454,9457,ov2slam_node,1,0.000
1781208275.861,28.789,9382,9454,9458,ov2slam_node,2,0.000
1781208275.861,28.789,9382,9454,9459,gc,1,0.000
1781208275.861,28.789,9382,9454,9460,dq.builtins,0,0.000
1781208275.861,28.789,9382,9454,9461,dq.user,1,0.000
1781208275.861,28.789,9382,9454,9462,tev,1,0.000
1781208275.861,28.789,9382,9454,9463,recv,1,0.000
1781208275.861,28.789,9382,9454,9464,recvUC,0,0.000
1781208275.861,28.789,9382,9454,9465,ov2slam_node,2,0.000
1781208275.861,28.789,9382,9454,9466,ov2slam_node,2,0.000
1781208275.861,28.789,9382,9454,9467,ov2_map,3,0.000
1781208275.861,28.789,9382,9454,9468,ov2_est,3,0.000
1781208275.861,28.789,9382,9454,9470,ov2_main,2,38.386
1781208275.861,28.789,9382,9454,9471,ov2_feed,1,0.000
1781208275.861,28.789,9382,9454,9565,ov2_main,1,0.000
1781208275.861,28.789,9382,9454,9566,ov2_main,0,0.000
1781208275.861,28.789,9382,9454,9567,ov2_main,3,19.193
1781208275.914,28.842,9382,9454,9454,ov2slam_node,2,0.000
1781208275.914,28.842,9382,9454,9455,ov2slam_nod-ust,1,0.000
1781208275.914,28.842,9382,9454,9456,ov2slam_nod-ust,2,0.000
1781208275.914,28.842,9382,9454,9457,ov2slam_node,1,0.000
1781208275.914,28.842,9382,9454,9458,ov2slam_node,2,0.000
1781208275.914,28.842,9382,9454,9459,gc,1,0.000
1781208275.914,28.842,9382,9454,9460,dq.builtins,0,0.000
1781208275.914,28.842,9382,9454,9461,dq.user,1,0.000
1781208275.914,28.842,9382,9454,9462,tev,1,0.000
1781208275.914,28.842,9382,9454,9463,recv,1,0.000
1781208275.914,28.842,9382,9454,9464,recvUC,0,0.000
1781208275.914,28.842,9382,9454,9465,ov2slam_node,2,0.000
1781208275.914,28.842,9382,9454,9466,ov2slam_node,2,0.000
1781208275.914,28.842,9382,9454,9467,ov2_map,0,0.000
1781208275.914,28.842,9382,9454,9468,ov2_est,3,94.697
1781208275.914,28.842,9382,9454,9470,ov2_main,2,0.000
1781208275.914,28.842,9382,9454,9471,ov2_feed,1,0.000
1781208275.914,28.842,9382,9454,9565,ov2_main,1,18.939
1781208275.914,28.842,9382,9454,9566,ov2_main,0,18.939
1781208275.914,28.842,9382,9454,9567,ov2_main,0,0.000
1781208275.966,28.894,9382,9454,9454,ov2slam_node,2,0.000
1781208275.966,28.894,9382,9454,9455,ov2slam_nod-ust,1,0.000
1781208275.966,28.894,9382,9454,9456,ov2slam_nod-ust,2,0.000
1781208275.966,28.894,9382,9454,9457,ov2slam_node,1,0.000
1781208275.966,28.894,9382,9454,9458,ov2slam_node,2,0.000
1781208275.966,28.894,9382,9454,9459,gc,1,0.000
1781208275.966,28.894,9382,9454,9460,dq.builtins,0,0.000
1781208275.966,28.894,9382,9454,9461,dq.user,1,0.000
1781208275.966,28.894,9382,9454,9462,tev,1,0.000
1781208275.966,28.894,9382,9454,9463,recv,1,0.000
1781208275.966,28.894,9382,9454,9464,recvUC,0,0.000
1781208275.966,28.894,9382,9454,9465,ov2slam_node,2,0.000
1781208275.966,28.894,9382,9454,9466,ov2slam_node,2,0.000
1781208275.966,28.894,9382,9454,9467,ov2_map,2,0.000
1781208275.966,28.894,9382,9454,9468,ov2_est,3,18.984
1781208275.966,28.894,9382,9454,9470,ov2_main,2,0.000
1781208275.966,28.894,9382,9454,9471,ov2_feed,1,0.000
1781208275.966,28.894,9382,9454,9565,ov2_main,1,0.000
1781208275.966,28.894,9382,9454,9566,ov2_main,0,0.000
1781208275.966,28.894,9382,9454,9567,ov2_main,0,0.000
1781208276.018,28.946,9382,9454,9454,ov2slam_node,2,0.000
1781208276.018,28.946,9382,9454,9455,ov2slam_nod-ust,1,0.000
1781208276.018,28.946,9382,9454,9456,ov2slam_nod-ust,2,0.000
1781208276.018,28.946,9382,9454,9457,ov2slam_node,1,0.000
1781208276.018,28.946,9382,9454,9458,ov2slam_node,2,0.000
1781208276.018,28.946,9382,9454,9459,gc,1,0.000
1781208276.018,28.946,9382,9454,9460,dq.builtins,0,0.000
1781208276.018,28.946,9382,9454,9461,dq.user,1,0.000
1781208276.018,28.946,9382,9454,9462,tev,1,0.000
1781208276.018,28.946,9382,9454,9463,recv,1,0.000
1781208276.018,28.946,9382,9454,9464,recvUC,2,0.000
1781208276.018,28.946,9382,9454,9465,ov2slam_node,2,0.000
1781208276.018,28.946,9382,9454,9466,ov2slam_node,2,0.000
1781208276.018,28.946,9382,9454,9467,ov2_map,2,0.000
1781208276.018,28.946,9382,9454,9468,ov2_est,3,19.250
1781208276.018,28.946,9382,9454,9470,ov2_main,2,0.000
1781208276.018,28.946,9382,9454,9471,ov2_feed,1,0.000
1781208276.018,28.946,9382,9454,9565,ov2_main,1,0.000
1781208276.018,28.946,9382,9454,9566,ov2_main,0,0.000
1781208276.018,28.946,9382,9454,9567,ov2_main,0,0.000
1781208276.070,28.998,9382,9454,9454,ov2slam_node,2,0.000
1781208276.070,28.998,9382,9454,9455,ov2slam_nod-ust,1,0.000
1781208276.070,28.998,9382,9454,9456,ov2slam_nod-ust,2,0.000
1781208276.070,28.998,9382,9454,9457,ov2slam_node,1,0.000
1781208276.070,28.998,9382,9454,9458,ov2slam_node,2,0.000
1781208276.070,28.998,9382,9454,9459,gc,1,0.000
1781208276.070,28.998,9382,9454,9460,dq.builtins,0,0.000
1781208276.070,28.998,9382,9454,9461,dq.user,1,0.000
1781208276.070,28.998,9382,9454,9462,tev,1,0.000
1781208276.070,28.998,9382,9454,9463,recv,1,0.000
1781208276.070,28.998,9382,9454,9464,recvUC,2,0.000
1781208276.070,28.998,9382,9454,9465,ov2slam_node,2,0.000
1781208276.070,28.998,9382,9454,9466,ov2slam_node,2,0.000
1781208276.070,28.998,9382,9454,9467,ov2_map,2,0.000
1781208276.070,28.998,9382,9454,9468,ov2_est,3,0.000
1781208276.070,28.998,9382,9454,9470,ov2_main,2,0.000
1781208276.070,28.998,9382,9454,9471,ov2_feed,1,0.000
1781208276.070,28.998,9382,9454,9565,ov2_main,1,0.000
1781208276.070,28.998,9382,9454,9566,ov2_main,0,0.000
1781208276.070,28.998,9382,9454,9567,ov2_main,0,0.000
1781208276.122,29.050,9382,9454,9454,ov2slam_node,2,0.000
1781208276.122,29.050,9382,9454,9455,ov2slam_nod-ust,1,0.000
1781208276.122,29.050,9382,9454,9456,ov2slam_nod-ust,2,0.000
1781208276.122,29.050,9382,9454,9457,ov2slam_node,1,0.000
1781208276.122,29.050,9382,9454,9458,ov2slam_node,2,0.000
1781208276.122,29.050,9382,9454,9459,gc,1,0.000
1781208276.122,29.050,9382,9454,9460,dq.builtins,0,0.000
1781208276.122,29.050,9382,9454,9461,dq.user,1,0.000
1781208276.122,29.050,9382,9454,9462,tev,1,0.000
1781208276.122,29.050,9382,9454,9463,recv,1,0.000
1781208276.122,29.050,9382,9454,9464,recvUC,2,0.000
1781208276.122,29.050,9382,9454,9465,ov2slam_node,2,0.000
1781208276.122,29.050,9382,9454,9466,ov2slam_node,0,0.000
1781208276.122,29.050,9382,9454,9467,ov2_map,0,19.253
1781208276.122,29.050,9382,9454,9468,ov2_est,3,0.000
1781208276.122,29.050,9382,9454,9470,ov2_main,0,38.507
1781208276.122,29.050,9382,9454,9471,ov2_feed,0,0.000
1781208276.122,29.050,9382,9454,9565,ov2_main,1,19.253
1781208276.122,29.050,9382,9454,9566,ov2_main,0,0.000
1781208276.122,29.050,9382,9454,9567,ov2_main,0,0.000
1781208276.174,29.102,9382,9454,9454,ov2slam_node,2,0.000
1781208276.174,29.102,9382,9454,9455,ov2slam_nod-ust,1,0.000
1781208276.174,29.102,9382,9454,9456,ov2slam_nod-ust,2,0.000
1781208276.174,29.102,9382,9454,9457,ov2slam_node,1,0.000
1781208276.174,29.102,9382,9454,9458,ov2slam_node,2,0.000
1781208276.174,29.102,9382,9454,9459,gc,1,0.000
1781208276.174,29.102,9382,9454,9460,dq.builtins,0,0.000
1781208276.174,29.102,9382,9454,9461,dq.user,1,0.000
1781208276.174,29.102,9382,9454,9462,tev,1,0.000
1781208276.174,29.102,9382,9454,9463,recv,1,0.000
1781208276.174,29.102,9382,9454,9464,recvUC,2,0.000
1781208276.174,29.102,9382,9454,9465,ov2slam_node,2,0.000
1781208276.174,29.102,9382,9454,9466,ov2slam_node,0,0.000
1781208276.174,29.102,9382,9454,9467,ov2_map,1,0.000
1781208276.174,29.102,9382,9454,9468,ov2_est,3,114.942
1781208276.174,29.102,9382,9454,9470,ov2_main,2,0.000
1781208276.174,29.102,9382,9454,9471,ov2_feed,1,0.000
1781208276.174,29.102,9382,9454,9565,ov2_main,1,0.000
1781208276.174,29.102,9382,9454,9566,ov2_main,0,0.000
1781208276.174,29.102,9382,9454,9567,ov2_main,0,19.157
1781208276.227,29.155,9382,9454,9454,ov2slam_node,2,0.000
1781208276.227,29.155,9382,9454,9455,ov2slam_nod-ust,1,0.000
1781208276.227,29.155,9382,9454,9456,ov2slam_nod-ust,2,0.000
1781208276.227,29.155,9382,9454,9457,ov2slam_node,1,0.000
1781208276.227,29.155,9382,9454,9458,ov2slam_node,2,0.000
1781208276.227,29.155,9382,9454,9459,gc,1,0.000
1781208276.227,29.155,9382,9454,9460,dq.builtins,0,0.000
1781208276.227,29.155,9382,9454,9461,dq.user,1,0.000
1781208276.227,29.155,9382,9454,9462,tev,1,0.000
1781208276.227,29.155,9382,9454,9463,recv,1,0.000
1781208276.227,29.155,9382,9454,9464,recvUC,2,0.000
1781208276.227,29.155,9382,9454,9465,ov2slam_node,2,0.000
1781208276.227,29.155,9382,9454,9466,ov2slam_node,0,0.000
1781208276.227,29.155,9382,9454,9467,ov2_map,1,0.000
1781208276.227,29.155,9382,9454,9468,ov2_est,3,19.111
1781208276.227,29.155,9382,9454,9470,ov2_main,2,19.111
1781208276.227,29.155,9382,9454,9471,ov2_feed,1,0.000
1781208276.227,29.155,9382,9454,9565,ov2_main,1,19.111
1781208276.227,29.155,9382,9454,9566,ov2_main,0,0.000
1781208276.227,29.155,9382,9454,9567,ov2_main,0,0.000
1781208276.279,29.206,9382,9454,9454,ov2slam_node,2,0.000
1781208276.279,29.206,9382,9454,9455,ov2slam_nod-ust,1,0.000
1781208276.279,29.206,9382,9454,9456,ov2slam_nod-ust,2,0.000
1781208276.279,29.206,9382,9454,9457,ov2slam_node,1,0.000
1781208276.279,29.206,9382,9454,9458,ov2slam_node,2,0.000
1781208276.279,29.206,9382,9454,9459,gc,1,0.000
1781208276.279,29.206,9382,9454,9460,dq.builtins,0,0.000
1781208276.279,29.206,9382,9454,9461,dq.user,1,0.000
1781208276.279,29.206,9382,9454,9462,tev,1,0.000
1781208276.279,29.206,9382,9454,9463,recv,1,0.000
1781208276.279,29.206,9382,9454,9464,recvUC,2,0.000
1781208276.279,29.206,9382,9454,9465,ov2slam_node,2,0.000
1781208276.279,29.206,9382,9454,9466,ov2slam_node,0,0.000
1781208276.279,29.206,9382,9454,9467,ov2_map,1,0.000
1781208276.279,29.206,9382,9454,9468,ov2_est,3,19.265
1781208276.279,29.206,9382,9454,9470,ov2_main,3,19.265
1781208276.279,29.206,9382,9454,9471,ov2_feed,3,0.000
1781208276.279,29.206,9382,9454,9565,ov2_main,1,0.000
1781208276.279,29.206,9382,9454,9566,ov2_main,0,0.000
1781208276.279,29.206,9382,9454,9567,ov2_main,3,0.000
1781208276.331,29.259,9382,9454,9454,ov2slam_node,2,0.000
1781208276.331,29.259,9382,9454,9455,ov2slam_nod-ust,1,0.000
1781208276.331,29.259,9382,9454,9456,ov2slam_nod-ust,2,0.000
1781208276.331,29.259,9382,9454,9457,ov2slam_node,1,0.000
1781208276.331,29.259,9382,9454,9458,ov2slam_node,2,0.000
1781208276.331,29.259,9382,9454,9459,gc,1,0.000
1781208276.331,29.259,9382,9454,9460,dq.builtins,0,0.000
1781208276.331,29.259,9382,9454,9461,dq.user,1,0.000
1781208276.331,29.259,9382,9454,9462,tev,1,0.000
1781208276.331,29.259,9382,9454,9463,recv,1,0.000
1781208276.331,29.259,9382,9454,9464,recvUC,2,0.000
1781208276.331,29.259,9382,9454,9465,ov2slam_node,2,0.000
1781208276.331,29.259,9382,9454,9466,ov2slam_node,0,0.000
1781208276.331,29.259,9382,9454,9467,ov2_map,1,0.000
1781208276.331,29.259,9382,9454,9468,ov2_est,3,95.869
1781208276.331,29.259,9382,9454,9470,ov2_main,2,0.000
1781208276.331,29.259,9382,9454,9471,ov2_feed,2,0.000
1781208276.331,29.259,9382,9454,9565,ov2_main,1,0.000
1781208276.331,29.259,9382,9454,9566,ov2_main,0,19.174
1781208276.331,29.259,9382,9454,9567,ov2_main,1,0.000
1781208276.383,29.311,9382,9454,9454,ov2slam_node,2,0.000
1781208276.383,29.311,9382,9454,9455,ov2slam_nod-ust,1,0.000
1781208276.383,29.311,9382,9454,9456,ov2slam_nod-ust,2,0.000
1781208276.383,29.311,9382,9454,9457,ov2slam_node,1,0.000
1781208276.383,29.311,9382,9454,9458,ov2slam_node,2,0.000
1781208276.383,29.311,9382,9454,9459,gc,1,0.000
1781208276.383,29.311,9382,9454,9460,dq.builtins,0,0.000
1781208276.383,29.311,9382,9454,9461,dq.user,1,0.000
1781208276.383,29.311,9382,9454,9462,tev,1,0.000
1781208276.383,29.311,9382,9454,9463,recv,1,0.000
1781208276.383,29.311,9382,9454,9464,recvUC,2,0.000
1781208276.383,29.311,9382,9454,9465,ov2slam_node,2,0.000
1781208276.383,29.311,9382,9454,9466,ov2slam_node,0,0.000
1781208276.383,29.311,9382,9454,9467,ov2_map,1,0.000
1781208276.383,29.311,9382,9454,9468,ov2_est,3,19.176
1781208276.383,29.311,9382,9454,9470,ov2_main,3,19.176
1781208276.383,29.311,9382,9454,9471,ov2_feed,1,0.000
1781208276.383,29.311,9382,9454,9565,ov2_main,1,19.176
1781208276.383,29.311,9382,9454,9566,ov2_main,0,19.176
1781208276.383,29.311,9382,9454,9567,ov2_main,3,0.000
1781208276.435,29.363,9382,9454,9454,ov2slam_node,2,0.000
1781208276.435,29.363,9382,9454,9455,ov2slam_nod-ust,1,0.000
1781208276.435,29.363,9382,9454,9456,ov2slam_nod-ust,2,0.000
1781208276.435,29.363,9382,9454,9457,ov2slam_node,1,0.000
1781208276.435,29.363,9382,9454,9458,ov2slam_node,2,0.000
1781208276.435,29.363,9382,9454,9459,gc,1,0.000
1781208276.435,29.363,9382,9454,9460,dq.builtins,0,0.000
1781208276.435,29.363,9382,9454,9461,dq.user,1,0.000
1781208276.435,29.363,9382,9454,9462,tev,1,0.000
1781208276.435,29.363,9382,9454,9463,recv,1,0.000
1781208276.435,29.363,9382,9454,9464,recvUC,2,0.000
1781208276.435,29.363,9382,9454,9465,ov2slam_node,2,0.000
1781208276.435,29.363,9382,9454,9466,ov2slam_node,0,0.000
1781208276.435,29.363,9382,9454,9467,ov2_map,1,19.272
1781208276.435,29.363,9382,9454,9468,ov2_est,3,38.544
1781208276.435,29.363,9382,9454,9470,ov2_main,2,38.544
1781208276.435,29.363,9382,9454,9471,ov2_feed,2,0.000
1781208276.435,29.363,9382,9454,9565,ov2_main,1,0.000
1781208276.435,29.363,9382,9454,9566,ov2_main,0,0.000
1781208276.435,29.363,9382,9454,9567,ov2_main,2,19.272
1781208276.487,29.415,9382,9454,9454,ov2slam_node,2,0.000
1781208276.487,29.415,9382,9454,9455,ov2slam_nod-ust,1,0.000
1781208276.487,29.415,9382,9454,9456,ov2slam_nod-ust,2,0.000
1781208276.487,29.415,9382,9454,9457,ov2slam_node,1,0.000
1781208276.487,29.415,9382,9454,9458,ov2slam_node,2,0.000
1781208276.487,29.415,9382,9454,9459,gc,1,0.000
1781208276.487,29.415,9382,9454,9460,dq.builtins,0,0.000
1781208276.487,29.415,9382,9454,9461,dq.user,1,0.000
1781208276.487,29.415,9382,9454,9462,tev,1,0.000
1781208276.487,29.415,9382,9454,9463,recv,1,0.000
1781208276.487,29.415,9382,9454,9464,recvUC,2,0.000
1781208276.487,29.415,9382,9454,9465,ov2slam_node,2,0.000
1781208276.487,29.415,9382,9454,9466,ov2slam_node,0,0.000
1781208276.487,29.415,9382,9454,9467,ov2_map,1,0.000
1781208276.487,29.415,9382,9454,9468,ov2_est,3,96.139
1781208276.487,29.415,9382,9454,9470,ov2_main,2,19.228
1781208276.487,29.415,9382,9454,9471,ov2_feed,2,0.000
1781208276.487,29.415,9382,9454,9565,ov2_main,1,19.228
1781208276.487,29.415,9382,9454,9566,ov2_main,0,19.228
1781208276.487,29.415,9382,9454,9567,ov2_main,0,0.000
1781208276.539,29.467,9382,9454,9454,ov2slam_node,3,0.000
1781208276.539,29.467,9382,9454,9455,ov2slam_nod-ust,1,0.000
1781208276.539,29.467,9382,9454,9456,ov2slam_nod-ust,2,0.000
1781208276.539,29.467,9382,9454,9457,ov2slam_node,1,0.000
1781208276.539,29.467,9382,9454,9458,ov2slam_node,2,0.000
1781208276.539,29.467,9382,9454,9459,gc,1,0.000
1781208276.539,29.467,9382,9454,9460,dq.builtins,0,0.000
1781208276.539,29.467,9382,9454,9461,dq.user,1,0.000
1781208276.539,29.467,9382,9454,9462,tev,1,0.000
1781208276.539,29.467,9382,9454,9463,recv,1,0.000
1781208276.539,29.467,9382,9454,9464,recvUC,2,0.000
1781208276.539,29.467,9382,9454,9465,ov2slam_node,2,0.000
1781208276.539,29.467,9382,9454,9466,ov2slam_node,0,0.000
1781208276.539,29.467,9382,9454,9467,ov2_map,1,0.000
1781208276.539,29.467,9382,9454,9468,ov2_est,0,19.183
1781208276.539,29.467,9382,9454,9470,ov2_main,2,0.000
1781208276.539,29.467,9382,9454,9471,ov2_feed,0,0.000
1781208276.539,29.467,9382,9454,9565,ov2_main,1,0.000
1781208276.539,29.467,9382,9454,9566,ov2_main,0,0.000
1781208276.539,29.467,9382,9454,9567,ov2_main,3,0.000
1781208276.592,29.520,9382,9454,9454,ov2slam_node,3,0.000
1781208276.592,29.520,9382,9454,9455,ov2slam_nod-ust,1,0.000
1781208276.592,29.520,9382,9454,9456,ov2slam_nod-ust,2,0.000
1781208276.592,29.520,9382,9454,9457,ov2slam_node,1,0.000
1781208276.592,29.520,9382,9454,9458,ov2slam_node,2,0.000
1781208276.592,29.520,9382,9454,9459,gc,1,0.000
1781208276.592,29.520,9382,9454,9460,dq.builtins,0,0.000
1781208276.592,29.520,9382,9454,9461,dq.user,1,0.000
1781208276.592,29.520,9382,9454,9462,tev,1,0.000
1781208276.592,29.520,9382,9454,9463,recv,1,0.000
1781208276.592,29.520,9382,9454,9464,recvUC,3,0.000
1781208276.592,29.520,9382,9454,9465,ov2slam_node,2,0.000
1781208276.592,29.520,9382,9454,9466,ov2slam_node,0,0.000
1781208276.592,29.520,9382,9454,9467,ov2_map,1,0.000
1781208276.592,29.520,9382,9454,9468,ov2_est,3,0.000
1781208276.592,29.520,9382,9454,9470,ov2_main,2,18.849
1781208276.592,29.520,9382,9454,9471,ov2_feed,3,0.000
1781208276.592,29.520,9382,9454,9565,ov2_main,1,0.000
1781208276.592,29.520,9382,9454,9566,ov2_main,0,0.000
1781208276.592,29.520,9382,9454,9567,ov2_main,3,0.000
1781208276.644,29.572,9382,9454,9454,ov2slam_node,3,0.000
1781208276.644,29.572,9382,9454,9455,ov2slam_nod-ust,1,0.000
1781208276.644,29.572,9382,9454,9456,ov2slam_nod-ust,2,0.000
1781208276.644,29.572,9382,9454,9457,ov2slam_node,1,0.000
1781208276.644,29.572,9382,9454,9458,ov2slam_node,2,0.000
1781208276.644,29.572,9382,9454,9459,gc,1,0.000
1781208276.644,29.572,9382,9454,9460,dq.builtins,0,0.000
1781208276.644,29.572,9382,9454,9461,dq.user,1,0.000
1781208276.644,29.572,9382,9454,9462,tev,1,0.000
1781208276.644,29.572,9382,9454,9463,recv,1,0.000
1781208276.644,29.572,9382,9454,9464,recvUC,3,0.000
1781208276.644,29.572,9382,9454,9465,ov2slam_node,2,0.000
1781208276.644,29.572,9382,9454,9466,ov2slam_node,3,0.000
1781208276.644,29.572,9382,9454,9467,ov2_map,1,19.263
1781208276.644,29.572,9382,9454,9468,ov2_est,3,0.000
1781208276.644,29.572,9382,9454,9470,ov2_main,2,0.000
1781208276.644,29.572,9382,9454,9471,ov2_feed,3,0.000
1781208276.644,29.572,9382,9454,9565,ov2_main,1,19.263
1781208276.644,29.572,9382,9454,9566,ov2_main,0,0.000
1781208276.644,29.572,9382,9454,9567,ov2_main,3,19.263
1781208276.696,29.624,9382,9454,9454,ov2slam_node,3,0.000
1781208276.696,29.624,9382,9454,9455,ov2slam_nod-ust,1,0.000
1781208276.696,29.624,9382,9454,9456,ov2slam_nod-ust,2,0.000
1781208276.696,29.624,9382,9454,9457,ov2slam_node,1,0.000
1781208276.696,29.624,9382,9454,9458,ov2slam_node,2,0.000
1781208276.696,29.624,9382,9454,9459,gc,1,0.000
1781208276.696,29.624,9382,9454,9460,dq.builtins,0,0.000
1781208276.696,29.624,9382,9454,9461,dq.user,1,0.000
1781208276.696,29.624,9382,9454,9462,tev,1,0.000
1781208276.696,29.624,9382,9454,9463,recv,1,0.000
1781208276.696,29.624,9382,9454,9464,recvUC,3,0.000
1781208276.696,29.624,9382,9454,9465,ov2slam_node,2,0.000
1781208276.696,29.624,9382,9454,9466,ov2slam_node,3,0.000
1781208276.696,29.624,9382,9454,9467,ov2_map,1,0.000
1781208276.696,29.624,9382,9454,9468,ov2_est,3,0.000
1781208276.696,29.624,9382,9454,9470,ov2_main,2,0.000
1781208276.696,29.624,9382,9454,9471,ov2_feed,3,0.000
1781208276.696,29.624,9382,9454,9565,ov2_main,1,0.000
1781208276.696,29.624,9382,9454,9566,ov2_main,0,0.000
1781208276.696,29.624,9382,9454,9567,ov2_main,3,0.000
1781208276.748,29.676,9382,9454,9454,ov2slam_node,3,0.000
1781208276.748,29.676,9382,9454,9455,ov2slam_nod-ust,1,0.000
1781208276.748,29.676,9382,9454,9456,ov2slam_nod-ust,2,0.000
1781208276.748,29.676,9382,9454,9457,ov2slam_node,1,0.000
1781208276.748,29.676,9382,9454,9458,ov2slam_node,2,0.000
1781208276.748,29.676,9382,9454,9459,gc,1,0.000
1781208276.748,29.676,9382,9454,9460,dq.builtins,0,0.000
1781208276.748,29.676,9382,9454,9461,dq.user,1,0.000
1781208276.748,29.676,9382,9454,9462,tev,1,0.000
1781208276.748,29.676,9382,9454,9463,recv,1,0.000
1781208276.748,29.676,9382,9454,9464,recvUC,3,0.000
1781208276.748,29.676,9382,9454,9465,ov2slam_node,2,0.000
1781208276.748,29.676,9382,9454,9466,ov2slam_node,3,0.000
1781208276.748,29.676,9382,9454,9467,ov2_map,1,0.000
1781208276.748,29.676,9382,9454,9468,ov2_est,3,0.000
1781208276.748,29.676,9382,9454,9470,ov2_main,2,19.272
1781208276.748,29.676,9382,9454,9471,ov2_feed,3,0.000
1781208276.748,29.676,9382,9454,9565,ov2_main,1,0.000
1781208276.748,29.676,9382,9454,9566,ov2_main,0,0.000
1781208276.748,29.676,9382,9454,9567,ov2_main,3,19.272
1781208276.801,29.728,9382,9454,9454,ov2slam_node,0,0.000
1781208276.801,29.728,9382,9454,9455,ov2slam_nod-ust,1,0.000
1781208276.801,29.728,9382,9454,9456,ov2slam_nod-ust,2,0.000
1781208276.801,29.728,9382,9454,9457,ov2slam_node,1,0.000
1781208276.801,29.728,9382,9454,9458,ov2slam_node,2,0.000
1781208276.801,29.728,9382,9454,9459,gc,1,0.000
1781208276.801,29.728,9382,9454,9460,dq.builtins,0,0.000
1781208276.801,29.728,9382,9454,9461,dq.user,1,0.000
1781208276.801,29.728,9382,9454,9462,tev,1,0.000
1781208276.801,29.728,9382,9454,9463,recv,1,0.000
1781208276.801,29.728,9382,9454,9464,recvUC,1,19.018
1781208276.801,29.728,9382,9454,9465,ov2slam_node,2,0.000
1781208276.801,29.728,9382,9454,9466,ov2slam_node,2,0.000
1781208276.801,29.728,9382,9454,9467,ov2_map,1,19.018
1781208276.801,29.728,9382,9454,9468,ov2_est,3,76.072
1781208276.801,29.728,9382,9454,9470,ov2_main,2,19.018
1781208276.801,29.728,9382,9454,9471,ov2_feed,0,0.000
1781208276.801,29.728,9382,9454,9565,ov2_main,1,19.018
1781208276.801,29.728,9382,9454,9566,ov2_main,0,19.018
1781208276.801,29.728,9382,9454,9567,ov2_main,1,0.000
1781208276.853,29.781,9382,9454,9454,ov2slam_node,0,0.000
1781208276.853,29.781,9382,9454,9455,ov2slam_nod-ust,1,0.000
1781208276.853,29.781,9382,9454,9456,ov2slam_nod-ust,2,0.000
1781208276.853,29.781,9382,9454,9457,ov2slam_node,1,0.000
1781208276.853,29.781,9382,9454,9458,ov2slam_node,2,0.000
1781208276.853,29.781,9382,9454,9459,gc,1,0.000
1781208276.853,29.781,9382,9454,9460,dq.builtins,0,0.000
1781208276.853,29.781,9382,9454,9461,dq.user,1,0.000
1781208276.853,29.781,9382,9454,9462,tev,1,0.000
1781208276.853,29.781,9382,9454,9463,recv,1,0.000
1781208276.853,29.781,9382,9454,9464,recvUC,1,0.000
1781208276.853,29.781,9382,9454,9465,ov2slam_node,2,0.000
1781208276.853,29.781,9382,9454,9466,ov2slam_node,2,0.000
1781208276.853,29.781,9382,9454,9467,ov2_map,1,0.000
1781208276.853,29.781,9382,9454,9468,ov2_est,3,76.074
1781208276.853,29.781,9382,9454,9470,ov2_main,2,0.000
1781208276.853,29.781,9382,9454,9471,ov2_feed,3,0.000
1781208276.853,29.781,9382,9454,9565,ov2_main,1,0.000
1781208276.853,29.781,9382,9454,9566,ov2_main,2,0.000
1781208276.853,29.781,9382,9454,9567,ov2_main,1,0.000
1781208276.905,29.833,9382,9454,9454,ov2slam_node,0,0.000
1781208276.905,29.833,9382,9454,9455,ov2slam_nod-ust,1,0.000
1781208276.905,29.833,9382,9454,9456,ov2slam_nod-ust,2,0.000
1781208276.905,29.833,9382,9454,9457,ov2slam_node,1,0.000
1781208276.905,29.833,9382,9454,9458,ov2slam_node,2,0.000
1781208276.905,29.833,9382,9454,9459,gc,1,0.000
1781208276.905,29.833,9382,9454,9460,dq.builtins,0,0.000
1781208276.905,29.833,9382,9454,9461,dq.user,1,0.000
1781208276.905,29.833,9382,9454,9462,tev,1,0.000
1781208276.905,29.833,9382,9454,9463,recv,1,0.000
1781208276.905,29.833,9382,9454,9464,recvUC,1,0.000
1781208276.905,29.833,9382,9454,9465,ov2slam_node,2,0.000
1781208276.905,29.833,9382,9454,9466,ov2slam_node,3,0.000
1781208276.905,29.833,9382,9454,9467,ov2_map,1,0.000
1781208276.905,29.833,9382,9454,9468,ov2_est,3,0.000
1781208276.905,29.833,9382,9454,9470,ov2_main,3,19.240
1781208276.905,29.833,9382,9454,9471,ov2_feed,3,0.000
1781208276.905,29.833,9382,9454,9565,ov2_main,1,0.000
1781208276.905,29.833,9382,9454,9566,ov2_main,1,19.240
1781208276.905,29.833,9382,9454,9567,ov2_main,3,0.000
1781208276.958,29.885,9382,9454,9454,ov2slam_node,0,0.000
1781208276.958,29.885,9382,9454,9455,ov2slam_nod-ust,1,0.000
1781208276.958,29.885,9382,9454,9456,ov2slam_nod-ust,2,0.000
1781208276.958,29.885,9382,9454,9457,ov2slam_node,1,0.000
1781208276.958,29.885,9382,9454,9458,ov2slam_node,2,0.000
1781208276.958,29.885,9382,9454,9459,gc,1,0.000
1781208276.958,29.885,9382,9454,9460,dq.builtins,0,0.000
1781208276.958,29.885,9382,9454,9461,dq.user,1,0.000
1781208276.958,29.885,9382,9454,9462,tev,1,0.000
1781208276.958,29.885,9382,9454,9463,recv,1,0.000
1781208276.958,29.885,9382,9454,9464,recvUC,1,0.000
1781208276.958,29.885,9382,9454,9465,ov2slam_node,2,0.000
1781208276.958,29.885,9382,9454,9466,ov2slam_node,3,0.000
1781208276.958,29.885,9382,9454,9467,ov2_map,1,0.000
1781208276.958,29.885,9382,9454,9468,ov2_est,3,19.065
1781208276.958,29.885,9382,9454,9470,ov2_main,3,19.065
1781208276.958,29.885,9382,9454,9471,ov2_feed,3,0.000
1781208276.958,29.885,9382,9454,9565,ov2_main,1,19.065
1781208276.958,29.885,9382,9454,9566,ov2_main,1,0.000
1781208276.958,29.885,9382,9454,9567,ov2_main,3,0.000
1781208277.010,29.938,9382,9454,9454,ov2slam_node,0,0.000
1781208277.010,29.938,9382,9454,9455,ov2slam_nod-ust,1,0.000
1781208277.010,29.938,9382,9454,9456,ov2slam_nod-ust,2,0.000
1781208277.010,29.938,9382,9454,9457,ov2slam_node,1,0.000
1781208277.010,29.938,9382,9454,9458,ov2slam_node,2,0.000
1781208277.010,29.938,9382,9454,9459,gc,1,0.000
1781208277.010,29.938,9382,9454,9460,dq.builtins,0,0.000
1781208277.010,29.938,9382,9454,9461,dq.user,1,0.000
1781208277.010,29.938,9382,9454,9462,tev,1,0.000
1781208277.010,29.938,9382,9454,9463,recv,1,0.000
1781208277.010,29.938,9382,9454,9464,recvUC,1,0.000
1781208277.010,29.938,9382,9454,9465,ov2slam_node,2,0.000
1781208277.010,29.938,9382,9454,9466,ov2slam_node,2,0.000
1781208277.010,29.938,9382,9454,9467,ov2_map,1,0.000
1781208277.010,29.938,9382,9454,9468,ov2_est,3,76.761
1781208277.010,29.938,9382,9454,9470,ov2_main,2,19.190
1781208277.010,29.938,9382,9454,9471,ov2_feed,0,0.000
1781208277.010,29.938,9382,9454,9565,ov2_main,1,0.000
1781208277.010,29.938,9382,9454,9566,ov2_main,1,0.000
1781208277.010,29.938,9382,9454,9567,ov2_main,0,19.190
1781208277.062,29.990,9382,9454,9454,ov2slam_node,0,0.000
1781208277.062,29.990,9382,9454,9455,ov2slam_nod-ust,1,0.000
1781208277.062,29.990,9382,9454,9456,ov2slam_nod-ust,2,0.000
1781208277.062,29.990,9382,9454,9457,ov2slam_node,1,0.000
1781208277.062,29.990,9382,9454,9458,ov2slam_node,2,0.000
1781208277.062,29.990,9382,9454,9459,gc,1,0.000
1781208277.062,29.990,9382,9454,9460,dq.builtins,0,0.000
1781208277.062,29.990,9382,9454,9461,dq.user,1,0.000
1781208277.062,29.990,9382,9454,9462,tev,1,0.000
1781208277.062,29.990,9382,9454,9463,recv,1,0.000
1781208277.062,29.990,9382,9454,9464,recvUC,1,0.000
1781208277.062,29.990,9382,9454,9465,ov2slam_node,2,0.000
1781208277.062,29.990,9382,9454,9466,ov2slam_node,2,0.000
1781208277.062,29.990,9382,9454,9467,ov2_map,1,0.000
1781208277.062,29.990,9382,9454,9468,ov2_est,3,76.977
1781208277.062,29.990,9382,9454,9470,ov2_main,2,19.244
1781208277.062,29.990,9382,9454,9471,ov2_feed,3,0.000
1781208277.062,29.990,9382,9454,9565,ov2_main,1,19.244
1781208277.062,29.990,9382,9454,9566,ov2_main,1,0.000
1781208277.062,29.990,9382,9454,9567,ov2_main,0,19.244
1781208277.113,30.041,9382,9454,9454,ov2slam_node,0,0.000
1781208277.113,30.041,9382,9454,9455,ov2slam_nod-ust,1,0.000
1781208277.113,30.041,9382,9454,9456,ov2slam_nod-ust,2,0.000
1781208277.113,30.041,9382,9454,9457,ov2slam_node,1,0.000
1781208277.113,30.041,9382,9454,9458,ov2slam_node,2,0.000
1781208277.113,30.041,9382,9454,9459,gc,1,0.000
1781208277.113,30.041,9382,9454,9460,dq.builtins,0,0.000
1781208277.113,30.041,9382,9454,9461,dq.user,1,0.000
1781208277.113,30.041,9382,9454,9462,tev,1,0.000
1781208277.113,30.041,9382,9454,9463,recv,1,0.000
1781208277.113,30.041,9382,9454,9464,recvUC,1,0.000
1781208277.113,30.041,9382,9454,9465,ov2slam_node,2,0.000
1781208277.113,30.041,9382,9454,9466,ov2slam_node,1,0.000
1781208277.113,30.041,9382,9454,9467,ov2_map,1,19.265
1781208277.113,30.041,9382,9454,9468,ov2_est,2,0.000
1781208277.113,30.041,9382,9454,9470,ov2_main,3,19.265
1781208277.113,30.041,9382,9454,9471,ov2_feed,3,0.000
1781208277.113,30.041,9382,9454,9565,ov2_main,2,0.000
1781208277.113,30.041,9382,9454,9566,ov2_main,1,19.265
1781208277.113,30.041,9382,9454,9567,ov2_main,0,0.000
1781208277.166,30.093,9382,9454,9454,ov2slam_node,0,0.000
1781208277.166,30.093,9382,9454,9455,ov2slam_nod-ust,1,0.000
1781208277.166,30.093,9382,9454,9456,ov2slam_nod-ust,2,0.000
1781208277.166,30.093,9382,9454,9457,ov2slam_node,1,0.000
1781208277.166,30.093,9382,9454,9458,ov2slam_node,2,0.000
1781208277.166,30.093,9382,9454,9459,gc,1,0.000
1781208277.166,30.093,9382,9454,9460,dq.builtins,0,0.000
1781208277.166,30.093,9382,9454,9461,dq.user,1,0.000
1781208277.166,30.093,9382,9454,9462,tev,1,0.000
1781208277.166,30.093,9382,9454,9463,recv,1,0.000
1781208277.166,30.093,9382,9454,9464,recvUC,1,0.000
1781208277.166,30.093,9382,9454,9465,ov2slam_node,2,0.000
1781208277.166,30.093,9382,9454,9466,ov2slam_node,3,0.000
1781208277.166,30.093,9382,9454,9467,ov2_map,1,0.000
1781208277.166,30.093,9382,9454,9468,ov2_est,1,96.082
1781208277.166,30.093,9382,9454,9470,ov2_main,3,0.000
1781208277.166,30.093,9382,9454,9471,ov2_feed,2,19.216
1781208277.166,30.093,9382,9454,9565,ov2_main,2,0.000
1781208277.166,30.093,9382,9454,9566,ov2_main,1,0.000
1781208277.166,30.093,9382,9454,9567,ov2_main,0,0.000
1781208277.217,30.145,9382,9454,9454,ov2slam_node,0,0.000
1781208277.217,30.145,9382,9454,9455,ov2slam_nod-ust,1,0.000
1781208277.217,30.145,9382,9454,9456,ov2slam_nod-ust,2,0.000
1781208277.217,30.145,9382,9454,9457,ov2slam_node,1,0.000
1781208277.217,30.145,9382,9454,9458,ov2slam_node,2,0.000
1781208277.217,30.145,9382,9454,9459,gc,1,0.000
1781208277.217,30.145,9382,9454,9460,dq.builtins,0,0.000
1781208277.217,30.145,9382,9454,9461,dq.user,1,0.000
1781208277.217,30.145,9382,9454,9462,tev,1,0.000
1781208277.217,30.145,9382,9454,9463,recv,1,0.000
1781208277.217,30.145,9382,9454,9464,recvUC,1,0.000
1781208277.217,30.145,9382,9454,9465,ov2slam_node,2,0.000
1781208277.217,30.145,9382,9454,9466,ov2slam_node,3,0.000
1781208277.217,30.145,9382,9454,9467,ov2_map,1,0.000
1781208277.217,30.145,9382,9454,9468,ov2_est,1,0.000
1781208277.217,30.145,9382,9454,9470,ov2_main,3,19.253
1781208277.217,30.145,9382,9454,9471,ov2_feed,2,0.000
1781208277.217,30.145,9382,9454,9565,ov2_main,2,19.253
1781208277.217,30.145,9382,9454,9566,ov2_main,1,19.253
1781208277.217,30.145,9382,9454,9567,ov2_main,0,0.000
1781208277.269,30.197,9382,9454,9454,ov2slam_node,0,0.000
1781208277.269,30.197,9382,9454,9455,ov2slam_nod-ust,1,0.000
1781208277.269,30.197,9382,9454,9456,ov2slam_nod-ust,2,0.000
1781208277.269,30.197,9382,9454,9457,ov2slam_node,1,0.000
1781208277.269,30.197,9382,9454,9458,ov2slam_node,2,0.000
1781208277.269,30.197,9382,9454,9459,gc,1,0.000
1781208277.269,30.197,9382,9454,9460,dq.builtins,0,0.000
1781208277.269,30.197,9382,9454,9461,dq.user,1,0.000
1781208277.269,30.197,9382,9454,9462,tev,1,0.000
1781208277.269,30.197,9382,9454,9463,recv,1,0.000
1781208277.269,30.197,9382,9454,9464,recvUC,1,0.000
1781208277.269,30.197,9382,9454,9465,ov2slam_node,2,0.000
1781208277.269,30.197,9382,9454,9466,ov2slam_node,3,0.000
1781208277.269,30.197,9382,9454,9467,ov2_map,1,0.000
1781208277.269,30.197,9382,9454,9468,ov2_est,2,19.265
1781208277.269,30.197,9382,9454,9470,ov2_main,0,19.265
1781208277.269,30.197,9382,9454,9471,ov2_feed,2,0.000
1781208277.269,30.197,9382,9454,9565,ov2_main,2,0.000
1781208277.269,30.197,9382,9454,9566,ov2_main,1,0.000
1781208277.269,30.197,9382,9454,9567,ov2_main,0,38.530
1781208277.326,30.254,9382,9454,9454,ov2slam_node,0,0.000
1781208277.326,30.254,9382,9454,9455,ov2slam_nod-ust,1,0.000
1781208277.326,30.254,9382,9454,9456,ov2slam_nod-ust,2,0.000
1781208277.326,30.254,9382,9454,9457,ov2slam_node,1,0.000
1781208277.326,30.254,9382,9454,9458,ov2slam_node,2,0.000
1781208277.326,30.254,9382,9454,9459,gc,1,0.000
1781208277.326,30.254,9382,9454,9460,dq.builtins,0,0.000
1781208277.326,30.254,9382,9454,9461,dq.user,1,0.000
1781208277.326,30.254,9382,9454,9462,tev,1,0.000
1781208277.326,30.254,9382,9454,9463,recv,1,0.000
1781208277.326,30.254,9382,9454,9464,recvUC,1,0.000
1781208277.326,30.254,9382,9454,9465,ov2slam_node,2,0.000
1781208277.326,30.254,9382,9454,9466,ov2slam_node,3,0.000
1781208277.326,30.254,9382,9454,9467,ov2_map,1,0.000
1781208277.326,30.254,9382,9454,9468,ov2_est,2,70.994
1781208277.326,30.254,9382,9454,9470,ov2_main,0,0.000
1781208277.326,30.254,9382,9454,9471,ov2_feed,3,0.000
1781208277.326,30.254,9382,9454,9565,ov2_main,3,0.000
1781208277.326,30.254,9382,9454,9566,ov2_main,1,0.000
1781208277.326,30.254,9382,9454,9567,ov2_main,3,0.000
1781208277.378,30.306,9382,9454,9454,ov2slam_node,0,0.000
1781208277.378,30.306,9382,9454,9455,ov2slam_nod-ust,1,0.000
1781208277.378,30.306,9382,9454,9456,ov2slam_nod-ust,2,0.000
1781208277.378,30.306,9382,9454,9457,ov2slam_node,1,0.000
1781208277.378,30.306,9382,9454,9458,ov2slam_node,2,0.000
1781208277.378,30.306,9382,9454,9459,gc,1,0.000
1781208277.378,30.306,9382,9454,9460,dq.builtins,0,0.000
1781208277.378,30.306,9382,9454,9461,dq.user,1,0.000
1781208277.378,30.306,9382,9454,9462,tev,1,0.000
1781208277.378,30.306,9382,9454,9463,recv,1,0.000
1781208277.378,30.306,9382,9454,9464,recvUC,1,0.000
1781208277.378,30.306,9382,9454,9465,ov2slam_node,2,0.000
1781208277.378,30.306,9382,9454,9466,ov2slam_node,3,0.000
1781208277.378,30.306,9382,9454,9467,ov2_map,1,19.187
1781208277.378,30.306,9382,9454,9468,ov2_est,2,38.375
1781208277.378,30.306,9382,9454,9470,ov2_main,3,38.375
1781208277.378,30.306,9382,9454,9471,ov2_feed,3,0.000
1781208277.378,30.306,9382,9454,9565,ov2_main,3,0.000
1781208277.378,30.306,9382,9454,9566,ov2_main,1,0.000
1781208277.378,30.306,9382,9454,9567,ov2_main,2,0.000
1781208277.430,30.358,9382,9454,9454,ov2slam_node,0,0.000
1781208277.430,30.358,9382,9454,9455,ov2slam_nod-ust,1,0.000
1781208277.430,30.358,9382,9454,9456,ov2slam_nod-ust,2,0.000
1781208277.430,30.358,9382,9454,9457,ov2slam_node,1,0.000
1781208277.430,30.358,9382,9454,9458,ov2slam_node,2,0.000
1781208277.430,30.358,9382,9454,9459,gc,1,0.000
1781208277.430,30.358,9382,9454,9460,dq.builtins,0,0.000
1781208277.430,30.358,9382,9454,9461,dq.user,1,0.000
1781208277.430,30.358,9382,9454,9462,tev,1,0.000
1781208277.430,30.358,9382,9454,9463,recv,1,0.000
1781208277.430,30.358,9382,9454,9464,recvUC,1,0.000
1781208277.430,30.358,9382,9454,9465,ov2slam_node,2,0.000
1781208277.430,30.358,9382,9454,9466,ov2slam_node,3,0.000
1781208277.430,30.358,9382,9454,9467,ov2_map,1,0.000
1781208277.430,30.358,9382,9454,9468,ov2_est,2,57.728
1781208277.430,30.358,9382,9454,9470,ov2_main,2,19.243
1781208277.430,30.358,9382,9454,9471,ov2_feed,2,0.000
1781208277.430,30.358,9382,9454,9565,ov2_main,3,19.243
1781208277.430,30.358,9382,9454,9566,ov2_main,0,0.000
1781208277.430,30.358,9382,9454,9567,ov2_main,3,0.000
1781208277.482,30.410,9382,9454,9454,ov2slam_node,0,0.000
1781208277.482,30.410,9382,9454,9455,ov2slam_nod-ust,1,0.000
1781208277.482,30.410,9382,9454,9456,ov2slam_nod-ust,2,0.000
1781208277.482,30.410,9382,9454,9457,ov2slam_node,1,0.000
1781208277.482,30.410,9382,9454,9458,ov2slam_node,2,0.000
1781208277.482,30.410,9382,9454,9459,gc,1,0.000
1781208277.482,30.410,9382,9454,9460,dq.builtins,0,0.000
1781208277.482,30.410,9382,9454,9461,dq.user,1,0.000
1781208277.482,30.410,9382,9454,9462,tev,1,0.000
1781208277.482,30.410,9382,9454,9463,recv,1,0.000
1781208277.482,30.410,9382,9454,9464,recvUC,1,0.000
1781208277.482,30.410,9382,9454,9465,ov2slam_node,2,0.000
1781208277.482,30.410,9382,9454,9466,ov2slam_node,3,0.000
1781208277.482,30.410,9382,9454,9467,ov2_map,1,0.000
1781208277.482,30.410,9382,9454,9468,ov2_est,2,38.585
1781208277.482,30.410,9382,9454,9470,ov2_main,2,0.000
1781208277.482,30.410,9382,9454,9471,ov2_feed,2,0.000
1781208277.482,30.410,9382,9454,9565,ov2_main,1,19.292
1781208277.482,30.410,9382,9454,9566,ov2_main,0,19.292
1781208277.482,30.410,9382,9454,9567,ov2_main,3,0.000
1781208277.534,30.462,9382,9454,9454,ov2slam_node,0,0.000
1781208277.534,30.462,9382,9454,9455,ov2slam_nod-ust,1,0.000
1781208277.534,30.462,9382,9454,9456,ov2slam_nod-ust,2,0.000
1781208277.534,30.462,9382,9454,9457,ov2slam_node,1,0.000
1781208277.534,30.462,9382,9454,9458,ov2slam_node,2,0.000
1781208277.534,30.462,9382,9454,9459,gc,1,0.000
1781208277.534,30.462,9382,9454,9460,dq.builtins,0,0.000
1781208277.534,30.462,9382,9454,9461,dq.user,1,0.000
1781208277.534,30.462,9382,9454,9462,tev,1,0.000
1781208277.534,30.462,9382,9454,9463,recv,1,0.000
1781208277.534,30.462,9382,9454,9464,recvUC,1,0.000
1781208277.534,30.462,9382,9454,9465,ov2slam_node,2,0.000
1781208277.534,30.462,9382,9454,9466,ov2slam_node,3,0.000
1781208277.534,30.462,9382,9454,9467,ov2_map,1,0.000
1781208277.534,30.462,9382,9454,9468,ov2_est,2,57.726
1781208277.534,30.462,9382,9454,9470,ov2_main,2,19.242
1781208277.534,30.462,9382,9454,9471,ov2_feed,2,0.000
1781208277.534,30.462,9382,9454,9565,ov2_main,1,0.000
1781208277.534,30.462,9382,9454,9566,ov2_main,0,0.000
1781208277.534,30.462,9382,9454,9567,ov2_main,3,0.000
1781208277.586,30.513,9382,9454,9454,ov2slam_node,0,0.000
1781208277.586,30.513,9382,9454,9455,ov2slam_nod-ust,1,0.000
1781208277.586,30.513,9382,9454,9456,ov2slam_nod-ust,2,0.000
1781208277.586,30.513,9382,9454,9457,ov2slam_node,1,0.000
1781208277.586,30.513,9382,9454,9458,ov2slam_node,2,0.000
1781208277.586,30.513,9382,9454,9459,gc,1,0.000
1781208277.586,30.513,9382,9454,9460,dq.builtins,0,0.000
1781208277.586,30.513,9382,9454,9461,dq.user,1,0.000
1781208277.586,30.513,9382,9454,9462,tev,1,0.000
1781208277.586,30.513,9382,9454,9463,recv,1,0.000
1781208277.586,30.513,9382,9454,9464,recvUC,1,0.000
1781208277.586,30.513,9382,9454,9465,ov2slam_node,2,0.000
1781208277.586,30.513,9382,9454,9466,ov2slam_node,3,0.000
1781208277.586,30.513,9382,9454,9467,ov2_map,1,0.000
1781208277.586,30.513,9382,9454,9468,ov2_est,2,19.247
1781208277.586,30.513,9382,9454,9470,ov2_main,2,0.000
1781208277.586,30.513,9382,9454,9471,ov2_feed,2,0.000
1781208277.586,30.513,9382,9454,9565,ov2_main,1,0.000
1781208277.586,30.513,9382,9454,9566,ov2_main,0,19.247
1781208277.586,30.513,9382,9454,9567,ov2_main,3,0.000
1781208277.637,30.565,9382,9454,9454,ov2slam_node,0,0.000
1781208277.637,30.565,9382,9454,9455,ov2slam_nod-ust,1,0.000
1781208277.637,30.565,9382,9454,9456,ov2slam_nod-ust,2,0.000
1781208277.637,30.565,9382,9454,9457,ov2slam_node,1,0.000
1781208277.637,30.565,9382,9454,9458,ov2slam_node,2,0.000
1781208277.637,30.565,9382,9454,9459,gc,1,0.000
1781208277.637,30.565,9382,9454,9460,dq.builtins,0,0.000
1781208277.637,30.565,9382,9454,9461,dq.user,1,0.000
1781208277.637,30.565,9382,9454,9462,tev,1,0.000
1781208277.637,30.565,9382,9454,9463,recv,1,0.000
1781208277.637,30.565,9382,9454,9464,recvUC,1,19.287
1781208277.637,30.565,9382,9454,9465,ov2slam_node,2,0.000
1781208277.637,30.565,9382,9454,9466,ov2slam_node,3,0.000
1781208277.637,30.565,9382,9454,9467,ov2_map,1,0.000
1781208277.637,30.565,9382,9454,9468,ov2_est,2,0.000
1781208277.637,30.565,9382,9454,9470,ov2_main,2,19.287
1781208277.637,30.565,9382,9454,9471,ov2_feed,2,0.000
1781208277.637,30.565,9382,9454,9565,ov2_main,1,0.000
1781208277.637,30.565,9382,9454,9566,ov2_main,0,19.287
1781208277.637,30.565,9382,9454,9567,ov2_main,3,19.287
1781208277.689,30.617,9382,9454,9454,ov2slam_node,0,0.000
1781208277.689,30.617,9382,9454,9455,ov2slam_nod-ust,1,0.000
1781208277.689,30.617,9382,9454,9456,ov2slam_nod-ust,2,0.000
1781208277.689,30.617,9382,9454,9457,ov2slam_node,1,0.000
1781208277.689,30.617,9382,9454,9458,ov2slam_node,2,0.000
1781208277.689,30.617,9382,9454,9459,gc,1,0.000
1781208277.689,30.617,9382,9454,9460,dq.builtins,0,0.000
1781208277.689,30.617,9382,9454,9461,dq.user,1,0.000
1781208277.689,30.617,9382,9454,9462,tev,1,0.000
1781208277.689,30.617,9382,9454,9463,recv,1,0.000
1781208277.689,30.617,9382,9454,9464,recvUC,1,0.000
1781208277.689,30.617,9382,9454,9465,ov2slam_node,2,0.000
1781208277.689,30.617,9382,9454,9466,ov2slam_node,3,0.000
1781208277.689,30.617,9382,9454,9467,ov2_map,1,19.275
1781208277.689,30.617,9382,9454,9468,ov2_est,2,57.825
1781208277.689,30.617,9382,9454,9470,ov2_main,2,19.275
1781208277.689,30.617,9382,9454,9471,ov2_feed,1,0.000
1781208277.689,30.617,9382,9454,9565,ov2_main,1,19.275
1781208277.689,30.617,9382,9454,9566,ov2_main,0,0.000
1781208277.689,30.617,9382,9454,9567,ov2_main,3,0.000
1781208277.742,30.670,9382,9454,9454,ov2slam_node,0,0.000
1781208277.742,30.670,9382,9454,9455,ov2slam_nod-ust,1,0.000
1781208277.742,30.670,9382,9454,9456,ov2slam_nod-ust,2,0.000
1781208277.742,30.670,9382,9454,9457,ov2slam_node,1,0.000
1781208277.742,30.670,9382,9454,9458,ov2slam_node,2,0.000
1781208277.742,30.670,9382,9454,9459,gc,1,0.000
1781208277.742,30.670,9382,9454,9460,dq.builtins,0,0.000
1781208277.742,30.670,9382,9454,9461,dq.user,1,0.000
1781208277.742,30.670,9382,9454,9462,tev,1,0.000
1781208277.742,30.670,9382,9454,9463,recv,1,0.000
1781208277.742,30.670,9382,9454,9464,recvUC,1,0.000
1781208277.742,30.670,9382,9454,9465,ov2slam_node,2,0.000
1781208277.742,30.670,9382,9454,9466,ov2slam_node,3,0.000
1781208277.742,30.670,9382,9454,9467,ov2_map,1,0.000
1781208277.742,30.670,9382,9454,9468,ov2_est,2,19.062
1781208277.742,30.670,9382,9454,9470,ov2_main,2,19.062
1781208277.742,30.670,9382,9454,9471,ov2_feed,0,0.000
1781208277.742,30.670,9382,9454,9565,ov2_main,0,0.000
1781208277.742,30.670,9382,9454,9566,ov2_main,0,0.000
1781208277.742,30.670,9382,9454,9567,ov2_main,3,19.062
1781208277.794,30.722,9382,9454,9454,ov2slam_node,0,0.000
1781208277.794,30.722,9382,9454,9455,ov2slam_nod-ust,1,0.000
1781208277.794,30.722,9382,9454,9456,ov2slam_nod-ust,2,0.000
1781208277.794,30.722,9382,9454,9457,ov2slam_node,1,0.000
1781208277.794,30.722,9382,9454,9458,ov2slam_node,2,0.000
1781208277.794,30.722,9382,9454,9459,gc,1,0.000
1781208277.794,30.722,9382,9454,9460,dq.builtins,0,0.000
1781208277.794,30.722,9382,9454,9461,dq.user,1,0.000
1781208277.794,30.722,9382,9454,9462,tev,1,0.000
1781208277.794,30.722,9382,9454,9463,recv,1,0.000
1781208277.794,30.722,9382,9454,9464,recvUC,1,0.000
1781208277.794,30.722,9382,9454,9465,ov2slam_node,2,0.000
1781208277.794,30.722,9382,9454,9466,ov2slam_node,3,0.000
1781208277.794,30.722,9382,9454,9467,ov2_map,1,0.000
1781208277.794,30.722,9382,9454,9468,ov2_est,2,0.000
1781208277.794,30.722,9382,9454,9470,ov2_main,0,0.000
1781208277.794,30.722,9382,9454,9471,ov2_feed,0,0.000
1781208277.794,30.722,9382,9454,9565,ov2_main,0,19.283
1781208277.794,30.722,9382,9454,9566,ov2_main,0,0.000
1781208277.794,30.722,9382,9454,9567,ov2_main,3,0.000
1781208277.846,30.774,9382,9454,9454,ov2slam_node,0,19.187
1781208277.846,30.774,9382,9454,9455,ov2slam_nod-ust,1,0.000
1781208277.846,30.774,9382,9454,9456,ov2slam_nod-ust,2,0.000
1781208277.846,30.774,9382,9454,9457,ov2slam_node,1,0.000
1781208277.846,30.774,9382,9454,9458,ov2slam_node,2,0.000
1781208277.846,30.774,9382,9454,9459,gc,1,0.000
1781208277.846,30.774,9382,9454,9460,dq.builtins,0,0.000
1781208277.846,30.774,9382,9454,9461,dq.user,1,0.000
1781208277.846,30.774,9382,9454,9462,tev,1,0.000
1781208277.846,30.774,9382,9454,9463,recv,1,0.000
1781208277.846,30.774,9382,9454,9464,recvUC,1,0.000
1781208277.846,30.774,9382,9454,9465,ov2slam_node,2,0.000
1781208277.846,30.774,9382,9454,9466,ov2slam_node,3,0.000
1781208277.846,30.774,9382,9454,9467,ov2_map,3,19.187
1781208277.846,30.774,9382,9454,9468,ov2_est,1,57.560
1781208277.846,30.774,9382,9454,9470,ov2_main,0,38.373
1781208277.846,30.774,9382,9454,9471,ov2_feed,0,0.000
1781208277.846,30.774,9382,9454,9565,ov2_main,2,19.187
1781208277.846,30.774,9382,9454,9566,ov2_main,1,19.187
1781208277.846,30.774,9382,9454,9567,ov2_main,3,19.187
1781208277.899,30.827,9382,9454,9454,ov2slam_node,0,0.000
1781208277.899,30.827,9382,9454,9455,ov2slam_nod-ust,1,0.000
1781208277.899,30.827,9382,9454,9456,ov2slam_nod-ust,2,0.000
1781208277.899,30.827,9382,9454,9457,ov2slam_node,1,0.000
1781208277.899,30.827,9382,9454,9458,ov2slam_node,2,0.000
1781208277.899,30.827,9382,9454,9459,gc,1,0.000
1781208277.899,30.827,9382,9454,9460,dq.builtins,0,0.000
1781208277.899,30.827,9382,9454,9461,dq.user,1,0.000
1781208277.899,30.827,9382,9454,9462,tev,1,0.000
1781208277.899,30.827,9382,9454,9463,recv,1,0.000
1781208277.899,30.827,9382,9454,9464,recvUC,2,0.000
1781208277.899,30.827,9382,9454,9465,ov2slam_node,2,0.000
1781208277.899,30.827,9382,9454,9466,ov2slam_node,3,0.000
1781208277.899,30.827,9382,9454,9467,ov2_map,3,0.000
1781208277.899,30.827,9382,9454,9468,ov2_est,1,74.602
1781208277.899,30.827,9382,9454,9470,ov2_main,0,18.650
1781208277.899,30.827,9382,9454,9471,ov2_feed,2,0.000
1781208277.899,30.827,9382,9454,9565,ov2_main,2,18.650
1781208277.899,30.827,9382,9454,9566,ov2_main,3,0.000
1781208277.899,30.827,9382,9454,9567,ov2_main,3,0.000
1781208277.952,30.880,9382,9454,9454,ov2slam_node,0,0.000
1781208277.952,30.880,9382,9454,9455,ov2slam_nod-ust,1,0.000
1781208277.952,30.880,9382,9454,9456,ov2slam_nod-ust,2,0.000
1781208277.952,30.880,9382,9454,9457,ov2slam_node,1,0.000
1781208277.952,30.880,9382,9454,9458,ov2slam_node,2,0.000
1781208277.952,30.880,9382,9454,9459,gc,1,0.000
1781208277.952,30.880,9382,9454,9460,dq.builtins,0,0.000
1781208277.952,30.880,9382,9454,9461,dq.user,1,0.000
1781208277.952,30.880,9382,9454,9462,tev,1,0.000
1781208277.952,30.880,9382,9454,9463,recv,1,0.000
1781208277.952,30.880,9382,9454,9464,recvUC,2,0.000
1781208277.952,30.880,9382,9454,9465,ov2slam_node,2,0.000
1781208277.952,30.880,9382,9454,9466,ov2slam_node,3,0.000
1781208277.952,30.880,9382,9454,9467,ov2_map,2,18.978
1781208277.952,30.880,9382,9454,9468,ov2_est,1,94.888
1781208277.952,30.880,9382,9454,9470,ov2_main,3,37.955
1781208277.952,30.880,9382,9454,9471,ov2_feed,2,0.000
1781208277.952,30.880,9382,9454,9565,ov2_main,2,0.000
1781208277.952,30.880,9382,9454,9566,ov2_main,0,18.978
1781208277.952,30.880,9382,9454,9567,ov2_main,2,18.978
1781208278.004,30.932,9382,9454,9454,ov2slam_node,0,0.000
1781208278.004,30.932,9382,9454,9455,ov2slam_nod-ust,1,0.000
1781208278.004,30.932,9382,9454,9456,ov2slam_nod-ust,2,0.000
1781208278.004,30.932,9382,9454,9457,ov2slam_node,1,0.000
1781208278.004,30.932,9382,9454,9458,ov2slam_node,2,0.000
1781208278.004,30.932,9382,9454,9459,gc,1,0.000
1781208278.004,30.932,9382,9454,9460,dq.builtins,0,0.000
1781208278.004,30.932,9382,9454,9461,dq.user,1,0.000
1781208278.004,30.932,9382,9454,9462,tev,1,0.000
1781208278.004,30.932,9382,9454,9463,recv,1,0.000
1781208278.004,30.932,9382,9454,9464,recvUC,3,0.000
1781208278.004,30.932,9382,9454,9465,ov2slam_node,2,0.000
1781208278.004,30.932,9382,9454,9466,ov2slam_node,3,0.000
1781208278.004,30.932,9382,9454,9467,ov2_map,2,0.000
1781208278.004,30.932,9382,9454,9468,ov2_est,1,57.708
1781208278.004,30.932,9382,9454,9470,ov2_main,3,0.000
1781208278.004,30.932,9382,9454,9471,ov2_feed,2,0.000
1781208278.004,30.932,9382,9454,9565,ov2_main,2,19.236
1781208278.004,30.932,9382,9454,9566,ov2_main,0,0.000
1781208278.004,30.932,9382,9454,9567,ov2_main,2,0.000
1781208278.056,30.984,9382,9454,9454,ov2slam_node,0,0.000
1781208278.056,30.984,9382,9454,9455,ov2slam_nod-ust,1,0.000
1781208278.056,30.984,9382,9454,9456,ov2slam_nod-ust,2,0.000
1781208278.056,30.984,9382,9454,9457,ov2slam_node,1,0.000
1781208278.056,30.984,9382,9454,9458,ov2slam_node,2,0.000
1781208278.056,30.984,9382,9454,9459,gc,1,0.000
1781208278.056,30.984,9382,9454,9460,dq.builtins,0,0.000
1781208278.056,30.984,9382,9454,9461,dq.user,1,0.000
1781208278.056,30.984,9382,9454,9462,tev,1,0.000
1781208278.056,30.984,9382,9454,9463,recv,1,0.000
1781208278.056,30.984,9382,9454,9464,recvUC,3,0.000
1781208278.056,30.984,9382,9454,9465,ov2slam_node,2,0.000
1781208278.056,30.984,9382,9454,9466,ov2slam_node,3,0.000
1781208278.056,30.984,9382,9454,9467,ov2_map,2,0.000
1781208278.056,30.984,9382,9454,9468,ov2_est,1,0.000
1781208278.056,30.984,9382,9454,9470,ov2_main,3,0.000
1781208278.056,30.984,9382,9454,9471,ov2_feed,2,0.000
1781208278.056,30.984,9382,9454,9565,ov2_main,2,0.000
1781208278.056,30.984,9382,9454,9566,ov2_main,0,0.000
1781208278.056,30.984,9382,9454,9567,ov2_main,2,0.000
1781208278.108,31.036,9382,9454,9454,ov2slam_node,0,0.000
1781208278.108,31.036,9382,9454,9455,ov2slam_nod-ust,1,0.000
1781208278.108,31.036,9382,9454,9456,ov2slam_nod-ust,2,0.000
1781208278.108,31.036,9382,9454,9457,ov2slam_node,1,0.000
1781208278.108,31.036,9382,9454,9458,ov2slam_node,2,0.000
1781208278.108,31.036,9382,9454,9459,gc,1,0.000
1781208278.108,31.036,9382,9454,9460,dq.builtins,0,0.000
1781208278.108,31.036,9382,9454,9461,dq.user,1,0.000
1781208278.108,31.036,9382,9454,9462,tev,1,0.000
1781208278.108,31.036,9382,9454,9463,recv,1,0.000
1781208278.108,31.036,9382,9454,9464,recvUC,3,0.000
1781208278.108,31.036,9382,9454,9465,ov2slam_node,2,0.000
1781208278.108,31.036,9382,9454,9466,ov2slam_node,3,0.000
1781208278.108,31.036,9382,9454,9467,ov2_map,2,0.000
1781208278.108,31.036,9382,9454,9468,ov2_est,1,0.000
1781208278.108,31.036,9382,9454,9470,ov2_main,2,0.000
1781208278.108,31.036,9382,9454,9471,ov2_feed,2,0.000
1781208278.108,31.036,9382,9454,9565,ov2_main,2,0.000
1781208278.108,31.036,9382,9454,9566,ov2_main,0,0.000
1781208278.108,31.036,9382,9454,9567,ov2_main,2,0.000
1781208278.160,31.088,9382,9454,9454,ov2slam_node,0,0.000
1781208278.160,31.088,9382,9454,9455,ov2slam_nod-ust,1,0.000
1781208278.160,31.088,9382,9454,9456,ov2slam_nod-ust,2,0.000
1781208278.160,31.088,9382,9454,9457,ov2slam_node,1,0.000
1781208278.160,31.088,9382,9454,9458,ov2slam_node,2,0.000
1781208278.160,31.088,9382,9454,9459,gc,1,0.000
1781208278.160,31.088,9382,9454,9460,dq.builtins,0,0.000
1781208278.160,31.088,9382,9454,9461,dq.user,1,0.000
1781208278.160,31.088,9382,9454,9462,tev,1,0.000
1781208278.160,31.088,9382,9454,9463,recv,1,0.000
1781208278.160,31.088,9382,9454,9464,recvUC,3,0.000
1781208278.160,31.088,9382,9454,9465,ov2slam_node,2,0.000
1781208278.160,31.088,9382,9454,9466,ov2slam_node,3,0.000
1781208278.160,31.088,9382,9454,9467,ov2_map,2,0.000
1781208278.160,31.088,9382,9454,9468,ov2_est,1,0.000
1781208278.160,31.088,9382,9454,9470,ov2_main,2,0.000
1781208278.160,31.088,9382,9454,9471,ov2_feed,2,0.000
1781208278.160,31.088,9382,9454,9565,ov2_main,2,0.000
1781208278.160,31.088,9382,9454,9566,ov2_main,0,0.000
1781208278.160,31.088,9382,9454,9567,ov2_main,2,0.000
1781208278.212,31.140,9382,9454,9454,ov2slam_node,0,0.000
1781208278.212,31.140,9382,9454,9455,ov2slam_nod-ust,1,0.000
1781208278.212,31.140,9382,9454,9456,ov2slam_nod-ust,2,0.000
1781208278.212,31.140,9382,9454,9457,ov2slam_node,1,0.000
1781208278.212,31.140,9382,9454,9458,ov2slam_node,2,0.000
1781208278.212,31.140,9382,9454,9459,gc,1,0.000
1781208278.212,31.140,9382,9454,9460,dq.builtins,0,0.000
1781208278.212,31.140,9382,9454,9461,dq.user,1,0.000
1781208278.212,31.140,9382,9454,9462,tev,1,0.000
1781208278.212,31.140,9382,9454,9463,recv,1,0.000
1781208278.212,31.140,9382,9454,9464,recvUC,3,0.000
1781208278.212,31.140,9382,9454,9465,ov2slam_node,2,0.000
1781208278.212,31.140,9382,9454,9466,ov2slam_node,0,0.000
1781208278.212,31.140,9382,9454,9467,ov2_map,3,0.000
1781208278.212,31.140,9382,9454,9468,ov2_est,1,0.000
1781208278.212,31.140,9382,9454,9470,ov2_main,2,19.298
1781208278.212,31.140,9382,9454,9471,ov2_feed,2,0.000
1781208278.212,31.140,9382,9454,9565,ov2_main,3,0.000
1781208278.212,31.140,9382,9454,9566,ov2_main,0,19.298
1781208278.212,31.140,9382,9454,9567,ov2_main,2,0.000
1781208278.264,31.192,9382,9454,9454,ov2slam_node,0,0.000
1781208278.264,31.192,9382,9454,9455,ov2slam_nod-ust,1,0.000
1781208278.264,31.192,9382,9454,9456,ov2slam_nod-ust,2,0.000
1781208278.264,31.192,9382,9454,9457,ov2slam_node,1,0.000
1781208278.264,31.192,9382,9454,9458,ov2slam_node,2,0.000
1781208278.264,31.192,9382,9454,9459,gc,1,0.000
1781208278.264,31.192,9382,9454,9460,dq.builtins,0,0.000
1781208278.264,31.192,9382,9454,9461,dq.user,1,0.000
1781208278.264,31.192,9382,9454,9462,tev,1,0.000
1781208278.264,31.192,9382,9454,9463,recv,1,0.000
1781208278.264,31.192,9382,9454,9464,recvUC,3,0.000
1781208278.264,31.192,9382,9454,9465,ov2slam_node,2,0.000
1781208278.264,31.192,9382,9454,9466,ov2slam_node,0,0.000
1781208278.264,31.192,9382,9454,9467,ov2_map,3,19.222
1781208278.264,31.192,9382,9454,9468,ov2_est,0,57.666
1781208278.264,31.192,9382,9454,9470,ov2_main,1,57.666
1781208278.264,31.192,9382,9454,9471,ov2_feed,2,0.000
1781208278.264,31.192,9382,9454,9565,ov2_main,3,19.222
1781208278.264,31.192,9382,9454,9566,ov2_main,0,0.000
1781208278.264,31.192,9382,9454,9567,ov2_main,2,0.000
1781208278.318,31.246,9382,9454,9454,ov2slam_node,0,0.000
1781208278.318,31.246,9382,9454,9455,ov2slam_nod-ust,1,0.000
1781208278.318,31.246,9382,9454,9456,ov2slam_nod-ust,2,0.000
1781208278.318,31.246,9382,9454,9457,ov2slam_node,1,0.000
1781208278.318,31.246,9382,9454,9458,ov2slam_node,2,0.000
1781208278.318,31.246,9382,9454,9459,gc,1,0.000
1781208278.318,31.246,9382,9454,9460,dq.builtins,0,0.000
1781208278.318,31.246,9382,9454,9461,dq.user,1,0.000
1781208278.318,31.246,9382,9454,9462,tev,1,0.000
1781208278.318,31.246,9382,9454,9463,recv,1,0.000
1781208278.318,31.246,9382,9454,9464,recvUC,3,0.000
1781208278.318,31.246,9382,9454,9465,ov2slam_node,2,0.000
1781208278.318,31.246,9382,9454,9466,ov2slam_node,0,0.000
1781208278.318,31.246,9382,9454,9467,ov2_map,2,0.000
1781208278.318,31.246,9382,9454,9468,ov2_est,0,36.618
1781208278.318,31.246,9382,9454,9470,ov2_main,2,0.000
1781208278.318,31.246,9382,9454,9471,ov2_feed,2,0.000
1781208278.318,31.246,9382,9454,9565,ov2_main,3,0.000
1781208278.318,31.246,9382,9454,9566,ov2_main,0,18.309
1781208278.318,31.246,9382,9454,9567,ov2_main,1,0.000
1781208278.370,31.298,9382,9454,9454,ov2slam_node,0,0.000
1781208278.370,31.298,9382,9454,9455,ov2slam_nod-ust,1,0.000
1781208278.370,31.298,9382,9454,9456,ov2slam_nod-ust,2,0.000
1781208278.370,31.298,9382,9454,9457,ov2slam_node,1,0.000
1781208278.370,31.298,9382,9454,9458,ov2slam_node,2,0.000
1781208278.370,31.298,9382,9454,9459,gc,1,0.000
1781208278.370,31.298,9382,9454,9460,dq.builtins,0,0.000
1781208278.370,31.298,9382,9454,9461,dq.user,1,0.000
1781208278.370,31.298,9382,9454,9462,tev,1,0.000
1781208278.370,31.298,9382,9454,9463,recv,1,0.000
1781208278.370,31.298,9382,9454,9464,recvUC,3,0.000
1781208278.370,31.298,9382,9454,9465,ov2slam_node,2,0.000
1781208278.370,31.298,9382,9454,9466,ov2slam_node,0,0.000
1781208278.370,31.298,9382,9454,9467,ov2_map,2,19.283
1781208278.370,31.298,9382,9454,9468,ov2_est,0,19.283
1781208278.370,31.298,9382,9454,9470,ov2_main,0,38.565
1781208278.370,31.298,9382,9454,9471,ov2_feed,2,0.000
1781208278.370,31.298,9382,9454,9565,ov2_main,3,0.000
1781208278.370,31.298,9382,9454,9566,ov2_main,0,0.000
1781208278.370,31.298,9382,9454,9567,ov2_main,1,19.283
1781208278.422,31.350,9382,9454,9454,ov2slam_node,0,0.000
1781208278.422,31.350,9382,9454,9455,ov2slam_nod-ust,1,0.000
1781208278.422,31.350,9382,9454,9456,ov2slam_nod-ust,2,0.000
1781208278.422,31.350,9382,9454,9457,ov2slam_node,1,0.000
1781208278.422,31.350,9382,9454,9458,ov2slam_node,2,0.000
1781208278.422,31.350,9382,9454,9459,gc,1,0.000
1781208278.422,31.350,9382,9454,9460,dq.builtins,0,0.000
1781208278.422,31.350,9382,9454,9461,dq.user,1,0.000
1781208278.422,31.350,9382,9454,9462,tev,1,0.000
1781208278.422,31.350,9382,9454,9463,recv,1,0.000
1781208278.422,31.350,9382,9454,9464,recvUC,3,0.000
1781208278.422,31.350,9382,9454,9465,ov2slam_node,2,0.000
1781208278.422,31.350,9382,9454,9466,ov2slam_node,0,0.000
1781208278.422,31.350,9382,9454,9467,ov2_map,3,0.000
1781208278.422,31.350,9382,9454,9468,ov2_est,1,19.236
1781208278.422,31.350,9382,9454,9470,ov2_main,0,0.000
1781208278.422,31.350,9382,9454,9471,ov2_feed,3,0.000
1781208278.422,31.350,9382,9454,9565,ov2_main,3,0.000
1781208278.422,31.350,9382,9454,9566,ov2_main,1,0.000
1781208278.422,31.350,9382,9454,9567,ov2_main,1,19.236
1781208278.475,31.403,9382,9454,9454,ov2slam_node,0,0.000
1781208278.475,31.403,9382,9454,9455,ov2slam_nod-ust,1,0.000
1781208278.475,31.403,9382,9454,9456,ov2slam_nod-ust,2,0.000
1781208278.475,31.403,9382,9454,9457,ov2slam_node,1,0.000
1781208278.475,31.403,9382,9454,9458,ov2slam_node,2,0.000
1781208278.475,31.403,9382,9454,9459,gc,1,0.000
1781208278.475,31.403,9382,9454,9460,dq.builtins,0,0.000
1781208278.475,31.403,9382,9454,9461,dq.user,1,0.000
1781208278.475,31.403,9382,9454,9462,tev,1,0.000
1781208278.475,31.403,9382,9454,9463,recv,1,0.000
1781208278.475,31.403,9382,9454,9464,recvUC,3,0.000
1781208278.475,31.403,9382,9454,9465,ov2slam_node,2,0.000
1781208278.475,31.403,9382,9454,9466,ov2slam_node,0,0.000
1781208278.475,31.403,9382,9454,9467,ov2_map,3,19.075
1781208278.475,31.403,9382,9454,9468,ov2_est,1,19.075
1781208278.475,31.403,9382,9454,9470,ov2_main,0,19.075
1781208278.475,31.403,9382,9454,9471,ov2_feed,3,0.000
1781208278.475,31.403,9382,9454,9565,ov2_main,3,19.075
1781208278.475,31.403,9382,9454,9566,ov2_main,1,19.075
1781208278.475,31.403,9382,9454,9567,ov2_main,1,0.000
1781208278.527,31.455,9382,9454,9454,ov2slam_node,0,0.000
1781208278.527,31.455,9382,9454,9455,ov2slam_nod-ust,1,0.000
1781208278.527,31.455,9382,9454,9456,ov2slam_nod-ust,2,0.000
1781208278.527,31.455,9382,9454,9457,ov2slam_node,1,0.000
1781208278.527,31.455,9382,9454,9458,ov2slam_node,2,0.000
1781208278.527,31.455,9382,9454,9459,gc,1,0.000
1781208278.527,31.455,9382,9454,9460,dq.builtins,0,0.000
1781208278.527,31.455,9382,9454,9461,dq.user,1,0.000
1781208278.527,31.455,9382,9454,9462,tev,1,0.000
1781208278.527,31.455,9382,9454,9463,recv,1,0.000
1781208278.527,31.455,9382,9454,9464,recvUC,3,0.000
1781208278.527,31.455,9382,9454,9465,ov2slam_node,2,0.000
1781208278.527,31.455,9382,9454,9466,ov2slam_node,0,0.000
1781208278.527,31.455,9382,9454,9467,ov2_map,0,0.000
1781208278.527,31.455,9382,9454,9468,ov2_est,2,19.029
1781208278.527,31.455,9382,9454,9470,ov2_main,0,19.029
1781208278.527,31.455,9382,9454,9471,ov2_feed,0,0.000
1781208278.527,31.455,9382,9454,9565,ov2_main,3,0.000
1781208278.527,31.455,9382,9454,9566,ov2_main,1,19.029
1781208278.527,31.455,9382,9454,9567,ov2_main,1,0.000
1781208278.579,31.507,9382,9454,9454,ov2slam_node,0,0.000
1781208278.579,31.507,9382,9454,9455,ov2slam_nod-ust,1,0.000
1781208278.579,31.507,9382,9454,9456,ov2slam_nod-ust,2,0.000
1781208278.579,31.507,9382,9454,9457,ov2slam_node,1,0.000
1781208278.579,31.507,9382,9454,9458,ov2slam_node,2,0.000
1781208278.579,31.507,9382,9454,9459,gc,1,0.000
1781208278.579,31.507,9382,9454,9460,dq.builtins,0,0.000
1781208278.579,31.507,9382,9454,9461,dq.user,1,0.000
1781208278.579,31.507,9382,9454,9462,tev,1,0.000
1781208278.579,31.507,9382,9454,9463,recv,1,0.000
1781208278.579,31.507,9382,9454,9464,recvUC,3,0.000
1781208278.579,31.507,9382,9454,9465,ov2slam_node,2,0.000
1781208278.579,31.507,9382,9454,9466,ov2slam_node,0,0.000
1781208278.579,31.507,9382,9454,9467,ov2_map,3,0.000
1781208278.579,31.507,9382,9454,9468,ov2_est,2,0.000
1781208278.579,31.507,9382,9454,9470,ov2_main,2,19.259
1781208278.579,31.507,9382,9454,9471,ov2_feed,2,0.000
1781208278.579,31.507,9382,9454,9565,ov2_main,3,19.259
1781208278.579,31.507,9382,9454,9566,ov2_main,1,0.000
1781208278.579,31.507,9382,9454,9567,ov2_main,2,19.259
1781208278.632,31.560,9382,9454,9454,ov2slam_node,0,0.000
1781208278.632,31.560,9382,9454,9455,ov2slam_nod-ust,1,0.000
1781208278.632,31.560,9382,9454,9456,ov2slam_nod-ust,2,0.000
1781208278.632,31.560,9382,9454,9457,ov2slam_node,1,0.000
1781208278.632,31.560,9382,9454,9458,ov2slam_node,2,0.000
1781208278.632,31.560,9382,9454,9459,gc,1,0.000
1781208278.632,31.560,9382,9454,9460,dq.builtins,0,0.000
1781208278.632,31.560,9382,9454,9461,dq.user,1,0.000
1781208278.632,31.560,9382,9454,9462,tev,1,0.000
1781208278.632,31.560,9382,9454,9463,recv,1,0.000
1781208278.632,31.560,9382,9454,9464,recvUC,3,0.000
1781208278.632,31.560,9382,9454,9465,ov2slam_node,2,0.000
1781208278.632,31.560,9382,9454,9466,ov2slam_node,3,0.000
1781208278.632,31.560,9382,9454,9467,ov2_map,0,19.045
1781208278.632,31.560,9382,9454,9468,ov2_est,2,76.179
1781208278.632,31.560,9382,9454,9470,ov2_main,1,38.090
1781208278.632,31.560,9382,9454,9471,ov2_feed,2,0.000
1781208278.632,31.560,9382,9454,9565,ov2_main,3,19.045
1781208278.632,31.560,9382,9454,9566,ov2_main,0,19.045
1781208278.632,31.560,9382,9454,9567,ov2_main,2,0.000
1781208278.684,31.612,9382,9454,9454,ov2slam_node,0,0.000
1781208278.684,31.612,9382,9454,9455,ov2slam_nod-ust,1,0.000
1781208278.684,31.612,9382,9454,9456,ov2slam_nod-ust,2,0.000
1781208278.684,31.612,9382,9454,9457,ov2slam_node,1,0.000
1781208278.684,31.612,9382,9454,9458,ov2slam_node,2,0.000
1781208278.684,31.612,9382,9454,9459,gc,1,0.000
1781208278.684,31.612,9382,9454,9460,dq.builtins,0,0.000
1781208278.684,31.612,9382,9454,9461,dq.user,1,0.000
1781208278.684,31.612,9382,9454,9462,tev,1,0.000
1781208278.684,31.612,9382,9454,9463,recv,1,0.000
1781208278.684,31.612,9382,9454,9464,recvUC,3,0.000
1781208278.684,31.612,9382,9454,9465,ov2slam_node,2,0.000
1781208278.684,31.612,9382,9454,9466,ov2slam_node,3,0.000
1781208278.684,31.612,9382,9454,9467,ov2_map,2,19.196
1781208278.684,31.612,9382,9454,9468,ov2_est,0,57.588
1781208278.684,31.612,9382,9454,9470,ov2_main,1,19.196
1781208278.684,31.612,9382,9454,9471,ov2_feed,0,0.000
1781208278.684,31.612,9382,9454,9565,ov2_main,3,19.196
1781208278.684,31.612,9382,9454,9566,ov2_main,0,0.000
1781208278.684,31.612,9382,9454,9567,ov2_main,2,0.000
1781208278.736,31.664,9382,9454,9454,ov2slam_node,0,0.000
1781208278.736,31.664,9382,9454,9455,ov2slam_nod-ust,1,0.000
1781208278.736,31.664,9382,9454,9456,ov2slam_nod-ust,2,0.000
1781208278.736,31.664,9382,9454,9457,ov2slam_node,1,0.000
1781208278.736,31.664,9382,9454,9458,ov2slam_node,2,0.000
1781208278.736,31.664,9382,9454,9459,gc,1,0.000
1781208278.736,31.664,9382,9454,9460,dq.builtins,0,0.000
1781208278.736,31.664,9382,9454,9461,dq.user,1,0.000
1781208278.736,31.664,9382,9454,9462,tev,1,0.000
1781208278.736,31.664,9382,9454,9463,recv,1,0.000
1781208278.736,31.664,9382,9454,9464,recvUC,3,0.000
1781208278.736,31.664,9382,9454,9465,ov2slam_node,2,0.000
1781208278.736,31.664,9382,9454,9466,ov2slam_node,3,0.000
1781208278.736,31.664,9382,9454,9467,ov2_map,1,19.227
1781208278.736,31.664,9382,9454,9468,ov2_est,0,38.454
1781208278.736,31.664,9382,9454,9470,ov2_main,1,19.227
1781208278.736,31.664,9382,9454,9471,ov2_feed,3,0.000
1781208278.736,31.664,9382,9454,9565,ov2_main,3,0.000
1781208278.736,31.664,9382,9454,9566,ov2_main,0,19.227
1781208278.736,31.664,9382,9454,9567,ov2_main,2,19.227
1781208278.788,31.716,9382,9454,9454,ov2slam_node,0,0.000
1781208278.788,31.716,9382,9454,9455,ov2slam_nod-ust,1,0.000
1781208278.788,31.716,9382,9454,9456,ov2slam_nod-ust,2,0.000
1781208278.788,31.716,9382,9454,9457,ov2slam_node,1,0.000
1781208278.788,31.716,9382,9454,9458,ov2slam_node,2,0.000
1781208278.788,31.716,9382,9454,9459,gc,1,0.000
1781208278.788,31.716,9382,9454,9460,dq.builtins,0,0.000
1781208278.788,31.716,9382,9454,9461,dq.user,1,0.000
1781208278.788,31.716,9382,9454,9462,tev,1,0.000
1781208278.788,31.716,9382,9454,9463,recv,1,0.000
1781208278.788,31.716,9382,9454,9464,recvUC,0,0.000
1781208278.788,31.716,9382,9454,9465,ov2slam_node,2,0.000
1781208278.788,31.716,9382,9454,9466,ov2slam_node,0,0.000
1781208278.788,31.716,9382,9454,9467,ov2_map,1,0.000
1781208278.788,31.716,9382,9454,9468,ov2_est,0,38.380
1781208278.788,31.716,9382,9454,9470,ov2_main,1,0.000
1781208278.788,31.716,9382,9454,9471,ov2_feed,0,0.000
1781208278.788,31.716,9382,9454,9565,ov2_main,3,0.000
1781208278.788,31.716,9382,9454,9566,ov2_main,0,0.000
1781208278.788,31.716,9382,9454,9567,ov2_main,2,0.000
1781208278.840,31.768,9382,9454,9454,ov2slam_node,0,0.000
1781208278.840,31.768,9382,9454,9455,ov2slam_nod-ust,1,0.000
1781208278.840,31.768,9382,9454,9456,ov2slam_nod-ust,2,0.000
1781208278.840,31.768,9382,9454,9457,ov2slam_node,1,0.000
1781208278.840,31.768,9382,9454,9458,ov2slam_node,2,0.000
1781208278.840,31.768,9382,9454,9459,gc,1,0.000
1781208278.840,31.768,9382,9454,9460,dq.builtins,0,0.000
1781208278.840,31.768,9382,9454,9461,dq.user,1,0.000
1781208278.840,31.768,9382,9454,9462,tev,1,0.000
1781208278.840,31.768,9382,9454,9463,recv,1,0.000
1781208278.840,31.768,9382,9454,9464,recvUC,0,0.000
1781208278.840,31.768,9382,9454,9465,ov2slam_node,2,0.000
1781208278.840,31.768,9382,9454,9466,ov2slam_node,0,0.000
1781208278.840,31.768,9382,9454,9467,ov2_map,1,0.000
1781208278.840,31.768,9382,9454,9468,ov2_est,0,0.000
1781208278.840,31.768,9382,9454,9470,ov2_main,1,0.000
1781208278.840,31.768,9382,9454,9471,ov2_feed,0,0.000
1781208278.840,31.768,9382,9454,9565,ov2_main,3,0.000
1781208278.840,31.768,9382,9454,9566,ov2_main,0,0.000
1781208278.840,31.768,9382,9454,9567,ov2_main,2,0.000
1781208278.892,31.820,9382,9454,9454,ov2slam_node,0,0.000
1781208278.892,31.820,9382,9454,9455,ov2slam_nod-ust,1,0.000
1781208278.892,31.820,9382,9454,9456,ov2slam_nod-ust,2,0.000
1781208278.892,31.820,9382,9454,9457,ov2slam_node,1,0.000
1781208278.892,31.820,9382,9454,9458,ov2slam_node,2,0.000
1781208278.892,31.820,9382,9454,9459,gc,1,0.000
1781208278.892,31.820,9382,9454,9460,dq.builtins,0,0.000
1781208278.892,31.820,9382,9454,9461,dq.user,1,0.000
1781208278.892,31.820,9382,9454,9462,tev,1,0.000
1781208278.892,31.820,9382,9454,9463,recv,1,0.000
1781208278.892,31.820,9382,9454,9464,recvUC,2,0.000
1781208278.892,31.820,9382,9454,9465,ov2slam_node,2,0.000
1781208278.892,31.820,9382,9454,9466,ov2slam_node,0,0.000
1781208278.892,31.820,9382,9454,9467,ov2_map,1,19.262
1781208278.892,31.820,9382,9454,9468,ov2_est,0,38.524
1781208278.892,31.820,9382,9454,9470,ov2_main,2,19.262
1781208278.892,31.820,9382,9454,9471,ov2_feed,0,0.000
1781208278.892,31.820,9382,9454,9565,ov2_main,3,19.262
1781208278.892,31.820,9382,9454,9566,ov2_main,0,0.000
1781208278.892,31.820,9382,9454,9567,ov2_main,2,19.262
1781208278.944,31.872,9382,9454,9454,ov2slam_node,0,0.000
1781208278.944,31.872,9382,9454,9455,ov2slam_nod-ust,1,0.000
1781208278.944,31.872,9382,9454,9456,ov2slam_nod-ust,2,0.000
1781208278.944,31.872,9382,9454,9457,ov2slam_node,1,0.000
1781208278.944,31.872,9382,9454,9458,ov2slam_node,2,0.000
1781208278.944,31.872,9382,9454,9459,gc,1,0.000
1781208278.944,31.872,9382,9454,9460,dq.builtins,0,0.000
1781208278.944,31.872,9382,9454,9461,dq.user,1,0.000
1781208278.944,31.872,9382,9454,9462,tev,1,0.000
1781208278.944,31.872,9382,9454,9463,recv,1,0.000
1781208278.944,31.872,9382,9454,9464,recvUC,2,0.000
1781208278.944,31.872,9382,9454,9465,ov2slam_node,2,0.000
1781208278.944,31.872,9382,9454,9466,ov2slam_node,0,0.000
1781208278.944,31.872,9382,9454,9467,ov2_map,1,0.000
1781208278.944,31.872,9382,9454,9468,ov2_est,1,57.769
1781208278.944,31.872,9382,9454,9470,ov2_main,2,19.256
1781208278.944,31.872,9382,9454,9471,ov2_feed,1,0.000
1781208278.944,31.872,9382,9454,9565,ov2_main,3,19.256
1781208278.944,31.872,9382,9454,9566,ov2_main,0,19.256
1781208278.944,31.872,9382,9454,9567,ov2_main,1,0.000
1781208278.996,31.924,9382,9454,9454,ov2slam_node,0,0.000
1781208278.996,31.924,9382,9454,9455,ov2slam_nod-ust,1,0.000
1781208278.996,31.924,9382,9454,9456,ov2slam_nod-ust,2,0.000
1781208278.996,31.924,9382,9454,9457,ov2slam_node,1,0.000
1781208278.996,31.924,9382,9454,9458,ov2slam_node,2,0.000
1781208278.996,31.924,9382,9454,9459,gc,1,0.000
1781208278.996,31.924,9382,9454,9460,dq.builtins,0,0.000
1781208278.996,31.924,9382,9454,9461,dq.user,1,0.000
1781208278.996,31.924,9382,9454,9462,tev,1,0.000
1781208278.996,31.924,9382,9454,9463,recv,1,0.000
1781208278.996,31.924,9382,9454,9464,recvUC,3,0.000
1781208278.996,31.924,9382,9454,9465,ov2slam_node,2,0.000
1781208278.996,31.924,9382,9454,9466,ov2slam_node,0,0.000
1781208278.996,31.924,9382,9454,9467,ov2_map,1,19.271
1781208278.996,31.924,9382,9454,9468,ov2_est,0,38.542
1781208278.996,31.924,9382,9454,9470,ov2_main,2,19.271
1781208278.996,31.924,9382,9454,9471,ov2_feed,1,0.000
1781208278.996,31.924,9382,9454,9565,ov2_main,3,0.000
1781208278.996,31.924,9382,9454,9566,ov2_main,0,19.271
1781208278.996,31.924,9382,9454,9567,ov2_main,1,19.271
1781208279.048,31.976,9382,9454,9454,ov2slam_node,0,0.000
1781208279.048,31.976,9382,9454,9455,ov2slam_nod-ust,1,0.000
1781208279.048,31.976,9382,9454,9456,ov2slam_nod-ust,2,0.000
1781208279.048,31.976,9382,9454,9457,ov2slam_node,1,0.000
1781208279.048,31.976,9382,9454,9458,ov2slam_node,2,0.000
1781208279.048,31.976,9382,9454,9459,gc,1,0.000
1781208279.048,31.976,9382,9454,9460,dq.builtins,0,0.000
1781208279.048,31.976,9382,9454,9461,dq.user,1,0.000
1781208279.048,31.976,9382,9454,9462,tev,1,0.000
1781208279.048,31.976,9382,9454,9463,recv,1,0.000
1781208279.048,31.976,9382,9454,9464,recvUC,3,0.000
1781208279.048,31.976,9382,9454,9465,ov2slam_node,2,0.000
1781208279.048,31.976,9382,9454,9466,ov2slam_node,0,0.000
1781208279.048,31.976,9382,9454,9467,ov2_map,1,0.000
1781208279.048,31.976,9382,9454,9468,ov2_est,0,19.230
1781208279.048,31.976,9382,9454,9470,ov2_main,0,0.000
1781208279.048,31.976,9382,9454,9471,ov2_feed,1,0.000
1781208279.048,31.976,9382,9454,9565,ov2_main,3,0.000
1781208279.048,31.976,9382,9454,9566,ov2_main,0,0.000
1781208279.048,31.976,9382,9454,9567,ov2_main,1,0.000
1781208279.100,32.028,9382,9454,9454,ov2slam_node,0,0.000
1781208279.100,32.028,9382,9454,9455,ov2slam_nod-ust,1,0.000
1781208279.100,32.028,9382,9454,9456,ov2slam_nod-ust,2,0.000
1781208279.100,32.028,9382,9454,9457,ov2slam_node,1,0.000
1781208279.100,32.028,9382,9454,9458,ov2slam_node,2,0.000
1781208279.100,32.028,9382,9454,9459,gc,1,0.000
1781208279.100,32.028,9382,9454,9460,dq.builtins,0,0.000
1781208279.100,32.028,9382,9454,9461,dq.user,1,0.000
1781208279.100,32.028,9382,9454,9462,tev,1,0.000
1781208279.100,32.028,9382,9454,9463,recv,1,0.000
1781208279.100,32.028,9382,9454,9464,recvUC,3,0.000
1781208279.100,32.028,9382,9454,9465,ov2slam_node,2,0.000
1781208279.100,32.028,9382,9454,9466,ov2slam_node,0,0.000
1781208279.100,32.028,9382,9454,9467,ov2_map,1,0.000
1781208279.100,32.028,9382,9454,9468,ov2_est,0,0.000
1781208279.100,32.028,9382,9454,9470,ov2_main,0,19.190
1781208279.100,32.028,9382,9454,9471,ov2_feed,1,0.000
1781208279.100,32.028,9382,9454,9565,ov2_main,3,0.000
1781208279.100,32.028,9382,9454,9566,ov2_main,2,0.000
1781208279.100,32.028,9382,9454,9567,ov2_main,1,0.000
1781208279.152,32.080,9382,9454,9454,ov2slam_node,0,0.000
1781208279.152,32.080,9382,9454,9455,ov2slam_nod-ust,1,0.000
1781208279.152,32.080,9382,9454,9456,ov2slam_nod-ust,2,0.000
1781208279.152,32.080,9382,9454,9457,ov2slam_node,1,0.000
1781208279.152,32.080,9382,9454,9458,ov2slam_node,2,0.000
1781208279.152,32.080,9382,9454,9459,gc,1,0.000
1781208279.152,32.080,9382,9454,9460,dq.builtins,0,0.000
1781208279.152,32.080,9382,9454,9461,dq.user,1,0.000
1781208279.152,32.080,9382,9454,9462,tev,1,0.000
1781208279.152,32.080,9382,9454,9463,recv,1,0.000
1781208279.152,32.080,9382,9454,9464,recvUC,3,0.000
1781208279.152,32.080,9382,9454,9465,ov2slam_node,2,0.000
1781208279.152,32.080,9382,9454,9466,ov2slam_node,0,0.000
1781208279.152,32.080,9382,9454,9467,ov2_map,1,19.042
1781208279.152,32.080,9382,9454,9468,ov2_est,0,38.083
1781208279.152,32.080,9382,9454,9470,ov2_main,2,19.042
1781208279.152,32.080,9382,9454,9471,ov2_feed,1,0.000
1781208279.152,32.080,9382,9454,9565,ov2_main,3,19.042
1781208279.152,32.080,9382,9454,9566,ov2_main,2,0.000
1781208279.152,32.080,9382,9454,9567,ov2_main,1,19.042
1781208279.205,32.133,9382,9454,9454,ov2slam_node,0,0.000
1781208279.205,32.133,9382,9454,9455,ov2slam_nod-ust,1,0.000
1781208279.205,32.133,9382,9454,9456,ov2slam_nod-ust,2,0.000
1781208279.205,32.133,9382,9454,9457,ov2slam_node,1,0.000
1781208279.205,32.133,9382,9454,9458,ov2slam_node,2,0.000
1781208279.205,32.133,9382,9454,9459,gc,1,0.000
1781208279.205,32.133,9382,9454,9460,dq.builtins,0,0.000
1781208279.205,32.133,9382,9454,9461,dq.user,1,0.000
1781208279.205,32.133,9382,9454,9462,tev,1,0.000
1781208279.205,32.133,9382,9454,9463,recv,1,0.000
1781208279.205,32.133,9382,9454,9464,recvUC,3,0.000
1781208279.205,32.133,9382,9454,9465,ov2slam_node,2,0.000
1781208279.205,32.133,9382,9454,9466,ov2slam_node,0,0.000
1781208279.205,32.133,9382,9454,9467,ov2_map,1,18.852
1781208279.205,32.133,9382,9454,9468,ov2_est,0,37.703
1781208279.205,32.133,9382,9454,9470,ov2_main,2,37.703
1781208279.205,32.133,9382,9454,9471,ov2_feed,1,0.000
1781208279.205,32.133,9382,9454,9565,ov2_main,3,18.852
1781208279.205,32.133,9382,9454,9566,ov2_main,0,18.852
1781208279.205,32.133,9382,9454,9567,ov2_main,1,0.000
1781208279.258,32.185,9382,9454,9454,ov2slam_node,0,0.000
1781208279.258,32.185,9382,9454,9455,ov2slam_nod-ust,1,0.000
1781208279.258,32.185,9382,9454,9456,ov2slam_nod-ust,2,0.000
1781208279.258,32.185,9382,9454,9457,ov2slam_node,1,0.000
1781208279.258,32.185,9382,9454,9458,ov2slam_node,2,0.000
1781208279.258,32.185,9382,9454,9459,gc,1,0.000
1781208279.258,32.185,9382,9454,9460,dq.builtins,0,0.000
1781208279.258,32.185,9382,9454,9461,dq.user,1,0.000
1781208279.258,32.185,9382,9454,9462,tev,1,0.000
1781208279.258,32.185,9382,9454,9463,recv,1,0.000
1781208279.258,32.185,9382,9454,9464,recvUC,3,0.000
1781208279.258,32.185,9382,9454,9465,ov2slam_node,2,0.000
1781208279.258,32.185,9382,9454,9466,ov2slam_node,0,0.000
1781208279.258,32.185,9382,9454,9467,ov2_map,1,0.000
1781208279.258,32.185,9382,9454,9468,ov2_est,0,57.490
1781208279.258,32.185,9382,9454,9470,ov2_main,2,0.000
1781208279.258,32.185,9382,9454,9471,ov2_feed,1,0.000
1781208279.258,32.185,9382,9454,9565,ov2_main,0,0.000
1781208279.258,32.185,9382,9454,9566,ov2_main,0,0.000
1781208279.258,32.185,9382,9454,9567,ov2_main,1,0.000
1781208279.310,32.238,9382,9454,9454,ov2slam_node,0,0.000
1781208279.310,32.238,9382,9454,9455,ov2slam_nod-ust,1,0.000
1781208279.310,32.238,9382,9454,9456,ov2slam_nod-ust,2,0.000
1781208279.310,32.238,9382,9454,9457,ov2slam_node,1,0.000
1781208279.310,32.238,9382,9454,9458,ov2slam_node,2,0.000
1781208279.310,32.238,9382,9454,9459,gc,1,0.000
1781208279.310,32.238,9382,9454,9460,dq.builtins,0,0.000
1781208279.310,32.238,9382,9454,9461,dq.user,1,0.000
1781208279.310,32.238,9382,9454,9462,tev,1,0.000
1781208279.310,32.238,9382,9454,9463,recv,1,0.000
1781208279.310,32.238,9382,9454,9464,recvUC,3,0.000
1781208279.310,32.238,9382,9454,9465,ov2slam_node,2,0.000
1781208279.310,32.238,9382,9454,9466,ov2slam_node,3,0.000
1781208279.310,32.238,9382,9454,9467,ov2_map,1,19.109
1781208279.310,32.238,9382,9454,9468,ov2_est,0,38.219
1781208279.310,32.238,9382,9454,9470,ov2_main,2,38.219
1781208279.310,32.238,9382,9454,9471,ov2_feed,1,0.000
1781208279.310,32.238,9382,9454,9565,ov2_main,0,19.109
1781208279.310,32.238,9382,9454,9566,ov2_main,0,19.109
1781208279.310,32.238,9382,9454,9567,ov2_main,1,19.109
1781208279.362,32.290,9382,9454,9454,ov2slam_node,0,0.000
1781208279.362,32.290,9382,9454,9455,ov2slam_nod-ust,1,0.000
1781208279.362,32.290,9382,9454,9456,ov2slam_nod-ust,2,0.000
1781208279.362,32.290,9382,9454,9457,ov2slam_node,1,0.000
1781208279.362,32.290,9382,9454,9458,ov2slam_node,2,0.000
1781208279.362,32.290,9382,9454,9459,gc,1,0.000
1781208279.362,32.290,9382,9454,9460,dq.builtins,0,0.000
1781208279.362,32.290,9382,9454,9461,dq.user,1,0.000
1781208279.362,32.290,9382,9454,9462,tev,1,0.000
1781208279.362,32.290,9382,9454,9463,recv,1,0.000
1781208279.362,32.290,9382,9454,9464,recvUC,3,0.000
1781208279.362,32.290,9382,9454,9465,ov2slam_node,2,0.000
1781208279.362,32.290,9382,9454,9466,ov2slam_node,2,0.000
1781208279.362,32.290,9382,9454,9467,ov2_map,3,0.000
1781208279.362,32.290,9382,9454,9468,ov2_est,0,0.000
1781208279.362,32.290,9382,9454,9470,ov2_main,2,19.187
1781208279.362,32.290,9382,9454,9471,ov2_feed,1,0.000
1781208279.362,32.290,9382,9454,9565,ov2_main,0,0.000
1781208279.362,32.290,9382,9454,9566,ov2_main,0,0.000
1781208279.362,32.290,9382,9454,9567,ov2_main,1,19.187
1781208279.414,32.342,9382,9454,9454,ov2slam_node,0,0.000
1781208279.414,32.342,9382,9454,9455,ov2slam_nod-ust,1,0.000
1781208279.414,32.342,9382,9454,9456,ov2slam_nod-ust,2,0.000
1781208279.414,32.342,9382,9454,9457,ov2slam_node,1,0.000
1781208279.414,32.342,9382,9454,9458,ov2slam_node,2,0.000
1781208279.414,32.342,9382,9454,9459,gc,1,0.000
1781208279.414,32.342,9382,9454,9460,dq.builtins,0,0.000
1781208279.414,32.342,9382,9454,9461,dq.user,1,0.000
1781208279.414,32.342,9382,9454,9462,tev,1,0.000
1781208279.414,32.342,9382,9454,9463,recv,1,0.000
1781208279.414,32.342,9382,9454,9464,recvUC,3,0.000
1781208279.414,32.342,9382,9454,9465,ov2slam_node,2,0.000
1781208279.414,32.342,9382,9454,9466,ov2slam_node,2,0.000
1781208279.414,32.342,9382,9454,9467,ov2_map,2,19.237
1781208279.414,32.342,9382,9454,9468,ov2_est,0,19.237
1781208279.414,32.342,9382,9454,9470,ov2_main,0,19.237
1781208279.414,32.342,9382,9454,9471,ov2_feed,1,0.000
1781208279.414,32.342,9382,9454,9565,ov2_main,3,0.000
1781208279.414,32.342,9382,9454,9566,ov2_main,2,0.000
1781208279.414,32.342,9382,9454,9567,ov2_main,1,19.237
1781208279.466,32.394,9382,9454,9454,ov2slam_node,2,0.000
1781208279.466,32.394,9382,9454,9455,ov2slam_nod-ust,1,0.000
1781208279.466,32.394,9382,9454,9456,ov2slam_nod-ust,2,0.000
1781208279.466,32.394,9382,9454,9457,ov2slam_node,1,0.000
1781208279.466,32.394,9382,9454,9458,ov2slam_node,2,0.000
1781208279.466,32.394,9382,9454,9459,gc,1,0.000
1781208279.466,32.394,9382,9454,9460,dq.builtins,0,0.000
1781208279.466,32.394,9382,9454,9461,dq.user,1,0.000
1781208279.466,32.394,9382,9454,9462,tev,1,0.000
1781208279.466,32.394,9382,9454,9463,recv,1,0.000
1781208279.466,32.394,9382,9454,9464,recvUC,3,0.000
1781208279.466,32.394,9382,9454,9465,ov2slam_node,2,0.000
1781208279.466,32.394,9382,9454,9466,ov2slam_node,1,19.261
1781208279.466,32.394,9382,9454,9467,ov2_map,2,0.000
1781208279.466,32.394,9382,9454,9468,ov2_est,0,57.784
1781208279.466,32.394,9382,9454,9470,ov2_main,2,19.261
1781208279.466,32.394,9382,9454,9471,ov2_feed,1,19.261
1781208279.466,32.394,9382,9454,9565,ov2_main,3,0.000
1781208279.466,32.394,9382,9454,9566,ov2_main,0,0.000
1781208279.466,32.394,9382,9454,9567,ov2_main,1,0.000
1781208279.518,32.446,9382,9454,9454,ov2slam_node,2,0.000
1781208279.518,32.446,9382,9454,9455,ov2slam_nod-ust,1,0.000
1781208279.518,32.446,9382,9454,9456,ov2slam_nod-ust,2,0.000
1781208279.518,32.446,9382,9454,9457,ov2slam_node,1,0.000
1781208279.518,32.446,9382,9454,9458,ov2slam_node,2,0.000
1781208279.518,32.446,9382,9454,9459,gc,1,0.000
1781208279.518,32.446,9382,9454,9460,dq.builtins,0,0.000
1781208279.518,32.446,9382,9454,9461,dq.user,1,0.000
1781208279.518,32.446,9382,9454,9462,tev,1,0.000
1781208279.518,32.446,9382,9454,9463,recv,1,0.000
1781208279.518,32.446,9382,9454,9464,recvUC,3,0.000
1781208279.518,32.446,9382,9454,9465,ov2slam_node,2,0.000
1781208279.518,32.446,9382,9454,9466,ov2slam_node,1,0.000
1781208279.518,32.446,9382,9454,9467,ov2_map,2,19.287
1781208279.518,32.446,9382,9454,9468,ov2_est,0,0.000
1781208279.518,32.446,9382,9454,9470,ov2_main,3,19.287
1781208279.518,32.446,9382,9454,9471,ov2_feed,1,0.000
1781208279.518,32.446,9382,9454,9565,ov2_main,3,38.574
1781208279.518,32.446,9382,9454,9566,ov2_main,0,19.287
1781208279.518,32.446,9382,9454,9567,ov2_main,1,0.000
1781208279.570,32.498,9382,9454,9454,ov2slam_node,2,0.000
1781208279.570,32.498,9382,9454,9455,ov2slam_nod-ust,1,0.000
1781208279.570,32.498,9382,9454,9456,ov2slam_nod-ust,2,0.000
1781208279.570,32.498,9382,9454,9457,ov2slam_node,1,0.000
1781208279.570,32.498,9382,9454,9458,ov2slam_node,2,0.000
1781208279.570,32.498,9382,9454,9459,gc,1,0.000
1781208279.570,32.498,9382,9454,9460,dq.builtins,0,0.000
1781208279.570,32.498,9382,9454,9461,dq.user,1,0.000
1781208279.570,32.498,9382,9454,9462,tev,1,0.000
1781208279.570,32.498,9382,9454,9463,recv,1,0.000
1781208279.570,32.498,9382,9454,9464,recvUC,3,0.000
1781208279.570,32.498,9382,9454,9465,ov2slam_node,2,0.000
1781208279.570,32.498,9382,9454,9466,ov2slam_node,1,0.000
1781208279.570,32.498,9382,9454,9467,ov2_map,2,0.000
1781208279.570,32.498,9382,9454,9468,ov2_est,2,57.624
1781208279.570,32.498,9382,9454,9470,ov2_main,2,19.208
1781208279.570,32.498,9382,9454,9471,ov2_feed,1,0.000
1781208279.570,32.498,9382,9454,9565,ov2_main,0,0.000
1781208279.570,32.498,9382,9454,9566,ov2_main,0,0.000
1781208279.570,32.498,9382,9454,9567,ov2_main,1,19.208
1781208279.622,32.550,9382,9454,9454,ov2slam_node,2,0.000
1781208279.622,32.550,9382,9454,9455,ov2slam_nod-ust,1,0.000
1781208279.622,32.550,9382,9454,9456,ov2slam_nod-ust,2,0.000
1781208279.622,32.550,9382,9454,9457,ov2slam_node,1,0.000
1781208279.622,32.550,9382,9454,9458,ov2slam_node,2,0.000
1781208279.622,32.550,9382,9454,9459,gc,1,0.000
1781208279.622,32.550,9382,9454,9460,dq.builtins,0,0.000
1781208279.622,32.550,9382,9454,9461,dq.user,1,0.000
1781208279.622,32.550,9382,9454,9462,tev,1,0.000
1781208279.622,32.550,9382,9454,9463,recv,1,0.000
1781208279.622,32.550,9382,9454,9464,recvUC,3,0.000
1781208279.622,32.550,9382,9454,9465,ov2slam_node,2,0.000
1781208279.622,32.550,9382,9454,9466,ov2slam_node,1,0.000
1781208279.622,32.550,9382,9454,9467,ov2_map,2,0.000
1781208279.622,32.550,9382,9454,9468,ov2_est,2,0.000
1781208279.622,32.550,9382,9454,9470,ov2_main,2,0.000
1781208279.622,32.550,9382,9454,9471,ov2_feed,1,0.000
1781208279.622,32.550,9382,9454,9565,ov2_main,0,0.000
1781208279.622,32.550,9382,9454,9566,ov2_main,0,19.086
1781208279.622,32.550,9382,9454,9567,ov2_main,1,0.000
1781208279.675,32.602,9382,9454,9454,ov2slam_node,2,0.000
1781208279.675,32.602,9382,9454,9455,ov2slam_nod-ust,1,0.000
1781208279.675,32.602,9382,9454,9456,ov2slam_nod-ust,2,0.000
1781208279.675,32.602,9382,9454,9457,ov2slam_node,1,0.000
1781208279.675,32.602,9382,9454,9458,ov2slam_node,2,0.000
1781208279.675,32.602,9382,9454,9459,gc,1,0.000
1781208279.675,32.602,9382,9454,9460,dq.builtins,0,0.000
1781208279.675,32.602,9382,9454,9461,dq.user,1,0.000
1781208279.675,32.602,9382,9454,9462,tev,1,0.000
1781208279.675,32.602,9382,9454,9463,recv,1,0.000
1781208279.675,32.602,9382,9454,9464,recvUC,3,0.000
1781208279.675,32.602,9382,9454,9465,ov2slam_node,2,0.000
1781208279.675,32.602,9382,9454,9466,ov2slam_node,1,0.000
1781208279.675,32.602,9382,9454,9467,ov2_map,2,0.000
1781208279.675,32.602,9382,9454,9468,ov2_est,2,19.105
1781208279.675,32.602,9382,9454,9470,ov2_main,2,19.105
1781208279.675,32.602,9382,9454,9471,ov2_feed,1,0.000
1781208279.675,32.602,9382,9454,9565,ov2_main,0,0.000
1781208279.675,32.602,9382,9454,9566,ov2_main,0,0.000
1781208279.675,32.602,9382,9454,9567,ov2_main,1,0.000
1781208279.727,32.655,9382,9454,9454,ov2slam_node,2,0.000
1781208279.727,32.655,9382,9454,9455,ov2slam_nod-ust,1,0.000
1781208279.727,32.655,9382,9454,9456,ov2slam_nod-ust,2,0.000
1781208279.727,32.655,9382,9454,9457,ov2slam_node,1,0.000
1781208279.727,32.655,9382,9454,9458,ov2slam_node,2,0.000
1781208279.727,32.655,9382,9454,9459,gc,1,0.000
1781208279.727,32.655,9382,9454,9460,dq.builtins,0,0.000
1781208279.727,32.655,9382,9454,9461,dq.user,1,0.000
1781208279.727,32.655,9382,9454,9462,tev,1,0.000
1781208279.727,32.655,9382,9454,9463,recv,1,0.000
1781208279.727,32.655,9382,9454,9464,recvUC,3,0.000
1781208279.727,32.655,9382,9454,9465,ov2slam_node,2,0.000
1781208279.727,32.655,9382,9454,9466,ov2slam_node,1,0.000
1781208279.727,32.655,9382,9454,9467,ov2_map,0,19.059
1781208279.727,32.655,9382,9454,9468,ov2_est,0,0.000
1781208279.727,32.655,9382,9454,9470,ov2_main,1,19.059
1781208279.727,32.655,9382,9454,9471,ov2_feed,1,0.000
1781208279.727,32.655,9382,9454,9565,ov2_main,0,0.000
1781208279.727,32.655,9382,9454,9566,ov2_main,0,0.000
1781208279.727,32.655,9382,9454,9567,ov2_main,1,19.059
1781208279.780,32.708,9382,9454,9454,ov2slam_node,2,0.000
1781208279.780,32.708,9382,9454,9455,ov2slam_nod-ust,1,0.000
1781208279.780,32.708,9382,9454,9456,ov2slam_nod-ust,2,0.000
1781208279.780,32.708,9382,9454,9457,ov2slam_node,1,0.000
1781208279.780,32.708,9382,9454,9458,ov2slam_node,2,0.000
1781208279.780,32.708,9382,9454,9459,gc,1,0.000
1781208279.780,32.708,9382,9454,9460,dq.builtins,0,0.000
1781208279.780,32.708,9382,9454,9461,dq.user,1,0.000
1781208279.780,32.708,9382,9454,9462,tev,1,0.000
1781208279.780,32.708,9382,9454,9463,recv,1,0.000
1781208279.780,32.708,9382,9454,9464,recvUC,3,0.000
1781208279.780,32.708,9382,9454,9465,ov2slam_node,2,0.000
1781208279.780,32.708,9382,9454,9466,ov2slam_node,1,0.000
1781208279.780,32.708,9382,9454,9467,ov2_map,3,0.000
1781208279.780,32.708,9382,9454,9468,ov2_est,2,75.999
1781208279.780,32.708,9382,9454,9470,ov2_main,1,19.000
1781208279.780,32.708,9382,9454,9471,ov2_feed,1,0.000
1781208279.780,32.708,9382,9454,9565,ov2_main,0,19.000
1781208279.780,32.708,9382,9454,9566,ov2_main,3,0.000
1781208279.780,32.708,9382,9454,9567,ov2_main,1,0.000
1781208279.833,32.761,9382,9454,9454,ov2slam_node,2,0.000
1781208279.833,32.761,9382,9454,9455,ov2slam_nod-ust,1,0.000
1781208279.833,32.761,9382,9454,9456,ov2slam_nod-ust,2,0.000
1781208279.833,32.761,9382,9454,9457,ov2slam_node,1,0.000
1781208279.833,32.761,9382,9454,9458,ov2slam_node,2,0.000
1781208279.833,32.761,9382,9454,9459,gc,1,0.000
1781208279.833,32.761,9382,9454,9460,dq.builtins,0,0.000
1781208279.833,32.761,9382,9454,9461,dq.user,1,0.000
1781208279.833,32.761,9382,9454,9462,tev,1,0.000
1781208279.833,32.761,9382,9454,9463,recv,1,0.000
1781208279.833,32.761,9382,9454,9464,recvUC,2,0.000
1781208279.833,32.761,9382,9454,9465,ov2slam_node,2,0.000
1781208279.833,32.761,9382,9454,9466,ov2slam_node,1,0.000
1781208279.833,32.761,9382,9454,9467,ov2_map,3,18.854
1781208279.833,32.761,9382,9454,9468,ov2_est,2,37.708
1781208279.833,32.761,9382,9454,9470,ov2_main,3,18.854
1781208279.833,32.761,9382,9454,9471,ov2_feed,1,0.000
1781208279.833,32.761,9382,9454,9565,ov2_main,0,18.854
1781208279.833,32.761,9382,9454,9566,ov2_main,2,18.854
1781208279.833,32.761,9382,9454,9567,ov2_main,1,18.854
1781208279.885,32.813,9382,9454,9454,ov2slam_node,3,0.000
1781208279.885,32.813,9382,9454,9455,ov2slam_nod-ust,1,0.000
1781208279.885,32.813,9382,9454,9456,ov2slam_nod-ust,2,0.000
1781208279.885,32.813,9382,9454,9457,ov2slam_node,1,0.000
1781208279.885,32.813,9382,9454,9458,ov2slam_node,2,0.000
1781208279.885,32.813,9382,9454,9459,gc,1,0.000
1781208279.885,32.813,9382,9454,9460,dq.builtins,0,0.000
1781208279.885,32.813,9382,9454,9461,dq.user,1,0.000
1781208279.885,32.813,9382,9454,9462,tev,1,0.000
1781208279.885,32.813,9382,9454,9463,recv,1,0.000
1781208279.885,32.813,9382,9454,9464,recvUC,3,0.000
1781208279.885,32.813,9382,9454,9465,ov2slam_node,2,0.000
1781208279.885,32.813,9382,9454,9466,ov2slam_node,1,0.000
1781208279.885,32.813,9382,9454,9467,ov2_map,2,0.000
1781208279.885,32.813,9382,9454,9468,ov2_est,2,38.191
1781208279.885,32.813,9382,9454,9470,ov2_main,2,19.096
1781208279.885,32.813,9382,9454,9471,ov2_feed,1,0.000
1781208279.885,32.813,9382,9454,9565,ov2_main,0,19.096
1781208279.885,32.813,9382,9454,9566,ov2_main,3,0.000
1781208279.885,32.813,9382,9454,9567,ov2_main,1,0.000
1781208279.937,32.865,9382,9454,9454,ov2slam_node,2,0.000
1781208279.937,32.865,9382,9454,9455,ov2slam_nod-ust,1,0.000
1781208279.937,32.865,9382,9454,9456,ov2slam_nod-ust,2,0.000
1781208279.937,32.865,9382,9454,9457,ov2slam_node,1,0.000
1781208279.937,32.865,9382,9454,9458,ov2slam_node,2,0.000
1781208279.937,32.865,9382,9454,9459,gc,1,0.000
1781208279.937,32.865,9382,9454,9460,dq.builtins,0,0.000
1781208279.937,32.865,9382,9454,9461,dq.user,1,0.000
1781208279.937,32.865,9382,9454,9462,tev,1,0.000
1781208279.937,32.865,9382,9454,9463,recv,1,0.000
1781208279.937,32.865,9382,9454,9464,recvUC,3,0.000
1781208279.937,32.865,9382,9454,9465,ov2slam_node,2,0.000
1781208279.937,32.865,9382,9454,9466,ov2slam_node,1,0.000
1781208279.937,32.865,9382,9454,9467,ov2_map,2,19.257
1781208279.937,32.865,9382,9454,9468,ov2_est,1,38.513
1781208279.937,32.865,9382,9454,9470,ov2_main,3,19.257
1781208279.937,32.865,9382,9454,9471,ov2_feed,3,0.000
1781208279.937,32.865,9382,9454,9565,ov2_main,0,0.000
1781208279.937,32.865,9382,9454,9566,ov2_main,3,0.000
1781208279.937,32.865,9382,9454,9567,ov2_main,1,19.257
1781208279.989,32.917,9382,9454,9454,ov2slam_node,2,0.000
1781208279.989,32.917,9382,9454,9455,ov2slam_nod-ust,1,0.000
1781208279.989,32.917,9382,9454,9456,ov2slam_nod-ust,2,0.000
1781208279.989,32.917,9382,9454,9457,ov2slam_node,1,0.000
1781208279.989,32.917,9382,9454,9458,ov2slam_node,2,0.000
1781208279.989,32.917,9382,9454,9459,gc,1,0.000
1781208279.989,32.917,9382,9454,9460,dq.builtins,0,0.000
1781208279.989,32.917,9382,9454,9461,dq.user,1,0.000
1781208279.989,32.917,9382,9454,9462,tev,1,0.000
1781208279.989,32.917,9382,9454,9463,recv,1,0.000
1781208279.989,32.917,9382,9454,9464,recvUC,2,0.000
1781208279.989,32.917,9382,9454,9465,ov2slam_node,2,0.000
1781208279.989,32.917,9382,9454,9466,ov2slam_node,2,0.000
1781208279.989,32.917,9382,9454,9467,ov2_map,2,0.000
1781208279.989,32.917,9382,9454,9468,ov2_est,1,38.460
1781208279.989,32.917,9382,9454,9470,ov2_main,3,19.230
1781208279.989,32.917,9382,9454,9471,ov2_feed,2,0.000
1781208279.989,32.917,9382,9454,9565,ov2_main,0,0.000
1781208279.989,32.917,9382,9454,9566,ov2_main,2,0.000
1781208279.989,32.917,9382,9454,9567,ov2_main,1,0.000
1781208280.041,32.969,9382,9454,9454,ov2slam_node,2,0.000
1781208280.041,32.969,9382,9454,9455,ov2slam_nod-ust,1,0.000
1781208280.041,32.969,9382,9454,9456,ov2slam_nod-ust,2,0.000
1781208280.041,32.969,9382,9454,9457,ov2slam_node,1,0.000
1781208280.041,32.969,9382,9454,9458,ov2slam_node,2,0.000
1781208280.041,32.969,9382,9454,9459,gc,1,0.000
1781208280.041,32.969,9382,9454,9460,dq.builtins,0,0.000
1781208280.041,32.969,9382,9454,9461,dq.user,1,0.000
1781208280.041,32.969,9382,9454,9462,tev,1,0.000
1781208280.041,32.969,9382,9454,9463,recv,1,0.000
1781208280.041,32.969,9382,9454,9464,recvUC,2,19.223
1781208280.041,32.969,9382,9454,9465,ov2slam_node,2,0.000
1781208280.041,32.969,9382,9454,9466,ov2slam_node,2,0.000
1781208280.041,32.969,9382,9454,9467,ov2_map,2,19.223
1781208280.041,32.969,9382,9454,9468,ov2_est,1,38.446
1781208280.041,32.969,9382,9454,9470,ov2_main,2,19.223
1781208280.041,32.969,9382,9454,9471,ov2_feed,2,0.000
1781208280.041,32.969,9382,9454,9565,ov2_main,0,19.223
1781208280.041,32.969,9382,9454,9566,ov2_main,2,19.223
1781208280.041,32.969,9382,9454,9567,ov2_main,2,0.000
1781208280.093,33.021,9382,9454,9454,ov2slam_node,2,0.000
1781208280.093,33.021,9382,9454,9455,ov2slam_nod-ust,1,0.000
1781208280.093,33.021,9382,9454,9456,ov2slam_nod-ust,2,0.000
1781208280.093,33.021,9382,9454,9457,ov2slam_node,1,0.000
1781208280.093,33.021,9382,9454,9458,ov2slam_node,2,0.000
1781208280.093,33.021,9382,9454,9459,gc,1,0.000
1781208280.093,33.021,9382,9454,9460,dq.builtins,0,0.000
1781208280.093,33.021,9382,9454,9461,dq.user,1,0.000
1781208280.093,33.021,9382,9454,9462,tev,1,0.000
1781208280.093,33.021,9382,9454,9463,recv,1,0.000
1781208280.093,33.021,9382,9454,9464,recvUC,2,0.000
1781208280.093,33.021,9382,9454,9465,ov2slam_node,2,0.000
1781208280.093,33.021,9382,9454,9466,ov2slam_node,2,0.000
1781208280.093,33.021,9382,9454,9467,ov2_map,2,19.189
1781208280.093,33.021,9382,9454,9468,ov2_est,1,57.567
1781208280.093,33.021,9382,9454,9470,ov2_main,2,19.189
1781208280.093,33.021,9382,9454,9471,ov2_feed,0,0.000
1781208280.093,33.021,9382,9454,9565,ov2_main,0,19.189
1781208280.093,33.021,9382,9454,9566,ov2_main,1,0.000
1781208280.093,33.021,9382,9454,9567,ov2_main,1,0.000
1781208280.146,33.073,9382,9454,9454,ov2slam_node,2,0.000
1781208280.146,33.073,9382,9454,9455,ov2slam_nod-ust,1,0.000
1781208280.146,33.073,9382,9454,9456,ov2slam_nod-ust,2,0.000
1781208280.146,33.073,9382,9454,9457,ov2slam_node,1,0.000
1781208280.146,33.073,9382,9454,9458,ov2slam_node,2,0.000
1781208280.146,33.073,9382,9454,9459,gc,1,0.000
1781208280.146,33.073,9382,9454,9460,dq.builtins,0,0.000
1781208280.146,33.073,9382,9454,9461,dq.user,1,0.000
1781208280.146,33.073,9382,9454,9462,tev,1,0.000
1781208280.146,33.073,9382,9454,9463,recv,1,0.000
1781208280.146,33.073,9382,9454,9464,recvUC,1,0.000
1781208280.146,33.073,9382,9454,9465,ov2slam_node,2,0.000
1781208280.146,33.073,9382,9454,9466,ov2slam_node,0,0.000
1781208280.146,33.073,9382,9454,9467,ov2_map,2,0.000
1781208280.146,33.073,9382,9454,9468,ov2_est,1,38.154
1781208280.146,33.073,9382,9454,9470,ov2_main,2,0.000
1781208280.146,33.073,9382,9454,9471,ov2_feed,0,0.000
1781208280.146,33.073,9382,9454,9565,ov2_main,0,0.000
1781208280.146,33.073,9382,9454,9566,ov2_main,1,0.000
1781208280.146,33.073,9382,9454,9567,ov2_main,1,0.000
1781208280.197,33.125,9382,9454,9454,ov2slam_node,2,0.000
1781208280.197,33.125,9382,9454,9455,ov2slam_nod-ust,1,0.000
1781208280.197,33.125,9382,9454,9456,ov2slam_nod-ust,2,0.000
1781208280.197,33.125,9382,9454,9457,ov2slam_node,1,0.000
1781208280.197,33.125,9382,9454,9458,ov2slam_node,2,0.000
1781208280.197,33.125,9382,9454,9459,gc,1,0.000
1781208280.197,33.125,9382,9454,9460,dq.builtins,0,0.000
1781208280.197,33.125,9382,9454,9461,dq.user,1,0.000
1781208280.197,33.125,9382,9454,9462,tev,1,0.000
1781208280.197,33.125,9382,9454,9463,recv,1,0.000
1781208280.197,33.125,9382,9454,9464,recvUC,1,0.000
1781208280.197,33.125,9382,9454,9465,ov2slam_node,2,0.000
1781208280.197,33.125,9382,9454,9466,ov2slam_node,0,0.000
1781208280.197,33.125,9382,9454,9467,ov2_map,2,0.000
1781208280.197,33.125,9382,9454,9468,ov2_est,1,19.264
1781208280.197,33.125,9382,9454,9470,ov2_main,1,19.264
1781208280.197,33.125,9382,9454,9471,ov2_feed,1,0.000
1781208280.197,33.125,9382,9454,9565,ov2_main,0,0.000
1781208280.197,33.125,9382,9454,9566,ov2_main,2,19.264
1781208280.197,33.125,9382,9454,9567,ov2_main,1,0.000
1781208280.250,33.177,9382,9454,9454,ov2slam_node,2,0.000
1781208280.250,33.177,9382,9454,9455,ov2slam_nod-ust,1,0.000
1781208280.250,33.177,9382,9454,9456,ov2slam_nod-ust,2,0.000
1781208280.250,33.177,9382,9454,9457,ov2slam_node,1,0.000
1781208280.250,33.177,9382,9454,9458,ov2slam_node,2,0.000
1781208280.250,33.177,9382,9454,9459,gc,1,0.000
1781208280.250,33.177,9382,9454,9460,dq.builtins,0,0.000
1781208280.250,33.177,9382,9454,9461,dq.user,1,0.000
1781208280.250,33.177,9382,9454,9462,tev,1,0.000
1781208280.250,33.177,9382,9454,9463,recv,1,0.000
1781208280.250,33.177,9382,9454,9464,recvUC,1,0.000
1781208280.250,33.177,9382,9454,9465,ov2slam_node,2,0.000
1781208280.250,33.177,9382,9454,9466,ov2slam_node,0,0.000
1781208280.250,33.177,9382,9454,9467,ov2_map,1,0.000
1781208280.250,33.177,9382,9454,9468,ov2_est,1,0.000
1781208280.250,33.177,9382,9454,9470,ov2_main,1,19.203
1781208280.250,33.177,9382,9454,9471,ov2_feed,1,0.000
1781208280.250,33.177,9382,9454,9565,ov2_main,0,0.000
1781208280.250,33.177,9382,9454,9566,ov2_main,2,0.000
1781208280.250,33.177,9382,9454,9567,ov2_main,3,19.203
1781208280.303,33.231,9382,9454,9454,ov2slam_node,2,0.000
1781208280.303,33.231,9382,9454,9455,ov2slam_nod-ust,1,0.000
1781208280.303,33.231,9382,9454,9456,ov2slam_nod-ust,2,0.000
1781208280.303,33.231,9382,9454,9457,ov2slam_node,1,0.000
1781208280.303,33.231,9382,9454,9458,ov2slam_node,2,0.000
1781208280.303,33.231,9382,9454,9459,gc,1,0.000
1781208280.303,33.231,9382,9454,9460,dq.builtins,0,0.000
1781208280.303,33.231,9382,9454,9461,dq.user,1,0.000
1781208280.303,33.231,9382,9454,9462,tev,1,0.000
1781208280.303,33.231,9382,9454,9463,recv,1,0.000
1781208280.303,33.231,9382,9454,9464,recvUC,1,0.000
1781208280.303,33.231,9382,9454,9465,ov2slam_node,2,0.000
1781208280.303,33.231,9382,9454,9466,ov2slam_node,0,0.000
1781208280.303,33.231,9382,9454,9467,ov2_map,1,0.000
1781208280.303,33.231,9382,9454,9468,ov2_est,1,0.000
1781208280.303,33.231,9382,9454,9470,ov2_main,1,18.772
1781208280.303,33.231,9382,9454,9471,ov2_feed,1,0.000
1781208280.303,33.231,9382,9454,9565,ov2_main,0,18.772
1781208280.303,33.231,9382,9454,9566,ov2_main,2,18.772
1781208280.303,33.231,9382,9454,9567,ov2_main,2,0.000
1781208280.355,33.283,9382,9454,9454,ov2slam_node,2,0.000
1781208280.355,33.283,9382,9454,9455,ov2slam_nod-ust,1,0.000
1781208280.355,33.283,9382,9454,9456,ov2slam_nod-ust,2,0.000
1781208280.355,33.283,9382,9454,9457,ov2slam_node,1,0.000
1781208280.355,33.283,9382,9454,9458,ov2slam_node,2,0.000
1781208280.355,33.283,9382,9454,9459,gc,1,0.000
1781208280.355,33.283,9382,9454,9460,dq.builtins,0,0.000
1781208280.355,33.283,9382,9454,9461,dq.user,1,0.000
1781208280.355,33.283,9382,9454,9462,tev,1,0.000
1781208280.355,33.283,9382,9454,9463,recv,1,0.000
1781208280.355,33.283,9382,9454,9464,recvUC,1,0.000
1781208280.355,33.283,9382,9454,9465,ov2slam_node,2,0.000
1781208280.355,33.283,9382,9454,9466,ov2slam_node,0,0.000
1781208280.355,33.283,9382,9454,9467,ov2_map,1,19.140
1781208280.355,33.283,9382,9454,9468,ov2_est,2,38.279
1781208280.355,33.283,9382,9454,9470,ov2_main,1,0.000
1781208280.355,33.283,9382,9454,9471,ov2_feed,1,0.000
1781208280.355,33.283,9382,9454,9565,ov2_main,0,0.000
1781208280.355,33.283,9382,9454,9566,ov2_main,2,19.140
1781208280.355,33.283,9382,9454,9567,ov2_main,2,19.140
1781208280.407,33.335,9382,9454,9454,ov2slam_node,2,0.000
1781208280.407,33.335,9382,9454,9455,ov2slam_nod-ust,1,0.000
1781208280.407,33.335,9382,9454,9456,ov2slam_nod-ust,2,0.000
1781208280.407,33.335,9382,9454,9457,ov2slam_node,1,0.000
1781208280.407,33.335,9382,9454,9458,ov2slam_node,2,0.000
1781208280.407,33.335,9382,9454,9459,gc,1,0.000
1781208280.407,33.335,9382,9454,9460,dq.builtins,0,0.000
1781208280.407,33.335,9382,9454,9461,dq.user,1,0.000
1781208280.407,33.335,9382,9454,9462,tev,1,0.000
1781208280.407,33.335,9382,9454,9463,recv,1,0.000
1781208280.407,33.335,9382,9454,9464,recvUC,1,0.000
1781208280.407,33.335,9382,9454,9465,ov2slam_node,2,0.000
1781208280.407,33.335,9382,9454,9466,ov2slam_node,0,0.000
1781208280.407,33.335,9382,9454,9467,ov2_map,1,0.000
1781208280.407,33.335,9382,9454,9468,ov2_est,3,0.000
1781208280.407,33.335,9382,9454,9470,ov2_main,1,38.568
1781208280.407,33.335,9382,9454,9471,ov2_feed,2,0.000
1781208280.407,33.335,9382,9454,9565,ov2_main,0,19.284
1781208280.407,33.335,9382,9454,9566,ov2_main,2,0.000
1781208280.407,33.335,9382,9454,9567,ov2_main,3,0.000
1781208280.464,33.392,9382,9454,9454,ov2slam_node,2,0.000
1781208280.464,33.392,9382,9454,9455,ov2slam_nod-ust,1,0.000
1781208280.464,33.392,9382,9454,9456,ov2slam_nod-ust,2,0.000
1781208280.464,33.392,9382,9454,9457,ov2slam_node,1,0.000
1781208280.464,33.392,9382,9454,9458,ov2slam_node,2,0.000
1781208280.464,33.392,9382,9454,9459,gc,1,0.000
1781208280.464,33.392,9382,9454,9460,dq.builtins,0,0.000
1781208280.464,33.392,9382,9454,9461,dq.user,1,0.000
1781208280.464,33.392,9382,9454,9462,tev,1,0.000
1781208280.464,33.392,9382,9454,9463,recv,1,0.000
1781208280.464,33.392,9382,9454,9464,recvUC,1,0.000
1781208280.464,33.392,9382,9454,9465,ov2slam_node,2,0.000
1781208280.464,33.392,9382,9454,9466,ov2slam_node,0,0.000
1781208280.464,33.392,9382,9454,9467,ov2_map,1,17.398
1781208280.464,33.392,9382,9454,9468,ov2_est,1,52.194
1781208280.464,33.392,9382,9454,9470,ov2_main,2,0.000
1781208280.464,33.392,9382,9454,9471,ov2_feed,2,0.000
1781208280.464,33.392,9382,9454,9565,ov2_main,0,0.000
1781208280.464,33.392,9382,9454,9566,ov2_main,1,0.000
1781208280.464,33.392,9382,9454,9567,ov2_main,3,0.000
1781208280.516,33.444,9382,9454,9454,ov2slam_node,2,0.000
1781208280.516,33.444,9382,9454,9455,ov2slam_nod-ust,1,0.000
1781208280.516,33.444,9382,9454,9456,ov2slam_nod-ust,2,0.000
1781208280.516,33.444,9382,9454,9457,ov2slam_node,1,0.000
1781208280.516,33.444,9382,9454,9458,ov2slam_node,2,0.000
1781208280.516,33.444,9382,9454,9459,gc,1,0.000
1781208280.516,33.444,9382,9454,9460,dq.builtins,0,0.000
1781208280.516,33.444,9382,9454,9461,dq.user,1,0.000
1781208280.516,33.444,9382,9454,9462,tev,1,0.000
1781208280.516,33.444,9382,9454,9463,recv,1,0.000
1781208280.516,33.444,9382,9454,9464,recvUC,0,0.000
1781208280.516,33.444,9382,9454,9465,ov2slam_node,2,0.000
1781208280.516,33.444,9382,9454,9466,ov2slam_node,0,0.000
1781208280.516,33.444,9382,9454,9467,ov2_map,1,19.276
1781208280.516,33.444,9382,9454,9468,ov2_est,1,0.000
1781208280.516,33.444,9382,9454,9470,ov2_main,2,19.276
1781208280.516,33.444,9382,9454,9471,ov2_feed,2,0.000
1781208280.516,33.444,9382,9454,9565,ov2_main,0,19.276
1781208280.516,33.444,9382,9454,9566,ov2_main,1,19.276
1781208280.516,33.444,9382,9454,9567,ov2_main,3,38.552
1781208280.568,33.496,9382,9454,9454,ov2slam_node,2,0.000
1781208280.568,33.496,9382,9454,9455,ov2slam_nod-ust,1,0.000
1781208280.568,33.496,9382,9454,9456,ov2slam_nod-ust,2,0.000
1781208280.568,33.496,9382,9454,9457,ov2slam_node,1,0.000
1781208280.568,33.496,9382,9454,9458,ov2slam_node,2,0.000
1781208280.568,33.496,9382,9454,9459,gc,1,0.000
1781208280.568,33.496,9382,9454,9460,dq.builtins,0,0.000
1781208280.568,33.496,9382,9454,9461,dq.user,1,0.000
1781208280.568,33.496,9382,9454,9462,tev,1,0.000
1781208280.568,33.496,9382,9454,9463,recv,1,0.000
1781208280.568,33.496,9382,9454,9464,recvUC,1,0.000
1781208280.568,33.496,9382,9454,9465,ov2slam_node,2,0.000
1781208280.568,33.496,9382,9454,9466,ov2slam_node,1,0.000
1781208280.568,33.496,9382,9454,9467,ov2_map,0,19.223
1781208280.568,33.496,9382,9454,9468,ov2_est,1,57.670
1781208280.568,33.496,9382,9454,9470,ov2_main,2,38.446
1781208280.568,33.496,9382,9454,9471,ov2_feed,2,0.000
1781208280.568,33.496,9382,9454,9565,ov2_main,0,19.223
1781208280.568,33.496,9382,9454,9566,ov2_main,1,19.223
1781208280.568,33.496,9382,9454,9567,ov2_main,3,0.000
1781208280.620,33.548,9382,9454,9454,ov2slam_node,2,0.000
1781208280.620,33.548,9382,9454,9455,ov2slam_nod-ust,1,0.000
1781208280.620,33.548,9382,9454,9456,ov2slam_nod-ust,2,0.000
1781208280.620,33.548,9382,9454,9457,ov2slam_node,1,0.000
1781208280.620,33.548,9382,9454,9458,ov2slam_node,2,0.000
1781208280.620,33.548,9382,9454,9459,gc,1,0.000
1781208280.620,33.548,9382,9454,9460,dq.builtins,0,0.000
1781208280.620,33.548,9382,9454,9461,dq.user,1,0.000
1781208280.620,33.548,9382,9454,9462,tev,1,0.000
1781208280.620,33.548,9382,9454,9463,recv,1,0.000
1781208280.620,33.548,9382,9454,9464,recvUC,3,0.000
1781208280.620,33.548,9382,9454,9465,ov2slam_node,2,0.000
1781208280.620,33.548,9382,9454,9466,ov2slam_node,0,0.000
1781208280.620,33.548,9382,9454,9467,ov2_map,0,0.000
1781208280.620,33.548,9382,9454,9468,ov2_est,1,57.731
1781208280.620,33.548,9382,9454,9470,ov2_main,2,0.000
1781208280.620,33.548,9382,9454,9471,ov2_feed,2,0.000
1781208280.620,33.548,9382,9454,9565,ov2_main,0,0.000
1781208280.620,33.548,9382,9454,9566,ov2_main,1,0.000
1781208280.620,33.548,9382,9454,9567,ov2_main,3,0.000
1781208280.672,33.600,9382,9454,9454,ov2slam_node,2,0.000
1781208280.672,33.600,9382,9454,9455,ov2slam_nod-ust,1,0.000
1781208280.672,33.600,9382,9454,9456,ov2slam_nod-ust,2,0.000
1781208280.672,33.600,9382,9454,9457,ov2slam_node,1,0.000
1781208280.672,33.600,9382,9454,9458,ov2slam_node,2,0.000
1781208280.672,33.600,9382,9454,9459,gc,1,0.000
1781208280.672,33.600,9382,9454,9460,dq.builtins,0,0.000
1781208280.672,33.600,9382,9454,9461,dq.user,1,0.000
1781208280.672,33.600,9382,9454,9462,tev,1,0.000
1781208280.672,33.600,9382,9454,9463,recv,1,0.000
1781208280.672,33.600,9382,9454,9464,recvUC,3,0.000
1781208280.672,33.600,9382,9454,9465,ov2slam_node,2,0.000
1781208280.672,33.600,9382,9454,9466,ov2slam_node,0,0.000
1781208280.672,33.600,9382,9454,9467,ov2_map,0,0.000
1781208280.672,33.600,9382,9454,9468,ov2_est,1,0.000
1781208280.672,33.600,9382,9454,9470,ov2_main,2,0.000
1781208280.672,33.600,9382,9454,9471,ov2_feed,2,0.000
1781208280.672,33.600,9382,9454,9565,ov2_main,0,0.000
1781208280.672,33.600,9382,9454,9566,ov2_main,1,0.000
1781208280.672,33.600,9382,9454,9567,ov2_main,3,0.000
1781208280.724,33.652,9382,9454,9454,ov2slam_node,2,0.000
1781208280.724,33.652,9382,9454,9455,ov2slam_nod-ust,1,0.000
1781208280.724,33.652,9382,9454,9456,ov2slam_nod-ust,2,0.000
1781208280.724,33.652,9382,9454,9457,ov2slam_node,1,0.000
1781208280.724,33.652,9382,9454,9458,ov2slam_node,2,0.000
1781208280.724,33.652,9382,9454,9459,gc,1,0.000
1781208280.724,33.652,9382,9454,9460,dq.builtins,0,0.000
1781208280.724,33.652,9382,9454,9461,dq.user,1,0.000
1781208280.724,33.652,9382,9454,9462,tev,1,0.000
1781208280.724,33.652,9382,9454,9463,recv,1,0.000
1781208280.724,33.652,9382,9454,9464,recvUC,3,0.000
1781208280.724,33.652,9382,9454,9465,ov2slam_node,2,0.000
1781208280.724,33.652,9382,9454,9466,ov2slam_node,0,0.000
1781208280.724,33.652,9382,9454,9467,ov2_map,0,19.314
1781208280.724,33.652,9382,9454,9468,ov2_est,1,19.314
1781208280.724,33.652,9382,9454,9470,ov2_main,2,19.314
1781208280.724,33.652,9382,9454,9471,ov2_feed,2,0.000
1781208280.724,33.652,9382,9454,9565,ov2_main,0,19.314
1781208280.724,33.652,9382,9454,9566,ov2_main,1,0.000
1781208280.724,33.652,9382,9454,9567,ov2_main,3,0.000
1781208280.776,33.704,9382,9454,9454,ov2slam_node,2,0.000
1781208280.776,33.704,9382,9454,9455,ov2slam_nod-ust,1,0.000
1781208280.776,33.704,9382,9454,9456,ov2slam_nod-ust,2,0.000
1781208280.776,33.704,9382,9454,9457,ov2slam_node,1,0.000
1781208280.776,33.704,9382,9454,9458,ov2slam_node,2,0.000
1781208280.776,33.704,9382,9454,9459,gc,1,0.000
1781208280.776,33.704,9382,9454,9460,dq.builtins,0,0.000
1781208280.776,33.704,9382,9454,9461,dq.user,1,0.000
1781208280.776,33.704,9382,9454,9462,tev,1,0.000
1781208280.776,33.704,9382,9454,9463,recv,1,0.000
1781208280.776,33.704,9382,9454,9464,recvUC,3,0.000
1781208280.776,33.704,9382,9454,9465,ov2slam_node,2,0.000
1781208280.776,33.704,9382,9454,9466,ov2slam_node,0,0.000
1781208280.776,33.704,9382,9454,9467,ov2_map,0,0.000
1781208280.776,33.704,9382,9454,9468,ov2_est,1,38.432
1781208280.776,33.704,9382,9454,9470,ov2_main,1,19.216
1781208280.776,33.704,9382,9454,9471,ov2_feed,2,0.000
1781208280.776,33.704,9382,9454,9565,ov2_main,0,0.000
1781208280.776,33.704,9382,9454,9566,ov2_main,1,0.000
1781208280.776,33.704,9382,9454,9567,ov2_main,3,19.216
1781208280.828,33.756,9382,9454,9454,ov2slam_node,2,0.000
1781208280.828,33.756,9382,9454,9455,ov2slam_nod-ust,1,0.000
1781208280.828,33.756,9382,9454,9456,ov2slam_nod-ust,2,0.000
1781208280.828,33.756,9382,9454,9457,ov2slam_node,1,0.000
1781208280.828,33.756,9382,9454,9458,ov2slam_node,2,0.000
1781208280.828,33.756,9382,9454,9459,gc,1,0.000
1781208280.828,33.756,9382,9454,9460,dq.builtins,0,0.000
1781208280.828,33.756,9382,9454,9461,dq.user,1,0.000
1781208280.828,33.756,9382,9454,9462,tev,1,0.000
1781208280.828,33.756,9382,9454,9463,recv,1,0.000
1781208280.828,33.756,9382,9454,9464,recvUC,3,0.000
1781208280.828,33.756,9382,9454,9465,ov2slam_node,2,0.000
1781208280.828,33.756,9382,9454,9466,ov2slam_node,0,0.000
1781208280.828,33.756,9382,9454,9467,ov2_map,0,19.266
1781208280.828,33.756,9382,9454,9468,ov2_est,1,0.000
1781208280.828,33.756,9382,9454,9470,ov2_main,1,19.266
1781208280.828,33.756,9382,9454,9471,ov2_feed,2,0.000
1781208280.828,33.756,9382,9454,9565,ov2_main,0,0.000
1781208280.828,33.756,9382,9454,9566,ov2_main,2,0.000
1781208280.828,33.756,9382,9454,9567,ov2_main,3,0.000
1781208280.880,33.808,9382,9454,9454,ov2slam_node,2,0.000
1781208280.880,33.808,9382,9454,9455,ov2slam_nod-ust,1,0.000
1781208280.880,33.808,9382,9454,9456,ov2slam_nod-ust,2,0.000
1781208280.880,33.808,9382,9454,9457,ov2slam_node,1,0.000
1781208280.880,33.808,9382,9454,9458,ov2slam_node,2,0.000
1781208280.880,33.808,9382,9454,9459,gc,1,0.000
1781208280.880,33.808,9382,9454,9460,dq.builtins,0,0.000
1781208280.880,33.808,9382,9454,9461,dq.user,1,0.000
1781208280.880,33.808,9382,9454,9462,tev,1,0.000
1781208280.880,33.808,9382,9454,9463,recv,1,0.000
1781208280.880,33.808,9382,9454,9464,recvUC,3,19.277
1781208280.880,33.808,9382,9454,9465,ov2slam_node,2,0.000
1781208280.880,33.808,9382,9454,9466,ov2slam_node,0,0.000
1781208280.880,33.808,9382,9454,9467,ov2_map,0,0.000
1781208280.880,33.808,9382,9454,9468,ov2_est,1,57.830
1781208280.880,33.808,9382,9454,9470,ov2_main,3,0.000
1781208280.880,33.808,9382,9454,9471,ov2_feed,3,0.000
1781208280.880,33.808,9382,9454,9565,ov2_main,0,19.277
1781208280.880,33.808,9382,9454,9566,ov2_main,2,19.277
1781208280.880,33.808,9382,9454,9567,ov2_main,1,0.000
1781208280.932,33.860,9382,9454,9454,ov2slam_node,2,0.000
1781208280.932,33.860,9382,9454,9455,ov2slam_nod-ust,1,0.000
1781208280.932,33.860,9382,9454,9456,ov2slam_nod-ust,2,0.000
1781208280.932,33.860,9382,9454,9457,ov2slam_node,1,0.000
1781208280.932,33.860,9382,9454,9458,ov2slam_node,2,0.000
1781208280.932,33.860,9382,9454,9459,gc,1,0.000
1781208280.932,33.860,9382,9454,9460,dq.builtins,0,0.000
1781208280.932,33.860,9382,9454,9461,dq.user,1,0.000
1781208280.932,33.860,9382,9454,9462,tev,1,0.000
1781208280.932,33.860,9382,9454,9463,recv,1,0.000
1781208280.932,33.860,9382,9454,9464,recvUC,3,0.000
1781208280.932,33.860,9382,9454,9465,ov2slam_node,2,0.000
1781208280.932,33.860,9382,9454,9466,ov2slam_node,0,0.000
1781208280.932,33.860,9382,9454,9467,ov2_map,0,0.000
1781208280.932,33.860,9382,9454,9468,ov2_est,1,0.000
1781208280.932,33.860,9382,9454,9470,ov2_main,0,0.000
1781208280.932,33.860,9382,9454,9471,ov2_feed,0,0.000
1781208280.932,33.860,9382,9454,9565,ov2_main,0,0.000
1781208280.932,33.860,9382,9454,9566,ov2_main,2,0.000
1781208280.932,33.860,9382,9454,9567,ov2_main,1,0.000
1781208280.984,33.911,9382,9454,9454,ov2slam_node,2,0.000
1781208280.984,33.911,9382,9454,9455,ov2slam_nod-ust,1,0.000
1781208280.984,33.911,9382,9454,9456,ov2slam_nod-ust,2,0.000
1781208280.984,33.911,9382,9454,9457,ov2slam_node,1,0.000
1781208280.984,33.911,9382,9454,9458,ov2slam_node,2,0.000
1781208280.984,33.911,9382,9454,9459,gc,1,0.000
1781208280.984,33.911,9382,9454,9460,dq.builtins,0,0.000
1781208280.984,33.911,9382,9454,9461,dq.user,1,0.000
1781208280.984,33.911,9382,9454,9462,tev,1,0.000
1781208280.984,33.911,9382,9454,9463,recv,1,0.000
1781208280.984,33.911,9382,9454,9464,recvUC,3,0.000
1781208280.984,33.911,9382,9454,9465,ov2slam_node,2,0.000
1781208280.984,33.911,9382,9454,9466,ov2slam_node,0,0.000
1781208280.984,33.911,9382,9454,9467,ov2_map,0,0.000
1781208280.984,33.911,9382,9454,9468,ov2_est,1,0.000
1781208280.984,33.911,9382,9454,9470,ov2_main,3,0.000
1781208280.984,33.911,9382,9454,9471,ov2_feed,2,0.000
1781208280.984,33.911,9382,9454,9565,ov2_main,0,0.000
1781208280.984,33.911,9382,9454,9566,ov2_main,2,0.000
1781208280.984,33.911,9382,9454,9567,ov2_main,1,0.000
1781208281.035,33.963,9382,9454,9454,ov2slam_node,2,0.000
1781208281.035,33.963,9382,9454,9455,ov2slam_nod-ust,1,0.000
1781208281.035,33.963,9382,9454,9456,ov2slam_nod-ust,2,0.000
1781208281.035,33.963,9382,9454,9457,ov2slam_node,1,0.000
1781208281.035,33.963,9382,9454,9458,ov2slam_node,2,0.000
1781208281.035,33.963,9382,9454,9459,gc,1,0.000
1781208281.035,33.963,9382,9454,9460,dq.builtins,0,0.000
1781208281.035,33.963,9382,9454,9461,dq.user,1,0.000
1781208281.035,33.963,9382,9454,9462,tev,1,0.000
1781208281.035,33.963,9382,9454,9463,recv,1,0.000
1781208281.035,33.963,9382,9454,9464,recvUC,3,0.000
1781208281.035,33.963,9382,9454,9465,ov2slam_node,2,0.000
1781208281.035,33.963,9382,9454,9466,ov2slam_node,3,0.000
1781208281.035,33.963,9382,9454,9467,ov2_map,0,19.248
1781208281.035,33.963,9382,9454,9468,ov2_est,1,38.496
1781208281.035,33.963,9382,9454,9470,ov2_main,3,38.496
1781208281.035,33.963,9382,9454,9471,ov2_feed,2,0.000
1781208281.035,33.963,9382,9454,9565,ov2_main,0,0.000
1781208281.035,33.963,9382,9454,9566,ov2_main,2,0.000
1781208281.035,33.963,9382,9454,9567,ov2_main,1,19.248
1781208281.088,34.016,9382,9454,9454,ov2slam_node,2,0.000
1781208281.088,34.016,9382,9454,9455,ov2slam_nod-ust,1,0.000
1781208281.088,34.016,9382,9454,9456,ov2slam_nod-ust,2,0.000
1781208281.088,34.016,9382,9454,9457,ov2slam_node,1,0.000
1781208281.088,34.016,9382,9454,9458,ov2slam_node,2,0.000
1781208281.088,34.016,9382,9454,9459,gc,1,0.000
1781208281.088,34.016,9382,9454,9460,dq.builtins,0,0.000
1781208281.088,34.016,9382,9454,9461,dq.user,1,0.000
1781208281.088,34.016,9382,9454,9462,tev,1,0.000
1781208281.088,34.016,9382,9454,9463,recv,1,0.000
1781208281.088,34.016,9382,9454,9464,recvUC,1,0.000
1781208281.088,34.016,9382,9454,9465,ov2slam_node,2,0.000
1781208281.088,34.016,9382,9454,9466,ov2slam_node,3,0.000
1781208281.088,34.016,9382,9454,9467,ov2_map,0,0.000
1781208281.088,34.016,9382,9454,9468,ov2_est,1,38.314
1781208281.088,34.016,9382,9454,9470,ov2_main,3,0.000
1781208281.088,34.016,9382,9454,9471,ov2_feed,1,0.000
1781208281.088,34.016,9382,9454,9565,ov2_main,0,19.157
1781208281.088,34.016,9382,9454,9566,ov2_main,2,19.157
1781208281.088,34.016,9382,9454,9567,ov2_main,1,0.000
1781208281.140,34.067,9382,9454,9454,ov2slam_node,2,0.000
1781208281.140,34.067,9382,9454,9455,ov2slam_nod-ust,1,0.000
1781208281.140,34.067,9382,9454,9456,ov2slam_nod-ust,2,0.000
1781208281.140,34.067,9382,9454,9457,ov2slam_node,1,0.000
1781208281.140,34.067,9382,9454,9458,ov2slam_node,2,0.000
1781208281.140,34.067,9382,9454,9459,gc,1,0.000
1781208281.140,34.067,9382,9454,9460,dq.builtins,0,0.000
1781208281.140,34.067,9382,9454,9461,dq.user,1,0.000
1781208281.140,34.067,9382,9454,9462,tev,1,0.000
1781208281.140,34.067,9382,9454,9463,recv,1,0.000
1781208281.140,34.067,9382,9454,9464,recvUC,3,0.000
1781208281.140,34.067,9382,9454,9465,ov2slam_node,2,0.000
1781208281.140,34.067,9382,9454,9466,ov2slam_node,3,0.000
1781208281.140,34.067,9382,9454,9467,ov2_map,3,19.261
1781208281.140,34.067,9382,9454,9468,ov2_est,1,19.261
1781208281.140,34.067,9382,9454,9470,ov2_main,0,19.261
1781208281.140,34.067,9382,9454,9471,ov2_feed,3,0.000
1781208281.140,34.067,9382,9454,9565,ov2_main,3,0.000
1781208281.140,34.067,9382,9454,9566,ov2_main,2,0.000
1781208281.140,34.067,9382,9454,9567,ov2_main,1,19.261
1781208281.192,34.120,9382,9454,9454,ov2slam_node,2,18.990
1781208281.192,34.120,9382,9454,9455,ov2slam_nod-ust,1,0.000
1781208281.192,34.120,9382,9454,9456,ov2slam_nod-ust,2,0.000
1781208281.192,34.120,9382,9454,9457,ov2slam_node,1,0.000
1781208281.192,34.120,9382,9454,9458,ov2slam_node,2,0.000
1781208281.192,34.120,9382,9454,9459,gc,1,0.000
1781208281.192,34.120,9382,9454,9460,dq.builtins,0,0.000
1781208281.192,34.120,9382,9454,9461,dq.user,1,0.000
1781208281.192,34.120,9382,9454,9462,tev,1,0.000
1781208281.192,34.120,9382,9454,9463,recv,1,0.000
1781208281.192,34.120,9382,9454,9464,recvUC,3,0.000
1781208281.192,34.120,9382,9454,9465,ov2slam_node,2,0.000
1781208281.192,34.120,9382,9454,9466,ov2slam_node,3,0.000
1781208281.192,34.120,9382,9454,9467,ov2_map,3,0.000
1781208281.192,34.120,9382,9454,9468,ov2_est,1,37.980
1781208281.192,34.120,9382,9454,9470,ov2_main,2,18.990
1781208281.192,34.120,9382,9454,9471,ov2_feed,3,0.000
1781208281.192,34.120,9382,9454,9565,ov2_main,3,0.000
1781208281.192,34.120,9382,9454,9566,ov2_main,0,18.990
1781208281.192,34.120,9382,9454,9567,ov2_main,3,0.000
1781208281.246,34.173,9382,9454,9454,ov2slam_node,2,0.000
1781208281.246,34.173,9382,9454,9455,ov2slam_nod-ust,1,0.000
1781208281.246,34.173,9382,9454,9456,ov2slam_nod-ust,2,0.000
1781208281.246,34.173,9382,9454,9457,ov2slam_node,1,0.000
1781208281.246,34.173,9382,9454,9458,ov2slam_node,2,0.000
1781208281.246,34.173,9382,9454,9459,gc,1,0.000
1781208281.246,34.173,9382,9454,9460,dq.builtins,0,0.000
1781208281.246,34.173,9382,9454,9461,dq.user,1,0.000
1781208281.246,34.173,9382,9454,9462,tev,1,0.000
1781208281.246,34.173,9382,9454,9463,recv,1,0.000
1781208281.246,34.173,9382,9454,9464,recvUC,3,0.000
1781208281.246,34.173,9382,9454,9465,ov2slam_node,2,0.000
1781208281.246,34.173,9382,9454,9466,ov2slam_node,3,0.000
1781208281.246,34.173,9382,9454,9467,ov2_map,3,37.491
1781208281.246,34.173,9382,9454,9468,ov2_est,1,56.237
1781208281.246,34.173,9382,9454,9470,ov2_main,3,18.746
1781208281.246,34.173,9382,9454,9471,ov2_feed,3,0.000
1781208281.246,34.173,9382,9454,9565,ov2_main,3,18.746
1781208281.246,34.173,9382,9454,9566,ov2_main,0,0.000
1781208281.246,34.173,9382,9454,9567,ov2_main,1,0.000
1781208281.298,34.226,9382,9454,9454,ov2slam_node,2,0.000
1781208281.298,34.226,9382,9454,9455,ov2slam_nod-ust,1,0.000
1781208281.298,34.226,9382,9454,9456,ov2slam_nod-ust,2,0.000
1781208281.298,34.226,9382,9454,9457,ov2slam_node,1,0.000
1781208281.298,34.226,9382,9454,9458,ov2slam_node,2,0.000
1781208281.298,34.226,9382,9454,9459,gc,1,0.000
1781208281.298,34.226,9382,9454,9460,dq.builtins,0,0.000
1781208281.298,34.226,9382,9454,9461,dq.user,1,0.000
1781208281.298,34.226,9382,9454,9462,tev,1,0.000
1781208281.298,34.226,9382,9454,9463,recv,1,0.000
1781208281.298,34.226,9382,9454,9464,recvUC,3,0.000
1781208281.298,34.226,9382,9454,9465,ov2slam_node,2,0.000
1781208281.298,34.226,9382,9454,9466,ov2slam_node,3,0.000
1781208281.298,34.226,9382,9454,9467,ov2_map,3,0.000
1781208281.298,34.226,9382,9454,9468,ov2_est,1,38.402
1781208281.298,34.226,9382,9454,9470,ov2_main,3,19.201
1781208281.298,34.226,9382,9454,9471,ov2_feed,3,0.000
1781208281.298,34.226,9382,9454,9565,ov2_main,2,0.000
1781208281.298,34.226,9382,9454,9566,ov2_main,0,0.000
1781208281.298,34.226,9382,9454,9567,ov2_main,0,0.000
1781208281.350,34.278,9382,9454,9454,ov2slam_node,2,0.000
1781208281.350,34.278,9382,9454,9455,ov2slam_nod-ust,1,0.000
1781208281.350,34.278,9382,9454,9456,ov2slam_nod-ust,2,0.000
1781208281.350,34.278,9382,9454,9457,ov2slam_node,1,0.000
1781208281.350,34.278,9382,9454,9458,ov2slam_node,2,0.000
1781208281.350,34.278,9382,9454,9459,gc,1,0.000
1781208281.350,34.278,9382,9454,9460,dq.builtins,0,0.000
1781208281.350,34.278,9382,9454,9461,dq.user,1,0.000
1781208281.350,34.278,9382,9454,9462,tev,1,0.000
1781208281.350,34.278,9382,9454,9463,recv,1,0.000
1781208281.350,34.278,9382,9454,9464,recvUC,3,0.000
1781208281.350,34.278,9382,9454,9465,ov2slam_node,2,0.000
1781208281.350,34.278,9382,9454,9466,ov2slam_node,3,0.000
1781208281.350,34.278,9382,9454,9467,ov2_map,0,19.055
1781208281.350,34.278,9382,9454,9468,ov2_est,1,38.109
1781208281.350,34.278,9382,9454,9470,ov2_main,0,19.055
1781208281.350,34.278,9382,9454,9471,ov2_feed,0,0.000
1781208281.350,34.278,9382,9454,9565,ov2_main,2,19.055
1781208281.350,34.278,9382,9454,9566,ov2_main,0,19.055
1781208281.350,34.278,9382,9454,9567,ov2_main,1,19.055
1781208281.402,34.330,9382,9454,9454,ov2slam_node,2,0.000
1781208281.402,34.330,9382,9454,9455,ov2slam_nod-ust,1,0.000
1781208281.402,34.330,9382,9454,9456,ov2slam_nod-ust,2,0.000
1781208281.402,34.330,9382,9454,9457,ov2slam_node,1,0.000
1781208281.402,34.330,9382,9454,9458,ov2slam_node,2,0.000
1781208281.402,34.330,9382,9454,9459,gc,1,0.000
1781208281.402,34.330,9382,9454,9460,dq.builtins,0,0.000
1781208281.402,34.330,9382,9454,9461,dq.user,1,0.000
1781208281.402,34.330,9382,9454,9462,tev,2,0.000
1781208281.402,34.330,9382,9454,9463,recv,1,0.000
1781208281.402,34.330,9382,9454,9464,recvUC,3,0.000
1781208281.402,34.330,9382,9454,9465,ov2slam_node,2,0.000
1781208281.402,34.330,9382,9454,9466,ov2slam_node,3,0.000
1781208281.402,34.330,9382,9454,9467,ov2_map,1,0.000
1781208281.402,34.330,9382,9454,9468,ov2_est,1,38.400
1781208281.402,34.330,9382,9454,9470,ov2_main,1,19.200
1781208281.402,34.330,9382,9454,9471,ov2_feed,0,0.000
1781208281.402,34.330,9382,9454,9565,ov2_main,2,0.000
1781208281.402,34.330,9382,9454,9566,ov2_main,3,0.000
1781208281.402,34.330,9382,9454,9567,ov2_main,2,0.000
1781208281.454,34.382,9382,9454,9454,ov2slam_node,2,0.000
1781208281.454,34.382,9382,9454,9455,ov2slam_nod-ust,1,0.000
1781208281.454,34.382,9382,9454,9456,ov2slam_nod-ust,2,0.000
1781208281.454,34.382,9382,9454,9457,ov2slam_node,1,0.000
1781208281.454,34.382,9382,9454,9458,ov2slam_node,2,0.000
1781208281.454,34.382,9382,9454,9459,gc,1,0.000
1781208281.454,34.382,9382,9454,9460,dq.builtins,0,0.000
1781208281.454,34.382,9382,9454,9461,dq.user,1,0.000
1781208281.454,34.382,9382,9454,9462,tev,2,0.000
1781208281.454,34.382,9382,9454,9463,recv,1,0.000
1781208281.454,34.382,9382,9454,9464,recvUC,3,0.000
1781208281.454,34.382,9382,9454,9465,ov2slam_node,2,0.000
1781208281.454,34.382,9382,9454,9466,ov2slam_node,3,0.000
1781208281.454,34.382,9382,9454,9467,ov2_map,1,0.000
1781208281.454,34.382,9382,9454,9468,ov2_est,1,0.000
1781208281.454,34.382,9382,9454,9470,ov2_main,0,38.514
1781208281.454,34.382,9382,9454,9471,ov2_feed,0,0.000
1781208281.454,34.382,9382,9454,9565,ov2_main,2,19.257
1781208281.454,34.382,9382,9454,9566,ov2_main,0,19.257
1781208281.454,34.382,9382,9454,9567,ov2_main,1,19.257
1781208281.506,34.434,9382,9454,9454,ov2slam_node,2,0.000
1781208281.506,34.434,9382,9454,9455,ov2slam_nod-ust,1,0.000
1781208281.506,34.434,9382,9454,9456,ov2slam_nod-ust,2,0.000
1781208281.506,34.434,9382,9454,9457,ov2slam_node,1,0.000
1781208281.506,34.434,9382,9454,9458,ov2slam_node,2,0.000
1781208281.506,34.434,9382,9454,9459,gc,3,0.000
1781208281.506,34.434,9382,9454,9460,dq.builtins,0,0.000
1781208281.506,34.434,9382,9454,9461,dq.user,0,0.000
1781208281.506,34.434,9382,9454,9462,tev,3,0.000
1781208281.506,34.434,9382,9454,9463,recv,0,0.000
1781208281.506,34.434,9382,9454,9464,recvUC,3,0.000
1781208281.506,34.434,9382,9454,9465,ov2slam_node,2,0.000
1781208281.506,34.434,9382,9454,9466,ov2slam_node,3,0.000
1781208281.506,34.434,9382,9454,9467,ov2_map,3,19.206
1781208281.506,34.434,9382,9454,9468,ov2_est,1,76.824
1781208281.506,34.434,9382,9454,9470,ov2_main,0,0.000
1781208281.506,34.434,9382,9454,9471,ov2_feed,3,0.000
1781208281.506,34.434,9382,9454,9565,ov2_main,2,0.000
1781208281.506,34.434,9382,9454,9566,ov2_main,0,0.000
1781208281.506,34.434,9382,9454,9567,ov2_main,1,0.000
1781208281.559,34.486,9382,9454,9454,ov2slam_node,2,0.000
1781208281.559,34.486,9382,9454,9455,ov2slam_nod-ust,1,0.000
1781208281.559,34.486,9382,9454,9456,ov2slam_nod-ust,2,0.000
1781208281.559,34.486,9382,9454,9457,ov2slam_node,1,0.000
1781208281.559,34.486,9382,9454,9458,ov2slam_node,2,0.000
1781208281.559,34.486,9382,9454,9459,gc,0,0.000
1781208281.559,34.486,9382,9454,9460,dq.builtins,0,0.000
1781208281.559,34.486,9382,9454,9461,dq.user,0,0.000
1781208281.559,34.486,9382,9454,9462,tev,3,0.000
1781208281.559,34.486,9382,9454,9463,recv,0,0.000
1781208281.559,34.486,9382,9454,9464,recvUC,3,0.000
1781208281.559,34.486,9382,9454,9465,ov2slam_node,2,0.000
1781208281.559,34.486,9382,9454,9466,ov2slam_node,3,0.000
1781208281.559,34.486,9382,9454,9467,ov2_map,0,0.000
1781208281.559,34.486,9382,9454,9468,ov2_est,1,0.000
1781208281.559,34.486,9382,9454,9470,ov2_main,0,0.000
1781208281.559,34.486,9382,9454,9471,ov2_feed,2,0.000
1781208281.559,34.486,9382,9454,9565,ov2_main,2,0.000
1781208281.559,34.486,9382,9454,9566,ov2_main,0,0.000
1781208281.559,34.486,9382,9454,9567,ov2_main,1,0.000
