wall_time_unix,elapsed_s,launcher_pid,ov2slam_pid,last_cpu,process_cpu_percent
1780681635.564,0.051,98675,98747,1,78.514
1780681635.616,0.103,98675,98747,1,0.000
1780681635.669,0.155,98675,98747,1,0.000
1780681635.720,0.207,98675,98747,1,0.000
1780681635.772,0.259,98675,98747,1,0.000
1780681635.824,0.311,98675,98747,1,19.389
1780681635.876,0.362,98675,98747,1,19.318
1780681635.927,0.414,98675,98747,1,0.000
1780681635.979,0.466,98675,98747,1,0.000
1780681636.031,0.518,98675,98747,1,0.000
1780681636.083,0.569,98675,98747,1,19.324
1780681636.134,0.621,98675,98747,1,0.000
1780681636.188,0.675,98675,98747,1,0.000
1780681636.240,0.727,98675,98747,1,0.000
1780681636.292,0.778,98675,98747,1,19.332
1780681636.343,0.830,98675,98747,1,0.000
1780681636.395,0.882,98675,98747,1,0.000
1780681636.446,0.933,98675,98747,1,0.000
1780681636.498,0.985,98675,98747,1,0.000
1780681636.550,1.037,98675,98747,1,0.000
1780681636.602,1.088,98675,98747,1,19.319
1780681636.653,1.140,98675,98747,1,0.000
1780681636.705,1.192,98675,98747,1,19.333
1780681636.757,1.243,98675,98747,1,0.000
1780681636.808,1.295,98675,98747,1,0.000
1780681636.860,1.347,98675,98747,1,0.000
1780681636.912,1.398,98675,98747,1,19.314
1780681636.964,1.451,98675,98747,1,0.000
1780681637.016,1.503,98675,98747,1,0.000
1780681637.067,1.554,98675,98747,1,0.000
1780681637.119,1.606,98675,98747,1,0.000
1780681637.171,1.657,98675,98747,1,19.396
1780681637.222,1.709,98675,98747,1,0.000
1780681637.274,1.761,98675,98747,1,0.000
1780681637.326,1.812,98675,98747,1,0.000
1780681637.391,1.878,98675,98747,1,15.311
1780681637.443,1.929,98675,98747,1,0.000
1780681637.494,1.981,98675,98747,1,0.000
1780681637.546,2.033,98675,98747,1,0.000
1780681637.598,2.084,98675,98747,1,19.383
1780681637.649,2.136,98675,98747,1,0.000
1780681637.701,2.188,98675,98747,1,0.000
1780681637.752,2.239,98675,98747,1,0.000
1780681637.804,2.291,98675,98747,1,19.387
1780681637.856,2.343,98675,98747,1,0.000
1780681637.907,2.394,98675,98747,1,0.000
1780681637.959,2.446,98675,98747,1,0.000
1780681638.011,2.498,98675,98747,1,0.000
1780681638.063,2.549,98675,98747,1,0.000
1780681638.114,2.601,98675,98747,1,0.000
1780681638.166,2.653,98675,98747,1,19.354
1780681638.217,2.704,98675,98747,1,0.000
1780681638.269,2.756,98675,98747,1,0.000
1780681638.321,2.807,98675,98747,1,19.388
1780681638.372,2.859,98675,98747,1,0.000
1780681638.424,2.911,98675,98747,1,19.398
1780681638.476,2.962,98675,98747,1,0.000
1780681638.527,3.014,98675,98747,1,0.000
1780681638.579,3.066,98675,98747,1,0.000
1780681638.631,3.117,98675,98747,1,19.363
1780681638.682,3.169,98675,98747,1,0.000
1780681638.734,3.221,98675,98747,1,0.000
1780681638.786,3.272,98675,98747,1,0.000
1780681638.837,3.324,98675,98747,1,0.000
1780681638.889,3.376,98675,98747,1,19.324
1780681638.940,3.427,98675,98747,1,0.000
1780681638.992,3.479,98675,98747,1,0.000
1780681639.044,3.531,98675,98747,1,0.000
1780681639.096,3.582,98675,98747,1,0.000
1780681639.147,3.634,98675,98747,1,19.392
1780681639.199,3.686,98675,98747,1,0.000
1780681639.250,3.737,98675,98747,1,0.000
1780681639.302,3.789,98675,98747,1,0.000
1780681639.354,3.841,98675,98747,1,19.384
1780681639.405,3.892,98675,98747,1,0.000
1780681639.457,3.944,98675,98747,1,0.000
1780681639.509,3.996,98675,98747,1,0.000
1780681639.560,4.047,98675,98747,1,0.000
1780681639.612,4.099,98675,98747,1,19.320
1780681639.664,4.150,98675,98747,1,0.000
1780681639.716,4.202,98675,98747,1,0.000
1780681639.767,4.254,98675,98747,1,0.000
1780681639.819,4.306,98675,98747,1,19.334
1780681639.871,4.357,98675,98747,1,0.000
1780681639.923,4.410,98675,98747,1,0.000
1780681639.976,4.463,98675,98747,1,0.000
1780681640.028,4.515,98675,98747,1,19.072
1780681640.081,4.567,98675,98747,1,19.113
1780681640.133,4.620,98675,98747,1,0.000
1780681640.185,4.672,98675,98747,1,0.000
1780681640.237,4.724,98675,98747,1,0.000
1780681640.290,4.776,98675,98747,1,19.134
1780681640.342,4.829,98675,98747,1,0.000
1780681640.394,4.881,98675,98747,1,0.000
1780681640.447,4.934,98675,98747,1,19.108
1780681640.501,4.987,98675,98747,1,0.000
1780681640.554,5.041,98675,98747,1,18.557
1780681640.608,5.095,98675,98747,1,0.000
1780681640.662,5.149,98675,98747,1,0.000
1780681640.714,5.201,98675,98747,1,19.163
1780681640.768,5.255,98675,98747,1,0.000
1780681640.821,5.308,98675,98747,1,18.672
1780681640.874,5.361,98675,98747,1,0.000
1780681640.926,5.413,98675,98747,1,19.122
1780681640.979,5.465,98675,98747,1,19.050
1780681641.031,5.518,98675,98747,1,0.000
1780681641.083,5.570,98675,98747,1,0.000
1780681641.136,5.622,98675,98747,1,19.145
1780681641.188,5.675,98675,98747,1,0.000
1780681641.240,5.727,98675,98747,1,0.000
1780681641.293,5.780,98675,98747,1,18.983
1780681641.346,5.832,98675,98747,1,0.000
1780681641.398,5.885,98675,98747,1,18.970
1780681641.451,5.938,98675,98747,1,0.000
1780681641.504,5.990,98675,98747,1,0.000
1780681641.556,6.043,98675,98747,1,0.000
1780681641.609,6.095,98675,98747,1,19.019
1780681641.662,6.149,98675,98747,1,0.000
1780681641.715,6.202,98675,98747,1,19.054
1780681641.767,6.254,98675,98747,1,0.000
1780681641.820,6.306,98675,98747,1,0.000
1780681641.872,6.359,98675,98747,1,19.134
1780681641.924,6.411,98675,98747,1,0.000
1780681641.977,6.463,98675,98747,1,19.120
1780681642.029,6.516,98675,98747,1,19.075
1780681642.081,6.568,98675,98747,1,0.000
1780681642.134,6.621,98675,98747,1,0.000
1780681642.186,6.673,98675,98747,1,19.167
1780681642.238,6.725,98675,98747,1,19.079
1780681642.291,6.777,98675,98747,1,0.000
1780681642.343,6.830,98675,98747,1,19.061
1780681642.396,6.883,98675,98747,1,0.000
1780681642.449,6.936,98675,98747,1,0.000
1780681642.501,6.988,98675,98747,1,19.161
1780681642.553,7.040,98675,98747,1,0.000
1780681642.607,7.094,98675,98747,1,18.736
1780681642.660,7.147,98675,98747,1,0.000
1780681642.712,7.199,98675,98747,1,19.284
1780681642.764,7.251,98675,98747,1,0.000
1780681642.816,7.302,98675,98747,1,0.000
1780681642.867,7.354,98675,98747,1,0.000
1780681642.919,7.406,98675,98747,1,0.000
1780681642.971,7.458,98675,98747,1,19.292
1780681643.022,7.509,98675,98747,1,0.000
1780681643.074,7.561,98675,98747,1,0.000
1780681643.126,7.613,98675,98747,1,0.000
1780681643.178,7.664,98675,98747,1,0.000
1780681643.229,7.716,98675,98747,1,19.392
1780681643.281,7.768,98675,98747,1,19.328
1780681643.332,7.819,98675,98747,1,0.000
1780681643.384,7.871,98675,98747,1,0.000
1780681643.436,7.923,98675,98747,1,19.379
1780681643.488,7.974,98675,98747,1,0.000
1780681643.539,8.026,98675,98747,1,0.000
1780681643.591,8.078,98675,98747,1,0.000
1780681643.643,8.129,98675,98747,1,0.000
1780681643.694,8.181,98675,98747,1,0.000
1780681643.746,8.233,98675,98747,1,19.410
1780681643.798,8.284,98675,98747,1,19.329
1780681643.849,8.336,98675,98747,1,0.000
1780681643.901,8.388,98675,98747,1,0.000
1780681643.953,8.440,98675,98747,1,0.000
1780681644.006,8.492,98675,98747,1,19.046
1780681644.058,8.545,98675,98747,1,0.000
1780681644.110,8.597,98675,98747,1,0.000
1780681644.162,8.649,98675,98747,1,0.000
1780681644.214,8.701,98675,98747,1,19.105
1780681644.266,8.752,98675,98747,1,0.000
1780681644.317,8.804,98675,98747,1,0.000
1780681644.370,8.856,98675,98747,1,0.000
1780681644.422,8.909,98675,98747,1,0.000
1780681644.474,8.960,98675,98747,1,38.802
1780681644.526,9.013,98675,98747,1,0.000
1780681644.578,9.065,98675,98747,1,0.000
1780681644.631,9.118,98675,98747,1,0.000
1780681644.682,9.169,98675,98747,1,19.387
1780681644.734,9.221,98675,98747,1,0.000
1780681644.786,9.272,98675,98747,1,0.000
1780681644.837,9.324,98675,98747,1,19.316
1780681644.889,9.376,98675,98747,1,0.000
1780681644.941,9.428,98675,98747,1,0.000
1780681644.992,9.479,98675,98747,1,0.000
1780681645.044,9.531,98675,98747,1,0.000
1780681645.096,9.582,98675,98747,1,19.397
1780681645.147,9.634,98675,98747,1,0.000
1780681645.199,9.686,98675,98747,1,0.000
1780681645.251,9.737,98675,98747,1,0.000
1780681645.302,9.789,98675,98747,1,19.391
1780681645.354,9.841,98675,98747,1,0.000
1780681645.406,9.892,98675,98747,1,0.000
1780681645.457,9.944,98675,98747,1,19.336
1780681645.509,9.996,98675,98747,1,0.000
1780681645.561,10.047,98675,98747,1,0.000
1780681645.612,10.099,98675,98747,1,19.401
1780681645.664,10.151,98675,98747,1,0.000
1780681645.715,10.202,98675,98747,1,0.000
1780681645.767,10.254,98675,98747,1,0.000
1780681645.819,10.306,98675,98747,1,19.404
1780681645.871,10.357,98675,98747,1,0.000
1780681645.922,10.409,98675,98747,1,0.000
1780681645.974,10.461,98675,98747,1,0.000
1780681646.025,10.512,98675,98747,1,0.000
1780681646.077,10.564,98675,98747,1,38.660
1780681646.129,10.615,98675,98747,1,0.000
1780681646.180,10.667,98675,98747,1,0.000
1780681646.232,10.719,98675,98747,1,0.000
1780681646.284,10.770,98675,98747,1,19.313
1780681646.335,10.822,98675,98747,1,0.000
1780681646.387,10.874,98675,98747,1,0.000
1780681646.439,10.925,98675,98747,1,0.000
1780681646.490,10.977,98675,98747,1,19.326
1780681646.542,11.029,98675,98747,1,0.000
1780681646.594,11.080,98675,98747,1,0.000
1780681646.645,11.132,98675,98747,1,0.000
1780681646.697,11.184,98675,98747,1,0.000
1780681646.749,11.235,98675,98747,1,19.384
1780681646.800,11.287,98675,98747,1,0.000
1780681646.852,11.339,98675,98747,1,0.000
1780681646.904,11.390,98675,98747,1,19.316
1780681646.955,11.442,98675,98747,1,0.000
1780681647.007,11.494,98675,98747,1,0.000
1780681647.059,11.545,98675,98747,1,0.000
1780681647.110,11.597,98675,98747,1,19.325
1780681647.162,11.649,98675,98747,1,0.000
1780681647.214,11.700,98675,98747,1,0.000
1780681647.265,11.752,98675,98747,1,19.417
1780681647.317,11.804,98675,98747,1,19.072
1780681647.370,11.856,98675,98747,1,0.000
1780681647.422,11.909,98675,98747,1,0.000
1780681647.474,11.961,98675,98747,1,0.000
1780681647.526,12.013,98675,98747,1,19.343
1780681647.578,12.065,98675,98747,1,0.000
1780681647.630,12.117,98675,98747,1,0.000
1780681647.682,12.169,98675,98747,1,0.000
1780681647.736,12.222,98675,98747,1,18.661
1780681647.789,12.276,98675,98747,1,0.000
1780681647.843,12.329,98675,98747,1,18.627
1780681647.896,12.383,98675,98747,1,0.000
1780681647.949,12.436,98675,98747,1,18.632
1780681648.002,12.488,98675,98747,1,0.000
1780681648.054,12.541,98675,98747,1,0.000
1780681648.107,12.593,98675,98747,1,38.279
1780681648.159,12.646,98675,98747,1,0.000
1780681648.212,12.698,98675,98747,1,0.000
1780681648.264,12.751,98675,98747,1,0.000
1780681648.316,12.803,98675,98747,1,19.158
1780681648.369,12.855,98675,98747,1,0.000
1780681648.421,12.908,98675,98747,1,0.000
1780681648.473,12.960,98675,98747,1,19.074
1780681648.526,13.012,98675,98747,1,0.000
1780681648.578,13.065,98675,98747,1,0.000
1780681648.630,13.117,98675,98747,1,19.094
1780681648.683,13.170,98675,98747,1,19.052
1780681648.735,13.222,98675,98747,1,0.000
1780681648.788,13.274,98675,98747,1,0.000
1780681648.840,13.327,98675,98747,1,19.143
1780681648.892,13.379,98675,98747,1,0.000
1780681648.945,13.431,98675,98747,1,0.000
1780681648.997,13.484,98675,98747,1,19.073
1780681649.049,13.536,98675,98747,1,0.000
1780681649.102,13.588,98675,98747,1,19.069
1780681649.154,13.641,98675,98747,1,0.000
1780681649.206,13.693,98675,98747,1,0.000
1780681649.257,13.744,98675,98747,1,19.409
1780681649.309,13.796,98675,98747,1,19.342
1780681649.361,13.847,98675,98747,1,0.000
1780681649.412,13.899,98675,98747,1,0.000
1780681649.464,13.951,98675,98747,1,0.000
1780681649.516,14.002,98675,98747,1,19.334
1780681649.567,14.054,98675,98747,1,0.000
1780681649.619,14.106,98675,98747,1,0.000
1780681649.670,14.157,98675,98747,1,0.000
1780681649.722,14.209,98675,98747,1,19.218
1780681649.774,14.261,98675,98747,1,0.000
1780681649.826,14.312,98675,98747,1,0.000
1780681649.877,14.364,98675,98747,1,0.000
1780681649.929,14.416,98675,98747,1,19.326
1780681649.981,14.467,98675,98747,1,0.000
1780681650.032,14.519,98675,98747,1,0.000
1780681650.084,14.571,98675,98747,1,19.387
1780681650.136,14.623,98675,98747,1,0.000
1780681650.187,14.674,98675,98747,1,0.000
1780681650.239,14.726,98675,98747,1,19.326
1780681650.291,14.778,98675,98747,1,0.000
1780681650.343,14.829,98675,98747,1,0.000
1780681650.394,14.881,98675,98747,1,0.000
1780681650.446,14.933,98675,98747,1,0.000
1780681650.497,14.984,98675,98747,1,19.375
1780681650.549,15.036,98675,98747,1,0.000
1780681650.601,15.088,98675,98747,1,0.000
1780681650.653,15.139,98675,98747,1,19.324
1780681650.704,15.191,98675,98747,1,0.000
1780681650.756,15.243,98675,98747,1,0.000
1780681650.808,15.295,98675,98747,1,19.222
1780681650.860,15.347,98675,98747,1,0.000
1780681650.913,15.400,98675,98747,1,0.000
1780681650.966,15.453,98675,98747,1,0.000
1780681651.018,15.505,98675,98747,1,19.045
1780681651.071,15.558,98675,98747,1,0.000
1780681651.124,15.611,98675,98747,1,0.000
1780681651.177,15.664,98675,98747,1,18.993
1780681651.229,15.716,98675,98747,1,19.039
1780681651.282,15.769,98675,98747,1,0.000
1780681651.335,15.822,98675,98747,1,0.000
1780681651.388,15.875,98675,98747,1,18.845
1780681651.441,15.928,98675,98747,1,0.000
1780681651.494,15.981,98675,98747,1,0.000
1780681651.546,16.033,98675,98747,1,0.000
1780681651.599,16.085,98675,98747,1,18.997
1780681651.651,16.138,98675,98747,1,0.000
1780681651.704,16.191,98675,98747,1,0.000
1780681651.757,16.244,98675,98747,1,18.879
1780681651.809,16.296,98675,98747,1,0.000
1780681651.862,16.349,98675,98747,1,0.000
1780681651.915,16.402,98675,98747,1,0.000
1780681651.969,16.456,98675,98747,1,0.000
1780681652.028,16.515,98675,98747,1,33.620
1780681652.081,16.567,98675,98747,1,0.000
1780681652.135,16.622,98675,98747,1,18.392
1780681652.187,16.674,98675,98747,1,0.000
1780681652.240,16.727,98675,98747,1,0.000
1780681652.293,16.779,98675,98747,1,18.948
1780681652.345,16.832,98675,98747,1,0.000
1780681652.398,16.885,98675,98747,1,0.000
1780681652.451,16.938,98675,98747,1,18.793
1780681652.505,16.991,98675,98747,1,0.000
1780681652.557,17.044,98675,98747,1,0.000
1780681652.611,17.097,98675,98747,1,18.730
1780681652.663,17.150,98675,98747,1,0.000
1780681652.716,17.203,98675,98747,1,0.000
1780681652.770,17.256,98675,98747,1,0.000
1780681652.822,17.309,98675,98747,1,19.133
1780681652.875,17.361,98675,98747,1,18.911
1780681652.927,17.414,98675,98747,1,0.000
1780681652.980,17.466,98675,98747,1,0.000
1780681653.032,17.519,98675,98747,1,19.066
1780681653.085,17.571,98675,98747,2,133.373
1780681653.147,17.634,98675,98747,2,64.413
1780681653.200,17.687,98675,98747,2,131.751
1780681653.256,17.743,98675,98747,2,89.055
1780681653.308,17.795,98675,98747,2,57.690
1780681653.360,17.847,98675,98747,2,133.971
1780681653.413,17.900,98675,98747,2,113.831
1780681653.466,17.953,98675,98747,2,37.532
1780681653.519,18.006,98675,98747,2,187.960
1780681653.579,18.065,98675,98747,2,118.199
1780681653.635,18.122,98675,98747,2,88.356
1780681653.688,18.175,98675,98747,2,189.522
1780681653.741,18.228,98675,98747,2,56.788
1780681653.793,18.280,98675,98747,2,115.408
1780681653.845,18.332,98675,98747,2,171.622
1780681653.899,18.386,98675,98747,2,112.009
1780681653.954,18.441,98675,98747,2,144.466
1780681654.007,18.494,98675,98747,2,151.938
1780681654.060,18.547,98675,98747,2,188.020
1780681654.113,18.600,98675,98747,2,170.790
1780681654.165,18.652,98675,98747,2,57.312
1780681654.221,18.708,98675,98747,3,195.345
1780681654.276,18.763,98675,98747,2,183.276
1780681654.329,18.815,98675,98747,2,76.057
1780681654.381,18.868,98675,98747,2,210.346
1780681654.437,18.924,98675,98747,2,141.384
1780681654.490,18.977,98675,98747,2,76.377
1780681654.542,19.029,98675,98747,2,76.178
1780681654.595,19.082,98675,98747,2,170.635
1780681654.648,19.135,98675,98747,2,151.569
1780681654.701,19.188,98675,98747,2,37.819
1780681654.754,19.241,98675,98747,2,37.722
1780681654.806,19.293,98675,98747,2,57.363
1780681654.858,19.345,98675,98747,2,38.275
1780681654.910,19.397,98675,98747,2,57.677
1780681654.962,19.449,98675,98747,2,134.561
1780681655.015,19.502,98675,98747,1,171.833
1780681655.069,19.556,98675,98747,1,128.620
1780681655.124,19.611,98675,98747,1,200.016
1780681655.176,19.663,98675,98747,1,134.210
1780681655.229,19.715,98675,98747,1,152.991
1780681655.297,19.784,98675,98747,1,116.444
1780681655.349,19.836,98675,98747,1,153.400
1780681655.402,19.888,98675,98747,1,134.187
1780681655.454,19.940,98675,98747,1,153.662
1780681655.506,19.993,98675,98747,1,132.809
1780681655.559,20.046,98675,98747,1,133.719
1780681655.611,20.098,98675,98747,1,57.540
1780681655.663,20.150,98675,98747,1,153.643
1780681655.716,20.203,98675,98747,1,151.411
1780681655.769,20.256,98675,98747,1,149.570
1780681655.822,20.309,98675,98747,1,94.585
1780681655.874,20.361,98675,98747,1,192.059
1780681655.928,20.415,98675,98747,1,148.067
1780681655.981,20.468,98675,98747,1,150.582
1780681656.036,20.523,98675,98747,1,91.238
1780681656.088,20.575,98675,98747,0,192.103
1780681656.142,20.629,98675,98747,0,130.368
1780681656.194,20.681,98675,98747,0,152.225
1780681656.247,20.734,98675,98747,0,152.703
1780681656.299,20.786,98675,98747,0,134.179
1780681656.351,20.838,98675,98747,0,153.357
1780681656.404,20.891,98675,98747,0,152.170
1780681656.456,20.943,98675,98747,0,76.619
1780681656.508,20.995,98675,98747,0,57.676
1780681656.560,21.047,98675,98747,0,38.378
1780681656.612,21.099,98675,98747,0,38.449
1780681656.664,21.151,98675,98747,0,38.448
1780681656.716,21.203,98675,98747,0,172.895
1780681656.769,21.256,98675,98747,0,152.125
1780681656.821,21.308,98675,98747,0,132.797
1780681656.876,21.362,98675,98747,0,184.743
1780681656.928,21.415,98675,98747,0,190.819
1780681656.982,21.469,98675,98747,0,146.863
1780681657.036,21.523,98675,98747,0,149.564
1780681657.088,21.575,98675,98747,0,190.867
1780681657.141,21.628,98675,98747,1,150.947
1780681657.194,21.681,98675,98747,1,133.206
1780681657.246,21.733,98675,98747,1,172.777
1780681657.299,21.785,98675,98747,1,113.913
1780681657.351,21.837,98675,98747,0,134.524
1780681657.403,21.890,98675,98747,0,133.329
1780681657.456,21.943,98675,98747,1,150.777
1780681657.509,21.996,98675,98747,1,247.232
1780681657.562,22.048,98675,98747,1,151.467
1780681657.614,22.101,98675,98747,1,153.242
1780681657.666,22.153,98675,98747,1,268.372
1780681657.720,22.207,98675,98747,1,185.497
1780681657.774,22.260,98675,98747,1,149.123
1780681657.826,22.313,98675,98747,1,286.314
1780681657.881,22.368,98675,98747,1,144.651
1780681657.934,22.421,98675,98747,1,190.685
1780681657.986,22.473,98675,98747,1,246.767
1780681658.042,22.529,98675,98747,1,178.455
1780681658.095,22.582,98675,98747,1,152.752
1780681658.147,22.634,98675,98747,1,133.356
1780681658.199,22.686,98675,98747,1,153.593
1780681658.252,22.739,98675,98747,1,151.471
1780681658.305,22.792,98675,98747,1,190.054
1780681658.359,22.846,98675,98747,1,166.086
1780681658.412,22.899,98675,98747,1,169.729
1780681658.465,22.951,98675,98747,1,152.299
1780681658.518,23.004,98675,98747,1,151.020
1780681658.570,23.057,98675,98747,1,153.302
1780681658.623,23.110,98675,98747,1,186.596
1780681658.676,23.163,98675,98747,1,189.803
1780681658.729,23.216,98675,98747,1,151.747
1780681658.781,23.268,98675,98747,1,172.283
1780681658.834,23.321,98675,98747,1,131.620
1780681658.891,23.378,98675,98747,1,157.784
1780681658.943,23.430,98675,98747,1,153.465
1780681658.996,23.482,98675,98747,1,153.181
1780681659.048,23.535,98675,98747,1,151.840
1780681659.100,23.587,98675,98747,1,153.195
1780681659.153,23.640,98675,98747,1,152.319
1780681659.206,23.693,98675,98747,1,189.015
1780681659.259,23.746,98675,98747,1,150.836
1780681659.311,23.798,98675,98747,1,152.361
1780681659.364,23.850,98675,98747,1,115.086
1780681659.416,23.903,98675,98747,1,170.230
1780681659.469,23.956,98675,98747,1,114.731
1780681659.522,24.009,98675,98747,1,132.030
1780681659.576,24.063,98675,98747,1,183.794
1780681659.641,24.127,98675,98747,1,155.159
1780681659.694,24.180,98675,98747,1,169.787
1780681659.747,24.234,98675,98747,1,112.650
1780681659.800,24.287,98675,98747,1,186.760
1780681659.853,24.340,98675,98747,1,132.036
1780681659.907,24.394,98675,98747,1,186.384
1780681659.963,24.450,98675,98747,1,179.484
1780681660.022,24.509,98675,98747,1,150.937
1780681660.077,24.563,98675,98747,1,165.957
1780681660.130,24.617,98675,98747,1,186.141
1780681660.186,24.673,98675,98747,1,143.943
1780681660.239,24.726,98675,98747,1,170.287
1780681660.292,24.778,98675,98747,1,189.406
1780681660.344,24.831,98675,98747,1,151.568
1780681660.399,24.886,98675,98747,1,145.372
1780681660.452,24.939,98675,98747,1,171.602
1780681660.505,24.992,98675,98747,1,169.861
1780681660.558,25.044,98675,98747,1,151.698
1780681660.612,25.099,98675,98747,1,164.393
1780681660.666,25.152,98675,98747,1,169.055
1780681660.718,25.205,98675,98747,1,171.427
1780681660.775,25.262,98675,98747,1,193.468
1780681660.830,25.316,98675,98747,1,182.712
1780681660.882,25.369,98675,98747,1,170.747
1780681660.943,25.430,98675,98747,1,131.201
1780681660.997,25.484,98675,98747,1,149.516
1780681661.050,25.537,98675,98747,1,186.480
1780681661.121,25.608,98675,98747,3,198.242
1780681661.175,25.661,98675,98747,3,261.830
1780681661.228,25.715,98675,98747,3,185.955
1780681661.295,25.782,98675,98747,3,119.730
1780681661.351,25.838,98675,98747,3,213.970
1780681661.407,25.893,98675,98747,3,198.773
1780681661.460,25.947,98675,98747,3,150.453
1780681661.513,25.999,98675,98747,3,151.627
1780681661.573,26.060,98675,98747,3,263.382
1780681661.630,26.117,98675,98747,3,176.808
1780681661.696,26.182,98675,98747,3,136.766
1780681661.748,26.235,98675,98747,3,171.080
1780681661.800,26.287,98675,98747,3,134.113
1780681661.853,26.340,98675,98747,3,94.909
1780681661.905,26.392,98675,98747,3,57.690
1780681661.957,26.444,98675,98747,3,57.664
1780681662.010,26.497,98675,98747,3,152.091
1780681662.064,26.551,98675,98747,3,127.932
1780681662.120,26.606,98675,98747,3,163.325
1780681662.174,26.661,98675,98747,3,184.417
1780681662.227,26.714,98675,98747,3,169.878
1780681662.279,26.766,98675,98747,3,95.780
1780681662.331,26.818,98675,98747,3,230.089
1780681662.384,26.870,98675,98747,3,152.411
1780681662.437,26.923,98675,98747,3,151.204
1780681662.489,26.976,98675,98747,3,132.561
1780681662.542,27.029,98675,98747,3,188.415
1780681662.596,27.083,98675,98747,3,167.186
1780681662.649,27.136,98675,98747,3,152.380
1780681662.701,27.188,98675,98747,3,134.060
1780681662.754,27.241,98675,98747,3,226.164
1780681662.808,27.295,98675,98747,1,202.707
1780681662.860,27.347,98675,98747,1,153.274
1780681662.913,27.399,98675,98747,1,153.325
1780681662.966,27.453,98675,98747,1,150.134
1780681663.020,27.507,98675,98747,1,240.938
1780681663.073,27.559,98675,98747,1,152.007
1780681663.126,27.612,98675,98747,1,169.865
1780681663.178,27.665,98675,98747,1,267.500
1780681663.230,27.717,98675,98747,1,152.977
1780681663.287,27.774,98675,98747,1,157.113
1780681663.341,27.828,98675,98747,1,185.422
1780681663.413,27.900,98675,98747,1,208.311
1780681663.468,27.955,98675,98747,1,165.237
1780681663.523,28.010,98675,98747,3,145.622
1780681663.578,28.065,98675,98747,3,163.320
1780681663.635,28.122,98675,98747,3,174.276
1780681663.702,28.189,98675,98747,3,119.458
1780681663.756,28.243,98675,98747,3,111.058
1780681663.810,28.296,98675,98747,3,56.195
1780681663.862,28.349,98675,98747,3,133.552
1780681663.918,28.405,98675,98747,3,178.792
1780681663.978,28.465,98675,98747,3,183.237
1780681664.031,28.518,98675,98747,3,169.522
1780681664.093,28.580,98675,98747,3,145.508
1780681664.146,28.633,98675,98747,3,188.607
1780681664.206,28.693,98675,98747,3,132.754
1780681664.259,28.745,98675,98747,3,152.627
1780681664.312,28.799,98675,98747,3,150.559
1780681664.366,28.853,98675,98747,3,147.478
1780681664.420,28.906,98675,98747,3,280.060
1780681664.474,28.961,98675,98747,3,165.831
1780681664.528,29.015,98675,98747,3,166.885
1780681664.581,29.068,98675,98747,3,168.366
1780681664.637,29.124,98675,98747,3,161.077
1780681664.690,29.177,98675,98747,3,150.363
1780681664.743,29.230,98675,98747,3,151.379
1780681664.796,29.283,98675,98747,3,226.233
1780681664.849,29.335,98675,98747,3,152.934
1780681664.901,29.388,98675,98747,3,171.862
1780681664.955,29.442,98675,98747,3,203.871
1780681665.010,29.497,98675,98747,1,218.391
1780681665.063,29.550,98675,98747,1,131.363
1780681665.115,29.602,98675,98747,1,152.628
1780681665.173,29.659,98675,98747,1,157.324
1780681665.226,29.712,98675,98747,1,169.976
1780681665.278,29.765,98675,98747,1,247.280
1780681665.334,29.821,98675,98747,1,215.693
1780681665.388,29.875,98675,98747,1,129.355
1780681665.442,29.929,98675,98747,1,147.942
1780681665.495,29.981,98675,98747,1,152.415
1780681665.547,30.034,98675,98747,1,151.581
1780681665.600,30.086,98675,98747,1,153.208
1780681665.652,30.139,98675,98747,1,227.382
1780681665.708,30.195,98675,98747,1,215.492
1780681665.762,30.248,98675,98747,1,149.183
1780681665.815,30.301,98675,98747,1,207.470
1780681665.871,30.358,98675,98747,1,160.204
1780681665.924,30.411,98675,98747,1,280.259
1780681665.984,30.471,98675,98747,1,182.948
1780681666.038,30.525,98675,98747,1,149.095
1780681666.091,30.578,98675,98747,1,113.619
1780681666.144,30.631,98675,98747,1,187.669
1780681666.212,30.699,98675,98747,1,175.897
1780681666.266,30.753,98675,98747,1,130.740
1780681666.321,30.807,98675,98747,1,274.757
1780681666.377,30.864,98675,98747,1,284.655
1780681666.433,30.920,98675,98747,1,283.288
1780681666.486,30.973,98675,98747,1,263.043
1780681666.540,31.027,98675,98747,1,241.588
1780681666.595,31.082,98675,98747,1,218.937
1780681666.649,31.136,98675,98747,1,242.044
1780681666.706,31.193,98675,98747,0,242.688
1780681666.768,31.255,98675,98747,1,210.815
1780681666.821,31.308,98675,98747,1,187.691
1780681666.875,31.362,98675,98747,1,168.242
1780681666.928,31.415,98675,98747,0,206.907
1780681666.985,31.472,98675,98747,0,192.730
1780681667.048,31.535,98675,98747,0,237.069
1780681667.115,31.601,98675,98747,0,196.627
1780681667.172,31.658,98675,98747,1,262.881
1780681667.239,31.725,98675,98747,1,238.815
1780681667.293,31.780,98675,98747,1,256.824
1780681667.351,31.838,98675,98747,1,257.271
1780681667.410,31.896,98675,98747,1,223.569
1780681667.465,31.951,98675,98747,3,308.518
1780681667.647,32.134,98675,98747,3,230.596
1780681667.701,32.187,98675,98747,3,260.421
1780681667.761,32.248,98675,98747,3,198.174
1780681667.815,32.301,98675,98747,3,224.437
1780681667.870,32.357,98675,98747,3,233.759
1780681667.925,32.411,98675,98747,3,146.886
1780681667.983,32.469,98675,98747,3,258.597
1780681668.036,32.522,98675,98747,3,151.224
1780681668.089,32.575,98675,98747,3,151.063
1780681668.141,32.628,98675,98747,3,152.156
1780681668.194,32.681,98675,98747,3,208.170
1780681668.259,32.746,98675,98747,3,137.874
1780681668.312,32.799,98675,98747,3,150.257
1780681668.366,32.853,98675,98747,3,244.087
1780681668.421,32.908,98675,98747,3,162.860
1780681668.480,32.966,98675,98747,3,204.600
1780681668.535,33.021,98675,98747,3,181.835
1780681668.588,33.075,98675,98747,3,150.556
1780681668.641,33.128,98675,98747,0,263.563
1780681668.694,33.181,98675,98747,0,242.892
1780681668.752,33.239,98675,98747,0,207.481
1780681668.808,33.295,98675,98747,0,234.298
1780681668.863,33.350,98675,98747,0,235.882
1780681668.916,33.403,98675,98747,0,206.849
1780681668.970,33.457,98675,98747,0,165.748
1780681669.024,33.510,98675,98747,0,262.956
1780681669.084,33.571,98675,98747,0,198.085
1780681669.137,33.624,98675,98747,0,246.273
1780681669.198,33.685,98675,98747,0,196.267
1780681669.259,33.746,98675,98747,0,230.622
1780681669.316,33.802,98675,98747,0,211.200
1780681669.371,33.858,98675,98747,0,288.473
1780681669.429,33.916,98675,98747,0,275.653
1780681669.482,33.969,98675,98747,0,227.692
1780681669.536,34.023,98675,98747,0,203.984
1780681669.600,34.087,98675,98747,0,154.515
1780681669.655,34.142,98675,98747,0,183.552
1780681669.711,34.198,98675,98747,0,178.874
1780681669.763,34.250,98675,98747,0,152.360
1780681669.819,34.306,98675,98747,0,161.623
1780681669.873,34.360,98675,98747,0,147.759
1780681669.927,34.414,98675,98747,0,166.688
1780681669.981,34.468,98675,98747,0,184.317
1780681670.053,34.540,98675,98747,0,138.761
1780681670.106,34.593,98675,98747,0,152.451
1780681670.160,34.647,98675,98747,0,259.453
1780681670.212,34.699,98675,98747,0,171.619
1780681670.265,34.751,98675,98747,0,172.305
1780681670.318,34.805,98675,98747,0,149.511
1780681670.373,34.859,98675,98747,0,183.463
1780681670.426,34.913,98675,98747,0,130.520
1780681670.479,34.966,98675,98747,0,190.258
1780681670.531,35.018,98675,98747,0,210.878
1780681670.583,35.070,98675,98747,0,190.995
1780681670.641,35.128,98675,98747,0,278.649
1780681670.695,35.181,98675,98747,0,241.487
1780681670.747,35.234,98675,98747,0,228.116
1780681670.802,35.289,98675,98747,0,219.184
1780681670.857,35.343,98675,98747,0,255.762
1780681670.919,35.405,98675,98747,0,209.928
1780681670.973,35.460,98675,98747,0,221.278
1780681671.030,35.517,98675,98747,0,190.781
1780681671.094,35.581,98675,98747,0,141.241
1780681671.147,35.634,98675,98747,0,189.370
1780681671.212,35.699,98675,98747,0,245.868
1780681671.265,35.752,98675,98747,0,169.947
1780681671.317,35.804,98675,98747,0,152.994
1780681671.373,35.860,98675,98747,0,162.166
1780681671.426,35.912,98675,98747,0,264.943
1780681671.482,35.969,98675,98747,0,231.101
1780681671.535,36.021,98675,98747,0,265.711
1780681671.587,36.074,98675,98747,0,209.389
1780681671.640,36.126,98675,98747,0,286.412
1780681671.696,36.183,98675,98747,0,335.660
1780681671.751,36.238,98675,98747,0,253.309
1780681671.814,36.301,98675,98747,0,255.307
1780681671.872,36.358,98675,98747,0,278.476
1780681671.928,36.415,98675,98747,0,247.336
1780681671.981,36.467,98675,98747,0,247.671
1780681672.041,36.528,98675,98747,3,165.464
1780681672.094,36.581,98675,98747,3,244.727
1780681672.152,36.639,98675,98747,3,224.677
1780681672.207,36.694,98675,98747,1,235.752
1780681672.261,36.748,98675,98747,1,166.852
1780681672.315,36.802,98675,98747,1,223.642
1780681672.370,36.857,98675,98747,1,215.439
1780681672.426,36.912,98675,98747,1,163.234
1780681672.479,36.966,98675,98747,1,263.420
1780681672.534,37.020,98675,98747,1,200.826
1780681672.597,37.084,98675,98747,1,141.445
1780681672.651,37.137,98675,98747,1,168.561
1780681672.708,37.195,98675,98747,1,242.225
1780681672.762,37.248,98675,98747,1,168.736
1780681672.815,37.302,98675,98747,1,168.720
1780681672.868,37.354,98675,98747,1,152.308
1780681672.926,37.413,98675,98747,2,274.887
1780681672.984,37.470,98675,98747,3,241.770
1780681673.051,37.538,98675,98747,3,208.318
1780681673.105,37.591,98675,98747,3,204.644
1780681673.162,37.648,98675,98747,2,210.960
1780681673.217,37.704,98675,98747,2,197.505
1780681673.272,37.759,98675,98747,2,145.045
1780681673.327,37.814,98675,98747,2,164.267
1780681673.392,37.879,98675,98747,2,137.772
1780681673.445,37.932,98675,98747,0,153.056
1780681673.499,37.986,98675,98747,0,183.544
1780681673.552,38.039,98675,98747,1,225.717
1780681673.607,38.093,98675,98747,1,147.853
1780681673.659,38.146,98675,98747,1,170.152
1780681673.713,38.200,98675,98747,1,111.392
1780681673.767,38.253,98675,98747,1,37.469
1780681673.819,38.306,98675,98747,1,75.904
1780681673.875,38.362,98675,98747,1,35.616
1780681673.930,38.417,98675,98747,1,55.022
1780681673.982,38.469,98675,98747,1,38.484
1780681674.035,38.521,98675,98747,1,56.900
1780681674.088,38.574,98675,98747,1,37.782
1780681674.140,38.627,98675,98747,1,37.849
1780681674.193,38.680,98675,98747,1,56.907
1780681674.245,38.732,98675,98747,1,38.462
1780681674.297,38.784,98675,98747,1,38.413
1780681674.349,38.836,98675,98747,2,57.711
1780681674.401,38.888,98675,98747,2,57.683
1780681674.453,38.940,98675,98747,2,38.429
1780681674.505,38.992,98675,98747,2,153.847
1780681674.560,39.047,98675,98747,2,182.312
1780681674.614,39.101,98675,98747,2,204.876
1780681674.668,39.155,98675,98747,2,128.388
1780681674.721,39.207,98675,98747,2,172.064
1780681674.781,39.268,98675,98747,2,99.775
1780681674.833,39.320,98675,98747,2,76.859
1780681674.886,39.372,98675,98747,2,37.905
1780681674.938,39.425,98675,98747,2,57.435
1780681674.990,39.477,98675,98747,2,38.457
1780681675.042,39.529,98675,98747,2,57.697
1780681675.094,39.581,98675,98747,2,19.234
1780681675.146,39.633,98675,98747,2,76.933
1780681675.198,39.685,98675,98747,2,38.465
1780681675.250,39.737,98675,98747,2,38.475
1780681675.302,39.789,98675,98747,2,38.001
1780681675.354,39.841,98675,98747,2,57.646
1780681675.407,39.893,98675,98747,2,57.653
1780681675.459,39.945,98675,98747,2,38.440
1780681675.511,39.997,98675,98747,2,57.591
1780681675.563,40.050,98675,98747,2,171.867
1780681675.616,40.103,98675,98747,2,189.034
1780681675.670,40.157,98675,98747,2,201.712
1780681675.725,40.211,98675,98747,2,129.110
1780681675.779,40.266,98675,98747,2,129.298
1780681675.831,40.318,98675,98747,2,95.741
1780681675.883,40.370,98675,98747,2,38.452
1780681675.935,40.422,98675,98747,2,38.456
1780681675.987,40.474,98675,98747,2,57.690
1780681676.039,40.526,98675,98747,2,57.654
1780681676.091,40.578,98675,98747,2,57.672
1780681676.143,40.630,98675,98747,2,38.443
1780681676.195,40.682,98675,98747,2,38.434
1780681676.247,40.734,98675,98747,2,57.675
1780681676.299,40.786,98675,98747,2,38.390
1780681676.351,40.838,98675,98747,2,57.683
1780681676.403,40.890,98675,98747,2,57.623
1780681676.455,40.942,98675,98747,2,38.438
1780681676.508,40.995,98675,98747,2,57.017
1780681676.560,41.047,98675,98747,2,57.259
1780681676.613,41.100,98675,98747,2,152.729
1780681676.666,41.152,98675,98747,2,208.264
1780681676.720,41.206,98675,98747,2,184.778
1780681676.773,41.260,98675,98747,2,169.521
1780681676.833,41.319,98675,98747,2,116.945
1780681676.885,41.372,98675,98747,2,114.693
1780681676.937,41.424,98675,98747,2,19.221
1780681676.989,41.476,98675,98747,2,57.706
1780681677.041,41.528,98675,98747,2,57.704
1780681677.093,41.580,98675,98747,2,38.468
1780681677.145,41.632,98675,98747,2,38.455
1780681677.197,41.684,98675,98747,2,57.707
1780681677.249,41.736,98675,98747,2,38.441
1780681677.301,41.788,98675,98747,2,57.693
1780681677.353,41.840,98675,98747,2,38.413
1780681677.405,41.892,98675,98747,2,57.672
1780681677.457,41.944,98675,98747,2,57.680
1780681677.510,41.997,98675,98747,2,56.942
1780681677.563,42.049,98675,98747,2,37.902
1780681677.615,42.101,98675,98747,2,76.843
1780681677.667,42.154,98675,98747,2,191.708
1780681677.720,42.207,98675,98747,2,205.881
1780681677.781,42.268,98675,98747,2,147.943
1780681677.835,42.321,98675,98747,2,149.498
1780681677.888,42.375,98675,98747,2,149.783
1780681677.941,42.427,98675,98747,2,75.792
1780681677.993,42.480,98675,98747,2,57.104
1780681678.046,42.532,98675,98747,2,38.144
1780681678.098,42.585,98675,98747,2,38.301
1780681678.150,42.637,98675,98747,2,57.612
1780681678.202,42.689,98675,98747,2,38.431
1780681678.254,42.741,98675,98747,2,57.627
1780681678.306,42.793,98675,98747,2,57.619
1780681678.359,42.845,98675,98747,2,38.115
1780681678.412,42.899,98675,98747,2,37.468
1780681678.465,42.952,98675,98747,2,75.731
1780681678.517,43.004,98675,98747,2,57.315
1780681678.571,43.058,98675,98747,2,55.399
1780681678.625,43.112,98675,98747,2,56.108
1780681678.678,43.165,98675,98747,2,56.004
1780681678.734,43.221,98675,98747,1,180.145
1780681678.787,43.273,98675,98747,2,246.263
1780681678.839,43.326,98675,98747,2,133.576
1780681678.892,43.379,98675,98747,2,131.576
1780681678.945,43.432,98675,98747,2,151.953
1780681678.997,43.484,98675,98747,2,76.082
1780681679.049,43.536,98675,98747,2,38.441
1780681679.101,43.588,98675,98747,2,57.695
1780681679.154,43.641,98675,98747,2,57.418
1780681679.206,43.693,98675,98747,1,38.294
1780681679.258,43.745,98675,98747,1,57.596
1780681679.312,43.798,98675,98747,1,56.063
1780681679.366,43.853,98675,98747,1,73.440
1780681679.419,43.906,98675,98747,1,75.706
1780681679.472,43.958,98675,98747,1,56.795
1780681679.528,44.015,98675,98747,1,70.499
1780681679.581,44.068,98675,98747,1,37.891
1780681679.634,44.121,98675,98747,1,75.830
1780681679.687,44.174,98675,98747,1,56.824
1780681679.739,44.226,98675,98747,1,76.087
1780681679.793,44.280,98675,98747,1,205.597
1780681679.846,44.332,98675,98747,1,208.246
1780681679.899,44.386,98675,98747,1,224.994
1780681679.952,44.439,98675,98747,2,170.004
1780681680.005,44.492,98675,98747,2,151.261
1780681680.057,44.544,98675,98747,2,134.031
1780681680.109,44.596,98675,98747,2,57.263
1780681680.161,44.648,98675,98747,2,38.431
1780681680.213,44.700,98675,98747,2,57.679
1780681680.267,44.754,98675,98747,2,56.114
1780681680.320,44.806,98675,98747,2,75.839
1780681680.373,44.860,98675,98747,2,37.173
1780681680.426,44.913,98675,98747,2,76.498
1780681680.480,44.967,98675,98747,2,55.292
1780681680.532,45.019,98675,98747,2,38.439
1780681680.584,45.071,98675,98747,2,38.456
1780681680.636,45.123,98675,98747,2,57.698
1780681680.688,45.175,98675,98747,2,38.377
1780681680.740,45.227,98675,98747,2,57.706
1780681680.793,45.279,98675,98747,2,133.610
1780681680.845,45.332,98675,98747,2,172.435
1780681680.897,45.384,98675,98747,2,228.627
1780681680.955,45.441,98675,98747,2,122.093
1780681681.008,45.495,98675,98747,2,149.003
1780681681.061,45.548,98675,98747,2,169.599
1780681681.114,45.600,98675,98747,2,57.329
1780681681.167,45.654,98675,98747,2,56.006
1780681681.220,45.707,98675,98747,2,56.931
1780681681.277,45.763,98675,98747,1,52.871
1780681681.329,45.816,98675,98747,1,56.855
1780681681.382,45.869,98675,98747,1,38.167
1780681681.434,45.921,98675,98747,1,38.447
1780681681.486,45.973,98675,98747,1,57.676
1780681681.538,46.025,98675,98747,1,38.482
1780681681.590,46.077,98675,98747,1,57.701
1780681681.642,46.129,98675,98747,1,57.642
1780681681.694,46.181,98675,98747,1,38.452
1780681681.746,46.233,98675,98747,1,57.692
1780681681.798,46.285,98675,98747,1,38.476
1780681681.850,46.337,98675,98747,1,153.829
1780681681.902,46.389,98675,98747,1,171.892
1780681681.957,46.444,98675,98747,1,181.428
1780681682.012,46.499,98675,98747,1,164.452
1780681682.065,46.552,98675,98747,1,132.586
1780681682.118,46.605,98675,98747,1,151.172
1780681682.175,46.662,98675,98747,1,52.631
1780681682.227,46.714,98675,98747,1,38.366
1780681682.279,46.766,98675,98747,1,57.576
1780681682.331,46.818,98675,98747,1,57.609
1780681682.383,46.870,98675,98747,1,38.372
1780681682.435,46.922,98675,98747,1,57.608
1780681682.487,46.974,98675,98747,1,57.601
1780681682.539,47.026,98675,98747,1,38.407
1780681682.592,47.078,98675,98747,1,38.400
1780681682.644,47.130,98675,98747,1,57.615
1780681682.696,47.182,98675,98747,1,57.585
1780681682.748,47.235,98675,98747,1,57.618
1780681682.800,47.287,98675,98747,1,38.424
1780681682.852,47.339,98675,98747,1,57.567
1780681682.905,47.391,98675,98747,1,133.150
1780681682.957,47.443,98675,98747,1,172.679
1780681683.010,47.497,98675,98747,1,188.034
1780681683.065,47.552,98675,98747,1,144.431
1780681683.119,47.606,98675,98747,1,167.962
1780681683.180,47.667,98675,98747,1,146.596
1780681683.233,47.720,98675,98747,1,56.525
1780681683.285,47.772,98675,98747,1,57.635
1780681683.338,47.825,98675,98747,1,37.730
1780681683.390,47.877,98675,98747,1,57.614
1780681683.442,47.929,98675,98747,1,57.600
1780681683.495,47.981,98675,98747,1,57.550
1780681683.547,48.033,98675,98747,1,57.609
1780681683.599,48.086,98675,98747,1,38.414
1780681683.651,48.138,98675,98747,1,57.606
1780681683.703,48.190,98675,98747,1,38.350
1780681683.755,48.242,98675,98747,1,57.191
1780681683.808,48.295,98675,98747,1,37.683
1780681683.861,48.348,98675,98747,1,75.545
1780681683.914,48.401,98675,98747,1,38.039
1780681683.969,48.455,98675,98747,1,165.003
1780681684.024,48.511,98675,98747,1,233.733
1780681684.093,48.580,98675,98747,1,130.677
1780681684.145,48.632,98675,98747,1,134.054
1780681684.198,48.685,98675,98747,1,150.467
1780681684.252,48.739,98675,98747,1,93.537
1780681684.304,48.791,98675,98747,1,38.053
1780681684.357,48.843,98675,98747,1,57.508
1780681684.410,48.897,98675,98747,1,56.479
1780681684.463,48.950,98675,98747,1,56.101
1780681684.516,49.003,98675,98747,1,75.169
1780681684.580,49.066,98675,98747,1,47.543
1780681684.632,49.119,98675,98747,1,56.677
1780681684.685,49.172,98675,98747,1,57.390
1780681684.737,49.224,98675,98747,1,57.611
1780681684.789,49.276,98675,98747,1,38.419
1780681684.841,49.328,98675,98747,1,57.639
1780681684.893,49.380,98675,98747,1,38.066
1780681684.946,49.433,98675,98747,0,57.078
1780681684.999,49.485,98675,98747,0,132.862
1780681685.053,49.540,98675,98747,0,182.986
1780681685.106,49.593,98675,98747,0,248.159
1780681685.159,49.646,98675,98747,0,131.025
1780681685.212,49.699,98675,98747,0,151.357
1780681685.264,49.751,98675,98747,0,152.966
1780681685.317,49.803,98675,98747,0,57.432
1780681685.369,49.855,98675,98747,0,76.740
1780681685.422,49.909,98675,98747,0,37.328
1780681685.475,49.962,98675,98747,0,94.211
1780681685.533,50.020,98675,98747,0,34.403
1780681685.585,50.072,98675,98747,0,57.643
1780681685.638,50.124,98675,98747,0,57.650
1780681685.690,50.176,98675,98747,0,57.607
1780681685.742,50.228,98675,98747,0,38.428
1780681685.794,50.280,98675,98747,0,57.657
1780681685.846,50.333,98675,98747,0,38.428
1780681685.898,50.385,98675,98747,0,38.434
1780681685.950,50.437,98675,98747,0,76.878
1780681686.002,50.489,98675,98747,0,38.379
1780681686.054,50.541,98675,98747,0,134.535
1780681686.107,50.594,98675,98747,0,187.923
1780681686.159,50.646,98675,98747,0,210.565
1780681686.212,50.699,98675,98747,0,151.575
1780681686.265,50.752,98675,98747,0,132.686
1780681686.318,50.805,98675,98747,0,150.602
1780681686.371,50.857,98675,98747,3,76.033
1780681686.423,50.910,98675,98747,3,57.395
1780681686.475,50.962,98675,98747,3,38.259
1780681686.534,51.021,98675,98747,3,68.062
1780681686.586,51.073,98675,98747,3,19.176
1780681686.638,51.125,98675,98747,3,57.638
1780681686.690,51.177,98675,98747,3,57.607
1780681686.742,51.229,98675,98747,3,38.436
1780681686.794,51.281,98675,98747,3,57.650
1780681686.846,51.333,98675,98747,3,57.638
1780681686.898,51.385,98675,98747,3,38.418
1780681686.951,51.437,98675,98747,3,38.409
1780681687.003,51.489,98675,98747,3,57.529
1780681687.055,51.542,98675,98747,3,57.490
1780681687.107,51.594,98675,98747,1,115.184
1780681687.159,51.646,98675,98747,1,209.856
1780681687.215,51.702,98675,98747,1,180.359
1780681687.268,51.755,98675,98747,1,131.570
1780681687.322,51.808,98675,98747,1,167.645
1780681687.375,51.862,98675,98747,1,131.428
1780681687.432,51.918,98675,98747,1,52.917
1780681687.484,51.970,98675,98747,1,57.627
1780681687.536,52.022,98675,98747,1,57.670
1780681687.643,52.129,98675,98747,1,46.814
1780681687.695,52.182,98675,98747,1,38.254
1780681687.748,52.235,98675,98747,1,56.260
1780681687.800,52.287,98675,98747,1,76.694
1780681687.852,52.339,98675,98747,1,38.463
1780681687.905,52.392,98675,98747,1,37.980
1780681687.958,52.445,98675,98747,1,56.570
1780681688.011,52.497,98675,98747,1,37.944
1780681688.063,52.550,98675,98747,1,56.812
1780681688.117,52.604,98675,98747,1,37.473
1780681688.170,52.657,98675,98747,1,187.205
1780681688.223,52.710,98675,98747,1,228.582
1780681688.278,52.765,98675,98747,1,181.005
1780681688.335,52.822,98675,98747,1,139.193
1780681688.389,52.876,98675,98747,1,148.475
1780681688.442,52.929,98675,98747,1,133.145
1780681688.494,52.981,98675,98747,1,57.490
1780681688.546,53.033,98675,98747,1,38.408
1780681688.598,53.085,98675,98747,1,57.628
1780681688.650,53.137,98675,98747,1,57.619
1780681688.702,53.189,98675,98747,1,38.357
1780681688.755,53.241,98675,98747,1,57.552
1780681688.807,53.293,98675,98747,1,38.414
1780681688.859,53.346,98675,98747,1,57.217
1780681688.911,53.398,98675,98747,1,38.386
1780681688.964,53.451,98675,98747,1,56.755
1780681689.016,53.503,98675,98747,1,76.284
1780681689.069,53.556,98675,98747,1,57.239
1780681689.121,53.608,98675,98747,1,38.171
1780681689.174,53.660,98675,98747,1,76.310
1780681689.226,53.713,98675,98747,1,190.381
1780681689.279,53.766,98675,98747,1,207.647
1780681689.339,53.826,98675,98747,1,167.693
1780681689.391,53.878,98675,98747,1,133.474
1780681689.443,53.930,98675,98747,1,153.362
1780681689.496,53.982,98675,98747,1,153.189
1780681689.548,54.035,98675,98747,1,38.389
1780681689.600,54.087,98675,98747,1,57.604
1780681689.652,54.139,98675,98747,1,38.378
1780681689.704,54.191,98675,98747,1,57.614
1780681689.756,54.243,98675,98747,1,57.606
1780681689.808,54.295,98675,98747,1,38.422
1780681689.860,54.347,98675,98747,1,57.665
1780681689.912,54.399,98675,98747,1,57.686
1780681689.966,54.452,98675,98747,0,56.124
1780681690.019,54.505,98675,98747,0,56.751
1780681690.071,54.558,98675,98747,0,56.814
1780681690.125,54.611,98675,98747,0,56.407
1780681690.179,54.666,98675,98747,0,92.011
1780681690.239,54.726,98675,98747,0,83.220
1780681690.295,54.782,98675,98747,0,178.725
1780681690.349,54.836,98675,98747,0,203.340
1780681690.402,54.889,98675,98747,0,245.160
1780681690.455,54.942,98675,98747,0,170.464
1780681690.508,54.994,98675,98747,0,132.683
1780681690.560,55.047,98675,98747,1,114.748
1780681690.612,55.099,98675,98747,1,76.517
1780681690.665,55.151,98675,98747,1,57.121
1780681690.718,55.204,98675,98747,1,56.722
1780681690.770,55.257,98675,98747,1,37.926
1780681690.823,55.310,98675,98747,1,94.845
1780681690.879,55.366,98675,98747,0,53.616
1780681690.939,55.426,98675,98747,0,50.070
1780681690.991,55.478,98675,98747,0,19.152
1780681691.043,55.530,98675,98747,0,57.630
1780681691.095,55.582,98675,98747,0,57.585
1780681691.147,55.634,98675,98747,0,57.649
1780681691.199,55.686,98675,98747,0,57.599
1780681691.251,55.738,98675,98747,0,38.394
1780681691.304,55.791,98675,98747,0,132.922
1780681691.358,55.844,98675,98747,0,168.260
1780681691.412,55.899,98675,98747,1,218.844
1780681691.467,55.953,98675,98747,1,129.018
1780681691.525,56.011,98675,98747,1,155.242
1780681691.578,56.065,98675,98747,1,169.044
1780681691.634,56.121,98675,98747,1,106.785
1780681691.687,56.174,98675,98747,1,56.845
1780681691.739,56.226,98675,98747,1,57.483
1780681691.791,56.278,98675,98747,1,38.411
1780681691.843,56.330,98675,98747,1,57.528
1780681691.896,56.382,98675,98747,1,19.131
1780681691.948,56.434,98675,98747,1,57.594
1780681692.000,56.486,98675,98747,1,57.617
1780681692.052,56.539,98675,98747,1,38.275
1780681692.104,56.591,98675,98747,1,57.577
1780681692.156,56.643,98675,98747,1,57.686
1780681692.208,56.695,98675,98747,1,38.409
1780681692.261,56.748,98675,98747,1,56.387
1780681692.314,56.801,98675,98747,1,38.081
1780681692.369,56.856,98675,98747,1,200.319
1780681692.421,56.908,98675,98747,1,190.942
1780681692.475,56.962,98675,98747,1,186.481
1780681692.528,57.014,98675,98747,1,151.385
1780681692.588,57.075,98675,98747,1,131.678
1780681692.641,57.128,98675,98747,1,152.026
1780681692.693,57.180,98675,98747,1,38.322
1780681692.745,57.232,98675,98747,1,57.500
1780681692.798,57.285,98675,98747,1,57.029
1780681692.851,57.337,98675,98747,1,37.972
1780681692.903,57.390,98675,98747,1,57.157
1780681692.955,57.442,98675,98747,1,76.643
1780681693.008,57.495,98675,98747,2,19.038
1780681693.061,57.547,98675,98747,2,56.845
1780681693.114,57.600,98675,98747,2,94.468
1780681693.168,57.655,98675,98747,2,36.844
1780681693.220,57.707,98675,98747,2,57.048
1780681693.275,57.762,98675,98747,2,54.521
1780681693.328,57.814,98675,98747,2,57.365
1780681693.380,57.867,98675,98747,2,95.491
1780681693.437,57.923,98675,98747,2,176.825
1780681693.489,57.976,98675,98747,2,229.512
1780681693.541,58.028,98675,98747,2,133.543
1780681693.594,58.080,98675,98747,2,133.891
1780681693.646,58.133,98675,98747,2,134.166
1780681693.698,58.185,98675,98747,2,114.977
1780681693.750,58.237,98675,98747,2,57.620
1780681693.802,58.289,98675,98747,2,57.454
1780681693.854,58.341,98675,98747,2,57.653
1780681693.907,58.393,98675,98747,2,38.236
1780681693.959,58.445,98675,98747,2,57.605
1780681694.011,58.498,98675,98747,2,56.849
1780681694.064,58.551,98675,98747,2,57.156
1780681694.118,58.605,98675,98747,2,92.945
1780681694.175,58.661,98675,98747,2,35.195
1780681694.227,58.714,98675,98747,2,38.157
1780681694.281,58.767,98675,98747,2,55.809
1780681694.333,58.820,98675,98747,2,57.617
1780681694.385,58.872,98675,98747,2,57.670
1780681694.437,58.924,98675,98747,2,114.365
1780681694.489,58.976,98675,98747,2,172.846
1780681694.542,59.028,98675,98747,0,210.027
1780681694.594,59.081,98675,98747,0,153.107
1780681694.646,59.133,98675,98747,0,133.852
1780681694.699,59.185,98675,98747,0,171.713
1780681694.751,59.238,98675,98747,0,76.218
1780681694.804,59.290,98675,98747,0,57.182
1780681694.857,59.344,98675,98747,0,56.448
1780681694.910,59.396,98675,98747,0,56.883
1780681694.962,59.449,98675,98747,0,57.336
1780681695.015,59.502,98675,98747,0,37.288
1780681695.069,59.556,98675,98747,0,74.957
1780681695.123,59.610,98675,98747,0,55.582
1780681695.175,59.662,98675,98747,0,57.307
1780681695.227,59.714,98675,98747,0,38.399
1780681695.280,59.766,98675,98747,0,57.275
1780681695.332,59.819,98675,98747,0,38.149
1780681695.385,59.871,98675,98747,0,76.189
1780681695.437,59.924,98675,98747,0,56.766
1780681695.491,59.978,98675,98747,0,111.603
1780681695.548,60.035,98675,98747,0,175.447
1780681695.601,60.087,98675,98747,0,229.046
1780681695.653,60.140,98675,98747,0,171.254
1780681695.709,60.196,98675,98747,0,143.809
1780681695.761,60.248,98675,98747,0,170.932
1780681695.816,60.302,98675,98747,0,147.804
1780681695.869,60.356,98675,98747,0,74.990
1780681695.925,60.412,98675,98747,0,35.779
1780681695.979,60.465,98675,98747,0,55.761
1780681696.031,60.517,98675,98747,0,38.347
1780681696.083,60.570,98675,98747,0,57.628
1780681696.135,60.622,98675,98747,0,57.578
1780681696.187,60.674,98675,98747,0,38.290
1780681696.239,60.726,98675,98747,0,57.551
1780681696.291,60.778,98675,98747,0,38.289
1780681696.344,60.831,98675,98747,0,57.185
1780681696.396,60.883,98675,98747,0,57.545
1780681696.448,60.935,98675,98747,0,38.330
1780681696.500,60.987,98675,98747,0,57.500
1780681696.553,61.040,98675,98747,0,151.280
1780681696.607,61.094,98675,98747,0,186.795
1780681696.677,61.164,98675,98747,0,240.552
1780681696.744,61.231,98675,98747,0,165.857
1780681696.797,61.283,98675,98747,0,151.784
1780681696.849,61.336,98675,98747,0,152.537
1780681696.902,61.389,98675,98747,0,56.297
1780681696.955,61.442,98675,98747,0,38.023
1780681697.007,61.494,98675,98747,0,57.061
1780681697.060,61.547,98675,98747,0,57.008
1780681697.112,61.599,98675,98747,0,76.303
1780681697.167,61.653,98675,98747,0,36.969
1780681697.219,61.706,98675,98747,0,76.126
1780681697.273,61.760,98675,98747,0,55.390
1780681697.325,61.812,98675,98747,0,57.693
1780681697.378,61.864,98675,98747,0,38.140
1780681697.432,61.918,98675,98747,0,55.596
1780681697.484,61.971,98675,98747,0,57.629
1780681697.536,62.023,98675,98747,0,38.419
1780681697.588,62.075,98675,98747,0,115.207
1780681697.643,62.130,98675,98747,0,179.946
1780681697.696,62.183,98675,98747,0,227.444
1780681697.749,62.236,98675,98747,0,152.171
1780681697.803,62.290,98675,98747,0,146.695
1780681697.856,62.343,98675,98747,0,133.016
1780681697.916,62.403,98675,98747,0,232.466
1780681697.969,62.456,98675,98747,0,170.279
1780681698.022,62.509,98675,98747,0,246.137
1780681698.075,62.562,98675,98747,0,130.478
1780681698.132,62.618,98675,98747,0,160.300
1780681698.184,62.671,98675,98747,0,170.937
1780681698.237,62.724,98675,98747,0,245.248
1780681698.290,62.776,98675,98747,0,228.826
1780681698.343,62.830,98675,98747,0,168.078
1780681698.396,62.883,98675,98747,0,151.711
1780681698.449,62.936,98675,98747,0,113.701
1780681698.503,62.989,98675,98747,0,241.558
1780681698.559,63.045,98675,98747,0,213.848
1780681698.612,63.099,98675,98747,0,206.778
1780681698.665,63.151,98675,98747,0,246.190
1780681698.719,63.206,98675,98747,0,183.277
1780681698.776,63.263,98675,98747,0,140.016
1780681698.830,63.316,98675,98747,0,169.171
1780681698.883,63.370,98675,98747,0,186.689
1780681698.936,63.423,98675,98747,0,209.134
1780681698.990,63.476,98675,98747,0,223.158
1780681699.042,63.529,98675,98747,0,153.217
1780681699.095,63.581,98675,98747,0,151.544
1780681699.147,63.634,98675,98747,0,189.860
1780681699.204,63.691,98675,98747,0,227.014
1780681699.260,63.747,98675,98747,0,215.508
1780681699.315,63.802,98675,98747,0,218.556
1780681699.368,63.854,98675,98747,0,152.057
1780681699.424,63.911,98675,98747,0,177.051
1780681699.476,63.963,98675,98747,0,267.636
1780681699.530,64.017,98675,98747,0,224.436
1780681699.587,64.074,98675,98747,0,260.638
1780681699.640,64.127,98675,98747,0,133.636
1780681699.692,64.179,98675,98747,0,171.231
1780681699.746,64.233,98675,98747,0,149.308
1780681699.799,64.286,98675,98747,0,206.309
1780681699.854,64.341,98675,98747,0,238.334
1780681699.908,64.395,98675,98747,0,240.913
1780681699.961,64.447,98675,98747,0,151.572
1780681700.013,64.500,98675,98747,0,170.536
1780681700.066,64.552,98675,98747,0,133.805
1780681700.118,64.605,98675,98747,0,172.341
1780681700.171,64.658,98675,98747,0,149.783
1780681700.224,64.711,98675,98747,0,113.797
1780681700.277,64.764,98675,98747,0,75.700
1780681700.329,64.816,98675,98747,0,76.702
1780681700.386,64.873,98675,98747,0,34.874
1780681700.439,64.925,98675,98747,0,57.562
1780681700.497,64.984,98675,98747,0,68.032
1780681700.549,65.036,98675,98747,0,115.192
1780681700.603,65.090,98675,98747,0,149.386
1780681700.660,65.147,98675,98747,3,246.136
1780681700.717,65.204,98675,98747,3,157.411
1780681700.772,65.259,98675,98747,3,163.808
1780681700.825,65.312,98675,98747,3,168.789
1780681700.879,65.366,98675,98747,3,184.460
1780681700.934,65.421,98675,98747,3,164.363
1780681700.993,65.480,98675,98747,3,136.469
1780681701.046,65.533,98675,98747,3,56.743
1780681701.100,65.587,98675,98747,3,91.487
1780681701.160,65.647,98675,98747,3,134.576
1780681701.216,65.703,98675,98747,3,214.657
1780681701.272,65.759,98675,98747,1,231.308
1780681701.329,65.816,98675,98747,1,158.380
1780681701.381,65.868,98675,98747,1,171.142
1780681701.435,65.922,98675,98747,1,148.966
1780681701.488,65.975,98675,98747,1,150.356
1780681701.549,66.036,98675,98747,1,180.056
1780681701.603,66.090,98675,98747,1,224.669
1780681701.657,66.144,98675,98747,1,166.585
1780681701.710,66.197,98675,98747,1,226.371
1780681701.765,66.252,98675,98747,1,163.067
1780681701.818,66.304,98675,98747,1,189.966
1780681701.870,66.357,98675,98747,1,152.270
1780681701.923,66.410,98675,98747,1,188.031
1780681701.976,66.463,98675,98747,0,169.598
1780681702.030,66.517,98675,98747,0,262.077
1780681702.088,66.575,98675,98747,0,223.228
1780681702.141,66.628,98675,98747,0,225.512
1780681702.195,66.681,98675,98747,0,150.096
1780681702.247,66.734,98675,98747,0,152.931
1780681702.299,66.786,98675,98747,0,152.995
1780681702.351,66.838,98675,98747,0,172.079
1780681702.404,66.890,98675,98747,0,172.518
1780681702.458,66.945,98675,98747,0,220.715
1780681702.510,66.997,98675,98747,0,229.506
1780681702.563,67.050,98675,98747,0,228.692
1780681702.617,67.104,98675,98747,0,222.362
1780681702.670,67.156,98675,98747,0,151.193
1780681702.724,67.210,98675,98747,0,185.183
1780681702.776,67.263,98675,98747,0,171.028
1780681702.831,67.318,98675,98747,0,146.007
1780681702.883,67.370,98675,98747,0,153.139
1780681702.936,67.423,98675,98747,0,246.405
1780681702.998,67.484,98675,98747,0,227.454
1780681703.055,67.542,98675,98747,0,242.601
1780681703.118,67.605,98675,98747,0,223.059
1780681703.171,67.657,98675,98747,0,209.578
1780681703.224,67.711,98675,98747,0,168.248
1780681703.279,67.766,98675,98747,0,164.635
1780681703.337,67.824,98675,98747,0,137.940
1780681703.390,67.876,98675,98747,0,189.542
1780681703.442,67.929,98675,98747,0,246.179
1780681703.497,67.983,98675,98747,0,202.625
1780681703.552,68.039,98675,98747,0,198.039
1780681703.606,68.093,98675,98747,0,130.231
1780681703.660,68.147,98675,98747,0,166.454
1780681703.713,68.199,98675,98747,0,152.270
1780681703.765,68.252,98675,98747,0,151.254
1780681703.819,68.305,98675,98747,0,169.052
1780681703.873,68.360,98675,98747,0,164.085
1780681703.926,68.413,98675,98747,0,247.381
1780681703.983,68.470,98675,98747,0,191.425
1780681704.039,68.526,98675,98747,0,252.628
1780681704.108,68.595,98675,98747,0,144.483
1780681704.161,68.648,98675,98747,0,151.518
1780681704.215,68.702,98675,98747,0,148.110
1780681704.275,68.762,98675,98747,0,166.198
1780681704.329,68.815,98675,98747,0,186.806
1780681704.382,68.869,98675,98747,0,262.351
1780681704.442,68.929,98675,98747,0,200.735
1780681704.500,68.986,98675,98747,0,241.992
1780681704.555,69.042,98675,98747,0,144.289
1780681704.608,69.095,98675,98747,0,169.880
1780681704.662,69.148,98675,98747,0,149.147
1780681704.717,69.204,98675,98747,0,162.557
1780681704.770,69.256,98675,98747,0,190.190
1780681704.823,69.310,98675,98747,0,149.047
1780681704.878,69.364,98675,98747,0,183.836
1780681704.931,69.417,98675,98747,1,208.185
1780681704.989,69.476,98675,98747,1,255.210
1780681705.070,69.557,98675,98747,3,160.527
1780681705.124,69.611,98675,98747,3,168.057
1780681705.177,69.664,98675,98747,3,169.129
1780681705.230,69.717,98675,98747,3,168.904
1780681705.289,69.776,98675,98747,3,153.052
1780681705.348,69.835,98675,98747,3,151.800
1780681705.401,69.887,98675,98747,3,95.768
1780681705.453,69.940,98675,98747,3,57.320
1780681705.505,69.992,98675,98747,3,57.622
1780681705.557,70.044,98675,98747,3,134.616
1780681705.612,70.099,98675,98747,3,181.598
1780681705.664,70.151,98675,98747,3,210.673
1780681705.719,70.206,98675,98747,3,145.612
1780681705.775,70.262,98675,98747,3,161.333
1780681705.828,70.315,98675,98747,3,169.624
1780681705.881,70.368,98675,98747,3,150.497
1780681705.942,70.428,98675,98747,3,149.464
1780681705.995,70.482,98675,98747,3,131.048
1780681706.048,70.534,98675,98747,3,152.128
1780681706.100,70.587,98675,98747,3,133.945
1780681706.152,70.639,98675,98747,3,133.409
1780681706.205,70.691,98675,98747,3,190.728
1780681706.258,70.745,98675,98747,3,206.658
1780681706.310,70.797,98675,98747,3,152.669
1780681706.363,70.850,98675,98747,3,150.468
1780681706.416,70.903,98675,98747,3,151.192
1780681706.471,70.958,98675,98747,3,165.198
1780681706.525,71.012,98675,98747,3,166.743
1780681706.582,71.069,98675,98747,3,140.104
1780681706.635,71.122,98675,98747,3,150.777
1780681706.690,71.177,98675,98747,3,252.893
1780681706.744,71.231,98675,98747,3,222.178
1780681706.798,71.284,98675,98747,3,206.384
1780681706.861,71.348,98675,98747,3,157.935
1780681706.917,71.404,98675,98747,3,159.446
1780681706.975,71.462,98675,98747,3,190.340
1780681707.042,71.529,98675,98747,3,150.038
1780681707.094,71.581,98675,98747,3,133.951
1780681707.146,71.633,98675,98747,3,153.071
1780681707.200,71.687,98675,98747,3,224.285
1780681707.254,71.741,98675,98747,1,203.287
1780681707.308,71.794,98675,98747,1,242.372
1780681707.362,71.849,98675,98747,1,165.802
1780681707.416,71.903,98675,98747,1,147.752
1780681707.471,71.957,98675,98747,1,183.194
1780681707.524,72.010,98675,98747,1,150.996
1780681707.577,72.064,98675,98747,1,167.156
1780681707.632,72.118,98675,98747,1,148.016
1780681707.699,72.186,98675,98747,1,148.333
1780681707.752,72.239,98675,98747,1,225.006
1780681707.807,72.294,98675,98747,1,200.753
1780681707.860,72.346,98675,98747,1,228.246
1780681707.916,72.403,98675,98747,1,193.533
1780681707.970,72.456,98675,98747,1,131.899
1780681708.022,72.509,98675,98747,1,152.832
1780681708.075,72.562,98675,98747,1,187.669
1780681708.129,72.616,98675,98747,1,167.114
1780681708.195,72.682,98675,98747,1,136.764
1780681708.248,72.734,98675,98747,1,227.329
1780681708.303,72.789,98675,98747,1,217.980
1780681708.355,72.842,98675,98747,1,229.752
1780681708.408,72.895,98675,98747,1,242.588
1780681708.461,72.948,98675,98747,1,228.853
1780681708.514,73.001,98675,98747,1,224.048
1780681708.570,73.056,98675,98747,1,272.369
1780681708.627,73.113,98675,98747,1,245.304
1780681708.697,73.184,98675,98747,1,227.185
1780681708.755,73.242,98675,98747,1,294.641
1780681708.816,73.302,98675,98747,1,246.887
1780681708.870,73.357,98675,98747,1,239.020
1780681708.925,73.412,98675,98747,1,254.197
1780681708.983,73.470,98675,98747,1,294.317
1780681709.054,73.541,98675,98747,1,252.084
1780681709.118,73.605,98675,98747,1,204.173
1780681709.180,73.666,98675,98747,1,226.947
1780681709.240,73.727,98675,98747,1,279.064
1780681709.293,73.780,98675,98747,1,226.709
1780681709.346,73.833,98675,98747,1,208.628
1780681709.400,73.887,98675,98747,1,241.851
1780681709.477,73.964,98675,98747,1,246.627
1780681709.541,74.028,98675,98747,1,218.030
1780681709.597,74.083,98675,98747,1,197.796
1780681709.653,74.140,98675,98747,3,248.770
1780681709.712,74.199,98675,98747,2,236.367
1780681709.768,74.255,98675,98747,2,214.401
1780681709.823,74.310,98675,98747,2,236.150
1780681709.877,74.363,98675,98747,2,243.396
1780681709.932,74.419,98675,98747,2,199.381
1780681709.991,74.478,98675,98747,2,253.160
1780681710.049,74.536,98675,98747,2,225.071
1780681710.102,74.589,98675,98747,2,243.013
1780681710.159,74.645,98675,98747,2,248.628
1780681710.222,74.709,98675,98747,2,237.505
1780681710.287,74.773,98675,98747,2,262.609
1780681710.340,74.827,98675,98747,2,242.399
1780681710.402,74.889,98675,98747,2,145.926
1780681710.460,74.947,98675,98747,2,137.338
1780681710.513,74.999,98675,98747,2,152.241
1780681710.567,75.054,98675,98747,2,238.498
1780681710.623,75.110,98675,98747,2,233.032
1780681710.679,75.166,98675,98747,2,212.322
1780681710.752,75.238,98675,98747,2,235.455
1780681710.806,75.292,98675,98747,2,259.686
1780681710.861,75.348,98675,98747,2,234.118
1780681710.914,75.401,98675,98747,2,150.378
1780681710.973,75.460,98675,98747,2,185.947
1780681711.027,75.514,98675,98747,2,149.879
1780681711.088,75.575,98675,98747,2,228.123
1780681711.144,75.631,98675,98747,2,249.865
1780681711.212,75.699,98675,98747,2,191.638
1780681711.313,75.800,98675,98747,1,217.483
1780681711.385,75.872,98675,98747,3,236.656
1780681711.438,75.924,98675,98747,3,152.383
1780681711.491,75.978,98675,98747,3,225.354
1780681711.554,76.040,98675,98747,3,222.894
1780681711.617,76.104,98675,98747,3,189.121
1780681711.672,76.159,98675,98747,3,235.088
1780681711.727,76.214,98675,98747,3,164.686
1780681711.785,76.272,98675,98747,3,155.746
1780681711.837,76.324,98675,98747,3,229.959
1780681711.911,76.397,98675,98747,3,203.599
1780681711.965,76.452,98675,98747,3,146.206
1780681712.018,76.505,98675,98747,3,94.454
1780681712.072,76.558,98675,98747,3,75.154
1780681712.124,76.611,98675,98747,3,57.162
1780681712.176,76.663,98675,98747,3,210.579
1780681712.234,76.720,98675,98747,3,191.674
1780681712.292,76.778,98675,98747,3,137.910
1780681712.345,76.832,98675,98747,3,186.340
1780681712.407,76.893,98675,98747,3,179.215
1780681712.460,76.947,98675,98747,3,204.546
1780681712.514,77.000,98675,98747,3,150.669
1780681712.567,77.053,98675,98747,3,150.610
1780681712.619,77.106,98675,98747,3,56.831
1780681712.713,77.199,98675,98747,3,107.254
1780681712.772,77.259,98675,98747,2,218.326
1780681712.825,77.312,98675,98747,2,187.956
1780681712.879,77.366,98675,98747,2,149.332
1780681712.932,77.418,98675,98747,2,132.831
1780681712.985,77.472,98675,98747,2,75.050
1780681713.037,77.524,98675,98747,2,190.780
1780681713.090,77.577,98675,98747,2,229.149
1780681713.143,77.630,98675,98747,2,169.293
1780681713.198,77.685,98675,98747,2,145.508
1780681713.258,77.745,98675,98747,2,200.193
1780681713.327,77.814,98675,98747,2,173.795
1780681713.382,77.869,98675,98747,2,218.775
1780681713.435,77.922,98675,98747,2,169.494
1780681713.496,77.982,98675,98747,2,148.112
1780681713.548,78.035,98675,98747,2,209.527
1780681713.601,78.088,98675,98747,2,170.485
1780681713.654,78.141,98675,98747,2,225.816
1780681713.707,78.194,98675,98747,2,151.421
1780681713.760,78.247,98675,98747,0,150.265
1780681713.814,78.300,98675,98747,3,74.877
1780681713.867,78.354,98675,98747,3,74.411
1780681713.920,78.407,98675,98747,3,57.060
1780681713.974,78.460,98675,98747,3,167.788
1780681714.031,78.517,98675,98747,0,227.382
1780681714.086,78.573,98675,98747,3,196.741
1780681714.156,78.643,98675,98747,3,128.919
1780681714.209,78.696,98675,98747,3,133.688
1780681714.261,78.748,98675,98747,3,57.580
1780681714.314,78.801,98675,98747,3,37.774
1780681714.367,78.854,98675,98747,3,75.191
1780681714.420,78.906,98675,98747,3,76.010
1780681714.472,78.959,98675,98747,3,57.570
1780681714.524,79.011,98675,98747,0,191.799
1780681714.577,79.064,98675,98747,0,244.029
1780681714.631,79.118,98675,98747,0,223.988
1780681714.693,79.180,98675,98747,0,223.725
1780681714.746,79.232,98675,98747,0,210.116
1780681714.798,79.285,98675,98747,0,228.024
1780681714.851,79.337,98675,98747,0,153.241
1780681714.903,79.390,98675,98747,0,152.871
1780681714.955,79.442,98675,98747,0,133.081
1780681715.008,79.495,98675,98747,0,188.639
1780681715.062,79.549,98675,98747,0,222.653
1780681715.119,79.606,98675,98747,0,158.657
1780681715.174,79.661,98675,98747,0,164.019
1780681715.228,79.715,98675,98747,0,147.752
1780681715.280,79.767,98675,98747,0,57.440
1780681715.335,79.822,98675,98747,0,72.513
1780681715.388,79.874,98675,98747,0,76.827
1780681715.443,79.930,98675,98747,0,214.571
1780681715.496,79.983,98675,98747,0,229.329
1780681715.549,80.036,98675,98747,0,168.192
1780681715.603,80.090,98675,98747,0,148.862
1780681715.656,80.143,98675,98747,0,151.323
1780681715.708,80.195,98675,98747,0,57.672
1780681715.760,80.247,98675,98747,0,38.439
1780681715.812,80.299,98675,98747,0,38.392
1780681715.865,80.352,98675,98747,0,75.751
1780681715.918,80.404,98675,98747,0,37.957
1780681715.971,80.457,98675,98747,0,169.867
1780681716.027,80.514,98675,98747,0,264.457
1780681716.092,80.579,98675,98747,0,154.554
1780681716.145,80.632,98675,98747,0,150.014
1780681716.199,80.686,98675,98747,0,149.627
1780681716.254,80.741,98675,98747,0,144.126
1780681716.308,80.795,98675,98747,0,56.068
1780681716.361,80.847,98675,98747,0,56.844
1780681716.413,80.900,98675,98747,0,38.124
1780681716.465,80.952,98675,98747,0,57.333
1780681716.518,81.005,98675,98747,0,94.447
1780681716.571,81.057,98675,98747,0,38.163
1780681716.623,81.110,98675,98747,0,94.837
1780681716.677,81.164,98675,98747,0,56.037
1780681716.730,81.217,98675,98747,0,56.492
1780681716.787,81.274,98675,98747,0,52.571
1780681716.840,81.327,98675,98747,0,56.765
1780681716.893,81.380,98675,98747,0,56.593
1780681716.945,81.432,98675,98747,0,57.713
1780681716.997,81.484,98675,98747,0,133.665
1780681717.052,81.538,98675,98747,0,165.852
1780681717.104,81.590,98675,98747,0,230.326
1780681717.157,81.644,98675,98747,0,131.035
1780681717.209,81.696,98675,98747,0,172.141
1780681717.262,81.749,98675,98747,0,150.886
1780681717.317,81.803,98675,98747,0,166.009
1780681717.369,81.856,98675,98747,0,95.428
1780681717.421,81.908,98675,98747,0,38.343
1780681717.474,81.960,98675,98747,0,95.541
1780681717.527,82.013,98675,98747,0,56.596
1780681717.580,82.067,98675,98747,0,167.783
1780681717.634,82.120,98675,98747,0,242.696
1780681717.704,82.191,98675,98747,0,156.595
1780681717.756,82.243,98675,98747,0,152.903
1780681717.809,82.296,98675,98747,0,152.520
1780681717.861,82.348,98675,98747,0,171.440
1780681717.915,82.401,98675,98747,0,168.642
1780681717.971,82.457,98675,98747,2,250.362
1780681718.025,82.512,98675,98747,2,255.336
1780681718.079,82.565,98675,98747,2,112.704
1780681718.134,82.621,98675,98747,2,180.461
1780681718.198,82.685,98675,98747,2,141.055
1780681718.251,82.738,98675,98747,2,187.957
1780681718.305,82.792,98675,98747,3,204.564
1780681718.358,82.845,98675,98747,3,226.329
1780681718.419,82.905,98675,98747,3,197.142
1780681718.474,82.961,98675,98747,3,163.101
1780681718.527,83.014,98675,98747,3,168.781
1780681718.580,83.067,98675,98747,3,151.663
1780681718.637,83.123,98675,98747,3,229.675
1780681718.692,83.178,98675,98747,3,254.036
1780681718.761,83.248,98675,98747,2,173.004
1780681718.814,83.301,98675,98747,3,168.811
1780681718.868,83.355,98675,98747,3,186.128
1780681718.923,83.410,98675,98747,3,145.687
1780681718.976,83.462,98675,98747,3,171.061
1780681719.028,83.515,98675,98747,3,190.494
1780681719.086,83.573,98675,98747,3,241.393
1780681719.155,83.642,98675,98747,3,144.383
1780681719.208,83.695,98675,98747,3,170.360
1780681719.261,83.748,98675,98747,3,150.848
1780681719.315,83.802,98675,98747,3,147.670
1780681719.370,83.856,98675,98747,3,239.149
1780681719.423,83.910,98675,98747,3,224.507
1780681719.478,83.965,98675,98747,3,219.882
1780681719.532,84.018,98675,98747,3,241.390
1780681719.586,84.073,98675,98747,3,258.242
1780681719.649,84.136,98675,98747,3,237.833
1780681719.753,84.240,98675,98747,3,249.229
1780681719.806,84.292,98675,98747,3,228.714
1780681719.861,84.348,98675,98747,3,216.092
1780681719.914,84.401,98675,98747,3,281.670
1780681719.980,84.467,98675,98747,3,260.031
1780681720.033,84.520,98675,98747,3,225.265
1780681720.099,84.586,98675,98747,3,225.907
1780681720.153,84.640,98675,98747,3,148.725
1780681720.207,84.694,98675,98747,3,148.813
1780681720.259,84.746,98675,98747,3,153.121
1780681720.314,84.801,98675,98747,3,146.557
1780681720.369,84.856,98675,98747,3,180.105
1780681720.422,84.909,98675,98747,3,228.310
1780681720.476,84.963,98675,98747,3,222.550
1780681720.530,85.017,98675,98747,3,241.237
1780681720.600,85.086,98675,98747,3,186.203
1780681720.655,85.141,98675,98747,3,163.231
1780681720.708,85.195,98675,98747,3,150.767
1780681720.760,85.247,98675,98747,3,152.061
1780681720.813,85.300,98675,98747,3,170.003
1780681720.866,85.353,98675,98747,3,171.752
1780681720.919,85.406,98675,98747,3,224.679
1780681720.974,85.461,98675,98747,3,234.952
1780681721.031,85.518,98675,98747,3,158.176
1780681721.085,85.572,98675,98747,3,148.884
1780681721.140,85.627,98675,98747,3,162.760
1780681721.193,85.679,98675,98747,3,153.206
1780681721.245,85.732,98675,98747,3,171.480
1780681721.303,85.789,98675,98747,3,209.014
1780681721.355,85.842,98675,98747,3,246.958
1780681721.409,85.896,98675,98747,3,167.086
1780681721.461,85.948,98675,98747,3,172.466
1780681721.514,86.001,98675,98747,3,151.355
1780681721.569,86.056,98675,98747,3,144.987
1780681721.622,86.109,98675,98747,3,171.398
1780681721.674,86.161,98675,98747,3,209.812
1780681721.728,86.215,98675,98747,3,261.378
1780681721.790,86.277,98675,98747,3,144.073
1780681721.843,86.330,98675,98747,3,150.496
1780681721.896,86.383,98675,98747,3,151.799
1780681721.948,86.435,98675,98747,3,134.268
1780681722.000,86.487,98675,98747,3,191.549
1780681722.053,86.539,98675,98747,3,191.398
1780681722.105,86.592,98675,98747,3,228.819
1780681722.158,86.645,98675,98747,3,113.842
1780681722.210,86.697,98675,98747,3,171.298
1780681722.263,86.750,98675,98747,3,152.019
1780681722.317,86.803,98675,98747,3,93.387
1780681722.369,86.856,98675,98747,3,75.706
1780681722.421,86.908,98675,98747,3,172.877
1780681722.474,86.961,98675,98747,0,264.847
1780681722.532,87.018,98675,98747,0,139.492
1780681722.586,87.072,98675,98747,0,129.857
1780681722.639,87.126,98675,98747,0,150.091
1780681722.693,87.180,98675,98747,0,166.159
1780681722.745,87.232,98675,98747,0,229.848
1780681722.798,87.284,98675,98747,0,228.910
1780681722.851,87.338,98675,98747,0,205.943
1780681722.904,87.391,98675,98747,0,151.743
1780681722.958,87.445,98675,98747,0,148.047
1780681723.010,87.497,98675,98747,0,210.892
1780681723.063,87.550,98675,98747,0,207.820
1780681723.118,87.604,98675,98747,0,219.277
1780681723.173,87.660,98675,98747,0,253.661
1780681723.225,87.712,98675,98747,0,248.006
1780681723.278,87.765,98675,98747,0,206.794
1780681723.331,87.817,98675,98747,0,268.097
1780681723.389,87.876,98675,98747,0,222.048
1780681723.442,87.928,98675,98747,0,248.320
1780681723.511,87.998,98675,98747,0,214.570
1780681723.570,88.056,98675,98747,0,258.067
1780681723.624,88.111,98675,98747,0,129.081
1780681723.676,88.163,98675,98747,0,57.402
1780681723.729,88.216,98675,98747,0,188.231
1780681723.784,88.270,98675,98747,0,238.963
1780681723.838,88.325,98675,98747,0,183.288
1780681723.892,88.379,98675,98747,0,148.379
1780681723.944,88.431,98675,98747,0,153.231
1780681723.996,88.483,98675,98747,0,57.508
1780681724.048,88.535,98675,98747,0,38.444
1780681724.100,88.587,98675,98747,0,57.711
1780681724.152,88.639,98675,98747,0,57.649
1780681724.205,88.692,98675,98747,1,133.752
1780681724.257,88.744,98675,98747,1,210.453
1780681724.312,88.799,98675,98747,0,236.628
1780681724.375,88.861,98675,98747,0,144.010
1780681724.427,88.914,98675,98747,0,171.940
1780681724.479,88.966,98675,98747,0,95.006
1780681724.532,89.018,98675,98747,0,57.617
1780681724.592,89.079,98675,98747,0,49.817
1780681724.645,89.132,98675,98747,0,55.962
1780681724.697,89.184,98675,98747,0,57.755
1780681724.749,89.236,98675,98747,0,38.420
1780681724.801,89.288,98675,98747,0,153.643
1780681724.855,89.342,98675,98747,0,187.316
1780681724.907,89.394,98675,98747,0,190.360
1780681724.960,89.447,98675,98747,0,152.758
1780681725.012,89.499,98675,98747,0,133.081
1780681725.066,89.553,98675,98747,0,148.150
1780681725.119,89.606,98675,98747,0,76.244
1780681725.171,89.658,98675,98747,0,76.491
1780681725.224,89.710,98675,98747,0,57.097
1780681725.277,89.764,98675,98747,0,56.497
1780681725.330,89.817,98675,98747,0,74.793
1780681725.383,89.869,98675,98747,0,171.440
1780681725.448,89.934,98675,98747,1,231.175
1780681725.500,89.987,98675,98747,1,171.546
1780681725.553,90.040,98675,98747,1,151.769
1780681725.605,90.092,98675,98747,1,153.278
1780681725.658,90.145,98675,98747,1,207.637
1780681725.710,90.197,98675,98747,1,191.441
1780681725.765,90.252,98675,98747,1,236.812
1780681725.819,90.306,98675,98747,1,166.124
1780681725.876,90.363,98675,98747,1,157.614
1780681725.929,90.416,98675,98747,1,263.496
1780681725.982,90.469,98675,98747,3,170.311
1780681726.044,90.531,98675,98747,3,227.013
1780681726.098,90.584,98675,98747,3,204.844
1780681726.153,90.640,98675,98747,3,162.757
1780681726.219,90.705,98675,98747,3,137.086
1780681726.273,90.760,98675,98747,3,127.814
1780681726.326,90.812,98675,98747,3,76.475
1780681726.378,90.865,98675,98747,3,152.366
1780681726.431,90.918,98675,98747,3,282.038
1780681726.495,90.982,98675,98747,3,188.988
1780681726.548,91.035,98675,98747,3,168.384
1780681726.601,91.087,98675,98747,3,133.779
1780681726.653,91.140,98675,98747,3,76.175
1780681726.706,91.192,98675,98747,3,57.126
1780681726.758,91.245,98675,98747,3,38.292
1780681726.810,91.297,98675,98747,3,57.459
1780681726.863,91.350,98675,98747,3,75.570
1780681726.916,91.403,98675,98747,3,168.527
1780681726.969,91.456,98675,98747,3,226.472
1780681727.027,91.514,98675,98747,1,224.245
1780681727.085,91.572,98675,98747,1,173.072
1780681727.143,91.630,98675,98747,1,121.528
1780681727.196,91.683,98675,98747,1,150.029
1780681727.249,91.735,98675,98747,1,57.052
1780681727.302,91.789,98675,98747,1,56.285
1780681727.355,91.842,98675,98747,1,56.570
1780681727.408,91.895,98675,98747,1,56.783
1780681727.460,91.947,98675,98747,3,76.500
1780681727.513,92.000,98675,98747,3,56.935
1780681727.568,92.055,98675,98747,3,181.207
1780681727.623,92.109,98675,98747,3,183.238
1780681727.679,92.166,98675,98747,3,212.558
1780681727.733,92.220,98675,98747,3,223.071
1780681727.808,92.294,98675,98747,3,200.549
1780681727.861,92.348,98675,98747,3,223.516
1780681727.914,92.401,98675,98747,0,284.421
1780681727.969,92.456,98675,98747,0,217.446
1780681728.024,92.511,98675,98747,0,254.413
1780681728.083,92.570,98675,98747,0,203.319
1780681728.142,92.629,98675,98747,0,254.402
1780681728.196,92.683,98675,98747,0,222.217
1780681728.251,92.738,98675,98747,0,201.638
1780681728.304,92.791,98675,98747,0,188.777
1780681728.356,92.843,98675,98747,0,228.008
1780681728.412,92.899,98675,98747,0,161.027
1780681728.465,92.952,98675,98747,0,151.269
1780681728.518,93.005,98675,98747,0,189.854
1780681728.571,93.058,98675,98747,0,93.612
1780681728.624,93.111,98675,98747,0,18.974
1780681728.678,93.165,98675,98747,0,111.643
1780681728.730,93.217,98675,98747,0,172.637
1780681728.783,93.270,98675,98747,0,262.015
1780681728.842,93.329,98675,98747,0,169.606
1780681728.895,93.381,98675,98747,0,134.020
1780681728.947,93.434,98675,98747,0,151.905
1780681729.000,93.487,98675,98747,0,190.174
1780681729.052,93.539,98675,98747,0,190.940
1780681729.105,93.591,98675,98747,3,209.750
1780681729.157,93.644,98675,98747,3,153.126
1780681729.210,93.697,98675,98747,3,151.132
1780681729.265,93.752,98675,98747,3,145.345
1780681729.317,93.804,98675,98747,3,115.024
1780681729.369,93.856,98675,98747,3,171.868
1780681729.424,93.910,98675,98747,3,257.971
1780681729.478,93.965,98675,98747,3,202.168
1780681729.534,94.021,98675,98747,3,142.391
1780681729.595,94.082,98675,98747,3,147.175
1780681729.648,94.135,98675,98747,3,114.201
1780681729.703,94.190,98675,98747,3,216.589
1780681729.757,94.244,98675,98747,3,222.427
1780681729.810,94.297,98675,98747,3,114.250
1780681729.864,94.350,98675,98747,3,167.414
1780681729.921,94.407,98675,98747,3,192.941
1780681729.974,94.461,98675,98747,3,206.095
1780681730.030,94.516,98675,98747,3,269.168
1780681730.084,94.570,98675,98747,3,147.943
1780681730.147,94.634,98675,98747,3,157.640
1780681730.210,94.697,98675,98747,3,174.409
1780681730.265,94.752,98675,98747,3,220.092
1780681730.321,94.808,98675,98747,3,194.299
1780681730.378,94.865,98675,98747,3,141.249
1780681730.435,94.922,98675,98747,0,104.513
1780681730.488,94.974,98675,98747,0,95.794
1780681730.540,95.027,98675,98747,1,209.080
1780681730.594,95.081,98675,98747,1,221.587
1780681730.648,95.135,98675,98747,1,149.602
1780681730.701,95.188,98675,98747,1,150.424
1780681730.756,95.243,98675,98747,1,182.151
1780681730.808,95.295,98675,98747,1,228.302
1780681730.868,95.355,98675,98747,1,251.681
1780681730.923,95.410,98675,98747,1,219.238
1780681730.977,95.463,98675,98747,1,278.703
1780681731.034,95.520,98675,98747,3,263.111
1780681731.088,95.575,98675,98747,1,238.140
1780681731.149,95.635,98675,98747,1,231.978
1780681731.201,95.688,98675,98747,1,228.365
1780681731.256,95.743,98675,98747,1,237.105
1780681731.309,95.796,98675,98747,1,227.268
1780681731.364,95.851,98675,98747,1,199.833
1780681731.423,95.910,98675,98747,1,269.918
1780681731.479,95.966,98675,98747,1,196.528
1780681731.539,96.026,98675,98747,1,133.382
1780681731.592,96.079,98675,98747,1,113.763
1780681731.644,96.131,98675,98747,1,228.396
1780681731.700,96.186,98675,98747,1,216.956
1780681731.753,96.240,98675,98747,1,222.784
1780681731.820,96.307,98675,98747,1,226.214
1780681731.873,96.360,98675,98747,1,245.572
1780681731.927,96.414,98675,98747,1,273.912
1780681731.990,96.477,98675,98747,1,206.552
1780681732.044,96.530,98675,98747,1,282.164
1780681732.105,96.592,98675,98747,1,194.612
1780681732.159,96.645,98675,98747,1,205.724
1780681732.212,96.699,98675,98747,1,223.774
1780681732.266,96.753,98675,98747,1,260.248
1780681732.320,96.807,98675,98747,1,242.033
1780681732.372,96.859,98675,98747,1,228.375
1780681732.425,96.912,98675,98747,1,152.065
1780681732.479,96.966,98675,98747,1,202.604
1780681732.551,97.038,98675,98747,1,222.711
1780681732.621,97.107,98675,98747,2,230.078
1780681732.681,97.167,98675,98747,1,200.325
1780681732.740,97.227,98675,98747,1,233.720
1780681732.795,97.282,98675,98747,1,257.661
1780681732.850,97.337,98675,98747,1,199.901
1780681732.903,97.390,98675,98747,1,224.518
1780681732.960,97.447,98675,98747,1,194.271
1780681733.017,97.504,98675,98747,1,243.298
1780681733.071,97.558,98675,98747,1,261.857
1780681733.127,97.614,98675,98747,1,250.787
1780681733.191,97.678,98675,98747,1,233.203
1780681733.244,97.731,98675,98747,1,245.211
1780681733.315,97.802,98675,98747,1,239.505
1780681733.372,97.859,98675,98747,1,226.936
1780681733.426,97.913,98675,98747,1,241.113
1780681733.479,97.965,98675,98747,1,229.231
1780681733.532,98.019,98675,98747,1,315.543
1780681733.599,98.086,98675,98747,1,209.183
1780681733.656,98.142,98675,98747,2,248.997
1780681733.710,98.197,98675,98747,2,292.116
1780681733.768,98.255,98675,98747,2,191.562
1780681733.822,98.309,98675,98747,2,256.815
1780681733.879,98.366,98675,98747,2,245.082
1780681733.943,98.430,98675,98747,2,126.126
1780681733.996,98.483,98675,98747,2,168.990
1780681734.056,98.543,98675,98747,2,199.187
1780681734.110,98.597,98675,98747,2,241.245
1780681734.166,98.653,98675,98747,2,231.507
1780681734.220,98.707,98675,98747,2,149.970
1780681734.276,98.763,98675,98747,2,195.144
1780681734.338,98.825,98675,98747,2,242.273
1780681734.398,98.885,98675,98747,2,216.076
1780681734.452,98.939,98675,98747,2,166.902
1780681734.504,98.991,98675,98747,2,133.930
1780681734.557,99.043,98675,98747,2,191.498
1780681734.610,99.097,98675,98747,2,243.858
1780681734.664,99.150,98675,98747,2,223.614
1780681734.716,99.203,98675,98747,2,133.442
1780681734.770,99.257,98675,98747,2,184.316
1780681734.838,99.325,98675,98747,2,222.494
1780681734.893,99.380,98675,98747,2,216.818
1780681734.960,99.447,98675,98747,2,179.031
1780681735.013,99.500,98675,98747,2,151.059
1780681735.067,99.554,98675,98747,2,220.847
1780681735.123,99.610,98675,98747,2,233.539
1780681735.178,99.665,98675,98747,2,218.086
1780681735.234,99.720,98675,98747,2,126.095
1780681735.295,99.782,98675,98747,2,65.342
1780681735.359,99.846,98675,98747,2,156.214
1780681735.414,99.901,98675,98747,2,235.136
1780681735.469,99.956,98675,98747,3,217.108
1780681735.523,100.010,98675,98747,3,92.503
1780681735.584,100.071,98675,98747,3,131.855
1780681735.638,100.125,98675,98747,3,92.389
1780681735.699,100.185,98675,98747,3,182.466
1780681735.752,100.239,98675,98747,3,244.311
1780681735.805,100.291,98675,98747,3,227.245
1780681735.858,100.344,98675,98747,3,245.412
1780681735.910,100.397,98675,98747,1,209.730
1780681735.962,100.449,98675,98747,1,228.728
1780681736.016,100.502,98675,98747,1,226.117
1780681736.072,100.559,98675,98747,1,265.138
1780681736.125,100.612,98675,98747,1,227.574
1780681736.178,100.665,98675,98747,1,224.289
1780681736.233,100.719,98675,98747,1,294.563
1780681736.299,100.785,98675,98747,1,212.244
1780681736.353,100.840,98675,98747,1,238.032
1780681736.408,100.895,98675,98747,0,182.093
1780681736.462,100.949,98675,98747,0,148.366
1780681736.517,101.004,98675,98747,0,181.877
1780681736.574,101.060,98675,98747,0,230.121
1780681736.641,101.128,98675,98747,0,221.514
1780681736.694,101.181,98675,98747,0,206.590
1780681736.748,101.235,98675,98747,0,130.620
1780681736.801,101.287,98675,98747,0,171.641
1780681736.853,101.340,98675,98747,2,210.338
1780681736.906,101.393,98675,98747,0,225.066
1780681736.959,101.445,98675,98747,0,171.581
1780681737.013,101.499,98675,98747,0,148.270
1780681737.066,101.553,98675,98747,0,205.772
1780681737.123,101.610,98675,98747,0,228.132
1780681737.182,101.669,98675,98747,0,237.301
1780681737.272,101.759,98675,98747,0,177.986
1780681737.325,101.812,98675,98747,0,169.072
1780681737.377,101.864,98675,98747,1,191.685
1780681737.431,101.918,98675,98747,1,242.553
1780681737.484,101.971,98675,98747,1,207.633
1780681737.542,102.029,98675,98747,1,223.320
1780681737.605,102.092,98675,98747,1,237.365
1780681737.659,102.146,98675,98747,1,223.468
1780681737.712,102.198,98675,98747,1,228.185
1780681737.766,102.253,98675,98747,1,219.158
1780681737.821,102.307,98675,98747,1,220.793
1780681737.875,102.362,98675,98747,1,237.063
1780681737.931,102.418,98675,98747,1,253.061
1780681738.004,102.491,98675,98747,1,217.822
1780681738.058,102.545,98675,98747,1,186.197
1780681738.112,102.598,98675,98747,1,223.390
1780681738.168,102.655,98675,98747,1,230.572
1780681738.221,102.707,98675,98747,1,247.703
1780681738.283,102.770,98675,98747,1,256.326
1780681738.337,102.824,98675,98747,1,295.361
1780681738.397,102.884,98675,98747,0,199.226
1780681738.451,102.938,98675,98747,0,295.795
1780681738.528,103.015,98675,98747,0,287.119
1780681738.590,103.077,98675,98747,0,226.729
1780681738.647,103.134,98675,98747,0,261.617
1780681738.707,103.193,98675,98747,0,252.091
1780681738.760,103.247,98675,98747,0,222.958
1780681738.816,103.302,98675,98747,0,163.016
1780681738.869,103.356,98675,98747,0,223.591
1780681738.925,103.412,98675,98747,0,198.703
1780681738.995,103.482,98675,98747,0,228.036
1780681739.057,103.543,98675,98747,0,243.439
1780681739.126,103.613,98675,98747,2,201.368
1780681739.180,103.667,98675,98747,1,241.298
1780681739.234,103.721,98675,98747,1,315.555
1780681739.324,103.810,98675,98747,1,200.494
1780681739.377,103.864,98675,98747,1,224.669
1780681739.435,103.922,98675,98747,1,276.407
1780681739.500,103.987,98675,98747,1,184.046
1780681739.552,104.039,98675,98747,1,229.317
1780681739.607,104.093,98675,98747,1,202.652
1780681739.659,104.146,98675,98747,1,247.554
1780681739.716,104.203,98675,98747,1,229.246
1780681739.769,104.256,98675,98747,1,206.956
1780681739.827,104.314,98675,98747,1,259.120
1780681739.901,104.388,98675,98747,1,188.566
1780681739.954,104.440,98675,98747,1,171.443
1780681740.007,104.494,98675,98747,1,242.818
1780681740.061,104.548,98675,98747,1,222.468
1780681740.121,104.607,98675,98747,1,168.275
1780681740.173,104.660,98675,98747,2,190.095
1780681740.226,104.713,98675,98747,2,246.858
1780681740.283,104.770,98675,98747,2,244.160
1780681740.349,104.836,98675,98747,1,136.047
1780681740.402,104.889,98675,98747,1,152.194
1780681740.454,104.941,98675,98747,1,153.120
1780681740.507,104.994,98675,98747,1,169.859
1780681740.560,105.046,98675,98747,1,247.404
1780681740.612,105.099,98675,98747,1,247.606
1780681740.669,105.156,98675,98747,1,262.979
1780681740.722,105.209,98675,98747,1,246.123
1780681740.776,105.263,98675,98747,1,278.486
1780681740.846,105.333,98675,98747,1,228.210
1780681740.900,105.387,98675,98747,1,221.499
1780681740.956,105.442,98675,98747,1,234.605
1780681741.011,105.498,98675,98747,1,252.254
1780681741.065,105.552,98675,98747,1,222.803
1780681741.118,105.605,98675,98747,1,169.985
1780681741.172,105.659,98675,98747,2,238.528
1780681741.226,105.713,98675,98747,2,185.141
1780681741.281,105.768,98675,98747,2,164.443
1780681741.340,105.827,98675,98747,2,101.609
1780681741.392,105.879,98675,98747,2,76.633
1780681741.444,105.931,98675,98747,2,38.453
1780681741.497,105.983,98675,98747,2,115.113
1780681741.550,106.037,98675,98747,3,168.201
1780681741.603,106.090,98675,98747,1,245.198
1780681741.656,106.143,98675,98747,1,207.626
1780681741.709,106.196,98675,98747,1,151.764
1780681741.764,106.251,98675,98747,1,162.933
1780681741.817,106.303,98675,98747,1,56.965
1780681741.869,106.356,98675,98747,1,152.628
1780681741.922,106.408,98675,98747,1,228.586
1780681741.979,106.466,98675,98747,1,296.435
1780681742.043,106.530,98675,98747,1,155.958
1780681742.099,106.586,98675,98747,1,177.491
1780681742.155,106.642,98675,98747,1,216.204
1780681742.208,106.694,98675,98747,1,265.432
1780681742.261,106.748,98675,98747,1,204.742
1780681742.314,106.800,98675,98747,1,153.277
1780681742.366,106.853,98675,98747,1,134.022
1780681742.419,106.906,98675,98747,1,224.399
1780681742.474,106.961,98675,98747,1,164.634
1780681742.530,107.016,98675,98747,1,233.322
1780681742.583,107.070,98675,98747,1,222.938
1780681742.668,107.154,98675,98747,1,142.721
1780681742.753,107.239,98675,98747,1,176.296
1780681742.805,107.292,98675,98747,1,249.201
1780681742.858,107.345,98675,98747,1,245.098
1780681742.910,107.397,98675,98747,1,134.095
1780681742.963,107.450,98675,98747,1,170.338
1780681743.015,107.502,98675,98747,1,210.119
1780681743.069,107.556,98675,98747,1,203.533
1780681743.127,107.614,98675,98747,1,277.584
1780681743.179,107.666,98675,98747,1,190.710
1780681743.246,107.733,98675,98747,1,134.885
1780681743.299,107.785,98675,98747,1,208.994
1780681743.357,107.844,98675,98747,1,137.848
1780681743.413,107.900,98675,98747,1,267.687
1780681743.469,107.956,98675,98747,1,230.496
1780681743.523,108.010,98675,98747,1,149.334
1780681743.575,108.062,98675,98747,1,172.148
1780681743.628,108.115,98675,98747,1,244.720
1780681743.692,108.179,98675,98747,1,188.474
1780681743.748,108.235,98675,98747,1,231.143
1780681743.801,108.287,98675,98747,1,247.382
1780681743.855,108.342,98675,98747,1,274.026
1780681743.908,108.394,98675,98747,1,248.591
1780681743.960,108.447,98675,98747,1,172.510
1780681744.014,108.500,98675,98747,1,148.797
1780681744.066,108.553,98675,98747,1,151.938
1780681744.119,108.605,98675,98747,1,190.640
1780681744.176,108.663,98675,98747,1,225.759
1780681744.229,108.716,98675,98747,1,264.422
1780681744.282,108.769,98675,98747,1,169.892
1780681744.362,108.848,98675,98747,1,150.882
1780681744.415,108.902,98675,98747,1,112.552
1780681744.469,108.956,98675,98747,1,223.129
1780681744.521,109.008,98675,98747,1,227.841
1780681744.574,109.061,98675,98747,1,246.048
1780681744.627,109.114,98675,98747,1,170.234
1780681744.684,109.170,98675,98747,1,195.036
1780681744.748,109.235,98675,98747,1,155.096
1780681744.803,109.290,98675,98747,1,181.375
1780681744.857,109.344,98675,98747,1,184.413
1780681744.911,109.398,98675,98747,1,243.291
1780681744.968,109.455,98675,98747,1,227.843
1780681745.023,109.509,98675,98747,1,164.239
1780681745.078,109.565,98675,98747,1,161.596
1780681745.143,109.630,98675,98747,1,138.918
1780681745.197,109.684,98675,98747,1,222.518
1780681745.251,109.738,98675,98747,1,202.554
1780681745.309,109.796,98675,98747,1,241.607
1780681745.370,109.857,98675,98747,1,248.458
1780681745.424,109.911,98675,98747,1,184.196
1780681745.477,109.964,98675,98747,1,149.937
1780681745.547,110.034,98675,98747,1,128.850
1780681745.601,110.088,98675,98747,1,223.995
1780681745.655,110.141,98675,98747,1,223.185
1780681745.709,110.195,98675,98747,1,222.362
1780681745.763,110.250,98675,98747,1,201.186
1780681745.817,110.304,98675,98747,1,148.936
1780681745.872,110.359,98675,98747,1,236.371
1780681745.933,110.420,98675,98747,1,262.275
1780681746.006,110.493,98675,98747,1,204.692
1780681746.059,110.546,98675,98747,1,171.144
1780681746.111,110.598,98675,98747,1,152.327
1780681746.164,110.651,98675,98747,1,151.704
1780681746.217,110.704,98675,98747,1,245.102
1780681746.278,110.765,98675,98747,1,229.458
1780681746.334,110.820,98675,98747,1,216.329
1780681746.391,110.877,98675,98747,1,192.759
1780681746.444,110.931,98675,98747,1,188.059
1780681746.508,110.995,98675,98747,1,124.149
1780681746.561,111.048,98675,98747,1,152.065
1780681746.619,111.105,98675,98747,1,138.373
1780681746.673,111.160,98675,98747,1,165.700
1780681746.725,111.212,98675,98747,1,133.887
1780681746.780,111.266,98675,98747,1,276.143
1780681746.844,111.330,98675,98747,1,203.378
1780681746.896,111.383,98675,98747,1,188.910
1780681746.957,111.444,98675,98747,1,148.462
1780681747.010,111.496,98675,98747,1,133.066
1780681747.064,111.551,98675,98747,1,164.461
1780681747.120,111.607,98675,98747,1,160.727
1780681747.173,111.660,98675,98747,1,151.715
1780681747.227,111.714,98675,98747,1,129.128
1780681747.282,111.769,98675,98747,1,109.814
1780681747.335,111.822,98675,98747,1,37.833
1780681747.388,111.874,98675,98747,1,56.878
1780681747.440,111.927,98675,98747,1,37.957
1780681747.493,111.980,98675,98747,1,56.948
1780681747.546,112.032,98675,98747,1,57.072
1780681747.598,112.084,98675,98747,1,38.329
1780681747.650,112.137,98675,98747,1,57.056
1780681747.703,112.190,98675,98747,1,114.400
1780681747.755,112.242,98675,98747,1,191.033
1780681747.809,112.296,98675,98747,1,202.660
1780681747.864,112.351,98675,98747,1,218.201
1780681747.921,112.408,98675,98747,1,140.783
1780681747.974,112.461,98675,98747,1,188.089
1780681748.028,112.514,98675,98747,1,150.312
1780681748.087,112.574,98675,98747,1,168.808
1780681748.147,112.633,98675,98747,1,150.415
1780681748.201,112.688,98675,98747,1,221.766
1780681748.259,112.746,98675,98747,1,205.050
1780681748.313,112.800,98675,98747,1,222.986
1780681748.376,112.863,98675,98747,1,254.404
1780681748.431,112.918,98675,98747,1,253.457
1780681748.514,113.001,98675,98747,1,217.290
1780681748.568,113.055,98675,98747,1,278.854
1780681748.623,113.110,98675,98747,1,254.773
1780681748.676,113.163,98675,98747,1,262.308
1780681748.744,113.231,98675,98747,1,266.282
1780681748.802,113.289,98675,98747,1,187.569
1780681748.855,113.342,98675,98747,1,228.586
1780681748.908,113.395,98675,98747,1,243.044
1780681748.968,113.455,98675,98747,1,166.948
1780681749.022,113.509,98675,98747,1,166.610
1780681749.075,113.562,98675,98747,1,171.155
1780681749.148,113.635,98675,98747,1,137.029
1780681749.202,113.689,98675,98747,1,201.550
1780681749.266,113.753,98675,98747,1,234.670
1780681749.321,113.808,98675,98747,1,257.504
1780681749.388,113.875,98675,98747,1,208.790
1780681749.443,113.929,98675,98747,1,146.050
1780681749.496,113.983,98675,98747,1,168.353
1780681749.549,114.036,98675,98747,1,131.829
1780681749.603,114.090,98675,98747,1,221.002
1780681749.658,114.145,98675,98747,1,218.107
1780681749.712,114.199,98675,98747,1,241.219
1780681749.768,114.255,98675,98747,1,233.227
1780681749.821,114.308,98675,98747,1,150.659
1780681749.875,114.361,98675,98747,1,149.552
1780681749.929,114.416,98675,98747,1,256.616
1780681749.995,114.482,98675,98747,1,211.682
1780681750.051,114.538,98675,98747,1,234.334
1780681750.107,114.594,98675,98747,1,178.657
1780681750.161,114.648,98675,98747,1,166.013
1780681750.217,114.704,98675,98747,1,178.429
1780681750.270,114.757,98675,98747,1,226.054
1780681750.324,114.810,98675,98747,1,242.815
1780681750.380,114.867,98675,98747,1,247.603
1780681750.447,114.933,98675,98747,1,210.770
1780681750.503,114.989,98675,98747,1,161.064
1780681750.556,115.043,98675,98747,1,149.741
1780681750.609,115.095,98675,98747,1,227.949
1780681750.662,115.149,98675,98747,1,204.988
1780681750.718,115.205,98675,98747,1,250.561
1780681750.771,115.258,98675,98747,1,227.050
1780681750.825,115.312,98675,98747,1,148.150
1780681750.880,115.366,98675,98747,1,146.202
1780681750.936,115.423,98675,98747,1,284.168
1780681750.991,115.477,98675,98747,1,219.670
1780681751.069,115.556,98675,98747,0,217.035
1780681751.122,115.609,98675,98747,0,188.638
1780681751.179,115.666,98675,98747,0,121.837
1780681751.245,115.732,98675,98747,0,183.102
1780681751.305,115.792,98675,98747,0,200.231
1780681751.357,115.844,98675,98747,0,229.255
1780681751.412,115.899,98675,98747,0,217.443
1780681751.469,115.956,98675,98747,0,158.921
1780681751.524,116.010,98675,98747,0,256.739
1780681751.576,116.063,98675,98747,0,227.481
1780681751.642,116.129,98675,98747,0,196.918
1780681751.695,116.182,98675,98747,0,151.522
1780681751.752,116.239,98675,98747,0,123.209
1780681751.806,116.293,98675,98747,0,221.933
1780681751.858,116.345,98675,98747,0,190.715
1780681751.914,116.401,98675,98747,0,233.295
1780681751.975,116.462,98675,98747,0,262.428
1780681752.040,116.527,98675,98747,0,276.869
1780681752.095,116.582,98675,98747,0,217.915
1780681752.150,116.637,98675,98747,0,237.338
1780681752.203,116.690,98675,98747,0,206.325
1780681752.256,116.743,98675,98747,0,245.787
1780681752.309,116.796,98675,98747,0,207.062
1780681752.364,116.850,98675,98747,0,313.759
1780681752.417,116.904,98675,98747,0,242.497
1780681752.471,116.957,98675,98747,0,261.941
1780681752.524,117.011,98675,98747,0,169.075
1780681752.591,117.077,98675,98747,0,134.876
1780681752.643,117.130,98675,98747,0,152.036
1780681752.700,117.187,98675,98747,0,210.805
1780681752.753,117.240,98675,98747,0,208.038
1780681752.806,117.293,98675,98747,0,169.995
1780681752.858,117.345,98675,98747,0,152.876
1780681752.911,117.397,98675,98747,2,191.122
1780681752.966,117.452,98675,98747,2,163.784
1780681753.020,117.507,98675,98747,2,238.157
1780681753.075,117.562,98675,98747,2,181.352
1780681753.129,117.616,98675,98747,2,186.860
1780681753.181,117.668,98675,98747,2,170.751
1780681753.234,117.721,98675,98747,2,171.526
1780681753.290,117.777,98675,98747,2,176.834
1780681753.343,117.830,98675,98747,2,229.230
1780681753.395,117.882,98675,98747,2,171.221
1780681753.448,117.935,98675,98747,2,207.373
1780681753.501,117.987,98675,98747,2,191.410
1780681753.553,118.040,98675,98747,2,228.628
1780681753.606,118.093,98675,98747,2,207.701
1780681753.658,118.145,98675,98747,2,134.032
1780681753.711,118.198,98675,98747,2,171.045
1780681753.765,118.251,98675,98747,2,186.103
1780681753.817,118.304,98675,98747,2,211.246
1780681753.872,118.359,98675,98747,2,252.858
1780681753.926,118.413,98675,98747,2,149.293
1780681753.978,118.465,98675,98747,2,171.748
1780681754.030,118.517,98675,98747,2,114.729
1780681754.084,118.571,98675,98747,2,93.112
1780681754.136,118.623,98675,98747,2,172.633
1780681754.189,118.676,98675,98747,2,264.323
1780681754.242,118.728,98675,98747,2,171.792
1780681754.294,118.781,98675,98747,2,170.709
1780681754.346,118.833,98675,98747,2,134.248
1780681754.399,118.886,98675,98747,2,151.329
1780681754.456,118.943,98675,98747,2,211.299
1780681754.509,118.996,98675,98747,2,228.004
1780681754.561,119.048,98675,98747,2,172.235
1780681754.613,119.100,98675,98747,3,172.157
1780681754.669,119.156,98675,98747,3,162.126
1780681754.721,119.208,98675,98747,2,190.403
1780681754.774,119.261,98675,98747,3,207.084
1780681754.827,119.314,98675,98747,3,228.919
1780681754.880,119.367,98675,98747,3,280.937
1780681754.940,119.427,98675,98747,3,217.691
1780681754.997,119.484,98675,98747,3,263.662
1780681755.050,119.537,98675,98747,3,245.968
1780681755.102,119.589,98675,98747,3,248.666
1780681755.155,119.642,98675,98747,3,244.044
1780681755.209,119.695,98675,98747,3,262.918
1780681755.262,119.749,98675,98747,3,243.925
1780681755.321,119.807,98675,98747,3,238.528
1780681755.373,119.860,98675,98747,3,247.129
1780681755.426,119.913,98675,98747,3,245.003
1780681755.480,119.967,98675,98747,3,241.837
1780681755.532,120.019,98675,98747,3,134.485
1780681755.588,120.075,98675,98747,3,195.841
1780681755.641,120.128,98675,98747,3,226.843
1780681755.704,120.191,98675,98747,3,237.454
1780681755.758,120.244,98675,98747,3,187.363
1780681755.810,120.297,98675,98747,3,133.666
1780681755.863,120.349,98675,98747,3,170.797
1780681755.919,120.406,98675,98747,0,212.721
1780681755.974,120.461,98675,98747,0,273.796
1780681756.030,120.517,98675,98747,2,211.964
1780681756.087,120.573,98675,98747,2,142.390
1780681756.140,120.627,98675,98747,2,187.500
1780681756.195,120.682,98675,98747,2,180.575
1780681756.248,120.734,98675,98747,2,249.230
1780681756.307,120.794,98675,98747,2,218.155
1780681756.361,120.847,98675,98747,2,168.515
1780681756.415,120.902,98675,98747,2,164.557
1780681756.469,120.956,98675,98747,2,167.216
1780681756.521,121.008,98675,98747,2,172.142
1780681756.576,121.063,98675,98747,2,218.910
1780681756.632,121.119,98675,98747,2,232.157
1780681756.685,121.171,98675,98747,2,229.080
1780681756.737,121.223,98675,98747,2,172.711
1780681756.803,121.290,98675,98747,2,136.111
1780681756.857,121.344,98675,98747,2,221.589
1780681756.909,121.396,98675,98747,2,152.370
1780681756.964,121.450,98675,98747,2,276.256
1780681757.017,121.504,98675,98747,2,205.513
1780681757.070,121.557,98675,98747,2,189.481
1780681757.124,121.611,98675,98747,2,167.517
1780681757.176,121.663,98675,98747,2,151.664
1780681757.229,121.716,98675,98747,2,228.309
1780681757.285,121.772,98675,98747,2,213.684
1780681757.342,121.829,98675,98747,2,264.452
1780681757.422,121.909,98675,98747,2,186.390
1780681757.477,121.963,98675,98747,2,165.905
1780681757.538,122.024,98675,98747,2,147.414
1780681757.592,122.079,98675,98747,2,147.483
1780681757.645,122.132,98675,98747,3,188.513
1780681757.698,122.185,98675,98747,3,244.624
1780681757.756,122.243,98675,98747,3,222.817
1780681757.809,122.296,98675,98747,3,170.003
1780681757.865,122.352,98675,98747,3,144.040
1780681757.921,122.408,98675,98747,3,197.089
1780681757.974,122.460,98675,98747,3,151.490
1780681758.032,122.519,98675,98747,3,188.538
1780681758.100,122.587,98675,98747,3,161.451
1780681758.160,122.647,98675,98747,3,231.737
1780681758.224,122.711,98675,98747,3,218.813
1780681758.282,122.768,98675,98747,3,244.448
1780681758.356,122.843,98675,98747,3,242.741
1780681758.415,122.902,98675,98747,3,234.805
1780681758.474,122.961,98675,98747,3,239.963
1780681758.529,123.016,98675,98747,3,254.817
1780681758.584,123.071,98675,98747,3,216.753
1780681758.645,123.132,98675,98747,3,229.412
1780681758.698,123.185,98675,98747,3,263.845
1780681758.755,123.242,98675,98747,3,141.402
1780681758.809,123.296,98675,98747,3,166.401
1780681758.866,123.353,98675,98747,3,157.484
1780681758.920,123.407,98675,98747,3,184.843
1780681758.973,123.460,98675,98747,3,228.121
1780681759.026,123.513,98675,98747,3,187.813
1780681759.081,123.567,98675,98747,3,274.227
1780681759.139,123.626,98675,98747,3,257.163
1780681759.209,123.696,98675,98747,3,229.373
1780681759.269,123.756,98675,98747,3,249.455
1780681759.324,123.811,98675,98747,3,271.844
1780681759.381,123.867,98675,98747,3,247.570
1780681759.447,123.934,98675,98747,3,226.180
1780681759.512,123.999,98675,98747,3,246.909
1780681759.570,124.056,98675,98747,0,241.787
1780681759.628,124.115,98675,98747,3,255.766
1780681759.682,124.169,98675,98747,3,261.009
1780681759.782,124.268,98675,98747,3,250.640
1780681759.842,124.329,98675,98747,3,263.807
1780681759.912,124.398,98675,98747,2,231.170
1780681760.003,124.490,98675,98747,3,240.393
1780681760.094,124.581,98675,98747,3,219.184
1780681760.148,124.635,98675,98747,3,203.967
1780681760.204,124.691,98675,98747,3,231.364
1780681760.269,124.755,98675,98747,2,264.450
1780681760.322,124.809,98675,98747,2,224.785
1780681760.377,124.864,98675,98747,2,270.873
1780681760.436,124.923,98675,98747,2,238.462
1780681760.493,124.980,98675,98747,2,245.027
1780681760.548,125.035,98675,98747,2,237.477
1780681760.602,125.089,98675,98747,2,223.245
1780681760.655,125.142,98675,98747,2,188.056
1780681760.710,125.196,98675,98747,2,238.184
1780681760.772,125.258,98675,98747,2,241.862
1780681760.831,125.317,98675,98747,2,220.154
1780681760.901,125.387,98675,98747,2,285.634
1780681760.981,125.468,98675,98747,2,248.207
1780681761.071,125.558,98675,98747,2,233.191
1780681761.167,125.654,98675,98747,2,209.214
1780681761.231,125.718,98675,98747,2,233.770
1780681761.316,125.803,98675,98747,2,188.761
1780681761.390,125.876,98675,98747,2,216.821
1780681761.444,125.931,98675,98747,2,237.046
1780681761.498,125.984,98675,98747,2,244.298
1780681761.553,126.040,98675,98747,2,235.791
1780681761.605,126.092,98675,98747,2,247.540
1780681761.660,126.147,98675,98747,2,217.557
1780681761.713,126.200,98675,98747,2,265.500
1780681761.773,126.259,98675,98747,2,285.644
1780681761.829,126.316,98675,98747,2,302.280
1780681761.888,126.375,98675,98747,2,220.545
1780681761.951,126.438,98675,98747,0,205.280
1780681762.008,126.495,98675,98747,0,265.259
1780681762.072,126.559,98675,98747,0,295.100
1780681762.131,126.617,98675,98747,0,273.735
1780681762.216,126.703,98675,98747,0,256.745
1780681762.281,126.768,98675,98747,0,294.647
1780681762.357,126.844,98675,98747,0,249.746
1780681762.418,126.905,98675,98747,0,229.777
1780681762.480,126.967,98675,98747,0,304.495
1780681762.548,127.035,98675,98747,0,250.466
1780681762.627,127.113,98675,98747,0,267.283
1780681762.681,127.168,98675,98747,0,236.973
1780681762.741,127.228,98675,98747,0,233.692
1780681762.798,127.284,98675,98747,0,249.529
1780681762.850,127.337,98675,98747,0,283.261
1780681762.918,127.405,98675,98747,0,296.925
1780681762.981,127.468,98675,98747,0,252.542
1780681763.037,127.524,98675,98747,0,233.269
1780681763.094,127.581,98675,98747,0,209.918
1780681763.149,127.636,98675,98747,3,234.991
1780681763.204,127.691,98675,98747,3,309.423
1780681763.277,127.764,98675,98747,3,275.784
1780681763.336,127.822,98675,98747,3,254.807
1780681763.401,127.888,98675,98747,3,244.595
1780681763.465,127.952,98675,98747,1,219.823
1780681763.529,128.015,98675,98747,1,281.856
1780681763.603,128.090,98675,98747,1,241.117
1780681763.717,128.204,98675,98747,1,219.314
1780681763.787,128.274,98675,98747,1,286.507
1780681763.841,128.327,98675,98747,1,317.791
1780681763.897,128.384,98675,98747,1,211.981
1780681763.974,128.461,98675,98747,1,220.522
1780681764.052,128.539,98675,98747,1,192.269
1780681764.116,128.603,98675,98747,1,266.474
1780681764.170,128.657,98675,98747,1,277.023
1780681764.253,128.740,98675,98747,1,253.337
1780681764.309,128.796,98675,98747,0,321.432
1780681764.400,128.887,98675,98747,1,208.690
1780681764.468,128.955,98675,98747,1,236.803
1780681764.529,129.016,98675,98747,1,277.986
1780681764.601,129.088,98675,98747,1,262.929
1780681764.674,129.161,98675,98747,1,286.696
1780681764.735,129.222,98675,98747,1,247.097
1780681764.797,129.284,98675,98747,0,324.666
1780681764.859,129.346,98675,98747,1,305.067
1780681764.956,129.443,98675,98747,1,237.179
1780681765.029,129.516,98675,98747,1,260.760
1780681765.086,129.572,98675,98747,0,282.056
1780681765.175,129.662,98675,98747,1,234.340
1780681765.256,129.743,98675,98747,1,259.522
1780681765.313,129.800,98675,98747,1,314.846
1780681765.400,129.887,98675,98747,1,298.757
1780681765.480,129.967,98675,98747,1,275.381
1780681765.556,130.043,98675,98747,1,209.775
1780681765.634,130.121,98675,98747,0,308.849
1780681765.725,130.211,98675,98747,0,276.451
1780681765.784,130.271,98675,98747,0,270.495
1780681765.844,130.331,98675,98747,0,233.385
1780681765.900,130.387,98675,98747,0,213.992
1780681765.967,130.454,98675,98747,0,222.163
1780681766.022,130.509,98675,98747,0,310.498
1780681766.077,130.563,98675,98747,0,311.422
1780681766.147,130.634,98675,98747,0,270.024
1780681766.206,130.693,98675,98747,0,254.507
1780681766.264,130.751,98675,98747,0,258.819
1780681766.323,130.810,98675,98747,2,235.266
1780681766.396,130.883,98675,98747,2,246.822
1780681766.463,130.949,98675,98747,2,241.755
1780681766.524,131.011,98675,98747,2,259.472
1780681766.581,131.068,98675,98747,2,283.285
1780681766.646,131.133,98675,98747,2,198.855
1780681766.738,131.224,98675,98747,0,218.663
1780681766.807,131.294,98675,98747,0,258.346
1780681766.880,131.367,98675,98747,0,247.100
1780681766.947,131.434,98675,98747,0,237.508
1780681767.064,131.551,98675,98747,2,214.244
1780681767.127,131.614,98675,98747,2,190.285
1780681767.183,131.670,98675,98747,2,161.540
1780681767.245,131.732,98675,98747,2,144.364
1780681767.297,131.784,98675,98747,2,134.099
1780681767.350,131.837,98675,98747,2,210.288
1780681767.405,131.892,98675,98747,2,233.934
1780681767.459,131.946,98675,98747,2,224.235
1780681767.515,132.002,98675,98747,2,248.461
1780681767.569,132.056,98675,98747,2,279.086
1780681767.624,132.111,98675,98747,2,234.314
1780681767.680,132.166,98675,98747,2,254.013
1780681767.739,132.226,98675,98747,3,151.473
1780681767.804,132.291,98675,98747,3,154.284
1780681767.858,132.345,98675,98747,3,146.220
1780681767.913,132.400,98675,98747,3,127.889
1780681767.969,132.456,98675,98747,3,267.088
1780681768.024,132.511,98675,98747,3,273.266
1780681768.082,132.569,98675,98747,3,226.202
1780681768.137,132.623,98675,98747,3,237.148
1780681768.206,132.693,98675,98747,3,187.723
1780681768.259,132.745,98675,98747,3,170.205
1780681768.313,132.800,98675,98747,3,164.992
1780681768.368,132.855,98675,98747,3,181.884
1780681768.425,132.911,98675,98747,3,159.783
1780681768.478,132.965,98675,98747,3,168.225
1780681768.532,133.018,98675,98747,3,149.199
1780681768.592,133.079,98675,98747,3,165.420
1780681768.645,133.132,98675,98747,3,112.807
1780681768.698,133.185,98675,98747,3,133.378
1780681768.755,133.242,98675,98747,3,140.509
1780681768.811,133.298,98675,98747,0,231.044
1780681768.870,133.357,98675,98747,0,253.604
1780681768.926,133.413,98675,98747,0,159.864
1780681768.980,133.467,98675,98747,0,148.564
1780681769.039,133.526,98675,98747,2,135.568
1780681769.092,133.578,98675,98747,2,152.684
1780681769.145,133.631,98675,98747,2,169.867
1780681769.199,133.686,98675,98747,2,128.584
1780681769.251,133.738,98675,98747,2,172.462
1780681769.305,133.792,98675,98747,2,148.324
1780681769.358,133.845,98675,98747,2,225.948
1780681769.416,133.903,98675,98747,2,191.482
1780681769.472,133.959,98675,98747,2,248.297
1780681769.540,134.027,98675,98747,2,190.375
1780681769.593,134.080,98675,98747,2,132.513
1780681769.646,134.133,98675,98747,2,132.974
1780681769.698,134.185,98675,98747,2,152.814
1780681769.751,134.237,98675,98747,2,171.699
1780681769.806,134.293,98675,98747,2,143.385
1780681769.859,134.346,98675,98747,2,170.659
1780681769.917,134.404,98675,98747,2,156.334
1780681769.971,134.458,98675,98747,2,239.935
1780681770.035,134.522,98675,98747,2,202.303
1780681770.096,134.583,98675,98747,2,214.584
1780681770.151,134.637,98675,98747,2,200.534
1780681770.204,134.690,98675,98747,2,151.445
1780681770.256,134.743,98675,98747,2,132.619
1780681770.309,134.796,98675,98747,2,151.875
1780681770.369,134.856,98675,98747,2,166.032
1780681770.426,134.912,98675,98747,2,177.431
1780681770.480,134.966,98675,98747,2,129.579
1780681770.536,135.023,98675,98747,2,141.533
1780681770.595,135.082,98675,98747,2,84.619
1780681770.648,135.134,98675,98747,2,38.121
1780681770.700,135.187,98675,98747,2,57.302
1780681770.752,135.239,98675,98747,2,76.453
1780681770.805,135.292,98675,98747,2,57.085
1780681770.857,135.344,98675,98747,2,57.522
1780681770.909,135.396,98675,98747,2,134.453
1780681770.970,135.456,98675,98747,2,182.093
1780681771.029,135.516,98675,98747,2,268.960
1780681771.086,135.573,98675,98747,3,156.886
1780681771.140,135.627,98675,98747,3,130.930
1780681771.192,135.679,98675,98747,3,171.108
1780681771.245,135.731,98675,98747,3,153.046
1780681771.297,135.784,98675,98747,3,133.379
1780681771.349,135.836,98675,98747,3,172.248
1780681771.402,135.888,98675,98747,3,152.976
1780681771.455,135.942,98675,98747,3,149.604
1780681771.508,135.994,98675,98747,3,191.042
1780681771.564,136.051,98675,98747,3,159.907
1780681771.619,136.105,98675,98747,1,273.796
1780681771.672,136.159,98675,98747,1,187.928
1780681771.724,136.211,98675,98747,1,189.850
1780681771.778,136.264,98675,98747,1,150.547
1780681771.841,136.328,98675,98747,1,158.080
1780681771.906,136.392,98675,98747,1,154.580
1780681771.959,136.446,98675,98747,1,150.178
1780681772.012,136.499,98675,98747,1,168.773
1780681772.066,136.552,98675,98747,1,224.488
1780681772.120,136.606,98675,98747,1,185.088
1780681772.172,136.659,98675,98747,0,209.493
1780681772.225,136.712,98675,98747,0,225.950
1780681772.279,136.766,98675,98747,0,185.761
1780681772.342,136.829,98675,98747,0,143.268
1780681772.394,136.881,98675,98747,0,172.192
1780681772.446,136.933,98675,98747,0,153.419
1780681772.499,136.985,98675,98747,0,172.492
1780681772.551,137.038,98675,98747,0,151.798
1780681772.604,137.090,98675,98747,0,133.753
1780681772.656,137.143,98675,98747,0,229.929
1780681772.709,137.195,98675,98747,0,170.248
1780681772.769,137.256,98675,98747,0,213.595
1780681772.825,137.312,98675,98747,0,250.387
1780681772.882,137.369,98675,98747,0,141.220
1780681772.947,137.434,98675,98747,2,138.090
1780681772.999,137.486,98675,98747,0,115.108
1780681773.052,137.538,98675,98747,0,152.826
1780681773.104,137.591,98675,98747,0,227.590
1780681773.168,137.655,98675,98747,0,157.176
1780681773.221,137.708,98675,98747,3,206.933
1780681773.276,137.763,98675,98747,3,200.091
1780681773.329,137.816,98675,98747,3,265.916
1780681773.412,137.899,98675,98747,1,215.710
1780681773.471,137.958,98675,98747,1,253.535
1780681773.526,138.013,98675,98747,1,236.079
1780681773.579,138.066,98675,98747,1,226.982
1780681773.634,138.121,98675,98747,1,308.584
1780681773.693,138.180,98675,98747,1,255.790
1780681773.758,138.245,98675,98747,1,246.876
1780681773.811,138.297,98675,98747,1,189.930
1780681773.864,138.351,98675,98747,1,150.188
1780681773.917,138.404,98675,98747,1,167.635
1780681773.970,138.457,98675,98747,1,190.006
1780681774.028,138.515,98675,98747,1,172.037
1780681774.091,138.578,98675,98747,1,142.995
1780681774.144,138.631,98675,98747,1,207.747
1780681774.213,138.700,98675,98747,1,173.662
1780681774.269,138.756,98675,98747,1,233.451
1780681774.324,138.811,98675,98747,1,254.635
1780681774.384,138.871,98675,98747,1,264.097
1780681774.445,138.932,98675,98747,1,229.950
1780681774.498,138.985,98675,98747,1,245.415
1780681774.551,139.038,98675,98747,1,247.133
1780681774.605,139.092,98675,98747,1,238.663
1780681774.658,139.145,98675,98747,1,209.675
1780681774.721,139.208,98675,98747,1,252.484
1780681774.798,139.285,98675,98747,1,261.217
1780681774.870,139.357,98675,98747,1,234.061
1780681774.971,139.458,98675,98747,2,249.281
1780681775.087,139.573,98675,98747,2,250.243
1780681775.142,139.629,98675,98747,2,216.762
1780681775.210,139.696,98675,98747,2,251.324
1780681775.291,139.778,98675,98747,2,221.701
1780681775.359,139.846,98675,98747,2,204.011
1780681775.417,139.903,98675,98747,2,244.579
1780681775.472,139.959,98675,98747,2,252.207
1780681775.525,140.012,98675,98747,2,244.455
1780681775.581,140.068,98675,98747,2,267.446
1780681775.635,140.121,98675,98747,2,244.498
1780681775.689,140.176,98675,98747,2,201.249
1780681775.744,140.231,98675,98747,2,219.111
1780681775.797,140.283,98675,98747,2,209.477
1780681775.864,140.351,98675,98747,2,206.637
1780681775.923,140.410,98675,98747,1,221.611
1780681775.980,140.466,98675,98747,1,194.463
1780681776.053,140.540,98675,98747,1,203.701
1780681776.107,140.594,98675,98747,1,242.502
1780681776.160,140.647,98675,98747,1,260.707
1780681776.255,140.742,98675,98747,1,200.051
1780681776.327,140.814,98675,98747,1,223.217
1780681776.381,140.868,98675,98747,3,278.576
1780681776.451,140.938,98675,98747,3,171.712
1780681776.506,140.993,98675,98747,3,252.399
1780681776.570,141.056,98675,98747,1,252.672
1780681776.632,141.118,98675,98747,1,291.067
1780681776.717,141.204,98675,98747,1,222.248
1780681776.770,141.257,98675,98747,1,246.271
1780681776.841,141.328,98675,98747,1,183.002
1780681776.906,141.392,98675,98747,1,154.116
1780681776.967,141.453,98675,98747,3,245.846
1780681777.020,141.507,98675,98747,3,224.470
1780681777.074,141.560,98675,98747,3,224.689
1780681777.132,141.619,98675,98747,3,171.126
1780681777.192,141.679,98675,98747,3,216.166
1780681777.246,141.733,98675,98747,3,240.783
1780681777.304,141.791,98675,98747,0,241.325
1780681777.376,141.863,98675,98747,0,249.766
1780681777.437,141.924,98675,98747,0,229.873
1780681777.490,141.977,98675,98747,0,151.603
1780681777.542,142.029,98675,98747,0,209.696
1780681777.597,142.084,98675,98747,0,236.788
1780681777.653,142.140,98675,98747,0,233.369
1780681777.726,142.213,98675,98747,0,233.633
1780681777.783,142.269,98675,98747,1,263.367
1780681777.862,142.349,98675,98747,1,225.615
1780681777.928,142.415,98675,98747,0,258.977
1780681777.981,142.468,98675,98747,0,263.413
1780681778.047,142.534,98675,98747,0,211.792
1780681778.105,142.591,98675,98747,1,244.572
1780681778.170,142.657,98675,98747,1,260.053
1780681778.231,142.718,98675,98747,1,278.997
1780681778.312,142.799,98675,98747,3,245.775
1780681778.374,142.861,98675,98747,1,259.530
1780681778.430,142.917,98675,98747,1,230.187
1780681778.486,142.973,98675,98747,1,232.619
1780681778.545,143.032,98675,98747,1,238.915
1780681778.606,143.092,98675,98747,3,246.984
1780681778.667,143.154,98675,98747,3,212.679
1780681778.722,143.208,98675,98747,3,254.923
1780681778.784,143.271,98675,98747,3,192.141
1780681778.839,143.326,98675,98747,3,199.783
1780681778.904,143.391,98675,98747,3,230.640
1780681778.959,143.446,98675,98747,3,236.574
1780681779.016,143.503,98675,98747,1,244.317
1780681779.072,143.559,98675,98747,1,287.994
1780681779.131,143.618,98675,98747,1,236.494
1780681779.199,143.686,98675,98747,1,250.606
1780681779.278,143.764,98675,98747,1,216.194
1780681779.351,143.837,98675,98747,1,232.965
1780681779.422,143.908,98675,98747,0,225.720
1780681779.478,143.964,98675,98747,3,249.596
1780681779.534,144.021,98675,98747,3,248.264
1780681779.595,144.082,98675,98747,3,278.549
1780681779.687,144.174,98675,98747,3,227.326
1780681779.775,144.262,98675,98747,3,227.515
1780681779.848,144.335,98675,98747,3,192.375
1780681779.925,144.411,98675,98747,3,222.124
1780681779.979,144.465,98675,98747,3,241.465
1780681780.057,144.543,98675,98747,3,217.871
1780681780.136,144.623,98675,98747,3,250.448
1780681780.223,144.710,98675,98747,3,219.499
1780681780.307,144.794,98675,98747,3,214.299
1780681780.362,144.849,98675,98747,3,235.832
1780681780.420,144.907,98675,98747,3,223.868
1780681780.473,144.960,98675,98747,3,245.578
1780681780.546,145.033,98675,98747,3,246.862
1780681780.606,145.093,98675,98747,2,250.292
1780681780.675,145.162,98675,98747,2,261.020
1780681780.735,145.222,98675,98747,2,315.189
1780681780.820,145.307,98675,98747,2,247.134
1780681780.892,145.379,98675,98747,2,264.792
1780681780.954,145.441,98675,98747,2,255.550
1780681781.015,145.502,98675,98747,2,229.876
1780681781.074,145.561,98675,98747,2,274.300
1780681781.134,145.621,98675,98747,2,296.652
1780681781.218,145.705,98675,98747,2,263.108
1780681781.273,145.759,98675,98747,2,274.917
1780681781.327,145.814,98675,98747,2,274.357
1780681781.404,145.890,98675,98747,2,209.743
1780681781.459,145.945,98675,98747,2,235.825
1780681781.514,146.001,98675,98747,2,306.216
1780681781.606,146.093,98675,98747,2,185.221
1780681781.666,146.153,98675,98747,2,217.059
1780681781.725,146.212,98675,98747,2,251.886
1780681781.797,146.284,98675,98747,2,222.931
1780681781.855,146.342,98675,98747,0,242.434
1780681781.911,146.398,98675,98747,0,266.905
1780681781.969,146.456,98675,98747,0,259.864
1780681782.030,146.517,98675,98747,0,245.560
1780681782.093,146.580,98675,98747,0,237.026
1780681782.175,146.662,98675,98747,1,220.317
1780681782.231,146.718,98675,98747,1,230.576
1780681782.287,146.774,98675,98747,1,215.005
1780681782.342,146.829,98675,98747,1,182.678
1780681782.401,146.888,98675,98747,1,253.585
1780681782.483,146.969,98675,98747,1,195.998
1780681782.549,147.036,98675,98747,1,240.679
1780681782.618,147.105,98675,98747,0,188.488
1780681782.696,147.183,98675,98747,0,231.112
1780681782.780,147.267,98675,98747,0,202.749
1780681782.861,147.347,98675,98747,0,148.686
1780681782.939,147.426,98675,98747,0,255.256
1780681783.003,147.490,98675,98747,1,172.209
1780681783.056,147.543,98675,98747,1,260.646
1780681783.127,147.613,98675,98747,0,256.520
1780681783.184,147.671,98675,98747,0,295.511
1780681783.246,147.732,98675,98747,0,211.840
1780681783.306,147.793,98675,98747,0,230.606
1780681783.363,147.850,98675,98747,0,264.704
1780681783.423,147.909,98675,98747,0,150.613
1780681783.480,147.967,98675,98747,0,156.261
1780681783.536,148.023,98675,98747,0,161.892
1780681783.604,148.091,98675,98747,0,146.084
1780681783.657,148.144,98675,98747,0,189.091
1780681783.711,148.198,98675,98747,0,204.068
1780681783.764,148.251,98675,98747,0,227.584
1780681783.818,148.304,98675,98747,0,223.177
1780681783.871,148.358,98675,98747,0,169.120
1780681783.924,148.411,98675,98747,0,150.244
1780681783.977,148.464,98675,98747,0,246.209
1780681784.036,148.523,98675,98747,0,218.599
1780681784.097,148.584,98675,98747,0,214.032
1780681784.152,148.639,98675,98747,0,163.333
1780681784.205,148.692,98675,98747,0,151.581
1780681784.257,148.744,98675,98747,0,152.929
1780681784.311,148.798,98675,98747,0,223.821
1780681784.375,148.862,98675,98747,0,247.624
1780681784.448,148.935,98675,98747,2,206.959
1780681784.507,148.994,98675,98747,3,186.158
1780681784.561,149.047,98675,98747,3,149.318
1780681784.615,149.101,98675,98747,3,148.215
1780681784.670,149.157,98675,98747,3,253.670
1780681784.724,149.210,98675,98747,3,241.480
1780681784.777,149.264,98675,98747,3,223.648
1780681784.831,149.318,98675,98747,3,223.107
1780681784.901,149.387,98675,98747,3,143.917
1780681784.953,149.440,98675,98747,3,152.561
1780681785.008,149.494,98675,98747,3,219.271
1780681785.062,149.549,98675,98747,3,237.366
1780681785.118,149.604,98675,98747,3,199.635
1780681785.173,149.660,98675,98747,3,271.581
1780681785.226,149.713,98675,98747,3,186.850
1780681785.280,149.767,98675,98747,3,166.602
1780681785.340,149.827,98675,98747,3,150.563
1780681785.392,149.879,98675,98747,3,153.027
1780681785.445,149.932,98675,98747,3,189.779
1780681785.500,149.987,98675,98747,3,201.070
1780681785.553,150.039,98675,98747,3,208.223
1780681785.605,150.092,98675,98747,2,246.679
1780681785.658,150.145,98675,98747,2,190.077
1780681785.710,150.197,98675,98747,2,152.488
1780681785.764,150.251,98675,98747,2,185.871
1780681785.817,150.304,98675,98747,2,169.568
1780681785.871,150.358,98675,98747,2,148.289
1780681785.924,150.411,98675,98747,1,263.671
1780681785.981,150.468,98675,98747,0,230.055
1780681786.034,150.521,98675,98747,0,261.763
1780681786.093,150.580,98675,98747,0,187.473
1780681786.146,150.633,98675,98747,0,151.091
1780681786.198,150.685,98675,98747,0,152.855
1780681786.251,150.737,98675,98747,0,152.967
1780681786.303,150.790,98675,98747,0,114.065
1780681786.356,150.843,98675,98747,0,245.247
1780681786.409,150.896,98675,98747,0,225.804
1780681786.462,150.949,98675,98747,0,265.990
1780681786.519,151.005,98675,98747,0,264.442
1780681786.571,151.058,98675,98747,0,152.025
1780681786.624,151.111,98675,98747,0,170.627
1780681786.677,151.164,98675,98747,0,169.936
1780681786.730,151.216,98675,98747,0,170.834
1780681786.805,151.292,98675,98747,0,132.787
1780681786.859,151.345,98675,98747,0,242.866
1780681786.914,151.401,98675,98747,0,180.272
1780681786.968,151.455,98675,98747,0,221.580
1780681787.025,151.512,98675,98747,0,245.209
1780681787.078,151.565,98675,98747,0,264.737
1780681787.141,151.628,98675,98747,0,252.708
1780681787.196,151.683,98675,98747,0,239.431
1780681787.249,151.736,98675,98747,0,262.472
1780681787.304,151.790,98675,98747,0,256.823
1780681787.356,151.843,98675,98747,0,246.958
1780681787.409,151.896,98675,98747,0,227.795
1780681787.464,151.951,98675,98747,0,198.247
1780681787.518,152.005,98675,98747,0,203.939
1780681787.572,152.059,98675,98747,0,130.471
1780681787.627,152.114,98675,98747,0,254.401
1780681787.681,152.167,98675,98747,0,261.792
1780681787.748,152.234,98675,98747,0,223.227
1780681787.803,152.290,98675,98747,0,235.430
1780681787.856,152.343,98675,98747,0,243.086
1780681787.909,152.396,98675,98747,0,266.423
1780681787.962,152.449,98675,98747,0,243.389
1780681788.048,152.534,98675,98747,0,258.119
1780681788.104,152.591,98675,98747,0,195.636
1780681788.156,152.643,98675,98747,0,210.526
1780681788.208,152.695,98675,98747,0,248.404
1780681788.264,152.751,98675,98747,0,233.229
1780681788.317,152.803,98675,98747,0,247.672
1780681788.392,152.879,98675,98747,0,250.992
1780681788.447,152.934,98675,98747,0,254.224
1780681788.506,152.992,98675,98747,0,274.460
1780681788.568,153.054,98675,98747,0,226.456
1780681788.630,153.117,98675,98747,0,271.703
1780681788.684,153.171,98675,98747,0,239.132
1780681788.744,153.231,98675,98747,0,235.460
1780681788.797,153.284,98675,98747,0,243.961
1780681788.860,153.347,98675,98747,0,253.206
1780681788.914,153.401,98675,98747,0,243.529
1780681788.968,153.455,98675,98747,0,258.813
1780681789.025,153.512,98675,98747,0,261.239
1780681789.119,153.606,98675,98747,0,223.818
1780681789.172,153.659,98675,98747,0,169.251
1780681789.225,153.712,98675,98747,0,188.936
1780681789.285,153.772,98675,98747,0,184.517
1780681789.338,153.825,98675,98747,0,242.882
1780681789.420,153.906,98675,98747,0,209.327
1780681789.472,153.959,98675,98747,0,227.027
1780681789.528,154.015,98675,98747,0,251.062
1780681789.582,154.069,98675,98747,2,259.163
1780681789.644,154.131,98675,98747,2,242.810
1780681789.705,154.191,98675,98747,2,280.506
1780681789.763,154.249,98675,98747,2,207.048
1780681789.844,154.331,98675,98747,2,195.891
1780681789.922,154.409,98675,98747,2,217.538
1780681789.998,154.484,98675,98747,2,199.467
1780681790.053,154.540,98675,98747,2,197.703
1780681790.107,154.594,98675,98747,2,224.123
1780681790.168,154.654,98675,98747,0,230.255
1780681790.224,154.711,98675,98747,0,231.387
1780681790.280,154.767,98675,98747,0,246.698
1780681790.352,154.839,98675,98747,0,238.371
1780681790.408,154.894,98675,98747,0,232.939
1780681790.466,154.953,98675,98747,0,257.090
1780681790.531,155.018,98675,98747,0,292.979
1780681790.627,155.114,98675,98747,3,228.442
1780681790.684,155.170,98675,98747,2,248.261
1780681790.757,155.244,98675,98747,2,218.353
1780681790.817,155.304,98675,98747,2,232.848
1780681790.877,155.364,98675,98747,2,249.195
1780681790.946,155.433,98675,98747,2,216.394
1780681791.010,155.497,98675,98747,3,251.260
1780681791.069,155.556,98675,98747,3,271.692
1780681791.126,155.613,98675,98747,3,226.157
1780681791.180,155.667,98675,98747,3,167.008
1780681791.237,155.724,98675,98747,3,157.945
1780681791.293,155.780,98675,98747,3,196.963
1780681791.351,155.838,98675,98747,3,240.351
1780681791.405,155.892,98675,98747,3,242.758
1780681791.468,155.955,98675,98747,3,253.902
1780681791.531,156.018,98675,98747,3,237.884
1780681791.601,156.088,98675,98747,3,257.367
1780681791.676,156.162,98675,98747,0,228.021
1780681791.745,156.232,98675,98747,0,244.033
1780681791.828,156.315,98675,98747,1,241.723
1780681791.892,156.379,98675,98747,1,219.031
1780681791.952,156.439,98675,98747,1,198.480
1780681792.007,156.494,98675,98747,1,237.620
1780681792.065,156.552,98675,98747,2,258.150
1780681792.131,156.618,98675,98747,2,288.743
1780681792.194,156.681,98675,98747,2,238.506
1780681792.257,156.744,98675,98747,2,251.861
1780681792.324,156.810,98675,98747,2,271.791
1780681792.381,156.868,98675,98747,2,224.808
1780681792.440,156.926,98675,98747,2,257.653
1780681792.493,156.979,98675,98747,2,226.783
1780681792.547,157.033,98675,98747,2,240.793
1780681792.608,157.095,98675,98747,2,259.173
1780681792.683,157.170,98675,98747,2,254.648
1780681792.743,157.229,98675,98747,0,284.261
1780681792.812,157.299,98675,98747,0,202.344
1780681792.867,157.354,98675,98747,0,254.824
1780681792.921,157.408,98675,98747,0,239.854
1780681792.978,157.464,98675,98747,2,265.029
1780681793.052,157.539,98675,98747,2,242.662
1780681793.106,157.593,98675,98747,2,257.696
1780681793.176,157.663,98675,98747,1,272.220
1780681793.233,157.720,98675,98747,1,243.226
1780681793.289,157.776,98675,98747,1,232.564
1780681793.345,157.832,98675,98747,1,286.171
1780681793.426,157.913,98675,98747,1,197.418
1780681793.483,157.970,98675,98747,1,261.719
1780681793.567,158.054,98675,98747,1,240.311
1780681793.640,158.126,98675,98747,1,247.526
1780681793.706,158.192,98675,98747,1,227.567
1780681793.775,158.262,98675,98747,1,259.328
1780681793.839,158.326,98675,98747,1,234.581
1780681793.893,158.380,98675,98747,1,240.215
1780681793.950,158.436,98675,98747,1,247.206
1780681794.029,158.516,98675,98747,1,239.942
1780681794.090,158.577,98675,98747,3,244.527
1780681794.153,158.639,98675,98747,3,240.528
1780681794.210,158.696,98675,98747,1,280.219
1780681794.268,158.754,98675,98747,1,292.650
1780681794.321,158.807,98675,98747,1,245.441
1780681794.375,158.861,98675,98747,1,277.717
1780681794.429,158.916,98675,98747,1,220.250
1780681794.492,158.979,98675,98747,1,239.092
1780681794.545,159.032,98675,98747,1,263.981
1780681794.619,159.106,98675,98747,1,268.800
1780681794.678,159.165,98675,98747,1,254.999
1780681794.742,159.229,98675,98747,1,233.717
1780681794.797,159.284,98675,98747,1,236.106
1780681794.850,159.337,98675,98747,1,245.337
1780681794.905,159.392,98675,98747,1,256.365
1780681794.995,159.482,98675,98747,1,244.051
1780681795.060,159.547,98675,98747,0,201.168
1780681795.116,159.602,98675,98747,0,197.108
1780681795.175,159.661,98675,98747,0,186.619
1780681795.245,159.732,98675,98747,0,240.756
1780681795.332,159.819,98675,98747,0,206.503
1780681795.416,159.903,98675,98747,0,203.486
1780681795.472,159.959,98675,98747,0,266.092
1780681795.539,160.026,98675,98747,3,224.322
1780681795.595,160.081,98675,98747,3,197.911
1780681795.662,160.149,98675,98747,3,296.218
1780681795.723,160.210,98675,98747,3,262.705
1780681795.796,160.283,98675,98747,3,259.110
1780681795.890,160.377,98675,98747,3,244.932
1780681795.946,160.433,98675,98747,3,267.779
1780681796.010,160.497,98675,98747,3,220.603
1780681796.066,160.553,98675,98747,3,264.731
1780681796.120,160.607,98675,98747,3,206.380
1780681796.180,160.667,98675,98747,3,214.659
1780681796.235,160.721,98675,98747,3,220.638
1780681796.305,160.791,98675,98747,3,214.643
1780681796.388,160.875,98675,98747,1,167.107
1780681796.455,160.942,98675,98747,1,238.639
1780681796.531,161.018,98675,98747,1,249.827
1780681796.594,161.081,98675,98747,1,206.828
1780681796.650,161.137,98675,98747,2,196.790
1780681796.704,161.191,98675,98747,2,166.723
1780681796.763,161.250,98675,98747,2,187.573
1780681796.816,161.302,98675,98747,2,246.466
1780681796.870,161.357,98675,98747,2,238.241
1780681796.924,161.411,98675,98747,2,221.593
1780681796.979,161.466,98675,98747,2,238.019
1780681797.035,161.522,98675,98747,2,231.104
1780681797.108,161.595,98675,98747,2,218.890
1780681797.196,161.682,98675,98747,2,228.717
1780681797.261,161.748,98675,98747,2,260.870
1780681797.357,161.844,98675,98747,2,239.017
1780681797.422,161.909,98675,98747,2,260.354
1780681797.488,161.975,98675,98747,2,244.792
1780681797.543,162.030,98675,98747,0,235.823
1780681797.602,162.089,98675,98747,0,270.933
1780681797.670,162.157,98675,98747,0,249.850
1780681797.754,162.241,98675,98747,0,213.243
1780681797.823,162.310,98675,98747,0,232.931
1780681797.900,162.387,98675,98747,0,247.054
1780681797.978,162.465,98675,98747,1,229.737
1780681798.059,162.545,98675,98747,1,249.380
1780681798.114,162.601,98675,98747,2,180.834
1780681798.169,162.655,98675,98747,1,218.706
1780681798.223,162.709,98675,98747,1,166.754
1780681798.275,162.762,98675,98747,1,114.341
1780681798.328,162.815,98675,98747,1,132.932
1780681798.381,162.867,98675,98747,1,170.255
1780681798.433,162.920,98675,98747,3,228.719
1780681798.491,162.978,98675,98747,3,241.493
1780681798.558,163.045,98675,98747,3,239.746
1780681798.614,163.100,98675,98747,2,250.679
1780681798.686,163.172,98675,98747,2,264.542
1780681798.760,163.247,98675,98747,2,214.444
1780681798.816,163.302,98675,98747,2,162.009
1780681798.870,163.357,98675,98747,2,166.343
1780681798.924,163.411,98675,98747,2,148.112
1780681798.982,163.469,98675,98747,2,172.527
1780681799.037,163.523,98675,98747,2,145.999
1780681799.105,163.592,98675,98747,2,189.623
1780681799.161,163.648,98675,98747,2,233.660
1780681799.216,163.703,98675,98747,2,235.756
1780681799.271,163.758,98675,98747,2,234.587
1780681799.339,163.826,98675,98747,1,237.321
1780681799.417,163.904,98675,98747,1,166.257
1780681799.473,163.959,98675,98747,1,197.497
1780681799.531,164.018,98675,98747,1,189.169
1780681799.598,164.084,98675,98747,1,119.582
1780681799.651,164.138,98675,98747,1,150.642
1780681799.705,164.192,98675,98747,1,184.779
1780681799.758,164.245,98675,98747,1,169.858
1780681799.814,164.300,98675,98747,1,161.239
1780681799.868,164.355,98675,98747,1,109.513
1780681799.922,164.408,98675,98747,1,37.713
1780681799.974,164.461,98675,98747,1,75.702
1780681800.027,164.514,98675,98747,1,56.731
1780681800.080,164.567,98675,98747,1,57.132
1780681800.134,164.621,98675,98747,1,91.845
1780681800.187,164.674,98675,98747,1,171.018
1780681800.239,164.726,98675,98747,1,152.208
1780681800.294,164.781,98675,98747,1,236.112
1780681800.347,164.834,98675,98747,1,228.026
1780681800.400,164.887,98675,98747,1,150.376
1780681800.453,164.940,98675,98747,1,151.239
1780681800.506,164.993,98675,98747,1,171.110
1780681800.558,165.045,98675,98747,1,152.999
1780681800.612,165.099,98675,98747,1,166.975
1780681800.668,165.154,98675,98747,1,179.524
1780681800.722,165.209,98675,98747,1,164.943
1780681800.775,165.262,98675,98747,1,169.167
1780681800.829,165.315,98675,98747,1,187.684
1780681800.881,165.368,98675,98747,1,94.927
1780681800.934,165.421,98675,98747,1,75.309
1780681800.987,165.473,98675,98747,1,95.862
1780681801.039,165.526,98675,98747,1,152.222
1780681801.091,165.578,98675,98747,1,172.458
1780681801.144,165.631,98675,98747,1,227.303
1780681801.199,165.686,98675,98747,1,181.974
1780681801.254,165.741,98675,98747,1,163.512
1780681801.307,165.793,98675,98747,1,171.476
1780681801.360,165.847,98675,98747,1,149.470
1780681801.414,165.901,98675,98747,1,184.933
1780681801.468,165.955,98675,98747,1,167.883
1780681801.522,166.009,98675,98747,1,184.860
1780681801.574,166.061,98675,98747,1,133.793
1780681801.628,166.115,98675,98747,1,187.060
1780681801.682,166.169,98675,98747,1,128.876
1780681801.737,166.224,98675,98747,1,182.583
1780681801.791,166.277,98675,98747,1,130.392
1780681801.843,166.330,98675,98747,1,170.568
1780681801.896,166.383,98675,98747,1,227.726
1780681801.952,166.439,98675,98747,1,160.589
1780681802.006,166.493,98675,98747,1,146.840
1780681802.059,166.546,98675,98747,0,151.226
1780681802.117,166.604,98675,98747,0,156.190
1780681802.171,166.658,98675,98747,0,203.639
1780681802.225,166.712,98675,98747,0,167.528
1780681802.278,166.765,98675,98747,0,186.894
1780681802.332,166.819,98675,98747,0,147.804
1780681802.398,166.885,98675,98747,0,197.747
1780681802.462,166.949,98675,98747,0,188.179
1780681802.515,167.002,98675,98747,0,207.703
1780681802.568,167.054,98675,98747,2,189.738
1780681802.635,167.122,98675,98747,2,237.083
1780681802.716,167.203,98675,98747,2,172.174
1780681802.771,167.258,98675,98747,2,183.818
1780681802.824,167.311,98675,98747,2,168.405
1780681802.877,167.364,98675,98747,3,150.485
1780681802.930,167.416,98675,98747,3,191.417
1780681802.982,167.469,98675,98747,3,171.428
1780681803.036,167.523,98675,98747,3,128.803
1780681803.089,167.576,98675,98747,3,169.866
1780681803.143,167.630,98675,98747,3,186.385
1780681803.197,167.683,98675,98747,3,261.628
1780681803.250,167.737,98675,98747,3,148.694
1780681803.303,167.790,98675,98747,2,227.912
1780681803.356,167.843,98675,98747,0,245.835
1780681803.409,167.896,98675,98747,0,169.573
1780681803.461,167.948,98675,98747,0,171.618
1780681803.515,168.002,98675,98747,0,149.688
1780681803.568,168.055,98675,98747,0,205.751
1780681803.623,168.109,98675,98747,0,184.143
1780681803.680,168.167,98675,98747,0,157.569
1780681803.732,168.219,98675,98747,0,170.743
1780681803.790,168.277,98675,98747,0,174.116
1780681803.845,168.332,98675,98747,0,253.100
1780681803.899,168.386,98675,98747,0,223.377
1780681803.952,168.439,98675,98747,0,227.082
1780681804.005,168.492,98675,98747,0,262.785
1780681804.078,168.564,98675,98747,3,247.897
1780681804.132,168.619,98675,98747,3,183.398
1780681804.195,168.682,98675,98747,3,174.809
1780681804.250,168.736,98675,98747,3,165.293
1780681804.303,168.789,98675,98747,3,169.679
1780681804.358,168.844,98675,98747,3,163.675
1780681804.410,168.897,98675,98747,3,171.971
1780681804.463,168.950,98675,98747,3,151.524
1780681804.516,169.002,98675,98747,0,151.105
1780681804.568,169.055,98675,98747,0,171.613
1780681804.621,169.107,98675,98747,0,76.148
1780681804.673,169.160,98675,98747,0,76.628
1780681804.725,169.212,98675,98747,0,57.496
1780681804.777,169.264,98675,98747,0,172.233
1780681804.845,169.332,98675,98747,0,133.120
1780681804.898,169.385,98675,98747,0,169.784
1780681804.951,169.437,98675,98747,0,246.461
1780681805.006,169.492,98675,98747,0,181.981
1780681805.059,169.545,98675,98747,0,150.792
1780681805.112,169.599,98675,98747,0,149.182
1780681805.168,169.655,98675,98747,0,178.905
1780681805.225,169.711,98675,98747,0,195.108
1780681805.283,169.769,98675,98747,0,155.095
1780681805.339,169.826,98675,98747,0,159.281
1780681805.393,169.880,98675,98747,0,166.728
1780681805.446,169.933,98675,98747,0,169.304
1780681805.501,169.987,98675,98747,0,128.780
1780681805.554,170.041,98675,98747,3,56.023
1780681805.607,170.093,98675,98747,3,76.178
1780681805.659,170.145,98675,98747,3,57.621
1780681805.712,170.199,98675,98747,3,56.441
1780681805.765,170.252,98675,98747,3,93.255
1780681805.818,170.304,98675,98747,2,172.364
1780681805.880,170.367,98675,98747,2,144.529
1780681805.933,170.420,98675,98747,2,224.578
1780681805.990,170.477,98675,98747,2,211.681
1780681806.043,170.530,98675,98747,2,246.965
1780681806.096,170.583,98675,98747,2,225.409
1780681806.149,170.635,98675,98747,2,227.949
1780681806.201,170.688,98675,98747,2,247.977
1780681806.254,170.741,98675,98747,2,264.746
1780681806.308,170.794,98675,98747,2,260.350
1780681806.363,170.849,98675,98747,0,254.630
1780681806.421,170.908,98675,98747,0,240.650
1780681806.474,170.961,98675,98747,0,169.477
1780681806.526,171.013,98675,98747,0,171.615
1780681806.584,171.071,98675,98747,0,104.289
1780681806.637,171.124,98675,98747,0,56.543
1780681806.689,171.176,98675,98747,0,57.354
1780681806.741,171.228,98675,98747,0,57.654
1780681806.793,171.280,98675,98747,0,76.858
1780681806.846,171.332,98675,98747,0,95.722
1780681806.898,171.385,98675,98747,1,172.533
1780681806.950,171.437,98675,98747,1,153.504
1780681807.004,171.491,98675,98747,3,222.566
1780681807.056,171.543,98675,98747,3,190.648
1780681807.110,171.597,98675,98747,3,167.109
1780681807.164,171.651,98675,98747,3,165.776
1780681807.218,171.705,98675,98747,3,185.344
1780681807.271,171.758,98675,98747,3,150.645
1780681807.327,171.814,98675,98747,3,179.692
1780681807.392,171.878,98675,98747,3,154.919
1780681807.444,171.931,98675,98747,3,170.342
1780681807.497,171.983,98675,98747,3,153.219
1780681807.549,172.036,98675,98747,3,172.261
1780681807.601,172.088,98675,98747,3,57.415
1780681807.654,172.141,98675,98747,3,75.917
1780681807.706,172.193,98675,98747,3,57.618
1780681807.758,172.245,98675,98747,3,57.619
1780681807.810,172.297,98675,98747,3,153.539
1780681807.865,172.351,98675,98747,3,165.025
1780681807.918,172.404,98675,98747,3,169.721
1780681807.970,172.457,98675,98747,3,248.061
1780681808.024,172.511,98675,98747,3,203.538
1780681808.080,172.567,98675,98747,3,160.759
1780681808.132,172.619,98675,98747,3,172.027
1780681808.188,172.674,98675,98747,3,144.815
1780681808.240,172.727,98675,98747,3,172.214
1780681808.292,172.779,98675,98747,3,153.050
1780681808.346,172.833,98675,98747,3,148.352
1780681808.398,172.885,98675,98747,3,153.040
1780681808.451,172.938,98675,98747,3,152.595
1780681808.504,172.991,98675,98747,3,150.667
1780681808.556,173.043,98675,98747,3,152.997
1780681808.608,173.095,98675,98747,3,95.691
1780681808.661,173.148,98675,98747,3,57.056
1780681808.744,173.231,98675,98747,1,143.911
1780681808.797,173.283,98675,98747,1,153.569
1780681808.849,173.335,98675,98747,3,191.768
1780681808.901,173.388,98675,98747,3,229.054
1780681808.955,173.442,98675,98747,3,165.799
1780681809.055,173.541,98675,98747,3,171.149
1780681809.112,173.599,98675,98747,0,139.665
1780681809.167,173.653,98675,98747,0,183.265
1780681809.221,173.707,98675,98747,0,166.151
1780681809.273,173.760,98675,98747,0,152.057
1780681809.326,173.812,98675,98747,0,152.947
1780681809.380,173.867,98675,98747,0,164.819
1780681809.434,173.920,98675,98747,0,225.074
1780681809.492,173.979,98675,98747,0,204.453
1780681809.545,174.032,98675,98747,0,228.413
1780681809.598,174.084,98675,98747,3,189.117
1780681809.652,174.139,98675,98747,1,239.044
1780681809.706,174.193,98675,98747,1,203.451
1780681809.762,174.249,98675,98747,1,160.914
1780681809.816,174.303,98675,98747,1,185.630
1780681809.868,174.355,98675,98747,1,171.131
1780681809.921,174.408,98675,98747,1,152.845
1780681809.974,174.461,98675,98747,1,206.642
1780681810.029,174.516,98675,98747,1,164.499
1780681810.093,174.580,98675,98747,1,154.655
1780681810.147,174.634,98675,98747,1,203.945
1780681810.202,174.689,98675,98747,1,275.331
1780681810.256,174.743,98675,98747,1,202.469
1780681810.309,174.795,98675,98747,1,209.646
1780681810.368,174.855,98675,98747,1,234.771
1780681810.425,174.912,98675,98747,1,194.726
1780681810.478,174.965,98675,98747,1,187.946
1780681810.555,175.041,98675,98747,1,143.604
1780681810.607,175.094,98675,98747,1,171.831
1780681810.661,175.148,98675,98747,1,185.044
1780681810.715,175.202,98675,98747,1,166.611
1780681810.769,175.256,98675,98747,1,203.181
1780681810.821,175.308,98675,98747,1,133.809
1780681810.875,175.361,98675,98747,1,263.927
1780681810.927,175.414,98675,98747,1,170.472
1780681810.986,175.473,98675,98747,1,153.931
1780681811.046,175.533,98675,98747,1,183.241
1780681811.100,175.587,98675,98747,1,219.989
1780681811.156,175.643,98675,98747,1,179.342
1780681811.215,175.702,98675,98747,1,186.339
1780681811.268,175.755,98675,98747,1,150.698
1780681811.321,175.808,98675,98747,1,170.340
1780681811.375,175.862,98675,98747,1,184.047
1780681811.430,175.916,98675,98747,1,184.129
1780681811.501,175.988,98675,98747,1,140.690
1780681811.555,176.042,98675,98747,1,165.765
1780681811.608,176.095,98675,98747,1,151.886
1780681811.661,176.148,98675,98747,1,150.354
1780681811.716,176.203,98675,98747,1,163.966
1780681811.769,176.256,98675,98747,1,188.289
1780681811.824,176.311,98675,98747,1,199.353
1780681811.877,176.364,98675,98747,0,227.412
1780681811.934,176.421,98675,98747,0,157.157
1780681811.988,176.475,98675,98747,0,130.700
1780681812.040,176.527,98675,98747,0,153.381
1780681812.092,176.579,98675,98747,0,153.154
1780681812.144,176.631,98675,98747,0,152.968
1780681812.197,176.684,98675,98747,0,151.279
1780681812.252,176.738,98675,98747,0,147.134
1780681812.304,176.791,98675,98747,0,114.908
1780681812.356,176.843,98675,98747,0,153.103
1780681812.408,176.895,98675,98747,0,229.662
1780681812.462,176.949,98675,98747,0,204.645
1780681812.517,177.004,98675,98747,0,200.835
1780681812.571,177.058,98675,98747,0,222.396
1780681812.626,177.113,98675,98747,0,180.519
1780681812.692,177.178,98675,98747,0,137.863
1780681812.744,177.231,98675,98747,0,170.121
1780681812.797,177.284,98675,98747,0,170.327
1780681812.851,177.338,98675,98747,0,148.897
1780681812.909,177.396,98675,98747,0,173.075
1780681812.965,177.451,98675,98747,0,161.163
1780681813.019,177.506,98675,98747,0,147.781
1780681813.072,177.559,98675,98747,0,261.661
1780681813.131,177.618,98675,98747,0,221.173
1780681813.187,177.673,98675,98747,0,161.739
1780681813.240,177.727,98675,98747,1,207.417
1780681813.292,177.779,98675,98747,1,171.775
1780681813.344,177.831,98675,98747,1,152.894
1780681813.397,177.883,98675,98747,1,153.247
1780681813.449,177.935,98675,98747,1,153.913
1780681813.501,177.987,98675,98747,1,153.726
1780681813.553,178.040,98675,98747,1,152.923
1780681813.606,178.093,98675,98747,1,189.165
1780681813.658,178.145,98675,98747,1,171.381
1780681813.712,178.199,98675,98747,1,166.512
1780681813.765,178.252,98675,98747,1,171.159
1780681813.818,178.305,98675,98747,1,132.009
1780681813.872,178.359,98675,98747,1,92.975
1780681813.925,178.412,98675,98747,1,75.175
1780681813.979,178.466,98675,98747,1,74.336
1780681814.043,178.529,98675,98747,1,46.961
1780681814.095,178.582,98675,98747,1,114.672
1780681814.157,178.644,98675,98747,1,145.650
1780681814.211,178.698,98675,98747,1,166.344
1780681814.265,178.752,98675,98747,1,203.713
1780681814.322,178.809,98675,98747,1,281.501
1780681814.376,178.863,98675,98747,1,276.502
1780681814.429,178.916,98675,98747,1,261.950
1780681814.483,178.970,98675,98747,1,243.186
1780681814.536,179.023,98675,98747,1,282.688
1780681814.619,179.106,98675,98747,1,253.180
1780681814.672,179.158,98675,98747,1,227.345
1780681814.727,179.213,98675,98747,1,273.236
1780681814.780,179.267,98675,98747,1,336.667
1780681814.835,179.322,98675,98747,1,292.696
1780681814.888,179.375,98675,98747,1,223.882
1780681814.942,179.428,98675,98747,1,187.391
1780681814.995,179.482,98675,98747,1,263.623
1780681815.048,179.535,98675,98747,1,279.803
1780681815.103,179.589,98675,98747,1,258.350
1780681815.167,179.654,98675,98747,1,248.379
1780681815.223,179.710,98675,98747,1,268.947
1780681815.278,179.764,98675,98747,1,273.505
1780681815.358,179.845,98675,98747,1,185.924
1780681815.424,179.911,98675,98747,1,242.084
1780681815.477,179.964,98675,98747,1,245.331
1780681815.530,180.017,98675,98747,1,248.068
1780681815.603,180.089,98675,98747,1,246.917
1780681815.688,180.175,98675,98747,1,234.317
1780681815.750,180.237,98675,98747,1,257.563
1780681815.812,180.299,98675,98747,2,194.172
1780681815.877,180.364,98675,98747,2,215.483
1780681815.939,180.426,98675,98747,2,224.403
1780681815.994,180.481,98675,98747,2,237.983
1780681816.048,180.535,98675,98747,2,221.518
1780681816.101,180.588,98675,98747,1,188.905
1780681816.155,180.642,98675,98747,0,240.646
1780681816.210,180.697,98675,98747,0,217.977
1780681816.285,180.772,98675,98747,0,267.677
1780681816.341,180.828,98675,98747,0,282.898
1780681816.414,180.901,98675,98747,0,234.486
1780681816.478,180.964,98675,98747,0,251.376
1780681816.532,181.019,98675,98747,0,220.960
1780681816.585,181.072,98675,98747,0,226.810
1780681816.648,181.135,98675,98747,2,221.914
1780681816.706,181.193,98675,98747,2,240.197
1780681816.767,181.254,98675,98747,2,246.538
1780681816.820,181.307,98675,98747,2,189.624
1780681816.874,181.361,98675,98747,2,240.701
1780681816.928,181.414,98675,98747,2,222.455
1780681816.981,181.468,98675,98747,2,260.295
1780681817.063,181.549,98675,98747,0,197.259
1780681817.132,181.619,98675,98747,2,245.684
1780681817.198,181.684,98675,98747,2,212.782
1780681817.256,181.743,98675,98747,2,256.963
1780681817.310,181.797,98675,98747,2,241.750
1780681817.367,181.854,98675,98747,2,260.880
1780681817.440,181.927,98675,98747,2,234.154
1780681817.495,181.982,98675,98747,2,270.623
1780681817.558,182.045,98675,98747,2,254.949
1780681817.618,182.105,98675,98747,2,267.815
1780681817.676,182.163,98675,98747,2,310.458
1780681817.741,182.228,98675,98747,2,244.696
1780681817.807,182.294,98675,98747,2,303.494
1780681817.868,182.355,98675,98747,2,279.663
1780681817.938,182.425,98675,98747,2,226.655
1780681818.024,182.510,98675,98747,3,211.067
1780681818.080,182.567,98675,98747,3,249.582
1780681818.199,182.685,98675,98747,3,218.749
1780681818.281,182.768,98675,98747,3,218.840
1780681818.361,182.848,98675,98747,3,273.749
1780681818.433,182.920,98675,98747,3,207.721
1780681818.497,182.984,98675,98747,3,218.875
1780681818.564,183.051,98675,98747,2,255.466
1780681818.651,183.137,98675,98747,1,277.254
1780681818.729,183.216,98675,98747,1,242.480
1780681818.803,183.289,98675,98747,1,257.713
1780681818.868,183.355,98675,98747,1,291.530
1780681818.938,183.425,98675,98747,1,255.048
1780681819.015,183.501,98675,98747,0,223.219
1780681819.089,183.575,98675,98747,0,229.124
1780681819.161,183.648,98675,98747,0,220.134
1780681819.232,183.719,98675,98747,0,254.109
1780681819.307,183.794,98675,98747,0,200.183
1780681819.373,183.859,98675,98747,0,229.304
1780681819.436,183.923,98675,98747,2,220.738
1780681819.502,183.989,98675,98747,2,211.735
1780681819.577,184.064,98675,98747,2,200.224
1780681819.660,184.147,98675,98747,2,204.022
1780681819.762,184.249,98675,98747,2,225.650
1780681819.823,184.310,98675,98747,1,229.505
1780681819.893,184.380,98675,98747,0,230.320
1780681819.960,184.446,98675,98747,0,209.406
1780681820.015,184.502,98675,98747,0,232.927
1780681820.069,184.556,98675,98747,0,205.708
1780681820.123,184.609,98675,98747,0,260.383
1780681820.182,184.668,98675,98747,0,237.678
1780681820.238,184.725,98675,98747,0,246.611
1780681820.294,184.781,98675,98747,1,233.032
1780681820.355,184.842,98675,98747,1,262.183
1780681820.434,184.921,98675,98747,1,240.619
1780681820.510,184.996,98675,98747,0,238.202
1780681820.565,185.052,98675,98747,0,253.415
1780681820.631,185.118,98675,98747,0,272.257
1780681820.721,185.208,98675,98747,1,221.162
1780681820.777,185.264,98675,98747,1,232.618
1780681820.845,185.331,98675,98747,1,238.265
1780681820.902,185.389,98675,98747,1,192.090
1780681820.964,185.451,98675,98747,1,207.341
1780681821.030,185.517,98675,98747,1,243.299
1780681821.092,185.579,98675,98747,1,273.944
1780681821.164,185.651,98675,98747,3,250.253
1780681821.231,185.718,98675,98747,3,268.241
1780681821.299,185.786,98675,98747,3,265.454
1780681821.388,185.875,98675,98747,2,258.883
1780681821.456,185.943,98675,98747,2,265.678
1780681821.544,186.031,98675,98747,2,226.364
1780681821.609,186.096,98675,98747,2,198.742
1780681821.682,186.169,98675,98747,2,193.709
1780681821.745,186.232,98675,98747,1,237.704
1780681821.831,186.318,98675,98747,1,162.332
1780681821.906,186.393,98675,98747,3,186.991
1780681821.971,186.458,98675,98747,3,246.797
1780681822.032,186.519,98675,98747,3,244.592
1780681822.085,186.572,98675,98747,3,169.376
1780681822.142,186.629,98675,98747,2,229.094
1780681822.248,186.734,98675,98747,2,236.575
1780681822.335,186.822,98675,98747,2,206.471
1780681822.394,186.881,98675,98747,2,252.700
1780681822.476,186.963,98675,98747,1,207.521
1780681822.546,187.033,98675,98747,1,228.709
1780681822.624,187.111,98675,98747,1,244.596
1780681822.712,187.199,98675,98747,0,226.362
1780681822.806,187.292,98675,98747,0,256.977
1780681822.861,187.348,98675,98747,3,234.442
1780681822.926,187.413,98675,98747,3,260.999
1780681822.985,187.472,98675,98747,3,254.866
1780681823.068,187.555,98675,98747,3,192.396
1780681823.121,187.608,98675,98747,3,264.501
1780681823.174,187.661,98675,98747,3,226.055
1780681823.239,187.726,98675,98747,3,277.967
1780681823.323,187.810,98675,98747,3,224.849
1780681823.384,187.871,98675,98747,3,279.754
1780681823.449,187.936,98675,98747,3,214.529
1780681823.506,187.993,98675,98747,3,229.099
1780681823.570,188.056,98675,98747,3,236.792
1780681823.630,188.117,98675,98747,3,263.569
1780681823.691,188.177,98675,98747,3,198.436
1780681823.747,188.234,98675,98747,3,285.222
1780681823.816,188.303,98675,98747,3,216.333
1780681823.891,188.378,98675,98747,3,240.469
1780681823.974,188.461,98675,98747,3,216.942
1780681824.029,188.516,98675,98747,3,273.224
1780681824.083,188.570,98675,98747,3,276.179
1780681824.169,188.655,98675,98747,3,210.812
1780681824.226,188.713,98675,98747,3,242.351
1780681824.281,188.768,98675,98747,3,255.197
1780681824.368,188.855,98675,98747,3,218.273
1780681824.429,188.916,98675,98747,3,245.999
1780681824.510,188.996,98675,98747,3,186.838
1780681824.581,189.068,98675,98747,3,210.193
1780681824.635,189.122,98675,98747,3,276.145
1780681824.695,189.181,98675,98747,3,251.996
1780681824.750,189.237,98675,98747,3,217.863
1780681824.815,189.302,98675,98747,0,274.443
1780681824.877,189.364,98675,98747,0,275.351
1780681824.943,189.430,98675,98747,3,274.185
1780681825.001,189.488,98675,98747,3,239.856
1780681825.069,189.555,98675,98747,1,266.850
1780681825.137,189.624,98675,98747,1,290.308
1780681825.230,189.717,98675,98747,3,269.739
1780681825.290,189.777,98675,98747,3,284.106
1780681825.368,189.855,98675,98747,3,294.008
1780681825.443,189.930,98675,98747,3,268.405
1780681825.505,189.992,98675,98747,3,258.094
1780681825.568,190.055,98675,98747,3,251.793
1780681825.642,190.129,98675,98747,3,257.597
1780681825.707,190.194,98675,98747,3,245.843
1780681825.765,190.252,98675,98747,3,258.721
1780681825.821,190.308,98675,98747,3,233.312
1780681825.878,190.365,98675,98747,3,243.585
1780681825.934,190.421,98675,98747,3,268.480
1780681826.019,190.506,98675,98747,3,187.674
1780681826.074,190.561,98675,98747,3,236.670
1780681826.141,190.628,98675,98747,3,224.446
1780681826.208,190.695,98675,98747,1,238.918
1780681826.265,190.752,98675,98747,1,210.328
1780681826.329,190.816,98675,98747,3,249.445
1780681826.385,190.871,98675,98747,3,270.907
1780681826.448,190.935,98675,98747,3,220.947
1780681826.508,190.995,98675,98747,3,217.223
1780681826.567,191.054,98675,98747,3,237.272
1780681826.631,191.117,98675,98747,3,251.154
1780681826.708,191.194,98675,98747,3,259.990
1780681826.766,191.253,98675,98747,3,288.860
1780681826.821,191.307,98675,98747,3,313.608
1780681826.875,191.362,98675,98747,3,329.962
1780681826.935,191.422,98675,98747,0,250.013
1780681826.988,191.475,98675,98747,3,209.029
1780681827.041,191.527,98675,98747,3,245.950
1780681827.094,191.580,98675,98747,3,226.106
1780681827.153,191.640,98675,98747,3,270.023
1780681827.243,191.730,98675,98747,3,232.170
1780681827.300,191.787,98675,98747,3,230.406
1780681827.367,191.854,98675,98747,3,266.302
1780681827.429,191.916,98675,98747,3,275.663
1780681827.511,191.998,98675,98747,3,194.663
1780681827.570,192.057,98675,98747,3,288.283
1780681827.624,192.111,98675,98747,3,223.860
1780681827.677,192.164,98675,98747,3,168.750
1780681827.735,192.222,98675,98747,3,155.607
1780681827.789,192.276,98675,98747,3,260.164
1780681827.855,192.342,98675,98747,3,196.332
1780681827.916,192.403,98675,98747,3,212.122
1780681827.976,192.463,98675,98747,0,269.178
1780681828.042,192.529,98675,98747,0,211.589
1780681828.117,192.604,98675,98747,0,199.821
1780681828.189,192.676,98675,98747,0,208.571
1780681828.250,192.736,98675,98747,0,263.492
1780681828.322,192.809,98675,98747,0,277.337
1780681828.385,192.872,98675,98747,0,315.519
1780681828.459,192.946,98675,98747,2,255.961
1780681828.548,193.035,98675,98747,2,236.311
1780681828.615,193.102,98675,98747,2,224.437
1780681828.673,193.160,98675,98747,2,240.724
1780681828.737,193.224,98675,98747,2,220.145
1780681828.792,193.279,98675,98747,2,289.309
1780681828.878,193.364,98675,98747,2,234.251
1780681828.961,193.448,98675,98747,2,262.157
1780681829.047,193.534,98675,98747,2,256.519
1780681829.124,193.610,98675,98747,2,248.517
1780681829.200,193.687,98675,98747,2,195.854
1780681829.291,193.778,98675,98747,3,230.634
1780681829.380,193.867,98675,98747,3,236.388
1780681829.449,193.936,98675,98747,3,231.302
1780681829.568,194.054,98675,98747,3,236.793
1780681829.626,194.113,98675,98747,2,240.406
1780681829.708,194.195,98675,98747,2,290.859
1780681829.785,194.272,98675,98747,2,261.036
1780681829.848,194.334,98675,98747,2,287.529
1780681829.952,194.439,98675,98747,2,210.609
1780681830.043,194.529,98675,98747,2,220.715
1780681830.129,194.616,98675,98747,2,207.572
1780681830.190,194.677,98675,98747,2,247.663
1780681830.254,194.741,98675,98747,2,201.390
1780681830.309,194.796,98675,98747,2,256.754
1780681830.385,194.871,98675,98747,1,264.606
1780681830.542,195.029,98675,98747,1,253.405
1780681830.645,195.131,98675,98747,2,225.032
1780681830.748,195.234,98675,98747,1,242.872
1780681830.824,195.311,98675,98747,1,208.412
1780681830.878,195.365,98675,98747,1,259.678
1780681830.935,195.422,98675,98747,1,227.389
1780681830.993,195.480,98675,98747,1,190.629
1780681831.049,195.536,98675,98747,0,233.552
1780681831.125,195.612,98675,98747,2,197.450
1780681831.179,195.665,98675,98747,2,259.910
1780681831.243,195.730,98675,98747,2,139.856
1780681831.296,195.782,98675,98747,2,132.983
1780681831.348,195.835,98675,98747,2,226.975
1780681831.403,195.890,98675,98747,3,218.886
1780681831.456,195.943,98675,98747,3,207.820
1780681831.509,195.996,98675,98747,3,150.554
1780681831.562,196.049,98675,98747,3,151.488
1780681831.617,196.104,98675,98747,3,254.962
1780681831.672,196.158,98675,98747,3,238.271
1780681831.726,196.212,98675,98747,3,148.460
1780681831.786,196.273,98675,98747,3,148.514
1780681831.839,196.326,98675,98747,3,188.465
1780681831.901,196.388,98675,98747,3,225.695
1780681831.955,196.442,98675,98747,3,167.424
1780681832.008,196.495,98675,98747,3,131.693
1780681832.063,196.549,98675,98747,3,146.627
1780681832.118,196.604,98675,98747,3,273.640
1780681832.178,196.665,98675,98747,3,197.372
1780681832.232,196.718,98675,98747,3,168.551
1780681832.285,196.772,98675,98747,3,149.295
1780681832.339,196.826,98675,98747,3,148.480
1780681832.392,196.879,98675,98747,3,131.684
1780681832.447,196.933,98675,98747,3,202.613
1780681832.502,196.988,98675,98747,3,181.850
1780681832.562,197.049,98675,98747,3,230.127
1780681832.618,197.105,98675,98747,1,233.405
1780681832.681,197.168,98675,98747,1,268.590
1780681832.744,197.231,98675,98747,1,255.479
1780681832.835,197.322,98675,98747,2,208.790
1780681832.892,197.379,98675,98747,3,314.192
1780681832.952,197.438,98675,98747,3,219.304
1780681833.008,197.495,98675,98747,3,246.950
1780681833.065,197.552,98675,98747,3,175.829
1780681833.121,197.608,98675,98747,3,178.001
1780681833.183,197.669,98675,98747,3,147.168
1780681833.235,197.722,98675,98747,3,170.361
1780681833.290,197.776,98675,98747,3,239.496
1780681833.344,197.831,98675,98747,3,256.852
1780681833.397,197.883,98675,98747,0,247.275
1780681833.453,197.940,98675,98747,0,178.425
1780681833.505,197.992,98675,98747,0,152.581
1780681833.558,198.044,98675,98747,0,152.870
1780681833.611,198.097,98675,98747,0,131.852
1780681833.664,198.150,98675,98747,0,244.786
1780681833.719,198.206,98675,98747,0,215.789
1780681833.774,198.261,98675,98747,0,217.700
1780681833.828,198.315,98675,98747,2,224.884
1780681833.887,198.374,98675,98747,2,237.604
1780681833.947,198.434,98675,98747,2,199.019
1780681834.000,198.486,98675,98747,2,133.011
1780681834.052,198.539,98675,98747,2,133.694
1780681834.105,198.592,98675,98747,2,227.355
1780681834.158,198.645,98675,98747,2,224.534
1780681834.211,198.697,98675,98747,2,228.904
1780681834.264,198.751,98675,98747,2,245.004
1780681834.317,198.804,98675,98747,2,205.330
1780681834.372,198.859,98675,98747,2,145.761
1780681834.426,198.913,98675,98747,2,166.911
1780681834.526,199.013,98675,98747,2,130.217
1780681834.589,199.076,98675,98747,2,189.525
1780681834.644,199.131,98675,98747,2,217.414
1780681834.697,199.184,98675,98747,2,171.424
1780681834.750,199.236,98675,98747,2,247.353
1780681834.805,199.292,98675,98747,2,197.286
1780681834.858,199.345,98675,98747,2,133.189
1780681834.912,199.399,98675,98747,2,148.050
1780681834.966,199.453,98675,98747,2,166.610
1780681835.031,199.518,98675,98747,2,167.693
1780681835.093,199.580,98675,98747,2,194.610
1780681835.147,199.634,98675,98747,2,204.494
1780681835.200,199.686,98675,98747,2,228.143
1780681835.255,199.742,98675,98747,2,232.472
1780681835.308,199.795,98675,98747,2,151.837
1780681835.362,199.849,98675,98747,2,129.254
1780681835.417,199.904,98675,98747,2,182.457
1780681835.474,199.961,98675,98747,2,158.069
1780681835.527,200.014,98675,98747,2,245.930
1780681835.583,200.070,98675,98747,2,212.217
1780681835.636,200.123,98675,98747,2,245.573
1780681835.690,200.177,98675,98747,2,277.884
1780681835.755,200.242,98675,98747,2,231.682
1780681835.808,200.295,98675,98747,2,246.711
1780681835.863,200.350,98675,98747,2,216.746
1780681835.917,200.404,98675,98747,2,314.857
1780681835.972,200.458,98675,98747,2,256.829
1780681836.030,200.517,98675,98747,2,290.265
1780681836.083,200.569,98675,98747,3,228.862
1780681836.136,200.623,98675,98747,0,260.511
1780681836.193,200.680,98675,98747,0,193.622
1780681836.248,200.735,98675,98747,0,217.431
1780681836.303,200.790,98675,98747,0,293.130
1780681836.360,200.847,98675,98747,0,279.482
1780681836.415,200.902,98675,98747,0,218.438
1780681836.469,200.956,98675,98747,0,335.421
1780681836.523,201.009,98675,98747,0,278.919
1780681836.589,201.076,98675,98747,0,269.203
1780681836.663,201.149,98675,98747,0,246.146
1780681836.716,201.203,98675,98747,0,186.409
1780681836.772,201.259,98675,98747,0,161.150
1780681836.831,201.318,98675,98747,0,119.082
1780681836.891,201.378,98675,98747,0,149.449
1780681836.944,201.431,98675,98747,0,113.708
1780681836.997,201.484,98675,98747,0,37.518
1780681837.050,201.536,98675,98747,0,38.119
1780681837.103,201.590,98675,98747,0,37.416
1780681837.156,201.643,98675,98747,0,18.868
1780681837.208,201.695,98675,98747,0,19.137
1780681837.260,201.747,98675,98747,0,0.000
1780681837.312,201.799,98675,98747,0,0.000
1780681837.364,201.851,98675,98747,0,0.000
1780681837.417,201.903,98675,98747,0,19.202
1780681837.468,201.955,98675,98747,0,0.000
1780681837.520,202.007,98675,98747,0,0.000
1780681837.572,202.059,98675,98747,0,19.263
1780681837.624,202.111,98675,98747,0,0.000
1780681837.676,202.163,98675,98747,0,0.000
1780681837.728,202.215,98675,98747,0,0.000
1780681837.780,202.267,98675,98747,0,0.000
1780681837.832,202.319,98675,98747,0,19.220
1780681837.884,202.371,98675,98747,0,0.000
1780681837.936,202.423,98675,98747,0,0.000
1780681837.988,202.475,98675,98747,0,19.239
1780681838.040,202.527,98675,98747,0,0.000
1780681838.092,202.579,98675,98747,0,19.287
1780681838.144,202.631,98675,98747,0,0.000
1780681838.196,202.683,98675,98747,0,0.000
1780681838.248,202.735,98675,98747,0,0.000
1780681838.300,202.787,98675,98747,0,0.000
1780681838.352,202.839,98675,98747,0,0.000
1780681838.404,202.891,98675,98747,0,38.482
1780681838.456,202.943,98675,98747,0,0.000
1780681838.508,202.995,98675,98747,0,0.000
1780681838.560,203.047,98675,98747,0,0.000
1780681838.612,203.099,98675,98747,0,19.276
1780681838.664,203.151,98675,98747,0,0.000
1780681838.716,203.203,98675,98747,0,0.000
1780681838.768,203.255,98675,98747,0,0.000
1780681838.820,203.307,98675,98747,0,0.000
1780681838.872,203.359,98675,98747,0,0.000
1780681838.924,203.411,98675,98747,0,19.257
1780681838.976,203.463,98675,98747,0,0.000
1780681839.028,203.514,98675,98747,0,0.000
1780681839.080,203.567,98675,98747,0,0.000
1780681839.132,203.618,98675,98747,0,19.268
1780681839.184,203.671,98675,98747,0,0.000
1780681839.236,203.722,98675,98747,0,0.000
1780681839.288,203.774,98675,98747,0,0.000
1780681839.340,203.826,98675,98747,0,19.258
1780681839.392,203.878,98675,98747,0,0.000
1780681839.443,203.930,98675,98747,0,0.000
1780681839.496,203.982,98675,98747,0,0.000
1780681839.547,204.034,98675,98747,0,19.300
1780681839.599,204.086,98675,98747,0,0.000
1780681839.651,204.138,98675,98747,0,0.000
1780681839.703,204.190,98675,98747,0,19.201
1780681839.755,204.242,98675,98747,0,0.000
1780681839.807,204.294,98675,98747,0,0.000
1780681839.859,204.346,98675,98747,0,0.000
1780681839.911,204.398,98675,98747,0,19.201
1780681839.963,204.450,98675,98747,0,0.000
1780681840.015,204.502,98675,98747,0,0.000
1780681840.068,204.554,98675,98747,0,19.149
1780681840.120,204.607,98675,98747,0,0.000
1780681840.172,204.658,98675,98747,0,0.000
1780681840.224,204.710,98675,98747,0,0.000
1780681840.277,204.763,98675,98747,0,18.873
1780681840.329,204.815,98675,98747,0,0.000
1780681840.380,204.867,98675,98747,0,0.000
1780681840.432,204.919,98675,98747,0,0.000
1780681840.484,204.971,98675,98747,0,19.277
1780681840.537,205.024,98675,98747,0,0.000
1780681840.589,205.075,98675,98747,0,0.000
1780681840.641,205.128,98675,98747,0,19.030
1780681840.695,205.181,98675,98747,0,18.722
1780681840.751,205.238,98675,98747,0,0.000
1780681840.804,205.290,98675,98747,0,0.000
1780681840.856,205.342,98675,98747,0,19.224
1780681840.908,205.395,98675,98747,0,0.000
1780681840.960,205.447,98675,98747,0,0.000
1780681841.012,205.499,98675,98747,0,0.000
1780681841.065,205.551,98675,98747,0,18.980
1780681841.117,205.604,98675,98747,0,0.000
1780681841.170,205.656,98675,98747,0,0.000
1780681841.222,205.708,98675,98747,0,19.220
1780681841.274,205.760,98675,98747,0,0.000
1780681841.326,205.812,98675,98747,0,0.000
1780681841.378,205.865,98675,98747,0,18.983
1780681841.430,205.917,98675,98747,0,0.000
1780681841.483,205.970,98675,98747,0,19.089
1780681841.535,206.022,98675,98747,0,0.000
1780681841.588,206.075,98675,98747,0,19.044
1780681841.640,206.127,98675,98747,0,0.000
1780681841.692,206.179,98675,98747,0,0.000
1780681841.744,206.231,98675,98747,0,0.000
1780681841.796,206.283,98675,98747,0,19.233
1780681841.848,206.335,98675,98747,0,0.000
1780681841.900,206.387,98675,98747,0,0.000
1780681841.952,206.439,98675,98747,0,19.240
1780681842.004,206.491,98675,98747,0,0.000
1780681842.056,206.543,98675,98747,0,19.303
1780681842.108,206.595,98675,98747,0,0.000
1780681842.160,206.647,98675,98747,0,0.000
1780681842.212,206.699,98675,98747,0,0.000
1780681842.264,206.750,98675,98747,0,0.000
1780681842.316,206.802,98675,98747,0,0.000
1780681842.367,206.854,98675,98747,0,19.299
1780681842.419,206.906,98675,98747,0,19.231
1780681842.471,206.958,98675,98747,0,38.618
1780681842.523,207.010,98675,98747,0,96.580
1780681842.575,207.062,98675,98747,0,96.287
1780681842.627,207.114,98675,98747,0,96.332
1780681842.678,207.165,98675,98747,0,96.734
1780681842.730,207.217,98675,98747,0,96.348
1780681842.782,207.269,98675,98747,0,96.642
1780681842.834,207.321,98675,98747,0,114.631
1780681842.887,207.374,98675,98747,0,76.304
1780681842.939,207.426,98675,98747,0,96.264
1780681842.991,207.477,98675,98747,0,96.357
1780681843.043,207.530,98675,98747,0,113.714
1780681843.096,207.582,98675,98747,0,95.876
1780681843.148,207.635,98675,98747,0,95.666
1780681843.201,207.688,98675,98747,0,93.869
1780681843.253,207.740,98675,98747,0,95.926
1780681843.307,207.794,98675,98747,0,92.922
1780681843.359,207.846,98675,98747,0,95.655
1780681843.412,207.898,98675,98747,0,95.518
1780681843.464,207.951,98675,98747,0,95.768
1780681843.516,208.003,98675,98747,0,191.355
1780681843.569,208.056,98675,98747,0,376.929
1780681843.628,208.114,98675,98747,0,120.037
1780681843.680,208.166,98675,98747,0,95.970
1780681843.732,208.219,98675,98747,0,95.190
1780681843.784,208.271,98675,98747,0,229.938
1780681843.844,208.331,98675,98747,0,333.957
1780681843.904,208.390,98675,98747,0,168.558
1780681843.956,208.443,98675,98747,0,114.679
1780681844.008,208.495,98675,98747,0,95.929
1780681844.060,208.547,98675,98747,0,95.491
1780681844.113,208.600,98675,98747,0,95.214
1780681844.165,208.652,98675,98747,0,95.345
1780681844.218,208.705,98675,98747,0,95.002
1780681844.271,208.758,98675,98747,0,113.466
1780681844.324,208.810,98675,98747,0,94.831
1780681844.376,208.863,98675,98747,0,94.813
1780681844.429,208.916,98675,98747,0,94.971
1780681844.482,208.968,98675,98747,0,114.014
1780681844.534,209.021,98675,98747,0,94.531
1780681844.587,209.074,98675,98747,0,95.056
1780681844.640,209.127,98675,98747,0,94.163
1780681844.693,209.179,98675,98747,0,114.150
1780681844.745,209.232,98675,98747,0,94.829
1780681844.813,209.299,98675,98747,0,89.415
1780681844.865,209.352,98675,98747,0,95.017
1780681844.918,209.405,98675,98747,0,94.480
1780681844.971,209.458,98675,98747,0,94.939
1780681845.024,209.510,98675,98747,0,94.454
1780681845.076,209.563,98675,98747,0,113.947
1780681845.129,209.616,98675,98747,0,94.695
1780681845.182,209.669,98675,98747,0,94.417
1780681845.235,209.721,98675,98747,0,95.181
1780681845.288,209.774,98675,98747,0,113.286
1780681845.340,209.827,98675,98747,0,95.276
1780681845.393,209.880,98675,98747,0,94.522
1780681845.445,209.932,98675,98747,0,95.227
1780681845.498,209.985,98675,98747,0,113.488
1780681845.551,210.038,98675,98747,0,95.242
1780681845.604,210.091,98675,98747,0,94.513
1780681845.656,210.143,98675,98747,0,114.274
1780681845.709,210.196,98675,98747,0,94.331
1780681845.764,210.251,98675,98747,0,109.059
1780681845.825,210.312,98675,98747,0,279.351
1780681845.880,210.367,98675,98747,0,311.278
1780681845.938,210.425,98675,98747,0,238.568
1780681845.991,210.478,98675,98747,0,362.296
1780681846.054,210.541,98675,98747,0,346.482
1780681846.107,210.594,98675,98747,0,114.289
1780681846.159,210.646,98675,98747,0,95.308
1780681846.212,210.699,98675,98747,0,95.369
1780681846.266,210.753,98675,98747,0,109.862
1780681846.319,210.806,98675,98747,0,94.818
1780681846.372,210.859,98675,98747,0,94.912
1780681846.425,210.911,98675,98747,0,113.537
1780681846.477,210.964,98675,98747,0,94.958
1780681846.530,211.017,98675,98747,0,94.162
1780681846.583,211.070,98675,98747,0,94.835
1780681846.636,211.123,98675,98747,0,113.229
1780681846.689,211.176,98675,98747,0,94.833
1780681846.742,211.229,98675,98747,0,94.465
1780681846.795,211.281,98675,98747,0,94.436
1780681846.847,211.334,98675,98747,0,95.022
1780681846.900,211.387,98675,98747,0,113.066
1780681846.957,211.444,98675,98747,0,106.372
1780681847.012,211.499,98675,98747,0,89.851
1780681847.065,211.552,98675,98747,0,94.729
1780681847.118,211.605,98675,98747,0,95.196
1780681847.170,211.657,98675,98747,0,113.955
1780681847.223,211.710,98675,98747,0,94.989
1780681847.276,211.762,98675,98747,0,95.115
1780681847.328,211.815,98675,98747,0,114.227
1780681847.381,211.867,98675,98747,0,95.185
1780681847.433,211.920,98675,98747,0,94.901
1780681847.486,211.973,98675,98747,0,95.338
1780681847.538,212.025,98675,98747,0,95.175
1780681847.591,212.078,98675,98747,0,95.391
1780681847.643,212.130,98675,98747,0,113.810
1780681847.696,212.183,98675,98747,0,95.261
1780681847.749,212.235,98675,98747,0,95.113
1780681847.801,212.288,98675,98747,0,114.546
1780681847.854,212.340,98675,98747,0,94.772
1780681847.906,212.393,98675,98747,0,132.486
1780681847.961,212.448,98675,98747,0,274.088
1780681848.015,212.501,98675,98747,0,318.842
1780681848.074,212.561,98675,98747,0,236.192
1780681848.128,212.615,98675,98747,0,367.173
1780681848.187,212.674,98675,98747,0,373.696
1780681848.244,212.730,98675,98747,0,106.276
1780681848.296,212.783,98675,98747,0,114.345
1780681848.348,212.835,98675,98747,0,95.634
1780681848.403,212.890,98675,98747,0,91.773
1780681848.456,212.942,98675,98747,0,113.904
1780681848.508,212.995,98675,98747,0,95.333
1780681848.561,213.047,98675,98747,0,94.904
1780681848.613,213.100,98675,98747,0,95.088
1780681848.666,213.153,98675,98747,0,113.622
1780681848.719,213.206,98675,98747,0,94.677
1780681848.772,213.258,98675,98747,0,94.771
1780681848.824,213.311,98675,98747,0,113.839
1780681848.877,213.364,98675,98747,0,95.295
1780681848.930,213.416,98675,98747,0,94.677
1780681848.982,213.469,98675,98747,0,95.194
1780681849.035,213.522,98675,98747,0,94.680
1780681849.087,213.574,98675,98747,0,95.379
1780681849.140,213.627,98675,98747,0,113.626
1780681849.193,213.680,98675,98747,0,95.029
1780681849.245,213.732,98675,98747,0,95.173
1780681849.298,213.784,98675,98747,0,114.611
1780681849.350,213.837,98675,98747,0,94.730
1780681849.403,213.890,98675,98747,0,95.054
1780681849.456,213.943,98675,98747,0,94.788
1780681849.508,213.995,98675,98747,0,114.295
1780681849.561,214.048,98675,98747,0,95.336
1780681849.613,214.100,98675,98747,0,95.353
1780681849.666,214.153,98675,98747,0,95.075
1780681849.718,214.205,98675,98747,0,95.021
1780681849.771,214.258,98675,98747,0,114.184
1780681849.823,214.310,98675,98747,0,95.346
1780681849.876,214.363,98675,98747,0,94.754
1780681849.929,214.416,98675,98747,0,113.688
1780681849.981,214.468,98675,98747,0,95.190
1780681850.034,214.521,98675,98747,0,132.183
1780681850.087,214.574,98675,98747,0,283.870
1780681850.145,214.632,98675,98747,0,378.329
1780681850.204,214.691,98675,98747,0,170.774
1780681850.259,214.745,98675,98747,0,366.045
1780681850.320,214.807,98675,98747,0,340.288
1780681850.373,214.860,98675,98747,0,94.794
1780681850.426,214.912,98675,98747,0,95.153
1780681850.478,214.965,98675,98747,0,95.596
1780681850.531,215.018,98675,98747,0,113.130
1780681850.584,215.070,98675,98747,0,75.792
1780681850.637,215.124,98675,98747,0,112.972
1780681850.690,215.176,98675,98747,0,94.660
1780681850.743,215.229,98675,98747,0,94.264
1780681850.795,215.282,98675,98747,0,113.832
1780681850.848,215.335,98675,98747,0,94.796
1780681850.901,215.388,98675,98747,0,94.872
1780681850.954,215.440,98675,98747,0,113.899
1780681851.006,215.493,98675,98747,0,95.004
1780681851.059,215.546,98675,98747,0,94.840
1780681851.111,215.598,98675,98747,0,95.109
1780681851.164,215.651,98675,98747,0,113.982
1780681851.217,215.704,98675,98747,0,94.919
1780681851.269,215.756,98675,98747,0,95.593
1780681851.322,215.808,98675,98747,0,95.083
1780681851.374,215.861,98675,98747,0,94.839
1780681851.427,215.914,98675,98747,0,114.437
1780681851.480,215.966,98675,98747,0,94.811
1780681851.532,216.019,98675,98747,0,95.135
1780681851.585,216.071,98675,98747,0,114.012
1780681851.637,216.124,98675,98747,0,95.457
1780681851.690,216.177,98675,98747,0,94.916
1780681851.742,216.229,98675,98747,0,95.225
1780681851.795,216.282,98675,98747,0,95.116
1780681851.847,216.334,98675,98747,0,114.098
1780681851.900,216.387,98675,98747,0,94.993
1780681851.953,216.439,98675,98747,0,95.111
1780681852.005,216.492,98675,98747,0,114.177
1780681852.058,216.545,98675,98747,0,95.063
1780681852.110,216.597,98675,98747,0,94.921
1780681852.163,216.650,98675,98747,0,189.774
1780681852.221,216.708,98675,98747,0,292.481
1780681852.279,216.766,98675,98747,0,399.033
1780681852.334,216.821,98675,98747,0,162.451
1780681852.392,216.879,98675,98747,0,344.662
1780681852.454,216.941,98675,98747,0,289.730
1780681852.507,216.993,98675,98747,0,95.978
1780681852.559,217.045,98675,98747,0,95.874
1780681852.611,217.098,98675,98747,0,95.865
1780681852.663,217.150,98675,98747,0,95.213
1780681852.716,217.203,98675,98747,0,94.958
1780681852.768,217.255,98675,98747,0,114.493
1780681852.821,217.308,98675,98747,0,94.721
1780681852.874,217.361,98675,98747,0,95.109
1780681852.927,217.413,98675,98747,0,94.571
1780681852.979,217.466,98675,98747,0,94.766
1780681853.032,217.519,98675,98747,0,113.198
1780681853.085,217.572,98675,98747,0,94.319
1780681853.140,217.627,98675,98747,0,91.931
1780681853.193,217.679,98675,98747,0,113.649
1780681853.249,217.736,98675,98747,0,88.505
1780681853.302,217.789,98675,98747,0,94.512
1780681853.355,217.842,98675,98747,0,113.214
1780681853.408,217.895,98675,98747,0,94.384
1780681853.461,217.948,98675,98747,0,94.653
1780681853.514,218.000,98675,98747,0,113.517
1780681853.567,218.053,98675,98747,0,94.609
1780681853.620,218.106,98675,98747,0,94.364
1780681853.672,218.159,98675,98747,0,113.405
1780681853.725,218.212,98675,98747,0,94.532
1780681853.778,218.265,98675,98747,0,94.312
1780681853.831,218.318,98675,98747,0,94.584
1780681853.884,218.371,98675,98747,0,113.680
1780681853.937,218.424,98675,98747,0,94.692
1780681853.992,218.479,98675,98747,0,90.305
1780681854.045,218.531,98675,98747,0,114.576
1780681854.097,218.584,98675,98747,0,95.182
1780681854.150,218.637,98675,98747,0,94.685
1780681854.202,218.689,98675,98747,0,95.165
1780681854.255,218.742,98675,98747,0,94.543
1780681854.312,218.799,98675,98747,0,281.310
1780681854.366,218.852,98675,98747,0,130.936
1780681854.419,218.905,98675,98747,0,113.407
1780681854.472,218.959,98675,98747,0,92.904
1780681854.526,219.013,98675,98747,0,92.924
1780681854.578,219.065,98675,98747,0,114.670
1780681854.631,219.118,98675,98747,0,95.424
1780681854.684,219.170,98675,98747,0,94.948
1780681854.736,219.223,98675,98747,0,114.265
1780681854.789,219.276,98675,98747,0,94.528
1780681854.841,219.328,98675,98747,0,95.404
1780681854.894,219.380,98675,98747,0,95.613
1780681854.946,219.433,98675,98747,0,95.131
1780681854.999,219.485,98675,98747,0,95.420
1780681855.056,219.543,98675,98747,0,243.282
1780681855.109,219.596,98675,98747,0,319.073
1780681855.162,219.649,98675,98747,0,95.134
1780681855.214,219.701,98675,98747,0,95.983
1780681855.266,219.753,98675,98747,0,95.495
1780681855.319,219.806,98675,98747,0,363.243
1780681855.378,219.865,98675,98747,0,368.877
1780681855.431,219.918,98675,98747,0,94.384
1780681855.484,219.970,98675,98747,0,95.689
1780681855.536,220.023,98675,98747,0,114.883
1780681855.589,220.076,98675,98747,0,94.294
1780681855.641,220.128,98675,98747,0,95.349
1780681855.694,220.181,98675,98747,0,95.045
1780681855.747,220.233,98675,98747,0,113.829
1780681855.799,220.286,98675,98747,0,94.882
1780681855.852,220.339,98675,98747,0,94.973
1780681855.905,220.392,98675,98747,0,113.574
1780681855.957,220.444,98675,98747,0,94.980
1780681856.010,220.497,98675,98747,0,94.914
1780681856.063,220.549,98675,98747,0,95.209
1780681856.115,220.602,98675,98747,0,94.677
1780681856.168,220.655,98675,98747,0,114.129
1780681856.221,220.707,98675,98747,0,95.001
1780681856.273,220.760,98675,98747,0,95.075
1780681856.326,220.813,98675,98747,0,95.120
1780681856.378,220.865,98675,98747,0,114.186
1780681856.431,220.918,98675,98747,0,94.950
1780681856.484,220.970,98675,98747,0,95.218
1780681856.536,221.023,98675,98747,0,113.844
1780681856.589,221.076,98675,98747,0,95.104
1780681856.641,221.128,98675,98747,0,94.989
1780681856.694,221.181,98675,98747,0,95.131
1780681856.747,221.233,98675,98747,0,95.057
1780681856.799,221.286,98675,98747,0,114.488
1780681856.852,221.339,98675,98747,0,94.776
1780681856.904,221.391,98675,98747,0,95.321
1780681856.957,221.444,98675,98747,0,113.910
1780681857.009,221.496,98675,98747,0,95.312
1780681857.062,221.549,98675,98747,0,95.016
1780681857.115,221.601,98675,98747,0,95.010
1780681857.167,221.654,98675,98747,0,94.821
1780681857.220,221.707,98675,98747,0,152.213
1780681857.278,221.765,98675,98747,0,307.761
1780681857.334,221.821,98675,98747,0,374.690
1780681857.392,221.879,98675,98747,0,189.557
1780681857.452,221.939,98675,98747,0,353.658
1780681857.510,221.997,98675,98747,0,307.341
1780681857.563,222.049,98675,98747,0,95.670
1780681857.615,222.102,98675,98747,0,95.366
1780681857.667,222.154,98675,98747,0,95.766
1780681857.720,222.207,98675,98747,0,113.882
1780681857.773,222.259,98675,98747,0,95.073
1780681857.825,222.312,98675,98747,0,94.991
1780681857.878,222.365,98675,98747,0,95.024
1780681857.931,222.417,98675,98747,0,94.679
1780681857.983,222.470,98675,98747,0,113.685
1780681858.036,222.523,98675,98747,0,94.798
1780681858.089,222.575,98675,98747,0,95.222
1780681858.141,222.628,98675,98747,0,113.564
1780681858.194,222.681,98675,98747,0,95.154
1780681858.247,222.734,98675,98747,0,94.766
1780681858.299,222.786,98675,98747,0,95.128
1780681858.352,222.839,98675,98747,0,113.488
1780681858.405,222.892,98675,98747,0,94.808
1780681858.458,222.944,98675,98747,0,95.051
1780681858.510,222.997,98675,98747,0,95.349
1780681858.563,223.050,98675,98747,0,113.657
1780681858.615,223.102,98675,98747,0,95.347
1780681858.668,223.155,98675,98747,0,94.726
1780681858.720,223.207,98675,98747,0,114.805
1780681858.773,223.260,98675,98747,0,94.788
1780681858.826,223.312,98675,98747,0,95.023
1780681858.878,223.365,98675,98747,0,94.879
1780681858.931,223.418,98675,98747,0,95.049
1780681858.984,223.470,98675,98747,0,113.981
1780681859.036,223.523,98675,98747,0,95.466
1780681859.089,223.576,98675,98747,0,94.744
1780681859.141,223.628,98675,98747,0,114.554
1780681859.194,223.681,98675,98747,0,94.730
1780681859.247,223.733,98675,98747,0,94.942
1780681859.299,223.786,98675,98747,0,151.400
1780681859.353,223.840,98675,98747,0,241.977
1780681859.410,223.897,98675,98747,0,105.293
1780681859.468,223.955,98675,98747,0,103.436
1780681859.520,224.007,98675,98747,0,95.984
1780681859.573,224.060,98675,98747,0,94.916
1780681859.625,224.112,98675,98747,0,114.628
1780681859.678,224.165,98675,98747,0,94.619
1780681859.730,224.217,98675,98747,0,96.187
1780681859.782,224.269,98675,98747,0,95.383
1780681859.835,224.322,98675,98747,0,94.378
1780681859.887,224.374,98675,98747,0,0.000
1780681859.939,224.425,98675,98747,0,0.000
1780681859.990,224.477,98675,98747,0,0.000
1780681860.041,224.528,98675,98747,0,0.000
1780681860.093,224.579,98675,98747,0,0.000
1780681860.144,224.631,98675,98747,0,0.000
1780681860.195,224.682,98675,98747,0,0.000
1780681860.247,224.734,98675,98747,0,0.000
1780681860.298,224.785,98675,98747,0,0.000
1780681860.350,224.836,98675,98747,0,0.000
1780681860.401,224.888,98675,98747,0,0.000
1780681860.452,224.939,98675,98747,0,0.000
1780681860.503,224.990,98675,98747,0,0.000
1780681860.555,225.042,98675,98747,0,0.000
1780681860.606,225.093,98675,98747,0,0.000
1780681860.657,225.144,98675,98747,0,0.000
1780681860.709,225.195,98675,98747,0,0.000
1780681860.760,225.247,98675,98747,0,0.000
1780681860.811,225.298,98675,98747,0,0.000
1780681860.863,225.349,98675,98747,0,77.762
1780681860.916,225.403,98675,98747,0,94.109
1780681860.969,225.455,98675,98747,0,113.844
1780681861.021,225.508,98675,98747,0,94.947
1780681861.074,225.561,98675,98747,0,94.987
1780681861.127,225.613,98675,98747,0,94.795
1780681861.179,225.666,98675,98747,0,113.898
1780681861.232,225.719,98675,98747,3,56.944
1780681861.282,225.769,98675,98747,3,0.000
1780681861.333,225.820,98675,98747,3,0.000
1780681861.383,225.870,98675,98747,3,0.000
1780681861.433,225.920,98675,98747,3,0.000
1780681861.484,225.971,98675,98747,3,0.000
1780681861.534,226.021,98675,98747,3,0.000
1780681861.585,226.071,98675,98747,3,0.000
1780681861.636,226.123,98675,98747,3,0.000
1780681861.687,226.173,98675,98747,3,0.000
1780681861.737,226.224,98675,98747,3,0.000
1780681861.787,226.274,98675,98747,3,0.000
1780681861.838,226.325,98675,98747,3,0.000
1780681861.888,226.375,98675,98747,3,0.000
1780681861.939,226.425,98675,98747,3,0.000
1780681861.989,226.476,98675,98747,3,0.000
1780681862.039,226.526,98675,98747,3,0.000
1780681862.090,226.576,98675,98747,3,0.000
1780681862.140,226.627,98675,98747,3,0.000
1780681862.190,226.677,98675,98747,3,0.000
1780681862.240,226.727,98675,98747,3,0.000
1780681862.291,226.777,98675,98747,3,0.000
1780681862.341,226.828,98675,98747,3,0.000
1780681862.391,226.878,98675,98747,3,0.000
1780681862.442,226.928,98675,98747,3,0.000
1780681862.492,226.979,98675,98747,3,0.000
1780681862.542,227.029,98675,98747,3,0.000
1780681862.592,227.079,98675,98747,3,0.000
1780681862.643,227.130,98675,98747,3,0.000
1780681862.693,227.180,98675,98747,3,0.000
1780681862.743,227.230,98675,98747,3,0.000
1780681862.794,227.280,98675,98747,3,0.000
1780681862.844,227.331,98675,98747,3,0.000
1780681862.894,227.381,98675,98747,3,0.000
1780681862.945,227.431,98675,98747,3,0.000
1780681862.995,227.482,98675,98747,3,0.000
1780681863.045,227.532,98675,98747,3,0.000
1780681863.096,227.582,98675,98747,3,0.000
1780681863.146,227.633,98675,98747,3,0.000
1780681863.196,227.683,98675,98747,3,0.000
1780681863.248,227.735,98675,98747,3,0.000
1780681863.298,227.785,98675,98747,3,0.000
1780681863.349,227.835,98675,98747,3,0.000
1780681863.399,227.886,98675,98747,3,0.000
1780681863.449,227.936,98675,98747,3,0.000
1780681863.499,227.986,98675,98747,3,0.000
1780681863.550,228.036,98675,98747,3,0.000
1780681863.600,228.087,98675,98747,3,0.000
1780681863.650,228.137,98675,98747,3,0.000
1780681863.701,228.187,98675,98747,3,0.000
1780681863.751,228.238,98675,98747,3,0.000
1780681863.801,228.288,98675,98747,3,0.000
1780681863.852,228.338,98675,98747,3,0.000
1780681865.338,229.825,98675,98747,3,0.000
1780681865.388,229.875,98675,98747,3,0.000
1780681865.439,229.925,98675,98747,3,0.000
1780681865.489,229.976,98675,98747,3,0.000
1780681865.539,230.026,98675,98747,3,0.000
1780681865.589,230.076,98675,98747,3,0.000
1780681865.640,230.127,98675,98747,3,0.000
1780681865.690,230.177,98675,98747,3,0.000
1780681865.741,230.228,98675,98747,3,0.000
1780681865.791,230.278,98675,98747,3,0.000
1780681865.842,230.329,98675,98747,3,0.000
1780681865.892,230.379,98675,98747,3,0.000
1780681865.943,230.430,98675,98747,3,0.000
1780681865.993,230.480,98675,98747,3,0.000
1780681866.044,230.530,98675,98747,3,0.000
1780681866.094,230.581,98675,98747,3,0.000
1780681866.145,230.631,98675,98747,3,0.000
1780681866.195,230.682,98675,98747,3,0.000
1780681866.245,230.732,98675,98747,3,0.000
1780681866.296,230.783,98675,98747,3,0.000
1780681866.346,230.833,98675,98747,3,0.000
1780681866.397,230.884,98675,98747,3,0.000
1780681866.447,230.934,98675,98747,3,0.000
1780681866.498,230.985,98675,98747,3,0.000
1780681866.548,231.035,98675,98747,3,0.000
1780681866.599,231.085,98675,98747,3,0.000
1780681866.649,231.136,98675,98747,3,0.000
1780681866.700,231.187,98675,98747,3,0.000
1780681866.750,231.237,98675,98747,3,0.000
1780681866.801,231.288,98675,98747,3,0.000
1780681866.851,231.338,98675,98747,3,0.000
1780681866.902,231.389,98675,98747,3,0.000
1780681866.952,231.439,98675,98747,3,0.000
1780681867.003,231.490,98675,98747,3,0.000
1780681867.053,231.540,98675,98747,3,0.000
1780681867.104,231.590,98675,98747,3,0.000
1780681867.154,231.641,98675,98747,3,0.000
1780681867.205,231.691,98675,98747,3,0.000
1780681867.255,231.742,98675,98747,3,0.000
1780681867.306,231.792,98675,98747,3,0.000
1780681867.356,231.843,98675,98747,3,0.000
1780681867.407,231.893,98675,98747,3,0.000
1780681867.457,231.944,98675,98747,3,0.000
1780681867.507,231.994,98675,98747,3,0.000
1780681867.558,232.045,98675,98747,3,0.000
1780681867.608,232.095,98675,98747,3,0.000
1780681867.659,232.146,98675,98747,3,0.000
1780681867.709,232.196,98675,98747,3,0.000
1780681867.760,232.247,98675,98747,3,0.000
1780681867.810,232.297,98675,98747,3,0.000
1780681867.861,232.348,98675,98747,3,0.000
1780681867.911,232.398,98675,98747,3,0.000
1780681867.962,232.449,98675,98747,3,0.000
1780681868.012,232.499,98675,98747,3,0.000
1780681868.063,232.550,98675,98747,3,0.000
1780681868.113,232.600,98675,98747,3,0.000
1780681868.164,232.651,98675,98747,3,0.000
1780681868.214,232.701,98675,98747,3,0.000
1780681868.265,232.752,98675,98747,3,0.000
1780681868.315,232.802,98675,98747,3,0.000
1780681868.366,232.853,98675,98747,3,0.000
1780681868.416,232.903,98675,98747,3,0.000
1780681868.467,232.953,98675,98747,3,0.000
1780681868.517,233.004,98675,98747,3,0.000
1780681868.568,233.054,98675,98747,3,0.000
1780681868.618,233.105,98675,98747,3,0.000
1780681868.669,233.155,98675,98747,3,0.000
1780681868.719,233.206,98675,98747,3,0.000
1780681868.769,233.256,98675,98747,3,0.000
1780681868.820,233.307,98675,98747,3,0.000
1780681868.870,233.357,98675,98747,3,0.000
1780681869.627,234.114,98675,98747,3,0.000
1780681869.678,234.165,98675,98747,3,0.000
1780681869.729,234.215,98675,98747,3,0.000
1780681869.779,234.266,98675,98747,3,0.000
1780681869.829,234.316,98675,98747,3,0.000
1780681869.880,234.367,98675,98747,3,0.000
1780681869.930,234.417,98675,98747,3,0.000
1780681869.981,234.468,98675,98747,3,0.000
1780681870.031,234.518,98675,98747,3,0.000
1780681870.082,234.569,98675,98747,3,0.000
1780681870.132,234.619,98675,98747,3,0.000
1780681870.183,234.669,98675,98747,3,0.000
1780681870.233,234.720,98675,98747,3,0.000
1780681870.284,234.770,98675,98747,3,0.000
1780681870.334,234.821,98675,98747,3,0.000
1780681870.385,234.871,98675,98747,3,0.000
1780681870.435,234.922,98675,98747,3,0.000
1780681870.485,234.972,98675,98747,3,0.000
1780681870.536,235.023,98675,98747,3,0.000
1780681870.586,235.073,98675,98747,3,0.000
1780681870.637,235.124,98675,98747,3,0.000
1780681870.687,235.174,98675,98747,3,0.000
1780681870.738,235.224,98675,98747,3,0.000
1780681870.788,235.275,98675,98747,3,0.000
1780681870.839,235.325,98675,98747,3,0.000
1780681870.889,235.376,98675,98747,3,0.000
1780681870.940,235.426,98675,98747,3,0.000
1780681870.990,235.477,98675,98747,3,0.000
1780681871.041,235.527,98675,98747,3,0.000
1780681871.091,235.578,98675,98747,3,0.000
1780681871.142,235.628,98675,98747,3,0.000
1780681871.192,235.679,98675,98747,3,0.000
1780681871.243,235.729,98675,98747,3,0.000
1780681871.293,235.780,98675,98747,3,0.000
1780681871.344,235.830,98675,98747,3,0.000
1780681871.394,235.881,98675,98747,3,0.000
1780681871.445,235.931,98675,98747,3,0.000
1780681871.495,235.982,98675,98747,3,0.000
1780681871.546,236.033,98675,98747,3,0.000
1780681871.596,236.083,98675,98747,3,0.000
1780681871.647,236.134,98675,98747,3,0.000
1780681871.697,236.184,98675,98747,3,0.000
1780681871.748,236.235,98675,98747,3,0.000
1780681871.799,236.285,98675,98747,3,0.000
1780681871.849,236.336,98675,98747,3,0.000
1780681871.900,236.386,98675,98747,3,0.000
1780681871.950,236.437,98675,98747,3,0.000
1780681872.000,236.487,98675,98747,3,0.000
1780681872.051,236.538,98675,98747,3,0.000
1780681872.101,236.588,98675,98747,3,0.000
1780681872.152,236.639,98675,98747,3,0.000
1780681872.202,236.689,98675,98747,3,0.000
1780681872.253,236.739,98675,98747,3,0.000
1780681872.303,236.790,98675,98747,3,0.000
1780681872.354,236.840,98675,98747,3,0.000
1780681872.404,236.891,98675,98747,3,0.000
1780681872.454,236.941,98675,98747,3,0.000
1780681872.505,236.992,98675,98747,3,0.000
1780681872.555,237.042,98675,98747,3,0.000
1780681872.606,237.092,98675,98747,3,0.000
1780681872.656,237.143,98675,98747,3,0.000
1780681872.706,237.193,98675,98747,3,0.000
1780681872.757,237.244,98675,98747,3,0.000
1780681872.807,237.294,98675,98747,3,0.000
1780681872.858,237.345,98675,98747,3,0.000
1780681872.908,237.395,98675,98747,3,0.000
1780681872.959,237.446,98675,98747,3,0.000
1780681873.009,237.496,98675,98747,3,0.000
1780681873.060,237.547,98675,98747,3,0.000
1780681873.110,237.597,98675,98747,3,0.000
1780681873.161,237.647,98675,98747,3,0.000
1780681873.211,237.698,98675,98747,3,0.000
1780681873.262,237.748,98675,98747,3,0.000
1780681873.312,237.799,98675,98747,3,0.000
1780681873.362,237.849,98675,98747,3,0.000
1780681873.413,237.900,98675,98747,3,0.000
1780681873.463,237.950,98675,98747,3,0.000
1780681873.514,238.000,98675,98747,3,0.000
1780681873.564,238.051,98675,98747,3,0.000
1780681873.615,238.101,98675,98747,3,0.000
1780681873.665,238.152,98675,98747,3,19.804
1780681873.715,238.202,98675,98747,3,0.000
1780681873.766,238.253,98675,98747,3,0.000
1780681873.816,238.303,98675,98747,3,0.000
1780681873.867,238.354,98675,98747,3,0.000
1780681873.917,238.404,98675,98747,3,0.000
1780681873.968,238.455,98675,98747,3,0.000
1780681874.018,238.505,98675,98747,3,0.000
1780681874.069,238.556,98675,98747,3,0.000
1780681874.119,238.606,98675,98747,3,0.000
1780681874.170,238.657,98675,98747,3,0.000
1780681874.220,238.707,98675,98747,3,0.000
1780681874.271,238.758,98675,98747,3,0.000
1780681874.321,238.808,98675,98747,3,19.845
1780681874.372,238.859,98675,98747,3,0.000
1780681874.422,238.909,98675,98747,3,0.000
1780681874.631,239.118,98675,98747,3,0.000
1780681874.681,239.168,98675,98747,3,0.000
1780681874.732,239.219,98675,98747,3,0.000
1780681874.782,239.269,98675,98747,3,0.000
1780681874.833,239.320,98675,98747,3,0.000
1780681874.883,239.370,98675,98747,3,0.000
1780681874.934,239.420,98675,98747,3,0.000
1780681874.984,239.471,98675,98747,3,0.000
1780681875.035,239.521,98675,98747,3,0.000
1780681875.085,239.572,98675,98747,3,0.000
1780681875.136,239.622,98675,98747,3,0.000
1780681875.186,239.673,98675,98747,3,0.000
1780681875.236,239.723,98675,98747,3,0.000
1780681875.287,239.774,98675,98747,3,0.000
1780681875.337,239.824,98675,98747,3,0.000
1780681875.388,239.875,98675,98747,3,0.000
1780681875.438,239.925,98675,98747,3,0.000
1780681875.489,239.976,98675,98747,3,0.000
1780681875.539,240.026,98675,98747,3,0.000
1780681875.590,240.076,98675,98747,3,0.000
1780681875.640,240.127,98675,98747,3,0.000
1780681875.691,240.177,98675,98747,3,0.000
1780681875.741,240.228,98675,98747,3,0.000
1780681875.792,240.278,98675,98747,3,0.000
1780681875.842,240.329,98675,98747,3,0.000
1780681875.893,240.379,98675,98747,3,0.000
1780681875.943,240.430,98675,98747,3,0.000
1780681875.994,240.480,98675,98747,3,0.000
1780681876.044,240.531,98675,98747,3,0.000
1780681876.095,240.581,98675,98747,3,0.000
1780681876.145,240.632,98675,98747,3,0.000
1780681876.196,240.682,98675,98747,3,0.000
1780681876.246,240.733,98675,98747,3,0.000
1780681876.296,240.783,98675,98747,3,0.000
1780681876.347,240.834,98675,98747,3,0.000
1780681876.397,240.884,98675,98747,3,0.000
1780681876.448,240.935,98675,98747,3,0.000
1780681876.498,240.985,98675,98747,3,0.000
1780681876.549,241.036,98675,98747,3,0.000
1780681876.599,241.086,98675,98747,3,0.000
1780681876.650,241.137,98675,98747,3,0.000
1780681876.700,241.187,98675,98747,3,0.000
1780681876.751,241.238,98675,98747,3,0.000
1780681876.801,241.288,98675,98747,3,0.000
1780681876.852,241.339,98675,98747,3,0.000
1780681876.902,241.389,98675,98747,3,0.000
1780681876.953,241.440,98675,98747,3,0.000
1780681877.003,241.490,98675,98747,3,0.000
1780681877.054,241.541,98675,98747,3,0.000
1780681877.104,241.591,98675,98747,3,0.000
1780681877.155,241.642,98675,98747,3,0.000
1780681877.205,241.692,98675,98747,3,0.000
1780681877.256,241.743,98675,98747,3,0.000
1780681877.306,241.793,98675,98747,3,0.000
1780681877.357,241.844,98675,98747,3,0.000
1780681877.407,241.894,98675,98747,3,0.000
1780681877.458,241.944,98675,98747,3,0.000
1780681877.508,241.995,98675,98747,3,0.000
1780681877.560,242.046,98675,98747,3,0.000
1780681877.610,242.097,98675,98747,3,0.000
1780681877.661,242.147,98675,98747,3,0.000
1780681877.711,242.198,98675,98747,3,0.000
1780681877.761,242.248,98675,98747,3,0.000
1780681877.812,242.299,98675,98747,3,0.000
1780681877.862,242.349,98675,98747,3,0.000
1780681877.912,242.399,98675,98747,3,0.000
1780681877.963,242.450,98675,98747,3,0.000
1780681878.014,242.500,98675,98747,3,0.000
1780681878.064,242.551,98675,98747,3,0.000
1780681878.114,242.601,98675,98747,3,0.000
1780681878.165,242.651,98675,98747,3,0.000
1780681878.215,242.702,98675,98747,3,0.000
1780681878.265,242.752,98675,98747,3,0.000
1780681878.316,242.802,98675,98747,3,0.000
1780681878.366,242.853,98675,98747,3,0.000
1780681878.416,242.903,98675,98747,3,0.000
1780681878.467,242.953,98675,98747,3,0.000
1780681878.517,243.004,98675,98747,3,0.000
1780681878.567,243.054,98675,98747,3,0.000
1780681878.618,243.104,98675,98747,3,0.000
1780681878.668,243.155,98675,98747,3,0.000
1780681878.718,243.205,98675,98747,3,0.000
1780681878.769,243.255,98675,98747,3,0.000
1780681878.819,243.306,98675,98747,3,0.000
1780681878.869,243.356,98675,98747,3,0.000
1780681878.920,243.406,98675,98747,3,0.000
1780681878.970,243.457,98675,98747,3,0.000
1780681879.020,243.507,98675,98747,3,0.000
1780681879.071,243.558,98675,98747,3,0.000
1780681879.122,243.608,98675,98747,3,0.000
1780681879.172,243.659,98675,98747,3,0.000
1780681879.223,243.709,98675,98747,3,0.000
1780681879.273,243.760,98675,98747,3,0.000
1780681879.323,243.810,98675,98747,3,0.000
1780681879.373,243.860,98675,98747,3,0.000
1780681879.424,243.911,98675,98747,3,0.000
1780681879.474,243.961,98675,98747,3,0.000
1780681879.524,244.011,98675,98747,3,0.000
1780681879.575,244.061,98675,98747,3,0.000
1780681879.625,244.112,98675,98747,3,0.000
1780681879.675,244.162,98675,98747,3,0.000
1780681879.726,244.213,98675,98747,3,0.000
1780681879.776,244.263,98675,98747,3,0.000
1780681879.826,244.313,98675,98747,3,0.000
1780681879.877,244.363,98675,98747,3,0.000
1780681879.927,244.414,98675,98747,3,0.000
1780681879.977,244.464,98675,98747,3,0.000
1780681880.028,244.515,98675,98747,3,0.000
1780681880.078,244.565,98675,98747,3,0.000
1780681880.128,244.615,98675,98747,3,0.000
1780681880.179,244.666,98675,98747,3,0.000
1780681880.229,244.716,98675,98747,3,0.000
1780681880.279,244.766,98675,98747,3,0.000
1780681880.330,244.817,98675,98747,3,0.000
1780681880.380,244.867,98675,98747,3,0.000
1780681880.430,244.917,98675,98747,3,0.000
1780681880.481,244.968,98675,98747,3,0.000
1780681880.531,245.018,98675,98747,3,0.000
1780681880.581,245.068,98675,98747,3,0.000
1780681880.632,245.118,98675,98747,3,0.000
1780681880.682,245.169,98675,98747,3,0.000
1780681880.732,245.219,98675,98747,3,0.000
1780681880.783,245.269,98675,98747,3,0.000
1780681880.833,245.320,98675,98747,3,0.000
1780681880.883,245.370,98675,98747,3,0.000
1780681880.934,245.420,98675,98747,3,0.000
1780681880.984,245.471,98675,98747,3,0.000
1780681881.034,245.521,98675,98747,3,0.000
1780681881.085,245.571,98675,98747,3,0.000
1780681881.135,245.622,98675,98747,3,0.000
1780681881.185,245.672,98675,98747,3,0.000
1780681881.236,245.722,98675,98747,3,0.000
1780681881.286,245.773,98675,98747,3,0.000
1780681881.336,245.823,98675,98747,3,0.000
1780681881.387,245.873,98675,98747,3,0.000
1780681881.437,245.924,98675,98747,3,0.000
1780681881.487,245.974,98675,98747,3,0.000
1780681881.538,246.024,98675,98747,3,0.000
1780681881.588,246.075,98675,98747,3,0.000
1780681881.638,246.125,98675,98747,3,0.000
1780681881.689,246.175,98675,98747,3,0.000
1780681881.739,246.226,98675,98747,3,0.000
1780681881.789,246.276,98675,98747,3,0.000
1780681881.840,246.326,98675,98747,3,0.000
1780681881.890,246.377,98675,98747,3,0.000
1780681881.940,246.427,98675,98747,3,0.000
1780681881.991,246.477,98675,98747,3,0.000
1780681882.041,246.528,98675,98747,3,0.000
1780681882.092,246.578,98675,98747,3,0.000
1780681882.142,246.629,98675,98747,3,0.000
1780681882.192,246.679,98675,98747,3,0.000
1780681882.243,246.729,98675,98747,3,0.000
1780681882.293,246.780,98675,98747,3,0.000
1780681882.343,246.830,98675,98747,3,0.000
1780681882.394,246.880,98675,98747,3,0.000
1780681882.444,246.931,98675,98747,3,0.000
1780681882.494,246.981,98675,98747,3,0.000
1780681882.544,247.031,98675,98747,3,0.000
1780681882.595,247.082,98675,98747,3,0.000
1780681882.645,247.132,98675,98747,3,0.000
1780681882.696,247.182,98675,98747,3,0.000
1780681882.746,247.233,98675,98747,3,0.000
1780681882.796,247.283,98675,98747,3,0.000
1780681882.847,247.334,98675,98747,3,0.000
1780681882.897,247.384,98675,98747,3,0.000
1780681882.948,247.434,98675,98747,3,0.000
1780681882.998,247.485,98675,98747,3,0.000
1780681883.049,247.535,98675,98747,3,0.000
1780681883.099,247.586,98675,98747,3,0.000
1780681883.149,247.636,98675,98747,3,0.000
1780681883.200,247.687,98675,98747,3,0.000
1780681883.250,247.737,98675,98747,3,0.000
1780681883.301,247.787,98675,98747,3,0.000
1780681883.351,247.838,98675,98747,3,0.000
1780681883.401,247.888,98675,98747,3,0.000
1780681883.452,247.939,98675,98747,3,0.000
1780681883.502,247.989,98675,98747,3,0.000
1780681883.553,248.040,98675,98747,3,0.000
1780681883.603,248.090,98675,98747,3,0.000
1780681883.654,248.140,98675,98747,3,0.000
1780681883.704,248.191,98675,98747,3,0.000
1780681883.755,248.241,98675,98747,3,0.000
1780681883.805,248.292,98675,98747,3,0.000
1780681883.855,248.342,98675,98747,3,0.000
1780681883.906,248.393,98675,98747,3,0.000
1780681883.956,248.443,98675,98747,3,0.000
1780681884.007,248.494,98675,98747,3,0.000
1780681884.057,248.544,98675,98747,3,0.000
1780681884.108,248.594,98675,98747,3,0.000
1780681884.158,248.645,98675,98747,3,0.000
1780681884.209,248.695,98675,98747,3,0.000
1780681884.259,248.746,98675,98747,3,0.000
1780681884.309,248.796,98675,98747,3,0.000
1780681884.360,248.847,98675,98747,3,0.000
1780681884.410,248.897,98675,98747,3,0.000
1780681884.461,248.948,98675,98747,3,0.000
1780681884.511,248.998,98675,98747,3,0.000
1780681884.562,249.048,98675,98747,3,0.000
1780681884.612,249.099,98675,98747,3,0.000
1780681884.662,249.149,98675,98747,3,0.000
1780681884.713,249.200,98675,98747,3,0.000
1780681884.763,249.250,98675,98747,3,0.000
1780681884.814,249.301,98675,98747,3,0.000
1780681884.864,249.351,98675,98747,3,0.000
1780681884.915,249.402,98675,98747,3,0.000
1780681884.965,249.452,98675,98747,3,0.000
1780681885.016,249.502,98675,98747,3,0.000
1780681885.066,249.553,98675,98747,3,0.000
1780681885.117,249.603,98675,98747,3,0.000
1780681885.167,249.654,98675,98747,3,0.000
1780681885.217,249.704,98675,98747,3,0.000
1780681885.268,249.755,98675,98747,3,0.000
1780681885.318,249.805,98675,98747,3,0.000
1780681885.369,249.855,98675,98747,3,0.000
1780681885.419,249.906,98675,98747,3,0.000
1780681885.469,249.956,98675,98747,3,0.000
1780681885.520,250.007,98675,98747,3,0.000
1780681885.570,250.057,98675,98747,3,0.000
1780681885.621,250.107,98675,98747,3,0.000
1780681885.671,250.158,98675,98747,3,0.000
1780681885.722,250.208,98675,98747,3,0.000
1780681885.772,250.259,98675,98747,3,0.000
1780681885.822,250.309,98675,98747,3,0.000
1780681885.873,250.360,98675,98747,3,0.000
1780681885.923,250.410,98675,98747,3,0.000
1780681885.974,250.461,98675,98747,3,0.000
1780681886.024,250.511,98675,98747,3,0.000
1780681886.075,250.562,98675,98747,3,0.000
1780681886.125,250.612,98675,98747,3,0.000
1780681886.176,250.662,98675,98747,3,0.000
1780681886.226,250.713,98675,98747,3,0.000
1780681886.277,250.763,98675,98747,3,0.000
1780681886.327,250.814,98675,98747,3,0.000
1780681886.378,250.864,98675,98747,3,0.000
1780681886.428,250.915,98675,98747,3,0.000
1780681886.478,250.965,98675,98747,3,0.000
1780681886.529,251.016,98675,98747,3,0.000
1780681886.579,251.066,98675,98747,3,0.000
1780681886.630,251.117,98675,98747,3,0.000
1780681886.680,251.167,98675,98747,3,0.000
1780681886.731,251.218,98675,98747,3,0.000
1780681886.781,251.268,98675,98747,3,0.000
1780681886.832,251.318,98675,98747,3,0.000
1780681886.882,251.369,98675,98747,3,0.000
1780681886.933,251.419,98675,98747,3,0.000
1780681886.983,251.470,98675,98747,3,0.000
1780681887.034,251.520,98675,98747,3,0.000
1780681887.084,251.571,98675,98747,3,0.000
1780681887.134,251.621,98675,98747,3,0.000
1780681887.185,251.672,98675,98747,3,0.000
1780681887.235,251.722,98675,98747,3,0.000
1780681887.286,251.772,98675,98747,3,0.000
1780681887.336,251.823,98675,98747,3,0.000
1780681887.387,251.873,98675,98747,3,0.000
1780681887.437,251.924,98675,98747,3,0.000
1780681887.487,251.974,98675,98747,3,0.000
1780681887.538,252.025,98675,98747,3,0.000
1780681887.588,252.075,98675,98747,3,0.000
1780681887.639,252.125,98675,98747,3,0.000
1780681887.689,252.176,98675,98747,3,0.000
1780681887.740,252.226,98675,98747,3,0.000
1780681887.791,252.278,98675,98747,3,0.000
1780681887.842,252.328,98675,98747,3,0.000
1780681887.892,252.379,98675,98747,3,0.000
1780681887.942,252.429,98675,98747,3,0.000
1780681887.993,252.480,98675,98747,3,0.000
1780681888.043,252.530,98675,98747,3,0.000
1780681888.094,252.580,98675,98747,3,0.000
1780681888.144,252.631,98675,98747,3,0.000
1780681888.194,252.681,98675,98747,3,0.000
1780681888.245,252.731,98675,98747,3,0.000
1780681888.295,252.782,98675,98747,3,0.000
1780681888.345,252.832,98675,98747,3,0.000
1780681888.396,252.882,98675,98747,3,0.000
1780681888.446,252.933,98675,98747,3,0.000
1780681888.496,252.983,98675,98747,3,0.000
1780681888.547,253.033,98675,98747,3,0.000
1780681888.597,253.084,98675,98747,3,0.000
1780681888.647,253.134,98675,98747,3,0.000
1780681888.698,253.184,98675,98747,3,0.000
1780681888.748,253.235,98675,98747,3,0.000
1780681888.798,253.285,98675,98747,3,0.000
1780681888.848,253.335,98675,98747,3,0.000
1780681888.899,253.386,98675,98747,3,0.000
1780681888.949,253.436,98675,98747,3,0.000
1780681889.000,253.486,98675,98747,3,0.000
1780681889.050,253.537,98675,98747,3,0.000
1780681889.100,253.587,98675,98747,3,0.000
1780681889.150,253.637,98675,98747,3,0.000
1780681889.201,253.688,98675,98747,3,0.000
1780681889.251,253.738,98675,98747,3,0.000
1780681889.301,253.788,98675,98747,3,0.000
1780681889.352,253.838,98675,98747,3,0.000
1780681889.402,253.889,98675,98747,3,0.000
1780681889.452,253.939,98675,98747,3,0.000
1780681889.503,253.989,98675,98747,3,0.000
1780681889.553,254.040,98675,98747,3,0.000
1780681889.603,254.090,98675,98747,3,0.000
1780681889.654,254.140,98675,98747,3,0.000
1780681889.704,254.191,98675,98747,3,0.000
1780681889.754,254.241,98675,98747,3,0.000
1780681889.805,254.291,98675,98747,3,0.000
1780681889.855,254.342,98675,98747,3,0.000
1780681889.905,254.392,98675,98747,3,0.000
1780681889.955,254.442,98675,98747,3,0.000
1780681890.006,254.493,98675,98747,3,0.000
1780681890.056,254.543,98675,98747,3,0.000
1780681890.107,254.593,98675,98747,3,0.000
1780681890.157,254.644,98675,98747,3,0.000
1780681890.207,254.694,98675,98747,3,0.000
1780681890.258,254.744,98675,98747,3,0.000
1780681890.308,254.795,98675,98747,3,0.000
1780681890.358,254.845,98675,98747,3,0.000
1780681890.409,254.895,98675,98747,3,0.000
1780681890.459,254.946,98675,98747,3,0.000
1780681890.509,254.996,98675,98747,3,0.000
1780681890.559,255.046,98675,98747,3,0.000
1780681890.610,255.097,98675,98747,3,0.000
1780681890.660,255.147,98675,98747,3,0.000
1780681890.710,255.197,98675,98747,3,0.000
1780681890.761,255.247,98675,98747,3,0.000
1780681890.811,255.298,98675,98747,3,0.000
1780681890.861,255.348,98675,98747,3,0.000
1780681890.912,255.399,98675,98747,3,0.000
1780681890.962,255.449,98675,98747,3,0.000
1780681891.013,255.499,98675,98747,3,0.000
1780681891.063,255.550,98675,98747,3,0.000
1780681891.113,255.600,98675,98747,3,0.000
1780681891.163,255.650,98675,98747,3,0.000
1780681891.214,255.701,98675,98747,3,0.000
1780681891.264,255.751,98675,98747,3,0.000
1780681891.315,255.801,98675,98747,3,0.000
1780681891.365,255.852,98675,98747,3,0.000
1780681891.415,255.902,98675,98747,3,0.000
1780681891.466,255.952,98675,98747,3,0.000
1780681891.516,256.003,98675,98747,3,0.000
1780681891.566,256.053,98675,98747,3,0.000
1780681891.617,256.103,98675,98747,3,0.000
1780681891.667,256.154,98675,98747,3,0.000
1780681891.717,256.204,98675,98747,3,0.000
1780681891.768,256.254,98675,98747,3,0.000
1780681891.818,256.305,98675,98747,3,0.000
1780681891.868,256.355,98675,98747,3,0.000
1780681891.919,256.405,98675,98747,3,0.000
1780681891.969,256.456,98675,98747,3,0.000
1780681892.019,256.506,98675,98747,3,0.000
1780681892.070,256.557,98675,98747,3,0.000
1780681892.120,256.607,98675,98747,3,0.000
1780681892.170,256.657,98675,98747,3,0.000
1780681892.221,256.708,98675,98747,3,0.000
1780681892.271,256.758,98675,98747,3,0.000
1780681892.321,256.808,98675,98747,3,0.000
1780681892.372,256.859,98675,98747,3,0.000
1780681892.422,256.909,98675,98747,3,0.000
1780681892.472,256.959,98675,98747,3,0.000
1780681892.523,257.010,98675,98747,3,0.000
1780681892.573,257.060,98675,98747,3,0.000
1780681892.623,257.110,98675,98747,3,0.000
1780681892.674,257.160,98675,98747,3,0.000
1780681892.724,257.211,98675,98747,3,0.000
1780681892.774,257.261,98675,98747,3,0.000
1780681892.825,257.311,98675,98747,3,0.000
1780681892.875,257.362,98675,98747,3,0.000
1780681892.926,257.412,98675,98747,3,0.000
1780681892.976,257.463,98675,98747,3,0.000
1780681893.027,257.513,98675,98747,3,0.000
1780681893.077,257.564,98675,98747,3,0.000
1780681893.127,257.614,98675,98747,3,0.000
1780681893.178,257.665,98675,98747,3,0.000
1780681893.228,257.715,98675,98747,3,0.000
1780681893.279,257.766,98675,98747,3,0.000
1780681893.329,257.816,98675,98747,3,0.000
1780681893.380,257.866,98675,98747,3,0.000
1780681893.430,257.917,98675,98747,3,0.000
1780681893.480,257.967,98675,98747,3,0.000
1780681893.531,258.018,98675,98747,3,0.000
1780681893.581,258.068,98675,98747,3,0.000
1780681893.632,258.119,98675,98747,3,0.000
1780681893.682,258.169,98675,98747,3,0.000
1780681893.733,258.220,98675,98747,3,0.000
1780681893.783,258.270,98675,98747,3,0.000
1780681893.834,258.320,98675,98747,3,0.000
1780681893.884,258.371,98675,98747,3,0.000
1780681893.935,258.422,98675,98747,3,0.000
1780681893.985,258.472,98675,98747,3,0.000
1780681894.036,258.523,98675,98747,3,0.000
1780681894.086,258.573,98675,98747,3,0.000
1780681894.137,258.624,98675,98747,3,0.000
1780681894.187,258.674,98675,98747,3,0.000
1780681894.238,258.724,98675,98747,3,0.000
1780681894.288,258.775,98675,98747,3,0.000
1780681894.339,258.825,98675,98747,3,0.000
1780681894.389,258.876,98675,98747,3,0.000
1780681894.440,258.926,98675,98747,3,0.000
1780681894.490,258.977,98675,98747,3,0.000
1780681894.540,259.027,98675,98747,3,0.000
1780681894.591,259.078,98675,98747,3,0.000
1780681894.641,259.128,98675,98747,3,0.000
1780681894.692,259.179,98675,98747,3,0.000
1780681894.742,259.229,98675,98747,3,0.000
1780681894.793,259.279,98675,98747,3,0.000
1780681894.843,259.330,98675,98747,3,0.000
1780681894.894,259.380,98675,98747,3,0.000
1780681894.944,259.431,98675,98747,3,0.000
1780681894.995,259.481,98675,98747,3,0.000
1780681895.045,259.532,98675,98747,3,0.000
1780681895.095,259.582,98675,98747,3,0.000
1780681895.146,259.633,98675,98747,3,0.000
1780681895.196,259.683,98675,98747,3,0.000
1780681895.247,259.733,98675,98747,3,0.000
1780681895.297,259.784,98675,98747,3,0.000
1780681895.348,259.834,98675,98747,0,19.807
1780681895.398,259.885,98675,98747,0,0.000
1780681911.688,276.175,98675,98747,0,0.061
1780681911.739,276.226,98675,98747,0,0.000
1780681911.790,276.277,98675,98747,0,0.000
1780681911.840,276.327,98675,98747,0,0.000
1780681911.891,276.378,98675,98747,0,0.000
1780681911.941,276.428,98675,98747,0,0.000
1780681911.992,276.479,98675,98747,0,0.000
1780681912.043,276.530,98675,98747,0,0.000
1780681912.093,276.580,98675,98747,0,0.000
1780681912.144,276.631,98675,98747,0,0.000
1780681912.195,276.682,98675,98747,0,0.000
1780681912.245,276.732,98675,98747,0,0.000
1780681912.296,276.783,98675,98747,0,0.000
1780681912.346,276.833,98675,98747,0,0.000
1780681912.397,276.884,98675,98747,0,0.000
1780681912.447,276.934,98675,98747,0,0.000
1780681912.498,276.985,98675,98747,0,0.000
1780681912.548,277.035,98675,98747,0,0.000
1780681912.599,277.086,98675,98747,0,0.000
1780681912.649,277.136,98675,98747,0,0.000
1780681912.700,277.186,98675,98747,0,0.000
1780681912.750,277.237,98675,98747,0,0.000
1780681912.801,277.287,98675,98747,0,0.000
1780681912.851,277.338,98675,98747,0,0.000
1780681912.902,277.388,98675,98747,0,0.000
1780681912.952,277.439,98675,98747,0,0.000
1780681913.003,277.489,98675,98747,0,0.000
1780681913.053,277.540,98675,98747,0,0.000
1780681913.104,277.590,98675,98747,0,0.000
1780681913.154,277.641,98675,98747,0,0.000
1780681913.205,277.691,98675,98747,0,0.000
1780681913.255,277.742,98675,98747,0,0.000
1780681913.305,277.792,98675,98747,0,0.000
1780681913.356,277.843,98675,98747,0,0.000
1780681913.406,277.893,98675,98747,0,0.000
1780681913.457,277.944,98675,98747,0,0.000
1780681913.507,277.994,98675,98747,0,0.000
1780681913.558,278.045,98675,98747,0,0.000
1780681913.608,278.095,98675,98747,0,0.000
1780681913.659,278.146,98675,98747,0,0.000
1780681913.709,278.196,98675,98747,0,0.000
1780681913.760,278.246,98675,98747,0,0.000
1780681913.810,278.297,98675,98747,0,0.000
1780681913.861,278.347,98675,98747,0,0.000
1780681913.911,278.398,98675,98747,0,0.000
1780681913.962,278.449,98675,98747,0,0.000
1780681914.012,278.499,98675,98747,0,0.000
1780681914.063,278.550,98675,98747,0,0.000
1780681914.113,278.600,98675,98747,0,0.000
1780681914.164,278.651,98675,98747,0,0.000
1780681914.214,278.701,98675,98747,0,0.000
1780681914.265,278.751,98675,98747,0,0.000
1780681914.315,278.802,98675,98747,0,0.000
1780681914.366,278.852,98675,98747,0,0.000
1780681914.416,278.903,98675,98747,0,0.000
1780681914.467,278.953,98675,98747,0,0.000
1780681914.517,279.004,98675,98747,0,0.000
1780681914.568,279.054,98675,98747,0,0.000
1780681914.618,279.105,98675,98747,0,0.000
1780681914.668,279.155,98675,98747,0,0.000
1780681914.719,279.206,98675,98747,0,0.000
1780681914.769,279.256,98675,98747,0,0.000
1780681914.820,279.307,98675,98747,0,0.000
1780681914.870,279.357,98675,98747,0,0.000
1780681914.921,279.408,98675,98747,0,0.000
1780681914.972,279.458,98675,98747,0,0.000
1780681915.022,279.509,98675,98747,0,0.000
1780681915.073,279.559,98675,98747,0,0.000
1780681915.123,279.610,98675,98747,0,0.000
1780681915.174,279.660,98675,98747,0,0.000
1780681915.224,279.711,98675,98747,0,0.000
1780681915.275,279.761,98675,98747,0,0.000
1780681915.325,279.812,98675,98747,0,0.000
1780681915.376,279.862,98675,98747,0,0.000
1780681915.426,279.913,98675,98747,0,0.000
1780681915.477,279.963,98675,98747,0,0.000
1780681915.527,280.014,98675,98747,0,0.000
1780681915.578,280.064,98675,98747,0,0.000
1780681915.628,280.115,98675,98747,0,0.000
1780681915.679,280.165,98675,98747,0,0.000
1780681915.729,280.216,98675,98747,0,0.000
1780681915.780,280.266,98675,98747,0,0.000
1780681915.830,280.317,98675,98747,0,0.000
1780681915.881,280.367,98675,98747,0,0.000
1780681915.931,280.418,98675,98747,0,0.000
1780681915.982,280.468,98675,98747,0,0.000
1780681916.032,280.519,98675,98747,0,0.000
1780681916.083,280.569,98675,98747,0,0.000
1780681916.133,280.620,98675,98747,0,0.000
1780681916.183,280.670,98675,98747,0,0.000
1780681916.234,280.721,98675,98747,0,0.000
1780681916.285,280.771,98675,98747,0,0.000
1780681916.335,280.822,98675,98747,0,0.000
1780681916.386,280.872,98675,98747,0,0.000
1780681916.436,280.923,98675,98747,0,0.000
1780681916.487,280.973,98675,98747,0,0.000
1780681916.537,281.024,98675,98747,0,0.000
1780681916.588,281.074,98675,98747,0,0.000
1780681916.638,281.125,98675,98747,0,0.000
1780681916.689,281.175,98675,98747,0,0.000
1780681916.739,281.226,98675,98747,0,0.000
1780681916.790,281.276,98675,98747,0,0.000
1780681916.840,281.327,98675,98747,0,0.000
1780681916.891,281.377,98675,98747,0,0.000
1780681916.941,281.428,98675,98747,0,0.000
1780681916.992,281.478,98675,98747,0,0.000
1780681917.042,281.529,98675,98747,0,0.000
1780681917.092,281.579,98675,98747,0,0.000
1780681917.143,281.630,98675,98747,0,0.000
1780681917.193,281.680,98675,98747,0,0.000
1780681917.244,281.731,98675,98747,0,0.000
1780681917.294,281.781,98675,98747,0,0.000
1780681917.345,281.832,98675,98747,0,0.000
1780681917.395,281.882,98675,98747,0,0.000
1780681917.446,281.933,98675,98747,0,0.000
1780681917.496,281.983,98675,98747,0,0.000
1780681917.547,282.033,98675,98747,0,0.000
1780681917.597,282.084,98675,98747,0,0.000
1780681917.648,282.134,98675,98747,0,0.000
1780681917.698,282.185,98675,98747,0,0.000
1780681917.748,282.235,98675,98747,0,0.000
1780681917.799,282.286,98675,98747,0,0.000
1780681917.849,282.336,98675,98747,0,0.000
1780681917.900,282.387,98675,98747,0,0.000
1780681917.950,282.437,98675,98747,0,0.000
1780681918.001,282.488,98675,98747,0,0.000
1780681918.051,282.538,98675,98747,0,0.000
1780681918.102,282.589,98675,98747,0,0.000
1780681918.152,282.639,98675,98747,0,0.000
1780681918.203,282.689,98675,98747,0,0.000
1780681918.253,282.740,98675,98747,0,0.000
1780681918.304,282.790,98675,98747,0,0.000
1780681918.354,282.841,98675,98747,0,0.000
1780681918.405,282.891,98675,98747,0,0.000
1780681918.455,282.942,98675,98747,0,0.000
1780681918.506,282.992,98675,98747,0,0.000
1780681918.556,283.043,98675,98747,0,0.000
1780681918.607,283.093,98675,98747,0,0.000
1780681918.657,283.144,98675,98747,0,0.000
1780681918.707,283.194,98675,98747,0,0.000
1780681918.758,283.245,98675,98747,0,0.000
1780681918.808,283.295,98675,98747,0,0.000
1780681918.859,283.346,98675,98747,0,0.000
1780681918.909,283.396,98675,98747,0,0.000
1780681918.960,283.447,98675,98747,0,0.000
1780681919.010,283.497,98675,98747,0,0.000
1780681919.061,283.548,98675,98747,0,0.000
1780681919.111,283.598,98675,98747,0,0.000
1780681919.161,283.648,98675,98747,0,0.000
1780681919.212,283.699,98675,98747,0,0.000
1780681919.262,283.749,98675,98747,0,0.000
1780681919.312,283.799,98675,98747,0,0.000
1780681919.363,283.850,98675,98747,0,0.000
1780681919.413,283.900,98675,98747,0,0.000
1780681919.464,283.950,98675,98747,0,0.000
1780681919.514,284.001,98675,98747,0,0.000
1780681919.564,284.051,98675,98747,0,0.000
1780681919.615,284.101,98675,98747,0,0.000
1780681919.665,284.152,98675,98747,0,0.000
1780681919.715,284.202,98675,98747,0,0.000
1780681919.766,284.253,98675,98747,0,0.000
1780681919.816,284.303,98675,98747,0,0.000
1780681919.866,284.353,98675,98747,0,0.000
1780681919.917,284.404,98675,98747,0,0.000
1780681919.967,284.454,98675,98747,0,0.000
1780681920.018,284.504,98675,98747,0,0.000
1780681920.068,284.555,98675,98747,0,0.000
1780681920.118,284.605,98675,98747,0,0.000
1780681920.169,284.655,98675,98747,0,0.000
1780681920.219,284.706,98675,98747,0,0.000
1780681920.269,284.756,98675,98747,0,0.000
1780681920.320,284.806,98675,98747,0,0.000
1780681920.370,284.857,98675,98747,0,0.000
1780681920.420,284.907,98675,98747,0,0.000
1780681920.471,284.958,98675,98747,0,0.000
1780681920.521,285.008,98675,98747,0,0.000
1780681920.572,285.058,98675,98747,0,0.000
1780681920.622,285.109,98675,98747,0,0.000
1780681920.672,285.159,98675,98747,0,0.000
1780681920.723,285.209,98675,98747,0,0.000
1780681920.773,285.260,98675,98747,0,0.000
1780681920.823,285.310,98675,98747,0,0.000
1780681920.874,285.360,98675,98747,0,0.000
1780681920.924,285.411,98675,98747,0,0.000
1780681920.974,285.461,98675,98747,0,0.000
1780681921.025,285.512,98675,98747,0,0.000
1780681921.075,285.562,98675,98747,0,0.000
1780681921.125,285.612,98675,98747,0,0.000
1780681921.176,285.663,98675,98747,0,0.000
1780681921.226,285.713,98675,98747,0,0.000
1780681921.277,285.763,98675,98747,0,0.000
1780681921.327,285.814,98675,98747,0,0.000
1780681921.377,285.864,98675,98747,0,0.000
1780681921.428,285.914,98675,98747,0,0.000
1780681921.478,285.965,98675,98747,0,0.000
1780681921.528,286.015,98675,98747,0,0.000
1780681921.579,286.066,98675,98747,0,0.000
1780681921.629,286.116,98675,98747,0,0.000
1780681921.680,286.166,98675,98747,0,0.000
1780681921.730,286.217,98675,98747,0,0.000
1780681921.780,286.267,98675,98747,0,0.000
1780681921.831,286.317,98675,98747,0,0.000
1780681921.881,286.368,98675,98747,0,0.000
1780681921.931,286.418,98675,98747,0,0.000
1780681921.982,286.469,98675,98747,0,0.000
1780681922.032,286.519,98675,98747,0,0.000
1780681922.083,286.569,98675,98747,0,0.000
1780681922.133,286.620,98675,98747,0,0.000
1780681922.183,286.670,98675,98747,0,0.000
1780681922.233,286.720,98675,98747,0,0.000
1780681922.284,286.771,98675,98747,0,0.000
1780681922.334,286.821,98675,98747,0,0.000
1780681922.385,286.871,98675,98747,0,0.000
1780681922.435,286.922,98675,98747,0,0.000
1780681922.485,286.972,98675,98747,0,0.000
1780681922.536,287.022,98675,98747,0,0.000
1780681922.586,287.073,98675,98747,0,0.000
1780681922.636,287.123,98675,98747,0,0.000
1780681922.687,287.173,98675,98747,0,0.000
1780681922.737,287.224,98675,98747,0,0.000
1780681922.787,287.274,98675,98747,0,0.000
1780681922.838,287.325,98675,98747,0,0.000
1780681922.888,287.375,98675,98747,0,0.000
1780681922.939,287.425,98675,98747,0,0.000
1780681922.989,287.476,98675,98747,0,0.000
1780681923.039,287.526,98675,98747,0,0.000
1780681923.090,287.576,98675,98747,0,0.000
1780681923.140,287.627,98675,98747,0,0.000
1780681923.190,287.677,98675,98747,0,0.000
1780681923.241,287.727,98675,98747,0,0.000
1780681923.291,287.778,98675,98747,0,0.000
1780681923.341,287.828,98675,98747,0,0.000
1780681923.392,287.878,98675,98747,0,0.000
1780681923.442,287.929,98675,98747,0,0.000
1780681923.492,287.979,98675,98747,0,0.000
1780681923.543,288.029,98675,98747,0,0.000
1780681923.593,288.080,98675,98747,0,0.000
1780681923.643,288.130,98675,98747,0,0.000
1780681923.694,288.181,98675,98747,0,0.000
1780681923.744,288.231,98675,98747,0,0.000
1780681923.795,288.281,98675,98747,0,0.000
1780681923.845,288.332,98675,98747,0,0.000
1780681923.895,288.382,98675,98747,0,0.000
1780681923.946,288.433,98675,98747,0,0.000
1780681923.996,288.483,98675,98747,0,0.000
1780681924.047,288.534,98675,98747,0,0.000
1780681924.097,288.584,98675,98747,0,0.000
1780681924.148,288.635,98675,98747,0,0.000
1780681924.198,288.685,98675,98747,0,0.000
1780681924.249,288.735,98675,98747,0,0.000
1780681924.299,288.786,98675,98747,0,0.000
1780681924.350,288.836,98675,98747,0,0.000
1780681924.400,288.887,98675,98747,0,0.000
1780681924.451,288.937,98675,98747,0,0.000
1780681924.501,288.988,98675,98747,0,0.000
1780681924.552,289.038,98675,98747,0,0.000
1780681924.602,289.089,98675,98747,0,0.000
1780681924.652,289.139,98675,98747,0,0.000
1780681924.703,289.190,98675,98747,0,0.000
1780681924.753,289.240,98675,98747,0,0.000
1780681924.804,289.291,98675,98747,0,0.000
1780681924.854,289.341,98675,98747,0,0.000
1780681924.905,289.392,98675,98747,0,0.000
1780681924.955,289.442,98675,98747,0,0.000
1780681925.006,289.493,98675,98747,0,0.000
1780681925.056,289.543,98675,98747,0,0.000
1780681925.107,289.594,98675,98747,0,0.000
1780681925.157,289.644,98675,98747,0,0.000
1780681925.208,289.695,98675,98747,0,0.000
1780681925.258,289.745,98675,98747,0,0.000
1780681925.309,289.796,98675,98747,0,0.000
1780681925.359,289.846,98675,98747,0,0.000
1780681925.410,289.897,98675,98747,0,0.000
1780681925.460,289.947,98675,98747,0,0.000
1780681925.511,289.998,98675,98747,0,0.000
1780681925.561,290.048,98675,98747,0,0.000
1780681925.612,290.098,98675,98747,0,0.000
1780681925.662,290.149,98675,98747,0,0.000
1780681925.713,290.199,98675,98747,0,0.000
1780681925.763,290.250,98675,98747,0,0.000
1780681925.814,290.301,98675,98747,0,0.000
1780681925.865,290.352,98675,98747,0,0.000
1780681925.916,290.403,98675,98747,0,0.000
1780681925.967,290.453,98675,98747,0,0.000
1780681926.017,290.504,98675,98747,0,0.000
1780681926.068,290.554,98675,98747,0,0.000
1780681926.118,290.605,98675,98747,0,0.000
1780681926.168,290.655,98675,98747,0,0.000
1780681926.219,290.705,98675,98747,0,0.000
1780681926.269,290.756,98675,98747,0,0.000
1780681926.319,290.806,98675,98747,0,0.000
1780681926.370,290.857,98675,98747,0,0.000
1780681926.420,290.907,98675,98747,0,0.000
1780681926.471,290.957,98675,98747,0,0.000
1780681926.521,291.008,98675,98747,0,0.000
1780681926.571,291.058,98675,98747,0,0.000
1780681926.622,291.109,98675,98747,0,0.000
1780681926.672,291.159,98675,98747,0,0.000
1780681926.723,291.209,98675,98747,0,0.000
1780681926.773,291.260,98675,98747,0,0.000
1780681926.823,291.310,98675,98747,0,0.000
1780681926.874,291.360,98675,98747,0,0.000
1780681926.924,291.411,98675,98747,0,0.000
1780681926.975,291.461,98675,98747,0,0.000
1780681927.025,291.512,98675,98747,0,0.000
1780681927.075,291.562,98675,98747,0,0.000
1780681927.126,291.612,98675,98747,0,0.000
1780681927.176,291.663,98675,98747,0,0.000
1780681927.226,291.713,98675,98747,0,0.000
1780681927.277,291.764,98675,98747,0,0.000
1780681927.327,291.814,98675,98747,0,0.000
1780681927.378,291.864,98675,98747,0,0.000
1780681927.428,291.915,98675,98747,0,0.000
1780681927.478,291.965,98675,98747,0,0.000
1780681927.529,292.016,98675,98747,0,0.000
1780681927.579,292.066,98675,98747,0,0.000
1780681927.629,292.116,98675,98747,0,0.000
1780681927.680,292.167,98675,98747,0,0.000
1780681927.730,292.217,98675,98747,0,0.000
1780681927.781,292.267,98675,98747,0,0.000
1780681927.831,292.318,98675,98747,0,0.000
1780681927.881,292.368,98675,98747,0,0.000
1780681927.932,292.419,98675,98747,0,0.000
1780681927.982,292.469,98675,98747,0,0.000
1780681928.033,292.519,98675,98747,0,0.000
1780681928.083,292.570,98675,98747,0,0.000
1780681928.133,292.620,98675,98747,0,0.000
1780681928.184,292.670,98675,98747,0,0.000
1780681928.234,292.721,98675,98747,0,0.000
1780681928.284,292.771,98675,98747,0,0.000
1780681928.335,292.822,98675,98747,0,0.000
1780681928.385,292.872,98675,98747,0,0.000
1780681928.436,292.922,98675,98747,0,0.000
1780681928.486,292.973,98675,98747,0,0.000
1780681928.536,293.023,98675,98747,0,0.000
1780681928.587,293.073,98675,98747,0,0.000
1780681928.637,293.124,98675,98747,0,0.000
1780681928.687,293.174,98675,98747,0,0.000
1780681928.738,293.224,98675,98747,0,0.000
1780681928.788,293.275,98675,98747,0,0.000
1780681928.839,293.325,98675,98747,0,0.000
1780681928.889,293.376,98675,98747,0,0.000
1780681928.939,293.426,98675,98747,0,0.000
1780681928.990,293.477,98675,98747,0,0.000
1780681929.040,293.527,98675,98747,0,0.000
1780681929.090,293.577,98675,98747,0,0.000
1780681929.141,293.628,98675,98747,0,0.000
1780681929.191,293.678,98675,98747,0,0.000
1780681929.242,293.728,98675,98747,0,0.000
1780681929.292,293.779,98675,98747,0,0.000
1780681929.342,293.829,98675,98747,0,0.000
1780681929.393,293.880,98675,98747,0,0.000
1780681929.443,293.930,98675,98747,0,0.000
1780681929.494,293.980,98675,98747,0,0.000
1780681929.544,294.031,98675,98747,0,0.000
1780681929.594,294.081,98675,98747,0,0.000
1780681929.645,294.132,98675,98747,0,0.000
1780681929.695,294.182,98675,98747,0,0.000
1780681929.745,294.232,98675,98747,0,0.000
1780681929.796,294.283,98675,98747,0,0.000
1780681929.846,294.333,98675,98747,0,0.000
1780681929.897,294.383,98675,98747,0,0.000
1780681929.947,294.434,98675,98747,0,0.000
1780681929.997,294.484,98675,98747,0,0.000
1780681930.048,294.535,98675,98747,0,0.000
1780681930.098,294.585,98675,98747,0,0.000
1780681930.149,294.635,98675,98747,0,0.000
1780681930.199,294.686,98675,98747,0,0.000
1780681930.249,294.736,98675,98747,0,0.000
1780681930.299,294.786,98675,98747,0,0.000
1780681930.350,294.837,98675,98747,0,0.000
1780681930.400,294.887,98675,98747,0,0.000
1780681930.451,294.937,98675,98747,0,0.000
1780681930.501,294.988,98675,98747,0,0.000
1780681930.551,295.038,98675,98747,0,0.000
1780681930.602,295.088,98675,98747,0,0.000
1780681930.652,295.139,98675,98747,0,0.000
1780681930.702,295.189,98675,98747,0,0.000
1780681930.753,295.240,98675,98747,0,0.000
1780681930.803,295.290,98675,98747,0,0.000
1780681930.853,295.340,98675,98747,0,0.000
1780681930.904,295.391,98675,98747,0,0.000
1780681930.954,295.441,98675,98747,0,0.000
1780681931.005,295.491,98675,98747,0,0.000
1780681931.055,295.542,98675,98747,0,0.000
1780681931.106,295.592,98675,98747,0,0.000
1780681931.156,295.643,98675,98747,0,0.000
1780681931.207,295.693,98675,98747,0,0.000
1780681931.257,295.744,98675,98747,0,0.000
1780681931.307,295.794,98675,98747,0,0.000
1780681931.358,295.845,98675,98747,0,0.000
1780681931.409,295.895,98675,98747,0,0.000
1780681931.459,295.946,98675,98747,0,0.000
1780681931.510,295.996,98675,98747,0,0.000
1780681931.560,296.047,98675,98747,0,0.000
1780681931.611,296.097,98675,98747,0,0.000
1780681931.661,296.148,98675,98747,0,0.000
1780681931.712,296.198,98675,98747,0,0.000
1780681931.762,296.249,98675,98747,0,0.000
1780681931.812,296.299,98675,98747,0,0.000
1780681931.863,296.350,98675,98747,0,0.000
1780681931.913,296.400,98675,98747,0,0.000
1780681931.964,296.451,98675,98747,0,0.000
1780681932.014,296.501,98675,98747,0,0.000
1780681932.065,296.552,98675,98747,0,0.000
1780681932.115,296.602,98675,98747,0,0.000
1780681932.166,296.653,98675,98747,0,0.000
1780681932.216,296.703,98675,98747,0,0.000
1780681932.267,296.754,98675,98747,0,0.000
1780681932.317,296.804,98675,98747,0,0.000
1780681932.368,296.855,98675,98747,0,0.000
1780681932.418,296.905,98675,98747,0,0.000
1780681932.469,296.956,98675,98747,0,0.000
1780681932.519,297.006,98675,98747,0,0.000
1780681932.570,297.057,98675,98747,0,0.000
1780681932.620,297.107,98675,98747,0,0.000
1780681932.671,297.157,98675,98747,0,0.000
1780681932.721,297.208,98675,98747,0,0.000
1780681932.772,297.258,98675,98747,0,0.000
1780681932.822,297.309,98675,98747,0,0.000
1780681932.873,297.359,98675,98747,0,0.000
1780681932.923,297.410,98675,98747,0,0.000
1780681932.974,297.461,98675,98747,0,0.000
1780681933.024,297.511,98675,98747,0,0.000
1780681933.075,297.562,98675,98747,0,0.000
1780681933.125,297.612,98675,98747,0,0.000
1780681933.175,297.662,98675,98747,0,0.000
1780681933.226,297.713,98675,98747,0,0.000
1780681933.276,297.763,98675,98747,0,0.000
1780681933.326,297.813,98675,98747,0,0.000
1780681933.377,297.864,98675,98747,0,0.000
1780681933.427,297.914,98675,98747,0,0.000
1780681933.477,297.964,98675,98747,0,0.000
1780681933.528,298.014,98675,98747,0,0.000
1780681933.578,298.065,98675,98747,0,0.000
1780681933.628,298.115,98675,98747,0,0.000
1780681933.679,298.165,98675,98747,0,0.000
1780681933.729,298.216,98675,98747,0,0.000
1780681933.779,298.266,98675,98747,0,0.000
1780681933.830,298.316,98675,98747,0,0.000
1780681933.880,298.367,98675,98747,0,0.000
1780681933.930,298.417,98675,98747,0,0.000
1780681933.981,298.468,98675,98747,0,0.000
1780681934.031,298.518,98675,98747,0,0.000
1780681934.081,298.568,98675,98747,0,0.000
1780681934.132,298.618,98675,98747,0,0.000
1780681934.182,298.669,98675,98747,0,0.000
1780681934.232,298.719,98675,98747,0,0.000
1780681934.283,298.769,98675,98747,0,0.000
1780681934.333,298.820,98675,98747,0,0.000
1780681934.383,298.870,98675,98747,0,0.000
1780681934.433,298.920,98675,98747,0,0.000
1780681934.484,298.971,98675,98747,0,0.000
1780681934.534,299.021,98675,98747,0,0.000
1780681934.585,299.071,98675,98747,0,0.000
1780681934.635,299.122,98675,98747,0,0.000
1780681934.685,299.172,98675,98747,0,0.000
1780681934.736,299.222,98675,98747,0,0.000
1780681934.786,299.273,98675,98747,0,0.000
1780681934.836,299.323,98675,98747,0,0.000
1780681934.887,299.373,98675,98747,0,0.000
1780681934.937,299.424,98675,98747,0,0.000
1780681934.988,299.474,98675,98747,0,0.000
1780681935.038,299.525,98675,98747,0,0.000
1780681935.088,299.575,98675,98747,0,0.000
1780681935.139,299.625,98675,98747,0,0.000
1780681935.189,299.676,98675,98747,0,0.000
1780681935.239,299.726,98675,98747,0,0.000
1780681935.290,299.777,98675,98747,0,0.000
1780681935.340,299.827,98675,98747,0,0.000
1780681935.391,299.877,98675,98747,0,0.000
1780681935.441,299.928,98675,98747,0,0.000
1780681935.491,299.978,98675,98747,0,0.000
1780681935.542,300.028,98675,98747,0,0.000
1780681935.592,300.079,98675,98747,0,0.000
1780681935.642,300.129,98675,98747,0,0.000
1780681935.693,300.180,98675,98747,0,0.000
1780681935.743,300.230,98675,98747,0,0.000
1780681935.794,300.280,98675,98747,0,0.000
1780681935.844,300.331,98675,98747,0,0.000
1780681935.894,300.381,98675,98747,0,0.000
1780681935.945,300.432,98675,98747,0,0.000
1780681935.995,300.482,98675,98747,0,0.000
1780681936.046,300.532,98675,98747,2,0.000
1780681937.766,302.252,98675,98747,2,0.000
1780681937.816,302.303,98675,98747,2,0.000
1780681937.867,302.353,98675,98747,2,0.000
1780681937.917,302.404,98675,98747,2,0.000
1780681937.968,302.454,98675,98747,2,0.000
1780681938.018,302.505,98675,98747,2,0.000
1780681938.069,302.555,98675,98747,2,0.000
1780681938.119,302.606,98675,98747,2,0.000
1780681938.170,302.657,98675,98747,2,0.000
1780681938.220,302.707,98675,98747,2,0.000
1780681938.271,302.758,98675,98747,2,0.000
1780681938.321,302.808,98675,98747,2,0.000
1780681938.372,302.859,98675,98747,2,0.000
1780681938.423,302.909,98675,98747,2,0.000
1780681938.473,302.960,98675,98747,2,0.000
1780681938.524,303.011,98675,98747,2,0.000
1780681938.574,303.061,98675,98747,2,0.000
1780681938.625,303.112,98675,98747,2,0.000
1780681938.676,303.162,98675,98747,2,0.000
1780681938.726,303.213,98675,98747,2,0.000
1780681938.777,303.264,98675,98747,2,0.000
1780681938.827,303.314,98675,98747,2,0.000
1780681938.878,303.365,98675,98747,2,0.000
1780681938.928,303.415,98675,98747,2,0.000
1780681938.979,303.466,98675,98747,2,0.000
1780681939.029,303.516,98675,98747,2,0.000
1780681939.080,303.567,98675,98747,2,0.000
1780681939.131,303.617,98675,98747,2,0.000
1780681939.181,303.668,98675,98747,2,0.000
1780681939.232,303.718,98675,98747,2,0.000
1780681939.282,303.769,98675,98747,2,0.000
1780681939.333,303.819,98675,98747,2,0.000
1780681939.384,303.870,98675,98747,2,0.000
1780681939.434,303.921,98675,98747,2,0.000
1780681939.485,303.972,98675,98747,2,0.000
1780681939.536,304.022,98675,98747,2,0.000
1780681939.586,304.073,98675,98747,2,0.000
1780681939.637,304.124,98675,98747,2,0.000
1780681939.688,304.175,98675,98747,2,0.000
1780681939.738,304.225,98675,98747,2,0.000
1780681939.789,304.276,98675,98747,2,0.000
1780681939.840,304.327,98675,98747,2,0.000
1780681939.891,304.378,98675,98747,2,0.000
1780681939.942,304.428,98675,98747,2,0.000
1780681939.992,304.479,98675,98747,2,0.000
1780681940.043,304.530,98675,98747,2,0.000
1780681940.094,304.581,98675,98747,2,0.000
1780681940.145,304.631,98675,98747,2,0.000
1780681940.195,304.682,98675,98747,2,0.000
1780681940.246,304.733,98675,98747,2,0.000
1780681940.297,304.784,98675,98747,2,0.000
1780681940.347,304.834,98675,98747,2,0.000
1780681940.398,304.885,98675,98747,2,0.000
1780681940.449,304.935,98675,98747,2,0.000
1780681940.499,304.986,98675,98747,2,0.000
1780681940.550,305.037,98675,98747,2,0.000
1780681940.601,305.088,98675,98747,2,19.621
1780681940.652,305.139,98675,98747,2,0.000
1780681940.703,305.189,98675,98747,2,0.000
1780681940.753,305.240,98675,98747,2,0.000
1780681940.804,305.291,98675,98747,2,0.000
1780681940.855,305.341,98675,98747,2,0.000
1780681940.905,305.392,98675,98747,2,0.000
1780681940.956,305.443,98675,98747,2,0.000
1780681941.007,305.493,98675,98747,2,0.000
1780681941.057,305.544,98675,98747,2,0.000
1780681960.601,325.088,98675,98747,2,0.000
1780681962.765,327.251,98675,98747,2,0.462
1780681962.816,327.302,98675,98747,2,0.000
1780681962.866,327.353,98675,98747,2,0.000
1780681962.917,327.403,98675,98747,2,0.000
1780681962.967,327.454,98675,98747,2,0.000
1780681963.018,327.504,98675,98747,2,0.000
1780681963.068,327.555,98675,98747,2,0.000
1780681963.119,327.605,98675,98747,2,0.000
1780681963.169,327.656,98675,98747,2,0.000
1780681963.220,327.707,98675,98747,2,0.000
1780681963.270,327.757,98675,98747,2,0.000
1780681963.321,327.808,98675,98747,2,0.000
1780681963.371,327.858,98675,98747,2,0.000
1780681963.422,327.909,98675,98747,2,0.000
1780681963.472,327.959,98675,98747,2,0.000
1780681963.523,328.010,98675,98747,2,0.000
1780681963.573,328.060,98675,98747,2,0.000
1780681963.624,328.111,98675,98747,2,0.000
1780681963.674,328.161,98675,98747,2,0.000
1780681963.725,328.212,98675,98747,2,0.000
