wall_time_unix,elapsed_s,launcher_pid,ov2slam_pid,last_cpu,process_cpu_percent
1780765190.522,0.051,510442,510514,1,0.000
1780765190.575,0.104,510442,510514,1,0.000
1780765190.627,0.156,510442,510514,1,0.000
1780765190.678,0.207,510442,510514,1,0.000
1780765190.730,0.259,510442,510514,1,19.417
1780765190.781,0.310,510442,510514,1,0.000
1780765190.833,0.362,510442,510514,1,0.000
1780765190.884,0.413,510442,510514,1,19.439
1780765190.936,0.465,510442,510514,1,0.000
1780765190.987,0.516,510442,510514,1,0.000
1780765191.039,0.568,510442,510514,1,0.000
1780765191.090,0.619,510442,510514,1,19.428
1780765191.142,0.671,510442,510514,1,0.000
1780765191.193,0.722,510442,510514,1,19.434
1780765191.245,0.774,510442,510514,1,0.000
1780765191.296,0.825,510442,510514,1,0.000
1780765191.348,0.876,510442,510514,1,0.000
1780765191.399,0.928,510442,510514,1,19.432
1780765191.451,0.979,510442,510514,1,0.000
1780765191.502,1.031,510442,510514,1,0.000
1780765191.553,1.082,510442,510514,1,0.000
1780765191.605,1.134,510442,510514,1,19.444
1780765191.656,1.185,510442,510514,1,0.000
1780765191.708,1.237,510442,510514,1,0.000
1780765191.759,1.288,510442,510514,1,0.000
1780765191.811,1.340,510442,510514,1,0.000
1780765191.862,1.391,510442,510514,1,19.427
1780765191.914,1.443,510442,510514,1,0.000
1780765191.965,1.494,510442,510514,1,19.364
1780765192.017,1.546,510442,510514,1,0.000
1780765192.068,1.597,510442,510514,1,0.000
1780765192.120,1.649,510442,510514,1,0.000
1780765192.171,1.700,510442,510514,1,0.000
1780765192.223,1.752,510442,510514,1,0.000
1780765192.274,1.803,510442,510514,1,19.421
1780765192.326,1.855,510442,510514,1,0.000
1780765192.377,1.906,510442,510514,1,0.000
1780765192.429,1.958,510442,510514,1,0.000
1780765192.480,2.009,510442,510514,1,19.426
1780765192.532,2.060,510442,510514,1,19.439
1780765192.583,2.112,510442,510514,1,0.000
1780765192.635,2.163,510442,510514,1,0.000
1780765192.686,2.215,510442,510514,1,0.000
1780765192.737,2.266,510442,510514,1,0.000
1780765192.789,2.318,510442,510514,1,0.000
1780765192.840,2.369,510442,510514,1,19.437
1780765192.892,2.421,510442,510514,1,0.000
1780765192.943,2.472,510442,510514,1,0.000
1780765192.995,2.524,510442,510514,1,19.404
1780765193.046,2.575,510442,510514,1,0.000
1780765193.098,2.627,510442,510514,1,0.000
1780765193.149,2.678,510442,510514,1,19.440
1780765193.201,2.729,510442,510514,1,0.000
1780765193.252,2.781,510442,510514,1,0.000
1780765193.304,2.832,510442,510514,1,0.000
1780765193.355,2.884,510442,510514,1,19.431
1780765193.406,2.935,510442,510514,1,0.000
1780765193.458,2.987,510442,510514,1,0.000
1780765193.509,3.038,510442,510514,1,19.439
1780765193.561,3.090,510442,510514,1,0.000
1780765193.612,3.141,510442,510514,1,0.000
1780765193.664,3.193,510442,510514,1,0.000
1780765193.715,3.244,510442,510514,1,0.000
1780765193.767,3.295,510442,510514,1,19.434
1780765193.818,3.347,510442,510514,1,0.000
1780765193.870,3.398,510442,510514,1,19.431
1780765193.921,3.450,510442,510514,1,0.000
1780765193.973,3.501,510442,510514,1,0.000
1780765194.026,3.555,510442,510514,1,0.000
1780765194.078,3.606,510442,510514,1,0.000
1780765194.130,3.659,510442,510514,1,19.010
1780765194.182,3.711,510442,510514,1,0.000
1780765194.234,3.763,510442,510514,1,19.180
1780765194.287,3.815,510442,510514,1,0.000
1780765194.339,3.868,510442,510514,1,0.000
1780765194.391,3.920,510442,510514,1,19.184
1780765194.443,3.972,510442,510514,1,0.000
1780765194.495,4.024,510442,510514,1,19.208
1780765194.547,4.076,510442,510514,1,0.000
1780765194.599,4.128,510442,510514,1,19.200
1780765194.651,4.180,510442,510514,1,0.000
1780765194.703,4.232,510442,510514,1,0.000
1780765194.756,4.284,510442,510514,1,19.196
1780765194.808,4.337,510442,510514,1,0.000
1780765194.860,4.389,510442,510514,1,19.189
1780765194.912,4.441,510442,510514,1,0.000
1780765194.964,4.493,510442,510514,1,0.000
1780765195.016,4.545,510442,510514,1,19.216
1780765195.068,4.597,510442,510514,1,19.220
1780765195.120,4.649,510442,510514,1,0.000
1780765195.172,4.701,510442,510514,1,0.000
1780765195.224,4.753,510442,510514,1,19.216
1780765195.276,4.805,510442,510514,1,0.000
1780765195.328,4.857,510442,510514,1,0.000
1780765195.381,4.909,510442,510514,1,0.000
1780765195.433,4.961,510442,510514,1,19.222
1780765195.485,5.013,510442,510514,1,19.222
1780765195.537,5.066,510442,510514,1,0.000
1780765195.589,5.118,510442,510514,1,19.205
1780765195.641,5.170,510442,510514,1,0.000
1780765195.693,5.222,510442,510514,1,0.000
1780765195.745,5.274,510442,510514,1,19.228
1780765195.797,5.326,510442,510514,1,0.000
1780765195.849,5.378,510442,510514,1,0.000
1780765195.901,5.430,510442,510514,1,0.000
1780765195.953,5.482,510442,510514,1,19.218
1780765196.005,5.534,510442,510514,1,0.000
1780765196.057,5.586,510442,510514,1,19.222
1780765196.109,5.638,510442,510514,1,19.225
1780765196.161,5.690,510442,510514,1,0.000
1780765196.213,5.742,510442,510514,1,19.220
1780765196.265,5.794,510442,510514,1,0.000
1780765196.317,5.846,510442,510514,1,0.000
1780765196.370,5.898,510442,510514,1,19.122
1780765196.422,5.950,510442,510514,1,0.000
1780765196.474,6.003,510442,510514,1,0.000
1780765196.526,6.055,510442,510514,1,19.213
1780765196.578,6.107,510442,510514,1,0.000
1780765196.630,6.159,510442,510514,1,19.217
1780765196.682,6.211,510442,510514,1,0.000
1780765196.734,6.263,510442,510514,1,19.215
1780765196.786,6.315,510442,510514,1,0.000
1780765196.838,6.367,510442,510514,1,0.000
1780765196.890,6.419,510442,510514,1,19.226
1780765196.942,6.471,510442,510514,1,0.000
1780765196.994,6.523,510442,510514,1,19.207
1780765197.046,6.575,510442,510514,1,0.000
1780765197.098,6.627,510442,510514,1,0.000
1780765197.150,6.679,510442,510514,1,19.201
1780765197.202,6.731,510442,510514,1,0.000
1780765197.255,6.783,510442,510514,1,19.214
1780765197.307,6.835,510442,510514,1,0.000
1780765197.359,6.887,510442,510514,1,19.203
1780765197.411,6.940,510442,510514,1,0.000
1780765197.463,6.992,510442,510514,1,0.000
1780765197.515,7.044,510442,510514,1,19.210
1780765197.567,7.096,510442,510514,1,0.000
1780765197.619,7.148,510442,510514,1,0.000
1780765197.671,7.200,510442,510514,1,19.211
1780765197.723,7.252,510442,510514,1,19.214
1780765197.775,7.304,510442,510514,1,0.000
1780765197.827,7.356,510442,510514,1,0.000
1780765197.879,7.408,510442,510514,1,0.000
1780765197.931,7.460,510442,510514,1,19.210
1780765197.983,7.512,510442,510514,1,0.000
1780765198.036,7.565,510442,510514,1,0.000
1780765198.088,7.617,510442,510514,1,19.193
1780765198.140,7.669,510442,510514,1,0.000
1780765198.192,7.721,510442,510514,1,19.210
1780765198.244,7.773,510442,510514,1,0.000
1780765198.296,7.825,510442,510514,1,19.208
1780765198.348,7.877,510442,510514,1,0.000
1780765198.401,7.930,510442,510514,1,18.950
1780765198.455,7.984,510442,510514,1,0.000
1780765198.509,8.038,510442,510514,1,18.658
1780765198.561,8.090,510442,510514,1,0.000
1780765198.614,8.142,510442,510514,1,0.000
1780765198.666,8.195,510442,510514,1,19.168
1780765198.718,8.247,510442,510514,1,0.000
1780765198.770,8.299,510442,510514,1,19.179
1780765198.822,8.351,510442,510514,1,0.000
1780765198.874,8.403,510442,510514,1,19.152
1780765198.927,8.455,510442,510514,1,0.000
1780765198.979,8.508,510442,510514,1,0.000
1780765199.031,8.560,510442,510514,1,0.000
1780765199.083,8.612,510442,510514,1,19.177
1780765199.135,8.664,510442,510514,1,0.000
1780765199.187,8.716,510442,510514,1,0.000
1780765199.240,8.768,510442,510514,1,19.194
1780765199.292,8.820,510442,510514,1,19.211
1780765199.344,8.873,510442,510514,1,0.000
1780765199.396,8.925,510442,510514,1,0.000
1780765199.448,8.977,510442,510514,1,0.000
1780765199.500,9.029,510442,510514,1,19.219
1780765199.552,9.081,510442,510514,1,19.212
1780765199.604,9.133,510442,510514,1,0.000
1780765199.656,9.185,510442,510514,1,0.000
1780765199.708,9.237,510442,510514,1,19.216
1780765199.760,9.289,510442,510514,1,0.000
1780765199.812,9.341,510442,510514,1,0.000
1780765199.864,9.393,510442,510514,1,19.206
1780765199.916,9.445,510442,510514,1,0.000
1780765199.968,9.497,510442,510514,1,19.200
1780765200.020,9.549,510442,510514,1,0.000
1780765200.072,9.601,510442,510514,1,0.000
1780765200.124,9.653,510442,510514,1,0.000
1780765200.177,9.705,510442,510514,1,19.210
1780765200.229,9.757,510442,510514,1,0.000
1780765200.281,9.809,510442,510514,1,19.221
1780765200.333,9.862,510442,510514,1,19.201
1780765200.385,9.914,510442,510514,1,0.000
1780765200.437,9.966,510442,510514,1,0.000
1780765200.489,10.018,510442,510514,1,19.218
1780765200.541,10.070,510442,510514,1,0.000
1780765200.593,10.122,510442,510514,1,19.218
1780765200.645,10.174,510442,510514,1,0.000
1780765200.697,10.226,510442,510514,1,0.000
1780765200.749,10.278,510442,510514,1,19.221
1780765200.801,10.330,510442,510514,1,0.000
1780765200.853,10.382,510442,510514,1,19.203
1780765200.905,10.434,510442,510514,1,0.000
1780765200.957,10.486,510442,510514,1,0.000
1780765201.009,10.538,510442,510514,1,19.203
1780765201.061,10.590,510442,510514,1,0.000
1780765201.113,10.642,510442,510514,1,19.211
1780765201.165,10.694,510442,510514,1,0.000
1780765201.218,10.746,510442,510514,1,0.000
1780765201.270,10.798,510442,510514,1,19.219
1780765201.322,10.850,510442,510514,1,0.000
1780765201.374,10.902,510442,510514,1,19.218
1780765201.426,10.955,510442,510514,1,0.000
1780765201.478,11.007,510442,510514,1,0.000
1780765201.530,11.059,510442,510514,1,19.214
1780765201.582,11.111,510442,510514,1,0.000
1780765201.634,11.163,510442,510514,1,19.211
1780765201.686,11.215,510442,510514,1,0.000
1780765201.738,11.267,510442,510514,1,0.000
1780765201.790,11.319,510442,510514,1,19.219
1780765201.842,11.371,510442,510514,1,0.000
1780765201.894,11.423,510442,510514,1,0.000
1780765201.946,11.475,510442,510514,1,0.000
1780765201.998,11.527,510442,510514,1,19.187
1780765202.050,11.579,510442,510514,1,0.000
1780765202.102,11.631,510442,510514,1,19.202
1780765202.155,11.683,510442,510514,1,0.000
1780765202.207,11.736,510442,510514,1,0.000
1780765202.259,11.788,510442,510514,1,0.000
1780765202.311,11.840,510442,510514,1,38.376
1780765202.363,11.892,510442,510514,1,0.000
1780765202.415,11.944,510442,510514,1,0.000
1780765202.467,11.996,510442,510514,1,19.207
1780765202.519,12.048,510442,510514,1,0.000
1780765202.571,12.100,510442,510514,1,0.000
1780765202.623,12.152,510442,510514,1,19.208
1780765202.675,12.204,510442,510514,1,0.000
1780765202.727,12.256,510442,510514,1,19.214
1780765202.780,12.308,510442,510514,1,0.000
1780765202.832,12.360,510442,510514,1,0.000
1780765202.884,12.413,510442,510514,1,19.206
1780765202.936,12.465,510442,510514,1,0.000
1780765202.988,12.517,510442,510514,1,0.000
1780765203.040,12.569,510442,510514,1,19.184
1780765203.092,12.621,510442,510514,1,0.000
1780765203.144,12.673,510442,510514,1,0.000
1780765203.196,12.725,510442,510514,1,19.196
1780765203.248,12.777,510442,510514,1,0.000
1780765203.300,12.829,510442,510514,1,19.218
1780765203.352,12.881,510442,510514,1,0.000
1780765203.404,12.933,510442,510514,1,0.000
1780765203.457,12.985,510442,510514,1,19.218
1780765203.509,13.037,510442,510514,1,0.000
1780765203.561,13.090,510442,510514,1,19.202
1780765203.613,13.142,510442,510514,1,0.000
1780765203.665,13.194,510442,510514,1,0.000
1780765203.717,13.246,510442,510514,1,19.209
1780765203.769,13.298,510442,510514,1,0.000
1780765203.821,13.350,510442,510514,1,19.199
1780765203.873,13.402,510442,510514,1,0.000
1780765203.925,13.454,510442,510514,1,0.000
1780765203.977,13.506,510442,510514,1,19.198
1780765204.030,13.558,510442,510514,1,0.000
1780765204.189,13.718,510442,510514,1,6.256
1780765204.242,13.770,510442,510514,1,19.163
1780765204.294,13.822,510442,510514,1,0.000
1780765204.346,13.875,510442,510514,1,19.183
1780765204.398,13.927,510442,510514,1,0.000
1780765204.450,13.979,510442,510514,1,0.000
1780765204.502,14.031,510442,510514,1,38.339
1780765204.554,14.083,510442,510514,1,0.000
1780765204.606,14.135,510442,510514,1,0.000
1780765204.659,14.187,510442,510514,1,19.196
1780765204.711,14.239,510442,510514,1,0.000
1780765204.763,14.291,510442,510514,1,0.000
1780765204.815,14.344,510442,510514,1,19.179
1780765204.867,14.396,510442,510514,1,0.000
1780765204.919,14.448,510442,510514,1,19.209
1780765204.971,14.500,510442,510514,1,0.000
1780765205.023,14.552,510442,510514,1,0.000
1780765205.075,14.604,510442,510514,1,19.200
1780765205.127,14.656,510442,510514,1,0.000
1780765205.179,14.708,510442,510514,1,0.000
1780765205.232,14.760,510442,510514,1,19.182
1780765205.284,14.812,510442,510514,1,0.000
1780765205.336,14.865,510442,510514,1,0.000
1780765205.388,14.917,510442,510514,1,19.209
1780765205.440,14.969,510442,510514,1,0.000
1780765205.492,15.021,510442,510514,1,19.216
1780765205.544,15.073,510442,510514,1,0.000
1780765205.596,15.125,510442,510514,1,0.000
1780765205.649,15.178,510442,510514,1,18.749
1780765205.703,15.232,510442,510514,1,0.000
1780765205.755,15.284,510442,510514,1,19.111
1780765205.808,15.337,510442,510514,1,0.000
1780765205.860,15.389,510442,510514,1,0.000
1780765205.912,15.441,510442,510514,1,0.000
1780765205.965,15.493,510442,510514,1,38.124
1780765206.017,15.546,510442,510514,1,0.000
1780765206.070,15.599,510442,510514,1,0.000
1780765206.122,15.651,510442,510514,1,0.000
1780765206.174,15.703,510442,510514,1,0.000
1780765206.229,15.758,510442,510514,1,18.208
1780765206.281,15.810,510442,510514,1,0.000
1780765206.333,15.862,510442,510514,1,0.000
1780765206.385,15.914,510442,510514,1,19.299
1780765206.436,15.965,510442,510514,1,19.344
1780765206.488,16.017,510442,510514,1,0.000
1780765206.540,16.069,510442,510514,1,0.000
1780765206.592,16.121,510442,510514,1,19.176
1780765206.646,16.175,510442,510514,1,0.000
1780765206.698,16.227,510442,510514,1,0.000
1780765206.750,16.279,510442,510514,1,19.143
1780765206.806,16.335,510442,510514,1,0.000
1780765206.858,16.386,510442,510514,1,0.000
1780765206.910,16.438,510442,510514,1,19.203
1780765206.962,16.490,510442,510514,1,0.000
1780765207.016,16.545,510442,510514,1,18.473
1780765207.072,16.601,510442,510514,1,0.000
1780765207.124,16.653,510442,510514,1,19.231
1780765207.176,16.705,510442,510514,1,172.161
1780765207.229,16.758,510442,510514,1,37.950
1780765207.281,16.810,510442,510514,1,114.561
1780765207.334,16.863,510442,510514,1,76.506
1780765207.386,16.915,510442,510514,1,38.250
1780765207.438,16.967,510442,510514,1,38.430
1780765207.491,17.020,510442,510514,1,56.671
1780765207.543,17.072,510442,510514,1,38.440
1780765207.597,17.126,510442,510514,1,37.036
1780765207.649,17.178,510442,510514,1,38.427
1780765207.702,17.231,510442,510514,1,37.954
1780765207.756,17.285,510442,510514,1,74.048
1780765207.810,17.338,510442,510514,1,37.158
1780765207.867,17.396,510442,510514,1,35.008
1780765207.919,17.448,510442,510514,1,38.189
1780765207.971,17.500,510442,510514,1,38.244
1780765208.023,17.552,510442,510514,1,38.424
1780765208.076,17.604,510442,510514,1,38.389
1780765208.128,17.657,510442,510514,1,37.914
1780765208.183,17.712,510442,510514,1,36.526
1780765208.235,17.764,510442,510514,1,38.249
1780765208.287,17.816,510442,510514,1,38.423
1780765208.340,17.869,510442,510514,1,133.423
1780765208.392,17.921,510442,510514,1,57.643
1780765208.444,17.973,510442,510514,1,38.438
1780765208.496,18.025,510442,510514,1,38.465
1780765208.548,18.077,510442,510514,1,38.450
1780765208.600,18.129,510442,510514,1,38.424
1780765208.653,18.182,510442,510514,1,37.665
1780765208.705,18.234,510442,510514,1,57.368
1780765208.758,18.287,510442,510514,1,57.307
1780765208.814,18.343,510442,510514,1,35.662
1780765208.866,18.395,510442,510514,1,38.274
1780765208.918,18.447,510442,510514,1,38.545
1780765208.977,18.506,510442,510514,1,50.685
1780765209.031,18.560,510442,510514,1,36.892
1780765209.084,18.613,510442,510514,1,19.006
1780765209.136,18.665,510442,510514,1,38.459
1780765209.188,18.717,510442,510514,2,57.731
1780765209.240,18.769,510442,510514,2,38.463
1780765209.292,18.821,510442,510514,2,19.152
1780765209.344,18.873,510442,510514,3,38.472
1780765209.396,18.925,510442,510514,3,153.865
1780765209.448,18.977,510442,510514,3,38.423
1780765209.500,19.029,510442,510514,3,38.447
1780765209.553,19.082,510442,510514,3,38.054
1780765209.605,19.134,510442,510514,3,57.003
1780765209.658,19.186,510442,510514,3,57.523
1780765209.713,19.242,510442,510514,3,35.805
1780765209.766,19.295,510442,510514,3,37.830
1780765209.818,19.347,510442,510514,3,57.648
1780765209.870,19.399,510442,510514,3,19.229
1780765209.922,19.451,510442,510514,3,38.470
1780765209.974,19.503,510442,510514,3,57.574
1780765210.027,19.555,510442,510514,3,38.437
1780765210.079,19.607,510442,510514,3,38.452
1780765210.131,19.659,510442,510514,3,38.469
1780765210.182,19.711,510442,510514,3,38.476
1780765210.235,19.763,510442,510514,3,38.443
1780765210.287,19.815,510442,510514,3,38.456
1780765210.339,19.867,510442,510514,3,57.683
1780765210.391,19.920,510442,510514,3,19.059
1780765210.443,19.972,510442,510514,3,153.651
1780765210.495,20.024,510442,510514,3,57.477
1780765210.547,20.076,510442,510514,3,38.488
1780765210.599,20.128,510442,510514,3,57.663
1780765210.652,20.181,510442,510514,3,56.610
1780765210.705,20.234,510442,510514,3,56.644
1780765210.758,20.286,510442,510514,3,57.293
1780765210.811,20.340,510442,510514,3,55.883
1780765210.864,20.393,510442,510514,3,207.978
1780765210.917,20.446,510442,510514,2,113.579
1780765210.969,20.498,510442,510514,2,76.812
1780765211.022,20.551,510442,510514,1,170.662
1780765211.074,20.603,510442,510514,3,57.543
1780765211.126,20.655,510442,510514,3,115.046
1780765211.180,20.709,510442,510514,2,147.365
1780765211.232,20.761,510442,510514,3,19.230
1780765211.284,20.813,510442,510514,3,134.676
1780765211.337,20.866,510442,510514,3,133.567
1780765211.389,20.918,510442,510514,3,38.467
1780765211.441,20.969,510442,510514,3,134.755
1780765211.494,21.022,510442,510514,3,151.104
1780765211.546,21.075,510442,510514,3,57.392
1780765211.598,21.127,510442,510514,3,134.603
1780765211.651,21.179,510442,510514,3,151.781
1780765211.704,21.232,510442,510514,3,75.433
1780765211.756,21.285,510442,510514,3,153.046
1780765211.809,21.337,510442,510514,3,170.561
1780765211.861,21.390,510442,510514,3,57.352
1780765211.913,21.442,510442,510514,3,38.458
1780765211.966,21.495,510442,510514,3,56.713
1780765212.018,21.547,510442,510514,3,191.948
1780765212.070,21.599,510442,510514,3,134.442
1780765212.122,21.651,510442,510514,3,57.594
1780765212.174,21.703,510442,510514,3,38.517
1780765212.226,21.755,510442,510514,3,57.671
1780765212.278,21.807,510442,510514,3,57.651
1780765212.330,21.859,510442,510514,3,115.091
1780765212.383,21.911,510442,510514,3,133.723
1780765212.435,21.964,510442,510514,3,153.308
1780765212.487,22.016,510442,510514,3,115.238
1780765212.539,22.068,510442,510514,3,153.216
1780765212.592,22.121,510442,510514,3,132.754
1780765212.644,22.173,510442,510514,3,153.608
1780765212.696,22.225,510442,510514,3,134.162
1780765212.748,22.277,510442,510514,3,152.944
1780765212.800,22.329,510442,510514,3,134.396
1780765212.853,22.381,510442,510514,3,153.631
1780765212.905,22.434,510442,510514,3,152.614
1780765212.957,22.486,510442,510514,3,190.806
1780765213.010,22.539,510442,510514,3,152.682
1780765213.063,22.591,510442,510514,3,151.245
1780765213.115,22.644,510442,510514,3,209.129
1780765213.168,22.697,510442,510514,3,170.020
1780765213.220,22.749,510442,510514,3,133.887
1780765213.273,22.801,510442,510514,3,192.110
1780765213.325,22.853,510442,510514,3,134.313
1780765213.380,22.909,510442,510514,3,162.733
1780765213.436,22.965,510442,510514,3,179.099
1780765213.490,23.019,510442,510514,3,128.011
1780765213.543,23.072,510442,510514,3,246.778
1780765213.596,23.125,510442,510514,3,169.773
1780765213.648,23.177,510442,510514,1,134.291
1780765213.702,23.231,510442,510514,1,204.715
1780765213.756,23.285,510442,510514,1,165.805
1780765213.811,23.340,510442,510514,1,254.898
1780765213.866,23.395,510442,510514,1,181.205
1780765213.919,23.448,510442,510514,1,248.363
1780765213.977,23.506,510442,510514,1,188.814
1780765214.031,23.559,510442,510514,1,223.680
1780765214.084,23.613,510442,510514,1,131.701
1780765214.137,23.666,510442,510514,1,224.608
1780765214.191,23.720,510442,510514,1,204.788
1780765214.245,23.774,510442,510514,1,203.077
1780765214.300,23.829,510442,510514,1,180.651
1780765214.353,23.882,510442,510514,1,153.104
1780765214.407,23.936,510442,510514,1,203.743
1780765214.465,23.994,510442,510514,1,187.068
1780765214.518,24.047,510442,510514,1,153.010
1780765214.571,24.100,510442,510514,1,245.580
1780765214.631,24.159,510442,510514,1,150.461
1780765214.685,24.213,510442,510514,1,185.076
1780765214.739,24.268,510442,510514,1,202.743
1780765214.791,24.320,510442,510514,1,209.079
1780765214.849,24.378,510442,510514,1,173.190
1780765214.901,24.430,510442,510514,1,249.103
1780765214.959,24.488,510442,510514,1,191.735
1780765215.012,24.541,510442,510514,1,263.920
1780765215.064,24.593,510442,510514,1,151.992
1780765215.126,24.655,510442,510514,1,178.415
1780765215.179,24.708,510442,510514,1,169.772
1780765215.232,24.761,510442,510514,1,170.250
1780765215.287,24.816,510442,510514,1,200.807
1780765215.340,24.869,510442,510514,1,168.499
1780765215.394,24.923,510442,510514,1,149.151
1780765215.446,24.975,510442,510514,1,209.115
1780765215.499,25.028,510442,510514,1,170.601
1780765215.553,25.082,510442,510514,1,129.612
1780765215.607,25.136,510442,510514,1,240.915
1780765215.660,25.189,510442,510514,1,151.549
1780765215.712,25.241,510442,510514,1,114.596
1780765215.770,25.298,510442,510514,1,261.831
1780765215.829,25.358,510442,510514,1,150.801
1780765215.882,25.410,510442,510514,1,209.921
1780765215.935,25.464,510442,510514,1,187.641
1780765215.989,25.518,510442,510514,1,221.136
1780765216.043,25.572,510442,510514,1,166.687
1780765216.097,25.626,510442,510514,1,239.297
1780765216.154,25.683,510442,510514,1,140.467
1780765216.208,25.737,510442,510514,1,243.061
1780765216.261,25.789,510442,510514,1,151.946
1780765216.315,25.844,510442,510514,1,256.867
1780765216.368,25.897,510442,510514,1,169.256
1780765216.426,25.955,510442,510514,1,154.993
1780765216.480,26.008,510442,510514,1,225.132
1780765216.533,26.062,510442,510514,1,204.251
1780765216.595,26.124,510442,510514,0,195.058
1780765216.648,26.176,510442,510514,0,151.880
1780765216.702,26.230,510442,510514,0,204.324
1780765216.757,26.286,510442,510514,0,197.389
1780765216.811,26.340,510442,510514,0,166.325
1780765216.866,26.395,510442,510514,0,257.197
1780765216.924,26.452,510442,510514,0,155.539
1780765216.977,26.506,510442,510514,0,223.016
1780765217.031,26.560,510442,510514,0,186.986
1780765217.088,26.617,510442,510514,0,193.029
1780765217.140,26.669,510442,510514,0,171.939
1780765217.194,26.723,510442,510514,0,187.043
1780765217.251,26.780,510442,510514,0,157.308
1780765217.305,26.834,510442,510514,0,146.972
1780765217.360,26.889,510442,510514,0,202.086
1780765217.413,26.942,510442,510514,0,186.748
1780765217.472,27.001,510442,510514,0,152.611
1780765217.525,27.054,510442,510514,0,208.015
1780765217.579,27.107,510442,510514,0,131.239
1780765217.631,27.160,510442,510514,0,189.486
1780765217.685,27.214,510442,510514,0,168.246
1780765217.737,27.266,510442,510514,0,133.074
1780765217.790,27.319,510442,510514,0,152.064
1780765217.844,27.372,510442,510514,2,149.242
1780765217.897,27.426,510442,510514,2,112.713
1780765217.949,27.478,510442,510514,0,134.455
1780765218.001,27.530,510442,510514,3,172.458
1780765218.054,27.582,510442,510514,3,114.340
1780765218.108,27.636,510442,510514,3,185.077
1780765218.161,27.690,510442,510514,3,149.725
1780765218.214,27.743,510442,510514,3,112.975
1780765218.267,27.796,510442,510514,3,189.752
1780765218.323,27.851,510442,510514,3,107.771
1780765218.375,27.904,510442,510514,3,76.583
1780765218.432,27.960,510442,510514,2,140.595
1780765218.484,28.013,510442,510514,2,95.549
1780765218.536,28.065,510442,510514,2,134.548
1780765218.588,28.117,510442,510514,2,152.654
1780765218.641,28.169,510442,510514,2,95.709
1780765218.693,28.222,510442,510514,2,132.857
1780765218.746,28.275,510442,510514,2,132.959
1780765218.799,28.328,510442,510514,2,75.649
1780765218.851,28.380,510442,510514,2,172.059
1780765218.906,28.435,510442,510514,1,144.976
1780765218.960,28.489,510442,510514,1,74.296
1780765219.012,28.541,510442,510514,1,172.215
1780765219.066,28.595,510442,510514,1,131.252
1780765219.124,28.653,510442,510514,1,102.822
1780765219.181,28.709,510442,510514,1,177.070
1780765219.233,28.762,510442,510514,1,153.408
1780765219.285,28.814,510442,510514,1,133.665
1780765219.337,28.866,510442,510514,1,153.275
1780765219.389,28.918,510442,510514,1,172.542
1780765219.442,28.971,510442,510514,1,151.291
1780765219.495,29.024,510442,510514,1,171.921
1780765219.547,29.076,510442,510514,1,152.427
1780765219.600,29.129,510442,510514,1,171.390
1780765219.653,29.182,510442,510514,1,113.079
1780765219.705,29.234,510442,510514,1,171.650
1780765219.759,29.288,510442,510514,1,93.052
1780765219.813,29.342,510442,510514,1,55.338
1780765219.867,29.395,510442,510514,1,186.866
1780765219.920,29.449,510442,510514,1,56.448
1780765219.972,29.501,510442,510514,1,76.450
1780765220.024,29.553,510442,510514,1,153.684
1780765220.077,29.606,510442,510514,1,38.025
1780765220.129,29.658,510442,510514,1,134.763
1780765220.181,29.710,510442,510514,1,114.893
1780765220.233,29.762,510442,510514,1,38.452
1780765220.285,29.814,510442,510514,0,134.570
1780765220.338,29.867,510442,510514,0,94.836
1780765220.390,29.918,510442,510514,0,38.481
1780765220.442,29.971,510442,510514,0,133.818
1780765220.494,30.023,510442,510514,1,57.318
1780765220.546,30.075,510442,510514,1,38.442
1780765220.598,30.127,510442,510514,1,153.727
1780765220.651,30.179,510442,510514,1,38.377
1780765220.703,30.232,510442,510514,0,38.134
1780765220.756,30.285,510442,510514,0,151.492
1780765220.808,30.337,510442,510514,0,57.560
1780765220.865,30.394,510442,510514,0,62.686
1780765220.928,30.457,510442,510514,2,106.039
1780765220.980,30.509,510442,510514,2,134.674
1780765221.032,30.561,510442,510514,0,76.683
1780765221.084,30.613,510442,510514,0,19.248
1780765221.136,30.665,510442,510514,0,134.759
1780765221.189,30.717,510442,510514,0,95.718
1780765221.240,30.769,510442,510514,0,134.834
1780765221.294,30.823,510442,510514,0,111.623
1780765221.346,30.875,510442,510514,0,134.693
1780765221.398,30.927,510442,510514,2,115.029
1780765221.450,30.979,510442,510514,1,153.500
1780765221.504,31.032,510442,510514,1,150.511
1780765221.556,31.085,510442,510514,1,57.008
1780765221.608,31.137,510442,510514,1,172.414
1780765221.661,31.189,510442,510514,1,76.761
1780765221.714,31.243,510442,510514,1,56.158
1780765221.766,31.295,510442,510514,1,134.654
1780765221.818,31.347,510442,510514,1,38.515
1780765221.870,31.399,510442,510514,1,77.082
1780765221.923,31.451,510442,510514,1,151.657
1780765221.975,31.503,510442,510514,1,38.470
1780765222.028,31.557,510442,510514,1,93.228
1780765222.081,31.609,510442,510514,1,133.335
1780765222.133,31.661,510442,510514,1,38.474
1780765222.185,31.714,510442,510514,1,115.235
1780765222.237,31.766,510442,510514,1,76.567
1780765222.289,31.818,510442,510514,1,134.479
1780765222.341,31.870,510442,510514,1,95.403
1780765222.393,31.922,510442,510514,2,38.430
1780765222.445,31.974,510442,510514,2,134.730
1780765222.498,32.026,510442,510514,2,133.946
1780765222.550,32.079,510442,510514,2,153.231
1780765222.604,32.133,510442,510514,2,91.573
1780765222.657,32.185,510442,510514,0,76.866
1780765222.709,32.238,510442,510514,0,190.155
1780765222.762,32.291,510442,510514,0,113.791
1780765222.817,32.346,510442,510514,2,72.298
1780765222.870,32.398,510442,510514,1,152.723
1780765222.922,32.451,510442,510514,1,75.599
1780765222.975,32.504,510442,510514,1,95.058
1780765223.029,32.558,510442,510514,1,148.827
1780765223.082,32.610,510442,510514,1,75.899
1780765223.134,32.663,510442,510514,1,133.460
1780765223.189,32.718,510442,510514,1,126.836
1780765223.242,32.771,510442,510514,1,75.973
1780765223.294,32.823,510442,510514,1,133.397
1780765223.347,32.876,510442,510514,1,133.420
1780765223.399,32.928,510442,510514,1,95.566
1780765223.451,32.980,510442,510514,1,171.952
1780765223.505,33.034,510442,510514,1,148.265
1780765223.558,33.087,510442,510514,1,57.056
1780765223.610,33.139,510442,510514,1,172.037
1780765223.666,33.194,510442,510514,1,162.706
1780765223.719,33.248,510442,510514,1,37.303
1780765223.773,33.302,510442,510514,1,186.501
1780765223.826,33.355,510442,510514,1,113.444
1780765223.878,33.407,510442,510514,1,96.084
1780765223.931,33.460,510442,510514,1,169.274
1780765223.983,33.512,510442,510514,1,114.131
1780765224.036,33.564,510442,510514,1,115.225
1780765224.088,33.616,510442,510514,1,230.631
1780765224.140,33.669,510442,510514,1,76.470
1780765224.193,33.721,510442,510514,2,152.003
1780765224.246,33.774,510442,510514,2,226.254
1780765224.298,33.827,510442,510514,2,190.663
1780765224.350,33.879,510442,510514,2,229.824
1780765224.403,33.931,510442,510514,2,247.760
1780765224.457,33.985,510442,510514,2,185.382
1780765224.510,34.039,510442,510514,0,263.249
1780765224.563,34.092,510442,510514,0,263.379
1780765224.617,34.146,510442,510514,0,204.033
1780765224.672,34.201,510442,510514,0,252.595
1780765224.726,34.255,510442,510514,0,243.154
1780765224.783,34.312,510442,510514,0,243.191
1780765224.836,34.365,510442,510514,0,246.044
1780765224.893,34.422,510442,510514,0,297.273
1780765224.952,34.481,510442,510514,0,205.649
1780765225.006,34.535,510442,510514,0,310.957
1780765225.064,34.593,510442,510514,0,259.698
1780765225.116,34.645,510442,510514,0,191.695
1780765225.169,34.698,510442,510514,0,282.840
1780765225.225,34.753,510442,510514,0,235.435
1780765225.278,34.807,510442,510514,0,149.597
1780765225.331,34.859,510442,510514,0,152.076
1780765225.385,34.914,510442,510514,0,202.609
1780765225.437,34.966,510442,510514,0,172.277
1780765225.489,35.018,510442,510514,0,153.247
1780765225.542,35.071,510442,510514,0,209.797
1780765225.594,35.123,510442,510514,0,211.028
1780765225.647,35.175,510442,510514,0,170.836
1780765225.699,35.228,510442,510514,0,210.753
1780765225.751,35.280,510442,510514,0,209.025
1780765225.805,35.334,510442,510514,0,300.005
1780765225.858,35.387,510442,510514,0,282.229
1780765225.912,35.441,510442,510514,0,351.659
1780765225.966,35.494,510442,510514,0,261.224
1780765226.024,35.553,510442,510514,0,257.503
1780765226.077,35.605,510442,510514,0,359.484
1780765226.135,35.664,510442,510514,0,222.225
1780765226.188,35.717,510442,510514,0,228.127
1780765226.242,35.771,510442,510514,0,240.395
1780765226.295,35.824,510442,510514,0,151.000
1780765226.347,35.876,510442,510514,0,171.160
1780765226.402,35.930,510442,510514,0,203.135
1780765226.457,35.986,510442,510514,0,144.914
1780765226.509,36.038,510442,510514,0,229.660
1780765226.570,36.099,510442,510514,0,196.919
1780765226.622,36.151,510442,510514,0,133.706
1780765226.675,36.204,510442,510514,0,227.473
1780765226.728,36.256,510442,510514,0,152.199
1780765226.780,36.308,510442,510514,0,134.441
1780765226.832,36.361,510442,510514,0,230.060
1780765226.884,36.413,510442,510514,0,171.322
1780765226.937,36.466,510442,510514,0,171.138
1780765226.989,36.518,510442,510514,1,228.474
1780765227.042,36.571,510442,510514,1,153.084
1780765227.095,36.624,510442,510514,1,169.782
1780765227.154,36.683,510442,510514,1,252.845
1780765227.207,36.735,510442,510514,1,133.063
1780765227.259,36.788,510442,510514,1,210.812
1780765227.312,36.841,510442,510514,1,261.481
1780765227.370,36.899,510442,510514,1,120.810
1780765227.423,36.951,510442,510514,1,114.868
1780765227.476,37.005,510442,510514,3,241.939
1780765227.529,37.057,510442,510514,3,248.535
1780765227.582,37.110,510442,510514,3,169.759
1780765227.634,37.162,510442,510514,3,153.846
1780765227.686,37.215,510442,510514,3,227.232
1780765227.741,37.270,510442,510514,3,219.935
1780765227.794,37.323,510442,510514,3,265.343
1780765227.847,37.376,510442,510514,2,168.943
1780765227.900,37.429,510442,510514,2,56.927
1780765227.953,37.482,510442,510514,2,206.104
1780765228.007,37.536,510442,510514,3,241.957
1780765228.063,37.592,510442,510514,3,142.104
1780765228.115,37.644,510442,510514,3,38.396
1780765228.167,37.696,510442,510514,3,57.713
1780765228.219,37.748,510442,510514,3,57.709
1780765228.271,37.800,510442,510514,3,57.690
1780765228.323,37.852,510442,510514,3,96.117
1780765228.379,37.907,510442,510514,3,180.740
1780765228.431,37.960,510442,510514,0,188.925
1780765228.484,38.012,510442,510514,0,172.383
1780765228.536,38.065,510442,510514,0,134.344
1780765228.589,38.118,510442,510514,3,225.405
1780765228.641,38.170,510442,510514,3,191.317
1780765228.694,38.222,510442,510514,3,76.563
1780765228.746,38.274,510442,510514,3,57.616
1780765228.798,38.326,510442,510514,3,76.919
1780765228.852,38.380,510442,510514,3,55.593
1780765228.905,38.434,510442,510514,3,56.187
1780765228.957,38.486,510442,510514,3,57.708
1780765229.010,38.539,510442,510514,3,226.360
1780765229.066,38.594,510442,510514,3,197.874
1780765229.118,38.647,510442,510514,3,152.598
1780765229.170,38.699,510442,510514,3,115.161
1780765229.222,38.751,510442,510514,3,76.880
1780765229.275,38.803,510442,510514,3,95.355
1780765229.330,38.859,510442,510514,3,215.271
1780765229.384,38.913,510442,510514,3,204.270
1780765229.438,38.966,510442,510514,3,130.746
1780765229.490,39.019,510442,510514,3,95.176
1780765229.542,39.071,510442,510514,3,57.616
1780765229.594,39.123,510442,510514,3,57.658
1780765229.647,39.176,510442,510514,3,75.222
1780765229.700,39.229,510442,510514,3,56.766
1780765229.753,39.281,510442,510514,3,76.395
1780765229.806,39.335,510442,510514,3,186.447
1780765229.861,39.390,510442,510514,3,238.871
1780765229.915,39.444,510442,510514,3,147.589
1780765229.968,39.497,510442,510514,3,112.833
1780765230.023,39.552,510442,510514,3,216.742
1780765230.076,39.605,510442,510514,3,246.377
1780765230.129,39.658,510442,510514,3,169.708
1780765230.181,39.710,510442,510514,3,172.878
1780765230.234,39.762,510442,510514,3,191.689
1780765230.286,39.815,510442,510514,3,226.850
1780765230.339,39.867,510442,510514,3,153.444
1780765230.391,39.919,510442,510514,3,96.058
1780765230.443,39.971,510442,510514,3,57.711
1780765230.495,40.023,510442,510514,3,38.477
1780765230.547,40.075,510442,510514,3,76.962
1780765230.599,40.127,510442,510514,3,38.464
1780765230.651,40.179,510442,510514,3,173.057
1780765230.704,40.233,510442,510514,3,241.755
1780765230.758,40.287,510442,510514,3,258.744
1780765230.812,40.341,510442,510514,3,242.135
1780765230.867,40.396,510442,510514,3,181.625
1780765230.922,40.451,510442,510514,3,273.850
1780765230.983,40.512,510442,510514,3,227.457
1780765231.036,40.565,510442,510514,3,245.988
1780765231.089,40.618,510442,510514,3,226.063
1780765231.142,40.671,510442,510514,2,171.926
1780765231.194,40.723,510442,510514,2,192.210
1780765231.246,40.775,510442,510514,2,229.479
1780765231.298,40.827,510442,510514,2,153.809
1780765231.351,40.879,510442,510514,2,152.610
1780765231.403,40.931,510442,510514,2,153.458
1780765231.456,40.984,510442,510514,2,188.648
1780765231.508,41.037,510442,510514,2,210.744
1780765231.561,41.090,510442,510514,2,187.220
1780765231.613,41.142,510442,510514,2,172.347
1780765231.666,41.195,510442,510514,2,152.261
1780765231.718,41.247,510442,510514,2,152.518
1780765231.771,41.299,510442,510514,2,172.711
1780765231.827,41.356,510442,510514,2,230.886
1780765231.881,41.409,510442,510514,2,149.119
1780765231.935,41.463,510442,510514,2,203.236
1780765231.994,41.523,510442,510514,2,217.369
1780765232.047,41.576,510442,510514,2,209.606
1780765232.100,41.629,510442,510514,2,245.480
1780765232.152,41.681,510442,510514,2,228.771
1780765232.205,41.733,510442,510514,2,191.186
1780765232.259,41.788,510442,510514,2,257.366
1780765232.313,41.842,510442,510514,2,260.756
1780765232.365,41.894,510442,510514,2,190.297
1780765232.423,41.952,510442,510514,2,155.947
1780765232.476,42.005,510442,510514,2,227.593
1780765232.532,42.060,510442,510514,2,251.011
1780765232.585,42.113,510442,510514,2,188.134
1780765232.639,42.168,510442,510514,2,237.682
1780765232.693,42.222,510442,510514,2,224.245
1780765232.746,42.275,510442,510514,2,151.151
1780765232.798,42.327,510442,510514,2,228.145
1780765232.851,42.380,510442,510514,2,228.954
1780765232.904,42.432,510442,510514,2,265.329
1780765232.957,42.486,510442,510514,2,243.764
1780765233.012,42.541,510442,510514,2,310.169
1780765233.065,42.594,510442,510514,2,320.461
1780765233.117,42.646,510442,510514,2,229.127
1780765233.170,42.698,510442,510514,2,323.749
1780765233.223,42.752,510442,510514,2,245.069
1780765233.282,42.811,510442,510514,2,285.674
1780765233.340,42.868,510442,510514,2,261.181
1780765233.395,42.924,510442,510514,2,235.110
1780765233.448,42.976,510442,510514,2,246.420
1780765233.502,43.030,510442,510514,2,222.763
1780765233.558,43.087,510442,510514,2,338.425
1780765233.611,43.140,510442,510514,2,225.637
1780765233.664,43.193,510442,510514,2,299.219
1780765233.726,43.254,510442,510514,2,261.421
1780765233.778,43.307,510442,510514,2,266.675
1780765233.832,43.361,510442,510514,2,278.769
1780765233.889,43.418,510442,510514,2,245.425
1780765233.944,43.473,510442,510514,0,273.637
1780765234.004,43.532,510442,510514,0,216.895
1780765234.061,43.590,510442,510514,0,209.317
1780765234.116,43.645,510442,510514,3,181.550
1780765234.169,43.698,510442,510514,3,208.239
1780765234.225,43.753,510442,510514,3,125.803
1780765234.278,43.807,510442,510514,3,224.101
1780765234.331,43.860,510442,510514,3,226.095
1780765234.384,43.912,510442,510514,3,209.936
1780765234.436,43.965,510442,510514,3,249.168
1780765234.488,44.017,510442,510514,3,247.484
1780765234.541,44.069,510442,510514,3,210.200
1780765234.593,44.121,510442,510514,3,249.681
1780765234.645,44.174,510442,510514,3,248.000
1780765234.697,44.226,510442,510514,3,134.247
1780765234.750,44.279,510442,510514,3,246.066
1780765234.804,44.333,510442,510514,3,148.865
1780765234.856,44.385,510442,510514,3,191.510
1780765234.909,44.438,510442,510514,3,225.811
1780765234.962,44.490,510442,510514,3,248.075
1780765235.014,44.543,510442,510514,3,172.334
1780765235.066,44.595,510442,510514,3,304.066
1780765235.119,44.648,510442,510514,3,227.441
1780765235.176,44.705,510442,510514,3,281.380
1780765235.229,44.758,510442,510514,3,225.394
1780765235.282,44.811,510442,510514,3,245.901
1780765235.335,44.863,510442,510514,3,247.678
1780765235.387,44.916,510442,510514,3,228.168
1780765235.440,44.968,510442,510514,3,286.295
1780765235.493,45.022,510442,510514,3,206.226
1780765235.545,45.074,510442,510514,3,286.499
1780765235.598,45.127,510442,510514,3,247.352
1780765235.651,45.179,510442,510514,3,284.171
1780765235.705,45.234,510442,510514,2,238.179
1780765235.759,45.287,510442,510514,2,168.685
1780765235.811,45.340,510442,510514,2,268.614
1780765235.863,45.392,510442,510514,2,229.106
1780765235.920,45.449,510442,510514,2,175.497
1780765235.973,45.501,510442,510514,2,247.510
1780765236.030,45.559,510442,510514,2,261.756
1780765236.084,45.613,510442,510514,2,222.220
1780765236.137,45.666,510442,510514,2,244.411
1780765236.190,45.719,510442,510514,3,226.292
1780765236.244,45.773,510442,510514,3,74.406
1780765236.296,45.825,510442,510514,3,57.660
1780765236.348,45.877,510442,510514,3,172.825
1780765236.402,45.930,510442,510514,3,204.908
1780765236.454,45.983,510442,510514,3,57.431
1780765236.507,46.036,510442,510514,3,170.290
1780765236.560,46.089,510442,510514,1,205.850
1780765236.613,46.142,510442,510514,1,113.351
1780765236.665,46.194,510442,510514,1,210.212
1780765236.721,46.250,510442,510514,0,162.073
1780765236.773,46.302,510442,510514,0,76.336
1780765236.826,46.355,510442,510514,0,75.984
1780765236.880,46.409,510442,510514,0,222.756
1780765236.938,46.466,510442,510514,0,190.563
1780765236.990,46.519,510442,510514,0,76.717
1780765237.042,46.571,510442,510514,1,132.667
1780765237.098,46.627,510442,510514,2,232.746
1780765237.151,46.679,510442,510514,2,172.144
1780765237.205,46.734,510442,510514,2,73.928
1780765237.258,46.787,510442,510514,2,150.163
1780765237.311,46.840,510442,510514,2,265.285
1780765237.366,46.895,510442,510514,2,254.652
1780765237.423,46.952,510442,510514,2,191.946
1780765237.477,47.005,510442,510514,2,261.992
1780765237.529,47.058,510442,510514,2,227.556
1780765237.581,47.110,510442,510514,2,229.790
1780765237.634,47.162,510442,510514,2,211.198
1780765237.686,47.215,510442,510514,2,228.316
1780765237.739,47.268,510442,510514,3,264.530
1780765237.794,47.323,510442,510514,3,255.227
1780765237.847,47.376,510442,510514,3,245.407
1780765237.904,47.433,510442,510514,3,227.534
1780765237.957,47.486,510442,510514,3,244.571
1780765238.012,47.541,510442,510514,3,216.944
1780765238.066,47.595,510442,510514,3,242.157
1780765238.129,47.658,510442,510514,3,239.272
1780765238.183,47.712,510442,510514,3,201.671
1780765238.236,47.765,510442,510514,3,265.573
1780765238.291,47.820,510442,510514,3,254.718
1780765238.344,47.873,510442,510514,3,189.189
1780765238.396,47.925,510442,510514,3,228.855
1780765238.452,47.981,510442,510514,3,250.746
1780765238.506,48.035,510442,510514,3,167.233
1780765238.560,48.089,510442,510514,3,259.604
1780765238.612,48.141,510442,510514,3,229.564
1780765238.671,48.200,510442,510514,3,222.260
1780765238.729,48.258,510442,510514,3,256.053
1780765238.783,48.312,510442,510514,3,280.040
1780765238.836,48.365,510442,510514,3,245.865
1780765238.888,48.417,510442,510514,1,229.363
1780765238.940,48.469,510442,510514,1,248.976
1780765238.993,48.522,510442,510514,1,244.879
1780765239.046,48.575,510442,510514,1,188.365
1780765239.099,48.627,510442,510514,1,153.442
1780765239.152,48.681,510442,510514,1,242.009
1780765239.207,48.736,510442,510514,1,127.682
1780765239.259,48.788,510442,510514,1,172.236
1780765239.314,48.842,510442,510514,1,221.180
1780765239.368,48.897,510442,510514,1,110.823
1780765239.420,48.949,510442,510514,2,211.185
1780765239.475,49.004,510442,510514,2,163.352
1780765239.527,49.056,510442,510514,2,114.962
1780765239.581,49.110,510442,510514,2,205.048
1780765239.634,49.163,510442,510514,3,169.968
1780765239.686,49.215,510442,510514,3,134.378
1780765239.738,49.267,510442,510514,3,210.790
1780765239.791,49.319,510442,510514,3,190.007
1780765239.843,49.371,510442,510514,3,134.636
1780765239.895,49.424,510442,510514,3,228.083
1780765239.953,49.482,510442,510514,3,138.609
1780765240.006,49.535,510442,510514,3,188.330
1780765240.060,49.589,510442,510514,3,277.694
1780765240.119,49.648,510442,510514,3,118.704
1780765240.171,49.700,510442,510514,3,229.493
1780765240.225,49.754,510442,510514,3,224.468
1780765240.277,49.806,510442,510514,3,246.955
1780765240.329,49.858,510442,510514,3,211.619
1780765240.382,49.910,510442,510514,3,191.349
1780765240.434,49.962,510442,510514,3,134.634
1780765240.486,50.014,510442,510514,3,211.582
1780765240.538,50.067,510442,510514,3,209.749
1780765240.590,50.119,510442,510514,3,134.535
1780765240.642,50.171,510442,510514,3,211.177
1780765240.695,50.224,510442,510514,3,152.156
1780765240.747,50.276,510442,510514,3,38.439
1780765240.799,50.328,510442,510514,1,151.947
1780765240.854,50.383,510442,510514,1,165.385
1780765240.907,50.436,510442,510514,1,227.103
1780765240.960,50.489,510442,510514,1,113.041
1780765241.012,50.541,510442,510514,1,189.960
1780765241.070,50.598,510442,510514,0,209.835
1780765241.122,50.651,510442,510514,0,230.170
1780765241.177,50.706,510442,510514,0,163.798
1780765241.229,50.758,510442,510514,0,248.403
1780765241.281,50.810,510442,510514,0,134.309
1780765241.333,50.862,510442,510514,0,229.802
1780765241.386,50.915,510442,510514,0,171.655
1780765241.438,50.967,510442,510514,0,230.041
1780765241.492,51.021,510442,510514,0,259.594
1780765241.545,51.073,510442,510514,0,265.289
1780765241.597,51.126,510442,510514,0,190.134
1780765241.650,51.179,510442,510514,0,247.760
1780765241.704,51.233,510442,510514,0,256.569
1780765241.758,51.286,510442,510514,0,206.576
1780765241.810,51.339,510442,510514,0,190.662
1780765241.863,51.391,510442,510514,0,247.375
1780765241.916,51.445,510442,510514,0,280.843
1780765241.971,51.500,510442,510514,0,108.957
1780765242.024,51.553,510442,510514,3,208.340
1780765242.078,51.607,510442,510514,3,277.059
1780765242.131,51.660,510442,510514,3,149.956
1780765242.184,51.713,510442,510514,3,208.290
1780765242.237,51.766,510442,510514,2,245.531
1780765242.290,51.818,510442,510514,2,133.245
1780765242.342,51.871,510442,510514,2,133.941
1780765242.394,51.923,510442,510514,3,229.015
1780765242.447,51.976,510442,510514,3,247.184
1780765242.500,52.028,510442,510514,3,113.661
1780765242.552,52.081,510442,510514,3,153.481
1780765242.606,52.135,510442,510514,3,259.046
1780765242.663,52.192,510442,510514,3,210.512
1780765242.715,52.244,510442,510514,3,152.569
1780765242.768,52.297,510442,510514,3,208.936
1780765242.826,52.355,510442,510514,3,258.553
1780765242.884,52.413,510442,510514,3,187.835
1780765242.937,52.466,510442,510514,2,151.260
1780765242.990,52.519,510442,510514,2,208.098
1780765243.045,52.574,510442,510514,2,255.916
1780765243.099,52.628,510442,510514,2,184.406
1780765243.155,52.684,510442,510514,2,179.041
1780765243.210,52.738,510442,510514,0,237.908
1780765243.263,52.792,510442,510514,0,207.437
1780765243.315,52.844,510442,510514,0,189.575
1780765243.370,52.899,510442,510514,0,146.067
1780765243.422,52.951,510442,510514,0,191.740
1780765243.479,53.008,510442,510514,0,246.250
1780765243.541,53.070,510442,510514,0,305.374
1780765243.595,53.124,510442,510514,0,279.903
1780765243.648,53.177,510442,510514,0,303.006
1780765243.700,53.229,510442,510514,0,247.554
1780765243.753,53.281,510442,510514,0,248.706
1780765243.808,53.337,510442,510514,0,342.778
1780765243.864,53.393,510442,510514,0,286.053
1780765243.917,53.445,510442,510514,0,209.252
1780765243.969,53.498,510442,510514,0,152.437
1780765244.021,53.550,510442,510514,0,171.598
1780765244.074,53.603,510442,510514,0,246.702
1780765244.127,53.656,510442,510514,0,264.907
1780765244.181,53.710,510442,510514,0,148.961
1780765244.233,53.762,510442,510514,0,151.960
1780765244.286,53.814,510442,510514,0,172.295
1780765244.338,53.867,510442,510514,0,247.862
1780765244.392,53.921,510442,510514,0,202.964
1780765244.444,53.973,510442,510514,0,230.528
1780765244.497,54.026,510442,510514,0,229.101
1780765244.550,54.079,510442,510514,0,262.801
1780765244.603,54.132,510442,510514,0,245.636
1780765244.655,54.184,510442,510514,0,267.259
1780765244.708,54.236,510442,510514,0,286.318
1780765244.766,54.295,510442,510514,0,341.021
1780765244.831,54.360,510442,510514,0,279.494
1780765244.884,54.413,510442,510514,0,282.464
1780765244.939,54.468,510442,510514,0,305.467
1780765244.998,54.527,510442,510514,0,271.565
1780765245.051,54.580,510442,510514,0,284.766
1780765245.112,54.641,510442,510514,0,280.059
1780765245.166,54.695,510442,510514,0,296.558
1780765245.223,54.752,510442,510514,0,332.702
1780765245.278,54.807,510442,510514,0,342.278
1780765245.336,54.865,510442,510514,0,328.689
1780765245.389,54.918,510442,510514,0,302.626
1780765245.444,54.973,510442,510514,0,254.138
1780765245.509,55.038,510442,510514,1,244.880
1780765245.564,55.093,510442,510514,1,291.002
1780765245.619,55.148,510442,510514,1,308.729
1780765245.672,55.201,510442,510514,1,304.518
1780765245.733,55.262,510442,510514,1,294.337
1780765245.787,55.315,510442,510514,1,280.371
1780765245.850,55.379,510442,510514,1,301.450
1780765245.903,55.432,510442,510514,1,298.048
1780765245.957,55.486,510442,510514,2,279.096
1780765246.011,55.540,510442,510514,2,333.689
1780765246.072,55.601,510442,510514,2,245.629
1780765246.125,55.654,510442,510514,1,320.121
1780765246.180,55.709,510442,510514,1,293.236
1780765246.240,55.769,510442,510514,1,296.872
1780765246.294,55.823,510442,510514,0,317.996
1780765246.348,55.876,510442,510514,0,279.446
1780765246.401,55.929,510442,510514,0,301.331
1780765246.454,55.983,510442,510514,0,263.784
1780765246.509,56.038,510442,510514,0,288.177
1780765246.564,56.093,510442,510514,0,311.525
1780765246.616,56.145,510442,510514,0,285.211
1780765246.669,56.198,510442,510514,0,323.294
1780765246.724,56.252,510442,510514,0,293.637
1780765246.776,56.305,510442,510514,0,284.861
1780765246.831,56.360,510442,510514,0,307.689
1780765246.891,56.420,510442,510514,0,251.312
1780765246.944,56.472,510442,510514,0,285.348
1780765247.001,56.530,510442,510514,0,245.481
1780765247.058,56.586,510442,510514,0,316.814
1780765247.113,56.642,510442,510514,0,325.187
1780765247.166,56.694,510442,510514,0,246.266
1780765247.227,56.756,510442,510514,0,327.562
1780765247.280,56.809,510442,510514,0,279.246
1780765247.338,56.867,510442,510514,0,258.884
1780765247.392,56.921,510442,510514,0,299.885
1780765247.447,56.976,510442,510514,2,234.684
1780765247.502,57.031,510442,510514,2,310.447
1780765247.557,57.086,510442,510514,2,252.094
1780765247.610,57.139,510442,510514,2,321.544
1780765247.666,57.195,510442,510514,2,269.036
1780765247.722,57.251,510442,510514,2,301.327
1780765247.776,57.305,510442,510514,2,244.010
1780765247.829,57.357,510442,510514,2,245.643
1780765247.883,57.412,510442,510514,2,293.553
1780765247.936,57.464,510442,510514,2,228.524
1780765247.988,57.517,510442,510514,2,247.792
1780765248.042,57.570,510442,510514,2,243.181
1780765248.095,57.624,510442,510514,2,205.360
1780765248.147,57.676,510442,510514,2,211.187
1780765248.200,57.729,510442,510514,2,208.348
1780765248.255,57.783,510442,510514,3,293.584
1780765248.307,57.836,510442,510514,3,209.468
1780765248.362,57.891,510442,510514,3,309.310
1780765248.415,57.944,510442,510514,3,205.752
1780765248.472,58.001,510442,510514,3,177.159
1780765248.527,58.056,510442,510514,2,235.143
1780765248.580,58.109,510442,510514,2,246.803
1780765248.633,58.162,510442,510514,2,244.997
1780765248.685,58.214,510442,510514,2,286.903
1780765248.740,58.269,510442,510514,2,238.619
1780765248.794,58.322,510442,510514,2,315.978
1780765248.850,58.379,510442,510514,2,230.875
1780765248.907,58.435,510442,510514,2,317.223
1780765248.963,58.492,510442,510514,2,229.489
1780765249.020,58.549,510442,510514,2,281.856
1780765249.075,58.604,510442,510514,2,274.074
1780765249.136,58.665,510442,510514,2,244.167
1780765249.190,58.719,510442,510514,2,314.538
1780765249.247,58.776,510442,510514,2,261.840
1780765249.300,58.829,510442,510514,2,303.506
1780765249.355,58.883,510442,510514,2,239.031
1780765249.408,58.937,510442,510514,2,353.855
1780765249.462,58.991,510442,510514,2,241.896
1780765249.516,59.045,510442,510514,2,279.276
1780765249.573,59.102,510442,510514,2,208.735
1780765249.626,59.155,510442,510514,2,302.493
1780765249.680,59.209,510442,510514,2,222.961
1780765249.735,59.264,510442,510514,2,306.500
1780765249.788,59.317,510442,510514,2,264.413
1780765249.845,59.373,510442,510514,2,266.510
1780765249.897,59.426,510442,510514,2,303.359
1780765249.954,59.483,510442,510514,0,299.857
1780765250.012,59.541,510442,510514,0,274.503
1780765250.065,59.594,510442,510514,0,208.109
1780765250.118,59.647,510442,510514,0,285.637
1780765250.174,59.703,510442,510514,0,248.559
1780765250.226,59.755,510442,510514,0,267.350
1780765250.280,59.809,510442,510514,0,241.243
1780765250.336,59.865,510442,510514,0,270.254
1780765250.390,59.918,510442,510514,0,260.363
1780765250.445,59.974,510442,510514,0,252.039
1780765250.498,60.027,510442,510514,0,302.774
1780765250.555,60.084,510442,510514,0,227.998
1780765250.609,60.138,510442,510514,0,312.223
1780765250.664,60.193,510442,510514,0,217.965
1780765250.717,60.246,510442,510514,2,245.433
1780765250.776,60.304,510442,510514,0,241.067
1780765250.828,60.357,510442,510514,0,264.639
1780765250.884,60.413,510442,510514,0,268.835
1780765250.940,60.469,510442,510514,0,231.565
1780765250.993,60.522,510442,510514,0,227.715
1780765251.045,60.574,510442,510514,0,153.427
1780765251.098,60.626,510442,510514,0,248.199
1780765251.150,60.679,510442,510514,0,95.245
1780765251.203,60.731,510442,510514,3,171.218
1780765251.256,60.785,510442,510514,2,242.235
1780765251.311,60.840,510442,510514,2,128.205
1780765251.366,60.895,510442,510514,3,234.393
1780765251.421,60.950,510442,510514,2,219.137
1780765251.476,61.004,510442,510514,2,91.662
1780765251.531,61.060,510442,510514,2,197.234
1780765251.584,61.113,510442,510514,2,226.921
1780765251.637,61.166,510442,510514,2,208.539
1780765251.692,61.221,510442,510514,2,181.636
1780765251.745,61.274,510442,510514,2,246.605
1780765251.797,61.326,510442,510514,2,230.414
1780765251.849,61.378,510442,510514,3,248.652
1780765251.902,61.431,510442,510514,3,303.684
1780765251.958,61.487,510442,510514,3,249.660
1780765252.011,61.539,510442,510514,3,341.466
1780765252.068,61.597,510442,510514,3,277.487
1780765252.123,61.652,510442,510514,3,312.814
1780765252.179,61.708,510442,510514,3,249.255
1780765252.231,61.760,510442,510514,0,248.320
1780765252.284,61.813,510442,510514,0,358.493
1780765252.337,61.865,510442,510514,0,229.028
1780765252.389,61.918,510442,510514,0,247.924
1780765252.443,61.972,510442,510514,0,185.667
1780765252.495,62.024,510442,510514,0,190.936
1780765252.548,62.077,510442,510514,0,245.649
1780765252.601,62.129,510442,510514,0,171.645
1780765252.656,62.185,510442,510514,3,162.670
1780765252.708,62.237,510442,510514,3,229.160
1780765252.761,62.290,510442,510514,3,227.340
1780765252.814,62.343,510442,510514,3,132.183
1780765252.866,62.395,510442,510514,3,191.352
1780765252.919,62.448,510442,510514,3,244.676
1780765252.977,62.506,510442,510514,3,242.534
1780765253.029,62.558,510442,510514,3,230.449
1780765253.082,62.610,510442,510514,3,305.483
1780765253.136,62.665,510442,510514,3,310.386
1780765253.191,62.720,510442,510514,3,202.498
1780765253.244,62.773,510442,510514,3,320.927
1780765253.297,62.826,510442,510514,3,298.916
1780765253.351,62.880,510442,510514,3,313.609
1780765253.409,62.938,510442,510514,3,311.800
1780765253.464,62.992,510442,510514,3,275.865
1780765253.519,63.048,510442,510514,3,325.987
1780765253.579,63.108,510442,510514,3,266.207
1780765253.634,63.162,510442,510514,3,310.213
1780765253.704,63.233,510442,510514,1,297.921
1780765253.757,63.286,510442,510514,1,284.315
1780765253.810,63.339,510442,510514,1,337.041
1780765253.863,63.392,510442,510514,1,265.130
1780765253.916,63.444,510442,510514,1,266.389
1780765253.969,63.498,510442,510514,1,186.312
1780765254.022,63.551,510442,510514,1,227.775
1780765254.075,63.604,510442,510514,1,207.343
1780765254.128,63.657,510442,510514,1,244.132
1780765254.184,63.713,510442,510514,1,178.178
1780765254.237,63.766,510442,510514,1,226.737
1780765254.292,63.821,510442,510514,1,219.587
1780765254.345,63.874,510442,510514,1,188.458
1780765254.398,63.927,510442,510514,1,150.740
1780765254.455,63.983,510442,510514,1,247.968
1780765254.510,64.039,510442,510514,1,181.524
1780765254.564,64.092,510442,510514,1,148.314
1780765254.619,64.148,510442,510514,1,144.827
1780765254.672,64.201,510442,510514,1,226.917
1780765254.726,64.255,510442,510514,1,240.493
1780765254.778,64.307,510442,510514,1,284.844
1780765254.843,64.371,510442,510514,1,264.917
1780765254.896,64.424,510442,510514,1,302.525
1780765254.954,64.483,510442,510514,1,289.418
1780765255.010,64.539,510442,510514,1,304.616
1780765255.064,64.593,510442,510514,1,294.429
1780765255.126,64.655,510442,510514,1,307.135
1780765255.191,64.720,510442,510514,1,307.407
1780765255.254,64.783,510442,510514,1,285.919
1780765255.309,64.838,510442,510514,1,330.271
1780765255.377,64.906,510442,510514,1,337.711
1780765255.432,64.961,510442,510514,1,251.952
1780765255.487,65.016,510442,510514,1,292.865
1780765255.542,65.071,510442,510514,1,256.201
1780765255.595,65.124,510442,510514,1,244.584
1780765255.648,65.177,510442,510514,1,339.632
1780765255.701,65.230,510442,510514,1,280.215
1780765255.758,65.287,510442,510514,1,283.402
1780765255.829,65.358,510442,510514,1,322.112
1780765255.906,65.434,510442,510514,1,235.915
1780765255.960,65.489,510442,510514,1,329.211
1780765256.029,65.558,510442,510514,1,319.531
1780765256.106,65.635,510442,510514,1,299.473
1780765256.163,65.692,510442,510514,1,296.363
1780765256.230,65.759,510442,510514,1,316.266
1780765256.284,65.813,510442,510514,1,311.089
1780765256.340,65.869,510442,510514,1,284.881
1780765256.403,65.932,510442,510514,1,319.309
1780765256.464,65.993,510442,510514,1,296.546
1780765256.529,66.058,510442,510514,1,307.391
1780765256.601,66.130,510442,510514,1,289.849
1780765256.682,66.210,510442,510514,1,298.909
1780765256.770,66.299,510442,510514,0,270.687
1780765256.869,66.397,510442,510514,0,274.601
1780765256.963,66.492,510442,510514,0,265.218
1780765257.028,66.557,510442,510514,1,291.159
1780765257.086,66.615,510442,510514,1,310.761
1780765257.142,66.671,510442,510514,1,249.142
1780765257.199,66.728,510442,510514,1,282.840
1780765257.253,66.782,510442,510514,1,221.206
1780765257.308,66.837,510442,510514,1,273.652
1780765257.363,66.892,510442,510514,1,180.891
1780765257.425,66.954,510442,510514,1,275.920
1780765257.484,67.012,510442,510514,1,204.042
1780765257.548,67.076,510442,510514,1,234.466
1780765257.601,67.130,510442,510514,1,241.538
1780765257.662,67.191,510442,510514,1,264.581
1780765257.719,67.248,510442,510514,1,263.194
1780765257.772,67.301,510442,510514,1,244.524
1780765257.832,67.361,510442,510514,0,249.348
1780765257.886,67.415,510442,510514,0,257.871
1780765257.942,67.471,510442,510514,0,252.285
1780765257.995,67.523,510442,510514,0,227.765
1780765258.051,67.580,510442,510514,0,212.804
1780765258.108,67.636,510442,510514,0,265.051
1780765258.163,67.691,510442,510514,0,236.205
1780765258.230,67.759,510442,510514,0,222.386
1780765258.286,67.815,510442,510514,0,231.293
1780765258.348,67.877,510442,510514,0,228.080
1780765258.407,67.936,510442,510514,0,270.680
1780765258.467,67.996,510442,510514,0,247.577
1780765258.522,68.051,510442,510514,0,147.126
1780765258.576,68.104,510442,510514,0,204.741
1780765258.642,68.170,510442,510514,0,241.810
1780765258.695,68.224,510442,510514,0,187.057
1780765258.749,68.278,510442,510514,0,258.419
1780765258.807,68.335,510442,510514,1,262.043
1780765258.873,68.402,510442,510514,1,224.234
1780765258.929,68.457,510442,510514,0,217.645
1780765259.005,68.533,510442,510514,0,223.807
1780765259.067,68.596,510442,510514,0,272.312
1780765259.132,68.661,510442,510514,0,213.825
1780765259.185,68.714,510442,510514,0,152.913
1780765259.295,68.823,510442,510514,0,163.937
1780765259.351,68.880,510442,510514,0,175.632
1780765259.404,68.933,510442,510514,0,226.442
1780765259.457,68.986,510442,510514,0,246.322
1780765259.516,69.045,510442,510514,0,273.817
1780765259.571,69.100,510442,510514,0,235.825
1780765259.625,69.154,510442,510514,0,238.290
1780765259.679,69.208,510442,510514,1,206.076
1780765259.732,69.261,510442,510514,1,205.589
1780765259.784,69.313,510442,510514,1,134.146
1780765259.837,69.366,510442,510514,1,226.996
1780765259.890,69.419,510442,510514,1,190.354
1780765259.942,69.471,510442,510514,1,95.742
1780765259.995,69.524,510442,510514,3,151.256
1780765260.049,69.578,510442,510514,3,259.297
1780765260.104,69.633,510442,510514,3,163.907
1780765260.156,69.685,510442,510514,3,57.146
1780765260.209,69.738,510442,510514,3,227.018
1780765260.268,69.797,510442,510514,3,221.474
1780765260.321,69.850,510442,510514,3,168.648
1780765260.378,69.907,510442,510514,3,194.362
1780765260.431,69.960,510442,510514,3,243.499
1780765260.484,70.013,510442,510514,3,170.711
1780765260.537,70.066,510442,510514,3,243.110
1780765260.592,70.121,510442,510514,3,182.610
1780765260.645,70.173,510442,510514,3,171.546
1780765260.697,70.226,510442,510514,3,247.322
1780765260.755,70.284,510442,510514,3,277.605
1780765260.808,70.337,510442,510514,3,262.786
1780765260.860,70.389,510442,510514,0,210.975
1780765260.912,70.441,510442,510514,2,268.667
1780765260.969,70.497,510442,510514,2,213.725
1780765261.021,70.550,510442,510514,2,247.860
1780765261.073,70.602,510442,510514,2,133.819
1780765261.125,70.654,510442,510514,2,211.049
1780765261.180,70.709,510442,510514,2,164.308
1780765261.232,70.761,510442,510514,2,153.829
1780765261.284,70.813,510442,510514,2,173.060
1780765261.339,70.868,510442,510514,2,199.006
1780765261.393,70.922,510442,510514,2,93.822
1780765261.445,70.974,510442,510514,2,191.009
1780765261.498,71.026,510442,510514,2,133.658
1780765261.550,71.078,510442,510514,2,38.415
1780765261.602,71.130,510442,510514,2,134.566
1780765261.655,71.184,510442,510514,2,206.032
1780765261.708,71.237,510442,510514,2,18.962
1780765261.761,71.290,510442,510514,2,225.810
1780765261.813,71.342,510442,510514,2,114.779
1780765261.867,71.396,510442,510514,2,92.682
1780765261.919,71.448,510442,510514,2,211.054
1780765261.972,71.500,510442,510514,2,152.598
1780765262.024,71.553,510442,510514,2,95.766
1780765262.077,71.606,510442,510514,2,206.218
1780765262.130,71.659,510442,510514,2,150.620
1780765262.183,71.712,510442,510514,2,227.083
1780765262.236,71.765,510442,510514,2,151.289
1780765262.288,71.817,510442,510514,3,191.726
1780765262.341,71.870,510442,510514,3,188.967
1780765262.393,71.922,510442,510514,3,211.320
1780765262.445,71.974,510442,510514,3,249.401
1780765262.498,72.027,510442,510514,3,228.912
1780765262.550,72.079,510442,510514,3,228.288
1780765262.603,72.132,510442,510514,3,245.868
1780765262.657,72.186,510442,510514,3,184.469
1780765262.709,72.238,510442,510514,3,287.809
1780765262.762,72.291,510442,510514,3,210.439
1780765262.820,72.349,510442,510514,3,239.747
1780765262.874,72.403,510442,510514,3,241.518
1780765262.928,72.456,510442,510514,3,204.799
1780765262.989,72.518,510442,510514,3,227.438
1780765263.043,72.572,510442,510514,3,277.157
1780765263.101,72.630,510442,510514,3,258.685
1780765263.154,72.683,510442,510514,3,323.111
1780765263.210,72.739,510442,510514,3,265.998
1780765263.267,72.796,510442,510514,3,248.397
1780765263.322,72.850,510442,510514,3,272.899
1780765263.381,72.910,510442,510514,3,252.446
1780765263.434,72.962,510442,510514,3,228.161
1780765263.486,73.015,510442,510514,3,210.964
1780765263.539,73.068,510442,510514,3,225.570
1780765263.591,73.120,510442,510514,3,153.392
1780765263.644,73.173,510442,510514,3,190.247
1780765263.700,73.229,510442,510514,3,247.141
1780765263.753,73.282,510442,510514,3,95.566
1780765263.805,73.334,510442,510514,3,170.586
1780765263.861,73.390,510442,510514,3,216.384
1780765263.923,73.452,510442,510514,3,208.785
1780765263.975,73.504,510442,510514,3,248.770
1780765264.028,73.557,510442,510514,3,209.594
1780765264.081,73.610,510442,510514,3,227.209
1780765264.133,73.662,510442,510514,3,208.819
1780765264.185,73.714,510442,510514,3,230.461
1780765264.239,73.768,510442,510514,3,206.256
1780765264.291,73.820,510442,510514,3,152.319
1780765264.344,73.873,510442,510514,3,247.637
1780765264.397,73.926,510442,510514,3,226.464
1780765264.455,73.984,510442,510514,3,206.939
1780765264.509,74.038,510442,510514,1,256.217
1780765264.567,74.096,510442,510514,1,189.781
1780765264.620,74.149,510442,510514,1,191.251
1780765264.678,74.207,510442,510514,1,223.560
1780765264.734,74.262,510442,510514,1,215.553
1780765264.786,74.315,510442,510514,1,246.556
1780765264.841,74.370,510442,510514,1,219.346
1780765264.894,74.423,510442,510514,1,132.103
1780765264.950,74.478,510442,510514,1,269.891
1780765265.004,74.533,510442,510514,1,239.918
1780765265.067,74.595,510442,510514,1,174.695
1780765265.119,74.648,510442,510514,1,283.987
1780765265.186,74.715,510442,510514,1,210.843
1780765265.240,74.769,510442,510514,1,274.999
1780765265.293,74.822,510442,510514,1,228.610
1780765265.348,74.877,510442,510514,1,182.159
1780765265.403,74.932,510442,510514,1,272.382
1780765265.457,74.986,510442,510514,1,221.671
1780765265.516,75.045,510442,510514,1,184.969
1780765265.583,75.112,510442,510514,1,225.470
1780765265.637,75.166,510442,510514,1,223.240
1780765265.689,75.218,510442,510514,1,229.918
1780765265.741,75.270,510442,510514,1,248.402
1780765265.794,75.323,510442,510514,1,171.690
1780765265.847,75.376,510442,510514,1,245.246
1780765265.903,75.432,510442,510514,1,266.913
1780765265.960,75.489,510442,510514,1,174.790
1780765266.012,75.541,510442,510514,1,268.426
1780765266.072,75.601,510442,510514,1,234.789
1780765266.132,75.661,510442,510514,1,248.264
1780765266.187,75.715,510442,510514,1,258.073
1780765266.242,75.770,510442,510514,1,218.198
1780765266.295,75.824,510442,510514,1,223.618
1780765266.352,75.880,510442,510514,1,266.477
1780765266.412,75.941,510442,510514,1,197.927
1780765266.466,75.994,510442,510514,2,243.043
1780765266.519,76.048,510442,510514,2,131.779
1780765266.574,76.102,510442,510514,2,200.883
1780765266.635,76.163,510442,510514,2,229.505
1780765266.690,76.219,510442,510514,2,180.983
1780765266.742,76.271,510442,510514,2,227.673
1780765266.795,76.324,510442,510514,2,170.864
1780765266.851,76.379,510442,510514,2,90.132
1780765266.903,76.432,510442,510514,2,191.248
1780765266.957,76.486,510442,510514,2,165.824
1780765267.009,76.538,510442,510514,2,57.629
1780765267.063,76.591,510442,510514,2,205.990
1780765267.119,76.647,510442,510514,2,107.419
1780765267.172,76.701,510442,510514,2,93.454
1780765267.229,76.758,510442,510514,2,174.203
1780765267.283,76.811,510442,510514,2,112.804
1780765267.335,76.863,510442,510514,2,96.106
1780765267.387,76.916,510442,510514,2,230.203
1780765267.439,76.968,510442,510514,2,76.444
1780765267.492,77.021,510442,510514,1,132.936
1780765267.544,77.073,510442,510514,1,228.390
1780765267.596,77.125,510442,510514,1,76.779
1780765267.649,77.178,510442,510514,0,152.864
1780765267.701,77.230,510442,510514,0,210.010
1780765267.755,77.283,510442,510514,0,93.376
1780765267.807,77.336,510442,510514,0,190.886
1780765267.860,77.389,510442,510514,0,206.607
1780765267.917,77.446,510442,510514,0,88.229
1780765267.969,77.498,510442,510514,0,210.689
1780765268.023,77.551,510442,510514,0,168.298
1780765268.076,77.605,510442,510514,0,186.824
1780765268.129,77.658,510442,510514,0,227.916
1780765268.181,77.710,510442,510514,0,152.806
1780765268.233,77.762,510442,510514,0,211.420
1780765268.285,77.814,510442,510514,0,229.483
1780765268.338,77.866,510442,510514,0,115.017
1780765268.391,77.920,510442,510514,0,169.673
1780765268.443,77.972,510442,510514,0,228.874
1780765268.496,78.025,510442,510514,0,114.089
1780765268.548,78.077,510442,510514,0,134.431
1780765268.600,78.129,510442,510514,0,228.563
1780765268.656,78.185,510442,510514,0,107.397
1780765268.711,78.240,510442,510514,0,217.926
1780765268.767,78.296,510442,510514,3,251.773
1780765268.819,78.348,510442,510514,3,191.631
1780765268.873,78.402,510442,510514,3,259.246
1780765268.926,78.455,510442,510514,0,227.380
1780765268.979,78.508,510442,510514,0,207.651
1780765269.031,78.560,510442,510514,0,209.298
1780765269.085,78.614,510442,510514,3,224.447
1780765269.137,78.666,510442,510514,0,210.354
1780765269.190,78.719,510442,510514,3,224.732
1780765269.243,78.772,510442,510514,0,210.186
1780765269.296,78.825,510442,510514,0,225.564
1780765269.349,78.877,510442,510514,0,247.384
1780765269.402,78.931,510442,510514,3,241.223
1780765269.455,78.984,510442,510514,3,190.600
1780765269.507,79.036,510442,510514,3,248.098
1780765269.563,79.091,510442,510514,3,253.254
1780765269.615,79.144,510442,510514,3,172.034
1780765269.669,79.198,510442,510514,3,277.920
1780765269.731,79.259,510442,510514,3,226.826
1780765269.783,79.312,510442,510514,3,153.320
1780765269.835,79.364,510442,510514,2,191.343
1780765269.889,79.417,510442,510514,2,186.474
1780765269.941,79.469,510442,510514,2,153.882
1780765269.993,79.522,510442,510514,2,249.836
1780765270.045,79.574,510442,510514,2,171.856
1780765270.097,79.626,510442,510514,2,190.761
1780765270.150,79.678,510442,510514,2,268.280
1780765270.202,79.731,510442,510514,2,151.977
1780765270.255,79.783,510442,510514,2,191.453
1780765270.309,79.837,510442,510514,2,258.733
1780765270.364,79.893,510442,510514,2,162.186
1780765270.416,79.945,510442,510514,2,191.757
1780765270.470,79.999,510442,510514,2,223.033
1780765270.523,80.052,510442,510514,2,169.758
1780765270.578,80.107,510442,510514,2,201.512
1780765270.630,80.159,510442,510514,2,248.730
1780765270.683,80.211,510442,510514,2,152.256
1780765270.735,80.264,510442,510514,2,189.636
1780765270.788,80.317,510442,510514,2,207.952
1780765270.841,80.370,510442,510514,2,133.209
1780765270.893,80.422,510442,510514,1,172.639
1780765270.945,80.474,510442,510514,1,209.864
1780765270.998,80.527,510442,510514,1,245.045
1780765271.052,80.581,510442,510514,1,261.221
1780765271.104,80.633,510442,510514,1,249.247
1780765271.157,80.686,510442,510514,1,263.092
1780765271.210,80.739,510442,510514,1,208.723
1780765271.263,80.791,510442,510514,3,266.429
1780765271.315,80.844,510442,510514,3,227.906
1780765271.377,80.905,510442,510514,3,293.109
1780765271.429,80.958,510442,510514,3,246.688
1780765271.481,81.010,510442,510514,2,230.487
1780765271.534,81.062,510442,510514,2,153.319
1780765271.590,81.119,510442,510514,2,213.442
1780765271.642,81.171,510442,510514,2,171.268
1780765271.695,81.224,510442,510514,0,228.213
1780765271.747,81.276,510442,510514,0,230.124
1780765271.800,81.329,510442,510514,0,131.098
1780765271.853,81.382,510442,510514,0,207.150
1780765271.906,81.435,510442,510514,0,227.523
1780765271.960,81.489,510442,510514,0,223.658
1780765272.012,81.541,510442,510514,0,152.174
1780765272.065,81.594,510442,510514,0,209.453
1780765272.117,81.646,510442,510514,0,248.907
1780765272.181,81.710,510442,510514,0,202.922
1780765272.234,81.763,510442,510514,0,169.207
1780765272.287,81.816,510442,510514,0,172.160
1780765272.342,81.870,510442,510514,0,237.186
1780765272.394,81.923,510442,510514,0,152.671
1780765272.446,81.975,510442,510514,0,76.767
1780765272.498,82.027,510442,510514,0,134.652
1780765272.552,82.081,510442,510514,0,204.690
1780765272.605,82.134,510442,510514,0,245.189
1780765272.659,82.187,510442,510514,0,148.845
1780765272.711,82.240,510442,510514,0,191.214
1780765272.764,82.292,510442,510514,0,227.693
1780765272.817,82.346,510442,510514,0,204.538
1780765272.877,82.406,510442,510514,0,167.189
1780765272.932,82.461,510442,510514,0,164.380
1780765272.984,82.513,510442,510514,0,229.288
1780765273.036,82.565,510442,510514,0,153.088
1780765273.090,82.619,510442,510514,0,130.940
1780765273.142,82.671,510442,510514,2,152.747
1780765273.195,82.724,510442,510514,2,190.959
1780765273.248,82.777,510442,510514,2,262.761
1780765273.306,82.835,510442,510514,2,257.076
1780765273.360,82.889,510442,510514,2,223.680
1780765273.413,82.942,510442,510514,3,225.465
1780765273.468,82.997,510442,510514,3,183.241
1780765273.524,83.053,510442,510514,3,249.192
1780765273.584,83.113,510442,510514,3,248.010
1780765273.639,83.167,510442,510514,3,294.982
1780765273.696,83.225,510442,510514,3,280.057
1780765273.754,83.282,510442,510514,0,259.651
1780765273.812,83.341,510442,510514,1,340.933
1780765273.870,83.399,510442,510514,1,329.201
1780765273.952,83.481,510442,510514,1,278.989
1780765274.014,83.542,510442,510514,1,326.387
1780765274.078,83.607,510442,510514,1,279.133
1780765274.151,83.679,510442,510514,1,303.448
1780765274.217,83.746,510442,510514,1,270.085
1780765274.281,83.810,510442,510514,1,265.690
1780765274.337,83.865,510442,510514,1,289.552
1780765274.398,83.927,510442,510514,1,260.436
1780765274.454,83.983,510442,510514,1,266.749
1780765274.507,84.036,510442,510514,1,281.661
1780765274.568,84.097,510442,510514,1,297.806
1780765274.635,84.164,510442,510514,1,297.811
1780765274.692,84.221,510442,510514,1,245.537
1780765274.746,84.275,510442,510514,1,313.106
1780765274.806,84.335,510442,510514,1,334.564
1780765274.859,84.388,510442,510514,1,207.263
1780765274.945,84.474,510442,510514,1,314.246
1780765275.033,84.562,510442,510514,1,296.615
1780765275.105,84.634,510442,510514,1,263.461
1780765275.163,84.692,510442,510514,1,308.494
1780765275.241,84.770,510442,510514,1,296.395
1780765275.308,84.837,510442,510514,0,253.283
1780765275.369,84.898,510442,510514,1,278.226
1780765275.448,84.977,510442,510514,0,279.564
1780765275.518,85.047,510442,510514,0,283.393
1780765275.585,85.113,510442,510514,1,271.926
1780765275.644,85.173,510442,510514,1,269.400
1780765275.728,85.257,510442,510514,1,309.422
1780765275.783,85.312,510442,510514,1,217.547
1780765275.837,85.366,510442,510514,1,242.064
1780765275.895,85.424,510442,510514,1,327.811
1780765275.949,85.478,510442,510514,1,294.037
1780765276.008,85.537,510442,510514,1,272.162
1780765276.062,85.591,510442,510514,1,239.656
1780765276.122,85.651,510442,510514,1,351.880
1780765276.185,85.714,510442,510514,1,270.660
1780765276.239,85.768,510442,510514,1,276.122
1780765276.314,85.843,510442,510514,1,306.713
1780765276.378,85.907,510442,510514,1,312.124
1780765276.446,85.974,510442,510514,1,326.337
1780765276.544,86.073,510442,510514,1,294.029
1780765276.598,86.127,510442,510514,1,313.228
1780765276.660,86.189,510442,510514,1,309.333
1780765276.737,86.266,510442,510514,3,325.157
1780765276.818,86.347,510442,510514,3,295.455
1780765276.873,86.402,510442,510514,1,288.969
1780765276.950,86.479,510442,510514,1,285.681
1780765277.028,86.556,510442,510514,1,284.621
1780765277.105,86.633,510442,510514,1,246.890
1780765277.158,86.687,510442,510514,1,244.592
1780765277.211,86.739,510442,510514,1,265.192
1780765277.270,86.799,510442,510514,1,234.738
1780765277.326,86.855,510442,510514,1,178.004
1780765277.386,86.914,510442,510514,1,219.600
1780765277.441,86.969,510442,510514,1,254.460
1780765277.495,87.024,510442,510514,1,200.769
1780765277.548,87.077,510442,510514,1,265.941
1780765277.607,87.135,510442,510514,1,188.052
1780765277.659,87.188,510442,510514,1,264.618
1780765277.716,87.245,510442,510514,1,264.346
1780765277.776,87.305,510442,510514,1,267.429
1780765277.835,87.363,510442,510514,1,272.976
1780765277.889,87.418,510442,510514,1,221.841
1780765277.945,87.474,510442,510514,1,318.335
1780765278.013,87.542,510442,510514,1,250.042
1780765278.068,87.597,510442,510514,1,274.015
1780765278.138,87.667,510442,510514,1,286.644
1780765278.199,87.728,510442,510514,1,260.743
1780765278.254,87.783,510442,510514,1,272.626
1780765278.309,87.838,510442,510514,1,307.292
1780765278.365,87.894,510442,510514,1,198.740
1780765278.424,87.953,510442,510514,1,321.018
1780765278.493,88.022,510442,510514,1,232.494
1780765278.545,88.074,510442,510514,1,227.724
1780765278.599,88.128,510442,510514,0,277.983
1780765278.660,88.189,510442,510514,0,313.026
1780765278.714,88.243,510442,510514,0,315.002
1780765278.772,88.301,510442,510514,0,259.603
1780765278.827,88.355,510442,510514,0,292.190
1780765278.880,88.409,510442,510514,0,300.069
1780765278.933,88.461,510442,510514,0,285.529
1780765278.988,88.517,510442,510514,0,304.294
1780765279.046,88.575,510442,510514,0,278.982
1780765279.106,88.635,510442,510514,2,314.519
1780765279.161,88.689,510442,510514,2,238.851
1780765279.215,88.743,510442,510514,2,314.417
1780765279.273,88.802,510442,510514,2,206.460
1780765279.328,88.857,510442,510514,2,198.943
1780765279.380,88.909,510442,510514,2,153.032
1780765279.433,88.962,510442,510514,2,171.408
1780765279.487,89.016,510442,510514,2,165.186
1780765279.541,89.070,510442,510514,2,223.384
1780765279.593,89.122,510442,510514,2,114.453
1780765279.646,89.174,510442,510514,2,57.635
1780765279.697,89.226,510442,510514,2,38.488
1780765279.750,89.278,510442,510514,2,153.319
1780765279.802,89.331,510442,510514,2,229.866
1780765279.856,89.385,510442,510514,2,185.775
1780765279.908,89.437,510442,510514,2,95.580
1780765279.960,89.489,510442,510514,2,76.282
1780765280.015,89.544,510442,510514,0,218.442
1780765280.072,89.600,510442,510514,0,231.605
1780765280.129,89.657,510442,510514,0,157.770
1780765280.186,89.715,510442,510514,0,192.234
1780765280.240,89.768,510442,510514,0,223.347
1780765280.293,89.822,510442,510514,0,243.939
1780765280.345,89.874,510442,510514,0,230.553
1780765280.397,89.926,510442,510514,0,268.714
1780765280.449,89.978,510442,510514,0,230.001
1780765280.502,90.031,510442,510514,0,226.934
1780765280.555,90.084,510442,510514,0,246.588
1780765280.608,90.137,510442,510514,0,244.819
1780765280.661,90.190,510442,510514,0,245.489
1780765280.713,90.242,510442,510514,0,133.757
1780765280.765,90.294,510442,510514,0,210.282
1780765280.820,90.349,510442,510514,0,239.247
1780765280.876,90.405,510442,510514,0,160.136
1780765280.928,90.457,510442,510514,0,210.514
1780765280.986,90.514,510442,510514,0,226.587
1780765281.038,90.567,510442,510514,0,134.310
1780765281.090,90.619,510442,510514,0,153.861
1780765281.142,90.671,510442,510514,0,172.200
1780765281.198,90.727,510442,510514,0,178.458
1780765281.251,90.780,510442,510514,0,93.757
1780765281.305,90.834,510442,510514,0,186.513
1780765281.358,90.887,510442,510514,0,245.004
1780765281.411,90.940,510442,510514,0,187.341
1780765281.464,90.993,510442,510514,0,94.921
1780765281.516,91.045,510442,510514,0,57.712
1780765281.568,91.097,510442,510514,0,38.466
1780765281.621,91.149,510442,510514,0,76.115
1780765281.675,91.204,510442,510514,0,183.409
1780765281.728,91.257,510442,510514,0,263.722
1780765281.781,91.310,510442,510514,0,151.367
1780765281.834,91.363,510442,510514,0,132.376
1780765281.892,91.421,510442,510514,0,188.292
1780765281.945,91.473,510442,510514,0,210.271
1780765281.997,91.526,510442,510514,2,304.291
1780765282.051,91.580,510442,510514,2,221.491
1780765282.104,91.633,510442,510514,2,302.758
1780765282.160,91.689,510442,510514,2,233.817
1780765282.213,91.741,510442,510514,0,246.344
1780765282.265,91.794,510442,510514,1,304.569
1780765282.324,91.853,510442,510514,1,255.100
1780765282.377,91.906,510442,510514,1,225.624
1780765282.436,91.965,510442,510514,1,221.877
1780765282.488,92.017,510442,510514,1,248.089
1780765282.541,92.070,510442,510514,1,227.779
1780765282.596,92.125,510442,510514,1,235.094
1780765282.648,92.177,510442,510514,1,249.490
1780765282.701,92.230,510442,510514,1,245.600
1780765282.755,92.284,510442,510514,1,314.962
1780765282.809,92.338,510442,510514,1,258.030
1780765282.866,92.395,510442,510514,1,370.575
1780765282.919,92.448,510442,510514,1,208.891
1780765282.971,92.500,510442,510514,1,266.500
1780765283.027,92.555,510442,510514,1,252.803
1780765283.080,92.609,510442,510514,1,242.130
1780765283.135,92.664,510442,510514,1,237.383
1780765283.188,92.717,510442,510514,1,245.375
1780765283.242,92.771,510442,510514,1,222.696
1780765283.296,92.825,510442,510514,1,258.818
1780765283.350,92.879,510442,510514,1,294.876
1780765283.407,92.936,510442,510514,1,262.417
1780765283.460,92.989,510442,510514,1,266.717
1780765283.513,93.042,510442,510514,1,302.569
1780765283.567,93.095,510442,510514,1,241.612
1780765283.620,93.149,510442,510514,1,280.355
1780765283.676,93.204,510442,510514,1,306.851
1780765283.733,93.261,510442,510514,1,280.826
1780765283.799,93.328,510442,510514,1,284.110
1780765283.860,93.389,510442,510514,1,327.898
1780765283.916,93.445,510442,510514,1,305.006
1780765283.972,93.501,510442,510514,1,304.962
1780765284.026,93.555,510442,510514,1,312.582
1780765284.082,93.610,510442,510514,1,307.285
1780765284.142,93.671,510442,510514,1,299.414
1780765284.203,93.732,510442,510514,1,309.057
1780765284.256,93.785,510442,510514,1,341.010
1780765284.309,93.838,510442,510514,1,322.064
1780765284.369,93.897,510442,510514,1,284.078
1780765284.421,93.949,510442,510514,1,287.982
1780765284.478,94.007,510442,510514,1,313.063
1780765284.543,94.072,510442,510514,1,291.534
1780765284.597,94.126,510442,510514,1,222.714
1780765284.650,94.179,510442,510514,1,285.704
1780765284.702,94.231,510442,510514,1,228.378
1780765284.756,94.285,510442,510514,1,242.358
1780765284.810,94.339,510442,510514,1,256.975
1780765284.863,94.392,510442,510514,1,247.513
1780765284.921,94.450,510442,510514,1,241.739
1780765284.979,94.508,510442,510514,1,223.730
1780765285.032,94.561,510442,510514,1,281.915
1780765285.085,94.613,510442,510514,1,228.828
1780765285.137,94.666,510442,510514,1,264.871
1780765285.199,94.728,510442,510514,1,291.458
1780765285.256,94.785,510442,510514,1,263.396
1780765285.309,94.837,510442,510514,1,304.645
1780765285.364,94.893,510442,510514,1,306.439
1780765285.417,94.945,510442,510514,1,305.462
1780765285.469,94.998,510442,510514,1,304.141
1780765285.527,95.056,510442,510514,1,311.953
1780765285.584,95.113,510442,510514,1,313.308
1780765285.640,95.169,510442,510514,1,287.402
1780765285.694,95.222,510442,510514,1,260.946
1780765285.749,95.277,510442,510514,1,345.846
1780765285.808,95.337,510442,510514,1,317.589
1780765285.866,95.394,510442,510514,1,297.520
1780765285.922,95.451,510442,510514,1,281.683
1780765285.985,95.514,510442,510514,1,303.638
1780765286.048,95.577,510442,510514,1,284.200
1780765286.112,95.641,510442,510514,1,283.435
1780765286.174,95.703,510442,510514,1,335.352
1780765286.233,95.761,510442,510514,1,257.066
1780765286.294,95.823,510442,510514,1,360.250
1780765286.349,95.878,510442,510514,1,233.461
1780765286.409,95.938,510442,510514,1,350.172
1780765286.480,96.009,510442,510514,1,282.751
1780765286.534,96.063,510442,510514,1,297.239
1780765286.589,96.118,510442,510514,1,324.405
1780765286.647,96.175,510442,510514,1,315.019
1780765286.704,96.233,510442,510514,1,346.418
1780765286.772,96.301,510442,510514,1,294.912
1780765286.830,96.358,510442,510514,1,296.207
1780765286.887,96.416,510442,510514,1,345.416
1780765286.957,96.485,510442,510514,1,289.345
1780765287.014,96.542,510442,510514,1,315.683
1780765287.066,96.595,510442,510514,1,305.758
1780765287.120,96.649,510442,510514,1,275.048
1780765287.173,96.702,510442,510514,1,321.940
1780765287.232,96.760,510442,510514,1,274.460
1780765287.286,96.814,510442,510514,1,314.182
1780765287.345,96.874,510442,510514,1,301.230
1780765287.399,96.928,510442,510514,1,299.254
1780765287.458,96.987,510442,510514,1,337.168
1780765287.514,97.043,510442,510514,1,305.495
1780765287.575,97.104,510442,510514,1,277.207
1780765287.631,97.160,510442,510514,1,305.883
1780765287.686,97.215,510442,510514,1,272.179
1780765287.740,97.269,510442,510514,1,313.770
1780765287.798,97.326,510442,510514,1,312.906
1780765287.858,97.387,510442,510514,1,281.290
1780765287.915,97.443,510442,510514,1,335.760
1780765287.969,97.498,510442,510514,1,255.595
1780765288.026,97.554,510442,510514,1,284.399
1780765288.083,97.612,510442,510514,1,226.751
1780765288.140,97.669,510442,510514,1,262.926
1780765288.195,97.724,510442,510514,1,271.047
1780765288.255,97.784,510442,510514,1,267.428
1780765288.310,97.839,510442,510514,1,271.215
1780765288.369,97.897,510442,510514,1,309.422
1780765288.421,97.950,510442,510514,1,322.161
1780765288.485,98.014,510442,510514,0,252.829
1780765288.542,98.071,510442,510514,0,348.184
1780765288.607,98.135,510442,510514,0,279.429
1780765288.663,98.192,510442,510514,0,335.529
1780765288.716,98.245,510442,510514,0,264.377
1780765288.769,98.298,510442,510514,2,319.440
1780765288.826,98.355,510442,510514,2,315.380
1780765288.880,98.409,510442,510514,2,297.974
1780765288.933,98.461,510442,510514,2,266.985
1780765288.986,98.514,510442,510514,2,263.699
1780765289.040,98.569,510442,510514,2,276.241
1780765289.093,98.622,510442,510514,2,338.393
1780765289.147,98.675,510442,510514,2,224.730
1780765289.203,98.732,510442,510514,2,282.946
1780765289.257,98.786,510442,510514,2,239.009
1780765289.313,98.841,510442,510514,2,290.756
1780765289.368,98.896,510442,510514,2,217.572
1780765289.421,98.950,510442,510514,2,150.168
1780765289.479,99.008,510442,510514,2,155.363
1780765289.531,99.060,510442,510514,2,266.328
1780765289.585,99.114,510442,510514,2,168.901
1780765289.639,99.167,510442,510514,2,111.526
1780765289.691,99.220,510442,510514,2,152.069
1780765289.745,99.274,510442,510514,3,166.411
1780765289.804,99.333,510442,510514,3,221.938
1780765289.858,99.387,510442,510514,3,185.165
1780765289.911,99.440,510442,510514,3,132.114
1780765289.964,99.493,510442,510514,3,188.729
1780765290.018,99.547,510442,510514,3,221.371
1780765290.076,99.605,510442,510514,3,241.002
1780765290.135,99.664,510442,510514,3,238.385
1780765290.189,99.718,510442,510514,3,294.067
1780765290.241,99.770,510442,510514,3,248.854
1780765290.294,99.823,510442,510514,3,229.670
1780765290.346,99.875,510442,510514,3,229.991
1780765290.399,99.928,510442,510514,0,281.159
1780765290.456,99.985,510442,510514,0,265.366
1780765290.510,100.039,510442,510514,0,259.111
1780765290.564,100.093,510442,510514,0,296.286
1780765290.619,100.148,510442,510514,1,233.868
1780765290.674,100.203,510442,510514,1,256.174
1780765290.733,100.262,510442,510514,1,288.233
1780765290.789,100.317,510442,510514,1,233.704
1780765290.842,100.371,510442,510514,1,282.642
1780765290.894,100.423,510442,510514,1,229.300
1780765290.947,100.476,510442,510514,0,224.524
1780765291.003,100.532,510442,510514,2,234.367
1780765291.057,100.586,510442,510514,2,184.824
1780765291.109,100.638,510442,510514,2,152.648
1780765291.162,100.691,510442,510514,2,246.888
1780765291.214,100.743,510442,510514,2,153.034
1780765291.267,100.796,510442,510514,2,282.895
1780765291.325,100.853,510442,510514,2,192.425
1780765291.380,100.908,510442,510514,2,127.305
1780765291.432,100.961,510442,510514,2,209.284
1780765291.486,101.015,510442,510514,2,149.276
1780765291.540,101.069,510442,510514,2,237.333
1780765291.593,101.122,510442,510514,2,267.221
1780765291.646,101.175,510442,510514,2,168.721
1780765291.701,101.230,510442,510514,2,164.775
1780765291.754,101.282,510442,510514,2,208.235
1780765291.806,101.335,510442,510514,2,170.860
1780765291.860,101.389,510442,510514,2,262.024
1780765291.913,101.442,510442,510514,2,225.552
1780765291.971,101.500,510442,510514,2,137.857
1780765292.024,101.553,510442,510514,2,189.027
1780765292.082,101.611,510442,510514,3,205.234
1780765292.135,101.663,510442,510514,3,210.351
1780765292.189,101.718,510442,510514,3,259.098
1780765292.241,101.770,510442,510514,3,134.281
1780765292.293,101.822,510442,510514,3,152.952
1780765292.345,101.874,510442,510514,3,249.179
1780765292.399,101.928,510442,510514,3,224.318
1780765292.452,101.981,510442,510514,3,340.125
1780765292.508,102.037,510442,510514,3,303.725
1780765292.561,102.089,510442,510514,3,340.340
1780765292.617,102.145,510442,510514,3,267.642
1780765292.671,102.200,510442,510514,3,275.237
1780765292.730,102.258,510442,510514,3,342.124
1780765292.786,102.315,510442,510514,3,299.708
1780765292.840,102.369,510442,510514,3,316.469
1780765292.894,102.423,510442,510514,3,275.970
1780765292.951,102.480,510442,510514,3,262.905
1780765293.006,102.535,510442,510514,3,238.117
1780765293.060,102.589,510442,510514,2,148.956
1780765293.119,102.648,510442,510514,2,269.616
1780765293.174,102.703,510442,510514,2,182.172
1780765293.229,102.758,510442,510514,2,199.637
1780765293.288,102.817,510442,510514,2,238.469
1780765293.341,102.870,510442,510514,0,131.816
1780765293.394,102.923,510442,510514,0,320.781
1780765293.454,102.983,510442,510514,0,300.673
1780765293.511,103.040,510442,510514,0,277.429
1780765293.564,103.093,510442,510514,0,266.705
1780765293.626,103.155,510442,510514,0,320.385
1780765293.684,103.213,510442,510514,0,294.112
1780765293.743,103.272,510442,510514,0,286.798
1780765293.800,103.329,510442,510514,0,299.662
1780765293.853,103.381,510442,510514,0,266.962
1780765293.911,103.439,510442,510514,0,327.503
1780765293.972,103.501,510442,510514,0,244.157
1780765294.031,103.560,510442,510514,0,237.026
1780765294.086,103.615,510442,510514,0,253.384
1780765294.144,103.673,510442,510514,0,243.132
1780765294.202,103.731,510442,510514,2,259.567
1780765294.289,103.818,510442,510514,2,263.073
1780765294.407,103.936,510442,510514,2,263.327
1780765294.461,103.990,510442,510514,2,257.264
1780765294.527,104.056,510442,510514,2,214.110
1780765294.579,104.108,510442,510514,1,248.510
1780765294.637,104.165,510442,510514,1,313.050
1780765294.708,104.237,510442,510514,2,250.964
1780765294.777,104.306,510442,510514,2,262.638
1780765294.838,104.367,510442,510514,2,343.786
1780765294.895,104.424,510442,510514,0,261.971
1780765294.952,104.481,510442,510514,2,315.365
1780765295.012,104.541,510442,510514,2,332.141
1780765295.068,104.597,510442,510514,2,304.667
1780765295.129,104.658,510442,510514,2,280.257
1780765295.182,104.711,510442,510514,2,281.825
1780765295.238,104.767,510442,510514,2,304.387
1780765295.301,104.830,510442,510514,2,238.774
1780765295.361,104.889,510442,510514,2,351.229
1780765295.419,104.948,510442,510514,2,255.109
1780765295.476,105.005,510442,510514,2,262.656
1780765295.540,105.068,510442,510514,2,237.739
1780765295.594,105.123,510442,510514,2,201.903
1780765295.648,105.177,510442,510514,2,260.704
1780765295.703,105.231,510442,510514,2,255.027
1780765295.763,105.291,510442,510514,2,283.324
1780765295.817,105.346,510442,510514,2,257.460
1780765295.872,105.401,510442,510514,2,327.871
1780765295.929,105.458,510442,510514,2,277.869
1780765295.984,105.513,510442,510514,2,275.871
1780765296.052,105.581,510442,510514,2,292.574
1780765296.110,105.639,510442,510514,2,294.655
1780765296.171,105.699,510442,510514,2,296.295
1780765296.238,105.767,510442,510514,0,281.196
1780765296.294,105.823,510442,510514,0,251.457
1780765296.367,105.896,510442,510514,0,273.569
1780765296.434,105.963,510442,510514,0,313.200
1780765296.508,106.037,510442,510514,0,269.763
1780765296.571,106.100,510442,510514,0,285.549
1780765296.634,106.163,510442,510514,0,287.001
1780765296.697,106.226,510442,510514,0,268.180
1780765296.759,106.288,510442,510514,0,326.016
1780765296.818,106.347,510442,510514,2,254.162
1780765296.881,106.409,510442,510514,3,318.368
1780765296.942,106.471,510442,510514,3,293.193
1780765297.006,106.535,510442,510514,3,265.280
1780765297.061,106.590,510442,510514,3,307.220
1780765297.120,106.649,510442,510514,3,289.029
1780765297.180,106.708,510442,510514,3,286.437
1780765297.243,106.772,510442,510514,3,267.793
1780765297.308,106.837,510442,510514,3,278.215
1780765297.368,106.897,510442,510514,3,248.608
1780765297.441,106.970,510442,510514,3,231.750
1780765297.498,107.027,510442,510514,3,247.702
1780765297.558,107.087,510442,510514,3,231.394
1780765297.611,107.140,510442,510514,3,264.080
1780765297.675,107.204,510442,510514,0,220.341
1780765297.727,107.256,510442,510514,0,133.653
1780765297.780,107.309,510442,510514,0,209.865
1780765297.833,107.362,510442,510514,3,241.958
1780765297.893,107.421,510442,510514,3,203.120
1780765297.946,107.474,510442,510514,3,244.784
1780765298.000,107.529,510442,510514,3,238.541
1780765298.054,107.583,510442,510514,3,203.110
1780765298.107,107.636,510442,510514,3,265.287
1780765298.160,107.688,510442,510514,3,247.189
1780765298.224,107.753,510442,510514,3,232.167
1780765298.294,107.823,510442,510514,3,228.131
1780765298.349,107.878,510442,510514,3,238.315
1780765298.413,107.942,510442,510514,3,250.820
1780765298.473,108.002,510442,510514,3,265.834
1780765298.530,108.059,510442,510514,3,244.012
1780765298.583,108.112,510442,510514,3,247.392
1780765298.642,108.171,510442,510514,3,235.838
1780765298.699,108.227,510442,510514,3,248.651
1780765298.764,108.293,510442,510514,0,243.655
1780765298.831,108.359,510442,510514,0,256.020
1780765298.896,108.425,510442,510514,2,229.456
1780765298.952,108.481,510442,510514,2,269.091
1780765299.008,108.537,510442,510514,2,249.048
1780765299.062,108.591,510442,510514,2,220.136
1780765299.120,108.649,510442,510514,2,259.214
1780765299.198,108.726,510442,510514,2,272.029
1780765299.270,108.798,510442,510514,2,263.528
1780765299.340,108.868,510442,510514,0,214.158
1780765299.395,108.924,510442,510514,0,304.453
1780765299.463,108.992,510442,510514,0,281.707
1780765299.520,109.049,510442,510514,0,263.901
1780765299.576,109.105,510442,510514,0,284.322
1780765299.633,109.162,510442,510514,0,314.151
1780765299.698,109.227,510442,510514,0,215.402
1780765299.761,109.290,510442,510514,3,302.207
1780765299.822,109.351,510442,510514,3,327.394
1780765299.907,109.436,510442,510514,3,270.167
1780765299.962,109.491,510442,510514,3,256.681
1780765300.034,109.563,510442,510514,3,303.349
1780765300.106,109.635,510442,510514,3,264.439
1780765300.168,109.697,510442,510514,3,291.498
1780765300.254,109.783,510442,510514,0,267.177
1780765300.318,109.847,510442,510514,3,264.964
1780765300.384,109.913,510442,510514,3,243.584
1780765300.443,109.972,510442,510514,3,253.851
1780765300.501,110.030,510442,510514,3,241.663
1780765300.560,110.089,510442,510514,3,255.709
1780765300.616,110.145,510442,510514,3,281.882
1780765300.676,110.205,510442,510514,3,219.141
1780765300.730,110.259,510442,510514,3,222.345
1780765300.783,110.312,510442,510514,3,260.667
1780765300.841,110.370,510442,510514,3,276.084
1780765300.915,110.444,510442,510514,0,257.822
1780765300.968,110.497,510442,510514,0,247.275
1780765301.028,110.557,510442,510514,0,280.511
1780765301.085,110.614,510442,510514,0,283.233
1780765301.139,110.668,510442,510514,0,275.392
1780765301.192,110.721,510442,510514,0,302.930
1780765301.256,110.785,510442,510514,0,311.765
1780765301.337,110.866,510442,510514,0,308.202
1780765301.396,110.925,510442,510514,3,272.617
1780765301.456,110.985,510442,510514,3,249.517
1780765301.521,111.049,510442,510514,3,295.211
1780765301.596,111.124,510442,510514,3,266.181
1780765301.664,111.193,510442,510514,3,305.519
1780765301.724,111.253,510442,510514,0,302.423
1780765301.781,111.310,510442,510514,0,280.249
1780765301.845,111.374,510442,510514,3,235.031
1780765301.919,111.448,510442,510514,3,309.255
1780765301.997,111.526,510442,510514,3,294.057
1780765302.060,111.589,510442,510514,3,269.954
1780765302.121,111.650,510442,510514,3,313.078
1780765302.180,111.709,510442,510514,0,236.773
1780765302.254,111.783,510442,510514,3,244.446
1780765302.317,111.846,510442,510514,3,329.959
1780765302.381,111.910,510442,510514,3,265.949
1780765302.444,111.973,510442,510514,3,271.435
1780765302.513,112.042,510442,510514,3,303.289
1780765302.573,112.102,510442,510514,3,318.218
1780765302.629,112.158,510442,510514,3,250.671
1780765302.700,112.228,510442,510514,3,282.513
1780765302.789,112.318,510442,510514,3,278.681
1780765302.855,112.384,510442,510514,3,259.391
1780765302.918,112.447,510442,510514,3,285.929
1780765302.992,112.521,510442,510514,3,297.753
1780765303.061,112.590,510442,510514,3,259.335
1780765303.140,112.669,510442,510514,3,240.655
1780765303.206,112.735,510442,510514,2,257.137
1780765303.260,112.788,510442,510514,2,224.498
1780765303.317,112.846,510442,510514,2,244.414
1780765303.377,112.906,510442,510514,2,232.512
1780765303.431,112.960,510442,510514,2,278.055
1780765303.485,113.014,510442,510514,2,239.821
1780765303.548,113.077,510442,510514,2,304.284
1780765303.619,113.148,510442,510514,2,292.767
1780765303.690,113.218,510442,510514,2,313.456
1780765303.756,113.285,510442,510514,2,299.959
1780765303.820,113.349,510442,510514,2,266.100
1780765303.876,113.405,510442,510514,2,303.713
1780765303.935,113.464,510442,510514,2,304.082
1780765303.994,113.523,510442,510514,2,341.246
1780765304.047,113.576,510442,510514,2,301.732
1780765304.105,113.634,510442,510514,2,291.038
1780765304.162,113.691,510442,510514,2,301.941
1780765304.222,113.751,510442,510514,2,313.978
1780765304.280,113.809,510442,510514,2,276.843
1780765304.334,113.863,510442,510514,2,294.330
1780765304.397,113.925,510442,510514,2,257.213
1780765304.451,113.980,510442,510514,2,293.451
1780765304.505,114.034,510442,510514,2,294.807
1780765304.559,114.088,510442,510514,2,223.989
1780765304.616,114.145,510442,510514,2,296.613
1780765304.676,114.204,510442,510514,2,218.870
1780765304.731,114.260,510442,510514,2,235.347
1780765304.791,114.319,510442,510514,2,251.295
1780765304.847,114.375,510442,510514,2,249.881
1780765304.903,114.432,510442,510514,0,247.845
1780765304.957,114.486,510442,510514,3,242.330
1780765305.018,114.547,510442,510514,3,244.645
1780765305.071,114.600,510442,510514,3,245.025
1780765305.138,114.667,510442,510514,2,252.839
1780765305.206,114.735,510442,510514,2,267.186
1780765305.262,114.791,510442,510514,2,266.341
1780765305.320,114.848,510442,510514,3,278.425
1780765305.392,114.921,510442,510514,2,275.312
1780765305.453,114.982,510442,510514,2,277.806
1780765305.509,115.038,510442,510514,1,341.362
1780765305.588,115.117,510442,510514,1,303.112
1780765305.651,115.180,510442,510514,1,284.865
1780765305.712,115.241,510442,510514,1,311.258
1780765305.774,115.303,510442,510514,1,277.439
1780765305.856,115.385,510442,510514,1,290.540
1780765305.918,115.447,510442,510514,1,309.340
1780765305.978,115.507,510442,510514,1,296.512
1780765306.042,115.571,510442,510514,1,300.298
1780765306.104,115.633,510442,510514,1,288.109
1780765306.171,115.700,510442,510514,0,298.124
1780765306.229,115.758,510442,510514,0,276.353
1780765306.288,115.817,510442,510514,0,289.792
1780765306.350,115.878,510442,510514,0,323.458
1780765306.407,115.936,510442,510514,0,329.370
1780765306.475,116.004,510442,510514,0,293.992
1780765306.540,116.069,510442,510514,0,261.356
1780765306.598,116.127,510442,510514,0,296.354
1780765306.654,116.183,510442,510514,0,231.249
1780765306.711,116.240,510442,510514,3,313.931
1780765306.766,116.295,510442,510514,3,290.428
1780765306.826,116.355,510442,510514,3,301.539
1780765306.887,116.416,510442,510514,3,329.891
1780765306.953,116.481,510442,510514,3,303.504
1780765307.015,116.544,510442,510514,3,322.056
1780765307.072,116.601,510442,510514,3,296.029
1780765307.129,116.658,510442,510514,3,317.164
1780765307.188,116.717,510442,510514,3,321.056
1780765307.242,116.771,510442,510514,3,278.275
1780765307.299,116.828,510442,510514,3,316.066
1780765307.352,116.881,510442,510514,3,262.612
1780765307.408,116.937,510442,510514,3,324.651
1780765307.472,117.001,510442,510514,3,279.753
1780765307.530,117.059,510442,510514,3,294.352
1780765307.589,117.118,510442,510514,2,321.893
1780765307.642,117.171,510442,510514,2,281.411
1780765307.704,117.233,510442,510514,3,322.039
1780765307.761,117.290,510442,510514,3,228.994
1780765307.821,117.350,510442,510514,3,282.665
1780765307.881,117.409,510442,510514,3,218.877
1780765307.934,117.463,510442,510514,3,224.125
1780765307.987,117.516,510442,510514,3,243.643
1780765308.052,117.581,510442,510514,3,278.835
1780765308.114,117.642,510442,510514,3,259.712
1780765308.168,117.697,510442,510514,0,257.145
1780765308.225,117.754,510442,510514,0,298.367
1780765308.298,117.826,510442,510514,0,303.269
1780765308.359,117.888,510442,510514,0,290.747
1780765308.415,117.943,510442,510514,0,254.063
1780765308.497,118.026,510442,510514,0,315.512
1780765308.573,118.102,510442,510514,0,289.658
1780765308.661,118.190,510442,510514,0,261.671
1780765308.740,118.269,510442,510514,3,314.126
1780765308.810,118.339,510442,510514,3,302.297
1780765308.878,118.407,510442,510514,3,308.592
1780765308.957,118.486,510442,510514,3,290.400
1780765309.032,118.561,510442,510514,1,320.158
1780765309.108,118.637,510442,510514,1,275.896
1780765309.172,118.701,510442,510514,1,344.658
1780765309.241,118.770,510442,510514,1,291.186
1780765309.317,118.846,510442,510514,1,274.761
1780765309.400,118.929,510442,510514,1,326.386
1780765309.467,118.996,510442,510514,1,281.750
1780765309.535,119.064,510442,510514,1,338.834
1780765309.608,119.137,510442,510514,1,301.530
1780765309.681,119.210,510442,510514,3,317.047
1780765309.756,119.285,510442,510514,1,251.486
1780765309.814,119.343,510442,510514,1,295.159
1780765309.868,119.397,510442,510514,1,311.637
1780765309.930,119.459,510442,510514,1,306.508
1780765310.008,119.537,510442,510514,1,321.933
1780765310.092,119.621,510442,510514,1,286.348
1780765310.162,119.691,510442,510514,1,270.526
1780765310.227,119.756,510442,510514,1,321.118
1780765310.294,119.823,510442,510514,1,316.618
1780765310.371,119.899,510442,510514,1,325.740
1780765310.451,119.980,510442,510514,1,198.913
1780765310.520,120.049,510442,510514,1,275.646
1780765310.574,120.103,510442,510514,1,223.172
1780765310.635,120.164,510442,510514,1,130.185
1780765310.688,120.217,510442,510514,1,188.638
1780765310.742,120.270,510442,510514,0,205.830
1780765310.794,120.323,510442,510514,0,152.319
1780765310.848,120.376,510442,510514,0,317.680
1780765310.901,120.430,510442,510514,0,242.483
1780765310.957,120.486,510442,510514,1,267.269
1780765311.010,120.539,510442,510514,1,285.300
1780765311.070,120.599,510442,510514,0,233.461
1780765311.127,120.656,510442,510514,1,264.117
1780765311.179,120.708,510442,510514,1,303.389
1780765311.234,120.763,510442,510514,1,257.334
1780765311.290,120.819,510442,510514,1,196.583
1780765311.351,120.880,510442,510514,1,277.092
1780765311.406,120.935,510442,510514,1,237.820
1780765311.460,120.988,510442,510514,1,241.621
1780765311.525,121.054,510442,510514,1,261.245
1780765311.585,121.114,510442,510514,1,166.584
1780765311.639,121.168,510442,510514,1,220.993
1780765311.693,121.222,510442,510514,0,279.300
1780765311.745,121.274,510442,510514,0,133.627
1780765311.798,121.327,510442,510514,1,225.350
1780765311.852,121.381,510442,510514,1,204.585
1780765311.905,121.434,510442,510514,2,169.282
1780765311.958,121.487,510442,510514,1,226.073
1780765312.017,121.546,510442,510514,1,153.501
1780765312.072,121.601,510442,510514,1,234.616
1780765312.130,121.658,510442,510514,1,174.909
1780765312.182,121.711,510442,510514,2,133.045
1780765312.235,121.763,510442,510514,2,191.032
1780765312.288,121.817,510442,510514,0,224.180
1780765312.341,121.869,510442,510514,3,152.356
1780765312.393,121.922,510442,510514,1,210.199
1780765312.448,121.977,510442,510514,1,199.739
1780765312.500,122.029,510442,510514,1,285.889
1780765312.554,122.083,510442,510514,1,277.707
1780765312.608,122.137,510442,510514,1,241.897
1780765312.666,122.195,510442,510514,1,224.927
1780765312.720,122.249,510442,510514,1,257.277
1780765312.773,122.302,510442,510514,1,226.984
1780765312.827,122.355,510442,510514,1,187.379
1780765312.884,122.412,510442,510514,1,245.967
1780765312.937,122.465,510442,510514,1,263.907
1780765312.989,122.518,510442,510514,1,227.285
1780765313.042,122.571,510442,510514,1,264.714
1780765313.098,122.627,510442,510514,1,198.044
1780765313.155,122.684,510442,510514,1,261.537
1780765313.208,122.737,510442,510514,1,190.126
1780765313.266,122.795,510442,510514,1,221.924
1780765313.327,122.855,510442,510514,1,232.307
1780765313.382,122.911,510442,510514,1,162.856
1780765313.436,122.965,510442,510514,1,256.893
1780765313.489,123.018,510442,510514,1,245.303
1780765313.542,123.070,510442,510514,1,133.960
1780765313.595,123.124,510442,510514,1,263.456
1780765313.649,123.177,510442,510514,1,186.024
1780765313.703,123.232,510442,510514,1,183.176
1780765313.759,123.288,510442,510514,1,178.659
1780765313.812,123.341,510442,510514,1,265.631
1780765313.866,123.395,510442,510514,1,221.805
1780765313.918,123.447,510442,510514,1,171.313
1780765313.971,123.500,510442,510514,1,246.778
1780765314.027,123.555,510442,510514,1,198.660
1780765314.081,123.610,510442,510514,3,202.328
1780765314.134,123.663,510442,510514,1,225.421
1780765314.190,123.719,510442,510514,1,213.199
1780765314.244,123.772,510442,510514,2,169.071
1780765314.296,123.825,510442,510514,1,191.612
1780765314.355,123.884,510442,510514,1,236.133
1780765314.413,123.942,510442,510514,1,293.888
1780765314.472,124.001,510442,510514,1,271.269
1780765314.528,124.056,510442,510514,1,233.955
1780765314.580,124.109,510442,510514,1,229.148
1780765314.633,124.162,510442,510514,1,244.973
1780765314.690,124.219,510442,510514,2,263.297
1780765314.742,124.271,510442,510514,2,248.414
1780765314.795,124.324,510442,510514,2,132.848
1780765314.852,124.380,510442,510514,2,247.439
1780765314.905,124.434,510442,510514,1,206.605
1780765314.958,124.487,510442,510514,1,168.927
1780765315.012,124.541,510442,510514,1,313.442
1780765315.077,124.606,510442,510514,1,263.245
1780765315.130,124.659,510442,510514,1,226.990
1780765315.182,124.711,510442,510514,1,285.899
1780765315.238,124.766,510442,510514,1,234.307
1780765315.290,124.819,510442,510514,1,267.557
1780765315.343,124.872,510442,510514,1,300.865
1780765315.398,124.927,510442,510514,1,181.560
1780765315.452,124.981,510442,510514,1,279.611
1780765315.505,125.033,510442,510514,1,246.937
1780765315.557,125.086,510442,510514,1,171.450
1780765315.612,125.141,510442,510514,1,289.181
1780765315.670,125.199,510442,510514,1,226.780
1780765315.725,125.254,510442,510514,1,234.937
1780765315.803,125.332,510442,510514,1,243.878
1780765315.861,125.390,510442,510514,1,257.547
1780765315.937,125.466,510442,510514,1,289.256
1780765315.990,125.519,510442,510514,1,246.152
1780765316.042,125.571,510442,510514,1,247.980
1780765316.103,125.632,510442,510514,2,263.088
1780765316.159,125.687,510442,510514,2,217.320
1780765316.216,125.744,510442,510514,0,297.847
1780765316.268,125.797,510442,510514,1,209.230
1780765316.324,125.853,510442,510514,1,251.614
1780765316.382,125.911,510442,510514,1,204.649
1780765316.452,125.981,510442,510514,1,229.488
1780765316.505,126.034,510442,510514,1,227.220
1780765316.562,126.091,510442,510514,1,244.521
1780765316.616,126.144,510442,510514,1,281.224
1780765316.675,126.204,510442,510514,1,269.989
1780765316.732,126.260,510442,510514,1,228.665
1780765316.785,126.314,510442,510514,1,188.044
1780765316.838,126.367,510442,510514,1,223.838
1780765316.894,126.423,510442,510514,1,251.374
1780765316.948,126.477,510442,510514,1,240.773
1780765317.001,126.530,510442,510514,1,244.603
1780765317.058,126.587,510442,510514,1,265.750
1780765317.147,126.676,510442,510514,1,257.989
1780765317.206,126.735,510442,510514,1,235.140
1780765317.261,126.790,510442,510514,1,254.688
1780765317.340,126.869,510442,510514,1,293.084
1780765317.403,126.931,510442,510514,1,239.133
1780765317.459,126.988,510442,510514,1,319.504
1780765317.528,127.056,510442,510514,1,247.512
1780765317.592,127.121,510442,510514,1,280.758
1780765317.668,127.197,510442,510514,1,301.973
1780765317.722,127.250,510442,510514,1,242.151
1780765317.794,127.323,510442,510514,1,303.274
1780765317.852,127.381,510442,510514,2,258.469
1780765317.913,127.441,510442,510514,2,313.905
1780765317.984,127.513,510442,510514,1,267.527
1780765318.069,127.597,510442,510514,1,270.981
1780765318.140,127.669,510442,510514,1,266.037
1780765318.218,127.746,510442,510514,1,231.884
1780765318.281,127.810,510442,510514,1,268.304
1780765318.337,127.866,510442,510514,2,266.196
1780765318.395,127.923,510442,510514,2,226.837
1780765318.467,127.995,510442,510514,2,319.457
1780765318.562,128.091,510442,510514,2,251.483
1780765318.641,128.170,510442,510514,2,265.788
1780765318.705,128.233,510442,510514,2,299.232
1780765318.783,128.312,510442,510514,0,243.022
1780765318.841,128.370,510442,510514,0,308.941
1780765318.928,128.457,510442,510514,0,309.632
1780765318.997,128.526,510442,510514,0,232.450
1780765319.058,128.586,510442,510514,0,264.537
1780765319.117,128.646,510442,510514,0,267.621
1780765319.186,128.714,510442,510514,0,278.669
1780765319.260,128.788,510442,510514,1,229.328
1780765319.319,128.848,510442,510514,0,284.752
1780765319.396,128.924,510442,510514,0,223.155
1780765319.458,128.986,510442,510514,0,241.808
1780765319.514,129.043,510442,510514,0,228.636
1780765319.574,129.103,510442,510514,0,268.998
1780765319.646,129.175,510442,510514,2,234.469
1780765319.707,129.236,510442,510514,2,246.480
1780765319.769,129.298,510442,510514,2,274.095
1780765319.835,129.364,510442,510514,2,302.974
1780765319.893,129.422,510442,510514,1,261.320
1780765319.952,129.481,510442,510514,1,218.592
1780765320.008,129.537,510442,510514,1,322.328
1780765320.081,129.609,510442,510514,1,275.736
1780765320.149,129.678,510442,510514,1,305.494
1780765320.218,129.747,510442,510514,1,276.222
1780765320.280,129.809,510442,510514,0,272.489
1780765320.377,129.906,510442,510514,2,248.733
1780765320.456,129.985,510442,510514,0,265.007
1780765320.515,130.044,510442,510514,0,270.297
1780765320.568,130.097,510442,510514,0,285.801
1780765320.624,130.153,510442,510514,0,337.651
1780765320.678,130.207,510442,510514,0,279.867
1780765320.736,130.265,510442,510514,0,325.256
1780765320.795,130.324,510442,510514,0,324.378
1780765320.852,130.381,510442,510514,0,296.064
1780765320.905,130.433,510442,510514,0,248.223
1780765320.962,130.491,510442,510514,0,279.568
1780765321.020,130.549,510442,510514,0,340.588
1780765321.087,130.616,510442,510514,0,330.951
1780765321.159,130.688,510442,510514,0,262.951
1780765321.230,130.759,510442,510514,0,309.245
1780765321.299,130.828,510442,510514,2,260.624
1780765321.367,130.895,510442,510514,2,253.246
1780765321.427,130.956,510442,510514,2,214.010
1780765321.482,131.011,510442,510514,2,308.738
1780765321.543,131.071,510442,510514,2,331.554
1780765321.603,131.132,510442,510514,2,316.141
1780765321.665,131.194,510442,510514,2,306.780
1780765321.721,131.249,510442,510514,2,268.541
1780765321.778,131.307,510442,510514,2,279.079
1780765321.839,131.368,510442,510514,2,295.085
1780765321.904,131.433,510442,510514,2,323.219
1780765321.973,131.502,510442,510514,2,261.090
1780765322.036,131.565,510442,510514,1,298.767
1780765322.101,131.630,510442,510514,1,248.698
1780765322.156,131.685,510442,510514,1,216.016
1780765322.210,131.738,510442,510514,1,168.755
1780765322.271,131.799,510442,510514,1,147.541
1780765322.325,131.853,510442,510514,1,148.208
1780765322.377,131.906,510442,510514,1,151.528
1780765322.430,131.959,510442,510514,1,151.994
1780765322.483,132.012,510442,510514,1,151.274
1780765322.536,132.065,510442,510514,1,150.614
1780765322.591,132.120,510442,510514,1,145.921
1780765322.645,132.174,510442,510514,1,166.451
1780765322.699,132.228,510442,510514,1,147.962
1780765322.759,132.287,510442,510514,1,184.336
1780765322.816,132.345,510442,510514,1,173.863
1780765322.871,132.400,510442,510514,1,163.449
1780765322.925,132.454,510442,510514,1,148.844
1780765322.978,132.507,510442,510514,1,149.601
1780765323.032,132.561,510442,510514,1,241.687
1780765323.085,132.614,510442,510514,1,245.039
1780765323.140,132.668,510442,510514,1,184.469
1780765323.192,132.721,510442,510514,1,152.260
1780765323.265,132.794,510442,510514,2,206.359
1780765323.320,132.848,510442,510514,2,145.755
1780765323.372,132.901,510442,510514,2,151.873
1780765323.425,132.954,510442,510514,2,133.048
1780765323.477,133.006,510442,510514,2,152.175
1780765323.530,133.059,510442,510514,2,152.937
1780765323.582,133.111,510442,510514,2,134.029
1780765323.634,133.163,510442,510514,2,152.516
1780765323.687,133.216,510442,510514,2,152.832
1780765323.741,133.270,510442,510514,2,148.157
1780765323.793,133.322,510442,510514,2,152.385
1780765323.846,133.375,510442,510514,2,150.833
1780765323.905,133.434,510442,510514,2,171.372
1780765323.961,133.490,510442,510514,2,159.975
1780765324.030,133.558,510442,510514,2,160.310
1780765324.085,133.613,510442,510514,2,217.857
1780765324.148,133.677,510442,510514,2,267.775
1780765324.210,133.739,510442,510514,2,259.046
1780765324.266,133.795,510442,510514,2,212.917
1780765324.326,133.854,510442,510514,2,151.581
1780765324.381,133.910,510442,510514,2,161.728
1780765324.436,133.965,510442,510514,2,164.332
1780765324.493,134.022,510442,510514,2,139.967
1780765324.548,134.077,510442,510514,2,109.371
1780765324.603,134.131,510442,510514,2,109.905
1780765324.657,134.186,510442,510514,2,110.025
1780765324.714,134.243,510442,510514,2,105.505
1780765324.769,134.297,510442,510514,2,91.704
1780765324.823,134.352,510442,510514,2,110.343
1780765324.878,134.407,510442,510514,2,108.863
1780765324.932,134.461,510442,510514,2,93.087
1780765324.986,134.515,510442,510514,2,110.752
1780765325.039,134.567,510442,510514,2,113.928
1780765325.091,134.620,510442,510514,2,95.283
1780765325.144,134.673,510442,510514,2,113.822
1780765325.196,134.725,510442,510514,2,114.009
1780765325.249,134.778,510442,510514,2,95.038
1780765325.302,134.831,510442,510514,2,94.599
1780765325.357,134.886,510442,510514,2,109.477
1780765325.412,134.941,510442,510514,2,108.306
1780765325.467,134.996,510442,510514,2,108.972
1780765325.522,135.051,510442,510514,2,90.533
1780765325.576,135.105,510442,510514,2,111.665
1780765325.629,135.158,510442,510514,2,131.475
1780765325.688,135.216,510442,510514,2,85.906
1780765325.741,135.269,510442,510514,2,113.019
1780765325.796,135.325,510442,510514,2,90.775
1780765325.849,135.378,510442,510514,2,111.974
1780765325.903,135.431,510442,510514,2,112.639
1780765325.958,135.487,510442,510514,2,107.570
1780765326.012,135.541,510442,510514,2,111.514
1780765326.066,135.594,510442,510514,2,112.319
1780765326.121,135.650,510442,510514,2,108.296
1780765326.181,135.709,510442,510514,2,117.419
1780765326.237,135.766,510442,510514,2,106.456
1780765326.291,135.819,510442,510514,2,93.175
1780765326.346,135.875,510442,510514,2,108.628
1780765326.401,135.930,510442,510514,2,108.995
1780765326.454,135.983,510442,510514,2,112.833
1780765326.507,136.036,510442,510514,2,113.435
1780765326.563,136.092,510442,510514,2,106.280
1780765326.617,136.146,510442,510514,2,92.926
1780765326.674,136.203,510442,510514,2,123.805
1780765326.728,136.256,510442,510514,2,92.994
1780765326.780,136.309,510442,510514,2,114.156
1780765326.836,136.364,510442,510514,2,90.230
1780765326.889,136.418,510442,510514,2,130.668
1780765326.942,136.471,510442,510514,2,113.349
1780765326.995,136.524,510442,510514,2,94.047
1780765327.050,136.579,510442,510514,2,90.942
1780765327.106,136.635,510442,510514,2,124.424
1780765327.165,136.694,510442,510514,2,102.662
1780765327.220,136.749,510442,510514,2,109.436
1780765327.274,136.803,510442,510514,2,110.842
1780765327.328,136.857,510442,510514,2,110.736
1780765327.382,136.911,510442,510514,2,110.677
1780765327.436,136.965,510442,510514,2,92.962
1780765327.490,137.019,510442,510514,2,110.776
1780765327.544,137.073,510442,510514,2,111.221
1780765327.598,137.127,510442,510514,2,92.113
1780765327.653,137.182,510442,510514,2,110.556
1780765327.707,137.236,510442,510514,2,92.236
1780765327.761,137.290,510442,510514,2,129.452
1780765327.815,137.344,510442,510514,2,92.183
1780765327.868,137.396,510442,510514,2,95.375
1780765327.920,137.449,510442,510514,2,115.201
1780765327.972,137.501,510442,510514,2,95.910
1780765328.024,137.553,510442,510514,2,114.415
1780765328.076,137.605,510442,510514,2,96.057
1780765328.129,137.658,510442,510514,2,94.548
1780765328.182,137.710,510442,510514,2,95.668
1780765328.235,137.764,510442,510514,2,112.661
1780765328.287,137.816,510442,510514,2,95.742
1780765328.339,137.868,510442,510514,2,95.985
1780765328.391,137.920,510442,510514,2,96.148
1780765328.443,137.972,510442,510514,2,96.071
1780765328.495,138.024,510442,510514,2,115.215
1780765328.547,138.076,510442,510514,2,96.143
1780765328.599,138.128,510442,510514,2,96.324
1780765328.651,138.180,510442,510514,2,95.924
1780765328.703,138.232,510442,510514,2,95.982
1780765328.756,138.284,510442,510514,2,114.908
1780765328.808,138.337,510442,510514,2,95.874
1780765328.860,138.389,510442,510514,2,95.352
1780765328.912,138.441,510442,510514,2,114.777
1780765328.966,138.495,510442,510514,2,93.870
1780765329.018,138.547,510442,510514,2,95.451
1780765329.070,138.599,510442,510514,2,95.372
1780765329.123,138.652,510442,510514,2,95.642
1780765329.175,138.704,510442,510514,2,95.629
1780765329.227,138.756,510442,510514,2,114.670
1780765329.280,138.809,510442,510514,2,95.557
1780765329.332,138.861,510442,510514,2,95.705
1780765329.387,138.916,510442,510514,2,108.752
1780765329.439,138.968,510442,510514,2,95.593
1780765329.492,139.021,510442,510514,2,95.455
1780765329.544,139.073,510442,510514,2,114.914
1780765329.596,139.125,510442,510514,2,95.676
1780765329.649,139.178,510442,510514,2,95.392
1780765329.701,139.230,510442,510514,2,95.794
1780765329.753,139.282,510442,510514,2,95.833
1780765329.805,139.334,510442,510514,2,114.900
1780765329.858,139.386,510442,510514,2,95.587
1780765329.910,139.439,510442,510514,2,95.569
1780765329.962,139.491,510442,510514,2,95.107
1780765330.015,139.544,510442,510514,2,95.401
1780765330.067,139.596,510442,510514,2,114.213
1780765330.120,139.649,510442,510514,2,95.494
1780765330.172,139.701,510442,510514,2,95.702
1780765330.224,139.753,510442,510514,2,115.014
1780765330.277,139.805,510442,510514,2,95.562
1780765330.329,139.858,510442,510514,2,95.825
1780765330.381,139.910,510442,510514,2,95.835
1780765330.433,139.962,510442,510514,2,95.897
1780765330.485,140.014,510442,510514,2,114.691
1780765330.538,140.066,510442,510514,2,95.777
1780765330.590,140.119,510442,510514,2,95.841
1780765330.642,140.171,510442,510514,2,95.664
1780765330.694,140.223,510442,510514,2,95.464
1780765330.747,140.275,510442,510514,2,114.896
1780765330.799,140.328,510442,510514,2,95.688
1780765330.851,140.380,510442,510514,2,95.690
1780765330.903,140.432,510442,510514,2,95.619
1780765330.956,140.485,510442,510514,2,95.558
1780765331.008,140.537,510442,510514,2,114.374
1780765331.061,140.589,510442,510514,2,95.496
1780765331.113,140.641,510442,510514,2,95.818
1780765331.165,140.694,510442,510514,2,114.867
1780765331.217,140.746,510442,510514,2,95.674
1780765331.269,140.798,510442,510514,2,95.728
1780765331.322,140.850,510442,510514,2,95.859
1780765331.374,140.903,510442,510514,2,95.895
1780765331.426,140.955,510442,510514,2,115.052
1780765331.478,141.007,510442,510514,2,95.762
1780765331.530,141.059,510442,510514,2,95.424
1780765331.583,141.111,510442,510514,2,95.940
1780765331.635,141.164,510442,510514,2,95.802
1780765331.687,141.216,510442,510514,2,114.840
1780765331.739,141.268,510442,510514,2,95.810
1780765331.791,141.320,510442,510514,2,95.757
1780765331.844,141.372,510442,510514,2,95.849
1780765331.896,141.425,510442,510514,2,114.328
1780765331.948,141.477,510442,510514,2,95.789
1780765332.001,141.529,510442,510514,2,95.516
1780765332.053,141.582,510442,510514,2,95.677
1780765332.105,141.634,510442,510514,2,114.927
1780765332.157,141.686,510442,510514,2,95.716
1780765332.210,141.739,510442,510514,2,95.273
1780765332.262,141.791,510442,510514,2,95.155
1780765332.314,141.843,510442,510514,2,96.334
1780765332.366,141.895,510442,510514,2,115.722
1780765332.418,141.947,510442,510514,2,96.344
1780765332.470,141.999,510442,510514,2,96.298
1780765332.522,142.051,510442,510514,2,96.169
1780765332.578,142.107,510442,510514,2,106.669
1780765332.630,142.159,510442,510514,2,96.266
1780765332.682,142.211,510442,510514,2,96.173
1780765332.734,142.263,510442,510514,2,96.461
1780765332.786,142.315,510442,510514,2,115.684
1780765332.838,142.366,510442,510514,2,96.495
1780765332.890,142.418,510442,510514,2,96.073
1780765332.942,142.470,510442,510514,2,96.357
1780765332.994,142.522,510442,510514,2,96.043
1780765333.046,142.574,510442,510514,2,115.376
1780765333.098,142.627,510442,510514,2,95.794
1780765333.150,142.679,510442,510514,2,95.693
1780765333.202,142.731,510442,510514,2,95.625
1780765333.255,142.783,510442,510514,2,95.633
1780765333.307,142.836,510442,510514,2,114.734
1780765333.359,142.888,510442,510514,2,95.686
1780765333.411,142.940,510442,510514,2,95.658
1780765333.464,142.993,510442,510514,2,95.402
1780765333.516,143.045,510442,510514,2,114.798
1780765333.568,143.097,510442,510514,2,95.526
1780765333.621,143.150,510442,510514,2,95.447
1780765333.673,143.202,510442,510514,2,95.432
1780765333.725,143.254,510442,510514,2,114.818
1780765333.778,143.307,510442,510514,2,95.659
1780765333.830,143.359,510442,510514,2,95.747
1780765333.882,143.411,510442,510514,2,95.417
1780765333.935,143.464,510442,510514,2,95.537
1780765333.987,143.516,510442,510514,2,114.377
1780765334.040,143.568,510442,510514,2,95.444
1780765334.092,143.621,510442,510514,2,95.533
1780765334.144,143.673,510442,510514,2,114.857
1780765334.196,143.725,510442,510514,2,95.849
1780765334.248,143.777,510442,510514,2,95.811
1780765334.301,143.829,510442,510514,2,95.864
1780765334.353,143.882,510442,510514,2,95.961
1780765334.405,143.934,510442,510514,2,114.492
1780765334.457,143.986,510442,510514,2,95.609
1780765334.510,144.039,510442,510514,2,95.437
1780765334.562,144.091,510442,510514,2,95.358
1780765334.615,144.143,510442,510514,2,95.565
1780765334.667,144.196,510442,510514,2,114.555
1780765334.719,144.248,510442,510514,2,95.751
1780765334.771,144.300,510442,510514,2,95.893
1780765334.824,144.352,510442,510514,2,95.735
1780765334.876,144.405,510442,510514,2,95.581
1780765334.928,144.457,510442,510514,2,114.166
1780765334.981,144.510,510442,510514,2,95.506
1780765335.033,144.562,510442,510514,2,95.809
1780765335.085,144.614,510442,510514,2,114.779
1780765335.137,144.666,510442,510514,2,95.921
1780765335.190,144.718,510442,510514,2,95.867
1780765335.242,144.770,510442,510514,2,95.938
1780765335.294,144.823,510442,510514,2,95.730
1780765335.346,144.875,510442,510514,2,115.141
1780765335.398,144.927,510442,510514,2,95.883
1780765335.450,144.979,510442,510514,2,95.810
1780765335.503,145.031,510442,510514,2,95.682
1780765335.555,145.084,510442,510514,2,95.717
1780765335.607,145.136,510442,510514,2,114.619
1780765335.660,145.188,510442,510514,2,95.519
1780765335.712,145.241,510442,510514,2,95.733
1780765335.764,145.293,510442,510514,2,95.861
1780765335.816,145.345,510442,510514,2,114.642
1780765335.869,145.397,510442,510514,2,95.527
1780765335.921,145.450,510442,510514,2,95.891
1780765335.973,145.502,510442,510514,2,95.643
1780765336.025,145.554,510442,510514,2,114.946
1780765336.078,145.606,510442,510514,2,95.582
1780765336.130,145.658,510442,510514,2,95.853
1780765336.182,145.711,510442,510514,2,95.945
1780765336.234,145.763,510442,510514,2,95.885
1780765336.286,145.815,510442,510514,2,114.923
1780765336.338,145.867,510442,510514,2,95.646
1780765336.391,145.919,510442,510514,2,95.706
1780765336.443,145.972,510442,510514,2,95.773
1780765336.495,146.024,510442,510514,2,95.168
1780765336.548,146.077,510442,510514,2,114.552
1780765336.600,146.129,510442,510514,2,96.259
1780765336.652,146.181,510442,510514,2,96.198
1780765336.705,146.233,510442,510514,2,113.401
1780765336.757,146.285,510442,510514,2,96.338
1780765336.808,146.337,510442,510514,2,96.397
1780765336.860,146.389,510442,510514,2,96.317
1780765336.912,146.441,510442,510514,2,96.080
1780765336.964,146.493,510442,510514,2,115.004
1780765337.016,146.545,510442,510514,2,96.269
1780765337.068,146.597,510442,510514,2,96.287
1780765337.120,146.649,510442,510514,2,96.425
1780765337.172,146.701,510442,510514,2,96.279
1780765337.224,146.753,510442,510514,2,96.477
1780765337.276,146.805,510442,510514,2,96.304
1780765337.328,146.857,510442,510514,2,115.152
1780765337.380,146.909,510442,510514,2,95.976
1780765337.432,146.961,510442,510514,2,95.906
1780765337.485,147.013,510442,510514,2,114.775
1780765337.537,147.066,510442,510514,2,95.785
1780765337.589,147.118,510442,510514,2,95.850
1780765337.641,147.170,510442,510514,2,95.683
1780765337.693,147.222,510442,510514,2,95.532
1780765337.746,147.274,510442,510514,2,115.042
1780765337.798,147.327,510442,510514,2,95.825
1780765337.850,147.379,510442,510514,2,95.835
1780765337.902,147.431,510442,510514,2,95.445
1780765337.955,147.483,510442,510514,2,95.558
1780765338.007,147.536,510442,510514,2,114.455
1780765338.059,147.588,510442,510514,2,95.556
1780765338.112,147.641,510442,510514,2,95.643
1780765338.164,147.693,510442,510514,2,114.781
1780765338.216,147.745,510442,510514,2,95.721
1780765338.268,147.797,510442,510514,2,95.743
1780765338.321,147.849,510442,510514,2,95.876
1780765338.373,147.902,510442,510514,2,95.838
1780765338.425,147.954,510442,510514,2,115.056
1780765338.477,148.006,510442,510514,2,95.561
1780765338.530,148.058,510442,510514,2,95.564
1780765338.582,148.111,510442,510514,2,95.362
1780765338.634,148.163,510442,510514,2,95.841
1780765338.686,148.215,510442,510514,2,114.686
1780765338.739,148.268,510442,510514,2,95.722
1780765338.791,148.320,510442,510514,2,95.733
1780765338.843,148.372,510442,510514,2,95.675
1780765338.896,148.424,510442,510514,2,95.505
1780765338.948,148.477,510442,510514,2,114.543
1780765339.000,148.529,510442,510514,2,95.506
1780765339.053,148.581,510442,510514,2,95.629
1780765339.105,148.634,510442,510514,2,114.961
1780765339.157,148.686,510442,510514,2,95.769
1780765339.209,148.738,510442,510514,2,95.792
1780765339.261,148.790,510442,510514,2,95.690
1780765339.314,148.842,510442,510514,2,95.787
1780765339.366,148.895,510442,510514,2,115.139
1780765339.418,148.947,510442,510514,2,95.629
1780765339.470,148.999,510442,510514,2,95.491
1780765339.523,149.052,510442,510514,2,95.363
1780765339.575,149.104,510442,510514,2,95.607
1780765339.627,149.156,510442,510514,2,114.942
1780765339.680,149.208,510442,510514,2,95.615
1780765339.732,149.261,510442,510514,2,95.782
1780765339.784,149.313,510442,510514,2,114.404
1780765339.836,149.365,510442,510514,2,95.885
1780765339.889,149.417,510442,510514,2,95.794
1780765339.941,149.470,510442,510514,2,95.649
1780765339.993,149.522,510442,510514,2,95.633
1780765340.045,149.574,510442,510514,2,115.196
1780765340.097,149.626,510442,510514,2,95.730
1780765340.150,149.678,510442,510514,2,95.827
1780765340.202,149.731,510442,510514,2,96.009
1780765340.254,149.783,510442,510514,2,95.834
1780765340.306,149.835,510442,510514,2,115.068
1780765340.358,149.887,510442,510514,2,95.932
1780765340.410,149.939,510442,510514,2,95.643
1780765340.463,149.991,510442,510514,2,95.830
1780765340.515,150.044,510442,510514,2,95.603
1780765340.567,150.096,510442,510514,2,115.091
1780765340.619,150.148,510442,510514,2,95.859
1780765340.671,150.200,510442,510514,2,95.637
1780765340.724,150.252,510442,510514,2,95.796
1780765340.776,150.305,510442,510514,2,114.625
1780765340.828,150.357,510442,510514,2,95.467
1780765340.881,150.410,510442,510514,2,95.415
1780765340.933,150.462,510442,510514,2,96.222
1780765340.985,150.514,510442,510514,2,115.403
1780765341.037,150.565,510442,510514,2,96.327
1780765341.089,150.617,510442,510514,2,96.319
1780765341.140,150.669,510442,510514,2,96.357
1780765341.195,150.724,510442,510514,2,91.148
1780765341.248,150.776,510442,510514,2,114.879
1780765341.303,150.831,510442,510514,2,90.912
1780765341.355,150.884,510442,510514,2,94.996
1780765341.408,150.937,510442,510514,2,113.638
1780765341.460,150.989,510442,510514,2,96.333
1780765341.512,151.041,510442,510514,2,96.240
1780765341.564,151.093,510442,510514,2,96.162
1780765341.616,151.145,510442,510514,2,96.249
1780765341.668,151.197,510442,510514,2,114.962
1780765341.720,151.249,510442,510514,2,38.339
1780765341.772,151.301,510442,510514,2,0.000
1780765341.823,151.352,510442,510514,2,97.071
1780765341.875,151.404,510442,510514,2,96.368
1780765341.927,151.456,510442,510514,2,96.484
1780765341.979,151.508,510442,510514,2,96.561
1780765342.031,151.559,510442,510514,2,96.536
1780765342.083,151.611,510442,510514,2,115.690
1780765342.134,151.663,510442,510514,2,96.522
1780765342.186,151.715,510442,510514,2,96.609
1780765342.238,151.767,510442,510514,2,96.464
1780765342.290,151.819,510442,510514,2,96.524
1780765342.341,151.870,510442,510514,2,115.896
1780765342.394,151.923,510442,510514,2,95.152
1780765342.446,151.975,510442,510514,2,96.091
1780765342.498,152.027,510442,510514,2,95.952
1780765342.551,152.079,510442,510514,2,95.325
1780765342.604,152.133,510442,510514,2,112.717
1780765342.657,152.186,510442,510514,2,93.758
1780765342.709,152.238,510442,510514,2,95.996
1780765342.761,152.290,510442,510514,2,95.934
1780765342.814,152.342,510442,510514,2,95.864
1780765342.866,152.395,510442,510514,2,95.432
1780765342.918,152.447,510442,510514,2,134.098
1780765342.977,152.505,510442,510514,2,394.040
1780765343.034,152.563,510442,510514,2,155.362
1780765343.094,152.623,510442,510514,2,100.379
1780765343.146,152.675,510442,510514,2,115.373
1780765343.199,152.728,510442,510514,2,170.993
1780765343.258,152.787,510442,510514,2,372.866
1780765343.315,152.844,510442,510514,2,209.710
1780765343.367,152.896,510442,510514,2,115.005
1780765343.420,152.948,510442,510514,2,95.678
1780765343.472,153.000,510442,510514,2,115.081
1780765343.525,153.054,510442,510514,2,93.070
1780765343.580,153.109,510442,510514,2,91.000
1780765343.633,153.161,510442,510514,2,95.610
1780765343.685,153.214,510442,510514,2,95.340
1780765343.737,153.266,510442,510514,2,114.476
1780765343.790,153.319,510442,510514,2,95.568
1780765343.842,153.371,510442,510514,2,95.082
1780765343.895,153.424,510442,510514,2,95.444
1780765343.947,153.476,510442,510514,2,95.428
1780765344.000,153.529,510442,510514,2,114.065
1780765344.052,153.581,510442,510514,2,95.475
1780765344.105,153.634,510442,510514,2,94.611
1780765344.158,153.687,510442,510514,2,113.740
1780765344.210,153.739,510442,510514,2,95.521
1780765344.263,153.791,510442,510514,2,95.086
1780765344.315,153.844,510442,510514,2,94.947
1780765344.368,153.897,510442,510514,2,95.436
1780765344.420,153.949,510442,510514,2,113.744
1780765344.473,154.002,510442,510514,2,95.261
1780765344.525,154.054,510442,510514,2,95.258
1780765344.578,154.107,510442,510514,2,114.443
1780765344.630,154.159,510442,510514,2,95.182
1780765344.683,154.212,510442,510514,2,95.219
1780765344.735,154.264,510442,510514,2,95.338
1780765344.788,154.317,510442,510514,2,113.391
1780765344.841,154.370,510442,510514,2,95.381
1780765344.893,154.422,510442,510514,2,95.279
1780765344.946,154.474,510442,510514,2,95.311
1780765344.998,154.527,510442,510514,2,113.950
1780765345.051,154.579,510442,510514,2,95.428
1780765345.103,154.632,510442,510514,2,95.307
1780765345.156,154.684,510442,510514,2,95.346
1780765345.208,154.737,510442,510514,2,114.568
1780765345.261,154.789,510442,510514,2,94.897
1780765345.313,154.842,510442,510514,2,95.244
1780765345.366,154.894,510442,510514,2,95.459
1780765345.418,154.947,510442,510514,2,114.595
1780765345.470,154.999,510442,510514,2,95.344
1780765345.523,155.052,510442,510514,2,95.384
1780765345.575,155.104,510442,510514,2,95.322
1780765345.628,155.157,510442,510514,2,95.019
1780765345.680,155.209,510442,510514,2,114.483
1780765345.733,155.261,510442,510514,2,95.529
1780765345.785,155.314,510442,510514,2,95.494
1780765345.837,155.366,510442,510514,2,114.603
1780765345.890,155.419,510442,510514,2,95.391
1780765345.942,155.471,510442,510514,2,95.421
1780765345.995,155.523,510442,510514,2,95.277
1780765346.047,155.576,510442,510514,2,95.481
1780765346.099,155.628,510442,510514,2,114.434
1780765346.152,155.681,510442,510514,2,95.573
1780765346.204,155.733,510442,510514,2,95.617
1780765346.256,155.785,510442,510514,2,114.704
1780765346.309,155.838,510442,510514,2,95.345
1780765346.361,155.890,510442,510514,2,95.595
1780765346.413,155.942,510442,510514,2,95.709
1780765346.466,155.994,510442,510514,2,95.617
1780765346.518,156.047,510442,510514,2,114.442
1780765346.570,156.099,510442,510514,2,95.367
1780765346.623,156.152,510442,510514,2,95.639
1780765346.675,156.204,510442,510514,2,95.512
1780765346.727,156.256,510442,510514,2,95.574
1780765346.780,156.309,510442,510514,2,114.624
1780765346.832,156.361,510442,510514,2,95.612
1780765346.884,156.413,510442,510514,2,95.443
1780765346.937,156.466,510442,510514,2,114.459
1780765346.989,156.518,510442,510514,2,95.377
1780765347.042,156.570,510442,510514,2,95.582
1780765347.094,156.623,510442,510514,2,95.245
1780765347.147,156.675,510442,510514,2,95.286
1780765347.199,156.728,510442,510514,2,114.310
1780765347.252,156.781,510442,510514,2,151.235
1780765347.307,156.835,510442,510514,2,274.615
1780765347.360,156.889,510442,510514,2,300.433
1780765347.417,156.946,510442,510514,2,294.555
1780765347.484,157.013,510442,510514,2,241.468
1780765347.543,157.072,510442,510514,2,389.391
1780765347.598,157.127,510442,510514,2,108.093
1780765347.651,157.179,510442,510514,2,115.023
1780765347.703,157.231,510442,510514,2,95.973
1780765347.755,157.283,510442,510514,2,96.079
1780765347.807,157.336,510442,510514,2,95.924
1780765347.859,157.388,510442,510514,2,95.569
1780765347.912,157.440,510442,510514,2,95.086
1780765347.965,157.494,510442,510514,2,112.994
1780765348.017,157.546,510442,510514,2,95.335
1780765348.070,157.599,510442,510514,2,95.143
1780765348.122,157.651,510442,510514,2,95.440
1780765348.175,157.703,510442,510514,2,114.291
1780765348.227,157.756,510442,510514,2,95.502
1780765348.280,157.808,510442,510514,2,94.973
1780765348.332,157.861,510442,510514,2,114.488
1780765348.385,157.913,510442,510514,2,95.057
1780765348.437,157.966,510442,510514,2,95.440
1780765348.490,158.018,510442,510514,2,95.195
1780765348.542,158.071,510442,510514,2,95.447
1780765348.595,158.123,510442,510514,2,113.991
1780765348.647,158.176,510442,510514,2,95.373
1780765348.700,158.228,510442,510514,2,95.174
1780765348.752,158.281,510442,510514,2,95.460
1780765348.805,158.333,510442,510514,2,113.939
1780765348.857,158.386,510442,510514,2,95.576
1780765348.909,158.438,510442,510514,2,95.339
1780765348.962,158.491,510442,510514,2,95.283
1780765349.014,158.543,510442,510514,2,114.005
1780765349.067,158.596,510442,510514,2,95.462
1780765349.119,158.648,510442,510514,2,95.317
1780765349.172,158.701,510442,510514,2,95.401
1780765349.224,158.753,510442,510514,2,114.321
1780765349.277,158.805,510442,510514,2,95.307
1780765349.329,158.858,510442,510514,2,95.410
1780765349.381,158.910,510442,510514,2,95.528
1780765349.437,158.965,510442,510514,2,108.772
1780765349.489,159.018,510442,510514,2,94.900
1780765349.542,159.070,510442,510514,2,95.619
1780765349.594,159.123,510442,510514,2,114.657
1780765349.646,159.175,510442,510514,2,95.335
1780765349.699,159.228,510442,510514,2,95.350
1780765349.751,159.280,510442,510514,2,95.409
1780765349.803,159.332,510442,510514,2,95.532
1780765349.856,159.385,510442,510514,2,114.579
1780765349.908,159.437,510442,510514,2,95.400
1780765349.961,159.490,510442,510514,2,95.369
1780765350.013,159.542,510442,510514,2,114.343
1780765350.066,159.594,510442,510514,2,95.394
1780765350.118,159.647,510442,510514,2,95.455
1780765350.170,159.699,510442,510514,2,95.328
1780765350.223,159.752,510442,510514,2,95.488
1780765350.275,159.804,510442,510514,2,113.898
1780765350.328,159.857,510442,510514,2,95.458
1780765350.380,159.909,510442,510514,2,95.538
1780765350.432,159.961,510442,510514,2,114.822
1780765350.485,160.014,510442,510514,2,95.000
1780765350.537,160.066,510442,510514,2,95.561
1780765350.590,160.119,510442,510514,2,95.356
1780765350.642,160.171,510442,510514,2,95.578
1780765350.695,160.223,510442,510514,2,114.402
1780765350.747,160.276,510442,510514,2,95.552
1780765350.799,160.328,510442,510514,2,95.645
1780765350.852,160.380,510442,510514,2,95.548
1780765350.904,160.433,510442,510514,2,95.404
1780765350.956,160.485,510442,510514,2,114.525
1780765351.009,160.537,510442,510514,2,95.518
1780765351.061,160.590,510442,510514,2,95.683
1780765351.113,160.642,510442,510514,2,114.326
1780765351.166,160.695,510442,510514,2,95.383
1780765351.218,160.747,510442,510514,2,95.279
1780765351.271,160.800,510442,510514,2,95.400
1780765351.323,160.852,510442,510514,2,95.297
1780765351.376,160.904,510442,510514,2,114.371
1780765351.428,160.957,510442,510514,2,95.022
1780765351.481,161.010,510442,510514,2,262.975
1780765351.540,161.069,510442,510514,2,237.369
1780765351.598,161.127,510442,510514,2,365.259
1780765351.654,161.183,510442,510514,2,125.030
1780765351.706,161.235,510442,510514,2,343.133
1780765351.765,161.294,510442,510514,2,340.175
1780765351.817,161.346,510442,510514,2,114.743
1780765351.870,161.398,510442,510514,2,96.040
1780765351.922,161.451,510442,510514,2,95.776
1780765351.974,161.503,510442,510514,2,96.072
1780765352.026,161.555,510442,510514,2,95.980
1780765352.078,161.607,510442,510514,2,95.732
1780765352.131,161.659,510442,510514,2,95.350
1780765352.183,161.712,510442,510514,2,114.630
1780765352.236,161.764,510442,510514,2,95.032
1780765352.288,161.817,510442,510514,2,95.502
1780765352.340,161.869,510442,510514,2,114.622
1780765352.392,161.921,510442,510514,2,95.706
1780765352.445,161.974,510442,510514,2,95.600
1780765352.497,162.026,510442,510514,2,95.315
1780765352.550,162.078,510442,510514,2,95.589
1780765352.602,162.131,510442,510514,2,114.694
1780765352.654,162.183,510442,510514,2,95.177
1780765352.707,162.236,510442,510514,2,95.290
1780765352.759,162.288,510442,510514,2,95.428
1780765352.812,162.340,510442,510514,2,95.416
1780765352.864,162.393,510442,510514,2,114.581
1780765352.916,162.445,510442,510514,2,95.296
1780765352.969,162.498,510442,510514,2,95.421
1780765353.021,162.550,510442,510514,2,95.646
1780765353.073,162.602,510442,510514,2,114.716
1780765353.126,162.655,510442,510514,2,95.439
1780765353.178,162.707,510442,510514,2,95.562
1780765353.231,162.759,510442,510514,2,95.516
1780765353.283,162.812,510442,510514,2,95.660
1780765353.335,162.864,510442,510514,2,114.617
1780765353.387,162.916,510442,510514,2,95.677
1780765353.440,162.969,510442,510514,2,95.568
1780765353.492,163.021,510442,510514,2,114.005
1780765353.545,163.073,510442,510514,2,95.741
1780765353.597,163.126,510442,510514,2,95.371
1780765353.649,163.178,510442,510514,2,95.427
1780765353.702,163.231,510442,510514,2,95.443
1780765353.754,163.283,510442,510514,2,114.727
1780765353.806,163.335,510442,510514,2,95.464
1780765353.859,163.388,510442,510514,2,95.425
1780765353.911,163.440,510442,510514,2,95.426
1780765353.964,163.493,510442,510514,2,95.324
1780765354.016,163.545,510442,510514,2,114.542
1780765354.069,163.597,510442,510514,2,95.222
1780765354.121,163.650,510442,510514,2,95.361
1780765354.173,163.702,510442,510514,2,114.558
1780765354.226,163.754,510442,510514,2,95.627
1780765354.278,163.807,510442,510514,2,95.720
1780765354.331,163.859,510442,510514,2,95.070
1780765354.383,163.912,510442,510514,2,95.540
1780765354.435,163.964,510442,510514,2,114.699
1780765354.488,164.016,510442,510514,2,95.184
1780765354.540,164.069,510442,510514,2,95.473
1780765354.593,164.121,510442,510514,2,94.994
1780765354.645,164.174,510442,510514,2,114.713
1780765354.697,164.226,510442,510514,2,95.408
1780765354.750,164.278,510442,510514,2,95.636
1780765354.802,164.331,510442,510514,2,95.583
1780765354.855,164.383,510442,510514,2,95.155
1780765354.907,164.436,510442,510514,2,113.606
1780765354.960,164.489,510442,510514,2,94.898
1780765355.012,164.541,510442,510514,2,95.335
1780765355.065,164.594,510442,510514,2,114.554
1780765355.117,164.646,510442,510514,2,95.477
1780765355.170,164.698,510442,510514,2,95.523
1780765355.222,164.751,510442,510514,2,95.664
1780765355.274,164.803,510442,510514,2,95.711
1780765355.326,164.855,510442,510514,2,114.520
1780765355.379,164.908,510442,510514,2,95.407
1780765355.431,164.960,510442,510514,2,95.506
1780765355.484,165.013,510442,510514,2,94.951
1780765355.536,165.065,510442,510514,2,114.252
1780765355.589,165.118,510442,510514,2,95.339
1780765355.641,165.170,510442,510514,2,95.322
1780765355.694,165.223,510442,510514,2,228.047
1780765355.752,165.281,510442,510514,2,259.120
1780765355.810,165.339,510442,510514,2,392.549
1780765355.867,165.396,510442,510514,2,123.615
1780765355.920,165.449,510442,510514,2,339.461
1780765355.980,165.508,510442,510514,2,352.437
1780765356.033,165.561,510442,510514,2,94.583
1780765356.084,165.613,510442,510514,2,96.163
1780765356.137,165.665,510442,510514,2,96.042
1780765356.189,165.717,510442,510514,2,115.358
1780765356.241,165.769,510442,510514,2,96.075
1780765356.293,165.822,510442,510514,2,114.802
1780765356.345,165.874,510442,510514,2,95.827
1780765356.397,165.926,510442,510514,2,95.681
1780765356.450,165.978,510442,510514,2,95.751
1780765356.502,166.031,510442,510514,2,95.408
1780765356.554,166.083,510442,510514,2,114.436
1780765356.607,166.136,510442,510514,2,95.560
1780765356.659,166.188,510442,510514,2,95.362
1780765356.712,166.240,510442,510514,2,95.167
1780765356.764,166.293,510442,510514,2,114.200
1780765356.817,166.345,510442,510514,2,95.461
1780765356.869,166.398,510442,510514,2,95.402
1780765356.921,166.450,510442,510514,2,95.228
1780765356.974,166.503,510442,510514,2,114.245
1780765357.027,166.555,510442,510514,2,95.054
1780765357.079,166.608,510442,510514,2,95.471
1780765357.132,166.660,510442,510514,2,95.206
1780765357.184,166.713,510442,510514,2,95.344
1780765357.236,166.765,510442,510514,2,114.539
1780765357.289,166.817,510442,510514,2,95.499
1780765357.341,166.870,510442,510514,2,95.462
1780765357.393,166.922,510442,510514,2,95.394
1780765357.446,166.975,510442,510514,2,114.078
1780765357.499,167.027,510442,510514,2,95.292
1780765357.551,167.080,510442,510514,2,95.319
1780765357.603,167.132,510442,510514,2,95.477
1780765357.656,167.185,510442,510514,2,95.479
1780765357.708,167.237,510442,510514,2,114.365
1780765357.761,167.289,510442,510514,2,95.525
1780765357.813,167.342,510442,510514,2,95.609
1780765357.865,167.394,510442,510514,2,114.571
1780765357.918,167.447,510442,510514,2,94.440
1780765357.971,167.500,510442,510514,2,95.148
1780765358.023,167.552,510442,510514,2,95.391
1780765358.076,167.604,510442,510514,2,95.256
1780765358.128,167.657,510442,510514,2,114.388
1780765358.181,167.710,510442,510514,2,94.911
1780765358.233,167.762,510442,510514,2,95.524
1780765358.285,167.814,510442,510514,2,114.685
1780765358.338,167.867,510442,510514,2,95.553
1780765358.390,167.919,510442,510514,2,95.555
1780765358.442,167.971,510442,510514,2,95.387
1780765358.495,168.024,510442,510514,2,95.192
1780765358.547,168.076,510442,510514,2,114.431
1780765358.600,168.129,510442,510514,2,95.214
1780765358.652,168.181,510442,510514,2,114.550
1780765358.705,168.234,510442,510514,2,95.381
1780765358.757,168.286,510442,510514,2,95.551
1780765358.809,168.338,510442,510514,2,95.562
1780765358.862,168.391,510442,510514,2,95.464
1780765358.914,168.443,510442,510514,2,114.336
1780765358.967,168.496,510442,510514,2,95.294
1780765359.019,168.548,510442,510514,2,95.421
1780765359.072,168.600,510442,510514,2,95.313
1780765359.124,168.653,510442,510514,2,114.485
1780765359.177,168.705,510442,510514,2,95.015
1780765359.229,168.758,510442,510514,2,95.675
1780765359.281,168.810,510442,510514,2,95.704
1780765359.333,168.862,510442,510514,2,95.567
1780765359.386,168.914,510442,510514,2,114.905
1780765359.438,168.967,510442,510514,2,95.447
1780765359.490,169.019,510442,510514,2,95.525
1780765359.543,169.072,510442,510514,2,95.399
1780765359.595,169.124,510442,510514,2,95.462
1780765359.648,169.176,510442,510514,2,114.481
1780765359.700,169.229,510442,510514,2,95.405
1780765359.752,169.281,510442,510514,2,95.455
1780765359.805,169.334,510442,510514,2,114.414
1780765359.857,169.386,510442,510514,2,133.320
1780765359.915,169.444,510442,510514,2,277.786
1780765359.969,169.498,510442,510514,2,315.452
1780765360.028,169.557,510442,510514,2,270.822
1780765360.091,169.619,510442,510514,2,223.380
1780765360.150,169.679,510442,510514,2,386.835
1780765360.208,169.737,510442,510514,2,137.209
1780765360.261,169.789,510442,510514,2,95.798
1780765360.313,169.841,510442,510514,2,96.085
1780765360.365,169.893,510442,510514,2,96.069
1780765360.417,169.945,510442,510514,2,95.995
1780765360.469,169.998,510442,510514,2,114.650
1780765360.521,170.050,510442,510514,2,95.421
1780765360.574,170.103,510442,510514,2,95.593
1780765360.626,170.155,510442,510514,2,95.519
1780765360.679,170.207,510442,510514,2,95.243
1780765360.731,170.260,510442,510514,2,114.276
1780765360.783,170.312,510442,510514,2,95.583
1780765360.836,170.365,510442,510514,2,95.360
1780765360.888,170.417,510442,510514,2,114.328
1780765360.941,170.470,510442,510514,2,95.314
1780765360.993,170.522,510442,510514,2,95.190
1780765361.046,170.574,510442,510514,2,95.455
1780765361.098,170.627,510442,510514,2,95.607
1780765361.151,170.679,510442,510514,2,114.107
1780765361.203,170.732,510442,510514,2,95.350
1780765361.255,170.784,510442,510514,2,95.351
1780765361.308,170.837,510442,510514,2,95.383
1780765361.360,170.889,510442,510514,2,114.703
1780765361.413,170.941,510442,510514,2,95.420
1780765361.465,170.994,510442,510514,2,95.607
1780765361.517,171.046,510442,510514,2,95.452
1780765361.570,171.098,510442,510514,2,114.648
1780765361.622,171.151,510442,510514,2,95.527
1780765361.674,171.203,510442,510514,2,95.350
1780765361.727,171.256,510442,510514,2,95.353
1780765361.779,171.308,510442,510514,2,95.322
1780765361.832,171.360,510442,510514,2,114.458
1780765361.884,171.413,510442,510514,2,95.340
1780765361.937,171.465,510442,510514,2,95.290
1780765361.989,171.518,510442,510514,2,114.270
1780765362.042,171.570,510442,510514,2,95.323
1780765362.094,171.623,510442,510514,2,95.278
1780765362.147,171.675,510442,510514,2,94.995
1780765362.199,171.728,510442,510514,2,95.441
1780765362.252,171.780,510442,510514,2,114.242
1780765362.304,171.833,510442,510514,2,95.567
1780765362.356,171.885,510442,510514,2,95.084
1780765362.409,171.938,510442,510514,2,114.692
1780765362.461,171.990,510442,510514,2,95.589
1780765362.513,172.042,510442,510514,2,95.504
1780765362.566,172.095,510442,510514,2,95.619
1780765362.618,172.147,510442,510514,2,95.645
1780765362.670,172.199,510442,510514,2,114.543
1780765362.723,172.252,510442,510514,2,95.437
1780765362.775,172.304,510442,510514,2,95.506
1780765362.827,172.356,510442,510514,2,95.510
1780765362.880,172.409,510442,510514,2,113.543
1780765362.933,172.461,510442,510514,2,95.481
1780765362.985,172.514,510442,510514,2,95.329
1780765363.037,172.566,510442,510514,2,95.541
1780765363.090,172.619,510442,510514,2,114.725
1780765363.142,172.671,510442,510514,2,95.264
1780765363.195,172.723,510442,510514,2,95.433
1780765363.247,172.776,510442,510514,2,95.605
1780765363.299,172.828,510442,510514,2,95.565
1780765363.352,172.880,510442,510514,2,114.710
1780765363.404,172.933,510442,510514,2,95.440
1780765363.456,172.985,510442,510514,2,114.325
1780765363.509,173.038,510442,510514,2,95.534
1780765363.561,173.090,510442,510514,2,114.779
1780765363.613,173.142,510442,510514,2,95.505
1780765363.666,173.195,510442,510514,2,95.581
1780765363.718,173.247,510442,510514,2,95.019
1780765363.771,173.300,510442,510514,2,95.466
1780765363.823,173.352,510442,510514,2,114.440
1780765363.876,173.404,510442,510514,2,95.255
1780765363.929,173.457,510442,510514,2,94.469
1780765363.981,173.510,510442,510514,2,114.203
1780765364.034,173.562,510442,510514,2,95.275
1780765364.087,173.616,510442,510514,2,224.624
1780765364.144,173.673,510442,510514,2,261.284
1780765364.203,173.732,510442,510514,2,373.430
1780765364.260,173.789,510442,510514,2,140.677
1780765364.314,173.842,510442,510514,2,317.937
1780765364.370,173.899,510442,510514,2,369.571
1780765364.423,173.952,510442,510514,2,95.296
1780765364.477,174.006,510442,510514,2,110.100
1780765364.530,174.058,510442,510514,2,96.013
1780765364.582,174.110,510442,510514,2,95.981
1780765364.634,174.162,510442,510514,2,96.003
1780765364.686,174.215,510442,510514,2,114.619
1780765364.739,174.267,510442,510514,2,95.219
1780765364.791,174.320,510442,510514,2,95.631
1780765364.843,174.372,510442,510514,2,95.445
1780765364.896,174.424,510442,510514,2,95.314
1780765364.948,174.477,510442,510514,2,114.371
1780765365.001,174.529,510442,510514,2,95.249
1780765365.053,174.582,510442,510514,2,95.385
1780765365.106,174.634,510442,510514,2,114.373
1780765365.158,174.687,510442,510514,2,95.462
1780765365.210,174.739,510442,510514,2,95.289
1780765365.263,174.792,510442,510514,2,95.438
1780765365.315,174.844,510442,510514,2,95.311
1780765365.368,174.896,510442,510514,2,114.445
1780765365.420,174.949,510442,510514,2,95.324
1780765365.473,175.001,510442,510514,2,95.050
1780765365.525,175.054,510442,510514,2,114.470
1780765365.577,175.106,510442,510514,2,95.440
1780765365.630,175.159,510442,510514,2,95.554
1780765365.682,175.211,510442,510514,2,95.206
1780765365.735,175.264,510442,510514,2,95.311
1780765365.787,175.316,510442,510514,2,114.505
1780765365.840,175.368,510442,510514,2,95.449
1780765365.892,175.421,510442,510514,2,95.419
1780765365.944,175.473,510442,510514,2,114.369
1780765365.997,175.526,510442,510514,2,95.148
1780765366.049,175.578,510442,510514,2,95.286
1780765366.102,175.631,510442,510514,2,95.482
1780765366.154,175.683,510442,510514,2,95.227
1780765366.207,175.736,510442,510514,2,114.467
1780765366.259,175.788,510442,510514,2,95.416
1780765366.312,175.840,510442,510514,2,95.389
1780765366.364,175.893,510442,510514,2,95.483
1780765366.417,175.946,510442,510514,2,113.558
1780765366.469,175.998,510442,510514,2,95.301
1780765366.522,176.050,510442,510514,2,95.384
1780765366.574,176.103,510442,510514,2,95.264
1780765366.627,176.155,510442,510514,2,114.460
1780765366.679,176.208,510442,510514,2,95.383
1780765366.731,176.260,510442,510514,2,95.260
1780765366.784,176.313,510442,510514,2,95.552
1780765366.836,176.365,510442,510514,2,114.719
1780765366.888,176.417,510442,510514,2,95.537
1780765366.941,176.470,510442,510514,2,95.336
1780765366.993,176.522,510442,510514,2,95.279
1780765367.046,176.575,510442,510514,2,114.400
1780765367.098,176.627,510442,510514,2,95.181
1780765367.151,176.680,510442,510514,2,95.287
1780765367.203,176.732,510442,510514,2,95.382
1780765367.256,176.784,510442,510514,2,95.458
1780765367.308,176.837,510442,510514,2,114.037
1780765367.360,176.889,510442,510514,2,95.694
1780765367.413,176.942,510442,510514,2,95.551
1780765367.465,176.994,510442,510514,2,114.762
1780765367.517,177.046,510442,510514,2,95.613
1780765367.570,177.098,510442,510514,2,95.683
1780765367.622,177.151,510442,510514,2,95.415
1780765367.674,177.203,510442,510514,2,95.393
1780765367.727,177.256,510442,510514,2,114.455
1780765367.779,177.308,510442,510514,2,95.397
1780765367.832,177.360,510442,510514,2,95.598
1780765367.884,177.413,510442,510514,2,114.700
1780765367.936,177.465,510442,510514,2,95.059
1780765367.989,177.518,510442,510514,2,95.232
1780765368.041,177.570,510442,510514,2,95.435
1780765368.094,177.623,510442,510514,2,95.457
1780765368.146,177.675,510442,510514,2,114.154
1780765368.199,177.728,510442,510514,2,95.173
1780765368.252,177.781,510442,510514,2,170.207
1780765368.306,177.835,510442,510514,2,257.357
1780765368.360,177.888,510442,510514,2,280.472
1780765368.419,177.948,510442,510514,2,304.368
1780765368.478,178.007,510442,510514,2,220.597
1780765368.539,178.067,510442,510514,2,377.175
1780765368.598,178.126,510442,510514,2,169.587
1780765368.650,178.179,510442,510514,2,95.696
1780765368.702,178.231,510442,510514,2,96.130
1780765368.754,178.283,510442,510514,2,96.013
1780765368.806,178.335,510442,510514,2,95.920
1780765368.859,178.387,510442,510514,2,95.216
1780765368.912,178.440,510442,510514,2,94.516
1780765368.965,178.493,510442,510514,2,113.086
1780765369.017,178.546,510442,510514,2,95.251
1780765369.069,178.598,510442,510514,2,95.450
1780765369.122,178.651,510442,510514,2,114.304
1780765369.174,178.703,510442,510514,2,95.204
1780765369.227,178.756,510442,510514,2,95.284
1780765369.279,178.808,510442,510514,2,95.429
1780765369.332,178.861,510442,510514,2,95.051
1780765369.384,178.913,510442,510514,2,114.319
1780765369.437,178.966,510442,510514,2,95.236
1780765369.490,179.018,510442,510514,2,94.952
1780765369.542,179.071,510442,510514,2,114.408
1780765369.595,179.123,510442,510514,2,95.137
1780765369.648,179.177,510442,510514,2,94.027
1780765369.700,179.229,510442,510514,2,114.111
1780765369.753,179.282,510442,510514,2,95.366
1780765369.805,179.334,510442,510514,2,95.425
1780765369.858,179.386,510442,510514,2,95.427
1780765369.910,179.439,510442,510514,2,95.308
1780765369.963,179.491,510442,510514,2,113.984
1780765370.015,179.544,510442,510514,2,95.208
1780765370.068,179.596,510442,510514,2,95.241
1780765370.120,179.649,510442,510514,2,114.350
1780765370.173,179.701,510442,510514,2,95.283
1780765370.225,179.754,510442,510514,2,95.282
1780765370.277,179.806,510442,510514,2,95.620
1780765370.330,179.859,510442,510514,2,95.349
1780765370.382,179.911,510442,510514,2,114.704
1780765370.435,179.963,510442,510514,2,95.321
1780765370.487,180.016,510442,510514,2,95.437
1780765370.539,180.068,510442,510514,2,95.270
1780765370.592,180.121,510442,510514,2,114.352
1780765370.644,180.173,510442,510514,2,95.258
1780765370.697,180.226,510442,510514,2,95.214
1780765370.749,180.278,510442,510514,2,95.334
1780765370.802,180.331,510442,510514,2,114.601
1780765370.854,180.383,510442,510514,2,95.467
1780765370.907,180.435,510442,510514,2,95.325
1780765370.959,180.488,510442,510514,2,95.257
1780765371.012,180.540,510442,510514,2,95.138
1780765371.064,180.593,510442,510514,2,114.337
1780765371.116,180.645,510442,510514,2,95.551
1780765371.169,180.698,510442,510514,2,95.412
1780765371.221,180.750,510442,510514,2,114.510
1780765371.274,180.803,510442,510514,2,95.254
1780765371.326,180.855,510442,510514,2,95.585
1780765371.379,180.907,510442,510514,2,95.061
1780765371.431,180.960,510442,510514,2,95.395
1780765371.483,181.012,510442,510514,2,95.632
1780765371.536,181.065,510442,510514,2,95.179
1780765371.588,181.117,510442,510514,2,114.693
1780765371.640,181.169,510442,510514,2,95.693
1780765371.693,181.222,510442,510514,2,95.454
1780765371.745,181.274,510442,510514,2,114.634
1780765371.797,181.326,510442,510514,2,95.675
1780765371.850,181.378,510442,510514,2,95.661
1780765371.902,181.431,510442,510514,2,95.410
1780765371.955,181.483,510442,510514,2,95.262
1780765372.007,181.536,510442,510514,2,114.294
1780765372.060,181.588,510442,510514,2,95.221
1780765372.112,181.641,510442,510514,2,95.420
1780765372.165,181.693,510442,510514,2,113.863
1780765372.217,181.746,510442,510514,2,95.351
1780765372.269,181.798,510442,510514,2,95.415
1780765372.322,181.851,510442,510514,2,95.486
1780765372.374,181.903,510442,510514,2,95.301
1780765372.427,181.956,510442,510514,2,114.040
1780765372.480,182.009,510442,510514,2,244.528
1780765372.538,182.067,510442,510514,2,241.924
1780765372.596,182.124,510442,510514,2,382.086
1780765372.653,182.182,510442,510514,2,139.429
1780765372.706,182.235,510442,510514,2,318.351
1780765372.761,182.290,510442,510514,2,382.420
1780765372.816,182.345,510442,510514,2,91.365
1780765372.868,182.397,510442,510514,2,95.759
1780765372.920,182.449,510442,510514,2,115.192
1780765372.972,182.501,510442,510514,2,95.936
1780765373.025,182.553,510442,510514,2,95.921
1780765373.077,182.606,510442,510514,2,95.530
1780765373.129,182.658,510442,510514,2,95.420
1780765373.182,182.710,510442,510514,2,114.541
1780765373.234,182.763,510442,510514,2,95.449
1780765373.287,182.815,510442,510514,2,95.211
1780765373.339,182.868,510442,510514,2,95.433
1780765373.392,182.921,510442,510514,2,94.731
1780765373.444,182.973,510442,510514,2,114.593
1780765373.496,183.025,510442,510514,2,95.495
1780765373.549,183.078,510442,510514,2,95.331
1780765373.601,183.130,510442,510514,2,114.210
1780765373.654,183.183,510442,510514,2,95.178
1780765373.707,183.235,510442,510514,2,94.885
1780765373.759,183.288,510442,510514,2,95.321
1780765373.812,183.340,510442,510514,2,95.354
1780765373.864,183.393,510442,510514,2,114.412
1780765373.916,183.445,510442,510514,2,95.259
1780765373.969,183.498,510442,510514,2,95.153
1780765374.021,183.550,510442,510514,2,114.406
1780765374.074,183.603,510442,510514,2,95.360
1780765374.126,183.655,510442,510514,2,95.154
1780765374.179,183.708,510442,510514,2,95.522
1780765374.231,183.760,510442,510514,2,95.341
1780765374.284,183.812,510442,510514,2,114.498
1780765374.336,183.865,510442,510514,2,95.328
1780765374.389,183.917,510442,510514,2,95.040
1780765374.441,183.970,510442,510514,2,114.561
1780765374.494,184.023,510442,510514,2,94.169
1780765374.547,184.075,510442,510514,2,95.236
1780765374.599,184.128,510442,510514,2,95.024
1780765374.652,184.181,510442,510514,2,95.252
1780765374.704,184.233,510442,510514,2,114.464
1780765374.757,184.286,510442,510514,2,95.215
1780765374.809,184.338,510442,510514,2,95.167
1780765374.862,184.390,510442,510514,2,114.373
1780765374.914,184.443,510442,510514,2,95.262
1780765374.967,184.496,510442,510514,2,95.073
1780765375.019,184.548,510442,510514,2,95.371
1780765375.072,184.601,510442,510514,2,94.954
1780765375.125,184.653,510442,510514,2,113.948
1780765375.177,184.706,510442,510514,2,95.634
1780765375.229,184.758,510442,510514,2,95.491
1780765375.281,184.810,510442,510514,2,95.592
1780765375.334,184.863,510442,510514,2,114.575
1780765375.386,184.915,510442,510514,2,95.631
1780765375.439,184.968,510442,510514,2,95.029
1780765375.491,185.020,510442,510514,2,95.421
1780765375.544,185.072,510442,510514,2,95.346
1780765375.596,185.125,510442,510514,2,114.630
1780765375.649,185.177,510442,510514,2,95.051
1780765375.701,185.230,510442,510514,2,95.662
1780765375.753,185.282,510442,510514,2,114.536
1780765375.805,185.334,510442,510514,2,95.556
1780765375.858,185.387,510442,510514,2,95.645
1780765375.910,185.439,510442,510514,2,95.475
1780765375.963,185.491,510442,510514,2,95.304
1780765376.015,185.544,510442,510514,2,114.153
1780765376.068,185.596,510442,510514,2,95.443
1780765376.120,185.649,510442,510514,2,95.457
1780765376.172,185.701,510442,510514,2,114.511
1780765376.225,185.754,510442,510514,2,95.470
1780765376.277,185.806,510442,510514,2,95.622
1780765376.330,185.858,510442,510514,2,95.049
1780765376.382,185.911,510442,510514,2,95.529
1780765376.435,185.963,510442,510514,2,114.026
1780765376.487,186.016,510442,510514,2,95.560
1780765376.539,186.068,510442,510514,2,95.133
1780765376.592,186.121,510442,510514,2,95.009
1780765376.645,186.174,510442,510514,2,113.720
1780765376.697,186.226,510442,510514,2,152.441
1780765376.751,186.280,510442,510514,2,278.365
1780765376.805,186.334,510442,510514,2,333.849
1780765376.864,186.393,510442,510514,2,253.448
1780765376.926,186.455,510442,510514,2,241.607
1780765376.986,186.515,510442,510514,2,384.143
1780765377.044,186.573,510442,510514,2,103.641
1780765377.096,186.625,510442,510514,2,95.825
1780765377.148,186.677,510442,510514,2,96.094
1780765377.200,186.729,510442,510514,2,115.221
1780765377.253,186.782,510442,510514,2,94.656
1780765377.306,186.834,510442,510514,2,95.508
1780765377.358,186.887,510442,510514,2,95.311
1780765377.410,186.939,510442,510514,2,95.411
1780765377.463,186.992,510442,510514,2,114.192
1780765377.515,187.044,510442,510514,2,95.436
1780765377.568,187.097,510442,510514,2,95.275
1780765377.620,187.149,510442,510514,2,114.715
1780765377.673,187.201,510442,510514,2,95.327
1780765377.725,187.254,510442,510514,2,94.716
1780765377.778,187.307,510442,510514,2,95.544
1780765377.830,187.359,510442,510514,2,95.518
1780765377.882,187.411,510442,510514,2,95.403
1780765377.935,187.464,510442,510514,2,114.153
1780765377.988,187.517,510442,510514,2,94.999
1780765378.040,187.569,510442,510514,2,95.077
1780765378.093,187.622,510442,510514,2,114.439
1780765378.145,187.674,510442,510514,2,95.249
1780765378.198,187.726,510442,510514,2,95.320
1780765378.250,187.779,510442,510514,2,95.367
1780765378.303,187.831,510442,510514,2,95.389
1780765378.355,187.884,510442,510514,2,114.373
1780765378.408,187.936,510442,510514,2,94.925
1780765378.460,187.989,510442,510514,2,95.121
1780765378.513,188.041,510442,510514,2,114.439
1780765378.565,188.094,510442,510514,2,95.211
1780765378.618,188.146,510442,510514,2,95.218
1780765378.670,188.199,510442,510514,2,95.359
1780765378.722,188.251,510442,510514,2,95.416
1780765378.775,188.304,510442,510514,2,114.280
1780765378.827,188.356,510442,510514,2,95.325
1780765378.880,188.409,510442,510514,2,95.344
1780765378.932,188.461,510442,510514,2,114.362
1780765378.985,188.514,510442,510514,2,95.243
1780765379.037,188.566,510442,510514,2,95.398
1780765379.090,188.618,510442,510514,2,95.585
1780765379.142,188.671,510442,510514,2,95.443
1780765379.195,188.723,510442,510514,2,114.061
1780765379.247,188.776,510442,510514,2,95.502
1780765379.299,188.828,510442,510514,2,95.439
1780765379.352,188.881,510442,510514,2,95.322
1780765379.404,188.933,510442,510514,2,114.591
1780765379.456,188.985,510442,510514,2,95.483
1780765379.509,189.038,510442,510514,2,95.007
1780765379.562,189.090,510442,510514,2,95.410
1780765379.614,189.143,510442,510514,2,114.603
1780765379.666,189.195,510442,510514,2,95.231
1780765379.719,189.248,510442,510514,2,95.545
1780765379.771,189.300,510442,510514,2,95.274
1780765379.824,189.352,510442,510514,2,95.475
1780765379.876,189.405,510442,510514,2,114.526
1780765379.929,189.457,510442,510514,2,94.928
1780765379.981,189.510,510442,510514,2,95.207
1780765380.034,189.562,510442,510514,2,114.524
1780765380.086,189.615,510442,510514,2,95.520
1780765380.138,189.667,510442,510514,2,95.284
1780765380.191,189.720,510442,510514,2,95.497
1780765380.243,189.772,510442,510514,2,95.443
1780765380.296,189.825,510442,510514,2,113.925
1780765380.348,189.877,510442,510514,2,95.468
1780765380.400,189.929,510442,510514,2,95.734
1780765380.453,189.981,510442,510514,2,114.676
1780765380.505,190.034,510442,510514,2,95.577
1780765380.557,190.086,510442,510514,2,95.471
1780765380.610,190.139,510442,510514,2,95.548
1780765380.662,190.191,510442,510514,2,95.599
1780765380.715,190.243,510442,510514,2,95.168
1780765380.767,190.296,510442,510514,2,114.379
1780765380.819,190.348,510442,510514,2,95.377
1780765380.872,190.401,510442,510514,2,95.342
1780765380.925,190.453,510442,510514,2,208.947
1780765380.982,190.511,510442,510514,2,241.964
1780765381.040,190.569,510442,510514,2,417.155
1780765381.097,190.626,510442,510514,2,139.061
1780765381.150,190.679,510442,510514,2,286.963
1780765381.210,190.738,510442,510514,2,401.150
1780765381.264,190.793,510442,510514,2,91.197
1780765381.317,190.845,510442,510514,2,95.863
1780765381.369,190.897,510442,510514,2,115.409
1780765381.421,190.949,510442,510514,2,96.074
1780765381.473,191.001,510442,510514,2,95.994
1780765381.525,191.054,510442,510514,2,95.418
1780765381.577,191.106,510442,510514,2,95.504
1780765381.630,191.158,510442,510514,2,114.851
1780765381.682,191.211,510442,510514,2,95.564
1780765381.735,191.263,510442,510514,2,95.013
1780765381.787,191.316,510442,510514,2,95.401
1780765381.839,191.368,510442,510514,2,95.570
1780765381.892,191.421,510442,510514,2,114.408
1780765381.944,191.473,510442,510514,2,95.154
1780765381.997,191.526,510442,510514,2,95.209
1780765382.049,191.578,510442,510514,2,114.320
1780765382.102,191.631,510442,510514,2,95.349
1780765382.154,191.683,510442,510514,2,95.091
1780765382.207,191.736,510442,510514,2,95.224
1780765382.259,191.788,510442,510514,2,95.356
1780765382.312,191.840,510442,510514,2,114.474
1780765382.364,191.893,510442,510514,2,95.324
1780765382.417,191.945,510442,510514,2,95.386
1780765382.469,191.998,510442,510514,2,114.316
1780765382.522,192.050,510442,510514,2,95.206
1780765382.574,192.103,510442,510514,2,95.111
1780765382.627,192.155,510442,510514,2,95.142
1780765382.679,192.208,510442,510514,2,95.262
1780765382.732,192.260,510442,510514,2,114.282
1780765382.784,192.313,510442,510514,2,95.282
1780765382.836,192.365,510442,510514,2,95.514
1780765382.889,192.418,510442,510514,2,114.661
1780765382.941,192.470,510442,510514,2,95.371
1780765382.994,192.523,510442,510514,2,95.266
1780765383.046,192.575,510442,510514,2,95.435
1780765383.099,192.627,510442,510514,2,95.359
1780765383.151,192.680,510442,510514,2,114.360
1780765383.203,192.732,510442,510514,2,95.323
1780765383.256,192.785,510442,510514,2,95.420
1780765383.308,192.837,510442,510514,2,114.573
1780765383.361,192.889,510442,510514,2,95.465
1780765383.413,192.942,510442,510514,2,95.503
1780765383.465,192.994,510442,510514,2,95.577
1780765383.518,193.046,510442,510514,2,95.483
1780765383.570,193.099,510442,510514,2,114.570
1780765383.623,193.151,510442,510514,2,95.059
1780765383.675,193.204,510442,510514,2,95.448
1780765383.727,193.256,510442,510514,2,95.416
1780765383.780,193.309,510442,510514,2,95.436
1780765383.832,193.361,510442,510514,2,114.653
1780765383.884,193.413,510442,510514,2,95.675
1780765383.937,193.466,510442,510514,2,95.411
1780765383.989,193.518,510442,510514,2,114.413
1780765384.042,193.570,510442,510514,2,95.398
1780765384.094,193.623,510442,510514,2,95.459
1780765384.146,193.675,510442,510514,2,95.275
1780765384.199,193.728,510442,510514,2,95.531
1780765384.251,193.780,510442,510514,2,114.536
1780765384.304,193.832,510442,510514,2,95.451
1780765384.356,193.885,510442,510514,2,95.412
1780765384.409,193.937,510442,510514,2,114.240
1780765384.461,193.990,510442,510514,2,95.734
1780765384.568,194.097,510442,510514,2,92.840
1780765384.621,194.150,510442,510514,2,114.455
1780765384.673,194.202,510442,510514,2,95.612
1780765384.726,194.254,510442,510514,2,95.503
1780765384.778,194.307,510442,510514,2,95.174
1780765384.831,194.359,510442,510514,2,95.255
1780765384.883,194.412,510442,510514,2,114.355
1780765384.936,194.464,510442,510514,2,95.160
1780765384.988,194.517,510442,510514,2,94.968
1780765385.041,194.570,510442,510514,2,114.114
1780765385.093,194.622,510442,510514,2,95.194
1780765385.147,194.675,510442,510514,2,263.084
1780765385.204,194.733,510442,510514,2,278.468
1780765385.263,194.792,510442,510514,2,356.117
1780765385.316,194.845,510442,510514,2,112.122
1780765385.372,194.901,510442,510514,2,395.233
1780765385.428,194.957,510442,510514,2,284.720
1780765385.480,195.009,510442,510514,2,96.000
1780765385.532,195.061,510442,510514,2,96.028
1780765385.585,195.113,510442,510514,2,96.077
1780765385.637,195.165,510442,510514,2,96.148
1780765385.689,195.217,510442,510514,2,96.014
1780765385.741,195.270,510442,510514,2,114.730
1780765385.793,195.322,510442,510514,2,95.564
1780765385.846,195.374,510442,510514,2,95.519
1780765385.898,195.427,510442,510514,2,95.489
1780765385.951,195.479,510442,510514,2,94.943
1780765386.003,195.532,510442,510514,2,114.267
1780765386.056,195.584,510442,510514,2,95.290
1780765386.108,195.637,510442,510514,2,95.442
1780765386.160,195.689,510442,510514,2,114.372
1780765386.213,195.742,510442,510514,2,95.282
1780765386.265,195.794,510442,510514,2,95.305
1780765386.318,195.847,510442,510514,2,95.455
1780765386.370,195.899,510442,510514,2,95.420
1780765386.423,195.951,510442,510514,2,114.506
1780765386.475,196.004,510442,510514,2,95.566
1780765386.527,196.056,510442,510514,2,95.301
1780765386.580,196.109,510442,510514,2,95.315
1780765386.632,196.161,510442,510514,2,114.566
1780765386.685,196.213,510442,510514,2,95.375
1780765386.737,196.266,510442,510514,2,95.475
1780765386.789,196.318,510442,510514,2,95.295
1780765386.842,196.371,510442,510514,2,114.625
1780765386.894,196.423,510442,510514,2,95.593
1780765386.947,196.475,510442,510514,2,95.175
1780765386.999,196.528,510442,510514,2,94.999
1780765387.052,196.581,510442,510514,2,95.270
1780765387.104,196.633,510442,510514,2,114.595
1780765387.156,196.685,510442,510514,2,95.450
1780765387.209,196.738,510442,510514,2,95.405
1780765387.261,196.790,510442,510514,2,114.762
1780765387.313,196.842,510442,510514,2,95.649
1780765387.366,196.895,510442,510514,2,95.441
1780765387.418,196.947,510442,510514,2,95.283
1780765387.471,196.999,510442,510514,2,95.539
1780765387.523,197.052,510442,510514,2,113.983
1780765387.576,197.105,510442,510514,2,95.281
1780765387.628,197.157,510442,510514,2,95.446
1780765387.681,197.209,510442,510514,2,114.493
1780765387.733,197.262,510442,510514,2,95.475
1780765387.785,197.314,510442,510514,2,95.394
1780765387.838,197.366,510442,510514,2,95.495
1780765387.890,197.419,510442,510514,2,95.492
1780765387.943,197.471,510442,510514,2,114.235
1780765387.995,197.524,510442,510514,2,95.062
1780765388.048,197.576,510442,510514,2,95.326
1780765388.100,197.629,510442,510514,2,95.539
1780765388.153,197.681,510442,510514,2,114.060
1780765388.205,197.734,510442,510514,2,95.686
1780765388.257,197.786,510442,510514,2,95.465
1780765388.310,197.838,510442,510514,2,95.499
1780765388.362,197.891,510442,510514,2,114.681
1780765388.414,197.943,510442,510514,2,95.678
1780765388.466,197.995,510442,510514,2,95.496
1780765388.519,198.048,510442,510514,2,95.458
1780765388.571,198.100,510442,510514,2,95.424
1780765388.624,198.152,510442,510514,2,114.529
1780765388.676,198.205,510442,510514,2,95.361
1780765388.729,198.258,510442,510514,2,95.016
1780765388.781,198.310,510442,510514,2,114.563
1780765388.833,198.362,510442,510514,2,95.658
1780765388.886,198.414,510442,510514,2,95.714
1780765388.938,198.467,510442,510514,2,95.466
1780765388.991,198.519,510442,510514,2,94.899
1780765389.043,198.572,510442,510514,2,114.529
1780765389.095,198.624,510442,510514,2,95.393
1780765389.148,198.677,510442,510514,2,95.465
1780765389.200,198.729,510442,510514,2,114.169
1780765389.253,198.782,510442,510514,2,95.140
1780765389.306,198.835,510442,510514,2,112.156
1780765389.365,198.894,510442,510514,2,308.129
1780765389.417,198.946,510442,510514,2,266.069
1780765389.475,199.004,510442,510514,2,311.785
1780765389.538,199.067,510442,510514,2,207.799
1780765389.597,199.126,510442,510514,2,402.460
1780765389.656,199.185,510442,510514,2,170.214
1780765389.708,199.237,510442,510514,2,95.765
1780765389.760,199.289,510442,510514,2,96.010
1780765389.812,199.341,510442,510514,2,96.026
1780765389.867,199.395,510442,510514,2,92.556
1780765389.919,199.448,510442,510514,2,114.633
1780765389.972,199.501,510442,510514,2,94.320
1780765390.024,199.553,510442,510514,2,95.077
1780765390.077,199.606,510442,510514,2,114.329
1780765390.129,199.658,510442,510514,2,95.469
1780765390.182,199.711,510442,510514,2,95.354
1780765390.234,199.763,510442,510514,2,95.662
1780765390.287,199.815,510442,510514,2,95.249
1780765390.339,199.868,510442,510514,2,114.689
1780765390.391,199.920,510442,510514,2,95.363
1780765390.444,199.973,510442,510514,2,95.102
1780765390.497,200.025,510442,510514,2,113.824
1780765390.549,200.078,510442,510514,2,95.410
1780765390.602,200.130,510442,510514,2,95.100
1780765390.654,200.183,510442,510514,2,95.363
1780765390.707,200.235,510442,510514,2,94.991
1780765390.759,200.288,510442,510514,2,114.320
1780765390.812,200.340,510442,510514,2,95.354
1780765390.864,200.393,510442,510514,2,95.372
1780765390.916,200.445,510442,510514,2,114.455
1780765390.969,200.498,510442,510514,2,95.023
1780765391.021,200.550,510442,510514,2,95.419
1780765391.074,200.603,510442,510514,2,95.377
1780765391.126,200.655,510442,510514,2,95.478
1780765391.179,200.708,510442,510514,2,114.190
1780765391.231,200.760,510442,510514,2,95.319
1780765391.283,200.812,510442,510514,2,95.637
1780765391.336,200.865,510442,510514,2,95.610
1780765391.388,200.917,510442,510514,2,114.561
1780765391.441,200.969,510442,510514,2,95.373
1780765391.493,201.022,510442,510514,2,95.640
1780765391.545,201.074,510442,510514,2,95.588
1780765391.598,201.126,510442,510514,2,114.506
1780765391.650,201.179,510442,510514,2,95.560
1780765391.702,201.231,510442,510514,2,95.383
1780765391.755,201.283,510442,510514,2,95.418
1780765391.807,201.336,510442,510514,2,95.566
1780765391.859,201.388,510442,510514,2,114.481
1780765391.912,201.441,510442,510514,2,94.636
1780765391.965,201.494,510442,510514,2,94.224
1780765392.018,201.546,510442,510514,2,114.597
1780765392.070,201.599,510442,510514,2,95.397
1780765392.122,201.651,510442,510514,2,95.455
1780765392.175,201.704,510442,510514,2,95.337
1780765392.227,201.756,510442,510514,2,95.780
1780765392.279,201.808,510442,510514,2,115.208
1780765392.331,201.860,510442,510514,2,95.760
1780765392.384,201.913,510442,510514,2,95.456
1780765392.436,201.965,510442,510514,2,114.568
1780765392.488,202.017,510442,510514,2,95.716
1780765392.541,202.070,510442,510514,2,95.519
1780765392.593,202.122,510442,510514,2,95.451
1780765392.645,202.174,510442,510514,2,95.559
1780765392.698,202.227,510442,510514,2,114.526
1780765392.750,202.279,510442,510514,2,95.314
1780765392.803,202.332,510442,510514,2,95.395
1780765392.855,202.384,510442,510514,2,95.135
1780765392.908,202.436,510442,510514,2,95.616
1780765392.960,202.489,510442,510514,2,114.376
1780765393.013,202.542,510442,510514,2,94.886
1780765393.065,202.594,510442,510514,2,95.550
1780765393.117,202.646,510442,510514,2,114.827
1780765393.170,202.698,510442,510514,2,95.419
1780765393.222,202.751,510442,510514,2,95.376
1780765393.274,202.803,510442,510514,2,95.485
1780765393.327,202.856,510442,510514,2,95.510
1780765393.379,202.908,510442,510514,2,114.388
1780765393.432,202.960,510442,510514,2,95.432
1780765393.484,203.013,510442,510514,2,95.497
1780765393.540,203.069,510442,510514,2,178.037
1780765393.594,203.122,510442,510514,2,336.904
1780765393.652,203.181,510442,510514,2,393.555
1780765393.714,203.243,510442,510514,2,194.113
1780765393.766,203.295,510442,510514,2,115.128
1780765393.818,203.347,510442,510514,2,96.077
1780765393.870,203.399,510442,510514,2,96.047
1780765393.924,203.453,510442,510514,2,111.023
1780765393.977,203.506,510442,510514,2,95.050
1780765394.029,203.558,510442,510514,2,95.489
1780765394.081,203.610,510442,510514,2,95.518
1780765394.134,203.663,510442,510514,2,95.508
1780765394.186,203.715,510442,510514,2,114.357
1780765394.239,203.768,510442,510514,2,95.381
1780765394.291,203.820,510442,510514,2,95.604
1780765394.344,203.872,510442,510514,2,95.141
1780765394.396,203.925,510442,510514,2,114.134
1780765394.449,203.977,510442,510514,2,95.317
1780765394.501,204.030,510442,510514,2,94.952
1780765394.554,204.083,510442,510514,2,95.141
1780765394.606,204.135,510442,510514,2,114.167
1780765394.659,204.188,510442,510514,2,94.718
1780765394.712,204.240,510442,510514,2,95.277
1780765394.764,204.293,510442,510514,2,114.312
1780765394.816,204.345,510442,510514,2,95.495
1780765394.869,204.398,510442,510514,2,95.413
1780765394.922,204.451,510442,510514,2,94.630
1780765394.974,204.503,510442,510514,2,94.935
1780765395.027,204.556,510442,510514,2,95.019
1780765395.080,204.608,510442,510514,2,95.085
1780765395.132,204.661,510442,510514,2,114.277
1780765395.184,204.713,510442,510514,2,95.383
1780765395.237,204.766,510442,510514,2,95.292
1780765395.289,204.818,510442,510514,2,114.539
1780765395.342,204.871,510442,510514,2,95.519
1780765395.394,204.923,510442,510514,2,95.404
1780765395.447,204.975,510442,510514,2,95.208
1780765395.499,205.028,510442,510514,2,95.028
1780765395.552,205.081,510442,510514,2,114.326
1780765395.604,205.133,510442,510514,2,95.298
1780765395.657,205.185,510442,510514,2,95.484
1780765395.709,205.238,510442,510514,2,114.389
1780765395.761,205.290,510442,510514,2,95.469
1780765395.814,205.343,510442,510514,2,95.516
1780765395.866,205.395,510442,510514,2,95.454
1780765395.919,205.447,510442,510514,2,95.356
1780765395.971,205.500,510442,510514,2,114.125
1780765396.024,205.552,510442,510514,2,95.299
1780765396.076,205.605,510442,510514,2,95.157
1780765396.129,205.657,510442,510514,2,114.526
1780765396.181,205.710,510442,510514,2,95.377
1780765396.233,205.762,510442,510514,2,95.451
1780765396.286,205.814,510442,510514,2,95.699
1780765396.338,205.867,510442,510514,2,95.661
1780765396.390,205.919,510442,510514,2,114.766
1780765396.442,205.971,510442,510514,2,95.515
1780765396.495,206.024,510442,510514,2,95.427
1780765396.547,206.076,510442,510514,2,95.340
1780765396.600,206.129,510442,510514,2,95.347
1780765396.652,206.181,510442,510514,2,114.658
1780765396.705,206.233,510442,510514,2,95.112
1780765396.757,206.286,510442,510514,2,95.630
1780765396.809,206.338,510442,510514,2,114.494
1780765396.862,206.390,510442,510514,2,95.519
1780765396.914,206.443,510442,510514,2,95.633
1780765396.967,206.495,510442,510514,2,95.106
1780765397.019,206.548,510442,510514,2,95.547
1780765397.071,206.600,510442,510514,2,114.590
1780765397.124,206.652,510442,510514,2,95.519
1780765397.176,206.705,510442,510514,2,95.398
1780765397.228,206.757,510442,510514,2,114.253
1780765397.281,206.810,510442,510514,2,95.216
1780765397.333,206.862,510442,510514,2,95.633
1780765397.386,206.914,510442,510514,2,95.567
1780765397.438,206.967,510442,510514,2,95.405
1780765397.491,207.019,510442,510514,2,114.158
1780765397.543,207.072,510442,510514,2,95.429
1780765397.596,207.124,510442,510514,2,152.127
1780765397.649,207.178,510442,510514,2,374.464
1780765397.706,207.235,510442,510514,2,383.276
1780765397.765,207.294,510442,510514,2,204.872
1780765397.817,207.346,510442,510514,2,114.937
1780765397.869,207.398,510442,510514,2,95.949
1780765397.922,207.450,510442,510514,2,95.558
1780765397.976,207.505,510442,510514,2,110.047
1780765398.029,207.557,510442,510514,2,95.266
1780765398.081,207.610,510442,510514,2,95.677
1780765398.133,207.662,510442,510514,2,95.594
1780765398.186,207.714,510442,510514,2,95.483
1780765398.238,207.767,510442,510514,2,114.663
1780765398.290,207.819,510442,510514,2,95.371
1780765398.343,207.871,510442,510514,2,95.725
1780765398.395,207.924,510442,510514,2,95.419
1780765398.447,207.976,510442,510514,2,95.394
1780765398.500,208.029,510442,510514,2,114.051
1780765398.552,208.081,510442,510514,2,95.278
1780765398.605,208.134,510442,510514,2,95.116
1780765398.657,208.186,510442,510514,2,114.430
1780765398.710,208.239,510442,510514,2,95.296
1780765398.762,208.291,510442,510514,2,95.212
1780765398.815,208.344,510442,510514,2,95.309
1780765398.867,208.396,510442,510514,2,95.312
1780765398.920,208.449,510442,510514,2,113.051
1780765398.973,208.502,510442,510514,2,95.231
1780765399.025,208.554,510442,510514,2,95.338
1780765399.078,208.607,510442,510514,2,114.246
1780765399.130,208.659,510442,510514,2,95.205
1780765399.183,208.712,510442,510514,2,95.219
1780765399.235,208.764,510442,510514,2,95.263
1780765399.288,208.816,510442,510514,2,95.615
1780765399.340,208.869,510442,510514,2,114.643
1780765399.392,208.921,510442,510514,2,95.424
1780765399.445,208.974,510442,510514,2,95.467
1780765399.497,209.026,510442,510514,2,114.814
1780765399.549,209.078,510442,510514,2,95.600
1780765399.602,209.131,510442,510514,2,94.939
1780765399.655,209.183,510442,510514,2,95.035
1780765399.707,209.236,510442,510514,2,95.394
1780765399.759,209.288,510442,510514,2,114.448
1780765399.812,209.341,510442,510514,2,95.344
1780765399.864,209.393,510442,510514,2,95.417
1780765399.917,209.445,510442,510514,2,114.714
1780765399.969,209.498,510442,510514,2,95.280
1780765400.022,209.550,510442,510514,2,95.307
1780765400.074,209.603,510442,510514,2,95.554
1780765400.126,209.655,510442,510514,2,95.251
1780765400.179,209.708,510442,510514,2,114.353
1780765400.231,209.760,510442,510514,2,95.344
1780765400.283,209.812,510442,510514,2,95.746
1780765400.336,209.865,510442,510514,2,95.344
1780765400.389,209.917,510442,510514,2,113.972
1780765400.441,209.970,510442,510514,2,95.365
1780765400.493,210.022,510442,510514,2,95.539
1780765400.546,210.075,510442,510514,2,95.365
1780765400.598,210.127,510442,510514,2,114.213
1780765400.651,210.179,510442,510514,2,95.537
1780765400.703,210.232,510442,510514,2,95.271
1780765400.755,210.284,510442,510514,2,95.545
1780765400.808,210.337,510442,510514,2,95.387
1780765400.860,210.389,510442,510514,2,114.664
1780765400.912,210.441,510442,510514,2,95.664
1780765400.965,210.494,510442,510514,2,94.396
1780765401.018,210.547,510442,510514,2,114.613
1780765401.070,210.599,510442,510514,2,95.534
1780765401.122,210.651,510442,510514,2,95.546
1780765401.175,210.704,510442,510514,2,95.320
1780765401.227,210.756,510442,510514,2,95.543
1780765401.280,210.808,510442,510514,2,114.707
1780765401.332,210.861,510442,510514,2,95.521
1780765401.384,210.913,510442,510514,2,95.273
1780765401.437,210.966,510442,510514,2,95.539
1780765401.489,211.018,510442,510514,2,114.786
1780765401.541,211.070,510442,510514,2,95.595
1780765401.594,211.123,510442,510514,2,95.360
1780765401.646,211.175,510442,510514,2,152.603
1780765401.699,211.228,510442,510514,2,356.132
1780765401.757,211.285,510442,510514,2,402.091
1780765401.816,211.344,510442,510514,2,203.550
1780765401.868,211.397,510442,510514,2,95.759
1780765401.920,211.449,510442,510514,2,95.945
1780765401.972,211.501,510442,510514,2,114.927
1780765402.026,211.555,510442,510514,2,93.002
1780765402.078,211.607,510442,510514,2,95.405
1780765402.131,211.660,510442,510514,2,95.497
1780765402.183,211.712,510442,510514,2,114.372
1780765402.236,211.765,510442,510514,2,95.059
1780765402.288,211.817,510442,510514,2,95.477
1780765402.340,211.869,510442,510514,2,114.897
1780765402.393,211.921,510442,510514,2,95.854
1780765402.445,211.974,510442,510514,2,95.484
1780765402.497,212.026,510442,510514,2,95.538
1780765402.550,212.078,510442,510514,2,95.442
1780765402.602,212.131,510442,510514,2,114.371
1780765402.654,212.183,510442,510514,2,95.332
1780765402.707,212.236,510442,510514,2,95.217
1780765402.759,212.288,510442,510514,2,95.347
1780765402.812,212.341,510442,510514,2,95.295
1780765402.864,212.393,510442,510514,2,114.505
1780765402.917,212.446,510442,510514,2,95.427
1780765402.969,212.498,510442,510514,2,95.101
1780765403.022,212.551,510442,510514,2,114.087
1780765403.074,212.603,510442,510514,2,95.070
1780765403.127,212.656,510442,510514,2,95.435
1780765403.179,212.708,510442,510514,2,95.350
1780765403.232,212.761,510442,510514,2,95.243
1780765403.284,212.813,510442,510514,2,114.701
1780765403.336,212.865,510442,510514,2,95.517
1780765403.389,212.918,510442,510514,2,95.483
1780765403.441,212.970,510442,510514,2,114.577
1780765403.494,213.023,510442,510514,2,95.115
1780765403.546,213.075,510442,510514,2,95.431
1780765403.599,213.128,510442,510514,2,95.102
1780765403.651,213.180,510442,510514,2,95.382
1780765403.704,213.232,510442,510514,2,114.430
1780765403.756,213.285,510442,510514,2,95.372
1780765403.809,213.338,510442,510514,2,94.690
1780765403.861,213.390,510442,510514,2,114.658
1780765403.914,213.442,510442,510514,2,95.418
1780765403.966,213.495,510442,510514,2,95.067
1780765404.019,213.547,510442,510514,2,95.165
1780765404.071,213.600,510442,510514,2,95.284
1780765404.123,213.652,510442,510514,2,114.653
1780765404.176,213.705,510442,510514,2,95.368
1780765404.228,213.757,510442,510514,2,95.393
1780765404.281,213.809,510442,510514,2,114.640
1780765404.333,213.862,510442,510514,2,95.526
1780765404.385,213.914,510442,510514,2,95.629
1780765404.438,213.966,510442,510514,2,95.518
1780765404.490,214.019,510442,510514,2,95.752
1780765404.542,214.071,510442,510514,2,114.290
1780765404.595,214.124,510442,510514,2,95.467
1780765404.650,214.179,510442,510514,2,90.706
1780765404.703,214.231,510442,510514,2,113.934
1780765404.755,214.284,510442,510514,2,95.534
1780765404.807,214.336,510442,510514,2,95.305
1780765404.860,214.389,510442,510514,2,95.415
1780765404.912,214.441,510442,510514,2,114.626
1780765404.965,214.494,510442,510514,2,94.176
1780765405.018,214.546,510442,510514,2,95.451
1780765405.070,214.599,510442,510514,2,95.613
1780765405.122,214.651,510442,510514,2,95.677
1780765405.175,214.703,510442,510514,2,114.086
1780765405.227,214.756,510442,510514,2,95.531
1780765405.279,214.808,510442,510514,2,95.628
1780765405.332,214.861,510442,510514,2,95.334
1780765405.384,214.913,510442,510514,2,114.601
1780765405.437,214.965,510442,510514,2,95.428
1780765405.489,215.018,510442,510514,2,95.452
1780765405.541,215.070,510442,510514,2,95.333
1780765405.594,215.123,510442,510514,2,114.350
1780765405.646,215.175,510442,510514,2,95.049
1780765405.699,215.228,510442,510514,2,152.469
1780765405.753,215.282,510442,510514,2,313.674
1780765405.809,215.338,510442,510514,2,394.218
1780765405.870,215.399,510442,510514,2,244.308
1780765405.923,215.451,510442,510514,2,95.547
1780765405.975,215.504,510442,510514,2,95.859
1780765406.027,215.556,510442,510514,2,95.805
1780765406.081,215.610,510442,510514,2,110.970
1780765406.133,215.662,510442,510514,2,95.812
1780765406.185,215.714,510442,510514,2,95.634
1780765406.238,215.767,510442,510514,2,95.452
1780765406.290,215.819,510442,510514,2,95.206
1780765406.343,215.872,510442,510514,2,114.711
1780765406.395,215.924,510442,510514,2,95.277
1780765406.448,215.976,510442,510514,2,95.464
1780765406.500,216.029,510442,510514,2,114.130
1780765406.553,216.081,510442,510514,2,95.179
1780765406.605,216.134,510442,510514,2,95.160
1780765406.658,216.186,510442,510514,2,95.434
1780765406.710,216.239,510442,510514,2,95.349
1780765406.763,216.291,510442,510514,2,114.257
1780765406.815,216.344,510442,510514,2,95.217
1780765406.868,216.396,510442,510514,2,95.346
1780765406.920,216.449,510442,510514,2,114.028
1780765406.973,216.502,510442,510514,2,95.031
1780765407.025,216.554,510442,510514,2,95.318
1780765407.078,216.606,510442,510514,2,95.350
1780765407.130,216.659,510442,510514,2,95.332
1780765407.183,216.711,510442,510514,2,114.417
1780765407.235,216.764,510442,510514,2,95.281
1780765407.288,216.816,510442,510514,2,94.970
1780765407.340,216.869,510442,510514,2,114.640
1780765407.393,216.921,510442,510514,2,95.197
1780765407.445,216.974,510442,510514,2,95.170
1780765407.497,217.026,510442,510514,2,95.354
1780765407.550,217.079,510442,510514,2,95.274
1780765407.603,217.131,510442,510514,2,113.950
1780765407.655,217.184,510442,510514,2,95.512
1780765407.707,217.236,510442,510514,2,95.372
1780765407.760,217.289,510442,510514,2,95.369
1780765407.812,217.341,510442,510514,2,114.374
1780765407.865,217.393,510442,510514,2,95.554
1780765407.917,217.446,510442,510514,2,95.030
1780765407.970,217.499,510442,510514,2,95.227
1780765408.022,217.551,510442,510514,2,114.092
1780765408.075,217.604,510442,510514,2,95.070
1780765408.127,217.656,510442,510514,2,95.265
1780765408.180,217.709,510442,510514,2,95.392
1780765408.232,217.761,510442,510514,2,114.331
1780765408.285,217.813,510442,510514,2,95.513
1780765408.337,217.866,510442,510514,2,95.314
1780765408.390,217.918,510442,510514,2,95.371
1780765408.442,217.971,510442,510514,2,95.164
1780765408.494,218.023,510442,510514,2,114.493
1780765408.547,218.076,510442,510514,2,95.390
1780765408.599,218.128,510442,510514,2,95.195
1780765408.652,218.181,510442,510514,2,95.388
1780765408.704,218.233,510442,510514,2,114.569
1780765408.757,218.285,510442,510514,2,95.495
1780765408.809,218.338,510442,510514,2,95.392
1780765408.861,218.390,510442,510514,2,95.622
1780765408.914,218.442,510442,510514,2,114.678
1780765408.966,218.495,510442,510514,2,95.364
1780765409.019,218.547,510442,510514,2,95.101
1780765409.071,218.600,510442,510514,2,95.588
1780765409.123,218.652,510442,510514,2,95.577
1780765409.176,218.704,510442,510514,2,114.694
1780765409.228,218.757,510442,510514,2,95.367
1780765409.280,218.809,510442,510514,2,95.404
1780765409.333,218.862,510442,510514,2,114.598
1780765409.385,218.914,510442,510514,2,95.702
1780765409.437,218.966,510442,510514,2,95.660
1780765409.490,219.018,510442,510514,2,95.409
1780765409.542,219.071,510442,510514,2,95.622
1780765409.595,219.123,510442,510514,2,114.097
1780765409.647,219.176,510442,510514,2,95.370
1780765409.700,219.228,510442,510514,2,95.068
1780765409.752,219.281,510442,510514,2,170.837
1780765409.807,219.336,510442,510514,2,290.466
1780765409.863,219.392,510442,510514,2,394.112
1780765409.923,219.452,510442,510514,2,250.700
1780765409.975,219.504,510442,510514,2,95.898
1780765410.027,219.556,510442,510514,2,95.834
1780765410.079,219.608,510442,510514,2,95.913
1780765410.133,219.662,510442,510514,2,111.502
1780765410.185,219.714,510442,510514,2,95.913
1780765410.238,219.767,510442,510514,2,95.418
1780765410.290,219.819,510442,510514,2,94.764
1780765410.343,219.872,510442,510514,2,114.498
1780765410.395,219.924,510442,510514,2,95.258
1780765410.448,219.977,510442,510514,2,95.162
1780765410.500,220.029,510442,510514,2,115.202
1780765410.552,220.081,510442,510514,2,95.508
1780765410.605,220.134,510442,510514,2,95.190
1780765410.657,220.186,510442,510514,2,95.256
1780765410.710,220.239,510442,510514,2,95.208
1780765410.763,220.291,510442,510514,2,114.003
1780765410.815,220.344,510442,510514,2,95.113
1780765410.868,220.396,510442,510514,2,95.086
1780765410.920,220.449,510442,510514,2,114.283
1780765410.973,220.502,510442,510514,2,95.162
1780765411.025,220.554,510442,510514,2,95.298
1780765411.078,220.606,510442,510514,2,95.404
1780765411.130,220.659,510442,510514,2,95.456
1780765411.183,220.711,510442,510514,2,113.945
1780765411.235,220.764,510442,510514,2,95.219
1780765411.288,220.816,510442,510514,2,95.404
1780765411.340,220.869,510442,510514,2,114.404
1780765411.393,220.922,510442,510514,2,94.722
1780765411.445,220.974,510442,510514,2,95.373
1780765411.498,221.027,510442,510514,2,95.139
1780765411.550,221.079,510442,510514,2,95.160
1780765411.603,221.132,510442,510514,2,114.267
1780765411.655,221.184,510442,510514,2,95.276
1780765411.708,221.237,510442,510514,2,95.302
1780765411.760,221.289,510442,510514,2,114.327
1780765411.813,221.342,510442,510514,2,95.232
1780765411.865,221.394,510442,510514,2,95.448
1780765411.918,221.446,510442,510514,2,95.375
1780765411.970,221.499,510442,510514,2,95.088
1780765412.023,221.552,510442,510514,2,114.171
1780765412.075,221.604,510442,510514,2,95.362
1780765412.127,221.656,510442,510514,2,95.478
1780765412.180,221.709,510442,510514,2,95.459
1780765412.232,221.761,510442,510514,2,114.205
1780765412.285,221.813,510442,510514,2,95.699
1780765412.337,221.866,510442,510514,2,95.369
1780765412.389,221.918,510442,510514,2,95.484
1780765412.442,221.971,510442,510514,2,114.662
1780765412.494,222.023,510442,510514,2,95.249
1780765412.547,222.075,510442,510514,2,95.455
1780765412.599,222.128,510442,510514,2,95.422
1780765412.651,222.180,510442,510514,2,95.589
1780765412.704,222.232,510442,510514,2,114.671
1780765412.756,222.285,510442,510514,2,95.629
1780765412.809,222.338,510442,510514,2,94.761
1780765412.861,222.390,510442,510514,2,114.795
1780765412.913,222.442,510442,510514,2,95.529
1780765412.966,222.495,510442,510514,2,95.014
1780765413.019,222.547,510442,510514,2,95.120
1780765413.071,222.600,510442,510514,2,95.658
1780765413.123,222.652,510442,510514,2,114.608
1780765413.175,222.704,510442,510514,2,95.577
1780765413.228,222.757,510442,510514,2,95.281
1780765413.280,222.809,510442,510514,2,114.485
1780765413.333,222.862,510442,510514,2,95.235
1780765413.385,222.914,510442,510514,2,95.577
1780765413.438,222.967,510442,510514,2,94.577
1780765413.491,223.019,510442,510514,2,95.260
1780765413.543,223.072,510442,510514,2,114.571
1780765413.595,223.124,510442,510514,2,95.288
1780765413.648,223.177,510442,510514,2,95.413
1780765413.700,223.229,510442,510514,2,114.457
1780765413.753,223.281,510442,510514,2,95.467
1780765413.805,223.334,510442,510514,2,152.373
1780765413.859,223.388,510442,510514,2,314.799
1780765413.917,223.446,510442,510514,2,379.375
1780765413.978,223.507,510442,510514,2,245.006
1780765414.031,223.560,510442,510514,2,113.854
1780765414.083,223.612,510442,510514,2,95.748
1780765414.135,223.664,510442,510514,2,96.040
1780765414.189,223.718,510442,510514,2,111.387
1780765414.241,223.770,510442,510514,2,95.828
1780765414.294,223.822,510442,510514,2,95.560
1780765414.346,223.875,510442,510514,2,95.593
1780765414.399,223.927,510442,510514,2,113.998
1780765414.451,223.980,510442,510514,2,95.374
1780765414.504,224.032,510442,510514,2,95.111
1780765414.556,224.085,510442,510514,2,95.020
1780765414.609,224.137,510442,510514,2,114.282
1780765414.661,224.190,510442,510514,2,95.439
1780765414.714,224.243,510442,510514,2,94.966
1780765414.766,224.295,510442,510514,2,95.125
1780765414.819,224.348,510442,510514,2,95.235
1780765414.871,224.400,510442,510514,2,114.075
1780765414.924,224.453,510442,510514,2,95.305
1780765414.976,224.505,510442,510514,2,95.059
1780765415.029,224.558,510442,510514,2,114.274
1780765415.081,224.610,510442,510514,2,95.359
1780765415.134,224.663,510442,510514,2,95.524
1780765415.186,224.715,510442,510514,2,95.437
1780765415.239,224.767,510442,510514,2,95.160
1780765415.295,224.824,510442,510514,2,106.335
1780765415.348,224.876,510442,510514,2,95.213
1780765415.400,224.929,510442,510514,2,114.414
1780765415.453,224.981,510442,510514,2,95.241
1780765415.505,225.034,510442,510514,2,95.354
1780765415.557,225.086,510442,510514,2,95.369
1780765415.610,225.139,510442,510514,2,114.257
1780765415.662,225.191,510442,510514,2,95.235
1780765415.715,225.244,510442,510514,2,95.397
1780765415.767,225.296,510442,510514,2,95.112
1780765415.820,225.349,510442,510514,2,95.303
1780765415.872,225.401,510442,510514,2,114.435
1780765415.925,225.453,510442,510514,2,95.504
1780765415.977,225.506,510442,510514,2,95.205
1780765416.030,225.558,510442,510514,2,114.335
1780765416.082,225.611,510442,510514,2,95.395
1780765416.134,225.663,510442,510514,2,95.400
1780765416.187,225.716,510442,510514,2,95.403
1780765416.239,225.768,510442,510514,2,95.174
1780765416.292,225.821,510442,510514,2,113.582
1780765416.345,225.873,510442,510514,2,95.555
1780765416.397,225.926,510442,510514,2,95.565
1780765416.449,225.978,510442,510514,2,114.661
1780765416.502,226.030,510442,510514,2,95.557
1780765416.554,226.083,510442,510514,2,95.412
1780765416.606,226.135,510442,510514,2,95.179
1780765416.659,226.188,510442,510514,2,95.643
1780765416.711,226.240,510442,510514,2,114.527
1780765416.764,226.292,510442,510514,2,95.362
1780765416.816,226.345,510442,510514,2,95.302
1780765416.868,226.397,510442,510514,2,114.683
1780765416.921,226.449,510442,510514,2,95.603
1780765416.973,226.502,510442,510514,2,95.284
1780765417.025,226.554,510442,510514,2,95.502
1780765417.078,226.607,510442,510514,2,95.499
1780765417.130,226.659,510442,510514,2,114.711
1780765417.182,226.711,510442,510514,2,95.565
1780765417.235,226.764,510442,510514,2,95.383
1780765417.287,226.816,510442,510514,2,95.505
1780765417.340,226.868,510442,510514,2,95.368
1780765417.392,226.921,510442,510514,2,114.661
1780765417.444,226.973,510442,510514,2,95.484
1780765417.497,227.025,510442,510514,2,95.664
1780765417.549,227.078,510442,510514,2,114.395
1780765417.601,227.130,510442,510514,2,95.516
1780765417.654,227.183,510442,510514,2,95.415
1780765417.706,227.235,510442,510514,2,95.205
1780765417.759,227.288,510442,510514,2,95.252
1780765417.811,227.340,510442,510514,2,114.140
1780765417.864,227.393,510442,510514,2,152.139
1780765417.918,227.447,510442,510514,2,275.305
1780765417.973,227.501,510442,510514,2,369.074
1780765418.029,227.558,510442,510514,2,229.649
1780765418.087,227.616,510442,510514,2,275.926
1780765418.148,227.677,510442,510514,2,379.392
1780765418.202,227.731,510442,510514,2,109.990
1780765418.255,227.783,510442,510514,2,95.851
1780765418.307,227.835,510442,510514,2,95.991
1780765418.359,227.887,510442,510514,2,96.281
1780765418.412,227.940,510442,510514,2,94.390
1780765418.464,227.993,510442,510514,2,95.781
1780765418.516,228.045,510442,510514,2,95.587
1780765418.568,228.097,510442,510514,2,95.762
1780765418.621,228.149,510442,510514,2,95.680
1780765418.673,228.201,510442,510514,2,96.019
1780765418.725,228.254,510442,510514,2,95.885
1780765418.777,228.306,510442,510514,2,96.150
1780765418.829,228.358,510442,510514,2,95.997
1780765418.881,228.410,510442,510514,2,96.000
1780765418.933,228.462,510442,510514,2,95.454
1780765418.986,228.515,510442,510514,2,114.473
1780765419.038,228.567,510442,510514,2,95.621
1780765419.090,228.619,510442,510514,2,95.757
1780765419.142,228.671,510442,510514,2,95.810
1780765419.195,228.723,510442,510514,2,95.819
1780765419.247,228.776,510442,510514,2,95.657
1780765419.299,228.828,510442,510514,2,95.450
1780765419.352,228.880,510442,510514,2,114.712
1780765419.404,228.933,510442,510514,2,95.814
1780765419.456,228.985,510442,510514,2,95.682
1780765419.508,229.037,510442,510514,2,95.473
1780765419.561,229.089,510442,510514,2,95.849
1780765419.613,229.142,510442,510514,2,95.912
1780765419.665,229.194,510442,510514,2,96.025
1780765419.717,229.246,510442,510514,2,114.699
1780765419.769,229.298,510442,510514,2,95.708
1780765419.821,229.350,510442,510514,2,95.870
1780765419.874,229.402,510442,510514,2,95.868
1780765419.928,229.457,510442,510514,2,110.079
1780765419.980,229.509,510442,510514,2,96.020
1780765420.032,229.561,510442,510514,2,96.050
1780765420.085,229.614,510442,510514,2,95.035
1780765420.137,229.666,510442,510514,2,95.301
1780765420.190,229.719,510442,510514,2,95.427
1780765420.242,229.771,510442,510514,2,94.894
1780765420.295,229.824,510442,510514,2,113.705
1780765420.348,229.876,510442,510514,2,95.501
1780765420.400,229.929,510442,510514,2,94.860
1780765420.453,229.981,510442,510514,2,114.465
1780765420.505,230.034,510442,510514,2,95.524
1780765420.557,230.086,510442,510514,2,95.409
1780765420.610,230.139,510442,510514,2,95.530
1780765420.662,230.191,510442,510514,2,95.429
1780765420.715,230.243,510442,510514,2,114.458
1780765420.767,230.296,510442,510514,2,95.171
1780765420.820,230.348,510442,510514,2,95.238
1780765420.872,230.401,510442,510514,2,114.318
1780765420.924,230.453,510442,510514,2,95.597
1780765420.977,230.506,510442,510514,2,95.223
1780765421.029,230.558,510442,510514,2,95.321
1780765421.082,230.611,510442,510514,2,95.550
1780765421.134,230.663,510442,510514,2,114.753
1780765421.186,230.715,510442,510514,2,95.318
1780765421.239,230.768,510442,510514,2,95.392
1780765421.291,230.820,510442,510514,2,95.461
1780765421.344,230.872,510442,510514,2,95.346
1780765421.396,230.925,510442,510514,2,114.621
1780765421.449,230.978,510442,510514,2,94.811
1780765421.501,231.030,510442,510514,2,95.600
1780765421.553,231.082,510442,510514,2,95.656
1780765421.606,231.134,510442,510514,2,95.710
1780765421.658,231.187,510442,510514,2,114.770
1780765421.710,231.239,510442,510514,2,95.656
1780765421.762,231.291,510442,510514,2,95.545
1780765421.815,231.344,510442,510514,2,95.401
1780765421.867,231.396,510442,510514,2,95.512
1780765421.920,231.448,510442,510514,2,114.522
1780765421.972,231.501,510442,510514,2,95.194
1780765422.025,231.553,510442,510514,2,95.173
1780765422.077,231.606,510442,510514,2,114.402
1780765422.130,231.659,510442,510514,2,227.178
1780765422.188,231.717,510442,510514,2,224.608
1780765422.246,231.775,510442,510514,2,409.765
1780765422.304,231.833,510442,510514,2,122.034
1780765422.357,231.885,510442,510514,2,341.041
1780765422.416,231.945,510442,510514,2,352.185
1780765422.471,232.000,510442,510514,2,91.443
1780765422.523,232.052,510442,510514,2,115.098
1780765422.575,232.104,510442,510514,2,95.962
1780765422.627,232.156,510442,510514,2,95.966
1780765422.679,232.208,510442,510514,2,95.679
1780765422.732,232.261,510442,510514,2,95.458
1780765422.784,232.313,510442,510514,2,114.708
1780765422.836,232.365,510442,510514,2,95.587
1780765422.889,232.418,510442,510514,2,95.397
1780765422.941,232.470,510442,510514,2,114.453
1780765422.994,232.523,510442,510514,2,95.119
1780765423.046,232.575,510442,510514,2,95.181
1780765423.099,232.628,510442,510514,2,95.391
1780765423.151,232.680,510442,510514,2,95.497
1780765423.204,232.732,510442,510514,2,114.424
1780765423.256,232.785,510442,510514,2,95.093
1780765423.309,232.837,510442,510514,2,95.246
1780765423.361,232.890,510442,510514,2,114.441
1780765423.414,232.942,510442,510514,2,95.244
1780765423.466,232.995,510442,510514,2,95.329
1780765423.519,233.048,510442,510514,2,94.895
1780765423.571,233.100,510442,510514,2,95.428
1780765423.624,233.152,510442,510514,2,114.156
1780765423.676,233.205,510442,510514,2,95.370
1780765423.728,233.257,510442,510514,2,95.432
1780765423.781,233.310,510442,510514,2,114.457
1780765423.833,233.362,510442,510514,2,95.199
1780765423.886,233.415,510442,510514,2,95.414
1780765423.939,233.467,510442,510514,2,94.804
1780765423.991,233.520,510442,510514,2,95.005
1780765424.044,233.573,510442,510514,2,114.237
1780765424.096,233.625,510442,510514,2,95.271
1780765424.149,233.677,510442,510514,2,95.346
1780765424.201,233.730,510442,510514,2,114.680
1780765424.253,233.782,510442,510514,2,95.318
1780765424.306,233.835,510442,510514,2,95.294
1780765424.358,233.887,510442,510514,2,95.125
1780765424.411,233.940,510442,510514,2,95.467
1780765424.463,233.992,510442,510514,2,114.343
1780765424.516,234.045,510442,510514,2,95.289
1780765424.568,234.097,510442,510514,2,95.340
1780765424.621,234.150,510442,510514,2,112.999
1780765424.674,234.203,510442,510514,2,95.347
1780765424.729,234.258,510442,510514,2,90.695
1780765424.781,234.310,510442,510514,2,114.365
1780765424.834,234.363,510442,510514,2,95.368
1780765424.886,234.415,510442,510514,2,95.197
1780765424.939,234.468,510442,510514,2,95.285
1780765424.991,234.520,510442,510514,2,95.112
1780765425.044,234.573,510442,510514,2,114.420
1780765425.096,234.625,510442,510514,2,95.372
1780765425.149,234.677,510442,510514,2,95.465
1780765425.201,234.730,510442,510514,2,114.743
1780765425.253,234.782,510442,510514,2,95.488
1780765425.306,234.834,510442,510514,2,95.401
1780765425.358,234.887,510442,510514,2,95.472
1780765425.411,234.940,510442,510514,2,94.856
1780765425.463,234.992,510442,510514,2,114.316
1780765425.516,235.044,510442,510514,2,95.446
1780765425.568,235.097,510442,510514,2,94.949
1780765425.621,235.149,510442,510514,2,114.708
1780765425.673,235.202,510442,510514,2,95.564
1780765425.725,235.254,510442,510514,2,95.464
1780765425.778,235.306,510442,510514,2,95.595
1780765425.830,235.359,510442,510514,2,95.468
1780765425.882,235.411,510442,510514,2,114.603
1780765425.935,235.463,510442,510514,2,95.513
1780765425.987,235.516,510442,510514,2,95.213
1780765426.040,235.569,510442,510514,2,113.569
1780765426.092,235.621,510442,510514,2,95.498
1780765426.145,235.674,510442,510514,2,95.380
1780765426.197,235.726,510442,510514,2,95.470
1780765426.250,235.778,510442,510514,2,95.160
1780765426.302,235.831,510442,510514,2,114.113
1780765426.355,235.883,510442,510514,2,229.477
1780765426.414,235.943,510442,510514,2,267.441
1780765426.472,236.001,510442,510514,2,399.317
1780765426.527,236.056,510442,510514,2,90.953
1780765426.579,236.108,510442,510514,2,345.249
1780765426.632,236.161,510442,510514,2,375.433
1780765426.685,236.214,510442,510514,2,94.258
1780765426.737,236.266,510442,510514,2,115.376
1780765426.789,236.318,510442,510514,2,96.390
1780765426.841,236.370,510442,510514,2,96.375
1780765426.893,236.422,510442,510514,2,96.201
1780765426.945,236.474,510442,510514,2,95.671
1780765426.998,236.527,510442,510514,2,114.477
1780765427.050,236.579,510442,510514,2,95.592
1780765427.102,236.631,510442,510514,2,95.823
1780765427.154,236.683,510442,510514,2,95.952
1780765427.206,236.735,510442,510514,2,95.996
1780765427.259,236.788,510442,510514,2,114.838
1780765427.311,236.840,510442,510514,2,95.686
1780765427.363,236.892,510442,510514,2,95.937
1780765427.415,236.944,510442,510514,2,95.775
1780765427.468,236.996,510442,510514,2,95.725
1780765427.520,237.049,510442,510514,2,114.436
1780765427.572,237.101,510442,510514,2,95.834
1780765427.624,237.153,510442,510514,2,95.823
1780765427.676,237.205,510442,510514,2,115.004
1780765427.729,237.258,510442,510514,2,95.639
1780765427.781,237.310,510442,510514,2,95.284
1780765427.833,237.362,510442,510514,2,95.885
1780765427.886,237.414,510442,510514,2,95.911
1780765427.938,237.467,510442,510514,2,114.904
1780765427.990,237.519,510442,510514,2,95.503
1780765428.042,237.571,510442,510514,2,95.629
1780765428.095,237.623,510442,510514,2,95.839
1780765428.147,237.675,510442,510514,2,95.971
1780765428.199,237.728,510442,510514,2,115.252
1780765428.251,237.780,510442,510514,2,95.818
1780765428.303,237.832,510442,510514,2,95.809
1780765428.355,237.884,510442,510514,2,96.001
1780765428.407,237.936,510442,510514,2,96.136
1780765428.459,237.988,510442,510514,2,114.983
1780765428.512,238.040,510442,510514,2,95.837
1780765428.564,238.092,510442,510514,2,95.944
1780765428.616,238.145,510442,510514,2,95.632
1780765428.668,238.197,510442,510514,2,114.736
1780765428.720,238.249,510442,510514,2,95.816
1780765428.773,238.302,510442,510514,2,95.598
1780765428.825,238.354,510442,510514,2,95.987
1780765428.877,238.406,510442,510514,2,115.291
1780765428.929,238.458,510442,510514,2,95.944
1780765428.981,238.510,510442,510514,2,95.691
1780765429.033,238.562,510442,510514,2,95.764
1780765429.086,238.614,510442,510514,2,95.940
1780765429.138,238.666,510442,510514,2,96.174
1780765429.190,238.718,510442,510514,2,115.354
1780765429.242,238.770,510442,510514,2,95.966
1780765429.294,238.822,510442,510514,2,96.165
1780765429.346,238.875,510442,510514,2,96.012
1780765429.398,238.926,510442,510514,2,96.210
1780765429.450,238.979,510442,510514,2,115.320
1780765429.502,239.031,510442,510514,2,96.005
1780765429.554,239.083,510442,510514,2,96.027
1780765429.606,239.135,510442,510514,2,96.107
1780765429.658,239.187,510442,510514,2,96.083
1780765429.710,239.239,510442,510514,2,115.366
1780765429.762,239.291,510442,510514,2,96.055
1780765429.814,239.343,510442,510514,2,95.919
1780765429.866,239.395,510442,510514,2,95.887
1780765429.918,239.447,510442,510514,2,95.912
1780765429.971,239.499,510442,510514,2,115.053
1780765430.023,239.551,510442,510514,2,95.926
1780765430.075,239.604,510442,510514,2,95.978
1780765430.127,239.656,510442,510514,2,96.147
1780765430.179,239.708,510442,510514,2,96.189
1780765430.231,239.760,510442,510514,2,115.094
1780765430.283,239.812,510442,510514,2,95.805
1780765430.335,239.864,510442,510514,2,95.828
1780765430.387,239.916,510442,510514,2,96.044
1780765430.439,239.968,510442,510514,2,95.819
1780765430.492,240.021,510442,510514,2,114.454
1780765430.544,240.073,510442,510514,2,153.317
1780765430.597,240.126,510442,510514,2,282.856
1780765430.650,240.178,510442,510514,2,286.096
1780765430.707,240.236,510442,510514,2,311.620
1780765430.766,240.295,510442,510514,2,187.682
1780765430.825,240.354,510442,510514,2,370.440
1780765430.882,240.411,510442,510514,2,244.869
1780765430.935,240.463,510442,510514,2,95.831
1780765430.987,240.516,510442,510514,2,95.821
1780765431.039,240.568,510442,510514,2,115.231
1780765431.093,240.622,510442,510514,2,73.949
1780765431.145,240.674,510442,510514,2,114.977
1780765431.197,240.726,510442,510514,2,95.779
1780765431.250,240.779,510442,510514,2,95.429
1780765431.303,240.831,510442,510514,2,94.723
1780765431.355,240.884,510442,510514,2,95.619
1780765431.407,240.936,510442,510514,2,114.529
1780765431.460,240.989,510442,510514,2,95.205
1780765431.512,241.041,510442,510514,2,95.536
1780765431.564,241.093,510442,510514,2,114.634
1780765431.617,241.146,510442,510514,2,95.507
1780765431.669,241.198,510442,510514,2,95.270
1780765431.722,241.251,510442,510514,2,95.342
1780765431.774,241.303,510442,510514,2,95.362
1780765431.827,241.355,510442,510514,2,114.429
1780765431.879,241.408,510442,510514,2,95.361
1780765431.932,241.460,510442,510514,2,95.227
1780765431.984,241.513,510442,510514,2,114.036
1780765432.037,241.566,510442,510514,2,95.106
1780765432.089,241.618,510442,510514,2,95.384
1780765432.142,241.670,510442,510514,2,95.390
1780765432.194,241.723,510442,510514,2,95.482
1780765432.247,241.775,510442,510514,2,113.809
1780765432.299,241.828,510442,510514,2,95.322
1780765432.352,241.880,510442,510514,2,95.252
1780765432.404,241.933,510442,510514,2,114.360
1780765432.457,241.985,510442,510514,2,95.229
1780765432.509,242.038,510442,510514,2,95.343
1780765432.561,242.090,510442,510514,2,95.376
1780765432.614,242.143,510442,510514,2,95.512
1780765432.666,242.195,510442,510514,2,114.278
1780765432.719,242.248,510442,510514,2,95.193
1780765432.771,242.300,510442,510514,2,95.187
1780765432.824,242.353,510442,510514,2,95.202
1780765432.876,242.405,510442,510514,2,114.343
1780765432.929,242.458,510442,510514,2,95.331
1780765432.981,242.510,510442,510514,2,95.057
1780765433.034,242.563,510442,510514,2,95.359
1780765433.086,242.615,510442,510514,2,114.586
1780765433.139,242.667,510442,510514,2,95.466
1780765433.191,242.720,510442,510514,2,95.345
1780765433.243,242.772,510442,510514,2,95.230
1780765433.296,242.825,510442,510514,2,95.387
1780765433.348,242.877,510442,510514,2,114.329
1780765433.401,242.930,510442,510514,2,95.507
1780765433.453,242.982,510442,510514,2,95.356
1780765433.506,243.034,510442,510514,2,114.510
1780765433.558,243.087,510442,510514,2,95.649
1780765433.610,243.139,510442,510514,2,95.236
1780765433.663,243.192,510442,510514,2,95.303
1780765433.715,243.244,510442,510514,2,95.359
1780765433.768,243.296,510442,510514,2,114.551
1780765433.820,243.349,510442,510514,2,95.535
1780765433.872,243.401,510442,510514,2,95.372
1780765433.925,243.454,510442,510514,2,114.467
1780765433.977,243.506,510442,510514,2,95.244
1780765434.030,243.558,510442,510514,2,95.501
1780765434.082,243.611,510442,510514,2,95.618
1780765434.134,243.663,510442,510514,2,95.735
1780765434.186,243.715,510442,510514,2,114.739
1780765434.239,243.768,510442,510514,2,95.396
1780765434.291,243.820,510442,510514,2,95.569
1780765434.344,243.872,510442,510514,2,95.281
1780765434.396,243.925,510442,510514,2,114.567
1780765434.449,243.977,510442,510514,2,95.236
1780765434.501,244.030,510442,510514,2,95.404
1780765434.553,244.082,510442,510514,2,95.426
1780765434.606,244.135,510442,510514,2,114.442
1780765434.658,244.187,510442,510514,2,95.074
1780765434.711,244.240,510442,510514,2,95.175
1780765434.764,244.292,510442,510514,2,114.005
1780765434.823,244.352,510442,510514,2,283.954
1780765434.876,244.405,510442,510514,2,304.890
1780765434.929,244.458,510442,510514,2,320.395
1780765434.987,244.516,510442,510514,2,154.496
1780765435.044,244.573,510442,510514,2,403.718
1780765435.098,244.627,510442,510514,2,240.920
1780765435.150,244.679,510442,510514,2,114.540
1780765435.203,244.731,510442,510514,2,95.853
1780765435.255,244.784,510442,510514,2,95.917
1780765435.308,244.837,510442,510514,2,111.896
1780765435.360,244.889,510442,510514,2,96.086
1780765435.413,244.941,510442,510514,2,95.986
1780765435.465,244.994,510442,510514,2,95.410
1780765435.517,245.046,510442,510514,2,95.424
1780765435.570,245.098,510442,510514,2,115.012
1780765435.622,245.150,510442,510514,2,95.862
1780765435.674,245.203,510442,510514,2,95.836
1780765435.726,245.255,510442,510514,2,95.872
1780765435.778,245.307,510442,510514,2,95.701
1780765435.831,245.359,510442,510514,2,114.800
1780765435.883,245.412,510442,510514,2,95.771
1780765435.935,245.464,510442,510514,2,95.793
1780765435.987,245.516,510442,510514,2,95.371
1780765436.040,245.568,510442,510514,2,95.742
1780765436.092,245.620,510442,510514,2,115.115
1780765436.144,245.673,510442,510514,2,96.091
1780765436.196,245.725,510442,510514,2,96.085
1780765436.248,245.777,510442,510514,2,114.775
1780765436.300,245.829,510442,510514,2,95.728
1780765436.353,245.881,510442,510514,2,95.633
1780765436.405,245.934,510442,510514,2,95.779
1780765436.457,245.986,510442,510514,2,95.624
1780765436.509,246.038,510442,510514,2,114.576
1780765436.562,246.091,510442,510514,2,95.553
1780765436.614,246.143,510442,510514,2,95.817
1780765436.666,246.195,510442,510514,2,95.676
1780765436.718,246.247,510442,510514,2,95.611
1780765436.771,246.300,510442,510514,2,114.697
1780765436.823,246.352,510442,510514,2,95.589
1780765436.875,246.404,510442,510514,2,95.561
1780765436.928,246.457,510442,510514,2,95.584
1780765436.980,246.509,510442,510514,2,113.993
1780765437.033,246.562,510442,510514,2,95.469
1780765437.085,246.614,510442,510514,2,95.784
1780765437.137,246.666,510442,510514,2,95.930
1780765437.189,246.718,510442,510514,2,114.972
1780765437.242,246.770,510442,510514,2,95.482
1780765437.294,246.823,510442,510514,2,95.773
1780765437.346,246.875,510442,510514,2,95.622
1780765437.398,246.927,510442,510514,2,95.749
1780765437.451,246.979,510442,510514,2,114.816
1780765437.503,247.032,510442,510514,2,95.612
1780765437.555,247.084,510442,510514,2,95.864
1780765437.607,247.136,510442,510514,2,95.819
1780765437.659,247.188,510442,510514,2,95.743
1780765437.712,247.240,510442,510514,2,114.847
1780765437.764,247.293,510442,510514,2,95.571
1780765437.816,247.345,510442,510514,2,95.533
1780765437.869,247.397,510442,510514,2,114.662
1780765437.921,247.450,510442,510514,2,95.390
1780765437.974,247.502,510442,510514,2,95.348
1780765438.026,247.555,510442,510514,2,95.569
1780765438.078,247.607,510442,510514,2,95.171
1780765438.131,247.659,510442,510514,2,114.677
1780765438.183,247.712,510442,510514,2,95.788
1780765438.235,247.764,510442,510514,2,95.818
1780765438.287,247.816,510442,510514,2,95.561
1780765438.340,247.868,510442,510514,2,95.648
1780765438.392,247.921,510442,510514,2,114.284
1780765438.444,247.973,510442,510514,2,95.767
1780765438.497,248.026,510442,510514,2,95.362
1780765438.549,248.078,510442,510514,2,114.494
1780765438.602,248.130,510442,510514,2,95.368
1780765438.654,248.183,510442,510514,2,95.645
1780765438.706,248.235,510442,510514,2,95.885
1780765438.758,248.287,510442,510514,2,95.540
1780765438.810,248.339,510442,510514,2,115.339
1780765438.863,248.392,510442,510514,2,95.440
1780765438.915,248.444,510442,510514,2,95.515
1780765438.968,248.497,510442,510514,2,95.110
1780765439.020,248.549,510442,510514,2,210.542
1780765439.076,248.605,510442,510514,2,266.907
1780765439.129,248.658,510442,510514,2,378.430
1780765439.182,248.711,510442,510514,2,206.640
1780765439.244,248.773,510442,510514,2,274.672
1780765439.298,248.827,510442,510514,2,389.950
1780765439.350,248.879,510442,510514,2,115.253
1780765439.402,248.931,510442,510514,2,115.152
1780765439.454,248.983,510442,510514,2,96.285
1780765439.506,249.035,510442,510514,2,96.236
1780765439.558,249.087,510442,510514,2,96.083
1780765439.610,249.139,510442,510514,2,95.410
1780765439.663,249.192,510442,510514,2,114.636
1780765439.715,249.244,510442,510514,2,95.615
1780765439.767,249.296,510442,510514,2,95.518
1780765439.820,249.348,510442,510514,2,95.849
1780765439.875,249.403,510442,510514,2,109.178
1780765439.927,249.456,510442,510514,2,95.357
1780765439.980,249.508,510442,510514,2,94.972
1780765440.032,249.561,510442,510514,2,114.300
1780765440.085,249.613,510442,510514,2,95.504
1780765440.137,249.666,510442,510514,2,95.840
1780765440.189,249.718,510442,510514,2,95.603
1780765440.241,249.770,510442,510514,2,95.525
1780765440.293,249.822,510442,510514,2,115.183
1780765440.346,249.875,510442,510514,2,95.583
1780765440.398,249.927,510442,510514,2,95.780
1780765440.450,249.979,510442,510514,2,95.411
1780765440.503,250.032,510442,510514,2,95.378
1780765440.555,250.084,510442,510514,2,114.360
1780765440.608,250.136,510442,510514,2,95.488
1780765440.660,250.189,510442,510514,2,95.647
1780765440.712,250.241,510442,510514,2,114.829
1780765440.764,250.293,510442,510514,2,95.589
1780765440.817,250.345,510442,510514,2,95.729
1780765440.869,250.398,510442,510514,2,95.569
1780765440.921,250.450,510442,510514,2,95.458
1780765440.974,250.503,510442,510514,2,114.258
1780765441.026,250.555,510442,510514,2,95.329
1780765441.079,250.607,510442,510514,2,95.506
1780765441.131,250.660,510442,510514,2,95.743
1780765441.183,250.712,510442,510514,2,95.693
1780765441.235,250.764,510442,510514,2,114.670
1780765441.288,250.817,510442,510514,2,95.353
1780765441.340,250.869,510442,510514,2,95.371
1780765441.393,250.921,510442,510514,2,114.886
1780765441.445,250.974,510442,510514,2,95.808
1780765441.497,251.026,510442,510514,2,95.847
1780765441.549,251.078,510442,510514,2,96.052
1780765441.601,251.130,510442,510514,2,96.009
1780765441.653,251.182,510442,510514,2,114.960
1780765441.705,251.234,510442,510514,2,95.759
1780765441.758,251.287,510442,510514,2,95.623
1780765441.810,251.339,510442,510514,2,95.936
1780765441.862,251.391,510442,510514,2,95.675
1780765441.915,251.443,510442,510514,2,114.536
1780765441.967,251.496,510442,510514,2,95.749
1780765442.019,251.548,510442,510514,2,95.759
1780765442.071,251.600,510442,510514,2,95.778
1780765442.123,251.652,510442,510514,2,95.789
1780765442.175,251.704,510442,510514,2,115.237
1780765442.228,251.756,510442,510514,2,95.854
1780765442.280,251.809,510442,510514,2,95.893
1780765442.332,251.861,510442,510514,2,95.836
1780765442.384,251.913,510442,510514,2,95.994
1780765442.436,251.965,510442,510514,2,115.272
1780765442.488,252.017,510442,510514,2,95.795
1780765442.540,252.069,510442,510514,2,95.902
1780765442.592,252.121,510442,510514,2,96.098
1780765442.644,252.173,510442,510514,2,115.254
1780765442.696,252.225,510442,510514,2,96.111
1780765442.749,252.277,510442,510514,2,95.927
1780765442.801,252.329,510442,510514,2,96.134
1780765442.853,252.381,510442,510514,2,96.119
1780765442.905,252.433,510442,510514,2,115.454
1780765442.957,252.485,510442,510514,2,95.988
1780765443.009,252.538,510442,510514,2,95.700
1780765443.061,252.590,510442,510514,2,95.827
1780765443.113,252.642,510442,510514,2,95.970
1780765443.165,252.694,510442,510514,2,115.389
1780765443.220,252.749,510442,510514,2,145.578
1780765443.272,252.801,510442,510514,2,287.751
1780765443.328,252.857,510442,510514,2,304.252
1780765443.381,252.910,510442,510514,2,301.660
1780765443.444,252.973,510442,510514,2,206.470
1780765443.499,253.028,510442,510514,2,397.923
1780765443.554,253.083,510442,510514,2,201.097
1780765443.606,253.135,510442,510514,2,95.845
1780765443.658,253.187,510442,510514,2,96.339
1780765443.710,253.239,510442,510514,2,96.331
1780765443.764,253.292,510442,510514,2,112.018
1780765443.816,253.345,510442,510514,2,96.004
1780765443.868,253.397,510442,510514,2,95.555
1780765443.920,253.449,510442,510514,2,114.620
1780765443.973,253.502,510442,510514,2,94.857
1780765444.026,253.555,510442,510514,2,94.835
1780765444.079,253.607,510442,510514,2,94.981
1780765444.131,253.660,510442,510514,2,95.490
1780765444.183,253.712,510442,510514,2,114.574
1780765444.235,253.764,510442,510514,2,95.712
1780765444.288,253.817,510442,510514,2,95.176
1780765444.340,253.869,510442,510514,2,114.572
1780765444.393,253.921,510442,510514,2,95.705
1780765444.445,253.974,510442,510514,2,95.609
1780765444.497,254.026,510442,510514,2,95.439
1780765444.550,254.078,510442,510514,2,95.491
1780765444.602,254.131,510442,510514,2,94.972
1780765444.655,254.184,510442,510514,2,114.423
1780765444.707,254.236,510442,510514,2,95.542
1780765444.759,254.288,510442,510514,2,95.559
1780765444.812,254.341,510442,510514,2,95.611
1780765444.864,254.393,510442,510514,2,114.567
1780765444.916,254.445,510442,510514,2,95.929
1780765444.968,254.497,510442,510514,2,95.644
1780765445.021,254.550,510442,510514,2,95.508
1780765445.073,254.602,510442,510514,2,115.021
1780765445.125,254.654,510442,510514,2,96.059
1780765445.177,254.706,510442,510514,2,96.097
1780765445.229,254.758,510442,510514,2,95.914
1780765445.281,254.810,510442,510514,2,95.661
1780765445.334,254.863,510442,510514,2,114.888
1780765445.386,254.915,510442,510514,2,95.803
1780765445.438,254.967,510442,510514,2,95.831
1780765445.491,255.019,510442,510514,2,95.358
1780765445.543,255.072,510442,510514,2,95.658
1780765445.595,255.124,510442,510514,2,114.818
1780765445.647,255.176,510442,510514,2,95.419
1780765445.700,255.229,510442,510514,2,95.615
1780765445.752,255.281,510442,510514,2,114.370
1780765445.804,255.333,510442,510514,2,95.732
1780765445.857,255.385,510442,510514,2,95.698
1780765445.909,255.438,510442,510514,2,95.755
1780765445.961,255.490,510442,510514,2,95.666
1780765446.013,255.542,510442,510514,2,114.658
1780765446.066,255.595,510442,510514,2,95.506
1780765446.118,255.647,510442,510514,2,96.085
1780765446.170,255.699,510442,510514,2,96.159
1780765446.222,255.751,510442,510514,2,95.765
1780765446.274,255.803,510442,510514,2,114.918
1780765446.326,255.855,510442,510514,2,95.799
1780765446.379,255.907,510442,510514,2,95.956
1780765446.431,255.959,510442,510514,2,96.120
1780765446.483,256.012,510442,510514,2,95.554
1780765446.535,256.064,510442,510514,2,114.904
1780765446.587,256.116,510442,510514,2,95.604
1780765446.639,256.168,510442,510514,2,96.048
1780765446.692,256.221,510442,510514,2,95.738
1780765446.744,256.273,510442,510514,2,95.898
1780765446.796,256.325,510442,510514,2,115.273
1780765446.848,256.377,510442,510514,2,96.075
1780765446.900,256.429,510442,510514,2,96.058
1780765446.952,256.481,510442,510514,2,115.283
1780765447.004,256.533,510442,510514,2,95.754
1780765447.056,256.585,510442,510514,2,95.958
1780765447.108,256.637,510442,510514,2,96.126
1780765447.160,256.689,510442,510514,2,96.156
1780765447.212,256.741,510442,510514,2,115.306
1780765447.265,256.793,510442,510514,2,95.905
1780765447.317,256.846,510442,510514,2,95.811
1780765447.369,256.898,510442,510514,2,95.621
1780765447.421,256.950,510442,510514,2,95.838
1780765447.473,257.002,510442,510514,2,172.292
1780765447.531,257.060,510442,510514,2,279.323
1780765447.584,257.112,510442,510514,2,358.929
1780765447.637,257.166,510442,510514,2,263.030
1780765447.698,257.226,510442,510514,2,247.127
1780765447.756,257.285,510442,510514,2,377.591
1780765447.810,257.338,510442,510514,2,167.241
1780765447.862,257.391,510442,510514,2,95.679
1780765447.914,257.443,510442,510514,2,96.147
1780765447.966,257.495,510442,510514,2,96.246
1780765448.020,257.548,510442,510514,2,92.962
1780765448.072,257.601,510442,510514,2,114.807
1780765448.124,257.653,510442,510514,2,96.015
1780765448.176,257.705,510442,510514,2,95.908
1780765448.228,257.757,510442,510514,2,114.928
1780765448.281,257.810,510442,510514,2,95.470
1780765448.333,257.862,510442,510514,2,95.402
1780765448.385,257.914,510442,510514,2,95.743
1780765448.438,257.966,510442,510514,2,95.772
1780765448.490,258.019,510442,510514,2,114.435
1780765448.542,258.071,510442,510514,2,95.379
1780765448.595,258.124,510442,510514,2,95.449
1780765448.647,258.176,510442,510514,2,95.526
1780765448.700,258.228,510442,510514,2,95.465
1780765448.752,258.281,510442,510514,2,114.896
1780765448.804,258.333,510442,510514,2,95.854
1780765448.856,258.385,510442,510514,2,95.717
1780765448.908,258.437,510442,510514,2,115.179
1780765448.960,258.489,510442,510514,2,95.896
1780765449.013,258.542,510442,510514,2,95.520
1780765449.065,258.594,510442,510514,2,95.896
1780765449.117,258.646,510442,510514,2,95.824
1780765449.169,258.698,510442,510514,2,115.216
1780765449.221,258.750,510442,510514,2,96.060
1780765449.273,258.802,510442,510514,2,95.797
1780765449.326,258.854,510442,510514,2,95.843
1780765449.378,258.906,510442,510514,2,95.848
1780765449.430,258.959,510442,510514,2,115.281
1780765449.482,259.011,510442,510514,2,95.934
1780765449.534,259.063,510442,510514,2,95.728
1780765449.586,259.115,510442,510514,2,95.871
1780765449.638,259.167,510442,510514,2,95.935
1780765449.691,259.219,510442,510514,2,115.015
1780765449.743,259.271,510442,510514,2,95.960
1780765449.795,259.324,510442,510514,2,95.846
1780765449.847,259.376,510442,510514,2,95.595
1780765449.899,259.428,510442,510514,2,95.696
1780765449.952,259.480,510442,510514,2,114.858
1780765450.004,259.533,510442,510514,2,95.510
1780765450.056,259.585,510442,510514,2,95.563
1780765450.108,259.637,510442,510514,2,114.847
1780765450.161,259.689,510442,510514,2,96.011
1780765450.213,259.742,510442,510514,2,95.863
1780765450.265,259.794,510442,510514,2,95.686
1780765450.317,259.846,510442,510514,2,95.586
1780765450.369,259.898,510442,510514,2,115.215
1780765450.421,259.950,510442,510514,2,95.941
1780765450.474,260.002,510442,510514,2,95.824
1780765450.526,260.055,510442,510514,2,95.686
1780765450.578,260.107,510442,510514,2,95.795
1780765450.630,260.159,510442,510514,2,115.325
1780765450.682,260.211,510442,510514,2,95.921
1780765450.734,260.263,510442,510514,2,96.070
1780765450.786,260.315,510442,510514,2,95.904
1780765450.838,260.367,510442,510514,2,96.084
1780765450.891,260.419,510442,510514,2,115.232
1780765450.943,260.471,510442,510514,2,96.036
1780765450.995,260.524,510442,510514,2,95.674
1780765451.047,260.576,510442,510514,2,95.880
1780765451.099,260.628,510442,510514,2,95.979
1780765451.151,260.680,510442,510514,2,115.286
1780765451.203,260.732,510442,510514,2,96.154
1780765451.255,260.784,510442,510514,2,95.691
1780765451.307,260.836,510442,510514,2,96.035
1780765451.360,260.888,510442,510514,2,96.002
1780765451.412,260.940,510442,510514,2,115.118
1780765451.464,260.993,510442,510514,2,95.949
1780765451.516,261.045,510442,510514,2,95.455
1780765451.568,261.097,510442,510514,2,115.318
1780765451.620,261.149,510442,510514,2,95.809
1780765451.673,261.202,510442,510514,2,95.604
1780765451.728,261.257,510442,510514,2,234.419
1780765451.781,261.310,510442,510514,2,244.887
1780765451.838,261.367,510442,510514,2,385.616
1780765451.891,261.420,510442,510514,2,169.340
1780765451.944,261.473,510442,510514,2,342.611
1780765452.004,261.532,510442,510514,2,368.554
1780765452.056,261.585,510442,510514,2,95.708
1780765452.108,261.637,510442,510514,2,115.010
1780765452.160,261.689,510442,510514,2,96.221
1780765452.212,261.741,510442,510514,2,96.336
1780765452.264,261.793,510442,510514,2,95.758
1780765452.316,261.845,510442,510514,2,95.622
1780765452.369,261.897,510442,510514,2,114.923
1780765452.421,261.950,510442,510514,2,96.036
1780765452.473,262.002,510442,510514,2,95.659
1780765452.525,262.054,510442,510514,2,95.512
1780765452.577,262.106,510442,510514,2,95.941
1780765452.630,262.158,510442,510514,2,95.832
1780765452.682,262.211,510442,510514,2,114.907
1780765452.734,262.263,510442,510514,2,95.803
1780765452.786,262.315,510442,510514,2,95.586
1780765452.839,262.367,510442,510514,2,95.825
1780765452.891,262.420,510442,510514,2,95.716
1780765452.943,262.472,510442,510514,2,114.911
1780765452.995,262.524,510442,510514,2,95.412
1780765453.048,262.576,510442,510514,2,95.807
1780765453.100,262.629,510442,510514,2,95.762
1780765453.152,262.681,510442,510514,2,96.018
1780765453.204,262.733,510442,510514,2,114.980
1780765453.256,262.785,510442,510514,2,95.778
1780765453.308,262.837,510442,510514,2,95.938
1780765453.361,262.889,510442,510514,2,114.989
1780765453.413,262.941,510442,510514,2,96.002
1780765453.465,262.994,510442,510514,2,95.771
1780765453.517,263.046,510442,510514,2,95.543
1780765453.569,263.098,510442,510514,2,95.895
1780765453.621,263.150,510442,510514,2,95.858
1780765453.674,263.202,510442,510514,2,115.072
1780765453.726,263.255,510442,510514,2,95.916
1780765453.778,263.307,510442,510514,2,95.832
1780765453.830,263.359,510442,510514,2,96.153
1780765453.882,263.411,510442,510514,2,95.971
1780765453.934,263.463,510442,510514,2,115.044
1780765453.987,263.515,510442,510514,2,95.345
1780765454.039,263.568,510442,510514,2,95.843
1780765454.091,263.620,510442,510514,2,95.921
1780765454.143,263.672,510442,510514,2,96.038
1780765454.195,263.724,510442,510514,2,115.140
1780765454.247,263.776,510442,510514,2,95.789
1780765454.299,263.828,510442,510514,2,95.764
1780765454.352,263.880,510442,510514,2,95.896
1780765454.404,263.932,510442,510514,2,96.096
1780765454.456,263.984,510442,510514,2,115.377
1780765454.508,264.037,510442,510514,2,95.579
1780765454.561,264.090,510442,510514,2,94.792
1780765454.613,264.142,510442,510514,2,115.203
1780765454.665,264.194,510442,510514,2,95.926
1780765454.717,264.246,510442,510514,2,95.681
1780765454.769,264.298,510442,510514,2,95.940
1780765454.821,264.350,510442,510514,2,96.197
1780765454.873,264.402,510442,510514,2,115.324
1780765454.925,264.454,510442,510514,2,96.106
1780765454.977,264.506,510442,510514,2,95.886
1780765455.030,264.558,510442,510514,2,95.824
1780765455.082,264.611,510442,510514,2,95.874
1780765455.134,264.663,510442,510514,2,114.921
1780765455.186,264.715,510442,510514,2,96.090
1780765455.238,264.767,510442,510514,2,95.953
1780765455.290,264.819,510442,510514,2,95.678
1780765455.343,264.871,510442,510514,2,95.788
1780765455.395,264.923,510442,510514,2,115.228
1780765455.447,264.976,510442,510514,2,96.109
1780765455.499,265.028,510442,510514,2,95.709
1780765455.551,265.080,510442,510514,2,95.931
1780765455.603,265.132,510442,510514,2,96.002
1780765455.655,265.184,510442,510514,2,115.415
1780765455.707,265.236,510442,510514,2,95.997
1780765455.759,265.288,510442,510514,2,96.005
1780765455.811,265.340,510442,510514,2,96.139
1780765455.863,265.392,510442,510514,2,95.884
1780765455.916,265.444,510442,510514,2,115.021
1780765455.968,265.497,510442,510514,2,229.929
1780765456.024,265.553,510442,510514,2,266.189
1780765456.077,265.606,510442,510514,2,378.084
1780765456.134,265.663,510442,510514,2,174.503
1780765456.187,265.716,510442,510514,2,305.715
1780765456.240,265.769,510442,510514,2,376.187
1780765456.296,265.825,510442,510514,2,124.877
1780765456.348,265.877,510442,510514,2,114.800
1780765456.400,265.929,510442,510514,2,96.079
1780765456.452,265.981,510442,510514,2,96.285
1780765456.505,266.033,510442,510514,2,95.204
1780765456.557,266.086,510442,510514,2,114.893
1780765456.609,266.138,510442,510514,2,95.944
1780765456.661,266.190,510442,510514,2,95.936
1780765456.713,266.242,510442,510514,2,95.594
1780765456.766,266.295,510442,510514,2,95.551
1780765456.818,266.347,510442,510514,2,114.893
1780765456.870,266.399,510442,510514,2,95.919
1780765456.923,266.451,510442,510514,2,95.284
1780765456.975,266.504,510442,510514,2,94.968
1780765457.028,266.557,510442,510514,2,95.197
1780765457.080,266.609,510442,510514,2,114.619
1780765457.132,266.661,510442,510514,2,95.972
1780765457.184,266.713,510442,510514,2,95.716
1780765457.237,266.765,510442,510514,2,115.033
1780765457.289,266.818,510442,510514,2,95.361
1780765457.341,266.870,510442,510514,2,95.489
1780765457.394,266.922,510442,510514,2,95.770
1780765457.446,266.975,510442,510514,2,95.751
1780765457.498,267.027,510442,510514,2,114.348
1780765457.551,267.079,510442,510514,2,95.570
1780765457.603,267.132,510442,510514,2,95.659
1780765457.655,267.184,510442,510514,2,95.682
1780765457.707,267.236,510442,510514,2,95.583
1780765457.760,267.289,510442,510514,2,114.622
1780765457.812,267.341,510442,510514,2,95.580
1780765457.864,267.393,510442,510514,2,95.884
1780765457.917,267.445,510442,510514,2,114.621
1780765457.969,267.498,510442,510514,2,95.424
1780765458.021,267.550,510442,510514,2,95.463
1780765458.074,267.603,510442,510514,2,95.232
1780765458.126,267.655,510442,510514,2,95.417
1780765458.179,267.707,510442,510514,2,114.599
1780765458.231,267.760,510442,510514,2,95.666
1780765458.283,267.812,510442,510514,2,95.536
1780765458.336,267.864,510442,510514,2,95.642
1780765458.388,267.916,510442,510514,2,95.936
1780765458.440,267.969,510442,510514,2,115.196
1780765458.492,268.021,510442,510514,2,95.565
1780765458.544,268.073,510442,510514,2,95.461
1780765458.597,268.126,510442,510514,2,114.634
1780765458.649,268.178,510442,510514,2,95.778
1780765458.701,268.230,510442,510514,2,95.442
1780765458.754,268.282,510442,510514,2,95.831
1780765458.806,268.335,510442,510514,2,95.675
1780765458.858,268.387,510442,510514,2,115.298
1780765458.910,268.439,510442,510514,2,95.926
1780765458.962,268.491,510442,510514,2,95.808
1780765459.033,268.562,510442,510514,2,99.098
1780765459.085,268.614,510442,510514,2,95.869
1780765459.137,268.666,510442,510514,2,115.393
1780765459.189,268.718,510442,510514,2,96.229
1780765459.241,268.770,510442,510514,2,96.137
1780765459.293,268.822,510442,510514,2,95.764
1780765459.345,268.874,510442,510514,2,95.929
1780765459.397,268.926,510442,510514,2,115.445
1780765459.449,268.978,510442,510514,2,96.253
1780765459.501,269.030,510442,510514,2,95.556
1780765459.554,269.082,510442,510514,2,95.954
1780765459.606,269.134,510442,510514,2,95.986
1780765459.658,269.187,510442,510514,2,96.078
1780765459.710,269.239,510442,510514,2,115.109
1780765459.762,269.291,510442,510514,2,96.026
1780765459.814,269.343,510442,510514,2,96.096
1780765459.866,269.395,510442,510514,2,96.129
1780765459.918,269.447,510442,510514,2,95.996
1780765459.970,269.499,510442,510514,2,114.746
1780765460.023,269.551,510442,510514,2,95.571
1780765460.075,269.604,510442,510514,2,95.999
1780765460.127,269.656,510442,510514,2,96.074
1780765460.179,269.708,510442,510514,2,96.000
1780765460.231,269.760,510442,510514,2,210.591
1780765460.284,269.813,510442,510514,2,264.150
1780765460.340,269.869,510442,510514,2,392.299
1780765460.393,269.922,510442,510514,2,188.055
1780765460.448,269.977,510442,510514,2,292.112
1780765460.502,270.031,510442,510514,2,388.615
1780765460.555,270.084,510442,510514,2,113.722
1780765460.607,270.136,510442,510514,2,114.901
1780765460.659,270.188,510442,510514,2,96.032
1780765460.711,270.240,510442,510514,2,95.813
1780765460.765,270.294,510442,510514,2,111.033
1780765460.818,270.346,510442,510514,2,95.874
1780765460.870,270.399,510442,510514,2,95.602
1780765460.922,270.451,510442,510514,2,95.069
1780765460.975,270.504,510442,510514,2,95.123
1780765461.028,270.556,510442,510514,2,114.213
1780765461.080,270.609,510442,510514,2,95.497
1780765461.132,270.661,510442,510514,2,95.924
1780765461.184,270.713,510442,510514,2,114.805
1780765461.237,270.765,510442,510514,2,95.466
1780765461.289,270.818,510442,510514,2,95.347
1780765461.341,270.870,510442,510514,2,95.441
1780765461.394,270.923,510442,510514,2,95.394
1780765461.446,270.975,510442,510514,2,114.724
1780765461.499,271.027,510442,510514,2,95.349
1780765461.551,271.080,510442,510514,2,95.460
1780765461.603,271.132,510442,510514,2,95.726
1780765461.656,271.184,510442,510514,2,95.577
1780765461.708,271.237,510442,510514,2,114.447
1780765461.760,271.289,510442,510514,2,95.432
1780765461.813,271.341,510442,510514,2,95.753
1780765461.865,271.394,510442,510514,2,114.775
1780765461.917,271.446,510442,510514,2,95.542
1780765461.970,271.499,510442,510514,2,95.239
1780765462.022,271.551,510442,510514,2,95.117
1780765462.075,271.604,510442,510514,2,95.134
1780765462.127,271.656,510442,510514,2,114.844
1780765462.179,271.708,510442,510514,2,95.676
1780765462.232,271.761,510442,510514,2,95.393
1780765462.284,271.813,510442,510514,2,114.362
1780765462.337,271.865,510442,510514,2,95.360
1780765462.389,271.918,510442,510514,2,95.592
1780765462.441,271.970,510442,510514,2,95.690
1780765462.494,272.023,510442,510514,2,94.951
1780765462.546,272.075,510442,510514,2,114.341
1780765462.599,272.128,510442,510514,2,95.010
1780765462.651,272.180,510442,510514,2,95.296
1780765462.704,272.233,510442,510514,2,95.540
1780765462.756,272.285,510442,510514,2,114.946
1780765462.808,272.337,510442,510514,2,95.358
1780765462.861,272.389,510442,510514,2,95.690
1780765462.914,272.442,510442,510514,2,94.362
1780765462.966,272.495,510442,510514,2,114.456
1780765463.019,272.547,510442,510514,2,95.147
1780765463.071,272.600,510442,510514,2,95.575
1780765463.123,272.652,510442,510514,2,95.499
1780765463.176,272.704,510442,510514,2,95.707
1780765463.228,272.757,510442,510514,2,114.932
1780765463.280,272.809,510442,510514,2,95.467
1780765463.332,272.861,510442,510514,2,95.547
1780765463.385,272.913,510442,510514,2,115.149
1780765463.437,272.966,510442,510514,2,95.905
1780765463.489,273.018,510442,510514,2,95.855
1780765463.541,273.070,510442,510514,2,95.681
1780765463.593,273.122,510442,510514,2,95.588
1780765463.646,273.174,510442,510514,2,114.867
1780765463.698,273.227,510442,510514,2,95.703
1780765463.750,273.279,510442,510514,2,95.846
1780765463.802,273.331,510442,510514,2,95.575
1780765463.855,273.383,510442,510514,2,95.746
1780765463.907,273.436,510442,510514,2,114.796
1780765463.959,273.488,510442,510514,2,95.599
1780765464.012,273.541,510442,510514,2,95.123
1780765464.064,273.593,510442,510514,2,95.708
1780765464.116,273.645,510442,510514,2,115.028
1780765464.168,273.697,510442,510514,2,95.516
1780765464.221,273.749,510442,510514,2,95.794
1780765464.273,273.802,510442,510514,2,95.669
1780765464.325,273.854,510442,510514,2,114.530
1780765464.378,273.907,510442,510514,2,95.486
1780765464.430,273.959,510442,510514,2,95.625
1780765464.482,274.011,510442,510514,2,229.568
1780765464.535,274.064,510442,510514,2,244.675
1780765464.592,274.121,510442,510514,2,405.170
1780765464.645,274.174,510442,510514,2,169.541
1780765464.700,274.229,510442,510514,2,309.570
1780765464.753,274.282,510442,510514,2,375.809
1780765464.808,274.337,510442,510514,2,127.824
1780765464.860,274.389,510442,510514,2,95.868
1780765464.912,274.441,510442,510514,2,95.968
1780765464.965,274.494,510442,510514,2,94.306
1780765465.019,274.548,510442,510514,2,93.271
1780765465.071,274.600,510442,510514,2,95.771
1780765465.123,274.652,510442,510514,2,114.827
1780765465.176,274.704,510442,510514,2,95.868
1780765465.228,274.757,510442,510514,2,95.932
1780765465.280,274.809,510442,510514,2,114.793
1780765465.332,274.861,510442,510514,2,95.599
1780765465.384,274.913,510442,510514,2,95.837
1780765465.437,274.965,510442,510514,2,96.097
1780765465.489,275.018,510442,510514,2,95.756
1780765465.541,275.070,510442,510514,2,114.709
1780765465.593,275.122,510442,510514,2,95.751
1780765465.645,275.174,510442,510514,2,95.957
1780765465.698,275.226,510442,510514,2,95.583
1780765465.750,275.279,510442,510514,2,95.677
1780765465.802,275.331,510442,510514,2,114.938
1780765465.854,275.383,510442,510514,2,95.522
1780765465.907,275.436,510442,510514,2,95.402
1780765465.959,275.488,510442,510514,2,95.414
1780765466.012,275.541,510442,510514,2,113.735
1780765466.064,275.593,510442,510514,2,95.421
1780765466.117,275.646,510442,510514,2,95.455
1780765466.169,275.698,510442,510514,2,95.742
1780765466.221,275.750,510442,510514,2,114.835
1780765466.274,275.802,510442,510514,2,95.606
1780765466.326,275.855,510442,510514,2,95.527
1780765466.378,275.907,510442,510514,2,95.741
1780765466.431,275.959,510442,510514,2,95.501
1780765466.483,276.012,510442,510514,2,114.723
1780765466.535,276.064,510442,510514,2,95.273
1780765466.588,276.116,510442,510514,2,95.581
1780765466.640,276.169,510442,510514,2,95.800
1780765466.692,276.221,510442,510514,2,114.608
1780765466.744,276.273,510442,510514,2,95.637
1780765466.797,276.326,510442,510514,2,95.502
1780765466.849,276.378,510442,510514,2,95.783
1780765466.901,276.430,510442,510514,2,114.569
1780765466.954,276.483,510442,510514,2,95.486
1780765467.006,276.535,510442,510514,2,94.951
1780765467.059,276.588,510442,510514,2,95.424
1780765467.111,276.640,510442,510514,2,95.488
1780765467.163,276.692,510442,510514,2,114.892
1780765467.216,276.744,510442,510514,2,95.781
1780765467.268,276.797,510442,510514,2,95.547
1780765467.320,276.849,510442,510514,2,114.576
1780765467.373,276.901,510442,510514,2,95.678
1780765467.425,276.954,510442,510514,2,95.661
1780765467.477,277.006,510442,510514,2,95.713
1780765467.529,277.058,510442,510514,2,95.315
1780765467.582,277.111,510442,510514,2,114.926
1780765467.634,277.163,510442,510514,2,95.747
1780765467.686,277.215,510442,510514,2,95.843
1780765467.738,277.267,510442,510514,2,95.590
1780765467.791,277.320,510442,510514,2,95.486
1780765467.843,277.372,510442,510514,2,114.622
1780765467.895,277.424,510442,510514,2,95.494
1780765467.948,277.477,510442,510514,2,95.585
1780765468.000,277.529,510442,510514,2,113.888
1780765468.053,277.582,510442,510514,2,95.266
1780765468.105,277.634,510442,510514,2,95.680
1780765468.157,277.686,510442,510514,2,95.794
1780765468.210,277.738,510442,510514,2,95.783
1780765468.262,277.791,510442,510514,2,115.135
1780765468.314,277.843,510442,510514,2,95.671
1780765468.366,277.895,510442,510514,2,95.574
1780765468.419,277.948,510442,510514,2,95.323
1780765468.471,278.000,510442,510514,2,95.605
1780765468.524,278.052,510442,510514,2,114.300
1780765468.576,278.105,510442,510514,2,95.567
1780765468.628,278.157,510442,510514,2,95.405
1780765468.681,278.209,510442,510514,2,114.687
1780765468.736,278.265,510442,510514,2,251.955
1780765468.789,278.318,510442,510514,2,245.127
1780765468.846,278.375,510442,510514,2,384.280
1780765468.900,278.428,510442,510514,2,150.269
1780765468.952,278.481,510442,510514,2,362.836
1780765469.009,278.538,510442,510514,2,348.528
1780765469.061,278.590,510442,510514,2,96.014
1780765469.114,278.642,510442,510514,2,96.070
1780765469.165,278.694,510442,510514,2,96.316
1780765469.217,278.746,510442,510514,2,96.381
1780765469.270,278.798,510442,510514,2,95.809
1780765469.322,278.851,510442,510514,2,114.611
1780765469.374,278.903,510442,510514,2,95.941
1780765469.426,278.955,510442,510514,2,95.922
1780765469.478,279.007,510442,510514,2,95.897
1780765469.531,279.059,510442,510514,2,95.574
1780765469.583,279.112,510442,510514,2,114.887
1780765469.635,279.164,510442,510514,2,95.846
1780765469.687,279.216,510442,510514,2,95.682
1780765469.739,279.268,510442,510514,2,95.656
1780765469.792,279.321,510442,510514,2,95.639
1780765469.844,279.373,510442,510514,2,114.970
1780765469.896,279.425,510442,510514,2,95.554
1780765469.949,279.477,510442,510514,2,95.519
1780765470.001,279.530,510442,510514,2,114.075
1780765470.054,279.582,510442,510514,2,95.313
1780765470.106,279.635,510442,510514,2,95.490
1780765470.158,279.687,510442,510514,2,95.544
1780765470.211,279.739,510442,510514,2,95.625
1780765470.263,279.792,510442,510514,2,114.543
1780765470.315,279.844,510442,510514,2,95.405
1780765470.368,279.897,510442,510514,2,94.896
1780765470.421,279.949,510442,510514,2,114.535
1780765470.473,280.002,510442,510514,2,95.016
1780765470.526,280.054,510442,510514,2,95.173
1780765470.578,280.107,510442,510514,2,95.137
1780765470.631,280.159,510442,510514,2,114.630
1780765470.683,280.212,510442,510514,2,95.745
1780765470.735,280.264,510442,510514,2,95.413
1780765470.788,280.316,510442,510514,2,95.408
1780765470.840,280.369,510442,510514,2,95.468
1780765470.892,280.421,510442,510514,2,114.657
1780765470.945,280.474,510442,510514,2,95.456
1780765470.997,280.526,510442,510514,2,95.068
1780765471.050,280.579,510442,510514,2,114.442
1780765471.102,280.631,510442,510514,2,95.499
1780765471.154,280.683,510442,510514,2,95.695
1780765471.207,280.735,510442,510514,2,95.791
1780765471.259,280.788,510442,510514,2,95.726
1780765471.311,280.840,510442,510514,2,114.501
1780765471.363,280.892,510442,510514,2,95.609
1780765471.416,280.944,510442,510514,2,95.737
1780765471.468,280.997,510442,510514,2,95.703
1780765471.520,281.049,510442,510514,2,114.594
1780765471.573,281.101,510442,510514,2,95.668
1780765471.625,281.154,510442,510514,2,95.710
1780765471.677,281.206,510442,510514,2,95.836
1780765471.729,281.258,510442,510514,2,114.850
1780765471.782,281.310,510442,510514,2,95.572
1780765471.834,281.363,510442,510514,2,95.803
1780765471.886,281.415,510442,510514,2,95.794
1780765471.938,281.467,510442,510514,2,95.389
1780765471.991,281.520,510442,510514,2,114.177
1780765472.043,281.572,510442,510514,2,95.514
1780765472.096,281.624,510442,510514,2,95.545
1780765472.148,281.677,510442,510514,2,95.625
1780765472.200,281.729,510442,510514,2,114.920
1780765472.252,281.781,510442,510514,2,95.560
1780765472.305,281.833,510442,510514,2,95.638
1780765472.357,281.886,510442,510514,2,95.650
1780765472.409,281.938,510442,510514,2,115.070
1780765472.461,281.990,510442,510514,2,95.855
1780765472.513,282.042,510442,510514,2,95.656
1780765472.566,282.095,510442,510514,2,95.678
1780765472.618,282.147,510442,510514,2,95.877
1780765472.670,282.199,510442,510514,2,114.868
1780765472.723,282.251,510442,510514,2,95.474
1780765472.775,282.304,510442,510514,2,95.537
1780765472.827,282.356,510442,510514,2,95.660
1780765472.879,282.408,510442,510514,2,95.663
1780765472.932,282.461,510442,510514,2,95.267
1780765472.988,282.517,510442,510514,2,248.783
1780765473.041,282.570,510442,510514,2,207.360
1780765473.094,282.623,510442,510514,2,94.399
1780765473.149,282.678,510442,510514,2,109.401
1780765473.201,282.730,510442,510514,2,95.730
1780765473.253,282.782,510442,510514,2,95.908
1780765473.306,282.835,510442,510514,2,95.443
1780765473.358,282.887,510442,510514,2,114.669
1780765473.410,282.939,510442,510514,2,95.810
1780765473.463,282.991,510442,510514,2,95.699
1780765473.516,283.045,510442,510514,2,111.687
1780765473.568,283.097,510442,510514,2,95.933
1780765473.621,283.149,510442,510514,2,95.831
1780765473.673,283.202,510442,510514,2,95.757
1780765473.725,283.254,510442,510514,2,95.720
1780765473.777,283.306,510442,510514,2,114.597
1780765473.829,283.358,510442,510514,2,96.318
1780765473.881,283.410,510442,510514,2,96.361
1780765473.934,283.463,510442,510514,2,94.354
1780765473.987,283.515,510442,510514,2,95.272
1780765474.040,283.569,510442,510514,2,111.878
1780765474.093,283.621,510442,510514,2,95.544
1780765474.145,283.673,510442,510514,2,96.129
1780765474.197,283.726,510442,510514,2,114.184
1780765474.249,283.778,510442,510514,2,96.235
1780765474.304,283.833,510442,510514,2,308.667
1780765474.357,283.886,510442,510514,2,263.757
1780765474.414,283.942,510442,510514,2,106.347
1780765474.466,283.994,510442,510514,2,96.213
1780765474.518,284.047,510442,510514,2,115.060
1780765474.575,284.104,510442,510514,2,383.495
1780765474.629,284.158,510442,510514,2,278.166
1780765474.681,284.210,510442,510514,2,95.726
1780765474.733,284.262,510442,510514,2,96.018
1780765474.786,284.314,510442,510514,2,95.826
1780765474.840,284.368,510442,510514,2,92.357
1780765474.895,284.424,510442,510514,2,108.796
1780765474.947,284.476,510442,510514,2,95.838
1780765474.999,284.528,510442,510514,2,95.499
1780765475.052,284.581,510442,510514,2,95.486
1780765475.104,284.633,510442,510514,2,95.770
1780765475.156,284.685,510442,510514,2,115.076
1780765475.208,284.737,510442,510514,2,96.221
1780765475.260,284.789,510442,510514,2,115.104
1780765475.312,284.841,510442,510514,2,95.771
1780765475.365,284.893,510442,510514,2,95.808
1780765475.417,284.946,510442,510514,2,95.575
1780765475.469,284.998,510442,510514,2,95.849
1780765475.521,285.050,510442,510514,2,114.467
1780765475.574,285.102,510442,510514,2,95.760
1780765475.626,285.155,510442,510514,2,95.878
1780765475.678,285.207,510442,510514,2,95.977
1780765475.730,285.259,510442,510514,2,95.467
1780765475.783,285.312,510442,510514,2,114.383
1780765475.835,285.364,510442,510514,2,95.506
1780765475.887,285.416,510442,510514,2,95.633
1780765475.940,285.469,510442,510514,2,95.371
1780765475.992,285.521,510442,510514,2,114.037
1780765476.045,285.574,510442,510514,2,95.534
1780765476.097,285.626,510442,510514,2,95.808
1780765476.149,285.678,510442,510514,2,95.747
1780765476.201,285.730,510442,510514,2,114.858
1780765476.254,285.782,510442,510514,2,95.761
1780765476.306,285.835,510442,510514,2,95.537
1780765476.358,285.887,510442,510514,2,95.436
1780765476.411,285.939,510442,510514,2,95.681
1780765476.463,285.992,510442,510514,2,114.827
1780765476.515,286.044,510442,510514,2,95.542
1780765476.568,286.096,510442,510514,2,95.412
1780765476.620,286.149,510442,510514,2,95.569
1780765476.672,286.201,510442,510514,2,114.794
1780765476.724,286.253,510442,510514,2,95.709
1780765476.777,286.306,510442,510514,2,95.668
1780765476.829,286.358,510442,510514,2,95.689
1780765476.881,286.410,510442,510514,2,114.913
1780765476.933,286.462,510442,510514,2,95.597
1780765476.986,286.514,510442,510514,2,95.861
1780765477.038,286.567,510442,510514,2,95.971
1780765477.090,286.619,510442,510514,2,96.166
1780765477.142,286.671,510442,510514,2,115.230
1780765477.194,286.723,510442,510514,2,95.952
1780765477.246,286.775,510442,510514,2,95.992
1780765477.298,286.827,510442,510514,2,95.547
1780765477.351,286.879,510442,510514,2,95.480
1780765477.403,286.932,510442,510514,2,114.762
1780765477.455,286.984,510442,510514,2,95.795
1780765477.507,287.036,510442,510514,2,95.688
1780765477.560,287.089,510442,510514,2,95.610
1780765477.612,287.141,510442,510514,2,114.688
1780765477.664,287.193,510442,510514,2,95.710
1780765477.717,287.245,510442,510514,2,95.685
1780765477.769,287.298,510442,510514,2,95.795
1780765477.821,287.350,510442,510514,2,114.713
1780765477.873,287.402,510442,510514,2,95.916
1780765477.925,287.454,510442,510514,2,95.683
1780765477.978,287.507,510442,510514,2,95.375
1780765478.030,287.559,510442,510514,2,95.414
1780765478.083,287.611,510442,510514,2,114.653
1780765478.135,287.664,510442,510514,2,95.704
1780765478.187,287.716,510442,510514,2,95.935
1780765478.239,287.768,510442,510514,2,95.868
1780765478.291,287.820,510442,510514,2,95.560
1780765478.344,287.873,510442,510514,2,114.514
1780765478.396,287.925,510442,510514,2,95.875
1780765478.448,287.977,510442,510514,2,95.826
1780765478.501,288.029,510442,510514,2,114.251
1780765478.556,288.085,510442,510514,2,198.136
1780765478.609,288.138,510442,510514,2,244.771
1780765478.666,288.195,510442,510514,2,384.587
1780765478.719,288.248,510442,510514,2,188.908
1780765478.772,288.301,510442,510514,2,324.030
1780765478.826,288.355,510442,510514,2,367.052
1780765478.879,288.407,510442,510514,2,95.719
1780765478.931,288.459,510442,510514,2,115.226
1780765478.983,288.512,510442,510514,2,95.851
1780765479.035,288.564,510442,510514,2,96.265
1780765479.087,288.616,510442,510514,2,96.086
1780765479.139,288.668,510442,510514,2,95.815
1780765479.191,288.720,510442,510514,2,95.878
1780765479.243,288.772,510442,510514,2,95.808
1780765479.296,288.824,510442,510514,2,114.593
1780765479.348,288.877,510442,510514,2,95.585
1780765479.400,288.929,510442,510514,2,95.804
1780765479.452,288.981,510442,510514,2,115.136
1780765479.505,289.033,510442,510514,2,95.709
1780765479.557,289.086,510442,510514,2,95.552
1780765479.609,289.138,510442,510514,2,95.623
1780765479.661,289.190,510442,510514,2,95.727
1780765479.714,289.242,510442,510514,2,114.763
1780765479.766,289.295,510442,510514,2,95.726
1780765479.818,289.347,510442,510514,2,95.341
1780765479.871,289.399,510442,510514,2,95.547
1780765479.923,289.452,510442,510514,2,95.345
1780765479.976,289.505,510442,510514,2,114.011
1780765480.028,289.557,510442,510514,2,94.809
1780765480.081,289.610,510442,510514,2,95.265
1780765480.133,289.662,510442,510514,2,114.576
1780765480.186,289.714,510442,510514,2,95.714
1780765480.238,289.767,510442,510514,2,95.587
1780765480.290,289.819,510442,510514,2,95.380
1780765480.343,289.872,510442,510514,2,95.388
1780765480.395,289.924,510442,510514,2,114.813
1780765480.447,289.976,510442,510514,2,95.782
1780765480.500,290.028,510442,510514,2,95.267
1780765480.552,290.081,510442,510514,2,114.096
1780765480.604,290.133,510442,510514,2,95.814
1780765480.657,290.185,510442,510514,2,95.975
1780765480.709,290.238,510442,510514,2,95.844
1780765480.761,290.290,510442,510514,2,95.746
1780765480.813,290.342,510442,510514,2,114.700
1780765480.865,290.394,510442,510514,2,95.718
1780765480.918,290.447,510442,510514,2,95.606
1780765480.970,290.499,510442,510514,2,95.628
1780765481.022,290.551,510442,510514,2,95.483
1780765481.075,290.603,510442,510514,2,115.008
1780765481.127,290.656,510442,510514,2,95.754
1780765481.179,290.708,510442,510514,2,95.938
1780765481.231,290.760,510442,510514,2,96.191
1780765481.283,290.812,510442,510514,2,96.129
1780765481.335,290.864,510442,510514,2,114.924
1780765481.387,290.916,510442,510514,2,95.977
1780765481.439,290.968,510442,510514,2,95.774
1780765481.492,291.020,510442,510514,2,95.744
1780765481.544,291.073,510442,510514,2,114.539
1780765481.596,291.125,510442,510514,2,95.813
1780765481.648,291.177,510442,510514,2,95.936
1780765481.700,291.229,510442,510514,2,95.948
1780765481.753,291.281,510442,510514,2,114.856
1780765481.805,291.334,510442,510514,2,95.547
1780765481.857,291.386,510442,510514,2,95.731
1780765481.909,291.438,510442,510514,2,95.787
1780765481.962,291.491,510442,510514,2,95.686
1780765482.014,291.543,510442,510514,2,113.768
1780765482.067,291.596,510442,510514,2,95.378
1780765482.119,291.648,510442,510514,2,95.510
1780765482.172,291.700,510442,510514,2,95.609
1780765482.224,291.753,510442,510514,2,95.637
1780765482.276,291.805,510442,510514,2,114.986
1780765482.328,291.857,510442,510514,2,95.234
1780765482.381,291.909,510442,510514,2,95.794
1780765482.433,291.962,510442,510514,2,115.129
1780765482.485,292.014,510442,510514,2,95.907
1780765482.537,292.066,510442,510514,2,95.462
1780765482.589,292.118,510442,510514,2,95.858
1780765482.642,292.170,510442,510514,2,95.923
1780765482.694,292.223,510442,510514,2,172.508
1780765482.747,292.276,510442,510514,2,282.272
1780765482.804,292.333,510442,510514,2,331.790
1780765482.857,292.386,510442,510514,2,245.311
1780765482.912,292.440,510442,510514,2,275.448
1780765482.968,292.497,510442,510514,2,389.838
1780765483.021,292.550,510442,510514,2,112.348
1780765483.074,292.603,510442,510514,2,94.257
1780765483.127,292.656,510442,510514,2,113.498
1780765483.179,292.708,510442,510514,2,96.315
1780765483.231,292.760,510442,510514,2,96.124
1780765483.283,292.812,510442,510514,2,95.891
1780765483.336,292.865,510442,510514,2,95.583
1780765483.388,292.917,510442,510514,2,115.051
1780765483.440,292.969,510442,510514,2,95.915
1780765483.492,293.021,510442,510514,2,95.268
1780765483.545,293.074,510442,510514,2,114.565
1780765483.597,293.126,510442,510514,2,95.528
1780765483.649,293.178,510442,510514,2,95.691
1780765483.702,293.230,510442,510514,2,95.749
1780765483.754,293.283,510442,510514,2,95.418
1780765483.807,293.335,510442,510514,2,114.460
1780765483.859,293.388,510442,510514,2,95.618
1780765483.911,293.440,510442,510514,2,95.577
1780765483.964,293.492,510442,510514,2,95.357
1780765484.016,293.545,510442,510514,2,113.384
1780765484.069,293.598,510442,510514,2,95.579
1780765484.121,293.650,510442,510514,2,95.596
1780765484.173,293.702,510442,510514,2,95.642
1780765484.226,293.754,510442,510514,2,114.735
1780765484.278,293.807,510442,510514,2,95.812
1780765484.330,293.859,510442,510514,2,95.236
1780765484.383,293.911,510442,510514,2,95.514
1780765484.435,293.964,510442,510514,2,95.624
1780765484.487,294.016,510442,510514,2,114.899
1780765484.540,294.068,510442,510514,2,95.292
1780765484.592,294.121,510442,510514,2,95.792
1780765484.644,294.173,510442,510514,2,114.796
1780765484.696,294.225,510442,510514,2,95.699
1780765484.749,294.277,510442,510514,2,95.603
1780765484.801,294.330,510442,510514,2,95.415
1780765484.853,294.382,510442,510514,2,95.714
1780765484.906,294.434,510442,510514,2,114.827
1780765484.958,294.487,510442,510514,2,95.457
1780765485.010,294.539,510442,510514,2,95.500
1780765485.063,294.591,510442,510514,2,95.759
1780765485.115,294.643,510442,510514,2,95.946
1780765485.167,294.696,510442,510514,2,115.136
1780765485.219,294.748,510442,510514,2,95.874
1780765485.271,294.800,510442,510514,2,95.957
1780765485.323,294.852,510442,510514,2,95.412
1780765485.376,294.905,510442,510514,2,95.323
1780765485.428,294.957,510442,510514,2,114.798
1780765485.480,295.009,510442,510514,2,95.533
1780765485.533,295.062,510442,510514,2,95.447
1780765485.592,295.121,510442,510514,2,100.947
1780765485.644,295.173,510442,510514,2,114.912
1780765485.697,295.225,510442,510514,2,95.869
1780765485.749,295.278,510442,510514,2,95.625
1780765485.801,295.330,510442,510514,2,95.692
1780765485.853,295.382,510442,510514,2,95.840
1780765485.905,295.434,510442,510514,2,115.101
1780765485.958,295.487,510442,510514,2,95.582
1780765486.010,295.539,510442,510514,2,94.925
1780765486.063,295.592,510442,510514,2,95.061
1780765486.115,295.644,510442,510514,2,95.581
1780765486.168,295.696,510442,510514,2,114.895
1780765486.220,295.749,510442,510514,2,95.837
1780765486.272,295.801,510442,510514,2,95.940
1780765486.324,295.853,510442,510514,2,114.628
1780765486.377,295.905,510442,510514,2,95.614
1780765486.429,295.957,510442,510514,2,95.945
1780765486.481,296.010,510442,510514,2,95.410
1780765486.533,296.062,510442,510514,2,95.516
1780765486.586,296.115,510442,510514,2,114.219
1780765486.638,296.167,510442,510514,2,95.725
1780765486.690,296.219,510442,510514,2,95.909
1780765486.743,296.271,510442,510514,2,95.668
1780765486.795,296.324,510442,510514,2,95.466
1780765486.847,296.376,510442,510514,2,114.518
1780765486.900,296.428,510442,510514,2,172.260
1780765486.953,296.482,510442,510514,2,263.385
1780765487.008,296.537,510442,510514,2,378.920
1780765487.061,296.590,510442,510514,2,226.373
1780765487.114,296.642,510442,510514,2,323.852
1780765487.172,296.700,510442,510514,2,362.188
1780765487.224,296.753,510442,510514,2,95.617
1780765487.276,296.805,510442,510514,2,115.155
1780765487.328,296.857,510442,510514,2,96.122
1780765487.380,296.909,510442,510514,2,96.177
1780765487.432,296.961,510442,510514,2,96.084
1780765487.484,297.013,510442,510514,2,114.912
1780765487.537,297.065,510442,510514,2,95.529
1780765487.589,297.118,510442,510514,2,95.521
1780765487.641,297.170,510442,510514,2,95.744
1780765487.693,297.222,510442,510514,2,95.778
1780765487.746,297.275,510442,510514,2,114.481
1780765487.798,297.327,510442,510514,2,95.790
1780765487.850,297.379,510442,510514,2,95.691
1780765487.903,297.431,510442,510514,2,95.408
1780765487.955,297.484,510442,510514,2,95.079
1780765488.008,297.537,510442,510514,2,114.023
1780765488.060,297.589,510442,510514,2,95.324
1780765488.113,297.642,510442,510514,2,95.356
1780765488.165,297.694,510442,510514,2,114.686
1780765488.217,297.746,510442,510514,2,95.868
1780765488.269,297.798,510442,510514,2,95.873
1780765488.322,297.851,510442,510514,2,95.514
1780765488.374,297.903,510442,510514,2,95.781
1780765488.426,297.955,510442,510514,2,115.235
1780765488.478,298.007,510442,510514,2,95.797
1780765488.531,298.060,510442,510514,2,95.116
1780765488.583,298.112,510442,510514,2,95.461
1780765488.636,298.164,510442,510514,2,95.249
1780765488.688,298.217,510442,510514,2,114.848
1780765488.740,298.269,510442,510514,2,95.537
1780765488.792,298.321,510442,510514,2,95.620
1780765488.845,298.374,510442,510514,2,114.961
1780765488.897,298.426,510442,510514,2,95.823
1780765488.949,298.478,510442,510514,2,95.619
1780765489.002,298.531,510442,510514,2,95.119
1780765489.054,298.583,510442,510514,2,95.144
1780765489.107,298.635,510442,510514,2,114.565
1780765489.159,298.688,510442,510514,2,95.365
1780765489.211,298.740,510442,510514,2,95.780
1780765489.264,298.792,510442,510514,2,95.614
1780765489.316,298.845,510442,510514,2,114.419
1780765489.368,298.897,510442,510514,2,95.460
1780765489.421,298.949,510442,510514,2,95.740
1780765489.473,299.002,510442,510514,2,95.782
1780765489.525,299.054,510442,510514,2,114.865
1780765489.577,299.106,510442,510514,2,95.532
1780765489.630,299.158,510442,510514,2,95.802
1780765489.682,299.211,510442,510514,2,95.716
1780765489.734,299.263,510442,510514,2,95.740
1780765489.786,299.315,510442,510514,2,114.663
1780765489.839,299.367,510442,510514,2,95.715
1780765489.891,299.420,510442,510514,2,95.830
1780765489.943,299.472,510442,510514,2,95.458
1780765489.996,299.524,510442,510514,2,95.365
1780765490.048,299.577,510442,510514,2,114.751
1780765490.100,299.629,510442,510514,2,95.954
1780765490.152,299.681,510442,510514,2,95.979
1780765490.204,299.733,510442,510514,2,115.254
1780765490.256,299.785,510442,510514,2,96.051
1780765490.308,299.837,510442,510514,2,95.805
1780765490.361,299.889,510442,510514,2,95.768
1780765490.413,299.941,510442,510514,2,96.055
1780765490.465,299.994,510442,510514,2,115.168
1780765490.517,300.046,510442,510514,2,95.888
1780765490.569,300.098,510442,510514,2,95.726
1780765490.621,300.150,510442,510514,2,95.550
1780765490.673,300.202,510442,510514,2,96.107
1780765490.726,300.254,510442,510514,2,115.244
1780765490.778,300.306,510442,510514,2,96.066
1780765490.830,300.358,510442,510514,2,96.031
1780765490.882,300.410,510442,510514,2,96.214
1780765490.934,300.463,510442,510514,2,95.803
1780765490.986,300.515,510442,510514,2,114.988
1780765491.038,300.567,510442,510514,2,95.528
1780765491.090,300.619,510442,510514,2,230.365
1780765491.143,300.672,510442,510514,2,245.371
1780765491.200,300.729,510442,510514,2,405.406
1780765491.253,300.782,510442,510514,2,150.803
1780765491.308,300.837,510442,510514,2,363.914
1780765491.362,300.891,510442,510514,2,297.904
1780765491.414,300.943,510442,510514,2,115.128
1780765491.466,300.995,510442,510514,2,96.269
1780765491.518,301.047,510442,510514,2,95.775
1780765491.570,301.099,510442,510514,2,96.225
1780765491.622,301.151,510442,510514,2,115.308
1780765491.674,301.203,510442,510514,2,95.900
1780765491.727,301.255,510442,510514,2,95.661
1780765491.779,301.308,510442,510514,2,95.778
1780765491.831,301.360,510442,510514,2,95.660
1780765491.883,301.412,510442,510514,2,114.942
1780765491.936,301.464,510442,510514,2,95.581
1780765491.988,301.517,510442,510514,2,95.541
1780765492.040,301.569,510442,510514,2,114.296
1780765492.093,301.621,510442,510514,2,95.614
1780765492.145,301.674,510442,510514,2,95.742
1780765492.197,301.726,510442,510514,2,95.933
1780765492.249,301.778,510442,510514,2,95.519
1780765492.302,301.830,510442,510514,2,95.744
1780765492.354,301.883,510442,510514,2,114.779
1780765492.406,301.935,510442,510514,2,95.762
1780765492.458,301.987,510442,510514,2,95.906
1780765492.510,302.039,510442,510514,2,95.697
1780765492.563,302.092,510442,510514,2,95.326
1780765492.615,302.144,510442,510514,2,115.017
1780765492.667,302.196,510442,510514,2,96.028
1780765492.719,302.248,510442,510514,2,95.857
1780765492.771,302.300,510442,510514,2,95.829
1780765492.824,302.352,510442,510514,2,95.720
1780765492.876,302.405,510442,510514,2,115.111
1780765492.928,302.457,510442,510514,2,95.633
1780765492.980,302.509,510442,510514,2,95.557
1780765493.033,302.561,510442,510514,2,114.862
1780765493.085,302.614,510442,510514,2,95.922
1780765493.137,302.666,510442,510514,2,95.747
1780765493.189,302.718,510442,510514,2,95.948
1780765493.241,302.770,510442,510514,2,96.070
1780765493.293,302.822,510442,510514,2,115.263
1780765493.345,302.874,510442,510514,2,95.639
1780765493.398,302.926,510442,510514,2,95.960
1780765493.450,302.978,510442,510514,2,96.196
1780765493.502,303.030,510442,510514,2,96.226
1780765493.554,303.083,510442,510514,2,114.806
1780765493.606,303.135,510442,510514,2,95.699
1780765493.658,303.187,510442,510514,2,95.918
1780765493.710,303.239,510442,510514,2,95.887
1780765493.762,303.291,510442,510514,2,95.922
1780765493.815,303.343,510442,510514,2,115.030
1780765493.867,303.396,510442,510514,2,95.951
1780765493.919,303.448,510442,510514,2,96.019
1780765493.971,303.500,510442,510514,2,95.691
1780765494.023,303.552,510442,510514,2,95.822
1780765494.076,303.604,510442,510514,2,114.558
1780765494.128,303.656,510442,510514,2,96.027
1780765494.180,303.709,510442,510514,2,95.959
1780765494.232,303.761,510442,510514,2,95.923
1780765494.284,303.813,510442,510514,2,96.007
1780765494.336,303.865,510442,510514,2,114.912
1780765494.388,303.917,510442,510514,2,96.129
1780765494.440,303.969,510442,510514,2,96.026
1780765494.493,304.021,510442,510514,2,114.795
1780765494.545,304.074,510442,510514,2,95.768
1780765494.597,304.126,510442,510514,2,95.566
1780765494.649,304.178,510442,510514,2,95.893
1780765494.701,304.230,510442,510514,2,115.223
1780765494.753,304.282,510442,510514,2,96.001
1780765494.806,304.334,510442,510514,2,95.611
1780765494.858,304.387,510442,510514,2,96.021
1780765494.910,304.439,510442,510514,2,96.160
1780765494.962,304.491,510442,510514,2,114.993
1780765495.014,304.543,510442,510514,2,95.661
1780765495.066,304.595,510442,510514,2,95.809
1780765495.118,304.647,510442,510514,2,96.141
1780765495.171,304.699,510442,510514,2,95.838
1780765495.223,304.751,510442,510514,2,115.115
1780765495.275,304.804,510442,510514,2,172.915
1780765495.332,304.861,510442,510514,2,295.743
1780765495.385,304.914,510442,510514,2,378.034
1780765495.438,304.967,510442,510514,2,188.380
1780765495.491,305.019,510442,510514,2,304.920
1780765495.544,305.073,510442,510514,2,395.207
1780765495.600,305.129,510442,510514,2,141.954
1780765495.652,305.181,510442,510514,2,95.695
1780765495.705,305.233,510442,510514,2,95.810
1780765495.757,305.286,510442,510514,2,95.780
1780765495.811,305.340,510442,510514,2,92.392
1780765495.863,305.392,510442,510514,2,95.131
1780765495.916,305.445,510442,510514,2,114.674
1780765495.968,305.497,510442,510514,2,94.973
1780765496.021,305.550,510442,510514,2,95.347
1780765496.073,305.602,510442,510514,2,114.377
1780765496.126,305.655,510442,510514,2,95.005
1780765496.178,305.707,510442,510514,2,95.867
1780765496.231,305.759,510442,510514,2,95.249
1780765496.283,305.812,510442,510514,2,95.390
1780765496.336,305.864,510442,510514,2,114.196
1780765496.388,305.917,510442,510514,2,95.343
1780765496.441,305.969,510442,510514,2,95.035
1780765496.493,306.022,510442,510514,2,114.623
1780765496.546,306.074,510442,510514,2,95.132
1780765496.598,306.127,510442,510514,2,95.333
1780765496.651,306.179,510442,510514,2,95.097
1780765496.703,306.232,510442,510514,2,95.262
1780765496.756,306.284,510442,510514,2,114.068
1780765496.808,306.337,510442,510514,2,95.172
1780765496.861,306.389,510442,510514,2,95.500
1780765496.913,306.442,510442,510514,2,114.553
1780765496.966,306.495,510442,510514,2,94.419
1780765497.019,306.547,510442,510514,2,94.736
1780765497.071,306.600,510442,510514,2,95.249
1780765497.124,306.652,510442,510514,2,95.445
1780765497.176,306.705,510442,510514,2,114.043
1780765497.229,306.757,510442,510514,2,95.267
1780765497.281,306.810,510442,510514,2,95.381
1780765497.334,306.862,510442,510514,2,114.320
1780765497.386,306.915,510442,510514,2,95.288
1780765497.439,306.967,510442,510514,2,95.126
1780765497.491,307.020,510442,510514,2,95.594
1780765497.543,307.072,510442,510514,2,95.181
1780765497.596,307.125,510442,510514,2,114.643
1780765497.648,307.177,510442,510514,2,95.576
1780765497.701,307.229,510442,510514,2,95.016
1780765497.753,307.282,510442,510514,2,114.520
1780765497.805,307.334,510442,510514,2,95.396
1780765497.858,307.387,510442,510514,2,95.441
1780765497.910,307.439,510442,510514,2,95.264
1780765497.963,307.492,510442,510514,2,95.185
1780765498.015,307.544,510442,510514,2,114.188
1780765498.068,307.597,510442,510514,2,95.057
1780765498.120,307.649,510442,510514,2,95.490
1780765498.173,307.702,510442,510514,2,114.277
1780765498.225,307.754,510442,510514,2,95.459
1780765498.278,307.806,510442,510514,2,95.468
1780765498.330,307.859,510442,510514,2,95.207
1780765498.383,307.911,510442,510514,2,95.389
1780765498.435,307.964,510442,510514,2,113.987
1780765498.488,308.016,510442,510514,2,95.537
1780765498.540,308.069,510442,510514,2,95.337
1780765498.592,308.121,510442,510514,2,114.493
1780765498.645,308.174,510442,510514,2,95.242
1780765498.697,308.226,510442,510514,2,95.466
1780765498.750,308.278,510442,510514,2,95.389
1780765498.802,308.331,510442,510514,2,95.514
1780765498.854,308.383,510442,510514,2,114.483
1780765498.907,308.436,510442,510514,2,95.538
1780765498.959,308.488,510442,510514,2,95.226
1780765499.012,308.541,510442,510514,2,95.182
1780765499.064,308.593,510442,510514,2,113.857
1780765499.117,308.646,510442,510514,2,95.534
1780765499.169,308.698,510442,510514,2,95.412
1780765499.222,308.750,510442,510514,2,95.487
1780765499.274,308.803,510442,510514,2,114.660
1780765499.326,308.855,510442,510514,2,95.158
1780765499.379,308.908,510442,510514,2,95.213
1780765499.432,308.960,510442,510514,2,95.147
1780765499.484,309.013,510442,510514,2,283.565
1780765499.543,309.072,510442,510514,2,152.555
1780765499.596,309.125,510442,510514,2,95.164
1780765499.648,309.177,510442,510514,2,114.451
1780765499.701,309.229,510442,510514,2,95.943
1780765499.753,309.282,510442,510514,2,95.823
1780765499.805,309.334,510442,510514,2,95.666
1780765499.857,309.386,510442,510514,2,95.811
1780765499.909,309.438,510442,510514,2,115.230
1780765499.961,309.490,510442,510514,2,96.211
1780765500.014,309.543,510442,510514,2,94.170
1780765500.066,309.595,510442,510514,2,19.314
1780765500.118,309.646,510442,510514,2,0.000
1780765500.169,309.698,510442,510514,2,0.000
1780765500.220,309.749,510442,510514,2,0.000
1780765500.271,309.800,510442,510514,2,0.000
1780765500.323,309.851,510442,510514,2,0.000
1780765500.374,309.903,510442,510514,2,0.000
1780765500.425,309.954,510442,510514,2,0.000
1780765500.476,310.005,510442,510514,2,0.000
1780765500.527,310.056,510442,510514,2,0.000
1780765500.579,310.107,510442,510514,2,0.000
1780765500.630,310.159,510442,510514,2,0.000
1780765500.737,310.266,510442,510514,2,0.000
1780765500.788,310.317,510442,510514,2,0.000
1780765500.839,310.368,510442,510514,2,0.000
1780765500.890,310.419,510442,510514,2,0.000
1780765500.941,310.470,510442,510514,2,0.000
1780765500.993,310.522,510442,510514,2,0.000
1780765501.044,310.573,510442,510514,0,39.039
1780765501.097,310.626,510442,510514,0,94.622
1780765501.149,310.678,510442,510514,0,95.591
1780765501.201,310.730,510442,510514,0,95.643
1780765501.254,310.783,510442,510514,0,94.936
1780765501.307,310.836,510442,510514,0,113.638
1780765501.360,310.888,510442,510514,0,94.780
1780765501.412,310.941,510442,510514,0,95.581
1780765501.464,310.993,510442,510514,0,95.438
1780765501.518,311.047,510442,510514,0,112.241
1780765501.570,311.099,510442,510514,0,38.318
1780765501.620,311.149,510442,510514,0,0.000
1780765501.671,311.199,510442,510514,0,0.000
1780765501.721,311.250,510442,510514,0,0.000
1780765501.771,311.300,510442,510514,0,0.000
1780765501.821,311.350,510442,510514,0,0.000
1780765501.872,311.400,510442,510514,0,0.000
1780765501.922,311.451,510442,510514,0,0.000
1780765501.972,311.501,510442,510514,0,0.000
1780765502.022,311.551,510442,510514,0,0.000
1780765502.073,311.602,510442,510514,0,0.000
1780765502.123,311.652,510442,510514,0,0.000
1780765502.173,311.702,510442,510514,0,0.000
1780765502.223,311.752,510442,510514,0,0.000
1780765502.274,311.803,510442,510514,0,0.000
1780765502.324,311.853,510442,510514,0,0.000
1780765502.374,311.903,510442,510514,0,0.000
1780765502.424,311.953,510442,510514,0,0.000
1780765502.475,312.004,510442,510514,0,0.000
1780765502.525,312.054,510442,510514,0,0.000
1780765502.575,312.104,510442,510514,0,0.000
1780765502.625,312.154,510442,510514,0,0.000
1780765502.676,312.205,510442,510514,0,0.000
1780765502.726,312.255,510442,510514,0,0.000
1780765502.776,312.305,510442,510514,0,0.000
1780765502.826,312.355,510442,510514,0,0.000
1780765502.877,312.406,510442,510514,0,0.000
1780765502.927,312.456,510442,510514,0,0.000
1780765502.977,312.506,510442,510514,0,0.000
1780765503.028,312.556,510442,510514,0,0.000
1780765503.078,312.607,510442,510514,0,0.000
1780765503.128,312.657,510442,510514,0,0.000
1780765503.178,312.707,510442,510514,0,0.000
1780765503.229,312.757,510442,510514,0,19.902
1780765503.279,312.808,510442,510514,0,0.000
1780765503.329,312.858,510442,510514,0,0.000
1780765503.379,312.908,510442,510514,0,0.000
1780765503.430,312.958,510442,510514,0,0.000
1780765503.480,313.009,510442,510514,0,0.000
1780765503.530,313.059,510442,510514,0,0.000
1780765503.580,313.109,510442,510514,0,0.000
1780765503.631,313.159,510442,510514,0,0.000
1780765503.681,313.210,510442,510514,0,0.000
1780765503.731,313.260,510442,510514,0,0.000
1780765503.781,313.310,510442,510514,0,0.000
1780765503.832,313.360,510442,510514,0,0.000
1780765503.882,313.411,510442,510514,0,0.000
1780765503.932,313.461,510442,510514,0,0.000
1780765503.982,313.511,510442,510514,0,0.000
1780765504.033,313.562,510442,510514,0,0.000
1780765504.083,313.612,510442,510514,0,0.000
1780765504.133,313.662,510442,510514,0,0.000
1780765504.183,313.712,510442,510514,0,0.000
1780765504.234,313.763,510442,510514,0,0.000
1780765504.284,313.813,510442,510514,0,0.000
1780765504.334,313.863,510442,510514,0,0.000
1780765504.384,313.913,510442,510514,0,0.000
1780765504.435,313.964,510442,510514,0,0.000
1780765504.485,314.014,510442,510514,0,0.000
1780765504.535,314.064,510442,510514,0,0.000
1780765504.586,314.114,510442,510514,0,0.000
1780765504.636,314.165,510442,510514,0,0.000
1780765504.686,314.215,510442,510514,0,0.000
1780765504.736,314.265,510442,510514,0,0.000
1780765504.787,314.315,510442,510514,0,0.000
1780765504.837,314.366,510442,510514,0,0.000
1780765504.887,314.416,510442,510514,0,0.000
1780765504.937,314.466,510442,510514,0,0.000
1780765504.988,314.517,510442,510514,0,0.000
1780765505.038,314.567,510442,510514,0,0.000
1780765505.089,314.618,510442,510514,0,0.000
1780765505.139,314.668,510442,510514,0,0.000
1780765505.190,314.719,510442,510514,0,0.000
1780765505.240,314.769,510442,510514,0,0.000
1780765505.290,314.819,510442,510514,0,0.000
1780765505.341,314.869,510442,510514,0,0.000
1780765505.391,314.920,510442,510514,0,0.000
1780765505.441,314.970,510442,510514,0,0.000
1780765505.491,315.020,510442,510514,0,0.000
1780765505.542,315.071,510442,510514,0,0.000
1780765505.594,315.123,510442,510514,0,38.333
1780765505.644,315.173,510442,510514,0,0.000
1780765530.404,339.933,510442,510514,0,0.000
1780765532.188,341.716,510442,510514,0,1.121
1780765532.238,341.767,510442,510514,0,0.000
1780765532.289,341.817,510442,510514,0,0.000
1780765532.339,341.868,510442,510514,0,0.000
1780765532.389,341.918,510442,510514,0,0.000
1780765532.440,341.968,510442,510514,0,0.000
1780765532.490,342.019,510442,510514,0,0.000
1780765532.540,342.069,510442,510514,0,0.000
1780765532.591,342.120,510442,510514,0,0.000
1780765532.641,342.170,510442,510514,0,0.000
1780765532.691,342.220,510442,510514,0,0.000
1780765532.742,342.271,510442,510514,0,0.000
1780765532.792,342.321,510442,510514,0,0.000
1780765532.843,342.371,510442,510514,0,0.000
1780765532.893,342.422,510442,510514,0,0.000
1780765532.943,342.472,510442,510514,0,0.000
1780765532.994,342.522,510442,510514,0,0.000
1780765533.044,342.573,510442,510514,0,0.000
1780765533.094,342.623,510442,510514,0,0.000
1780765533.145,342.674,510442,510514,0,0.000
1780765533.195,342.724,510442,510514,0,0.000
1780765533.245,342.774,510442,510514,0,0.000
1780765533.296,342.825,510442,510514,0,0.000
1780765533.346,342.875,510442,510514,0,0.000
1780765533.397,342.925,510442,510514,0,0.000
1780765533.447,342.976,510442,510514,0,0.000
1780765533.497,343.026,510442,510514,0,0.000
1780765533.548,343.076,510442,510514,0,0.000
1780765533.598,343.127,510442,510514,0,0.000
1780765533.648,343.177,510442,510514,0,0.000
1780765533.699,343.227,510442,510514,0,0.000
1780765533.749,343.278,510442,510514,0,0.000
1780765533.799,343.328,510442,510514,0,0.000
1780765533.850,343.379,510442,510514,0,0.000
1780765533.900,343.429,510442,510514,0,0.000
1780765533.950,343.479,510442,510514,0,0.000
1780765534.001,343.530,510442,510514,0,0.000
1780765534.051,343.580,510442,510514,0,0.000
1780765534.102,343.630,510442,510514,0,0.000
1780765534.152,343.681,510442,510514,0,0.000
1780765534.202,343.731,510442,510514,0,0.000
1780765534.253,343.782,510442,510514,0,0.000
1780765534.303,343.832,510442,510514,0,0.000
1780765534.354,343.882,510442,510514,0,0.000
1780765534.404,343.933,510442,510514,0,0.000
1780765534.454,343.983,510442,510514,0,0.000
1780765534.505,344.033,510442,510514,0,0.000
1780765534.555,344.084,510442,510514,0,0.000
1780765534.605,344.134,510442,510514,0,0.000
1780765534.656,344.185,510442,510514,0,0.000
1780765534.706,344.235,510442,510514,0,0.000
1780765534.756,344.285,510442,510514,0,0.000
1780765534.807,344.336,510442,510514,0,0.000
1780765534.857,344.386,510442,510514,0,0.000
1780765534.908,344.436,510442,510514,0,0.000
1780765534.958,344.487,510442,510514,0,0.000
1780765535.008,344.537,510442,510514,0,0.000
1780765535.059,344.588,510442,510514,0,0.000
1780765535.109,344.638,510442,510514,0,0.000
1780765535.159,344.688,510442,510514,0,0.000
1780765535.210,344.739,510442,510514,0,0.000
1780765535.260,344.789,510442,510514,0,0.000
1780765535.310,344.839,510442,510514,0,0.000
1780765535.361,344.890,510442,510514,0,0.000
1780765535.411,344.940,510442,510514,0,0.000
1780765559.100,368.629,510442,510514,0,0.000
1780765562.477,372.006,510442,510514,0,0.000
1780765571.168,380.697,510442,510514,0,0.230
1780765571.219,380.747,510442,510514,0,0.000
1780765571.269,380.798,510442,510514,0,0.000
1780765571.319,380.848,510442,510514,0,0.000
1780765571.370,380.898,510442,510514,0,0.000
1780765571.420,380.949,510442,510514,0,0.000
1780765571.470,380.999,510442,510514,0,0.000
1780765571.521,381.050,510442,510514,0,0.000
1780765571.571,381.100,510442,510514,0,0.000
1780765571.621,381.150,510442,510514,0,0.000
1780765571.672,381.201,510442,510514,0,0.000
1780765571.722,381.251,510442,510514,0,0.000
1780765571.773,381.301,510442,510514,0,0.000
1780765571.823,381.352,510442,510514,0,0.000
1780765571.873,381.402,510442,510514,0,0.000
1780765571.924,381.452,510442,510514,0,0.000
1780765571.974,381.503,510442,510514,0,0.000
1780765572.024,381.553,510442,510514,0,0.000
1780765572.075,381.604,510442,510514,0,0.000
1780765572.125,381.654,510442,510514,0,0.000
1780765572.175,381.704,510442,510514,0,0.000
1780765572.226,381.755,510442,510514,0,0.000
1780765572.276,381.805,510442,510514,0,0.000
1780765572.327,381.855,510442,510514,0,0.000
1780765572.377,381.906,510442,510514,0,0.000
1780765572.427,381.956,510442,510514,0,0.000
1780765572.478,382.006,510442,510514,0,0.000
1780765572.528,382.057,510442,510514,0,0.000
1780765572.578,382.107,510442,510514,0,0.000
1780765572.629,382.158,510442,510514,0,0.000
1780765572.679,382.208,510442,510514,0,0.000
1780765572.729,382.258,510442,510514,0,0.000
1780765572.780,382.309,510442,510514,0,0.000
1780765572.830,382.359,510442,510514,0,0.000
1780765572.880,382.409,510442,510514,0,0.000
1780765572.931,382.460,510442,510514,0,0.000
1780765572.981,382.510,510442,510514,0,0.000
1780765573.032,382.560,510442,510514,0,0.000
1780765573.082,382.611,510442,510514,0,0.000
1780765573.132,382.661,510442,510514,0,0.000
1780765573.183,382.712,510442,510514,0,0.000
1780765573.233,382.762,510442,510514,0,0.000
1780765573.284,382.812,510442,510514,0,0.000
1780765573.334,382.863,510442,510514,0,0.000
1780765573.384,382.913,510442,510514,0,0.000
1780765573.435,382.964,510442,510514,0,0.000
1780765573.485,383.014,510442,510514,0,0.000
1780765573.535,383.064,510442,510514,0,0.000
1780765573.586,383.115,510442,510514,0,0.000
1780765573.636,383.165,510442,510514,0,0.000
1780765573.687,383.215,510442,510514,0,0.000
1780765573.737,383.266,510442,510514,0,0.000
1780765573.787,383.316,510442,510514,0,0.000
1780765573.838,383.366,510442,510514,0,0.000
1780765573.888,383.417,510442,510514,0,0.000
1780765573.938,383.467,510442,510514,0,0.000
1780765573.989,383.518,510442,510514,0,0.000
1780765574.039,383.568,510442,510514,0,0.000
1780765574.090,383.618,510442,510514,0,0.000
1780765574.140,383.669,510442,510514,0,0.000
1780765574.190,383.719,510442,510514,0,0.000
1780765574.241,383.769,510442,510514,0,0.000
1780765574.291,383.820,510442,510514,0,0.000
1780765574.341,383.870,510442,510514,0,0.000
1780765574.392,383.921,510442,510514,0,0.000
1780765574.442,383.971,510442,510514,0,0.000
1780765574.492,384.021,510442,510514,0,0.000
1780765574.543,384.072,510442,510514,0,0.000
1780765574.593,384.122,510442,510514,0,0.000
1780765574.643,384.172,510442,510514,0,0.000
1780765574.694,384.223,510442,510514,0,0.000
1780765574.744,384.273,510442,510514,0,0.000
1780765574.795,384.323,510442,510514,0,0.000
1780765574.845,384.374,510442,510514,0,0.000
1780765574.895,384.424,510442,510514,0,0.000
1780765574.946,384.474,510442,510514,0,0.000
1780765574.996,384.525,510442,510514,0,0.000
1780765575.046,384.575,510442,510514,0,0.000
1780765600.418,409.947,510442,510514,0,0.000
1780765600.954,410.483,510442,510514,0,0.000
1780765601.005,410.533,510442,510514,0,0.000
1780765601.055,410.584,510442,510514,0,0.000
1780765601.105,410.634,510442,510514,0,0.000
1780765601.156,410.685,510442,510514,0,0.000
1780765601.206,410.735,510442,510514,0,19.853
1780765601.257,410.785,510442,510514,0,0.000
1780765601.307,410.836,510442,510514,0,0.000
1780765601.357,410.886,510442,510514,0,0.000
1780765601.408,410.937,510442,510514,0,0.000
1780765601.458,410.987,510442,510514,0,0.000
1780765601.508,411.037,510442,510514,0,0.000
1780765601.559,411.088,510442,510514,0,0.000
1780765601.609,411.138,510442,510514,0,0.000
1780765601.660,411.188,510442,510514,0,0.000
1780765601.710,411.239,510442,510514,0,0.000
1780765601.760,411.289,510442,510514,0,0.000
1780765601.811,411.339,510442,510514,0,0.000
1780765601.861,411.390,510442,510514,0,0.000
1780765601.911,411.440,510442,510514,0,0.000
1780765601.962,411.490,510442,510514,0,0.000
1780765602.012,411.541,510442,510514,0,0.000
1780765602.062,411.591,510442,510514,0,0.000
1780765602.113,411.642,510442,510514,0,0.000
1780765602.163,411.692,510442,510514,0,0.000
1780765602.213,411.742,510442,510514,0,0.000
1780765602.264,411.793,510442,510514,0,0.000
1780765602.314,411.843,510442,510514,0,0.000
1780765602.365,411.893,510442,510514,0,0.000
1780765602.415,411.944,510442,510514,0,0.000
1780765602.465,411.994,510442,510514,0,0.000
1780765602.516,412.044,510442,510514,0,0.000
1780765602.566,412.095,510442,510514,0,0.000
1780765602.616,412.145,510442,510514,0,0.000
1780765602.667,412.195,510442,510514,0,0.000
1780765602.717,412.246,510442,510514,0,0.000
1780765602.767,412.296,510442,510514,0,0.000
1780765602.818,412.347,510442,510514,0,0.000
1780765602.868,412.397,510442,510514,0,0.000
1780765602.918,412.447,510442,510514,0,0.000
1780765602.969,412.498,510442,510514,0,0.000
1780765603.019,412.548,510442,510514,0,0.000
1780765603.070,412.598,510442,510514,0,0.000
1780765603.120,412.649,510442,510514,0,0.000
1780765603.170,412.699,510442,510514,0,0.000
1780765603.221,412.750,510442,510514,0,0.000
1780765603.271,412.800,510442,510514,0,0.000
1780765603.321,412.850,510442,510514,0,0.000
1780765603.372,412.901,510442,510514,0,0.000
1780765603.422,412.951,510442,510514,0,0.000
1780765603.472,413.001,510442,510514,0,0.000
1780765603.523,413.052,510442,510514,0,0.000
1780765603.573,413.102,510442,510514,0,0.000
1780765603.624,413.152,510442,510514,0,0.000
1780765603.674,413.203,510442,510514,0,0.000
1780765603.724,413.253,510442,510514,0,0.000
1780765603.775,413.303,510442,510514,0,19.862
1780765603.825,413.354,510442,510514,0,0.000
1780765603.875,413.404,510442,510514,0,0.000
1780765603.926,413.455,510442,510514,0,0.000
1780765603.977,413.505,510442,510514,0,0.000
1780765604.027,413.556,510442,510514,0,0.000
1780765604.077,413.606,510442,510514,0,0.000
1780765604.128,413.656,510442,510514,0,0.000
1780765604.178,413.707,510442,510514,0,0.000
1780765604.228,413.757,510442,510514,0,0.000
1780765604.279,413.808,510442,510514,0,0.000
1780765604.329,413.858,510442,510514,0,0.000
1780765604.379,413.908,510442,510514,0,0.000
1780765604.430,413.959,510442,510514,0,0.000
1780765604.480,414.009,510442,510514,0,0.000
1780765604.531,414.059,510442,510514,0,0.000
1780765604.581,414.110,510442,510514,0,0.000
1780765604.631,414.160,510442,510514,0,0.000
1780765604.682,414.210,510442,510514,0,0.000
1780765604.732,414.261,510442,510514,0,0.000
1780765604.782,414.311,510442,510514,0,0.000
1780765604.833,414.362,510442,510514,0,0.000
1780765604.883,414.412,510442,510514,0,0.000
1780765604.933,414.462,510442,510514,0,0.000
1780765604.984,414.513,510442,510514,0,0.000
1780765605.034,414.563,510442,510514,0,0.000
1780765605.085,414.613,510442,510514,0,0.000
1780765605.135,414.664,510442,510514,0,0.000
1780765605.185,414.714,510442,510514,0,0.000
1780765605.236,414.765,510442,510514,0,0.000
1780765605.286,414.815,510442,510514,0,0.000
1780765605.336,414.865,510442,510514,0,0.000
1780765605.387,414.916,510442,510514,0,0.000
1780765605.437,414.966,510442,510514,0,0.000
1780765605.487,415.016,510442,510514,0,0.000
1780765605.538,415.067,510442,510514,0,0.000
1780765605.588,415.117,510442,510514,0,0.000
1780765605.639,415.167,510442,510514,0,0.000
1780765605.689,415.218,510442,510514,0,0.000
1780765605.739,415.268,510442,510514,0,0.000
1780765605.790,415.318,510442,510514,0,0.000
1780765605.840,415.369,510442,510514,0,0.000
1780765605.890,415.419,510442,510514,0,0.000
1780765605.941,415.470,510442,510514,0,0.000
1780765607.122,416.651,510442,510514,0,0.000
1780765607.172,416.701,510442,510514,0,0.000
1780765607.223,416.751,510442,510514,0,0.000
1780765607.273,416.802,510442,510514,0,0.000
1780765607.323,416.852,510442,510514,0,0.000
1780765607.374,416.903,510442,510514,0,0.000
1780765607.424,416.953,510442,510514,0,0.000
1780765607.474,417.003,510442,510514,0,0.000
1780765607.525,417.054,510442,510514,0,0.000
1780765607.575,417.104,510442,510514,0,0.000
1780765607.625,417.154,510442,510514,0,0.000
1780765607.676,417.205,510442,510514,0,0.000
1780765607.726,417.255,510442,510514,0,0.000
1780765607.777,417.305,510442,510514,0,0.000
1780765607.827,417.356,510442,510514,0,0.000
1780765607.877,417.406,510442,510514,0,0.000
1780765607.928,417.456,510442,510514,0,0.000
1780765607.978,417.507,510442,510514,0,0.000
1780765608.028,417.557,510442,510514,0,0.000
1780765608.079,417.608,510442,510514,0,0.000
1780765608.129,417.658,510442,510514,0,0.000
1780765608.180,417.708,510442,510514,0,0.000
1780765608.230,417.759,510442,510514,0,0.000
1780765629.153,438.682,510442,510514,0,0.000
1780765629.203,438.732,510442,510514,0,0.000
1780765629.254,438.783,510442,510514,0,0.000
1780765629.304,438.833,510442,510514,0,0.000
1780765629.355,438.883,510442,510514,0,0.000
1780765629.405,438.934,510442,510514,0,0.000
1780765629.455,438.984,510442,510514,0,0.000
1780765629.506,439.034,510442,510514,0,0.000
1780765629.556,439.085,510442,510514,0,0.000
1780765629.606,439.135,510442,510514,0,0.000
1780765629.657,439.185,510442,510514,0,0.000
1780765629.707,439.236,510442,510514,0,0.000
1780765629.757,439.286,510442,510514,0,0.000
1780765629.808,439.337,510442,510514,0,0.000
1780765629.858,439.387,510442,510514,0,0.000
1780765629.908,439.437,510442,510514,0,0.000
1780765629.959,439.488,510442,510514,0,0.000
1780765630.009,439.538,510442,510514,0,0.000
1780765630.060,439.588,510442,510514,0,0.000
1780765630.110,439.639,510442,510514,0,0.000
1780765630.160,439.689,510442,510514,0,0.000
1780765630.211,439.739,510442,510514,0,0.000
1780765630.261,439.790,510442,510514,0,0.000
1780765630.311,439.840,510442,510514,0,0.000
1780765630.362,439.890,510442,510514,0,0.000
1780765630.412,439.941,510442,510514,0,0.000
1780765630.462,439.991,510442,510514,0,0.000
1780765630.513,440.042,510442,510514,0,0.000
1780765630.563,440.092,510442,510514,0,0.000
1780765630.613,440.142,510442,510514,0,0.000
1780765630.664,440.193,510442,510514,0,0.000
1780765630.714,440.243,510442,510514,0,0.000
1780765630.764,440.293,510442,510514,0,0.000
1780765630.815,440.344,510442,510514,0,0.000
1780765630.865,440.394,510442,510514,0,0.000
1780765630.916,440.444,510442,510514,0,0.000
1780765630.966,440.495,510442,510514,0,0.000
1780765631.016,440.545,510442,510514,0,0.000
1780765631.067,440.595,510442,510514,0,0.000
1780765631.117,440.646,510442,510514,0,0.000
1780765631.167,440.696,510442,510514,0,0.000
1780765631.218,440.747,510442,510514,0,0.000
1780765631.268,440.797,510442,510514,0,0.000
1780765631.318,440.847,510442,510514,0,0.000
1780765631.369,440.898,510442,510514,0,0.000
1780765631.419,440.948,510442,510514,0,0.000
1780765633.687,443.216,510442,510514,0,0.000
1780765633.738,443.267,510442,510514,0,0.000
1780765633.788,443.317,510442,510514,0,0.000
1780765633.838,443.367,510442,510514,0,0.000
1780765633.889,443.418,510442,510514,0,0.000
1780765633.939,443.468,510442,510514,0,0.000
1780765633.990,443.518,510442,510514,0,0.000
1780765634.040,443.569,510442,510514,0,0.000
1780765634.090,443.619,510442,510514,0,0.000
1780765634.141,443.670,510442,510514,0,0.000
1780765634.191,443.720,510442,510514,0,0.000
1780765634.241,443.770,510442,510514,0,0.000
1780765634.292,443.821,510442,510514,0,0.000
1780765634.342,443.871,510442,510514,0,0.000
1780765634.392,443.921,510442,510514,0,0.000
1780765634.443,443.972,510442,510514,0,0.000
1780765634.493,444.022,510442,510514,0,0.000
1780765634.544,444.072,510442,510514,0,0.000
1780765634.594,444.123,510442,510514,0,0.000
1780765634.644,444.173,510442,510514,0,0.000
1780765634.695,444.223,510442,510514,0,0.000
1780765634.745,444.274,510442,510514,0,0.000
1780765634.795,444.324,510442,510514,0,0.000
1780765634.846,444.374,510442,510514,0,0.000
1780765634.896,444.425,510442,510514,0,0.000
1780765634.946,444.475,510442,510514,0,0.000
1780765634.997,444.526,510442,510514,0,0.000
1780765635.047,444.576,510442,510514,0,0.000
1780765635.098,444.626,510442,510514,0,0.000
1780765635.148,444.677,510442,510514,0,0.000
1780765635.198,444.727,510442,510514,0,0.000
1780765635.249,444.777,510442,510514,0,0.000
1780765635.299,444.828,510442,510514,0,0.000
1780765635.349,444.878,510442,510514,0,0.000
1780765635.400,444.928,510442,510514,0,0.000
1780765635.450,444.979,510442,510514,0,0.000
1780765635.500,445.029,510442,510514,0,0.000
1780765635.551,445.080,510442,510514,0,0.000
1780765635.601,445.130,510442,510514,0,0.000
1780765635.651,445.180,510442,510514,0,0.000
1780765635.702,445.231,510442,510514,0,0.000
1780765635.752,445.281,510442,510514,0,0.000
1780765635.802,445.331,510442,510514,0,0.000
1780765635.853,445.382,510442,510514,0,0.000
1780765635.903,445.432,510442,510514,0,0.000
1780765635.954,445.482,510442,510514,0,0.000
1780765636.004,445.533,510442,510514,0,0.000
1780765636.054,445.583,510442,510514,0,0.000
1780765636.105,445.634,510442,510514,0,0.000
1780765636.155,445.684,510442,510514,0,0.000
1780765636.205,445.734,510442,510514,0,0.000
1780765636.256,445.785,510442,510514,0,0.000
1780765636.306,445.835,510442,510514,0,0.000
1780765636.356,445.885,510442,510514,0,0.000
1780765636.407,445.936,510442,510514,0,0.000
1780765636.457,445.986,510442,510514,0,0.000
1780765636.508,446.036,510442,510514,0,19.854
1780765636.558,446.087,510442,510514,0,0.000
1780765636.609,446.137,510442,510514,0,0.000
1780765636.659,446.188,510442,510514,0,0.000
1780765636.709,446.238,510442,510514,0,0.000
1780765636.760,446.289,510442,510514,0,0.000
1780765636.810,446.339,510442,510514,0,0.000
1780765636.861,446.389,510442,510514,0,0.000
1780765636.911,446.440,510442,510514,0,0.000
1780765636.961,446.490,510442,510514,0,0.000
1780765637.012,446.540,510442,510514,0,0.000
1780765637.062,446.591,510442,510514,0,0.000
1780765637.112,446.641,510442,510514,0,0.000
1780765637.163,446.692,510442,510514,0,0.000
1780765637.213,446.742,510442,510514,0,0.000
1780765637.263,446.792,510442,510514,0,0.000
1780765637.314,446.843,510442,510514,0,0.000
1780765637.364,446.893,510442,510514,0,0.000
1780765637.415,446.943,510442,510514,0,0.000
1780765637.465,446.994,510442,510514,0,0.000
1780765637.515,447.044,510442,510514,0,0.000
1780765637.566,447.094,510442,510514,0,0.000
1780765637.616,447.145,510442,510514,0,0.000
1780765637.666,447.195,510442,510514,0,0.000
1780765637.717,447.245,510442,510514,0,0.000
1780765637.767,447.296,510442,510514,0,0.000
1780765637.817,447.346,510442,510514,0,0.000
1780765637.868,447.397,510442,510514,0,0.000
1780765637.918,447.447,510442,510514,0,0.000
1780765637.968,447.497,510442,510514,0,0.000
1780765638.019,447.548,510442,510514,0,0.000
1780765638.069,447.598,510442,510514,0,0.000
1780765638.120,447.648,510442,510514,0,0.000
1780765638.170,447.699,510442,510514,0,0.000
1780765638.220,447.749,510442,510514,0,0.000
1780765638.271,447.799,510442,510514,0,0.000
1780765638.321,447.850,510442,510514,0,0.000
1780765638.371,447.900,510442,510514,0,0.000
1780765638.422,447.951,510442,510514,0,0.000
1780765638.472,448.001,510442,510514,0,0.000
1780765638.522,448.051,510442,510514,0,0.000
1780765638.573,448.102,510442,510514,0,0.000
1780765638.623,448.152,510442,510514,0,0.000
1780765638.673,448.202,510442,510514,0,0.000
1780765649.638,459.167,510442,510514,0,0.000
1780765649.689,459.218,510442,510514,0,0.000
1780765649.739,459.268,510442,510514,0,0.000
1780765649.790,459.318,510442,510514,0,0.000
1780765649.840,459.369,510442,510514,0,0.000
1780765649.890,459.419,510442,510514,0,0.000
1780765649.941,459.470,510442,510514,0,0.000
1780765649.991,459.520,510442,510514,0,0.000
1780765650.042,459.570,510442,510514,0,0.000
1780765650.092,459.621,510442,510514,0,0.000
1780765650.142,459.671,510442,510514,0,0.000
1780765650.193,459.721,510442,510514,0,0.000
1780765650.243,459.772,510442,510514,0,0.000
1780765650.293,459.822,510442,510514,0,0.000
1780765650.344,459.873,510442,510514,0,0.000
1780765650.394,459.923,510442,510514,0,0.000
1780765650.444,459.973,510442,510514,0,0.000
1780765650.495,460.024,510442,510514,0,0.000
1780765650.545,460.074,510442,510514,0,0.000
1780765650.595,460.124,510442,510514,0,0.000
1780765650.646,460.175,510442,510514,0,0.000
1780765650.696,460.225,510442,510514,0,0.000
1780765650.747,460.275,510442,510514,0,0.000
1780765650.797,460.326,510442,510514,0,0.000
1780765650.847,460.376,510442,510514,0,0.000
1780765650.898,460.426,510442,510514,0,0.000
1780765650.948,460.477,510442,510514,0,0.000
1780765650.998,460.527,510442,510514,0,0.000
1780765651.049,460.578,510442,510514,0,0.000
1780765651.099,460.628,510442,510514,0,0.000
1780765651.149,460.678,510442,510514,0,0.000
1780765651.200,460.729,510442,510514,0,0.000
1780765651.250,460.779,510442,510514,0,0.000
1780765651.300,460.829,510442,510514,0,39.724
1780765651.351,460.880,510442,510514,0,0.000
1780765651.401,460.930,510442,510514,0,0.000
1780765651.452,460.981,510442,510514,0,0.000
1780765651.502,461.031,510442,510514,0,0.000
1780765651.553,461.081,510442,510514,0,0.000
1780765651.603,461.132,510442,510514,0,0.000
1780765651.653,461.182,510442,510514,0,0.000
1780765651.704,461.233,510442,510514,0,0.000
1780765651.754,461.283,510442,510514,0,0.000
1780765651.804,461.333,510442,510514,0,0.000
1780765651.855,461.384,510442,510514,0,0.000
1780765651.905,461.434,510442,510514,0,0.000
1780765651.956,461.484,510442,510514,0,0.000
1780765652.006,461.535,510442,510514,0,0.000
1780765652.056,461.585,510442,510514,0,0.000
1780765652.107,461.635,510442,510514,0,0.000
1780765652.157,461.686,510442,510514,0,0.000
1780765652.207,461.736,510442,510514,0,0.000
1780765652.258,461.787,510442,510514,0,0.000
1780765652.308,461.837,510442,510514,0,0.000
1780765652.358,461.887,510442,510514,0,0.000
1780765652.409,461.938,510442,510514,0,0.000
1780765652.459,461.988,510442,510514,0,0.000
1780765652.510,462.038,510442,510514,0,0.000
1780765652.560,462.089,510442,510514,0,0.000
1780765652.610,462.139,510442,510514,0,0.000
1780765652.661,462.190,510442,510514,0,0.000
1780765652.711,462.240,510442,510514,0,0.000
1780765652.761,462.290,510442,510514,0,0.000
1780765652.812,462.341,510442,510514,0,0.000
1780765652.862,462.391,510442,510514,0,0.000
1780765652.912,462.441,510442,510514,0,0.000
1780765652.963,462.492,510442,510514,0,0.000
1780765653.013,462.542,510442,510514,0,0.000
1780765653.064,462.592,510442,510514,0,0.000
1780765653.114,462.643,510442,510514,0,0.000
1780765653.164,462.693,510442,510514,0,0.000
1780765653.215,462.743,510442,510514,0,0.000
1780765653.265,462.794,510442,510514,0,0.000
1780765653.315,462.844,510442,510514,0,0.000
1780765653.366,462.895,510442,510514,0,0.000
1780765653.416,462.945,510442,510514,0,0.000
1780765653.466,462.995,510442,510514,0,0.000
1780765653.517,463.046,510442,510514,0,0.000
1780765653.567,463.096,510442,510514,0,0.000
1780765653.618,463.146,510442,510514,0,0.000
1780765653.668,463.197,510442,510514,0,0.000
1780765653.718,463.247,510442,510514,0,0.000
1780765653.769,463.297,510442,510514,0,0.000
1780765653.819,463.348,510442,510514,0,0.000
1780765653.869,463.398,510442,510514,0,0.000
1780765653.920,463.449,510442,510514,0,0.000
1780765653.970,463.499,510442,510514,0,0.000
1780765654.020,463.549,510442,510514,0,0.000
1780765654.071,463.600,510442,510514,0,0.000
1780765654.121,463.650,510442,510514,0,0.000
1780765654.172,463.700,510442,510514,0,0.000
1780765654.222,463.751,510442,510514,0,0.000
1780765654.272,463.801,510442,510514,0,0.000
1780765654.323,463.852,510442,510514,0,0.000
1780765654.373,463.902,510442,510514,0,0.000
1780765654.423,463.952,510442,510514,0,0.000
1780765654.474,464.003,510442,510514,0,0.000
1780765654.524,464.053,510442,510514,0,0.000
1780765654.575,464.103,510442,510514,0,0.000
1780765654.625,464.154,510442,510514,0,0.000
1780765679.846,489.374,510442,510514,0,0.000
1780765682.319,491.848,510442,510514,0,0.000
1780765682.396,491.924,510442,510514,0,0.000
1780765682.446,491.975,510442,510514,0,0.000
1780765682.496,492.025,510442,510514,0,0.000
1780765682.547,492.076,510442,510514,0,0.000
1780765682.597,492.126,510442,510514,0,0.000
1780765682.647,492.176,510442,510514,0,0.000
1780765682.698,492.227,510442,510514,0,0.000
1780765682.748,492.277,510442,510514,0,0.000
1780765682.799,492.327,510442,510514,0,0.000
1780765682.849,492.378,510442,510514,0,0.000
1780765682.899,492.428,510442,510514,0,0.000
1780765682.950,492.478,510442,510514,0,0.000
1780765683.000,492.529,510442,510514,0,0.000
1780765683.050,492.579,510442,510514,0,0.000
1780765683.101,492.630,510442,510514,0,0.000
1780765683.151,492.680,510442,510514,0,0.000
1780765683.201,492.730,510442,510514,0,0.000
1780765683.252,492.781,510442,510514,0,0.000
1780765683.302,492.831,510442,510514,0,0.000
1780765683.353,492.881,510442,510514,0,0.000
1780765683.403,492.932,510442,510514,0,0.000
1780765683.453,492.982,510442,510514,0,0.000
1780765683.504,493.032,510442,510514,0,0.000
1780765683.554,493.083,510442,510514,0,0.000
1780765683.604,493.133,510442,510514,0,0.000
1780765683.655,493.183,510442,510514,0,0.000
1780765683.705,493.234,510442,510514,0,0.000
1780765683.755,493.284,510442,510514,0,0.000
1780765683.806,493.335,510442,510514,0,0.000
1780765683.856,493.385,510442,510514,0,0.000
1780765683.906,493.435,510442,510514,0,0.000
1780765683.957,493.486,510442,510514,0,0.000
